crash_year,crash_date,day_of_week,crash_hour,time_of_crash,crash_severity,crash_injury_severity,total_injured,total_fatals,a_injuries,b_injuries,c_injuries,no_injuries,type_of_first_crash,collision_type_code,pedestrian_involved,pedalcyclist_involved,cause1,cause2,lighting_cond,weather_cond,road_surface_cond,intersection_related,is_intersection,highway_or_street_name,at_intersection_with,address_no,traffic_control_device,traffic_control_device_cond,hit_and_run,number_of_vehicles,latitude,longitude,location_status,access_control,agency_code,agency_report_number,agency_report_year,alignment_code,cause1_code,cause2_code,city_class,city_class_code,city_code,city_name,city_township_flag,class_of_trafficway,class_of_trafficway_code,county_code,crash_day,crash_id,crash_month,crash_report_county,crash_severity_cd,crash_yr_source,damaged_property1,damaged_property2,day_of_week_code,did_crash_occur_in_work_zone,did_involve_secondary_crash,flow_condition,icn,investigating_agency_descrip,light_condition_code,mile_station,nhs,non_intersection_direction,non_intersection_distance,non_intersection_units,number_of_lanes,objectid,railroad_crossing_number,road_alignment,road_defects,road_defects_code,road_surface_condition_code,roadway_functional_class,roadway_functional_class_code,route_number,sfe,toll,township,traffic_control_device_code,traffic_control_device_cond_code,trafficway_descrip,trafficway_description_code,ts_crash_coordinate_x,ts_crash_coordinate_y,ts_crash_latitude,ts_crash_longitude,type_report,urban_rural,weather_code,were_workers_present,work_zone,work_zone_related,work_zone_type
2019,2019-01-01,Tuesday,10,10:00 AM,Property Damage,No Injuries,0,0,0,0,0,2,Front to Rear,11,N,N,Following Too Closely,Failing to Reduce Speed to Avoid Crash,Daylight,Clear,Dry,N,,,,,Lane Use Marking,Functioning Properly,N,2,41.8734672,-87.8041011,ok,Partial Access Control,3,03-19-00043,2019,2,3,28,50000 and OVER,9,4295,Oak Park,C,Urban InterState (PAS),0,16,1,10246959,1,Cook,0,19,,,2,N,(UNK),(UNK),201901010157,ISP,1,21.6,Y,,,,1,124,(N/A),Straight On Grade,No Defects,1,1,InterState (PAS),1,9290,X001407822,Not Toll,73,12,4,Divided With Median Barrier,3,2940029.48931061,1905272.08073185,41.873459317380906,-87.8041,,Urban,1,N,(N/A),Y,(N/A)
2019,2019-01-03,Thursday,10,10:00 AM,Property Damage,No Injuries,0,0,0,0,0,3,Turning,10,N,N,Distraction - From Inside Vehicle,(N/A),Daylight,Other,Ice,Y,,,,,Stop Sign,Functioning Properly,N,3,41.9089244,-87.8002631,ok,(UNK),1,JC102808,2019,1,41,99,50000 and OVER,9,4295,Oak Park,C,Urban Other Principal Arte,0,16,3,10252049,1,Cook,0,19,,,4,N,(UNK),(UNK),201901012314,City,1,129.46,Y,,,,5,1200,(N/A),Straight and Level,No Defects,1,4,Other Principal Arterial (PAS),3,5064,X001411905,Not Toll,73,2,4,Divided With Median Barrier,3,2940718.29413991,1918222.156088,41.90891650460346,-87.8003,,Urban,7,N,(N/A),Y,(N/A)
2019,2019-01-01,Tuesday,12,12:02 PM,Property Damage,No Injuries,0,0,0,0,0,4,Front to Rear,11,N,N,Failing to Reduce Speed to Avoid Crash,(N/A),Daylight,Cloudy/Overcast,Dry,N,,,,,No Controls,No Controls,N,3,41.8887984,-87.7945197,ok,(N/A),1,2019,,1,28,99,50000 and OVER,9,4295,Oak Park,C,Urban Major Collector,0,16,1,10250145,1,Cook,C,19,0,,2,X001410742,(UNK),(UNK),201901011494,Major,1,5.52,N,,,,2,1296,(N/A),Straight and Level,No Defects,1,1,No Median Barrier,5,2775,1900004,Urban,73,1,1,Divided,2,2942484.64027503,1910931.06410307,41.88879051218721,-87.7945,,(UNK),8,(N/A),N,Y,N
2019,2019-01-02,Wednesday,09,09:06 AM,Property Damage,No Injuries,0,0,0,0,0,3,Front to Rear,11,N,N,Following Too Closely,(N/A),Daylight,Snow,Wet,Y,,,,,No Controls,No Controls,N,2,41.9090335,-87.7926432,ok,(N/A),1,2019,,1,3,99,50000 and OVER,9,4295,Oak Park,C,Urban Other Principal Arte,6,16,2,10250149,1,Cook,C,19,0,,3,X001410745,(UNK),(UNK),201901011497,Other,1,129.85,Y,,,,4,1297,(N/A),Straight and Level,No Defects,1,2,No Median Barrier,3,5064,1900017,Urban,73,1,1,Divided,2,2942791.44012026,1918319.27105272,41.90902562847064,-87.7926,,(UNK),3,(N/A),N,Y,N
2019,2019-01-02,Wednesday,18,06:16 PM,Property Damage,No Injuries,0,0,0,0,0,2,Parked Motor Vehicle,9,N,N,Unable to Determine,Unable to Determine,Darkness / Lighted Road,Cloudy/Overcast,Dry,N,,,,,No Controls,No Controls,Y,2,41.8798032,-87.7881185,ok,(UNK),1,1900033,2019,1,18,18,50000 and OVER,9,4295,Oak Park,C,Urban Minor Arterial,8,16,2,10250152,1,Cook,0,19,,,3,N,(UNK),(UNK),201901011499,City,5,0,N,,,,(UNK),1298,(N/A),Straight and Level,No Defects,1,1,Minor Arterial,4,,X001410748,Not Toll,73,1,1,Parking Lot,7,2944318.6031539,1907701.33250108,41.87979534162885,-87.7881,,Urban,8,N,(N/A),Y,(N/A)
2019,2019-01-03,Thursday,10,10:00 AM,Property Damage,No Injuries,0,0,0,0,0,2,Sideswipe Same Direction,12,N,N,Failing to Yield Right of Way,Improper Lane Usage,Daylight,Clear,Dry,N,,,,,No Controls,No Controls,N,2,41.8668502,-87.8042745,ok,(UNK),1,1900038,2019,1,2,20,50000 and OVER,9,4295,Oak Park,C,Urban Other Principal Arte,6,16,3,10250153,1,Cook,0,19,,,4,N,(UNK),(UNK),201901011501,City,1,25.14,Y,,,,4,1299,(N/A),Straight and Level,No Defects,1,1,Other Principal Arterial (PAS),3,5043,X001410749,Not Toll,73,1,1,Not Divided,1,2940048.6559528,1902859.43929245,41.86684234465895,-87.8043,,Urban,1,N,(N/A),Y,(N/A)
2019,2019-01-03,Thursday,17,05:04 PM,Property Damage,No Injuries,0,0,0,0,0,2,Front to Rear,11,N,N,Following Too Closely,Failing to Reduce Speed to Avoid Crash,Darkness / Lighted Road,Clear,Dry,N,,,,,Lane Use Marking,Functioning Properly,N,2,41.87189,-87.7835417,ok,Partial Access Control,3,03-19-00128,2019,1,3,28,50000 and OVER,9,4295,Oak Park,C,Urban InterState (PAS),5,16,3,10249738,1,Cook,0,19,,,4,N,(UNK),(UNK),201901011293,ISP,5,22.62,Y,,,,6,1312,(N/A),Straight and Level,No Defects,1,1,InterState (PAS),1,9290,X001410406,Not Toll,73,12,4,Divided With Median Barrier,3,2945645.16952156,1904852.23455219,41.8718822000877,-87.7835,,Urban,1,N,(N/A),Y,(N/A)
2019,2019-01-03,Thursday,09,09:14 AM,Property Damage,No Injuries,0,0,0,0,0,2,Turning,10,N,N,Disregarding Traffic Signals,(N/A),Daylight,Clear,Dry,Y,,,,,Traffic Signal,Functioning Properly,N,2,41.8761172,-87.7941118,ok,(UNK),1,1900037,2019,1,25,99,50000 and OVER,9,4295,Oak Park,C,Urban Major Collector,8,16,3,10250154,1,Cook,0,19,,,4,N,(UNK),(UNK),201901011502,City,1,0,N,,,,2,1313,(N/A),Straight and Level,No Defects,1,1,Major Collector,5,,X001410750,Not Toll,73,3,4,Not Divided,1,2942723.53738791,1906312.9029614,41.87610939413013,-87.7941,,Urban,1,N,(N/A),Y,(N/A)
2019,2019-01-03,Thursday,14,02:27 PM,Property Damage,No Injuries,0,0,0,0,0,2,Sideswipe Same Direction,12,N,N,Unable to Determine,Unable to Determine,Daylight,Clear,Dry,Y,,,,,No Controls,No Controls,N,2,41.8687199,-87.8043355,ok,(N/A),1,2019,,1,18,18,50000 and OVER,9,4295,Oak Park,C,Urban Other Principal Arte,6,16,3,10250155,1,Cook,C,19,0,,4,X001410751,(UNK),(UNK),201901011503,Other,1,25.26,Y,,,,4,1314,(N/A),Straight and Level,No Defects,1,1,No Median Barrier,3,5043,1900043,Urban,73,1,1,Divided,2,2940013.26867457,1903540.34122857,41.86871206808898,-87.8043,,(UNK),1,(N/A),N,Y,N
2019,2019-01-03,Thursday,18,06:51 PM,Property Damage,No Injuries,0,0,0,0,0,2,Sideswipe Same Direction,12,N,N,Unable to Determine,Unable to Determine,Darkness / Lighted Road,Rain,Wet,N,,,,,Traffic Signal,Functioning Properly,Y,2,41.8722932,-87.7743723,ok,(UNK),1,1900050,2019,1,18,18,50000 and OVER,9,4295,Oak Park,C,Urban Minor Arterial,0,16,3,10251820,1,Cook,0,19,,,4,N,(UNK),(UNK),201901012147,City,5,8.28,N,,,,4,1418,(N/A),Straight and Level,No Defects,1,2,Minor Arterial,4,2790,X001411684,Not Toll,,3,4,Not Divided,1,2948138.56170079,1905068.65726671,41.87228534328865,-87.7744,,Urban,2,N,(N/A),Y,(N/A)
2019,2019-01-03,Thursday,19,07:24 PM,Injury,B Injury Crash,1,0,0,1,0,1,Front to Rear,11,N,N,Failing to Reduce Speed to Avoid Crash,Following Too Closely,Darkness / Lighted Road,Clear,Dry,N,,,,,Traffic Signal,Functioning Properly,N,2,41.9017061,-87.794943,ok,(N/A),1,2019,,1,28,3,50000 and OVER,9,4295,Oak Park,C,Urban Major Collector,0,16,3,10251822,1,Cook,C,19,2,,4,X001411686,(UNK),(UNK),201901012149,Major,5,1.54,N,,,,3,1440,(N/A),Straight and Level,No Defects,1,1,No Median Barrier,5,1394,1900051,Urban,73,3,4,Divided,2,2942239.27895965,1915631.69188065,41.90169822045858,-87.7949,,(UNK),1,(N/A),N,Y,N
2019,2019-01-06,Sunday,05,05:25 AM,Property Damage,No Injuries,0,0,0,0,0,2,Front to Rear,11,N,N,Following Too Closely,Failing to Reduce Speed to Avoid Crash,Darkness / Lighted Road,Clear,Dry,N,,,,,Lane Use Marking,Functioning Properly,N,2,41.8723644,-87.789087,ok,Partial Access Control,3,03-19-00250,2019,1,3,28,50000 and OVER,9,4295,Oak Park,C,Urban Minor Collector,0,16,6,10254249,1,Cook,0,19,,,7,N,(UNK),(UNK),201901013555,ISP,5,22.33,N,,,,8,2095,(N/A),Straight and Level,No Defects,1,1,Minor Collector,6,9290,X001413467,Not Toll,73,12,4,Divided With Median Barrier,3,2944129.96979414,1904983.2075927,41.87235660277243,-87.7891,,Urban,1,N,(N/A),Y,(N/A)
2019,2019-01-07,Monday,07,07:50 AM,Property Damage,No Injuries,0,0,0,0,0,2,Front to Rear,11,N,N,Following Too Closely,Exceeding Safe Speed For Conditions,Daylight,Rain,Wet,Y,,,,,Lane Use Marking,Functioning Properly,N,2,41.8737732,-87.8045293,ok,Partial Access Control,3,03-19-00279,2019,1,3,27,50000 and OVER,9,4295,Oak Park,C,Urban InterState (PAS),0,16,7,10254250,1,Cook,0,19,,,1,N,(UNK),(UNK),201901013556,ISP,1,21.58,Y,,,,8,2096,(N/A),Straight and Level,No Defects,1,2,InterState (PAS),1,9290,X001413468,Not Toll,73,12,4,Divided With Median Barrier,3,2939909.80234743,1905380.38603056,41.87376533036287,-87.8045,,Urban,2,N,(N/A),Y,(N/A)
2019,2019-01-08,Tuesday,07,07:20 AM,Property Damage,No Injuries,0,0,0,0,0,2,Front to Rear,11,N,N,Failing to Reduce Speed to Avoid Crash,Following Too Closely,Daylight,Clear,Dry,N,,,,,Lane Use Marking,Functioning Properly,Y,2,41.8735994,-87.8038246,ok,Partial Access Control,3,03-19-00323,2019,1,28,3,50000 and OVER,9,4295,Oak Park,C,Urban InterState (PAS),8,16,8,10255524,1,Cook,0,19,,,2,N,(UNK),(UNK),201901014304,ISP,1,0,Y,,,,1,2827,(N/A),Straight and Level,No Defects,1,1,InterState (PAS),1,,X001414390,Not Toll,73,12,4,Ramp,11,2940103.459869,1905322.35680449,41.87359158946505,-87.8038,,Urban,1,N,(N/A),Y,(N/A)
2019,2019-01-08,Tuesday,15,03:10 PM,Property Damage,No Injuries,0,0,0,0,0,4,Front to Rear,11,N,N,Following Too Closely,(N/A),Daylight,Clear,Dry,N,,,,,No Controls,No Controls,N,2,41.8885193,-87.7909327,ok,(N/A),1,2019,,1,3,99,50000 and OVER,9,4295,Oak Park,C,Urban Major Collector,8,16,8,10256367,1,Cook,C,19,0,,2,X001415139,(UNK),(UNK),201901014909,Major,1,0,N,,,,(UNK),3640,(N/A),Straight and Level,No Defects,1,1,No Median Barrier,5,,JC109424,Urban,73,1,1,Divided,2,2943464.19951983,1910856.41313941,41.888511471989624,-87.7909,,(UNK),1,(N/A),N,Y,N
2019,2019-01-09,Wednesday,07,07:37 AM,Property Damage,No Injuries,0,0,0,0,0,2,Turning,10,N,N,Improper Turning/No Signal,Failing to Yield Right of Way,Daylight,Cloudy/Overcast,Dry,Y,,,,,Traffic Signal,Functioning Properly,N,2,41.8728132,-87.7744231,ok,(UNK),1,1900158,2019,1,6,2,50000 and OVER,9,4295,Oak Park,C,Urban Minor Arterial,8,16,9,10258320,1,Cook,0,19,,,3,N,(UNK),(UNK),201901016510,City,1,0,N,,,,5,3956,(N/A),Straight and Level,No Defects,1,1,Minor Arterial,4,,X001416963,Not Toll,73,3,4,Not Divided,1,2948119.43843228,1905257.77783789,41.87280536756017,-87.7744,,Urban,8,N,(N/A),Y,(N/A)
2019,2019-01-09,Wednesday,09,09:17 AM,Property Damage,No Injuries,0,0,0,0,0,3,Angle,15,N,N,Disregarding Traffic Signals,(N/A),Daylight,Cloudy/Overcast,Dry,Y,,,,,Traffic Signal,Functioning Properly,N,2,41.898243,-87.7850066,ok,(UNK),1,1900163,2019,1,25,99,50000 and OVER,9,4295,Oak Park,C,Urban Major Collector,8,16,9,10258322,1,Cook,0,19,,,3,N,(UNK),(UNK),201901016512,City,1,0,N,,,,2,3957,(N/A),Straight and Level,No Defects,1,1,Major Collector,5,,X001416965,Not Toll,73,3,4,Not Divided,1,2944979.49654368,1914444.66608029,41.8982351488744,-87.785,,Urban,8,N,(N/A),Y,(N/A)
2019,2019-01-08,Tuesday,08,08:05 AM,Property Damage,No Injuries,0,0,0,0,0,2,Front to Rear,11,N,N,Distraction - From Inside Vehicle,Failing to Reduce Speed to Avoid Crash,Daylight,Clear,Dry,N,,,,,Lane Use Marking,Functioning Properly,N,2,41.8716232,-87.7805502,ok,Partial Access Control,3,03-19-00326,2019,1,41,28,50000 and OVER,9,4295,Oak Park,C,Urban InterState (PAS),5,16,8,10256480,1,Cook,0,19,,,2,N,(UNK),(UNK),201901015001,ISP,1,22.77,Y,,,,3,3961,(N/A),Straight and Level,No Defects,1,1,InterState (PAS),1,9290,X001415243,Not Toll,73,12,4,Divided With Median Barrier,3,2946462.67331315,1904777.62148694,41.8716153059843,-87.7805,,Urban,1,N,(N/A),Y,(N/A)
2019,2019-01-09,Wednesday,11,11:26 AM,Property Damage,No Injuries,0,0,0,0,0,4,Angle,15,N,N,Failing to Yield Right of Way,Disregarding Stop Sign,Daylight,Clear,Dry,Y,,,,,Stop Sign,Functioning Properly,Y,2,41.8982031,-87.7882623,ok,(UNK),1,1900166,2019,1,2,23,50000 and OVER,9,4295,Oak Park,C,Urban Local Road or Street,8,16,9,10258323,1,Cook,0,19,,,3,N,(UNK),(UNK),201901016513,City,1,0,N,,,,(UNK),3990,(N/A),Straight and Level,No Defects,1,1,Local Road or Street,7,,X001416966,Not Toll,73,2,4,Not Divided,1,2944093.49370792,1914405.5341096,41.898195281607,-87.7883,,Urban,1,N,(N/A),Y,(N/A)
2019,2019-01-09,Wednesday,17,05:49 PM,Property Damage,No Injuries,0,0,0,0,0,3,Sideswipe Same Direction,12,N,N,Failing to Yield Right of Way,Improper Lane Usage,Darkness / Lighted Road,Clear,Dry,N,,,,,No Controls,No Controls,N,2,41.9088926,-87.7938168,ok,(N/A),1,2019,,1,2,20,50000 and OVER,9,4295,Oak Park,C,Urban Local Road or Street,0,16,9,10258325,1,Cook,C,19,0,,3,X001416968,(UNK),(UNK),201901016515,Local,5,0.01,N,,,,4,3991,(N/A),Straight and Level,No Defects,1,1,No Median Barrier,7,2673,1900179,Urban,73,1,1,Divided,2,2942473.38639543,1918259.0933002,41.90888476625775,-87.7938,,(UNK),1,(N/A),N,Y,N
2019,2019-01-08,Tuesday,09,09:13 AM,Property Damage,No Injuries,0,0,0,0,0,1,Parked Motor Vehicle,9,N,N,Unable to Determine,Unable to Determine,Daylight,Clear,Dry,N,,,,,No Controls,No Controls,N,2,41.8800811,-87.7806474,ok,(N/A),1,2019,,1,18,18,50000 and OVER,9,4295,Oak Park,C,Urban Minor Arterial,8,16,8,10258326,1,Cook,C,19,0,,2,X001416969,(UNK),(UNK),201901016516,Minor,1,0,N,,,,4,3992,(N/A),Straight and Level,No Defects,1,1,No Median Barrier,4,,1900133,Urban,73,1,1,Divided,2,2946350.46471643,1907859.12846222,41.880073283157365,-87.7806,,(UNK),1,(N/A),N,Y,N
2019,2019-01-10,Thursday,09,09:28 AM,Property Damage,No Injuries,0,0,0,0,0,3,Sideswipe Same Direction,12,N,N,Failing to Yield Right of Way,Failing to Reduce Speed to Avoid Crash,Daylight,Cloudy/Overcast,Dry,N,,,,,No Controls,No Controls,Y,2,41.8653528,-87.8042256,ok,(UNK),1,1900184,2019,1,2,28,50000 and OVER,9,4295,Oak Park,C,Urban Other Principal Arte,0,16,10,10258327,1,Cook,0,19,,,4,N,(UNK),(UNK),201901016517,City,1,25.03,Y,,,,4,3993,(N/A),Straight and Level,No Defects,1,1,Other Principal Arterial (PAS),3,5043,X001416970,Not Toll,73,1,1,Not Divided,1,2940076.98834911,1902314.12254126,41.86534493178914,-87.8042,,Urban,8,N,(N/A),Y,(N/A)
2019,2019-01-10,Thursday,13,01:39 PM,Property Damage,No Injuries,0,0,0,0,0,3,Sideswipe Same Direction,12,N,N,Failing to Yield Right of Way,(N/A),Daylight,Clear,Dry,N,,,,,Traffic Signal,Functioning Properly,N,2,41.8720083,-87.8044544,ok,(UNK),1,1900191,2019,1,2,99,50000 and OVER,9,4295,Oak Park,C,Urban Other Principal Arte,0,16,10,10258328,1,Cook,0,19,,,4,N,(UNK),(UNK),201901016518,City,1,25.5,Y,,,,4,3994,(N/A),Straight and Level,No Defects,1,1,Other Principal Arterial (PAS),3,5043,X001416971,Not Toll,73,3,4,Not Divided,1,2939947.91095469,1904737.8088176,41.872000490192725,-87.8044,,Urban,1,N,(N/A),Y,(N/A)
2019,2019-01-10,Thursday,12,12:21 PM,Property Damage,No Injuries,0,0,0,0,0,2,Front to Rear,11,N,N,Following Too Closely,Following Too Closely,Daylight,Clear,Dry,N,,,,,Traffic Signal,Functioning Properly,N,2,41.8944833,-87.8052152,ok,(N/A),1,2019,,1,3,3,50000 and OVER,9,4295,Oak Park,C,Urban Other Principal Arte,0,16,10,10258329,1,Cook,C,19,0,,4,X001416972,(UNK),(UNK),201901016519,Other,1,27.05,Y,,,,2,3995,(N/A),Straight and Level,No Defects,1,1,No Median Barrier,3,5043,1900187,Urban,73,3,4,Divided,2,2939515.17604098,1912922.37166873,41.89447540676946,-87.8052,,(UNK),1,(N/A),N,Y,N
2019,2019-01-07,Monday,18,06:18 PM,Property Damage,No Injuries,0,0,0,0,0,4,Turning,10,N,N,Failing to Yield Right of Way,Weather,Darkness / Lighted Road,Rain,Wet,N,,,,,No Controls,No Controls,N,2,41.9076637,-87.8057401,ok,(UNK),1,1900032,2019,1,2,11,50000 and OVER,9,4295,Oak Park,C,Urban Other Principal Arte,6,16,7,10258335,1,Cook,0,19,,,1,N,(UNK),(UNK),201901016525,City,5,27.96,Y,,,,4,4058,(N/A),Straight and Level,No Defects,1,2,Other Principal Arterial (PAS),3,5043,X001416978,Not Toll,73,1,1,Not Divided,1,2939240.00386112,1917721.63859186,41.9076558407701,-87.8057,,Urban,2,N,(N/A),Y,(N/A)
2019,2019-01-07,Monday,04,04:51 AM,Property Damage,No Injuries,0,0,0,0,0,2,Fixed Object,6,N,N,Improper Lane Usage,Failing to Reduce Speed to Avoid Crash,Darkness / Lighted Road,Clear,Dry,N,,,,,No Controls,No Controls,N,1,41.8653745,-87.7831308,ok,(N/A),1,2019,FRONT DOOR,1,20,28,50000 and OVER,9,4295,Oak Park,C,Urban Other Principal Arte,0,16,7,10258859,1,Cook,C,19,0,FRONT DOOR,1,X001417450,(UNK),(UNK),201901016928,Other,5,7.08,Y,,,,2,4617,(N/A),Straight and Level,No Defects,1,1,No Median Barrier,3,347,1900107,Urban,73,1,1,Divided,2,2945823.04831991,1902480.94767246,41.86536661738689,-87.7831,,(UNK),1,(N/A),N,Y,N
2019,2019-01-05,Saturday,12,12:41 PM,Property Damage,No Injuries,0,0,0,0,0,2,Front to Rear,11,N,N,Following Too Closely,Unable to Determine,Daylight,Clear,Dry,N,,,,,No Controls,No Controls,Y,2,41.8837482,-87.7845496,ok,(N/A),1,2019,,1,3,18,50000 and OVER,9,4295,Oak Park,C,Urban Major Collector,0,16,5,10255286,1,Cook,C,19,0,,6,X001414171,(UNK),(UNK),201901014126,Major,1,1.26,N,,,,2,5070,(N/A),Straight and Level,No Defects,1,1,No Median Barrier,5,2783,1900078,Urban,73,1,1,Divided,2,2945250.62788414,1909165.95009974,41.8837403802712,-87.7845,,(UNK),1,(N/A),N,Y,N
2019,2019-01-04,Friday,15,03:44 PM,Property Damage,No Injuries,0,0,0,0,0,3,Front to Rear,11,N,N,Failing to Reduce Speed to Avoid Crash,(N/A),Daylight,Clear,Dry,N,,,,,No Controls,No Controls,N,3,41.8652066,-87.7913647,ok,(UNK),1,1900063,2019,1,28,99,50000 and OVER,9,4295,Oak Park,C,Urban Other Principal Arte,0,16,4,10255287,1,Cook,0,19,,,5,N,(UNK),(UNK),201901014127,City,1,6.66,Y,,,,2,5071,(N/A),Straight and Level,No Defects,1,1,Other Principal Arterial (PAS),3,347,X001414172,Not Toll,52,1,1,Divided With Median Barrier,3,2943581.79579815,1902357.56088937,41.86519871604293,-87.7914,,Urban,1,N,(N/A),Y,(N/A)
2019,2019-01-05,Saturday,20,08:02 PM,Property Damage,No Injuries,0,0,0,0,0,2,Sideswipe Same Direction,12,N,N,Improper Overtaking/Passing,Unable to Determine,Darkness / Lighted Road,Clear,Dry,Y,,,,,Traffic Signal,Functioning Properly,Y,2,41.8736416,-87.8045258,ok,Partial Access Control,1,1900085,2019,3,4,18,50000 and OVER,9,4295,Oak Park,C,Urban InterState (PAS),0,16,5,10255289,1,Cook,0,19,,,6,N,(UNK),(UNK),201901014129,City,5,25.61,Y,,,,6,5072,(N/A),Straight On Hillcrest,No Defects,1,1,InterState (PAS),1,5043,X001414174,Not Toll,73,3,4,Divided With Median Barrier,3,2939912.062394,1905332.46992192,41.873633772562904,-87.8045,,Urban,1,N,(N/A),Y,(N/A)
2019,2019-01-05,Saturday,03,03:10 AM,Injury,C Injury Crash,1,0,0,0,1,0,Fixed Object,6,N,N,Failing to Reduce Speed to Avoid Crash,(N/A),Darkness,Clear,Wet,Y,,,,,Traffic Signal,Functioning Properly,N,1,41.8801558,-87.7746747,ok,(N/A),1,TREE,BUSHES,1,28,99,50000 and OVER,9,4295,Oak Park,C,Urban Minor Arterial,0,16,5,10255290,1,Cook,1,19,CURB,PLANTER,6,2019,(N/A),N,201901014130,City,4,7.65,N,,,,2,5073,(N/A),Straight and Level,No Defects,1,2,Minor Arterial,4,2790,GLASS DOOR,(UNK),,3,4,Divided With Median Barrier,3,2947976.30932928,1907931.65407183,41.880147983735654,-87.7747,,(UNK),1,X0014,N,Y,1900074
2019,2019-01-05,Saturday,18,06:23 PM,Injury,B Injury Crash,5,0,0,5,0,0,Angle,15,N,N,Disregarding Stop Sign,Failing to Reduce Speed to Avoid Crash,Darkness / Lighted Road,Clear,Dry,Y,,,,,Stop Sign,Functioning Properly,N,2,41.9039133,-87.7754357,ok,(N/A),1,2019,TRAFFIC CONTROL BOX,1,23,28,50000 and OVER,9,4295,Oak Park,C,Urban Minor Arterial,8,16,5,10255292,1,Cook,C,19,2,PARKWAY TREE,6,X001414177,(UNK),(UNK),201901014132,Minor,5,0,N,,,,2,5074,(N/A),Straight and Level,No Defects,1,1,No Median Barrier,4,,1900082,Urban,73,2,4,Divided,2,2947527.66075696,1916583.55579116,41.90390543829353,-87.7754,,(UNK),1,(N/A),N,Y,N
2019,2019-01-07,Monday,16,04:00 PM,Property Damage,No Injuries,0,0,0,0,0,2,Sideswipe Same Direction,12,N,N,Improper Lane Usage,Failing to Yield Right of Way,Daylight,Rain,Wet,N,,,,,Stop Sign,Functioning Properly,N,2,41.9090383,-87.7833563,ok,(UNK),1,1900123,2019,1,20,2,50000 and OVER,9,4295,Oak Park,C,Urban Major Collector,0,16,7,10258972,1,Cook,0,19,,,1,N,(UNK),(UNK),201901017018,City,1,0.01,N,,,,4,5101,(N/A),Straight and Level,No Defects,1,2,Major Collector,5,2783,X001417548,Not Toll,73,2,4,Not Divided,1,2945319.42754029,1918391.17596054,41.90903046062807,-87.7834,,Urban,2,N,(N/A),Y,(N/A)
2019,2019-01-08,Tuesday,11,11:10 AM,Injury,C Injury Crash,1,0,0,0,1,1,Front to Rear,11,N,N,Failing to Reduce Speed to Avoid Crash,(N/A),Daylight,Cloudy/Overcast,Dry,Y,,,,,Traffic Signal,Functioning Properly,N,2,41.8650426,-87.8042088,ok,(N/A),1,2019,,1,28,99,50000 and OVER,9,4295,Oak Park,C,Urban Other Principal Arte,6,16,8,10259000,1,Cook,C,19,1,,2,X001417575,(UNK),(UNK),201901017040,Other,1,25.01,Y,,,,4,5174,(N/A),Straight and Level,No Defects,1,1,No Median Barrier,3,5043,1900137,Urban,73,3,4,Divided,2,2940084.68897123,1902201.22425353,41.865034780095776,-87.8042,,(UNK),8,(N/A),N,Y,N
2019,2019-01-06,Sunday,15,03:52 PM,Injury,C Injury Crash,1,0,0,0,1,1,Turning,10,N,N,Failing to Yield Right of Way,(N/A),Daylight,Cloudy/Overcast,Dry,Y,,,,,Stop Sign,Functioning Properly,N,2,41.8704531,-87.7742974,ok,(UNK),1,1900094,2019,3,2,99,50000 and OVER,9,4295,Oak Park,C,Urban Minor Arterial,0,16,6,10255293,1,Cook,1,19,,,7,N,(UNK),(UNK),201901014133,City,1,8.4,N,,,,6,5225,(N/A),Straight On Hillcrest,No Defects,1,1,Minor Arterial,4,2790,X001414178,Not Toll,,2,4,Two-way Continuous Left-Tur,4,2948177.66771153,1904398.68198308,41.87044530376551,-87.7743,,Urban,8,N,(N/A),Y,(N/A)
2019,2019-01-05,Saturday,16,04:05 PM,Property Damage,No Injuries,0,0,0,0,0,1,Parked Motor Vehicle,9,N,N,Unable to Determine,Unable to Determine,Dusk,Clear,Dry,N,,,,,No Controls,No Controls,Y,2,41.8869892,-87.7781541,ok,(UNK),1,1900097,2019,1,18,18,50000 and OVER,9,4295,Oak Park,C,Urban Local Road or Street,0,16,5,10255295,1,Cook,0,19,,,6,N,(UNK),(UNK),201901014135,City,3,0.01,N,,,,2,5226,(N/A),Straight and Level,No Defects,1,1,Local Road or Street,7,2613,X001414180,Not Toll,73,1,1,Not Divided,1,2946959.38383666,1910395.45024619,41.886981331021694,-87.7781,,Urban,1,N,(N/A),Y,(N/A)
2019,2019-01-13,Sunday,14,02:19 PM,Property Damage,No Injuries,0,0,0,0,0,2,Sideswipe Same Direction,12,N,N,Failing to Yield Right of Way,Following Too Closely,Daylight,Clear,Dry,N,,,,,No Controls,No Controls,Y,2,41.8850784,-87.8049031,ok,(N/A),1,2019,,1,2,3,50000 and OVER,9,4295,Oak Park,C,Urban Other Principal Arte,6,16,13,10261186,1,Cook,C,19,0,,7,X001419689,(UNK),(UNK),201901019067,Other,1,26.4,Y,,,,4,5265,(N/A),Straight and Level,No Defects,1,1,No Median Barrier,3,5043,19-00127,Urban,73,1,1,Divided,2,2939694.5523179,1909497.42603298,41.88507059900179,-87.8049,,(UNK),1,(N/A),N,Y,N