crash_year,crash_date,day_of_week,crash_hour,time_of_crash,crash_severity,crash_injury_severity,total_injured,total_fatals,a_injuries,b_injuries,c_injuries,no_injuries,type_of_first_crash,collision_type_code,pedestrian_involved,pedalcyclist_involved,cause1,cause2,lighting_cond,weather_cond,road_surface_cond,intersection_related,is_intersection,highway_or_street_name,at_intersection_with,address_no,traffic_control_device,traffic_control_device_cond,hit_and_run,number_of_vehicles,latitude,longitude,location_status,access_control,agency_code,agency_report_number,agency_report_year,alignment_code,cause1_code,cause2_code,city_class,city_class_code,city_code,city_name,city_township_flag,class_of_trafficway,class_of_trafficway_code,county_code,crash_day,crash_id,crash_month,crash_report_county,crash_severity_cd,crash_yr_source,damaged_property1,damaged_property2,day_of_week_code,did_crash_occur_in_work_zone,did_involve_secondary_crash,flow_condition,icn,investigating_agency_descrip,light_condition_code,mile_station,nhs,non_intersection_direction,non_intersection_distance,non_intersection_units,number_of_lanes,objectid,railroad_crossing_number,road_alignment,road_defects,road_defects_code,road_surface_condition_code,roadway_functional_class,roadway_functional_class_code,route_number,sfe,toll,township,traffic_control_device_code,traffic_control_device_cond_code,trafficway_descrip,trafficway_description_code,ts_crash_coordinate_x,ts_crash_coordinate_y,ts_crash_latitude,ts_crash_longitude,type_report,urban_rural,weather_code,were_workers_present,work_zone,work_zone_related,work_zone_type
2019,2019-01-10,Thursday,16,04:46 PM,Property Damage,No Injuries,0,0,0,0,0,2,Front to Rear,11,N,N,Following Too Closely,(N/A),Dusk,Clear,Dry,N,,,,,No Controls,No Controls,N,2,41.8888921,-87.7847181,ok,(N/A),1,2019,,1,3,99,50000 and OVER,9,4295,Oak Park,C,Urban Major Collector,0,16,10,10259421,1,Cook,C,19,0,,4,X001417980,(UNK),(UNK),201901017420,Major,3,0.89,N,,,,4,5455,(N/A),Straight and Level,No Defects,1,1,No Median Barrier,5,2783,1900196,Urban,73,1,1,Divided,2,2945152.69507093,1911039.19622587,41.88888424056351,-87.7847,,(UNK),1,(N/A),N,Y,N
2019,2019-01-11,Friday,11,11:06 AM,Property Damage,No Injuries,0,0,0,0,0,3,Turning,10,N,N,Failing to Yield Right of Way,(N/A),Daylight,Clear,Dry,N,,,,,No Controls,No Controls,N,2,41.8794152,-87.7795256,ok,(UNK),1,1900210,2019,1,2,99,50000 and OVER,9,4295,Oak Park,C,Urban Minor Collector,0,16,11,10259422,1,Cook,0,19,,,5,N,(UNK),(UNK),201901017421,City,1,0.59,N,,,,1,5499,(N/A),Straight and Level,No Defects,1,1,Minor Collector,6,3794,X001417981,Not Toll,73,1,1,Not Divided,1,2946662.72643325,1907624.95229188,41.87940735590362,-87.7795,,Urban,1,N,(N/A),Y,(N/A)
2019,2019-01-11,Friday,12,12:10 PM,Property Damage,No Injuries,0,0,0,0,0,2,Front to Rear,11,N,N,Following Too Closely,Unable to Determine,Daylight,Clear,Other,N,,,,,Traffic Signal,Functioning Properly,N,2,41.8884675,-87.7895828,ok,(N/A),1,2019,,1,3,18,50000 and OVER,9,4295,Oak Park,C,Urban Major Collector,8,16,11,10259423,1,Cook,C,19,0,,5,X001417982,(UNK),(UNK),201901017422,Major,1,0,N,,,,2,5500,(N/A),Straight and Level,No Defects,1,6,No Median Barrier,5,,1900212,Urban,73,3,4,Divided,2,2943832.29688921,1910847.72533068,41.88845968290214,-87.7896,,(UNK),1,(N/A),N,Y,N
2019,2019-01-11,Friday,07,07:55 AM,Property Damage,No Injuries,0,0,0,0,0,3,Front to Rear,11,N,N,Distraction - From Inside Vehicle,Improper Lane Usage,Daylight,Clear,Dry,N,,,,,No Controls,No Controls,N,3,41.8942278,-87.8040102,ok,(UNK),1,1900205,2019,1,41,20,50000 and OVER,9,4295,Oak Park,C,Urban Minor Arterial,0,16,11,10259424,1,Cook,0,19,,,5,N,(UNK),(UNK),201901017423,City,1,2.62,N,,,,2,5501,(N/A),Straight and Level,No Defects,1,1,Minor Arterial,4,1398,X001417983,Not Toll,73,1,1,Divided With Median Barrier,3,2939845.85281449,1912838.33436135,41.894219999972826,-87.804,,Urban,1,N,(N/A),Y,(N/A)
2019,2019-01-14,Monday,07,07:55 AM,Property Damage,No Injuries,0,0,0,0,0,2,Front to Rear,11,N,N,Following Too Closely,Failing to Reduce Speed to Avoid Crash,Daylight,Clear,Dry,N,,,,,Lane Use Marking,Functioning Properly,N,2,41.871928,-87.7840221,ok,Partial Access Control,3,03-19-00576,2019,1,3,28,50000 and OVER,9,4295,Oak Park,C,Urban InterState (PAS),0,16,14,10262326,1,Cook,0,19,,,1,N,(UNK),(UNK),201901020119,ISP,1,22.6,Y,,,,3,6480,(N/A),Straight and Level,No Defects,1,1,InterState (PAS),1,9290,X001420680,Not Toll,73,12,4,Divided With Median Barrier,3,2945513.92771802,1904862.44234806,41.87192018512161,-87.784,,Urban,1,N,(N/A),Y,(N/A)
2019,2019-01-04,Friday,23,11:20 PM,Injury,C Injury Crash,1,0,0,0,1,8,Front to Rear,11,N,N,Exceeding Authorized Speed Limit,Failing to Reduce Speed to Avoid Crash,Darkness / Lighted Road,Clear,Dry,N,,,,,Traffic Signal,Functioning Properly,N,4,41.8714735,-87.7743008,ok,(N/A),1,2019,,1,1,28,50000 and OVER,9,4295,Oak Park,C,Urban Minor Arterial,0,16,4,10262718,1,Cook,C,19,1,,5,X001421039,(UNK),(UNK),201901020456,Minor,5,8.34,N,,,,6,6681,(N/A),Straight and Level,No Defects,1,1,No Median Barrier,4,2790,1900073,Urban,,3,4,Divided,2,2948166.36303628,1904770.48387327,41.8714656363179,-87.7743,,(UNK),1,(N/A),N,Y,N
2019,2019-01-14,Monday,17,05:25 PM,Injury,B Injury Crash,1,0,0,1,0,1,Pedestrian,1,Y,N,Failing to Yield Right of Way,Failing to Reduce Speed to Avoid Crash,Darkness / Lighted Road,Clear,Snow or Slush,Y,,,,,Stop Sign,Functioning Properly,N,1,41.8873415,-87.792689,ok,(UNK),1,1900268,2019,1,2,28,50000 and OVER,9,4295,Oak Park,C,Urban Local Road or Street,8,16,14,10264738,1,Cook,2,19,,,1,N,(UNK),(UNK),201901022192,City,5,0,N,,,,(UNK),7678,(N/A),Straight and Level,No Defects,1,3,Local Road or Street,7,,X001422874,Not Toll,73,2,4,Not Divided,1,2942997.82683199,1910413.95219023,41.88733365761102,-87.7927,,Urban,1,N,(N/A),Y,(N/A)
2019,2019-01-14,Monday,14,02:48 PM,Property Damage,No Injuries,0,0,0,0,0,2,Turning,10,N,N,Improper Turning/No Signal,Driving Skills/Knowledge/Experience,Daylight,Cloudy/Overcast,Dry,Y,,,,,Traffic Signal,Functioning Properly,N,2,41.8815927,-87.7943358,ok,(N/A),1,2019,,1,6,15,50000 and OVER,9,4295,Oak Park,C,Urban Major Collector,8,16,14,10264740,1,Cook,C,19,0,,1,X001422876,(UNK),(UNK),201901022194,Major,1,0,N,,,,(UNK),7710,(N/A),Straight and Level,No Defects,1,1,No Median Barrier,5,,1900264,Urban,73,3,4,Divided,2,2942607.34272825,1908306.58499969,41.8815848862476,-87.7943,,(UNK),8,(N/A),N,Y,N
2019,2019-01-14,Monday,07,07:30 AM,Property Damage,No Injuries,0,0,0,0,0,2,Front to Rear,11,N,N,Following Too Closely,Failing to Reduce Speed to Avoid Crash,Daylight,Unknown,Unknown,N,,,,,Lane Use Marking,Functioning Properly,N,2,41.8735051,-87.8026933,ok,Partial Access Control,3,03-19-00677,2019,1,3,28,50000 and OVER,9,4295,Oak Park,C,Urban InterState (PAS),0,16,14,10265734,1,Cook,0,19,,,1,N,(UNK),(UNK),201901022992,ISP,1,0.17,Y,,,,6,7851,(N/A),Straight and Level,No Defects,1,9,InterState (PAS),1,290,X001423710,Not Toll,73,12,4,Divided With Median Barrier,3,2940412.54300452,1905296.48298869,41.87349729457489,-87.8027,,Urban,9,N,(N/A),Y,(N/A)
2019,2019-01-13,Sunday,16,04:14 PM,Property Damage,No Injuries,0,0,0,0,0,7,Turning,10,N,N,Failing to Reduce Speed to Avoid Crash,Unable to Determine,Daylight,Clear,Dry,N,,,,,No Controls,No Controls,N,2,41.8722831,-87.8040779,ok,(UNK),1,1900249,2019,1,28,18,50000 and OVER,9,4295,Oak Park,C,Urban Local Road or Street,0,16,13,10263481,1,Cook,0,19,,,7,N,(UNK),(UNK),201901021134,City,1,0.02,N,,,,2,8066,(N/A),Straight and Level,No Defects,1,1,Local Road or Street,7,4062,X001421738,Not Toll,73,1,1,Not Divided,1,2940047.68860438,1904840.77608379,41.87227529518845,-87.8041,,Urban,1,N,(N/A),Y,(N/A)
2019,2019-01-12,Saturday,13,01:59 PM,Property Damage,No Injuries,0,0,0,0,0,2,Front to Rear,11,N,N,Weather,Weather,Daylight,Snow,Snow or Slush,Y,,,,,Stop Sign,Functioning Properly,N,2,41.8906116,-87.8026055,ok,(UNK),1,1900233,2019,1,11,11,50000 and OVER,9,4295,Oak Park,C,Urban Local Road or Street,0,16,12,10263483,1,Cook,0,19,,,6,N,(UNK),(UNK),201901021136,City,1,0.58,N,,,,3,8067,(N/A),Straight and Level,No Defects,1,3,Local Road or Street,7,1405,X001421740,Not Toll,73,2,4,Not Divided,1,2940264.63583641,1911531.05290754,41.890603770510985,-87.8026,,Urban,3,N,(N/A),Y,(N/A)
2019,2019-01-12,Saturday,13,01:43 PM,Property Damage,No Injuries,0,0,0,0,0,2,Angle,15,N,N,Weather,Failing to Reduce Speed to Avoid Crash,Daylight,Snow,Snow or Slush,N,,,,,No Controls,No Controls,N,2,41.8888274,-87.802176,ok,(UNK),1,1900231,2019,1,11,28,50000 and OVER,9,4295,Oak Park,C,Urban (UNK),8,16,12,10263485,1,Cook,0,19,,,6,N,(UNK),(UNK),201901021138,City,1,0,N,,,,2,8069,(N/A),Straight and Level,No Defects,1,3,(UNK),0,,X001421742,No Toll,73,1,1,Not Divided,1,2940399.51896119,1910884.07951593,41.88881956495546,-87.8022,,Urban,3,N,(N/A),Y,(N/A)
2019,2019-01-12,Saturday,13,01:58 PM,Property Damage,No Injuries,0,0,0,0,0,7,Angle,15,N,N,Failing to Yield Right of Way,Failing to Yield Right of Way,Daylight,Snow,Snow or Slush,Y,,,,,Stop Sign,Functioning Properly,Y,4,41.8945876,-87.7832661,ok,(UNK),1,1900235,2019,1,2,2,50000 and OVER,9,4295,Oak Park,C,Urban Minor Arterial,8,16,12,10263487,1,Cook,0,19,,,6,N,(UNK),(UNK),201901021139,City,1,0,N,,,,(UNK),8112,(N/A),Straight and Level,No Defects,1,3,Minor Arterial,4,,X001421744,Not Toll,73,2,4,Not Divided,1,2945490.37804743,1913125.7336627,41.89457974954227,-87.7833,,Urban,3,N,(N/A),Y,(N/A)
2019,2019-01-12,Saturday,14,02:10 PM,Property Damage,No Injuries,0,0,0,0,0,1,Parked Motor Vehicle,9,N,N,Weather,(N/A),Daylight,Snow,Snow or Slush,N,,,,,No Controls,No Controls,N,2,41.9016226,-87.7924197,ok,(UNK),1,1900234,2019,1,11,99,50000 and OVER,9,4295,Oak Park,C,Urban Local Road or Street,0,16,12,10263488,1,Cook,0,19,,,6,N,(UNK),(UNK),201901021140,City,1,0.51,N,,,,2,8113,(N/A),Straight and Level,No Defects,1,3,Local Road or Street,7,2670,X001421745,Not Toll,73,1,1,Not Divided,1,2942927.08305705,1915620.28531379,41.90161474795282,-87.7924,,Urban,3,N,(N/A),Y,(N/A)
2019,2019-01-12,Saturday,13,01:54 PM,Injury,C Injury Crash,1,0,0,0,1,2,Front to Rear,11,N,N,Exceeding Safe Speed For Conditions,Weather,Daylight,Snow,Snow or Slush,N,,,,,Stop Sign,Functioning Properly,N,2,41.8831925,-87.79998,ok,(UNK),1,1900232,2019,1,27,11,50000 and OVER,9,4295,Oak Park,C,Urban Local Road or Street,0,16,12,10263492,1,Cook,1,19,,,6,N,(UNK),(UNK),201901021144,City,1,0.29,N,,,,2,8115,(N/A),Straight and Level,Unknown,99,3,Local Road or Street,7,2700,X001421749,Not Toll,73,2,4,Not Divided,1,2941054.15319982,1908847.12580567,41.88318470402425,-87.8,,Urban,3,N,(N/A),N,(N/A)
2019,2019-01-11,Friday,18,06:11 PM,Property Damage,No Injuries,0,0,0,0,0,1,Parked Motor Vehicle,9,N,N,Unable to Determine,(N/A),Darkness,Cloudy/Overcast,Dry,N,,,,,Stop Sign,Functioning Properly,Y,2,41.8720886,-87.794942,ok,Partial Access Control,1,1900221,2019,1,18,99,50000 and OVER,9,4295,Oak Park,C,Urban Local Road or Street,0,16,11,10263493,1,Cook,0,19,,,5,N,(UNK),(UNK),201901021145,City,4,0.27,N,,,,2,8116,(N/A),Straight and Level,No Defects,1,1,Local Road or Street,7,290,X001421750,Not Toll,73,2,4,Not Divided,1,2942538.00766784,1904838.55250145,41.87208078479125,-87.7949,,Urban,8,N,(N/A),Y,(N/A)
2019,2019-01-11,Friday,22,10:31 PM,Property Damage,No Injuries,0,0,0,0,0,1,Parked Motor Vehicle,9,N,N,Unable to Determine,Unable to Determine,Darkness / Lighted Road,Clear,Dry,N,,,,,No Controls,No Controls,N,2,41.8852448,-87.782778,ok,(UNK),1,1900223,2019,1,18,18,50000 and OVER,9,4295,Oak Park,C,Urban Local Road or Street,0,16,11,10263495,1,Cook,0,19,,,5,N,(UNK),(UNK),201901021147,City,5,0.59,N,,,,2,8168,(N/A),Straight and Level,No Defects,1,1,Local Road or Street,7,3030,X001421752,Not Toll,73,1,1,Not Divided,1,2945717.91053826,1909724.73114283,41.88523694699604,-87.7828,,Urban,1,N,(N/A),Y,(N/A)
2019,2019-01-13,Sunday,09,09:20 AM,Property Damage,No Injuries,0,0,0,0,0,2,Front to Rear,11,N,N,Following Too Closely,Weather,Daylight,Snow,Snow or Slush,Y,,,,,No Controls,No Controls,N,2,41.8762096,-87.7880087,ok,(UNK),1,1900242,2019,1,3,11,50000 and OVER,9,4295,Oak Park,C,Urban Local Road or Street,8,16,13,10263498,1,Cook,0,19,,,7,N,(UNK),(UNK),201901021150,City,1,0,N,,,,2,8169,(N/A),Straight and Level,No Defects,1,3,Local Road or Street,7,,X001421755,Not Toll,73,1,1,Not Divided,1,2944384.81829139,1906392.5827885,41.87620172821646,-87.788,,Urban,3,N,(N/A),Y,(N/A)
2019,2019-01-13,Sunday,20,08:41 PM,Property Damage,No Injuries,0,0,0,0,0,4,Front to Rear,11,N,N,Failing to Reduce Speed to Avoid Crash,Driving Skills/Knowledge/Experience,Darkness / Lighted Road,Clear,Dry,N,,,,,No Controls,No Controls,N,3,41.8901668,-87.8050981,ok,(UNK),1,1900253,2019,1,28,15,50000 and OVER,9,4295,Oak Park,C,Urban Other Principal Arte,0,16,13,10263500,1,Cook,0,19,,,7,N,(UNK),(UNK),201901021152,City,5,26.75,Y,,,,4,8170,(N/A),Straight and Level,No Defects,1,1,Other Principal Arterial (PAS),3,5043,X001421757,Not Toll,73,1,1,Not Divided,1,2939590.38242407,1911350.24937922,41.89015894164188,-87.8051,,Urban,1,N,(N/A),Y,(N/A)
2019,2019-01-12,Saturday,12,12:00 PM,Property Damage,No Injuries,0,0,0,0,0,1,Parked Motor Vehicle,9,N,N,Exceeding Safe Speed For Conditions,Weather,Daylight,Snow,Snow or Slush,N,,,,,No Controls,No Controls,N,2,41.8707846,-87.8019573,ok,(UNK),1,1900229,2019,1,27,11,50000 and OVER,9,4295,Oak Park,C,Urban Local Road or Street,0,16,12,10263501,1,Cook,0,19,,,6,N,(UNK),(UNK),201901021153,City,1,0.1,N,,,,2,8171,(N/A),Straight and Level,Unknown,99,3,Local Road or Street,7,2715,X001421758,Not Toll,73,1,1,Not Divided,1,2940640.33263254,1904310.6009019,41.870776771167534,-87.802,,Urban,3,N,(N/A),N,(N/A)
2019,2019-01-14,Monday,08,08:55 AM,Property Damage,No Injuries,0,0,0,0,0,3,Angle,15,N,N,Failing to Yield Right of Way,Improper Overtaking/Passing,Daylight,Clear,Dry,Y,,,,,Stop Sign,Functioning Properly,Y,2,41.8834129,-87.797022,ok,(UNK),1,1900258,2019,1,2,4,50000 and OVER,9,4295,Oak Park,C,Urban Local Road or Street,8,16,14,10263502,1,Cook,0,19,,,1,N,(UNK),(UNK),201901021154,City,1,0,N,,,,2,8172,(N/A),Straight and Level,No Defects,1,1,Local Road or Street,7,,X001421759,Not Toll,73,2,4,Not Divided,1,2941857.46757115,1908949.66619049,41.88340505429477,-87.797,,Urban,1,N,(N/A),Y,(N/A)
2019,2019-01-14,Monday,14,02:41 PM,Injury,A Injury Crash,1,0,1,0,0,2,Front to Rear,11,N,N,Failing to Reduce Speed to Avoid Crash,Driving Skills/Knowledge/Experience,Daylight,Clear,Dry,N,,,,,No Controls,No Controls,N,3,41.9048656,-87.8056401,ok,(UNK),1,1900265,2019,1,28,15,50000 and OVER,9,4295,Oak Park,C,Urban Other Principal Arte,0,16,14,10263503,1,Cook,3,19,,,1,N,(UNK),(UNK),201901021155,City,1,27.78,Y,,,,4,8173,(N/A),Straight and Level,No Defects,1,1,Other Principal Arterial (PAS),3,5043,X001421760,Not Toll,73,1,1,Not Divided,1,2939295.3197309,1916702.70780285,41.90485774372733,-87.8056,,Urban,1,N,(N/A),Y,(N/A)
2019,2019-01-14,Monday,07,07:56 AM,Property Damage,No Injuries,0,0,0,0,0,3,Turning,10,N,N,Failing to Yield Right of Way,(N/A),Daylight,Clear,Wet,N,,,,,Stop Sign,Functioning Properly,N,2,41.8704879,-87.8043909,ok,(N/A),1,2019,,2,2,99,50000 and OVER,9,4295,Oak Park,C,Urban Other Principal Arte,0,16,14,10263505,1,Cook,C,19,0,,1,X001421762,(UNK),(UNK),201901021157,Other,1,25.39,Y,,,,(UNK),8199,(N/A),Straight On Grade,No Defects,1,2,No Median Barrier,3,5043,1900257,Urban,73,2,4,Divided,2,2939980.45602172,1904184.20965244,41.87048004977375,-87.8044,,(UNK),1,(N/A),N,Y,N
2019,2019-01-17,Thursday,06,06:47 AM,Property Damage,No Injuries,0,0,0,0,0,2,Front to Rear,11,N,N,Failing to Reduce Speed to Avoid Crash,Following Too Closely,Darkness / Lighted Road,Clear,Dry,N,,,,,Lane Use Marking,Functioning Properly,N,2,41.9091731,-87.7823888,ok,(UNK),3,03-19-00735,2019,1,28,3,50000 and OVER,9,4295,Oak Park,C,Urban Other Principal Arte,0,16,17,10268589,1,Cook,0,19,,,4,N,(UNK),(UNK),201901024017,ISP,5,130.37,Y,,,,3,8942,(N/A),Straight and Level,No Defects,1,1,Other Principal Arterial (PAS),3,5064,X001424739,Not Toll,73,12,4,Divided With Median Barrier,3,2945581.43910861,1918447.63148596,41.90916528288818,-87.7824,,Urban,1,N,(N/A),Y,(N/A)
2019,2019-01-13,Sunday,18,06:00 PM,Property Damage,No Injuries,0,0,0,0,0,2,Front to Rear,11,N,N,Following Too Closely,Exceeding Safe Speed For Conditions,Darkness / Lighted Road,Clear,Dry,N,,,,,Lane Use Marking,Functioning Properly,N,2,41.8722961,-87.8044654,ok,(UNK),3,03-19-00596,2019,1,3,27,50000 and OVER,9,4295,Oak Park,C,Urban Other Principal Arte,0,16,13,10268603,1,Cook,0,19,,,7,N,(UNK),(UNK),201901024030,ISP,5,25.52,Y,,,,6,8989,(N/A),Straight and Level,No Defects,1,1,Other Principal Arterial (PAS),3,5043,X001424753,Not Toll,73,12,4,Divided With Median Barrier,3,2939942.02357476,1904842.59905719,41.872288272207314,-87.8045,,Urban,1,N,(N/A),Y,(N/A)
2019,2019-01-15,Tuesday,20,08:44 PM,Property Damage,No Injuries,0,0,0,0,0,4,Turning,10,N,N,Failing to Yield Right of Way,(N/A),Darkness / Lighted Road,Other,Wet,Y,,,,,Stop Sign,Functioning Properly,N,2,41.8669857,-87.7938325,ok,(UNK),1,1900293,2019,1,2,99,50000 and OVER,9,4295,Oak Park,C,Urban Major Collector,8,16,15,10266126,1,Cook,0,19,,,2,N,(UNK),(UNK),201901023361,City,5,0,N,,,,(UNK),9909,(N/A),Straight and Level,No Defects,1,2,Major Collector,5,,X001424086,Not Toll,73,2,4,Not Divided,1,2942891.6472294,1902987.29386894,41.866977808665595,-87.7938,,Urban,7,N,(N/A),Y,(N/A)
2019,2019-01-16,Wednesday,06,06:29 AM,Property Damage,No Injuries,0,0,0,0,0,2,Sideswipe Same Direction,12,N,N,Failing to Reduce Speed to Avoid Crash,Unable to Determine,Dawn,Clear,Wet,N,,,,,No Controls,No Controls,Y,2,41.8942563,-87.8052273,ok,(N/A),1,2019,,1,28,18,50000 and OVER,9,4295,Oak Park,C,Urban Other Principal Arte,0,16,16,10266127,1,Cook,C,19,0,,3,X001424087,(UNK),(UNK),201901023362,Other,2,27.03,Y,,,,4,9959,(N/A),Straight and Level,No Defects,1,2,No Median Barrier,3,5043,1900296,Urban,73,1,1,Divided,2,2939514.16530267,1912839.58812755,41.89424848925764,-87.8052,,(UNK),1,(N/A),N,Y,N
2019,2019-01-16,Wednesday,16,04:53 PM,Property Damage,No Injuries,0,0,0,0,0,1,Parked Motor Vehicle,9,N,N,Improper Lane Usage,Driving Skills/Knowledge/Experience,Darkness / Lighted Road,Cloudy/Overcast,Dry,N,,,,,No Controls,No Controls,N,2,41.9039561,-87.8056034,ok,(UNK),1,1900305,2019,1,20,15,50000 and OVER,9,4295,Oak Park,C,Urban Other Principal Arte,0,16,16,10266129,1,Cook,0,19,,,3,N,(UNK),(UNK),201901023364,City,5,27.71,Y,,,,4,9961,(N/A),Straight and Level,No Defects,1,1,Other Principal Arterial (PAS),3,5043,X001424089,Not Toll,73,1,1,Not Divided,1,2939314.4318759,1916371.53332912,41.9039482160487,-87.8056,,Urban,8,N,(N/A),Y,(N/A)
2019,2019-01-18,Friday,16,04:00 PM,Property Damage,No Injuries,0,0,0,0,0,2,Front to Rear,11,N,N,Following Too Closely,(N/A),Dusk,Snow,Wet,N,,,,,Traffic Signal,Functioning Properly,Y,2,41.9091626,-87.7835344,ok,(N/A),1,2019,,1,3,99,50000 and OVER,9,4295,Oak Park,C,Urban Other Principal Arte,6,16,18,10270273,1,Cook,C,19,0,,5,X001426274,(UNK),(UNK),201901025526,Other,3,130.31,Y,,,,6,9981,(N/A),Straight and Level,No Defects,1,2,No Median Barrier,3,5064,1900331,Urban,73,3,4,Divided,2,2945269.68898283,1918435.1219325,41.909154750350446,-87.7835,,(UNK),3,(N/A),N,Y,N
2019,2019-01-10,Thursday,15,03:50 PM,Property Damage,No Injuries,0,0,0,0,0,3,Sideswipe Same Direction,12,N,N,Failing to Yield Right of Way,Improper Lane Usage,Daylight,Clear,Dry,N,,,,,No Controls,No Controls,N,2,41.8669703,-87.7947534,ok,(UNK),1,1900195,2019,1,2,20,50000 and OVER,9,4295,Oak Park,C,Urban Local Road or Street,0,16,10,10269078,1,Cook,0,19,,,4,N,(UNK),(UNK),201901024470,City,1,0.45,N,,,,2,11163,(N/A),Straight and Level,No Defects,1,1,Local Road or Street,7,4102,X001425208,Not Toll,73,1,1,Not Divided,1,2942640.94094683,1902974.76122993,41.86696245195045,-87.7947,,Urban,1,N,(N/A),Y,(N/A)
2019,2019-01-20,Sunday,12,12:52 PM,Property Damage,No Injuries,0,0,0,0,0,3,Pedestrian,1,Y,N,Failing to Yield Right of Way,Unable to Determine,Daylight,Clear,Wet,Y,,,,,Traffic Signal,Functioning Properly,Y,1,41.8868832,-87.7944558,ok,(UNK),1,1900353,2019,1,2,18,50000 and OVER,9,4295,Oak Park,C,Urban Major Collector,8,16,20,10274575,1,Cook,0,19,,,7,N,(UNK),(UNK),201901040720,City,1,0,N,,,,1,11906,(N/A),Straight and Level,No Defects,1,2,Major Collector,5,,X001430257,Not Toll,73,3,4,One-Way,10,2942521.34028829,1910233.63153623,41.88687536989274,-87.7945,,Urban,1,N,(N/A),Y,(N/A)
2019,2019-01-21,Monday,20,08:23 PM,Property Damage,No Injuries,0,0,0,0,0,1,Other Object,7,N,N,Failing to Reduce Speed to Avoid Crash,Unable to Determine,Darkness / Lighted Road,Cloudy/Overcast,Dry,N,,,,,Lane Use Marking,Functioning Properly,N,1,41.8797479,-87.7956716,ok,(UNK),1,1900384,2019,1,28,18,50000 and OVER,9,4295,Oak Park,C,Urban Minor Arterial,0,16,21,10274579,1,Cook,0,19,DUMPSTER,,1,N,(UNK),(UNK),201901029455,City,5,3.53,N,,,,4,11926,(N/A),Straight and Level,No Defects,1,1,Minor Arterial,4,1419,X001430260,Not Toll,73,12,4,Not Divided,1,2942262.14565623,1907624.23011147,41.87974003826432,-87.7957,,Urban,8,N,(N/A),Y,(N/A)
2019,2019-01-19,Saturday,07,07:29 AM,Property Damage,No Injuries,0,0,0,0,0,2,Sideswipe Same Direction,12,N,N,Weather,Exceeding Safe Speed For Conditions,Daylight,Snow,Snow or Slush,N,,,,,No Controls,No Controls,N,2,41.9089219,-87.8003269,ok,(UNK),1,1900335,2019,1,11,27,50000 and OVER,9,4295,Oak Park,C,Urban Other Principal Arte,0,16,19,10274581,1,Cook,0,19,,,6,N,(UNK),(UNK),201901029456,City,1,129.46,Y,,,,4,11927,(N/A),Straight and Level,No Defects,1,3,Other Principal Arterial (PAS),3,5064,X001430261,Not Toll,73,1,1,Divided With Median Barrier,3,2940700.94041416,1918220.79896473,41.908914096820155,-87.8003,,Urban,3,N,(N/A),Y,(N/A)
2019,2019-01-12,Saturday,12,12:56 PM,Injury,B Injury Crash,1,0,0,1,0,2,Sideswipe Opposite Direction,13,N,N,Failing to Yield Right of Way,Improper Backing,Daylight,Snow,Snow or Slush,N,,,,,No Controls,No Controls,N,2,41.881632,-87.7828616,ok,(UNK),1,1900283,2019,1,2,30,50000 and OVER,9,4295,Oak Park,C,Urban Local Road or Street,0,16,12,10274583,1,Cook,2,19,,,6,N,(UNK),(UNK),201901029458,City,1,0.34,N,,,,2,11928,(N/A),Straight and Level,No Defects,1,3,Local Road or Street,7,2635,X001430263,Not Toll,73,1,1,Not Divided,1,2945731.7371721,1908407.54420116,41.88162419678476,-87.7829,,Urban,3,N,(N/A),Y,(N/A)
2019,2019-01-22,Tuesday,07,07:45 AM,Property Damage,No Injuries,0,0,0,0,0,3,Front to Rear,11,N,N,Failing to Reduce Speed to Avoid Crash,(N/A),Daylight,Cloudy/Overcast,Wet,Y,,,,,No Controls,No Controls,Y,2,41.8797469,-87.791019,ok,(UNK),1,1900392,2019,1,28,99,50000 and OVER,9,4295,Oak Park,C,Urban Minor Arterial,8,16,22,10274584,1,Cook,0,19,,,2,N,(UNK),(UNK),201901029459,City,1,0,N,,,,4,11929,(N/A),Straight and Level,No Defects,1,2,Minor Arterial,4,,X001430264,Not Toll,73,1,1,Two-way Continuous Left-Tur,4,2943529.23227877,1907658.92181425,41.87973903375625,-87.791,,Urban,8,N,(N/A),Y,(N/A)
2019,2019-01-22,Tuesday,10,10:17 AM,Property Damage,No Injuries,0,0,0,0,0,3,Turning,10,N,N,Failing to Yield Right of Way,Improper Overtaking/Passing,Daylight,Rain,Wet,N,,,,,No Controls,No Controls,N,2,41.8870064,-87.7832149,ok,(N/A),1,2019,,1,2,4,50000 and OVER,9,4295,Oak Park,C,Urban Local Road or Street,0,16,22,10274585,1,Cook,C,19,0,,2,X001430265,(UNK),(UNK),201901029460,Local,1,1.08,N,,,,2,11930,(N/A),Straight and Level,No Defects,1,2,No Median Barrier,7,3036,1900390,Urban,73,1,1,Divided,2,2945581.11371634,1910363.38073833,41.88699853378195,-87.7832,,(UNK),2,(N/A),N,Y,N