crash_year,crash_date,day_of_week,crash_hour,time_of_crash,crash_severity,crash_injury_severity,total_injured,total_fatals,a_injuries,b_injuries,c_injuries,no_injuries,type_of_first_crash,collision_type_code,pedestrian_involved,pedalcyclist_involved,cause1,cause2,lighting_cond,weather_cond,road_surface_cond,intersection_related,is_intersection,highway_or_street_name,at_intersection_with,address_no,traffic_control_device,traffic_control_device_cond,hit_and_run,number_of_vehicles,latitude,longitude,location_status,access_control,agency_code,agency_report_number,agency_report_year,alignment_code,cause1_code,cause2_code,city_class,city_class_code,city_code,city_name,city_township_flag,class_of_trafficway,class_of_trafficway_code,county_code,crash_day,crash_id,crash_month,crash_report_county,crash_severity_cd,crash_yr_source,damaged_property1,damaged_property2,day_of_week_code,did_crash_occur_in_work_zone,did_involve_secondary_crash,flow_condition,icn,investigating_agency_descrip,light_condition_code,mile_station,nhs,non_intersection_direction,non_intersection_distance,non_intersection_units,number_of_lanes,objectid,railroad_crossing_number,road_alignment,road_defects,road_defects_code,road_surface_condition_code,roadway_functional_class,roadway_functional_class_code,route_number,sfe,toll,township,traffic_control_device_code,traffic_control_device_cond_code,trafficway_descrip,trafficway_description_code,ts_crash_coordinate_x,ts_crash_coordinate_y,ts_crash_latitude,ts_crash_longitude,type_report,urban_rural,weather_code,were_workers_present,work_zone,work_zone_related,work_zone_type
2019,2019-01-22,Tuesday,03,03:48 AM,Property Damage,No Injuries,0,0,0,0,0,1,Fixed Object,6,N,N,Improper Lane Usage,Unable to Determine,Darkness / Lighted Road,Snow,Snow or Slush,N,,,,,Traffic Signal,Functioning Properly,N,1,41.8978908,-87.8053852,ok,(UNK),1,1900107,2019,1,20,18,50000 and OVER,9,4295,Oak Park,C,Urban Other Principal Arte,0,16,22,10274592,1,Cook,0,19,FIRE HYDRANT,TREE,2,N,(UNK),(UNK),201901029467,City,5,27.29,Y,,,,4,11947,(N/A),Straight and Level,No Defects,1,3,Other Principal Arterial (PAS),3,5043,X001430272,Not Toll,73,3,4,Not Divided,1,2939434.69867065,1914162.88634269,41.897882994220545,-87.8054,,Urban,3,N,(N/A),Y,(N/A)
2019,2019-01-18,Friday,06,06:25 AM,Property Damage,No Injuries,0,0,0,0,0,5,Front to Rear,11,N,N,Following Too Closely,Driving Skills/Knowledge/Experience,Daylight,Clear,Dry,N,,,,,Lane Use Marking,Functioning Properly,N,3,,,missing,(UNK),3,03-19-00788,2019,1,3,15,50000 and OVER,9,4295,Oak Park,C,(UNK),8,16,18,10272675,1,Cook,0,19,,,5,N,(UNK),(UNK),201901027698,ISP,1,0,N,,,,6,12285,(N/A),Straight and Level,No Defects,1,1,(UNK),0,0,X001428466,No Toll,,12,4,Divided With Median Barrier,3,0,0,,,,(UNK),1,N,(N/A),Y,(N/A)
2019,2019-01-21,Monday,11,11:04 AM,Property Damage,No Injuries,0,0,0,0,0,1,Parked Motor Vehicle,9,N,N,Unable to Determine,Unable to Determine,Daylight,Snow,Snow or Slush,N,,,,,No Controls,No Controls,Y,2,41.8690831,-87.7828093,ok,(UNK),1,1900370,2019,1,18,18,50000 and OVER,9,4295,Oak Park,C,Urban Local Road or Street,0,16,21,10274145,1,Cook,0,19,,,1,N,(UNK),(UNK),201901029057,City,1,0.11,N,,,,2,12490,(N/A),Straight and Level,No Defects,1,3,Local Road or Street,7,2635,X001429849,Not Toll,73,1,1,Not Divided,1,2945873.05373515,1903834.86856171,41.869075239078285,-87.7828,,Urban,3,N,(N/A),Y,(N/A)
2019,2019-01-18,Friday,17,05:55 PM,Property Damage,No Injuries,0,0,0,0,0,2,Front to Rear,11,N,N,Following Too Closely,Failing to Reduce Speed to Avoid Crash,Darkness / Lighted Road,Clear,Dry,N,,,,,Lane Use Marking,Functioning Properly,N,2,41.9089356,-87.799226,ok,(UNK),1,1900332,2019,1,3,28,50000 and OVER,9,4295,Oak Park,C,Urban Other Principal Arte,0,16,18,10273803,1,Cook,0,19,,,5,N,(UNK),(UNK),201901028745,City,5,129.51,Y,,,,4,12746,(N/A),Straight and Level,No Defects,1,1,Other Principal Arterial (PAS),3,5064,X001429527,Not Toll,73,12,4,Divided With Median Barrier,3,2941000.50294414,1918234.03463041,41.908927711094755,-87.7992,,Urban,1,N,(N/A),Y,(N/A)
2019,2019-01-19,Saturday,15,03:13 PM,Property Damage,No Injuries,0,0,0,0,0,1,Parked Motor Vehicle,9,N,N,Weather,Failing to Reduce Speed to Avoid Crash,Daylight,Snow,Snow or Slush,N,,,,,No Controls,No Controls,N,2,41.8801764,-87.7983845,ok,(UNK),1,1900341,2019,1,11,28,50000 and OVER,9,4295,Oak Park,C,Urban Local Road or Street,0,16,19,10273980,1,Cook,0,19,,,6,N,(UNK),(UNK),201901028907,City,1,0,N,,,,2,13239,(N/A),Straight and Level,No Defects,1,3,Local Road or Street,7,2693,X001429692,Not Toll,73,1,1,Not Divided,1,2941518.99528001,1907759.97162037,41.8801685353007,-87.7984,,Urban,3,N,(N/A),Y,(N/A)
2019,2019-01-20,Sunday,14,02:49 PM,Property Damage,No Injuries,0,0,0,0,0,1,Parked Motor Vehicle,9,N,N,Unable to Determine,Unable to Determine,Daylight,Snow,Snow or Slush,N,,,,,No Controls,No Controls,Y,2,41.9072964,-87.7768286,ok,(UNK),1,1900354,2019,1,18,18,50000 and OVER,9,4295,Oak Park,C,Urban Local Road or Street,0,16,20,10274031,1,Cook,0,19,,,7,N,(UNK),(UNK),201901028952,City,1,0.13,N,,,,2,13414,(N/A),Straight and Level,No Defects,1,3,Local Road or Street,7,2603,X001429742,Not Toll,73,1,1,Not Divided,1,2947114.07845318,1917805.85867395,41.90728855571916,-87.7768,,Urban,3,N,(N/A),Y,(N/A)
2019,2019-01-20,Sunday,14,02:53 PM,Property Damage,No Injuries,0,0,0,0,0,1,Parked Motor Vehicle,9,N,N,Improper Overtaking/Passing,Failing to Reduce Speed to Avoid Crash,Unknown,Snow,Unknown,N,,,,,Stop Sign,Functioning Properly,Y,2,41.8799107,-87.803879,ok,(N/A),1,2019,,1,4,28,50000 and OVER,9,4295,Oak Park,C,Urban Local Road or Street,0,16,20,10274037,1,Cook,C,19,0,,7,X001429746,(UNK),(UNK),201901032190,Local,9,0.46,N,,,,2,13418,(N/A),Straight and Level,No Defects,1,9,No Median Barrier,7,2718,1900355,Urban,73,2,4,Divided,2,2940025.29397469,1907621.88083308,41.87990283889782,-87.8039,,(UNK),3,(N/A),N,Y,N
2019,2019-01-22,Tuesday,17,05:53 PM,Property Damage,No Injuries,0,0,0,0,0,5,Front to Rear,11,N,N,Failing to Reduce Speed to Avoid Crash,Driving Skills/Knowledge/Experience,Darkness / Lighted Road,Rain,Wet,Y,,,,,No Controls,No Controls,N,3,41.909113,-87.7860142,ok,(UNK),1,1900398,2019,1,28,15,50000 and OVER,9,4295,Oak Park,C,Urban Other Principal Arte,6,16,22,10275352,1,Cook,0,19,,,2,N,(UNK),(UNK),201901030252,City,5,130.19,Y,,,,4,14082,(N/A),Straight and Level,No Defects,1,2,Other Principal Arterial (PAS),3,5064,X001430977,Not Toll,73,1,1,Not Divided,1,2944595.15642811,1918398.29212413,41.90910515226131,-87.786,,Urban,2,N,(N/A),Y,(N/A)
2019,2019-01-23,Wednesday,07,07:54 AM,Property Damage,No Injuries,0,0,0,0,0,2,Angle,15,N,N,Failing to Reduce Speed to Avoid Crash,Weather,Daylight,Snow,Snow or Slush,Y,,,,,No Controls,No Controls,N,2,41.9036274,-87.7948967,ok,(UNK),1,1900407,2019,1,28,11,50000 and OVER,9,4295,Oak Park,C,Urban Major Collector,8,16,23,10275920,1,Cook,0,19,,,3,N,(UNK),(UNK),201901030771,City,1,0,N,,,,4,14367,(N/A),Straight and Level,No Defects,1,3,Major Collector,5,,X001431503,Not Toll,73,1,1,Not Divided,1,2942232.50916615,1916332.21937779,41.903619574771255,-87.7949,,Urban,3,N,(N/A),Y,(N/A)
2019,2019-01-21,Monday,11,11:28 AM,Property Damage,No Injuries,0,0,0,0,0,2,Front to Rear,11,N,N,Failing to Reduce Speed to Avoid Crash,Following Too Closely,Daylight,Clear,Dry,N,,,,,Traffic Signal,Functioning Properly,N,2,41.8711363,-87.7744781,ok,Partial Access Control,3,03-19-00962,2019,1,28,3,50000 and OVER,9,4295,Oak Park,C,Urban InterState (PAS),8,16,21,10276032,1,Cook,0,19,,,1,N,(UNK),(UNK),201901030866,ISP,1,0,Y,,,,2,14988,(N/A),Straight and Level,No Defects,1,1,InterState (PAS),1,,X001431601,Not Toll,73,3,4,Ramp,11,2948121.50231228,1904646.27156357,41.871128480399335,-87.7745,,Urban,1,N,(N/A),Y,(N/A)
2019,2019-01-25,Friday,12,12:43 PM,Property Damage,No Injuries,0,0,0,0,0,2,Fixed Object,6,N,N,Operating Vehicle In Reckless Manner,Driving Skills/Knowledge/Experience,Daylight,Clear,Dry,N,,,,,Traffic Signal,Functioning Properly,Y,1,41.8873369,-87.7944767,ok,(N/A),1,2019,BRIDGE UNDERSIDE,1,50,15,50000 and OVER,9,4295,Oak Park,C,Urban Major Collector,8,16,25,10279811,1,Cook,C,19,0,BRIDGE UNDERSIDE,5,X001433950,(UNK),(UNK),201901033181,Major,1,0,N,,,,2,15764,(N/A),Straight and Level,No Defects,1,1,No Median Barrier,5,,1900447,Urban,73,3,4,Divided,2,2942511.08551155,1910398.79662785,41.887329030077325,-87.7945,,(UNK),1,(N/A),N,Y,N
2019,2019-01-24,Thursday,16,04:43 PM,Property Damage,No Injuries,0,0,0,0,0,4,Angle,15,N,N,Disregarding Traffic Signals,Failing to Reduce Speed to Avoid Crash,Darkness / Lighted Road,Snow,Snow or Slush,Y,,,,,Traffic Signal,Functioning Properly,N,3,41.8983678,-87.7752729,ok,(UNK),1,1900437,2019,1,25,28,50000 and OVER,9,4295,Oak Park,C,Urban Minor Arterial,8,16,24,10279812,1,Cook,0,19,,,4,N,(UNK),(UNK),201901033182,City,5,0,N,,,,(UNK),15765,(N/A),Straight and Level,No Defects,1,3,Minor Arterial,4,,X001433951,Not Toll,,3,4,Not Divided,1,2947628.33141324,1914563.91485617,41.898359977696515,-87.7753,,Urban,3,N,(N/A),Y,(N/A)
2019,2019-01-25,Friday,17,05:21 PM,Property Damage,No Injuries,0,0,0,0,0,1,Fixed Object,6,N,N,Exceeding Safe Speed For Conditions,(N/A),Darkness / Lighted Road,Snow,Snow or Slush,N,,,,,Stop Sign,Functioning Properly,N,1,41.9037949,-87.7841391,ok,(UNK),1,1900456,2019,1,27,99,50000 and OVER,9,4295,Oak Park,C,Urban Major Collector,8,16,25,10279813,1,Cook,0,19,STOP SIGN,,5,N,(UNK),(UNK),201901033183,City,5,0,N,,,,2,15766,(N/A),Straight and Level,No Defects,1,3,Major Collector,5,,X001433952,Not Toll,73,2,4,Not Divided,1,2945159.45204818,1916474.45548761,41.903787066472844,-87.7841,,Urban,3,N,(N/A),Y,(N/A)
2019,2019-01-25,Friday,08,08:10 AM,Property Damage,No Injuries,0,0,0,0,0,3,Front to Rear,11,N,N,Failing to Reduce Speed to Avoid Crash,Unable to Determine,Daylight,Clear,Dry,N,,,,,No Controls,No Controls,N,2,41.8984374,-87.8054033,ok,(N/A),1,2019,,1,28,18,50000 and OVER,9,4295,Oak Park,C,Urban Other Principal Arte,0,16,25,10279849,1,Cook,C,19,0,,5,X001433965,(UNK),(UNK),201901033196,Other,1,27.33,Y,,,,2,15848,(N/A),Straight and Level,No Defects,1,1,No Median Barrier,3,5043,1900125,Urban,73,1,1,Divided,2,2939424.30032885,1914361.93110228,41.898429563089486,-87.8054,,(UNK),1,(N/A),N,Y,N
2019,2019-01-26,Saturday,16,04:03 PM,Property Damage,No Injuries,0,0,0,0,0,8,Front to Rear,11,N,N,Failing to Reduce Speed to Avoid Crash,Weather,Daylight,Snow,Snow or Slush,Y,,,,,Traffic Signal,Functioning Properly,N,2,41.8738936,-87.8045321,ok,Partial Access Control,1,19-00291,2019,1,28,11,50000 and OVER,9,4295,Oak Park,C,Urban InterState (PAS),6,16,26,10280268,1,Cook,0,19,,,6,N,(UNK),(UNK),201901033591,City,1,25.63,Y,,,,5,15858,(N/A),Straight and Level,No Defects,1,3,InterState (PAS),1,5043,X001434441,Not Toll,73,3,4,Divided With Median Barrier,3,2939907.81893247,1905424.26405409,41.87388579474473,-87.8045,,Urban,3,N,(N/A),Y,(N/A)
2019,2019-01-24,Thursday,21,09:40 PM,Property Damage,No Injuries,0,0,0,0,0,1,Parked Motor Vehicle,9,N,N,Improper Lane Usage,(N/A),Darkness / Lighted Road,Cloudy/Overcast,Snow or Slush,N,,,,,No Controls,No Controls,Y,2,41.8796767,-87.7999289,ok,(N/A),1,2019,,1,20,99,50000 and OVER,9,4295,Oak Park,C,Urban Minor Arterial,0,16,24,10279432,1,Cook,C,19,0,,4,X001433589,(UNK),(UNK),201901032832,Minor,5,3.32,N,,,,4,15871,(N/A),Straight and Level,No Defects,1,3,No Median Barrier,4,1419,1900440,Urban,73,1,1,Divided,2,2941103.41887121,1907566.26542967,41.879668841917194,-87.7999,,(UNK),8,(N/A),N,Y,N
2019,2019-01-25,Friday,08,08:00 AM,Property Damage,No Injuries,0,0,0,0,0,1,Parked Motor Vehicle,9,N,N,Improper Backing,(N/A),Unknown,Clear,Snow or Slush,N,,,,,No Controls,No Controls,N,2,41.8815135,-87.7987729,ok,(UNK),1,1900445,2019,1,30,99,50000 and OVER,9,4295,Oak Park,C,Urban Major Collector,0,16,25,10279442,1,Cook,0,19,,,5,N,(UNK),(UNK),201901032841,City,9,0.31,N,,,,1,15891,(N/A),Straight and Level,No Defects,1,3,Major Collector,5,5,X001433599,Not Toll,73,1,1,One-Way,10,2941399.76188616,1908244.31191472,41.88150562716528,-87.7988,,Urban,1,N,(N/A),Y,(N/A)
2019,2019-01-23,Wednesday,21,09:15 PM,Property Damage,No Injuries,0,0,0,0,0,2,Sideswipe Same Direction,12,N,N,Improper Lane Usage,(N/A),Darkness / Lighted Road,Clear,Dry,N,,,,,Lane Use Marking,Functioning Properly,N,2,41.8735079,-87.8045198,ok,Partial Access Control,3,03-19-01077,2019,2,20,99,50000 and OVER,9,4295,Oak Park,C,Urban InterState (PAS),0,16,23,10278470,1,Cook,0,19,,,3,N,(UNK),(UNK),201901031992,ISP,5,21.58,Y,,,,2,16265,(N/A),Straight On Grade,No Defects,1,1,InterState (PAS),1,9290,X001432736,Not Toll,73,12,4,Divided With Median Barrier,3,2939915.04139067,1905283.80433685,41.87350010539644,-87.8045,,Urban,1,N,(N/A),Y,(N/A)
2019,2019-01-25,Friday,14,02:26 PM,Injury,B Injury Crash,1,0,0,1,0,3,Front to Front,14,N,N,Weather,Exceeding Safe Speed For Conditions,Daylight,Snow,Wet,Y,,,,,No Controls,No Controls,Y,3,41.9092178,-87.7788463,ok,(N/A),1,2019,,1,11,27,50000 and OVER,9,4295,Oak Park,C,Urban Other Principal Arte,0,16,25,10280337,1,Cook,C,19,2,,5,X001434507,(UNK),(UNK),201901033656,Other,1,130.56,Y,,,,4,16412,(N/A),Straight and Level,Unknown,99,2,No Median Barrier,3,5064,JC129383,Urban,73,1,1,Divided,2,2946545.31926406,1918490.74458553,41.909209937602924,-87.7788,,(UNK),3,(N/A),N,N,N
2019,2019-01-24,Thursday,07,07:16 AM,Property Damage,No Injuries,0,0,0,0,0,2,Turning,10,N,N,Improper Turning/No Signal,(N/A),Daylight,Clear,Dry,N,,,,,No Controls,No Controls,N,2,41.8942278,-87.8049042,ok,(UNK),1,1900431,2019,1,6,99,50000 and OVER,9,4295,Oak Park,C,Urban Minor Arterial,0,16,24,10278498,1,Cook,0,19,,,4,N,(UNK),(UNK),201901032014,City,1,2.57,N,,,,2,16420,(N/A),Straight and Level,No Defects,1,1,Minor Arterial,4,1398,X001432757,Not Toll,73,1,1,Not Divided,1,2939602.42734173,1912831.62932819,41.89422000117454,-87.8049,,Urban,1,N,(N/A),Y,(N/A)
2019,2019-01-23,Wednesday,07,07:48 AM,Property Damage,No Injuries,0,0,0,0,0,3,Sideswipe Same Direction,12,N,N,Unable to Determine,Improper Overtaking/Passing,Daylight,Snow,Wet,Y,,,,,Traffic Signal,Functioning Properly,N,2,41.9087836,-87.8057828,ok,(UNK),1,1900113,2019,1,18,4,50000 and OVER,9,4295,Oak Park,C,Urban Other Principal Arte,6,16,23,10278504,1,Cook,0,19,,,3,N,(UNK),(UNK),201901032018,City,1,28.04,Y,,,,(UNK),16421,(N/A),Straight and Level,No Defects,1,2,Other Principal Arterial (PAS),3,5043,X001432761,Not Toll,73,3,4,Not Divided,1,2939217.15400692,1918129.42300251,41.908775715474604,-87.8058,,Urban,3,N,(N/A),Y,(N/A)
2019,2019-01-19,Saturday,10,10:00 AM,Property Damage,No Injuries,0,0,0,0,0,2,Front to Rear,11,N,N,Unable to Determine,Unable to Determine,Daylight,Snow,Snow or Slush,N,,,,,Traffic Signal,Functioning Properly,N,2,41.8978908,-87.8053858,ok,(N/A),1,2019,,1,18,18,50000 and OVER,9,4295,Oak Park,C,Urban Other Principal Arte,0,16,19,10278505,1,Cook,C,19,0,,6,X001432762,(UNK),(UNK),201901032019,Other,1,27.29,Y,,,,4,16422,(N/A),Straight and Level,No Defects,1,3,No Median Barrier,3,5043,1900115,Urban,73,3,4,Divided,2,2939434.54699787,1914162.87889085,41.897882985239995,-87.8054,,(UNK),3,(N/A),N,Y,N
2019,2019-01-20,Sunday,12,12:10 PM,Property Damage,No Injuries,0,0,0,0,0,4,Front to Rear,11,N,N,Failing to Reduce Speed to Avoid Crash,Weather,Daylight,Clear,Wet,N,,,,,No Controls,No Controls,N,2,41.9023991,-87.8055585,ok,(N/A),1,2019,,1,28,11,50000 and OVER,9,4295,Oak Park,C,Urban Other Principal Arte,0,16,20,10278506,1,Cook,C,19,0,,7,X001432763,(UNK),(UNK),201901032020,Other,1,27.6,Y,,,,2,16423,(N/A),Straight and Level,No Defects,1,2,No Median Barrier,3,5043,1900099,Urban,73,1,1,Divided,2,2939342.27715359,1915804.47591777,41.9023912347107,-87.8056,,(UNK),1,(N/A),N,Y,N
2019,2019-01-26,Saturday,09,09:30 AM,Property Damage,No Injuries,0,0,0,0,0,1,Fixed Object,6,N,N,Failing to Reduce Speed to Avoid Crash,Driving Skills/Knowledge/Experience,Daylight,Clear,Ice,N,,,,,Lane Use Marking,Functioning Properly,N,1,41.8714851,-87.7783943,ok,Partial Access Control,3,03-19-01266,2019,1,28,15,50000 and OVER,9,4295,Oak Park,C,Urban InterState (PAS),0,16,26,10279989,1,Cook,0,19,,,6,N,(UNK),(UNK),201901033329,ISP,1,22.88,Y,,,,6,16478,(N/A),Straight and Level,No Defects,1,4,InterState (PAS),1,9290,X001434100,Not Toll,73,12,4,Divided With Median Barrier,3,2947051.27461377,1904743.6576268,41.87147726911889,-87.7784,,Urban,1,N,(N/A),Y,(N/A)
2019,2019-01-26,Saturday,10,10:35 AM,Property Damage,No Injuries,0,0,0,0,0,2,Sideswipe Same Direction,12,N,N,Improper Lane Usage,Improper Overtaking/Passing,Daylight,Clear,Snow or Slush,N,,,,,Lane Use Marking,Functioning Properly,N,2,41.8736416,-87.8045257,ok,Partial Access Control,3,03-19-01274,2019,1,20,4,50000 and OVER,9,4295,Oak Park,C,Urban InterState (PAS),6,16,26,10279990,1,Cook,0,19,,,6,N,(UNK),(UNK),201901033330,ISP,1,25.61,Y,,,,6,16479,(N/A),Straight and Level,Other,10,3,InterState (PAS),1,5043,X001434101,Not Toll,73,12,4,Divided With Median Barrier,3,2939912.07680979,1905332.46798708,41.873633766169135,-87.8045,,Urban,1,N,(N/A),N,(N/A)
2019,2019-01-27,Sunday,16,04:45 PM,Property Damage,No Injuries,0,0,0,0,0,1,Parked Motor Vehicle,9,N,N,Unable to Determine,Unable to Determine,Darkness / Lighted Road,Clear,Snow or Slush,N,,,,,No Controls,No Controls,Y,2,41.9070999,-87.7872764,ok,(UNK),1,1900489,2019,1,18,18,50000 and OVER,9,4295,Oak Park,C,Urban Local Road or Street,0,16,27,10281715,1,Cook,0,19,,,7,N,(UNK),(UNK),201901035032,City,5,0.13,N,,,,2,16797,(N/A),Straight and Level,No Defects,1,3,Local Road or Street,7,2643,X001435695,Not Toll,73,1,1,Not Divided,1,2944271.93214967,1917655.1569227,41.90709210008016,-87.7873,,Urban,1,N,(N/A),Y,(N/A)
2019,2019-01-25,Friday,16,04:41 PM,Injury,B Injury Crash,1,0,0,1,0,3,Front to Front,14,N,N,Driving On Wrong Side/Wrong Way,Failing to Reduce Speed to Avoid Crash,Darkness / Lighted Road,Snow,Snow or Slush,N,,,,,No Controls,No Controls,N,2,41.8723332,-87.7979131,ok,Partial Access Control,1,1900452,2019,1,5,28,50000 and OVER,9,4295,Oak Park,C,Urban Local Road or Street,8,16,25,10282854,1,Cook,2,19,,,5,N,(UNK),(UNK),201901035732,City,5,0,N,,,,2,16982,(N/A),Straight and Level,No Defects,1,3,Local Road or Street,7,,X001436411,Not Toll,73,1,1,Not Divided,1,2941726.2950448,1904905.32569416,41.872325370275696,-87.7979,,Urban,3,N,(N/A),Y,(N/A)
2019,2019-01-26,Saturday,21,09:00 PM,Property Damage,No Injuries,0,0,0,0,0,1,Parked Motor Vehicle,9,N,N,Unable to Determine,(N/A),Darkness / Lighted Road,Snow,Snow or Slush,N,,,,,No Controls,No Controls,Y,2,41.9092388,-87.7759778,ok,(N/A),1,2019,,1,18,99,50000 and OVER,9,4295,Oak Park,C,Urban Other Principal Arte,0,16,26,10280969,1,Cook,C,19,0,,6,X001435139,(UNK),(UNK),201901034252,Other,5,130.71,Y,,,,2,17076,(N/A),Straight and Level,No Defects,1,3,No Median Barrier,3,5064,JC131442,Urban,73,1,1,Divided,2,2947325.94014739,1918520.18170169,41.90923099875461,-87.776,,(UNK),3,(N/A),N,Y,N
2019,2019-01-26,Saturday,17,05:31 PM,Property Damage,No Injuries,0,0,0,0,0,2,Front to Rear,11,N,N,Distraction - From Outside Vehicle,Weather,Darkness / Lighted Road,Snow,Snow or Slush,N,,,,,No Controls,No Controls,N,2,41.8956639,-87.8019618,ok,(UNK),1,1900472,2019,1,40,11,50000 and OVER,9,4295,Oak Park,C,Urban Local Road or Street,0,16,26,10283694,1,Cook,0,19,,,6,N,(UNK),(UNK),201901036028,City,5,0.15,N,,,,2,17221,(N/A),Straight and Level,No Defects,1,3,Local Road or Street,7,2701,X001436706,Not Toll,73,1,1,Not Divided,1,2940389.1434126,1913377.04512628,41.89565608907649,-87.802,,Urban,3,N,(N/A),Y,(N/A)
2019,2019-01-25,Friday,21,09:01 PM,Property Damage,No Injuries,0,0,0,0,0,3,Front to Rear,11,N,N,Following Too Closely,Weather,Darkness / Lighted Road,Snow,Ice,Y,,,,,Traffic Signal,Functioning Properly,N,2,41.8736413,-87.8045235,ok,Partial Access Control,1,1900459,2019,3,3,11,50000 and OVER,9,4295,Oak Park,C,Urban InterState (PAS),0,16,25,10283601,1,Cook,0,19,,,5,N,(UNK),(UNK),201901035942,City,5,25.61,Y,,,,6,17485,(N/A),Straight On Hillcrest,No Defects,1,4,InterState (PAS),1,5043,X001436623,Not Toll,73,3,4,Divided With Median Barrier,3,2939912.68633389,1905332.38617869,41.87363349582927,-87.8045,,Urban,3,N,(N/A),Y,(N/A)
2019,2019-01-27,Sunday,18,06:40 PM,Property Damage,No Injuries,0,0,0,0,0,3,Sideswipe Same Direction,12,N,N,Improper Lane Usage,Failing to Reduce Speed to Avoid Crash,Darkness / Lighted Road,Clear,Wet,N,,,,,Lane Use Marking,Functioning Properly,Y,2,41.8734961,-87.8043986,ok,Partial Access Control,3,03-19-01382,2019,3,20,28,50000 and OVER,9,4295,Oak Park,C,Urban InterState (PAS),0,16,27,10283673,1,Cook,0,19,,,7,N,(UNK),(UNK),201901036011,ISP,5,21.59,Y,,,,2,17695,(N/A),Straight On Hillcrest,No Defects,1,2,InterState (PAS),1,9290,X001436689,Not Toll,73,12,4,Divided With Median Barrier,3,2939948.15559631,1905280.41224491,41.87348830400316,-87.8044,,Urban,1,N,(N/A),Y,(N/A)
2019,2019-01-28,Monday,13,01:43 PM,Property Damage,No Injuries,0,0,0,0,0,4,Front to Rear,11,N,N,Following Too Closely,(N/A),Daylight,Cloudy/Overcast,Snow or Slush,N,,,,,Unknown,No Controls,N,2,41.9091103,-87.7885076,ok,(N/A),1,2019,,1,3,99,50000 and OVER,9,4295,Oak Park,C,Urban Other Principal Arte,0,16,28,10283744,1,Cook,C,19,0,,1,X001436741,(UNK),(UNK),201901036065,Other,1,130.06,Y,,,,4,17710,(N/A),Straight and Level,Unknown,99,3,No Median Barrier,3,5064,JC132500,Urban,73,99,1,Divided,2,2943916.45167134,1918378.48457694,41.909102492460725,-87.7885,,(UNK),8,(N/A),N,N,N
2019,2019-01-27,Sunday,10,10:11 AM,Property Damage,No Injuries,0,0,0,0,0,2,Front to Rear,11,N,N,Following Too Closely,Failing to Reduce Speed to Avoid Crash,Daylight,Clear,Wet,N,,,,,Traffic Signal,Functioning Properly,N,2,41.8815851,-87.7945128,ok,(UNK),1,1900483,2019,1,3,28,50000 and OVER,9,4295,Oak Park,C,Urban Major Collector,0,16,27,10283750,1,Cook,0,19,,,7,N,(UNK),(UNK),201901036071,City,1,0.53,N,,,,2,17713,(N/A),Straight and Level,No Defects,1,2,Major Collector,5,5,X001436756,Not Toll,73,3,4,Not Divided,1,2942559.21949733,1908302.48680139,41.88157729838459,-87.7945,,Urban,1,N,(N/A),Y,(N/A)
2019,2019-01-29,Tuesday,10,10:40 AM,Property Damage,No Injuries,0,0,0,0,0,2,Sideswipe Same Direction,12,N,N,Failing to Yield Right of Way,(N/A),Daylight,Clear,Wet,N,,,,,No Controls,No Controls,N,2,41.8798122,-87.7884016,ok,(UNK),1,1900507,2019,1,2,99,50000 and OVER,9,4295,Oak Park,C,Urban Minor Arterial,0,16,29,10285766,1,Cook,0,19,,,2,N,(UNK),(UNK),201901037863,City,1,3.91,N,,,,4,17771,(N/A),Straight and Level,No Defects,1,2,Minor Arterial,4,1419,X001438638,Not Toll,73,1,1,Divided With Median Barrier,3,2944241.41591708,1907702.47164331,41.879804333601015,-87.7884,,Urban,1,N,(N/A),Y,(N/A)
2019,2019-01-29,Tuesday,08,08:50 AM,Property Damage,No Injuries,0,0,0,0,0,4,Front to Rear,11,N,N,Following Too Closely,Failing to Reduce Speed to Avoid Crash,Daylight,Clear,Snow or Slush,N,,,,,Traffic Signal,Functioning Properly,N,2,41.8982507,-87.7850068,ok,(UNK),1,1900505,2019,1,3,28,50000 and OVER,9,4295,Oak Park,C,Urban Major Collector,8,16,29,10285769,1,Cook,0,19,,,2,N,(UNK),(UNK),201901037865,City,1,0,N,,,,2,17772,(N/A),Straight and Level,No Defects,1,3,Major Collector,5,,X001438640,Not Toll,73,3,4,Not Divided,1,2944979.35594959,1914447.46815866,41.89824284280928,-87.785,,Urban,1,N,(N/A),Y,(N/A)
2019,2019-01-21,Monday,19,07:38 PM,Injury,B Injury Crash,1,0,0,1,0,2,Sideswipe Opposite Direction,13,N,N,Driving On Wrong Side/Wrong Way,Improper Lane Usage,Darkness / Lighted Road,Clear,Wet,N,,,,,No Controls,No Controls,N,2,41.8877434,-87.8049958,ok,(UNK),1,1900104,2019,1,5,20,50000 and OVER,9,4295,Oak Park,C,Urban Other Principal Arte,6,16,21,10285784,1,Cook,2,19,NOODLES AND COMPANY,,1,N,(UNK),(UNK),201901037877,City,5,26.58,Y,,,,4,17807,(N/A),Straight and Level,No Defects,1,2,Other Principal Arterial (PAS),3,5043,X001438652,Not Toll,73,1,1,Not Divided,1,2939642.5609411,1910467.88681652,41.887735547222924,-87.805,,Urban,1,N,(N/A),Y,(N/A)