crash_year,crash_date,day_of_week,crash_hour,time_of_crash,crash_severity,crash_injury_severity,total_injured,total_fatals,a_injuries,b_injuries,c_injuries,no_injuries,type_of_first_crash,collision_type_code,pedestrian_involved,pedalcyclist_involved,cause1,cause2,lighting_cond,weather_cond,road_surface_cond,intersection_related,is_intersection,highway_or_street_name,at_intersection_with,address_no,traffic_control_device,traffic_control_device_cond,hit_and_run,number_of_vehicles,latitude,longitude,location_status,access_control,agency_code,agency_report_number,agency_report_year,alignment_code,cause1_code,cause2_code,city_class,city_class_code,city_code,city_name,city_township_flag,class_of_trafficway,class_of_trafficway_code,county_code,crash_day,crash_id,crash_month,crash_report_county,crash_severity_cd,crash_yr_source,damaged_property1,damaged_property2,day_of_week_code,did_crash_occur_in_work_zone,did_involve_secondary_crash,flow_condition,icn,investigating_agency_descrip,light_condition_code,mile_station,nhs,non_intersection_direction,non_intersection_distance,non_intersection_units,number_of_lanes,objectid,railroad_crossing_number,road_alignment,road_defects,road_defects_code,road_surface_condition_code,roadway_functional_class,roadway_functional_class_code,route_number,sfe,toll,township,traffic_control_device_code,traffic_control_device_cond_code,trafficway_descrip,trafficway_description_code,ts_crash_coordinate_x,ts_crash_coordinate_y,ts_crash_latitude,ts_crash_longitude,type_report,urban_rural,weather_code,were_workers_present,work_zone,work_zone_related,work_zone_type
2019,2019-01-27,Sunday,15,03:12 PM,Property Damage,No Injuries,0,0,0,0,0,3,Front to Rear,11,N,N,Failing to Reduce Speed to Avoid Crash,Distraction - From Outside Vehicle,Daylight,Clear,Dry,N,,,,,Traffic Signal,Functioning Properly,N,2,41.8797222,-87.7746596,ok,(N/A),1,2019,,1,28,40,50000 and OVER,9,4295,Oak Park,C,Urban Minor Arterial,0,16,27,10286071,1,Cook,C,19,0,,7,X001436763,(UNK),(UNK),201901038139,Minor,1,7.68,N,,,,2,18806,(N/A),Straight and Level,No Defects,1,1,No Median Barrier,4,2790,1900485,Urban,,3,4,Divided,2,2947984.82575091,1907773.7521794,41.879714371469014,-87.7747,,(UNK),1,(N/A),N,Y,N
2019,2019-01-27,Sunday,15,03:22 PM,Property Damage,No Injuries,0,0,0,0,0,3,Front to Rear,11,N,N,Failing to Reduce Speed to Avoid Crash,(N/A),Daylight,Clear,Wet,N,,,,,Traffic Signal,Functioning Properly,N,2,41.8869832,-87.784662,ok,(UNK),1,1900486,2019,1,28,99,50000 and OVER,9,4295,Oak Park,C,Urban Major Collector,8,16,27,10286074,1,Cook,0,19,,,7,N,(UNK),(UNK),201901038141,City,1,0,N,,,,2,18807,(N/A),Straight and Level,No Defects,1,2,Major Collector,5,,X001436767,Not Toll,73,3,4,Not Divided,1,2945187.26709457,1910343.98306491,41.88697534803022,-87.7847,,Urban,1,N,(N/A),Y,(N/A)
2019,2019-01-30,Wednesday,15,03:45 PM,Property Damage,No Injuries,0,0,0,0,0,2,Front to Rear,11,N,N,Following Too Closely,Failing to Reduce Speed to Avoid Crash,Daylight,Clear,Dry,Y,,,,,Traffic Signal,Functioning Properly,N,2,41.9091775,-87.7821058,ok,(UNK),1,JC134650,2019,1,3,28,50000 and OVER,9,4295,Oak Park,C,Urban Other Principal Arte,0,16,30,10286800,1,Cook,0,19,,,3,N,(UNK),(UNK),201901038810,City,1,130.39,Y,,,,(UNK),19044,(N/A),Straight and Level,No Defects,1,1,Other Principal Arterial (PAS),3,5064,X001439469,Not Toll,73,3,4,Not Divided,1,2945658.4393564,1918451.35242539,41.90916961321424,-87.7821,,Urban,1,N,(N/A),Y,(N/A)
2019,2019-01-29,Tuesday,15,03:00 PM,Property Damage,No Injuries,0,0,0,0,0,2,Sideswipe Same Direction,12,N,N,Failing to Yield Right of Way,Following Too Closely,Daylight,Snow,Snow or Slush,Y,,,,,Lane Use Marking,Functioning Properly,N,2,41.879668,-87.8047358,ok,(N/A),1,2019,,1,2,3,50000 and OVER,9,4295,Oak Park,C,Urban Other Principal Arte,6,16,29,10285183,1,Cook,C,19,0,,2,X001438083,(UNK),(UNK),201901037318,Other,1,26.02,Y,,,,2,19118,(N/A),Straight and Level,No Defects,1,3,No Median Barrier,3,5043,19-00368,Urban,73,12,4,Divided,2,2939794.39815381,1907527.00632024,41.879660127290975,-87.8047,,(UNK),3,(N/A),N,Y,N
2019,2019-02-01,Friday,03,03:09 AM,Property Damage,No Injuries,0,0,0,0,0,2,Front to Front,14,N,N,Improper Lane Usage,Failing to Reduce Speed to Avoid Crash,Darkness / Lighted Road,Snow,Snow or Slush,N,,,,,Traffic Signal,Functioning Properly,N,2,41.8707564,-87.77434,ok,(N/A),1,2019,,1,20,28,50000 and OVER,9,4295,Oak Park,C,Urban Minor Arterial,0,16,1,10289196,2,Cook,C,19,0,,5,X001441300,(UNK),(UNK),201901040789,Minor,5,8.39,N,,,,4,19873,(N/A),Straight and Level,No Defects,1,3,No Median Barrier,4,2790,1900536,Urban,73,3,4,Divided,2,2948162.98125345,1904508.8548005,41.87074851685475,-87.7743,,(UNK),3,(N/A),N,Y,N
2019,2019-01-27,Sunday,00,00:57 AM,Property Damage,No Injuries,0,0,0,0,0,3,Front to Rear,11,N,N,Following Too Closely,Driving Skills/Knowledge/Experience,Darkness / Lighted Road,Clear,Wet,Y,,,,,Traffic Signal,Functioning Properly,Y,3,41.8736415,-87.8045249,ok,Partial Access Control,3,03-19-01328,2019,1,3,15,50000 and OVER,9,4295,Oak Park,C,Urban InterState (PAS),0,16,27,10284131,1,Cook,0,19,,,7,N,(UNK),(UNK),201901036426,ISP,5,25.61,Y,,,,2,20147,(N/A),Straight and Level,No Defects,1,2,InterState (PAS),1,5043,X001437173,Not Toll,73,3,4,Divided With Median Barrier,3,2939912.30822637,1905332.43692708,41.87363366352984,-87.8045,,Urban,1,N,(N/A),Y,(N/A)
2019,2019-02-01,Friday,08,08:41 AM,Property Damage,No Injuries,0,0,0,0,0,3,Sideswipe Same Direction,12,N,N,Improper Lane Usage,Driving Skills/Knowledge/Experience,Darkness / Lighted Road,Clear,Wet,Y,,,,,Traffic Signal,Functioning Properly,Y,2,41.8650287,-87.8042158,ok,(N/A),1,2019,,1,20,15,50000 and OVER,9,4295,Oak Park,C,Urban Other Principal Arte,0,16,1,10289724,2,Cook,C,19,0,,5,X001441801,(UNK),(UNK),201901041316,Other,5,25.01,Y,,,,5,20354,(N/A),Straight and Level,No Defects,1,2,No Median Barrier,3,5043,19-00384,Urban,52,3,4,Divided,2,2940082.91484456,1902196.10368323,41.86502087328856,-87.8042,,(UNK),1,(N/A),N,Y,N
2019,2019-01-31,Thursday,20,08:41 PM,Injury,C Injury Crash,1,0,0,0,1,2,Front to Front,14,N,N,Exceeding Safe Speed For Conditions,(N/A),Darkness,Snow,Snow or Slush,N,,,,,No Controls,No Controls,N,2,41.8835404,-87.8048613,ok,(N/A),1,2019,,1,27,99,50000 and OVER,9,4295,Oak Park,C,Urban Other Principal Arte,0,16,31,10289169,1,Cook,C,19,1,,4,X001441274,(UNK),(UNK),201901040758,Other,4,26.29,Y,,,,5,21067,(N/A),Straight and Level,No Defects,1,3,No Median Barrier,3,5043,1900533,Urban,73,1,1,Divided,2,2939721.35825984,1908937.23643433,41.883532523625114,-87.8049,,(UNK),3,(N/A),N,Y,N
2019,2019-01-31,Thursday,13,01:55 PM,Property Damage,No Injuries,0,0,0,0,0,4,Front to Rear,11,N,N,Following Too Closely,Failing to Reduce Speed to Avoid Crash,Daylight,Clear,Dry,N,,,,,Traffic Signal,Functioning Properly,N,2,41.8709693,-87.7747124,ok,Partial Access Control,3,03-19-01551,2019,2,3,28,50000 and OVER,9,4295,Oak Park,C,Urban InterState (PAS),5,16,31,10288126,1,Cook,0,19,,,4,N,(UNK),(UNK),201901039693,ISP,1,23.07,Y,,,,1,21173,(N/A),Straight On Grade,No Defects,1,1,InterState (PAS),1,9290,X001440351,Not Toll,73,3,4,Divided With Median Barrier,3,2948059.39884964,1904583.61042392,41.87096141360839,-87.7747,,Urban,1,N,(N/A),Y,(N/A)
2019,2019-02-01,Friday,09,09:16 AM,Property Damage,No Injuries,0,0,0,0,0,1,Parked Motor Vehicle,9,N,N,Failing to Reduce Speed to Avoid Crash,Unable to Determine,Unknown,Clear,Snow or Slush,N,,,,,No Controls,No Controls,Y,2,41.874591,-87.7750951,ok,(N/A),1,2019,,1,28,18,50000 and OVER,9,4295,Oak Park,C,Urban Local Road or Street,0,16,1,10289468,2,Cook,C,19,0,,5,X001441548,(UNK),(UNK),201901041062,Local,9,1.06,N,,,,2,21251,(N/A),Straight and Level,No Defects,1,3,No Median Barrier,7,4040,1900544,Urban,73,1,1,Divided,2,2947918.35824938,1905900.53868073,41.87458316855939,-87.7751,,(UNK),1,(N/A),N,Y,N
2019,2019-02-01,Friday,10,10:49 AM,Property Damage,No Injuries,0,0,0,0,0,3,Angle,15,N,N,Failing to Yield Right of Way,(N/A),Daylight,Snow,Snow or Slush,N,,,,,Traffic Signal,Functioning Properly,N,2,41.8794724,-87.8047266,ok,(N/A),1,2019,,1,2,99,50000 and OVER,9,4295,Oak Park,C,Urban Other Principal Arte,0,16,1,10289470,2,Cook,C,19,0,,5,X001441550,(UNK),(UNK),201901041064,Other,1,26.01,Y,,,,4,21272,(N/A),Straight and Level,No Defects,1,3,No Median Barrier,3,5043,1900545,Urban,73,3,4,Divided,2,2939798.87901722,1907455.79901392,41.8794645369355,-87.8047,,(UNK),3,(N/A),N,Y,N
2019,2019-02-01,Friday,10,10:51 AM,Property Damage,No Injuries,0,0,0,0,0,2,Front to Rear,11,N,N,Following Too Closely,(N/A),Daylight,Clear,Wet,N,,,,,No Controls,No Controls,N,2,41.8651783,-87.7936696,ok,(N/A),1,2019,,1,3,99,50000 and OVER,9,4295,Oak Park,C,Urban Other Principal Arte,8,16,1,10289471,2,Cook,C,19,0,,5,X001441551,(UNK),(UNK),201901041065,Other,1,0,Y,,,,4,21273,(N/A),Straight and Level,No Defects,1,2,No Median Barrier,3,,1900546,Urban,52,1,1,Divided,2,2942954.21821656,1902329.89232953,41.8651704639156,-87.7937,,(UNK),1,(N/A),N,Y,N
2019,2019-02-01,Friday,14,02:45 PM,Property Damage,No Injuries,0,0,0,0,0,2,Front to Rear,11,N,N,Failing to Reduce Speed to Avoid Crash,(N/A),Daylight,Clear,Wet,Y,,,,,Traffic Signal,Functioning Properly,N,2,41.8796592,-87.8046253,ok,(N/A),1,2019,,1,28,99,50000 and OVER,9,4295,Oak Park,C,Urban Other Principal Arte,0,16,1,10289474,2,Cook,C,19,0,,5,X001441554,(UNK),(UNK),201901041068,Other,1,3.07,Y,,,,5,21276,(N/A),Straight and Level,No Defects,1,2,No Median Barrier,3,1419,1900550,Urban,73,3,4,Divided,2,2939824.58684726,1907524.62961871,41.87965133095433,-87.8046,,(UNK),1,(N/A),N,Y,N
2019,2019-02-03,Sunday,23,11:18 PM,Property Damage,No Injuries,0,0,0,0,0,2,Turning,10,N,N,Failing to Yield Right of Way,Failing to Reduce Speed to Avoid Crash,Darkness / Lighted Road,Clear,Wet,Y,,,,,Traffic Signal,Not Functioning,N,2,41.8796729,-87.8047359,ok,(N/A),1,2019,,1,2,28,50000 and OVER,9,4295,Oak Park,C,Urban Other Principal Arte,6,16,3,10291577,2,Cook,C,19,0,POLICE CAR,7,X001443609,(UNK),(UNK),201901043102,Other,5,26.02,Y,,,,4,21426,(N/A),Straight and Level,No Defects,1,2,No Median Barrier,3,5043,19-00408,Urban,73,3,2,Divided,2,2939794.33044457,1907528.81719198,41.879665097854264,-87.8047,,(UNK),1,(N/A),N,Y,N
2019,2019-02-01,Friday,20,08:25 PM,Property Damage,No Injuries,0,0,0,0,0,3,Front to Rear,11,N,N,Following Too Closely,Failing to Reduce Speed to Avoid Crash,Darkness / Lighted Road,Clear,Dry,N,,,,,Lane Use Marking,Functioning Properly,Y,3,41.8734567,-87.803994,ok,Partial Access Control,3,03-19-01660,2019,1,3,28,50000 and OVER,9,4295,Oak Park,C,Urban InterState (PAS),0,16,1,10289903,2,Cook,0,19,,,5,N,(UNK),(UNK),201901041487,ISP,5,21.6,Y,,,,6,21487,(N/A),Straight and Level,No Defects,1,1,InterState (PAS),1,9290,X001441974,Not Toll,73,12,4,Divided With Median Barrier,3,2940058.77458938,1905269.08086046,41.87344888017719,-87.804,,Urban,1,N,(N/A),Y,(N/A)
2019,2019-02-02,Saturday,17,05:09 PM,Property Damage,No Injuries,0,0,0,0,0,2,Turning,10,N,N,Failing to Yield Right of Way,Failing to Reduce Speed to Avoid Crash,Dusk,Clear,Wet,Y,,,,,No Controls,No Controls,N,2,41.9015578,-87.8055268,ok,(UNK),1,1900172,2019,1,2,28,50000 and OVER,9,4295,Oak Park,C,Urban Other Principal Arte,6,16,2,10291737,2,Cook,0,19,,,6,N,(UNK),(UNK),201901043245,City,3,27.54,Y,,,,(UNK),22120,(N/A),Straight and Level,No Defects,1,2,Other Principal Arterial (PAS),3,5043,X001443757,Not Toll,73,1,1,Not Divided,1,2939359.35019775,1915498.14222791,41.901549974450845,-87.8055,,Urban,1,N,(N/A),Y,(N/A)
2019,2019-01-31,Thursday,09,09:25 AM,Property Damage,No Injuries,0,0,0,0,0,3,Front to Rear,11,N,N,Failing to Reduce Speed to Avoid Crash,Exceeding Safe Speed For Conditions,Daylight,Clear,Ice,N,,,,,No Controls,No Controls,Y,3,41.8882943,-87.8050142,ok,(UNK),1,1900158,2019,1,28,27,50000 and OVER,9,4295,Oak Park,C,Urban Other Principal Arte,6,16,31,10291739,1,Cook,0,19,,,4,N,(UNK),(UNK),201901043247,City,1,26.62,Y,,,,4,22128,(N/A),Straight and Level,No Defects,1,4,Other Principal Arterial (PAS),3,5043,X001443759,Not Toll,73,1,1,Not Divided,1,2939632.01030982,1910668.52066978,41.88828648570527,-87.805,,Urban,1,N,(N/A),Y,(N/A)
2019,2019-02-02,Saturday,16,04:55 PM,Property Damage,No Injuries,0,0,0,0,0,4,Sideswipe Same Direction,12,N,N,Failing to Yield Right of Way,(N/A),Darkness / Lighted Road,Clear,Dry,N,,,,,No Controls,No Controls,N,2,41.9091779,-87.7818216,ok,(UNK),1,JC137914,2019,1,2,99,50000 and OVER,9,4295,Oak Park,C,Urban Other Principal Arte,0,16,2,10290790,2,Cook,0,19,,,6,N,(UNK),(UNK),201901042340,City,5,130.41,Y,,,,4,22211,(N/A),Straight and Level,No Defects,1,1,Other Principal Arterial (PAS),3,5064,X001442838,Not Toll,73,1,1,Not Divided,1,2945735.78939173,1918453.64951349,41.909170012012616,-87.7818,,Urban,1,N,(N/A),Y,(N/A)
2019,2019-02-02,Saturday,17,05:00 PM,Property Damage,No Injuries,0,0,0,0,0,2,Front to Rear,11,N,N,Unable to Determine,Unable to Determine,Dusk,Clear,Snow or Slush,Y,,,,,No Controls,No Controls,N,2,41.9091782,-87.7817263,ok,(N/A),1,2019,,1,18,18,50000 and OVER,9,4295,Oak Park,C,Urban Other Principal Arte,0,16,2,10290791,2,Cook,C,19,0,,6,X001442839,(UNK),(UNK),201901042341,Other,3,130.41,Y,,,,4,22212,(N/A),Straight and Level,Unknown,99,3,No Median Barrier,3,5064,JC137902,Urban,73,1,1,Divided,2,2945761.74334841,1918454.5103951,41.9091703927699,-87.7817,,(UNK),1,(N/A),N,N,N
2019,2019-01-17,Thursday,16,04:30 PM,Property Damage,No Injuries,0,0,0,0,0,2,Front to Rear,11,N,N,Following Too Closely,Failing to Reduce Speed to Avoid Crash,Daylight,Clear,Dry,N,,,,,Lane Use Marking,Not Functioning,Y,2,41.8712018,-87.7784152,ok,Partial Access Control,3,03-19-00972,2019,1,3,28,50000 and OVER,9,4295,Oak Park,C,Urban InterState (PAS),0,16,17,10290042,1,Cook,0,19,,,4,N,(UNK),(UNK),201901041621,ISP,1,22.88,Y,,,,6,22395,(N/A),Straight and Level,No Defects,1,1,InterState (PAS),1,9290,X001442109,Not Toll,73,12,2,Divided With Median Barrier,3,2947048.47688137,1904640.26950098,41.87119399510685,-87.7784,,Urban,1,N,(N/A),Y,(N/A)
2019,2019-02-01,Friday,20,08:02 PM,Property Damage,No Injuries,0,0,0,0,0,2,Front to Rear,11,N,N,Following Too Closely,(N/A),Darkness,Clear,Wet,N,,,,,No Controls,No Controls,N,2,41.894353,-87.7980249,ok,(N/A),1,2019,,1,3,99,50000 and OVER,9,4295,Oak Park,C,Urban Minor Arterial,0,16,1,10292401,2,Cook,C,19,0,,5,X001444282,(UNK),(UNK),201901043791,Minor,4,2.92,N,,,,4,22636,(N/A),Straight and Level,No Defects,1,2,No Median Barrier,4,1398,1900555,Urban,73,1,1,Divided,2,2941474.24290375,1912928.90284394,41.89434516418322,-87.798,,(UNK),1,(N/A),N,Y,N
2019,2019-02-03,Sunday,07,07:46 AM,Property Damage,No Injuries,0,0,0,0,0,2,Front to Rear,11,N,N,Failing to Reduce Speed to Avoid Crash,Unable to Determine,Daylight,Cloudy/Overcast,Wet,N,,,,,No Controls,No Controls,N,2,41.8963711,-87.7860037,ok,(N/A),1,2019,,1,28,18,50000 and OVER,9,4295,Oak Park,C,Urban Local Road or Street,0,16,3,10293234,2,Cook,C,19,0,,7,X001444512,(UNK),(UNK),201901044022,Local,1,0.6,N,,,,2,22975,(N/A),Straight and Level,No Defects,1,2,No Median Barrier,7,3090,1900573,Urban,73,1,1,Divided,2,2944726.94658749,1913754.9706886,41.89636325054265,-87.786,,(UNK),8,(N/A),N,Y,N
2019,2019-02-03,Sunday,11,11:05 AM,Injury,B Injury Crash,1,0,0,1,0,1,Angle,15,N,N,Failing to Yield Right of Way,Failing to Reduce Speed to Avoid Crash,Daylight,Cloudy/Overcast,Wet,Y,,,,,Stop Sign,Functioning Properly,N,2,41.9015438,-87.8039996,ok,(N/A),1,2019,,1,2,28,50000 and OVER,9,4295,Oak Park,C,Urban Major Collector,8,16,3,10293249,2,Cook,C,19,2,,7,X001444526,(UNK),(UNK),201901044036,Major,1,0,N,,,,(UNK),23063,(N/A),Straight and Level,No Defects,1,2,No Median Barrier,5,,1900579,Urban,73,2,4,Divided,2,2939775.26475989,1915504.47233127,41.90153591629053,-87.804,,(UNK),8,(N/A),N,Y,N
2019,2019-02-03,Sunday,17,05:02 PM,Property Damage,No Injuries,0,0,0,0,0,3,Front to Rear,11,N,N,Improper Backing,Failing to Reduce Speed to Avoid Crash,Dusk,Cloudy/Overcast,Wet,N,,,,,Stop Sign,Functioning Properly,N,2,41.8697076,-87.7754996,ok,(UNK),1,1900585,2019,1,30,28,50000 and OVER,9,4295,Oak Park,C,Urban Local Road or Street,0,16,3,10293263,2,Cook,0,19,,,7,N,(UNK),(UNK),201901044051,City,3,0.05,N,,,,2,23154,(N/A),Straight and Level,No Defects,1,2,Local Road or Street,7,2603,X001444540,Not Toll,73,2,4,Not Divided,1,2947857.79082748,1904117.85392516,41.86969973412095,-87.7755,,Urban,8,N,(N/A),Y,(N/A)
2019,2019-02-05,Tuesday,08,08:15 AM,Property Damage,No Injuries,0,0,0,0,0,3,Front to Rear,11,N,N,Following Too Closely,Failing to Reduce Speed to Avoid Crash,Daylight,Clear,Dry,N,,,,,Lane Use Marking,Functioning Properly,N,3,41.871253,-87.7792241,ok,Partial Access Control,3,03-19-01883,2019,1,3,28,50000 and OVER,9,4295,Oak Park,C,Urban InterState (PAS),0,16,5,10294201,2,Cook,0,19,,,2,N,(UNK),(UNK),201901044890,ISP,1,22.84,Y,,,,8,23337,(N/A),Straight and Level,No Defects,1,1,InterState (PAS),1,9290,X001445383,Not Toll,73,12,4,Divided With Median Barrier,3,2946827.62714058,1904652.78256598,41.871245160385406,-87.7792,,Urban,1,N,(N/A),Y,(N/A)
2019,2019-02-03,Sunday,17,05:24 PM,Property Damage,No Injuries,0,0,0,0,0,2,Front to Rear,11,N,N,Failing to Reduce Speed to Avoid Crash,Following Too Closely,Darkness / Lighted Road,Clear,Dry,N,,,,,Lane Use Marking,Functioning Properly,N,2,41.8737769,-87.8045294,ok,Partial Access Control,3,03-19-01802,2019,1,28,3,50000 and OVER,9,4295,Oak Park,C,Urban InterState (PAS),0,16,3,10291453,2,Cook,0,19,,,7,N,(UNK),(UNK),201901042981,ISP,5,21.58,Y,,,,6,23435,(N/A),Straight and Level,No Defects,1,1,InterState (PAS),1,9290,X001443488,Not Toll,73,12,4,Divided With Median Barrier,3,2939909.73772801,1905381.75605136,41.873769091872845,-87.8045,,Urban,1,N,(N/A),Y,(N/A)
2019,2019-02-04,Monday,00,00:45 AM,Property Damage,No Injuries,0,0,0,0,0,1,Parked Motor Vehicle,9,N,N,Equipment-Vehicle Condition,Unable to Determine,Darkness / Lighted Road,Unknown,Unknown,N,,,,,No Controls,No Controls,N,2,41.8728993,-87.7817474,ok,(UNK),1,1900593,2019,1,10,18,50000 and OVER,9,4295,Oak Park,C,Urban Local Road or Street,0,16,4,10293806,2,Cook,0,19,,,1,N,(UNK),(UNK),201901044567,City,5,0.48,N,,,,1,23709,(N/A),Straight and Level,No Defects,1,9,Local Road or Street,7,2633,X001445048,Not Toll,73,1,1,Not Divided,1,2946123.64380873,1905233.61068838,41.87289146815784,-87.7817,,Urban,9,N,(N/A),Y,(N/A)
2019,2019-02-04,Monday,17,05:58 PM,Injury,B Injury Crash,2,0,0,1,1,4,Angle,15,N,N,Disregarding Traffic Signals,Exceeding Authorized Speed Limit,Darkness / Lighted Road,Cloudy/Overcast,Wet,Y,,,,,Traffic Signal,Functioning Properly,Y,3,41.8817127,-87.7845156,ok,(N/A),1,2019,,1,25,1,50000 and OVER,9,4295,Oak Park,C,Urban Major Collector,8,16,4,10294395,2,Cook,C,19,2,,1,X001445541,(UNK),(UNK),201901045052,Major,5,0,N,,,,2,23983,(N/A),Straight and Level,No Defects,1,2,No Median Barrier,5,,1900605,Urban,73,3,4,Divided,2,2945280.49661293,1908424.42012271,41.88170484465377,-87.7845,,(UNK),8,(N/A),N,Y,N
2019,2019-02-05,Tuesday,19,07:27 PM,Property Damage,No Injuries,0,0,0,0,0,1,Parked Motor Vehicle,9,N,N,Improper Overtaking/Passing,Improper Lane Usage,Darkness / Lighted Road,Rain,Wet,N,,,,,Traffic Signal,Functioning Properly,N,2,41.8796507,-87.8013408,ok,(N/A),1,2019,,1,4,20,50000 and OVER,9,4295,Oak Park,C,Urban Minor Arterial,0,16,5,10296219,2,Cook,C,19,0,,2,X001446749,(UNK),(UNK),201901046262,Minor,5,3.25,N,,,,4,24103,(N/A),Straight and Level,No Defects,1,2,No Median Barrier,4,1419,1900628,Urban,73,3,4,Divided,2,2940719.16482679,1907546.18048502,41.87964283110128,-87.8013,,(UNK),2,(N/A),N,Y,N
2019,2019-02-06,Wednesday,15,03:54 PM,Property Damage,No Injuries,0,0,0,0,0,1,Parked Motor Vehicle,9,N,N,Unable to Determine,Unable to Determine,Daylight,Cloudy/Overcast,Dry,N,,,,,No Controls,No Controls,N,2,41.9082749,-87.7794822,ok,(UNK),1,1900643,2019,1,18,18,50000 and OVER,9,4295,Oak Park,C,Urban Local Road or Street,0,16,6,10297375,2,Cook,0,19,,,3,N,(UNK),(UNK),201901047254,City,1,0.06,N,,,,2,24474,(N/A),Straight and Level,No Defects,1,1,Local Road or Street,7,2613,X001447753,Not Toll,73,1,1,Not Divided,1,2946381.79249156,1918142.31601149,41.90826704841328,-87.7795,,Urban,8,N,(N/A),Y,(N/A)
2019,2019-02-06,Wednesday,07,07:55 AM,Property Damage,No Injuries,0,0,0,0,0,3,Angle,15,N,N,Failing to Yield Right of Way,Disregarding Other Traffic Signs,Daylight,Cloudy/Overcast,Wet,Y,,,,,Stop Sign,Functioning Properly,N,2,41.8815933,-87.792649,ok,(UNK),1,1900634,2019,1,2,24,50000 and OVER,9,4295,Oak Park,C,Urban Major Collector,8,16,6,10296792,2,Cook,0,19,,,3,N,(UNK),(UNK),201901046792,City,1,0,N,,,,(UNK),24745,(N/A),Straight and Level,No Defects,1,2,Major Collector,5,,X001447287,Not Toll,73,2,4,Not Divided,1,2943066.71728072,1908319.49892985,41.88158544611243,-87.7926,,Urban,8,N,(N/A),Y,(N/A)
2019,2019-02-04,Monday,00,00:13 AM,Property Damage,No Injuries,0,0,0,0,0,1,Other Object,7,N,N,Unable to Determine,(N/A),Darkness / Lighted Road,Clear,Wet,N,,,,,Lane Use Marking,Functioning Properly,N,1,41.8719451,-87.7841931,ok,Partial Access Control,3,03-19-01813,2019,1,18,99,50000 and OVER,9,4295,Oak Park,C,Urban InterState (PAS),0,16,4,10297901,2,Cook,0,19,,,1,N,(UNK),(UNK),201901047753,ISP,5,22.59,Y,,,,4,25219,(N/A),Straight and Level,No Defects,1,2,InterState (PAS),1,9290,X001448253,Not Toll,73,12,4,Not Divided,1,2945467.17293958,1904867.37439272,41.87193726908853,-87.7842,,Urban,1,N,(N/A),Y,(N/A)
2019,2019-02-07,Thursday,16,04:28 PM,Property Damage,No Injuries,0,0,0,0,0,2,Angle,15,N,N,Improper Turning/No Signal,Unable to Determine,Daylight,Cloudy/Overcast,Wet,Y,,,,,Traffic Signal,Functioning Properly,Y,2,41.9087836,-87.8057828,ok,(N/A),1,2019,,1,6,18,50000 and OVER,9,4295,Oak Park,C,Urban Other Principal Arte,0,16,7,10298847,2,Cook,C,19,0,,4,X001448988,(UNK),(UNK),201901048490,Other,1,28.04,Y,,,,6,25228,(N/A),Straight and Level,No Defects,1,2,No Median Barrier,3,5043,1900656,Urban,73,3,4,Divided,2,2939217.15400692,1918129.42300251,41.908775715474604,-87.8058,,(UNK),8,(N/A),N,Y,N
2019,2019-02-08,Friday,00,00:18 AM,Property Damage,No Injuries,0,0,0,0,0,5,Turning,10,N,N,Failing to Yield Right of Way,Disregarding Traffic Signals,Darkness / Lighted Road,Clear,Dry,Y,,,,,Traffic Signal,Functioning Properly,Y,2,41.8800056,-87.7844421,ok,(N/A),1,2019,,1,2,25,50000 and OVER,9,4295,Oak Park,C,Urban Major Collector,0,16,8,10298856,2,Cook,C,19,0,,5,X001448996,(UNK),(UNK),201901048498,Major,5,1.51,N,,,,4,25239,(N/A),Straight and Level,No Defects,1,1,No Median Barrier,5,2783,1900659,Urban,73,3,4,Divided,2,2945317.78517825,1907802.88930414,41.87999777895029,-87.7844,,(UNK),1,(N/A),N,Y,N
2019,2019-02-05,Tuesday,11,11:37 AM,Property Damage,No Injuries,0,0,0,0,0,3,Turning,10,N,N,Failing to Yield Right of Way,(N/A),Daylight,Clear,Dry,Y,,,,,Traffic Signal,Not Functioning,N,2,41.8796274,-87.80232,ok,(N/A),1,2019,,1,2,99,50000 and OVER,9,4295,Oak Park,C,Urban Minor Arterial,8,16,5,10295058,2,Cook,C,19,0,,2,X001446167,(UNK),(UNK),201901045675,Minor,1,0,N,,,,4,25540,(N/A),Straight and Level,No Defects,1,1,No Median Barrier,4,,1900617,Urban,73,3,2,Divided,2,2940452.72819599,1907530.33243563,41.87961951677251,-87.8023,,(UNK),1,(N/A),N,Y,N
2019,2019-01-20,Sunday,12,12:01 PM,Injury,C Injury Crash,2,0,0,0,2,1,Front to Rear,11,N,N,Failing to Reduce Speed to Avoid Crash,Exceeding Safe Speed For Conditions,Daylight,Clear,Wet,N,,,,,No Controls,No Controls,N,3,41.8981127,-87.7925995,ok,(N/A),1,2019,,1,28,27,50000 and OVER,9,4295,Oak Park,C,Urban Local Road or Street,0,16,20,10295060,1,Cook,C,19,1,,7,X001446169,(UNK),(UNK),201901045677,Local,1,0.66,N,,,,2,25542,(N/A),Straight and Level,No Defects,1,2,No Median Barrier,7,3100,1900352,Urban,73,1,1,Divided,2,2942913.5531743,1914339.86477494,41.89810487665437,-87.7926,,(UNK),1,(N/A),N,Y,N