crash_year,crash_date,day_of_week,crash_hour,time_of_crash,crash_severity,crash_injury_severity,total_injured,total_fatals,a_injuries,b_injuries,c_injuries,no_injuries,type_of_first_crash,collision_type_code,pedestrian_involved,pedalcyclist_involved,cause1,cause2,lighting_cond,weather_cond,road_surface_cond,intersection_related,is_intersection,highway_or_street_name,at_intersection_with,address_no,traffic_control_device,traffic_control_device_cond,hit_and_run,number_of_vehicles,latitude,longitude,location_status,access_control,agency_code,agency_report_number,agency_report_year,alignment_code,cause1_code,cause2_code,city_class,city_class_code,city_code,city_name,city_township_flag,class_of_trafficway,class_of_trafficway_code,county_code,crash_day,crash_id,crash_month,crash_report_county,crash_severity_cd,crash_yr_source,damaged_property1,damaged_property2,day_of_week_code,did_crash_occur_in_work_zone,did_involve_secondary_crash,flow_condition,icn,investigating_agency_descrip,light_condition_code,mile_station,nhs,non_intersection_direction,non_intersection_distance,non_intersection_units,number_of_lanes,objectid,railroad_crossing_number,road_alignment,road_defects,road_defects_code,road_surface_condition_code,roadway_functional_class,roadway_functional_class_code,route_number,sfe,toll,township,traffic_control_device_code,traffic_control_device_cond_code,trafficway_descrip,trafficway_description_code,ts_crash_coordinate_x,ts_crash_coordinate_y,ts_crash_latitude,ts_crash_longitude,type_report,urban_rural,weather_code,were_workers_present,work_zone,work_zone_related,work_zone_type
2019,2019-02-04,Monday,12,12:20 PM,Property Damage,No Injuries,0,0,0,0,0,2,Front to Rear,11,N,N,Under Influence of Alcohol/Drugs,Failing to Reduce Speed to Avoid Crash,Darkness / Lighted Road,Clear,Dry,N,,,,,Lane Use Marking,Functioning Properly,N,2,41.871909,-87.7837844,ok,Partial Access Control,3,03-19-01813,2019,1,8,28,50000 and OVER,9,4295,Oak Park,C,Urban InterState (PAS),0,16,4,10299143,2,Cook,0,19,,,1,N,(UNK),(UNK),201901048771,ISP,5,22.61,Y,,,,8,26580,(N/A),Straight and Level,No Defects,1,1,InterState (PAS),1,9290,X001449269,Not Toll,73,12,4,Divided With Median Barrier,3,2945578.86679905,1904857.31962285,41.87190119315785,-87.7838,,Urban,1,N,(N/A),Y,(N/A)
2019,2019-02-08,Friday,07,07:47 AM,Property Damage,No Injuries,0,0,0,0,0,2,Angle,15,N,N,(N/A),(N/A),Daylight,Clear,Dry,Y,,,,,Traffic Signal,Not Functioning,N,2,41.8871074,-87.8049579,ok,(UNK),1,1900664,2019,1,99,99,50000 and OVER,9,4295,Oak Park,C,Urban Other Principal Arte,0,16,8,10299271,2,Cook,0,19,,,5,N,(UNK),(UNK),201901048891,City,1,26.54,Y,,,,(UNK),27251,(N/A),Straight and Level,No Defects,1,1,Other Principal Arterial (PAS),3,5043,X001449390,Not Toll,73,3,2,Not Divided,1,2939659.25887935,1910236.4176371,41.88709959347781,-87.805,,Urban,1,N,(N/A),Y,(N/A)
2019,2019-02-09,Saturday,18,06:20 PM,Property Damage,No Injuries,0,0,0,0,0,2,Turning,10,N,N,Improper Turning/No Signal,Improper Overtaking/Passing,Darkness / Lighted Road,Clear,Dry,N,,,,,Lane Use Marking,Functioning Properly,Y,2,41.8798053,-87.8047376,ok,(N/A),1,2019,,1,6,4,50000 and OVER,9,4295,Oak Park,C,Urban Other Principal Arte,0,16,9,10300201,2,Cook,C,19,0,,6,X001450273,(UNK),(UNK),201901049764,Other,5,19.67,Y,,,,(UNK),27288,(N/A),Straight and Level,No Defects,1,1,No Median Barrier,3,348,19-00460,Urban,73,12,4,Divided,2,2939792.52771825,1907577.03079262,41.879797436741434,-87.8047,,(UNK),1,(N/A),N,Y,N
2019,2019-02-12,Tuesday,06,06:03 AM,Property Damage,No Injuries,0,0,0,0,0,2,Front to Rear,11,N,N,Failing to Reduce Speed to Avoid Crash,Weather,Darkness / Lighted Road,Snow,Snow or Slush,Y,,,,,Traffic Signal,Functioning Properly,N,2,41.8798926,-87.7844241,ok,(UNK),1,1900727,2019,1,28,11,50000 and OVER,9,4295,Oak Park,C,Urban Minor Arterial,8,16,12,10304047,2,Cook,0,19,,,2,N,(UNK),(UNK),201901053310,City,5,0,N,,,,5,28753,(N/A),Straight and Level,No Defects,1,3,Minor Arterial,4,,X001453721,Not Toll,73,3,4,Not Divided,1,2945323.8170561,1907761.83587798,41.8798847518572,-87.7844,,Urban,3,N,(N/A),Y,(N/A)
2019,2019-02-12,Tuesday,07,07:21 AM,Property Damage,No Injuries,0,0,0,0,0,1,Parked Motor Vehicle,9,N,N,Unable to Determine,Unable to Determine,Darkness / Lighted Road,Sleet/Hail,Ice,N,,,,,No Controls,No Controls,Y,2,41.9066076,-87.7755078,ok,(UNK),1,1900728,2019,1,18,18,50000 and OVER,9,4295,Oak Park,C,Urban Minor Arterial,0,16,12,10304048,2,Cook,0,19,,,2,N,(UNK),(UNK),201901053311,City,5,5.74,N,,,,4,28754,(N/A),Straight and Level,No Defects,1,4,Minor Arterial,4,2790,X001453722,Not Toll,,1,1,Not Divided,1,2947480.63197984,1917564.86553542,41.90659973905066,-87.7755,,Urban,5,N,(N/A),Y,(N/A)
2019,2019-02-09,Saturday,16,04:50 PM,Property Damage,No Injuries,0,0,0,0,0,5,Front to Rear,11,N,N,Following Too Closely,Failing to Reduce Speed to Avoid Crash,Daylight,Clear,Dry,N,,,,,Lane Use Marking,Functioning Properly,N,2,41.8718559,-87.78318,ok,Partial Access Control,3,03-19-02157,2019,1,3,28,50000 and OVER,9,4295,Oak Park,C,Urban InterState (PAS),0,16,9,10302086,2,Cook,0,19,,,6,N,(UNK),(UNK),201901051504,ISP,1,320.97,Y,,,,6,28819,(N/A),Straight and Level,No Defects,1,1,InterState (PAS),1,5110,X001451893,Not Toll,73,12,4,Divided With Median Barrier,3,2945744.03159942,1904842.52054622,41.871848033751185,-87.7832,,Urban,1,N,(N/A),Y,(N/A)
2019,2019-02-08,Friday,14,02:39 PM,Injury,B Injury Crash,2,0,0,2,0,1,Front to Front,14,N,N,Physical Condition of Driver,Unable to Determine,Daylight,Clear,Dry,N,,,,,No Controls,No Controls,N,3,41.8983539,-87.776181,ok,(UNK),1,1900672,2019,1,17,18,50000 and OVER,9,4295,Oak Park,C,Urban Local Road or Street,0,16,8,10302111,2,Cook,2,19,FIRE HYDRANT,FIRE HYDRANT,5,N,(UNK),(UNK),201901051527,City,1,1.51,N,,,,2,28916,(N/A),Straight and Level,No Defects,1,1,Local Road or Street,7,3100,X001451917,Not Toll,73,1,1,Not Divided,1,2947381.22344011,1914551.95069189,41.89834606551986,-87.7762,,Urban,1,N,(N/A),Y,(N/A)
2019,2019-02-08,Friday,16,04:34 PM,Property Damage,No Injuries,0,0,0,0,0,2,Front to Rear,11,N,N,Following Too Closely,(N/A),Daylight,Clear,Dry,N,,,,,No Controls,No Controls,N,2,41.8722271,-87.7842066,ok,(N/A),1,2019,,1,3,99,50000 and OVER,9,4295,Oak Park,C,Urban Major Collector,0,16,8,10302145,2,Cook,C,19,0,,5,X001451950,(UNK),(UNK),201901051559,Major,1,2.05,N,,,,4,29055,(N/A),Straight and Level,No Defects,1,1,No Median Barrier,5,2783,1900676,Urban,73,1,1,Divided,2,2945460.64158165,1904970.04495199,41.872219287602746,-87.7842,,(UNK),1,(N/A),N,Y,N
2019,2019-02-08,Friday,18,06:09 PM,Injury,B Injury Crash,1,0,0,1,0,1,Front to Rear,11,N,N,Following Too Closely,Failing to Reduce Speed to Avoid Crash,Darkness / Lighted Road,Clear,Dry,Y,,,,,Traffic Signal,Functioning Properly,N,2,41.8945307,-87.784865,ok,(UNK),1,1900679,2019,1,3,28,50000 and OVER,9,4295,Oak Park,C,Urban Minor Arterial,8,16,8,10302167,2,Cook,2,19,,,5,N,(UNK),(UNK),201901051581,City,5,0,N,,,,3,29223,(N/A),Straight and Level,No Defects,1,1,Minor Arterial,4,,X001451972,Not Toll,73,3,4,Two-way Continuous Left-Tur,4,2945055.60169217,1913092.92123315,41.894522901927594,-87.7849,,Urban,1,N,(N/A),Y,(N/A)
2019,2019-02-12,Tuesday,16,04:35 PM,Property Damage,No Injuries,0,0,0,0,0,2,Sideswipe Same Direction,12,N,N,Failing to Yield Right of Way,Failing to Reduce Speed to Avoid Crash,Daylight,Snow,Wet,N,,,,,No Controls,No Controls,N,2,41.9088598,-87.8040636,ok,(UNK),1,1900739,2019,1,2,28,50000 and OVER,9,4295,Oak Park,C,Urban Other Principal Arte,0,16,12,10304915,2,Cook,0,19,,,2,N,(UNK),(UNK),201901053939,City,1,129.26,Y,,,,4,29505,(N/A),Straight and Level,No Defects,1,2,Other Principal Arterial (PAS),3,5064,X001454341,Not Toll,73,1,1,Divided With Median Barrier,3,2939684.38551157,1918170.08647984,41.90885192101972,-87.8041,,Urban,3,N,(N/A),Y,(N/A)
2019,2019-02-08,Friday,20,08:17 PM,Injury,B Injury Crash,1,0,0,1,0,1,Angle,15,N,N,Disregarding Stop Sign,Failing to Reduce Speed to Avoid Crash,Darkness / Lighted Road,Clear,Dry,Y,,,,,Stop Sign,Functioning Properly,N,2,41.8982031,-87.7882623,ok,(UNK),1,1900683,2019,1,23,28,50000 and OVER,9,4295,Oak Park,C,Urban Local Road or Street,8,16,8,10302228,2,Cook,2,19,,,5,N,(UNK),(UNK),201901051641,City,5,0,N,,,,2,29537,(N/A),Straight and Level,No Defects,1,1,Local Road or Street,7,,X001452031,Not Toll,73,2,4,Not Divided,1,2944093.49370792,1914405.5341096,41.898195281607,-87.7883,,Urban,1,N,(N/A),Y,(N/A)
2019,2019-02-12,Tuesday,17,05:38 PM,Injury,B Injury Crash,1,0,0,1,0,1,Pedestrian,1,Y,N,Failing to Yield Right of Way,Weather,Darkness,Snow,Snow or Slush,Y,,,,,Stop Sign,Functioning Properly,N,1,41.887227,-87.8024084,ok,(N/A),1,2019,,1,2,11,50000 and OVER,9,4295,Oak Park,C,Urban Major Collector,8,16,12,10304929,2,Cook,C,19,2,,2,X001454355,(UNK),(UNK),201901053953,Major,4,0,N,,,,4,29605,(N/A),Straight and Level,No Defects,1,3,No Median Barrier,5,,1900742,Urban,73,2,4,Divided,2,2940352.3261858,1910299.11963809,41.88721916438896,-87.8024,,(UNK),3,(N/A),N,Y,N
2019,2019-02-12,Tuesday,05,05:25 AM,Injury,A Injury Crash,1,0,1,0,0,1,Sideswipe Opposite Direction,13,N,N,Weather,Weather,Darkness / Lighted Road,Snow,Wet,N,,,,,Traffic Signal,Functioning Properly,N,2,41.9090361,-87.7949544,ok,(UNK),1,JC149175,2019,1,11,11,50000 and OVER,9,4295,Oak Park,C,Urban Other Principal Arte,0,16,12,10304270,2,Cook,3,19,,,2,N,(UNK),(UNK),201901053495,City,5,129.74,Y,,,,(UNK),29641,(N/A),Straight and Level,No Defects,1,2,Other Principal Arterial (PAS),3,5064,X001453908,Not Toll,73,3,4,Not Divided,1,2942162.26917967,1918302.79962426,41.90902821473386,-87.7949,,Urban,3,N,(N/A),Y,(N/A)
2019,2019-02-09,Saturday,11,11:39 AM,Property Damage,No Injuries,0,0,0,0,0,2,Angle,15,N,N,Failing to Yield Right of Way,Failing to Reduce Speed to Avoid Crash,Daylight,Clear,Dry,Y,,,,,Stop Sign,Functioning Properly,N,2,41.8982092,-87.7866326,ok,(N/A),1,2019,,1,2,28,50000 and OVER,9,4295,Oak Park,C,Urban Local Road or Street,8,16,9,10302731,2,Cook,C,19,0,,6,X001452478,(UNK),(UNK),201901052087,Local,1,0,N,,,,2,29661,(N/A),Straight and Level,No Defects,1,1,No Median Barrier,7,,1900688,Urban,73,2,4,Divided,2,2944537.13408213,1914420.04797882,41.89820132538331,-87.7866,,(UNK),1,(N/A),N,Y,N
2019,2019-02-09,Saturday,22,10:50 PM,Property Damage,No Injuries,0,0,0,0,0,3,Front to Rear,11,N,N,Failing to Yield Right of Way,(N/A),Darkness,Clear,Dry,Y,,,,,Traffic Signal,Functioning Properly,Y,2,41.9016929,-87.7948554,ok,(N/A),1,2019,,1,2,99,50000 and OVER,9,4295,Oak Park,C,Urban Major Collector,8,16,9,10302732,2,Cook,C,19,0,,6,X001452479,(UNK),(UNK),201901052088,Major,4,0,N,,,,2,29662,(N/A),Straight and Level,No Defects,1,1,No Median Barrier,5,,1900695,Urban,73,3,4,Divided,2,2942263.25714544,1915627.53832981,41.90168501273821,-87.7948,,(UNK),1,(N/A),N,Y,N
2019,2019-02-10,Sunday,05,05:21 AM,Property Damage,No Injuries,0,0,0,0,0,2,Fixed Object,6,N,N,Unable to Determine,(N/A),Darkness / Lighted Road,Clear,Dry,Y,,,,,Traffic Signal,Functioning Properly,N,1,41.8884429,-87.789594,ok,(N/A),1,2019,,1,18,99,50000 and OVER,9,4295,Oak Park,C,Urban Major Collector,8,16,10,10302733,2,Cook,C,19,0,LIGHT POLE,7,X001452480,(UNK),(UNK),201901052089,Major,5,0,N,,,,2,29663,(N/A),Straight and Level,No Defects,1,1,No Median Barrier,5,,1900696,Urban,73,3,4,Divided,2,2943829.49127009,1910838.66439381,41.88843505114412,-87.7896,,(UNK),1,(N/A),N,Y,N
2019,2019-02-10,Sunday,09,09:33 AM,Property Damage,No Injuries,0,0,0,0,0,1,Other Object,7,N,N,Unable to Determine,(N/A),Unknown,Clear,Dry,N,,,,,No Controls,No Controls,Y,1,41.8651801,-87.7934514,ok,(N/A),1,2019,,1,18,99,50000 and OVER,9,4295,Oak Park,C,Urban Other Principal Arte,0,16,10,10302735,2,Cook,C,19,0,TREE & LIGHT POLE,7,X001452482,(UNK),(UNK),201901052090,Other,9,6.55,Y,,,,4,29664,(N/A),Straight and Level,No Defects,1,1,No Median Barrier,3,347,1900697,Urban,52,1,1,Divided,2,2943013.65881886,1902332.19452489,41.865172268690486,-87.7934,,(UNK),1,(N/A),N,Y,N
2019,2019-02-10,Sunday,10,10:45 AM,Property Damage,No Injuries,0,0,0,0,0,2,Sideswipe Same Direction,12,N,N,Improper Overtaking/Passing,Unable to Determine,Daylight,Cloudy/Overcast,Dry,N,,,,,No Controls,No Controls,N,2,41.8884858,-87.794511,ok,(N/A),1,2019,,1,4,18,50000 and OVER,9,4295,Oak Park,C,Urban Major Collector,0,16,10,10302736,2,Cook,C,19,0,,7,X001452483,(UNK),(UNK),201901052091,Major,1,5.54,N,,,,5,29665,(N/A),Straight and Level,No Defects,1,1,No Median Barrier,5,2775,1900698,Urban,73,1,1,Divided,2,2942490.16541105,1910817.23697266,41.88847797939078,-87.7945,,(UNK),8,(N/A),N,Y,N
2019,2019-02-01,Friday,06,06:15 AM,Property Damage,No Injuries,0,0,0,0,0,2,Turning,10,N,N,Improper Lane Usage,Improper Turning/No Signal,Daylight,Unknown,Unknown,Y,,,,,Lane Use Marking,Functioning Properly,N,2,41.8735415,-87.8045213,ok,(N/A),1,2019,,3,20,6,50000 and OVER,9,4295,Oak Park,C,Urban InterState (PAS),0,16,1,10302738,2,Cook,C,19,0,,5,X001452485,(UNK),Partial Access Control,201901052093,InterS,1,319.91,Y,,,,6,29718,(N/A),Straight On Hillcrest,No Defects,1,9,No Median Barrier,1,5110,1900677,Urban,73,12,4,Divided,2,2939914.29337237,1905296.02413845,41.873533668873876,-87.8045,,(UNK),9,(N/A),N,Y,N
2019,2019-02-10,Sunday,15,03:06 PM,Property Damage,No Injuries,0,0,0,0,0,2,Turning,10,N,N,Exceeding Safe Speed For Conditions,Failing to Reduce Speed to Avoid Crash,Daylight,Snow,Snow or Slush,Y,,,,,Traffic Signal,Functioning Properly,N,2,41.8884677,-87.7895894,ok,(N/A),1,2019,,1,27,28,50000 and OVER,9,4295,Oak Park,C,Urban Major Collector,8,16,10,10302741,2,Cook,C,19,0,,7,X001452487,(UNK),(UNK),201901052095,Major,1,0,N,,,,2,29719,(N/A),Straight and Level,No Defects,1,3,No Median Barrier,5,,1900703,Urban,73,3,4,Divided,2,2943830.51170327,1910847.73409584,41.88845984260874,-87.7896,,(UNK),3,(N/A),N,Y,N
2019,2019-02-11,Monday,12,12:06 PM,Property Damage,No Injuries,0,0,0,0,0,2,Angle,15,N,N,Failing to Yield Right of Way,Failing to Reduce Speed to Avoid Crash,Daylight,Clear,Wet,Y,,,,,Stop Sign,Functioning Properly,N,2,41.8779415,-87.794182,ok,(UNK),1,1900714,2019,1,2,28,50000 and OVER,9,4295,Oak Park,C,Urban Major Collector,8,16,11,10302742,2,Cook,0,19,,,1,N,(UNK),(UNK),201901052096,City,1,0,N,,,,2,29720,(N/A),Straight and Level,No Defects,1,2,Major Collector,5,,X001452488,Not Toll,73,2,4,Not Divided,1,2942686.03116276,1906977.16308387,41.87793364158753,-87.7942,,Urban,1,N,(N/A),Y,(N/A)
2019,2019-02-12,Tuesday,18,06:05 PM,Injury,C Injury Crash,1,0,0,0,1,3,Front to Rear,11,N,N,Weather,Failing to Reduce Speed to Avoid Crash,Darkness / Lighted Road,Snow,Snow or Slush,Y,,,,,Traffic Signal,Functioning Properly,N,2,41.8885678,-87.8050258,ok,(UNK),1,1900747,2019,1,11,28,50000 and OVER,9,4295,Oak Park,C,Urban Other Principal Arte,0,16,12,10304953,2,Cook,1,19,,,2,N,(UNK),(UNK),201901053976,City,5,26.64,Y,,,,4,29831,(N/A),Straight and Level,No Defects,1,3,Other Principal Arterial (PAS),3,5043,X001454377,Not Toll,73,3,4,Two-way Continuous Left-Tur,4,2939626.11945591,1910768.10739695,41.88855999918635,-87.805,,Urban,3,N,(N/A),Y,(N/A)
2019,2019-02-13,Wednesday,05,05:43 AM,Property Damage,No Injuries,0,0,0,0,0,3,Sideswipe Same Direction,12,N,N,Weather,Exceeding Safe Speed For Conditions,Darkness / Lighted Road,Snow,Snow or Slush,N,,,,,No Controls,No Controls,N,3,41.8865621,-87.8049454,ok,(UNK),1,1900756,2019,1,11,27,50000 and OVER,9,4295,Oak Park,C,Urban Other Principal Arte,6,16,13,10306340,2,Cook,0,19,,,3,N,(UNK),(UNK),201901055181,City,5,26.5,Y,,,,6,29878,(N/A),Straight and Level,No Defects,1,3,Other Principal Arterial (PAS),3,5043,X001455582,Not Toll,73,1,1,Not Divided,1,2939668.14221685,1910037.78622868,41.886554271536276,-87.8049,,Urban,3,N,(N/A),Y,(N/A)
2019,2019-02-12,Tuesday,18,06:45 PM,Property Damage,No Injuries,0,0,0,0,0,3,Front to Rear,11,N,N,Weather,Unable to Determine,Darkness / Lighted Road,Snow,Snow or Slush,N,,,,,Traffic Signal,Functioning Properly,N,2,41.9086489,-87.8057753,ok,(UNK),1,1900760,2019,1,11,18,50000 and OVER,9,4295,Oak Park,C,Urban Other Principal Arte,0,16,12,10306380,2,Cook,0,19,,,2,N,(UNK),(UNK),201901055216,City,5,28.03,Y,,,,4,29994,(N/A),Straight and Level,No Defects,1,3,Other Principal Arterial (PAS),3,5043,X001455616,Not Toll,73,3,4,Not Divided,1,2939220.54514196,1918080.4043875,41.908641049840405,-87.8058,,Urban,3,N,(N/A),Y,(N/A)
2019,2019-02-08,Friday,12,12:15 PM,Injury,B Injury Crash,1,0,0,1,0,1,Front to Rear,11,N,N,Following Too Closely,(N/A),Daylight,Clear,Dry,N,,,,,No Controls,No Controls,N,2,41.8692655,-87.7742588,ok,(N/A),1,2019,,1,3,99,50000 and OVER,9,4295,Oak Park,C,Urban Minor Arterial,0,16,8,10302279,2,Cook,C,19,2,,5,X001452077,(UNK),(UNK),201901051687,Minor,1,8.46,N,,,,4,30135,(N/A),Straight and Level,No Defects,1,1,No Median Barrier,4,2790,1900681,Urban,,1,1,Divided,2,2948200.24085453,1903966.17761267,41.869257665274326,-87.7743,,(UNK),1,(N/A),N,Y,N
2019,2019-02-13,Wednesday,19,07:31 PM,Property Damage,No Injuries,0,0,0,0,0,2,Sideswipe Same Direction,12,N,N,Failing to Yield Right of Way,(N/A),Darkness / Lighted Road,Clear,Dry,N,,,,,No Controls,No Controls,N,2,41.87199,-87.8044537,ok,(N/A),1,2019,,1,2,99,50000 and OVER,9,4295,Oak Park,C,Urban Other Principal Arte,0,16,13,10306422,2,Cook,C,19,0,,3,X001455657,(UNK),(UNK),201901055256,Other,5,25.5,Y,,,,4,30171,(N/A),Straight and Level,No Defects,1,1,No Median Barrier,3,5043,1900766,Urban,73,1,1,Divided,2,2939948.28552511,1904731.14179012,41.871982180752376,-87.8044,,(UNK),1,(N/A),N,Y,N
2019,2019-02-12,Tuesday,15,03:54 PM,Property Damage,No Injuries,0,0,0,0,0,2,Turning,10,N,N,Failing to Yield Right of Way,(N/A),Daylight,Snow,Snow or Slush,Y,,,,,No Controls,No Controls,N,2,41.8650469,-87.8028738,ok,(UNK),1,1900749,2019,1,2,99,50000 and OVER,9,4295,Oak Park,C,Urban Other Principal Arte,8,16,12,10305565,2,Cook,0,19,,,2,N,(UNK),(UNK),201901054553,City,1,0,Y,,,,(UNK),30362,(N/A),Straight and Level,No Defects,1,3,Other Principal Arterial (PAS),3,,X001454955,Not Toll,73,1,1,Not Divided,1,2940448.2948612,1902212.81136794,41.86503909308401,-87.8029,,Urban,3,N,(N/A),Y,(N/A)
2019,2019-02-12,Tuesday,17,05:40 PM,Property Damage,No Injuries,0,0,0,0,0,3,Angle,15,N,N,Failing to Yield Right of Way,(N/A),Darkness / Lighted Road,Snow,Snow or Slush,Y,,,,,Stop Sign,Functioning Properly,N,2,41.9018726,-87.7867288,ok,(UNK),1,1900743,2019,3,2,99,50000 and OVER,9,4295,Oak Park,C,Urban Major Collector,8,16,12,10305566,2,Cook,0,19,STOP SIGN,,2,N,(UNK),(UNK),201901054554,City,5,0,N,,,,(UNK),30399,(N/A),Straight On Hillcrest,No Defects,1,3,Major Collector,5,,X001454956,Not Toll,73,2,4,Other,8,2944473.88261806,1915754.35634803,41.901864782131064,-87.7867,,Urban,3,N,(N/A),Y,(N/A)
2019,2019-02-12,Tuesday,06,06:24 AM,Injury,B Injury Crash,1,0,0,1,0,1,Front to Front,14,N,N,Failing to Reduce Speed to Avoid Crash,Weather,Dawn,Snow,Wet,N,,,,,No Controls,No Controls,N,2,41.9052131,-87.805664,ok,(N/A),1,2019,,1,28,11,50000 and OVER,9,4295,Oak Park,C,Urban Other Principal Arte,6,16,12,10305625,2,Cook,C,19,2,,2,X001455013,(UNK),(UNK),201901054612,Other,2,27.8,Y,,,,4,30558,(N/A),Straight and Level,No Defects,1,2,No Median Barrier,3,5043,1900212,Urban,73,1,1,Divided,2,2939285.33103592,1916829.15591801,41.90520522024502,-87.8057,,(UNK),3,(N/A),N,Y,N
2019,2019-02-13,Wednesday,07,07:33 AM,Property Damage,No Injuries,0,0,0,0,0,1,Fixed Object,6,N,N,Exceeding Safe Speed For Conditions,Weather,Daylight,Clear,Ice,N,,,,,Lane Use Marking,Functioning Properly,N,1,41.8909577,-87.8051224,ok,(N/A),1,2019,METAL & WOODEN FENCE,1,27,11,50000 and OVER,9,4295,Oak Park,C,Urban Other Principal Arte,0,16,13,10305628,2,Cook,C,19,0,METAL & WOODEN FENCE,3,X001455016,(UNK),(UNK),201901054615,Other,1,18.89,Y,,,,4,30559,(N/A),Straight and Level,No Defects,1,4,No Median Barrier,3,348,1900223,Urban,73,12,4,Divided,2,2939575.83868447,1911638.30077058,41.89094988189623,-87.8051,,(UNK),1,(N/A),N,Y,N
2019,2019-02-13,Wednesday,16,04:00 PM,Injury,C Injury Crash,1,0,0,0,1,1,Angle,15,N,N,Failing to Yield Right of Way,Failing to Reduce Speed to Avoid Crash,Daylight,Clear,Dry,Y,,,,,Stop Sign,Functioning Properly,N,2,41.8815775,-87.7926484,ok,(UNK),1,1900762,2019,1,2,28,50000 and OVER,9,4295,Oak Park,C,Urban Major Collector,8,16,13,10307006,2,Cook,1,19,,,3,N,(UNK),(UNK),201901055823,City,1,0,N,,,,(UNK),31024,(N/A),Straight and Level,No Defects,1,1,Major Collector,5,,X001456224,Not Toll,73,2,4,Not Divided,1,2943067.01815348,1908313.74998355,41.881569659681695,-87.7926,,Urban,1,N,(N/A),Y,(N/A)
2019,2019-02-14,Thursday,10,10:56 AM,Injury,C Injury Crash,1,0,0,0,1,2,Angle,15,N,N,Failing to Yield Right of Way,Unable to Determine,Daylight,Cloudy/Overcast,Dry,Y,,,,,Stop Sign,Functioning Properly,N,2,41.8727266,-87.7792774,ok,(UNK),1,1900772,2019,1,2,18,50000 and OVER,9,4295,Oak Park,C,Urban Minor Collector,8,16,14,10307008,2,Cook,1,19,,,4,N,(UNK),(UNK),201901055824,City,1,0,N,,,,(UNK),31025,(N/A),Straight and Level,No Defects,1,1,Minor Collector,6,,X001456225,Not Toll,73,2,4,Other,8,2946798.1469277,1905189.38576682,41.872718762714335,-87.7793,,Urban,8,N,(N/A),Y,(N/A)
2019,2019-02-14,Thursday,16,04:14 PM,Property Damage,No Injuries,0,0,0,0,0,2,Sideswipe Same Direction,12,N,N,Improper Overtaking/Passing,Failing to Reduce Speed to Avoid Crash,Daylight,Clear,Dry,Y,,,,,Traffic Signal,Functioning Properly,N,2,41.8874625,-87.7944804,ok,(UNK),1,1900777,2019,1,4,28,50000 and OVER,9,4295,Oak Park,C,Urban Major Collector,0,16,14,10307009,2,Cook,0,19,,,4,N,(UNK),(UNK),201901055825,City,1,5.61,N,,,,2,31026,(N/A),Straight and Level,No Defects,1,1,Major Collector,5,2775,X001456226,Not Toll,73,3,4,Not Divided,1,2942508.79900763,1910444.53089613,41.88745460678296,-87.7945,,Urban,1,N,(N/A),Y,(N/A)
2019,2019-02-14,Thursday,12,12:50 PM,Property Damage,No Injuries,0,0,0,0,0,2,Front to Rear,11,N,N,Failing to Reduce Speed to Avoid Crash,Following Too Closely,Daylight,Cloudy/Overcast,Wet,Y,,,,,Traffic Signal,Functioning Properly,N,2,41.8796414,-87.7942712,ok,(UNK),1,1900774,2019,1,28,3,50000 and OVER,9,4295,Oak Park,C,Urban Minor Arterial,0,16,14,10307010,2,Cook,0,19,,,4,N,(UNK),(UNK),201901055826,City,1,6.18,N,,,,2,31027,(N/A),Straight and Level,No Defects,1,2,Minor Arterial,4,2775,X001456227,Not Toll,73,3,4,Not Divided,1,2942644.59728796,1907595.98638645,41.879633598595184,-87.7943,,Urban,8,N,(N/A),Y,(N/A)
2019,2019-02-12,Tuesday,19,07:00 PM,Property Damage,No Injuries,0,0,0,0,0,2,Front to Rear,11,N,N,Weather,Failing to Reduce Speed to Avoid Crash,Darkness / Lighted Road,Snow,Snow or Slush,N,,,,,Traffic Signal,Functioning Properly,N,2,41.8870401,-87.8049738,ok,(UNK),1,1900776,2019,1,11,28,50000 and OVER,9,4295,Oak Park,C,Urban Other Principal Arte,6,16,12,10307011,2,Cook,0,19,,,2,N,(UNK),(UNK),201901055827,City,5,26.54,Y,,,,4,31028,(N/A),Straight and Level,No Defects,1,3,Other Principal Arterial (PAS),3,5043,X001456228,Not Toll,73,3,4,Not Divided,1,2939655.60049457,1910211.76984082,41.88703228497045,-87.805,,Urban,3,N,(N/A),Y,(N/A)
2019,2019-02-14,Thursday,17,05:14 PM,Property Damage,No Injuries,0,0,0,0,0,2,Front to Rear,11,N,N,Failing to Reduce Speed to Avoid Crash,(N/A),Daylight,Clear,Dry,N,,,,,No Controls,No Controls,N,2,41.8819276,-87.7845194,ok,(N/A),1,2019,,1,28,99,50000 and OVER,9,4295,Oak Park,C,Urban Major Collector,0,16,14,10307012,2,Cook,C,19,0,,4,X001456229,(UNK),(UNK),201901055828,Major,1,1.39,N,,,,2,31029,(N/A),Straight and Level,No Defects,1,1,No Median Barrier,5,2783,1900782,Urban,73,1,1,Divided,2,2945277.28783576,1908502.69877696,41.88191972761455,-87.7845,,(UNK),1,(N/A),N,Y,N