crash_year,crash_date,day_of_week,crash_hour,time_of_crash,crash_severity,crash_injury_severity,total_injured,total_fatals,a_injuries,b_injuries,c_injuries,no_injuries,type_of_first_crash,collision_type_code,pedestrian_involved,pedalcyclist_involved,cause1,cause2,lighting_cond,weather_cond,road_surface_cond,intersection_related,is_intersection,highway_or_street_name,at_intersection_with,address_no,traffic_control_device,traffic_control_device_cond,hit_and_run,number_of_vehicles,latitude,longitude,location_status,access_control,agency_code,agency_report_number,agency_report_year,alignment_code,cause1_code,cause2_code,city_class,city_class_code,city_code,city_name,city_township_flag,class_of_trafficway,class_of_trafficway_code,county_code,crash_day,crash_id,crash_month,crash_report_county,crash_severity_cd,crash_yr_source,damaged_property1,damaged_property2,day_of_week_code,did_crash_occur_in_work_zone,did_involve_secondary_crash,flow_condition,icn,investigating_agency_descrip,light_condition_code,mile_station,nhs,non_intersection_direction,non_intersection_distance,non_intersection_units,number_of_lanes,objectid,railroad_crossing_number,road_alignment,road_defects,road_defects_code,road_surface_condition_code,roadway_functional_class,roadway_functional_class_code,route_number,sfe,toll,township,traffic_control_device_code,traffic_control_device_cond_code,trafficway_descrip,trafficway_description_code,ts_crash_coordinate_x,ts_crash_coordinate_y,ts_crash_latitude,ts_crash_longitude,type_report,urban_rural,weather_code,were_workers_present,work_zone,work_zone_related,work_zone_type
2019,2019-02-14,Thursday,06,06:43 AM,Property Damage,No Injuries,0,0,0,0,0,1,Other Object,7,N,N,(N/A),(N/A),Dawn,Clear,Wet,N,,,,,No Controls,No Controls,N,1,41.9090179,-87.7959322,ok,(N/A),1,2019,,1,99,99,50000 and OVER,9,4295,Oak Park,C,Urban Other Principal Arte,0,16,14,10305745,2,Cook,C,19,0,,4,X001455112,(UNK),(UNK),201901054710,Other,2,6.43,Y,,,,4,31054,(N/A),Straight and Level,Debris On Roadway,9,2,No Median Barrier,3,307,JC151785,Urban,73,1,1,Divided,2,2941896.27372849,1918288.82324482,41.90901006528364,-87.7959,,(UNK),1,(N/A),N,N,N
2019,2019-02-14,Thursday,19,07:09 PM,Injury,C Injury Crash,1,0,0,0,1,1,Pedestrian,1,Y,N,Failing to Yield Right of Way,(N/A),Darkness / Lighted Road,Clear,Dry,Y,,,,,Traffic Signal,Functioning Properly,N,1,41.8869835,-87.7846457,ok,(N/A),1,2019,,1,2,99,50000 and OVER,9,4295,Oak Park,C,Urban Major Collector,8,16,14,10307013,2,Cook,C,19,1,,4,X001456230,(UNK),(UNK),201901055829,Major,5,0,N,,,,2,31094,(N/A),Straight and Level,No Defects,1,1,No Median Barrier,5,,1900785,Urban,73,3,4,Divided,2,2945191.71059847,1910344.23493011,41.88697570024614,-87.7846,,(UNK),1,(N/A),N,Y,N
2019,2019-02-16,Saturday,02,02:25 AM,Property Damage,No Injuries,0,0,0,0,0,2,Sideswipe Same Direction,12,N,N,Improper Overtaking/Passing,Failing to Reduce Speed to Avoid Crash,Darkness / Lighted Road,Clear,Dry,N,,,,,No Controls,No Controls,Y,2,41.8717604,-87.8044449,ok,(N/A),1,2019,,1,4,28,50000 and OVER,9,4295,Oak Park,C,Urban Other Principal Arte,0,16,16,10308065,2,Cook,C,19,0,,6,X001457160,(UNK),(UNK),201901056760,Other,5,20.22,Y,,,,(UNK),31183,(N/A),Straight and Level,No Defects,1,1,No Median Barrier,3,348,19-00550,Urban,73,1,1,Divided,2,2939952.98372594,1904647.51790374,41.87175252719369,-87.8044,,(UNK),1,(N/A),N,Y,N
2019,2019-02-15,Friday,04,04:06 AM,Property Damage,No Injuries,0,0,0,0,0,1,Other Object,7,N,N,Unable to Determine,Unable to Determine,Darkness / Lighted Road,Clear,Dry,N,,,,,No Controls,No Controls,N,1,41.8695201,-87.7841139,ok,(N/A),1,2019,,1,18,18,50000 and OVER,9,4295,Oak Park,C,Urban Major Collector,0,16,15,10308118,2,Cook,C,19,0,DUMPSTER,5,X001457212,(UNK),(UNK),201901056813,Major,5,2.24,N,,,,4,31522,(N/A),Straight and Level,No Defects,1,1,No Median Barrier,5,2783,1900789,Urban,73,1,1,Divided,2,2945513.28886044,1903984.26051979,41.86951227171945,-87.7841,,(UNK),1,(N/A),N,Y,N
2019,2019-02-12,Tuesday,18,06:00 PM,Property Damage,No Injuries,0,0,0,0,0,1,Parked Motor Vehicle,9,N,N,Failing to Reduce Speed to Avoid Crash,(N/A),Darkness / Lighted Road,Snow,Snow or Slush,N,,,,,No Controls,No Controls,N,2,41.9020037,-87.7867487,ok,(UNK),1,1900792,2019,1,28,99,50000 and OVER,9,4295,Oak Park,C,Urban Local Road or Street,0,16,12,10308122,2,Cook,0,19,,,2,N,(UNK),(UNK),201901056817,City,5,0.12,N,,,,1,31523,(N/A),Straight and Level,No Defects,1,3,Local Road or Street,7,2643,X001457216,Not Toll,73,1,1,Not Divided,1,2944467.12565702,1915801.97222945,41.901995858012576,-87.7867,,Urban,3,N,(N/A),Y,(N/A)
2019,2019-02-16,Saturday,02,02:50 AM,Property Damage,No Injuries,0,0,0,0,0,3,Front to Rear,11,N,N,Failing to Reduce Speed to Avoid Crash,Driving Skills/Knowledge/Experience,Darkness / Lighted Road,Clear,Dry,N,,,,,Traffic Signal,Functioning Properly,Y,2,41.873617,-87.8043229,ok,Partial Access Control,3,03-19-02507,2019,1,28,15,50000 and OVER,9,4295,Oak Park,C,Urban InterState (PAS),8,16,16,10308643,2,Cook,0,19,,,6,N,(UNK),(UNK),201901057323,ISP,5,0,Y,,,,1,32097,(N/A),Straight and Level,No Defects,1,1,InterState (PAS),1,,X001457724,Not Toll,73,3,4,Ramp,11,2939967.58590546,1905325.01773247,41.8736091462598,-87.8043,,Urban,1,N,(N/A),Y,(N/A)
2019,2019-02-13,Wednesday,07,07:30 AM,Property Damage,No Injuries,0,0,0,0,0,2,Front to Rear,11,N,N,Following Too Closely,Unable to Determine,Daylight,Clear,Dry,Y,,,,,Traffic Signal,Functioning Properly,N,2,41.8759848,-87.8045958,ok,(N/A),1,2019,,1,3,18,50000 and OVER,9,4295,Oak Park,C,Urban Other Principal Arte,6,16,13,10308726,2,Cook,C,19,0,,3,X001457800,(UNK),(UNK),201901057397,Other,1,25.77,Y,,,,4,32596,(N/A),Straight and Level,No Defects,1,1,No Median Barrier,3,5043,19-556,Urban,73,3,4,Divided,2,2939869.49456576,1906185.86027551,41.875977003722625,-87.8046,,(UNK),1,(N/A),N,Y,N
2019,2019-02-06,Wednesday,09,09:45 AM,Property Damage,No Injuries,0,0,0,0,0,1,Fixed Object,6,N,N,Distraction - From Inside Vehicle,Driving Skills/Knowledge/Experience,Daylight,Clear,Wet,N,,,,,Lane Use Marking,Functioning Properly,N,1,41.8711337,-87.774421,ok,Partial Access Control,3,03-19-01942,2019,1,41,15,50000 and OVER,9,4295,Oak Park,C,Urban InterState (PAS),0,16,6,10311500,2,Cook,0,19,,,3,N,(UNK),(UNK),201901060138,ISP,1,0,Y,,,,1,33705,(N/A),Straight and Level,No Defects,1,2,InterState (PAS),1,290,X001460465,Not Toll,73,12,4,Divided With Median Barrier,3,2948137.08863345,1904645.7371266,41.871125823303814,-87.7744,,Urban,1,N,(N/A),Y,(N/A)
2019,2019-02-15,Friday,15,03:26 PM,Property Damage,No Injuries,0,0,0,0,0,2,Front to Rear,11,N,N,Failing to Reduce Speed to Avoid Crash,(N/A),Daylight,Clear,Dry,N,,,,,Lane Use Marking,Functioning Properly,N,2,41.871348,-87.7762429,ok,Partial Access Control,3,03-19-02458,2019,1,28,99,50000 and OVER,9,4295,Oak Park,C,Urban InterState (PAS),0,16,15,10310629,2,Cook,0,19,,,5,N,(UNK),(UNK),201901059210,ISP,1,22.99,Y,,,,3,33808,(N/A),Straight and Level,No Defects,1,1,InterState (PAS),1,9290,X001459623,Not Toll,73,12,4,Divided With Median Barrier,3,2947638.6593446,1904710.00191829,41.871340129873154,-87.7762,,Urban,1,N,(N/A),Y,(N/A)
2019,2019-02-17,Sunday,12,12:10 PM,Property Damage,No Injuries,0,0,0,0,0,1,Parked Motor Vehicle,9,N,N,Equipment-Vehicle Condition,(N/A),Daylight,Snow,Wet,N,,,,,No Controls,No Controls,N,2,41.9090001,-87.7961792,ok,(UNK),1,JC155776,2019,1,10,99,50000 and OVER,9,4295,Oak Park,C,Urban Other Principal Arte,0,16,17,10309279,2,Cook,0,19,,,7,N,(UNK),(UNK),201901057937,City,1,6.42,Y,,,,4,34043,(N/A),Straight and Level,No Defects,1,2,Other Principal Arterial (PAS),3,307,X001458338,Not Toll,73,1,1,Not Divided,1,2941829.23459437,1918280.46672492,41.90899223485103,-87.7962,,Urban,3,N,(N/A),Y,(N/A)
2019,2019-02-17,Sunday,17,05:27 PM,Property Damage,No Injuries,0,0,0,0,0,2,Angle,15,N,N,Unable to Determine,(N/A),Dusk,Snow,Snow or Slush,Y,,,,,Traffic Signal,Functioning Properly,Y,2,41.8712247,-87.7742958,ok,Partial Access Control,1,1900838,2019,2,18,99,50000 and OVER,9,4295,Oak Park,C,Urban Minor Arterial,0,16,17,10312345,2,Cook,0,19,,,7,N,(UNK),(UNK),201901060845,City,3,321.42,N,,,,(UNK),34073,(N/A),Straight On Grade,No Defects,1,3,Minor Arterial,4,5110,X001461138,Not Toll,,3,4,Other,8,2948170.26533357,1904679.86761977,41.871216871261126,-87.7743,,Urban,3,N,(N/A),Y,(N/A)
2019,2019-02-18,Monday,13,01:24 PM,Property Damage,No Injuries,0,0,0,0,0,5,Front to Rear,11,N,N,Following Too Closely,Failing to Reduce Speed to Avoid Crash,Daylight,Clear,Wet,N,,,,,Lane Use Marking,Functioning Properly,N,3,41.8723522,-87.7889074,ok,Partial Access Control,3,03-19-02587,2019,1,3,28,50000 and OVER,9,4295,Oak Park,C,Urban InterState (PAS),5,16,18,10310747,2,Cook,0,19,,,1,N,(UNK),(UNK),201901059327,ISP,1,320.67,Y,,,,6,34380,(N/A),Straight and Level,No Defects,1,2,InterState (PAS),1,5110,X001459739,Not Toll,73,12,4,Divided With Median Barrier,3,2944179.01690278,1904980.08303623,41.8723443079511,-87.7889,,Urban,1,N,(N/A),Y,(N/A)
2019,2019-02-22,Friday,15,03:45 PM,Property Damage,No Injuries,0,0,0,0,0,2,Turning,10,N,N,Failing to Yield Right of Way,Vision Obscured,Daylight,Clear,Dry,Y,,,,,No Controls,No Controls,N,2,41.8704895,-87.8043977,ok,(UNK),1,19-00631,2019,1,2,14,50000 and OVER,9,4295,Oak Park,C,Urban Other Principal Arte,6,16,22,10316180,2,Cook,0,19,,,5,N,(UNK),(UNK),201901064149,City,1,25.39,Y,,,,(UNK),36141,(N/A),Straight and Level,No Defects,1,1,Other Principal Arterial (PAS),3,5043,X001464434,Not Toll,73,1,1,Not Divided,1,2939978.57553311,1904184.73882452,41.870481642754,-87.8044,,Urban,1,N,(N/A),Y,(N/A)
2019,2019-02-19,Tuesday,16,04:00 PM,Property Damage,No Injuries,0,0,0,0,0,2,Front to Rear,11,N,N,Following Too Closely,Failing to Reduce Speed to Avoid Crash,Daylight,Clear,Dry,N,,,,,Lane Use Marking,Functioning Properly,N,2,41.8714537,-87.7779641,ok,Partial Access Control,3,03-19-02682,2019,1,3,28,50000 and OVER,9,4295,Oak Park,C,Urban InterState (PAS),0,16,19,10314746,2,Cook,0,19,,,2,N,(UNK),(UNK),201901062891,ISP,1,321.23,Y,,,,6,36320,(N/A),Straight and Level,No Defects,1,1,InterState (PAS),1,5110,X001463179,Not Toll,73,12,4,Divided With Median Barrier,3,2947168.77159924,1904735.47049487,41.871445850662035,-87.778,,Urban,1,N,(N/A),Y,(N/A)
2019,2019-02-21,Thursday,05,05:06 AM,Property Damage,No Injuries,0,0,0,0,0,1,Parked Motor Vehicle,9,N,N,Failing to Reduce Speed to Avoid Crash,(N/A),Darkness / Lighted Road,Clear,Dry,N,,,,,No Controls,No Controls,N,2,41.8730817,-87.7744252,ok,(UNK),1,1900902,2019,1,28,99,50000 and OVER,9,4295,Oak Park,C,Urban Minor Arterial,0,16,21,10316498,2,Cook,0,19,,,4,N,(UNK),(UNK),201901064449,City,5,8.22,N,,,,2,36358,(N/A),Straight and Level,No Defects,1,1,Minor Arterial,4,2790,X001464737,Not Toll,,1,1,Not Divided,1,2948116.13367766,1905355.61884565,41.87307389690158,-87.7744,,Urban,1,N,(N/A),Y,(N/A)
2019,2019-02-21,Thursday,15,03:20 PM,Property Damage,No Injuries,0,0,0,0,0,2,Sideswipe Same Direction,12,N,N,Failing to Reduce Speed to Avoid Crash,Unable to Determine,Daylight,Clear,Dry,Y,,,,,Traffic Signal,Functioning Properly,Y,2,41.879653,-87.8045462,ok,(UNK),1,1900909,2019,1,28,18,50000 and OVER,9,4295,Oak Park,C,Urban Other Principal Arte,0,16,21,10316499,2,Cook,0,19,,,4,N,(UNK),(UNK),201901064450,City,1,3.07,Y,,,,4,36378,(N/A),Straight and Level,No Defects,1,1,Other Principal Arterial (PAS),3,1419,X001464738,Not Toll,73,3,4,Not Divided,1,2939846.18149511,1907522.96281496,41.87964512999347,-87.8045,,Urban,1,N,(N/A),Y,(N/A)
2019,2019-02-21,Thursday,18,06:32 PM,Property Damage,No Injuries,0,0,0,0,0,2,Front to Rear,11,N,N,Failing to Reduce Speed to Avoid Crash,Unable to Determine,Darkness / Lighted Road,Clear,Dry,N,,,,,Traffic Signal,Functioning Properly,N,2,41.8726945,-87.7842276,ok,(UNK),1,1900914,2019,1,28,18,50000 and OVER,9,4295,Oak Park,C,Urban Major Collector,0,16,21,10316501,2,Cook,0,19,,,4,N,(UNK),(UNK),201901064452,City,5,2.03,N,,,,2,36379,(N/A),Straight and Level,No Defects,1,1,Major Collector,5,2783,X001464740,Not Toll,73,3,4,Not Divided,1,2945450.19005549,1905140.21753967,41.872686694175236,-87.7842,,Urban,1,N,(N/A),Y,(N/A)
2019,2019-02-22,Friday,13,01:46 PM,Injury,B Injury Crash,3,0,0,1,2,2,Sideswipe Same Direction,12,N,N,Following Too Closely,Following Too Closely,Daylight,Clear,Dry,N,,,,,No Controls,No Controls,N,2,41.9089091,-87.801361,ok,(UNK),1,1900928,2019,1,3,3,50000 and OVER,9,4295,Oak Park,C,Urban Other Principal Arte,0,16,22,10316502,2,Cook,2,19,,,5,N,(UNK),(UNK),201901064453,City,1,129.4,Y,,,,4,36380,(N/A),Straight and Level,No Defects,1,1,Other Principal Arterial (PAS),3,5064,X001464741,Not Toll,73,1,1,Not Divided,1,2940419.56749299,1918208.36690851,41.90890129939268,-87.8014,,Urban,1,N,(N/A),Y,(N/A)
2019,2019-02-22,Friday,14,02:54 PM,Property Damage,No Injuries,0,0,0,0,0,2,Front to Rear,11,N,N,Failing to Reduce Speed to Avoid Crash,Unable to Determine,Daylight,Clear,Dry,N,,,,,Traffic Signal,Functioning Properly,N,2,41.8817164,-87.7846305,ok,(UNK),1,1900929,2019,1,28,18,50000 and OVER,9,4295,Oak Park,C,Urban Major Collector,0,16,22,10316505,2,Cook,0,19,,,5,N,(UNK),(UNK),201901064456,City,1,1.02,N,,,,2,36381,(N/A),Straight and Level,No Defects,1,1,Major Collector,5,5,X001464744,Not Toll,73,3,4,Not Divided,1,2945249.15911369,1908424.91999149,41.8817086016174,-87.7846,,Urban,1,N,(N/A),Y,(N/A)
2019,2019-02-22,Friday,15,03:30 PM,Property Damage,No Injuries,0,0,0,0,0,3,Front to Rear,11,N,N,Following Too Closely,Failing to Reduce Speed to Avoid Crash,Daylight,Clear,Dry,N,,,,,Stop Sign,Functioning Properly,N,3,41.8854023,-87.8049145,ok,(UNK),1,1900930,2019,1,3,28,50000 and OVER,9,4295,Oak Park,C,Urban Other Principal Arte,0,16,22,10316507,2,Cook,0,19,,,5,N,(UNK),(UNK),201901064458,City,1,26.42,Y,,,,4,36382,(N/A),Straight and Level,No Defects,1,1,Other Principal Arterial (PAS),3,5043,X001464746,Not Toll,73,2,4,Not Divided,1,2939688.18062392,1909615.35965009,41.88539445645512,-87.8049,,Urban,1,N,(N/A),Y,(N/A)
2019,2019-02-17,Sunday,22,10:00 PM,Property Damage,No Injuries,0,0,0,0,0,2,Sideswipe Same Direction,12,N,N,Weather,Failing to Reduce Speed to Avoid Crash,Darkness,Snow,Snow or Slush,Y,,,,,No Controls,No Controls,N,2,41.899921,-87.783802,ok,(UNK),1,1900843,2019,1,11,28,50000 and OVER,9,4295,Oak Park,C,Urban Local Road or Street,8,16,17,10312787,2,Cook,0,19,,,7,N,(UNK),(UNK),201901061258,City,4,0,N,,,,2,36543,(N/A),Straight and Level,No Defects,1,3,Local Road or Street,7,,X001461555,Not Toll,73,1,1,Not Divided,1,2945290.45091546,1915065.27817419,41.899913161768694,-87.7838,,Urban,3,N,(N/A),Y,(N/A)
2019,2019-02-14,Thursday,08,08:00 AM,Property Damage,No Injuries,0,0,0,0,0,2,Other Object,7,N,N,Improper Lane Usage,(N/A),Daylight,Clear,Dry,Y,,,,,Stop Sign,Functioning Properly,N,1,41.8815476,-87.7969729,ok,(N/A),1,2019,,1,20,99,50000 and OVER,9,4295,Oak Park,C,Urban Major Collector,8,16,14,10312789,2,Cook,C,19,0,BASE OF PEDESTRIAN CROSSING SI,4,X001461557,(UNK),(UNK),201901061260,Major,1,0,N,,,,2,36577,(N/A),Straight and Level,No Defects,1,1,No Median Barrier,5,,1900819,Urban,73,2,4,Divided,2,2941889.64287778,1908270.27283783,41.881539716358596,-87.797,,(UNK),1,(N/A),N,Y,N
2019,2019-02-17,Sunday,09,09:40 AM,Property Damage,No Injuries,0,0,0,0,0,3,Angle,15,N,N,Disregarding Traffic Signals,(N/A),Daylight,Snow,Snow or Slush,Y,,,,,Traffic Signal,Functioning Properly,N,2,41.8871072,-87.8049778,ok,(N/A),1,2019,,1,25,99,50000 and OVER,9,4295,Oak Park,C,Urban Other Principal Arte,0,16,17,10312791,2,Cook,C,19,0,,7,X001461559,(UNK),(UNK),201901061262,Other,1,26.54,Y,,,,4,36578,(N/A),Straight and Level,No Defects,1,3,No Median Barrier,3,5043,1900830,Urban,73,3,4,Divided,2,2939653.8417269,1910236.18576033,41.88709936669299,-87.805,,(UNK),3,(N/A),N,Y,N
2019,2019-02-12,Tuesday,17,05:40 PM,Property Damage,No Injuries,0,0,0,0,0,2,Turning,10,N,N,Weather,Failing to Reduce Speed to Avoid Crash,Darkness / Lighted Road,Snow,Snow or Slush,N,,,,,No Controls,No Controls,N,2,41.8832834,-87.8016919,ok,(UNK),1,1900804,2019,1,11,28,50000 and OVER,9,4295,Oak Park,C,Urban Local Road or Street,0,16,12,10312792,2,Cook,0,19,,,2,N,(UNK),(UNK),201901061263,City,5,0.16,N,,,,2,36579,(N/A),Straight and Level,No Defects,1,3,Local Road or Street,7,3015,X001461560,Not Toll,73,1,1,Not Divided,1,2940587.03869604,1908867.3709209,41.88327554522917,-87.8017,,Urban,3,N,(N/A),Y,(N/A)
2019,2019-02-15,Friday,18,06:41 PM,Injury,C Injury Crash,2,0,0,0,2,0,Turning,10,N,N,Failing to Yield Right of Way,Failing to Reduce Speed to Avoid Crash,Darkness / Lighted Road,Clear,Dry,Y,,,,,Traffic Signal,Functioning Properly,N,2,41.8726278,-87.7842258,ok,(UNK),1,1900806,2019,1,2,28,50000 and OVER,9,4295,Oak Park,C,Urban Major Collector,8,16,15,10312795,2,Cook,1,19,,,5,N,(UNK),(UNK),201901061266,City,5,0,N,,,,3,36580,(N/A),Straight and Level,No Defects,1,1,Major Collector,5,,X001461563,Not Toll,73,3,4,Two-way Continuous Left-Tur,4,2945451.36135475,1905115.92671984,41.87261999991732,-87.7842,,Urban,1,N,(N/A),Y,(N/A)
2019,2019-02-16,Saturday,13,01:33 PM,Injury,B Injury Crash,5,0,0,4,1,2,Front to Rear,11,N,N,Following Too Closely,Following Too Closely,Daylight,Clear,Dry,Y,,,,,No Controls,No Controls,N,3,41.9092369,-87.7781984,ok,(UNK),1,1900818,2019,1,3,3,50000 and OVER,9,4295,Oak Park,C,Urban Other Principal Arte,6,16,16,10312797,2,Cook,2,19,,,6,N,(UNK),(UNK),201901061268,City,1,130.59,Y,,,,(UNK),36581,(N/A),Straight and Level,No Defects,1,1,Other Principal Arterial (PAS),3,5064,X001461565,Not Toll,73,1,1,Not Divided,1,2946721.49864223,1918502.61902161,41.90922903963314,-87.7782,,Urban,1,N,(N/A),Y,(N/A)
2019,2019-02-16,Saturday,18,06:33 PM,Injury,B Injury Crash,1,0,0,1,0,0,Parked Motor Vehicle,9,N,N,Unable to Determine,Unable to Determine,Dusk,Cloudy/Overcast,Dry,N,,,,,No Controls,No Controls,Y,2,41.8828994,-87.7845359,ok,(N/A),1,2019,,1,18,18,50000 and OVER,9,4295,Oak Park,C,Urban Major Collector,0,16,16,10312798,2,Cook,C,19,2,,6,X001461566,(UNK),(UNK),201901061269,Major,3,1.32,N,,,,2,36582,(N/A),Straight and Level,No Defects,1,1,No Median Barrier,5,2783,1900824,Urban,73,1,1,Divided,2,2945262.94150454,1908856.71163642,41.88289151667087,-87.7845,,(UNK),8,(N/A),N,Y,N
2019,2019-02-16,Saturday,23,11:23 PM,Property Damage,No Injuries,0,0,0,0,0,1,Parked Motor Vehicle,9,N,N,Unable to Determine,(N/A),Darkness / Lighted Road,Cloudy/Overcast,Dry,N,,,,,No Controls,No Controls,Y,2,41.9092557,-87.7784774,ok,(N/A),1,2019,,1,18,99,50000 and OVER,9,4295,Oak Park,C,Urban Other Principal Arte,6,16,16,10312799,2,Cook,C,19,0,,6,X001461567,(UNK),(UNK),201901061270,Other,5,130.58,Y,,,,4,36644,(N/A),Straight and Level,No Defects,1,1,No Median Barrier,3,5064,1900826,Urban,,1,1,Divided,2,2946645.34701105,1918507.3652429,41.90924787072263,-87.7785,,(UNK),8,(N/A),N,Y,N
2019,2019-02-16,Saturday,04,04:41 AM,Property Damage,No Injuries,0,0,0,0,0,1,Fixed Object,6,N,N,Under Influence of Alcohol/Drugs,Failing to Reduce Speed to Avoid Crash,Darkness,Clear,Dry,N,,,,,Stop Sign,Functioning Properly,N,1,41.9001181,-87.780137,ok,(N/A),1,2019,TREE,1,8,28,50000 and OVER,9,4295,Oak Park,C,Urban Local Road or Street,8,16,16,10312800,2,Cook,C,19,0,TREE,6,X001461568,(UNK),(UNK),201901061271,Local,4,0,N,,,,2,36645,(N/A),Straight and Level,No Defects,1,1,No Median Barrier,7,,1900813,Urban,73,2,4,Divided,2,2946286.27671053,1915164.84839251,41.90011023887262,-87.7801,,(UNK),1,(N/A),N,Y,N
2019,2019-02-16,Saturday,09,09:42 AM,Property Damage,No Injuries,0,0,0,0,0,1,Parked Motor Vehicle,9,N,N,Unable to Determine,Unable to Determine,Darkness / Lighted Road,Clear,Dry,N,,,,,No Controls,No Controls,N,2,41.8699229,-87.7890203,ok,(N/A),1,2019,,1,18,18,50000 and OVER,9,4295,Oak Park,C,Urban Minor Collector,0,16,16,10312801,2,Cook,C,19,0,,6,X001461569,(UNK),(UNK),201901061272,Minor,5,1.3,N,,,,2,36646,(N/A),Straight and Level,No Defects,1,1,No Median Barrier,6,2779,1900817,Urban,73,1,1,Divided,2,2944172.79771004,1904093.96953119,41.869915061502674,-87.789,,(UNK),1,(N/A),N,Y,N
2019,2019-02-15,Friday,12,12:47 PM,Injury,C Injury Crash,1,0,0,0,1,1,Angle,15,N,N,Disregarding Stop Sign,(N/A),Daylight,Clear,Dry,Y,,,,,Stop Sign,Functioning Properly,N,2,41.9015568,-87.8039844,ok,(UNK),1,1900796,2019,1,23,99,50000 and OVER,9,4295,Oak Park,C,Urban Major Collector,8,16,15,10312804,2,Cook,1,19,FIRE HYDRANT,,5,N,(UNK),(UNK),201901061275,City,1,0,N,,,,2,36648,(N/A),Straight and Level,No Defects,1,1,Major Collector,5,,X001461572,Not Toll,73,2,4,Not Divided,1,2939779.27402061,1915509.35297559,41.90154899613752,-87.804,,Urban,1,N,(N/A),Y,(N/A)
2019,2019-02-19,Tuesday,09,09:55 AM,Injury,B Injury Crash,2,0,0,2,0,0,Front to Rear,11,N,N,Failing to Reduce Speed to Avoid Crash,Cell Phone Use Other Than Texting,Daylight,Clear,Dry,N,,,,,Traffic Signal,Functioning Properly,N,2,41.8947165,-87.7752662,ok,(N/A),1,2019,,1,28,45,50000 and OVER,9,4295,Oak Park,C,Urban Minor Arterial,0,16,19,10312807,2,Cook,C,19,2,,2,X001461575,(UNK),(UNK),201901061278,Minor,1,4.12,N,,,,3,36649,(N/A),Straight and Level,No Defects,1,1,No Median Barrier,4,1398,1900862,Urban,73,3,4,Divided,2,2947667.26446761,1913233.33246122,41.89470860244167,-87.7753,,(UNK),1,(N/A),N,Y,N
2019,2019-02-19,Tuesday,12,12:10 PM,Property Damage,No Injuries,0,0,0,0,0,1,Fixed Object,6,N,N,Failing to Reduce Speed to Avoid Crash,(N/A),Daylight,Clear,Dry,N,,,,,Traffic Signal,Functioning Properly,N,1,41.8870285,-87.7846484,ok,(UNK),1,1900864,2019,1,28,99,50000 and OVER,9,4295,Oak Park,C,Urban Major Collector,0,16,19,10312809,2,Cook,0,19,UNDERPASS,,2,N,(UNK),(UNK),201901061280,City,1,1.03,N,,,,4,36680,(N/A),Straight and Level,No Defects,1,1,Major Collector,5,2783,X001461577,Not Toll,73,3,4,Divided With Median Barrier,3,2945190.5215986,1910360.58230261,41.88702061494797,-87.7846,,Urban,1,N,(N/A),Y,(N/A)
2019,2019-02-19,Tuesday,15,03:10 PM,Property Damage,No Injuries,0,0,0,0,0,1,Parked Motor Vehicle,9,N,N,Failing to Reduce Speed to Avoid Crash,(N/A),Daylight,Clear,Dry,N,,,,,Stop Sign,Functioning Properly,Y,2,41.8918039,-87.7848073,ok,(N/A),1,2019,,1,28,99,50000 and OVER,9,4295,Oak Park,C,Urban Major Collector,0,16,19,10312810,2,Cook,C,19,0,,2,X001461578,(UNK),(UNK),201901061281,Major,1,0.69,N,,,,2,36681,(N/A),Straight and Level,No Defects,1,1,No Median Barrier,5,2783,1900869,Urban,73,2,4,Divided,2,2945098.93373877,1912099.65501692,41.8917960892029,-87.7848,,(UNK),1,(N/A),N,Y,N
2019,2019-02-20,Wednesday,08,08:15 AM,Property Damage,No Injuries,0,0,0,0,0,4,Angle,15,N,N,Failing to Yield Right of Way,Exceeding Safe Speed For Conditions,Daylight,Rain,Snow or Slush,Y,,,,,Stop Sign,Functioning Properly,N,2,41.870591,-87.7965018,ok,(UNK),1,1900879,2019,1,2,27,50000 and OVER,9,4295,Oak Park,C,Urban Local Road or Street,8,16,20,10315373,2,Cook,0,19,,,3,N,(UNK),(UNK),201901063471,City,1,0,N,,,,(UNK),36946,(N/A),Straight and Level,No Defects,1,3,Local Road or Street,7,,X001463763,Not Toll,73,2,4,Not Divided,1,2942128.24179432,1904281.0645296,41.8705831992185,-87.7965,,Urban,2,N,(N/A),Y,(N/A)
2019,2019-02-21,Thursday,08,08:12 AM,Property Damage,No Injuries,0,0,0,0,0,1,Parked Motor Vehicle,9,N,N,Failing to Yield Right of Way,Failing to Reduce Speed to Avoid Crash,Daylight,Clear,Dry,N,,,,,No Controls,No Controls,N,2,41.8885803,-87.8046582,ok,(UNK),1,1900905,2019,1,2,28,50000 and OVER,9,4295,Oak Park,C,Urban Major Collector,0,16,21,10315374,2,Cook,0,19,,,4,N,(UNK),(UNK),201901063472,City,1,0.02,N,,,,1,36947,(N/A),Straight and Level,No Defects,1,1,Major Collector,5,8,X001463764,Not Toll,73,1,1,Alley,12,2939726.09169436,1910775.42029349,41.888572502195935,-87.8047,,Urban,1,N,(N/A),Y,(N/A)
2019,2019-02-20,Wednesday,14,02:57 PM,Property Damage,No Injuries,0,0,0,0,0,2,Turning,10,N,N,Failing to Yield Right of Way,Unable to Determine,Daylight,Cloudy/Overcast,Snow or Slush,N,,,,,No Controls,No Controls,Y,2,41.8946849,-87.777435,ok,(UNK),1,1900891,2019,1,2,18,50000 and OVER,9,4295,Oak Park,C,Urban Minor Arterial,0,16,20,10315375,2,Cook,0,19,,,3,N,(UNK),(UNK),201901063473,City,1,4.01,N,,,,1,36948,(N/A),Straight and Level,No Defects,1,3,Minor Arterial,4,1398,X001463765,Not Toll,73,1,1,Alley,12,2947077.07077861,1913205.37518723,41.89467705399877,-87.7774,,Urban,8,N,(N/A),Y,(N/A)