crash_year,crash_date,day_of_week,crash_hour,time_of_crash,crash_severity,crash_injury_severity,total_injured,total_fatals,a_injuries,b_injuries,c_injuries,no_injuries,type_of_first_crash,collision_type_code,pedestrian_involved,pedalcyclist_involved,cause1,cause2,lighting_cond,weather_cond,road_surface_cond,intersection_related,is_intersection,highway_or_street_name,at_intersection_with,address_no,traffic_control_device,traffic_control_device_cond,hit_and_run,number_of_vehicles,latitude,longitude,location_status,access_control,agency_code,agency_report_number,agency_report_year,alignment_code,cause1_code,cause2_code,city_class,city_class_code,city_code,city_name,city_township_flag,class_of_trafficway,class_of_trafficway_code,county_code,crash_day,crash_id,crash_month,crash_report_county,crash_severity_cd,crash_yr_source,damaged_property1,damaged_property2,day_of_week_code,did_crash_occur_in_work_zone,did_involve_secondary_crash,flow_condition,icn,investigating_agency_descrip,light_condition_code,mile_station,nhs,non_intersection_direction,non_intersection_distance,non_intersection_units,number_of_lanes,objectid,railroad_crossing_number,road_alignment,road_defects,road_defects_code,road_surface_condition_code,roadway_functional_class,roadway_functional_class_code,route_number,sfe,toll,township,traffic_control_device_code,traffic_control_device_cond_code,trafficway_descrip,trafficway_description_code,ts_crash_coordinate_x,ts_crash_coordinate_y,ts_crash_latitude,ts_crash_longitude,type_report,urban_rural,weather_code,were_workers_present,work_zone,work_zone_related,work_zone_type
2019,2019-02-20,Wednesday,17,05:27 PM,Property Damage,No Injuries,0,0,0,0,0,2,Angle,15,N,N,Failing to Yield Right of Way,Vision Obscured,Dusk,Clear,Dry,N,,,,,No Controls,No Controls,N,2,41.8881442,-87.7846892,ok,(UNK),1,1900894,2019,1,2,14,50000 and OVER,9,4295,Oak Park,C,Urban Major Collector,0,16,20,10315376,2,Cook,0,19,,,3,N,(UNK),(UNK),201901063474,City,3,0.94,N,,,,4,36949,(N/A),Straight and Level,No Defects,1,1,Major Collector,5,2783,X001463766,Not Toll,73,1,1,Two-way Continuous Left-Tur,4,2945168.1180726,1910766.88617037,41.8881363977066,-87.7847,,Urban,1,N,(N/A),Y,(N/A)
2019,2019-02-19,Tuesday,17,05:41 PM,Property Damage,No Injuries,0,0,0,0,0,2,Turning,10,N,N,Failing to Yield Right of Way,(N/A),Dusk,Clear,Dry,Y,,,,,Stop Sign,Functioning Properly,N,2,41.881568,-87.7956366,ok,(N/A),1,2019,,1,2,99,50000 and OVER,9,4295,Oak Park,C,Urban Major Collector,8,16,19,10314219,2,Cook,C,19,0,,2,X001462712,(UNK),(UNK),201901062416,Major,3,0,N,,,,4,37070,(N/A),Straight and Level,No Defects,1,1,No Median Barrier,5,,1900873,Urban,73,2,4,Divided,2,2942253.35427881,1908287.77276183,41.881560141228846,-87.7956,,(UNK),1,(N/A),N,Y,N
2019,2019-02-20,Wednesday,08,08:00 AM,Property Damage,No Injuries,0,0,0,0,0,4,Turning,10,N,N,Failing to Yield Right of Way,Weather,Daylight,Snow,Snow or Slush,N,,,,,No Controls,No Controls,N,2,41.8704937,-87.7779774,ok,(UNK),1,1900878,2019,1,2,11,50000 and OVER,9,4295,Oak Park,C,Urban Local Road or Street,0,16,20,10314222,2,Cook,0,19,,,3,N,(UNK),(UNK),201901062419,City,1,0.01,N,,,,1,37071,(N/A),Straight and Level,No Defects,1,3,Local Road or Street,7,2613,X001462715,Not Toll,73,1,1,Not Divided,1,2947174.88479861,1904385.53351135,41.87048586603834,-87.778,,Urban,3,N,(N/A),Y,(N/A)
2019,2019-02-23,Saturday,01,01:20 AM,Property Damage,No Injuries,0,0,0,0,0,1,Fixed Object,6,N,N,Driving Skills/Knowledge/Experience,Failing to Reduce Speed to Avoid Crash,Darkness / Lighted Road,Clear,Dry,N,,,,,Lane Use Marking,Functioning Properly,N,1,41.8735079,-87.8045193,ok,Partial Access Control,3,03-19-02842,2019,1,15,28,50000 and OVER,9,4295,Oak Park,C,Urban InterState (PAS),0,16,23,10316439,2,Cook,0,19,,,6,N,(UNK),(UNK),201901064395,ISP,5,21.58,Y,,,,6,37191,(N/A),Straight and Level,No Defects,1,1,InterState (PAS),1,9290,X001464682,Not Toll,73,12,4,Divided With Median Barrier,3,2939915.17321756,1905283.79083301,41.873500058415615,-87.8045,,Urban,1,N,(N/A),Y,(N/A)
2019,2019-02-21,Thursday,14,02:18 PM,Property Damage,No Injuries,0,0,0,0,0,3,Front to Rear,11,N,N,Following Too Closely,Failing to Reduce Speed to Avoid Crash,Daylight,Clear,Dry,N,,,,,Traffic Signal,Functioning Properly,N,2,41.8818662,-87.774719,ok,(UNK),1,1900908,2019,1,3,28,50000 and OVER,9,4295,Oak Park,C,Urban Minor Arterial,0,16,21,10320118,2,Cook,0,19,,,4,N,(UNK),(UNK),201901067774,City,1,7.56,N,,,,2,37916,(N/A),Straight and Level,No Defects,1,1,Minor Arterial,4,2790,X001468061,Not Toll,,3,4,Not Divided,1,2947946.85827448,1908554.59293578,41.88185831042172,-87.7747,,Urban,1,N,(N/A),Y,(N/A)
2019,2019-02-26,Tuesday,16,04:22 PM,Property Damage,No Injuries,0,0,0,0,0,2,Front to Rear,11,N,N,Following Too Closely,Failing to Reduce Speed to Avoid Crash,Daylight,Clear,Dry,N,,,,,Lane Use Marking,Functioning Properly,Y,2,41.8726361,-87.7939989,ok,Partial Access Control,3,03-19-02984,2019,1,3,28,50000 and OVER,9,4295,Oak Park,C,Urban InterState (PAS),0,16,26,10321435,2,Cook,0,19,,,2,N,(UNK),(UNK),201901068917,ISP,1,22.08,Y,,,,6,39586,(N/A),Straight and Level,No Defects,1,1,InterState (PAS),1,9290,X001469207,Not Toll,73,12,4,Divided With Median Barrier,3,2942789.36846827,1905045.17169687,41.872628277737334,-87.794,,Urban,1,N,(N/A),Y,(N/A)
2019,2019-02-22,Friday,14,02:55 PM,Injury,B Injury Crash,1,0,0,1,0,1,Sideswipe Same Direction,12,N,N,Improper Lane Usage,Driving Skills/Knowledge/Experience,Daylight,Clear,Dry,N,,,,,Lane Use Marking,Functioning Properly,N,2,41.8720408,-87.7886528,ok,Partial Access Control,3,03-19-02809,2019,1,20,15,50000 and OVER,9,4295,Oak Park,C,Urban InterState (PAS),0,16,22,10320459,2,Cook,2,19,,,5,N,(UNK),(UNK),201901068096,ISP,1,8.47,Y,,,,6,39922,(N/A),Straight and Level,No Defects,1,1,InterState (PAS),1,290,X001468389,Not Toll,73,12,4,Divided With Median Barrier,3,2944251.51290521,1904868.5398504,41.87203294738388,-87.7886,,Urban,1,N,(N/A),Y,(N/A)
2019,2019-02-23,Saturday,12,12:55 PM,Property Damage,No Injuries,0,0,0,0,0,2,Angle,15,N,N,Failing to Yield Right of Way,Unable to Determine,Daylight,Rain,Wet,Y,,,,,Stop Sign,Functioning Properly,N,2,41.9037944,-87.7841752,ok,(UNK),1,1900938,2019,2,2,18,50000 and OVER,9,4295,Oak Park,C,Urban Major Collector,8,16,23,10319363,2,Cook,0,19,,,6,N,(UNK),(UNK),201901067119,City,1,0,N,,,,(UNK),40041,(N/A),Straight On Grade,No Defects,1,2,Major Collector,5,,X001467411,Not Toll,73,2,4,Not Divided,1,2945149.62901623,1916474.01157621,41.903786597748464,-87.7842,,Urban,2,N,(N/A),Y,(N/A)
2019,2019-02-22,Friday,16,04:42 PM,Injury,A Injury Crash,1,0,1,0,0,1,Pedalcyclist,2,N,Y,Failing to Yield Right of Way,(N/A),Dusk,Clear,Dry,Y,,,,,Stop Sign,Functioning Properly,N,1,41.8963188,-87.7898253,ok,(UNK),1,1900931,2019,1,2,99,50000 and OVER,9,4295,Oak Park,C,Urban Local Road or Street,8,16,22,10319364,2,Cook,3,19,,,5,N,(UNK),(UNK),201901067120,City,3,0,N,,,,(UNK),40042,(N/A),Straight and Level,No Defects,1,1,Local Road or Street,7,,X001467412,Not Toll,73,2,4,Other,8,2943686.97642138,1913707.05555479,41.89631097257655,-87.7898,,Urban,1,N,(N/A),Y,(N/A)
2019,2019-02-23,Saturday,22,10:45 PM,Property Damage,No Injuries,0,0,0,0,0,1,Parked Motor Vehicle,9,N,N,Improper Lane Usage,Failing to Reduce Speed to Avoid Crash,Darkness,Rain,Wet,N,,,,,No Controls,No Controls,N,2,41.8820642,-87.7910641,ok,(UNK),1,1900944,2019,1,20,28,50000 and OVER,9,4295,Oak Park,C,Urban Local Road or Street,0,16,23,10319367,2,Cook,0,19,,,6,N,(UNK),(UNK),201901067123,City,4,0.31,N,,,,2,40045,(N/A),Straight and Level,No Defects,1,2,Local Road or Street,7,2015,X001467415,Not Toll,73,1,1,Not Divided,1,2943493.56910369,1908503.04666793,41.882056327999656,-87.7911,,Urban,2,N,(N/A),Y,(N/A)
2019,2019-02-24,Sunday,03,03:10 AM,Property Damage,No Injuries,0,0,0,0,0,5,Sideswipe Same Direction,12,N,N,Improper Lane Usage,Failing to Reduce Speed to Avoid Crash,Darkness / Lighted Road,Rain,Wet,N,,,,,No Controls,No Controls,N,2,41.8727415,-87.7744024,ok,(N/A),1,2019,,1,20,28,50000 and OVER,9,4295,Oak Park,C,Urban Minor Arterial,0,16,24,10319369,2,Cook,C,19,0,,7,X001467417,(UNK),(UNK),201901067125,Minor,5,8.24,N,,,,4,40098,(N/A),Straight and Level,No Defects,1,2,No Median Barrier,4,2790,1900945,Urban,,1,1,Divided,2,2948125.80947346,1905231.81860855,41.87273370111489,-87.7744,,(UNK),2,(N/A),N,Y,N
2019,2019-02-23,Saturday,17,05:51 PM,Property Damage,No Injuries,0,0,0,0,0,3,Front to Rear,11,N,N,Failing to Reduce Speed to Avoid Crash,Unable to Determine,Darkness / Lighted Road,Rain,Wet,N,,,,,No Controls,No Controls,N,2,41.8866235,-87.79445,ok,(UNK),1,1900940,2019,1,28,18,50000 and OVER,9,4295,Oak Park,C,Urban Major Collector,0,16,23,10319370,2,Cook,0,19,,,6,N,(UNK),(UNK),201901067126,City,5,5.67,N,,,,2,40099,(N/A),Straight and Level,No Defects,1,2,Major Collector,5,2775,X001467418,Not Toll,73,1,1,Not Divided,1,2942525.54171152,1910139.04346778,41.88661569088731,-87.7944,,Urban,2,N,(N/A),Y,(N/A)
2019,2019-02-27,Wednesday,09,09:01 AM,Property Damage,No Injuries,0,0,0,0,0,2,Angle,15,N,N,Failing to Yield Right of Way,Failing to Reduce Speed to Avoid Crash,Daylight,Cloudy/Overcast,Dry,Y,,,,,Stop Sign,Functioning Properly,N,2,41.8780051,-87.7905011,ok,(UNK),1,1901001,2019,1,2,28,50000 and OVER,9,4295,Oak Park,C,Urban Local Road or Street,8,16,27,10323298,2,Cook,0,19,,,3,N,(UNK),(UNK),201901070350,City,1,0,N,,,,(UNK),40360,(N/A),Straight and Level,No Defects,1,1,Local Road or Street,7,,X001470545,Not Toll,73,2,4,Not Divided,1,2943687.8828147,1907028.10753463,41.8779972949197,-87.7905,,Urban,8,N,(N/A),Y,(N/A)
2019,2019-02-25,Monday,06,06:40 AM,Property Damage,No Injuries,0,0,0,0,0,2,Front to Rear,11,N,N,Following Too Closely,Failing to Reduce Speed to Avoid Crash,Daylight,Clear,Dry,N,,,,,Lane Use Marking,Functioning Properly,N,2,41.8757159,-87.804588,ok,(UNK),3,03-19-02921,2019,1,3,28,50000 and OVER,9,4295,Oak Park,C,Urban Other Principal Arte,0,16,25,10319473,2,Cook,0,19,,,1,N,(UNK),(UNK),201901067211,ISP,1,19.95,Y,,,,3,40366,(N/A),Straight and Level,No Defects,1,1,Other Principal Arterial (PAS),3,348,X001467503,Not Toll,73,12,4,Divided With Median Barrier,3,2939874.32133631,1906087.92094654,41.87570808729849,-87.8046,,Urban,1,N,(N/A),Y,(N/A)
2019,2019-02-26,Tuesday,07,07:44 AM,Property Damage,No Injuries,0,0,0,0,0,3,Angle,15,N,N,Failing to Yield Right of Way,Unable to Determine,Daylight,Snow,Snow or Slush,Y,,,,,Stop Sign,Functioning Properly,N,2,41.8816077,-87.7910517,ok,(N/A),1,2019,,1,2,18,50000 and OVER,9,4295,Oak Park,C,Urban Major Collector,8,16,26,10321671,2,Cook,C,19,0,,2,X001469429,(UNK),(UNK),201901069140,Major,1,0,N,,,,2,40467,(N/A),Straight and Level,No Defects,1,3,No Median Barrier,5,,1900974,Urban,73,2,4,Divided,2,2943501.54903554,1908336.78588253,41.88159983585062,-87.791,,(UNK),3,(N/A),N,Y,N
2019,2019-02-26,Tuesday,17,05:00 PM,Property Damage,No Injuries,0,0,0,0,0,2,Sideswipe Same Direction,12,N,N,Improper Lane Usage,Failing to Reduce Speed to Avoid Crash,Daylight,Cloudy/Overcast,Dry,N,,,,,No Controls,No Controls,N,2,41.8688183,-87.7939804,ok,(UNK),1,1900991,2019,1,20,28,50000 and OVER,9,4295,Oak Park,C,Urban Local Road or Street,0,16,26,10321672,2,Cook,0,19,,,2,N,(UNK),(UNK),201901069141,City,1,0.47,N,,,,2,40468,(N/A),Straight and Level,No Defects,1,1,Local Road or Street,7,4090,X001469430,Not Toll,73,1,1,Not Divided,1,2942832.89107491,1903654.03775419,41.86881048039389,-87.794,,Urban,8,N,(N/A),Y,(N/A)
2019,2019-02-25,Monday,11,11:17 AM,Property Damage,No Injuries,0,0,0,0,0,2,Sideswipe Same Direction,12,N,N,Improper Lane Usage,Failing to Reduce Speed to Avoid Crash,Daylight,Clear,Dry,N,,,,,Lane Use Marking,Functioning Properly,Y,2,41.87202,-87.7850919,ok,Partial Access Control,3,03-19-02935,2019,1,20,28,50000 and OVER,9,4295,Oak Park,C,Urban InterState (PAS),0,16,25,10321723,2,Cook,0,19,,,1,N,(UNK),(UNK),201901069185,ISP,1,320.87,Y,,,,3,40535,(N/A),Straight and Level,No Defects,1,1,InterState (PAS),1,5110,X001469474,Not Toll,73,12,4,Divided With Median Barrier,3,2945221.61192952,1904887.87010257,41.87201216331922,-87.7851,,Urban,1,N,(N/A),Y,(N/A)
2019,2019-02-17,Sunday,02,02:25 AM,Property Damage,No Injuries,0,0,0,0,0,2,Front to Rear,11,N,N,Under Influence of Alcohol/Drugs,Failing to Reduce Speed to Avoid Crash,Darkness / Lighted Road,Clear,Dry,N,,,,,Lane Use Marking,Functioning Properly,N,2,41.8723173,-87.7919534,ok,Partial Access Control,3,03-19-02532,2019,1,8,28,50000 and OVER,9,4295,Oak Park,C,Urban InterState (PAS),0,16,17,10324018,2,Cook,0,19,,,7,N,(UNK),(UNK),201901070743,ISP,5,22.18,Y,,,,6,40746,(N/A),Straight and Level,No Defects,1,1,InterState (PAS),1,9290,X001470928,Not Toll,73,12,4,Divided With Median Barrier,3,2943349.71666695,1904944.42045136,41.87230950537541,-87.7919,,Urban,1,N,(N/A),Y,(N/A)
2019,2019-02-25,Monday,16,04:22 PM,Property Damage,No Injuries,0,0,0,0,0,2,Front to Rear,11,N,N,(N/A),(N/A),Daylight,Clear,Dry,N,,,,,Traffic Signal,Functioning Properly,Y,2,41.8733779,-87.8045139,ok,(UNK),1,1900966,2019,1,99,99,50000 and OVER,9,4295,Oak Park,C,Urban Other Principal Arte,0,16,25,10320606,2,Cook,0,19,,,1,N,(UNK),(UNK),201901068222,City,1,25.59,Y,,,,5,40998,(N/A),Straight and Level,No Defects,1,1,Other Principal Arterial (PAS),3,5043,X001468516,Not Toll,73,3,4,Divided With Median Barrier,3,2939917.9389215,1905236.47002464,41.87337009476171,-87.8045,,Urban,1,N,(N/A),Y,(N/A)
2019,2019-02-26,Tuesday,11,11:13 AM,Injury,C Injury Crash,1,0,0,0,1,1,Angle,15,N,N,Failing to Yield Right of Way,(N/A),Daylight,Snow,Dry,Y,,,,,Stop Sign,Functioning Properly,N,2,41.8754341,-87.7986763,ok,(N/A),1,2019,,1,2,99,50000 and OVER,9,4295,Oak Park,C,Urban Local Road or Street,8,16,26,10320615,2,Cook,C,19,1,,2,X001468523,(UNK),(UNK),201901068229,Local,1,0,N,,,,(UNK),41052,(N/A),Straight and Level,No Defects,1,1,No Median Barrier,7,,1900979,Urban,73,2,4,Divided,2,2941487.23288709,1906029.58942395,41.87542621241898,-87.7987,,(UNK),3,(N/A),N,Y,N
2019,2019-02-26,Tuesday,10,10:40 AM,Property Damage,No Injuries,0,0,0,0,0,2,Angle,15,N,N,Failing to Yield Right of Way,Failing to Reduce Speed to Avoid Crash,Daylight,Clear,Ice,Y,,,,,Stop Sign,Functioning Properly,N,2,41.8946671,-87.7783862,ok,(N/A),1,2019,,1,2,28,50000 and OVER,9,4295,Oak Park,C,Urban Minor Arterial,8,16,26,10320620,2,Cook,C,19,0,,2,X001468526,(UNK),(UNK),201901068232,Minor,1,0,N,,,,(UNK),41053,(N/A),Straight and Level,No Defects,1,4,No Median Barrier,4,,1900977,Urban,73,2,4,Divided,2,2946818.27342856,1913191.67482875,41.89465925543531,-87.7784,,(UNK),1,(N/A),N,Y,N
2019,2019-02-26,Tuesday,15,03:32 PM,Property Damage,No Injuries,0,0,0,0,0,5,Angle,15,N,N,Failing to Yield Right of Way,(N/A),Daylight,Clear,Dry,Y,,,,,Stop Sign,Functioning Properly,N,2,41.8851354,-87.7895052,ok,(UNK),1,1900989,2019,1,2,99,50000 and OVER,9,4295,Oak Park,C,Urban Minor Collector,8,16,26,10320621,2,Cook,0,19,,,2,N,(UNK),(UNK),201901068233,City,1,0,N,,,,(UNK),41054,(N/A),Straight and Level,No Defects,1,1,Minor Collector,6,,X001468527,Not Toll,73,2,4,Not Divided,1,2943887.08519933,1909634.03815974,41.88512760227724,-87.7895,,Urban,1,N,(N/A),Y,(N/A)
2019,2019-02-14,Thursday,05,05:25 AM,Injury,B Injury Crash,1,0,0,1,0,1,Pedestrian,1,Y,N,Failing to Yield Right of Way,Driving Skills/Knowledge/Experience,Darkness / Lighted Road,Clear,Dry,Y,,,,,Traffic Signal,Functioning Properly,N,1,41.8885678,-87.8050258,ok,(N/A),1,2019,,1,2,15,50000 and OVER,9,4295,Oak Park,C,Urban Other Principal Arte,6,16,14,10320632,2,Cook,C,19,2,,4,X001468531,(UNK),(UNK),201901068237,Other,5,26.64,Y,,,,4,41064,(N/A),Straight and Level,No Defects,1,1,No Median Barrier,3,5043,1900230,Urban,73,3,4,Divided,2,2939626.11874017,1910768.10734459,41.888559999096806,-87.805,,(UNK),1,(N/A),N,Y,N
2019,2019-02-28,Thursday,15,03:21 PM,Property Damage,No Injuries,0,0,0,0,0,2,Turning,10,N,N,Improper Turning/No Signal,Failing to Reduce Speed to Avoid Crash,Daylight,Cloudy/Overcast,Dry,N,,,,,No Controls,No Controls,N,2,41.8723348,-87.8031286,ok,(UNK),1,1901032,2019,1,6,28,50000 and OVER,9,4295,Oak Park,C,Urban Local Road or Street,0,16,28,10324296,2,Cook,0,19,,,4,N,(UNK),(UNK),201901070868,City,1,0.07,N,,,,2,41197,(N/A),Straight and Level,No Defects,1,1,Local Road or Street,7,4062,X001471053,Not Toll,73,1,1,Not Divided,1,2940305.74350158,1904866.71155878,41.87232692057952,-87.8031,,Urban,8,N,(N/A),Y,(N/A)
2019,2019-02-19,Tuesday,09,09:10 AM,Property Damage,No Injuries,0,0,0,0,0,3,Front to Rear,11,N,N,Failing to Reduce Speed to Avoid Crash,Equipment-Vehicle Condition,Daylight,Clear,Dry,N,,,,,Lane Use Marking,Functioning Properly,N,2,41.8716655,-87.7810147,ok,Partial Access Control,3,03-19-02640,2019,1,28,10,50000 and OVER,9,4295,Oak Park,C,Urban InterState (PAS),0,16,19,10325569,2,Cook,0,19,,,2,N,(UNK),(UNK),201901072085,ISP,1,22.75,Y,,,,4,41883,(N/A),Straight and Level,No Defects,1,1,InterState (PAS),1,9290,X001472283,Not Toll,73,12,4,Divided With Median Barrier,3,2946335.72721534,1904789.53578691,41.87165765510747,-87.781,,Urban,1,N,(N/A),Y,(N/A)
2019,2019-03-02,Saturday,12,12:50 PM,Property Damage,No Injuries,0,0,0,0,0,2,Front to Rear,11,N,N,Following Too Closely,Unable to Determine,Daylight,Clear,Dry,N,,,,,Lane Use Marking,Functioning Properly,N,2,41.8788345,-87.8046964,ok,(N/A),1,2019,,1,3,18,50000 and OVER,9,4295,Oak Park,C,Urban Other Principal Arte,0,16,2,10325995,3,Cook,C,19,0,,6,X001472696,(UNK),(UNK),201901072494,Other,1,19.74,Y,,,,4,42005,(N/A),Straight and Level,No Defects,1,1,No Median Barrier,3,348,19-00713,Urban,73,12,4,Divided,2,2939813.49657538,1907223.56701816,41.87882664786833,-87.8047,,(UNK),1,(N/A),N,Y,N
2019,2019-02-26,Tuesday,11,11:40 AM,Property Damage,No Injuries,0,0,0,0,0,4,Fixed Object,6,N,N,Improper Lane Usage,Failing to Reduce Speed to Avoid Crash,Daylight,Clear,Dry,N,,,,,Lane Use Marking,Functioning Properly,Y,1,41.8718647,-87.7832745,ok,Partial Access Control,3,03-19-02973,2019,1,20,28,50000 and OVER,9,4295,Oak Park,C,Urban InterState (PAS),0,16,26,10326156,2,Cook,0,19,,,2,N,(UNK),(UNK),201901072650,ISP,1,22.64,Y,,,,3,42783,(N/A),Straight and Level,No Defects,1,1,InterState (PAS),1,9290,X001472853,Not Toll,73,12,4,Divided With Median Barrier,3,2945718.2000071,1904845.00225097,41.87185680634229,-87.7833,,Urban,1,N,(N/A),Y,(N/A)
2019,2019-03-04,Monday,08,08:27 AM,Property Damage,No Injuries,0,0,0,0,0,3,Front to Rear,11,N,N,Failing to Reduce Speed to Avoid Crash,Unable to Determine,Daylight,Clear,Dry,Y,,,,,No Controls,No Controls,N,2,41.8944481,-87.7927625,ok,(UNK),1,1901091,2019,1,28,18,50000 and OVER,9,4295,Oak Park,C,Urban Minor Arterial,8,16,4,10327611,3,Cook,0,19,,,1,N,(UNK),(UNK),201901073786,City,1,0,N,,,,2,42829,(N/A),Straight and Level,No Defects,1,1,Minor Arterial,4,,X001473967,Not Toll,73,1,1,Not Divided,1,2942906.1326722,1913003.18871829,41.89444028669706,-87.7928,,Urban,1,N,(N/A),Y,(N/A)
2019,2019-03-04,Monday,12,12:00 PM,Property Damage,No Injuries,0,0,0,0,0,1,Parked Motor Vehicle,9,N,N,Improper Lane Usage,(N/A),Daylight,Clear,Dry,N,,,,,No Controls,No Controls,Y,2,41.883262,-87.8027868,ok,(UNK),1,1901095,2019,1,20,99,50000 and OVER,9,4295,Oak Park,C,Urban Local Road or Street,0,16,4,10327612,3,Cook,0,19,,,1,N,(UNK),(UNK),201901073787,City,1,0.1,N,,,,2,42830,(N/A),Straight and Level,No Defects,1,1,Local Road or Street,7,3015,X001473968,Not Toll,73,1,1,Not Divided,1,2940289.09204561,1908851.36617768,41.88325418094504,-87.8028,,Urban,1,N,(N/A),Y,(N/A)
2019,2019-01-25,Friday,01,01:00 AM,Property Damage,No Injuries,0,0,0,0,0,1,Parked Motor Vehicle,9,N,N,Unable to Determine,Unable to Determine,Darkness / Lighted Road,Sleet/Hail,Snow or Slush,N,,,,,No Controls,No Controls,Y,2,41.895355,-87.803349,ok,(UNK),1,1901103,2019,1,18,18,50000 and OVER,9,4295,Oak Park,C,Urban Local Road or Street,0,16,25,10327613,1,Cook,0,19,,,5,N,(UNK),(UNK),201901073788,City,5,0.1,N,,,,2,42831,(N/A),Straight and Level,No Defects,1,3,Local Road or Street,7,3085,X001473969,Not Toll,73,1,1,Not Divided,1,2940014.56005737,1913254.05853852,41.895347173959856,-87.8033,,Urban,5,N,(N/A),Y,(N/A)
2019,2019-03-04,Monday,15,03:59 PM,Property Damage,No Injuries,0,0,0,0,0,3,Angle,15,N,N,Driving Skills/Knowledge/Experience,(N/A),Daylight,Clear,Dry,Y,,,,,Stop Sign,Functioning Properly,N,2,41.8650401,-87.8033631,ok,(N/A),1,2019,,1,15,99,50000 and OVER,9,4295,Oak Park,C,Urban Other Principal Arte,8,16,4,10327614,3,Cook,C,19,0,,1,X001473970,(UNK),(UNK),201901073789,Other,1,0,Y,,,,(UNK),42832,(N/A),Straight and Level,No Defects,1,1,No Median Barrier,3,,1901099,Urban,73,2,4,Divided,2,2940315.08488192,1902206.63857517,41.865032228821995,-87.8034,,(UNK),1,(N/A),N,Y,N
2019,2019-02-06,Wednesday,09,09:35 AM,Property Damage,No Injuries,0,0,0,0,0,2,Front to Rear,11,N,N,Failing to Reduce Speed to Avoid Crash,(N/A),Daylight,Cloudy/Overcast,Dry,N,,,,,Lane Use Marking,Functioning Properly,N,2,41.8711788,-87.7753128,ok,Partial Access Control,3,03-19-02614,2019,2,28,99,50000 and OVER,9,4295,Oak Park,C,Urban InterState (PAS),8,16,6,10324587,2,Cook,0,19,,,3,N,(UNK),(UNK),201901071145,ISP,1,0,Y,,,,1,42991,(N/A),Straight On Grade,No Defects,1,1,InterState (PAS),1,,X001471334,Not Toll,73,12,4,Ramp,11,2947893.73192065,1904655.399506,41.87117092038085,-87.7753,,Urban,8,N,(N/A),Y,(N/A)
2019,2019-03-05,Tuesday,07,07:04 AM,Property Damage,No Injuries,0,0,0,0,0,2,Sideswipe Same Direction,12,N,N,Driving Skills/Knowledge/Experience,(N/A),Daylight,Clear,Snow or Slush,N,,,,,No Controls,No Controls,N,2,41.8690013,-87.781904,ok,(UNK),1,1901109,2019,1,15,99,50000 and OVER,9,4295,Oak Park,C,Urban Local Road or Street,0,16,5,10328360,3,Cook,0,19,,,2,N,(UNK),(UNK),201901074459,City,1,1.08,N,,,,1,43208,(N/A),Straight and Level,No Defects,1,3,Local Road or Street,7,4090,X001474634,Not Toll,73,1,1,Not Divided,1,2946120.47379163,1903811.92843601,41.868993483834934,-87.7819,,Urban,1,N,(N/A),Y,(N/A)
2019,2019-02-28,Thursday,01,01:30 AM,Property Damage,No Injuries,0,0,0,0,0,2,Turning,10,N,N,Failing to Yield Right of Way,Driving Skills/Knowledge/Experience,Darkness / Lighted Road,Clear,Dry,Y,,,,,Lane Use Marking,Functioning Properly,N,2,41.8736416,-87.8045256,ok,Partial Access Control,3,03-19-03057,2019,2,2,15,50000 and OVER,9,4295,Oak Park,C,Urban InterState (PAS),6,16,28,10328822,2,Cook,0,19,,,4,N,(UNK),(UNK),201901074897,ISP,5,25.61,Y,,,,1,43220,(N/A),Straight On Grade,No Defects,1,1,InterState (PAS),1,5043,X001475075,Not Toll,73,12,4,Ramp,11,2939912.13050783,1905332.4607799,41.87363374235265,-87.8045,,Urban,1,N,(N/A),Y,(N/A)
2019,2019-03-01,Friday,15,03:10 PM,Property Damage,No Injuries,0,0,0,0,0,4,Front to Rear,11,N,N,Following Too Closely,Failing to Reduce Speed to Avoid Crash,Daylight,Clear,Dry,Y,,,,,Traffic Signal,Functioning Properly,N,2,41.8882391,-87.7818002,ok,(UNK),1,1901056,2019,1,3,28,50000 and OVER,9,4295,Oak Park,C,Urban Major Collector,0,16,1,10327141,3,Cook,0,19,,,5,N,(UNK),(UNK),201901073352,City,1,0.99,N,,,,2,43441,(N/A),Straight and Level,No Defects,1,1,Major Collector,5,1405,X001473531,Not Toll,73,3,4,Not Divided,1,2945953.85317645,1910823.31423499,41.88823124798495,-87.7818,,Urban,1,N,(N/A),Y,(N/A)