crash_year,crash_date,day_of_week,crash_hour,time_of_crash,crash_severity,crash_injury_severity,total_injured,total_fatals,a_injuries,b_injuries,c_injuries,no_injuries,type_of_first_crash,collision_type_code,pedestrian_involved,pedalcyclist_involved,cause1,cause2,lighting_cond,weather_cond,road_surface_cond,intersection_related,is_intersection,highway_or_street_name,at_intersection_with,address_no,traffic_control_device,traffic_control_device_cond,hit_and_run,number_of_vehicles,latitude,longitude,location_status,access_control,agency_code,agency_report_number,agency_report_year,alignment_code,cause1_code,cause2_code,city_class,city_class_code,city_code,city_name,city_township_flag,class_of_trafficway,class_of_trafficway_code,county_code,crash_day,crash_id,crash_month,crash_report_county,crash_severity_cd,crash_yr_source,damaged_property1,damaged_property2,day_of_week_code,did_crash_occur_in_work_zone,did_involve_secondary_crash,flow_condition,icn,investigating_agency_descrip,light_condition_code,mile_station,nhs,non_intersection_direction,non_intersection_distance,non_intersection_units,number_of_lanes,objectid,railroad_crossing_number,road_alignment,road_defects,road_defects_code,road_surface_condition_code,roadway_functional_class,roadway_functional_class_code,route_number,sfe,toll,township,traffic_control_device_code,traffic_control_device_cond_code,trafficway_descrip,trafficway_description_code,ts_crash_coordinate_x,ts_crash_coordinate_y,ts_crash_latitude,ts_crash_longitude,type_report,urban_rural,weather_code,were_workers_present,work_zone,work_zone_related,work_zone_type
2019,2019-03-05,Tuesday,10,10:34 AM,Property Damage,No Injuries,0,0,0,0,0,2,Sideswipe Same Direction,12,N,N,Improper Lane Usage,(N/A),Daylight,Clear,Dry,Y,,,,,Traffic Signal,Functioning Properly,N,2,41.8885678,-87.8050258,ok,(UNK),1,1900310,2019,1,20,99,50000 and OVER,9,4295,Oak Park,C,Urban Other Principal Arte,0,16,5,10328895,3,Cook,0,19,,,2,N,(UNK),(UNK),201901074968,City,1,26.64,Y,,,,(UNK),43663,(N/A),Straight and Level,No Defects,1,1,Other Principal Arterial (PAS),3,5043,X001475146,Not Toll,73,3,4,Not Divided,1,2939626.11874017,1910768.10734459,41.888559999096806,-87.805,,Urban,1,N,(N/A),Y,(N/A)
2019,2019-03-01,Friday,22,10:17 PM,Injury,C Injury Crash,1,0,0,0,1,1,Pedalcyclist,2,N,Y,Failing to Yield Right of Way,Failing to Reduce Speed to Avoid Crash,Darkness / Lighted Road,Snow,Wet,Y,,,,,Lane Use Marking,Functioning Properly,Y,1,41.8651888,-87.792514,ok,(N/A),1,2019,,1,2,28,50000 and OVER,9,4295,Oak Park,C,Urban Other Principal Arte,8,16,1,10327191,3,Cook,C,19,1,,5,X001473573,(UNK),(UNK),201901073394,Other,5,0,Y,,,,(UNK),43787,(N/A),Straight and Level,No Defects,1,2,No Median Barrier,3,,1901064,Urban,52,12,4,Divided,2,2943268.90856853,1902342.42833959,41.86518096750792,-87.7925,,(UNK),3,(N/A),N,Y,N
2019,2019-03-01,Friday,22,10:37 PM,Property Damage,No Injuries,0,0,0,0,0,4,Front to Rear,11,N,N,Exceeding Safe Speed For Conditions,Failing to Reduce Speed to Avoid Crash,Darkness,Snow,Wet,Y,,,,,Traffic Signal,Functioning Properly,N,2,41.8796657,-87.8047357,ok,(N/A),1,2019,,1,27,28,50000 and OVER,9,4295,Oak Park,C,Urban Other Principal Arte,0,16,1,10327193,3,Cook,C,19,0,,5,X001473575,(UNK),(UNK),201901073396,Other,4,26.02,Y,,,,5,43788,(N/A),Straight and Level,No Defects,1,2,No Median Barrier,3,5043,1901065,Urban,73,3,4,Divided,2,2939794.4499036,1907526.16520529,41.87965781702762,-87.8047,,(UNK),3,(N/A),N,Y,N
2019,2019-03-02,Saturday,10,10:12 AM,Property Damage,No Injuries,0,0,0,0,0,2,Sideswipe Same Direction,12,N,N,Failing to Yield Right of Way,Unable to Determine,Daylight,Cloudy/Overcast,Dry,N,,,,,No Controls,No Controls,N,2,41.8812861,-87.7893936,ok,(UNK),1,1901068,2019,2,2,18,50000 and OVER,9,4295,Oak Park,C,Urban Minor Collector,0,16,2,10327195,3,Cook,0,19,,,6,N,(UNK),(UNK),201901073398,City,1,0.52,N,,,,2,43790,(N/A),Straight On Grade,No Defects,1,1,Minor Collector,6,2779,X001473577,Not Toll,73,1,1,Not Divided,1,2943956.35519151,1908232.11458989,41.881278276954305,-87.7894,,Urban,8,N,(N/A),Y,(N/A)
2019,2019-03-02,Saturday,11,11:52 AM,Property Damage,No Injuries,0,0,0,0,0,1,Parked Motor Vehicle,9,N,N,Failing to Reduce Speed to Avoid Crash,Unable to Determine,Daylight,Clear,Dry,N,,,,,No Controls,No Controls,N,2,41.8894163,-87.8026208,ok,(N/A),1,2019,,1,28,18,50000 and OVER,9,4295,Oak Park,C,Urban Local Road or Street,0,16,2,10327198,3,Cook,C,19,0,,6,X001473580,(UNK),(UNK),201901073402,Local,1,0.32,N,,,,2,43837,(N/A),Straight and Level,No Defects,1,1,No Median Barrier,7,2056,1901070,Urban,73,1,1,Divided,2,2940272.48937412,1911095.33058136,41.88940842045864,-87.8026,,(UNK),1,(N/A),N,Y,N
2019,2019-03-02,Saturday,17,05:11 PM,Property Damage,No Injuries,0,0,0,0,0,2,Turning,10,N,N,Failing to Yield Right of Way,Improper Turning/No Signal,Daylight,Clear,Dry,Y,,,,,Traffic Signal,Functioning Properly,N,2,41.8817178,-87.7845158,ok,(UNK),1,1901075,2019,1,2,6,50000 and OVER,9,4295,Oak Park,C,Urban Major Collector,8,16,2,10327209,3,Cook,0,19,,,6,N,(UNK),(UNK),201901073412,City,1,0,N,,,,2,43851,(N/A),Straight and Level,No Defects,1,1,Major Collector,5,,X001473590,Not Toll,73,3,4,Not Divided,1,2945280.38400642,1908426.29706759,41.88170999977678,-87.7845,,Urban,1,N,(N/A),Y,(N/A)
2019,2019-02-28,Thursday,19,07:54 PM,Property Damage,No Injuries,0,0,0,0,0,5,Sideswipe Same Direction,12,N,N,Improper Overtaking/Passing,Failing to Reduce Speed to Avoid Crash,Darkness / Lighted Road,Clear,Dry,Y,,,,,Traffic Signal,Functioning Properly,N,2,41.8886494,-87.8026264,ok,(UNK),1,1901041,2019,1,4,28,50000 and OVER,9,4295,Oak Park,C,Urban Major Collector,8,16,28,10324729,2,Cook,0,19,,,4,N,(UNK),(UNK),201901071280,City,5,0,N,,,,(UNK),43874,(N/A),Straight and Level,No Defects,1,1,Major Collector,5,,X001471470,Not Toll,73,3,4,Not Divided,1,2940278.67221016,1910815.8411564,41.88864158926343,-87.8026,,Urban,1,N,(N/A),Y,(N/A)
2019,2019-03-05,Tuesday,16,04:37 PM,Property Damage,No Injuries,0,0,0,0,0,3,Front to Rear,11,N,N,Failing to Reduce Speed to Avoid Crash,Driving Skills/Knowledge/Experience,Daylight,Clear,Dry,N,,,,,No Controls,No Controls,N,2,41.9089276,-87.7998727,ok,(UNK),1,1901117,2019,1,28,15,50000 and OVER,9,4295,Oak Park,C,Urban Other Principal Arte,0,16,5,10329551,3,Cook,0,19,,,2,N,(UNK),(UNK),201901075567,City,1,6.23,Y,,,,4,44131,(N/A),Straight and Level,No Defects,1,1,Other Principal Arterial (PAS),3,307,X001475740,Not Toll,73,1,1,Not Divided,1,2940824.53065566,1918226.25959276,41.908919714934804,-87.7999,,Urban,1,N,(N/A),Y,(N/A)
2019,2019-03-03,Sunday,03,03:53 AM,Property Damage,No Injuries,0,0,0,0,0,2,Sideswipe Same Direction,12,N,N,Improper Lane Usage,Failing to Reduce Speed to Avoid Crash,Darkness / Lighted Road,Clear,Dry,N,,,,,Lane Use Marking,Functioning Properly,N,2,41.8731266,-87.798231,ok,Partial Access Control,3,03-19-03204,2019,1,20,28,50000 and OVER,9,4295,Oak Park,C,Urban InterState (PAS),0,16,3,10329901,3,Cook,0,19,,,7,N,(UNK),(UNK),201901075885,ISP,5,21.88,Y,,,,6,44148,(N/A),Straight and Level,No Defects,1,1,InterState (PAS),1,9290,X001476065,Not Toll,73,12,4,Divided With Median Barrier,3,2941631.73866624,1905192.04635102,41.87311872033415,-87.7982,,Urban,1,N,(N/A),Y,(N/A)
2019,2019-03-06,Wednesday,12,12:30 PM,Property Damage,No Injuries,0,0,0,0,0,2,Front to Rear,11,N,N,Following Too Closely,Road Construction/Maintenance,Daylight,Clear,Dry,N,,,,,No Controls,No Controls,N,2,41.8706477,-87.7742873,ok,(N/A),1,2019,,1,3,13,50000 and OVER,9,4295,Oak Park,C,Urban Minor Arterial,0,16,6,10330363,3,Cook,C,19,0,,3,X001476446,(UNK),(UNK),201901076335,Minor,1,8.39,N,,,,(UNK),44165,(N/A),Straight and Level,No Defects,1,1,No Median Barrier,4,2790,JC175512,Urban,,1,1,Divided,2,2948178.433184,1904469.64131341,41.870639813327266,-87.7743,,(UNK),1,(N/A),N,Y,N
2019,2019-03-06,Wednesday,16,04:47 PM,Injury,B Injury Crash,3,0,0,3,0,3,Turning,10,N,N,Failing to Yield Right of Way,Failing to Reduce Speed to Avoid Crash,Dusk,Clear,Dry,Y,,,,,Traffic Signal,Functioning Properly,N,2,41.8796273,-87.8023285,ok,(N/A),1,2019,,1,2,28,50000 and OVER,9,4295,Oak Park,C,Urban Minor Arterial,8,16,6,10330367,3,Cook,C,19,2,TRAFFIC SIGNAL (VILLAGE PROP),3,X001476449,(UNK),(UNK),201901076270,Minor,3,0,N,,,,4,44207,(N/A),Straight and Level,No Defects,1,1,No Median Barrier,4,,1901132,Urban,73,3,4,Divided,2,2940450.42002574,1907530.22927975,41.87961940836703,-87.8023,,(UNK),1,(N/A),N,Y,N
2019,2019-02-28,Thursday,18,06:08 PM,Injury,B Injury Crash,1,0,0,1,0,1,Pedestrian,1,Y,N,Had Been Drinking,Failing to Yield Right of Way,Darkness / Lighted Road,Cloudy/Overcast,Dry,Y,,,,,No Controls,No Controls,N,1,41.8654179,-87.7777865,ok,(UNK),1,1901038,2019,1,19,2,50000 and OVER,9,4295,Oak Park,C,Urban Other Principal Arte,8,16,28,10326695,2,Cook,2,19,,,4,N,(UNK),(UNK),201901073107,City,5,0,Y,,,,2,44227,(N/A),Straight and Level,No Defects,1,1,Other Principal Arterial (PAS),3,,X001473286,Not Toll,56,1,1,Not Divided,1,2947278.39950594,1902537.28044737,41.86541010026889,-87.7778,,Urban,8,N,(N/A),Y,(N/A)
2019,2019-03-06,Wednesday,12,12:33 PM,Property Damage,No Injuries,0,0,0,0,0,2,Sideswipe Same Direction,12,N,N,Failing to Yield Right of Way,(N/A),Daylight,Cloudy/Overcast,Dry,N,,,,,Traffic Signal,Functioning Properly,N,2,41.8733378,-87.7744424,ok,(UNK),1,1901128,2019,1,2,99,50000 and OVER,9,4295,Oak Park,C,Urban Minor Arterial,0,16,6,10329971,3,Cook,0,19,,,3,Y,(UNK),(UNK),201901075947,City,1,8.19,N,,,,4,44318,(N/A),Straight and Level,Other,10,1,Minor Arterial,4,2790,X001476127,Not Toll,,3,4,Not Divided,1,2948108.85121766,1905448.79687213,41.87332994463864,-87.7744,,Urban,8,Y,Construction,N,Construction Work Zone
2019,2019-03-06,Wednesday,10,10:05 AM,Property Damage,No Injuries,0,0,0,0,0,2,Front to Rear,11,N,N,Following Too Closely,Failing to Reduce Speed to Avoid Crash,Daylight,Clear,Dry,N,,,,,Traffic Signal,Functioning Properly,N,2,41.8813972,-87.784502,ok,(UNK),1,1901126,2019,1,3,28,50000 and OVER,9,4295,Oak Park,C,Urban Major Collector,0,16,6,10329972,3,Cook,0,19,,,3,N,(UNK),(UNK),201901075948,City,1,1.42,N,,,,2,44319,(N/A),Straight and Level,No Defects,1,1,Major Collector,5,2783,X001476128,Not Toll,73,3,4,Not Divided,1,2945287.38856978,1908309.5437882,41.88138933104621,-87.7845,,Urban,1,N,(N/A),Y,(N/A)
2019,2019-03-06,Wednesday,07,07:35 AM,Property Damage,No Injuries,0,0,0,0,0,4,Turning,10,N,N,Failing to Yield Right of Way,Failing to Reduce Speed to Avoid Crash,Daylight,Clear,Dry,Y,,,,,Stop Sign,Functioning Properly,Y,2,41.8903351,-87.7864,ok,(UNK),1,1901125,2019,1,2,28,50000 and OVER,9,4295,Oak Park,C,Urban Local Road or Street,8,16,6,10329973,3,Cook,0,19,,,3,N,(UNK),(UNK),201901075949,City,1,0,N,,,,2,44320,(N/A),Straight and Level,No Defects,1,1,Local Road or Street,7,,X001476129,Not Toll,73,2,4,Not Divided,1,2944680.0920179,1911552.32315259,41.89032720321064,-87.7864,,Urban,1,N,(N/A),Y,(N/A)
2019,2019-03-05,Tuesday,16,04:35 PM,Property Damage,No Injuries,0,0,0,0,0,2,Front to Rear,11,N,N,Following Too Closely,Failing to Reduce Speed to Avoid Crash,Daylight,Clear,Dry,N,,,,,Lane Use Marking,Functioning Properly,N,2,41.8726034,-87.7936976,ok,Partial Access Control,3,03-19-03338,2019,1,3,28,50000 and OVER,9,4295,Oak Park,C,Urban InterState (PAS),0,16,5,10328626,3,Cook,0,19,,,2,N,(UNK),(UNK),201901074707,ISP,1,320.42,Y,,,,6,44330,(N/A),Straight and Level,No Defects,1,1,InterState (PAS),1,5110,X001474884,Not Toll,73,12,4,Divided With Median Barrier,3,2942871.77273793,1905035.51722568,41.8725955556135,-87.7937,,Urban,1,N,(N/A),Y,(N/A)
2019,2019-02-28,Thursday,20,08:20 PM,Property Damage,No Injuries,0,0,0,0,0,3,Angle,15,N,N,Improper Backing,Improper Lane Usage,Darkness / Lighted Road,Clear,Dry,Y,,,,,Stop Sign,Functioning Properly,N,2,41.8873987,-87.8023943,ok,(UNK),1,1901042,2019,1,30,20,50000 and OVER,9,4295,Oak Park,C,Urban Local Road or Street,0,16,28,10326734,2,Cook,0,19,,,4,N,(UNK),(UNK),201901073145,City,5,0.06,N,,,,2,44512,(N/A),Straight and Level,No Defects,1,1,Local Road or Street,7,2056,X001473324,Not Toll,73,2,4,Not Divided,1,2940354.43349125,1910361.78353905,41.88739083041063,-87.8024,,Urban,1,N,(N/A),Y,(N/A)
2019,2019-03-05,Tuesday,22,10:44 PM,Property Damage,No Injuries,0,0,0,0,0,1,Other Object,7,N,N,(N/A),(N/A),Darkness / Lighted Road,Unknown,Unknown,N,,,,,No Controls,No Controls,N,1,41.9090515,-87.7932101,ok,(N/A),1,2019,,1,99,99,50000 and OVER,9,4295,Oak Park,C,Urban Other Principal Arte,0,16,5,10328758,3,Cook,C,19,0,,2,X001475011,(UNK),(UNK),201901074834,Other,5,6.57,Y,,,,4,45035,(N/A),Straight and Level,Unknown,99,9,No Median Barrier,3,307,JC175047,Urban,73,1,1,Divided,2,2942636.94807978,1918321.58371134,41.90904369917274,-87.7932,,(UNK),9,(N/A),N,N,N
2019,2019-03-06,Wednesday,20,08:23 PM,Property Damage,No Injuries,0,0,0,0,0,2,Front to Rear,11,N,N,Failing to Reduce Speed to Avoid Crash,(N/A),Darkness / Lighted Road,Clear,Dry,Y,,,,,Traffic Signal,Functioning Properly,N,2,41.8885679,-87.8050246,ok,(UNK),1,1901136,2019,1,28,99,50000 and OVER,9,4295,Oak Park,C,Urban Other Principal Arte,0,16,6,10330553,3,Cook,0,19,,,3,N,(UNK),(UNK),201901076410,City,5,26.64,Y,,,,4,45378,(N/A),Straight and Level,No Defects,1,1,Other Principal Arterial (PAS),3,5043,X001476586,Not Toll,73,3,4,Not Divided,1,2939626.45251101,1910768.13175968,41.88856004084176,-87.805,,Urban,1,N,(N/A),Y,(N/A)
2019,2019-03-06,Wednesday,21,09:20 PM,Property Damage,No Injuries,0,0,0,0,0,3,Front to Rear,11,N,N,Following Too Closely,Unable to Determine,Darkness / Lighted Road,Clear,Dry,Y,,,,,Traffic Signal,Functioning Properly,Y,2,41.8798081,-87.7942784,ok,(UNK),1,1901137,2019,1,3,18,50000 and OVER,9,4295,Oak Park,C,Urban Major Collector,0,16,6,10330558,3,Cook,0,19,,,3,N,(UNK),(UNK),201901076414,City,5,6.16,N,,,,5,45411,(N/A),Straight and Level,No Defects,1,1,Major Collector,5,2775,X001476591,Not Toll,73,3,4,Not Divided,1,2942640.95854573,1907656.66745289,41.879800262135454,-87.7943,,Urban,1,N,(N/A),Y,(N/A)
2019,2019-03-07,Thursday,16,04:33 PM,Property Damage,No Injuries,0,0,0,0,0,2,Front to Rear,11,N,N,Following Too Closely,Failing to Reduce Speed to Avoid Crash,Daylight,Clear,Dry,N,,,,,Traffic Signal,Functioning Properly,N,2,41.894243,-87.8029659,ok,(N/A),1,2019,,1,3,28,50000 and OVER,9,4295,Oak Park,C,Urban Minor Arterial,0,16,7,10331541,3,Cook,C,19,0,,4,X001477455,(UNK),(UNK),201901077270,Minor,1,2.66,N,,,,2,45512,(N/A),Straight and Level,No Defects,1,1,No Median Barrier,4,1398,1901153,Urban,73,3,4,Divided,2,2940130.03725947,1912851.70581266,41.89423519073734,-87.803,,(UNK),1,(N/A),N,Y,N
2019,2019-03-09,Saturday,00,00:18 AM,Property Damage,No Injuries,0,0,0,0,0,3,Front to Rear,11,N,N,Improper Lane Usage,Driving Skills/Knowledge/Experience,Darkness / Lighted Road,Clear,Dry,N,,,,,Lane Use Marking,Functioning Properly,N,2,41.8737784,-87.8045294,ok,(UNK),3,03-19-03523,2019,1,20,15,50000 and OVER,9,4295,Oak Park,C,Urban (UNK),5,16,9,10332113,3,Cook,0,19,,,6,N,(UNK),(UNK),201901077804,ISP,5,21.58,N,,,,8,45658,(N/A),Straight and Level,No Defects,1,1,(UNK),0,9290,X001477996,No Toll,73,12,4,Divided With Median Barrier,3,2939909.71248842,1905382.29111798,41.873770560944465,-87.8045,,Urban,1,N,(N/A),Y,(N/A)
2019,2019-03-07,Thursday,12,12:49 PM,Property Damage,No Injuries,0,0,0,0,0,6,Front to Rear,11,N,N,Following Too Closely,Failing to Reduce Speed to Avoid Crash,Daylight,Clear,Dry,N,,,,,No Controls,No Controls,N,2,41.9067412,-87.8057154,ok,(UNK),1,1901145,2019,1,3,28,50000 and OVER,9,4295,Oak Park,C,Urban Other Principal Arte,0,16,7,10331092,3,Cook,0,19,,,4,N,(UNK),(UNK),201901076912,City,1,17.8,Y,,,,4,46459,(N/A),Straight and Level,No Defects,1,1,Other Principal Arterial (PAS),3,348,X001477101,Not Toll,73,1,1,Not Divided,1,2939256.00336623,1917385.6456464,41.90673333618546,-87.8057,,Urban,1,N,(N/A),Y,(N/A)
2019,2019-03-10,Sunday,14,02:50 PM,Property Damage,No Injuries,0,0,0,0,0,2,Sideswipe Same Direction,12,N,N,Improper Lane Usage,(N/A),Daylight,Clear,Dry,Y,,,,,No Controls,Functioning Properly,N,2,41.8650324,-87.8042159,ok,(N/A),1,2019,,1,20,99,50000 and OVER,9,4295,Oak Park,C,Urban Other Principal Arte,6,16,10,10333243,3,Cook,C,19,0,,7,X001479079,(UNK),(UNK),201901078875,Other,1,25.01,Y,,,,4,46989,(N/A),Straight and Level,No Defects,1,1,No Median Barrier,3,5043,19-00789,Urban,52,1,4,Divided,2,2940082.84699264,1902197.45487074,41.86502458340588,-87.8042,,(UNK),1,(N/A),N,Y,N
2019,2019-03-09,Saturday,08,08:22 AM,Property Damage,No Injuries,0,0,0,0,0,1,Parked Motor Vehicle,9,N,N,Distraction - From Inside Vehicle,Failing to Reduce Speed to Avoid Crash,Daylight,Clear,Dry,N,,,,,Stop Sign,Functioning Properly,N,2,41.8889639,-87.7749379,ok,(UNK),1,1901177,2019,1,41,28,50000 and OVER,9,4295,Oak Park,C,Urban Minor Arterial,8,16,9,10334131,3,Cook,0,19,,,6,N,(UNK),(UNK),201901079670,City,1,0,N,,,,(UNK),47030,(N/A),Straight and Level,No Defects,1,1,Minor Arterial,4,,X001479894,Not Toll,,2,4,Not Divided,1,2947815.12358609,1911139.46868664,41.8889560101945,-87.7749,,Urban,1,N,(N/A),Y,(N/A)
2019,2019-03-09,Saturday,13,01:46 PM,Property Damage,No Injuries,0,0,0,0,0,3,Fixed Object,6,N,N,Failing to Reduce Speed to Avoid Crash,Distraction - From Outside Vehicle,Daylight,Cloudy/Overcast,Dry,Y,,,,,No Controls,No Controls,N,1,41.9072885,-87.7872853,ok,(UNK),1,1901181,2019,1,28,40,50000 and OVER,9,4295,Oak Park,C,Urban Local Road or Street,8,16,9,10334147,3,Cook,0,19,TREE,,6,N,(UNK),(UNK),201901079683,City,1,0,N,,,,(UNK),47075,(N/A),Straight and Level,No Defects,1,1,Local Road or Street,7,,X001479908,Not Toll,73,1,1,Other,8,2944267.60807177,1917723.80830133,41.90728066948595,-87.7873,,Urban,8,N,(N/A),Y,(N/A)
2019,2019-03-10,Sunday,19,07:40 PM,Property Damage,No Injuries,0,0,0,0,0,5,Angle,15,N,N,Disregarding Traffic Signals,(N/A),Darkness / Lighted Road,Clear,Dry,Y,,,,,Traffic Signal,Functioning Properly,N,2,41.8816377,-87.7894057,ok,(UNK),1,1901202,2019,1,25,99,50000 and OVER,9,4295,Oak Park,C,Urban Major Collector,8,16,10,10334422,3,Cook,0,19,,,7,N,(UNK),(UNK),201901079909,City,5,0,N,,,,(UNK),47086,(N/A),Straight and Level,No Defects,1,1,Major Collector,5,,X001480128,Not Toll,73,3,4,Other,8,2943949.5044446,1908360.13773845,41.88162983592586,-87.7894,,Urban,1,N,(N/A),Y,(N/A)
2019,2019-03-07,Thursday,06,06:30 AM,Property Damage,No Injuries,0,0,0,0,0,2,Front to Rear,11,N,N,Following Too Closely,Driving Skills/Knowledge/Experience,Daylight,Clear,Dry,N,,,,,Lane Use Marking,Functioning Properly,N,2,41.8734723,-87.8041534,ok,Partial Access Control,3,03-19-00361,2019,1,3,15,50000 and OVER,9,4295,Oak Park,C,Urban InterState (PAS),0,16,7,10334183,3,Cook,0,19,,,4,N,(UNK),(UNK),201901079702,ISP,1,7.72,Y,,,,8,47235,(N/A),Straight and Level,No Defects,1,1,InterState (PAS),1,290,X001479927,Not Toll,73,12,4,Divided With Median Barrier,3,2940015.19343405,1905273.54514649,41.873464412361294,-87.8041,,Urban,1,N,(N/A),Y,(N/A)
2019,2019-03-08,Friday,07,07:35 AM,Property Damage,No Injuries,0,0,0,0,0,3,Front to Rear,11,N,N,Exceeding Safe Speed For Conditions,Distraction - From Inside Vehicle,Daylight,Snow,Dry,N,,,,,Lane Use Marking,Functioning Properly,N,3,41.872492,-87.79399,ok,Partial Access Control,3,03-19-03465,2019,1,27,41,50000 and OVER,9,4295,Oak Park,C,Urban InterState (PAS),0,16,8,10333698,3,Cook,0,19,,,5,N,(UNK),(UNK),201901079301,ISP,1,22.07,Y,,,,6,47520,(N/A),Straight and Level,No Defects,1,1,InterState (PAS),1,9290,X001479520,Not Toll,73,12,4,Divided With Median Barrier,3,2942793.25878621,1904992.7280092,41.87248418188079,-87.794,,Urban,3,N,(N/A),Y,(N/A)
2019,2019-02-28,Thursday,09,09:26 AM,Property Damage,No Injuries,0,0,0,0,0,3,Front to Rear,11,N,N,Failing to Reduce Speed to Avoid Crash,Driving Skills/Knowledge/Experience,Daylight,Unknown,Unknown,N,,,,,Lane Use Marking,Functioning Properly,Y,3,41.8734671,-87.8041,ok,Partial Access Control,3,03-19-03385,2019,1,28,15,50000 and OVER,9,4295,Oak Park,C,Urban InterState (PAS),0,16,28,10331316,2,Cook,0,19,,,4,N,(UNK),(UNK),201901077094,ISP,1,7.72,Y,,,,3,47584,(N/A),Straight and Level,No Defects,1,9,InterState (PAS),1,290,X001477285,Not Toll,73,12,4,Divided With Median Barrier,3,2940029.79507974,1905272.04941003,41.87345920840602,-87.8041,,Urban,9,N,(N/A),Y,(N/A)
2019,2019-02-23,Saturday,19,07:26 PM,Property Damage,No Injuries,0,0,0,0,0,2,Sideswipe Same Direction,12,N,N,Failing to Yield Right of Way,Improper Lane Usage,Dusk,Rain,Wet,N,,,,,Lane Use Marking,Functioning Properly,Y,2,41.8733393,-87.802789,ok,Partial Access Control,3,03-19-02875,2019,1,2,20,50000 and OVER,9,4295,Oak Park,C,Urban InterState (PAS),0,16,23,10332882,2,Cook,0,19,,,6,N,(UNK),(UNK),201901078533,ISP,3,7.78,Y,,,,6,47803,(N/A),Straight and Level,No Defects,1,2,InterState (PAS),1,290,X001478733,Not Toll,73,12,4,Divided With Median Barrier,3,2940388.15608957,1905235.34028567,41.87333148256413,-87.8028,,Urban,2,N,(N/A),Y,(N/A)
2019,2019-03-12,Tuesday,07,07:51 AM,Property Damage,No Injuries,0,0,0,0,0,2,Turning,10,N,N,Failing to Yield Right of Way,(N/A),Daylight,Clear,Dry,Y,,,,,Traffic Signal,Functioning Properly,Y,2,41.8719978,-87.7939858,ok,(N/A),1,2019,,1,2,99,50000 and OVER,9,4295,Oak Park,C,Urban Major Collector,8,16,12,10335934,3,Cook,C,19,0,,2,X001481537,(UNK),(UNK),201901081397,Major,1,0,N,,,,(UNK),47824,(N/A),Straight and Level,No Defects,1,1,No Median Barrier,5,,1901224,Urban,73,3,4,Divided,2,2942799.38075586,1904812.66965852,41.87198999676705,-87.794,,(UNK),1,(N/A),N,Y,N
2019,2019-03-12,Tuesday,07,07:27 AM,Property Damage,No Injuries,0,0,0,0,0,2,Turning,10,N,N,Failing to Reduce Speed to Avoid Crash,Unable to Determine,Daylight,Clear,Dry,Y,,,,,Traffic Signal,Functioning Properly,N,2,41.8883279,-87.7846958,ok,(UNK),1,1901222,2019,1,28,18,50000 and OVER,9,4295,Oak Park,C,Urban Major Collector,8,16,12,10335936,3,Cook,0,19,,,2,N,(UNK),(UNK),201901081399,City,1,0,N,,,,(UNK),47825,(N/A),Straight and Level,No Defects,1,1,Major Collector,5,,X001481539,Not Toll,73,3,4,Not Divided,1,2945164.47475684,1910833.75373062,41.88832002458333,-87.7847,,Urban,1,N,(N/A),Y,(N/A)
2019,2019-03-09,Saturday,22,10:31 PM,Fatal,Fatal Crash,1,2,0,1,0,0,Angle,15,N,N,Disregarding Traffic Signals,Operating Vehicle In Reckless Manner,Darkness / Lighted Road,Rain,Wet,Y,,,,,Traffic Signal,Functioning Properly,Y,4,41.8869836,-87.7846457,ok,(UNK),1,1901187,2019,1,25,50,50000 and OVER,9,4295,Oak Park,C,Urban Major Collector,8,16,9,10334349,3,Cook,4,19,MAIL BOX,MAIL BOX,6,N,(UNK),(UNK),201901147163,City,5,0,N,,,,(UNK),48146,(N/A),Straight and Level,No Defects,1,2,Major Collector,5,,X001480065,Not Toll,73,3,4,Not Divided,1,2945191.71029925,1910344.2420506,41.88697571979316,-87.7846,,Urban,2,N,(N/A),Y,(N/A)
2019,2019-03-05,Tuesday,06,06:20 AM,Property Damage,No Injuries,0,0,0,0,0,1,Fixed Object,6,N,N,Weather,Driving Skills/Knowledge/Experience,Dawn,Snow,Ice,N,,,,,Lane Use Marking,Functioning Properly,N,1,41.8734682,-87.8041114,ok,(N/A),3,2019,,1,11,15,50000 and OVER,9,4295,Oak Park,C,Urban InterState (PAS),0,16,5,10335540,3,Cook,I,19,0,,2,X001481159,(UNK),Partial Access Control,201901081031,InterS,2,7.72,Y,,,,4,48330,(N/A),Straight and Level,No Defects,1,4,No Median Barrier,1,290,03-19-03325,Urban,73,12,4,Divided,2,2940026.6848654,1905272.36800843,41.87346031687329,-87.8041,,(UNK),3,(N/A),N,Y,N
2019,2019-03-05,Tuesday,05,05:14 AM,Property Damage,No Injuries,0,0,0,0,0,1,Fixed Object,6,N,N,Exceeding Safe Speed For Conditions,Weather,Darkness / Lighted Road,Snow,Snow or Slush,N,,,,,Lane Use Marking,Functioning Properly,N,1,41.8736415,-87.804525,ok,Partial Access Control,3,03-19-03289,2019,1,27,11,50000 and OVER,9,4295,Oak Park,C,Urban InterState (PAS),6,16,5,10334749,3,Cook,0,19,,,2,N,(UNK),(UNK),201901080323,ISP,5,25.61,Y,,,,6,48480,(N/A),Straight and Level,No Defects,1,3,InterState (PAS),1,5043,X001480445,Not Toll,73,12,4,Divided With Median Barrier,3,2939912.28913711,1905332.43948918,41.87363367199642,-87.8045,,Urban,3,N,(N/A),Y,(N/A)