crash_year,crash_date,day_of_week,crash_hour,time_of_crash,crash_severity,crash_injury_severity,total_injured,total_fatals,a_injuries,b_injuries,c_injuries,no_injuries,type_of_first_crash,collision_type_code,pedestrian_involved,pedalcyclist_involved,cause1,cause2,lighting_cond,weather_cond,road_surface_cond,intersection_related,is_intersection,highway_or_street_name,at_intersection_with,address_no,traffic_control_device,traffic_control_device_cond,hit_and_run,number_of_vehicles,latitude,longitude,location_status,access_control,agency_code,agency_report_number,agency_report_year,alignment_code,cause1_code,cause2_code,city_class,city_class_code,city_code,city_name,city_township_flag,class_of_trafficway,class_of_trafficway_code,county_code,crash_day,crash_id,crash_month,crash_report_county,crash_severity_cd,crash_yr_source,damaged_property1,damaged_property2,day_of_week_code,did_crash_occur_in_work_zone,did_involve_secondary_crash,flow_condition,icn,investigating_agency_descrip,light_condition_code,mile_station,nhs,non_intersection_direction,non_intersection_distance,non_intersection_units,number_of_lanes,objectid,railroad_crossing_number,road_alignment,road_defects,road_defects_code,road_surface_condition_code,roadway_functional_class,roadway_functional_class_code,route_number,sfe,toll,township,traffic_control_device_code,traffic_control_device_cond_code,trafficway_descrip,trafficway_description_code,ts_crash_coordinate_x,ts_crash_coordinate_y,ts_crash_latitude,ts_crash_longitude,type_report,urban_rural,weather_code,were_workers_present,work_zone,work_zone_related,work_zone_type
2019,2019-02-27,Wednesday,19,07:00 PM,Property Damage,No Injuries,0,0,0,0,0,2,Front to Rear,11,N,N,Following Too Closely,Failing to Reduce Speed to Avoid Crash,Darkness / Lighted Road,Clear,Dry,N,,,,,Lane Use Marking,Functioning Properly,N,2,41.8733306,-87.8026992,ok,Partial Access Control,3,03-19-03023,2019,1,3,28,50000 and OVER,9,4295,Oak Park,C,Urban InterState (PAS),0,16,27,10335245,2,Cook,0,19,,,3,N,(UNK),(UNK),201901080770,ISP,5,7.78,Y,,,,6,48509,(N/A),Straight and Level,No Defects,1,1,InterState (PAS),1,290,X001480890,Not Toll,73,12,4,Divided With Median Barrier,3,2940412.68050667,1905232.82809865,41.87332274110993,-87.8027,,Urban,1,N,(N/A),Y,(N/A)
2019,2019-03-14,Thursday,14,02:45 PM,Property Damage,No Injuries,0,0,0,0,0,2,Front to Rear,11,N,N,Failing to Reduce Speed to Avoid Crash,Driving Skills/Knowledge/Experience,Daylight,Clear,Dry,N,,,,,Lane Use Marking,Functioning Properly,N,2,41.8726692,-87.7943593,ok,Partial Access Control,3,03-19-03765,2019,1,28,15,50000 and OVER,9,4295,Oak Park,C,Urban InterState (PAS),0,16,14,10338049,3,Cook,0,19,,,4,N,(UNK),(UNK),201901083059,ISP,1,22.05,Y,,,,6,48580,(N/A),Straight and Level,No Defects,1,1,InterState (PAS),1,9290,X001483210,Not Toll,73,12,4,Divided With Median Barrier,3,2942690.87935241,1905054.52793336,41.87266140094149,-87.7944,,Urban,1,N,(N/A),Y,(N/A)
2019,2019-03-11,Monday,14,02:49 PM,Injury,C Injury Crash,2,0,0,0,2,1,Pedestrian,1,Y,N,Failing to Yield Right of Way,Failing to Reduce Speed to Avoid Crash,Daylight,Clear,Dry,Y,,,,,Traffic Signal,Functioning Properly,N,1,41.8710486,-87.7841758,ok,(UNK),1,1901210,2019,2,2,28,50000 and OVER,9,4295,Oak Park,C,Urban Major Collector,8,16,11,10335276,3,Cook,1,19,,,1,N,(UNK),(UNK),201901080799,City,1,0,N,,,,(UNK),48674,(N/A),Straight On Grade,No Defects,1,1,Major Collector,5,,X001480920,Not Toll,73,3,4,Not Divided,1,2945480.96039118,1904540.81432508,41.871040796213784,-87.7842,,Urban,1,N,(N/A),Y,(N/A)
2019,2019-03-08,Friday,18,06:39 PM,Property Damage,No Injuries,0,0,0,0,0,2,Front to Rear,11,N,N,Following Too Closely,Failing to Reduce Speed to Avoid Crash,Darkness / Lighted Road,Clear,Dry,N,,,,,Lane Use Marking,Functioning Properly,N,2,41.8737547,-87.804277,ok,Partial Access Control,3,03-19-03507,2019,1,3,28,50000 and OVER,9,4295,Oak Park,C,Urban InterState (PAS),5,16,8,10335575,3,Cook,0,19,,,5,N,(UNK),(UNK),201901081063,ISP,5,21.59,Y,,,,6,48724,(N/A),Straight and Level,No Defects,1,1,InterState (PAS),1,9290,X001481191,Not Toll,73,12,4,Divided With Median Barrier,3,2939978.68833248,1905375.52766656,41.87374680742142,-87.8043,,Urban,1,N,(N/A),Y,(N/A)
2019,2019-03-08,Friday,18,06:24 PM,Injury,B Injury Crash,1,0,0,1,0,3,Angle,15,N,N,Failing to Yield Right of Way,Failing to Reduce Speed to Avoid Crash,Darkness / Lighted Road,Clear,Dry,Y,,,,,Stop Sign,Functioning Properly,N,2,41.8669858,-87.7938258,ok,(UNK),1,1901173,2019,1,2,28,50000 and OVER,9,4295,Oak Park,C,Urban Major Collector,8,16,8,10334850,3,Cook,2,19,,,5,N,(UNK),(UNK),201901080418,City,5,0,N,,,,2,49148,(N/A),Straight and Level,No Defects,1,1,Major Collector,5,,X001480543,Not Toll,73,2,4,Divided With Median Barrier,3,2942893.45232481,1902987.38410444,41.8669779192077,-87.7938,,Urban,1,N,(N/A),Y,(N/A)
2019,2019-03-09,Saturday,13,01:11 PM,Property Damage,No Injuries,0,0,0,0,0,2,Turning,10,N,N,Failing to Yield Right of Way,Failing to Reduce Speed to Avoid Crash,Daylight,Cloudy/Overcast,Dry,Y,,,,,Traffic Signal,Functioning Properly,N,2,41.879869,-87.7844362,ok,(UNK),1,1901179,2019,1,2,28,50000 and OVER,9,4295,Oak Park,C,Urban Minor Arterial,8,16,9,10334851,3,Cook,0,19,,,6,N,(UNK),(UNK),201901080419,City,1,0,N,,,,(UNK),49149,(N/A),Straight and Level,No Defects,1,1,Minor Arterial,4,,X001480544,Not Toll,73,3,4,Two-way Continuous Left-Tur,4,2945320.76995244,1907753.13914155,41.87986113760267,-87.7844,,Urban,8,N,(N/A),Y,(N/A)
2019,2019-03-09,Saturday,03,03:53 AM,Property Damage,No Injuries,0,0,0,0,0,1,Parked Motor Vehicle,9,N,N,Improper Lane Usage,Failing to Reduce Speed to Avoid Crash,Darkness,Clear,Dry,N,,,,,No Controls,No Controls,N,3,41.8869292,-87.7891735,ok,(N/A),1,2019,,1,20,28,50000 and OVER,9,4295,Oak Park,C,Urban Local Road or Street,0,16,9,10334856,3,Cook,C,19,0,,6,X001480549,(UNK),(UNK),201901080424,Local,4,0.79,N,,,,2,49152,(N/A),Straight and Level,No Defects,1,1,No Median Barrier,7,3036,1901176,Urban,73,1,1,Divided,2,2943959.30638146,1910290.2257305,41.886921372262705,-87.7892,,(UNK),1,(N/A),N,Y,N
2019,2019-03-13,Wednesday,09,09:34 AM,Property Damage,No Injuries,0,0,0,0,0,2,Turning,10,N,N,Failing to Yield Right of Way,Failing to Reduce Speed to Avoid Crash,Daylight,Rain,Wet,Y,,,,,Traffic Signal,Functioning Properly,Y,2,41.8817178,-87.7845158,ok,(N/A),1,2019,,1,2,28,50000 and OVER,9,4295,Oak Park,C,Urban Major Collector,8,16,13,10337351,3,Cook,C,19,0,,3,X001482637,(UNK),(UNK),201901082491,Major,1,0,N,,,,2,50052,(N/A),Straight and Level,No Defects,1,2,No Median Barrier,5,,1901247,Urban,73,3,4,Divided,2,2945280.38400642,1908426.29706759,41.88170999977678,-87.7845,,(UNK),2,(N/A),N,Y,N
2019,2019-03-13,Wednesday,16,04:07 PM,Property Damage,No Injuries,0,0,0,0,0,1,Parked Motor Vehicle,9,N,N,Improper Lane Usage,(N/A),Daylight,Clear,Dry,N,,,,,Stop Sign,Not Functioning,N,2,41.8669846,-87.7938965,ok,(UNK),1,1901253,2019,1,20,99,50000 and OVER,9,4295,Oak Park,C,Urban Local Road or Street,0,16,13,10337352,3,Cook,0,19,,,3,N,(UNK),(UNK),201901082492,City,1,0.49,N,,,,1,50053,(N/A),Straight and Level,No Defects,1,1,Local Road or Street,7,4102,X001482638,Not Toll,73,2,2,Not Divided,1,2942874.21043011,1902986.42221503,41.86697674083474,-87.7939,,Urban,1,N,(N/A),Y,(N/A)
2019,2019-03-12,Tuesday,18,06:12 PM,Property Damage,No Injuries,0,0,0,0,0,5,Front to Rear,11,N,N,Failing to Reduce Speed to Avoid Crash,(N/A),Daylight,Clear,Dry,N,,,,,Traffic Signal,Functioning Properly,Y,3,41.8872433,-87.8049822,ok,(N/A),1,2019,,1,28,99,50000 and OVER,9,4295,Oak Park,C,Urban Other Principal Arte,0,16,12,10337362,3,Cook,C,19,0,,2,X001482643,(UNK),(UNK),201901082497,Other,1,19.15,Y,,,,4,50056,(N/A),Straight and Level,No Defects,1,1,No Median Barrier,3,348,1900338,Urban,73,3,4,Divided,2,2939651.28850485,1910285.74566172,41.88723545368646,-87.805,,(UNK),1,(N/A),N,Y,N
2019,2019-03-13,Wednesday,17,05:35 PM,Injury,B Injury Crash,1,0,0,1,0,2,Sideswipe Same Direction,12,N,N,Improper Lane Usage,(N/A),Daylight,Unknown,Unknown,N,,,,,No Controls,No Controls,N,2,41.8801467,-87.7752234,ok,(UNK),1,1901270,2019,1,20,99,50000 and OVER,9,4295,Oak Park,C,Urban Minor Arterial,8,16,13,10338426,3,Cook,2,19,,,3,N,(UNK),(UNK),201901083424,City,1,0,N,,,,4,50369,(N/A),Straight and Level,Unknown,99,9,Minor Arterial,4,,X001483578,Not Toll,73,1,1,Divided With Median Barrier,3,2947826.97688243,1907924.17701453,41.88013889907388,-87.7752,,Urban,9,N,(N/A),N,(N/A)
2019,2019-03-16,Saturday,10,10:43 AM,Property Damage,No Injuries,0,0,0,0,0,3,Sideswipe Same Direction,12,N,N,Improper Lane Usage,Failing to Reduce Speed to Avoid Crash,Daylight,Clear,Dry,N,,,,,Traffic Signal,Functioning Properly,N,2,41.8852787,-87.8049102,ok,(N/A),1,2019,,1,20,28,50000 and OVER,9,4295,Oak Park,C,Urban Other Principal Arte,0,16,16,10341688,3,Cook,C,19,0,,6,X001486537,(UNK),(UNK),201901086381,Other,1,19.29,Y,,,,4,51229,(N/A),Straight and Level,No Defects,1,1,No Median Barrier,3,348,1901308,Urban,73,3,4,Divided,2,2939690.61254737,1909570.34720441,41.88527084779989,-87.8049,,(UNK),1,(N/A),N,Y,N
2019,2019-03-16,Saturday,14,02:46 PM,Property Damage,No Injuries,0,0,0,0,0,2,Sideswipe Same Direction,12,N,N,Improper Overtaking/Passing,(N/A),Daylight,Clear,Dry,Y,,,,,No Controls,No Controls,N,3,41.8869512,-87.7879194,ok,(UNK),1,1901313,2019,1,4,99,50000 and OVER,9,4295,Oak Park,C,Urban Local Road or Street,8,16,16,10341710,3,Cook,0,19,PARKING SIGN,TRASH CAN,6,N,(UNK),(UNK),201901086402,City,1,0,N,,,,2,51291,(N/A),Straight and Level,No Defects,1,1,Local Road or Street,7,,X001486557,Not Toll,73,1,1,Not Divided,1,2944300.57445074,1910307.69075531,41.88694331447094,-87.7879,,Urban,1,N,(N/A),Y,(N/A)
2019,2019-03-17,Sunday,02,02:31 AM,Property Damage,No Injuries,0,0,0,0,0,3,Sideswipe Same Direction,12,N,N,Improper Lane Usage,Driving Skills/Knowledge/Experience,Darkness / Lighted Road,Clear,Dry,N,,,,,Lane Use Marking,Functioning Properly,Y,2,41.8731546,-87.7984611,ok,Partial Access Control,3,03-19-03894,2019,1,20,15,50000 and OVER,9,4295,Oak Park,C,Urban InterState (PAS),0,16,17,10340770,3,Cook,0,19,,,7,N,(UNK),(UNK),201901085606,ISP,5,21.87,Y,,,,6,51298,(N/A),Straight and Level,No Defects,1,1,InterState (PAS),1,9290,X001485780,Not Toll,73,12,4,Divided With Median Barrier,3,2941568.77397559,1905200.54597317,41.8731467926385,-87.7985,,Urban,1,N,(N/A),Y,(N/A)
2019,2019-03-16,Saturday,17,05:14 PM,Property Damage,No Injuries,0,0,0,0,0,3,Front to Rear,11,N,N,Following Too Closely,Following Too Closely,Daylight,Clear,Dry,N,,,,,No Controls,No Controls,Y,2,41.8650618,-87.8018463,ok,(N/A),1,2019,,1,3,3,50000 and OVER,9,4295,Oak Park,C,Urban Other Principal Arte,0,16,16,10342225,3,Cook,C,19,0,,6,X001487042,(UNK),(UNK),201901086875,Other,1,6.11,Y,,,,2,51351,(N/A),Straight and Level,No Defects,1,1,No Median Barrier,3,347,1901317,Urban,73,1,1,Divided,2,2940728.05650725,1902225.9445154,41.865053966590025,-87.8018,,(UNK),1,(N/A),N,Y,N
2019,2019-03-16,Saturday,22,10:00 PM,Property Damage,No Injuries,0,0,0,0,0,1,Parked Motor Vehicle,9,N,N,Improper Lane Usage,Unable to Determine,Unknown,Clear,Dry,N,,,,,No Controls,No Controls,N,2,41.8794187,-87.7998575,ok,(UNK),1,1901321,2019,1,20,18,50000 and OVER,9,4295,Oak Park,C,Urban Local Road or Street,0,16,16,10342226,3,Cook,0,19,,,6,N,(UNK),(UNK),201901086876,City,9,0.54,N,,,,2,51352,(N/A),Straight and Level,No Defects,1,1,Local Road or Street,7,2700,X001487043,Not Toll,73,1,1,Not Divided,1,2941125.47395901,1907472.77495141,41.87941082119419,-87.7999,,Urban,1,N,(N/A),Y,(N/A)
2019,2019-03-16,Saturday,20,08:44 PM,Property Damage,No Injuries,0,0,0,0,0,3,Parked Motor Vehicle,9,N,N,Unable to Determine,(N/A),Darkness,Clear,Dry,N,,,,,No Controls,No Controls,N,2,41.8832553,-87.8037706,ok,(UNK),1,1901319,2019,1,18,99,50000 and OVER,9,4295,Oak Park,C,Urban Local Road or Street,0,16,16,10342230,3,Cook,0,19,,,6,N,(UNK),(UNK),201901086879,City,4,0.05,N,,,,2,51354,(N/A),Straight and Level,No Defects,1,1,Local Road or Street,7,3015,X001487046,Not Toll,73,1,1,Not Divided,1,2940021.24389947,1908841.52840479,41.88324744260708,-87.8038,,Urban,1,N,(N/A),Y,(N/A)
2019,2019-03-17,Sunday,21,09:13 PM,Property Damage,No Injuries,0,0,0,0,0,1,Parked Motor Vehicle,9,N,N,Failing to Reduce Speed to Avoid Crash,Failing to Yield Right of Way,Darkness / Lighted Road,Clear,Dry,N,,,,,No Controls,No Controls,Y,2,41.8667235,-87.7766135,ok,(N/A),1,2019,,1,28,2,50000 and OVER,9,4295,Oak Park,C,Urban Local Road or Street,0,16,17,10342231,3,Cook,C,19,0,,7,X001487047,(UNK),(UNK),201901086880,Local,5,0.24,N,,,,4,51355,(N/A),Straight and Level,No Defects,1,1,No Median Barrier,7,2610,1901336,Urban,73,1,1,Divided,2,2947584.65703213,1903021.95953739,41.86671569143284,-87.7766,,(UNK),1,(N/A),N,Y,N
2019,2019-03-17,Sunday,11,11:35 AM,Property Damage,No Injuries,0,0,0,0,0,1,Parked Motor Vehicle,9,N,N,Failing to Reduce Speed to Avoid Crash,(N/A),Unknown,Clear,Dry,N,,,,,Lane Use Marking,Functioning Properly,Y,2,41.8946268,-87.7801671,ok,(UNK),1,1901325,2019,1,28,99,50000 and OVER,9,4295,Oak Park,C,Urban Minor Arterial,0,16,17,10342235,3,Cook,0,19,,,7,N,(UNK),(UNK),201901086884,City,9,3.86,N,,,,2,51400,(N/A),Straight and Level,No Defects,1,1,Minor Arterial,4,1398,X001487051,Not Toll,73,12,4,Not Divided,1,2946333.76153042,1913163.47114951,41.894618908456586,-87.7802,,Urban,1,N,(N/A),Y,(N/A)
2019,2019-03-18,Monday,16,04:05 PM,Property Damage,No Injuries,0,0,0,0,0,2,Front to Rear,11,N,N,Failing to Reduce Speed to Avoid Crash,Following Too Closely,Daylight,Clear,Dry,N,,,,,No Controls,No Controls,N,2,41.8796114,-87.8035713,ok,(UNK),1,1901348,2019,1,28,3,50000 and OVER,9,4295,Oak Park,C,Urban Minor Arterial,0,16,18,10342239,3,Cook,0,19,,,1,N,(UNK),(UNK),201901086888,City,1,3.12,N,,,,4,51402,(N/A),Straight and Level,No Defects,1,1,Minor Arterial,4,1419,X001487055,Not Toll,73,1,1,Not Divided,1,2940112.09715639,1907515.10913201,41.87960351205626,-87.8036,,Urban,1,N,(N/A),Y,(N/A)
2019,2019-03-18,Monday,07,07:19 AM,Property Damage,No Injuries,0,0,0,0,0,2,Turning,10,N,N,Failing to Yield Right of Way,Failing to Reduce Speed to Avoid Crash,Daylight,Clear,Dry,N,,,,,No Controls,No Controls,N,2,41.8813717,-87.7812338,ok,(N/A),1,2019,,1,2,28,50000 and OVER,9,4295,Oak Park,C,Urban Local Road or Street,0,16,18,10342241,3,Cook,C,19,0,,1,X001487057,(UNK),(UNK),201901086890,Local,1,0.18,N,,,,2,51403,(N/A),Straight and Level,No Defects,1,1,No Median Barrier,7,2630,1901338,Urban,73,1,1,Divided,2,2946177.67737792,1908325.00071965,41.88136387056241,-87.7812,,(UNK),1,(N/A),N,Y,N
2019,2019-03-14,Thursday,17,05:43 PM,Injury,B Injury Crash,1,0,0,1,0,2,Angle,15,N,N,Failing to Yield Right of Way,Failing to Reduce Speed to Avoid Crash,Daylight,Cloudy/Overcast,Dry,Y,,,,,Stop Sign,Functioning Properly,N,2,41.8869506,-87.7879194,ok,(N/A),1,2019,,1,2,28,50000 and OVER,9,4295,Oak Park,C,Urban Local Road or Street,8,16,14,10339003,3,Cook,C,19,2,,4,X001484063,(UNK),(UNK),201901083910,Local,1,0,N,,,,2,52055,(N/A),Straight and Level,No Defects,1,1,No Median Barrier,7,,1901274,Urban,73,2,4,Divided,2,2944300.58374337,1910307.50134932,41.88694279441573,-87.7879,,(UNK),8,(N/A),N,Y,N
2019,2019-03-15,Friday,16,04:47 PM,Property Damage,No Injuries,0,0,0,0,0,3,Angle,15,N,N,Failing to Yield Right of Way,Failing to Reduce Speed to Avoid Crash,Daylight,Clear,Dry,Y,,,,,Stop Sign,Functioning Properly,N,2,41.9070757,-87.8041691,ok,(UNK),1,1901288,2019,1,2,28,50000 and OVER,9,4295,Oak Park,C,Urban Local Road or Street,8,16,15,10341468,3,Cook,0,19,,,5,N,(UNK),(UNK),201901086175,City,1,0,N,,,,2,52374,(N/A),Straight and Level,No Defects,1,1,Local Road or Street,7,,X001486330,Not Toll,73,2,4,Not Divided,1,2939673.58452148,1917519.14184687,41.90706784195495,-87.8042,,Urban,1,N,(N/A),Y,(N/A)
2019,2019-03-18,Monday,13,01:40 PM,Property Damage,No Injuries,0,0,0,0,0,2,Front to Rear,11,N,N,Failing to Reduce Speed to Avoid Crash,(N/A),Daylight,Clear,Dry,N,,,,,Lane Use Marking,Functioning Properly,N,2,41.8794042,-87.8047233,ok,(N/A),1,2019,,1,28,99,50000 and OVER,9,4295,Oak Park,C,Urban Other Principal Arte,0,16,18,10342005,3,Cook,C,19,0,,1,X001486837,(UNK),(UNK),201901086674,Other,1,19.7,Y,,,,4,52685,(N/A),Straight and Level,No Defects,1,1,No Median Barrier,3,348,19-00868,Urban,73,12,4,Divided,2,2939800.44058672,1907430.9900548,41.87939639230667,-87.8047,,(UNK),1,(N/A),N,Y,N
2019,2019-03-19,Tuesday,14,02:40 PM,Injury,B Injury Crash,1,0,0,1,0,1,Front to Rear,11,N,N,Following Too Closely,Failing to Reduce Speed to Avoid Crash,Daylight,Clear,Dry,N,,,,,Lane Use Marking,Functioning Properly,N,2,41.8712322,-87.7744208,ok,Partial Access Control,3,03-19-04063,2019,1,3,28,50000 and OVER,9,4295,Oak Park,C,Urban InterState (PAS),0,16,19,10345194,3,Cook,2,19,,,2,N,(UNK),(UNK),201901089511,ISP,1,23.08,Y,,,,6,52984,(N/A),Straight and Level,No Defects,1,1,InterState (PAS),1,9290,X001489680,Not Toll,73,12,4,Divided With Median Barrier,3,2948136.12912992,1904681.66292949,41.87122440400417,-87.7744,,Urban,1,N,(N/A),Y,(N/A)
2019,2019-03-20,Wednesday,17,05:24 PM,Property Damage,No Injuries,0,0,0,0,0,2,Angle,15,N,N,Failing to Yield Right of Way,(N/A),Daylight,Clear,Dry,Y,,,,,Stop Sign,Functioning Properly,N,2,41.8704892,-87.8043962,ok,(N/A),1,2019,,1,2,99,50000 and OVER,9,4295,Oak Park,C,Urban Other Principal Arte,0,16,20,10345296,3,Cook,C,19,0,,3,X001489757,(UNK),(UNK),201901089585,Other,1,25.39,Y,,,,4,53191,(N/A),Straight and Level,No Defects,1,1,No Median Barrier,3,5043,1901380,Urban,73,2,4,Divided,2,2939978.98876934,1904184.64675826,41.87048135910667,-87.8044,,(UNK),1,(N/A),N,Y,N
2019,2019-03-19,Tuesday,12,12:17 PM,Property Damage,No Injuries,0,0,0,0,0,2,Angle,15,N,N,Disregarding Traffic Signals,Failing to Reduce Speed to Avoid Crash,Daylight,Clear,Dry,Y,,,,,Traffic Signal,Functioning Properly,N,2,41.8761173,-87.7941072,ok,(N/A),1,2019,,1,25,28,50000 and OVER,9,4295,Oak Park,C,Urban Major Collector,8,16,19,10343404,3,Cook,C,19,0,,2,X001488121,(UNK),(UNK),201901087956,Major,1,0,N,,,,2,53377,(N/A),Straight and Level,No Defects,1,1,No Median Barrier,5,,1901360,Urban,73,3,4,Divided,2,2942724.77941161,1906312.9623311,41.87610946273123,-87.7941,,(UNK),1,(N/A),N,Y,N
2019,2019-03-19,Tuesday,02,02:17 AM,Property Damage,No Injuries,0,0,0,0,0,1,Parked Motor Vehicle,9,N,N,Exceeding Safe Speed For Conditions,Failing to Reduce Speed to Avoid Crash,Darkness / Lighted Road,Clear,Dry,N,,,,,No Controls,No Controls,Y,3,41.8832565,-87.8035936,ok,(N/A),1,2019,,1,27,28,50000 and OVER,9,4295,Oak Park,C,Urban Local Road or Street,0,16,19,10342975,3,Cook,C,19,0,DETACHED GARAGE,2,X001487706,(UNK),(UNK),201901087545,Local,5,0.06,N,,,,2,53422,(N/A),Straight and Level,No Defects,1,1,No Median Barrier,7,3015,1901355,Urban,73,1,1,Divided,2,2940069.44304083,1908843.29870716,41.88324865579048,-87.8036,,(UNK),1,(N/A),N,Y,N
2019,2019-03-06,Wednesday,20,08:44 PM,Property Damage,No Injuries,0,0,0,0,0,4,Front to Rear,11,N,N,Following Too Closely,Unable to Determine,Darkness / Lighted Road,Clear,Dry,Y,,,,,Traffic Signal,Functioning Properly,Y,3,41.8796134,-87.8047332,ok,(N/A),1,2019,,1,3,18,50000 and OVER,9,4295,Oak Park,C,Urban Other Principal Arte,6,16,6,10342597,3,Cook,C,19,0,,3,X001487372,(UNK),(UNK),201901087211,Other,5,26.02,Y,,,,(UNK),53889,(N/A),Straight and Level,No Defects,1,1,No Median Barrier,3,5043,19-0759,Urban,73,3,4,Divided,2,2939795.64760699,1907507.13705802,41.87960555098978,-87.8047,,(UNK),1,(N/A),N,Y,N
2019,2019-03-20,Wednesday,14,02:30 PM,Property Damage,No Injuries,0,0,0,0,0,1,Parked Motor Vehicle,9,N,N,Operating Vehicle In Reckless Manner,Failing to Reduce Speed to Avoid Crash,Daylight,Cloudy/Overcast,Wet,N,,,,,No Controls,No Controls,Y,2,41.880157,-87.7746747,ok,(UNK),1,1901376,2019,1,50,28,50000 and OVER,9,4295,Oak Park,C,Urban Minor Arterial,0,16,20,10344514,3,Cook,0,19,,,3,N,(UNK),(UNK),201901088940,City,1,7.65,N,,,,5,54037,(N/A),Straight and Level,No Defects,1,2,Minor Arterial,4,2790,X001489114,Not Toll,,1,1,Divided With Median Barrier,3,2947976.28981629,1907932.0667853,41.880149116872516,-87.7747,,Urban,8,N,(N/A),Y,(N/A)
2019,2019-03-14,Thursday,12,12:00 PM,Property Damage,Holes,0,0,0,0,0,1,Fixed Object,6,N,N,Road Engineering/Surface/Marking Defects,Unable to Determine,No Injuries,Unknown,Unknown,Y,,,,,Stop Sign,Functioning Properly,N,1,41.9092378,-87.7776226,ok,(N/A),1,2019,,1,12,18,50000 and OVER,9,4295,Oak Park,C,Urban Other Principal Arte,0,16,14,10346900,3,Cook,C,19,0,,4,X001491160,(UNK),(UNK),201901091084,Other,9,130.62,Y,,,,1,54423,(N/A),Unknown,Rut,7,9,One-Way,3,5064,JC196038,Urban,73,2,4,Straight and Level,10,2946878.20994284,1918507.33567997,41.90922999931228,-87.7776,,(UNK),9,(N/A),N,N,N
2019,2019-03-22,Friday,12,12:20 PM,Property Damage,No Injuries,0,0,0,0,0,2,Front to Rear,11,N,N,Failing to Reduce Speed to Avoid Crash,Driving Skills/Knowledge/Experience,Daylight,Clear,Dry,N,,,,,Lane Use Marking,Functioning Properly,N,2,41.8726697,-87.7943629,ok,Partial Access Control,3,03-19-04187,2019,1,28,15,50000 and OVER,9,4295,Oak Park,C,Urban InterState (PAS),0,16,22,10346426,3,Cook,0,19,,,5,N,(UNK),(UNK),201901090641,ISP,1,22.05,Y,,,,6,54443,(N/A),Straight and Level,No Defects,1,1,InterState (PAS),1,9290,X001490713,Not Toll,73,12,4,Divided With Median Barrier,3,2942689.87787402,1905054.6683936,41.8726618620198,-87.7944,,Urban,1,N,(N/A),Y,(N/A)
2019,2019-03-20,Wednesday,07,07:21 AM,Injury,C Injury Crash,1,0,0,0,1,1,Angle,15,N,N,Failing to Reduce Speed to Avoid Crash,Failing to Yield Right of Way,Daylight,Rain,Wet,Y,,,,,Stop Sign,Functioning Properly,N,2,41.8946279,-87.7799836,ok,(N/A),1,2019,,1,28,2,50000 and OVER,9,4295,Oak Park,C,Urban Minor Arterial,8,16,20,10344119,3,Cook,C,19,1,,3,X001488743,(UNK),(UNK),201901088578,Minor,1,0,N,,,,2,54586,(N/A),Straight and Level,No Defects,1,2,No Median Barrier,4,,1901369,Urban,73,2,4,Divided,2,2946383.72759423,1913165.27955866,41.89462005403694,-87.78,,(UNK),2,(N/A),N,Y,N
2019,2019-03-21,Thursday,07,07:10 AM,Property Damage,No Injuries,0,0,0,0,0,2,Sideswipe Same Direction,12,N,N,Failing to Yield Right of Way,(N/A),Dawn,Rain,Wet,Y,,,,,Traffic Signal,Functioning Properly,N,2,41.8867116,-87.8049543,ok,(UNK),1,1901389,2019,1,2,99,50000 and OVER,9,4295,Oak Park,C,Urban Other Principal Arte,0,16,21,10345680,3,Cook,0,19,,,4,N,(UNK),(UNK),201901089946,City,2,26.51,Y,,,,4,55094,(N/A),Straight and Level,No Defects,1,2,Other Principal Arterial (PAS),3,5043,X001490126,Not Toll,73,3,4,Not Divided,1,2939664.21987445,1910092.20976796,41.88670379810667,-87.8049,,Urban,2,N,(N/A),Y,(N/A)
2019,2019-03-19,Tuesday,09,09:42 AM,Property Damage,No Injuries,0,0,0,0,0,1,Fixed Object,6,N,N,Physical Condition of Driver,Unable to Determine,Daylight,Clear,Dry,N,,,,,No Controls,No Controls,N,2,41.8671827,-87.7814285,ok,(UNK),1,1901356,2019,1,17,18,50000 and OVER,9,4295,Oak Park,C,Urban Local Road or Street,0,16,19,10345681,3,Cook,0,19,TREE,,2,N,(UNK),(UNK),201901089947,City,1,1.14,N,,,,1,55095,(N/A),Straight and Level,No Defects,1,1,Local Road or Street,7,4102,X001490127,Not Toll,73,1,1,Not Divided,1,2946268.41834366,1903152.7899172,41.86717486107673,-87.7814,,Urban,1,N,(N/A),Y,(N/A)
2019,2019-03-19,Tuesday,16,04:30 PM,Injury,B Injury Crash,1,0,0,1,0,1,Front to Rear,11,N,N,Following Too Closely,Failing to Reduce Speed to Avoid Crash,Daylight,Clear,Dry,N,,,,,Lane Use Marking,Functioning Properly,N,2,41.8720319,-87.7852135,ok,Partial Access Control,3,03-19-04052,2019,1,3,28,50000 and OVER,9,4295,Oak Park,C,Urban InterState (PAS),0,16,19,10345097,3,Cook,2,19,,,2,N,(UNK),(UNK),201901089446,ISP,1,22.54,Y,,,,6,55216,(N/A),Straight and Level,No Defects,1,1,InterState (PAS),1,9290,X001489613,Not Toll,73,12,4,Divided With Median Barrier,3,2945188.36131231,1904891.27251424,41.87202402361535,-87.7852,,Urban,1,N,(N/A),Y,(N/A)