crash_year,crash_date,day_of_week,crash_hour,time_of_crash,crash_severity,crash_injury_severity,total_injured,total_fatals,a_injuries,b_injuries,c_injuries,no_injuries,type_of_first_crash,collision_type_code,pedestrian_involved,pedalcyclist_involved,cause1,cause2,lighting_cond,weather_cond,road_surface_cond,intersection_related,is_intersection,highway_or_street_name,at_intersection_with,address_no,traffic_control_device,traffic_control_device_cond,hit_and_run,number_of_vehicles,latitude,longitude,location_status,access_control,agency_code,agency_report_number,agency_report_year,alignment_code,cause1_code,cause2_code,city_class,city_class_code,city_code,city_name,city_township_flag,class_of_trafficway,class_of_trafficway_code,county_code,crash_day,crash_id,crash_month,crash_report_county,crash_severity_cd,crash_yr_source,damaged_property1,damaged_property2,day_of_week_code,did_crash_occur_in_work_zone,did_involve_secondary_crash,flow_condition,icn,investigating_agency_descrip,light_condition_code,mile_station,nhs,non_intersection_direction,non_intersection_distance,non_intersection_units,number_of_lanes,objectid,railroad_crossing_number,road_alignment,road_defects,road_defects_code,road_surface_condition_code,roadway_functional_class,roadway_functional_class_code,route_number,sfe,toll,township,traffic_control_device_code,traffic_control_device_cond_code,trafficway_descrip,trafficway_description_code,ts_crash_coordinate_x,ts_crash_coordinate_y,ts_crash_latitude,ts_crash_longitude,type_report,urban_rural,weather_code,were_workers_present,work_zone,work_zone_related,work_zone_type
2019,2019-03-17,Sunday,15,03:18 PM,Property Damage,No Injuries,0,0,0,0,0,5,Sideswipe Opposite Direction,13,N,N,Driving Skills/Knowledge/Experience,Improper Backing,Dusk,Clear,Dry,Y,,,,,Traffic Signal,Functioning Properly,N,2,41.8885679,-87.8050253,ok,(N/A),1,2019,,1,15,30,50000 and OVER,9,4295,Oak Park,C,Urban Other Principal Arte,0,16,17,10348918,3,Cook,C,19,0,,7,X001493028,(UNK),(UNK),201901092940,Other,3,26.64,Y,,,,4,55754,(N/A),Straight and Level,No Defects,1,1,No Median Barrier,3,5043,1901408,Urban,73,3,4,Divided,2,2939626.26317203,1910768.11790968,41.88856001716102,-87.805,,(UNK),1,(N/A),N,Y,N
2019,2019-03-23,Saturday,09,09:35 AM,Property Damage,No Injuries,0,0,0,0,0,1,Fixed Object,6,N,N,Improper Lane Usage,Failing to Reduce Speed to Avoid Crash,Daylight,Clear,Dry,N,,,,,Lane Use Marking,Functioning Properly,Y,1,41.8737772,-87.8045294,ok,(UNK),3,03-19-04234,2019,1,20,28,50000 and OVER,9,4295,Oak Park,C,Urban (UNK),0,16,23,10347611,3,Cook,0,19,,,6,N,(UNK),(UNK),201901091762,ISP,1,20.08,N,,,,6,55833,(N/A),Straight and Level,No Defects,1,1,(UNK),0,348,X001491848,No Toll,73,12,4,Divided With Median Barrier,3,2939909.73250369,1905381.8668104,41.87376939597134,-87.8045,,Urban,1,N,(N/A),Y,(N/A)
2019,2019-03-12,Tuesday,08,08:00 AM,Property Damage,No Injuries,0,0,0,0,0,1,Parked Motor Vehicle,9,N,N,Unable to Determine,Unable to Determine,Daylight,Unknown,Unknown,N,,,,,Stop Sign,Functioning Properly,Y,2,41.896175,-87.7976549,ok,(UNK),1,1901406,2019,1,18,18,50000 and OVER,9,4295,Oak Park,C,Urban Local Road or Street,0,16,12,10346826,3,Cook,0,19,,,2,N,(UNK),(UNK),201901091789,City,1,0,N,,,,2,56148,(N/A),Straight and Level,No Defects,1,9,Local Road or Street,7,3090,X001491096,Not Toll,73,2,4,Not Divided,1,2941556.65485919,1913595.63819243,41.89616711111315,-87.7976,,Urban,9,N,(N/A),Y,(N/A)
2019,2019-03-24,Sunday,13,01:34 PM,Property Damage,No Injuries,0,0,0,0,0,4,Sideswipe Same Direction,12,N,N,Improper Lane Usage,(N/A),Daylight,Clear,Dry,N,,,,,No Controls,No Controls,N,2,41.8785172,-87.7843977,ok,(UNK),1,1901445,2019,1,20,99,50000 and OVER,9,4295,Oak Park,C,Urban Major Collector,0,16,24,10349618,3,Cook,0,19,,,7,N,(UNK),(UNK),201901093595,City,1,1.62,N,,,,1,56340,(N/A),Straight and Level,Worn Surface,8,1,Major Collector,5,2783,X001493692,Not Toll,73,1,1,Alley,12,2945344.93016571,1907260.82109786,41.878509370383206,-87.7844,,Urban,1,N,(N/A),N,(N/A)
2019,2019-03-23,Saturday,22,10:08 PM,Property Damage,No Injuries,0,0,0,0,0,3,Turning,10,N,N,Failing to Reduce Speed to Avoid Crash,(N/A),Darkness / Lighted Road,Clear,Dry,N,,,,,Traffic Signal,Functioning Properly,N,2,41.8735513,-87.8045217,ok,(UNK),1,1901435,2019,2,28,99,50000 and OVER,9,4295,Oak Park,C,Urban Other Principal Arte,0,16,23,10349620,3,Cook,0,19,,,6,N,(UNK),(UNK),201901093596,City,5,25.6,Y,,,,5,56398,(N/A),Straight On Grade,No Defects,1,1,Other Principal Arterial (PAS),3,5043,X001493693,Not Toll,73,3,4,Not Divided,1,2939914.07631469,1905299.57004335,41.87354340822174,-87.8045,,Urban,1,N,(N/A),Y,(N/A)
2019,2019-03-24,Sunday,18,06:14 PM,Property Damage,No Injuries,0,0,0,0,0,1,Parked Motor Vehicle,9,N,N,(N/A),(N/A),Unknown,Unknown,Unknown,N,,,,,No Controls,No Controls,Y,2,41.8823726,-87.7969987,ok,(UNK),1,1901450,2019,1,99,99,50000 and OVER,9,4295,Oak Park,C,Urban Local Road or Street,0,16,24,10349622,3,Cook,0,19,,,7,N,(UNK),(UNK),201901093598,City,9,0.43,N,,,,2,56399,(N/A),Straight and Level,No Defects,1,9,Local Road or Street,7,2690,X001493695,Not Toll,73,1,1,Not Divided,1,2941874.2921845,1908570.72877289,41.882364731219496,-87.797,,Urban,9,N,(N/A),Y,(N/A)
2019,2019-03-25,Monday,06,06:47 AM,Injury,B Injury Crash,2,0,0,2,0,1,Angle,15,N,N,Disregarding Traffic Signals,Failing to Reduce Speed to Avoid Crash,Daylight,Cloudy/Overcast,Dry,Y,,,,,Traffic Signal,Functioning Properly,N,2,41.8817178,-87.7845158,ok,(UNK),1,1901451,2019,1,25,28,50000 and OVER,9,4295,Oak Park,C,Urban Major Collector,8,16,25,10349623,3,Cook,2,19,,,1,N,(UNK),(UNK),201901093599,City,1,0,N,,,,(UNK),56400,(N/A),Straight and Level,No Defects,1,1,Major Collector,5,,X001493696,Not Toll,73,3,4,Two-way Continuous Left-Tur,4,2945280.38400642,1908426.29706759,41.88170999977678,-87.7845,,Urban,8,N,(N/A),Y,(N/A)
2019,2019-03-23,Saturday,03,03:14 AM,Property Damage,No Injuries,0,0,0,0,0,3,Turning,10,N,N,Failing to Yield Right of Way,(N/A),Darkness / Lighted Road,Clear,Dry,Y,,,,,No Controls,No Controls,N,2,41.8854023,-87.8049147,ok,(UNK),1,1901419,2019,1,2,99,50000 and OVER,9,4295,Oak Park,C,Urban Other Principal Arte,6,16,23,10349092,3,Cook,0,19,,,6,N,(UNK),(UNK),201901093099,City,5,26.42,Y,,,,4,56485,(N/A),Straight and Level,No Defects,1,1,Other Principal Arterial (PAS),3,5043,X001493189,Not Toll,73,1,1,Not Divided,1,2939688.12745726,1909615.35790247,41.885394455677464,-87.8049,,Urban,1,N,(N/A),Y,(N/A)
2019,2019-03-22,Friday,16,04:22 PM,Injury,B Injury Crash,1,0,0,1,0,0,Fixed Object,6,N,N,Under Influence of Alcohol/Drugs,Failing to Reduce Speed to Avoid Crash,Daylight,Clear,Dry,N,,,,,Lane Use Marking,Functioning Properly,N,1,41.8723764,-87.7892578,ok,Partial Access Control,3,03-19-04202,2019,1,8,28,50000 and OVER,9,4295,Oak Park,C,Urban InterState (PAS),0,16,22,10350063,3,Cook,2,19,,,5,N,(UNK),(UNK),201901093999,ISP,1,22.32,Y,,,,6,56747,(N/A),Straight and Level,No Defects,1,1,InterState (PAS),1,9290,X001494080,Not Toll,73,12,4,Divided With Median Barrier,3,2944083.33723117,1904986.29126563,41.872368601740355,-87.7893,,Urban,1,N,(N/A),Y,(N/A)
2019,2019-03-25,Monday,17,05:03 PM,Property Damage,No Injuries,0,0,0,0,0,2,Front to Rear,11,N,N,Following Too Closely,Unable to Determine,Daylight,Clear,Dry,N,,,,,Traffic Signal,Functioning Properly,N,2,41.8810826,-87.8047717,ok,(N/A),1,2019,,1,3,18,50000 and OVER,9,4295,Oak Park,C,Urban Other Principal Arte,0,16,25,10350108,3,Cook,C,19,0,,1,X001494124,(UNK),(UNK),201901094042,Other,1,19.58,Y,,,,5,57010,(N/A),Straight and Level,No Defects,1,1,No Median Barrier,3,348,19-00941,Urban,73,3,4,Divided,2,2939770.41971932,1908042.26737274,41.88107479498087,-87.8048,,(UNK),1,(N/A),N,Y,N
2019,2019-03-25,Monday,08,08:47 AM,Property Damage,No Injuries,0,0,0,0,0,3,Angle,15,N,N,Failing to Yield Right of Way,(N/A),Daylight,Clear,Dry,N,,,,,No Controls,No Controls,N,2,41.8883477,-87.7852423,ok,(N/A),1,2019,,1,2,99,50000 and OVER,9,4295,Oak Park,C,Urban Major Collector,0,16,25,10350348,3,Cook,C,19,0,,1,X001494318,(UNK),(UNK),201901094265,Major,1,0.82,N,,,,5,58076,(N/A),Straight and Level,No Defects,1,1,No Median Barrier,5,1405,1901452,Urban,73,1,1,Divided,2,2945015.44386238,1910836.8573412,41.888339882800366,-87.7852,,(UNK),1,(N/A),N,Y,N
2019,2019-03-24,Sunday,02,02:30 AM,Property Damage,No Injuries,0,0,0,0,0,2,Front to Rear,11,N,N,Following Too Closely,Failing to Reduce Speed to Avoid Crash,Darkness / Lighted Road,Clear,Dry,N,,,,,Lane Use Marking,Functioning Properly,N,2,41.8712769,-87.7751419,ok,Partial Access Control,3,03-19-04356,2019,1,3,28,50000 and OVER,9,4295,Oak Park,C,Urban InterState (PAS),0,16,24,10353026,3,Cook,0,19,,,7,N,(UNK),(UNK),201901095380,ISP,5,23.05,Y,,,,6,58507,(N/A),Straight and Level,No Defects,1,1,InterState (PAS),1,9290,X001495415,Not Toll,73,12,4,Divided With Median Barrier,3,2947939.26470588,1904692.44117647,41.87126900726268,-87.7751,,Urban,1,N,(N/A),Y,(N/A)
2019,2019-03-22,Friday,09,09:30 AM,Property Damage,No Injuries,0,0,0,0,0,2,Front to Rear,11,N,N,Failing to Reduce Speed to Avoid Crash,Driving Skills/Knowledge/Experience,Daylight,Clear,Dry,N,,,,,Lane Use Marking,Functioning Properly,N,2,41.87127,-87.7750247,ok,Partial Access Control,3,03-19-04205,2019,1,28,15,50000 and OVER,9,4295,Oak Park,C,Urban InterState (PAS),0,16,22,10353260,3,Cook,0,19,,,5,N,(UNK),(UNK),201901095475,ISP,1,321.38,Y,,,,3,58585,(N/A),Straight and Level,No Defects,1,1,InterState (PAS),1,5110,X001495511,Not Toll,73,12,4,Divided With Median Barrier,3,2947971.26809199,1904690.83720188,41.871262162966694,-87.775,,Urban,1,N,(N/A),Y,(N/A)
2019,2019-03-28,Thursday,10,10:04 AM,Property Damage,No Injuries,0,0,0,0,0,2,Front to Rear,11,N,N,Failing to Reduce Speed to Avoid Crash,Unable to Determine,Daylight,Clear,Dry,N,,,,,Traffic Signal,Functioning Properly,N,2,41.8880178,-87.7748858,ok,(UNK),1,1901498,2019,1,28,18,50000 and OVER,9,4295,Oak Park,C,Urban Minor Arterial,8,16,28,10353863,3,Cook,0,19,,,4,N,(UNK),(UNK),201901096001,City,1,0,N,,,,2,58988,(N/A),Straight and Level,No Defects,1,1,Minor Arterial,4,,X001496041,Not Toll,,3,4,Not Divided,1,2947838.9225245,1910795.11975776,41.888009999715095,-87.7749,,Urban,1,N,(N/A),Y,(N/A)
2019,2019-03-26,Tuesday,22,10:45 PM,Property Damage,No Injuries,0,0,0,0,0,5,Sideswipe Same Direction,12,N,N,Improper Lane Usage,Failing to Reduce Speed to Avoid Crash,Darkness / Lighted Road,Clear,Dry,N,,,,,Lane Use Marking,Functioning Properly,N,2,41.8712509,-87.7747161,ok,(UNK),3,03-19-04411,2019,1,20,28,50000 and OVER,9,4295,Oak Park,C,Urban (UNK),0,16,26,10355760,3,Cook,0,19,,,2,N,(UNK),(UNK),201901097333,ISP,5,321.4,N,,,,6,59569,(N/A),Straight and Level,No Defects,1,1,(UNK),0,5110,X001497382,No Toll,73,12,4,Divided With Median Barrier,3,2948055.52941176,1904686.23262032,41.87124309608326,-87.7747,,Urban,1,N,(N/A),Y,(N/A)
2019,2019-03-22,Friday,21,09:20 PM,Property Damage,No Injuries,0,0,0,0,0,3,Front to Rear,11,N,N,Following Too Closely,Failing to Reduce Speed to Avoid Crash,Darkness / Lighted Road,Clear,Dry,N,,,,,Traffic Signal,Functioning Properly,N,3,41.8735678,-87.8007958,ok,Partial Access Control,3,03-19-04220,2019,2,3,28,50000 and OVER,9,4295,Oak Park,C,Urban Local Road or Street,0,16,22,10352450,3,Cook,0,19,,,5,N,(UNK),(UNK),201901094989,ISP,5,0.15,N,,,,2,59624,(N/A),Straight On Grade,No Defects,1,1,Local Road or Street,7,290,X001495020,Not Toll,,3,4,Divided With Median Barrier,3,2940928.73030201,1905333.58132884,41.87356,-87.8008,,Urban,1,N,(N/A),Y,(N/A)
2019,2019-03-27,Wednesday,07,07:28 AM,Property Damage,No Injuries,0,0,0,0,0,2,Sideswipe Same Direction,12,N,N,Driving Skills/Knowledge/Experience,(N/A),Daylight,Clear,Dry,N,,,,,Traffic Signal,Functioning Properly,N,2,41.879867,-87.7847067,ok,(UNK),1,1901484,2019,1,15,99,50000 and OVER,9,4295,Oak Park,C,Urban Minor Arterial,0,16,27,10353482,3,Cook,0,19,,,3,N,(UNK),(UNK),201901095687,City,1,4.1,N,,,,4,59820,(N/A),Straight and Level,No Defects,1,1,Minor Arterial,4,1419,X001495723,Not Toll,73,3,4,Divided With Median Barrier,3,2945247.11308991,1907750.3569461,41.87985911760377,-87.7847,,Urban,1,N,(N/A),Y,(N/A)
2019,2019-03-27,Wednesday,08,08:04 AM,Property Damage,No Injuries,0,0,0,0,0,2,Front to Rear,11,N,N,Failing to Reduce Speed to Avoid Crash,Unable to Determine,Daylight,Clear,Dry,Y,,,,,Traffic Signal,Functioning Properly,N,2,41.8650306,-87.8042159,ok,(N/A),1,2019,,1,28,18,50000 and OVER,9,4295,Oak Park,C,Urban Other Principal Arte,0,16,27,10352530,3,Cook,C,19,0,,3,X001495090,(UNK),(UNK),201901095057,Other,1,25.01,Y,,,,4,59894,(N/A),Straight and Level,No Defects,1,1,No Median Barrier,3,5043,19-961,Urban,52,3,4,Divided,2,2940082.87972799,1902196.80298641,41.86502279344902,-87.8042,,(UNK),1,(N/A),N,Y,N
2019,2019-03-26,Tuesday,18,06:25 PM,Property Damage,No Injuries,0,0,0,0,0,1,Parked Motor Vehicle,9,N,N,Unable to Determine,Unable to Determine,Daylight,Clear,Dry,N,,,,,No Controls,No Controls,Y,2,41.8901635,-87.7985521,ok,(N/A),1,2019,,1,18,18,50000 and OVER,9,4295,Oak Park,C,Urban Local Road or Street,0,16,26,10352554,3,Cook,C,19,0,,2,X001495113,(UNK),(UNK),201901095080,Local,1,0.08,N,,,,2,59912,(N/A),Straight and Level,No Defects,1,1,No Median Barrier,7,3060,1901482,Urban,73,1,1,Divided,2,2941372.87883074,1911398.2026022,41.89015565438633,-87.7985,,(UNK),1,(N/A),N,Y,N
2019,2019-03-29,Friday,04,04:53 AM,Property Damage,No Injuries,0,0,0,0,0,1,Fixed Object,6,N,N,Improper Backing,Evasive Action Due to Animal / Object / Non-Motorist,Darkness / Lighted Road,Clear,Dry,N,,,,,No Controls,No Controls,Y,1,41.8818249,-87.7877726,ok,(UNK),1,1901510,2019,1,30,32,50000 and OVER,9,4295,Oak Park,C,Urban Local Road or Street,0,16,29,10354987,3,Cook,0,19,LIGHT POLE,,5,N,(UNK),(UNK),201901096882,City,5,0.03,N,,,,2,59925,(N/A),Straight and Level,No Defects,1,1,Local Road or Street,7,2650,X001496925,Not Toll,73,1,1,Not Divided,1,2944392.36648061,1908440.68715518,41.881817034701484,-87.7878,,Urban,1,N,(N/A),Y,(N/A)
2019,2019-03-28,Thursday,04,04:04 AM,Injury,B Injury Crash,2,0,0,2,0,1,Front to Rear,11,N,N,Failing to Reduce Speed to Avoid Crash,Driving Skills/Knowledge/Experience,Darkness / Lighted Road,Clear,Dry,N,,,,,Lane Use Marking,Functioning Properly,N,2,41.8729058,-87.7984028,ok,Partial Access Control,3,03-19-04458,2019,1,28,15,50000 and OVER,9,4295,Oak Park,C,Urban InterState (PAS),0,16,28,10353505,3,Cook,2,19,,,4,N,(UNK),(UNK),201901095708,ISP,5,21.86,Y,,,,6,59937,(N/A),Straight and Level,No Defects,1,1,InterState (PAS),1,9290,X001495743,Not Toll,,12,4,Divided With Median Barrier,3,2941587.16345202,1905110.32039014,41.872898,-87.7984,,Urban,1,N,(N/A),Y,(N/A)
2019,2019-03-24,Sunday,16,04:31 PM,Property Damage,No Injuries,0,0,0,0,0,3,Front to Rear,11,N,N,Failing to Reduce Speed to Avoid Crash,Following Too Closely,Daylight,Rain,Wet,N,,,,,Lane Use Marking,Functioning Properly,N,2,41.8732426,-87.7992464,ok,(UNK),3,03-19-04316,2019,1,28,3,50000 and OVER,9,4295,Oak Park,C,Urban (UNK),0,16,24,10354071,3,Cook,0,19,,,7,N,(UNK),(UNK),201901096122,ISP,1,0.03,N,,,,6,59947,(N/A),Straight and Level,No Defects,1,2,(UNK),0,290,X001496164,No Toll,73,12,4,Divided With Median Barrier,3,2941354.00062999,1905226.70865086,41.87323478527117,-87.7992,,Urban,2,N,(N/A),Y,(N/A)
2019,2019-03-25,Monday,09,09:50 AM,Property Damage,No Injuries,0,0,0,0,0,3,Front to Rear,11,N,N,Improper Lane Usage,Failing to Reduce Speed to Avoid Crash,Daylight,Clear,Dry,N,,,,,Lane Use Marking,Functioning Properly,Y,2,41.8734964,-87.8015665,ok,Partial Access Control,3,03-19-04343,2019,1,20,28,50000 and OVER,9,4295,Oak Park,C,Urban InterState (PAS),0,16,25,10357277,3,Cook,0,19,,,1,N,(UNK),(UNK),201901098523,ISP,1,21.72,Y,,,,8,60349,(N/A),Straight and Level,No Defects,1,1,InterState (PAS),1,9290,X001498573,Not Toll,73,12,4,Divided With Median Barrier,3,2940719.52398254,1905301.77506122,41.87348860499016,-87.8016,,Urban,1,N,(N/A),Y,(N/A)
2019,2019-03-28,Thursday,16,04:34 PM,Property Damage,No Injuries,0,0,0,0,0,4,Turning,10,N,N,Improper Lane Usage,Failing to Reduce Speed to Avoid Crash,Daylight,Clear,Dry,N,,,,,No Controls,No Controls,N,2,41.8702152,-87.8043905,ok,(N/A),1,2019,,1,20,28,50000 and OVER,9,4295,Oak Park,C,Urban Other Principal Arte,0,16,28,10354491,3,Cook,C,19,0,,4,X001496570,(UNK),(UNK),201901096528,Other,1,20.33,Y,,,,4,60492,(N/A),Straight and Level,No Defects,1,1,No Median Barrier,3,348,1901504,Urban,73,1,1,Divided,2,2939983.29024543,1904084.85208423,41.8702073947258,-87.8044,,(UNK),1,(N/A),N,Y,N
2019,2019-03-28,Thursday,14,02:19 PM,Property Damage,No Injuries,0,0,0,0,0,2,Front to Rear,11,N,N,Following Too Closely,Failing to Reduce Speed to Avoid Crash,Daylight,Clear,Dry,Y,,,,,Traffic Signal,Functioning Properly,N,2,41.8787778,-87.7844051,ok,(N/A),1,2019,,1,3,28,50000 and OVER,9,4295,Oak Park,C,Urban Minor Arterial,0,16,28,10354492,3,Cook,C,19,0,,4,X001496571,(UNK),(UNK),201901096529,Minor,1,1.6,N,,,,2,60493,(N/A),Straight and Level,No Defects,1,1,No Median Barrier,4,2783,1901500,Urban,73,3,4,Divided,2,2945340.27275569,1907355.73132869,41.87876996724951,-87.7844,,(UNK),1,(N/A),N,Y,N
2019,2019-03-30,Saturday,13,01:03 PM,Property Damage,No Injuries,0,0,0,0,0,2,Front to Rear,11,N,N,Distraction - From Inside Vehicle,Failing to Reduce Speed to Avoid Crash,Daylight,Cloudy/Overcast,Dry,N,,,,,No Controls,No Controls,N,2,41.88937,-87.7945344,ok,(N/A),1,2019,,1,41,28,50000 and OVER,9,4295,Oak Park,C,Urban Major Collector,0,16,30,10356864,3,Cook,C,19,0,,6,X001498188,(UNK),(UNK),201901098139,Major,1,5.48,N,,,,2,60715,(N/A),Straight and Level,No Defects,1,1,No Median Barrier,5,2775,1901538,Urban,73,1,1,Divided,2,2942474.86086091,1911139.28107838,41.88936218436194,-87.7945,,(UNK),8,(N/A),N,Y,N
2019,2019-03-29,Friday,19,07:13 PM,Property Damage,No Injuries,0,0,0,0,0,4,Angle,15,N,N,Failing to Reduce Speed to Avoid Crash,Unable to Determine,Darkness / Lighted Road,Clear,Dry,N,,,,,No Controls,No Controls,N,2,41.8799977,-87.7795401,ok,(N/A),1,2019,,1,28,18,50000 and OVER,9,4295,Oak Park,C,Urban Local Road or Street,0,16,29,10358303,3,Cook,C,19,0,,5,X001499516,(UNK),(UNK),201901099462,Local,5,0.55,N,,,,2,61316,(N/A),Straight and Level,No Defects,1,1,No Median Barrier,7,3794,1901527,Urban,73,1,1,Divided,2,2946652.87135398,1907837.13003871,41.87998989344195,-87.7795,,(UNK),1,(N/A),N,Y,N
2019,2019-03-30,Saturday,06,06:25 AM,Property Damage,No Injuries,0,0,0,0,0,1,Parked Motor Vehicle,9,N,N,Failing to Reduce Speed to Avoid Crash,Distraction - From Inside Vehicle,Dawn,Rain,Wet,N,,,,,No Controls,No Controls,N,2,41.8668974,-87.7778421,ok,(UNK),1,1901528,2019,1,28,41,50000 and OVER,9,4295,Oak Park,C,Urban Local Road or Street,0,16,30,10358310,3,Cook,0,19,,,6,N,(UNK),(UNK),201901099467,City,2,0.25,N,,,,2,61319,(N/A),Straight and Level,No Defects,1,2,Local Road or Street,7,2613,X001499523,Not Toll,73,1,1,Not Divided,1,2947248.22785019,1903075.99426988,41.86688954371324,-87.7778,,Urban,2,N,(N/A),Y,(N/A)
2019,2019-03-29,Friday,16,04:00 PM,Property Damage,No Injuries,0,0,0,0,0,3,Front to Rear,11,N,N,Following Too Closely,Failing to Reduce Speed to Avoid Crash,Daylight,Clear,Dry,N,,,,,Lane Use Marking,Functioning Properly,N,3,41.8737249,-87.8039326,ok,Partial Access Control,3,03-19-04526,2019,1,3,28,50000 and OVER,9,4295,Oak Park,C,Urban InterState (PAS),0,16,29,10356518,3,Cook,0,19,,,5,N,(UNK),(UNK),201901097851,ISP,1,21.61,Y,,,,6,61325,(N/A),Straight and Level,No Defects,1,1,InterState (PAS),1,9290,X001497898,Not Toll,73,12,4,Divided With Median Barrier,3,2940072.79590489,1905367.25231176,41.87371700978005,-87.8039,,Urban,1,N,(N/A),Y,(N/A)
2019,2019-03-24,Sunday,12,12:41 PM,Injury,C Injury Crash,1,0,0,0,1,2,Front to Rear,11,N,N,Failing to Reduce Speed to Avoid Crash,Unable to Determine,Daylight,Cloudy/Overcast,Dry,Y,,,,,Traffic Signal,Functioning Properly,N,2,41.8797209,-87.7943304,ok,(N/A),1,2019,,1,28,18,50000 and OVER,9,4295,Oak Park,C,Urban Minor Arterial,8,16,24,10358045,3,Cook,C,19,1,,7,X001499272,(UNK),(UNK),201901103036,Minor,1,0,N,,,,5,62028,(N/A),Straight and Level,No Defects,1,1,No Median Barrier,4,,1901442,Urban,73,3,4,Divided,2,2942627.68170272,1907624.49369178,41.87971304848304,-87.7943,,(UNK),8,(N/A),N,Y,N
2019,2019-03-29,Friday,12,12:27 PM,Injury,C Injury Crash,2,0,0,0,2,1,Front to Rear,11,N,N,Distraction â€“ Other Electronic Device (Navigation Device / DVD Player / etc.),Failing to Reduce Speed to Avoid Crash,Daylight,Cloudy/Overcast,Dry,N,,,,,Lane Use Marking,Functioning Properly,N,2,41.8652076,-87.7912964,ok,(UNK),1,1901515,2019,1,43,28,50000 and OVER,9,4295,Oak Park,C,Urban Other Principal Arte,8,16,29,10358073,3,Cook,1,19,,,5,N,(UNK),(UNK),201901099243,City,1,0,Y,,,,3,62095,(N/A),Straight and Level,No Defects,1,1,Other Principal Arterial (PAS),3,,X001499299,Not Toll,52,12,4,Two-way Continuous Left-Tur,4,2943600.40981449,1902358.45206069,41.86519974665933,-87.7913,,Urban,8,N,(N/A),Y,(N/A)
2019,2019-03-29,Friday,22,10:29 PM,Property Damage,No Injuries,0,0,0,0,0,2,Sideswipe Same Direction,12,N,N,Failing to Reduce Speed to Avoid Crash,Improper Lane Usage,Darkness / Lighted Road,Rain,Wet,N,,,,,Lane Use Marking,Functioning Properly,N,2,41.8736567,-87.8031556,ok,Partial Access Control,3,03-19-04542,2019,1,28,20,50000 and OVER,9,4295,Oak Park,C,Urban InterState (PAS),0,16,29,10358484,3,Cook,0,19,,,5,N,(UNK),(UNK),201901099618,ISP,5,21.64,Y,,,,6,62126,(N/A),Straight and Level,No Defects,1,2,InterState (PAS),1,9290,X001499678,Not Toll,73,12,4,Divided With Median Barrier,3,2940285.11012486,1905348.24176403,41.87364884598235,-87.8031,,Urban,2,N,(N/A),Y,(N/A)
2019,2019-03-29,Friday,19,07:11 PM,Property Damage,No Injuries,0,0,0,0,0,6,Front to Rear,11,N,N,Failing to Reduce Speed to Avoid Crash,(N/A),Darkness,Clear,Dry,Y,,,,,Traffic Signal,Functioning Properly,N,2,41.8798664,-87.7848,ok,(UNK),1,1901526,2019,1,28,99,50000 and OVER,9,4295,Oak Park,C,Urban Minor Arterial,0,16,29,10358133,3,Cook,0,19,,,5,N,(UNK),(UNK),201901099301,City,4,4.09,N,,,,4,62461,(N/A),Straight and Level,No Defects,1,1,Minor Arterial,4,1419,X001499356,Not Toll,73,3,4,Divided With Median Barrier,3,2945221.71512905,1907749.44369451,41.87985854730865,-87.7848,,Urban,1,N,(N/A),Y,(N/A)
2019,2019-03-31,Sunday,18,06:56 PM,Property Damage,No Injuries,0,0,0,0,0,1,Fixed Object,6,N,N,Failing to Reduce Speed to Avoid Crash,Physical Condition of Driver,Daylight,Clear,Dry,N,,,,,Traffic Signal,Functioning Properly,N,1,41.8739536,-87.8045334,ok,(N/A),1,2019,GARBAGE CAN,1,28,17,50000 and OVER,9,4295,Oak Park,C,Urban Other Principal Arte,0,16,31,10358674,3,Cook,C,19,0,GARBAGE CAN,7,X001499863,(UNK),(UNK),201901099808,Other,1,20.07,Y,,,,4,63007,(N/A),Straight and Level,No Defects,1,1,No Median Barrier,3,348,1901553,Urban,73,3,4,Divided,2,2939906.85919683,1905446.09496822,41.87394572811457,-87.8045,,(UNK),1,(N/A),N,Y,N
2019,2019-03-31,Sunday,22,10:15 PM,Injury,B Injury Crash,1,0,0,1,0,2,Front to Rear,11,N,N,Failing to Reduce Speed to Avoid Crash,(N/A),Darkness / Lighted Road,Clear,Dry,Y,,,,,Stop Sign,Functioning Properly,N,2,41.8982844,-87.7801151,ok,(UNK),1,1901557,2019,1,28,99,50000 and OVER,9,4295,Oak Park,C,Urban Local Road or Street,8,16,31,10358675,3,Cook,2,19,,,7,N,(UNK),(UNK),201901099809,City,5,0,N,,,,(UNK),63008,(N/A),Straight and Level,No Defects,1,1,Local Road or Street,7,,X001499864,Not Toll,73,2,4,Other,8,2946310.82086395,1914496.77039938,41.89827651976888,-87.7801,,Urban,1,N,(N/A),Y,(N/A)