crash_year,crash_date,day_of_week,crash_hour,time_of_crash,crash_severity,crash_injury_severity,total_injured,total_fatals,a_injuries,b_injuries,c_injuries,no_injuries,type_of_first_crash,collision_type_code,pedestrian_involved,pedalcyclist_involved,cause1,cause2,lighting_cond,weather_cond,road_surface_cond,intersection_related,is_intersection,highway_or_street_name,at_intersection_with,address_no,traffic_control_device,traffic_control_device_cond,hit_and_run,number_of_vehicles,latitude,longitude,location_status,access_control,agency_code,agency_report_number,agency_report_year,alignment_code,cause1_code,cause2_code,city_class,city_class_code,city_code,city_name,city_township_flag,class_of_trafficway,class_of_trafficway_code,county_code,crash_day,crash_id,crash_month,crash_report_county,crash_severity_cd,crash_yr_source,damaged_property1,damaged_property2,day_of_week_code,did_crash_occur_in_work_zone,did_involve_secondary_crash,flow_condition,icn,investigating_agency_descrip,light_condition_code,mile_station,nhs,non_intersection_direction,non_intersection_distance,non_intersection_units,number_of_lanes,objectid,railroad_crossing_number,road_alignment,road_defects,road_defects_code,road_surface_condition_code,roadway_functional_class,roadway_functional_class_code,route_number,sfe,toll,township,traffic_control_device_code,traffic_control_device_cond_code,trafficway_descrip,trafficway_description_code,ts_crash_coordinate_x,ts_crash_coordinate_y,ts_crash_latitude,ts_crash_longitude,type_report,urban_rural,weather_code,were_workers_present,work_zone,work_zone_related,work_zone_type
2019,2019-04-01,Monday,07,07:56 AM,Property Damage,No Injuries,0,0,0,0,0,3,Turning,10,N,N,Failing to Yield Right of Way,Failing to Reduce Speed to Avoid Crash,Daylight,Clear,Dry,Y,,,,,No Controls,No Controls,N,2,41.8799273,-87.7881392,ok,(UNK),1,1901560,2019,1,2,28,50000 and OVER,9,4295,Oak Park,C,Urban Local Road or Street,0,16,1,10358676,4,Cook,0,19,,,1,N,(UNK),(UNK),201901099811,City,1,0,N,,,,4,63043,(N/A),Straight and Level,No Defects,1,1,Local Road or Street,7,2650,X001499865,Not Toll,73,1,1,Two-way Continuous Left-Tur,4,2944311.6958566,1907746.40155018,41.87991944566974,-87.7881,,Urban,1,N,(N/A),Y,(N/A)
2019,2019-04-01,Monday,09,09:16 AM,Property Damage,No Injuries,0,0,0,0,0,2,Front to Rear,11,N,N,Distraction - From Outside Vehicle,Failing to Reduce Speed to Avoid Crash,Daylight,Clear,Dry,N,,,,,Lane Use Marking,Functioning Properly,N,2,41.8730911,-87.7979428,ok,Partial Access Control,3,03-19-04664,2019,1,40,28,50000 and OVER,9,4295,Oak Park,C,Urban InterState (PAS),0,16,1,10358711,4,Cook,0,19,,,1,N,(UNK),(UNK),201901099847,ISP,1,21.89,Y,,,,3,63149,(N/A),Straight and Level,No Defects,1,1,InterState (PAS),1,9290,X001499900,Not Toll,73,12,4,Divided With Median Barrier,3,2941710.59207823,1905181.27384864,41.8730832123924,-87.7979,,Urban,1,N,(N/A),Y,(N/A)
2019,2019-04-01,Monday,21,09:46 PM,Injury,B Injury Crash,1,0,0,1,0,1,Pedestrian,1,Y,N,Driving Skills/Knowledge/Experience,Driving Skills/Knowledge/Experience,Darkness / Lighted Road,Clear,Dry,Y,,,,,Traffic Signal,Functioning Properly,N,1,41.8814976,-87.7999226,ok,(UNK),1,1901574,2019,1,15,15,50000 and OVER,9,4295,Oak Park,C,Urban Major Collector,8,16,1,10360793,4,Cook,2,19,,,1,N,(UNK),(UNK),201901100945,City,5,0,N,,,,4,64142,(N/A),Straight and Level,No Defects,1,1,Major Collector,5,,X001500897,Not Toll,73,3,4,Not Divided,1,2941086.83236592,1908229.87427191,41.88148972058378,-87.7999,,Urban,1,N,(N/A),Y,(N/A)
2019,2019-04-04,Thursday,15,03:21 PM,Property Damage,No Injuries,0,0,0,0,0,2,Front to Rear,11,N,N,Failing to Reduce Speed to Avoid Crash,Following Too Closely,Daylight,Rain,Wet,N,,,,,Lane Use Marking,Functioning Properly,N,2,41.8730909,-87.7979412,ok,Partial Access Control,3,03-19-04849,2019,1,28,3,50000 and OVER,9,4295,Oak Park,C,Urban InterState (PAS),0,16,4,10362659,4,Cook,0,19,,,4,N,(UNK),(UNK),201901102639,ISP,1,320.22,Y,,,,6,64481,(N/A),Straight and Level,No Defects,1,2,InterState (PAS),1,5110,X001502637,Not Toll,73,12,4,Divided With Median Barrier,3,2941711.02251393,1905181.24224422,41.873083093144544,-87.7979,,Urban,2,N,(N/A),Y,(N/A)
2019,2019-04-03,Wednesday,08,08:30 AM,Property Damage,No Injuries,0,0,0,0,0,3,Front to Rear,11,N,N,Failing to Reduce Speed to Avoid Crash,Following Too Closely,Daylight,Clear,Dry,N,,,,,Lane Use Marking,Functioning Properly,N,3,41.8737306,-87.8039961,ok,Partial Access Control,3,03-19-04765,2019,1,28,3,50000 and OVER,9,4295,Oak Park,C,Urban InterState (PAS),0,16,3,10361844,4,Cook,0,19,,,3,N,(UNK),(UNK),201901101897,ISP,1,21.61,Y,,,,3,65542,(N/A),Straight and Level,No Defects,1,1,InterState (PAS),1,9290,X001501865,Not Toll,73,12,4,Divided With Median Barrier,3,2940055.43582888,1905368.87433155,41.87372276839962,-87.804,,Urban,1,N,(N/A),Y,(N/A)
2019,2019-01-03,Thursday,17,05:41 PM,Injury,C Injury Crash,1,0,0,0,1,1,Front to Rear,11,N,N,Distraction - From Inside Vehicle,Following Too Closely,Darkness / Lighted Road,Clear,Dry,N,,,,,No Controls,No Controls,N,2,41.8650599,-87.8019776,ok,(N/A),1,19,,1,41,3,50000 and OVER,9,4295,Oak Park,C,Urban Other Principal Arte,0,16,3,10365827,1,Cook,C,19,1,,4,U140298010,(UNK),(UNK),201901144425,Other,5,6.11,Y,,,,2,67349,(N/A),Straight and Level,No Defects,1,1,No Median Barrier,3,347,00089,Urban,73,1,1,Divided,2,2940692.29168133,1902224.27254382,41.86505208479394,-87.802,,(UNK),1,(N/A),N,Y,N
2019,2019-04-07,Sunday,21,09:55 PM,Injury,B Injury Crash,1,0,0,1,0,1,Front to Rear,11,N,N,Following Too Closely,Failing to Reduce Speed to Avoid Crash,Darkness / Lighted Road,Clear,Wet,N,,,,,Lane Use Marking,Functioning Properly,Y,2,41.8724108,-87.789928,ok,Partial Access Control,3,03-19-05030,2019,1,3,28,50000 and OVER,9,4295,Oak Park,C,Urban InterState (PAS),0,16,7,10370665,4,Cook,2,19,,,7,N,(UNK),(UNK),201901108436,ISP,5,22.29,Y,,,,6,68708,(N/A),Straight and Level,No Defects,1,2,InterState (PAS),1,9290,X001508241,Not Toll,73,12,4,Divided With Median Barrier,3,2943900.43659181,1904993.74504624,41.87240293592337,-87.7899,,Urban,1,N,(N/A),Y,(N/A)
2019,2019-04-03,Wednesday,09,09:30 AM,Property Damage,No Injuries,0,0,0,0,0,2,Front to Rear,11,N,N,Failing to Reduce Speed to Avoid Crash,Following Too Closely,Daylight,Clear,Dry,N,,,,,Lane Use Marking,Functioning Properly,Y,2,41.8712807,-87.7752008,ok,Partial Access Control,3,03-19-04760,2019,1,28,3,50000 and OVER,9,4295,Oak Park,C,Urban InterState (PAS),0,16,3,10367490,4,Cook,0,19,,,3,N,(UNK),(UNK),201901105301,ISP,1,23.04,Y,,,,6,68759,(N/A),Straight and Level,No Defects,1,1,InterState (PAS),1,9290,X001505245,Not Toll,73,12,4,Divided With Median Barrier,3,2947923.18097393,1904693.3879249,41.87127283256687,-87.7752,,Urban,1,N,(N/A),Y,(N/A)
2019,2019-04-06,Saturday,19,07:53 PM,Property Damage,No Injuries,0,0,0,0,0,2,Sideswipe Same Direction,12,N,N,Improper Overtaking/Passing,Failing to Reduce Speed to Avoid Crash,Darkness / Lighted Road,Clear,Dry,Y,,,,,Traffic Signal,Functioning Properly,N,2,41.8736416,-87.8045258,ok,Partial Access Control,1,19-01064,2019,,4,28,50000 and OVER,9,4295,Oak Park,C,Urban InterState (PAS),6,16,6,10371792,4,Cook,0,19,,,6,N,No,Free Flow,201901109447,City,5,25.61,Y,,,,(UNK),69621,(N/A),(UNK),No Defects,1,1,InterState (PAS),1,5043,X001509279,Not Toll,73,3,4,Divided With Median Barrier,3,2939912.062394,1905332.46992192,41.873633772562904,-87.8045,,Urban,1,N,(N/A),Y,(N/A)
2019,2019-04-11,Thursday,07,07:08 AM,Property Damage,No Injuries,0,0,0,0,0,2,Front to Rear,11,N,N,Following Too Closely,Failing to Reduce Speed to Avoid Crash,Daylight,Cloudy/Overcast,Dry,Y,,,,,Traffic Signal,Functioning Properly,Y,2,41.8760554,-87.8045981,ok,(N/A),1,2019,,,3,28,50000 and OVER,9,4295,Oak Park,C,Urban Other Principal Arte,6,16,11,10371793,4,Cook,C,19,0,,4,X001509280,Stopped,(UNK),201901109448,Other,1,25.77,Y,,,,(UNK),69622,(N/A),(UNK),No Defects,1,1,No Median Barrier,3,5043,19-901106,Urban,73,3,4,Divided,2,2939868.15616198,1906211.57147731,41.87604760550614,-87.8046,,No,8,(N/A),N,Y,N
2019,2019-04-10,Wednesday,17,05:45 PM,Property Damage,No Injuries,0,0,0,0,0,2,Turning,10,N,N,Failing to Reduce Speed to Avoid Crash,(N/A),Daylight,Cloudy/Overcast,Wet,Y,,,,,No Controls,No Controls,N,2,41.8704892,-87.8043962,ok,(N/A),1,2019,,,28,99,50000 and OVER,9,4295,Oak Park,C,Urban Other Principal Arte,6,16,10,10371794,4,Cook,C,19,0,,3,X001509281,Stopped,(UNK),201901109449,Other,1,25.39,Y,,,,(UNK),69669,(N/A),(UNK),No Defects,1,2,No Median Barrier,3,5043,19-01100,Urban,73,1,1,Divided,2,2939978.98876934,1904184.64675826,41.87048135910667,-87.8044,,No,8,(N/A),N,Y,N
2019,2019-04-08,Monday,14,02:30 PM,Property Damage,No Injuries,0,0,0,0,0,2,Front to Rear,11,N,N,Following Too Closely,Failing to Reduce Speed to Avoid Crash,Daylight,Clear,Dry,N,,,,,Lane Use Marking,Functioning Properly,N,2,41.8734848,-87.8031398,ok,Partial Access Control,3,03-19-05063,2019,2,3,28,50000 and OVER,9,4295,Oak Park,C,Urban InterState (PAS),0,16,8,10370401,4,Cook,0,19,,,1,N,(UNK),(UNK),201901108189,ISP,1,0.05,Y,,,,1,69760,(N/A),Straight On Grade,No Defects,1,1,InterState (PAS),1,290,X001507993,Not Toll,,12,4,Divided With Median Barrier,3,2940291.13627914,1905285.73686881,41.873477,-87.8031,,Urban,1,N,(N/A),Y,(N/A)
2019,2019-04-06,Saturday,13,01:40 PM,Property Damage,No Injuries,0,0,0,0,0,2,Front to Rear,11,N,N,Failing to Reduce Speed to Avoid Crash,Driving Skills/Knowledge/Experience,Daylight,Clear,Dry,N,,,,,Lane Use Marking,Functioning Properly,N,2,41.87125,-87.7746575,ok,Partial Access Control,3,03-19-04962,2019,1,28,15,50000 and OVER,9,4295,Oak Park,C,Urban InterState (PAS),0,16,6,10371529,4,Cook,0,19,,,6,N,(UNK),(UNK),201901109207,ISP,1,23.07,Y,,,,8,70550,(N/A),Straight and Level,No Defects,1,1,InterState (PAS),1,9290,X001509035,Not Toll,73,12,4,Divided With Median Barrier,3,2948071.47512201,1904686.32267851,41.871242123972685,-87.7747,,Urban,1,N,(N/A),Y,(N/A)
2019,2019-04-03,Wednesday,19,07:25 PM,Property Damage,No Injuries,0,0,0,0,0,2,Front to Rear,11,N,N,Following Too Closely,Failing to Reduce Speed to Avoid Crash,Darkness / Lighted Road,Clear,Dry,N,,,,,Lane Use Marking,Functioning Properly,N,2,41.8735079,-87.8045196,ok,Partial Access Control,3,03-19-04790,2019,1,3,28,50000 and OVER,9,4295,Oak Park,C,Urban InterState (PAS),0,16,3,10370570,4,Cook,0,19,,,3,N,(UNK),(UNK),201901108347,ISP,5,21.58,Y,,,,6,70637,(N/A),Straight and Level,No Defects,1,1,InterState (PAS),1,9290,X001508150,Not Toll,73,12,4,Divided With Median Barrier,3,2939915.08278754,1905283.80009631,41.873500090643304,-87.8045,,Urban,1,N,(N/A),Y,(N/A)
2019,2019-04-10,Wednesday,16,04:50 PM,Property Damage,No Injuries,0,0,0,0,0,3,Front to Rear,11,N,N,Failing to Reduce Speed to Avoid Crash,Driving Skills/Knowledge/Experience,Daylight,Rain,Wet,N,,,,,Lane Use Marking,Functioning Properly,N,2,41.8737089,-87.8037803,ok,Partial Access Control,3,03-19-05161,2019,1,28,15,50000 and OVER,9,4295,Oak Park,C,Urban InterState (PAS),0,16,10,10372445,4,Cook,0,19,,,3,N,(UNK),(UNK),201901110145,ISP,1,319.95,Y,,,,8,70668,(N/A),Straight and Level,No Defects,1,2,InterState (PAS),1,5110,X001509894,Not Toll,73,12,4,Divided With Median Barrier,3,2940114.44247028,1905362.58665786,41.87370107122799,-87.8038,,Urban,2,N,(N/A),Y,(N/A)
2019,2019-04-10,Wednesday,05,05:20 AM,Injury,B Injury Crash,1,0,0,1,0,0,Other Object,7,N,N,Physical Condition of Driver,Failing to Reduce Speed to Avoid Crash,Darkness / Lighted Road,Clear,Dry,N,,,,,Lane Use Marking,Functioning Properly,N,1,41.8732555,-87.7993695,ok,Partial Access Control,3,03-19-05140,2019,1,17,28,50000 and OVER,9,4295,Oak Park,C,Urban InterState (PAS),0,16,10,10373813,4,Cook,2,19,,,3,N,(UNK),(UNK),201901111430,ISP,5,0.04,Y,,,,6,71579,(N/A),Straight and Level,No Defects,1,1,InterState (PAS),1,290,X001511196,Not Toll,73,12,4,Divided With Median Barrier,3,2941320.33824177,1905230.46930716,41.87324764415498,-87.7994,,Urban,1,N,(N/A),Y,(N/A)
2019,2019-04-15,Monday,04,04:50 AM,Injury,C Injury Crash,1,0,0,0,1,2,Turning,10,N,N,Weather,Unable to Determine,Dawn,Freezing Rain,Ice,Y,,,,,Traffic Signal,Functioning Properly,N,3,41.8736416,-87.8045258,ok,Partial Access Control,1,19-01146,2019,,11,18,50000 and OVER,9,4295,Oak Park,C,Urban InterState (PAS),6,16,15,10375419,4,Cook,1,19,,,1,N,No,Stopped,201901112947,City,2,25.61,Y,,,,(UNK),73217,(N/A),(UNK),No Defects,1,4,InterState (PAS),1,5043,X001512742,Not Toll,73,3,4,Divided With Median Barrier,3,2939912.062394,1905332.46992192,41.873633772562904,-87.8045,,Urban,10,N,(N/A),Y,(N/A)
2019,2019-04-15,Monday,04,04:40 AM,Property Damage,No Injuries,0,0,0,0,0,2,Front to Rear,11,N,N,Unable to Determine,(N/A),Darkness / Lighted Road,Freezing Rain,Ice,Y,,,,,Traffic Signal,Functioning Properly,Y,2,41.8736416,-87.8045258,ok,(N/A),1,2019,,,18,99,50000 and OVER,9,4295,Oak Park,C,Urban InterState (PAS),6,16,15,10375420,4,Cook,C,19,0,,1,X001512743,Stopped,Partial Access Control,201901112948,InterS,5,25.61,Y,,,,(UNK),73218,(N/A),(UNK),No Defects,1,4,No Median Barrier,1,5043,19-01145,Urban,73,3,4,Divided,2,2939912.062394,1905332.46992192,41.873633772562904,-87.8045,,No,10,(N/A),N,Y,N
2019,2019-04-10,Wednesday,08,08:42 AM,Property Damage,No Injuries,0,0,0,0,0,2,Front to Rear,11,N,N,Following Too Closely,Failing to Reduce Speed to Avoid Crash,Daylight,Clear,Dry,N,,,,,Lane Use Marking,Functioning Properly,N,2,41.8711658,-87.7782788,ok,Partial Access Control,3,03-19-05147,2019,1,3,28,50000 and OVER,9,4295,Oak Park,C,Urban InterState (PAS),0,16,10,10378558,4,Cook,0,19,,,3,N,(UNK),(UNK),201901114951,ISP,1,22.89,Y,,,,6,74268,(N/A),Straight and Level,No Defects,1,1,InterState (PAS),1,9290,X001514723,Not Toll,,12,4,Divided With Median Barrier,3,2947085.98469247,1904628.18656246,41.871158,-87.7783,,Urban,1,N,(N/A),Y,(N/A)
2019,2019-04-15,Monday,09,09:45 AM,Property Damage,No Injuries,0,0,0,0,0,2,Sideswipe Same Direction,12,N,N,Improper Lane Usage,Failing to Reduce Speed to Avoid Crash,Daylight,Clear,Dry,N,,,,,Lane Use Marking,Functioning Properly,N,2,41.8720556,-87.7888312,ok,Partial Access Control,3,03-19-05485,2019,1,20,28,50000 and OVER,9,4295,Oak Park,C,Urban InterState (PAS),0,16,15,10379898,4,Cook,0,19,,,1,N,(UNK),(UNK),201901115219,ISP,1,8.46,Y,,,,6,74719,(N/A),Straight and Level,No Defects,1,1,InterState (PAS),1,290,X001514991,Not Toll,73,12,4,Divided With Median Barrier,3,2944202.76771539,1904872.59139777,41.87204776143906,-87.7888,,Urban,1,N,(N/A),Y,(N/A)
2019,2019-04-09,Tuesday,07,07:30 AM,Property Damage,No Injuries,0,0,0,0,0,2,Front to Rear,11,N,N,Failing to Reduce Speed to Avoid Crash,Driving Skills/Knowledge/Experience,Daylight,Clear,Dry,N,,,,,Lane Use Marking,Functioning Properly,Y,2,41.8734559,-87.8039852,ok,Partial Access Control,3,03-19-05338,2019,1,28,15,50000 and OVER,9,4295,Oak Park,C,Urban InterState (PAS),0,16,9,10379987,4,Cook,0,19,,,2,N,(UNK),(UNK),201901115304,ISP,1,21.61,Y,,,,8,75169,(N/A),Straight and Level,No Defects,1,1,InterState (PAS),1,9290,X001515075,Not Toll,73,12,4,Divided With Median Barrier,3,2940061.17594591,1905268.83487473,41.87344802433504,-87.804,,Urban,1,N,(N/A),Y,(N/A)
2019,2019-03-14,Thursday,07,07:55 AM,Property Damage,No Injuries,0,0,0,0,0,5,Front to Rear,11,N,N,Following Too Closely,(N/A),Dawn,Rain,Wet,N,,,,,No Controls,No Controls,N,2,41.8651118,-87.7983524,ok,(N/A),1,19,,,3,99,50000 and OVER,9,4295,Oak Park,C,Urban Other Principal Arte,0,16,14,10378319,3,Cook,C,19,0,,4,U190196564,Free Flow,(UNK),201901228450,Other,2,6.29,Y,,,,(UNK),75351,(N/A),(UNK),Unknown,99,2,No Median Barrier,3,347,02550,Urban,52,1,1,Divided,2,2941679.29733349,1902270.4138134,41.86510396081333,-87.7983,,No,2,(N/A),N,N,N
2019,2019-04-19,Friday,16,04:35 PM,Property Damage,No Injuries,0,0,0,0,0,2,Front to Rear,11,N,N,Failing to Reduce Speed to Avoid Crash,Following Too Closely,Daylight,Clear,Dry,N,,,,,Lane Use Marking,Functioning Properly,Y,2,41.8737872,-87.8045296,ok,(UNK),3,03-19-05718,2019,1,28,3,50000 and OVER,9,4295,Oak Park,C,Urban (UNK),0,16,19,10383939,4,Cook,0,19,,,5,N,(UNK),(UNK),201901118116,ISP,1,7.7,N,,,,6,77329,(N/A),Straight and Level,No Defects,1,1,(UNK),0,290,X001517819,No Toll,73,12,4,Divided With Median Barrier,3,2939909.5609846,1905385.50287674,41.87377937910563,-87.8045,,Urban,1,N,(N/A),Y,(N/A)
2019,2019-04-20,Saturday,01,01:10 AM,Property Damage,No Injuries,0,0,0,0,0,1,Fixed Object,6,N,N,Improper Lane Usage,Driving Skills/Knowledge/Experience,Darkness / Lighted Road,Clear,Dry,N,,,,,Lane Use Marking,Functioning Properly,N,1,41.8732898,-87.8004828,ok,Partial Access Control,3,03-19-05737,2019,1,20,15,50000 and OVER,9,4295,Oak Park,C,Urban InterState (PAS),0,16,20,10384332,4,Cook,0,19,,,6,N,(UNK),(UNK),201901118199,ISP,5,0.08,Y,,,,4,77766,(N/A),Straight and Level,No Defects,1,1,InterState (PAS),1,290,X001517903,Not Toll,,12,4,Divided With Median Barrier,3,2941016.77529429,1905234.62437739,41.873282,-87.8005,,Urban,1,N,(N/A),Y,(N/A)
2019,2019-02-28,Thursday,22,10:29 PM,Property Damage,No Injuries,0,0,0,0,0,2,Sideswipe Same Direction,12,N,N,(N/A),(N/A),Daylight,Clear,Dry,Y,,,,,No Controls,No Controls,N,2,41.8650305,-87.8040289,ok,(UNK),1,2057,19,,99,99,50000 and OVER,9,4295,Oak Park,C,Urban Other Principal Arte,6,16,28,10384262,2,Cook,0,19,,,4,N,No,Free Flow,201901207932,City,1,25.01,Y,,,,(UNK),78745,(N/A),(UNK),No Defects,1,1,Other Principal Arterial (PAS),3,5043,U190284730,Not Toll,73,1,1,Not Divided,1,2940133.80759892,1902198.16402289,41.86502268036822,-87.804,,Urban,1,N,(N/A),Y,(N/A)
2019,2019-04-07,Sunday,01,01:30 AM,Property Damage,No Injuries,0,0,0,0,0,2,Front to Rear,11,N,N,Following Too Closely,Failing to Reduce Speed to Avoid Crash,Darkness,Clear,Dry,N,,,,,Lane Use Marking,Functioning Properly,N,2,41.8736498,-87.8041518,ok,Partial Access Control,3,03-19-04983,2019,2,3,28,50000 and OVER,9,4295,Oak Park,C,Urban InterState (PAS),0,16,7,10386626,4,Cook,0,19,,,7,N,(UNK),(UNK),201901119628,ISP,4,0.23,Y,,,,6,79472,(N/A),Straight On Grade,No Defects,1,1,InterState (PAS),1,290,X001519328,Not Toll,,12,4,Divided With Median Barrier,3,2940013.84507047,1905338.27351062,41.873642,-87.8041,,Urban,1,N,(N/A),Y,(N/A)
2019,2019-04-21,Sunday,04,04:16 AM,Property Damage,No Injuries,0,0,0,0,0,1,Fixed Object,6,N,N,Unable to Determine,Unable to Determine,Darkness / Lighted Road,Clear,Dry,Y,,,,,Traffic Signal,Functioning Properly,Y,1,41.8736416,-87.8045257,ok,Partial Access Control,1,19-01216,2019,,18,18,50000 and OVER,9,4295,Oak Park,C,Urban InterState (PAS),6,16,21,10385273,4,Cook,0,19,,,7,N,No,Free Flow,201901118426,City,5,25.61,Y,,,,(UNK),80066,(N/A),(UNK),No Defects,1,1,InterState (PAS),1,5043,X001518130,Not Toll,73,3,4,Divided With Median Barrier,3,2939912.0997946,1905332.46490214,41.87363375597478,-87.8045,,Urban,1,N,(N/A),Y,(N/A)
2019,2019-04-21,Sunday,18,06:31 PM,Property Damage,No Injuries,0,0,0,0,0,4,Front to Rear,11,N,N,Failing to Reduce Speed to Avoid Crash,Following Too Closely,Daylight,Clear,Dry,N,,,,,Lane Use Marking,Functioning Properly,Y,2,41.8724922,-87.7939924,ok,Partial Access Control,3,03-19-05814,2019,1,28,3,50000 and OVER,9,4295,Oak Park,C,Urban InterState (PAS),0,16,21,10387879,4,Cook,0,19,,,7,N,(UNK),(UNK),201901120624,ISP,1,22.07,Y,,,,6,80355,(N/A),Straight and Level,No Defects,1,1,InterState (PAS),1,9290,X001520204,Not Toll,73,12,4,Divided With Median Barrier,3,2942792.59961192,1904992.78523384,41.87248438877952,-87.794,,Urban,1,N,(N/A),Y,(N/A)
2019,2019-04-21,Sunday,16,04:43 PM,Property Damage,No Injuries,0,0,0,0,0,2,Front to Rear,11,N,N,Following Too Closely,(N/A),Daylight,Clear,Dry,N,,,,,Lane Use Marking,Functioning Properly,Y,2,41.871533,-87.7792294,ok,(UNK),3,03-19-05808,2019,1,3,99,50000 and OVER,9,4295,Oak Park,C,Urban (UNK),0,16,21,10387883,4,Cook,0,19,,,7,N,(UNK),(UNK),201901120628,ISP,1,1.14,N,,,,6,80407,(N/A),Straight and Level,No Defects,1,1,(UNK),0,3794,X001520208,No Toll,73,12,4,Divided With Median Barrier,3,2946823.34739611,1904754.79367637,41.87152519894245,-87.7792,,Urban,1,N,(N/A),Y,(N/A)
2019,2019-01-31,Thursday,09,09:04 AM,Property Damage,No Injuries,0,0,0,0,0,2,Front to Rear,11,N,N,(N/A),(N/A),Daylight,Clear,Dry,Y,,,,,Traffic Signal,Functioning Properly,N,2,41.87231,-87.8044685,ok,(UNK),1,374,2019,,99,99,50000 and OVER,9,4295,Oak Park,C,Urban Other Principal Arte,6,16,31,10389335,1,Cook,0,19,,,4,N,No,Stopped,201901183720,City,1,25.52,Y,,,,(UNK),81052,(N/A),(UNK),Unknown,99,1,Other Principal Arterial (PAS),3,5043,U190275841,Not Toll,73,3,4,Four Way,14,2939941.03888933,1904847.64300851,41.87230217719439,-87.8045,,Urban,1,N,(N/A),N,(N/A)
2019,2019-01-09,Wednesday,14,02:05 PM,Property Damage,No Injuries,0,0,0,0,0,2,Angle,15,N,N,Disregarding Traffic Signals,(N/A),Daylight,Clear,Dry,Y,,,,,Traffic Signal,Functioning Properly,N,2,41.8832478,-87.8048562,ok,(UNK),1,86,2019,,25,99,50000 and OVER,9,4295,Oak Park,C,Urban Other Principal Arte,0,16,9,10389344,1,Cook,0,19,,,3,N,No,(UNK),201901151589,City,1,26.27,Y,,,,(UNK),81114,(N/A),(UNK),No Defects,1,1,Other Principal Arterial (PAS),3,5043,U190116455,Not Toll,73,3,4,Four Way,14,2939725.6828354,1908830.67110897,41.88323999274575,-87.8049,,Urban,1,N,(N/A),Y,(N/A)
2019,2019-01-10,Thursday,00,00:55 AM,Property Damage,No Injuries,0,0,0,0,0,7,Turning,10,N,N,Distraction - From Inside Vehicle,Driving Skills/Knowledge/Experience,Darkness / Lighted Road,Clear,Dry,Y,,,,,Traffic Signal,Functioning Properly,N,2,41.8736416,-87.8045258,ok,Partial Access Control,1,91,2019,,41,15,50000 and OVER,9,4295,Oak Park,C,Urban InterState (PAS),6,16,10,10389347,1,Cook,0,19,,,4,N,No,Slow,201901154018,City,5,25.61,Y,,,,(UNK),81116,(N/A),(UNK),No Defects,1,1,InterState (PAS),1,5043,U190116341,Not Toll,73,3,4,Four Way,14,2939912.062394,1905332.46992192,41.873633772562904,-87.8045,,Urban,1,N,(N/A),Y,(N/A)
2019,2019-01-04,Friday,18,06:40 PM,Property Damage,No Injuries,0,0,0,0,0,2,Sideswipe Same Direction,12,N,N,(N/A),(N/A),Darkness / Lighted Road,Cloudy/Overcast,Dry,N,,,,,No Controls,No Controls,N,2,41.875652,-87.8045861,ok,(UNK),1,43,2019,,99,99,50000 and OVER,9,4295,Oak Park,C,Urban Other Principal Arte,6,16,4,10389351,1,Cook,0,19,,,5,N,No,(UNK),201901145797,City,5,25.75,Y,,,,(UNK),81118,(N/A),(UNK),No Defects,1,1,Other Principal Arterial (PAS),3,5043,U190116452,Not Toll,73,1,1,Not Divided,1,2939875.46922281,1906064.62934129,41.87564413448799,-87.8046,,Urban,8,N,(N/A),Y,(N/A)
2019,2019-01-06,Sunday,20,08:28 PM,Property Damage,No Injuries,0,0,0,0,0,2,Front to Rear,11,N,N,(N/A),(N/A),Darkness / Lighted Road,Clear,Dry,N,,,,,Traffic Signal,Functioning Properly,Y,2,41.8721737,-87.8044607,ok,(UNK),1,58,2019,,99,99,50000 and OVER,9,4295,Oak Park,C,Urban Other Principal Arte,6,16,6,10389353,1,Cook,0,19,,,7,N,No,Stopped,201901147753,City,5,25.51,Y,,,,(UNK),81119,(N/A),(UNK),Debris On Roadway,9,1,Other Principal Arterial (PAS),3,5043,U190116454,Not Toll,73,3,4,Two-way Continuous Left-Tur,4,2939944.528458,1904798.01431534,41.87216583058748,-87.8045,,Urban,1,N,(N/A),N,(N/A)
2019,2019-04-20,Saturday,10,10:10 AM,Property Damage,No Injuries,0,0,0,0,0,2,Front to Rear,11,N,N,Improper Lane Usage,Improper Overtaking/Passing,Daylight,Clear,Dry,N,,,,,Lane Use Marking,Functioning Properly,N,2,41.8715528,-87.7827998,ok,Partial Access Control,3,03-19-05759,2019,1,20,4,50000 and OVER,9,4295,Oak Park,C,Urban InterState (PAS),0,16,20,10390688,4,Cook,0,19,,,6,N,(UNK),(UNK),201901121632,ISP,1,22.66,Y,,,,6,81208,(N/A),Straight and Level,No Defects,1,1,InterState (PAS),1,9290,X001521209,Not Toll,,12,4,Divided With Median Barrier,3,2945850.64818449,1904734.96692634,41.871545,-87.7828,,Urban,1,N,(N/A),Y,(N/A)