crash_year,crash_date,day_of_week,crash_hour,time_of_crash,crash_severity,crash_injury_severity,total_injured,total_fatals,a_injuries,b_injuries,c_injuries,no_injuries,type_of_first_crash,collision_type_code,pedestrian_involved,pedalcyclist_involved,cause1,cause2,lighting_cond,weather_cond,road_surface_cond,intersection_related,is_intersection,highway_or_street_name,at_intersection_with,address_no,traffic_control_device,traffic_control_device_cond,hit_and_run,number_of_vehicles,latitude,longitude,location_status,access_control,agency_code,agency_report_number,agency_report_year,alignment_code,cause1_code,cause2_code,city_class,city_class_code,city_code,city_name,city_township_flag,class_of_trafficway,class_of_trafficway_code,county_code,crash_day,crash_id,crash_month,crash_report_county,crash_severity_cd,crash_yr_source,damaged_property1,damaged_property2,day_of_week_code,did_crash_occur_in_work_zone,did_involve_secondary_crash,flow_condition,icn,investigating_agency_descrip,light_condition_code,mile_station,nhs,non_intersection_direction,non_intersection_distance,non_intersection_units,number_of_lanes,objectid,railroad_crossing_number,road_alignment,road_defects,road_defects_code,road_surface_condition_code,roadway_functional_class,roadway_functional_class_code,route_number,sfe,toll,township,traffic_control_device_code,traffic_control_device_cond_code,trafficway_descrip,trafficway_description_code,ts_crash_coordinate_x,ts_crash_coordinate_y,ts_crash_latitude,ts_crash_longitude,type_report,urban_rural,weather_code,were_workers_present,work_zone,work_zone_related,work_zone_type
2019,2019-04-20,Saturday,12,12:30 PM,Property Damage,No Injuries,0,0,0,0,0,3,Front to Rear,11,N,N,Following Too Closely,Failing to Reduce Speed to Avoid Crash,Daylight,Clear,Dry,N,,,,,Lane Use Marking,Functioning Properly,N,2,41.8713405,-87.7761519,ok,Partial Access Control,3,03-19-05763,2019,1,3,28,50000 and OVER,9,4295,Oak Park,C,Urban InterState (PAS),0,16,20,10390705,4,Cook,0,19,,,6,N,(UNK),(UNK),201901121635,ISP,1,23,Y,,,,3,81367,(N/A),Straight and Level,No Defects,1,1,InterState (PAS),1,9290,X001521212,Not Toll,73,12,4,Divided With Median Barrier,3,2947663.53996212,1904707.98113547,41.87133268802552,-87.7761,,Urban,1,N,(N/A),Y,(N/A)
2019,2019-04-13,Saturday,09,09:52 AM,Property Damage,No Injuries,0,0,0,0,0,2,Sideswipe Same Direction,12,N,N,Improper Lane Usage,Failing to Yield Right of Way,Daylight,Clear,Dry,N,,,,,Lane Use Marking,Functioning Properly,Y,2,41.8737242,-87.8039288,ok,Partial Access Control,3,03-19-05316,2019,1,20,2,50000 and OVER,9,4295,Oak Park,C,Urban InterState (PAS),0,16,13,10389748,4,Cook,0,19,,,6,N,(UNK),(UNK),201901121517,ISP,1,21.61,Y,,,,3,81382,(N/A),Straight and Level,No Defects,1,1,InterState (PAS),1,9290,X001521096,Not Toll,73,12,4,Divided With Median Barrier,3,2940073.82352941,1905367.03654189,41.87371634052844,-87.8039,,Urban,1,N,(N/A),Y,(N/A)
2019,2019-03-31,Sunday,13,01:58 PM,Property Damage,No Injuries,0,0,0,0,0,5,Sideswipe Same Direction,12,N,N,Failing to Reduce Speed to Avoid Crash,Failing to Reduce Speed to Avoid Crash,Daylight,Clear,Dry,N,,,,,No Controls,No Controls,N,3,41.8867115,-87.8049543,ok,N,1,,,4,28,28,50000 and OVER,9,4295,Oak Park,C,Urban Other Principal Arte,6,16,31,10392054,3,Cook,O,19,City,0,7,996,(UNK),(N/A),201901245650,No Me,1,26.51,Y,,,,4,82177,(N/A),Curve,No Defects,1,1,Divided,3,5043,2019,Yes,73,1,1,Level,2,2939664.22266659,1910092.17103243,41.88670369168227,-87.8049,,Slow,1,N,(N/A),Y,U190116375
2019,2019-04-25,Thursday,01,01:00 AM,Injury,A Injury Crash,2,0,1,1,0,1,Front to Rear,11,N,N,Following Too Closely,Failing to Reduce Speed to Avoid Crash,Daylight,Clear,Dry,N,,,,,Lane Use Marking,Functioning Properly,N,3,41.8713228,-87.7774003,ok,Partial Access Control,3,03-19-06013,2019,1,3,28,50000 and OVER,9,4295,Oak Park,C,Urban InterState (PAS),0,16,25,10396074,4,Cook,3,19,,,4,N,(UNK),(UNK),201901123368,ISP,1,0.09,Y,,,,3,84733,(N/A),Straight and Level,No Defects,1,1,InterState (PAS),1,290,X001522889,Not Toll,73,12,4,Divided With Median Barrier,3,2947323.66148678,1904692.04996308,41.87131496623097,-87.7774,,Urban,1,N,(N/A),Y,(N/A)
2019,2019-04-25,Thursday,09,09:30 AM,Property Damage,No Injuries,0,0,0,0,0,3,Front to Rear,11,N,N,Failing to Reduce Speed to Avoid Crash,Following Too Closely,Daylight,Clear,Dry,N,,,,,Lane Use Marking,Functioning Properly,Y,3,41.8737776,-87.8045294,ok,(UNK),3,03-19-06002,2019,1,28,3,50000 and OVER,9,4295,Oak Park,C,Urban (UNK),0,16,25,10396077,4,Cook,0,19,,,4,N,(UNK),(UNK),201901123371,ISP,1,21.58,N,,,,3,84736,(N/A),Straight and Level,No Defects,1,1,(UNK),0,9290,X001522892,No Toll,73,12,4,Divided With Median Barrier,3,2939909.72642309,1905381.99571414,41.87376974988769,-87.8045,,Urban,1,N,(N/A),Y,(N/A)
2019,2019-01-04,Friday,15,03:05 PM,Property Damage,No Injuries,0,0,0,0,0,2,Front to Rear,11,N,N,(N/A),(N/A),Daylight,Clear,Dry,N,,,,,No Controls,No Controls,N,2,41.8928447,-87.8051803,ok,(UNK),1,00038,19,,99,99,50000 and OVER,9,4295,Oak Park,C,Urban Other Principal Arte,6,16,4,10397092,1,Cook,0,19,,,5,N,No,(UNK),201901127050,City,1,26.94,Y,,,,(UNK),85172,(N/A),(UNK),Unknown,99,1,Other Principal Arterial (PAS),3,5043,U190116451,Not Toll,73,1,1,Not Divided,1,2939541.12155327,1912325.499256,41.892836813537,-87.8052,,Urban,1,N,(N/A),N,(N/A)
2019,2019-01-29,Tuesday,14,02:54 PM,Property Damage,No Injuries,0,0,0,0,0,2,Sideswipe Same Direction,12,N,N,(N/A),(N/A),Daylight,Snow,Snow or Slush,N,,,,,Other,Functioning Properly,Y,2,41.8676405,-87.8043003,ok,(UNK),1,00367,19,,99,99,50000 and OVER,9,4295,Oak Park,C,Urban Other Principal Arte,6,16,29,10397096,1,Cook,0,19,,,2,N,(UNK),(UNK),201901127112,City,1,25.19,Y,,,,(UNK),85229,(N/A),(UNK),No Defects,1,3,Other Principal Arterial (PAS),3,5043,U190275824,Not Toll,73,13,4,Not Divided,1,2940033.68756631,1903147.23737821,41.867632625038226,-87.8043,,Urban,3,N,(N/A),Y,(N/A)
2019,2019-04-07,Sunday,20,08:46 PM,Property Damage,No Injuries,0,0,0,0,0,2,Sideswipe Opposite Direction,13,N,N,Operating Vehicle In Reckless Manner,(N/A),Darkness / Lighted Road,Clear,Wet,Y,,,,,Traffic Signal,Functioning Properly,Y,2,41.8813878,-87.8047858,ok,(N/A),1,2019,,,50,99,50000 and OVER,9,4295,Oak Park,C,Urban Other Principal Arte,6,16,7,10397891,4,Cook,C,19,0,,7,X001523461,Free Flow,(UNK),201901124341,Other,5,26.14,Y,,,,(UNK),86946,(N/A),(UNK),No Defects,1,2,No Median Barrier,3,5043,19-01072,Urban,73,3,4,Divided,2,2939763.52364909,1908153.38389951,41.881379999600746,-87.8048,,No,1,(N/A),N,Y,N
2019,2019-03-18,Monday,06,06:30 AM,Property Damage,No Injuries,0,0,0,0,0,2,Sideswipe Same Direction,12,N,N,Improper Lane Usage,Driving Skills/Knowledge/Experience,Dusk,Clear,Dry,N,,,,,Lane Use Marking,No Controls,N,2,41.8734501,-87.8039261,ok,Partial Access Control,3,03-19-04025,2019,1,20,15,50000 and OVER,9,4295,Oak Park,C,Urban InterState (PAS),0,16,18,10400552,3,Cook,0,19,,,1,N,(UNK),(UNK),201901126334,ISP,3,7.73,Y,,,,8,87738,(N/A),Straight and Level,No Defects,1,1,InterState (PAS),1,290,X001525246,Not Toll,73,12,1,Divided With Median Barrier,3,2940077.33598384,1905267.17950256,41.87344226488901,-87.8039,,Urban,1,N,(N/A),Y,(N/A)
2019,2019-03-26,Tuesday,01,01:50 AM,Injury,B Injury Crash,1,0,0,1,0,0,Fixed Object,6,N,N,Improper Lane Usage,Driving Skills/Knowledge/Experience,Daylight,Clear,Dry,N,,,,,Lane Use Marking,No Controls,N,1,41.8737769,-87.8045294,ok,(UNK),3,03-19-04391,2019,1,20,15,50000 and OVER,9,4295,Oak Park,C,Urban Other Principal Arte,0,16,26,10400555,3,Cook,2,19,,,2,N,(UNK),(UNK),201901126336,ISP,1,20.08,Y,,,,6,87739,(N/A),Straight and Level,No Defects,1,1,Other Principal Arterial (PAS),3,348,X001525248,Not Toll,73,12,1,Divided With Median Barrier,3,2939909.73859796,1905381.73760735,41.87376904123323,-87.8045,,Urban,1,N,(N/A),Y,(N/A)
2019,2019-04-26,Friday,07,07:55 AM,Property Damage,No Injuries,0,0,0,0,0,2,Front to Rear,11,N,N,Following Too Closely,Failing to Reduce Speed to Avoid Crash,Daylight,Clear,Dry,N,,,,,Lane Use Marking,Functioning Properly,N,2,41.8723428,-87.7887925,ok,Partial Access Control,3,03-19-06056,2019,1,3,28,50000 and OVER,9,4295,Oak Park,C,Urban InterState (PAS),0,16,26,10402374,4,Cook,0,19,,,5,N,(UNK),(UNK),201901128017,ISP,1,22.35,Y,,,,8,88382,(N/A),Straight and Level,No Defects,1,1,InterState (PAS),1,9290,X001526801,Not Toll,73,12,4,Divided With Median Barrier,3,2944210.39078603,1904977.55900384,41.87233500268285,-87.7888,,Urban,1,N,(N/A),Y,(N/A)
2019,2019-04-30,Tuesday,00,00:00 AM,Property Damage,No Injuries,0,0,0,0,0,4,Fixed Object,6,N,N,Improper Lane Usage,(N/A),Darkness / Lighted Road,Clear,Dry,N,,,,,Lane Use Marking,Functioning Properly,N,1,41.8735079,-87.8045198,ok,Partial Access Control,3,03-19-06256,2019,1,20,99,50000 and OVER,9,4295,Oak Park,C,Urban InterState (PAS),0,16,30,10402231,4,Cook,0,19,,,2,Y,(UNK),(UNK),201901127946,ISP,5,21.58,Y,,,,6,89731,(N/A),Straight and Level,No Defects,1,1,InterState (PAS),1,9290,X001526733,Not Toll,73,12,4,Not Divided,1,2939915.04139067,1905283.80433685,41.87350010539644,-87.8045,,Urban,1,Y,Construction,Y,Construction Work Zone
2019,2019-05-01,Wednesday,07,07:31 AM,Property Damage,No Injuries,0,0,0,0,0,2,Front to Rear,11,N,N,Following Too Closely,Failing to Reduce Speed to Avoid Crash,Daylight,Rain,Wet,N,,,,,Lane Use Marking,Functioning Properly,N,2,41.8712968,-87.7798398,ok,Partial Access Control,3,03-19-06329,2019,1,3,28,50000 and OVER,9,4295,Oak Park,C,Urban InterState (PAS),0,16,1,10406790,5,Cook,0,19,,,3,N,(UNK),(UNK),201901130697,ISP,1,22.81,Y,,,,6,91457,(N/A),Straight and Level,No Defects,1,2,InterState (PAS),1,9290,X001529132,Not Toll,,12,4,Divided With Median Barrier,3,2946659.47553419,1904664.09243445,41.871289,-87.7798,,Urban,2,N,(N/A),Y,(N/A)
2019,2019-05-01,Wednesday,17,05:40 PM,Property Damage,No Injuries,0,0,0,0,0,2,Front to Rear,11,N,N,Following Too Closely,Failing to Reduce Speed to Avoid Crash,Daylight,Clear,Dry,N,,,,,Lane Use Marking,Functioning Properly,N,2,41.8715214,-87.7790503,ok,(UNK),3,03-19-06353,2019,1,3,28,50000 and OVER,9,4295,Oak Park,C,Urban (UNK),0,16,1,10406437,5,Cook,0,19,,,3,N,(UNK),(UNK),201901130397,ISP,1,22.85,N,,,,6,91607,(N/A),Straight and Level,No Defects,1,1,(UNK),0,9290,X001528830,No Toll,73,12,4,Divided With Median Barrier,3,2946872.25051554,1904751.90711614,41.87151355236494,-87.779,,Urban,1,N,(N/A),Y,(N/A)
2019,2019-05-04,Saturday,14,02:04 PM,Property Damage,No Injuries,0,0,0,0,0,1,Fixed Object,6,N,N,Driving Skills/Knowledge/Experience,Failing to Reduce Speed to Avoid Crash,Daylight,Clear,Dry,N,,,,,No Controls,No Controls,N,1,41.8699214,-87.8043844,ok,(UNK),1,19-01379,2019,,15,28,50000 and OVER,9,4295,Oak Park,C,Urban Other Principal Arte,0,16,4,10410438,5,Cook,0,19,UTILITY POLE,,6,N,No,Free Flow,201901133468,City,1,20.35,Y,,,,(UNK),93999,(N/A),(UNK),No Defects,1,1,Other Principal Arterial (PAS),3,348,X001531750,Not Toll,73,1,1,Alley,12,2939987.90330774,1903977.82848408,41.86991358490246,-87.8044,,Urban,1,N,(N/A),Y,(N/A)
2019,2019-05-04,Saturday,15,03:05 PM,Injury,C Injury Crash,2,0,0,0,2,0,Turning,10,N,N,Failing to Yield Right of Way,Unable to Determine,Daylight,Clear,Dry,Y,,,,,No Controls,No Controls,N,2,41.87049,-87.8044007,ok,(N/A),1,2019,,,2,18,50000 and OVER,9,4295,Oak Park,C,Urban Other Principal Arte,6,16,4,10410439,5,Cook,C,19,1,,6,X001531751,Free Flow,(UNK),201901133469,Other,1,25.39,Y,,,,(UNK),94088,(N/A),(UNK),No Defects,1,1,No Median Barrier,3,5043,19-01380,Urban,73,1,1,Divided,2,2939977.7560656,1904184.92139637,41.87048220524031,-87.8044,,No,1,(N/A),N,Y,N
2019,2019-04-28,Sunday,22,10:17 PM,Property Damage,No Injuries,0,0,0,0,0,1,Fixed Object,6,N,N,Failing to Reduce Speed to Avoid Crash,Driving Skills/Knowledge/Experience,Darkness,Clear,Dry,N,,,,,Lane Use Marking,Functioning Properly,Y,1,41.8710726,-87.7763709,ok,Partial Access Control,3,03-19-06205,2019,1,28,15,50000 and OVER,9,4295,Oak Park,C,Urban InterState (PAS),0,16,28,10411939,4,Cook,0,19,,,7,N,(UNK),(UNK),201901134892,ISP,4,22.99,Y,,,,6,95074,(N/A),Straight and Level,No Defects,1,1,InterState (PAS),1,9290,X001533150,Not Toll,73,12,4,Divided With Median Barrier,3,2947606.59494351,1904608.69001487,41.871064785331065,-87.7764,,Urban,1,N,(N/A),Y,(N/A)
2019,2019-05-05,Sunday,17,05:29 PM,Property Damage,No Injuries,0,0,0,0,0,3,Sideswipe Same Direction,12,N,N,Improper Lane Usage,Improper Overtaking/Passing,Daylight,Clear,Dry,N,,,,,Lane Use Marking,Functioning Properly,Y,2,41.8732406,-87.7992465,ok,(UNK),3,03-19-06585,2019,1,20,4,50000 and OVER,9,4295,Oak Park,C,Urban (UNK),0,16,5,10414937,5,Cook,0,19,,,7,N,(UNK),(UNK),201901136624,ISP,1,0.03,N,,,,6,96338,(N/A),Straight and Level,No Defects,1,1,(UNK),0,290,X001534853,No Toll,73,12,4,Divided With Median Barrier,3,2941354.00091401,1905225.97958562,41.873232786142054,-87.7992,,Urban,1,N,(N/A),Y,(N/A)
2019,2019-05-06,Monday,14,02:15 PM,Property Damage,No Injuries,0,0,0,0,0,2,Sideswipe Same Direction,12,N,N,Unable to Determine,Driving Skills/Knowledge/Experience,Daylight,Cloudy/Overcast,Dry,N,,,,,No Controls,No Controls,Y,2,41.8754485,-87.8045802,ok,(N/A),1,2019,,,18,15,50000 and OVER,9,4295,Oak Park,C,Urban Other Principal Arte,0,16,6,10413709,5,Cook,C,19,0,,1,X001533725,Free Flow,(UNK),201901135465,Other,1,19.97,Y,,,,(UNK),96924,(N/A),(UNK),No Defects,1,1,No Median Barrier,3,348,19-01411,Urban,73,1,1,Divided,2,2939879.12071409,1905990.53744035,41.875440697011676,-87.8046,,No,8,(N/A),N,Y,N
2019,2019-05-07,Tuesday,08,08:50 AM,Property Damage,No Injuries,0,0,0,0,0,2,Front to Rear,11,N,N,Following Too Closely,Failing to Reduce Speed to Avoid Crash,Daylight,Clear,Wet,N,,,,,Lane Use Marking,Functioning Properly,N,2,41.8737771,-87.8045294,ok,(UNK),3,03-19-06672,2019,1,3,28,50000 and OVER,9,4295,Oak Park,C,Urban (UNK),0,16,7,10416682,5,Cook,0,19,,,2,N,(UNK),(UNK),201901138283,ISP,1,21.58,N,,,,6,98297,(N/A),Straight and Level,No Defects,1,2,(UNK),0,9290,X001536496,No Toll,73,12,4,Divided With Median Barrier,3,2939909.73444104,1905381.82573971,41.87376928320821,-87.8045,,Urban,1,N,(N/A),Y,(N/A)
2019,2019-05-08,Wednesday,07,07:45 AM,Property Damage,No Injuries,0,0,0,0,0,2,Front to Rear,11,N,N,Following Too Closely,Failing to Reduce Speed to Avoid Crash,Daylight,Clear,Dry,N,,,,,Lane Use Marking,Functioning Properly,N,2,41.8715219,-87.7790456,ok,Partial Access Control,3,03-19-06726,2019,1,3,28,50000 and OVER,9,4295,Oak Park,C,Urban InterState (PAS),0,16,8,10416684,5,Cook,0,19,,,3,N,(UNK),(UNK),201901138286,ISP,1,22.85,Y,,,,6,98347,(N/A),Straight and Level,No Defects,1,1,InterState (PAS),1,9290,X001536498,Not Toll,73,12,4,Divided With Median Barrier,3,2946873.50534759,1904752.12566845,41.87151405587256,-87.779,,Urban,1,N,(N/A),Y,(N/A)
2019,2019-04-26,Friday,11,11:15 AM,Property Damage,No Injuries,0,0,0,0,0,2,Turning,10,N,N,Failing to Yield Right of Way,(N/A),Daylight,Clear,Dry,N,,,,,Unknown,Functioning Properly,N,2,41.8650289,-87.8042158,ok,(N/A),1,2019,,,2,99,50000 and OVER,9,4295,Oak Park,C,Urban Other Principal Arte,6,16,26,10417639,4,Cook,C,19,0,,5,U190196846,Free Flow,(UNK),201901270998,Other,1,25.01,Y,,,,(UNK),98358,(N/A),(UNK),No Defects,1,1,No Median Barrier,3,5043,4113,Urban,52,99,4,Divided,2,2940082.91174427,1902196.16542176,41.86502104281143,-87.8042,,No,1,(N/A),N,Y,N
2019,2019-05-04,Saturday,14,02:36 PM,Injury,B Injury Crash,1,0,0,1,0,5,Front to Rear,11,N,N,Failing to Reduce Speed to Avoid Crash,(N/A),Daylight,Clear,Dry,N,,,,,Lane Use Marking,Functioning Properly,N,3,41.8716269,-87.78055,ok,Partial Access Control,3,03-19-06514,2019,1,28,99,50000 and OVER,9,4295,Oak Park,C,Urban InterState (PAS),0,16,4,10416307,5,Cook,2,19,,,6,N,(UNK),(UNK),201901137912,ISP,1,22.77,Y,,,,3,98377,(N/A),Straight and Level,No Defects,1,1,InterState (PAS),1,9290,X001536136,Not Toll,73,12,4,Divided With Median Barrier,3,2946462.68449198,1904778.97593583,41.871619019001216,-87.7805,,Urban,1,N,(N/A),Y,(N/A)
2019,2019-05-11,Saturday,06,06:30 AM,Property Damage,No Injuries,0,0,0,0,0,3,Front to Rear,11,N,N,Following Too Closely,Failing to Reduce Speed to Avoid Crash,Daylight,Clear,Dry,N,,,,,Lane Use Marking,Functioning Properly,N,2,41.8721728,-87.7907278,ok,Partial Access Control,3,03-19-06903,2019,1,3,28,50000 and OVER,9,4295,Oak Park,C,Urban InterState (PAS),0,16,11,10421784,5,Cook,0,19,,,6,N,(UNK),(UNK),201901142334,ISP,1,22.24,Y,,,,6,101934,(N/A),Straight and Level,No Defects,1,1,InterState (PAS),1,9290,X001540278,Not Toll,,12,4,Divided With Median Barrier,3,2943684.99784962,1904901.00318461,41.872165,-87.7907,,Urban,1,N,(N/A),Y,(N/A)
2019,2019-05-13,Monday,22,10:13 PM,Property Damage,No Injuries,0,0,0,0,0,5,Sideswipe Same Direction,12,N,N,Improper Lane Usage,Exceeding Safe Speed For Conditions,Darkness / Lighted Road,Clear,Dry,N,,,,,No Controls,No Controls,N,2,41.8809465,-87.8047654,ok,(N/A),1,2019,,1,20,27,50000 and OVER,9,4295,Oak Park,C,Urban Other Principal Arte,0,16,13,10423321,5,Cook,C,19,0,,1,X001541347,(UNK),(UNK),201901143551,Other,5,19.59,Y,,,,5,102210,(N/A),Straight and Level,No Defects,1,1,No Median Barrier,3,348,19-01476,Urban,73,1,1,Divided,2,2939773.49536813,1907992.71009246,41.880938675609855,-87.8048,,(UNK),1,(N/A),N,Y,N
2019,2019-05-11,Saturday,23,11:45 PM,Property Damage,No Injuries,0,0,0,0,0,2,Sideswipe Same Direction,12,N,N,Improper Lane Usage,Under Influence of Alcohol/Drugs,Darkness / Lighted Road,Clear,Dry,N,,,,,Lane Use Marking,Functioning Properly,Y,2,41.8712421,-87.7746504,ok,Partial Access Control,3,03-19-06892,2019,1,20,8,50000 and OVER,9,4295,Oak Park,C,Urban InterState (PAS),0,16,11,10423324,5,Cook,0,19,,,6,N,(UNK),(UNK),201901143554,ISP,5,23.07,Y,,,,6,102271,(N/A),Straight and Level,No Defects,1,1,InterState (PAS),1,9290,X001541350,Not Toll,73,12,4,Divided With Median Barrier,3,2948073.5,1904683.5,41.87123422947856,-87.7746,,Urban,1,N,(N/A),Y,(N/A)
2019,2019-05-12,Sunday,15,03:55 PM,Property Damage,No Injuries,0,0,0,0,0,5,Front to Rear,11,N,N,Failing to Reduce Speed to Avoid Crash,(N/A),Daylight,Cloudy/Overcast,Dry,N,,,,,Lane Use Marking,Functioning Properly,N,2,41.8722351,-87.787639,ok,Partial Access Control,3,03-19-06977,2019,1,28,99,50000 and OVER,9,4295,Oak Park,C,Urban InterState (PAS),0,16,12,10424364,5,Cook,0,19,,,7,N,(UNK),(UNK),201901144580,ISP,1,22.41,Y,,,,3,102616,(N/A),Straight and Level,No Defects,1,1,InterState (PAS),1,9290,X001542037,Not Toll,73,12,4,Divided With Median Barrier,3,2944525.68235647,1904946.99228272,41.87222722071928,-87.7876,,Urban,8,N,(N/A),Y,(N/A)
2019,2019-05-11,Saturday,14,02:50 PM,Property Damage,No Injuries,0,0,0,0,0,2,Front to Rear,11,N,N,Following Too Closely,Failing to Reduce Speed to Avoid Crash,Daylight,Rain,Wet,N,,,,,Lane Use Marking,Functioning Properly,N,2,41.871514,-87.7789314,ok,Partial Access Control,3,03-19-06927,2019,1,3,28,50000 and OVER,9,4295,Oak Park,C,Urban InterState (PAS),0,16,11,10426763,5,Cook,0,19,,,6,N,(UNK),(UNK),201901147038,ISP,1,22.86,Y,,,,6,103591,(N/A),Straight and Level,No Defects,1,2,InterState (PAS),1,9290,X001544133,Not Toll,73,12,4,Divided With Median Barrier,3,2946904.69340464,1904750.09714795,41.87150611367057,-87.7789,,Urban,2,N,(N/A),Y,(N/A)
2019,2019-04-28,Sunday,17,05:45 PM,Property Damage,No Injuries,0,0,0,0,0,2,Front to Rear,11,N,N,Failing to Reduce Speed to Avoid Crash,Following Too Closely,Daylight,Clear,Dry,N,,,,,Lane Use Marking,Functioning Properly,N,2,41.8734088,-87.8036918,ok,Partial Access Control,3,03-19-07076,2019,1,28,3,50000 and OVER,9,4295,Oak Park,C,Urban InterState (PAS),0,16,28,10427756,4,Cook,0,19,,,7,N,(UNK),(UNK),201901148019,ISP,1,21.62,Y,,,,6,103992,(N/A),Straight and Level,No Defects,1,1,InterState (PAS),1,9290,X001544956,Not Toll,,12,4,Divided With Median Barrier,3,2940141.55258649,1905253.89947616,41.873401,-87.8037,,Urban,1,N,(N/A),Y,(N/A)
2019,2019-05-12,Sunday,10,10:20 AM,Property Damage,No Injuries,0,0,0,0,0,2,Sideswipe Same Direction,12,N,N,Failing to Yield Right of Way,Improper Lane Usage,Daylight,Clear,Dry,N,,,,,Lane Use Marking,Functioning Properly,N,2,41.8726357,-87.7939989,ok,(UNK),3,03-19-06964,2019,1,2,20,50000 and OVER,9,4295,Oak Park,C,Urban (UNK),0,16,12,10425900,5,Cook,0,19,,,7,N,(UNK),(UNK),201901146256,ISP,1,6.64,N,,,,3,104009,(N/A),Straight and Level,No Defects,1,1,(UNK),0,2775,X001543354,No Toll,73,12,4,Divided With Median Barrier,3,2942789.37846832,1905045.00956432,41.87262783241078,-87.794,,Urban,1,N,(N/A),Y,(N/A)
2019,2019-05-19,Sunday,22,10:30 PM,Injury,C Injury Crash,2,0,0,0,2,2,Turning,10,N,N,Improper Lane Usage,Failing to Yield Right of Way,Darkness / Lighted Road,Clear,Dry,N,,,,,Traffic Signal,Functioning Properly,N,2,41.8652768,-87.8042233,ok,(N/A),1,2019,,,20,2,50000 and OVER,9,4295,Oak Park,C,Urban Other Principal Arte,0,16,19,10430625,5,Cook,C,19,1,,7,X001547620,Stopped,(UNK),201901151084,Other,5,20.67,Y,,,,(UNK),105492,(N/A),(UNK),No Defects,1,1,No Median Barrier,3,348,19-01551,Urban,73,3,4,Divided,2,2940078.3781024,1902286.44731618,41.865268940613376,-87.8042,,No,1,(N/A),N,Y,N
2019,2019-05-14,Tuesday,17,05:45 PM,Property Damage,No Injuries,0,0,0,0,0,5,Front to Rear,11,N,N,Following Too Closely,Failing to Reduce Speed to Avoid Crash,Daylight,Clear,Dry,N,,,,,Lane Use Marking,Functioning Properly,N,4,41.8719481,-87.7841933,ok,(UNK),3,03-19-07092,2019,1,3,28,50000 and OVER,9,4295,Oak Park,C,Urban (UNK),0,16,14,10430142,5,Cook,0,19,,,2,N,(UNK),(UNK),201901150566,ISP,1,22.59,N,,,,6,105506,(N/A),Straight and Level,No Defects,1,1,(UNK),0,9290,X001547145,No Toll,73,12,4,Divided With Median Barrier,3,2945467.10294154,1904868.47474124,41.87194029155826,-87.7842,,Urban,1,N,(N/A),Y,(N/A)
2019,2019-05-18,Saturday,04,04:00 AM,Property Damage,No Injuries,0,0,0,0,0,2,Sideswipe Same Direction,12,N,N,Improper Lane Usage,Failing to Reduce Speed to Avoid Crash,Darkness / Lighted Road,Clear,Dry,N,,,,,Lane Use Marking,Functioning Properly,Y,2,41.8724958,-87.7940303,ok,Partial Access Control,3,03-19-07266,2019,1,20,28,50000 and OVER,9,4295,Oak Park,C,Urban InterState (PAS),0,16,18,10430651,5,Cook,0,19,,,6,N,(UNK),(UNK),201901151113,ISP,5,22.07,Y,,,,6,105642,(N/A),Straight and Level,No Defects,1,1,InterState (PAS),1,9290,X001547646,Not Toll,73,12,4,Divided With Median Barrier,3,2942782.2313395,1904993.80618035,41.872487974491285,-87.794,,Urban,1,N,(N/A),Y,(N/A)
2019,2019-04-28,Sunday,09,09:44 AM,Injury,B Injury Crash,1,0,0,1,0,1,Front to Rear,11,N,N,Failing to Reduce Speed to Avoid Crash,Driving Skills/Knowledge/Experience,Daylight,Clear,Dry,N,,,,,No Controls,No Controls,N,2,41.8756521,-87.8045861,ok,(UNK),1,19-1435,2019,,28,15,50000 and OVER,9,4295,Oak Park,C,Urban Other Principal Arte,0,16,28,10429368,4,Cook,2,19,,,7,N,No,Slow,201901149729,City,1,19.95,Y,,,,(UNK),105997,(N/A),(UNK),No Defects,1,1,Other Principal Arterial (PAS),3,348,X001546407,Not Toll,73,1,1,Not Divided,1,2939875.46715856,1906064.6712268,41.875644249494925,-87.8046,,Urban,1,N,(N/A),Y,(N/A)
2019,2019-04-25,Thursday,02,02:41 AM,Injury,B Injury Crash,2,0,0,2,0,1,Other Object,7,N,N,Improper Lane Usage,(N/A),Darkness / Lighted Road,Clear,Dry,N,,,,,Lane Use Marking,Functioning Properly,Y,2,41.8716693,-87.7841799,ok,Partial Access Control,3,03-19-05988,2019,1,20,99,50000 and OVER,9,4295,Oak Park,C,Urban InterState (PAS),0,16,25,10432662,4,Cook,2,19,,,4,Y,(UNK),(UNK),201901153159,ISP,5,22.59,Y,,,,8,107193,(N/A),Straight and Level,No Defects,1,1,InterState (PAS),1,9290,X001549040,Not Toll,73,12,4,Divided With Median Barrier,3,2945473.56012926,1904766.96711592,41.871661467428865,-87.7842,,Urban,1,N,Construction,Y,Construction Work Zone
2019,2019-05-14,Tuesday,07,07:30 AM,Property Damage,No Injuries,0,0,0,0,0,3,Front to Rear,11,N,N,Failing to Reduce Speed to Avoid Crash,Unable to Determine,Daylight,Clear,Dry,N,,,,,No Controls,No Controls,N,3,41.8756264,-87.8045854,ok,(UNK),1,19-1478,2019,,28,18,50000 and OVER,9,4295,Oak Park,C,Urban Other Principal Arte,0,16,14,10433489,5,Cook,0,19,,,2,N,No,Slow,201901154264,City,1,19.95,Y,,,,(UNK),109551,(N/A),(UNK),No Defects,1,1,Other Principal Arterial (PAS),3,348,X001549799,Not Toll,73,1,1,Not Divided,1,2939875.92760632,1906055.32834541,41.87561859632416,-87.8046,,Urban,1,N,(N/A),Y,(N/A)