crash_year,crash_date,day_of_week,crash_hour,time_of_crash,crash_severity,crash_injury_severity,total_injured,total_fatals,a_injuries,b_injuries,c_injuries,no_injuries,type_of_first_crash,collision_type_code,pedestrian_involved,pedalcyclist_involved,cause1,cause2,lighting_cond,weather_cond,road_surface_cond,intersection_related,is_intersection,highway_or_street_name,at_intersection_with,address_no,traffic_control_device,traffic_control_device_cond,hit_and_run,number_of_vehicles,latitude,longitude,location_status,access_control,agency_code,agency_report_number,agency_report_year,alignment_code,cause1_code,cause2_code,city_class,city_class_code,city_code,city_name,city_township_flag,class_of_trafficway,class_of_trafficway_code,county_code,crash_day,crash_id,crash_month,crash_report_county,crash_severity_cd,crash_yr_source,damaged_property1,damaged_property2,day_of_week_code,did_crash_occur_in_work_zone,did_involve_secondary_crash,flow_condition,icn,investigating_agency_descrip,light_condition_code,mile_station,nhs,non_intersection_direction,non_intersection_distance,non_intersection_units,number_of_lanes,objectid,railroad_crossing_number,road_alignment,road_defects,road_defects_code,road_surface_condition_code,roadway_functional_class,roadway_functional_class_code,route_number,sfe,toll,township,traffic_control_device_code,traffic_control_device_cond_code,trafficway_descrip,trafficway_description_code,ts_crash_coordinate_x,ts_crash_coordinate_y,ts_crash_latitude,ts_crash_longitude,type_report,urban_rural,weather_code,were_workers_present,work_zone,work_zone_related,work_zone_type
2019,2019-05-22,Wednesday,14,02:24 PM,Injury,B Injury Crash,1,0,0,1,0,4,Front to Front,14,N,N,Failing to Yield Right of Way,Driving On Wrong Side/Wrong Way,Daylight,Clear,Dry,N,,,,,Traffic Signal,Functioning Properly,Y,3,41.8758504,-87.8045919,ok,(N/A),1,2019,,,2,5,50000 and OVER,9,4295,Oak Park,C,Urban Other Principal Arte,0,16,22,10435133,5,Cook,C,19,2,,3,X001551144,Slow,(UNK),201901156134,Other,1,19.94,Y,,,,(UNK),110300,(N/A),(UNK),No Defects,1,1,No Median Barrier,3,348,19-01581,Urban,73,3,4,Divided,2,2939871.90811815,1906136.88722008,41.8758425362012,-87.8046,,Yes,1,(N/A),N,Y,N
2019,2019-05-22,Wednesday,18,06:10 PM,Property Damage,No Injuries,0,0,0,0,0,2,Front to Rear,11,N,N,Following Too Closely,Failing to Reduce Speed to Avoid Crash,Daylight,Clear,Dry,N,,,,,Lane Use Marking,Functioning Properly,Y,2,41.8726668,-87.7959318,ok,Partial Access Control,3,03-19-07536,2019,1,3,28,50000 and OVER,9,4295,Oak Park,C,Urban InterState (PAS),0,16,22,10437276,5,Cook,0,19,,,3,N,(UNK),(UNK),201901158611,ISP,1,21.98,Y,,,,3,110382,(N/A),Straight and Level,No Defects,1,1,InterState (PAS),1,9290,X001552985,Not Toll,,12,4,Divided With Median Barrier,3,2942262.59539577,1905041.81342762,41.872659,-87.7959,,Urban,1,N,(N/A),Y,(N/A)
2019,2019-05-25,Saturday,12,12:25 PM,Property Damage,No Injuries,0,0,0,0,0,4,Front to Rear,11,N,N,Failing to Reduce Speed to Avoid Crash,Following Too Closely,Daylight,Clear,Dry,N,,,,,Lane Use Marking,Functioning Properly,N,2,41.8712597,-87.7748597,ok,Partial Access Control,3,03-19-07685,2019,1,28,3,50000 and OVER,9,4295,Oak Park,C,Urban InterState (PAS),0,16,25,10442287,5,Cook,0,19,,,6,N,(UNK),(UNK),201901163167,ISP,1,23.06,Y,,,,3,113007,(N/A),Straight and Level,No Defects,1,1,InterState (PAS),1,9290,X001557209,Not Toll,73,12,4,Divided With Median Barrier,3,2948016.30874105,1904688.33286848,41.87125185318225,-87.7749,,Urban,1,N,(N/A),Y,(N/A)
2019,2019-05-28,Tuesday,15,03:53 PM,Property Damage,No Injuries,0,0,0,0,0,3,Sideswipe Same Direction,12,N,N,Improper Overtaking/Passing,Improper Lane Usage,Dawn,Cloudy/Overcast,Wet,Y,,,,,Traffic Signal,Functioning Properly,Y,3,41.8796699,-87.8047358,ok,(N/A),1,2019,,,4,20,50000 and OVER,9,4295,Oak Park,C,Urban Other Principal Arte,6,16,28,10442063,5,Cook,C,19,0,,2,X001556994,Slow,(UNK),201901162928,Other,2,26.02,Y,,,,(UNK),114017,(N/A),(UNK),No Defects,1,2,No Median Barrier,3,5043,19-01653,Urban,73,3,4,Divided,2,2939794.37238823,1907527.69541594,41.87966201875226,-87.8047,,Yes,8,(N/A),N,Y,N
2019,2019-05-20,Monday,05,05:50 AM,Property Damage,No Injuries,0,0,0,0,0,2,Front to Rear,11,N,N,Following Too Closely,Failing to Reduce Speed to Avoid Crash,Daylight,Clear,Dry,N,,,,,Lane Use Marking,Functioning Properly,Y,2,41.8730738,-87.8001868,ok,Partial Access Control,3,03-19-07477,2019,2,3,28,50000 and OVER,9,4295,Oak Park,C,Urban InterState (PAS),0,16,20,10444417,5,Cook,0,19,,,1,N,(UNK),(UNK),201901165359,ISP,1,21.78,Y,,,,2,114274,(N/A),Straight On Grade,No Defects,1,1,InterState (PAS),1,9290,X001558896,Not Toll,,12,4,Divided With Median Barrier,3,2941099.56749259,1905158.13391392,41.873066,-87.8002,,Urban,1,N,(N/A),Y,(N/A)
2019,2019-05-26,Sunday,07,07:50 AM,Property Damage,No Injuries,0,0,0,0,0,3,Sideswipe Same Direction,12,N,N,Improper Lane Usage,Failing to Reduce Speed to Avoid Crash,Daylight,Clear,Dry,N,,,,,Lane Use Marking,Functioning Properly,Y,2,41.8724922,-87.7939915,ok,Partial Access Control,3,03-19-07737,2019,1,20,28,50000 and OVER,9,4295,Oak Park,C,Urban InterState (PAS),0,16,26,10439666,5,Cook,0,19,,,7,N,(UNK),(UNK),201901161006,ISP,1,22.07,Y,,,,6,114526,(N/A),Straight and Level,No Defects,1,1,InterState (PAS),1,9290,X001555176,Not Toll,73,12,4,Divided With Median Barrier,3,2942792.83569394,1904992.76473895,41.872484314679156,-87.794,,Urban,1,N,(N/A),Y,(N/A)
2019,2019-04-15,Monday,12,12:26 PM,Property Damage,No Injuries,0,0,0,0,0,2,Sideswipe Same Direction,12,N,N,Improper Lane Usage,Disregarding Road Markings,Daylight,Clear,Dry,Y,,,,,Traffic Signal,Functioning Properly,N,2,41.8907923,-87.8051255,ok,(UNK),1,1900498,2019,,20,26,50000 and OVER,9,4295,Oak Park,C,Urban Other Principal Arte,0,16,15,10444728,4,Cook,0,19,,,1,N,No,(UNK),201901165496,City,1,26.8,Y,,,,(UNK),115677,(N/A),(UNK),No Defects,1,1,Other Principal Arterial (PAS),3,5043,X001558946,Not Toll,73,3,4,Not Divided,1,2939576.63980185,1911577.99502944,41.890784461984026,-87.8051,,Urban,1,N,(N/A),Y,(N/A)
2019,2019-05-05,Sunday,04,04:46 AM,Property Damage,No Injuries,0,0,0,0,0,2,Front to Rear,11,N,N,Under Influence of Alcohol/Drugs,Driving Skills/Knowledge/Experience,Darkness,Clear,Dry,Y,,,,,Traffic Signal,Functioning Properly,Y,2,41.9087836,-87.8057828,ok,(UNK),1,1900587,2019,,8,15,50000 and OVER,9,4295,Oak Park,C,Urban Other Principal Arte,6,16,5,10444119,5,Cook,0,19,,,7,N,No,(UNK),201901164905,City,4,28.04,Y,,,,(UNK),115848,(N/A),(UNK),No Defects,1,1,Other Principal Arterial (PAS),3,5043,X001558612,Not Toll,73,3,4,Divided With Median Barrier,3,2939217.15400692,1918129.42300251,41.908775715474604,-87.8058,,Urban,1,N,(N/A),Y,(N/A)
2019,2019-05-28,Tuesday,07,07:10 AM,Property Damage,No Injuries,0,0,0,0,0,2,Front to Rear,11,N,N,Failing to Reduce Speed to Avoid Crash,Following Too Closely,Daylight,Clear,Dry,N,,,,,Lane Use Marking,Functioning Properly,N,2,41.8736015,-87.8025528,ok,Partial Access Control,3,03-19-07809,2019,1,28,3,50000 and OVER,9,4295,Oak Park,C,Urban InterState (PAS),0,16,28,10446200,5,Cook,0,19,,,2,N,(UNK),(UNK),201901167144,ISP,1,21.67,Y,,,,6,116308,(N/A),Straight and Level,No Defects,1,1,InterState (PAS),1,9290,X001560267,Not Toll,73,12,4,Divided With Median Barrier,3,2940449.83702216,1905332.65472896,41.87359366028837,-87.8025,,Urban,1,N,(N/A),Y,(N/A)
2019,2019-06-02,Sunday,03,03:05 AM,Property Damage,No Injuries,0,0,0,0,0,2,Front to Rear,11,N,N,Physical Condition of Driver,Failing to Reduce Speed to Avoid Crash,Darkness / Lighted Road,Clear,Dry,Y,,,,,Traffic Signal,Functioning Properly,N,2,41.8736416,-87.8045258,ok,Partial Access Control,1,19-01709,2019,,17,28,50000 and OVER,9,4295,Oak Park,C,Urban InterState (PAS),6,16,2,10447591,6,Cook,0,19,,,7,N,No,Stopped,201901168464,City,5,25.61,Y,,,,(UNK),116428,(N/A),(UNK),No Defects,1,1,InterState (PAS),1,5043,X001561608,Not Toll,73,3,4,Ramp,11,2939912.062394,1905332.46992192,41.873633772562904,-87.8045,,Urban,1,N,(N/A),Y,(N/A)
2019,2019-05-30,Thursday,20,08:40 PM,Property Damage,No Injuries,0,0,0,0,0,2,Front to Rear,11,N,N,Failing to Reduce Speed to Avoid Crash,Following Too Closely,Daylight,Clear,Dry,N,,,,,Lane Use Marking,Functioning Properly,N,2,41.8715225,-87.7790481,ok,Partial Access Control,3,03-19-07973,2019,1,28,3,50000 and OVER,9,4295,Oak Park,C,Urban InterState (PAS),0,16,30,10448235,5,Cook,0,19,,,4,N,(UNK),(UNK),201901169157,ISP,1,22.85,Y,,,,6,117207,(N/A),Straight and Level,No Defects,1,1,InterState (PAS),1,9290,X001562238,Not Toll,73,12,4,Divided With Median Barrier,3,2946872.82887701,1904752.33778966,41.87151468912582,-87.779,,Urban,1,N,(N/A),Y,(N/A)
2019,2019-05-03,Friday,15,03:09 PM,Property Damage,No Injuries,0,0,0,0,0,4,Angle,15,N,N,Disregarding Traffic Signals,Failing to Reduce Speed to Avoid Crash,Daylight,Clear,Dry,Y,,,,,Traffic Signal,Functioning Properly,N,2,41.8978908,-87.805387,ok,(UNK),1,1900578,2019,,25,28,50000 and OVER,9,4295,Oak Park,C,Urban Other Principal Arte,0,16,3,10450253,5,Cook,0,19,,,5,N,No,Free Flow,201901171521,City,1,27.29,Y,,,,(UNK),118113,(N/A),(UNK),No Defects,1,1,Other Principal Arterial (PAS),3,5043,X001563890,Not Toll,73,3,4,Other,8,2939434.20306378,1914162.86199303,41.897882964875706,-87.8054,,Urban,1,N,(N/A),Y,(N/A)
2019,2019-06-03,Monday,14,02:43 PM,Property Damage,No Injuries,0,0,0,0,0,3,Front to Rear,11,N,N,Failing to Reduce Speed to Avoid Crash,Failing to Reduce Speed to Avoid Crash,Daylight,Clear,Ice,N,,,,,No Controls,No Controls,N,3,41.9071019,-87.8057268,ok,(UNK),1,1900766,2019,,28,28,50000 and OVER,9,4295,Oak Park,C,Urban Other Principal Arte,0,16,3,10450270,6,Cook,0,19,,,1,N,Yes,(UNK),201901171538,City,1,17.78,Y,,,,(UNK),118251,(N/A),(UNK),No Defects,1,4,Other Principal Arterial (PAS),3,348,X001563970,Not Toll,73,1,1,Not Divided,1,2939249.25732359,1917517.02648787,41.90709409334944,-87.8057,,Urban,1,N,(N/A),Y,(N/A)
2019,2019-05-19,Sunday,12,12:44 PM,Property Damage,No Injuries,0,0,0,0,0,5,Sideswipe Same Direction,12,N,N,Improper Lane Usage,Driving Skills/Knowledge/Experience,Daylight,Clear,Wet,N,,,,,No Controls,No Controls,N,2,41.8871866,-87.8049804,ok,(N/A),1,2019,,,20,15,50000 and OVER,9,4295,Oak Park,C,Urban Other Principal Arte,0,16,19,10450275,5,Cook,C,19,0,,7,X001563962,Stopped,(UNK),201901171543,Other,1,19.15,Y,,,,(UNK),118253,(N/A),(UNK),No Defects,1,2,No Median Barrier,3,348,1900664,Urban,73,1,1,Divided,2,2939652.3516574,1910265.10909554,41.88717878754807,-87.805,,No,1,(N/A),N,Y,N
2019,2019-06-03,Monday,14,02:55 PM,Property Damage,No Injuries,0,0,0,0,0,2,Sideswipe Same Direction,12,N,N,Failing to Yield Right of Way,Improper Lane Usage,Daylight,Clear,Dry,N,,,,,No Controls,No Controls,N,2,41.8775411,-87.8046468,ok,(N/A),1,2019,,,2,20,50000 and OVER,9,4295,Oak Park,C,Urban Other Principal Arte,0,16,3,10449589,6,Cook,C,19,0,,1,X001563392,Slow,(UNK),201901170866,Other,1,19.82,Y,,,,(UNK),119087,(N/A),(UNK),No Defects,1,1,No Median Barrier,3,348,19-01730,Urban,73,1,1,Divided,2,2939839.99290315,1906752.60212718,41.8775332507277,-87.8046,,No,1,(N/A),N,Y,N
2019,2019-06-05,Wednesday,15,03:14 PM,Injury,B Injury Crash,2,0,0,2,0,1,Front to Rear,11,N,N,Following Too Closely,(N/A),Daylight,Clear,Dry,Y,,,,,Traffic Signal,Functioning Properly,N,2,41.8865621,-87.8049454,ok,(UNK),1,19-01757,2019,,3,99,50000 and OVER,9,4295,Oak Park,C,Urban Other Principal Arte,6,16,5,10453193,6,Cook,2,19,,,3,N,No,Stopped,201901173668,City,1,26.5,Y,,,,(UNK),120608,(N/A),(UNK),No Defects,1,1,Other Principal Arterial (PAS),3,5043,X001565635,Not Toll,73,3,4,Divided With Median Barrier,3,2939668.14326242,1910037.78629868,41.88655427164926,-87.8049,,Urban,1,N,(N/A),Y,(N/A)
2019,2019-06-06,Thursday,09,09:04 AM,Property Damage,No Injuries,0,0,0,0,0,2,Front to Rear,11,N,N,Following Too Closely,Failing to Reduce Speed to Avoid Crash,Daylight,Clear,Dry,N,,,,,No Controls,No Controls,N,2,41.8758419,-87.8045916,ok,(UNK),1,19-01771,2019,,3,28,50000 and OVER,9,4295,Oak Park,C,Urban Other Principal Arte,0,16,6,10454733,6,Cook,0,19,,,4,N,No,Free Flow,201901175550,City,1,19.94,Y,,,,(UNK),121268,(N/A),(UNK),No Defects,1,1,Other Principal Arterial (PAS),3,348,X001566868,Not Toll,73,1,1,Divided With Median Barrier,3,2939872.06049581,1906133.79534623,41.875834046703986,-87.8046,,Urban,1,N,(N/A),Y,(N/A)
2019,2019-06-10,Monday,19,07:50 PM,Property Damage,No Injuries,0,0,0,0,0,4,Angle,15,N,N,Disregarding Traffic Signals,Failing to Reduce Speed to Avoid Crash,Daylight,Clear,Dry,Y,,,,,Traffic Signal,Functioning Properly,N,2,41.8813878,-87.8047858,ok,(N/A),1,2019,,,25,28,50000 and OVER,9,4295,Oak Park,C,Urban Other Principal Arte,6,16,10,10459950,6,Cook,C,19,0,ELECTRICAL BOX,1,X001570959,Slow,(UNK),201901181035,Other,1,26.14,Y,,,,(UNK),123515,(N/A),(UNK),No Defects,1,1,No Median Barrier,3,5043,19-01852,Urban,73,3,4,Divided,2,2939763.52364909,1908153.38389951,41.881379999600746,-87.8048,,Yes,1,(N/A),N,Y,N
2019,2019-06-03,Monday,11,11:25 AM,Injury,C Injury Crash,1,0,0,0,1,1,Pedalcyclist,2,N,Y,Unable to Determine,(N/A),Daylight,Clear,Dry,N,,,,,Stop Sign,Functioning Properly,N,1,41.8915428,-87.8051415,ok,(UNK),1,1900765,2019,,18,99,50000 and OVER,9,4295,Oak Park,C,Urban Other Principal Arte,0,16,3,10460202,6,Cook,1,19,,,1,N,No,Slow,201901181288,City,1,18.85,Y,,,,(UNK),124775,(N/A),(UNK),No Defects,1,1,Other Principal Arterial (PAS),3,348,X001571120,Not Toll,73,2,4,Ramp,11,2939564.76357308,1911851.38622061,41.89153500222642,-87.8051,,Urban,1,N,(N/A),Y,(N/A)
2019,2019-06-10,Monday,16,04:31 PM,Injury,C Injury Crash,1,0,0,0,1,1,Pedalcyclist,2,N,Y,Unable to Determine,(N/A),Daylight,Clear,Dry,Y,,,,,Flashing Control Sig,Functioning Improperly,N,1,41.8905591,-87.8051158,ok,(UNK),1,1900810,2019,,18,99,50000 and OVER,9,4295,Oak Park,C,Urban Other Principal Arte,0,16,10,10463458,6,Cook,1,19,,,1,N,No,Slow,201901185548,City,1,26.78,Y,,,,(UNK),126399,(N/A),(UNK),No Defects,1,1,Other Principal Arterial (PAS),3,5043,X001573435,Not Toll,73,15,3,Four Way,14,2939581.62766265,1911493.09835572,41.890551297162375,-87.8051,,Urban,1,N,(N/A),Y,(N/A)
2019,2019-06-13,Thursday,16,04:00 PM,Property Damage,No Injuries,0,0,0,0,0,2,Front to Rear,11,N,N,Following Too Closely,Equipment-Vehicle Condition,Daylight,Clear,Dry,N,,,,,Traffic Signal,Functioning Properly,N,2,41.8735755,-87.8045228,ok,(N/A),1,2019,,,3,10,50000 and OVER,9,4295,Oak Park,C,Urban Other Principal Arte,0,16,13,10464561,6,Cook,C,19,0,,4,X001574186,Slow,(UNK),201901186899,Other,1,20.11,Y,,,,(UNK),127116,(N/A),(UNK),No Defects,1,1,No Median Barrier,3,348,19-01881,Urban,73,3,4,Divided,2,2939913.53501136,1905308.41290103,41.87356769642725,-87.8045,,No,1,(N/A),N,Y,N
2019,2019-06-13,Thursday,00,00:00 AM,Injury,A Injury Crash,2,0,2,0,0,0,Rear to Front,18,N,N,Failing to Yield Right of Way,Failing to Yield Right of Way,Daylight,Clear,Dry,Y,,,,,Other,Functioning Properly,N,2,41.8871071,-87.8049778,ok,(UNK),1,9999999,2019,,2,2,50000 and OVER,9,4295,Oak Park,C,Urban Other Principal Arte,6,16,13,10464320,6,Cook,3,19,,,4,N,No,Slow,201901186539,City,1,26.54,Y,,,,(UNK),128529,(N/A),(UNK),No Defects,1,1,Other Principal Arterial (PAS),3,5043,X001573957,Not Toll,73,13,4,Not Divided,1,2939653.84349472,1910236.15144566,41.88709927246802,-87.805,,Urban,1,N,(N/A),Y,(N/A)
2019,2019-06-17,Monday,13,01:45 PM,Property Damage,No Injuries,0,0,0,0,0,6,Front to Rear,11,N,N,Failing to Reduce Speed to Avoid Crash,Following Too Closely,Daylight,Cloudy/Overcast,Dry,N,,,,,No Controls,No Controls,N,2,41.8722323,-87.8044629,ok,(UNK),1,1903309,2019,,28,3,50000 and OVER,9,4295,Oak Park,C,Urban Other Principal Arte,0,16,17,10471301,6,Cook,0,19,,,1,N,No,Stopped,201901194353,City,1,20.19,Y,,,,(UNK),130335,(N/A),(UNK),No Defects,1,1,Other Principal Arterial (PAS),3,348,X001579258,Not Toll,73,1,1,Not Divided,1,2939943.32834115,1904819.37535086,41.872224493701665,-87.8045,,Urban,8,N,(N/A),Y,(N/A)
2019,2019-06-17,Monday,19,07:05 PM,Property Damage,No Injuries,0,0,0,0,0,8,Angle,15,N,N,Failing to Yield Right of Way,Failing to Reduce Speed to Avoid Crash,Daylight,Clear,Dry,N,,,,,Stop Sign,Functioning Properly,Y,2,41.8852143,-87.7846038,ok,(UNK),1,1903317,2019,,2,28,50000 and OVER,9,4295,Oak Park,C,Urban Major Collector,8,16,17,10471302,6,Cook,0,19,,,1,N,No,Free Flow,201901194354,City,1,0,N,,,,(UNK),130336,(N/A),(UNK),No Defects,1,1,Major Collector,5,,X001579261,Not Toll,73,2,4,Not Divided,1,2945221.04097064,1909699.81867477,41.88520649045976,-87.7846,,Urban,1,N,(N/A),Y,(N/A)
2019,2019-06-19,Wednesday,02,02:30 AM,Property Damage,No Injuries,0,0,0,0,0,2,Turning,10,N,N,Improper Turning/No Signal,(N/A),Darkness / Lighted Road,Rain,Wet,Y,,,,,Traffic Signal,Functioning Properly,N,2,41.8736416,-87.8045258,ok,Partial Access Control,1,19-  0196,2019,,6,99,50000 and OVER,9,4295,Oak Park,C,Urban InterState (PAS),6,16,19,10472500,6,Cook,0,19,,,3,N,No,Slow,201901195622,City,5,25.61,Y,,,,(UNK),131397,(N/A),(UNK),No Defects,1,2,InterState (PAS),1,5043,X001580287,Not Toll,73,3,4,Four Way,14,2939912.062394,1905332.46992192,41.873633772562904,-87.8045,,Urban,2,N,(N/A),Y,(N/A)
2019,2019-06-18,Tuesday,12,12:04 PM,Injury,B Injury Crash,3,0,0,2,1,3,Angle,15,N,N,Failing to Yield Right of Way,Failing to Reduce Speed to Avoid Crash,Daylight,Clear,Dry,Y,,,,,No Controls,No Controls,N,2,41.8962201,-87.7946957,ok,(N/A),1,2019,,,2,28,50000 and OVER,9,4295,Oak Park,C,Urban Major Collector,8,16,18,10472660,6,Cook,C,19,2,,2,X001580322,Slow,(UNK),201901195845,Major,1,0,N,,,,(UNK),132093,(N/A),(UNK),No Defects,1,1,No Median Barrier,5,,1903334,Urban,73,1,1,Divided,2,2942361.89900381,1913634.3666035,41.896212266887304,-87.7947,,No,1,(N/A),N,Y,N
2019,2019-06-19,Wednesday,07,07:54 AM,Property Damage,No Injuries,0,0,0,0,0,4,Angle,15,N,N,Failing to Yield Right of Way,(N/A),Daylight,Clear,Dry,Y,,,,,Stop Sign,Functioning Properly,N,2,41.881698,-87.7861436,ok,(N/A),1,2019,,,2,99,50000 and OVER,9,4295,Oak Park,C,Urban Major Collector,8,16,19,10472661,6,Cook,C,19,0,,3,X001580323,Free Flow,(UNK),201901195846,Major,1,0,N,,,,(UNK),132094,(N/A),(UNK),No Defects,1,1,No Median Barrier,5,,1903363,Urban,73,2,4,Divided,2,2944837.27850896,1908406.75550058,41.88169014864698,-87.7861,,No,1,(N/A),N,Y,N
2019,2019-06-22,Saturday,15,03:40 PM,Property Damage,No Injuries,0,0,0,0,0,6,Front to Rear,11,N,N,Following Too Closely,Driving On Wrong Side/Wrong Way,Daylight,Clear,Dry,N,,,,,No Controls,No Controls,N,2,41.8776256,-87.8046495,ok,(N/A),1,2019,,,3,5,50000 and OVER,9,4295,Oak Park,C,Urban Other Principal Arte,0,16,22,10475187,6,Cook,C,19,0,,6,X001582736,Slow,(UNK),201901199318,Other,1,19.81,Y,,,,(UNK),132156,(N/A),(UNK),No Defects,1,1,No Median Barrier,3,348,19-01996,Urban,73,1,1,Divided,2,2939838.39022742,1906783.39054143,41.87761779428355,-87.8046,,No,1,(N/A),N,Y,N
2019,2019-06-14,Friday,01,01:54 AM,Property Damage,No Injuries,0,0,0,0,0,1,Parked Motor Vehicle,9,N,N,(N/A),(N/A),Unknown,Clear,Dry,N,,,,,No Controls,No Controls,Y,2,41.8930508,-87.8049963,ok,(UNK),1,1903231,2019,,99,99,50000 and OVER,9,4295,Oak Park,C,Urban Local Road or Street,0,16,14,10472689,6,Cook,0,19,,,5,N,No,(UNK),201901195878,City,9,0.01,N,,,,(UNK),132160,(N/A),(UNK),No Defects,1,1,Local Road or Street,7,3073,X001580315,Not Toll,73,1,1,Not Divided,1,2939589.15783027,1912401.99336672,41.89304293444256,-87.805,,Urban,1,N,(N/A),Y,(N/A)
2019,2019-06-18,Tuesday,16,04:48 PM,Property Damage,No Injuries,0,0,0,0,0,4,Front to Rear,11,N,N,Failing to Reduce Speed to Avoid Crash,Driving Skills/Knowledge/Experience,Daylight,Clear,Dry,N,,,,,No Controls,No Controls,N,3,41.9088906,-87.8028606,ok,(UNK),1,1903348,2019,,28,15,50000 and OVER,9,4295,Oak Park,C,Urban Other Principal Arte,0,16,18,10472690,6,Cook,0,19,,,2,N,No,(UNK),201901195879,City,1,6.07,Y,,,,(UNK),132161,(N/A),(UNK),No Defects,1,1,Other Principal Arterial (PAS),3,307,X001580316,Not Toll,73,1,1,Not Divided,1,2940011.53541369,1918190.33842866,41.90888272419319,-87.8029,,Urban,1,N,(N/A),Y,(N/A)
2019,2019-06-18,Tuesday,13,01:36 PM,Property Damage,No Injuries,0,0,0,0,0,3,Sideswipe Same Direction,12,N,N,Improper Overtaking/Passing,Unable to Determine,Daylight,Clear,Dry,N,,,,,Traffic Signal,Functioning Properly,N,3,41.8797438,-87.7844326,ok,(N/A),1,2019,,,4,18,50000 and OVER,9,4295,Oak Park,C,Urban Major Collector,0,16,18,10472692,6,Cook,C,19,0,,2,X001580318,(UNK),(UNK),201901195881,Major,1,1.53,N,,,,(UNK),132162,(N/A),(UNK),No Defects,1,1,No Median Barrier,5,2783,1903336,Urban,73,3,4,Divided,2,2945323.00800656,1907707.56058181,41.87973599157649,-87.7844,,No,1,(N/A),N,Y,N
2019,2019-06-18,Tuesday,13,01:38 PM,Property Damage,No Injuries,0,0,0,0,0,2,Front to Rear,11,N,N,Failing to Reduce Speed to Avoid Crash,(N/A),Daylight,Clear,Dry,N,,,,,Traffic Signal,No Controls,N,2,41.8817174,-87.7845158,ok,(UNK),1,1903337,2019,,28,99,50000 and OVER,9,4295,Oak Park,C,Urban Major Collector,8,16,18,10472693,6,Cook,0,19,,,2,N,No,Slow,201901195882,City,1,0,N,,,,(UNK),132163,(N/A),(UNK),No Defects,1,1,Major Collector,5,,X001580319,Not Toll,73,3,1,Not Divided,1,2945280.39342184,1908426.1401298,41.881709568739296,-87.7845,,Urban,1,N,(N/A),Y,(N/A)
2019,2019-06-19,Wednesday,00,00:10 AM,Property Damage,No Injuries,0,0,0,0,0,1,Parked Motor Vehicle,9,N,N,Driving Skills/Knowledge/Experience,Driving Skills/Knowledge/Experience,Darkness / Lighted Road,Clear,Dry,N,,,,,No Controls,No Controls,Y,2,41.8763345,-87.7961155,ok,(UNK),1,1903358,2019,,15,15,50000 and OVER,9,4295,Oak Park,C,Urban Local Road or Street,0,16,19,10472695,6,Cook,0,19,,,3,N,Yes,(UNK),201901195883,City,5,0.22,N,,,,(UNK),132164,(N/A),(UNK),No Defects,1,1,Local Road or Street,7,2689,X001580321,Not Toll,73,1,1,Not Divided,1,2942175.62533916,1906377.00022102,41.87632668341773,-87.7961,,Urban,1,N,(N/A),Y,(N/A)
2019,2019-06-18,Tuesday,21,09:25 PM,Property Damage,No Injuries,0,0,0,0,0,2,Front to Rear,11,N,N,Failing to Reduce Speed to Avoid Crash,(N/A),Darkness / Lighted Road,Clear,Dry,N,,,,,Traffic Signal,Functioning Properly,Y,2,41.8800055,-87.7844421,ok,(UNK),1,1903355,2019,,28,99,50000 and OVER,9,4295,Oak Park,C,Urban Major Collector,0,16,18,10472761,6,Cook,0,19,,,2,N,No,Slow,201901195958,City,5,1.51,N,,,,(UNK),132199,(N/A),(UNK),No Defects,1,1,Major Collector,5,2783,X001580320,Not Toll,73,3,4,Divided With Median Barrier,3,2945317.78742691,1907802.8518235,41.8799976760078,-87.7844,,Urban,1,N,(N/A),Y,(N/A)
2019,2019-06-19,Wednesday,16,04:43 PM,Property Damage,No Injuries,0,0,0,0,0,3,Sideswipe Same Direction,12,N,N,Improper Lane Usage,Unable to Determine,Daylight,Cloudy/Overcast,Dry,N,,,,,Other,Functioning Properly,Y,2,41.8660006,-87.7937715,ok,(UNK),1,1903370,2019,,20,18,50000 and OVER,9,4295,Oak Park,C,Urban Major Collector,0,16,19,10473874,6,Cook,0,19,,,3,N,No,Free Flow,201901197450,City,1,7.11,N,,,,(UNK),133023,(N/A),(UNK),No Defects,1,1,Major Collector,5,2775,X001581340,Not Toll,73,13,4,Not Divided,1,2942918.18377671,1902628.78177585,41.86599275361576,-87.7938,,Urban,8,N,(N/A),Y,(N/A)
2019,2019-06-19,Wednesday,21,09:26 PM,Property Damage,No Injuries,0,0,0,0,0,4,Angle,15,N,N,Failing to Reduce Speed to Avoid Crash,(N/A),Darkness / Lighted Road,Rain,Wet,Y,,,,,Traffic Signal,Functioning Properly,N,2,41.8761173,-87.7941048,ok,(UNK),1,1903374,2019,,28,99,50000 and OVER,9,4295,Oak Park,C,Urban Major Collector,8,16,19,10473875,6,Cook,0,19,,,3,N,No,Free Flow,201901197451,City,5,0,N,,,,(UNK),133024,(N/A),(UNK),No Defects,1,2,Major Collector,5,,X001581341,Not Toll,73,3,4,Four Way,14,2942725.44423222,1906312.99411099,41.876109499454,-87.7941,,Urban,2,N,(N/A),Y,(N/A)