crash_year,crash_date,day_of_week,crash_hour,time_of_crash,crash_severity,crash_injury_severity,total_injured,total_fatals,a_injuries,b_injuries,c_injuries,no_injuries,type_of_first_crash,collision_type_code,pedestrian_involved,pedalcyclist_involved,cause1,cause2,lighting_cond,weather_cond,road_surface_cond,intersection_related,is_intersection,highway_or_street_name,at_intersection_with,address_no,traffic_control_device,traffic_control_device_cond,hit_and_run,number_of_vehicles,latitude,longitude,location_status,access_control,agency_code,agency_report_number,agency_report_year,alignment_code,cause1_code,cause2_code,city_class,city_class_code,city_code,city_name,city_township_flag,class_of_trafficway,class_of_trafficway_code,county_code,crash_day,crash_id,crash_month,crash_report_county,crash_severity_cd,crash_yr_source,damaged_property1,damaged_property2,day_of_week_code,did_crash_occur_in_work_zone,did_involve_secondary_crash,flow_condition,icn,investigating_agency_descrip,light_condition_code,mile_station,nhs,non_intersection_direction,non_intersection_distance,non_intersection_units,number_of_lanes,objectid,railroad_crossing_number,road_alignment,road_defects,road_defects_code,road_surface_condition_code,roadway_functional_class,roadway_functional_class_code,route_number,sfe,toll,township,traffic_control_device_code,traffic_control_device_cond_code,trafficway_descrip,trafficway_description_code,ts_crash_coordinate_x,ts_crash_coordinate_y,ts_crash_latitude,ts_crash_longitude,type_report,urban_rural,weather_code,were_workers_present,work_zone,work_zone_related,work_zone_type
2019,2019-06-21,Friday,18,06:44 PM,Property Damage,No Injuries,0,0,0,0,0,2,Sideswipe Same Direction,12,N,N,Failing to Yield Right of Way,Improper Overtaking/Passing,Daylight,Cloudy/Overcast,Dry,N,,,,,No Controls,No Controls,N,2,41.8650637,-87.801716,ok,(UNK),1,19-06200,2019,1,2,4,50000 and OVER,9,4295,Oak Park,C,Urban Other Principal Arte,8,16,21,10477942,6,Cook,0,19,,,5,N,(UNK),(UNK),201901201543,City,1,0,Y,,,,2,133985,(N/A),Straight and Level,No Defects,1,1,Other Principal Arterial (PAS),3,,X001584550,Not Toll,73,1,1,Not Divided,1,2940763.51526586,1902227.60224562,41.86505583231717,-87.8017,,Urban,8,N,(N/A),Y,(N/A)
2019,2019-06-20,Thursday,18,06:01 PM,Property Damage,No Injuries,0,0,0,0,0,2,Front to Rear,11,N,N,Failing to Reduce Speed to Avoid Crash,Following Too Closely,Daylight,Clear,Dry,N,,,,,No Controls,No Controls,N,2,41.9048812,-87.7838073,ok,(UNK),1,1903387,2019,,28,3,50000 and OVER,9,4295,Oak Park,C,Urban Major Collector,0,16,20,10475935,6,Cook,0,19,,,4,N,No,Stopped,201901199789,City,1,0.3,N,,,,(UNK),133998,(N/A),(UNK),No Defects,1,1,Major Collector,5,2783,X001582316,Not Toll,73,1,1,Not Divided,1,2945238.77178147,1916872.81481108,41.90487331126152,-87.7838,,Urban,1,N,(N/A),Y,(N/A)
2019,2019-06-24,Monday,13,01:15 PM,Property Damage,No Injuries,0,0,0,0,0,3,Front to Rear,11,N,N,Unable to Determine,Driving Skills/Knowledge/Experience,Daylight,Rain,Wet,N,,,,,Traffic Signal,Functioning Properly,Y,3,41.88865,-87.8050295,ok,(N/A),1,2019,,,18,15,50000 and OVER,9,4295,Oak Park,C,Urban Other Principal Arte,0,16,24,10479697,6,Cook,C,19,0,,1,X001586048,Stopped,(UNK),201901203722,Other,1,19.05,Y,,,,(UNK),135563,(N/A),(UNK),No Defects,1,2,No Median Barrier,3,348,1900889,Urban,73,3,4,Divided,2,2939624.28185952,1910798.0301093,41.88864218657607,-87.805,,No,2,(N/A),N,Y,N
2019,2019-06-25,Tuesday,08,08:54 AM,Injury,B Injury Crash,1,0,0,1,0,3,Turning,10,N,N,Failing to Yield Right of Way,Unable to Determine,Daylight,Clear,Dry,Y,,,,,Stop Sign,Functioning Properly,N,2,41.872558,-87.7915056,ok,(UNK),1,1903473,2019,,2,18,50000 and OVER,9,4295,Oak Park,C,Urban Local Road or Street,8,16,25,10479710,6,Cook,2,19,,,2,N,No,Free Flow,201901203734,City,1,0,N,,,,(UNK),135588,(N/A),(UNK),No Defects,1,1,Local Road or Street,7,,X001586042,Not Toll,73,2,4,Not Divided,1,2943469.25043521,1905035.50668579,41.87255019037328,-87.7915,,Urban,1,N,(N/A),Y,(N/A)
2019,2019-06-21,Friday,04,04:31 AM,Property Damage,No Injuries,0,0,0,0,0,2,Turning,10,N,N,Improper Turning/No Signal,(N/A),Dusk,Clear,Dry,Y,,,,,Traffic Signal,Functioning Properly,N,2,41.9015578,-87.8055269,ok,(UNK),1,1900870,2019,,6,99,50000 and OVER,9,4295,Oak Park,C,Urban Other Principal Arte,0,16,21,10479772,6,Cook,0,19,,,5,N,No,(UNK),201901203783,City,3,27.54,Y,,,,(UNK),135661,(N/A),(UNK),No Defects,1,1,Other Principal Arterial (PAS),3,5043,X001584915,Not Toll,73,3,4,Not Divided,1,2939359.33084658,1915498.14105547,41.90154997269718,-87.8055,,Urban,1,N,(N/A),Y,(N/A)
2019,2019-06-23,Sunday,18,06:45 PM,Property Damage,No Injuries,0,0,0,0,0,2,Angle,15,N,N,Failing to Yield Right of Way,(N/A),Dusk,Rain,Wet,N,,,,,No Controls,No Controls,N,2,41.8653039,-87.8042242,ok,(N/A),1,2019,,9,2,99,50000 and OVER,9,4295,Oak Park,C,Urban Other Principal Arte,0,16,23,10477773,6,Cook,C,19,0,,7,X001584390,(UNK),(UNK),201901201376,Other,3,20.67,Y,,,,(UNK),135692,(N/A),Unknown,No Defects,1,2,No Median Barrier,3,348,19-06244,Urban,73,1,1,Divided,2,2940077.88135013,1902296.33952573,41.865296102836446,-87.8042,,(UNK),2,(N/A),N,Y,N
2019,2019-06-23,Sunday,07,07:01 AM,Injury,C Injury Crash,1,0,0,0,1,0,Parked Motor Vehicle,9,N,N,Driving Skills/Knowledge/Experience,Weather,Daylight,Rain,Wet,N,,,,,No Controls,No Controls,N,4,41.8815482,-87.7969352,ok,(UNK),1,1903431,2019,,15,11,50000 and OVER,9,4295,Oak Park,C,Urban Major Collector,8,16,23,10479844,6,Cook,1,19,,,7,N,No,Free Flow,201901203804,City,1,0,N,,,,(UNK),135724,(N/A),(UNK),No Defects,1,2,Major Collector,5,,X001584890,Not Toll,73,1,1,Not Divided,1,2941899.89399857,1908270.77423234,41.8815403146259,-87.7969,,Urban,2,N,(N/A),Y,(N/A)
2019,2019-06-22,Saturday,23,11:57 PM,Injury,B Injury Crash,1,0,0,1,0,1,Pedalcyclist,2,N,Y,Unable to Determine,(N/A),Darkness,Clear,Dry,Y,,,,,Stop Sign,Functioning Properly,Y,1,41.8745252,-87.7793472,ok,(N/A),1,2019,,,18,99,50000 and OVER,9,4295,Oak Park,C,Urban Minor Collector,8,16,22,10479845,6,Cook,C,19,2,,6,X001584891,Free Flow,(UNK),201901203806,Minor,4,0,N,,,,(UNK),135725,(N/A),(UNK),No Defects,1,1,No Median Barrier,6,,1903429,Urban,73,2,4,Divided,2,2946760.89968066,1905844.29552593,41.87451735097781,-87.7793,,No,1,(N/A),N,Y,N
2019,2019-06-24,Monday,13,01:47 PM,Property Damage,No Injuries,0,0,0,0,0,5,Front to Rear,11,N,N,Following Too Closely,Failing to Reduce Speed to Avoid Crash,Daylight,Rain,Wet,Y,,,,,Stop Sign,Functioning Properly,N,2,41.8652077,-87.7912964,ok,(UNK),1,1903454,2019,,3,28,50000 and OVER,9,4295,Oak Park,C,Urban Other Principal Arte,8,16,24,10479847,6,Cook,0,19,,,1,N,No,Stopped,201901203808,City,1,0,Y,,,,(UNK),135726,(N/A),(UNK),No Defects,1,2,Other Principal Arterial (PAS),3,,X001584893,Not Toll,52,2,4,Not Divided,1,2943600.40836376,1902358.48144735,41.86519982734776,-87.7913,,Urban,2,N,(N/A),Y,(N/A)
2019,2019-06-22,Saturday,10,10:59 AM,Injury,C Injury Crash,1,0,0,0,1,1,Front to Rear,11,N,N,Failing to Reduce Speed to Avoid Crash,Following Too Closely,Daylight,Clear,Dry,Y,,,,,Traffic Signal,Functioning Properly,N,2,41.8796277,-87.802291,ok,(UNK),1,1903419,2019,,28,3,50000 and OVER,9,4295,Oak Park,C,Urban Minor Arterial,8,16,22,10479868,6,Cook,1,19,,,6,N,No,Slow,201901203825,City,1,0,N,,,,(UNK),135775,(N/A),(UNK),No Defects,1,1,Minor Arterial,4,,X001584886,Not Toll,73,3,4,Not Divided,1,2940460.62953736,1907530.68555909,41.8796198878611,-87.8023,,Urban,1,N,(N/A),Y,(N/A)
2019,2019-06-22,Saturday,13,01:30 PM,Property Damage,No Injuries,0,0,0,0,0,1,Parked Motor Vehicle,9,N,N,Unable to Determine,Unable to Determine,Daylight,Unknown,Unknown,N,,,,,No Controls,No Controls,Y,2,41.8798649,-87.7850505,ok,(UNK),1,1903423,2019,,18,18,50000 and OVER,9,4295,Oak Park,C,Urban Minor Arterial,0,16,22,10479869,6,Cook,0,19,,,6,N,No,Free Flow,201901203826,City,1,4.08,N,,,,(UNK),135776,(N/A),(UNK),Unknown,99,9,Minor Arterial,4,1419,X001584887,Not Toll,73,1,1,Parking Lot,7,2945153.50911771,1907746.99116501,41.87985701541036,-87.785,,Urban,9,N,(N/A),N,(N/A)
2019,2019-06-23,Sunday,14,02:09 PM,Property Damage,No Injuries,0,0,0,0,0,3,Front to Rear,11,N,N,Failing to Reduce Speed to Avoid Crash,Unable to Determine,Daylight,Clear,Dry,N,,,,,No Controls,No Controls,N,2,41.8653669,-87.7827242,ok,(UNK),1,1903438,2019,,28,18,50000 and OVER,9,4295,Oak Park,C,Urban Other Principal Arte,8,16,23,10479870,6,Cook,0,19,,,7,N,No,Free Flow,201901203827,City,1,0,Y,,,,(UNK),135777,(N/A),(UNK),No Defects,1,1,Other Principal Arterial (PAS),3,,X001584888,Not Toll,52,1,1,Not Divided,1,2945933.87007508,1902481.28712142,41.86535910597418,-87.7827,,Urban,1,N,(N/A),Y,(N/A)
2019,2019-06-23,Sunday,14,02:50 PM,Property Damage,No Injuries,0,0,0,0,0,2,Sideswipe Same Direction,12,N,N,Improper Lane Usage,Improper Turning/No Signal,Daylight,Cloudy/Overcast,Wet,N,,,,,No Controls,No Controls,Y,2,41.879939,-87.7797223,ok,(UNK),1,1903439,2019,,20,6,50000 and OVER,9,4295,Oak Park,C,Urban Minor Arterial,0,16,23,10479871,6,Cook,0,19,,,7,N,No,Free Flow,201901203828,City,1,4.36,N,,,,(UNK),135819,(N/A),(UNK),No Defects,1,2,Minor Arterial,4,1419,X001584889,Not Toll,73,1,1,Not Divided,1,2946603.84460555,1907814.33565377,41.87993113283996,-87.7797,,Urban,8,N,(N/A),Y,(N/A)
2019,2019-06-26,Wednesday,11,11:52 AM,Injury,B Injury Crash,3,0,0,3,0,0,Angle,15,N,N,Disregarding Traffic Signals,Driving Skills/Knowledge/Experience,Daylight,Clear,Dry,Y,,,,,Traffic Signal,Functioning Properly,N,2,41.8814975,-87.7999239,ok,(N/A),1,2019,,,25,15,50000 and OVER,9,4295,Oak Park,C,Urban Major Collector,8,16,26,10481421,6,Cook,C,19,2,,3,X001587116,Free Flow,(UNK),201901205204,Major,1,0,N,,,,(UNK),136292,(N/A),(UNK),No Defects,1,1,No Median Barrier,5,,1903502,Urban,73,3,4,Divided,2,2941086.46571878,1908229.85599944,41.88148969822049,-87.7999,,No,1,(N/A),N,Y,N
2019,2019-06-26,Wednesday,08,08:44 AM,Property Damage,No Injuries,0,0,0,0,0,2,Turning,10,N,N,Failing to Reduce Speed to Avoid Crash,Driving Skills/Knowledge/Experience,Daylight,Clear,Dry,Y,,,,,Traffic Signal,Functioning Properly,N,2,41.8873093,-87.7944758,ok,(UNK),1,1903498,2019,,28,15,50000 and OVER,9,4295,Oak Park,C,Urban Major Collector,8,16,26,10481422,6,Cook,0,19,,,3,N,No,Free Flow,201901205205,City,1,0,N,,,,(UNK),136293,(N/A),(UNK),No Defects,1,1,Major Collector,5,,X001587117,Not Toll,73,3,4,Other,8,2942511.58684986,1910388.76894293,41.887301496158045,-87.7945,,Urban,1,N,(N/A),Y,(N/A)
2019,2019-06-26,Wednesday,16,04:30 PM,Property Damage,No Injuries,0,0,0,0,0,2,Front to Rear,11,N,N,Distraction - From Inside Vehicle,Failing to Reduce Speed to Avoid Crash,Daylight,Clear,Dry,N,,,,,No Controls,No Controls,N,2,41.8654082,-87.7789553,ok,(N/A),1,2019,,,41,28,50000 and OVER,9,4295,Oak Park,C,Urban Other Principal Arte,8,16,26,10481423,6,Cook,C,19,0,,3,X001587118,Stopped,(UNK),201901205206,Other,1,0,Y,,,,(UNK),136294,(N/A),(UNK),No Defects,1,1,No Median Barrier,3,,1903510,Urban,56,1,1,Divided,2,2946960.10850653,1902524.85911161,41.86540033435885,-87.7789,,No,1,(N/A),N,Y,N
2019,2019-06-25,Tuesday,10,10:05 AM,Property Damage,No Injuries,0,0,0,0,0,3,Front to Rear,11,N,N,Following Too Closely,Failing to Reduce Speed to Avoid Crash,Daylight,Clear,Dry,N,,,,,No Controls,No Controls,N,3,41.8719341,-87.7840723,ok,Partial Access Control,3,03-19-09433,2019,,3,28,50000 and OVER,9,4295,Oak Park,C,Urban InterState (PAS),0,16,25,10481896,6,Cook,0,19,,,2,N,No,(UNK),201901205664,ISP,1,22.6,Y,,,,(UNK),136329,(N/A),(UNK),No Defects,1,1,InterState (PAS),1,9290,X001587610,Not Toll,73,1,1,Divided With Median Barrier,3,2945500.20294117,1904864.28976665,41.87192629588312,-87.7841,,Urban,1,N,(N/A),Y,(N/A)
2019,2019-06-26,Wednesday,09,09:22 AM,Property Damage,No Injuries,0,0,0,0,0,2,Turning,10,N,N,Failing to Yield Right of Way,Failing to Yield Right of Way,Daylight,Clear,Dry,N,,,,,No Controls,No Controls,N,2,41.8882301,-87.7815089,ok,(UNK),1,1903500,2019,,2,2,50000 and OVER,9,4295,Oak Park,C,Urban Major Collector,0,16,26,10481446,6,Cook,0,19,,,3,N,No,Slow,201901205226,City,1,1.01,N,,,,(UNK),136398,(N/A),(UNK),No Defects,1,1,Major Collector,5,1405,X001587113,Not Toll,73,1,1,Alley,12,2946033.25913013,1910822.2432222,41.888222256413776,-87.7815,,Urban,1,N,(N/A),Y,(N/A)
2019,2019-06-24,Monday,17,05:00 PM,Property Damage,No Injuries,0,0,0,0,0,2,Front to Rear,11,N,N,Following Too Closely,Failing to Reduce Speed to Avoid Crash,Daylight,Clear,Dry,N,,,,,Other,Functioning Properly,N,2,41.8737783,-87.8045294,ok,Partial Access Control,3,03-19-09394,2019,,3,28,50000 and OVER,9,4295,Oak Park,C,Urban InterState (PAS),0,16,24,10481918,6,Cook,0,19,,,1,N,No,(UNK),201901205689,ISP,1,21.58,Y,,,,(UNK),136469,(N/A),(UNK),No Defects,1,1,InterState (PAS),1,9290,X001587632,Not Toll,73,13,4,Divided With Median Barrier,3,2939909.71356614,1905382.26827109,41.873770498216345,-87.8045,,Urban,1,N,(N/A),Y,(N/A)
2019,2019-06-25,Tuesday,15,03:00 PM,Property Damage,No Injuries,0,0,0,0,0,2,Turning,10,N,N,Unable to Determine,Unable to Determine,Daylight,Clear,Dry,Y,,,,,Traffic Signal,Functioning Properly,Y,2,41.8651105,-87.8042183,ok,(N/A),1,2019,,,18,18,50000 and OVER,9,4295,Oak Park,C,Urban Other Principal Arte,6,16,25,10480990,6,Cook,C,19,0,,2,X001586799,Slow,(UNK),201901204711,Other,1,25.01,Y,,,,(UNK),136713,(N/A),(UNK),No Defects,1,1,No Median Barrier,3,5043,19-2030,Urban,73,3,4,Divided,2,2940081.4192145,1902225.88731387,41.86510265376852,-87.8042,,No,1,(N/A),N,Y,N
2019,2019-06-01,Saturday,17,05:00 PM,Property Damage,No Injuries,0,0,0,0,0,2,Front to Rear,11,N,N,Failing to Reduce Speed to Avoid Crash,Following Too Closely,Daylight,Clear,Dry,N,,,,,No Controls,No Controls,N,2,41.8709506,-87.7744131,ok,Partial Access Control,3,03-19-08150,2019,,28,3,50000 and OVER,9,4295,Oak Park,C,Urban InterState (PAS),0,16,1,10482392,6,Cook,0,19,,,6,N,No,(UNK),201901206020,ISP,1,23.08,Y,,,,(UNK),137275,(N/A),(UNK),No Defects,1,1,InterState (PAS),1,9290,X001587947,Not Toll,73,1,1,Divided With Median Barrier,3,2948141.09094957,1904579.09715654,41.870942792742476,-87.7744,,Urban,1,N,(N/A),Y,(N/A)
2019,2019-06-17,Monday,01,01:15 AM,Injury,B Injury Crash,1,0,0,1,0,2,Sideswipe Same Direction,12,N,N,Failing to Reduce Speed to Avoid Crash,Improper Lane Usage,Darkness / Lighted Road,Clear,Dry,N,,,,,No Controls,Functioning Properly,Y,3,41.8725458,-87.7950288,ok,Partial Access Control,3,03-19-08978,2019,,28,20,50000 and OVER,9,4295,Oak Park,C,Urban InterState (PAS),0,16,17,10483111,6,Cook,2,19,,,1,N,No,(UNK),201901206757,ISP,5,22.02,Y,,,,(UNK),137310,(N/A),(UNK),No Defects,1,1,InterState (PAS),1,9290,X001588650,Not Toll,,1,4,Divided With Median Barrier,3,2942509.76501577,1905004.51681284,41.872538,-87.795,,Urban,1,N,(N/A),Y,(N/A)
2019,2019-06-01,Saturday,13,01:05 PM,Property Damage,No Injuries,0,0,0,0,0,3,Sideswipe Same Direction,12,N,N,Improper Lane Usage,Failing to Reduce Speed to Avoid Crash,Daylight,Clear,Dry,N,,,,,Traffic Signal,Functioning Properly,Y,3,41.8715996,-87.7802083,ok,Partial Access Control,3,03-19-08065,2019,,20,28,50000 and OVER,9,4295,Oak Park,C,Urban InterState (PAS),0,16,1,10482910,6,Cook,0,19,,,6,N,No,(UNK),201901206541,ISP,1,22.79,Y,,,,(UNK),137751,(N/A),(UNK),No Defects,1,1,InterState (PAS),1,9290,X001588449,Not Toll,73,3,4,Divided With Median Barrier,3,2946556.02582049,1904771.61273199,41.87159171025044,-87.7802,,Urban,1,N,(N/A),Y,(N/A)
2019,2019-06-01,Saturday,17,05:48 PM,Property Damage,No Injuries,0,0,0,0,0,4,Front to Rear,11,N,N,Following Too Closely,Failing to Reduce Speed to Avoid Crash,Daylight,Clear,Dry,N,,,,,Other Regualtory Sig,Functioning Properly,N,2,41.8712623,-87.7749,ok,Partial Access Control,3,03-19-08079,2019,,3,28,50000 and OVER,9,4295,Oak Park,C,Urban InterState (PAS),0,16,1,10482912,6,Cook,0,19,,,6,N,No,(UNK),201901206543,ISP,1,23.06,Y,,,,(UNK),137753,(N/A),(UNK),No Defects,1,1,InterState (PAS),1,9290,X001588451,Not Toll,73,10,4,Divided With Median Barrier,3,2948005.29848485,1904688.96212121,41.87125442023723,-87.7749,,Urban,1,N,(N/A),Y,(N/A)
2019,2019-06-23,Sunday,18,06:20 PM,Property Damage,No Injuries,0,0,0,0,0,3,Fixed Object,6,N,N,Following Too Closely,Failing to Reduce Speed to Avoid Crash,Daylight,Rain,Wet,N,,,,,No Controls,Functioning Properly,N,2,41.8715228,-87.7824708,ok,Partial Access Control,3,03-19-09347,2019,,3,28,50000 and OVER,9,4295,Oak Park,C,Urban InterState (PAS),0,16,23,10481832,6,Cook,0,19,,,7,N,No,(UNK),201901205594,ISP,1,22.68,Y,,,,(UNK),137976,(N/A),(UNK),No Defects,1,2,InterState (PAS),1,9290,X001587547,Not Toll,,1,4,Divided With Median Barrier,3,2945940.56358065,1904726.52457754,41.871515,-87.7825,,Urban,2,N,(N/A),Y,(N/A)
2019,2019-06-13,Thursday,13,01:50 PM,Property Damage,No Injuries,0,0,0,0,0,2,Sideswipe Same Direction,12,N,N,Improper Lane Usage,Failing to Reduce Speed to Avoid Crash,Daylight,Clear,Dry,N,,,,,No Controls,Functioning Properly,N,2,41.8726197,-87.7938183,ok,Partial Access Control,3,03-19-08868,2019,,20,28,50000 and OVER,9,4295,Oak Park,C,Urban InterState (PAS),0,16,13,10484242,6,Cook,0,19,,,4,N,No,(UNK),201901208149,ISP,1,22.08,Y,,,,(UNK),138292,(N/A),(UNK),No Defects,1,1,InterState (PAS),1,9290,X001589751,Not Toll,73,1,4,Divided With Median Barrier,3,2942838.72816399,1905040.54991087,41.872611861445456,-87.7938,,Urban,1,N,(N/A),Y,(N/A)
2019,2019-05-29,Wednesday,19,07:15 PM,Property Damage,No Injuries,0,0,0,0,0,2,Front to Rear,11,N,N,Following Too Closely,Failing to Reduce Speed to Avoid Crash,Daylight,Unknown,Unknown,N,,,,,No Controls,No Controls,N,2,41.8734958,-87.8043949,ok,Partial Access Control,3,03-19-08070,2019,,3,28,50000 and OVER,9,4295,Oak Park,C,Urban InterState (PAS),0,16,29,10483634,5,Cook,0,19,,,3,N,No,(UNK),201901207360,ISP,1,7.71,Y,,,,(UNK),138342,(N/A),(UNK),No Defects,1,9,InterState (PAS),1,290,X001589150,Not Toll,73,1,1,Divided With Median Barrier,3,2939949.16745955,1905280.30859353,41.87348794338867,-87.8044,,Urban,9,N,(N/A),Y,(N/A)
2019,2019-06-05,Wednesday,07,07:00 AM,Property Damage,No Injuries,0,0,0,0,0,3,Front to Rear,11,N,N,Following Too Closely,Failing to Reduce Speed to Avoid Crash,Daylight,Clear,Wet,N,,,,,No Controls,No Controls,N,3,41.8725045,-87.7941219,ok,Partial Access Control,3,03-19-08255,2019,,3,28,50000 and OVER,9,4295,Oak Park,C,Urban InterState (PAS),0,16,5,10482196,6,Cook,0,19,,,3,N,No,(UNK),201901205834,ISP,1,22.06,Y,,,,(UNK),138394,(N/A),(UNK),No Defects,1,2,InterState (PAS),1,9290,X001587765,Not Toll,73,1,1,Divided With Median Barrier,3,2942757.19407811,1904996.27155778,41.87249663320202,-87.7941,,Urban,1,N,(N/A),Y,(N/A)
2019,2019-06-17,Monday,14,02:00 PM,Property Damage,No Injuries,0,0,0,0,0,4,Front to Rear,11,N,N,Following Too Closely,Failing to Reduce Speed to Avoid Crash,Daylight,Clear,Dry,N,,,,,No Controls,No Controls,N,4,41.8723397,-87.7887901,ok,Partial Access Control,3,03-19-09008,2019,,3,28,50000 and OVER,9,4295,Oak Park,C,Urban InterState (PAS),0,16,17,10483651,6,Cook,0,19,,,1,N,No,(UNK),201901207383,ISP,1,22.35,Y,,,,(UNK),138470,(N/A),(UNK),No Defects,1,1,InterState (PAS),1,9290,X001589167,Not Toll,73,1,1,Divided With Median Barrier,3,2944211.09180978,1904976.44517834,41.87233189530114,-87.7888,,Urban,1,N,(N/A),Y,(N/A)
2019,2019-06-17,Monday,15,03:50 PM,Property Damage,No Injuries,0,0,0,0,0,2,Front to Rear,11,N,N,Physical Condition of Driver,Failing to Reduce Speed to Avoid Crash,Daylight,Clear,Dry,N,,,,,No Controls,No Controls,N,2,41.8737246,-87.8039315,ok,Partial Access Control,3,03-19-09013,2019,,17,28,50000 and OVER,9,4295,Oak Park,C,Urban InterState (PAS),0,16,17,10483653,6,Cook,0,19,,,1,N,No,(UNK),201901207385,ISP,1,21.61,Y,,,,(UNK),138472,(N/A),(UNK),No Defects,1,1,InterState (PAS),1,9290,X001589169,Not Toll,73,1,1,Divided With Median Barrier,3,2940073.10606061,1905367.16666667,41.87371675151644,-87.8039,,Urban,1,N,(N/A),Y,(N/A)
2019,2019-06-02,Sunday,07,07:50 AM,Property Damage,No Injuries,0,0,0,0,0,2,Front to Rear,11,N,N,Failing to Reduce Speed to Avoid Crash,Following Too Closely,Daylight,Clear,Dry,N,,,,,Other Warning Sign,Functioning Properly,Y,2,41.873677,-87.8033943,ok,Partial Access Control,3,03-19-08635,2019,,28,3,50000 and OVER,9,4295,Oak Park,C,Urban InterState (PAS),0,16,2,10483310,6,Cook,0,19,,,7,N,No,(UNK),201901206952,ISP,1,21.63,Y,,,,(UNK),138589,(N/A),(UNK),No Defects,1,1,InterState (PAS),1,9290,X001588832,Not Toll,73,11,4,Divided With Median Barrier,3,2940219.89126783,1905353.84944523,41.873669149015136,-87.8034,,Urban,1,N,(N/A),Y,(N/A)
2019,2019-06-13,Thursday,17,05:15 PM,Property Damage,No Injuries,0,0,0,0,0,3,Front to Rear,11,N,N,Following Too Closely,Failing to Reduce Speed to Avoid Crash,Daylight,Clear,Dry,N,,,,,Other,Functioning Properly,N,2,41.8723695,-87.7890872,ok,Partial Access Control,3,03-19-08787,2019,,3,28,50000 and OVER,9,4295,Oak Park,C,Urban InterState (PAS),0,16,13,10483949,6,Cook,0,19,,,4,N,No,(UNK),201901207769,ISP,1,22.34,Y,,,,(UNK),138610,(N/A),(UNK),No Defects,1,1,InterState (PAS),1,9290,X001589459,Not Toll,73,13,4,Divided With Median Barrier,3,2944129.85386177,1904985.03003518,41.87236160871039,-87.7891,,Urban,1,N,(N/A),Y,(N/A)
2019,2019-06-23,Sunday,12,12:40 PM,Property Damage,No Injuries,0,0,0,0,0,3,Front to Rear,11,N,N,Following Too Closely,Failing to Reduce Speed to Avoid Crash,Daylight,Clear,Dry,N,,,,,No Controls,No Controls,N,3,41.8722878,-87.8040088,ok,(UNK),3,03-19-09326,2019,,3,28,50000 and OVER,9,4295,Oak Park,C,Urban Local Road or Street,0,16,23,10482222,6,Cook,0,19,,,7,N,No,(UNK),201901205848,ISP,1,0.03,N,,,,(UNK),138631,(N/A),(UNK),No Defects,1,1,Local Road or Street,7,4062,X001587778,Not Toll,,1,1,Divided With Median Barrier,3,2940066.46262566,1904843.00926267,41.87228,-87.804,,Urban,1,N,(N/A),Y,(N/A)
2019,2019-06-25,Tuesday,05,05:00 AM,Property Damage,No Injuries,0,0,0,0,0,2,Sideswipe Same Direction,12,N,N,Improper Lane Usage,Failing to Yield Right of Way,Dawn,Clear,Dry,N,,,,,Other,Functioning Properly,N,2,41.871513,-87.7789302,ok,Partial Access Control,3,03-19-09415,2019,,20,2,50000 and OVER,9,4295,Oak Park,C,Urban InterState (PAS),0,16,25,10484656,6,Cook,0,19,,,2,N,No,(UNK),201901208606,ISP,2,22.86,Y,,,,(UNK),138830,(N/A),(UNK),No Defects,1,1,InterState (PAS),1,9290,X001590126,Not Toll,73,13,4,Divided With Median Barrier,3,2946905.03008286,1904749.76250892,41.871505170405186,-87.7789,,Urban,1,N,(N/A),Y,(N/A)
2019,2019-06-25,Tuesday,14,02:30 PM,Property Damage,No Injuries,0,0,0,0,0,3,Turning,10,N,N,Improper Turning/No Signal,Failing to Yield Right of Way,Daylight,Clear,Dry,N,,,,,No Controls,No Controls,N,2,41.880897,-87.8047632,ok,(N/A),3,2019,,,6,2,50000 and OVER,9,4295,Oak Park,C,Urban Other Principal Arte,0,16,25,10483980,6,Cook,I,19,0,,2,X001589490,(UNK),(UNK),201901207815,Other,1,19.59,Y,,,,(UNK),138868,(N/A),(UNK),No Defects,1,1,No Median Barrier,3,348,03-19-09454,Urban,73,1,1,Divided,2,2939774.61353944,1907974.69323405,41.88088918856269,-87.8048,,No,1,(N/A),N,Y,N
2019,2019-06-09,Sunday,22,10:52 PM,Property Damage,No Injuries,0,0,0,0,0,2,Front to Rear,11,N,N,Following Too Closely,Failing to Reduce Speed to Avoid Crash,Darkness / Lighted Road,Clear,Dry,N,,,,,Other Regualtory Sig,Functioning Properly,N,2,41.8709528,-87.7747468,ok,Partial Access Control,3,03-19-08532,2019,,3,28,50000 and OVER,9,4295,Oak Park,C,Urban InterState (PAS),0,16,9,10484408,6,Cook,0,19,,,7,N,No,(UNK),201901208310,ISP,5,23.07,Y,,,,(UNK),139306,(N/A),(UNK),No Defects,1,1,InterState (PAS),1,9290,X001589879,Not Toll,,10,4,Divided With Median Barrier,3,2948050.18572608,1904577.36782171,41.870945,-87.7747,,Urban,1,N,(N/A),Y,(N/A)