crash_year,crash_date,day_of_week,crash_hour,time_of_crash,crash_severity,crash_injury_severity,total_injured,total_fatals,a_injuries,b_injuries,c_injuries,no_injuries,type_of_first_crash,collision_type_code,pedestrian_involved,pedalcyclist_involved,cause1,cause2,lighting_cond,weather_cond,road_surface_cond,intersection_related,is_intersection,highway_or_street_name,at_intersection_with,address_no,traffic_control_device,traffic_control_device_cond,hit_and_run,number_of_vehicles,latitude,longitude,location_status,access_control,agency_code,agency_report_number,agency_report_year,alignment_code,cause1_code,cause2_code,city_class,city_class_code,city_code,city_name,city_township_flag,class_of_trafficway,class_of_trafficway_code,county_code,crash_day,crash_id,crash_month,crash_report_county,crash_severity_cd,crash_yr_source,damaged_property1,damaged_property2,day_of_week_code,did_crash_occur_in_work_zone,did_involve_secondary_crash,flow_condition,icn,investigating_agency_descrip,light_condition_code,mile_station,nhs,non_intersection_direction,non_intersection_distance,non_intersection_units,number_of_lanes,objectid,railroad_crossing_number,road_alignment,road_defects,road_defects_code,road_surface_condition_code,roadway_functional_class,roadway_functional_class_code,route_number,sfe,toll,township,traffic_control_device_code,traffic_control_device_cond_code,trafficway_descrip,trafficway_description_code,ts_crash_coordinate_x,ts_crash_coordinate_y,ts_crash_latitude,ts_crash_longitude,type_report,urban_rural,weather_code,were_workers_present,work_zone,work_zone_related,work_zone_type
2019,2019-06-08,Saturday,16,04:00 PM,Property Damage,No Injuries,0,0,0,0,0,2,Front to Rear,11,N,N,Following Too Closely,Failing to Reduce Speed to Avoid Crash,Daylight,Clear,Snow or Slush,N,,,,,Other,Functioning Properly,N,2,41.8729538,-87.7988988,ok,Partial Access Control,3,03-19-08500,2019,,3,28,50000 and OVER,9,4295,Oak Park,C,Urban InterState (PAS),0,16,8,10484041,6,Cook,0,19,,,6,N,No,(UNK),201901207891,ISP,1,21.84,Y,,,,(UNK),139350,(N/A),(UNK),No Defects,1,3,InterState (PAS),1,9290,X001589551,Not Toll,,13,4,Divided With Median Barrier,3,2941451.58540437,1905124.08346059,41.872946,-87.7989,,Urban,1,N,(N/A),Y,(N/A)
2019,2019-06-22,Saturday,00,00:30 AM,Property Damage,No Injuries,0,0,0,0,0,2,Front to Rear,11,N,N,Under Influence of Alcohol/Drugs,Failing to Reduce Speed to Avoid Crash,Darkness / Lighted Road,Clear,Dry,N,,,,,No Controls,Functioning Properly,N,2,41.8737714,-87.8044268,ok,Partial Access Control,3,03-19-09263,2019,,8,28,50000 and OVER,9,4295,Oak Park,C,Urban InterState (PAS),0,16,22,10485048,6,Cook,0,19,,,6,N,No,(UNK),201901209029,ISP,5,21.58,Y,,,,(UNK),139451,(N/A),(UNK),No Defects,1,1,InterState (PAS),1,9290,X001590492,Not Toll,73,1,4,Divided With Median Barrier,3,2939937.71613452,1905380.49438351,41.873763519925134,-87.8044,,Urban,1,N,(N/A),Y,(N/A)
2019,2019-06-08,Saturday,10,10:45 AM,Injury,B Injury Crash,3,0,0,3,0,4,Front to Rear,11,N,N,Failing to Reduce Speed to Avoid Crash,Following Too Closely,Daylight,Clear,Dry,N,,,,,No Controls,No Controls,N,4,41.8719427,-87.784193,ok,Partial Access Control,3,03-19-08446,2019,,28,3,50000 and OVER,9,4295,Oak Park,C,Urban InterState (PAS),0,16,8,10485394,6,Cook,2,19,,,6,N,No,(UNK),201901209447,ISP,1,22.6,Y,,,,(UNK),139479,(N/A),(UNK),No Defects,1,1,InterState (PAS),1,9290,X001590836,Not Toll,73,1,1,Divided With Median Barrier,3,2945467.22965613,1904866.48280267,41.87193482004281,-87.7842,,Urban,1,N,(N/A),Y,(N/A)
2019,2019-06-10,Monday,18,06:00 PM,Property Damage,No Injuries,0,0,0,0,0,2,Front to Rear,11,N,N,Failing to Reduce Speed to Avoid Crash,Following Too Closely,Daylight,Clear,Dry,N,,,,,Other,Functioning Properly,Y,2,41.8718094,-87.7826532,ok,Partial Access Control,3,03-19-08587,2019,,28,3,50000 and OVER,9,4295,Oak Park,C,Urban InterState (PAS),0,16,10,10484804,6,Cook,0,19,,,1,N,No,(UNK),201901208751,ISP,1,22.67,Y,,,,(UNK),139908,(N/A),(UNK),No Defects,1,1,InterState (PAS),1,9290,X001590252,Not Toll,73,13,4,Divided With Median Barrier,3,2945887.97058824,1904829.56951872,41.87180155585663,-87.7826,,Urban,1,N,(N/A),Y,(N/A)
2019,2019-06-20,Thursday,18,06:00 PM,Property Damage,No Injuries,0,0,0,0,0,2,Front to Rear,11,N,N,Failing to Reduce Speed to Avoid Crash,Following Too Closely,Daylight,Clear,Dry,N,,,,,No Controls,No Controls,N,2,41.8735322,-87.8036239,ok,Partial Access Control,3,03-19-09195,2019,,28,3,50000 and OVER,9,4295,Oak Park,C,Urban InterState (PAS),8,16,20,10485156,6,Cook,0,19,,,4,N,No,(UNK),201901209160,ISP,1,0,Y,,,,(UNK),139953,(N/A),(UNK),No Defects,1,1,InterState (PAS),1,,X001590598,Not Toll,73,1,1,Ramp,11,2940158.80359043,1905299.35310181,41.87352433290049,-87.8036,,Urban,1,N,(N/A),Y,(N/A)
2019,2019-06-18,Tuesday,15,03:15 PM,Property Damage,No Injuries,0,0,0,0,0,2,Front to Rear,11,N,N,Failing to Reduce Speed to Avoid Crash,Following Too Closely,Daylight,Clear,Dry,N,,,,,Other,Functioning Properly,N,2,41.8736555,-87.8031537,ok,Partial Access Control,3,03-19-09062,2019,,28,3,50000 and OVER,9,4295,Oak Park,C,Urban InterState (PAS),0,16,18,10484818,6,Cook,0,19,,,2,N,No,(UNK),201901208766,ISP,1,21.64,Y,,,,(UNK),140014,(N/A),(UNK),No Defects,1,1,InterState (PAS),1,9290,X001590265,Not Toll,73,13,4,Divided With Median Barrier,3,2940285.64965265,1905347.81291906,41.873647629321795,-87.8031,,Urban,1,N,(N/A),Y,(N/A)
2019,2019-06-18,Tuesday,15,03:00 PM,Property Damage,No Injuries,0,0,0,0,0,2,Front to Rear,11,N,N,Failing to Reduce Speed to Avoid Crash,Following Too Closely,Daylight,Clear,Dry,N,,,,,Other,Functioning Properly,N,2,41.8734398,-87.8040198,ok,Partial Access Control,3,03-19-09076,2019,,28,3,50000 and OVER,9,4295,Oak Park,C,Urban InterState (PAS),0,16,18,10484820,6,Cook,0,19,,,2,N,No,(UNK),201901208768,ISP,1,21.6,Y,,,,(UNK),140016,(N/A),(UNK),No Defects,1,1,InterState (PAS),1,9290,X001590267,Not Toll,,13,4,Divided With Median Barrier,3,2940051.90500881,1905262.73590584,41.873432,-87.804,,Urban,1,N,(N/A),Y,(N/A)
2019,2019-06-27,Thursday,15,03:25 PM,Property Damage,No Injuries,0,0,0,0,0,3,Front to Rear,11,N,N,Failing to Reduce Speed to Avoid Crash,Following Too Closely,Daylight,Clear,Dry,N,,,,,Other,Functioning Properly,N,2,41.8718143,-87.7826971,ok,Partial Access Control,3,03-19-09590,2019,,28,3,50000 and OVER,9,4295,Oak Park,C,Urban InterState (PAS),0,16,27,10484830,6,Cook,0,19,,,4,N,No,(UNK),201901208779,ISP,1,22.66,Y,,,,(UNK),140089,(N/A),(UNK),No Defects,1,1,InterState (PAS),1,9290,X001590277,Not Toll,73,13,4,Divided With Median Barrier,3,2945875.97220888,1904831.00622897,41.871806409513496,-87.7827,,Urban,1,N,(N/A),Y,(N/A)
2019,2019-06-14,Friday,04,04:33 AM,Injury,B Injury Crash,2,0,0,2,0,0,Turning,10,N,N,Failing to Reduce Speed to Avoid Crash,Disregarding Other Traffic Signs,Darkness / Lighted Road,Clear,Dry,N,,,,,Traffic Signal,Functioning Properly,N,2,41.8711475,-87.7747173,ok,Partial Access Control,3,03-19-08809,2019,,28,24,50000 and OVER,9,4295,Oak Park,C,Urban InterState (PAS),8,16,14,10484143,6,Cook,2,19,1 Attenuator,,5,N,No,(UNK),201901208025,ISP,5,0,Y,,,,(UNK),140149,(N/A),(UNK),No Defects,1,1,InterState (PAS),1,,X001589652,Not Toll,73,3,4,Ramp,11,2948056.22774846,1904648.50975305,41.87113960784593,-87.7747,,Urban,1,N,(N/A),Y,(N/A)
2019,2019-06-26,Wednesday,16,04:18 PM,Property Damage,No Injuries,0,0,0,0,0,2,Sideswipe Same Direction,12,N,N,Failing to Yield Right of Way,Unable to Determine,Daylight,Clear,Dry,N,,,,,No Controls,No Controls,N,2,41.9088901,-87.8028953,ok,(UNK),1,1903509,2019,,2,18,50000 and OVER,9,4295,Oak Park,C,Urban Other Principal Arte,0,16,26,10486411,6,Cook,0,19,,,3,N,No,Slow,201901210496,City,1,6.07,Y,,,,(UNK),140472,(N/A),(UNK),No Defects,1,1,Other Principal Arterial (PAS),3,307,X001591426,Not Toll,73,1,1,Divided With Median Barrier,3,2940002.10297914,1918189.92167886,41.90888229459492,-87.8029,,Urban,1,N,(N/A),Y,(N/A)
2019,2019-06-27,Thursday,08,08:51 AM,Property Damage,No Injuries,0,0,0,0,0,2,Sideswipe Same Direction,12,N,N,Failing to Yield Right of Way,(N/A),Daylight,Clear,Dry,N,,,,,No Controls,No Controls,N,2,41.8751637,-87.8009104,ok,(UNK),1,1903524,2019,,2,99,50000 and OVER,9,4295,Oak Park,C,Urban Local Road or Street,0,16,27,10486413,6,Cook,0,19,,,4,N,No,(UNK),201901210498,City,1,0.31,N,,,,(UNK),140473,(N/A),(UNK),No Defects,1,1,Local Road or Street,7,2701,X001591428,Not Toll,73,1,1,Not Divided,1,2940881.47261072,1905914.28194416,41.8751558656594,-87.8009,,Urban,1,N,(N/A),Y,(N/A)
2019,2019-06-26,Wednesday,15,03:28 PM,Property Damage,No Injuries,0,0,0,0,0,5,Angle,15,N,N,Failing to Yield Right of Way,Failing to Yield Right of Way,Daylight,Clear,Dry,N,,,,,No Controls,No Controls,N,2,41.8883293,-87.7847337,ok,(N/A),1,2019,,,2,2,50000 and OVER,9,4295,Oak Park,C,Urban Major Collector,8,16,26,10486415,6,Cook,C,19,0,,3,X001591430,Slow,(UNK),201901210501,Major,1,0,N,,,,(UNK),140474,(N/A),(UNK),No Defects,1,1,No Median Barrier,5,,1903507,Urban,73,1,1,Divided,2,2945154.12512196,1910833.9692647,41.88832140374565,-87.7847,,No,1,(N/A),N,Y,N
2019,2019-06-28,Friday,18,06:15 PM,Property Damage,No Injuries,0,0,0,0,0,4,Front to Rear,11,N,N,Failing to Reduce Speed to Avoid Crash,(N/A),Daylight,Clear,Dry,Y,,,,,Traffic Signal,Functioning Properly,Y,2,41.8883279,-87.7846957,ok,(N/A),1,2019,,,28,99,50000 and OVER,9,4295,Oak Park,C,Urban Major Collector,8,16,28,10488247,6,Cook,C,19,0,,5,X001593375,Slow,(UNK),201901212505,Major,1,0,N,,,,(UNK),140729,(N/A),(UNK),No Defects,1,1,No Median Barrier,5,,1903569,Urban,73,3,4,Divided,2,2945164.49972375,1910833.75321068,41.88832002125631,-87.7847,,No,1,(N/A),N,Y,N
2019,2019-06-28,Friday,17,05:03 PM,Property Damage,No Injuries,0,0,0,0,0,3,Angle,15,N,N,Disregarding Traffic Signals,Failing to Yield Right of Way,Daylight,Clear,Dry,Y,,,,,Traffic Signal,Functioning Properly,N,2,41.8945678,-87.7848658,ok,(N/A),1,2019,,,25,2,50000 and OVER,9,4295,Oak Park,C,Urban Minor Arterial,8,16,28,10488249,6,Cook,C,19,0,,5,X001593377,Free Flow,(UNK),201901212507,Minor,1,0,N,,,,(UNK),140793,(N/A),(UNK),No Defects,1,1,No Median Barrier,4,,1903562,Urban,73,3,4,Divided,2,2945055.0186435,1913106.43468893,41.89455999990235,-87.7849,,No,1,(N/A),N,Y,N
2019,2019-06-28,Friday,17,05:46 PM,Property Damage,No Injuries,0,0,0,0,0,2,Angle,15,N,N,Failing to Yield Right of Way,Failing to Reduce Speed to Avoid Crash,Daylight,Clear,Dry,Y,,,,,Stop Sign,Functioning Properly,N,2,41.8815768,-87.7926484,ok,(UNK),1,1903567,2019,,2,28,50000 and OVER,9,4295,Oak Park,C,Urban Major Collector,,16,28,10488250,6,Cook,0,19,,,5,N,No,Free Flow,201901212508,City,1,0,N,,,,(UNK),140794,(N/A),(UNK),No Defects,1,1,Major Collector,5,,X001593378,Not Toll,73,2,4,Not Divided,1,2943067.02983309,1908313.49867183,41.881568969699174,-87.7926,,Urban,1,N,(N/A),Y,(N/A)
2019,2019-06-28,Friday,07,07:46 AM,Injury,B Injury Crash,1,0,0,1,0,1,Front to Rear,11,N,N,Physical Condition of Driver,Failing to Yield Right of Way,Daylight,Clear,Dry,N,,,,,Police/Flagman,Functioning Properly,N,2,41.8723987,-87.7896418,ok,Partial Access Control,3,03-19-09632,2019,,17,2,50000 and OVER,9,4295,Oak Park,C,Urban InterState (PAS),0,16,28,10488304,6,Cook,2,19,,,5,N,No,(UNK),201901212564,ISP,1,22.3,Y,,,,(UNK),141002,(N/A),(UNK),No Defects,1,1,InterState (PAS),1,9290,X001593440,Not Toll,73,5,4,Divided With Median Barrier,3,2943978.5,1904991.5,41.872390849594815,-87.7896,,Urban,1,N,(N/A),Y,(N/A)
2019,2019-06-28,Friday,12,12:57 PM,Property Damage,No Injuries,0,0,0,0,0,2,Front to Rear,11,N,N,Following Too Closely,Failing to Reduce Speed to Avoid Crash,Daylight,Clear,Dry,N,,,,,Other,Functioning Properly,N,2,41.8737846,-87.8045296,ok,(N/A),3,2019,,,3,28,50000 and OVER,9,4295,Oak Park,C,Urban Other Principal Arte,0,16,28,10488305,6,Cook,I,19,0,,5,X001593441,(UNK),(UNK),201901212565,Other,1,20.08,Y,,,,(UNK),141003,(N/A),(UNK),No Defects,1,1,No Median Barrier,3,348,03-19-09648,Urban,73,13,4,Divided,2,2939909.60583126,1905384.55216383,41.873776768841196,-87.8045,,No,1,(N/A),N,Y,N
2019,2019-06-30,Sunday,14,02:35 PM,Property Damage,No Injuries,0,0,0,0,0,2,Front to Rear,11,N,N,Following Too Closely,Failing to Reduce Speed to Avoid Crash,Daylight,Rain,Wet,N,,,,,Other,Functioning Properly,N,2,41.8726353,-87.7939989,ok,Partial Access Control,3,03-19-09771,2019,,3,28,50000 and OVER,9,4295,Oak Park,C,Urban InterState (PAS),0,16,30,10489743,6,Cook,0,19,,,7,N,No,(UNK),201901213722,ISP,1,22.07,Y,,,,(UNK),141668,(N/A),(UNK),No Defects,1,2,InterState (PAS),1,9290,X001594521,Not Toll,73,13,4,Divided With Median Barrier,3,2942789.38718846,1905044.86818477,41.87262744408612,-87.794,,Urban,2,N,(N/A),Y,(N/A)
2019,2019-07-01,Monday,12,12:40 PM,Property Damage,No Injuries,0,0,0,0,0,2,Sideswipe Same Direction,12,N,N,Improper Lane Usage,Failing to Reduce Speed to Avoid Crash,Daylight,Clear,Dry,N,,,,,No Controls,No Controls,N,2,41.8730848,-87.8002938,ok,Partial Access Control,3,03-19-09833,2019,,20,28,50000 and OVER,9,4295,Oak Park,C,Urban InterState (PAS),0,16,1,10490278,7,Cook,0,19,,,1,N,No,(UNK),201901214246,ISP,1,21.78,Y,,,,(UNK),141769,(N/A),(UNK),No Defects,1,1,InterState (PAS),1,9290,X001595016,Not Toll,,1,1,Divided With Median Barrier,3,2941070.31346508,1905161.33861147,41.873077,-87.8003,,Urban,1,N,(N/A),Y,(N/A)
2019,2019-06-17,Monday,12,12:56 PM,Property Damage,No Injuries,0,0,0,0,0,3,Front to Rear,11,N,N,Following Too Closely,Unable to Determine,Daylight,Clear,Dry,Y,,,,,No Controls,No Controls,N,2,41.8945279,-87.7881271,ok,(UNK),1,1903307,2019,,3,18,50000 and OVER,9,4295,Oak Park,C,Urban Minor Arterial,8,16,17,10488146,6,Cook,0,19,,,1,N,No,(UNK),201901212440,City,1,0,N,,,,(UNK),142604,(N/A),(UNK),No Defects,1,1,Minor Arterial,4,,X001592180,Not Toll,73,1,1,Not Divided,1,2944167.44801001,1913067.23269232,41.89452005901589,-87.7881,,Urban,1,N,(N/A),Y,(N/A)
2019,2019-06-26,Wednesday,18,06:05 PM,Property Damage,No Injuries,0,0,0,0,0,2,Front to Front,14,N,N,Failing to Yield Right of Way,Failing to Reduce Speed to Avoid Crash,Daylight,Cloudy/Overcast,Dry,N,,,,,No Controls,No Controls,N,2,41.8881836,-87.7799864,ok,(N/A),1,2019,,,2,28,50000 and OVER,9,4295,Oak Park,C,Urban Major Collector,0,16,26,10488149,6,Cook,C,19,0,,3,X001592538,(UNK),(UNK),201901212443,Major,1,1.08,N,,,,(UNK),142606,(N/A),(UNK),No Defects,1,1,No Median Barrier,5,1405,1903515,Urban,73,1,1,Divided,2,2946448.33164848,1910816.82313992,41.88817573247736,-87.78,,No,8,(N/A),N,Y,N
2019,2019-06-27,Thursday,17,05:11 PM,Property Damage,No Injuries,0,0,0,0,0,4,Angle,15,N,N,Failing to Yield Right of Way,Failing to Reduce Speed to Avoid Crash,Daylight,Clear,Dry,N,,,,,No Controls,No Controls,Y,2,41.8946276,-87.7800224,ok,(UNK),1,1903543,2019,,2,28,50000 and OVER,9,4295,Oak Park,C,Urban Minor Arterial,8,16,27,10488151,6,Cook,0,19,,,4,N,No,Free Flow,201901212445,City,1,0,N,,,,(UNK),142607,(N/A),(UNK),No Defects,1,1,Minor Arterial,4,,X001592540,Not Toll,73,1,1,Not Divided,1,2946373.14899217,1913164.88489097,41.894619779171585,-87.78,,Urban,1,N,(N/A),Y,(N/A)
2019,2019-06-27,Thursday,16,04:32 PM,Injury,A Injury Crash,1,0,1,0,0,1,Pedestrian,1,Y,N,Distraction - From Outside Vehicle,Failing to Reduce Speed to Avoid Crash,Daylight,Clear,Dry,N,,,,,No Controls,No Controls,N,1,41.8670319,-87.7910547,ok,(UNK),1,1903541,2019,,40,28,50000 and OVER,9,4295,Oak Park,C,Urban Local Road or Street,0,16,27,10488222,6,Cook,3,19,,,4,N,No,Free Flow,201901212481,City,1,0.64,N,,,,(UNK),142703,(N/A),(UNK),No Defects,1,1,Local Road or Street,7,4102,X001592807,Not Toll,73,1,1,Not Divided,1,2943647.82488136,1903025.09420769,41.867024081285415,-87.791,,Urban,1,N,(N/A),Y,(N/A)
2019,2019-07-02,Tuesday,11,11:05 AM,Property Damage,No Injuries,0,0,0,0,0,2,Front to Rear,11,N,N,Following Too Closely,Failing to Reduce Speed to Avoid Crash,Daylight,Clear,Dry,N,,,,,No Controls,Functioning Properly,N,2,41.8732018,-87.7988528,ok,Partial Access Control,3,03-19-09897,2019,,3,28,50000 and OVER,9,4295,Oak Park,C,Urban InterState (PAS),0,16,2,10491982,7,Cook,0,19,,,2,N,No,(UNK),201901216048,ISP,1,21.85,Y,,,,(UNK),143309,(N/A),(UNK),No Defects,1,1,InterState (PAS),1,9290,X001596454,Not Toll,,1,4,Divided With Median Barrier,3,2941461.61999143,1905214.80488283,41.873194,-87.7988,,Urban,1,N,(N/A),Y,(N/A)
2019,2019-05-11,Saturday,17,05:18 PM,Property Damage,No Injuries,0,0,0,0,0,3,Turning,10,N,N,Improper Turning/No Signal,Improper Overtaking/Passing,Daylight,Rain,Wet,Y,,,,,Traffic Signal,Functioning Properly,Y,2,41.8736416,-87.8045258,ok,Partial Access Control,1,19-01459,2019,,6,4,50000 and OVER,9,4295,Oak Park,C,Urban InterState (PAS),6,16,11,10489150,5,Cook,0,19,,,6,N,No,Stopped,201901213147,City,1,25.61,Y,,,,(UNK),143383,(N/A),(UNK),No Defects,1,2,InterState (PAS),1,5043,X001593983,Not Toll,73,3,4,Divided With Median Barrier,3,2939912.062394,1905332.46992192,41.873633772562904,-87.8045,,Urban,2,N,(N/A),Y,(N/A)
2019,2019-06-28,Friday,18,06:30 PM,Property Damage,No Injuries,0,0,0,0,0,4,Front to Rear,11,N,N,Failing to Reduce Speed to Avoid Crash,Unable to Determine,Dusk,Clear,Dry,N,,,,,No Controls,No Controls,N,2,41.8763268,-87.7805634,ok,(UNK),1,1903568,2019,,28,18,50000 and OVER,9,4295,Oak Park,C,Urban Local Road or Street,0,16,28,10491008,6,Cook,0,19,,,5,N,No,Slow,201901215040,City,3,0.75,N,,,,(UNK),143491,(N/A),(UNK),No Defects,1,1,Local Road or Street,7,4025,X001595589,Not Toll,73,1,1,Not Divided,1,2946411.3861971,1906491.61966553,41.87631896134568,-87.7806,,Urban,1,N,(N/A),Y,(N/A)
2019,2019-06-29,Saturday,14,02:07 PM,Injury,C Injury Crash,1,0,0,0,1,3,Front to Rear,11,N,N,Following Too Closely,Failing to Reduce Speed to Avoid Crash,Daylight,Clear,Dry,N,,,,,Traffic Signal,Functioning Properly,N,2,41.888316,-87.7843059,ok,(N/A),1,2019,,,3,28,50000 and OVER,9,4295,Oak Park,C,Urban Major Collector,0,16,29,10491010,6,Cook,C,19,1,,6,X001595591,Stopped,(UNK),201901215043,Major,1,0.87,N,,,,(UNK),143512,(N/A),(UNK),No Defects,1,1,No Median Barrier,5,1405,1903589,Urban,73,3,4,Divided,2,2945270.7452972,1910832.36954302,41.88830813545362,-87.7843,,No,1,(N/A),N,Y,N
2019,2019-06-30,Sunday,15,03:38 PM,Property Damage,No Injuries,0,0,0,0,0,2,Angle,15,N,N,Failing to Yield Right of Way,Weather,Daylight,Rain,Wet,Y,,,,,Stop Sign,Functioning Properly,N,2,41.8760989,-87.7953292,ok,(UNK),1,1903615,2019,,2,11,50000 and OVER,9,4295,Oak Park,C,Urban Local Road or Street,8,16,30,10491013,6,Cook,0,19,SHRUB,,7,N,No,Free Flow,201901215046,City,1,0,N,,,,(UNK),143513,(N/A),(UNK),No Defects,1,2,Local Road or Street,7,,X001595594,Not Toll,73,2,4,Not Divided,1,2942392.1578275,1906297.06215284,41.87609108277682,-87.7953,,Urban,2,N,(N/A),Y,(N/A)
2019,2019-06-29,Saturday,23,11:23 PM,Property Damage,No Injuries,0,0,0,0,0,2,Parked Motor Vehicle,9,N,N,Evasive Action Due to Animal / Object / Non-Motorist,Failing to Reduce Speed to Avoid Crash,Darkness / Lighted Road,Clear,Dry,N,,,,,No Controls,No Controls,N,2,41.8907867,-87.7798618,ok,(UNK),1,1903601,2019,,32,28,50000 and OVER,9,4295,Oak Park,C,Urban Local Road or Street,0,16,29,10491014,6,Cook,0,19,,,6,N,No,(UNK),201901215047,City,5,1.27,N,,,,(UNK),143514,(N/A),(UNK),No Defects,1,1,Local Road or Street,7,3559,X001595595,Not Toll,73,1,1,Not Divided,1,2946455.84424953,1911766.40158737,41.89077887336895,-87.7799,,Urban,1,N,(N/A),Y,(N/A)
2019,2019-06-29,Saturday,13,01:17 PM,Property Damage,No Injuries,0,0,0,0,0,2,Sideswipe Same Direction,12,N,N,Failing to Yield Right of Way,Failing to Reduce Speed to Avoid Crash,Daylight,Clear,Dry,N,,,,,Traffic Signal,Functioning Properly,N,2,41.8720881,-87.8044574,ok,(N/A),1,2019,,,2,28,50000 and OVER,9,4295,Oak Park,C,Urban Other Principal Arte,0,16,29,10491015,6,Cook,C,19,0,,6,X001595596,Stopped,(UNK),201901215048,Other,1,20.2,Y,,,,(UNK),143515,(N/A),(UNK),No Defects,1,1,No Median Barrier,3,348,1903587,Urban,73,3,4,Divided,2,2939946.27990901,1904766.8400114,41.87208021761385,-87.8045,,No,1,(N/A),N,Y,N
2019,2019-06-29,Saturday,15,03:26 PM,Injury,B Injury Crash,1,0,0,1,0,1,Front to Rear,11,N,N,Failing to Reduce Speed to Avoid Crash,Unable to Determine,Daylight,Clear,Dry,N,,,,,No Controls,No Controls,N,2,41.8943637,-87.7973695,ok,(N/A),1,2019,,,28,18,50000 and OVER,9,4295,Oak Park,C,Urban Minor Arterial,0,16,29,10491017,6,Cook,C,19,2,,6,X001595598,Stopped,(UNK),201901215051,Minor,1,2.96,N,,,,(UNK),143517,(N/A),(UNK),No Defects,1,1,No Median Barrier,4,1398,1903594,Urban,73,1,1,Divided,2,2941652.59219658,1912937.74127071,41.89435588945546,-87.7974,,No,1,(N/A),N,Y,N
2019,2019-06-27,Thursday,09,09:15 AM,Property Damage,No Injuries,0,0,0,0,0,2,Front to Rear,11,N,N,Equipment-Vehicle Condition,Following Too Closely,Daylight,Clear,Dry,N,,,,,No Controls,No Controls,N,2,41.8737722,-87.8044638,ok,Partial Access Control,3,03-19-09641,2019,,10,3,50000 and OVER,9,4295,Oak Park,C,Urban InterState (PAS),0,16,27,10490166,6,Cook,0,19,,,4,N,No,(UNK),201901214139,ISP,1,21.58,Y,,,,(UNK),143556,(N/A),(UNK),No Defects,1,1,InterState (PAS),1,9290,X001594910,Not Toll,73,1,1,Divided With Median Barrier,3,2939927.64134742,1905380.5343461,41.87376439017973,-87.8045,,Urban,1,N,(N/A),Y,(N/A)
2019,2019-06-29,Saturday,12,12:03 PM,Injury,B Injury Crash,1,0,0,1,0,1,Angle,15,N,N,(N/A),(N/A),Daylight,Clear,Dry,N,,,,,No Controls,No Controls,N,2,41.8881829,-87.7799649,ok,(N/A),1,2019,,,99,99,50000 and OVER,9,4295,Oak Park,C,Urban Major Collector,0,16,29,10491020,6,Cook,C,19,2,,6,X001595602,Free Flow,(UNK),201901215054,Major,1,1.08,N,,,,(UNK),143574,(N/A),(UNK),No Defects,1,1,No Median Barrier,5,1405,1903579,Urban,73,1,1,Divided,2,2946454.17238098,1910816.73761128,41.88817505227851,-87.78,,No,1,(N/A),N,Y,N
2019,2019-07-01,Monday,14,02:16 PM,Property Damage,No Injuries,0,0,0,0,0,1,Fixed Object,6,N,N,Failing to Reduce Speed to Avoid Crash,Unable to Determine,Daylight,Clear,Dry,N,,,,,No Controls,No Controls,N,1,41.8722073,-87.7965546,ok,(UNK),1,1903636,2019,,28,18,50000 and OVER,9,4295,Oak Park,C,Urban Local Road or Street,8,16,1,10491021,7,Cook,0,19,GUARD POST,,1,N,No,Free Flow,201901215055,City,1,0,N,,,,(UNK),143575,(N/A),(UNK),No Defects,1,1,Local Road or Street,7,,X001595603,Not Toll,73,1,1,Alley,12,2942097.57910109,1904869.65121153,41.872199432685214,-87.7965,,Urban,1,N,(N/A),Y,(N/A)
2019,2019-07-01,Monday,13,01:02 PM,Property Damage,No Injuries,0,0,0,0,0,2,Angle,15,N,N,Failing to Yield Right of Way,Vision Obscured,Daylight,Clear,Dry,N,,,,,No Controls,No Controls,N,2,41.9088963,-87.8023977,ok,(N/A),1,2019,,,2,14,50000 and OVER,9,4295,Oak Park,C,Urban Other Principal Arte,0,16,1,10491023,7,Cook,C,19,0,,1,X001595606,Free Flow,(UNK),201901215057,Other,1,129.34,Y,,,,(UNK),143576,(N/A),(UNK),No Defects,1,1,No Median Barrier,3,5064,1903634,Urban,73,1,1,Divided,2,2940137.50595008,1918195.90434369,41.908888461051795,-87.8024,,No,1,(N/A),N,Y,N
2019,2019-06-29,Saturday,20,08:27 PM,Property Damage,No Injuries,0,0,0,0,0,1,Fixed Object,6,N,N,Physical Condition of Driver,Improper Lane Usage,Darkness / Lighted Road,Clear,Dry,N,,,,,No Controls,No Controls,N,1,41.9071574,-87.8057282,ok,(N/A),1,2019,,,17,20,50000 and OVER,9,4295,Oak Park,C,Urban Other Principal Arte,0,16,29,10491082,6,Cook,C,19,0,LIGHT POLE,6,X001595609,Free Flow,(UNK),201901215098,Other,5,17.77,Y,,,,(UNK),143691,(N/A),(UNK),No Defects,1,1,No Median Barrier,3,348,1900918,Urban,73,1,1,Divided,2,2939248.344203,1917537.21742754,41.90714952608502,-87.8057,,No,1,(N/A),N,Y,N
2019,2019-06-28,Friday,13,01:45 PM,Property Damage,No Injuries,0,0,0,0,0,2,Fixed Object,6,N,N,Operating Vehicle In Reckless Manner,Unable to Determine,Daylight,Clear,Dry,N,,,,,Unknown,Unknown,Y,2,41.8820468,-87.77962,ok,(UNK),1,1903557,2019,,50,18,50000 and OVER,9,4295,Oak Park,C,Urban Local Road or Street,0,16,28,10491092,6,Cook,0,19,TREE,,5,N,Yes,Free Flow,201901215113,City,1,0.42,N,,,,(UNK),143797,(N/A),(UNK),No Defects,1,1,Local Road or Street,7,3794,X001595106,Not Toll,73,99,9,Not Divided,1,2946610.33814561,1908583.23366732,41.882038934207074,-87.7796,,Urban,1,N,(N/A),Y,(N/A)