crash_year,crash_date,day_of_week,crash_hour,time_of_crash,crash_severity,crash_injury_severity,total_injured,total_fatals,a_injuries,b_injuries,c_injuries,no_injuries,type_of_first_crash,collision_type_code,pedestrian_involved,pedalcyclist_involved,cause1,cause2,lighting_cond,weather_cond,road_surface_cond,intersection_related,is_intersection,highway_or_street_name,at_intersection_with,address_no,traffic_control_device,traffic_control_device_cond,hit_and_run,number_of_vehicles,latitude,longitude,location_status,access_control,agency_code,agency_report_number,agency_report_year,alignment_code,cause1_code,cause2_code,city_class,city_class_code,city_code,city_name,city_township_flag,class_of_trafficway,class_of_trafficway_code,county_code,crash_day,crash_id,crash_month,crash_report_county,crash_severity_cd,crash_yr_source,damaged_property1,damaged_property2,day_of_week_code,did_crash_occur_in_work_zone,did_involve_secondary_crash,flow_condition,icn,investigating_agency_descrip,light_condition_code,mile_station,nhs,non_intersection_direction,non_intersection_distance,non_intersection_units,number_of_lanes,objectid,railroad_crossing_number,road_alignment,road_defects,road_defects_code,road_surface_condition_code,roadway_functional_class,roadway_functional_class_code,route_number,sfe,toll,township,traffic_control_device_code,traffic_control_device_cond_code,trafficway_descrip,trafficway_description_code,ts_crash_coordinate_x,ts_crash_coordinate_y,ts_crash_latitude,ts_crash_longitude,type_report,urban_rural,weather_code,were_workers_present,work_zone,work_zone_related,work_zone_type
2019,2019-07-02,Tuesday,07,07:50 AM,Property Damage,No Injuries,0,0,0,0,0,2,Front to Rear,11,N,N,Following Too Closely,Unable to Determine,Daylight,Clear,Dry,N,,,,,No Controls,No Controls,N,2,41.8735727,-87.8045227,ok,(N/A),1,2019,,,3,18,50000 and OVER,9,4295,Oak Park,C,Urban Other Principal Arte,0,16,2,10491337,7,Cook,C,19,0,,2,X001595985,Slow,(UNK),201901215395,Other,1,20.1,Y,,,,(UNK),144828,(N/A),(UNK),No Defects,1,1,No Median Barrier,3,348,19-02117,Urban,73,1,1,Divided,2,2939913.59827559,1905307.37940176,41.873564857769935,-87.8045,,Yes,1,(N/A),N,Y,N
2019,2019-07-03,Wednesday,09,09:27 AM,Property Damage,No Injuries,0,0,0,0,0,2,Front to Rear,11,N,N,Failing to Reduce Speed to Avoid Crash,Driving Skills/Knowledge/Experience,Darkness / Lighted Road,Clear,Dry,N,,,,,Other,Functioning Properly,N,2,41.8732278,-87.7990748,ok,Partial Access Control,3,03-19-09985,2019,,28,15,50000 and OVER,9,4295,Oak Park,C,Urban InterState (PAS),0,16,3,10494274,7,Cook,0,19,,,3,N,No,(UNK),201901218362,ISP,5,21.84,Y,,,,(UNK),145642,(N/A),(UNK),No Defects,1,1,InterState (PAS),1,9290,X001598563,Not Toll,,13,4,Divided With Median Barrier,3,2941400.8927579,1905222.61094394,41.87322,-87.7991,,Urban,1,N,(N/A),Y,(N/A)
2019,2019-07-01,Monday,23,11:45 PM,Property Damage,No Injuries,0,0,0,0,0,3,Front to Rear,11,N,N,Failing to Reduce Speed to Avoid Crash,Driving Skills/Knowledge/Experience,Darkness / Lighted Road,Clear,Dry,N,,,,,Other,Functioning Properly,Y,2,41.8737711,-87.8044354,ok,Partial Access Control,3,03-19-09879,2019,,28,15,50000 and OVER,9,4295,Oak Park,C,Urban InterState (PAS),0,16,1,10493442,7,Cook,0,19,,,1,N,No,(UNK),201901217566,ISP,5,21.58,Y,,,,(UNK),146649,(N/A),(UNK),No Defects,1,1,InterState (PAS),1,9290,X001597750,Not Toll,73,13,4,Divided With Median Barrier,3,2939935.3973675,1905380.34115466,41.87376327484264,-87.8044,,Urban,1,N,(N/A),Y,(N/A)
2019,2019-07-07,Sunday,04,04:20 AM,Property Damage,No Injuries,0,0,0,0,0,1,Fixed Object,6,N,N,Improper Lane Usage,Failing to Reduce Speed to Avoid Crash,Darkness / Lighted Road,Clear,Dry,N,,,,,Other,Functioning Properly,N,1,41.8727278,-87.7949583,ok,Partial Access Control,3,03-19-62296,2019,,20,28,50000 and OVER,9,4295,Oak Park,C,Urban InterState (PAS),0,16,7,10499285,7,Cook,0,19,,,7,N,No,(UNK),201901222914,ISP,5,22.03,Y,,,,(UNK),148153,(N/A),(UNK),No Defects,1,1,InterState (PAS),1,9290,X001602333,Not Toll,73,13,4,Divided With Median Barrier,3,2942527.12739944,1905071.3398569,41.872719914026845,-87.795,,Urban,1,N,(N/A),Y,(N/A)
2019,2019-07-06,Saturday,18,06:02 PM,Property Damage,No Injuries,0,0,0,0,0,2,Front to Rear,11,N,N,Following Too Closely,Failing to Reduce Speed to Avoid Crash,Daylight,Clear,Dry,N,,,,,Other Regualtory Sig,Functioning Properly,N,2,41.8736415,-87.8045247,ok,Partial Access Control,3,03-19-10093,2019,,3,28,50000 and OVER,9,4295,Oak Park,C,Urban InterState (PAS),0,16,6,10497394,7,Cook,0,19,,,6,N,No,(UNK),201901221305,ISP,1,25.61,Y,,,,(UNK),148860,(N/A),(UNK),No Defects,1,1,InterState (PAS),1,5043,X001600967,Not Toll,73,10,4,Divided With Median Barrier,3,2939912.35644904,1905332.43045479,41.87363364214183,-87.8045,,Urban,1,N,(N/A),Y,(N/A)
2019,2019-07-10,Wednesday,08,08:45 AM,Property Damage,No Injuries,0,0,0,0,0,2,Front to Rear,11,N,N,Following Too Closely,Failing to Reduce Speed to Avoid Crash,Daylight,Clear,Dry,N,,,,,No Controls,Functioning Properly,N,2,41.8736157,-87.8027022,ok,Partial Access Control,3,03-19-10255,2019,,3,28,50000 and OVER,9,4295,Oak Park,C,Urban InterState (PAS),0,16,10,10502976,7,Cook,0,19,,,3,N,No,(UNK),201901226441,ISP,1,21.67,Y,,,,(UNK),149681,(N/A),(UNK),No Defects,1,1,InterState (PAS),1,9290,X001605263,Not Toll,73,1,4,Divided With Median Barrier,3,2940409.00940069,1905336.71337912,41.8736078741605,-87.8027,,Urban,1,N,(N/A),Y,(N/A)
2019,2019-07-07,Sunday,15,03:07 PM,Property Damage,No Injuries,0,0,0,0,0,2,Front to Rear,11,N,N,Disregarding Stop Sign,Following Too Closely,Daylight,Clear,Dry,Y,,,,,Stop Sign,Functioning Properly,N,2,41.8763398,-87.7794551,ok,(UNK),1,1903757,2019,,23,3,50000 and OVER,9,4295,Oak Park,C,Urban Minor Collector,,16,7,10499907,7,Cook,0,19,,,7,N,No,Slow,201901223581,City,1,0,N,,,,(UNK),149846,(N/A),(UNK),No Defects,1,1,Minor Collector,6,,X001602737,Not Toll,73,2,4,Four Way,14,2946713.11619947,1906504.76317825,41.87633198235582,-87.7794,,Urban,1,N,(N/A),Y,(N/A)
2019,2019-07-10,Wednesday,16,04:04 PM,Property Damage,No Injuries,0,0,0,0,0,2,Front to Rear,11,N,N,Distraction - From Inside Vehicle,Failing to Reduce Speed to Avoid Crash,Daylight,Clear,Dry,N,,,,,No Controls,No Controls,N,2,41.8672268,-87.8042869,ok,(N/A),1,2019,,,41,28,50000 and OVER,9,4295,Oak Park,C,Urban Other Principal Arte,0,16,10,10502525,7,Cook,C,19,0,,3,X001604818,Slow,(UNK),201901225967,Other,1,20.54,Y,,,,(UNK),149866,(N/A),(UNK),No Defects,1,1,No Median Barrier,3,348,19-02243,Urban,73,1,1,Divided,2,2940041.51184982,1902996.60450098,41.86721899482392,-87.8043,,No,1,(N/A),N,Y,N
2019,2019-07-06,Saturday,15,03:21 PM,Property Damage,No Injuries,0,0,0,0,0,2,Front to Rear,11,N,N,Failing to Reduce Speed to Avoid Crash,(N/A),Daylight,Cloudy/Overcast,Dry,Y,,,,,Stop Sign,Functioning Properly,N,2,41.8946279,-87.7799851,ok,(UNK),1,1903740,2019,,28,99,50000 and OVER,9,4295,Oak Park,C,Urban Minor Arterial,8,16,6,10499927,7,Cook,0,19,,,6,N,No,(UNK),201901223596,City,1,0,N,,,,(UNK),149907,(N/A),(UNK),No Defects,1,1,Minor Arterial,4,,X001602734,Not Toll,73,2,4,Not Divided,1,2946383.30239856,1913165.25373132,41.89462001566807,-87.78,,Urban,8,N,(N/A),Y,(N/A)
2019,2019-06-30,Sunday,11,11:59 AM,Property Damage,No Injuries,0,0,0,0,0,1,Parked Motor Vehicle,9,N,N,Improper Lane Usage,Failing to Reduce Speed to Avoid Crash,Daylight,Clear,Dry,N,,,,,No Controls,No Controls,N,2,41.879116,-87.7881058,ok,(UNK),1,1903608,2019,,20,28,50000 and OVER,9,4295,Oak Park,C,Urban Local Road or Street,0,16,30,10499933,6,Cook,0,19,,,7,N,No,(UNK),201901223601,City,1,0.05,N,,,,(UNK),149909,(N/A),(UNK),No Defects,1,1,Local Road or Street,7,2650,X001596435,Not Toll,73,1,1,Not Divided,1,2944329.0135632,1907450.9954799,41.879108128579944,-87.7881,,Urban,1,N,(N/A),Y,(N/A)
2019,2019-06-30,Sunday,16,04:21 PM,Property Damage,No Injuries,0,0,0,0,0,2,Angle,15,N,N,Failing to Yield Right of Way,Failing to Reduce Speed to Avoid Crash,Daylight,Rain,Wet,Y,,,,,Stop Sign,Functioning Properly,Y,2,41.8761721,-87.790443,ok,(UNK),1,1903617,2019,,2,28,50000 and OVER,9,4295,Oak Park,C,Urban Local Road or Street,8,16,30,10499934,6,Cook,0,19,,,7,N,No,Free Flow,201901223602,City,1,0,N,,,,(UNK),150008,(N/A),(UNK),No Defects,1,2,Local Road or Street,7,,X001596472,Not Toll,73,2,4,Four Way,14,2943722.19779411,1906360.56060057,41.87616427789471,-87.7904,,Urban,2,N,(N/A),Y,(N/A)
2019,2019-07-02,Tuesday,15,03:31 PM,Property Damage,No Injuries,0,0,0,0,0,1,Parked Motor Vehicle,9,N,N,Failing to Reduce Speed to Avoid Crash,Unable to Determine,Daylight,Clear,Dry,N,,,,,No Controls,No Controls,Y,2,41.8794294,-87.7998578,ok,(UNK),1,1903655,2019,,28,18,50000 and OVER,9,4295,Oak Park,C,Urban Local Road or Street,0,16,2,10499939,7,Cook,0,19,,,2,N,No,Free Flow,201901223605,City,1,0.54,N,,,,(UNK),150009,(N/A),(UNK),No Defects,1,1,Local Road or Street,7,2700,X001596992,Not Toll,73,1,1,Not Divided,1,2941125.26412767,1907476.68779445,41.87942156613596,-87.7999,,Urban,1,N,(N/A),Y,(N/A)
2019,2019-07-01,Monday,09,09:23 AM,Property Damage,No Injuries,0,0,0,0,0,1,Parked Motor Vehicle,9,N,N,Unable to Determine,Unable to Determine,Unknown,Unknown,Unknown,N,,,,,No Controls,No Controls,Y,2,41.872694,-87.7817406,ok,(UNK),1,1903627,2019,,18,18,50000 and OVER,9,4295,Oak Park,C,Urban Local Road or Street,8,16,1,10499949,7,Cook,0,19,,,1,N,No,(UNK),201901223615,City,9,0,N,,,,(UNK),150056,(N/A),(UNK),No Defects,1,9,Local Road or Street,7,,X001597587,Not Toll,73,1,1,Not Divided,1,2946127.59328012,1905158.83170189,41.87268612460916,-87.7817,,Urban,9,N,(N/A),Y,(N/A)
2019,2019-07-03,Wednesday,00,00:09 AM,Property Damage,No Injuries,0,0,0,0,0,4,Angle,15,N,N,Failing to Reduce Speed to Avoid Crash,Failing to Yield Right of Way,Darkness / Lighted Road,Cloudy/Overcast,Dry,Y,,,,,Traffic Signal,Functioning Properly,N,2,41.8982293,-87.7850061,ok,(UNK),1,1903666,2019,,28,2,50000 and OVER,9,4295,Oak Park,C,Urban Major Collector,8,16,3,10499959,7,Cook,0,19,,,3,N,No,Free Flow,201901223622,City,5,0,N,,,,(UNK),150060,(N/A),(UNK),No Defects,1,1,Major Collector,5,,X001598114,Not Toll,73,3,4,Not Divided,1,2944979.74765406,1914439.66155192,41.898221407460994,-87.785,,Urban,8,N,(N/A),Y,(N/A)
2019,2019-07-02,Tuesday,09,09:40 AM,Property Damage,No Injuries,0,0,0,0,0,1,Parked Motor Vehicle,9,N,N,Improper Lane Usage,(N/A),Daylight,Clear,Dry,N,,,,,No Controls,No Controls,Y,2,41.8886568,-87.7952886,ok,(UNK),1,1903656,2019,,20,99,50000 and OVER,9,4295,Oak Park,C,Urban Major Collector,0,16,2,10499960,7,Cook,0,19,,,2,N,No,Free Flow,201901223623,City,1,0.3,N,,,,(UNK),150061,(N/A),(UNK),No Defects,1,1,Major Collector,5,1405,X001598115,Not Toll,73,1,1,Parking Lot,7,2942276.68824142,1910873.68839463,41.88864895699248,-87.7953,,Urban,1,N,(N/A),Y,(N/A)
2019,2019-07-03,Wednesday,11,11:05 AM,Property Damage,No Injuries,0,0,0,0,0,1,Parked Motor Vehicle,9,N,N,Distraction - From Outside Vehicle,Improper Turning/No Signal,Daylight,Clear,Dry,N,,,,,No Controls,No Controls,N,2,41.8947169,-87.7752278,ok,(UNK),1,1903674,2019,,40,6,50000 and OVER,9,4295,Oak Park,C,Urban Minor Arterial,0,16,3,10499964,7,Cook,0,19,,,3,N,No,Slow,201901223627,City,1,4.13,N,,,,(UNK),150068,(N/A),(UNK),No Defects,1,1,Minor Arterial,4,1398,X001598119,Not Toll,73,1,1,Not Divided,1,2947677.72587828,1913233.8015787,41.89470908879336,-87.7752,,Urban,1,N,(N/A),Y,(N/A)
2019,2019-07-03,Wednesday,17,05:00 PM,Property Damage,No Injuries,0,0,0,0,0,2,Angle,15,N,N,Failing to Yield Right of Way,(N/A),Daylight,Clear,Dry,N,,,,,No Controls,No Controls,N,2,41.8869856,-87.7845543,ok,(N/A),1,2019,,,2,99,50000 and OVER,9,4295,Oak Park,C,Urban Local Road or Street,0,16,3,10499973,7,Cook,C,19,0,,3,X001599954,Free Flow,(UNK),201901223635,Local,1,1.01,N,,,,(UNK),150073,(N/A),(UNK),No Defects,1,1,No Median Barrier,7,3036,1903685,Urban,73,1,1,Divided,2,2945216.5896078,1910345.69219413,41.88697780133998,-87.7845,,No,1,(N/A),N,Y,N
2019,2019-07-03,Wednesday,17,05:26 PM,Property Damage,No Injuries,0,0,0,0,0,2,Rear to Side,16,N,N,Failing to Yield Right of Way,Unable to Determine,Daylight,Clear,Dry,N,,,,,No Controls,No Controls,N,2,41.9087852,-87.8026686,ok,(UNK),1,1903683,2019,,2,18,50000 and OVER,9,4295,Oak Park,C,Urban Local Road or Street,0,16,3,10499974,7,Cook,0,19,,,3,N,No,Slow,201901223637,City,1,0.01,N,,,,(UNK),150074,(N/A),(UNK),No Defects,1,1,Local Road or Street,7,2701,X001599955,Not Toll,73,1,1,Not Divided,1,2940064.8678117,1918153.36736513,41.90877731702242,-87.8027,,Urban,1,N,(N/A),Y,(N/A)
2019,2019-06-19,Wednesday,07,07:04 AM,Property Damage,No Injuries,0,0,0,0,0,2,Other Object,7,N,N,Failing to Reduce Speed to Avoid Crash,Unable to Determine,Daylight,Clear,Dry,N,,,,,No Controls,No Controls,N,1,41.9087901,-87.8055089,ok,(N/A),1,2019,,,28,18,50000 and OVER,9,4295,Oak Park,C,Urban Other Principal Arte,0,16,19,10499979,6,Cook,C,19,0,,3,X001599961,Free Flow,(UNK),201901223643,Other,1,5.93,Y,,,,(UNK),150162,(N/A),(UNK),No Defects,1,1,No Median Barrier,3,307,1903362,Urban,73,1,1,Divided,2,2939291.63121315,1918133.87098856,41.90878228770951,-87.8055,,No,1,(N/A),N,Y,N
2019,2019-07-04,Thursday,02,02:43 AM,Property Damage,No Injuries,0,0,0,0,0,3,Front to Rear,11,N,N,Unable to Determine,(N/A),Darkness / Lighted Road,Cloudy/Overcast,Dry,Y,,,,,Traffic Signal,Functioning Properly,Y,2,41.9090357,-87.7949544,ok,(N/A),1,2019,,,18,99,50000 and OVER,9,4295,Oak Park,C,Urban Other Principal Arte,0,16,4,10499980,7,Cook,C,19,0,,4,X001599962,Stopped,(UNK),201901223644,Other,5,129.74,Y,,,,(UNK),150163,(N/A),(UNK),No Defects,1,1,No Median Barrier,3,5064,1903694,Urban,73,3,4,Divided,2,2942162.27061795,1918302.66674086,41.909027850259925,-87.7949,,No,8,(N/A),N,Y,N
2019,2019-07-04,Thursday,16,04:51 PM,Property Damage,No Injuries,0,0,0,0,0,8,Sideswipe Same Direction,12,N,N,Improper Turning/No Signal,Physical Condition of Driver,Daylight,Clear,Dry,N,,,,,Traffic Signal,Functioning Properly,Y,3,41.881726,-87.7943358,ok,(N/A),1,2019,,,6,17,50000 and OVER,9,4295,Oak Park,C,Urban Major Collector,0,16,4,10499981,7,Cook,C,19,0,,4,X001599965,Stopped,(UNK),201901223645,Major,1,6.01,N,,,,(UNK),150164,(N/A),(UNK),No Defects,1,1,No Median Barrier,5,2775,1903699,Urban,73,3,4,Divided,2,2942605.99932832,1908355.16128958,41.88171818436055,-87.7943,,Yes,1,(N/A),N,Y,N
2019,2019-06-29,Saturday,04,04:56 AM,Injury,B Injury Crash,2,0,0,2,0,0,Fixed Object,6,N,N,Improper Lane Usage,Unable to Determine,Dawn,Clear,Dry,N,,,,,No Controls,Functioning Improperly,N,1,41.8794159,-87.7844233,ok,(N/A),1,2019,FIRE HYDRANT,,20,18,50000 and OVER,9,4295,Oak Park,C,Urban Major Collector,0,16,29,10499982,6,Cook,C,19,2,FIRE HYDRANT,6,X001599967,Free Flow,(UNK),201901223647,Major,2,1.55,N,,,,(UNK),150165,(N/A),(UNK),No Defects,1,1,No Median Barrier,5,2783,1903576,Urban,73,1,3,Divided,2,2945328.86904317,1907588.12127465,41.87940804479668,-87.7844,,No,1,(N/A),N,Y,N
2019,2019-07-05,Friday,11,11:08 AM,Property Damage,No Injuries,0,0,0,0,0,2,Sideswipe Same Direction,12,N,N,Failing to Yield Right of Way,Failing to Reduce Speed to Avoid Crash,Daylight,Clear,Dry,N,,,,,No Controls,No Controls,N,2,41.881392,-87.8046009,ok,(N/A),1,2019,,,2,28,50000 and OVER,9,4295,Oak Park,C,Urban Major Collector,0,16,5,10499983,7,Cook,C,19,0,,5,X001599969,Slow,(UNK),201901223648,Major,1,0.01,N,,,,(UNK),150166,(N/A),(UNK),No Defects,1,1,No Median Barrier,5,5,1903709,Urban,73,1,1,Divided,2,2939813.82829324,1908156.30161146,41.88138420172111,-87.8046,,No,1,(N/A),N,Y,N
2019,2019-07-05,Friday,14,02:30 PM,Property Damage,No Injuries,0,0,0,0,0,2,Turning,10,N,N,Improper Turning/No Signal,Failing to Reduce Speed to Avoid Crash,Daylight,Clear,Dry,Y,,,,,Traffic Signal,Functioning Properly,N,2,41.8761173,-87.7941079,ok,(N/A),1,2019,,,6,28,50000 and OVER,9,4295,Oak Park,C,Urban Major Collector,8,16,5,10499984,7,Cook,C,19,0,,5,X001599970,Free Flow,(UNK),201901223649,Major,1,0,N,,,,(UNK),150167,(N/A),(UNK),No Defects,1,1,No Median Barrier,5,,1903714,Urban,73,3,4,Divided,2,2942724.60718878,1906312.95409871,41.87610945321879,-87.7941,,No,1,(N/A),N,Y,N
2019,2019-07-05,Friday,16,04:30 PM,Property Damage,No Injuries,0,0,0,0,0,1,Parked Motor Vehicle,9,N,N,Unable to Determine,(N/A),Daylight,Clear,Dry,N,,,,,No Controls,No Controls,Y,2,41.8886246,-87.8033578,ok,(UNK),1,1903718,2019,,18,99,50000 and OVER,9,4295,Oak Park,C,Urban Major Collector,0,16,5,10499985,7,Cook,0,19,,,5,N,No,Slow,201901223650,City,1,0.08,N,,,,(UNK),150235,(N/A),(UNK),No Defects,1,1,Major Collector,5,8,X001599971,Not Toll,73,1,1,Ramp,11,2940079.75180593,1910801.29027348,41.88861672315017,-87.8034,,Urban,1,N,(N/A),Y,(N/A)
2019,2019-06-29,Saturday,07,07:50 AM,Injury,B Injury Crash,1,0,0,1,0,2,Pedalcyclist,2,N,Y,Failing to Reduce Speed to Avoid Crash,Unable to Determine,Daylight,Clear,Dry,N,,,,,No Controls,No Controls,Y,1,41.8688405,-87.8043416,ok,(UNK),1,1903790,2019,,28,18,50000 and OVER,9,4295,Oak Park,C,Urban Other Principal Arte,0,16,29,10501397,6,Cook,2,19,,,6,N,No,Free Flow,201901225153,City,1,20.43,Y,,,,(UNK),150316,(N/A),(UNK),No Defects,1,1,Other Principal Arterial (PAS),3,348,X001604004,Not Toll,73,1,1,Not Divided,1,2940010.41422862,1903584.24624568,41.868832672337064,-87.8043,,Urban,1,N,(N/A),Y,(N/A)
2019,2019-07-09,Tuesday,09,09:00 AM,Property Damage,No Injuries,0,0,0,0,0,2,Sideswipe Same Direction,12,N,N,Improper Overtaking/Passing,Failing to Yield Right of Way,Daylight,Clear,Dry,N,,,,,Traffic Signal,Functioning Properly,N,2,41.894569,-87.7847714,ok,(UNK),1,1903800,2019,,4,2,50000 and OVER,9,4295,Oak Park,C,Urban Minor Arterial,0,16,9,10501398,7,Cook,0,19,,,2,N,No,Free Flow,201901225154,City,1,3.63,N,,,,(UNK),150378,(N/A),(UNK),No Defects,1,1,Minor Arterial,4,1398,X001604005,Not Toll,73,3,4,Not Divided,1,2945080.70807312,1913107.57345555,41.89456116585407,-87.7848,,Urban,1,N,(N/A),Y,(N/A)
2019,2019-07-08,Monday,10,10:46 AM,Property Damage,No Injuries,0,0,0,0,0,2,Fixed Object,6,N,N,Evasive Action Due to Animal / Object / Non-Motorist,Failing to Reduce Speed to Avoid Crash,Daylight,Clear,Dry,N,,,,,No Controls,No Controls,N,1,41.8814705,-87.8015547,ok,(UNK),1,1903771,2019,,32,28,50000 and OVER,9,4295,Oak Park,C,Urban Major Collector,0,16,8,10501464,7,Cook,0,19,CONCRETE WALL,,1,N,No,(UNK),201901225201,City,1,0.16,N,,,,(UNK),150553,(N/A),(UNK),No Defects,1,1,Major Collector,5,5,X001603535,Not Toll,73,1,1,Not Divided,1,2940642.62421141,1908207.74470227,41.881462637623876,-87.8015,,Urban,1,N,(N/A),Y,(N/A)
2019,2019-07-10,Wednesday,21,09:18 PM,Property Damage,No Injuries,0,0,0,0,0,1,Parked Motor Vehicle,9,N,N,Improper Backing,Unable to Determine,Darkness,Clear,Dry,N,,,,,No Controls,No Controls,N,2,41.8723252,-87.8040515,ok,(UNK),1,1903838,2019,,30,18,50000 and OVER,9,4295,Oak Park,C,Urban Local Road or Street,0,16,10,10504041,7,Cook,0,19,,,3,N,No,Slow,201901227229,City,4,0.02,N,,,,(UNK),151372,(N/A),(UNK),No Defects,1,1,Local Road or Street,7,4062,X001605857,Not Toll,73,1,1,Parking Lot,7,2940054.45382247,1904856.30640458,41.87231736885019,-87.804,,Urban,1,N,(N/A),Y,(N/A)
2019,2019-06-24,Monday,19,07:05 PM,Property Damage,No Injuries,0,0,0,0,0,1,Parked Motor Vehicle,9,N,N,Unable to Determine,(N/A),Daylight,Clear,Dry,N,,,,,No Controls,No Controls,Y,2,41.8997146,-87.805374,ok,(UNK),1,1903463,2019,,18,99,50000 and OVER,9,4295,Oak Park,C,Urban Local Road or Street,0,16,24,10503780,6,Cook,0,19,,,1,N,No,Free Flow,201901226962,City,1,0,N,,,,(UNK),151521,(N/A),(UNK),No Defects,1,1,Local Road or Street,7,3110,X001605651,Not Toll,73,1,1,Not Divided,1,2939419.439439,1914827.59051202,41.89970677499485,-87.8054,,Urban,1,N,(N/A),Y,(N/A)
2019,2019-07-03,Wednesday,21,09:10 PM,Property Damage,No Injuries,0,0,0,0,0,2,Sideswipe Same Direction,12,N,N,Failing to Reduce Speed to Avoid Crash,Driving Skills/Knowledge/Experience,Darkness / Lighted Road,Clear,Dry,N,,,,,Other,Functioning Properly,N,2,41.8719448,-87.7873738,ok,Partial Access Control,3,03-19-09984,2019,,28,15,50000 and OVER,9,4295,Oak Park,C,Urban InterState (PAS),0,16,3,10504317,7,Cook,0,19,,,3,N,No,(UNK),201901227563,ISP,5,22.42,Y,,,,(UNK),152755,(N/A),(UNK),No Defects,1,1,InterState (PAS),1,9290,X001606123,Not Toll,,13,4,Divided With Median Barrier,3,2944600.84062897,1904843.2339036,41.871937,-87.7874,,Urban,1,N,(N/A),Y,(N/A)
2019,2019-06-19,Wednesday,08,08:50 AM,Property Damage,No Injuries,0,0,0,0,0,2,Turning,10,N,N,Failing to Yield Right of Way,Improper Turning/No Signal,Daylight,Clear,Dry,N,,,,,No Controls,No Controls,N,2,41.8832473,-87.8048894,ok,(UNK),1,1947,2019,,2,6,50000 and OVER,9,4295,Oak Park,C,Urban Major Collector,8,16,19,10508520,6,Cook,0,19,,,3,N,No,Slow,201901303695,City,1,0,N,,,,(UNK),153130,(N/A),(UNK),Unknown,99,1,Major Collector,5,,U190275936,Not Toll,73,1,1,Not Divided,1,2939716.64286383,1908830.21636826,41.883239428383,-87.8049,,Urban,1,N,(N/A),N,(N/A)
2019,2019-07-11,Thursday,13,01:56 PM,Injury,B Injury Crash,2,0,0,2,0,0,Turning,10,N,N,Disregarding Traffic Signals,Failing to Reduce Speed to Avoid Crash,Daylight,Clear,Dry,Y,,,,,Traffic Signal,Functioning Properly,N,2,41.8800076,-87.7844422,ok,(UNK),1,1903847,2019,,25,28,50000 and OVER,9,4295,Oak Park,C,Urban Major Collector,0,16,11,10505312,7,Cook,2,19,FIRE HYDRANT,,4,N,No,Slow,201901228722,City,1,1.51,N,,,,(UNK),153203,(N/A),(UNK),No Defects,1,1,Major Collector,5,2783,X001606810,Not Toll,73,3,4,Not Divided,1,2945317.74209208,1907803.60746719,41.87999975142152,-87.7844,,Urban,1,N,(N/A),Y,(N/A)
2019,2019-07-11,Thursday,16,04:49 PM,Property Damage,No Injuries,0,0,0,0,0,2,Pedalcyclist,2,N,Y,Vision Obscured,Unable to Determine,Daylight,Clear,Dry,Y,,,,,No Controls,No Controls,N,1,41.8797564,-87.7954058,ok,(N/A),1,2019,,,14,18,50000 and OVER,9,4295,Oak Park,C,Urban Minor Arterial,8,16,11,10505398,7,Cook,C,19,0,,4,X001606896,Free Flow,(UNK),201901228767,Minor,1,0,N,,,,(UNK),153348,(N/A),(UNK),No Defects,1,1,No Median Barrier,4,,1903858,Urban,73,1,1,Divided,2,2942334.45383918,1907629.33657564,41.87974855952405,-87.7954,,No,1,(N/A),N,Y,N
2019,2019-07-11,Thursday,16,04:56 PM,Injury,B Injury Crash,4,0,0,4,0,1,Angle,15,N,N,Disregarding Traffic Signals,Unable to Determine,Daylight,Clear,Dry,Y,,,,,Traffic Signal,Functioning Properly,N,3,41.8762786,-87.784366,ok,(UNK),1,1903859,2019,,25,18,50000 and OVER,9,4295,Oak Park,C,Urban Major Collector,8,16,11,10505399,7,Cook,2,19,,,4,N,Yes,Free Flow,201901228768,City,1,0,N,,,,(UNK),153349,(N/A),(UNK),No Defects,1,1,Major Collector,5,,X001606914,Not Toll,73,3,4,Not Divided,1,2945376.22190962,1906445.27588514,41.87627077629334,-87.7844,,Urban,1,N,(N/A),Y,(N/A)
2019,2019-07-13,Saturday,17,05:20 PM,Property Damage,No Injuries,0,0,0,0,0,2,Front to Rear,11,N,N,Following Too Closely,Failing to Reduce Speed to Avoid Crash,Daylight,Clear,Wet,N,,,,,No Controls,No Controls,N,2,41.8701812,-87.8043898,ok,(UNK),1,19-02284,2019,,3,28,50000 and OVER,9,4295,Oak Park,C,Urban Other Principal Arte,0,16,13,10506876,7,Cook,0,19,,,6,N,No,Stopped,201901230280,City,1,20.33,Y,,,,(UNK),153384,(N/A),(UNK),No Defects,1,2,Other Principal Arterial (PAS),3,348,X001608379,Not Toll,73,1,1,Other,8,2939983.82407491,1904072.46718693,41.87017339470695,-87.8044,,Urban,1,N,(N/A),Y,(N/A)
2019,2019-07-11,Thursday,08,08:50 AM,Property Damage,No Injuries,0,0,0,0,0,2,Front to Rear,11,N,N,Failing to Reduce Speed to Avoid Crash,Following Too Closely,Daylight,Clear,Dry,N,,,,,Other Regualtory Sig,Functioning Properly,N,2,41.8716124,-87.7803126,ok,Partial Access Control,3,03-19-10311,2019,,28,3,50000 and OVER,9,4295,Oak Park,C,Urban InterState (PAS),0,16,11,10509139,7,Cook,0,19,,,4,N,No,(UNK),201901232376,ISP,1,22.78,Y,,,,(UNK),153758,(N/A),(UNK),No Defects,1,1,InterState (PAS),1,9290,X001610049,Not Toll,73,10,4,Divided With Median Barrier,3,2946527.5,1904775.5,41.87160454478366,-87.7803,,Urban,1,N,(N/A),Y,(N/A)