crash_year,crash_date,day_of_week,crash_hour,time_of_crash,crash_severity,crash_injury_severity,total_injured,total_fatals,a_injuries,b_injuries,c_injuries,no_injuries,type_of_first_crash,collision_type_code,pedestrian_involved,pedalcyclist_involved,cause1,cause2,lighting_cond,weather_cond,road_surface_cond,intersection_related,is_intersection,highway_or_street_name,at_intersection_with,address_no,traffic_control_device,traffic_control_device_cond,hit_and_run,number_of_vehicles,latitude,longitude,location_status,access_control,agency_code,agency_report_number,agency_report_year,alignment_code,cause1_code,cause2_code,city_class,city_class_code,city_code,city_name,city_township_flag,class_of_trafficway,class_of_trafficway_code,county_code,crash_day,crash_id,crash_month,crash_report_county,crash_severity_cd,crash_yr_source,damaged_property1,damaged_property2,day_of_week_code,did_crash_occur_in_work_zone,did_involve_secondary_crash,flow_condition,icn,investigating_agency_descrip,light_condition_code,mile_station,nhs,non_intersection_direction,non_intersection_distance,non_intersection_units,number_of_lanes,objectid,railroad_crossing_number,road_alignment,road_defects,road_defects_code,road_surface_condition_code,roadway_functional_class,roadway_functional_class_code,route_number,sfe,toll,township,traffic_control_device_code,traffic_control_device_cond_code,trafficway_descrip,trafficway_description_code,ts_crash_coordinate_x,ts_crash_coordinate_y,ts_crash_latitude,ts_crash_longitude,type_report,urban_rural,weather_code,were_workers_present,work_zone,work_zone_related,work_zone_type
2019,2019-07-13,Saturday,03,03:15 AM,Property Damage,No Injuries,0,0,0,0,0,2,Sideswipe Same Direction,12,N,N,Improper Lane Usage,Failing to Reduce Speed to Avoid Crash,Darkness / Lighted Road,Clear,Dry,Y,,,,,Traffic Signal,Functioning Properly,N,2,41.8905584,-87.8051158,ok,(N/A),1,2019,,,20,28,50000 and OVER,9,4295,Oak Park,C,Urban Other Principal Arte,6,16,13,10509728,7,Cook,C,19,0,,6,X001610528,Free Flow,(UNK),201901233066,Other,5,26.78,Y,,,,(UNK),154210,(N/A),(UNK),No Defects,1,1,No Median Barrier,3,5043,1900987,Urban,73,3,4,Divided,2,2939581.63560286,1911492.84451479,41.890550600526424,-87.8051,,No,1,(N/A),N,Y,N
2019,2019-07-14,Sunday,11,11:33 AM,Injury,C Injury Crash,1,0,0,0,1,1,Front to Rear,11,N,N,Failing to Reduce Speed to Avoid Crash,(N/A),Daylight,Clear,Dry,N,,,,,Traffic Signal,Functioning Properly,N,2,41.8721795,-87.8044609,ok,(UNK),1,1903907,2019,,28,99,50000 and OVER,9,4295,Oak Park,C,Urban Other Principal Arte,0,16,14,10509737,7,Cook,1,19,,,7,N,No,Stopped,201901233074,City,1,20.19,Y,,,,(UNK),154255,(N/A),(UNK),No Defects,1,1,Other Principal Arterial (PAS),3,348,X001610509,Not Toll,73,3,4,Not Divided,1,2939944.40896716,1904800.14114833,41.87217167143947,-87.8045,,Urban,1,N,(N/A),Y,(N/A)
2019,2019-07-14,Sunday,16,04:36 PM,Injury,C Injury Crash,1,0,0,0,1,1,Front to Rear,11,N,N,Failing to Reduce Speed to Avoid Crash,(N/A),Daylight,Clear,Dry,Y,,,,,Stop Sign,Functioning Properly,N,2,41.9017878,-87.789991,ok,(N/A),1,2019,,,28,99,50000 and OVER,9,4295,Oak Park,C,Urban Major Collector,8,16,14,10509739,7,Cook,C,19,1,,7,X001610513,Stopped,(UNK),201901233076,Major,1,0,N,,,,(UNK),154257,(N/A),(UNK),No Defects,1,1,No Median Barrier,5,,1903914,Urban,73,2,4,Divided,2,2943586.62145231,1915698.8026133,41.901779938191005,-87.79,,No,1,(N/A),N,Y,N
2019,2019-07-12,Friday,17,05:47 PM,Injury,B Injury Crash,1,0,0,1,0,5,Turning,10,N,N,Failing to Yield Right of Way,Unable to Determine,Daylight,Clear,Dry,Y,,,,,Traffic Signal,Functioning Properly,N,2,41.8945678,-87.7848658,ok,(UNK),1,1903882,2019,,2,18,50000 and OVER,9,4295,Oak Park,C,Urban Minor Arterial,8,16,12,10509741,7,Cook,2,19,,,5,N,No,Free Flow,201901233078,City,1,0,N,,,,(UNK),154258,(N/A),(UNK),No Defects,1,1,Minor Arterial,4,,X001610517,Not Toll,73,3,4,Not Divided,1,2945055.0186435,1913106.43468893,41.89455999990235,-87.7849,,Urban,1,N,(N/A),Y,(N/A)
2019,2019-07-14,Sunday,14,02:57 PM,Property Damage,No Injuries,0,0,0,0,0,1,Parked Motor Vehicle,9,N,N,Driving Skills/Knowledge/Experience,Following Too Closely,Daylight,Clear,Dry,N,,,,,No Controls,No Controls,Y,2,41.8947603,-87.7816362,ok,(UNK),1,1903911,2019,,15,3,50000 and OVER,9,4295,Oak Park,C,Urban Local Road or Street,0,16,14,10509742,7,Cook,0,19,,,7,N,No,Slow,201901233079,City,1,0.35,N,,,,(UNK),154259,(N/A),(UNK),No Defects,1,1,Local Road or Street,7,2630,X001610518,Not Toll,73,1,1,Not Divided,1,2945932.40425759,1913201.00062234,41.89475243093578,-87.7816,,Urban,1,N,(N/A),Y,(N/A)
2019,2019-07-13,Saturday,11,11:43 AM,Property Damage,No Injuries,0,0,0,0,0,2,Sideswipe Same Direction,12,N,N,Improper Overtaking/Passing,Failing to Yield Right of Way,Daylight,Clear,Dry,N,,,,,Traffic Signal,Functioning Properly,N,2,41.8886483,-87.7945543,ok,(N/A),1,2019,,,4,2,50000 and OVER,9,4295,Oak Park,C,Urban Major Collector,8,16,13,10509743,7,Cook,C,19,0,,6,X001610520,Slow,(UNK),201901233080,Major,1,0,N,,,,(UNK),154260,(N/A),(UNK),No Defects,1,1,No Median Barrier,5,,1903892,Urban,73,3,4,Divided,2,2942476.72204465,1910876.116255,41.88864044582879,-87.7945,,No,1,(N/A),N,Y,N
2019,2019-07-15,Monday,11,11:00 AM,Injury,C Injury Crash,1,0,0,0,1,3,Front to Rear,11,N,N,Failing to Reduce Speed to Avoid Crash,Following Too Closely,Daylight,Clear,Dry,Y,,,,,Traffic Signal,Functioning Properly,N,2,41.87231,-87.8044683,ok,(UNK),1,1903926,2019,,28,3,50000 and OVER,9,4295,Oak Park,C,Urban Other Principal Arte,0,16,15,10509744,7,Cook,1,19,,,1,N,No,Stopped,201901233081,City,1,25.52,Y,,,,(UNK),154330,(N/A),(UNK),No Defects,1,1,Other Principal Arterial (PAS),3,5043,X001610522,Not Toll,73,3,4,Not Divided,1,2939941.09065803,1904847.64435187,41.87230217696938,-87.8045,,Urban,1,N,(N/A),Y,(N/A)
2019,2019-07-12,Friday,17,05:28 PM,Injury,C Injury Crash,2,0,0,0,2,1,Angle,15,N,N,Failing to Yield Right of Way,Failing to Reduce Speed to Avoid Crash,Daylight,Clear,Dry,Y,,,,,Stop Sign,Functioning Properly,N,2,41.8779838,-87.791741,ok,(UNK),1,1903881,2019,,2,28,50000 and OVER,9,4295,Oak Park,C,Urban Local Road or Street,8,16,12,10508873,7,Cook,1,19,,,5,N,No,Free Flow,201901232107,City,1,0,N,,,,(UNK),154756,(N/A),(UNK),No Defects,1,1,Local Road or Street,7,,X001609625,Not Toll,73,2,4,Four Way,14,2943350.39377192,1907010.98362526,41.87797596837859,-87.7917,,Urban,1,N,(N/A),Y,(N/A)
2019,2019-07-13,Saturday,10,10:04 AM,Property Damage,No Injuries,0,0,0,0,0,1,Parked Motor Vehicle,9,N,N,Improper Lane Usage,Failing to Reduce Speed to Avoid Crash,Daylight,Clear,Dry,N,,,,,No Controls,No Controls,N,2,41.8910188,-87.7975688,ok,(UNK),1,1903891,2019,,20,28,50000 and OVER,9,4295,Oak Park,C,Urban Local Road or Street,0,16,13,10510825,7,Cook,0,19,,,6,N,No,(UNK),201901234051,City,1,0.23,N,,,,(UNK),154850,(N/A),(UNK),No Defects,1,1,Local Road or Street,7,2690,X001611140,Not Toll,73,1,1,Not Divided,1,2941632.01574603,1911717.2773467,41.89101093381006,-87.7976,,Urban,1,N,(N/A),Y,(N/A)
2019,2019-06-10,Monday,11,11:16 AM,Injury,B Injury Crash,1,0,0,1,0,1,Sideswipe Same Direction,12,N,N,(N/A),(N/A),Daylight,Clear,Dry,N,,,,,No Controls,No Controls,N,2,41.8870428,-87.804974,ok,(UNK),1,01841,19,,99,99,50000 and OVER,9,4295,Oak Park,C,Urban Other Principal Arte,0,16,10,10508414,6,Cook,2,19,,,1,N,No,Slow,201901232068,City,1,19.16,Y,,,,(UNK),154860,(N/A),(UNK),No Defects,1,1,Other Principal Arterial (PAS),3,348,U190275935,Not Toll,73,1,1,Not Divided,1,2939655.53117043,1910212.7314263,41.8870349268909,-87.805,,Urban,1,N,(N/A),Y,(N/A)
2019,2019-07-13,Saturday,17,05:15 PM,Property Damage,No Injuries,0,0,0,0,0,2,Front to Rear,11,N,N,Improper Lane Usage,Driving Skills/Knowledge/Experience,Daylight,Clear,Dry,N,,,,,Other,Functioning Properly,Y,2,41.8737301,-87.8039746,ok,Partial Access Control,3,03-19-10455,2019,,20,15,50000 and OVER,9,4295,Oak Park,C,Urban InterState (PAS),0,16,13,10509363,7,Cook,0,19,,,6,N,No,(UNK),201901232617,ISP,1,21.61,Y,,,,(UNK),154877,(N/A),(UNK),No Defects,1,1,InterState (PAS),1,9290,X001610269,Not Toll,73,13,4,Divided With Median Barrier,3,2940061.31645504,1905368.85348823,41.873722267156026,-87.804,,Urban,1,N,(N/A),Y,(N/A)
2019,2019-07-16,Tuesday,11,11:06 AM,Property Damage,No Injuries,0,0,0,0,0,2,Rear to Side,16,N,N,Improper Backing,(N/A),Daylight,Clear,Dry,Y,,,,,Traffic Signal,Functioning Properly,Y,2,41.8727918,-87.7744062,ok,(UNK),1,201900056305,2019,,30,99,50000 and OVER,9,4295,Oak Park,C,Urban Minor Arterial,8,16,16,10510845,7,Cook,0,19,,,2,N,No,Free Flow,201901234066,City,1,0,N,,,,(UNK),154957,(N/A),(UNK),Other,10,1,Minor Arterial,4,,X001611271,Not Toll,,3,4,Divided With Median Barrier,3,2948124.26459584,1905250.10566935,41.872783961726675,-87.7744,,Urban,1,N,(N/A),N,(N/A)
2019,2019-07-16,Tuesday,08,08:54 AM,Property Damage,No Injuries,0,0,0,0,0,2,Front to Rear,11,N,N,Failing to Reduce Speed to Avoid Crash,Unable to Determine,Daylight,Clear,Dry,N,,,,,No Controls,No Controls,N,2,41.9051589,-87.8056602,ok,(N/A),1,2019,,,28,18,50000 and OVER,9,4295,Oak Park,C,Urban Other Principal Arte,0,16,16,10511516,7,Cook,C,19,0,,2,X001611809,Stopped,(UNK),201901234790,Other,1,17.9,Y,,,,(UNK),155787,(N/A),(UNK),No Defects,1,1,No Median Barrier,3,348,1901006,Urban,73,1,1,Divided,2,2939286.88849662,1916809.43983188,41.9051510408941,-87.8057,,No,1,(N/A),N,Y,N
2019,2019-07-17,Wednesday,11,11:00 AM,Property Damage,No Injuries,0,0,0,0,0,2,Front to Front,14,N,N,Failing to Reduce Speed to Avoid Crash,Unable to Determine,Daylight,Clear,Dry,N,,,,,No Controls,No Controls,N,2,41.8796913,-87.7962139,ok,(UNK),1,1903973,2019,,28,18,50000 and OVER,9,4295,Oak Park,C,Urban Local Road or Street,0,16,17,10512761,7,Cook,0,19,,,3,N,No,Free Flow,201901236019,City,1,0,N,,,,(UNK),155906,(N/A),(UNK),No Defects,1,1,Local Road or Street,7,2689,X001612896,Not Toll,73,1,1,Not Divided,1,2942115.01905234,1907599.54139305,41.879683491407,-87.7962,,Urban,1,N,(N/A),Y,(N/A)
2019,2019-07-17,Wednesday,11,11:41 AM,Injury,C Injury Crash,1,0,0,0,1,1,Angle,15,N,N,Failing to Yield Right of Way,(N/A),Daylight,Clear,Dry,N,,,,,Stop Sign,Functioning Properly,N,2,41.8753806,-87.8021385,ok,(UNK),1,1903974,2019,,2,99,50000 and OVER,9,4295,Oak Park,C,Urban Local Road or Street,0,16,17,10512762,7,Cook,1,19,,,3,N,Yes,Free Flow,201901236020,City,1,0.07,N,,,,(UNK),155907,(N/A),(UNK),No Defects,1,1,Local Road or Street,7,4030,X001612897,Not Toll,73,2,4,Four Way,14,2940544.81003247,1905984.08222055,41.8753727104607,-87.8021,,Urban,1,N,(N/A),Y,(N/A)
2019,2019-07-13,Saturday,15,03:02 PM,Property Damage,No Injuries,0,0,0,0,0,1,Parked Motor Vehicle,9,N,N,Improper Lane Usage,Failing to Reduce Speed to Avoid Crash,Daylight,Clear,Dry,N,,,,,No Controls,No Controls,Y,2,41.8887337,-87.8026283,ok,(UNK),1,1903894,2019,,20,28,50000 and OVER,9,4295,Oak Park,C,Urban Local Road or Street,0,16,13,10511828,7,Cook,0,19,,,6,N,No,(UNK),201901235059,City,1,0.36,N,,,,(UNK),156099,(N/A),(UNK),No Defects,1,1,Local Road or Street,7,2056,X001612137,Not Toll,73,1,1,Not Divided,1,2940277.30411474,1910846.52766748,41.888725835511664,-87.8026,,Urban,1,N,(N/A),Y,(N/A)
2019,2019-06-18,Tuesday,10,10:50 AM,Property Damage,No Injuries,0,0,0,0,0,4,Front to Rear,11,N,N,Failing to Reduce Speed to Avoid Crash,Unable to Determine,Daylight,Clear,Dry,Y,,,,,Traffic Signal,Functioning Properly,N,2,41.8886778,-87.8001758,ok,(N/A),1,2019,,,28,18,50000 and OVER,9,4295,Oak Park,C,Urban Major Collector,8,16,18,10507816,6,Cook,C,19,0,,2,X001607047,(UNK),(UNK),201901231354,Major,1,0,N,,,,(UNK),156176,(N/A),(UNK),No Defects,1,1,No Median Barrier,5,,1903331,Urban,73,3,4,Divided,2,2940945.68106167,1910844.59767718,41.888669999486304,-87.8002,,No,1,(N/A),N,Y,N
2019,2019-06-18,Tuesday,13,01:39 PM,Property Damage,No Injuries,0,0,0,0,0,2,Front to Rear,11,N,N,Failing to Reduce Speed to Avoid Crash,Unable to Determine,Daylight,Clear,Dry,Y,,,,,Traffic Signal,Functioning Properly,N,2,41.8759848,-87.8045958,ok,(UNK),1,1903338,2019,,28,18,50000 and OVER,9,4295,Oak Park,C,Urban Other Principal Arte,0,16,18,10507817,6,Cook,0,19,,,2,N,No,(UNK),201901231355,City,1,25.77,Y,,,,(UNK),156177,(N/A),(UNK),No Defects,1,1,Other Principal Arterial (PAS),3,5043,X001607050,Not Toll,73,3,4,Other,8,2939869.49456576,1906185.86027551,41.875977003722625,-87.8046,,Urban,1,N,(N/A),Y,(N/A)
2019,2019-06-19,Wednesday,13,01:18 PM,Property Damage,No Injuries,0,0,0,0,0,3,Sideswipe Same Direction,12,N,N,Failing to Reduce Speed to Avoid Crash,Unable to Determine,Daylight,Clear,Dry,N,,,,,No Controls,No Controls,N,2,41.8833646,-87.7983289,ok,(N/A),1,2019,,,28,18,50000 and OVER,9,4295,Oak Park,C,Urban Local Road or Street,0,16,19,10507818,6,Cook,C,19,0,,3,X001607063,Free Flow,(UNK),201901231356,Local,1,0.33,N,,,,(UNK),156254,(N/A),(UNK),No Defects,1,1,No Median Barrier,7,3015,1903366,Urban,73,1,1,Divided,2,2941502.07116835,1908922.24649911,41.88335678464546,-87.7983,,No,1,(N/A),N,Y,N
2019,2019-07-12,Friday,09,09:41 AM,Property Damage,No Injuries,0,0,0,0,0,1,Parked Motor Vehicle,9,N,N,Failing to Reduce Speed to Avoid Crash,Unable to Determine,Daylight,Clear,Dry,N,,,,,No Controls,No Controls,Y,2,41.8805282,-87.7969409,ok,(UNK),1,1903869,2019,,28,18,50000 and OVER,9,4295,Oak Park,C,Urban Local Road or Street,0,16,12,10507826,7,Cook,0,19,,,5,N,No,Free Flow,201901231366,City,1,0.56,N,,,,(UNK),156256,(N/A),(UNK),No Defects,1,1,Local Road or Street,7,2690,X001607524,Not Toll,73,1,1,Not Divided,1,2941908.61033156,1907899.02378542,41.88052031222465,-87.7969,,Urban,1,N,(N/A),Y,(N/A)
2019,2019-07-12,Friday,08,08:04 AM,Property Damage,No Injuries,0,0,0,0,0,2,Turning,10,N,N,Failing to Yield Right of Way,Disregarding Stop Sign,Daylight,Clear,Dry,Y,,,,,Stop Sign,Functioning Properly,N,2,41.8946671,-87.7783858,ok,(UNK),1,1903868,2019,,2,23,50000 and OVER,9,4295,Oak Park,C,Urban Minor Arterial,8,16,12,10507828,7,Cook,0,19,,,5,N,No,Free Flow,201901231368,City,1,0,N,,,,(UNK),156258,(N/A),(UNK),No Defects,1,1,Minor Arterial,4,,X001607526,Not Toll,73,2,4,Not Divided,1,2946818.37527578,1913191.68101505,41.894659264620216,-87.7784,,Urban,1,N,(N/A),Y,(N/A)
2019,2019-07-17,Wednesday,18,06:15 PM,Property Damage,No Injuries,0,0,0,0,0,4,Sideswipe Same Direction,12,N,N,Improper Lane Usage,(N/A),Daylight,Clear,Wet,Y,,,,,Traffic Signal,Functioning Properly,N,2,41.8942278,-87.8052258,ok,(N/A),1,2019,,,20,99,50000 and OVER,9,4295,Oak Park,C,Urban Other Principal Arte,0,16,17,10514559,7,Cook,C,19,0,,3,X001614095,Stopped,(UNK),201901237885,Other,1,27.03,Y,,,,(UNK),158142,(N/A),(UNK),No Defects,1,2,No Median Barrier,3,5043,1903984,Urban,73,3,4,Divided,2,2939514.862401,1912829.2173956,41.89421999990305,-87.8052,,No,1,(N/A),N,Y,N
2019,2019-07-17,Wednesday,08,08:55 AM,Property Damage,No Injuries,0,0,0,0,0,1,Parked Motor Vehicle,9,N,N,Failing to Reduce Speed to Avoid Crash,Unable to Determine,Unknown,Clear,Dry,N,,,,,Stop Sign,Functioning Properly,Y,2,41.8917159,-87.7945995,ok,(UNK),1,1903971,2019,,28,18,50000 and OVER,9,4295,Oak Park,C,Urban Major Collector,0,16,17,10514560,7,Cook,0,19,,,3,N,No,Free Flow,201901237886,City,9,5.31,N,,,,(UNK),158143,(N/A),(UNK),No Defects,1,1,Major Collector,5,2775,X001614096,Not Toll,73,2,4,Not Divided,1,2942433.5044467,1911993.66725843,41.89170804543218,-87.7946,,Urban,1,N,(N/A),Y,(N/A)
2019,2019-07-18,Thursday,11,11:08 AM,Property Damage,No Injuries,0,0,0,0,0,2,Turning,10,N,N,Weather,Failing to Reduce Speed to Avoid Crash,Daylight,Rain,Wet,N,,,,,Traffic Signal,Functioning Properly,N,2,41.880013,-87.7747696,ok,(UNK),1,1903998,2019,,11,28,50000 and OVER,9,4295,Oak Park,C,Urban Minor Arterial,0,16,18,10514561,7,Cook,0,19,,,4,N,No,Slow,201901237888,City,1,4.62,N,,,,(UNK),158144,(N/A),(UNK),No Defects,1,2,Minor Arterial,4,1419,X001614097,Not Toll,73,3,4,Two-way Continuous Left-Tur,4,2947951.92634766,1907878.8945099,41.880005183356914,-87.7748,,Urban,2,N,(N/A),Y,(N/A)
2019,2019-07-18,Thursday,06,06:25 AM,Injury,B Injury Crash,1,0,0,1,0,1,Sideswipe Same Direction,12,N,N,Improper Lane Usage,Driving Skills/Knowledge/Experience,Daylight,Clear,Dry,N,,,,,No Controls,No Controls,N,2,41.8712836,-87.775244,ok,Partial Access Control,3,03-19-10693,2019,,20,15,50000 and OVER,9,4295,Oak Park,C,Urban InterState (PAS),0,16,18,10517868,7,Cook,2,19,,,4,N,No,(UNK),201901241337,ISP,1,23.04,Y,,,,(UNK),158891,(N/A),(UNK),No Defects,1,1,InterState (PAS),1,9290,X001616875,Not Toll,73,1,1,Not Divided,1,2947911.38988375,1904694.13694741,41.87127578758834,-87.7752,,Urban,1,N,(N/A),Y,(N/A)
2019,2019-07-21,Sunday,00,00:10 AM,Property Damage,No Injuries,0,0,0,0,0,3,Front to Rear,11,N,N,Unable to Determine,(N/A),Darkness / Lighted Road,Clear,Dry,N,,,,,No Controls,No Controls,Y,3,41.8666258,-87.8042668,ok,(N/A),1,2019,,,18,99,50000 and OVER,9,4295,Oak Park,C,Urban Other Principal Arte,0,16,21,10516712,7,Cook,C,19,0,,7,X001615809,Stopped,(UNK),201901240209,Other,5,20.58,Y,,,,(UNK),159709,(N/A),(UNK),No Defects,1,1,No Median Barrier,3,348,19-02400,Urban,73,1,1,Divided,2,2940053.01554179,1902777.71691824,41.86661793049631,-87.8043,,No,1,(N/A),N,Y,N
2019,2019-07-18,Thursday,00,00:07 AM,Property Damage,No Injuries,0,0,0,0,0,1,Parked Motor Vehicle,9,N,N,Driving On Wrong Side/Wrong Way,Failing to Reduce Speed to Avoid Crash,Darkness,Clear,Dry,N,,,,,No Controls,No Controls,Y,2,41.891497,-87.7782863,ok,(UNK),1,1903990,2019,,5,28,50000 and OVER,9,4295,Oak Park,C,Urban Local Road or Street,0,16,18,10519088,7,Cook,0,19,,,4,N,No,Free Flow,201901241984,City,4,0.47,N,,,,(UNK),159859,(N/A),(UNK),No Defects,1,1,Local Road or Street,7,2613,X001617468,Not Toll,73,1,1,Not Divided,1,2946877.63008117,1912037.1818165,41.89148914484115,-87.7783,,Urban,1,N,(N/A),Y,(N/A)
2019,2019-07-21,Sunday,12,12:10 PM,Property Damage,No Injuries,0,0,0,0,0,5,Angle,15,N,N,Improper Backing,Failing to Reduce Speed to Avoid Crash,Daylight,Rain,Wet,N,,,,,No Controls,No Controls,N,3,41.8848361,-87.7944068,ok,(N/A),1,2019,,,30,28,50000 and OVER,9,4295,Oak Park,C,Urban Major Collector,0,16,21,10518518,7,Cook,C,19,0,,7,X001617103,Slow,(UNK),201901241715,Major,1,5.79,N,,,,(UNK),159989,(N/A),(UNK),No Defects,1,2,No Median Barrier,5,2775,1904057,Urban,73,1,1,Divided,2,2942555.31499984,1909488.01014809,41.88482830003743,-87.7944,,Yes,2,(N/A),N,Y,N
2019,2019-07-21,Sunday,14,02:42 PM,Property Damage,No Injuries,0,0,0,0,0,3,Front to Rear,11,N,N,Failing to Reduce Speed to Avoid Crash,Following Too Closely,Daylight,Clear,Dry,N,,,,,No Controls,No Controls,N,2,41.8735079,-87.8045198,ok,Partial Access Control,3,03-19-10913,2019,,28,3,50000 and OVER,9,4295,Oak Park,C,Urban InterState (PAS),0,16,21,10519110,7,Cook,0,19,,,7,N,No,(UNK),201901242031,ISP,1,21.58,Y,,,,(UNK),160048,(N/A),(UNK),No Defects,1,1,InterState (PAS),1,9290,X001617493,Not Toll,73,1,1,Divided With Median Barrier,3,2939915.04139067,1905283.80433685,41.87350010539644,-87.8045,,Urban,1,N,(N/A),Y,(N/A)
2019,2019-07-19,Friday,13,01:23 PM,Property Damage,No Injuries,0,0,0,0,0,2,Front to Rear,11,N,N,Failing to Reduce Speed to Avoid Crash,Following Too Closely,Daylight,Clear,Dry,N,,,,,No Controls,No Controls,N,2,41.8737794,-87.8045294,ok,(UNK),3,03-19-10767,2019,,28,3,50000 and OVER,9,4295,Oak Park,C,Urban (UNK),0,16,19,10517222,7,Cook,0,19,,,5,N,No,(UNK),201901240656,ISP,1,21.58,N,,,,(UNK),160243,(N/A),(UNK),No Defects,1,1,(UNK),0,9290,X001616249,No Toll,73,1,1,Divided With Median Barrier,3,2939909.69552456,1905382.65073802,41.873771548312355,-87.8045,,Urban,1,N,(N/A),Y,(N/A)
2019,2019-07-08,Monday,10,10:19 AM,Property Damage,No Injuries,0,0,0,0,0,3,Front to Rear,11,N,N,Following Too Closely,(N/A),Daylight,Clear,Dry,Y,,,,,Traffic Signal,Functioning Properly,N,2,41.8796391,-87.804369,ok,(N/A),1,2019,,,3,99,50000 and OVER,9,4295,Oak Park,C,Urban Other Principal Arte,0,16,8,10520152,7,Cook,C,19,0,,1,X001618462,Stopped,(UNK),201901243141,Other,1,3.08,Y,,,,(UNK),161357,(N/A),(UNK),No Defects,1,1,No Median Barrier,3,1419,1903770,Urban,73,3,4,Divided,2,2939894.58087583,1907519.227062,41.87963123178534,-87.8044,,No,1,(N/A),N,Y,N
2019,2019-07-04,Thursday,01,01:55 AM,Property Damage,No Injuries,0,0,0,0,0,2,Other Non-Collision,8,N,N,Equipment-Vehicle Condition,Unable to Determine,Darkness / Lighted Road,Clear,Dry,N,,,,,Other,Functioning Properly,Y,2,41.8712463,-87.7746448,ok,Partial Access Control,3,03-19-10942,2019,,10,18,50000 and OVER,9,4295,Oak Park,C,Urban InterState (PAS),0,16,4,10521089,7,Cook,0,19,,,4,N,No,(UNK),201901244169,ISP,5,23.07,Y,,,,(UNK),161450,(N/A),(UNK),No Defects,1,1,InterState (PAS),1,9290,X001619245,Not Toll,73,13,4,Divided With Median Barrier,3,2948074.97139846,1904685.07387614,41.87123843250445,-87.7746,,Urban,1,N,(N/A),Y,(N/A)
2019,2019-07-24,Wednesday,16,04:39 PM,Property Damage,No Injuries,0,0,0,0,0,2,Sideswipe Same Direction,12,N,N,Improper Lane Usage,Driving Skills/Knowledge/Experience,Daylight,Clear,Dry,Y,,,,,Traffic Signal,Functioning Properly,N,2,41.8797357,-87.8047367,ok,(N/A),1,2019,,,20,15,50000 and OVER,9,4295,Oak Park,C,Urban Other Principal Arte,0,16,24,10522130,7,Cook,C,19,0,,3,X001620070,Slow,(UNK),201901245506,Other,1,19.68,Y,,,,(UNK),161579,(N/A),(UNK),No Defects,1,1,No Median Barrier,3,348,19-02446,Urban,73,3,4,Divided,2,2939793.47596603,1907551.67007126,41.8797278254786,-87.8047,,No,1,(N/A),N,Y,N
2019,2019-07-24,Wednesday,10,10:34 AM,Injury,B Injury Crash,1,0,0,1,0,0,Parked Motor Vehicle,9,N,N,Distraction - From Inside Vehicle,Unable to Determine,Daylight,Clear,Dry,N,,,,,No Controls,No Controls,N,3,41.8805789,-87.7956088,ok,(UNK),1,1904128,2019,,41,18,50000 and OVER,9,4295,Oak Park,C,Urban Local Road or Street,0,16,24,10522674,7,Cook,2,19,,,3,N,No,Free Flow,201901246086,City,1,0.42,N,,,,(UNK),162005,(N/A),(UNK),No Defects,1,1,Local Road or Street,7,2683,X001620423,Not Toll,73,1,1,Not Divided,1,2942270.87170465,1907927.54125159,41.880571057322875,-87.7956,,Urban,1,N,(N/A),Y,(N/A)
2019,2019-07-23,Tuesday,17,05:00 PM,Property Damage,No Injuries,0,0,0,0,0,2,Angle,15,N,N,Failing to Yield Right of Way,(N/A),Daylight,Clear,Dry,Y,,,,,Stop Sign,Functioning Properly,N,2,41.8761881,-87.7892152,ok,(UNK),1,1904109,2019,,2,99,50000 and OVER,9,4295,Oak Park,C,Urban Minor Collector,8,16,23,10522693,7,Cook,0,19,,,2,N,No,Slow,201901246107,City,1,0,N,,,,(UNK),162066,(N/A),(UNK),No Defects,1,1,Minor Collector,6,,X001620028,Not Toll,73,2,4,Four Way,14,2944056.44678567,1906375.63158967,41.87618020843599,-87.7892,,Urban,1,N,(N/A),Y,(N/A)
2019,2019-07-23,Tuesday,05,05:25 AM,Property Damage,No Injuries,0,0,0,0,0,2,Sideswipe Same Direction,12,N,N,Improper Lane Usage,Failing to Reduce Speed to Avoid Crash,Daylight,Clear,Dry,N,,,,,No Controls,Functioning Properly,N,2,41.8712367,-87.7744804,ok,Partial Access Control,3,03-19-11003,2019,,20,28,50000 and OVER,9,4295,Oak Park,C,Urban InterState (PAS),0,16,23,10519743,7,Cook,0,19,,,2,N,No,(UNK),201901242689,ISP,1,23.08,Y,,,,(UNK),162309,(N/A),(UNK),No Defects,1,1,InterState (PAS),1,9290,X001618122,Not Toll,73,1,4,Divided With Median Barrier,3,2948119.87171645,1904682.83592257,41.8712288633107,-87.7745,,Urban,1,N,(N/A),Y,(N/A)
2019,2019-07-18,Thursday,08,08:08 AM,Property Damage,No Injuries,0,0,0,0,0,4,Angle,15,N,N,Failing to Yield Right of Way,Failing to Yield Right of Way,Daylight,Rain,Wet,Y,,,,,Stop Sign,Functioning Properly,N,3,41.9052131,-87.805664,ok,(UNK),1,1903992,2019,,2,2,50000 and OVER,9,4295,Oak Park,C,Urban Other Principal Arte,0,16,18,10519787,7,Cook,0,19,,,4,N,Yes,Slow,201901242736,City,1,27.8,Y,,,,(UNK),162518,(N/A),(UNK),No Defects,1,2,Other Principal Arterial (PAS),3,5043,X001617477,Not Toll,73,2,4,Not Divided,1,2939285.33103592,1916829.15591801,41.90520522024502,-87.8057,,Urban,2,N,(N/A),Y,(N/A)