crash_year,crash_date,day_of_week,crash_hour,time_of_crash,crash_severity,crash_injury_severity,total_injured,total_fatals,a_injuries,b_injuries,c_injuries,no_injuries,type_of_first_crash,collision_type_code,pedestrian_involved,pedalcyclist_involved,cause1,cause2,lighting_cond,weather_cond,road_surface_cond,intersection_related,is_intersection,highway_or_street_name,at_intersection_with,address_no,traffic_control_device,traffic_control_device_cond,hit_and_run,number_of_vehicles,latitude,longitude,location_status,access_control,agency_code,agency_report_number,agency_report_year,alignment_code,cause1_code,cause2_code,city_class,city_class_code,city_code,city_name,city_township_flag,class_of_trafficway,class_of_trafficway_code,county_code,crash_day,crash_id,crash_month,crash_report_county,crash_severity_cd,crash_yr_source,damaged_property1,damaged_property2,day_of_week_code,did_crash_occur_in_work_zone,did_involve_secondary_crash,flow_condition,icn,investigating_agency_descrip,light_condition_code,mile_station,nhs,non_intersection_direction,non_intersection_distance,non_intersection_units,number_of_lanes,objectid,railroad_crossing_number,road_alignment,road_defects,road_defects_code,road_surface_condition_code,roadway_functional_class,roadway_functional_class_code,route_number,sfe,toll,township,traffic_control_device_code,traffic_control_device_cond_code,trafficway_descrip,trafficway_description_code,ts_crash_coordinate_x,ts_crash_coordinate_y,ts_crash_latitude,ts_crash_longitude,type_report,urban_rural,weather_code,were_workers_present,work_zone,work_zone_related,work_zone_type
2019,2019-07-21,Sunday,13,01:46 PM,Property Damage,No Injuries,0,0,0,0,0,1,Parked Motor Vehicle,9,N,N,Failing to Reduce Speed to Avoid Crash,Unable to Determine,Daylight,Rain,Wet,N,,,,,No Controls,No Controls,N,2,41.8918811,-87.8023542,ok,(UNK),1,1904059,2019,,28,18,50000 and OVER,9,4295,Oak Park,C,Urban Local Road or Street,0,16,21,10519795,7,Cook,0,19,,,7,N,No,Free Flow,201901242740,City,1,0.15,N,,,,(UNK),162567,(N/A),(UNK),No Defects,1,2,Local Road or Street,7,3066,X001618088,Not Toll,73,1,1,Not Divided,1,2940320.31658171,1911995.54538542,41.89187320572102,-87.8023,,Urban,2,N,(N/A),Y,(N/A)
2019,2019-07-22,Monday,06,06:59 AM,Injury,C Injury Crash,2,0,0,0,2,1,Front to Rear,11,N,N,Failing to Reduce Speed to Avoid Crash,Unable to Determine,Daylight,Clear,Dry,N,,,,,Traffic Signal,Not Functioning,N,2,41.8706268,-87.8044015,ok,(UNK),1,1904068,2019,,28,18,50000 and OVER,9,4295,Oak Park,C,Urban Other Principal Arte,0,16,22,10519799,7,Cook,1,19,,,1,N,No,Slow,201901242744,City,1,20.3,Y,,,,(UNK),162569,(N/A),(UNK),No Defects,1,1,Other Principal Arterial (PAS),3,348,X001618092,Not Toll,73,3,2,Not Divided,1,2939976.17349526,1904234.75674882,41.87061897456691,-87.8044,,Urban,1,N,(N/A),Y,(N/A)
2019,2019-07-22,Monday,09,09:24 AM,Injury,C Injury Crash,1,0,0,0,1,1,Pedestrian,1,Y,N,Failing to Yield Right of Way,Unable to Determine,Daylight,Clear,Dry,Y,,,,,Stop Sign,Functioning Properly,N,1,41.8669425,-87.7964204,ok,(UNK),1,1904070,2019,,2,18,50000 and OVER,9,4295,Oak Park,C,Urban Local Road or Street,8,16,22,10519800,7,Cook,1,19,,,1,N,No,Free Flow,201901242745,City,1,0,N,,,,(UNK),162570,(N/A),(UNK),No Defects,1,1,Local Road or Street,7,,X001618093,Not Toll,73,2,4,Unknown Intersection Type,22,2942187.14379977,1902952.0764008,41.86693463682805,-87.7964,,Urban,1,N,(N/A),Y,(N/A)
2019,2019-07-22,Monday,12,12:25 PM,Injury,C Injury Crash,1,0,0,0,1,1,Pedalcyclist,2,N,Y,Vision Obscured,Driving Skills/Knowledge/Experience,Daylight,Clear,Dry,Y,,,,,Traffic Signal,Functioning Properly,N,1,41.8726267,-87.7842257,ok,(N/A),1,2019,,,14,15,50000 and OVER,9,4295,Oak Park,C,Urban Major Collector,8,16,22,10519801,7,Cook,C,19,1,,1,X001618094,Free Flow,(UNK),201901242746,Major,1,0,N,,,,(UNK),162571,(N/A),(UNK),No Defects,1,1,No Median Barrier,5,,1904077,Urban,73,3,4,Divided,2,2945451.38822486,1905115.50433167,41.872618839689146,-87.7842,,No,1,(N/A),N,Y,N
2019,2019-07-22,Monday,13,01:15 PM,Injury,B Injury Crash,1,0,0,1,0,1,Front to Rear,11,N,N,Failing to Reduce Speed to Avoid Crash,Unable to Determine,Daylight,Clear,Dry,N,,,,,No Controls,No Controls,N,2,41.8979478,-87.8053871,ok,(N/A),1,2019,,,28,18,50000 and OVER,9,4295,Oak Park,C,Urban Other Principal Arte,0,16,22,10521315,7,Cook,C,19,2,,1,X001619340,Stopped,(UNK),201901244418,Other,1,18.41,Y,,,,(UNK),162604,(N/A),(UNK),No Defects,1,1,No Median Barrier,3,348,1901033,Urban,73,1,1,Divided,2,2939433.61035027,1914183.62364152,41.89793993838331,-87.8054,,No,1,(N/A),N,Y,N
2019,2019-07-20,Saturday,09,09:49 AM,Injury,C Injury Crash,1,0,0,0,1,1,Front to Rear,11,N,N,Following Too Closely,Failing to Reduce Speed to Avoid Crash,Daylight,Clear,Dry,Y,,,,,Traffic Signal,Functioning Properly,N,2,41.8907923,-87.805119,ok,(UNK),1,1901023,2019,,3,28,50000 and OVER,9,4295,Oak Park,C,Urban Other Principal Arte,6,16,20,10521316,7,Cook,1,19,,,6,N,No,Stopped,201901244420,City,1,26.8,Y,,,,(UNK),162605,(N/A),(UNK),No Defects,1,1,Other Principal Arterial (PAS),3,5043,X001619341,Not Toll,73,3,4,Not Divided,1,2939578.42708699,1911578.03261609,41.890784430096346,-87.8051,,Urban,1,N,(N/A),Y,(N/A)
2019,2019-07-21,Sunday,15,03:38 PM,Property Damage,No Injuries,0,0,0,0,0,2,Front to Rear,11,N,N,Following Too Closely,(N/A),Daylight,Clear,Dry,Y,,,,,Traffic Signal,Functioning Properly,N,2,41.8942279,-87.8052269,ok,(UNK),1,1901029,2019,,3,99,50000 and OVER,9,4295,Oak Park,C,Urban Other Principal Arte,0,16,21,10519813,7,Cook,0,19,,,7,N,No,Free Flow,201901242754,City,1,27.03,Y,,,,(UNK),162629,(N/A),(UNK),No Defects,1,1,Other Principal Arterial (PAS),3,5043,X001618100,Not Toll,73,3,4,Not Divided,1,2939514.55665952,1912829.21147907,41.8942200067657,-87.8052,,Urban,1,N,(N/A),Y,(N/A)
2019,2019-07-22,Monday,17,05:50 PM,Property Damage,No Injuries,0,0,0,0,0,2,Front to Rear,11,N,N,Following Too Closely,Failing to Reduce Speed to Avoid Crash,Daylight,Clear,Other,N,,,,,No Controls,No Controls,N,2,41.8730268,-87.7974141,ok,Partial Access Control,3,03-19-10983,2019,,3,28,50000 and OVER,9,4295,Oak Park,C,Urban InterState (PAS),0,16,22,10523341,7,Cook,0,19,,,1,N,No,(UNK),201901246642,ISP,1,21.91,Y,,,,(UNK),162640,(N/A),(UNK),No Defects,1,6,InterState (PAS),1,9290,X001620957,Not Toll,73,1,1,Divided With Median Barrier,3,2941855.2270311,1905161.82905407,41.873018943057666,-87.7974,,Urban,1,N,(N/A),Y,(N/A)
2019,2019-07-24,Wednesday,15,03:32 PM,Property Damage,No Injuries,0,0,0,0,0,2,Front to Rear,11,N,N,Following Too Closely,Failing to Reduce Speed to Avoid Crash,Daylight,Clear,Dry,N,,,,,Other Regualtory Sig,Functioning Properly,N,2,41.8731134,-87.7981165,ok,Partial Access Control,3,03-19-11100,2019,,3,28,50000 and OVER,9,4295,Oak Park,C,Urban InterState (PAS),0,16,24,10523396,7,Cook,0,19,,,3,N,No,(UNK),201901246709,ISP,1,21.88,Y,,,,(UNK),162967,(N/A),(UNK),No Defects,1,1,InterState (PAS),1,9290,X001621008,Not Toll,73,10,4,Divided With Median Barrier,3,2941663.0511266,1905188.11606377,41.87310557301009,-87.7981,,Urban,1,N,(N/A),Y,(N/A)
2019,2019-07-20,Saturday,01,01:00 AM,Injury,B Injury Crash,3,0,0,3,0,3,Front to Rear,11,N,N,Following Too Closely,Failing to Reduce Speed to Avoid Crash,Darkness / Lighted Road,Clear,Dry,N,,,,,Other,Functioning Properly,N,4,41.8736371,-87.8044882,ok,Partial Access Control,3,03-19-10812,2019,,3,28,50000 and OVER,9,4295,Oak Park,C,Urban InterState (PAS),8,16,20,10521473,7,Cook,2,19,,,6,N,No,(UNK),201901244647,ISP,5,0,Y,,,,(UNK),163477,(N/A),(UNK),No Defects,1,1,InterState (PAS),1,,X001619566,Not Toll,73,13,4,Ramp,11,2939922.35096493,1905331.0890226,41.87362920930726,-87.8045,,Urban,1,N,(N/A),Y,(N/A)
2019,2019-07-26,Friday,19,07:22 PM,Property Damage,No Injuries,0,0,0,0,0,3,Turning,10,N,N,Improper Turning/No Signal,Following Too Closely,Daylight,Clear,Dry,N,,,,,No Controls,No Controls,N,2,41.8757241,-87.8045882,ok,(N/A),1,2019,,,6,3,50000 and OVER,9,4295,Oak Park,C,Urban Other Principal Arte,0,16,26,10524961,7,Cook,C,19,0,,5,X001622393,Slow,(UNK),201901248592,Other,1,19.95,Y,,,,(UNK),164115,(N/A),(UNK),No Defects,1,1,No Median Barrier,3,348,19-02475,Urban,73,1,1,Divided,2,2939874.17472149,1906090.89588732,41.87571625572746,-87.8046,,No,1,(N/A),N,Y,N
2019,2019-07-24,Wednesday,21,09:30 PM,Property Damage,No Injuries,0,0,0,0,0,3,Turning,10,N,N,Improper Lane Usage,Failing to Reduce Speed to Avoid Crash,Darkness / Lighted Road,Clear,Dry,Y,,,,,No Controls,No Controls,N,2,41.8736416,-87.8045258,ok,Partial Access Control,1,1904148,2019,,20,28,50000 and OVER,9,4295,Oak Park,C,Urban InterState (PAS),0,16,24,10524058,7,Cook,0,19,,,3,N,No,(UNK),201901247505,City,5,25.61,Y,,,,(UNK),164643,(N/A),(UNK),No Defects,1,1,InterState (PAS),1,5043,X001621554,Not Toll,73,1,1,Divided With Median Barrier,3,2939912.062394,1905332.46992192,41.873633772562904,-87.8045,,Urban,1,N,(N/A),Y,(N/A)
2019,2019-07-24,Wednesday,22,10:58 PM,Injury,C Injury Crash,4,0,0,0,4,0,Angle,15,N,N,Disregarding Traffic Signals,Failing to Yield Right of Way,Darkness,Clear,Dry,Y,,,,,Traffic Signal,Functioning Properly,N,2,41.8817142,-87.7845156,ok,(N/A),1,2019,,,25,2,50000 and OVER,9,4295,Oak Park,C,Urban Major Collector,8,16,24,10524059,7,Cook,C,19,1,,3,X001621555,Free Flow,(UNK),201901247506,Major,4,0,N,,,,(UNK),164692,(N/A),(UNK),No Defects,1,1,No Median Barrier,5,,1904149,Urban,73,3,4,Divided,2,2945280.464311,1908424.95853689,41.88170632343524,-87.7845,,No,1,(N/A),N,Y,N
2019,2019-07-24,Wednesday,19,07:28 PM,Property Damage,No Injuries,0,0,0,0,0,3,Angle,15,N,N,Failing to Yield Right of Way,Failing to Reduce Speed to Avoid Crash,Daylight,Clear,Dry,Y,,,,,Traffic Signal,Not Functioning,Y,2,41.8797161,-87.7942754,ok,(UNK),1,1904144,2019,,2,28,50000 and OVER,9,4295,Oak Park,C,Urban Minor Arterial,8,16,24,10524060,7,Cook,0,19,,,3,N,No,Slow,201901247507,City,1,0,N,,,,(UNK),164693,(N/A),(UNK),No Defects,1,1,Minor Arterial,4,,X001621556,Not Toll,73,3,2,Not Divided,1,2942642.71130478,1907623.17683909,41.87970829789096,-87.7943,,Urban,1,N,(N/A),Y,(N/A)
2019,2019-07-26,Friday,19,07:08 PM,Property Damage,No Injuries,0,0,0,0,0,5,Turning,10,N,N,Failing to Yield Right of Way,(N/A),Daylight,Clear,Dry,N,,,,,No Controls,No Controls,N,2,41.8800123,-87.7750284,ok,(UNK),1,1904205,2019,,2,99,50000 and OVER,9,4295,Oak Park,C,Urban Minor Arterial,0,16,26,10527801,7,Cook,0,19,,,5,N,No,Slow,201901251445,City,1,4.6,N,,,,(UNK),165113,(N/A),(UNK),No Defects,1,1,Minor Arterial,4,1419,X001624949,Not Toll,73,1,1,Divided With Median Barrier,3,2947881.45181758,1907876.66896348,41.8800044691915,-87.775,,Urban,1,N,(N/A),Y,(N/A)
2019,2019-07-25,Thursday,09,09:26 AM,Property Damage,No Injuries,0,0,0,0,0,2,Front to Rear,11,N,N,Failing to Reduce Speed to Avoid Crash,Following Too Closely,Daylight,Clear,Dry,Y,,,,,Traffic Signal,Functioning Properly,N,2,41.8800748,-87.7795431,ok,(UNK),1,1904154,2019,,28,3,50000 and OVER,9,4295,Oak Park,C,Urban Local Road or Street,0,16,25,10524626,7,Cook,0,19,,,4,N,No,(UNK),201901248221,City,1,0.54,N,,,,(UNK),165380,(N/A),(UNK),No Defects,1,1,Local Road or Street,7,3794,X001621972,Not Toll,73,3,4,Not Divided,1,2946651.26218199,1907865.19446355,41.88006696810806,-87.7795,,Urban,1,N,(N/A),Y,(N/A)
2019,2019-07-25,Thursday,16,04:36 PM,Property Damage,No Injuries,0,0,0,0,0,3,Angle,15,N,N,Disregarding Traffic Signals,Failing to Yield Right of Way,Daylight,Clear,Dry,Y,,,,,Traffic Signal,Functioning Properly,N,2,41.8871073,-87.8049778,ok,(UNK),1,1904164,2019,,25,2,50000 and OVER,9,4295,Oak Park,C,Urban Other Principal Arte,0,16,25,10524628,7,Cook,0,19,,,4,N,No,Slow,201901248222,City,1,26.54,Y,,,,(UNK),165381,(N/A),(UNK),No Defects,1,1,Other Principal Arterial (PAS),3,5043,X001622064,Not Toll,73,3,4,Four Way,14,2939653.84019465,1910236.21550237,41.88709944836195,-87.805,,Urban,1,N,(N/A),Y,(N/A)
2019,2019-07-25,Thursday,17,05:12 PM,Property Damage,No Injuries,0,0,0,0,0,5,Front to Rear,11,N,N,Following Too Closely,Failing to Reduce Speed to Avoid Crash,Daylight,Clear,Unknown,Y,,,,,Traffic Signal,Functioning Properly,N,2,41.9018879,-87.7841333,ok,(UNK),1,1904168,2019,,3,28,50000 and OVER,9,4295,Oak Park,C,Urban Major Collector,8,16,25,10524630,7,Cook,0,19,,,4,N,No,Slow,201901248224,City,1,0,N,,,,(UNK),165382,(N/A),(UNK),Unknown,99,9,Major Collector,5,,X001622084,Not Toll,73,3,4,Not Divided,1,2945180.34471807,1915779.55912236,41.901880089235604,-87.7841,,Urban,1,N,(N/A),N,(N/A)
2019,2019-07-25,Thursday,22,10:26 PM,Property Damage,No Injuries,0,0,0,0,0,1,Parked Motor Vehicle,9,N,N,Failing to Reduce Speed to Avoid Crash,Unable to Determine,Darkness,Clear,Dry,N,,,,,No Controls,No Controls,N,2,41.8738907,-87.7842603,ok,(UNK),1,1904179,2019,,28,18,50000 and OVER,9,4295,Oak Park,C,Urban Major Collector,0,16,25,10527028,7,Cook,0,19,,,4,N,No,Free Flow,201901250813,City,4,1.94,N,,,,(UNK),165485,(N/A),(UNK),No Defects,1,1,Major Collector,5,2783,X001622628,Not Toll,73,1,1,Not Divided,1,2945429.18249938,1905575.88235374,41.873882880174605,-87.7843,,Urban,1,N,(N/A),Y,(N/A)
2019,2019-07-28,Sunday,16,04:40 PM,Property Damage,No Injuries,0,0,0,0,0,2,Front to Rear,11,N,N,Following Too Closely,Failing to Reduce Speed to Avoid Crash,Daylight,Clear,Dry,N,,,,,No Controls,No Controls,Y,2,41.873555,-87.8038118,ok,Partial Access Control,3,03-19-11323,2019,,3,28,50000 and OVER,9,4295,Oak Park,C,Urban InterState (PAS),8,16,28,10527921,7,Cook,0,19,,,7,N,No,(UNK),201901251562,ISP,1,0,Y,,,,(UNK),165676,(N/A),(UNK),No Defects,1,1,InterState (PAS),1,,X001625078,Not Toll,73,1,1,Ramp,11,2940107.40766896,1905306.25129924,41.87354712964072,-87.8038,,Urban,1,N,(N/A),Y,(N/A)
2019,2019-07-25,Thursday,10,10:05 AM,Property Damage,No Injuries,0,0,0,0,0,2,Sideswipe Same Direction,12,N,N,Equipment-Vehicle Condition,Driving Skills/Knowledge/Experience,Daylight,Clear,Dry,N,,,,,Other Regualtory Sig,Functioning Properly,N,2,41.873479,-87.804223,ok,Partial Access Control,3,03-19-11138,2019,,10,15,50000 and OVER,9,4295,Oak Park,C,Urban InterState (PAS),0,16,25,10526144,7,Cook,0,19,,,4,N,No,(UNK),201901249799,ISP,1,7.71,Y,,,,(UNK),165965,(N/A),(UNK),No Defects,1,1,InterState (PAS),1,290,X001623552,Not Toll,73,10,4,Divided With Median Barrier,3,2939996.16268258,1905275.49458352,41.87347119479125,-87.8042,,Urban,1,N,(N/A),Y,(N/A)
2019,2019-07-26,Friday,11,11:30 AM,Injury,C Injury Crash,3,0,0,0,3,0,Angle,15,N,N,Failing to Yield Right of Way,(N/A),Daylight,Cloudy/Overcast,Dry,Y,,,,,Stop Sign,Functioning Properly,N,2,41.9052131,-87.805664,ok,(UNK),1,1904186,2019,,2,99,50000 and OVER,9,4295,Oak Park,C,Urban Other Principal Arte,0,16,26,10527631,7,Cook,1,19,,,5,N,No,Free Flow,201901251290,City,1,27.8,Y,,,,(UNK),166181,(N/A),(UNK),No Defects,1,1,Other Principal Arterial (PAS),3,5043,X001624722,Not Toll,73,2,4,Four Way,14,2939285.33103592,1916829.15591801,41.90520522024502,-87.8057,,Urban,8,N,(N/A),Y,(N/A)
2019,2019-07-06,Saturday,03,03:29 AM,Property Damage,No Injuries,0,0,0,0,0,2,Front to Rear,11,N,N,Failing to Reduce Speed to Avoid Crash,Following Too Closely,Darkness / Lighted Road,Clear,Dry,N,,,,,Traffic Signal,Functioning Properly,N,2,41.8737125,-87.8037979,ok,Partial Access Control,3,03-19-10679,2019,,28,3,50000 and OVER,9,4295,Oak Park,C,Urban InterState (PAS),0,16,6,10529849,7,Cook,0,19,,,6,N,No,(UNK),201901253821,ISP,5,21.61,Y,,,,(UNK),166224,(N/A),(UNK),No Defects,1,1,InterState (PAS),1,9290,X001626901,Not Toll,73,3,4,Divided With Median Barrier,3,2940109.61715394,1905363.75964967,41.87370465202546,-87.8038,,Urban,1,N,(N/A),Y,(N/A)
2019,2019-07-30,Tuesday,07,07:30 AM,Property Damage,No Injuries,0,0,0,0,0,3,Front to Rear,11,N,N,Following Too Closely,Failing to Reduce Speed to Avoid Crash,Daylight,Clear,Dry,N,,,,,No Controls,Functioning Properly,N,3,41.8734903,-87.8043382,ok,Partial Access Control,3,03-19-11418,2019,,3,28,50000 and OVER,9,4295,Oak Park,C,Urban InterState (PAS),0,16,30,10529389,7,Cook,0,19,,,2,N,No,(UNK),201901253277,ISP,1,7.71,Y,,,,(UNK),166444,(N/A),(UNK),No Defects,1,1,InterState (PAS),1,290,X001626455,Not Toll,73,1,4,Divided With Median Barrier,3,2939964.66385891,1905278.72120194,41.87348242066504,-87.8043,,Urban,1,N,(N/A),Y,(N/A)
2019,2019-07-26,Friday,21,09:33 PM,Property Damage,No Injuries,0,0,0,0,0,3,Sideswipe Opposite Direction,13,N,N,Improper Overtaking/Passing,(N/A),Darkness,Clear,Dry,N,,,,,No Controls,No Controls,N,2,41.8830932,-87.789456,ok,(UNK),1,1904207,2019,,4,99,50000 and OVER,9,4295,Oak Park,C,Urban Minor Collector,0,16,26,10530392,7,Cook,0,19,,,5,N,No,Free Flow,201901254546,City,4,0.39,N,,,,(UNK),166474,(N/A),(UNK),No Defects,1,1,Minor Collector,6,2779,X001627200,Not Toll,73,1,1,Not Divided,1,2943921.11259538,1908890.16986293,41.88308533680788,-87.7895,,Urban,1,N,(N/A),Y,(N/A)
2019,2019-07-26,Friday,16,04:38 PM,Property Damage,No Injuries,0,0,0,0,0,4,Angle,15,N,N,Disregarding Stop Sign,Failing to Yield Right of Way,Daylight,Clear,Dry,Y,,,,,Stop Sign,Functioning Properly,N,2,41.9053307,-87.7964429,ok,(UNK),1,1904199,2019,,23,2,50000 and OVER,9,4295,Oak Park,C,Urban Local Road or Street,8,16,26,10527713,7,Cook,0,19,,,5,N,No,Slow,201901251360,City,1,0,N,,,,(UNK),166655,(N/A),(UNK),No Defects,1,1,Local Road or Street,7,,X001624819,Not Toll,73,2,4,Not Divided,1,2941794.40476018,1916941.28161038,41.905322839605915,-87.7964,,Urban,1,N,(N/A),Y,(N/A)
2019,2019-07-30,Tuesday,14,02:37 PM,Property Damage,No Injuries,0,0,0,0,0,2,Turning,10,N,N,Failing to Yield Right of Way,Failing to Reduce Speed to Avoid Crash,Daylight,Clear,Dry,N,,,,,No Controls,No Controls,N,2,41.8798742,-87.8047385,ok,(N/A),1,2019,,,2,28,50000 and OVER,9,4295,Oak Park,C,Urban Other Principal Arte,0,16,30,10530446,7,Cook,C,19,0,EXIT SIGN,2,X001627283,Slow,(UNK),201901254627,Other,1,19.67,Y,,,,(UNK),166687,(N/A),(UNK),No Defects,1,1,No Median Barrier,3,348,1904311,Urban,73,1,1,Divided,2,2939791.58948664,1907602.12363295,41.87986631271151,-87.8047,,No,1,(N/A),N,Y,N
2019,2019-07-28,Sunday,14,02:24 PM,Property Damage,No Injuries,0,0,0,0,0,2,Sideswipe Same Direction,12,N,N,Failing to Reduce Speed to Avoid Crash,Unable to Determine,Daylight,Clear,Dry,N,,,,,No Controls,No Controls,N,2,41.8886164,-87.805028,ok,(UNK),1,1904256,2019,,28,18,50000 and OVER,9,4295,Oak Park,C,Urban Other Principal Arte,0,16,28,10528571,7,Cook,0,19,,,7,N,No,Free Flow,201901252242,City,1,19.06,Y,,,,(UNK),166954,(N/A),(UNK),No Defects,1,1,Other Principal Arterial (PAS),3,348,X001625604,Not Toll,73,1,1,Not Divided,1,2939625.03244289,1910785.80311483,41.888608603253786,-87.805,,Urban,1,N,(N/A),Y,(N/A)
2019,2019-07-27,Saturday,09,09:04 AM,Property Damage,No Injuries,0,0,0,0,0,1,Parked Motor Vehicle,9,N,N,Improper Lane Usage,Driving Skills/Knowledge/Experience,Daylight,Clear,Dry,N,,,,,No Controls,No Controls,N,2,41.8980805,-87.7947958,ok,(UNK),1,1904216,2019,,20,15,50000 and OVER,9,4295,Oak Park,C,Urban Major Collector,8,16,27,10528572,7,Cook,0,19,,,6,N,No,Free Flow,201901252243,City,1,0,N,,,,(UNK),166955,(N/A),(UNK),No Defects,1,1,Major Collector,5,,X001625605,Not Toll,73,1,1,Not Divided,1,2942315.89544899,1914311.57174476,41.898072648786304,-87.7948,,Urban,1,N,(N/A),Y,(N/A)
2019,2019-07-29,Monday,02,02:09 AM,Property Damage,No Injuries,0,0,0,0,0,1,Parked Motor Vehicle,9,N,N,Improper Lane Usage,Failing to Reduce Speed to Avoid Crash,Darkness,Clear,Dry,N,,,,,Traffic Signal,Functioning Properly,Y,4,41.8796068,-87.8023278,ok,(UNK),1,1904271,2019,,20,28,50000 and OVER,9,4295,Oak Park,C,Urban Local Road or Street,8,16,29,10528576,7,Cook,0,19,STREET SIGN,,1,N,Yes,Free Flow,201901252248,City,4,0,N,,,,(UNK),167013,(N/A),(UNK),No Defects,1,1,Local Road or Street,7,,X001625609,Not Toll,73,3,4,Not Divided,1,2940450.81328005,1907522.79465244,41.879598992764954,-87.8023,,Urban,1,N,(N/A),Y,(N/A)
2019,2019-07-28,Sunday,04,04:28 AM,Property Damage,No Injuries,0,0,0,0,0,1,Parked Motor Vehicle,9,N,N,Failing to Reduce Speed to Avoid Crash,Distraction - From Inside Vehicle,Darkness / Lighted Road,Clear,Dry,N,,,,,No Controls,No Controls,N,3,41.8801418,-87.7795458,ok,(N/A),1,2019,,,28,41,50000 and OVER,9,4295,Oak Park,C,Urban Local Road or Street,0,16,28,10528578,7,Cook,C,19,0,,7,X001625611,Free Flow,(UNK),201901252250,Local,5,0.54,N,,,,(UNK),167015,(N/A),(UNK),No Defects,1,1,No Median Barrier,7,3794,1904243,Urban,73,1,1,Divided,2,2946649.86440781,1907889.57290607,41.88013391978102,-87.7795,,No,1,(N/A),N,Y,N
2019,2019-07-29,Monday,16,04:02 PM,Property Damage,No Injuries,0,0,0,0,0,2,Angle,15,N,N,Failing to Yield Right of Way,Failing to Reduce Speed to Avoid Crash,Daylight,Rain,Wet,Y,,,,,Stop Sign,Functioning Properly,N,2,41.8980367,-87.796247,ok,(UNK),1,1904293,2019,,2,28,50000 and OVER,9,4295,Oak Park,C,Urban Local Road or Street,8,16,29,10528580,7,Cook,0,19,,,1,N,No,Slow,201901252252,City,1,0,N,,,,(UNK),167016,(N/A),(UNK),No Defects,1,2,Local Road or Street,7,,X001625613,Not Toll,73,2,4,Not Divided,1,2941921.23480948,1914284.68470866,41.898028849219784,-87.7962,,Urban,2,N,(N/A),Y,(N/A)
2019,2019-07-29,Monday,13,01:11 PM,Property Damage,No Injuries,0,0,0,0,0,2,Turning,10,N,N,Failing to Yield Right of Way,Failing to Reduce Speed to Avoid Crash,Daylight,Rain,Wet,N,,,,,Traffic Signal,Functioning Properly,N,2,41.8850375,-87.7944158,ok,(N/A),1,2019,,,2,28,50000 and OVER,9,4295,Oak Park,C,Urban Major Collector,8,16,29,10528581,7,Cook,C,19,0,,1,X001625614,Free Flow,(UNK),201901252253,Major,1,0,N,,,,(UNK),167017,(N/A),(UNK),No Defects,1,2,No Median Barrier,5,,1904285,Urban,73,3,4,Divided,2,2942550.84158707,1909561.30526693,41.88502961448157,-87.7944,,No,2,(N/A),N,Y,N
2019,2019-07-28,Sunday,09,09:23 AM,Property Damage,No Injuries,0,0,0,0,0,2,Front to Rear,11,N,N,Failing to Reduce Speed to Avoid Crash,(N/A),Daylight,Clear,Dry,Y,,,,,Traffic Signal,Functioning Properly,N,2,41.8763328,-87.7843666,ok,(N/A),1,2019,,,28,99,50000 and OVER,9,4295,Oak Park,C,Urban Major Collector,0,16,28,10528601,7,Cook,C,19,0,,7,X001625596,Stopped,(UNK),201901252264,Major,1,1.78,N,,,,(UNK),167065,(N/A),(UNK),No Defects,1,1,No Median Barrier,5,2783,1904245,Urban,73,3,4,Divided,2,2945375.51361892,1906465.00414221,41.87632492478692,-87.7844,,No,1,(N/A),N,Y,N
2019,2019-07-28,Sunday,11,11:11 AM,Property Damage,No Injuries,0,0,0,0,0,2,Angle,15,N,N,Failing to Yield Right of Way,Disregarding Stop Sign,Daylight,Clear,Dry,Y,,,,,Stop Sign,Functioning Properly,N,2,41.9017578,-87.7924226,ok,(N/A),1,2019,,,2,23,50000 and OVER,9,4295,Oak Park,C,Urban Major Collector,8,16,28,10528603,7,Cook,C,19,0,,7,X001625597,Free Flow,(UNK),201901252265,Major,1,0,N,,,,(UNK),167066,(N/A),(UNK),No Defects,1,1,No Median Barrier,5,,1904247,Urban,73,2,4,Divided,2,2942924.90919622,1915669.55126528,41.90174999963524,-87.7924,,No,1,(N/A),N,Y,N
2019,2019-07-27,Saturday,19,07:00 PM,Property Damage,No Injuries,0,0,0,0,0,2,Sideswipe Same Direction,12,N,N,Failing to Yield Right of Way,Driving Skills/Knowledge/Experience,Daylight,Clear,Dry,N,,,,,No Controls,No Controls,N,2,41.8945701,-87.7846866,ok,(UNK),1,1904252,2019,,2,15,50000 and OVER,9,4295,Oak Park,C,Urban Minor Arterial,0,16,27,10528604,7,Cook,0,19,,,6,N,No,Free Flow,201901252266,City,1,3.64,N,,,,(UNK),167067,(N/A),(UNK),No Defects,1,1,Minor Arterial,4,1398,X001625598,Not Toll,73,1,1,Not Divided,1,2945103.79313972,1913108.59677539,41.89456221353668,-87.7847,,Urban,1,N,(N/A),Y,(N/A)