crash_year,crash_date,day_of_week,crash_hour,time_of_crash,crash_severity,crash_injury_severity,total_injured,total_fatals,a_injuries,b_injuries,c_injuries,no_injuries,type_of_first_crash,collision_type_code,pedestrian_involved,pedalcyclist_involved,cause1,cause2,lighting_cond,weather_cond,road_surface_cond,intersection_related,is_intersection,highway_or_street_name,at_intersection_with,address_no,traffic_control_device,traffic_control_device_cond,hit_and_run,number_of_vehicles,latitude,longitude,location_status,access_control,agency_code,agency_report_number,agency_report_year,alignment_code,cause1_code,cause2_code,city_class,city_class_code,city_code,city_name,city_township_flag,class_of_trafficway,class_of_trafficway_code,county_code,crash_day,crash_id,crash_month,crash_report_county,crash_severity_cd,crash_yr_source,damaged_property1,damaged_property2,day_of_week_code,did_crash_occur_in_work_zone,did_involve_secondary_crash,flow_condition,icn,investigating_agency_descrip,light_condition_code,mile_station,nhs,non_intersection_direction,non_intersection_distance,non_intersection_units,number_of_lanes,objectid,railroad_crossing_number,road_alignment,road_defects,road_defects_code,road_surface_condition_code,roadway_functional_class,roadway_functional_class_code,route_number,sfe,toll,township,traffic_control_device_code,traffic_control_device_cond_code,trafficway_descrip,trafficway_description_code,ts_crash_coordinate_x,ts_crash_coordinate_y,ts_crash_latitude,ts_crash_longitude,type_report,urban_rural,weather_code,were_workers_present,work_zone,work_zone_related,work_zone_type
2019,2019-07-28,Sunday,00,00:01 AM,Property Damage,No Injuries,0,0,0,0,0,3,Turning,10,N,N,Failing to Yield Right of Way,Unable to Determine,Darkness / Lighted Road,Clear,Dry,Y,,,,,Stop Sign,Functioning Properly,N,2,41.8671378,-87.7840158,ok,(N/A),1,2019,,,2,18,50000 and OVER,9,4295,Oak Park,C,Urban Major Collector,8,16,28,10528607,7,Cook,C,19,0,,7,X001625600,Free Flow,(UNK),201901252268,Major,5,0,N,,,,(UNK),167088,(N/A),(UNK),No Defects,1,1,No Median Barrier,5,,1904239,Urban,73,2,4,Divided,2,2945564.12223724,1903116.83135109,41.86712992156034,-87.784,,No,1,(N/A),N,Y,N
2019,2019-07-27,Saturday,12,12:48 PM,Property Damage,No Injuries,0,0,0,0,0,3,Front to Rear,11,N,N,Following Too Closely,Failing to Reduce Speed to Avoid Crash,Daylight,Clear,Unknown,Y,,,,,No Controls,No Controls,N,2,41.8798816,-87.7910021,ok,(UNK),1,1904223,2019,,3,28,50000 and OVER,9,4295,Oak Park,C,Urban Local Road or Street,0,16,27,10528608,7,Cook,0,19,,,6,N,No,Slow,201901252269,City,1,0.45,N,,,,(UNK),167089,(N/A),(UNK),Unknown,99,9,Local Road or Street,7,2015,X001625601,Not Toll,73,1,1,Not Divided,1,2943532.48450243,1907708.12897519,41.879873712579354,-87.791,,Urban,1,N,(N/A),N,(N/A)
2019,2019-07-29,Monday,11,11:40 AM,Injury,B Injury Crash,1,0,0,1,0,1,Front to Rear,11,N,N,Failing to Reduce Speed to Avoid Crash,Following Too Closely,Daylight,Clear,Dry,N,,,,,Other Regualtory Sig,Functioning Properly,N,2,41.8731378,-87.8008358,ok,Partial Access Control,3,03-19-11367,2019,,28,3,50000 and OVER,9,4295,Oak Park,C,Urban InterState (PAS),0,16,29,10529105,7,Cook,2,19,,,1,N,No,(UNK),201901252941,ISP,1,21.75,Y,,,,(UNK),167107,(N/A),(UNK),No Defects,1,1,InterState (PAS),1,9290,X001626176,Not Toll,,10,4,Divided With Median Barrier,3,2940922.15700118,1905176.58123041,41.87313,-87.8008,,Urban,1,N,(N/A),Y,(N/A)
2019,2019-07-30,Tuesday,16,04:00 PM,Property Damage,No Injuries,0,0,0,0,0,1,Parked Motor Vehicle,9,N,N,Failing to Reduce Speed to Avoid Crash,Improper Lane Usage,Daylight,Clear,Dry,N,,,,,No Controls,No Controls,N,2,41.8802556,-87.7955999,ok,(UNK),1,1904315,2019,,28,20,50000 and OVER,9,4295,Oak Park,C,Urban Local Road or Street,0,16,30,10530555,7,Cook,0,19,,,2,N,No,Free Flow,201901254734,City,1,0.44,N,,,,(UNK),167141,(N/A),(UNK),No Defects,1,1,Local Road or Street,7,2683,X001627371,Not Toll,73,1,1,Not Divided,1,2942276.56186713,1907809.79594961,41.880247767940084,-87.7956,,Urban,1,N,(N/A),Y,(N/A)
2019,2019-08-01,Thursday,07,07:20 AM,Property Damage,No Injuries,0,0,0,0,0,2,Front to Rear,11,N,N,Failing to Reduce Speed to Avoid Crash,Following Too Closely,Daylight,Clear,Dry,N,,,,,Other,Functioning Properly,N,2,41.872633,-87.7939451,ok,Partial Access Control,3,03-19-11530,2019,,28,3,50000 and OVER,9,4295,Oak Park,C,Urban InterState (PAS),0,16,1,10531609,8,Cook,0,19,,,4,N,No,(UNK),201901255894,ISP,1,22.07,Y,,,,(UNK),167644,(N/A),(UNK),No Defects,1,1,InterState (PAS),1,9290,X001628190,Not Toll,73,13,4,Divided With Median Barrier,3,2942804.04703255,1905044.42643609,41.87262512106742,-87.7939,,Urban,1,N,(N/A),Y,(N/A)
2019,2019-07-31,Wednesday,09,09:43 AM,Injury,C Injury Crash,1,0,0,0,1,1,Sideswipe Same Direction,12,N,N,Improper Overtaking/Passing,Driving Skills/Knowledge/Experience,Daylight,Clear,Dry,N,,,,,Traffic Signal,Functioning Properly,N,2,41.897897,-87.794787,ok,(UNK),1,1904329,2019,,4,15,50000 and OVER,9,4295,Oak Park,C,Urban Major Collector,0,16,31,10531247,7,Cook,1,19,,,3,N,No,Stopped,201901255589,City,1,4.87,N,,,,(UNK),168349,(N/A),(UNK),No Defects,1,1,Major Collector,5,2775,X001627964,Not Toll,73,3,4,Not Divided,1,2942320.13948723,1914244.75067049,41.89788910390275,-87.7948,,Urban,1,N,(N/A),Y,(N/A)
2019,2019-07-31,Wednesday,15,03:36 PM,Injury,C Injury Crash,1,0,0,0,1,1,Front to Rear,11,N,N,Failing to Reduce Speed to Avoid Crash,Cell Phone Use Other Than Texting,Daylight,Clear,Dry,N,,,,,Traffic Signal,Functioning Properly,N,2,41.892942,-87.7946266,ok,(UNK),1,1904335,2019,,28,45,50000 and OVER,9,4295,Oak Park,C,Urban Major Collector,8,16,31,10531777,7,Cook,1,19,,,3,N,No,Stopped,201901256119,City,1,0,N,,,,(UNK),168428,(N/A),(UNK),No Defects,1,1,Major Collector,5,,X001628305,Not Toll,73,3,4,Not Divided,1,2942413.7602988,1912440.26288725,41.892934106513,-87.7946,,Urban,1,N,(N/A),Y,(N/A)
2019,2019-07-31,Wednesday,18,06:36 PM,Property Damage,No Injuries,0,0,0,0,0,3,Turning,10,N,N,Failing to Yield Right of Way,Failing to Reduce Speed to Avoid Crash,Daylight,Clear,Dry,N,,,,,No Controls,No Controls,N,2,41.9092368,-87.7782,ok,(N/A),1,2019,,,2,28,50000 and OVER,9,4295,Oak Park,C,Urban Other Principal Arte,0,16,31,10532647,7,Cook,C,19,0,,3,X001629077,Free Flow,(UNK),201901257073,Other,1,130.59,Y,,,,(UNK),169086,(N/A),(UNK),No Defects,1,1,No Median Barrier,3,5064,1904341,Urban,73,1,1,Divided,2,2946721.04176887,1918502.58822112,41.909228990081765,-87.7782,,No,1,(N/A),N,Y,N
2019,2019-07-23,Tuesday,16,04:30 PM,Property Damage,No Injuries,0,0,0,0,0,2,Front to Rear,11,N,N,Failing to Reduce Speed to Avoid Crash,Distraction - From Inside Vehicle,Daylight,Cloudy/Overcast,Dry,Y,,,,,Traffic Signal,Functioning Properly,N,2,41.8884678,-87.7895958,ok,(N/A),1,2019,,,28,41,50000 and OVER,9,4295,Oak Park,C,Urban Major Collector,8,16,23,10532650,7,Cook,C,19,0,,2,X001629080,(UNK),(UNK),201901257076,Major,1,0,N,,,,(UNK),169087,(N/A),(UNK),No Defects,1,1,No Median Barrier,5,,1904355,Urban,73,3,4,Divided,2,2943828.74907458,1910847.74289866,41.88846000070391,-87.7896,,No,8,(N/A),N,Y,N
2019,2019-08-01,Thursday,08,08:01 AM,Property Damage,No Injuries,0,0,0,0,0,1,Parked Motor Vehicle,9,N,N,Unable to Determine,(N/A),Daylight,Clear,Dry,N,,,,,Traffic Signal,Functioning Properly,Y,2,41.8882922,-87.7835258,ok,(UNK),1,1904352,2019,,18,99,50000 and OVER,9,4295,Oak Park,C,Urban Major Collector,0,16,1,10532651,8,Cook,0,19,,,4,N,No,(UNK),201901257077,City,1,0.91,N,,,,(UNK),169088,(N/A),(UNK),No Defects,1,1,Major Collector,5,1405,X001629081,Not Toll,73,3,4,Not Divided,1,2945483.42210198,1910829.59978982,41.88828433911223,-87.7835,,Urban,1,N,(N/A),Y,(N/A)
2019,2019-08-01,Thursday,20,08:52 PM,Property Damage,No Injuries,0,0,0,0,0,1,Fixed Object,6,N,N,Unable to Determine,(N/A),Darkness / Lighted Road,Clear,Dry,N,,,,,No Controls,No Controls,N,1,41.8880844,-87.7767007,ok,(N/A),1,2019,,,18,99,50000 and OVER,9,4295,Oak Park,C,Urban Major Collector,0,16,1,10532654,8,Cook,C,19,0,TREES AND BUSHES,4,X001629084,Slow,(UNK),201901257080,Major,5,1.25,N,,,,(UNK),169089,(N/A),(UNK),No Defects,1,1,No Median Barrier,5,1405,1904371,Urban,73,1,1,Divided,2,2947344.04385486,1910805.5830125,41.88807651771814,-87.7767,,Yes,1,(N/A),N,Y,N
2019,2019-07-23,Tuesday,14,02:15 PM,Property Damage,No Injuries,0,0,0,0,0,2,Turning,10,N,N,Following Too Closely,Driving Skills/Knowledge/Experience,Daylight,Clear,Dry,N,,,,,No Controls,No Controls,N,2,41.8758477,-87.8045918,ok,(N/A),1,2019,,,3,15,50000 and OVER,9,4295,Oak Park,C,Urban Other Principal Arte,0,16,23,10533791,7,Cook,C,19,0,,2,X001629737,Slow,(UNK),201901257820,Other,1,19.94,Y,,,,(UNK),169559,(N/A),(UNK),No Defects,1,1,No Median Barrier,3,348,19-02566,Urban,73,1,1,Divided,2,2939871.95670086,1906135.90143495,41.87583982948659,-87.8046,,No,1,(N/A),N,Y,N
2019,2019-07-31,Wednesday,17,05:09 PM,Injury,C Injury Crash,1,0,0,0,1,3,Turning,10,N,N,Failing to Reduce Speed to Avoid Crash,Failing to Yield Right of Way,Daylight,Clear,Dry,Y,,,,,Traffic Signal,Functioning Properly,N,3,41.87231,-87.8044659,ok,(N/A),1,2019,,,28,2,50000 and OVER,9,4295,Oak Park,C,Urban Other Principal Arte,0,16,31,10532282,7,Cook,C,19,1,,3,X001628798,Stopped,(UNK),201901256655,Other,1,25.52,Y,,,,(UNK),169579,(N/A),(UNK),No Defects,1,1,No Median Barrier,3,5043,19-02540,Urban,73,3,4,Divided,2,2939941.73917192,1904847.66118026,41.87230217415038,-87.8045,,Yes,1,(N/A),N,Y,N
2019,2019-08-01,Thursday,10,10:44 AM,Property Damage,No Injuries,0,0,0,0,0,4,Front to Rear,11,N,N,Following Too Closely,(N/A),Daylight,Clear,Dry,N,,,,,Traffic Signal,Functioning Properly,N,3,41.8757117,-87.8045878,ok,(N/A),1,2019,,,3,99,50000 and OVER,9,4295,Oak Park,C,Urban Other Principal Arte,0,16,1,10532290,8,Cook,C,19,0,,4,X001628806,Stopped,(UNK),201901256663,Other,1,19.95,Y,,,,(UNK),169651,(N/A),(UNK),No Defects,1,1,No Median Barrier,3,348,19-02556,Urban,73,3,4,Divided,2,2939874.39654651,1906086.39486684,41.87570389707268,-87.8046,,Yes,1,(N/A),N,Y,N
2019,2019-08-04,Sunday,00,00:00 AM,Property Damage,No Injuries,0,0,0,0,0,1,Fixed Object,6,N,N,Improper Backing,Failing to Reduce Speed to Avoid Crash,Darkness / Lighted Road,Clear,Dry,N,,,,,No Controls,No Controls,N,3,,,missing,(UNK),1,1904413,2019,,30,28,50000 and OVER,9,4295,Oak Park,C,(UNK),8,16,4,10537432,8,Cook,0,19,GARAGE DOOR,,7,N,Yes,Free Flow,201901262029,City,5,0,N,,,,(UNK),170969,(N/A),(UNK),No Defects,1,1,(UNK),0,0,X001632635,No Toll,,1,1,Other,8,0,0,,,,(UNK),1,N,(N/A),Y,(N/A)
2019,2019-08-04,Sunday,10,10:32 AM,Property Damage,No Injuries,0,0,0,0,0,2,Turning,10,N,N,Failing to Yield Right of Way,Failing to Reduce Speed to Avoid Crash,Daylight,Clear,Dry,Y,,,,,Stop Sign,Functioning Properly,N,2,41.8779416,-87.794177,ok,(UNK),1,1904414,2019,,2,28,50000 and OVER,9,4295,Oak Park,C,Urban Major Collector,8,16,4,10537433,8,Cook,0,19,,,7,N,No,Stopped,201901262030,City,1,0,N,,,,(UNK),170970,(N/A),(UNK),No Defects,1,1,Major Collector,5,,X001632642,Not Toll,73,2,4,Four Way,14,2942687.37674444,1906977.23158354,41.87793372736893,-87.7942,,Urban,1,N,(N/A),Y,(N/A)
2019,2019-08-04,Sunday,13,01:06 PM,Property Damage,No Injuries,0,0,0,0,0,4,Front to Rear,11,N,N,Failing to Reduce Speed to Avoid Crash,Unable to Determine,Daylight,Clear,Dry,N,,,,,No Controls,No Controls,N,2,41.87982,-87.7939099,ok,(UNK),1,1904418,2019,,28,18,50000 and OVER,9,4295,Oak Park,C,Urban Minor Arterial,8,16,4,10537434,8,Cook,0,19,,,7,N,No,Free Flow,201901262031,City,1,0,N,,,,(UNK),171031,(N/A),(UNK),No Defects,1,1,Minor Arterial,4,,X001632690,Not Toll,73,1,1,Not Divided,1,2942741.203157,1907663.76414359,41.87981211847323,-87.7939,,Urban,1,N,(N/A),Y,(N/A)
2019,2019-08-04,Sunday,17,05:14 PM,Injury,B Injury Crash,1,0,0,1,0,4,Angle,15,N,N,Failing to Yield Right of Way,Failing to Reduce Speed to Avoid Crash,Daylight,Clear,Dry,Y,,,,,Traffic Signal,Functioning Properly,N,2,41.8815878,-87.7943358,ok,(N/A),1,2019,,,2,28,50000 and OVER,9,4295,Oak Park,C,Urban Major Collector,8,16,4,10537437,8,Cook,C,19,2,,7,X001632714,Free Flow,(UNK),201901262034,Major,1,0,N,,,,(UNK),171032,(N/A),(UNK),No Defects,1,1,No Median Barrier,5,,1904425,Urban,73,3,4,Divided,2,2942607.39197709,1908304.80420034,41.881579999559136,-87.7943,,No,1,(N/A),N,Y,N
2019,2019-08-04,Sunday,17,05:29 PM,Injury,C Injury Crash,2,0,0,0,2,0,Angle,15,N,N,Disregarding Stop Sign,Failing to Reduce Speed to Avoid Crash,Daylight,Clear,Dry,Y,,,,,Stop Sign,Functioning Properly,Y,2,41.8669858,-87.7938239,ok,(UNK),1,1904427,2019,,23,28,50000 and OVER,9,4295,Oak Park,C,Urban Major Collector,8,16,4,10537440,8,Cook,1,19,FIRE HYDRANT,,7,N,Yes,Stopped,201901262036,City,1,0,N,,,,(UNK),171033,(N/A),(UNK),No Defects,1,1,Major Collector,5,,X001632730,Not Toll,73,2,4,Four Way,14,2942893.97642329,1902987.4103036,41.866977951302395,-87.7938,,Urban,1,N,(N/A),Y,(N/A)
2019,2019-08-04,Sunday,10,10:27 AM,Property Damage,No Injuries,0,0,0,0,0,2,Angle,15,N,N,Failing to Yield Right of Way,(N/A),Daylight,Clear,Dry,Y,,,,,Stop Sign,Functioning Properly,N,2,41.8832645,-87.8024266,ok,(UNK),1,1904415,2019,,2,99,50000 and OVER,9,4295,Oak Park,C,Urban Local Road or Street,8,16,4,10537444,8,Cook,0,19,,,7,N,No,Slow,201901262037,City,1,0,N,,,,(UNK),171034,(N/A),(UNK),No Defects,1,1,Local Road or Street,7,,X001633132,Not Toll,73,2,4,Not Divided,1,2940387.16891859,1908854.97158696,41.883256654825864,-87.8024,,Urban,1,N,(N/A),Y,(N/A)
2019,2019-08-05,Monday,09,09:40 AM,Property Damage,No Injuries,0,0,0,0,0,4,Sideswipe Same Direction,12,N,N,Improper Lane Usage,Failing to Yield Right of Way,Daylight,Clear,Dry,N,,,,,Other,Functioning Properly,N,2,41.8702819,-87.8043919,ok,(UNK),1,1904437,2019,,20,2,50000 and OVER,9,4295,Oak Park,C,Urban Other Principal Arte,0,16,5,10537448,8,Cook,0,19,,,1,N,No,Free Flow,201901262041,City,1,20.33,Y,,,,(UNK),171035,(N/A),(UNK),No Defects,1,1,Other Principal Arterial (PAS),3,348,X001633139,Not Toll,73,13,4,Not Divided,1,2939982.24378888,1904109.12998032,41.87027404436354,-87.8044,,Urban,1,N,(N/A),Y,(N/A)
2019,2019-08-04,Sunday,08,08:55 AM,Property Damage,No Injuries,0,0,0,0,0,2,Front to Rear,11,N,N,Failing to Reduce Speed to Avoid Crash,(N/A),Daylight,Clear,Dry,Y,,,,,Traffic Signal,Functioning Properly,N,2,41.8650301,-87.8042159,ok,(N/A),1,2019,,,28,99,50000 and OVER,9,4295,Oak Park,C,Urban Other Principal Arte,6,16,4,10535202,8,Cook,C,19,0,,7,X001631135,Free Flow,(UNK),201901259287,Other,1,25.01,Y,,,,(UNK),171052,(N/A),(UNK),No Defects,1,1,No Median Barrier,3,5043,19-02583,Urban,52,3,4,Divided,2,2940082.8891146,1902196.61606362,41.86502228019273,-87.8042,,No,1,(N/A),N,Y,N
2019,2019-07-30,Tuesday,21,09:47 PM,Property Damage,No Injuries,0,0,0,0,0,2,Sideswipe Same Direction,12,N,N,Improper Lane Usage,(N/A),Darkness,Clear,Dry,Y,,,,,Traffic Signal,Functioning Properly,Y,2,41.8871072,-87.8049778,ok,(UNK),1,1901085,2019,,20,99,50000 and OVER,9,4295,Oak Park,C,Urban Other Principal Arte,0,16,30,10537456,7,Cook,0,19,,,2,N,No,Slow,201901262049,City,4,26.54,Y,,,,(UNK),171117,(N/A),(UNK),No Defects,1,1,Other Principal Arterial (PAS),3,5043,X001633148,Not Toll,73,3,4,Not Divided,1,2939653.84289432,1910236.16309973,41.88709930446905,-87.805,,Urban,1,N,(N/A),Y,(N/A)
2019,2019-07-29,Monday,18,06:23 PM,Injury,C Injury Crash,1,0,0,0,1,1,Angle,15,N,N,Disregarding Stop Sign,Failing to Yield Right of Way,Daylight,Clear,Dry,Y,,,,,Stop Sign,Functioning Properly,N,2,41.9052131,-87.805664,ok,(UNK),1,1901077,2019,,23,2,50000 and OVER,9,4295,Oak Park,C,Urban Other Principal Arte,0,16,29,10536053,7,Cook,1,19,,,1,N,Yes,Free Flow,201901260430,City,1,27.8,Y,,,,(UNK),171325,(N/A),(UNK),No Defects,1,1,Other Principal Arterial (PAS),3,5043,X001631934,Not Toll,73,2,4,Four Way,14,2939285.33103592,1916829.15591801,41.90520522024502,-87.8057,,Urban,1,N,(N/A),Y,(N/A)
2019,2019-08-02,Friday,01,01:28 AM,Injury,B Injury Crash,1,0,0,1,0,1,Pedestrian,1,Y,N,Unable to Determine,Had Been Drinking,Darkness / Lighted Road,Clear,Dry,N,,,,,Traffic Signal,Functioning Properly,N,1,41.8867116,-87.8049543,ok,(N/A),1,2019,,,18,19,50000 and OVER,9,4295,Oak Park,C,Urban Other Principal Arte,6,16,2,10536061,8,Cook,C,19,2,,5,X001630181,Stopped,(UNK),201901260442,Other,5,26.51,Y,,,,(UNK),171371,(N/A),(UNK),No Defects,1,1,No Median Barrier,3,5043,1904373,Urban,73,3,4,Divided,2,2939664.219891,1910092.20953838,41.886703797475924,-87.8049,,No,1,(N/A),N,Y,N
2019,2019-08-02,Friday,13,01:58 PM,Property Damage,No Injuries,0,0,0,0,0,2,Angle,15,N,N,Failing to Yield Right of Way,Failing to Reduce Speed to Avoid Crash,Daylight,Clear,Dry,Y,,,,,Stop Sign,Functioning Properly,N,2,41.9019374,-87.7802263,ok,(UNK),1,1904384,2019,,2,28,50000 and OVER,9,4295,Oak Park,C,Urban Major Collector,8,16,2,10536624,8,Cook,0,19,,,5,N,No,(UNK),201901261199,City,1,0,N,,,,(UNK),171401,(N/A),(UNK),No Defects,1,1,Major Collector,5,,X001632419,Not Toll,73,2,4,Not Divided,1,2946243.51271556,1915827.16523212,41.90192955112066,-87.7802,,Urban,1,N,(N/A),Y,(N/A)
2019,2019-08-03,Saturday,17,05:07 PM,Property Damage,No Injuries,0,0,0,0,0,2,Sideswipe Same Direction,12,N,N,Improper Lane Usage,Disregarding Road Markings,Daylight,Clear,Dry,Y,,,,,Traffic Signal,Functioning Properly,N,2,41.8796688,-87.8047358,ok,(UNK),1,19-02577,2019,,20,26,50000 and OVER,9,4295,Oak Park,C,Urban Other Principal Arte,6,16,3,10534827,8,Cook,0,19,,,6,N,No,Stopped,201901258915,City,1,26.02,Y,,,,(UNK),171473,(N/A),(UNK),No Defects,1,1,Other Principal Arterial (PAS),3,5043,X001630756,Not Toll,73,3,4,Not Divided,1,2939794.38745481,1907527.29246313,41.879660912709035,-87.8047,,Urban,1,N,(N/A),Y,(N/A)
2019,2019-08-02,Friday,16,04:36 PM,Property Damage,No Injuries,0,0,0,0,0,2,Angle,15,N,N,Failing to Reduce Speed to Avoid Crash,(N/A),Daylight,Clear,Dry,Y,,,,,Stop Sign,Functioning Properly,N,2,41.8997194,-87.8039248,ok,(UNK),1,1904387,2019,,28,99,50000 and OVER,9,4295,Oak Park,C,Urban Local Road or Street,8,16,2,10536649,8,Cook,0,19,,,5,N,No,Free Flow,201901261263,City,1,0,N,,,,(UNK),171515,(N/A),(UNK),No Defects,1,1,Local Road or Street,7,,X001632437,Not Toll,73,2,4,Four Way,14,2939813.96980134,1914840.20481865,41.89971156304049,-87.8039,,Urban,1,N,(N/A),Y,(N/A)
2019,2019-08-06,Tuesday,17,05:44 PM,Property Damage,No Injuries,0,0,0,0,0,5,Turning,10,N,N,Failing to Yield Right of Way,Failing to Reduce Speed to Avoid Crash,Daylight,Clear,Dry,Y,,,,,Traffic Signal,Functioning Properly,N,2,41.8650278,-87.8042158,ok,(N/A),1,2019,,,2,28,50000 and OVER,9,4295,Oak Park,C,Urban Other Principal Arte,6,16,6,10538932,8,Cook,C,19,0,,2,X001634041,Free Flow,(UNK),201901263030,Other,1,25.01,Y,,,,(UNK),172327,(N/A),(UNK),No Defects,1,1,No Median Barrier,3,5043,19-02626,Urban,52,3,4,Divided,2,2940082.93081867,1902195.78557851,41.865019999830345,-87.8042,,No,1,(N/A),N,Y,N
2019,2019-08-03,Saturday,02,02:18 AM,Property Damage,No Injuries,0,0,0,0,0,1,Parked Motor Vehicle,9,N,N,Unable to Determine,Unable to Determine,Darkness / Lighted Road,Clear,Dry,N,,,,,No Controls,No Controls,Y,2,41.8727104,-87.7803979,ok,(N/A),1,2019,,,18,18,50000 and OVER,9,4295,Oak Park,C,Urban Local Road or Street,0,16,3,10536797,8,Cook,C,19,0,WOODEN PLANTER,6,X001632440,(UNK),(UNK),201901261425,Local,5,0.2,N,,,,(UNK),172370,(N/A),(UNK),No Defects,1,1,No Median Barrier,7,4060,1904390,Urban,73,1,1,Divided,2,2946493.13775708,1905174.99029965,41.87270255906465,-87.7804,,No,1,(N/A),N,Y,N
2019,2019-08-03,Saturday,11,11:40 AM,Injury,B Injury Crash,1,0,0,1,0,3,Angle,15,N,N,Failing to Yield Right of Way,Failing to Reduce Speed to Avoid Crash,Daylight,Clear,Dry,Y,,,,,Stop Sign,Functioning Properly,N,2,41.8946278,-87.7799882,ok,(UNK),1,1904396,2019,,2,28,50000 and OVER,9,4295,Oak Park,C,Urban Minor Arterial,8,16,3,10536813,8,Cook,2,19,,,6,N,No,Free Flow,201901261441,City,1,0,N,,,,(UNK),172441,(N/A),(UNK),No Defects,1,1,Minor Arterial,4,,X001632594,Not Toll,73,2,4,Not Divided,1,2946382.4757611,1913165.21965842,41.894619985326145,-87.78,,Urban,1,N,(N/A),Y,(N/A)
2019,2019-07-27,Saturday,12,12:10 PM,Property Damage,No Injuries,0,0,0,0,0,2,Front to Rear,11,N,N,Following Too Closely,Failing to Reduce Speed to Avoid Crash,Darkness / Lighted Road,Unknown,Dry,N,,,,,No Controls,No Controls,Y,2,41.8709658,-87.7746573,ok,Partial Access Control,3,03-19-11616,2019,,3,28,50000 and OVER,9,4295,Oak Park,C,Urban InterState (PAS),0,16,27,10538536,7,Cook,0,19,,,6,N,No,(UNK),201901262620,ISP,5,9.19,Y,,,,(UNK),172644,(N/A),(UNK),No Defects,1,1,InterState (PAS),1,290,X001633731,Not Toll,73,1,1,Ramp,11,2948074.41688131,1904582.78072951,41.87095799049289,-87.7747,,Urban,9,N,(N/A),Y,(N/A)
2019,2019-08-05,Monday,15,03:52 PM,Property Damage,No Injuries,0,0,0,0,0,1,Parked Motor Vehicle,9,N,N,Improper Backing,Unable to Determine,Daylight,Clear,Dry,N,,,,,No Controls,No Controls,Y,2,41.8794742,-87.7998594,ok,(UNK),1,1904447,2019,,30,18,50000 and OVER,9,4295,Oak Park,C,Urban Local Road or Street,0,16,5,10538686,8,Cook,0,19,,,1,N,No,Free Flow,201901262724,City,1,0.53,N,,,,(UNK),173429,(N/A),(UNK),No Defects,1,1,Local Road or Street,7,2700,X001633675,Not Toll,73,1,1,Not Divided,1,2941124.38960652,1907492.995483,41.87946634819371,-87.7999,,Urban,1,N,(N/A),Y,(N/A)
2019,2019-08-06,Tuesday,05,05:36 AM,Injury,C Injury Crash,1,0,0,0,1,1,Front to Rear,11,N,N,Failing to Reduce Speed to Avoid Crash,(N/A),Darkness / Lighted Road,Rain,Wet,Y,,,,,Traffic Signal,Functioning Properly,N,2,41.9091478,-87.7850161,ok,(N/A),1,2019,,,28,99,50000 and OVER,9,4295,Oak Park,C,Urban Other Principal Arte,6,16,6,10539700,8,Cook,C,19,1,,2,X001634709,Slow,(UNK),201901263974,Other,5,130.24,Y,,,,(UNK),173623,(N/A),(UNK),No Defects,1,2,No Median Barrier,3,5064,1904468,Urban,73,3,4,Divided,2,2944866.50930718,1918418.53683708,41.909139996541356,-87.785,,No,2,(N/A),N,Y,N
2019,2019-08-06,Tuesday,19,07:12 PM,Injury,B Injury Crash,1,0,0,1,0,3,Pedalcyclist,2,N,Y,Failing to Reduce Speed to Avoid Crash,Failing to Yield Right of Way,Daylight,Clear,Dry,Y,,,,,No Controls,No Controls,N,1,41.8744497,-87.7842756,ok,(N/A),1,2019,,,28,2,50000 and OVER,9,4295,Oak Park,C,Urban Major Collector,8,16,6,10540096,8,Cook,C,19,2,,2,X001634896,Free Flow,(UNK),201901264201,Major,1,0,N,,,,(UNK),173646,(N/A),(UNK),No Defects,1,1,No Median Barrier,5,,1904482,Urban,73,1,1,Divided,2,2945419.36609463,1905779.46037671,41.8744418354565,-87.7843,,No,1,(N/A),N,Y,N
2019,2019-08-07,Wednesday,06,06:00 AM,Property Damage,No Injuries,0,0,0,0,0,2,Front to Rear,11,N,N,Following Too Closely,Failing to Reduce Speed to Avoid Crash,Daylight,Clear,Dry,N,,,,,Traffic Signal,Functioning Properly,N,2,41.8711359,-87.7744694,ok,Partial Access Control,3,03-19-11883,2019,,3,28,50000 and OVER,9,4295,Oak Park,C,Urban InterState (PAS),8,16,7,10539278,8,Cook,0,19,,,3,N,No,(UNK),201901263426,ISP,1,0,Y,,,,(UNK),174230,(N/A),(UNK),No Defects,1,1,InterState (PAS),1,,X001634380,Not Toll,73,3,4,Divided With Median Barrier,3,2948123.87671403,1904646.19014807,41.87112807562235,-87.7745,,Urban,1,N,(N/A),Y,(N/A)
2019,2019-07-29,Monday,09,09:06 AM,Property Damage,No Injuries,0,0,0,0,0,2,Front to Rear,11,N,N,Following Too Closely,Driving Skills/Knowledge/Experience,Daylight,Clear,Dry,N,,,,,Other Regualtory Sig,Functioning Properly,N,2,41.8729378,-87.7987348,ok,Partial Access Control,3,03-19-11358,2019,,3,15,50000 and OVER,9,4295,Oak Park,C,Urban InterState (PAS),0,16,29,10542461,7,Cook,0,19,,,1,N,No,(UNK),201901266925,ISP,1,21.85,Y,,,,(UNK),174424,(N/A),(UNK),No Defects,1,1,InterState (PAS),1,9290,X001636869,Not Toll,,10,4,Divided With Median Barrier,3,2941496.41490473,1905119.48565988,41.87293,-87.7987,,Urban,1,N,(N/A),Y,(N/A)
2019,2019-08-08,Thursday,14,02:15 PM,Injury,C Injury Crash,1,0,0,0,1,2,Turning,10,N,N,Failing to Yield Right of Way,Improper Turning/No Signal,Daylight,Clear,Dry,Y,,,,,Traffic Signal,Functioning Properly,N,3,41.87231,-87.8044661,ok,(N/A),1,2019,,,2,6,50000 and OVER,9,4295,Oak Park,C,Urban Other Principal Arte,6,16,8,10541649,8,Cook,C,19,1,,4,X001636096,Slow,(UNK),201901265698,Other,1,25.52,Y,,,,(UNK),174790,(N/A),(UNK),No Defects,1,1,No Median Barrier,3,5043,19-02654,Urban,73,3,4,Divided,2,2939941.67627322,1904847.65954809,41.872302174423794,-87.8045,,Yes,1,(N/A),N,Y,N