crash_year,crash_date,day_of_week,crash_hour,time_of_crash,crash_severity,crash_injury_severity,total_injured,total_fatals,a_injuries,b_injuries,c_injuries,no_injuries,type_of_first_crash,collision_type_code,pedestrian_involved,pedalcyclist_involved,cause1,cause2,lighting_cond,weather_cond,road_surface_cond,intersection_related,is_intersection,highway_or_street_name,at_intersection_with,address_no,traffic_control_device,traffic_control_device_cond,hit_and_run,number_of_vehicles,latitude,longitude,location_status,access_control,agency_code,agency_report_number,agency_report_year,alignment_code,cause1_code,cause2_code,city_class,city_class_code,city_code,city_name,city_township_flag,class_of_trafficway,class_of_trafficway_code,county_code,crash_day,crash_id,crash_month,crash_report_county,crash_severity_cd,crash_yr_source,damaged_property1,damaged_property2,day_of_week_code,did_crash_occur_in_work_zone,did_involve_secondary_crash,flow_condition,icn,investigating_agency_descrip,light_condition_code,mile_station,nhs,non_intersection_direction,non_intersection_distance,non_intersection_units,number_of_lanes,objectid,railroad_crossing_number,road_alignment,road_defects,road_defects_code,road_surface_condition_code,roadway_functional_class,roadway_functional_class_code,route_number,sfe,toll,township,traffic_control_device_code,traffic_control_device_cond_code,trafficway_descrip,trafficway_description_code,ts_crash_coordinate_x,ts_crash_coordinate_y,ts_crash_latitude,ts_crash_longitude,type_report,urban_rural,weather_code,were_workers_present,work_zone,work_zone_related,work_zone_type
2019,2019-08-09,Friday,19,07:55 PM,Injury,C Injury Crash,1,0,0,0,1,1,Turning,10,N,N,Following Too Closely,Disregarding Road Markings,Dusk,Clear,Dry,Y,,,,,No Controls,No Controls,N,2,41.8865621,-87.8049457,ok,(N/A),1,2019,,,3,26,50000 and OVER,9,4295,Oak Park,C,Urban Other Principal Arte,6,16,9,10543098,8,Cook,C,19,1,,5,X001637279,Slow,(UNK),201901267459,Other,3,26.5,Y,,,,(UNK),175262,(N/A),(UNK),No Defects,1,1,No Median Barrier,3,5043,19-02679,Urban,73,1,1,Divided,2,2939668.06805314,1910037.78126359,41.886554263521674,-87.8049,,No,1,(N/A),N,Y,N
2019,2019-08-08,Thursday,18,06:41 PM,Property Damage,No Injuries,0,0,0,0,0,3,Sideswipe Same Direction,12,N,N,Failing to Reduce Speed to Avoid Crash,Unable to Determine,Daylight,Clear,Dry,Y,,,,,Traffic Signal,Functioning Properly,N,2,41.8944179,-87.794674,ok,(UNK),1,1904529,2019,,28,18,50000 and OVER,9,4295,Oak Park,C,Urban Minor Arterial,8,16,8,10545254,8,Cook,0,19,,,4,N,No,Slow,201901269694,City,1,0,N,,,,(UNK),177020,(N/A),(UNK),No Defects,1,1,Minor Arterial,4,,X001637030,Not Toll,73,3,4,Not Divided,1,2942385.98625936,1912977.7602892,41.894410028662016,-87.7947,,Urban,1,N,(N/A),Y,(N/A)
2019,2019-08-08,Thursday,19,07:21 PM,Property Damage,No Injuries,0,0,0,0,0,3,Front to Rear,11,N,N,Failing to Reduce Speed to Avoid Crash,Unable to Determine,Daylight,Clear,Dry,N,,,,,No Controls,No Controls,N,2,41.8943096,-87.8002941,ok,(UNK),1,1904531,2019,,28,18,50000 and OVER,9,4295,Oak Park,C,Urban Minor Arterial,0,16,8,10545255,8,Cook,0,19,,,4,N,No,Free Flow,201901269695,City,1,2.8,N,,,,(UNK),177021,(N/A),(UNK),No Defects,1,1,Minor Arterial,4,1398,X001637034,Not Toll,73,1,1,Not Divided,1,2940856.8378587,1912896.02921686,41.894301763237316,-87.8003,,Urban,1,N,(N/A),Y,(N/A)
2019,2019-08-07,Wednesday,15,03:56 PM,Property Damage,No Injuries,0,0,0,0,0,2,Front to Rear,11,N,N,Failing to Reduce Speed to Avoid Crash,Unable to Determine,Daylight,Clear,Dry,N,,,,,No Controls,No Controls,N,2,41.8734076,-87.7983275,ok,Partial Access Control,1,1904499,2019,,28,18,50000 and OVER,9,4295,Oak Park,C,Urban Local Road or Street,0,16,7,10545274,8,Cook,0,19,,,3,N,No,Free Flow,201901269714,City,1,0.28,N,,,,(UNK),177081,(N/A),(UNK),No Defects,1,1,Local Road or Street,7,290,X001635714,Not Toll,73,1,1,Not Divided,1,2941602.63739461,1905293.72459914,41.873399726334156,-87.7983,,Urban,1,N,(N/A),Y,(N/A)
2019,2019-08-07,Wednesday,18,06:10 PM,Property Damage,No Injuries,0,0,0,0,0,2,Sideswipe Same Direction,12,N,N,Failing to Reduce Speed to Avoid Crash,Unable to Determine,Daylight,Clear,Dry,N,,,,,No Controls,No Controls,N,2,41.8780642,-87.8046625,ok,(N/A),1,2019,,,28,18,50000 and OVER,9,4295,Oak Park,C,Urban Other Principal Arte,0,16,7,10545276,8,Cook,C,19,0,,3,X001635732,Slow,(UNK),201901269716,Other,1,19.79,Y,,,,(UNK),177082,(N/A),(UNK),No Defects,1,1,No Median Barrier,3,348,1904502,Urban,73,1,1,Divided,2,2939830.46473922,1906943.12955122,41.878056400751234,-87.8047,,No,1,(N/A),N,Y,N
2019,2019-08-07,Wednesday,18,06:40 PM,Property Damage,No Injuries,0,0,0,0,0,1,Parked Motor Vehicle,9,N,N,Failing to Reduce Speed to Avoid Crash,Unable to Determine,Daylight,Clear,Dry,N,,,,,No Controls,No Controls,Y,2,41.8886112,-87.7931601,ok,(UNK),1,1904504,2019,,28,18,50000 and OVER,9,4295,Oak Park,C,Urban Major Collector,0,16,7,10545277,8,Cook,0,19,,,3,N,No,Slow,201901269718,City,1,0.42,N,,,,(UNK),177083,(N/A),(UNK),No Defects,1,1,Major Collector,5,1405,X001635740,Not Toll,73,1,1,Not Divided,1,2942856.73829829,1910873.10583086,41.888603362111084,-87.7932,,Urban,1,N,(N/A),Y,(N/A)
2019,2019-08-05,Monday,13,01:10 PM,Injury,B Injury Crash,1,0,0,1,0,6,Front to Rear,11,N,N,Failing to Reduce Speed to Avoid Crash,Unable to Determine,Daylight,Rain,Dry,Y,,,,,Traffic Signal,No Controls,N,4,41.8873096,-87.7944759,ok,(UNK),1,1904442,2019,,28,18,50000 and OVER,9,4295,Oak Park,C,Urban Major Collector,8,16,5,10545285,8,Cook,2,19,,,1,N,Yes,Slow,201901269723,City,1,0,N,,,,(UNK),177084,(N/A),(UNK),No Defects,1,1,Major Collector,5,,X001636490,Not Toll,73,3,1,Not Divided,1,2942511.58270279,1910388.85189193,41.8873017239186,-87.7945,,Urban,2,N,(N/A),Y,(N/A)
2019,2019-08-07,Wednesday,19,07:05 PM,Property Damage,No Injuries,0,0,0,0,0,3,Sideswipe Same Direction,12,N,N,Improper Lane Usage,Failing to Reduce Speed to Avoid Crash,Daylight,Clear,Dry,N,,,,,No Controls,No Controls,N,2,41.8800713,-87.7798182,ok,(N/A),1,2019,,,20,28,50000 and OVER,9,4295,Oak Park,C,Urban Minor Arterial,8,16,7,10545302,8,Cook,C,19,0,,3,X001636914,Free Flow,(UNK),201901269738,Minor,1,0,N,,,,(UNK),177098,(N/A),(UNK),No Defects,1,1,No Median Barrier,4,,1904505,Urban,73,1,1,Divided,2,2946576.39091295,1907861.82298866,41.88006343654303,-87.7798,,No,1,(N/A),N,Y,N
2019,2019-08-08,Thursday,14,02:44 PM,Injury,B Injury Crash,3,0,0,1,2,1,Angle,15,N,N,Failing to Yield Right of Way,Failing to Reduce Speed to Avoid Crash,Daylight,Clear,Dry,Y,,,,,Stop Sign,Functioning Properly,N,2,41.8669207,-87.7977263,ok,(N/A),1,2019,,,2,28,50000 and OVER,9,4295,Oak Park,C,Urban Local Road or Street,8,16,8,10545303,8,Cook,C,19,2,,4,X001636994,Free Flow,(UNK),201901269741,Local,1,0,N,,,,(UNK),177099,(N/A),(UNK),No Defects,1,1,No Median Barrier,7,,1904521,Urban,73,2,4,Divided,2,2941831.64844461,1902934.30530955,41.86691282936989,-87.7977,,No,1,(N/A),N,Y,N
2019,2019-08-09,Friday,07,07:16 AM,Property Damage,No Injuries,0,0,0,0,0,2,Sideswipe Same Direction,12,N,N,Improper Lane Usage,Improper Lane Usage,Daylight,Clear,Dry,N,,,,,No Controls,No Controls,N,2,41.8760248,-87.8045971,ok,(UNK),1,19-02667,2019,,20,20,50000 and OVER,9,4295,Oak Park,C,Urban Other Principal Arte,6,16,9,10544326,8,Cook,0,19,,,5,N,No,Slow,201901268643,City,1,25.77,Y,,,,(UNK),177188,(N/A),(UNK),No Defects,1,1,Other Principal Arterial (PAS),3,5043,X001638473,Not Toll,73,1,1,Not Divided,1,2939868.73638618,1906200.42516872,41.87601699825293,-87.8046,,Urban,1,N,(N/A),Y,(N/A)
2019,2019-08-11,Sunday,12,12:57 PM,Property Damage,No Injuries,0,0,0,0,0,2,Front to Rear,11,N,N,Failing to Reduce Speed to Avoid Crash,Unable to Determine,Daylight,Clear,Dry,N,,,,,No Controls,No Controls,N,2,41.8723378,-87.8044671,ok,(UNK),1,1904578,2019,,28,18,50000 and OVER,9,4295,Oak Park,C,Urban Other Principal Arte,0,16,11,10547406,8,Cook,0,19,,,7,N,No,Free Flow,201901271430,City,1,25.52,Y,,,,(UNK),177228,(N/A),(UNK),No Defects,1,1,Other Principal Arterial (PAS),3,5043,X001639922,Not Toll,73,1,1,Not Divided,1,2939941.12090365,1904857.76130831,41.872329915638424,-87.8045,,Urban,1,N,(N/A),Y,(N/A)
2019,2019-08-10,Saturday,06,06:35 AM,Property Damage,No Injuries,0,0,0,0,0,2,Angle,15,N,N,Disregarding Traffic Signals,Failing to Yield Right of Way,Daylight,Cloudy/Overcast,Dry,Y,,,,,Traffic Signal,Functioning Properly,N,2,41.8944179,-87.794673,ok,(UNK),1,1904560,2019,,25,2,50000 and OVER,9,4295,Oak Park,C,Urban Minor Arterial,8,16,10,10547409,8,Cook,0,19,,,6,N,No,Free Flow,201901271433,City,1,0,N,,,,(UNK),177262,(N/A),(UNK),No Defects,1,1,Minor Arterial,4,,X001640384,Not Toll,73,3,4,Four Way,14,2942386.24712763,1912977.77311679,41.89441004404958,-87.7947,,Urban,8,N,(N/A),Y,(N/A)
2019,2019-08-10,Saturday,10,10:00 AM,Property Damage,No Injuries,0,0,0,0,0,1,Parked Motor Vehicle,9,N,N,Unable to Determine,Unable to Determine,Daylight,Clear,Dry,N,,,,,No Controls,No Controls,Y,2,41.890217,-87.7947382,ok,(UNK),1,1904563,2019,,18,18,50000 and OVER,9,4295,Oak Park,C,Urban Local Road or Street,0,16,10,10547410,8,Cook,0,19,,,6,N,No,Slow,201901271434,City,1,0.27,N,,,,(UNK),177263,(N/A),(UNK),No Defects,1,1,Local Road or Street,7,3060,X001640386,Not Toll,73,1,1,One-Way,10,2942410.85008985,1911446.39270241,41.890209138273235,-87.7947,,Urban,1,N,(N/A),Y,(N/A)
2019,2019-08-09,Friday,18,06:26 PM,Injury,B Injury Crash,1,0,0,1,0,3,Pedalcyclist,2,N,Y,Failing to Reduce Speed to Avoid Crash,Failing to Yield Right of Way,Daylight,Clear,Dry,Y,,,,,Stop Sign,Functioning Properly,N,1,41.8715878,-87.7890758,ok,(UNK),1,1904553,2019,,28,2,50000 and OVER,9,4295,Oak Park,C,Urban Minor Collector,8,16,9,10546118,8,Cook,2,19,,,5,N,No,Free Flow,201901270345,City,1,0,N,,,,(UNK),177446,(N/A),(UNK),No Defects,1,1,Minor Collector,6,,X001639578,Not Toll,73,2,4,Not Divided,1,2944140.86659824,1904700.26560743,41.8715799491653,-87.7891,,Urban,1,N,(N/A),Y,(N/A)
2019,2019-08-08,Thursday,19,07:03 PM,Property Damage,No Injuries,0,0,0,0,0,5,Front to Rear,11,N,N,Failing to Reduce Speed to Avoid Crash,(N/A),Daylight,Clear,Dry,Y,,,,,Traffic Signal,Functioning Properly,N,3,41.8943578,-87.7976674,ok,(N/A),1,2019,,,28,99,50000 and OVER,9,4295,Oak Park,C,Urban Minor Arterial,8,16,8,10546147,8,Cook,C,19,0,,4,X001639460,Stopped,(UNK),201901270347,Minor,1,0,N,,,,(UNK),177576,(N/A),(UNK),No Defects,1,1,No Median Barrier,4,,1904530,Urban,73,3,4,Divided,2,2941571.54625665,1912933.3542198,41.89434999973571,-87.7977,,Yes,1,(N/A),N,Y,N
2019,2019-08-09,Friday,12,12:33 PM,Property Damage,No Injuries,0,0,0,0,0,2,Front to Rear,11,N,N,Following Too Closely,Failing to Reduce Speed to Avoid Crash,Daylight,Clear,Dry,Y,,,,,Traffic Signal,Functioning Properly,N,2,41.8851878,-87.7944166,ok,(UNK),1,1904541,2019,,3,28,50000 and OVER,9,4295,Oak Park,C,Urban Major Collector,8,16,9,10546164,8,Cook,0,19,,,5,N,No,Stopped,201901270348,City,1,0,N,,,,(UNK),177668,(N/A),(UNK),No Defects,1,1,Major Collector,5,,X001639516,Not Toll,73,3,4,Not Divided,1,2942549.10631791,1909616.09686967,41.88517998462906,-87.7944,,Urban,1,N,(N/A),Y,(N/A)
2019,2019-08-04,Sunday,13,01:55 PM,Property Damage,No Injuries,0,0,0,0,0,5,Front to Rear,11,N,N,Failing to Reduce Speed to Avoid Crash,Driving Skills/Knowledge/Experience,Daylight,Clear,Dry,N,,,,,Other,Functioning Properly,Y,3,41.8737254,-87.8039504,ok,Partial Access Control,3,03-19-11720,2019,,28,15,50000 and OVER,9,4295,Oak Park,C,Urban InterState (PAS),0,16,4,10546633,8,Cook,0,19,,,7,N,No,(UNK),201901270474,ISP,1,21.61,Y,,,,(UNK),178130,(N/A),(UNK),No Defects,1,1,InterState (PAS),1,9290,X001639662,Not Toll,73,13,4,Divided With Median Barrier,3,2940067.94722342,1905367.3101025,41.87371753441112,-87.8039,,Urban,1,N,(N/A),Y,(N/A)
2019,2019-08-13,Tuesday,13,01:20 PM,Property Damage,No Injuries,0,0,0,0,0,2,Front to Rear,11,N,N,Following Too Closely,Unable to Determine,Daylight,Clear,Dry,Y,,,,,No Controls,No Controls,Y,2,41.8650296,-87.8042159,ok,(N/A),1,2019,,,3,18,50000 and OVER,9,4295,Oak Park,C,Urban Other Principal Arte,6,16,13,10548575,8,Cook,C,19,0,,2,X001641341,Slow,(UNK),201901272960,Other,1,25.01,Y,,,,(UNK),178407,(N/A),(UNK),No Defects,1,1,No Median Barrier,3,5043,19-02720,Urban,52,1,1,Divided,2,2940082.89918923,1902196.4154399,41.86502172931618,-87.8042,,No,1,(N/A),N,Y,N
2019,2019-08-13,Tuesday,14,02:35 PM,Property Damage,No Injuries,0,0,0,0,0,2,Angle,15,N,N,Failing to Yield Right of Way,(N/A),Daylight,Clear,Dry,Y,,,,,Stop Sign,Functioning Properly,N,2,41.9052131,-87.805664,ok,(UNK),1,1901171,2019,,2,99,50000 and OVER,9,4295,Oak Park,C,Urban Other Principal Arte,0,16,13,10549125,8,Cook,0,19,,,2,N,No,Free Flow,201901273491,City,1,27.8,Y,,,,(UNK),178608,(N/A),(UNK),No Defects,1,1,Other Principal Arterial (PAS),3,5043,X001641706,Not Toll,73,2,4,Four Way,14,2939285.33103592,1916829.15591801,41.90520522024502,-87.8057,,Urban,1,N,(N/A),Y,(N/A)
2019,2019-08-12,Monday,19,07:21 PM,Property Damage,No Injuries,0,0,0,0,0,2,Angle,15,N,N,Failing to Yield Right of Way,Unable to Determine,Dusk,Rain,Wet,Y,,,,,Stop Sign,Functioning Properly,N,2,41.8946278,-87.7799864,ok,(UNK),1,1904610,2019,,2,18,50000 and OVER,9,4295,Oak Park,C,Urban Minor Arterial,8,16,12,10549146,8,Cook,0,19,,,1,N,No,Free Flow,201901273493,City,3,0,N,,,,(UNK),178827,(N/A),(UNK),No Defects,1,2,Minor Arterial,4,,X001641620,Not Toll,73,2,4,Not Divided,1,2946382.96347708,1913165.2371641,41.89461999610611,-87.78,,Urban,2,N,(N/A),Y,(N/A)
2019,2019-08-13,Tuesday,11,11:43 AM,Property Damage,No Injuries,0,0,0,0,0,3,Angle,15,N,N,Failing to Yield Right of Way,Driving Skills/Knowledge/Experience,Daylight,Cloudy/Overcast,Dry,Y,,,,,No Controls,No Controls,N,2,41.8814704,-87.8015572,ok,(UNK),1,1904624,2019,,2,15,50000 and OVER,9,4295,Oak Park,C,Urban Major Collector,0,16,13,10549151,8,Cook,0,19,,,2,N,No,Free Flow,201901273496,City,1,0.16,N,,,,(UNK),178828,(N/A),(UNK),No Defects,1,1,Major Collector,5,5,X001641622,Not Toll,73,1,1,Four Way,14,2940641.96005441,1908207.71161423,41.881462597110534,-87.8016,,Urban,8,N,(N/A),Y,(N/A)
2019,2019-08-12,Monday,15,03:07 PM,Property Damage,No Injuries,0,0,0,0,0,2,Turning,10,N,N,Failing to Yield Right of Way,(N/A),Daylight,Clear,Dry,Y,,,,,No Controls,No Controls,N,2,41.9070578,-87.8057274,ok,(UNK),1,1901164,2019,,2,99,50000 and OVER,9,4295,Oak Park,C,Urban Other Principal Arte,6,16,12,10549161,8,Cook,0,19,,,1,N,No,(UNK),201901273501,City,1,27.92,Y,,,,(UNK),178831,(N/A),(UNK),No Defects,1,1,Other Principal Arterial (PAS),3,5043,X001641626,Not Toll,73,1,1,Four Way,14,2939249.55878283,1917500.94411045,41.90704997252464,-87.8057,,Urban,1,N,(N/A),Y,(N/A)
2019,2019-08-10,Saturday,06,06:58 AM,Property Damage,No Injuries,0,0,0,0,0,2,Sideswipe Same Direction,12,N,N,Improper Lane Usage,Failing to Reduce Speed to Avoid Crash,Daylight,Clear,Dry,N,,,,,No Controls,No Controls,Y,2,41.8725368,-87.7945908,ok,Partial Access Control,3,03-19-12078,2019,,20,28,50000 and OVER,9,4295,Oak Park,C,Urban InterState (PAS),0,16,10,10548722,8,Cook,0,19,,,6,N,No,(UNK),201901273116,ISP,1,22.04,Y,,,,(UNK),179017,(N/A),(UNK),No Defects,1,1,InterState (PAS),1,9290,X001641482,Not Toll,,1,1,Divided With Median Barrier,3,2942629.15424809,1905004.53532961,41.872529,-87.7946,,Urban,1,N,(N/A),Y,(N/A)
2019,2019-08-10,Saturday,16,04:30 PM,Injury,C Injury Crash,1,0,0,0,1,6,Front to Rear,11,N,N,Failing to Reduce Speed to Avoid Crash,Failing to Reduce Speed to Avoid Crash,Daylight,Clear,Dry,N,,,,,Traffic Signal,Functioning Properly,Y,4,41.8721065,-87.8044581,ok,(N/A),1,2019,,,28,28,50000 and OVER,9,4295,Oak Park,C,Urban Other Principal Arte,0,16,10,10546781,8,Cook,C,19,1,,6,X001639773,Slow,(UNK),201901270729,Other,1,20.19,Y,,,,(UNK),179022,(N/A),(UNK),No Defects,1,1,No Median Barrier,3,348,1904567,Urban,73,3,4,Divided,2,2939945.90199465,1904773.5665581,41.87209869050963,-87.8045,,Yes,1,(N/A),N,Y,N
2019,2019-08-11,Sunday,04,04:15 AM,Property Damage,No Injuries,0,0,0,0,0,2,Front to Rear,11,N,N,Failing to Reduce Speed to Avoid Crash,Disregarding Traffic Signals,Darkness / Lighted Road,Clear,Dry,Y,,,,,Traffic Signal,Functioning Properly,Y,2,41.8978632,-87.8053837,ok,(UNK),1,1904575,2019,,28,25,50000 and OVER,9,4295,Oak Park,C,Urban Other Principal Arte,0,16,11,10547874,8,Cook,0,19,,,7,N,No,Free Flow,201901272283,City,5,27.29,Y,,,,(UNK),179290,(N/A),(UNK),No Defects,1,1,Other Principal Arterial (PAS),3,5043,X001640675,Not Toll,73,3,4,Not Divided,1,2939435.3909488,1914152.80725802,41.897855304945786,-87.8054,,Urban,1,N,(N/A),Y,(N/A)
2019,2019-08-12,Monday,15,03:12 PM,Property Damage,No Injuries,0,0,0,0,0,1,Fixed Object,6,N,N,Improper Backing,Failing to Reduce Speed to Avoid Crash,Daylight,Rain,Wet,N,,,,,No Controls,No Controls,N,1,41.8872071,-87.8016073,ok,(UNK),1,1904600,2019,,30,28,50000 and OVER,9,4295,Oak Park,C,Urban Major Collector,0,16,12,10547876,8,Cook,0,19,PARKING POST,,1,N,No,Slow,201901272284,City,1,0.16,N,,,,(UNK),179291,(N/A),(UNK),No Defects,1,2,Major Collector,5,1405,X001640726,Not Toll,73,1,1,One-Way,10,2940570.66727505,1910297.86692512,41.88719922275396,-87.8016,,Urban,2,N,(N/A),Y,(N/A)
2019,2019-08-12,Monday,16,04:12 PM,Property Damage,No Injuries,0,0,0,0,0,2,Front to Rear,11,N,N,Failing to Reduce Speed to Avoid Crash,(N/A),Daylight,Cloudy/Overcast,Wet,N,,,,,No Controls,No Controls,N,2,41.8797091,-87.7983661,ok,(N/A),1,2019,,,28,99,50000 and OVER,9,4295,Oak Park,C,Urban Minor Arterial,8,16,12,10547877,8,Cook,C,19,0,,1,X001640737,Slow,(UNK),201901272285,Minor,1,0,N,,,,(UNK),179292,(N/A),(UNK),No Defects,1,2,No Median Barrier,4,,1904603,Urban,73,1,1,Divided,2,2941528.72434799,1907589.83479691,41.87970128191774,-87.7984,,No,8,(N/A),N,Y,N
2019,2019-08-12,Monday,18,06:13 PM,Property Damage,No Injuries,0,0,0,0,0,3,Front to Rear,11,N,N,Failing to Reduce Speed to Avoid Crash,(N/A),Daylight,Cloudy/Overcast,Wet,Y,,,,,No Controls,No Controls,N,2,41.8761539,-87.7916748,ok,(N/A),1,2019,,,28,99,50000 and OVER,9,4295,Oak Park,C,Urban Local Road or Street,8,16,12,10547878,8,Cook,C,19,0,,1,X001640770,Slow,(UNK),201901272287,Local,1,0,N,,,,(UNK),179293,(N/A),(UNK),No Defects,1,2,No Median Barrier,7,,1904606,Urban,73,1,1,Divided,2,2943386.89444477,1906344.61318237,41.87614601107188,-87.7917,,No,8,(N/A),N,Y,N
2019,2019-08-07,Wednesday,11,11:20 AM,Injury,B Injury Crash,1,0,0,1,0,1,Angle,15,N,N,Failing to Yield Right of Way,Unable to Determine,Daylight,Clear,Dry,N,,,,,No Controls,No Controls,N,2,41.8800048,-87.7762857,ok,(UNK),1,1904492,2019,,2,18,50000 and OVER,9,4295,Oak Park,C,Urban Minor Arterial,8,16,7,10546841,8,Cook,2,19,,,3,Y,No,Slow,201901270787,City,1,0,N,,,,(UNK),179311,(N/A),(UNK),No Defects,1,1,Minor Arterial,4,,X001639812,Not Toll,73,1,1,Not Divided,1,2947539.11322478,1907864.38603429,41.879996955381266,-87.7763,,Urban,1,Y,Construction,Y,Construction Work Zone
2019,2019-08-10,Saturday,21,09:30 PM,Property Damage,No Injuries,0,0,0,0,0,2,Sideswipe Same Direction,12,N,N,Improper Lane Usage,Failing to Reduce Speed to Avoid Crash,Darkness,Clear,Dry,N,,,,,No Controls,No Controls,Y,2,41.8866293,-87.8049494,ok,(N/A),1,2019,,,20,28,50000 and OVER,9,4295,Oak Park,C,Urban Other Principal Arte,0,16,10,10546842,8,Cook,C,19,0,,6,X001639816,(UNK),(UNK),201901270788,Other,4,19.2,Y,,,,(UNK),179312,(N/A),(UNK),No Defects,1,1,No Median Barrier,3,348,1904570,Urban,73,1,1,Divided,2,2939666.38085583,1910062.23422034,41.88662144140168,-87.8049,,No,1,(N/A),N,Y,N
2019,2019-08-13,Tuesday,19,07:53 PM,Property Damage,No Injuries,0,0,0,0,0,2,Angle,15,N,N,Failing to Yield Right of Way,Failing to Reduce Speed to Avoid Crash,Daylight,Clear,Wet,Y,,,,,No Controls,No Controls,N,2,41.9091226,-87.7873719,ok,(UNK),1,1904637,2019,,2,28,50000 and OVER,9,4295,Oak Park,C,Urban Other Principal Arte,6,16,13,10549792,8,Cook,0,19,,,2,N,No,(UNK),201901274060,City,1,130.12,Y,,,,(UNK),179531,(N/A),(UNK),No Defects,1,2,Other Principal Arterial (PAS),3,5064,X001642033,Not Toll,73,1,1,Not Divided,1,2944225.478964,1918391.51270143,41.9091147038229,-87.7874,,Urban,1,N,(N/A),Y,(N/A)
2019,2019-08-12,Monday,23,11:35 PM,Property Damage,No Injuries,0,0,0,0,0,3,Front to Rear,11,N,N,Following Too Closely,Equipment-Vehicle Condition,Darkness / Lighted Road,Rain,Wet,Y,,,,,Traffic Signal,Functioning Properly,N,2,41.8736416,-87.8045258,ok,Partial Access Control,3,03-19-12222,2019,,3,10,50000 and OVER,9,4295,Oak Park,C,Urban InterState (PAS),0,16,12,10551147,8,Cook,0,19,,,1,N,No,(UNK),201901276074,ISP,5,25.61,Y,,,,(UNK),179672,(N/A),(UNK),No Defects,1,2,InterState (PAS),1,5043,X001643227,Not Toll,73,3,4,Ramp,11,2939912.062394,1905332.46992192,41.873633772562904,-87.8045,,Urban,2,N,(N/A),Y,(N/A)
2019,2019-08-14,Wednesday,16,04:58 PM,Injury,C Injury Crash,1,0,0,0,1,2,Front to Rear,11,N,N,Failing to Reduce Speed to Avoid Crash,Following Too Closely,Daylight,Clear,Dry,Y,,,,,No Controls,No Controls,N,2,41.9091339,-87.7860147,ok,(N/A),1,2019,,,28,3,50000 and OVER,9,4295,Oak Park,C,Urban Other Principal Arte,6,16,14,10551840,8,Cook,C,19,1,,3,X001643249,Slow,(UNK),201901277062,Other,1,130.19,Y,,,,(UNK),180656,(N/A),(UNK),No Defects,1,1,No Median Barrier,3,5064,1904654,Urban,73,1,1,Divided,2,2944594.82653797,1918405.90959689,41.909126064271526,-87.786,,No,1,(N/A),N,Y,N
2019,2019-08-15,Thursday,13,01:04 PM,Property Damage,No Injuries,0,0,0,0,0,3,Front to Rear,11,N,N,Following Too Closely,(N/A),Daylight,Clear,Dry,N,,,,,No Controls,No Controls,N,2,41.8833853,-87.8048584,ok,(N/A),1,2019,,,3,99,50000 and OVER,9,4295,Oak Park,C,Urban Other Principal Arte,0,16,15,10551847,8,Cook,C,19,0,,4,X001643732,Slow,(UNK),201901277069,Other,1,19.42,Y,,,,(UNK),180693,(N/A),(UNK),No Defects,1,1,No Median Barrier,3,348,1904674,Urban,73,1,1,Divided,2,2939723.71162051,1908880.73601996,41.88337742061767,-87.8049,,No,1,(N/A),N,Y,N
2019,2019-08-14,Wednesday,13,01:29 PM,Property Damage,No Injuries,0,0,0,0,0,1,Parked Motor Vehicle,9,N,N,Failing to Reduce Speed to Avoid Crash,Unable to Determine,Daylight,Clear,Dry,N,,,,,No Controls,No Controls,Y,2,41.903378,-87.8042303,ok,(N/A),1,2019,,,28,18,50000 and OVER,9,4295,Oak Park,C,Urban Local Road or Street,0,16,14,10550574,8,Cook,C,19,0,,3,X001642646,Free Flow,(UNK),201901275030,Local,1,0.07,N,,,,(UNK),181164,(N/A),(UNK),No Defects,1,1,No Median Barrier,7,3130,1904649,Urban,73,1,1,Divided,2,2939694.03353823,1916171.18900714,41.90337019778286,-87.8042,,No,1,(N/A),N,Y,N
2019,2019-08-18,Sunday,14,02:11 PM,Property Damage,No Injuries,0,0,0,0,0,1,Parked Motor Vehicle,9,N,N,Unable to Determine,(N/A),Daylight,Clear,Dry,N,,,,,No Controls,No Controls,Y,2,41.870546,-87.7991174,ok,(N/A),1,2019,,,18,99,50000 and OVER,9,4295,Oak Park,C,Urban Local Road or Street,8,16,18,10554769,8,Cook,C,19,0,,7,X001646487,Slow,(UNK),201901280940,Local,1,0,N,,,,(UNK),181547,(N/A),(UNK),No Defects,1,1,No Median Barrier,7,,1904734,Urban,73,1,1,Divided,2,2941416.27068886,1904244.99015612,41.870538186322236,-87.7991,,No,1,(N/A),N,Y,N
2019,2019-08-17,Saturday,13,01:20 PM,Property Damage,No Injuries,0,0,0,0,0,2,Front to Rear,11,N,N,Following Too Closely,Failing to Reduce Speed to Avoid Crash,Daylight,Clear,Dry,Y,,,,,Traffic Signal,Functioning Properly,N,2,41.8736416,-87.8045258,ok,Partial Access Control,1,19-02784,2019,,3,28,50000 and OVER,9,4295,Oak Park,C,Urban InterState (PAS),6,16,17,10553561,8,Cook,0,19,,,6,N,No,Stopped,201901279428,City,1,25.61,Y,,,,(UNK),182100,(N/A),(UNK),No Defects,1,1,InterState (PAS),1,5043,X001645468,Not Toll,73,3,4,Divided With Median Barrier,3,2939912.062394,1905332.46992192,41.873633772562904,-87.8045,,Urban,1,N,(N/A),Y,(N/A)