crash_year,crash_date,day_of_week,crash_hour,time_of_crash,crash_severity,crash_injury_severity,total_injured,total_fatals,a_injuries,b_injuries,c_injuries,no_injuries,type_of_first_crash,collision_type_code,pedestrian_involved,pedalcyclist_involved,cause1,cause2,lighting_cond,weather_cond,road_surface_cond,intersection_related,is_intersection,highway_or_street_name,at_intersection_with,address_no,traffic_control_device,traffic_control_device_cond,hit_and_run,number_of_vehicles,latitude,longitude,location_status,access_control,agency_code,agency_report_number,agency_report_year,alignment_code,cause1_code,cause2_code,city_class,city_class_code,city_code,city_name,city_township_flag,class_of_trafficway,class_of_trafficway_code,county_code,crash_day,crash_id,crash_month,crash_report_county,crash_severity_cd,crash_yr_source,damaged_property1,damaged_property2,day_of_week_code,did_crash_occur_in_work_zone,did_involve_secondary_crash,flow_condition,icn,investigating_agency_descrip,light_condition_code,mile_station,nhs,non_intersection_direction,non_intersection_distance,non_intersection_units,number_of_lanes,objectid,railroad_crossing_number,road_alignment,road_defects,road_defects_code,road_surface_condition_code,roadway_functional_class,roadway_functional_class_code,route_number,sfe,toll,township,traffic_control_device_code,traffic_control_device_cond_code,trafficway_descrip,trafficway_description_code,ts_crash_coordinate_x,ts_crash_coordinate_y,ts_crash_latitude,ts_crash_longitude,type_report,urban_rural,weather_code,were_workers_present,work_zone,work_zone_related,work_zone_type
2019,2019-08-15,Thursday,20,08:41 PM,Property Damage,No Injuries,0,0,0,0,0,2,Turning,10,N,N,Failing to Yield Right of Way,Unable to Determine,Darkness / Lighted Road,Clear,Dry,N,,,,,No Controls,No Controls,N,2,41.909244,-87.7757297,ok,(UNK),1,1904687,2019,,2,18,50000 and OVER,9,4295,Oak Park,C,Urban Other Principal Arte,0,16,15,10553172,8,Cook,0,19,,,4,N,No,(UNK),201901278936,City,5,7.47,Y,,,,(UNK),182113,(N/A),(UNK),No Defects,1,1,Other Principal Arterial (PAS),3,307,X001644810,Not Toll,73,1,1,Not Divided,1,2947393.42142931,1918523.94872111,41.90923616753944,-87.7757,,Urban,1,N,(N/A),Y,(N/A)
2019,2019-08-15,Thursday,16,04:29 PM,Property Damage,No Injuries,0,0,0,0,0,2,Front to Rear,11,N,N,Failing to Yield Right of Way,Failing to Reduce Speed to Avoid Crash,Daylight,Clear,Dry,N,,,,,Other Regualtory Sig,Functioning Properly,N,2,41.8718749,-87.7834786,ok,Partial Access Control,3,03-19-12359,2019,,2,28,50000 and OVER,9,4295,Oak Park,C,Urban InterState (PAS),0,16,15,10553242,8,Cook,0,19,,,4,N,No,(UNK),201901279027,ISP,1,22.63,Y,,,,(UNK),182324,(N/A),(UNK),No Defects,1,1,InterState (PAS),1,9290,X001645166,Not Toll,73,10,4,Divided With Median Barrier,3,2945662.49466946,1904847.17480313,41.871867006698245,-87.7835,,Urban,1,N,(N/A),Y,(N/A)
2019,2019-08-15,Thursday,17,05:17 PM,Property Damage,No Injuries,0,0,0,0,0,2,Front to Rear,11,N,N,Following Too Closely,Failing to Reduce Speed to Avoid Crash,Daylight,Clear,Dry,N,,,,,Other Regualtory Sig,Functioning Properly,N,2,41.8720326,-87.7852103,ok,Partial Access Control,3,03-19-12367,2019,,3,28,50000 and OVER,9,4295,Oak Park,C,Urban InterState (PAS),0,16,15,10553244,8,Cook,0,19,,,4,N,No,(UNK),201901279030,ISP,1,22.54,Y,,,,(UNK),182325,(N/A),(UNK),No Defects,1,1,InterState (PAS),1,9290,X001645168,Not Toll,73,10,4,Divided With Median Barrier,3,2945189.23730633,1904891.54819356,41.87202471284848,-87.7852,,Urban,1,N,(N/A),Y,(N/A)
2019,2019-08-15,Thursday,17,05:42 PM,Injury,B Injury Crash,1,0,0,1,0,1,Angle,15,N,N,Failing to Yield Right of Way,Vision Obscured,Daylight,Clear,Dry,Y,,,,,No Controls,No Controls,N,2,41.8945812,-87.7865237,ok,(UNK),1,1904684,2019,,2,14,50000 and OVER,9,4295,Oak Park,C,Urban Minor Arterial,8,16,15,10552172,8,Cook,2,19,,,4,N,No,Stopped,201901277726,City,1,0,N,,,,(UNK),182442,(N/A),(UNK),No Defects,1,1,Minor Arterial,4,,X001644174,Not Toll,73,1,1,Not Divided,1,2944603.4823044,1913098.75782437,41.89457332668957,-87.7865,,Urban,1,N,(N/A),Y,(N/A)
2019,2019-08-17,Saturday,04,04:17 AM,Injury,B Injury Crash,1,0,0,1,0,0,Fixed Object,6,N,N,Unable to Determine,(N/A),Darkness / Lighted Road,Cloudy/Overcast,Dry,N,,,,,No Controls,No Controls,N,1,41.8763012,-87.7827391,ok,(N/A),1,2019,,,18,99,50000 and OVER,9,4295,Oak Park,C,Urban Local Road or Street,0,16,17,10553947,8,Cook,C,19,2,TREE,6,X001645670,Free Flow,(UNK),201901279864,Local,5,0.64,N,,,,(UNK),182514,(N/A),(UNK),No Defects,1,1,No Median Barrier,7,4025,1904709,Urban,73,1,1,Divided,2,2945819.09622739,1906465.81888362,41.876293369290984,-87.7827,,No,8,(N/A),N,Y,N
2019,2019-08-16,Friday,21,09:43 PM,Property Damage,No Injuries,0,0,0,0,0,3,Parked Motor Vehicle,9,N,N,Physical Condition of Driver,Improper Lane Usage,Darkness,Clear,Dry,N,,,,,No Controls,No Controls,Y,4,41.86611,-87.7888747,ok,(UNK),1,1904704,2019,,17,20,50000 and OVER,9,4295,Oak Park,C,Urban Minor Collector,0,16,16,10553948,8,Cook,0,19,,,5,N,Yes,Free Flow,201901279866,City,4,1.57,N,,,,(UNK),182515,(N/A),(UNK),No Defects,1,1,Minor Collector,6,2779,X001645671,Not Toll,73,1,1,Not Divided,1,2944250.95130194,1902705.58000426,41.86610216305451,-87.7889,,Urban,1,N,(N/A),Y,(N/A)
2019,2019-08-19,Monday,08,08:05 AM,Injury,B Injury Crash,1,0,0,1,0,4,Front to Rear,11,N,N,Failing to Reduce Speed to Avoid Crash,Following Too Closely,Daylight,Clear,Dry,N,,,,,Other,Functioning Properly,N,4,41.8718969,-87.7836912,ok,Partial Access Control,3,03-19-12547,2019,,28,3,50000 and OVER,9,4295,Oak Park,C,Urban InterState (PAS),0,16,19,10556797,8,Cook,2,19,,,1,N,No,(UNK),201901282887,ISP,1,320.95,Y,,,,(UNK),182965,(N/A),(UNK),No Defects,1,1,InterState (PAS),1,5110,X001647950,Not Toll,73,13,4,Divided With Median Barrier,3,2945604.37978864,1904853.61822986,41.87188910088298,-87.7837,,Urban,1,N,(N/A),Y,(N/A)
2019,2019-08-15,Thursday,07,07:20 AM,Property Damage,No Injuries,0,0,0,0,0,3,Front to Rear,11,N,N,Failing to Reduce Speed to Avoid Crash,Distraction - From Outside Vehicle,Daylight,Clear,Dry,N,,,,,Other,Other,N,2,41.8723708,-87.7890873,ok,Partial Access Control,3,03-19-12337,2019,,28,40,50000 and OVER,9,4295,Oak Park,C,Urban InterState (PAS),0,16,15,10556901,8,Cook,0,19,,,4,N,No,(UNK),201901283125,ISP,1,22.31,Y,,,,(UNK),183500,(N/A),(UNK),No Defects,1,1,InterState (PAS),1,9290,X001648045,Not Toll,73,13,7,Divided With Median Barrier,3,2944129.82266043,1904985.52052527,41.87236295600278,-87.7891,,Urban,1,N,(N/A),Y,(N/A)
2019,2019-08-18,Sunday,12,12:38 PM,Injury,C Injury Crash,1,0,0,0,1,2,Turning,10,N,N,Failing to Yield Right of Way,(N/A),Daylight,Clear,Dry,Y,,,,,Traffic Signal,Functioning Properly,N,2,41.8905581,-87.8051158,ok,(N/A),1,2019,,,2,99,50000 and OVER,9,4295,Oak Park,C,Urban Other Principal Arte,0,16,18,10556727,8,Cook,C,19,1,LIGHT FIXTURE,7,X001647771,Free Flow,(UNK),201901282775,Other,1,26.78,Y,,,,(UNK),184576,(N/A),(UNK),No Defects,1,1,No Median Barrier,3,5043,1904732,Urban,73,3,4,Divided,2,2939581.63942567,1911492.72230312,41.89055026513118,-87.8051,,No,1,(N/A),N,Y,N
2019,2019-08-17,Saturday,12,12:44 PM,Property Damage,No Injuries,0,0,0,0,0,6,Angle,15,N,N,Failing to Yield Right of Way,(N/A),Daylight,Cloudy/Overcast,Wet,Y,,,,,Stop Sign,Functioning Properly,N,2,41.8869484,-87.7879193,ok,(N/A),1,2019,,,2,99,50000 and OVER,9,4295,Oak Park,C,Urban Local Road or Street,8,16,17,10556736,8,Cook,C,19,0,,6,X001647294,Free Flow,(UNK),201901282787,Local,1,0,N,,,,(UNK),184588,(N/A),(UNK),No Defects,1,2,No Median Barrier,7,,1904715,Urban,73,2,4,Divided,2,2944300.62370979,1910306.68674078,41.88694055773135,-87.7879,,No,8,(N/A),N,Y,N
2019,2019-08-13,Tuesday,19,07:11 PM,Property Damage,No Injuries,0,0,0,0,0,2,Front to Rear,11,N,N,Following Too Closely,Driving Skills/Knowledge/Experience,Daylight,Clear,Dry,N,,,,,No Controls,No Controls,N,2,41.8650546,-87.8023488,ok,(UNK),1,19-08076,2019,,3,15,50000 and OVER,9,4295,Oak Park,C,Urban Other Principal Arte,0,16,13,10559397,8,Cook,0,19,,,2,N,No,Stopped,201901286249,City,1,6.08,Y,,,,(UNK),184729,(N/A),(UNK),No Defects,1,1,Other Principal Arterial (PAS),3,347,X001649942,Not Toll,73,1,1,Not Divided,1,2940591.24708171,1902219.54880493,41.86504676743444,-87.8023,,Urban,1,N,(N/A),Y,(N/A)
2019,2019-08-20,Tuesday,12,12:13 PM,Property Damage,No Injuries,0,0,0,0,0,2,Front to Rear,11,N,N,Weather,Following Too Closely,Daylight,Rain,Wet,Y,,,,,No Controls,No Controls,N,2,41.8687177,-87.8043355,ok,(UNK),1,1904775,2019,,11,3,50000 and OVER,9,4295,Oak Park,C,Urban Other Principal Arte,0,16,20,10559995,8,Cook,0,19,,,2,N,No,Free Flow,201901286997,City,1,25.26,Y,,,,(UNK),185231,(N/A),(UNK),No Defects,1,2,Other Principal Arterial (PAS),3,5043,X001649083,Not Toll,73,1,1,Not Divided,1,2940013.31051642,1903539.53574654,41.86870985627651,-87.8043,,Urban,2,N,(N/A),Y,(N/A)
2019,2019-07-27,Saturday,10,10:30 AM,Injury,B Injury Crash,1,0,0,1,0,1,Other Non-Collision,8,N,N,Vision Obscured,Improper Lane Usage,Daylight,Clear,Dry,N,,,,,Other,Functioning Properly,N,1,41.8872251,-87.7983383,ok,(UNK),1,1904218,2019,,14,20,50000 and OVER,9,4295,Oak Park,C,Urban Local Road or Street,0,16,27,10560035,7,Cook,2,19,,,6,N,No,Free Flow,201901287026,City,1,0.11,N,,,,(UNK),185334,(N/A),(UNK),No Defects,1,1,Local Road or Street,7,3005,X001650320,Not Toll,73,13,4,One-Way,10,2941460.64423572,1910329.01044733,41.88721727808168,-87.7983,,Urban,1,N,(N/A),Y,(N/A)
2019,2019-08-12,Monday,13,01:00 PM,Property Damage,No Injuries,0,0,0,0,0,4,Front to Rear,11,N,N,Following Too Closely,Failing to Reduce Speed to Avoid Crash,Daylight,Clear,Dry,N,,,,,No Controls,No Controls,N,2,41.8737266,-87.8039433,ok,Partial Access Control,3,03-19-12193,2019,,3,28,50000 and OVER,9,4295,Oak Park,C,Urban InterState (PAS),0,16,12,10558184,8,Cook,0,19,,,1,N,No,(UNK),201901284609,ISP,1,21.61,Y,,,,(UNK),185407,(N/A),(UNK),No Defects,1,1,InterState (PAS),1,9290,X001648933,Not Toll,73,1,1,Divided With Median Barrier,3,2940069.86163757,1905367.80983458,41.873718760114095,-87.8039,,Urban,1,N,(N/A),Y,(N/A)
2019,2019-08-12,Monday,15,03:45 PM,Property Damage,No Injuries,0,0,0,0,0,4,Front to Rear,11,N,N,Following Too Closely,Failing to Reduce Speed to Avoid Crash,Daylight,Rain,Wet,N,,,,,Traffic Signal,Functioning Properly,N,2,41.8709528,-87.7747548,ok,Partial Access Control,3,03-19-12202,2019,,3,28,50000 and OVER,9,4295,Oak Park,C,Urban InterState (PAS),0,16,12,10558187,8,Cook,0,19,,,1,N,No,(UNK),201901284613,ISP,1,23.07,Y,,,,(UNK),185410,(N/A),(UNK),No Defects,1,2,InterState (PAS),1,9290,X001648936,Not Toll,,3,4,Divided With Median Barrier,3,2948048.00669948,1904577.3070694,41.870945,-87.7747,,Urban,2,N,(N/A),Y,(N/A)
2019,2019-08-21,Wednesday,20,08:00 PM,Property Damage,No Injuries,0,0,0,0,0,2,Parked Motor Vehicle,9,N,N,Failing to Reduce Speed to Avoid Crash,Unable to Determine,Darkness / Lighted Road,Clear,Dry,N,,,,,No Controls,No Controls,Y,2,41.8783316,-87.797338,ok,(UNK),1,1904815,2019,,28,18,50000 and OVER,9,4295,Oak Park,C,Urban Local Road or Street,8,16,21,10560581,8,Cook,0,19,,,3,N,No,Free Flow,201901287724,City,5,0,N,,,,(UNK),185631,(N/A),(UNK),No Defects,1,1,Local Road or Street,7,,X001650755,Not Toll,73,1,1,Not Divided,1,2941822.56211132,1907095.58492905,41.87832379447657,-87.7973,,Urban,1,N,(N/A),Y,(N/A)
2019,2019-08-16,Friday,18,06:50 PM,Property Damage,No Injuries,0,0,0,0,0,3,Front to Rear,11,N,N,Distraction - From Outside Vehicle,Failing to Reduce Speed to Avoid Crash,Daylight,Clear,Dry,N,,,,,No Controls,No Controls,N,2,41.8737667,-87.8044106,ok,Partial Access Control,3,03-19-12422,2019,,40,28,50000 and OVER,9,4295,Oak Park,C,Urban InterState (PAS),0,16,16,10558221,8,Cook,0,19,,,5,N,No,(UNK),201901284663,ISP,1,21.59,Y,,,,(UNK),185659,(N/A),(UNK),No Defects,1,1,InterState (PAS),1,9290,X001648970,Not Toll,73,1,1,Divided With Median Barrier,3,2939942.17649761,1905378.91851672,41.873758862085076,-87.8044,,Urban,1,N,(N/A),Y,(N/A)
2019,2019-08-20,Tuesday,17,05:00 PM,Injury,C Injury Crash,1,0,0,0,1,1,Turning,10,N,N,Failing to Reduce Speed to Avoid Crash,(N/A),Daylight,Clear,Dry,N,,,,,No Controls,No Controls,N,2,41.8757243,-87.8045882,ok,(UNK),1,19-02822,2019,,28,99,50000 and OVER,9,4295,Oak Park,C,Urban Other Principal Arte,0,16,20,10557856,8,Cook,1,19,,,2,N,No,Free Flow,201901284164,City,1,19.95,Y,,,,(UNK),185837,(N/A),(UNK),No Defects,1,1,Other Principal Arterial (PAS),3,348,X001648611,Not Toll,73,1,1,Not Divided,1,2939874.17160931,1906090.95903624,41.8757164291183,-87.8046,,Urban,1,N,(N/A),Y,(N/A)
2019,2019-07-05,Friday,17,05:01 PM,Injury,C Injury Crash,2,0,0,0,2,2,Turning,10,N,N,Failing to Yield Right of Way,Vision Obscured,Daylight,Clear,Dry,Y,,,,,Stop Sign,Functioning Properly,N,3,41.8668749,-87.8042754,ok,(UNK),1,02172,19,,2,14,50000 and OVER,9,4295,Oak Park,C,Urban Other Principal Arte,6,16,5,10561684,7,Cook,1,19,,,5,N,Yes,Slow,201901289201,City,1,25.14,Y,,,,(UNK),186723,(N/A),(UNK),No Defects,1,1,Other Principal Arterial (PAS),3,5043,U190116351,Not Toll,73,2,4,Unknown,9,2940048.1762124,1902868.43223311,41.8668670397713,-87.8043,,Urban,1,N,(N/A),Y,(N/A)
2019,2019-08-23,Friday,09,09:20 AM,Property Damage,No Injuries,0,0,0,0,0,2,Sideswipe Same Direction,12,N,N,Failing to Reduce Speed to Avoid Crash,Improper Lane Usage,Daylight,Clear,Dry,Y,,,,,No Controls,Functioning Properly,N,2,41.8796683,-87.8047358,ok,(UNK),1,1904847,2019,,28,20,50000 and OVER,9,4295,Oak Park,C,Urban Other Principal Arte,0,16,23,10563097,8,Cook,0,19,,,5,N,No,Slow,201901290704,City,1,26.02,Y,,,,(UNK),187393,(N/A),(UNK),No Defects,1,1,Other Principal Arterial (PAS),3,5043,X001652524,Not Toll,73,1,4,Not Divided,1,2939794.39368323,1907527.12588501,41.879660455477804,-87.8047,,Urban,1,N,(N/A),Y,(N/A)
2019,2019-08-23,Friday,10,10:48 AM,Injury,B Injury Crash,1,0,0,1,0,2,Pedestrian,1,Y,N,Failing to Reduce Speed to Avoid Crash,Failing to Yield Right of Way,Daylight,Clear,Dry,Y,,,,,Traffic Signal,Functioning Properly,N,1,41.8886475,-87.7945158,ok,(UNK),1,1904849,2019,,28,2,50000 and OVER,9,4295,Oak Park,C,Urban Major Collector,8,16,23,10563098,8,Cook,2,19,,,5,N,No,Slow,201901290705,City,1,0,N,,,,(UNK),187394,(N/A),(UNK),No Defects,1,1,Major Collector,5,,X001652525,Not Toll,73,3,4,Other,8,2942487.2218895,1910876.10685785,41.88863962374002,-87.7945,,Urban,1,N,(N/A),Y,(N/A)
2019,2019-08-21,Wednesday,07,07:00 AM,Property Damage,No Injuries,0,0,0,0,0,2,Front to Rear,11,N,N,Following Too Closely,Failing to Reduce Speed to Avoid Crash,Daylight,Unknown,Unknown,N,,,,,No Controls,No Controls,N,2,41.8730488,-87.7999308,ok,Partial Access Control,3,03-19-12703,2019,,3,28,50000 and OVER,9,4295,Oak Park,C,Urban InterState (PAS),0,16,21,10562311,8,Cook,0,19,,,3,N,No,(UNK),201901289723,ISP,1,21.79,Y,,,,(UNK),187457,(N/A),(UNK),No Defects,1,9,InterState (PAS),1,9290,X001652249,Not Toll,,1,1,Divided With Median Barrier,3,2941169.54523041,1905150.94696171,41.873041,-87.7999,,Urban,9,N,(N/A),Y,(N/A)
2019,2019-08-22,Thursday,14,02:14 PM,Property Damage,No Injuries,0,0,0,0,0,1,Parked Motor Vehicle,9,N,N,Improper Turning/No Signal,Driving Skills/Knowledge/Experience,Daylight,Clear,Dry,N,,,,,No Controls,No Controls,N,3,41.9087452,-87.8026668,ok,(UNK),1,1904829,2019,,6,15,50000 and OVER,9,4295,Oak Park,C,Urban Local Road or Street,0,16,22,10561864,8,Cook,0,19,,,4,N,Yes,Free Flow,201901289177,City,1,0.02,N,,,,(UNK),187656,(N/A),(UNK),No Defects,1,1,Local Road or Street,7,2701,X001651831,Not Toll,73,1,1,Not Divided,1,2940065.7595354,1918138.82177225,41.9087373655175,-87.8027,,Urban,1,N,(N/A),Y,(N/A)
2019,2019-08-24,Saturday,10,10:20 AM,Property Damage,No Injuries,0,0,0,0,0,4,Angle,15,N,N,Failing to Yield Right of Way,Driving Skills/Knowledge/Experience,Daylight,Clear,Dry,Y,,,,,No Controls,No Controls,N,2,41.8715723,-87.7767866,ok,(UNK),1,1904868,2019,,2,15,50000 and OVER,9,4295,Oak Park,C,Urban Local Road or Street,8,16,24,10563710,8,Cook,0,19,,,6,N,No,(UNK),201901291282,City,1,0,N,,,,(UNK),188306,(N/A),(UNK),No Defects,1,1,Local Road or Street,7,,X001653340,Not Toll,73,1,1,T-Intersection,15,2947488.28475146,1904787.62610828,41.87156446047709,-87.7768,,Urban,1,N,(N/A),Y,(N/A)
2019,2019-08-21,Wednesday,12,12:15 PM,Property Damage,No Injuries,0,0,0,0,0,2,Sideswipe Same Direction,12,N,N,Improper Lane Usage,Failing to Reduce Speed to Avoid Crash,Darkness / Lighted Road,Clear,Dry,N,,,,,Other,Functioning Properly,N,2,41.8737188,-87.8038848,ok,Partial Access Control,3,03-19-12679,2019,,20,28,50000 and OVER,9,4295,Oak Park,C,Urban InterState (PAS),0,16,21,10562876,8,Cook,0,19,,,3,N,No,(UNK),201901290359,ISP,5,319.94,Y,,,,(UNK),188578,(N/A),(UNK),No Defects,1,1,InterState (PAS),1,5110,X001652820,Not Toll,73,13,4,Divided With Median Barrier,3,2940085.87516513,1905365.39762219,41.8737109364312,-87.8039,,Urban,1,N,(N/A),Y,(N/A)
2019,2019-08-23,Friday,18,06:21 PM,Injury,C Injury Crash,1,0,0,0,1,0,Fixed Object,6,N,N,Under Influence of Alcohol/Drugs,Improper Lane Usage,Daylight,Clear,Other,N,,,,,No Controls,No Controls,N,1,41.8799293,-87.7881694,ok,(N/A),1,2019,,,8,20,50000 and OVER,9,4295,Oak Park,C,Urban (UNK),0,16,23,10565661,8,Cook,C,19,1,CENTER MEDIAN / CURB,5,X001654868,Free Flow,(UNK),201901293183,(UNK),1,0,N,,,,(UNK),188784,(N/A),(UNK),Other,10,6,No Median Barrier,0,2650,1904859,Urban,73,1,1,Divided,2,2944303.46170793,1907746.89032779,41.87992141195482,-87.7882,,No,1,(N/A),N,N,N
2019,2019-08-24,Saturday,05,05:36 AM,Property Damage,No Injuries,0,0,0,0,0,3,Sideswipe Same Direction,12,N,N,Improper Overtaking/Passing,(N/A),Dawn,Clear,Dry,N,,,,,No Controls,No Controls,N,2,41.8852301,-87.7944168,ok,(UNK),1,1904865,2019,,4,99,50000 and OVER,9,4295,Oak Park,C,Urban Major Collector,0,16,24,10566241,8,Cook,0,19,,,6,N,No,Free Flow,201901293848,City,2,5.77,N,,,,(UNK),189168,(N/A),(UNK),No Defects,1,1,Major Collector,5,2775,X001654911,Not Toll,73,1,1,Not Divided,1,2942548.62128393,1909631.50070156,41.88522225871201,-87.7944,,Urban,1,N,(N/A),Y,(N/A)
2019,2019-08-24,Saturday,12,12:05 PM,Property Damage,No Injuries,0,0,0,0,0,1,Parked Motor Vehicle,9,N,N,Unable to Determine,Unable to Determine,Darkness / Lighted Road,Clear,Dry,N,,,,,No Controls,No Controls,Y,2,41.8953234,-87.8052221,ok,(UNK),1,1904869,2019,,18,18,50000 and OVER,9,4295,Oak Park,C,Urban Local Road or Street,0,16,24,10566243,8,Cook,0,19,,,6,N,No,Stopped,201901293849,City,5,0,N,,,,(UNK),189169,(N/A),(UNK),No Defects,1,1,Local Road or Street,7,3085,X001654957,Not Toll,73,1,1,Not Divided,1,2939504.86451136,1913228.4679862,41.89531550643763,-87.8052,,Urban,1,N,(N/A),Y,(N/A)
2019,2019-08-24,Saturday,18,06:39 PM,Property Damage,No Injuries,0,0,0,0,0,2,Angle,15,N,N,Failing to Yield Right of Way,Failing to Reduce Speed to Avoid Crash,Daylight,Clear,Dry,Y,,,,,Stop Sign,Functioning Properly,N,2,41.886928,-87.7895462,ok,(UNK),1,1904877,2019,,2,28,50000 and OVER,9,4295,Oak Park,C,Urban Minor Collector,8,16,24,10566246,8,Cook,0,19,,,6,N,No,Free Flow,201901293851,City,1,0,N,,,,(UNK),189170,(N/A),(UNK),No Defects,1,1,Minor Collector,6,,X001654998,Not Toll,73,2,4,T-Intersection,15,2943857.82012535,1910286.97394832,41.88692016928878,-87.7895,,Urban,1,N,(N/A),Y,(N/A)
2019,2019-08-24,Saturday,13,01:26 PM,Property Damage,No Injuries,0,0,0,0,0,2,Rear to Front,18,N,N,Improper Backing,(N/A),Daylight,Clear,Dry,N,,,,,Stop Sign,Functioning Properly,N,2,41.8918733,-87.802748,ok,(UNK),1,1904871,2019,,30,99,50000 and OVER,9,4295,Oak Park,C,Urban Local Road or Street,8,16,24,10566262,8,Cook,0,19,,,6,N,No,(UNK),201901293871,City,1,0,N,,,,(UNK),189277,(N/A),(UNK),No Defects,1,1,Local Road or Street,7,,X001654966,Not Toll,73,2,4,Not Divided,1,2940213.1768753,1911989.74924073,41.89186541129596,-87.8027,,Urban,1,N,(N/A),Y,(N/A)
2019,2019-08-21,Wednesday,14,02:50 PM,Property Damage,No Injuries,0,0,0,0,0,4,Sideswipe Same Direction,12,N,N,Improper Lane Usage,Unable to Determine,Daylight,Clear,Dry,N,,,,,Other,Functioning Properly,N,2,41.8715212,-87.7790177,ok,Partial Access Control,3,03-19-12656,2019,,20,18,50000 and OVER,9,4295,Oak Park,C,Urban InterState (PAS),0,16,21,10563958,8,Cook,0,19,,,3,N,No,(UNK),201901291564,ISP,1,321.18,Y,,,,(UNK),189453,(N/A),(UNK),No Defects,1,1,InterState (PAS),1,5110,X001653592,Not Toll,73,13,4,Divided With Median Barrier,3,2946881.11229947,1904752.07219251,41.87151332874524,-87.779,,Urban,1,N,(N/A),Y,(N/A)
2019,2019-08-21,Wednesday,14,02:28 PM,Property Damage,No Injuries,0,0,0,0,0,2,Sideswipe Same Direction,12,N,N,Failing to Reduce Speed to Avoid Crash,Following Too Closely,Daylight,Clear,Dry,N,,,,,Other,Functioning Properly,N,2,41.8732654,-87.7994609,ok,(UNK),3,03-19-12663,2019,,28,3,50000 and OVER,9,4295,Oak Park,C,Urban (UNK),0,16,21,10563962,8,Cook,0,19,,,3,N,No,(UNK),201901291569,ISP,1,0.04,N,,,,(UNK),189497,(N/A),(UNK),No Defects,1,1,(UNK),0,290,X001653596,No Toll,73,13,4,Divided With Median Barrier,3,2941295.34870637,1905233.40657539,41.87325758896918,-87.7995,,Urban,1,N,(N/A),Y,(N/A)
2019,2019-08-24,Saturday,22,10:30 PM,Property Damage,No Injuries,0,0,0,0,0,2,Front to Rear,11,N,N,Following Too Closely,Failing to Reduce Speed to Avoid Crash,Darkness,Clear,Dry,N,,,,,Delineators,Functioning Properly,Y,2,41.8731818,-87.7987228,ok,Partial Access Control,3,03-19-12862,2019,,3,28,50000 and OVER,9,4295,Oak Park,C,Urban InterState (PAS),0,16,24,10563995,8,Cook,0,19,,,6,N,No,(UNK),201901291609,ISP,4,21.85,Y,,,,(UNK),189628,(N/A),(UNK),No Defects,1,1,InterState (PAS),1,9290,X001653629,Not Toll,,14,4,Divided With Median Barrier,3,2941497.229035,1905208.49382545,41.873174,-87.7987,,Urban,1,N,(N/A),Y,(N/A)
2019,2019-08-23,Friday,16,04:01 PM,Injury,C Injury Crash,1,0,0,0,1,4,Angle,15,N,N,Disregarding Stop Sign,Failing to Reduce Speed to Avoid Crash,Daylight,Clear,Dry,Y,,,,,Stop Sign,Functioning Properly,N,2,41.8851596,-87.7878684,ok,(UNK),1,1904856,2019,,23,28,50000 and OVER,9,4295,Oak Park,C,Urban Local Road or Street,8,16,23,10565445,8,Cook,1,19,,,5,N,No,Free Flow,201901292951,City,1,0,N,,,,(UNK),189703,(N/A),(UNK),No Defects,1,1,Local Road or Street,7,,X001654654,Not Toll,73,2,4,Unknown Intersection Type,22,2944332.57454698,1909655.19925501,41.8851517582964,-87.7879,,Urban,1,N,(N/A),Y,(N/A)
2019,2019-08-27,Tuesday,00,00:58 AM,Property Damage,No Injuries,0,0,0,0,0,3,Front to Rear,11,N,N,Failing to Reduce Speed to Avoid Crash,Unable to Determine,Darkness / Lighted Road,Clear,Dry,N,,,,,Traffic Signal,Functioning Properly,N,2,41.8735079,-87.8045198,ok,(UNK),1,19-02908,2019,,28,18,50000 and OVER,9,4295,Oak Park,C,Urban Other Principal Arte,6,16,27,10567312,8,Cook,0,19,,,2,N,No,Slow,201901295519,City,5,25.6,Y,,,,(UNK),189847,(N/A),(UNK),No Defects,1,1,Other Principal Arterial (PAS),3,5043,X001656331,Not Toll,73,3,4,Divided With Median Barrier,3,2939915.04139067,1905283.80433685,41.87350010539644,-87.8045,,Urban,1,N,(N/A),Y,(N/A)
2019,2019-08-26,Monday,08,08:02 AM,Property Damage,No Injuries,0,0,0,0,0,6,Sideswipe Same Direction,12,N,N,Improper Lane Usage,(N/A),Daylight,Rain,Wet,N,,,,,No Controls,No Controls,N,2,41.9053905,-87.7913158,ok,(UNK),1,1904908,2019,,20,99,50000 and OVER,9,4295,Oak Park,C,Urban Local Road or Street,0,16,26,10566494,8,Cook,0,19,,,1,N,No,Free Flow,201901294170,City,1,0.26,N,,,,(UNK),190109,(N/A),(UNK),No Defects,1,2,Local Road or Street,7,2663,X001655467,Not Toll,73,1,1,Not Divided,1,2943189.55750809,1917001.71783538,41.905382681525545,-87.7913,,Urban,2,N,(N/A),Y,(N/A)