crash_year,crash_date,day_of_week,crash_hour,time_of_crash,crash_severity,crash_injury_severity,total_injured,total_fatals,a_injuries,b_injuries,c_injuries,no_injuries,type_of_first_crash,collision_type_code,pedestrian_involved,pedalcyclist_involved,cause1,cause2,lighting_cond,weather_cond,road_surface_cond,intersection_related,is_intersection,highway_or_street_name,at_intersection_with,address_no,traffic_control_device,traffic_control_device_cond,hit_and_run,number_of_vehicles,latitude,longitude,location_status,access_control,agency_code,agency_report_number,agency_report_year,alignment_code,cause1_code,cause2_code,city_class,city_class_code,city_code,city_name,city_township_flag,class_of_trafficway,class_of_trafficway_code,county_code,crash_day,crash_id,crash_month,crash_report_county,crash_severity_cd,crash_yr_source,damaged_property1,damaged_property2,day_of_week_code,did_crash_occur_in_work_zone,did_involve_secondary_crash,flow_condition,icn,investigating_agency_descrip,light_condition_code,mile_station,nhs,non_intersection_direction,non_intersection_distance,non_intersection_units,number_of_lanes,objectid,railroad_crossing_number,road_alignment,road_defects,road_defects_code,road_surface_condition_code,roadway_functional_class,roadway_functional_class_code,route_number,sfe,toll,township,traffic_control_device_code,traffic_control_device_cond_code,trafficway_descrip,trafficway_description_code,ts_crash_coordinate_x,ts_crash_coordinate_y,ts_crash_latitude,ts_crash_longitude,type_report,urban_rural,weather_code,were_workers_present,work_zone,work_zone_related,work_zone_type
2019,2019-08-26,Monday,14,02:49 PM,Property Damage,No Injuries,0,0,0,0,0,2,Turning,10,N,N,Failing to Yield Right of Way,Failing to Reduce Speed to Avoid Crash,Daylight,Cloudy/Overcast,Wet,Y,,,,,Stop Sign,Functioning Properly,N,2,41.8820991,-87.7763572,ok,(UNK),1,1904920,2019,,2,28,50000 and OVER,9,4295,Oak Park,C,Urban Major Collector,8,16,26,10566497,8,Cook,0,19,,,1,N,No,Free Flow,201901294175,City,1,0,N,,,,(UNK),190110,(N/A),(UNK),No Defects,1,2,Major Collector,5,,X001655470,Not Toll,73,2,4,Not Divided,1,2947498.36852704,1908627.05310034,41.88209127540909,-87.7764,,Urban,8,N,(N/A),Y,(N/A)
2019,2019-08-28,Wednesday,08,08:30 AM,Property Damage,No Injuries,0,0,0,0,0,5,Front to Rear,11,N,N,Failing to Reduce Speed to Avoid Crash,(N/A),Daylight,Clear,Dry,Y,,,,,Traffic Signal,Functioning Properly,N,3,41.881568,-87.7956365,ok,(UNK),1,1904958,2019,,28,99,50000 and OVER,9,4295,Oak Park,C,Urban Major Collector,8,16,28,10569228,8,Cook,0,19,,,3,N,Yes,Stopped,201901298068,City,1,0,N,,,,(UNK),190941,(N/A),(UNK),No Defects,1,1,Major Collector,5,,X001657877,Not Toll,73,3,4,Not Divided,1,2942253.38220777,1908287.77410558,41.88156014279651,-87.7956,,Urban,1,N,(N/A),Y,(N/A)
2019,2019-08-28,Wednesday,08,08:32 AM,Property Damage,No Injuries,0,0,0,0,0,2,Front to Rear,11,N,N,Operating Vehicle In Reckless Manner,Improper Overtaking/Passing,Daylight,Clear,Dry,Y,,,,,Delineators,Functioning Properly,Y,2,41.8753583,-87.8035779,ok,(UNK),1,1904957,2019,,50,4,50000 and OVER,9,4295,Oak Park,C,Urban Local Road or Street,8,16,28,10569229,8,Cook,0,19,,,3,N,No,Stopped,201901298070,City,1,0,N,,,,(UNK),190942,(N/A),(UNK),No Defects,1,1,Local Road or Street,7,,X001657878,Not Toll,73,14,4,Divided With Median Barrier,3,2940152.99892,1905965.16255417,41.87535043601431,-87.8036,,Urban,1,N,(N/A),Y,(N/A)
2019,2019-08-24,Saturday,21,09:23 PM,Property Damage,No Injuries,0,0,0,0,0,2,Front to Rear,11,N,N,Failing to Reduce Speed to Avoid Crash,Following Too Closely,Darkness / Lighted Road,Clear,Dry,Y,,,,,Traffic Signal,Functioning Properly,N,2,41.8736166,-87.8041093,ok,Partial Access Control,3,03-10-12859,2019,,28,3,50000 and OVER,9,4295,Oak Park,C,Urban InterState (PAS),0,16,24,10570630,8,Cook,0,19,,,6,N,No,(UNK),201901299448,ISP,5,25.61,Y,,,,(UNK),190980,(N/A),(UNK),No Defects,1,1,InterState (PAS),1,5043,X001658909,Not Toll,73,3,4,Ramp,11,2940025.746341,1905326.46305529,41.873608717672774,-87.8041,,Urban,1,N,(N/A),Y,(N/A)
2019,2019-08-29,Thursday,16,04:10 PM,Property Damage,No Injuries,0,0,0,0,0,2,Front to Rear,11,N,N,Following Too Closely,Failing to Reduce Speed to Avoid Crash,Daylight,Clear,Dry,N,,,,,No Controls,No Controls,N,2,41.8777622,-87.804654,ok,(N/A),1,2019,,,3,28,50000 and OVER,9,4295,Oak Park,C,Urban Other Principal Arte,6,16,29,10570632,8,Cook,C,19,0,,4,X001658911,Stopped,(UNK),201901299452,Other,1,25.9,Y,,,,(UNK),191052,(N/A),(UNK),No Defects,1,1,No Median Barrier,3,5043,19-02958,Urban,73,1,1,Divided,2,2939835.80066168,1906833.13912978,41.877754401589435,-87.8046,,No,1,(N/A),N,Y,N
2019,2019-08-22,Thursday,14,02:38 PM,Property Damage,No Injuries,0,0,0,0,0,2,Sideswipe Same Direction,12,N,N,Improper Lane Usage,(N/A),Daylight,Clear,Dry,N,,,,,No Controls,No Controls,N,2,41.895889,-87.8053139,ok,(N/A),1,2019,,,20,99,50000 and OVER,9,4295,Oak Park,C,Urban Other Principal Arte,0,16,22,10567062,8,Cook,C,19,0,RESIDENT LIGHT POLE,4,X001656084,Stopped,(UNK),201901295123,Other,1,18.55,Y,,,,(UNK),191140,(N/A),(UNK),No Defects,1,1,No Median Barrier,3,348,1901212,Urban,73,1,1,Divided,2,2939474.2156865,1913433.91900472,41.895881170650945,-87.8053,,No,1,(N/A),N,Y,N
2019,2019-08-27,Tuesday,04,04:04 AM,Property Damage,No Injuries,0,0,0,0,0,1,Parked Motor Vehicle,9,N,N,Unable to Determine,(N/A),Darkness,Clear,Dry,N,,,,,No Controls,No Controls,Y,2,41.8727802,-87.7755686,ok,(N/A),1,2019,,,18,99,50000 and OVER,9,4295,Oak Park,C,Urban Local Road or Street,8,16,27,10567067,8,Cook,C,19,0,,2,X001656059,(UNK),(UNK),201901295129,Local,4,0,N,,,,(UNK),191144,(N/A),(UNK),No Defects,1,1,No Median Barrier,7,,1904933,Urban,73,1,1,Divided,2,2947807.78534778,1905237.03694901,41.87277232020066,-87.7756,,No,1,(N/A),N,Y,N
2019,2019-08-20,Tuesday,15,03:08 PM,Property Damage,No Injuries,0,0,0,0,0,2,Rear to Front,18,N,N,Equipment-Vehicle Condition,Failing to Reduce Speed to Avoid Crash,Daylight,Rain,Wet,N,,,,,Other Regualtory Sig,Functioning Properly,Y,2,41.8716103,-87.7834772,ok,Partial Access Control,3,03-19-12613,2019,,10,28,50000 and OVER,9,4295,Oak Park,C,Urban InterState (PAS),0,16,20,10572744,8,Cook,0,19,,,2,N,Yes,(UNK),201901301883,ISP,1,8.75,Y,,,,(UNK),192695,(N/A),(UNK),No Defects,1,2,InterState (PAS),1,290,X001660769,Not Toll,73,10,4,Divided With Median Barrier,3,2945665.55416523,1904750.77669836,41.87160245158901,-87.7835,,Urban,2,N,(N/A),Y,(N/A)
2019,2019-08-30,Friday,20,08:00 PM,Property Damage,No Injuries,0,0,0,0,0,2,Front to Rear,11,N,N,Following Too Closely,Failing to Reduce Speed to Avoid Crash,Darkness / Lighted Road,Clear,Dry,N,,,,,No Controls,No Controls,N,2,41.8720474,-87.8044558,ok,(N/A),1,2019,,,3,28,50000 and OVER,9,4295,Oak Park,C,Urban Other Principal Arte,0,16,30,10571882,8,Cook,C,19,0,,5,X001659917,Free Flow,(UNK),201901301060,Other,5,20.2,Y,,,,(UNK),192784,(N/A),(UNK),No Defects,1,1,No Median Barrier,3,348,19-02977,Urban,73,1,1,Divided,2,2939947.11237634,1904752.02281739,41.872039525637085,-87.8045,,No,1,(N/A),N,Y,N
2019,2019-08-30,Friday,05,05:20 AM,Property Damage,No Injuries,0,0,0,0,0,2,Turning,10,N,N,Unable to Determine,Unable to Determine,Darkness / Lighted Road,Clear,Dry,Y,,,,,Traffic Signal,Functioning Properly,N,2,41.8736416,-87.8045258,ok,(N/A),1,2019,,,18,18,50000 and OVER,9,4295,Oak Park,C,Urban InterState (PAS),6,16,30,10570939,8,Cook,C,19,0,,5,X001659217,Slow,Partial Access Control,201901299874,InterS,5,25.61,Y,,,,(UNK),193025,(N/A),(UNK),No Defects,1,1,No Median Barrier,1,5043,19-02965,Urban,73,3,4,Divided,2,2939912.06520941,1905332.46954405,41.8736337713142,-87.8045,,No,1,(N/A),N,Y,N
2019,2019-08-28,Wednesday,07,07:35 AM,Property Damage,No Injuries,0,0,0,0,0,2,Front to Rear,11,N,N,Failing to Reduce Speed to Avoid Crash,Following Too Closely,Daylight,Clear,Dry,N,,,,,Other Regualtory Sig,Functioning Properly,N,2,41.8730178,-87.7996158,ok,Partial Access Control,3,03-19-13044,2019,,28,3,50000 and OVER,9,4295,Oak Park,C,Urban InterState (PAS),0,16,28,10573226,8,Cook,0,19,,,3,N,No,(UNK),201901302343,ISP,1,21.81,Y,,,,(UNK),193454,(N/A),(UNK),No Defects,1,1,InterState (PAS),1,9290,X001661239,Not Toll,,10,4,Divided With Median Barrier,3,2941255.65312237,1905142.01709313,41.87301,-87.7996,,Urban,1,N,(N/A),Y,(N/A)
2019,2019-09-02,Monday,14,02:35 PM,Property Damage,No Injuries,0,0,0,0,0,2,Fixed Object,6,N,N,Failing to Reduce Speed to Avoid Crash,Operating Vehicle In Reckless Manner,Daylight,Clear,Dry,N,,,,,No Controls,No Controls,N,1,41.8713239,-87.7760365,ok,Partial Access Control,3,03-19-13330,2019,,28,50,50000 and OVER,9,4295,Oak Park,C,Urban InterState (PAS),0,16,2,10574206,9,Cook,0,19,,,1,N,No,(UNK),201901303278,ISP,1,321.33,Y,,,,(UNK),193986,(N/A),(UNK),No Defects,1,1,InterState (PAS),1,5110,X001662183,Not Toll,73,1,1,Divided With Median Barrier,3,2947695.11633441,1904702.81248749,41.87131610315717,-87.776,,Urban,1,N,(N/A),Y,(N/A)
2019,2019-09-01,Sunday,13,01:45 PM,Property Damage,No Injuries,0,0,0,0,0,2,Front to Rear,11,N,N,Following Too Closely,Failing to Reduce Speed to Avoid Crash,Daylight,Clear,Dry,N,,,,,Other Regualtory Sig,Functioning Properly,N,2,41.8736209,-87.8027456,ok,Partial Access Control,3,03-19-13331,2019,,3,28,50000 and OVER,9,4295,Oak Park,C,Urban InterState (PAS),0,16,1,10574230,9,Cook,0,19,,,7,N,No,(UNK),201901303329,ISP,1,21.66,Y,,,,(UNK),194140,(N/A),(UNK),No Defects,1,1,InterState (PAS),1,9290,X001662207,Not Toll,73,10,4,Divided With Median Barrier,3,2940397.13124525,1905338.27700443,41.87361305914096,-87.8027,,Urban,1,N,(N/A),Y,(N/A)
2019,2019-08-26,Monday,07,07:45 AM,Property Damage,No Injuries,0,0,0,0,0,2,Sideswipe Same Direction,12,N,N,Improper Overtaking/Passing,Improper Lane Usage,Daylight,Rain,Wet,N,,,,,Traffic Signal,Functioning Properly,N,2,41.8883443,-87.7846963,ok,(UNK),1,1904978,2019,,4,20,50000 and OVER,9,4295,Oak Park,C,Urban Major Collector,8,16,26,10575685,8,Cook,0,19,,,1,N,No,Stopped,201901305434,City,1,0,N,,,,(UNK),194219,(N/A),(UNK),No Defects,1,2,Major Collector,5,,X001663430,Not Toll,73,3,4,Not Divided,1,2945164.1561527,1910839.73257115,41.888336442699256,-87.7847,,Urban,2,N,(N/A),Y,(N/A)
2019,2019-08-24,Saturday,16,04:30 PM,Injury,B Injury Crash,1,0,0,1,0,1,Pedalcyclist,2,N,Y,Failing to Yield Right of Way,(N/A),Daylight,Clear,Dry,Y,,,,,Stop Sign,Functioning Properly,N,1,41.8997564,-87.7923747,ok,(UNK),1,1904954,2019,,2,99,50000 and OVER,9,4295,Oak Park,C,Urban Local Road or Street,8,16,24,10574679,8,Cook,2,19,,,6,N,No,Free Flow,201901303910,City,1,0,N,,,,(UNK),194354,(N/A),(UNK),No Defects,1,1,Local Road or Street,7,,X001662511,Not Toll,73,2,4,Not Divided,1,2942958.15195923,1914940.56291887,41.89974859833877,-87.7924,,Urban,1,N,(N/A),Y,(N/A)
2019,2019-08-31,Saturday,22,10:00 PM,Property Damage,No Injuries,0,0,0,0,0,3,Front to Rear,11,N,N,Following Too Closely,Failing to Reduce Speed to Avoid Crash,Darkness / Lighted Road,Clear,Wet,N,,,,,Traffic Signal,Functioning Properly,N,3,41.8711445,-87.7746534,ok,Partial Access Control,3,03-19-13250,2019,,3,28,50000 and OVER,9,4295,Oak Park,C,Urban InterState (PAS),8,16,31,10573773,8,Cook,0,19,,,6,N,No,(UNK),201901302872,ISP,5,0,Y,,,,(UNK),194400,(N/A),(UNK),No Defects,1,2,InterState (PAS),1,,X001661768,Not Toll,73,3,4,Ramp,11,2948073.68938229,1904647.91101377,41.87113663118533,-87.7746,,Urban,1,N,(N/A),Y,(N/A)
2019,2019-08-28,Wednesday,19,07:39 PM,Property Damage,No Injuries,0,0,0,0,0,3,Angle,15,N,N,Failing to Reduce Speed to Avoid Crash,Unable to Determine,Dusk,Clear,Dry,Y,,,,,Traffic Signal,Functioning Properly,Y,2,41.8942278,-87.8052262,ok,(UNK),1,1904979,2019,,28,18,50000 and OVER,9,4295,Oak Park,C,Urban Other Principal Arte,0,16,28,10574732,8,Cook,0,19,,,3,N,No,Free Flow,201901303988,City,3,27.03,Y,,,,(UNK),194555,(N/A),(UNK),No Defects,1,1,Other Principal Arterial (PAS),3,5043,X001659619,Not Toll,73,3,4,Not Divided,1,2939514.74133835,1912829.21505286,41.8942200026204,-87.8052,,Urban,1,N,(N/A),Y,(N/A)
2019,2019-08-28,Wednesday,20,08:07 PM,Property Damage,No Injuries,0,0,0,0,0,3,Angle,15,N,N,Failing to Reduce Speed to Avoid Crash,Unable to Determine,Darkness / Lighted Road,Clear,Dry,N,,,,,Traffic Signal,Functioning Properly,N,2,41.8942278,-87.8050283,ok,(UNK),1,1904981,2019,,28,18,50000 and OVER,9,4295,Oak Park,C,Urban Minor Arterial,0,16,28,10574733,8,Cook,0,19,,,3,N,No,Slow,201901303989,City,5,2.56,N,,,,(UNK),194556,(N/A),(UNK),No Defects,1,1,Minor Arterial,4,1398,X001659647,Not Toll,73,3,4,Not Divided,1,2939568.63115738,1912830.69842916,41.894220000790625,-87.805,,Urban,1,N,(N/A),Y,(N/A)
2019,2019-08-28,Wednesday,12,12:10 PM,Property Damage,No Injuries,0,0,0,0,0,2,Sideswipe Opposite Direction,13,N,N,Driving On Wrong Side/Wrong Way,Unable to Determine,Daylight,Clear,Dry,N,,,,,Other Regualtory Sig,Functioning Properly,Y,2,41.887217,-87.7987822,ok,(UNK),1,1904962,2019,,5,18,50000 and OVER,9,4295,Oak Park,C,Urban Local Road or Street,0,16,28,10574740,8,Cook,0,19,,,3,N,No,Slow,201901303996,City,1,0.09,N,,,,(UNK),194558,(N/A),(UNK),No Defects,1,1,Local Road or Street,7,3005,X001658594,Not Toll,73,10,4,One-Way,10,2941339.85665924,1910322.71731379,41.88720916716613,-87.7988,,Urban,1,N,(N/A),Y,(N/A)
2019,2019-08-27,Tuesday,16,04:05 PM,Injury,B Injury Crash,1,0,0,1,0,1,Pedestrian,1,Y,N,Failing to Yield Right of Way,Vision Obscured,Daylight,Clear,Dry,Y,,,,,Traffic Signal,Functioning Properly,N,1,41.8884678,-87.7895924,ok,(UNK),1,1904941,2019,,2,14,50000 and OVER,9,4295,Oak Park,C,Urban Major Collector,8,16,27,10574741,8,Cook,2,19,,,2,N,No,Free Flow,201901303997,City,1,0,N,,,,(UNK),194559,(N/A),(UNK),No Defects,1,1,Major Collector,5,,X001658619,Not Toll,73,3,4,Two-way Continuous Left-Tur,4,2943829.67646652,1910847.73819681,41.88845991733072,-87.7896,,Urban,1,N,(N/A),Y,(N/A)
2019,2019-08-27,Tuesday,15,03:10 PM,Property Damage,No Injuries,0,0,0,0,0,2,Front to Rear,11,N,N,Failing to Reduce Speed to Avoid Crash,(N/A),Daylight,Clear,Dry,Y,,,,,Traffic Signal,Functioning Properly,N,2,41.8942278,-87.8052258,ok,(N/A),1,2019,,,28,99,50000 and OVER,9,4295,Oak Park,C,Urban Other Principal Arte,6,16,27,10574742,8,Cook,C,19,0,,2,X001658624,Stopped,(UNK),201901303998,Other,1,27.03,Y,,,,(UNK),194620,(N/A),(UNK),No Defects,1,1,No Median Barrier,3,5043,1904969,Urban,73,3,4,Divided,2,2939514.862401,1912829.2173956,41.89421999990305,-87.8052,,No,1,(N/A),N,Y,N
2019,2019-08-28,Wednesday,18,06:41 PM,Property Damage,No Injuries,0,0,0,0,0,2,Turning,10,N,N,Improper Overtaking/Passing,Unable to Determine,Daylight,Clear,Dry,Y,,,,,No Controls,No Controls,N,2,41.8881813,-87.7810656,ok,(UNK),1,1904976,2019,,4,18,50000 and OVER,9,4295,Oak Park,C,Urban Major Collector,0,16,28,10574753,8,Cook,0,19,,,3,N,No,Slow,201901304006,City,1,1.03,N,,,,(UNK),194622,(N/A),(UNK),No Defects,1,1,Major Collector,5,1405,X001659103,Not Toll,73,1,1,Not Divided,1,2946154.47291404,1910807.81242269,41.88817344332565,-87.7811,,Urban,1,N,(N/A),Y,(N/A)
2019,2019-08-29,Thursday,10,10:58 AM,Property Damage,No Injuries,0,0,0,0,0,2,Turning,10,N,N,Improper Turning/No Signal,Failing to Yield Right of Way,Daylight,Clear,Dry,N,,,,,No Controls,No Controls,N,2,41.9090774,-87.7914668,ok,(N/A),1,2019,,,6,2,50000 and OVER,9,4295,Oak Park,C,Urban Other Principal Arte,6,16,29,10574755,8,Cook,C,19,0,,4,X001659105,Free Flow,(UNK),201901304007,Other,1,129.91,Y,,,,(UNK),194623,(N/A),(UNK),No Defects,1,1,No Median Barrier,3,5064,1904989,Urban,73,1,1,Divided,2,2943111.24620802,1918344.15192008,41.90906956198862,-87.7915,,No,1,(N/A),N,Y,N
2019,2019-09-02,Monday,23,11:26 PM,Property Damage,No Injuries,0,0,0,0,0,2,Turning,10,N,N,Driving Skills/Knowledge/Experience,Improper Lane Usage,Darkness / Lighted Road,Clear,Dry,Y,,,,,Traffic Signal,Functioning Properly,Y,2,41.8736416,-87.8045258,ok,Partial Access Control,1,19-03013,2019,,15,20,50000 and OVER,9,4295,Oak Park,C,Urban InterState (PAS),6,16,2,10574793,9,Cook,0,19,,,1,N,No,Free Flow,201901304055,City,5,25.61,Y,,,,(UNK),194744,(N/A),(UNK),No Defects,1,1,InterState (PAS),1,5043,X001662660,Not Toll,73,3,4,Divided With Median Barrier,3,2939912.062394,1905332.46992192,41.873633772562904,-87.8045,,Urban,1,N,(N/A),Y,(N/A)
2019,2019-08-29,Thursday,20,08:27 PM,Property Damage,No Injuries,0,0,0,0,0,1,Parked Motor Vehicle,9,N,N,Unable to Determine,(N/A),Unknown,Clear,Dry,N,,,,,No Controls,No Controls,Y,2,41.8832695,-87.8022313,ok,(UNK),1,1905003,2019,,18,99,50000 and OVER,9,4295,Oak Park,C,Urban Local Road or Street,0,16,29,10574804,8,Cook,0,19,,,4,N,No,(UNK),201901307019,City,9,0.13,N,,,,(UNK),194764,(N/A),(UNK),No Defects,1,1,Local Road or Street,7,3015,X001659699,Not Toll,73,1,1,Not Divided,1,2940440.30593109,1908858.26805114,41.883261677453966,-87.8022,,Urban,1,N,(N/A),Y,(N/A)
2019,2019-08-29,Thursday,21,09:20 PM,Property Damage,No Injuries,0,0,0,0,0,1,Parked Motor Vehicle,9,N,N,Unable to Determine,(N/A),Unknown,Unknown,Unknown,N,,,,,No Controls,No Controls,Y,2,41.8832696,-87.8022292,ok,(UNK),1,1905004,2019,,18,99,50000 and OVER,9,4295,Oak Park,C,Urban Local Road or Street,0,16,29,10574805,8,Cook,0,19,,,4,N,No,(UNK),201901304069,City,9,0.13,N,,,,(UNK),194765,(N/A),(UNK),No Defects,1,9,Local Road or Street,7,3015,X001659702,Not Toll,73,1,1,Not Divided,1,2940440.85747919,1908858.30226756,41.883261729585755,-87.8022,,Urban,9,N,(N/A),Y,(N/A)
2019,2019-08-29,Thursday,22,10:57 PM,Property Damage,No Injuries,0,0,0,0,0,2,Front to Rear,11,N,N,Following Too Closely,Failing to Reduce Speed to Avoid Crash,Darkness / Lighted Road,Clear,Dry,N,,,,,No Controls,No Controls,N,2,41.8730178,-87.7996158,ok,Partial Access Control,3,03-19-13137,2019,,3,28,50000 and OVER,9,4295,Oak Park,C,Urban InterState (PAS),0,16,29,10574365,8,Cook,0,19,,,4,N,Yes,(UNK),201901303492,ISP,5,21.81,Y,,,,(UNK),194822,(N/A),(UNK),No Defects,1,1,InterState (PAS),1,9290,X001662339,Not Toll,,1,1,Divided With Median Barrier,3,2941255.65312237,1905142.01709313,41.87301,-87.7996,,Urban,1,N,(N/A),Y,(N/A)
2019,2019-09-03,Tuesday,10,10:13 AM,Property Damage,No Injuries,0,0,0,0,0,2,Sideswipe Same Direction,12,N,N,Improper Lane Usage,Failing to Reduce Speed to Avoid Crash,Daylight,Clear,Dry,N,,,,,No Controls,No Controls,N,2,41.8892554,-87.8050569,ok,(N/A),1,2019,,,20,28,50000 and OVER,9,4295,Oak Park,C,Urban Other Principal Arte,0,16,3,10576276,9,Cook,C,19,0,,2,X001663931,(UNK),(UNK),201901306134,Other,1,19.01,Y,,,,(UNK),195055,(N/A),(UNK),No Defects,1,1,No Median Barrier,3,348,1901261,Urban,73,1,1,Divided,2,2939610.75280833,1911018.41813289,41.88924751617786,-87.8051,,No,1,(N/A),N,Y,N
2019,2019-09-03,Tuesday,07,07:56 AM,Property Damage,No Injuries,0,0,0,0,0,3,Rear to Side,16,N,N,Improper Backing,(N/A),Daylight,Rain,Wet,N,,,,,No Controls,No Controls,N,2,41.8885936,-87.7971539,ok,(UNK),1,1905095,2019,,30,99,50000 and OVER,9,4295,Oak Park,C,Urban Local Road or Street,0,16,3,10576285,9,Cook,0,19,,,2,N,No,Free Flow,201901306142,City,1,0.01,N,,,,(UNK),195065,(N/A),(UNK),No Defects,1,2,Local Road or Street,7,2690,X001663925,Not Toll,73,1,1,Not Divided,1,2941769.40819822,1910836.60156412,41.88858571027841,-87.7971,,Urban,2,N,(N/A),Y,(N/A)
2019,2019-09-01,Sunday,13,01:37 PM,Property Damage,No Injuries,0,0,0,0,0,2,Angle,15,N,N,Failing to Yield Right of Way,Driving Skills/Knowledge/Experience,Daylight,Cloudy/Overcast,Dry,Y,,,,,Stop Sign,Functioning Properly,N,2,41.8852158,-87.7846038,ok,(UNK),1,1905066,2019,,2,15,50000 and OVER,9,4295,Oak Park,C,Urban Major Collector,8,16,1,10576297,9,Cook,0,19,,,7,N,No,Free Flow,201901306162,City,1,0,N,,,,(UNK),195069,(N/A),(UNK),No Defects,1,1,Major Collector,5,,X001663921,Not Toll,73,2,4,Not Divided,1,2945221.00742327,1909700.35325279,41.88520795881667,-87.7846,,Urban,8,N,(N/A),Y,(N/A)
2019,2019-09-01,Sunday,11,11:52 AM,Property Damage,No Injuries,0,0,0,0,0,3,Front to Rear,11,N,N,Following Too Closely,(N/A),Daylight,Clear,Dry,N,,,,,Traffic Signal,Functioning Properly,N,2,41.8739198,-87.8045327,ok,(UNK),1,19-02992,2019,,3,99,50000 and OVER,9,4295,Oak Park,C,Urban Other Principal Arte,0,16,1,10573581,9,Cook,0,19,,,7,N,No,Free Flow,201901302686,City,1,20.07,Y,,,,(UNK),195070,(N/A),(UNK),No Defects,1,1,Other Principal Arterial (PAS),3,348,X001661582,Not Toll,73,3,4,Divided With Median Barrier,3,2939907.40066679,1905433.77865553,41.873911915597766,-87.8045,,Urban,1,N,(N/A),Y,(N/A)
2019,2019-08-30,Friday,18,06:29 PM,Property Damage,No Injuries,0,0,0,0,0,2,Turning,10,N,N,Improper Overtaking/Passing,Failing to Yield Right of Way,Daylight,Clear,Dry,Y,,,,,Stop Sign,Functioning Properly,N,2,41.8671349,-87.7840157,ok,(UNK),1,1905031,2019,,4,2,50000 and OVER,9,4295,Oak Park,C,Urban Major Collector,8,16,30,10576300,8,Cook,0,19,,,5,N,No,Stopped,201901306166,City,1,0,N,,,,(UNK),195076,(N/A),(UNK),No Defects,1,1,Major Collector,5,,X001663496,Not Toll,73,2,4,Four Way,14,2945564.16880878,1903115.7824858,41.86712704203875,-87.784,,Urban,1,N,(N/A),Y,(N/A)
2019,2019-08-31,Saturday,04,04:41 AM,Property Damage,No Injuries,0,0,0,0,0,1,Parked Motor Vehicle,9,N,N,Improper Lane Usage,Failing to Reduce Speed to Avoid Crash,Darkness / Lighted Road,Clear,Dry,N,,,,,No Controls,No Controls,N,2,41.8816345,-87.7895946,ok,(N/A),1,2019,,,20,28,50000 and OVER,9,4295,Oak Park,C,Urban Major Collector,0,16,31,10576301,8,Cook,C,19,0,,6,X001663531,Free Flow,(UNK),201901306167,Major,5,0.78,N,,,,(UNK),195077,(N/A),(UNK),No Defects,1,1,No Median Barrier,5,5,1905038,Urban,73,1,1,Divided,2,2943898.10638783,1908357.55635585,41.88162666363297,-87.7896,,No,1,(N/A),N,Y,N
2019,2019-08-30,Friday,10,10:45 AM,Property Damage,No Injuries,0,0,0,0,0,1,Parked Motor Vehicle,9,N,N,Improper Lane Usage,(N/A),Daylight,Clear,Dry,N,,,,,No Controls,No Controls,N,2,41.8911017,-87.7945798,ok,(UNK),1,1905047,2019,,20,99,50000 and OVER,9,4295,Oak Park,C,Urban Major Collector,0,16,30,10576305,8,Cook,0,19,,,5,N,No,Slow,201901306171,City,1,5.36,N,,,,(UNK),195079,(N/A),(UNK),No Defects,1,1,Major Collector,5,2775,X001663916,Not Toll,73,1,1,Not Divided,1,2942445.05536779,1911769.98577022,41.89109383544756,-87.7946,,Urban,1,N,(N/A),Y,(N/A)
2019,2019-08-31,Saturday,20,08:35 PM,Property Damage,No Injuries,0,0,0,0,0,1,Fixed Object,6,N,N,Unable to Determine,(N/A),Darkness,Rain,Wet,N,,,,,No Controls,No Controls,Y,1,41.874193,-87.7793336,ok,(UNK),1,1905057,2019,,18,99,50000 and OVER,9,4295,Oak Park,C,Urban Minor Collector,0,16,31,10576318,8,Cook,0,19,GARAGE,,6,N,No,(UNK),201901306177,City,4,0.96,N,,,,(UNK),195081,(N/A),(UNK),No Defects,1,2,Minor Collector,6,3794,X001663918,Not Toll,73,1,1,Alley,12,2946767.9822919,1905723.33272107,41.87418513360033,-87.7793,,Urban,2,N,(N/A),Y,(N/A)
2019,2019-09-02,Monday,13,01:54 PM,Property Damage,No Injuries,0,0,0,0,0,1,Parked Motor Vehicle,9,N,N,Improper Lane Usage,Failing to Reduce Speed to Avoid Crash,Unknown,Unknown,Unknown,N,,,,,No Controls,No Controls,Y,2,41.8896311,-87.7765853,ok,(UNK),1,1905080,2019,,20,28,50000 and OVER,9,4295,Oak Park,C,Urban Local Road or Street,0,16,2,10576319,9,Cook,0,19,,,1,N,No,(UNK),201901306178,City,9,0.53,N,,,,(UNK),195115,(N/A),(UNK),No Defects,1,9,Local Road or Street,7,2603,X001663923,Not Toll,73,1,1,One-Way,10,2947359.75486637,1911370.10760819,41.88962322230084,-87.7766,,Urban,9,N,(N/A),Y,(N/A)
2019,2019-09-03,Tuesday,07,07:22 AM,Property Damage,No Injuries,0,0,0,0,0,2,Front to Rear,11,N,N,Improper Lane Usage,Improper Overtaking/Passing,Daylight,Rain,Wet,Y,,,,,Traffic Signal,Functioning Properly,Y,2,41.8736416,-87.8045258,ok,Partial Access Control,1,19-03014,2019,,20,4,50000 and OVER,9,4295,Oak Park,C,Urban InterState (PAS),6,16,3,10575937,9,Cook,0,19,,,2,N,No,Stopped,201901305731,City,1,25.61,Y,,,,(UNK),195265,(N/A),(UNK),No Defects,1,2,InterState (PAS),1,5043,X001663681,Not Toll,73,3,4,Divided With Median Barrier,3,2939912.062394,1905332.46992192,41.873633772562904,-87.8045,,Urban,2,N,(N/A),Y,(N/A)