crash_year,crash_date,day_of_week,crash_hour,time_of_crash,crash_severity,crash_injury_severity,total_injured,total_fatals,a_injuries,b_injuries,c_injuries,no_injuries,type_of_first_crash,collision_type_code,pedestrian_involved,pedalcyclist_involved,cause1,cause2,lighting_cond,weather_cond,road_surface_cond,intersection_related,is_intersection,highway_or_street_name,at_intersection_with,address_no,traffic_control_device,traffic_control_device_cond,hit_and_run,number_of_vehicles,latitude,longitude,location_status,access_control,agency_code,agency_report_number,agency_report_year,alignment_code,cause1_code,cause2_code,city_class,city_class_code,city_code,city_name,city_township_flag,class_of_trafficway,class_of_trafficway_code,county_code,crash_day,crash_id,crash_month,crash_report_county,crash_severity_cd,crash_yr_source,damaged_property1,damaged_property2,day_of_week_code,did_crash_occur_in_work_zone,did_involve_secondary_crash,flow_condition,icn,investigating_agency_descrip,light_condition_code,mile_station,nhs,non_intersection_direction,non_intersection_distance,non_intersection_units,number_of_lanes,objectid,railroad_crossing_number,road_alignment,road_defects,road_defects_code,road_surface_condition_code,roadway_functional_class,roadway_functional_class_code,route_number,sfe,toll,township,traffic_control_device_code,traffic_control_device_cond_code,trafficway_descrip,trafficway_description_code,ts_crash_coordinate_x,ts_crash_coordinate_y,ts_crash_latitude,ts_crash_longitude,type_report,urban_rural,weather_code,were_workers_present,work_zone,work_zone_related,work_zone_type
2019,2019-09-03,Tuesday,23,11:30 PM,Property Damage,No Injuries,0,0,0,0,0,3,Front to Rear,11,N,N,Failing to Reduce Speed to Avoid Crash,Following Too Closely,Darkness / Lighted Road,Clear,Dry,N,,,,,Other Warning Sign,Functioning Properly,Y,2,41.8709518,-87.7747268,ok,Partial Access Control,3,03-19-13402,2019,,28,3,50000 and OVER,9,4295,Oak Park,C,Urban InterState (PAS),0,16,3,10576049,9,Cook,0,19,,,2,N,No,(UNK),201901305861,ISP,5,23.07,Y,,,,(UNK),195839,(N/A),(UNK),No Defects,1,1,InterState (PAS),1,9290,X001663792,Not Toll,,11,4,Divided With Median Barrier,3,2948055.64345287,1904577.15528497,41.870944,-87.7747,,Urban,1,N,(N/A),Y,(N/A)
2019,2019-09-04,Wednesday,19,07:01 PM,Injury,B Injury Crash,1,0,0,1,0,1,Angle,15,N,N,Failing to Yield Right of Way,Physical Condition of Driver,Darkness / Lighted Road,Clear,Dry,Y,,,,,Stop Sign,Functioning Properly,N,2,41.8869038,-87.792779,ok,(UNK),1,1905133,2019,,2,17,50000 and OVER,9,4295,Oak Park,C,Urban Local Road or Street,8,16,4,10578865,9,Cook,2,19,,,3,N,No,Slow,201901309306,City,5,0,N,,,,(UNK),196774,(N/A),(UNK),No Defects,1,1,Local Road or Street,7,,X001666245,Not Toll,73,2,4,Not Divided,1,2942977.73998967,1910253.75736368,41.88689592869698,-87.7928,,Urban,1,N,(N/A),Y,(N/A)
2019,2019-09-04,Wednesday,11,11:23 AM,Property Damage,No Injuries,0,0,0,0,0,1,Fixed Object,6,N,N,Physical Condition of Driver,(N/A),Daylight,Clear,Dry,N,,,,,No Controls,No Controls,N,1,41.8689443,-87.7828048,ok,(UNK),1,1905125,2019,,17,99,50000 and OVER,9,4295,Oak Park,C,Urban Local Road or Street,0,16,4,10578868,9,Cook,0,19,TREE ON PARKWAY,,3,N,No,Free Flow,201901309310,City,1,0.12,N,,,,(UNK),196777,(N/A),(UNK),No Defects,1,1,Local Road or Street,7,2635,X001666251,Not Toll,73,1,1,Not Divided,1,2945875.69291173,1903784.33433772,41.86893647397106,-87.7828,,Urban,1,N,(N/A),Y,(N/A)
2019,2019-09-04,Wednesday,17,05:38 PM,Property Damage,No Injuries,0,0,0,0,0,2,Sideswipe Same Direction,12,N,N,Improper Lane Usage,Improper Overtaking/Passing,Daylight,Clear,Dry,N,,,,,Other,Functioning Properly,Y,2,41.8723327,-87.7887283,ok,Partial Access Control,3,03-19-13444,2019,,20,4,50000 and OVER,9,4295,Oak Park,C,Urban InterState (PAS),0,16,4,10577407,9,Cook,0,19,,,3,N,No,(UNK),201901307523,ISP,1,320.68,Y,,,,(UNK),196865,(N/A),(UNK),No Defects,1,1,InterState (PAS),1,5110,X001665057,Not Toll,73,13,4,Divided With Median Barrier,3,2944227.97860963,1904974.36096257,41.87232489696391,-87.7887,,Urban,1,N,(N/A),Y,(N/A)
2019,2019-09-04,Wednesday,19,07:23 PM,Property Damage,No Injuries,0,0,0,0,0,3,Front to Rear,11,N,N,Failing to Reduce Speed to Avoid Crash,Following Too Closely,Dusk,Clear,Dry,N,,,,,Other,Functioning Properly,N,3,41.8737874,-87.8045296,ok,(UNK),3,03-19-13454,2019,,28,3,50000 and OVER,9,4295,Oak Park,C,Urban (UNK),0,16,4,10577413,9,Cook,0,19,,,3,N,No,(UNK),201901307529,ISP,3,21.58,N,,,,(UNK),196890,(N/A),(UNK),No Defects,1,1,(UNK),0,9290,X001665062,No Toll,73,13,4,Divided With Median Barrier,3,2939909.55876438,1905385.54994361,41.873779508331786,-87.8045,,Urban,1,N,(N/A),Y,(N/A)
2019,2019-08-31,Saturday,10,10:49 AM,Property Damage,No Injuries,0,0,0,0,0,1,Fixed Object,6,N,N,Driving Skills/Knowledge/Experience,Unable to Determine,Daylight,Clear,Dry,N,,,,,Traffic Signal,Functioning Properly,N,1,41.8871852,-87.7944673,ok,(UNK),1,1905042,2019,,15,18,50000 and OVER,9,4295,Oak Park,C,Urban Major Collector,0,16,31,10576701,8,Cook,0,19,VIADUCT,,6,N,No,Free Flow,201901306772,City,1,5.63,N,,,,(UNK),196901,(N/A),(UNK),No Defects,1,1,Major Collector,5,2775,X001664281,Not Toll,73,3,4,Other,8,2942515.15333293,1910343.59507867,41.88717735900148,-87.7945,,Urban,1,N,(N/A),Y,(N/A)
2019,2019-09-05,Thursday,15,03:25 PM,Injury,C Injury Crash,1,0,0,0,1,2,Sideswipe Same Direction,12,N,N,Improper Overtaking/Passing,Unable to Determine,Daylight,Clear,Dry,N,,,,,No Controls,No Controls,Y,2,41.8733048,-87.8045106,ok,(UNK),1,19-3042,2019,,4,18,50000 and OVER,9,4295,Oak Park,C,Urban Other Principal Arte,0,16,5,10578405,9,Cook,1,19,,,4,N,No,Slow,201901308863,City,1,20.11,Y,,,,(UNK),196980,(N/A),(UNK),No Defects,1,1,Other Principal Arterial (PAS),3,348,X001665938,Not Toll,73,1,1,Not Divided,1,2939919.56913553,1905209.83870829,41.87329694794221,-87.8045,,Urban,1,N,(N/A),Y,(N/A)
2019,2019-08-31,Saturday,22,10:16 PM,Property Damage,No Injuries,0,0,0,0,0,4,Other Object,7,N,N,Failing to Reduce Speed to Avoid Crash,Improper Turning/No Signal,Darkness / Lighted Road,Rain,Wet,Y,,,,,Traffic Signal,Functioning Properly,N,1,41.8884678,-87.7895926,ok,(N/A),1,2019,,,28,6,50000 and OVER,9,4295,Oak Park,C,Urban Major Collector,8,16,31,10576702,8,Cook,C,19,0,TRAFFIC SIGNAL POLE,6,X001664360,Free Flow,(UNK),201901306773,Major,5,0,N,,,,(UNK),197012,(N/A),(UNK),No Defects,1,2,No Median Barrier,5,,1905059,Urban,73,3,4,Divided,2,2943829.62130842,1910847.73846763,41.88845992226526,-87.7896,,No,2,(N/A),N,Y,N
2019,2019-09-03,Tuesday,15,03:45 PM,Property Damage,No Injuries,0,0,0,0,0,1,Parked Motor Vehicle,9,N,N,Failing to Reduce Speed to Avoid Crash,Unable to Determine,Daylight,Clear,Dry,N,,,,,Traffic Signal,Functioning Properly,Y,4,41.8947174,-87.7751891,ok,(N/A),1,2019,,,28,18,50000 and OVER,9,4295,Oak Park,C,Urban Minor Arterial,8,16,3,10577586,9,Cook,C,19,0,,2,X001665133,Slow,(UNK),201901307708,Minor,1,0,N,,,,(UNK),197711,(N/A),(UNK),No Defects,1,1,No Median Barrier,4,,1905106,Urban,73,3,4,Divided,2,2947688.25184786,1913234.27359117,41.894709578133394,-87.7752,,No,1,(N/A),N,Y,N
2019,2019-09-04,Wednesday,08,08:01 AM,Property Damage,No Injuries,0,0,0,0,0,2,Turning,10,N,N,Improper Turning/No Signal,Failing to Reduce Speed to Avoid Crash,Daylight,Clear,Dry,Y,,,,,Stop Sign,Functioning Properly,N,2,41.8946278,-87.7799867,ok,(UNK),1,1905122,2019,,6,28,50000 and OVER,9,4295,Oak Park,C,Urban Minor Arterial,8,16,4,10577590,9,Cook,0,19,,,3,N,No,Slow,201901307712,City,1,0,N,,,,(UNK),197712,(N/A),(UNK),No Defects,1,1,Minor Arterial,4,,X001665137,Not Toll,73,2,4,Not Divided,1,2946382.87450695,1913165.23397068,41.8946199941396,-87.78,,Urban,1,N,(N/A),Y,(N/A)
2019,2019-09-03,Tuesday,13,01:00 PM,Property Damage,No Injuries,0,0,0,0,0,2,Turning,10,N,N,Improper Turning/No Signal,Unable to Determine,Daylight,Cloudy/Overcast,Dry,N,,,,,No Controls,No Controls,Y,2,41.9089373,-87.7990861,ok,(UNK),1,1905103,2019,,6,18,50000 and OVER,9,4295,Oak Park,C,Urban Other Principal Arte,0,16,3,10577593,9,Cook,0,19,,,2,N,No,Slow,201901307715,City,1,6.27,Y,,,,(UNK),197713,(N/A),(UNK),No Defects,1,1,Other Principal Arterial (PAS),3,307,X001665140,Not Toll,73,1,1,Not Divided,1,2941038.55337456,1918235.71587616,41.90892943976415,-87.7991,,Urban,8,N,(N/A),Y,(N/A)
2019,2019-09-05,Thursday,04,04:40 AM,Property Damage,No Injuries,0,0,0,0,0,2,Sideswipe Opposite Direction,13,N,N,Driving On Wrong Side/Wrong Way,Failing to Yield Right of Way,Darkness / Lighted Road,Clear,Dry,N,,,,,No Controls,No Controls,Y,2,41.8883971,-87.7846984,ok,(N/A),1,2019,,,5,2,50000 and OVER,9,4295,Oak Park,C,Urban Major Collector,0,16,5,10577594,9,Cook,C,19,0,,4,X001665141,Free Flow,(UNK),201901307716,Major,5,0.93,N,,,,(UNK),197714,(N/A),(UNK),No Defects,1,1,No Median Barrier,5,2783,1905138,Urban,73,1,1,Divided,2,2945163.05037819,1910858.97698761,41.888389294686846,-87.7847,,No,1,(N/A),N,Y,N
2019,2019-09-01,Sunday,14,02:50 PM,Property Damage,No Injuries,0,0,0,0,0,2,Front to Rear,11,N,N,Failing to Reduce Speed to Avoid Crash,Following Too Closely,Daylight,Clear,Dry,N,,,,,No Controls,No Controls,Y,2,41.8737172,-87.8039086,ok,Partial Access Control,3,03-19-13296,2019,,28,3,50000 and OVER,9,4295,Oak Park,C,Urban InterState (PAS),0,16,1,10579151,9,Cook,0,19,,,7,N,No,(UNK),201901309383,ISP,1,319.94,Y,,,,(UNK),197957,(N/A),(UNK),No Defects,1,1,InterState (PAS),1,5110,X001666325,Not Toll,73,1,1,Divided With Median Barrier,3,2940079.4165786,1905364.651321,41.87370937781069,-87.8039,,Urban,1,N,(N/A),Y,(N/A)
2019,2019-09-06,Friday,15,03:23 PM,Property Damage,No Injuries,0,0,0,0,0,2,Front to Rear,11,N,N,Following Too Closely,Failing to Reduce Speed to Avoid Crash,Daylight,Clear,Dry,N,,,,,Other Regualtory Sig,Functioning Properly,N,2,41.8722862,-87.7882171,ok,Partial Access Control,3,03-19-13551,2019,,3,28,50000 and OVER,9,4295,Oak Park,C,Urban InterState (PAS),0,16,6,10582425,9,Cook,0,19,,,5,N,No,(UNK),201901312942,ISP,1,320.71,Y,,,,(UNK),198982,(N/A),(UNK),No Defects,1,1,InterState (PAS),1,5110,X001667695,Not Toll,73,10,4,Divided With Median Barrier,3,2944367.69371715,1904961.26962146,41.872278380696976,-87.7882,,Urban,1,N,(N/A),Y,(N/A)
2019,2019-09-06,Friday,00,00:19 AM,Injury,B Injury Crash,1,0,0,1,0,4,Angle,15,N,N,Disregarding Traffic Signals,Failing to Reduce Speed to Avoid Crash,Darkness / Lighted Road,Clear,Dry,Y,,,,,Traffic Signal,Functioning Properly,N,2,41.8761173,-87.7941059,ok,(UNK),1,1905158,2019,,25,28,50000 and OVER,9,4295,Oak Park,C,Urban Major Collector,8,16,6,10581164,9,Cook,2,19,BRICK WALL AT 701 S OAK PARK A,,5,N,Yes,(UNK),201901311627,City,5,0,N,,,,(UNK),199035,(N/A),(UNK),No Defects,1,1,Major Collector,5,,X001666381,Not Toll,73,3,4,Not Divided,1,2942725.14905657,1906312.98000088,41.87610948314918,-87.7941,,Urban,1,N,(N/A),Y,(N/A)
2019,2019-09-04,Wednesday,13,01:00 PM,Property Damage,No Injuries,0,0,0,0,0,1,Parked Motor Vehicle,9,N,N,Unable to Determine,(N/A),Daylight,Cloudy/Overcast,Dry,N,,,,,No Controls,No Controls,Y,2,41.905319,-87.7994866,ok,(UNK),1,1905145,2019,,18,99,50000 and OVER,9,4295,Oak Park,C,Urban Local Road or Street,8,16,4,10581557,9,Cook,0,19,,,3,N,No,Free Flow,201901312041,City,1,0,N,,,,(UNK),199366,(N/A),(UNK),No Defects,1,1,Local Road or Street,7,,X001666405,Not Toll,73,1,1,Not Divided,1,2940965.94542678,1916914.13230478,41.9053111571069,-87.7995,,Urban,8,N,(N/A),Y,(N/A)
2019,2019-09-07,Saturday,10,10:42 AM,Property Damage,No Injuries,0,0,0,0,0,3,Angle,15,N,N,Improper Lane Usage,Following Too Closely,Daylight,Clear,Dry,Y,,,,,Delineators,Functioning Properly,N,2,41.8832478,-87.8048558,ok,(N/A),1,2019,,,20,3,50000 and OVER,9,4295,Oak Park,C,Urban Other Principal Arte,6,16,7,10582232,9,Cook,C,19,0,,6,X001667510,Stopped,(UNK),201901312741,Other,1,26.27,Y,,,,(UNK),200238,(N/A),(UNK),No Defects,1,1,No Median Barrier,3,5043,19-03070,Urban,73,14,4,Divided,2,2939725.79669042,1908830.67683626,41.88323999985362,-87.8049,,No,1,(N/A),N,Y,N
2019,2019-09-03,Tuesday,00,00:30 AM,Property Damage,No Injuries,0,0,0,0,0,2,Sideswipe Same Direction,12,N,N,Failing to Reduce Speed to Avoid Crash,Improper Overtaking/Passing,Darkness / Lighted Road,Clear,Dry,N,,,,,Other,Functioning Properly,N,2,41.8731618,-87.7985268,ok,Partial Access Control,3,03-19-13348,2019,,28,4,50000 and OVER,9,4295,Oak Park,C,Urban InterState (PAS),0,16,3,10584575,9,Cook,0,19,,,2,N,No,(UNK),201901315405,ISP,5,21.86,Y,,,,(UNK),200926,(N/A),(UNK),No Defects,1,1,InterState (PAS),1,9290,X001669739,Not Toll,,13,4,Divided With Median Barrier,3,2941550.81441615,1905202.67903684,41.873154,-87.7985,,Urban,1,N,(N/A),Y,(N/A)
2019,2019-09-09,Monday,14,02:00 PM,Property Damage,No Injuries,0,0,0,0,0,5,Front to Rear,11,N,N,Failing to Reduce Speed to Avoid Crash,Following Too Closely,Daylight,Clear,Wet,N,,,,,Traffic Signal,Functioning Properly,N,2,41.871433,-87.7788118,ok,Partial Access Control,3,03-19-13688,2019,,28,3,50000 and OVER,9,4295,Oak Park,C,Urban InterState (PAS),0,16,9,10584635,9,Cook,0,19,,,1,N,No,(UNK),201901315467,ISP,1,0.14,Y,,,,(UNK),201213,(N/A),(UNK),No Defects,1,2,InterState (PAS),1,290,X001669796,Not Toll,73,3,4,Ramp,11,2946938.10249536,1904721.51716893,41.871425198417505,-87.7788,,Urban,1,N,(N/A),Y,(N/A)
2019,2019-09-09,Monday,15,03:20 PM,Property Damage,No Injuries,0,0,0,0,0,2,Sideswipe Same Direction,12,N,N,Improper Lane Usage,Failing to Reduce Speed to Avoid Crash,Daylight,Clear,Dry,N,,,,,Other Warning Sign,Functioning Properly,Y,2,41.8715072,-87.7788285,ok,Partial Access Control,3,03-19-13697,2019,,20,28,50000 and OVER,9,4295,Oak Park,C,Urban InterState (PAS),0,16,9,10584647,9,Cook,0,19,,,1,N,No,(UNK),201901315481,ISP,1,321.19,Y,,,,(UNK),201287,(N/A),(UNK),No Defects,1,1,InterState (PAS),1,5110,X001669808,Not Toll,73,11,4,Divided With Median Barrier,3,2946932.79062087,1904748.42800528,41.87149939264774,-87.7788,,Urban,1,N,(N/A),Y,(N/A)
2019,2019-09-01,Sunday,13,01:30 PM,Property Damage,No Injuries,0,0,0,0,0,1,Other Object,7,N,N,Failing to Reduce Speed to Avoid Crash,(N/A),Daylight,Unknown,Unknown,N,,,,,No Controls,No Controls,N,1,41.8883202,-87.8024247,ok,(UNK),1,1905267,2019,,28,99,50000 and OVER,9,4295,Oak Park,C,Urban Local Road or Street,0,16,1,10586460,9,Cook,0,19,VILLAGE UTILITY POLE,,7,N,No,(UNK),201901317453,City,1,0.02,N,,,,(UNK),201318,(N/A),(UNK),No Defects,1,9,Local Road or Street,7,2056,X001671350,Not Toll,73,1,1,Parking Lot,7,2940336.88545747,1910697.39200466,41.8883123999494,-87.8024,,Urban,9,N,(N/A),Y,(N/A)
2019,2019-08-29,Thursday,23,11:05 PM,Property Damage,No Injuries,0,0,0,0,0,3,Front to Rear,11,N,N,Following Too Closely,Failing to Reduce Speed to Avoid Crash,Darkness / Lighted Road,Clear,Dry,N,,,,,No Controls,No Controls,Y,2,41.8712452,-87.7746445,ok,Partial Access Control,3,03-19-13140,2019,,3,28,50000 and OVER,9,4295,Oak Park,C,Urban InterState (PAS),0,16,29,10584720,8,Cook,0,19,,,4,N,No,(UNK),201901315557,ISP,5,321.4,Y,,,,(UNK),201595,(N/A),(UNK),No Defects,1,1,InterState (PAS),1,5110,X001669876,Not Toll,73,1,1,Divided With Median Barrier,3,2948075.06951872,1904684.70142603,41.871237403757256,-87.7746,,Urban,1,N,(N/A),Y,(N/A)
2019,2019-09-06,Friday,06,06:56 AM,Property Damage,No Injuries,0,0,0,0,0,1,Parked Motor Vehicle,9,N,N,Improper Backing,Failing to Reduce Speed to Avoid Crash,Daylight,Cloudy/Overcast,Dry,N,,,,,No Controls,No Controls,N,2,41.8797055,-87.7962143,ok,(UNK),1,1905160,2019,,30,28,50000 and OVER,9,4295,Oak Park,C,Urban Local Road or Street,8,16,6,10584777,9,Cook,0,19,,,5,N,No,Free Flow,201901315617,City,1,0,N,,,,(UNK),201861,(N/A),(UNK),No Defects,1,1,Local Road or Street,7,,X001669392,Not Toll,73,1,1,Not Divided,1,2942114.76394579,1907604.68739265,41.87969762109739,-87.7962,,Urban,8,N,(N/A),Y,(N/A)
2019,2019-09-06,Friday,07,07:58 AM,Property Damage,No Injuries,0,0,0,0,0,2,Angle,15,N,N,Failing to Yield Right of Way,Failing to Reduce Speed to Avoid Crash,Daylight,Clear,Dry,Y,,,,,Stop Sign,Functioning Properly,N,2,41.8946279,-87.779984,ok,(UNK),1,1905161,2019,,2,28,50000 and OVER,9,4295,Oak Park,C,Urban Minor Arterial,8,16,6,10584778,9,Cook,0,19,FIRE HYDRANT,,5,N,No,Free Flow,201901315618,City,1,0,N,,,,(UNK),201929,(N/A),(UNK),No Defects,1,1,Minor Arterial,4,,X001669417,Not Toll,73,2,4,Not Divided,1,2946383.62281861,1913165.27319435,41.894620044582176,-87.78,,Urban,1,N,(N/A),Y,(N/A)
2019,2019-09-06,Friday,12,12:52 PM,Property Damage,No Injuries,0,0,0,0,0,2,Front to Rear,11,N,N,Following Too Closely,Unable to Determine,Daylight,Clear,Dry,Y,,,,,Traffic Signal,Functioning Properly,N,2,41.879721,-87.7943349,ok,(N/A),1,2019,,,3,18,50000 and OVER,9,4295,Oak Park,C,Urban Minor Arterial,0,16,6,10584781,9,Cook,C,19,0,,5,X001669447,Stopped,(UNK),201901315621,Minor,1,3.6,N,,,,(UNK),201930,(N/A),(UNK),No Defects,1,1,No Median Barrier,4,1419,1905167,Urban,73,3,4,Divided,2,2942626.45121876,1907624.51621314,41.87971320355004,-87.7943,,No,1,(N/A),N,Y,N
2019,2019-09-07,Saturday,08,08:22 AM,Property Damage,No Injuries,0,0,0,0,0,2,Front to Rear,11,N,N,Following Too Closely,(N/A),Daylight,Clear,Dry,Y,,,,,Traffic Signal,Functioning Properly,N,2,41.9091478,-87.7850158,ok,(N/A),1,2019,,,3,99,50000 and OVER,9,4295,Oak Park,C,Urban Other Principal Arte,6,16,7,10584792,9,Cook,C,19,0,,6,X001669636,Free Flow,(UNK),201901315631,Other,1,130.24,Y,,,,(UNK),201935,(N/A),(UNK),No Defects,1,1,No Median Barrier,3,5064,1905183,Urban,73,3,4,Divided,2,2944866.58923034,1918418.54020642,41.90913999969179,-87.785,,No,1,(N/A),N,Y,N
2019,2019-08-14,Wednesday,06,06:41 AM,Property Damage,No Injuries,0,0,0,0,0,5,Front to Rear,11,N,N,Following Too Closely,Driving Skills/Knowledge/Experience,Daylight,Clear,Dry,N,,,,,No Controls,No Controls,Y,5,41.8793075,-87.8047188,ok,(N/A),1,2019,,,3,15,50000 and OVER,9,4295,Oak Park,C,Urban Other Principal Arte,0,16,14,10586164,8,Cook,C,19,0,,3,X001671154,Slow,(UNK),201901317174,Other,1,19.7,Y,,,,(UNK),201958,(N/A),(UNK),No Defects,1,1,No Median Barrier,3,348,19-02747,Urban,73,1,1,Divided,2,2939802.65746319,1907395.77010632,41.87929965103136,-87.8047,,Yes,1,(N/A),N,Y,N
2019,2019-09-07,Saturday,13,01:18 PM,Property Damage,No Injuries,0,0,0,0,0,2,Sideswipe Same Direction,12,N,N,Improper Overtaking/Passing,(N/A),Daylight,Clear,Dry,Y,,,,,Traffic Signal,Functioning Properly,N,2,41.8800708,-87.779543,ok,(N/A),1,2019,,,4,99,50000 and OVER,9,4295,Oak Park,C,Urban Local Road or Street,0,16,7,10584794,9,Cook,C,19,0,,6,X001669664,Slow,(UNK),201901315633,Local,1,0.54,N,,,,(UNK),201996,(N/A),(UNK),No Defects,1,1,No Median Barrier,7,3794,1905197,Urban,73,3,4,Divided,2,2946651.34551223,1907863.74116011,41.88006297683165,-87.7795,,No,1,(N/A),N,Y,N
2019,2019-09-10,Tuesday,09,09:56 AM,Property Damage,No Injuries,0,0,0,0,0,2,Angle,15,N,N,Failing to Yield Right of Way,Unable to Determine,Daylight,Clear,Dry,Y,,,,,Stop Sign,Functioning Properly,N,2,41.8854461,-87.7985792,ok,(UNK),1,1905253,2019,,2,18,50000 and OVER,9,4295,Oak Park,C,Urban Local Road or Street,8,16,10,10586751,9,Cook,0,19,,,2,N,No,Slow,201901317730,City,1,0,N,,,,(UNK),202435,(N/A),(UNK),No Defects,1,1,Local Road or Street,7,,X001671677,Not Toll,73,2,4,Not Divided,1,2941412.94712034,1909678.89705134,41.885438273938085,-87.7986,,Urban,1,N,(N/A),Y,(N/A)
2019,2019-09-02,Monday,15,03:43 PM,Property Damage,No Injuries,0,0,0,0,0,2,Front to Rear,11,N,N,Following Too Closely,(N/A),Daylight,Clear,Dry,Y,,,,,Traffic Signal,Functioning Properly,N,2,41.8885678,-87.8050258,ok,(N/A),1,2019,,,3,99,50000 and OVER,9,4295,Oak Park,C,Urban Other Principal Arte,0,16,2,10585706,9,Cook,C,19,0,,1,X001670673,Stopped,(UNK),201901316715,Other,1,26.64,Y,,,,(UNK),202502,(N/A),(UNK),No Defects,1,1,No Median Barrier,3,5043,1905085,Urban,73,3,4,Divided,2,2939626.11874017,1910768.10734459,41.888559999096806,-87.805,,No,1,(N/A),N,Y,N
2019,2019-09-08,Sunday,02,02:19 AM,Property Damage,No Injuries,0,0,0,0,0,2,Fixed Object,6,N,N,Cell Phone Use Other Than Texting,(N/A),Daylight,Clear,Dry,N,,,,,Traffic Signal,Functioning Properly,N,1,41.87231,-87.8044659,ok,(UNK),1,1905216,2019,,45,99,50000 and OVER,9,4295,Oak Park,C,Urban Other Principal Arte,0,16,8,10585247,9,Cook,0,19,UTILITY POLE,,7,N,No,Free Flow,201901316167,City,1,25.52,Y,,,,(UNK),202586,(N/A),(UNK),No Defects,1,1,Other Principal Arterial (PAS),3,5043,X001670176,Not Toll,73,3,4,Not Divided,1,2939941.73917192,1904847.66118026,41.87230217415038,-87.8045,,Urban,1,N,(N/A),Y,(N/A)
2019,2019-09-07,Saturday,16,04:30 PM,Property Damage,No Injuries,0,0,0,0,0,1,Parked Motor Vehicle,9,N,N,Failing to Reduce Speed to Avoid Crash,Distraction - From Outside Vehicle,Daylight,Clear,Dry,N,,,,,No Controls,No Controls,N,3,41.8665218,-87.7815303,ok,(UNK),1,1905207,2019,,28,40,50000 and OVER,9,4295,Oak Park,C,Urban Local Road or Street,0,16,7,10585252,9,Cook,0,19,,,6,N,Yes,Free Flow,201901316173,City,1,0.28,N,,,,(UNK),202587,(N/A),(UNK),No Defects,1,1,Local Road or Street,7,2633,X001670180,Not Toll,73,1,1,Not Divided,1,2946247.39821145,1902911.17490862,41.86651395925834,-87.7815,,Urban,1,N,(N/A),Y,(N/A)
2019,2019-09-09,Monday,07,07:47 AM,Property Damage,No Injuries,0,0,0,0,0,2,Front to Rear,11,N,N,Following Too Closely,Unable to Determine,Daylight,Clear,Dry,Y,,,,,No Controls,No Controls,N,2,41.8815755,-87.7926484,ok,(UNK),1,1905227,2019,,3,18,50000 and OVER,9,4295,Oak Park,C,Urban Major Collector,8,16,9,10585257,9,Cook,0,19,,,1,N,No,Slow,201901316176,City,1,0,N,,,,(UNK),202596,(N/A),(UNK),No Defects,1,1,Major Collector,5,,X001670185,Not Toll,73,1,1,Not Divided,1,2943067.05197294,1908313.02228567,41.88156766176924,-87.7926,,Urban,1,N,(N/A),Y,(N/A)
2019,2019-09-09,Monday,14,02:51 PM,Property Damage,No Injuries,0,0,0,0,0,2,Front to Rear,11,N,N,Following Too Closely,Failing to Reduce Speed to Avoid Crash,Daylight,Clear,Dry,N,,,,,No Controls,No Controls,Y,2,41.880081,-87.7793439,ok,(N/A),1,2019,,,3,28,50000 and OVER,9,4295,Oak Park,C,Urban Minor Arterial,8,16,9,10585258,9,Cook,C,19,0,,1,X001670186,Slow,(UNK),201901316178,Minor,1,0,N,,,,(UNK),202597,(N/A),(UNK),No Defects,1,1,No Median Barrier,4,,1905237,Urban,73,1,1,Divided,2,2946705.46885513,1907868.9615551,41.88007316080749,-87.7793,,No,1,(N/A),N,Y,N
2019,2019-09-11,Wednesday,18,06:07 PM,Property Damage,No Injuries,0,0,0,0,0,2,Sideswipe Same Direction,12,N,N,Failing to Yield Right of Way,Improper Lane Usage,Daylight,Clear,Dry,Y,,,,,Traffic Signal,Functioning Properly,N,2,41.8710479,-87.7841758,ok,(UNK),1,1905295,2019,,2,20,50000 and OVER,9,4295,Oak Park,C,Urban Major Collector,8,16,11,10588166,9,Cook,0,19,,,3,N,No,(UNK),201901319254,City,1,0,N,,,,(UNK),202897,(N/A),(UNK),No Defects,1,1,Major Collector,5,,X001673006,Not Toll,73,3,4,Not Divided,1,2945480.96914686,1904540.54675052,41.871040061861436,-87.7842,,Urban,1,N,(N/A),Y,(N/A)
2019,2019-09-10,Tuesday,14,02:17 PM,Property Damage,No Injuries,0,0,0,0,0,4,Turning,10,N,N,Failing to Yield Right of Way,(N/A),Daylight,Clear,Dry,Y,,,,,Traffic Signal,Functioning Properly,N,2,41.8796662,-87.8047357,ok,(UNK),1,1905265,2019,,2,99,50000 and OVER,9,4295,Oak Park,C,Urban Other Principal Arte,6,16,10,10587852,9,Cook,0,19,,,2,N,No,(UNK),201901318909,City,1,26.02,Y,,,,(UNK),204296,(N/A),(UNK),No Defects,1,1,Other Principal Arterial (PAS),3,5043,X001671877,Not Toll,73,3,4,Not Divided,1,2939794.4386029,1907526.34474161,41.87965831017348,-87.8047,,Urban,1,N,(N/A),Y,(N/A)
2019,2019-09-10,Tuesday,17,05:29 PM,Property Damage,No Injuries,0,0,0,0,0,4,Angle,15,N,N,Disregarding Traffic Signals,Failing to Yield Right of Way,Daylight,Clear,Dry,Y,,,,,Traffic Signal,Functioning Properly,N,4,41.8832478,-87.8048558,ok,(UNK),1,1905272,2019,,25,2,50000 and OVER,9,4295,Oak Park,C,Urban Other Principal Arte,0,16,10,10587855,9,Cook,0,19,,,2,N,No,Free Flow,201901318912,City,1,26.27,Y,,,,(UNK),204297,(N/A),(UNK),No Defects,1,1,Other Principal Arterial (PAS),3,5043,X001672412,Not Toll,73,3,4,Other,8,2939725.79669042,1908830.67683626,41.88323999985362,-87.8049,,Urban,1,N,(N/A),Y,(N/A)