crash_year,crash_date,day_of_week,crash_hour,time_of_crash,crash_severity,crash_injury_severity,total_injured,total_fatals,a_injuries,b_injuries,c_injuries,no_injuries,type_of_first_crash,collision_type_code,pedestrian_involved,pedalcyclist_involved,cause1,cause2,lighting_cond,weather_cond,road_surface_cond,intersection_related,is_intersection,highway_or_street_name,at_intersection_with,address_no,traffic_control_device,traffic_control_device_cond,hit_and_run,number_of_vehicles,latitude,longitude,location_status,access_control,agency_code,agency_report_number,agency_report_year,alignment_code,cause1_code,cause2_code,city_class,city_class_code,city_code,city_name,city_township_flag,class_of_trafficway,class_of_trafficway_code,county_code,crash_day,crash_id,crash_month,crash_report_county,crash_severity_cd,crash_yr_source,damaged_property1,damaged_property2,day_of_week_code,did_crash_occur_in_work_zone,did_involve_secondary_crash,flow_condition,icn,investigating_agency_descrip,light_condition_code,mile_station,nhs,non_intersection_direction,non_intersection_distance,non_intersection_units,number_of_lanes,objectid,railroad_crossing_number,road_alignment,road_defects,road_defects_code,road_surface_condition_code,roadway_functional_class,roadway_functional_class_code,route_number,sfe,toll,township,traffic_control_device_code,traffic_control_device_cond_code,trafficway_descrip,trafficway_description_code,ts_crash_coordinate_x,ts_crash_coordinate_y,ts_crash_latitude,ts_crash_longitude,type_report,urban_rural,weather_code,were_workers_present,work_zone,work_zone_related,work_zone_type
2019,2019-09-14,Saturday,00,00:54 AM,Property Damage,No Injuries,0,0,0,0,0,2,Front to Rear,11,N,N,Improper Lane Usage,Driving Skills/Knowledge/Experience,Darkness / Lighted Road,Clear,Dry,N,,,,,No Controls,No Controls,N,2,41.8715297,-87.7792293,ok,(UNK),3,03-19-13964,2019,,20,15,50000 and OVER,9,4295,Oak Park,C,Urban (UNK),0,16,14,10592665,9,Cook,0,19,,,6,N,No,(UNK),201901322894,ISP,5,22.93,N,,,,(UNK),205723,(N/A),(UNK),No Defects,1,1,(UNK),0,9290,X001676199,No Toll,73,1,1,Divided With Median Barrier,3,2946823.40496459,1904753.59120182,41.87152189739369,-87.7792,,Urban,1,N,(N/A),Y,(N/A)
2019,2019-09-15,Sunday,11,11:31 AM,Property Damage,No Injuries,0,0,0,0,0,3,Sideswipe Same Direction,12,N,N,Improper Lane Usage,Driving Skills/Knowledge/Experience,Daylight,Clear,Dry,N,,,,,Other,Functioning Properly,N,2,41.86503,-87.8042159,ok,(UNK),1,19-03172,2019,,20,15,50000 and OVER,9,4295,Oak Park,C,Urban Other Principal Arte,0,16,15,10592271,9,Cook,0,19,,,7,N,No,Free Flow,201901322499,City,1,25.01,Y,,,,(UNK),205893,(N/A),(UNK),No Defects,1,1,Other Principal Arterial (PAS),3,5043,X001675816,Not Toll,52,13,4,Not Divided,1,2940082.89143414,1902196.56987297,41.86502215336154,-87.8042,,Urban,1,N,(N/A),Y,(N/A)
2019,2019-09-14,Saturday,13,01:08 PM,Property Damage,No Injuries,0,0,0,0,0,2,Turning,10,N,N,Unable to Determine,Unable to Determine,Daylight,Clear,Dry,Y,,,,,No Controls,No Controls,N,2,41.8650299,-87.8042159,ok,(UNK),1,19-03157,2019,,18,18,50000 and OVER,9,4295,Oak Park,C,Urban Other Principal Arte,6,16,14,10591467,9,Cook,0,19,,,6,N,No,Slow,201901321670,City,1,25.01,Y,,,,(UNK),206017,(N/A),(UNK),No Defects,1,1,Other Principal Arterial (PAS),3,5043,X001675028,Not Toll,52,1,1,Not Divided,1,2940082.89242142,1902196.55021237,41.86502209937708,-87.8042,,Urban,1,N,(N/A),Y,(N/A)
2019,2019-09-10,Tuesday,06,06:00 AM,Property Damage,No Injuries,0,0,0,0,0,2,Front to Rear,11,N,N,Failing to Reduce Speed to Avoid Crash,Following Too Closely,Darkness / Lighted Road,Clear,Dry,N,,,,,Other,Functioning Properly,N,2,41.8737276,-87.8040011,ok,Partial Access Control,3,03-19-13744,2019,,28,3,50000 and OVER,9,4295,Oak Park,C,Urban InterState (PAS),0,16,10,10592786,9,Cook,0,19,,,2,N,No,(UNK),201901323010,ISP,5,319.93,Y,,,,(UNK),206189,(N/A),(UNK),No Defects,1,1,InterState (PAS),1,5110,X001676299,Not Toll,73,13,4,Divided With Median Barrier,3,2940054.11765748,1905367.73481412,41.87371974336014,-87.804,,Urban,1,N,(N/A),Y,(N/A)
2019,2019-09-13,Friday,17,05:01 PM,Injury,B Injury Crash,1,0,0,1,0,2,Front to Front,14,N,N,Failing to Reduce Speed to Avoid Crash,Improper Lane Usage,Daylight,Clear,Dry,N,,,,,No Controls,No Controls,N,2,41.8834106,-87.7944772,ok,(UNK),1,1905342,2019,,28,20,50000 and OVER,9,4295,Oak Park,C,Urban Local Road or Street,0,16,13,10594647,9,Cook,2,19,,,5,N,No,Free Flow,201901324532,City,1,0.52,N,,,,(UNK),207019,(N/A),(UNK),No Defects,1,1,Local Road or Street,7,3015,X001677167,Not Toll,73,1,1,Not Divided,1,2942550.51374249,1908967.99660375,41.88340278702559,-87.7945,,Urban,1,N,(N/A),Y,(N/A)
2019,2019-09-13,Friday,20,08:18 PM,Property Damage,No Injuries,0,0,0,0,0,3,Turning,10,N,N,Failing to Reduce Speed to Avoid Crash,Unable to Determine,Darkness / Lighted Road,Clear,Dry,N,,,,,No Controls,No Controls,N,2,41.8870399,-87.8049738,ok,(UNK),1,1905349,2019,,28,18,50000 and OVER,9,4295,Oak Park,C,Urban Other Principal Arte,0,16,13,10594657,9,Cook,0,19,,,5,N,No,Free Flow,201901324534,City,5,19.16,Y,,,,(UNK),207103,(N/A),(UNK),No Defects,1,1,Other Principal Arterial (PAS),3,348,X001677201,Not Toll,73,1,1,Not Divided,1,2939655.60747545,1910211.67301003,41.88703201893146,-87.805,,Urban,1,N,(N/A),Y,(N/A)
2019,2019-09-14,Saturday,22,10:06 PM,Property Damage,No Injuries,0,0,0,0,0,1,Parked Motor Vehicle,9,N,N,Failing to Reduce Speed to Avoid Crash,(N/A),Darkness / Lighted Road,Clear,Dry,N,,,,,No Controls,No Controls,N,3,41.8854476,-87.798496,ok,(UNK),1,1905374,2019,,28,99,50000 and OVER,9,4295,Oak Park,C,Urban Local Road or Street,0,16,14,10594696,9,Cook,0,19,,,6,N,No,Free Flow,201901324536,City,5,0.07,N,,,,(UNK),207240,(N/A),(UNK),No Defects,1,1,Local Road or Street,7,3030,X001677517,Not Toll,73,1,1,Not Divided,1,2941435.59336975,1909680.04793118,41.885439715140606,-87.7985,,Urban,1,N,(N/A),Y,(N/A)
2019,2019-09-15,Sunday,02,02:30 AM,Property Damage,No Injuries,0,0,0,0,0,1,Parked Motor Vehicle,9,N,N,Failing to Reduce Speed to Avoid Crash,Unable to Determine,Darkness / Lighted Road,Clear,Wet,N,,,,,No Controls,No Controls,N,2,41.86506,-87.801973,ok,(UNK),1,1905376,2019,,28,18,50000 and OVER,9,4295,Oak Park,C,Urban Other Principal Arte,0,16,15,10594714,9,Cook,0,19,LIGHT POLE,,7,N,No,Free Flow,201901324538,City,5,6.11,Y,,,,(UNK),207242,(N/A),(UNK),No Defects,1,2,Other Principal Arterial (PAS),3,347,X001677519,Not Toll,73,1,1,Not Divided,1,2940693.53982438,1902224.33089332,41.86505215046856,-87.802,,Urban,1,N,(N/A),Y,(N/A)
2019,2019-09-15,Sunday,05,05:06 AM,Property Damage,No Injuries,0,0,0,0,0,1,Other Object,7,N,N,Improper Lane Usage,Failing to Reduce Speed to Avoid Crash,Darkness / Lighted Road,Rain,Wet,N,,,,,No Controls,No Controls,N,1,41.890055,-87.7847642,ok,(N/A),1,2019,,,20,28,50000 and OVER,9,4295,Oak Park,C,Urban Major Collector,0,16,15,10594723,9,Cook,C,19,0,NO PARKING SIGN,7,X001677520,Free Flow,(UNK),201901324539,Major,5,0.81,N,,,,(UNK),207243,(N/A),(UNK),No Defects,1,2,No Median Barrier,5,2783,1905377,Urban,73,1,1,Divided,2,2945128.36437709,1911462.6369479,41.89004715866748,-87.7848,,No,2,(N/A),N,Y,N
2019,2019-09-16,Monday,21,09:40 PM,Property Damage,No Injuries,0,0,0,0,0,2,Turning,10,N,N,Failing to Reduce Speed to Avoid Crash,(N/A),Daylight,Clear,Dry,Y,,,,,Traffic Signal,Functioning Properly,N,2,41.8650278,-87.8042158,ok,(N/A),1,2019,,,28,99,50000 and OVER,9,4295,Oak Park,C,Urban Other Principal Arte,6,16,16,10593930,9,Cook,C,19,0,,1,X001677358,Free Flow,(UNK),201901324159,Other,1,25.01,Y,,,,(UNK),207461,(N/A),(UNK),No Defects,1,1,No Median Barrier,3,5043,19-03196,Urban,52,3,4,Divided,2,2940082.93081867,1902195.78557851,41.865019999830345,-87.8042,,No,1,(N/A),N,Y,N
2019,2019-09-15,Sunday,02,02:30 AM,Property Damage,No Injuries,0,0,0,0,0,1,Fixed Object,6,N,N,Following Too Closely,Failing to Reduce Speed to Avoid Crash,Darkness / Lighted Road,Clear,Dry,N,,,,,Other,Functioning Properly,N,1,41.8712588,-87.7748309,ok,Partial Access Control,3,03-19-14031,2019,,3,28,50000 and OVER,9,4295,Oak Park,C,Urban InterState (PAS),0,16,15,10596089,9,Cook,0,19,,,7,N,No,(UNK),201901325705,ISP,5,321.39,Y,,,,(UNK),207562,(N/A),(UNK),No Defects,1,1,InterState (PAS),1,5110,X001678739,Not Toll,73,13,4,Divided With Median Barrier,3,2948024.17112299,1904688.23083779,41.87125097237926,-87.7748,,Urban,1,N,(N/A),Y,(N/A)
2019,2019-09-13,Friday,15,03:40 PM,Property Damage,No Injuries,0,0,0,0,0,2,Sideswipe Same Direction,12,N,N,Improper Lane Usage,Failing to Reduce Speed to Avoid Crash,Daylight,Unknown,Unknown,N,,,,,Other,Functioning Properly,Y,2,41.8730858,-87.8003028,ok,Partial Access Control,3,03-19-14139,2019,,20,28,50000 and OVER,9,4295,Oak Park,C,Urban InterState (PAS),0,16,13,10597211,9,Cook,0,19,,,5,N,No,(UNK),201901326863,ISP,1,21.78,Y,,,,(UNK),208466,(N/A),(UNK),No Defects,1,9,InterState (PAS),1,9290,X001679750,Not Toll,,13,4,Divided With Median Barrier,3,2941067.85209487,1905161.63541332,41.873078,-87.8003,,Urban,9,N,(N/A),Y,(N/A)
2019,2019-09-13,Friday,23,11:15 PM,Property Damage,No Injuries,0,0,0,0,0,2,Front to Rear,11,N,N,Unable to Determine,(N/A),Darkness / Lighted Road,Clear,Dry,N,,,,,No Controls,No Controls,Y,2,41.8760756,-87.8045987,ok,(N/A),1,2019,,,18,99,50000 and OVER,9,4295,Oak Park,C,Urban Other Principal Arte,0,16,13,10595017,9,Cook,C,19,0,,5,X001677203,(UNK),(UNK),201901324618,Other,5,19.92,Y,,,,(UNK),208708,(N/A),(UNK),No Defects,1,1,No Median Barrier,3,348,1905351,Urban,73,1,1,Divided,2,2939867.7735962,1906218.92069901,41.876067786132474,-87.8046,,No,1,(N/A),N,Y,N
2019,2019-09-18,Wednesday,07,07:13 AM,Property Damage,No Injuries,0,0,0,0,0,2,Front to Rear,11,N,N,Physical Condition of Driver,Failing to Reduce Speed to Avoid Crash,Daylight,Clear,Dry,N,,,,,No Controls,No Controls,N,2,41.8967867,-87.8053424,ok,(UNK),1,1901332,2019,,17,28,50000 and OVER,9,4295,Oak Park,C,Urban Other Principal Arte,0,16,18,10597416,9,Cook,0,19,BUSHES/LANDSCAPING,,3,N,Yes,Free Flow,201901327108,City,1,18.49,Y,,,,(UNK),209400,(N/A),(UNK),No Defects,1,1,Other Principal Arterial (PAS),3,348,X001679894,Not Toll,73,1,1,Not Divided,1,2939457.44600187,1913760.83133443,41.896778835632944,-87.8053,,Urban,1,N,(N/A),Y,(N/A)
2019,2019-09-17,Tuesday,07,07:51 AM,Property Damage,No Injuries,0,0,0,0,0,2,Sideswipe Same Direction,12,N,N,Improper Lane Usage,Failing to Reduce Speed to Avoid Crash,Daylight,Clear,Dry,N,,,,,No Controls,No Controls,N,2,41.8971303,-87.8053492,ok,(N/A),1,2019,,,20,28,50000 and OVER,9,4295,Oak Park,C,Urban Other Principal Arte,0,16,17,10596974,9,Cook,C,19,0,,2,X001678856,Free Flow,(UNK),201901326617,Other,1,18.47,Y,,,,(UNK),209547,(N/A),(UNK),No Defects,1,1,No Median Barrier,3,348,1905420,Urban,73,1,1,Divided,2,2939452.13399522,1913886.01621053,41.89712249559551,-87.8053,,No,1,(N/A),N,Y,N
2019,2019-09-17,Tuesday,15,03:14 PM,Property Damage,No Injuries,0,0,0,0,0,2,Angle,15,N,N,Failing to Yield Right of Way,(N/A),Daylight,Clear,Dry,N,,,,,No Controls,No Controls,N,2,41.8888011,-87.7765599,ok,(UNK),1,1905431,2019,,2,99,50000 and OVER,9,4295,Oak Park,C,Urban Local Road or Street,0,16,17,10596976,9,Cook,0,19,,,2,N,No,Slow,201901326619,City,1,0.59,N,,,,(UNK),209548,(N/A),(UNK),No Defects,1,1,Local Road or Street,7,2603,X001678858,Not Toll,73,1,1,T-Intersection,15,2947375.09717286,1911067.82615017,41.88879320565878,-87.7766,,Urban,1,N,(N/A),Y,(N/A)
2019,2019-09-17,Tuesday,03,03:11 AM,Injury,B Injury Crash,1,0,0,1,0,1,Fixed Object,6,N,N,Improper Lane Usage,Driving Skills/Knowledge/Experience,Darkness / Lighted Road,Clear,Dry,N,,,,,No Controls,No Controls,N,1,41.9048866,-87.8056415,ok,(N/A),1,2019,FENCE,,20,15,50000 and OVER,9,4295,Oak Park,C,Urban Other Principal Arte,0,16,17,10596999,9,Cook,C,19,2,LIGHT POLE,2,X001678871,(UNK),(UNK),201901326638,Other,5,17.92,Y,,,,(UNK),209634,(N/A),(UNK),No Defects,1,1,No Median Barrier,3,348,1901325,Urban,73,1,1,Divided,2,2939294.71615413,1916710.34855521,41.9048787403399,-87.8056,,No,1,(N/A),N,Y,N
2019,2019-09-18,Wednesday,17,05:11 PM,Property Damage,No Injuries,0,0,0,0,0,2,Turning,10,N,N,Improper Turning/No Signal,(N/A),Daylight,Clear,Dry,N,,,,,Traffic Signal,Functioning Properly,Y,2,41.8817221,-87.7843388,ok,(UNK),1,1905466,2019,,6,99,50000 and OVER,9,4295,Oak Park,C,Urban Major Collector,0,16,18,10599247,9,Cook,0,19,,,3,N,No,Free Flow,201901329086,City,1,1.04,N,,,,(UNK),209807,(N/A),(UNK),No Defects,1,1,Major Collector,5,5,X001681174,Not Toll,73,3,4,Not Divided,1,2945328.54225446,1908429.19982004,41.88171429162166,-87.7843,,Urban,1,N,(N/A),Y,(N/A)
2019,2019-09-18,Wednesday,13,01:22 PM,Property Damage,No Injuries,0,0,0,0,0,3,Front to Rear,11,N,N,Failing to Reduce Speed to Avoid Crash,Driving Skills/Knowledge/Experience,Daylight,Clear,Dry,N,,,,,Traffic Signal,Functioning Properly,N,2,41.8886571,-87.800926,ok,(UNK),1,1905459,2019,,28,15,50000 and OVER,9,4295,Oak Park,C,Urban Major Collector,0,16,18,10599251,9,Cook,0,19,,,3,N,No,Stopped,201901329093,City,1,0.21,N,,,,(UNK),209809,(N/A),(UNK),No Defects,1,1,Major Collector,5,8,X001681172,Not Toll,73,3,4,Not Divided,1,2940741.59783098,1910831.39139082,41.888649226429315,-87.8009,,Urban,1,N,(N/A),Y,(N/A)
2019,2019-09-18,Wednesday,15,03:48 PM,Property Damage,No Injuries,0,0,0,0,0,2,Front to Rear,11,N,N,Following Too Closely,Unable to Determine,Daylight,Clear,Dry,N,,,,,No Controls,No Controls,N,2,41.898098,-87.792593,ok,(UNK),1,1905463,2019,,3,18,50000 and OVER,9,4295,Oak Park,C,Urban Local Road or Street,0,16,18,10599252,9,Cook,0,19,,,3,N,No,Slow,201901329094,City,1,0.66,N,,,,(UNK),209810,(N/A),(UNK),No Defects,1,1,Local Road or Street,7,3100,X001681173,Not Toll,73,1,1,Not Divided,1,2942915.47162867,1914334.5461519,41.89809014740175,-87.7926,,Urban,1,N,(N/A),Y,(N/A)
2019,2019-09-11,Wednesday,19,07:50 PM,Property Damage,No Injuries,0,0,0,0,0,2,Front to Rear,11,N,N,Following Too Closely,Failing to Reduce Speed to Avoid Crash,Darkness / Lighted Road,Clear,Dry,N,,,,,Delineators,Functioning Properly,N,2,41.8712332,-87.7744439,ok,Partial Access Control,3,03-19-01381,2019,,3,28,50000 and OVER,9,4295,Oak Park,C,Urban InterState (PAS),0,16,11,10598888,9,Cook,0,19,,,3,N,No,(UNK),201901328565,ISP,5,23.08,Y,,,,(UNK),210296,(N/A),(UNK),No Defects,1,1,InterState (PAS),1,9290,X001680940,Not Toll,73,14,4,Divided With Median Barrier,3,2948129.83493761,1904681.8342246,41.87122535493061,-87.7744,,Urban,1,N,(N/A),Y,(N/A)
2019,2019-09-19,Thursday,07,07:05 AM,Property Damage,No Injuries,0,0,0,0,0,3,Front to Rear,11,N,N,Following Too Closely,Failing to Reduce Speed to Avoid Crash,Daylight,Clear,Dry,N,,,,,Other,Functioning Properly,N,2,41.8715759,-87.7799346,ok,Partial Access Control,3,03-19-14259,2019,,3,28,50000 and OVER,9,4295,Oak Park,C,Urban InterState (PAS),0,16,19,10599423,9,Cook,0,19,,,4,N,No,(UNK),201901329459,ISP,1,321.13,Y,,,,(UNK),210406,(N/A),(UNK),No Defects,1,1,InterState (PAS),1,5110,X001681447,Not Toll,73,13,4,Divided With Median Barrier,3,2946630.82232497,1904765.05614267,41.87156802687743,-87.7799,,Urban,1,N,(N/A),Y,(N/A)
2019,2019-09-16,Monday,16,04:00 PM,Property Damage,No Injuries,0,0,0,0,0,3,Front to Rear,11,N,N,Following Too Closely,Failing to Reduce Speed to Avoid Crash,Daylight,Clear,Dry,N,,,,,No Controls,No Controls,N,2,41.8731898,-87.7987588,ok,Partial Access Control,3,03-19-14123,2019,,3,28,50000 and OVER,9,4295,Oak Park,C,Urban InterState (PAS),0,16,16,10598481,9,Cook,0,19,,,1,N,No,(UNK),201901328102,ISP,1,21.85,Y,,,,(UNK),210532,(N/A),(UNK),No Defects,1,1,InterState (PAS),1,9290,X001680553,Not Toll,,1,1,Divided With Median Barrier,3,2941487.34330749,1905211.13852604,41.873182,-87.7988,,Urban,1,N,(N/A),Y,(N/A)
2019,2019-09-13,Friday,06,06:32 AM,Property Damage,No Injuries,0,0,0,0,0,3,Front to Rear,11,N,N,Following Too Closely,Failing to Reduce Speed to Avoid Crash,Daylight,Rain,Wet,N,,,,,Traffic Signal,Functioning Properly,N,2,41.8896731,-87.8050758,ok,(N/A),1,2019,,,3,28,50000 and OVER,9,4295,Oak Park,C,Urban Other Principal Arte,0,16,13,10602274,9,Cook,C,19,0,,5,X001683940,Free Flow,(UNK),201901332651,Other,1,18.98,Y,,,,(UNK),211921,(N/A),(UNK),No Defects,1,2,No Median Barrier,3,348,201900005164,Urban,73,3,4,Divided,2,2939601.41589802,1911170.51564115,41.88966527534899,-87.8051,,No,2,(N/A),N,Y,N
2019,2019-09-20,Friday,07,07:48 AM,Property Damage,No Injuries,0,0,0,0,0,2,Front to Rear,11,N,N,Following Too Closely,Failing to Reduce Speed to Avoid Crash,Daylight,Clear,Dry,N,,,,,Other,Functioning Properly,N,2,41.8712699,-87.7750215,ok,Partial Access Control,3,03-19-14327,2019,,3,28,50000 and OVER,9,4295,Oak Park,C,Urban InterState (PAS),0,16,20,10604203,9,Cook,0,19,,,5,N,No,(UNK),201901334550,ISP,1,23.05,Y,,,,(UNK),212132,(N/A),(UNK),No Defects,1,1,InterState (PAS),1,9290,X001685681,Not Toll,73,13,4,Divided With Median Barrier,3,2947972.14457233,1904690.80671422,41.87126201237314,-87.775,,Urban,1,N,(N/A),Y,(N/A)
2019,2019-09-21,Saturday,06,06:40 AM,Injury,B Injury Crash,1,0,0,1,0,1,Front to Rear,11,N,N,Improper Lane Usage,Failing to Reduce Speed to Avoid Crash,Daylight,Clear,Dry,N,,,,,No Controls,Functioning Properly,N,2,41.8716018,-87.7834628,ok,Partial Access Control,3,03-19-14386,2019,,20,28,50000 and OVER,9,4295,Oak Park,C,Urban InterState (PAS),0,16,21,10604220,9,Cook,2,19,,,6,N,No,(UNK),201901334567,ISP,1,8.75,Y,,,,(UNK),212196,(N/A),(UNK),No Defects,1,1,InterState (PAS),1,290,X001685698,Not Toll,,1,4,Divided With Median Barrier,3,2945669.56712957,1904747.80622266,41.871594,-87.7835,,Urban,1,N,(N/A),Y,(N/A)
2019,2019-09-24,Tuesday,01,01:25 AM,Property Damage,No Injuries,0,0,0,0,0,2,Front to Rear,11,N,N,Failing to Reduce Speed to Avoid Crash,Distraction - From Inside Vehicle,Darkness / Lighted Road,Clear,Dry,Y,,,,,Traffic Signal,Functioning Properly,N,2,41.8650325,-87.8042159,ok,(N/A),1,2019,,,28,41,50000 and OVER,9,4295,Oak Park,C,Urban Other Principal Arte,0,16,24,10603747,9,Cook,C,19,0,,2,X001685265,Stopped,(UNK),201901334066,Other,5,25.01,Y,,,,(UNK),212251,(N/A),(UNK),No Defects,1,1,No Median Barrier,3,5043,19-03271,Urban,52,3,4,Divided,2,2940082.84637465,1902197.46717721,41.86502461719722,-87.8042,,No,1,(N/A),N,Y,N
2019,2019-09-23,Monday,20,08:03 PM,Injury,B Injury Crash,1,0,0,1,0,2,Turning,10,N,N,Failing to Yield Right of Way,Failing to Reduce Speed to Avoid Crash,Darkness / Lighted Road,Clear,Dry,Y,,,,,Traffic Signal,Functioning Properly,N,2,41.8736416,-87.8045258,ok,Partial Access Control,1,19-03267,2019,,2,28,50000 and OVER,9,4295,Oak Park,C,Urban InterState (PAS),6,16,23,10603748,9,Cook,2,19,,,1,N,No,Free Flow,201901334067,City,5,25.61,Y,,,,(UNK),212252,(N/A),(UNK),No Defects,1,1,InterState (PAS),1,5043,X001685266,Not Toll,73,3,4,Divided With Median Barrier,3,2939912.062394,1905332.46992192,41.873633772562904,-87.8045,,Urban,1,N,(N/A),Y,(N/A)
2019,2019-09-21,Saturday,12,12:58 PM,Injury,B Injury Crash,1,0,0,1,0,0,Fixed Object,6,N,N,Equipment-Vehicle Condition,Unable to Determine,Daylight,Cloudy/Overcast,Dry,N,,,,,No Controls,No Controls,N,1,41.8781958,-87.8046662,ok,(UNK),1,1905536,2019,,10,18,50000 and OVER,9,4295,Oak Park,C,Urban Other Principal Arte,0,16,21,10601551,9,Cook,2,19,,,6,N,No,Stopped,201901331927,City,1,25.92,Y,,,,(UNK),212272,(N/A),(UNK),No Defects,1,1,Other Principal Arterial (PAS),3,5043,X001683011,Not Toll,73,1,1,Not Divided,1,2939828.1317105,1906991.05577393,41.87818799171073,-87.8047,,Urban,8,N,(N/A),Y,(N/A)
2019,2019-09-23,Monday,05,05:51 AM,Property Damage,No Injuries,0,0,0,0,0,2,Front to Rear,11,N,N,Failing to Reduce Speed to Avoid Crash,Following Too Closely,Dawn,Clear,Dry,Y,,,,,Traffic Signal,Functioning Properly,N,2,41.9091478,-87.7850158,ok,(N/A),1,2019,,,28,3,50000 and OVER,9,4295,Oak Park,C,Urban Other Principal Arte,6,16,23,10603927,9,Cook,C,19,0,,1,X001685302,Stopped,(UNK),201901334269,Other,2,130.24,Y,,,,(UNK),213048,(N/A),(UNK),No Defects,1,1,No Median Barrier,3,5064,1905566,Urban,73,3,4,Divided,2,2944866.58923034,1918418.54020642,41.90913999969179,-87.785,,No,1,(N/A),N,Y,N
2019,2019-09-23,Monday,08,08:21 AM,Injury,B Injury Crash,1,0,0,1,0,1,Pedalcyclist,2,N,Y,Disregarding Stop Sign,Failing to Yield Right of Way,Daylight,Clear,Dry,Y,,,,,Stop Sign,Functioning Properly,Y,1,41.8917038,-87.7864398,ok,(UNK),1,1905569,2019,,23,2,50000 and OVER,9,4295,Oak Park,C,Urban Local Road or Street,8,16,23,10603929,9,Cook,2,19,,,1,N,No,Slow,201901334271,City,1,0,N,,,,(UNK),213049,(N/A),(UNK),No Defects,1,1,Local Road or Street,7,,X001685304,Not Toll,73,2,4,Not Divided,1,2944655.43234096,1912050.83916073,41.89169600119217,-87.7864,,Urban,1,N,(N/A),Y,(N/A)
2019,2019-09-21,Saturday,17,05:27 PM,Property Damage,No Injuries,0,0,0,0,0,2,Sideswipe Same Direction,12,N,N,Failing to Yield Right of Way,Improper Lane Usage,Daylight,Clear,Dry,N,,,,,No Controls,No Controls,N,2,41.8725612,-87.8044772,ok,(UNK),1,1905545,2019,,2,20,50000 and OVER,9,4295,Oak Park,C,Urban Other Principal Arte,0,16,21,10603938,9,Cook,0,19,,,6,N,No,Slow,201901334282,City,1,20.16,Y,,,,(UNK),213073,(N/A),(UNK),No Defects,1,1,Other Principal Arterial (PAS),3,348,X001684829,Not Toll,73,1,1,Divided With Median Barrier,3,2939936.1418012,1904939.10071111,41.87255332627439,-87.8045,,Urban,1,N,(N/A),Y,(N/A)
2019,2019-09-22,Sunday,15,03:58 PM,Property Damage,No Injuries,0,0,0,0,0,3,Angle,15,N,N,Failing to Yield Right of Way,Failing to Reduce Speed to Avoid Crash,Daylight,Rain,Wet,Y,,,,,Stop Sign,Functioning Properly,N,2,41.891792,-87.7799066,ok,(UNK),1,1905554,2019,,2,28,50000 and OVER,9,4295,Oak Park,C,Urban Local Road or Street,8,16,22,10603940,9,Cook,0,19,,,7,N,No,Free Flow,201901334285,City,1,0,N,,,,(UNK),213075,(N/A),(UNK),No Defects,1,2,Local Road or Street,7,,X001684857,Not Toll,73,2,4,Four Way,14,2946433.44167498,1912132.40857365,41.891784162258894,-87.7799,,Urban,2,N,(N/A),Y,(N/A)
2019,2019-09-22,Sunday,17,05:14 PM,Property Damage,No Injuries,0,0,0,0,0,4,Turning,10,N,N,Failing to Yield Right of Way,(N/A),Daylight,Rain,Wet,N,,,,,No Controls,No Controls,N,2,41.8816959,-87.779607,ok,(UNK),1,1905557,2019,,2,99,50000 and OVER,9,4295,Oak Park,C,Urban Local Road or Street,0,16,22,10603941,9,Cook,0,19,,,7,N,No,Free Flow,201901334286,City,1,0.44,N,,,,(UNK),213076,(N/A),(UNK),No Defects,1,2,Local Road or Street,7,3794,X001684862,Not Toll,73,1,1,T-Intersection,15,2946617.41790435,1908455.46934892,41.881688067843456,-87.7796,,Urban,2,N,(N/A),Y,(N/A)
2019,2019-09-23,Monday,16,04:25 PM,Property Damage,No Injuries,0,0,0,0,0,2,Fixed Object,6,N,N,Improper Turning/No Signal,Improper Lane Usage,Daylight,Clear,Dry,N,,,,,Stop Sign,Functioning Properly,N,1,41.8715964,-87.7891807,ok,Partial Access Control,1,1905583,2019,,6,20,50000 and OVER,9,4295,Oak Park,C,Urban Local Road or Street,0,16,23,10604452,9,Cook,0,19,LIGHT POLE,GREENHOUSE,1,N,Yes,Free Flow,201901334795,City,1,0.24,N,,,,(UNK),213157,(N/A),(UNK),No Defects,1,1,Local Road or Street,7,290,X001685892,Not Toll,73,2,4,Not Divided,1,2944112.20665639,1904702.62398582,41.87158859366986,-87.7892,,Urban,1,N,(N/A),Y,(N/A)
2019,2019-09-24,Tuesday,08,08:41 AM,Property Damage,No Injuries,0,0,0,0,0,2,Sideswipe Same Direction,12,N,N,Failing to Reduce Speed to Avoid Crash,Improper Lane Usage,Daylight,Clear,Dry,Y,,,,,No Controls,No Controls,Y,2,41.8883878,-87.7863471,ok,(N/A),1,2019,,,28,20,50000 and OVER,9,4295,Oak Park,C,Urban Major Collector,8,16,24,10604644,9,Cook,C,19,0,,2,X001686067,Slow,(UNK),201901335048,Major,1,0,N,,,,(UNK),213744,(N/A),(UNK),No Defects,1,1,No Median Barrier,5,,1905600,Urban,73,1,1,Divided,2,2944714.198525,1910843.12624847,41.88838000286831,-87.7863,,No,1,(N/A),N,Y,N