crash_year,crash_date,day_of_week,crash_hour,time_of_crash,crash_severity,crash_injury_severity,total_injured,total_fatals,a_injuries,b_injuries,c_injuries,no_injuries,type_of_first_crash,collision_type_code,pedestrian_involved,pedalcyclist_involved,cause1,cause2,lighting_cond,weather_cond,road_surface_cond,intersection_related,is_intersection,highway_or_street_name,at_intersection_with,address_no,traffic_control_device,traffic_control_device_cond,hit_and_run,number_of_vehicles,latitude,longitude,location_status,access_control,agency_code,agency_report_number,agency_report_year,alignment_code,cause1_code,cause2_code,city_class,city_class_code,city_code,city_name,city_township_flag,class_of_trafficway,class_of_trafficway_code,county_code,crash_day,crash_id,crash_month,crash_report_county,crash_severity_cd,crash_yr_source,damaged_property1,damaged_property2,day_of_week_code,did_crash_occur_in_work_zone,did_involve_secondary_crash,flow_condition,icn,investigating_agency_descrip,light_condition_code,mile_station,nhs,non_intersection_direction,non_intersection_distance,non_intersection_units,number_of_lanes,objectid,railroad_crossing_number,road_alignment,road_defects,road_defects_code,road_surface_condition_code,roadway_functional_class,roadway_functional_class_code,route_number,sfe,toll,township,traffic_control_device_code,traffic_control_device_cond_code,trafficway_descrip,trafficway_description_code,ts_crash_coordinate_x,ts_crash_coordinate_y,ts_crash_latitude,ts_crash_longitude,type_report,urban_rural,weather_code,were_workers_present,work_zone,work_zone_related,work_zone_type
2019,2019-09-14,Saturday,12,12:40 PM,Property Damage,No Injuries,0,0,0,0,0,3,Front to Rear,11,N,N,Following Too Closely,Failing to Reduce Speed to Avoid Crash,Daylight,Clear,Dry,N,,,,,No Controls,No Controls,Y,2,41.8726748,-87.7944198,ok,Partial Access Control,3,03-19-13989,2019,,3,28,50000 and OVER,9,4295,Oak Park,C,Urban InterState (PAS),0,16,14,10604109,9,Cook,0,19,,,6,N,No,(UNK),201901334456,ISP,1,320.38,Y,,,,(UNK),213818,(N/A),(UNK),No Defects,1,1,InterState (PAS),1,5110,X001685589,Not Toll,73,1,1,Divided With Median Barrier,3,2942674.34676354,1905056.08454425,41.872666922720306,-87.7944,,Urban,1,N,(N/A),Y,(N/A)
2019,2019-09-23,Monday,19,07:46 PM,Property Damage,No Injuries,0,0,0,0,0,1,Fixed Object,6,N,N,Driving Skills/Knowledge/Experience,Failing to Reduce Speed to Avoid Crash,Darkness / Lighted Road,Clear,Dry,N,,,,,No Controls,No Controls,N,1,41.8872068,-87.7944688,ok,(UNK),1,1905589,2019,,15,28,50000 and OVER,9,4295,Oak Park,C,Urban Major Collector,0,16,23,10605960,9,Cook,0,19,OAK PARK SIGN,,1,N,No,Free Flow,201901336434,City,5,5.63,N,,,,(UNK),213918,(N/A),(UNK),No Defects,1,1,Major Collector,5,2775,X001687099,Not Toll,73,1,1,Not Divided,1,2942514.53128704,1910351.43859637,41.88719891309248,-87.7945,,Urban,1,N,(N/A),Y,(N/A)
2019,2019-09-19,Thursday,07,07:20 AM,Property Damage,No Injuries,0,0,0,0,0,2,Front to Rear,11,N,N,Following Too Closely,Failing to Reduce Speed to Avoid Crash,Daylight,Clear,Dry,N,,,,,No Controls,Functioning Properly,N,2,41.8709673,-87.7746805,ok,Partial Access Control,3,03-19-14258,2019,,3,28,50000 and OVER,9,4295,Oak Park,C,Urban InterState (PAS),0,16,19,10604177,9,Cook,0,19,,,4,N,No,(UNK),201901334526,ISP,1,9.19,Y,,,,(UNK),214149,(N/A),(UNK),No Defects,1,1,InterState (PAS),1,290,X001685655,Not Toll,73,1,4,Divided With Median Barrier,3,2948068.09080804,1904583.13022322,41.87095943242136,-87.7747,,Urban,1,N,(N/A),Y,(N/A)
2019,2019-09-15,Sunday,06,06:07 AM,Property Damage,No Injuries,0,0,0,0,0,2,Turning,10,N,N,Failing to Reduce Speed to Avoid Crash,Unable to Determine,Dawn,Rain,Wet,Y,,,,,Traffic Signal,Functioning Properly,Y,2,41.8736416,-87.8045258,ok,Partial Access Control,1,1905378,2019,,28,18,50000 and OVER,9,4295,Oak Park,C,Urban InterState (PAS),0,16,15,10605646,9,Cook,0,19,,,7,N,No,Slow,201901336126,City,2,25.61,Y,,,,(UNK),214196,(N/A),(UNK),No Defects,1,2,InterState (PAS),1,5043,X001686936,Not Toll,73,3,4,Other,8,2939912.062394,1905332.46992192,41.873633772562904,-87.8045,,Urban,2,N,(N/A),Y,(N/A)
2019,2019-09-19,Thursday,15,03:31 PM,Property Damage,No Injuries,0,0,0,0,0,2,Angle,15,N,N,Failing to Yield Right of Way,Vision Obscured,Daylight,Clear,Dry,Y,,,,,Stop Sign,Functioning Properly,N,2,41.8852132,-87.7846037,ok,(N/A),1,2019,,,2,14,50000 and OVER,9,4295,Oak Park,C,Urban Major Collector,8,16,19,10600859,9,Cook,C,19,0,STOP SIGN,4,X001681818,Slow,(UNK),201901331252,Major,1,0,N,,,,(UNK),214461,(N/A),(UNK),No Defects,1,1,No Median Barrier,5,,1905485,Urban,73,2,4,Divided,2,2945221.0666554,1909699.40936816,41.88520536619328,-87.7846,,No,1,(N/A),N,Y,N
2019,2019-09-19,Thursday,17,05:21 PM,Property Damage,No Injuries,0,0,0,0,0,2,Sideswipe Same Direction,12,N,N,Improper Lane Usage,Improper Overtaking/Passing,Daylight,Clear,Dry,Y,,,,,Traffic Signal,Functioning Properly,N,2,41.901888,-87.7841316,ok,(UNK),1,1905490,2019,,20,4,50000 and OVER,9,4295,Oak Park,C,Urban Major Collector,8,16,19,10600861,9,Cook,0,19,,,4,N,No,Stopped,201901331254,City,1,0,N,,,,(UNK),214463,(N/A),(UNK),No Defects,1,1,Major Collector,5,,X001681850,Not Toll,73,3,4,Two-way Continuous Left-Tur,4,2945180.79489267,1915779.59319807,41.90188014836999,-87.7841,,Urban,1,N,(N/A),Y,(N/A)
2019,2019-09-19,Thursday,17,05:35 PM,Property Damage,No Injuries,0,0,0,0,0,2,Angle,15,N,N,Failing to Yield Right of Way,Disregarding Stop Sign,Daylight,Clear,Dry,Y,,,,,Stop Sign,Functioning Properly,N,2,41.8982438,-87.7833768,ok,(UNK),1,1905491,2019,,2,23,50000 and OVER,9,4295,Oak Park,C,Urban Local Road or Street,8,16,19,10600862,9,Cook,0,19,,,4,N,No,Slow,201901331255,City,1,0,N,,,,(UNK),214464,(N/A),(UNK),No Defects,1,1,Local Road or Street,7,,X001681854,Not Toll,73,2,4,Four Way,14,2945423.21229743,1914457.28742597,41.89823595137964,-87.7834,,Urban,1,N,(N/A),Y,(N/A)
2019,2019-09-19,Thursday,20,08:39 PM,Property Damage,No Injuries,0,0,0,0,0,2,Front to Rear,11,N,N,Following Too Closely,(N/A),Darkness,Clear,Dry,N,,,,,No Controls,No Controls,N,2,41.8831733,-87.804853,ok,(N/A),1,2019,,,3,99,50000 and OVER,9,4295,Oak Park,C,Urban Other Principal Arte,0,16,19,10600863,9,Cook,C,19,0,,4,X001681860,Slow,(UNK),201901331256,Other,4,19.44,Y,,,,(UNK),214465,(N/A),(UNK),No Defects,1,1,No Median Barrier,3,348,1905496,Urban,73,1,1,Divided,2,2939727.30930951,1908803.52142904,41.883165424946974,-87.8048,,No,1,(N/A),N,Y,N
2019,2019-09-20,Friday,15,03:52 PM,Property Damage,No Injuries,0,0,0,0,0,3,Front to Rear,11,N,N,Following Too Closely,Failing to Reduce Speed to Avoid Crash,Daylight,Clear,Dry,N,,,,,Traffic Signal,Functioning Properly,N,2,41.883083,-87.7943358,ok,(UNK),1,1905517,2019,,3,28,50000 and OVER,9,4295,Oak Park,C,Urban Major Collector,0,16,20,10600879,9,Cook,0,19,,,5,N,No,(UNK),201901331271,City,1,5.92,N,,,,(UNK),214491,(N/A),(UNK),No Defects,1,1,Major Collector,5,2775,X001682204,Not Toll,73,3,4,Not Divided,1,2942592.32246409,1908849.65565618,41.88307512543952,-87.7943,,Urban,1,N,(N/A),Y,(N/A)
2019,2019-09-20,Friday,06,06:59 AM,Injury,B Injury Crash,3,0,0,2,1,0,Angle,15,N,N,Disregarding Traffic Signals,Unable to Determine,Daylight,Cloudy/Overcast,Wet,Y,,,,,Traffic Signal,Functioning Properly,N,2,41.8869836,-87.7846457,ok,(UNK),1,1905502,2019,,25,18,50000 and OVER,9,4295,Oak Park,C,Urban Major Collector,8,16,20,10600880,9,Cook,2,19,,,5,N,No,Free Flow,201901331272,City,1,0,N,,,,(UNK),214492,(N/A),(UNK),No Defects,1,2,Major Collector,5,,X001682205,Not Toll,73,3,4,Not Divided,1,2945191.71029925,1910344.2420506,41.88697571979316,-87.7846,,Urban,8,N,(N/A),Y,(N/A)
2019,2019-09-14,Saturday,12,12:30 PM,Property Damage,No Injuries,0,0,0,0,0,2,Sideswipe Same Direction,12,N,N,Unable to Determine,Unable to Determine,Daylight,Clear,Dry,Y,,,,,Traffic Signal,Functioning Properly,N,2,41.9087836,-87.8057828,ok,(UNK),1,1901317,2019,,18,18,50000 and OVER,9,4295,Oak Park,C,Urban Other Principal Arte,6,16,14,10600887,9,Cook,0,19,,,6,N,No,Stopped,201901331278,City,1,28.04,Y,,,,(UNK),214665,(N/A),(UNK),No Defects,1,1,Other Principal Arterial (PAS),3,5043,X001682230,Not Toll,73,3,4,Divided With Median Barrier,3,2939217.15400692,1918129.42300251,41.908775715474604,-87.8058,,Urban,1,N,(N/A),Y,(N/A)
2019,2019-09-26,Thursday,15,03:20 PM,Property Damage,No Injuries,0,0,0,0,0,2,Sideswipe Same Direction,12,N,N,Improper Overtaking/Passing,Failing to Reduce Speed to Avoid Crash,Daylight,Clear,Dry,N,,,,,No Controls,No Controls,N,2,41.8650283,-87.8042158,ok,(N/A),1,2019,,,4,28,50000 and OVER,9,4295,Oak Park,C,Urban Other Principal Arte,6,16,26,10607988,9,Cook,C,19,0,,4,X001688890,Free Flow,(UNK),201901338806,Other,1,25.01,Y,,,,(UNK),214807,(N/A),(UNK),No Defects,1,1,No Median Barrier,3,5043,19-03314,Urban,52,1,1,Divided,2,2940082.92172756,1902195.96661667,41.86502049692849,-87.8042,,No,1,(N/A),N,Y,N
2019,2019-09-22,Sunday,16,04:20 PM,Property Damage,No Injuries,0,0,0,0,0,3,Front to Rear,11,N,N,Following Too Closely,Failing to Reduce Speed to Avoid Crash,Daylight,Rain,Wet,N,,,,,Other Regualtory Sig,Functioning Properly,Y,3,41.8737436,-87.8041488,ok,Partial Access Control,3,03-19-14810,2019,,3,28,50000 and OVER,9,4295,Oak Park,C,Urban InterState (PAS),0,16,22,10608862,9,Cook,0,19,,,7,N,Yes,(UNK),201901340225,ISP,1,319.93,Y,,,,(UNK),215257,(N/A),(UNK),No Defects,1,2,InterState (PAS),1,5110,X001689705,Not Toll,73,10,4,Divided With Median Barrier,3,2940013.70855615,1905372.46256684,41.873735758454295,-87.8041,,Urban,2,N,(N/A),Y,(N/A)
2019,2019-09-25,Wednesday,15,03:12 PM,Property Damage,No Injuries,0,0,0,0,0,2,Sideswipe Same Direction,12,N,N,Failing to Reduce Speed to Avoid Crash,Related to Bus Stop,Daylight,Clear,Dry,N,,,,,No Controls,No Controls,Y,2,41.8733453,-87.8045125,ok,(UNK),1,19-03295,2019,,28,63,50000 and OVER,9,4295,Oak Park,C,Urban Other Principal Arte,0,16,25,10606360,9,Cook,0,19,,,3,N,No,Slow,201901336926,City,1,20.11,Y,,,,(UNK),215410,(N/A),(UNK),No Defects,1,1,Other Principal Arterial (PAS),3,348,X001687536,Not Toll,73,1,1,Divided With Median Barrier,3,2939918.66728266,1905224.57145424,41.87333741359164,-87.8045,,Urban,1,N,(N/A),Y,(N/A)
2019,2019-09-25,Wednesday,09,09:32 AM,Injury,B Injury Crash,1,0,0,1,0,4,Turning,10,N,N,Failing to Yield Right of Way,(N/A),Daylight,Clear,Dry,Y,,,,,No Controls,No Controls,N,2,41.8762969,-87.7831047,ok,(UNK),1,1905621,2019,,2,99,50000 and OVER,9,4295,Oak Park,C,Urban Local Road or Street,8,16,25,10607128,9,Cook,2,19,,,3,N,No,Free Flow,201901338082,City,1,0,N,,,,(UNK),215428,(N/A),(UNK),No Defects,1,1,Local Road or Street,7,,X001688120,Not Toll,73,1,1,Not Divided,1,2945719.56213743,1906461.48305058,41.87628906444259,-87.7831,,Urban,1,N,(N/A),Y,(N/A)
2019,2019-09-24,Tuesday,15,03:22 PM,Property Damage,No Injuries,0,0,0,0,0,2,Angle,15,N,N,Failing to Yield Right of Way,Unable to Determine,Daylight,Clear,Dry,Y,,,,,Stop Sign,Functioning Properly,N,2,41.8944979,-87.7897706,ok,(UNK),1,1905609,2019,,2,18,50000 and OVER,9,4295,Oak Park,C,Urban Minor Arterial,8,16,24,10606740,9,Cook,0,19,,,2,N,No,Slow,201901337432,City,1,0,N,,,,(UNK),215724,(N/A),(UNK),No Defects,1,1,Minor Arterial,4,,X001687374,Not Toll,73,2,4,Not Divided,1,2943720.24976272,1913043.90498373,41.894490094572866,-87.7898,,Urban,1,N,(N/A),Y,(N/A)
2019,2019-09-23,Monday,23,11:27 PM,Property Damage,No Injuries,0,0,0,0,0,1,Parked Motor Vehicle,9,N,N,Failing to Reduce Speed to Avoid Crash,Unable to Determine,Darkness / Lighted Road,Unknown,Unknown,N,,,,,No Controls,No Controls,Y,2,41.8814988,-87.7998397,ok,(UNK),1,1905598,2019,,28,18,50000 and OVER,9,4295,Oak Park,C,Urban Major Collector,0,16,23,10606746,9,Cook,0,19,,,1,N,No,(UNK),201901337437,City,5,0.25,N,,,,(UNK),215725,(N/A),(UNK),No Defects,1,9,Major Collector,5,5,X001687785,Not Toll,73,1,1,Not Divided,1,2941109.39372758,1908230.93122505,41.881490911768665,-87.7998,,Urban,9,N,(N/A),Y,(N/A)
2019,2019-09-25,Wednesday,10,10:30 AM,Property Damage,No Injuries,0,0,0,0,0,1,Parked Motor Vehicle,9,N,N,Failing to Reduce Speed to Avoid Crash,Unable to Determine,Daylight,Clear,Dry,N,,,,,No Controls,No Controls,Y,2,41.8930486,-87.8051381,ok,(UNK),1,1905622,2019,,28,18,50000 and OVER,9,4295,Oak Park,C,Urban Local Road or Street,8,16,25,10606747,9,Cook,0,19,,,3,N,No,(UNK),201901337438,City,1,0,N,,,,(UNK),215726,(N/A),(UNK),No Defects,1,1,Local Road or Street,7,,X001687786,Not Toll,73,1,1,One-Way,10,2939550.58190941,1912400.13026308,41.89304073869373,-87.8051,,Urban,1,N,(N/A),Y,(N/A)
2019,2019-09-27,Friday,08,08:50 AM,Property Damage,No Injuries,0,0,0,0,0,2,Front to Rear,11,N,N,Following Too Closely,Failing to Reduce Speed to Avoid Crash,Daylight,Clear,Dry,N,,,,,No Controls,No Controls,N,2,41.873196,-87.7988549,ok,(UNK),3,03-19-14793,2019,,3,28,50000 and OVER,9,4295,Oak Park,C,Urban (UNK),0,16,27,10608554,9,Cook,0,19,,,5,N,No,(UNK),201901339655,ISP,1,0.02,N,,,,(UNK),216091,(N/A),(UNK),No Defects,1,1,(UNK),0,290,X001689436,No Toll,73,1,1,Divided With Median Barrier,3,2941461.1141802,1905212.64879374,41.873188127179226,-87.7988,,Urban,1,N,(N/A),Y,(N/A)
2019,2019-09-22,Sunday,12,12:05 PM,Property Damage,No Injuries,0,0,0,0,0,2,Front to Rear,11,N,N,Following Too Closely,Failing to Reduce Speed to Avoid Crash,Daylight,Rain,Wet,N,,,,,No Controls,Functioning Properly,N,2,41.8729198,-87.7985498,ok,(N/A),3,2019,,,3,28,50000 and OVER,9,4295,Oak Park,C,Urban InterState (PAS),0,16,22,10607785,9,Cook,I,19,0,,7,X001688688,(UNK),Partial Access Control,201901338599,InterS,1,21.86,Y,,,,(UNK),216125,(N/A),(UNK),No Defects,1,2,No Median Barrier,1,9290,03-19-14492,Urban,,1,4,Divided,2,2941546.98430467,1905114.31699533,41.872912,-87.7985,,No,2,(N/A),N,Y,N
2019,2019-09-27,Friday,14,02:50 PM,Property Damage,No Injuries,0,0,0,0,0,2,Front to Rear,11,N,N,Following Too Closely,Failing to Reduce Speed to Avoid Crash,Daylight,Rain,Wet,N,,,,,Traffic Signal,Functioning Properly,Y,2,41.8754692,-87.8045808,ok,(UNK),1,19-03330,2019,,3,28,50000 and OVER,9,4295,Oak Park,C,Urban Other Principal Arte,0,16,27,10609164,9,Cook,0,19,,,5,N,No,Stopped,201901340535,City,1,19.97,Y,,,,(UNK),216387,(N/A),(UNK),No Defects,1,2,Other Principal Arterial (PAS),3,348,X001689994,Not Toll,73,3,4,Divided With Median Barrier,3,2939878.75051563,1905998.0490857,41.875461322075594,-87.8046,,Urban,2,N,(N/A),Y,(N/A)
2019,2019-09-11,Wednesday,16,04:42 PM,Property Damage,No Injuries,0,0,0,0,0,2,Angle,15,N,N,Failing to Yield Right of Way,(N/A),Daylight,Clear,Dry,N,,,,,No Controls,No Controls,N,3,41.8832478,-87.8048579,ok,(N/A),1,2019,,,2,99,50000 and OVER,9,4295,Oak Park,C,Urban Other Principal Arte,6,16,11,10601030,9,Cook,C,19,0,,3,X001682817,Stopped,(UNK),201901331393,Other,1,26.27,Y,,,,(UNK),216530,(N/A),(UNK),Shoulders,6,1,No Median Barrier,3,5043,19-03119,Urban,73,1,1,Divided,2,2939725.2356408,1908830.64861359,41.88323996482774,-87.8049,,Yes,1,(N/A),N,N,N
2019,2019-09-18,Wednesday,21,09:30 PM,Property Damage,No Injuries,0,0,0,0,0,4,Front to Rear,11,N,N,Following Too Closely,Driving Skills/Knowledge/Experience,Darkness / Lighted Road,Clear,Dry,Y,,,,,Traffic Signal,Functioning Properly,Y,2,41.8759848,-87.8045958,ok,(N/A),1,2019,,,3,15,50000 and OVER,9,4295,Oak Park,C,Urban Other Principal Arte,6,16,18,10601032,9,Cook,C,19,0,,3,X001682819,Slow,(UNK),201901331397,Other,5,25.77,Y,,,,(UNK),216532,(N/A),(UNK),No Defects,1,1,No Median Barrier,3,5043,19-03214,Urban,73,3,4,Divided,2,2939869.49456576,1906185.86027551,41.875977003722625,-87.8046,,No,1,(N/A),N,Y,N
2019,2019-09-27,Friday,16,04:04 PM,Property Damage,No Injuries,0,0,0,0,0,4,Front to Rear,11,N,N,Failing to Reduce Speed to Avoid Crash,Following Too Closely,Daylight,Rain,Wet,Y,,,,,Traffic Signal,Functioning Properly,Y,2,41.8815878,-87.7943358,ok,(UNK),1,1905679,2019,,28,3,50000 and OVER,9,4295,Oak Park,C,Urban Major Collector,8,16,27,10611385,9,Cook,0,19,,,5,N,No,(UNK),201901342853,City,1,0,N,,,,(UNK),217216,(N/A),(UNK),No Defects,1,2,Major Collector,5,,X001691208,Not Toll,73,3,4,Not Divided,1,2942607.39197709,1908304.80420034,41.881579999559136,-87.7943,,Urban,2,N,(N/A),Y,(N/A)
2019,2019-09-19,Thursday,07,07:30 AM,Property Damage,No Injuries,0,0,0,0,0,2,Parked Motor Vehicle,9,N,N,Failing to Yield Right of Way,(N/A),Daylight,Unknown,Unknown,N,,,,,No Controls,No Controls,Y,2,41.8945032,-87.7894826,ok,(UNK),1,1905652,2019,,2,99,50000 and OVER,9,4295,Oak Park,C,Urban Minor Arterial,0,16,19,10611410,9,Cook,0,19,,,4,N,No,Stopped,201901342876,City,1,3.38,N,,,,(UNK),217263,(N/A),(UNK),No Defects,1,9,Minor Arterial,4,1398,X001689091,Not Toll,73,1,1,Not Divided,1,2943798.63292321,1913047.99373995,41.89449534823649,-87.7895,,Urban,9,N,(N/A),Y,(N/A)
2019,2019-09-26,Thursday,07,07:43 AM,Property Damage,No Injuries,0,0,0,0,0,2,Angle,15,N,N,Failing to Yield Right of Way,Failing to Reduce Speed to Avoid Crash,Daylight,Clear,Dry,N,,,,,No Controls,No Controls,N,2,41.9092063,-87.7795776,ok,(N/A),1,2019,,,2,28,50000 and OVER,9,4295,Oak Park,C,Urban Other Principal Arte,0,16,26,10611411,9,Cook,C,19,0,,4,X001689092,Slow,(UNK),201901342877,Other,1,7.28,Y,,,,(UNK),217264,(N/A),(UNK),No Defects,1,1,No Median Barrier,3,307,1905642,Urban,73,1,1,Divided,2,2946346.34865055,1918481.00088959,41.909198414433256,-87.7796,,No,1,(N/A),N,Y,N
2019,2019-09-26,Thursday,11,11:52 AM,Property Damage,No Injuries,0,0,0,0,0,3,Angle,15,N,N,Failing to Yield Right of Way,Failing to Reduce Speed to Avoid Crash,Daylight,Clear,Dry,Y,,,,,Stop Sign,Functioning Properly,N,2,41.8763689,-87.776981,ok,(UNK),1,1905646,2019,,2,28,50000 and OVER,9,4295,Oak Park,C,Urban Local Road or Street,8,16,26,10611412,9,Cook,0,19,,,4,N,No,Slow,201901342878,City,1,0,N,,,,(UNK),217265,(N/A),(UNK),No Defects,1,1,Local Road or Street,7,,X001689093,Not Toll,73,2,4,T-Intersection,15,2947386.6576771,1906534.10341643,41.87636101121392,-87.777,,Urban,1,N,(N/A),Y,(N/A)
2019,2019-09-25,Wednesday,13,01:02 PM,Property Damage,No Injuries,0,0,0,0,0,2,Front to Rear,11,N,N,Failing to Reduce Speed to Avoid Crash,Unable to Determine,Daylight,Clear,Dry,N,,,,,No Controls,No Controls,N,2,41.8885036,-87.8050231,ok,(N/A),1,2019,,,28,18,50000 and OVER,9,4295,Oak Park,C,Urban Other Principal Arte,0,16,25,10611420,9,Cook,C,19,0,,3,X001689102,Slow,(UNK),201901342888,Other,1,19.06,Y,,,,(UNK),217297,(N/A),(UNK),No Defects,1,1,No Median Barrier,3,348,1901360,Urban,73,1,1,Divided,2,2939627.50283517,1910744.71164076,41.888495743128644,-87.805,,No,1,(N/A),N,Y,N
2019,2019-09-26,Thursday,18,06:06 PM,Property Damage,No Injuries,0,0,0,0,0,3,Rear to Rear,17,N,N,Improper Backing,Driving Skills/Knowledge/Experience,Daylight,Clear,Dry,N,,,,,No Controls,No Controls,N,2,41.9090372,-87.7948504,ok,(UNK),1,1905655,2019,,30,15,50000 and OVER,9,4295,Oak Park,C,Urban Other Principal Arte,0,16,26,10611427,9,Cook,0,19,,,4,N,No,Free Flow,201901342895,City,1,129.74,Y,,,,(UNK),217339,(N/A),(UNK),No Defects,1,1,Other Principal Arterial (PAS),3,5064,X001690307,Not Toll,73,1,1,Parking Lot,7,2942190.57382567,1918304.00963459,41.909029385396344,-87.7948,,Urban,1,N,(N/A),Y,(N/A)
2019,2019-09-26,Thursday,18,06:32 PM,Property Damage,No Injuries,0,0,0,0,0,1,Parked Motor Vehicle,9,N,N,Following Too Closely,(N/A),Daylight,Clear,Dry,N,,,,,No Controls,No Controls,Y,2,41.8727241,-87.7794489,ok,(UNK),1,1905656,2019,,3,99,50000 and OVER,9,4295,Oak Park,C,Urban Local Road or Street,0,16,26,10611428,9,Cook,0,19,,,4,N,No,Stopped,201901342896,City,1,0.25,N,,,,(UNK),217340,(N/A),(UNK),No Defects,1,1,Local Road or Street,7,4060,X001690308,Not Toll,73,1,1,Not Divided,1,2946751.46287263,1905187.18242723,41.8727162833283,-87.7794,,Urban,1,N,(N/A),Y,(N/A)
2019,2019-09-18,Wednesday,09,09:33 AM,Property Damage,No Injuries,0,0,0,0,0,2,Front to Rear,11,N,N,Following Too Closely,Improper Lane Usage,Daylight,Clear,Dry,N,,,,,Other,Functioning Properly,N,2,41.8716227,-87.7805146,ok,Partial Access Control,3,03-19-14210,2019,,3,20,50000 and OVER,9,4295,Oak Park,C,Urban InterState (PAS),0,16,18,10611461,9,Cook,0,19,,,3,N,No,(UNK),201901342934,ISP,1,22.77,Y,,,,(UNK),217500,(N/A),(UNK),No Defects,1,1,InterState (PAS),1,9290,X001692196,Not Toll,73,13,4,Divided With Median Barrier,3,2946472.36039378,1904777.71100248,41.87161481266161,-87.7805,,Urban,1,N,(N/A),Y,(N/A)
2019,2019-09-28,Saturday,18,06:25 PM,Property Damage,No Injuries,0,0,0,0,0,5,Turning,10,N,N,Failing to Yield Right of Way,Failing to Reduce Speed to Avoid Crash,Dusk,Clear,Dry,Y,,,,,Traffic Signal,Functioning Properly,N,2,41.8759848,-87.8045958,ok,(UNK),1,19-03341,2019,,2,28,50000 and OVER,9,4295,Oak Park,C,Urban Other Principal Arte,6,16,28,10610927,9,Cook,0,19,,,6,N,No,Free Flow,201901342240,City,3,25.77,Y,,,,(UNK),217568,(N/A),(UNK),No Defects,1,1,Other Principal Arterial (PAS),3,5043,X001691746,Not Toll,73,3,4,Four Way,14,2939869.49456576,1906185.86027551,41.875977003722625,-87.8046,,Urban,1,N,(N/A),Y,(N/A)
2019,2019-09-25,Wednesday,15,03:24 PM,Property Damage,No Injuries,0,0,0,0,0,2,Front to Rear,11,N,N,Improper Lane Usage,Failing to Reduce Speed to Avoid Crash,Daylight,Clear,Dry,N,,,,,Other Regualtory Sig,Functioning Properly,N,2,41.8734531,-87.8039569,ok,Partial Access Control,3,03-19-14700,2019,,20,28,50000 and OVER,9,4295,Oak Park,C,Urban InterState (PAS),0,16,25,10610043,9,Cook,0,19,,,3,N,No,(UNK),201901341384,ISP,1,7.73,Y,,,,(UNK),217613,(N/A),(UNK),No Defects,1,1,InterState (PAS),1,290,X001690883,Not Toll,73,10,4,Divided With Median Barrier,3,2940068.90912183,1905268.04271791,41.873445268230824,-87.804,,Urban,1,N,(N/A),Y,(N/A)
2019,2019-09-26,Thursday,18,06:37 PM,Property Damage,No Injuries,0,0,0,0,0,1,Parked Motor Vehicle,9,N,N,Driving Skills/Knowledge/Experience,(N/A),Dusk,Clear,Dry,N,,,,,No Controls,No Controls,N,2,41.8946118,-87.7819694,ok,(N/A),1,2019,,,15,99,50000 and OVER,9,4295,Oak Park,C,Urban Minor Arterial,0,16,26,10611542,9,Cook,C,19,0,,4,X001690309,Slow,(UNK),201901343019,Minor,3,3.77,N,,,,(UNK),217832,(N/A),(UNK),No Defects,1,1,No Median Barrier,4,1398,1905658,Urban,73,1,1,Divided,2,2945843.19778416,1913144.36272526,41.89460393415445,-87.782,,No,1,(N/A),N,Y,N
2019,2019-09-25,Wednesday,17,05:12 PM,Property Damage,No Injuries,0,0,0,0,0,6,Front to Rear,11,N,N,Failing to Reduce Speed to Avoid Crash,Driving Skills/Knowledge/Experience,Daylight,Clear,Dry,N,,,,,Traffic Signal,Functioning Properly,N,2,41.8944671,-87.7946763,ok,(UNK),1,1905630,2019,,28,15,50000 and OVER,9,4295,Oak Park,C,Urban Major Collector,0,16,25,10611574,9,Cook,0,19,,,3,N,No,(UNK),201901343041,City,1,5.12,N,,,,(UNK),217930,(N/A),(UNK),No Defects,1,1,Major Collector,5,2775,X001688543,Not Toll,73,3,4,Not Divided,1,2942384.84348112,1912995.68282704,41.894459258854496,-87.7947,,Urban,1,N,(N/A),Y,(N/A)
2019,2019-09-22,Sunday,23,11:15 PM,Property Damage,No Injuries,0,0,0,0,0,2,Front to Rear,11,N,N,Failing to Reduce Speed to Avoid Crash,Equipment-Vehicle Condition,Darkness / Lighted Road,Clear,Wet,N,,,,,Other,Functioning Properly,N,2,41.8737819,-87.8045295,ok,(UNK),3,03-19-14519,2019,,28,10,50000 and OVER,9,4295,Oak Park,C,Urban (UNK),0,16,22,10610190,9,Cook,0,19,,,7,N,No,(UNK),201901341525,ISP,5,21.58,N,,,,(UNK),218425,(N/A),(UNK),No Defects,1,2,(UNK),0,9290,X001691024,No Toll,73,13,4,Divided With Median Barrier,3,2939909.65289813,1905383.55438405,41.873774029350606,-87.8045,,Urban,1,N,(N/A),Y,(N/A)
2019,2019-09-11,Wednesday,14,02:32 PM,Property Damage,No Injuries,0,0,0,0,0,2,Front to Rear,11,N,N,Failing to Reduce Speed to Avoid Crash,Following Too Closely,Daylight,Clear,Dry,N,,,,,Other,Functioning Properly,N,2,41.8719079,-87.7837872,ok,Partial Access Control,3,03-19-13799,2019,,28,3,50000 and OVER,9,4295,Oak Park,C,Urban InterState (PAS),0,16,11,10610719,9,Cook,0,19,,,3,N,No,(UNK),201901342034,ISP,1,320.94,Y,,,,(UNK),218771,(N/A),(UNK),No Defects,1,1,InterState (PAS),1,5110,X001691549,Not Toll,73,13,4,Divided With Median Barrier,3,2945578.11942959,1904856.89750446,41.87190009263551,-87.7838,,Urban,1,N,(N/A),Y,(N/A)