crash_year,crash_date,day_of_week,crash_hour,time_of_crash,crash_severity,crash_injury_severity,total_injured,total_fatals,a_injuries,b_injuries,c_injuries,no_injuries,type_of_first_crash,collision_type_code,pedestrian_involved,pedalcyclist_involved,cause1,cause2,lighting_cond,weather_cond,road_surface_cond,intersection_related,is_intersection,highway_or_street_name,at_intersection_with,address_no,traffic_control_device,traffic_control_device_cond,hit_and_run,number_of_vehicles,latitude,longitude,location_status,access_control,agency_code,agency_report_number,agency_report_year,alignment_code,cause1_code,cause2_code,city_class,city_class_code,city_code,city_name,city_township_flag,class_of_trafficway,class_of_trafficway_code,county_code,crash_day,crash_id,crash_month,crash_report_county,crash_severity_cd,crash_yr_source,damaged_property1,damaged_property2,day_of_week_code,did_crash_occur_in_work_zone,did_involve_secondary_crash,flow_condition,icn,investigating_agency_descrip,light_condition_code,mile_station,nhs,non_intersection_direction,non_intersection_distance,non_intersection_units,number_of_lanes,objectid,railroad_crossing_number,road_alignment,road_defects,road_defects_code,road_surface_condition_code,roadway_functional_class,roadway_functional_class_code,route_number,sfe,toll,township,traffic_control_device_code,traffic_control_device_cond_code,trafficway_descrip,trafficway_description_code,ts_crash_coordinate_x,ts_crash_coordinate_y,ts_crash_latitude,ts_crash_longitude,type_report,urban_rural,weather_code,were_workers_present,work_zone,work_zone_related,work_zone_type
2019,2019-10-01,Tuesday,06,06:28 AM,Injury,B Injury Crash,1,0,0,1,0,1,Front to Rear,11,N,N,Following Too Closely,Distraction - From Inside Vehicle,Daylight,Clear,Dry,Y,,,,,No Controls,No Controls,N,2,41.9091369,-87.7860382,ok,(N/A),1,2019,,,3,41,50000 and OVER,9,4295,Oak Park,C,Urban Other Principal Arte,6,16,1,10615713,10,Cook,C,19,2,,2,X001695308,Stopped,(UNK),201901347954,Other,1,130.19,Y,,,,(UNK),219720,(N/A),(UNK),No Defects,1,1,No Median Barrier,3,5064,1905745,Urban,73,1,1,Divided,2,2944588.38854435,1918406.81193635,41.90912902867009,-87.786,,No,1,(N/A),N,Y,N
2019,2019-09-28,Saturday,18,06:10 PM,Property Damage,No Injuries,0,0,0,0,0,5,Front to Rear,11,N,N,Distraction - From Outside Vehicle,Failing to Reduce Speed to Avoid Crash,Daylight,Clear,Dry,N,,,,,No Controls,No Controls,N,2,41.8796526,-87.8045416,ok,(UNK),1,1905701,2019,,40,28,50000 and OVER,9,4295,Oak Park,C,Urban Minor Arterial,0,16,28,10613206,9,Cook,0,19,,,6,N,No,Free Flow,201901344791,City,1,3.07,N,,,,(UNK),219747,(N/A),(UNK),No Defects,1,1,Minor Arterial,4,1419,X001692952,Not Toll,73,1,1,Not Divided,1,2939847.44162537,1907522.86555059,41.879644768142015,-87.8045,,Urban,1,N,(N/A),Y,(N/A)
2019,2019-09-28,Saturday,18,06:17 PM,Injury,C Injury Crash,1,0,0,0,1,3,Front to Rear,11,N,N,Failing to Reduce Speed to Avoid Crash,Following Too Closely,Daylight,Clear,Dry,Y,,,,,No Controls,No Controls,Y,3,41.879928,-87.7881393,ok,(UNK),1,1905702,2019,,28,3,50000 and OVER,9,4295,Oak Park,C,Urban Local Road or Street,0,16,28,10613207,9,Cook,1,19,,,6,N,No,Stopped,201901344792,City,1,0,N,,,,(UNK),219748,(N/A),(UNK),No Defects,1,1,Local Road or Street,7,2650,X001692956,Not Toll,73,1,1,Not Divided,1,2944311.67341226,1907746.64964182,41.87992012764091,-87.7881,,Urban,1,N,(N/A),Y,(N/A)
2019,2019-09-29,Sunday,20,08:10 PM,Property Damage,No Injuries,0,0,0,0,0,2,Front to Rear,11,N,N,Following Too Closely,Failing to Reduce Speed to Avoid Crash,Darkness / Lighted Road,Rain,Wet,N,,,,,Traffic Signal,Functioning Properly,Y,2,41.8654646,-87.7839786,ok,(UNK),1,1905712,2019,,3,28,50000 and OVER,9,4295,Oak Park,C,Urban Major Collector,0,16,29,10613211,9,Cook,0,19,,,7,N,No,Stopped,201901344794,City,5,2.53,N,,,,(UNK),219749,(N/A),(UNK),No Defects,1,2,Major Collector,5,2783,X001693406,Not Toll,73,3,4,Two-way Continuous Left-Tur,4,2945591.18328573,1902507.36951045,41.865456724110906,-87.784,,Urban,2,N,(N/A),Y,(N/A)
2019,2019-09-30,Monday,14,02:31 PM,Property Damage,No Injuries,0,0,0,0,0,2,Sideswipe Same Direction,12,N,N,Improper Lane Usage,(N/A),Daylight,Clear,Dry,Y,,,,,Traffic Signal,Functioning Properly,N,2,41.8903391,-87.8051059,ok,(N/A),1,2019,,,20,99,50000 and OVER,9,4295,Oak Park,C,Urban Other Principal Arte,0,16,30,10613216,9,Cook,C,19,0,,1,X001693411,Free Flow,(UNK),201901344803,Other,1,18.94,Y,,,,(UNK),219750,(N/A),(UNK),No Defects,1,1,No Median Barrier,3,348,1905730,Urban,73,3,4,Divided,2,2939586.53070101,1911412.99484809,41.890331281686,-87.8051,,No,1,(N/A),N,Y,N
2019,2019-09-30,Monday,18,06:31 PM,Property Damage,No Injuries,0,0,0,0,0,1,Fixed Object,6,N,N,Improper Lane Usage,(N/A),Darkness / Lighted Road,Clear,Dry,N,,,,,No Controls,No Controls,Y,1,41.8880737,-87.8024166,ok,(UNK),1,1905740,2019,,20,99,50000 and OVER,9,4295,Oak Park,C,Urban Local Road or Street,0,16,30,10614771,9,Cook,0,19,PLANTER,,1,N,No,Free Flow,201901346937,City,5,0.03,N,,,,(UNK),220103,(N/A),(UNK),No Defects,1,1,Local Road or Street,7,2056,X001694626,Not Toll,73,1,1,Not Divided,1,2940341.57912549,1910607.62498319,41.88806590274489,-87.8024,,Urban,1,N,(N/A),Y,(N/A)
2019,2019-09-27,Friday,17,05:31 PM,Property Damage,No Injuries,0,0,0,0,0,2,Front to Rear,11,N,N,Following Too Closely,Equipment-Vehicle Condition,Darkness / Lighted Road,Rain,Wet,N,,,,,No Controls,No Controls,N,2,41.8815795,-87.7925467,ok,(UNK),1,1905683,2019,,3,10,50000 and OVER,9,4295,Oak Park,C,Urban Major Collector,0,16,27,10615264,9,Cook,0,19,,,5,N,No,Stopped,201901347675,City,5,0.63,N,,,,(UNK),220224,(N/A),(UNK),No Defects,1,2,Major Collector,5,5,X001695061,Not Toll,73,1,1,Not Divided,1,2943094.69479202,1908315.25197992,41.881571677692975,-87.7925,,Urban,2,N,(N/A),Y,(N/A)
2019,2019-10-02,Wednesday,12,12:31 PM,Injury,B Injury Crash,2,0,0,1,1,1,Angle,15,N,N,Failing to Reduce Speed to Avoid Crash,Unable to Determine,Daylight,Cloudy/Overcast,Wet,Y,,,,,Traffic Signal,Functioning Properly,N,2,41.8759849,-87.8045941,ok,(UNK),1,1905776,2019,,28,18,50000 and OVER,9,4295,Oak Park,C,Urban Other Principal Arte,0,16,2,10616343,10,Cook,2,19,,,3,N,No,Free Flow,201901348730,City,1,25.77,Y,,,,(UNK),221120,(N/A),(UNK),No Defects,1,2,Other Principal Arterial (PAS),3,5043,X001695339,Not Toll,73,3,4,Four Way,14,2939869.95666401,1906185.90585056,41.87597709380144,-87.8046,,Urban,8,N,(N/A),Y,(N/A)
2019,2019-10-01,Tuesday,16,04:24 PM,Injury,C Injury Crash,4,0,0,0,4,3,Angle,15,N,N,Failing to Yield Right of Way,Unable to Determine,Daylight,Clear,Dry,Y,,,,,Stop Sign,Functioning Properly,N,2,41.9037944,-87.7841755,ok,(UNK),1,1905756,2019,,2,18,50000 and OVER,9,4295,Oak Park,C,Urban Major Collector,8,16,1,10616348,10,Cook,1,19,,,2,N,No,Slow,201901348733,City,1,0,N,,,,(UNK),221122,(N/A),(UNK),No Defects,1,1,Major Collector,5,,X001695785,Not Toll,73,2,4,Not Divided,1,2945149.54834144,1916474.00793045,41.90378659389887,-87.7842,,Urban,1,N,(N/A),Y,(N/A)
2019,2019-10-01,Tuesday,17,05:00 PM,Property Damage,No Injuries,0,0,0,0,0,2,Turning,10,N,N,Failing to Reduce Speed to Avoid Crash,Unable to Determine,Dusk,Clear,Dry,N,,,,,No Controls,No Controls,N,2,41.8941559,-87.8052242,ok,(UNK),1,1905774,2019,,28,18,50000 and OVER,9,4295,Oak Park,C,Urban Other Principal Arte,0,16,1,10616351,10,Cook,0,19,,,2,N,No,Free Flow,201901348737,City,3,18.67,Y,,,,(UNK),221123,(N/A),(UNK),No Defects,1,1,Other Principal Arterial (PAS),3,348,X001695788,Not Toll,73,1,1,Not Divided,1,2939516.03036493,1912802.99389188,41.89414800643197,-87.8052,,Urban,1,N,(N/A),Y,(N/A)
2019,2019-10-02,Wednesday,13,01:49 PM,Property Damage,No Injuries,0,0,0,0,0,2,Sideswipe Same Direction,12,N,N,Unable to Determine,Unable to Determine,Daylight,Rain,Wet,N,,,,,No Controls,No Controls,N,2,41.879825,-87.795588,ok,(UNK),1,1905779,2019,,18,18,50000 and OVER,9,4295,Oak Park,C,Urban Local Road or Street,0,16,2,10616353,10,Cook,0,19,,,3,N,No,Free Flow,201901348739,City,1,0.46,N,,,,(UNK),221124,(N/A),(UNK),No Defects,1,2,Local Road or Street,7,2683,X001695790,Not Toll,73,1,1,Not Divided,1,2942284.14065538,1907652.96975215,41.87981717541115,-87.7956,,Urban,2,N,(N/A),Y,(N/A)
2019,2019-10-02,Wednesday,17,05:48 PM,Property Damage,No Injuries,0,0,0,0,0,2,Front to Rear,11,N,N,Distraction - From Inside Vehicle,Failing to Reduce Speed to Avoid Crash,Daylight,Rain,Wet,Y,,,,,Other,Functioning Properly,N,2,41.8753599,-87.8034763,ok,(UNK),1,1905791,2019,,41,28,50000 and OVER,9,4295,Oak Park,C,Urban Local Road or Street,0,16,2,10617839,10,Cook,0,19,,,3,N,No,Stopped,201901350892,City,1,0,N,,,,(UNK),221550,(N/A),(UNK),No Defects,1,2,Local Road or Street,7,4030,X001697109,Not Toll,73,13,4,Not Divided,1,2940180.66690795,1905966.49857831,41.87535200953175,-87.8035,,Urban,2,N,(N/A),Y,(N/A)
2019,2019-10-02,Wednesday,15,03:45 PM,Property Damage,No Injuries,0,0,0,0,0,2,Angle,15,N,N,Failing to Yield Right of Way,Failing to Reduce Speed to Avoid Crash,Daylight,Other,Wet,Y,,,,,Stop Sign,Functioning Properly,N,2,41.8669858,-87.7938263,ok,(UNK),1,1905793,2019,,2,28,50000 and OVER,9,4295,Oak Park,C,Urban Major Collector,8,16,2,10617840,10,Cook,0,19,,,3,N,No,Slow,201901350893,City,1,0,N,,,,(UNK),221551,(N/A),(UNK),No Defects,1,2,Major Collector,5,,X001697110,Not Toll,73,2,4,Four Way,14,2942893.33253242,1902987.37811611,41.866977911871786,-87.7938,,Urban,7,N,(N/A),Y,(N/A)
2019,2019-10-02,Wednesday,19,07:20 PM,Injury,C Injury Crash,1,0,0,0,1,1,Front to Rear,11,N,N,Failing to Reduce Speed to Avoid Crash,Following Too Closely,Darkness / Lighted Road,Rain,Wet,N,,,,,Stop Sign,Functioning Properly,N,2,41.9051433,-87.8056592,ok,(N/A),1,2019,,,28,3,50000 and OVER,9,4295,Oak Park,C,Urban Other Principal Arte,0,16,2,10617841,10,Cook,C,19,1,,3,X001697111,Slow,(UNK),201901350894,Other,5,17.9,Y,,,,(UNK),221552,(N/A),(UNK),No Defects,1,2,No Median Barrier,3,348,1905794,Urban,73,2,4,Divided,2,2939287.33599043,1916803.77495286,41.90513547393685,-87.8057,,No,2,(N/A),N,Y,N
2019,2019-10-02,Wednesday,11,11:09 AM,Property Damage,No Injuries,0,0,0,0,0,2,Front to Rear,11,N,N,Following Too Closely,Unable to Determine,Daylight,Rain,Wet,N,,,,,No Controls,No Controls,N,2,41.8983664,-87.7753635,ok,(N/A),1,2019,,,3,18,50000 and OVER,9,4295,Oak Park,C,Urban Local Road or Street,0,16,2,10617856,10,Cook,C,19,0,,3,X001696611,Slow,(UNK),201901350916,Local,1,1.56,N,,,,(UNK),221601,(N/A),(UNK),No Defects,1,2,No Median Barrier,7,3100,1905775,Urban,73,1,1,Divided,2,2947603.6703983,1914562.72085005,41.89835858960498,-87.7754,,No,2,(N/A),N,Y,N
2019,2019-09-30,Monday,08,08:15 AM,Property Damage,No Injuries,0,0,0,0,0,3,Front to Rear,11,N,N,Following Too Closely,Failing to Reduce Speed to Avoid Crash,Daylight,Clear,Dry,N,,,,,Other,Functioning Properly,N,3,41.8715028,-87.778768,ok,Partial Access Control,3,03-19-14991,2019,,3,28,50000 and OVER,9,4295,Oak Park,C,Urban InterState (PAS),0,16,30,10617979,9,Cook,0,19,,,1,N,No,(UNK),201901351156,ISP,1,321.19,Y,,,,(UNK),222173,(N/A),(UNK),No Defects,1,1,InterState (PAS),1,5110,X001697365,Not Toll,73,13,4,Divided With Median Barrier,3,2946949.32430647,1904747.28731836,41.8714950030803,-87.7788,,Urban,1,N,(N/A),Y,(N/A)
2019,2019-09-30,Monday,09,09:40 AM,Injury,B Injury Crash,1,0,0,1,0,1,Front to Rear,11,N,N,Following Too Closely,Failing to Reduce Speed to Avoid Crash,Daylight,Clear,Dry,N,,,,,Other,Functioning Properly,N,2,41.8718496,-87.7831319,ok,Partial Access Control,3,03-19-14993,2019,,3,28,50000 and OVER,9,4295,Oak Park,C,Urban InterState (PAS),0,16,30,10617993,9,Cook,2,19,,,1,N,No,(UNK),201901351175,ISP,1,320.97,Y,,,,(UNK),222254,(N/A),(UNK),No Defects,1,1,InterState (PAS),1,5110,X001697379,Not Toll,73,13,4,Divided With Median Barrier,3,2945757.17635403,1904840.59511229,41.8718417528732,-87.7831,,Urban,1,N,(N/A),Y,(N/A)
2019,2019-10-05,Saturday,12,12:49 PM,Property Damage,No Injuries,0,0,0,0,0,1,Parked Motor Vehicle,9,N,N,Failing to Reduce Speed to Avoid Crash,(N/A),Daylight,Clear,Dry,N,,,,,No Controls,No Controls,Y,2,41.8795766,-87.7832093,ok,(UNK),1,1905846,2019,,28,99,50000 and OVER,9,4295,Oak Park,C,Urban Local Road or Street,0,16,5,10620880,10,Cook,0,19,,,6,N,No,Free Flow,201901354330,City,1,0.03,N,,,,(UNK),223710,(N/A),(UNK),No Defects,1,1,Local Road or Street,7,2635,X001699036,Not Toll,73,1,1,Not Divided,1,2945657.86369327,1907655.86389794,41.87956873414859,-87.7832,,Urban,1,N,(N/A),Y,(N/A)
2019,2019-10-04,Friday,16,04:02 PM,Injury,C Injury Crash,2,0,0,0,2,1,Front to Rear,11,N,N,Following Too Closely,(N/A),Daylight,Cloudy/Overcast,Dry,N,,,,,No Controls,No Controls,N,2,41.8687486,-87.7840862,ok,(UNK),1,1905833,2019,,3,99,50000 and OVER,9,4295,Oak Park,C,Urban Major Collector,0,16,4,10620881,10,Cook,1,19,,,5,N,No,Free Flow,201901354331,City,1,2.3,N,,,,(UNK),223711,(N/A),(UNK),No Defects,1,1,Major Collector,5,2783,X001699037,Not Toll,73,1,1,Not Divided,1,2945528.63919054,1903703.32083703,41.86874077001642,-87.7841,,Urban,8,N,(N/A),Y,(N/A)
2019,2019-10-04,Friday,16,04:30 PM,Property Damage,No Injuries,0,0,0,0,0,2,Front to Rear,11,N,N,Failing to Reduce Speed to Avoid Crash,Following Too Closely,Daylight,Cloudy/Overcast,Dry,Y,,,,,No Controls,No Controls,N,2,41.8945279,-87.7881279,ok,(N/A),1,2019,,,28,3,50000 and OVER,9,4295,Oak Park,C,Urban Minor Arterial,8,16,4,10620882,10,Cook,C,19,0,,5,X001699039,(UNK),(UNK),201901354333,Minor,1,0,N,,,,(UNK),223712,(N/A),(UNK),No Defects,1,1,No Median Barrier,4,,1905836,Urban,73,1,1,Divided,2,2944167.21902897,1913067.22074738,41.89452004367815,-87.7881,,No,8,(N/A),N,Y,N
2019,2019-10-04,Friday,09,09:53 AM,Property Damage,No Injuries,0,0,0,0,0,3,Front to Rear,11,N,N,Failing to Reduce Speed to Avoid Crash,Unable to Determine,Daylight,Clear,Dry,Y,,,,,Traffic Signal,Functioning Properly,N,2,41.8942278,-87.8052258,ok,(N/A),1,2019,,,28,18,50000 and OVER,9,4295,Oak Park,C,Urban Other Principal Arte,6,16,4,10620904,10,Cook,C,19,0,,5,X001698188,(UNK),(UNK),201901354355,Other,1,27.03,Y,,,,(UNK),223724,(N/A),(UNK),No Defects,1,1,No Median Barrier,3,5043,1905825,Urban,73,3,4,Divided,2,2939514.862401,1912829.2173956,41.89421999990305,-87.8052,,No,1,(N/A),N,Y,N
2019,2019-10-02,Wednesday,13,01:50 PM,Property Damage,No Injuries,0,0,0,0,0,2,Front to Rear,11,N,N,Failing to Reduce Speed to Avoid Crash,Unable to Determine,Daylight,Rain,Wet,Y,,,,,Traffic Signal,Functioning Properly,Y,2,41.8886758,-87.7971556,ok,(N/A),1,2019,,,28,18,50000 and OVER,9,4295,Oak Park,C,Urban Major Collector,8,16,2,10620907,10,Cook,C,19,0,,3,X001698191,Stopped,(UNK),201901354358,Major,1,0,N,,,,(UNK),223726,(N/A),(UNK),No Defects,1,2,No Median Barrier,5,,1905780,Urban,73,3,4,Divided,2,2941768.0978308,1910866.57427927,41.888667994829675,-87.7971,,No,2,(N/A),N,Y,N
2019,2019-10-05,Saturday,22,10:44 PM,Property Damage,No Injuries,0,0,0,0,0,4,Turning,10,N,N,Failing to Yield Right of Way,(N/A),Darkness / Lighted Road,Clear,Wet,Y,,,,,Traffic Signal,Functioning Properly,N,2,41.9015578,-87.8055269,ok,(UNK),1,1901412,2019,,2,99,50000 and OVER,9,4295,Oak Park,C,Urban Other Principal Arte,0,16,5,10622874,10,Cook,0,19,,,6,N,No,(UNK),201901356484,City,5,27.54,Y,,,,(UNK),225070,(N/A),(UNK),No Defects,1,2,Other Principal Arterial (PAS),3,5043,X001701194,Not Toll,73,3,4,Not Divided,1,2939359.32858441,1915498.14091842,41.9015499724922,-87.8055,,Urban,1,N,(N/A),Y,(N/A)
2019,2019-10-06,Sunday,16,04:14 PM,Property Damage,No Injuries,0,0,0,0,0,2,Parked Motor Vehicle,9,N,N,Improper Backing,(N/A),Daylight,Cloudy/Overcast,Dry,N,,,,,No Controls,No Controls,N,2,41.8800768,-87.7794686,ok,(UNK),1,1905866,2019,,30,99,50000 and OVER,9,4295,Oak Park,C,Urban Minor Arterial,8,16,6,10622881,10,Cook,0,19,,,7,N,No,Free Flow,201901356494,City,1,0,N,,,,(UNK),225155,(N/A),(UNK),No Defects,1,1,Minor Arterial,4,,X001701178,Not Toll,73,1,1,Other,8,2946671.54048507,1907866.47060857,41.880068919847005,-87.7795,,Urban,8,N,(N/A),Y,(N/A)
2019,2019-10-06,Sunday,17,05:30 PM,Property Damage,No Injuries,0,0,0,0,0,1,Parked Motor Vehicle,9,N,N,Improper Backing,(N/A),Daylight,Cloudy/Overcast,Dry,N,,,,,No Controls,No Controls,N,2,41.8853885,-87.8000535,ok,(UNK),1,1905868,2019,,30,99,50000 and OVER,9,4295,Oak Park,C,Urban Local Road or Street,8,16,6,10622882,10,Cook,0,19,,,7,N,No,Free Flow,201901356495,City,1,0,N,,,,(UNK),225156,(N/A),(UNK),No Defects,1,1,Local Road or Street,7,,X001701179,Not Toll,73,1,1,Not Divided,1,2941012.06367113,1909646.83242473,41.885380692824036,-87.8,,Urban,8,N,(N/A),Y,(N/A)
2019,2019-10-05,Saturday,16,04:12 PM,Property Damage,No Injuries,0,0,0,0,0,7,Sideswipe Same Direction,12,N,N,Improper Overtaking/Passing,Failing to Reduce Speed to Avoid Crash,Daylight,Cloudy/Overcast,Dry,Y,,,,,Traffic Signal,Functioning Properly,N,2,41.8817171,-87.7845158,ok,(N/A),1,2019,,,4,28,50000 and OVER,9,4295,Oak Park,C,Urban Major Collector,8,16,5,10622885,10,Cook,C,19,0,,6,X001701182,(UNK),(UNK),201901356498,Major,1,0,N,,,,(UNK),225158,(N/A),(UNK),No Defects,1,1,No Median Barrier,5,,1905852,Urban,73,3,4,Divided,2,2945280.40130199,1908426.00878209,41.88170920798624,-87.7845,,No,8,(N/A),N,Y,N
2019,2019-10-04,Friday,21,09:02 PM,Injury,B Injury Crash,5,0,0,5,0,5,Front to Rear,11,N,N,Had Been Drinking,Failing to Reduce Speed to Avoid Crash,Darkness / Lighted Road,Clear,Dry,N,,,,,Other,Functioning Properly,N,5,41.8736578,-87.8042358,ok,Partial Access Control,3,03-19-15258,2019,,19,28,50000 and OVER,9,4295,Oak Park,C,Urban InterState (PAS),0,16,4,10622498,10,Cook,2,19,,,5,N,No,(UNK),201901355986,ISP,5,0.23,Y,,,,(UNK),225189,(N/A),(UNK),No Defects,1,1,InterState (PAS),1,290,X001700919,Not Toll,,13,4,Divided With Median Barrier,3,2939990.88602622,1905340.55880903,41.87365,-87.8042,,Urban,1,N,(N/A),Y,(N/A)
2019,2019-10-01,Tuesday,16,04:29 PM,Property Damage,No Injuries,0,0,0,0,0,2,Sideswipe Same Direction,12,N,N,Improper Overtaking/Passing,Unable to Determine,Daylight,Clear,Dry,N,,,,,No Controls,No Controls,Y,2,41.8813101,-87.7844982,ok,(UNK),1,1905759,2019,,4,18,50000 and OVER,9,4295,Oak Park,C,Urban Major Collector,0,16,1,10622887,10,Cook,0,19,,,2,N,No,Slow,201901356499,City,1,1.43,N,,,,(UNK),225240,(N/A),(UNK),Unknown,99,1,Major Collector,5,2783,X001701183,Not Toll,73,1,1,Not Divided,1,2945289.29153021,1908277.82491301,41.88130221356405,-87.7845,,Urban,1,N,(N/A),N,(N/A)
2019,2019-10-07,Monday,10,10:32 AM,Property Damage,No Injuries,0,0,0,0,0,3,Turning,10,N,N,Failing to Yield Right of Way,Improper Turning/No Signal,Daylight,Clear,Dry,Y,,,,,Stop Sign,Functioning Properly,N,2,41.8800382,-87.782838,ok,(UNK),1,1905878,2019,,2,6,50000 and OVER,9,4295,Oak Park,C,Urban Local Road or Street,0,16,7,10622889,10,Cook,0,19,,,1,N,No,Free Flow,201901356504,City,1,0.03,N,,,,(UNK),225241,(N/A),(UNK),No Defects,1,1,Local Road or Street,7,2635,X001701185,Not Toll,73,2,4,Not Divided,1,2945754.30036982,1907826.90418005,41.88003037496156,-87.7828,,Urban,1,N,(N/A),Y,(N/A)
2019,2019-10-07,Monday,11,11:14 AM,Property Damage,No Injuries,0,0,0,0,0,2,Turning,10,N,N,Failing to Yield Right of Way,(N/A),Daylight,Clear,Dry,N,,,,,No Controls,No Controls,N,2,41.8826884,-87.7943358,ok,(UNK),1,1905880,2019,,2,99,50000 and OVER,9,4295,Oak Park,C,Urban Major Collector,0,16,7,10622890,10,Cook,0,19,,,1,N,No,Free Flow,201901356506,City,1,5.94,N,,,,(UNK),225242,(N/A),(UNK),No Defects,1,1,Major Collector,5,2775,X001701186,Not Toll,73,1,1,Not Divided,1,2942596.29898687,1908705.88272658,41.882680598438206,-87.7943,,Urban,1,N,(N/A),Y,(N/A)
2019,2019-10-01,Tuesday,23,11:42 PM,Property Damage,No Injuries,0,0,0,0,0,3,Front to Rear,11,N,N,Failing to Reduce Speed to Avoid Crash,Following Too Closely,Darkness / Lighted Road,Clear,Dry,N,,,,,Other,Functioning Properly,N,2,41.8726398,-87.7956538,ok,Partial Access Control,3,03-19-15091,2019,,28,3,50000 and OVER,9,4295,Oak Park,C,Urban InterState (PAS),0,16,1,10623967,10,Cook,0,19,,,2,N,No,(UNK),201901358180,ISP,5,8.11,Y,,,,(UNK),225908,(N/A),(UNK),No Defects,1,1,InterState (PAS),1,290,X001702252,Not Toll,,13,4,Divided With Median Barrier,3,2942338.58634909,1905034.06670417,41.872632,-87.7956,,Urban,1,N,(N/A),Y,(N/A)
2019,2019-10-09,Wednesday,13,01:33 PM,Injury,C Injury Crash,1,0,0,0,1,1,Angle,15,N,N,Disregarding Traffic Signals,Failing to Reduce Speed to Avoid Crash,Daylight,Clear,Dry,Y,,,,,Traffic Signal,Functioning Properly,N,2,41.8761173,-87.7941089,ok,(UNK),1,1905921,2019,,25,28,50000 and OVER,9,4295,Oak Park,C,Urban Major Collector,8,16,9,10625853,10,Cook,1,19,,,3,N,No,Free Flow,201901359895,City,1,0,N,,,,(UNK),226452,(N/A),(UNK),No Defects,1,1,Major Collector,5,,X001703529,Not Toll,73,3,4,Four Way,14,2942724.32192446,1906312.94046286,41.876109437462716,-87.7941,,Urban,1,N,(N/A),Y,(N/A)
2019,2019-10-08,Tuesday,22,10:01 PM,Injury,B Injury Crash,2,0,0,2,0,0,Turning,10,N,N,Failing to Yield Right of Way,Failing to Reduce Speed to Avoid Crash,Darkness / Lighted Road,Clear,Dry,Y,,,,,Traffic Signal,Functioning Properly,N,2,41.8867115,-87.8049543,ok,(UNK),1,1905916,2019,,2,28,50000 and OVER,9,4295,Oak Park,C,Urban Other Principal Arte,6,16,8,10625036,10,Cook,2,19,,,2,N,No,Free Flow,201901359109,City,5,26.51,Y,,,,(UNK),226663,(N/A),(UNK),No Defects,1,1,Other Principal Arterial (PAS),3,5043,X001702808,Not Toll,73,3,4,Other,8,2939664.22246669,1910092.17380559,41.886703699301435,-87.8049,,Urban,1,N,(N/A),Y,(N/A)
2019,2019-09-20,Friday,15,03:38 PM,Property Damage,No Injuries,0,0,0,0,0,5,Front to Rear,11,N,N,Following Too Closely,(N/A),Daylight,Clear,Dry,N,,,,,No Controls,No Controls,Y,2,41.876226,-87.7870853,ok,(UNK),1,1905515,2019,,3,99,50000 and OVER,9,4295,Oak Park,C,Urban Local Road or Street,0,16,20,10624147,9,Cook,0,19,,,5,N,No,Stopped,201901358438,City,1,0.42,N,,,,(UNK),226721,(N/A),(UNK),No Defects,1,1,Local Road or Street,7,4025,X001702199,Not Toll,73,1,1,Not Divided,1,2944636.13083093,1906405.55591832,41.876218189008114,-87.7871,,Urban,1,N,(N/A),Y,(N/A)
2019,2019-10-07,Monday,12,12:29 PM,Property Damage,No Injuries,0,0,0,0,0,2,Rear to Front,18,N,N,Improper Backing,Unable to Determine,Daylight,Clear,Dry,N,,,,,Traffic Signal,Functioning Properly,Y,2,41.9090367,-87.7948937,ok,(UNK),1,1905881,2019,,30,18,50000 and OVER,9,4295,Oak Park,C,Urban Other Principal Arte,0,16,7,10624159,10,Cook,0,19,,,1,N,No,Free Flow,201901358459,City,1,129.74,Y,,,,(UNK),226727,(N/A),(UNK),No Defects,1,1,Other Principal Arterial (PAS),3,5064,X001701814,Not Toll,73,3,4,Not Divided,1,2942178.80526996,1918303.50653436,41.90902889866771,-87.7949,,Urban,1,N,(N/A),Y,(N/A)
2019,2019-10-09,Wednesday,11,11:40 AM,Injury,C Injury Crash,1,0,0,0,1,1,Pedestrian,1,Y,N,Unable to Determine,Unable to Determine,Daylight,Clear,Dry,Y,,,,,Traffic Signal,Functioning Properly,Y,1,41.8650288,-87.8042158,ok,(UNK),1,19-10107,2019,,18,18,50000 and OVER,9,4295,Oak Park,C,Urban Other Principal Arte,6,16,9,10628325,10,Cook,1,19,,,3,N,No,Stopped,201901361551,City,1,25.01,Y,,,,(UNK),227999,(N/A),(UNK),No Defects,1,1,Other Principal Arterial (PAS),3,5043,X001705117,Not Toll,52,3,4,Not Divided,1,2940082.91255374,1902196.14930203,41.865020998549554,-87.8042,,Urban,1,N,(N/A),Y,(N/A)
2019,2019-10-11,Friday,23,11:35 PM,Property Damage,No Injuries,0,0,0,0,0,2,Sideswipe Same Direction,12,N,N,Improper Lane Usage,Failing to Reduce Speed to Avoid Crash,Darkness / Lighted Road,Clear,Dry,N,,,,,No Controls,No Controls,Y,2,41.8737151,-87.8038926,ok,Partial Access Control,3,03-19-15645,2019,,20,28,50000 and OVER,9,4295,Oak Park,C,Urban InterState (PAS),0,16,11,10629696,10,Cook,0,19,,,5,Y,No,(UNK),201901362484,ISP,5,319.94,Y,,,,(UNK),228635,(N/A),(UNK),No Defects,1,1,InterState (PAS),1,5110,X001706047,Not Toll,73,1,1,Divided With Median Barrier,3,2940083.77608983,1905364.01122853,41.87370729343048,-87.8039,,Urban,1,Y,Construction,Y,Construction Work Zone