crash_year,crash_date,day_of_week,crash_hour,time_of_crash,crash_severity,crash_injury_severity,total_injured,total_fatals,a_injuries,b_injuries,c_injuries,no_injuries,type_of_first_crash,collision_type_code,pedestrian_involved,pedalcyclist_involved,cause1,cause2,lighting_cond,weather_cond,road_surface_cond,intersection_related,is_intersection,highway_or_street_name,at_intersection_with,address_no,traffic_control_device,traffic_control_device_cond,hit_and_run,number_of_vehicles,latitude,longitude,location_status,access_control,agency_code,agency_report_number,agency_report_year,alignment_code,cause1_code,cause2_code,city_class,city_class_code,city_code,city_name,city_township_flag,class_of_trafficway,class_of_trafficway_code,county_code,crash_day,crash_id,crash_month,crash_report_county,crash_severity_cd,crash_yr_source,damaged_property1,damaged_property2,day_of_week_code,did_crash_occur_in_work_zone,did_involve_secondary_crash,flow_condition,icn,investigating_agency_descrip,light_condition_code,mile_station,nhs,non_intersection_direction,non_intersection_distance,non_intersection_units,number_of_lanes,objectid,railroad_crossing_number,road_alignment,road_defects,road_defects_code,road_surface_condition_code,roadway_functional_class,roadway_functional_class_code,route_number,sfe,toll,township,traffic_control_device_code,traffic_control_device_cond_code,trafficway_descrip,trafficway_description_code,ts_crash_coordinate_x,ts_crash_coordinate_y,ts_crash_latitude,ts_crash_longitude,type_report,urban_rural,weather_code,were_workers_present,work_zone,work_zone_related,work_zone_type
2019,2019-10-12,Saturday,01,01:15 AM,Property Damage,No Injuries,0,0,0,0,0,2,Sideswipe Same Direction,12,N,N,Improper Lane Usage,Failing to Reduce Speed to Avoid Crash,Darkness / Lighted Road,Clear,Dry,N,,,,,No Controls,No Controls,N,2,41.8712572,-87.7748698,ok,Partial Access Control,3,03-19-15649,2019,,20,28,50000 and OVER,9,4295,Oak Park,C,Urban InterState (PAS),0,16,12,10629703,10,Cook,0,19,,,6,N,No,(UNK),201901362491,ISP,5,321.39,Y,,,,(UNK),228648,(N/A),(UNK),No Defects,1,1,InterState (PAS),1,5110,X001706054,Not Toll,73,1,1,Divided With Median Barrier,3,2948013.59247028,1904687.35072655,41.87124936782448,-87.7749,,Urban,1,N,(N/A),Y,(N/A)
2019,2019-10-10,Thursday,16,04:30 PM,Property Damage,No Injuries,0,0,0,0,0,2,Turning,10,N,N,Following Too Closely,Failing to Reduce Speed to Avoid Crash,Daylight,Rain,Wet,Y,,,,,Traffic Signal,Functioning Properly,N,2,41.8650326,-87.8042159,ok,(UNK),1,19-03477,2019,,3,28,50000 and OVER,9,4295,Oak Park,C,Urban Other Principal Arte,0,16,10,10627172,10,Cook,0,19,,,4,N,No,Slow,201901360883,City,1,25.01,Y,,,,(UNK),228801,(N/A),(UNK),No Defects,1,2,Other Principal Arterial (PAS),3,5043,X001704463,Not Toll,52,3,4,Four Way,14,2940082.84385929,1902197.51726741,41.865024754735884,-87.8042,,Urban,2,N,(N/A),Y,(N/A)
2019,2019-10-10,Thursday,17,05:45 PM,Property Damage,No Injuries,0,0,0,0,0,2,Sideswipe Same Direction,12,N,N,Improper Lane Usage,Improper Overtaking/Passing,Dusk,Cloudy/Overcast,Dry,Y,,,,,Traffic Signal,Functioning Properly,N,2,41.8832478,-87.8048593,ok,(N/A),1,2019,,,20,4,50000 and OVER,9,4295,Oak Park,C,Urban Other Principal Arte,6,16,10,10627174,10,Cook,C,19,0,,4,X001704465,Slow,(UNK),201901360885,Other,3,26.27,Y,,,,(UNK),228803,(N/A),(UNK),No Defects,1,1,No Median Barrier,3,5043,19-03478,Urban,73,3,4,Divided,2,2939724.83395651,1908830.62840753,41.88323993975089,-87.8049,,No,8,(N/A),N,Y,N
2019,2019-09-24,Tuesday,15,03:00 PM,Property Damage,No Injuries,0,0,0,0,0,2,Turning,10,N,N,Disregarding Road Markings,Improper Lane Usage,Daylight,Clear,Dry,Y,,,,,Traffic Signal,Functioning Properly,N,2,41.8832478,-87.8048558,ok,(UNK),1,19-03338,2019,,26,20,50000 and OVER,9,4295,Oak Park,C,Urban Other Principal Arte,6,16,24,10630337,9,Cook,0,19,,,2,N,No,Stopped,201901363074,City,1,26.27,Y,,,,(UNK),229907,(N/A),(UNK),No Defects,1,1,Other Principal Arterial (PAS),3,5043,X001706664,Not Toll,73,3,4,Not Divided,1,2939725.79669042,1908830.67683626,41.88323999985362,-87.8049,,Urban,1,N,(N/A),Y,(N/A)
2019,2019-10-03,Thursday,07,07:44 AM,Property Damage,No Injuries,0,0,0,0,0,2,Front to Rear,11,N,N,Following Too Closely,Failing to Reduce Speed to Avoid Crash,Daylight,Clear,Wet,N,,,,,Other,Functioning Properly,N,2,41.8712657,-87.7749415,ok,Partial Access Control,3,03-19-15157,2019,,3,28,50000 and OVER,9,4295,Oak Park,C,Urban InterState (PAS),0,16,3,10630872,10,Cook,0,19,,,4,N,No,(UNK),201901363590,ISP,1,321.39,Y,,,,(UNK),230496,(N/A),(UNK),No Defects,1,2,InterState (PAS),1,5110,X001707188,Not Toll,73,13,4,Divided With Median Barrier,3,2947993.98564473,1904689.89092075,41.87125783175569,-87.7749,,Urban,1,N,(N/A),Y,(N/A)
2019,2019-09-30,Monday,07,07:45 AM,Property Damage,No Injuries,0,0,0,0,0,3,Front to Rear,11,N,N,Failing to Reduce Speed to Avoid Crash,Following Too Closely,Daylight,Clear,Dry,N,,,,,No Controls,No Controls,Y,3,41.873722,-87.8038944,ok,Partial Access Control,3,03-19-15051,2019,,28,3,50000 and OVER,9,4295,Oak Park,C,Urban InterState (PAS),0,16,30,10630888,9,Cook,0,19,,,1,N,No,(UNK),201901363607,ISP,1,319.94,Y,,,,(UNK),230572,(N/A),(UNK),No Defects,1,1,InterState (PAS),1,5110,X001707204,Not Toll,73,1,1,Divided With Median Barrier,3,2940083.23262032,1905366.48208556,41.87371410962211,-87.8039,,Urban,1,N,(N/A),Y,(N/A)
2019,2019-10-14,Monday,17,05:37 PM,Property Damage,No Injuries,0,0,0,0,0,3,Angle,15,N,N,Failing to Yield Right of Way,Improper Turning/No Signal,Daylight,Clear,Dry,N,,,,,No Controls,No Controls,N,2,41.8810664,-87.804771,ok,(N/A),1,2019,,,2,6,50000 and OVER,9,4295,Oak Park,C,Urban Other Principal Arte,0,16,14,10632667,10,Cook,C,19,0,,1,X001708919,Free Flow,(UNK),201901365289,Other,1,19.58,Y,,,,(UNK),230689,(N/A),(UNK),No Defects,1,1,No Median Barrier,3,348,19-3511,Urban,73,1,1,Divided,2,2939770.78590152,1908036.36715618,41.881058588809836,-87.8048,,No,1,(N/A),N,Y,N
2019,2019-10-14,Monday,08,08:24 AM,Property Damage,No Injuries,0,0,0,0,0,1,Parked Motor Vehicle,9,N,N,Failing to Yield Right of Way,Unable to Determine,Daylight,Clear,Dry,N,,,,,No Controls,No Controls,Y,2,41.8723647,-87.7995078,ok,Partial Access Control,1,1906010,2019,,2,18,50000 and OVER,9,4295,Oak Park,C,Urban Local Road or Street,0,16,14,10633101,10,Cook,0,19,,,1,N,No,Free Flow,201901365709,City,1,0.05,N,,,,(UNK),230969,(N/A),(UNK),No Defects,1,1,Local Road or Street,7,290,X001708643,Not Toll,73,1,1,Not Divided,1,2941291.6366557,1904904.80681534,41.87235684422019,-87.7995,,Urban,1,N,(N/A),Y,(N/A)
2019,2019-10-12,Saturday,11,11:00 AM,Property Damage,No Injuries,0,0,0,0,0,2,Front to Rear,11,N,N,Failing to Reduce Speed to Avoid Crash,Unable to Determine,Daylight,Clear,Dry,Y,,,,,Traffic Signal,Functioning Properly,N,2,41.8796273,-87.8023268,ok,(UNK),1,1905987,2019,,28,18,50000 and OVER,9,4295,Oak Park,C,Urban Minor Arterial,8,16,12,10633119,10,Cook,0,19,,,6,N,No,Free Flow,201901365730,City,1,0,N,,,,(UNK),231023,(N/A),(UNK),No Defects,1,1,Minor Arterial,4,,X001708574,Not Toll,73,3,4,Not Divided,1,2940450.8830506,1907530.24997316,41.8796194301137,-87.8023,,Urban,1,N,(N/A),Y,(N/A)
2019,2019-10-12,Saturday,12,12:53 PM,Injury,C Injury Crash,1,0,0,0,1,3,Front to Rear,11,N,N,Failing to Reduce Speed to Avoid Crash,Following Too Closely,Daylight,Clear,Dry,N,,,,,No Controls,No Controls,N,2,41.8848725,-87.7845878,ok,(N/A),1,2019,,,28,3,50000 and OVER,9,4295,Oak Park,C,Urban Major Collector,0,16,12,10633120,10,Cook,C,19,1,,6,X001708590,Slow,(UNK),201901365731,Major,1,1.18,N,,,,(UNK),231024,(N/A),(UNK),No Defects,1,1,No Median Barrier,5,2783,1905991,Urban,73,1,1,Divided,2,2945228.85140825,1909575.3545235,41.88486461746119,-87.7846,,No,1,(N/A),N,Y,N
2019,2019-10-12,Saturday,16,04:40 PM,Property Damage,No Injuries,0,0,0,0,0,3,Front to Rear,11,N,N,Failing to Reduce Speed to Avoid Crash,(N/A),Daylight,Cloudy/Overcast,Dry,N,,,,,Traffic Signal,Functioning Properly,N,2,41.9090839,-87.7833552,ok,(UNK),1,1905995,2019,,28,99,50000 and OVER,9,4295,Oak Park,C,Urban Major Collector,0,16,12,10633121,10,Cook,0,19,,,6,N,No,Stopped,201901365732,City,1,0.01,N,,,,(UNK),231025,(N/A),(UNK),No Defects,1,1,Major Collector,5,2783,X001708599,Not Toll,73,3,4,Not Divided,1,2945319.26618595,1918407.79068398,41.909076029934006,-87.7833,,Urban,8,N,(N/A),Y,(N/A)
2019,2019-10-13,Sunday,17,05:02 PM,Property Damage,No Injuries,0,0,0,0,0,4,Parked Motor Vehicle,9,N,N,Failing to Reduce Speed to Avoid Crash,Driving Skills/Knowledge/Experience,Daylight,Cloudy/Overcast,Dry,N,,,,,No Controls,No Controls,N,2,41.908937,-87.7991073,ok,(UNK),1,1906006,2019,,28,15,50000 and OVER,9,4295,Oak Park,C,Urban Other Principal Arte,0,16,13,10633122,10,Cook,0,19,,,7,N,No,Free Flow,201901365733,City,1,6.27,Y,,,,(UNK),231026,(N/A),(UNK),No Defects,1,1,Other Principal Arterial (PAS),3,307,X001708630,Not Toll,73,1,1,Divided With Median Barrier,3,2941032.78209855,1918235.46087333,41.90892917757779,-87.7991,,Urban,8,N,(N/A),Y,(N/A)
2019,2019-10-09,Wednesday,04,04:40 AM,Property Damage,No Injuries,0,0,0,0,0,2,Front to Rear,11,N,N,Following Too Closely,Failing to Reduce Speed to Avoid Crash,Darkness / Lighted Road,Clear,Dry,N,,,,,No Controls,No Controls,N,2,41.8726062,-87.7936628,ok,Partial Access Control,3,03-19-15466,2019,,3,28,50000 and OVER,9,4295,Oak Park,C,Urban InterState (PAS),0,16,9,10625639,10,Cook,0,19,,,3,Y,No,(UNK),201901359691,ISP,5,320.42,Y,,,,(UNK),231039,(N/A),(UNK),No Defects,1,1,InterState (PAS),1,5110,X001703396,Not Toll,73,1,1,Divided With Median Barrier,3,2942881.22459894,1905036.78877005,41.87259832531557,-87.7937,,Urban,1,Y,Construction,Y,Construction Work Zone
2019,2019-10-13,Sunday,07,07:27 AM,Property Damage,No Injuries,0,0,0,0,0,1,Fixed Object,6,N,N,Failing to Reduce Speed to Avoid Crash,Unable to Determine,Dawn,Clear,Dry,N,,,,,Traffic Signal,Functioning Properly,Y,1,41.881918,-87.7796154,ok,(N/A),1,2019,,,28,18,50000 and OVER,9,4295,Oak Park,C,Urban Major Collector,8,16,13,10633132,10,Cook,C,19,0,ELECTRIC CROSS WALK SIGNAL,7,X001707900,Free Flow,(UNK),201901365742,Major,2,0,N,,,,(UNK),231071,(N/A),(UNK),No Defects,1,1,No Median Barrier,5,,1905999,Urban,73,3,4,Divided,2,2946612.90278825,1908536.34671256,41.88191017581209,-87.7796,,No,1,(N/A),N,Y,N
2019,2019-10-11,Friday,06,06:41 AM,Injury,B Injury Crash,1,0,0,1,0,1,Pedestrian,1,Y,N,Failing to Yield Right of Way,Failing to Reduce Speed to Avoid Crash,Darkness / Lighted Road,Rain,Wet,Y,,,,,Traffic Signal,Functioning Properly,N,1,41.8727878,-87.7940055,ok,(N/A),1,2019,,,2,28,50000 and OVER,9,4295,Oak Park,C,Urban Major Collector,8,16,11,10633146,10,Cook,C,19,2,,5,X001705602,Slow,(UNK),201901365750,Major,5,0,N,,,,(UNK),231108,(N/A),(UNK),No Defects,1,2,No Median Barrier,5,,1905961,Urban,73,3,4,Divided,2,2942786.04805882,1905100.38940318,41.87277993674364,-87.794,,No,2,(N/A),N,Y,N
2019,2019-10-11,Friday,12,12:30 PM,Property Damage,No Injuries,0,0,0,0,0,2,Front to Rear,11,N,N,Failing to Reduce Speed to Avoid Crash,Unable to Determine,Daylight,Rain,Wet,Y,,,,,Traffic Signal,Functioning Properly,N,2,41.8799232,-87.7942821,ok,(UNK),1,1905969,2019,,28,18,50000 and OVER,9,4295,Oak Park,C,Urban Major Collector,0,16,11,10633162,10,Cook,0,19,,,5,N,No,Stopped,201901365759,City,1,6.15,N,,,,(UNK),231114,(N/A),(UNK),No Defects,1,2,Major Collector,5,2775,X001706137,Not Toll,73,3,4,Not Divided,1,2942638.78730354,1907698.59193891,41.87991538380685,-87.7943,,Urban,2,N,(N/A),Y,(N/A)
2019,2019-10-11,Friday,15,03:29 PM,Property Damage,No Injuries,0,0,0,0,0,7,Turning,10,N,N,Failing to Yield Right of Way,Vision Obscured,Daylight,Rain,Wet,N,,,,,No Controls,No Controls,N,2,41.8850393,-87.7943494,ok,(UNK),1,1905972,2019,,2,14,50000 and OVER,9,4295,Oak Park,C,Urban Local Road or Street,0,16,11,10633164,10,Cook,0,19,,,5,N,No,Free Flow,201901365762,City,1,0,N,,,,(UNK),231156,(N/A),(UNK),No Defects,1,2,Local Road or Street,7,3030,X001706139,Not Toll,73,1,1,Not Divided,1,2942568.90984036,1909562.45915728,41.885031408135916,-87.7943,,Urban,2,N,(N/A),Y,(N/A)
2019,2019-10-10,Thursday,15,03:42 PM,Injury,C Injury Crash,1,0,0,0,1,1,Front to Rear,11,N,N,Failing to Reduce Speed to Avoid Crash,(N/A),Daylight,Cloudy/Overcast,Dry,Y,,,,,Traffic Signal,Functioning Properly,N,2,41.8799051,-87.789346,ok,(N/A),1,2019,,,28,99,50000 and OVER,9,4295,Oak Park,C,Urban Minor Collector,0,16,10,10633178,10,Cook,C,19,1,,4,X001705548,Stopped,(UNK),201901365775,Minor,1,0.6,N,,,,(UNK),231203,(N/A),(UNK),No Defects,1,1,No Median Barrier,6,2779,1905950,Urban,73,3,4,Divided,2,2943983.26553585,1907729.21502933,41.87989728555392,-87.7893,,No,8,(N/A),N,Y,N
2019,2019-09-21,Saturday,11,11:15 AM,Property Damage,No Injuries,0,0,0,0,0,2,Rear to Side,16,N,N,Improper Backing,(N/A),Daylight,Unknown,Dry,N,,,,,No Controls,No Controls,N,2,41.8931015,-87.8051894,ok,(N/A),1,2019,,,30,99,50000 and OVER,9,4295,Oak Park,C,Urban Other Principal Arte,0,16,21,10633179,9,Cook,C,19,0,,6,X001705560,Stopped,(UNK),201901365776,Other,1,18.75,Y,,,,(UNK),231204,(N/A),(UNK),No Defects,1,1,No Median Barrier,3,348,1905954,Urban,73,1,1,Divided,2,2939536.08182185,1912419.03912081,41.893093681976296,-87.8052,,No,9,(N/A),N,Y,N
2019,2019-10-09,Wednesday,12,12:25 PM,Property Damage,No Injuries,0,0,0,0,0,2,Sideswipe Same Direction,12,N,N,Improper Lane Usage,Failing to Reduce Speed to Avoid Crash,Darkness / Lighted Road,Clear,Dry,N,,,,,No Controls,Functioning Properly,N,2,41.8729248,-87.7986048,ok,Partial Access Control,3,03-19-15463,2019,,20,28,50000 and OVER,9,4295,Oak Park,C,Urban InterState (PAS),0,16,9,10632792,10,Cook,0,19,,,3,Y,No,(UNK),201901365407,ISP,5,21.85,Y,,,,(UNK),231285,(N/A),(UNK),No Defects,1,1,InterState (PAS),1,9290,X001709036,Not Toll,,1,4,Divided With Median Barrier,3,2941531.95368999,1905115.72557529,41.872917,-87.7986,,Urban,1,N,Construction,Y,Construction Work Zone
2019,2019-10-15,Tuesday,16,04:05 PM,Injury,C Injury Crash,2,0,0,0,2,0,Angle,15,N,N,Disregarding Stop Sign,Failing to Yield Right of Way,Daylight,Rain,Wet,Y,,,,,Stop Sign,Functioning Properly,N,2,41.8839783,-87.7796847,ok,(UNK),1,1906034,2019,,23,2,50000 and OVER,9,4295,Oak Park,C,Urban Local Road or Street,8,16,15,10635245,10,Cook,1,19,,,2,N,No,Free Flow,201901367486,City,1,0,N,,,,(UNK),231826,(N/A),(UNK),No Defects,1,2,Local Road or Street,7,,X001710951,Not Toll,73,2,4,Four Way,14,2946573.13618531,1909286.62948448,41.88397046399345,-87.7797,,Urban,2,N,(N/A),Y,(N/A)
2019,2019-10-15,Tuesday,16,04:52 PM,Property Damage,No Injuries,0,0,0,0,0,2,Angle,15,N,N,Unable to Determine,Unable to Determine,Daylight,Cloudy/Overcast,Wet,N,,,,,Traffic Signal,Functioning Properly,Y,2,41.8947172,-87.7752056,ok,(N/A),1,2019,,,18,18,50000 and OVER,9,4295,Oak Park,C,Urban Minor Arterial,8,16,15,10635246,10,Cook,C,19,0,,2,X001710967,Slow,(UNK),201901367487,Minor,1,0,N,,,,(UNK),231827,(N/A),(UNK),No Defects,1,2,No Median Barrier,4,,1906036,Urban,73,3,4,Divided,2,2947683.76022252,1913234.07217474,41.89470936932456,-87.7752,,No,8,(N/A),N,Y,N
2019,2019-10-15,Tuesday,15,03:56 PM,Injury,B Injury Crash,1,0,0,1,0,1,Pedestrian,1,Y,N,Failing to Yield Right of Way,Obstructed Crosswalks,Daylight,Cloudy/Overcast,Dry,Y,,,,,No Controls,No Controls,N,1,41.867106,-87.7840151,ok,(UNK),1,1906031,2019,,2,62,50000 and OVER,9,4295,Oak Park,C,Urban Major Collector,8,16,15,10635256,10,Cook,2,19,,,2,N,No,(UNK),201901367495,City,1,0,N,,,,(UNK),231830,(N/A),(UNK),No Defects,1,1,Major Collector,5,,X001710928,Not Toll,73,1,1,Not Divided,1,2945564.63569594,1903105.26744312,41.86709817437312,-87.784,,Urban,8,N,(N/A),Y,(N/A)
2019,2019-10-14,Monday,14,02:13 PM,Property Damage,No Injuries,0,0,0,0,0,2,Front to Rear,11,N,N,Distraction - From Inside Vehicle,Failing to Reduce Speed to Avoid Crash,Daylight,Clear,Dry,Y,,,,,Traffic Signal,Functioning Properly,N,2,41.8866181,-87.8049487,ok,(N/A),1,2019,,,41,28,50000 and OVER,9,4295,Oak Park,C,Urban Other Principal Arte,0,16,14,10633744,10,Cook,C,19,0,,1,X001709506,Stopped,(UNK),201901366201,Other,1,19.2,Y,,,,(UNK),231872,(N/A),(UNK),No Defects,1,1,No Median Barrier,3,348,1906017,Urban,73,3,4,Divided,2,2939666.67458813,1910058.15971637,41.886610246853465,-87.8049,,No,1,(N/A),N,Y,N
2019,2019-10-15,Tuesday,15,03:20 PM,Property Damage,No Injuries,0,0,0,0,0,3,Turning,10,N,N,Improper Turning/No Signal,Failing to Yield Right of Way,Daylight,Cloudy/Overcast,Dry,N,,,,,No Controls,No Controls,N,2,41.8798106,-87.7941052,ok,(UNK),1,1906030,2019,,6,2,50000 and OVER,9,4295,Oak Park,C,Urban Minor Arterial,8,16,15,10634770,10,Cook,0,19,,,2,N,No,Free Flow,201901367161,City,1,0,N,,,,(UNK),232079,(N/A),(UNK),No Defects,1,1,Minor Arterial,4,,X001710568,Not Toll,73,1,1,Not Divided,1,2942688.11962574,1907658.87110195,41.87980272787979,-87.7941,,Urban,8,N,(N/A),Y,(N/A)
2019,2019-10-15,Tuesday,06,06:55 AM,Property Damage,No Injuries,0,0,0,0,0,2,Turning,10,N,N,Improper Lane Usage,Failing to Yield Right of Way,Daylight,Clear,Dry,N,,,,,Traffic Signal,Functioning Properly,Y,2,41.8711666,-87.7751289,ok,Partial Access Control,3,03-19-15835,2019,,20,2,50000 and OVER,9,4295,Oak Park,C,Urban InterState (PAS),0,16,15,10633663,10,Cook,0,19,,,2,N,No,(UNK),201901366136,ISP,1,0.03,Y,,,,(UNK),233256,(N/A),(UNK),No Defects,1,1,InterState (PAS),1,290,X001709667,Not Toll,73,3,4,Ramp,11,2947943.92369558,1904652.36052944,41.871158751313224,-87.7751,,Urban,1,N,(N/A),Y,(N/A)
2019,2019-10-14,Monday,18,06:52 PM,Injury,C Injury Crash,1,0,0,0,1,1,Pedalcyclist,2,N,Y,Failing to Yield Right of Way,Unable to Determine,Darkness / Lighted Road,Clear,Dry,Y,,,,,Stop Sign,Functioning Properly,N,1,41.8761881,-87.7892149,ok,(UNK),1,1906024,2019,,2,18,50000 and OVER,9,4295,Oak Park,C,Urban Minor Collector,8,16,14,10635111,10,Cook,1,19,,,1,N,No,Free Flow,201901367416,City,5,0,N,,,,(UNK),233272,(N/A),(UNK),No Defects,1,1,Minor Collector,6,,X001710900,Not Toll,73,2,4,Four Way,14,2944056.51024619,1906375.63486563,41.8761802125961,-87.7892,,Urban,1,N,(N/A),Y,(N/A)
2019,2019-10-06,Sunday,13,01:10 PM,Property Damage,No Injuries,0,0,0,0,0,2,Front to Rear,11,N,N,Following Too Closely,Failing to Reduce Speed to Avoid Crash,Daylight,Clear,Dry,N,,,,,Other Warning Sign,Functioning Properly,N,2,41.8726563,-87.794222,ok,Partial Access Control,3,03-19-15342,2019,,3,28,50000 and OVER,9,4295,Oak Park,C,Urban InterState (PAS),0,16,6,10638382,10,Cook,0,19,,,7,N,No,(UNK),201901369730,ISP,1,320.39,Y,,,,(UNK),234647,(N/A),(UNK),No Defects,1,1,InterState (PAS),1,5110,X001713129,Not Toll,73,11,4,Divided With Median Barrier,3,2942728.3996037,1905050.8348745,41.872648429555035,-87.7942,,Urban,1,N,(N/A),Y,(N/A)
2019,2019-10-06,Sunday,13,01:30 PM,Property Damage,No Injuries,0,0,0,0,0,3,Front to Rear,11,N,N,Following Too Closely,Failing to Reduce Speed to Avoid Crash,Daylight,Clear,Dry,N,,,,,Other Warning Sign,Functioning Properly,N,2,41.8715525,-87.7795152,ok,Partial Access Control,3,03-19-15343,2019,,3,28,50000 and OVER,9,4295,Oak Park,C,Urban InterState (PAS),0,16,6,10638383,10,Cook,0,19,,,7,N,No,(UNK),201901369731,ISP,1,321.16,Y,,,,(UNK),234648,(N/A),(UNK),No Defects,1,1,InterState (PAS),1,5110,X001713130,Not Toll,73,11,4,Divided With Median Barrier,3,2946745.29055258,1904759.71390374,41.871544645872696,-87.7795,,Urban,1,N,(N/A),Y,(N/A)
2019,2019-10-15,Tuesday,17,05:38 PM,Property Damage,No Injuries,0,0,0,0,0,2,Front to Rear,11,N,N,Following Too Closely,Failing to Reduce Speed to Avoid Crash,Dusk,Rain,Wet,N,,,,,Traffic Signal,Functioning Properly,N,2,41.8992649,-87.8054306,ok,(N/A),1,2019,,,3,28,50000 and OVER,9,4295,Oak Park,C,Urban Other Principal Arte,0,16,15,10640739,10,Cook,C,19,0,,2,X001713319,(UNK),(UNK),201901371736,Other,3,18.31,Y,,,,(UNK),235756,(N/A),(UNK),No Defects,1,2,No Median Barrier,3,348,1901466,Urban,73,3,4,Divided,2,2939408.5668207,1914663.26246118,41.89925700611165,-87.8054,,No,2,(N/A),N,Y,N
2019,2019-10-18,Friday,13,01:15 PM,Property Damage,No Injuries,0,0,0,0,0,2,Front to Rear,11,N,N,Following Too Closely,Failing to Reduce Speed to Avoid Crash,Daylight,Clear,Dry,N,,,,,Other Warning Sign,Functioning Properly,N,2,41.8712513,-87.7747687,ok,Partial Access Control,3,03-19-16094,2019,,3,28,50000 and OVER,9,4295,Oak Park,C,Urban InterState (PAS),0,16,18,10640833,10,Cook,0,19,,,5,N,No,(UNK),201901371814,ISP,1,321.4,Y,,,,(UNK),236039,(N/A),(UNK),No Defects,1,1,InterState (PAS),1,5110,X001714992,Not Toll,73,11,4,Divided With Median Barrier,3,2948041.17335116,1904685.9587344,41.87124344259033,-87.7748,,Urban,1,N,(N/A),Y,(N/A)
2019,2019-10-19,Saturday,10,10:55 AM,Injury,B Injury Crash,1,0,0,1,0,4,Front to Rear,11,N,N,Following Too Closely,Failing to Reduce Speed to Avoid Crash,Daylight,Clear,Dry,N,,,,,Other,Functioning Properly,Y,4,41.8735296,-87.8029534,ok,Partial Access Control,3,03-19-16099,2019,,3,28,50000 and OVER,9,4295,Oak Park,C,Urban InterState (PAS),0,16,19,10640834,10,Cook,2,19,,,6,N,No,(UNK),201901371816,ISP,1,0.18,Y,,,,(UNK),236040,(N/A),(UNK),No Defects,1,1,InterState (PAS),1,290,X001714993,Not Toll,73,13,4,Ramp,11,2940341.46889654,1905303.45070982,41.87352177017867,-87.8029,,Urban,1,N,(N/A),Y,(N/A)
2019,2019-10-19,Saturday,08,08:10 AM,Property Damage,No Injuries,0,0,0,0,0,2,Front to Rear,11,N,N,Failing to Reduce Speed to Avoid Crash,Following Too Closely,Daylight,Clear,Dry,N,,,,,Other Regualtory Sig,Functioning Properly,N,2,41.8731618,-87.8010848,ok,Partial Access Control,3,03-19-16089,2019,,28,3,50000 and OVER,9,4295,Oak Park,C,Urban InterState (PAS),0,16,19,10640483,10,Cook,0,19,,,6,N,No,(UNK),201901371580,ISP,1,7.86,Y,,,,(UNK),236396,(N/A),(UNK),No Defects,1,1,InterState (PAS),1,290,X001714845,Not Toll,,10,4,Divided With Median Barrier,3,2940854.09608813,1905183.45707279,41.873154,-87.8011,,Urban,1,N,(N/A),Y,(N/A)
2019,2019-10-18,Friday,10,10:34 AM,Property Damage,No Injuries,0,0,0,0,0,2,Rear to Side,16,N,N,Improper Backing,Unable to Determine,Daylight,Clear,Dry,N,,,,,No Controls,No Controls,Y,2,41.9091635,-87.7834492,ok,(UNK),1,1906093,2019,,30,18,50000 and OVER,9,4295,Oak Park,C,Urban Other Principal Arte,0,16,18,10640639,10,Cook,0,19,,,5,N,No,Free Flow,201901371671,City,1,7.07,Y,,,,(UNK),237018,(N/A),(UNK),No Defects,1,1,Other Principal Arterial (PAS),3,307,X001713953,Not Toll,73,1,1,Parking Lot,7,2945292.88601996,1918436.10913082,41.909155689036886,-87.7834,,Urban,1,N,(N/A),Y,(N/A)
2019,2019-10-18,Friday,12,12:13 PM,Property Damage,No Injuries,0,0,0,0,0,2,Sideswipe Same Direction,12,N,N,Failing to Reduce Speed to Avoid Crash,Unable to Determine,Daylight,Clear,Dry,N,,,,,No Controls,No Controls,N,2,41.879626,-87.8024283,ok,(UNK),1,1906095,2019,,28,18,50000 and OVER,9,4295,Oak Park,C,Urban Minor Arterial,0,16,18,10640640,10,Cook,0,19,,,5,N,No,Slow,201901371672,City,1,3.18,N,,,,(UNK),237019,(N/A),(UNK),No Defects,1,1,Minor Arterial,4,1419,X001713954,Not Toll,73,1,1,Not Divided,1,2940423.25351979,1907529.01509759,41.879618132234945,-87.8024,,Urban,1,N,(N/A),Y,(N/A)
2019,2019-10-18,Friday,14,02:56 PM,Property Damage,No Injuries,0,0,0,0,0,3,Front to Rear,11,N,N,Failing to Reduce Speed to Avoid Crash,Unable to Determine,Daylight,Clear,Dry,Y,,,,,Traffic Signal,Functioning Properly,N,2,41.8905578,-87.8051158,ok,(UNK),1,1906100,2019,,28,18,50000 and OVER,9,4295,Oak Park,C,Urban Other Principal Arte,6,16,18,10640641,10,Cook,0,19,,,5,N,No,Stopped,201901371673,City,1,26.78,Y,,,,(UNK),237020,(N/A),(UNK),No Defects,1,1,Other Principal Arterial (PAS),3,5043,X001713955,Not Toll,73,3,4,Not Divided,1,2939581.64245117,1911492.62558059,41.89054999968781,-87.8051,,Urban,1,N,(N/A),Y,(N/A)