crash_year,crash_date,day_of_week,crash_hour,time_of_crash,crash_severity,crash_injury_severity,total_injured,total_fatals,a_injuries,b_injuries,c_injuries,no_injuries,type_of_first_crash,collision_type_code,pedestrian_involved,pedalcyclist_involved,cause1,cause2,lighting_cond,weather_cond,road_surface_cond,intersection_related,is_intersection,highway_or_street_name,at_intersection_with,address_no,traffic_control_device,traffic_control_device_cond,hit_and_run,number_of_vehicles,latitude,longitude,location_status,access_control,agency_code,agency_report_number,agency_report_year,alignment_code,cause1_code,cause2_code,city_class,city_class_code,city_code,city_name,city_township_flag,class_of_trafficway,class_of_trafficway_code,county_code,crash_day,crash_id,crash_month,crash_report_county,crash_severity_cd,crash_yr_source,damaged_property1,damaged_property2,day_of_week_code,did_crash_occur_in_work_zone,did_involve_secondary_crash,flow_condition,icn,investigating_agency_descrip,light_condition_code,mile_station,nhs,non_intersection_direction,non_intersection_distance,non_intersection_units,number_of_lanes,objectid,railroad_crossing_number,road_alignment,road_defects,road_defects_code,road_surface_condition_code,roadway_functional_class,roadway_functional_class_code,route_number,sfe,toll,township,traffic_control_device_code,traffic_control_device_cond_code,trafficway_descrip,trafficway_description_code,ts_crash_coordinate_x,ts_crash_coordinate_y,ts_crash_latitude,ts_crash_longitude,type_report,urban_rural,weather_code,were_workers_present,work_zone,work_zone_related,work_zone_type
2019,2019-10-16,Wednesday,11,11:54 AM,Injury,B Injury Crash,1,0,0,1,0,1,Pedalcyclist,2,N,Y,Failing to Yield Right of Way,Improper Turning/No Signal,Daylight,Clear,Dry,Y,,,,,Traffic Signal,Functioning Properly,N,1,41.8814976,-87.7999223,ok,(N/A),1,2019,,,2,6,50000 and OVER,9,4295,Oak Park,C,Urban Major Collector,8,16,16,10640658,10,Cook,C,19,2,,3,X001711629,Slow,(UNK),201901371690,Major,1,0,N,,,,(UNK),237145,(N/A),(UNK),No Defects,1,1,No Median Barrier,5,,1906054,Urban,73,3,4,Divided,2,2941086.90451486,1908229.87786941,41.88148972498947,-87.7999,,No,1,(N/A),N,Y,N
2019,2019-10-16,Wednesday,07,07:48 AM,Property Damage,No Injuries,0,0,0,0,0,2,Angle,15,N,N,Failing to Yield Right of Way,Disregarding Other Traffic Signs,Daylight,Clear,Dry,Y,,,,,Traffic Signal,Functioning Properly,N,2,41.8669858,-87.7938262,ok,(UNK),1,1906043,2019,,2,24,50000 and OVER,9,4295,Oak Park,C,Urban Major Collector,8,16,16,10640673,10,Cook,0,19,,,3,N,No,Free Flow,201901371704,City,1,0,N,,,,(UNK),237148,(N/A),(UNK),No Defects,1,1,Major Collector,5,,X001712107,Not Toll,73,3,4,Not Divided,1,2942893.35499523,1902987.37923901,41.866977913247375,-87.7938,,Urban,1,N,(N/A),Y,(N/A)
2019,2019-10-07,Monday,14,02:39 PM,Injury,B Injury Crash,1,0,0,1,0,1,Pedestrian,1,Y,N,Failing to Yield Right of Way,Vision Obscured,Daylight,Clear,Dry,Y,,,,,Traffic Signal,Functioning Properly,N,1,41.8885678,-87.8050258,ok,(UNK),1,1901428,2019,,2,14,50000 and OVER,9,4295,Oak Park,C,Urban Other Principal Arte,0,16,7,10640728,10,Cook,2,19,,,1,N,No,Slow,201901371725,City,1,26.64,Y,,,,(UNK),237203,(N/A),(UNK),No Defects,1,1,Other Principal Arterial (PAS),3,5043,X001712689,Not Toll,73,3,4,Four Way,14,2939626.11874017,1910768.10734459,41.888559999096806,-87.805,,Urban,1,N,(N/A),Y,(N/A)
2019,2019-10-17,Thursday,10,10:15 AM,Property Damage,No Injuries,0,0,0,0,0,1,Parked Motor Vehicle,9,N,N,Improper Lane Usage,Improper Overtaking/Passing,Daylight,Cloudy/Overcast,Dry,N,,,,,Traffic Signal,Functioning Properly,N,2,41.8886495,-87.8023647,ok,(UNK),1,1906074,2019,,20,4,50000 and OVER,9,4295,Oak Park,C,Urban Major Collector,0,16,17,10640729,10,Cook,0,19,,,4,N,No,Free Flow,201901371726,City,1,0.13,N,,,,(UNK),237204,(N/A),(UNK),No Defects,1,1,Major Collector,5,8,X001713142,Not Toll,73,3,4,Not Divided,1,2940349.93450889,1910817.82001768,41.88864162882997,-87.8024,,Urban,8,N,(N/A),Y,(N/A)
2019,2019-10-17,Thursday,08,08:40 AM,Property Damage,No Injuries,0,0,0,0,0,1,Parked Motor Vehicle,9,N,N,Unable to Determine,Unable to Determine,Daylight,Cloudy/Overcast,Dry,N,,,,,No Controls,No Controls,Y,2,41.9089315,-87.7995537,ok,(N/A),1,2019,,,18,18,50000 and OVER,9,4295,Oak Park,C,Urban Other Principal Arte,0,16,17,10640730,10,Cook,C,19,0,,4,X001713209,Free Flow,(UNK),201901371727,Other,1,129.49,Y,,,,(UNK),237205,(N/A),(UNK),No Defects,1,1,No Median Barrier,3,5064,1906077,Urban,73,1,1,Divided,2,2940911.33584175,1918230.0949311,41.90892365980328,-87.7995,,No,8,(N/A),N,Y,N
2019,2019-09-29,Sunday,14,02:00 PM,Property Damage,No Injuries,0,0,0,0,0,2,Sideswipe Same Direction,12,N,N,Improper Lane Usage,Failing to Reduce Speed to Avoid Crash,Daylight,Clear,Dry,Y,,,,,No Controls,No Controls,N,2,41.9052131,-87.805664,ok,(UNK),1,1901384,2019,,20,28,50000 and OVER,9,4295,Oak Park,C,Urban Other Principal Arte,0,16,29,10640734,9,Cook,0,19,,,7,N,No,(UNK),201901371731,City,1,27.8,Y,,,,(UNK),237302,(N/A),(UNK),No Defects,1,1,Other Principal Arterial (PAS),3,5043,X001713254,Not Toll,73,1,1,Other,8,2939285.33103592,1916829.15591801,41.90520522024502,-87.8057,,Urban,1,N,(N/A),Y,(N/A)
2019,2019-10-18,Friday,19,07:24 PM,Property Damage,No Injuries,0,0,0,0,0,1,Parked Motor Vehicle,9,N,N,Failing to Reduce Speed to Avoid Crash,(N/A),Darkness / Lighted Road,Unknown,Unknown,N,,,,,Traffic Signal,Functioning Properly,Y,2,41.8815799,-87.7948547,ok,(UNK),1,1906146,2019,,28,99,50000 and OVER,9,4295,Oak Park,C,Urban Major Collector,0,16,18,10643399,10,Cook,0,19,,,5,N,No,Free Flow,201901374034,City,5,0.51,N,,,,(UNK),237435,(N/A),(UNK),No Defects,1,9,Major Collector,5,5,X001716581,Not Toll,73,3,4,Not Divided,1,2942466.15331387,1908298.00973321,41.8815720791119,-87.7948,,Urban,9,N,(N/A),Y,(N/A)
2019,2019-10-08,Tuesday,16,04:15 PM,Property Damage,No Injuries,0,0,0,0,0,3,Front to Rear,11,N,N,Following Too Closely,Failing to Reduce Speed to Avoid Crash,Daylight,Clear,Dry,N,,,,,Other Regualtory Sig,Functioning Properly,Y,2,41.8712623,-87.7749024,ok,Partial Access Control,3,03-19-15451,2019,,3,28,50000 and OVER,9,4295,Oak Park,C,Urban InterState (PAS),0,16,8,10643071,10,Cook,0,19,,,2,N,No,(UNK),201901373758,ISP,1,23.06,Y,,,,(UNK),237561,(N/A),(UNK),No Defects,1,1,InterState (PAS),1,9290,X001716851,Not Toll,73,10,4,Divided With Median Barrier,3,2948004.6677675,1904688.94451783,41.87125442018328,-87.7749,,Urban,1,N,(N/A),Y,(N/A)
2019,2019-10-17,Thursday,21,09:15 PM,Property Damage,No Injuries,0,0,0,0,0,2,Front to Rear,11,N,N,Failing to Reduce Speed to Avoid Crash,Following Too Closely,Darkness / Lighted Road,Clear,Dry,Y,,,,,Traffic Signal,Functioning Properly,N,2,41.888658,-87.8007556,ok,(N/A),1,2019,,,28,3,50000 and OVER,9,4295,Oak Park,C,Urban Major Collector,8,16,17,10642482,10,Cook,C,19,0,,4,X001716172,Slow,(UNK),201901373186,Major,5,0,N,,,,(UNK),237584,(N/A),(UNK),No Defects,1,1,No Median Barrier,5,,1906103,Urban,73,3,4,Divided,2,2940788.00060276,1910832.99927518,41.888650125368045,-87.8007,,No,1,(N/A),N,Y,N
2019,2019-10-18,Friday,19,07:43 PM,Property Damage,No Injuries,0,0,0,0,0,2,Front to Rear,11,N,N,Following Too Closely,(N/A),Darkness,Clear,Dry,N,,,,,No Controls,No Controls,N,2,41.8798764,-87.7908017,ok,(UNK),1,1906110,2019,,3,99,50000 and OVER,9,4295,Oak Park,C,Urban Minor Arterial,8,16,18,10642484,10,Cook,0,19,,,5,N,No,Stopped,201901373189,City,4,0,N,,,,(UNK),237585,(N/A),(UNK),No Defects,1,1,Minor Arterial,4,,X001716199,Not Toll,73,1,1,Not Divided,1,2943587.13036671,1907707.75976912,41.87986855016317,-87.7908,,Urban,1,N,(N/A),Y,(N/A)
2019,2019-10-18,Friday,08,08:42 AM,Injury,B Injury Crash,2,0,0,2,0,0,Turning,10,N,N,Failing to Yield Right of Way,Unable to Determine,Daylight,Clear,Dry,Y,,,,,Traffic Signal,Unknown,N,2,41.8905578,-87.8051158,ok,(UNK),1,1906118,2019,,2,18,50000 and OVER,9,4295,Oak Park,C,Urban Other Principal Arte,6,16,18,10642485,10,Cook,2,19,,,5,N,No,Free Flow,201901373190,City,1,26.78,Y,,,,(UNK),237586,(N/A),(UNK),No Defects,1,1,Other Principal Arterial (PAS),3,5043,X001716231,Not Toll,73,3,9,Not Divided,1,2939581.64245117,1911492.62558059,41.89054999968781,-87.8051,,Urban,1,N,(N/A),Y,(N/A)
2019,2019-10-19,Saturday,13,01:06 PM,Property Damage,No Injuries,0,0,0,0,0,2,Angle,15,N,N,Failing to Yield Right of Way,(N/A),Daylight,Clear,Dry,Y,,,,,Stop Sign,Functioning Properly,N,2,41.9091371,-87.7860147,ok,(N/A),1,2019,,,2,99,50000 and OVER,9,4295,Oak Park,C,Urban Other Principal Arte,6,16,19,10642486,10,Cook,C,19,0,,6,X001716242,Free Flow,(UNK),201901373191,Other,1,130.19,Y,,,,(UNK),237587,(N/A),(UNK),No Defects,1,1,No Median Barrier,3,5064,1906120,Urban,73,2,4,Divided,2,2944594.77579759,1918407.08123984,41.90912928074635,-87.786,,No,1,(N/A),N,Y,N
2019,2019-10-19,Saturday,13,01:05 PM,Property Damage,No Injuries,0,0,0,0,0,3,Front to Rear,11,N,N,Failing to Reduce Speed to Avoid Crash,(N/A),Daylight,Clear,Dry,N,,,,,No Controls,No Controls,N,2,41.8800295,-87.7833012,ok,(N/A),1,2019,,,28,99,50000 and OVER,9,4295,Oak Park,C,Urban Minor Arterial,8,16,19,10642487,10,Cook,C,19,0,,6,X001716254,Stopped,(UNK),201901373192,Minor,1,0,N,,,,(UNK),237588,(N/A),(UNK),No Defects,1,1,No Median Barrier,4,,1906121,Urban,73,1,1,Divided,2,2945628.26443032,1907820.20685597,41.88002161434512,-87.7833,,No,1,(N/A),N,Y,N
2019,2019-10-19,Saturday,16,04:00 PM,Property Damage,No Injuries,0,0,0,0,0,1,Parked Motor Vehicle,9,N,N,Unable to Determine,(N/A),Daylight,Clear,Dry,N,,,,,No Controls,No Controls,N,3,41.8653779,-87.7839767,ok,(UNK),1,1906125,2019,,18,99,50000 and OVER,9,4295,Oak Park,C,Urban Major Collector,8,16,19,10642489,10,Cook,0,19,,,6,N,No,Free Flow,201901373194,City,1,0,N,,,,(UNK),237623,(N/A),(UNK),No Defects,1,1,Major Collector,5,,X001716290,Not Toll,73,1,1,Not Divided,1,2945592.58422695,1902475.81728892,41.86537010162098,-87.784,,Urban,1,N,(N/A),Y,(N/A)
2019,2019-10-19,Saturday,02,02:50 AM,Injury,B Injury Crash,1,0,0,1,0,1,Fixed Object,6,N,N,Improper Lane Usage,Failing to Reduce Speed to Avoid Crash,Darkness / Lighted Road,Clear,Dry,N,,,,,Other,Functioning Properly,N,1,41.8737811,-87.8045651,ok,(UNK),3,03-19-16082,2019,,20,28,50000 and OVER,9,4295,Oak Park,C,Urban (UNK),0,16,19,10643115,10,Cook,2,19,,,6,N,No,(UNK),201901373803,ISP,5,21.58,N,,,,(UNK),237840,(N/A),(UNK),No Defects,1,1,(UNK),0,9290,X001716895,No Toll,27,13,4,Divided With Median Barrier,3,2939899.94978876,1905383.00817557,41.87377326421526,-87.8046,,Urban,1,N,(N/A),Y,(N/A)
2019,2019-10-19,Saturday,18,06:54 PM,Injury,B Injury Crash,1,0,0,1,0,1,Pedestrian,1,Y,N,Failing to Yield Right of Way,(N/A),Darkness / Lighted Road,Clear,Dry,Y,,,,,Stop Sign,Functioning Properly,N,1,41.8868311,-87.8001172,ok,(UNK),1,1906128,2019,,2,99,50000 and OVER,9,4295,Oak Park,C,Urban Local Road or Street,8,16,19,10642700,10,Cook,2,19,,,6,N,No,Free Flow,201901373401,City,5,0,N,,,,(UNK),238510,(N/A),(UNK),No Defects,1,1,Local Road or Street,7,,X001716430,Not Toll,73,2,4,One-Way,10,2940980.20855278,1910172.06495111,41.88682329594841,-87.8001,,Urban,1,N,(N/A),Y,(N/A)
2019,2019-10-05,Saturday,20,08:17 PM,Property Damage,No Injuries,0,0,0,0,0,3,Front to Rear,11,N,N,Failing to Reduce Speed to Avoid Crash,Following Too Closely,Daylight,Clear,Dry,N,,,,,Other Warning Sign,Functioning Properly,N,3,41.8723058,-87.8032298,ok,(UNK),3,03-19-15316,2019,,28,3,50000 and OVER,9,4295,Oak Park,C,Urban Local Road or Street,0,16,5,10645751,10,Cook,0,19,,,6,N,No,(UNK),201901376213,ISP,1,0.07,N,,,,(UNK),238519,(N/A),(UNK),No Defects,1,1,Local Road or Street,7,4062,X001719155,Not Toll,,11,4,Divided With Median Barrier,3,2940278.45972171,1904855.41307361,41.872298,-87.8032,,Urban,1,N,(N/A),Y,(N/A)
2019,2019-10-23,Wednesday,08,08:38 AM,Property Damage,No Injuries,0,0,0,0,0,2,Angle,15,N,N,Failing to Yield Right of Way,(N/A),Daylight,Clear,Dry,Y,,,,,Stop Sign,Functioning Properly,N,2,41.8815788,-87.7926485,ok,(UNK),1,1906186,2019,,2,99,50000 and OVER,9,4295,Oak Park,C,Urban Major Collector,8,16,23,10646215,10,Cook,0,19,,,3,N,No,Free Flow,201901376650,City,1,0,N,,,,(UNK),238567,(N/A),(UNK),No Defects,1,1,Major Collector,5,,X001719660,Not Toll,73,2,4,Not Divided,1,2943066.99507635,1908314.206915,41.881570914338006,-87.7926,,Urban,1,N,(N/A),Y,(N/A)
2019,2019-10-23,Wednesday,16,04:20 PM,Property Damage,No Injuries,0,0,0,0,0,2,Sideswipe Opposite Direction,13,N,N,Improper Turning/No Signal,Improper Lane Usage,Dusk,Clear,Dry,Y,,,,,Traffic Signal,Functioning Properly,N,2,41.8869824,-87.7846457,ok,(UNK),1,1906199,2019,,6,20,50000 and OVER,9,4295,Oak Park,C,Urban Major Collector,8,16,23,10646216,10,Cook,0,19,,,3,N,No,Free Flow,201901376651,City,3,0,N,,,,(UNK),238568,(N/A),(UNK),No Defects,1,1,Major Collector,5,,X001719661,Not Toll,73,3,4,Not Divided,1,2945191.72757359,1910343.83096675,41.88697459129431,-87.7846,,Urban,1,N,(N/A),Y,(N/A)
2019,2019-10-21,Monday,15,03:51 PM,Property Damage,No Injuries,0,0,0,0,0,2,Turning,10,N,N,Failing to Yield Right of Way,(N/A),Daylight,Clear,Dry,Y,,,,,Traffic Signal,Functioning Properly,N,2,41.8813878,-87.8047858,ok,(N/A),1,2019,,,2,99,50000 and OVER,9,4295,Oak Park,C,Urban Other Principal Arte,6,16,21,10642750,10,Cook,C,19,0,,1,X001716543,Free Flow,(UNK),201901373452,Other,1,26.14,Y,,,,(UNK),238688,(N/A),(UNK),No Defects,1,1,No Median Barrier,3,5043,19-03593,Urban,73,3,4,Divided,2,2939763.52364909,1908153.38389951,41.881379999600746,-87.8048,,No,1,(N/A),N,Y,N
2019,2019-10-21,Monday,19,07:00 PM,Property Damage,No Injuries,0,0,0,0,0,2,Front to Rear,11,N,N,Failing to Reduce Speed to Avoid Crash,Unable to Determine,Darkness / Lighted Road,Clear,Dry,Y,,,,,Traffic Signal,Functioning Properly,N,2,41.8978908,-87.805385,ok,(N/A),1,2019,,,28,18,50000 and OVER,9,4295,Oak Park,C,Urban Other Principal Arte,0,16,21,10644953,10,Cook,C,19,0,,1,X001717838,Stopped,(UNK),201901375431,Other,5,27.29,Y,,,,(UNK),239530,(N/A),(UNK),No Defects,1,1,No Median Barrier,3,5043,1906168,Urban,73,3,4,Divided,2,2939434.7582305,1914162.88926893,41.89788299774709,-87.8054,,No,1,(N/A),N,Y,N
2019,2019-10-21,Monday,19,07:38 PM,Property Damage,No Injuries,0,0,0,0,0,1,Parked Motor Vehicle,9,N,N,Failing to Reduce Speed to Avoid Crash,Unable to Determine,Darkness / Lighted Road,Clear,Dry,N,,,,,No Controls,No Controls,Y,2,41.8797388,-87.7965352,ok,(UNK),1,1906170,2019,,28,18,50000 and OVER,9,4295,Oak Park,C,Urban Minor Arterial,0,16,21,10644968,10,Cook,0,19,,,1,N,No,Free Flow,201901375442,City,5,3.48,N,,,,(UNK),239535,(N/A),(UNK),No Defects,1,1,Minor Arterial,4,1419,X001718356,Not Toll,73,1,1,Not Divided,1,2942027.049939,1907614.42161348,41.87973095843174,-87.7965,,Urban,1,N,(N/A),Y,(N/A)
2019,2019-10-22,Tuesday,11,11:29 AM,Property Damage,No Injuries,0,0,0,0,0,2,Front to Rear,11,N,N,Failing to Reduce Speed to Avoid Crash,(N/A),Daylight,Cloudy/Overcast,Dry,N,,,,,Traffic Signal,Functioning Properly,N,2,41.8945667,-87.7849278,ok,(UNK),1,1906178,2019,,28,99,50000 and OVER,9,4295,Oak Park,C,Urban Minor Arterial,0,16,22,10644969,10,Cook,0,19,,,2,N,No,Slow,201901375443,City,1,3.63,N,,,,(UNK),239542,(N/A),(UNK),No Defects,1,1,Minor Arterial,4,1398,X001718357,Not Toll,73,3,4,Not Divided,1,2945038.14007411,1913105.55904639,41.89455888434896,-87.7849,,Urban,8,N,(N/A),Y,(N/A)
2019,2019-10-19,Saturday,16,04:28 PM,Property Damage,No Injuries,0,0,0,0,0,2,Sideswipe Same Direction,12,N,N,Failing to Yield Right of Way,Failing to Yield Right of Way,Daylight,Clear,Dry,N,,,,,No Controls,No Controls,N,2,41.8886624,-87.795773,ok,(N/A),1,2019,,,2,2,50000 and OVER,9,4295,Oak Park,C,Urban Major Collector,0,16,19,10644971,10,Cook,C,19,0,,6,X001718359,Slow,(UNK),201901375445,Major,1,0.27,N,,,,(UNK),239543,(N/A),(UNK),No Defects,1,1,No Median Barrier,5,1405,1906124,Urban,73,1,1,Divided,2,2942144.74195998,1910872.08692956,41.88865456855603,-87.7958,,No,1,(N/A),N,Y,N
2019,2019-10-22,Tuesday,08,08:59 AM,Property Damage,No Injuries,0,0,0,0,0,2,Angle,15,N,N,Failing to Reduce Speed to Avoid Crash,(N/A),Daylight,Cloudy/Overcast,Dry,Y,,,,,Stop Sign,Functioning Properly,N,2,41.8781192,-87.7819227,ok,(UNK),1,1906176,2019,,28,99,50000 and OVER,9,4295,Oak Park,C,Urban Local Road or Street,8,16,22,10644972,10,Cook,0,19,,,2,N,No,Free Flow,201901375446,City,1,0,N,,,,(UNK),239544,(N/A),(UNK),No Defects,1,1,Local Road or Street,7,,X001718360,Not Toll,73,2,4,Not Divided,1,2946023.02327302,1907134.49289185,41.87811131730569,-87.7819,,Urban,8,N,(N/A),Y,(N/A)
2019,2019-10-21,Monday,05,05:08 AM,Property Damage,No Injuries,0,0,0,0,0,2,Front to Rear,11,N,N,Following Too Closely,Failing to Reduce Speed to Avoid Crash,Dawn,Unknown,Unknown,N,,,,,Other Warning Sign,Functioning Properly,Y,2,41.8737175,-87.8038673,ok,Partial Access Control,3,03-19-16345,2019,,3,28,50000 and OVER,9,4295,Oak Park,C,Urban InterState (PAS),0,16,21,10646999,10,Cook,0,19,,,1,N,No,(UNK),201901377409,ISP,2,319.94,Y,,,,(UNK),239875,(N/A),(UNK),No Defects,1,9,InterState (PAS),1,5110,X001720272,Not Toll,73,11,4,Divided With Median Barrier,3,2940090.6664465,1905365.07463673,41.87370968895476,-87.8039,,Urban,9,N,(N/A),Y,(N/A)
2019,2019-10-23,Wednesday,21,09:45 PM,Injury,B Injury Crash,1,0,0,1,0,3,Front to Rear,11,N,N,Following Too Closely,Failing to Reduce Speed to Avoid Crash,Darkness / Lighted Road,Rain,Wet,N,,,,,Other,Functioning Properly,N,3,41.8710678,-87.7744572,ok,Partial Access Control,3,03-19-16351,2019,,3,28,50000 and OVER,9,4295,Oak Park,C,Urban InterState (PAS),0,16,23,10647440,10,Cook,2,19,,,3,N,No,(UNK),201901377840,ISP,5,0.2,Y,,,,(UNK),239903,(N/A),(UNK),No Defects,1,2,InterState (PAS),1,290,X001720697,Not Toll,73,13,4,Divided With Median Barrier,3,2948127.89808781,1904621.46915561,41.8710599840315,-87.7745,,Urban,2,N,(N/A),Y,(N/A)
2019,2019-10-14,Monday,16,04:00 PM,Property Damage,No Injuries,0,0,0,0,0,2,Fixed Object,6,N,N,Under Influence of Alcohol/Drugs,Physical Condition of Driver,Daylight,Clear,Dry,N,,,,,No Controls,No Controls,N,1,41.8718787,-87.7834302,ok,Partial Access Control,3,03-19-15806,2019,,8,17,50000 and OVER,9,4295,Oak Park,C,Urban InterState (PAS),0,16,14,10647112,10,Cook,0,19,,,1,N,No,(UNK),201901377523,ISP,1,320.96,Y,,,,(UNK),240402,(N/A),(UNK),No Defects,1,1,InterState (PAS),1,5110,X001720378,Not Toll,73,1,1,Divided With Median Barrier,3,2945675.65442796,1904848.93078975,41.87187081919724,-87.7834,,Urban,1,N,(N/A),Y,(N/A)
2019,2019-10-24,Thursday,07,07:17 AM,Property Damage,No Injuries,0,0,0,0,0,3,Front to Rear,11,N,N,Following Too Closely,Failing to Reduce Speed to Avoid Crash,Daylight,Clear,Dry,Y,,,,,Pedestrian Crossing,Functioning Properly,N,2,41.8946179,-87.7816337,ok,(N/A),1,2019,,,3,28,50000 and OVER,9,4295,Oak Park,C,Urban Minor Arterial,8,16,24,10647650,10,Cook,C,19,0,,4,X001720782,Stopped,(UNK),201901378024,Minor,1,0,N,,,,(UNK),240813,(N/A),(UNK),No Defects,1,1,No Median Barrier,4,,1906212,Urban,73,17,4,Divided,2,2945934.55183533,1913149.14223145,41.89461007303501,-87.7816,,No,1,(N/A),N,Y,N
2019,2019-10-24,Thursday,08,08:10 AM,Property Damage,No Injuries,0,0,0,0,0,1,Parked Motor Vehicle,9,N,N,Unable to Determine,Unable to Determine,Darkness / Lighted Road,Unknown,Unknown,N,,,,,No Controls,No Controls,Y,2,41.895324,-87.8051861,ok,(UNK),1,1906213,2019,,18,18,50000 and OVER,9,4295,Oak Park,C,Urban Local Road or Street,0,16,24,10647651,10,Cook,0,19,,,4,N,No,Free Flow,201901378026,City,5,0,N,,,,(UNK),240814,(N/A),(UNK),No Defects,1,9,Local Road or Street,7,3085,X001720783,Not Toll,73,1,1,Not Divided,1,2939514.68658356,1913228.96112814,41.895316116975074,-87.8052,,Urban,9,N,(N/A),Y,(N/A)
2019,2019-10-24,Thursday,12,12:33 PM,Injury,C Injury Crash,1,0,0,0,1,2,Angle,15,N,N,Failing to Yield Right of Way,Failing to Reduce Speed to Avoid Crash,Daylight,Clear,Dry,Y,,,,,Stop Sign,Functioning Properly,N,2,41.8869494,-87.7879194,ok,(UNK),1,1906218,2019,,2,28,50000 and OVER,9,4295,Oak Park,C,Urban Local Road or Street,8,16,24,10647653,10,Cook,1,19,,,4,N,No,Free Flow,201901378028,City,1,0,N,,,,(UNK),240870,(N/A),(UNK),No Defects,1,1,Local Road or Street,7,,X001720785,Not Toll,73,2,4,Not Divided,1,2944300.60518366,1910307.06434633,41.88694159452927,-87.7879,,Urban,1,N,(N/A),Y,(N/A)
2019,2019-10-24,Thursday,12,12:14 PM,Property Damage,No Injuries,0,0,0,0,0,3,Angle,15,N,N,Failing to Yield Right of Way,Failing to Reduce Speed to Avoid Crash,Daylight,Clear,Dry,Y,,,,,Stop Sign,Functioning Properly,N,2,41.8870065,-87.7830179,ok,(UNK),1,1906217,2019,,2,28,50000 and OVER,9,4295,Oak Park,C,Urban Local Road or Street,8,16,24,10647654,10,Cook,0,19,,,4,N,No,Free Flow,201901378029,City,1,0,N,,,,(UNK),240871,(N/A),(UNK),No Defects,1,1,Local Road or Street,7,,X001720786,Not Toll,73,2,4,T-Intersection,15,2945634.73968376,1910364.91068855,41.8869986423692,-87.783,,Urban,1,N,(N/A),Y,(N/A)
2019,2019-10-22,Tuesday,17,05:13 PM,Injury,C Injury Crash,4,0,0,0,4,1,Front to Rear,11,N,N,Following Too Closely,Distraction - From Inside Vehicle,Daylight,Cloudy/Overcast,Dry,N,,,,,No Controls,No Controls,N,2,41.8797025,-87.798578,ok,(N/A),1,2019,,,3,41,50000 and OVER,9,4295,Oak Park,C,Urban Minor Arterial,0,16,22,10645559,10,Cook,C,19,1,,2,X001718950,Free Flow,(UNK),201901376017,Minor,1,3.38,N,,,,(UNK),241292,(N/A),(UNK),No Defects,1,1,No Median Barrier,4,1419,1906183,Urban,73,1,1,Divided,2,2941471.05798373,1907585.83481041,41.879694679398504,-87.7986,,No,8,(N/A),N,Y,N
2019,2019-10-24,Thursday,13,01:24 PM,Injury,B Injury Crash,1,0,0,1,0,1,Front to Rear,11,N,N,Failing to Reduce Speed to Avoid Crash,Following Too Closely,Daylight,Cloudy/Overcast,Dry,Y,,,,,Traffic Signal,Functioning Properly,N,2,41.8868528,-87.7944554,ok,(UNK),1,1906220,2019,,28,3,50000 and OVER,9,4295,Oak Park,C,Urban Major Collector,8,16,24,10648097,10,Cook,2,19,,,4,N,No,(UNK),201901378415,City,1,0,N,,,,(UNK),241522,(N/A),(UNK),No Defects,1,1,Major Collector,5,,X001721180,Not Toll,73,3,4,Not Divided,1,2942521.74487895,1910222.53897392,41.886844923416746,-87.7944,,Urban,8,N,(N/A),Y,(N/A)
2019,2019-10-22,Tuesday,08,08:30 AM,Property Damage,No Injuries,0,0,0,0,0,2,Front to Rear,11,N,N,Following Too Closely,Failing to Reduce Speed to Avoid Crash,Daylight,Rain,Wet,N,,,,,No Controls,No Controls,N,2,41.8725915,-87.793502,ok,Partial Access Control,3,03-19-16262,2019,,3,28,50000 and OVER,9,4295,Oak Park,C,Urban InterState (PAS),0,16,22,10650752,10,Cook,0,19,,,2,N,No,(UNK),201901381059,ISP,1,320.43,Y,,,,(UNK),241618,(N/A),(UNK),No Defects,1,2,InterState (PAS),1,5110,X001723774,Not Toll,73,1,1,Divided With Median Barrier,3,2942925.15653897,1905032.63936592,41.872583615473026,-87.7935,,Urban,2,N,(N/A),Y,(N/A)
2019,2019-10-24,Thursday,05,05:45 AM,Property Damage,No Injuries,0,0,0,0,0,3,Front to Rear,11,N,N,Following Too Closely,Failing to Reduce Speed to Avoid Crash,Darkness / Lighted Road,Clear,Dry,N,,,,,No Controls,No Controls,N,3,41.8712728,-87.7795438,ok,Partial Access Control,3,03-19-16362,2019,,3,28,50000 and OVER,9,4295,Oak Park,C,Urban InterState (PAS),0,16,24,10650755,10,Cook,0,19,,,4,N,No,(UNK),201901381062,ISP,5,8.94,Y,,,,(UNK),241670,(N/A),(UNK),No Defects,1,1,InterState (PAS),1,290,X001723777,Not Toll,,1,1,Divided With Median Barrier,3,2946740.34240976,1904657.58958429,41.871265,-87.7795,,Urban,1,N,(N/A),Y,(N/A)
2019,2019-10-24,Thursday,07,07:30 AM,Property Damage,No Injuries,0,0,0,0,0,3,Front to Rear,11,N,N,Following Too Closely,Failing to Reduce Speed to Avoid Crash,Daylight,Clear,Dry,N,,,,,No Controls,No Controls,Y,3,41.8717128,-87.7845888,ok,Partial Access Control,3,03-19-16364,2019,,3,28,50000 and OVER,9,4295,Oak Park,C,Urban InterState (PAS),0,16,24,10650786,10,Cook,0,19,,,4,N,No,(UNK),201901381092,ISP,1,8.69,Y,,,,(UNK),241909,(N/A),(UNK),No Defects,1,1,InterState (PAS),1,290,X001723808,Not Toll,,1,1,Divided With Median Barrier,3,2945361.74932239,1904779.73893191,41.871705,-87.7846,,Urban,1,N,(N/A),Y,(N/A)