crash_year,crash_date,day_of_week,crash_hour,time_of_crash,crash_severity,crash_injury_severity,total_injured,total_fatals,a_injuries,b_injuries,c_injuries,no_injuries,type_of_first_crash,collision_type_code,pedestrian_involved,pedalcyclist_involved,cause1,cause2,lighting_cond,weather_cond,road_surface_cond,intersection_related,is_intersection,highway_or_street_name,at_intersection_with,address_no,traffic_control_device,traffic_control_device_cond,hit_and_run,number_of_vehicles,latitude,longitude,location_status,access_control,agency_code,agency_report_number,agency_report_year,alignment_code,cause1_code,cause2_code,city_class,city_class_code,city_code,city_name,city_township_flag,class_of_trafficway,class_of_trafficway_code,county_code,crash_day,crash_id,crash_month,crash_report_county,crash_severity_cd,crash_yr_source,damaged_property1,damaged_property2,day_of_week_code,did_crash_occur_in_work_zone,did_involve_secondary_crash,flow_condition,icn,investigating_agency_descrip,light_condition_code,mile_station,nhs,non_intersection_direction,non_intersection_distance,non_intersection_units,number_of_lanes,objectid,railroad_crossing_number,road_alignment,road_defects,road_defects_code,road_surface_condition_code,roadway_functional_class,roadway_functional_class_code,route_number,sfe,toll,township,traffic_control_device_code,traffic_control_device_cond_code,trafficway_descrip,trafficway_description_code,ts_crash_coordinate_x,ts_crash_coordinate_y,ts_crash_latitude,ts_crash_longitude,type_report,urban_rural,weather_code,were_workers_present,work_zone,work_zone_related,work_zone_type
2019,2019-10-21,Monday,20,08:30 PM,Injury,B Injury Crash,1,0,0,1,0,2,Front to Rear,11,N,N,Following Too Closely,Failing to Reduce Speed to Avoid Crash,Darkness / Lighted Road,Clear,Dry,N,,,,,Other Regualtory Sig,Functioning Properly,N,2,41.8737253,-87.8039035,ok,Partial Access Control,3,03-19-16234,2019,,3,28,50000 and OVER,9,4295,Oak Park,C,Urban InterState (PAS),0,16,21,10650348,10,Cook,2,19,,,1,N,No,(UNK),201901380673,ISP,5,319.94,Y,,,,(UNK),241930,(N/A),(UNK),No Defects,1,1,InterState (PAS),1,5110,X001723425,Not Toll,73,10,4,Divided With Median Barrier,3,2940080.71400264,1905367.64332893,41.873717483985814,-87.8039,,Urban,1,N,(N/A),Y,(N/A)
2019,2019-10-18,Friday,10,10:36 AM,Property Damage,No Injuries,0,0,0,0,0,2,Turning,10,N,N,Improper Lane Usage,Failing to Reduce Speed to Avoid Crash,Daylight,Clear,Dry,N,,,,,Other,Functioning Properly,N,2,41.8735708,-87.8040488,ok,Partial Access Control,3,03-19-16029,2019,,20,28,50000 and OVER,9,4295,Oak Park,C,Urban InterState (PAS),8,16,18,10650819,10,Cook,0,19,,,5,N,No,(UNK),201901381123,ISP,1,0,Y,,,,(UNK),242037,(N/A),(UNK),No Defects,1,1,InterState (PAS),1,,X001723832,Not Toll,,13,4,Ramp,11,2940042.69164021,1905310.25709535,41.873563,-87.804,,Urban,1,N,(N/A),Y,(N/A)
2019,2019-10-22,Tuesday,16,04:00 PM,Property Damage,No Injuries,0,0,0,0,0,2,Front to Rear,11,N,N,Following Too Closely,Failing to Reduce Speed to Avoid Crash,Daylight,Cloudy/Overcast,Dry,N,,,,,No Controls,No Controls,Y,2,41.8715054,-87.7788148,ok,Partial Access Control,3,03-19-16281,2019,,3,28,50000 and OVER,9,4295,Oak Park,C,Urban InterState (PAS),0,16,22,10649062,10,Cook,0,19,,,2,N,No,(UNK),201901379325,ISP,1,321.19,Y,,,,(UNK),242133,(N/A),(UNK),No Defects,1,1,InterState (PAS),1,5110,X001722168,Not Toll,73,1,1,Divided With Median Barrier,3,2946936.54901961,1904747.8600713,41.87149754855299,-87.7788,,Urban,8,N,(N/A),Y,(N/A)
2019,2019-10-27,Sunday,19,07:30 PM,Property Damage,No Injuries,0,0,0,0,0,2,Front to Rear,11,N,N,Following Too Closely,Failing to Reduce Speed to Avoid Crash,Darkness / Lighted Road,Clear,Dry,N,,,,,Other Regualtory Sig,Functioning Properly,N,2,41.8737191,-87.8038936,ok,Partial Access Control,3,03-19-16577,2019,,3,28,50000 and OVER,9,4295,Oak Park,C,Urban InterState (PAS),0,16,27,10650446,10,Cook,0,19,,,7,N,No,(UNK),201901380775,ISP,5,319.94,Y,,,,(UNK),242553,(N/A),(UNK),No Defects,1,1,InterState (PAS),1,5110,X001723522,Not Toll,73,10,4,Divided With Median Barrier,3,2940083.48018494,1905365.45970938,41.87371128754619,-87.8039,,Urban,1,N,(N/A),Y,(N/A)
2019,2019-10-25,Friday,06,06:30 AM,Injury,A Injury Crash,2,0,1,1,0,0,Angle,15,N,N,Failing to Yield Right of Way,Failing to Reduce Speed to Avoid Crash,Darkness,Clear,Dry,Y,,,,,Stop Sign,Functioning Properly,N,2,41.881568,-87.7956358,ok,(UNK),1,1906231,2019,,2,28,50000 and OVER,9,4295,Oak Park,C,Urban Major Collector,8,16,25,10650599,10,Cook,3,19,,,5,N,No,Free Flow,201901380932,City,4,0,N,,,,(UNK),243477,(N/A),(UNK),No Defects,1,1,Major Collector,5,,X001721752,Not Toll,73,2,4,Not Divided,1,2942253.56253326,1908287.7827809,41.881560152916364,-87.7956,,Urban,1,N,(N/A),Y,(N/A)
2019,2019-10-25,Friday,11,11:12 AM,Property Damage,No Injuries,0,0,0,0,0,2,Rear to Side,16,N,N,Improper Backing,Unable to Determine,Daylight,Clear,Dry,N,,,,,Traffic Signal,Functioning Properly,N,2,41.8942278,-87.8051448,ok,(UNK),1,1906237,2019,,30,18,50000 and OVER,9,4295,Oak Park,C,Urban Minor Arterial,0,16,25,10650601,10,Cook,0,19,,,5,N,No,(UNK),201901380934,City,1,2.55,N,,,,(UNK),243478,(N/A),(UNK),No Defects,1,1,Minor Arterial,4,1398,X001721754,Not Toll,73,3,4,Not Divided,1,2939536.92594387,1912829.82512487,41.894220000308366,-87.8051,,Urban,1,N,(N/A),Y,(N/A)
2019,2019-10-25,Friday,18,06:59 PM,Property Damage,No Injuries,0,0,0,0,0,2,Front to Rear,11,N,N,Distraction - From Outside Vehicle,Failing to Reduce Speed to Avoid Crash,Darkness / Lighted Road,Clear,Dry,Y,,,,,No Controls,No Controls,N,2,41.8817579,-87.7828649,ok,(UNK),1,1906250,2019,,40,28,50000 and OVER,9,4295,Oak Park,C,Urban Major Collector,8,16,25,10652387,10,Cook,0,19,,,5,N,No,Slow,201901382555,City,5,0,N,,,,(UNK),243554,(N/A),(UNK),No Defects,1,1,Major Collector,5,,X001724631,Not Toll,73,1,1,Not Divided,1,2945729.56127833,1908453.36775392,41.88175000977398,-87.7829,,Urban,1,N,(N/A),Y,(N/A)
2019,2019-10-26,Saturday,19,07:31 PM,Property Damage,No Injuries,0,0,0,0,0,1,Parked Motor Vehicle,9,N,N,Unable to Determine,(N/A),Darkness,Rain,Wet,N,,,,,No Controls,No Controls,Y,2,41.894517,-87.7848648,ok,(N/A),1,2019,,,18,99,50000 and OVER,9,4295,Oak Park,C,Urban Major Collector,0,16,26,10652399,10,Cook,C,19,0,,6,X001725105,Free Flow,(UNK),201901382564,Major,4,0.5,N,,,,(UNK),243557,(N/A),(UNK),No Defects,1,2,No Median Barrier,5,2783,1906274,Urban,73,1,1,Divided,2,2945055.8178164,1913087.91207107,41.894509150465936,-87.7849,,No,2,(N/A),N,Y,N
2019,2019-10-21,Monday,10,10:24 AM,Property Damage,No Injuries,0,0,0,0,0,2,Front to Rear,11,N,N,Failing to Reduce Speed to Avoid Crash,Unable to Determine,Daylight,Cloudy/Overcast,Dry,Y,,,,,Traffic Signal,Functioning Properly,N,2,41.8942465,-87.802787,ok,(UNK),1,1906292,2019,,28,18,50000 and OVER,9,4295,Oak Park,C,Urban Minor Arterial,8,16,21,10652403,10,Cook,0,19,,,1,N,No,Stopped,201901382568,City,1,0,N,,,,(UNK),243604,(N/A),(UNK),No Defects,1,1,Minor Arterial,4,,X001725109,Not Toll,73,3,4,Not Divided,1,2940178.71872975,1912854.30241719,41.894238631170445,-87.8028,,Urban,8,N,(N/A),Y,(N/A)
2019,2019-10-27,Sunday,14,02:21 PM,Injury,B Injury Crash,1,0,0,1,0,2,Turning,10,N,N,Failing to Yield Right of Way,Failing to Reduce Speed to Avoid Crash,Daylight,Clear,Dry,Y,,,,,Traffic Signal,Functioning Properly,N,2,41.8869836,-87.7846457,ok,(N/A),1,2019,,,2,28,50000 and OVER,9,4295,Oak Park,C,Urban Major Collector,8,16,27,10652406,10,Cook,C,19,2,,7,X001725112,Free Flow,(UNK),201901382571,Major,1,0,N,,,,(UNK),243606,(N/A),(UNK),No Defects,1,1,No Median Barrier,5,,1906281,Urban,73,3,4,Divided,2,2945191.71029925,1910344.2420506,41.88697571979316,-87.7846,,No,1,(N/A),N,Y,N
2019,2019-10-26,Saturday,12,12:00 PM,Injury,C Injury Crash,2,0,0,0,2,1,Angle,15,N,N,Failing to Yield Right of Way,Unable to Determine,Daylight,Cloudy/Overcast,Wet,Y,,,,,Stop Sign,Functioning Properly,N,2,41.8980353,-87.7962469,ok,(UNK),1,1906265,2019,,2,18,50000 and OVER,9,4295,Oak Park,C,Urban Local Road or Street,8,16,26,10652886,10,Cook,1,19,LANDSCAPING,,6,N,Yes,Free Flow,201901383022,City,1,0,N,,,,(UNK),243689,(N/A),(UNK),No Defects,1,2,Local Road or Street,7,,X001725627,Not Toll,73,2,4,Four Way,14,2941921.25860865,1914284.18354788,41.898027473234485,-87.7962,,Urban,8,N,(N/A),Y,(N/A)
2019,2019-10-23,Wednesday,15,03:17 PM,Property Damage,No Injuries,0,0,0,0,0,4,Front to Rear,11,N,N,Following Too Closely,(N/A),Daylight,Clear,Dry,Y,,,,,Traffic Signal,Functioning Properly,N,3,41.8943579,-87.7976666,ok,(N/A),1,2019,,,3,99,50000 and OVER,9,4295,Oak Park,C,Urban Minor Arterial,8,16,23,10651525,10,Cook,C,19,0,,3,X001724288,Stopped,(UNK),201901381723,Minor,1,0,N,,,,(UNK),243729,(N/A),(UNK),No Defects,1,1,No Median Barrier,4,,1906194,Urban,73,3,4,Divided,2,2941571.76768871,1912933.36435092,41.894350010741874,-87.7977,,Yes,1,(N/A),N,Y,N
2019,2019-10-28,Monday,18,06:25 PM,Property Damage,No Injuries,0,0,0,0,0,2,Front to Rear,11,N,N,Failing to Reduce Speed to Avoid Crash,Unable to Determine,Darkness / Lighted Road,Clear,Dry,Y,,,,,Traffic Signal,Functioning Properly,N,2,41.8796746,-87.7942731,ok,(N/A),1,2019,,,28,18,50000 and OVER,9,4295,Oak Park,C,Urban Minor Arterial,0,16,28,10654379,10,Cook,C,19,0,,1,X001725991,Stopped,(UNK),201901383918,Minor,5,6.17,N,,,,(UNK),244108,(N/A),(UNK),No Defects,1,1,No Median Barrier,4,2775,1906308,Urban,73,3,4,Divided,2,2942643.75982479,1907608.06019649,41.87966676851413,-87.7943,,No,1,(N/A),N,Y,N
2019,2019-10-28,Monday,18,06:33 PM,Property Damage,No Injuries,0,0,0,0,0,3,Angle,15,N,N,Failing to Yield Right of Way,(N/A),Darkness / Lighted Road,Clear,Dry,Y,,,,,Stop Sign,Functioning Properly,N,2,41.8669857,-87.793827,ok,(N/A),1,2019,,,2,99,50000 and OVER,9,4295,Oak Park,C,Urban Major Collector,8,16,28,10654380,10,Cook,C,19,0,,1,X001726000,Free Flow,(UNK),201901383919,Major,5,0,N,,,,(UNK),244109,(N/A),(UNK),No Defects,1,1,No Median Barrier,5,,1906309,Urban,73,2,4,Divided,2,2942893.13227096,1902987.36810517,41.86697789960798,-87.7938,,No,1,(N/A),N,Y,N
2019,2019-10-29,Tuesday,07,07:40 AM,Property Damage,No Injuries,0,0,0,0,0,3,Angle,15,N,N,Failing to Yield Right of Way,Failing to Reduce Speed to Avoid Crash,Daylight,Rain,Wet,Y,,,,,Stop Sign,Functioning Properly,N,3,41.8944478,-87.7928066,ok,(N/A),1,2019,,,2,28,50000 and OVER,9,4295,Oak Park,C,Urban Minor Arterial,8,16,29,10654389,10,Cook,C,19,0,,2,X001726365,Slow,(UNK),201901383923,Minor,1,0,N,,,,(UNK),244110,(N/A),(UNK),No Defects,1,2,No Median Barrier,4,,1906315,Urban,73,2,4,Divided,2,2942894.13327764,1913002.74729667,41.89443998714529,-87.7928,,No,2,(N/A),N,Y,N
2019,2019-10-29,Tuesday,01,01:26 AM,Property Damage,No Injuries,0,0,0,0,0,1,Parked Motor Vehicle,9,N,N,Failing to Reduce Speed to Avoid Crash,Operating Vehicle In Reckless Manner,Daylight,Rain,Wet,N,,,,,Traffic Signal,Functioning Properly,Y,2,41.9002047,-87.8054657,ok,(UNK),1,1901542,2019,,28,50,50000 and OVER,9,4295,Oak Park,C,Urban Other Principal Arte,0,16,29,10654396,10,Cook,0,19,,,2,N,No,Slow,201901383934,City,1,18.25,Y,,,,(UNK),244156,(N/A),(UNK),No Defects,1,2,Other Principal Arterial (PAS),3,348,X001726415,Not Toll,73,3,4,Parking Lot,7,2939389.57832352,1915005.48998805,41.90019683268765,-87.8055,,Urban,2,N,(N/A),Y,(N/A)
2019,2019-10-26,Saturday,22,10:50 PM,Property Damage,No Injuries,0,0,0,0,0,2,Front to Rear,11,N,N,Following Too Closely,Failing to Reduce Speed to Avoid Crash,Darkness / Lighted Road,Rain,Wet,N,,,,,Other,Functioning Properly,N,2,41.871544,-87.7794107,ok,Partial Access Control,3,03-19-16517,2019,,3,28,50000 and OVER,9,4295,Oak Park,C,Urban InterState (PAS),0,16,26,10655994,10,Cook,0,19,,,6,N,No,(UNK),201901385294,ISP,5,321.16,Y,,,,(UNK),245470,(N/A),(UNK),No Defects,1,2,InterState (PAS),1,5110,X001727697,Not Toll,73,13,4,Divided With Median Barrier,3,2946773.8315508,1904757.39661319,41.871536114304064,-87.7794,,Urban,2,N,(N/A),Y,(N/A)
2019,2019-10-28,Monday,15,03:57 PM,Property Damage,No Injuries,0,0,0,0,0,2,Front to Rear,11,N,N,Failing to Reduce Speed to Avoid Crash,Following Too Closely,Daylight,Clear,Dry,N,,,,,Other,Functioning Properly,N,2,41.8726637,-87.7942935,ok,Partial Access Control,3,03-19-16612,2019,,28,3,50000 and OVER,9,4295,Oak Park,C,Urban InterState (PAS),0,16,28,10654798,10,Cook,0,19,,,1,N,No,(UNK),201901384395,ISP,1,320.39,Y,,,,(UNK),246165,(N/A),(UNK),No Defects,1,1,InterState (PAS),1,5110,X001726854,Not Toll,73,13,4,Divided With Median Barrier,3,2942708.8627451,1905053.00980392,41.87265587463939,-87.7943,,Urban,1,N,(N/A),Y,(N/A)
2019,2019-10-08,Tuesday,09,09:45 AM,Property Damage,No Injuries,0,0,0,0,0,2,Front to Rear,11,N,N,Failing to Reduce Speed to Avoid Crash,Driving Skills/Knowledge/Experience,Daylight,Clear,Dry,N,,,,,Flashing Control Sig,Functioning Properly,N,2,41.8713244,-87.777422,ok,Partial Access Control,3,03-19-15744,2019,,28,15,50000 and OVER,9,4295,Oak Park,C,Urban InterState (PAS),0,16,8,10655660,10,Cook,0,19,,,2,N,No,(UNK),201901384967,ISP,1,0.1,Y,,,,(UNK),246476,(N/A),(UNK),Unknown,99,1,InterState (PAS),1,290,X001727372,Not Toll,73,15,4,Ramp,11,2947317.73491709,1904692.47546007,41.871316585502115,-87.7774,,Urban,1,N,(N/A),N,(N/A)
2019,2019-10-29,Tuesday,10,10:26 AM,Injury,C Injury Crash,1,0,0,0,1,1,Pedalcyclist,2,N,Y,Driving On Wrong Side/Wrong Way,Improper Lane Usage,Daylight,Rain,Wet,Y,,,,,Stop Sign,Functioning Properly,N,1,41.8800078,-87.7758823,ok,(UNK),1,1906318,2019,,5,20,50000 and OVER,9,4295,Oak Park,C,Urban Minor Arterial,8,16,29,10657589,10,Cook,1,19,,,2,N,No,Free Flow,201901386898,City,1,0,N,,,,(UNK),247835,(N/A),(UNK),No Defects,1,2,Minor Arterial,4,,X001727882,Not Toll,73,2,4,Divided With Median Barrier,3,2947648.94274809,1907868.5297786,41.87999992441791,-87.7759,,Urban,2,N,(N/A),Y,(N/A)
2019,2019-10-26,Saturday,00,00:34 AM,Property Damage,No Injuries,0,0,0,0,0,1,Fixed Object,6,N,N,Driving Skills/Knowledge/Experience,Improper Lane Usage,Darkness / Lighted Road,Clear,Dry,N,,,,,Other Regualtory Sig,Functioning Properly,N,1,41.87308,-87.7979105,ok,(N/A),3,2019,,,15,20,50000 and OVER,9,4295,Oak Park,C,Urban InterState (PAS),0,16,26,10656741,10,Cook,I,19,0,,6,X001728406,(UNK),Partial Access Control,201901386087,InterS,5,320.22,Y,,,,(UNK),247850,(N/A),(UNK),No Defects,1,1,No Median Barrier,1,5110,03-19-16452,Urban,73,10,4,Divided,2,2941719.5,1905177.5,41.87307219003303,-87.7979,,No,1,(N/A),N,Y,N
2019,2019-10-30,Wednesday,16,04:12 PM,Property Damage,No Injuries,0,0,0,0,0,6,Front to Rear,11,N,N,Failing to Reduce Speed to Avoid Crash,Unable to Determine,Dusk,Rain,Wet,Y,,,,,No Controls,No Controls,Y,3,41.9091867,-87.7808056,ok,(UNK),1,1906357,2019,,28,18,50000 and OVER,9,4295,Oak Park,C,Urban Other Principal Arte,6,16,30,10657609,10,Cook,0,19,,,3,N,No,Stopped,201901386914,City,3,130.46,Y,,,,(UNK),247886,(N/A),(UNK),No Defects,1,2,Other Principal Arterial (PAS),3,5064,X001728813,Not Toll,73,1,1,Not Divided,1,2946012.26995357,1918464.56488464,41.90917884774714,-87.7808,,Urban,2,N,(N/A),Y,(N/A)
2019,2019-10-25,Friday,20,08:49 PM,Property Damage,No Injuries,0,0,0,0,0,6,Front to Rear,11,N,N,Following Too Closely,Failing to Reduce Speed to Avoid Crash,Darkness / Lighted Road,Clear,Dry,Y,,,,,Traffic Signal,Functioning Properly,N,2,41.8886928,-87.794517,ok,(UNK),1,1906254,2019,,3,28,50000 and OVER,9,4295,Oak Park,C,Urban Major Collector,0,16,25,10658591,10,Cook,0,19,,,5,N,No,Free Flow,201901387892,City,5,5.53,N,,,,(UNK),248024,(N/A),(UNK),No Defects,1,1,Major Collector,5,2775,X001729978,Not Toll,73,3,4,Four Way,14,2942486.44562702,1910892.62571324,41.888684977280874,-87.7945,,Urban,1,N,(N/A),Y,(N/A)
2019,2019-10-31,Thursday,15,03:48 PM,Property Damage,No Injuries,0,0,0,0,0,3,Sideswipe Same Direction,12,N,N,Improper Lane Usage,(N/A),Daylight,Blowing Snow,Wet,N,,,,,No Controls,No Controls,N,2,41.9087197,-87.8057792,ok,(N/A),1,2019,,,20,99,50000 and OVER,9,4295,Oak Park,C,Urban Other Principal Arte,0,16,31,10658593,10,Cook,C,19,0,,4,X001730029,Slow,(UNK),201901387894,Other,1,17.66,Y,,,,(UNK),248025,(N/A),(UNK),No Defects,1,2,No Median Barrier,3,348,1906378,Urban,73,1,1,Divided,2,2939218.7617979,1918106.1824986,41.908711868358935,-87.8058,,No,11,(N/A),N,Y,N
2019,2019-10-31,Thursday,07,07:20 AM,Property Damage,No Injuries,0,0,0,0,0,2,Angle,15,N,N,Failing to Yield Right of Way,Disregarding Stop Sign,Dawn,Freezing Rain,Wet,Y,,,,,Stop Sign,Functioning Properly,N,2,41.8946279,-87.7799818,ok,(UNK),1,1906370,2019,,2,23,50000 and OVER,9,4295,Oak Park,C,Urban Minor Arterial,8,16,31,10658189,10,Cook,0,19,,,4,N,No,Free Flow,201901387487,City,2,0,N,,,,(UNK),248089,(N/A),(UNK),No Defects,1,2,Minor Arterial,4,,X001729469,Not Toll,73,2,4,Not Divided,1,2946384.21206733,1913165.30898665,41.89462009775488,-87.78,,Urban,10,N,(N/A),Y,(N/A)
2019,2019-10-30,Wednesday,08,08:00 AM,Property Damage,No Injuries,0,0,0,0,0,3,Angle,15,N,N,Failing to Yield Right of Way,Failing to Reduce Speed to Avoid Crash,Daylight,Snow,Snow or Slush,N,,,,,No Controls,No Controls,N,2,41.8780512,-87.787851,ok,(UNK),1,1906353,2019,,2,28,50000 and OVER,9,4295,Oak Park,C,Urban Local Road or Street,0,16,30,10658190,10,Cook,0,19,,,3,N,No,Free Flow,201901387488,City,1,0.38,N,,,,(UNK),248090,(N/A),(UNK),No Defects,1,3,Local Road or Street,7,4011,X001729470,Not Toll,73,1,1,Not Divided,1,2944409.14460406,1907064.88146012,41.87804331503933,-87.7878,,Urban,3,N,(N/A),Y,(N/A)
2019,2019-11-03,Sunday,00,00:42 AM,Property Damage,No Injuries,0,0,0,0,0,2,Parked Motor Vehicle,9,N,N,Unable to Determine,Unable to Determine,Daylight,Clear,Dry,N,,,,,No Controls,No Controls,Y,2,41.8820963,-87.7764194,ok,(N/A),1,2019,,,18,18,50000 and OVER,9,4295,Oak Park,C,Urban Major Collector,0,16,3,10660552,11,Cook,C,19,0,,7,X001731514,Slow,(UNK),201901389687,Major,1,1.46,N,,,,(UNK),249904,(N/A),(UNK),No Defects,1,1,No Median Barrier,5,5,1906441,Urban,73,1,1,Divided,2,2947481.45033549,1908625.54534916,41.88208843395242,-87.7764,,No,1,(N/A),N,Y,N
2019,2019-11-01,Friday,21,09:22 PM,Injury,C Injury Crash,5,0,0,0,5,1,Sideswipe Same Direction,12,N,N,Improper Lane Usage,Failing to Reduce Speed to Avoid Crash,Darkness / Lighted Road,Rain,Snow or Slush,N,,,,,No Controls,No Controls,N,2,41.9001261,-87.8054622,ok,(UNK),1,1901565,2019,,20,28,50000 and OVER,9,4295,Oak Park,C,Urban Other Principal Arte,0,16,1,10662456,11,Cook,1,19,,,5,N,No,Free Flow,201901391224,City,5,18.25,Y,,,,(UNK),250134,(N/A),(UNK),No Defects,1,3,Other Principal Arterial (PAS),3,348,X001733020,Not Toll,73,1,1,Not Divided,1,2939391.31663953,1914976.89804762,41.900118301924365,-87.8055,,Urban,2,N,(N/A),Y,(N/A)
2019,2019-11-04,Monday,08,08:36 AM,Injury,B Injury Crash,1,0,0,1,0,2,Turning,10,N,N,Failing to Reduce Speed to Avoid Crash,Unable to Determine,Daylight,Clear,Dry,Y,,,,,Traffic Signal,Functioning Properly,N,2,41.8978908,-87.8053855,ok,(UNK),1,1906465,2019,,28,18,50000 and OVER,9,4295,Oak Park,C,Urban Other Principal Arte,0,16,4,10663686,11,Cook,2,19,BUILDING,,1,N,Yes,Free Flow,201901392420,City,1,27.29,Y,,,,(UNK),250201,(N/A),(UNK),No Defects,1,1,Other Principal Arterial (PAS),3,5043,X001734056,Not Toll,73,3,4,Unknown Intersection Type,22,2939434.6282772,1914162.88288419,41.89788299005256,-87.8054,,Urban,1,N,(N/A),Y,(N/A)
2019,2019-11-01,Friday,22,10:30 PM,Property Damage,No Injuries,0,0,0,0,0,2,Front to Rear,11,N,N,Following Too Closely,Failing to Reduce Speed to Avoid Crash,Darkness / Lighted Road,Clear,Wet,N,,,,,Other Warning Sign,Functioning Properly,N,2,41.8735831,-87.8035531,ok,Partial Access Control,3,03-19-16888,2019,,3,28,50000 and OVER,9,4295,Oak Park,C,Urban InterState (PAS),8,16,1,10663307,11,Cook,0,19,,,5,N,No,(UNK),201901392038,ISP,5,0,Y,,,,(UNK),250388,(N/A),(UNK),No Defects,1,2,InterState (PAS),1,,X001733883,Not Toll,73,11,4,Ramp,11,2940177.58650297,1905318.44007908,41.87357525116087,-87.8035,,Urban,1,N,(N/A),Y,(N/A)
2019,2019-10-31,Thursday,14,02:00 PM,Property Damage,No Injuries,0,0,0,0,0,2,Front to Rear,11,N,N,Following Too Closely,Failing to Reduce Speed to Avoid Crash,Daylight,Snow,Wet,N,,,,,Other,Functioning Properly,Y,2,41.8716554,-87.780922,ok,Partial Access Control,3,03-19-16798,2019,,3,28,50000 and OVER,9,4295,Oak Park,C,Urban InterState (PAS),0,16,31,10665189,10,Cook,0,19,,,4,N,No,(UNK),201901393677,ISP,1,0.16,Y,,,,(UNK),251436,(N/A),(UNK),No Defects,1,2,InterState (PAS),1,290,X001735399,Not Toll,73,13,4,Ramp,11,2946361.07308759,1904786.5456691,41.871647523649116,-87.7809,,Urban,3,N,(N/A),Y,(N/A)
2019,2019-11-01,Friday,17,05:55 PM,Property Damage,No Injuries,0,0,0,0,0,2,Front to Rear,11,N,N,Following Too Closely,Failing to Reduce Speed to Avoid Crash,Darkness / Lighted Road,Clear,Dry,N,,,,,Other Warning Sign,Functioning Properly,N,2,41.8732889,-87.7996429,ok,Partial Access Control,3,03-19-16870,2019,,3,28,50000 and OVER,9,4295,Oak Park,C,Urban InterState (PAS),0,16,1,10665234,11,Cook,0,19,,,5,N,No,(UNK),201901393722,ISP,5,320.14,Y,,,,(UNK),251745,(N/A),(UNK),No Defects,1,1,InterState (PAS),1,5110,X001735444,Not Toll,73,11,4,Divided With Median Barrier,3,2941245.55525847,1905240.58975045,41.873281052645304,-87.7996,,Urban,1,N,(N/A),Y,(N/A)
2019,2019-11-01,Friday,19,07:00 PM,Property Damage,No Injuries,0,0,0,0,0,7,Front to Rear,11,N,N,Following Too Closely,Failing to Reduce Speed to Avoid Crash,Darkness / Lighted Road,Clear,Dry,N,,,,,Other Warning Sign,Functioning Properly,N,3,41.8734677,-87.8041068,ok,Partial Access Control,3,03-19-16878,2019,,3,28,50000 and OVER,9,4295,Oak Park,C,Urban InterState (PAS),0,16,1,10665240,11,Cook,0,19,,,5,N,No,(UNK),201901393728,ISP,5,7.72,Y,,,,(UNK),251770,(N/A),(UNK),No Defects,1,1,InterState (PAS),1,290,X001735450,Not Toll,73,11,4,Divided With Median Barrier,3,2940027.93113345,1905272.24034553,41.87345987270876,-87.8041,,Urban,1,N,(N/A),Y,(N/A)
2019,2019-11-05,Tuesday,14,02:35 PM,Property Damage,No Injuries,0,0,0,0,0,2,Front to Rear,11,N,N,Failing to Reduce Speed to Avoid Crash,Following Too Closely,Daylight,Clear,Dry,N,,,,,Other,Functioning Properly,N,2,41.8733441,-87.8001803,ok,Partial Access Control,3,03-19-17068,2019,,28,3,50000 and OVER,9,4295,Oak Park,C,Urban InterState (PAS),0,16,5,10665267,11,Cook,0,19,,,2,N,No,(UNK),201901393757,ISP,1,320.11,Y,,,,(UNK),251949,(N/A),(UNK),No Defects,1,1,InterState (PAS),1,5110,X001735476,Not Toll,73,13,4,Divided With Median Barrier,3,2941098.6114082,1905256.66042781,41.87333623457856,-87.8002,,Urban,1,N,(N/A),Y,(N/A)
2019,2019-11-05,Tuesday,16,04:01 PM,Property Damage,No Injuries,0,0,0,0,0,2,Front to Rear,11,N,N,Failing to Reduce Speed to Avoid Crash,Following Too Closely,Daylight,Clear,Dry,N,,,,,Other,Functioning Properly,Y,2,41.8737737,-87.8045293,ok,(UNK),3,03-19-17070,2019,,28,3,50000 and OVER,9,4295,Oak Park,C,Urban (UNK),0,16,5,10665269,11,Cook,0,19,,,2,N,No,(UNK),201901393758,ISP,1,20.08,N,,,,(UNK),251950,(N/A),(UNK),No Defects,1,1,(UNK),0,348,X001735478,No Toll,73,13,4,Divided With Median Barrier,3,2939909.79409289,1905380.56103814,41.87376581086125,-87.8045,,Urban,1,N,(N/A),Y,(N/A)
2019,2019-11-01,Friday,15,03:30 PM,Property Damage,No Injuries,0,0,0,0,0,2,Angle,15,N,N,Failing to Yield Right of Way,Unable to Determine,Daylight,Clear,Dry,Y,,,,,Traffic Signal,Functioning Properly,N,2,41.879667,-87.8047358,ok,(UNK),1,1906402,2019,,2,18,50000 and OVER,9,4295,Oak Park,C,Urban Other Principal Arte,0,16,1,10663640,11,Cook,0,19,,,5,N,No,Stopped,201901392386,City,1,26.02,Y,,,,(UNK),252207,(N/A),(UNK),No Defects,1,1,Other Principal Arterial (PAS),3,5043,X001733475,Not Toll,73,3,4,Not Divided,1,2939794.41938422,1907526.65007261,41.87965914884901,-87.8047,,Urban,1,N,(N/A),Y,(N/A)