crash_year,crash_date,day_of_week,crash_hour,time_of_crash,crash_severity,crash_injury_severity,total_injured,total_fatals,a_injuries,b_injuries,c_injuries,no_injuries,type_of_first_crash,collision_type_code,pedestrian_involved,pedalcyclist_involved,cause1,cause2,lighting_cond,weather_cond,road_surface_cond,intersection_related,is_intersection,highway_or_street_name,at_intersection_with,address_no,traffic_control_device,traffic_control_device_cond,hit_and_run,number_of_vehicles,latitude,longitude,location_status,access_control,agency_code,agency_report_number,agency_report_year,alignment_code,cause1_code,cause2_code,city_class,city_class_code,city_code,city_name,city_township_flag,class_of_trafficway,class_of_trafficway_code,county_code,crash_day,crash_id,crash_month,crash_report_county,crash_severity_cd,crash_yr_source,damaged_property1,damaged_property2,day_of_week_code,did_crash_occur_in_work_zone,did_involve_secondary_crash,flow_condition,icn,investigating_agency_descrip,light_condition_code,mile_station,nhs,non_intersection_direction,non_intersection_distance,non_intersection_units,number_of_lanes,objectid,railroad_crossing_number,road_alignment,road_defects,road_defects_code,road_surface_condition_code,roadway_functional_class,roadway_functional_class_code,route_number,sfe,toll,township,traffic_control_device_code,traffic_control_device_cond_code,trafficway_descrip,trafficway_description_code,ts_crash_coordinate_x,ts_crash_coordinate_y,ts_crash_latitude,ts_crash_longitude,type_report,urban_rural,weather_code,were_workers_present,work_zone,work_zone_related,work_zone_type
2019,2019-11-02,Saturday,12,12:33 PM,Property Damage,No Injuries,0,0,0,0,0,1,Parked Motor Vehicle,9,N,N,Unable to Determine,Failing to Reduce Speed to Avoid Crash,Daylight,Clear,Dry,N,,,,,No Controls,No Controls,Y,2,41.8828225,-87.7970128,ok,(UNK),1,1906420,2019,,18,28,50000 and OVER,9,4295,Oak Park,C,Urban Local Road or Street,0,16,2,10663644,11,Cook,0,19,,,6,N,No,Free Flow,201901392391,City,1,0.4,N,,,,(UNK),252208,(N/A),(UNK),No Defects,1,1,Local Road or Street,7,2690,X001733572,Not Toll,73,1,1,Not Divided,1,2941865.92029762,1908734.58997796,41.88281467379408,-87.797,,Urban,1,N,(N/A),Y,(N/A)
2019,2019-11-02,Saturday,12,12:45 PM,Property Damage,No Injuries,0,0,0,0,0,1,Parked Motor Vehicle,9,N,N,Failing to Reduce Speed to Avoid Crash,Improper Lane Usage,Darkness / Lighted Road,Clear,Dry,N,,,,,No Controls,No Controls,Y,2,41.8741932,-87.7928282,ok,(UNK),1,1906421,2019,,28,20,50000 and OVER,9,4295,Oak Park,C,Urban Local Road or Street,0,16,2,10663645,11,Cook,0,19,,,6,N,No,Free Flow,201901392421,City,5,0.37,N,,,,(UNK),252209,(N/A),(UNK),No Defects,1,1,Local Road or Street,7,2673,X001733578,Not Toll,73,1,1,Not Divided,1,2943092.54624987,1905621.41601236,41.87418534391469,-87.7928,,Urban,1,N,(N/A),Y,(N/A)
2019,2019-11-02,Saturday,15,03:34 PM,Injury,B Injury Crash,2,0,0,2,0,5,Front to Rear,11,N,N,Following Too Closely,(N/A),Daylight,Clear,Dry,N,,,,,No Controls,No Controls,N,2,41.909077,-87.7915032,ok,(N/A),1,2019,,,3,99,50000 and OVER,9,4295,Oak Park,C,Urban Other Principal Arte,0,16,2,10663647,11,Cook,C,19,2,,6,X001733596,Slow,(UNK),201901392393,Other,1,6.66,Y,,,,(UNK),252210,(N/A),(UNK),No Defects,1,1,No Median Barrier,3,307,1906426,Urban,73,1,1,Divided,2,2943101.34700526,1918343.73256706,41.90906916415937,-87.7915,,No,1,(N/A),N,Y,N
2019,2019-11-02,Saturday,15,03:53 PM,Injury,C Injury Crash,1,0,0,0,1,1,Front to Rear,11,N,N,Following Too Closely,(N/A),Daylight,Rain,Wet,Y,,,,,Traffic Signal,Functioning Properly,N,2,41.8721625,-87.8044603,ok,(N/A),1,2019,,,3,99,50000 and OVER,9,4295,Oak Park,C,Urban Other Principal Arte,0,16,2,10663648,11,Cook,C,19,1,,6,X001733602,Slow,(UNK),201901392394,Other,1,20.19,Y,,,,(UNK),252211,(N/A),(UNK),No Defects,1,2,No Median Barrier,3,348,1906429,Urban,73,3,4,Divided,2,2939944.75706269,1904793.9453508,41.87215465612299,-87.8045,,No,2,(N/A),N,Y,N
2019,2019-11-02,Saturday,20,08:06 PM,Injury,B Injury Crash,1,0,0,1,0,2,Front to Rear,11,N,N,Cell Phone Use Other Than Texting,Failing to Reduce Speed to Avoid Crash,Darkness / Lighted Road,Cloudy/Overcast,Dry,Y,,,,,No Controls,No Controls,N,2,41.8798281,-87.784435,ok,(UNK),1,1906439,2019,,45,28,50000 and OVER,9,4295,Oak Park,C,Urban Minor Arterial,8,16,2,10663650,11,Cook,2,19,,,6,N,No,(UNK),201901392395,City,5,0,N,,,,(UNK),252212,(N/A),(UNK),No Defects,1,1,Minor Arterial,4,,X001733632,Not Toll,73,1,1,Not Divided,1,2945321.50277995,1907738.2348866,41.879820214596705,-87.7844,,Urban,8,N,(N/A),Y,(N/A)
2019,2019-11-03,Sunday,16,04:30 PM,Injury,C Injury Crash,1,0,0,0,1,1,Front to Rear,11,N,N,Distraction - From Outside Vehicle,Unable to Determine,Darkness / Lighted Road,Clear,Dry,Y,,,,,Traffic Signal,Functioning Properly,N,2,41.8796761,-87.799965,ok,(UNK),1,1906455,2019,,40,18,50000 and OVER,9,4295,Oak Park,C,Urban Minor Arterial,0,16,3,10663652,11,Cook,1,19,,,7,N,No,Free Flow,201901392397,City,5,3.32,N,,,,(UNK),252269,(N/A),(UNK),No Defects,1,1,Minor Arterial,4,1419,X001734051,Not Toll,73,3,4,Four Way,14,2941093.5935337,1907565.77197871,41.87966823220678,-87.8,,Urban,1,N,(N/A),Y,(N/A)
2019,2019-11-04,Monday,13,01:30 PM,Property Damage,No Injuries,0,0,0,0,0,2,Front to Rear,11,N,N,Failing to Reduce Speed to Avoid Crash,Following Too Closely,Daylight,Clear,Dry,N,,,,,No Controls,No Controls,Y,2,41.8733923,-87.8006445,ok,Partial Access Control,3,03-19-17001,2019,,28,3,50000 and OVER,9,4295,Oak Park,C,Urban InterState (PAS),0,16,4,10664972,11,Cook,0,19,,,1,N,No,(UNK),201901393469,ISP,1,320.09,Y,,,,(UNK),252291,(N/A),(UNK),No Defects,1,1,InterState (PAS),1,5110,X001735186,Not Toll,73,1,1,Divided With Median Barrier,3,2940971.69984187,1905270.73758489,41.87338443285558,-87.8006,,Urban,1,N,(N/A),Y,(N/A)
2019,2019-11-02,Saturday,18,06:38 PM,Injury,C Injury Crash,1,0,0,0,1,2,Front to Rear,11,N,N,Unable to Determine,Unable to Determine,Darkness / Lighted Road,Clear,Dry,Y,,,,,Traffic Signal,Functioning Properly,Y,2,41.8815863,-87.7944366,ok,(UNK),1,1906436,2019,,18,18,50000 and OVER,9,4295,Oak Park,C,Urban Major Collector,0,16,2,10664110,11,Cook,1,19,,,6,N,No,Slow,201901392972,City,5,0.53,N,,,,(UNK),252419,(N/A),(UNK),No Defects,1,1,Major Collector,5,5,X001734543,Not Toll,73,3,4,Four Way,14,2942579.94327396,1908303.48374526,41.881578460462045,-87.7944,,Urban,1,N,(N/A),Y,(N/A)
2019,2019-11-05,Tuesday,09,09:00 AM,Property Damage,No Injuries,0,0,0,0,0,3,Front to Rear,11,N,N,Failing to Reduce Speed to Avoid Crash,Following Too Closely,Daylight,Clear,Dry,N,,,,,No Controls,No Controls,N,3,41.894421,-87.7944773,ok,(N/A),1,2019,,,28,3,50000 and OVER,9,4295,Oak Park,C,Urban Minor Arterial,0,16,5,10667122,11,Cook,C,19,0,,2,X001736444,Slow,(UNK),201901395413,Minor,1,3.11,N,,,,(UNK),252595,(N/A),(UNK),No Defects,1,1,No Median Barrier,4,1398,1906507,Urban,73,1,1,Divided,2,2942439.5082698,1912980.39210987,41.894413185541104,-87.7945,,No,1,(N/A),N,Y,N
2019,2019-11-03,Sunday,15,03:30 PM,Property Damage,No Injuries,0,0,0,0,0,2,Front to Rear,11,N,N,Failing to Reduce Speed to Avoid Crash,Unable to Determine,Daylight,Clear,Dry,N,,,,,No Controls,No Controls,N,2,41.8882301,-87.8024218,ok,(UNK),1,1906483,2019,,28,18,50000 and OVER,9,4295,Oak Park,C,Urban Local Road or Street,0,16,3,10666365,11,Cook,0,19,,,7,N,No,Slow,201901394696,City,1,0.02,N,,,,(UNK),252721,(N/A),(UNK),No Defects,1,1,Local Road or Street,7,2056,X001736155,Not Toll,73,1,1,Not Divided,1,2940338.60266577,1910664.55016889,41.88822221738029,-87.8024,,Urban,1,N,(N/A),Y,(N/A)
2019,2019-11-05,Tuesday,10,10:27 AM,Injury,C Injury Crash,1,0,0,0,1,2,Parked Motor Vehicle,9,N,N,Failing to Reduce Speed to Avoid Crash,Road Construction/Maintenance,Daylight,Clear,Dry,Y,,,,,Traffic Signal,Functioning Properly,N,2,41.8873098,-87.7944759,ok,(UNK),1,1906493,2019,,28,13,50000 and OVER,9,4295,Oak Park,C,Urban Major Collector,8,16,5,10666472,11,Cook,1,19,,,2,N,No,Free Flow,201901395377,City,1,0,N,,,,(UNK),253159,(N/A),(UNK),No Defects,1,1,Major Collector,5,,X001736336,Not Toll,73,3,4,Four Way,14,2942511.57874152,1910388.93112465,41.88730194147502,-87.7945,,Urban,1,N,(N/A),Y,(N/A)
2019,2019-11-05,Tuesday,09,09:20 AM,Injury,B Injury Crash,1,0,0,1,0,3,Angle,15,N,N,Disregarding Stop Sign,Unable to Determine,Daylight,Clear,Dry,Y,,,,,Stop Sign,Functioning Properly,Y,2,41.8763549,-87.7781848,ok,(UNK),1,1906492,2019,,23,18,50000 and OVER,9,4295,Oak Park,C,Urban Local Road or Street,8,16,5,10665539,11,Cook,2,19,TREE,,2,N,Yes,Free Flow,201901394036,City,1,0,N,,,,(UNK),253470,(N/A),(UNK),No Defects,1,1,Local Road or Street,7,,X001735600,Not Toll,73,2,4,Unknown Intersection Type,22,2947058.94496025,1906519.89558933,41.87634707951676,-87.7782,,Urban,1,N,(N/A),Y,(N/A)
2019,2019-10-30,Wednesday,18,06:10 PM,Property Damage,No Injuries,0,0,0,0,0,4,Turning,10,N,N,Failing to Reduce Speed to Avoid Crash,Unable to Determine,Darkness / Lighted Road,Rain,Wet,N,,,,,No Controls,No Controls,N,2,41.8796487,-87.8014206,ok,(N/A),1,2019,,,28,18,50000 and OVER,9,4295,Oak Park,C,Urban Minor Arterial,0,16,30,10665540,10,Cook,C,19,0,,3,X001735601,Free Flow,(UNK),201901394038,Minor,5,3.24,N,,,,(UNK),253471,(N/A),(UNK),No Defects,1,2,No Median Barrier,4,1419,1906362,Urban,73,1,1,Divided,2,2940697.46936815,1907544.87842694,41.87964090121852,-87.8014,,No,2,(N/A),N,Y,N
2019,2019-11-07,Thursday,14,02:44 PM,Property Damage,No Injuries,0,0,0,0,0,2,Front to Rear,11,N,N,Failing to Reduce Speed to Avoid Crash,Following Too Closely,Daylight,Clear,Other,N,,,,,Other Warning Sign,Functioning Properly,N,2,41.8719074,-87.7837592,ok,Partial Access Control,3,03-19-17175,2019,,28,3,50000 and OVER,9,4295,Oak Park,C,Urban InterState (PAS),0,16,7,10668204,11,Cook,0,19,,,4,N,No,(UNK),201901396188,ISP,1,320.94,Y,,,,(UNK),253512,(N/A),(UNK),No Defects,1,6,InterState (PAS),1,5110,X001737616,Not Toll,73,11,4,Divided With Median Barrier,3,2945585.73627451,1904856.91185383,41.87189955187798,-87.7838,,Urban,1,N,(N/A),Y,(N/A)
2019,2019-11-04,Monday,19,07:53 PM,Property Damage,No Injuries,0,0,0,0,0,3,Angle,15,N,N,Failing to Yield Right of Way,(N/A),Darkness / Lighted Road,Clear,Dry,Y,,,,,Stop Sign,Functioning Properly,N,2,41.8982438,-87.7833759,ok,(UNK),1,1906486,2019,,2,99,50000 and OVER,9,4295,Oak Park,C,Urban Local Road or Street,8,16,4,10665563,11,Cook,0,19,,,1,N,No,Slow,201901394060,City,5,0,N,,,,(UNK),253616,(N/A),(UNK),No Defects,1,1,Local Road or Street,7,,X001735023,Not Toll,73,2,4,Not Divided,1,2945423.45695414,1914457.29814167,41.898235962116026,-87.7834,,Urban,1,N,(N/A),Y,(N/A)
2019,2019-11-06,Wednesday,08,08:50 AM,Injury,B Injury Crash,1,0,0,1,0,1,Pedestrian,1,Y,N,Failing to Yield Right of Way,(N/A),Daylight,Clear,Dry,Y,,,,,Traffic Signal,Functioning Properly,Y,1,41.8978908,-87.805385,ok,(UNK),1,1906536,2019,,2,99,50000 and OVER,9,4295,Oak Park,C,Urban Other Principal Arte,0,16,6,10669195,11,Cook,2,19,,,3,N,No,Free Flow,201901397191,City,1,27.29,Y,,,,(UNK),253976,(N/A),(UNK),No Defects,1,1,Other Principal Arterial (PAS),3,5043,X001738518,Not Toll,73,3,4,Four Way,14,2939434.7582305,1914162.88926893,41.89788299774709,-87.8054,,Urban,1,N,(N/A),Y,(N/A)
2019,2019-11-07,Thursday,11,11:10 AM,Property Damage,No Injuries,0,0,0,0,0,5,Parked Motor Vehicle,9,N,N,Improper Overtaking/Passing,Failing to Reduce Speed to Avoid Crash,Daylight,Clear,Dry,N,,,,,Stop Sign,Functioning Properly,N,2,41.8913252,-87.794774,ok,(UNK),1,1906541,2019,,4,28,50000 and OVER,9,4295,Oak Park,C,Urban Local Road or Street,0,16,7,10668887,11,Cook,0,19,,,4,N,No,Free Flow,201901396868,City,1,0.12,N,,,,(UNK),254551,(N/A),(UNK),No Defects,1,1,Local Road or Street,7,3062,X001738140,Not Toll,73,2,4,Not Divided,1,2942389.93226268,1911849.97587555,41.89131734864506,-87.7948,,Urban,1,N,(N/A),Y,(N/A)
2019,2019-10-21,Monday,15,03:33 PM,Property Damage,No Injuries,0,0,0,0,0,2,Front to Rear,11,N,N,Following Too Closely,(N/A),Daylight,Unknown,Unknown,N,,,,,No Controls,No Controls,Y,2,41.8800406,-87.7821928,ok,(N/A),1,2019,,,3,99,50000 and OVER,9,4295,Oak Park,C,Urban Minor Arterial,8,16,21,10667986,10,Cook,C,19,0,,1,X001737355,Slow,(UNK),201901395897,Minor,1,0,N,,,,(UNK),254783,(N/A),(UNK),No Defects,1,9,No Median Barrier,4,,1906512,Urban,73,1,1,Divided,2,2945930.00429659,1907832.65375812,41.880032749307475,-87.7822,,No,9,(N/A),N,Y,N
2019,2019-11-03,Sunday,19,07:45 PM,Property Damage,No Injuries,0,0,0,0,0,2,Front to Rear,11,N,N,Following Too Closely,Failing to Reduce Speed to Avoid Crash,Darkness / Lighted Road,Clear,Dry,N,,,,,Other,Functioning Properly,Y,2,41.8737227,-87.8039137,ok,Partial Access Control,3,03-19-17272,2019,,3,28,50000 and OVER,9,4295,Oak Park,C,Urban InterState (PAS),0,16,3,10669883,11,Cook,0,19,,,7,N,No,(UNK),201901397872,ISP,5,319.94,Y,,,,(UNK),254909,(N/A),(UNK),No Defects,1,1,InterState (PAS),1,5110,X001739197,Not Toll,73,13,4,Divided With Median Barrier,3,2940077.97556143,1905366.59379128,41.87371481293584,-87.8039,,Urban,1,N,(N/A),Y,(N/A)
2019,2019-11-07,Thursday,18,06:51 PM,Injury,C Injury Crash,2,0,0,0,2,1,Angle,15,N,N,Disregarding Other Traffic Signs,Failing to Yield Right of Way,Darkness / Lighted Road,Cloudy/Overcast,Dry,Y,,,,,Stop Sign,Functioning Properly,N,2,41.8815458,-87.7969728,ok,(UNK),1,1906553,2019,,24,2,50000 and OVER,9,4295,Oak Park,C,Urban Major Collector,8,16,7,10669433,11,Cook,1,19,,,4,N,No,Free Flow,201901397443,City,5,0,N,,,,(UNK),255016,(N/A),(UNK),No Defects,1,1,Major Collector,5,,X001738756,Not Toll,73,2,4,Not Divided,1,2941889.6758909,1908269.62667392,41.88153794207228,-87.797,,Urban,8,N,(N/A),Y,(N/A)
2019,2019-11-09,Saturday,13,01:51 PM,Property Damage,No Injuries,0,0,0,0,0,5,Front to Rear,11,N,N,Failing to Reduce Speed to Avoid Crash,Following Too Closely,Daylight,Clear,Dry,N,,,,,No Controls,No Controls,N,3,41.8719012,-87.7837144,ok,Partial Access Control,3,03-19-17314,2019,,28,3,50000 and OVER,9,4295,Oak Park,C,Urban InterState (PAS),0,16,9,10671162,11,Cook,0,19,,,6,N,No,(UNK),201901399101,ISP,1,320.94,Y,,,,(UNK),255149,(N/A),(UNK),No Defects,1,1,InterState (PAS),1,5110,X001740450,Not Toll,73,1,1,Divided With Median Barrier,3,2945598.00198151,1904854.98084544,41.871893322905414,-87.7837,,Urban,1,N,(N/A),Y,(N/A)
2019,2019-11-08,Friday,06,06:20 AM,Property Damage,No Injuries,0,0,0,0,0,2,Parked Motor Vehicle,9,N,N,Failing to Yield Right of Way,Improper Lane Usage,Daylight,Clear,Dry,N,,,,,Other,Functioning Properly,N,2,41.8737545,-87.8042825,ok,Partial Access Control,3,03-19-17220,2019,,2,20,50000 and OVER,9,4295,Oak Park,C,Urban InterState (PAS),0,16,8,10669019,11,Cook,0,19,,,5,N,No,(UNK),201901397006,ISP,1,21.59,Y,,,,(UNK),255330,(N/A),(UNK),No Defects,1,1,InterState (PAS),1,9290,X001738387,Not Toll,73,13,4,Divided With Median Barrier,3,2939977.19484808,1905375.42206077,41.87374663061812,-87.8043,,Urban,1,N,(N/A),Y,(N/A)
2019,2019-11-09,Saturday,13,01:00 PM,Property Damage,No Injuries,0,0,0,0,0,4,Front to Rear,11,N,N,Failing to Reduce Speed to Avoid Crash,(N/A),Daylight,Clear,Dry,Y,,,,,Traffic Signal,Functioning Properly,N,2,41.9091478,-87.7850158,ok,(UNK),1,JC505363,2019,,28,99,50000 and OVER,9,4295,Oak Park,C,Urban Other Principal Arte,0,16,9,10671035,11,Cook,0,19,,,6,N,No,(UNK),201901398984,City,1,130.24,Y,,,,(UNK),255908,(N/A),(UNK),No Defects,1,1,Other Principal Arterial (PAS),3,5064,X001740328,Not Toll,73,3,4,Not Divided,1,2944866.58923034,1918418.54020642,41.90913999969179,-87.785,,Urban,1,N,(N/A),Y,(N/A)
2019,2019-10-31,Thursday,23,11:40 PM,Property Damage,No Injuries,0,0,0,0,0,3,Angle,15,N,N,Disregarding Traffic Signals,Equipment-Vehicle Condition,Darkness / Lighted Road,Clear,Wet,Y,,,,,Traffic Signal,Functioning Properly,N,2,41.8886448,-87.7945157,ok,(N/A),1,2019,,,25,10,50000 and OVER,9,4295,Oak Park,C,Urban Major Collector,8,16,31,10673505,10,Cook,C,19,0,,4,X001741366,Slow,(UNK),201901401487,Major,5,0,N,,,,(UNK),256140,(N/A),(UNK),No Defects,1,2,No Median Barrier,5,,1906385,Urban,73,3,4,Divided,2,2942487.27121489,1910875.12031312,41.88863691489546,-87.7945,,No,1,(N/A),N,Y,N
2019,2019-11-08,Friday,18,06:44 PM,Property Damage,No Injuries,0,0,0,0,0,2,Sideswipe Same Direction,12,N,N,Improper Lane Usage,(N/A),Darkness / Lighted Road,Clear,Dry,N,,,,,No Controls,No Controls,N,2,41.902034,-87.8055443,ok,(UNK),1,1901586,2019,,20,99,50000 and OVER,9,4295,Oak Park,C,Urban Other Principal Arte,0,16,8,10673507,11,Cook,0,19,,,5,N,No,Free Flow,201901401489,City,5,18.13,Y,,,,(UNK),256142,(N/A),(UNK),No Defects,1,1,Other Principal Arterial (PAS),3,348,X001741709,Not Toll,73,1,1,Not Divided,1,2939349.80564829,1915671.54654309,41.90202617212346,-87.8055,,Urban,1,N,(N/A),Y,(N/A)
2019,2019-11-08,Friday,15,03:48 PM,Property Damage,No Injuries,0,0,0,0,0,2,Turning,10,N,N,Failing to Yield Right of Way,Driving Skills/Knowledge/Experience,Daylight,Clear,Dry,Y,,,,,Stop Sign,Functioning Properly,N,2,41.9074351,-87.7794543,ok,(UNK),1,1906574,2019,,2,15,50000 and OVER,9,4295,Oak Park,C,Urban Local Road or Street,8,16,8,10673511,11,Cook,0,19,,,5,N,No,Free Flow,201901401493,City,1,0,N,,,,(UNK),256143,(N/A),(UNK),No Defects,1,1,Local Road or Street,7,,X001741990,Not Toll,73,2,4,Other,8,2946397.89250296,1917836.48522498,41.90742724375307,-87.7794,,Urban,1,N,(N/A),Y,(N/A)
2019,2019-11-09,Saturday,07,07:59 AM,Property Damage,No Injuries,0,0,0,0,0,2,Parked Motor Vehicle,9,N,N,Failing to Reduce Speed to Avoid Crash,Unable to Determine,Daylight,Clear,Dry,N,,,,,No Controls,No Controls,Y,2,41.8688211,-87.7840894,ok,(UNK),1,1906586,2019,,28,18,50000 and OVER,9,4295,Oak Park,C,Urban Major Collector,0,16,9,10673515,11,Cook,0,19,,,6,N,No,Free Flow,201901401497,City,1,2.29,N,,,,(UNK),256178,(N/A),(UNK),No Defects,1,1,Major Collector,5,2783,X001742093,Not Toll,73,1,1,Not Divided,1,2945527.043557,1903729.69428242,41.86881320715414,-87.7841,,Urban,1,N,(N/A),Y,(N/A)
2019,2019-11-09,Saturday,14,02:51 PM,Property Damage,No Injuries,0,0,0,0,0,2,Front to Rear,11,N,N,Following Too Closely,Failing to Reduce Speed to Avoid Crash,Daylight,Clear,Dry,N,,,,,No Controls,No Controls,N,2,41.8945884,-87.7832153,ok,(UNK),1,1906590,2019,,3,28,50000 and OVER,9,4295,Oak Park,C,Urban Minor Arterial,8,16,9,10673516,11,Cook,0,19,,,6,N,No,Slow,201901401498,City,1,0,N,,,,(UNK),256179,(N/A),(UNK),No Defects,1,1,Minor Arterial,4,,X001742105,Not Toll,73,1,1,Not Divided,1,2945504.21159302,1913126.41828132,41.89458057248064,-87.7832,,Urban,1,N,(N/A),Y,(N/A)
2019,2019-11-09,Saturday,17,05:02 PM,Injury,B Injury Crash,1,0,0,1,0,5,Pedestrian,1,Y,N,Failing to Yield Right of Way,(N/A),Darkness / Lighted Road,Clear,Dry,Y,,,,,No Controls,No Controls,N,1,41.8997367,-87.7947988,ok,(UNK),1,1906592,2019,,2,99,50000 and OVER,9,4295,Oak Park,C,Urban Major Collector,8,16,9,10673517,11,Cook,2,19,,,6,N,No,Free Flow,201901401499,City,5,0,N,,,,(UNK),256180,(N/A),(UNK),No Defects,1,1,Major Collector,5,,X001742125,Not Toll,73,1,1,T-Intersection,15,2942298.38399137,1914915.10009792,41.899728847878855,-87.7948,,Urban,1,N,(N/A),Y,(N/A)
2019,2019-11-08,Friday,14,02:57 PM,Property Damage,No Injuries,0,0,0,0,0,1,Parked Motor Vehicle,9,N,N,Improper Lane Usage,Failing to Reduce Speed to Avoid Crash,Daylight,Clear,Dry,Y,,,,,No Controls,No Controls,N,3,41.879928,-87.7881393,ok,(UNK),1,1906573,2019,,20,28,50000 and OVER,9,4295,Oak Park,C,Urban Local Road or Street,0,16,8,10673541,11,Cook,0,19,,,5,N,Yes,Free Flow,201901401516,City,1,0,N,,,,(UNK),256274,(N/A),(UNK),No Defects,1,1,Local Road or Street,7,2650,X001742744,Not Toll,73,1,1,Not Divided,1,2944311.67309982,1907746.65309545,41.879920137134484,-87.7881,,Urban,1,N,(N/A),Y,(N/A)
2019,2019-11-10,Sunday,00,00:00 AM,Injury,B Injury Crash,6,0,0,6,0,2,Angle,15,N,N,Disregarding Traffic Signals,Failing to Reduce Speed to Avoid Crash,Darkness,Clear,Dry,Y,,,,,Traffic Signal,Functioning Properly,N,4,41.8817172,-87.7845158,ok,(UNK),1,1906596,2019,,25,28,50000 and OVER,9,4295,Oak Park,C,Urban Major Collector,8,16,10,10673556,11,Cook,2,19,BUILDING HAND RAIL,BUILDING HAND RAIL,7,N,No,Free Flow,201901401529,City,4,0,N,,,,(UNK),256303,(N/A),(UNK),No Defects,1,1,Major Collector,5,,X001742749,Not Toll,73,3,4,T-Intersection,15,2945280.39787911,1908426.06583513,41.881709364685264,-87.7845,,Urban,1,N,(N/A),Y,(N/A)
2019,2019-11-11,Monday,09,09:02 AM,Property Damage,No Injuries,0,0,0,0,0,2,Front to Rear,11,N,N,Following Too Closely,Following Too Closely,Daylight,Snow,Snow or Slush,Y,,,,,No Controls,No Controls,N,2,41.8945877,-87.7832596,ok,(UNK),1,1906611,2019,,3,3,50000 and OVER,9,4295,Oak Park,C,Urban Minor Arterial,8,16,11,10673558,11,Cook,0,19,,,1,N,Yes,Slow,201901401531,City,1,0,N,,,,(UNK),256304,(N/A),(UNK),No Defects,1,3,Minor Arterial,4,,X001742752,Not Toll,73,1,1,Not Divided,1,2945492.16065963,1913125.81267437,41.89457983033686,-87.7833,,Urban,3,N,(N/A),Y,(N/A)
2019,2019-11-11,Monday,09,09:46 AM,Property Damage,No Injuries,0,0,0,0,0,1,Parked Motor Vehicle,9,N,N,Weather,Failing to Reduce Speed to Avoid Crash,Daylight,Snow,Ice,N,,,,,No Controls,No Controls,N,2,,,missing,(UNK),1,1906613,2019,,11,28,50000 and OVER,9,4295,Oak Park,C,(UNK),8,16,11,10673579,11,Cook,0,19,,,1,N,No,Free Flow,201901401554,City,1,0,N,,,,(UNK),256343,(N/A),(UNK),No Defects,1,4,(UNK),0,0,X001742758,No Toll,,1,1,Alley,12,0,0,,,,(UNK),3,N,(N/A),Y,(N/A)
2019,2019-11-11,Monday,08,08:49 AM,Property Damage,No Injuries,0,0,0,0,0,6,Front to Rear,11,N,N,Weather,Following Too Closely,Daylight,Snow,Snow or Slush,Y,,,,,Traffic Signal,Functioning Properly,N,3,41.8905582,-87.8051158,ok,(UNK),1,1901600,2019,,11,3,50000 and OVER,9,4295,Oak Park,C,Urban Other Principal Arte,0,16,11,10673588,11,Cook,0,19,,,1,N,Yes,Stopped,201901401562,City,1,26.78,Y,,,,(UNK),256376,(N/A),(UNK),No Defects,1,3,Other Principal Arterial (PAS),3,5043,X001742775,Not Toll,73,3,4,T-Intersection,15,2939581.63871251,1911492.74510206,41.890550327700126,-87.8051,,Urban,3,N,(N/A),Y,(N/A)
2019,2019-11-08,Friday,07,07:56 AM,Property Damage,No Injuries,0,0,0,0,0,4,Front to Front,14,N,N,Improper Lane Usage,Failing to Reduce Speed to Avoid Crash,Daylight,Clear,Dry,N,,,,,No Controls,No Controls,N,2,41.8820636,-87.7781276,ok,(UNK),1,1906560,2019,,20,28,50000 and OVER,9,4295,Oak Park,C,Urban Major Collector,0,16,8,10673677,11,Cook,0,19,,,5,N,No,Free Flow,201901401637,City,1,1.37,N,,,,(UNK),256584,(N/A),(UNK),No Defects,1,1,Major Collector,5,5,X001739293,Not Toll,73,1,1,Not Divided,1,2947016.5898441,1908600.67243146,41.882055740762695,-87.7781,,Urban,1,N,(N/A),Y,(N/A)
2019,2019-10-07,Monday,09,09:40 AM,Property Damage,No Injuries,0,0,0,0,0,2,Sideswipe Same Direction,12,N,N,Improper Lane Usage,Failing to Reduce Speed to Avoid Crash,Daylight,Clear,Dry,N,,,,,Other Regualtory Sig,Functioning Properly,N,2,41.8730218,-87.7996508,ok,Partial Access Control,3,03-19-15385,2019,,20,28,50000 and OVER,9,4295,Oak Park,C,Urban InterState (PAS),0,16,7,10671853,10,Cook,0,19,,,1,N,Yes,(UNK),201901399766,ISP,1,7.93,Y,,,,(UNK),257121,(N/A),(UNK),No Defects,1,1,InterState (PAS),1,290,X001741124,Not Toll,,10,4,Divided With Median Barrier,3,2941246.07998869,1905143.21173953,41.873014,-87.7996,,Urban,1,N,(N/A),Y,(N/A)
2019,2019-11-08,Friday,05,05:20 AM,Property Damage,No Injuries,0,0,0,0,0,5,Front to Rear,11,N,N,Following Too Closely,Failing to Reduce Speed to Avoid Crash,Darkness / Lighted Road,Clear,Dry,N,,,,,Other,Functioning Properly,N,5,41.871562,-87.7796296,ok,Partial Access Control,3,03-19-17218,2019,,3,28,50000 and OVER,9,4295,Oak Park,C,Urban InterState (PAS),0,16,8,10676495,11,Cook,0,19,,,5,N,No,(UNK),201901403482,ISP,5,321.15,Y,,,,(UNK),258697,(N/A),(UNK),No Defects,1,1,InterState (PAS),1,5110,X001744600,Not Toll,73,13,4,Divided With Median Barrier,3,2946714.04536542,1904762.31488414,41.871554161527364,-87.7796,,Urban,1,N,(N/A),Y,(N/A)