crash_year,crash_date,day_of_week,crash_hour,time_of_crash,crash_severity,crash_injury_severity,total_injured,total_fatals,a_injuries,b_injuries,c_injuries,no_injuries,type_of_first_crash,collision_type_code,pedestrian_involved,pedalcyclist_involved,cause1,cause2,lighting_cond,weather_cond,road_surface_cond,intersection_related,is_intersection,highway_or_street_name,at_intersection_with,address_no,traffic_control_device,traffic_control_device_cond,hit_and_run,number_of_vehicles,latitude,longitude,location_status,access_control,agency_code,agency_report_number,agency_report_year,alignment_code,cause1_code,cause2_code,city_class,city_class_code,city_code,city_name,city_township_flag,class_of_trafficway,class_of_trafficway_code,county_code,crash_day,crash_id,crash_month,crash_report_county,crash_severity_cd,crash_yr_source,damaged_property1,damaged_property2,day_of_week_code,did_crash_occur_in_work_zone,did_involve_secondary_crash,flow_condition,icn,investigating_agency_descrip,light_condition_code,mile_station,nhs,non_intersection_direction,non_intersection_distance,non_intersection_units,number_of_lanes,objectid,railroad_crossing_number,road_alignment,road_defects,road_defects_code,road_surface_condition_code,roadway_functional_class,roadway_functional_class_code,route_number,sfe,toll,township,traffic_control_device_code,traffic_control_device_cond_code,trafficway_descrip,trafficway_description_code,ts_crash_coordinate_x,ts_crash_coordinate_y,ts_crash_latitude,ts_crash_longitude,type_report,urban_rural,weather_code,were_workers_present,work_zone,work_zone_related,work_zone_type
2019,2019-11-12,Tuesday,09,09:25 AM,Property Damage,No Injuries,0,0,0,0,0,1,Parked Motor Vehicle,9,N,N,Failing to Reduce Speed to Avoid Crash,Failing to Yield Right of Way,Daylight,Clear,Dry,N,,,,,No Controls,No Controls,N,2,41.8795622,-87.8038436,ok,(N/A),1,2019,,,28,2,50000 and OVER,9,4295,Oak Park,C,Urban Local Road or Street,0,16,12,10677055,11,Cook,C,19,0,,2,X001745009,Slow,(UNK),201901404020,Local,1,0.48,N,,,,(UNK),259207,(N/A),(UNK),No Defects,1,1,No Median Barrier,7,2718,1906632,Urban,73,1,1,Divided,2,2940038.4436129,1907495.16619758,41.87955439154105,-87.8038,,No,1,(N/A),N,Y,N
2019,2019-11-12,Tuesday,10,10:43 AM,Property Damage,No Injuries,0,0,0,0,0,1,Parked Motor Vehicle,9,N,N,Unable to Determine,Driving Skills/Knowledge/Experience,Daylight,Clear,Ice,N,,,,,No Controls,No Controls,Y,2,41.8868327,-87.791187,ok,(UNK),1,1906634,2019,,18,15,50000 and OVER,9,4295,Oak Park,C,Urban Local Road or Street,0,16,12,10677056,11,Cook,0,19,,,2,N,No,Free Flow,201901404021,City,1,0,N,,,,(UNK),259208,(N/A),(UNK),No Defects,1,4,Local Road or Street,7,2015,X001745010,Not Toll,73,1,1,Not Divided,1,2943411.98448159,1910239.86518289,41.88682486847997,-87.7912,,Urban,1,N,(N/A),Y,(N/A)
2019,2019-11-12,Tuesday,09,09:04 AM,Injury,B Injury Crash,1,0,0,1,0,1,Front to Rear,11,N,N,Failing to Reduce Speed to Avoid Crash,Following Too Closely,Daylight,Clear,Dry,Y,,,,,Traffic Signal,Functioning Properly,N,2,41.8889361,-87.8050425,ok,(N/A),1,2019,,,28,3,50000 and OVER,9,4295,Oak Park,C,Urban Other Principal Arte,0,16,12,10677086,11,Cook,C,19,2,,2,X001745028,Stopped,(UNK),201901404039,Other,1,19.03,Y,,,,(UNK),259286,(N/A),(UNK),No Defects,1,1,No Median Barrier,3,348,1901605,Urban,73,3,4,Divided,2,2939617.88905608,1910902.16880367,41.88892821952269,-87.805,,No,1,(N/A),N,Y,N
2019,2019-11-01,Friday,11,11:56 AM,Property Damage,No Injuries,0,0,0,0,0,1,Parked Motor Vehicle,9,N,N,Improper Backing,Improper Backing,Daylight,Clear,Dry,N,,,,,No Controls,No Controls,N,2,41.897826,-87.802018,ok,(UNK),1,1906398,2019,,30,30,50000 and OVER,9,4295,Oak Park,C,Urban Local Road or Street,0,16,1,10675827,11,Cook,0,19,,,5,N,Yes,Slow,201901402845,City,1,0.01,N,,,,(UNK),259570,(N/A),(UNK),No Defects,1,1,Local Road or Street,7,2701,X001743880,Not Toll,73,1,1,Not Divided,1,2940352.11907421,1914164.51758293,41.89781814515772,-87.802,,Urban,1,N,(N/A),Y,(N/A)
2019,2019-11-07,Thursday,17,05:54 PM,Property Damage,No Injuries,0,0,0,0,0,2,Sideswipe Same Direction,12,N,N,Improper Overtaking/Passing,Failing to Reduce Speed to Avoid Crash,Dusk,Clear,Dry,N,,,,,No Controls,No Controls,N,2,41.8942354,-87.8034073,ok,(N/A),1,2019,,,4,28,50000 and OVER,9,4295,Oak Park,C,Urban Minor Arterial,0,16,7,10677768,11,Cook,C,19,0,,4,X001745534,Stopped,(UNK),201901404692,Minor,3,2.64,N,,,,(UNK),259852,(N/A),(UNK),No Defects,1,1,No Median Barrier,4,1398,1906549,Urban,73,1,1,Divided,2,2940009.92559038,1912845.62156908,41.894227584863806,-87.8034,,No,1,(N/A),N,Y,N
2019,2019-11-11,Monday,14,02:44 PM,Property Damage,No Injuries,0,0,0,0,0,1,Fixed Object,6,N,N,Unable to Determine,(N/A),Daylight,Snow,Snow or Slush,Y,,,,,No Controls,No Controls,N,1,41.8873085,-87.7944758,ok,(UNK),1,1906616,2019,,18,99,50000 and OVER,9,4295,Oak Park,C,Urban Major Collector,8,16,11,10677771,11,Cook,0,19,VIADUCT,,1,N,No,Slow,201901404694,City,1,0,N,,,,(UNK),259854,(N/A),(UNK),No Defects,1,3,Major Collector,5,,X001745643,Not Toll,73,1,1,Divided With Median Barrier,3,2942511.60254829,1910388.45328778,41.8873006294415,-87.7945,,Urban,3,N,(N/A),Y,(N/A)
2019,2019-11-07,Thursday,14,02:54 PM,Injury,A Injury Crash,2,0,1,1,0,3,Angle,15,N,N,Failing to Yield Right of Way,Failing to Reduce Speed to Avoid Crash,Daylight,Clear,Dry,Y,,,,,Traffic Signal,Functioning Properly,N,2,41.8761173,-87.794106,ok,(N/A),1,2019,,,2,28,50000 and OVER,9,4295,Oak Park,C,Urban Major Collector,8,16,7,10675919,11,Cook,C,19,3,,4,X001743997,Free Flow,(UNK),201901402923,Major,1,0,N,,,,(UNK),259898,(N/A),(UNK),No Defects,1,1,No Median Barrier,5,,1906545,Urban,73,3,4,Divided,2,2942725.12330344,1906312.97876982,41.876109481726644,-87.7941,,No,1,(N/A),N,Y,N
2019,2019-11-09,Saturday,07,07:02 AM,Injury,C Injury Crash,1,0,0,0,1,2,Angle,15,N,N,Disregarding Stop Sign,Failing to Yield Right of Way,Daylight,Clear,Dry,Y,,,,,Stop Sign,Functioning Properly,N,2,41.8932044,-87.7783388,ok,(UNK),1,1906585,2019,,23,2,50000 and OVER,9,4295,Oak Park,C,Urban Local Road or Street,8,16,9,10675921,11,Cook,1,19,,,6,N,No,Slow,201901402924,City,1,0,N,,,,(UNK),259899,(N/A),(UNK),No Defects,1,1,Local Road or Street,7,,X001744029,Not Toll,73,2,4,Four Way,14,2946846.0118081,1912659.00842619,41.893196585481846,-87.7783,,Urban,1,N,(N/A),Y,(N/A)
2019,2019-11-11,Monday,16,04:00 PM,Property Damage,No Injuries,0,0,0,0,0,2,Front to Rear,11,N,N,Failing to Reduce Speed to Avoid Crash,Driving Skills/Knowledge/Experience,Daylight,Clear,Dry,N,,,,,No Controls,No Controls,N,2,41.8737284,-87.8039868,ok,Partial Access Control,3,03-19-17520,2019,,28,15,50000 and OVER,9,4295,Oak Park,C,Urban InterState (PAS),0,16,11,10680096,11,Cook,0,19,,,1,N,No,(UNK),201901406532,ISP,1,319.94,Y,,,,(UNK),261949,(N/A),(UNK),No Defects,1,1,InterState (PAS),1,5110,X001747486,Not Toll,73,1,1,Divided With Median Barrier,3,2940057.99009247,1905368.14398943,41.87372057289275,-87.804,,Urban,1,N,(N/A),Y,(N/A)
2019,2019-11-14,Thursday,15,03:04 PM,Property Damage,No Injuries,0,0,0,0,0,2,Sideswipe Same Direction,12,N,N,Failing to Reduce Speed to Avoid Crash,Unable to Determine,Daylight,Clear,Dry,N,,,,,No Controls,No Controls,N,2,41.8885859,-87.7971537,ok,(UNK),1,1906680,2019,,28,18,50000 and OVER,9,4295,Oak Park,C,Urban Local Road or Street,0,16,14,10680985,11,Cook,0,19,,,4,N,No,Slow,201901407367,City,1,0.01,N,,,,(UNK),261999,(N/A),(UNK),No Defects,1,1,Local Road or Street,7,2690,X001748274,Not Toll,73,1,1,Not Divided,1,2941769.52994317,1910833.81682845,41.88857806530113,-87.7971,,Urban,1,N,(N/A),Y,(N/A)
2019,2019-10-26,Saturday,23,11:30 PM,Property Damage,No Injuries,0,0,0,0,0,4,Front to Rear,11,N,N,Under Influence of Alcohol/Drugs,Failing to Reduce Speed to Avoid Crash,Darkness / Lighted Road,Rain,Wet,N,,,,,Traffic Signal,Functioning Properly,N,2,41.8737267,-87.8039591,ok,Partial Access Control,3,03-19-16521,2019,,8,28,50000 and OVER,9,4295,Oak Park,C,Urban InterState (PAS),0,16,26,10682708,10,Cook,0,19,,,6,N,No,(UNK),201901408548,ISP,5,319.94,Y,,,,(UNK),262397,(N/A),(UNK),No Defects,1,2,InterState (PAS),1,5110,X001749384,Not Toll,73,3,4,Divided With Median Barrier,3,2940065.57265522,1905367.70937913,41.87371880856111,-87.804,,Urban,2,N,(N/A),Y,(N/A)
2019,2019-11-05,Tuesday,07,07:45 AM,Property Damage,No Injuries,0,0,0,0,0,2,Fixed Object,6,N,N,Improper Lane Usage,Improper Overtaking/Passing,Daylight,Clear,Dry,N,,,,,No Controls,No Controls,N,1,,,missing,(UNK),1,1906491,2019,,20,4,50000 and OVER,9,4295,Oak Park,C,(UNK),8,16,5,10680730,11,Cook,0,19,BRICK PAVERS LANDSCAPE,,2,N,No,Slow,201901407144,City,1,0,N,,,,(UNK),263254,(N/A),(UNK),No Defects,1,1,(UNK),0,0,X001746888,No Toll,,1,1,Alley,12,0,0,,,,(UNK),1,N,(N/A),Y,(N/A)
2019,2019-11-12,Tuesday,06,06:55 AM,Property Damage,No Injuries,0,0,0,0,0,1,Parked Motor Vehicle,9,N,N,Unable to Determine,(N/A),Darkness / Lighted Road,Other,Ice,N,,,,,No Controls,No Controls,Y,2,41.8691152,-87.7744317,ok,(UNK),1,1906664,2019,,18,99,50000 and OVER,9,4295,Oak Park,C,Urban Local Road or Street,0,16,12,10680737,11,Cook,0,19,,,2,N,No,Free Flow,201901407150,City,5,1.44,N,,,,(UNK),263302,(N/A),(UNK),No Defects,1,4,Local Road or Street,7,4090,X001747927,Not Toll,73,1,1,Not Divided,1,2948154.68646585,1903910.07806003,41.86910732513495,-87.7744,,Urban,7,N,(N/A),Y,(N/A)
2019,2019-11-13,Wednesday,09,09:06 AM,Injury,C Injury Crash,1,0,0,0,1,1,Front to Rear,11,N,N,Failing to Reduce Speed to Avoid Crash,Distraction - From Outside Vehicle,Daylight,Cloudy/Overcast,Dry,Y,,,,,Traffic Signal,Functioning Properly,N,2,41.8944166,-87.7947371,ok,(UNK),1,1906648,2019,,28,40,50000 and OVER,9,4295,Oak Park,C,Urban Minor Arterial,0,16,13,10680749,11,Cook,1,19,,,3,N,No,Free Flow,201901407151,City,1,3.1,N,,,,(UNK),263303,(N/A),(UNK),No Defects,1,1,Minor Arterial,4,1398,X001746619,Not Toll,73,3,4,Not Divided,1,2942368.8028972,1912976.81990491,41.89440875339224,-87.7947,,Urban,8,N,(N/A),Y,(N/A)
2019,2019-11-13,Wednesday,11,11:42 AM,Property Damage,No Injuries,0,0,0,0,0,4,Angle,15,N,N,Failing to Yield Right of Way,Disregarding Stop Sign,Daylight,Cloudy/Overcast,Dry,Y,,,,,Stop Sign,Functioning Properly,Y,2,41.8870718,-87.776507,ok,(UNK),1,1906652,2019,,2,23,50000 and OVER,9,4295,Oak Park,C,Urban Local Road or Street,8,16,13,10680750,11,Cook,0,19,,,3,N,No,Free Flow,201901407152,City,1,0,N,,,,(UNK),263304,(N/A),(UNK),No Defects,1,1,Local Road or Street,7,,X001746620,Not Toll,73,2,4,Four Way,14,2947407.06070147,1910438.07064601,41.887063997211726,-87.7765,,Urban,8,N,(N/A),Y,(N/A)
2019,2019-11-13,Wednesday,13,01:47 PM,Property Damage,No Injuries,0,0,0,0,0,1,Parked Motor Vehicle,9,N,N,Driving Skills/Knowledge/Experience,(N/A),Daylight,Clear,Dry,N,,,,,No Controls,No Controls,N,2,41.8942418,-87.803032,ok,(N/A),1,2019,,,15,99,50000 and OVER,9,4295,Oak Park,C,Urban Minor Arterial,0,16,13,10680755,11,Cook,C,19,0,,3,X001746628,Slow,(UNK),201901407157,Minor,1,2.66,N,,,,(UNK),263305,(N/A),(UNK),No Defects,1,1,No Median Barrier,4,1398,1906654,Urban,73,1,1,Divided,2,2940112.03870802,1912850.74578641,41.89423391864614,-87.803,,No,1,(N/A),N,Y,N
2019,2019-11-09,Saturday,11,11:30 AM,Property Damage,No Injuries,0,0,0,0,0,2,Turning,10,N,N,Unable to Determine,Unable to Determine,Daylight,Unknown,Unknown,Y,,,,,Traffic Signal,Functioning Properly,N,2,41.8982368,-87.7850064,ok,(N/A),1,2019,,,18,18,50000 and OVER,9,4295,Oak Park,C,Urban Major Collector,8,16,9,10684534,11,Cook,C,19,0,,6,X001749161,Free Flow,(UNK),201901410437,Major,1,0,N,,,,(UNK),263616,(N/A),(UNK),No Defects,1,9,No Median Barrier,5,,1906679,Urban,73,3,4,Divided,2,2944979.6093455,1914442.41790935,41.898228975856185,-87.785,,No,9,(N/A),N,Y,N
2019,2019-11-15,Friday,11,11:30 AM,Property Damage,No Injuries,0,0,0,0,0,2,Turning,10,N,N,Disregarding Traffic Signals,Failing to Yield Right of Way,Daylight,Cloudy/Overcast,Dry,Y,,,,,Traffic Signal,Functioning Properly,Y,2,41.87231,-87.8044683,ok,(UNK),1,1906693,2019,,25,2,50000 and OVER,9,4295,Oak Park,C,Urban Other Principal Arte,0,16,15,10684536,11,Cook,0,19,PARKWAY,,5,N,No,Free Flow,201901410439,City,1,25.52,Y,,,,(UNK),263617,(N/A),(UNK),No Defects,1,1,Other Principal Arterial (PAS),3,5043,X001749163,Not Toll,73,3,4,Divided With Median Barrier,3,2939941.09073351,1904847.64435383,41.872302176969065,-87.8045,,Urban,8,N,(N/A),Y,(N/A)
2019,2019-11-17,Sunday,17,05:10 PM,Property Damage,No Injuries,0,0,0,0,0,4,Front to Rear,11,N,N,Failing to Reduce Speed to Avoid Crash,Driving Skills/Knowledge/Experience,Darkness / Lighted Road,Clear,Dry,N,,,,,Traffic Signal,Functioning Properly,N,3,41.8770743,-87.8046315,ok,(UNK),1,19-003901,2019,,28,15,50000 and OVER,9,4295,Oak Park,C,Urban Other Principal Arte,0,16,17,10684367,11,Cook,0,19,,,7,N,Yes,Slow,201901410269,City,5,19.85,Y,,,,(UNK),265317,(N/A),(UNK),No Defects,1,1,Other Principal Arterial (PAS),3,348,X001751000,Not Toll,73,3,4,Not Divided,1,2939848.84190402,1906582.60722486,41.87706645260131,-87.8046,,Urban,1,N,(N/A),Y,(N/A)
2019,2019-11-15,Friday,14,02:54 PM,Property Damage,No Injuries,0,0,0,0,0,3,Front to Rear,11,N,N,Failing to Reduce Speed to Avoid Crash,Following Too Closely,Daylight,Clear,Dry,N,,,,,No Controls,No Controls,N,3,41.8797479,-87.7956189,ok,(N/A),1,2019,,,28,3,50000 and OVER,9,4295,Oak Park,C,Urban Minor Arterial,8,16,15,10686039,11,Cook,C,19,0,,5,X001751723,Free Flow,(UNK),201901411296,Minor,1,0,N,,,,(UNK),265359,(N/A),(UNK),No Defects,1,1,No Median Barrier,4,,1906698,Urban,73,1,1,Divided,2,2942276.48730394,1907624.62743887,41.87974004074411,-87.7956,,Yes,1,(N/A),N,Y,N
2019,2019-11-17,Sunday,00,00:27 AM,Property Damage,No Injuries,0,0,0,0,0,1,Parked Motor Vehicle,9,N,N,Unable to Determine,Unable to Determine,Darkness / Lighted Road,Clear,Dry,N,,,,,No Controls,No Controls,Y,3,41.8727505,-87.7792783,ok,(UNK),1,1906733,2019,,18,18,50000 and OVER,9,4295,Oak Park,C,Urban Minor Collector,8,16,17,10686921,11,Cook,0,19,,,7,N,Yes,Free Flow,201901412164,City,5,0,N,,,,(UNK),265664,(N/A),(UNK),No Defects,1,1,Minor Collector,6,,X001752611,Not Toll,73,1,1,Not Divided,1,2946797.67073173,1905198.10343065,41.87274270266875,-87.7793,,Urban,1,N,(N/A),Y,(N/A)
2019,2019-11-17,Sunday,09,09:31 AM,Property Damage,No Injuries,0,0,0,0,0,1,Parked Motor Vehicle,9,N,N,Unable to Determine,Unable to Determine,Unknown,Other,Other,N,,,,,Stop Sign,Functioning Properly,Y,2,41.8669792,-87.7942224,ok,(UNK),1,1906738,2019,,18,18,50000 and OVER,9,4295,Oak Park,C,Urban Local Road or Street,0,16,17,10686923,11,Cook,0,19,,,7,N,No,Free Flow,201901412166,City,9,0.47,N,,,,(UNK),265665,(N/A),(UNK),No Defects,1,6,Local Road or Street,7,4102,X001752615,Not Toll,73,2,4,Not Divided,1,2942785.49229912,1902981.98725514,41.86697130717532,-87.7942,,Urban,7,N,(N/A),Y,(N/A)
2019,2019-11-17,Sunday,14,02:30 PM,Property Damage,No Injuries,0,0,0,0,0,1,Parked Motor Vehicle,9,N,N,Improper Lane Usage,(N/A),Daylight,Clear,Dry,N,,,,,No Controls,No Controls,Y,2,41.8851387,-87.7969777,ok,(UNK),1,1906746,2019,,20,99,50000 and OVER,9,4295,Oak Park,C,Urban Local Road or Street,0,16,17,10686925,11,Cook,0,19,,,7,N,No,Free Flow,201901412168,City,1,0.01,N,,,,(UNK),265666,(N/A),(UNK),No Defects,1,1,Local Road or Street,7,3030,X001752618,Not Toll,73,1,1,Not Divided,1,2941852.1572894,1909578.9109298,41.885130848793466,-87.797,,Urban,1,N,(N/A),Y,(N/A)
2019,2019-11-16,Saturday,17,05:00 PM,Injury,C Injury Crash,1,0,0,0,1,1,Pedestrian,1,Y,N,Failing to Yield Right of Way,(N/A),Darkness / Lighted Road,Clear,Dry,Y,,,,,Stop Sign,Functioning Properly,N,1,41.9073375,-87.7833036,ok,(UNK),1,1906741,2019,,2,99,50000 and OVER,9,4295,Oak Park,C,Urban Major Collector,8,16,16,10686949,11,Cook,1,19,,,6,N,No,Slow,201901412185,City,5,0,N,,,,(UNK),265683,(N/A),(UNK),No Defects,1,1,Major Collector,5,,X001752598,Not Toll,73,2,4,Other,8,2945351.01684099,1917771.78169451,41.90732969441608,-87.7833,,Urban,1,N,(N/A),Y,(N/A)
2019,2019-11-16,Saturday,14,02:38 PM,Property Damage,No Injuries,0,0,0,0,0,4,Sideswipe Same Direction,12,N,N,Operating Vehicle In Reckless Manner,(N/A),Daylight,Clear,Dry,N,,,,,Traffic Signal,Functioning Properly,N,2,41.8816453,-87.7890039,ok,(UNK),1,1906728,2019,,50,99,50000 and OVER,9,4295,Oak Park,C,Urban Major Collector,0,16,16,10686952,11,Cook,0,19,,,6,N,No,Free Flow,201901412188,City,1,0.81,N,,,,(UNK),265691,(N/A),(UNK),No Defects,1,1,Major Collector,5,5,X001752606,Not Toll,73,3,4,Not Divided,1,2944058.87071316,1908365.94621033,41.88163745071886,-87.789,,Urban,1,N,(N/A),Y,(N/A)
2019,2019-11-16,Saturday,12,12:37 PM,Property Damage,No Injuries,0,0,0,0,0,6,Angle,15,N,N,Failing to Yield Right of Way,(N/A),Daylight,Clear,Dry,Y,,,,,Stop Sign,Functioning Properly,N,2,41.8979793,-87.7992436,ok,(N/A),1,2019,,,2,99,50000 and OVER,9,4295,Oak Park,C,Urban Local Road or Street,8,16,16,10686953,11,Cook,C,19,0,,6,X001752608,Free Flow,(UNK),201901412189,Local,1,0,N,,,,(UNK),265692,(N/A),(UNK),No Defects,1,1,No Median Barrier,7,,1906724,Urban,73,2,4,Divided,2,2941105.95136629,1914241.22515322,41.89797144278911,-87.7992,,No,1,(N/A),N,Y,N
2019,2019-11-15,Friday,18,06:00 PM,Property Damage,No Injuries,0,0,0,0,0,4,Angle,15,N,N,Disregarding Traffic Signals,(N/A),Darkness / Lighted Road,Clear,Dry,Y,,,,,Traffic Signal,Functioning Properly,N,2,41.8944179,-87.7946732,ok,(UNK),1,1906706,2019,,25,99,50000 and OVER,9,4295,Oak Park,C,Urban Minor Arterial,8,16,15,10686118,11,Cook,0,19,,,5,N,No,Stopped,201901411391,City,5,0,N,,,,(UNK),265783,(N/A),(UNK),No Defects,1,1,Minor Arterial,4,,X001751869,Not Toll,73,3,4,Four Way,14,2942386.19644567,1912977.77062463,41.89441004106008,-87.7947,,Urban,1,N,(N/A),Y,(N/A)
2019,2019-11-15,Friday,21,09:46 PM,Property Damage,No Injuries,0,0,0,0,0,4,Front to Rear,11,N,N,Following Too Closely,Failing to Reduce Speed to Avoid Crash,Darkness,Clear,Dry,N,,,,,Traffic Signal,Functioning Properly,N,2,41.8722442,-87.8044634,ok,(N/A),1,2019,,,3,28,50000 and OVER,9,4295,Oak Park,C,Urban Other Principal Arte,0,16,15,10686119,11,Cook,C,19,0,,5,X001751886,Slow,(UNK),201901411383,Other,4,20.18,Y,,,,(UNK),265784,(N/A),(UNK),No Defects,1,1,No Median Barrier,3,348,1906714,Urban,73,3,4,Divided,2,2939943.08571295,1904823.69392173,41.872236353651736,-87.8045,,No,1,(N/A),N,Y,N
2019,2019-11-16,Saturday,10,10:17 AM,Property Damage,No Injuries,0,0,0,0,0,2,Front to Rear,11,N,N,Following Too Closely,(N/A),Daylight,Clear,Dry,Y,,,,,No Controls,No Controls,Y,2,41.9089098,-87.8011747,ok,(UNK),1,1906718,2019,,3,99,50000 and OVER,9,4295,Oak Park,C,Urban Other Principal Arte,0,16,16,10687512,11,Cook,0,19,,,6,N,Yes,Free Flow,201901412712,City,1,129.41,Y,,,,(UNK),266311,(N/A),(UNK),No Defects,1,1,Other Principal Arterial (PAS),3,5064,X001753059,Not Toll,73,1,1,Not Divided,1,2940470.28324031,1918210.00248964,41.90890194722343,-87.8012,,Urban,1,N,(N/A),Y,(N/A)
2019,2019-11-16,Saturday,18,06:55 PM,Injury,A Injury Crash,2,0,1,1,0,0,Pedestrian,1,Y,N,Failing to Yield Right of Way,(N/A),Darkness / Lighted Road,Clear,Dry,N,,,,,No Controls,No Controls,N,1,41.874038,-87.8045353,ok,(UNK),1,1906730,2019,,2,99,50000 and OVER,9,4295,Oak Park,C,Urban Other Principal Arte,0,16,16,10687514,11,Cook,3,19,,,6,N,No,Free Flow,201901412713,City,5,20.06,Y,,,,(UNK),266312,(N/A),(UNK),No Defects,1,1,Other Principal Arterial (PAS),3,348,X001753093,Not Toll,73,1,1,Divided With Median Barrier,3,2939905.50759526,1905476.8382353,41.87403012896296,-87.8045,,Urban,1,N,(N/A),Y,(N/A)
2019,2019-11-17,Sunday,03,03:24 AM,Property Damage,No Injuries,0,0,0,0,0,1,Parked Motor Vehicle,9,N,N,Improper Lane Usage,Unable to Determine,Darkness / Lighted Road,Clear,Dry,N,,,,,No Controls,No Controls,N,3,41.8815571,-87.7943348,ok,(UNK),1,1906734,2019,,20,18,50000 and OVER,9,4295,Oak Park,C,Urban Major Collector,8,16,17,10687516,11,Cook,0,19,,,7,N,Yes,Free Flow,201901412714,City,5,0,N,,,,(UNK),266313,(N/A),(UNK),No Defects,1,1,Major Collector,5,,X001753148,Not Toll,73,1,1,Not Divided,1,2942607.97117251,1908293.62051651,41.88154928996237,-87.7943,,Urban,1,N,(N/A),Y,(N/A)
2019,2019-11-19,Tuesday,22,10:50 PM,Property Damage,No Injuries,0,0,0,0,0,2,Angle,15,N,N,Failing to Yield Right of Way,Disregarding Stop Sign,Darkness,Cloudy/Overcast,Wet,Y,,,,,Stop Sign,Functioning Properly,Y,2,41.8981533,-87.7898803,ok,(UNK),1,1906803,2019,,2,23,50000 and OVER,9,4295,Oak Park,C,Urban Local Road or Street,8,16,19,10689289,11,Cook,0,19,,,2,N,No,(UNK),201901414235,City,4,0,N,,,,(UNK),266745,(N/A),(UNK),No Defects,1,2,Local Road or Street,7,,X001754530,Not Toll,73,2,4,Not Divided,1,2943653.46978346,1914375.15361241,41.8981454337662,-87.7899,,Urban,8,N,(N/A),Y,(N/A)
2019,2019-11-20,Wednesday,07,07:08 AM,Property Damage,No Injuries,0,0,0,0,0,3,Angle,15,N,N,Failing to Yield Right of Way,Disregarding Stop Sign,Daylight,Clear,Dry,Y,,,,,Stop Sign,Functioning Properly,Y,2,41.8705009,-87.7755181,ok,Partial Access Control,1,1906806,2019,,2,23,50000 and OVER,9,4295,Oak Park,C,Urban Local Road or Street,8,16,20,10689322,11,Cook,0,19,,,3,N,No,Free Flow,201901414275,City,1,0,N,,,,(UNK),266868,(N/A),(UNK),No Defects,1,1,Local Road or Street,7,,X001754585,Not Toll,73,2,4,Not Divided,1,2947844.70032875,1904406.81296773,41.87049305123797,-87.7755,,Urban,1,N,(N/A),Y,(N/A)
2019,2019-11-18,Monday,13,01:18 PM,Property Damage,No Injuries,0,0,0,0,0,2,Sideswipe Same Direction,12,N,N,Improper Lane Usage,Improper Overtaking/Passing,Daylight,Clear,Dry,N,,,,,Other,Functioning Properly,Y,2,41.8712746,-87.7751449,ok,Partial Access Control,3,03-19-17813,2019,,20,4,50000 and OVER,9,4295,Oak Park,C,Urban InterState (PAS),0,16,18,10686728,11,Cook,0,19,,,1,N,No,(UNK),201901411983,ISP,1,321.38,Y,,,,(UNK),267057,(N/A),(UNK),No Defects,1,1,InterState (PAS),1,5110,X001752515,Not Toll,73,13,4,Divided With Median Barrier,3,2947938.48720039,1904691.58376908,41.87126671570824,-87.7751,,Urban,1,N,(N/A),Y,(N/A)
2019,2019-11-18,Monday,14,02:02 PM,Property Damage,No Injuries,0,0,0,0,0,2,Parked Motor Vehicle,9,N,N,(N/A),(N/A),Daylight,Clear,Dry,N,,,,,No Controls,No Controls,N,2,41.8727868,-87.7866638,ok,(UNK),1,1906766,2019,,99,99,50000 and OVER,9,4295,Oak Park,C,Urban Local Road or Street,0,16,18,10687776,11,Cook,0,19,,,1,N,No,Free Flow,201901413024,City,1,0.49,N,,,,(UNK),267666,(N/A),(UNK),No Defects,1,1,Local Road or Street,7,2647,X001753355,Not Toll,73,1,1,Not Divided,1,2944785.7138779,1905155.42181408,41.87277895630543,-87.7867,,Urban,1,N,(N/A),Y,(N/A)
2019,2019-11-18,Monday,16,04:08 PM,Property Damage,No Injuries,0,0,0,0,0,2,Front to Rear,11,N,N,Failing to Reduce Speed to Avoid Crash,Under Influence of Alcohol/Drugs,Daylight,Clear,Dry,Y,,,,,No Controls,No Controls,N,2,41.8834466,-87.7845453,ok,(UNK),1,1906773,2019,,28,8,50000 and OVER,9,4295,Oak Park,C,Urban Major Collector,8,16,18,10687777,11,Cook,0,19,,,1,N,No,Stopped,201901413025,City,1,0,N,,,,(UNK),267667,(N/A),(UNK),No Defects,1,1,Major Collector,5,,X001753384,Not Toll,73,1,1,Other,8,2945254.8567073,1909056.07272393,41.88343877660807,-87.7845,,Urban,1,N,(N/A),Y,(N/A)
2019,2019-11-19,Tuesday,16,04:20 PM,Property Damage,No Injuries,0,0,0,0,0,1,Parked Motor Vehicle,9,N,N,Unable to Determine,(N/A),Daylight,Cloudy/Overcast,Wet,N,,,,,No Controls,No Controls,N,2,41.8999386,-87.7824924,ok,(UNK),1,1906792,2019,,18,99,50000 and OVER,9,4295,Oak Park,C,Urban Local Road or Street,0,16,19,10690240,11,Cook,0,19,,,2,N,No,Free Flow,201901415217,City,1,0.63,N,,,,(UNK),267728,(N/A),(UNK),No Defects,1,2,Local Road or Street,7,3110,X001755358,Not Toll,73,1,1,Not Divided,1,2945646.83381404,1915081.59221156,41.899930730239234,-87.7825,,Urban,8,N,(N/A),Y,(N/A)