crash_year,crash_date,day_of_week,crash_hour,time_of_crash,crash_severity,crash_injury_severity,total_injured,total_fatals,a_injuries,b_injuries,c_injuries,no_injuries,type_of_first_crash,collision_type_code,pedestrian_involved,pedalcyclist_involved,cause1,cause2,lighting_cond,weather_cond,road_surface_cond,intersection_related,is_intersection,highway_or_street_name,at_intersection_with,address_no,traffic_control_device,traffic_control_device_cond,hit_and_run,number_of_vehicles,latitude,longitude,location_status,access_control,agency_code,agency_report_number,agency_report_year,alignment_code,cause1_code,cause2_code,city_class,city_class_code,city_code,city_name,city_township_flag,class_of_trafficway,class_of_trafficway_code,county_code,crash_day,crash_id,crash_month,crash_report_county,crash_severity_cd,crash_yr_source,damaged_property1,damaged_property2,day_of_week_code,did_crash_occur_in_work_zone,did_involve_secondary_crash,flow_condition,icn,investigating_agency_descrip,light_condition_code,mile_station,nhs,non_intersection_direction,non_intersection_distance,non_intersection_units,number_of_lanes,objectid,railroad_crossing_number,road_alignment,road_defects,road_defects_code,road_surface_condition_code,roadway_functional_class,roadway_functional_class_code,route_number,sfe,toll,township,traffic_control_device_code,traffic_control_device_cond_code,trafficway_descrip,trafficway_description_code,ts_crash_coordinate_x,ts_crash_coordinate_y,ts_crash_latitude,ts_crash_longitude,type_report,urban_rural,weather_code,were_workers_present,work_zone,work_zone_related,work_zone_type
2019,2019-11-20,Wednesday,16,04:50 PM,Injury,C Injury Crash,1,0,0,0,1,1,Pedestrian,1,Y,N,Improper Backing,(N/A),Darkness / Lighted Road,Clear,Dry,N,,,,,Traffic Signal,Functioning Properly,N,1,41.8816366,-87.7894819,ok,(N/A),1,2019,,,30,99,50000 and OVER,9,4295,Oak Park,C,Urban Major Collector,0,16,20,10691947,11,Cook,C,19,1,,3,X001756493,Slow,(UNK),201901416758,Major,5,0.79,N,,,,(UNK),269522,(N/A),(UNK),No Defects,1,1,No Median Barrier,5,5,1906827,Urban,73,3,4,Divided,2,2943928.78083838,1908359.16291051,41.881628737819696,-87.7895,,No,1,(N/A),N,Y,N
2019,2019-11-21,Thursday,15,03:20 PM,Property Damage,No Injuries,0,0,0,0,0,2,Angle,15,N,N,Failing to Yield Right of Way,Failing to Reduce Speed to Avoid Crash,Dawn,Cloudy/Overcast,Wet,Y,,,,,Stop Sign,Functioning Properly,N,2,41.8761354,-87.7929016,ok,(N/A),1,2019,,,2,28,50000 and OVER,9,4295,Oak Park,C,Urban Local Road or Street,8,16,21,10691949,11,Cook,C,19,0,,4,X001756495,Slow,(UNK),201901416760,Local,2,0,N,,,,(UNK),269523,(N/A),(UNK),No Defects,1,2,No Median Barrier,7,,1906853,Urban,73,2,4,Divided,2,2943052.95447338,1906328.6498917,41.87612758403765,-87.7929,,No,8,(N/A),N,Y,N
2019,2019-11-19,Tuesday,19,07:37 PM,Property Damage,No Injuries,0,0,0,0,0,3,Front to Rear,11,N,N,Failing to Reduce Speed to Avoid Crash,(N/A),Darkness / Lighted Road,Cloudy/Overcast,Wet,Y,,,,,Traffic Signal,Functioning Properly,N,3,41.880097,-87.7893526,ok,(UNK),1,1906800,2019,,28,99,50000 and OVER,9,4295,Oak Park,C,Urban Minor Collector,0,16,19,10691237,11,Cook,0,19,,,2,N,No,Stopped,201901416049,City,5,0.59,N,,,,(UNK),269971,(N/A),(UNK),No Defects,1,2,Minor Collector,6,2779,X001755982,Not Toll,73,3,4,Not Divided,1,2943979.5269404,1907799.0817782,41.880089143720184,-87.7893,,Urban,8,N,(N/A),Y,(N/A)
2019,2019-11-22,Friday,14,02:06 PM,Property Damage,No Injuries,0,0,0,0,0,2,Sideswipe Same Direction,12,N,N,Failing to Yield Right of Way,Failing to Reduce Speed to Avoid Crash,Daylight,Clear,Dry,Y,,,,,Traffic Signal,Functioning Properly,N,2,41.8736416,-87.8045258,ok,Partial Access Control,1,19-03973,2019,,2,28,50000 and OVER,9,4295,Oak Park,C,Urban InterState (PAS),0,16,22,10694063,11,Cook,0,19,,,5,N,No,Slow,201901417752,City,1,25.61,Y,,,,(UNK),270328,(N/A),(UNK),No Defects,1,1,InterState (PAS),1,5043,X001757546,Not Toll,73,3,4,Divided With Median Barrier,3,2939912.062394,1905332.46992192,41.873633772562904,-87.8045,,Urban,1,N,(N/A),Y,(N/A)
2019,2019-11-18,Monday,17,05:13 PM,Property Damage,No Injuries,0,0,0,0,0,2,Front to Rear,11,N,N,Following Too Closely,Failing to Reduce Speed to Avoid Crash,Darkness / Lighted Road,Clear,Dry,N,,,,,Other Regualtory Sig,Functioning Properly,N,2,41.8726063,-87.7951997,ok,Partial Access Control,3,03-19-17826,2019,,3,28,50000 and OVER,9,4295,Oak Park,C,Urban InterState (PAS),0,16,18,10696018,11,Cook,0,19,,,1,N,No,(UNK),201901419571,ISP,5,8.13,Y,,,,(UNK),270768,(N/A),(UNK),No Defects,1,1,InterState (PAS),1,290,X001759302,Not Toll,73,10,4,Divided With Median Barrier,3,2942462.61799538,1905025.27884305,41.87259850426459,-87.7952,,Urban,1,N,(N/A),Y,(N/A)
2019,2019-11-19,Tuesday,12,12:15 PM,Property Damage,No Injuries,0,0,0,0,0,2,Front to Rear,11,N,N,Failing to Yield Right of Way,Failing to Reduce Speed to Avoid Crash,Daylight,Rain,Wet,N,,,,,No Controls,No Controls,N,2,41.8868593,-87.7959658,ok,(UNK),1,1906788,2019,,2,28,50000 and OVER,9,4295,Oak Park,C,Urban Local Road or Street,0,16,19,10696692,11,Cook,0,19,,,2,N,No,Slow,201901420308,City,1,0.44,N,,,,(UNK),271666,(N/A),(UNK),No Defects,1,2,Local Road or Street,7,3036,X001759885,Not Toll,73,1,1,One-Way,10,2942110.38638046,1910213.55116709,41.88685146685124,-87.796,,Urban,2,N,(N/A),Y,(N/A)
2019,2019-11-25,Monday,13,01:20 PM,Property Damage,No Injuries,0,0,0,0,0,2,Sideswipe Same Direction,12,N,N,Improper Turning/No Signal,Failing to Reduce Speed to Avoid Crash,Daylight,Cloudy/Overcast,Dry,N,,,,,Delineators,Worn Reflective Material,N,2,41.8788431,-87.8046968,ok,(N/A),1,2019,,,6,28,50000 and OVER,9,4295,Oak Park,C,Urban Other Principal Arte,0,16,25,10696741,11,Cook,C,19,0,,1,X001759953,Free Flow,(UNK),201901420360,Other,1,19.74,Y,,,,(UNK),271960,(N/A),(UNK),Worn Surface,8,1,No Median Barrier,3,348,19-04010,Urban,73,14,5,Divided,2,2939813.29908438,1907226.70459612,41.87883526608979,-87.8047,,No,8,(N/A),N,N,N
2019,2019-11-22,Friday,10,10:32 AM,Property Damage,No Injuries,0,0,0,0,0,2,Angle,15,N,N,Failing to Yield Right of Way,Failing to Reduce Speed to Avoid Crash,Daylight,Clear,Dry,Y,,,,,Stop Sign,Functioning Properly,N,2,41.8727266,-87.7792769,ok,(UNK),1,1906869,2019,,2,28,50000 and OVER,9,4295,Oak Park,C,Urban Minor Collector,8,16,22,10694903,11,Cook,0,19,,,5,N,No,Free Flow,201901418568,City,1,0,N,,,,(UNK),272063,(N/A),(UNK),No Defects,1,1,Minor Collector,6,,X001757552,Not Toll,73,2,4,T-Intersection,15,2946798.30069289,1905189.39302393,41.87271877088004,-87.7793,,Urban,1,N,(N/A),Y,(N/A)
2019,2019-11-21,Thursday,21,09:00 PM,Property Damage,No Injuries,0,0,0,0,0,2,Sideswipe Opposite Direction,13,N,N,Improper Lane Usage,Unable to Determine,Darkness,Clear,Dry,N,,,,,Stop Sign,Functioning Properly,Y,2,41.9016774,-87.7963947,ok,(UNK),1,1906859,2019,,20,18,50000 and OVER,9,4295,Oak Park,C,Urban Major Collector,8,16,21,10694919,11,Cook,0,19,,,4,N,No,Free Flow,201901418585,City,4,0,N,,,,(UNK),272112,(N/A),(UNK),No Defects,1,1,Major Collector,5,,X001757069,Not Toll,73,2,4,Not Divided,1,2941844.33377014,1915610.30377749,41.901669520783685,-87.7964,,Urban,1,N,(N/A),Y,(N/A)
2019,2019-11-12,Tuesday,09,09:45 AM,Property Damage,No Injuries,0,0,0,0,0,2,Front to Rear,11,N,N,Following Too Closely,Failing to Reduce Speed to Avoid Crash,Daylight,Clear,Dry,N,,,,,No Controls,No Controls,N,2,41.8723382,-87.788786,ok,Partial Access Control,3,03-19-17454,2019,,3,28,50000 and OVER,9,4295,Oak Park,C,Urban InterState (PAS),0,16,12,10696784,11,Cook,0,19,,,2,N,No,(UNK),201901420411,ISP,1,320.68,Y,,,,(UNK),272138,(N/A),(UNK),No Defects,1,1,InterState (PAS),1,5110,X001759998,Not Toll,73,1,1,Divided With Median Barrier,3,2944212.22478362,1904975.90189064,41.872330319502154,-87.7888,,Urban,1,N,(N/A),Y,(N/A)
2019,2019-11-22,Friday,17,05:04 PM,Property Damage,No Injuries,0,0,0,0,0,6,Front to Rear,11,N,N,Failing to Reduce Speed to Avoid Crash,(N/A),Darkness / Lighted Road,Clear,Dry,N,,,,,Traffic Signal,Functioning Properly,N,2,41.8729081,-87.7940098,ok,(UNK),1,1906880,2019,,28,99,50000 and OVER,9,4295,Oak Park,C,Urban Major Collector,0,16,22,10696811,11,Cook,0,19,,,5,N,No,Slow,201901420442,City,5,6.62,N,,,,(UNK),272259,(N/A),(UNK),No Defects,1,1,Major Collector,5,2775,X001760019,Not Toll,73,3,4,Not Divided,1,2942783.65039041,1905144.20242055,41.87290025406235,-87.794,,Urban,1,N,(N/A),Y,(N/A)
2019,2019-11-22,Friday,17,05:20 PM,Property Damage,No Injuries,0,0,0,0,0,2,Turning,10,N,N,Failing to Yield Right of Way,Unable to Determine,Darkness,Clear,Dry,Y,,,,,Stop Sign,Functioning Properly,N,2,41.8716042,-87.7890757,ok,(UNK),1,1906881,2019,,2,18,50000 and OVER,9,4295,Oak Park,C,Urban Minor Collector,8,16,22,10696813,11,Cook,0,19,,,5,N,No,Slow,201901420446,City,4,0,N,,,,(UNK),272261,(N/A),(UNK),No Defects,1,1,Minor Collector,6,,X001760022,Not Toll,73,2,4,Not Divided,1,2944140.72443828,1904706.24848202,41.87159636498217,-87.7891,,Urban,1,N,(N/A),Y,(N/A)
2019,2019-11-14,Thursday,13,01:25 PM,Injury,B Injury Crash,1,0,0,1,0,3,Front to Rear,11,N,N,Following Too Closely,Failing to Reduce Speed to Avoid Crash,Daylight,Cloudy/Overcast,Dry,N,,,,,Other,Functioning Properly,Y,4,41.8723652,-87.789087,ok,(UNK),3,03-19-17584,2019,,3,28,50000 and OVER,9,4295,Oak Park,C,Urban (UNK),0,16,14,10695951,11,Cook,2,19,,,4,N,No,(UNK),201901419504,ISP,1,22.36,N,,,,(UNK),273248,(N/A),(UNK),No Defects,1,1,(UNK),0,9290,X001759237,No Toll,73,13,4,Divided With Median Barrier,3,2944129.9534049,1904983.46522898,41.87235731045524,-87.7891,,Urban,8,N,(N/A),Y,(N/A)
2019,2019-11-12,Tuesday,07,07:50 AM,Property Damage,No Injuries,0,0,0,0,0,2,Front to Rear,11,N,N,Following Too Closely,Failing to Reduce Speed to Avoid Crash,Daylight,Clear,Dry,N,,,,,No Controls,No Controls,N,2,41.8731128,-87.8005768,ok,Partial Access Control,3,03-19-17443,2019,,3,28,50000 and OVER,9,4295,Oak Park,C,Urban InterState (PAS),0,16,12,10699102,11,Cook,0,19,,,2,N,No,(UNK),201901422695,ISP,1,7.88,Y,,,,(UNK),273569,(N/A),(UNK),No Defects,1,1,InterState (PAS),1,290,X001762155,Not Toll,,1,1,Divided With Median Barrier,3,2940992.95170276,1905169.41628686,41.873105,-87.8006,,Urban,1,N,(N/A),Y,(N/A)
2019,2019-11-27,Wednesday,10,10:10 AM,Property Damage,No Injuries,0,0,0,0,0,2,Sideswipe Same Direction,12,N,N,Improper Lane Usage,Failing to Reduce Speed to Avoid Crash,Daylight,Clear,Dry,N,,,,,No Controls,No Controls,N,2,41.8730525,-87.7976417,ok,Partial Access Control,3,03-19-18274,2019,,20,28,50000 and OVER,9,4295,Oak Park,C,Urban InterState (PAS),0,16,27,10700949,11,Cook,0,19,,,3,N,No,(UNK),201901423957,ISP,1,320.23,Y,,,,(UNK),273733,(N/A),(UNK),No Defects,1,1,InterState (PAS),1,5110,X001763323,Not Toll,73,1,1,Divided With Median Barrier,3,2941792.98306595,1905169.48395722,41.87304464618037,-87.7976,,Urban,1,N,(N/A),Y,(N/A)
2019,2019-11-26,Tuesday,15,03:30 PM,Property Damage,No Injuries,0,0,0,0,0,2,Sideswipe Same Direction,12,N,N,Unable to Determine,Unable to Determine,Daylight,Clear,Dry,N,,,,,Traffic Signal,Functioning Properly,Y,2,41.8866082,-87.8049481,ok,(UNK),1,19-4032,2019,,18,18,50000 and OVER,9,4295,Oak Park,C,Urban Other Principal Arte,0,16,26,10698293,11,Cook,0,19,,,2,N,No,Slow,201901421966,City,1,19.2,Y,,,,(UNK),273886,(N/A),(UNK),No Defects,1,1,Other Principal Arterial (PAS),3,348,X001761464,Not Toll,73,3,4,Divided With Median Barrier,3,2939666.93442149,1910054.55531362,41.886600343891566,-87.8049,,Urban,1,N,(N/A),Y,(N/A)
2019,2019-11-28,Thursday,00,00:40 AM,Property Damage,No Injuries,0,0,0,0,0,2,Turning,10,N,N,Failing to Yield Right of Way,Unable to Determine,Darkness / Lighted Road,Clear,Dry,N,,,,,No Controls,No Controls,N,2,41.8755896,-87.8045843,ok,(N/A),1,2019,,,2,18,50000 and OVER,9,4295,Oak Park,C,Urban Other Principal Arte,0,16,28,10700598,11,Cook,C,19,0,,4,X001762978,Free Flow,(UNK),201901423615,Other,5,19.96,Y,,,,(UNK),274072,(N/A),(UNK),No Defects,1,1,No Median Barrier,3,348,19-04051,Urban,73,1,1,Divided,2,2939876.58928641,1906041.9022869,41.87558173178967,-87.8046,,No,1,(N/A),N,Y,N
2019,2019-11-12,Tuesday,07,07:15 AM,Property Damage,No Injuries,0,0,0,0,0,2,Sideswipe Same Direction,12,N,N,Improper Lane Usage,Failing to Reduce Speed to Avoid Crash,Daylight,Clear,Dry,N,,,,,No Controls,No Controls,N,2,41.8731128,-87.8005768,ok,Partial Access Control,3,03-19-17441,2019,,20,28,50000 and OVER,9,4295,Oak Park,C,Urban InterState (PAS),0,16,12,10699220,11,Cook,0,19,,,2,N,No,(UNK),201901422814,ISP,1,7.88,Y,,,,(UNK),274114,(N/A),(UNK),No Defects,1,1,InterState (PAS),1,290,X001762267,Not Toll,,1,1,Divided With Median Barrier,3,2940992.95170276,1905169.41628686,41.873105,-87.8006,,Urban,1,N,(N/A),Y,(N/A)
2019,2019-11-25,Monday,07,07:59 AM,Property Damage,No Injuries,0,0,0,0,0,1,Parked Motor Vehicle,9,N,N,Improper Lane Usage,Failing to Reduce Speed to Avoid Crash,Daylight,Cloudy/Overcast,Dry,N,,,,,No Controls,No Controls,N,2,41.8820196,-87.7792962,ok,(UNK),1,1906924,2019,,20,28,50000 and OVER,9,4295,Oak Park,C,Urban Major Collector,0,16,25,10698915,11,Cook,0,19,,,1,N,No,Free Flow,201901422547,City,1,1.32,N,,,,(UNK),274337,(N/A),(UNK),No Defects,1,1,Major Collector,5,5,X001761261,Not Toll,73,1,1,Not Divided,1,2946698.77880532,1908575.79498966,41.88201178836777,-87.7793,,Urban,8,N,(N/A),Y,(N/A)
2019,2019-11-25,Monday,09,09:10 AM,Property Damage,No Injuries,0,0,0,0,0,1,Fixed Object,6,N,N,Driving Skills/Knowledge/Experience,Disregarding Other Traffic Signs,Daylight,Clear,Dry,Y,,,,,Traffic Signal,Functioning Properly,N,1,41.8868788,-87.7944558,ok,(N/A),1,2019,,,15,24,50000 and OVER,9,4295,Oak Park,C,Urban Major Collector,8,16,25,10698916,11,Cook,C,19,0,VIADUCT,1,X001761290,(UNK),(UNK),201901422548,Major,1,0,N,,,,(UNK),274338,(N/A),(UNK),No Defects,1,1,No Median Barrier,5,,1906925,Urban,73,3,4,Divided,2,2942521.38467044,1910232.02655606,41.886870965673225,-87.7945,,No,1,(N/A),N,Y,N
2019,2019-11-25,Monday,18,06:05 PM,Property Damage,No Injuries,0,0,0,0,0,2,Front to Rear,11,N,N,Following Too Closely,Failing to Reduce Speed to Avoid Crash,Darkness / Lighted Road,Clear,Dry,Y,,,,,Traffic Signal,Functioning Properly,N,2,41.8800751,-87.7794671,ok,(UNK),1,1906938,2019,,3,28,50000 and OVER,9,4295,Oak Park,C,Urban Local Road or Street,8,16,25,10698917,11,Cook,0,19,,,1,N,No,Slow,201901422549,City,5,0,N,,,,(UNK),274339,(N/A),(UNK),No Defects,1,1,Local Road or Street,7,,X001761325,Not Toll,73,3,4,Not Divided,1,2946671.95830311,1907865.86280443,41.88006722138128,-87.7795,,Urban,1,N,(N/A),Y,(N/A)
2019,2019-11-24,Sunday,11,11:03 AM,Property Damage,No Injuries,0,0,0,0,0,1,Parked Motor Vehicle,9,N,N,Unable to Determine,Unable to Determine,Daylight,Clear,Dry,N,,,,,No Controls,No Controls,N,2,41.8831253,-87.7845398,ok,(N/A),1,2019,,,18,18,50000 and OVER,9,4295,Oak Park,C,Urban Major Collector,0,16,24,10698925,11,Cook,C,19,0,,7,X001760981,Free Flow,(UNK),201901422557,Major,1,1.3,N,,,,(UNK),274404,(N/A),(UNK),No Defects,1,1,No Median Barrier,5,2783,1906906,Urban,73,1,1,Divided,2,2945259.60670658,1908939.00175936,41.88311740856058,-87.7845,,No,1,(N/A),N,Y,N
2019,2019-11-24,Sunday,15,03:25 PM,Property Damage,No Injuries,0,0,0,0,0,1,Parked Motor Vehicle,9,N,N,Unable to Determine,Unable to Determine,Unknown,Unknown,Unknown,N,,,,,No Controls,No Controls,Y,2,41.8741613,-87.775667,ok,(UNK),1,1906913,2019,,18,18,50000 and OVER,9,4295,Oak Park,C,Urban Local Road or Street,0,16,24,10698940,11,Cook,0,19,,,7,N,No,Free Flow,201901422571,City,9,0.38,N,,,,(UNK),274451,(N/A),(UNK),No Defects,1,9,Local Road or Street,7,2603,X001761193,Not Toll,73,1,1,Not Divided,1,2947766.96218409,1905739.60911889,41.87415347661851,-87.7757,,Urban,9,N,(N/A),Y,(N/A)
2019,2019-06-04,Tuesday,13,01:06 PM,Injury,B Injury Crash,1,0,0,1,0,2,Turning,10,N,N,Exceeding Authorized Speed Limit,Failing to Reduce Speed to Avoid Crash,Daylight,Clear,Dry,Y,,,,,No Controls,No Controls,N,2,41.8799823,-87.7771073,ok,(N/A),1,2019,,1,1,28,50000 and OVER,9,4295,Oak Park,C,Urban Minor Arterial,8,16,4,10697863,6,Cook,C,19,2,,2,X001761047,(UNK),(UNK),201901421525,Minor,1,0,N,,,,4,274676,(N/A),Straight and Level,No Defects,1,1,No Median Barrier,4,,1902971,Urban,73,1,1,Divided,2,2947315.58439983,1907849.94935651,41.879974447769655,-87.7771,,(UNK),1,(N/A),N,Y,N
2019,2019-11-26,Tuesday,17,05:13 PM,Property Damage,No Injuries,0,0,0,0,0,2,Angle,15,N,N,Vision Obscured,Failing to Yield Right of Way,Darkness / Lighted Road,Rain,Wet,Y,,,,,Stop Sign,Functioning Properly,N,2,41.881568,-87.7956337,ok,(UNK),1,1906960,2019,,14,2,50000 and OVER,9,4295,Oak Park,C,Urban Major Collector,8,16,26,10699371,11,Cook,0,19,,,2,N,No,Free Flow,201901422918,City,5,0,N,,,,(UNK),274822,(N/A),(UNK),No Defects,1,2,Major Collector,5,,X001762284,Not Toll,73,2,4,Four Way,14,2942254.13430831,1908287.81028688,41.881560184999714,-87.7956,,Urban,2,N,(N/A),Y,(N/A)
2019,2019-11-30,Saturday,22,10:03 PM,Property Damage,No Injuries,0,0,0,0,0,4,Fixed Object,6,N,N,Failing to Reduce Speed to Avoid Crash,Weather,Darkness / Lighted Road,Rain,Wet,N,,,,,Other,Functioning Properly,N,1,41.8734785,-87.8042179,ok,Partial Access Control,3,03-19-18446,2019,,28,11,50000 and OVER,9,4295,Oak Park,C,Urban InterState (PAS),0,16,30,10703277,11,Cook,0,19,,,6,N,No,(UNK),201901426201,ISP,5,7.71,Y,,,,(UNK),275519,(N/A),(UNK),No Defects,1,2,InterState (PAS),1,290,X001765601,Not Toll,73,13,4,Divided With Median Barrier,3,2939997.57154376,1905275.3502652,41.87347069268419,-87.8042,,Urban,2,N,(N/A),Y,(N/A)
2019,2019-11-26,Tuesday,20,08:00 PM,Property Damage,No Injuries,0,0,0,0,0,3,Other Non-Collision,8,N,N,Equipment-Vehicle Condition,(N/A),Darkness / Lighted Road,Rain,Wet,N,,,,,No Controls,No Controls,N,3,41.8730821,-87.7978774,ok,Partial Access Control,3,03-19-18242,2019,,10,99,50000 and OVER,9,4295,Oak Park,C,Urban InterState (PAS),0,16,26,10703318,11,Cook,0,19,,,2,N,No,(UNK),201901426242,ISP,5,320.22,Y,,,,(UNK),275733,(N/A),(UNK),No Defects,1,2,InterState (PAS),1,5110,X001765642,Not Toll,73,1,1,Divided With Median Barrier,3,2941728.5,1905178.5,41.87307425064412,-87.7979,,Urban,2,N,(N/A),Y,(N/A)
2019,2019-11-23,Saturday,08,08:08 AM,Property Damage,No Injuries,0,0,0,0,0,2,Front to Rear,11,N,N,Failing to Reduce Speed to Avoid Crash,Improper Lane Usage,Darkness / Lighted Road,Clear,Dry,N,,,,,Other,Functioning Properly,Y,2,41.8713608,-87.7765315,ok,Partial Access Control,3,03-19-18074,2019,,28,20,50000 and OVER,9,4295,Oak Park,C,Urban InterState (PAS),0,16,23,10702960,11,Cook,0,19,,,6,N,No,(UNK),201901425892,ISP,5,321.31,Y,,,,(UNK),276158,(N/A),(UNK),No Defects,1,1,InterState (PAS),1,5110,X001765293,Not Toll,73,13,4,Divided With Median Barrier,3,2947559.93738711,1904712.47014635,41.87135291169871,-87.7765,,Urban,1,N,(N/A),Y,(N/A)
2019,2019-11-13,Wednesday,16,04:25 PM,Property Damage,No Injuries,0,0,0,0,0,2,Sideswipe Same Direction,12,N,N,Improper Lane Usage,Failing to Reduce Speed to Avoid Crash,Daylight,Clear,Dry,N,,,,,Other,Functioning Properly,N,2,41.8719903,-87.7847393,ok,Partial Access Control,3,03-19-17857,2019,,20,28,50000 and OVER,9,4295,Oak Park,C,Urban InterState (PAS),0,16,13,10701700,11,Cook,0,19,,,3,N,No,(UNK),201901424676,ISP,1,320.89,Y,,,,(UNK),276217,(N/A),(UNK),No Defects,1,1,InterState (PAS),1,5110,X001764042,Not Toll,73,13,4,Divided With Median Barrier,3,2945317.94649934,1904879.70475561,41.87198244065111,-87.7847,,Urban,1,N,(N/A),Y,(N/A)
2019,2019-11-21,Thursday,18,06:45 PM,Property Damage,No Injuries,0,0,0,0,0,2,Front to Rear,11,N,N,Following Too Closely,Failing to Reduce Speed to Avoid Crash,Darkness / Lighted Road,Clear,Wet,N,,,,,Other Regualtory Sig,Functioning Properly,N,2,41.8736706,-87.8033523,ok,Partial Access Control,3,03-19-18182,2019,,3,28,50000 and OVER,9,4295,Oak Park,C,Urban InterState (PAS),0,16,21,10701812,11,Cook,0,19,,,4,N,No,(UNK),201901424785,ISP,5,319.97,Y,,,,(UNK),276793,(N/A),(UNK),No Defects,1,2,InterState (PAS),1,5110,X001764151,Not Toll,73,10,4,Divided With Median Barrier,3,2940231.40296031,1905351.82736484,41.87366273486545,-87.8033,,Urban,1,N,(N/A),Y,(N/A)
2019,2019-11-29,Friday,14,02:25 PM,Injury,B Injury Crash,1,0,0,1,0,1,Turning,10,N,N,Disregarding Traffic Signals,Failing to Reduce Speed to Avoid Crash,Daylight,Clear,Dry,Y,,,,,Traffic Signal,Functioning Properly,N,2,41.8980604,-87.7947958,ok,(N/A),1,2019,,,25,28,50000 and OVER,9,4295,Oak Park,C,Urban Major Collector,8,16,29,10704812,11,Cook,C,19,2,,5,X001766843,Free Flow,(UNK),201901427581,Major,1,0,N,,,,(UNK),277302,(N/A),(UNK),No Defects,1,1,No Median Barrier,5,,1907006,Urban,73,3,4,Divided,2,2942316.09797683,1914304.24995798,41.89805255712977,-87.7948,,No,1,(N/A),N,Y,N
2019,2019-11-29,Friday,15,03:45 PM,Property Damage,No Injuries,0,0,0,0,0,2,Front to Rear,11,N,N,Failing to Reduce Speed to Avoid Crash,(N/A),Daylight,Clear,Dry,N,,,,,No Controls,No Controls,N,2,41.870513,-87.8043971,ok,(N/A),1,2019,,,28,99,50000 and OVER,9,4295,Oak Park,C,Urban Other Principal Arte,0,16,29,10704813,11,Cook,C,19,0,,5,X001766844,Stopped,(UNK),201901427582,Other,1,25.39,Y,,,,(UNK),277303,(N/A),(UNK),No Defects,1,1,No Median Barrier,3,5043,1907009,Urban,73,1,1,Divided,2,2939978.50180397,1904193.3144153,41.87050516281546,-87.8044,,No,1,(N/A),N,Y,N
2019,2019-11-29,Friday,15,03:40 PM,Property Damage,No Injuries,0,0,0,0,0,3,Angle,15,N,N,Failing to Yield Right of Way,Operating Vehicle In Reckless Manner,Daylight,Clear,Dry,Y,,,,,Traffic Signal,Functioning Properly,Y,2,41.8796669,-87.8047358,ok,(UNK),1,1907010,2019,,2,50,50000 and OVER,9,4295,Oak Park,C,Urban Other Principal Arte,0,16,29,10704814,11,Cook,0,19,,,5,N,No,Free Flow,201901427583,City,1,26.02,Y,,,,(UNK),277304,(N/A),(UNK),No Defects,1,1,Other Principal Arterial (PAS),3,5043,X001766846,Not Toll,73,3,4,Not Divided,1,2939794.42253647,1907526.59999209,41.87965901128909,-87.8047,,Urban,1,N,(N/A),Y,(N/A)
2019,2019-11-28,Thursday,13,01:44 PM,Property Damage,No Injuries,0,0,0,0,0,3,Turning,10,N,N,Improper Turning/No Signal,Improper Lane Usage,Daylight,Clear,Dry,N,,,,,No Controls,No Controls,N,2,41.8796505,-87.8013467,ok,(UNK),1,1906999,2019,,6,20,50000 and OVER,9,4295,Oak Park,C,Urban Minor Arterial,0,16,28,10704047,11,Cook,0,19,,,4,N,No,Slow,201901426956,City,1,3.24,N,,,,(UNK),277449,(N/A),(UNK),No Defects,1,1,Minor Arterial,4,1419,X001764722,Not Toll,73,1,1,Not Divided,1,2940717.56277432,1907546.08433746,41.879642688595304,-87.8013,,Urban,1,N,(N/A),Y,(N/A)
2019,2019-11-28,Thursday,20,08:51 PM,Property Damage,No Injuries,0,0,0,0,0,2,Sideswipe Same Direction,12,N,N,Driving Skills/Knowledge/Experience,Driving Skills/Knowledge/Experience,Darkness / Lighted Road,Rain,Wet,N,,,,,No Controls,No Controls,N,2,41.8759201,-87.8045939,ok,(UNK),1,1907002,2019,,15,15,50000 and OVER,9,4295,Oak Park,C,Urban Other Principal Arte,0,16,28,10704048,11,Cook,0,19,,,4,N,No,Slow,201901426957,City,5,19.93,Y,,,,(UNK),277450,(N/A),(UNK),No Defects,1,2,Other Principal Arterial (PAS),3,348,X001764727,Not Toll,73,1,1,Divided With Median Barrier,3,2939870.65686201,1906162.27628405,41.87591224809664,-87.8046,,Urban,2,N,(N/A),Y,(N/A)
2019,2019-11-28,Thursday,23,11:30 PM,Property Damage,No Injuries,0,0,0,0,0,2,Turning,10,N,N,Failing to Yield Right of Way,Failing to Reduce Speed to Avoid Crash,Darkness / Lighted Road,Unknown,Unknown,Y,,,,,Traffic Signal,Functioning Properly,Y,2,41.8800031,-87.784442,ok,(UNK),1,1907003,2019,,2,28,50000 and OVER,9,4295,Oak Park,C,Urban Major Collector,0,16,28,10704049,11,Cook,0,19,,,4,N,No,Free Flow,201901426958,City,5,1.51,N,,,,(UNK),277451,(N/A),(UNK),No Defects,1,9,Major Collector,5,2783,X001764739,Not Toll,73,3,4,Not Divided,1,2945317.83996589,1907801.97610467,41.87999527080159,-87.7844,,Urban,9,N,(N/A),Y,(N/A)