crash_year,crash_date,day_of_week,crash_hour,time_of_crash,crash_severity,crash_injury_severity,total_injured,total_fatals,a_injuries,b_injuries,c_injuries,no_injuries,type_of_first_crash,collision_type_code,pedestrian_involved,pedalcyclist_involved,cause1,cause2,lighting_cond,weather_cond,road_surface_cond,intersection_related,is_intersection,highway_or_street_name,at_intersection_with,address_no,traffic_control_device,traffic_control_device_cond,hit_and_run,number_of_vehicles,latitude,longitude,location_status,access_control,agency_code,agency_report_number,agency_report_year,alignment_code,cause1_code,cause2_code,city_class,city_class_code,city_code,city_name,city_township_flag,class_of_trafficway,class_of_trafficway_code,county_code,crash_day,crash_id,crash_month,crash_report_county,crash_severity_cd,crash_yr_source,damaged_property1,damaged_property2,day_of_week_code,did_crash_occur_in_work_zone,did_involve_secondary_crash,flow_condition,icn,investigating_agency_descrip,light_condition_code,mile_station,nhs,non_intersection_direction,non_intersection_distance,non_intersection_units,number_of_lanes,objectid,railroad_crossing_number,road_alignment,road_defects,road_defects_code,road_surface_condition_code,roadway_functional_class,roadway_functional_class_code,route_number,sfe,toll,township,traffic_control_device_code,traffic_control_device_cond_code,trafficway_descrip,trafficway_description_code,ts_crash_coordinate_x,ts_crash_coordinate_y,ts_crash_latitude,ts_crash_longitude,type_report,urban_rural,weather_code,were_workers_present,work_zone,work_zone_related,work_zone_type
2019,2019-11-26,Tuesday,15,03:27 PM,Property Damage,No Injuries,0,0,0,0,0,2,Sideswipe Same Direction,12,N,N,Improper Overtaking/Passing,Unable to Determine,Darkness / Lighted Road,Clear,Dry,N,,,,,No Controls,No Controls,Y,2,41.8868987,-87.7895461,ok,(UNK),1,1906954,2019,,4,18,50000 and OVER,9,4295,Oak Park,C,Urban Minor Collector,8,16,26,10704051,11,Cook,0,19,,,2,N,No,(UNK),201901426960,City,5,0,N,,,,(UNK),277452,(N/A),(UNK),No Defects,1,1,Minor Collector,6,,X001764662,Not Toll,73,1,1,Not Divided,1,2943858.14603469,1910276.29129503,41.88689085280346,-87.7895,,Urban,1,N,(N/A),Y,(N/A)
2019,2019-11-30,Saturday,00,00:52 AM,Property Damage,No Injuries,0,0,0,0,0,2,Fixed Object,6,N,N,Under Influence of Alcohol/Drugs,Failing to Reduce Speed to Avoid Crash,Darkness,Freezing Rain,Wet,N,,,,,No Controls,No Controls,Y,1,41.8654597,-87.7839785,ok,(N/A),1,2019,,,8,28,50000 and OVER,9,4295,Oak Park,C,Urban Major Collector,0,16,30,10704850,11,Cook,C,19,0,UTILITY LIGHT POLE,6,X001766862,(UNK),(UNK),201901427638,Major,4,2.53,N,,,,(UNK),277461,(N/A),(UNK),No Defects,1,2,No Median Barrier,5,2783,1907014,Urban,73,1,1,Divided,2,2945591.26193343,1902505.59819448,41.86545186119504,-87.784,,No,10,(N/A),N,Y,N
2019,2019-11-27,Wednesday,12,12:40 PM,Property Damage,No Injuries,0,0,0,0,0,1,Other Object,7,N,N,(N/A),(N/A),Daylight,Severe Cross Wind,Dry,Y,,,,,No Controls,No Controls,N,1,41.8854206,-87.8000508,ok,(N/A),1,2019,,,99,99,50000 and OVER,9,4295,Oak Park,C,Urban Local Road or Street,8,16,27,10704052,11,Cook,C,19,0,,3,X001764670,Slow,(UNK),201901426961,Local,1,0,N,,,,(UNK),277500,(N/A),(UNK),No Defects,1,1,No Median Barrier,7,,1906972,Urban,73,1,1,Divided,2,2941012.46308985,1909658.544581,41.885412777459344,-87.8,,No,6,(N/A),N,Y,N
2019,2019-11-27,Wednesday,18,06:29 PM,Property Damage,No Injuries,0,0,0,0,0,4,Angle,15,N,N,Failing to Yield Right of Way,Failing to Reduce Speed to Avoid Crash,Darkness / Lighted Road,Clear,Dry,Y,,,,,No Controls,No Controls,N,2,41.8946279,-87.7799856,ok,(N/A),1,2019,,,2,28,50000 and OVER,9,4295,Oak Park,C,Urban Minor Arterial,8,16,27,10704056,11,Cook,C,19,0,,3,X001764686,Free Flow,(UNK),201901426964,Minor,5,0,N,,,,(UNK),277502,(N/A),(UNK),No Defects,1,1,No Median Barrier,4,,1906987,Urban,73,1,1,Divided,2,2946383.17713433,1913165.24612248,41.89462000436443,-87.78,,No,1,(N/A),N,Y,N
2019,2019-11-27,Wednesday,18,06:14 PM,Property Damage,No Injuries,0,0,0,0,0,1,Parked Motor Vehicle,9,N,N,Unable to Determine,Unable to Determine,Unknown,Clear,Dry,N,,,,,No Controls,No Controls,Y,2,41.8854689,-87.7972642,ok,(UNK),1,1906990,2019,,18,18,50000 and OVER,9,4295,Oak Park,C,Urban Local Road or Street,0,16,27,10704059,11,Cook,0,19,,,3,N,No,Free Flow,201901426966,City,9,0.13,N,,,,(UNK),277504,(N/A),(UNK),No Defects,1,1,Local Road or Street,7,3030,X001764693,Not Toll,73,1,1,Not Divided,1,2941770.81730332,1909697.08397394,41.88546104165109,-87.7973,,Urban,1,N,(N/A),Y,(N/A)
2019,2019-11-27,Wednesday,22,10:42 PM,Injury,C Injury Crash,1,0,0,0,1,1,Turning,10,N,N,Failing to Yield Right of Way,Physical Condition of Driver,Darkness / Lighted Road,Clear,Dry,Y,,,,,Traffic Signal,Functioning Properly,N,2,41.8942279,-87.8052264,ok,(UNK),1,1906995,2019,,2,17,50000 and OVER,9,4295,Oak Park,C,Urban Other Principal Arte,0,16,27,10704062,11,Cook,1,19,,,3,N,No,Free Flow,201901426969,City,5,27.03,Y,,,,(UNK),277506,(N/A),(UNK),No Defects,1,1,Other Principal Arterial (PAS),3,5043,X001764703,Not Toll,73,3,4,Not Divided,1,2939514.70188477,1912829.21428938,41.894220003505964,-87.8052,,Urban,1,N,(N/A),Y,(N/A)
2019,2019-11-30,Saturday,09,09:40 AM,Property Damage,No Injuries,0,0,0,0,0,1,Fixed Object,6,N,N,Unable to Determine,Unable to Determine,Darkness,Unknown,Unknown,N,,,,,No Controls,No Controls,Y,1,,,missing,(UNK),1,1907016,2019,,18,18,50000 and OVER,9,4295,Oak Park,C,(UNK),8,16,30,10704993,11,Cook,0,19,UTILITY POLE,,6,N,No,Free Flow,201901427806,City,4,0,N,,,,(UNK),278066,(N/A),(UNK),No Defects,1,9,(UNK),0,0,X001767013,No Toll,,1,1,Alley,12,0,0,,,,(UNK),9,N,(N/A),Y,(N/A)
2019,2019-12-02,Monday,13,01:27 PM,Property Damage,No Injuries,0,0,0,0,0,2,Angle,15,N,N,Failing to Yield Right of Way,Unable to Determine,Daylight,Cloudy/Overcast,Dry,Y,,,,,Stop Sign,Functioning Properly,N,2,41.8704892,-87.8043965,ok,(UNK),1,19-4097,2019,,2,18,50000 and OVER,9,4295,Oak Park,C,Urban Other Principal Arte,6,16,2,10705009,12,Cook,0,19,,,1,N,No,Stopped,201901427825,City,1,25.39,Y,,,,(UNK),278170,(N/A),(UNK),No Defects,1,1,Other Principal Arterial (PAS),3,5043,X001767033,Not Toll,73,2,4,Other,8,2939978.92142413,1904184.66176232,41.87048140533275,-87.8044,,Urban,8,N,(N/A),Y,(N/A)
2019,2019-12-02,Monday,15,03:26 PM,Property Damage,No Injuries,0,0,0,0,0,1,Parked Motor Vehicle,9,N,N,Unable to Determine,Unable to Determine,Unknown,Unknown,Unknown,N,,,,,No Controls,No Controls,Y,3,41.8869558,-87.7876267,ok,(UNK),1,1907057,2019,,18,18,50000 and OVER,9,4295,Oak Park,C,Urban Local Road or Street,0,16,2,10706334,12,Cook,0,19,,,1,N,No,Free Flow,201901429201,City,9,0.86,N,,,,(UNK),278279,(N/A),(UNK),No Defects,1,9,Local Road or Street,7,3036,X001768105,Not Toll,73,1,1,Not Divided,1,2944380.23051681,1910311.57848199,41.88694791632833,-87.7876,,Urban,9,N,(N/A),Y,(N/A)
2019,2019-12-02,Monday,21,09:10 PM,Property Damage,No Injuries,0,0,0,0,0,2,Parked Motor Vehicle,9,N,N,Improper Backing,Unable to Determine,Darkness / Lighted Road,Clear,Dry,N,,,,,No Controls,No Controls,Y,2,41.8886578,-87.8007872,ok,(UNK),1,1907066,2019,,30,18,50000 and OVER,9,4295,Oak Park,C,Urban Major Collector,8,16,2,10706349,12,Cook,0,19,,,1,N,No,Stopped,201901429222,City,5,0,N,,,,(UNK),278331,(N/A),(UNK),No Defects,1,1,Major Collector,5,,X001768275,Not Toll,73,1,1,Not Divided,1,2940779.39180375,1910832.70097504,41.88864995861303,-87.8008,,Urban,1,N,(N/A),Y,(N/A)
2019,2019-12-03,Tuesday,06,06:10 AM,Property Damage,No Injuries,0,0,0,0,0,3,Front to Rear,11,N,N,Following Too Closely,Failing to Reduce Speed to Avoid Crash,Daylight,Clear,Dry,N,,,,,Other,Functioning Properly,N,3,41.8723826,-87.789434,ok,Partial Access Control,3,03-19-18552,2019,,3,28,50000 and OVER,9,4295,Oak Park,C,Urban InterState (PAS),0,16,3,10705902,12,Cook,0,19,,,2,N,No,(UNK),201901428751,ISP,1,320.64,Y,,,,(UNK),278579,(N/A),(UNK),No Defects,1,1,InterState (PAS),1,5110,X001767874,Not Toll,73,13,4,Divided With Median Barrier,3,2944035.27005348,1904987.1916221,41.872374722814364,-87.7894,,Urban,1,N,(N/A),Y,(N/A)
2019,2019-12-03,Tuesday,10,10:16 AM,Property Damage,No Injuries,0,0,0,0,0,2,Parked Motor Vehicle,9,N,N,Under Influence of Alcohol/Drugs,Failing to Reduce Speed to Avoid Crash,Daylight,Clear,Dry,N,,,,,No Controls,No Controls,N,3,41.8796748,-87.800038,ok,(UNK),1,1907073,2019,,8,28,50000 and OVER,9,4295,Oak Park,C,Urban Minor Arterial,0,16,3,10707403,12,Cook,0,19,,,2,N,No,Free Flow,201901430387,City,1,3.31,N,,,,(UNK),278642,(N/A),(UNK),No Defects,1,1,Minor Arterial,4,1419,X001769227,Not Toll,73,1,1,Not Divided,1,2941073.73523801,1907564.77464959,41.87966699986733,-87.8,,Urban,1,N,(N/A),Y,(N/A)
2019,2019-11-23,Saturday,18,06:10 PM,Property Damage,No Injuries,0,0,0,0,0,3,Front to Rear,11,N,N,Following Too Closely,Failing to Reduce Speed to Avoid Crash,Darkness / Lighted Road,Clear,Dry,N,,,,,Other Regualtory Sig,Functioning Properly,N,2,41.8733892,-87.8005861,ok,Partial Access Control,3,03-19-18069,2019,,3,28,50000 and OVER,9,4295,Oak Park,C,Urban InterState (PAS),0,16,23,10706429,11,Cook,0,19,,,6,N,No,(UNK),201901429301,ISP,5,320.1,Y,,,,(UNK),278703,(N/A),(UNK),No Defects,1,1,InterState (PAS),1,5110,X001768349,Not Toll,73,10,4,Divided With Median Barrier,3,2940987.62856371,1905270.05411913,41.87338135417506,-87.8006,,Urban,1,N,(N/A),Y,(N/A)
2019,2019-11-30,Saturday,10,10:58 AM,Property Damage,No Injuries,0,0,0,0,0,3,Turning,10,N,N,Improper Turning/No Signal,(N/A),Daylight,Rain,Wet,Y,,,,,No Controls,No Controls,N,2,41.87231,-87.8044659,ok,(UNK),1,1907017,2019,,6,99,50000 and OVER,9,4295,Oak Park,C,Urban Other Principal Arte,0,16,30,10705589,11,Cook,0,19,,,6,N,No,Free Flow,201901428384,City,1,25.52,Y,,,,(UNK),278723,(N/A),(UNK),No Defects,1,2,Other Principal Arterial (PAS),3,5043,X001767039,Not Toll,73,1,1,Not Divided,1,2939941.73917192,1904847.66118026,41.87230217415038,-87.8045,,Urban,2,N,(N/A),Y,(N/A)
2019,2019-11-30,Saturday,17,05:16 PM,Property Damage,No Injuries,0,0,0,0,0,3,Turning,10,N,N,Improper Lane Usage,Unable to Determine,Darkness / Lighted Road,Rain,Wet,N,,,,,Traffic Signal,Functioning Properly,Y,2,41.8706487,-87.7742874,ok,(UNK),1,1907025,2019,,20,18,50000 and OVER,9,4295,Oak Park,C,Urban Minor Arterial,0,16,30,10705593,11,Cook,0,19,,,6,N,No,Free Flow,201901428388,City,5,8.39,N,,,,(UNK),278770,(N/A),(UNK),No Defects,1,2,Minor Arterial,4,2790,X001767053,Not Toll,,3,4,Not Divided,1,2948178.41683686,1904470.0187125,41.87064084939275,-87.7743,,Urban,2,N,(N/A),Y,(N/A)
2019,2019-11-30,Saturday,18,06:11 PM,Property Damage,No Injuries,0,0,0,0,0,6,Sideswipe Opposite Direction,13,N,N,Failing to Reduce Speed to Avoid Crash,Unable to Determine,Darkness / Lighted Road,Rain,Wet,N,,,,,No Controls,No Controls,Y,2,41.8711376,-87.7843692,ok,Partial Access Control,1,1907026,2019,,28,18,50000 and OVER,9,4295,Oak Park,C,Urban Local Road or Street,0,16,30,10705594,11,Cook,0,19,,,6,N,No,Free Flow,201901428389,City,5,0.23,N,,,,(UNK),278771,(N/A),(UNK),No Defects,1,2,Local Road or Street,7,290,X001767055,Not Toll,73,1,1,Not Divided,1,2945427.39077361,1904571.7535445,41.87112971009369,-87.7844,,Urban,2,N,(N/A),Y,(N/A)
2019,2019-12-01,Sunday,00,00:49 AM,Property Damage,No Injuries,0,0,0,0,0,1,Fixed Object,6,N,N,Distraction - From Inside Vehicle,(N/A),Darkness / Lighted Road,Rain,Wet,Y,,,,,Traffic Signal,Functioning Properly,N,1,41.9091334,-87.783354,ok,(UNK),1,1907029,2019,,41,99,50000 and OVER,9,4295,Oak Park,C,Urban Other Principal Arte,6,16,1,10705595,12,Cook,0,19,FIRE HYDRANT,,7,N,No,(UNK),201901428390,City,5,130.32,Y,,,,(UNK),278772,(N/A),(UNK),No Defects,1,2,Other Principal Arterial (PAS),3,5064,X001767067,Not Toll,73,3,4,Not Divided,1,2945319.09067848,1918425.8627606,41.909125596331194,-87.7833,,Urban,2,N,(N/A),Y,(N/A)
2019,2019-12-01,Sunday,16,04:37 PM,Injury,C Injury Crash,1,0,0,0,1,1,Angle,15,N,N,Failing to Yield Right of Way,(N/A),Darkness / Lighted Road,Rain,Wet,Y,,,,,Stop Sign,Functioning Properly,N,2,41.8946279,-87.7799832,ok,(UNK),1,1907036,2019,,2,99,50000 and OVER,9,4295,Oak Park,C,Urban Minor Arterial,8,16,1,10705597,12,Cook,1,19,,,7,N,No,Free Flow,201901428392,City,5,0,N,,,,(UNK),278774,(N/A),(UNK),No Defects,1,2,Minor Arterial,4,,X001767083,Not Toll,73,2,4,Other,8,2946383.83105398,1913165.28584304,41.89462006337296,-87.78,,Urban,2,N,(N/A),Y,(N/A)
2019,2019-11-27,Wednesday,22,10:46 PM,Property Damage,No Injuries,0,0,0,0,0,7,Turning,10,N,N,Failing to Yield Right of Way,Driving Skills/Knowledge/Experience,Darkness / Lighted Road,Clear,Dry,Y,,,,,Traffic Signal,Functioning Properly,N,2,41.8942279,-87.8052266,ok,(N/A),1,2019,,,2,15,50000 and OVER,9,4295,Oak Park,C,Urban Other Principal Arte,6,16,27,10705598,11,Cook,C,19,0,,3,X001767564,Free Flow,(UNK),201901428393,Other,5,27.03,Y,,,,(UNK),278775,(N/A),(UNK),No Defects,1,1,No Median Barrier,3,5043,1901671,Urban,73,3,4,Divided,2,2939514.63980148,1912829.21308798,41.89422000489949,-87.8052,,No,1,(N/A),N,Y,N
2019,2019-11-07,Thursday,21,09:16 PM,Injury,C Injury Crash,2,0,0,0,2,1,Front to Rear,11,N,N,Failing to Reduce Speed to Avoid Crash,Unable to Determine,Darkness / Lighted Road,Clear,Dry,Y,,,,,No Controls,No Controls,N,2,41.882126,-87.7748015,ok,(UNK),1,1906557,2019,,28,18,50000 and OVER,9,4295,Oak Park,C,Urban Minor Arterial,0,16,7,10707170,11,Cook,1,19,,,4,N,No,Stopped,201901430151,City,5,1.54,N,,,,(UNK),280144,(N/A),(UNK),No Defects,1,1,Minor Arterial,4,5,X001768992,Not Toll,73,1,1,Not Divided,1,2947921.7563674,1908648.64996767,41.88211813058005,-87.7748,,Urban,1,N,(N/A),Y,(N/A)
2019,2019-12-05,Thursday,20,08:25 PM,Property Damage,No Injuries,0,0,0,0,0,3,Turning,10,N,N,Improper Turning/No Signal,Unable to Determine,Darkness / Lighted Road,Clear,Dry,Y,,,,,Traffic Signal,Functioning Properly,N,2,41.8650278,-87.8042158,ok,(N/A),1,2019,,,6,18,50000 and OVER,9,4295,Oak Park,C,Urban Other Principal Arte,6,16,5,10709425,12,Cook,C,19,0,,4,X001770735,Free Flow,(UNK),201901432116,Other,5,25.01,Y,,,,(UNK),280378,(N/A),(UNK),No Defects,1,1,No Median Barrier,3,5043,19-04136,Urban,52,3,4,Divided,2,2940082.93081867,1902195.78557851,41.865019999830345,-87.8042,,No,1,(N/A),N,Y,N
2019,2019-12-02,Monday,07,07:51 AM,Property Damage,No Injuries,0,0,0,0,0,6,Front to Rear,11,N,N,Failing to Reduce Speed to Avoid Crash,Following Too Closely,Daylight,Clear,Dry,N,,,,,Other,Functioning Properly,N,2,41.8715092,-87.77885,ok,Partial Access Control,3,03-19-18588,2019,,28,3,50000 and OVER,9,4295,Oak Park,C,Urban InterState (PAS),0,16,2,10711268,12,Cook,0,19,,,1,N,No,(UNK),201901433886,ISP,1,321.19,Y,,,,(UNK),280791,(N/A),(UNK),No Defects,1,1,InterState (PAS),1,5110,X001772452,Not Toll,73,13,4,Divided With Median Barrier,3,2946926.9171123,1904748.98663102,41.87150137263752,-87.7788,,Urban,1,N,(N/A),Y,(N/A)
2019,2019-12-06,Friday,20,08:33 PM,Property Damage,No Injuries,0,0,0,0,0,3,Turning,10,N,N,Failing to Yield Right of Way,Failing to Reduce Speed to Avoid Crash,Darkness / Lighted Road,Clear,Dry,Y,,,,,Traffic Signal,Functioning Properly,N,2,41.8650278,-87.8042158,ok,(UNK),1,19-04153,2019,,2,28,50000 and OVER,9,4295,Oak Park,C,Urban Other Principal Arte,0,16,6,10710585,12,Cook,0,19,,,5,N,No,Free Flow,201901433249,City,5,25.01,Y,,,,(UNK),282058,(N/A),(UNK),No Defects,1,1,Other Principal Arterial (PAS),3,5043,X001771811,Not Toll,52,3,4,Four Way,14,2940082.93081867,1902195.78557851,41.865019999830345,-87.8042,,Urban,1,N,(N/A),Y,(N/A)
2019,2019-11-23,Saturday,17,05:00 PM,Property Damage,No Injuries,0,0,0,0,0,1,Parked Motor Vehicle,9,N,N,Road Construction/Maintenance,Unable to Determine,Daylight,Clear,Dry,N,,,,,No Controls,No Controls,Y,2,41.8794313,-87.7881168,ok,(UNK),1,1906933,2019,,13,18,50000 and OVER,9,4295,Oak Park,C,Urban Local Road or Street,0,16,23,10712646,11,Cook,0,19,,,6,N,No,Free Flow,201901435193,City,1,0.03,N,,,,(UNK),282156,(N/A),(UNK),No Defects,1,1,Local Road or Street,7,2650,X001771379,Not Toll,73,1,1,Not Divided,1,2944322.82910551,1907565.83144101,41.87942347782508,-87.7881,,Urban,1,N,(N/A),Y,(N/A)
2019,2019-12-05,Thursday,07,07:57 AM,Property Damage,No Injuries,0,0,0,0,0,4,Front to Rear,11,N,N,Failing to Reduce Speed to Avoid Crash,Unable to Determine,Daylight,Clear,Dry,N,,,,,No Controls,No Controls,N,2,41.8944854,-87.7946765,ok,(UNK),1,1907107,2019,,28,18,50000 and OVER,9,4295,Oak Park,C,Urban Major Collector,0,16,5,10712649,12,Cook,0,19,,,4,N,No,Slow,201901435195,City,1,5.12,N,,,,(UNK),282159,(N/A),(UNK),No Defects,1,1,Major Collector,5,2775,X001771398,Not Toll,73,1,1,Not Divided,1,2942384.60382985,1913002.35377348,41.894477568735965,-87.7947,,Urban,1,N,(N/A),Y,(N/A)
2019,2019-12-05,Thursday,09,09:09 AM,Injury,B Injury Crash,1,0,0,1,0,2,Front to Rear,11,N,N,Failing to Reduce Speed to Avoid Crash,Unable to Determine,Daylight,Clear,Dry,N,,,,,No Controls,No Controls,N,2,41.8886778,-87.7993528,ok,(UNK),1,1907108,2019,,28,18,50000 and OVER,9,4295,Oak Park,C,Urban Major Collector,0,16,5,10712650,12,Cook,2,19,,,4,N,No,Stopped,201901435197,City,1,0.05,N,,,,(UNK),282160,(N/A),(UNK),No Defects,1,1,Major Collector,5,1405,X001771406,Not Toll,73,1,1,Not Divided,1,2941169.79289944,1910850.78387653,41.88867000260278,-87.7993,,Urban,1,N,(N/A),Y,(N/A)
2019,2019-11-22,Friday,09,09:00 AM,Property Damage,No Injuries,0,0,0,0,0,1,Parked Motor Vehicle,9,N,N,Unable to Determine,(N/A),Daylight,Unknown,Unknown,N,,,,,No Controls,No Controls,Y,2,41.8832981,-87.8011194,ok,(UNK),1,1907118,2019,,18,99,50000 and OVER,9,4295,Oak Park,C,Urban Local Road or Street,0,16,22,10712651,11,Cook,0,19,,,5,N,No,Free Flow,201901435198,City,1,0.18,N,,,,(UNK),282161,(N/A),(UNK),No Defects,1,9,Local Road or Street,7,3015,X001771528,Not Toll,73,1,1,Not Divided,1,2940742.79997483,1908877.03389314,41.88329026351245,-87.8011,,Urban,9,N,(N/A),Y,(N/A)
2019,2019-12-05,Thursday,18,06:26 PM,Property Damage,No Injuries,0,0,0,0,0,3,Angle,15,N,N,Failing to Yield Right of Way,Failing to Reduce Speed to Avoid Crash,Darkness / Lighted Road,Clear,Dry,Y,,,,,No Controls,No Controls,N,2,41.8797578,-87.7954058,ok,(UNK),1,1907121,2019,,2,28,50000 and OVER,9,4295,Oak Park,C,Urban Minor Arterial,8,16,5,10712652,12,Cook,0,19,,,4,N,No,Slow,201901435199,City,5,0,N,,,,(UNK),282162,(N/A),(UNK),No Defects,1,1,Minor Arterial,4,,X001771532,Not Toll,73,1,1,Not Divided,1,2942334.43189309,1907629.86099643,41.879749999151464,-87.7954,,Urban,1,N,(N/A),Y,(N/A)
2019,2019-12-03,Tuesday,06,06:41 AM,Property Damage,No Injuries,0,0,0,0,0,5,Front to Rear,11,N,N,Following Too Closely,Failing to Yield Right of Way,Daylight,Clear,Dry,Y,,,,,Traffic Signal,Functioning Properly,Y,2,41.9087836,-87.8057828,ok,(UNK),1,1907134,2019,,3,2,50000 and OVER,9,4295,Oak Park,C,Urban Other Principal Arte,6,16,3,10713205,12,Cook,0,19,,,2,N,No,Slow,201901435757,City,1,28.04,Y,,,,(UNK),282173,(N/A),(UNK),No Defects,1,1,Other Principal Arterial (PAS),3,5043,X001774193,Not Toll,73,3,4,Two-way Continuous Left-Tur,4,2939217.15400692,1918129.42300251,41.908775715474604,-87.8058,,Urban,1,N,(N/A),Y,(N/A)
2019,2019-12-04,Wednesday,15,03:38 PM,Injury,B Injury Crash,1,0,0,1,0,1,Angle,15,N,N,Failing to Reduce Speed to Avoid Crash,Failing to Yield Right of Way,Daylight,Clear,Dry,Y,,,,,Stop Sign,Functioning Properly,N,2,41.8796078,-87.8038457,ok,(UNK),1,1907101,2019,,28,2,50000 and OVER,9,4295,Oak Park,C,Urban Minor Arterial,8,16,4,10712656,12,Cook,2,19,,,3,N,No,Stopped,201901435205,City,1,0,N,,,,(UNK),282238,(N/A),(UNK),No Defects,1,1,Minor Arterial,4,,X001770506,Not Toll,73,2,4,Other,8,2940037.42620667,1907511.77185328,41.87960000143961,-87.8038,,Urban,1,N,(N/A),Y,(N/A)
2019,2019-12-06,Friday,10,10:45 AM,Injury,B Injury Crash,1,0,0,1,0,1,Parked Motor Vehicle,9,N,N,Physical Condition of Driver,Failing to Reduce Speed to Avoid Crash,Daylight,Clear,Dry,N,,,,,No Controls,No Controls,N,2,41.8794814,-87.8023244,ok,(UNK),1,1907135,2019,,17,28,50000 and OVER,9,4295,Oak Park,C,Urban Local Road or Street,0,16,6,10713224,12,Cook,2,19,HOSPITAL SIGN,,5,N,Yes,Slow,201901435774,City,1,0.53,N,,,,(UNK),282258,(N/A),(UNK),No Defects,1,1,Local Road or Street,7,2056,X001774101,Not Toll,73,1,1,Not Divided,1,2940452.99978983,1907477.11738608,41.879473579632744,-87.8023,,Urban,1,N,(N/A),Y,(N/A)
2019,2019-12-06,Friday,15,03:13 PM,Property Damage,No Injuries,0,0,0,0,0,2,Angle,15,N,N,Disregarding Stop Sign,Failing to Reduce Speed to Avoid Crash,Dusk,Clear,Dry,Y,,,,,Stop Sign,Functioning Properly,Y,2,41.8964664,-87.7800258,ok,(UNK),1,1907141,2019,,23,28,50000 and OVER,9,4295,Oak Park,C,Urban Local Road or Street,8,16,6,10713249,12,Cook,0,19,,,5,N,No,Slow,201901435801,City,3,0,N,,,,(UNK),282391,(N/A),(UNK),No Defects,1,1,Local Road or Street,7,,X001774266,Not Toll,73,2,4,Not Divided,1,2946353.59470065,1913834.95309477,41.896458575543875,-87.78,,Urban,1,N,(N/A),Y,(N/A)
2019,2019-12-06,Friday,15,03:41 PM,Property Damage,No Injuries,0,0,0,0,0,2,Turning,10,N,N,Failing to Yield Right of Way,Failing to Reduce Speed to Avoid Crash,Dusk,Clear,Dry,N,,,,,No Controls,No Controls,N,2,41.8946036,-87.7783836,ok,(UNK),1,1907143,2019,,2,28,50000 and OVER,9,4295,Oak Park,C,Urban Local Road or Street,0,16,6,10713371,12,Cook,0,19,,,5,N,No,Slow,201901435911,City,3,0.25,N,,,,(UNK),282902,(N/A),(UNK),No Defects,1,1,Local Road or Street,7,2613,X001774275,Not Toll,73,1,1,Alley,12,2946819.60380009,1913168.53701506,41.89459571081233,-87.7784,,Urban,1,N,(N/A),Y,(N/A)
2019,2019-12-06,Friday,18,06:49 PM,Property Damage,No Injuries,0,0,0,0,0,2,Front to Rear,11,N,N,Failing to Reduce Speed to Avoid Crash,Unable to Determine,Darkness,Clear,Dry,Y,,,,,No Controls,No Controls,N,2,41.887107,-87.8049778,ok,(UNK),1,1907147,2019,,28,18,50000 and OVER,9,4295,Oak Park,C,Urban Other Principal Arte,6,16,6,10713373,12,Cook,0,19,,,5,N,No,Slow,201901435913,City,4,26.54,Y,,,,(UNK),282903,(N/A),(UNK),No Defects,1,1,Other Principal Arterial (PAS),3,5043,X001774296,Not Toll,73,1,1,Other,8,2939653.84539076,1910236.11464217,41.887099171408984,-87.805,,Urban,1,N,(N/A),Y,(N/A)
2019,2019-12-10,Tuesday,07,07:29 AM,Property Damage,No Injuries,0,0,0,0,0,4,Front to Rear,11,N,N,Failing to Reduce Speed to Avoid Crash,(N/A),Daylight,Clear,Dry,N,,,,,Traffic Signal,Functioning Properly,N,2,41.8829849,-87.7845374,ok,(N/A),1,2019,,,28,99,50000 and OVER,9,4295,Oak Park,C,Urban Major Collector,0,16,10,10714663,12,Cook,C,19,0,,2,X001775515,Slow,(UNK),201901437098,Major,1,1.31,N,,,,(UNK),283289,(N/A),(UNK),No Defects,1,1,No Median Barrier,5,2783,1907212,Urban,73,3,4,Divided,2,2945261.67942901,1908887.85485775,41.88297700689667,-87.7845,,No,1,(N/A),N,Y,N
2019,2019-04-18,Thursday,03,03:18 AM,Property Damage,No Injuries,0,0,0,0,0,1,Parked Motor Vehicle,9,N,N,Equipment-Vehicle Condition,Unable to Determine,Darkness / Lighted Road,Clear,Dry,N,,,,,No Controls,No Controls,Y,2,41.8650447,-87.8030381,ok,(UNK),1,01833,19,1,10,18,50000 and OVER,9,4295,Oak Park,C,Urban Other Principal Arte,0,16,18,10714190,4,Cook,0,19,,,4,N,(UNK),(UNK),201901436785,City,5,6.04,Y,,,,(UNK),283504,(N/A),Straight and Level,No Defects,1,1,Other Principal Arterial (PAS),3,347,X001808257,Not Toll,73,1,1,Not Divided,1,2940403.55867864,1902210.77453062,41.86503688729634,-87.803,,Urban,1,N,(N/A),Y,(N/A)
2019,2019-11-06,Wednesday,22,10:13 PM,Property Damage,No Injuries,0,0,0,0,0,3,Angle,15,N,N,Failing to Yield Right of Way,Failing to Reduce Speed to Avoid Crash,Darkness / Lighted Road,Rain,Wet,N,,,,,No Controls,No Controls,N,2,41.8800952,-87.7784728,ok,(UNK),1,1906532,2019,,2,28,50000 and OVER,9,4295,Oak Park,C,Urban Minor Arterial,8,16,6,10715710,11,Cook,0,19,,,3,N,No,Free Flow,201901437946,City,5,0,N,,,,(UNK),283604,(N/A),(UNK),No Defects,1,2,Minor Arterial,4,,X001775729,Not Toll,73,1,1,Not Divided,1,2946942.55316384,1907880.74967972,41.88008738732769,-87.7785,,Urban,2,N,(N/A),Y,(N/A)