crash_year,crash_date,day_of_week,crash_hour,time_of_crash,crash_severity,crash_injury_severity,total_injured,total_fatals,a_injuries,b_injuries,c_injuries,no_injuries,type_of_first_crash,collision_type_code,pedestrian_involved,pedalcyclist_involved,cause1,cause2,lighting_cond,weather_cond,road_surface_cond,intersection_related,is_intersection,highway_or_street_name,at_intersection_with,address_no,traffic_control_device,traffic_control_device_cond,hit_and_run,number_of_vehicles,latitude,longitude,location_status,access_control,agency_code,agency_report_number,agency_report_year,alignment_code,cause1_code,cause2_code,city_class,city_class_code,city_code,city_name,city_township_flag,class_of_trafficway,class_of_trafficway_code,county_code,crash_day,crash_id,crash_month,crash_report_county,crash_severity_cd,crash_yr_source,damaged_property1,damaged_property2,day_of_week_code,did_crash_occur_in_work_zone,did_involve_secondary_crash,flow_condition,icn,investigating_agency_descrip,light_condition_code,mile_station,nhs,non_intersection_direction,non_intersection_distance,non_intersection_units,number_of_lanes,objectid,railroad_crossing_number,road_alignment,road_defects,road_defects_code,road_surface_condition_code,roadway_functional_class,roadway_functional_class_code,route_number,sfe,toll,township,traffic_control_device_code,traffic_control_device_cond_code,trafficway_descrip,trafficway_description_code,ts_crash_coordinate_x,ts_crash_coordinate_y,ts_crash_latitude,ts_crash_longitude,type_report,urban_rural,weather_code,were_workers_present,work_zone,work_zone_related,work_zone_type
2019,2019-12-08,Sunday,11,11:55 AM,Injury,C Injury Crash,1,0,0,0,1,3,Front to Rear,11,N,N,Failing to Reduce Speed to Avoid Crash,Following Too Closely,Daylight,Cloudy/Overcast,Dry,Y,,,,,Other,Functioning Properly,Y,3,41.8704599,-87.8043956,ok,(UNK),1,1907175,2019,,28,3,50000 and OVER,9,4295,Oak Park,C,Urban Other Principal Arte,0,16,8,10714250,12,Cook,1,19,,,7,N,Yes,Stopped,201901436723,City,1,25.39,Y,,,,(UNK),283805,(N/A),(UNK),No Defects,1,1,Other Principal Arterial (PAS),3,5043,X001774583,Not Toll,73,13,4,Not Divided,1,2939979.44947176,1904173.95841602,41.870452016608795,-87.8044,,Urban,8,N,(N/A),Y,(N/A)
2019,2019-12-07,Saturday,16,04:40 PM,Property Damage,No Injuries,0,0,0,0,0,5,Sideswipe Same Direction,12,N,N,Failing to Yield Right of Way,Unable to Determine,Darkness,Clear,Dry,N,,,,,No Controls,No Controls,N,2,41.8800124,-87.7750046,ok,(UNK),1,1907162,2019,,2,18,50000 and OVER,9,4295,Oak Park,C,Urban Minor Arterial,0,16,7,10713557,12,Cook,0,19,,,6,N,No,Free Flow,201901436085,City,4,4.6,N,,,,(UNK),283820,(N/A),(UNK),No Defects,1,1,Minor Arterial,4,1419,X001774546,Not Toll,73,1,1,Not Divided,1,2947887.91989675,1907876.87321584,41.880004534744785,-87.775,,Urban,1,N,(N/A),Y,(N/A)
2019,2019-12-07,Saturday,17,05:50 PM,Property Damage,No Injuries,0,0,0,0,0,2,Sideswipe Same Direction,12,N,N,Improper Lane Usage,Distraction - From Outside Vehicle,Darkness / Lighted Road,Clear,Dry,Y,,,,,Traffic Signal,Functioning Properly,N,2,41.8886491,-87.802433,ok,(N/A),1,2019,,,20,40,50000 and OVER,9,4295,Oak Park,C,Urban Major Collector,8,16,7,10713558,12,Cook,C,19,0,,6,X001774552,Slow,(UNK),201901436086,Major,5,0,N,,,,(UNK),283846,(N/A),(UNK),No Defects,1,1,No Median Barrier,5,,1907163,Urban,73,3,4,Divided,2,2940331.32669988,1910817.17524574,41.88864126742118,-87.8024,,No,1,(N/A),N,Y,N
2019,2019-11-28,Thursday,01,01:35 AM,Property Damage,No Injuries,0,0,0,0,0,1,Parked Motor Vehicle,9,N,N,Unable to Determine,Unable to Determine,Darkness / Lighted Road,Cloudy/Overcast,Dry,N,,,,,No Controls,No Controls,Y,3,41.8915911,-87.8027144,ok,(N/A),1,2019,,,18,18,50000 and OVER,9,4295,Oak Park,C,Urban Local Road or Street,0,16,28,10713035,11,Cook,C,19,0,,4,X001774033,Free Flow,(UNK),201901435582,Local,5,0.18,N,,,,(UNK),283963,(N/A),(UNK),No Defects,1,1,No Median Barrier,7,2056,1906996,Urban,73,1,1,Divided,2,2940225.16177705,1911887.19196141,41.89158329206036,-87.8027,,Yes,8,(N/A),N,Y,N
2019,2019-12-08,Sunday,11,11:27 AM,Property Damage,No Injuries,0,0,0,0,0,1,Parked Motor Vehicle,9,N,N,Failing to Yield Right of Way,Failing to Yield Right of Way,Daylight,Cloudy/Overcast,Dry,N,,,,,No Controls,No Controls,N,2,41.8716276,-87.789561,ok,Partial Access Control,2,SH-19-00342934,2019,,2,2,50000 and OVER,9,4295,Oak Park,C,Urban Local Road or Street,0,16,8,10714350,12,Cook,0,19,,,7,N,No,Free Flow,201901436824,County,1,0.23,N,,,,(UNK),284450,(N/A),(UNK),No Defects,1,1,Local Road or Street,7,290,X001775276,Not Toll,73,1,1,Not Divided,1,2944008.30454595,1904711.10688008,41.871619748351876,-87.7896,,Urban,8,N,(N/A),Y,(N/A)
2019,2019-12-05,Thursday,07,07:12 AM,Property Damage,No Injuries,0,0,0,0,0,2,Front to Rear,11,N,N,Following Too Closely,Failing to Reduce Speed to Avoid Crash,Daylight,Clear,Dry,N,,,,,Other,Functioning Properly,N,2,41.8715747,-87.7798699,ok,Partial Access Control,3,03-19-18664,2019,,3,28,50000 and OVER,9,4295,Oak Park,C,Urban InterState (PAS),0,16,5,10716406,12,Cook,0,19,,,4,N,No,(UNK),201901438467,ISP,1,321.14,Y,,,,(UNK),284977,(N/A),(UNK),No Defects,1,1,InterState (PAS),1,5110,X001776863,Not Toll,73,13,4,Divided With Median Barrier,3,2946648.46301189,1904765.11228534,41.87156683512189,-87.7799,,Urban,1,N,(N/A),Y,(N/A)
2019,2019-12-04,Wednesday,09,09:11 AM,Injury,B Injury Crash,1,0,0,1,0,2,Front to Rear,11,N,N,Failing to Reduce Speed to Avoid Crash,Failing to Yield Right of Way,Daylight,Clear,Dry,N,,,,,Other,Functioning Properly,N,2,41.8718681,-87.7833507,ok,Partial Access Control,3,03-19-18606,2019,,28,2,50000 and OVER,9,4295,Oak Park,C,Urban InterState (PAS),0,16,4,10716408,12,Cook,2,19,,,3,N,No,(UNK),201901438469,ISP,1,320.96,Y,,,,(UNK),284978,(N/A),(UNK),No Defects,1,1,InterState (PAS),1,5110,X001776865,Not Toll,73,13,4,Divided With Median Barrier,3,2945697.40909091,1904845.68181818,41.87186025345721,-87.7833,,Urban,1,N,(N/A),Y,(N/A)
2019,2019-12-09,Monday,13,01:16 PM,Property Damage,No Injuries,0,0,0,0,0,1,Parked Motor Vehicle,9,N,N,Unable to Determine,Failing to Reduce Speed to Avoid Crash,Daylight,Clear,Wet,N,,,,,Traffic Signal,Functioning Properly,Y,2,41.8772652,-87.8021859,ok,(UNK),1,1907195,2019,,18,28,50000 and OVER,9,4295,Oak Park,C,Urban (UNK),8,16,9,10716546,12,Cook,0,19,,,1,N,No,Free Flow,201901438529,City,1,0,N,,,,(UNK),285638,(N/A),(UNK),No Defects,1,2,(UNK),0,,X001776879,No Toll,73,3,4,Not Divided,1,2940512.96861283,1906670.52307408,41.877257350904145,-87.8022,,Urban,1,N,(N/A),Y,(N/A)
2019,2019-12-04,Wednesday,17,05:30 PM,Property Damage,No Injuries,0,0,0,0,0,2,Front to Rear,11,N,N,Following Too Closely,Failing to Reduce Speed to Avoid Crash,Darkness / Lighted Road,Clear,Dry,N,,,,,Other Warning Sign,Functioning Properly,N,2,41.8716455,-87.780771,ok,Partial Access Control,3,03-19-18642,2019,,3,28,50000 and OVER,9,4295,Oak Park,C,Urban InterState (PAS),0,16,4,10717833,12,Cook,0,19,,,3,N,No,(UNK),201901438898,ISP,5,0.16,Y,,,,(UNK),285640,(N/A),(UNK),No Defects,1,1,InterState (PAS),1,290,X001777223,Not Toll,73,11,4,Divided With Median Barrier,3,2946402.30321727,1904784.09902469,41.87163767105268,-87.7808,,Urban,1,N,(N/A),Y,(N/A)
2019,2019-12-04,Wednesday,08,08:52 AM,Property Damage,No Injuries,0,0,0,0,0,2,Turning,10,N,N,Failing to Reduce Speed to Avoid Crash,Driving On Wrong Side/Wrong Way,Daylight,Clear,Dry,N,,,,,No Controls,No Controls,Y,2,41.8918808,-87.7753279,ok,(UNK),1,1907092,2019,,28,5,50000 and OVER,9,4295,Oak Park,C,Urban Local Road or Street,0,16,4,10714592,12,Cook,0,19,,,3,N,No,Free Flow,201901437026,City,1,0.04,N,,,,(UNK),285849,(N/A),(UNK),No Defects,1,1,Local Road or Street,7,3065,X001775422,Not Toll,73,1,1,Other,8,2947679.2876885,1912199.5019115,41.89187296378775,-87.7753,,Urban,1,N,(N/A),Y,(N/A)
2019,2019-12-05,Thursday,19,07:30 PM,Property Damage,No Injuries,0,0,0,0,0,2,Front to Rear,11,N,N,Following Too Closely,Failing to Reduce Speed to Avoid Crash,Darkness / Lighted Road,Unknown,Unknown,N,,,,,Other Warning Sign,Functioning Properly,N,2,41.8734596,-87.8040237,ok,Partial Access Control,3,03-19-18967,2019,,3,28,50000 and OVER,9,4295,Oak Park,C,Urban InterState (PAS),0,16,5,10717876,12,Cook,0,19,,,4,N,No,(UNK),201901438949,ISP,5,7.72,Y,,,,(UNK),285922,(N/A),(UNK),No Defects,1,9,InterState (PAS),1,290,X001777263,Not Toll,73,11,4,Divided With Median Barrier,3,2940050.64480826,1905269.91364399,41.87345177762179,-87.804,,Urban,9,N,(N/A),Y,(N/A)
2019,2019-12-04,Wednesday,08,08:05 AM,Property Damage,No Injuries,0,0,0,0,0,2,Sideswipe Opposite Direction,13,N,N,Driving On Wrong Side/Wrong Way,(N/A),Daylight,Clear,Dry,N,,,,,No Controls,No Controls,N,2,41.9016282,-87.7999366,ok,(N/A),1,2019,,,5,99,50000 and OVER,9,4295,Oak Park,C,Urban Major Collector,0,16,4,10719154,12,Cook,C,19,0,,3,X001778198,Free Flow,(UNK),201901439972,Major,1,1.28,N,,,,(UNK),286441,(N/A),(UNK),No Defects,1,1,No Median Barrier,5,1394,1907091,Urban,73,1,1,Divided,2,2940880.55503282,1915565.75228133,41.90162036134494,-87.7999,,No,1,(N/A),N,Y,N
2019,2019-12-10,Tuesday,17,05:33 PM,Property Damage,No Injuries,0,0,0,0,0,2,Turning,10,N,N,Failing to Yield Right of Way,(N/A),Darkness / Lighted Road,Clear,Dry,N,,,,,No Controls,No Controls,N,2,41.8813818,-87.7943292,ok,(N/A),1,2019,,,2,99,50000 and OVER,9,4295,Oak Park,C,Urban Major Collector,0,16,10,10718506,12,Cook,C,19,0,,2,X001777282,Free Flow,(UNK),201901439462,Major,5,6.04,N,,,,(UNK),286512,(N/A),(UNK),No Defects,1,1,No Median Barrier,5,2775,1907222,Urban,73,1,1,Divided,2,2942611.27734515,1908229.78163281,41.881373992946266,-87.7943,,No,1,(N/A),N,Y,N
2019,2019-12-03,Tuesday,15,03:33 PM,Property Damage,No Injuries,0,0,0,0,0,2,Turning,10,N,N,Failing to Yield Right of Way,(N/A),Daylight,Clear,Dry,Y,,,,,Stop Sign,Functioning Properly,N,2,41.8797178,-87.7954558,ok,(UNK),1,1907079,2019,,2,99,50000 and OVER,9,4295,Oak Park,C,Urban Minor Arterial,8,16,3,10718509,12,Cook,0,19,,,2,N,No,Slow,201901439463,City,1,0,N,,,,(UNK),286513,(N/A),(UNK),No Defects,1,1,Minor Arterial,4,,X001777299,Not Toll,,2,4,Not Divided,1,2942321.2181516,1907614.90849369,41.87971,-87.7955,,Urban,1,N,(N/A),Y,(N/A)
2019,2019-12-10,Tuesday,21,09:09 PM,Property Damage,No Injuries,0,0,0,0,0,1,Other Object,7,N,N,Under Influence of Alcohol/Drugs,Under Influence of Alcohol/Drugs,Darkness / Lighted Road,Clear,Dry,Y,,,,,Traffic Signal,Functioning Properly,N,1,41.8761173,-87.7941071,ok,(UNK),1,1907226,2019,,8,8,50000 and OVER,9,4295,Oak Park,C,Urban Major Collector,8,16,10,10718511,12,Cook,0,19,LIGHT POLE,,2,N,No,Slow,201901439464,City,5,0,N,,,,(UNK),286514,(N/A),(UNK),No Defects,1,1,Major Collector,5,,X001777328,Not Toll,73,3,4,Not Divided,1,2942724.81062412,1906312.96382308,41.87610946445519,-87.7941,,Urban,1,N,(N/A),Y,(N/A)
2019,2019-12-06,Friday,22,10:55 PM,Property Damage,No Injuries,0,0,0,0,0,3,Front to Rear,11,N,N,Following Too Closely,Failing to Reduce Speed to Avoid Crash,Darkness / Lighted Road,Clear,Dry,N,,,,,Delineators,Functioning Properly,N,2,41.8723225,-87.7886135,ok,Partial Access Control,3,03-19-18770,2019,,3,28,50000 and OVER,9,4295,Oak Park,C,Urban InterState (PAS),0,16,6,10720588,12,Cook,0,19,,,5,N,No,(UNK),201901440992,ISP,5,320.69,Y,,,,(UNK),286823,(N/A),(UNK),No Defects,1,1,InterState (PAS),1,5110,X001779102,Not Toll,73,14,4,Divided With Median Barrier,3,2944259.35072655,1904971.48678996,41.87231463156986,-87.7886,,Urban,1,N,(N/A),Y,(N/A)
2019,2019-12-12,Thursday,08,08:53 AM,Property Damage,No Injuries,0,0,0,0,0,4,Front to Rear,11,N,N,Failing to Reduce Speed to Avoid Crash,Following Too Closely,Daylight,Cloudy/Overcast,Dry,N,,,,,No Controls,No Controls,N,3,41.8763052,-87.7941141,ok,(UNK),1,1907254,2019,,28,3,50000 and OVER,9,4295,Oak Park,C,Urban Major Collector,0,16,12,10720857,12,Cook,0,19,,,4,N,No,Slow,201901441128,City,1,6.4,N,,,,(UNK),287757,(N/A),(UNK),No Defects,1,1,Major Collector,5,2775,X001779145,Not Toll,73,1,1,Not Divided,1,2942721.02164913,1906381.39794119,41.876297398363064,-87.7941,,Urban,8,N,(N/A),Y,(N/A)
2019,2019-12-12,Thursday,11,11:55 AM,Property Damage,No Injuries,0,0,0,0,0,4,Angle,15,N,N,Failing to Yield Right of Way,Disregarding Other Traffic Signs,Daylight,Cloudy/Overcast,Dry,Y,,,,,Other Regualtory Sig,Functioning Properly,N,2,41.8815773,-87.7926484,ok,(UNK),1,1907257,2019,,2,24,50000 and OVER,9,4295,Oak Park,C,Urban Major Collector,8,16,12,10720859,12,Cook,0,19,,,4,N,No,Free Flow,201901441131,City,1,0,N,,,,(UNK),287758,(N/A),(UNK),No Defects,1,1,Major Collector,5,,X001779147,Not Toll,73,10,4,Not Divided,1,2943067.02221108,1908313.66267564,41.881569419975676,-87.7926,,Urban,8,N,(N/A),Y,(N/A)
2019,2019-12-12,Thursday,15,03:23 PM,Property Damage,No Injuries,0,0,0,0,0,2,Sideswipe Same Direction,12,N,N,Failing to Yield Right of Way,Failing to Reduce Speed to Avoid Crash,Daylight,Clear,Dry,N,,,,,No Controls,No Controls,N,2,41.8778125,-87.7929535,ok,(UNK),1,1907265,2019,,2,28,50000 and OVER,9,4295,Oak Park,C,Urban Local Road or Street,0,16,12,10720860,12,Cook,0,19,,,4,N,No,Free Flow,201901441132,City,1,0.13,N,,,,(UNK),287759,(N/A),(UNK),No Defects,1,1,Local Road or Street,7,2673,X001779148,Not Toll,73,1,1,Not Divided,1,2943021.90879062,1906939.4185077,41.877804667431775,-87.7929,,Urban,1,N,(N/A),Y,(N/A)
2019,2019-12-11,Wednesday,11,11:40 AM,Injury,C Injury Crash,1,0,0,0,1,2,Front to Rear,11,N,N,Following Too Closely,Failing to Reduce Speed to Avoid Crash,Daylight,Clear,Dry,N,,,,,No Controls,No Controls,N,2,41.879696,-87.7988687,ok,(UNK),1,1907233,2019,,3,28,50000 and OVER,9,4295,Oak Park,C,Urban Minor Arterial,8,16,11,10720035,12,Cook,1,19,,,3,N,No,Free Flow,201901440450,City,1,0,N,,,,(UNK),287838,(N/A),(UNK),No Defects,1,1,Minor Arterial,4,,X001778502,Not Toll,73,1,1,Not Divided,1,2941391.95595274,1907581.26770774,41.87968814393492,-87.7989,,Urban,1,N,(N/A),Y,(N/A)
2019,2019-12-12,Thursday,16,04:09 PM,Property Damage,No Injuries,0,0,0,0,0,2,Front to Rear,11,N,N,Distraction - From Inside Vehicle,Failing to Reduce Speed to Avoid Crash,Dusk,Cloudy/Overcast,Dry,N,,,,,Traffic Signal,Functioning Properly,N,2,41.8773848,-87.8046416,ok,(N/A),1,2019,,,41,28,50000 and OVER,9,4295,Oak Park,C,Urban Other Principal Arte,0,16,12,10720442,12,Cook,C,19,0,,4,X001778961,Slow,(UNK),201901440848,Other,3,19.83,Y,,,,(UNK),287955,(N/A),(UNK),No Defects,1,1,No Median Barrier,3,348,19-04216,Urban,73,3,4,Divided,2,2939842.95596172,1906695.67989838,41.87737694492793,-87.8046,,No,8,(N/A),N,Y,N
2019,2019-12-15,Sunday,15,03:35 PM,Property Damage,No Injuries,0,0,0,0,0,4,Rear to Front,18,N,N,Improper Backing,Unable to Determine,Daylight,Clear,Dry,N,,,,,No Controls,No Controls,N,2,41.8759848,-87.8045958,ok,(N/A),1,2019,,,30,18,50000 and OVER,9,4295,Oak Park,C,Urban Major Collector,8,16,15,10723305,12,Cook,C,19,0,,7,X001781550,Slow,(UNK),201901443555,Major,1,0,Y,,,,(UNK),288796,(N/A),(UNK),No Defects,1,1,No Median Barrier,5,,19-04249,Urban,73,1,1,Divided,2,2939869.49456576,1906185.86027551,41.875977003722625,-87.8046,,No,1,(N/A),N,Y,N
2019,2019-12-15,Sunday,10,10:47 AM,Property Damage,No Injuries,0,0,0,0,0,2,Turning,10,N,N,Improper Turning/No Signal,(N/A),Daylight,Clear,Dry,Y,,,,,Traffic Signal,Functioning Properly,N,2,41.8736416,-87.8045258,ok,Partial Access Control,1,19-04244,2019,,6,99,50000 and OVER,9,4295,Oak Park,C,Urban InterState (PAS),6,16,15,10722899,12,Cook,0,19,,,7,N,No,Slow,201901443167,City,1,25.61,Y,,,,(UNK),289075,(N/A),(UNK),No Defects,1,1,InterState (PAS),1,5043,X001781161,Not Toll,73,3,4,Divided With Median Barrier,3,2939912.062394,1905332.46992192,41.873633772562904,-87.8045,,Urban,1,N,(N/A),Y,(N/A)
2019,2019-12-07,Saturday,04,04:12 AM,Property Damage,No Injuries,0,0,0,0,0,3,Other Object,7,N,N,Improper Lane Usage,Failing to Reduce Speed to Avoid Crash,Darkness / Lighted Road,Clear,Dry,N,,,,,No Controls,Functioning Properly,N,2,41.8722258,-87.7908108,ok,Partial Access Control,3,03-19-18779,2019,,20,28,50000 and OVER,9,4295,Oak Park,C,Urban InterState (PAS),0,16,7,10723449,12,Cook,0,19,,,6,N,No,(UNK),201901443699,ISP,5,8.36,Y,,,,(UNK),289684,(N/A),(UNK),No Defects,1,1,InterState (PAS),1,290,X001781693,Not Toll,,1,4,Not Divided,1,2943661.85602705,1904919.69125808,41.872218,-87.7908,,Urban,1,N,(N/A),Y,(N/A)
2019,2019-12-12,Thursday,19,07:16 PM,Property Damage,No Injuries,0,0,0,0,0,2,Parked Motor Vehicle,9,N,N,Improper Backing,(N/A),Darkness,Clear,Dry,N,,,,,No Controls,No Controls,N,2,41.894212,-87.7881178,ok,(UNK),1,1907271,2019,,30,99,50000 and OVER,9,4295,Oak Park,C,Urban Local Road or Street,0,16,12,10723933,12,Cook,0,19,,,4,N,No,Stopped,201901444163,City,4,0.02,N,,,,(UNK),290202,(N/A),(UNK),No Defects,1,1,Local Road or Street,7,2650,X001779582,Not Toll,73,1,1,Not Divided,1,2944173.16564426,1912952.16382255,41.894204107336215,-87.7881,,Urban,1,N,(N/A),Y,(N/A)
2019,2019-12-13,Friday,14,02:27 PM,Property Damage,No Injuries,0,0,0,0,0,1,Parked Motor Vehicle,9,N,N,Improper Lane Usage,Driving Skills/Knowledge/Experience,Daylight,Clear,Dry,N,,,,,No Controls,No Controls,N,2,41.8717975,-87.7913906,ok,Partial Access Control,1,1907288,2019,,20,15,50000 and OVER,9,4295,Oak Park,C,Urban Local Road or Street,0,16,13,10723939,12,Cook,0,19,,,5,N,No,Free Flow,201901444166,City,1,0.14,N,,,,(UNK),290203,(N/A),(UNK),No Defects,1,1,Local Road or Street,7,290,X001780159,Not Toll,73,1,1,Not Divided,1,2943508.25235388,1904759.20531615,41.87178961122526,-87.7914,,Urban,1,N,(N/A),Y,(N/A)
2019,2019-12-13,Friday,15,03:52 PM,Property Damage,No Injuries,0,0,0,0,0,3,Angle,15,N,N,Failing to Yield Right of Way,Failing to Reduce Speed to Avoid Crash,Daylight,Clear,Dry,Y,,,,,Stop Sign,Functioning Properly,N,2,41.8944579,-87.7912949,ok,(UNK),1,1907291,2019,,2,28,50000 and OVER,9,4295,Oak Park,C,Urban Minor Arterial,8,16,13,10723940,12,Cook,0,19,,,5,N,No,Free Flow,201901444168,City,1,0,N,,,,(UNK),290299,(N/A),(UNK),No Defects,1,1,Minor Arterial,4,,X001780160,Not Toll,73,2,4,Not Divided,1,2943305.6202932,1913017.8019075,41.894450022872704,-87.7913,,Urban,1,N,(N/A),Y,(N/A)
2019,2019-12-14,Saturday,21,09:57 PM,Property Damage,No Injuries,0,0,0,0,0,1,Other Object,7,N,N,Driving Skills/Knowledge/Experience,Operating Vehicle In Reckless Manner,Darkness / Lighted Road,Clear,Dry,N,,,,,No Controls,No Controls,Y,1,41.8800347,-87.7828381,ok,(UNK),1,1907325,2019,,15,50,50000 and OVER,9,4295,Oak Park,C,Urban Local Road or Street,0,16,14,10726270,12,Cook,0,19,STOP SIGN,TREE,6,N,Yes,Free Flow,201901445651,City,5,0.03,N,,,,(UNK),290383,(N/A),(UNK),No Defects,1,1,Local Road or Street,7,2635,X001783377,Not Toll,73,1,1,Not Divided,1,2945754.31242211,1907825.60540931,41.88002681284127,-87.7828,,Urban,1,N,(N/A),Y,(N/A)
2019,2019-12-15,Sunday,16,04:13 PM,Property Damage,No Injuries,0,0,0,0,0,2,Front to Rear,11,N,N,Failing to Reduce Speed to Avoid Crash,Unable to Determine,Darkness / Lighted Road,Clear,Dry,N,,,,,No Controls,No Controls,Y,2,41.8943405,-87.7989469,ok,(UNK),1,1907335,2019,,28,18,50000 and OVER,9,4295,Oak Park,C,Urban Minor Arterial,0,16,15,10726272,12,Cook,0,19,,,7,N,No,Free Flow,201901445653,City,5,2.88,N,,,,(UNK),290384,(N/A),(UNK),No Defects,1,1,Minor Arterial,4,1398,X001783381,Not Toll,73,1,1,Not Divided,1,2941223.326757,1912917.42445132,41.89433269061085,-87.7989,,Urban,1,N,(N/A),Y,(N/A)
2019,2019-12-13,Friday,19,07:19 PM,Injury,C Injury Crash,2,0,0,0,2,1,Front to Rear,11,N,N,Under Influence of Alcohol/Drugs,Failing to Reduce Speed to Avoid Crash,Darkness / Lighted Road,Clear,Dry,N,,,,,Traffic Signal,Functioning Properly,N,2,41.8720891,-87.8044574,ok,(UNK),1,1907301,2019,,8,28,50000 and OVER,9,4295,Oak Park,C,Urban Other Principal Arte,0,16,13,10726273,12,Cook,1,19,,,5,N,No,Free Flow,201901445654,City,5,20.2,Y,,,,(UNK),290385,(N/A),(UNK),No Defects,1,1,Other Principal Arterial (PAS),3,348,X001783383,Not Toll,73,3,4,Not Divided,1,2939946.25783254,1904767.23295346,41.87208129673781,-87.8045,,Urban,1,N,(N/A),Y,(N/A)
2019,2019-12-09,Monday,21,09:37 PM,Property Damage,No Injuries,0,0,0,0,0,3,Front to Rear,11,N,N,Failing to Reduce Speed to Avoid Crash,Unable to Determine,Darkness,Clear,Dry,Y,,,,,Traffic Signal,Functioning Properly,N,2,41.8800046,-87.784442,ok,(UNK),1,1907209,2019,,28,18,50000 and OVER,9,4295,Oak Park,C,Urban Major Collector,0,16,9,10726275,12,Cook,0,19,,,1,N,No,Stopped,201901445656,City,4,1.51,N,,,,(UNK),290386,(N/A),(UNK),No Defects,1,1,Major Collector,5,2783,X001783385,Not Toll,73,3,4,Not Divided,1,2945317.80803339,1907802.50835501,41.87999673265417,-87.7844,,Urban,1,N,(N/A),Y,(N/A)
2019,2019-12-15,Sunday,19,07:55 PM,Property Damage,No Injuries,0,0,0,0,0,2,Angle,15,N,N,Failing to Reduce Speed to Avoid Crash,Unable to Determine,Darkness / Lighted Road,Clear,Dry,Y,,,,,No Controls,No Controls,Y,2,41.8650465,-87.8028738,ok,(N/A),1,2019,,,28,18,50000 and OVER,9,4295,Oak Park,C,Urban Other Principal Arte,8,16,15,10726277,12,Cook,C,19,0,,7,X001783387,Free Flow,(UNK),201901445658,Other,5,0,Y,,,,(UNK),290435,(N/A),(UNK),No Defects,1,1,No Median Barrier,3,,1907343,Urban,73,1,1,Divided,2,2940448.2998189,1902212.64064289,41.865038624577,-87.8029,,No,1,(N/A),N,Y,N
2019,2019-12-16,Monday,15,03:42 PM,Injury,C Injury Crash,1,0,0,0,1,1,Sideswipe Same Direction,12,N,N,Driving Skills/Knowledge/Experience,Improper Overtaking/Passing,Dusk,Clear,Dry,N,,,,,Traffic Signal,Functioning Properly,N,2,41.8735689,-87.8045225,ok,(UNK),1,19-4256,2019,,15,4,50000 and OVER,9,4295,Oak Park,C,Urban Other Principal Arte,0,16,16,10725612,12,Cook,1,19,,,1,N,No,Free Flow,201901445012,City,3,20.1,Y,,,,(UNK),291419,(N/A),(UNK),No Defects,1,1,Other Principal Arterial (PAS),3,348,X001782861,Not Toll,73,3,4,Not Divided,1,2939913.68217968,1905306.00872503,41.873561093005286,-87.8045,,Urban,1,N,(N/A),Y,(N/A)
2019,2019-12-04,Wednesday,10,10:00 AM,Property Damage,No Injuries,0,0,0,0,0,1,Parked Motor Vehicle,9,N,N,Unable to Determine,Unable to Determine,Daylight,Clear,Dry,N,,,,,No Controls,No Controls,Y,2,41.9062179,-87.7793858,ok,(UNK),1,1907095,2019,,18,18,50000 and OVER,9,4295,Oak Park,C,Urban Local Road or Street,0,16,4,10728036,12,Cook,0,19,,,3,N,No,Free Flow,201901447510,City,1,0.2,N,,,,(UNK),292061,(N/A),(UNK),No Defects,1,1,Local Road or Street,7,2613,X001785030,Not Toll,,1,1,Not Divided,1,2946428.89638143,1917393.41675643,41.90621,-87.7794,,Urban,1,N,(N/A),Y,(N/A)
2019,2019-05-04,Saturday,09,09:55 AM,Fatal,Fatal Crash,1,1,1,0,0,4,Front to Front,14,N,N,Improper Lane Usage,Failing to Reduce Speed to Avoid Crash,Daylight,Clear,Dry,N,,,,,Lane Use Marking,Functioning Properly,N,4,41.8775346,-87.7941608,ok,(UNK),1,1902254,2019,1,20,28,50000 and OVER,9,4295,Oak Park,C,Urban Major Collector,0,16,4,10728906,5,Cook,4,19,,,6,N,(UNK),(UNK),201901448755,City,1,6.32,N,,,,2,292080,(N/A),Straight and Level,No Defects,1,1,Major Collector,5,2775,X001785302,Not Toll,73,12,4,Not Divided,1,2942695.89361611,1906829.04114668,41.87752674292714,-87.7942,,Urban,1,N,(N/A),Y,(N/A)
2019,2019-06-10,Monday,20,08:48 PM,Fatal,Fatal Crash,0,1,0,0,0,1,Pedestrian,1,Y,N,Failing to Yield Right of Way,Failing to Reduce Speed to Avoid Crash,Darkness / Lighted Road,Clear,Dry,N,,,,,No Controls,No Controls,N,1,41.8720916,-87.7842001,ok,(UNK),1,1903145,2019,3,2,28,50000 and OVER,9,4295,Oak Park,C,Urban Major Collector,0,16,10,10728912,6,Cook,4,19,,,1,N,(UNK),(UNK),201901448761,City,5,2.06,N,,,,2,292173,(N/A),Straight On Hillcrest,No Defects,1,1,Major Collector,5,2783,X001785308,Not Toll,73,1,1,Not Divided,1,2945463.78007609,1904920.70896901,41.87208377007392,-87.7842,,Urban,1,N,(N/A),Y,(N/A)