crash_year,crash_date,day_of_week,crash_hour,time_of_crash,crash_severity,crash_injury_severity,total_injured,total_fatals,a_injuries,b_injuries,c_injuries,no_injuries,type_of_first_crash,collision_type_code,pedestrian_involved,pedalcyclist_involved,cause1,cause2,lighting_cond,weather_cond,road_surface_cond,intersection_related,is_intersection,highway_or_street_name,at_intersection_with,address_no,traffic_control_device,traffic_control_device_cond,hit_and_run,number_of_vehicles,latitude,longitude,location_status,access_control,agency_code,agency_report_number,agency_report_year,alignment_code,cause1_code,cause2_code,city_class,city_class_code,city_code,city_name,city_township_flag,class_of_trafficway,class_of_trafficway_code,county_code,crash_day,crash_id,crash_month,crash_report_county,crash_severity_cd,crash_yr_source,damaged_property1,damaged_property2,day_of_week_code,did_crash_occur_in_work_zone,did_involve_secondary_crash,flow_condition,icn,investigating_agency_descrip,light_condition_code,mile_station,nhs,non_intersection_direction,non_intersection_distance,non_intersection_units,number_of_lanes,objectid,railroad_crossing_number,road_alignment,road_defects,road_defects_code,road_surface_condition_code,roadway_functional_class,roadway_functional_class_code,route_number,sfe,toll,township,traffic_control_device_code,traffic_control_device_cond_code,trafficway_descrip,trafficway_description_code,ts_crash_coordinate_x,ts_crash_coordinate_y,ts_crash_latitude,ts_crash_longitude,type_report,urban_rural,weather_code,were_workers_present,work_zone,work_zone_related,work_zone_type
2019,2019-12-17,Tuesday,07,07:51 AM,Injury,C Injury Crash,1,0,0,0,1,4,Turning,10,N,N,Failing to Yield Right of Way,Unable to Determine,Daylight,Clear,Dry,Y,,,,,No Controls,No Controls,N,2,41.9088532,-87.8042144,ok,(N/A),1,2019,,,2,18,50000 and OVER,9,4295,Oak Park,C,Urban Other Principal Arte,0,16,17,10727107,12,Cook,C,19,1,,2,X001784201,Free Flow,(UNK),201901446566,Other,1,129.25,Y,,,,(UNK),292181,(N/A),(UNK),No Defects,1,1,No Median Barrier,3,5064,1907364,Urban,73,1,1,Divided,2,2939643.38683567,1918166.55097624,41.90884532466038,-87.8042,,No,1,(N/A),N,Y,N
2019,2019-12-17,Tuesday,12,12:02 PM,Property Damage,No Injuries,0,0,0,0,0,1,Parked Motor Vehicle,9,N,N,Unable to Determine,Unable to Determine,Unknown,Clear,Dry,N,,,,,No Controls,No Controls,Y,2,41.8809538,-87.7910333,ok,(UNK),1,1907368,2019,,18,18,50000 and OVER,9,4295,Oak Park,C,Urban Local Road or Street,0,16,17,10727780,12,Cook,0,19,,,2,N,No,Free Flow,201901447220,City,9,0.38,N,,,,(UNK),293006,(N/A),(UNK),No Defects,1,1,Local Road or Street,7,2015,X001784748,Not Toll,73,1,1,Not Divided,1,2943513.16206979,1908098.64344485,41.88094596865851,-87.791,,Urban,1,N,(N/A),Y,(N/A)
2019,2019-12-10,Tuesday,14,02:59 PM,Injury,B Injury Crash,1,0,0,1,0,1,Angle,15,N,N,Failing to Yield Right of Way,(N/A),Daylight,Clear,Dry,Y,,,,,Stop Sign,Functioning Properly,N,2,41.876188,-87.7892186,ok,(N/A),1,2019,,,2,99,50000 and OVER,9,4295,Oak Park,C,Urban Minor Collector,8,16,10,10727799,12,Cook,C,19,2,,2,X001784747,Stopped,(UNK),201901447226,Minor,1,0,N,,,,(UNK),293007,(N/A),(UNK),No Defects,1,1,No Median Barrier,6,,1907219,Urban,73,2,4,Divided,2,2944055.51850987,1906375.58844517,41.8761801606765,-87.7892,,No,1,(N/A),N,Y,N
2019,2019-12-18,Wednesday,13,01:08 PM,Injury,C Injury Crash,1,0,0,0,1,1,Turning,10,N,N,Disregarding Traffic Signals,Physical Condition of Driver,Daylight,Clear,Dry,Y,,,,,Traffic Signal,Functioning Properly,N,2,41.8736416,-87.8045258,ok,Partial Access Control,1,19-4277,2019,,25,17,50000 and OVER,9,4295,Oak Park,C,Urban InterState (PAS),6,16,18,10729894,12,Cook,1,19,,,3,N,No,Free Flow,201901448841,City,1,25.61,Y,,,,(UNK),293450,(N/A),(UNK),No Defects,1,1,InterState (PAS),1,5043,X001786197,Not Toll,73,3,4,Other,8,2939912.062394,1905332.46992192,41.873633772562904,-87.8045,,Urban,1,N,(N/A),Y,(N/A)
2019,2019-12-13,Friday,07,07:27 AM,Property Damage,No Injuries,0,0,0,0,0,3,Turning,10,N,N,Improper Overtaking/Passing,(N/A),Daylight,Clear,Dry,Y,,,,,Traffic Signal,Functioning Properly,N,2,41.8796079,-87.8038424,ok,(N/A),1,2019,,,4,99,50000 and OVER,9,4295,Oak Park,C,Urban Minor Arterial,8,16,13,10730999,12,Cook,C,19,0,,5,X001786909,Free Flow,(UNK),201901449916,Minor,1,0,N,,,,(UNK),293546,(N/A),(UNK),No Defects,1,1,No Median Barrier,4,,1907278,Urban,73,3,4,Divided,2,2940038.31487817,1907511.81157164,41.87960004322624,-87.8038,,No,1,(N/A),N,Y,N
2019,2019-12-18,Wednesday,19,07:36 PM,Property Damage,No Injuries,0,0,0,0,0,2,Front to Rear,11,N,N,Following Too Closely,Failing to Reduce Speed to Avoid Crash,Darkness / Lighted Road,Clear,Dry,N,,,,,No Controls,No Controls,Y,2,41.8650352,-87.8037057,ok,(UNK),1,1907399,2019,,3,28,50000 and OVER,9,4295,Oak Park,C,Urban Other Principal Arte,0,16,18,10731009,12,Cook,0,19,,,3,N,No,Free Flow,201901449921,City,5,6.01,Y,,,,(UNK),293548,(N/A),(UNK),No Defects,1,1,Other Principal Arterial (PAS),3,347,X001786907,Not Toll,73,1,1,Divided With Median Barrier,3,2940221.81099414,1902202.2781036,41.865027316271444,-87.8037,,Urban,1,N,(N/A),Y,(N/A)
2019,2019-11-27,Wednesday,19,07:15 PM,Property Damage,No Injuries,0,0,0,0,0,2,Front to Rear,11,N,N,Following Too Closely,Failing to Reduce Speed to Avoid Crash,Darkness,Clear,Dry,N,,,,,No Controls,No Controls,N,2,41.890131,-87.8050965,ok,(N/A),1,2019,,,3,28,50000 and OVER,9,4295,Oak Park,C,Urban Other Principal Arte,0,16,27,10731010,11,Cook,C,19,0,,3,X001786908,Free Flow,(UNK),201901449922,Other,4,18.95,Y,,,,(UNK),293556,(N/A),(UNK),No Defects,1,1,No Median Barrier,3,348,1906991,Urban,73,1,1,Divided,2,2939591.18210224,1911337.22243849,41.890123161152616,-87.8051,,No,1,(N/A),N,Y,N
2019,2019-12-19,Thursday,12,12:43 PM,Injury,C Injury Crash,1,0,0,0,1,1,Angle,15,N,N,Failing to Yield Right of Way,Failing to Reduce Speed to Avoid Crash,Daylight,Clear,Dry,Y,,,,,No Controls,No Controls,N,2,41.8946574,-87.7799864,ok,(UNK),1,1907414,2019,,2,28,50000 and OVER,9,4295,Oak Park,C,Urban Minor Arterial,8,16,19,10731014,12,Cook,1,19,,,4,N,No,Free Flow,201901449927,City,1,0,N,,,,(UNK),293557,(N/A),(UNK),No Defects,1,1,Minor Arterial,4,,X001786911,Not Toll,73,1,1,Not Divided,1,2946382.65026791,1913176.01463678,41.894649571473785,-87.78,,Urban,1,N,(N/A),Y,(N/A)
2019,2019-12-17,Tuesday,17,05:05 PM,Property Damage,No Injuries,0,0,0,0,0,3,Angle,15,N,N,Failing to Yield Right of Way,Disregarding Stop Sign,Darkness / Lighted Road,Cloudy/Overcast,Dry,Y,,,,,Stop Sign,Functioning Properly,N,2,41.8715886,-87.7890758,ok,(UNK),1,1907377,2019,,2,23,50000 and OVER,9,4295,Oak Park,C,Urban Minor Collector,8,16,17,10729715,12,Cook,0,19,,,2,N,No,Free Flow,201901448656,City,5,0,N,,,,(UNK),294330,(N/A),(UNK),No Defects,1,1,Minor Collector,6,,X001785821,Not Toll,73,2,4,Four Way,14,2944140.85875903,1904700.57386996,41.87158079501542,-87.7891,,Urban,8,N,(N/A),Y,(N/A)
2019,2019-12-17,Tuesday,17,05:33 PM,Injury,B Injury Crash,1,0,0,1,0,3,Front to Rear,11,N,N,Following Too Closely,(N/A),Darkness,Clear,Dry,N,,,,,Traffic Signal,Functioning Properly,N,3,41.8712363,-87.784177,ok,(N/A),1,2019,,,3,99,50000 and OVER,9,4295,Oak Park,C,Urban Major Collector,0,16,17,10729716,12,Cook,C,19,2,,2,X001785822,Stopped,(UNK),201901448657,Major,4,2.11,N,,,,(UNK),294331,(N/A),(UNK),No Defects,1,1,No Median Barrier,5,2783,1907378,Urban,73,3,4,Divided,2,2945478.72244258,1904609.20627222,41.87122849637082,-87.7842,,Yes,1,(N/A),N,Y,N
2019,2019-12-18,Wednesday,09,09:49 AM,Property Damage,No Injuries,0,0,0,0,0,2,Angle,15,N,N,Disregarding Traffic Signals,Failing to Reduce Speed to Avoid Crash,Daylight,Clear,Dry,Y,,,,,No Controls,Functioning Properly,N,2,41.8719977,-87.7939837,ok,(UNK),1,1907382,2019,,25,28,50000 and OVER,9,4295,Oak Park,C,Urban Major Collector,8,16,18,10729718,12,Cook,0,19,,,3,N,No,Free Flow,201901448659,City,1,0,N,,,,(UNK),294332,(N/A),(UNK),No Defects,1,1,Major Collector,5,,X001785824,Not Toll,73,1,4,Not Divided,1,2942799.94041047,1904812.62536924,41.87198983288449,-87.794,,Urban,1,N,(N/A),Y,(N/A)
2019,2019-12-18,Wednesday,14,02:00 PM,Property Damage,No Injuries,0,0,0,0,0,2,Angle,15,N,N,Failing to Yield Right of Way,Failing to Reduce Speed to Avoid Crash,Daylight,Clear,Dry,Y,,,,,Stop Sign,Functioning Properly,N,2,41.8981815,-87.7882582,ok,(UNK),1,1907390,2019,,2,28,50000 and OVER,9,4295,Oak Park,C,Urban Local Road or Street,8,16,18,10729719,12,Cook,0,19,,,3,N,No,Slow,201901448660,City,1,0,N,,,,(UNK),294333,(N/A),(UNK),No Defects,1,1,Local Road or Street,7,,X001785825,Not Toll,73,2,4,Four Way,14,2944094.81077374,1914397.68554142,41.89817366081212,-87.7883,,Urban,1,N,(N/A),Y,(N/A)
2019,2019-12-18,Wednesday,12,12:12 PM,Property Damage,No Injuries,0,0,0,0,0,2,Angle,15,N,N,Failing to Yield Right of Way,Unable to Determine,Daylight,Clear,Dry,Y,,,,,Stop Sign,Functioning Properly,N,2,41.8999203,-87.783802,ok,(UNK),1,1907386,2019,,2,18,50000 and OVER,9,4295,Oak Park,C,Urban Local Road or Street,8,16,18,10729720,12,Cook,0,19,,,3,N,No,Free Flow,201901448661,City,1,0,N,,,,(UNK),294334,(N/A),(UNK),No Defects,1,1,Local Road or Street,7,,X001785826,Not Toll,73,2,4,Not Divided,1,2945290.465023,1915065.03149351,41.89991248430236,-87.7838,,Urban,1,N,(N/A),Y,(N/A)
2019,2019-12-21,Saturday,03,03:35 AM,Fatal,Fatal Crash,2,1,0,2,0,0,Front to Rear,11,N,N,Physical Condition of Driver,Physical Condition of Driver,Darkness / Lighted Road,Clear,Dry,N,,,,,No Controls,No Controls,N,2,41.9091605,-87.7837262,ok,(UNK),1,JC554800,2019,,17,17,50000 and OVER,9,4295,Oak Park,C,Urban Other Principal Arte,0,16,21,10732282,12,Cook,4,19,,,6,N,No,(UNK),201901465223,City,5,7.05,Y,,,,(UNK),295274,(N/A),(UNK),No Defects,1,1,Other Principal Arterial (PAS),3,307,X001788235,Not Toll,73,1,1,Not Divided,1,2945217.50663208,1918432.90120368,41.90915263851862,-87.7837,,Urban,1,N,(N/A),Y,(N/A)
2019,2019-12-21,Saturday,18,06:28 PM,Property Damage,No Injuries,0,0,0,0,0,3,Front to Rear,11,N,N,Following Too Closely,Failing to Reduce Speed to Avoid Crash,Darkness,Clear,Dry,Y,,,,,No Controls,No Controls,N,3,41.8798358,-87.7872167,ok,(UNK),1,1907469,2019,,3,28,50000 and OVER,9,4295,Oak Park,C,Urban Minor Arterial,0,16,21,10739442,12,Cook,0,19,,,6,N,Yes,Stopped,201901459944,City,4,3.97,N,,,,(UNK),298541,(N/A),(UNK),No Defects,1,1,Minor Arterial,4,1419,X001790862,Not Toll,73,1,1,Not Divided,1,2944563.87939227,1907720.0213276,41.879827933463446,-87.7872,,Urban,1,N,(N/A),Y,(N/A)
2019,2019-12-21,Saturday,13,01:50 PM,Property Damage,No Injuries,0,0,0,0,0,2,Parked Motor Vehicle,9,N,N,Improper Lane Usage,Failing to Reduce Speed to Avoid Crash,Daylight,Clear,Dry,N,,,,,No Controls,No Controls,N,2,41.870184,-87.7978424,ok,(UNK),1,1907461,2019,,20,28,50000 and OVER,9,4295,Oak Park,C,Urban Local Road or Street,0,16,21,10739444,12,Cook,0,19,,,6,N,No,Free Flow,201901459946,City,1,0.13,N,,,,(UNK),298542,(N/A),(UNK),No Defects,1,1,Local Road or Street,7,2693,X001790864,Not Toll,73,1,1,Not Divided,1,2941767.17994202,1904122.65226853,41.87017617424094,-87.7978,,Urban,1,N,(N/A),Y,(N/A)
2019,2019-12-20,Friday,22,10:40 PM,Property Damage,No Injuries,0,0,0,0,0,1,Fixed Object,6,N,N,Improper Turning/No Signal,Improper Lane Usage,Darkness,Clear,Dry,N,,,,,No Controls,No Controls,Y,1,41.8868804,-87.7944558,ok,(N/A),1,2019,,,6,20,50000 and OVER,9,4295,Oak Park,C,Urban Major Collector,8,16,20,10739449,12,Cook,C,19,0,TRAFFIC CONTROL BOX,5,X001790869,(UNK),(UNK),201901459951,Major,4,0,N,,,,(UNK),298545,(N/A),(UNK),No Defects,1,1,No Median Barrier,5,,1907454,Urban,73,1,1,Divided,2,2942521.36904187,1910232.59177722,41.8868725166942,-87.7945,,No,1,(N/A),N,Y,N
2019,2019-12-23,Monday,08,08:31 AM,Injury,B Injury Crash,1,0,0,1,0,2,Angle,15,N,N,Disregarding Traffic Signals,(N/A),Daylight,Clear,Dry,Y,,,,,Traffic Signal,Functioning Properly,N,2,41.8978908,-87.805385,ok,(N/A),1,2019,,,25,99,50000 and OVER,9,4295,Oak Park,C,Urban Other Principal Arte,0,16,23,10739453,12,Cook,C,19,2,,1,X001790873,Slow,(UNK),201901459956,Other,1,27.29,Y,,,,(UNK),298580,(N/A),(UNK),No Defects,1,1,No Median Barrier,3,5043,1907494,Urban,73,3,4,Divided,2,2939434.7582305,1914162.88926893,41.89788299774709,-87.8054,,No,1,(N/A),N,Y,N
2019,2019-12-23,Monday,09,09:38 AM,Property Damage,No Injuries,0,0,0,0,0,3,Angle,15,N,N,Disregarding Traffic Signals,Disregarding Traffic Signals,Daylight,Clear,Dry,Y,,,,,Traffic Signal,Functioning Properly,N,3,41.8832478,-87.8048558,ok,(N/A),1,2019,,,25,25,50000 and OVER,9,4295,Oak Park,C,Urban Other Principal Arte,0,16,23,10739454,12,Cook,C,19,0,,1,X001790874,Free Flow,(UNK),201901459957,Other,1,26.27,Y,,,,(UNK),298581,(N/A),(UNK),No Defects,1,1,No Median Barrier,3,5043,1907495,Urban,73,3,4,Divided,2,2939725.79669042,1908830.67683626,41.88323999985362,-87.8049,,Yes,1,(N/A),N,Y,N
2019,2019-12-23,Monday,18,06:24 PM,Property Damage,No Injuries,0,0,0,0,0,2,Angle,15,N,N,Failing to Yield Right of Way,Distraction - From Inside Vehicle,Darkness / Lighted Road,Clear,Dry,Y,,,,,Stop Sign,Functioning Properly,N,2,41.9017877,-87.7899945,ok,(UNK),1,1907512,2019,,2,41,50000 and OVER,9,4295,Oak Park,C,Urban Major Collector,8,16,23,10739459,12,Cook,0,19,,,1,N,No,Free Flow,201901459961,City,5,0,N,,,,(UNK),298585,(N/A),(UNK),No Defects,1,1,Major Collector,5,,X001791741,Not Toll,73,2,4,Four Way,14,2943585.66750382,1915698.75515133,41.90177988055662,-87.79,,Urban,1,N,(N/A),Y,(N/A)
2019,2019-12-23,Monday,14,02:40 PM,Injury,C Injury Crash,1,0,0,0,1,1,Turning,10,N,N,Failing to Yield Right of Way,Improper Turning/No Signal,Daylight,Clear,Dry,Y,,,,,Traffic Signal,Functioning Properly,N,2,41.8814578,-87.8023163,ok,(UNK),1,1907502,2019,,2,6,50000 and OVER,9,4295,Oak Park,C,Urban Major Collector,0,16,23,10739460,12,Cook,1,19,,,1,N,No,Free Flow,201901459963,City,1,0.12,N,,,,(UNK),298640,(N/A),(UNK),No Defects,1,1,Major Collector,5,5,X001791743,Not Toll,73,3,4,Not Divided,1,2940435.35891419,1908197.4164347,41.881449985432624,-87.8023,,Urban,1,N,(N/A),Y,(N/A)
2019,2019-12-23,Monday,17,05:00 PM,Property Damage,No Injuries,0,0,0,0,0,3,Front to Rear,11,N,N,Following Too Closely,Failing to Reduce Speed to Avoid Crash,Darkness / Lighted Road,Clear,Dry,N,,,,,Traffic Signal,Functioning Properly,N,3,41.8797106,-87.7981714,ok,(UNK),1,1907507,2019,,3,28,50000 and OVER,9,4295,Oak Park,C,Urban Minor Arterial,0,16,23,10739461,12,Cook,0,19,,,1,N,Yes,Slow,201901459964,City,5,3.4,N,,,,(UNK),298641,(N/A),(UNK),No Defects,1,1,Minor Arterial,4,1419,X001791745,Not Toll,73,3,4,Not Divided,1,2941581.72110676,1907591.82251902,41.879702719942834,-87.7982,,Urban,1,N,(N/A),Y,(N/A)
2019,2019-12-13,Friday,14,02:10 PM,Property Damage,No Injuries,0,0,0,0,0,2,Sideswipe Same Direction,12,N,N,Improper Overtaking/Passing,Failing to Yield Right of Way,Daylight,Clear,Dry,N,,,,,No Controls,No Controls,Y,3,41.8685893,-87.7791235,ok,(UNK),1,1907287,2019,,4,2,50000 and OVER,9,4295,Oak Park,C,Urban Minor Collector,0,16,13,10739469,12,Cook,0,19,,,5,N,Yes,Free Flow,201901459969,City,1,1.33,N,,,,(UNK),298643,(N/A),(UNK),No Defects,1,1,Minor Collector,6,3794,X001789992,Not Toll,73,1,1,Not Divided,1,2946882.0356863,1903682.84385526,41.86858145975981,-87.7791,,Urban,1,N,(N/A),Y,(N/A)
2019,2019-12-17,Tuesday,07,07:31 AM,Injury,C Injury Crash,2,0,0,0,2,1,Front to Rear,11,N,N,Failing to Reduce Speed to Avoid Crash,Unable to Determine,Daylight,Clear,Dry,N,,,,,Traffic Signal,Functioning Properly,N,2,41.8762766,-87.7842444,ok,(UNK),1,1907362,2019,,28,18,50000 and OVER,9,4295,Oak Park,C,Urban Local Road or Street,0,16,17,10739473,12,Cook,1,19,,,2,N,No,Stopped,201901459973,City,1,0.56,N,,,,(UNK),298644,(N/A),(UNK),No Defects,1,1,Local Road or Street,7,4025,X001790003,Not Toll,73,3,4,Not Divided,1,2945409.37797835,1906445.47238815,41.876268790266735,-87.7842,,Urban,1,N,(N/A),Y,(N/A)
2019,2019-12-20,Friday,17,05:25 PM,Injury,B Injury Crash,1,0,0,1,0,1,Front to Rear,11,N,N,Failing to Reduce Speed to Avoid Crash,(N/A),Darkness,Clear,Dry,Y,,,,,No Controls,No Controls,N,2,41.8944578,-87.7912963,ok,(N/A),1,2019,,,28,99,50000 and OVER,9,4295,Oak Park,C,Urban Minor Arterial,8,16,20,10739479,12,Cook,C,19,2,,5,X001790359,Stopped,(UNK),201901459977,Minor,4,0,N,,,,(UNK),298646,(N/A),(UNK),No Defects,1,1,No Median Barrier,4,,1907446,Urban,73,1,1,Divided,2,2943305.23721531,1913017.78152074,41.89444999606846,-87.7913,,No,1,(N/A),N,Y,N
2019,2019-12-26,Thursday,08,08:05 AM,Fatal,Fatal Crash,0,1,0,0,0,1,Pedestrian,1,Y,N,Failing to Reduce Speed to Avoid Crash,Failing to Yield Right of Way,Daylight,Clear,Wet,Y,,,,,No Controls,No Controls,N,1,41.8851628,-87.7878251,ok,(UNK),1,1907560,2019,,28,2,50000 and OVER,9,4295,Oak Park,C,Urban Local Road or Street,8,16,26,10739041,12,Cook,4,19,,,4,N,No,Free Flow,201901467977,City,1,0,N,,,,(UNK),298693,(N/A),(UNK),No Defects,1,2,Local Road or Street,7,,X001793580,Not Toll,73,1,1,Not Divided,1,2944344.33124292,1909656.68856897,41.8851549478795,-87.7878,,Urban,1,N,(N/A),Y,(N/A)
2019,2019-12-19,Thursday,18,06:05 PM,Injury,B Injury Crash,1,0,0,1,0,1,Pedestrian,1,Y,N,Failing to Yield Right of Way,Failing to Reduce Speed to Avoid Crash,Darkness / Lighted Road,Clear,Dry,Y,,,,,Stop Sign,Functioning Properly,N,1,41.9037944,-87.7841757,ok,(UNK),1,1907421,2019,,2,28,50000 and OVER,9,4295,Oak Park,C,Urban Major Collector,8,16,19,10739482,12,Cook,2,19,,,4,N,No,Free Flow,201901459981,City,5,0,N,,,,(UNK),298707,(N/A),(UNK),No Defects,1,1,Major Collector,5,,X001787972,Not Toll,73,2,4,Not Divided,1,2945149.49691202,1916474.00560631,41.9037865914448,-87.7842,,Urban,1,N,(N/A),Y,(N/A)
2019,2019-12-19,Thursday,18,06:32 PM,Property Damage,No Injuries,0,0,0,0,0,5,Front to Rear,11,N,N,Following Too Closely,(N/A),Darkness / Lighted Road,Clear,Dry,N,,,,,No Controls,No Controls,N,3,41.8798476,-87.7942797,ok,(N/A),1,2019,,,3,99,50000 and OVER,9,4295,Oak Park,C,Urban Major Collector,0,16,19,10739483,12,Cook,C,19,0,,4,X001787973,Stopped,(UNK),201901459982,Major,5,6.16,N,,,,(UNK),298708,(N/A),(UNK),No Defects,1,1,No Median Barrier,5,2775,1907423,Urban,73,1,1,Divided,2,2942640.21454996,1907671.03325712,41.879839709617336,-87.7943,,No,1,(N/A),N,Y,N
2019,2019-12-19,Thursday,14,02:01 PM,Property Damage,No Injuries,0,0,0,0,0,1,Parked Motor Vehicle,9,N,N,(N/A),(N/A),Daylight,Clear,Dry,N,,,,,No Controls,No Controls,N,2,41.8757459,-87.7879834,ok,(UNK),1,1907416,2019,,99,99,50000 and OVER,9,4295,Oak Park,C,Urban Local Road or Street,0,16,19,10739484,12,Cook,0,19,,,4,N,No,Free Flow,201901459983,City,1,0.28,N,,,,(UNK),298709,(N/A),(UNK),No Defects,1,1,Local Road or Street,7,2650,X001787974,Not Toll,73,1,1,Not Divided,1,2944396.39598119,1906223.80026131,41.87573804776552,-87.788,,Urban,1,N,(N/A),Y,(N/A)
2019,2019-12-23,Monday,17,05:40 PM,Property Damage,No Injuries,0,0,0,0,0,2,Turning,10,N,N,Improper Turning/No Signal,Failing to Reduce Speed to Avoid Crash,Darkness / Lighted Road,Clear,Dry,Y,,,,,Traffic Signal,Functioning Properly,N,2,41.886882,-87.7944558,ok,(N/A),1,2019,,,6,28,50000 and OVER,9,4295,Oak Park,C,Urban Major Collector,8,16,23,10739513,12,Cook,C,19,0,,1,X001791746,Slow,(UNK),201901459994,Major,5,0,N,,,,(UNK),298711,(N/A),(UNK),No Defects,1,1,No Median Barrier,5,,1907509,Urban,73,3,4,Divided,2,2942521.35213923,1910233.20305087,41.88687419408766,-87.7945,,No,1,(N/A),N,Y,N
2019,2019-12-22,Sunday,13,01:24 PM,Property Damage,No Injuries,0,0,0,0,0,4,Front to Rear,11,N,N,Failing to Reduce Speed to Avoid Crash,(N/A),Daylight,Clear,Dry,N,,,,,No Controls,No Controls,N,3,41.8800436,-87.7812659,ok,(UNK),1,1907482,2019,,28,99,50000 and OVER,9,4295,Oak Park,C,Urban Minor Arterial,8,16,22,10739528,12,Cook,0,19,,,7,N,Yes,Stopped,201901460111,City,1,0,N,,,,(UNK),298911,(N/A),(UNK),No Defects,1,1,Minor Arterial,4,,X001793007,Not Toll,73,1,1,Not Divided,1,2946182.41434771,1907840.77507408,41.880035774572825,-87.7813,,Urban,1,N,(N/A),Y,(N/A)
2019,2019-12-19,Thursday,12,12:04 PM,Property Damage,No Injuries,0,0,0,0,0,2,Rear to Front,18,N,N,Improper Backing,(N/A),Daylight,Clear,Dry,N,,,,,No Controls,No Controls,Y,2,41.9087535,-87.8057811,ok,(N/A),1,2019,,,30,99,50000 and OVER,9,4295,Oak Park,C,Urban Other Principal Arte,6,16,19,10739534,12,Cook,C,19,0,,4,X001793063,Slow,(UNK),201901460116,Other,1,28.04,Y,,,,(UNK),298912,(N/A),(UNK),No Defects,1,1,No Median Barrier,3,5043,1907413,Urban,73,1,1,Divided,2,2939217.91095426,1918118.48138279,41.908745656278775,-87.8058,,No,1,(N/A),N,Y,N
2019,2019-12-24,Tuesday,16,04:18 PM,Property Damage,No Injuries,0,0,0,0,0,4,Front to Rear,11,N,N,Following Too Closely,(N/A),Daylight,Clear,Dry,Y,,,,,Traffic Signal,Functioning Properly,Y,2,41.8761173,-87.7941073,ok,(N/A),1,2019,,,3,99,50000 and OVER,9,4295,Oak Park,C,Urban Major Collector,8,16,24,10739539,12,Cook,C,19,0,,2,X001793835,Stopped,(UNK),201901460121,Major,1,0,N,,,,(UNK),298913,(N/A),(UNK),No Defects,1,1,No Median Barrier,5,,1907531,Urban,73,3,4,Divided,2,2942724.76815863,1906312.96179319,41.87610946210967,-87.7941,,No,1,(N/A),N,Y,N
2019,2019-12-25,Wednesday,11,11:27 AM,Property Damage,No Injuries,0,0,0,0,0,1,Parked Motor Vehicle,9,N,N,Following Too Closely,Unable to Determine,Daylight,Clear,Dry,N,,,,,No Controls,No Controls,N,2,41.9066406,-87.7872547,ok,(UNK),1,1907545,2019,,3,18,50000 and OVER,9,4295,Oak Park,C,Urban Local Road or Street,0,16,25,10739546,12,Cook,0,19,,,3,N,No,Free Flow,201901460128,City,1,0.16,N,,,,(UNK),298915,(N/A),(UNK),No Defects,1,1,Local Road or Street,7,2643,X001793874,Not Toll,73,1,1,Not Divided,1,2944282.48169493,1917487.93104459,41.90663276811147,-87.7872,,Urban,1,N,(N/A),Y,(N/A)
2019,2019-12-29,Sunday,09,09:29 AM,Property Damage,No Injuries,0,0,0,0,0,2,Front to Rear,11,N,N,Failing to Reduce Speed to Avoid Crash,Unable to Determine,Daylight,Rain,Wet,N,,,,,Traffic Signal,Functioning Properly,N,2,41.8732675,-87.804509,ok,(UNK),1,19-04418,2019,,28,18,50000 and OVER,9,4295,Oak Park,C,Urban Other Principal Arte,0,16,29,10740108,12,Cook,0,19,,,7,N,No,Free Flow,201901460671,City,1,20.12,Y,,,,(UNK),299316,(N/A),(UNK),No Defects,1,2,Other Principal Arterial (PAS),3,348,X001794851,Not Toll,73,3,4,Divided With Median Barrier,3,2939920.40077,1905196.2530563,41.873259632954515,-87.8045,,Urban,2,N,(N/A),Y,(N/A)
2019,2019-12-29,Sunday,21,09:50 PM,Property Damage,No Injuries,0,0,0,0,0,2,Front to Rear,11,N,N,Following Too Closely,(N/A),Darkness / Lighted Road,Rain,Wet,Y,,,,,Traffic Signal,Functioning Properly,N,2,41.8736816,-87.8045269,ok,Partial Access Control,1,19-04427,2019,,3,99,50000 and OVER,9,4295,Oak Park,C,Urban InterState (PAS),6,16,29,10740605,12,Cook,0,19,,,7,N,No,Free Flow,201901461216,City,5,25.61,Y,,,,(UNK),299611,(N/A),(UNK),No Defects,1,2,InterState (PAS),1,5043,X001795330,Not Toll,73,3,4,Divided With Median Barrier,3,2939911.37581329,1905347.02638118,41.87367373857481,-87.8045,,Urban,2,N,(N/A),Y,(N/A)
2019,2019-12-25,Wednesday,18,06:59 PM,Property Damage,No Injuries,0,0,0,0,0,1,Parked Motor Vehicle,9,N,N,Failing to Reduce Speed to Avoid Crash,(N/A),Darkness,Clear,Dry,N,,,,,No Controls,No Controls,N,2,41.8706162,-87.7841498,ok,(N/A),1,2019,,,28,99,50000 and OVER,9,4295,Oak Park,C,Urban Major Collector,0,16,25,10741777,12,Cook,C,19,0,,3,X001796047,Stopped,(UNK),201901462079,Major,4,2.16,N,,,,(UNK),300103,(N/A),(UNK),No Defects,1,1,No Median Barrier,5,2783,1907552,Urban,73,1,1,Divided,2,2945492.4077234,1904383.42072122,41.8706083534999,-87.7841,,No,1,(N/A),N,Y,N
2019,2019-12-25,Wednesday,19,07:45 PM,Property Damage,No Injuries,0,0,0,0,0,1,Parked Motor Vehicle,9,N,N,Improper Backing,(N/A),Darkness / Lighted Road,Cloudy/Overcast,Dry,N,,,,,No Controls,No Controls,N,2,41.8960237,-87.7977266,ok,(UNK),1,1907553,2019,,30,99,50000 and OVER,9,4295,Oak Park,C,Urban Local Road or Street,0,16,25,10741779,12,Cook,0,19,,,3,N,No,Free Flow,201901462081,City,5,0.89,N,,,,(UNK),300153,(N/A),(UNK),No Defects,1,1,Local Road or Street,7,2690,X001796052,Not Toll,73,1,1,Not Divided,1,2941538.65904399,1913539.96765725,41.896015825674155,-87.7977,,Urban,8,N,(N/A),Y,(N/A)