crash_year,crash_date,day_of_week,crash_hour,time_of_crash,crash_severity,crash_injury_severity,total_injured,total_fatals,a_injuries,b_injuries,c_injuries,no_injuries,type_of_first_crash,collision_type_code,pedestrian_involved,pedalcyclist_involved,cause1,cause2,lighting_cond,weather_cond,road_surface_cond,intersection_related,is_intersection,highway_or_street_name,at_intersection_with,address_no,traffic_control_device,traffic_control_device_cond,hit_and_run,number_of_vehicles,latitude,longitude,location_status,access_control,agency_code,agency_report_number,agency_report_year,alignment_code,cause1_code,cause2_code,city_class,city_class_code,city_code,city_name,city_township_flag,class_of_trafficway,class_of_trafficway_code,county_code,crash_day,crash_id,crash_month,crash_report_county,crash_severity_cd,crash_yr_source,damaged_property1,damaged_property2,day_of_week_code,did_crash_occur_in_work_zone,did_involve_secondary_crash,flow_condition,icn,investigating_agency_descrip,light_condition_code,mile_station,nhs,non_intersection_direction,non_intersection_distance,non_intersection_units,number_of_lanes,objectid,railroad_crossing_number,road_alignment,road_defects,road_defects_code,road_surface_condition_code,roadway_functional_class,roadway_functional_class_code,route_number,sfe,toll,township,traffic_control_device_code,traffic_control_device_cond_code,trafficway_descrip,trafficway_description_code,ts_crash_coordinate_x,ts_crash_coordinate_y,ts_crash_latitude,ts_crash_longitude,type_report,urban_rural,weather_code,were_workers_present,work_zone,work_zone_related,work_zone_type
2019,2019-12-27,Friday,20,08:52 PM,Property Damage,No Injuries,0,0,0,0,0,1,Parked Motor Vehicle,9,N,N,Under Influence of Alcohol/Drugs,(N/A),Darkness / Lighted Road,Clear,Dry,N,,,,,No Controls,No Controls,N,2,41.8820753,-87.7774548,ok,(UNK),1,1907598,2019,,8,99,50000 and OVER,9,4295,Oak Park,C,Urban Major Collector,0,16,27,10742518,12,Cook,0,19,,,5,N,No,Free Flow,201901462302,City,5,1.41,N,,,,(UNK),300623,(N/A),(UNK),No Defects,1,1,Major Collector,5,5,X001796266,Not Toll,73,1,1,Not Divided,1,2947199.70395417,1908610.05302144,41.88206747823127,-87.7774,,Urban,1,N,(N/A),Y,(N/A)
2019,2019-12-28,Saturday,11,11:03 AM,Property Damage,No Injuries,0,0,0,0,0,1,Parked Motor Vehicle,9,N,N,Unable to Determine,Unable to Determine,Unknown,Unknown,Unknown,N,,,,,No Controls,No Controls,Y,2,41.897686,-87.8033439,ok,(UNK),1,1907603,2019,,18,18,50000 and OVER,9,4295,Oak Park,C,Urban Local Road or Street,0,16,28,10742519,12,Cook,0,19,,,6,N,No,Free Flow,201901462303,City,9,0.02,N,,,,(UNK),300673,(N/A),(UNK),Unknown,99,9,Local Road or Street,7,2056,X001796278,Not Toll,73,1,1,Not Divided,1,2939992.52517387,1914103.54182374,41.89767813226963,-87.8033,,Urban,9,N,(N/A),N,(N/A)
2019,2019-12-29,Sunday,14,02:26 PM,Property Damage,No Injuries,0,0,0,0,0,2,Turning,10,N,N,Failing to Yield Right of Way,Failing to Reduce Speed to Avoid Crash,Daylight,Clear,Dry,N,,,,,No Controls,No Controls,N,2,41.8832614,-87.8028754,ok,(N/A),1,2019,,,2,28,50000 and OVER,9,4295,Oak Park,C,Urban Local Road or Street,0,16,29,10742521,12,Cook,C,19,0,,7,X001796290,Slow,(UNK),201901462305,Local,1,0.1,N,,,,(UNK),300674,(N/A),(UNK),No Defects,1,1,No Median Barrier,7,3015,1907620,Urban,73,1,1,Divided,2,2940264.97031419,1908850.48021256,41.883253574453114,-87.8029,,No,1,(N/A),N,Y,N
2019,2019-12-30,Monday,09,09:58 AM,Property Damage,No Injuries,0,0,0,0,0,2,Angle,15,N,N,Failing to Yield Right of Way,Failing to Reduce Speed to Avoid Crash,Daylight,Cloudy/Overcast,Wet,N,,,,,No Controls,No Controls,N,2,41.8798676,-87.784602,ok,(UNK),1,1907637,2019,,2,28,50000 and OVER,9,4295,Oak Park,C,Urban Minor Arterial,0,16,30,10744942,12,Cook,0,19,,,1,N,No,Stopped,201901463275,City,1,4.1,N,,,,(UNK),301235,(N/A),(UNK),No Defects,1,2,Minor Arterial,4,1419,X001797227,Not Toll,73,1,1,Not Divided,1,2945275.64395618,1907751.38284968,41.879859758155796,-87.7846,,Urban,8,N,(N/A),Y,(N/A)
2019,2019-12-28,Saturday,15,03:55 PM,Property Damage,No Injuries,0,0,0,0,0,2,Rear to Side,16,N,N,Improper Backing,Failing to Reduce Speed to Avoid Crash,Daylight,Unknown,Unknown,N,,,,,No Controls,No Controls,N,2,41.8801967,-87.7795479,ok,(UNK),1,1907638,2019,,30,28,50000 and OVER,9,4295,Oak Park,C,Urban Local Road or Street,0,16,28,10744943,12,Cook,0,19,,,6,N,No,Stopped,201901463277,City,1,0.53,N,,,,(UNK),301236,(N/A),(UNK),No Defects,1,9,Local Road or Street,7,3794,X001797230,Not Toll,73,1,1,Not Divided,1,2946648.71732534,1907909.57906455,41.880188863642424,-87.7795,,Urban,9,N,(N/A),Y,(N/A)
2019,2019-12-30,Monday,10,10:59 AM,Property Damage,No Injuries,0,0,0,0,0,2,Rear to Front,18,N,N,Failing to Reduce Speed to Avoid Crash,Unable to Determine,Daylight,Clear,Dry,N,,,,,No Controls,No Controls,N,2,41.8874898,-87.7971301,ok,(UNK),1,1907639,2019,,28,18,50000 and OVER,9,4295,Oak Park,C,Urban Local Road or Street,0,16,30,10744944,12,Cook,0,19,,,1,N,No,Stopped,201901463278,City,1,0.08,N,,,,(UNK),301237,(N/A),(UNK),No Defects,1,1,Local Road or Street,7,2690,X001797233,Not Toll,73,1,1,Not Divided,1,2941786.98457599,1910434.5679374,41.88748200114573,-87.7971,,Urban,1,N,(N/A),Y,(N/A)
2019,2019-12-31,Tuesday,13,01:53 PM,Property Damage,No Injuries,0,0,0,0,0,2,Front to Rear,11,N,N,Failing to Reduce Speed to Avoid Crash,Unable to Determine,Daylight,Clear,Dry,Y,,,,,Stop Sign,Functioning Properly,N,2,41.8886477,-87.7945158,ok,(UNK),1,1907657,2019,,28,18,50000 and OVER,9,4295,Oak Park,C,Urban Major Collector,8,16,31,10744967,12,Cook,0,19,,,2,N,No,Slow,201901463296,City,1,0,N,,,,(UNK),301355,(N/A),(UNK),No Defects,1,1,Major Collector,5,,X001797290,Not Toll,73,2,4,Other,8,2942487.21698906,1910876.20487033,41.8886398928617,-87.7945,,Urban,1,N,(N/A),Y,(N/A)
2019,2019-12-29,Sunday,17,05:12 PM,Property Damage,No Injuries,0,0,0,0,0,5,Front to Rear,11,N,N,Under Influence of Alcohol/Drugs,Failing to Reduce Speed to Avoid Crash,Darkness / Lighted Road,Clear,Dry,N,,,,,No Controls,No Controls,N,2,41.8944561,-87.7915588,ok,(UNK),1,1907625,2019,,8,28,50000 and OVER,9,4295,Oak Park,C,Urban Minor Arterial,0,16,29,10744975,12,Cook,0,19,,,7,N,No,Slow,201901463306,City,5,3.27,N,,,,(UNK),301402,(N/A),(UNK),No Defects,1,1,Minor Arterial,4,1398,X001796902,Not Toll,73,1,1,Not Divided,1,2943233.78526934,1913015.16901227,41.89444825930948,-87.7916,,Urban,1,N,(N/A),Y,(N/A)
2019,2019-12-26,Thursday,17,05:11 PM,Property Damage,No Injuries,0,0,0,0,0,1,Parked Motor Vehicle,9,N,N,Improper Lane Usage,Unable to Determine,Darkness / Lighted Road,Clear,Dry,N,,,,,No Controls,No Controls,Y,2,41.8872614,-87.8007265,ok,(N/A),1,2019,,,20,18,50000 and OVER,9,4295,Oak Park,C,Urban Local Road or Street,8,16,26,10742425,12,Cook,C,19,0,,4,X001796217,Free Flow,(UNK),201901462208,Local,5,0,N,,,,(UNK),301450,(N/A),(UNK),No Defects,1,1,No Median Barrier,7,,1907574,Urban,73,1,1,Divided,2,2940809.97542655,1910324.28691545,41.88725356844569,-87.8007,,No,1,(N/A),N,Y,N
2019,2019-12-30,Monday,15,03:28 PM,Property Damage,No Injuries,0,0,0,0,0,1,Other Object,7,N,N,Failing to Reduce Speed to Avoid Crash,(N/A),Daylight,Rain,Wet,N,,,,,No Controls,No Controls,N,1,41.8961858,-87.8053307,ok,(UNK),1,1901792,2019,,28,99,50000 and OVER,9,4295,Oak Park,C,Urban Other Principal Arte,0,16,30,10744121,12,Cook,0,19,LIGHT POLE,,1,N,No,Free Flow,201901462719,City,1,18.53,Y,,,,(UNK),302111,(N/A),(UNK),No Defects,1,2,Other Principal Arterial (PAS),3,348,X001796671,Not Toll,73,1,1,Not Divided,1,2939466.65938913,1913541.95629206,41.896177981160236,-87.8053,,Urban,2,N,(N/A),Y,(N/A)
2019,2019-12-31,Tuesday,04,04:25 AM,Property Damage,No Injuries,0,0,0,0,0,1,Parked Motor Vehicle,9,N,N,Failing to Reduce Speed to Avoid Crash,(N/A),Darkness / Lighted Road,Snow,Snow or Slush,N,,,,,No Controls,No Controls,N,4,41.8690311,-87.7926599,ok,(UNK),1,1907651,2019,,28,99,50000 and OVER,9,4295,Oak Park,C,Urban Local Road or Street,0,16,31,10746876,12,Cook,0,19,,,2,N,No,Free Flow,201901464514,City,5,0.18,N,,,,(UNK),302418,(N/A),(UNK),No Defects,1,3,Local Road or Street,7,2673,X001799173,Not Toll,73,1,1,Not Divided,1,2943190.42632128,1903741.51532145,41.8690232248287,-87.7927,,Urban,3,N,(N/A),Y,(N/A)
2019,2019-12-31,Tuesday,17,05:01 PM,Property Damage,No Injuries,0,0,0,0,0,2,Sideswipe Same Direction,12,N,N,Failing to Reduce Speed to Avoid Crash,Failing to Yield Right of Way,Darkness / Lighted Road,Clear,Dry,N,,,,,No Controls,No Controls,N,2,41.8799306,-87.7880354,ok,(N/A),1,2019,,,28,2,50000 and OVER,9,4295,Oak Park,C,Urban Minor Arterial,8,16,31,10746878,12,Cook,C,19,0,,2,X001799196,Free Flow,(UNK),201901464516,Minor,5,0,N,,,,(UNK),302419,(N/A),(UNK),No Defects,1,1,No Median Barrier,4,,1907661,Urban,73,1,1,Divided,2,2944339.95459182,1907748.39701442,41.87992276857169,-87.788,,No,1,(N/A),N,Y,N
2019,2019-12-24,Tuesday,17,05:05 PM,Injury,A Injury Crash,1,0,1,0,0,0,Parked Motor Vehicle,9,N,N,Failing to Reduce Speed to Avoid Crash,Improper Backing,Darkness / Lighted Road,Clear,Dry,N,,,,,No Controls,No Controls,N,2,41.8901675,-87.7982653,ok,(N/A),1,2019,,,28,30,50000 and OVER,9,4295,Oak Park,C,Urban Local Road or Street,0,16,24,10746882,12,Cook,C,19,3,,2,X001799240,Stopped,(UNK),201901464517,Local,5,0.09,N,,,,(UNK),302420,(N/A),(UNK),No Defects,1,1,No Median Barrier,7,3060,1907533,Urban,73,1,1,Divided,2,2941450.93411362,1911401.82647646,41.890159680742315,-87.7983,,No,1,(N/A),N,Y,N
2019,2019-12-29,Sunday,10,10:12 AM,Property Damage,No Injuries,0,0,0,0,0,2,Front to Rear,11,N,N,Failing to Reduce Speed to Avoid Crash,Unable to Determine,Daylight,Cloudy/Overcast,Wet,N,,,,,No Controls,No Controls,N,2,41.906839,-87.8057186,ok,(N/A),1,2019,,,28,18,50000 and OVER,9,4295,Oak Park,C,Urban Other Principal Arte,0,16,29,10746883,12,Cook,C,19,0,,7,X001799249,Free Flow,(UNK),201901464518,Other,1,17.79,Y,,,,(UNK),302455,(N/A),(UNK),No Defects,1,2,No Median Barrier,3,348,1907614,Urban,73,1,1,Divided,2,2939254.14481538,1917421.24938732,41.9068311023914,-87.8057,,No,8,(N/A),N,Y,N
2019,2019-12-12,Thursday,08,08:57 AM,Property Damage,No Injuries,0,0,0,0,0,2,Front to Rear,11,N,N,Following Too Closely,Failing to Reduce Speed to Avoid Crash,Daylight,Clear,Dry,N,,,,,Other,Functioning Properly,Y,2,41.8734877,-87.8043123,ok,(N/A),3,2019,,,3,28,50000 and OVER,9,4295,Oak Park,C,Urban InterState (PAS),0,16,12,10752167,12,Cook,I,19,0,,4,X001802711,(UNK),Partial Access Control,201901466519,InterS,1,21.59,Y,,,,(UNK),303585,(N/A),(UNK),No Defects,1,1,No Median Barrier,1,9290,03-19-19036,Urban,73,13,4,Divided,2,2939971.74653715,1905277.99567961,41.87347989647754,-87.8043,,No,1,(N/A),N,Y,N
2019,2019-12-31,Tuesday,09,09:30 AM,Property Damage,No Injuries,0,0,0,0,0,3,Front to Rear,11,N,N,Following Too Closely,Failing to Reduce Speed to Avoid Crash,Daylight,Clear,Wet,N,,,,,Other,Functioning Properly,N,2,41.8732786,-87.8000223,ok,Partial Access Control,3,03-19-20094,2019,,3,28,50000 and OVER,9,4295,Oak Park,C,Urban InterState (PAS),0,16,31,10752177,12,Cook,0,19,,,2,N,No,(UNK),201901466530,ISP,1,0.06,Y,,,,(UNK),303664,(N/A),(UNK),No Defects,1,2,InterState (PAS),1,290,X001802721,Not Toll,,13,4,Ramp,11,2941142.31555661,1905233.98950457,41.8732707637824,-87.8,,Urban,1,N,(N/A),Y,(N/A)
2019,2019-12-31,Tuesday,12,12:56 PM,Property Damage,No Injuries,0,0,0,0,0,1,Parked Motor Vehicle,9,N,N,Failing to Reduce Speed to Avoid Crash,Unable to Determine,Unknown,Snow,Unknown,N,,,,,No Controls,No Controls,Y,2,41.8901416,-87.8001137,ok,(UNK),1,1907654,2019,,28,18,50000 and OVER,9,4295,Oak Park,C,Urban Local Road or Street,0,16,31,10752576,12,Cook,0,19,,,2,N,No,Stopped,201901466894,City,9,0.01,N,,,,(UNK),303888,(N/A),(UNK),Unknown,99,9,Local Road or Street,7,3060,X001803075,Not Toll,73,1,1,Parking Lot,7,2940947.87915959,1911378.47113353,41.890133718867425,-87.8001,,Urban,3,N,(N/A),N,(N/A)
2019,2019-12-22,Sunday,06,06:10 AM,Injury,B Injury Crash,1,0,0,1,0,3,Front to Rear,11,N,N,Failing to Reduce Speed to Avoid Crash,Improper Lane Usage,Darkness / Lighted Road,Clear,Dry,N,,,,,Other Regualtory Sig,Functioning Properly,Y,4,41.8730286,-87.7974131,ok,Partial Access Control,3,03-19-19667,2019,,28,20,50000 and OVER,9,4295,Oak Park,C,Urban InterState (PAS),0,16,22,10752217,12,Cook,2,19,,,7,N,No,(UNK),201901466566,ISP,5,320.24,Y,,,,(UNK),303990,(N/A),(UNK),No Defects,1,1,InterState (PAS),1,5110,X001802761,Not Toll,73,10,4,Divided With Median Barrier,3,2941855.5,1905162.5,41.873020762127936,-87.7974,,Urban,1,N,(N/A),Y,(N/A)
2019,2019-12-26,Thursday,08,08:50 AM,Property Damage,No Injuries,0,0,0,0,0,3,Front to Rear,11,N,N,Failing to Reduce Speed to Avoid Crash,Following Too Closely,Daylight,Clear,Dry,N,,,,,Other Regualtory Sig,Functioning Properly,N,3,41.8712918,-87.7770008,ok,Partial Access Control,3,03-19-19843,2019,,28,3,50000 and OVER,9,4295,Oak Park,C,Urban InterState (PAS),0,16,26,10752221,12,Cook,0,19,,,4,N,No,(UNK),201901466570,ISP,1,0.08,Y,,,,(UNK),303993,(N/A),(UNK),No Defects,1,1,InterState (PAS),1,290,X001802765,Not Toll,,10,4,Divided With Median Barrier,3,2947432.81146432,1904683.79331039,41.8712839900536,-87.777,,Urban,1,N,(N/A),Y,(N/A)
2019,2019-12-26,Thursday,10,10:50 AM,Injury,B Injury Crash,2,0,0,2,0,1,Front to Rear,11,N,N,Failing to Reduce Speed to Avoid Crash,Following Too Closely,Daylight,Clear,Dry,N,,,,,Other Regualtory Sig,Functioning Properly,N,2,41.8725451,-87.789464,ok,Partial Access Control,3,03-19-19850,2019,,28,3,50000 and OVER,9,4295,Oak Park,C,Urban Local Road or Street,0,16,26,10752223,12,Cook,2,19,,,4,N,No,(UNK),201901466572,ISP,1,0.24,N,,,,(UNK),304080,(N/A),(UNK),No Defects,1,1,Local Road or Street,7,290,X001802767,Not Toll,,10,4,Divided With Median Barrier,3,2944025.46877451,1905046.19958604,41.8725372661706,-87.7895,,Urban,1,N,(N/A),Y,(N/A)
2019,2019-12-15,Sunday,09,09:25 AM,Property Damage,No Injuries,0,0,0,0,0,2,Front to Rear,11,N,N,Following Too Closely,Failing to Reduce Speed to Avoid Crash,Daylight,Clear,Dry,N,,,,,No Controls,No Controls,N,2,41.873345,-87.8017417,ok,Partial Access Control,3,03-19-19204,2019,,3,28,50000 and OVER,9,4295,Oak Park,C,Urban InterState (PAS),0,16,15,10753043,12,Cook,0,19,,,7,N,No,(UNK),201901467246,ISP,1,0.09,Y,,,,(UNK),304237,(N/A),(UNK),No Defects,1,1,InterState (PAS),1,290,X001803557,Not Toll,73,1,1,Ramp,11,2940673.32933058,1905245.27230907,41.87333716527492,-87.8017,,Urban,1,N,(N/A),Y,(N/A)
2019,2019-12-17,Tuesday,05,05:55 AM,Property Damage,No Injuries,0,0,0,0,0,2,Front to Rear,11,N,N,Following Too Closely,Failing to Reduce Speed to Avoid Crash,Darkness / Lighted Road,Clear,Dry,N,,,,,No Controls,No Controls,N,2,41.8717848,-87.7855218,ok,Partial Access Control,3,03-19-19325,2019,,3,28,50000 and OVER,9,4295,Oak Park,C,Urban InterState (PAS),0,16,17,10753044,12,Cook,0,19,,,2,N,No,(UNK),201901467247,ISP,5,8.64,Y,,,,(UNK),304238,(N/A),(UNK),No Defects,1,1,InterState (PAS),1,290,X001803558,Not Toll,,1,1,Divided With Median Barrier,3,2945106.89532587,1904798.92234388,41.871777,-87.7855,,Urban,1,N,(N/A),Y,(N/A)
2019,2019-12-19,Thursday,09,09:20 AM,Injury,B Injury Crash,1,0,0,1,0,2,Front to Rear,11,N,N,Following Too Closely,Failing to Reduce Speed to Avoid Crash,Daylight,Clear,Dry,N,,,,,No Controls,No Controls,N,2,41.8723303,-87.7887265,ok,Partial Access Control,3,03-19-19484,2019,,3,28,50000 and OVER,9,4295,Oak Park,C,Urban InterState (PAS),0,16,19,10753047,12,Cook,2,19,,,4,N,No,(UNK),201901467250,ISP,1,320.68,Y,,,,(UNK),304345,(N/A),(UNK),No Defects,1,1,InterState (PAS),1,5110,X001803561,Not Toll,73,1,1,Divided With Median Barrier,3,2944228.5,1904973.5,41.872322496582285,-87.7887,,Urban,1,N,(N/A),Y,(N/A)
2019,2019-12-15,Sunday,08,08:02 AM,Property Damage,No Injuries,0,0,0,0,0,2,Sideswipe Same Direction,12,N,N,Improper Overtaking/Passing,Failing to Reduce Speed to Avoid Crash,Daylight,Clear,Dry,N,,,,,Other Regualtory Sig,Functioning Properly,Y,2,41.8709861,-87.7749824,ok,Partial Access Control,3,03-19-19203,2019,,4,28,50000 and OVER,9,4295,Oak Park,C,Urban InterState (PAS),0,16,15,10751899,12,Cook,0,19,,,7,N,No,(UNK),201901466280,ISP,1,9.18,Y,,,,(UNK),304397,(N/A),(UNK),No Defects,1,1,InterState (PAS),1,290,X001802445,Not Toll,73,10,4,Divided With Median Barrier,3,2947985.67364744,1904587.68351111,41.87097821775255,-87.775,,Urban,1,N,(N/A),Y,(N/A)
2019,2019-12-22,Sunday,15,03:00 PM,Property Damage,No Injuries,0,0,0,0,0,9,Front to Rear,11,N,N,Following Too Closely,Failing to Reduce Speed to Avoid Crash,Daylight,Clear,Dry,N,,,,,Other Warning Sign,Functioning Properly,N,2,41.8724983,-87.7924034,ok,Partial Access Control,3,03-19-19684,2019,,3,28,50000 and OVER,9,4295,Oak Park,C,Urban InterState (PAS),0,16,22,10751914,12,Cook,0,19,,,7,N,No,(UNK),201901466295,ISP,1,320.48,Y,,,,(UNK),304471,(N/A),(UNK),No Defects,1,1,InterState (PAS),1,5110,X001802460,Not Toll,73,11,4,Divided With Median Barrier,3,2943225.33242628,1905006.96917323,41.8724904539094,-87.7924,,Urban,1,N,(N/A),Y,(N/A)
2019,2019-12-22,Sunday,21,09:03 PM,Property Damage,No Injuries,0,0,0,0,0,4,Front to Rear,11,N,N,Following Too Closely,Failing to Reduce Speed to Avoid Crash,Darkness / Lighted Road,Clear,Dry,N,,,,,Other,Functioning Properly,Y,2,41.871702,-87.7844683,ok,Partial Access Control,3,03-19-19697,2019,,3,28,50000 and OVER,9,4295,Oak Park,C,Urban InterState (PAS),0,16,22,10751606,12,Cook,0,19,,,7,N,No,(UNK),201901466049,ISP,5,8.69,Y,,,,(UNK),304610,(N/A),(UNK),No Defects,1,1,InterState (PAS),1,290,X001802173,Not Toll,,13,4,Divided With Median Barrier,3,2945394.6830084,1904776.70009788,41.871694160115,-87.7845,,Urban,1,N,(N/A),Y,(N/A)
2019,2019-12-23,Monday,01,01:55 AM,Property Damage,No Injuries,0,0,0,0,0,2,Sideswipe Same Direction,12,N,N,Improper Lane Usage,Failing to Reduce Speed to Avoid Crash,Darkness / Lighted Road,Clear,Dry,N,,,,,Other,Functioning Properly,Y,2,41.8736202,-87.8038556,ok,Partial Access Control,3,03-19-19705,2019,,20,28,50000 and OVER,9,4295,Oak Park,C,Urban InterState (PAS),0,16,23,10751609,12,Cook,0,19,,,1,N,No,(UNK),201901466051,ISP,5,0.21,Y,,,,(UNK),304612,(N/A),(UNK),No Defects,1,1,InterState (PAS),1,290,X001802175,Not Toll,,13,4,Divided With Median Barrier,3,2940094.81266814,1905329.69031768,41.8736123502604,-87.8038,,Urban,1,N,(N/A),Y,(N/A)
2019,2019-12-20,Friday,23,11:55 PM,Property Damage,No Injuries,0,0,0,0,0,2,Front to Rear,11,N,N,Failing to Reduce Speed to Avoid Crash,Following Too Closely,Darkness / Lighted Road,Clear,Dry,N,,,,,No Controls,Functioning Properly,N,2,41.8729642,-87.7969528,ok,Partial Access Control,3,03-19-19600,2019,,28,3,50000 and OVER,9,4295,Oak Park,C,Urban InterState (PAS),0,16,20,10752029,12,Cook,0,19,,,5,N,No,(UNK),201901466395,ISP,5,320.26,Y,,,,(UNK),305325,(N/A),(UNK),No Defects,1,1,InterState (PAS),1,5110,X001802573,Not Toll,73,1,4,Divided With Median Barrier,3,2941981.5,1905142.5,41.87295637945238,-87.7969,,Urban,1,N,(N/A),Y,(N/A)
2019,2019-11-25,Monday,19,07:00 PM,Property Damage,No Injuries,0,0,0,0,0,2,Front to Rear,11,N,N,Following Too Closely,Failing to Reduce Speed to Avoid Crash,Darkness / Lighted Road,Unknown,Unknown,N,,,,,Other Warning Sign,Functioning Properly,N,2,41.8737343,-87.8040332,ok,Partial Access Control,3,03-19-18625,2019,,3,28,50000 and OVER,9,4295,Oak Park,C,Urban InterState (PAS),0,16,25,10752497,11,Cook,0,19,,,1,N,No,(UNK),201901466823,ISP,5,319.93,Y,,,,(UNK),305409,(N/A),(UNK),No Defects,1,9,InterState (PAS),1,5110,X001803037,Not Toll,73,11,4,Divided With Median Barrier,3,2940045.28996037,1905369.95178336,41.8737264889803,-87.804,,Urban,9,N,(N/A),Y,(N/A)
2019,2019-12-24,Tuesday,16,04:24 PM,Property Damage,No Injuries,0,0,0,0,0,5,Front to Rear,11,N,N,Following Too Closely,Failing to Reduce Speed to Avoid Crash,Darkness / Lighted Road,Clear,Dry,N,,,,,Other Regualtory Sig,Functioning Properly,Y,4,41.8729805,-87.7970476,ok,Partial Access Control,3,03-19-19793,2019,,3,28,50000 and OVER,9,4295,Oak Park,C,Urban InterState (PAS),0,16,24,10754060,12,Cook,0,19,,,2,N,No,(UNK),201901468079,ISP,5,320.26,Y,,,,(UNK),305500,(N/A),(UNK),No Defects,1,1,InterState (PAS),1,5110,X001804546,Not Toll,73,10,4,Divided With Median Barrier,3,2941955.52772469,1905147.73032623,41.87297268819146,-87.797,,Urban,1,N,(N/A),Y,(N/A)
2019,2019-12-14,Saturday,04,04:08 AM,Injury,B Injury Crash,1,0,0,1,0,1,Other Object,7,N,N,Under Influence of Alcohol/Drugs,Improper Lane Usage,Darkness / Lighted Road,Clear,Dry,N,,,,,No Controls,Functioning Properly,N,2,41.8726948,-87.7962308,ok,Partial Access Control,3,03-19-19148,2019,,8,20,50000 and OVER,9,4295,Oak Park,C,Urban InterState (PAS),0,16,14,10754380,12,Cook,2,19,,,6,N,No,(UNK),201901468363,ISP,5,8.08,Y,,,,(UNK),305503,(N/A),(UNK),No Defects,1,1,InterState (PAS),1,290,X001804862,Not Toll,,1,4,Divided With Median Barrier,3,2942180.87465918,1905049.7667717,41.872687,-87.7962,,Urban,1,N,(N/A),Y,(N/A)
2019,2019-12-25,Wednesday,21,09:45 PM,Property Damage,No Injuries,0,0,0,0,0,2,Sideswipe Same Direction,12,N,N,Improper Lane Usage,Failing to Reduce Speed to Avoid Crash,Darkness / Lighted Road,Clear,Dry,N,,,,,Other Regualtory Sig,Functioning Properly,N,2,41.8734704,-87.8041342,ok,Partial Access Control,3,03-19-19832,2019,,20,28,50000 and OVER,9,4295,Oak Park,C,Urban InterState (PAS),0,16,25,10753242,12,Cook,0,19,,,3,N,No,(UNK),201901467390,ISP,5,7.72,Y,,,,(UNK),305515,(N/A),(UNK),No Defects,1,1,InterState (PAS),1,290,X001803743,Not Toll,73,10,4,Divided With Median Barrier,3,2940020.44947215,1905273.00673815,41.8734625391378,-87.8041,,Urban,1,N,(N/A),Y,(N/A)
2019,2019-12-13,Friday,17,05:00 PM,Property Damage,No Injuries,0,0,0,0,0,2,Front to Rear,11,N,N,Following Too Closely,Failing to Reduce Speed to Avoid Crash,Daylight,Clear,Dry,N,,,,,No Controls,Functioning Properly,N,2,41.8709709,-87.7750833,ok,Partial Access Control,3,03-19-19560,2019,,3,28,50000 and OVER,9,4295,Oak Park,C,Urban InterState (PAS),0,16,13,10754096,12,Cook,0,19,,,5,N,No,(UNK),201901468115,ISP,1,9.17,Y,,,,(UNK),305727,(N/A),(UNK),No Defects,1,1,InterState (PAS),1,290,X001804580,Not Toll,,1,4,Divided With Median Barrier,3,2947958.33700133,1904581.39700337,41.8709630689968,-87.7751,,Urban,1,N,(N/A),Y,(N/A)
2019,2019-12-14,Saturday,18,06:56 PM,Property Damage,No Injuries,0,0,0,0,0,2,Front to Rear,11,N,N,Following Too Closely,Failing to Reduce Speed to Avoid Crash,Darkness / Lighted Road,Clear,Dry,N,,,,,Other,Functioning Properly,N,2,41.873418,-87.8024471,ok,Partial Access Control,3,03-19-19182,2019,,3,28,50000 and OVER,9,4295,Oak Park,C,Urban InterState (PAS),8,16,14,10755224,12,Cook,0,19,,,6,N,No,(UNK),201901468767,ISP,5,0,Y,,,,(UNK),306769,(N/A),(UNK),No Defects,1,1,InterState (PAS),1,,X001805671,Not Toll,73,13,4,Ramp,11,2940480.48044279,1905266.56795357,41.87341013339822,-87.8024,,Urban,1,N,(N/A),Y,(N/A)
2019,2019-12-15,Sunday,14,02:37 PM,Property Damage,No Injuries,0,0,0,0,0,4,Front to Rear,11,N,N,Failing to Reduce Speed to Avoid Crash,Following Too Closely,Daylight,Clear,Dry,N,,,,,Other,Functioning Properly,N,2,41.8737763,-87.8045293,ok,Partial Access Control,3,03-19-19215,2019,,28,3,50000 and OVER,9,4295,Oak Park,C,Urban InterState (PAS),0,16,15,10755226,12,Cook,0,19,,,7,N,No,(UNK),201901468769,ISP,1,20.08,Y,,,,(UNK),306771,(N/A),(UNK),No Defects,1,1,InterState (PAS),1,348,X001805673,Not Toll,73,13,4,Not Divided,1,2939909.74925061,1905381.51175634,41.873768421139864,-87.8045,,Urban,1,N,(N/A),Y,(N/A)
2019,2019-12-14,Saturday,18,06:26 PM,Property Damage,No Injuries,0,0,0,0,0,7,Front to Rear,11,N,N,Failing to Reduce Speed to Avoid Crash,Following Too Closely,Daylight,Clear,Dry,N,,,,,No Controls,No Controls,N,2,41.8715075,-87.7788503,ok,Partial Access Control,3,03-19-19183,2019,,28,3,50000 and OVER,9,4295,Oak Park,C,Urban InterState (PAS),0,16,14,10753945,12,Cook,0,19,,,6,N,No,(UNK),201901467971,ISP,1,321.19,Y,,,,(UNK),306912,(N/A),(UNK),No Defects,1,1,InterState (PAS),1,5110,X001804432,Not Toll,73,1,1,Divided With Median Barrier,3,2946926.85026738,1904748.36631016,41.87149967683468,-87.7788,,Urban,1,N,(N/A),Y,(N/A)