crash_year,crash_date,day_of_week,crash_hour,time_of_crash,crash_severity,crash_injury_severity,total_injured,total_fatals,a_injuries,b_injuries,c_injuries,no_injuries,type_of_first_crash,collision_type_code,pedestrian_involved,pedalcyclist_involved,cause1,cause2,lighting_cond,weather_cond,road_surface_cond,intersection_related,is_intersection,highway_or_street_name,at_intersection_with,address_no,traffic_control_device,traffic_control_device_cond,hit_and_run,number_of_vehicles,latitude,longitude,location_status,access_control,agency_code,agency_report_number,agency_report_year,alignment_code,cause1_code,cause2_code,city_class,city_class_code,city_code,city_name,city_township_flag,class_of_trafficway,class_of_trafficway_code,county_code,crash_day,crash_id,crash_month,crash_report_county,crash_severity_cd,crash_yr_source,damaged_property1,damaged_property2,day_of_week_code,did_crash_occur_in_work_zone,did_involve_secondary_crash,flow_condition,icn,investigating_agency_descrip,light_condition_code,mile_station,nhs,non_intersection_direction,non_intersection_distance,non_intersection_units,number_of_lanes,objectid,railroad_crossing_number,road_alignment,road_defects,road_defects_code,road_surface_condition_code,roadway_functional_class,roadway_functional_class_code,route_number,sfe,toll,township,traffic_control_device_code,traffic_control_device_cond_code,trafficway_descrip,trafficway_description_code,ts_crash_coordinate_x,ts_crash_coordinate_y,ts_crash_latitude,ts_crash_longitude,type_report,urban_rural,weather_code,were_workers_present,work_zone,work_zone_related,work_zone_type
2019,2019-04-06,Saturday,08,08:44 AM,Property Damage,No Injuries,0,0,0,0,0,5,Parked Motor Vehicle,9,N,N,Unable to Determine,Unable to Determine,Daylight,Clear,Dry,N,,,,,No Controls,No Controls,Y,3,41.8903907,-87.7829378,ok,(UNK),1,1901659,2019,1,18,18,50000 and OVER,9,4295,Oak Park,C,Urban Local Road or Street,0,16,6,10757769,4,Cook,0,19,,,6,N,(UNK),(UNK),201901469502,City,1,0.26,N,,,,2,306921,(N/A),Straight and Level,No Defects,1,1,Local Road or Street,7,3060,X001807310,Not Toll,73,1,1,Not Divided,1,2945622.27992679,1911598.77562176,41.89038281868419,-87.7829,,Urban,1,N,(N/A),Y,(N/A)
2019,2019-04-06,Saturday,09,09:04 AM,Property Damage,No Injuries,0,0,0,0,0,3,Front to Rear,11,N,N,Failing to Reduce Speed to Avoid Crash,Following Too Closely,Daylight,Clear,Dry,Y,,,,,Traffic Signal,Functioning Properly,N,3,41.8796272,-87.802329,ok,(UNK),1,1901661,2019,1,28,3,50000 and OVER,9,4295,Oak Park,C,Urban Minor Arterial,8,16,6,10757772,4,Cook,0,19,,,6,N,(UNK),(UNK),201901469503,City,1,0,N,,,,4,306922,(N/A),Straight and Level,No Defects,1,1,Minor Arterial,4,,X001807313,Not Toll,73,3,4,Not Divided,1,2940450.27073009,1907530.22260712,41.879619401354184,-87.8023,,Urban,1,N,(N/A),Y,(N/A)
2019,2019-04-06,Saturday,14,02:00 PM,Property Damage,No Injuries,0,0,0,0,0,1,Parked Motor Vehicle,9,N,N,Failing to Reduce Speed to Avoid Crash,(N/A),Daylight,Clear,Dry,N,,,,,No Controls,No Controls,N,2,41.8982374,-87.7848101,ok,(UNK),1,1901799,2019,1,28,99,50000 and OVER,9,4295,Oak Park,C,Urban Local Road or Street,0,16,6,10757774,4,Cook,0,19,,,6,N,(UNK),(UNK),201901469505,City,1,1.06,N,,,,2,306923,(N/A),Straight and Level,No Defects,1,1,Local Road or Street,7,3100,X001807315,Not Toll,73,1,1,Not Divided,1,2945033.04281026,1914444.10619501,41.898229535439846,-87.7848,,Urban,1,N,(N/A),Y,(N/A)
2019,2019-04-06,Saturday,21,09:22 PM,Injury,C Injury Crash,1,0,0,0,1,4,Angle,15,N,N,Failing to Reduce Speed to Avoid Crash,(N/A),Darkness / Lighted Road,Clear,Dry,N,,,,,No Controls,No Controls,N,2,41.8796381,-87.8043566,ok,(UNK),1,1901680,2019,1,28,99,50000 and OVER,9,4295,Oak Park,C,Urban Minor Arterial,0,16,6,10757791,4,Cook,1,19,BIKE RACK,,6,N,(UNK),(UNK),201901469509,City,5,3.08,N,,,,3,307014,(N/A),Straight and Level,No Defects,1,1,Minor Arterial,4,1419,X001807331,Not Toll,73,1,1,Not Divided,1,2939897.98142555,1907518.96458728,41.879630255284354,-87.8044,,Urban,1,N,(N/A),Y,(N/A)
2019,2019-04-06,Saturday,23,11:56 PM,Property Damage,No Injuries,0,0,0,0,0,4,Sideswipe Opposite Direction,13,N,N,Driving On Wrong Side/Wrong Way,Improper Lane Usage,Darkness / Lighted Road,Clear,Dry,N,,,,,No Controls,No Controls,Y,2,41.8743781,-87.7842736,ok,(UNK),1,1901684,2019,1,5,20,50000 and OVER,9,4295,Oak Park,C,Urban Major Collector,0,16,6,10757797,4,Cook,0,19,,,6,N,(UNK),(UNK),201901469618,City,5,1.91,N,,,,2,307017,(N/A),Straight and Level,No Defects,1,1,Major Collector,5,2783,X001807337,Not Toll,73,1,1,Not Divided,1,2945420.62353864,1905753.38296479,41.87437023584804,-87.7843,,Urban,1,N,(N/A),Y,(N/A)
2019,2019-04-07,Sunday,23,11:14 PM,Property Damage,No Injuries,0,0,0,0,0,1,Other Non-Collision,8,N,N,(N/A),(N/A),Daylight,Clear,Dry,Y,,,,,Traffic Signal,Functioning Properly,N,1,41.8867116,-87.8049543,ok,(UNK),1,1901750,2019,1,99,99,50000 and OVER,9,4295,Oak Park,C,Urban Other Principal Arte,6,16,7,10757799,4,Cook,0,19,,,7,N,(UNK),(UNK),201901469513,City,1,26.51,Y,,,,2,307018,(N/A),Straight and Level,Other,10,1,Other Principal Arterial (PAS),3,5043,X001807339,Not Toll,73,3,4,One-Way,10,2939664.22077686,1910092.19724874,41.88670376371059,-87.8049,,Urban,1,N,(N/A),N,(N/A)
2019,2019-04-15,Monday,05,05:00 AM,Property Damage,No Injuries,0,0,0,0,0,2,Sideswipe Same Direction,12,N,N,Weather,(N/A),Daylight,Other,Ice,Y,,,,,Traffic Signal,Functioning Properly,Y,2,41.8734236,-87.804516,ok,Partial Access Control,1,1901855,2019,1,11,99,50000 and OVER,9,4295,Oak Park,C,Urban InterState (PAS),0,16,15,10759002,4,Cook,0,19,,,1,N,(UNK),(UNK),201901469844,City,1,20.11,Y,,,,4,307044,(N/A),Straight and Level,No Defects,1,4,InterState (PAS),1,348,X001808201,Not Toll,73,3,4,Divided With Median Barrier,3,2939916.92076886,1905253.10265358,41.87341577871818,-87.8045,,Urban,7,N,(N/A),Y,(N/A)
2019,2019-04-15,Monday,08,08:31 AM,Property Damage,No Injuries,0,0,0,0,0,2,Sideswipe Same Direction,12,N,N,Improper Overtaking/Passing,Improper Overtaking/Passing,Daylight,Clear,Wet,N,,,,,No Controls,No Controls,N,2,41.9088283,-87.8044878,ok,(UNK),1,1901857,2019,1,4,4,50000 and OVER,9,4295,Oak Park,C,Urban Other Principal Arte,0,16,15,10759004,4,Cook,0,19,,,1,N,(UNK),(UNK),201901469845,City,1,5.99,Y,,,,4,307045,(N/A),Straight and Level,No Defects,1,2,Other Principal Arterial (PAS),3,307,X001808203,Not Toll,73,1,1,Not Divided,1,2939569.22985166,1918155.45204618,41.908820494390035,-87.8045,,Urban,1,N,(N/A),Y,(N/A)
2019,2019-04-15,Monday,17,05:02 PM,Property Damage,No Injuries,0,0,0,0,0,1,Parked Motor Vehicle,9,N,N,Improper Lane Usage,Failing to Reduce Speed to Avoid Crash,Daylight,Clear,Dry,N,,,,,No Controls,No Controls,N,2,41.8684052,-87.8034761,ok,(UNK),1,1901869,2019,1,20,28,50000 and OVER,9,4295,Oak Park,C,Urban Local Road or Street,0,16,15,10759005,4,Cook,0,19,,,1,N,(UNK),(UNK),201901469846,City,1,0.27,N,,,,2,307104,(N/A),Straight and Level,No Defects,1,1,Local Road or Street,7,2718,X001808204,Not Toll,73,1,1,Not Divided,1,2940250.52240529,1903432.10670622,41.86839737054821,-87.8035,,Urban,1,N,(N/A),Y,(N/A)
2019,2019-04-15,Monday,18,06:07 PM,Injury,B Injury Crash,1,0,0,1,0,2,Front to Rear,11,N,N,Failing to Reduce Speed to Avoid Crash,(N/A),Daylight,Clear,Dry,Y,,,,,Traffic Signal,Functioning Properly,Y,2,41.8944206,-87.7945062,ok,(N/A),1,2019,,1,28,99,50000 and OVER,9,4295,Oak Park,C,Urban Minor Arterial,0,16,15,10759008,4,Cook,C,19,2,,1,X001808207,(UNK),(UNK),201901469848,Minor,1,3.11,N,,,,2,307106,(N/A),Straight and Level,No Defects,1,1,No Median Barrier,4,1398,1901870,Urban,73,3,4,Divided,2,2942431.65142336,1912980.00576768,41.89441272214331,-87.7945,,(UNK),1,(N/A),N,Y,N
2019,2019-04-16,Tuesday,07,07:18 AM,Property Damage,No Injuries,0,0,0,0,0,2,Angle,15,N,N,Failing to Yield Right of Way,(N/A),Daylight,Clear,Dry,N,,,,,No Controls,No Controls,N,2,41.8713219,-87.7939615,ok,(N/A),1,2019,,1,2,99,50000 and OVER,9,4295,Oak Park,C,Urban Major Collector,0,16,16,10759014,4,Cook,C,19,0,,2,X001808213,(UNK),(UNK),201901469851,Major,1,6.74,N,,,,2,307108,(N/A),Straight and Level,No Defects,1,1,No Median Barrier,5,2775,1901877,Urban,73,1,1,Divided,2,2942812.80632689,1904566.52591806,41.87131405127604,-87.794,,(UNK),1,(N/A),N,Y,N
2019,2019-04-16,Tuesday,16,04:20 PM,Injury,C Injury Crash,1,0,0,0,1,2,Angle,15,N,N,Failing to Yield Right of Way,(N/A),Daylight,Clear,Dry,Y,,,,,Stop Sign,Functioning Properly,N,2,41.8654381,-87.7753161,ok,(N/A),1,2019,,1,2,99,50000 and OVER,9,4295,Oak Park,C,Urban Other Principal Arte,8,16,16,10759028,4,Cook,C,19,1,,2,X001808227,(UNK),(UNK),201901469854,Other,1,0,Y,,,,(UNK),307109,(N/A),Straight and Level,No Defects,1,1,No Median Barrier,3,,1901888,Urban,56,2,4,Divided,2,2947951.14113209,1902563.36653626,41.865430242471355,-87.7753,,(UNK),1,(N/A),N,Y,N
2019,2019-04-07,Sunday,11,11:36 AM,Property Damage,No Injuries,0,0,0,0,0,1,Parked Motor Vehicle,9,N,N,Improper Lane Usage,Failing to Reduce Speed to Avoid Crash,Daylight,Cloudy/Overcast,Dry,N,,,,,No Controls,No Controls,Y,2,41.8752746,-87.789201,ok,(UNK),1,1901691,2019,1,20,28,50000 and OVER,9,4295,Oak Park,C,Urban Minor Collector,0,16,7,10757807,4,Cook,0,19,,,7,N,(UNK),(UNK),201901469516,City,1,0.94,N,,,,2,307143,(N/A),Straight and Level,No Defects,1,1,Minor Collector,6,2779,X001807347,Not Toll,73,1,1,Not Divided,1,2944069.52745055,1906042.86229939,41.875266763142285,-87.7892,,Urban,8,N,(N/A),Y,(N/A)
2019,2019-04-07,Sunday,12,12:13 PM,Property Damage,No Injuries,0,0,0,0,0,2,Parked Motor Vehicle,9,N,N,Failing to Yield Right of Way,(N/A),Daylight,Rain,Wet,N,,,,,No Controls,No Controls,N,2,41.8718018,-87.7992339,ok,(UNK),1,1901695,2019,1,2,99,50000 and OVER,9,4295,Oak Park,C,Urban Local Road or Street,0,16,7,10757808,4,Cook,0,19,,,7,N,(UNK),(UNK),201901469517,City,1,0.04,N,,,,2,307144,(N/A),Straight and Level,No Defects,1,2,Local Road or Street,7,2700,X001807348,Not Toll,73,1,1,Not Divided,1,2941371.9097803,1904701.72612412,41.87179392013912,-87.7992,,Urban,2,N,(N/A),Y,(N/A)
2019,2019-04-07,Sunday,18,06:06 PM,Property Damage,No Injuries,0,0,0,0,0,1,Fixed Object,6,N,N,Improper Turning/No Signal,Distraction - From Inside Vehicle,Daylight,Rain,Wet,N,,,,,No Controls,No Controls,N,1,,,missing,(UNK),1,1901697,2019,1,6,41,50000 and OVER,9,4295,Oak Park,C,(UNK),8,16,7,10757812,4,Cook,0,19,RESIDENCE,,7,N,(UNK),(UNK),201901469519,City,1,0,N,,,,1,307145,(N/A),Straight and Level,No Defects,1,2,(UNK),0,0,X001807352,No Toll,,1,1,Alley,12,0,0,,,,(UNK),2,N,(N/A),Y,(N/A)
2019,2019-04-07,Sunday,23,11:42 PM,Property Damage,No Injuries,0,0,0,0,0,2,Turning,10,N,N,Improper Turning/No Signal,Failing to Reduce Speed to Avoid Crash,Darkness / Lighted Road,Clear,Wet,N,,,,,Traffic Signal,Functioning Properly,Y,2,41.873897,-87.8045322,ok,(UNK),1,1901704,2019,1,6,28,50000 and OVER,9,4295,Oak Park,C,Urban Other Principal Arte,0,16,7,10757817,4,Cook,0,19,,,7,N,(UNK),(UNK),201901469521,City,5,20.07,Y,,,,2,307146,(N/A),Straight and Level,No Defects,1,2,Other Principal Arterial (PAS),3,348,X001807356,Not Toll,73,3,4,Not Divided,1,2939907.76437024,1905425.5052219,41.87388920217721,-87.8045,,Urban,1,N,(N/A),Y,(N/A)
2019,2019-04-08,Monday,17,05:30 PM,Property Damage,No Injuries,0,0,0,0,0,2,Sideswipe Same Direction,12,N,N,Improper Lane Usage,Driving Skills/Knowledge/Experience,Daylight,Clear,Dry,N,,,,,No Controls,No Controls,N,2,41.8864131,-87.7846348,ok,(UNK),1,1901722,2019,1,20,15,50000 and OVER,9,4295,Oak Park,C,Urban Major Collector,0,16,8,10757821,4,Cook,0,19,,,1,N,(UNK),(UNK),201901469524,City,1,1.07,N,,,,2,307147,(N/A),Straight and Level,No Defects,1,1,Major Collector,5,2783,X001807360,Not Toll,73,1,1,Not Divided,1,2945200.44336062,1910136.42583851,41.88640522699243,-87.7846,,Urban,1,N,(N/A),Y,(N/A)
2019,2019-04-16,Tuesday,19,07:30 PM,Property Damage,No Injuries,0,0,0,0,0,4,Front to Rear,11,N,N,Failing to Yield Right of Way,Failing to Reduce Speed to Avoid Crash,Daylight,Clear,Dry,Y,,,,,Traffic Signal,Functioning Properly,N,2,41.8796768,-87.7999241,ok,(N/A),1,2019,,1,2,28,50000 and OVER,9,4295,Oak Park,C,Urban Minor Arterial,0,16,16,10759035,4,Cook,C,19,0,,2,X001808234,(UNK),(UNK),201901469856,Minor,1,3.32,N,,,,4,307148,(N/A),Straight and Level,No Defects,1,1,No Median Barrier,4,1419,1901895,Urban,73,3,4,Divided,2,2941104.73299866,1907566.33142816,41.87966892346438,-87.7999,,(UNK),1,(N/A),N,Y,N
2019,2019-04-18,Thursday,13,01:16 PM,Property Damage,No Injuries,0,0,0,0,0,2,Parked Motor Vehicle,9,N,N,Improper Overtaking/Passing,Failing to Reduce Speed to Avoid Crash,Daylight,Rain,Wet,N,,,,,Stop Sign,Functioning Properly,N,2,41.8848783,-87.8000364,ok,(UNK),1,1901941,2019,1,4,28,50000 and OVER,9,4295,Oak Park,C,Urban Local Road or Street,0,16,18,10759065,4,Cook,0,19,,,4,N,(UNK),(UNK),201901469864,City,1,0.17,N,,,,2,307152,(N/A),Straight and Level,No Defects,1,2,Local Road or Street,7,2700,X001808262,Not Toll,73,2,4,Not Divided,1,2941021.8438522,1909461.00677,41.884870416936906,-87.8,,Urban,2,N,(N/A),Y,(N/A)
2019,2019-04-09,Tuesday,03,03:32 AM,Property Damage,No Injuries,0,0,0,0,0,5,Turning,10,N,N,Operating Vehicle In Reckless Manner,Exceeding Safe Speed For Conditions,Darkness / Lighted Road,Clear,Dry,Y,,,,,No Controls,No Controls,N,2,41.8717701,-87.7792357,ok,(UNK),1,1901731,2019,1,50,27,50000 and OVER,9,4295,Oak Park,C,Urban Minor Collector,8,16,9,10757823,4,Cook,0,19,,,2,N,(UNK),(UNK),201901469525,City,5,0,N,,,,(UNK),307194,(N/A),Straight and Level,No Defects,1,1,Minor Collector,6,,X001807362,Not Toll,73,1,1,Other,8,2946819.2049543,1904841.13007377,41.87176224733082,-87.7792,,Urban,1,N,(N/A),Y,(N/A)
2019,2019-04-09,Tuesday,08,08:50 AM,Property Damage,No Injuries,0,0,0,0,0,2,Sideswipe Opposite Direction,13,N,N,Driving Skills/Knowledge/Experience,Exceeding Safe Speed For Conditions,Daylight,Clear,Dry,N,,,,,No Controls,No Controls,N,2,41.8822472,-87.7845248,ok,(UNK),1,1901734,2019,1,15,27,50000 and OVER,9,4295,Oak Park,C,Urban Major Collector,0,16,9,10757826,4,Cook,0,19,,,2,N,(UNK),(UNK),201901469527,City,1,1.36,N,,,,4,307196,(N/A),Straight and Level,No Defects,1,1,Major Collector,5,2783,X001807365,Not Toll,73,1,1,Not Divided,1,2945272.569211,1908619.13647924,41.88223935693667,-87.7845,,Urban,1,N,(N/A),Y,(N/A)
2019,2019-04-10,Wednesday,07,07:09 AM,Injury,C Injury Crash,1,0,0,0,1,1,Front to Rear,11,N,N,Failing to Reduce Speed to Avoid Crash,(N/A),Daylight,Cloudy/Overcast,Dry,N,,,,,No Controls,No Controls,Y,2,41.8652248,-87.7902786,ok,(N/A),1,2019,,1,28,99,50000 and OVER,9,4295,Oak Park,C,Urban Other Principal Arte,0,16,10,10757830,4,Cook,C,19,1,,3,X001807369,(UNK),(UNK),201901469530,Other,1,6.71,Y,,,,2,307198,(N/A),Straight and Level,No Defects,1,1,No Median Barrier,3,347,1901753,Urban,52,1,1,Divided,2,2943877.46805379,1902372.38965195,41.86521692743895,-87.7903,,(UNK),8,(N/A),N,Y,N
2019,2019-04-10,Wednesday,17,05:06 PM,Property Damage,No Injuries,0,0,0,0,0,3,Turning,10,N,N,Failing to Yield Right of Way,Failing to Yield Right of Way,Daylight,Clear,Wet,N,,,,,No Controls,No Controls,N,2,41.8896866,-87.8030388,ok,(UNK),1,1901768,2019,1,2,2,50000 and OVER,9,4295,Oak Park,C,Urban (UNK),8,16,10,10757839,4,Cook,0,19,,,3,N,(UNK),(UNK),201901469533,City,1,0,N,,,,2,307199,(N/A),Straight and Level,No Defects,1,2,(UNK),0,,X001807378,No Toll,73,1,1,Not Divided,1,2940155.94347716,1911190.69574275,41.88967872132248,-87.803,,Urban,1,N,(N/A),Y,(N/A)
2019,2019-04-19,Friday,16,04:47 PM,Property Damage,No Injuries,0,0,0,0,0,8,Front to Rear,11,N,N,Failing to Reduce Speed to Avoid Crash,Unable to Determine,Daylight,Clear,Dry,Y,,,,,Traffic Signal,Functioning Properly,N,2,41.9018957,-87.7838796,ok,(N/A),1,2019,,1,28,18,50000 and OVER,9,4295,Oak Park,C,Urban Major Collector,8,16,19,10759083,4,Cook,C,19,0,,5,X001808279,(UNK),(UNK),201901469873,Major,1,0,N,,,,(UNK),307202,(N/A),Straight and Level,No Defects,1,1,No Median Barrier,5,,1901968,Urban,73,3,4,Divided,2,2945249.33058051,1915784.29703317,41.90188782392053,-87.7839,,(UNK),1,(N/A),N,Y,N
2019,2019-04-19,Friday,17,05:23 PM,Property Damage,No Injuries,0,0,0,0,0,3,Angle,15,N,N,Failing to Yield Right of Way,Failing to Reduce Speed to Avoid Crash,Dusk,Clear,Dry,Y,,,,,Stop Sign,Functioning Properly,N,2,41.8705448,-87.7991852,ok,(UNK),1,1901970,2019,1,2,28,50000 and OVER,9,4295,Oak Park,C,Urban Local Road or Street,8,16,19,10759085,4,Cook,0,19,,,5,N,(UNK),(UNK),201901469874,City,3,0,N,,,,2,307203,(N/A),Straight and Level,No Defects,1,1,Local Road or Street,7,,X001808280,Not Toll,73,2,4,Divided With Median Barrier,3,2941397.81739493,1904244.02930589,41.87053694796773,-87.7992,,Urban,1,N,(N/A),Y,(N/A)
2019,2019-04-19,Friday,19,07:13 PM,Property Damage,No Injuries,0,0,0,0,0,5,Front to Rear,11,N,N,Failing to Reduce Speed to Avoid Crash,Unable to Determine,Dusk,Clear,Dry,N,,,,,No Controls,No Controls,N,2,41.865074,-87.8009974,ok,(UNK),1,1901973,2019,1,28,18,50000 and OVER,9,4295,Oak Park,C,Urban Other Principal Arte,0,16,19,10759089,4,Cook,0,19,,,5,N,(UNK),(UNK),201901469876,City,3,6.16,Y,,,,2,307204,(N/A),Straight and Level,No Defects,1,1,Other Principal Arterial (PAS),3,347,X001808284,Not Toll,52,1,1,Divided With Median Barrier,3,2940959.18007388,1902236.74936215,41.865066123827376,-87.801,,Urban,1,N,(N/A),Y,(N/A)
2019,2019-04-20,Saturday,09,09:18 AM,Property Damage,No Injuries,0,0,0,0,0,1,Other Object,7,N,N,Unable to Determine,Unable to Determine,Daylight,Clear,Dry,Y,,,,,Traffic Signal,Functioning Properly,N,1,41.8918839,-87.7750452,ok,(UNK),1,1901981,2019,1,18,18,50000 and OVER,9,4295,Oak Park,C,Urban Minor Arterial,8,16,20,10759090,4,Cook,0,19,CONCRETE,,6,N,(UNK),(UNK),201901469877,City,1,0,N,,,,(UNK),307205,(N/A),Straight and Level,Debris On Roadway,9,1,Minor Arterial,4,,X001808285,Not Toll,,3,4,Other,8,2947756.23502584,1912202.76982959,41.89187604055621,-87.775,,Urban,1,N,(N/A),N,(N/A)
2019,2019-12-31,Tuesday,18,06:30 PM,Property Damage,No Injuries,0,0,0,0,0,2,Front to Rear,11,N,N,Failing to Reduce Speed to Avoid Crash,Following Too Closely,Daylight,Unknown,Unknown,N,,,,,No Controls,No Controls,N,2,41.8730461,-87.7999072,ok,Partial Access Control,3,03-19-20140,2019,,28,3,50000 and OVER,9,4295,Oak Park,C,Urban InterState (PAS),0,16,31,10757848,12,Cook,0,19,,,2,N,No,(UNK),201901469537,ISP,1,7.91,Y,,,,(UNK),307260,(N/A),(UNK),No Defects,1,9,InterState (PAS),1,290,X001807387,Not Toll,,1,1,Divided With Median Barrier,3,2941176.00655939,1905150.11633916,41.8730382336427,-87.7999,,Urban,9,N,(N/A),Y,(N/A)
2019,2019-04-11,Thursday,14,02:45 PM,Property Damage,No Injuries,0,0,0,0,0,4,Front to Rear,11,N,N,Failing to Reduce Speed to Avoid Crash,(N/A),Daylight,Clear,Dry,N,,,,,Traffic Signal,Functioning Properly,N,2,41.8815856,-87.7939463,ok,(N/A),1,2019,,1,28,99,50000 and OVER,9,4295,Oak Park,C,Urban Major Collector,0,16,11,10757852,4,Cook,C,19,0,,4,X001807391,(UNK),(UNK),201901469539,Major,1,0.56,N,,,,2,307261,(N/A),Straight and Level,No Defects,1,1,No Median Barrier,5,5,1901786,Urban,73,3,4,Divided,2,2942713.49964532,1908306.90427966,41.881577710395256,-87.7939,,(UNK),1,(N/A),N,Y,N
2019,2019-04-12,Friday,09,09:30 AM,Property Damage,No Injuries,0,0,0,0,0,2,Front to Rear,11,N,N,Texting,Failing to Reduce Speed to Avoid Crash,Daylight,Clear,Dry,Y,,,,,No Controls,No Controls,N,2,41.907194,-87.7949959,ok,(N/A),1,2019,,1,44,28,50000 and OVER,9,4295,Oak Park,C,Urban Major Collector,8,16,12,10757862,4,Cook,C,19,0,,5,X001807399,(UNK),(UNK),201901469542,Major,1,0,N,,,,2,307262,(N/A),Straight and Level,No Defects,1,1,No Median Barrier,5,,1901797,Urban,73,1,1,Divided,2,2942169.53955708,1917631.20473887,41.9071861570769,-87.795,,(UNK),1,(N/A),N,Y,N
2019,2019-04-12,Friday,12,12:57 PM,Property Damage,No Injuries,0,0,0,0,0,2,Sideswipe Same Direction,12,N,N,Improper Lane Usage,(N/A),Daylight,Clear,Dry,N,,,,,No Controls,No Controls,N,2,41.870684,-87.7742881,ok,(UNK),1,1901801,2019,1,20,99,50000 and OVER,9,4295,Oak Park,C,Urban Minor Arterial,0,16,12,10757863,4,Cook,0,19,,,5,N,(UNK),(UNK),201901469543,City,1,8.39,N,,,,5,307263,(N/A),Straight and Level,No Defects,1,1,Minor Arterial,4,2790,X001807400,Not Toll,,1,1,Not Divided,1,2948177.86053267,1904482.8618524,41.87067610738442,-87.7743,,Urban,1,N,(N/A),Y,(N/A)
2019,2019-04-12,Friday,14,02:53 PM,Property Damage,No Injuries,0,0,0,0,0,4,Front to Rear,11,N,N,Following Too Closely,Failing to Reduce Speed to Avoid Crash,Daylight,Clear,Dry,N,,,,,No Controls,No Controls,Y,3,41.8889629,-87.8050437,ok,(N/A),1,2019,,1,3,28,50000 and OVER,9,4295,Oak Park,C,Urban Other Principal Arte,0,16,12,10757871,4,Cook,C,19,0,,5,X001807408,(UNK),(UNK),201901469545,Other,1,19.03,Y,,,,4,307265,(N/A),Straight and Level,No Defects,1,1,No Median Barrier,3,348,1901804,Urban,73,1,1,Divided,2,2939617.29026567,1910911.92309263,41.8889550111775,-87.805,,(UNK),1,(N/A),N,Y,N
2019,2019-04-20,Saturday,12,12:30 PM,Property Damage,No Injuries,0,0,0,0,0,6,Sideswipe Same Direction,12,N,N,Unable to Determine,Unable to Determine,Daylight,Clear,Dry,Y,,,,,Traffic Signal,Functioning Properly,N,2,41.8885014,-87.805023,ok,(UNK),1,1901987,2019,1,18,18,50000 and OVER,9,4295,Oak Park,C,Urban Other Principal Arte,0,16,20,10759095,4,Cook,0,19,,,6,N,(UNK),(UNK),201901469879,City,1,19.06,Y,,,,5,307267,(N/A),Straight and Level,No Defects,1,1,Other Principal Arterial (PAS),3,348,X001808289,Not Toll,73,3,4,Not Divided,1,2939627.54953046,1910743.92233867,41.88849357532166,-87.805,,Urban,1,N,(N/A),Y,(N/A)
2019,2019-04-20,Saturday,12,12:20 PM,Injury,C Injury Crash,1,0,0,0,1,1,Turning,10,N,N,Failing to Yield Right of Way,Failing to Reduce Speed to Avoid Crash,Daylight,Clear,Dry,N,,,,,Lane Use Marking,Functioning Properly,N,2,41.9092393,-87.7759548,ok,(UNK),1,1901986,2019,1,2,28,50000 and OVER,9,4295,Oak Park,C,Urban Other Principal Arte,0,16,20,10759099,4,Cook,1,19,,,6,N,(UNK),(UNK),201901469880,City,1,7.46,Y,,,,4,307268,(N/A),Straight and Level,No Defects,1,1,Other Principal Arterial (PAS),3,307,X001808293,Not Toll,73,12,4,Not Divided,1,2947332.2124068,1918520.53183913,41.909231479206206,-87.7759,,Urban,1,N,(N/A),Y,(N/A)
2019,2019-04-21,Sunday,04,04:07 AM,Injury,C Injury Crash,1,0,0,0,1,0,Parked Motor Vehicle,9,N,N,Failing to Reduce Speed to Avoid Crash,Unable to Determine,Darkness / Lighted Road,Clear,Dry,N,,,,,Lane Use Marking,Functioning Properly,N,3,41.8814104,-87.8038248,ok,(N/A),1,2019,,1,28,18,50000 and OVER,9,4295,Oak Park,C,Urban Major Collector,0,16,21,10759105,4,Cook,C,19,1,,7,X001808299,(UNK),(UNK),201901469881,Major,5,0.05,N,,,,2,307269,(N/A),Straight and Level,No Defects,1,1,No Median Barrier,5,5,1902001,Urban,73,12,4,Divided,2,2940025.00419725,1908168.80802651,41.88140254624955,-87.8038,,(UNK),1,(N/A),N,Y,N
2019,2019-04-21,Sunday,20,08:28 PM,Property Damage,No Injuries,0,0,0,0,0,3,Front to Rear,11,N,N,Failing to Reduce Speed to Avoid Crash,Unable to Determine,Darkness / Lighted Road,Clear,Dry,N,,,,,No Controls,No Controls,Y,2,41.8704239,-87.8043949,ok,(N/A),1,2019,,1,28,18,50000 and OVER,9,4295,Oak Park,C,Urban Other Principal Arte,0,16,21,10759106,4,Cook,C,19,0,,7,X001808300,(UNK),(UNK),201901469882,Other,5,20.31,Y,,,,4,307270,(N/A),Straight and Level,No Defects,1,1,No Median Barrier,3,348,1902012,Urban,73,1,1,Divided,2,2939980.01483766,1904160.84187087,41.87041600801255,-87.8044,,(UNK),1,(N/A),N,Y,N