crash_year,crash_date,day_of_week,crash_hour,time_of_crash,crash_severity,crash_injury_severity,total_injured,total_fatals,a_injuries,b_injuries,c_injuries,no_injuries,type_of_first_crash,collision_type_code,pedestrian_involved,pedalcyclist_involved,cause1,cause2,lighting_cond,weather_cond,road_surface_cond,intersection_related,is_intersection,highway_or_street_name,at_intersection_with,address_no,traffic_control_device,traffic_control_device_cond,hit_and_run,number_of_vehicles,latitude,longitude,location_status,access_control,agency_code,agency_report_number,agency_report_year,alignment_code,cause1_code,cause2_code,city_class,city_class_code,city_code,city_name,city_township_flag,class_of_trafficway,class_of_trafficway_code,county_code,crash_day,crash_id,crash_month,crash_report_county,crash_severity_cd,crash_yr_source,damaged_property1,damaged_property2,day_of_week_code,did_crash_occur_in_work_zone,did_involve_secondary_crash,flow_condition,icn,investigating_agency_descrip,light_condition_code,mile_station,nhs,non_intersection_direction,non_intersection_distance,non_intersection_units,number_of_lanes,objectid,railroad_crossing_number,road_alignment,road_defects,road_defects_code,road_surface_condition_code,roadway_functional_class,roadway_functional_class_code,route_number,sfe,toll,township,traffic_control_device_code,traffic_control_device_cond_code,trafficway_descrip,trafficway_description_code,ts_crash_coordinate_x,ts_crash_coordinate_y,ts_crash_latitude,ts_crash_longitude,type_report,urban_rural,weather_code,were_workers_present,work_zone,work_zone_related,work_zone_type
2019,2019-04-22,Monday,09,09:43 AM,Property Damage,No Injuries,0,0,0,0,0,2,Sideswipe Same Direction,12,N,N,Improper Lane Usage,Driving Skills/Knowledge/Experience,Daylight,Clear,Dry,N,,,,,No Controls,No Controls,N,2,41.8891368,-87.8026379,ok,(UNK),1,1902013,2019,1,20,15,50000 and OVER,9,4295,Oak Park,C,Urban Local Road or Street,0,16,22,10759107,4,Cook,0,19,,,1,N,(UNK),(UNK),201901469883,City,1,0.34,N,,,,2,307271,(N/A),Straight and Level,No Defects,1,1,Local Road or Street,7,2056,X001808301,Not Toll,73,1,1,Not Divided,1,2940270.64948577,1910993.35247228,41.88912893414673,-87.8026,,Urban,1,N,(N/A),Y,(N/A)
2019,2019-04-22,Monday,16,04:15 PM,Property Damage,No Injuries,0,0,0,0,0,3,Front to Rear,11,N,N,Following Too Closely,Failing to Reduce Speed to Avoid Crash,Daylight,Cloudy/Overcast,Dry,N,,,,,Traffic Signal,Functioning Properly,N,3,41.8980474,-87.7955263,ok,(UNK),1,1902023,2019,1,3,28,50000 and OVER,9,4295,Oak Park,C,Urban Local Road or Street,0,16,22,10759113,4,Cook,0,19,,,1,N,(UNK),(UNK),201901469886,City,1,0.5,N,,,,2,307313,(N/A),Straight and Level,No Defects,1,1,Local Road or Street,7,3100,X001808307,Not Toll,73,3,4,Not Divided,1,2942117.3389595,1914294.01721828,41.89803957190991,-87.7955,,Urban,8,N,(N/A),Y,(N/A)
2019,2019-04-23,Tuesday,07,07:32 AM,Property Damage,No Injuries,0,0,0,0,0,2,Front to Rear,11,N,N,Failing to Reduce Speed to Avoid Crash,Following Too Closely,Daylight,Cloudy/Overcast,Dry,Y,,,,,Traffic Signal,Functioning Properly,N,2,41.876275,-87.784366,ok,(UNK),1,1902030,2019,1,28,3,50000 and OVER,9,4295,Oak Park,C,Urban Major Collector,8,16,23,10759114,4,Cook,0,19,,,2,N,(UNK),(UNK),201901469887,City,1,0,N,,,,3,307314,(N/A),Straight and Level,No Defects,1,1,Major Collector,5,,X001808308,Not Toll,73,3,4,Not Divided,1,2945376.26913643,1906443.96046101,41.87626716582562,-87.7844,,Urban,8,N,(N/A),Y,(N/A)
2019,2019-04-23,Tuesday,11,11:52 AM,Property Damage,No Injuries,0,0,0,0,0,2,Angle,15,N,N,Failing to Yield Right of Way,Driving Skills/Knowledge/Experience,Daylight,Clear,Dry,N,,,,,No Controls,No Controls,N,2,41.9057875,-87.7832445,ok,(UNK),1,1902037,2019,1,2,15,50000 and OVER,9,4295,Oak Park,C,Urban Local Road or Street,0,16,23,10759119,4,Cook,0,19,,,2,N,(UNK),(UNK),201901469889,City,1,0.58,N,,,,2,307315,(N/A),Straight and Level,No Defects,1,1,Local Road or Street,7,3140,X001808313,Not Toll,73,1,1,Not Divided,1,2945382.80778,1917207.36814712,41.90577966775557,-87.7832,,Urban,1,N,(N/A),Y,(N/A)
2019,2019-04-23,Tuesday,12,12:07 PM,Property Damage,No Injuries,0,0,0,0,0,2,Front to Rear,11,N,N,Failing to Reduce Speed to Avoid Crash,Driving Skills/Knowledge/Experience,Daylight,Cloudy/Overcast,Dry,N,,,,,Traffic Signal,Functioning Properly,N,2,41.901288,-87.8055138,ok,(UNK),1,1902039,2019,1,28,15,50000 and OVER,9,4295,Oak Park,C,Urban Other Principal Arte,0,16,23,10759129,4,Cook,0,19,,,2,N,(UNK),(UNK),201901469891,City,1,18.18,Y,,,,4,307316,(N/A),Straight and Level,No Defects,1,1,Other Principal Arterial (PAS),3,348,X001808323,Not Toll,73,3,4,Not Divided,1,2939365.5989722,1915399.90756207,41.90128014181803,-87.8055,,Urban,8,N,(N/A),Y,(N/A)
2019,2019-06-14,Friday,18,06:11 PM,Property Damage,No Injuries,0,0,0,0,0,2,Sideswipe Same Direction,12,N,N,Improper Overtaking/Passing,(N/A),Daylight,Cloudy/Overcast,Dry,N,,,,,Traffic Signal,Functioning Properly,N,2,41.8834626,-87.8039679,ok,(N/A),1,2019,,1,4,99,50000 and OVER,9,4295,Oak Park,C,Urban Local Road or Street,0,16,14,10759848,6,Cook,C,19,0,,5,X001808970,(UNK),(UNK),201901470201,Local,1,0.23,N,,,,5,307320,(N/A),Straight and Level,No Defects,1,1,No Median Barrier,7,2718,1903253,Urban,73,3,4,Divided,2,2939965.42652458,1908915.59757274,41.8834547578592,-87.804,,(UNK),8,(N/A),N,Y,N
2019,2019-06-14,Friday,22,10:02 PM,Property Damage,No Injuries,0,0,0,0,0,1,Parked Motor Vehicle,9,N,N,Failing to Reduce Speed to Avoid Crash,Unable to Determine,Darkness / Lighted Road,Rain,Wet,N,,,,,No Controls,No Controls,N,2,41.8832896,-87.8014512,ok,(UNK),1,1903258,2019,1,28,18,50000 and OVER,9,4295,Oak Park,C,Urban Local Road or Street,0,16,14,10759849,6,Cook,0,19,,,5,N,(UNK),(UNK),201901470203,City,5,0.17,N,,,,4,307321,(N/A),Straight and Level,No Defects,1,2,Local Road or Street,7,3015,X001808971,Not Toll,73,1,1,Not Divided,1,2940652.53269324,1908871.43397612,41.883281734274064,-87.8014,,Urban,2,N,(N/A),Y,(N/A)
2019,2019-06-15,Saturday,14,02:21 PM,Property Damage,No Injuries,0,0,0,0,0,3,Front to Rear,11,N,N,Failing to Reduce Speed to Avoid Crash,Unable to Determine,Daylight,Rain,Wet,N,,,,,No Controls,No Controls,N,2,41.8723399,-87.803498,ok,(N/A),1,2019,,1,28,18,50000 and OVER,9,4295,Oak Park,C,Urban Local Road or Street,0,16,15,10759910,6,Cook,C,19,0,,6,X001809031,(UNK),(UNK),201901470236,Local,1,0.06,N,,,,2,307338,(N/A),Straight and Level,No Defects,1,2,No Median Barrier,7,4062,1903275,Urban,73,1,1,Divided,2,2940205.06269654,1904865.8190259,41.8723320783622,-87.8035,,(UNK),2,(N/A),N,Y,N
2019,2019-06-16,Sunday,14,02:29 PM,Property Damage,No Injuries,0,0,0,0,0,2,Turning,10,N,N,Failing to Yield Right of Way,Failing to Reduce Speed to Avoid Crash,Daylight,Cloudy/Overcast,Dry,Y,,,,,Stop Sign,Functioning Properly,N,2,41.9091226,-87.7873713,ok,(UNK),1,1903289,2019,1,2,28,50000 and OVER,9,4295,Oak Park,C,Urban Other Principal Arte,6,16,16,10759924,6,Cook,0,19,,,7,N,(UNK),(UNK),201901470245,City,1,130.12,Y,,,,1,307341,(N/A),Straight and Level,No Defects,1,1,Other Principal Arterial (PAS),3,5064,X001809045,Not Toll,73,2,4,Not Divided,1,2944225.63320958,1918391.51920397,41.90911470991457,-87.7874,,Urban,8,N,(N/A),Y,(N/A)
2019,2019-04-12,Friday,15,03:25 PM,Property Damage,No Injuries,0,0,0,0,0,6,Front to Rear,11,N,N,Failing to Reduce Speed to Avoid Crash,Unable to Determine,Daylight,Clear,Wet,Y,,,,,No Controls,No Controls,N,2,41.8945292,-87.7879263,ok,(UNK),1,1901805,2019,1,28,18,50000 and OVER,9,4295,Oak Park,C,Urban Minor Arterial,0,16,12,10757876,4,Cook,0,19,,,5,N,(UNK),(UNK),201901469546,City,1,3.46,N,,,,2,307351,(N/A),Straight and Level,No Defects,1,2,Minor Arterial,4,1398,X001807413,Not Toll,73,1,1,Not Divided,1,2944222.11477848,1913069.21445134,41.894521335125255,-87.7879,,Urban,1,N,(N/A),Y,(N/A)
2019,2019-04-12,Friday,16,04:07 PM,Property Damage,No Injuries,0,0,0,0,0,3,Front to Rear,11,N,N,Following Too Closely,Failing to Reduce Speed to Avoid Crash,Daylight,Cloudy/Overcast,Dry,N,,,,,Traffic Signal,Functioning Properly,N,3,41.9017385,-87.7941076,ok,(UNK),1,1901808,2019,1,3,28,50000 and OVER,9,4295,Oak Park,C,Urban Major Collector,0,16,12,10757879,4,Cook,0,19,,,5,N,(UNK),(UNK),201901469548,City,1,1.58,N,,,,3,307352,(N/A),Straight and Level,No Defects,1,1,Major Collector,5,1394,X001807416,Not Toll,73,3,4,Not Divided,1,2942466.37859842,1915649.80716778,41.90173066448249,-87.7941,,Urban,8,N,(N/A),Y,(N/A)
2019,2019-04-13,Saturday,01,01:33 AM,Property Damage,No Injuries,0,0,0,0,0,1,Fixed Object,6,N,N,Under Influence of Alcohol/Drugs,Failing to Yield Right of Way,Darkness / Lighted Road,Clear,Dry,N,,,,,Stop Sign,Functioning Properly,Y,2,41.8832643,-87.8024514,ok,(N/A),1,2019,BIKE RACK,1,8,2,50000 and OVER,9,4295,Oak Park,C,Urban Local Road or Street,8,16,13,10757883,4,Cook,C,19,0,BIKE RACK,6,X001807420,(UNK),(UNK),201901469549,Local,5,0,N,,,,2,307353,(N/A),Straight and Level,No Defects,1,1,No Median Barrier,7,,1901816,Urban,73,2,4,Divided,2,2940380.40101759,1908854.71985752,41.88325647610359,-87.8024,,(UNK),1,(N/A),N,Y,N
2019,2019-04-13,Saturday,03,03:06 AM,Property Damage,No Injuries,0,0,0,0,0,2,Parked Motor Vehicle,9,N,N,Failing to Reduce Speed to Avoid Crash,Improper Lane Usage,Darkness / Lighted Road,Clear,Dry,N,,,,,No Controls,No Controls,N,3,41.8848412,-87.8040195,ok,(N/A),1,2019,,1,28,20,50000 and OVER,9,4295,Oak Park,C,Urban Local Road or Street,0,16,13,10757892,4,Cook,C,19,0,,6,X001807429,(UNK),(UNK),201901469552,Local,5,0.13,N,,,,2,307356,(N/A),Straight and Level,No Defects,1,1,No Median Barrier,7,2718,1901817,Urban,73,1,1,Divided,2,2939937.55914214,1909417.58213912,41.88483331392278,-87.804,,(UNK),1,(N/A),N,Y,N
2019,2019-04-23,Tuesday,18,06:48 PM,Injury,B Injury Crash,1,0,0,1,0,1,Pedalcyclist,2,N,Y,Failing to Reduce Speed to Avoid Crash,Operating Vehicle In Reckless Manner,Daylight,Clear,Dry,N,,,,,No Controls,No Controls,Y,1,41.8982716,-87.7810468,ok,(N/A),1,2019,,1,28,50,50000 and OVER,9,4295,Oak Park,C,Urban Local Road or Street,0,16,23,10759155,4,Cook,C,19,2,,2,X001808349,(UNK),(UNK),201901469896,Local,1,1.26,N,,,,2,307370,(N/A),Straight and Level,No Defects,1,1,No Median Barrier,7,3100,1902050,Urban,73,1,1,Divided,2,2946057.30088484,1914485.05985105,41.898263753762535,-87.781,,(UNK),1,(N/A),N,Y,N
2019,2019-04-24,Wednesday,15,03:58 PM,Injury,B Injury Crash,1,0,0,1,0,6,Front to Rear,11,N,N,Failing to Reduce Speed to Avoid Crash,Following Too Closely,Daylight,Clear,Dry,N,,,,,No Controls,No Controls,Y,5,41.8798664,-87.7847996,ok,(N/A),1,2019,,1,28,3,50000 and OVER,9,4295,Oak Park,C,Urban Minor Arterial,0,16,24,10759162,4,Cook,C,19,2,,3,X001808355,(UNK),(UNK),201901469898,Minor,1,4.09,N,,,,4,307372,(N/A),Straight and Level,No Defects,1,1,No Median Barrier,4,1419,1902062,Urban,73,1,1,Divided,2,2945221.82324984,1907749.44758228,41.87985854973658,-87.7848,,(UNK),1,(N/A),N,Y,N
2019,2019-04-25,Thursday,16,04:37 PM,Property Damage,No Injuries,0,0,0,0,0,4,Parked Motor Vehicle,9,N,N,Driving Skills/Knowledge/Experience,Failing to Yield Right of Way,Daylight,Clear,Dry,N,,,,,No Controls,No Controls,N,2,41.8883508,-87.7853281,ok,(UNK),1,1902087,2019,1,15,2,50000 and OVER,9,4295,Oak Park,C,Urban Major Collector,0,16,25,10759172,4,Cook,0,19,,,4,N,(UNK),(UNK),201901469904,City,1,0.82,N,,,,2,307374,(N/A),Straight and Level,No Defects,1,1,Major Collector,5,1405,X001808365,Not Toll,73,1,1,Two-way Continuous Left-Tur,4,2944992.06187896,1910837.34427762,41.88834299819065,-87.7853,,Urban,1,N,(N/A),Y,(N/A)
2019,2019-04-25,Thursday,17,05:47 PM,Property Damage,No Injuries,0,0,0,0,0,1,Fixed Object,6,N,N,Failing to Reduce Speed to Avoid Crash,Unable to Determine,Daylight,Clear,Dry,N,,,,,No Controls,No Controls,Y,1,41.8706562,-87.7804431,ok,(N/A),1,2019,,1,28,18,50000 and OVER,9,4295,Oak Park,C,Urban Local Road or Street,0,16,25,10759176,4,Cook,C,19,0,VILLAGE TREE,4,X001808369,(UNK),(UNK),201901469907,Local,1,0.01,N,,,,2,307375,(N/A),Straight and Level,No Defects,1,1,No Median Barrier,7,2630,1902089,Urban,73,1,1,Divided,2,2946501.65070527,1904426.06298793,41.87064836759417,-87.7804,,(UNK),1,(N/A),N,Y,N
2019,2019-04-13,Saturday,18,06:40 PM,Property Damage,No Injuries,0,0,0,0,0,2,Turning,10,N,N,Unable to Determine,(N/A),Daylight,Clear,Dry,Y,,,,,Traffic Signal,Functioning Properly,Y,2,41.8738243,-87.8045306,ok,(UNK),1,1901840,2019,1,18,99,50000 and OVER,9,4295,Oak Park,C,Urban Other Principal Arte,0,16,13,10757897,4,Cook,0,19,,,6,N,(UNK),(UNK),201901469554,City,1,20.08,Y,,,,4,307471,(N/A),Straight and Level,No Defects,1,1,Other Principal Arterial (PAS),3,348,X001807434,Not Toll,73,3,4,Divided With Median Barrier,3,2939908.92937208,1905399.00405598,41.87381644736248,-87.8045,,Urban,1,N,(N/A),Y,(N/A)
2019,2019-04-13,Saturday,15,03:41 PM,Property Damage,No Injuries,0,0,0,0,0,1,Parked Motor Vehicle,9,N,N,Failing to Reduce Speed to Avoid Crash,Improper Lane Usage,Unknown,Clear,Dry,N,,,,,No Controls,No Controls,Y,2,41.8854074,-87.8047191,ok,(UNK),1,1901829,2019,1,28,20,50000 and OVER,9,4295,Oak Park,C,Urban Local Road or Street,0,16,13,10757910,4,Cook,0,19,,,6,N,(UNK),(UNK),201901469560,City,9,0.01,N,,,,2,307475,(N/A),Straight and Level,No Defects,1,1,Local Road or Street,7,3030,X001807447,Not Toll,73,1,1,Not Divided,1,2939741.36375587,1909618.69786083,41.88539959414195,-87.8047,,Urban,1,N,(N/A),Y,(N/A)
2019,2019-04-14,Sunday,00,00:33 AM,Property Damage,No Injuries,0,0,0,0,0,2,Turning,10,N,N,Failing to Yield Right of Way,Failing to Reduce Speed to Avoid Crash,Darkness / Lighted Road,Clear,Dry,Y,,,,,Traffic Signal,Functioning Properly,N,2,41.887107,-87.8049778,ok,(N/A),1,2019,,1,2,28,50000 and OVER,9,4295,Oak Park,C,Urban Other Principal Arte,6,16,14,10757916,4,Cook,C,19,0,,7,X001807453,(UNK),(UNK),201901469564,Other,5,26.54,Y,,,,4,307485,(N/A),Straight and Level,No Defects,1,1,No Median Barrier,3,5043,1901838,Urban,73,3,4,Divided,2,2939653.84539076,1910236.11464217,41.887099171408984,-87.805,,(UNK),1,(N/A),N,Y,N
2019,2019-04-14,Sunday,11,11:48 AM,Property Damage,No Injuries,0,0,0,0,0,3,Angle,15,N,N,Failing to Yield Right of Way,Failing to Reduce Speed to Avoid Crash,Daylight,Snow,Snow or Slush,Y,,,,,Stop Sign,Functioning Properly,N,2,41.883254,-87.8039594,ok,(UNK),1,1901843,2019,1,2,28,50000 and OVER,9,4295,Oak Park,C,Urban Local Road or Street,8,16,14,10757922,4,Cook,0,19,,,7,N,(UNK),(UNK),201901469566,City,1,0,N,,,,2,307486,(N/A),Straight and Level,No Defects,1,3,Local Road or Street,7,,X001807459,Not Toll,73,2,4,Divided With Median Barrier,3,2939969.84259827,1908839.64049056,41.88324614852341,-87.804,,Urban,3,N,(N/A),Y,(N/A)
2019,2019-04-14,Sunday,13,01:41 PM,Property Damage,No Injuries,0,0,0,0,0,2,Front to Rear,11,N,N,Failing to Reduce Speed to Avoid Crash,Weather,Daylight,Snow,Snow or Slush,Y,,,,,Traffic Signal,Functioning Properly,N,2,41.881571,-87.7894034,ok,(UNK),1,1901845,2019,1,28,11,50000 and OVER,9,4295,Oak Park,C,Urban Major Collector,0,16,14,10757924,4,Cook,0,19,,,7,N,(UNK),(UNK),201901469567,City,1,0.5,N,,,,1,307487,(N/A),Straight and Level,No Defects,1,3,Major Collector,5,2779,X001807461,Not Toll,73,3,4,Not Divided,1,2943950.8038267,1908335.85623071,41.88156315749968,-87.7894,,Urban,3,N,(N/A),Y,(N/A)
2019,2019-06-13,Thursday,22,10:31 PM,Property Damage,No Injuries,0,0,0,0,0,2,Angle,15,N,N,Disregarding Traffic Signals,Unable to Determine,Darkness / Lighted Road,Clear,Dry,Y,,,,,Traffic Signal,Functioning Properly,N,2,41.8719978,-87.7939858,ok,(UNK),1,1903227,2019,1,25,18,50000 and OVER,9,4295,Oak Park,C,Urban Major Collector,8,16,13,10759687,6,Cook,0,19,,,4,N,(UNK),(UNK),201901470120,City,5,0,N,,,,(UNK),307490,(N/A),Straight and Level,No Defects,1,1,Major Collector,5,,X001808839,Not Toll,73,3,4,Not Divided,1,2942799.37092384,1904812.67043659,41.871989999646125,-87.794,,Urban,1,N,(N/A),Y,(N/A)
2019,2019-06-14,Friday,09,09:16 AM,Property Damage,No Injuries,0,0,0,0,0,1,Parked Motor Vehicle,9,N,N,Exceeding Safe Speed For Conditions,Distraction - From Outside Vehicle,Daylight,Clear,Dry,N,,,,,No Controls,No Controls,N,4,41.9089219,-87.8003289,ok,(UNK),1,1903237,2019,1,27,40,50000 and OVER,9,4295,Oak Park,C,Urban Other Principal Arte,0,16,14,10759694,6,Cook,0,19,,,5,N,(UNK),(UNK),201901470128,City,1,6.21,Y,,,,3,307491,(N/A),Straight and Level,No Defects,1,1,Other Principal Arterial (PAS),3,307,X001808846,Not Toll,73,1,1,Divided With Median Barrier,3,2940700.39417249,1918220.7748298,41.9089140719849,-87.8003,,Urban,1,N,(N/A),Y,(N/A)
2019,2019-04-25,Thursday,23,11:59 PM,Property Damage,No Injuries,0,0,0,0,0,1,Fixed Object,6,N,N,Failing to Reduce Speed to Avoid Crash,(N/A),Darkness / Lighted Road,Rain,Wet,N,,,,,No Controls,No Controls,N,1,41.8906956,-87.7831418,ok,(UNK),1,1902092,2019,1,28,99,50000 and OVER,9,4295,Oak Park,C,Urban Local Road or Street,0,16,25,10759185,4,Cook,0,19,LAMP POST,,4,N,(UNK),(UNK),201901469913,City,5,0.64,N,,,,2,307511,(N/A),Straight and Level,No Defects,1,2,Local Road or Street,7,2635,X001808378,Not Toll,73,1,1,Not Divided,1,2945563.63779286,1911708.35162319,41.89068774245146,-87.7831,,Urban,2,N,(N/A),Y,(N/A)
2019,2019-04-26,Friday,05,05:41 AM,Injury,B Injury Crash,1,0,0,1,0,0,Fixed Object,6,N,N,Physical Condition of Driver,Improper Lane Usage,Daylight,Clear,Dry,N,,,,,No Controls,No Controls,N,1,41.8942937,-87.8012185,ok,(N/A),1,2019,BRICK FENCE,1,17,20,50000 and OVER,9,4295,Oak Park,C,Urban Minor Arterial,0,16,26,10759188,4,Cook,C,19,2,BRICK FENCE,5,X001808381,(UNK),(UNK),201901469915,Minor,1,2.76,N,,,,4,307513,(N/A),Straight and Level,No Defects,1,1,No Median Barrier,4,1398,1902093,Urban,73,1,1,Divided,2,2940605.29685293,1912883.28066792,41.894285835884155,-87.8012,,(UNK),1,(N/A),N,Y,N
2019,2019-04-26,Friday,10,10:15 AM,Property Damage,No Injuries,0,0,0,0,0,2,Front to Rear,11,N,N,Following Too Closely,Disregarding Traffic Signals,Daylight,Clear,Dry,Y,,,,,Traffic Signal,Functioning Properly,N,2,41.8885291,-87.8050242,ok,(UNK),1,1902102,2019,1,3,25,50000 and OVER,9,4295,Oak Park,C,Urban Other Principal Arte,0,16,26,10759191,4,Cook,0,19,,,5,N,(UNK),(UNK),201901469918,City,1,26.64,Y,,,,5,307515,(N/A),Straight and Level,No Defects,1,1,Other Principal Arterial (PAS),3,5043,X001808384,Not Toll,73,3,4,Two-way Continuous Left-Tur,4,2939626.95323029,1910754.00174945,41.888521258280235,-87.805,,Urban,1,N,(N/A),Y,(N/A)
2019,2019-04-26,Friday,11,11:21 AM,Injury,A Injury Crash,2,0,1,1,0,1,Parked Motor Vehicle,9,N,N,Failing to Reduce Speed to Avoid Crash,Driving Skills/Knowledge/Experience,Daylight,Clear,Dry,N,,,,,Traffic Signal,Functioning Properly,N,2,41.8947174,-87.7751934,ok,(UNK),1,1902104,2019,1,28,15,50000 and OVER,9,4295,Oak Park,C,Urban Minor Arterial,8,16,26,10759192,4,Cook,3,19,,,5,N,(UNK),(UNK),201901470110,City,1,0,N,,,,2,307516,(N/A),Straight and Level,No Defects,1,1,Minor Arterial,4,,X001808385,Not Toll,73,3,4,Not Divided,1,2947687.08386583,1913234.22121575,41.89470952383592,-87.7752,,Urban,1,N,(N/A),Y,(N/A)
2019,2019-04-15,Monday,05,05:42 AM,Property Damage,No Injuries,0,0,0,0,0,2,Front to Rear,11,N,N,Following Too Closely,Weather,Dawn,Snow,Ice,Y,,,,,Traffic Signal,Functioning Properly,N,2,41.8735079,-87.8045198,ok,Partial Access Control,1,1901853,2019,1,3,11,50000 and OVER,9,4295,Oak Park,C,Urban InterState (PAS),0,16,15,10757929,4,Cook,0,19,,,1,N,(UNK),(UNK),201901469571,City,2,25.6,Y,,,,4,307545,(N/A),Straight and Level,No Defects,1,4,InterState (PAS),1,5043,X001807466,Not Toll,73,3,4,Two-way Continuous Left-Tur,4,2939915.04139067,1905283.80433685,41.87350010539644,-87.8045,,Urban,3,N,(N/A),Y,(N/A)
2019,2019-06-14,Friday,12,12:59 PM,Property Damage,No Injuries,0,0,0,0,0,4,Front to Rear,11,N,N,Failing to Reduce Speed to Avoid Crash,Unable to Determine,Daylight,Clear,Dry,Y,,,,,Traffic Signal,Functioning Properly,N,2,41.87231,-87.8044661,ok,(N/A),1,2019,,1,28,18,50000 and OVER,9,4295,Oak Park,C,Urban Other Principal Arte,0,16,14,10759800,6,Cook,C,19,0,,5,X001808925,(UNK),(UNK),201901470164,Other,1,25.52,Y,,,,4,307553,(N/A),Straight and Level,No Defects,1,1,No Median Barrier,3,5043,1903239,Urban,73,3,4,Divided,2,2939941.68157026,1904847.65968554,41.872302174400744,-87.8045,,(UNK),1,(N/A),N,Y,N
2019,2019-04-26,Friday,12,12:29 PM,Property Damage,No Injuries,0,0,0,0,0,1,Parked Motor Vehicle,9,N,N,Improper Overtaking/Passing,Failing to Reduce Speed to Avoid Crash,Daylight,Clear,Dry,N,,,,,Traffic Signal,Functioning Properly,N,2,41.8800106,-87.7756316,ok,(UNK),1,1902107,2019,1,4,28,50000 and OVER,9,4295,Oak Park,C,Urban Minor Arterial,0,16,26,10759194,4,Cook,0,19,,,5,N,(UNK),(UNK),201901469919,City,1,4.57,N,,,,4,307571,(N/A),Straight and Level,No Defects,1,1,Minor Arterial,4,1419,X001808387,Not Toll,73,3,4,Divided With Median Barrier,3,2947717.19336491,1907871.48192461,41.88000280280016,-87.7756,,Urban,1,N,(N/A),Y,(N/A)
2019,2019-04-27,Saturday,13,01:24 PM,Property Damage,No Injuries,0,0,0,0,0,2,Front to Rear,11,N,N,Failing to Reduce Speed to Avoid Crash,(N/A),Daylight,Snow,Snow or Slush,Y,,,,,Traffic Signal,Functioning Properly,N,2,41.8727465,-87.7940039,ok,(N/A),1,2019,,1,28,99,50000 and OVER,9,4295,Oak Park,C,Urban Major Collector,8,16,27,10759205,4,Cook,C,19,0,,6,X001808398,(UNK),(UNK),201901469922,Major,1,0,N,,,,2,307572,(N/A),Straight and Level,No Defects,1,3,No Median Barrier,5,,1902122,Urban,73,3,4,Divided,2,2942786.89012338,1905085.35395718,41.872738645624345,-87.794,,(UNK),3,(N/A),N,Y,N
2019,2019-04-27,Saturday,17,05:22 PM,Property Damage,No Injuries,0,0,0,0,0,5,Front to Rear,11,N,N,Failing to Reduce Speed to Avoid Crash,(N/A),Daylight,Snow,Snow or Slush,Y,,,,,Stop Sign,Functioning Properly,Y,3,41.8930993,-87.7848356,ok,(N/A),1,2019,,1,28,99,50000 and OVER,9,4295,Oak Park,C,Urban Major Collector,8,16,27,10759208,4,Cook,C,19,0,,6,X001808401,(UNK),(UNK),201901469923,Major,1,0,N,,,,2,307573,(N/A),Straight and Level,No Defects,1,3,No Median Barrier,5,,1902126,Urban,73,2,4,Divided,2,2945078.10896265,1912571.51055128,41.89309149210782,-87.7848,,(UNK),3,(N/A),N,Y,N
2019,2019-04-27,Saturday,18,06:23 PM,Property Damage,No Injuries,0,0,0,0,0,1,Parked Motor Vehicle,9,N,N,Failing to Reduce Speed to Avoid Crash,Exceeding Safe Speed For Conditions,Daylight,Snow,Wet,N,,,,,No Controls,No Controls,N,2,41.8980283,-87.7801025,ok,(UNK),1,1902127,2019,1,28,27,50000 and OVER,9,4295,Oak Park,C,Urban Local Road or Street,0,16,27,10759209,4,Cook,0,19,,,6,N,(UNK),(UNK),201901469924,City,1,0.77,N,,,,2,307574,(N/A),Straight and Level,No Defects,1,2,Local Road or Street,7,3559,X001808402,Not Toll,73,1,1,Not Divided,1,2946316.84767025,1914403.54393916,41.89802043616272,-87.7801,,Urban,3,N,(N/A),Y,(N/A)
2019,2019-04-28,Sunday,14,02:30 PM,Injury,C Injury Crash,1,0,0,0,1,7,Front to Rear,11,N,N,Failing to Reduce Speed to Avoid Crash,Unable to Determine,Daylight,Clear,Dry,N,,,,,No Controls,No Controls,N,3,41.8942453,-87.8028495,ok,(UNK),1,1902140,2019,1,28,18,50000 and OVER,9,4295,Oak Park,C,Urban Minor Arterial,8,16,28,10759212,4,Cook,1,19,,,7,N,(UNK),(UNK),201901469926,City,1,0,N,,,,2,307575,(N/A),Straight and Level,No Defects,1,1,Minor Arterial,4,,X001808405,Not Toll,73,1,1,Not Divided,1,2940161.7141821,1912853.3954307,41.89423742948774,-87.8028,,Urban,1,N,(N/A),Y,(N/A)
2019,2019-04-28,Sunday,15,03:44 PM,Property Damage,No Injuries,0,0,0,0,0,2,Front to Rear,11,N,N,Failing to Reduce Speed to Avoid Crash,Following Too Closely,Daylight,Clear,Dry,N,,,,,Traffic Signal,Functioning Properly,N,2,41.8944292,-87.7939688,ok,(UNK),1,1902142,2019,1,28,3,50000 and OVER,9,4295,Oak Park,C,Urban Minor Arterial,0,16,28,10759214,4,Cook,0,19,,,7,N,(UNK),(UNK),201901469927,City,1,3.14,N,,,,3,307576,(N/A),Straight and Level,No Defects,1,1,Minor Arterial,4,1398,X001808407,Not Toll,73,3,4,Not Divided,1,2942577.86516478,1912987.19548914,41.89442134465608,-87.794,,Urban,1,N,(N/A),Y,(N/A)