crash_year,crash_date,day_of_week,crash_hour,time_of_crash,crash_severity,crash_injury_severity,total_injured,total_fatals,a_injuries,b_injuries,c_injuries,no_injuries,type_of_first_crash,collision_type_code,pedestrian_involved,pedalcyclist_involved,cause1,cause2,lighting_cond,weather_cond,road_surface_cond,intersection_related,is_intersection,highway_or_street_name,at_intersection_with,address_no,traffic_control_device,traffic_control_device_cond,hit_and_run,number_of_vehicles,latitude,longitude,location_status,access_control,agency_code,agency_report_number,agency_report_year,alignment_code,cause1_code,cause2_code,city_class,city_class_code,city_code,city_name,city_township_flag,class_of_trafficway,class_of_trafficway_code,county_code,crash_day,crash_id,crash_month,crash_report_county,crash_severity_cd,crash_yr_source,damaged_property1,damaged_property2,day_of_week_code,did_crash_occur_in_work_zone,did_involve_secondary_crash,flow_condition,icn,investigating_agency_descrip,light_condition_code,mile_station,nhs,non_intersection_direction,non_intersection_distance,non_intersection_units,number_of_lanes,objectid,railroad_crossing_number,road_alignment,road_defects,road_defects_code,road_surface_condition_code,roadway_functional_class,roadway_functional_class_code,route_number,sfe,toll,township,traffic_control_device_code,traffic_control_device_cond_code,trafficway_descrip,trafficway_description_code,ts_crash_coordinate_x,ts_crash_coordinate_y,ts_crash_latitude,ts_crash_longitude,type_report,urban_rural,weather_code,were_workers_present,work_zone,work_zone_related,work_zone_type
2019,2019-04-29,Monday,09,09:50 AM,Injury,B Injury Crash,2,0,0,2,0,0,Turning,10,N,N,Failing to Yield Right of Way,Vision Obscured,Daylight,Rain,Wet,Y,,,,,Stop Sign,Functioning Properly,N,3,41.8944578,-87.7912962,ok,(UNK),1,1902151,2019,1,2,14,50000 and OVER,9,4295,Oak Park,C,Urban Minor Arterial,8,16,29,10759226,4,Cook,2,19,,,1,N,(UNK),(UNK),201901469930,City,1,0,N,,,,(UNK),307625,(N/A),Straight and Level,No Defects,1,2,Minor Arterial,4,,X001808416,Not Toll,73,2,4,Not Divided,1,2943305.26595386,1913017.78257151,41.89444999676687,-87.7913,,Urban,2,N,(N/A),Y,(N/A)
2019,2019-04-29,Monday,14,02:36 PM,Property Damage,No Injuries,0,0,0,0,0,3,Angle,15,N,N,Failing to Yield Right of Way,(N/A),Daylight,Rain,Wet,Y,,,,,Traffic Signal,Functioning Properly,N,2,41.9020078,-87.7753558,ok,(N/A),1,2019,,1,2,99,50000 and OVER,9,4295,Oak Park,C,Urban Minor Arterial,8,16,29,10759240,4,Cook,C,19,0,,1,X001808429,(UNK),(UNK),201901469934,Minor,1,0,N,,,,2,307626,(N/A),Straight and Level,No Defects,1,2,No Median Barrier,4,,1902160,Urban,,3,4,Divided,2,2947568.75581549,1915889.78123734,41.90199999839421,-87.7754,,(UNK),2,(N/A),N,Y,N
2019,2019-04-29,Monday,14,02:45 PM,Injury,C Injury Crash,1,0,0,0,1,2,Sideswipe Same Direction,12,N,N,Failing to Yield Right of Way,Improper Overtaking/Passing,Daylight,Cloudy/Overcast,Dry,N,,,,,No Controls,No Controls,N,2,41.8825917,-87.7943358,ok,(UNK),1,1902161,2019,1,2,4,50000 and OVER,9,4295,Oak Park,C,Urban Major Collector,0,16,29,10759241,4,Cook,1,19,,,1,N,(UNK),(UNK),201901469935,City,1,5.95,N,,,,2,307627,(N/A),Straight and Level,No Defects,1,1,Major Collector,5,2775,X001808430,Not Toll,73,1,1,Not Divided,1,2942597.27394293,1908670.63265886,41.88258386879607,-87.7943,,Urban,8,N,(N/A),Y,(N/A)
2019,2019-04-30,Tuesday,11,11:42 AM,Property Damage,No Injuries,0,0,0,0,0,3,Angle,15,N,N,Disregarding Traffic Signals,Unable to Determine,Daylight,Rain,Wet,Y,,,,,Traffic Signal,Functioning Properly,N,2,41.8813878,-87.8047858,ok,(UNK),1,1902170,2019,1,25,18,50000 and OVER,9,4295,Oak Park,C,Urban Other Principal Arte,0,16,30,10759243,4,Cook,0,19,,,2,N,(UNK),(UNK),201901469936,City,1,26.14,Y,,,,(UNK),307628,(N/A),Straight and Level,No Defects,1,2,Other Principal Arterial (PAS),3,5043,X001808432,Not Toll,73,3,4,Not Divided,1,2939763.52364909,1908153.38389951,41.881379999600746,-87.8048,,Urban,2,N,(N/A),Y,(N/A)
2019,2019-05-01,Wednesday,06,06:35 AM,Property Damage,No Injuries,0,0,0,0,0,2,Sideswipe Same Direction,12,N,N,Failing to Yield Right of Way,Failing to Reduce Speed to Avoid Crash,Daylight,Rain,Wet,N,,,,,No Controls,No Controls,N,2,41.8886018,-87.8040276,ok,(N/A),1,2019,,1,2,28,50000 and OVER,9,4295,Oak Park,C,Urban Major Collector,0,16,1,10759246,5,Cook,C,19,0,,3,X001808435,(UNK),(UNK),201901469939,Major,1,0.05,N,,,,2,307629,(N/A),Straight and Level,No Defects,1,2,No Median Barrier,5,8,1902181,Urban,73,1,1,Divided,2,2939897.59081011,1910787.9653291,41.88859394794947,-87.804,,(UNK),2,(N/A),N,Y,N
2019,2019-05-01,Wednesday,09,09:20 AM,Property Damage,No Injuries,0,0,0,0,0,3,Turning,10,N,N,Improper Turning/No Signal,Failing to Reduce Speed to Avoid Crash,Daylight,Clear,Wet,N,,,,,No Controls,No Controls,N,2,41.8799399,-87.7942827,ok,(N/A),1,2019,,1,6,28,50000 and OVER,9,4295,Oak Park,C,Urban Major Collector,0,16,1,10759248,5,Cook,C,19,0,,3,X001808437,(UNK),(UNK),201901469940,Major,1,6.15,N,,,,4,307630,(N/A),Straight and Level,No Defects,1,2,No Median Barrier,5,2775,1902184,Urban,73,1,1,Divided,2,2942638.47378055,1907704.64574999,41.879932007143466,-87.7943,,(UNK),1,(N/A),N,Y,N
2019,2019-05-01,Wednesday,09,09:32 AM,Property Damage,No Injuries,0,0,0,0,0,4,Turning,10,N,N,Failing to Yield Right of Way,Failing to Yield Right of Way,Daylight,Rain,Wet,Y,,,,,Stop Sign,Functioning Properly,N,3,41.8780685,-87.7856033,ok,(UNK),1,1902185,2019,1,2,2,50000 and OVER,9,4295,Oak Park,C,Urban Local Road or Street,8,16,1,10759252,5,Cook,0,19,,,3,N,(UNK),(UNK),201901469941,City,1,0,N,,,,4,307691,(N/A),Straight and Level,No Defects,1,2,Local Road or Street,7,,X001808441,Not Toll,73,2,4,Other,8,2945021.14652963,1907088.18726223,41.878060661062285,-87.7856,,Urban,2,N,(N/A),Y,(N/A)
2019,2019-05-01,Wednesday,10,10:17 AM,Injury,B Injury Crash,1,0,0,1,0,2,Front to Rear,11,N,N,Following Too Closely,Failing to Reduce Speed to Avoid Crash,Daylight,Cloudy/Overcast,Wet,N,,,,,No Controls,No Controls,N,2,41.8865936,-87.7944493,ok,(N/A),1,2019,,1,3,28,50000 and OVER,9,4295,Oak Park,C,Urban Major Collector,0,16,1,10760846,5,Cook,C,19,2,,3,X001809386,(UNK),(UNK),201901470343,Major,1,5.67,N,,,,4,307819,(N/A),Straight and Level,No Defects,1,2,No Median Barrier,5,2775,1902186,Urban,73,1,1,Divided,2,2942526.0379417,1910128.13086032,41.88658573089609,-87.7944,,(UNK),8,(N/A),N,Y,N
2019,2019-05-01,Wednesday,11,11:05 AM,Property Damage,No Injuries,0,0,0,0,0,2,Angle,15,N,N,Failing to Reduce Speed to Avoid Crash,Unable to Determine,Daylight,Cloudy/Overcast,Wet,N,,,,,No Controls,No Controls,N,2,41.8868497,-87.7967336,ok,(UNK),1,1902187,2019,1,28,18,50000 and OVER,9,4295,Oak Park,C,Urban Local Road or Street,0,16,1,10760849,5,Cook,0,19,,,3,N,(UNK),(UNK),201901470344,City,1,0.41,N,,,,1,307820,(N/A),Straight and Level,No Defects,1,2,Local Road or Street,7,3036,X001809389,Not Toll,73,1,1,One-Way,10,2941901.40368438,1910204.2580917,41.8868418220679,-87.7967,,Urban,8,N,(N/A),Y,(N/A)
2019,2019-05-01,Wednesday,14,02:02 PM,Property Damage,No Injuries,0,0,0,0,0,2,Sideswipe Same Direction,12,N,N,Failing to Yield Right of Way,(N/A),Daylight,Cloudy/Overcast,Dry,N,,,,,No Controls,No Controls,N,2,41.8946253,-87.7804024,ok,(UNK),1,1902191,2019,1,2,99,50000 and OVER,9,4295,Oak Park,C,Urban Minor Arterial,0,16,1,10760851,5,Cook,0,19,,,3,N,(UNK),(UNK),201901470345,City,1,3.85,N,,,,2,307821,(N/A),Straight and Level,No Defects,1,1,Minor Arterial,4,1398,X001809391,Not Toll,73,1,1,Not Divided,1,2946269.70624451,1913161.17200127,41.89461749203489,-87.7804,,Urban,8,N,(N/A),Y,(N/A)
2019,2019-05-01,Wednesday,19,07:43 PM,Property Damage,No Injuries,0,0,0,0,0,2,Sideswipe Same Direction,12,N,N,Improper Lane Usage,Exceeding Authorized Speed Limit,Darkness / Lighted Road,Cloudy/Overcast,Dry,N,,,,,No Controls,No Controls,N,2,41.8880336,-87.7846853,ok,(UNK),1,1902199,2019,1,20,1,50000 and OVER,9,4295,Oak Park,C,Urban Major Collector,0,16,1,10760857,5,Cook,0,19,,,3,N,(UNK),(UNK),201901470347,City,5,0.95,N,,,,4,307822,(N/A),Straight and Level,No Defects,1,1,Major Collector,5,2783,X001809397,Not Toll,73,1,1,Not Divided,1,2945170.29817876,1910726.59783643,41.88802576192833,-87.7847,,Urban,8,N,(N/A),Y,(N/A)
2019,2019-05-02,Thursday,16,04:42 PM,Property Damage,No Injuries,0,0,0,0,0,7,Sideswipe Same Direction,12,N,N,Failing to Yield Right of Way,Failing to Reduce Speed to Avoid Crash,Daylight,Rain,Wet,Y,,,,,Traffic Signal,Functioning Properly,N,2,41.8719977,-87.7939841,ok,(N/A),1,2019,,1,2,28,50000 and OVER,9,4295,Oak Park,C,Urban Major Collector,8,16,2,10760862,5,Cook,C,19,0,,4,X001809402,(UNK),(UNK),201901470350,Major,1,0,N,,,,2,307845,(N/A),Straight and Level,No Defects,1,2,No Median Barrier,5,,1902215,Urban,73,3,4,Divided,2,2942799.82836931,1904812.63423582,41.87198986569328,-87.794,,(UNK),2,(N/A),N,Y,N
2019,2019-05-02,Thursday,18,06:28 PM,Property Damage,No Injuries,0,0,0,0,0,2,Turning,10,N,N,Failing to Yield Right of Way,Driving Skills/Knowledge/Experience,Daylight,Cloudy/Overcast,Wet,N,,,,,No Controls,No Controls,N,2,41.8883467,-87.785214,ok,(UNK),1,1902217,2019,1,2,15,50000 and OVER,9,4295,Oak Park,C,Urban Major Collector,0,16,2,10760870,5,Cook,0,19,,,4,N,(UNK),(UNK),201901470351,City,1,0.82,N,,,,2,307846,(N/A),Straight and Level,No Defects,1,2,Major Collector,5,1405,X001809410,Not Toll,73,1,1,Not Divided,1,2945023.17647518,1910836.69630734,41.888338852501285,-87.7852,,Urban,8,N,(N/A),Y,(N/A)
2019,2019-05-13,Monday,15,03:24 PM,Property Damage,No Injuries,0,0,0,0,0,2,Front to Rear,11,N,N,Following Too Closely,Failing to Reduce Speed to Avoid Crash,Daylight,Clear,Dry,Y,,,,,Traffic Signal,Functioning Properly,N,2,41.8944809,-87.784864,ok,(UNK),1,1902438,2019,1,3,28,50000 and OVER,9,4295,Oak Park,C,Urban Minor Arterial,0,16,13,10757704,5,Cook,0,19,,,1,N,(UNK),(UNK),201901469474,City,1,0.51,N,,,,3,307874,(N/A),Straight and Level,No Defects,1,1,Minor Arterial,4,2783,X001807248,Not Toll,73,3,4,Two-way Continuous Left-Tur,4,2945056.38573212,1913074.74935519,41.894473015363786,-87.7849,,Urban,1,N,(N/A),Y,(N/A)
2019,2019-05-15,Wednesday,16,04:07 PM,Injury,B Injury Crash,1,0,0,1,0,2,Pedestrian,1,Y,N,Failing to Yield Right of Way,Disregarding Stop Sign,Daylight,Clear,Dry,Y,,,,,Stop Sign,Functioning Properly,N,1,41.8880791,-87.7765378,ok,(UNK),1,1902476,2019,1,2,23,50000 and OVER,9,4295,Oak Park,C,Urban Major Collector,8,16,15,10757705,5,Cook,2,19,,,3,N,(UNK),(UNK),201901469475,City,1,0,N,,,,2,307875,(N/A),Straight and Level,No Defects,1,1,Major Collector,5,,X001807249,Not Toll,73,2,4,Not Divided,1,2947388.44130502,1910804.91367825,41.88807128988952,-87.7765,,Urban,1,N,(N/A),Y,(N/A)
2019,2019-03-28,Thursday,18,06:54 PM,Property Damage,No Injuries,0,0,0,0,0,3,Front to Rear,11,N,N,Failing to Reduce Speed to Avoid Crash,Unable to Determine,Dusk,Clear,Dry,N,,,,,No Controls,No Controls,N,2,41.8854023,-87.8049146,ok,(N/A),1,2019,,1,28,18,50000 and OVER,9,4295,Oak Park,C,Urban Other Principal Arte,0,16,28,10757707,3,Cook,C,19,0,,4,X001807251,(UNK),(UNK),201901469477,Other,3,26.42,Y,,,,4,307889,(N/A),Straight and Level,No Defects,1,1,No Median Barrier,3,5043,1901507,Urban,73,1,1,Divided,2,2939688.1639375,1909615.3591016,41.88539445621106,-87.8049,,(UNK),1,(N/A),N,Y,N
2019,2019-03-31,Sunday,20,08:06 PM,Property Damage,No Injuries,0,0,0,0,0,1,Parked Motor Vehicle,9,N,N,Driving Skills/Knowledge/Experience,Driving Skills/Knowledge/Experience,Darkness / Lighted Road,Clear,Dry,N,,,,,No Controls,No Controls,Y,2,41.8757948,-87.7953154,ok,(UNK),1,1901727,2019,1,15,15,50000 and OVER,9,4295,Oak Park,C,Urban Local Road or Street,0,16,31,10757712,3,Cook,0,19,,,7,N,(UNK),(UNK),201901469479,City,5,0.26,N,,,,2,307890,(N/A),Straight and Level,No Defects,1,1,Local Road or Street,7,2683,X001807255,Not Toll,73,1,1,Not Divided,1,2942398.9666652,1906186.33839374,41.875786961511196,-87.7953,,Urban,1,N,(N/A),Y,(N/A)
2019,2019-04-02,Tuesday,08,08:33 AM,Property Damage,No Injuries,0,0,0,0,0,2,Other Object,7,N,N,Improper Lane Usage,(N/A),Daylight,Clear,Dry,N,,,,,No Controls,No Controls,N,2,41.8725957,-87.7920339,ok,Partial Access Control,1,1901581,2019,1,20,99,50000 and OVER,9,4295,Oak Park,C,Urban Local Road or Street,0,16,2,10757713,4,Cook,0,19,LIGHT POLE,,2,N,(UNK),(UNK),201901469480,City,1,0.1,N,,,,2,307891,(N/A),Straight and Level,No Defects,1,1,Local Road or Street,7,290,X001807256,Not Toll,73,1,1,Not Divided,1,2943324.97677557,1905045.241089,41.87258783336213,-87.792,,Urban,1,N,(N/A),Y,(N/A)
2019,2019-04-03,Wednesday,14,02:19 PM,Property Damage,No Injuries,0,0,0,0,0,1,Parked Motor Vehicle,9,N,N,Improper Lane Usage,(N/A),Daylight,Clear,Dry,N,,,,,No Controls,No Controls,N,2,41.882992,-87.7845375,ok,(N/A),1,2019,,1,20,99,50000 and OVER,9,4295,Oak Park,C,Urban Major Collector,0,16,3,10757731,4,Cook,C,19,0,,3,X001807274,(UNK),(UNK),201901469485,Major,1,1.31,N,,,,2,307893,(N/A),Straight and Level,No Defects,1,1,No Median Barrier,5,2783,1901603,Urban,73,1,1,Divided,2,2945261.57451339,1908890.44377586,41.882984113650004,-87.7845,,(UNK),1,(N/A),N,Y,N
2019,2019-04-03,Wednesday,18,06:03 PM,Property Damage,No Injuries,0,0,0,0,0,2,Front to Rear,11,N,N,Following Too Closely,Failing to Reduce Speed to Avoid Crash,Daylight,Clear,Unknown,N,,,,,No Controls,No Controls,N,2,41.8932174,-87.7848381,ok,(UNK),1,1901606,2019,1,3,28,50000 and OVER,9,4295,Oak Park,C,Urban Major Collector,0,16,3,10757733,4,Cook,0,19,,,3,N,(UNK),(UNK),201901469486,City,1,0.59,N,,,,2,307894,(N/A),Straight and Level,Unknown,99,9,Major Collector,5,2783,X001807276,Not Toll,73,1,1,Not Divided,1,2945076.24269936,1912614.52193639,41.893209570446935,-87.7848,,Urban,1,N,(N/A),N,(N/A)
2019,2019-04-03,Wednesday,19,07:12 PM,Injury,C Injury Crash,1,0,0,0,1,1,Sideswipe Same Direction,12,N,N,Improper Lane Usage,Improper Overtaking/Passing,Darkness / Lighted Road,Cloudy/Overcast,Dry,Y,,,,,Traffic Signal,Functioning Properly,N,2,41.8815882,-87.7943358,ok,(UNK),1,1901607,2019,1,20,4,50000 and OVER,9,4295,Oak Park,C,Urban Major Collector,8,16,3,10757735,4,Cook,1,19,,,3,N,(UNK),(UNK),201901469487,City,5,0,N,,,,2,307928,(N/A),Straight and Level,No Defects,1,1,Major Collector,5,,X001807278,Not Toll,73,3,4,Not Divided,1,2942607.38855904,1908304.92779429,41.88158033871307,-87.7943,,Urban,8,N,(N/A),Y,(N/A)
2019,2019-04-04,Thursday,17,05:07 PM,Injury,C Injury Crash,1,0,0,0,1,0,Parked Motor Vehicle,9,N,N,Improper Lane Usage,Physical Condition of Driver,Daylight,Rain,Wet,N,,,,,No Controls,No Controls,N,2,41.8976729,-87.7849908,ok,(UNK),1,1901627,2019,1,20,17,50000 and OVER,9,4295,Oak Park,C,Urban Major Collector,0,16,4,10757743,4,Cook,1,19,,,4,N,(UNK),(UNK),201901469490,City,1,0.29,N,,,,2,307931,(N/A),Straight and Level,No Defects,1,2,Major Collector,5,2783,X001807285,Not Toll,73,1,1,Not Divided,1,2944989.55175443,1914237.01432839,41.897665007252364,-87.785,,Urban,2,N,(N/A),Y,(N/A)
2019,2019-04-04,Thursday,17,05:46 PM,Property Damage,No Injuries,0,0,0,0,0,2,Sideswipe Same Direction,12,N,N,Improper Overtaking/Passing,Failing to Reduce Speed to Avoid Crash,Daylight,Cloudy/Overcast,Wet,N,,,,,No Controls,No Controls,N,2,41.8650929,-87.7996745,ok,(UNK),1,1901628,2019,1,4,28,50000 and OVER,9,4295,Oak Park,C,Urban Other Principal Arte,0,16,4,10757744,4,Cook,0,19,,,4,N,(UNK),(UNK),201901469491,City,1,6.22,Y,,,,3,307932,(N/A),Straight and Level,No Defects,1,2,Other Principal Arterial (PAS),3,347,X001807286,Not Toll,52,1,1,Two-way Continuous Left-Tur,4,2941319.34692183,1902253.5867278,41.86508505585987,-87.7997,,Urban,8,N,(N/A),Y,(N/A)
2019,2019-04-05,Friday,14,02:30 PM,Property Damage,No Injuries,0,0,0,0,0,1,Parked Motor Vehicle,9,N,N,Improper Lane Usage,(N/A),Daylight,Clear,Dry,N,,,,,No Controls,No Controls,Y,2,41.8650552,-87.8023082,ok,(UNK),1,1901664,2019,1,20,99,50000 and OVER,9,4295,Oak Park,C,Urban Other Principal Arte,0,16,5,10757746,4,Cook,0,19,,,5,N,(UNK),(UNK),201901469492,City,1,6.09,Y,,,,4,307933,(N/A),Straight and Level,No Defects,1,1,Other Principal Arterial (PAS),3,347,X001807288,Not Toll,73,1,1,Two-way Continuous Left-Tur,4,2940602.29195139,1902220.06514208,41.86504734871692,-87.8023,,Urban,1,N,(N/A),Y,(N/A)
2019,2019-04-05,Friday,11,11:39 AM,Property Damage,No Injuries,0,0,0,0,0,2,Sideswipe Same Direction,12,N,N,Failing to Yield Right of Way,Driving Skills/Knowledge/Experience,Daylight,Cloudy/Overcast,Dry,N,,,,,Lane Use Marking,Functioning Properly,N,2,41.8882878,-87.7847058,ok,(UNK),1,1901638,2019,1,2,15,50000 and OVER,9,4295,Oak Park,C,Urban Major Collector,8,16,5,10757749,4,Cook,0,19,,,5,N,(UNK),(UNK),201901469493,City,1,0,N,,,,2,307955,(N/A),Straight and Level,No Defects,1,1,Major Collector,5,,X001807291,Not Toll,,12,4,Not Divided,1,2945162.14885694,1910819.09249751,41.88828,-87.7847,,Urban,8,N,(N/A),Y,(N/A)
2019,2019-05-31,Friday,16,04:44 PM,Injury,C Injury Crash,1,0,0,0,1,3,Front to Rear,11,N,N,Following Too Closely,Following Too Closely,Daylight,Clear,Dry,Y,,,,,No Controls,No Controls,N,4,41.8930975,-87.7848355,ok,(UNK),1,1902872,2019,1,3,3,50000 and OVER,9,4295,Oak Park,C,Urban Major Collector,8,16,31,10764297,5,Cook,1,19,,,5,N,(UNK),(UNK),201901470646,City,1,0,N,,,,(UNK),307998,(N/A),Straight and Level,No Defects,1,1,Major Collector,5,,X001811852,Not Toll,73,1,1,Not Divided,1,2945078.14022018,1912570.83821525,41.89308964619768,-87.7848,,Urban,1,N,(N/A),Y,(N/A)
2019,2019-05-03,Friday,10,10:03 AM,Property Damage,No Injuries,0,0,0,0,0,3,Front to Rear,11,N,N,Following Too Closely,Failing to Reduce Speed to Avoid Crash,Daylight,Clear,Dry,N,,,,,No Controls,No Controls,N,2,41.8794657,-87.8047262,ok,(UNK),1,1902231,2019,1,3,28,50000 and OVER,9,4295,Oak Park,C,Urban Other Principal Arte,0,16,3,10765239,5,Cook,0,19,,,5,N,(UNK),(UNK),201901470816,City,1,19.69,Y,,,,4,308022,(N/A),Straight and Level,No Defects,1,1,Other Principal Arterial (PAS),3,348,X001812348,Not Toll,73,1,1,Not Divided,1,2939799.03274324,1907453.35673864,41.87945782855483,-87.8047,,Urban,1,N,(N/A),Y,(N/A)
2019,2019-05-03,Friday,12,12:00 PM,Property Damage,No Injuries,0,0,0,0,0,2,Front to Rear,11,N,N,Cell Phone Use Other Than Texting,Failing to Reduce Speed to Avoid Crash,Daylight,Clear,Dry,N,,,,,No Controls,No Controls,Y,2,41.9015378,-87.8049722,ok,(N/A),1,2019,,1,45,28,50000 and OVER,9,4295,Oak Park,C,Urban Major Collector,0,16,3,10765246,5,Cook,C,19,0,,5,X001812354,(UNK),(UNK),201901470843,Major,1,1.03,N,,,,2,308023,(N/A),Straight and Level,No Defects,1,1,No Median Barrier,5,1394,1902234,Urban,73,1,1,Divided,2,2939510.53715856,1915495.02120722,41.901529999278786,-87.805,,(UNK),1,(N/A),N,Y,N
2019,2019-05-03,Friday,18,06:21 PM,Property Damage,No Injuries,0,0,0,0,0,2,Angle,15,N,N,Failing to Yield Right of Way,Failing to Reduce Speed to Avoid Crash,Daylight,Clear,Dry,Y,,,,,No Controls,No Controls,N,2,41.8851354,-87.7895065,ok,(UNK),1,1902244,2019,1,2,28,50000 and OVER,9,4295,Oak Park,C,Urban Minor Collector,8,16,3,10765248,5,Cook,0,19,,,5,N,(UNK),(UNK),201901470819,City,1,0,N,,,,2,308024,(N/A),Straight and Level,No Defects,1,1,Minor Collector,6,,X001812356,Not Toll,73,1,1,Not Divided,1,2943886.7334845,1909634.02073699,41.885127581233455,-87.7895,,Urban,1,N,(N/A),Y,(N/A)
2019,2019-05-03,Friday,22,10:03 PM,Property Damage,No Injuries,0,0,0,0,0,3,Sideswipe Opposite Direction,13,N,N,Unable to Determine,Unable to Determine,Darkness,Rain,Wet,N,,,,,No Controls,No Controls,N,2,41.8706832,-87.7779493,ok,(UNK),1,1902247,2019,1,18,18,50000 and OVER,9,4295,Oak Park,C,Urban Local Road or Street,8,16,3,10765250,5,Cook,0,19,,,5,N,(UNK),(UNK),201901470820,City,4,0,N,,,,3,308025,(N/A),Straight and Level,No Defects,1,2,Local Road or Street,7,,X001812358,Not Toll,73,1,1,Not Divided,1,2947180.63434667,1904454.79906454,41.87067535141249,-87.7779,,Urban,2,N,(N/A),Y,(N/A)
2019,2019-05-04,Saturday,10,10:40 AM,Property Damage,No Injuries,0,0,0,0,0,5,Parked Motor Vehicle,9,N,N,Failing to Reduce Speed to Avoid Crash,Improper Lane Usage,Daylight,Clear,Dry,N,,,,,No Controls,No Controls,N,2,41.876278,-87.7929051,ok,(UNK),1,1902255,2019,1,28,20,50000 and OVER,9,4295,Oak Park,C,Urban Local Road or Street,0,16,4,10765258,5,Cook,0,19,,,6,N,(UNK),(UNK),201901470822,City,1,0.23,N,,,,2,308075,(N/A),Straight and Level,No Defects,1,1,Local Road or Street,7,2673,X001812365,Not Toll,73,1,1,Not Divided,1,2943050.56195412,1906380.59530908,41.87627019994204,-87.7929,,Urban,1,N,(N/A),Y,(N/A)
2019,2019-05-04,Saturday,21,09:00 PM,Property Damage,No Injuries,0,0,0,0,0,1,Parked Motor Vehicle,9,N,N,Improper Lane Usage,Failing to Reduce Speed to Avoid Crash,Unknown,Clear,Dry,N,,,,,Stop Sign,Functioning Properly,Y,2,41.8929435,-87.7933311,ok,(N/A),1,2019,,1,20,28,50000 and OVER,9,4295,Oak Park,C,Urban Local Road or Street,0,16,4,10765261,5,Cook,C,19,0,,6,X001812368,(UNK),(UNK),201901470824,Local,9,0.06,N,,,,2,308076,(N/A),Straight and Level,No Defects,1,1,No Median Barrier,7,3073,1902276,Urban,73,2,4,Divided,2,2942766.47827313,1912450.59734419,41.892935684468746,-87.7933,,(UNK),1,(N/A),N,Y,N
2019,2019-05-04,Saturday,14,02:12 PM,Property Damage,No Injuries,0,0,0,0,0,6,Front to Rear,11,N,N,Failing to Reduce Speed to Avoid Crash,Unable to Determine,Daylight,Clear,Dry,Y,,,,,Stop Sign,Functioning Properly,N,2,41.9019573,-87.7790175,ok,(UNK),1,1902259,2019,1,28,18,50000 and OVER,9,4295,Oak Park,C,Urban Major Collector,8,16,4,10765263,5,Cook,0,19,,,6,N,(UNK),(UNK),201901470825,City,1,0,N,,,,2,308077,(N/A),Straight and Level,No Defects,1,1,Major Collector,5,,X001812370,Not Toll,73,2,4,Not Divided,1,2946572.40654056,1915843.59163713,41.9019494848008,-87.779,,Urban,1,N,(N/A),Y,(N/A)
2019,2019-05-04,Saturday,16,04:09 PM,Injury,C Injury Crash,1,0,0,0,1,3,Angle,15,N,N,Failing to Yield Right of Way,(N/A),Daylight,Clear,Dry,Y,,,,,No Controls,No Controls,N,2,41.9070578,-87.8057258,ok,(UNK),1,1902260,2019,1,2,99,50000 and OVER,9,4295,Oak Park,C,Urban Other Principal Arte,0,16,4,10765264,5,Cook,1,19,,,6,N,(UNK),(UNK),201901470826,City,1,27.92,Y,,,,4,308078,(N/A),Straight and Level,No Defects,1,1,Other Principal Arterial (PAS),3,5043,X001812371,Not Toll,73,1,1,Not Divided,1,2939249.98366567,1917500.96559801,41.90704999936067,-87.8057,,Urban,1,N,(N/A),Y,(N/A)
2019,2019-05-04,Saturday,18,06:19 PM,Property Damage,No Injuries,0,0,0,0,0,2,Sideswipe Same Direction,12,N,N,Failing to Yield Right of Way,Driving Skills/Knowledge/Experience,Daylight,Clear,Dry,N,,,,,Traffic Signal,Functioning Properly,N,2,41.8724686,-87.7842182,ok,(N/A),1,2019,,1,2,15,50000 and OVER,9,4295,Oak Park,C,Urban Major Collector,0,16,4,10765266,5,Cook,C,19,0,,6,X001812373,(UNK),(UNK),201901470827,Major,1,2.04,N,,,,4,308079,(N/A),Straight and Level,No Defects,1,1,No Median Barrier,5,2783,1902283,Urban,73,3,4,Divided,2,2945455.05020285,1905057.93937878,41.87246071859245,-87.7842,,(UNK),1,(N/A),N,Y,N
2019,2019-05-04,Saturday,19,07:00 PM,Property Damage,No Injuries,0,0,0,0,0,3,Sideswipe Same Direction,12,N,N,Improper Overtaking/Passing,Failing to Reduce Speed to Avoid Crash,Daylight,Clear,Dry,N,,,,,No Controls,No Controls,N,2,41.8742751,-87.7940556,ok,(N/A),1,2019,,1,4,28,50000 and OVER,9,4295,Oak Park,C,Urban Major Collector,8,16,4,10765270,5,Cook,C,19,0,,6,X001812376,(UNK),(UNK),201901470829,Major,1,0,N,,,,4,308081,(N/A),Straight and Level,No Defects,1,1,No Median Barrier,5,,1902267,Urban,73,1,1,Divided,2,2942757.40418725,1905642.00057953,41.87426720909875,-87.794,,(UNK),1,(N/A),N,Y,N
2019,2019-05-05,Sunday,05,05:49 AM,Injury,B Injury Crash,1,0,0,1,0,1,Parked Motor Vehicle,9,N,N,Failing to Reduce Speed to Avoid Crash,Exceeding Safe Speed For Conditions,Daylight,Clear,Dry,N,,,,,No Controls,No Controls,Y,4,41.8749695,-87.7744773,ok,(N/A),1,2019,,1,28,27,50000 and OVER,9,4295,Oak Park,C,Urban Minor Arterial,0,16,5,10765282,5,Cook,C,19,2,,7,X001812387,(UNK),(UNK),201901470832,Minor,1,8.06,N,,,,4,308083,(N/A),Straight and Level,No Defects,1,1,No Median Barrier,4,2790,1902272,Urban,,1,1,Divided,2,2948082.76832861,1906043.13961826,41.87496160591381,-87.7745,,(UNK),1,(N/A),N,Y,N