crash_year,crash_date,day_of_week,crash_hour,time_of_crash,crash_severity,crash_injury_severity,total_injured,total_fatals,a_injuries,b_injuries,c_injuries,no_injuries,type_of_first_crash,collision_type_code,pedestrian_involved,pedalcyclist_involved,cause1,cause2,lighting_cond,weather_cond,road_surface_cond,intersection_related,is_intersection,highway_or_street_name,at_intersection_with,address_no,traffic_control_device,traffic_control_device_cond,hit_and_run,number_of_vehicles,latitude,longitude,location_status,access_control,agency_code,agency_report_number,agency_report_year,alignment_code,cause1_code,cause2_code,city_class,city_class_code,city_code,city_name,city_township_flag,class_of_trafficway,class_of_trafficway_code,county_code,crash_day,crash_id,crash_month,crash_report_county,crash_severity_cd,crash_yr_source,damaged_property1,damaged_property2,day_of_week_code,did_crash_occur_in_work_zone,did_involve_secondary_crash,flow_condition,icn,investigating_agency_descrip,light_condition_code,mile_station,nhs,non_intersection_direction,non_intersection_distance,non_intersection_units,number_of_lanes,objectid,railroad_crossing_number,road_alignment,road_defects,road_defects_code,road_surface_condition_code,roadway_functional_class,roadway_functional_class_code,route_number,sfe,toll,township,traffic_control_device_code,traffic_control_device_cond_code,trafficway_descrip,trafficway_description_code,ts_crash_coordinate_x,ts_crash_coordinate_y,ts_crash_latitude,ts_crash_longitude,type_report,urban_rural,weather_code,were_workers_present,work_zone,work_zone_related,work_zone_type
2019,2019-05-05,Sunday,09,09:45 AM,Property Damage,No Injuries,0,0,0,0,0,2,Turning,10,N,N,Failing to Reduce Speed to Avoid Crash,Unable to Determine,Daylight,Clear,Unknown,N,,,,,No Controls,No Controls,Y,2,41.8656273,-87.804234,ok,(UNK),1,1902274,2019,1,28,18,50000 and OVER,9,4295,Oak Park,C,Urban Other Principal Arte,0,16,5,10765283,5,Cook,0,19,,,7,N,(UNK),(UNK),201901470833,City,1,20.65,Y,,,,4,308084,(N/A),Straight and Level,Unknown,99,9,Other Principal Arterial (PAS),3,348,X001812388,Not Toll,73,1,1,Not Divided,1,2940071.96696307,1902414.11726023,41.86561949924253,-87.8042,,Urban,1,N,(N/A),N,(N/A)
2019,2019-05-05,Sunday,15,03:20 PM,Property Damage,No Injuries,0,0,0,0,0,1,Parked Motor Vehicle,9,N,N,Improper Overtaking/Passing,Failing to Reduce Speed to Avoid Crash,Daylight,Clear,Dry,N,,,,,Stop Sign,Functioning Properly,N,2,41.8727135,-87.7801866,ok,(UNK),1,1902279,2019,1,4,28,50000 and OVER,9,4295,Oak Park,C,Urban Local Road or Street,0,16,5,10765284,5,Cook,0,19,,,7,N,(UNK),(UNK),201901470834,City,1,0.21,N,,,,2,308085,(N/A),Straight and Level,No Defects,1,1,Local Road or Street,7,4060,X001812389,Not Toll,73,2,4,Not Divided,1,2946550.65542562,1905177.7049515,41.87270561553608,-87.7802,,Urban,1,N,(N/A),Y,(N/A)
2019,2019-05-05,Sunday,16,04:38 PM,Property Damage,No Injuries,0,0,0,0,0,3,Front to Rear,11,N,N,Following Too Closely,(N/A),Daylight,Clear,Dry,N,,,,,No Controls,No Controls,N,2,41.9015378,-87.8051562,ok,(UNK),1,1902280,2019,1,3,99,50000 and OVER,9,4295,Oak Park,C,Urban Major Collector,0,16,5,10765286,5,Cook,0,19,,,7,N,(UNK),(UNK),201901470835,City,1,1.02,N,,,,2,308086,(N/A),Straight and Level,No Defects,1,1,Major Collector,5,1394,X001812391,Not Toll,73,1,1,Not Divided,1,2939460.44358925,1915493.64148208,41.90152999930236,-87.8052,,Urban,1,N,(N/A),Y,(N/A)
2019,2019-05-06,Monday,16,04:07 PM,Property Damage,No Injuries,0,0,0,0,0,2,Front to Rear,11,N,N,Failing to Reduce Speed to Avoid Crash,(N/A),Daylight,Clear,Dry,N,,,,,Traffic Signal,Unknown,Y,2,41.8652656,-87.7937307,ok,(N/A),1,2019,,1,28,99,50000 and OVER,9,4295,Oak Park,C,Urban Major Collector,0,16,6,10765289,5,Cook,C,19,0,,1,X001812395,(UNK),(UNK),201901470837,Major,1,7.16,N,,,,2,308135,(N/A),Straight and Level,No Defects,1,1,No Median Barrier,5,2775,1902299,Urban,73,3,9,Divided,2,2942936.71387653,1902361.24902754,41.865257771637175,-87.7937,,(UNK),1,(N/A),N,Y,N
2019,2019-05-06,Monday,16,04:55 PM,Injury,B Injury Crash,3,0,0,3,0,2,Front to Rear,11,N,N,Following Too Closely,Failing to Reduce Speed to Avoid Crash,Daylight,Clear,Dry,N,,,,,No Controls,No Controls,N,2,41.8799431,-87.7793512,ok,(UNK),1,1902300,2019,1,3,28,50000 and OVER,9,4295,Oak Park,C,Urban Minor Arterial,0,16,6,10765290,5,Cook,2,19,,,1,N,(UNK),(UNK),201901470838,City,1,4.38,N,,,,4,308136,(N/A),Straight and Level,No Defects,1,1,Minor Arterial,4,1419,X001812396,Not Toll,73,1,1,Divided With Median Barrier,3,2946704.85910144,1907818.64500386,41.87993524077231,-87.7793,,Urban,1,N,(N/A),Y,(N/A)
2019,2019-05-06,Monday,18,06:47 PM,Injury,B Injury Crash,2,0,0,2,0,3,Angle,15,N,N,Failing to Yield Right of Way,Failing to Reduce Speed to Avoid Crash,Daylight,Clear,Dry,Y,,,,,Stop Sign,Functioning Properly,N,2,41.8944479,-87.7928051,ok,(UNK),1,1902304,2019,1,2,28,50000 and OVER,9,4295,Oak Park,C,Urban Minor Arterial,8,16,6,10765292,5,Cook,2,19,,,1,N,(UNK),(UNK),201901470840,City,1,0,N,,,,(UNK),308137,(N/A),Straight and Level,No Defects,1,1,Minor Arterial,4,,X001812399,Not Toll,73,2,4,Not Divided,1,2942894.54809644,1913002.76513971,41.89444000458391,-87.7928,,Urban,1,N,(N/A),Y,(N/A)
2019,2019-05-07,Tuesday,01,01:53 AM,Injury,B Injury Crash,1,0,0,1,0,1,Parked Motor Vehicle,9,N,N,Exceeding Safe Speed For Conditions,Unable to Determine,Darkness / Lighted Road,Rain,Wet,N,,,,,No Controls,No Controls,N,4,41.8946707,-87.7781994,ok,(N/A),1,2019,,1,27,18,50000 and OVER,9,4295,Oak Park,C,Urban Minor Arterial,0,16,7,10765296,5,Cook,C,19,2,,2,X001812404,(UNK),(UNK),201901470842,Minor,5,3.97,N,,,,2,308139,(N/A),Straight and Level,No Defects,1,2,No Median Barrier,4,1398,1902309,Urban,73,1,1,Divided,2,2946869.0942988,1913194.41860199,41.89466289761236,-87.7782,,(UNK),2,(N/A),N,Y,N
2019,2019-05-08,Wednesday,08,08:48 AM,Property Damage,No Injuries,0,0,0,0,0,2,Front to Rear,11,N,N,Following Too Closely,(N/A),Daylight,Clear,Dry,Y,,,,,No Controls,No Controls,N,2,41.868718,-87.8043355,ok,(N/A),1,2019,,1,3,99,50000 and OVER,9,4295,Oak Park,C,Urban Other Principal Arte,6,16,8,10765314,5,Cook,C,19,0,,3,X001812422,(UNK),(UNK),201901470850,Other,1,25.26,Y,,,,4,308140,(N/A),Straight and Level,No Defects,1,1,No Median Barrier,3,5043,1902336,Urban,73,1,1,Divided,2,2940013.30510422,1903539.63994209,41.86871014239214,-87.8043,,(UNK),1,(N/A),N,Y,N
2019,2019-05-09,Thursday,07,07:35 AM,Property Damage,No Injuries,0,0,0,0,0,3,Front to Rear,11,N,N,Failing to Reduce Speed to Avoid Crash,Unable to Determine,Daylight,Rain,Wet,N,,,,,Traffic Signal,No Controls,N,2,41.9087836,-87.8057828,ok,(UNK),1,1902351,2019,1,28,18,50000 and OVER,9,4295,Oak Park,C,Urban Other Principal Arte,6,16,9,10765318,5,Cook,0,19,,,4,N,(UNK),(UNK),201901470852,City,1,28.04,Y,,,,4,308141,(N/A),Straight and Level,No Defects,1,2,Other Principal Arterial (PAS),3,5043,X001812426,Not Toll,73,3,1,Other,8,2939217.15400692,1918129.42300251,41.908775715474604,-87.8058,,Urban,2,N,(N/A),Y,(N/A)
2019,2019-05-09,Thursday,07,07:40 AM,Property Damage,No Injuries,0,0,0,0,0,2,Front to Rear,11,N,N,Failing to Reduce Speed to Avoid Crash,(N/A),Daylight,Clear,Wet,N,,,,,No Controls,No Controls,N,2,41.8724624,-87.8044728,ok,(N/A),1,2019,,1,28,99,50000 and OVER,9,4295,Oak Park,C,Urban Other Principal Arte,0,16,9,10765322,5,Cook,C,19,0,,4,X001812429,(UNK),(UNK),201901470854,Other,1,20.17,Y,,,,4,308190,(N/A),Straight and Level,No Defects,1,2,No Median Barrier,3,348,1902350,Urban,73,1,1,Divided,2,2939938.34250149,1904903.14972422,41.87245458160087,-87.8045,,(UNK),1,(N/A),N,Y,N
2019,2019-05-09,Thursday,09,09:16 AM,Property Damage,No Injuries,0,0,0,0,0,2,Angle,15,N,N,Failing to Yield Right of Way,Failing to Reduce Speed to Avoid Crash,Daylight,Cloudy/Overcast,Wet,Y,,,,,Stop Sign,Functioning Properly,N,2,41.8870664,-87.7813969,ok,(N/A),1,2019,,1,2,28,50000 and OVER,9,4295,Oak Park,C,Urban Local Road or Street,8,16,9,10765325,5,Cook,C,19,0,,4,X001812431,(UNK),(UNK),201901470855,Local,1,0,N,,,,4,308191,(N/A),Straight and Level,No Defects,1,2,No Median Barrier,7,,1902354,Urban,73,2,4,Divided,2,2946075.56542138,1910398.99820766,41.88705850407222,-87.7814,,(UNK),8,(N/A),N,Y,N
2019,2019-05-09,Thursday,11,11:26 AM,Property Damage,No Injuries,0,0,0,0,0,1,Parked Motor Vehicle,9,N,N,Failing to Reduce Speed to Avoid Crash,Unable to Determine,Daylight,Clear,Dry,N,,,,,No Controls,No Controls,N,2,41.89774,-87.7977785,ok,(UNK),1,1902355,2019,1,28,18,50000 and OVER,9,4295,Oak Park,C,Urban Local Road or Street,0,16,9,10765328,5,Cook,0,19,,,4,N,(UNK),(UNK),201901470856,City,1,0.77,N,,,,2,308192,(N/A),Straight and Level,No Defects,1,1,Local Road or Street,7,2690,X001812434,Not Toll,73,1,1,Not Divided,1,2941507.24099966,1914165.02385299,41.89773210997221,-87.7978,,Urban,1,N,(N/A),Y,(N/A)
2019,2019-05-09,Thursday,17,05:43 PM,Property Damage,No Injuries,0,0,0,0,0,2,Front to Rear,11,N,N,Following Too Closely,Failing to Reduce Speed to Avoid Crash,Daylight,Clear,Dry,N,,,,,Traffic Signal,Functioning Properly,N,2,41.8791344,-87.8047106,ok,(UNK),1,1902364,2019,1,3,28,50000 and OVER,9,4295,Oak Park,C,Urban Other Principal Arte,0,16,9,10765334,5,Cook,0,19,,,4,N,(UNK),(UNK),201901470859,City,1,19.72,Y,,,,4,308193,(N/A),Straight and Level,No Defects,1,1,Other Principal Arterial (PAS),3,348,X001812440,Not Toll,73,3,4,Not Divided,1,2939806.62476965,1907332.74073528,41.879126523525045,-87.8047,,Urban,1,N,(N/A),Y,(N/A)
2019,2019-05-10,Friday,05,05:57 AM,Property Damage,No Injuries,0,0,0,0,0,4,Parked Motor Vehicle,9,N,N,Unable to Determine,Failing to Reduce Speed to Avoid Crash,Daylight,Clear,Dry,N,,,,,No Controls,No Controls,Y,3,41.8820497,-87.7786868,ok,(UNK),1,1902371,2019,1,18,28,50000 and OVER,9,4295,Oak Park,C,Urban Major Collector,0,16,10,10765346,5,Cook,0,19,,,5,N,(UNK),(UNK),201901470860,City,1,1.35,N,,,,2,308194,(N/A),Straight and Level,No Defects,1,1,Major Collector,5,5,X001812451,Not Toll,73,1,1,Not Divided,1,2946864.4291639,1908591.37903373,41.882041875554236,-87.7787,,Urban,1,N,(N/A),Y,(N/A)
2019,2019-05-10,Friday,15,03:22 PM,Property Damage,No Injuries,0,0,0,0,0,4,Angle,15,N,N,Improper Backing,(N/A),Daylight,Clear,Dry,N,,,,,No Controls,No Controls,N,2,41.8907241,-87.7975602,ok,(UNK),1,1902384,2019,1,30,99,50000 and OVER,9,4295,Oak Park,C,Urban Local Road or Street,0,16,10,10765353,5,Cook,0,19,,,5,N,(UNK),(UNK),201901470862,City,1,0.25,N,,,,2,308195,(N/A),Straight and Level,No Defects,1,1,Local Road or Street,7,2690,X001812458,Not Toll,73,1,1,Not Divided,1,2941637.31193096,1911609.96089324,41.89071627060432,-87.7976,,Urban,1,N,(N/A),Y,(N/A)
2019,2019-05-10,Friday,16,04:27 PM,Injury,C Injury Crash,1,0,0,0,1,4,Front to Rear,11,N,N,Failing to Reduce Speed to Avoid Crash,(N/A),Daylight,Clear,Dry,N,,,,,No Controls,No Controls,N,2,41.8901854,-87.7945555,ok,(UNK),1,1902388,2019,1,28,99,50000 and OVER,9,4295,Oak Park,C,Urban Major Collector,8,16,10,10765355,5,Cook,1,19,,,5,N,(UNK),(UNK),201901470864,City,1,0,N,,,,2,308262,(N/A),Straight and Level,No Defects,1,1,Major Collector,5,,X001812460,Not Toll,73,1,1,Not Divided,1,2942460.91328104,1911436.24394935,41.890177513625865,-87.7945,,Urban,1,N,(N/A),Y,(N/A)
2019,2019-05-10,Friday,18,06:01 PM,Property Damage,No Injuries,0,0,0,0,0,5,Front to Rear,11,N,N,Failing to Reduce Speed to Avoid Crash,Following Too Closely,Daylight,Clear,Dry,N,,,,,Traffic Signal,Functioning Properly,N,4,41.8677091,-87.7840408,ok,(UNK),1,1902390,2019,1,28,3,50000 and OVER,9,4295,Oak Park,C,Urban Major Collector,0,16,10,10765356,5,Cook,0,19,,,5,N,(UNK),(UNK),201901470865,City,1,2.37,N,,,,2,308263,(N/A),Straight and Level,No Defects,1,1,Major Collector,5,2783,X001812461,Not Toll,73,3,4,Not Divided,1,2945551.53692784,1903324.85535088,41.867701279032644,-87.784,,Urban,1,N,(N/A),Y,(N/A)
2019,2019-05-10,Friday,20,08:46 PM,Property Damage,No Injuries,0,0,0,0,0,1,Parked Motor Vehicle,9,N,N,Unable to Determine,Unable to Determine,Daylight,Clear,Dry,N,,,,,No Controls,No Controls,Y,2,41.8739502,-87.791573,ok,(UNK),1,1902393,2019,1,18,18,50000 and OVER,9,4295,Oak Park,C,Urban Local Road or Street,0,16,10,10765361,5,Cook,0,19,,,5,N,(UNK),(UNK),201901470866,City,1,0.41,N,,,,(UNK),308264,(N/A),Straight and Level,No Defects,1,1,Local Road or Street,7,2670,X001812466,Not Toll,73,1,1,Parking Lot,7,2943436.86887483,1905542.33631245,41.873942375141525,-87.7916,,Urban,1,N,(N/A),Y,(N/A)
2019,2019-05-11,Saturday,07,07:30 AM,Injury,B Injury Crash,2,0,0,1,1,1,Front to Rear,11,N,N,Failing to Reduce Speed to Avoid Crash,Unable to Determine,Daylight,Clear,Dry,Y,,,,,Traffic Signal,Functioning Properly,N,3,41.8801545,-87.7746747,ok,(N/A),1,2019,,1,28,18,50000 and OVER,9,4295,Oak Park,C,Urban Minor Arterial,0,16,11,10765366,5,Cook,C,19,2,,6,X001812471,(UNK),(UNK),201901470868,Minor,1,7.65,N,,,,4,308265,(N/A),Straight and Level,No Defects,1,1,No Median Barrier,4,2790,1902398,Urban,,3,4,Divided,2,2947976.33183704,1907931.17802917,41.880146676723534,-87.7747,,(UNK),1,(N/A),N,Y,N
2019,2019-05-11,Saturday,11,11:38 AM,Property Damage,No Injuries,0,0,0,0,0,2,Front to Rear,11,N,N,Following Too Closely,Failing to Reduce Speed to Avoid Crash,Daylight,Cloudy/Overcast,Dry,N,,,,,No Controls,No Controls,N,2,41.879466,-87.7844247,ok,(UNK),1,1902402,2019,1,3,28,50000 and OVER,9,4295,Oak Park,C,Urban Major Collector,0,16,11,10765370,5,Cook,0,19,,,6,N,(UNK),(UNK),201901470870,City,1,1.55,N,,,,2,308266,(N/A),Straight and Level,No Defects,1,1,Major Collector,5,2783,X001812475,Not Toll,73,1,1,Not Divided,1,2945327.97375559,1907606.36591895,41.879458139464916,-87.7844,,Urban,8,N,(N/A),Y,(N/A)
2019,2019-05-11,Saturday,16,04:33 PM,Injury,C Injury Crash,1,0,0,0,1,2,Sideswipe Same Direction,12,N,N,Failing to Yield Right of Way,(N/A),Daylight,Rain,Wet,N,,,,,No Controls,No Controls,N,2,41.8945297,-87.7751453,ok,(UNK),1,1902407,2019,1,2,99,50000 and OVER,9,4295,Oak Park,C,Urban Minor Arterial,0,16,11,10765374,5,Cook,1,19,,,6,N,(UNK),(UNK),201901470872,City,1,6.67,N,,,,2,308267,(N/A),Straight and Level,No Defects,1,2,Minor Arterial,4,2790,X001812479,Not Toll,,1,1,Not Divided,1,2947702.06849047,1913166.2086235,41.894521890408186,-87.7751,,Urban,2,N,(N/A),Y,(N/A)
2019,2019-05-11,Saturday,18,06:21 PM,Property Damage,No Injuries,0,0,0,0,0,2,Front to Rear,11,N,N,Following Too Closely,Equipment-Vehicle Condition,Daylight,Cloudy/Overcast,Wet,Y,,,,,Traffic Signal,Functioning Properly,N,2,41.8978908,-87.805385,ok,(N/A),1,2019,,1,3,10,50000 and OVER,9,4295,Oak Park,C,Urban Other Principal Arte,6,16,11,10765375,5,Cook,C,19,0,,6,X001812480,(UNK),(UNK),201901470873,Other,1,27.29,Y,,,,4,308268,(N/A),Straight and Level,No Defects,1,2,No Median Barrier,3,5043,1902409,Urban,73,3,4,Divided,2,2939434.74806389,1914162.88876943,41.89788299714512,-87.8054,,(UNK),8,(N/A),N,Y,N
2019,2019-05-12,Sunday,00,00:01 AM,Injury,B Injury Crash,1,0,0,1,0,0,Fixed Object,6,N,N,Distraction - From Inside Vehicle,Failing to Reduce Speed to Avoid Crash,Darkness / Lighted Road,Clear,Dry,N,,,,,No Controls,No Controls,N,1,41.9050223,-87.7949608,ok,(UNK),1,1902415,2019,1,41,28,50000 and OVER,9,4295,Oak Park,C,Urban Major Collector,0,16,12,10765378,5,Cook,2,19,TREE,,7,N,(UNK),(UNK),201901470875,City,5,4.37,N,,,,4,308343,(N/A),Straight and Level,No Defects,1,1,Major Collector,5,2775,X001812483,Not Toll,73,1,1,Not Divided,1,2942200.98834388,1916840.05981084,41.90501445971248,-87.795,,Urban,1,N,(N/A),Y,(N/A)
2019,2019-05-12,Sunday,12,12:07 PM,Property Damage,No Injuries,0,0,0,0,0,3,Front to Rear,11,N,N,Failing to Reduce Speed to Avoid Crash,Following Too Closely,Daylight,Cloudy/Overcast,Dry,Y,,,,,Stop Sign,Functioning Properly,N,2,41.8651024,-87.7989622,ok,(UNK),1,1902418,2019,1,28,3,50000 and OVER,9,4295,Oak Park,C,Urban Other Principal Arte,8,16,12,10765379,5,Cook,0,19,,,7,N,(UNK),(UNK),201901470876,City,1,0,Y,,,,2,308344,(N/A),Straight and Level,No Defects,1,1,Other Principal Arterial (PAS),3,,X001812484,Not Toll,52,2,4,Not Divided,1,2941513.26843484,1902262.38806926,41.865094518352066,-87.799,,Urban,8,N,(N/A),Y,(N/A)
2019,2019-05-12,Sunday,18,06:53 PM,Property Damage,No Injuries,0,0,0,0,0,1,Parked Motor Vehicle,9,N,N,Unable to Determine,(N/A),Unknown,Other,Other,N,,,,,No Controls,No Controls,Y,2,41.8801996,-87.7910114,ok,(UNK),1,1902424,2019,1,18,99,50000 and OVER,9,4295,Oak Park,C,Urban Local Road or Street,0,16,12,10765403,5,Cook,0,19,,,7,N,(UNK),(UNK),201901470880,City,9,0.43,N,,,,(UNK),308346,(N/A),Straight and Level,No Defects,1,6,Local Road or Street,7,2015,X001812507,Not Toll,73,1,1,Parking Lot,7,2943526.75329229,1907823.95913646,41.88019175355081,-87.791,,Urban,7,N,(N/A),Y,(N/A)
2019,2019-05-12,Sunday,19,07:22 PM,Property Damage,No Injuries,0,0,0,0,0,2,Angle,15,N,N,Failing to Yield Right of Way,Unable to Determine,Dusk,Rain,Wet,Y,,,,,Traffic Signal,Functioning Properly,N,2,41.8719978,-87.7939858,ok,(N/A),1,2019,,1,2,18,50000 and OVER,9,4295,Oak Park,C,Urban Major Collector,8,16,12,10765405,5,Cook,C,19,0,,7,X001812508,(UNK),(UNK),201901470881,Major,3,0,N,,,,4,308347,(N/A),Straight and Level,No Defects,1,2,No Median Barrier,5,,1902425,Urban,73,3,4,Divided,2,2942799.37092384,1904812.67043659,41.871989999646125,-87.794,,(UNK),2,(N/A),N,Y,N
2019,2019-05-13,Monday,07,07:41 AM,Property Damage,No Injuries,0,0,0,0,0,5,Front to Rear,11,N,N,Failing to Reduce Speed to Avoid Crash,Unable to Determine,Daylight,Clear,Dry,N,,,,,No Controls,No Controls,N,2,41.9023672,-87.7841576,ok,(N/A),1,2019,,1,28,18,50000 and OVER,9,4295,Oak Park,C,Urban Major Collector,0,16,13,10765406,5,Cook,C,19,0,,1,X001812509,(UNK),(UNK),201901470882,Major,1,0.48,N,,,,2,308387,(N/A),Straight and Level,No Defects,1,1,No Median Barrier,5,2783,1902429,Urban,73,1,1,Divided,2,2945168.87529227,1915954.03490037,41.902359370625135,-87.7842,,(UNK),1,(N/A),N,Y,N
2019,2019-05-13,Monday,17,05:41 PM,Injury,C Injury Crash,1,0,0,0,1,1,Front to Rear,11,N,N,Following Too Closely,(N/A),Daylight,Clear,Dry,Y,,,,,No Controls,No Controls,N,2,41.8943078,-87.8005862,ok,(N/A),1,2019,,1,3,99,50000 and OVER,9,4295,Oak Park,C,Urban Minor Arterial,8,16,13,10765416,5,Cook,C,19,1,,1,X001812517,(UNK),(UNK),201901470887,Minor,1,0,N,,,,2,308388,(N/A),Straight and Level,No Defects,1,1,No Median Barrier,4,,1902443,Urban,73,1,1,Divided,2,2940777.31249903,1912893.1881297,41.89429998991368,-87.8006,,(UNK),1,(N/A),N,Y,N
2019,2019-05-14,Tuesday,10,10:04 AM,Property Damage,No Injuries,0,0,0,0,0,1,Parked Motor Vehicle,9,N,N,Driving Skills/Knowledge/Experience,Unable to Determine,Daylight,Clear,Dry,N,,,,,No Controls,No Controls,N,2,41.8901445,-87.7999076,ok,(UNK),1,1902448,2019,1,15,18,50000 and OVER,9,4295,Oak Park,C,Urban Local Road or Street,0,16,14,10765417,5,Cook,0,19,,,2,N,(UNK),(UNK),201901470888,City,1,0.02,N,,,,2,308389,(N/A),Straight and Level,No Defects,1,1,Local Road or Street,7,3060,X001812518,Not Toll,73,1,1,Not Divided,1,2941003.97050012,1911381.07528738,41.89013661513031,-87.7999,,Urban,1,N,(N/A),Y,(N/A)
2019,2019-05-14,Tuesday,15,03:24 PM,Property Damage,No Injuries,0,0,0,0,0,2,Front to Rear,11,N,N,Following Too Closely,(N/A),Daylight,Clear,Dry,N,,,,,No Controls,No Controls,N,2,41.894463,-87.791099,ok,(N/A),1,2019,,1,3,99,50000 and OVER,9,4295,Oak Park,C,Urban Minor Arterial,0,16,14,10765423,5,Cook,C,19,0,,2,X001812523,(UNK),(UNK),201901470890,Minor,1,3.29,N,,,,2,308390,(N/A),Straight and Level,No Defects,1,1,No Median Barrier,4,1398,1902454,Urban,73,1,1,Divided,2,2943358.91496884,1913021.15898951,41.89445517987781,-87.7911,,(UNK),1,(N/A),N,Y,N
2019,2019-05-14,Tuesday,17,05:44 PM,Property Damage,No Injuries,0,0,0,0,0,3,Front to Rear,11,N,N,Following Too Closely,(N/A),Daylight,Clear,Dry,Y,,,,,Traffic Signal,Functioning Properly,N,2,41.9087836,-87.8057828,ok,(N/A),1,2019,,1,3,99,50000 and OVER,9,4295,Oak Park,C,Urban Other Principal Arte,6,16,14,10765426,5,Cook,C,19,0,,2,X001812526,(UNK),(UNK),201901470892,Other,1,28.04,Y,,,,4,308391,(N/A),Straight and Level,No Defects,1,1,No Median Barrier,3,5043,1902459,Urban,73,3,4,Divided,2,2939217.15400692,1918129.42300251,41.908775715474604,-87.8058,,(UNK),1,(N/A),N,Y,N
2019,2019-05-15,Wednesday,11,11:24 AM,Property Damage,No Injuries,0,0,0,0,0,2,Sideswipe Same Direction,12,N,N,Failing to Yield Right of Way,Unable to Determine,Daylight,Clear,Dry,N,,,,,No Controls,No Controls,N,3,41.879899,-87.7898779,ok,(UNK),1,1902470,2019,1,2,18,50000 and OVER,9,4295,Oak Park,C,Urban Minor Arterial,8,16,15,10765431,5,Cook,0,19,,,3,N,(UNK),(UNK),201901470895,City,1,0,N,,,,6,308392,(N/A),Straight and Level,No Defects,1,1,Minor Arterial,4,,X001812531,Not Toll,73,1,1,Divided With Median Barrier,3,2943838.46320589,1907722.97769486,41.879891185748676,-87.7899,,Urban,1,N,(N/A),Y,(N/A)
2019,2019-05-15,Wednesday,15,03:28 PM,Property Damage,No Injuries,0,0,0,0,0,1,Parked Motor Vehicle,9,N,N,Failing to Reduce Speed to Avoid Crash,Following Too Closely,Daylight,Clear,Dry,N,,,,,No Controls,No Controls,N,2,41.8816096,-87.7909471,ok,(N/A),1,2019,,1,28,3,50000 and OVER,9,4295,Oak Park,C,Urban Major Collector,0,16,15,10765438,5,Cook,C,19,0,,3,X001812536,(UNK),(UNK),201901470897,Major,1,0.72,N,,,,2,308393,(N/A),Straight and Level,No Defects,1,1,No Median Barrier,5,5,1902475,Urban,73,1,1,Divided,2,2943530.02202325,1908338.27817347,41.88160176535258,-87.7909,,(UNK),1,(N/A),N,Y,N
2019,2019-11-20,Wednesday,20,08:29 PM,Property Damage,No Injuries,0,0,0,0,0,1,Parked Motor Vehicle,9,N,N,Failing to Reduce Speed to Avoid Crash,Unable to Determine,Darkness / Lighted Road,Clear,Dry,N,,,,,No Controls,No Controls,Y,2,41.8945648,-87.7928102,ok,(UNK),1,1906849,2019,,28,18,50000 and OVER,9,4295,Oak Park,C,Urban Local Road or Street,0,16,20,10767570,11,Cook,0,19,,,3,N,No,Free Flow,201901471150,City,5,0.24,N,,,,(UNK),308400,(N/A),(UNK),No Defects,1,1,Local Road or Street,7,2673,X001814054,Not Toll,73,1,1,Not Divided,1,2942891.98160668,1913045.33725457,41.89455693178161,-87.7928,,Urban,1,N,(N/A),Y,(N/A)
2019,2019-05-15,Wednesday,17,05:12 PM,Property Damage,No Injuries,0,0,0,0,0,2,Angle,15,N,N,Failing to Yield Right of Way,Failing to Reduce Speed to Avoid Crash,Daylight,Clear,Dry,Y,,,,,Stop Sign,Functioning Properly,N,2,41.8834467,-87.7845443,ok,(UNK),1,1902477,2019,1,2,28,50000 and OVER,9,4295,Oak Park,C,Urban Major Collector,8,16,15,10765440,5,Cook,0,19,,,3,N,(UNK),(UNK),201901470898,City,1,0,N,,,,(UNK),308442,(N/A),Straight and Level,No Defects,1,1,Major Collector,5,,X001812538,Not Toll,73,2,4,Not Divided,1,2945255.12924642,1909056.10349444,41.88343884022557,-87.7845,,Urban,1,N,(N/A),Y,(N/A)
2019,2019-05-16,Thursday,08,08:31 AM,Property Damage,No Injuries,0,0,0,0,0,2,Front to Rear,11,N,N,Improper Lane Usage,(N/A),Daylight,Clear,Dry,Y,,,,,Traffic Signal,Functioning Properly,N,2,41.9015578,-87.8055269,ok,(N/A),1,2019,,1,20,99,50000 and OVER,9,4295,Oak Park,C,Urban Other Principal Arte,0,16,16,10765442,5,Cook,C,19,0,,4,X001812539,(UNK),(UNK),201901470899,Other,1,27.54,Y,,,,4,308443,(N/A),Straight and Level,No Defects,1,1,No Median Barrier,3,5043,1902486,Urban,73,3,4,Divided,2,2939359.32354799,1915498.14061327,41.90154997203578,-87.8055,,(UNK),1,(N/A),N,Y,N
2019,2019-06-24,Monday,13,01:15 PM,Property Damage,No Injuries,0,0,0,0,0,3,Sideswipe Same Direction,12,N,N,Failing to Reduce Speed to Avoid Crash,Unable to Determine,Daylight,Freezing Rain,Wet,N,,,,,Traffic Signal,Functioning Properly,N,2,41.8796578,-87.8041958,ok,(N/A),1,2019,,,28,18,50000 and OVER,9,4295,Oak Park,C,Urban Minor Arterial,0,16,24,10760625,6,Cook,C,19,0,,1,X001809172,Stopped,(UNK),201901470309,Minor,1,3.09,N,,,,(UNK),308908,(N/A),(UNK),No Defects,1,2,No Median Barrier,4,1419,1903453,Urban,,3,4,Divided,2,2939941.56440952,1907527.36601407,41.87965,-87.8042,,No,10,(N/A),N,Y,N