crash_year,crash_date,day_of_week,crash_hour,time_of_crash,crash_severity,crash_injury_severity,total_injured,total_fatals,a_injuries,b_injuries,c_injuries,no_injuries,type_of_first_crash,collision_type_code,pedestrian_involved,pedalcyclist_involved,cause1,cause2,lighting_cond,weather_cond,road_surface_cond,intersection_related,is_intersection,highway_or_street_name,at_intersection_with,address_no,traffic_control_device,traffic_control_device_cond,hit_and_run,number_of_vehicles,latitude,longitude,location_status,access_control,agency_code,agency_report_number,agency_report_year,alignment_code,cause1_code,cause2_code,city_class,city_class_code,city_code,city_name,city_township_flag,class_of_trafficway,class_of_trafficway_code,county_code,crash_day,crash_id,crash_month,crash_report_county,crash_severity_cd,crash_yr_source,damaged_property1,damaged_property2,day_of_week_code,did_crash_occur_in_work_zone,did_involve_secondary_crash,flow_condition,icn,investigating_agency_descrip,light_condition_code,mile_station,nhs,non_intersection_direction,non_intersection_distance,non_intersection_units,number_of_lanes,objectid,railroad_crossing_number,road_alignment,road_defects,road_defects_code,road_surface_condition_code,roadway_functional_class,roadway_functional_class_code,route_number,sfe,toll,township,traffic_control_device_code,traffic_control_device_cond_code,trafficway_descrip,trafficway_description_code,ts_crash_coordinate_x,ts_crash_coordinate_y,ts_crash_latitude,ts_crash_longitude,type_report,urban_rural,weather_code,were_workers_present,work_zone,work_zone_related,work_zone_type
2019,2019-05-16,Thursday,16,04:20 PM,Injury,C Injury Crash,2,0,0,0,2,0,Angle,15,N,N,Failing to Yield Right of Way,Vision Obscured,Daylight,Cloudy/Overcast,Dry,Y,,,,,Stop Sign,Functioning Properly,N,2,41.8704089,-87.7742824,ok,(UNK),1,1902495,2019,3,2,14,50000 and OVER,9,4295,Oak Park,C,Urban Minor Arterial,0,16,16,10769410,5,Cook,1,19,STOP  SIGN,UTILITY BOX,4,N,(UNK),(UNK),201901471541,City,1,8.41,N,,,,(UNK),308989,(N/A),Straight On Hillcrest,No Defects,1,1,Minor Arterial,4,2790,X001814853,Not Toll,,2,4,Not Divided,1,2948182.20057309,1904382.66532718,41.87040104004575,-87.7743,,Urban,8,N,(N/A),Y,(N/A)
2019,2019-05-16,Thursday,17,05:22 PM,Property Damage,No Injuries,0,0,0,0,0,4,Front to Rear,11,N,N,Following Too Closely,Following Too Closely,Daylight,Clear,Dry,N,,,,,Traffic Signal,Functioning Properly,N,3,41.8797559,-87.7953505,ok,(UNK),1,1902497,2019,1,3,3,50000 and OVER,9,4295,Oak Park,C,Urban Minor Arterial,8,16,16,10769412,5,Cook,0,19,,,4,N,(UNK),(UNK),201901471542,City,1,0,N,,,,4,308990,(N/A),Straight and Level,No Defects,1,1,Minor Arterial,4,,X001814855,Not Toll,73,3,4,Not Divided,1,2942349.52458959,1907629.5847572,41.879748097655586,-87.7953,,Urban,1,N,(N/A),Y,(N/A)
2019,2019-05-17,Friday,10,10:35 AM,Property Damage,No Injuries,0,0,0,0,0,3,Turning,10,N,N,Failing to Reduce Speed to Avoid Crash,Unable to Determine,Daylight,Cloudy/Overcast,Dry,Y,,,,,Stop Sign,Functioning Properly,N,2,41.8946671,-87.7783851,ok,(UNK),1,1902508,2019,1,28,18,50000 and OVER,9,4295,Oak Park,C,Urban Minor Arterial,8,16,17,10769416,5,Cook,0,19,,,5,N,(UNK),(UNK),201901471544,City,1,0,N,,,,2,308991,(N/A),Straight and Level,No Defects,1,1,Minor Arterial,4,,X001814859,Not Toll,73,2,4,Not Divided,1,2946818.55453055,1913191.69190059,41.89465928077897,-87.7784,,Urban,8,N,(N/A),Y,(N/A)
2019,2019-05-17,Friday,13,01:44 PM,Property Damage,No Injuries,0,0,0,0,0,2,Front to Rear,11,N,N,Unable to Determine,Unable to Determine,Daylight,Cloudy/Overcast,Dry,N,,,,,No Controls,No Controls,Y,2,41.8799049,-87.7895444,ok,(N/A),1,2019,,1,18,18,50000 and OVER,9,4295,Oak Park,C,Urban Minor Arterial,8,16,17,10769417,5,Cook,C,19,0,,5,X001814860,(UNK),(UNK),201901471545,Minor,1,0,N,,,,5,308992,(N/A),Straight and Level,No Defects,1,1,No Median Barrier,4,,1902514,Urban,73,1,1,Divided,2,2943929.24125142,1907727.63239712,41.879897051354604,-87.7895,,(UNK),8,(N/A),N,Y,N
2019,2019-05-17,Friday,13,01:45 PM,Injury,A Injury Crash,1,0,1,0,0,2,Pedestrian,1,Y,N,Failing to Yield Right of Way,(N/A),Daylight,Cloudy/Overcast,Dry,Y,,,,,Stop Sign,Functioning Properly,N,1,41.8782069,-87.7770471,ok,(N/A),1,2019,,1,2,99,50000 and OVER,9,4295,Oak Park,C,Urban Local Road or Street,8,16,17,10769425,5,Cook,C,19,3,,5,X001814868,(UNK),(UNK),201901471546,Local,1,0,N,,,,2,308993,(N/A),Straight and Level,No Defects,1,1,No Median Barrier,7,,1902515,Urban,73,2,4,Divided,2,2947349.99564582,1907203.42198333,41.878199062049596,-87.777,,(UNK),8,(N/A),N,Y,N
2019,2019-05-17,Friday,16,04:03 PM,Property Damage,No Injuries,0,0,0,0,0,2,Angle,15,N,N,Failing to Reduce Speed to Avoid Crash,(N/A),Daylight,Clear,Dry,N,,,,,Traffic Signal,Functioning Properly,Y,2,41.8650293,-87.8041111,ok,(UNK),1,1902519,2019,1,28,99,50000 and OVER,9,4295,Oak Park,C,Urban Other Principal Arte,0,16,17,10769432,5,Cook,0,19,,,5,N,(UNK),(UNK),201901471547,City,1,5.99,Y,,,,2,308994,(N/A),Straight and Level,No Defects,1,1,Other Principal Arterial (PAS),3,347,X001814875,Not Toll,73,3,4,Two-way Continuous Left-Tur,4,2940111.43544669,1902197.1181446,41.86502150168726,-87.8041,,Urban,1,N,(N/A),Y,(N/A)
2019,2019-05-17,Friday,17,05:26 PM,Property Damage,No Injuries,0,0,0,0,0,1,Parked Motor Vehicle,9,N,N,Failing to Yield Right of Way,(N/A),Daylight,Cloudy/Overcast,Dry,N,,,,,No Controls,No Controls,N,2,41.8894053,-87.7975234,ok,(UNK),1,1902523,2019,1,2,99,50000 and OVER,9,4295,Oak Park,C,Urban Local Road or Street,0,16,17,10769436,5,Cook,0,19,,,5,N,(UNK),(UNK),201901471550,City,1,0.34,N,,,,2,309002,(N/A),Straight and Level,No Defects,1,1,Local Road or Street,7,2690,X001814879,Not Toll,73,1,1,Not Divided,1,2941660.61573413,1911129.63197633,41.88939744193465,-87.7975,,Urban,8,N,(N/A),Y,(N/A)
2019,2019-05-18,Saturday,15,03:00 PM,Property Damage,No Injuries,0,0,0,0,0,2,Front to Rear,11,N,N,Following Too Closely,Failing to Reduce Speed to Avoid Crash,Daylight,Rain,Wet,Y,,,,,No Controls,No Controls,N,2,41.8943378,-87.7991461,ok,(UNK),1,1902541,2019,1,3,28,50000 and OVER,9,4295,Oak Park,C,Urban Minor Arterial,8,16,18,10769447,5,Cook,0,19,,,6,N,(UNK),(UNK),201901471554,City,1,0,N,,,,2,309003,(N/A),Straight and Level,No Defects,1,2,Minor Arterial,4,,X001814890,Not Toll,73,1,1,Not Divided,1,2941169.12856148,1912914.94389019,41.89432999200016,-87.7991,,Urban,2,N,(N/A),Y,(N/A)
2019,2019-05-18,Saturday,17,05:00 PM,Property Damage,No Injuries,0,0,0,0,0,4,Front to Rear,11,N,N,Failing to Reduce Speed to Avoid Crash,Unable to Determine,Dusk,Clear,Dry,N,,,,,Traffic Signal,Functioning Properly,N,2,41.8866412,-87.8049501,ok,(N/A),1,2019,,1,28,18,50000 and OVER,9,4295,Oak Park,C,Urban Other Principal Arte,0,16,18,10769451,5,Cook,C,19,0,,6,X001814894,(UNK),(UNK),201901471556,Other,3,19.19,Y,,,,4,309004,(N/A),Straight and Level,No Defects,1,1,No Median Barrier,3,348,1902565,Urban,73,3,4,Divided,2,2939666.06726552,1910066.58411421,41.88663339257378,-87.8049,,(UNK),1,(N/A),N,Y,N
2019,2019-05-18,Saturday,05,05:49 AM,Injury,B Injury Crash,1,0,0,1,0,0,Other Object,7,N,N,Equipment-Vehicle Condition,Failing to Reduce Speed to Avoid Crash,Dawn,Clear,Dry,N,,,,,No Controls,No Controls,N,1,41.865313,-87.7851944,ok,(UNK),1,1902537,2019,1,10,28,50000 and OVER,9,4295,Oak Park,C,Urban Other Principal Arte,8,16,18,10769462,5,Cook,2,19,BUILDING,BUILDING,6,N,(UNK),(UNK),201901471560,City,2,0,Y,,,,2,309006,(N/A),Straight and Level,No Defects,1,1,Other Principal Arterial (PAS),3,,X001814904,Not Toll,52,1,1,Not Divided,1,2945261.52009228,1902442.94652368,41.8653051725841,-87.7852,,Urban,1,N,(N/A),Y,(N/A)
2019,2019-05-18,Saturday,23,11:42 PM,Property Damage,No Injuries,0,0,0,0,0,4,Front to Rear,11,N,N,Exceeding Authorized Speed Limit,Failing to Reduce Speed to Avoid Crash,Darkness / Lighted Road,Clear,Wet,N,,,,,Traffic Signal,Functioning Properly,N,3,41.8796294,-87.8022215,ok,(UNK),1,1902555,2019,1,1,28,50000 and OVER,9,4295,Oak Park,C,Urban Minor Arterial,0,16,18,10769467,5,Cook,0,19,,,6,N,(UNK),(UNK),201901471561,City,5,3.2,N,,,,4,309007,(N/A),Straight and Level,No Defects,1,2,Minor Arterial,4,1419,X001814909,Not Toll,73,3,4,Not Divided,1,2940479.53975359,1907531.79932957,41.87962151257833,-87.8022,,Urban,1,N,(N/A),Y,(N/A)
2019,2019-10-24,Thursday,02,02:30 AM,Property Damage,No Injuries,0,0,0,0,0,1,Parked Motor Vehicle,9,N,N,Failing to Reduce Speed to Avoid Crash,Unable to Determine,Darkness,Unknown,Unknown,N,,,,,Stop Sign,Functioning Properly,Y,2,41.9055626,-87.7946955,ok,(UNK),1,1906278,2019,,28,18,50000 and OVER,9,4295,Oak Park,C,Urban Local Road or Street,0,16,24,10769881,10,Cook,0,19,,,4,N,No,Stopped,201901471652,City,4,0.01,N,,,,(UNK),309010,(N/A),(UNK),No Defects,1,9,Local Road or Street,7,3140,X001815210,Not Toll,73,2,4,Driveway,13,2942267.7737701,1917038.93895295,41.905554718359596,-87.7947,,Urban,9,N,(N/A),Y,(N/A)
2019,2019-05-18,Saturday,17,05:15 PM,Property Damage,No Injuries,0,0,0,0,0,3,Front to Rear,11,N,N,Failing to Reduce Speed to Avoid Crash,Following Too Closely,Daylight,Rain,Wet,Y,,,,,Traffic Signal,Functioning Properly,Y,2,41.8871071,-87.8049778,ok,(UNK),1,1902544,2019,1,28,3,50000 and OVER,9,4295,Oak Park,C,Urban Other Principal Arte,6,16,18,10770177,5,Cook,0,19,,,6,N,(UNK),(UNK),201901471843,City,1,26.54,Y,,,,4,309024,(N/A),Straight and Level,No Defects,1,2,Other Principal Arterial (PAS),3,5043,X001815543,Not Toll,73,3,4,Divided With Median Barrier,3,2939653.84406056,1910236.1404623,41.88709924230872,-87.805,,Urban,2,N,(N/A),Y,(N/A)
2019,2019-05-20,Monday,09,09:24 AM,Property Damage,No Injuries,0,0,0,0,0,1,Parked Motor Vehicle,9,N,N,Improper Lane Usage,Failing to Reduce Speed to Avoid Crash,Unknown,Cloudy/Overcast,Unknown,Y,,,,,Traffic Signal,Unknown,Y,2,41.8688203,-87.7938762,ok,(UNK),1,1902577,2019,1,20,28,50000 and OVER,9,4295,Oak Park,C,Urban Major Collector,8,16,20,10769468,5,Cook,0,19,,,1,N,(UNK),(UNK),201901471562,City,9,0,N,,,,2,309027,(N/A),Straight and Level,No Defects,1,9,Major Collector,5,,X001814910,Not Toll,73,3,9,Not Divided,1,2942861.2546083,1903655.52613765,41.86881241069663,-87.7939,,Urban,8,N,(N/A),Y,(N/A)
2019,2019-05-20,Monday,12,12:39 PM,Property Damage,No Injuries,0,0,0,0,0,2,Angle,15,N,N,Failing to Yield Right of Way,Driving Skills/Knowledge/Experience,Daylight,Cloudy/Overcast,Dry,Y,,,,,Stop Sign,Functioning Properly,N,2,41.8981815,-87.78826,ok,(UNK),1,1902582,2019,3,2,15,50000 and OVER,9,4295,Oak Park,C,Urban Local Road or Street,8,16,20,10769471,5,Cook,0,19,,,1,N,(UNK),(UNK),201901471564,City,1,0,N,,,,(UNK),309028,(N/A),Straight On Hillcrest,No Defects,1,1,Local Road or Street,7,,X001814913,Not Toll,73,2,4,Other,8,2944094.32064827,1914397.66076226,41.898173630145024,-87.7883,,Urban,8,N,(N/A),Y,(N/A)
2019,2019-05-20,Monday,15,03:00 PM,Property Damage,No Injuries,0,0,0,0,0,2,Front to Rear,11,N,N,Failing to Reduce Speed to Avoid Crash,Following Too Closely,Daylight,Clear,Dry,Y,,,,,Traffic Signal,Functioning Properly,Y,2,41.8653378,-87.7839758,ok,(UNK),1,1902586,2019,1,28,3,50000 and OVER,9,4295,Oak Park,C,Urban Other Principal Arte,8,16,20,10769473,5,Cook,0,19,,,1,N,(UNK),(UNK),201901471565,City,1,0,Y,,,,3,309029,(N/A),Straight and Level,No Defects,1,1,Other Principal Arterial (PAS),3,,X001814915,Not Toll,52,3,4,Not Divided,1,2945593.23279017,1902461.21024451,41.86532999989415,-87.784,,Urban,1,N,(N/A),Y,(N/A)
2019,2019-05-20,Monday,18,06:18 PM,Property Damage,No Injuries,0,0,0,0,0,3,Angle,15,N,N,Driving Skills/Knowledge/Experience,(N/A),Daylight,Cloudy/Overcast,Dry,N,,,,,No Controls,No Controls,N,2,,,missing,(UNK),1,1902590,2019,1,15,99,50000 and OVER,9,4295,Oak Park,C,(UNK),8,16,20,10769476,5,Cook,0,19,,,1,N,(UNK),(UNK),201901471566,City,1,0,N,,,,2,309030,(N/A),Straight and Level,No Defects,1,1,(UNK),0,0,X001814917,No Toll,,1,1,Alley,12,0,0,,,,(UNK),8,N,(N/A),Y,(N/A)
2019,2019-05-21,Tuesday,06,06:04 AM,Injury,C Injury Crash,1,0,0,0,1,1,Front to Rear,11,N,N,Exceeding Safe Speed For Conditions,Failing to Reduce Speed to Avoid Crash,Daylight,Rain,Wet,N,,,,,Traffic Signal,Functioning Properly,N,2,41.8651794,-87.7935323,ok,(N/A),1,2019,,1,27,28,50000 and OVER,9,4295,Oak Park,C,Urban Other Principal Arte,0,16,21,10769483,5,Cook,C,19,1,,2,X001814924,(UNK),(UNK),201901471569,Other,1,6.54,Y,,,,4,309031,(N/A),Straight and Level,No Defects,1,2,No Median Barrier,3,347,1902595,Urban,52,3,4,Divided,2,2942991.62250724,1902331.34103599,41.8651715996579,-87.7935,,(UNK),2,(N/A),N,Y,N
2019,2019-05-21,Tuesday,07,07:57 AM,Property Damage,No Injuries,0,0,0,0,0,2,Front to Rear,11,N,N,Following Too Closely,(N/A),Daylight,Rain,Wet,Y,,,,,No Controls,No Controls,N,2,41.8962221,-87.7946957,ok,(N/A),1,2019,,1,3,99,50000 and OVER,9,4295,Oak Park,C,Urban Major Collector,8,16,21,10769492,5,Cook,C,19,0,,2,X001814932,(UNK),(UNK),201901471571,Major,1,0,N,,,,2,309032,(N/A),Straight and Level,No Defects,1,2,No Median Barrier,5,,1902597,Urban,73,1,1,Divided,2,2942361.87323578,1913635.08365197,41.896214234984846,-87.7947,,(UNK),2,(N/A),N,Y,N
2019,2019-05-21,Tuesday,09,09:54 AM,Injury,C Injury Crash,1,0,0,0,1,1,Front to Rear,11,N,N,Failing to Reduce Speed to Avoid Crash,(N/A),Daylight,Rain,Wet,Y,,,,,Traffic Signal,Functioning Properly,N,2,41.8721622,-87.8044602,ok,(N/A),1,2019,,1,28,99,50000 and OVER,9,4295,Oak Park,C,Urban Other Principal Arte,0,16,21,10769502,5,Cook,C,19,1,,2,X001814941,(UNK),(UNK),201901471577,Other,1,20.19,Y,,,,4,309069,(N/A),Straight and Level,No Defects,1,2,No Median Barrier,3,348,1902603,Urban,73,3,4,Divided,2,2939944.76401826,1904793.82154768,41.872154316126526,-87.8045,,(UNK),2,(N/A),N,Y,N
2019,2019-05-21,Tuesday,10,10:18 AM,Property Damage,No Injuries,0,0,0,0,0,2,Angle,15,N,N,Failing to Yield Right of Way,Failing to Reduce Speed to Avoid Crash,Daylight,Rain,Wet,N,,,,,No Controls,No Controls,Y,2,41.8802704,-87.7844535,ok,(UNK),1,1902606,2019,1,2,28,50000 and OVER,9,4295,Oak Park,C,Urban Major Collector,0,16,21,10769503,5,Cook,0,19,,,2,N,(UNK),(UNK),201901471618,City,1,1.49,N,,,,2,309070,(N/A),Straight and Level,No Defects,1,2,Major Collector,5,2783,X001814942,Not Toll,73,1,1,Not Divided,1,2945312.00102202,1907899.30000072,41.88026257581397,-87.7844,,Urban,2,N,(N/A),Y,(N/A)
2019,2019-05-21,Tuesday,14,02:56 PM,Property Damage,No Injuries,0,0,0,0,0,2,Front to Rear,11,N,N,Following Too Closely,Failing to Reduce Speed to Avoid Crash,Daylight,Cloudy/Overcast,Dry,N,,,,,Traffic Signal,Functioning Properly,N,2,41.8718836,-87.8044496,ok,(UNK),1,1902613,2019,1,3,28,50000 and OVER,9,4295,Oak Park,C,Urban Other Principal Arte,0,16,21,10769506,5,Cook,0,19,,,2,N,(UNK),(UNK),201901471578,City,1,20.21,Y,,,,4,309071,(N/A),Straight and Level,No Defects,1,1,Other Principal Arterial (PAS),3,348,X001814945,Not Toll,73,3,4,Not Divided,1,2939950.4622545,1904692.39790123,41.87187577967167,-87.8044,,Urban,8,N,(N/A),Y,(N/A)
2019,2019-05-21,Tuesday,16,04:30 PM,Property Damage,No Injuries,0,0,0,0,0,2,Sideswipe Same Direction,12,N,N,Improper Overtaking/Passing,Failing to Reduce Speed to Avoid Crash,Daylight,Unknown,Unknown,N,,,,,Traffic Signal,Functioning Properly,N,2,41.8943533,-87.7980046,ok,(UNK),1,1902641,2019,1,4,28,50000 and OVER,9,4295,Oak Park,C,Urban Minor Arterial,0,16,21,10769508,5,Cook,0,19,,,2,N,(UNK),(UNK),201901471579,City,1,2.92,N,,,,2,309072,(N/A),Straight and Level,Unknown,99,9,Minor Arterial,4,1398,X001814947,Not Toll,73,3,4,Not Divided,1,2941479.77760996,1912929.15603422,41.89434543924153,-87.798,,Urban,9,N,(N/A),N,(N/A)
2019,2019-05-21,Tuesday,15,03:26 PM,Property Damage,No Injuries,0,0,0,0,0,2,Turning,10,N,N,Failing to Reduce Speed to Avoid Crash,Distraction - From Inside Vehicle,Daylight,Clear,Dry,Y,,,,,Traffic Signal,Functioning Properly,N,2,41.9017095,-87.7948558,ok,(UNK),1,1902616,2019,1,28,41,50000 and OVER,9,4295,Oak Park,C,Urban Major Collector,8,16,21,10769514,5,Cook,0,19,,,2,N,(UNK),(UNK),201901471581,City,1,0,N,,,,(UNK),309105,(N/A),Straight and Level,No Defects,1,1,Major Collector,5,,X001814953,Not Toll,73,3,4,Not Divided,1,2942262.96821815,1915633.60196567,41.901701661096745,-87.7949,,Urban,1,N,(N/A),Y,(N/A)
2019,2019-05-21,Tuesday,16,04:19 PM,Property Damage,No Injuries,0,0,0,0,0,2,Angle,15,N,N,Failing to Yield Right of Way,(N/A),Daylight,Cloudy/Overcast,Dry,N,,,,,Stop Sign,Functioning Properly,Y,2,41.8669858,-87.7938252,ok,(N/A),1,2019,,1,2,99,50000 and OVER,9,4295,Oak Park,C,Urban Major Collector,8,16,21,10769521,5,Cook,C,19,0,,2,X001814960,(UNK),(UNK),201901471584,Major,1,0,N,,,,4,309106,(N/A),Straight and Level,No Defects,1,1,No Median Barrier,5,,1902618,Urban,73,2,4,Divided,2,2942893.62993669,1902987.39298308,41.866977930084275,-87.7938,,(UNK),8,(N/A),N,Y,N
2019,2019-05-21,Tuesday,17,05:08 PM,Property Damage,No Injuries,0,0,0,0,0,3,Sideswipe Same Direction,12,N,N,Failing to Yield Right of Way,Failing to Yield Right of Way,Daylight,Cloudy/Overcast,Dry,N,,,,,No Controls,No Controls,N,2,41.8654087,-87.778892,ok,(UNK),1,1902623,2019,1,2,2,50000 and OVER,9,4295,Oak Park,C,Urban Other Principal Arte,0,16,21,10769526,5,Cook,0,19,,,2,N,(UNK),(UNK),201901471585,City,1,7.29,Y,,,,3,309107,(N/A),Straight and Level,No Defects,1,1,Other Principal Arterial (PAS),3,347,X001814965,Not Toll,56,1,1,Two-way Continuous Left-Tur,4,2946977.34161163,1902525.52953774,41.865400857664795,-87.7789,,Urban,8,N,(N/A),Y,(N/A)
2019,2019-05-21,Tuesday,17,05:40 PM,Property Damage,No Injuries,0,0,0,0,0,2,Front to Rear,11,N,N,Following Too Closely,Evasive Action Due to Animal / Object / Non-Motorist,Daylight,Cloudy/Overcast,Dry,Y,,,,,No Controls,No Controls,N,2,41.8868621,-87.7957572,ok,(UNK),1,1902627,2019,1,3,32,50000 and OVER,9,4295,Oak Park,C,Urban Local Road or Street,8,16,21,10769527,5,Cook,0,19,,,2,N,(UNK),(UNK),201901471586,City,1,0,N,,,,1,309108,(N/A),Straight and Level,No Defects,1,1,Local Road or Street,7,,X001814966,Not Toll,73,1,1,One-Way,10,2942167.17882848,1910216.12013987,41.886854206321225,-87.7958,,Urban,8,N,(N/A),Y,(N/A)
2019,2019-05-22,Wednesday,02,02:17 AM,Property Damage,No Injuries,0,0,0,0,0,1,Parked Motor Vehicle,9,N,N,Improper Lane Usage,Exceeding Safe Speed For Conditions,Darkness,Rain,Wet,N,,,,,No Controls,No Controls,N,2,41.8815872,-87.7942256,ok,(N/A),1,2019,,1,20,27,50000 and OVER,9,4295,Oak Park,C,Urban Major Collector,0,16,22,10769531,5,Cook,C,19,0,,3,X001814970,(UNK),(UNK),201901471588,Major,4,0.55,N,,,,4,309109,(N/A),Straight and Level,No Defects,1,2,No Median Barrier,5,5,1902632,Urban,73,1,1,Divided,2,2942637.42142374,1908305.39854212,41.88157935183881,-87.7942,,(UNK),2,(N/A),N,Y,N
2019,2019-05-22,Wednesday,07,07:33 AM,Property Damage,No Injuries,0,0,0,0,0,2,Angle,15,N,N,Failing to Yield Right of Way,(N/A),Daylight,Cloudy/Overcast,Wet,Y,,,,,No Controls,No Controls,N,2,41.8944578,-87.7912957,ok,(N/A),1,2019,,1,2,99,50000 and OVER,9,4295,Oak Park,C,Urban Minor Arterial,8,16,22,10769534,5,Cook,C,19,0,,3,X001814972,(UNK),(UNK),201901471589,Minor,1,0,N,,,,2,309110,(N/A),Straight and Level,No Defects,1,2,No Median Barrier,4,,1902633,Urban,73,1,1,Divided,2,2943305.40294625,1913017.78814026,41.8944500016313,-87.7913,,(UNK),8,(N/A),N,Y,N
2019,2019-05-22,Wednesday,16,04:07 PM,Property Damage,No Injuries,0,0,0,0,0,1,Fixed Object,6,N,N,Physical Condition of Driver,(N/A),Daylight,Clear,Dry,N,,,,,No Controls,No Controls,N,2,41.901618,-87.8006573,ok,(N/A),1,2019,SHED,1,17,99,50000 and OVER,9,4295,Oak Park,C,Urban Major Collector,0,16,22,10769543,5,Cook,C,19,0,SHED,3,X001814981,(UNK),(UNK),201901471591,Major,1,1.24,N,,,,2,309175,(N/A),Straight and Level,No Defects,1,1,No Median Barrier,5,1394,1902642,Urban,73,1,1,Divided,2,2940684.45409335,1915556.61755945,41.90161015406408,-87.8007,,(UNK),1,(N/A),N,Y,N
2019,2019-05-22,Wednesday,21,09:14 PM,Property Damage,No Injuries,0,0,0,0,0,3,Front to Rear,11,N,N,Failing to Reduce Speed to Avoid Crash,(N/A),Darkness / Lighted Road,Clear,Dry,N,,,,,Traffic Signal,Functioning Properly,Y,3,41.8760327,-87.7941043,ok,(N/A),1,2019,,1,28,99,50000 and OVER,9,4295,Oak Park,C,Urban Major Collector,0,16,22,10769546,5,Cook,C,19,0,,3,X001814984,(UNK),(UNK),201901471593,Major,5,6.42,N,,,,3,309176,(N/A),Straight and Level,No Defects,1,1,No Median Barrier,5,2775,1902650,Urban,73,3,4,Divided,2,2942726.4361816,1906282.14630138,41.87602483943637,-87.7941,,(UNK),1,(N/A),N,Y,N
2019,2019-05-23,Thursday,10,10:25 AM,Injury,C Injury Crash,2,0,0,0,2,1,Turning,10,N,N,Failing to Yield Right of Way,Failing to Reduce Speed to Avoid Crash,Daylight,Clear,Dry,N,,,,,Traffic Signal,Functioning Properly,N,2,41.876274,-87.784366,ok,(UNK),1,1902659,2019,1,2,28,50000 and OVER,9,4295,Oak Park,C,Urban Major Collector,8,16,23,10769548,5,Cook,1,19,,,4,N,(UNK),(UNK),201901471595,City,1,0,N,,,,4,309177,(N/A),Straight and Level,No Defects,1,1,Major Collector,5,,X001814986,Not Toll,73,3,4,Not Divided,1,2945376.28287369,1906443.57787039,41.87626611572231,-87.7844,,Urban,1,N,(N/A),Y,(N/A)
2019,2019-05-23,Thursday,15,03:05 PM,Property Damage,No Injuries,0,0,0,0,0,2,Sideswipe Same Direction,12,N,N,Failing to Yield Right of Way,Failing to Reduce Speed to Avoid Crash,Daylight,Clear,Dry,N,,,,,No Controls,No Controls,N,2,41.8814199,-87.803522,ok,(UNK),1,1902663,2019,1,2,28,50000 and OVER,9,4295,Oak Park,C,Urban Major Collector,0,16,23,10769562,5,Cook,0,19,,,4,N,(UNK),(UNK),201901471599,City,1,0.07,N,,,,2,309178,(N/A),Straight and Level,No Defects,1,1,Major Collector,5,5,X001815000,Not Toll,73,1,1,Not Divided,1,2940107.37822763,1908174.55082659,41.881412070688455,-87.8035,,Urban,1,N,(N/A),Y,(N/A)
2019,2019-05-23,Thursday,12,12:05 PM,Property Damage,No Injuries,0,0,0,0,0,1,Parked Motor Vehicle,9,N,N,Unable to Determine,Unable to Determine,Daylight,Clear,Dry,N,,,,,Unknown,Unknown,Y,2,41.878176,-87.8042838,ok,(UNK),1,1902665,2019,1,18,18,50000 and OVER,9,4295,Oak Park,C,Urban Local Road or Street,0,16,23,10769565,5,Cook,0,19,,,4,N,(UNK),(UNK),201901471601,City,1,0.02,N,,,,2,309179,(N/A),Straight and Level,No Defects,1,1,Local Road or Street,7,4700,X001815003,Not Toll,73,99,9,Not Divided,1,2939932.4733891,1906986.69269991,41.8781681493856,-87.8043,,Urban,1,N,(N/A),Y,(N/A)
2019,2019-05-24,Friday,10,10:11 AM,Injury,C Injury Crash,1,0,0,0,1,1,Front to Rear,11,N,N,Following Too Closely,Failing to Reduce Speed to Avoid Crash,Daylight,Cloudy/Overcast,Dry,N,,,,,Traffic Signal,Functioning Properly,N,2,41.8752003,-87.7952885,ok,(UNK),1,1902687,2019,1,3,28,50000 and OVER,9,4295,Oak Park,C,Urban Local Road or Street,0,16,24,10769585,5,Cook,1,19,,,5,N,(UNK),(UNK),201901471608,City,1,0.3,N,,,,2,309222,(N/A),Straight and Level,No Defects,1,1,Local Road or Street,7,2683,X001815018,Not Toll,73,3,4,Not Divided,1,2942412.27721223,1905969.88689481,41.87519244133485,-87.7953,,Urban,8,N,(N/A),Y,(N/A)
2019,2019-05-24,Friday,11,11:05 AM,Property Damage,No Injuries,0,0,0,0,0,4,Front to Rear,11,N,N,Distraction - From Inside Vehicle,Failing to Reduce Speed to Avoid Crash,Daylight,Clear,Dry,N,,,,,No Controls,No Controls,N,2,41.888244,-87.7819598,ok,(UNK),1,1902689,2019,1,41,28,50000 and OVER,9,4295,Oak Park,C,Urban Major Collector,0,16,24,10769588,5,Cook,0,19,,,5,N,(UNK),(UNK),201901471609,City,1,0.98,N,,,,2,309223,(N/A),Straight and Level,No Defects,1,1,Major Collector,5,1405,X001815021,Not Toll,73,1,1,Not Divided,1,2945910.33783364,1910823.9011509,41.88823617512278,-87.782,,Urban,1,N,(N/A),Y,(N/A)