crash_year,crash_date,day_of_week,crash_hour,time_of_crash,crash_severity,crash_injury_severity,total_injured,total_fatals,a_injuries,b_injuries,c_injuries,no_injuries,type_of_first_crash,collision_type_code,pedestrian_involved,pedalcyclist_involved,cause1,cause2,lighting_cond,weather_cond,road_surface_cond,intersection_related,is_intersection,highway_or_street_name,at_intersection_with,address_no,traffic_control_device,traffic_control_device_cond,hit_and_run,number_of_vehicles,latitude,longitude,location_status,access_control,agency_code,agency_report_number,agency_report_year,alignment_code,cause1_code,cause2_code,city_class,city_class_code,city_code,city_name,city_township_flag,class_of_trafficway,class_of_trafficway_code,county_code,crash_day,crash_id,crash_month,crash_report_county,crash_severity_cd,crash_yr_source,damaged_property1,damaged_property2,day_of_week_code,did_crash_occur_in_work_zone,did_involve_secondary_crash,flow_condition,icn,investigating_agency_descrip,light_condition_code,mile_station,nhs,non_intersection_direction,non_intersection_distance,non_intersection_units,number_of_lanes,objectid,railroad_crossing_number,road_alignment,road_defects,road_defects_code,road_surface_condition_code,roadway_functional_class,roadway_functional_class_code,route_number,sfe,toll,township,traffic_control_device_code,traffic_control_device_cond_code,trafficway_descrip,trafficway_description_code,ts_crash_coordinate_x,ts_crash_coordinate_y,ts_crash_latitude,ts_crash_longitude,type_report,urban_rural,weather_code,were_workers_present,work_zone,work_zone_related,work_zone_type
2019,2019-05-24,Friday,13,01:30 PM,Injury,B Injury Crash,1,0,0,1,0,1,Parked Motor Vehicle,9,N,N,Failing to Reduce Speed to Avoid Crash,Improper Lane Usage,Daylight,Clear,Dry,N,,,,,No Controls,No Controls,N,4,41.8946946,-87.7769108,ok,(N/A),1,2019,,1,28,20,50000 and OVER,9,4295,Oak Park,C,Urban Minor Arterial,0,16,24,10769594,5,Cook,C,19,2,,5,X001815027,(UNK),(UNK),201901471612,Minor,1,4.03,N,,,,2,309224,(N/A),Straight and Level,No Defects,1,1,No Median Barrier,4,1398,1902693,Urban,73,1,1,Divided,2,2947219.69127625,1913212.88870516,41.894686758852856,-87.7769,,(UNK),1,(N/A),N,Y,N
2019,2019-05-25,Saturday,11,11:04 AM,Property Damage,No Injuries,0,0,0,0,0,1,Parked Motor Vehicle,9,N,N,Unable to Determine,Unable to Determine,Darkness / Lighted Road,Clear,Dry,N,,,,,No Controls,No Controls,Y,2,41.8800029,-87.7955929,ok,(UNK),1,1902714,2019,1,18,18,50000 and OVER,9,4295,Oak Park,C,Urban Local Road or Street,0,16,25,10769597,5,Cook,0,19,,,6,N,(UNK),(UNK),201901471615,City,5,0.45,N,,,,4,309225,(N/A),Straight and Level,No Defects,1,1,Local Road or Street,7,2683,X001815030,Not Toll,73,1,1,Not Divided,1,2942281.00934778,1907717.76519411,41.879995082126904,-87.7956,,Urban,1,N,(N/A),Y,(N/A)
2019,2019-05-25,Saturday,13,01:27 PM,Property Damage,No Injuries,0,0,0,0,0,3,Sideswipe Opposite Direction,13,N,N,Driving Skills/Knowledge/Experience,(N/A),Daylight,Clear,Dry,N,,,,,No Controls,No Controls,N,2,41.8727655,-87.8044864,ok,(N/A),1,2019,,3,15,99,50000 and OVER,9,4295,Oak Park,C,Urban Other Principal Arte,0,16,25,10769598,5,Cook,C,19,0,,6,X001815031,(UNK),(UNK),201901471616,Other,1,20.15,Y,,,,6,309226,(N/A),Straight On Hillcrest,No Defects,1,1,No Median Barrier,3,348,1902717,Urban,73,1,1,Divided,2,2939931.5869637,1905013.509255,41.87275770028056,-87.8045,,(UNK),1,(N/A),N,Y,N
2019,2019-06-07,Friday,13,01:45 PM,Property Damage,No Injuries,0,0,0,0,0,2,Sideswipe Same Direction,12,N,N,Improper Overtaking/Passing,Improper Lane Usage,Daylight,Clear,Dry,Y,,,,,No Controls,No Controls,N,2,41.8704892,-87.8043962,ok,(N/A),1,2019,,1,4,20,50000 and OVER,9,4295,Oak Park,C,Urban Other Principal Arte,6,16,7,10779068,6,Cook,C,19,0,,5,X001822630,(UNK),(UNK),201901472713,Other,1,25.39,Y,,,,4,310000,(N/A),Straight and Level,No Defects,1,1,No Median Barrier,3,5043,1903071,Urban,73,1,1,Divided,2,2939978.98876934,1904184.64675826,41.87048135910667,-87.8044,,(UNK),1,(N/A),N,Y,N
2019,2019-05-25,Saturday,20,08:45 PM,Injury,C Injury Crash,3,0,0,0,3,4,Front to Rear,11,N,N,Failing to Reduce Speed to Avoid Crash,Operating Vehicle In Reckless Manner,Darkness / Lighted Road,Clear,Dry,Y,,,,,Traffic Signal,Functioning Properly,N,2,41.8652478,-87.7888558,ok,(UNK),1,1902727,2019,1,28,50,50000 and OVER,9,4295,Oak Park,C,Urban Other Principal Arte,8,16,25,10778886,5,Cook,1,19,,,6,N,(UNK),(UNK),201901472630,City,5,0,Y,,,,2,310028,(N/A),Straight and Level,No Defects,1,1,Other Principal Arterial (PAS),3,,X001822453,Not Toll,52,3,4,Not Divided,1,2944264.82009267,1902391.53551509,41.86523999990903,-87.7889,,Urban,1,N,(N/A),Y,(N/A)
2019,2019-05-26,Sunday,15,03:30 PM,Property Damage,No Injuries,0,0,0,0,0,1,Parked Motor Vehicle,9,N,N,Improper Lane Usage,(N/A),Unknown,Unknown,Unknown,N,,,,,No Controls,No Controls,N,2,41.8885433,-87.7912841,ok,(N/A),1,2019,,1,20,99,50000 and OVER,9,4295,Oak Park,C,Urban Major Collector,0,16,26,10778890,5,Cook,C,19,0,,7,X001822457,(UNK),(UNK),201901472633,Major,9,0.53,N,,,,2,310029,(N/A),Straight and Level,No Defects,1,9,No Median Barrier,5,1405,1902843,Urban,73,1,1,Divided,2,2943368.26242442,1910862.50325858,41.88853545752449,-87.7913,,(UNK),9,(N/A),N,Y,N
2019,2019-05-28,Tuesday,09,09:00 AM,Property Damage,No Injuries,0,0,0,0,0,2,Front to Rear,11,N,N,Failing to Reduce Speed to Avoid Crash,(N/A),Daylight,Clear,Dry,N,,,,,Stop Sign,Functioning Properly,N,2,41.8902171,-87.7947291,ok,(UNK),1,1902766,2019,1,28,99,50000 and OVER,9,4295,Oak Park,C,Urban Local Road or Street,0,16,28,10778906,5,Cook,0,19,,,2,N,(UNK),(UNK),201901472644,City,1,0.27,N,,,,2,310079,(N/A),Straight and Level,No Defects,1,1,Local Road or Street,7,3060,X001822473,Not Toll,73,2,4,Not Divided,1,2942413.32026097,1911446.50738508,41.89020926540187,-87.7947,,Urban,1,N,(N/A),Y,(N/A)
2019,2019-05-28,Tuesday,13,01:41 PM,Property Damage,No Injuries,0,0,0,0,0,1,Parked Motor Vehicle,9,N,N,Unable to Determine,Unable to Determine,Daylight,Clear,Dry,N,,,,,No Controls,No Controls,Y,2,41.8660703,-87.7937754,ok,(UNK),1,1902768,2019,1,18,18,50000 and OVER,9,4295,Oak Park,C,Urban Major Collector,0,16,28,10778907,5,Cook,0,19,,,2,N,(UNK),(UNK),201901472645,City,1,7.11,N,,,,2,310080,(N/A),Straight and Level,No Defects,1,1,Major Collector,5,2775,X001822474,Not Toll,73,1,1,Alley,12,2942916.42549592,1902654.16736865,41.86606249443172,-87.7938,,Urban,1,N,(N/A),Y,(N/A)
2019,2019-05-28,Tuesday,13,01:45 PM,Property Damage,No Injuries,0,0,0,0,0,2,Angle,15,N,N,Failing to Yield Right of Way,(N/A),Daylight,Cloudy/Overcast,Dry,Y,,,,,Stop Sign,Functioning Properly,N,2,41.9019376,-87.7802263,ok,(N/A),1,2019,,1,2,99,50000 and OVER,9,4295,Oak Park,C,Urban Major Collector,8,16,28,10778909,5,Cook,C,19,0,,2,X001822476,(UNK),(UNK),201901472646,Major,1,0,N,,,,4,310081,(N/A),Straight and Level,No Defects,1,1,No Median Barrier,5,,1902770,Urban,73,2,4,Divided,2,2946243.50804473,1915827.24723873,41.90192977633622,-87.7802,,(UNK),8,(N/A),N,Y,N
2019,2019-05-28,Tuesday,15,03:15 PM,Property Damage,No Injuries,0,0,0,0,0,2,Front to Rear,11,N,N,Following Too Closely,Weather,Daylight,Rain,Wet,N,,,,,No Controls,No Controls,N,2,41.8944572,-87.7913991,ok,(N/A),1,2019,,1,3,11,50000 and OVER,9,4295,Oak Park,C,Urban Minor Arterial,0,16,28,10778911,5,Cook,C,19,0,,2,X001822478,(UNK),(UNK),201901472647,Minor,1,3.27,N,,,,2,310082,(N/A),Straight and Level,No Defects,1,2,No Median Barrier,4,1398,1902780,Urban,73,1,1,Divided,2,2943277.27081909,1913016.7589842,41.89444931637852,-87.7914,,(UNK),2,(N/A),N,Y,N
2019,2019-05-28,Tuesday,16,04:33 PM,Injury,C Injury Crash,1,0,0,0,1,1,Angle,15,N,N,Vision Obscured,Failing to Reduce Speed to Avoid Crash,Daylight,Clear,Dry,Y,,,,,Stop Sign,Functioning Properly,N,2,41.8945876,-87.7832621,ok,(UNK),1,1902783,2019,1,14,28,50000 and OVER,9,4295,Oak Park,C,Urban Minor Arterial,8,16,28,10778912,5,Cook,1,19,,,2,N,(UNK),(UNK),201901472648,City,1,0,N,,,,2,310083,(N/A),Straight and Level,No Defects,1,1,Minor Arterial,4,,X001822479,Not Toll,73,2,4,Not Divided,1,2945491.47808853,1913125.78242741,41.89457979941946,-87.7833,,Urban,1,N,(N/A),Y,(N/A)
2019,2019-05-29,Wednesday,08,08:22 AM,Property Damage,No Injuries,0,0,0,0,0,2,Parked Motor Vehicle,9,N,N,Failing to Yield Right of Way,(N/A),Daylight,Clear,Dry,N,,,,,No Controls,No Controls,N,2,41.8798203,-87.7782949,ok,(UNK),1,1902795,2019,1,2,99,50000 and OVER,9,4295,Oak Park,C,Urban Local Road or Street,0,16,29,10778914,5,Cook,0,19,,,3,N,(UNK),(UNK),201901472649,City,1,0.02,N,,,,1,310084,(N/A),Straight and Level,No Defects,1,1,Local Road or Street,7,2613,X001822481,Not Toll,73,1,1,Not Divided,1,2946993.79963495,1907781.90369121,41.879812442205754,-87.7783,,Urban,1,N,(N/A),Y,(N/A)
2019,2019-05-29,Wednesday,17,05:38 PM,Property Damage,No Injuries,0,0,0,0,0,2,Sideswipe Same Direction,12,N,N,Improper Overtaking/Passing,Failing to Reduce Speed to Avoid Crash,Daylight,Clear,Dry,N,,,,,Traffic Signal,Functioning Properly,Y,2,41.8815579,-87.7962977,ok,(UNK),1,1902815,2019,1,4,28,50000 and OVER,9,4295,Oak Park,C,Urban Major Collector,0,16,29,10778920,5,Cook,0,19,,,3,N,(UNK),(UNK),201901472654,City,1,0.44,N,,,,2,310141,(N/A),Straight and Level,No Defects,1,1,Major Collector,5,5,X001822487,Not Toll,73,3,4,Not Divided,1,2942073.39320691,1908279.11803427,41.88155004831069,-87.7963,,Urban,1,N,(N/A),Y,(N/A)
2019,2019-05-30,Thursday,07,07:28 AM,Property Damage,No Injuries,0,0,0,0,0,2,Front to Rear,11,N,N,Following Too Closely,Following Too Closely,Daylight,Clear,Wet,Y,,,,,No Controls,No Controls,N,2,41.8942278,-87.8039457,ok,(N/A),1,2019,,1,3,3,50000 and OVER,9,4295,Oak Park,C,Urban Minor Arterial,8,16,30,10778921,5,Cook,C,19,0,,4,X001822488,(UNK),(UNK),201901472655,Minor,1,0,N,,,,2,310142,(N/A),Straight and Level,No Defects,1,2,No Median Barrier,4,,1902827,Urban,73,1,1,Divided,2,2939863.40785088,1912838.81844945,41.8942200011068,-87.8039,,(UNK),1,(N/A),N,Y,N
2019,2019-05-30,Thursday,08,08:28 AM,Injury,B Injury Crash,3,0,0,3,0,0,Angle,15,N,N,Failing to Yield Right of Way,(N/A),Daylight,Clear,Dry,Y,,,,,Stop Sign,Functioning Properly,N,2,41.8945381,-87.7865219,ok,(N/A),1,2019,,1,2,99,50000 and OVER,9,4295,Oak Park,C,Urban Minor Arterial,8,16,30,10778923,5,Cook,C,19,2,FIRE HYDRANT,4,X001822490,(UNK),(UNK),201901472657,Minor,1,0,N,,,,2,310143,(N/A),Straight and Level,No Defects,1,1,No Median Barrier,4,,1902831,Urban,73,2,4,Divided,2,2944604.40270158,1913083.057205,41.89453020586972,-87.7865,,(UNK),1,(N/A),N,Y,N
2019,2019-05-30,Thursday,08,08:33 AM,Property Damage,No Injuries,0,0,0,0,0,2,Angle,15,N,N,Failing to Yield Right of Way,Failing to Reduce Speed to Avoid Crash,Daylight,Clear,Dry,Y,,,,,Stop Sign,Functioning Properly,N,2,41.8963977,-87.7849558,ok,(UNK),1,1902830,2019,1,2,28,50000 and OVER,9,4295,Oak Park,C,Urban Major Collector,8,16,30,10778925,5,Cook,0,19,,,4,N,(UNK),(UNK),201901472658,City,1,0,N,,,,(UNK),310144,(N/A),Straight and Level,No Defects,1,1,Major Collector,5,,X001822492,Not Toll,73,2,4,Not Divided,1,2945012.00377662,1913772.59059129,41.89638985907334,-87.7849,,Urban,1,N,(N/A),Y,(N/A)
2019,2019-05-30,Thursday,13,01:01 PM,Property Damage,No Injuries,0,0,0,0,0,1,Parked Motor Vehicle,9,N,N,Unable to Determine,Unable to Determine,Daylight,Clear,Dry,N,,,,,No Controls,No Controls,Y,4,41.8818357,-87.792657,ok,(UNK),1,1902839,2019,1,18,18,50000 and OVER,9,4295,Oak Park,C,Urban Local Road or Street,0,16,30,10778941,5,Cook,0,19,,,4,N,(UNK),(UNK),201901472660,City,1,0.36,N,,,,2,310145,(N/A),Straight and Level,No Defects,1,1,Local Road or Street,7,2673,X001822508,Not Toll,73,1,1,Not Divided,1,2943062.08284727,1908407.78502464,41.88182787808356,-87.7927,,Urban,1,N,(N/A),Y,(N/A)
2019,2019-05-30,Thursday,16,04:05 PM,Property Damage,No Injuries,0,0,0,0,0,5,Angle,15,N,N,Improper Backing,Failing to Reduce Speed to Avoid Crash,Daylight,Clear,Dry,Y,,,,,Stop Sign,Functioning Properly,N,2,41.881568,-87.7956355,ok,(UNK),1,1902845,2019,1,30,28,50000 and OVER,9,4295,Oak Park,C,Urban Major Collector,8,16,30,10778950,5,Cook,0,19,,,4,N,(UNK),(UNK),201901472662,City,1,0,N,,,,4,310146,(N/A),Straight and Level,No Defects,1,1,Major Collector,5,,X001822517,Not Toll,73,2,4,Not Divided,1,2942253.65263097,1908287.78711517,41.881560157971926,-87.7956,,Urban,1,N,(N/A),Y,(N/A)
2019,2019-06-10,Monday,14,02:08 PM,Property Damage,No Injuries,0,0,0,0,0,3,Front to Rear,11,N,N,Unable to Determine,Unable to Determine,Daylight,Clear,Dry,N,,,,,No Controls,No Controls,N,2,41.8712999,-87.7890661,ok,(UNK),1,1903129,2019,1,18,18,50000 and OVER,9,4295,Oak Park,C,Urban Minor Collector,0,16,10,10780580,6,Cook,0,19,,,1,N,(UNK),(UNK),201901473363,City,1,1.2,N,,,,2,310163,(N/A),Straight and Level,No Defects,1,1,Minor Collector,6,2779,X001823696,Not Toll,73,1,1,Not Divided,1,2944146.410998,1904595.42122683,41.87129204503667,-87.7891,,Urban,1,N,(N/A),Y,(N/A)
2019,2019-06-10,Monday,15,03:58 PM,Property Damage,No Injuries,0,0,0,0,0,2,Angle,15,N,N,Failing to Yield Right of Way,Failing to Reduce Speed to Avoid Crash,Daylight,Clear,Dry,Y,,,,,Stop Sign,Functioning Properly,N,2,41.8834466,-87.7845461,ok,(N/A),1,2019,,1,2,28,50000 and OVER,9,4295,Oak Park,C,Urban Major Collector,8,16,10,10780590,6,Cook,C,19,0,,1,X001823705,(UNK),(UNK),201901473366,Major,1,0,N,,,,4,310164,(N/A),Straight and Level,No Defects,1,1,No Median Barrier,5,,1903133,Urban,73,2,4,Divided,2,2945254.63672927,1909056.0478877,41.883438725259566,-87.7845,,(UNK),1,(N/A),N,Y,N
2019,2019-06-10,Monday,12,12:15 PM,Property Damage,No Injuries,0,0,0,0,0,2,Front to Rear,11,N,N,Unable to Determine,(N/A),Daylight,Clear,Dry,N,,,,,Traffic Signal,Functioning Properly,Y,2,41.8797793,-87.7893417,ok,(N/A),1,2019,,1,18,99,50000 and OVER,9,4295,Oak Park,C,Urban Minor Arterial,8,16,10,10780599,6,Cook,C,19,0,,1,X001823714,(UNK),(UNK),201901473370,Minor,1,0,N,,,,4,310166,(N/A),Straight and Level,No Defects,1,1,No Median Barrier,4,,1903155,Urban,73,3,4,Divided,2,2943985.7165855,1907683.38792971,41.8797714417527,-87.7893,,(UNK),1,(N/A),N,Y,N
2019,2019-06-12,Wednesday,07,07:57 AM,Property Damage,No Injuries,0,0,0,0,0,3,Front to Rear,11,N,N,Failing to Reduce Speed to Avoid Crash,(N/A),Daylight,Clear,Dry,Y,,,,,Traffic Signal,Functioning Properly,N,2,41.9087836,-87.8057828,ok,(UNK),1,1903173,2019,1,28,99,50000 and OVER,9,4295,Oak Park,C,Urban Other Principal Arte,6,16,12,10780604,6,Cook,0,19,,,3,N,(UNK),(UNK),201901473373,City,1,28.04,Y,,,,5,310167,(N/A),Straight and Level,Unknown,99,1,Other Principal Arterial (PAS),3,5043,X001823719,Not Toll,73,3,4,Other,8,2939217.15400692,1918129.42300251,41.908775715474604,-87.8058,,Urban,1,N,(N/A),N,(N/A)
2019,2019-05-30,Thursday,08,08:20 AM,Property Damage,No Injuries,0,0,0,0,0,3,Front to Rear,11,N,N,Failing to Reduce Speed to Avoid Crash,Unable to Determine,Daylight,Clear,Dry,N,,,,,Traffic Signal,Functioning Properly,N,2,41.886753,-87.8049567,ok,(UNK),1,1902852,2019,1,28,18,50000 and OVER,9,4295,Oak Park,C,Urban Other Principal Arte,6,16,30,10778956,5,Cook,0,19,,,4,N,(UNK),(UNK),201901472664,City,1,26.51,Y,,,,4,310175,(N/A),Straight and Level,No Defects,1,1,Other Principal Arterial (PAS),3,5043,X001822523,Not Toll,73,3,4,Not Divided,1,2939663.13583326,1910107.24820406,41.88674511564389,-87.805,,Urban,1,N,(N/A),Y,(N/A)
2019,2019-05-30,Thursday,18,06:23 PM,Property Damage,No Injuries,0,0,0,0,0,2,Front to Rear,11,N,N,Following Too Closely,Failing to Reduce Speed to Avoid Crash,Daylight,Clear,Dry,N,,,,,No Controls,No Controls,Y,3,41.8670373,-87.7938275,ok,(N/A),1,2019,,1,3,28,50000 and OVER,9,4295,Oak Park,C,Urban Major Collector,0,16,30,10778961,5,Cook,C,19,0,,4,X001822528,(UNK),(UNK),201901472665,Major,1,7.04,N,,,,2,310176,(N/A),Straight and Level,No Defects,1,1,No Median Barrier,5,2775,1902851,Urban,73,1,1,Divided,2,2942892.49041762,1903006.16552886,41.8670294909476,-87.7938,,(UNK),1,(N/A),N,Y,N
2019,2019-05-31,Friday,07,07:40 AM,Property Damage,No Injuries,0,0,0,0,0,2,Front to Rear,11,N,N,Texting,(N/A),Daylight,Clear,Dry,N,,,,,Stop Sign,Functioning Properly,N,2,41.8833635,-87.7894655,ok,(UNK),1,1902862,2019,1,44,99,50000 and OVER,9,4295,Oak Park,C,Urban Minor Collector,8,16,31,10778964,5,Cook,0,19,,,5,N,(UNK),(UNK),201901472666,City,1,0,N,,,,2,310177,(N/A),Straight and Level,No Defects,1,1,Minor Collector,6,,X001822531,Not Toll,73,2,4,Not Divided,1,2943915.78902742,1908988.58969445,41.88335560761824,-87.7895,,Urban,1,N,(N/A),Y,(N/A)
2019,2019-05-31,Friday,22,10:24 PM,Property Damage,No Injuries,0,0,0,0,0,1,Parked Motor Vehicle,9,N,N,Physical Condition of Driver,Driving On Wrong Side/Wrong Way,Darkness,Clear,Dry,N,,,,,No Controls,No Controls,N,2,41.8771479,-87.7806913,ok,(UNK),1,1902883,2019,1,17,5,50000 and OVER,9,4295,Oak Park,C,Urban Local Road or Street,0,16,31,10778978,5,Cook,0,19,,,5,N,(UNK),(UNK),201901472673,City,4,0.2,N,,,,2,310179,(N/A),Straight and Level,No Defects,1,1,Local Road or Street,7,2630,X001822545,Not Toll,73,1,1,Not Divided,1,2946368.24188603,1906789.88038543,41.87714007561624,-87.7807,,Urban,1,N,(N/A),Y,(N/A)
2019,2019-06-01,Saturday,01,01:15 AM,Property Damage,No Injuries,0,0,0,0,0,1,Fixed Object,6,N,N,Under Influence of Alcohol/Drugs,Failing to Reduce Speed to Avoid Crash,Darkness / Lighted Road,Clear,Dry,N,,,,,No Controls,No Controls,N,1,41.9087884,-87.8055831,ok,(UNK),1,1902885,2019,1,8,28,50000 and OVER,9,4295,Oak Park,C,Urban Other Principal Arte,0,16,1,10778980,6,Cook,0,19,UTILITY POLE,,6,N,(UNK),(UNK),201901472675,City,5,5.93,Y,,,,4,310180,(N/A),Straight and Level,No Defects,1,1,Other Principal Arterial (PAS),3,307,X001822547,Not Toll,73,1,1,Divided With Median Barrier,3,2939271.45036423,1918132.66573209,41.908780506916855,-87.8056,,Urban,1,N,(N/A),Y,(N/A)
2019,2019-06-12,Wednesday,15,03:03 PM,Property Damage,No Injuries,0,0,0,0,0,8,Front to Rear,11,N,N,Failing to Reduce Speed to Avoid Crash,Following Too Closely,Daylight,Rain,Wet,N,,,,,Lane Use Marking,Functioning Properly,Y,2,41.8716,-87.7939715,ok,(UNK),1,1903187,2019,1,28,3,50000 and OVER,9,4295,Oak Park,C,Urban Major Collector,0,16,12,10780608,6,Cook,0,19,,,3,N,(UNK),(UNK),201901473376,City,1,6.72,N,,,,2,310208,(N/A),Straight and Level,No Defects,1,2,Major Collector,5,2775,X001823723,Not Toll,73,12,4,Not Divided,1,2942807.27794103,1904667.81017125,41.87159219245598,-87.794,,Urban,2,N,(N/A),Y,(N/A)
2019,2019-06-12,Wednesday,15,03:57 PM,Property Damage,No Injuries,0,0,0,0,0,4,Front to Rear,11,N,N,Equipment-Vehicle Condition,Failing to Reduce Speed to Avoid Crash,Daylight,Clear,Wet,N,,,,,Stop Sign,Functioning Properly,N,2,41.8930478,-87.8051858,ok,(N/A),1,2019,,1,10,28,50000 and OVER,9,4295,Oak Park,C,Urban Other Principal Arte,0,16,12,10780621,6,Cook,C,19,0,,3,X001823736,(UNK),(UNK),201901473378,Other,1,26.95,Y,,,,4,310210,(N/A),Straight and Level,No Defects,1,2,No Median Barrier,3,5043,1903190,Urban,73,2,4,Divided,2,2939537.59496709,1912399.50303192,41.893039999435004,-87.8052,,(UNK),1,(N/A),N,Y,N
2019,2019-06-12,Wednesday,17,05:29 PM,Property Damage,No Injuries,0,0,0,0,0,2,Angle,15,N,N,Failing to Yield Right of Way,(N/A),Daylight,Rain,Wet,N,,,,,Stop Sign,Functioning Properly,N,2,41.8943505,-87.7848613,ok,(N/A),1,2019,,1,2,99,50000 and OVER,9,4295,Oak Park,C,Urban Major Collector,0,16,12,10780623,6,Cook,C,19,0,,3,X001823738,(UNK),(UNK),201901473379,Major,1,0.51,N,,,,4,310211,(N/A),Straight and Level,No Defects,1,2,No Median Barrier,5,2783,1903191,Urban,73,2,4,Divided,2,2945058.43523688,1913027.24750274,41.8943426103374,-87.7849,,(UNK),2,(N/A),N,Y,N
2019,2019-06-11,Tuesday,20,08:00 PM,Injury,C Injury Crash,1,0,0,0,1,1,Pedestrian,1,Y,N,Improper Turning/No Signal,Improper Turning/No Signal,Darkness / Lighted Road,Clear,Dry,N,,,,,No Controls,No Controls,Y,1,41.8947134,-87.7755066,ok,(UNK),1,1903192,2019,1,6,6,50000 and OVER,9,4295,Oak Park,C,Urban Minor Arterial,0,16,11,10780625,6,Cook,1,19,,,2,N,(UNK),(UNK),201901473380,City,5,4.11,N,,,,2,310212,(N/A),Straight and Level,No Defects,1,1,Minor Arterial,4,1398,X001823740,Not Toll,73,1,1,Not Divided,1,2947601.84152017,1913230.39872228,41.894705560631955,-87.7755,,Urban,1,N,(N/A),Y,(N/A)
2019,2019-06-01,Saturday,10,10:06 AM,Property Damage,No Injuries,0,0,0,0,0,3,Front to Rear,11,N,N,Failing to Reduce Speed to Avoid Crash,(N/A),Daylight,Clear,Dry,N,,,,,No Controls,No Controls,N,2,41.8761404,-87.7953311,ok,(N/A),1,2019,,1,28,99,50000 and OVER,9,4295,Oak Park,C,Urban Local Road or Street,8,16,1,10778982,6,Cook,C,19,0,,6,X001822549,(UNK),(UNK),201901472676,Local,1,0,N,,,,2,310228,(N/A),Straight and Level,No Defects,1,1,No Median Barrier,7,,1902889,Urban,73,1,1,Divided,2,2942391.22867111,1906312.17171446,41.87613258370681,-87.7953,,(UNK),1,(N/A),N,Y,N
2019,2019-06-01,Saturday,10,10:32 AM,Property Damage,No Injuries,0,0,0,0,0,2,Front to Rear,11,N,N,Failing to Reduce Speed to Avoid Crash,Unable to Determine,Daylight,Clear,Dry,N,,,,,No Controls,No Controls,N,2,41.9016024,-87.8016835,ok,(N/A),1,2019,,1,28,18,50000 and OVER,9,4295,Oak Park,C,Urban Major Collector,0,16,1,10778986,6,Cook,C,19,0,,6,X001822553,(UNK),(UNK),201901472677,Major,1,1.2,N,,,,2,310229,(N/A),Straight and Level,No Defects,1,1,No Median Barrier,5,1394,1902891,Urban,73,1,1,Divided,2,2940405.23605114,1915543.22401341,41.90159455122929,-87.8017,,(UNK),1,(N/A),N,Y,N
2019,2019-06-01,Saturday,14,02:37 PM,Injury,B Injury Crash,2,0,0,2,0,3,Front to Rear,11,N,N,Following Too Closely,Failing to Reduce Speed to Avoid Crash,Daylight,Clear,Dry,Y,,,,,Traffic Signal,Functioning Properly,Y,3,41.8867137,-87.8049544,ok,(N/A),1,2019,,1,3,28,50000 and OVER,9,4295,Oak Park,C,Urban Other Principal Arte,6,16,1,10778997,6,Cook,C,19,2,,6,X001822563,(UNK),(UNK),201901472678,Other,1,26.51,Y,,,,4,310230,(N/A),Straight and Level,No Defects,1,1,No Median Barrier,3,5043,1902895,Urban,73,3,4,Divided,2,2939664.16624756,1910092.95373692,41.88670584213326,-87.8049,,(UNK),1,(N/A),N,Y,N
2019,2019-06-01,Saturday,15,03:24 PM,Property Damage,No Injuries,0,0,0,0,0,2,Parked Motor Vehicle,9,N,N,Improper Backing,Failing to Reduce Speed to Avoid Crash,Daylight,Clear,Dry,N,,,,,Stop Sign,Functioning Properly,Y,2,41.8883811,-87.7879602,ok,(UNK),1,1902898,2019,1,30,28,50000 and OVER,9,4295,Oak Park,C,Urban Local Road or Street,0,16,1,10779002,6,Cook,0,19,,,6,N,(UNK),(UNK),201901472861,City,1,0.42,N,,,,2,310231,(N/A),Straight and Level,No Defects,1,1,Local Road or Street,7,2650,X001822568,Not Toll,73,2,4,Not Divided,1,2944275.02336256,1910828.48580183,41.88837327003306,-87.788,,Urban,1,N,(N/A),Y,(N/A)
2019,2019-06-01,Saturday,15,03:35 PM,Property Damage,No Injuries,0,0,0,0,0,2,Angle,15,N,N,Failing to Yield Right of Way,Weather,Daylight,Rain,Wet,Y,,,,,Stop Sign,Functioning Properly,N,2,41.8671373,-87.7840158,ok,(UNK),1,1902896,2019,1,2,11,50000 and OVER,9,4295,Oak Park,C,Urban Major Collector,8,16,1,10779004,6,Cook,0,19,,,6,N,(UNK),(UNK),201901472679,City,1,0,N,,,,(UNK),310232,(N/A),Straight and Level,No Defects,1,2,Major Collector,5,,X001822570,Not Toll,73,2,4,Not Divided,1,2945564.12937733,1903116.67054483,41.867129480087925,-87.784,,Urban,2,N,(N/A),Y,(N/A)
2019,2019-06-01,Saturday,18,06:35 PM,Property Damage,No Injuries,0,0,0,0,0,3,Turning,10,N,N,Failing to Yield Right of Way,Improper Lane Usage,Daylight,Rain,Wet,Y,,,,,Stop Sign,Functioning Properly,N,2,41.8781717,-87.8046654,ok,(N/A),1,2019,,1,2,20,50000 and OVER,9,4295,Oak Park,C,Urban Other Principal Arte,0,16,1,10779006,6,Cook,C,19,0,,6,X001822572,(UNK),(UNK),201901472680,Other,1,25.92,Y,,,,4,310233,(N/A),Straight and Level,No Defects,1,2,No Median Barrier,3,5043,1902902,Urban,73,2,4,Divided,2,2939828.59504125,1906982.27731784,41.878163885998866,-87.8047,,(UNK),2,(N/A),N,Y,N