crash_year,crash_date,day_of_week,crash_hour,time_of_crash,crash_severity,crash_injury_severity,total_injured,total_fatals,a_injuries,b_injuries,c_injuries,no_injuries,type_of_first_crash,collision_type_code,pedestrian_involved,pedalcyclist_involved,cause1,cause2,lighting_cond,weather_cond,road_surface_cond,intersection_related,is_intersection,highway_or_street_name,at_intersection_with,address_no,traffic_control_device,traffic_control_device_cond,hit_and_run,number_of_vehicles,latitude,longitude,location_status,access_control,agency_code,agency_report_number,agency_report_year,alignment_code,cause1_code,cause2_code,city_class,city_class_code,city_code,city_name,city_township_flag,class_of_trafficway,class_of_trafficway_code,county_code,crash_day,crash_id,crash_month,crash_report_county,crash_severity_cd,crash_yr_source,damaged_property1,damaged_property2,day_of_week_code,did_crash_occur_in_work_zone,did_involve_secondary_crash,flow_condition,icn,investigating_agency_descrip,light_condition_code,mile_station,nhs,non_intersection_direction,non_intersection_distance,non_intersection_units,number_of_lanes,objectid,railroad_crossing_number,road_alignment,road_defects,road_defects_code,road_surface_condition_code,roadway_functional_class,roadway_functional_class_code,route_number,sfe,toll,township,traffic_control_device_code,traffic_control_device_cond_code,trafficway_descrip,trafficway_description_code,ts_crash_coordinate_x,ts_crash_coordinate_y,ts_crash_latitude,ts_crash_longitude,type_report,urban_rural,weather_code,were_workers_present,work_zone,work_zone_related,work_zone_type
2019,2019-06-13,Thursday,17,05:10 PM,Property Damage,No Injuries,0,0,0,0,0,4,Sideswipe Same Direction,12,N,N,Improper Overtaking/Passing,Unable to Determine,Daylight,Clear,Dry,Y,,,,,Traffic Signal,Functioning Properly,N,2,41.8885678,-87.8050258,ok,(N/A),1,2019,,1,4,18,50000 and OVER,9,4295,Oak Park,C,Urban Other Principal Arte,0,16,13,10780645,6,Cook,C,19,0,,4,X001823759,(UNK),(UNK),201901473387,Other,1,26.64,Y,,,,4,310234,(N/A),Straight and Level,No Defects,1,1,No Median Barrier,3,5043,1903215,Urban,73,3,4,Divided,2,2939626.12430047,1910768.10775132,41.888559999792236,-87.805,,(UNK),1,(N/A),N,Y,N
2019,2019-06-13,Thursday,17,05:54 PM,Injury,C Injury Crash,1,0,0,0,1,2,Front to Rear,11,N,N,Failing to Reduce Speed to Avoid Crash,Following Too Closely,Daylight,Clear,Dry,N,,,,,Traffic Signal,Functioning Properly,N,3,41.8979479,-87.7947898,ok,(N/A),1,2019,,1,28,3,50000 and OVER,9,4295,Oak Park,C,Urban Major Collector,0,16,13,10780650,6,Cook,C,19,1,,4,X001823764,(UNK),(UNK),201901473388,Major,1,4.87,N,,,,2,310235,(N/A),Straight and Level,No Defects,1,1,No Median Barrier,5,2775,1903218,Urban,73,3,4,Divided,2,2942318.86875826,1914263.28306732,41.89794001600545,-87.7948,,(UNK),1,(N/A),N,Y,N
2019,2019-06-01,Saturday,22,10:42 PM,Injury,C Injury Crash,1,0,0,0,1,1,Front to Rear,11,N,N,Failing to Yield Right of Way,Failing to Reduce Speed to Avoid Crash,Darkness / Lighted Road,Clear,Dry,N,,,,,No Controls,No Controls,N,2,41.9071782,-87.8057287,ok,(N/A),1,2019,,1,2,28,50000 and OVER,9,4295,Oak Park,C,Urban Other Principal Arte,0,16,1,10779009,6,Cook,C,19,1,,6,X001822575,(UNK),(UNK),201901472681,Other,5,17.77,Y,,,,4,310290,(N/A),Straight and Level,No Defects,1,1,No Median Barrier,3,348,1902907,Urban,73,1,1,Divided,2,2939248.00045396,1917544.81841277,41.9071703940292,-87.8057,,(UNK),1,(N/A),N,Y,N
2019,2019-06-02,Sunday,09,09:27 AM,Property Damage,No Injuries,0,0,0,0,0,1,Parked Motor Vehicle,9,N,N,Failing to Yield Right of Way,(N/A),Daylight,Clear,Dry,N,,,,,No Controls,No Controls,N,2,41.9056921,-87.7994981,ok,(UNK),1,1902913,2019,1,2,99,50000 and OVER,9,4295,Oak Park,C,Urban Local Road or Street,0,16,2,10779010,6,Cook,0,19,,,7,N,(UNK),(UNK),201901472683,City,1,0.2,N,,,,2,310291,(N/A),Straight and Level,No Defects,1,1,Local Road or Street,7,2693,X001822576,Not Toll,73,1,1,Not Divided,1,2940959.04475995,1917050.02457337,41.90568429610733,-87.7995,,Urban,1,N,(N/A),Y,(N/A)
2019,2019-06-02,Sunday,11,11:33 AM,Property Damage,No Injuries,0,0,0,0,0,8,Turning,10,N,N,Failing to Reduce Speed to Avoid Crash,Unable to Determine,Daylight,Clear,Dry,Y,,,,,Traffic Signal,Functioning Properly,N,2,41.8943579,-87.7976625,ok,(UNK),1,1902916,2019,1,28,18,50000 and OVER,9,4295,Oak Park,C,Urban Minor Arterial,8,16,2,10779012,6,Cook,0,19,,,7,N,(UNK),(UNK),201901472684,City,1,0,N,,,,3,310292,(N/A),Straight and Level,No Defects,1,1,Minor Arterial,4,,X001822578,Not Toll,73,3,4,Other,8,2941572.89066738,1912933.42323112,41.89435008712625,-87.7977,,Urban,1,N,(N/A),Y,(N/A)
2019,2019-06-02,Sunday,13,01:00 PM,Injury,C Injury Crash,2,0,0,0,2,2,Front to Rear,11,N,N,Failing to Reduce Speed to Avoid Crash,Unable to Determine,Daylight,Clear,Dry,Y,,,,,Traffic Signal,Functioning Properly,N,3,41.8942501,-87.8026553,ok,(UNK),1,1902920,2019,1,28,18,50000 and OVER,9,4295,Oak Park,C,Urban Minor Arterial,0,16,2,10779014,6,Cook,1,19,,,7,N,(UNK),(UNK),201901472686,City,1,2.68,N,,,,2,310293,(N/A),Straight and Level,No Defects,1,1,Minor Arterial,4,1398,X001822580,Not Toll,73,3,4,Not Divided,1,2940214.52214902,1912856.62588662,41.89424229584589,-87.8026,,Urban,1,N,(N/A),Y,(N/A)
2019,2019-06-02,Sunday,17,05:25 PM,Injury,C Injury Crash,2,0,0,0,2,1,Front to Rear,11,N,N,Following Too Closely,Failing to Reduce Speed to Avoid Crash,Daylight,Clear,Dry,N,,,,,Lane Use Marking,Functioning Properly,N,2,41.8661963,-87.7839949,ok,(UNK),1,1902927,2019,1,3,28,50000 and OVER,9,4295,Oak Park,C,Urban Major Collector,0,16,2,10779018,6,Cook,1,19,,,7,N,(UNK),(UNK),201901472689,City,1,2.48,N,,,,2,310294,(N/A),Straight and Level,No Defects,1,1,Major Collector,5,2783,X001822584,Not Toll,73,12,4,Not Divided,1,2945579.34861751,1902773.90900667,41.866188473338866,-87.784,,Urban,1,N,(N/A),Y,(N/A)
2019,2019-06-02,Sunday,18,06:50 PM,Property Damage,No Injuries,0,0,0,0,0,3,Turning,10,N,N,Improper Turning/No Signal,Failing to Reduce Speed to Avoid Crash,Daylight,Clear,Dry,Y,,,,,Traffic Signal,Functioning Properly,N,2,41.8726278,-87.7842258,ok,(N/A),1,2019,,1,6,28,50000 and OVER,9,4295,Oak Park,C,Urban Major Collector,8,16,2,10779019,6,Cook,C,19,0,,7,X001822585,(UNK),(UNK),201901472690,Major,1,0,N,,,,(UNK),310295,(N/A),Straight and Level,No Defects,1,1,No Median Barrier,5,,1902931,Urban,73,3,4,Divided,2,2945451.36135475,1905115.92671984,41.87261999991732,-87.7842,,(UNK),1,(N/A),N,Y,N
2019,2019-06-03,Monday,06,06:56 AM,Property Damage,No Injuries,0,0,0,0,0,2,Turning,10,N,N,Failing to Yield Right of Way,Failing to Reduce Speed to Avoid Crash,Daylight,Clear,Dry,Y,,,,,Stop Sign,Functioning Properly,N,2,41.9015583,-87.8039845,ok,(UNK),1,1902941,2019,1,2,28,50000 and OVER,9,4295,Oak Park,C,Urban Major Collector,8,16,3,10779022,6,Cook,0,19,,,1,N,(UNK),(UNK),201901472691,City,1,0,N,,,,2,310344,(N/A),Straight and Level,No Defects,1,1,Major Collector,5,,X001822587,Not Toll,73,2,4,Not Divided,1,2939779.24668095,1915509.88154204,41.901550447538035,-87.804,,Urban,1,N,(N/A),Y,(N/A)
2019,2019-06-03,Monday,18,06:44 PM,Injury,C Injury Crash,3,0,0,0,3,3,Front to Rear,11,N,N,Failing to Reduce Speed to Avoid Crash,Following Too Closely,Daylight,Clear,Dry,Y,,,,,Traffic Signal,Functioning Properly,N,2,41.8886778,-87.7971557,ok,(UNK),1,1902959,2019,1,28,3,50000 and OVER,9,4295,Oak Park,C,Urban Major Collector,8,16,3,10779028,6,Cook,1,19,,,1,N,(UNK),(UNK),201901472696,City,1,0,N,,,,3,310345,(N/A),Straight and Level,No Defects,1,1,Major Collector,5,,X001822593,Not Toll,73,3,4,Not Divided,1,2941768.06589984,1910867.30465276,41.888669999935125,-87.7971,,Urban,1,N,(N/A),Y,(N/A)
2019,2019-06-05,Wednesday,12,12:38 PM,Property Damage,No Injuries,0,0,0,0,0,2,Front to Front,14,N,N,Improper Backing,Unable to Determine,Daylight,Clear,Dry,N,,,,,No Controls,No Controls,N,2,41.8716401,-87.7897135,ok,(N/A),1,2019,,1,30,18,50000 and OVER,9,4295,Oak Park,C,Urban Local Road or Street,0,16,5,10779040,6,Cook,C,19,0,,3,X001822605,(UNK),Partial Access Control,201901472704,Local,1,0.22,N,,,,2,310348,(N/A),Straight and Level,No Defects,1,1,No Median Barrier,7,290,1903002,Urban,73,1,1,Divided,2,2943966.63703597,1904714.50874632,41.87163224185657,-87.7897,,(UNK),1,(N/A),N,Y,N
2019,2019-06-05,Wednesday,14,02:05 PM,Injury,C Injury Crash,3,0,0,0,3,1,Front to Rear,11,N,N,Failing to Reduce Speed to Avoid Crash,(N/A),Daylight,Clear,Dry,N,,,,,Stop Sign,Functioning Properly,N,2,41.908931,-87.7995962,ok,(UNK),1,1903005,2019,1,28,99,50000 and OVER,9,4295,Oak Park,C,Urban Other Principal Arte,0,16,5,10779041,6,Cook,1,19,,,3,N,(UNK),(UNK),201901472705,City,1,129.49,Y,,,,4,310349,(N/A),Straight and Level,No Defects,1,1,Other Principal Arterial (PAS),3,5064,X001822606,Not Toll,73,2,4,Divided With Median Barrier,3,2940899.75464434,1918229.58323526,41.908923133544874,-87.7996,,Urban,1,N,(N/A),Y,(N/A)
2019,2019-06-05,Wednesday,16,04:57 PM,Injury,B Injury Crash,1,0,0,1,0,2,Front to Rear,11,N,N,Following Too Closely,(N/A),Daylight,Clear,Dry,N,,,,,No Controls,No Controls,N,2,41.8800116,-87.775275,ok,(N/A),1,2019,,1,3,99,50000 and OVER,9,4295,Oak Park,C,Urban Minor Arterial,0,16,5,10779045,6,Cook,C,19,2,,3,X001822610,(UNK),(UNK),201901472707,Minor,1,4.59,N,,,,2,310420,(N/A),Straight and Level,No Defects,1,1,No Median Barrier,4,1419,1903010,Urban,73,1,1,Divided,2,2947814.29857461,1907874.54836344,41.88000378830953,-87.7753,,(UNK),1,(N/A),N,Y,N
2019,2019-06-05,Wednesday,17,05:59 PM,Property Damage,No Injuries,0,0,0,0,0,2,Angle,15,N,N,Failing to Yield Right of Way,(N/A),Daylight,Clear,Dry,Y,,,,,Stop Sign,Functioning Properly,N,2,41.8852154,-87.7846038,ok,(UNK),1,1903012,2019,1,2,99,50000 and OVER,9,4295,Oak Park,C,Urban Major Collector,8,16,5,10779046,6,Cook,0,19,,,3,N,(UNK),(UNK),201901472708,City,1,0,N,,,,(UNK),310421,(N/A),Straight and Level,No Defects,1,1,Major Collector,5,,X001822611,Not Toll,73,2,4,Other,8,2945221.01734195,1909700.19520793,41.885207524705514,-87.7846,,Urban,1,N,(N/A),Y,(N/A)
2019,2019-06-17,Monday,06,06:51 AM,Property Damage,No Injuries,0,0,0,0,0,1,Fixed Object,6,N,N,Under Influence of Alcohol/Drugs,Failing to Reduce Speed to Avoid Crash,Daylight,Cloudy/Overcast,Dry,N,,,,,No Controls,No Controls,Y,1,41.8780714,-87.785036,ok,(UNK),1,1903299,2019,,8,28,50000 and OVER,9,4295,Oak Park,C,Urban Local Road or Street,0,16,17,10781056,6,Cook,0,19,PARKWAY TREE,,1,N,No,(UNK),201901473458,City,1,0.53,N,,,,(UNK),310519,(N/A),(UNK),No Defects,1,1,Local Road or Street,7,4011,X001823769,Not Toll,73,1,1,Not Divided,1,2945175.62250749,1907093.51888776,41.87806352155177,-87.785,,Urban,8,N,(N/A),Y,(N/A)
2019,2019-06-18,Tuesday,15,03:04 PM,Injury,B Injury Crash,1,0,0,1,0,1,Pedalcyclist,2,N,Y,Failing to Reduce Speed to Avoid Crash,Improper Lane Usage,Daylight,Clear,Dry,Y,,,,,Traffic Signal,Functioning Properly,N,1,41.8882278,-87.7814357,ok,(UNK),1,1903345,2019,,28,20,50000 and OVER,9,4295,Oak Park,C,Urban Major Collector,8,16,18,10781057,6,Cook,2,19,,,2,N,No,Slow,201901473459,City,1,0,N,,,,(UNK),310520,(N/A),(UNK),No Defects,1,1,Major Collector,5,,X001823774,Not Toll,73,3,4,Not Divided,1,2946053.21384362,1910821.97418194,41.88821999700481,-87.7814,,Urban,1,N,(N/A),Y,(N/A)
2019,2019-06-20,Thursday,17,05:16 PM,Injury,C Injury Crash,1,0,0,0,1,1,Pedalcyclist,2,N,Y,Failing to Yield Right of Way,(N/A),Daylight,Clear,Dry,Y,,,,,Traffic Signal,Functioning Properly,N,1,41.8886778,-87.7971557,ok,(UNK),1,1903386,2019,,2,99,50000 and OVER,9,4295,Oak Park,C,Urban Major Collector,8,16,20,10781058,6,Cook,1,19,BICYCLE,,4,N,No,(UNK),201901473460,City,1,0,N,,,,(UNK),310521,(N/A),(UNK),No Defects,1,1,Major Collector,5,,X001823782,Not Toll,73,3,4,Not Divided,1,2941768.06589984,1910867.30465276,41.888669999935125,-87.7971,,Urban,1,N,(N/A),Y,(N/A)
2019,2019-06-08,Saturday,20,08:15 PM,Property Damage,No Injuries,0,0,0,0,0,2,Front to Rear,11,N,N,Failing to Reduce Speed to Avoid Crash,(N/A),Dusk,Clear,Dry,N,,,,,No Controls,No Controls,Y,2,41.8654178,-87.7777865,ok,(N/A),1,2019,,1,28,99,50000 and OVER,9,4295,Oak Park,C,Urban Other Principal Arte,8,16,8,10780554,6,Cook,C,19,0,,6,X001823670,(UNK),(UNK),201901473356,Other,3,0,Y,,,,2,310771,(N/A),Straight and Level,No Defects,1,1,No Median Barrier,3,,1903102,Urban,56,1,1,Divided,2,2947278.40166392,1902537.2419166,41.86540999445372,-87.7778,,(UNK),1,(N/A),N,Y,N
2019,2019-06-09,Sunday,04,04:18 AM,Injury,B Injury Crash,1,0,0,1,0,1,Angle,15,N,N,Disregarding Stop Sign,Failing to Yield Right of Way,Darkness / Lighted Road,Clear,Dry,Y,,,,,Stop Sign,Functioning Properly,N,2,41.8669858,-87.7938238,ok,(N/A),1,2019,,1,23,2,50000 and OVER,9,4295,Oak Park,C,Urban Major Collector,8,16,9,10780556,6,Cook,C,19,2,,7,X001823672,(UNK),(UNK),201901473358,Major,5,0,N,,,,2,310876,(N/A),Straight and Level,No Defects,1,1,No Median Barrier,5,,1903106,Urban,73,2,4,Divided,2,2942894.01717511,1902987.41234074,41.86697795379793,-87.7938,,(UNK),1,(N/A),N,Y,N
2019,2019-06-09,Sunday,11,11:59 AM,Property Damage,No Injuries,0,0,0,0,0,2,Turning,10,N,N,Unable to Determine,(N/A),Daylight,Clear,Dry,Y,,,,,Traffic Signal,Functioning Properly,Y,2,41.901897,-87.7838797,ok,(N/A),1,2019,,1,18,99,50000 and OVER,9,4295,Oak Park,C,Urban Major Collector,8,16,9,10780561,6,Cook,C,19,0,,7,X001823677,(UNK),(UNK),201901473360,Major,1,0,N,,,,2,310877,(N/A),Straight and Level,No Defects,1,1,No Median Barrier,5,,1903107,Urban,73,3,4,Divided,2,2945249.30303184,1915784.77874168,41.90188914685027,-87.7839,,(UNK),1,(N/A),N,Y,N
2019,2019-06-10,Monday,11,11:32 AM,Injury,B Injury Crash,1,0,0,1,0,1,Pedestrian,1,Y,N,Failing to Yield Right of Way,Unable to Determine,Daylight,Clear,Dry,Y,,,,,Traffic Signal,Functioning Properly,N,1,41.9015578,-87.8055258,ok,(UNK),1,1903127,2019,1,2,18,50000 and OVER,9,4295,Oak Park,C,Urban Other Principal Arte,0,16,10,10780571,6,Cook,2,19,,,1,N,(UNK),(UNK),201901473362,City,1,27.54,Y,,,,(UNK),310878,(N/A),Straight and Level,No Defects,1,1,Other Principal Arterial (PAS),3,5043,X001823687,Not Toll,73,3,4,Not Divided,1,2939359.62550676,1915498.15890809,41.901549999399855,-87.8055,,Urban,1,N,(N/A),Y,(N/A)
2019,2019-12-30,Monday,13,01:20 PM,Injury,B Injury Crash,2,0,0,1,1,0,Parked Motor Vehicle,9,N,N,Failing to Reduce Speed to Avoid Crash,Unable to Determine,Daylight,Cloudy/Overcast,Wet,Y,,,,,No Controls,No Controls,N,3,41.8814705,-87.8015549,ok,(UNK),1,1907642,2019,,28,18,50000 and OVER,9,4295,Oak Park,C,Urban Major Collector,0,16,30,10801389,12,Cook,2,19,,,1,N,No,Slow,201901477335,City,1,0.16,N,,,,(UNK),311218,(N/A),(UNK),No Defects,1,2,Major Collector,5,5,X001841023,Not Toll,73,1,1,Not Divided,1,2940642.57415871,1908207.74220867,41.88146263457069,-87.8015,,Urban,8,N,(N/A),Y,(N/A)
2019,2019-06-22,Saturday,09,09:49 AM,Property Damage,No Injuries,0,0,0,0,0,7,Front to Rear,11,N,N,Failing to Reduce Speed to Avoid Crash,Distraction - From Inside Vehicle,Daylight,Clear,Dry,N,,,,,Traffic Signal,Functioning Properly,N,3,41.9087058,-87.8057785,ok,(N/A),1,2019,,,28,41,50000 and OVER,9,4295,Oak Park,C,Urban Other Principal Arte,0,16,22,10805134,6,Cook,C,19,0,,6,X001843294,(UNK),(UNK),201901477505,Other,1,17.67,Y,,,,(UNK),311450,(N/A),(UNK),No Defects,1,1,No Median Barrier,3,348,1903417,Urban,73,3,4,Divided,2,2939219.11206623,1918101.11939493,41.90869795882546,-87.8058,,No,1,(N/A),N,Y,N
2020,2020-12-08,Tuesday,14,02:33 PM,Property Damage,No Injuries,0,0,0,0,0,3,Front to Rear,11,N,N,Failing to Reduce Speed to Avoid Crash,Distraction - From Inside Vehicle,Daylight,Clear,Dry,N,,,,,No Controls,No Controls,N,2,41.8831654,-87.8048527,ok,(UNK),1,2007112,2020,,28,41,50000 and OVER,9,4295,Oak Park,C,Urban Other Principal Arte,,16,8,11158225,12,Cook,0,20,,,2,N,No,Slow,202001361653,City,1,19.44,Y,,,,(UNK),768,(N/A),(UNK),No Defects,1,1,Other Principal Arterial,3,348,X002135618,Not Toll,73,1,1,"Divided, No Median Barrier",2,2939727.46821544,1908800.66865831,41.88315759,-87.8048,,Urban,1,N,(N/A),Y,(N/A)
2020,2020-12-23,Wednesday,16,04:00 PM,Property Damage,No Injuries,0,0,0,0,0,2,Front to Rear,11,N,N,Following Too Closely,Failing to Reduce Speed to Avoid Crash,Daylight,Rain,Wet,Y,,,,,Traffic Signal,Functioning Properly,Y,2,41.8813878,-87.8047858,ok,(UNK),1,20-03739,2020,,3,28,50000 and OVER,9,4295,Oak Park,C,Urban Other Principal Arte,,16,23,11160304,12,Cook,0,20,,,3,N,No,Stopped,202001361935,City,1,26.14,Y,,,,(UNK),995,(N/A),(UNK),No Defects,1,2,Other Principal Arterial,3,5043,X002137483,Not Toll,73,3,4,"Divided, No Median Barrier",2,2939763.52364909,1908153.38389951,41.88138,-87.8048,,Urban,2,N,(N/A),Y,(N/A)
2020,2020-12-18,Friday,18,06:33 PM,Injury,B Injury Crash,1,0,0,1,0,2,Front to Rear,11,N,N,Failing to Reduce Speed to Avoid Crash,Unable to Determine,Darkness,Clear,Dry,Y,,,,,Traffic Signal,Functioning Properly,Y,2,41.87231,-87.8044659,ok,(UNK),1,2007390,2020,,28,18,50000 and OVER,9,4295,Oak Park,C,Urban Other Principal Arte,,16,18,11163925,12,Cook,2,20,,,5,N,No,Slow,202001362592,City,4,25.52,Y,,,,(UNK),1349,(N/A),(UNK),No Defects,1,1,Other Principal Arterial,3,5043,X002110455,Not Toll,73,3,4,Not Divided,1,2939941.73917192,1904847.66118026,41.87230217,-87.8045,,Urban,1,N,(N/A),Y,(N/A)
2020,2020-01-02,Thursday,07,07:45 AM,Property Damage,No Injuries,0,0,0,0,0,2,Turning,10,N,N,Failing to Yield Right of Way,(N/A),Daylight,Clear,Wet,Y,,,,,No Controls,No Controls,N,2,41.8704901,-87.8044011,ok,(UNK),1,20-00015,2020,,2,99,50000 and OVER,9,4295,Oak Park,C,Urban Other Principal Arte,6,16,2,10746641,1,Cook,0,20,,,4,N,No,Free Flow,202001010555,City,1,25.39,Y,,,,(UNK),1927,(N/A),(UNK),No Defects,1,2,Other Principal Arterial,3,5043,X001799126,Not Toll,73,1,1,"Divided, No Median Barrier",2,2939977.64694768,1904184.94570711,41.87048228,-87.8044,,Urban,1,N,(N/A),Y,(N/A)
2020,2020-01-01,Wednesday,02,02:00 AM,Property Damage,No Injuries,0,0,0,0,0,2,Turning,10,N,N,Improper Turning/No Signal,(N/A),Darkness,Unknown,Wet,Y,,,,,Traffic Signal,Functioning Properly,Y,2,41.8650287,-87.8042158,ok,(UNK),1,20-00017,2020,,6,99,50000 and OVER,9,4295,Oak Park,C,Urban Other Principal Arte,6,16,1,10746357,1,Cook,0,20,,,3,N,No,Free Flow,202001010441,City,4,25.01,Y,,,,(UNK),2085,(N/A),(UNK),No Defects,1,2,Other Principal Arterial,3,5043,X001798766,Not Toll,52,3,4,Divided With Median Barrier,3,2940082.91531517,1902196.09431152,41.86502085,-87.8042,,Urban,9,N,(N/A),Y,(N/A)
2020,2020-01-02,Thursday,07,07:43 AM,Property Damage,No Injuries,0,0,0,0,0,1,Parked Motor Vehicle,9,N,N,Unable to Determine,Unable to Determine,Darkness / Lighted Road,Unknown,Unknown,N,,,,,No Controls,No Controls,Y,2,41.8814092,-87.7845025,ok,(UNK),1,2000012,2020,,18,18,50000 and OVER,9,4295,Oak Park,C,Urban Major Collector,0,16,2,10746879,1,Cook,0,20,,,4,N,No,Free Flow,202001010669,City,5,1.42,N,,,,(UNK),2693,(N/A),(UNK),No Defects,1,9,Major Collector,5,2783,X001799222,Not Toll,73,1,1,"Divided, No Median Barrier",2,2945287.12669472,1908313.90876721,41.88140132,-87.7845,,Urban,9,N,(N/A),Y,(N/A)
2020,2020-01-02,Thursday,10,10:23 AM,Property Damage,No Injuries,0,0,0,0,0,2,Angle,15,N,N,Failing to Yield Right of Way,Equipment-Vehicle Condition,Daylight,Clear,Dry,Y,,,,,Stop Sign,Functioning Properly,N,2,41.8781699,-87.8046653,ok,(UNK),1,2000018,2020,,2,10,50000 and OVER,9,4295,Oak Park,C,Urban Other Principal Arte,0,16,2,10746881,1,Cook,0,20,,,4,N,No,Free Flow,202001010670,City,1,25.92,Y,,,,(UNK),2694,(N/A),(UNK),No Defects,1,1,Other Principal Arterial,3,5043,X001799225,Not Toll,73,2,4,"Divided, No Median Barrier",2,2939828.6271168,1906981.60571951,41.87816204,-87.8047,,Urban,1,N,(N/A),Y,(N/A)
2020,2020-01-04,Saturday,17,05:15 PM,Property Damage,No Injuries,0,0,0,0,0,2,Sideswipe Same Direction,12,N,N,Operating Vehicle In Reckless Manner,Improper Overtaking/Passing,Darkness,Clear,Dry,Y,,,,,Traffic Signal,Functioning Properly,Y,2,41.8760124,-87.8045967,ok,(UNK),1,20-00040,2020,,50,4,50000 and OVER,9,4295,Oak Park,C,Urban Other Principal Arte,6,16,4,10749215,1,Cook,0,20,,,6,N,No,Slow,202001011647,City,4,25.77,Y,,,,(UNK),2933,(N/A),(UNK),No Defects,1,1,Other Principal Arterial,3,5043,X001800980,Not Toll,73,3,4,"Divided, No Median Barrier",2,2939868.97287603,1906195.88211659,41.87600452,-87.8046,,Urban,1,N,(N/A),Y,(N/A)
2020,2020-01-03,Friday,15,03:39 PM,Property Damage,No Injuries,0,0,0,0,0,2,Turning,10,N,N,Failing to Yield Right of Way,Failing to Reduce Speed to Avoid Crash,Daylight,Cloudy/Overcast,Dry,Y,,,,,No Controls,No Controls,N,2,41.8834467,-87.7845442,ok,(UNK),1,2000038,2020,,2,28,50000 and OVER,9,4295,Oak Park,C,Urban Major Collector,8,16,3,10752856,1,Cook,0,20,,,5,N,No,Slow,202001012578,City,1,0,N,,,,(UNK),3390,(N/A),(UNK),No Defects,1,1,Major Collector,5,,X001803352,Not Toll,73,1,1,"Divided, No Median Barrier",2,2945255.14727916,1909056.10553039,41.88343884,-87.7845,,Urban,8,N,(N/A),Y,(N/A)
2020,2020-01-03,Friday,19,07:28 PM,Injury,C Injury Crash,1,0,0,0,1,3,Front to Rear,11,N,N,Failing to Reduce Speed to Avoid Crash,(N/A),Darkness / Lighted Road,Clear,Dry,Y,,,,,Traffic Signal,Functioning Properly,N,3,41.8708312,-87.7841585,ok,(UNK),1,2000041,2020,,28,99,50000 and OVER,9,4295,Oak Park,C,Urban Major Collector,0,16,3,10753992,1,Cook,1,20,,,5,N,Yes,Stopped,202001012817,City,5,2.15,N,,,,(UNK),3509,(N/A),(UNK),No Defects,1,1,Major Collector,5,2783,X001804332,Not Toll,73,3,4,Not Divided,1,2945487.88309256,1904461.70355413,41.87082335,-87.7842,,Urban,1,N,(N/A),Y,(N/A)
2020,2020-01-04,Saturday,15,03:45 PM,Property Damage,No Injuries,0,0,0,0,0,1,Parked Motor Vehicle,9,N,N,Unable to Determine,Unable to Determine,Unknown,Other,Unknown,N,,,,,No Controls,No Controls,Y,2,41.8797073,-87.782002,ok,(UNK),1,2000050,2020,,18,18,50000 and OVER,9,4295,Oak Park,C,Urban Local Road or Street,0,16,4,10754070,1,Cook,0,20,,,6,N,No,Free Flow,202001012827,City,9,0.02,N,,,,(UNK),3569,(N/A),(UNK),No Defects,1,9,Local Road or Street,7,2633,X001804515,Not Toll,73,1,1,Not Divided,1,2945985.3292781,1907712.64152836,41.87969946,-87.782,,Urban,7,N,(N/A),Y,(N/A)
2020,2020-01-04,Saturday,07,07:30 AM,Property Damage,No Injuries,0,0,0,0,0,4,Turning,10,N,N,Failing to Reduce Speed to Avoid Crash,(N/A),Daylight,Clear,Dry,N,,,,,No Controls,No Controls,N,2,41.9088976,-87.8022943,ok,(UNK),1,JD107417,2020,,28,99,50000 and OVER,9,4295,Oak Park,C,Urban Other Principal Arte,0,16,4,10755889,1,Cook,0,20,,,6,N,No,Free Flow,202001013593,City,1,129.35,Y,,,,(UNK),3751,(N/A),(UNK),No Defects,1,1,Other Principal Arterial,3,5064,X001806180,Not Toll,73,1,1,"Divided, No Median Barrier",2,2940165.64471977,1918197.14766549,41.90888974,-87.8023,,Urban,1,N,(N/A),Y,(N/A)
2020,2020-01-05,Sunday,15,03:02 PM,Property Damage,No Injuries,0,0,0,0,0,2,Sideswipe Opposite Direction,13,N,N,Improper Overtaking/Passing,Unable to Determine,Daylight,Cloudy/Overcast,Dry,N,,,,,Traffic Signal,Functioning Properly,Y,2,41.8883532,-87.7846967,ok,(UNK),1,2000064,2020,,4,18,50000 and OVER,9,4295,Oak Park,C,Urban Major Collector,8,16,5,10754428,1,Cook,0,20,,,7,N,No,Free Flow,202001012869,City,1,0,N,,,,(UNK),3755,(N/A),(UNK),No Defects,1,1,Major Collector,5,,X001804868,Not Toll,73,3,4,"Divided, No Median Barrier",2,2945163.96942727,1910842.98225899,41.88834537,-87.7847,,Urban,8,N,(N/A),Y,(N/A)
2020,2020-01-07,Tuesday,08,08:19 AM,Property Damage,No Injuries,0,0,0,0,0,1,Parked Motor Vehicle,9,N,N,Unable to Determine,Unable to Determine,Daylight,Clear,Dry,Y,,,,,Stop Sign,Functioning Properly,N,2,41.8668782,-87.8042755,ok,(UNK),1,20-00072,2020,,18,18,50000 and OVER,9,4295,Oak Park,C,Urban Other Principal Arte,6,16,7,10755476,1,Cook,0,20,,,2,N,No,Slow,202001013391,City,1,25.14,Y,,,,(UNK),3933,(N/A),(UNK),No Defects,1,1,Other Principal Arterial,3,5043,X001805899,Not Toll,73,2,4,Not Divided,1,2940048.11091143,1902869.65594763,41.8668704,-87.8043,,Urban,1,N,(N/A),Y,(N/A)