crash_year,crash_date,day_of_week,crash_hour,time_of_crash,crash_severity,crash_injury_severity,total_injured,total_fatals,a_injuries,b_injuries,c_injuries,no_injuries,type_of_first_crash,collision_type_code,pedestrian_involved,pedalcyclist_involved,cause1,cause2,lighting_cond,weather_cond,road_surface_cond,intersection_related,is_intersection,highway_or_street_name,at_intersection_with,address_no,traffic_control_device,traffic_control_device_cond,hit_and_run,number_of_vehicles,latitude,longitude,location_status,access_control,agency_code,agency_report_number,agency_report_year,alignment_code,cause1_code,cause2_code,city_class,city_class_code,city_code,city_name,city_township_flag,class_of_trafficway,class_of_trafficway_code,county_code,crash_day,crash_id,crash_month,crash_report_county,crash_severity_cd,crash_yr_source,damaged_property1,damaged_property2,day_of_week_code,did_crash_occur_in_work_zone,did_involve_secondary_crash,flow_condition,icn,investigating_agency_descrip,light_condition_code,mile_station,nhs,non_intersection_direction,non_intersection_distance,non_intersection_units,number_of_lanes,objectid,railroad_crossing_number,road_alignment,road_defects,road_defects_code,road_surface_condition_code,roadway_functional_class,roadway_functional_class_code,route_number,sfe,toll,township,traffic_control_device_code,traffic_control_device_cond_code,trafficway_descrip,trafficway_description_code,ts_crash_coordinate_x,ts_crash_coordinate_y,ts_crash_latitude,ts_crash_longitude,type_report,urban_rural,weather_code,were_workers_present,work_zone,work_zone_related,work_zone_type
2020,2020-01-05,Sunday,19,07:12 PM,Property Damage,No Injuries,0,0,0,0,0,1,Parked Motor Vehicle,9,N,N,Unable to Determine,Unable to Determine,Unknown,Other,Unknown,N,,,,,No Controls,No Controls,Y,2,41.8667305,-87.7766139,ok,(UNK),1,2000069,2020,,18,18,50000 and OVER,9,4295,Oak Park,C,Urban Local Road or Street,8,16,5,10756446,1,Cook,0,20,,,7,N,No,Free Flow,202001013801,City,9,0,N,,,,(UNK),3934,(N/A),(UNK),No Defects,1,9,Local Road or Street,7,,X001805874,Not Toll,73,1,1,Not Divided,1,2947584.49411159,1903024.50380149,41.86672268,-87.7766,,Urban,7,N,(N/A),Y,(N/A)
2020,2020-01-06,Monday,09,09:04 AM,Property Damage,No Injuries,0,0,0,0,0,1,Parked Motor Vehicle,9,N,N,Driving Skills/Knowledge/Experience,Failing to Reduce Speed to Avoid Crash,Daylight,Clear,Dry,N,,,,,No Controls,No Controls,N,2,41.8854589,-87.8000558,ok,(UNK),1,2000077,2020,,15,28,50000 and OVER,9,4295,Oak Park,C,Urban Local Road or Street,8,16,6,10756449,1,Cook,0,20,,,1,N,No,Free Flow,202001013803,City,1,0,N,,,,(UNK),3935,(N/A),(UNK),No Defects,1,1,Local Road or Street,7,,X001805902,Not Toll,73,1,1,Not Divided,1,2941010.71585737,1909672.44007645,41.88545101,-87.8001,,Urban,1,N,(N/A),Y,(N/A)
2020,2020-01-06,Monday,14,02:57 PM,Property Damage,No Injuries,0,0,0,0,0,1,Parked Motor Vehicle,9,N,N,Unable to Determine,(N/A),Daylight,Clear,Dry,N,,,,,No Controls,No Controls,Y,2,41.8854839,-87.8000567,ok,(UNK),1,2000080,2020,,18,99,50000 and OVER,9,4295,Oak Park,C,Urban Local Road or Street,0,16,6,10756450,1,Cook,0,20,,,1,N,No,Free Flow,202001013804,City,1,0.13,N,,,,(UNK),3936,(N/A),(UNK),No Defects,1,1,Local Road or Street,7,2700,X001805907,Not Toll,73,1,1,Not Divided,1,2941010.23589928,1909681.55865995,41.88547605,-87.8001,,Urban,1,N,(N/A),Y,(N/A)
2020,2020-01-05,Sunday,14,02:38 PM,Injury,C Injury Crash,1,0,0,0,1,8,Front to Rear,11,N,N,Following Too Closely,Failing to Reduce Speed to Avoid Crash,Daylight,Clear,Dry,N,,,,,Traffic Signal,Functioning Properly,N,3,41.8798622,-87.7854839,ok,(UNK),1,2000063,2020,,3,28,50000 and OVER,9,4295,Oak Park,C,Urban Minor Arterial,0,16,5,10756455,1,Cook,1,20,,,7,N,Yes,Stopped,202001013805,City,1,4.06,N,,,,(UNK),3937,(N/A),(UNK),No Defects,1,1,Minor Arterial,4,1419,X001805984,Not Toll,73,3,4,Two-way Continuous Left-Tur,4,2945035.51653605,1907742.74842627,41.87985436,-87.7855,,Urban,1,N,(N/A),Y,(N/A)
2020,2020-01-06,Monday,17,05:34 PM,Property Damage,No Injuries,0,0,0,0,0,3,Rear to Front,18,N,N,Failing to Reduce Speed to Avoid Crash,(N/A),Darkness / Lighted Road,Clear,Dry,N,,,,,No Controls,No Controls,N,2,41.8878695,-87.8045147,ok,(UNK),1,2000082,2020,,28,99,50000 and OVER,9,4295,Oak Park,C,Urban Local Road or Street,0,16,6,10756456,1,Cook,0,20,,,1,N,No,Slow,202001013806,City,5,0.02,N,,,,(UNK),3938,(N/A),(UNK),No Defects,1,1,Local Road or Street,7,3045,X001805992,Not Toll,73,1,1,Not Divided,1,2939772.29785621,1910517.45599858,41.88786167,-87.8045,,Urban,1,N,(N/A),Y,(N/A)
2020,2020-01-06,Monday,17,05:41 PM,Property Damage,No Injuries,0,0,0,0,0,2,Turning,10,N,N,Improper Turning/No Signal,(N/A),Darkness / Lighted Road,Clear,Dry,Y,,,,,Traffic Signal,Functioning Properly,N,2,41.888583,-87.8050265,ok,(UNK),1,2000084,2020,,6,99,50000 and OVER,9,4295,Oak Park,C,Urban Other Principal Arte,0,16,6,10756457,1,Cook,0,20,,,1,N,No,Slow,202001013807,City,5,26.64,Y,,,,(UNK),3939,(N/A),(UNK),No Defects,1,1,Other Principal Arterial,3,5043,X001805998,Not Toll,73,3,4,"Divided, No Median Barrier",2,2939625.7791663,1910773.63899902,41.88857519,-87.805,,Urban,1,N,(N/A),Y,(N/A)
2020,2020-01-07,Tuesday,14,02:50 PM,Property Damage,No Injuries,0,0,0,0,0,3,Angle,15,N,N,Failing to Yield Right of Way,(N/A),Daylight,Clear,Dry,Y,,,,,Stop Sign,Functioning Properly,N,2,41.8716033,-87.7890757,ok,(UNK),1,2000096,2020,,2,99,50000 and OVER,9,4295,Oak Park,C,Urban Minor Collector,8,16,7,10757425,1,Cook,0,20,,,2,N,No,Free Flow,202001014245,City,1,0,N,,,,(UNK),4326,(N/A),(UNK),No Defects,1,1,Minor Collector,6,,X001806974,Not Toll,73,2,4,Four Way,14,2944140.73259132,1904705.90404272,41.87159542,-87.7891,,Urban,1,N,(N/A),Y,(N/A)
2020,2020-01-07,Tuesday,07,07:56 AM,Property Damage,No Injuries,0,0,0,0,0,3,Front to Rear,11,N,N,Failing to Reduce Speed to Avoid Crash,Unable to Determine,Daylight,Clear,Dry,Y,,,,,No Controls,No Controls,Y,2,41.8943078,-87.80037,ok,(UNK),1,2000088,2020,,28,18,50000 and OVER,9,4295,Oak Park,C,Urban Minor Arterial,8,16,7,10757433,1,Cook,0,20,,,2,N,No,Stopped,202001014251,City,1,0,N,,,,(UNK),4331,(N/A),(UNK),No Defects,1,1,Minor Arterial,4,,X001806952,Not Toll,73,1,1,Not Divided,1,2940836.18064581,1912894.81605752,41.8943,-87.8004,,Urban,1,N,(N/A),Y,(N/A)
2020,2020-01-07,Tuesday,10,10:29 AM,Property Damage,No Injuries,0,0,0,0,0,2,Angle,15,N,N,Failing to Yield Right of Way,(N/A),Daylight,Clear,Dry,Y,,,,,Stop Sign,Functioning Properly,N,2,41.8816234,-87.7910528,ok,(UNK),1,2000091,2020,,2,99,50000 and OVER,9,4295,Oak Park,C,Urban Major Collector,8,16,7,10757438,1,Cook,0,20,,,2,N,No,Free Flow,202001014256,City,1,0,N,,,,(UNK),4373,(N/A),(UNK),No Defects,1,1,Major Collector,5,,X001806962,Not Toll,73,2,4,Four Way,14,2943501.11099853,1908342.49000513,41.88161551,-87.791,,Urban,1,N,(N/A),Y,(N/A)
2020,2020-01-08,Wednesday,13,01:13 PM,Property Damage,No Injuries,0,0,0,0,0,1,Fixed Object,6,N,N,Unable to Determine,Unable to Determine,Daylight,Clear,Dry,N,,,,,No Controls,No Controls,Y,1,41.8912367,-87.8023464,ok,(UNK),1,2000112,2020,,18,18,50000 and OVER,9,4295,Oak Park,C,Urban Local Road or Street,0,16,8,10758406,1,Cook,0,20,PARKING GARAGE GATE,,3,N,No,Free Flow,202001014921,City,1,0.13,N,,,,(UNK),4708,(N/A),(UNK),No Defects,1,1,Local Road or Street,7,3016,X001807870,Not Toll,73,1,1,Parking Lot,7,2940328.9162529,1911760.79415781,41.89122886,-87.8023,,Urban,1,N,(N/A),Y,(N/A)
2020,2020-01-06,Monday,21,09:30 PM,Property Damage,No Injuries,0,0,0,0,0,2,Front to Rear,11,N,N,Failing to Reduce Speed to Avoid Crash,Following Too Closely,Darkness / Lighted Road,Clear,Dry,N,,,,,Traffic Signal,Functioning Properly,N,2,41.8740584,-87.8045357,ok,(UNK),1,20-00084,2020,,28,3,50000 and OVER,9,4295,Oak Park,C,Urban Other Principal Arte,0,16,6,10756297,1,Cook,0,20,,,1,N,No,Free Flow,202001013681,City,5,20.06,Y,,,,(UNK),4749,(N/A),(UNK),No Defects,1,1,Other Principal Arterial,3,348,X001806280,Not Toll,73,3,4,Divided With Median Barrier,3,2939905.18014141,1905484.28643705,41.87405058,-87.8045,,Urban,1,N,(N/A),Y,(N/A)
2020,2020-01-08,Wednesday,16,04:41 PM,Property Damage,No Injuries,0,0,0,0,0,1,Parked Motor Vehicle,9,N,N,Improper Lane Usage,Failing to Reduce Speed to Avoid Crash,Darkness / Lighted Road,Clear,Dry,N,,,,,Traffic Signal,Functioning Properly,N,2,41.8821263,-87.7747867,ok,(UNK),1,2000119,2020,,20,28,50000 and OVER,9,4295,Oak Park,C,Urban Major Collector,0,16,8,10758723,1,Cook,0,20,,,3,N,Yes,Slow,202001014982,City,5,1.54,N,,,,(UNK),5052,(N/A),(UNK),No Defects,1,1,Major Collector,5,5,X001807892,Not Toll,,3,4,"Divided, No Median Barrier",2,2947925.78746084,1908648.89577914,41.8821185,-87.7748,,Urban,1,N,(N/A),Y,(N/A)
2020,2020-01-08,Wednesday,18,06:56 PM,Property Damage,No Injuries,0,0,0,0,0,2,Angle,15,N,N,Failing to Yield Right of Way,Failing to Reduce Speed to Avoid Crash,Darkness / Lighted Road,Clear,Dry,Y,,,,,Stop Sign,Functioning Properly,N,2,41.8715828,-87.7890756,ok,(UNK),1,2000123,2020,,2,28,50000 and OVER,9,4295,Oak Park,C,Urban Minor Collector,8,16,8,10758724,1,Cook,0,20,,,3,N,No,Free Flow,202001014983,City,5,0,N,,,,(UNK),5053,(N/A),(UNK),No Defects,1,1,Minor Collector,6,,X001807901,Not Toll,73,2,4,Not Divided,1,2944140.96217794,1904698.45819911,41.87157499,-87.7891,,Urban,1,N,(N/A),Y,(N/A)
2020,2020-01-09,Thursday,20,08:40 PM,Property Damage,No Injuries,0,0,0,0,0,2,Angle,15,N,N,Failing to Yield Right of Way,(N/A),Darkness / Lighted Road,Unknown,Dry,N,,,,,No Controls,No Controls,N,2,41.8653156,-87.7937335,ok,(UNK),1,2000136,2020,,2,99,50000 and OVER,9,4295,Oak Park,C,Urban Major Collector,0,16,9,10760443,1,Cook,0,20,,,4,N,No,Stopped,202001015950,City,5,7.16,N,,,,(UNK),5237,(N/A),(UNK),No Defects,1,1,Major Collector,5,2775,X001809122,Not Toll,73,1,1,Not Divided,1,2942935.45259107,1902379.45919752,41.8653078,-87.7937,,Urban,9,N,(N/A),Y,(N/A)
2020,2020-01-08,Wednesday,15,03:17 PM,Property Damage,No Injuries,0,0,0,0,0,2,Front to Rear,11,N,N,Following Too Closely,(N/A),Daylight,Clear,Dry,N,,,,,Traffic Signal,Functioning Properly,N,2,41.9091528,-87.7844911,ok,(UNK),1,JD108661,2020,,3,99,50000 and OVER,9,4295,Oak Park,C,Urban Other Principal Arte,0,16,8,10757628,1,Cook,0,20,,,3,N,No,(UNK),202001014395,City,1,7.02,Y,,,,(UNK),5306,(N/A),(UNK),No Defects,1,1,Other Principal Arterial,3,307,X001807176,Not Toll,73,3,4,Not Divided,1,2945009.37245269,1918424.33018074,41.909145,-87.7845,,Urban,1,N,(N/A),Y,(N/A)
2020,2020-01-09,Thursday,18,06:44 PM,Property Damage,No Injuries,0,0,0,0,0,2,Front to Rear,11,N,N,Distraction - From Inside Vehicle,Failing to Reduce Speed to Avoid Crash,Darkness / Lighted Road,Clear,Dry,N,,,,,No Controls,No Controls,N,2,41.9014192,-87.8055196,ok,(UNK),1,2000139,2020,,41,28,50000 and OVER,9,4295,Oak Park,C,Urban Other Principal Arte,0,16,9,10760626,1,Cook,0,20,,,4,N,No,Free Flow,202001015993,City,5,18.17,Y,,,,(UNK),5458,(N/A),(UNK),No Defects,1,1,Other Principal Arterial,3,348,X001809129,Not Toll,73,1,1,Not Divided,1,2939362.69465337,1915447.67769428,41.90141135,-87.8055,,Urban,1,N,(N/A),Y,(N/A)
2020,2020-01-08,Wednesday,09,09:53 AM,Property Damage,No Injuries,0,0,0,0,0,4,Front to Rear,11,N,N,Following Too Closely,Failing to Reduce Speed to Avoid Crash,Daylight,Clear,Dry,N,,,,,Traffic Signal,Functioning Properly,N,3,41.8737226,-87.803906,ok,Partial Access Control,3,03-20-00305,2020,,3,28,50000 and OVER,9,4295,Oak Park,C,Urban InterState,0,16,8,10762253,1,Cook,0,20,,,3,N,No,(UNK),202001017459,ISP,1,21.61,Y,,,,(UNK),6295,(N/A),(UNK),No Defects,1,1,InterState,1,9290,X001810757,Not Toll,73,3,4,Ramp,11,2940080.06232866,1905366.61626212,41.87371472,-87.8039,,Urban,1,N,(N/A),Y,(N/A)
2020,2020-01-03,Friday,16,04:18 PM,Property Damage,No Injuries,0,0,0,0,0,2,Front to Rear,11,N,N,Following Too Closely,Failing to Reduce Speed to Avoid Crash,Daylight,Clear,Dry,N,,,,,No Controls,Functioning Properly,N,2,41.8726601,-87.7942549,ok,Partial Access Control,3,03-20-00125,2020,,3,28,50000 and OVER,9,4295,Oak Park,C,Urban InterState,0,16,3,10761645,1,Cook,0,20,,,5,N,No,(UNK),202001016892,ISP,1,22.06,Y,,,,(UNK),6819,(N/A),(UNK),No Defects,1,1,InterState,1,9290,X001810163,Not Toll,73,1,4,"Divided, No Median Barrier",2,2942719.40224571,1905051.99801849,41.8726523,-87.7942,,Urban,1,N,(N/A),Y,(N/A)
2020,2020-01-09,Thursday,20,08:00 PM,Property Damage,No Injuries,0,0,0,0,0,4,Parked Motor Vehicle,9,N,N,Improper Backing,(N/A),Darkness,Clear,Dry,N,,,,,No Controls,No Controls,Y,2,41.9091087,-87.788657,ok,(UNK),1,JD113913,2020,,30,99,50000 and OVER,9,4295,Oak Park,C,Urban Other Principal Arte,0,16,9,10764090,1,Cook,0,20,,,4,N,No,(UNK),202001018451,City,4,6.81,Y,,,,(UNK),7542,(N/A),(UNK),No Defects,1,1,Other Principal Arterial,3,307,X001811785,Not Toll,73,1,1,Parking Lot,7,2943875.80487217,1918376.77102994,41.90910089,-87.7887,,Urban,1,N,(N/A),Y,(N/A)
2020,2020-01-10,Friday,15,03:31 PM,Injury,B Injury Crash,1,0,0,1,0,1,Pedestrian,1,Y,N,Distraction â€“ Other Electronic Device (Navigation Device / DVD Player / etc.),Unable to Determine,Daylight,Cloudy/Overcast,Dry,N,,,,,No Controls,No Controls,N,1,41.8942323,-87.8036324,ok,(UNK),1,2000157,2020,,43,18,50000 and OVER,9,4295,Oak Park,C,Urban Minor Arterial,0,16,10,10765675,1,Cook,2,20,,,5,N,No,Slow,202001019124,City,1,2.63,N,,,,(UNK),7924,(N/A),(UNK),No Defects,1,1,Minor Arterial,4,1398,X001812304,Not Toll,73,1,1,Not Divided,1,2939948.66777944,1912842.77730229,41.89422441,-87.8036,,Urban,8,N,(N/A),Y,(N/A)
2020,2020-01-10,Friday,16,04:00 PM,Property Damage,No Injuries,0,0,0,0,0,2,Turning,10,N,N,Failing to Yield Right of Way,Driving Skills/Knowledge/Experience,Daylight,Cloudy/Overcast,Wet,Y,,,,,Stop Sign,Functioning Properly,N,2,41.9015869,-87.8024663,ok,(UNK),1,2000160,2020,,2,15,50000 and OVER,9,4295,Oak Park,C,Urban Major Collector,8,16,10,10765677,1,Cook,0,20,,,5,N,No,Free Flow,202001019126,City,1,0,N,,,,(UNK),7925,(N/A),(UNK),No Defects,1,2,Major Collector,5,,X001812312,Not Toll,73,2,4,Not Divided,1,2940192.28081812,1915531.68805425,41.90157902,-87.8025,,Urban,8,N,(N/A),Y,(N/A)
2020,2020-01-07,Tuesday,15,03:14 PM,Property Damage,No Injuries,0,0,0,0,0,2,Turning,10,N,N,Failing to Yield Right of Way,Unable to Determine,Daylight,Clear,Dry,N,,,,,No Controls,No Controls,Y,2,41.8799454,-87.7942828,ok,(UNK),1,2000097,2020,,2,18,50000 and OVER,9,4295,Oak Park,C,Urban Major Collector,0,16,7,10766386,1,Cook,0,20,,,2,N,No,Slow,202001019690,City,1,6.15,N,,,,(UNK),8106,(N/A),(UNK),No Defects,1,1,Major Collector,5,2775,X001813261,Not Toll,73,1,1,"Divided, No Median Barrier",2,2942638.36885257,1907706.67180306,41.87993757,-87.7943,,Urban,1,N,(N/A),Y,(N/A)
2020,2020-01-11,Saturday,12,12:57 PM,Property Damage,No Injuries,0,0,0,0,0,2,Angle,15,N,N,Failing to Yield Right of Way,(N/A),Daylight,Snow,Wet,Y,,,,,Stop Sign,Functioning Properly,N,2,41.9037086,-87.7900544,ok,(UNK),1,2000177,2020,,2,99,50000 and OVER,9,4295,Oak Park,C,Urban Local Road or Street,8,16,11,10766387,1,Cook,0,20,,,6,N,No,Free Flow,202001019691,City,1,0,N,,,,(UNK),8107,(N/A),(UNK),No Defects,1,2,Local Road or Street,7,,X001813262,Not Toll,73,2,4,Four Way,14,2943549.93875933,1916398.32077935,41.90370079,-87.79,,Urban,3,N,(N/A),Y,(N/A)
2020,2020-01-11,Saturday,15,03:30 PM,Property Damage,No Injuries,0,0,0,0,0,1,Parked Motor Vehicle,9,N,N,Failing to Reduce Speed to Avoid Crash,Unable to Determine,Daylight,Snow,Snow or Slush,N,,,,,No Controls,No Controls,Y,2,41.8797415,-87.7949311,ok,(UNK),1,2000181,2020,,28,18,50000 and OVER,9,4295,Oak Park,C,Urban Minor Arterial,0,16,11,10766388,1,Cook,0,20,,,6,N,No,Free Flow,202001019692,City,1,3.57,N,,,,(UNK),8108,(N/A),(UNK),No Defects,1,3,Minor Arterial,4,1419,X001813263,Not Toll,73,1,1,Parking Lot,7,2942463.88613368,1907627.49161604,41.87973369,-87.7949,,Urban,3,N,(N/A),Y,(N/A)
2020,2020-01-11,Saturday,20,08:18 PM,Property Damage,No Injuries,0,0,0,0,0,5,Fixed Object,6,N,N,Failing to Reduce Speed to Avoid Crash,Weather,Darkness / Lighted Road,Snow,Snow or Slush,N,,,,,No Controls,No Controls,Y,5,41.8682396,-87.8043199,ok,(UNK),1,20-00122,2020,,28,11,50000 and OVER,9,4295,Oak Park,C,Urban Other Principal Arte,0,16,11,10765391,1,Cook,0,20,UTILITY POLE/STREET SIGN (HARVARD),,6,N,Yes,Slow,202001018897,City,5,20.47,Y,,,,(UNK),8363,(N/A),(UNK),No Defects,1,3,Other Principal Arterial,3,348,X001812495,Not Toll,73,1,1,"Divided, No Median Barrier",2,2940022.35358671,1903365.43882178,41.8682318,-87.8043,,Urban,3,N,(N/A),Y,(N/A)
2020,2020-01-10,Friday,10,10:30 AM,Property Damage,No Injuries,0,0,0,0,0,1,Parked Motor Vehicle,9,N,N,Unable to Determine,(N/A),Daylight,Clear,Dry,N,,,,,No Controls,No Controls,Y,2,41.9091676,-87.7827599,ok,(UNK),1,JD110769,2020,,18,99,50000 and OVER,9,4295,Oak Park,C,Urban Other Principal Arte,0,16,10,10765838,1,Cook,0,20,,,5,N,No,(UNK),202001019262,City,1,7.1,Y,,,,(UNK),8511,(N/A),(UNK),No Defects,1,1,Other Principal Arterial,3,307,X001812903,Not Toll,73,1,1,Not Divided,1,2945480.48970735,1918442.79800082,41.90915973,-87.7828,,Urban,1,N,(N/A),Y,(N/A)
2020,2020-01-03,Friday,17,05:02 PM,Property Damage,No Injuries,0,0,0,0,0,3,Sideswipe Same Direction,12,N,N,Cell Phone Use Other Than Texting,Improper Lane Usage,Darkness / Lighted Road,Clear,Dry,N,,,,,No Controls,Functioning Properly,Y,2,41.8712648,-87.7749506,ok,Partial Access Control,3,03-20-00135,2020,,45,20,50000 and OVER,9,4295,Oak Park,C,Urban InterState,0,16,3,10766921,1,Cook,0,20,,,5,N,No,(UNK),202001019989,ISP,5,321.39,Y,,,,(UNK),8648,(N/A),(UNK),No Defects,1,1,InterState,1,5110,X001813667,Not Toll,73,1,4,"Divided, No Median Barrier",2,2947991.5,1904689.5,41.87125695,-87.7749,,Urban,1,N,(N/A),Y,(N/A)
2020,2020-01-15,Wednesday,06,06:20 AM,Property Damage,No Injuries,0,0,0,0,0,2,Sideswipe Opposite Direction,13,N,N,(N/A),Unable to Determine,Dawn,Clear,Dry,Y,,,,,Traffic Signal,Functioning Properly,N,2,41.9090361,-87.7949544,ok,(UNK),1,JD116248,2020,,99,18,50000 and OVER,9,4295,Oak Park,C,Urban Other Principal Arte,0,16,15,10768640,1,Cook,0,20,,,3,N,No,Free Flow,202001020948,City,2,129.74,Y,,,,(UNK),8859,(N/A),(UNK),Other,10,1,Other Principal Arterial,3,5064,X001814544,Not Toll,73,3,4,Not Divided,1,2942162.26917967,1918302.79962426,41.90902821,-87.7949,,Urban,1,N,(N/A),N,(N/A)
2020,2020-01-10,Friday,03,03:00 AM,Property Damage,No Injuries,0,0,0,0,0,1,Fixed Object,6,N,N,Improper Lane Usage,Failing to Reduce Speed to Avoid Crash,Darkness / Lighted Road,Clear,Dry,N,,,,,No Controls,Functioning Properly,N,1,41.8737811,-87.8045678,ok,(UNK),3,03-20-00397,2020,,20,28,50000 and OVER,9,4295,Oak Park,C,(UNK),0,16,10,10769316,1,Cook,0,20,,,5,N,No,(UNK),202001021165,ISP,5,7.7,N,,,,(UNK),9303,(N/A),(UNK),No Defects,1,1,(UNK),0,290,X001814765,No Toll,27,1,4,Divided With Median Barrier,3,2939899.21264011,1905382.98094863,41.87377325,-87.8046,,(UNK),1,N,(N/A),Y,(N/A)
2020,2020-01-10,Friday,02,02:21 AM,Property Damage,No Injuries,0,0,0,0,0,1,Fixed Object,6,N,N,Weather,Failing to Reduce Speed to Avoid Crash,Darkness / Lighted Road,Rain,Wet,N,,,,,Other Regualtory Sig,Functioning Properly,N,1,41.8736373,-87.8044903,ok,Partial Access Control,3,03-20-00398,2020,,11,28,50000 and OVER,9,4295,Oak Park,C,Urban InterState,8,16,10,10769317,1,Cook,0,20,,,5,N,No,(UNK),202001021166,ISP,5,0,Y,,,,(UNK),9304,(N/A),(UNK),No Defects,1,2,InterState,1,,X001814766,Not Toll,73,10,4,Ramp,11,2939921.7785009,1905331.1658569,41.87362946,-87.8045,,Urban,2,N,(N/A),Y,(N/A)
2020,2020-01-12,Sunday,04,04:20 AM,Property Damage,No Injuries,0,0,0,0,0,2,Sideswipe Same Direction,12,N,N,Improper Lane Usage,Failing to Reduce Speed to Avoid Crash,Darkness / Lighted Road,Snow,Ice,N,,,,,Other Regualtory Sig,Functioning Properly,Y,2,41.873775,-87.8045004,ok,(UNK),3,03-20-00494,2020,,20,28,50000 and OVER,9,4295,Oak Park,C,(UNK),0,16,12,10769319,1,Cook,0,20,,,7,N,No,(UNK),202001021168,ISP,5,7.71,N,,,,(UNK),9306,(N/A),(UNK),No Defects,1,4,(UNK),0,290,X001814768,No Toll,73,10,4,Divided With Median Barrier,3,2939917.63655627,1905381.26084843,41.87376714,-87.8045,,(UNK),3,N,(N/A),Y,(N/A)
2020,2020-01-15,Wednesday,06,06:30 AM,Property Damage,No Injuries,0,0,0,0,0,2,Sideswipe Opposite Direction,13,N,N,(N/A),(N/A),Daylight,Clear,Dry,Y,,,,,Traffic Signal,Functioning Properly,N,2,41.9090298,-87.7949546,ok,(UNK),1,JD116283,2020,,99,99,50000 and OVER,9,4295,Oak Park,C,Urban Other Principal Arte,0,16,15,10769101,1,Cook,0,20,,,3,N,No,Free Flow,202001020988,City,1,129.74,Y,,,,(UNK),9372,(N/A),(UNK),No Defects,1,1,Other Principal Arterial,3,5064,X001814583,Not Toll,73,3,4,Not Divided,1,2942162.29409395,1918300.49777136,41.9090219,-87.7949,,Urban,1,N,(N/A),Y,(N/A)
2020,2020-01-10,Friday,07,07:03 AM,Property Damage,No Injuries,0,0,0,0,0,2,Front to Rear,11,N,N,Failing to Reduce Speed to Avoid Crash,Following Too Closely,Darkness / Lighted Road,Rain,Wet,N,,,,,Other,Functioning Properly,N,2,41.8723875,-87.7894499,ok,Partial Access Control,3,03-20-00404,2020,,28,3,50000 and OVER,9,4295,Oak Park,C,Urban InterState,0,16,10,10770199,1,Cook,0,20,,,5,N,No,(UNK),202001021863,ISP,5,22.31,Y,,,,(UNK),9425,(N/A),(UNK),No Defects,1,2,InterState,1,9290,X001815565,Not Toll,73,13,4,Divided With Median Barrier,3,2944030.88514097,1904988.86665961,41.87237965,-87.7894,,Urban,2,N,(N/A),Y,(N/A)
2020,2020-01-12,Sunday,17,05:45 PM,Property Damage,No Injuries,0,0,0,0,0,3,Front to Rear,11,N,N,Failing to Reduce Speed to Avoid Crash,Following Too Closely,Darkness / Lighted Road,Clear,Wet,N,,,,,No Controls,No Controls,N,2,41.8737145,-87.8038047,ok,Partial Access Control,3,03-20-00527,2020,,28,3,50000 and OVER,9,4295,Oak Park,C,Urban InterState,0,16,12,10769350,1,Cook,0,20,,,7,N,No,(UNK),202001021195,ISP,5,21.61,Y,,,,(UNK),9533,(N/A),(UNK),No Defects,1,2,InterState,1,9290,X001814798,Not Toll,73,1,1,Not Divided,1,2940107.72157361,1905364.43499052,41.87370665,-87.8038,,Urban,1,N,(N/A),Y,(N/A)
2020,2020-01-14,Tuesday,06,06:20 AM,Injury,C Injury Crash,2,0,0,0,2,0,Angle,15,N,N,Failing to Yield Right of Way,Unable to Determine,Darkness / Lighted Road,Clear,Wet,Y,,,,,Stop Sign,Functioning Properly,N,2,41.9017879,-87.789984,ok,(UNK),1,2000219,2020,,2,18,50000 and OVER,9,4295,Oak Park,C,Urban Major Collector,8,16,14,10767567,1,Cook,1,20,PARKWAY GRASS,,2,N,No,Free Flow,202001020637,City,5,0,N,,,,(UNK),9556,(N/A),(UNK),No Defects,1,2,Major Collector,5,,X001814050,Not Toll,73,2,4,Not Divided,1,2943588.5335324,1915698.89503117,41.90178005,-87.79,,Urban,1,N,(N/A),Y,(N/A)
2020,2020-01-14,Tuesday,09,09:47 AM,Property Damage,No Injuries,0,0,0,0,0,3,Front to Rear,11,N,N,Failing to Reduce Speed to Avoid Crash,Following Too Closely,Daylight,Cloudy/Overcast,Dry,N,,,,,No Controls,No Controls,Y,3,41.9087306,-87.8057798,ok,(UNK),1,2000224,2020,,28,3,50000 and OVER,9,4295,Oak Park,C,Urban Other Principal Arte,0,16,14,10767568,1,Cook,0,20,,,2,N,Yes,Slow,202001020638,City,1,17.66,Y,,,,(UNK),9557,(N/A),(UNK),No Defects,1,1,Other Principal Arterial,3,348,X001814051,Not Toll,73,1,1,Not Divided,1,2939218.48668399,1918110.15925062,41.90872279,-87.8058,,Urban,8,N,(N/A),Y,(N/A)
2020,2020-01-14,Tuesday,08,08:03 AM,Injury,B Injury Crash,2,0,0,1,1,0,Angle,15,N,N,Failing to Yield Right of Way,Failing to Reduce Speed to Avoid Crash,Daylight,Cloudy/Overcast,Dry,Y,,,,,Stop Sign,Functioning Properly,N,2,41.894538,-87.7865221,ok,(UNK),1,2000222,2020,,2,28,50000 and OVER,9,4295,Oak Park,C,Urban Minor Arterial,8,16,14,10767569,1,Cook,2,20,,,2,N,No,Slow,202001020640,City,1,0,N,,,,(UNK),9558,(N/A),(UNK),No Defects,1,1,Minor Arterial,4,,X001814053,Not Toll,73,2,4,Not Divided,1,2944604.3327319,1913083.05357505,41.8945302,-87.7865,,Urban,8,N,(N/A),Y,(N/A)