crash_year,crash_date,day_of_week,crash_hour,time_of_crash,crash_severity,crash_injury_severity,total_injured,total_fatals,a_injuries,b_injuries,c_injuries,no_injuries,type_of_first_crash,collision_type_code,pedestrian_involved,pedalcyclist_involved,cause1,cause2,lighting_cond,weather_cond,road_surface_cond,intersection_related,is_intersection,highway_or_street_name,at_intersection_with,address_no,traffic_control_device,traffic_control_device_cond,hit_and_run,number_of_vehicles,latitude,longitude,location_status,access_control,agency_code,agency_report_number,agency_report_year,alignment_code,cause1_code,cause2_code,city_class,city_class_code,city_code,city_name,city_township_flag,class_of_trafficway,class_of_trafficway_code,county_code,crash_day,crash_id,crash_month,crash_report_county,crash_severity_cd,crash_yr_source,damaged_property1,damaged_property2,day_of_week_code,did_crash_occur_in_work_zone,did_involve_secondary_crash,flow_condition,icn,investigating_agency_descrip,light_condition_code,mile_station,nhs,non_intersection_direction,non_intersection_distance,non_intersection_units,number_of_lanes,objectid,railroad_crossing_number,road_alignment,road_defects,road_defects_code,road_surface_condition_code,roadway_functional_class,roadway_functional_class_code,route_number,sfe,toll,township,traffic_control_device_code,traffic_control_device_cond_code,trafficway_descrip,trafficway_description_code,ts_crash_coordinate_x,ts_crash_coordinate_y,ts_crash_latitude,ts_crash_longitude,type_report,urban_rural,weather_code,were_workers_present,work_zone,work_zone_related,work_zone_type
2020,2020-01-14,Tuesday,17,05:15 PM,Property Damage,No Injuries,0,0,0,0,0,2,Front to Rear,11,N,N,Failing to Reduce Speed to Avoid Crash,Unable to Determine,Dusk,Clear,Dry,N,,,,,Traffic Signal,Functioning Properly,N,2,41.9089643,-87.7968975,ok,(UNK),1,2000251,2020,,28,18,50000 and OVER,9,4295,Oak Park,C,Urban Other Principal Arte,0,16,14,10770515,1,Cook,0,20,,,2,N,No,Slow,202001021961,City,3,6.38,Y,,,,(UNK),9983,(N/A),(UNK),No Defects,1,1,Other Principal Arterial,3,307,X001815601,Not Toll,73,3,4,"Divided, No Median Barrier",2,2941634.05294085,1918262.02721867,41.90895647,-87.7969,,Urban,1,N,(N/A),Y,(N/A)
2020,2020-01-04,Saturday,23,11:14 PM,Property Damage,No Injuries,0,0,0,0,0,1,Parked Motor Vehicle,9,N,N,Evasive Action Due to Animal / Object / Non-Motorist,Failing to Reduce Speed to Avoid Crash,Darkness / Lighted Road,Clear,Dry,N,,,,,No Controls,No Controls,Y,2,41.8758856,-87.8045929,ok,(UNK),1,20-00043,2020,,32,28,50000 and OVER,9,4295,Oak Park,C,Urban Other Principal Arte,0,16,4,10771183,1,Cook,0,20,,,6,N,No,Stopped,202001022558,City,5,19.94,Y,,,,(UNK),10338,(N/A),(UNK),No Defects,1,1,Other Principal Arterial,3,348,X001816270,Not Toll,73,1,1,Parking Lot,7,2939871.27534179,1906149.72679708,41.87587779,-87.8046,,Urban,1,N,(N/A),Y,(N/A)
2020,2020-01-18,Saturday,12,12:53 PM,Property Damage,No Injuries,0,0,0,0,0,2,Front to Rear,11,N,N,Unable to Determine,Unable to Determine,Daylight,Snow,Snow or Slush,Y,,,,,Traffic Signal,Functioning Properly,Y,2,41.87231,-87.8044659,ok,(UNK),1,20-216,2020,,18,18,50000 and OVER,9,4295,Oak Park,C,Urban Other Principal Arte,6,16,18,10772745,1,Cook,0,20,,,6,N,No,Stopped,202001023842,City,1,25.52,Y,,,,(UNK),10965,(N/A),(UNK),Other,10,3,Other Principal Arterial,3,5043,X001817700,Not Toll,73,3,4,"Divided, No Median Barrier",2,2939941.7321667,1904847.66099848,41.87230217,-87.8045,,Urban,3,N,(N/A),N,(N/A)
2020,2020-01-14,Tuesday,17,05:21 PM,Property Damage,No Injuries,0,0,0,0,0,4,Sideswipe Same Direction,12,N,N,Failing to Yield Right of Way,(N/A),Darkness / Lighted Road,Clear,Dry,N,,,,,No Controls,No Controls,N,2,41.8870062,-87.7832266,ok,(UNK),1,2000231,2020,,2,99,50000 and OVER,9,4295,Oak Park,C,Urban Local Road or Street,0,16,14,10773146,1,Cook,0,20,,,2,N,No,Free Flow,202001024212,City,5,1.08,N,,,,(UNK),12171,(N/A),(UNK),No Defects,1,1,Local Road or Street,7,3036,X001817405,Not Toll,73,1,1,"Divided, No Median Barrier",2,2945577.92135569,1910363.23377525,41.88699837,-87.7832,,Urban,1,N,(N/A),Y,(N/A)
2020,2020-01-16,Thursday,13,01:19 PM,Property Damage,No Injuries,0,0,0,0,0,2,Front to Rear,11,N,N,Failing to Reduce Speed to Avoid Crash,Unable to Determine,Daylight,Clear,Dry,Y,,,,,Pedestrian Crossing,Functioning Properly,N,2,41.8903616,-87.784776,ok,(UNK),1,2000259,2020,,28,18,50000 and OVER,9,4295,Oak Park,C,Urban Major Collector,8,16,16,10773147,1,Cook,0,20,,,4,N,No,Free Flow,202001024213,City,1,0,N,,,,(UNK),12172,(N/A),(UNK),No Defects,1,1,Major Collector,5,,X001817406,Not Toll,73,17,4,Not Divided,1,2945122.04605984,1911574.26733084,41.89035373,-87.7848,,Urban,1,N,(N/A),Y,(N/A)
2020,2020-01-09,Thursday,17,05:58 PM,Property Damage,No Injuries,0,0,0,0,0,1,Parked Motor Vehicle,9,N,N,Failing to Reduce Speed to Avoid Crash,Unable to Determine,Darkness,Clear,Dry,N,,,,,No Controls,No Controls,N,2,41.8900511,-87.796044,ok,(UNK),1,2000137,2020,,28,18,50000 and OVER,9,4295,Oak Park,C,Urban Local Road or Street,0,16,9,10773148,1,Cook,0,20,,,4,N,No,Stopped,202001024214,City,4,1.33,N,,,,(UNK),12173,(N/A),(UNK),No Defects,1,1,Local Road or Street,7,2683,X001817407,Not Toll,73,1,1,Other,8,2942056.93328379,1911376.1272774,41.8900433,-87.796,,Urban,1,N,(N/A),Y,(N/A)
2020,2020-01-16,Thursday,18,06:01 PM,Property Damage,No Injuries,0,0,0,0,0,2,Front to Rear,11,N,N,Failing to Reduce Speed to Avoid Crash,(N/A),Darkness / Lighted Road,Clear,Dry,Y,,,,,Traffic Signal,Functioning Properly,N,2,41.87231,-87.8044663,ok,(UNK),1,2000267,2020,,28,99,50000 and OVER,9,4295,Oak Park,C,Urban Other Principal Arte,0,16,16,10773149,1,Cook,0,20,,,4,N,No,Stopped,202001024215,City,5,25.52,Y,,,,(UNK),12174,(N/A),(UNK),No Defects,1,1,Other Principal Arterial,3,5043,X001817408,Not Toll,73,3,4,Not Divided,1,2939941.62278279,1904847.65816006,41.87230217,-87.8045,,Urban,1,N,(N/A),Y,(N/A)
2020,2020-01-16,Thursday,20,08:23 PM,Injury,B Injury Crash,1,0,0,1,0,0,Parked Motor Vehicle,9,N,N,Under Influence of Alcohol/Drugs,Failing to Reduce Speed to Avoid Crash,Darkness / Lighted Road,Clear,Dry,N,,,,,Traffic Signal,Functioning Properly,N,2,41.8801517,-87.775046,ok,(UNK),1,2000271,2020,,8,28,50000 and OVER,9,4295,Oak Park,C,Urban Minor Arterial,8,16,16,10773150,1,Cook,2,20,CONCRETE MEDIAN/TREE,,4,N,Yes,Slow,202001024216,City,5,0,N,,,,(UNK),12175,(N/A),(UNK),No Defects,1,1,Minor Arterial,4,,X001817410,Not Toll,73,3,4,Divided With Median Barrier,3,2947875.22553382,1907927.32370667,41.88014384,-87.775,,Urban,1,N,(N/A),Y,(N/A)
2020,2020-01-17,Friday,18,06:30 PM,Property Damage,No Injuries,0,0,0,0,0,2,Sideswipe Same Direction,12,N,N,Unable to Determine,(N/A),Darkness / Lighted Road,Snow,Snow or Slush,N,,,,,No Controls,No Controls,Y,2,41.9091003,-87.7896141,ok,(UNK),1,JD120419,2020,,18,99,50000 and OVER,9,4295,Oak Park,C,Urban Other Principal Arte,0,16,17,10774000,1,Cook,0,20,,,5,N,No,(UNK),202001024727,City,5,6.75,Y,,,,(UNK),12782,(N/A),(UNK),No Defects,1,3,Other Principal Arterial,3,307,X001818544,Not Toll,73,1,1,Not Divided,1,2943615.33950338,1918366.46483463,41.90909243,-87.7896,,Urban,3,N,(N/A),Y,(N/A)
2020,2020-01-10,Friday,20,08:30 PM,Property Damage,No Injuries,0,0,0,0,0,3,Front to Rear,11,N,N,Following Too Closely,Failing to Reduce Speed to Avoid Crash,Darkness / Lighted Road,Rain,Wet,N,,,,,Other,Functioning Properly,N,3,41.8729949,-87.7992561,ok,Partial Access Control,3,03-20-00441,2020,,3,28,50000 and OVER,9,4295,Oak Park,C,Urban InterState,0,16,10,10776291,1,Cook,0,20,,,5,N,No,(UNK),202001026087,ISP,5,7.94,Y,,,,(UNK),13700,(N/A),(UNK),No Defects,1,2,InterState,1,290,X001820085,Not Toll,73,13,4,Divided With Median Barrier,3,2941353.84585989,1905136.34862361,41.87298703,-87.7993,,Urban,2,N,(N/A),Y,(N/A)
2020,2020-01-20,Monday,14,02:49 PM,Property Damage,No Injuries,0,0,0,0,0,2,Turning,10,N,N,Failing to Yield Right of Way,Driving Skills/Knowledge/Experience,Daylight,Clear,Wet,N,,,,,Traffic Signal,Functioning Properly,N,2,41.8885672,-87.8050611,ok,(UNK),1,2000073,2020,,2,15,50000 and OVER,9,4295,Oak Park,C,Urban Other Principal Arte,6,16,20,10777089,1,Cook,0,20,,,1,N,No,Slow,202001026821,City,1,26.64,Y,,,,(UNK),13780,(N/A),(UNK),No Defects,1,2,Other Principal Arterial,3,5043,X001820333,Not Toll,73,3,4,Not Divided,1,2939616.51988414,1910767.60155941,41.88855934,-87.8051,,Urban,1,N,(N/A),Y,(N/A)
2020,2020-01-08,Wednesday,15,03:00 PM,Property Damage,No Injuries,0,0,0,0,0,2,Front to Rear,11,N,N,Following Too Closely,Failing to Reduce Speed to Avoid Crash,Daylight,Clear,Dry,N,,,,,Other,Functioning Properly,N,2,41.8734331,-87.8037511,ok,Partial Access Control,3,03-20-00717,2020,,3,28,50000 and OVER,9,4295,Oak Park,C,Urban InterState,0,16,8,10777200,1,Cook,0,20,,,3,N,No,(UNK),202001026921,ISP,1,7.74,Y,,,,(UNK),13807,(N/A),(UNK),No Defects,1,1,InterState,1,290,X001820939,Not Toll,73,13,4,Divided With Median Barrier,3,2940125.16344334,1905262.28024145,41.87342522,-87.8037,,Urban,1,N,(N/A),Y,(N/A)
2020,2020-01-17,Friday,23,11:20 PM,Property Damage,No Injuries,0,0,0,0,0,1,Fixed Object,6,N,N,Failing to Reduce Speed to Avoid Crash,(N/A),Darkness / Lighted Road,Snow,Snow or Slush,N,,,,,No Controls,No Controls,Y,1,41.8716951,-87.7813549,ok,Partial Access Control,3,03-19-00802,2020,,28,99,50000 and OVER,9,4295,Oak Park,C,Urban InterState,0,16,17,10777825,1,Cook,0,20,,,5,N,No,(UNK),202001027494,ISP,5,22.73,Y,,,,(UNK),14447,(N/A),(UNK),No Defects,1,3,InterState,1,9290,X001821522,Not Toll,73,1,1,Divided With Median Barrier,3,2946242.77148699,1904797.7328663,41.87168722,-87.7813,,Urban,3,N,(N/A),Y,(N/A)
2020,2020-01-21,Tuesday,00,00:30 AM,Injury,B Injury Crash,1,0,0,1,0,0,Fixed Object,6,N,N,Under Influence of Alcohol/Drugs,Improper Lane Usage,Darkness / Lighted Road,Clear,Dry,N,,,,,No Controls,No Controls,N,1,41.8712551,-87.7747966,ok,Partial Access Control,3,03-20-00963,2020,,8,20,50000 and OVER,9,4295,Oak Park,C,Urban InterState,0,16,21,10777840,1,Cook,2,20,,,2,N,No,(UNK),202001027506,ISP,5,23.06,Y,,,,(UNK),14507,(N/A),(UNK),No Defects,1,1,InterState,1,9290,X001821536,Not Toll,73,1,1,Divided With Median Barrier,3,2948033.56129034,1904687.15052058,41.87124729,-87.7748,,Urban,1,N,(N/A),Y,(N/A)
2020,2020-01-18,Saturday,02,02:26 AM,Property Damage,No Injuries,0,0,0,0,0,1,Fixed Object,6,N,N,Failing to Reduce Speed to Avoid Crash,(N/A),Darkness / Lighted Road,Snow,Snow or Slush,N,,,,,No Controls,No Controls,N,1,41.9077021,-87.8041858,ok,(UNK),1,2000299,2020,,28,99,50000 and OVER,9,4295,Oak Park,C,Urban Local Road or Street,0,16,18,10777902,1,Cook,0,20,TREE/PARKWAY,,6,N,No,Free Flow,202001027563,City,5,0.04,N,,,,(UNK),14805,(N/A),(UNK),No Defects,1,3,Local Road or Street,7,2056,X001821581,Not Toll,73,1,1,Traffic Circle,17,2939662.73549746,1917747.2981972,41.90769427,-87.8042,,Urban,3,N,(N/A),Y,(N/A)
2020,2020-01-17,Friday,08,08:42 AM,Property Damage,No Injuries,0,0,0,0,0,1,Fixed Object,6,N,N,Failing to Reduce Speed to Avoid Crash,Unable to Determine,Darkness / Lighted Road,Unknown,Unknown,Y,,,,,Stop Sign,Functioning Properly,Y,2,41.8912857,-87.7975765,ok,(UNK),1,2000277,2020,,28,18,50000 and OVER,9,4295,Oak Park,C,Urban Local Road or Street,8,16,17,10777907,1,Cook,0,20,STOP SIGN,STOP SIGN,5,N,Yes,Free Flow,202001027566,City,5,0,N,,,,(UNK),14806,(N/A),(UNK),No Defects,1,9,Local Road or Street,7,,X001821586,Not Toll,73,2,4,T-Intersection,15,2941627.21733866,1911814.50734693,41.8912779,-87.7976,,Urban,9,N,(N/A),Y,(N/A)
2020,2020-01-17,Friday,21,09:02 PM,Property Damage,No Injuries,0,0,0,0,0,2,Front to Rear,11,N,N,Failing to Reduce Speed to Avoid Crash,(N/A),Darkness,Snow,Snow or Slush,Y,,,,,No Controls,No Controls,Y,2,41.8884334,-87.8050201,ok,(UNK),1,2000297,2020,,28,99,50000 and OVER,9,4295,Oak Park,C,Urban Other Principal Arte,0,16,17,10777911,1,Cook,0,20,,,5,N,No,Slow,202001027570,City,4,19.07,Y,,,,(UNK),14921,(N/A),(UNK),No Defects,1,3,Other Principal Arterial,3,348,X001821590,Not Toll,73,1,1,Two-way Continuous Left-Tur,4,2939629.0148556,1910719.15358142,41.88842555,-87.805,,Urban,3,N,(N/A),Y,(N/A)
2020,2020-01-21,Tuesday,07,07:59 AM,Property Damage,No Injuries,0,0,0,0,0,1,Parked Motor Vehicle,9,N,N,Failing to Reduce Speed to Avoid Crash,Unable to Determine,Daylight,Clear,Ice,N,,,,,No Controls,No Controls,N,3,41.8780731,-87.784753,ok,(UNK),1,2000332,2020,,28,18,50000 and OVER,9,4295,Oak Park,C,Urban Local Road or Street,0,16,21,10777912,1,Cook,0,20,,,2,N,No,(UNK),202001027571,City,1,0.54,N,,,,(UNK),14922,(N/A),(UNK),No Defects,1,4,Local Road or Street,7,4011,X001821591,Not Toll,73,1,1,Not Divided,1,2945252.6673392,1907096.29400266,41.87806527,-87.7847,,Urban,1,N,(N/A),Y,(N/A)
2020,2020-01-21,Tuesday,12,12:21 PM,Property Damage,No Injuries,0,0,0,0,0,3,Turning,10,N,N,Disregarding Stop Sign,Improper Turning/No Signal,Daylight,Clear,Dry,Y,,,,,Stop Sign,Functioning Properly,N,2,41.8901776,-87.7975455,ok,(UNK),1,2000338,2020,,23,6,50000 and OVER,9,4295,Oak Park,C,Urban Local Road or Street,8,16,21,10777915,1,Cook,0,20,,,2,N,No,Slow,202001027574,City,1,0,N,,,,(UNK),14923,(N/A),(UNK),No Defects,1,1,Local Road or Street,7,,X001821594,Not Toll,73,2,4,"Divided, No Median Barrier",2,2941646.81188165,1911410.92049771,41.89016978,-87.7975,,Urban,1,N,(N/A),Y,(N/A)
2020,2020-01-19,Sunday,01,01:12 AM,Property Damage,No Injuries,0,0,0,0,0,1,Parked Motor Vehicle,9,N,N,Unable to Determine,(N/A),Darkness / Lighted Road,Clear,Dry,N,,,,,No Controls,No Controls,Y,2,41.8821188,-87.7750922,ok,(UNK),1,2000305,2020,,18,99,50000 and OVER,9,4295,Oak Park,C,Urban Major Collector,0,16,19,10777928,1,Cook,0,20,,,7,N,No,(UNK),202001027587,City,5,1.52,N,,,,(UNK),14978,(N/A),(UNK),No Defects,1,1,Major Collector,5,5,X001821577,Not Toll,73,1,1,Not Divided,1,2947842.6658899,1908643.82712087,41.88211095,-87.7751,,Urban,1,N,(N/A),Y,(N/A)
2020,2020-01-20,Monday,19,07:13 PM,Property Damage,No Injuries,0,0,0,0,0,2,Sideswipe Same Direction,12,N,N,Improper Overtaking/Passing,Failing to Reduce Speed to Avoid Crash,Darkness / Lighted Road,Clear,Dry,N,,,,,No Controls,No Controls,Y,2,41.8763056,-87.7823641,ok,(UNK),1,2000328,2020,,4,28,50000 and OVER,9,4295,Oak Park,C,Urban Local Road or Street,0,16,20,10777929,1,Cook,0,20,,,1,N,No,Free Flow,202001027588,City,5,0.66,N,,,,(UNK),14979,(N/A),(UNK),No Defects,1,1,Local Road or Street,7,4025,X001821578,Not Toll,73,1,1,Divided With Median Barrier,3,2945921.19571072,1906470.2664685,41.87629778,-87.7824,,Urban,1,N,(N/A),Y,(N/A)
2020,2020-01-11,Saturday,20,08:14 PM,Property Damage,No Injuries,0,0,0,0,0,4,Front to Rear,11,N,N,Failing to Reduce Speed to Avoid Crash,(N/A),Darkness / Lighted Road,Snow,Snow or Slush,Y,,,,,Traffic Signal,Functioning Properly,Y,2,41.8980585,-87.7947958,ok,(UNK),1,2000185,2020,,28,99,50000 and OVER,9,4295,Oak Park,C,Urban Major Collector,8,16,11,10777525,1,Cook,0,20,,,6,N,No,Stopped,202001027213,City,5,0,N,,,,(UNK),15251,(N/A),(UNK),No Defects,1,3,Major Collector,5,,X001821167,Not Toll,73,3,4,T-Intersection,15,2942316.11672143,1914303.57230312,41.8980507,-87.7948,,Urban,3,N,(N/A),Y,(N/A)
2020,2020-01-21,Tuesday,16,04:25 PM,Injury,C Injury Crash,1,0,0,0,1,1,Front to Rear,11,N,N,Following Too Closely,Failing to Reduce Speed to Avoid Crash,Daylight,Clear,Dry,N,,,,,Traffic Signal,Functioning Improperly,N,2,41.8947131,-87.7755307,ok,(UNK),1,2000347,2020,,3,28,50000 and OVER,9,4295,Oak Park,C,Urban Minor Arterial,0,16,21,10779420,1,Cook,1,20,,,2,N,No,Slow,202001028808,City,1,4.11,N,,,,(UNK),15972,(N/A),(UNK),No Defects,1,1,Minor Arterial,4,1398,X001822818,Not Toll,73,3,3,"Divided, No Median Barrier",2,2947595.28824411,1913230.10485596,41.89470526,-87.7755,,Urban,1,N,(N/A),Y,(N/A)
2020,2020-01-21,Tuesday,01,01:10 AM,Property Damage,No Injuries,0,0,0,0,0,3,Front to Rear,11,N,N,Under Influence of Alcohol/Drugs,Under Influence of Alcohol/Drugs,Darkness / Lighted Road,Clear,Dry,N,,,,,Traffic Signal,Functioning Properly,N,2,41.8792585,-87.8047164,ok,(UNK),1,2000330,2020,,8,8,50000 and OVER,9,4295,Oak Park,C,Urban Other Principal Arte,0,16,21,10779429,1,Cook,0,20,,,2,N,No,Stopped,202001028818,City,5,19.71,Y,,,,(UNK),16004,(N/A),(UNK),No Defects,1,1,Other Principal Arterial,3,348,X001822337,Not Toll,73,3,4,Not Divided,1,2939803.78027224,1907377.9318201,41.87925065,-87.8047,,Urban,1,N,(N/A),Y,(N/A)
2020,2020-01-23,Thursday,17,05:05 PM,Property Damage,No Injuries,0,0,0,0,0,3,Sideswipe Same Direction,12,N,N,Improper Overtaking/Passing,Failing to Yield Right of Way,Darkness / Lighted Road,Rain,Wet,N,,,,,No Controls,No Controls,Y,2,41.8705429,-87.8043983,ok,(UNK),1,20-00271,2020,,4,2,50000 and OVER,9,4295,Oak Park,C,Urban Other Principal Arte,0,16,23,10780511,1,Cook,0,20,,,4,N,No,Slow,202001029524,City,5,20.31,Y,,,,(UNK),16504,(N/A),(UNK),No Defects,1,2,Other Principal Arterial,3,348,X001823628,Not Toll,73,1,1,"Divided, No Median Barrier",2,2939977.88967755,1904204.20985493,41.87053508,-87.8044,,Urban,2,N,(N/A),Y,(N/A)
2020,2020-01-24,Friday,19,07:14 PM,Property Damage,No Injuries,0,0,0,0,0,2,Sideswipe Same Direction,12,N,N,Improper Overtaking/Passing,Improper Lane Usage,Darkness / Lighted Road,Rain,Wet,Y,,,,,Traffic Signal,Functioning Properly,N,2,41.865028,-87.8042158,ok,(UNK),1,20-00285,2020,,4,20,50000 and OVER,9,4295,Oak Park,C,Urban Other Principal Arte,6,16,24,10782157,1,Cook,0,20,,,5,N,No,Slow,202001030961,City,5,25.01,Y,,,,(UNK),16880,(N/A),(UNK),No Defects,1,2,Other Principal Arterial,3,5043,X001825015,Not Toll,52,3,4,"Divided, No Median Barrier",2,2940082.92844524,1902195.8328425,41.86502013,-87.8042,,Urban,2,N,(N/A),Y,(N/A)
2020,2020-01-21,Tuesday,12,12:05 PM,Property Damage,No Injuries,0,0,0,0,0,1,Fixed Object,6,N,N,Following Too Closely,Failing to Reduce Speed to Avoid Crash,Darkness / Lighted Road,Clear,Dry,N,,,,,Other Regualtory Sig,Functioning Properly,Y,1,41.8726307,-87.7939582,ok,Partial Access Control,3,03-20-00962,2020,,3,28,50000 and OVER,9,4295,Oak Park,C,Urban InterState,0,16,21,10783152,1,Cook,0,20,,,2,N,No,(UNK),202001031913,ISP,5,8.2,Y,,,,(UNK),17612,(N/A),(UNK),No Defects,1,1,InterState,1,290,X001826000,Not Toll,73,10,4,Divided With Median Barrier,3,2942800.5,1905043.5,41.87262285,-87.794,,Urban,1,N,(N/A),Y,(N/A)
2020,2020-01-22,Wednesday,21,09:08 PM,Property Damage,No Injuries,0,0,0,0,0,1,Parked Motor Vehicle,9,N,N,Distraction â€“ Other Electronic Device (Navigation Device / DVD Player / etc.),Distraction - From Inside Vehicle,Darkness,Clear,Dry,N,,,,,Stop Sign,Functioning Properly,N,2,41.8866545,-87.7895406,ok,(UNK),1,2000367,2020,,43,41,50000 and OVER,9,4295,Oak Park,C,Urban Minor Collector,0,16,22,10781053,1,Cook,0,20,,,3,N,No,Free Flow,202001029973,City,4,0.13,N,,,,(UNK),17745,(N/A),(UNK),No Defects,1,1,Minor Collector,6,2779,X001823513,Not Toll,73,2,4,Not Divided,1,2943862.1016049,1910187.35531398,41.88664669,-87.7895,,Urban,1,N,(N/A),Y,(N/A)
2020,2020-01-23,Thursday,08,08:23 AM,Property Damage,No Injuries,0,0,0,0,0,3,Angle,15,N,N,Failing to Yield Right of Way,Weather,Daylight,Snow,Snow or Slush,Y,,,,,Stop Sign,Functioning Properly,N,2,41.8998658,-87.7866814,ok,(UNK),1,2000371,2020,,2,11,50000 and OVER,9,4295,Oak Park,C,Urban Local Road or Street,8,16,23,10781073,1,Cook,0,20,,,4,N,No,Slow,202001029986,City,1,0,N,,,,(UNK),17797,(N/A),(UNK),No Defects,1,3,Local Road or Street,7,,X001823533,Not Toll,73,2,4,Four Way,14,2944507.07132578,1915023.38062852,41.89985794,-87.7867,,Urban,3,N,(N/A),Y,(N/A)
2020,2020-01-23,Thursday,13,01:46 PM,Property Damage,No Injuries,0,0,0,0,0,3,Front to Rear,11,N,N,Failing to Reduce Speed to Avoid Crash,Unable to Determine,Daylight,Clear,Wet,Y,,,,,No Controls,No Controls,N,3,41.8797164,-87.7918055,ok,(UNK),1,2000384,2020,,28,18,50000 and OVER,9,4295,Oak Park,C,Urban Minor Arterial,8,16,23,10781074,1,Cook,0,20,,,4,N,Yes,Slow,202001029987,City,1,0,N,,,,(UNK),17798,(N/A),(UNK),No Defects,1,2,Minor Arterial,4,,X001824031,Not Toll,73,1,1,Not Divided,1,2943315.35463186,1907641.88791179,41.87970857,-87.7918,,Urban,1,N,(N/A),Y,(N/A)
2020,2020-01-22,Wednesday,13,01:33 PM,Property Damage,No Injuries,0,0,0,0,0,2,Angle,15,N,N,Failing to Yield Right of Way,Improper Turning/No Signal,Daylight,Clear,Dry,N,,,,,No Controls,No Controls,N,2,41.8815532,-87.7966076,ok,(UNK),1,2000359,2020,,2,6,50000 and OVER,9,4295,Oak Park,C,Urban Major Collector,0,16,22,10781134,1,Cook,0,20,,,3,N,No,Slow,202001030144,City,1,0.42,N,,,,(UNK),18033,(N/A),(UNK),No Defects,1,1,Major Collector,5,5,X001823650,Not Toll,73,1,1,"Divided, No Median Barrier",2,2941989.05400566,1908275.06205271,41.88154532,-87.7966,,Urban,1,N,(N/A),Y,(N/A)
2020,2020-01-25,Saturday,06,06:49 AM,Property Damage,No Injuries,0,0,0,0,0,1,Fixed Object,6,N,N,Physical Condition of Driver,Improper Lane Usage,Darkness / Lighted Road,Rain,Wet,N,,,,,No Controls,No Controls,N,1,41.8798906,-87.7832178,ok,(UNK),1,2000415,2020,,17,20,50000 and OVER,9,4295,Oak Park,C,Urban Minor Arterial,8,16,25,10785091,1,Cook,0,20,TREE ON CENTER MEDIAN,TREE ON CENTER MEDIAN,6,N,Yes,Free Flow,202001033304,City,5,0,N,,,,(UNK),18123,(N/A),(UNK),No Defects,1,2,Minor Arterial,4,,X001827345,Not Toll,73,1,1,Divided With Median Barrier,3,2945652.38127051,1907770.23739335,41.87988276,-87.7832,,Urban,2,N,(N/A),Y,(N/A)
2020,2020-01-24,Friday,12,12:17 PM,Property Damage,No Injuries,0,0,0,0,0,2,Angle,15,N,N,Failing to Reduce Speed to Avoid Crash,(N/A),Daylight,Rain,Wet,N,,,,,Traffic Signal,Functioning Properly,N,2,41.8798293,-87.7844351,ok,(UNK),1,2000405,2020,,28,99,50000 and OVER,9,4295,Oak Park,C,Urban Major Collector,8,16,24,10784605,1,Cook,0,20,,,5,N,No,Slow,202001033247,City,1,0,N,,,,(UNK),18141,(N/A),(UNK),No Defects,1,2,Major Collector,5,,X001827307,Not Toll,73,3,4,Two-way Continuous Left-Tur,4,2945321.48099977,1907738.67873458,41.87982143,-87.7844,,Urban,2,N,(N/A),Y,(N/A)
2020,2020-01-25,Saturday,17,05:23 PM,Property Damage,No Injuries,0,0,0,0,0,2,Turning,10,N,N,Operating Vehicle In Reckless Manner,(N/A),Darkness / Lighted Road,Rain,Wet,Y,,,,,Traffic Signal,Functioning Properly,N,2,41.8736415,-87.8045252,ok,Partial Access Control,1,2000423,2020,,50,99,50000 and OVER,9,4295,Oak Park,C,Urban InterState,0,16,25,10785211,1,Cook,0,20,,,6,N,No,Slow,202001033415,City,5,25.61,Y,,,,(UNK),18595,(N/A),(UNK),No Defects,1,2,InterState,1,5043,X001827456,Not Toll,73,3,4,Not Divided,1,2939912.23169408,1905332.44719901,41.8736337,-87.8045,,Urban,2,N,(N/A),Y,(N/A)
2020,2020-01-25,Saturday,13,01:14 PM,Property Damage,No Injuries,0,0,0,0,0,2,Turning,10,N,N,Improper Turning/No Signal,Failing to Reduce Speed to Avoid Crash,Daylight,Snow,Snow or Slush,Y,,,,,Stop Sign,Functioning Properly,N,2,41.8706381,-87.7939369,ok,(UNK),1,2000419,2020,,6,28,50000 and OVER,9,4295,Oak Park,C,Urban Major Collector,8,16,25,10785214,1,Cook,0,20,,,6,N,No,Slow,202001033417,City,1,0,N,,,,(UNK),18597,(N/A),(UNK),No Defects,1,3,Major Collector,5,,X001827448,Not Toll,73,2,4,"Divided, No Median Barrier",2,2942826.39801495,1904317.51565491,41.87063023,-87.7939,,Urban,3,N,(N/A),Y,(N/A)
2020,2020-01-27,Monday,13,01:50 PM,Property Damage,No Injuries,0,0,0,0,0,2,Angle,15,N,N,Failing to Yield Right of Way,Unable to Determine,Daylight,Cloudy/Overcast,Dry,Y,,,,,Stop Sign,Functioning Properly,N,2,41.9033808,-87.8040483,ok,(UNK),1,2000444,2020,,2,18,50000 and OVER,9,4295,Oak Park,C,Urban Local Road or Street,8,16,27,10785864,1,Cook,0,20,,,1,N,No,Free Flow,202001034026,City,1,0,N,,,,(UNK),18662,(N/A),(UNK),No Defects,1,1,Local Road or Street,7,,X001827946,Not Toll,73,2,4,Not Divided,1,2939743.55863626,1916173.54983242,41.90337293,-87.804,,Urban,8,N,(N/A),Y,(N/A)