crash_year,crash_date,day_of_week,crash_hour,time_of_crash,crash_severity,crash_injury_severity,total_injured,total_fatals,a_injuries,b_injuries,c_injuries,no_injuries,type_of_first_crash,collision_type_code,pedestrian_involved,pedalcyclist_involved,cause1,cause2,lighting_cond,weather_cond,road_surface_cond,intersection_related,is_intersection,highway_or_street_name,at_intersection_with,address_no,traffic_control_device,traffic_control_device_cond,hit_and_run,number_of_vehicles,latitude,longitude,location_status,access_control,agency_code,agency_report_number,agency_report_year,alignment_code,cause1_code,cause2_code,city_class,city_class_code,city_code,city_name,city_township_flag,class_of_trafficway,class_of_trafficway_code,county_code,crash_day,crash_id,crash_month,crash_report_county,crash_severity_cd,crash_yr_source,damaged_property1,damaged_property2,day_of_week_code,did_crash_occur_in_work_zone,did_involve_secondary_crash,flow_condition,icn,investigating_agency_descrip,light_condition_code,mile_station,nhs,non_intersection_direction,non_intersection_distance,non_intersection_units,number_of_lanes,objectid,railroad_crossing_number,road_alignment,road_defects,road_defects_code,road_surface_condition_code,roadway_functional_class,roadway_functional_class_code,route_number,sfe,toll,township,traffic_control_device_code,traffic_control_device_cond_code,trafficway_descrip,trafficway_description_code,ts_crash_coordinate_x,ts_crash_coordinate_y,ts_crash_latitude,ts_crash_longitude,type_report,urban_rural,weather_code,were_workers_present,work_zone,work_zone_related,work_zone_type
2020,2020-01-27,Monday,17,05:21 PM,Property Damage,No Injuries,0,0,0,0,0,2,Angle,15,N,N,Failing to Yield Right of Way,Unable to Determine,Darkness,Clear,Dry,Y,,,,,Stop Sign,Functioning Properly,N,2,41.8982821,-87.780115,ok,(UNK),1,2000452,2020,,2,18,50000 and OVER,9,4295,Oak Park,C,Urban Local Road or Street,8,16,27,10785885,1,Cook,0,20,,,1,N,No,Slow,202001034037,City,4,0,N,,,,(UNK),18667,(N/A),(UNK),No Defects,1,1,Local Road or Street,7,,X001827947,Not Toll,73,2,4,Not Divided,1,2946310.8731615,1914495.96135563,41.8982743,-87.7801,,Urban,1,N,(N/A),Y,(N/A)
2020,2020-01-20,Monday,19,07:00 PM,Injury,B Injury Crash,1,0,0,1,0,3,Front to Rear,11,N,N,Improper Lane Usage,Failing to Reduce Speed to Avoid Crash,Darkness / Lighted Road,Clear,Dry,N,,,,,Other Warning Sign,Functioning Properly,N,2,41.8733589,-87.8045131,ok,(UNK),3,03-20-00943,2020,,20,28,50000 and OVER,9,4295,Oak Park,C,Urban Other Principal Arte,0,16,20,10783749,1,Cook,2,20,,,1,N,No,(UNK),202001032505,ISP,5,20.11,Y,,,,(UNK),18679,(N/A),(UNK),No Defects,1,1,Other Principal Arterial,3,348,X001826595,Not Toll,73,11,4,Divided With Median Barrier,3,2939918.364221,1905229.52229549,41.87335101,-87.8045,,Urban,1,N,(N/A),Y,(N/A)
2020,2020-01-26,Sunday,10,10:11 AM,Property Damage,No Injuries,0,0,0,0,0,2,Parked Motor Vehicle,9,N,N,Driving Skills/Knowledge/Experience,Failing to Reduce Speed to Avoid Crash,Daylight,Clear,Dry,N,,,,,No Controls,No Controls,N,2,41.8743039,-87.7891837,ok,(UNK),1,2000427,2020,,15,28,50000 and OVER,9,4295,Oak Park,C,Urban Minor Collector,0,16,26,10785229,1,Cook,0,20,,,7,N,No,Free Flow,202001033431,City,1,1,N,,,,(UNK),18711,(N/A),(UNK),No Defects,1,1,Minor Collector,6,2779,X001827472,Not Toll,73,1,1,Not Divided,1,2944084.0432111,1905689.24607428,41.87429605,-87.7892,,Urban,1,N,(N/A),Y,(N/A)
2020,2020-01-26,Sunday,14,02:24 PM,Property Damage,No Injuries,0,0,0,0,0,2,Fixed Object,6,N,N,Failing to Reduce Speed to Avoid Crash,Unable to Determine,Daylight,Clear,Dry,N,,,,,No Controls,No Controls,N,1,41.9075318,-87.7781349,ok,(UNK),1,2000432,2020,,28,18,50000 and OVER,9,4295,Oak Park,C,Urban Local Road or Street,0,16,26,10785238,1,Cook,0,20,LIGHT POLE,,7,N,No,Free Flow,202001033439,City,1,0.11,N,,,,(UNK),18714,(N/A),(UNK),No Defects,1,1,Local Road or Street,7,2610,X001827488,Not Toll,73,1,1,Not Divided,1,2946756.09658797,1917881.73786999,41.90752397,-87.7781,,Urban,1,N,(N/A),Y,(N/A)
2020,2020-01-12,Sunday,21,09:00 PM,Property Damage,No Injuries,0,0,0,0,0,2,Turning,10,N,N,Improper Turning/No Signal,Failing to Reduce Speed to Avoid Crash,Darkness / Lighted Road,Clear,Dry,Y,,,,,Traffic Signal,Functioning Properly,Y,2,41.8736416,-87.8045258,ok,Partial Access Control,1,20-00124,2020,,6,28,50000 and OVER,9,4295,Oak Park,C,Urban InterState,6,16,12,10785418,1,Cook,0,20,,,7,N,No,Free Flow,202001033603,City,5,25.61,Y,,,,(UNK),18756,(N/A),(UNK),No Defects,1,1,InterState,1,5043,X001827659,Not Toll,73,3,4,Divided With Median Barrier,3,2939912.062394,1905332.46992192,41.87363377,-87.8045,,Urban,1,N,(N/A),Y,(N/A)
2020,2020-01-26,Sunday,13,01:36 PM,Property Damage,No Injuries,0,0,0,0,0,3,Front to Rear,11,N,N,Failing to Reduce Speed to Avoid Crash,Following Too Closely,Daylight,Clear,Dry,N,,,,,No Controls,No Controls,Y,2,41.8726403,-87.794024,ok,Partial Access Control,3,03-20-01243,2020,,28,3,50000 and OVER,9,4295,Oak Park,C,Urban InterState,0,16,26,10783761,1,Cook,0,20,,,7,N,No,(UNK),202001032517,ISP,1,8.19,Y,,,,(UNK),18768,(N/A),(UNK),No Defects,1,1,InterState,1,290,X001826607,Not Toll,73,1,1,Divided With Median Barrier,3,2942782.5,1905046.5,41.87263244,-87.794,,Urban,1,N,(N/A),Y,(N/A)
2020,2020-01-24,Friday,16,04:37 PM,Property Damage,No Injuries,0,0,0,0,0,2,Front to Rear,11,N,N,Failing to Reduce Speed to Avoid Crash,Following Too Closely,Dusk,Rain,Wet,N,,,,,Other,Functioning Properly,N,2,41.8735596,-87.8039415,ok,Partial Access Control,3,03-20-01148,2020,,28,3,50000 and OVER,9,4295,Oak Park,C,Urban InterState,8,16,24,10783764,1,Cook,0,20,,,5,N,No,(UNK),202001032520,ISP,3,0,Y,,,,(UNK),18770,(N/A),(UNK),No Defects,1,2,InterState,1,,X001826610,Not Toll,,13,4,Ramp,11,2940072.02518162,1905306.98055753,41.8735518,-87.8039,,Urban,2,N,(N/A),Y,(N/A)
2020,2020-01-26,Sunday,19,07:45 PM,Property Damage,No Injuries,0,0,0,0,0,2,Front to Rear,11,N,N,Following Too Closely,Failing to Reduce Speed to Avoid Crash,Darkness / Lighted Road,Clear,Dry,N,,,,,Traffic Signal,Functioning Properly,Y,2,41.8709413,-87.7745717,ok,Partial Access Control,3,03-20-01256,2020,,3,28,50000 and OVER,9,4295,Oak Park,C,Urban InterState,0,16,26,10783859,1,Cook,0,20,,,7,N,No,(UNK),202001032612,ISP,5,9.2,Y,,,,(UNK),19360,(N/A),(UNK),No Defects,1,1,InterState,1,290,X001826703,Not Toll,,3,4,Divided With Median Barrier,3,2948097.98196499,1904574.50416273,41.87093349,-87.7746,,Urban,1,N,(N/A),Y,(N/A)
2020,2020-01-29,Wednesday,07,07:00 AM,Property Damage,No Injuries,0,0,0,0,0,2,Sideswipe Same Direction,12,N,N,Improper Lane Usage,Failing to Reduce Speed to Avoid Crash,Daylight,Clear,Dry,N,,,,,No Controls,No Controls,Y,2,41.8737395,-87.8040834,ok,Partial Access Control,3,03-20-01347,2020,,20,28,50000 and OVER,9,4295,Oak Park,C,Urban InterState,0,16,29,10787758,1,Cook,0,20,,,3,N,No,(UNK),202001035496,ISP,1,21.6,Y,,,,(UNK),19552,(N/A),(UNK),No Defects,1,1,InterState,1,9290,X001829547,Not Toll,73,1,1,Divided With Median Barrier,3,2940031.56881312,1905371.46166706,41.87373167,-87.8041,,Urban,1,N,(N/A),Y,(N/A)
2020,2020-01-29,Wednesday,19,07:00 PM,Injury,B Injury Crash,1,0,0,1,0,3,Front to Rear,11,N,N,Following Too Closely,Failing to Reduce Speed to Avoid Crash,Darkness / Lighted Road,Clear,Dry,N,,,,,No Controls,Functioning Properly,Y,4,41.8734776,-87.8024115,ok,Partial Access Control,3,03-20-01372,2020,,3,28,50000 and OVER,9,4295,Oak Park,C,Urban InterState,0,16,29,10789124,1,Cook,2,20,,,3,N,No,(UNK),202001036698,ISP,5,0.16,Y,,,,(UNK),20074,(N/A),(UNK),No Defects,1,1,InterState,1,290,X001830755,Not Toll,73,1,4,Divided With Median Barrier,3,2940489.57066746,1905288.57312961,41.87346979,-87.8024,,Urban,1,N,(N/A),Y,(N/A)
2020,2020-01-28,Tuesday,16,04:52 PM,Property Damage,No Injuries,0,0,0,0,0,2,Sideswipe Same Direction,12,N,N,Failing to Yield Right of Way,Failing to Reduce Speed to Avoid Crash,Darkness / Lighted Road,Cloudy/Overcast,Dry,N,,,,,No Controls,No Controls,N,2,41.8820731,-87.7776062,ok,(UNK),1,2000472,2020,,2,28,50000 and OVER,9,4295,Oak Park,C,Urban Major Collector,0,16,28,10787439,1,Cook,0,20,,,2,N,No,Free Flow,202001035344,City,5,1.4,N,,,,(UNK),20627,(N/A),(UNK),No Defects,1,1,Major Collector,5,5,X001829375,Not Toll,73,1,1,Not Divided,1,2947158.48145103,1908608.08040649,41.88206522,-87.7776,,Urban,8,N,(N/A),Y,(N/A)
2020,2020-01-28,Tuesday,16,04:50 PM,Property Damage,No Injuries,0,0,0,0,0,1,Parked Motor Vehicle,9,N,N,Failing to Reduce Speed to Avoid Crash,Unable to Determine,Daylight,Clear,Dry,N,,,,,No Controls,No Controls,Y,2,41.8886518,-87.8019226,ok,(UNK),1,2000473,2020,,28,18,50000 and OVER,9,4295,Oak Park,C,Urban Major Collector,0,16,28,10787440,1,Cook,0,20,,,2,N,No,Slow,202001035345,City,1,0.16,N,,,,(UNK),20628,(N/A),(UNK),No Defects,1,1,Major Collector,5,8,X001829381,Not Toll,73,1,1,Not Divided,1,2940470.28538836,1910821.9902491,41.88864397,-87.8019,,Urban,1,N,(N/A),Y,(N/A)
2020,2020-01-29,Wednesday,09,09:09 AM,Injury,C Injury Crash,2,0,0,0,2,1,Turning,10,N,N,Improper Turning/No Signal,Failing to Yield Right of Way,Daylight,Clear,Dry,Y,,,,,Stop Sign,Functioning Properly,N,2,41.8931023,-87.7848357,ok,(UNK),1,2000482,2020,,6,2,50000 and OVER,9,4295,Oak Park,C,Urban Major Collector,8,16,29,10789300,1,Cook,1,20,,,3,N,No,Free Flow,202001036861,City,1,0,N,,,,(UNK),20776,(N/A),(UNK),No Defects,1,1,Major Collector,5,,X001830476,Not Toll,73,2,4,Four Way,14,2945078.05918776,1912572.58028225,41.89309443,-87.7848,,Urban,1,N,(N/A),Y,(N/A)
2020,2020-01-18,Saturday,03,03:45 AM,Property Damage,No Injuries,0,0,0,0,0,2,Front to Rear,11,N,N,Following Too Closely,Failing to Reduce Speed to Avoid Crash,Daylight,Fog/Smoke/Haze,Wet,N,,,,,Delineators,Functioning Properly,N,2,41.8726961,-87.793356,ok,(UNK),3,03-20-00840,2020,,3,28,50000 and OVER,9,4295,Oak Park,C,Urban Local Road or Street,0,16,18,10786640,1,Cook,0,20,,,6,N,No,(UNK),202001034644,ISP,1,0.03,N,,,,(UNK),21248,(N/A),(UNK),No Defects,1,2,Local Road or Street,7,290,X001828708,Not Toll,,14,4,Divided With Median Barrier,3,2942963.86690135,1905071.88629471,41.87268829,-87.7934,,Urban,4,N,(N/A),Y,(N/A)
2020,2020-01-16,Thursday,12,12:10 PM,Injury,B Injury Crash,1,0,0,1,0,4,Sideswipe Same Direction,12,N,N,Improper Lane Usage,Failing to Reduce Speed to Avoid Crash,Daylight,Clear,Dry,N,,,,,No Controls,No Controls,N,4,41.8725095,-87.794175,ok,Partial Access Control,3,03-20-00713,2020,,20,28,50000 and OVER,9,4295,Oak Park,C,Urban InterState,0,16,16,10789704,1,Cook,2,20,,,4,N,No,(UNK),202001037171,ISP,1,8.18,Y,,,,(UNK),21473,(N/A),(UNK),No Defects,1,1,InterState,1,290,X001831224,Not Toll,73,1,1,Divided With Median Barrier,3,2942742.67933633,1904997.70080022,41.87250165,-87.7942,,Urban,1,N,(N/A),Y,(N/A)
2020,2020-01-23,Thursday,13,01:07 PM,Property Damage,No Injuries,0,0,0,0,0,2,Front to Rear,11,N,N,Failing to Reduce Speed to Avoid Crash,Unable to Determine,Daylight,Clear,Unknown,N,,,,,No Controls,No Controls,N,2,41.8981691,-87.8053944,ok,(UNK),1,2000115,2020,,28,18,50000 and OVER,9,4295,Oak Park,C,Urban Other Principal Arte,0,16,23,10788460,1,Cook,0,20,,,4,N,No,Stopped,202001036126,City,1,18.39,Y,,,,(UNK),21517,(N/A),(UNK),No Defects,1,9,Other Principal Arterial,3,348,X001830179,Not Toll,73,1,1,Not Divided,1,2939429.40138709,1914264.23457718,41.89816129,-87.8054,,Urban,1,N,(N/A),Y,(N/A)
2020,2020-01-24,Friday,15,03:40 PM,Injury,B Injury Crash,1,0,0,1,0,0,Fixed Object,6,N,N,Improper Lane Usage,Physical Condition of Driver,Daylight,Cloudy/Overcast,Dry,N,,,,,No Controls,No Controls,N,1,41.8737869,-87.8041135,ok,(UNK),3,03-20-01145,2020,,20,17,50000 and OVER,9,4295,Oak Park,C,(UNK),8,16,24,10789104,1,Cook,2,20,,,5,N,No,(UNK),202001036678,ISP,1,0,N,,,,(UNK),22407,(N/A),(UNK),No Defects,1,1,(UNK),0,,X001830735,No Toll,,1,1,Divided With Median Barrier,3,2940022.9101222,1905388.51981338,41.87377909,-87.8041,,(UNK),8,N,(N/A),Y,(N/A)
2020,2020-02-02,Sunday,11,11:33 AM,Property Damage,No Injuries,0,0,0,0,0,3,Sideswipe Same Direction,12,N,N,Failing to Yield Right of Way,Improper Lane Usage,Daylight,Clear,Dry,Y,,,,,No Controls,No Controls,N,2,41.865028,-87.8042158,ok,(UNK),1,20-00386,2020,,2,20,50000 and OVER,9,4295,Oak Park,C,Urban Other Principal Arte,6,16,2,10791264,2,Cook,0,20,,,7,N,No,Slow,202001038650,City,1,25.01,Y,,,,(UNK),23927,(N/A),(UNK),No Defects,1,1,Other Principal Arterial,3,5043,X001832775,Not Toll,52,1,1,"Divided, No Median Barrier",2,2940082.92861487,1902195.82946442,41.86502012,-87.8042,,Urban,1,N,(N/A),Y,(N/A)
2020,2020-02-04,Tuesday,09,09:55 AM,Property Damage,No Injuries,0,0,0,0,0,2,Front to Rear,11,N,N,Unable to Determine,Unable to Determine,Daylight,Clear,Dry,N,,,,,Traffic Signal,No Controls,N,2,41.9090479,-87.793693,ok,(UNK),1,JD139505,2020,,18,18,50000 and OVER,9,4295,Oak Park,C,Urban Other Principal Arte,0,16,4,10793356,2,Cook,0,20,,,2,N,No,Stopped,202001040562,City,1,6.54,Y,,,,(UNK),24022,(N/A),(UNK),No Defects,1,1,Other Principal Arterial,3,307,X001834628,Not Toll,73,3,1,"Divided, No Median Barrier",2,2942505.52486567,1918316.61894333,41.90904006,-87.7937,,Urban,1,N,(N/A),Y,(N/A)
2020,2020-01-30,Thursday,13,01:34 PM,Injury,C Injury Crash,1,0,0,0,1,2,Turning,10,N,N,Failing to Yield Right of Way,Failing to Reduce Speed to Avoid Crash,Daylight,Cloudy/Overcast,Dry,Y,,,,,No Controls,No Controls,N,2,41.9052131,-87.8056622,ok,(UNK),1,2000511,2020,,2,28,50000 and OVER,9,4295,Oak Park,C,Urban Other Principal Arte,0,16,30,10794492,1,Cook,1,20,LIGHT SUPPORT POLE,,4,N,Yes,Free Flow,202001041537,City,1,27.8,Y,,,,(UNK),24161,(N/A),(UNK),No Defects,1,1,Other Principal Arterial,3,5043,X001831292,Not Toll,73,1,1,Four Way,14,2939285.8162402,1916829.17146472,41.90520523,-87.8057,,Urban,8,N,(N/A),Y,(N/A)
2020,2020-01-30,Thursday,14,02:23 PM,Injury,C Injury Crash,1,0,0,0,1,0,Fixed Object,6,N,N,Failing to Reduce Speed to Avoid Crash,Physical Condition of Driver,Daylight,Clear,Dry,N,,,,,No Controls,No Controls,N,1,41.897315,-87.784981,ok,(UNK),1,2000512,2020,,28,17,50000 and OVER,9,4295,Oak Park,C,Urban Major Collector,0,16,30,10794493,1,Cook,1,20,LIGHT POLE,,4,N,Yes,Free Flow,202001041538,City,1,0.32,N,,,,(UNK),24162,(N/A),(UNK),No Defects,1,1,Major Collector,5,2783,X001831308,Not Toll,73,1,1,"Divided, No Median Barrier",2,2944995.85270642,1914106.67453638,41.89730714,-87.785,,Urban,1,N,(N/A),Y,(N/A)
2020,2020-01-28,Tuesday,09,09:32 AM,Property Damage,No Injuries,0,0,0,0,0,4,Sideswipe Same Direction,12,N,N,Improper Lane Usage,Failing to Reduce Speed to Avoid Crash,Daylight,Clear,Dry,N,,,,,No Controls,No Controls,N,2,41.9077014,-87.805741,ok,(UNK),1,2000110,2020,,20,28,50000 and OVER,9,4295,Oak Park,C,Urban Other Principal Arte,0,16,28,10795091,1,Cook,0,20,,,2,N,No,Slow,202001041908,City,1,17.74,Y,,,,(UNK),24651,(N/A),(UNK),No Defects,1,1,Other Principal Arterial,3,348,X001835802,Not Toll,73,1,1,Not Divided,1,2939239.38228459,1917735.38285212,41.90769357,-87.8057,,Urban,1,N,(N/A),Y,(N/A)
2020,2020-02-03,Monday,10,10:11 AM,Property Damage,No Injuries,0,0,0,0,0,2,Sideswipe Same Direction,12,N,N,Failing to Reduce Speed to Avoid Crash,Unable to Determine,Daylight,Clear,Dry,N,,,,,Traffic Signal,Functioning Properly,Y,2,41.8736416,-87.8045258,ok,Partial Access Control,1,20-000393,2020,,28,18,50000 and OVER,9,4295,Oak Park,C,Urban InterState,6,16,3,10793123,2,Cook,0,20,,,1,N,No,Free Flow,202001040351,City,1,25.61,Y,,,,(UNK),25094,(N/A),(UNK),No Defects,1,1,InterState,1,5043,X001834404,Not Toll,73,3,4,"Divided, No Median Barrier",2,2939912.062394,1905332.46992192,41.87363377,-87.8045,,Urban,1,N,(N/A),Y,(N/A)
2020,2020-02-05,Wednesday,07,07:05 AM,Injury,C Injury Crash,1,0,0,0,1,0,Fixed Object,6,N,N,Unable to Determine,(N/A),Daylight,Clear,Dry,N,,,,,No Controls,No Controls,N,1,41.9090729,-87.7918773,ok,(UNK),1,JD104524,2020,,18,99,50000 and OVER,9,4295,Oak Park,C,Urban Other Principal Arte,0,16,5,10794700,2,Cook,1,20,,,3,N,No,(UNK),202001041712,City,1,6.64,Y,,,,(UNK),25148,(N/A),(UNK),No Defects,1,1,Other Principal Arterial,3,307,X001835676,Not Toll,73,1,1,Not Divided,1,2942999.54575158,1918339.42000087,41.90906507,-87.7919,,Urban,1,N,(N/A),Y,(N/A)
2020,2020-02-03,Monday,13,01:38 PM,Property Damage,No Injuries,0,0,0,0,0,6,Sideswipe Same Direction,12,N,N,Improper Overtaking/Passing,Unable to Determine,Daylight,Clear,Dry,N,,,,,Traffic Signal,Functioning Properly,N,2,41.8727878,-87.7940058,ok,(UNK),1,2000581,2020,,4,18,50000 and OVER,9,4295,Oak Park,C,Urban Major Collector,8,16,3,10794351,2,Cook,0,20,,,1,N,No,Free Flow,202001041440,City,1,0,N,,,,(UNK),25566,(N/A),(UNK),No Defects,1,1,Major Collector,5,,X001834709,Not Toll,73,3,4,Not Divided,1,2942785.96150184,1905100.41001859,41.87278,-87.794,,Urban,1,N,(N/A),Y,(N/A)
2020,2020-02-03,Monday,18,06:38 PM,Property Damage,No Injuries,0,0,0,0,0,2,Angle,15,N,N,Failing to Reduce Speed to Avoid Crash,Unable to Determine,Darkness / Lighted Road,Clear,Dry,Y,,,,,Stop Sign,Functioning Properly,N,2,41.8725478,-87.7890958,ok,(UNK),1,2000587,2020,,28,18,50000 and OVER,9,4295,Oak Park,C,Urban Minor Collector,8,16,3,10794353,2,Cook,0,20,,,1,N,No,Free Flow,202001041442,City,5,0,N,,,,(UNK),25567,(N/A),(UNK),No Defects,1,1,Minor Collector,6,,X001834725,Not Toll,73,2,4,"Divided, No Median Barrier",2,2944125.72260184,1905049.97409584,41.87254,-87.7891,,Urban,1,N,(N/A),Y,(N/A)
2020,2020-01-30,Thursday,20,08:02 PM,Property Damage,No Injuries,0,0,0,0,0,3,Sideswipe Same Direction,12,N,N,Failing to Yield Right of Way,Unable to Determine,Daylight,Clear,Dry,N,,,,,No Controls,No Controls,N,2,41.8801525,-87.7749006,ok,(UNK),1,2000521,2020,,2,18,50000 and OVER,9,4295,Oak Park,C,Urban Minor Arterial,8,16,30,10794370,1,Cook,0,20,,,4,N,No,Free Flow,202001041453,City,1,0,N,,,,(UNK),25686,(N/A),(UNK),No Defects,1,1,Minor Arterial,4,,X001833697,Not Toll,73,1,1,"Divided, No Median Barrier",2,2947914.82502467,1907928.73567817,41.88014468,-87.7749,,Urban,1,N,(N/A),Y,(N/A)
2020,2020-02-01,Saturday,10,10:35 AM,Property Damage,No Injuries,0,0,0,0,0,2,Sideswipe Same Direction,12,N,N,Failing to Yield Right of Way,Driving Skills/Knowledge/Experience,Daylight,Cloudy/Overcast,Wet,N,,,,,No Controls,No Controls,N,2,41.8899866,-87.802658,ok,(UNK),1,2000549,2020,,2,15,50000 and OVER,9,4295,Oak Park,C,Urban Local Road or Street,0,16,1,10794377,2,Cook,0,20,,,6,N,No,(UNK),202001041459,City,1,0.28,N,,,,(UNK),25688,(N/A),(UNK),No Defects,1,2,Local Road or Street,7,2056,X001833828,Not Toll,73,1,1,Not Divided,1,2940256.61975478,1911302.89828197,41.88997877,-87.8027,,Urban,8,N,(N/A),Y,(N/A)
2020,2020-02-01,Saturday,15,03:35 PM,Property Damage,No Injuries,0,0,0,0,0,3,Sideswipe Same Direction,12,N,N,Failing to Reduce Speed to Avoid Crash,Unable to Determine,Daylight,Clear,Dry,N,,,,,No Controls,No Controls,N,2,41.8886778,-87.7976882,ok,(UNK),1,2000554,2020,,28,18,50000 and OVER,9,4295,Oak Park,C,Urban Major Collector,0,16,1,10794378,2,Cook,0,20,,,6,N,No,Free Flow,202001041460,City,1,0.16,N,,,,(UNK),25689,(N/A),(UNK),No Defects,1,1,Major Collector,5,1405,X001833836,Not Toll,73,1,1,Not Divided,1,2941623.05735147,1910863.29903207,41.88867,-87.7977,,Urban,1,N,(N/A),Y,(N/A)
2020,2020-02-01,Saturday,16,04:55 PM,Property Damage,No Injuries,0,0,0,0,0,4,Turning,10,N,N,Failing to Yield Right of Way,(N/A),Dusk,Clear,Dry,N,,,,,Traffic Signal,Functioning Properly,N,2,41.8757114,-87.8045878,ok,(UNK),1,2000556,2020,,2,99,50000 and OVER,9,4295,Oak Park,C,Urban Other Principal Arte,0,16,1,10794379,2,Cook,0,20,,,6,N,No,Stopped,202001041461,City,3,19.95,Y,,,,(UNK),25746,(N/A),(UNK),No Defects,1,1,Other Principal Arterial,3,348,X001833845,Not Toll,73,3,4,"Divided, No Median Barrier",2,2939874.40330975,1906086.25763478,41.87570352,-87.8046,,Urban,1,N,(N/A),Y,(N/A)
2020,2020-02-02,Sunday,09,09:45 AM,Property Damage,No Injuries,0,0,0,0,0,2,Sideswipe Same Direction,12,N,N,Failing to Yield Right of Way,(N/A),Daylight,Clear,Dry,N,,,,,No Controls,No Controls,N,2,41.8798533,-87.7862505,ok,(UNK),1,2000563,2020,,2,99,50000 and OVER,9,4295,Oak Park,C,Urban Minor Arterial,0,16,2,10794380,2,Cook,0,20,,,7,N,No,Free Flow,202001041462,City,1,4.02,N,,,,(UNK),25747,(N/A),(UNK),No Defects,1,1,Minor Arterial,4,1419,X001833856,Not Toll,73,1,1,"Divided, No Median Barrier",2,2944826.83134181,1907733.70118348,41.87984544,-87.7862,,Urban,1,N,(N/A),Y,(N/A)
2020,2020-02-04,Tuesday,09,09:30 AM,Property Damage,No Injuries,0,0,0,0,0,2,Front to Rear,11,N,N,Failing to Reduce Speed to Avoid Crash,(N/A),Daylight,Clear,Dry,N,,,,,Traffic Signal,Functioning Properly,N,2,41.87245,-87.8044722,ok,(UNK),1,20-00402,2020,,28,99,50000 and OVER,9,4295,Oak Park,C,Urban Other Principal Arte,0,16,4,10795378,2,Cook,0,20,,,2,N,No,Stopped,202001042194,City,1,20.17,Y,,,,(UNK),26019,(N/A),(UNK),No Defects,1,1,Other Principal Arterial,3,348,X001836092,Not Toll,73,3,4,"Divided, No Median Barrier",2,2939938.61859184,1904898.63946872,41.87244219,-87.8045,,Urban,1,N,(N/A),Y,(N/A)
2020,2020-02-06,Thursday,08,08:06 AM,Property Damage,No Injuries,0,0,0,0,0,2,Front to Rear,11,N,N,Weather,Failing to Reduce Speed to Avoid Crash,Daylight,Snow,Snow or Slush,N,,,,,Stop Sign,Functioning Properly,N,2,41.8904037,-87.7864038,ok,(UNK),1,2000630,2020,,11,28,50000 and OVER,9,4295,Oak Park,C,Urban Local Road or Street,0,16,6,10798305,2,Cook,0,20,,,4,N,No,Slow,202001044539,City,1,0.92,N,,,,(UNK),26191,(N/A),(UNK),No Defects,1,3,Local Road or Street,7,2643,X001838370,Not Toll,73,2,4,Not Divided,1,2944678.36423862,1911577.32200687,41.89039588,-87.7864,,Urban,3,N,(N/A),Y,(N/A)
2020,2020-02-06,Thursday,08,08:46 AM,Property Damage,No Injuries,0,0,0,0,0,2,Front to Rear,11,N,N,Weather,Failing to Reduce Speed to Avoid Crash,Daylight,Snow,Snow or Slush,Y,,,,,Traffic Signal,Functioning Properly,N,2,41.8942278,-87.8052258,ok,(UNK),1,2000632,2020,,11,28,50000 and OVER,9,4295,Oak Park,C,Urban Other Principal Arte,6,16,6,10798439,2,Cook,0,20,,,4,N,No,Stopped,202001044563,City,1,27.03,Y,,,,(UNK),26575,(N/A),(UNK),No Defects,1,3,Other Principal Arterial,3,5043,X001838389,Not Toll,73,3,4,"Divided, No Median Barrier",2,2939514.862401,1912829.2173956,41.89422,-87.8052,,Urban,3,N,(N/A),Y,(N/A)
2020,2020-02-06,Thursday,13,01:00 PM,Property Damage,No Injuries,0,0,0,0,0,1,Parked Motor Vehicle,9,N,N,Failing to Reduce Speed to Avoid Crash,Weather,Daylight,Snow,Snow or Slush,N,,,,,No Controls,No Controls,Y,2,41.8726433,-87.783348,ok,(UNK),1,2000639,2020,,28,11,50000 and OVER,9,4295,Oak Park,C,Urban Local Road or Street,0,16,6,10798466,2,Cook,0,20,,,4,N,No,Free Flow,202001044598,City,1,0.04,N,,,,(UNK),26693,(N/A),(UNK),No Defects,1,3,Local Road or Street,7,4060,X001838411,Not Toll,73,1,1,"Divided, No Median Barrier",2,2945690.29268244,1905128.19221135,41.87263543,-87.7833,,Urban,3,N,(N/A),Y,(N/A)
2020,2020-02-05,Wednesday,17,05:41 PM,Property Damage,No Injuries,0,0,0,0,0,2,Front to Rear,11,N,N,Failing to Reduce Speed to Avoid Crash,Unable to Determine,Darkness / Lighted Road,Freezing Rain,Wet,N,,,,,No Controls,No Controls,N,2,41.9091614,-87.7836451,ok,(UNK),1,2000619,2020,,28,18,50000 and OVER,9,4295,Oak Park,C,Urban Other Principal Arte,0,16,5,10797600,2,Cook,0,20,,,3,N,No,Stopped,202001044090,City,5,7.06,Y,,,,(UNK),26726,(N/A),(UNK),No Defects,1,2,Other Principal Arterial,3,307,X001837314,Not Toll,73,1,1,"Divided, No Median Barrier",2,2945239.58027971,1918433.84059381,41.90915353,-87.7836,,Urban,10,N,(N/A),Y,(N/A)
2020,2020-02-05,Wednesday,18,06:39 PM,Injury,B Injury Crash,1,0,0,1,0,1,Pedestrian,1,Y,N,Failing to Yield Right of Way,Unable to Determine,Darkness / Lighted Road,Snow,Snow or Slush,Y,,,,,No Controls,No Controls,N,1,41.8832645,-87.8024261,ok,(UNK),1,2000622,2020,,2,18,50000 and OVER,9,4295,Oak Park,C,Urban Local Road or Street,8,16,5,10797602,2,Cook,2,20,,,3,N,No,Stopped,202001044092,City,5,0,N,,,,(UNK),26728,(N/A),(UNK),No Defects,1,3,Local Road or Street,7,,X001837332,Not Toll,73,1,1,Four Way,14,2940387.28904468,1908854.97903923,41.88325667,-87.8024,,Urban,3,N,(N/A),Y,(N/A)