crash_year,crash_date,day_of_week,crash_hour,time_of_crash,crash_severity,crash_injury_severity,total_injured,total_fatals,a_injuries,b_injuries,c_injuries,no_injuries,type_of_first_crash,collision_type_code,pedestrian_involved,pedalcyclist_involved,cause1,cause2,lighting_cond,weather_cond,road_surface_cond,intersection_related,is_intersection,highway_or_street_name,at_intersection_with,address_no,traffic_control_device,traffic_control_device_cond,hit_and_run,number_of_vehicles,latitude,longitude,location_status,access_control,agency_code,agency_report_number,agency_report_year,alignment_code,cause1_code,cause2_code,city_class,city_class_code,city_code,city_name,city_township_flag,class_of_trafficway,class_of_trafficway_code,county_code,crash_day,crash_id,crash_month,crash_report_county,crash_severity_cd,crash_yr_source,damaged_property1,damaged_property2,day_of_week_code,did_crash_occur_in_work_zone,did_involve_secondary_crash,flow_condition,icn,investigating_agency_descrip,light_condition_code,mile_station,nhs,non_intersection_direction,non_intersection_distance,non_intersection_units,number_of_lanes,objectid,railroad_crossing_number,road_alignment,road_defects,road_defects_code,road_surface_condition_code,roadway_functional_class,roadway_functional_class_code,route_number,sfe,toll,township,traffic_control_device_code,traffic_control_device_cond_code,trafficway_descrip,trafficway_description_code,ts_crash_coordinate_x,ts_crash_coordinate_y,ts_crash_latitude,ts_crash_longitude,type_report,urban_rural,weather_code,were_workers_present,work_zone,work_zone_related,work_zone_type
2020,2020-02-05,Wednesday,22,10:29 PM,Property Damage,No Injuries,0,0,0,0,0,2,Angle,15,N,N,Failing to Yield Right of Way,Weather,Darkness / Lighted Road,Snow,Snow or Slush,Y,,,,,Traffic Signal,Functioning Properly,N,2,41.8736416,-87.8045258,ok,Partial Access Control,1,2000628,2020,,2,11,50000 and OVER,9,4295,Oak Park,C,Urban InterState,6,16,5,10797603,2,Cook,0,20,,,3,N,No,(UNK),202001044093,City,5,25.61,Y,,,,(UNK),26729,(N/A),(UNK),No Defects,1,3,InterState,1,5043,X001837340,Not Toll,73,3,4,Four Way,14,2939912.062394,1905332.46992192,41.87363377,-87.8045,,Urban,3,N,(N/A),Y,(N/A)
2020,2020-02-07,Friday,12,12:36 PM,Property Damage,No Injuries,0,0,0,0,0,2,Turning,10,N,N,Unable to Determine,Unable to Determine,Daylight,Clear,Dry,Y,,,,,Traffic Signal,Functioning Properly,N,2,41.8736416,-87.8045258,ok,Partial Access Control,1,20-426,2020,,18,18,50000 and OVER,9,4295,Oak Park,C,Urban InterState,0,16,7,10798814,2,Cook,0,20,,,5,N,No,Free Flow,202001044846,City,1,25.61,Y,,,,(UNK),26742,(N/A),(UNK),No Defects,1,1,InterState,1,5043,X001838670,Not Toll,73,3,4,Divided With Median Barrier,3,2939912.062394,1905332.46992192,41.87363377,-87.8045,,Urban,1,N,(N/A),Y,(N/A)
2020,2020-02-06,Thursday,08,08:36 AM,Injury,C Injury Crash,1,0,0,0,1,1,Angle,15,N,N,Failing to Yield Right of Way,Failing to Reduce Speed to Avoid Crash,Daylight,Snow,Snow or Slush,Y,,,,,Stop Sign,Functioning Properly,N,2,41.8780751,-87.7843855,ok,(UNK),1,2000631,2020,,2,28,50000 and OVER,9,4295,Oak Park,C,Urban Major Collector,8,16,6,10797604,2,Cook,1,20,,,4,N,No,Slow,202001044094,City,1,0,N,,,,(UNK),26764,(N/A),(UNK),No Defects,1,3,Major Collector,5,,X001837354,Not Toll,73,2,4,"Divided, No Median Barrier",2,2945352.72257907,1907099.80268175,41.87806727,-87.7844,,Urban,3,N,(N/A),Y,(N/A)
2020,2020-02-05,Wednesday,23,11:49 PM,Property Damage,No Injuries,0,0,0,0,0,1,Fixed Object,6,N,N,Weather,Driving Skills/Knowledge/Experience,Darkness / Lighted Road,Snow,Snow or Slush,Y,,,,,Traffic Signal,Functioning Properly,N,1,41.8942278,-87.8052258,ok,(UNK),1,2000147,2020,,11,15,50000 and OVER,9,4295,Oak Park,C,Urban Other Principal Arte,0,16,5,10798502,2,Cook,0,20,,,3,N,No,(UNK),202001044633,City,5,27.03,Y,,,,(UNK),26929,(N/A),(UNK),No Defects,1,3,Other Principal Arterial,3,5043,X001838450,Not Toll,73,3,4,"Divided, No Median Barrier",2,2939514.862401,1912829.2173956,41.89422,-87.8052,,Urban,3,N,(N/A),Y,(N/A)
2020,2020-02-02,Sunday,09,09:29 AM,Injury,B Injury Crash,1,0,0,1,0,1,Sideswipe Opposite Direction,13,N,N,Improper Lane Usage,Failing to Reduce Speed to Avoid Crash,Daylight,Clear,Dry,N,,,,,No Controls,No Controls,N,2,41.8760543,-87.804598,ok,(UNK),1,2000562,2020,,20,28,50000 and OVER,9,4295,Oak Park,C,Urban Other Principal Arte,0,16,2,10798518,2,Cook,2,20,,,7,N,No,Slow,202001044647,City,1,19.93,Y,,,,(UNK),26999,(N/A),(UNK),No Defects,1,1,Other Principal Arterial,3,348,X001838443,Not Toll,73,1,1,"Divided, No Median Barrier",2,2939868.17817207,1906211.1486558,41.87604644,-87.8046,,Urban,1,N,(N/A),Y,(N/A)
2020,2020-02-06,Thursday,20,08:25 PM,Property Damage,No Injuries,0,0,0,0,0,1,Parked Motor Vehicle,9,N,N,Failing to Reduce Speed to Avoid Crash,Weather,Darkness / Lighted Road,Snow,Snow or Slush,Y,,,,,Traffic Signal,Functioning Properly,N,2,41.8818639,-87.7796137,ok,(UNK),1,2000649,2020,,28,11,50000 and OVER,9,4295,Oak Park,C,Urban Major Collector,8,16,6,10798519,2,Cook,0,20,,,4,N,No,Free Flow,202001044648,City,5,0,N,,,,(UNK),27000,(N/A),(UNK),No Defects,1,3,Major Collector,5,,X001838444,Not Toll,73,3,4,Not Divided,1,2946613.91156113,1908516.62315415,41.88185602,-87.7796,,Urban,3,N,(N/A),Y,(N/A)
2020,2020-02-06,Thursday,08,08:23 AM,Property Damage,No Injuries,0,0,0,0,0,3,Front to Rear,11,N,N,Following Too Closely,Failing to Reduce Speed to Avoid Crash,Daylight,Snow,Snow or Slush,N,,,,,Other Regualtory Sig,Functioning Properly,N,2,41.8723772,-87.7892543,ok,Partial Access Control,3,03-20-01696,2020,,3,28,50000 and OVER,9,4295,Oak Park,C,Urban InterState,5,16,6,10797709,2,Cook,0,20,,,4,N,No,(UNK),202001044193,ISP,1,22.32,Y,,,,(UNK),27385,(N/A),(UNK),No Defects,1,3,InterState,1,9290,X001838034,Not Toll,73,10,4,Divided With Median Barrier,3,2944084.2675699,1904986.59448128,41.87236936,-87.7892,,Urban,3,N,(N/A),Y,(N/A)
2020,2020-02-03,Monday,07,07:40 AM,Injury,B Injury Crash,1,0,0,1,0,1,Front to Rear,11,N,N,Following Too Closely,Passing Stopped School Bus,Daylight,Clear,Dry,N,,,,,Delineators,Functioning Properly,N,2,41.8732413,-87.7992465,ok,Partial Access Control,3,03-20-01556,2020,,3,29,50000 and OVER,9,4295,Oak Park,C,Urban InterState,0,16,3,10800889,2,Cook,2,20,,,1,N,No,(UNK),202001046837,ISP,1,0.03,Y,,,,(UNK),27806,(N/A),(UNK),No Defects,1,1,InterState,1,290,X001840701,Not Toll,73,14,4,Divided With Median Barrier,3,2941354.00082324,1905226.21259977,41.87323343,-87.7992,,Urban,1,N,(N/A),Y,(N/A)
2020,2020-02-08,Saturday,23,11:30 PM,Injury,B Injury Crash,1,0,0,1,0,1,Pedestrian,1,Y,N,Failing to Yield Right of Way,Unable to Determine,Darkness / Lighted Road,Clear,Dry,Y,,,,,Traffic Signal,Functioning Properly,N,1,41.8736416,-87.8045256,ok,Partial Access Control,1,20-00434,2020,,2,18,50000 and OVER,9,4295,Oak Park,C,Urban InterState,0,16,8,10800461,2,Cook,2,20,,,6,N,No,Slow,202001046399,City,5,25.61,Y,,,,(UNK),27868,(N/A),(UNK),No Defects,1,1,InterState,1,5043,X001840280,Not Toll,73,3,4,Four Way,14,2939912.10951728,1905332.46359719,41.87363375,-87.8045,,Urban,1,N,(N/A),Y,(N/A)
2020,2020-02-03,Monday,15,03:45 PM,Property Damage,No Injuries,0,0,0,0,0,2,Parked Motor Vehicle,9,N,N,Failing to Reduce Speed to Avoid Crash,Driving Skills/Knowledge/Experience,Daylight,Clear,Dry,N,,,,,Stop Sign,Functioning Properly,N,2,41.9035045,-87.7994304,ok,(UNK),1,2000584,2020,,28,15,50000 and OVER,9,4295,Oak Park,C,Urban Local Road or Street,0,16,3,10801061,2,Cook,0,20,,,1,N,No,Free Flow,202001046978,City,1,0.35,N,,,,(UNK),28589,(N/A),(UNK),No Defects,1,1,Local Road or Street,7,2693,X001838967,Not Toll,73,2,4,Not Divided,1,2940999.50225363,1916253.31377801,41.90349665,-87.7994,,Urban,1,N,(N/A),Y,(N/A)
2020,2020-02-06,Thursday,16,04:58 PM,Injury,B Injury Crash,1,0,0,1,0,1,Front to Rear,11,N,N,Failing to Reduce Speed to Avoid Crash,(N/A),Daylight,Blowing Snow,Wet,N,,,,,Traffic Signal,Functioning Properly,N,2,41.8796605,-87.8008896,ok,(UNK),1,2000643,2020,,28,99,50000 and OVER,9,4295,Oak Park,C,Urban Minor Arterial,0,16,6,10801062,2,Cook,2,20,,,4,N,No,Free Flow,202001046979,City,1,3.27,N,,,,(UNK),28590,(N/A),(UNK),No Defects,1,2,Minor Arterial,4,1419,X001838968,Not Toll,73,3,4,"Divided, No Median Barrier",2,2940841.94709091,1907553.1334931,41.87965261,-87.8009,,Urban,11,N,(N/A),Y,(N/A)
2020,2020-02-06,Thursday,15,03:52 PM,Property Damage,No Injuries,0,0,0,0,0,2,Angle,15,N,N,Failing to Yield Right of Way,Failing to Reduce Speed to Avoid Crash,Daylight,Snow,Wet,Y,,,,,Stop Sign,Functioning Properly,N,2,41.8962944,-87.7913441,ok,(UNK),1,2000642,2020,,2,28,50000 and OVER,9,4295,Oak Park,C,Urban Local Road or Street,8,16,6,10801413,2,Cook,0,20,,,4,N,No,Free Flow,202001047277,City,1,0,N,,,,(UNK),28638,(N/A),(UNK),No Defects,1,2,Local Road or Street,7,,X001841041,Not Toll,73,2,4,Not Divided,1,2943273.69997993,1913686.71192503,41.89628659,-87.7913,,Urban,3,N,(N/A),Y,(N/A)
2020,2020-02-07,Friday,12,12:58 PM,Injury,C Injury Crash,3,0,0,0,3,4,Angle,15,N,N,Failing to Yield Right of Way,Failing to Reduce Speed to Avoid Crash,Daylight,Clear,Dry,Y,,,,,Stop Sign,Functioning Properly,N,2,41.8816678,-87.7877678,ok,(UNK),1,2000661,2020,,2,28,50000 and OVER,9,4295,Oak Park,C,Urban Major Collector,8,16,7,10801421,2,Cook,1,20,,,5,N,No,Free Flow,202001047278,City,1,0,N,,,,(UNK),28650,(N/A),(UNK),No Defects,1,1,Major Collector,5,,X001841078,Not Toll,73,2,4,Four Way,14,2944395.27299401,1908383.4725639,41.88165993,-87.7878,,Urban,1,N,(N/A),Y,(N/A)
2020,2020-02-07,Friday,22,10:07 PM,Injury,B Injury Crash,1,0,0,1,0,4,Front to Rear,11,N,N,Failing to Reduce Speed to Avoid Crash,Unable to Determine,Darkness,Clear,Dry,N,,,,,Traffic Signal,Functioning Properly,N,3,41.8815021,-87.7894011,ok,(UNK),1,2000672,2020,,28,18,50000 and OVER,9,4295,Oak Park,C,Urban Minor Collector,0,16,7,10802123,2,Cook,2,20,,,5,N,No,Stopped,202001047380,City,4,0.51,N,,,,(UNK),29208,(N/A),(UNK),No Defects,1,1,Minor Collector,6,2779,X001841159,Not Toll,73,3,4,"Divided, No Median Barrier",2,2943952.14639933,1908310.76762298,41.88149426,-87.7894,,Urban,1,N,(N/A),Y,(N/A)
2020,2020-02-08,Saturday,08,08:35 AM,Property Damage,No Injuries,0,0,0,0,0,1,Parked Motor Vehicle,9,N,N,Failing to Reduce Speed to Avoid Crash,Unable to Determine,Daylight,Clear,Dry,N,,,,,No Controls,No Controls,N,2,41.8745225,-87.7952579,ok,(UNK),1,2000677,2020,,28,18,50000 and OVER,9,4295,Oak Park,C,Urban Local Road or Street,0,16,8,10802153,2,Cook,0,20,,,6,N,No,Free Flow,202001047409,City,1,0.34,N,,,,(UNK),29341,(N/A),(UNK),No Defects,1,1,Local Road or Street,7,2683,X001841178,Not Toll,73,1,1,Not Divided,1,2942427.45099757,1905723.13799162,41.8745147,-87.7953,,Urban,1,N,(N/A),Y,(N/A)
2020,2020-02-08,Saturday,15,03:19 PM,Property Damage,No Injuries,0,0,0,0,0,4,Turning,10,N,N,Disregarding Stop Sign,Unable to Determine,Daylight,Clear,Dry,Y,,,,,Stop Sign,Functioning Properly,Y,2,41.8902449,-87.7927406,ok,(UNK),1,2000685,2020,,23,18,50000 and OVER,9,4295,Oak Park,C,Urban Local Road or Street,8,16,8,10802188,2,Cook,0,20,,,6,N,No,Slow,202001047431,City,1,0,N,,,,(UNK),29465,(N/A),(UNK),No Defects,1,1,Local Road or Street,7,,X001841217,Not Toll,73,2,4,Not Divided,1,2942954.48536931,1911471.63189795,41.8902371,-87.7927,,Urban,1,N,(N/A),Y,(N/A)
2020,2020-01-11,Saturday,15,03:04 PM,Injury,B Injury Crash,2,0,0,2,0,0,Parked Motor Vehicle,9,N,N,Failing to Reduce Speed to Avoid Crash,Improper Lane Usage,Daylight,Snow,Wet,N,,,,,Traffic Signal,Functioning Properly,N,5,41.9090401,-87.7945819,ok,(UNK),1,2000178,2020,,28,20,50000 and OVER,9,4295,Oak Park,C,Urban Other Principal Arte,0,16,11,10802946,1,Cook,2,20,,,6,N,No,Slow,202001048186,City,1,6.51,Y,,,,(UNK),29749,(N/A),(UNK),No Defects,1,2,Other Principal Arterial,3,307,X001841785,Not Toll,73,3,4,Not Divided,1,2942263.64309844,1918307.07694725,41.90903225,-87.7946,,Urban,3,N,(N/A),Y,(N/A)
2020,2020-02-10,Monday,15,03:26 PM,Injury,B Injury Crash,3,0,0,3,0,1,Angle,15,N,N,Failing to Yield Right of Way,Failing to Reduce Speed to Avoid Crash,Daylight,Clear,Dry,Y,,,,,Stop Sign,Functioning Properly,N,2,41.8962223,-87.7946957,ok,(UNK),1,2000726,2020,,2,28,50000 and OVER,9,4295,Oak Park,C,Urban Major Collector,8,16,10,10802947,2,Cook,2,20,,,1,N,No,Slow,202001048187,City,1,0,N,,,,(UNK),29750,(N/A),(UNK),No Defects,1,1,Major Collector,5,,X001841786,Not Toll,73,2,4,Not Divided,1,2942361.87021543,1913635.16758076,41.89621447,-87.7947,,Urban,1,N,(N/A),Y,(N/A)
2020,2020-02-08,Saturday,15,03:31 PM,Property Damage,No Injuries,0,0,0,0,0,1,Parked Motor Vehicle,9,N,N,Failing to Reduce Speed to Avoid Crash,Unable to Determine,Daylight,Cloudy/Overcast,Unknown,N,,,,,No Controls,No Controls,Y,2,41.8942795,-87.8018521,ok,(UNK),1,2000686,2020,,28,18,50000 and OVER,9,4295,Oak Park,C,Urban Minor Arterial,0,16,8,10802246,2,Cook,0,20,,,6,N,No,Slow,202001047520,City,1,2.72,N,,,,(UNK),29760,(N/A),(UNK),No Defects,1,9,Minor Arterial,4,1398,X001841225,Not Toll,73,1,1,Not Divided,1,2940432.92244229,1912873.35265854,41.89427165,-87.8018,,Urban,8,N,(N/A),Y,(N/A)
2020,2020-02-08,Saturday,16,04:40 PM,Property Damage,No Injuries,0,0,0,0,0,2,Turning,10,N,N,Following Too Closely,Failing to Reduce Speed to Avoid Crash,Daylight,Clear,Dry,Y,,,,,No Controls,No Controls,Y,2,41.8704897,-87.8043989,ok,(UNK),1,2000690,2020,,3,28,50000 and OVER,9,4295,Oak Park,C,Urban Other Principal Arte,0,16,8,10802248,2,Cook,0,20,,,6,N,No,Free Flow,202001047521,City,1,25.39,Y,,,,(UNK),29761,(N/A),(UNK),No Defects,1,1,Other Principal Arterial,3,5043,X001841259,Not Toll,73,1,1,Not Divided,1,2939978.2463794,1904184.81215775,41.87048187,-87.8044,,Urban,1,N,(N/A),Y,(N/A)
2020,2020-02-09,Sunday,09,09:44 AM,Injury,B Injury Crash,3,0,0,2,1,0,Turning,10,N,N,Disregarding Traffic Signals,Failing to Yield Right of Way,Daylight,Cloudy/Overcast,Dry,Y,,,,,Traffic Signal,Functioning Properly,N,2,41.8980584,-87.7947958,ok,(UNK),1,2000702,2020,,25,2,50000 and OVER,9,4295,Oak Park,C,Urban Major Collector,8,16,9,10802954,2,Cook,2,20,VILLAGE PARKWAY TREE,,7,N,Yes,Free Flow,202001048194,City,1,0,N,,,,(UNK),29815,(N/A),(UNK),No Defects,1,1,Major Collector,5,,X001841367,Not Toll,73,3,4,Two-way Continuous Left-Tur,4,2942316.11838023,1914303.51258881,41.89805053,-87.7948,,Urban,8,N,(N/A),Y,(N/A)
2020,2020-02-09,Sunday,18,06:09 PM,Property Damage,No Injuries,0,0,0,0,0,4,Front to Rear,11,N,N,Failing to Reduce Speed to Avoid Crash,Unable to Determine,Darkness / Lighted Road,Clear,Wet,Y,,,,,No Controls,No Controls,N,2,41.87231,-87.8044663,ok,(UNK),1,2000710,2020,,28,18,50000 and OVER,9,4295,Oak Park,C,Urban Other Principal Arte,0,16,9,10802955,2,Cook,0,20,,,7,N,No,Slow,202001048195,City,5,25.52,Y,,,,(UNK),29816,(N/A),(UNK),No Defects,1,2,Other Principal Arterial,3,5043,X001841392,Not Toll,73,1,1,Four Way,14,2939941.64308138,1904847.65868679,41.87230217,-87.8045,,Urban,1,N,(N/A),Y,(N/A)
2020,2020-02-08,Saturday,19,07:25 PM,Property Damage,No Injuries,0,0,0,0,0,4,Turning,10,N,N,Failing to Yield Right of Way,(N/A),Darkness / Lighted Road,Clear,Dry,N,,,,,No Controls,No Controls,N,2,41.8650304,-87.8040361,ok,(UNK),1,2000693,2020,,2,99,50000 and OVER,9,4295,Oak Park,C,Urban Other Principal Arte,0,16,8,10802976,2,Cook,0,20,,,6,N,No,Free Flow,202001048209,City,5,6,Y,,,,(UNK),29871,(N/A),(UNK),No Defects,1,1,Other Principal Arterial,3,347,X001841332,Not Toll,73,1,1,"Divided, No Median Barrier",2,2940131.8471619,1902198.0723742,41.86502258,-87.804,,Urban,1,N,(N/A),Y,(N/A)
2020,2020-02-12,Wednesday,08,08:20 AM,Property Damage,No Injuries,0,0,0,0,0,2,Front to Rear,11,N,N,Unable to Determine,Unable to Determine,Daylight,Clear,Dry,N,,,,,No Controls,No Controls,Y,2,41.9090493,-87.7934248,ok,(UNK),1,JD148801,2020,,18,18,50000 and OVER,9,4295,Oak Park,C,Urban Other Principal Arte,0,16,12,10804542,2,Cook,0,20,,,3,N,No,(UNK),202001049679,City,1,6.56,Y,,,,(UNK),30387,(N/A),(UNK),No Defects,1,1,Other Principal Arterial,3,307,X001843435,Not Toll,73,1,1,Not Divided,1,2942578.51543034,1918319.13221077,41.90904141,-87.7934,,Urban,1,N,(N/A),Y,(N/A)
2020,2020-02-11,Tuesday,16,04:45 PM,Property Damage,No Injuries,0,0,0,0,0,3,Front to Rear,11,N,N,Failing to Reduce Speed to Avoid Crash,Following Too Closely,Daylight,Clear,Dry,N,,,,,No Controls,No Controls,N,2,41.8905985,-87.805116,ok,(UNK),1,2000746,2020,,28,3,50000 and OVER,9,4295,Oak Park,C,Urban Other Principal Arte,6,16,11,10806139,2,Cook,0,20,,,2,N,No,Stopped,202001050936,City,1,26.78,Y,,,,(UNK),31622,(N/A),(UNK),No Defects,1,1,Other Principal Arterial,3,5043,X001844384,Not Toll,73,1,1,"Divided, No Median Barrier",2,2939581.17950254,1911507.42561173,41.89059062,-87.8051,,Urban,1,N,(N/A),Y,(N/A)
2020,2020-02-10,Monday,17,05:17 PM,Property Damage,No Injuries,0,0,0,0,0,2,Turning,10,N,N,Failing to Reduce Speed to Avoid Crash,Failing to Yield Right of Way,Darkness / Lighted Road,Clear,Dry,N,,,,,No Controls,No Controls,N,2,41.8798022,-87.7844343,ok,(UNK),1,2000730,2020,,28,2,50000 and OVER,9,4295,Oak Park,C,Urban Major Collector,0,16,10,10805415,2,Cook,0,20,,,1,N,No,Slow,202001050602,City,5,1.52,N,,,,(UNK),31625,(N/A),(UNK),No Defects,1,1,Major Collector,5,2783,X001844189,Not Toll,73,1,1,"Divided, No Median Barrier",2,2945321.96464144,1907728.82282861,41.87979437,-87.7844,,Urban,1,N,(N/A),Y,(N/A)
2020,2020-02-05,Wednesday,17,05:57 PM,Property Damage,No Injuries,0,0,0,0,0,3,Front to Rear,11,N,N,Following Too Closely,Failing to Reduce Speed to Avoid Crash,Darkness / Lighted Road,Snow,Snow or Slush,N,,,,,Other Regualtory Sig,Functioning Properly,N,2,41.8736766,-87.803409,ok,Partial Access Control,3,03-20-01656,2020,,3,28,50000 and OVER,9,4295,Oak Park,C,Urban InterState,0,16,5,10803783,2,Cook,0,20,,,3,N,No,(UNK),202001048965,ISP,5,21.63,Y,,,,(UNK),31955,(N/A),(UNK),No Defects,1,3,InterState,1,9290,X001842694,Not Toll,73,10,4,Divided With Median Barrier,3,2940215.88928449,1905353.58157775,41.87366872,-87.8034,,Urban,3,N,(N/A),Y,(N/A)
2020,2020-02-13,Thursday,09,09:50 AM,Property Damage,No Injuries,0,0,0,0,0,2,Front to Rear,11,N,N,Failing to Reduce Speed to Avoid Crash,Unable to Determine,Daylight,Snow,Snow or Slush,N,,,,,Traffic Signal,Functioning Properly,Y,2,41.9089229,-87.8056111,ok,(UNK),1,JD150147,2020,,28,18,50000 and OVER,9,4295,Oak Park,C,Urban Other Principal Arte,0,16,13,10806223,2,Cook,0,20,,,4,N,No,(UNK),202001051018,City,1,129.18,Y,,,,(UNK),32158,(N/A),(UNK),No Defects,1,3,Other Principal Arterial,3,5064,X001844547,Not Toll,,3,4,Not Divided,1,2939262.5,1918181.5,41.90891509,-87.8056,,Urban,3,N,(N/A),Y,(N/A)
2020,2020-02-13,Thursday,10,10:07 AM,Injury,C Injury Crash,1,0,0,0,1,2,Angle,15,N,N,Failing to Reduce Speed to Avoid Crash,Disregarding Stop Sign,Daylight,Snow,Snow or Slush,Y,,,,,Stop Sign,Functioning Properly,N,2,41.8946982,-87.7767462,ok,(UNK),1,2000774,2020,,28,23,50000 and OVER,9,4295,Oak Park,C,Urban Minor Arterial,8,16,13,10807031,2,Cook,1,20,,,4,N,No,Free Flow,202001051788,City,1,0,N,,,,(UNK),32793,(N/A),(UNK),No Defects,1,3,Minor Arterial,4,,X001845225,Not Toll,73,2,4,"Divided, No Median Barrier",2,2947264.49253034,1913215.43479318,41.89469032,-87.7767,,Urban,3,N,(N/A),Y,(N/A)
2020,2020-02-11,Tuesday,18,06:07 PM,Property Damage,No Injuries,0,0,0,0,0,2,Fixed Object,6,N,N,Failing to Reduce Speed to Avoid Crash,Unable to Determine,Darkness / Lighted Road,Clear,Dry,N,,,,,Other,Functioning Properly,N,2,41.872653,-87.7941791,ok,Partial Access Control,3,03-20-01985,2020,,28,18,50000 and OVER,9,4295,Oak Park,C,Urban InterState,0,16,11,10806391,2,Cook,0,20,,,2,N,No,(UNK),202001051175,ISP,5,22.06,Y,,,,(UNK),33508,(N/A),(UNK),No Defects,1,1,InterState,1,9290,X001844700,Not Toll,73,13,4,Divided With Median Barrier,3,2942740.12087186,1905049.94848085,41.87264511,-87.7942,,Urban,1,N,(N/A),Y,(N/A)
2020,2020-02-14,Friday,14,02:50 PM,Property Damage,No Injuries,0,0,0,0,0,3,Front to Rear,11,N,N,Following Too Closely,(N/A),Daylight,Clear,Dry,N,,,,,No Controls,No Controls,N,3,41.8775419,-87.8046468,ok,(UNK),1,20-00493,2020,,3,99,50000 and OVER,9,4295,Oak Park,C,Urban Other Principal Arte,0,16,14,10808123,2,Cook,0,20,,,5,N,Yes,Slow,202001052634,City,1,19.82,Y,,,,(UNK),33541,(N/A),(UNK),No Defects,1,1,Other Principal Arterial,3,348,X001846139,Not Toll,73,1,1,Not Divided,1,2939839.97668932,1906752.91360503,41.87753411,-87.8046,,Urban,1,N,(N/A),Y,(N/A)
2020,2020-02-11,Tuesday,21,09:32 PM,Property Damage,No Injuries,0,0,0,0,0,3,Angle,15,N,N,Failing to Yield Right of Way,Failing to Reduce Speed to Avoid Crash,Darkness / Lighted Road,Clear,Dry,N,,,,,Delineators,Functioning Properly,N,5,41.8939523,-87.8052195,ok,(UNK),1,2000175,2020,,2,28,50000 and OVER,9,4295,Oak Park,C,Urban Other Principal Arte,0,16,11,10805197,2,Cook,0,20,,,2,N,Yes,Free Flow,202001050394,City,5,18.69,Y,,,,(UNK),33635,(N/A),(UNK),No Defects,1,1,Other Principal Arterial,3,348,X001844020,Not Toll,73,14,4,Not Divided,1,2939519.33318294,1912728.83795404,41.89394442,-87.8052,,Urban,1,N,(N/A),Y,(N/A)
2020,2020-02-13,Thursday,18,06:54 PM,Property Damage,No Injuries,0,0,0,0,0,2,Pedestrian,1,Y,N,Unable to Determine,Unable to Determine,Daylight,Cloudy/Overcast,Snow or Slush,N,,,,,No Controls,No Controls,N,1,41.8798238,-87.7876609,ok,(UNK),1,2000786,2020,,18,18,50000 and OVER,9,4295,Oak Park,C,Urban Minor Arterial,8,16,13,10808162,2,Cook,0,20,,,4,N,No,Free Flow,202001052652,City,1,0,N,,,,(UNK),33694,(N/A),(UNK),No Defects,1,3,Minor Arterial,4,,X001846097,Not Toll,73,1,1,Divided With Median Barrier,3,2944443.0107175,1907712.30167565,41.87981596,-87.7877,,Urban,8,N,(N/A),Y,(N/A)
2020,2020-02-14,Friday,09,09:34 AM,Injury,B Injury Crash,1,0,0,1,0,1,Angle,15,N,N,Disregarding Stop Sign,(N/A),Daylight,Clear,Wet,Y,,,,,Stop Sign,Functioning Properly,N,2,41.8744483,-87.7842755,ok,(UNK),1,2000792,2020,,23,99,50000 and OVER,9,4295,Oak Park,C,Urban Major Collector,8,16,14,10808163,2,Cook,2,20,,,5,N,No,Free Flow,202001052665,City,1,0,N,,,,(UNK),33695,(N/A),(UNK),No Defects,1,2,Major Collector,5,,X001846127,Not Toll,73,2,4,"Divided, No Median Barrier",2,2945419.39029972,1905778.95857705,41.87444046,-87.7843,,Urban,1,N,(N/A),Y,(N/A)
2020,2020-02-12,Wednesday,18,06:40 PM,Property Damage,No Injuries,0,0,0,0,0,3,Sideswipe Same Direction,12,N,N,Failing to Yield Right of Way,(N/A),Darkness / Lighted Road,Snow,Wet,N,,,,,Traffic Signal,Functioning Properly,N,2,41.9090358,-87.7949544,ok,(UNK),1,JD149620,2020,,2,99,50000 and OVER,9,4295,Oak Park,C,Urban Other Principal Arte,0,16,12,10806541,2,Cook,0,20,,,3,N,No,(UNK),202001051321,City,5,129.74,Y,,,,(UNK),34463,(N/A),(UNK),No Defects,1,2,Other Principal Arterial,3,5064,X001844844,Not Toll,73,3,4,Not Divided,1,2942162.27020314,1918302.70506479,41.90902796,-87.7949,,Urban,3,N,(N/A),Y,(N/A)
2020,2020-02-14,Friday,09,09:05 AM,Injury,B Injury Crash,1,0,0,1,0,1,Front to Rear,11,N,N,Following Too Closely,Failing to Reduce Speed to Avoid Crash,Daylight,Clear,Snow or Slush,N,,,,,Traffic Signal,Functioning Properly,N,2,41.8714054,-87.778463,ok,Partial Access Control,3,03-20-02124,2020,,3,28,50000 and OVER,9,4295,Oak Park,C,Urban InterState,0,16,14,10811578,2,Cook,2,20,,,5,N,No,(UNK),202001055256,ISP,1,0.13,Y,,,,(UNK),34527,(N/A),(UNK),No Defects,1,3,InterState,1,290,X001848713,Not Toll,73,3,4,Ramp,11,2947033.39074348,1904714.09695854,41.87139758,-87.7785,,Urban,1,N,(N/A),Y,(N/A)
2020,2020-02-15,Saturday,17,05:40 PM,Property Damage,No Injuries,0,0,0,0,0,3,Front to Rear,11,N,N,Following Too Closely,Failing to Reduce Speed to Avoid Crash,Darkness / Lighted Road,Clear,Wet,N,,,,,Delineators,Functioning Properly,N,3,41.8736608,-87.8032079,ok,Partial Access Control,3,03-20-02232,2020,,3,28,50000 and OVER,9,4295,Oak Park,C,Urban InterState,0,16,15,10812083,2,Cook,0,20,,,6,N,No,(UNK),202001055774,ISP,5,21.64,Y,,,,(UNK),35028,(N/A),(UNK),No Defects,1,2,InterState,1,9290,X001849183,Not Toll,73,14,4,Divided With Median Barrier,3,2940270.81164985,1905349.34041298,41.87365294,-87.8032,,Urban,1,N,(N/A),Y,(N/A)