crash_year,crash_date,day_of_week,crash_hour,time_of_crash,crash_severity,crash_injury_severity,total_injured,total_fatals,a_injuries,b_injuries,c_injuries,no_injuries,type_of_first_crash,collision_type_code,pedestrian_involved,pedalcyclist_involved,cause1,cause2,lighting_cond,weather_cond,road_surface_cond,intersection_related,is_intersection,highway_or_street_name,at_intersection_with,address_no,traffic_control_device,traffic_control_device_cond,hit_and_run,number_of_vehicles,latitude,longitude,location_status,access_control,agency_code,agency_report_number,agency_report_year,alignment_code,cause1_code,cause2_code,city_class,city_class_code,city_code,city_name,city_township_flag,class_of_trafficway,class_of_trafficway_code,county_code,crash_day,crash_id,crash_month,crash_report_county,crash_severity_cd,crash_yr_source,damaged_property1,damaged_property2,day_of_week_code,did_crash_occur_in_work_zone,did_involve_secondary_crash,flow_condition,icn,investigating_agency_descrip,light_condition_code,mile_station,nhs,non_intersection_direction,non_intersection_distance,non_intersection_units,number_of_lanes,objectid,railroad_crossing_number,road_alignment,road_defects,road_defects_code,road_surface_condition_code,roadway_functional_class,roadway_functional_class_code,route_number,sfe,toll,township,traffic_control_device_code,traffic_control_device_cond_code,trafficway_descrip,trafficway_description_code,ts_crash_coordinate_x,ts_crash_coordinate_y,ts_crash_latitude,ts_crash_longitude,type_report,urban_rural,weather_code,were_workers_present,work_zone,work_zone_related,work_zone_type
2020,2020-02-07,Friday,22,10:00 PM,Property Damage,No Injuries,0,0,0,0,0,2,Front to Rear,11,N,N,Following Too Closely,Failing to Reduce Speed to Avoid Crash,Darkness / Lighted Road,Clear,Dry,N,,,,,Other Regualtory Sig,Functioning Properly,N,2,41.8735045,-87.8044842,ok,Partial Access Control,3,03-20-01798,2020,,3,28,50000 and OVER,9,4295,Oak Park,C,Urban InterState,0,16,7,10811265,2,Cook,0,20,,,5,N,No,(UNK),202001054958,ISP,5,21.58,Y,,,,(UNK),35274,(N/A),(UNK),No Defects,1,1,InterState,1,9290,X001848404,Not Toll,73,10,4,Ramp,11,2939924.7709834,1905282.80767477,41.87349664,-87.8045,,Urban,1,N,(N/A),Y,(N/A)
2020,2020-02-14,Friday,16,04:30 PM,Property Damage,No Injuries,0,0,0,0,0,2,Front to Rear,11,N,N,Following Too Closely,Failing to Reduce Speed to Avoid Crash,Daylight,Clear,Dry,N,,,,,Other Regualtory Sig,Functioning Properly,N,2,41.8735044,-87.8044829,ok,Partial Access Control,3,03-20-02161,2020,,3,28,50000 and OVER,9,4295,Oak Park,C,Urban InterState,0,16,14,10811282,2,Cook,0,20,,,5,N,No,(UNK),202001054973,ISP,1,21.58,Y,,,,(UNK),35346,(N/A),(UNK),No Defects,1,1,InterState,1,9290,X001848419,Not Toll,73,10,4,Divided With Median Barrier,3,2939925.11542155,1905282.77239185,41.87349652,-87.8045,,Urban,1,N,(N/A),Y,(N/A)
2020,2020-02-18,Tuesday,14,02:37 PM,Injury,B Injury Crash,1,0,0,1,0,1,Angle,15,N,N,Failing to Yield Right of Way,Vision Obscured,Daylight,Clear,Dry,Y,,,,,Stop Sign,Functioning Properly,N,2,41.8704892,-87.8043962,ok,(UNK),1,20-00533,2020,,2,14,50000 and OVER,9,4295,Oak Park,C,Urban Other Principal Arte,0,16,18,10813097,2,Cook,2,20,,,2,N,No,Free Flow,202001056730,City,1,25.39,Y,,,,(UNK),35553,(N/A),(UNK),No Defects,1,1,Other Principal Arterial,3,5043,X001850128,Not Toll,73,2,4,"Divided, No Median Barrier",2,2939978.98876934,1904184.64675826,41.87048136,-87.8044,,Urban,1,N,(N/A),Y,(N/A)
2020,2020-02-16,Sunday,06,06:00 AM,Injury,B Injury Crash,1,0,0,1,0,1,Parked Motor Vehicle,9,N,N,Unable to Determine,Unable to Determine,Dawn,Clear,Wet,N,,,,,Traffic Signal,Functioning Properly,Y,2,41.9091714,-87.7824955,ok,(UNK),1,JD153585,2020,,18,18,50000 and OVER,9,4295,Oak Park,C,Urban Other Principal Arte,0,16,16,10810473,2,Cook,2,20,,,7,N,No,Free Flow,202001054185,City,2,7.12,Y,,,,(UNK),36018,(N/A),(UNK),No Defects,1,2,Other Principal Arterial,3,307,X001847646,Not Toll,73,3,4,"Divided, No Median Barrier",2,2945552.41594839,1918446.17577777,41.9091635,-87.7825,,Urban,1,N,(N/A),Y,(N/A)
2020,2020-02-12,Wednesday,18,06:20 PM,Property Damage,No Injuries,0,0,0,0,0,4,Front to Rear,11,N,N,Failing to Reduce Speed to Avoid Crash,Following Too Closely,Darkness / Lighted Road,Snow,Snow or Slush,N,,,,,No Controls,Functioning Properly,Y,2,41.8737626,-87.8042664,ok,Partial Access Control,3,03-20-02128,2020,,28,3,50000 and OVER,9,4295,Oak Park,C,Urban InterState,0,16,12,10813415,2,Cook,0,20,,,3,N,No,(UNK),202001057029,ISP,5,21.59,Y,,,,(UNK),36309,(N/A),(UNK),No Defects,1,3,InterState,1,9290,X001850449,Not Toll,73,1,4,Divided With Median Barrier,3,2939981.5,1905378.5,41.87375475,-87.8043,,Urban,3,N,(N/A),Y,(N/A)
2020,2020-02-14,Friday,10,10:20 AM,Injury,C Injury Crash,1,0,0,0,1,0,Fixed Object,6,N,N,Improper Backing,Physical Condition of Driver,Daylight,Clear,Dry,N,,,,,No Controls,No Controls,N,1,41.8901407,-87.8001743,ok,(UNK),1,2000793,2020,,30,17,50000 and OVER,9,4295,Oak Park,C,Urban Local Road or Street,8,16,14,10813529,2,Cook,1,20,BUILDING,BUILDING,5,N,No,Free Flow,202001057141,City,1,0,N,,,,(UNK),36466,(N/A),(UNK),No Defects,1,1,Local Road or Street,7,,X001850035,Not Toll,73,1,1,Not Divided,1,2940931.38863105,1911377.70552742,41.89013287,-87.8002,,Urban,1,N,(N/A),Y,(N/A)
2020,2020-02-14,Friday,15,03:56 PM,Property Damage,No Injuries,0,0,0,0,0,2,Front to Rear,11,N,N,Following Too Closely,Failing to Reduce Speed to Avoid Crash,Daylight,Clear,Dry,N,,,,,Stop Sign,Functioning Properly,N,2,41.8754208,-87.7995346,ok,(UNK),1,2000805,2020,,3,28,50000 and OVER,9,4295,Oak Park,C,Urban Local Road or Street,0,16,14,10813537,2,Cook,0,20,,,5,N,No,Slow,202001057148,City,1,0.19,N,,,,(UNK),36469,(N/A),(UNK),No Defects,1,1,Local Road or Street,7,4030,X001850133,Not Toll,73,2,4,Not Divided,1,2941253.60760421,1906018.30839109,41.87541296,-87.7995,,Urban,1,N,(N/A),Y,(N/A)
2020,2020-02-14,Friday,16,04:13 PM,Property Damage,No Injuries,0,0,0,0,0,4,Turning,10,N,N,Failing to Yield Right of Way,Improper Lane Usage,Daylight,Clear,Dry,Y,,,,,No Controls,No Controls,Y,2,41.9089688,-87.7965366,ok,(UNK),1,2000806,2020,,2,20,50000 and OVER,9,4295,Oak Park,C,Urban Other Principal Arte,0,16,14,10813548,2,Cook,0,20,,,5,N,No,Free Flow,202001057157,City,1,129.65,Y,,,,(UNK),36471,(N/A),(UNK),No Defects,1,1,Other Principal Arterial,3,5064,X001850145,Not Toll,73,1,1,Divided With Median Barrier,3,2941732.25577325,1918266.36629567,41.90896092,-87.7965,,Urban,1,N,(N/A),Y,(N/A)
2020,2020-02-14,Friday,16,04:12 PM,Property Damage,No Injuries,0,0,0,0,0,3,Front to Rear,11,N,N,Following Too Closely,Failing to Reduce Speed to Avoid Crash,Daylight,Clear,Dry,N,,,,,No Controls,No Controls,N,2,41.8651922,-87.8042208,ok,(UNK),1,2000807,2020,,3,28,50000 and OVER,9,4295,Oak Park,C,Urban Other Principal Arte,0,16,14,10813549,2,Cook,0,20,,,5,N,No,Free Flow,202001057158,City,1,20.68,Y,,,,(UNK),36472,(N/A),(UNK),No Defects,1,1,Other Principal Arterial,3,348,X001850146,Not Toll,73,1,1,"Divided, No Median Barrier",2,2940079.92472713,1902255.64818932,41.86518437,-87.8042,,Urban,1,N,(N/A),Y,(N/A)
2020,2020-02-14,Friday,19,07:50 PM,Injury,C Injury Crash,1,0,0,0,1,3,Turning,10,N,N,Failing to Yield Right of Way,Unable to Determine,Darkness / Lighted Road,Clear,Dry,Y,,,,,Stop Sign,Functioning Properly,N,2,41.8704893,-87.8043967,ok,(UNK),1,2000813,2020,,2,18,50000 and OVER,9,4295,Oak Park,C,Urban Other Principal Arte,6,16,14,10813551,2,Cook,1,20,,,5,N,No,Free Flow,202001057160,City,5,25.39,Y,,,,(UNK),36536,(N/A),(UNK),No Defects,1,1,Other Principal Arterial,3,5043,X001850171,Not Toll,73,2,4,Not Divided,1,2939978.84799208,1904184.67812249,41.87048146,-87.8044,,Urban,1,N,(N/A),Y,(N/A)
2020,2020-02-15,Saturday,12,12:42 PM,Property Damage,No Injuries,0,0,0,0,0,5,Front to Rear,11,N,N,Failing to Reduce Speed to Avoid Crash,(N/A),Daylight,Cloudy/Overcast,Dry,N,,,,,No Controls,No Controls,N,3,41.8654751,-87.7839788,ok,(UNK),1,2000820,2020,,28,99,50000 and OVER,9,4295,Oak Park,C,Urban Major Collector,0,16,15,10813554,2,Cook,0,20,,,6,N,No,Slow,202001057162,City,1,2.53,N,,,,(UNK),36537,(N/A),(UNK),No Defects,1,1,Major Collector,5,2783,X001850195,Not Toll,73,1,1,"Divided, No Median Barrier",2,2945591.01266597,1902511.21223597,41.86546727,-87.784,,Urban,8,N,(N/A),Y,(N/A)
2020,2020-02-16,Sunday,11,11:49 AM,Property Damage,No Injuries,0,0,0,0,0,2,Sideswipe Opposite Direction,13,N,N,Improper Lane Usage,(N/A),Daylight,Clear,Dry,N,,,,,No Controls,No Controls,N,3,41.8761124,-87.7916737,ok,(UNK),1,2000831,2020,,20,99,50000 and OVER,9,4295,Oak Park,C,Urban Local Road or Street,8,16,16,10813555,2,Cook,0,20,,,7,N,Yes,Slow,202001057163,City,1,0,N,,,,(UNK),36538,(N/A),(UNK),No Defects,1,1,Local Road or Street,7,,X001850216,Not Toll,73,1,1,Not Divided,1,2943387.62321231,1906329.53217479,41.8761046,-87.7917,,Urban,1,N,(N/A),Y,(N/A)
2020,2020-02-17,Monday,16,04:43 PM,Property Damage,No Injuries,0,0,0,0,0,2,Front to Rear,11,N,N,Failing to Reduce Speed to Avoid Crash,Following Too Closely,Daylight,Freezing Rain,Wet,N,,,,,No Controls,No Controls,N,2,41.8737774,-87.8045294,ok,Partial Access Control,3,03-20-02369,2020,,28,3,50000 and OVER,9,4295,Oak Park,C,Urban InterState,0,16,17,10814631,2,Cook,0,20,,,1,N,No,(UNK),202001058114,ISP,1,21.58,Y,,,,(UNK),36755,(N/A),(UNK),No Defects,1,2,InterState,1,9290,X001851492,Not Toll,73,1,1,Divided With Median Barrier,3,2939909.73002873,1905381.91927752,41.87376954,-87.8045,,Urban,10,N,(N/A),Y,(N/A)
2020,2020-02-20,Thursday,12,12:04 PM,Property Damage,No Injuries,0,0,0,0,0,2,Angle,15,N,N,Vision Obscured,Failing to Yield Right of Way,Daylight,Clear,Dry,Y,,,,,No Controls,No Controls,N,2,41.8725983,-87.786656,ok,(UNK),1,2000922,2020,,14,2,50000 and OVER,9,4295,Oak Park,C,Urban Local Road or Street,8,16,20,10816286,2,Cook,0,20,,,4,N,No,Free Flow,202001059571,City,1,0,N,,,,(UNK),36899,(N/A),(UNK),No Defects,1,1,Local Road or Street,7,,X001852637,Not Toll,73,1,1,Not Divided,1,2944789.7386228,1905086.78589953,41.87259045,-87.7867,,Urban,1,N,(N/A),Y,(N/A)
2020,2020-02-19,Wednesday,18,06:23 PM,Property Damage,No Injuries,0,0,0,0,0,4,Front to Rear,11,N,N,Failing to Reduce Speed to Avoid Crash,Following Too Closely,Darkness,Clear,Dry,N,,,,,No Controls,No Controls,N,3,41.8797154,-87.7978237,ok,(UNK),1,2000910,2020,,28,3,50000 and OVER,9,4295,Oak Park,C,Urban Minor Arterial,0,16,19,10816309,2,Cook,0,20,,,3,N,No,Slow,202001059583,City,4,3.42,N,,,,(UNK),36953,(N/A),(UNK),No Defects,1,1,Minor Arterial,4,1419,X001852636,Not Toll,73,1,1,Not Divided,1,2941676.35758432,1907596.19901329,41.87970755,-87.7978,,Urban,1,N,(N/A),Y,(N/A)
2020,2020-02-08,Saturday,01,01:45 AM,Property Damage,No Injuries,0,0,0,0,0,1,Fixed Object,6,N,N,Distraction - From Outside Vehicle,Failing to Reduce Speed to Avoid Crash,Darkness / Lighted Road,Clear,Dry,N,,,,,Other Regualtory Sig,Functioning Properly,N,1,41.8720725,-87.7890351,ok,Partial Access Control,3,03-20-01801,2020,,40,28,50000 and OVER,9,4295,Oak Park,C,Urban InterState,0,16,8,10814708,2,Cook,0,20,,,6,N,No,(UNK),202001058189,ISP,5,22.33,Y,,,,(UNK),37144,(N/A),(UNK),No Defects,1,1,InterState,1,9290,X001851567,Not Toll,73,10,4,Divided With Median Barrier,3,2944147.04796767,1904877.22264854,41.87206469,-87.789,,Urban,1,N,(N/A),Y,(N/A)
2020,2020-02-16,Sunday,17,05:47 PM,Property Damage,No Injuries,0,0,0,0,0,2,Turning,10,N,N,Failing to Yield Right of Way,Unable to Determine,Darkness / Lighted Road,Clear,Dry,Y,,,,,Stop Sign,Functioning Properly,N,2,41.8650659,-87.8015603,ok,(UNK),1,2000841,2020,,2,18,50000 and OVER,9,4295,Oak Park,C,Urban Other Principal Arte,8,16,16,10813673,2,Cook,0,20,,,7,N,No,Free Flow,202001057276,City,5,0,Y,,,,(UNK),37461,(N/A),(UNK),No Defects,1,1,Other Principal Arterial,3,,X001850565,Not Toll,73,2,4,Two-way Continuous Left-Tur,4,2940805.91967703,1902229.58455891,41.86505806,-87.8016,,Urban,1,N,(N/A),Y,(N/A)
2020,2020-02-17,Monday,14,02:56 PM,Injury,B Injury Crash,1,0,0,1,0,1,Pedestrian,1,Y,N,Failing to Yield Right of Way,Failing to Reduce Speed to Avoid Crash,Daylight,Rain,Wet,Y,,,,,Stop Sign,Functioning Properly,N,1,41.881698,-87.786145,ok,(UNK),1,2000853,2020,,2,28,50000 and OVER,9,4295,Oak Park,C,Urban Major Collector,8,16,17,10813674,2,Cook,2,20,,,1,N,No,Free Flow,202001057277,City,1,0,N,,,,(UNK),37462,(N/A),(UNK),No Defects,1,2,Major Collector,5,,X001850566,Not Toll,73,2,4,Not Divided,1,2944836.89760201,1908406.7387024,41.88169013,-87.7861,,Urban,2,N,(N/A),Y,(N/A)
2020,2020-02-13,Thursday,09,09:15 AM,Property Damage,No Injuries,0,0,0,0,0,2,Front to Rear,11,N,N,Failing to Reduce Speed to Avoid Crash,Following Too Closely,Unknown,Unknown,Snow or Slush,N,,,,,Traffic Signal,Functioning Properly,Y,2,41.8884867,-87.8050224,ok,(UNK),1,2000808,2020,,28,3,50000 and OVER,9,4295,Oak Park,C,Urban Other Principal Arte,0,16,13,10813675,2,Cook,0,20,,,4,N,No,Stopped,202001057278,City,9,19.07,Y,,,,(UNK),37463,(N/A),(UNK),No Defects,1,3,Other Principal Arterial,3,348,X001850567,Not Toll,73,3,4,"Divided, No Median Barrier",2,2939627.86766688,1910738.54479923,41.88847881,-87.805,,Urban,9,N,(N/A),Y,(N/A)
2020,2020-02-14,Friday,18,06:30 PM,Property Damage,No Injuries,0,0,0,0,0,2,Front to Rear,11,N,N,Failing to Reduce Speed to Avoid Crash,Following Too Closely,Daylight,Clear,Dry,N,,,,,Other,Functioning Properly,N,2,41.8737458,-87.8041686,ok,Partial Access Control,3,03-20-02505,2020,,28,3,50000 and OVER,9,4295,Oak Park,C,Urban InterState,0,16,14,10816513,2,Cook,0,20,,,5,N,No,(UNK),202001059785,ISP,1,21.6,Y,,,,(UNK),37579,(N/A),(UNK),No Defects,1,1,InterState,1,9290,X001853034,Not Toll,73,13,4,Divided With Median Barrier,3,2940008.30949948,1905373.11346721,41.87373795,-87.8042,,Urban,1,N,(N/A),Y,(N/A)
2020,2020-02-19,Wednesday,08,08:11 AM,Property Damage,No Injuries,0,0,0,0,0,2,Angle,15,N,N,Failing to Yield Right of Way,Failing to Reduce Speed to Avoid Crash,Daylight,Clear,Dry,N,,,,,Stop Sign,Functioning Properly,Y,2,41.8869281,-87.7895462,ok,(UNK),1,2000890,2020,,2,28,50000 and OVER,9,4295,Oak Park,C,Urban Minor Collector,8,16,19,10814937,2,Cook,0,20,,,3,N,No,Free Flow,202001058394,City,1,0,N,,,,(UNK),37946,(N/A),(UNK),No Defects,1,1,Minor Collector,6,,X001851667,Not Toll,73,2,4,Four Way,14,2943857.81926149,1910287.00968718,41.88692027,-87.7895,,Urban,1,N,(N/A),Y,(N/A)
2020,2020-02-19,Wednesday,09,09:21 AM,Property Damage,No Injuries,0,0,0,0,0,2,Sideswipe Opposite Direction,13,N,N,Unable to Determine,(N/A),Daylight,Clear,Dry,N,,,,,No Controls,No Controls,N,2,41.8725383,-87.7903361,ok,(UNK),1,2000893,2020,,18,99,50000 and OVER,9,4295,Oak Park,C,Urban Local Road or Street,8,16,19,10814938,2,Cook,0,20,,,3,N,No,(UNK),202001058395,City,1,0,N,,,,(UNK),37947,(N/A),(UNK),No Defects,1,1,Local Road or Street,7,,X001851668,Not Toll,73,1,1,Not Divided,1,2943787.99541826,1905037.12051443,41.87253041,-87.7903,,Urban,1,N,(N/A),Y,(N/A)
2020,2020-02-20,Thursday,07,07:34 AM,Property Damage,No Injuries,0,0,0,0,0,2,Angle,15,N,N,Failing to Yield Right of Way,Unable to Determine,Daylight,Clear,Dry,N,,,,,No Controls,No Controls,N,2,41.8814136,-87.8037219,ok,(UNK),1,2000913,2020,,2,18,50000 and OVER,9,4295,Oak Park,C,Urban Major Collector,0,16,20,10815525,2,Cook,0,20,,,4,N,No,Free Flow,202001058844,City,1,0.06,N,,,,(UNK),38225,(N/A),(UNK),No Defects,1,1,Major Collector,5,5,X001852104,Not Toll,73,1,1,"Divided, No Median Barrier",2,2940052.99324183,1908170.75931488,41.88140578,-87.8037,,Urban,1,N,(N/A),Y,(N/A)
2020,2020-02-19,Wednesday,18,06:05 PM,Property Damage,No Injuries,0,0,0,0,0,4,Sideswipe Same Direction,12,N,N,Improper Lane Usage,Unable to Determine,Dusk,Clear,Dry,N,,,,,Traffic Signal,Functioning Properly,N,2,41.9091478,-87.7850164,ok,(UNK),1,2000908,2020,,20,18,50000 and OVER,9,4295,Oak Park,C,Urban Other Principal Arte,6,16,19,10815550,2,Cook,0,20,,,3,N,No,Slow,202001058859,City,3,130.24,Y,,,,(UNK),38315,(N/A),(UNK),No Defects,1,1,Other Principal Arterial,3,5064,X001852095,Not Toll,73,3,4,Not Divided,1,2944866.43875159,1918418.53386264,41.90913999,-87.785,,Urban,1,N,(N/A),Y,(N/A)
2020,2020-02-21,Friday,12,12:40 PM,Injury,C Injury Crash,1,0,0,0,1,1,Angle,15,N,N,Failing to Yield Right of Way,Disregarding Stop Sign,Daylight,Clear,Dry,Y,,,,,Stop Sign,Functioning Properly,N,2,41.8753994,-87.8009188,ok,(UNK),1,2000949,2020,,2,23,50000 and OVER,9,4295,Oak Park,C,Urban Local Road or Street,8,16,21,10818450,2,Cook,1,20,,,5,N,No,Slow,202001061638,City,1,0,N,,,,(UNK),39088,(N/A),(UNK),No Defects,1,1,Local Road or Street,7,,X001853710,Not Toll,73,2,4,Four Way,14,2940876.81127384,1906000.1138045,41.87539157,-87.8009,,Urban,1,N,(N/A),Y,(N/A)
2020,2020-02-21,Friday,17,05:42 PM,Property Damage,No Injuries,0,0,0,0,0,2,Turning,10,N,N,Failing to Yield Right of Way,Failing to Reduce Speed to Avoid Crash,Dusk,Clear,Dry,Y,,,,,Stop Sign,Functioning Properly,N,2,41.8796963,-87.7988157,ok,(UNK),1,2000956,2020,,2,28,50000 and OVER,9,4295,Oak Park,C,Urban Minor Arterial,8,16,21,10818451,2,Cook,0,20,,,5,N,No,Slow,202001061639,City,3,0,N,,,,(UNK),39089,(N/A),(UNK),No Defects,1,1,Minor Arterial,4,,X001853711,Not Toll,73,2,4,Two-way Continuous Left-Tur,4,2941406.38602266,1907581.76526706,41.87968842,-87.7988,,Urban,1,N,(N/A),Y,(N/A)
2020,2020-02-23,Sunday,02,02:40 AM,Injury,A Injury Crash,1,0,1,0,0,2,Sideswipe Opposite Direction,13,N,N,Improper Overtaking/Passing,Driving On Wrong Side/Wrong Way,Darkness / Lighted Road,Clear,Dry,N,,,,,No Controls,No Controls,Y,2,41.8670124,-87.7938268,ok,(UNK),1,2000981,2020,,4,5,50000 and OVER,9,4295,Oak Park,C,Urban Major Collector,8,16,23,10818499,2,Cook,3,20,,,7,N,No,(UNK),202001061677,City,5,0,N,,,,(UNK),39221,(N/A),(UNK),No Defects,1,1,Major Collector,5,,X001854436,Not Toll,73,1,1,Not Divided,1,2942892.93355156,1902997.06950801,41.86700452,-87.7938,,Urban,1,N,(N/A),Y,(N/A)
2020,2020-02-21,Friday,16,04:30 PM,Property Damage,No Injuries,0,0,0,0,0,3,Sideswipe Same Direction,12,N,N,Improper Overtaking/Passing,Failing to Yield Right of Way,Daylight,Clear,Dry,N,,,,,No Controls,No Controls,Y,2,41.8860145,-87.804931,ok,(UNK),1,20-00609,2020,,4,2,50000 and OVER,9,4295,Oak Park,C,Urban Other Principal Arte,0,16,21,10819605,2,Cook,0,20,,,5,N,No,Free Flow,202001062706,City,1,19.24,Y,,,,(UNK),40689,(N/A),(UNK),No Defects,1,1,Other Principal Arterial,3,348,X001855794,Not Toll,73,1,1,"Divided, No Median Barrier",2,2939677.56244367,1909838.33729447,41.88600667,-87.8049,,Urban,1,N,(N/A),Y,(N/A)
2020,2020-02-22,Saturday,12,12:00 PM,Property Damage,No Injuries,0,0,0,0,0,2,Front to Rear,11,N,N,Failing to Reduce Speed to Avoid Crash,Unable to Determine,Daylight,Clear,Dry,N,,,,,Traffic Signal,Functioning Properly,N,2,41.8852022,-87.7944161,ok,(UNK),1,2000970,2020,,28,18,50000 and OVER,9,4295,Oak Park,C,Urban Major Collector,8,16,22,10820213,2,Cook,0,20,,,6,N,No,Stopped,202001063229,City,1,0,N,,,,(UNK),40916,(N/A),(UNK),No Defects,1,1,Major Collector,5,,X001855766,Not Toll,73,3,4,Not Divided,1,2942549.08407135,1909621.32359934,41.88519432,-87.7944,,Urban,1,N,(N/A),Y,(N/A)
2020,2020-02-23,Sunday,03,03:30 AM,Injury,B Injury Crash,1,0,0,1,0,1,Front to Rear,11,N,N,Following Too Closely,Failing to Reduce Speed to Avoid Crash,Darkness,Clear,Dry,N,,,,,Traffic Signal,Functioning Properly,N,2,41.879641,-87.8047345,ok,(UNK),1,2000982,2020,,3,28,50000 and OVER,9,4295,Oak Park,C,Urban Other Principal Arte,0,16,23,10820219,2,Cook,2,20,,,7,N,No,(UNK),202001063233,City,4,26.02,Y,,,,(UNK),40919,(N/A),(UNK),No Defects,1,1,Other Principal Arterial,3,5043,X001855805,Not Toll,73,3,4,"Divided, No Median Barrier",2,2939795.01471268,1907517.19197331,41.87963317,-87.8047,,Urban,1,N,(N/A),Y,(N/A)
2020,2020-02-23,Sunday,12,12:30 PM,Injury,B Injury Crash,2,0,0,2,0,2,Front to Rear,11,N,N,Failing to Reduce Speed to Avoid Crash,Unable to Determine,Daylight,Clear,Dry,N,,,,,Stop Sign,Functioning Properly,N,2,41.8872507,-87.7971437,ok,(UNK),1,2000986,2020,,28,18,50000 and OVER,9,4295,Oak Park,C,Urban Local Road or Street,8,16,23,10820220,2,Cook,2,20,,,7,N,No,Free Flow,202001063234,City,1,0,N,,,,(UNK),40920,(N/A),(UNK),No Defects,1,1,Local Road or Street,7,,X001855810,Not Toll,73,2,4,One-Way,10,2941785.69662152,1910347.32179266,41.88724287,-87.7971,,Urban,1,N,(N/A),Y,(N/A)
2020,2020-02-24,Monday,08,08:50 AM,Injury,B Injury Crash,1,0,0,1,0,1,Angle,15,N,N,Failing to Yield Right of Way,(N/A),Daylight,Clear,Dry,N,,,,,No Controls,No Controls,N,2,41.8754911,-87.8045814,ok,(UNK),1,20-00598,2020,,2,99,50000 and OVER,9,4295,Oak Park,C,Urban Other Principal Arte,0,16,24,10819327,2,Cook,2,20,,,1,N,No,Slow,202001062441,City,1,19.96,Y,,,,(UNK),40964,(N/A),(UNK),No Defects,1,1,Other Principal Arterial,3,348,X001855539,Not Toll,73,1,1,"Divided, No Median Barrier",2,2939878.35741906,1906006.02535345,41.87548322,-87.8046,,Urban,1,N,(N/A),Y,(N/A)
2020,2020-02-12,Wednesday,19,07:02 PM,Property Damage,No Injuries,0,0,0,0,0,1,Parked Motor Vehicle,9,N,N,Failing to Reduce Speed to Avoid Crash,Unable to Determine,Daylight,Clear,Dry,N,,,,,No Controls,No Controls,Y,2,41.8816472,-87.7888978,ok,(UNK),1,2000768,2020,,28,18,50000 and OVER,9,4295,Oak Park,C,Urban Major Collector,0,16,12,10821988,2,Cook,0,20,,,3,N,No,Stopped,202001064471,City,1,0.81,N,,,,(UNK),41283,(N/A),(UNK),No Defects,1,1,Major Collector,5,5,X001857398,Not Toll,73,1,1,"Divided, No Median Barrier",2,2944087.74742883,1908367.45066959,41.88163938,-87.7889,,Urban,1,N,(N/A),Y,(N/A)
2020,2020-02-24,Monday,17,05:57 PM,Property Damage,No Injuries,0,0,0,0,0,2,Angle,15,N,N,Failing to Yield Right of Way,Failing to Reduce Speed to Avoid Crash,Darkness / Lighted Road,Clear,Dry,Y,,,,,Stop Sign,Functioning Properly,N,2,41.8780753,-87.7843856,ok,(UNK),1,2001016,2020,,2,28,50000 and OVER,9,4295,Oak Park,C,Urban Major Collector,8,16,24,10822010,2,Cook,0,20,,,1,N,No,Slow,202001064482,City,5,0,N,,,,(UNK),41303,(N/A),(UNK),No Defects,1,1,Major Collector,5,,X001856890,Not Toll,73,2,4,Not Divided,1,2945352.71981091,1907099.87978684,41.87806748,-87.7844,,Urban,1,N,(N/A),Y,(N/A)
2020,2020-02-24,Monday,18,06:41 PM,Property Damage,No Injuries,0,0,0,0,0,4,Rear to Side,16,N,N,Improper Backing,Failing to Reduce Speed to Avoid Crash,Darkness / Lighted Road,Clear,Dry,N,,,,,Traffic Signal,Functioning Properly,N,2,41.8905593,-87.8050047,ok,(UNK),1,2001017,2020,,30,28,50000 and OVER,9,4295,Oak Park,C,Urban Local Road or Street,0,16,24,10822012,2,Cook,0,20,,,1,N,No,Slow,202001064483,City,5,0.7,N,,,,(UNK),41358,(N/A),(UNK),No Defects,1,1,Local Road or Street,7,1405,X001856893,Not Toll,73,3,4,"Divided, No Median Barrier",2,2939611.89357144,1911493.97484511,41.89055142,-87.805,,Urban,1,N,(N/A),Y,(N/A)
2020,2020-03-09,Monday,15,03:24 PM,Injury,B Injury Crash,1,0,0,1,0,1,Pedalcyclist,2,N,Y,Improper Lane Usage,(N/A),Daylight,Clear,Dry,N,,,,,No Controls,No Controls,N,1,41.9034742,-87.8055958,ok,(UNK),1,2100238,2021,,20,99,50000 and OVER,9,4295,Oak Park,C,Urban Other Principal Arte,,16,9,11223578,3,Cook,2,20,,,1,N,No,Stopped,202001369784,City,1,18.02,Y,,,,(UNK),41836,(N/A),(UNK),No Defects,1,1,Other Principal Arterial,3,348,X002189769,Not Toll,73,1,1,"Divided, No Median Barrier",2,2939321.33709331,1916195.99633469,41.90346637,-87.8056,,Urban,1,N,(N/A),Y,(N/A)
2020,2020-02-21,Friday,16,04:45 PM,Property Damage,No Injuries,0,0,0,0,0,2,Front to Rear,11,N,N,Failing to Reduce Speed to Avoid Crash,Following Too Closely,Daylight,Clear,Dry,N,,,,,Other,Functioning Properly,N,2,41.8726359,-87.7939989,ok,Partial Access Control,3,03-20-02579,2020,,28,3,50000 and OVER,9,4295,Oak Park,C,Urban InterState,0,16,21,10821627,2,Cook,0,20,,,5,N,No,(UNK),202001064125,ISP,1,22.07,Y,,,,(UNK),41846,(N/A),(UNK),No Defects,1,1,InterState,1,9290,X001857202,Not Toll,73,13,4,Not Divided,1,2942789.3724829,1905045.10660624,41.8726281,-87.794,,Urban,1,N,(N/A),Y,(N/A)