crash_year,crash_date,day_of_week,crash_hour,time_of_crash,crash_severity,crash_injury_severity,total_injured,total_fatals,a_injuries,b_injuries,c_injuries,no_injuries,type_of_first_crash,collision_type_code,pedestrian_involved,pedalcyclist_involved,cause1,cause2,lighting_cond,weather_cond,road_surface_cond,intersection_related,is_intersection,highway_or_street_name,at_intersection_with,address_no,traffic_control_device,traffic_control_device_cond,hit_and_run,number_of_vehicles,latitude,longitude,location_status,access_control,agency_code,agency_report_number,agency_report_year,alignment_code,cause1_code,cause2_code,city_class,city_class_code,city_code,city_name,city_township_flag,class_of_trafficway,class_of_trafficway_code,county_code,crash_day,crash_id,crash_month,crash_report_county,crash_severity_cd,crash_yr_source,damaged_property1,damaged_property2,day_of_week_code,did_crash_occur_in_work_zone,did_involve_secondary_crash,flow_condition,icn,investigating_agency_descrip,light_condition_code,mile_station,nhs,non_intersection_direction,non_intersection_distance,non_intersection_units,number_of_lanes,objectid,railroad_crossing_number,road_alignment,road_defects,road_defects_code,road_surface_condition_code,roadway_functional_class,roadway_functional_class_code,route_number,sfe,toll,township,traffic_control_device_code,traffic_control_device_cond_code,trafficway_descrip,trafficway_description_code,ts_crash_coordinate_x,ts_crash_coordinate_y,ts_crash_latitude,ts_crash_longitude,type_report,urban_rural,weather_code,were_workers_present,work_zone,work_zone_related,work_zone_type
2020,2020-02-27,Thursday,14,02:34 PM,Property Damage,No Injuries,0,0,0,0,0,3,Angle,15,N,N,Failing to Reduce Speed to Avoid Crash,Unable to Determine,Daylight,Clear,Dry,N,,,,,Stop Sign,Functioning Properly,N,2,41.8929539,-87.7927822,ok,(UNK),1,2001070,2020,,28,18,50000 and OVER,9,4295,Oak Park,C,Urban Local Road or Street,8,16,27,10824439,2,Cook,0,20,,,4,N,No,Free Flow,202001066729,City,1,0,N,,,,(UNK),42232,(N/A),(UNK),No Defects,1,1,Local Road or Street,7,,X001859489,Not Toll,73,2,4,Not Divided,1,2942915.84822258,1912458.50644812,41.89294603,-87.7928,,Urban,1,N,(N/A),Y,(N/A)
2020,2020-02-26,Wednesday,15,03:45 PM,Property Damage,No Injuries,0,0,0,0,0,2,Sideswipe Same Direction,12,N,N,Improper Lane Usage,Unable to Determine,Daylight,Cloudy/Overcast,Dry,N,,,,,Traffic Signal,Functioning Properly,N,2,41.9017491,-87.7849039,ok,(UNK),1,2001058,2020,,20,18,50000 and OVER,9,4295,Oak Park,C,Urban Major Collector,0,16,26,10823337,2,Cook,0,20,,,3,N,No,Slow,202001065710,City,1,0.01,N,,,,(UNK),42343,(N/A),(UNK),No Defects,1,1,Major Collector,5,2783,X001858561,Not Toll,73,3,4,Not Divided,1,2944971.94112135,1915723.14584671,41.90174128,-87.7849,,Urban,8,N,(N/A),Y,(N/A)
2020,2020-02-25,Tuesday,15,03:22 PM,Property Damage,No Injuries,0,0,0,0,0,7,Turning,10,N,N,Failing to Yield Right of Way,(N/A),Daylight,Clear,Dry,Y,,,,,Stop Sign,Functioning Properly,N,2,41.8815776,-87.7926484,ok,(UNK),1,2001036,2020,,2,99,50000 and OVER,9,4295,Oak Park,C,Urban Major Collector,8,16,25,10823338,2,Cook,0,20,,,2,N,No,Slow,202001065711,City,1,0,N,,,,(UNK),42344,(N/A),(UNK),No Defects,1,1,Major Collector,5,,X001858562,Not Toll,73,2,4,"Divided, No Median Barrier",2,2943067.01695974,1908313.77566935,41.88156973,-87.7926,,Urban,1,N,(N/A),Y,(N/A)
2020,2020-02-26,Wednesday,07,07:03 AM,Injury,B Injury Crash,1,0,0,1,0,1,Front to Rear,11,N,N,Failing to Reduce Speed to Avoid Crash,Unable to Determine,Daylight,Snow,Snow or Slush,N,,,,,Traffic Signal,Functioning Properly,N,2,41.8723127,-87.804394,ok,(UNK),1,2001050,2020,,28,18,50000 and OVER,9,4295,Oak Park,C,Urban Local Road or Street,0,16,26,10823339,2,Cook,2,20,,,3,N,No,Stopped,202001065712,City,1,0,N,,,,(UNK),42345,(N/A),(UNK),No Defects,1,3,Local Road or Street,7,4062,X001858563,Not Toll,73,3,4,Not Divided,1,2939961.30184235,1904849.16163892,41.87230481,-87.8044,,Urban,3,N,(N/A),Y,(N/A)
2020,2020-02-20,Thursday,13,01:15 PM,Property Damage,No Injuries,0,0,0,0,0,4,Front to Rear,11,N,N,Failing to Reduce Speed to Avoid Crash,Following Too Closely,Daylight,Clear,Dry,N,,,,,No Controls,Functioning Properly,N,4,41.8712476,-87.77466,ok,Partial Access Control,3,03-20-02521,2020,,28,3,50000 and OVER,9,4295,Oak Park,C,Urban InterState,0,16,20,10823068,2,Cook,0,20,,,4,N,No,(UNK),202001065438,ISP,1,23.07,Y,,,,(UNK),43058,(N/A),(UNK),No Defects,1,1,InterState,1,9290,X001858428,Not Toll,73,1,4,Divided With Median Barrier,3,2948070.83058548,1904685.45167767,41.87123978,-87.7747,,Urban,1,N,(N/A),Y,(N/A)
2020,2020-02-29,Saturday,04,04:18 AM,Property Damage,No Injuries,0,0,0,0,0,2,Front to Rear,11,N,N,Following Too Closely,Failing to Reduce Speed to Avoid Crash,Darkness / Lighted Road,Clear,Dry,N,,,,,No Controls,Functioning Properly,Y,2,41.8721329,-87.7896227,ok,Partial Access Control,3,03-20-02934,2020,,3,28,50000 and OVER,9,4295,Oak Park,C,Urban InterState,0,16,29,10826563,2,Cook,0,20,,,6,N,No,(UNK),202001068403,ISP,5,8.42,Y,,,,(UNK),44536,(N/A),(UNK),No Defects,1,1,InterState,1,290,X001861288,Not Toll,,1,4,Divided With Median Barrier,3,2943986.39682566,1904894.78498935,41.87212506,-87.7896,,Urban,1,N,(N/A),Y,(N/A)
2020,2020-02-29,Saturday,08,08:15 AM,Property Damage,No Injuries,0,0,0,0,0,1,Fixed Object,6,N,N,Unable to Determine,Unable to Determine,Unknown,Unknown,Dry,N,,,,,No Controls,No Controls,Y,2,41.8817659,-87.7861472,ok,(UNK),1,2001100,2020,,18,18,50000 and OVER,9,4295,Oak Park,C,Urban Local Road or Street,0,16,29,10827863,2,Cook,0,20,LIGHT POST,,6,N,Yes,Free Flow,202001069635,City,9,0.36,N,,,,(UNK),44655,(N/A),(UNK),No Defects,1,1,Local Road or Street,7,2643,X001861249,Not Toll,73,1,1,Not Divided,1,2944835.60465889,1908431.46995781,41.88175804,-87.7861,,Urban,9,N,(N/A),Y,(N/A)
2020,2020-02-16,Sunday,16,04:45 PM,Property Damage,No Injuries,0,0,0,0,0,7,Front to Rear,11,N,N,Following Too Closely,Failing to Reduce Speed to Avoid Crash,Dusk,Clear,Dry,N,,,,,Delineators,Functioning Properly,Y,2,41.8712479,-87.7746622,ok,Partial Access Control,3,03-20-02300,2020,,3,28,50000 and OVER,9,4295,Oak Park,C,Urban InterState,0,16,16,10828508,2,Cook,0,20,,,7,N,No,(UNK),202001070151,ISP,3,23.07,Y,,,,(UNK),44667,(N/A),(UNK),No Defects,1,1,InterState,1,9290,X001862881,Not Toll,73,14,4,Divided With Median Barrier,3,2948070.22258917,1904685.5343461,41.87124006,-87.7747,,Urban,1,N,(N/A),Y,(N/A)
2020,2020-02-25,Tuesday,08,08:30 AM,Property Damage,No Injuries,0,0,0,0,0,2,Pedestrian,1,Y,N,Failing to Reduce Speed to Avoid Crash,(N/A),Daylight,Clear,Dry,N,,,,,Stop Sign,Functioning Properly,N,1,41.8810504,-87.7844871,ok,(UNK),1,2001051,2020,,28,99,50000 and OVER,9,4295,Oak Park,C,Urban Major Collector,0,16,25,10827877,2,Cook,0,20,,,2,N,No,(UNK),202001069645,City,1,1.44,N,,,,(UNK),44716,(N/A),(UNK),No Defects,1,1,Major Collector,5,2783,X001859914,Not Toll,73,2,4,Alley,12,2945294.96326671,1908183.28742326,41.88104256,-87.7845,,Urban,1,N,(N/A),Y,(N/A)
2020,2020-02-28,Friday,09,09:41 AM,Property Damage,No Injuries,0,0,0,0,0,1,Parked Motor Vehicle,9,N,N,Unable to Determine,Unable to Determine,Unknown,Clear,Dry,N,,,,,No Controls,No Controls,Y,2,41.8820734,-87.7775866,ok,(UNK),1,2001081,2020,,18,18,50000 and OVER,9,4295,Oak Park,C,Urban Major Collector,0,16,28,10827887,2,Cook,0,20,,,5,N,No,Free Flow,202001069649,City,9,1.4,N,,,,(UNK),44717,(N/A),(UNK),No Defects,1,1,Major Collector,5,5,X001860456,Not Toll,73,1,1,Not Divided,1,2947163.82888907,1908608.33629674,41.88206551,-87.7776,,Urban,1,N,(N/A),Y,(N/A)
2020,2020-02-28,Friday,15,03:11 PM,Property Damage,No Injuries,0,0,0,0,0,2,Angle,15,N,N,Vision Obscured,Failing to Yield Right of Way,Daylight,Clear,Dry,N,,,,,No Controls,No Controls,N,2,41.8800161,-87.7838542,ok,(UNK),1,2001091,2020,,14,2,50000 and OVER,9,4295,Oak Park,C,Urban Minor Arterial,8,16,28,10827888,2,Cook,0,20,,,5,N,No,Free Flow,202001069650,City,1,0,N,,,,(UNK),44718,(N/A),(UNK),No Defects,1,1,Minor Arterial,4,,X001860457,Not Toll,73,1,1,Alley,12,2945477.7978785,1907811.16237737,41.88000828,-87.7838,,Urban,1,N,(N/A),Y,(N/A)
2020,2020-02-25,Tuesday,17,05:40 PM,Property Damage,No Injuries,0,0,0,0,0,2,Front to Rear,11,N,N,Following Too Closely,Unable to Determine,Dusk,Snow,Snow or Slush,N,,,,,No Controls,No Controls,N,2,41.86506,-87.8019735,ok,(UNK),1,20-01929,2020,,3,18,50000 and OVER,9,4295,Oak Park,C,Urban Other Principal Arte,0,16,25,10828177,2,Cook,0,20,,,2,N,No,Slow,202001069818,City,3,6.11,Y,,,,(UNK),45110,(N/A),(UNK),No Defects,1,3,Other Principal Arterial,3,347,X001862639,Not Toll,73,1,1,"Divided, No Median Barrier",2,2940693.42725698,1902224.3256309,41.86505214,-87.802,,Urban,3,N,(N/A),Y,(N/A)
2020,2020-02-28,Friday,15,03:43 PM,Property Damage,No Injuries,0,0,0,0,0,6,Angle,15,N,N,Failing to Reduce Speed to Avoid Crash,Unable to Determine,Daylight,Clear,Dry,Y,,,,,Stop Sign,Functioning Properly,N,2,41.8783096,-87.7961732,ok,(UNK),1,2001093,2020,,28,18,50000 and OVER,9,4295,Oak Park,C,Urban Local Road or Street,8,16,28,10829058,2,Cook,0,20,,,5,N,No,Free Flow,202001070666,City,1,0,N,,,,(UNK),45672,(N/A),(UNK),No Defects,1,1,Local Road or Street,7,,X001863281,Not Toll,73,2,4,Four Way,14,2942140.0211819,1907096.3004999,41.87830171,-87.7962,,Urban,1,N,(N/A),Y,(N/A)
2020,2020-02-29,Saturday,19,07:27 PM,Property Damage,No Injuries,0,0,0,0,0,3,Sideswipe Same Direction,12,N,N,Failing to Reduce Speed to Avoid Crash,Unable to Determine,Darkness / Lighted Road,Clear,Dry,N,,,,,No Controls,No Controls,N,2,41.8886541,-87.8014913,ok,(UNK),1,2001116,2020,,28,18,50000 and OVER,9,4295,Oak Park,C,Urban Major Collector,0,16,29,10829060,2,Cook,0,20,,,6,N,No,Free Flow,202001070668,City,5,0.18,N,,,,(UNK),45673,(N/A),(UNK),No Defects,1,1,Major Collector,5,8,X001863283,Not Toll,73,1,1,"Divided, No Median Barrier",2,2940587.70402075,1910826.05887637,41.88864624,-87.8015,,Urban,1,N,(N/A),Y,(N/A)
2020,2020-02-29,Saturday,11,11:29 AM,Property Damage,No Injuries,0,0,0,0,0,4,Turning,10,N,N,Failing to Yield Right of Way,(N/A),Daylight,Clear,Dry,Y,,,,,Stop Sign,Functioning Properly,N,2,41.8834466,-87.7845457,ok,(UNK),1,2001104,2020,,2,99,50000 and OVER,9,4295,Oak Park,C,Urban Major Collector,8,16,29,10829063,2,Cook,0,20,,,6,N,No,Slow,202001070671,City,1,0,N,,,,(UNK),45729,(N/A),(UNK),No Defects,1,1,Major Collector,5,,X001862841,Not Toll,73,2,4,"Divided, No Median Barrier",2,2945254.73652368,1909056.05915481,41.88343875,-87.7845,,Urban,1,N,(N/A),Y,(N/A)
2020,2020-02-29,Saturday,15,03:02 PM,Injury,B Injury Crash,1,0,0,1,0,2,Angle,15,N,N,Disregarding Other Traffic Signs,Failing to Yield Right of Way,Daylight,Clear,Dry,Y,,,,,Stop Sign,Functioning Properly,N,2,41.8815474,-87.7969728,ok,(UNK),1,2001110,2020,,24,2,50000 and OVER,9,4295,Oak Park,C,Urban Major Collector,8,16,29,10829064,2,Cook,2,20,,,6,N,No,Free Flow,202001070672,City,1,0,N,,,,(UNK),45730,(N/A),(UNK),No Defects,1,1,Major Collector,5,,X001862849,Not Toll,73,2,4,Not Divided,1,2941889.64553291,1908270.22086941,41.88153957,-87.797,,Urban,1,N,(N/A),Y,(N/A)
2020,2020-02-29,Saturday,18,06:44 PM,Property Damage,No Injuries,0,0,0,0,0,4,Sideswipe Same Direction,12,N,N,Failing to Yield Right of Way,Failing to Reduce Speed to Avoid Crash,Darkness,Clear,Dry,N,,,,,Traffic Signal,Functioning Properly,N,2,41.8798265,-87.784435,ok,(UNK),1,2001115,2020,,2,28,50000 and OVER,9,4295,Oak Park,C,Urban Major Collector,8,16,29,10829068,2,Cook,0,20,,,6,N,No,Slow,202001070675,City,4,0,N,,,,(UNK),45731,(N/A),(UNK),No Defects,1,1,Major Collector,5,,X001862909,Not Toll,73,3,4,Not Divided,1,2945321.53036798,1907737.67268318,41.87981867,-87.7844,,Urban,1,N,(N/A),Y,(N/A)
2020,2020-03-01,Sunday,19,07:09 PM,Property Damage,No Injuries,0,0,0,0,0,3,Front to Rear,11,N,N,Failing to Reduce Speed to Avoid Crash,(N/A),Darkness / Lighted Road,Clear,Dry,N,,,,,Traffic Signal,Functioning Properly,N,2,41.8943552,-87.7978654,ok,(UNK),1,2001132,2020,,28,99,50000 and OVER,9,4295,Oak Park,C,Urban Minor Arterial,0,16,1,10829071,3,Cook,0,20,,,7,N,No,Stopped,202001070677,City,5,2.93,N,,,,(UNK),45732,(N/A),(UNK),No Defects,1,1,Minor Arterial,4,1398,X001863286,Not Toll,73,3,4,Not Divided,1,2941517.64818219,1912930.88845879,41.89434732,-87.7979,,Urban,1,N,(N/A),Y,(N/A)
2020,2020-02-23,Sunday,15,03:00 PM,Property Damage,No Injuries,0,0,0,0,0,6,Front to Rear,11,N,N,Following Too Closely,Distraction - From Outside Vehicle,Daylight,Clear,Dry,N,,,,,Delineators,Functioning Properly,N,2,41.8723691,-87.7890872,ok,Partial Access Control,3,03-20-02674,2020,,3,40,50000 and OVER,9,4295,Oak Park,C,Urban InterState,0,16,23,10828756,2,Cook,0,20,,,7,N,No,(UNK),202001070391,ISP,1,22.32,Y,,,,(UNK),45908,(N/A),(UNK),No Defects,1,1,InterState,1,9290,X001863130,Not Toll,73,14,4,Divided With Median Barrier,3,2944129.86093485,1904984.91884524,41.8723613,-87.7891,,Urban,1,N,(N/A),Y,(N/A)
2020,2020-02-29,Saturday,18,06:30 PM,Property Damage,No Injuries,0,0,0,0,0,1,Parked Motor Vehicle,9,N,N,Improper Overtaking/Passing,Failing to Reduce Speed to Avoid Crash,Unknown,Unknown,Unknown,N,,,,,No Controls,No Controls,Y,2,41.8829887,-87.7812745,ok,(UNK),1,2001122,2020,,4,28,50000 and OVER,9,4295,Oak Park,C,Urban Local Road or Street,0,16,29,10829124,2,Cook,0,20,,,6,N,No,Free Flow,202001070721,City,9,0.07,N,,,,(UNK),45939,(N/A),(UNK),No Defects,1,9,Local Road or Street,7,2630,X001863279,Not Toll,73,1,1,Not Divided,1,2946150.22026341,1908913.95141853,41.88298085,-87.7813,,Urban,9,N,(N/A),Y,(N/A)
2020,2020-03-01,Sunday,11,11:00 AM,Property Damage,No Injuries,0,0,0,0,0,1,Parked Motor Vehicle,9,N,N,Improper Lane Usage,Failing to Reduce Speed to Avoid Crash,Daylight,Clear,Dry,N,,,,,No Controls,No Controls,Y,2,41.8947115,-87.7756546,ok,(UNK),1,2001144,2020,,20,28,50000 and OVER,9,4295,Oak Park,C,Urban Minor Arterial,0,16,1,10829125,3,Cook,0,20,,,7,N,No,Free Flow,202001070722,City,1,4.1,N,,,,(UNK),45940,(N/A),(UNK),No Defects,1,1,Minor Arterial,4,1398,X001863285,Not Toll,73,1,1,"Divided, No Median Barrier",2,2947561.55386743,1913228.5921168,41.89470369,-87.7756,,Urban,1,N,(N/A),Y,(N/A)
2020,2020-03-03,Tuesday,16,04:41 PM,Property Damage,No Injuries,0,0,0,0,0,3,Turning,10,N,N,Failing to Yield Right of Way,Improper Turning/No Signal,Daylight,Clear,Dry,Y,,,,,No Controls,No Controls,N,2,41.8736416,-87.8045257,ok,Partial Access Control,1,20-0707,2020,,2,6,50000 and OVER,9,4295,Oak Park,C,Urban InterState,6,16,3,10830156,3,Cook,0,20,,,2,N,No,Free Flow,202001071589,City,1,25.61,Y,,,,(UNK),46160,(N/A),(UNK),No Defects,1,1,InterState,1,5043,X001864231,Not Toll,73,1,1,Not Divided,1,2939912.08975897,1905332.46624909,41.87363376,-87.8045,,Urban,1,N,(N/A),Y,(N/A)
2020,2020-02-29,Saturday,12,12:35 PM,Property Damage,No Injuries,0,0,0,0,0,2,Sideswipe Same Direction,12,N,N,Failing to Yield Right of Way,(N/A),Daylight,Clear,Dry,N,,,,,No Controls,No Controls,N,2,41.883367,-87.8048581,ok,(UNK),1,20-00663,2020,,2,99,50000 and OVER,9,4295,Oak Park,C,Urban Other Principal Arte,0,16,29,10829456,2,Cook,0,20,,,6,N,No,Slow,202001071031,City,1,19.42,Y,,,,(UNK),46313,(N/A),(UNK),No Defects,1,1,Other Principal Arterial,3,348,X001863714,Not Toll,73,1,1,Alley,12,2939723.98865337,1908874.08490522,41.88335916,-87.8049,,Urban,1,N,(N/A),Y,(N/A)
2020,2020-03-02,Monday,17,05:56 PM,Property Damage,No Injuries,0,0,0,0,0,3,Sideswipe Same Direction,12,N,N,Failing to Reduce Speed to Avoid Crash,Unable to Determine,Dusk,Clear,Dry,Y,,,,,Traffic Signal,Functioning Properly,N,2,41.8882278,-87.7814347,ok,(UNK),1,2001154,2020,,28,18,50000 and OVER,9,4295,Oak Park,C,Urban Major Collector,8,16,2,10829659,3,Cook,0,20,,,1,N,No,Free Flow,202001071114,City,3,0,N,,,,(UNK),46578,(N/A),(UNK),No Defects,1,1,Major Collector,5,,X001863768,Not Toll,73,3,4,Not Divided,1,2946053.49262069,1910821.9718549,41.88821997,-87.7814,,Urban,1,N,(N/A),Y,(N/A)
2020,2020-03-01,Sunday,03,03:10 AM,Injury,B Injury Crash,1,0,0,1,0,2,Sideswipe Same Direction,12,N,N,Improper Lane Usage,Failing to Reduce Speed to Avoid Crash,Darkness / Lighted Road,Clear,Dry,N,,,,,Other Regualtory Sig,Functioning Properly,N,2,41.8723656,-87.7890508,ok,Partial Access Control,3,03-20-03001,2020,,20,28,50000 and OVER,9,4295,Oak Park,C,Urban InterState,0,16,1,10832182,3,Cook,2,20,,,7,N,No,(UNK),202001073253,ISP,5,22.35,Y,,,,(UNK),47311,(N/A),(UNK),No Defects,1,1,InterState,1,9290,X001865868,Not Toll,73,10,4,Divided With Median Barrier,3,2944139.82958312,1904983.89935305,41.87235775,-87.789,,Urban,1,N,(N/A),Y,(N/A)
2020,2020-03-03,Tuesday,20,08:20 PM,Property Damage,No Injuries,0,0,0,0,0,1,Parked Motor Vehicle,9,N,N,Failing to Reduce Speed to Avoid Crash,Unable to Determine,Unknown,Clear,Dry,N,,,,,Traffic Signal,Functioning Properly,Y,2,41.8885968,-87.7926502,ok,(UNK),1,2001177,2020,,28,18,50000 and OVER,9,4295,Oak Park,C,Urban Major Collector,8,16,3,10831182,3,Cook,0,20,,,2,N,No,Free Flow,202001072336,City,9,0,N,,,,(UNK),47341,(N/A),(UNK),No Defects,1,1,Major Collector,5,,X001864958,Not Toll,73,3,4,Not Divided,1,2942995.74973762,1910871.71614974,41.888589,-87.7926,,Urban,1,N,(N/A),Y,(N/A)
2020,2020-03-03,Tuesday,13,01:45 PM,Property Damage,No Injuries,0,0,0,0,0,1,Parked Motor Vehicle,9,N,N,Unable to Determine,(N/A),Daylight,Clear,Dry,N,,,,,No Controls,No Controls,Y,2,41.8834135,-87.7862762,ok,(UNK),1,2001163,2020,,18,99,50000 and OVER,9,4295,Oak Park,C,Urban Local Road or Street,0,16,3,10830466,3,Cook,0,20,,,2,N,No,Stopped,202001071872,City,1,0.93,N,,,,(UNK),47524,(N/A),(UNK),No Defects,1,1,Local Road or Street,7,3015,X001864509,Not Toll,73,1,1,Not Divided,1,2944783.81796881,1909030.91049965,41.88340564,-87.7863,,Urban,1,N,(N/A),Y,(N/A)
2020,2020-03-02,Monday,17,05:52 PM,Property Damage,No Injuries,0,0,0,0,0,3,Sideswipe Same Direction,12,N,N,Improper Lane Usage,Unable to Determine,Darkness / Lighted Road,Clear,Dry,Y,,,,,Traffic Signal,Functioning Properly,N,3,41.9089177,-87.8057865,ok,(UNK),1,2000519,2020,,20,18,50000 and OVER,9,4295,Oak Park,C,Urban Other Principal Arte,0,16,2,10830467,3,Cook,0,20,,,1,N,Yes,Slow,202001071873,City,5,17.65,Y,,,,(UNK),47525,(N/A),(UNK),No Defects,1,1,Other Principal Arterial,3,348,X001864511,Not Toll,73,3,4,"Divided, No Median Barrier",2,2939214.80164942,1918178.28182868,41.90890986,-87.8058,,Urban,1,N,(N/A),Y,(N/A)
2020,2020-03-04,Wednesday,20,08:50 PM,Property Damage,No Injuries,0,0,0,0,0,2,Sideswipe Same Direction,12,N,N,Equipment-Vehicle Condition,Failing to Reduce Speed to Avoid Crash,Darkness / Lighted Road,Clear,Dry,Y,,,,,Traffic Signal,Functioning Properly,N,2,41.9091478,-87.7850158,ok,(UNK),1,2001194,2020,,10,28,50000 and OVER,9,4295,Oak Park,C,Urban Other Principal Arte,6,16,4,10832630,3,Cook,0,20,,,3,N,Yes,Free Flow,202001073578,City,5,130.24,Y,,,,(UNK),47817,(N/A),(UNK),No Defects,1,1,Other Principal Arterial,3,5064,X001866181,Not Toll,73,3,4,Not Divided,1,2944866.58923034,1918418.54020642,41.90914,-87.785,,Urban,1,N,(N/A),Y,(N/A)
2020,2020-03-04,Wednesday,18,06:38 PM,Injury,C Injury Crash,1,0,0,0,1,1,Angle,15,N,N,Failing to Yield Right of Way,Driving Skills/Knowledge/Experience,Darkness / Lighted Road,Clear,Dry,Y,,,,,Stop Sign,Functioning Properly,N,2,41.8930719,-87.7864818,ok,(UNK),1,2001191,2020,,2,15,50000 and OVER,9,4295,Oak Park,C,Urban Local Road or Street,8,16,4,10832631,3,Cook,1,20,,,3,N,No,Free Flow,202001073579,City,5,0,N,,,,(UNK),47818,(N/A),(UNK),No Defects,1,1,Local Road or Street,7,,X001866177,Not Toll,73,2,4,Not Divided,1,2944630.1619616,1912549.08031457,41.89306409,-87.7865,,Urban,1,N,(N/A),Y,(N/A)
2020,2020-03-04,Wednesday,18,06:26 PM,Property Damage,No Injuries,0,0,0,0,0,3,Front to Rear,11,N,N,Improper Lane Usage,Following Too Closely,Darkness / Lighted Road,Clear,Dry,N,,,,,No Controls,Functioning Properly,N,3,41.8727717,-87.796943,ok,Partial Access Control,3,03-20-03191,2020,,20,3,50000 and OVER,9,4295,Oak Park,C,Urban InterState,0,16,4,10832725,3,Cook,0,20,,,3,N,No,(UNK),202001073670,ISP,5,21.93,Y,,,,(UNK),48393,(N/A),(UNK),No Defects,1,1,InterState,1,9290,X001866280,Not Toll,73,1,4,Divided With Median Barrier,3,2941986.13090281,1905072.43117891,41.8727639,-87.7969,,Urban,1,N,(N/A),Y,(N/A)
2020,2020-03-05,Thursday,09,09:15 AM,Property Damage,No Injuries,0,0,0,0,0,2,Turning,10,N,N,Improper Turning/No Signal,(N/A),Daylight,Clear,Dry,N,,,,,Traffic Signal,Functioning Properly,N,2,41.8735934,-87.8045236,ok,(UNK),1,20-00726,2020,,6,99,50000 and OVER,9,4295,Oak Park,C,Urban Other Principal Arte,0,16,5,10833434,3,Cook,0,20,,,4,N,No,Slow,202001074303,City,1,20.09,Y,,,,(UNK),48523,(N/A),(UNK),No Defects,1,1,Other Principal Arterial,3,348,X001866914,Not Toll,73,3,4,Divided With Median Barrier,3,2939913.13595212,1905314.93202593,41.8735856,-87.8045,,Urban,1,N,(N/A),Y,(N/A)
2020,2020-03-05,Thursday,08,08:27 AM,Injury,C Injury Crash,3,0,0,0,3,1,Front to Rear,11,N,N,Failing to Reduce Speed to Avoid Crash,Unable to Determine,Daylight,Clear,Dry,Y,,,,,Traffic Signal,Functioning Properly,N,3,41.8797798,-87.7893417,ok,(UNK),1,2001201,2020,,28,18,50000 and OVER,9,4295,Oak Park,C,Urban Minor Arterial,8,16,5,10834061,3,Cook,1,20,,,4,N,Yes,Slow,202001074453,City,1,0,N,,,,(UNK),48647,(N/A),(UNK),No Defects,1,1,Minor Arterial,4,,X001867031,Not Toll,73,3,4,Not Divided,1,2943985.70675541,1907683.59294566,41.879772,-87.7893,,Urban,1,N,(N/A),Y,(N/A)
2020,2020-03-05,Thursday,17,05:58 PM,Property Damage,No Injuries,0,0,0,0,0,2,Front to Rear,11,N,N,Failing to Reduce Speed to Avoid Crash,Following Too Closely,Dusk,Clear,Dry,N,,,,,Other,Functioning Properly,N,2,41.8719454,-87.7841931,ok,(UNK),3,03-20-03246,2020,,28,3,50000 and OVER,9,4295,Oak Park,C,(UNK),0,16,5,10835103,3,Cook,0,20,,,4,N,No,(UNK),202001076086,ISP,3,2.07,N,,,,(UNK),49459,(N/A),(UNK),No Defects,1,1,(UNK),0,2783,X001868659,No Toll,73,13,4,Not Divided,1,2945467.16575156,1904867.48738918,41.87193758,-87.7842,,(UNK),1,N,(N/A),Y,(N/A)
2020,2020-02-23,Sunday,21,09:15 PM,Property Damage,No Injuries,0,0,0,0,0,2,Turning,10,N,N,Failing to Reduce Speed to Avoid Crash,Improper Lane Usage,Darkness / Lighted Road,Clear,Dry,N,,,,,Traffic Signal,Functioning Properly,N,2,41.8736416,-87.8045258,ok,Partial Access Control,3,03-20-02689,2020,,28,20,50000 and OVER,9,4295,Oak Park,C,Urban InterState,0,16,23,10833084,2,Cook,0,20,,,7,N,No,(UNK),202001074011,ISP,5,25.61,Y,,,,(UNK),49548,(N/A),(UNK),No Defects,1,1,InterState,1,5043,X001866625,Not Toll,73,3,4,Ramp,11,2939912.062394,1905332.46992192,41.87363377,-87.8045,,Urban,1,N,(N/A),Y,(N/A)
2020,2020-03-07,Saturday,07,07:25 AM,Property Damage,No Injuries,0,0,0,0,0,4,Front to Rear,11,N,N,Failing to Reduce Speed to Avoid Crash,Driving Skills/Knowledge/Experience,Darkness / Lighted Road,Clear,Dry,N,,,,,No Controls,Functioning Properly,N,3,41.8733201,-87.8025916,ok,Partial Access Control,3,03-20-03372,2020,,28,15,50000 and OVER,9,4295,Oak Park,C,Urban InterState,0,16,7,10835142,3,Cook,0,20,,,6,N,No,(UNK),202001075475,ISP,5,7.79,Y,,,,(UNK),49668,(N/A),(UNK),No Defects,1,1,InterState,1,290,X001868703,Not Toll,73,1,4,Divided With Median Barrier,3,2940442.10396445,1905229.81407273,41.87331225,-87.8026,,Urban,1,N,(N/A),Y,(N/A)
2020,2020-03-07,Saturday,19,07:40 PM,Property Damage,No Injuries,0,0,0,0,0,2,Front to Rear,11,N,N,Failing to Reduce Speed to Avoid Crash,Following Too Closely,Darkness / Lighted Road,Clear,Dry,N,,,,,Other,Functioning Properly,N,2,41.8726114,-87.7953604,ok,Partial Access Control,3,03-20-03371,2020,,28,3,50000 and OVER,9,4295,Oak Park,C,Urban InterState,0,16,7,10835208,3,Cook,0,20,,,6,N,No,(UNK),202001075542,ISP,5,8.12,Y,,,,(UNK),49918,(N/A),(UNK),No Defects,1,1,InterState,1,290,X001868769,Not Toll,,13,4,Divided With Median Barrier,3,2942418.77447991,1905025.89325687,41.87260351,-87.7954,,Urban,1,N,(N/A),Y,(N/A)