crash_year,crash_date,day_of_week,crash_hour,time_of_crash,crash_severity,crash_injury_severity,total_injured,total_fatals,a_injuries,b_injuries,c_injuries,no_injuries,type_of_first_crash,collision_type_code,pedestrian_involved,pedalcyclist_involved,cause1,cause2,lighting_cond,weather_cond,road_surface_cond,intersection_related,is_intersection,highway_or_street_name,at_intersection_with,address_no,traffic_control_device,traffic_control_device_cond,hit_and_run,number_of_vehicles,latitude,longitude,location_status,access_control,agency_code,agency_report_number,agency_report_year,alignment_code,cause1_code,cause2_code,city_class,city_class_code,city_code,city_name,city_township_flag,class_of_trafficway,class_of_trafficway_code,county_code,crash_day,crash_id,crash_month,crash_report_county,crash_severity_cd,crash_yr_source,damaged_property1,damaged_property2,day_of_week_code,did_crash_occur_in_work_zone,did_involve_secondary_crash,flow_condition,icn,investigating_agency_descrip,light_condition_code,mile_station,nhs,non_intersection_direction,non_intersection_distance,non_intersection_units,number_of_lanes,objectid,railroad_crossing_number,road_alignment,road_defects,road_defects_code,road_surface_condition_code,roadway_functional_class,roadway_functional_class_code,route_number,sfe,toll,township,traffic_control_device_code,traffic_control_device_cond_code,trafficway_descrip,trafficway_description_code,ts_crash_coordinate_x,ts_crash_coordinate_y,ts_crash_latitude,ts_crash_longitude,type_report,urban_rural,weather_code,were_workers_present,work_zone,work_zone_related,work_zone_type
2020,2020-03-05,Thursday,10,10:40 AM,Property Damage,No Injuries,0,0,0,0,0,2,Front to Rear,11,N,N,Following Too Closely,Failing to Reduce Speed to Avoid Crash,Daylight,Clear,Dry,N,,,,,No Controls,No Controls,N,2,41.8720956,-87.7859711,ok,Partial Access Control,3,03-20-03220,2020,,3,28,50000 and OVER,9,4295,Oak Park,C,Urban InterState,0,16,5,10833202,3,Cook,0,20,,,4,N,No,(UNK),202001074104,ISP,1,22.5,Y,,,,(UNK),50070,(N/A),(UNK),No Defects,1,1,InterState,1,9290,X001866733,Not Toll,73,1,1,Divided With Median Barrier,3,2944981.37433155,1904908.75311943,41.87208771,-87.786,,Urban,1,N,(N/A),Y,(N/A)
2020,2020-03-06,Friday,08,08:55 AM,Property Damage,No Injuries,0,0,0,0,0,1,Other Object,7,N,N,Evasive Action Due to Animal / Object / Non-Motorist,(N/A),Daylight,Clear,Dry,N,,,,,No Controls,No Controls,N,1,,,missing,(UNK),1,2001215,2020,,32,99,50000 and OVER,9,4295,Oak Park,C,(UNK),8,16,6,10836111,3,Cook,0,20,GAS PIPE,GAS PIPE,5,N,No,Free Flow,202001076560,City,1,0,N,,,,(UNK),50117,(N/A),(UNK),No Defects,1,1,(UNK),0,0,X001867614,No Toll,,1,1,Alley,12,0,0,,,,(UNK),1,N,(N/A),Y,(N/A)
2020,2020-03-03,Tuesday,22,10:49 PM,Property Damage,No Injuries,0,0,0,0,0,4,Front to Rear,11,N,N,Failing to Reduce Speed to Avoid Crash,Following Too Closely,Darkness / Lighted Road,Clear,Dry,N,,,,,Other,Functioning Properly,N,2,41.8723329,-87.7887154,ok,Partial Access Control,3,03-20-03146,2020,,28,3,50000 and OVER,9,4295,Oak Park,C,Urban InterState,0,16,3,10834916,3,Cook,0,20,,,2,N,No,(UNK),202001075264,ISP,5,22.35,Y,,,,(UNK),50851,(N/A),(UNK),No Defects,1,1,InterState,1,9290,X001868281,Not Toll,73,13,4,Divided With Median Barrier,3,2944231.5,1904974.5,41.87232501,-87.7887,,Urban,1,N,(N/A),Y,(N/A)
2020,2020-03-09,Monday,12,12:24 PM,Property Damage,No Injuries,0,0,0,0,0,2,Front to Rear,11,N,N,Following Too Closely,(N/A),Daylight,Rain,Wet,N,,,,,No Controls,No Controls,N,2,41.881253,-87.8047796,ok,(UNK),1,20-0792,2020,,3,99,50000 and OVER,9,4295,Oak Park,C,Urban Other Principal Arte,0,16,9,10837650,3,Cook,0,20,,,1,N,No,Slow,202001077514,City,1,19.57,Y,,,,(UNK),51113,(N/A),(UNK),No Defects,1,2,Other Principal Arterial,3,348,X001869925,Not Toll,73,1,1,"Divided, No Median Barrier",2,2939766.57001827,1908104.29764198,41.88124517,-87.8048,,Urban,2,N,(N/A),Y,(N/A)
2020,2020-03-06,Friday,13,01:41 PM,Property Damage,No Injuries,0,0,0,0,0,2,Turning,10,N,N,Failing to Yield Right of Way,Failing to Reduce Speed to Avoid Crash,Daylight,Clear,Dry,N,,,,,No Controls,No Controls,N,2,41.8794013,-87.8047232,ok,(UNK),1,2001217,2020,,2,28,50000 and OVER,9,4295,Oak Park,C,Urban Other Principal Arte,0,16,6,10837454,3,Cook,0,20,,,5,N,No,Slow,202001077332,City,1,19.7,Y,,,,(UNK),51555,(N/A),(UNK),No Defects,1,1,Other Principal Arterial,3,348,X001869716,Not Toll,73,1,1,"Divided, No Median Barrier",2,2939800.50861407,1907429.90929097,41.87939342,-87.8047,,Urban,1,N,(N/A),Y,(N/A)
2020,2020-02-27,Thursday,14,02:00 PM,Property Damage,No Injuries,0,0,0,0,0,3,Sideswipe Same Direction,12,N,N,Following Too Closely,Unable to Determine,Daylight,Clear,Dry,Y,,,,,Other Regualtory Sig,Functioning Properly,N,2,41.888428,-87.7879622,ok,(UNK),1,2001272,2020,,3,18,50000 and OVER,9,4295,Oak Park,C,Urban Major Collector,8,16,27,10839717,2,Cook,0,20,,,4,N,No,Stopped,202001079271,City,1,0,N,,,,(UNK),52025,(N/A),(UNK),No Defects,1,1,Major Collector,5,,X001871562,Not Toll,73,10,4,Not Divided,1,2944273.99346436,1910845.5566253,41.88842016,-87.788,,Urban,1,N,(N/A),Y,(N/A)
2020,2020-03-10,Tuesday,11,11:10 AM,Property Damage,No Injuries,0,0,0,0,0,1,Parked Motor Vehicle,9,N,N,Unable to Determine,Unable to Determine,Daylight,Clear,Dry,N,,,,,No Controls,No Controls,Y,2,41.8901473,-87.799707,ok,(UNK),1,2001288,2020,,18,18,50000 and OVER,9,4295,Oak Park,C,Urban Local Road or Street,0,16,10,10839718,3,Cook,0,20,,,2,N,No,Free Flow,202001079272,City,1,0.02,N,,,,(UNK),52026,(N/A),(UNK),No Defects,1,1,Local Road or Street,7,3060,X001871563,Not Toll,73,1,1,Not Divided,1,2941058.56409241,1911383.60990524,41.89013943,-87.7997,,Urban,1,N,(N/A),Y,(N/A)
2020,2020-03-06,Friday,17,05:13 PM,Property Damage,No Injuries,0,0,0,0,0,4,Front to Rear,11,N,N,Failing to Reduce Speed to Avoid Crash,Driving Skills/Knowledge/Experience,Daylight,Clear,Dry,N,,,,,No Controls,No Controls,N,3,41.9091588,-87.7838818,ok,(UNK),1,2001222,2020,,28,15,50000 and OVER,9,4295,Oak Park,C,Urban Other Principal Arte,0,16,6,10838399,3,Cook,0,20,,,5,N,No,Stopped,202001078236,City,1,7.04,Y,,,,(UNK),52133,(N/A),(UNK),No Defects,1,1,Other Principal Arterial,3,307,X001870521,Not Toll,73,1,1,Not Divided,1,2945175.17184614,1918431.09955853,41.90915092,-87.7839,,Urban,1,N,(N/A),Y,(N/A)
2020,2020-03-08,Sunday,00,00:05 AM,Injury,B Injury Crash,1,0,0,1,0,1,Front to Rear,11,N,N,Under Influence of Alcohol/Drugs,Failing to Reduce Speed to Avoid Crash,Darkness / Lighted Road,Clear,Dry,N,,,,,Traffic Signal,Functioning Properly,Y,2,41.8759083,-87.8045935,ok,(UNK),1,2001251,2020,,8,28,50000 and OVER,9,4295,Oak Park,C,Urban Other Principal Arte,0,16,8,10838402,3,Cook,2,20,,,7,N,No,(UNK),202001078239,City,5,19.94,Y,,,,(UNK),52134,(N/A),(UNK),No Defects,1,1,Other Principal Arterial,3,348,X001870525,Not Toll,73,3,4,Not Divided,1,2939870.86820691,1906157.98791416,41.87590047,-87.8046,,Urban,1,N,(N/A),Y,(N/A)
2020,2020-03-08,Sunday,00,00:10 AM,Injury,B Injury Crash,1,0,0,1,0,1,Angle,15,N,N,Under Influence of Alcohol/Drugs,Failing to Reduce Speed to Avoid Crash,Darkness / Lighted Road,Clear,Dry,N,,,,,Traffic Signal,Functioning Properly,N,2,41.9087836,-87.8057828,ok,(UNK),1,2001251,2020,,8,28,50000 and OVER,9,4295,Oak Park,C,Urban Other Principal Arte,6,16,8,10838404,3,Cook,2,20,,,7,N,No,(UNK),202001078296,City,5,28.04,Y,,,,(UNK),52135,(N/A),(UNK),No Defects,1,1,Other Principal Arterial,3,5043,X001870525,Not Toll,73,3,4,Not Divided,1,2939217.15400692,1918129.42300251,41.90877572,-87.8058,,Urban,1,N,(N/A),Y,(N/A)
2020,2020-03-07,Saturday,15,03:43 PM,Property Damage,No Injuries,0,0,0,0,0,2,Parked Motor Vehicle,9,N,N,Failing to Reduce Speed to Avoid Crash,(N/A),Daylight,Clear,Dry,N,,,,,No Controls,Functioning Properly,N,3,41.8943513,-87.7981532,ok,(UNK),1,2001243,2020,,28,99,50000 and OVER,9,4295,Oak Park,C,Urban Minor Arterial,0,16,7,10838415,3,Cook,0,20,,,6,N,Yes,Free Flow,202001078246,City,1,2.92,N,,,,(UNK),52138,(N/A),(UNK),No Defects,1,1,Minor Arterial,4,1398,X001869946,Not Toll,73,1,4,"Divided, No Median Barrier",2,2941439.33673197,1912927.30602863,41.89434343,-87.7981,,Urban,1,N,(N/A),Y,(N/A)
2020,2020-03-09,Monday,01,01:18 AM,Property Damage,No Injuries,0,0,0,0,0,3,Front to Rear,11,N,N,Failing to Reduce Speed to Avoid Crash,(N/A),Darkness / Lighted Road,Clear,Dry,Y,,,,,Traffic Signal,Functioning Properly,N,2,41.9091478,-87.7850158,ok,(UNK),1,2001263,2020,,28,99,50000 and OVER,9,4295,Oak Park,C,Urban Other Principal Arte,6,16,9,10838420,3,Cook,0,20,,,1,N,No,Slow,202001078251,City,5,130.24,Y,,,,(UNK),52162,(N/A),(UNK),No Defects,1,1,Other Principal Arterial,3,5064,X001869999,Not Toll,73,3,4,"Divided, No Median Barrier",2,2944866.58923034,1918418.54020642,41.90914,-87.785,,Urban,1,N,(N/A),Y,(N/A)
2020,2020-03-09,Monday,14,02:20 PM,Property Damage,No Injuries,0,0,0,0,0,2,Turning,10,N,N,Failing to Yield Right of Way,Failing to Reduce Speed to Avoid Crash,Daylight,Rain,Wet,N,,,,,No Controls,No Controls,N,2,41.8797279,-87.7945353,ok,(UNK),1,2001274,2020,,2,28,50000 and OVER,9,4295,Oak Park,C,Urban Minor Arterial,0,16,9,10838435,3,Cook,0,20,,,1,N,No,Free Flow,202001078257,City,1,3.59,N,,,,(UNK),52165,(N/A),(UNK),No Defects,1,2,Minor Arterial,4,1419,X001870527,Not Toll,73,1,1,Four Way,14,2942571.81012008,1907625.51630048,41.87972009,-87.7945,,Urban,2,N,(N/A),Y,(N/A)
2020,2020-03-11,Wednesday,17,05:22 PM,Property Damage,No Injuries,0,0,0,0,0,2,Turning,10,N,N,Improper Lane Usage,Failing to Reduce Speed to Avoid Crash,Dusk,Clear,Dry,N,,,,,Traffic Signal,Functioning Properly,N,2,41.8736416,-87.8045258,ok,Partial Access Control,1,20-00817,2020,,20,28,50000 and OVER,9,4295,Oak Park,C,Urban InterState,0,16,11,10840696,3,Cook,0,20,,,3,N,No,Slow,202001080140,City,3,25.61,Y,,,,(UNK),52792,(N/A),(UNK),No Defects,1,1,InterState,1,5043,X001872277,Not Toll,73,3,4,Divided With Median Barrier,3,2939912.062394,1905332.46992192,41.87363377,-87.8045,,Urban,1,N,(N/A),Y,(N/A)
2020,2020-03-12,Thursday,10,10:45 AM,Property Damage,No Injuries,0,0,0,0,0,3,Front to Rear,11,N,N,Failing to Reduce Speed to Avoid Crash,(N/A),Daylight,Clear,Dry,Y,,,,,Traffic Signal,Functioning Properly,N,2,41.8736416,-87.8045258,ok,Partial Access Control,1,20-00825,2020,,28,99,50000 and OVER,9,4295,Oak Park,C,Urban InterState,6,16,12,10841309,3,Cook,0,20,,,4,N,No,Free Flow,202001080676,City,1,25.61,Y,,,,(UNK),52996,(N/A),(UNK),No Defects,1,1,InterState,1,5043,X001872906,Not Toll,73,3,4,Divided With Median Barrier,3,2939912.062394,1905332.46992192,41.87363377,-87.8045,,Urban,1,N,(N/A),Y,(N/A)
2020,2020-02-18,Tuesday,14,02:53 PM,Property Damage,No Injuries,0,0,0,0,0,2,Front to Rear,11,N,N,Unable to Determine,Unable to Determine,Daylight,Clear,Dry,N,,,,,No Controls,No Controls,Y,2,41.8736411,-87.8045217,ok,Partial Access Control,1,20-0534,2020,,18,18,50000 and OVER,9,4295,Oak Park,C,Urban InterState,6,16,18,10839182,2,Cook,0,20,,,2,N,No,Free Flow,202001078774,City,1,25.61,Y,,,,(UNK),53393,(N/A),(UNK),No Defects,1,1,InterState,1,5043,X001871179,Not Toll,73,1,1,Not Divided,1,2939913.19028403,1905332.31854011,41.87363327,-87.8045,,Urban,1,N,(N/A),Y,(N/A)
2020,2020-03-05,Thursday,19,07:00 PM,Property Damage,No Injuries,0,0,0,0,0,1,Parked Motor Vehicle,9,N,N,Unable to Determine,(N/A),Unknown,Unknown,Unknown,N,,,,,No Controls,No Controls,Y,2,41.8815863,-87.7944395,ok,(UNK),1,2001355,2020,,18,99,50000 and OVER,9,4295,Oak Park,C,Urban Major Collector,0,16,5,10843009,3,Cook,0,20,,,4,N,No,(UNK),202001081767,City,9,0.53,N,,,,(UNK),53693,(N/A),(UNK),No Defects,1,9,Major Collector,5,5,X001873942,Not Toll,73,1,1,Not Divided,1,2942579.17712167,1908303.44688852,41.88157842,-87.7944,,Urban,9,N,(N/A),Y,(N/A)
2020,2020-03-05,Thursday,17,05:30 PM,Property Damage,No Injuries,0,0,0,0,0,2,Front to Rear,11,N,N,Failing to Reduce Speed to Avoid Crash,Unable to Determine,Dusk,Clear,Dry,Y,,,,,Traffic Signal,Functioning Properly,Y,2,41.8802132,-87.7795486,ok,(UNK),1,2001211,2020,,28,18,50000 and OVER,9,4295,Oak Park,C,Urban Local Road or Street,0,16,5,10840404,3,Cook,0,20,,,4,N,No,Slow,202001079679,City,3,0.53,N,,,,(UNK),53709,(N/A),(UNK),No Defects,1,1,Local Road or Street,7,3794,X001872029,Not Toll,73,3,4,Not Divided,1,2946648.37254729,1907915.59230633,41.88020538,-87.7795,,Urban,1,N,(N/A),Y,(N/A)
2020,2020-03-09,Monday,10,10:00 AM,Property Damage,No Injuries,0,0,0,0,0,1,Parked Motor Vehicle,9,N,N,Failing to Reduce Speed to Avoid Crash,(N/A),Daylight,Rain,Wet,N,,,,,Traffic Signal,Functioning Properly,N,2,41.8817706,-87.7845167,ok,(UNK),1,2001267,2020,,28,99,50000 and OVER,9,4295,Oak Park,C,Urban Major Collector,0,16,9,10840406,3,Cook,0,20,,,1,N,No,Free Flow,202001079681,City,1,1.4,N,,,,(UNK),53759,(N/A),(UNK),No Defects,1,2,Major Collector,5,2783,X001872080,Not Toll,73,3,4,"Divided, No Median Barrier",2,2945279.60541472,1908445.50974782,41.88176274,-87.7845,,Urban,2,N,(N/A),Y,(N/A)
2020,2020-03-06,Friday,02,02:08 AM,Injury,B Injury Crash,1,0,0,1,0,1,Front to Rear,11,N,N,Under Influence of Alcohol/Drugs,Failing to Reduce Speed to Avoid Crash,Darkness / Lighted Road,Clear,Dry,N,,,,,No Controls,Functioning Properly,N,2,41.8736446,-87.8030455,ok,Partial Access Control,3,03-20-03256,2020,,8,28,50000 and OVER,9,4295,Oak Park,C,Urban InterState,0,16,6,10842608,3,Cook,2,20,,,5,N,No,(UNK),202001081611,ISP,5,21.65,Y,,,,(UNK),53858,(N/A),(UNK),No Defects,1,1,InterState,1,9290,X001873840,Not Toll,73,1,4,Divided With Median Barrier,3,2940315.20627477,1905344.65667107,41.87363674,-87.803,,Urban,1,N,(N/A),Y,(N/A)
2020,2020-03-10,Tuesday,15,03:15 PM,Property Damage,No Injuries,0,0,0,0,0,3,Sideswipe Same Direction,12,N,N,Failing to Yield Right of Way,Improper Lane Usage,Daylight,Clear,Dry,N,,,,,No Controls,No Controls,N,2,41.8916979,-87.8019887,ok,(UNK),1,2001295,2020,,2,20,50000 and OVER,9,4295,Oak Park,C,Urban Local Road or Street,0,16,10,10840961,3,Cook,0,20,,,2,N,No,Free Flow,202001080382,City,1,0.01,N,,,,(UNK),53932,(N/A),(UNK),No Defects,1,1,Local Road or Street,7,9,X001872545,Not Toll,73,1,1,Not Divided,1,2940421.66914949,1911931.54877938,41.89169006,-87.802,,Urban,1,N,(N/A),Y,(N/A)
2020,2020-03-10,Tuesday,23,11:36 PM,Property Damage,No Injuries,0,0,0,0,0,1,Fixed Object,6,N,N,Improper Turning/No Signal,Disregarding Stop Sign,Darkness,Clear,Dry,N,,,,,Stop Sign,Functioning Properly,Y,1,41.8708079,-87.7828656,ok,(UNK),1,2001311,2020,,6,23,50000 and OVER,9,4295,Oak Park,C,Urban Local Road or Street,8,16,10,10840963,3,Cook,0,20,STOP SIGN,,2,N,No,(UNK),202001080384,City,4,0,N,,,,(UNK),53933,(N/A),(UNK),No Defects,1,1,Local Road or Street,7,,X001872547,Not Toll,73,2,4,"Divided, No Median Barrier",2,2945840.2789674,1904463.00400353,41.87080007,-87.7829,,Urban,1,N,(N/A),Y,(N/A)
2020,2020-03-10,Tuesday,16,04:00 PM,Property Damage,No Injuries,0,0,0,0,0,3,Turning,10,N,N,Failing to Yield Right of Way,(N/A),Daylight,Clear,Dry,N,,,,,Stop Sign,Functioning Properly,N,2,41.879971,-87.7861106,ok,(UNK),1,2001297,2020,,2,99,50000 and OVER,9,4295,Oak Park,C,Urban Minor Arterial,8,16,10,10840964,3,Cook,0,20,,,2,N,No,Free Flow,202001080385,City,1,0,N,,,,(UNK),53934,(N/A),(UNK),No Defects,1,1,Minor Arterial,4,,X001872548,Not Toll,73,2,4,"Divided, No Median Barrier",2,2944863.72310681,1907777.65237496,41.87996314,-87.7861,,Urban,1,N,(N/A),Y,(N/A)
2020,2020-03-10,Tuesday,18,06:07 PM,Property Damage,No Injuries,0,0,0,0,0,2,Angle,15,N,N,Failing to Reduce Speed to Avoid Crash,Unable to Determine,Daylight,Clear,Dry,Y,,,,,Stop Sign,Functioning Properly,N,2,41.8455378,-87.7644058,outside_oak_park,(UNK),1,2001303,2020,,28,18,50000 and OVER,9,4295,Oak Park,C,Urban Local Road or Street,0,16,10,10840966,3,Cook,0,20,,,2,N,No,Free Flow,202001080387,City,1,0.69,N,,,,(UNK),53936,(N/A),(UNK),No Defects,1,1,Local Road or Street,7,3020,X001872550,Not Toll,,2,4,Not Divided,1,2951126.12535232,1895394.3830096,41.84553,-87.7644,,Urban,1,N,(N/A),Y,(N/A)
2020,2020-03-08,Sunday,21,09:41 PM,Property Damage,No Injuries,0,0,0,0,0,1,Fixed Object,6,N,N,Driving Skills/Knowledge/Experience,Improper Lane Usage,Darkness / Lighted Road,Clear,Dry,N,,,,,Other,Functioning Properly,N,1,41.8716501,-87.7838739,ok,Partial Access Control,3,03-20-03439,2020,,15,20,50000 and OVER,9,4295,Oak Park,C,Urban InterState,0,16,8,10843399,3,Cook,0,20,,,7,N,No,(UNK),202001082140,ISP,5,8.73,Y,,,,(UNK),54103,(N/A),(UNK),No Defects,1,1,InterState,1,290,X001874358,Not Toll,,13,4,Divided With Median Barrier,3,2945557.10712147,1904762.27517735,41.87164224,-87.7839,,Urban,1,N,(N/A),Y,(N/A)
2020,2020-03-12,Thursday,12,12:53 PM,Property Damage,No Injuries,0,0,0,0,0,3,Turning,10,N,N,Unable to Determine,Unable to Determine,Daylight,Cloudy/Overcast,Dry,Y,,,,,Traffic Signal,Functioning Properly,N,2,41.8736416,-87.8045258,ok,Partial Access Control,1,20-828,2020,,18,18,50000 and OVER,9,4295,Oak Park,C,Urban InterState,6,16,12,10841654,3,Cook,0,20,,,4,N,No,Free Flow,202001080733,City,1,25.61,Y,,,,(UNK),54325,(N/A),(UNK),No Defects,1,1,InterState,1,5043,X001872968,Not Toll,73,3,4,Divided With Median Barrier,3,2939912.062394,1905332.46992192,41.87363377,-87.8045,,Urban,8,N,(N/A),Y,(N/A)
2020,2020-03-10,Tuesday,18,06:19 PM,Injury,C Injury Crash,2,0,0,0,2,2,Front to Rear,11,N,N,Improper Overtaking/Passing,Improper Lane Usage,Darkness / Lighted Road,Clear,Dry,Y,,,,,Traffic Signal,Functioning Properly,N,2,41.8886494,-87.8025768,ok,(UNK),1,2001304,2020,,4,20,50000 and OVER,9,4295,Oak Park,C,Urban Major Collector,8,16,10,10841744,3,Cook,1,20,,,2,N,No,Slow,202001080812,City,5,0,N,,,,(UNK),54813,(N/A),(UNK),No Defects,1,1,Major Collector,5,,X001873030,Not Toll,73,3,4,Not Divided,1,2940292.16069619,1910816.18201368,41.8886415,-87.8026,,Urban,1,N,(N/A),Y,(N/A)
2020,2020-03-07,Saturday,17,05:20 PM,Property Damage,No Injuries,0,0,0,0,0,3,Front to Rear,11,N,N,Failing to Reduce Speed to Avoid Crash,Following Too Closely,Darkness / Lighted Road,Clear,Dry,N,,,,,Other,Functioning Properly,N,3,41.8737411,-87.8041418,ok,Partial Access Control,3,03-20-03403,2020,,28,3,50000 and OVER,9,4295,Oak Park,C,Urban InterState,0,16,7,10842318,3,Cook,0,20,,,6,N,No,(UNK),202001081357,ISP,5,21.6,Y,,,,(UNK),55124,(N/A),(UNK),No Defects,1,1,InterState,1,9290,X001873609,Not Toll,73,13,4,Divided With Median Barrier,3,2940015.66611625,1905371.61254954,41.87373328,-87.8041,,Urban,1,N,(N/A),Y,(N/A)
2020,2020-03-12,Thursday,15,03:12 PM,Property Damage,No Injuries,0,0,0,0,0,2,Sideswipe Same Direction,12,N,N,Failing to Reduce Speed to Avoid Crash,Improper Lane Usage,Daylight,Clear,Dry,Y,,,,,Traffic Signal,Functioning Properly,N,2,41.8815883,-87.7943358,ok,(UNK),1,2001343,2020,,28,20,50000 and OVER,9,4295,Oak Park,C,Urban Major Collector,8,16,12,10842908,3,Cook,0,20,,,4,N,Yes,Free Flow,202001081669,City,1,0,N,,,,(UNK),55244,(N/A),(UNK),No Defects,1,1,Major Collector,5,,X001873884,Not Toll,73,3,4,Not Divided,1,2942607.38724037,1908304.97547643,41.88158047,-87.7943,,Urban,1,N,(N/A),Y,(N/A)
2020,2020-03-12,Thursday,15,03:45 PM,Injury,C Injury Crash,1,0,0,0,1,2,Front to Rear,11,N,N,Failing to Reduce Speed to Avoid Crash,Following Too Closely,Daylight,Clear,Dry,N,,,,,No Controls,No Controls,N,2,41.8799235,-87.7819481,ok,(UNK),1,2001346,2020,,28,3,50000 and OVER,9,4295,Oak Park,C,Urban Minor Arterial,0,16,12,10842909,3,Cook,1,20,,,4,N,No,Stopped,202001081670,City,1,4.25,N,,,,(UNK),55245,(N/A),(UNK),No Defects,1,1,Minor Arterial,4,1419,X001873889,Not Toll,73,1,1,Two-way Continuous Left-Tur,4,2945997.82379019,1907791.84276489,41.87991568,-87.7819,,Urban,1,N,(N/A),Y,(N/A)
2020,2020-03-12,Thursday,16,04:04 PM,Property Damage,No Injuries,0,0,0,0,0,2,Angle,15,N,N,Failing to Yield Right of Way,Failing to Reduce Speed to Avoid Crash,Daylight,Clear,Dry,N,,,,,Traffic Signal,Functioning Properly,N,3,41.8834568,-87.7796657,ok,(UNK),1,2001347,2020,,2,28,50000 and OVER,9,4295,Oak Park,C,Urban Local Road or Street,0,16,12,10842911,3,Cook,0,20,,,4,N,Yes,Free Flow,202001081671,City,1,0.33,N,,,,(UNK),55246,(N/A),(UNK),No Defects,1,1,Local Road or Street,7,3794,X001873891,Not Toll,73,3,4,Not Divided,1,2946583.58396199,1909096.73289945,41.88344898,-87.7797,,Urban,1,N,(N/A),Y,(N/A)
2020,2020-03-14,Saturday,17,05:50 PM,Property Damage,No Injuries,0,0,0,0,0,2,Sideswipe Same Direction,12,N,N,Improper Lane Usage,Failing to Reduce Speed to Avoid Crash,Daylight,Sleet/Hail,Wet,N,,,,,Traffic Signal,Functioning Properly,N,2,41.8736172,-87.8041192,ok,Partial Access Control,3,03-20-03710,2020,,20,28,50000 and OVER,9,4295,Oak Park,C,Urban InterState,8,16,14,10844644,3,Cook,0,20,,,6,N,No,(UNK),202001083339,ISP,1,0,Y,,,,(UNK),55430,(N/A),(UNK),No Defects,1,2,InterState,1,,X001875601,Not Toll,73,3,4,Ramp,11,2940023.0403438,1905326.60603559,41.87360931,-87.8041,,Urban,5,N,(N/A),Y,(N/A)
2020,2020-03-04,Wednesday,17,05:58 PM,Property Damage,No Injuries,0,0,0,0,0,2,Front to Rear,11,N,N,Failing to Reduce Speed to Avoid Crash,(N/A),Darkness / Lighted Road,Clear,Dry,N,,,,,Delineators,Functioning Properly,N,2,41.9076061,-87.8057388,ok,(UNK),1,2000264,2020,,28,99,50000 and OVER,9,4295,Oak Park,C,Urban Other Principal Arte,0,16,4,10842416,3,Cook,0,20,,,3,N,No,Free Flow,202001081447,City,5,17.74,Y,,,,(UNK),55478,(N/A),(UNK),No Defects,1,1,Other Principal Arterial,3,348,X001873096,Not Toll,73,14,4,Not Divided,1,2939240.95320773,1917700.64670067,41.90759821,-87.8057,,Urban,1,N,(N/A),Y,(N/A)
2020,2020-03-15,Sunday,16,04:25 PM,Property Damage,No Injuries,0,0,0,0,0,7,Front to Rear,11,N,N,Failing to Reduce Speed to Avoid Crash,Following Too Closely,Daylight,Clear,Dry,N,,,,,Other,Functioning Properly,N,3,41.8733596,-87.8012307,ok,Partial Access Control,3,03-20-03741,2020,,28,3,50000 and OVER,9,4295,Oak Park,C,Urban InterState,0,16,15,10844678,3,Cook,0,20,,,7,N,No,(UNK),202001083372,ISP,1,0.11,Y,,,,(UNK),55633,(N/A),(UNK),No Defects,1,1,InterState,1,290,X001875635,Not Toll,,13,4,Ramp,11,2940812.36496921,1905254.42209957,41.87335174,-87.8012,,Urban,1,N,(N/A),Y,(N/A)
2020,2020-03-05,Thursday,11,11:37 AM,Property Damage,No Injuries,0,0,0,0,0,1,Parked Motor Vehicle,9,N,N,Improper Turning/No Signal,Unable to Determine,Daylight,Clear,Dry,N,,,,,No Controls,No Controls,N,2,41.891472,-87.788047,ok,(UNK),1,2001206,2020,,6,18,50000 and OVER,9,4295,Oak Park,C,Urban Local Road or Street,0,16,5,10845941,3,Cook,0,20,,,4,N,No,Free Flow,202001084204,City,1,0.21,N,,,,(UNK),56054,(N/A),(UNK),No Defects,1,1,Local Road or Street,7,2650,X001876366,Not Toll,73,1,1,One-Way,10,2944220.13324303,1911954.19662532,41.89146413,-87.788,,Urban,1,N,(N/A),Y,(N/A)
2020,2020-03-16,Monday,12,12:08 PM,Property Damage,No Injuries,0,0,0,0,0,1,Parked Motor Vehicle,9,N,N,Failing to Reduce Speed to Avoid Crash,Unable to Determine,Daylight,Clear,Wet,N,,,,,No Controls,No Controls,N,2,41.8878648,-87.8047073,ok,(UNK),1,2001416,2020,,28,18,50000 and OVER,9,4295,Oak Park,C,Urban Local Road or Street,0,16,16,10846636,3,Cook,0,20,,,1,N,No,Slow,202001084872,City,1,0.01,N,,,,(UNK),56351,(N/A),(UNK),No Defects,1,2,Local Road or Street,7,3045,X001876944,Not Toll,73,1,1,Roundabout,18,2939719.90344718,1910514.30934236,41.887857,-87.8047,,Urban,1,N,(N/A),Y,(N/A)
2020,2020-03-14,Saturday,09,09:30 AM,Injury,A Injury Crash,1,0,1,0,0,1,Turning,10,N,N,Failing to Reduce Speed to Avoid Crash,Disregarding Traffic Signals,Daylight,Cloudy/Overcast,Dry,Y,,,,,Traffic Signal,Functioning Properly,N,2,41.8813879,-87.804782,ok,(UNK),1,2001384,2020,,28,25,50000 and OVER,9,4295,Oak Park,C,Urban Other Principal Arte,0,16,14,10846646,3,Cook,3,20,,,6,N,No,Free Flow,202001084882,City,1,26.14,Y,,,,(UNK),56465,(N/A),(UNK),No Defects,1,1,Other Principal Arterial,3,5043,X001876517,Not Toll,73,3,4,"Divided, No Median Barrier",2,2939764.5612442,1908153.44408091,41.88138009,-87.8048,,Urban,8,N,(N/A),Y,(N/A)