crash_year,crash_date,day_of_week,crash_hour,time_of_crash,crash_severity,crash_injury_severity,total_injured,total_fatals,a_injuries,b_injuries,c_injuries,no_injuries,type_of_first_crash,collision_type_code,pedestrian_involved,pedalcyclist_involved,cause1,cause2,lighting_cond,weather_cond,road_surface_cond,intersection_related,is_intersection,highway_or_street_name,at_intersection_with,address_no,traffic_control_device,traffic_control_device_cond,hit_and_run,number_of_vehicles,latitude,longitude,location_status,access_control,agency_code,agency_report_number,agency_report_year,alignment_code,cause1_code,cause2_code,city_class,city_class_code,city_code,city_name,city_township_flag,class_of_trafficway,class_of_trafficway_code,county_code,crash_day,crash_id,crash_month,crash_report_county,crash_severity_cd,crash_yr_source,damaged_property1,damaged_property2,day_of_week_code,did_crash_occur_in_work_zone,did_involve_secondary_crash,flow_condition,icn,investigating_agency_descrip,light_condition_code,mile_station,nhs,non_intersection_direction,non_intersection_distance,non_intersection_units,number_of_lanes,objectid,railroad_crossing_number,road_alignment,road_defects,road_defects_code,road_surface_condition_code,roadway_functional_class,roadway_functional_class_code,route_number,sfe,toll,township,traffic_control_device_code,traffic_control_device_cond_code,trafficway_descrip,trafficway_description_code,ts_crash_coordinate_x,ts_crash_coordinate_y,ts_crash_latitude,ts_crash_longitude,type_report,urban_rural,weather_code,were_workers_present,work_zone,work_zone_related,work_zone_type
2020,2020-03-10,Tuesday,15,03:00 PM,Property Damage,No Injuries,0,0,0,0,0,8,Front to Rear,11,N,N,Failing to Reduce Speed to Avoid Crash,Following Too Closely,Daylight,Clear,Dry,N,,,,,Delineators,Functioning Properly,N,4,41.8720639,-87.7887773,ok,Partial Access Control,3,03-20-03532,2020,,28,3,50000 and OVER,9,4295,Oak Park,C,Urban InterState,0,16,10,10844822,3,Cook,0,20,,,2,N,No,(UNK),202001083515,ISP,1,8.47,Y,,,,(UNK),56471,(N/A),(UNK),No Defects,1,1,InterState,1,290,X001875777,Not Toll,,14,4,Divided With Median Barrier,3,2944217.36099802,1904876.01421224,41.87205604,-87.7888,,Urban,1,N,(N/A),Y,(N/A)
2020,2020-03-19,Thursday,13,01:57 PM,Property Damage,No Injuries,0,0,0,0,0,5,Front to Rear,11,N,N,Following Too Closely,Equipment-Vehicle Condition,Daylight,Rain,Wet,Y,,,,,No Controls,Functioning Properly,N,2,41.8797525,-87.7905539,ok,(UNK),1,2001467,2020,,3,10,50000 and OVER,9,4295,Oak Park,C,Urban Minor Arterial,8,16,19,10849875,3,Cook,0,20,,,4,N,No,Stopped,202001087730,City,1,0,N,,,,(UNK),58262,(N/A),(UNK),No Defects,1,2,Minor Arterial,4,,X001879803,Not Toll,73,1,4,"Divided, No Median Barrier",2,2943655.84617609,1907664.47480029,41.87974464,-87.7905,,Urban,2,N,(N/A),Y,(N/A)
2020,2020-03-04,Wednesday,13,01:52 PM,Property Damage,No Injuries,0,0,0,0,0,2,Angle,15,N,N,Unable to Determine,(N/A),Daylight,Unknown,Unknown,N,,,,,Delineators,No Controls,Y,2,41.8759041,-87.8045934,ok,(UNK),1,20-00720,2020,,18,99,50000 and OVER,9,4295,Oak Park,C,Urban Other Principal Arte,0,16,4,10848967,3,Cook,0,20,,,3,N,No,Slow,202001086916,City,1,19.94,Y,,,,(UNK),58353,(N/A),(UNK),Worn Surface,8,9,Other Principal Arterial,3,348,X001879125,Not Toll,73,14,1,Parking Lot,7,2939870.94419162,1906156.44611889,41.87589624,-87.8046,,Urban,9,N,(N/A),N,(N/A)
2020,2020-03-14,Saturday,07,07:32 AM,Property Damage,No Injuries,0,0,0,0,0,2,Front to Rear,11,N,N,Failing to Reduce Speed to Avoid Crash,(N/A),Daylight,Clear,Dry,Y,,,,,Traffic Signal,Functioning Properly,N,2,41.9015578,-87.8055264,ok,(UNK),1,2001383,2020,,28,99,50000 and OVER,9,4295,Oak Park,C,Urban Other Principal Arte,0,16,14,10849464,3,Cook,0,20,,,6,N,No,Stopped,202001087362,City,1,27.54,Y,,,,(UNK),58606,(N/A),(UNK),No Defects,1,1,Other Principal Arterial,3,5043,X001879105,Not Toll,73,3,4,"Divided, No Median Barrier",2,2939359.45570444,1915498.14862025,41.90154998,-87.8055,,Urban,1,N,(N/A),Y,(N/A)
2020,2020-03-05,Thursday,08,08:45 AM,Injury,B Injury Crash,1,0,0,1,0,1,Angle,15,N,N,Failing to Yield Right of Way,Unable to Determine,Daylight,Clear,Dry,N,,,,,No Controls,No Controls,N,2,41.8794851,-87.7795272,ok,(UNK),1,2001202,2020,,2,18,50000 and OVER,9,4295,Oak Park,C,Urban Minor Collector,0,16,5,10848007,3,Cook,2,20,,,4,N,No,Free Flow,202001086035,City,1,0.58,N,,,,(UNK),58670,(N/A),(UNK),No Defects,1,1,Minor Collector,6,3794,X001877857,Not Toll,73,1,1,Not Divided,1,2946661.5747617,1907650.42535883,41.87947729,-87.7795,,Urban,1,N,(N/A),Y,(N/A)
2020,2020-03-16,Monday,15,03:55 PM,Injury,B Injury Crash,1,0,0,1,0,0,Other Object,7,N,N,Equipment-Vehicle Condition,(N/A),Daylight,Clear,Wet,N,,,,,Stop Sign,Functioning Properly,N,1,41.9058019,-87.7833817,ok,(UNK),1,2001420,2020,,10,99,50000 and OVER,9,4295,Oak Park,C,Urban Major Collector,8,16,16,10848008,3,Cook,2,20,PARKWAY TREE,,1,N,No,Free Flow,202001086036,City,1,0,N,,,,(UNK),58671,(N/A),(UNK),No Defects,1,2,Major Collector,5,,X001877858,Not Toll,73,2,4,"Divided, No Median Barrier",2,2945345.30100702,1917211.57205556,41.90579405,-87.7834,,Urban,1,N,(N/A),Y,(N/A)
2020,2020-03-16,Monday,19,07:41 PM,Injury,B Injury Crash,1,0,0,1,0,1,Turning,10,N,N,Failing to Yield Right of Way,(N/A),Darkness / Lighted Road,Clear,Wet,N,,,,,No Controls,No Controls,N,2,41.8849707,-87.7944128,ok,(UNK),1,2001427,2020,,2,99,50000 and OVER,9,4295,Oak Park,C,Urban Major Collector,0,16,16,10847050,3,Cook,2,20,,,1,N,No,Free Flow,202001085188,City,5,5.78,N,,,,(UNK),58712,(N/A),(UNK),No Defects,1,2,Major Collector,5,2775,X001877350,Not Toll,73,1,1,Not Divided,1,2942552.32429115,1909537.0117404,41.88496289,-87.7944,,Urban,1,N,(N/A),Y,(N/A)
2020,2020-03-17,Tuesday,08,08:14 AM,Property Damage,No Injuries,0,0,0,0,0,3,Front to Rear,11,N,N,Failing to Reduce Speed to Avoid Crash,Under Influence of Alcohol/Drugs,Daylight,Clear,Dry,Y,,,,,No Controls,No Controls,N,3,41.8947173,-87.7752014,ok,(UNK),1,2001431,2020,,28,8,50000 and OVER,9,4295,Oak Park,C,Urban Minor Arterial,8,16,17,10848504,3,Cook,0,20,,,2,N,Yes,Stopped,202001086492,City,1,0,N,,,,(UNK),58789,(N/A),(UNK),No Defects,1,1,Minor Arterial,4,,X001878163,Not Toll,73,1,1,"Divided, No Median Barrier",2,2947684.89284748,1913234.12296466,41.89470942,-87.7752,,Urban,1,N,(N/A),Y,(N/A)
2020,2020-03-06,Friday,19,07:23 PM,Property Damage,No Injuries,0,0,0,0,0,2,Front to Rear,11,N,N,Following Too Closely,Failing to Reduce Speed to Avoid Crash,Darkness / Lighted Road,Clear,Dry,N,,,,,Other,Functioning Properly,Y,2,41.8723784,-87.7892682,ok,Partial Access Control,3,03-20-03303,2020,,3,28,50000 and OVER,9,4295,Oak Park,C,Urban InterState,0,16,6,10848117,3,Cook,0,20,,,5,N,No,(UNK),202001086136,ISP,5,22.32,Y,,,,(UNK),59175,(N/A),(UNK),No Defects,1,1,InterState,1,9290,X001878338,Not Toll,73,13,4,Divided With Median Barrier,3,2944080.47326203,1904986.9171123,41.87237054,-87.7893,,Urban,1,N,(N/A),Y,(N/A)
2020,2020-03-21,Saturday,16,04:35 PM,Property Damage,No Injuries,0,0,0,0,0,1,Fixed Object,6,N,N,Failing to Reduce Speed to Avoid Crash,Driving Skills/Knowledge/Experience,Daylight,Clear,Dry,Y,,,,,Stop Sign,Functioning Properly,N,1,41.8867731,-87.8024906,ok,(UNK),1,2001501,2020,,28,15,50000 and OVER,9,4295,Oak Park,C,Urban Local Road or Street,8,16,21,10850418,3,Cook,0,20,,,6,N,No,Slow,202001088249,City,1,0,N,,,,(UNK),60058,(N/A),(UNK),No Defects,1,1,Local Road or Street,7,,X001880419,Not Toll,73,2,4,Four Way,14,2940334.48674601,1910133.10369334,41.88676529,-87.8025,,Urban,1,N,(N/A),Y,(N/A)
2020,2020-03-23,Monday,15,03:03 PM,Property Damage,No Injuries,0,0,0,0,0,1,Parked Motor Vehicle,9,N,N,Unable to Determine,(N/A),Unknown,Unknown,Unknown,N,,,,,No Controls,No Controls,Y,3,41.8824864,-87.7970023,ok,(UNK),1,2001528,2020,,18,99,50000 and OVER,9,4295,Oak Park,C,Urban Local Road or Street,0,16,23,10852541,3,Cook,0,20,,,1,N,No,Free Flow,202001090457,City,9,0.42,N,,,,(UNK),60187,(N/A),(UNK),No Defects,1,9,Local Road or Street,7,2690,X001882367,Not Toll,73,1,1,Not Divided,1,2941872.17364141,1908612.19457732,41.88247859,-87.797,,Urban,9,N,(N/A),Y,(N/A)
2020,2020-03-24,Tuesday,18,06:38 PM,Property Damage,No Injuries,0,0,0,0,0,3,Turning,10,N,N,Failing to Yield Right of Way,(N/A),Dawn,Clear,Dry,N,,,,,No Controls,No Controls,N,2,41.8798899,-87.7902198,ok,(UNK),1,2001542,2020,,2,99,50000 and OVER,9,4295,Oak Park,C,Urban Minor Arterial,8,16,24,10852543,3,Cook,0,20,,,2,N,No,Free Flow,202001090459,City,2,0,N,,,,(UNK),60188,(N/A),(UNK),No Defects,1,1,Minor Arterial,4,,X001882369,Not Toll,73,1,1,"Divided, No Median Barrier",2,2943745.4452284,1907717.06184087,41.87988203,-87.7902,,Urban,1,N,(N/A),Y,(N/A)
2020,2020-03-23,Monday,10,10:35 AM,Property Damage,No Injuries,0,0,0,0,0,2,Turning,10,N,N,Unable to Determine,(N/A),Daylight,Clear,Dry,Y,,,,,Traffic Signal,Functioning Properly,N,2,41.8736416,-87.8045258,ok,Partial Access Control,1,20-00941,2020,,18,99,50000 and OVER,9,4295,Oak Park,C,Urban InterState,6,16,23,10850993,3,Cook,0,20,,,1,N,No,Free Flow,202001088793,City,1,25.61,Y,,,,(UNK),60548,(N/A),(UNK),No Defects,1,1,InterState,1,5043,X001881044,Not Toll,73,3,4,Four Way,14,2939912.06673931,1905332.46933871,41.87363377,-87.8045,,Urban,1,N,(N/A),Y,(N/A)
2020,2020-03-21,Saturday,16,04:49 PM,Property Damage,No Injuries,0,0,0,0,0,2,Front to Rear,11,N,N,Following Too Closely,Failing to Reduce Speed to Avoid Crash,Daylight,Clear,Dry,N,,,,,Other Regualtory Sig,Functioning Properly,N,2,41.8756182,-87.6579271,outside_oak_park,Partial Access Control,3,03-20-03924,2020,,3,28,50000 and OVER,9,4295,Oak Park,C,Urban InterState,0,16,21,10850561,3,Cook,0,20,,,6,N,No,(UNK),202001088387,ISP,1,15.24,Y,,,,(UNK),60941,(N/A),(UNK),No Defects,1,1,InterState,1,290,X001880596,Not Toll,,10,4,Divided With Median Barrier,3,2979819.77146464,1907186.35413523,41.87561035,-87.6579,,Urban,1,N,(N/A),Y,(N/A)
2020,2020-03-23,Monday,08,08:00 AM,Property Damage,No Injuries,0,0,0,0,0,2,Front to Rear,11,N,N,Following Too Closely,Unable to Determine,Daylight,Clear,Dry,Y,,,,,No Controls,No Controls,Y,2,41.8650334,-87.803827,ok,(UNK),1,2001517,2020,,3,18,50000 and OVER,9,4295,Oak Park,C,Urban Other Principal Arte,0,16,23,10851479,3,Cook,0,20,,,1,N,No,Stopped,202001089232,City,1,6.01,Y,,,,(UNK),61281,(N/A),(UNK),No Defects,1,1,Other Principal Arterial,3,347,X001881397,Not Toll,73,1,1,Not Divided,1,2940188.78807613,1902200.73431146,41.86502558,-87.8038,,Urban,1,N,(N/A),Y,(N/A)
2020,2020-01-23,Thursday,17,05:40 PM,Property Damage,No Injuries,0,0,0,0,0,2,Turning,10,N,N,Failing to Reduce Speed to Avoid Crash,Unable to Determine,Dusk,Rain,Wet,Y,,,,,Traffic Signal,Functioning Properly,N,2,41.8886478,-87.7945158,ok,(UNK),1,2000391,2020,,28,18,50000 and OVER,9,4295,Oak Park,C,Urban Major Collector,8,16,23,10853933,1,Cook,0,20,,,4,N,No,Slow,202001091063,City,3,0,N,,,,(UNK),61445,(N/A),(UNK),No Defects,1,2,Major Collector,5,,X001882939,Not Toll,73,3,4,Not Divided,1,2942487.21505209,1910876.24361126,41.88864,-87.7945,,Urban,2,N,(N/A),Y,(N/A)
2020,2020-03-27,Friday,10,10:15 AM,Property Damage,No Injuries,0,0,0,0,0,2,Turning,10,N,N,Improper Lane Usage,Improper Turning/No Signal,Darkness / Lighted Road,Clear,Dry,N,,,,,Traffic Signal,Functioning Properly,N,2,41.8738019,-87.80453,ok,(UNK),1,2001597,2020,,20,6,50000 and OVER,9,4295,Oak Park,C,Urban Other Principal Arte,0,16,27,10855565,3,Cook,0,20,,,5,N,No,Slow,202001092622,City,5,20.08,Y,,,,(UNK),61643,(N/A),(UNK),No Defects,1,1,Other Principal Arterial,3,348,X001884421,Not Toll,73,3,4,Divided With Median Barrier,3,2939909.30917751,1905390.84098433,41.87379404,-87.8045,,Urban,1,N,(N/A),Y,(N/A)
2020,2020-03-29,Sunday,11,11:05 AM,Property Damage,No Injuries,0,0,0,0,0,2,Turning,10,N,N,Failing to Yield Right of Way,Improper Turning/No Signal,Daylight,Cloudy/Overcast,Dry,N,,,,,No Controls,No Controls,N,2,41.8798622,-87.779536,ok,(UNK),1,2001598,2020,,2,6,50000 and OVER,9,4295,Oak Park,C,Urban Minor Collector,0,16,29,10855566,3,Cook,0,20,,,7,N,No,Slow,202001092623,City,1,0.56,N,,,,(UNK),61644,(N/A),(UNK),No Defects,1,1,Minor Collector,6,3794,X001884422,Not Toll,73,1,1,Not Divided,1,2946655.36570982,1907787.75930115,41.87985433,-87.7795,,Urban,8,N,(N/A),Y,(N/A)
2020,2020-03-25,Wednesday,19,07:39 PM,Property Damage,No Injuries,0,0,0,0,0,2,Front to Rear,11,N,N,Failing to Reduce Speed to Avoid Crash,Following Too Closely,Darkness / Lighted Road,Clear,Dry,Y,,,,,Traffic Signal,Functioning Properly,Y,2,41.8978908,-87.8053853,ok,(UNK),1,2001555,2020,,28,3,50000 and OVER,9,4295,Oak Park,C,Urban Other Principal Arte,6,16,25,10853988,3,Cook,0,20,,,3,N,No,Stopped,202001091114,City,5,27.29,Y,,,,(UNK),61729,(N/A),(UNK),No Defects,1,1,Other Principal Arterial,3,5043,X001882978,Not Toll,73,3,4,Four Way,14,2939434.66434492,1914162.88465623,41.89788299,-87.8054,,Urban,1,N,(N/A),Y,(N/A)
2020,2020-03-26,Thursday,18,06:05 PM,Property Damage,No Injuries,0,0,0,0,0,1,Fixed Object,6,N,N,Operating Vehicle In Reckless Manner,Unable to Determine,Dusk,Cloudy/Overcast,Dry,Y,,,,,No Controls,No Controls,Y,1,41.9017069,-87.7936362,ok,(UNK),1,2001569,2020,,50,18,50000 and OVER,9,4295,Oak Park,C,Urban Major Collector,0,16,26,10854010,3,Cook,0,20,PARKWAY,PARKWAY,4,N,No,Free Flow,202001091135,City,3,0.51,N,,,,(UNK),61825,(N/A),(UNK),No Defects,1,1,Major Collector,5,2673,X001883030,Not Toll,73,1,1,Not Divided,1,2942595.03833853,1915641.82981474,41.90169903,-87.7936,,Urban,8,N,(N/A),Y,(N/A)
2020,2020-03-28,Saturday,10,10:31 AM,Property Damage,No Injuries,0,0,0,0,0,3,Front to Rear,11,N,N,Failing to Reduce Speed to Avoid Crash,Weather,Daylight,Cloudy/Overcast,Wet,Y,,,,,Traffic Signal,Functioning Properly,N,3,41.6014078,-87.8476058,outside_oak_park,(UNK),1,2020-61810,2020,,28,11,50000 and OVER,9,4295,Oak Park,C,Urban Other Principal Arte,0,16,28,10855231,3,Cook,0,20,,,6,N,No,Stopped,202001092298,City,1,3.27,Y,,,,(UNK),61980,(N/A),(UNK),No Defects,1,2,Other Principal Arterial,3,351,X001884176,Not Toll,,3,4,Two-way Continuous Left-Tur,4,2930853.09853049,1805807.84874544,41.6014,-87.8476,,Urban,8,N,(N/A),Y,(N/A)
2020,2020-03-27,Friday,17,05:55 PM,Property Damage,No Injuries,0,0,0,0,0,2,Sideswipe Same Direction,12,N,N,Improper Lane Usage,Failing to Reduce Speed to Avoid Crash,Daylight,Rain,Wet,N,,,,,Other Regualtory Sig,Functioning Properly,Y,2,41.8755687,-87.6560052,outside_oak_park,Partial Access Control,3,03-20-04095,2020,,20,28,50000 and OVER,9,4295,Oak Park,C,Urban InterState,0,16,27,10854807,3,Cook,0,20,,,5,N,No,(UNK),202001091896,ISP,1,15.33,Y,,,,(UNK),62048,(N/A),(UNK),No Defects,1,2,InterState,1,290,X001883812,Not Toll,,10,4,Divided With Median Barrier,3,2980343.74563128,1907183.61338364,41.87556081,-87.656,,Urban,2,N,(N/A),Y,(N/A)
2020,2020-03-30,Monday,13,01:41 PM,Property Damage,No Injuries,0,0,0,0,0,1,Parked Motor Vehicle,9,N,N,Failing to Reduce Speed to Avoid Crash,Failing to Yield Right of Way,Unknown,Unknown,Unknown,N,,,,,No Controls,No Controls,Y,2,41.8815748,-87.7969737,ok,(UNK),1,2001620,2020,,28,2,50000 and OVER,9,4295,Oak Park,C,Urban Major Collector,8,16,30,10856045,3,Cook,0,20,,,1,N,No,Slow,202001093097,City,9,0,N,,,,(UNK),62261,(N/A),(UNK),No Defects,1,9,Major Collector,5,,X001884880,Not Toll,73,1,1,"Divided, No Median Barrier",2,2941889.13576558,1908280.19843979,41.88156697,-87.797,,Urban,9,N,(N/A),Y,(N/A)
2020,2020-03-11,Wednesday,21,09:45 PM,Property Damage,No Injuries,0,0,0,0,0,2,Front to Rear,11,N,N,Failing to Reduce Speed to Avoid Crash,Driving Skills/Knowledge/Experience,Darkness / Lighted Road,Clear,Dry,N,,,,,Other,Functioning Properly,Y,2,41.8712602,-87.7748661,ok,Partial Access Control,3,03-20-03594,2020,,28,15,50000 and OVER,9,4295,Oak Park,C,Urban InterState,0,16,11,10854842,3,Cook,0,20,,,3,N,No,(UNK),202001091931,ISP,5,23.06,Y,,,,(UNK),62269,(N/A),(UNK),No Defects,1,1,InterState,1,9290,X001883846,Not Toll,73,13,4,Divided With Median Barrier,3,2948014.56727406,1904688.45136245,41.87125231,-87.7749,,Urban,1,N,(N/A),Y,(N/A)
2020,2020-03-31,Tuesday,18,06:50 PM,Property Damage,No Injuries,0,0,0,0,0,2,Fixed Object,6,N,N,Failing to Reduce Speed to Avoid Crash,(N/A),Dawn,Clear,Dry,N,,,,,No Controls,No Controls,N,1,41.8893675,-87.805062,ok,(UNK),1,2001638,2020,,28,99,50000 and OVER,9,4295,Oak Park,C,Urban Other Principal Arte,0,16,31,10856535,3,Cook,0,20,STREET LIGHT POLE,STREET LIGHT POLE,2,N,No,Free Flow,202001093573,City,2,19,Y,,,,(UNK),63317,(N/A),(UNK),No Defects,1,1,Other Principal Arterial,3,348,X001885297,Not Toll,73,1,1,Four Way,14,2939608.24577631,1911059.25755954,41.88935969,-87.8051,,Urban,1,N,(N/A),Y,(N/A)
2020,2020-03-29,Sunday,20,08:23 PM,Property Damage,No Injuries,0,0,0,0,0,1,Parked Motor Vehicle,9,N,N,Distraction - From Inside Vehicle,(N/A),Darkness / Lighted Road,Clear,Dry,N,,,,,No Controls,No Controls,N,2,41.8783474,-87.7843929,ok,(UNK),1,2001608,2020,,41,99,50000 and OVER,9,4295,Oak Park,C,Urban Major Collector,0,16,29,10856538,3,Cook,0,20,,,7,N,No,(UNK),202001093576,City,5,1.63,N,,,,(UNK),63372,(N/A),(UNK),No Defects,1,1,Major Collector,5,2783,X001885132,Not Toll,73,1,1,Not Divided,1,2945347.96524918,1907198.97117032,41.87833955,-87.7844,,Urban,1,N,(N/A),Y,(N/A)
2020,2020-03-28,Saturday,17,05:53 PM,Injury,A Injury Crash,1,0,1,0,0,1,Pedalcyclist,2,N,Y,Under Influence of Alcohol/Drugs,Driving On Wrong Side/Wrong Way,Daylight,Rain,Wet,N,,,,,No Controls,Functioning Properly,N,1,41.900087,-87.8054604,ok,(UNK),1,2000329,2020,,8,5,50000 and OVER,9,4295,Oak Park,C,Urban Other Principal Arte,0,16,28,10855548,3,Cook,3,20,,,6,N,No,Stopped,202001092608,City,1,18.26,Y,,,,(UNK),63546,(N/A),(UNK),No Defects,1,2,Other Principal Arterial,3,348,X001884426,Not Toll,73,1,4,Not Divided,1,2939392.18231215,1914962.65940541,41.90007919,-87.8055,,Urban,2,N,(N/A),Y,(N/A)
2020,2020-04-01,Wednesday,14,02:00 PM,Property Damage,No Injuries,0,0,0,0,0,2,Fixed Object,6,N,N,Failing to Reduce Speed to Avoid Crash,Improper Lane Usage,Daylight,Clear,Dry,N,,,,,No Controls,No Controls,N,1,41.872301,-87.7883612,ok,Partial Access Control,3,03-20-04230,2020,,28,20,50000 and OVER,9,4295,Oak Park,C,Urban InterState,0,16,1,10857088,4,Cook,0,20,,,3,N,Yes,(UNK),202001093813,ISP,1,22.37,Y,,,,(UNK),64078,(N/A),(UNK),No Defects,1,1,InterState,1,9290,X001885579,Not Toll,73,1,1,Divided With Median Barrier,3,2944328.29788639,1904965.55614267,41.87229313,-87.7884,,Urban,1,N,(N/A),Y,(N/A)
2020,2020-04-05,Sunday,05,05:24 AM,Property Damage,No Injuries,0,0,0,0,0,1,Parked Motor Vehicle,9,N,N,Unable to Determine,Unable to Determine,Darkness / Lighted Road,Clear,Dry,N,,,,,No Controls,No Controls,Y,4,41.8810158,-87.802366,ok,(UNK),1,2001682,2020,,18,18,50000 and OVER,9,4295,Oak Park,C,Urban Local Road or Street,0,16,5,10859159,4,Cook,0,20,,,7,N,Yes,Free Flow,202001095806,City,5,0.42,N,,,,(UNK),64545,(N/A),(UNK),No Defects,1,1,Local Road or Street,7,2056,X001887444,Not Toll,73,1,1,Not Divided,1,2940426.24889465,1908035.9583264,41.88100795,-87.8024,,Urban,1,N,(N/A),Y,(N/A)
2020,2020-04-02,Thursday,18,06:35 PM,Injury,C Injury Crash,1,0,0,0,1,2,Front to Rear,11,N,N,Unable to Determine,Unable to Determine,Dusk,Clear,Dry,Y,,,,,Traffic Signal,Functioning Properly,N,3,41.8883268,-87.78466,ok,(UNK),1,2001661,2020,,18,18,50000 and OVER,9,4295,Oak Park,C,Urban Major Collector,8,16,2,10857671,4,Cook,1,20,,,4,N,Yes,Stopped,202001094389,City,3,0,N,,,,(UNK),64675,(N/A),(UNK),No Defects,1,1,Major Collector,5,,X001886121,Not Toll,73,3,4,Not Divided,1,2945174.22594945,1910833.62654315,41.88831893,-87.7847,,Urban,1,N,(N/A),Y,(N/A)
2020,2020-04-01,Wednesday,18,06:38 PM,Property Damage,No Injuries,0,0,0,0,0,2,Front to Rear,11,N,N,Following Too Closely,Failing to Reduce Speed to Avoid Crash,Daylight,Clear,Dry,N,,,,,No Controls,No Controls,Y,2,41.9079622,-87.8057472,ok,(UNK),1,2001647,2020,,3,28,50000 and OVER,9,4295,Oak Park,C,Urban Other Principal Arte,0,16,1,10857352,4,Cook,0,20,,,3,N,Yes,Free Flow,202001094064,City,1,17.72,Y,,,,(UNK),65583,(N/A),(UNK),No Defects,1,1,Other Principal Arterial,3,348,X001885775,Not Toll,73,1,1,Not Divided,1,2939235.08605807,1917830.38095613,41.90795438,-87.8057,,Urban,1,N,(N/A),Y,(N/A)
2020,2020-04-10,Friday,13,01:00 PM,Property Damage,No Injuries,0,0,0,0,0,2,Sideswipe Same Direction,12,N,N,Improper Lane Usage,Unable to Determine,Daylight,Clear,Dry,N,,,,,No Controls,No Controls,N,2,41.8753901,-87.8045785,ok,(UNK),1,20-01057,2020,,20,18,50000 and OVER,9,4295,Oak Park,C,Urban Other Principal Arte,0,16,10,10861572,4,Cook,0,20,,,5,N,No,Free Flow,202001097413,City,1,19.97,Y,,,,(UNK),66031,(N/A),(UNK),No Defects,1,1,Other Principal Arterial,3,348,X001888996,Not Toll,73,1,1,"Divided, No Median Barrier",2,2939880.17034881,1905969.23944841,41.87538222,-87.8046,,Urban,1,N,(N/A),Y,(N/A)
2020,2020-04-08,Wednesday,18,06:40 PM,Property Damage,No Injuries,0,0,0,0,0,2,Angle,15,N,N,Failing to Yield Right of Way,Unable to Determine,Dusk,Rain,Wet,N,,,,,Stop Sign,Functioning Properly,N,2,41.8763398,-87.7794552,ok,(UNK),1,2001734,2020,,2,18,50000 and OVER,9,4295,Oak Park,C,Urban Minor Collector,8,16,8,10861170,4,Cook,0,20,,,3,N,No,Free Flow,202001097009,City,3,0,N,,,,(UNK),66394,(N/A),(UNK),No Defects,1,2,Minor Collector,6,,X001888614,Not Toll,73,2,4,Unknown Intersection Type,22,2946713.10225654,1906504.76257089,41.87633198,-87.7794,,Urban,2,N,(N/A),Y,(N/A)
2020,2020-04-08,Wednesday,21,09:43 PM,Property Damage,No Injuries,0,0,0,0,0,3,Angle,15,N,N,Failing to Yield Right of Way,(N/A),Darkness / Lighted Road,Cloudy/Overcast,Dry,Y,,,,,Stop Sign,Functioning Properly,N,2,41.8944479,-87.7928048,ok,(UNK),1,2001735,2020,,2,99,50000 and OVER,9,4295,Oak Park,C,Urban Minor Arterial,8,16,8,10861171,4,Cook,0,20,,,3,N,No,Free Flow,202001097010,City,5,0,N,,,,(UNK),66395,(N/A),(UNK),No Defects,1,1,Minor Arterial,4,,X001888618,Not Toll,73,2,4,Four Way,14,2942894.61784113,1913002.76768985,41.89444001,-87.7928,,Urban,8,N,(N/A),Y,(N/A)
2020,2020-03-26,Thursday,14,02:00 PM,Property Damage,No Injuries,0,0,0,0,0,2,Front to Rear,11,N,N,Following Too Closely,Failing to Reduce Speed to Avoid Crash,Daylight,Cloudy/Overcast,Dry,N,,,,,Traffic Signal,Functioning Properly,N,2,41.8722622,-87.8044641,ok,(UNK),1,2001764,2020,,3,28,50000 and OVER,9,4295,Oak Park,C,Urban Other Principal Arte,0,16,26,10863288,3,Cook,0,20,,,4,N,No,Stopped,202001099043,City,1,20.18,Y,,,,(UNK),66461,(N/A),(UNK),No Defects,1,1,Other Principal Arterial,3,348,X001890482,Not Toll,73,3,4,Not Divided,1,2939942.7172006,1904830.25312095,41.87225437,-87.8045,,Urban,8,N,(N/A),Y,(N/A)
2020,2020-04-10,Friday,05,05:07 AM,Injury,B Injury Crash,1,0,0,1,0,1,Turning,10,N,N,Disregarding Traffic Signals,Failing to Reduce Speed to Avoid Crash,Darkness / Lighted Road,Clear,Dry,Y,,,,,Traffic Signal,Functioning Properly,N,2,41.8736416,-87.8045258,ok,Partial Access Control,1,20-01054,2020,,25,28,50000 and OVER,9,4295,Oak Park,C,Urban InterState,0,16,10,10862349,4,Cook,2,20,,,5,N,No,Slow,202001098155,City,5,25.61,Y,,,,(UNK),66616,(N/A),(UNK),No Defects,1,1,InterState,1,5043,X001889765,Not Toll,73,3,4,Divided With Median Barrier,3,2939912.062394,1905332.46992192,41.87363377,-87.8045,,Urban,1,N,(N/A),Y,(N/A)