crash_year,crash_date,day_of_week,crash_hour,time_of_crash,crash_severity,crash_injury_severity,total_injured,total_fatals,a_injuries,b_injuries,c_injuries,no_injuries,type_of_first_crash,collision_type_code,pedestrian_involved,pedalcyclist_involved,cause1,cause2,lighting_cond,weather_cond,road_surface_cond,intersection_related,is_intersection,highway_or_street_name,at_intersection_with,address_no,traffic_control_device,traffic_control_device_cond,hit_and_run,number_of_vehicles,latitude,longitude,location_status,access_control,agency_code,agency_report_number,agency_report_year,alignment_code,cause1_code,cause2_code,city_class,city_class_code,city_code,city_name,city_township_flag,class_of_trafficway,class_of_trafficway_code,county_code,crash_day,crash_id,crash_month,crash_report_county,crash_severity_cd,crash_yr_source,damaged_property1,damaged_property2,day_of_week_code,did_crash_occur_in_work_zone,did_involve_secondary_crash,flow_condition,icn,investigating_agency_descrip,light_condition_code,mile_station,nhs,non_intersection_direction,non_intersection_distance,non_intersection_units,number_of_lanes,objectid,railroad_crossing_number,road_alignment,road_defects,road_defects_code,road_surface_condition_code,roadway_functional_class,roadway_functional_class_code,route_number,sfe,toll,township,traffic_control_device_code,traffic_control_device_cond_code,trafficway_descrip,trafficway_description_code,ts_crash_coordinate_x,ts_crash_coordinate_y,ts_crash_latitude,ts_crash_longitude,type_report,urban_rural,weather_code,were_workers_present,work_zone,work_zone_related,work_zone_type
2020,2020-04-08,Wednesday,12,12:24 PM,Property Damage,No Injuries,0,0,0,0,0,3,Turning,10,N,N,Improper Turning/No Signal,Failing to Reduce Speed to Avoid Crash,Daylight,Clear,Dry,Y,,,,,Traffic Signal,Functioning Properly,N,3,41.865031,-87.8042159,ok,(UNK),1,20-1041,2020,,6,28,50000 and OVER,9,4295,Oak Park,C,Urban Other Principal Arte,6,16,8,10860003,4,Cook,0,20,,,3,N,Yes,Free Flow,202001096643,City,1,25.01,Y,,,,(UNK),66805,(N/A),(UNK),No Defects,1,1,Other Principal Arterial,3,5043,X001888274,Not Toll,52,3,4,"Divided, No Median Barrier",2,2940082.87266903,1902196.94355705,41.86502318,-87.8042,,Urban,1,N,(N/A),Y,(N/A)
2020,2020-04-12,Sunday,21,09:50 PM,Property Damage,No Injuries,0,0,0,0,0,2,Front to Rear,11,N,N,Following Too Closely,Failing to Reduce Speed to Avoid Crash,Darkness / Lighted Road,Clear,Wet,N,,,,,No Controls,Functioning Properly,Y,2,41.8722206,-87.7874525,ok,Partial Access Control,3,03-20-04519,2020,,3,28,50000 and OVER,9,4295,Oak Park,C,Urban InterState,0,16,12,10863048,4,Cook,0,20,,,7,N,No,(UNK),202001098817,ISP,5,22.42,Y,,,,(UNK),67453,(N/A),(UNK),No Defects,1,2,InterState,1,9290,X001890348,Not Toll,73,1,4,Divided With Median Barrier,3,2944576.61023778,1904943.14458388,41.8722128,-87.7874,,Urban,1,N,(N/A),Y,(N/A)
2020,2020-04-12,Sunday,00,00:35 AM,Property Damage,No Injuries,0,0,0,0,0,1,Fixed Object,6,N,N,Under Influence of Alcohol/Drugs,Failing to Reduce Speed to Avoid Crash,Darkness / Lighted Road,Clear,Dry,N,,,,,Other,Functioning Properly,N,1,41.8739972,-87.8263233,outside_oak_park,(UNK),3,03-20-01009,2020,,8,28,50000 and OVER,9,4295,Oak Park,C,Urban Local Road or Street,0,16,12,10863112,4,Cook,0,20,,,7,N,No,(UNK),202001098877,ISP,5,0.22,N,,,,(UNK),67876,(N/A),(UNK),No Defects,1,1,Local Road or Street,7,2,X001890411,Not Toll,,13,4,Divided With Median Barrier,3,2933971.63966749,1905299.35520907,41.87398941,-87.8263,,Urban,1,N,(N/A),Y,(N/A)
2020,2020-04-12,Sunday,17,05:30 PM,Property Damage,No Injuries,0,0,0,0,0,2,Front to Rear,11,N,N,Failing to Reduce Speed to Avoid Crash,Following Too Closely,Daylight,Clear,Dry,N,,,,,Traffic Signal,Functioning Properly,Y,2,41.870942,-87.7745842,ok,Partial Access Control,3,03-20-04530,2020,,28,3,50000 and OVER,9,4295,Oak Park,C,Urban InterState,0,16,12,10863215,4,Cook,0,20,,,7,N,No,(UNK),202001098974,ISP,1,9.2,Y,,,,(UNK),68387,(N/A),(UNK),No Defects,1,1,InterState,1,290,X001890529,Not Toll,,3,4,Ramp,11,2948094.5915036,1904574.66131033,41.87093418,-87.7746,,Urban,1,N,(N/A),Y,(N/A)
2020,2020-04-15,Wednesday,02,02:30 AM,Property Damage,No Injuries,0,0,0,0,0,1,Fixed Object,6,N,N,Unable to Determine,Unable to Determine,Darkness / Lighted Road,Clear,Dry,N,,,,,Traffic Signal,Functioning Properly,N,1,41.8798652,-87.7849882,ok,(UNK),1,2001817,2020,,18,18,50000 and OVER,9,4295,Oak Park,C,Urban Minor Arterial,0,16,15,10864481,4,Cook,0,20,FIXED POLE,,3,N,No,Free Flow,202001100268,City,5,4.08,N,,,,(UNK),68718,(N/A),(UNK),No Defects,1,1,Minor Arterial,4,1419,X001891589,Not Toll,73,3,4,"Divided, No Median Barrier",2,2945170.47028963,1907747.6010493,41.8798574,-87.785,,Urban,1,N,(N/A),Y,(N/A)
2020,2020-04-13,Monday,13,01:05 PM,Property Damage,No Injuries,0,0,0,0,0,4,Turning,10,N,N,Improper Turning/No Signal,Improper Lane Usage,Daylight,Clear,Dry,Y,,,,,No Controls,No Controls,N,2,41.8650471,-87.8028738,ok,(UNK),1,2001792,2020,,6,20,50000 and OVER,9,4295,Oak Park,C,Urban Other Principal Arte,8,16,13,10864482,4,Cook,0,20,TRASH CONTAINER,,1,N,No,Free Flow,202001100269,City,1,0,Y,,,,(UNK),68719,(N/A),(UNK),No Defects,1,1,Other Principal Arterial,3,,X001891590,Not Toll,73,1,1,Not Divided,1,2940448.29327692,1902212.86592492,41.86503924,-87.8029,,Urban,1,N,(N/A),Y,(N/A)
2020,2020-04-15,Wednesday,12,12:03 PM,Property Damage,No Injuries,0,0,0,0,0,1,Parked Motor Vehicle,9,N,N,Improper Lane Usage,Unable to Determine,Daylight,Cloudy/Overcast,Dry,N,,,,,No Controls,No Controls,N,4,41.8882259,-87.7813622,ok,(UNK),1,2001823,2020,,20,18,50000 and OVER,9,4295,Oak Park,C,Urban Major Collector,0,16,15,10864484,4,Cook,0,20,,,3,N,Yes,Free Flow,202001100271,City,1,1.01,N,,,,(UNK),68721,(N/A),(UNK),No Defects,1,1,Major Collector,5,1405,X001891593,Not Toll,73,1,1,Not Divided,1,2946073.2608656,1910821.80684301,41.88821801,-87.7814,,Urban,8,N,(N/A),Y,(N/A)
2020,2020-04-17,Friday,05,05:52 AM,Property Damage,No Injuries,0,0,0,0,0,2,Angle,15,N,N,Disregarding Traffic Signals,Failing to Yield Right of Way,Daylight,Snow,Snow or Slush,Y,,,,,Traffic Signal,Functioning Properly,Y,2,41.8813878,-87.8047858,ok,(UNK),1,20-01094,2020,,25,2,50000 and OVER,9,4295,Oak Park,C,Urban Other Principal Arte,6,16,17,10865594,4,Cook,0,20,,,5,N,No,Free Flow,202001101073,City,1,26.14,Y,,,,(UNK),69017,(N/A),(UNK),No Defects,1,3,Other Principal Arterial,3,5043,X001892459,Not Toll,73,3,4,"Divided, No Median Barrier",2,2939763.52364909,1908153.38389951,41.88138,-87.8048,,Urban,3,N,(N/A),Y,(N/A)
2020,2020-04-15,Wednesday,16,04:50 PM,Property Damage,No Injuries,0,0,0,0,0,1,Parked Motor Vehicle,9,N,N,Improper Lane Usage,Failing to Reduce Speed to Avoid Crash,Daylight,Clear,Dry,N,,,,,No Controls,No Controls,Y,2,41.8885593,-87.7916913,ok,(UNK),1,2001828,2020,,20,28,50000 and OVER,9,4295,Oak Park,C,Urban Major Collector,0,16,15,10865297,4,Cook,0,20,,,3,N,No,(UNK),202001100813,City,1,0.51,N,,,,(UNK),69623,(N/A),(UNK),No Defects,1,1,Major Collector,5,1405,X001891889,Not Toll,73,1,1,Not Divided,1,2943257.22780796,1910865.24930672,41.88855142,-87.7917,,Urban,1,N,(N/A),Y,(N/A)
2020,2020-04-19,Sunday,04,04:49 AM,Property Damage,No Injuries,0,0,0,0,0,2,Turning,10,N,N,Improper Lane Usage,Unable to Determine,Dawn,Clear,Dry,Y,,,,,Traffic Signal,Functioning Properly,N,2,41.8736416,-87.8045258,ok,Partial Access Control,1,20-01107,2020,,20,18,50000 and OVER,9,4295,Oak Park,C,Urban InterState,6,16,19,10866219,4,Cook,0,20,,,7,N,No,Free Flow,202001101674,City,2,25.61,Y,,,,(UNK),69756,(N/A),(UNK),No Defects,1,1,InterState,1,5043,X001893077,Not Toll,73,3,4,Divided With Median Barrier,3,2939912.062394,1905332.46992192,41.87363377,-87.8045,,Urban,1,N,(N/A),Y,(N/A)
2020,2020-04-07,Tuesday,12,12:15 PM,Property Damage,No Injuries,0,0,0,0,0,2,Sideswipe Same Direction,12,N,N,Improper Lane Usage,(N/A),Daylight,Clear,Dry,N,,,,,Delineators,Functioning Properly,N,2,41.8735816,-87.8045231,ok,(UNK),1,20-01030,2020,,20,99,50000 and OVER,9,4295,Oak Park,C,Urban Other Principal Arte,0,16,7,10867830,4,Cook,0,20,,,2,Y,No,Free Flow,202001103067,City,1,20.09,Y,,,,(UNK),69858,(N/A),(UNK),Shoulders,6,1,Other Principal Arterial,3,348,X001894239,Not Toll,73,14,4,"Divided, No Median Barrier",2,2939913.39940628,1905310.62817728,41.87357378,-87.8045,,Urban,1,N,Unknown,N,Unk. Work Zone Type
2020,2020-04-21,Tuesday,20,08:00 PM,Property Damage,No Injuries,0,0,0,0,0,1,Other Object,7,N,N,Improper Backing,(N/A),Darkness / Lighted Road,Clear,Dry,N,,,,,No Controls,No Controls,N,1,41.8886469,-87.7944825,ok,(UNK),1,2001934,2020,,30,99,50000 and OVER,9,4295,Oak Park,C,Urban Major Collector,8,16,21,10868749,4,Cook,0,20,STREET LIGHT POLE,,2,Y,No,Stopped,202001104221,City,5,0,N,,,,(UNK),70913,(N/A),(UNK),No Defects,1,1,Major Collector,5,,X001895026,Not Toll,73,1,1,"Divided, No Median Barrier",2,2942496.28677008,1910876.16657941,41.8886391,-87.7945,,Urban,1,N,Construction,Y,Construction Work Zone
2020,2020-04-18,Saturday,18,06:54 PM,Property Damage,No Injuries,0,0,0,0,0,1,Fixed Object,6,N,N,Failing to Reduce Speed to Avoid Crash,Unable to Determine,Dusk,Clear,Dry,N,,,,,Stop Sign,Functioning Properly,N,1,41.8763841,-87.7756796,ok,(UNK),1,2001882,2020,,28,18,50000 and OVER,9,4295,Oak Park,C,Urban Local Road or Street,0,16,18,10867140,4,Cook,0,20,TREE,,6,N,No,Free Flow,202001102286,City,3,0.99,N,,,,(UNK),70969,(N/A),(UNK),No Defects,1,1,Local Road or Street,7,4025,X001893617,Not Toll,73,2,4,Divided With Median Barrier,3,2947740.93915632,1906549.53645672,41.87637626,-87.7757,,Urban,1,N,(N/A),Y,(N/A)
2020,2020-04-10,Friday,20,08:11 PM,Injury,B Injury Crash,3,0,0,3,0,1,Sideswipe Same Direction,12,N,N,Improper Lane Usage,Failing to Reduce Speed to Avoid Crash,Darkness / Lighted Road,Clear,Dry,N,,,,,No Controls,Functioning Properly,N,2,41.887726,-87.8661252,outside_oak_park,(UNK),3,03-20-04468,2020,,20,28,50000 and OVER,9,4295,Oak Park,C,Urban Minor Arterial,8,16,10,10865945,4,Cook,2,20,,,5,N,No,(UNK),202001101409,ISP,5,0,N,,,,(UNK),70999,(N/A),(UNK),No Defects,1,1,Minor Arterial,4,,X001892805,Not Toll,,1,4,"Divided, No Median Barrier",2,2922996.85763813,1910009.1348492,41.8877182,-87.8661,,Urban,1,N,(N/A),Y,(N/A)
2020,2020-04-18,Saturday,18,06:52 PM,Injury,B Injury Crash,1,0,0,1,0,0,Overturned,5,N,N,Driving Skills/Knowledge/Experience,(N/A),Daylight,Clear,Dry,Y,,,,,Traffic Signal,Functioning Properly,N,1,41.8944178,-87.7946758,ok,(UNK),1,2001883,2020,,15,99,50000 and OVER,9,4295,Oak Park,C,Urban Minor Arterial,8,16,18,10867168,4,Cook,2,20,,,6,N,No,Slow,202001102317,City,1,0,N,,,,(UNK),71075,(N/A),(UNK),No Defects,1,1,Minor Arterial,4,,X001893637,Not Toll,73,3,4,"Divided, No Median Barrier",2,2942385.49088046,1912977.73593009,41.89441,-87.7947,,Urban,1,N,(N/A),Y,(N/A)
2020,2020-04-21,Tuesday,22,10:56 PM,Property Damage,No Injuries,0,0,0,0,0,1,Fixed Object,6,N,N,Equipment-Vehicle Condition,(N/A),Darkness / Lighted Road,Clear,Dry,N,,,,,No Controls,No Controls,N,1,41.8904914,-87.7766116,ok,(UNK),1,2001933,2020,,10,99,50000 and OVER,9,4295,Oak Park,C,Urban Local Road or Street,8,16,21,10868284,4,Cook,0,20,,,2,N,No,Free Flow,202001103573,City,5,0,N,,,,(UNK),71115,(N/A),(UNK),No Defects,1,1,Local Road or Street,7,,X001894553,Not Toll,73,1,1,Not Divided,1,2947343.85152591,1911683.44282574,41.89048359,-87.7766,,Urban,1,N,(N/A),Y,(N/A)
2020,2020-04-15,Wednesday,15,03:40 PM,Property Damage,No Injuries,0,0,0,0,0,2,Front to Rear,11,N,N,Following Too Closely,Driving Skills/Knowledge/Experience,Daylight,Clear,Dry,N,,,,,No Controls,No Controls,N,2,41.9006457,-87.8054853,ok,(UNK),1,2000360,2020,,3,15,50000 and OVER,9,4295,Oak Park,C,Urban Other Principal Arte,0,16,15,10867596,4,Cook,0,20,,,3,N,No,Slow,202001102772,City,1,18.22,Y,,,,(UNK),71131,(N/A),(UNK),No Defects,1,1,Other Principal Arterial,3,348,X001893947,Not Toll,73,1,1,"Divided, No Median Barrier",2,2939379.81532158,1915166.07259329,41.90063789,-87.8055,,Urban,1,N,(N/A),Y,(N/A)
2020,2020-04-21,Tuesday,05,05:54 AM,Property Damage,No Injuries,0,0,0,0,0,4,Sideswipe Same Direction,12,N,N,Improper Lane Usage,Driving Skills/Knowledge/Experience,Dawn,Clear,Dry,N,,,,,Other Regualtory Sig,Functioning Properly,Y,4,41.8709783,-87.7752054,ok,Partial Access Control,3,03-20-04789,2020,,20,15,50000 and OVER,9,4295,Oak Park,C,Urban InterState,0,16,21,10868370,4,Cook,0,20,,,2,N,No,(UNK),202001103724,ISP,2,9.16,Y,,,,(UNK),71494,(N/A),(UNK),No Defects,1,1,InterState,1,290,X001894716,Not Toll,,10,4,Divided With Median Barrier,3,2947925.01826472,1904583.15849199,41.87097045,-87.7752,,Urban,1,N,(N/A),Y,(N/A)
2020,2020-04-22,Wednesday,15,03:45 PM,Property Damage,No Injuries,0,0,0,0,0,2,Front to Rear,11,N,N,Improper Lane Usage,Driving Skills/Knowledge/Experience,Daylight,Rain,Wet,N,,,,,No Controls,No Controls,Y,2,41.8687181,-87.8043355,ok,(UNK),1,20-01130,2020,,20,15,50000 and OVER,9,4295,Oak Park,C,Urban Other Principal Arte,6,16,22,10868600,4,Cook,0,20,,,3,N,No,Free Flow,202001104026,City,1,25.26,Y,,,,(UNK),72631,(N/A),(UNK),No Defects,1,2,Other Principal Arterial,3,5043,X001894934,Not Toll,73,1,1,"Divided, No Median Barrier",2,2940013.30247835,1903539.69049523,41.86871028,-87.8043,,Urban,2,N,(N/A),Y,(N/A)
2020,2020-04-25,Saturday,20,08:50 PM,Property Damage,No Injuries,0,0,0,0,0,1,Fixed Object,6,N,N,Failing to Reduce Speed to Avoid Crash,(N/A),Darkness,Rain,Wet,N,,,,,No Controls,No Controls,N,1,41.8918389,-87.7762169,ok,(UNK),1,2001985,2020,,28,99,50000 and OVER,9,4295,Oak Park,C,Urban Local Road or Street,0,16,25,10872164,4,Cook,0,20,GARAGE DOOR,,6,N,No,Free Flow,202001107167,City,4,0.01,N,,,,(UNK),73070,(N/A),(UNK),No Defects,1,2,Local Road or Street,7,3065,X001897512,Not Toll,73,1,1,Other,8,2947437.64783975,1912177.46656848,41.89183102,-87.7762,,Urban,2,N,(N/A),Y,(N/A)
2020,2020-04-27,Monday,18,06:06 PM,Property Damage,No Injuries,0,0,0,0,0,3,Front to Rear,11,N,N,Failing to Reduce Speed to Avoid Crash,Driving Skills/Knowledge/Experience,Daylight,Clear,Dry,N,,,,,No Controls,No Controls,N,3,41.8810417,-87.7844867,ok,(UNK),1,2002018,2020,,28,15,50000 and OVER,9,4295,Oak Park,C,Urban Major Collector,0,16,27,10872166,4,Cook,0,20,,,1,N,No,Stopped,202001107168,City,1,1.44,N,,,,(UNK),73071,(N/A),(UNK),No Defects,1,1,Major Collector,5,2783,X001897514,Not Toll,73,1,1,"Divided, No Median Barrier",2,2945295.15318797,1908180.12178278,41.88103387,-87.7845,,Urban,1,N,(N/A),Y,(N/A)
2020,2020-04-24,Friday,18,06:10 PM,Property Damage,No Injuries,0,0,0,0,0,2,Front to Rear,11,N,N,Following Too Closely,Failing to Reduce Speed to Avoid Crash,Daylight,Clear,Dry,N,,,,,Other Regualtory Sig,Functioning Properly,N,2,41.8732805,-87.8012557,ok,Partial Access Control,3,03-20-04893,2020,,3,28,50000 and OVER,9,4295,Oak Park,C,Urban InterState,0,16,24,10871851,4,Cook,0,20,,,5,N,No,(UNK),202001106826,ISP,1,0.11,Y,,,,(UNK),73095,(N/A),(UNK),No Defects,1,1,InterState,1,290,X001897277,Not Toll,73,10,4,Divided With Median Barrier,3,2940806.35809764,1905225.39969533,41.87327262,-87.8012,,Urban,1,N,(N/A),Y,(N/A)
2020,2020-04-25,Saturday,21,09:28 PM,Property Damage,No Injuries,0,0,0,0,0,2,Turning,10,N,N,Driving Skills/Knowledge/Experience,Driving Skills/Knowledge/Experience,Darkness / Lighted Road,Rain,Wet,Y,,,,,Traffic Signal,Functioning Properly,Y,2,41.8759848,-87.8045958,ok,(UNK),1,2001986,2020,,15,15,50000 and OVER,9,4295,Oak Park,C,Urban Other Principal Arte,6,16,25,10872187,4,Cook,0,20,,,6,N,No,Free Flow,202001107189,City,5,25.77,Y,,,,(UNK),73197,(N/A),(UNK),No Defects,1,2,Other Principal Arterial,3,5043,X001897511,Not Toll,73,3,4,Not Divided,1,2939869.49456576,1906185.86027551,41.875977,-87.8046,,Urban,2,N,(N/A),Y,(N/A)
2020,2020-04-24,Friday,09,09:30 AM,Property Damage,No Injuries,0,0,0,0,0,3,Front to Rear,11,N,N,Following Too Closely,Driving Skills/Knowledge/Experience,Daylight,Clear,Dry,N,,,,,Traffic Signal,Functioning Properly,N,2,41.9092402,-87.7759128,ok,(UNK),1,2001961,2020,,3,15,50000 and OVER,9,4295,Oak Park,C,Urban Other Principal Arte,0,16,24,10873204,4,Cook,0,20,,,5,N,No,Slow,202001108289,City,1,7.46,Y,,,,(UNK),73521,(N/A),(UNK),No Defects,1,1,Other Principal Arterial,3,307,X001898440,Not Toll,73,3,4,Not Divided,1,2947343.62300229,1918521.1688148,41.90923235,-87.7759,,Urban,1,N,(N/A),Y,(N/A)
2020,2020-04-18,Saturday,22,10:00 PM,Property Damage,No Injuries,0,0,0,0,0,2,Sideswipe Same Direction,12,N,N,Unable to Determine,Unable to Determine,Darkness / Lighted Road,Unknown,Unknown,N,,,,,Traffic Signal,Unknown,Y,2,41.8650554,-87.8022905,ok,(UNK),1,20-03047,2020,,18,18,50000 and OVER,9,4295,Oak Park,C,Urban Other Principal Arte,0,16,18,10870430,4,Cook,0,20,,,6,N,No,Free Flow,202001105636,City,5,6.09,Y,,,,(UNK),73606,(N/A),(UNK),Unknown,99,9,Other Principal Arterial,3,347,X001896192,Not Toll,73,3,9,"Divided, No Median Barrier",2,2940607.12422571,1902220.2910463,41.8650476,-87.8023,,Urban,9,N,(N/A),N,(N/A)
2020,2020-04-29,Wednesday,16,04:11 PM,Property Damage,No Injuries,0,0,0,0,0,2,Turning,10,N,N,Improper Overtaking/Passing,Failing to Reduce Speed to Avoid Crash,Daylight,Rain,Wet,N,,,,,No Controls,No Controls,N,2,41.908985,-87.7963506,ok,(UNK),1,2002049,2020,,4,28,50000 and OVER,9,4295,Oak Park,C,Urban Other Principal Arte,0,16,29,10874033,4,Cook,0,20,,,3,N,No,Stopped,202001108905,City,1,6.41,Y,,,,(UNK),73747,(N/A),(UNK),Unknown,99,2,Other Principal Arterial,3,307,X001898984,Not Toll,73,1,1,Not Divided,1,2941782.71956424,1918273.67529151,41.90897714,-87.7963,,Urban,2,N,(N/A),N,(N/A)
2020,2020-04-29,Wednesday,15,03:40 PM,Property Damage,No Injuries,0,0,0,0,0,1,Parked Motor Vehicle,9,N,N,Failing to Reduce Speed to Avoid Crash,Driving Skills/Knowledge/Experience,Daylight,Rain,Wet,N,,,,,No Controls,No Controls,N,2,41.885617,-87.7895174,ok,(UNK),1,2002048,2020,,28,15,50000 and OVER,9,4295,Oak Park,C,Urban Minor Collector,0,16,29,10874497,4,Cook,0,20,,,3,N,No,Free Flow,202001109402,City,1,0.21,N,,,,(UNK),73878,(N/A),(UNK),No Defects,1,2,Minor Collector,6,2779,X001899351,Not Toll,73,1,1,Not Divided,1,2943878.91129251,1909809.42335311,41.88560913,-87.7895,,Urban,2,N,(N/A),Y,(N/A)
2020,2020-04-30,Thursday,11,11:07 AM,Property Damage,No Injuries,0,0,0,0,0,2,Other Object,7,N,N,Failing to Reduce Speed to Avoid Crash,Disregarding Other Traffic Signs,Daylight,Cloudy/Overcast,Dry,N,,,,,Traffic Signal,Functioning Properly,N,1,41.8870396,-87.7846491,ok,(UNK),1,2002054,2020,,28,24,50000 and OVER,9,4295,Oak Park,C,Urban Major Collector,0,16,30,10874499,4,Cook,0,20,BRIDGE,,4,N,No,Free Flow,202001109405,City,1,1.02,N,,,,(UNK),73879,(N/A),(UNK),No Defects,1,1,Major Collector,5,2783,X001899353,Not Toll,73,3,4,Divided With Median Barrier,3,2945190.21419928,1910364.62806489,41.88703173,-87.7846,,Urban,8,N,(N/A),Y,(N/A)
2020,2020-04-23,Thursday,14,02:20 PM,Property Damage,No Injuries,0,0,0,0,0,2,Angle,15,N,N,Disregarding Traffic Signals,Failing to Reduce Speed to Avoid Crash,Daylight,Cloudy/Overcast,Dry,Y,,,,,Traffic Signal,Functioning Properly,N,2,41.8761173,-87.7941073,ok,(UNK),1,2001949,2020,,25,28,50000 and OVER,9,4295,Oak Park,C,Urban Major Collector,8,16,23,10871168,4,Cook,0,20,,,4,N,No,Slow,202001106384,City,1,0,N,,,,(UNK),73888,(N/A),(UNK),No Defects,1,1,Major Collector,5,,X001896032,Not Toll,73,3,4,Not Divided,1,2942724.75801032,1906312.9613081,41.87610946,-87.7941,,Urban,8,N,(N/A),Y,(N/A)
2020,2020-04-30,Thursday,04,04:16 AM,Injury,B Injury Crash,1,0,0,1,0,1,Turning,10,N,N,Failing to Yield Right of Way,(N/A),Darkness,Rain,Wet,Y,,,,,Traffic Signal,Functioning Properly,N,2,41.8650279,-87.8042158,ok,(UNK),1,2002051,2020,,2,99,50000 and OVER,9,4295,Oak Park,C,Urban Other Principal Arte,0,16,30,10874057,4,Cook,2,20,,,4,N,No,Free Flow,202001108941,City,4,25.01,Y,,,,(UNK),73922,(N/A),(UNK),No Defects,1,2,Other Principal Arterial,3,5043,X001898999,Not Toll,52,3,4,Not Divided,1,2940082.93052926,1902195.79134172,41.86502002,-87.8042,,Urban,2,N,(N/A),Y,(N/A)
2020,2020-04-29,Wednesday,17,05:58 PM,Property Damage,No Injuries,0,0,0,0,0,3,Front to Rear,11,N,N,Following Too Closely,Failing to Reduce Speed to Avoid Crash,Daylight,Rain,Wet,N,,,,,No Controls,No Controls,N,2,41.8669443,-87.8042776,ok,(UNK),1,2002050,2020,,3,28,50000 and OVER,9,4295,Oak Park,C,Urban Other Principal Arte,0,16,29,10874058,4,Cook,0,20,,,3,N,No,Free Flow,202001108942,City,1,20.56,Y,,,,(UNK),73923,(N/A),(UNK),No Defects,1,2,Other Principal Arterial,3,348,X001898992,Not Toll,73,1,1,Not Divided,1,2940046.8567695,1902893.70426373,41.86693644,-87.8043,,Urban,2,N,(N/A),Y,(N/A)
2020,2020-04-30,Thursday,18,06:02 PM,Injury,B Injury Crash,1,0,0,1,0,1,Angle,15,N,N,Failing to Yield Right of Way,Driving Skills/Knowledge/Experience,Daylight,Clear,Dry,Y,,,,,Traffic Signal,Functioning Properly,N,2,41.87231,-87.8044681,ok,(UNK),1,2002065,2020,,2,15,50000 and OVER,9,4295,Oak Park,C,Urban Other Principal Arte,0,16,30,10874570,4,Cook,2,20,,,4,N,No,Free Flow,202001109479,City,1,25.52,Y,,,,(UNK),74120,(N/A),(UNK),No Defects,1,1,Other Principal Arterial,3,5043,X001899478,Not Toll,73,3,4,Four Way,14,2939941.1375729,1904847.64556927,41.87230218,-87.8045,,Urban,1,N,(N/A),Y,(N/A)
2020,2020-04-28,Tuesday,05,05:20 AM,Property Damage,No Injuries,0,0,0,0,0,1,Other Object,7,N,N,Weather,Failing to Reduce Speed to Avoid Crash,Daylight,Clear,Dry,N,,,,,No Controls,No Controls,N,1,41.8713498,-87.7762958,ok,Partial Access Control,3,03-20-05025,2020,,11,28,50000 and OVER,9,4295,Oak Park,C,Urban InterState,0,16,28,10872415,4,Cook,0,20,,,2,N,No,(UNK),202001107355,ISP,1,22.99,Y,,,,(UNK),74144,(N/A),(UNK),No Defects,1,1,InterState,1,9290,X001897751,Not Toll,73,1,1,Divided With Median Barrier,3,2947624.231047,1904710.27633691,41.87134198,-87.7763,,Urban,1,N,(N/A),Y,(N/A)
2020,2020-04-28,Tuesday,09,09:19 AM,Property Damage,No Injuries,0,0,0,0,0,2,Sideswipe Same Direction,12,N,N,Failing to Yield Right of Way,Failing to Yield Right of Way,Daylight,Clear,Dry,N,,,,,No Controls,No Controls,N,2,41.9092074,-87.7795079,ok,(UNK),1,2002027,2020,,2,2,50000 and OVER,9,4295,Oak Park,C,Urban Other Principal Arte,6,16,28,10873660,4,Cook,0,20,,,2,N,No,Free Flow,202001108768,City,1,130.53,Y,,,,(UNK),74157,(N/A),(UNK),No Defects,1,1,Other Principal Arterial,3,5064,X001898775,Not Toll,73,1,1,Not Divided,1,2946365.32151852,1918481.94264051,41.90919955,-87.7795,,Urban,1,N,(N/A),Y,(N/A)
2020,2020-05-02,Saturday,09,09:40 AM,Property Damage,No Injuries,0,0,0,0,0,2,Front to Rear,11,N,N,Cell Phone Use Other Than Texting,(N/A),Daylight,Clear,Dry,N,,,,,Traffic Signal,Functioning Properly,N,2,41.8838058,-87.8048663,ok,(UNK),1,20-01184,2020,,45,99,50000 and OVER,9,4295,Oak Park,C,Urban Other Principal Arte,0,16,2,10875084,5,Cook,0,20,,,6,N,No,Slow,202001110119,City,1,19.39,Y,,,,(UNK),74430,(N/A),(UNK),Worn Surface,8,1,Other Principal Arterial,3,348,X001900000,Not Toll,73,3,4,"Divided, No Median Barrier",2,2939717.33077482,1909033.92988863,41.88379796,-87.8049,,Urban,1,N,(N/A),N,(N/A)
2020,2020-04-18,Saturday,19,07:56 PM,Property Damage,No Injuries,0,0,0,0,0,1,Parked Motor Vehicle,9,N,N,Failing to Reduce Speed to Avoid Crash,Operating Vehicle In Reckless Manner,Darkness / Lighted Road,Clear,Dry,N,,,,,Traffic Signal,Functioning Properly,Y,2,41.8819929,-87.8048086,ok,(UNK),1,20-1105,2020,,28,50,50000 and OVER,9,4295,Oak Park,C,Urban Other Principal Arte,0,16,18,10872465,4,Cook,0,20,,,6,N,No,Free Flow,202001107419,City,5,19.52,Y,,,,(UNK),74446,(N/A),(UNK),No Defects,1,1,Other Principal Arterial,3,348,X001897770,Not Toll,73,3,4,"Divided, No Median Barrier",2,2939751.25060622,1908373.71661915,41.88198508,-87.8048,,Urban,1,N,(N/A),Y,(N/A)
2020,2020-04-19,Sunday,00,00:30 AM,Injury,B Injury Crash,2,0,0,2,0,2,Sideswipe Same Direction,12,N,N,Distraction - From Inside Vehicle,Failing to Reduce Speed to Avoid Crash,Darkness / Lighted Road,Clear,Dry,N,,,,,No Controls,Functioning Properly,N,2,41.8721624,-87.7867628,ok,Partial Access Control,3,03-20-04742,2020,,41,28,50000 and OVER,9,4295,Oak Park,C,Urban InterState,0,16,19,10873461,4,Cook,2,20,,,7,N,Yes,(UNK),202001108539,ISP,5,22.45,Y,,,,(UNK),74871,(N/A),(UNK),No Defects,1,1,InterState,1,9290,X001898698,Not Toll,73,1,4,Divided With Median Barrier,3,2944765.04806654,1904927.11429927,41.87215451,-87.7868,,Urban,1,N,(N/A),Y,(N/A)