crash_year,crash_date,day_of_week,crash_hour,time_of_crash,crash_severity,crash_injury_severity,total_injured,total_fatals,a_injuries,b_injuries,c_injuries,no_injuries,type_of_first_crash,collision_type_code,pedestrian_involved,pedalcyclist_involved,cause1,cause2,lighting_cond,weather_cond,road_surface_cond,intersection_related,is_intersection,highway_or_street_name,at_intersection_with,address_no,traffic_control_device,traffic_control_device_cond,hit_and_run,number_of_vehicles,latitude,longitude,location_status,access_control,agency_code,agency_report_number,agency_report_year,alignment_code,cause1_code,cause2_code,city_class,city_class_code,city_code,city_name,city_township_flag,class_of_trafficway,class_of_trafficway_code,county_code,crash_day,crash_id,crash_month,crash_report_county,crash_severity_cd,crash_yr_source,damaged_property1,damaged_property2,day_of_week_code,did_crash_occur_in_work_zone,did_involve_secondary_crash,flow_condition,icn,investigating_agency_descrip,light_condition_code,mile_station,nhs,non_intersection_direction,non_intersection_distance,non_intersection_units,number_of_lanes,objectid,railroad_crossing_number,road_alignment,road_defects,road_defects_code,road_surface_condition_code,roadway_functional_class,roadway_functional_class_code,route_number,sfe,toll,township,traffic_control_device_code,traffic_control_device_cond_code,trafficway_descrip,trafficway_description_code,ts_crash_coordinate_x,ts_crash_coordinate_y,ts_crash_latitude,ts_crash_longitude,type_report,urban_rural,weather_code,were_workers_present,work_zone,work_zone_related,work_zone_type
2020,2020-04-27,Monday,22,10:58 PM,Property Damage,No Injuries,0,0,0,0,0,1,Fixed Object,6,N,N,Driving Skills/Knowledge/Experience,Driving Skills/Knowledge/Experience,Darkness / Lighted Road,Clear,Wet,N,,,,,No Controls,No Controls,Y,1,41.8764701,-87.8009579,ok,(UNK),1,2002025,2020,,15,15,50000 and OVER,9,4295,Oak Park,C,Urban Local Road or Street,0,16,27,10873002,4,Cook,0,20,TREE,,1,N,Yes,Slow,202001108011,City,5,0.21,N,,,,(UNK),75112,(N/A),(UNK),No Defects,1,2,Local Road or Street,7,2701,X001898167,Not Toll,73,1,1,Not Divided,1,2940855.42449143,1906390.01293788,41.8764623,-87.801,,Urban,1,N,(N/A),Y,(N/A)
2020,2020-05-02,Saturday,10,10:35 AM,Property Damage,No Injuries,0,0,0,0,0,5,Front to Rear,11,N,N,Distraction - From Inside Vehicle,Distraction - From Inside Vehicle,Daylight,Clear,Dry,N,,,,,Traffic Signal,Functioning Properly,N,3,41.8723963,-87.8044698,ok,(UNK),1,20-01185,2020,,41,41,50000 and OVER,9,4295,Oak Park,C,Urban Other Principal Arte,0,16,2,10875777,5,Cook,0,20,,,6,N,Yes,Stopped,202001110796,City,1,20.17,Y,,,,(UNK),75507,(N/A),(UNK),No Defects,1,1,Other Principal Arterial,3,348,X001900694,Not Toll,73,3,4,Divided With Median Barrier,3,2939939.81726236,1904879.057798,41.87238841,-87.8045,,Urban,1,N,(N/A),Y,(N/A)
2020,2020-05-02,Saturday,16,04:16 PM,Property Damage,No Injuries,0,0,0,0,0,2,Parked Motor Vehicle,9,N,N,Failing to Reduce Speed to Avoid Crash,Driving Skills/Knowledge/Experience,Daylight,Clear,Dry,N,,,,,No Controls,No Controls,N,2,41.8801543,-87.774803,ok,(UNK),1,2002104,2020,,28,15,50000 and OVER,9,4295,Oak Park,C,Urban Minor Arterial,8,16,2,10876574,5,Cook,0,20,,,6,N,No,Free Flow,202001111536,City,1,0,N,,,,(UNK),75686,(N/A),(UNK),No Defects,1,1,Minor Arterial,4,,X001901262,Not Toll,73,1,1,Divided With Median Barrier,3,2947941.38881464,1907930.11050383,41.88014642,-87.7748,,Urban,1,N,(N/A),Y,(N/A)
2020,2020-04-30,Thursday,16,04:40 PM,Property Damage,No Injuries,0,0,0,0,0,3,Front to Rear,11,N,N,Following Too Closely,Failing to Reduce Speed to Avoid Crash,Daylight,Clear,Dry,N,,,,,Delineators,Functioning Properly,N,2,41.8710995,-87.7772103,ok,Partial Access Control,3,03-20-05159,2020,,3,28,50000 and OVER,9,4295,Oak Park,C,Urban InterState,0,16,30,10876620,4,Cook,0,20,,,4,N,No,(UNK),202001111590,ISP,1,9.06,Y,,,,(UNK),76009,(N/A),(UNK),No Defects,1,1,InterState,1,290,X001901310,Not Toll,,14,4,Divided With Median Barrier,3,2947377.70055301,1904612.10081227,41.87109162,-87.7772,,Urban,1,N,(N/A),Y,(N/A)
2020,2020-05-02,Saturday,01,01:51 AM,Property Damage,No Injuries,0,0,0,0,0,1,Parked Motor Vehicle,9,N,N,Unable to Determine,Unable to Determine,Unknown,Unknown,Unknown,N,,,,,Stop Sign,Functioning Properly,Y,2,41.8902604,-87.7916328,ok,(UNK),1,2002096,2020,,18,18,50000 and OVER,9,4295,Oak Park,C,Urban Local Road or Street,0,16,2,10876938,5,Cook,0,20,,,6,N,No,Free Flow,202001111938,City,9,0.43,N,,,,(UNK),76071,(N/A),(UNK),No Defects,1,9,Local Road or Street,7,3060,X001901500,Not Toll,73,2,4,Not Divided,1,2943255.98719094,1911485.62981631,41.89025259,-87.7916,,Urban,9,N,(N/A),Y,(N/A)
2020,2020-05-01,Friday,15,03:50 PM,Property Damage,No Injuries,0,0,0,0,0,1,Parked Motor Vehicle,9,N,N,Distraction - From Inside Vehicle,Improper Lane Usage,Daylight,Clear,Dry,N,,,,,No Controls,No Controls,N,2,41.9072556,-87.7807415,ok,(UNK),1,2002085,2020,,41,20,50000 and OVER,9,4295,Oak Park,C,Urban Local Road or Street,0,16,1,10877010,5,Cook,0,20,,,5,N,No,Free Flow,202001112030,City,1,0.13,N,,,,(UNK),76399,(N/A),(UNK),No Defects,1,1,Local Road or Street,7,3559,X001901212,Not Toll,73,1,1,Not Divided,1,2946049.30773343,1917761.30950827,41.90724772,-87.7807,,Urban,1,N,(N/A),Y,(N/A)
2020,2020-05-03,Sunday,17,05:24 PM,Property Damage,No Injuries,0,0,0,0,0,2,Front to Rear,11,N,N,Failing to Reduce Speed to Avoid Crash,Driving Skills/Knowledge/Experience,Daylight,Clear,Dry,N,,,,,Traffic Signal,Functioning Properly,N,2,41.8800012,-87.7762857,ok,(UNK),1,2002120,2020,,28,15,50000 and OVER,9,4295,Oak Park,C,Urban Minor Arterial,8,16,3,10877011,5,Cook,0,20,,,7,N,No,Stopped,202001112031,City,1,0,N,,,,(UNK),76400,(N/A),(UNK),No Defects,1,1,Minor Arterial,4,,X001901277,Not Toll,73,3,4,"Divided, No Median Barrier",2,2947539.15056448,1907863.0693168,41.87999334,-87.7763,,Urban,1,N,(N/A),Y,(N/A)
2020,2020-05-02,Saturday,07,07:05 AM,Property Damage,No Injuries,0,0,0,0,0,2,Sideswipe Same Direction,12,N,N,Improper Lane Usage,Failing to Reduce Speed to Avoid Crash,Daylight,Clear,Dry,N,,,,,Other Regualtory Sig,Functioning Properly,Y,2,41.8734516,-87.8041288,ok,Partial Access Control,3,03-20-05200,2020,,20,28,50000 and OVER,9,4295,Oak Park,C,Urban InterState,0,16,2,10875982,5,Cook,0,20,,,6,N,No,(UNK),202001110996,ISP,1,7.72,Y,,,,(UNK),76873,(N/A),(UNK),No Defects,1,1,InterState,1,290,X001900898,Not Toll,,10,4,Divided With Median Barrier,3,2940022.11190639,1905266.18629581,41.87344371,-87.8041,,Urban,1,N,(N/A),Y,(N/A)
2020,2020-05-01,Friday,14,02:50 PM,Property Damage,No Injuries,0,0,0,0,0,3,Front to Rear,11,N,N,Following Too Closely,Failing to Reduce Speed to Avoid Crash,Daylight,Clear,Dry,N,,,,,No Controls,No Controls,N,2,41.8650672,-87.8014733,ok,(UNK),1,2002082,2020,,3,28,50000 and OVER,9,4295,Oak Park,C,Urban Other Principal Arte,0,16,1,10876536,5,Cook,0,20,,,5,N,No,Slow,202001111483,City,1,6.13,Y,,,,(UNK),76899,(N/A),(UNK),No Defects,1,1,Other Principal Arterial,3,347,X001901210,Not Toll,73,1,1,Not Divided,1,2940829.59856749,1902230.69152846,41.86505931,-87.8015,,Urban,1,N,(N/A),Y,(N/A)
2020,2020-05-01,Friday,17,05:21 PM,Property Damage,No Injuries,0,0,0,0,0,4,Front to Rear,11,N,N,Failing to Yield Right of Way,Failing to Reduce Speed to Avoid Crash,Daylight,Clear,Dry,N,,,,,No Controls,No Controls,N,2,41.9016253,-87.8055284,ok,(UNK),1,2002087,2020,,2,28,50000 and OVER,9,4295,Oak Park,C,Urban Other Principal Arte,0,16,1,10876538,5,Cook,0,20,,,5,N,No,Stopped,202001111484,City,1,18.16,Y,,,,(UNK),76900,(N/A),(UNK),No Defects,1,1,Other Principal Arterial,3,348,X001901216,Not Toll,73,1,1,"Divided, No Median Barrier",2,2939358.23355844,1915522.73631182,41.9016175,-87.8055,,Urban,1,N,(N/A),Y,(N/A)
2020,2020-04-30,Thursday,14,02:33 PM,Property Damage,No Injuries,0,0,0,0,0,2,Parked Motor Vehicle,9,N,N,Failing to Reduce Speed to Avoid Crash,Driving Skills/Knowledge/Experience,Daylight,Cloudy/Overcast,Dry,N,,,,,No Controls,No Controls,N,3,41.8816291,-87.7898881,ok,(UNK),1,2002061,2020,,28,15,50000 and OVER,9,4295,Oak Park,C,Urban Major Collector,0,16,30,10876096,4,Cook,0,20,,,4,N,No,(UNK),202001111127,City,1,0.77,N,,,,(UNK),77365,(N/A),(UNK),No Defects,1,1,Major Collector,5,5,X001899920,Not Toll,73,1,1,Not Divided,1,2943818.23261561,1908353.37301829,41.88162126,-87.7899,,Urban,8,N,(N/A),Y,(N/A)
2020,2020-04-30,Thursday,11,11:57 AM,Property Damage,No Injuries,0,0,0,0,0,2,Parked Motor Vehicle,9,N,N,Failing to Yield Right of Way,(N/A),Daylight,Cloudy/Overcast,Dry,N,,,,,No Controls,No Controls,N,2,41.9089301,-87.7996714,ok,(UNK),1,2002056,2020,,2,99,50000 and OVER,9,4295,Oak Park,C,Urban Other Principal Arte,0,16,30,10876116,4,Cook,0,20,,,4,N,No,Free Flow,202001111147,City,1,6.24,Y,,,,(UNK),77388,(N/A),(UNK),No Defects,1,1,Other Principal Arterial,3,307,X001899610,Not Toll,73,1,1,"Divided, No Median Barrier",2,2940879.29510007,1918228.6792655,41.9089222,-87.7997,,Urban,8,N,(N/A),Y,(N/A)
2020,2020-05-05,Tuesday,21,09:15 PM,Property Damage,No Injuries,0,0,0,0,0,1,Fixed Object,6,N,N,Driving Skills/Knowledge/Experience,Equipment-Vehicle Condition,Darkness / Lighted Road,Clear,Dry,N,,,,,No Controls,No Controls,N,1,41.8944931,-87.8052399,ok,(UNK),1,2000391,2020,,15,10,50000 and OVER,9,4295,Oak Park,C,Urban Other Principal Arte,0,16,5,10879103,5,Cook,0,20,FENCE TO CONSTRUCTION SITE,,2,N,No,Free Flow,202001113995,City,5,18.65,Y,,,,(UNK),77606,(N/A),(UNK),No Defects,1,1,Other Principal Arterial,3,348,X001903094,Not Toll,73,1,1,"Divided, No Median Barrier",2,2939508.37081613,1912925.79270367,41.8944853,-87.8052,,Urban,1,N,(N/A),Y,(N/A)
2020,2020-05-04,Monday,14,02:44 PM,Property Damage,No Injuries,0,0,0,0,0,5,Angle,15,N,N,Disregarding Traffic Signals,(N/A),Daylight,Clear,Dry,Y,,,,,Traffic Signal,Functioning Properly,N,2,41.8759849,-87.8045956,ok,(UNK),1,2002138,2020,,25,99,50000 and OVER,9,4295,Oak Park,C,Urban Other Principal Arte,0,16,4,10877263,5,Cook,0,20,,,1,N,No,Free Flow,202001112360,City,1,25.77,Y,,,,(UNK),77947,(N/A),(UNK),No Defects,1,1,Other Principal Arterial,3,5043,X001901857,Not Toll,73,3,4,Other,8,2939869.547685,1906185.86551446,41.87597701,-87.8046,,Urban,1,N,(N/A),Y,(N/A)
2020,2020-05-05,Tuesday,10,10:46 AM,Property Damage,No Injuries,0,0,0,0,0,2,Front to Rear,11,N,N,Failing to Reduce Speed to Avoid Crash,Following Too Closely,Daylight,Cloudy/Overcast,Wet,N,,,,,Traffic Signal,Functioning Properly,Y,2,41.8800746,-87.7795795,ok,(UNK),1,2002154,2020,,28,3,50000 and OVER,9,4295,Oak Park,C,Urban Minor Arterial,8,16,5,10877778,5,Cook,0,20,,,2,N,No,Stopped,202001112945,City,1,0,N,,,,(UNK),77950,(N/A),(UNK),No Defects,1,2,Minor Arterial,4,,X001902286,Not Toll,73,3,4,Not Divided,1,2946641.36240351,1907864.84626523,41.88006677,-87.7796,,Urban,8,N,(N/A),Y,(N/A)
2020,2020-05-05,Tuesday,12,12:09 PM,Property Damage,No Injuries,0,0,0,0,0,2,Front to Rear,11,N,N,Following Too Closely,(N/A),Daylight,Rain,Wet,Y,,,,,Traffic Signal,Functioning Properly,N,2,41.8759849,-87.8045956,ok,(UNK),1,2002158,2020,,3,99,50000 and OVER,9,4295,Oak Park,C,Urban Other Principal Arte,0,16,5,10877780,5,Cook,0,20,,,2,N,No,Stopped,202001112947,City,1,25.77,Y,,,,(UNK),77951,(N/A),(UNK),No Defects,1,2,Other Principal Arterial,3,5043,X001902288,Not Toll,73,3,4,Not Divided,1,2939869.54084894,1906185.86484025,41.87597701,-87.8046,,Urban,2,N,(N/A),Y,(N/A)
2020,2020-05-03,Sunday,16,04:40 PM,Injury,A Injury Crash,1,0,1,0,0,1,Front to Rear,11,N,N,Failing to Reduce Speed to Avoid Crash,Following Too Closely,Daylight,Clear,Dry,N,,,,,Delineators,Functioning Properly,N,2,41.8727542,-87.7968371,ok,Partial Access Control,3,03-20-05245,2020,,28,3,50000 and OVER,9,4295,Oak Park,C,Urban InterState,0,16,3,10879420,5,Cook,3,20,,,7,N,No,(UNK),202001114320,ISP,1,8.05,Y,,,,(UNK),77983,(N/A),(UNK),No Defects,1,1,InterState,1,290,X001903478,Not Toll,,14,4,Divided With Median Barrier,3,2942015.13012821,1905066.84087606,41.87274637,-87.7968,,Urban,1,N,(N/A),Y,(N/A)
2020,2020-04-30,Thursday,18,06:08 PM,Property Damage,No Injuries,0,0,0,0,0,6,Angle,15,N,N,Failing to Yield Right of Way,Unable to Determine,Daylight,Clear,Dry,Y,,,,,No Controls,No Controls,N,4,41.8794624,-87.8047261,ok,(UNK),1,2002064,2020,,2,18,50000 and OVER,9,4295,Oak Park,C,Urban Other Principal Arte,0,16,30,10876252,4,Cook,0,20,,,4,N,Yes,Free Flow,202001111192,City,1,19.69,Y,,,,(UNK),78017,(N/A),(UNK),No Defects,1,1,Other Principal Arterial,3,348,X001899919,Not Toll,73,1,1,"Divided, No Median Barrier",2,2939799.10666753,1907452.18228901,41.8794546,-87.8047,,Urban,1,N,(N/A),Y,(N/A)
2020,2020-05-03,Sunday,05,05:15 AM,Property Damage,No Injuries,0,0,0,0,0,2,Front to Rear,11,N,N,Failing to Reduce Speed to Avoid Crash,Driving Skills/Knowledge/Experience,Daylight,Clear,Dry,N,,,,,No Controls,No Controls,N,2,41.8713691,-87.7766,ok,Partial Access Control,3,03-20-05232,2020,,28,15,50000 and OVER,9,4295,Oak Park,C,Urban InterState,0,16,3,10880687,5,Cook,0,20,,,7,N,No,(UNK),202001115709,ISP,1,22.97,Y,,,,(UNK),78600,(N/A),(UNK),No Defects,1,1,InterState,1,9290,X001904670,Not Toll,73,1,1,Ramp,11,2947541.1798574,1904714.98939394,41.87136125,-87.7766,,Urban,1,N,(N/A),Y,(N/A)
2020,2020-05-02,Saturday,23,11:45 PM,Injury,B Injury Crash,1,0,0,1,0,0,Fixed Object,6,N,N,Improper Lane Usage,Failing to Reduce Speed to Avoid Crash,Darkness / Lighted Road,Clear,Dry,N,,,,,Other Regualtory Sig,Functioning Properly,N,1,41.8716722,-87.8301366,outside_oak_park,Partial Access Control,3,03-20-05224,2020,,20,28,50000 and OVER,9,4295,Oak Park,C,Urban InterState,0,16,2,10880704,5,Cook,2,20,,,6,N,No,(UNK),202001115725,ISP,5,20.24,Y,,,,(UNK),78620,(N/A),(UNK),No Defects,1,1,InterState,1,9290,X001904686,Not Toll,,10,4,Divided With Median Barrier,3,2932956.09942929,1904423.74971076,41.87166434,-87.8301,,Urban,1,N,(N/A),Y,(N/A)
2020,2020-05-09,Saturday,03,03:51 AM,Property Damage,No Injuries,0,0,0,0,0,3,Front to Rear,11,N,N,Failing to Reduce Speed to Avoid Crash,Driving Skills/Knowledge/Experience,Darkness / Lighted Road,Clear,Dry,N,,,,,No Controls,No Controls,N,2,41.8708625,-87.773148,ok,Partial Access Control,3,03-20-05431,2020,,28,15,50000 and OVER,9,4295,Oak Park,C,Urban InterState,0,16,9,10880727,5,Cook,0,20,,,6,N,No,(UNK),202001115748,ISP,5,9.27,Y,,,,(UNK),78736,(N/A),(UNK),No Defects,1,1,InterState,1,290,X001904709,Not Toll,,1,1,Ramp,11,2948486.58101053,1904556.57892771,41.87085463,-87.7731,,Urban,1,N,(N/A),Y,(N/A)
2020,2020-04-28,Tuesday,09,09:30 AM,Injury,B Injury Crash,1,0,0,1,0,1,Sideswipe Same Direction,12,N,N,Improper Lane Usage,Driving Skills/Knowledge/Experience,Daylight,Clear,Dry,N,,,,,Other,Functioning Properly,Y,2,41.8712662,-87.777754,ok,Partial Access Control,3,03-20-05032,2020,,20,15,50000 and OVER,9,4295,Oak Park,C,Urban InterState,0,16,28,10880849,4,Cook,2,20,"1 guardrail cushion, ramp to Austin from I-290 EB",,2,N,No,(UNK),202001115867,ISP,1,0.08,Y,,,,(UNK),79435,(N/A),(UNK),No Defects,1,1,InterState,1,290,X001904830,Not Toll,,13,4,Not Divided,1,2947227.91116393,1904668.72920261,41.87125833,-87.7777,,Urban,1,N,(N/A),Y,(N/A)
2020,2020-05-10,Sunday,23,11:34 PM,Property Damage,No Injuries,0,0,0,0,0,2,Sideswipe Same Direction,12,N,N,Improper Overtaking/Passing,Driving Skills/Knowledge/Experience,Darkness / Lighted Road,Clear,Wet,N,,,,,No Controls,No Controls,N,2,41.8718428,-87.7861452,ok,Partial Access Control,3,03-20-05507,2020,,4,15,50000 and OVER,9,4295,Oak Park,C,Urban InterState,0,16,10,10882403,5,Cook,0,20,,,7,N,No,(UNK),202001117181,ISP,5,8.61,Y,,,,(UNK),79484,(N/A),(UNK),No Defects,1,2,InterState,1,290,X001905979,Not Toll,,1,1,Divided With Median Barrier,3,2944936.51580048,1904815.34208427,41.87183499,-87.7861,,Urban,1,N,(N/A),Y,(N/A)
2020,2020-05-08,Friday,22,10:52 PM,Property Damage,No Injuries,0,0,0,0,0,2,Turning,10,N,N,Failing to Yield Right of Way,(N/A),Darkness / Lighted Road,Cloudy/Overcast,Dry,Y,,,,,Traffic Signal,Functioning Properly,N,2,41.8796673,-87.8047358,ok,(UNK),1,2002213,2020,,2,99,50000 and OVER,9,4295,Oak Park,C,Urban Other Principal Arte,6,16,8,10882525,5,Cook,0,20,,,5,N,No,Free Flow,202001117306,City,5,26.02,Y,,,,(UNK),80090,(N/A),(UNK),No Defects,1,1,Other Principal Arterial,3,5043,X001906010,Not Toll,73,3,4,"Divided, No Median Barrier",2,2939794.41284067,1907526.75403123,41.87965943,-87.8047,,Urban,8,N,(N/A),Y,(N/A)
2020,2020-05-09,Saturday,05,05:57 AM,Property Damage,No Injuries,0,0,0,0,0,4,Angle,15,N,N,Disregarding Traffic Signals,(N/A),Daylight,Cloudy/Overcast,Dry,Y,,,,,Traffic Signal,Functioning Properly,N,2,41.8815878,-87.7943358,ok,(UNK),1,2002215,2020,,25,99,50000 and OVER,9,4295,Oak Park,C,Urban Major Collector,8,16,9,10882526,5,Cook,0,20,,,6,N,No,Free Flow,202001117307,City,1,0,N,,,,(UNK),80119,(N/A),(UNK),No Defects,1,1,Major Collector,5,,X001906011,Not Toll,73,3,4,Four Way,14,2942607.39197709,1908304.80420034,41.88158,-87.7943,,Urban,8,N,(N/A),Y,(N/A)
2020,2020-05-09,Saturday,19,07:23 PM,Property Damage,No Injuries,0,0,0,0,0,2,Angle,15,N,N,Failing to Yield Right of Way,Unable to Determine,Dusk,Clear,Dry,Y,,,,,No Controls,No Controls,N,2,41.9090478,-87.7938177,ok,(UNK),1,2002221,2020,,2,18,50000 and OVER,9,4295,Oak Park,C,Urban Other Principal Arte,6,16,9,10882529,5,Cook,0,20,,,6,N,No,Slow,202001117309,City,3,129.79,Y,,,,(UNK),80120,(N/A),(UNK),No Defects,1,1,Other Principal Arterial,3,5064,X001906014,Not Toll,73,1,1,Not Divided,1,2942471.57663773,1918315.64013526,41.90903995,-87.7938,,Urban,1,N,(N/A),Y,(N/A)
2020,2020-05-08,Friday,06,06:00 AM,Property Damage,No Injuries,0,0,0,0,0,1,Parked Motor Vehicle,9,N,N,Failing to Reduce Speed to Avoid Crash,Improper Lane Usage,Daylight,Clear,Dry,N,,,,,No Controls,No Controls,Y,3,41.8820977,-87.7763571,ok,(UNK),1,2002202,2020,,28,20,50000 and OVER,9,4295,Oak Park,C,Urban Major Collector,8,16,8,10881469,5,Cook,0,20,,,5,N,No,Free Flow,202001116446,City,1,0,N,,,,(UNK),80551,(N/A),(UNK),No Defects,1,1,Major Collector,5,,X001904321,Not Toll,73,1,1,Not Divided,1,2947498.3953928,1908626.51882966,41.88208981,-87.7764,,Urban,1,N,(N/A),Y,(N/A)
2020,2020-05-02,Saturday,22,10:12 PM,Property Damage,No Injuries,0,0,0,0,0,1,Sideswipe Same Direction,12,N,N,Failing to Reduce Speed to Avoid Crash,(N/A),Darkness / Lighted Road,Clear,Dry,N,,,,,No Controls,No Controls,Y,2,41.8840261,-87.7765302,ok,(UNK),1,2002109,2020,,28,99,50000 and OVER,9,4295,Oak Park,C,Urban Local Road or Street,0,16,2,10881489,5,Cook,0,20,,,6,N,Yes,Free Flow,202001116447,City,5,1.42,N,,,,(UNK),80657,(N/A),(UNK),No Defects,1,1,Local Road or Street,7,3015,X001904322,Not Toll,73,1,1,Parking Lot,7,2947431.68073663,1909327.98496472,41.8840183,-87.7765,,Urban,1,N,(N/A),Y,(N/A)
2020,2020-05-14,Thursday,13,01:25 PM,Property Damage,No Injuries,0,0,0,0,0,3,Angle,15,N,N,Failing to Yield Right of Way,Unable to Determine,Daylight,Rain,Wet,Y,,,,,Stop Sign,Functioning Properly,N,2,41.8781717,-87.8046654,ok,(UNK),1,2002303,2020,,2,18,50000 and OVER,9,4295,Oak Park,C,Urban Other Principal Arte,0,16,14,10884698,5,Cook,0,20,,,4,N,No,Free Flow,202001119742,City,1,25.92,Y,,,,(UNK),80926,(N/A),(UNK),No Defects,1,2,Other Principal Arterial,3,5043,X001908022,Not Toll,73,2,4,T-Intersection,15,2939828.59504125,1906982.27731784,41.87816389,-87.8047,,Urban,2,N,(N/A),Y,(N/A)
2020,2020-05-07,Thursday,09,09:50 AM,Property Damage,No Injuries,0,0,0,0,0,3,Sideswipe Same Direction,12,N,N,Improper Lane Usage,Failing to Reduce Speed to Avoid Crash,Daylight,Clear,Dry,N,,,,,Delineators,Functioning Properly,N,2,41.8885397,-87.8050246,ok,(UNK),1,2002190,2020,,20,28,50000 and OVER,9,4295,Oak Park,C,Urban Other Principal Arte,6,16,7,10881570,5,Cook,0,20,,,4,N,No,Free Flow,202001116466,City,1,26.64,Y,,,,(UNK),80993,(N/A),(UNK),No Defects,1,1,Other Principal Arterial,3,5043,X001904319,Not Toll,73,14,4,Two-way Continuous Left-Tur,4,2939626.72418192,1910757.87341136,41.88853189,-87.805,,Urban,1,N,(N/A),Y,(N/A)
2020,2020-05-07,Thursday,20,08:07 PM,Property Damage,No Injuries,0,0,0,0,0,1,Parked Motor Vehicle,9,N,N,Failing to Reduce Speed to Avoid Crash,Driving Skills/Knowledge/Experience,Daylight,Clear,Dry,N,,,,,No Controls,No Controls,Y,2,41.872553,-87.7912162,ok,(UNK),1,2002195,2020,,28,15,50000 and OVER,9,4295,Oak Park,C,Urban Local Road or Street,0,16,7,10881571,5,Cook,0,20,,,4,N,No,Free Flow,202001116467,City,1,0.14,N,,,,(UNK),80994,(N/A),(UNK),No Defects,1,1,Local Road or Street,7,290,X001904320,Not Toll,73,1,1,Not Divided,1,2943548.13733792,1905035.87168516,41.8725452,-87.7912,,Urban,1,N,(N/A),Y,(N/A)
2020,2020-05-14,Thursday,17,05:20 PM,Injury,B Injury Crash,1,0,0,1,0,1,Front to Rear,11,N,N,Following Too Closely,Failing to Reduce Speed to Avoid Crash,Daylight,Clear,Dry,N,,,,,Traffic Signal,Functioning Properly,N,2,41.8734761,-87.8030516,ok,Partial Access Control,3,03-20-05644,2020,,3,28,50000 and OVER,9,4295,Oak Park,C,Urban InterState,0,16,14,10886117,5,Cook,2,20,,,4,N,No,(UNK),202001121250,ISP,1,0.05,Y,,,,(UNK),81509,(N/A),(UNK),No Defects,1,1,InterState,1,290,X001909449,Not Toll,,3,4,Ramp,11,2940315.25196652,1905283.19848302,41.87346822,-87.803,,Urban,1,N,(N/A),Y,(N/A)
2020,2020-04-27,Monday,13,01:48 PM,Property Damage,No Injuries,0,0,0,0,0,3,Fixed Object,6,N,N,Driving Skills/Knowledge/Experience,(N/A),Daylight,Cloudy/Overcast,Wet,Y,,,,,Other Warning Sign,Functioning Properly,N,1,41.8870241,-87.7846481,ok,(UNK),1,2002011,2020,,15,99,50000 and OVER,9,4295,Oak Park,C,Urban Major Collector,8,16,27,10884011,4,Cook,0,20,RAILROAD UNDERPASS,,1,N,No,Free Flow,202001119018,City,1,0,N,,,,(UNK),81843,(N/A),(UNK),No Defects,1,2,Major Collector,5,,X001907095,Not Toll,73,11,4,Not Divided,1,2945190.64274603,1910358.98784983,41.88701623,-87.7846,,Urban,8,N,(N/A),Y,(N/A)
2020,2020-05-12,Tuesday,12,12:54 PM,Property Damage,No Injuries,0,0,0,0,0,2,Other Object,7,N,N,Unable to Determine,Unable to Determine,Daylight,Clear,Dry,N,,,,,No Controls,No Controls,Y,1,41.8806106,-87.7795643,ok,(UNK),1,2002264,2020,,18,18,50000 and OVER,9,4295,Oak Park,C,Urban Local Road or Street,0,16,12,10884015,5,Cook,0,20,APARTMENT FRONT DOOR,,2,N,No,Free Flow,202001119019,City,1,0.51,N,,,,(UNK),81844,(N/A),(UNK),No Defects,1,1,Local Road or Street,7,3794,X001907349,Not Toll,73,1,1,Other,8,2946640.07629209,1908060.2865201,41.88060276,-87.7796,,Urban,1,N,(N/A),Y,(N/A)
2020,2020-05-14,Thursday,13,01:20 PM,Property Damage,No Injuries,0,0,0,0,0,2,Front to Rear,11,N,N,Following Too Closely,(N/A),Daylight,Clear,Dry,N,,,,,Traffic Signal,Functioning Properly,Y,2,41.8651641,-87.8042199,ok,(UNK),1,20-01297,2020,,3,99,50000 and OVER,9,4295,Oak Park,C,Urban Other Principal Arte,0,16,14,10885434,5,Cook,0,20,,,4,N,No,Slow,202001120608,City,1,20.68,Y,,,,(UNK),82443,(N/A),(UNK),No Defects,1,1,Other Principal Arterial,3,348,X001908783,Not Toll,73,3,4,"Divided, No Median Barrier",2,2940080.43877342,1902245.41159057,41.86515626,-87.8042,,Urban,1,N,(N/A),Y,(N/A)
2020,2020-05-15,Friday,03,03:39 AM,Injury,B Injury Crash,1,0,0,1,0,0,Parked Motor Vehicle,9,N,N,Physical Condition of Driver,(N/A),Darkness / Lighted Road,Rain,Wet,N,,,,,Traffic Signal,Functioning Properly,N,2,41.9087836,-87.8057853,ok,(UNK),1,2000405,2020,,17,99,50000 and OVER,9,4295,Oak Park,C,Urban Other Principal Arte,6,16,15,10886867,5,Cook,2,20,,,5,N,No,Stopped,202001121730,City,5,28.04,Y,,,,(UNK),82879,(N/A),(UNK),No Defects,1,2,Other Principal Arterial,3,5043,X001909824,Not Toll,73,3,4,"Divided, No Median Barrier",2,2939216.46793833,1918129.40060404,41.90877571,-87.8058,,Urban,2,N,(N/A),Y,(N/A)