crash_year,crash_date,day_of_week,crash_hour,time_of_crash,crash_severity,crash_injury_severity,total_injured,total_fatals,a_injuries,b_injuries,c_injuries,no_injuries,type_of_first_crash,collision_type_code,pedestrian_involved,pedalcyclist_involved,cause1,cause2,lighting_cond,weather_cond,road_surface_cond,intersection_related,is_intersection,highway_or_street_name,at_intersection_with,address_no,traffic_control_device,traffic_control_device_cond,hit_and_run,number_of_vehicles,latitude,longitude,location_status,access_control,agency_code,agency_report_number,agency_report_year,alignment_code,cause1_code,cause2_code,city_class,city_class_code,city_code,city_name,city_township_flag,class_of_trafficway,class_of_trafficway_code,county_code,crash_day,crash_id,crash_month,crash_report_county,crash_severity_cd,crash_yr_source,damaged_property1,damaged_property2,day_of_week_code,did_crash_occur_in_work_zone,did_involve_secondary_crash,flow_condition,icn,investigating_agency_descrip,light_condition_code,mile_station,nhs,non_intersection_direction,non_intersection_distance,non_intersection_units,number_of_lanes,objectid,railroad_crossing_number,road_alignment,road_defects,road_defects_code,road_surface_condition_code,roadway_functional_class,roadway_functional_class_code,route_number,sfe,toll,township,traffic_control_device_code,traffic_control_device_cond_code,trafficway_descrip,trafficway_description_code,ts_crash_coordinate_x,ts_crash_coordinate_y,ts_crash_latitude,ts_crash_longitude,type_report,urban_rural,weather_code,were_workers_present,work_zone,work_zone_related,work_zone_type
2020,2020-05-16,Saturday,10,10:47 AM,Property Damage,No Injuries,0,0,0,0,0,1,Fixed Object,6,N,N,Failing to Reduce Speed to Avoid Crash,Unable to Determine,Daylight,Clear,Dry,N,,,,,No Controls,No Controls,Y,1,41.8933024,-87.7848398,ok,(UNK),1,2002329,2020,,28,18,50000 and OVER,9,4295,Oak Park,C,Urban Major Collector,0,16,16,10886882,5,Cook,0,20,TRAFFIC CONTROL DEVICE,,6,N,No,Free Flow,202001121744,City,1,0.59,N,,,,(UNK),82924,(N/A),(UNK),No Defects,1,1,Major Collector,5,2783,X001909178,Not Toll,73,1,1,"Divided, No Median Barrier",2,2945074.90640328,1912645.49328457,41.89329459,-87.7848,,Urban,1,N,(N/A),Y,(N/A)
2020,2020-05-13,Wednesday,15,03:27 PM,Property Damage,No Injuries,0,0,0,0,0,3,Parked Motor Vehicle,9,N,N,Failing to Reduce Speed to Avoid Crash,(N/A),Daylight,Clear,Dry,N,,,,,Traffic Signal,Functioning Properly,Y,3,41.880034,-87.7830315,ok,(UNK),1,2002283,2020,,28,99,50000 and OVER,9,4295,Oak Park,C,Urban Minor Arterial,8,16,13,10886897,5,Cook,0,20,,,3,N,Yes,Slow,202001121757,City,1,0,N,,,,(UNK),82973,(N/A),(UNK),No Defects,1,1,Minor Arterial,4,,X001908676,Not Toll,73,3,4,"Divided, No Median Barrier",2,2945701.65651354,1907823.90472566,41.88002616,-87.783,,Urban,1,N,(N/A),Y,(N/A)
2020,2020-05-16,Saturday,23,11:59 PM,Property Damage,No Injuries,0,0,0,0,0,2,Sideswipe Opposite Direction,13,N,N,Driving On Wrong Side/Wrong Way,Unable to Determine,Darkness / Lighted Road,Rain,Wet,N,,,,,Other,Functioning Properly,Y,2,41.8973547,-87.8053598,ok,(UNK),1,2000411,2020,,5,18,50000 and OVER,9,4295,Oak Park,C,Urban Other Principal Arte,0,16,16,10886911,5,Cook,0,20,,,6,N,No,Free Flow,202001121767,City,5,18.45,Y,,,,(UNK),83030,(N/A),(UNK),No Defects,1,2,Other Principal Arterial,3,348,X001909826,Not Toll,73,13,4,"Divided, No Median Barrier",2,2939447.00763488,1913967.7018853,41.89734687,-87.8054,,Urban,2,N,(N/A),Y,(N/A)
2020,2020-05-11,Monday,22,10:08 PM,Property Damage,No Injuries,0,0,0,0,0,2,Sideswipe Same Direction,12,N,N,Driving Skills/Knowledge/Experience,Unable to Determine,Darkness / Lighted Road,Clear,Dry,Y,,,,,Traffic Signal,Functioning Properly,N,2,41.8871074,-87.8049778,ok,(UNK),1,2000396,2020,,15,18,50000 and OVER,9,4295,Oak Park,C,Urban Other Principal Arte,0,16,11,10887720,5,Cook,0,20,,,1,N,No,Free Flow,202001122691,City,5,26.54,Y,,,,(UNK),83154,(N/A),(UNK),No Defects,1,1,Other Principal Arterial,3,5043,X001910546,Not Toll,73,3,4,One-Way,10,2939653.83743156,1910236.26913599,41.8870996,-87.805,,Urban,1,N,(N/A),Y,(N/A)
2020,2020-05-15,Friday,19,07:40 PM,Property Damage,No Injuries,0,0,0,0,0,3,Angle,15,N,N,Failing to Yield Right of Way,Unable to Determine,Daylight,Clear,Dry,Y,,,,,Stop Sign,Functioning Properly,N,2,41.8854023,-87.8049147,ok,(UNK),1,20-1312,2020,,2,18,50000 and OVER,9,4295,Oak Park,C,Urban Other Principal Arte,6,16,15,10885190,5,Cook,0,20,,,5,N,No,Slow,202001120372,City,1,26.42,Y,,,,(UNK),83197,(N/A),(UNK),No Defects,1,1,Other Principal Arterial,3,5043,X001908530,Not Toll,73,2,4,"Divided, No Median Barrier",2,2939688.13401272,1909615.35811795,41.88539446,-87.8049,,Urban,1,N,(N/A),Y,(N/A)
2020,2020-05-15,Friday,09,09:19 AM,Injury,B Injury Crash,1,0,0,1,0,1,Front to Rear,11,N,N,Failing to Reduce Speed to Avoid Crash,Weather,Daylight,Rain,Wet,Y,,,,,No Controls,No Controls,N,2,41.8918356,-87.8051507,ok,(UNK),1,2002308,2020,,28,11,50000 and OVER,9,4295,Oak Park,C,Urban Other Principal Arte,0,16,15,10887739,5,Cook,2,20,,,5,N,No,Free Flow,202001122711,City,1,26.87,Y,,,,(UNK),83278,(N/A),(UNK),No Defects,1,2,Other Principal Arterial,3,5043,X001910486,Not Toll,73,1,1,Not Divided,1,2939559.31919433,1911958.01941507,41.8918278,-87.8051,,Urban,2,N,(N/A),Y,(N/A)
2020,2020-05-15,Friday,14,02:29 PM,Injury,C Injury Crash,1,0,0,0,1,2,Front to Rear,11,N,N,Failing to Reduce Speed to Avoid Crash,(N/A),Daylight,Clear,Dry,N,,,,,No Controls,No Controls,N,2,41.8781457,-87.8046647,ok,(UNK),1,2002313,2020,,28,99,50000 and OVER,9,4295,Oak Park,C,Urban Other Principal Arte,0,16,15,10887741,5,Cook,1,20,,,5,N,No,Stopped,202001122714,City,1,25.92,Y,,,,(UNK),83279,(N/A),(UNK),No Defects,1,1,Other Principal Arterial,3,5043,X001910488,Not Toll,73,1,1,"Divided, No Median Barrier",2,2939829.04802111,1906972.79281811,41.87813785,-87.8047,,Urban,1,N,(N/A),Y,(N/A)
2020,2020-05-15,Friday,18,06:24 PM,Property Damage,No Injuries,0,0,0,0,0,1,Fixed Object,6,N,N,Failing to Reduce Speed to Avoid Crash,Unable to Determine,Dusk,Clear,Dry,Y,,,,,Traffic Signal,Functioning Properly,Y,1,41.8869836,-87.7846457,ok,(UNK),1,2002321,2020,,28,18,50000 and OVER,9,4295,Oak Park,C,Urban Major Collector,8,16,15,10887742,5,Cook,0,20,,,5,N,No,Free Flow,202001122715,City,3,0,N,,,,(UNK),83280,(N/A),(UNK),No Defects,1,1,Major Collector,5,,X001910489,Not Toll,73,3,4,Not Divided,1,2945191.71029925,1910344.2420506,41.88697572,-87.7846,,Urban,1,N,(N/A),Y,(N/A)
2020,2020-05-15,Friday,18,06:16 PM,Property Damage,No Injuries,0,0,0,0,0,3,Other Object,7,N,N,Unable to Determine,Unable to Determine,Daylight,Clear,Dry,Y,,,,,Stop Sign,No Controls,N,1,41.8705923,-87.7965018,ok,(UNK),1,2002319,2020,,18,18,50000 and OVER,9,4295,Oak Park,C,Urban Local Road or Street,8,16,15,10887743,5,Cook,0,20,PARKING SIGN/ TREE,,5,N,Yes,Free Flow,202001122716,City,1,0,N,,,,(UNK),83281,(N/A),(UNK),No Defects,1,1,Local Road or Street,7,,X001910490,Not Toll,73,2,1,Not Divided,1,2942128.2184103,1904281.5133994,41.87058443,-87.7965,,Urban,1,N,(N/A),Y,(N/A)
2020,2020-05-17,Sunday,22,10:55 PM,Property Damage,No Injuries,0,0,0,0,0,3,Front to Rear,11,N,N,Failing to Reduce Speed to Avoid Crash,Following Too Closely,Darkness,Rain,Wet,N,,,,,Traffic Signal,Functioning Properly,N,2,41.8797781,-87.7894167,ok,(UNK),1,2002358,2020,,28,3,50000 and OVER,9,4295,Oak Park,C,Urban Minor Arterial,0,16,17,10887744,5,Cook,0,20,,,7,N,No,(UNK),202001122717,City,4,3.86,N,,,,(UNK),83282,(N/A),(UNK),No Defects,1,2,Minor Arterial,4,1419,X001910491,Not Toll,73,3,4,Not Divided,1,2943965.29673212,1907682.37968559,41.87977023,-87.7894,,Urban,2,N,(N/A),Y,(N/A)
2020,2020-05-15,Friday,17,05:45 PM,Injury,B Injury Crash,1,0,0,1,0,1,Front to Rear,11,N,N,Failing to Reduce Speed to Avoid Crash,(N/A),Daylight,Unknown,Unknown,Y,,,,,Traffic Signal,Functioning Properly,N,2,41.8943579,-87.7976658,ok,(UNK),1,2002361,2020,,28,99,50000 and OVER,9,4295,Oak Park,C,Urban Minor Arterial,8,16,15,10887746,5,Cook,2,20,,,5,N,No,Stopped,202001122719,City,1,0,N,,,,(UNK),83283,(N/A),(UNK),No Defects,1,9,Minor Arterial,4,,X001910493,Not Toll,73,3,4,"Divided, No Median Barrier",2,2941571.97281913,1912933.3737362,41.89435002,-87.7977,,Urban,9,N,(N/A),Y,(N/A)
2020,2020-05-18,Monday,15,03:42 PM,Property Damage,No Injuries,0,0,0,0,0,1,Parked Motor Vehicle,9,N,N,Physical Condition of Driver,Road Construction/Maintenance,Daylight,Cloudy/Overcast,Dry,N,,,,,No Controls,No Controls,N,2,41.8886012,-87.7927913,ok,(UNK),1,2002372,2020,,17,13,50000 and OVER,9,4295,Oak Park,C,Urban Major Collector,0,16,18,10888425,5,Cook,0,20,,,1,Y,No,Slow,202001123498,City,1,0.44,N,,,,(UNK),84003,(N/A),(UNK),No Defects,1,1,Major Collector,5,1405,X001911125,Not Toll,73,1,1,Not Divided,1,2942957.28255055,1910872.25215539,41.88859339,-87.7928,,Urban,8,Y,Construction,Y,Construction Work Zone
2020,2020-05-09,Saturday,11,11:25 AM,Property Damage,No Injuries,0,0,0,0,0,3,Front to Rear,11,N,N,Improper Lane Usage,Failing to Reduce Speed to Avoid Crash,Daylight,Clear,Dry,N,,,,,Delineators,Functioning Properly,N,2,41.8736565,-87.8031422,ok,Partial Access Control,3,03-20-05441,2020,,20,28,50000 and OVER,9,4295,Oak Park,C,Urban InterState,0,16,9,10887166,5,Cook,0,20,,,6,N,No,(UNK),202001122031,ISP,1,21.65,Y,,,,(UNK),84293,(N/A),(UNK),No Defects,1,1,InterState,1,9290,X001910069,Not Toll,73,14,4,Divided With Median Barrier,3,2940288.7475876,1905348.28620471,41.87364869,-87.8031,,Urban,1,N,(N/A),Y,(N/A)
2020,2020-05-20,Wednesday,10,10:53 AM,Property Damage,No Injuries,0,0,0,0,0,2,Front to Rear,11,N,N,Failing to Reduce Speed to Avoid Crash,Physical Condition of Driver,Daylight,Clear,Dry,Y,,,,,Traffic Signal,Functioning Properly,Y,2,41.8650287,-87.8042158,ok,(UNK),1,20-01342,2020,,28,17,50000 and OVER,9,4295,Oak Park,C,Urban Other Principal Arte,6,16,20,10888535,5,Cook,0,20,,,3,N,No,Slow,202001123665,City,1,25.01,Y,,,,(UNK),84541,(N/A),(UNK),No Defects,1,1,Other Principal Arterial,3,5043,X001911301,Not Toll,52,3,4,"Divided, No Median Barrier",2,2940082.91586585,1902196.08334551,41.86502082,-87.8042,,Urban,1,N,(N/A),Y,(N/A)
2020,2020-05-10,Sunday,18,06:38 PM,Property Damage,No Injuries,0,0,0,0,0,3,Front to Rear,11,N,N,Equipment-Vehicle Condition,Driving Skills/Knowledge/Experience,Daylight,Rain,Wet,N,,,,,Other,Functioning Properly,N,3,41.8709451,-87.7746386,ok,Partial Access Control,3,03-20-05499,2020,,10,15,50000 and OVER,9,4295,Oak Park,C,Urban InterState,0,16,10,10888130,5,Cook,0,20,,,7,N,No,(UNK),202001123196,ISP,1,9.19,Y,,,,(UNK),85073,(N/A),(UNK),No Defects,1,2,InterState,1,290,X001910947,Not Toll,,13,4,Divided With Median Barrier,3,2948079.73854488,1904575.34974957,41.87093721,-87.7746,,Urban,2,N,(N/A),Y,(N/A)
2020,2020-05-17,Sunday,11,11:20 AM,Property Damage,No Injuries,0,0,0,0,0,2,Sideswipe Same Direction,12,N,N,Failing to Reduce Speed to Avoid Crash,Following Too Closely,Daylight,Rain,Wet,N,,,,,Other Regualtory Sig,Functioning Properly,Y,2,41.8715488,-87.7794706,ok,Partial Access Control,3,03-20-05852,2020,,28,3,50000 and OVER,9,4295,Oak Park,C,Urban InterState,0,16,17,10888687,5,Cook,0,20,,,7,N,No,(UNK),202001123858,ISP,1,22.83,Y,,,,(UNK),85260,(N/A),(UNK),No Defects,1,2,InterState,1,9290,X001911439,Not Toll,73,10,4,Divided With Median Barrier,3,2946757.4714795,1904758.71212121,41.87154097,-87.7795,,Urban,2,N,(N/A),Y,(N/A)
2020,2020-05-19,Tuesday,12,12:57 PM,Property Damage,No Injuries,0,0,0,0,0,3,Angle,15,N,N,Failing to Yield Right of Way,(N/A),Daylight,Cloudy/Overcast,Dry,Y,,,,,Stop Sign,Functioning Properly,N,2,41.8815478,-87.7969729,ok,(UNK),1,2002392,2020,,2,99,50000 and OVER,9,4295,Oak Park,C,Urban Major Collector,8,16,19,10889087,5,Cook,0,20,,,2,N,No,Free Flow,202001124352,City,1,0,N,,,,(UNK),85408,(N/A),(UNK),No Defects,1,1,Major Collector,5,,X001911864,Not Toll,73,2,4,Other,8,2941889.63823674,1908270.36367601,41.88153997,-87.797,,Urban,8,N,(N/A),Y,(N/A)
2020,2020-05-24,Sunday,00,00:13 AM,Injury,C Injury Crash,1,0,0,0,1,0,Fixed Object,6,N,N,Failing to Reduce Speed to Avoid Crash,(N/A),Darkness / Lighted Road,Clear,Wet,N,,,,,No Controls,Unknown,N,1,41.9092342,-87.7782906,ok,(UNK),1,JD240955,2020,,28,99,50000 and OVER,9,4295,Oak Park,C,Urban Other Principal Arte,0,16,24,10891414,5,Cook,1,20,WEST/SOUTH CORNER OF MONUMENTAL OFFICE BUILDING WAS SEVERELY DAMAGED CAUSING IT TO BE HAZARDOUS TO THE PUBLIC.,,7,N,No,Slow,202001126494,City,5,7.34,Y,,,,(UNK),85440,(N/A),(UNK),No Defects,1,2,Other Principal Arterial,3,307,X001913753,Not Toll,73,1,9,Not Divided,1,2946696.40378451,1918500.92714079,41.90922632,-87.7783,,Urban,1,N,(N/A),Y,(N/A)
2020,2020-05-20,Wednesday,10,10:36 AM,Property Damage,No Injuries,0,0,0,0,0,2,Front to Rear,11,N,N,Failing to Reduce Speed to Avoid Crash,Unable to Determine,Daylight,Clear,Dry,N,,,,,Traffic Signal,Functioning Properly,Y,2,41.8829929,-87.8048462,ok,(UNK),1,20-01343,2020,,28,18,50000 and OVER,9,4295,Oak Park,C,Urban Other Principal Arte,0,16,20,10888750,5,Cook,0,20,,,3,N,No,Stopped,202001123947,City,1,19.45,Y,,,,(UNK),85639,(N/A),(UNK),No Defects,1,1,Other Principal Arterial,3,348,X001911502,Not Toll,73,3,4,Not Divided,1,2939730.96708052,1908737.8550214,41.88298509,-87.8048,,Urban,1,N,(N/A),Y,(N/A)
2020,2020-05-22,Friday,12,12:16 PM,Property Damage,No Injuries,0,0,0,0,0,2,Front to Rear,11,N,N,Failing to Reduce Speed to Avoid Crash,Following Too Closely,Daylight,Cloudy/Overcast,Dry,N,,,,,No Controls,No Controls,N,2,41.8682967,-87.8043217,ok,(UNK),1,20-01357,2020,,28,3,50000 and OVER,9,4295,Oak Park,C,Urban Other Principal Arte,0,16,22,10890435,5,Cook,0,20,,,5,N,No,Slow,202001125512,City,1,20.47,Y,,,,(UNK),85698,(N/A),(UNK),No Defects,1,1,Other Principal Arterial,3,348,X001912794,Not Toll,73,1,1,"Divided, No Median Barrier",2,2940021.27490443,1903386.20558152,41.86828882,-87.8043,,Urban,8,N,(N/A),Y,(N/A)
2020,2020-05-17,Sunday,23,11:15 PM,Property Damage,No Injuries,0,0,0,0,0,2,Front to Rear,11,N,N,Failing to Reduce Speed to Avoid Crash,Following Too Closely,Darkness / Lighted Road,Rain,Wet,N,,,,,Other Regualtory Sig,Functioning Properly,N,2,41.8732849,-87.8003611,ok,Partial Access Control,3,03-20-05893,2020,,28,3,50000 and OVER,9,4295,Oak Park,C,Urban InterState,0,16,17,10889171,5,Cook,0,20,,,7,N,No,(UNK),202001124443,ISP,5,0.08,Y,,,,(UNK),85904,(N/A),(UNK),No Defects,1,2,InterState,1,290,X001911970,Not Toll,73,10,4,Divided With Median Barrier,3,2941049.98443115,1905233.73567288,41.87327705,-87.8004,,Urban,2,N,(N/A),Y,(N/A)
2020,2020-05-23,Saturday,12,12:01 PM,Property Damage,No Injuries,0,0,0,0,0,2,Front to Rear,11,N,N,Failing to Reduce Speed to Avoid Crash,Following Too Closely,Daylight,Clear,Dry,N,,,,,No Controls,No Controls,Y,2,41.879748,-87.7955859,ok,(UNK),1,2002476,2020,,28,3,50000 and OVER,9,4295,Oak Park,C,Urban Minor Arterial,8,16,23,10894054,5,Cook,0,20,,,6,N,No,Slow,202001129042,City,1,0,N,,,,(UNK),87454,(N/A),(UNK),No Defects,1,1,Minor Arterial,4,,X001915873,Not Toll,73,1,1,"Divided, No Median Barrier",2,2942285.49573931,1907624.9293238,41.87974019,-87.7956,,Urban,1,N,(N/A),Y,(N/A)
2020,2020-05-25,Monday,14,02:22 PM,Injury,C Injury Crash,1,0,0,0,1,6,Front to Rear,11,N,N,Failing to Reduce Speed to Avoid Crash,(N/A),Daylight,Clear,Dry,Y,,,,,No Controls,No Controls,N,3,41.9070176,-87.8057245,ok,(UNK),1,2002502,2020,,28,99,50000 and OVER,9,4295,Oak Park,C,Urban Other Principal Arte,0,16,25,10894059,5,Cook,1,20,,,1,N,Yes,Stopped,202001129048,City,1,27.92,Y,,,,(UNK),87457,(N/A),(UNK),No Defects,1,1,Other Principal Arterial,3,5043,X001915878,Not Toll,73,1,1,"Divided, No Median Barrier",2,2939250.7479378,1917486.32242507,41.90700979,-87.8057,,Urban,1,N,(N/A),Y,(N/A)
2020,2020-05-18,Monday,14,02:40 PM,Property Damage,No Injuries,0,0,0,0,0,1,Parked Motor Vehicle,9,N,N,Improper Overtaking/Passing,Unable to Determine,Daylight,Clear,Dry,N,,,,,No Controls,No Controls,Y,2,41.8782081,-87.8021055,ok,(UNK),1,2002370,2020,,4,18,50000 and OVER,9,4295,Oak Park,C,Urban Local Road or Street,0,16,18,10894062,5,Cook,0,20,,,1,N,No,Free Flow,202001129051,City,1,0.01,N,,,,(UNK),87458,(N/A),(UNK),No Defects,1,1,Local Road or Street,7,4010,X001915504,Not Toll,73,1,1,Not Divided,1,2940525.40619671,1907014.75217216,41.87820029,-87.8021,,Urban,1,N,(N/A),Y,(N/A)
2020,2020-05-15,Friday,11,11:11 AM,Property Damage,No Injuries,0,0,0,0,0,3,Sideswipe Opposite Direction,13,N,N,Failing to Reduce Speed to Avoid Crash,(N/A),Daylight,Cloudy/Overcast,Wet,Y,,,,,Traffic Signal,Functioning Properly,Y,2,41.8885679,-87.8050253,ok,(UNK),1,2002312,2020,,28,99,50000 and OVER,9,4295,Oak Park,C,Urban Other Principal Arte,0,16,15,10893491,5,Cook,0,20,,,5,N,No,Free Flow,202001128471,City,1,26.64,Y,,,,(UNK),88325,(N/A),(UNK),No Defects,1,2,Other Principal Arterial,3,5043,X001915468,Not Toll,73,3,4,Four Way,14,2939626.26496285,1910768.11804067,41.88856002,-87.805,,Urban,8,N,(N/A),Y,(N/A)
2020,2020-05-26,Tuesday,15,03:02 PM,Injury,A Injury Crash,1,0,1,0,0,1,Pedalcyclist,2,N,Y,Disregarding Stop Sign,(N/A),Daylight,Clear,Dry,Y,,,,,Stop Sign,Functioning Properly,N,1,41.8980365,-87.796247,ok,(UNK),1,2002516,2020,,23,99,50000 and OVER,9,4295,Oak Park,C,Urban Local Road or Street,8,16,26,10895039,5,Cook,3,20,,,2,N,No,Free Flow,202001130246,City,1,0,N,,,,(UNK),88339,(N/A),(UNK),No Defects,1,1,Local Road or Street,7,,X001916801,Not Toll,73,2,4,"Divided, No Median Barrier",2,2941921.23776322,1914284.62250898,41.89802868,-87.7962,,Urban,1,N,(N/A),Y,(N/A)
2020,2020-05-18,Monday,10,10:28 AM,Property Damage,No Injuries,0,0,0,0,0,2,Front to Front,14,N,N,Failing to Reduce Speed to Avoid Crash,Failing to Reduce Speed to Avoid Crash,Daylight,Clear,Dry,N,,,,,No Controls,No Controls,Y,2,41.9092379,-87.7775136,ok,(UNK),1,2002362,2020,,28,28,50000 and OVER,9,4295,Oak Park,C,Urban Other Principal Arte,0,16,18,10892962,5,Cook,0,20,,,1,N,Yes,Free Flow,202001128027,City,1,7.38,Y,,,,(UNK),88361,(N/A),(UNK),No Defects,1,1,Other Principal Arterial,3,307,X001912881,Not Toll,73,1,1,Alley,12,2946907.89460506,1918508.16308592,41.90923,-87.7775,,Urban,1,N,(N/A),Y,(N/A)
2020,2020-05-26,Tuesday,18,06:47 PM,Property Damage,No Injuries,0,0,0,0,0,5,Front to Rear,11,N,N,Failing to Reduce Speed to Avoid Crash,Following Too Closely,Daylight,Clear,Dry,N,,,,,No Controls,No Controls,Y,2,41.8817391,-87.8039151,ok,(UNK),1,2002522,2020,,28,3,50000 and OVER,9,4295,Oak Park,C,Urban Local Road or Street,0,16,26,10895072,5,Cook,0,20,,,2,N,Yes,Free Flow,202001130270,City,1,0.34,N,,,,(UNK),88416,(N/A),(UNK),No Defects,1,1,Local Road or Street,7,2718,X001916800,Not Toll,73,1,1,Not Divided,1,2939997.11296431,1908287.90701264,41.88173122,-87.8039,,Urban,1,N,(N/A),Y,(N/A)
2020,2020-05-21,Thursday,14,02:00 PM,Property Damage,No Injuries,0,0,0,0,0,2,Turning,10,N,N,Improper Turning/No Signal,Failing to Reduce Speed to Avoid Crash,Daylight,Clear,Dry,N,,,,,Traffic Signal,Functioning Properly,N,2,41.8796923,-87.7942741,ok,(UNK),1,2002430,2020,,6,28,50000 and OVER,9,4295,Oak Park,C,Urban Major Collector,8,16,21,10892969,5,Cook,0,20,,,4,N,No,Free Flow,202001127959,City,1,0,N,,,,(UNK),88420,(N/A),(UNK),No Defects,1,1,Major Collector,5,,X001913177,Not Toll,73,3,4,"Divided, No Median Barrier",2,2942643.31275965,1907614.50558996,41.87968448,-87.7943,,Urban,1,N,(N/A),Y,(N/A)
2020,2020-05-22,Friday,22,10:06 PM,Property Damage,No Injuries,0,0,0,0,0,1,Parked Motor Vehicle,9,N,N,(N/A),(N/A),Darkness,Clear,Dry,N,,,,,No Controls,No Controls,Y,3,41.868051,-87.7889307,ok,(UNK),1,2002465,2020,,99,99,50000 and OVER,9,4295,Oak Park,C,Urban Minor Collector,0,16,22,10892971,5,Cook,0,20,,,5,N,No,Slow,202001127960,City,4,1.43,N,,,,(UNK),88421,(N/A),(UNK),No Defects,1,1,Minor Collector,6,2779,X001913178,Not Toll,73,1,1,Not Divided,1,2944216.10097617,1903412.49726499,41.86804318,-87.7889,,Urban,1,N,(N/A),Y,(N/A)
2020,2020-05-20,Wednesday,12,12:42 PM,Property Damage,No Injuries,0,0,0,0,0,2,Sideswipe Same Direction,12,N,N,Improper Lane Usage,(N/A),Daylight,Clear,Dry,N,,,,,Traffic Signal,Functioning Properly,N,2,41.886849,-87.8049625,ok,(UNK),1,2002408,2020,,20,99,50000 and OVER,9,4295,Oak Park,C,Urban Other Principal Arte,0,16,20,10892991,5,Cook,0,20,,,3,N,No,Slow,202001127976,City,1,19.18,Y,,,,(UNK),88435,(N/A),(UNK),No Defects,1,1,Other Principal Arterial,3,348,X001912587,Not Toll,73,3,4,Not Divided,1,2939660.61445687,1910142.221866,41.8868412,-87.805,,Urban,1,N,(N/A),Y,(N/A)
2020,2020-05-23,Saturday,17,05:30 PM,Property Damage,No Injuries,0,0,0,0,0,2,Front to Rear,11,N,N,Following Too Closely,Failing to Reduce Speed to Avoid Crash,Daylight,Clear,Wet,N,,,,,Other Regualtory Sig,Functioning Properly,N,2,41.8709013,-87.8523075,outside_oak_park,Partial Access Control,3,03-20-06022,2020,,3,28,50000 and OVER,9,4295,Oak Park,C,Urban InterState,0,16,23,10894671,5,Cook,0,20,,,6,N,No,(UNK),202001129779,ISP,1,5.22,Y,,,,(UNK),88656,(N/A),(UNK),No Defects,1,2,InterState,1,290,X001916547,Not Toll,,10,4,Divided With Median Barrier,3,2926924.92020165,1903979.16165935,41.8708935,-87.8523,,Urban,1,N,(N/A),Y,(N/A)
2020,2020-04-26,Sunday,08,08:33 AM,Property Damage,No Injuries,0,0,0,0,0,1,Parked Motor Vehicle,9,N,N,Failing to Reduce Speed to Avoid Crash,(N/A),Daylight,Clear,Dry,N,,,,,No Controls,No Controls,N,3,41.8820898,-87.7767252,ok,(UNK),1,2001990,2020,,28,99,50000 and OVER,9,4295,Oak Park,C,Urban Major Collector,0,16,26,10894312,4,Cook,0,20,,,7,N,No,Free Flow,202001129340,City,1,1.44,N,,,,(UNK),88704,(N/A),(UNK),No Defects,1,1,Major Collector,5,5,X001916095,Not Toll,73,1,1,Not Divided,1,2947398.24624868,1908620.85443713,41.88208193,-87.7767,,Urban,1,N,(N/A),Y,(N/A)
2020,2020-05-26,Tuesday,14,02:58 PM,Property Damage,No Injuries,0,0,0,0,0,3,Front to Rear,11,N,N,Failing to Reduce Speed to Avoid Crash,Following Too Closely,Daylight,Clear,Dry,N,,,,,No Controls,No Controls,N,2,41.8715202,-87.7790356,ok,Partial Access Control,3,03-20-06143,2020,,28,3,50000 and OVER,9,4295,Oak Park,C,Urban InterState,0,16,26,10894708,5,Cook,0,20,,,2,N,No,(UNK),202001129816,ISP,1,22.85,Y,,,,(UNK),88921,(N/A),(UNK),No Defects,1,1,InterState,1,9290,X001916583,Not Toll,73,1,1,Not Divided,1,2946876.24243964,1904751.59229074,41.87151238,-87.779,,Urban,1,N,(N/A),Y,(N/A)
2020,2020-05-29,Friday,18,06:00 PM,Injury,C Injury Crash,1,0,0,0,1,4,Turning,10,N,N,Improper Lane Usage,Failing to Reduce Speed to Avoid Crash,Daylight,Clear,Dry,Y,,,,,No Controls,No Controls,N,2,41.9089688,-87.7965345,ok,(UNK),1,2002583,2020,,20,28,50000 and OVER,9,4295,Oak Park,C,Urban Other Principal Arte,0,16,29,10897577,5,Cook,1,20,,,5,N,No,Stopped,202001132803,City,1,129.65,Y,,,,(UNK),89106,(N/A),(UNK),No Defects,1,1,Other Principal Arterial,3,5064,X001918737,Not Toll,73,1,1,"Divided, No Median Barrier",2,2941732.83499917,1918266.39188868,41.90896095,-87.7965,,Urban,1,N,(N/A),Y,(N/A)
2020,2020-05-29,Friday,20,08:20 PM,Property Damage,No Injuries,0,0,0,0,0,2,Angle,15,N,N,Disregarding Stop Sign,(N/A),Daylight,Clear,Dry,Y,,,,,Stop Sign,Functioning Properly,Y,2,41.8781717,-87.8046654,ok,(UNK),1,2002588,2020,,23,99,50000 and OVER,9,4295,Oak Park,C,Urban Other Principal Arte,0,16,29,10897579,5,Cook,0,20,,,5,N,No,Slow,202001132805,City,1,25.92,Y,,,,(UNK),89107,(N/A),(UNK),No Defects,1,1,Other Principal Arterial,3,5043,X001918739,Not Toll,73,2,4,T-Intersection,15,2939828.59555843,1906982.26648927,41.87816386,-87.8047,,Urban,1,N,(N/A),Y,(N/A)
2020,2020-05-30,Saturday,09,09:16 AM,Property Damage,No Injuries,0,0,0,0,0,1,Parked Motor Vehicle,9,N,N,Equipment-Vehicle Condition,Failing to Reduce Speed to Avoid Crash,Daylight,Clear,Dry,N,,,,,No Controls,No Controls,N,2,41.9089527,-87.7978367,ok,(UNK),1,2002596,2020,,10,28,50000 and OVER,9,4295,Oak Park,C,Urban Other Principal Arte,0,16,30,10897582,5,Cook,0,20,OAK PARK PARKING METER,,6,N,Yes,Free Flow,202001132808,City,1,6.33,Y,,,,(UNK),89108,(N/A),(UNK),No Defects,1,1,Other Principal Arterial,3,307,X001918742,Not Toll,73,1,1,Divided With Median Barrier,3,2941378.4955776,1918250.73567077,41.90894487,-87.7978,,Urban,1,N,(N/A),Y,(N/A)