crash_year,crash_date,day_of_week,crash_hour,time_of_crash,crash_severity,crash_injury_severity,total_injured,total_fatals,a_injuries,b_injuries,c_injuries,no_injuries,type_of_first_crash,collision_type_code,pedestrian_involved,pedalcyclist_involved,cause1,cause2,lighting_cond,weather_cond,road_surface_cond,intersection_related,is_intersection,highway_or_street_name,at_intersection_with,address_no,traffic_control_device,traffic_control_device_cond,hit_and_run,number_of_vehicles,latitude,longitude,location_status,access_control,agency_code,agency_report_number,agency_report_year,alignment_code,cause1_code,cause2_code,city_class,city_class_code,city_code,city_name,city_township_flag,class_of_trafficway,class_of_trafficway_code,county_code,crash_day,crash_id,crash_month,crash_report_county,crash_severity_cd,crash_yr_source,damaged_property1,damaged_property2,day_of_week_code,did_crash_occur_in_work_zone,did_involve_secondary_crash,flow_condition,icn,investigating_agency_descrip,light_condition_code,mile_station,nhs,non_intersection_direction,non_intersection_distance,non_intersection_units,number_of_lanes,objectid,railroad_crossing_number,road_alignment,road_defects,road_defects_code,road_surface_condition_code,roadway_functional_class,roadway_functional_class_code,route_number,sfe,toll,township,traffic_control_device_code,traffic_control_device_cond_code,trafficway_descrip,trafficway_description_code,ts_crash_coordinate_x,ts_crash_coordinate_y,ts_crash_latitude,ts_crash_longitude,type_report,urban_rural,weather_code,were_workers_present,work_zone,work_zone_related,work_zone_type
2020,2020-05-28,Thursday,12,12:19 PM,Property Damage,No Injuries,0,0,0,0,0,3,Sideswipe Opposite Direction,13,N,N,Driving On Wrong Side/Wrong Way,Improper Turning/No Signal,Daylight,Clear,Dry,N,,,,,Stop Sign,Functioning Properly,Y,2,41.872268,-87.7969261,ok,(UNK),1,2002558,2020,,5,6,50000 and OVER,9,4295,Oak Park,C,Urban Local Road or Street,0,16,28,10897589,5,Cook,0,20,,,4,N,No,Free Flow,202001132816,City,1,0.17,N,,,,(UNK),89201,(N/A),(UNK),No Defects,1,1,Local Road or Street,7,290,X001918249,Not Toll,73,2,4,T-Intersection,15,2941995.79824445,1904888.98249403,41.87226015,-87.7969,,Urban,1,N,(N/A),Y,(N/A)
2020,2020-05-03,Sunday,22,10:24 PM,Property Damage,No Injuries,0,0,0,0,0,1,Fixed Object,6,N,N,Improper Lane Usage,Failing to Reduce Speed to Avoid Crash,Darkness / Lighted Road,Clear,Dry,N,,,,,Other Regualtory Sig,Functioning Properly,Y,1,41.8696522,-87.8878996,outside_oak_park,Partial Access Control,3,03-20-05880,2020,,20,28,50000 and OVER,9,4295,Oak Park,C,Urban InterState,0,16,3,10894809,5,Cook,0,20,,,7,N,No,(UNK),202001129916,ISP,5,3.39,Y,,,,(UNK),89488,(N/A),(UNK),No Defects,1,1,InterState,1,290,X001916682,Not Toll,,10,4,Divided With Median Barrier,3,2917242.53857445,1903264.46144045,41.86964437,-87.8879,,Urban,1,N,(N/A),Y,(N/A)
2020,2020-05-23,Saturday,23,11:30 PM,Property Damage,No Injuries,0,0,0,0,0,3,Fixed Object,6,N,N,Driving Skills/Knowledge/Experience,Failing to Reduce Speed to Avoid Crash,Darkness / Lighted Road,Clear,Dry,N,,,,,Other Regualtory Sig,Functioning Properly,Y,3,41.8724708,-87.7937429,ok,Partial Access Control,3,03-20-05992,2020,,15,28,50000 and OVER,9,4295,Oak Park,C,Urban InterState,0,16,23,10894819,5,Cook,0,20,,,6,N,No,(UNK),202001129926,ISP,5,8.2,Y,,,,(UNK),89555,(N/A),(UNK),No Defects,1,1,InterState,1,290,X001916692,Not Toll,73,10,4,Divided With Median Barrier,3,2942860.76784698,1904986.86737182,41.87246299,-87.7937,,Urban,1,N,(N/A),Y,(N/A)
2020,2020-05-27,Wednesday,15,03:46 PM,Property Damage,No Injuries,0,0,0,0,0,2,Sideswipe Same Direction,12,N,N,Improper Lane Usage,(N/A),Daylight,Clear,Dry,N,,,,,No Controls,No Controls,N,2,41.8998103,-87.8054481,ok,(UNK),1,2002540,2020,,20,99,50000 and OVER,9,4295,Oak Park,C,Urban Other Principal Arte,0,16,27,10895970,5,Cook,0,20,,,3,N,No,Free Flow,202001131163,City,1,18.27,Y,,,,(UNK),89640,(N/A),(UNK),No Defects,1,1,Other Principal Arterial,3,348,X001917501,Not Toll,73,1,1,"Divided, No Median Barrier",2,2939398.30711827,1914861.91817654,41.8998025,-87.8054,,Urban,1,N,(N/A),Y,(N/A)
2020,2020-05-26,Tuesday,10,10:40 AM,Property Damage,No Injuries,0,0,0,0,0,2,Front to Rear,11,N,N,Following Too Closely,Driving Skills/Knowledge/Experience,Daylight,Clear,Dry,N,,,,,Other,Functioning Properly,N,2,41.8737388,-87.8041755,ok,Partial Access Control,3,03-20-06132,2020,,3,15,50000 and OVER,9,4295,Oak Park,C,Urban InterState,0,16,26,10896083,5,Cook,0,20,,,2,N,No,(UNK),202001131269,ISP,1,21.6,Y,,,,(UNK),90088,(N/A),(UNK),No Defects,1,1,InterState,1,9290,X001917698,Not Toll,73,13,4,Divided With Median Barrier,3,2940006.5,1905370.5,41.87373092,-87.8042,,Urban,1,N,(N/A),Y,(N/A)
2020,2020-05-30,Saturday,14,02:28 PM,Property Damage,No Injuries,0,0,0,0,0,3,Turning,10,N,N,Failing to Yield Right of Way,Disregarding Stop Sign,Daylight,Clear,Dry,Y,,,,,Stop Sign,Functioning Properly,N,2,41.8869046,-87.792779,ok,(UNK),1,2002605,2020,,2,23,50000 and OVER,9,4295,Oak Park,C,Urban Local Road or Street,8,16,30,10898523,5,Cook,0,20,,,6,N,No,Slow,202001133630,City,1,0,N,,,,(UNK),91566,(N/A),(UNK),No Defects,1,1,Local Road or Street,7,,X001919689,Not Toll,73,2,4,"Divided, No Median Barrier",2,2942977.73998967,1910254.0660423,41.88689678,-87.7928,,Urban,1,N,(N/A),Y,(N/A)
2020,2020-05-31,Sunday,02,02:53 AM,Property Damage,No Injuries,0,0,0,0,0,6,Turning,10,N,N,Failing to Yield Right of Way,Failing to Reduce Speed to Avoid Crash,Darkness / Lighted Road,Clear,Dry,N,,,,,No Controls,No Controls,N,2,41.9016252,-87.8055284,ok,(UNK),1,2002623,2020,,2,28,50000 and OVER,9,4295,Oak Park,C,Urban Other Principal Arte,0,16,31,10898525,5,Cook,0,20,,,7,N,No,Free Flow,202001133632,City,5,18.16,Y,,,,(UNK),91651,(N/A),(UNK),No Defects,1,1,Other Principal Arterial,3,348,X001919691,Not Toll,73,1,1,Not Divided,1,2939358.23615752,1915522.69042025,41.90161737,-87.8055,,Urban,1,N,(N/A),Y,(N/A)
2020,2020-05-31,Sunday,19,07:15 PM,Property Damage,No Injuries,0,0,0,0,0,2,Front to Rear,11,N,N,Failing to Reduce Speed to Avoid Crash,Following Too Closely,Dusk,Clear,Dry,N,,,,,Traffic Signal,Functioning Properly,Y,2,41.8799384,-87.7795378,ok,(UNK),1,2002647,2020,,28,3,50000 and OVER,9,4295,Oak Park,C,Urban Minor Arterial,0,16,31,10898551,5,Cook,0,20,,,7,N,No,Slow,202001133657,City,3,0.55,N,,,,(UNK),91770,(N/A),(UNK),No Defects,1,1,Minor Arterial,4,3794,X001919688,Not Toll,73,3,4,Divided With Median Barrier,3,2946654.11124584,1907815.50596634,41.87993051,-87.7795,,Urban,1,N,(N/A),Y,(N/A)
2020,2020-06-01,Monday,16,04:09 PM,Property Damage,No Injuries,0,0,0,0,0,1,Fixed Object,6,N,N,Disregarding Other Traffic Signs,Driving Skills/Knowledge/Experience,Daylight,Cloudy/Overcast,Dry,N,,,,,Other Warning Sign,Functioning Properly,N,1,41.887012,-87.7846474,ok,(UNK),1,2002658,2020,,24,15,50000 and OVER,9,4295,Oak Park,C,Urban Major Collector,,16,1,10899462,6,Cook,0,20,RAILROAD BRIDGE UNDERSIDE,,1,N,No,Free Flow,202001134621,City,1,0,N,,,,(UNK),91919,(N/A),(UNK),No Defects,1,1,Major Collector,5,,X001920474,Not Toll,73,11,4,Divided With Median Barrier,3,2945190.97586672,1910354.60356194,41.88700419,-87.7846,,Urban,8,N,(N/A),Y,(N/A)
2020,2020-06-01,Monday,12,12:44 PM,Property Damage,No Injuries,0,0,0,0,0,2,Turning,10,N,N,Failing to Yield Right of Way,Driving Skills/Knowledge/Experience,Daylight,Rain,Wet,Y,,,,,Traffic Signal,Functioning Properly,N,2,41.8869836,-87.7846457,ok,(UNK),1,2002653,2020,,2,15,50000 and OVER,9,4295,Oak Park,C,Urban Major Collector,,16,1,10899463,6,Cook,0,20,,,1,N,No,Slow,202001134622,City,1,0,N,,,,(UNK),91969,(N/A),(UNK),No Defects,1,2,Major Collector,5,,X001920475,Not Toll,73,3,4,Not Divided,1,2945191.71029925,1910344.2420506,41.88697572,-87.7846,,Urban,2,N,(N/A),Y,(N/A)
2020,2020-06-03,Wednesday,11,11:55 AM,Property Damage,No Injuries,0,0,0,0,0,1,Parked Motor Vehicle,9,N,N,Unable to Determine,Unable to Determine,Unknown,Clear,Dry,N,,,,,No Controls,No Controls,Y,2,41.8805265,-87.7877375,ok,(UNK),1,2002688,2020,,18,18,50000 and OVER,9,4295,Oak Park,C,Urban Local Road or Street,,16,3,10900426,6,Cook,0,20,,,3,N,No,Free Flow,202001135668,City,9,0.12,N,,,,(UNK),93153,(N/A),(UNK),No Defects,1,1,Local Road or Street,7,2650,X001921418,Not Toll,73,1,1,Not Divided,1,2944415.0455897,1907967.79216404,41.88051864,-87.7877,,Urban,1,N,(N/A),Y,(N/A)
2020,2020-06-04,Thursday,16,04:15 PM,Property Damage,No Injuries,0,0,0,0,0,5,Sideswipe Opposite Direction,13,N,N,Improper Lane Usage,Driving Skills/Knowledge/Experience,Daylight,Clear,Dry,N,,,,,No Controls,No Controls,N,2,41.9070679,-87.8047208,ok,(UNK),1,2002708,2020,,20,15,50000 and OVER,9,4295,Oak Park,C,Urban Local Road or Street,,16,4,10904116,6,Cook,0,20,,,4,N,No,Free Flow,202001139241,City,1,0.05,N,,,,(UNK),93781,(N/A),(UNK),No Defects,1,1,Local Road or Street,7,3150,X001923211,Not Toll,73,1,1,Not Divided,1,2939523.47714735,1917512.17911457,41.90706009,-87.8047,,Urban,1,N,(N/A),Y,(N/A)
2020,2020-06-04,Thursday,13,01:00 PM,Property Damage,No Injuries,0,0,0,0,0,1,Parked Motor Vehicle,9,N,N,Failing to Reduce Speed to Avoid Crash,Unable to Determine,Daylight,Clear,Dry,N,,,,,No Controls,No Controls,Y,2,41.8801474,-87.7751752,ok,(UNK),1,2002726,2020,,28,18,50000 and OVER,9,4295,Oak Park,C,Urban Minor Arterial,,16,4,10904118,6,Cook,0,20,,,4,N,No,Free Flow,202001139244,City,1,0,N,,,,(UNK),93823,(N/A),(UNK),No Defects,1,1,Minor Arterial,4,,X001923213,Not Toll,73,1,1,Divided With Median Barrier,3,2947840.08141465,1907924.79875158,41.8801396,-87.7752,,Urban,1,N,(N/A),Y,(N/A)
2020,2020-06-05,Friday,11,11:22 AM,Injury,B Injury Crash,2,0,0,2,0,1,Front to Rear,11,N,N,Failing to Reduce Speed to Avoid Crash,Following Too Closely,Daylight,Clear,Dry,N,,,,,Traffic Signal,Functioning Properly,Y,2,41.8801038,-87.7795443,ok,(UNK),1,2002727,2020,,28,3,50000 and OVER,9,4295,Oak Park,C,Urban Local Road or Street,,16,5,10904119,6,Cook,2,20,,,5,N,Yes,Slow,202001139245,City,1,0.54,N,,,,(UNK),93824,(N/A),(UNK),No Defects,1,1,Local Road or Street,7,3794,X001923214,Not Toll,73,3,4,Not Divided,1,2946650.65631114,1907875.76139381,41.88009599,-87.7795,,Urban,1,N,(N/A),Y,(N/A)
2020,2020-06-05,Friday,08,08:41 AM,Property Damage,No Injuries,0,0,0,0,0,2,Fixed Object,6,N,N,Improper Lane Usage,Driving Skills/Knowledge/Experience,Daylight,Clear,Dry,N,,,,,Other Regualtory Sig,Functioning Properly,N,1,41.8720997,-87.7860184,ok,Partial Access Control,3,03-20-06412,2020,,20,15,50000 and OVER,9,4295,Oak Park,C,Urban InterState,,16,5,10902140,6,Cook,0,20,,,5,N,No,(UNK),202001137280,ISP,1,22.49,Y,,,,(UNK),94095,(N/A),(UNK),No Defects,1,1,InterState,1,9290,X001922841,Not Toll,73,10,4,Divided With Median Barrier,3,2944968.4402852,1904909.90106952,41.87209184,-87.786,,Urban,1,N,(N/A),Y,(N/A)
2020,2020-06-03,Wednesday,16,04:29 PM,Property Damage,No Injuries,0,0,0,0,0,1,Fixed Object,6,N,N,Unable to Determine,(N/A),Daylight,Clear,Dry,Y,,,,,Traffic Signal,Functioning Properly,N,1,41.8980589,-87.7947958,ok,(UNK),1,2002693,2020,,18,99,50000 and OVER,9,4295,Oak Park,C,Urban Major Collector,,16,3,10901788,6,Cook,0,20,TRAFFIC SIGNAL POLE,,3,N,No,Free Flow,202001136852,City,1,0,N,,,,(UNK),94184,(N/A),(UNK),No Defects,1,1,Major Collector,5,,X001922353,Not Toll,73,3,4,"Divided, No Median Barrier",2,2942316.11300659,1914303.70660197,41.89805107,-87.7948,,Urban,1,N,(N/A),Y,(N/A)
2020,2020-05-31,Sunday,15,03:30 PM,Property Damage,No Injuries,0,0,0,0,0,1,Fixed Object,6,N,N,Unable to Determine,(N/A),Daylight,Clear,Dry,N,,,,,No Controls,No Controls,N,1,41.871762,-87.7852954,ok,Partial Access Control,2,SH-20-00205729,2020,,18,99,50000 and OVER,9,4295,Oak Park,C,Urban InterState,0,16,31,10904981,5,Cook,0,20,,,7,N,No,Free Flow,202001139888,County,1,8.65,Y,,,,(UNK),95872,(N/A),(UNK),No Defects,1,1,InterState,1,290,X001925255,Not Toll,73,1,1,Not Divided,1,2945168.78676388,1904792.29892267,41.87175413,-87.7853,,Urban,1,N,(N/A),Y,(N/A)
2020,2020-06-08,Monday,15,03:25 PM,Property Damage,No Injuries,0,0,0,0,0,3,Sideswipe Same Direction,12,N,N,Driving Skills/Knowledge/Experience,Improper Lane Usage,Daylight,Clear,Dry,Y,,,,,Traffic Signal,Functioning Properly,N,2,41.8796079,-87.803846,ok,(UNK),1,2002791,2020,,15,20,50000 and OVER,9,4295,Oak Park,C,Urban Minor Arterial,,16,8,10906751,6,Cook,0,20,,,1,N,No,Slow,202001141807,City,1,0,N,,,,(UNK),96123,(N/A),(UNK),No Defects,1,1,Minor Arterial,4,,X001926605,Not Toll,73,3,4,Not Divided,1,2940037.34302379,1907511.77183496,41.87960001,-87.8038,,Urban,1,N,(N/A),Y,(N/A)
2020,2020-06-08,Monday,18,06:31 PM,Property Damage,No Injuries,0,0,0,0,0,1,Parked Motor Vehicle,9,N,N,Unable to Determine,Unable to Determine,Daylight,Clear,Dry,N,,,,,No Controls,No Controls,Y,2,41.8768637,-87.8037542,ok,(UNK),1,2002797,2020,,18,18,50000 and OVER,9,4295,Oak Park,C,Urban Local Road or Street,,16,8,10906754,6,Cook,0,20,,,1,N,No,Free Flow,202001141809,City,1,0.66,N,,,,(UNK),96124,(N/A),(UNK),No Defects,1,1,Local Road or Street,7,2718,X001926607,Not Toll,73,1,1,Not Divided,1,2940089.87762652,1906512.44586935,41.87685587,-87.8037,,Urban,1,N,(N/A),Y,(N/A)
2020,2020-06-09,Tuesday,08,08:15 AM,Property Damage,No Injuries,0,0,0,0,0,2,Front to Rear,11,N,N,Failing to Reduce Speed to Avoid Crash,Unable to Determine,Daylight,Clear,Dry,N,,,,,No Controls,No Controls,N,2,41.8905309,-87.8051146,ok,(UNK),1,2002807,2020,,28,18,50000 and OVER,9,4295,Oak Park,C,Urban Other Principal Arte,,16,9,10905993,6,Cook,0,20,,,2,N,No,Free Flow,202001140994,City,1,26.78,Y,,,,(UNK),96791,(N/A),(UNK),No Defects,1,1,Other Principal Arterial,3,5043,X001926060,Not Toll,73,1,1,Not Divided,1,2939582.24420884,1911482.82280754,41.89052307,-87.8051,,Urban,1,N,(N/A),Y,(N/A)
2020,2020-02-14,Friday,08,08:11 AM,Property Damage,No Injuries,0,0,0,0,0,5,Other Object,7,N,N,Unable to Determine,(N/A),Daylight,Snow,Snow or Slush,N,,,,,Delineators,Worn Reflective Material,Y,2,41.8757113,-87.8045878,ok,(UNK),1,20-00486,2020,,18,99,50000 and OVER,9,4295,Oak Park,C,Urban Other Principal Arte,0,16,14,10908538,2,Cook,0,20,,,5,N,No,Free Flow,202001143245,City,1,19.95,Y,,,,(UNK),97219,(N/A),(UNK),Worn Surface,8,3,Other Principal Arterial,3,348,X001928052,Not Toll,73,14,5,"Divided, No Median Barrier",2,2939874.40464247,1906086.23059274,41.87570345,-87.8046,,Urban,3,N,(N/A),N,(N/A)
2020,2020-06-09,Tuesday,11,11:35 AM,Property Damage,No Injuries,0,0,0,0,0,4,Turning,10,N,N,Improper Turning/No Signal,Driving Skills/Knowledge/Experience,Daylight,Clear,Dry,Y,,,,,Traffic Signal,Functioning Properly,N,2,41.8736416,-87.8045258,ok,Partial Access Control,1,2002811,2020,,6,15,50000 and OVER,9,4295,Oak Park,C,Urban InterState,,16,9,10907790,6,Cook,0,20,,,2,N,No,Slow,202001142924,City,1,25.61,Y,,,,(UNK),97576,(N/A),(UNK),No Defects,1,1,InterState,1,5043,X001927670,Not Toll,73,3,4,Divided With Median Barrier,3,2939912.062394,1905332.46992192,41.87363377,-87.8045,,Urban,1,N,(N/A),Y,(N/A)
2020,2020-06-09,Tuesday,14,02:28 PM,Property Damage,No Injuries,0,0,0,0,0,3,Angle,15,N,N,Failing to Yield Right of Way,(N/A),Daylight,Clear,Dry,Y,,,,,Stop Sign,Functioning Properly,N,2,41.8753806,-87.8021364,ok,(UNK),1,2002818,2020,,2,99,50000 and OVER,9,4295,Oak Park,C,Urban Local Road or Street,,16,9,10907791,6,Cook,0,20,,,2,N,No,Slow,202001142925,City,1,0.07,N,,,,(UNK),97577,(N/A),(UNK),No Defects,1,1,Local Road or Street,7,4030,X001927671,Not Toll,73,2,4,Four Way,14,2940545.39717553,1905984.11057236,41.87537274,-87.8021,,Urban,1,N,(N/A),Y,(N/A)
2020,2020-06-10,Wednesday,09,09:52 AM,Property Damage,No Injuries,0,0,0,0,0,1,Parked Motor Vehicle,9,N,N,Failing to Yield Right of Way,Unable to Determine,Daylight,Cloudy/Overcast,Dry,N,,,,,No Controls,No Controls,N,2,,,missing,(UNK),1,2002840,2020,,2,18,50000 and OVER,9,4295,Oak Park,C,(UNK),8,16,10,10907916,6,Cook,0,20,,,3,N,No,Stopped,202001143041,City,1,0,N,,,,(UNK),98111,(N/A),(UNK),No Defects,1,1,(UNK),0,0,X001927874,No Toll,,1,1,Not Divided,1,0,0,,,,(UNK),8,N,(N/A),Y,(N/A)
2020,2020-06-05,Friday,18,06:35 PM,Property Damage,No Injuries,0,0,0,0,0,2,Sideswipe Same Direction,12,N,N,Failing to Reduce Speed to Avoid Crash,Improper Lane Usage,Daylight,Clear,Dry,N,,,,,No Controls,No Controls,Y,2,41.8734929,-87.803241,ok,Partial Access Control,3,03-20-06441,2020,,28,20,50000 and OVER,9,4295,Oak Park,C,Urban InterState,0,16,5,10908798,6,Cook,0,20,,,5,N,No,(UNK),202001143521,ISP,1,0.04,Y,,,,(UNK),98349,(N/A),(UNK),No Defects,1,1,InterState,1,290,X001928303,Not Toll,,1,1,Divided With Median Barrier,3,2940263.47868104,1905287.92921953,41.8734851,-87.8032,,Urban,1,N,(N/A),Y,(N/A)
2020,2020-05-19,Tuesday,13,01:00 PM,Property Damage,No Injuries,0,0,0,0,0,2,Front to Rear,11,N,N,Following Too Closely,Failing to Reduce Speed to Avoid Crash,Daylight,Clear,Dry,N,,,,,Traffic Signal,Functioning Properly,Y,2,41.8735201,-87.803542,ok,Partial Access Control,3,03-20-05868,2020,,3,28,50000 and OVER,9,4295,Oak Park,C,Urban InterState,0,16,19,10908821,5,Cook,0,20,,,2,N,No,(UNK),202001143542,ISP,1,0.03,Y,,,,(UNK),98586,(N/A),(UNK),No Defects,1,1,InterState,1,290,X001928325,Not Toll,,3,4,Divided With Median Barrier,3,2940181.23436757,1905295.56395084,41.87351225,-87.8035,,Urban,1,N,(N/A),Y,(N/A)
2020,2020-06-12,Friday,12,12:55 PM,Property Damage,No Injuries,0,0,0,0,0,3,Front to Rear,11,N,N,Failing to Reduce Speed to Avoid Crash,(N/A),Daylight,Clear,Dry,N,,,,,No Controls,No Controls,N,3,41.8733837,-87.8045142,ok,(UNK),1,20-  1530,2020,,28,99,50000 and OVER,9,4295,Oak Park,C,Urban Other Principal Arte,,16,12,10911257,6,Cook,0,20,,,5,N,No,Stopped,202001146060,City,1,20.11,Y,,,,(UNK),99844,(N/A),(UNK),No Defects,1,1,Other Principal Arterial,3,348,X001930780,Not Toll,73,1,1,Divided With Median Barrier,3,2939917.80975037,1905238.58017529,41.87337589,-87.8045,,Urban,1,N,(N/A),Y,(N/A)
2020,2020-06-13,Saturday,12,12:24 PM,Property Damage,No Injuries,0,0,0,0,0,3,Turning,10,N,N,Failing to Yield Right of Way,(N/A),Daylight,Clear,Dry,Y,,,,,Traffic Signal,Functioning Properly,N,2,41.8817171,-87.7845158,ok,(UNK),1,2002913,2020,,2,99,50000 and OVER,9,4295,Oak Park,C,Urban Major Collector,,16,13,10912135,6,Cook,0,20,,,6,N,No,Free Flow,202001146708,City,1,0,N,,,,(UNK),100107,(N/A),(UNK),No Defects,1,1,Major Collector,5,,X001930092,Not Toll,73,3,4,Not Divided,1,2945280.39979428,1908426.0339129,41.88170928,-87.7845,,Urban,1,N,(N/A),Y,(N/A)
2020,2020-06-09,Tuesday,04,04:49 AM,Property Damage,No Injuries,0,0,0,0,0,2,Turning,10,N,N,Improper Lane Usage,(N/A),Dawn,Clear,Dry,Y,,,,,Traffic Signal,Functioning Properly,Y,2,41.8736416,-87.8045255,ok,Partial Access Control,1,2002804,2020,,20,99,50000 and OVER,9,4295,Oak Park,C,Urban InterState,,16,9,10912137,6,Cook,0,20,,,2,N,No,Free Flow,202001146710,City,2,25.61,Y,,,,(UNK),100108,(N/A),(UNK),No Defects,1,1,InterState,1,5043,X001930094,Not Toll,73,3,4,Not Divided,1,2939912.14177974,1905332.45926702,41.87363374,-87.8045,,Urban,1,N,(N/A),Y,(N/A)
2020,2020-06-11,Thursday,12,12:20 PM,Property Damage,No Injuries,0,0,0,0,0,1,Parked Motor Vehicle,9,N,N,Failing to Reduce Speed to Avoid Crash,(N/A),Daylight,Clear,Dry,N,,,,,No Controls,No Controls,Y,2,41.8797173,-87.7976888,ok,(UNK),1,2002867,2020,,28,99,50000 and OVER,9,4295,Oak Park,C,Urban Minor Arterial,,16,11,10912144,6,Cook,0,20,,,4,N,No,Free Flow,202001146716,City,1,3.42,N,,,,(UNK),100112,(N/A),(UNK),No Defects,1,1,Minor Arterial,4,1419,X001929359,Not Toll,73,1,1,"Divided, No Median Barrier",2,2941713.07813414,1907597.89716689,41.87970943,-87.7977,,Urban,1,N,(N/A),Y,(N/A)
2020,2020-06-11,Thursday,15,03:30 PM,Property Damage,No Injuries,0,0,0,0,0,4,Angle,15,N,N,Failing to Yield Right of Way,Disregarding Other Traffic Signs,Daylight,Clear,Dry,Y,,,,,Stop Sign,Functioning Properly,N,2,41.8815477,-87.7969729,ok,(UNK),1,2002873,2020,,2,24,50000 and OVER,9,4295,Oak Park,C,Urban Major Collector,,16,11,10912146,6,Cook,0,20,,,4,N,No,Free Flow,202001146720,City,1,0,N,,,,(UNK),100183,(N/A),(UNK),No Defects,1,1,Major Collector,5,,X001929361,Not Toll,73,2,4,Not Divided,1,2941889.63955911,1908270.33779344,41.88153989,-87.797,,Urban,1,N,(N/A),Y,(N/A)
2020,2020-06-11,Thursday,16,04:30 PM,Property Damage,No Injuries,0,0,0,0,0,3,Front to Rear,11,N,N,Failing to Reduce Speed to Avoid Crash,Following Too Closely,Daylight,Clear,Dry,N,,,,,No Controls,No Controls,N,2,41.909244,-87.7757304,ok,(UNK),1,2002878,2020,,28,3,50000 and OVER,9,4295,Oak Park,C,Urban Other Principal Arte,,16,11,10912147,6,Cook,0,20,,,4,N,No,Stopped,202001146721,City,1,7.47,Y,,,,(UNK),100184,(N/A),(UNK),No Defects,1,1,Other Principal Arterial,3,307,X001929362,Not Toll,73,1,1,Divided With Median Barrier,3,2947393.23224337,1918523.93816015,41.90923615,-87.7757,,Urban,1,N,(N/A),Y,(N/A)
2020,2020-06-11,Thursday,15,03:57 PM,Property Damage,No Injuries,0,0,0,0,0,2,Sideswipe Same Direction,12,N,N,Failing to Yield Right of Way,(N/A),Daylight,Clear,Dry,N,,,,,No Controls,No Controls,N,2,41.886681,-87.7911831,ok,(UNK),1,2002874,2020,,2,99,50000 and OVER,9,4295,Oak Park,C,Urban Local Road or Street,,16,11,10912148,6,Cook,0,20,,,4,N,No,Slow,202001146722,City,1,0.01,N,,,,(UNK),100185,(N/A),(UNK),No Defects,1,1,Local Road or Street,7,2015,X001929363,Not Toll,73,1,1,Not Divided,1,2943414.58079574,1910184.59372646,41.88667312,-87.7912,,Urban,1,N,(N/A),Y,(N/A)
2020,2020-06-12,Friday,01,01:07 AM,Property Damage,No Injuries,0,0,0,0,0,3,Sideswipe Same Direction,12,N,N,Failing to Reduce Speed to Avoid Crash,(N/A),Darkness / Lighted Road,Clear,Dry,N,,,,,No Controls,No Controls,N,2,41.8797498,-87.7746607,ok,(UNK),1,2002886,2020,,28,99,50000 and OVER,9,4295,Oak Park,C,Urban Minor Arterial,,16,12,10912150,6,Cook,0,20,,,5,N,No,Free Flow,202001146724,City,5,7.68,N,,,,(UNK),100186,(N/A),(UNK),No Defects,1,1,Minor Arterial,4,2790,X001929365,Not Toll,,1,1,Not Divided,1,2947984.2514211,1907783.79398767,41.87974195,-87.7747,,Urban,1,N,(N/A),Y,(N/A)
2020,2020-06-12,Friday,12,12:19 PM,Property Damage,No Injuries,0,0,0,0,0,4,Sideswipe Same Direction,12,N,N,Improper Lane Usage,Distraction - From Inside Vehicle,Daylight,Clear,Dry,Y,,,,,Traffic Signal,Functioning Properly,N,2,41.8984114,-87.775267,ok,(UNK),1,2002891,2020,,20,41,50000 and OVER,9,4295,Oak Park,C,Urban Minor Arterial,,16,12,10912151,6,Cook,0,20,,,5,N,No,Free Flow,202001146725,City,1,6.36,N,,,,(UNK),100187,(N/A),(UNK),No Defects,1,1,Minor Arterial,4,2790,X001929366,Not Toll,,3,4,Not Divided,1,2947629.49628055,1914579.83515522,41.89840354,-87.7753,,Urban,1,N,(N/A),Y,(N/A)
2020,2020-06-11,Thursday,15,03:00 PM,Property Damage,No Injuries,0,0,0,0,0,2,Front to Rear,11,N,N,Failing to Reduce Speed to Avoid Crash,Unable to Determine,Daylight,Clear,Dry,Y,,,,,Traffic Signal,Functioning Properly,N,2,41.9092379,-87.7769091,ok,(UNK),1,2002872,2020,,28,18,50000 and OVER,9,4295,Oak Park,C,Urban Other Principal Arte,,16,11,10912154,6,Cook,0,20,,,4,N,No,Stopped,202001146727,City,1,130.66,Y,,,,(UNK),100188,(N/A),(UNK),No Defects,1,1,Other Principal Arterial,3,5064,X001929662,Not Toll,73,3,4,"Divided, No Median Barrier",2,2947072.43720852,1918512.74941138,41.90923,-87.7769,,Urban,1,N,(N/A),Y,(N/A)
2020,2020-06-08,Monday,14,02:58 PM,Property Damage,No Injuries,0,0,0,0,0,1,Parked Motor Vehicle,9,N,N,Failing to Reduce Speed to Avoid Crash,(N/A),Daylight,Clear,Dry,N,,,,,No Controls,No Controls,N,2,41.8885989,-87.7927067,ok,(UNK),1,2002786,2020,,28,99,50000 and OVER,9,4295,Oak Park,C,Urban Major Collector,,16,8,10912282,6,Cook,0,20,,,1,N,No,Free Flow,202001146820,City,1,0,N,,,,(UNK),100730,(N/A),(UNK),No Defects,1,1,Major Collector,5,,X001928916,Not Toll,73,1,1,Not Divided,1,2942980.34382911,1910872.05636054,41.8885911,-87.7927,,Urban,1,N,(N/A),Y,(N/A)