crash_year,crash_date,day_of_week,crash_hour,time_of_crash,crash_severity,crash_injury_severity,total_injured,total_fatals,a_injuries,b_injuries,c_injuries,no_injuries,type_of_first_crash,collision_type_code,pedestrian_involved,pedalcyclist_involved,cause1,cause2,lighting_cond,weather_cond,road_surface_cond,intersection_related,is_intersection,highway_or_street_name,at_intersection_with,address_no,traffic_control_device,traffic_control_device_cond,hit_and_run,number_of_vehicles,latitude,longitude,location_status,access_control,agency_code,agency_report_number,agency_report_year,alignment_code,cause1_code,cause2_code,city_class,city_class_code,city_code,city_name,city_township_flag,class_of_trafficway,class_of_trafficway_code,county_code,crash_day,crash_id,crash_month,crash_report_county,crash_severity_cd,crash_yr_source,damaged_property1,damaged_property2,day_of_week_code,did_crash_occur_in_work_zone,did_involve_secondary_crash,flow_condition,icn,investigating_agency_descrip,light_condition_code,mile_station,nhs,non_intersection_direction,non_intersection_distance,non_intersection_units,number_of_lanes,objectid,railroad_crossing_number,road_alignment,road_defects,road_defects_code,road_surface_condition_code,roadway_functional_class,roadway_functional_class_code,route_number,sfe,toll,township,traffic_control_device_code,traffic_control_device_cond_code,trafficway_descrip,trafficway_description_code,ts_crash_coordinate_x,ts_crash_coordinate_y,ts_crash_latitude,ts_crash_longitude,type_report,urban_rural,weather_code,were_workers_present,work_zone,work_zone_related,work_zone_type
2020,2020-06-12,Friday,13,01:57 PM,Property Damage,No Injuries,0,0,0,0,0,3,Sideswipe Same Direction,12,N,N,Improper Lane Usage,Failing to Reduce Speed to Avoid Crash,Daylight,Clear,Dry,Y,,,,,Traffic Signal,Functioning Properly,N,2,41.9089177,-87.8057865,ok,(UNK),1,2000499,2020,,20,28,50000 and OVER,9,4295,Oak Park,C,Urban Other Principal Arte,,16,12,10912303,6,Cook,0,20,,,5,N,No,Free Flow,202001146842,City,1,17.65,Y,,,,(UNK),100837,(N/A),(UNK),No Defects,1,1,Other Principal Arterial,3,348,X001931244,Not Toll,73,3,4,Other,8,2939214.80164942,1918178.28182868,41.90890986,-87.8058,,Urban,1,N,(N/A),Y,(N/A)
2020,2020-06-13,Saturday,15,03:08 PM,Property Damage,No Injuries,0,0,0,0,0,2,Angle,15,N,N,Failing to Yield Right of Way,Driving Skills/Knowledge/Experience,Daylight,Clear,Dry,N,,,,,No Controls,No Controls,N,2,41.8921295,-87.8051607,ok,(UNK),1,2000503,2020,,2,15,50000 and OVER,9,4295,Oak Park,C,Urban Other Principal Arte,,16,13,10912304,6,Cook,0,20,,,6,N,No,Free Flow,202001146843,City,1,18.81,Y,,,,(UNK),100838,(N/A),(UNK),No Defects,1,1,Other Principal Arterial,3,348,X001931245,Not Toll,73,1,1,"Divided, No Median Barrier",2,2939553.65865189,1912065.04708938,41.8921217,-87.8052,,Urban,1,N,(N/A),Y,(N/A)
2020,2020-06-17,Wednesday,13,01:18 PM,Property Damage,No Injuries,0,0,0,0,0,3,Front to Rear,11,N,N,Following Too Closely,(N/A),Daylight,Clear,Dry,N,,,,,No Controls,No Controls,N,2,41.8664859,-87.8042619,ok,(UNK),1,20-01586,2020,,3,99,50000 and OVER,9,4295,Oak Park,C,Urban Other Principal Arte,,16,17,10914386,6,Cook,0,20,,,3,N,No,Slow,202001149014,City,1,20.59,Y,,,,(UNK),100995,(N/A),(UNK),No Defects,1,1,Other Principal Arterial,3,348,X001933155,Not Toll,73,1,1,"Divided, No Median Barrier",2,2940055.73259363,1902726.78461047,41.86647807,-87.8043,,Urban,1,N,(N/A),Y,(N/A)
2020,2020-06-17,Wednesday,12,12:53 PM,Property Damage,No Injuries,0,0,0,0,0,2,Front to Rear,11,N,N,Physical Condition of Driver,Unable to Determine,Daylight,Clear,Dry,N,,,,,Traffic Signal,Functioning Properly,N,2,41.8666148,-87.8042664,ok,(UNK),1,20-01585,2020,,17,18,50000 and OVER,9,4295,Oak Park,C,Urban Other Principal Arte,,16,17,10914388,6,Cook,0,20,,,3,N,No,Slow,202001149015,City,1,20.58,Y,,,,(UNK),100997,(N/A),(UNK),No Defects,1,1,Other Principal Arterial,3,348,X001933157,Not Toll,73,3,4,"Divided, No Median Barrier",2,2940053.22919213,1902773.71195043,41.86660693,-87.8043,,Urban,1,N,(N/A),Y,(N/A)
2020,2020-06-16,Tuesday,11,11:02 AM,Property Damage,No Injuries,0,0,0,0,0,1,Fixed Object,6,N,N,Unable to Determine,(N/A),Daylight,Clear,Dry,N,,,,,No Controls,No Controls,N,1,41.9070576,-87.794995,ok,(UNK),1,2002977,2020,,18,99,50000 and OVER,9,4295,Oak Park,C,Urban Major Collector,,16,16,10914135,6,Cook,0,20,VILLAGE LIGHT POLE AND TREE,,2,N,Yes,Free Flow,202001148706,City,1,4.24,N,,,,(UNK),101036,(N/A),(UNK),No Defects,1,1,Major Collector,5,2775,X001932781,Not Toll,73,1,1,"Divided, No Median Barrier",2,2942171.16848284,1917581.51366778,41.90704978,-87.795,,Urban,1,N,(N/A),Y,(N/A)
2020,2020-06-16,Tuesday,16,04:51 PM,Property Damage,No Injuries,0,0,0,0,0,2,Angle,15,N,N,Failing to Yield Right of Way,Failing to Reduce Speed to Avoid Crash,Daylight,Clear,Dry,Y,,,,,Stop Sign,Functioning Properly,Y,2,41.8999205,-87.783802,ok,(UNK),1,2002986,2020,,2,28,50000 and OVER,9,4295,Oak Park,C,Urban Local Road or Street,,16,16,10914136,6,Cook,0,20,,,2,N,No,Slow,202001148707,City,1,0,N,,,,(UNK),101037,(N/A),(UNK),No Defects,1,1,Local Road or Street,7,,X001932783,Not Toll,73,2,4,Not Divided,1,2945290.46172671,1915065.08913156,41.89991264,-87.7838,,Urban,1,N,(N/A),Y,(N/A)
2020,2020-06-15,Monday,13,01:17 PM,Property Damage,No Injuries,0,0,0,0,0,3,Sideswipe Same Direction,12,N,N,Improper Lane Usage,Unable to Determine,Daylight,Clear,Dry,Y,,,,,Traffic Signal,Functioning Properly,N,2,41.8736416,-87.8045257,ok,Partial Access Control,1,20-01561,2020,,20,18,50000 and OVER,9,4295,Oak Park,C,Urban InterState,,16,15,10912369,6,Cook,0,20,,,1,N,No,Free Flow,202001146909,City,1,25.61,Y,,,,(UNK),101045,(N/A),(UNK),No Defects,1,1,InterState,1,5043,X001931326,Not Toll,73,3,4,Divided With Median Barrier,3,2939912.09127659,1905332.4660454,41.87363376,-87.8045,,Urban,1,N,(N/A),Y,(N/A)
2020,2020-06-07,Sunday,17,05:56 PM,Injury,A Injury Crash,1,0,1,0,0,3,Pedalcyclist,2,N,Y,Disregarding Stop Sign,Unable to Determine,Daylight,Clear,Dry,Y,,,,,Stop Sign,Functioning Properly,N,1,41.8980168,-87.7977869,ok,(UNK),1,2002772,2020,,23,18,50000 and OVER,9,4295,Oak Park,C,Urban Local Road or Street,,16,7,10915632,6,Cook,3,20,,,7,N,No,Slow,202001149845,City,1,0,N,,,,(UNK),101332,(N/A),(UNK),No Defects,1,1,Local Road or Street,7,,X001933824,Not Toll,73,2,4,"Divided, No Median Barrier",2,2941502.17280729,1914265.85475046,41.89800897,-87.7978,,Urban,1,N,(N/A),Y,(N/A)
2020,2020-06-13,Saturday,14,02:25 PM,Property Damage,No Injuries,0,0,0,0,0,3,Angle,15,N,N,Failing to Yield Right of Way,(N/A),Daylight,Clear,Dry,N,,,,,No Controls,No Controls,N,2,41.8869477,-87.786205,ok,(UNK),1,2002919,2020,,2,99,50000 and OVER,9,4295,Oak Park,C,Urban Local Road or Street,,16,13,10913242,6,Cook,0,20,,,6,N,No,Free Flow,202001147759,City,1,0.93,N,,,,(UNK),101478,(N/A),(UNK),No Defects,1,1,Local Road or Street,7,3036,X001931766,Not Toll,73,1,1,Not Divided,1,2944767.45228249,1910319.39293681,41.88693988,-87.7862,,Urban,1,N,(N/A),Y,(N/A)
2020,2020-06-14,Sunday,13,01:58 PM,Property Damage,No Injuries,0,0,0,0,0,3,Front to Rear,11,N,N,Failing to Reduce Speed to Avoid Crash,Following Too Closely,Daylight,Clear,Dry,N,,,,,No Controls,No Controls,N,2,41.8831237,-87.7845398,ok,(UNK),1,2002937,2020,,28,3,50000 and OVER,9,4295,Oak Park,C,Urban Major Collector,,16,14,10913244,6,Cook,0,20,,,7,N,No,Free Flow,202001147761,City,1,1.3,N,,,,(UNK),101479,(N/A),(UNK),No Defects,1,1,Major Collector,5,2783,X001931768,Not Toll,73,1,1,Not Divided,1,2945259.62951817,1908938.4388561,41.88311586,-87.7845,,Urban,1,N,(N/A),Y,(N/A)
2020,2020-06-13,Saturday,12,12:15 PM,Property Damage,No Injuries,0,0,0,0,0,1,Parked Motor Vehicle,9,N,N,Following Too Closely,Unable to Determine,Daylight,Clear,Dry,N,,,,,No Controls,No Controls,Y,2,41.8885529,-87.8024324,ok,(UNK),1,2002940,2020,,3,18,50000 and OVER,9,4295,Oak Park,C,Urban Local Road or Street,,16,13,10913258,6,Cook,0,20,,,6,N,No,Free Flow,202001147772,City,1,0,N,,,,(UNK),101542,(N/A),(UNK),No Defects,1,1,Local Road or Street,7,2056,X001931758,Not Toll,73,1,1,Parking Lot,7,2940332.45504124,1910782.12395052,41.88854507,-87.8024,,Urban,1,N,(N/A),Y,(N/A)
2020,2020-06-14,Sunday,17,05:07 PM,Injury,B Injury Crash,1,0,0,1,0,1,Fixed Object,6,N,N,Improper Lane Usage,Failing to Reduce Speed to Avoid Crash,Daylight,Clear,Dry,N,,,,,No Controls,No Controls,N,1,41.8781779,-87.8041145,ok,(UNK),1,2002942,2020,,20,28,50000 and OVER,9,4295,Oak Park,C,Urban Local Road or Street,,16,14,10913259,6,Cook,2,20,TREE,,7,N,No,Free Flow,202001147773,City,1,0.03,N,,,,(UNK),101543,(N/A),(UNK),No Defects,1,1,Local Road or Street,7,4700,X001931759,Not Toll,73,1,1,"Divided, No Median Barrier",2,2939978.54862094,1906988.65114223,41.87817004,-87.8041,,Urban,1,N,(N/A),Y,(N/A)
2020,2020-06-18,Thursday,10,10:57 AM,Property Damage,No Injuries,0,0,0,0,0,2,Turning,10,N,N,Failing to Yield Right of Way,Improper Turning/No Signal,Daylight,Clear,Dry,Y,,,,,Traffic Signal,Functioning Properly,N,2,41.8650281,-87.8042158,ok,(UNK),1,20-01597,2020,,2,6,50000 and OVER,9,4295,Oak Park,C,Urban Other Principal Arte,,16,18,10915687,6,Cook,0,20,,,4,N,No,Free Flow,202001149896,City,1,25.01,Y,,,,(UNK),101569,(N/A),(UNK),No Defects,1,1,Other Principal Arterial,3,5043,X001933921,Not Toll,52,3,4,"Divided, No Median Barrier",2,2940082.9252466,1902195.89653936,41.8650203,-87.8042,,Urban,1,N,(N/A),Y,(N/A)
2020,2020-06-13,Saturday,16,04:34 PM,Injury,C Injury Crash,1,0,0,0,1,1,Front to Rear,11,N,N,Failing to Reduce Speed to Avoid Crash,Failing to Reduce Speed to Avoid Crash,Daylight,Clear,Dry,Y,,,,,No Controls,No Controls,N,2,41.8854023,-87.8049153,ok,(UNK),1,2002923,2020,,28,28,50000 and OVER,9,4295,Oak Park,C,Urban Other Principal Arte,,16,13,10913270,6,Cook,1,20,,,6,N,No,Free Flow,202001147780,City,1,26.42,Y,,,,(UNK),101594,(N/A),(UNK),No Defects,1,1,Other Principal Arterial,3,5043,X001931757,Not Toll,73,1,1,Not Divided,1,2939687.97744738,1909615.35297156,41.88539445,-87.8049,,Urban,1,N,(N/A),Y,(N/A)
2020,2020-06-16,Tuesday,15,03:08 PM,Property Damage,No Injuries,0,0,0,0,0,2,Turning,10,N,N,Failing to Yield Right of Way,(N/A),Daylight,Clear,Dry,Y,,,,,Stop Sign,Functioning Properly,N,2,41.8650471,-87.8028738,ok,(UNK),1,2002983,2020,,2,99,50000 and OVER,9,4295,Oak Park,C,Urban Other Principal Arte,,16,16,10914943,6,Cook,0,20,,,2,N,No,Slow,202001149592,City,1,0,Y,,,,(UNK),101659,(N/A),(UNK),No Defects,1,1,Other Principal Arterial,3,,X001933569,Not Toll,73,2,4,Not Divided,1,2940448.29327692,1902212.86592492,41.86503924,-87.8029,,Urban,1,N,(N/A),Y,(N/A)
2020,2020-06-16,Tuesday,18,06:11 PM,Property Damage,No Injuries,0,0,0,0,0,2,Turning,10,N,N,Failing to Yield Right of Way,Failing to Reduce Speed to Avoid Crash,Daylight,Clear,Dry,N,,,,,No Controls,No Controls,N,2,41.8651607,-87.7949277,ok,(UNK),1,2002991,2020,,2,28,50000 and OVER,9,4295,Oak Park,C,Urban Other Principal Arte,,16,16,10914946,6,Cook,0,20,,,2,N,No,Free Flow,202001149595,City,1,6.46,Y,,,,(UNK),101708,(N/A),(UNK),No Defects,1,1,Other Principal Arterial,3,347,X001933572,Not Toll,52,1,1,Two-way Continuous Left-Tur,4,2942611.69629296,1902314.00247059,41.86515286,-87.7949,,Urban,1,N,(N/A),Y,(N/A)
2020,2020-06-17,Wednesday,10,10:18 AM,Property Damage,No Injuries,0,0,0,0,0,1,Parked Motor Vehicle,9,N,N,Improper Overtaking/Passing,Failing to Reduce Speed to Avoid Crash,Daylight,Clear,Dry,N,,,,,No Controls,No Controls,N,2,41.8947093,-87.775832,ok,(UNK),1,2003001,2020,,4,28,50000 and OVER,9,4295,Oak Park,C,Urban Minor Arterial,,16,17,10914947,6,Cook,0,20,,,3,N,No,Free Flow,202001149596,City,1,4.09,N,,,,(UNK),101709,(N/A),(UNK),No Defects,1,1,Minor Arterial,4,1398,X001933573,Not Toll,73,1,1,Parking Lot,7,2947513.28042594,1913226.42740731,41.89470144,-87.7758,,Urban,1,N,(N/A),Y,(N/A)
2020,2020-06-16,Tuesday,16,04:19 PM,Injury,B Injury Crash,1,0,0,1,0,1,Pedalcyclist,2,N,Y,Unable to Determine,Unable to Determine,Daylight,Clear,Dry,Y,,,,,No Controls,No Controls,N,1,41.8865621,-87.8049461,ok,(UNK),1,20-1573,2020,,18,18,50000 and OVER,9,4295,Oak Park,C,Urban Other Principal Arte,,16,16,10913679,6,Cook,2,20,,,2,N,No,Free Flow,202001148259,City,1,26.5,Y,,,,(UNK),101728,(N/A),(UNK),No Defects,1,1,Other Principal Arterial,3,5043,X001932521,Not Toll,73,1,1,"Divided, No Median Barrier",2,2939667.9412368,1910037.77277353,41.88655425,-87.8049,,Urban,1,N,(N/A),Y,(N/A)
2020,2020-06-15,Monday,13,01:30 PM,Property Damage,No Injuries,0,0,0,0,0,2,Angle,15,N,N,Improper Lane Usage,Failing to Yield Right of Way,Daylight,Clear,Dry,Y,,,,,Traffic Signal,Functioning Properly,Y,2,41.865028,-87.8042158,ok,(UNK),1,20-01562,2020,,20,2,50000 and OVER,9,4295,Oak Park,C,Urban Other Principal Arte,,16,15,10913681,6,Cook,0,20,,,1,N,No,Slow,202001148261,City,1,25.01,Y,,,,(UNK),101776,(N/A),(UNK),No Defects,1,1,Other Principal Arterial,3,5043,X001932522,Not Toll,52,3,4,"Divided, No Median Barrier",2,2940082.92843534,1902195.83303957,41.86502013,-87.8042,,Urban,1,N,(N/A),Y,(N/A)
2020,2020-06-18,Thursday,16,04:29 PM,Property Damage,No Injuries,0,0,0,0,0,2,Sideswipe Same Direction,12,N,N,Failing to Yield Right of Way,Failing to Reduce Speed to Avoid Crash,Daylight,Clear,Dry,Y,,,,,Traffic Signal,Functioning Properly,N,2,41.8796673,-87.8047358,ok,(UNK),1,2003041,2020,,2,28,50000 and OVER,9,4295,Oak Park,C,Urban Other Principal Arte,,16,18,10917989,6,Cook,0,20,,,4,N,No,Slow,202001152271,City,1,26.02,Y,,,,(UNK),103130,(N/A),(UNK),No Defects,1,1,Other Principal Arterial,3,5043,X001935238,Not Toll,73,3,4,Four Way,14,2939794.41314976,1907526.74912073,41.87965942,-87.8047,,Urban,1,N,(N/A),Y,(N/A)
2020,2020-06-18,Thursday,12,12:01 PM,Property Damage,No Injuries,0,0,0,0,0,3,Front to Rear,11,N,N,Distraction - From Inside Vehicle,Failing to Reduce Speed to Avoid Crash,Daylight,Clear,Dry,N,,,,,No Controls,No Controls,N,2,41.9021666,-87.8055495,ok,(UNK),1,2000526,2020,,41,28,50000 and OVER,9,4295,Oak Park,C,Urban Other Principal Arte,,16,18,10917991,6,Cook,0,20,,,4,N,No,Stopped,202001152273,City,1,18.12,Y,,,,(UNK),103131,(N/A),(UNK),No Defects,1,1,Other Principal Arterial,3,348,X001935241,Not Toll,73,1,1,"Divided, No Median Barrier",2,2939347.07051306,1915719.84037854,41.9021588,-87.8055,,Urban,1,N,(N/A),Y,(N/A)
2020,2020-06-19,Friday,17,05:35 PM,Injury,B Injury Crash,1,0,0,1,0,1,Pedalcyclist,2,N,Y,Failing to Reduce Speed to Avoid Crash,(N/A),Daylight,Clear,Dry,Y,,,,,Other Regualtory Sig,Functioning Properly,N,1,41.8983208,-87.777699,ok,(UNK),1,2003064,2020,,28,99,50000 and OVER,9,4295,Oak Park,C,Urban Local Road or Street,,16,19,10918020,6,Cook,2,20,,,5,N,No,Slow,202001152295,City,1,0,N,,,,(UNK),103230,(N/A),(UNK),No Defects,1,1,Local Road or Street,7,,X001935994,Not Toll,73,10,4,Not Divided,1,2946968.28087349,1914528.36811306,41.89831296,-87.7777,,Urban,1,N,(N/A),Y,(N/A)
2020,2020-06-20,Saturday,17,05:40 PM,Property Damage,No Injuries,0,0,0,0,0,2,Front to Rear,11,N,N,Failing to Reduce Speed to Avoid Crash,(N/A),Daylight,Rain,Wet,Y,,,,,Traffic Signal,Functioning Properly,N,2,41.8802264,-87.7746765,ok,(UNK),1,2003083,2020,,28,99,50000 and OVER,9,4295,Oak Park,C,Urban Minor Arterial,,16,20,10918021,6,Cook,0,20,,,6,N,No,Stopped,202001152296,City,1,7.65,N,,,,(UNK),103231,(N/A),(UNK),No Defects,1,2,Minor Arterial,4,2790,X001935995,Not Toll,,3,4,Not Divided,1,2947975.0936939,1907957.36676691,41.88021858,-87.7747,,Urban,2,N,(N/A),Y,(N/A)
2020,2020-06-17,Wednesday,23,11:40 PM,Property Damage,No Injuries,0,0,0,0,0,1,Parked Motor Vehicle,9,N,N,Failing to Reduce Speed to Avoid Crash,Distraction - From Inside Vehicle,Darkness / Lighted Road,Clear,Dry,N,,,,,No Controls,No Controls,N,2,41.8945569,-87.7854765,ok,(UNK),1,2003023,2020,,28,41,50000 and OVER,9,4295,Oak Park,C,Urban Minor Arterial,,16,17,10916320,6,Cook,0,20,LIGHT POLE,,3,N,Yes,Free Flow,202001150628,City,5,3.6,N,,,,(UNK),103339,(N/A),(UNK),No Defects,1,1,Minor Arterial,4,1398,X001934446,Not Toll,73,1,1,"Divided, No Median Barrier",2,2944888.85600763,1913097.81434511,41.89454902,-87.7855,,Urban,1,N,(N/A),Y,(N/A)
2020,2020-06-09,Tuesday,18,06:26 PM,Property Damage,No Injuries,0,0,0,0,0,3,Sideswipe Same Direction,12,N,N,Improper Lane Usage,Unable to Determine,Daylight,Rain,Wet,N,,,,,Stop Sign,Functioning Properly,N,2,41.8922093,-87.8051633,ok,(UNK),1,2000488,2020,,20,18,50000 and OVER,9,4295,Oak Park,C,Urban Other Principal Arte,,16,9,10916322,6,Cook,0,20,,,2,N,No,Free Flow,202001150630,City,1,26.89,Y,,,,(UNK),103340,(N/A),(UNK),No Defects,1,2,Other Principal Arterial,3,5043,X001934454,Not Toll,73,2,4,"Divided, No Median Barrier",2,2939552.14939992,1912094.08500759,41.89220144,-87.8052,,Urban,2,N,(N/A),Y,(N/A)
2020,2020-06-20,Saturday,19,07:07 PM,Injury,B Injury Crash,1,0,0,1,0,3,Turning,10,N,N,Failing to Yield Right of Way,Failing to Reduce Speed to Avoid Crash,Darkness / Lighted Road,Clear,Wet,Y,,,,,Traffic Signal,Functioning Properly,N,2,41.8650299,-87.8042159,ok,(UNK),1,20-01621,2020,,2,28,50000 and OVER,9,4295,Oak Park,C,Urban Other Principal Arte,,16,20,10918114,6,Cook,2,20,,,6,N,No,Free Flow,202001152396,City,5,25.01,Y,,,,(UNK),103839,(N/A),(UNK),No Defects,1,2,Other Principal Arterial,3,5043,X001936196,Not Toll,52,3,4,"Divided, No Median Barrier",2,2940082.89394949,1902196.51978277,41.86502202,-87.8042,,Urban,1,N,(N/A),Y,(N/A)
2020,2020-06-16,Tuesday,17,05:37 PM,Property Damage,No Injuries,0,0,0,0,0,2,Sideswipe Same Direction,12,N,N,Failing to Yield Right of Way,Driving Skills/Knowledge/Experience,Daylight,Clear,Dry,N,,,,,No Controls,No Controls,N,2,41.8884893,-87.8050225,ok,(UNK),1,2000521,2020,,2,15,50000 and OVER,9,4295,Oak Park,C,Urban Other Principal Arte,,16,16,10919003,6,Cook,0,20,,,2,N,No,Slow,202001153282,City,1,19.07,Y,,,,(UNK),104125,(N/A),(UNK),No Defects,1,1,Other Principal Arterial,3,348,X001936784,Not Toll,73,1,1,"Divided, No Median Barrier",2,2939627.81036084,1910739.51345749,41.88848147,-87.805,,Urban,1,N,(N/A),Y,(N/A)
2020,2020-06-23,Tuesday,18,06:19 PM,Property Damage,No Injuries,0,0,0,0,0,2,Sideswipe Same Direction,12,N,N,Following Too Closely,(N/A),Daylight,Clear,Dry,Y,,,,,Traffic Signal,Functioning Properly,Y,2,41.8813879,-87.8047855,ok,(UNK),1,2003159,2020,,3,99,50000 and OVER,9,4295,Oak Park,C,Urban Other Principal Arte,,16,23,10922109,6,Cook,0,20,,,2,N,No,Stopped,202001156586,City,1,26.14,Y,,,,(UNK),105098,(N/A),(UNK),No Defects,1,1,Other Principal Arterial,3,5043,X001939744,Not Toll,73,3,4,"Divided, No Median Barrier",2,2939763.60414973,1908153.38856862,41.88138001,-87.8048,,Urban,1,N,(N/A),Y,(N/A)
2020,2020-06-23,Tuesday,12,12:18 PM,Property Damage,No Injuries,0,0,0,0,0,6,Turning,10,N,N,Improper Turning/No Signal,Failing to Reduce Speed to Avoid Crash,Daylight,Clear,Dry,N,,,,,No Controls,No Controls,N,2,41.8685261,-87.8043292,ok,(UNK),1,2003148,2020,,6,28,50000 and OVER,9,4295,Oak Park,C,Urban Other Principal Arte,,16,23,10921083,6,Cook,0,20,,,2,N,No,Free Flow,202001155501,City,1,20.45,Y,,,,(UNK),106413,(N/A),(UNK),No Defects,1,1,Other Principal Arterial,3,348,X001938887,Not Toll,73,1,1,Not Divided,1,2940016.93554569,1903469.74678912,41.86851822,-87.8043,,Urban,1,N,(N/A),Y,(N/A)
2020,2020-06-22,Monday,13,01:00 PM,Property Damage,No Injuries,0,0,0,0,0,2,Angle,15,N,N,Driving Skills/Knowledge/Experience,Disregarding Traffic Signals,Daylight,Rain,Wet,N,,,,,Traffic Signal,Functioning Properly,Y,2,41.8800143,-87.774671,ok,(UNK),1,2003125,2020,,15,25,50000 and OVER,9,4295,Oak Park,C,Urban Minor Arterial,,16,22,10920085,6,Cook,0,20,,,1,N,No,Slow,202001154395,City,1,0,N,,,,(UNK),106446,(N/A),(UNK),No Defects,1,2,Minor Arterial,4,,X001937890,Not Toll,,3,4,T-Intersection,15,2947978.74607093,1907880.11661317,41.88000648,-87.7747,,Urban,2,N,(N/A),Y,(N/A)
2020,2020-06-22,Monday,17,05:20 PM,Property Damage,No Injuries,0,0,0,0,0,2,Front to Rear,11,N,N,Failing to Reduce Speed to Avoid Crash,Unable to Determine,Daylight,Rain,Wet,Y,,,,,Traffic Signal,Functioning Properly,Y,2,41.886882,-87.7944558,ok,(UNK),1,2003129,2020,,28,18,50000 and OVER,9,4295,Oak Park,C,Urban Major Collector,,16,22,10920086,6,Cook,0,20,,,1,N,No,Slow,202001154396,City,1,0,N,,,,(UNK),106447,(N/A),(UNK),No Defects,1,2,Major Collector,5,,X001937891,Not Toll,73,3,4,Not Divided,1,2942521.35226221,1910233.19860438,41.88687418,-87.7945,,Urban,2,N,(N/A),Y,(N/A)
2020,2020-06-22,Monday,21,09:13 PM,Injury,B Injury Crash,1,0,0,1,0,1,Pedestrian,1,Y,N,Driving Skills/Knowledge/Experience,Driving Skills/Knowledge/Experience,Darkness / Lighted Road,Rain,Wet,Y,,,,,Pedestrian Crossing,Functioning Properly,N,1,41.8815476,-87.7969729,ok,(UNK),1,2003133,2020,,15,15,50000 and OVER,9,4295,Oak Park,C,Urban Major Collector,,16,22,10921102,6,Cook,2,20,,,1,N,Yes,Slow,202001155519,City,5,0,N,,,,(UNK),106474,(N/A),(UNK),No Defects,1,2,Major Collector,5,,X001938883,Not Toll,73,17,4,Y-Intersection,16,2941889.64163085,1908270.29724378,41.88153978,-87.797,,Urban,2,N,(N/A),Y,(N/A)
2020,2020-06-23,Tuesday,10,10:00 AM,Property Damage,No Injuries,0,0,0,0,0,2,Front to Rear,11,N,N,Failing to Reduce Speed to Avoid Crash,Following Too Closely,Daylight,Clear,Dry,N,,,,,Other Regualtory Sig,Functioning Properly,N,2,41.8712706,-87.7795226,ok,Partial Access Control,3,03-20-07232,2020,,28,3,50000 and OVER,9,4295,Oak Park,C,Urban InterState,0,16,23,10923491,6,Cook,0,20,,,2,N,No,(UNK),202001157516,ISP,1,8.94,Y,,,,(UNK),106665,(N/A),(UNK),No Defects,1,1,InterState,1,290,X001940751,Not Toll,,10,4,Divided With Median Barrier,3,2946746.14197334,1904656.94515444,41.87126279,-87.7795,,Urban,1,N,(N/A),Y,(N/A)
2020,2020-05-19,Tuesday,19,07:40 PM,Property Damage,No Injuries,0,0,0,0,0,2,Front to Rear,11,N,N,Following Too Closely,Failing to Reduce Speed to Avoid Crash,Daylight,Clear,Dry,N,,,,,Traffic Signal,Functioning Properly,N,2,41.8735066,-87.803394,ok,Partial Access Control,3,03-20-05878,2020,,3,28,50000 and OVER,9,4295,Oak Park,C,Urban InterState,0,16,19,10920650,5,Cook,0,20,,,2,N,No,(UNK),202001155062,ISP,1,0.04,Y,,,,(UNK),106680,(N/A),(UNK),No Defects,1,1,InterState,1,290,X001938544,Not Toll,,3,4,Divided With Median Barrier,3,2940221.67348687,1905291.74921587,41.87349873,-87.8034,,Urban,1,N,(N/A),Y,(N/A)
2020,2020-06-15,Monday,15,03:55 PM,Injury,B Injury Crash,1,0,0,1,0,3,Front to Rear,11,N,N,Failing to Reduce Speed to Avoid Crash,Following Too Closely,Daylight,Clear,Dry,N,,,,,Other,Functioning Properly,N,2,41.8715981,-87.7801807,ok,Partial Access Control,3,03-20-06880,2020,,28,3,50000 and OVER,9,4295,Oak Park,C,Urban InterState,,16,15,10920661,6,Cook,2,20,,,1,N,No,(UNK),202001155073,ISP,1,22.79,Y,,,,(UNK),106751,(N/A),(UNK),No Defects,1,1,InterState,1,9290,X001938555,Not Toll,73,13,4,Divided With Median Barrier,3,2946563.56208719,1904771.30845442,41.8715903,-87.7802,,Urban,1,N,(N/A),Y,(N/A)
2020,2020-06-17,Wednesday,13,01:53 PM,Property Damage,No Injuries,0,0,0,0,0,2,Sideswipe Same Direction,12,N,N,Improper Lane Usage,Failing to Reduce Speed to Avoid Crash,Daylight,Clear,Dry,N,,,,,Other Regualtory Sig,Functioning Properly,Y,2,41.8710866,-87.8457113,outside_oak_park,Partial Access Control,3,03-20-06961,2020,,20,28,50000 and OVER,9,4295,Oak Park,C,Urban InterState,0,16,17,10920694,6,Cook,0,20,,,3,N,No,(UNK),202001155105,ISP,1,5.57,Y,,,,(UNK),106953,(N/A),(UNK),No Defects,1,1,InterState,1,290,X001938585,Not Toll,,10,4,Divided With Median Barrier,3,2928719.74489359,1904095.19140615,41.87107871,-87.8457,,Urban,1,N,(N/A),Y,(N/A)