crash_year,crash_date,day_of_week,crash_hour,time_of_crash,crash_severity,crash_injury_severity,total_injured,total_fatals,a_injuries,b_injuries,c_injuries,no_injuries,type_of_first_crash,collision_type_code,pedestrian_involved,pedalcyclist_involved,cause1,cause2,lighting_cond,weather_cond,road_surface_cond,intersection_related,is_intersection,highway_or_street_name,at_intersection_with,address_no,traffic_control_device,traffic_control_device_cond,hit_and_run,number_of_vehicles,latitude,longitude,location_status,access_control,agency_code,agency_report_number,agency_report_year,alignment_code,cause1_code,cause2_code,city_class,city_class_code,city_code,city_name,city_township_flag,class_of_trafficway,class_of_trafficway_code,county_code,crash_day,crash_id,crash_month,crash_report_county,crash_severity_cd,crash_yr_source,damaged_property1,damaged_property2,day_of_week_code,did_crash_occur_in_work_zone,did_involve_secondary_crash,flow_condition,icn,investigating_agency_descrip,light_condition_code,mile_station,nhs,non_intersection_direction,non_intersection_distance,non_intersection_units,number_of_lanes,objectid,railroad_crossing_number,road_alignment,road_defects,road_defects_code,road_surface_condition_code,roadway_functional_class,roadway_functional_class_code,route_number,sfe,toll,township,traffic_control_device_code,traffic_control_device_cond_code,trafficway_descrip,trafficway_description_code,ts_crash_coordinate_x,ts_crash_coordinate_y,ts_crash_latitude,ts_crash_longitude,type_report,urban_rural,weather_code,were_workers_present,work_zone,work_zone_related,work_zone_type
2020,2020-06-24,Wednesday,15,03:30 PM,Property Damage,No Injuries,0,0,0,0,0,2,Front to Rear,11,N,N,Failing to Reduce Speed to Avoid Crash,Following Too Closely,Daylight,Clear,Dry,N,,,,,No Controls,No Controls,Y,2,41.8650291,-87.8041262,ok,(UNK),1,2003181,2020,,28,3,50000 and OVER,9,4295,Oak Park,C,Urban Other Principal Arte,,16,24,10923572,6,Cook,0,20,,,3,N,No,Slow,202001157614,City,1,5.99,Y,,,,(UNK),107034,(N/A),(UNK),No Defects,1,1,Other Principal Arterial,3,347,X001940683,Not Toll,73,1,1,"Divided, No Median Barrier",2,2940107.33872616,1902196.92662655,41.86502129,-87.8041,,Urban,1,N,(N/A),Y,(N/A)
2020,2020-06-24,Wednesday,12,12:36 PM,Injury,B Injury Crash,1,0,0,1,0,1,Pedalcyclist,2,N,Y,Improper Turning/No Signal,Driving Skills/Knowledge/Experience,Daylight,Clear,Dry,Y,,,,,Traffic Signal,Functioning Properly,N,1,41.8850385,-87.7944158,ok,(UNK),1,2003172,2020,,6,15,50000 and OVER,9,4295,Oak Park,C,Urban Major Collector,,16,24,10923576,6,Cook,2,20,,,3,N,No,Free Flow,202001157618,City,1,0,N,,,,(UNK),107035,(N/A),(UNK),No Defects,1,1,Major Collector,5,,X001940687,Not Toll,73,3,4,Other,8,2942550.82656555,1909561.67930918,41.88503064,-87.7944,,Urban,1,N,(N/A),Y,(N/A)
2020,2020-06-24,Wednesday,16,04:20 PM,Property Damage,No Injuries,0,0,0,0,0,1,Parked Motor Vehicle,9,N,N,Improper Lane Usage,Equipment-Vehicle Condition,Daylight,Clear,Dry,N,,,,,No Controls,No Controls,N,4,41.8817756,-87.7814252,ok,(UNK),1,2003180,2020,,20,10,50000 and OVER,9,4295,Oak Park,C,Urban Major Collector,,16,24,10923577,6,Cook,0,20,,,3,N,Yes,Free Flow,202001157619,City,1,1.2,N,,,,(UNK),107036,(N/A),(UNK),No Defects,1,1,Major Collector,5,5,X001940688,Not Toll,73,1,1,Not Divided,1,2946121.46111032,1908470.74538351,41.88176779,-87.7814,,Urban,1,N,(N/A),Y,(N/A)
2020,2020-06-16,Tuesday,17,05:10 PM,Property Damage,No Injuries,0,0,0,0,0,3,Sideswipe Same Direction,12,N,N,Improper Lane Usage,Operating Vehicle In Reckless Manner,Daylight,Clear,Dry,N,,,,,Other,Functioning Properly,Y,3,41.8736429,-87.8030074,ok,Partial Access Control,3,03-20-06926,2020,,20,50,50000 and OVER,9,4295,Oak Park,C,Urban InterState,,16,16,10920716,6,Cook,0,20,,,2,N,No,(UNK),202001155128,ISP,1,21.65,Y,,,,(UNK),107061,(N/A),(UNK),No Defects,1,1,InterState,1,9290,X001938607,Not Toll,73,13,4,Divided With Median Barrier,3,2940325.60108666,1905344.34006841,41.87363509,-87.803,,Urban,1,N,(N/A),Y,(N/A)
2020,2020-06-20,Saturday,17,05:25 PM,Property Damage,No Injuries,0,0,0,0,0,2,Front to Rear,11,N,N,Failing to Reduce Speed to Avoid Crash,Following Too Closely,Daylight,Cloudy/Overcast,Wet,N,,,,,Other,Functioning Properly,N,2,41.8734396,-87.8020371,ok,Partial Access Control,3,03-20-07117,2020,,28,3,50000 and OVER,9,4295,Oak Park,C,Urban InterState,0,16,20,10923207,6,Cook,0,20,,,6,N,No,(UNK),202001157243,ISP,1,0.14,Y,,,,(UNK),107133,(N/A),(UNK),No Defects,1,2,InterState,1,290,X001940461,Not Toll,,13,4,Ramp,11,2940591.92109465,1905277.52087949,41.87343174,-87.802,,Urban,8,N,(N/A),Y,(N/A)
2020,2020-06-28,Sunday,17,05:33 PM,Property Damage,No Injuries,0,0,0,0,0,2,Front to Rear,11,N,N,Failing to Reduce Speed to Avoid Crash,Following Too Closely,Daylight,Clear,Dry,N,,,,,Other,Functioning Properly,N,2,41.8710644,-87.7744017,ok,Partial Access Control,3,03-20-07483,2020,,28,3,50000 and OVER,9,4295,Oak Park,C,Urban InterState,,16,28,10925820,6,Cook,0,20,,,7,N,No,(UNK),202001159883,ISP,1,0.21,Y,,,,(UNK),108515,(N/A),(UNK),No Defects,1,1,InterState,1,290,X001942990,Not Toll,73,13,4,Ramp,11,2948143.05992241,1904620.63902863,41.87105655,-87.7744,,Urban,1,N,(N/A),Y,(N/A)
2020,2020-06-14,Sunday,21,09:08 PM,Property Damage,No Injuries,0,0,0,0,0,3,Front to Rear,11,N,N,Failing to Reduce Speed to Avoid Crash,Unable to Determine,Darkness,Clear,Dry,Y,,,,,Traffic Signal,Functioning Properly,N,2,41.8763114,-87.7818615,ok,(UNK),1,2002945,2020,,28,18,50000 and OVER,9,4295,Oak Park,C,Urban Local Road or Street,,16,14,10926059,6,Cook,0,20,,,7,N,No,Free Flow,202001160259,City,4,0,N,,,,(UNK),109903,(N/A),(UNK),No Defects,1,1,Local Road or Street,7,,X001941690,Not Toll,73,3,4,Four Way,14,2946058.01820957,1906476.16566732,41.87630353,-87.7819,,Urban,1,N,(N/A),Y,(N/A)
2020,2020-06-26,Friday,23,11:38 PM,Property Damage,No Injuries,0,0,0,0,0,1,Fixed Object,6,N,N,Unable to Determine,Unable to Determine,Darkness / Lighted Road,Clear,Wet,N,,,,,Traffic Signal,Functioning Properly,Y,1,41.899744,-87.7850515,ok,(UNK),1,2003248,2020,,18,18,50000 and OVER,9,4295,Oak Park,C,Urban Major Collector,,16,26,10926061,6,Cook,0,20,TREE,,5,N,No,Free Flow,202001160260,City,5,0.15,N,,,,(UNK),109904,(N/A),(UNK),No Defects,1,2,Major Collector,5,2783,X001941812,Not Toll,73,3,4,Not Divided,1,2944952.06771584,1914991.32782261,41.89973617,-87.785,,Urban,1,N,(N/A),Y,(N/A)
2020,2020-06-26,Friday,17,05:51 PM,Property Damage,No Injuries,0,0,0,0,0,1,Parked Motor Vehicle,9,N,N,Failing to Reduce Speed to Avoid Crash,Distraction - From Inside Vehicle,Daylight,Cloudy/Overcast,Dry,N,,,,,No Controls,No Controls,N,2,41.8929628,-87.7848322,ok,(UNK),1,2003240,2020,,28,41,50000 and OVER,9,4295,Oak Park,C,Urban Major Collector,,16,26,10926064,6,Cook,0,20,,,5,N,No,Free Flow,202001160261,City,1,0.61,N,,,,(UNK),109905,(N/A),(UNK),No Defects,1,1,Major Collector,5,2783,X001941864,Not Toll,73,1,1,"Divided, No Median Barrier",2,2945080.420467,1912521.77677854,41.89295495,-87.7848,,Urban,8,N,(N/A),Y,(N/A)
2020,2020-06-26,Friday,15,03:10 PM,Property Damage,No Injuries,0,0,0,0,0,2,Sideswipe Same Direction,12,N,N,Failing to Yield Right of Way,Failing to Reduce Speed to Avoid Crash,Daylight,Rain,Wet,N,,,,,No Controls,No Controls,N,2,41.8816949,-87.7863141,ok,(UNK),1,2003239,2020,,2,28,50000 and OVER,9,4295,Oak Park,C,Urban Major Collector,,16,26,10926085,6,Cook,0,20,,,5,N,No,Slow,202001160274,City,1,0.94,N,,,,(UNK),109953,(N/A),(UNK),No Defects,1,2,Major Collector,5,5,X001941616,Not Toll,73,1,1,"Divided, No Median Barrier",2,2944790.8931976,1908404.33764133,41.88168705,-87.7863,,Urban,2,N,(N/A),Y,(N/A)
2020,2020-06-28,Sunday,12,12:59 PM,Property Damage,No Injuries,0,0,0,0,0,2,Angle,15,N,N,Failing to Reduce Speed to Avoid Crash,Unable to Determine,Daylight,Clear,Dry,N,,,,,Traffic Signal,Functioning Properly,Y,2,41.8947132,-87.7755229,ok,(UNK),1,2003282,2020,,28,18,50000 and OVER,9,4295,Oak Park,C,Urban Minor Arterial,,16,28,10927746,6,Cook,0,20,,,7,N,No,Slow,202001161522,City,1,4.11,N,,,,(UNK),110521,(N/A),(UNK),No Defects,1,1,Minor Arterial,4,1398,X001944163,Not Toll,73,3,4,"Divided, No Median Barrier",2,2947597.41145985,1913230.2000666,41.89470535,-87.7755,,Urban,1,N,(N/A),Y,(N/A)
2020,2020-06-28,Sunday,17,05:50 PM,Property Damage,No Injuries,0,0,0,0,0,2,Sideswipe Same Direction,12,N,N,Failing to Reduce Speed to Avoid Crash,Unable to Determine,Daylight,Clear,Dry,N,,,,,No Controls,No Controls,Y,2,41.8829049,-87.7796478,ok,(UNK),1,2003283,2020,,28,18,50000 and OVER,9,4295,Oak Park,C,Urban Local Road or Street,,16,28,10927747,6,Cook,0,20,,,7,N,No,Slow,202001161523,City,1,0.36,N,,,,(UNK),110522,(N/A),(UNK),No Defects,1,1,Local Road or Street,7,3794,X001944164,Not Toll,73,1,1,"Divided, No Median Barrier",2,2946594.05708798,1908895.71977083,41.882897,-87.7796,,Urban,1,N,(N/A),Y,(N/A)
2020,2020-06-29,Monday,05,05:47 AM,Property Damage,No Injuries,0,0,0,0,0,2,Turning,10,N,N,Failing to Yield Right of Way,Driving Skills/Knowledge/Experience,Daylight,Clear,Dry,Y,,,,,Stop Sign,Functioning Properly,N,2,41.8833634,-87.7894665,ok,(UNK),1,20MP01858,2020,,2,15,50000 and OVER,9,4295,Oak Park,C,Urban Minor Collector,,16,29,10930470,6,Cook,0,20,,,1,N,No,Free Flow,202001165663,City,1,0,N,,,,(UNK),112003,(N/A),(UNK),No Defects,1,1,Minor Collector,6,,X001947291,Not Toll,73,2,4,Not Divided,1,2943915.53603407,1908988.57735959,41.88335559,-87.7895,,Urban,1,N,(N/A),Y,(N/A)
2020,2020-07-02,Thursday,16,04:51 PM,Property Damage,No Injuries,0,0,0,0,0,4,Angle,15,N,N,Driving Skills/Knowledge/Experience,Failing to Reduce Speed to Avoid Crash,Daylight,Clear,Dry,N,,,,,No Controls,No Controls,N,2,41.8757719,-87.8045896,ok,(UNK),1,20-01751,2020,,15,28,50000 and OVER,9,4295,Oak Park,C,Urban Other Principal Arte,,16,2,10930240,7,Cook,0,20,,,4,N,No,Free Flow,202001165592,City,1,19.94,Y,,,,(UNK),112676,(N/A),(UNK),No Defects,1,1,Other Principal Arterial,3,348,X001946808,Not Toll,73,1,1,"Divided, No Median Barrier",2,2939873.31653161,1906108.30929859,41.87576407,-87.8046,,Urban,1,N,(N/A),Y,(N/A)
2020,2020-07-01,Wednesday,15,03:05 PM,Property Damage,No Injuries,0,0,0,0,0,3,Front to Rear,11,N,N,Failing to Reduce Speed to Avoid Crash,Following Too Closely,Daylight,Clear,Dry,N,,,,,Other,Functioning Properly,N,3,41.87123,-87.7743843,ok,Partial Access Control,3,03-20-07615,2020,,28,3,50000 and OVER,9,4295,Oak Park,C,Urban InterState,,16,1,10931536,7,Cook,0,20,,,3,N,No,(UNK),202001165309,ISP,1,23.09,Y,,,,(UNK),112919,(N/A),(UNK),No Defects,1,1,InterState,1,9290,X001948952,Not Toll,73,13,4,Divided With Median Barrier,3,2948146.09243803,1904681.1326962,41.87122219,-87.7744,,Urban,1,N,(N/A),Y,(N/A)
2020,2020-07-05,Sunday,11,11:27 AM,Property Damage,No Injuries,0,0,0,0,0,9,Sideswipe Same Direction,12,N,N,Improper Lane Usage,Failing to Reduce Speed to Avoid Crash,Daylight,Clear,Dry,N,,,,,Other,Functioning Properly,N,5,41.8724011,-87.7905677,ok,Partial Access Control,3,03-20-07819,2020,,20,28,50000 and OVER,9,4295,Oak Park,C,Urban InterState,,16,5,10931971,7,Cook,0,20,,,7,N,No,(UNK),202001166054,ISP,1,22.25,Y,,,,(UNK),113640,(N/A),(UNK),No Defects,1,1,InterState,1,9290,X001949422,Not Toll,73,13,4,Divided With Median Barrier,3,2943726.31320408,1904985.38645699,41.87239324,-87.7906,,Urban,1,N,(N/A),Y,(N/A)
2020,2020-07-07,Tuesday,15,03:05 PM,Property Damage,No Injuries,0,0,0,0,0,2,Front to Rear,11,N,N,Following Too Closely,Driving Skills/Knowledge/Experience,Daylight,Clear,Dry,N,,,,,No Controls,No Controls,N,2,41.8704892,-87.8043963,ok,(UNK),1,20-01815,2020,,3,15,50000 and OVER,9,4295,Oak Park,C,Urban Other Principal Arte,,16,7,10935309,7,Cook,0,20,,,2,N,No,Free Flow,202001167775,City,1,25.39,Y,,,,(UNK),113862,(N/A),(UNK),No Defects,1,1,Other Principal Arterial,3,5043,X001950812,Not Toll,73,1,1,"Divided, No Median Barrier",2,2939978.95731388,1904184.65376632,41.87048138,-87.8044,,Urban,1,N,(N/A),Y,(N/A)
2020,2020-06-29,Monday,14,02:31 PM,Property Damage,No Injuries,0,0,0,0,0,2,Turning,10,N,N,Failing to Yield Right of Way,Driving Skills/Knowledge/Experience,Daylight,Cloudy/Overcast,Dry,Y,,,,,Traffic Signal,Functioning Properly,N,2,41.8726277,-87.7842258,ok,(UNK),1,2003299,2020,,2,15,50000 and OVER,9,4295,Oak Park,C,Urban Major Collector,,16,29,10938031,6,Cook,0,20,,,1,N,No,Slow,202001170420,City,1,0,N,,,,(UNK),116501,(N/A),(UNK),No Defects,1,1,Major Collector,5,,X001945181,Not Toll,73,3,4,Not Divided,1,2945451.36409811,1905115.88359521,41.87261988,-87.7842,,Urban,8,N,(N/A),Y,(N/A)
2020,2020-06-30,Tuesday,16,04:16 PM,Injury,B Injury Crash,1,0,0,1,0,2,Front to Rear,11,N,N,Failing to Reduce Speed to Avoid Crash,Following Too Closely,Daylight,Clear,Dry,Y,,,,,Traffic Signal,Functioning Properly,N,2,41.8797577,-87.7954058,ok,(UNK),1,2003330,2020,,28,3,50000 and OVER,9,4295,Oak Park,C,Urban Minor Arterial,,16,30,10938053,6,Cook,2,20,,,2,N,No,Stopped,202001170429,City,1,0,N,,,,(UNK),116507,(N/A),(UNK),No Defects,1,1,Minor Arterial,4,,X001946033,Not Toll,73,3,4,Not Divided,1,2942334.43374251,1907629.81680281,41.87974988,-87.7954,,Urban,1,N,(N/A),Y,(N/A)
2020,2020-06-30,Tuesday,16,04:46 PM,Property Damage,No Injuries,0,0,0,0,0,2,Sideswipe Same Direction,12,N,N,Improper Overtaking/Passing,Improper Turning/No Signal,Daylight,Clear,Dry,Y,,,,,No Controls,No Controls,N,2,41.8917255,-87.7848059,ok,(UNK),1,2003332,2020,,4,6,50000 and OVER,9,4295,Oak Park,C,Urban Major Collector,,16,30,10938054,6,Cook,0,20,,,2,N,No,Stopped,202001170430,City,1,0,N,,,,(UNK),116508,(N/A),(UNK),No Defects,1,1,Major Collector,5,,X001946034,Not Toll,73,1,1,"Divided, No Median Barrier",2,2945100.08963244,1912071.08020199,41.89171765,-87.7848,,Urban,1,N,(N/A),Y,(N/A)
2020,2020-07-10,Friday,10,10:10 AM,Injury,C Injury Crash,1,0,0,0,1,3,Front to Rear,11,N,N,Failing to Reduce Speed to Avoid Crash,Following Too Closely,Daylight,Clear,Dry,Y,,,,,Traffic Signal,Functioning Properly,N,2,41.8869836,-87.7846457,ok,(UNK),1,2003612,2020,,28,3,50000 and OVER,9,4295,Oak Park,C,Urban Major Collector,,16,10,10940395,7,Cook,1,20,,,5,N,No,Slow,202001172550,City,1,0,N,,,,(UNK),116512,(N/A),(UNK),No Defects,1,1,Major Collector,5,,X001954397,Not Toll,73,3,4,Not Divided,1,2945191.71029925,1910344.2420506,41.88697572,-87.7846,,Urban,1,N,(N/A),Y,(N/A)
2020,2020-07-10,Friday,17,05:20 PM,Property Damage,No Injuries,0,0,0,0,0,2,Turning,10,N,N,Failing to Yield Right of Way,Failing to Reduce Speed to Avoid Crash,Daylight,Cloudy/Overcast,Dry,Y,,,,,Traffic Signal,Functioning Properly,N,2,41.8942278,-87.8052261,ok,(UNK),1,2003629,2020,,2,28,50000 and OVER,9,4295,Oak Park,C,Urban Other Principal Arte,,16,10,10940399,7,Cook,0,20,,,5,N,No,Free Flow,202001172552,City,1,27.03,Y,,,,(UNK),116513,(N/A),(UNK),No Defects,1,1,Other Principal Arterial,3,5043,X001954431,Not Toll,73,3,4,Two-way Continuous Left-Tur,4,2939514.78476652,1912829.21589326,41.89422,-87.8052,,Urban,8,N,(N/A),Y,(N/A)
2020,2020-07-10,Friday,21,09:38 PM,Injury,C Injury Crash,1,0,0,0,1,3,Angle,15,N,N,Failing to Yield Right of Way,Failing to Reduce Speed to Avoid Crash,Darkness,Clear,Dry,Y,,,,,Stop Sign,Functioning Properly,N,2,41.8816077,-87.7910531,ok,(UNK),1,2003632,2020,,2,28,50000 and OVER,9,4295,Oak Park,C,Urban Major Collector,,16,10,10940401,7,Cook,1,20,,,5,N,No,(UNK),202001172554,City,4,0,N,,,,(UNK),116514,(N/A),(UNK),No Defects,1,1,Major Collector,5,,X001954441,Not Toll,73,2,4,"Divided, No Median Barrier",2,2943501.16764692,1908336.76569979,41.88159981,-87.791,,Urban,1,N,(N/A),Y,(N/A)
2020,2020-06-30,Tuesday,08,08:48 AM,Property Damage,No Injuries,0,0,0,0,0,1,Parked Motor Vehicle,9,N,N,Improper Turning/No Signal,Unable to Determine,Daylight,Clear,Dry,N,,,,,No Controls,No Controls,N,2,41.8807136,-87.7926329,ok,(UNK),1,2003315,2020,,6,18,50000 and OVER,9,4295,Oak Park,C,Urban Local Road or Street,,16,30,10938055,6,Cook,0,20,,,2,N,No,Slow,202001170431,City,1,0.44,N,,,,(UNK),116549,(N/A),(UNK),No Defects,1,1,Local Road or Street,7,2673,X001946035,Not Toll,73,1,1,Not Divided,1,2943079.96237438,1907999.04186724,41.88070575,-87.7926,,Urban,1,N,(N/A),Y,(N/A)
2020,2020-06-30,Tuesday,17,05:29 PM,Injury,C Injury Crash,1,0,0,0,1,1,Front to Rear,11,N,N,Improper Lane Usage,Following Too Closely,Daylight,Clear,Dry,Y,,,,,Pedestrian Crossing,Functioning Properly,N,2,41.8946179,-87.7816325,ok,(UNK),1,2003333,2020,,20,3,50000 and OVER,9,4295,Oak Park,C,Urban Minor Arterial,,16,30,10938056,6,Cook,1,20,,,2,N,No,Free Flow,202001170432,City,1,0,N,,,,(UNK),116550,(N/A),(UNK),No Defects,1,1,Minor Arterial,4,,X001946036,Not Toll,73,17,4,"Divided, No Median Barrier",2,2945934.86448051,1913149.15345971,41.89461008,-87.7816,,Urban,1,N,(N/A),Y,(N/A)
2020,2020-06-30,Tuesday,21,09:55 PM,Injury,B Injury Crash,1,0,0,1,0,1,Front to Rear,11,N,N,Failing to Reduce Speed to Avoid Crash,(N/A),Darkness / Lighted Road,Clear,Dry,N,,,,,No Controls,No Controls,N,2,41.8799212,-87.7820661,ok,(UNK),1,2003336,2020,,28,99,50000 and OVER,9,4295,Oak Park,C,Urban Minor Arterial,,16,30,10938057,6,Cook,2,20,GRASS AREA NEAR CURB,,2,N,No,(UNK),202001170433,City,5,0,N,,,,(UNK),116551,(N/A),(UNK),No Defects,1,1,Minor Arterial,4,,X001946037,Not Toll,73,1,1,Not Divided,1,2945965.71058734,1907790.10354789,41.87991336,-87.7821,,Urban,1,N,(N/A),Y,(N/A)
2020,2020-06-30,Tuesday,11,11:41 AM,Property Damage,No Injuries,0,0,0,0,0,4,Turning,10,N,N,Failing to Yield Right of Way,Unable to Determine,Daylight,Cloudy/Overcast,Dry,Y,,,,,Stop Sign,Functioning Properly,N,2,41.8716878,-87.7902964,ok,(UNK),1,2003318,2020,,2,18,50000 and OVER,9,4295,Oak Park,C,Urban Local Road or Street,,16,30,10938062,6,Cook,0,20,,,2,N,No,Free Flow,202001170437,City,1,0,N,,,,(UNK),116553,(N/A),(UNK),No Defects,1,1,Local Road or Street,7,,X001947001,Not Toll,73,2,4,Not Divided,1,2943807.3969779,1904727.51207156,41.87167999,-87.7903,,Urban,8,N,(N/A),Y,(N/A)
2020,2020-07-02,Thursday,06,06:57 AM,Injury,C Injury Crash,3,0,0,0,3,1,Angle,15,N,N,Failing to Yield Right of Way,(N/A),Daylight,Clear,Dry,Y,,,,,Stop Sign,Functioning Properly,N,2,41.8999207,-87.783802,ok,(UNK),1,2003363,2020,,2,99,50000 and OVER,9,4295,Oak Park,C,Urban Local Road or Street,,16,2,10938068,7,Cook,1,20,,,4,N,Yes,Slow,202001170444,City,1,0,N,,,,(UNK),116555,(N/A),(UNK),No Defects,1,1,Local Road or Street,7,,X001947007,Not Toll,73,2,4,"Divided, No Median Barrier",2,2945290.45736737,1915065.16535779,41.89991285,-87.7838,,Urban,1,N,(N/A),Y,(N/A)
2020,2020-07-02,Thursday,13,01:11 PM,Property Damage,No Injuries,0,0,0,0,0,7,Turning,10,N,N,Failing to Yield Right of Way,Improper Turning/No Signal,Daylight,Clear,Dry,Y,,,,,No Controls,No Controls,N,2,41.8704893,-87.8043967,ok,(UNK),1,2003371,2020,,2,6,50000 and OVER,9,4295,Oak Park,C,Urban Other Principal Arte,,16,2,10938069,7,Cook,0,20,,,4,N,No,Free Flow,202001170445,City,1,25.39,Y,,,,(UNK),116610,(N/A),(UNK),No Defects,1,1,Other Principal Arterial,3,5043,X001947008,Not Toll,73,1,1,Not Divided,1,2939978.86564505,1904184.67418952,41.87048144,-87.8044,,Urban,1,N,(N/A),Y,(N/A)
2020,2020-07-02,Thursday,22,10:28 PM,Injury,B Injury Crash,2,0,0,1,1,0,Parked Motor Vehicle,9,N,N,Operating Vehicle In Reckless Manner,Driving On Wrong Side/Wrong Way,Darkness / Lighted Road,Clear,Dry,N,,,,,No Controls,No Controls,Y,5,41.8821027,-87.7759544,ok,(UNK),1,2003386,2020,,50,5,50000 and OVER,9,4295,Oak Park,C,Urban Major Collector,,16,2,10938087,7,Cook,2,20,,,4,N,No,(UNK),202001170459,City,5,1.48,N,,,,(UNK),116688,(N/A),(UNK),No Defects,1,1,Major Collector,5,5,X001947332,Not Toll,73,1,1,Not Divided,1,2947608.00769237,1908631.40575135,41.88209483,-87.7759,,Urban,1,N,(N/A),Y,(N/A)
2020,2020-06-29,Monday,15,03:02 PM,Property Damage,No Injuries,0,0,0,0,0,1,Parked Motor Vehicle,9,N,N,Failing to Yield Right of Way,Improper Backing,Daylight,Clear,Dry,N,,,,,No Controls,No Controls,N,2,41.8829813,-87.7796503,ok,(UNK),1,2003301,2020,,2,30,50000 and OVER,9,4295,Oak Park,C,Urban Local Road or Street,,16,29,10938091,6,Cook,0,20,,,1,N,No,Slow,202001170463,City,1,0.36,N,,,,(UNK),116692,(N/A),(UNK),No Defects,1,1,Local Road or Street,7,3794,X001945179,Not Toll,73,1,1,"Divided, No Median Barrier",2,2946592.60650983,1908923.56105258,41.88297346,-87.7796,,Urban,1,N,(N/A),Y,(N/A)
2020,2020-07-03,Friday,07,07:35 AM,Property Damage,No Injuries,0,0,0,0,0,2,Turning,10,N,N,Failing to Yield Right of Way,Failing to Reduce Speed to Avoid Crash,Daylight,Clear,Dry,Y,,,,,Stop Sign,Functioning Properly,N,2,41.8671372,-87.7840158,ok,(UNK),1,2003391,2020,,2,28,50000 and OVER,9,4295,Oak Park,C,Urban Major Collector,,16,3,10938108,7,Cook,0,20,,,5,N,No,Free Flow,202001170470,City,1,0,N,,,,(UNK),116736,(N/A),(UNK),No Defects,1,1,Major Collector,5,,X001947783,Not Toll,73,2,4,Not Divided,1,2945564.13217157,1903116.6076141,41.86712931,-87.784,,Urban,1,N,(N/A),Y,(N/A)
2020,2020-07-03,Friday,13,01:21 PM,Property Damage,No Injuries,0,0,0,0,0,1,Parked Motor Vehicle,9,N,N,Failing to Reduce Speed to Avoid Crash,Unable to Determine,Unknown,Clear,Dry,N,,,,,No Controls,No Controls,Y,2,41.879937,-87.7878331,ok,(UNK),1,2003398,2020,,28,18,50000 and OVER,9,4295,Oak Park,C,Urban Minor Arterial,,16,3,10938109,7,Cook,0,20,,,5,N,No,Free Flow,202001170471,City,9,0,N,,,,(UNK),116737,(N/A),(UNK),No Defects,1,1,Minor Arterial,4,,X001947784,Not Toll,73,1,1,Not Divided,1,2944394.9805008,1907752.24120969,41.87992913,-87.7878,,Urban,1,N,(N/A),Y,(N/A)
2020,2020-06-18,Thursday,11,11:00 AM,Property Damage,No Injuries,0,0,0,0,0,1,Parked Motor Vehicle,9,N,N,Failing to Yield Right of Way,Unable to Determine,Daylight,Clear,Dry,N,,,,,No Controls,No Controls,Y,2,41.8862089,-87.8040955,ok,(UNK),1,2003078,2020,,2,18,50000 and OVER,9,4295,Oak Park,C,Urban Local Road or Street,,16,18,10938190,6,Cook,0,20,,,4,N,No,Slow,202001170532,City,1,0.04,N,,,,(UNK),117194,(N/A),(UNK),No Defects,1,1,Local Road or Street,7,2718,X001950182,Not Toll,73,1,1,"Divided, No Median Barrier",2,2939903.12646429,1909915.45563774,41.88620109,-87.8041,,Urban,1,N,(N/A),Y,(N/A)
2020,2020-07-08,Wednesday,12,12:49 PM,Property Damage,No Injuries,0,0,0,0,0,3,Front to Rear,11,N,N,Failing to Reduce Speed to Avoid Crash,Unable to Determine,Daylight,Clear,Dry,N,,,,,No Controls,No Controls,N,3,41.9002021,-87.8054655,ok,(UNK),1,2003564,2020,,28,18,50000 and OVER,9,4295,Oak Park,C,Urban Other Principal Arte,,16,8,10940092,7,Cook,0,20,,,3,N,Yes,Slow,202001172294,City,1,18.25,Y,,,,(UNK),117265,(N/A),(UNK),No Defects,1,1,Other Principal Arterial,3,348,X001953320,Not Toll,73,1,1,Not Divided,1,2939389.63610104,1915004.53965937,41.90019422,-87.8055,,Urban,1,N,(N/A),Y,(N/A)
2020,2020-07-08,Wednesday,13,01:23 PM,Property Damage,No Injuries,0,0,0,0,0,2,Angle,15,N,N,Failing to Reduce Speed to Avoid Crash,Failing to Yield Right of Way,Daylight,Cloudy/Overcast,Dry,Y,,,,,Traffic Signal,Functioning Properly,N,2,41.879938,-87.7795378,ok,(UNK),1,2003566,2020,,28,2,50000 and OVER,9,4295,Oak Park,C,Urban Minor Arterial,,16,8,10940094,7,Cook,0,20,,,3,N,No,Slow,202001172296,City,1,0,N,,,,(UNK),117266,(N/A),(UNK),No Defects,1,1,Minor Arterial,4,,X001953323,Not Toll,73,3,4,Not Divided,1,2946654.11638283,1907815.39234447,41.87993019,-87.7795,,Urban,8,N,(N/A),Y,(N/A)
2020,2020-07-04,Saturday,15,03:58 PM,Property Damage,No Injuries,0,0,0,0,0,2,Angle,15,N,N,Failing to Yield Right of Way,Failing to Reduce Speed to Avoid Crash,Daylight,Clear,Dry,N,,,,,No Controls,No Controls,N,2,41.879395,-87.8047229,ok,(UNK),1,2003432,2020,,2,28,50000 and OVER,9,4295,Oak Park,C,Urban Other Principal Arte,,16,4,10938205,7,Cook,0,20,,,6,N,No,Slow,202001170546,City,1,19.7,Y,,,,(UNK),117280,(N/A),(UNK),No Defects,1,1,Other Principal Arterial,3,348,X001950184,Not Toll,73,1,1,"Divided, No Median Barrier",2,2939800.65131911,1907427.64210835,41.8793872,-87.8047,,Urban,1,N,(N/A),Y,(N/A)