crash_year,crash_date,day_of_week,crash_hour,time_of_crash,crash_severity,crash_injury_severity,total_injured,total_fatals,a_injuries,b_injuries,c_injuries,no_injuries,type_of_first_crash,collision_type_code,pedestrian_involved,pedalcyclist_involved,cause1,cause2,lighting_cond,weather_cond,road_surface_cond,intersection_related,is_intersection,highway_or_street_name,at_intersection_with,address_no,traffic_control_device,traffic_control_device_cond,hit_and_run,number_of_vehicles,latitude,longitude,location_status,access_control,agency_code,agency_report_number,agency_report_year,alignment_code,cause1_code,cause2_code,city_class,city_class_code,city_code,city_name,city_township_flag,class_of_trafficway,class_of_trafficway_code,county_code,crash_day,crash_id,crash_month,crash_report_county,crash_severity_cd,crash_yr_source,damaged_property1,damaged_property2,day_of_week_code,did_crash_occur_in_work_zone,did_involve_secondary_crash,flow_condition,icn,investigating_agency_descrip,light_condition_code,mile_station,nhs,non_intersection_direction,non_intersection_distance,non_intersection_units,number_of_lanes,objectid,railroad_crossing_number,road_alignment,road_defects,road_defects_code,road_surface_condition_code,roadway_functional_class,roadway_functional_class_code,route_number,sfe,toll,township,traffic_control_device_code,traffic_control_device_cond_code,trafficway_descrip,trafficway_description_code,ts_crash_coordinate_x,ts_crash_coordinate_y,ts_crash_latitude,ts_crash_longitude,type_report,urban_rural,weather_code,were_workers_present,work_zone,work_zone_related,work_zone_type
2020,2020-06-24,Wednesday,10,10:30 AM,Property Damage,No Injuries,0,0,0,0,0,2,Sideswipe Same Direction,12,N,N,Failing to Reduce Speed to Avoid Crash,Unable to Determine,Daylight,Unknown,Dry,N,,,,,No Controls,No Controls,N,2,41.8853473,-87.8049126,ok,(UNK),1,2003569,2020,,28,18,50000 and OVER,9,4295,Oak Park,C,Urban Other Principal Arte,,16,24,10940097,6,Cook,0,20,,,3,N,No,Free Flow,202001172299,City,1,19.28,Y,,,,(UNK),117321,(N/A),(UNK),No Defects,1,1,Other Principal Arterial,3,348,X001953326,Not Toll,73,1,1,Not Divided,1,2939689.26196643,1909595.34509292,41.88533949,-87.8049,,Urban,9,N,(N/A),Y,(N/A)
2020,2020-07-08,Wednesday,21,09:26 PM,Injury,B Injury Crash,1,0,0,1,0,0,Parked Motor Vehicle,9,N,N,Cell Phone Use Other Than Texting,Failing to Reduce Speed to Avoid Crash,Darkness / Lighted Road,Clear,Dry,N,,,,,No Controls,No Controls,N,2,41.8946025,-87.7824662,ok,(UNK),1,2003584,2020,,45,28,50000 and OVER,9,4295,Oak Park,C,Urban Minor Arterial,,16,8,10940098,7,Cook,2,20,,,3,N,No,(UNK),202001172301,City,5,3.75,N,,,,(UNK),117322,(N/A),(UNK),No Defects,1,1,Minor Arterial,4,1398,X001953327,Not Toll,73,1,1,Not Divided,1,2945708.01219347,1913137.20660286,41.89459462,-87.7825,,Urban,1,N,(N/A),Y,(N/A)
2020,2020-07-09,Thursday,10,10:52 AM,Property Damage,No Injuries,0,0,0,0,0,2,Front to Rear,11,N,N,Following Too Closely,(N/A),Daylight,Clear,Dry,N,,,,,No Controls,No Controls,N,2,41.8690392,-87.7794193,ok,(UNK),1,2003587,2020,,3,99,50000 and OVER,9,4295,Oak Park,C,Urban Local Road or Street,,16,9,10940099,7,Cook,0,20,,,4,N,No,Slow,202001172302,City,1,1.2,N,,,,(UNK),117323,(N/A),(UNK),No Defects,1,1,Local Road or Street,7,4090,X001953328,Not Toll,73,1,1,"Divided, No Median Barrier",2,2946796.90069078,1903844.56560772,41.86903139,-87.7794,,Urban,1,N,(N/A),Y,(N/A)
2020,2020-07-08,Wednesday,12,12:53 PM,Property Damage,No Injuries,0,0,0,0,0,2,Front to Rear,11,N,N,Failing to Reduce Speed to Avoid Crash,Unable to Determine,Daylight,Clear,Dry,N,,,,,No Controls,No Controls,Y,2,41.8886778,-87.7989873,ok,(UNK),1,2003565,2020,,28,18,50000 and OVER,9,4295,Oak Park,C,Urban Major Collector,,16,8,10940139,7,Cook,0,20,,,3,N,No,Slow,202001172318,City,1,0.08,N,,,,(UNK),117339,(N/A),(UNK),No Defects,1,1,Major Collector,5,1405,X001953796,Not Toll,73,1,1,Not Divided,1,2941269.32147827,1910853.53113709,41.88867,-87.799,,Urban,1,N,(N/A),Y,(N/A)
2020,2020-07-04,Saturday,21,09:13 PM,Property Damage,No Injuries,0,0,0,0,0,4,Angle,15,N,N,Failing to Yield Right of Way,Failing to Reduce Speed to Avoid Crash,Darkness / Lighted Road,Clear,Dry,Y,,,,,Stop Sign,Functioning Properly,N,2,41.8814078,-87.8039067,ok,(UNK),1,2003459,2020,,2,28,50000 and OVER,9,4295,Oak Park,C,Urban Major Collector,,16,4,10938206,7,Cook,0,20,,,6,N,No,Slow,202001170547,City,5,0,N,,,,(UNK),117362,(N/A),(UNK),No Defects,1,1,Major Collector,5,,X001950185,Not Toll,73,2,4,"Divided, No Median Barrier",2,2940002.73284914,1908167.25812083,41.88139998,-87.8039,,Urban,1,N,(N/A),Y,(N/A)
2020,2020-07-05,Sunday,02,02:49 AM,Property Damage,No Injuries,0,0,0,0,0,1,Front to Rear,11,N,N,Improper Lane Usage,Unable to Determine,Darkness,Clear,Dry,N,,,,,No Controls,No Controls,Y,2,41.8842171,-87.7894853,ok,(UNK),1,2003480,2020,,20,18,50000 and OVER,9,4295,Oak Park,C,Urban Minor Collector,,16,5,10938212,7,Cook,0,20,,,7,N,No,(UNK),202001170552,City,4,0.31,N,,,,(UNK),117365,(N/A),(UNK),No Defects,1,1,Minor Collector,6,2779,X001950190,Not Toll,73,1,1,Not Divided,1,2943901.79856991,1909299.54142155,41.8842093,-87.7895,,Urban,1,N,(N/A),Y,(N/A)
2020,2020-07-09,Thursday,14,02:49 PM,Property Damage,No Injuries,0,0,0,0,0,2,Turning,10,N,N,Improper Turning/No Signal,Failing to Reduce Speed to Avoid Crash,Daylight,Clear,Dry,Y,,,,,No Controls,No Controls,Y,2,41.8796637,-87.8006955,ok,(UNK),1,2003597,2020,,6,28,50000 and OVER,9,4295,Oak Park,C,Urban Minor Arterial,,16,9,10940153,7,Cook,0,20,,,4,N,No,Slow,202001172325,City,1,3.28,N,,,,(UNK),117383,(N/A),(UNK),No Defects,1,1,Minor Arterial,4,1419,X001954275,Not Toll,73,1,1,"Divided, No Median Barrier",2,2940894.77511548,1907555.78669059,41.87965589,-87.8007,,Urban,1,N,(N/A),Y,(N/A)
2020,2020-07-09,Thursday,17,05:26 PM,Property Damage,No Injuries,0,0,0,0,0,1,Parked Motor Vehicle,9,N,N,Disregarding Stop Sign,Failing to Reduce Speed to Avoid Crash,Daylight,Clear,Dry,Y,,,,,Stop Sign,Functioning Properly,N,2,41.9001627,-87.7765257,ok,(UNK),1,2003599,2020,,23,28,50000 and OVER,9,4295,Oak Park,C,Urban Local Road or Street,,16,9,10940154,7,Cook,0,20,,,4,N,No,Free Flow,202001172326,City,1,0,N,,,,(UNK),117384,(N/A),(UNK),No Defects,1,1,Local Road or Street,7,,X001954276,Not Toll,73,2,4,"Divided, No Median Barrier",2,2947269.01384208,1915208.4870834,41.90015484,-87.7765,,Urban,1,N,(N/A),Y,(N/A)
2020,2020-07-06,Monday,10,10:57 AM,Property Damage,No Injuries,0,0,0,0,0,7,Turning,10,N,N,Failing to Yield Right of Way,(N/A),Daylight,Clear,Dry,Y,,,,,No Controls,No Controls,N,2,41.8781716,-87.8046654,ok,(UNK),1,2003514,2020,,2,99,50000 and OVER,9,4295,Oak Park,C,Urban Other Principal Arte,,16,6,10938418,7,Cook,0,20,,,1,N,No,Free Flow,202001170720,City,1,25.92,Y,,,,(UNK),118164,(N/A),(UNK),No Defects,1,1,Other Principal Arterial,3,5043,X001951315,Not Toll,73,1,1,"Divided, No Median Barrier",2,2939828.59669102,1906982.24277497,41.87816379,-87.8047,,Urban,1,N,(N/A),Y,(N/A)
2020,2020-07-06,Monday,10,10:59 AM,Property Damage,No Injuries,0,0,0,0,0,2,Angle,15,N,N,Failing to Reduce Speed to Avoid Crash,(N/A),Daylight,Clear,Dry,Y,,,,,Stop Sign,Functioning Improperly,N,2,41.8946279,-87.7799855,ok,(UNK),1,2003513,2020,,28,99,50000 and OVER,9,4295,Oak Park,C,Urban Minor Arterial,,16,6,10938419,7,Cook,0,20,,,1,N,No,Free Flow,202001170721,City,1,0,N,,,,(UNK),118165,(N/A),(UNK),No Defects,1,1,Minor Arterial,4,,X001951316,Not Toll,73,2,3,"Divided, No Median Barrier",2,2946383.21288171,1913165.24829386,41.89462001,-87.78,,Urban,1,N,(N/A),Y,(N/A)
2020,2020-07-12,Sunday,22,10:10 PM,Injury,B Injury Crash,1,0,0,1,0,1,Front to Rear,11,N,N,Following Too Closely,Unable to Determine,Darkness / Lighted Road,Clear,Dry,Y,,,,,Traffic Signal,Functioning Properly,N,2,41.8740569,-87.8045357,ok,Partial Access Control,1,20-01873,2020,,3,18,50000 and OVER,9,4295,Oak Park,C,Urban InterState,,16,12,10941527,7,Cook,2,20,,,7,N,No,Slow,202001173611,City,5,20.06,Y,,,,(UNK),118436,(N/A),(UNK),No Defects,1,1,InterState,1,348,X001955614,Not Toll,73,3,4,"Divided, No Median Barrier",2,2939905.20415426,1905483.74024541,41.87404908,-87.8045,,Urban,1,N,(N/A),Y,(N/A)
2020,2020-07-12,Sunday,02,02:29 AM,Injury,B Injury Crash,1,0,0,1,0,1,Turning,10,N,N,Disregarding Traffic Signals,Failing to Reduce Speed to Avoid Crash,Darkness / Lighted Road,Clear,Dry,Y,,,,,Traffic Signal,Functioning Properly,Y,2,41.8942279,-87.8052289,ok,(UNK),1,2000631,2020,,25,28,50000 and OVER,9,4295,Oak Park,C,Urban Other Principal Arte,,16,12,10942265,7,Cook,2,20,,,7,N,No,Slow,202001174318,City,5,27.03,Y,,,,(UNK),118878,(N/A),(UNK),No Defects,1,1,Other Principal Arterial,3,5043,X001956196,Not Toll,73,3,4,"Divided, No Median Barrier",2,2939514.01908701,1912829.20107628,41.89422002,-87.8052,,Urban,1,N,(N/A),Y,(N/A)
2020,2020-07-01,Wednesday,18,06:35 PM,Property Damage,No Injuries,0,0,0,0,0,2,Sideswipe Same Direction,12,N,N,Improper Lane Usage,Driving Skills/Knowledge/Experience,Daylight,Clear,Dry,N,,,,,Other,Functioning Properly,N,2,41.8737525,-87.804175,ok,Partial Access Control,3,03-20-07832,2020,,20,15,50000 and OVER,9,4295,Oak Park,C,Urban InterState,,16,1,10941933,7,Cook,0,20,,,3,N,No,(UNK),202001174016,ISP,1,21.6,Y,,,,(UNK),119423,(N/A),(UNK),No Defects,1,1,InterState,1,9290,X001956015,Not Toll,73,13,4,Divided With Median Barrier,3,2940006.5,1905375.5,41.87374463,-87.8042,,Urban,1,N,(N/A),Y,(N/A)
2020,2020-06-13,Saturday,21,09:53 PM,Property Damage,No Injuries,0,0,0,0,0,2,Turning,10,N,N,Improper Lane Usage,Failing to Yield Right of Way,Darkness / Lighted Road,Clear,Dry,Y,,,,,No Controls,No Controls,N,2,41.8650659,-87.801562,ok,(UNK),1,20-04297,2020,,20,2,50000 and OVER,9,4295,Oak Park,C,Urban Other Principal Arte,,16,13,10943645,6,Cook,0,20,,,6,N,No,Free Flow,202001175612,City,5,0,Y,,,,(UNK),119460,(N/A),(UNK),No Defects,1,1,Other Principal Arterial,3,,X001957636,Not Toll,73,1,1,Four Way,14,2940805.4457777,1902229.56240454,41.86505804,-87.8016,,Urban,1,N,(N/A),Y,(N/A)
2020,2020-07-04,Saturday,14,02:15 PM,Property Damage,No Injuries,0,0,0,0,0,3,Sideswipe Same Direction,12,N,N,Following Too Closely,Improper Lane Usage,Daylight,Clear,Dry,N,,,,,Delineators,Functioning Properly,N,2,41.8724058,-87.7902925,ok,Partial Access Control,3,03-20-07758,2020,,3,20,50000 and OVER,9,4295,Oak Park,C,Urban InterState,,16,4,10941945,7,Cook,0,20,,,6,N,No,(UNK),202001174027,ISP,1,22.27,Y,,,,(UNK),119479,(N/A),(UNK),No Defects,1,1,InterState,1,9290,X001956027,Not Toll,73,14,4,Divided With Median Barrier,3,2943801.19616909,1904989.1677675,41.87239792,-87.7903,,Urban,1,N,(N/A),Y,(N/A)
2020,2020-07-04,Saturday,14,02:00 PM,Property Damage,No Injuries,0,0,0,0,0,2,Front to Rear,11,N,N,Following Too Closely,Failing to Reduce Speed to Avoid Crash,Daylight,Clear,Dry,N,,,,,Delineators,Functioning Properly,N,2,41.8737547,-87.8042795,ok,Partial Access Control,3,03-20-07762,2020,,3,28,50000 and OVER,9,4295,Oak Park,C,Urban InterState,,16,4,10941946,7,Cook,0,20,,,6,N,No,(UNK),202001174028,ISP,1,21.59,Y,,,,(UNK),119480,(N/A),(UNK),No Defects,1,1,InterState,1,9290,X001956028,Not Toll,73,14,4,Divided With Median Barrier,3,2939978.02311757,1905375.5343461,41.87374688,-87.8043,,Urban,1,N,(N/A),Y,(N/A)
2020,2020-07-14,Tuesday,06,06:39 AM,Property Damage,No Injuries,0,0,0,0,0,2,Angle,15,N,N,Failing to Yield Right of Way,Failing to Yield Right of Way,Daylight,Clear,Dry,Y,,,,,Stop Sign,Functioning Properly,N,2,41.8704894,-87.8043974,ok,(UNK),1,20-1906,2020,,2,2,50000 and OVER,9,4295,Oak Park,C,Urban Other Principal Arte,,16,14,10943683,7,Cook,0,20,,,2,N,No,Free Flow,202001175651,City,1,25.39,Y,,,,(UNK),119676,(N/A),(UNK),No Defects,1,1,Other Principal Arterial,3,5043,X001957674,Not Toll,73,2,4,Not Divided,1,2939978.67582818,1904184.71647945,41.87048157,-87.8044,,Urban,1,N,(N/A),Y,(N/A)
2020,2020-07-11,Saturday,06,06:31 AM,Injury,B Injury Crash,1,0,0,1,0,0,Fixed Object,6,N,N,Improper Lane Usage,(N/A),Daylight,Clear,Dry,N,,,,,Other Regualtory Sig,Functioning Properly,N,1,41.8736172,-87.802711,ok,Partial Access Control,3,03-20-08077,2020,,20,99,50000 and OVER,9,4295,Oak Park,C,Urban InterState,,16,11,10944875,7,Cook,2,20,,,6,N,No,(UNK),202001175993,ISP,1,21.67,Y,,,,(UNK),119874,(N/A),(UNK),No Defects,1,1,InterState,1,9290,X001958011,Not Toll,73,10,4,Divided With Median Barrier,3,2940406.60450835,1905337.18580618,41.87360935,-87.8027,,Urban,1,N,(N/A),Y,(N/A)
2020,2020-07-12,Sunday,02,02:30 AM,Property Damage,No Injuries,0,0,0,0,0,2,Front to Rear,11,N,N,Operating Vehicle In Reckless Manner,Unable to Determine,Darkness / Lighted Road,Unknown,Unknown,N,,,,,No Controls,No Controls,Y,2,41.9055609,-87.8056765,ok,(UNK),1,2000635,2020,,50,18,50000 and OVER,9,4295,Oak Park,C,Urban Other Principal Arte,,16,12,10943774,7,Cook,0,20,,,7,N,No,Free Flow,202001175735,City,5,17.88,Y,,,,(UNK),120110,(N/A),(UNK),Unknown,99,9,Other Principal Arterial,3,348,X001957002,Not Toll,73,1,1,"Divided, No Median Barrier",2,2939278.44055091,1916955.82274904,41.90555306,-87.8057,,Urban,9,N,(N/A),N,(N/A)
2020,2020-07-08,Wednesday,19,07:10 PM,Property Damage,No Injuries,0,0,0,0,0,3,Front to Rear,11,N,N,Failing to Reduce Speed to Avoid Crash,Following Too Closely,Daylight,Clear,Dry,N,,,,,Other Warning Sign,Functioning Properly,N,3,41.7857292,-87.6316275,outside_oak_park,Partial Access Control,3,03-20-07977,2020,,28,3,50000 and OVER,9,4295,Oak Park,C,Urban InterState,0,16,8,10942105,7,Cook,0,20,,,3,N,No,(UNK),202001174173,ISP,1,33.03,Y,,,,(UNK),120273,(N/A),(UNK),No Defects,1,1,InterState,1,94,X001956171,Not Toll,,11,4,"Divided, No Median Barrier",2,2987949.99304265,1874639.53972123,41.78572136,-87.6316,,Urban,1,N,(N/A),Y,(N/A)
2020,2020-07-13,Monday,23,11:00 PM,Property Damage,No Injuries,0,0,0,0,0,2,Sideswipe Opposite Direction,13,N,N,Under Influence of Alcohol/Drugs,Improper Lane Usage,Darkness / Lighted Road,Clear,Dry,N,,,,,No Controls,Unknown,N,4,41.8946147,-87.7818146,ok,(UNK),1,2003700,2020,,8,20,50000 and OVER,9,4295,Oak Park,C,Urban Minor Arterial,,16,13,10944966,7,Cook,0,20,,,1,N,No,Free Flow,202001176051,City,5,3.78,N,,,,(UNK),120375,(N/A),(UNK),No Defects,1,1,Minor Arterial,4,1398,X001957964,Not Toll,73,1,9,"Divided, No Median Barrier",2,2945885.31157011,1913146.59199231,41.89460684,-87.7818,,Urban,1,N,(N/A),Y,(N/A)
2020,2020-07-11,Saturday,16,04:25 PM,Property Damage,No Injuries,0,0,0,0,0,1,Fixed Object,6,N,N,Failing to Reduce Speed to Avoid Crash,Unable to Determine,Daylight,Clear,Dry,N,,,,,No Controls,No Controls,N,1,41.8906181,-87.8003788,ok,(UNK),1,2003658,2020,,28,18,50000 and OVER,9,4295,Oak Park,C,Urban Local Road or Street,,16,11,10944967,7,Cook,0,20,TREE,,6,N,No,Free Flow,202001176052,City,1,0.46,N,,,,(UNK),120376,(N/A),(UNK),No Defects,1,1,Local Road or Street,7,1405,X001957965,Not Toll,73,1,1,Divided With Median Barrier,3,2940870.90413944,1911550.12980062,41.89061023,-87.8004,,Urban,1,N,(N/A),Y,(N/A)
2020,2020-07-12,Sunday,15,03:40 PM,Property Damage,No Injuries,0,0,0,0,0,2,Angle,15,N,N,Failing to Yield Right of Way,Failing to Reduce Speed to Avoid Crash,Daylight,Clear,Dry,Y,,,,,No Controls,No Controls,N,3,41.8744487,-87.7842755,ok,(UNK),1,2003669,2020,,2,28,50000 and OVER,9,4295,Oak Park,C,Urban Major Collector,,16,12,10944968,7,Cook,0,20,,,7,N,No,Free Flow,202001176053,City,1,0,N,,,,(UNK),120377,(N/A),(UNK),No Defects,1,1,Major Collector,5,,X001957966,Not Toll,73,1,1,Not Divided,1,2945419.38313711,1905779.10711925,41.87444087,-87.7843,,Urban,1,N,(N/A),Y,(N/A)
2020,2020-07-12,Sunday,19,07:22 PM,Injury,C Injury Crash,4,0,0,0,4,2,Turning,10,N,N,Failing to Yield Right of Way,(N/A),Daylight,Clear,Dry,Y,,,,,Traffic Signal,Functioning Properly,N,2,41.9091646,-87.7833529,ok,(UNK),1,2003675,2020,,2,99,50000 and OVER,9,4295,Oak Park,C,Urban Other Principal Arte,,16,12,10944969,7,Cook,1,20,,,7,N,No,Free Flow,202001176054,City,1,130.32,Y,,,,(UNK),120378,(N/A),(UNK),No Defects,1,1,Other Principal Arterial,3,5064,X001957967,Not Toll,73,3,4,Four Way,14,2945319.09226535,1918437.22349521,41.90915675,-87.7833,,Urban,1,N,(N/A),Y,(N/A)
2020,2020-07-14,Tuesday,16,04:59 PM,Property Damage,No Injuries,0,0,0,0,0,2,Turning,10,N,N,Failing to Yield Right of Way,Driving Skills/Knowledge/Experience,Daylight,Clear,Dry,Y,,,,,Traffic Signal,Functioning Properly,N,2,41.9091646,-87.7833533,ok,(UNK),1,2003714,2020,,2,15,50000 and OVER,9,4295,Oak Park,C,Urban Other Principal Arte,,16,14,10946107,7,Cook,0,20,,,2,N,No,Free Flow,202001177113,City,1,130.32,Y,,,,(UNK),121014,(N/A),(UNK),No Defects,1,1,Other Principal Arterial,3,5064,X001959020,Not Toll,73,3,4,Not Divided,1,2945318.98038592,1918437.21963101,41.90915674,-87.7833,,Urban,1,N,(N/A),Y,(N/A)
2020,2020-07-14,Tuesday,15,03:52 PM,Property Damage,No Injuries,0,0,0,0,0,1,Parked Motor Vehicle,9,N,N,Failing to Yield Right of Way,Failing to Reduce Speed to Avoid Crash,Daylight,Clear,Dry,N,,,,,No Controls,No Controls,N,2,41.8796733,-87.8001291,ok,(UNK),1,2003713,2020,,2,28,50000 and OVER,9,4295,Oak Park,C,Urban Minor Arterial,,16,14,10946110,7,Cook,0,20,,,2,N,No,Slow,202001177116,City,1,3.31,N,,,,(UNK),121016,(N/A),(UNK),No Defects,1,1,Minor Arterial,4,1419,X001959023,Not Toll,73,1,1,"Divided, No Median Barrier",2,2941048.94405649,1907563.52956287,41.87966546,-87.8001,,Urban,1,N,(N/A),Y,(N/A)
2020,2020-07-14,Tuesday,18,06:11 PM,Injury,B Injury Crash,1,0,0,1,0,1,Angle,15,N,N,Failing to Yield Right of Way,Failing to Reduce Speed to Avoid Crash,Daylight,Clear,Dry,N,,,,,No Controls,No Controls,N,2,41.9091652,-87.7832427,ok,(UNK),1,2003718,2020,,2,28,50000 and OVER,9,4295,Oak Park,C,Urban Other Principal Arte,,16,14,10946112,7,Cook,2,20,,,2,N,No,Free Flow,202001177118,City,1,7.08,Y,,,,(UNK),121072,(N/A),(UNK),No Defects,1,1,Other Principal Arterial,3,307,X001959025,Not Toll,73,1,1,Divided With Median Barrier,3,2945349.08363067,1918438.25936686,41.9091573,-87.7832,,Urban,1,N,(N/A),Y,(N/A)
2020,2020-07-02,Thursday,14,02:00 PM,Property Damage,No Injuries,0,0,0,0,0,2,Front to Rear,11,N,N,Following Too Closely,Failing to Reduce Speed to Avoid Crash,Daylight,Clear,Dry,N,,,,,Other Regualtory Sig,Functioning Properly,Y,2,41.8711109,-87.8585391,outside_oak_park,Partial Access Control,3,03-20-07664,2020,,3,28,50000 and OVER,9,4295,Oak Park,C,Urban InterState,0,16,2,10946715,7,Cook,0,20,,,4,N,No,(UNK),202001177623,ISP,1,4.91,Y,,,,(UNK),121861,(N/A),(UNK),No Defects,1,1,InterState,1,290,X001959590,Not Toll,,10,4,Divided With Median Barrier,3,2925225.52365081,1904009.79807337,41.87110304,-87.8585,,Urban,1,N,(N/A),Y,(N/A)
2020,2020-07-12,Sunday,18,06:21 PM,Property Damage,No Injuries,0,0,0,0,0,2,Angle,15,N,N,Failing to Yield Right of Way,Failing to Reduce Speed to Avoid Crash,Daylight,Clear,Dry,N,,,,,No Controls,No Controls,N,2,41.8869509,-87.7879194,ok,(UNK),1,2003674,2020,,2,28,50000 and OVER,9,4295,Oak Park,C,Urban Local Road or Street,,16,12,10947364,7,Cook,0,20,,,7,N,No,Free Flow,202001178249,City,1,0,N,,,,(UNK),122149,(N/A),(UNK),No Defects,1,1,Local Road or Street,7,,X001960168,Not Toll,73,1,1,Not Divided,1,2944300.57854557,1910307.60729278,41.88694309,-87.7879,,Urban,1,N,(N/A),Y,(N/A)
2020,2020-07-05,Sunday,08,08:15 AM,Property Damage,No Injuries,0,0,0,0,0,2,Sideswipe Same Direction,12,N,N,Improper Lane Usage,Failing to Reduce Speed to Avoid Crash,Daylight,Clear,Dry,N,,,,,Traffic Signal,Functioning Properly,Y,2,41.8734057,-87.8016953,ok,Partial Access Control,3,03-20-07862,2020,,20,28,50000 and OVER,9,4295,Oak Park,C,Urban InterState,0,16,5,10947820,7,Cook,0,20,,,7,N,No,(UNK),202001178703,ISP,1,0.13,Y,,,,(UNK),122327,(N/A),(UNK),No Defects,1,1,InterState,1,290,X001960636,Not Toll,,3,4,Ramp,11,2940685.35865287,1905267.72994864,41.87339783,-87.8017,,Urban,1,N,(N/A),Y,(N/A)
2020,2020-07-11,Saturday,11,11:13 AM,Property Damage,No Injuries,0,0,0,0,0,5,Sideswipe Same Direction,12,N,N,Improper Overtaking/Passing,Equipment-Vehicle Condition,Darkness / Lighted Road,Clear,Dry,N,,,,,No Controls,No Controls,Y,3,41.8735666,-87.8022017,ok,Partial Access Control,3,03-20-08116,2020,,4,10,50000 and OVER,9,4295,Oak Park,C,Urban InterState,,16,11,10947827,7,Cook,0,20,,,6,N,No,(UNK),202001178710,ISP,5,21.69,Y,,,,(UNK),122339,(N/A),(UNK),No Defects,1,1,InterState,1,9290,X001960643,Not Toll,73,1,1,Divided With Median Barrier,3,2940545.80895676,1905322.58624748,41.8735588,-87.8022,,Urban,1,N,(N/A),Y,(N/A)
2020,2020-07-10,Friday,12,12:55 PM,Property Damage,No Injuries,0,0,0,0,0,3,Front to Rear,11,N,N,Following Too Closely,Failing to Reduce Speed to Avoid Crash,Daylight,Clear,Dry,N,,,,,Delineators,Functioning Properly,Y,3,41.8712979,-87.7754713,ok,Partial Access Control,3,03-20-08040,2020,,3,28,50000 and OVER,9,4295,Oak Park,C,Urban InterState,,16,10,10948780,7,Cook,0,20,,,5,N,No,(UNK),202001179635,ISP,1,23.03,Y,,,,(UNK),122657,(N/A),(UNK),No Defects,1,1,InterState,1,9290,X001961586,Not Toll,73,14,4,Divided With Median Barrier,3,2947849.34544253,1904697.61162484,41.87129006,-87.7755,,Urban,1,N,(N/A),Y,(N/A)
2020,2020-07-17,Friday,17,05:51 PM,Property Damage,No Injuries,0,0,0,0,0,3,Sideswipe Same Direction,12,N,N,Evasive Action Due to Animal / Object / Non-Motorist,Unable to Determine,Daylight,Clear,Dry,N,,,,,No Controls,No Controls,N,2,41.8862725,-87.8049378,ok,(UNK),1,20-01942,2020,,32,18,50000 and OVER,9,4295,Oak Park,C,Urban Other Principal Arte,,16,17,10947893,7,Cook,0,20,,,5,N,No,Free Flow,202001178771,City,1,19.22,Y,,,,(UNK),122665,(N/A),(UNK),No Defects,1,1,Other Principal Arterial,3,348,X001960706,Not Toll,73,1,1,"Divided, No Median Barrier",2,2939673.12569095,1909932.28502783,41.88626461,-87.8049,,Urban,1,N,(N/A),Y,(N/A)
2020,2020-07-07,Tuesday,19,07:34 PM,Property Damage,No Injuries,0,0,0,0,0,3,Front to Rear,11,N,N,Following Too Closely,Failing to Reduce Speed to Avoid Crash,Dusk,Clear,Dry,N,,,,,No Controls,No Controls,Y,2,41.8732694,-87.7994657,ok,Partial Access Control,3,03-20-07935,2020,,3,28,50000 and OVER,9,4295,Oak Park,C,Urban InterState,,16,7,10949140,7,Cook,0,20,,,2,N,No,(UNK),202001179984,ISP,3,21.82,Y,,,,(UNK),123351,(N/A),(UNK),No Defects,1,1,InterState,1,9290,X001961952,Not Toll,73,1,1,Divided With Median Barrier,3,2941294.01725539,1905234.81846555,41.87326156,-87.7995,,Urban,1,N,(N/A),Y,(N/A)
2020,2020-07-07,Tuesday,19,07:32 PM,Property Damage,No Injuries,0,0,0,0,0,2,Sideswipe Same Direction,12,N,N,Failing to Reduce Speed to Avoid Crash,Improper Lane Usage,Daylight,Clear,Dry,N,,,,,Other,Functioning Properly,Y,2,41.8726364,-87.7939989,ok,Partial Access Control,3,03-20-07936,2020,,28,20,50000 and OVER,9,4295,Oak Park,C,Urban InterState,,16,7,10949166,7,Cook,0,20,,,2,N,No,(UNK),202001180110,ISP,1,22.07,Y,,,,(UNK),123529,(N/A),(UNK),No Defects,1,1,InterState,1,9290,X001961977,Not Toll,73,13,4,Divided With Median Barrier,3,2942789.36325633,1905045.2561998,41.87262851,-87.794,,Urban,1,N,(N/A),Y,(N/A)
2020,2020-07-14,Tuesday,14,02:05 PM,Property Damage,No Injuries,0,0,0,0,0,2,Angle,15,N,N,Failing to Yield Right of Way,(N/A),Daylight,Clear,Dry,N,,,,,Stop Sign,Functioning Properly,N,2,41.8885679,-87.8050249,ok,(UNK),1,2000645,2020,,2,99,50000 and OVER,9,4295,Oak Park,C,Urban Other Principal Arte,,16,14,10947242,7,Cook,0,20,,,2,N,No,Slow,202001178131,City,1,26.64,Y,,,,(UNK),123605,(N/A),(UNK),No Defects,1,1,Other Principal Arterial,3,5043,X001960000,Not Toll,73,2,4,Not Divided,1,2939626.36313158,1910768.12522164,41.88856003,-87.805,,Urban,1,N,(N/A),Y,(N/A)
2020,2020-07-17,Friday,18,06:29 PM,Property Damage,No Injuries,0,0,0,0,0,2,Front to Rear,11,N,N,Following Too Closely,(N/A),Daylight,Clear,Dry,N,,,,,No Controls,No Controls,Y,2,41.868957,-87.8043476,ok,(UNK),1,2003790,2020,,3,99,50000 and OVER,9,4295,Oak Park,C,Urban Other Principal Arte,,16,17,10951388,7,Cook,0,20,,,5,N,No,Stopped,202001181906,City,1,20.42,Y,,,,(UNK),124298,(N/A),(UNK),No Defects,1,1,Other Principal Arterial,3,348,X001963538,Not Toll,73,1,1,"Divided, No Median Barrier",2,2940007.61858088,1903626.64677244,41.86894915,-87.8043,,Urban,1,N,(N/A),Y,(N/A)