crash_year,crash_date,day_of_week,crash_hour,time_of_crash,crash_severity,crash_injury_severity,total_injured,total_fatals,a_injuries,b_injuries,c_injuries,no_injuries,type_of_first_crash,collision_type_code,pedestrian_involved,pedalcyclist_involved,cause1,cause2,lighting_cond,weather_cond,road_surface_cond,intersection_related,is_intersection,highway_or_street_name,at_intersection_with,address_no,traffic_control_device,traffic_control_device_cond,hit_and_run,number_of_vehicles,latitude,longitude,location_status,access_control,agency_code,agency_report_number,agency_report_year,alignment_code,cause1_code,cause2_code,city_class,city_class_code,city_code,city_name,city_township_flag,class_of_trafficway,class_of_trafficway_code,county_code,crash_day,crash_id,crash_month,crash_report_county,crash_severity_cd,crash_yr_source,damaged_property1,damaged_property2,day_of_week_code,did_crash_occur_in_work_zone,did_involve_secondary_crash,flow_condition,icn,investigating_agency_descrip,light_condition_code,mile_station,nhs,non_intersection_direction,non_intersection_distance,non_intersection_units,number_of_lanes,objectid,railroad_crossing_number,road_alignment,road_defects,road_defects_code,road_surface_condition_code,roadway_functional_class,roadway_functional_class_code,route_number,sfe,toll,township,traffic_control_device_code,traffic_control_device_cond_code,trafficway_descrip,trafficway_description_code,ts_crash_coordinate_x,ts_crash_coordinate_y,ts_crash_latitude,ts_crash_longitude,type_report,urban_rural,weather_code,were_workers_present,work_zone,work_zone_related,work_zone_type
2020,2020-07-17,Friday,17,05:00 PM,Property Damage,No Injuries,0,0,0,0,0,2,Front to Rear,11,N,N,Following Too Closely,Failing to Reduce Speed to Avoid Crash,Daylight,Clear,Dry,N,,,,,No Controls,No Controls,Y,2,41.908943,-87.7986264,ok,(UNK),1,2003793,2020,,3,28,50000 and OVER,9,4295,Oak Park,C,Urban Other Principal Arte,,16,17,10951389,7,Cook,0,20,,,5,N,No,Stopped,202001182085,City,1,6.29,Y,,,,(UNK),124299,(N/A),(UNK),No Defects,1,1,Other Principal Arterial,3,307,X001963539,Not Toll,73,1,1,Not Divided,1,2941163.63988718,1918241.24280191,41.90893512,-87.7986,,Urban,1,N,(N/A),Y,(N/A)
2020,2020-07-17,Friday,15,03:07 PM,Injury,B Injury Crash,1,0,0,1,0,2,Front to Rear,11,N,N,Failing to Reduce Speed to Avoid Crash,Unable to Determine,Daylight,Clear,Dry,N,,,,,No Controls,No Controls,N,3,41.8833941,-87.7845444,ok,(UNK),1,2003785,2020,,28,18,50000 and OVER,9,4295,Oak Park,C,Urban Major Collector,,16,17,10951391,7,Cook,2,20,,,5,N,No,Slow,202001181908,City,1,1.28,N,,,,(UNK),124300,(N/A),(UNK),No Defects,1,1,Major Collector,5,2783,X001963541,Not Toll,73,1,1,"Divided, No Median Barrier",2,2945255.63719558,1909036.954185,41.88338629,-87.7845,,Urban,1,N,(N/A),Y,(N/A)
2020,2020-07-17,Friday,14,02:10 PM,Property Damage,No Injuries,0,0,0,0,0,5,Front to Rear,11,N,N,Following Too Closely,Failing to Reduce Speed to Avoid Crash,Daylight,Clear,Dry,Y,,,,,Traffic Signal,Functioning Properly,Y,2,41.8650278,-87.8042158,ok,(UNK),1,2003782,2020,,3,28,50000 and OVER,9,4295,Oak Park,C,Urban Other Principal Arte,,16,17,10951392,7,Cook,0,20,,,5,N,No,Stopped,202001181909,City,1,25.01,Y,,,,(UNK),124301,(N/A),(UNK),No Defects,1,1,Other Principal Arterial,3,5043,X001963542,Not Toll,52,3,4,"Divided, No Median Barrier",2,2940082.93081867,1902195.78557851,41.86502,-87.8042,,Urban,1,N,(N/A),Y,(N/A)
2020,2020-07-17,Friday,13,01:00 PM,Property Damage,No Injuries,0,0,0,0,0,2,Sideswipe Same Direction,12,N,N,Failing to Yield Right of Way,(N/A),Daylight,Clear,Dry,N,,,,,No Controls,No Controls,Y,2,41.9037897,-87.7845441,ok,(UNK),1,2003780,2020,,2,99,50000 and OVER,9,4295,Oak Park,C,Urban Local Road or Street,,16,17,10951393,7,Cook,0,20,,,5,N,No,Free Flow,202001181910,City,1,0.51,N,,,,(UNK),124302,(N/A),(UNK),No Defects,1,1,Local Road or Street,7,3130,X001963543,Not Toll,73,1,1,Not Divided,1,2945049.2487945,1916469.47526195,41.90378181,-87.7845,,Urban,1,N,(N/A),Y,(N/A)
2020,2020-07-17,Friday,13,01:51 PM,Property Damage,No Injuries,0,0,0,0,0,2,Angle,15,N,N,Driving Skills/Knowledge/Experience,(N/A),Daylight,Clear,Dry,Y,,,,,No Controls,No Controls,N,2,,,missing,(UNK),1,2003781,2020,,15,99,50000 and OVER,9,4295,Oak Park,C,(UNK),8,16,17,10951394,7,Cook,0,20,,,5,N,No,Slow,202001181911,City,1,0,N,,,,(UNK),124303,(N/A),(UNK),No Defects,1,1,(UNK),0,0,X001963544,No Toll,73,1,1,Other,8,0,0,,,,(UNK),1,N,(N/A),Y,(N/A)
2020,2020-07-18,Saturday,14,02:51 PM,Property Damage,No Injuries,0,0,0,0,0,3,Front to Rear,11,N,N,Following Too Closely,Failing to Reduce Speed to Avoid Crash,Daylight,Cloudy/Overcast,Dry,Y,,,,,Traffic Signal,Functioning Properly,N,2,41.8763112,-87.7818615,ok,(UNK),1,2003810,2020,,3,28,50000 and OVER,9,4295,Oak Park,C,Urban Local Road or Street,,16,18,10951396,7,Cook,0,20,,,6,N,No,Stopped,202001181913,City,1,0,N,,,,(UNK),124344,(N/A),(UNK),No Defects,1,1,Local Road or Street,7,,X001963546,Not Toll,73,3,4,"Divided, No Median Barrier",2,2946058.02117205,1906476.10957555,41.87630338,-87.7819,,Urban,8,N,(N/A),Y,(N/A)
2020,2020-07-18,Saturday,23,11:10 PM,Property Damage,No Injuries,0,0,0,0,0,2,Sideswipe Same Direction,12,N,N,Improper Lane Usage,Unable to Determine,Darkness,Clear,Dry,N,,,,,No Controls,No Controls,Y,2,41.9016998,-87.8055313,ok,(UNK),1,2003842,2020,,20,18,50000 and OVER,9,4295,Oak Park,C,Urban Other Principal Arte,,16,18,10951400,7,Cook,0,20,,,6,N,No,Free Flow,202001181917,City,4,18.15,Y,,,,(UNK),124345,(N/A),(UNK),No Defects,1,1,Other Principal Arterial,3,348,X001963551,Not Toll,73,1,1,Four Way,14,2939356.6982345,1915549.84527555,41.90169195,-87.8055,,Urban,1,N,(N/A),Y,(N/A)
2020,2020-07-19,Sunday,07,07:28 AM,Property Damage,No Injuries,0,0,0,0,0,2,Front to Rear,11,N,N,Failing to Reduce Speed to Avoid Crash,(N/A),Daylight,Rain,Wet,N,,,,,Other Regualtory Sig,Functioning Properly,Y,2,41.8710692,-87.7744792,ok,Partial Access Control,3,03-20-08436,2020,,28,99,50000 and OVER,9,4295,Oak Park,C,Urban InterState,,16,19,10950489,7,Cook,0,20,,,7,N,No,(UNK),202001181042,ISP,1,0.2,Y,,,,(UNK),124637,(N/A),(UNK),No Defects,1,2,InterState,1,290,X001962859,Not Toll,73,10,4,Ramp,11,2948121.90140548,1904621.79748051,41.87106134,-87.7745,,Urban,2,N,(N/A),Y,(N/A)
2020,2020-07-20,Monday,07,07:36 AM,Property Damage,No Injuries,0,0,0,0,0,2,Front to Rear,11,N,N,Improper Lane Usage,Failing to Reduce Speed to Avoid Crash,Daylight,Clear,Dry,N,,,,,Traffic Signal,Functioning Properly,N,2,41.8875214,-87.8049911,ok,(UNK),1,2000665,2020,,20,28,50000 and OVER,9,4295,Oak Park,C,Urban Other Principal Arte,,16,20,10951484,7,Cook,0,20,,,1,N,No,Stopped,202001181978,City,1,19.13,Y,,,,(UNK),124640,(N/A),(UNK),No Defects,1,1,Other Principal Arterial,3,348,X001963737,Not Toll,73,3,4,"Divided, No Median Barrier",2,2939646.07071771,1910387.02671414,41.88751356,-87.805,,Urban,1,N,(N/A),Y,(N/A)
2020,2020-07-15,Wednesday,10,10:49 AM,Injury,B Injury Crash,1,0,0,1,0,1,Front to Rear,11,N,N,Following Too Closely,Failing to Reduce Speed to Avoid Crash,Daylight,Clear,Dry,N,,,,,No Controls,No Controls,N,2,41.8723233,-87.8029326,ok,(UNK),3,03-20-08256,2020,,3,28,50000 and OVER,9,4295,Oak Park,C,Urban Local Road or Street,0,16,15,10951745,7,Cook,2,20,,,3,N,No,(UNK),202001182238,ISP,1,0.08,N,,,,(UNK),124677,(N/A),(UNK),No Defects,1,1,Local Road or Street,7,4062,X001964006,Not Toll,,1,1,Divided With Median Barrier,3,2940359.24608721,1904863.9997984,41.87231544,-87.8029,,Urban,1,N,(N/A),Y,(N/A)
2020,2020-07-12,Sunday,17,05:34 PM,Property Damage,No Injuries,0,0,0,0,0,3,Turning,10,N,N,Improper Backing,(N/A),Daylight,Clear,Dry,N,,,,,No Controls,No Controls,N,2,41.8800056,-87.7893495,ok,(UNK),1,2003672,2020,,30,99,50000 and OVER,9,4295,Oak Park,C,Urban Minor Collector,,16,12,10952605,7,Cook,0,20,,,7,N,No,Free Flow,202001183059,City,1,0.59,N,,,,(UNK),126782,(N/A),(UNK),No Defects,1,1,Minor Collector,6,2779,X001964678,Not Toll,73,1,1,Other,8,2943981.30868454,1907765.78460756,41.87999771,-87.7893,,Urban,1,N,(N/A),Y,(N/A)
2020,2020-07-22,Wednesday,12,12:34 PM,Property Damage,No Injuries,0,0,0,0,0,1,Parked Motor Vehicle,9,N,N,Improper Backing,(N/A),Daylight,Clear,Wet,N,,,,,Unknown,No Controls,N,2,41.8757733,-87.8045896,ok,(UNK),1,20-01999,2020,,30,99,50000 and OVER,9,4295,Oak Park,C,Urban Other Principal Arte,,16,22,10952991,7,Cook,0,20,,,3,N,No,Slow,202001183452,City,1,19.94,Y,,,,(UNK),126899,(N/A),(UNK),No Defects,1,2,Other Principal Arterial,3,348,X001965148,Not Toll,73,99,1,Parking Lot,7,2939873.29135324,1906108.82018949,41.87576547,-87.8046,,Urban,1,N,(N/A),Y,(N/A)
2020,2020-04-08,Wednesday,12,12:24 PM,Injury,C Injury Crash,1,0,0,0,1,1,Pedestrian,1,Y,N,Disregarding Traffic Signals,Unable to Determine,Daylight,Clear,Dry,N,,,,,No Controls,No Controls,N,1,41.8653708,-87.8042262,ok,(UNK),1,20-01041,2020,,25,18,50000 and OVER,9,4295,Oak Park,C,Urban Other Principal Arte,0,16,8,10952992,4,Cook,1,20,,,3,N,No,Free Flow,202001183453,City,1,20.67,Y,,,,(UNK),126900,(N/A),(UNK),No Defects,1,1,Other Principal Arterial,3,348,X001965149,Not Toll,73,1,1,Two-way Continuous Left-Tur,4,2940076.65949731,1902320.67122004,41.86536291,-87.8042,,Urban,1,N,(N/A),Y,(N/A)
2020,2020-07-22,Wednesday,15,03:03 PM,Property Damage,No Injuries,0,0,0,0,0,6,Angle,15,N,N,Failing to Yield Right of Way,Failing to Reduce Speed to Avoid Crash,Daylight,Clear,Dry,Y,,,,,Stop Sign,Functioning Properly,N,3,41.8834466,-87.7845455,ok,(UNK),1,2003927,2020,,2,28,50000 and OVER,9,4295,Oak Park,C,Urban Major Collector,,16,22,10954710,7,Cook,0,20,,,3,N,Yes,Stopped,202001184912,City,1,0,N,,,,(UNK),127081,(N/A),(UNK),No Defects,1,1,Major Collector,5,,X001966425,Not Toll,73,2,4,"Divided, No Median Barrier",2,2945254.79527982,1909056.06578857,41.88343876,-87.7845,,Urban,1,N,(N/A),Y,(N/A)
2020,2020-07-22,Wednesday,18,06:05 PM,Property Damage,No Injuries,0,0,0,0,0,3,Front to Rear,11,N,N,Following Too Closely,Failing to Reduce Speed to Avoid Crash,Daylight,Clear,Dry,N,,,,,Traffic Signal,Functioning Properly,Y,2,41.8800119,-87.7841657,ok,(UNK),1,2003933,2020,,3,28,50000 and OVER,9,4295,Oak Park,C,Urban Minor Arterial,,16,22,10954712,7,Cook,0,20,,,3,N,No,Stopped,202001184913,City,1,0,N,,,,(UNK),127082,(N/A),(UNK),No Defects,1,1,Minor Arterial,4,,X001966426,Not Toll,73,3,4,Two-way Continuous Left-Tur,4,2945392.98424046,1907807.254909,41.88000402,-87.7842,,Urban,1,N,(N/A),Y,(N/A)
2020,2020-07-10,Friday,16,04:32 PM,Injury,C Injury Crash,1,0,0,0,1,3,Sideswipe Same Direction,12,N,N,Failing to Yield Right of Way,Failing to Reduce Speed to Avoid Crash,Daylight,Clear,Dry,Y,,,,,Traffic Signal,Functioning Properly,N,2,41.9087836,-87.8057828,ok,(UNK),1,2003626,2020,,2,28,50000 and OVER,9,4295,Oak Park,C,Urban Other Principal Arte,,16,10,10954798,7,Cook,1,20,,,5,N,No,Stopped,202001184996,City,1,28.04,Y,,,,(UNK),127344,(N/A),(UNK),No Defects,1,1,Other Principal Arterial,3,5043,X001966600,Not Toll,73,3,4,"Divided, No Median Barrier",2,2939217.15400692,1918129.42300251,41.90877572,-87.8058,,Urban,1,N,(N/A),Y,(N/A)
2020,2020-07-04,Saturday,20,08:30 PM,Property Damage,No Injuries,0,0,0,0,0,4,Turning,10,N,N,Improper Turning/No Signal,Driving Skills/Knowledge/Experience,Dusk,Clear,Dry,Y,,,,,Traffic Signal,Functioning Properly,N,2,41.8650282,-87.8042158,ok,(UNK),1,20-01786,2020,,6,15,50000 and OVER,9,4295,Oak Park,C,Urban Other Principal Arte,,16,4,10955229,7,Cook,0,20,,,6,N,No,Slow,202001185454,City,3,25.01,Y,,,,(UNK),128343,(N/A),(UNK),No Defects,1,1,Other Principal Arterial,3,5043,X001967025,Not Toll,52,3,4,"Divided, No Median Barrier",2,2940082.9242575,1902195.91623606,41.86502036,-87.8042,,Urban,1,N,(N/A),Y,(N/A)
2020,2020-07-20,Monday,23,11:21 PM,Property Damage,No Injuries,0,0,0,0,0,1,Parked Motor Vehicle,9,N,N,Failing to Reduce Speed to Avoid Crash,Unable to Determine,Darkness / Lighted Road,Clear,Dry,N,,,,,No Controls,No Controls,Y,2,41.8958949,-87.7784277,ok,(UNK),1,2003886,2020,,28,18,50000 and OVER,9,4295,Oak Park,C,Urban Local Road or Street,,16,20,10956824,7,Cook,0,20,,,1,N,No,Free Flow,202001186765,City,5,0.17,N,,,,(UNK),128580,(N/A),(UNK),No Defects,1,1,Local Road or Street,7,2613,X001968144,Not Toll,73,1,1,Not Divided,1,2946794.49564208,1913638.80703694,41.89588709,-87.7784,,Urban,1,N,(N/A),Y,(N/A)
2020,2020-07-25,Saturday,18,06:12 PM,Property Damage,No Injuries,0,0,0,0,0,3,Angle,15,N,N,Failing to Yield Right of Way,Failing to Reduce Speed to Avoid Crash,Daylight,Clear,Dry,N,,,,,No Controls,No Controls,N,2,41.8852931,-87.7797962,ok,(UNK),1,2004006,2020,,2,28,50000 and OVER,9,4295,Oak Park,C,Urban Local Road or Street,,16,25,10956830,7,Cook,0,20,,,6,N,No,Free Flow,202001186768,City,1,0.74,N,,,,(UNK),128582,(N/A),(UNK),No Defects,1,1,Local Road or Street,7,3030,X001968147,Not Toll,73,1,1,Not Divided,1,2946529.43016178,1909764.93121727,41.88528529,-87.7798,,Urban,1,N,(N/A),Y,(N/A)
2020,2020-07-22,Wednesday,13,01:00 PM,Property Damage,No Injuries,0,0,0,0,0,2,Front to Rear,11,N,N,Following Too Closely,Failing to Reduce Speed to Avoid Crash,Daylight,Clear,Dry,N,,,,,No Controls,No Controls,Y,2,41.8714653,-87.781834,ok,Partial Access Control,3,03-20-08610,2020,,3,28,50000 and OVER,9,4295,Oak Park,C,Urban InterState,0,16,22,10956909,7,Cook,0,20,,,3,N,No,(UNK),202001186846,ISP,1,8.83,Y,,,,(UNK),128888,(N/A),(UNK),No Defects,1,1,InterState,1,290,X001968391,Not Toll,,1,1,Divided With Median Barrier,3,2946114.58725236,1904710.38647355,41.87145749,-87.7818,,Urban,1,N,(N/A),Y,(N/A)
2020,2020-07-23,Thursday,00,00:05 AM,Property Damage,No Injuries,0,0,0,0,0,3,Front to Front,14,N,N,Driving On Wrong Side/Wrong Way,Failing to Reduce Speed to Avoid Crash,Darkness / Lighted Road,Clear,Dry,N,,,,,Other Regualtory Sig,Functioning Properly,Y,2,41.8736438,-87.8045621,ok,Partial Access Control,3,03-20-08597,2020,,5,28,50000 and OVER,9,4295,Oak Park,C,Urban InterState,,16,23,10957319,7,Cook,0,20,,,4,N,No,(UNK),202001187254,ISP,5,0,Y,,,,(UNK),128970,(N/A),(UNK),No Defects,1,1,InterState,1,,X001968785,Not Toll,73,10,4,Ramp,11,2939902.16191417,1905332.97795221,41.87363591,-87.8046,,Urban,1,N,(N/A),Y,(N/A)
2020,2020-07-24,Friday,12,12:03 PM,Property Damage,No Injuries,0,0,0,0,0,3,Front to Rear,11,N,N,Following Too Closely,Unable to Determine,Daylight,Clear,Dry,Y,,,,,Traffic Signal,Functioning Properly,Y,2,41.8796682,-87.8047358,ok,(UNK),1,2003968,2020,,3,18,50000 and OVER,9,4295,Oak Park,C,Urban Other Principal Arte,,16,24,10956475,7,Cook,0,20,,,5,N,No,Slow,202001186439,City,1,26.02,Y,,,,(UNK),129220,(N/A),(UNK),No Defects,1,1,Other Principal Arterial,3,5043,X001967375,Not Toll,73,3,4,Not Divided,1,2939794.39572054,1907527.07139741,41.87966031,-87.8047,,Urban,1,N,(N/A),Y,(N/A)
2020,2020-07-24,Friday,14,02:06 PM,Property Damage,No Injuries,0,0,0,0,0,2,Turning,10,N,N,Failing to Yield Right of Way,Unable to Determine,Daylight,Clear,Dry,Y,,,,,Stop Sign,Functioning Properly,N,2,41.8781717,-87.8046654,ok,(UNK),1,2003974,2020,,2,18,50000 and OVER,9,4295,Oak Park,C,Urban Other Principal Arte,,16,24,10956477,7,Cook,0,20,,,5,N,No,Slow,202001186440,City,1,25.92,Y,,,,(UNK),129221,(N/A),(UNK),No Defects,1,1,Other Principal Arterial,3,5043,X001967377,Not Toll,73,2,4,Not Divided,1,2939828.59504125,1906982.27731784,41.87816389,-87.8047,,Urban,1,N,(N/A),Y,(N/A)
2020,2020-07-20,Monday,15,03:44 PM,Property Damage,No Injuries,0,0,0,0,0,1,Parked Motor Vehicle,9,N,N,Driving Skills/Knowledge/Experience,Failing to Reduce Speed to Avoid Crash,Darkness,Clear,Dry,N,,,,,No Controls,No Controls,Y,2,41.8806965,-87.7844718,ok,(UNK),1,2003869,2020,,15,28,50000 and OVER,9,4295,Oak Park,C,Urban Major Collector,,16,20,10956489,7,Cook,0,20,,,1,N,No,Stopped,202001186449,City,4,1.47,N,,,,(UNK),129262,(N/A),(UNK),No Defects,1,1,Major Collector,5,2783,X001967471,Not Toll,73,1,1,Not Divided,1,2945302.69399101,1908054.43036699,41.88068865,-87.7845,,Urban,1,N,(N/A),Y,(N/A)
2020,2020-07-24,Friday,21,09:00 PM,Property Damage,No Injuries,0,0,0,0,0,3,Angle,15,N,N,Failing to Yield Right of Way,Unable to Determine,Darkness / Lighted Road,Clear,Dry,Y,,,,,Stop Sign,Functioning Properly,N,2,41.8651031,-87.7989623,ok,(UNK),1,2003990,2020,,2,18,50000 and OVER,9,4295,Oak Park,C,Urban Other Principal Arte,,16,24,10956495,7,Cook,0,20,,,5,N,No,Free Flow,202001186451,City,5,0,Y,,,,(UNK),129263,(N/A),(UNK),No Defects,1,1,Other Principal Arterial,3,,X001967666,Not Toll,52,2,4,One-Way,10,2941513.25472967,1902262.65158651,41.86509524,-87.799,,Urban,1,N,(N/A),Y,(N/A)
2020,2020-07-24,Friday,14,02:20 PM,Property Damage,No Injuries,0,0,0,0,0,4,Front to Rear,11,N,N,Failing to Reduce Speed to Avoid Crash,Unable to Determine,Daylight,Clear,Dry,N,,,,,Traffic Signal,Functioning Properly,N,3,41.8800071,-87.7843689,ok,(UNK),1,2003976,2020,,28,18,50000 and OVER,9,4295,Oak Park,C,Urban Minor Arterial,,16,24,10956498,7,Cook,0,20,,,5,N,Yes,Stopped,202001186452,City,1,0,N,,,,(UNK),129264,(N/A),(UNK),No Defects,1,1,Minor Arterial,4,,X001967687,Not Toll,73,3,4,"Divided, No Median Barrier",2,2945337.70898919,1907803.97192557,41.87999923,-87.7844,,Urban,1,N,(N/A),Y,(N/A)
2020,2020-07-24,Friday,08,08:40 AM,Property Damage,No Injuries,0,0,0,0,0,2,Angle,15,N,N,Failing to Reduce Speed to Avoid Crash,Failing to Yield Right of Way,Daylight,Clear,Dry,Y,,,,,Stop Sign,Functioning Properly,N,2,41.8931253,-87.7832168,ok,(UNK),1,2003965,2020,,28,2,50000 and OVER,9,4295,Oak Park,C,Urban Local Road or Street,,16,24,10956976,7,Cook,0,20,,,5,N,No,Free Flow,202001186910,City,1,0,N,,,,(UNK),129292,(N/A),(UNK),No Defects,1,1,Local Road or Street,7,,X001967376,Not Toll,73,2,4,Four Way,14,2945518.61966404,1912593.22414391,41.89311747,-87.7832,,Urban,1,N,(N/A),Y,(N/A)
2020,2020-07-23,Thursday,06,06:42 AM,Property Damage,No Injuries,0,0,0,0,0,4,Front to Rear,11,N,N,Failing to Reduce Speed to Avoid Crash,Unable to Determine,Daylight,Clear,Dry,Y,,,,,Stop Sign,Functioning Properly,N,2,41.876188,-87.7892157,ok,(UNK),1,2003939,2020,,28,18,50000 and OVER,9,4295,Oak Park,C,Urban Minor Collector,,16,23,10956981,7,Cook,0,20,,,4,N,No,Stopped,202001186915,City,1,0,N,,,,(UNK),129293,(N/A),(UNK),No Defects,1,1,Minor Collector,6,,X001967608,Not Toll,73,2,4,Four Way,14,2944056.30918545,1906375.62448647,41.8761802,-87.7892,,Urban,1,N,(N/A),Y,(N/A)
2020,2020-07-17,Friday,00,00:45 AM,Property Damage,No Injuries,0,0,0,0,0,3,Front to Rear,11,N,N,Improper Lane Usage,(N/A),Darkness / Lighted Road,Clear,Dry,N,,,,,No Controls,No Controls,Y,2,41.873396,-87.803549,ok,Partial Access Control,3,03-20-08335,2020,,20,99,50000 and OVER,9,4295,Oak Park,C,Urban InterState,0,16,17,10956521,7,Cook,0,20,,,5,N,No,(UNK),202001186478,ISP,5,7.75,Y,,,,(UNK),129396,(N/A),(UNK),No Defects,1,1,InterState,1,290,X001968033,Not Toll,,1,1,Divided With Median Barrier,3,2940180.56268117,1905250.27770336,41.87338812,-87.8035,,Urban,1,N,(N/A),Y,(N/A)
2020,2020-07-26,Sunday,21,09:35 PM,Property Damage,No Injuries,0,0,0,0,0,3,Turning,10,N,N,Failing to Reduce Speed to Avoid Crash,Improper Turning/No Signal,Darkness / Lighted Road,Rain,Wet,Y,,,,,Traffic Signal,Functioning Properly,Y,2,41.8942278,-87.8052259,ok,(UNK),1,2004031,2020,,28,6,50000 and OVER,9,4295,Oak Park,C,Urban Other Principal Arte,,16,26,10958741,7,Cook,0,20,,,7,N,No,Slow,202001188637,City,5,27.03,Y,,,,(UNK),129504,(N/A),(UNK),No Defects,1,2,Other Principal Arterial,3,5043,X001970019,Not Toll,73,3,4,Two-way Continuous Left-Tur,4,2939514.83080742,1912829.21678422,41.89422,-87.8052,,Urban,2,N,(N/A),Y,(N/A)
2020,2020-07-25,Saturday,21,09:10 PM,Property Damage,No Injuries,0,0,0,0,0,3,Front to Rear,11,N,N,Following Too Closely,(N/A),Darkness / Lighted Road,Clear,Dry,N,,,,,No Controls,No Controls,N,2,41.872307,-87.8040508,ok,(UNK),3,03-20-08750,2020,,3,99,50000 and OVER,9,4295,Oak Park,C,Urban Local Road or Street,0,16,25,10956570,7,Cook,0,20,,,6,N,No,(UNK),202001186528,ISP,5,0.02,N,,,,(UNK),129755,(N/A),(UNK),No Defects,1,1,Local Road or Street,7,4062,X001968081,Not Toll,,1,1,Not Divided,1,2940054.83037064,1904849.68897536,41.87229919,-87.804,,Urban,1,N,(N/A),Y,(N/A)
2020,2020-07-25,Saturday,21,09:07 PM,Injury,B Injury Crash,1,0,0,1,0,1,Front to Rear,11,N,N,Failing to Reduce Speed to Avoid Crash,(N/A),Darkness / Lighted Road,Clear,Dry,N,,,,,No Controls,No Controls,Y,2,41.8723101,-87.8034851,ok,(UNK),3,03-20-08749,2020,,28,99,50000 and OVER,9,4295,Oak Park,C,Urban Local Road or Street,0,16,25,10956571,7,Cook,2,20,,,6,N,No,(UNK),202001186529,ISP,5,0.06,N,,,,(UNK),129756,(N/A),(UNK),No Defects,1,1,Local Road or Street,7,4062,X001968082,Not Toll,,1,1,Not Divided,1,2940208.89150255,1904855.05424253,41.87230227,-87.8035,,Urban,1,N,(N/A),Y,(N/A)
2020,2020-07-23,Thursday,15,03:58 PM,Injury,B Injury Crash,2,0,0,2,0,1,Angle,15,N,N,Failing to Reduce Speed to Avoid Crash,Failing to Yield Right of Way,Daylight,Clear,Dry,Y,,,,,Stop Sign,Functioning Properly,N,2,41.8997144,-87.8054454,ok,(UNK),1,2000680,2020,,28,2,50000 and OVER,9,4295,Oak Park,C,Urban Other Principal Arte,,16,23,10957865,7,Cook,2,20,,,4,N,No,Free Flow,202001187776,City,1,27.42,Y,,,,(UNK),129767,(N/A),(UNK),No Defects,1,1,Other Principal Arterial,3,5043,X001969068,Not Toll,73,2,4,Four Way,14,2939400.01912675,1914826.96963368,41.89970654,-87.8054,,Urban,1,N,(N/A),Y,(N/A)
2020,2020-07-25,Saturday,16,04:00 PM,Property Damage,No Injuries,0,0,0,0,0,3,Front to Rear,11,N,N,Failing to Reduce Speed to Avoid Crash,Driving Skills/Knowledge/Experience,Daylight,Clear,Dry,N,,,,,Other,Functioning Properly,Y,2,41.8662789,-87.8033745,ok,(UNK),3,03-20-08732,2020,,28,15,50000 and OVER,9,4295,Oak Park,C,Urban Local Road or Street,0,16,25,10958467,7,Cook,0,20,,,6,N,No,(UNK),202001188370,ISP,1,0.42,N,,,,(UNK),130308,(N/A),(UNK),No Defects,1,1,Local Road or Street,7,2718,X001969875,Not Toll,,13,4,Divided With Median Barrier,3,2940299.55027029,1902658.00526419,41.86627106,-87.8034,,Urban,1,N,(N/A),Y,(N/A)
2020,2020-07-26,Sunday,18,06:10 PM,Property Damage,No Injuries,0,0,0,0,0,2,Fixed Object,6,N,N,Equipment-Vehicle Condition,Failing to Reduce Speed to Avoid Crash,Daylight,Clear,Dry,N,,,,,No Controls,No Controls,N,1,41.8834466,-87.7845452,ok,(UNK),1,2004022,2020,,10,28,50000 and OVER,9,4295,Oak Park,C,Urban Major Collector,,16,26,10960090,7,Cook,0,20,STOP SIGN,,7,N,No,Free Flow,202001189943,City,1,0,N,,,,(UNK),131134,(N/A),(UNK),No Defects,1,1,Major Collector,5,,X001971182,Not Toll,73,1,1,"Divided, No Median Barrier",2,2945254.87330556,1909056.07459793,41.88343878,-87.7845,,Urban,1,N,(N/A),Y,(N/A)
2020,2020-07-27,Monday,15,03:50 PM,Property Damage,No Injuries,0,0,0,0,0,3,Angle,15,N,N,Improper Backing,(N/A),Daylight,Clear,Dry,N,,,,,No Controls,No Controls,N,2,41.8796736,-87.8001118,ok,(UNK),1,2004046,2020,,30,99,50000 and OVER,9,4295,Oak Park,C,Urban Minor Arterial,,16,27,10960091,7,Cook,0,20,,,1,N,No,Free Flow,202001189944,City,1,3.31,N,,,,(UNK),131135,(N/A),(UNK),No Defects,1,1,Minor Arterial,4,1419,X001971183,Not Toll,73,1,1,Alley,12,2941053.6544532,1907563.76613451,41.87966575,-87.8001,,Urban,1,N,(N/A),Y,(N/A)
2020,2020-07-28,Tuesday,17,05:09 PM,Property Damage,No Injuries,0,0,0,0,0,2,Turning,10,N,N,Failing to Yield Right of Way,Failing to Reduce Speed to Avoid Crash,Daylight,Clear,Dry,N,,,,,No Controls,No Controls,N,2,41.8800804,-87.7942872,ok,(UNK),1,2004077,2020,,2,28,50000 and OVER,9,4295,Oak Park,C,Urban Major Collector,,16,28,10960093,7,Cook,0,20,,,2,N,No,Slow,202001189946,City,1,6.14,N,,,,(UNK),131136,(N/A),(UNK),No Defects,1,1,Major Collector,5,2775,X001971185,Not Toll,73,1,1,"Divided, No Median Barrier",2,2942635.82240623,1907755.84110088,41.88007259,-87.7943,,Urban,1,N,(N/A),Y,(N/A)