crash_year,crash_date,day_of_week,crash_hour,time_of_crash,crash_severity,crash_injury_severity,total_injured,total_fatals,a_injuries,b_injuries,c_injuries,no_injuries,type_of_first_crash,collision_type_code,pedestrian_involved,pedalcyclist_involved,cause1,cause2,lighting_cond,weather_cond,road_surface_cond,intersection_related,is_intersection,highway_or_street_name,at_intersection_with,address_no,traffic_control_device,traffic_control_device_cond,hit_and_run,number_of_vehicles,latitude,longitude,location_status,access_control,agency_code,agency_report_number,agency_report_year,alignment_code,cause1_code,cause2_code,city_class,city_class_code,city_code,city_name,city_township_flag,class_of_trafficway,class_of_trafficway_code,county_code,crash_day,crash_id,crash_month,crash_report_county,crash_severity_cd,crash_yr_source,damaged_property1,damaged_property2,day_of_week_code,did_crash_occur_in_work_zone,did_involve_secondary_crash,flow_condition,icn,investigating_agency_descrip,light_condition_code,mile_station,nhs,non_intersection_direction,non_intersection_distance,non_intersection_units,number_of_lanes,objectid,railroad_crossing_number,road_alignment,road_defects,road_defects_code,road_surface_condition_code,roadway_functional_class,roadway_functional_class_code,route_number,sfe,toll,township,traffic_control_device_code,traffic_control_device_cond_code,trafficway_descrip,trafficway_description_code,ts_crash_coordinate_x,ts_crash_coordinate_y,ts_crash_latitude,ts_crash_longitude,type_report,urban_rural,weather_code,were_workers_present,work_zone,work_zone_related,work_zone_type
2020,2020-07-28,Tuesday,16,04:07 PM,Property Damage,No Injuries,0,0,0,0,0,1,Fixed Object,6,N,N,Failing to Reduce Speed to Avoid Crash,Driving Skills/Knowledge/Experience,Daylight,Clear,Dry,N,,,,,Other Regualtory Sig,Functioning Properly,Y,1,41.8897198,-87.8002043,ok,(UNK),1,2004074,2020,,28,15,50000 and OVER,9,4295,Oak Park,C,Urban Local Road or Street,,16,28,10960094,7,Cook,0,20,,,2,N,No,Free Flow,202001189947,City,1,0.39,N,,,,(UNK),131137,(N/A),(UNK),No Defects,1,1,Local Road or Street,7,1405,X001971186,Not Toll,73,10,4,Other,8,2940927.45512363,1911224.10167937,41.88971198,-87.8002,,Urban,1,N,(N/A),Y,(N/A)
2020,2020-07-29,Wednesday,11,11:57 AM,Property Damage,No Injuries,0,0,0,0,0,2,Front to Rear,11,N,N,Following Too Closely,Unable to Determine,Daylight,Clear,Dry,N,,,,,No Controls,No Controls,N,2,41.8863487,-87.7944434,ok,(UNK),1,2004094,2020,,3,18,50000 and OVER,9,4295,Oak Park,C,Urban Major Collector,,16,29,10962325,7,Cook,0,20,,,3,N,No,Slow,202001191924,City,1,5.69,N,,,,(UNK),131404,(N/A),(UNK),No Defects,1,1,Major Collector,5,2775,X001973002,Not Toll,73,1,1,Not Divided,1,2942530.09349397,1910038.94513182,41.88634088,-87.7944,,Urban,1,N,(N/A),Y,(N/A)
2020,2020-07-29,Wednesday,14,02:27 PM,Property Damage,No Injuries,0,0,0,0,0,1,Parked Motor Vehicle,9,N,N,Improper Lane Usage,Unable to Determine,Daylight,Clear,Dry,N,,,,,No Controls,No Controls,N,2,41.8980361,-87.7801029,ok,(UNK),1,2004098,2020,,20,18,50000 and OVER,9,4295,Oak Park,C,Urban Local Road or Street,,16,29,10962326,7,Cook,0,20,,,3,N,No,Free Flow,202001191925,City,1,0.77,N,,,,(UNK),131405,(N/A),(UNK),No Defects,1,1,Local Road or Street,7,3559,X001973003,Not Toll,73,1,1,Not Divided,1,2946316.66328643,1914406.39610286,41.89802827,-87.7801,,Urban,1,N,(N/A),Y,(N/A)
2020,2020-07-29,Wednesday,15,03:45 PM,Property Damage,No Injuries,0,0,0,0,0,2,Angle,15,N,N,Failing to Yield Right of Way,Failing to Reduce Speed to Avoid Crash,Daylight,Clear,Dry,Y,,,,,Stop Sign,Functioning Properly,N,2,41.894538,-87.7865241,ok,(UNK),1,2004104,2020,,2,28,50000 and OVER,9,4295,Oak Park,C,Urban Minor Arterial,,16,29,10962328,7,Cook,0,20,,,3,N,No,Slow,202001191927,City,1,0,N,,,,(UNK),131406,(N/A),(UNK),No Defects,1,1,Minor Arterial,4,,X001973005,Not Toll,73,2,4,Four Way,14,2944603.8103763,1913083.02649967,41.89453017,-87.7865,,Urban,1,N,(N/A),Y,(N/A)
2020,2020-07-29,Wednesday,17,05:45 PM,Property Damage,No Injuries,0,0,0,0,0,4,Front to Rear,11,N,N,Unable to Determine,Unable to Determine,Daylight,Clear,Dry,N,,,,,No Controls,No Controls,Y,2,41.9037862,-87.7848116,ok,(UNK),1,2004108,2020,,18,18,50000 and OVER,9,4295,Oak Park,C,Urban Local Road or Street,,16,29,10962329,7,Cook,0,20,,,3,N,No,Slow,202001191928,City,1,0.5,N,,,,(UNK),131407,(N/A),(UNK),No Defects,1,1,Local Road or Street,7,3130,X001973006,Not Toll,73,1,1,Not Divided,1,2944976.45895303,1916466.18579319,41.90377833,-87.7848,,Urban,1,N,(N/A),Y,(N/A)
2020,2020-07-23,Thursday,07,07:49 AM,Property Damage,No Injuries,0,0,0,0,0,2,Front to Rear,11,N,N,Failing to Reduce Speed to Avoid Crash,(N/A),Daylight,Clear,Dry,N,,,,,Other Regualtory Sig,Functioning Properly,Y,2,41.8735077,-87.8033947,ok,Partial Access Control,3,03-20-08602,2020,,28,99,50000 and OVER,9,4295,Oak Park,C,Urban InterState,,16,23,10959908,7,Cook,0,20,,,4,N,No,(UNK),202001189776,ISP,1,0.04,Y,,,,(UNK),132134,(N/A),(UNK),No Defects,1,1,InterState,1,290,X001971238,Not Toll,73,10,4,Ramp,11,2940221.46905485,1905292.16998319,41.8734999,-87.8034,,Urban,1,N,(N/A),Y,(N/A)
2020,2020-07-28,Tuesday,19,07:30 PM,Injury,B Injury Crash,1,0,0,1,0,2,Pedalcyclist,2,N,Y,Failing to Yield Right of Way,Failing to Reduce Speed to Avoid Crash,Dusk,Clear,Dry,Y,,,,,Traffic Signal,Functioning Properly,N,1,41.8761173,-87.7941067,ok,(UNK),1,2004081,2020,,2,28,50000 and OVER,9,4295,Oak Park,C,Urban Major Collector,,16,28,10961260,7,Cook,2,20,,,2,N,No,Slow,202001190879,City,3,0,N,,,,(UNK),132880,(N/A),(UNK),No Defects,1,1,Major Collector,5,,X001972057,Not Toll,73,3,4,Four Way,14,2942724.90980158,1906312.96856391,41.87610947,-87.7941,,Urban,1,N,(N/A),Y,(N/A)
2020,2020-07-29,Wednesday,06,06:14 AM,Property Damage,No Injuries,0,0,0,0,0,1,Parked Motor Vehicle,9,N,N,Failing to Reduce Speed to Avoid Crash,Unable to Determine,Dawn,Clear,Dry,N,,,,,Stop Sign,Functioning Properly,Y,2,41.8963464,-87.7880989,ok,(UNK),1,2004087,2020,,28,18,50000 and OVER,9,4295,Oak Park,C,Urban Local Road or Street,,16,29,10961261,7,Cook,0,20,,,3,N,No,Slow,202001190880,City,2,0.49,N,,,,(UNK),132941,(N/A),(UNK),No Defects,1,1,Local Road or Street,7,3090,X001972058,Not Toll,73,2,4,Not Divided,1,2944156.75349823,1913730.13408052,41.89633854,-87.7881,,Urban,1,N,(N/A),Y,(N/A)
2020,2020-07-28,Tuesday,14,02:30 PM,Property Damage,No Injuries,0,0,0,0,0,2,Turning,10,N,N,Failing to Yield Right of Way,Failing to Reduce Speed to Avoid Crash,Daylight,Clear,Dry,Y,,,,,Stop Sign,Functioning Properly,N,2,41.883326,-87.7999845,ok,(UNK),1,2004067,2020,,2,28,50000 and OVER,9,4295,Oak Park,C,Urban Local Road or Street,,16,28,10961262,7,Cook,0,20,,,2,N,No,Slow,202001190881,City,1,0,N,,,,(UNK),132942,(N/A),(UNK),No Defects,1,1,Local Road or Street,7,,X001972060,Not Toll,73,2,4,Four Way,14,2941051.59509246,1908895.72965401,41.88331817,-87.8,,Urban,1,N,(N/A),Y,(N/A)
2020,2020-07-28,Tuesday,15,03:45 PM,Property Damage,No Injuries,0,0,0,0,0,2,Rear to Side,16,N,N,Improper Backing,Failing to Yield Right of Way,Daylight,Clear,Dry,N,,,,,No Controls,No Controls,Y,2,41.8871109,-87.804795,ok,(UNK),1,2004073,2020,,30,2,50000 and OVER,9,4295,Oak Park,C,Urban Major Collector,,16,28,10961263,7,Cook,0,20,,,2,N,No,Slow,202001190882,City,1,0.01,N,,,,(UNK),132943,(N/A),(UNK),No Defects,1,1,Major Collector,5,1405,X001972061,Not Toll,73,1,1,"Divided, No Median Barrier",2,2939703.59422472,1910238.89910255,41.88710305,-87.8048,,Urban,1,N,(N/A),Y,(N/A)
2020,2020-07-28,Tuesday,09,09:13 AM,Property Damage,No Injuries,0,0,0,0,0,1,Parked Motor Vehicle,9,N,N,Failing to Reduce Speed to Avoid Crash,Driving Skills/Knowledge/Experience,Daylight,Clear,Dry,N,,,,,No Controls,No Controls,N,2,41.9034243,-87.7979533,ok,(UNK),1,2004056,2020,,28,15,50000 and OVER,9,4295,Oak Park,C,Urban Local Road or Street,,16,28,10961265,7,Cook,0,20,,,2,N,No,Slow,202001190884,City,1,0.38,N,,,,(UNK),132944,(N/A),(UNK),No Defects,1,1,Local Road or Street,7,2690,X001972063,Not Toll,73,1,1,One-Way,10,2941402.43056727,1916235.17869702,41.90341641,-87.7979,,Urban,1,N,(N/A),Y,(N/A)
2020,2020-07-29,Wednesday,10,10:12 AM,Property Damage,No Injuries,0,0,0,0,0,2,Angle,15,N,N,Failing to Yield Right of Way,Vision Obscured,Daylight,Clear,Dry,Y,,,,,Stop Sign,Functioning Properly,N,2,41.9074382,-87.7794544,ok,(UNK),1,2004090,2020,,2,14,50000 and OVER,9,4295,Oak Park,C,Urban Local Road or Street,,16,29,10961266,7,Cook,0,20,,,3,N,No,Free Flow,202001190885,City,1,0,N,,,,(UNK),132945,(N/A),(UNK),No Defects,1,1,Local Road or Street,7,,X001972064,Not Toll,73,2,4,T-Intersection,15,2946397.83269165,1917837.62138271,41.90743036,-87.7794,,Urban,1,N,(N/A),Y,(N/A)
2020,2020-07-30,Thursday,03,03:52 AM,Property Damage,No Injuries,0,0,0,0,0,1,Fixed Object,6,N,N,Improper Lane Usage,Driving Skills/Knowledge/Experience,Darkness / Lighted Road,Clear,Dry,N,,,,,Other,Functioning Properly,N,1,41.8720991,-87.7893528,ok,Partial Access Control,3,03-20-08963,2020,,20,15,50000 and OVER,9,4295,Oak Park,C,Urban InterState,,16,30,10962227,7,Cook,0,20,,,4,N,No,(UNK),202001191832,ISP,5,8.44,Y,,,,(UNK),133771,(N/A),(UNK),No Defects,1,1,InterState,1,290,X001973066,Not Toll,73,13,4,Divided With Median Barrier,3,2944060.25861633,1904884.50325947,41.87209125,-87.7893,,Urban,1,N,(N/A),Y,(N/A)
2020,2020-07-28,Tuesday,19,07:42 PM,Injury,C Injury Crash,1,0,0,0,1,1,Front to Rear,11,N,N,Failing to Reduce Speed to Avoid Crash,Unable to Determine,Daylight,Clear,Dry,N,,,,,Traffic Signal,Functioning Properly,N,2,41.8943871,-87.7961875,ok,(UNK),1,2004082,2020,,28,18,50000 and OVER,9,4295,Oak Park,C,Urban Minor Arterial,,16,28,10965081,7,Cook,1,20,,,2,N,No,Free Flow,202001194471,City,1,0,N,,,,(UNK),134234,(N/A),(UNK),No Defects,1,1,Minor Arterial,4,,X001974093,Not Toll,73,3,4,Not Divided,1,2941974.18328017,1912955.16438016,41.89437929,-87.7962,,Urban,1,N,(N/A),Y,(N/A)
2020,2020-07-29,Wednesday,16,04:01 PM,Injury,C Injury Crash,1,0,0,0,1,1,Turning,10,N,N,Improper Turning/No Signal,Failing to Reduce Speed to Avoid Crash,Daylight,Cloudy/Overcast,Dry,Y,,,,,No Controls,No Controls,Y,2,41.8780766,-87.7843856,ok,(UNK),1,2004105,2020,,6,28,50000 and OVER,9,4295,Oak Park,C,Urban Major Collector,,16,29,10965084,7,Cook,1,20,,,3,N,Yes,Free Flow,202001194515,City,1,0,N,,,,(UNK),134235,(N/A),(UNK),No Defects,1,1,Major Collector,5,,X001974151,Not Toll,73,1,1,Not Divided,1,2945352.70343621,1907100.3358318,41.87806873,-87.7844,,Urban,8,N,(N/A),Y,(N/A)
2020,2020-08-01,Saturday,19,07:56 PM,Property Damage,No Injuries,0,0,0,0,0,2,Turning,10,N,N,Improper Turning/No Signal,Failing to Reduce Speed to Avoid Crash,Darkness / Lighted Road,Clear,Dry,N,,,,,Other Regualtory Sig,Functioning Properly,Y,2,41.880012,-87.7751495,ok,(UNK),1,2004181,2020,,6,28,50000 and OVER,9,4295,Oak Park,C,Urban Minor Arterial,,16,1,10965108,8,Cook,0,20,,,6,N,No,Free Flow,202001194482,City,5,4.6,N,,,,(UNK),134246,(N/A),(UNK),No Defects,1,1,Minor Arterial,4,1419,X001974657,Not Toll,73,10,4,Divided With Median Barrier,3,2947848.47142595,1907875.62749151,41.88000413,-87.7751,,Urban,1,N,(N/A),Y,(N/A)
2020,2020-08-02,Sunday,18,06:00 PM,Property Damage,No Injuries,0,0,0,0,0,2,Front to Rear,11,N,N,Failing to Reduce Speed to Avoid Crash,Following Too Closely,Daylight,Rain,Wet,N,,,,,Other,Functioning Properly,N,2,41.8731513,-87.8009787,ok,Partial Access Control,3,03-20-09163,2020,,28,3,50000 and OVER,9,4295,Oak Park,C,Urban InterState,0,16,2,10965157,8,Cook,0,20,,,7,N,No,(UNK),202001194529,ISP,1,7.86,Y,,,,(UNK),134490,(N/A),(UNK),No Defects,1,2,InterState,1,290,X001975642,Not Toll,,13,4,Divided With Median Barrier,3,2940883.10761586,1905180.42069316,41.87314348,-87.801,,Urban,2,N,(N/A),Y,(N/A)
2020,2020-07-28,Tuesday,10,10:00 AM,Property Damage,No Injuries,0,0,0,0,0,2,Front to Rear,11,N,N,Following Too Closely,Failing to Reduce Speed to Avoid Crash,Daylight,Clear,Dry,N,,,,,Delineators,Functioning Properly,N,2,41.873779,-87.8045294,ok,Partial Access Control,3,03-20-08910,2020,,3,28,50000 and OVER,9,4295,Oak Park,C,Urban InterState,,16,28,10967886,7,Cook,0,20,,,2,N,No,(UNK),202001197215,ISP,1,21.6,Y,,,,(UNK),134673,(N/A),(UNK),No Defects,1,1,InterState,1,9290,X001978122,Not Toll,73,14,4,Divided With Median Barrier,3,2939909.70218522,1905382.5095374,41.87377116,-87.8045,,Urban,1,N,(N/A),Y,(N/A)
2020,2020-08-06,Thursday,17,05:09 PM,Property Damage,No Injuries,0,0,0,0,0,2,Front to Rear,11,N,N,Following Too Closely,Driving Skills/Knowledge/Experience,Daylight,Clear,Dry,N,,,,,No Controls,No Controls,N,2,41.8757154,-87.8045879,ok,(UNK),1,20-02199,2020,,3,15,50000 and OVER,9,4295,Oak Park,C,Urban Other Principal Arte,,16,6,10969515,8,Cook,0,20,,,4,N,No,Stopped,202001198370,City,1,19.95,Y,,,,(UNK),136900,(N/A),(UNK),No Defects,1,1,Other Principal Arterial,3,348,X001979213,Not Toll,73,1,1,Divided With Median Barrier,3,2939874.3305454,1906087.73408612,41.87570757,-87.8046,,Urban,1,N,(N/A),Y,(N/A)
2020,2020-08-03,Monday,14,02:36 PM,Property Damage,No Injuries,0,0,0,0,0,3,Turning,10,N,N,Improper Turning/No Signal,Unable to Determine,Daylight,Clear,Dry,N,,,,,Traffic Signal,Functioning Properly,N,3,41.9087148,-87.805779,ok,(UNK),1,2004206,2020,,6,18,50000 and OVER,9,4295,Oak Park,C,Urban Other Principal Arte,,16,3,10967163,8,Cook,0,20,,,1,N,Yes,Slow,202001196479,City,1,17.66,Y,,,,(UNK),137077,(N/A),(UNK),No Defects,1,1,Other Principal Arterial,3,348,X001977470,Not Toll,73,3,4,"Divided, No Median Barrier",2,2939218.88448623,1918104.40904756,41.908707,-87.8058,,Urban,1,N,(N/A),Y,(N/A)
2020,2020-08-03,Monday,17,05:32 PM,Property Damage,No Injuries,0,0,0,0,0,1,Parked Motor Vehicle,9,N,N,Improper Overtaking/Passing,Failing to Reduce Speed to Avoid Crash,Daylight,Clear,Dry,N,,,,,No Controls,No Controls,Y,2,41.8817266,-87.7841546,ok,(UNK),1,2004211,2020,,4,28,50000 and OVER,9,4295,Oak Park,C,Urban Major Collector,,16,3,10967164,8,Cook,0,20,,,1,N,No,Slow,202001196480,City,1,1.05,N,,,,(UNK),137078,(N/A),(UNK),No Defects,1,1,Major Collector,5,5,X001977471,Not Toll,73,1,1,Alley,12,2945378.64992767,1908432.22007465,41.88171876,-87.7841,,Urban,1,N,(N/A),Y,(N/A)
2020,2020-08-07,Friday,13,01:23 PM,Property Damage,No Injuries,0,0,0,0,0,2,Front to Rear,11,N,N,Failing to Reduce Speed to Avoid Crash,Following Too Closely,Daylight,Clear,Dry,N,,,,,No Controls,No Controls,N,2,41.8798729,-87.8047385,ok,(UNK),1,20-02206,2020,,28,3,50000 and OVER,9,4295,Oak Park,C,Urban Other Principal Arte,,16,7,10970122,8,Cook,0,20,,,5,N,No,Slow,202001198989,City,1,19.67,Y,,,,(UNK),137169,(N/A),(UNK),No Defects,1,1,Other Principal Arterial,3,348,X001979778,Not Toll,73,1,1,"Divided, No Median Barrier",2,2939791.60655378,1907601.66717547,41.87986506,-87.8047,,Urban,1,N,(N/A),Y,(N/A)
2020,2020-08-06,Thursday,17,05:19 PM,Injury,B Injury Crash,1,0,0,1,0,2,Front to Rear,11,N,N,Following Too Closely,Driving Skills/Knowledge/Experience,Daylight,Clear,Dry,N,,,,,Traffic Signal,Functioning Properly,N,2,41.8978204,-87.8053817,ok,(UNK),1,2004277,2020,,3,15,50000 and OVER,9,4295,Oak Park,C,Urban Other Principal Arte,,16,6,10970208,8,Cook,2,20,,,4,N,No,Stopped,202001199091,City,1,18.42,Y,,,,(UNK),137392,(N/A),(UNK),No Defects,1,1,Other Principal Arterial,3,348,X001979789,Not Toll,73,3,4,Not Divided,1,2939436.36711005,1914137.25267632,41.89781258,-87.8054,,Urban,1,N,(N/A),Y,(N/A)
2020,2020-08-03,Monday,16,04:30 PM,Property Damage,No Injuries,0,0,0,0,0,1,Parked Motor Vehicle,9,N,N,Failing to Reduce Speed to Avoid Crash,Unable to Determine,Daylight,Cloudy/Overcast,Dry,N,,,,,No Controls,No Controls,Y,2,41.8749904,-87.7960761,ok,(UNK),1,2004220,2020,,28,18,50000 and OVER,9,4295,Oak Park,C,Urban Local Road or Street,,16,3,10969796,8,Cook,0,20,,,1,N,No,Free Flow,202001198649,City,1,0.31,N,,,,(UNK),137847,(N/A),(UNK),No Defects,1,1,Local Road or Street,7,2689,X001979414,Not Toll,73,1,1,Not Divided,1,2942199.89273609,1905887.48089826,41.87498258,-87.7961,,Urban,8,N,(N/A),Y,(N/A)
2020,2020-08-05,Wednesday,13,01:08 PM,Injury,B Injury Crash,1,0,0,1,0,4,Front to Rear,11,N,N,Failing to Reduce Speed to Avoid Crash,Unable to Determine,Daylight,Cloudy/Overcast,Dry,Y,,,,,Traffic Signal,Functioning Properly,N,2,41.8945678,-87.7848658,ok,(UNK),1,2004248,2020,,28,18,50000 and OVER,9,4295,Oak Park,C,Urban Minor Arterial,,16,5,10969798,8,Cook,2,20,,,3,N,No,Stopped,202001198651,City,1,0,N,,,,(UNK),137849,(N/A),(UNK),No Defects,1,1,Minor Arterial,4,,X001979416,Not Toll,73,3,4,Not Divided,1,2945055.0186435,1913106.43468893,41.89456,-87.7849,,Urban,8,N,(N/A),Y,(N/A)
2020,2020-08-05,Wednesday,15,03:42 PM,Property Damage,No Injuries,0,0,0,0,0,1,Parked Motor Vehicle,9,N,N,Failing to Reduce Speed to Avoid Crash,Distraction - From Outside Vehicle,Daylight,Clear,Dry,N,,,,,No Controls,No Controls,N,2,41.8821957,-87.7796248,ok,(UNK),1,2004255,2020,,28,40,50000 and OVER,9,4295,Oak Park,C,Urban Local Road or Street,,16,5,10969799,8,Cook,0,20,,,3,N,No,Free Flow,202001198652,City,1,0.41,N,,,,(UNK),137905,(N/A),(UNK),No Defects,1,1,Local Road or Street,7,3794,X001979417,Not Toll,73,1,1,Not Divided,1,2946607.51338015,1908637.4500439,41.88218781,-87.7796,,Urban,1,N,(N/A),Y,(N/A)
2020,2020-08-05,Wednesday,21,09:46 PM,Property Damage,No Injuries,0,0,0,0,0,2,Front to Rear,11,N,N,Failing to Reduce Speed to Avoid Crash,Following Too Closely,Darkness / Lighted Road,Clear,Dry,Y,,,,,Traffic Signal,Functioning Properly,N,2,41.8886478,-87.7945158,ok,(UNK),1,2004259,2020,,28,3,50000 and OVER,9,4295,Oak Park,C,Urban Major Collector,,16,5,10969800,8,Cook,0,20,,,3,N,No,Slow,202001198653,City,5,0,N,,,,(UNK),137906,(N/A),(UNK),No Defects,1,1,Major Collector,5,,X001979418,Not Toll,73,3,4,Not Divided,1,2942487.21505209,1910876.24361126,41.88864,-87.7945,,Urban,1,N,(N/A),Y,(N/A)
2020,2020-08-05,Wednesday,06,06:00 AM,Property Damage,No Injuries,0,0,0,0,0,2,Sideswipe Same Direction,12,N,N,Improper Lane Usage,(N/A),Daylight,Clear,Dry,N,,,,,No Controls,No Controls,N,2,41.8856143,-87.8049204,ok,(UNK),1,2004241,2020,,20,99,50000 and OVER,9,4295,Oak Park,C,Urban Other Principal Arte,,16,5,10969801,8,Cook,0,20,,,3,N,No,Slow,202001198655,City,1,19.27,Y,,,,(UNK),137907,(N/A),(UNK),No Defects,1,1,Other Principal Arterial,3,348,X001979419,Not Toll,73,1,1,"Divided, No Median Barrier",2,2939684.44681452,1909692.56152632,41.88560643,-87.8049,,Urban,1,N,(N/A),Y,(N/A)
2020,2020-08-06,Thursday,00,00:08 AM,Injury,B Injury Crash,1,0,0,1,0,1,Pedestrian,1,Y,N,Failing to Yield Right of Way,Driving Skills/Knowledge/Experience,Darkness / Lighted Road,Clear,Dry,N,,,,,No Controls,No Controls,Y,1,41.8807037,-87.8047543,ok,(UNK),1,2004261,2020,,2,15,50000 and OVER,9,4295,Oak Park,C,Urban Other Principal Arte,,16,6,10969802,8,Cook,2,20,,,4,N,Yes,Free Flow,202001198657,City,5,19.61,Y,,,,(UNK),137908,(N/A),(UNK),No Defects,1,1,Other Principal Arterial,3,348,X001979420,Not Toll,73,1,1,"Divided, No Median Barrier",2,2939778.98119216,1907904.31816746,41.88069589,-87.8047,,Urban,1,N,(N/A),Y,(N/A)
2020,2020-08-07,Friday,12,12:45 PM,Property Damage,No Injuries,0,0,0,0,0,4,Front to Rear,11,N,N,Following Too Closely,Failing to Reduce Speed to Avoid Crash,Daylight,Clear,Dry,N,,,,,Other,Functioning Properly,N,2,41.8729605,-87.7989846,ok,Partial Access Control,3,03-20-09354,2020,,3,28,50000 and OVER,9,4295,Oak Park,C,Urban InterState,0,16,7,10971572,8,Cook,0,20,,,5,N,No,(UNK),202001200510,ISP,1,21.84,Y,,,,(UNK),138037,(N/A),(UNK),No Defects,1,1,InterState,1,9290,X001981217,Not Toll,,13,4,Divided With Median Barrier,3,2941428.14008243,1905125.87746512,41.87295269,-87.799,,Urban,1,N,(N/A),Y,(N/A)
2020,2020-08-07,Friday,15,03:47 PM,Property Damage,No Injuries,0,0,0,0,0,4,Angle,15,N,N,Failing to Yield Right of Way,Driving Skills/Knowledge/Experience,Daylight,Clear,Dry,Y,,,,,Stop Sign,Functioning Properly,N,2,41.8999203,-87.783802,ok,(UNK),1,2004291,2020,,2,15,50000 and OVER,9,4295,Oak Park,C,Urban Local Road or Street,,16,7,10972813,8,Cook,0,20,,,5,N,No,Free Flow,202001201407,City,1,0,N,,,,(UNK),138412,(N/A),(UNK),No Defects,1,1,Local Road or Street,7,,X001980587,Not Toll,73,2,4,Not Divided,1,2945290.465023,1915065.03149351,41.89991248,-87.7838,,Urban,1,N,(N/A),Y,(N/A)
2020,2020-08-07,Friday,17,05:00 PM,Property Damage,No Injuries,0,0,0,0,0,1,Parked Motor Vehicle,9,N,N,Failing to Reduce Speed to Avoid Crash,Unable to Determine,Daylight,Clear,Dry,N,,,,,No Controls,No Controls,N,2,41.8838461,-87.8000019,ok,(UNK),1,2004294,2020,,28,18,50000 and OVER,9,4295,Oak Park,C,Urban Local Road or Street,,16,7,10972814,8,Cook,0,20,,,5,N,No,Slow,202001201408,City,1,0.24,N,,,,(UNK),138413,(N/A),(UNK),No Defects,1,1,Local Road or Street,7,2700,X001980592,Not Toll,73,1,1,"Divided, No Median Barrier",2,2941041.6271643,1909085.11936116,41.88383823,-87.8,,Urban,1,N,(N/A),Y,(N/A)
2020,2020-08-08,Saturday,22,10:03 PM,Property Damage,No Injuries,0,0,0,0,0,2,Sideswipe Opposite Direction,13,N,N,Operating Vehicle In Reckless Manner,Driving Skills/Knowledge/Experience,Darkness / Lighted Road,Cloudy/Overcast,Dry,N,,,,,No Controls,No Controls,Y,2,41.8842801,-87.77806,ok,(UNK),1,2004331,2020,,50,15,50000 and OVER,9,4295,Oak Park,C,Urban Local Road or Street,,16,8,10972818,8,Cook,0,20,,,6,N,No,Free Flow,202001201410,City,5,0.17,N,,,,(UNK),138443,(N/A),(UNK),No Defects,1,1,Local Road or Street,7,2613,X001981123,Not Toll,73,1,1,Alley,12,2947012.50365704,1909408.93993141,41.8842723,-87.7781,,Urban,8,N,(N/A),Y,(N/A)
2020,2020-08-07,Friday,11,11:55 AM,Injury,B Injury Crash,1,0,0,1,0,1,Front to Rear,11,N,N,Failing to Reduce Speed to Avoid Crash,Following Too Closely,Daylight,Clear,Dry,N,,,,,No Controls,Functioning Properly,N,2,41.871238,-87.7789875,ok,Partial Access Control,3,03-20-09352,2020,,28,3,50000 and OVER,9,4295,Oak Park,C,Urban InterState,,16,7,10970895,8,Cook,2,20,,,5,N,No,(UNK),202001199760,ISP,1,8.97,Y,,,,(UNK),139314,(N/A),(UNK),No Defects,1,1,InterState,1,290,X001980541,Not Toll,73,1,4,Divided With Median Barrier,3,2946892.22580389,1904649.11058967,41.87123016,-87.779,,Urban,1,N,(N/A),Y,(N/A)
2020,2020-08-09,Sunday,16,04:59 PM,Property Damage,No Injuries,0,0,0,0,0,4,Angle,15,N,N,Failing to Yield Right of Way,Failing to Reduce Speed to Avoid Crash,Daylight,Clear,Dry,N,,,,,No Controls,No Controls,N,2,41.8885706,-87.8049447,ok,(UNK),1,2004344,2020,,2,28,50000 and OVER,9,4295,Oak Park,C,Urban Major Collector,,16,9,10973777,8,Cook,0,20,,,7,N,No,Slow,202001202412,City,1,0,N,,,,(UNK),139494,(N/A),(UNK),No Defects,1,1,Major Collector,5,8,X001982847,Not Toll,73,1,1,Parking Lot,7,2939648.1628842,1910769.7198577,41.88856276,-87.8049,,Urban,1,N,(N/A),Y,(N/A)
2020,2020-08-09,Sunday,18,06:03 PM,Property Damage,No Injuries,0,0,0,0,0,2,Front to Rear,11,N,N,Failing to Reduce Speed to Avoid Crash,Following Too Closely,Daylight,Cloudy/Overcast,Dry,N,,,,,No Controls,No Controls,N,2,41.879733,-87.7946833,ok,(UNK),1,2004345,2020,,28,3,50000 and OVER,9,4295,Oak Park,C,Urban Minor Arterial,,16,9,10973778,8,Cook,0,20,,,7,N,No,Stopped,202001202413,City,1,3.58,N,,,,(UNK),139495,(N/A),(UNK),No Defects,1,1,Minor Arterial,4,1419,X001982848,Not Toll,73,1,1,"Divided, No Median Barrier",2,2942531.43671,1907626.25524858,41.87972518,-87.7947,,Urban,8,N,(N/A),Y,(N/A)
2020,2020-08-10,Monday,08,08:35 AM,Property Damage,No Injuries,0,0,0,0,0,2,Sideswipe Same Direction,12,N,N,Improper Lane Usage,Unable to Determine,Daylight,Clear,Dry,N,,,,,No Controls,No Controls,Y,2,41.8710456,-87.7763184,ok,Partial Access Control,3,03-20-09570,2020,,20,18,50000 and OVER,9,4295,Oak Park,C,Urban InterState,0,16,10,10973106,8,Cook,0,20,,,1,N,No,(UNK),202001201699,ISP,1,9.11,Y,,,,(UNK),139520,(N/A),(UNK),No Defects,1,1,InterState,1,290,X001982293,Not Toll,,1,1,Divided With Median Barrier,3,2947621.18542466,1904599.22367088,41.87103771,-87.7763,,Urban,1,N,(N/A),Y,(N/A)