crash_year,crash_date,day_of_week,crash_hour,time_of_crash,crash_severity,crash_injury_severity,total_injured,total_fatals,a_injuries,b_injuries,c_injuries,no_injuries,type_of_first_crash,collision_type_code,pedestrian_involved,pedalcyclist_involved,cause1,cause2,lighting_cond,weather_cond,road_surface_cond,intersection_related,is_intersection,highway_or_street_name,at_intersection_with,address_no,traffic_control_device,traffic_control_device_cond,hit_and_run,number_of_vehicles,latitude,longitude,location_status,access_control,agency_code,agency_report_number,agency_report_year,alignment_code,cause1_code,cause2_code,city_class,city_class_code,city_code,city_name,city_township_flag,class_of_trafficway,class_of_trafficway_code,county_code,crash_day,crash_id,crash_month,crash_report_county,crash_severity_cd,crash_yr_source,damaged_property1,damaged_property2,day_of_week_code,did_crash_occur_in_work_zone,did_involve_secondary_crash,flow_condition,icn,investigating_agency_descrip,light_condition_code,mile_station,nhs,non_intersection_direction,non_intersection_distance,non_intersection_units,number_of_lanes,objectid,railroad_crossing_number,road_alignment,road_defects,road_defects_code,road_surface_condition_code,roadway_functional_class,roadway_functional_class_code,route_number,sfe,toll,township,traffic_control_device_code,traffic_control_device_cond_code,trafficway_descrip,trafficway_description_code,ts_crash_coordinate_x,ts_crash_coordinate_y,ts_crash_latitude,ts_crash_longitude,type_report,urban_rural,weather_code,were_workers_present,work_zone,work_zone_related,work_zone_type
2020,2020-08-10,Monday,13,01:21 PM,Property Damage,No Injuries,0,0,0,0,0,3,Angle,15,N,N,Failing to Yield Right of Way,Failing to Reduce Speed to Avoid Crash,Daylight,Clear,Dry,Y,,,,,Stop Sign,Functioning Properly,N,2,41.8763555,-87.7781848,ok,(UNK),1,2004360,2020,,2,28,50000 and OVER,9,4295,Oak Park,C,Urban Local Road or Street,,16,10,10976662,8,Cook,0,20,,,1,N,No,Free Flow,202001204904,City,1,0,N,,,,(UNK),141360,(N/A),(UNK),No Defects,1,1,Local Road or Street,7,,X001985116,Not Toll,73,2,4,"Divided, No Median Barrier",2,2947058.93452153,1906520.10261327,41.87634765,-87.7782,,Urban,1,N,(N/A),Y,(N/A)
2020,2020-08-10,Monday,21,09:32 PM,Injury,B Injury Crash,1,0,0,1,0,1,Sideswipe Same Direction,12,N,N,Physical Condition of Driver,Physical Condition of Driver,Darkness / Lighted Road,Clear,Wet,N,,,,,No Controls,Other,N,2,41.8944297,-87.784863,ok,(UNK),1,2004391,2020,,17,17,50000 and OVER,9,4295,Oak Park,C,Urban Major Collector,,16,10,10975078,8,Cook,2,20,,,1,N,No,Free Flow,202001203738,City,5,0.51,N,,,,(UNK),141712,(N/A),(UNK),No Defects,1,2,Major Collector,5,2783,X001983986,Not Toll,73,1,7,"Divided, No Median Barrier",2,2945057.19016503,1913056.10482496,41.89442183,-87.7849,,Urban,1,N,(N/A),Y,(N/A)
2020,2020-08-10,Monday,13,01:17 PM,Property Damage,No Injuries,0,0,0,0,0,1,Parked Motor Vehicle,9,N,N,Unable to Determine,(N/A),Darkness / Lighted Road,Clear,Dry,N,,,,,No Controls,No Controls,Y,2,41.8816274,-87.7899783,ok,(UNK),1,2004359,2020,,18,99,50000 and OVER,9,4295,Oak Park,C,Urban Major Collector,,16,10,10975105,8,Cook,0,20,,,1,N,No,Free Flow,202001203756,City,5,0.76,N,,,,(UNK),141815,(N/A),(UNK),No Defects,1,1,Major Collector,5,5,X001983981,Not Toll,73,1,1,Not Divided,1,2943793.69074588,1908352.08765361,41.8816196,-87.79,,Urban,1,N,(N/A),Y,(N/A)
2020,2020-08-10,Monday,14,02:44 PM,Property Damage,No Injuries,0,0,0,0,0,1,Parked Motor Vehicle,9,N,N,Unable to Determine,Unable to Determine,Unknown,Clear,Dry,N,,,,,No Controls,No Controls,Y,2,41.8725425,-87.7906021,ok,(UNK),1,2004364,2020,,18,18,50000 and OVER,9,4295,Oak Park,C,Urban Local Road or Street,,16,10,10975108,8,Cook,0,20,,,1,N,No,Free Flow,202001203758,City,9,0.18,N,,,,(UNK),141941,(N/A),(UNK),No Defects,1,1,Local Road or Street,7,290,X001983985,Not Toll,73,1,1,Parking Lot,7,2943715.51002205,1905036.65880126,41.87253465,-87.7906,,Urban,1,N,(N/A),Y,(N/A)
2020,2020-08-11,Tuesday,15,03:47 PM,Property Damage,No Injuries,0,0,0,0,0,3,Angle,15,N,N,Disregarding Stop Sign,Failing to Reduce Speed to Avoid Crash,Daylight,Clear,Dry,Y,,,,,Stop Sign,Functioning Properly,Y,2,41.8979794,-87.7992436,ok,(UNK),1,2004406,2020,,23,28,50000 and OVER,9,4295,Oak Park,C,Urban Local Road or Street,,16,11,10978492,8,Cook,0,20,,,2,N,No,Slow,202001206603,City,1,0,N,,,,(UNK),142091,(N/A),(UNK),No Defects,1,1,Local Road or Street,7,,X001986666,Not Toll,73,2,4,Not Divided,1,2941105.94913375,1914241.27317404,41.89797157,-87.7992,,Urban,1,N,(N/A),Y,(N/A)
2020,2020-08-13,Thursday,15,03:40 PM,Property Damage,No Injuries,0,0,0,0,0,2,Front to Rear,11,N,N,Distraction - From Inside Vehicle,(N/A),Daylight,Clear,Dry,N,,,,,No Controls,No Controls,N,2,41.8840453,-87.8048708,ok,(UNK),1,20-02280,2020,,41,99,50000 and OVER,9,4295,Oak Park,C,Urban Other Principal Arte,,16,13,10977619,8,Cook,0,20,,,4,N,No,Free Flow,202001205687,City,1,19.38,Y,,,,(UNK),142821,(N/A),(UNK),No Defects,1,1,Other Principal Arterial,3,348,X001985895,Not Toll,73,1,1,Not Divided,1,2939713.69716557,1909121.16705368,41.88403744,-87.8049,,Urban,1,N,(N/A),Y,(N/A)
2020,2020-08-12,Wednesday,13,01:56 PM,Property Damage,No Injuries,0,0,0,0,0,1,Other Object,7,N,N,Disregarding Other Traffic Signs,(N/A),Daylight,Clear,Dry,Y,,,,,Other Warning Sign,Functioning Properly,Y,1,41.8886778,-87.8001758,ok,(UNK),1,2004427,2020,,24,99,50000 and OVER,9,4295,Oak Park,C,Urban Major Collector,,16,12,10980257,8,Cook,0,20,CEMENT WALKWAY,,3,Y,No,Slow,202001207834,City,1,0,N,,,,(UNK),143795,(N/A),(UNK),No Defects,1,1,Major Collector,5,,X001987246,Not Toll,73,11,4,T-Intersection,15,2940945.68106167,1910844.59767718,41.88867,-87.8002,,Urban,1,Y,Construction,Y,Construction Work Zone
2020,2020-08-12,Wednesday,22,10:38 PM,Property Damage,No Injuries,0,0,0,0,0,2,Parked Motor Vehicle,9,N,N,Unable to Determine,(N/A),Darkness / Lighted Road,Clear,Dry,N,,,,,No Controls,No Controls,Y,3,41.8946879,-87.7772747,ok,(UNK),1,2004452,2020,,18,99,50000 and OVER,9,4295,Oak Park,C,Urban Minor Arterial,,16,12,10980266,8,Cook,0,20,,,3,N,No,Free Flow,202001207842,City,5,4.01,N,,,,(UNK),143797,(N/A),(UNK),No Defects,1,1,Minor Arterial,4,1398,X001987312,Not Toll,73,1,1,Not Divided,1,2947120.6864456,1913207.67294116,41.89468002,-87.7773,,Urban,1,N,(N/A),Y,(N/A)
2020,2020-08-12,Wednesday,22,10:26 PM,Property Damage,No Injuries,0,0,0,0,0,4,Fixed Object,6,N,N,Improper Lane Usage,Failing to Reduce Speed to Avoid Crash,Darkness,Clear,Dry,N,,,,,No Controls,No Controls,N,1,41.8823432,-87.7779902,ok,(UNK),1,2004453,2020,,20,28,50000 and OVER,9,4295,Oak Park,C,Urban Local Road or Street,,16,12,10980267,8,Cook,0,20,FIRE HYDRANT,,3,N,No,(UNK),202001207844,City,4,0.02,N,,,,(UNK),143798,(N/A),(UNK),No Defects,1,1,Local Road or Street,7,2613,X001987316,Not Toll,73,1,1,Other,8,2947051.16269454,1908703.62796879,41.8823354,-87.778,,Urban,1,N,(N/A),Y,(N/A)
2020,2020-08-13,Thursday,16,04:57 PM,Property Damage,No Injuries,0,0,0,0,0,1,Parked Motor Vehicle,9,N,N,Failing to Reduce Speed to Avoid Crash,Unable to Determine,Daylight,Clear,Dry,N,,,,,No Controls,No Controls,N,2,41.8901725,-87.7979114,ok,(UNK),1,2004465,2020,,28,18,50000 and OVER,9,4295,Oak Park,C,Urban Local Road or Street,,16,13,10980268,8,Cook,0,20,,,4,N,No,Free Flow,202001207845,City,1,0.11,N,,,,(UNK),143799,(N/A),(UNK),No Defects,1,1,Local Road or Street,7,3060,X001987356,Not Toll,73,1,1,Not Divided,1,2941547.25236409,1911406.2982459,41.89016465,-87.7979,,Urban,1,N,(N/A),Y,(N/A)
2020,2020-08-16,Sunday,15,03:52 PM,Property Damage,No Injuries,0,0,0,0,0,6,Front to Rear,11,N,N,Distraction - From Inside Vehicle,Failing to Reduce Speed to Avoid Crash,Daylight,Clear,Dry,Y,,,,,Traffic Signal,Functioning Properly,N,3,41.8766239,-87.8046167,ok,(UNK),1,20-02324,2020,,41,28,50000 and OVER,9,4295,Oak Park,C,Urban Other Principal Arte,,16,16,10980845,8,Cook,0,20,,,7,N,Yes,Slow,202001208425,City,1,19.88,Y,,,,(UNK),145601,(N/A),(UNK),No Defects,1,1,Other Principal Arterial,3,348,X001988487,Not Toll,73,3,4,"Divided, No Median Barrier",2,2939857.37934752,1906418.59782996,41.87661609,-87.8046,,Urban,1,N,(N/A),Y,(N/A)
2020,2020-08-19,Wednesday,14,02:28 PM,Property Damage,No Injuries,0,0,0,0,0,2,Front to Rear,11,N,N,Failing to Reduce Speed to Avoid Crash,Unable to Determine,Daylight,Clear,Dry,Y,,,,,Traffic Signal,Functioning Properly,Y,2,41.8832478,-87.8048558,ok,(UNK),1,20-02364,2020,,28,18,50000 and OVER,9,4295,Oak Park,C,Urban Other Principal Arte,,16,19,10984208,8,Cook,0,20,,,3,N,No,Free Flow,202001211857,City,1,26.27,Y,,,,(UNK),146222,(N/A),(UNK),No Defects,1,1,Other Principal Arterial,3,5043,X001991559,Not Toll,73,3,4,"Divided, No Median Barrier",2,2939725.79669042,1908830.67683626,41.88324,-87.8049,,Urban,1,N,(N/A),Y,(N/A)
2020,2020-08-19,Wednesday,11,11:02 AM,Property Damage,No Injuries,0,0,0,0,0,2,Turning,10,N,N,Improper Turning/No Signal,Unable to Determine,Darkness / Lighted Road,Clear,Dry,Y,,,,,Traffic Signal,Functioning Properly,N,2,41.8736416,-87.8045258,ok,Partial Access Control,1,20-02368,2020,,6,18,50000 and OVER,9,4295,Oak Park,C,Urban InterState,,16,19,10984728,8,Cook,0,20,,,3,N,No,Slow,202001212346,City,5,25.61,Y,,,,(UNK),146491,(N/A),(UNK),No Defects,1,1,InterState,1,5043,X001992041,Not Toll,73,3,4,Four Way,14,2939912.062394,1905332.46992192,41.87363377,-87.8045,,Urban,1,N,(N/A),Y,(N/A)
2020,2020-08-10,Monday,11,11:15 AM,Property Damage,No Injuries,0,0,0,0,0,2,Front to Rear,11,N,N,Following Too Closely,(N/A),Daylight,Clear,Dry,N,,,,,Traffic Signal,Functioning Properly,N,2,41.8724562,-87.8044725,ok,(UNK),1,20-02246,2020,,3,99,50000 and OVER,9,4295,Oak Park,C,Urban Other Principal Arte,,16,10,10975436,8,Cook,0,20,,,1,N,No,Slow,202001204098,City,1,20.17,Y,,,,(UNK),146553,(N/A),(UNK),No Defects,1,1,Other Principal Arterial,3,348,X001984445,Not Toll,73,3,4,"Divided, No Median Barrier",2,2939938.48124124,1904900.88324972,41.87244836,-87.8045,,Urban,1,N,(N/A),Y,(N/A)
2020,2020-08-14,Friday,12,12:50 PM,Property Damage,No Injuries,0,0,0,0,0,2,Sideswipe Same Direction,12,N,N,Improper Lane Usage,Failing to Reduce Speed to Avoid Crash,Daylight,Clear,Dry,N,,,,,Other,Functioning Properly,N,2,41.7307108,-87.5743281,outside_oak_park,(UNK),3,03-20-09893,2020,,20,28,50000 and OVER,9,4295,Oak Park,C,Urban Local Road or Street,0,16,14,10983521,8,Cook,0,20,,,5,N,No,(UNK),202001211183,ISP,1,0.18,N,,,,(UNK),146609,(N/A),(UNK),No Defects,1,1,Local Road or Street,7,1203,X001990929,Not Toll,,13,4,Divided With Median Barrier,3,3004182.67079095,1855056.0786473,41.73070297,-87.5743,,Urban,1,N,(N/A),Y,(N/A)
2020,2020-08-14,Friday,23,11:17 PM,Property Damage,No Injuries,0,0,0,0,0,3,Sideswipe Same Direction,12,N,N,Unable to Determine,Operating Vehicle In Reckless Manner,Darkness / Lighted Road,Clear,Dry,N,,,,,No Controls,No Controls,Y,2,41.8902178,-87.7927858,ok,(UNK),1,2004499,2020,,18,50,50000 and OVER,9,4295,Oak Park,C,Urban Local Road or Street,8,16,14,10986586,8,Cook,0,20,,,5,N,No,Free Flow,202001213887,City,5,0,N,,,,(UNK),147303,(N/A),(UNK),No Defects,1,1,Local Road or Street,7,,X001993388,Not Toll,,1,1,Not Divided,1,2942942.46226351,1911461.41648945,41.89021,-87.7928,,Urban,1,N,(N/A),Y,(N/A)
2020,2020-08-14,Friday,23,11:58 PM,Property Damage,No Injuries,0,0,0,0,0,2,Sideswipe Same Direction,12,N,N,Improper Overtaking/Passing,(N/A),Darkness,Clear,Dry,N,,,,,No Controls,No Controls,Y,2,41.9092068,-87.7795444,ok,(UNK),1,2004501,2020,,4,99,50000 and OVER,9,4295,Oak Park,C,Urban Other Principal Arte,,16,14,10986587,8,Cook,0,20,,,5,N,No,Free Flow,202001214058,City,4,130.53,Y,,,,(UNK),147304,(N/A),(UNK),No Defects,1,1,Other Principal Arterial,3,5064,X001993401,Not Toll,73,1,1,Divided With Median Barrier,3,2946355.38983168,1918481.44966388,41.90919895,-87.7795,,Urban,1,N,(N/A),Y,(N/A)
2020,2020-08-15,Saturday,03,03:57 AM,Injury,B Injury Crash,1,0,0,1,0,1,Pedestrian,1,Y,N,Operating Vehicle In Reckless Manner,Failing to Reduce Speed to Avoid Crash,Darkness,Clear,Dry,N,,,,,No Controls,No Controls,Y,1,41.8840307,-87.7762345,ok,(UNK),1,2004502,2020,,50,28,50000 and OVER,9,4295,Oak Park,C,Urban Local Road or Street,,16,15,10986588,8,Cook,2,20,,,6,N,No,(UNK),202001213888,City,4,1.44,N,,,,(UNK),147305,(N/A),(UNK),No Defects,1,1,Local Road or Street,7,3015,X001993421,Not Toll,73,1,1,Not Divided,1,2947512.16196494,1909331.87496274,41.88402282,-87.7762,,Urban,1,N,(N/A),Y,(N/A)
2020,2020-08-12,Wednesday,18,06:07 PM,Injury,B Injury Crash,2,0,0,1,1,0,Front to Rear,11,N,N,Failing to Yield Right of Way,(N/A),Daylight,Clear,Dry,N,,,,,No Controls,No Controls,N,3,41.9091095,-87.7833546,ok,(UNK),1,2004446,2020,,2,99,50000 and OVER,9,4295,Oak Park,C,Urban Major Collector,,16,12,10986460,8,Cook,2,20,,,3,N,Yes,Free Flow,202001213758,City,1,0,N,,,,(UNK),147332,(N/A),(UNK),No Defects,1,1,Major Collector,5,2783,X001993288,Not Toll,73,1,1,Not Divided,1,2945319.17539607,1918417.1393553,41.90910167,-87.7833,,Urban,1,N,(N/A),Y,(N/A)
2020,2020-08-12,Wednesday,11,11:40 AM,Injury,B Injury Crash,2,0,0,2,0,1,Parked Motor Vehicle,9,N,N,Failing to Reduce Speed to Avoid Crash,Physical Condition of Driver,Daylight,Clear,Dry,N,,,,,No Controls,No Controls,Y,2,41.8801545,-87.7748846,ok,(UNK),1,2004426,2020,,28,17,50000 and OVER,9,4295,Oak Park,C,Urban Minor Arterial,,16,12,10985598,8,Cook,2,20,,,3,N,No,Slow,202001213818,City,1,0,N,,,,(UNK),147414,(N/A),(UNK),No Defects,1,1,Minor Arterial,4,,X001992498,Not Toll,73,1,1,Divided With Median Barrier,3,2947919.15093784,1907929.56388272,41.88014662,-87.7749,,Urban,1,N,(N/A),Y,(N/A)
2020,2020-08-13,Thursday,14,02:21 PM,Property Damage,No Injuries,0,0,0,0,0,1,Parked Motor Vehicle,9,N,N,Improper Overtaking/Passing,Failing to Reduce Speed to Avoid Crash,Daylight,Clear,Dry,N,,,,,No Controls,No Controls,N,2,41.8664442,-87.7753562,ok,(UNK),1,2004460,2020,,4,28,50000 and OVER,9,4295,Oak Park,C,Urban Local Road or Street,,16,13,10985601,8,Cook,0,20,,,4,N,No,Free Flow,202001212892,City,1,0.25,N,,,,(UNK),147416,(N/A),(UNK),No Defects,1,1,Local Road or Street,7,2603,X001992508,Not Toll,73,1,1,Not Divided,1,2947929.9875956,1902929.72486504,41.8664364,-87.7754,,Urban,1,N,(N/A),Y,(N/A)
2020,2020-08-16,Sunday,15,03:45 PM,Property Damage,No Injuries,0,0,0,0,0,2,Front to Rear,11,N,N,Following Too Closely,Driving Skills/Knowledge/Experience,Daylight,Clear,Dry,N,,,,,No Controls,No Controls,Y,2,41.8733827,-87.8034109,ok,Partial Access Control,3,03-02-09840,2020,,3,15,50000 and OVER,9,4295,Oak Park,C,Urban InterState,0,16,16,10983999,8,Cook,0,20,,,7,N,No,(UNK),202001211650,ISP,1,7.75,Y,,,,(UNK),147646,(N/A),(UNK),No Defects,1,1,InterState,1,290,X001991356,Not Toll,,1,1,Not Divided,1,2940218.31189864,1905246.48781134,41.87337488,-87.8034,,Urban,1,N,(N/A),Y,(N/A)
2020,2020-08-21,Friday,18,06:08 PM,Property Damage,No Injuries,0,0,0,0,0,2,Front to Rear,11,N,N,Following Too Closely,Following Too Closely,Daylight,Clear,Dry,N,,,,,Traffic Signal,Functioning Properly,N,2,41.8737183,-87.8045278,ok,(UNK),1,20-2398,2020,,3,3,50000 and OVER,9,4295,Oak Park,C,Urban Other Principal Arte,,16,21,10987008,8,Cook,0,20,,,5,N,No,Free Flow,202001214292,City,1,20.08,Y,,,,(UNK),147982,(N/A),(UNK),No Defects,1,1,Other Principal Arterial,3,348,X001993830,Not Toll,73,3,4,Not Divided,1,2939910.74494373,1905360.40168723,41.87371046,-87.8045,,Urban,1,N,(N/A),Y,(N/A)
2020,2020-08-16,Sunday,14,02:44 PM,Injury,C Injury Crash,1,0,0,0,1,1,Pedestrian,1,Y,N,Unable to Determine,Unable to Determine,Daylight,Clear,Dry,N,,,,,No Controls,No Controls,Y,1,41.8748608,-87.7842966,ok,(UNK),1,2004529,2020,,18,18,50000 and OVER,9,4295,Oak Park,C,Urban Major Collector,,16,16,10986739,8,Cook,1,20,,,7,N,No,Free Flow,202001214031,City,1,1.87,N,,,,(UNK),148127,(N/A),(UNK),No Defects,1,1,Major Collector,5,2783,X001993517,Not Toll,73,1,1,Alley,12,2945409.46773967,1905929.12315834,41.87485296,-87.7843,,Urban,1,N,(N/A),Y,(N/A)
2020,2020-08-16,Sunday,15,03:29 PM,Property Damage,No Injuries,0,0,0,0,0,1,Parked Motor Vehicle,9,N,N,Failing to Yield Right of Way,Failing to Reduce Speed to Avoid Crash,Daylight,Unknown,Unknown,N,,,,,No Controls,No Controls,Y,2,41.8904687,-87.7780708,ok,(UNK),1,2004532,2020,,2,28,50000 and OVER,9,4295,Oak Park,C,Urban Local Road or Street,,16,16,10986741,8,Cook,0,20,,,7,N,No,Slow,202001214056,City,1,0.5,N,,,,(UNK),148128,(N/A),(UNK),No Defects,1,9,Local Road or Street,7,3060,X001993527,Not Toll,73,1,1,"Divided, No Median Barrier",2,2946946.74594224,1911664.07556775,41.89046082,-87.7781,,Urban,9,N,(N/A),Y,(N/A)
2020,2020-08-16,Sunday,19,07:00 PM,Injury,B Injury Crash,1,0,0,1,0,2,Pedalcyclist,2,N,Y,Improper Turning/No Signal,Driving On Wrong Side/Wrong Way,Daylight,Clear,Dry,N,,,,,No Controls,No Controls,Y,3,41.903785,-87.7849064,ok,(UNK),1,2004534,2020,,6,5,50000 and OVER,9,4295,Oak Park,C,Urban Local Road or Street,,16,16,10986742,8,Cook,2,20,,,7,N,Yes,Free Flow,202001214033,City,1,0.49,N,,,,(UNK),148129,(N/A),(UNK),No Defects,1,1,Local Road or Street,7,3130,X001993549,Not Toll,73,1,1,Not Divided,1,2944950.66224644,1916465.02000605,41.9037771,-87.7849,,Urban,1,N,(N/A),Y,(N/A)
2020,2020-08-14,Friday,10,10:36 AM,Property Damage,No Injuries,0,0,0,0,0,3,Turning,10,N,N,Improper Lane Usage,Unable to Determine,Daylight,Clear,Dry,Y,,,,,Traffic Signal,Functioning Properly,N,2,41.8719289,-87.7939833,ok,(UNK),1,2004479,2020,,20,18,50000 and OVER,9,4295,Oak Park,C,Urban Major Collector,,16,14,10988128,8,Cook,0,20,,,5,N,No,Slow,202001215298,City,1,6.7,N,,,,(UNK),148505,(N/A),(UNK),No Defects,1,1,Major Collector,5,2775,X001993615,Not Toll,73,3,4,Four Way,14,2942800.74050396,1904787.57908607,41.8719211,-87.794,,Urban,1,N,(N/A),Y,(N/A)
2020,2020-08-18,Tuesday,07,07:38 AM,Property Damage,No Injuries,0,0,0,0,0,3,Turning,10,N,N,Improper Turning/No Signal,Failing to Yield Right of Way,Daylight,Clear,Dry,N,,,,,No Controls,No Controls,N,2,41.8947077,-87.7759606,ok,(UNK),1,2004570,2020,,6,2,50000 and OVER,9,4295,Oak Park,C,Urban Minor Arterial,,16,18,10988145,8,Cook,0,20,,,2,N,No,Free Flow,202001215314,City,1,4.08,N,,,,(UNK),148514,(N/A),(UNK),No Defects,1,1,Minor Arterial,4,1398,X001994126,Not Toll,73,1,1,Not Divided,1,2947478.28195888,1913224.85798297,41.89469981,-87.776,,Urban,1,N,(N/A),Y,(N/A)
2020,2020-08-18,Tuesday,18,06:15 PM,Injury,B Injury Crash,1,0,0,1,0,1,Pedestrian,1,Y,N,Vision Obscured,Unable to Determine,Daylight,Clear,Dry,Y,,,,,Traffic Signal,Functioning Properly,N,1,41.8867126,-87.8049543,ok,(UNK),1,20- 2351,2020,,14,18,50000 and OVER,9,4295,Oak Park,C,Urban Other Principal Arte,,16,18,10986810,8,Cook,2,20,,,2,N,No,Free Flow,202001214099,City,1,26.51,Y,,,,(UNK),148532,(N/A),(UNK),No Defects,1,1,Other Principal Arterial,3,5043,X001993635,Not Toll,73,3,4,Four Way,14,2939664.19449803,1910092.56181653,41.88670477,-87.8049,,Urban,1,N,(N/A),Y,(N/A)
2020,2020-08-21,Friday,08,08:09 AM,Property Damage,No Injuries,0,0,0,0,0,1,Fixed Object,6,N,N,Unable to Determine,(N/A),Daylight,Clear,Dry,N,,,,,No Controls,No Controls,Y,1,41.8796602,-87.8009028,ok,(UNK),1,2004644,2020,,18,99,50000 and OVER,9,4295,Oak Park,C,Urban Minor Arterial,,16,21,10988159,8,Cook,0,20,LIGHT POLE,,5,N,No,Slow,202001215326,City,1,3.27,N,,,,(UNK),148555,(N/A),(UNK),No Defects,1,1,Minor Arterial,4,1419,X001994384,Not Toll,73,1,1,"Divided, No Median Barrier",2,2940838.36403558,1907552.95354026,41.87965239,-87.8009,,Urban,1,N,(N/A),Y,(N/A)
2020,2020-08-19,Wednesday,09,09:06 AM,Injury,B Injury Crash,1,0,0,1,0,1,Front to Rear,11,N,N,Failing to Reduce Speed to Avoid Crash,Following Too Closely,Daylight,Clear,Dry,N,,,,,Other,Functioning Properly,N,2,41.8736166,-87.8027102,ok,Partial Access Control,3,03-20-09936,2020,,28,3,50000 and OVER,9,4295,Oak Park,C,Urban InterState,,16,19,10987609,8,Cook,2,20,,,3,N,No,(UNK),202001214870,ISP,1,21.67,Y,,,,(UNK),148607,(N/A),(UNK),No Defects,1,1,InterState,1,9290,X001994451,Not Toll,73,13,4,Divided With Median Barrier,3,2940406.81569283,1905336.9682516,41.87360874,-87.8027,,Urban,1,N,(N/A),Y,(N/A)
2020,2020-08-18,Tuesday,08,08:05 AM,Property Damage,No Injuries,0,0,0,0,0,2,Front to Rear,11,N,N,Following Too Closely,Failing to Reduce Speed to Avoid Crash,Daylight,Clear,Dry,N,,,,,No Controls,No Controls,N,2,41.8722754,-87.7880907,ok,Partial Access Control,3,03-20-09874,2020,,3,28,50000 and OVER,9,4295,Oak Park,C,Urban InterState,,16,18,10988014,8,Cook,0,20,,,2,N,No,(UNK),202001215183,ISP,1,22.38,Y,,,,(UNK),149200,(N/A),(UNK),No Defects,1,1,InterState,1,9290,X001994744,Not Toll,73,1,1,Divided With Median Barrier,3,2944402.23579921,1904958.28137384,41.87226756,-87.7881,,Urban,1,N,(N/A),Y,(N/A)
2020,2020-08-14,Friday,13,01:15 PM,Property Damage,No Injuries,0,0,0,0,0,3,Front to Rear,11,N,N,Following Too Closely,Failing to Reduce Speed to Avoid Crash,Daylight,Clear,Dry,N,,,,,Traffic Signal,Functioning Improperly,N,2,41.8943514,-87.7946736,ok,(UNK),1,2004485,2020,,3,28,50000 and OVER,9,4295,Oak Park,C,Urban Major Collector,,16,14,10985728,8,Cook,0,20,,,5,N,No,Slow,202001213033,City,1,5.12,N,,,,(UNK),149486,(N/A),(UNK),No Defects,1,1,Major Collector,5,2775,X001992589,Not Toll,73,3,3,"Divided, No Median Barrier",2,2942386.76199337,1912953.52046103,41.8943435,-87.7947,,Urban,1,N,(N/A),Y,(N/A)
2020,2020-08-14,Friday,12,12:25 PM,Property Damage,No Injuries,0,0,0,0,0,4,Sideswipe Same Direction,12,N,N,Driving Skills/Knowledge/Experience,Unable to Determine,Daylight,Clear,Dry,Y,,,,,Traffic Signal,Functioning Properly,N,2,41.8983679,-87.7752671,ok,(UNK),1,2004483,2020,,15,18,50000 and OVER,9,4295,Oak Park,C,Urban Minor Arterial,,16,14,10985734,8,Cook,0,20,,,5,N,Yes,Free Flow,202001213039,City,1,0,N,,,,(UNK),149489,(N/A),(UNK),No Defects,1,1,Minor Arterial,4,,X001992576,Not Toll,,3,4,Not Divided,1,2947629.91181659,1914563.99137416,41.89836007,-87.7753,,Urban,1,N,(N/A),Y,(N/A)
2020,2020-08-14,Friday,09,09:00 AM,Property Damage,No Injuries,0,0,0,0,0,3,Turning,10,N,N,Improper Backing,Unable to Determine,Daylight,Clear,Dry,Y,,,,,Other Regualtory Sig,Functioning Properly,Y,2,41.8690994,-87.7754621,ok,(UNK),1,2004484,2020,,30,18,50000 and OVER,9,4295,Oak Park,C,Urban Local Road or Street,,16,14,10985736,8,Cook,0,20,,,5,N,No,Free Flow,202001213041,City,1,0,N,,,,(UNK),149491,(N/A),(UNK),No Defects,1,1,Local Road or Street,7,,X001992580,Not Toll,73,10,4,Four Way,14,2947874.16437073,1903896.52389998,41.8690916,-87.7755,,Urban,1,N,(N/A),Y,(N/A)
2020,2020-08-18,Tuesday,14,02:19 PM,Property Damage,No Injuries,0,0,0,0,0,2,Sideswipe Same Direction,12,N,N,Improper Lane Usage,Failing to Reduce Speed to Avoid Crash,Daylight,Clear,Dry,N,,,,,Other Regualtory Sig,Functioning Properly,Y,2,41.8708842,-87.8528408,outside_oak_park,Partial Access Control,3,03-20-09897,2020,,20,28,50000 and OVER,9,4295,Oak Park,C,Urban InterState,0,16,18,10988528,8,Cook,0,20,,,2,N,No,(UNK),202001215686,ISP,1,5.19,Y,,,,(UNK),149867,(N/A),(UNK),No Defects,1,1,InterState,1,290,X001995193,Not Toll,,10,4,Divided With Median Barrier,3,2926779.82882701,1903968.99279807,41.87087634,-87.8528,,Urban,1,N,(N/A),Y,(N/A)
2020,2020-08-17,Monday,18,06:26 PM,Injury,B Injury Crash,1,0,0,1,0,1,Turning,10,N,N,Failing to Yield Right of Way,(N/A),Daylight,Clear,Dry,Y,,,,,No Controls,No Controls,Y,2,41.8815777,-87.7926484,ok,(UNK),1,2004565,2020,,2,99,50000 and OVER,9,4295,Oak Park,C,Urban Major Collector,,16,17,10990756,8,Cook,2,20,,,1,N,No,Free Flow,202001217913,City,1,0,N,,,,(UNK),150171,(N/A),(UNK),No Defects,1,1,Major Collector,5,,X001997189,Not Toll,73,1,1,"Divided, No Median Barrier",2,2943067.01479887,1908313.82216507,41.88156986,-87.7926,,Urban,1,N,(N/A),Y,(N/A)