crash_year,crash_date,day_of_week,crash_hour,time_of_crash,crash_severity,crash_injury_severity,total_injured,total_fatals,a_injuries,b_injuries,c_injuries,no_injuries,type_of_first_crash,collision_type_code,pedestrian_involved,pedalcyclist_involved,cause1,cause2,lighting_cond,weather_cond,road_surface_cond,intersection_related,is_intersection,highway_or_street_name,at_intersection_with,address_no,traffic_control_device,traffic_control_device_cond,hit_and_run,number_of_vehicles,latitude,longitude,location_status,access_control,agency_code,agency_report_number,agency_report_year,alignment_code,cause1_code,cause2_code,city_class,city_class_code,city_code,city_name,city_township_flag,class_of_trafficway,class_of_trafficway_code,county_code,crash_day,crash_id,crash_month,crash_report_county,crash_severity_cd,crash_yr_source,damaged_property1,damaged_property2,day_of_week_code,did_crash_occur_in_work_zone,did_involve_secondary_crash,flow_condition,icn,investigating_agency_descrip,light_condition_code,mile_station,nhs,non_intersection_direction,non_intersection_distance,non_intersection_units,number_of_lanes,objectid,railroad_crossing_number,road_alignment,road_defects,road_defects_code,road_surface_condition_code,roadway_functional_class,roadway_functional_class_code,route_number,sfe,toll,township,traffic_control_device_code,traffic_control_device_cond_code,trafficway_descrip,trafficway_description_code,ts_crash_coordinate_x,ts_crash_coordinate_y,ts_crash_latitude,ts_crash_longitude,type_report,urban_rural,weather_code,were_workers_present,work_zone,work_zone_related,work_zone_type
2020,2020-08-18,Tuesday,15,03:11 PM,Injury,B Injury Crash,1,0,0,1,0,1,Pedestrian,1,Y,N,Failing to Yield Right of Way,(N/A),Daylight,Clear,Dry,N,,,,,No Controls,No Controls,N,1,41.8797316,-87.7946426,ok,(UNK),1,2004584,2020,,2,99,50000 and OVER,9,4295,Oak Park,C,Urban Minor Arterial,,16,18,10990758,8,Cook,2,20,,,2,N,No,Stopped,202001217914,City,1,3.58,N,,,,(UNK),150185,(N/A),(UNK),No Defects,1,1,Minor Arterial,4,1419,X001997190,Not Toll,73,1,1,"Divided, No Median Barrier",2,2942542.55761547,1907626.05170442,41.87972378,-87.7946,,Urban,1,N,(N/A),Y,(N/A)
2020,2020-08-19,Wednesday,15,03:03 PM,Property Damage,No Injuries,0,0,0,0,0,2,Front to Rear,11,N,N,Failing to Reduce Speed to Avoid Crash,Following Too Closely,Daylight,Clear,Dry,Y,,,,,No Controls,No Controls,N,2,41.881698,-87.786146,ok,(UNK),1,2004608,2020,,28,3,50000 and OVER,9,4295,Oak Park,C,Urban Major Collector,,16,19,10990759,8,Cook,0,20,,,3,N,No,Slow,202001217915,City,1,0,N,,,,(UNK),150186,(N/A),(UNK),No Defects,1,1,Major Collector,5,,X001997191,Not Toll,73,1,1,Not Divided,1,2944836.62561372,1908406.72670136,41.88169012,-87.7861,,Urban,1,N,(N/A),Y,(N/A)
2020,2020-08-21,Friday,14,02:33 PM,Property Damage,No Injuries,0,0,0,0,0,1,Parked Motor Vehicle,9,N,N,Failing to Reduce Speed to Avoid Crash,Unable to Determine,Daylight,Clear,Dry,N,,,,,No Controls,No Controls,N,2,41.8719688,-87.7936223,ok,(UNK),1,2004656,2020,,28,18,50000 and OVER,9,4295,Oak Park,C,Urban Local Road or Street,,16,21,10990761,8,Cook,0,20,,,5,N,No,Free Flow,202001217916,City,1,0.02,N,,,,(UNK),150187,(N/A),(UNK),No Defects,1,1,Local Road or Street,7,290,X001997193,Not Toll,73,1,1,Not Divided,1,2942898.67128664,1904804.8121242,41.87196092,-87.7936,,Urban,1,N,(N/A),Y,(N/A)
2020,2020-08-22,Saturday,01,01:55 AM,Injury,C Injury Crash,1,0,0,0,1,2,Angle,15,N,N,Driving On Wrong Side/Wrong Way,(N/A),Darkness / Lighted Road,Clear,Dry,N,,,,,No Controls,No Controls,Y,2,41.874596,-87.7744699,ok,(UNK),1,2004669,2020,,5,99,50000 and OVER,9,4295,Oak Park,C,Urban Minor Arterial,,16,22,10990762,8,Cook,1,20,,,6,N,No,Free Flow,202001217917,City,5,8.09,N,,,,(UNK),150188,(N/A),(UNK),No Defects,1,1,Minor Arterial,4,2790,X001997194,Not Toll,,1,1,Not Divided,1,2948088.59094206,1905907.10269437,41.87458815,-87.7745,,Urban,1,N,(N/A),Y,(N/A)
2020,2020-08-21,Friday,17,05:27 PM,Property Damage,No Injuries,0,0,0,0,0,4,Front to Rear,11,N,N,Failing to Reduce Speed to Avoid Crash,Unable to Determine,Daylight,Clear,Dry,Y,,,,,Traffic Signal,Functioning Properly,N,2,41.8983679,-87.7752663,ok,(UNK),1,2004660,2020,,28,18,50000 and OVER,9,4295,Oak Park,C,Urban Minor Arterial,,16,21,10990763,8,Cook,0,20,,,5,N,No,Slow,202001217918,City,1,0,N,,,,(UNK),150189,(N/A),(UNK),No Defects,1,1,Minor Arterial,4,,X001997195,Not Toll,,3,4,"Divided, No Median Barrier",2,2947630.13094734,1914564.00198376,41.89836008,-87.7753,,Urban,1,N,(N/A),Y,(N/A)
2020,2020-08-21,Friday,13,01:00 PM,Property Damage,No Injuries,0,0,0,0,0,2,Sideswipe Same Direction,12,N,N,Failing to Reduce Speed to Avoid Crash,Unable to Determine,Daylight,Clear,Dry,N,,,,,No Controls,No Controls,Y,2,41.8652138,-87.7909305,ok,(UNK),1,2004655,2020,,28,18,50000 and OVER,9,4295,Oak Park,C,Urban Other Principal Arte,,16,21,10990765,8,Cook,0,20,,,5,N,No,Free Flow,202001217921,City,1,6.68,Y,,,,(UNK),150191,(N/A),(UNK),No Defects,1,1,Other Principal Arterial,3,347,X001997197,Not Toll,52,1,1,Not Divided,1,2943700.01801536,1902363.48044558,41.86520597,-87.7909,,Urban,1,N,(N/A),Y,(N/A)
2020,2020-08-22,Saturday,07,07:50 AM,Injury,C Injury Crash,1,0,0,0,1,0,Parked Motor Vehicle,9,N,N,Physical Condition of Driver,Improper Lane Usage,Daylight,Clear,Dry,N,,,,,No Controls,No Controls,N,3,41.8797275,-87.7969538,ok,(UNK),1,2004672,2020,,17,20,50000 and OVER,9,4295,Oak Park,C,Urban Minor Arterial,,16,22,10990767,8,Cook,1,20,,,6,N,Yes,Free Flow,202001217923,City,1,0,N,,,,(UNK),150246,(N/A),(UNK),No Defects,1,1,Minor Arterial,4,,X001997200,Not Toll,73,1,1,"Divided, No Median Barrier",2,2941913.15797228,1907607.14992319,41.87971965,-87.7969,,Urban,1,N,(N/A),Y,(N/A)
2020,2020-08-22,Saturday,17,05:28 PM,Injury,B Injury Crash,1,0,0,1,0,0,Fixed Object,6,N,N,Failing to Reduce Speed to Avoid Crash,Driving Skills/Knowledge/Experience,Daylight,Clear,Dry,N,,,,,No Controls,No Controls,N,1,,,missing,(UNK),1,2004691,2020,,28,15,50000 and OVER,9,4295,Oak Park,C,(UNK),8,16,22,10990768,8,Cook,2,20,,,6,N,No,Slow,202001217924,City,1,0,N,,,,(UNK),150247,(N/A),(UNK),No Defects,1,1,(UNK),0,0,X001997201,No Toll,,1,1,Alley,12,0,0,,,,(UNK),1,N,(N/A),Y,(N/A)
2020,2020-08-22,Saturday,12,12:41 PM,Injury,B Injury Crash,5,0,0,2,3,0,Front to Rear,11,N,N,Failing to Reduce Speed to Avoid Crash,Following Too Closely,Daylight,Clear,Dry,N,,,,,No Controls,No Controls,N,2,41.8898456,-87.8050836,ok,(UNK),1,2004680,2020,,28,3,50000 and OVER,9,4295,Oak Park,C,Urban Other Principal Arte,,16,22,10990770,8,Cook,2,20,,,6,N,No,Slow,202001217926,City,1,18.97,Y,,,,(UNK),150249,(N/A),(UNK),No Defects,1,1,Other Principal Arterial,3,348,X001997203,Not Toll,73,1,1,"Divided, No Median Barrier",2,2939597.56002434,1911233.32716935,41.8898378,-87.8051,,Urban,1,N,(N/A),Y,(N/A)
2020,2020-08-22,Saturday,12,12:50 PM,Property Damage,No Injuries,0,0,0,0,0,2,Front to Rear,11,N,N,Failing to Reduce Speed to Avoid Crash,(N/A),Daylight,Clear,Dry,N,,,,,No Controls,No Controls,N,2,41.8763579,-87.7779115,ok,(UNK),1,2004683,2020,,28,99,50000 and OVER,9,4295,Oak Park,C,Urban Local Road or Street,,16,22,10990771,8,Cook,0,20,,,6,N,No,Stopped,202001217927,City,1,0.88,N,,,,(UNK),150250,(N/A),(UNK),No Defects,1,1,Local Road or Street,7,4025,X001997204,Not Toll,73,1,1,Divided With Median Barrier,3,2947133.33394525,1906523.06841267,41.8763501,-87.7779,,Urban,1,N,(N/A),Y,(N/A)
2020,2020-08-22,Saturday,15,03:03 PM,Property Damage,No Injuries,0,0,0,0,0,5,Fixed Object,6,N,N,Equipment-Vehicle Condition,Unable to Determine,Daylight,Clear,Dry,N,,,,,No Controls,No Controls,N,1,41.8817367,-87.783737,ok,(UNK),1,2004685,2020,,10,18,50000 and OVER,9,4295,Oak Park,C,Urban Major Collector,,16,22,10990772,8,Cook,0,20,SIGN,,6,N,No,Slow,202001217928,City,1,1.07,N,,,,(UNK),150251,(N/A),(UNK),No Defects,1,1,Major Collector,5,5,X001997205,Not Toll,73,1,1,Not Divided,1,2945492.27709889,1908439.06898554,41.88172888,-87.7837,,Urban,1,N,(N/A),Y,(N/A)
2020,2020-08-24,Monday,08,08:08 AM,Property Damage,No Injuries,0,0,0,0,0,2,Angle,15,N,N,Failing to Yield Right of Way,Failing to Reduce Speed to Avoid Crash,Daylight,Clear,Dry,Y,,,,,Stop Sign,Functioning Properly,N,2,41.8851885,-87.7862421,ok,(UNK),1,2004713,2020,,2,28,50000 and OVER,9,4295,Oak Park,C,Urban Local Road or Street,,16,24,10990774,8,Cook,0,20,,,1,N,No,Free Flow,202001217930,City,1,0,N,,,,(UNK),150252,(N/A),(UNK),No Defects,1,1,Local Road or Street,7,,X001997207,Not Toll,73,2,4,Not Divided,1,2944775.15195831,1909678.0298598,41.88518069,-87.7862,,Urban,1,N,(N/A),Y,(N/A)
2020,2020-08-24,Monday,16,04:02 PM,Property Damage,No Injuries,0,0,0,0,0,4,Sideswipe Same Direction,12,N,N,Improper Lane Usage,Failing to Yield Right of Way,Daylight,Clear,Dry,Y,,,,,Stop Sign,Functioning Properly,N,2,41.8834256,-87.7956902,ok,(UNK),1,2004730,2020,,20,2,50000 and OVER,9,4295,Oak Park,C,Urban Local Road or Street,,16,24,10990780,8,Cook,0,20,,,1,N,No,Free Flow,202001217934,City,1,0,N,,,,(UNK),150307,(N/A),(UNK),No Defects,1,1,Local Road or Street,7,,X001997213,Not Toll,73,2,4,Not Divided,1,2942220.02017866,1908964.31558566,41.88341775,-87.7957,,Urban,1,N,(N/A),Y,(N/A)
2020,2020-08-24,Monday,22,10:33 PM,Property Damage,No Injuries,0,0,0,0,0,1,Parked Motor Vehicle,9,N,N,Equipment-Vehicle Condition,Driving Skills/Knowledge/Experience,Darkness / Lighted Road,Clear,Dry,N,,,,,No Controls,No Controls,N,3,41.8815818,-87.7947308,ok,(UNK),1,2004740,2020,,10,15,50000 and OVER,9,4295,Oak Park,C,Urban Major Collector,,16,24,10990781,8,Cook,0,20,,,1,N,No,Slow,202001217935,City,5,0.52,N,,,,(UNK),150308,(N/A),(UNK),No Defects,1,1,Major Collector,5,5,X001997214,Not Toll,73,1,1,Not Divided,1,2942499.88000483,1908299.63219896,41.88157397,-87.7947,,Urban,1,N,(N/A),Y,(N/A)
2020,2020-08-22,Saturday,12,12:40 PM,Property Damage,No Injuries,0,0,0,0,0,2,Turning,10,N,N,Failing to Reduce Speed to Avoid Crash,Failing to Reduce Speed to Avoid Crash,Daylight,Clear,Dry,N,,,,,No Controls,No Controls,Y,2,41.8650368,-87.8035924,ok,(UNK),1,2004682,2020,,28,28,50000 and OVER,9,4295,Oak Park,C,Urban Other Principal Arte,,16,22,10990782,8,Cook,0,20,,,6,N,No,Stopped,202001217936,City,1,6.02,Y,,,,(UNK),150309,(N/A),(UNK),No Defects,1,1,Other Principal Arterial,3,347,X001997215,Not Toll,73,1,1,Not Divided,1,2940252.66855254,1902203.7206671,41.86502894,-87.8036,,Urban,1,N,(N/A),Y,(N/A)
2020,2020-08-24,Monday,11,11:52 AM,Property Damage,No Injuries,0,0,0,0,0,1,Parked Motor Vehicle,9,N,N,Improper Backing,(N/A),Unknown,Unknown,Dry,N,,,,,No Controls,No Controls,Y,2,41.8897881,-87.7960376,ok,(UNK),1,2004717,2020,,30,99,50000 and OVER,9,4295,Oak Park,C,Urban Local Road or Street,,16,24,10990784,8,Cook,0,20,,,1,N,No,(UNK),202001217938,City,9,1.35,N,,,,(UNK),150310,(N/A),(UNK),No Defects,1,1,Local Road or Street,7,2683,X001997218,Not Toll,73,1,1,Not Divided,1,2942061.33089556,1911280.30591853,41.88978023,-87.796,,Urban,9,N,(N/A),Y,(N/A)
2020,2020-08-19,Wednesday,15,03:12 PM,Property Damage,No Injuries,0,0,0,0,0,4,Front to Rear,11,N,N,Following Too Closely,Failing to Reduce Speed to Avoid Crash,Daylight,Clear,Dry,N,,,,,Other,Functioning Properly,N,4,41.873779,-87.8045294,ok,(UNK),3,03-20-09958,2020,,3,28,50000 and OVER,9,4295,Oak Park,C,Rural (UNK),,16,19,10989879,8,Cook,0,20,,,3,N,No,(UNK),202001217038,ISP,1,21.6,N,,,,(UNK),150847,(N/A),(UNK),No Defects,1,1,(UNK),0,9290,X001996450,No Toll,73,13,4,Divided With Median Barrier,3,2939909.70218522,1905382.5095374,41.87377116,-87.8045,,Rural,1,N,(N/A),Y,(N/A)
2020,2020-08-25,Tuesday,10,10:46 AM,Property Damage,No Injuries,0,0,0,0,0,2,Turning,10,N,N,Improper Turning/No Signal,Improper Lane Usage,Daylight,Clear,Dry,Y,,,,,Traffic Signal,Functioning Properly,Y,2,41.8800058,-87.7844421,ok,(UNK),1,2004746,2020,,6,20,50000 and OVER,9,4295,Oak Park,C,Urban Minor Arterial,,16,25,10992891,8,Cook,0,20,,,2,N,No,Free Flow,202001219529,City,1,1.51,N,,,,(UNK),151257,(N/A),(UNK),No Defects,1,1,Minor Arterial,4,2783,X001998611,Not Toll,73,3,4,"Divided, No Median Barrier",2,2945317.78133424,1907802.95337622,41.87999795,-87.7844,,Urban,1,N,(N/A),Y,(N/A)
2020,2020-08-25,Tuesday,12,12:01 PM,Property Damage,No Injuries,0,0,0,0,0,2,Sideswipe Same Direction,12,N,N,Improper Lane Usage,Driving Skills/Knowledge/Experience,Daylight,Clear,Dry,N,,,,,Other,Functioning Properly,N,2,41.8736164,-87.8027104,ok,Partial Access Control,3,03-20-10276,2020,,20,15,50000 and OVER,9,4295,Oak Park,C,Urban InterState,,16,25,10992920,8,Cook,0,20,,,2,N,No,(UNK),202001219554,ISP,1,21.67,Y,,,,(UNK),151322,(N/A),(UNK),No Defects,1,1,InterState,1,9290,X001998671,Not Toll,73,13,4,Divided With Median Barrier,3,2940406.75641711,1905336.90828877,41.87360858,-87.8027,,Urban,1,N,(N/A),Y,(N/A)
2020,2020-08-26,Wednesday,17,05:15 PM,Property Damage,No Injuries,0,0,0,0,0,2,Front to Rear,11,N,N,Following Too Closely,Failing to Reduce Speed to Avoid Crash,Daylight,Clear,Dry,N,,,,,No Controls,No Controls,Y,2,41.8773757,-87.8046413,ok,(UNK),1,20-02461,2020,,3,28,50000 and OVER,9,4295,Oak Park,C,Urban Other Principal Arte,,16,26,10992528,8,Cook,0,20,,,3,N,No,Slow,202001219191,City,1,19.83,Y,,,,(UNK),151440,(N/A),(UNK),No Defects,1,1,Other Principal Arterial,3,348,X001998330,Not Toll,73,1,1,"Divided, No Median Barrier",2,2939843.12815198,1906692.37201467,41.87736786,-87.8046,,Urban,1,N,(N/A),Y,(N/A)
2020,2020-08-25,Tuesday,17,05:59 PM,Property Damage,No Injuries,0,0,0,0,0,2,Sideswipe Same Direction,12,N,N,Failing to Reduce Speed to Avoid Crash,Unable to Determine,Daylight,Clear,Dry,N,,,,,No Controls,No Controls,N,2,41.8905613,-87.8048426,ok,(UNK),1,2004755,2020,,28,18,50000 and OVER,9,4295,Oak Park,C,Urban Local Road or Street,,16,25,10993043,8,Cook,0,20,,,2,N,No,Free Flow,202001219670,City,1,0.69,N,,,,(UNK),151648,(N/A),(UNK),No Defects,1,1,Local Road or Street,7,1405,X001998613,Not Toll,73,1,1,Not Divided,1,2939655.98888038,1911495.94158997,41.89055348,-87.8048,,Urban,1,N,(N/A),Y,(N/A)
2020,2020-08-28,Friday,20,08:35 PM,Injury,C Injury Crash,1,0,0,0,1,3,Turning,10,N,N,Unable to Determine,Unable to Determine,Darkness / Lighted Road,Clear,Dry,Y,,,,,Traffic Signal,Functioning Properly,N,2,41.8736415,-87.8045252,ok,Partial Access Control,1,20-02485,2020,,18,18,50000 and OVER,9,4295,Oak Park,C,Urban InterState,,16,28,10994726,8,Cook,1,20,,,5,N,No,Free Flow,202001221479,City,5,25.61,Y,,,,(UNK),152349,(N/A),(UNK),No Defects,1,1,InterState,1,5043,X002000337,Not Toll,73,3,4,"Divided, No Median Barrier",2,2939912.23939163,1905332.44616587,41.87363369,-87.8045,,Urban,1,N,(N/A),Y,(N/A)
2020,2020-08-25,Tuesday,15,03:36 PM,Property Damage,No Injuries,0,0,0,0,0,2,Front to Rear,11,N,N,Failing to Reduce Speed to Avoid Crash,Following Too Closely,Daylight,Clear,Dry,N,,,,,No Controls,No Controls,N,2,41.8719424,-87.7841592,ok,Partial Access Control,3,03-20-10293,2020,,28,3,50000 and OVER,9,4295,Oak Park,C,Urban InterState,,16,25,10993562,8,Cook,0,20,,,2,N,No,(UNK),202001220282,ISP,1,22.6,Y,,,,(UNK),152383,(N/A),(UNK),No Defects,1,1,InterState,1,9290,X001999260,Not Toll,73,1,1,Divided With Median Barrier,3,2945476.44715984,1904866.62747688,41.87193451,-87.7842,,Urban,1,N,(N/A),Y,(N/A)
2020,2020-08-27,Thursday,12,12:20 PM,Property Damage,No Injuries,0,0,0,0,0,2,Front to Rear,11,N,N,Failing to Reduce Speed to Avoid Crash,(N/A),Daylight,Clear,Dry,N,,,,,No Controls,No Controls,N,2,41.8652041,-87.7915165,ok,(UNK),1,2004787,2020,,28,99,50000 and OVER,9,4295,Oak Park,C,Urban Other Principal Arte,,16,27,10994075,8,Cook,0,20,,,4,N,No,Stopped,202001220781,City,1,6.65,Y,,,,(UNK),152896,(N/A),(UNK),No Defects,1,1,Other Principal Arterial,3,347,X001999655,Not Toll,52,1,1,"Divided, No Median Barrier",2,2943540.49201912,1902355.51804776,41.86519625,-87.7915,,Urban,1,N,(N/A),Y,(N/A)
2020,2020-08-26,Wednesday,01,01:19 AM,Property Damage,No Injuries,0,0,0,0,0,3,Front to Rear,11,N,N,Improper Lane Usage,Failing to Reduce Speed to Avoid Crash,Darkness,Clear,Dry,N,,,,,No Controls,Not Functioning,N,2,41.8712672,-87.7794809,ok,Partial Access Control,3,03-20-10304,2020,,20,28,50000 and OVER,9,4295,Oak Park,C,Urban InterState,0,16,26,10995786,8,Cook,0,20,,,3,N,No,(UNK),202001222497,ISP,4,8.95,Y,,,,(UNK),153654,(N/A),(UNK),No Defects,1,1,InterState,1,290,X002001393,Not Toll,,1,2,Divided With Median Barrier,3,2946757.52796076,1904656.02625452,41.8712594,-87.7795,,Urban,1,N,(N/A),Y,(N/A)
2020,2020-08-28,Friday,22,10:09 PM,Injury,B Injury Crash,1,0,0,1,0,1,Sideswipe Same Direction,12,N,N,Improper Lane Usage,(N/A),Daylight,Clear,Dry,N,,,,,No Controls,No Controls,N,2,41.8726242,-87.7954931,ok,Partial Access Control,3,03-20-10441,2020,,20,99,50000 and OVER,9,4295,Oak Park,C,Urban InterState,0,16,28,10996289,8,Cook,2,20,,,5,N,No,(UNK),202001222981,ISP,1,8.12,Y,,,,(UNK),154270,(N/A),(UNK),No Defects,1,1,InterState,1,290,X002001887,Not Toll,,1,1,Not Divided,1,2942382.51662191,1905029.57113735,41.87261634,-87.7955,,Urban,1,N,(N/A),Y,(N/A)
2020,2020-08-27,Thursday,17,05:55 PM,Property Damage,No Injuries,0,0,0,0,0,3,Turning,10,N,N,Failing to Yield Right of Way,Unable to Determine,Daylight,Clear,Dry,N,,,,,No Controls,No Controls,N,2,41.8797086,-87.7983107,ok,(UNK),1,2004799,2020,,2,18,50000 and OVER,9,4295,Oak Park,C,Urban Minor Arterial,,16,27,10996910,8,Cook,0,20,,,4,N,No,Stopped,202001223426,City,1,3.39,N,,,,(UNK),154529,(N/A),(UNK),No Defects,1,1,Minor Arterial,4,1419,X002000564,Not Toll,73,1,1,"Divided, No Median Barrier",2,2941543.8053152,1907590.06909108,41.87970078,-87.7983,,Urban,1,N,(N/A),Y,(N/A)
2020,2020-08-28,Friday,10,10:17 AM,Property Damage,No Injuries,0,0,0,0,0,2,Sideswipe Same Direction,12,N,N,Unable to Determine,(N/A),Daylight,Clear,Dry,N,,,,,No Controls,No Controls,Y,2,41.8650278,-87.8042158,ok,(UNK),1,2004804,2020,,18,99,50000 and OVER,9,4295,Oak Park,C,Urban Other Principal Arte,,16,28,10996912,8,Cook,0,20,,,5,N,No,Slow,202001223428,City,1,25.01,Y,,,,(UNK),154530,(N/A),(UNK),No Defects,1,1,Other Principal Arterial,3,5043,X002000566,Not Toll,52,1,1,"Divided, No Median Barrier",2,2940082.93081867,1902195.78557851,41.86502,-87.8042,,Urban,1,N,(N/A),Y,(N/A)
2020,2020-08-28,Friday,12,12:22 PM,Injury,B Injury Crash,3,0,0,3,0,5,Angle,15,N,N,Failing to Yield Right of Way,Failing to Reduce Speed to Avoid Crash,Daylight,Clear,Dry,Y,,,,,Traffic Signal,Functioning Properly,N,3,41.8653378,-87.7839758,ok,(UNK),1,2004810,2020,,2,28,50000 and OVER,9,4295,Oak Park,C,Urban Other Principal Arte,,16,28,10996914,8,Cook,2,20,,,5,N,No,Slow,202001223429,City,1,0,Y,,,,(UNK),154531,(N/A),(UNK),No Defects,1,1,Other Principal Arterial,3,,X002001251,Not Toll,52,3,4,"Divided, No Median Barrier",2,2945593.23279017,1902461.21024451,41.86533,-87.784,,Urban,1,N,(N/A),Y,(N/A)
2020,2020-08-28,Friday,16,04:24 PM,Injury,B Injury Crash,1,0,0,1,0,2,Turning,10,N,N,Failing to Yield Right of Way,Improper Turning/No Signal,Daylight,Clear,Dry,N,,,,,No Controls,No Controls,N,2,41.8800829,-87.7942873,ok,(UNK),1,2004822,2020,,2,6,50000 and OVER,9,4295,Oak Park,C,Urban Major Collector,,16,28,10996915,8,Cook,2,20,,,5,N,No,Free Flow,202001223430,City,1,6.14,N,,,,(UNK),154532,(N/A),(UNK),No Defects,1,1,Major Collector,5,2775,X002001252,Not Toll,73,1,1,Not Divided,1,2942635.77674882,1907756.72269925,41.88007501,-87.7943,,Urban,1,N,(N/A),Y,(N/A)
2020,2020-08-29,Saturday,15,03:39 PM,Property Damage,No Injuries,0,0,0,0,0,2,Front to Rear,11,N,N,Failing to Reduce Speed to Avoid Crash,Following Too Closely,Daylight,Clear,Dry,N,,,,,No Controls,No Controls,N,2,41.8728202,-87.7975196,ok,Partial Access Control,3,03-20-10476,2020,,28,3,50000 and OVER,9,4295,Oak Park,C,Urban InterState,0,16,29,10997554,8,Cook,0,20,,,6,N,No,(UNK),202001224093,ISP,1,21.9,Y,,,,(UNK),154595,(N/A),(UNK),No Defects,1,1,InterState,1,9290,X002002866,Not Toll,,1,1,Divided With Median Barrier,3,2941828.57850872,1905085.76796872,41.8728124,-87.7975,,Urban,1,N,(N/A),Y,(N/A)
2020,2020-08-28,Friday,11,11:59 AM,Property Damage,No Injuries,0,0,0,0,0,2,Angle,15,N,N,Disregarding Other Traffic Signs,Failing to Yield Right of Way,Daylight,Clear,Dry,Y,,,,,Stop Sign,Functioning Properly,N,2,41.901968,-87.7778142,ok,(UNK),1,2004808,2020,,24,2,50000 and OVER,9,4295,Oak Park,C,Urban Major Collector,,16,28,10996916,8,Cook,0,20,,,5,N,No,Free Flow,202001223431,City,1,0,N,,,,(UNK),154634,(N/A),(UNK),No Defects,1,1,Major Collector,5,,X002001253,Not Toll,73,2,4,Not Divided,1,2946899.87381878,1915856.60525471,41.90196016,-87.7778,,Urban,1,N,(N/A),Y,(N/A)
2020,2020-08-24,Monday,14,02:57 PM,Property Damage,No Injuries,0,0,0,0,0,3,Front to Rear,11,N,N,Failing to Reduce Speed to Avoid Crash,Distraction - From Inside Vehicle,Daylight,Clear,Dry,N,,,,,Other,Functioning Properly,N,2,41.8709718,-87.7750983,ok,Partial Access Control,3,03-20-10231,2020,,28,41,50000 and OVER,9,4295,Oak Park,C,Urban InterState,0,16,24,10991278,8,Cook,0,20,,,1,N,No,(UNK),202001218372,ISP,1,9.17,Y,,,,(UNK),155295,(N/A),(UNK),No Defects,1,1,InterState,1,290,X001997665,Not Toll,,13,4,Divided With Median Barrier,3,2947954.23940898,1904581.61363151,41.87096398,-87.7751,,Urban,1,N,(N/A),Y,(N/A)
2020,2020-08-28,Friday,18,06:06 PM,Injury,B Injury Crash,1,0,0,1,0,2,Front to Rear,11,N,N,Physical Condition of Driver,Following Too Closely,Daylight,Cloudy/Overcast,Dry,Y,,,,,No Controls,No Controls,N,2,41.8797517,-87.7905539,ok,(UNK),1,2004824,2020,,17,3,50000 and OVER,9,4295,Oak Park,C,Urban Minor Arterial,,16,28,10998085,8,Cook,2,20,,,5,N,Yes,Slow,202001224632,City,1,0,N,,,,(UNK),155452,(N/A),(UNK),No Defects,1,1,Minor Arterial,4,,X002003203,Not Toll,73,1,1,Not Divided,1,2943655.86097637,1907664.1912001,41.87974387,-87.7905,,Urban,8,N,(N/A),Y,(N/A)
2020,2020-09-01,Tuesday,17,05:12 PM,Property Damage,No Injuries,0,0,0,0,0,2,Sideswipe Same Direction,12,N,N,Failing to Reduce Speed to Avoid Crash,Improper Lane Usage,Daylight,Rain,Wet,N,,,,,No Controls,No Controls,N,2,41.8735816,-87.8023449,ok,Partial Access Control,3,03-20-10631,2020,,28,20,50000 and OVER,9,4295,Oak Park,C,Urban InterState,,16,1,10999856,9,Cook,0,20,,,2,N,No,(UNK),202001226432,ISP,1,21.68,Y,,,,(UNK),155558,(N/A),(UNK),No Defects,1,2,InterState,1,9290,X002004996,Not Toll,73,1,1,Divided With Median Barrier,3,2940506.666638,1905326.94493092,41.87357371,-87.8023,,Urban,2,N,(N/A),Y,(N/A)
2020,2020-06-09,Tuesday,12,12:30 PM,Property Damage,No Injuries,0,0,0,0,0,2,Front to Rear,11,N,N,Failing to Reduce Speed to Avoid Crash,Following Too Closely,Daylight,Clear,Dry,N,,,,,Other Regualtory Sig,Functioning Properly,N,2,41.8734631,-87.804249,ok,Partial Access Control,3,03-20-10265,2020,,28,3,50000 and OVER,9,4295,Oak Park,C,Urban InterState,0,16,9,10999058,6,Cook,0,20,,,2,N,No,(UNK),202001225617,ISP,1,7.71,Y,,,,(UNK),156116,(N/A),(UNK),No Defects,1,1,InterState,1,290,X002004287,Not Toll,,10,4,Divided With Median Barrier,3,2939989.24328351,1905269.48647058,41.87345524,-87.8042,,Urban,1,N,(N/A),Y,(N/A)
2020,2020-08-31,Monday,18,06:36 PM,Property Damage,No Injuries,0,0,0,0,0,2,Angle,15,N,N,Failing to Yield Right of Way,Disregarding Stop Sign,Daylight,Cloudy/Overcast,Dry,Y,,,,,Stop Sign,Functioning Properly,N,2,41.8854023,-87.8049151,ok,(UNK),1,2004890,2020,,2,23,50000 and OVER,9,4295,Oak Park,C,Urban Other Principal Arte,,16,31,10999147,8,Cook,0,20,,,1,N,No,Slow,202001225717,City,1,26.42,Y,,,,(UNK),156570,(N/A),(UNK),No Defects,1,1,Other Principal Arterial,3,5043,X002004190,Not Toll,73,2,4,Not Divided,1,2939688.03561553,1909615.35488358,41.88539445,-87.8049,,Urban,8,N,(N/A),Y,(N/A)