crash_year,crash_date,day_of_week,crash_hour,time_of_crash,crash_severity,crash_injury_severity,total_injured,total_fatals,a_injuries,b_injuries,c_injuries,no_injuries,type_of_first_crash,collision_type_code,pedestrian_involved,pedalcyclist_involved,cause1,cause2,lighting_cond,weather_cond,road_surface_cond,intersection_related,is_intersection,highway_or_street_name,at_intersection_with,address_no,traffic_control_device,traffic_control_device_cond,hit_and_run,number_of_vehicles,latitude,longitude,location_status,access_control,agency_code,agency_report_number,agency_report_year,alignment_code,cause1_code,cause2_code,city_class,city_class_code,city_code,city_name,city_township_flag,class_of_trafficway,class_of_trafficway_code,county_code,crash_day,crash_id,crash_month,crash_report_county,crash_severity_cd,crash_yr_source,damaged_property1,damaged_property2,day_of_week_code,did_crash_occur_in_work_zone,did_involve_secondary_crash,flow_condition,icn,investigating_agency_descrip,light_condition_code,mile_station,nhs,non_intersection_direction,non_intersection_distance,non_intersection_units,number_of_lanes,objectid,railroad_crossing_number,road_alignment,road_defects,road_defects_code,road_surface_condition_code,roadway_functional_class,roadway_functional_class_code,route_number,sfe,toll,township,traffic_control_device_code,traffic_control_device_cond_code,trafficway_descrip,trafficway_description_code,ts_crash_coordinate_x,ts_crash_coordinate_y,ts_crash_latitude,ts_crash_longitude,type_report,urban_rural,weather_code,were_workers_present,work_zone,work_zone_related,work_zone_type
2020,2020-09-02,Wednesday,16,04:42 PM,Property Damage,No Injuries,0,0,0,0,0,2,Front to Rear,11,N,N,Following Too Closely,Failing to Reduce Speed to Avoid Crash,Daylight,Clear,Dry,N,,,,,Other,Functioning Properly,N,2,41.8722999,-87.78836,ok,Partial Access Control,3,03-20-10686,2020,,3,28,50000 and OVER,9,4295,Oak Park,C,Urban InterState,,16,2,10999766,9,Cook,0,20,,,3,N,No,(UNK),202001226343,ISP,1,22.37,Y,,,,(UNK),157009,(N/A),(UNK),No Defects,1,1,InterState,1,9290,X002004905,Not Toll,73,13,4,Divided With Median Barrier,3,2944328.6334214,1904965.15719947,41.87229201,-87.7884,,Urban,1,N,(N/A),Y,(N/A)
2020,2020-09-03,Thursday,15,03:30 PM,Property Damage,No Injuries,0,0,0,0,0,2,Turning,10,N,N,Driving Skills/Knowledge/Experience,Improper Turning/No Signal,Daylight,Clear,Dry,N,,,,,No Controls,No Controls,Y,2,41.8665922,-87.8042656,ok,(UNK),1,20-02550,2020,,15,6,50000 and OVER,9,4295,Oak Park,C,Urban Other Principal Arte,,16,3,11001112,9,Cook,0,20,,,4,N,No,Stopped,202001227452,City,1,20.58,Y,,,,(UNK),157242,(N/A),(UNK),No Defects,1,1,Other Principal Arterial,3,348,X002005946,Not Toll,73,1,1,"Divided, No Median Barrier",2,2940053.66747944,1902765.49606604,41.86658437,-87.8043,,Urban,1,N,(N/A),Y,(N/A)
2020,2020-08-27,Thursday,13,01:20 PM,Injury,B Injury Crash,2,0,0,1,1,0,Overturned,5,N,N,Under Influence of Alcohol/Drugs,Improper Lane Usage,Daylight,Clear,Dry,N,,,,,Other,Functioning Properly,N,1,41.8730302,-87.7974353,ok,Partial Access Control,3,03-20-10366,2020,,8,20,50000 and OVER,9,4295,Oak Park,C,Urban InterState,,16,27,10998855,8,Cook,2,20,,,4,N,No,(UNK),202001225418,ISP,1,21.91,Y,,,,(UNK),157312,(N/A),(UNK),No Defects,1,1,InterState,1,9290,X002004076,Not Toll,73,13,4,Divided With Median Barrier,3,2941849.42986629,1905162.91806026,41.87302237,-87.7974,,Urban,1,N,(N/A),Y,(N/A)
2020,2020-08-23,Sunday,23,11:35 PM,Injury,B Injury Crash,1,0,0,1,0,2,Sideswipe Same Direction,12,N,N,Improper Lane Usage,Under Influence of Alcohol/Drugs,Darkness / Lighted Road,Clear,Dry,N,,,,,Other Regualtory Sig,Functioning Properly,N,2,41.8720908,-87.7892535,ok,Partial Access Control,3,03-20-10146,2020,,20,8,50000 and OVER,9,4295,Oak Park,C,Urban InterState,,16,23,11001391,8,Cook,2,20,,,7,N,No,(UNK),202001227724,ISP,5,8.44,Y,,,,(UNK),157438,(N/A),(UNK),No Defects,1,1,InterState,1,290,X002006231,Not Toll,73,10,4,Divided With Median Barrier,3,2944087.39284056,1904882.22419869,41.87208294,-87.7892,,Urban,1,N,(N/A),Y,(N/A)
2020,2020-08-31,Monday,19,07:08 PM,Property Damage,No Injuries,0,0,0,0,0,2,Angle,15,N,N,Disregarding Traffic Signals,Failing to Yield Right of Way,Daylight,Clear,Dry,Y,,,,,Traffic Signal,Functioning Properly,N,2,41.8726278,-87.7842258,ok,(UNK),1,2004891,2020,,25,2,50000 and OVER,9,4295,Oak Park,C,Urban Major Collector,,16,31,11000487,8,Cook,0,20,,,1,N,Yes,Free Flow,202001226841,City,1,0,N,,,,(UNK),157497,(N/A),(UNK),No Defects,1,1,Major Collector,5,,X002005285,Not Toll,73,3,4,Not Divided,1,2945451.36135475,1905115.92671984,41.87262,-87.7842,,Urban,1,N,(N/A),Y,(N/A)
2020,2020-09-01,Tuesday,08,08:04 AM,Injury,B Injury Crash,2,0,0,1,1,0,Angle,15,N,N,Failing to Yield Right of Way,Failing to Reduce Speed to Avoid Crash,Daylight,Cloudy/Overcast,Dry,Y,,,,,Stop Sign,Functioning Properly,N,2,41.8834465,-87.7845466,ok,(UNK),1,2004897,2020,,2,28,50000 and OVER,9,4295,Oak Park,C,Urban Major Collector,,16,1,11000490,9,Cook,2,20,,,2,N,No,Free Flow,202001226844,City,1,0,N,,,,(UNK),157498,(N/A),(UNK),No Defects,1,1,Major Collector,5,,X002005288,Not Toll,73,2,4,Unknown Intersection Type,22,2945254.50811199,1909056.03336639,41.8834387,-87.7845,,Urban,8,N,(N/A),Y,(N/A)
2020,2020-09-01,Tuesday,11,11:05 AM,Property Damage,No Injuries,0,0,0,0,0,1,Parked Motor Vehicle,9,N,N,Unable to Determine,(N/A),Daylight,Cloudy/Overcast,Unknown,N,,,,,Stop Sign,Functioning Properly,N,2,41.8901763,-87.7976375,ok,(UNK),1,2004903,2020,,18,99,50000 and OVER,9,4295,Oak Park,C,Urban Local Road or Street,,16,1,11000491,9,Cook,0,20,,,2,N,No,Free Flow,202001226845,City,1,0.13,N,,,,(UNK),157499,(N/A),(UNK),No Defects,1,9,Local Road or Street,7,3060,X002005289,Not Toll,73,2,4,Not Divided,1,2941621.79142706,1911409.75887254,41.89016849,-87.7976,,Urban,8,N,(N/A),Y,(N/A)
2020,2020-08-29,Saturday,20,08:37 PM,Property Damage,No Injuries,0,0,0,0,0,3,Sideswipe Same Direction,12,N,N,Improper Lane Usage,Failing to Reduce Speed to Avoid Crash,Darkness / Lighted Road,Clear,Dry,N,,,,,No Controls,No Controls,Y,2,41.8710576,-87.7761329,ok,Partial Access Control,3,03-20-10489,2020,,20,28,50000 and OVER,9,4295,Oak Park,C,Urban InterState,,16,29,11002086,8,Cook,0,20,,,6,N,No,(UNK),202001228402,ISP,5,9.12,Y,,,,(UNK),157649,(N/A),(UNK),No Defects,1,1,InterState,1,290,X002006887,Not Toll,73,1,1,Divided With Median Barrier,3,2947671.57536813,1904605.03664323,41.8710498,-87.7761,,Urban,1,N,(N/A),Y,(N/A)
2020,2020-09-04,Friday,18,06:55 PM,Property Damage,No Injuries,0,0,0,0,0,2,Front to Rear,11,N,N,Improper Overtaking/Passing,Improper Lane Usage,Daylight,Clear,Dry,Y,,,,,No Controls,No Controls,Y,2,41.8759849,-87.8045955,ok,(UNK),1,20-02569,2020,,4,20,50000 and OVER,9,4295,Oak Park,C,Urban Other Principal Arte,,16,4,11002102,9,Cook,0,20,,,5,N,No,Slow,202001228418,City,1,25.77,Y,,,,(UNK),157697,(N/A),(UNK),No Defects,1,1,Other Principal Arterial,3,5043,X002006903,Not Toll,73,1,1,"Divided, No Median Barrier",2,2939869.55716086,1906185.86644903,41.87597702,-87.8046,,Urban,1,N,(N/A),Y,(N/A)
2020,2020-09-06,Sunday,14,02:40 PM,Property Damage,No Injuries,0,0,0,0,0,3,Front to Rear,11,N,N,Failing to Reduce Speed to Avoid Crash,Following Too Closely,Daylight,Clear,Dry,N,,,,,Delineators,Functioning Properly,N,3,41.8712478,-87.7746674,ok,Partial Access Control,3,03-20-10884,2020,,28,3,50000 and OVER,9,4295,Oak Park,C,Urban InterState,,16,6,11003830,9,Cook,0,20,,,7,N,No,(UNK),202001230167,ISP,1,23.07,Y,,,,(UNK),158794,(N/A),(UNK),No Defects,1,1,InterState,1,9290,X002008635,Not Toll,73,14,4,Divided With Median Barrier,3,2948068.82496698,1904685.4656539,41.87123998,-87.7747,,Urban,1,N,(N/A),Y,(N/A)
2020,2020-08-21,Friday,14,02:05 PM,Property Damage,No Injuries,0,0,0,0,0,5,Front to Rear,11,N,N,Failing to Reduce Speed to Avoid Crash,Equipment-Vehicle Condition,Daylight,Clear,Dry,N,,,,,Other,Functioning Properly,N,3,41.8723185,-87.8032285,ok,(UNK),3,03-20-10060,2020,,28,10,50000 and OVER,9,4295,Oak Park,C,Urban Local Road or Street,0,16,21,11004306,8,Cook,0,20,,,5,N,No,(UNK),202001230624,ISP,1,0.07,N,,,,(UNK),159659,(N/A),(UNK),No Defects,1,1,Local Road or Street,7,4062,X002009098,Not Toll,,13,4,Divided With Median Barrier,3,2940278.69884051,1904860.02882277,41.87231064,-87.8032,,Urban,1,N,(N/A),Y,(N/A)
2020,2020-09-08,Tuesday,07,07:20 AM,Property Damage,No Injuries,0,0,0,0,0,8,Front to Rear,11,N,N,Failing to Reduce Speed to Avoid Crash,Driving On Wrong Side/Wrong Way,Dawn,Rain,Wet,N,,,,,Traffic Signal,Functioning Properly,N,4,41.8885678,-87.8050258,ok,(UNK),1,2005043,2020,,28,5,50000 and OVER,9,4295,Oak Park,C,Urban Other Principal Arte,,16,8,11007282,9,Cook,0,20,,,2,N,Yes,Free Flow,202001233319,City,2,26.64,Y,,,,(UNK),160769,(N/A),(UNK),No Defects,1,2,Other Principal Arterial,3,5043,X002011451,Not Toll,73,3,4,Not Divided,1,2939626.11874017,1910768.10734459,41.88856,-87.805,,Urban,2,N,(N/A),Y,(N/A)
2020,2020-09-03,Thursday,09,09:54 AM,Property Damage,No Injuries,0,0,0,0,0,3,Sideswipe Same Direction,12,N,N,Improper Overtaking/Passing,Failing to Reduce Speed to Avoid Crash,Daylight,Clear,Dry,N,,,,,Traffic Signal,Functioning Properly,N,2,41.8947151,-87.7753697,ok,(UNK),1,2004939,2020,,4,28,50000 and OVER,9,4295,Oak Park,C,Urban Minor Arterial,,16,3,11005089,9,Cook,0,20,,,4,N,No,Slow,202001231181,City,1,4.12,N,,,,(UNK),161719,(N/A),(UNK),No Defects,1,1,Minor Arterial,4,1398,X002007128,Not Toll,73,3,4,Not Divided,1,2947639.10559617,1913232.06974255,41.89470729,-87.7754,,Urban,1,N,(N/A),Y,(N/A)
2020,2020-09-04,Friday,06,06:34 AM,Injury,B Injury Crash,1,0,0,1,0,0,Fixed Object,6,N,N,Equipment-Vehicle Condition,(N/A),Daylight,Clear,Dry,N,,,,,Traffic Signal,Functioning Properly,N,1,41.8980639,-87.794429,ok,(UNK),1,2004960,2020,,10,99,50000 and OVER,9,4295,Oak Park,C,Urban Local Road or Street,,16,4,11005104,9,Cook,2,20,VILLAGE PARKWAY TREE,,5,N,No,Slow,202001231196,City,1,0.56,N,,,,(UNK),161723,(N/A),(UNK),No Defects,1,1,Local Road or Street,7,3100,X002007131,Not Toll,73,3,4,"Divided, No Median Barrier",2,2942415.92698738,1914308.30310886,41.8980561,-87.7944,,Urban,1,N,(N/A),Y,(N/A)
2020,2020-09-09,Wednesday,12,12:06 PM,Property Damage,No Injuries,0,0,0,0,0,2,Sideswipe Same Direction,12,N,N,Driving Skills/Knowledge/Experience,(N/A),Daylight,Cloudy/Overcast,Dry,N,,,,,No Controls,No Controls,N,2,41.872843,-87.7940076,ok,(UNK),1,2005074,2020,,15,99,50000 and OVER,9,4295,Oak Park,C,Urban Major Collector,,16,9,11008722,9,Cook,0,20,,,3,N,No,Slow,202001234349,City,1,6.63,N,,,,(UNK),161931,(N/A),(UNK),No Defects,1,1,Major Collector,5,2775,X002012375,Not Toll,73,1,1,"Divided, No Median Barrier",2,2942784.90223512,1905120.48167477,41.87283512,-87.794,,Urban,8,N,(N/A),Y,(N/A)
2020,2020-09-09,Wednesday,08,08:37 AM,Property Damage,No Injuries,0,0,0,0,0,2,Front to Rear,11,N,N,Improper Lane Usage,Failing to Reduce Speed to Avoid Crash,Daylight,Rain,Wet,Y,,,,,Traffic Signal,Functioning Properly,N,2,41.8796682,-87.8047358,ok,(UNK),1,20-02629,2020,,20,28,50000 and OVER,9,4295,Oak Park,C,Urban Other Principal Arte,,16,9,11007108,9,Cook,0,20,,,3,N,No,Slow,202001233142,City,1,26.02,Y,,,,(UNK),161966,(N/A),(UNK),No Defects,1,2,Other Principal Arterial,3,5043,X002011371,Not Toll,73,3,4,Four Way,14,2939794.39441361,1907527.10635114,41.8796604,-87.8047,,Urban,2,N,(N/A),Y,(N/A)
2020,2020-09-09,Wednesday,00,00:35 AM,Injury,B Injury Crash,1,0,0,1,0,0,Fixed Object,6,N,N,Equipment-Vehicle Condition,(N/A),Darkness / Lighted Road,Clear,Dry,N,,,,,No Controls,No Controls,N,1,41.8781573,-87.7843875,ok,(UNK),1,2005065,2020,,10,99,50000 and OVER,9,4295,Oak Park,C,Urban Major Collector,,16,9,11007281,9,Cook,2,20,VILLAGE TREE,,3,N,No,Free Flow,202001233317,City,5,1.64,N,,,,(UNK),162784,(N/A),(UNK),No Defects,1,1,Major Collector,5,2783,X002011450,Not Toll,73,1,1,"Divided, No Median Barrier",2,2945351.36244466,1907129.74200515,41.87814946,-87.7844,,Urban,1,N,(N/A),Y,(N/A)
2020,2020-09-06,Sunday,04,04:20 AM,Injury,B Injury Crash,2,0,0,2,0,0,Other Object,7,N,N,Failing to Reduce Speed to Avoid Crash,Following Too Closely,Darkness / Lighted Road,Clear,Dry,N,,,,,Other,Functioning Properly,N,2,41.8714789,-87.781984,ok,Partial Access Control,3,03-20-10849,2020,,28,3,50000 and OVER,9,4295,Oak Park,C,Urban InterState,0,16,6,11009968,9,Cook,2,20,,,7,N,No,(UNK),202001235587,ISP,5,8.82,Y,,,,(UNK),162785,(N/A),(UNK),No Defects,1,1,InterState,1,290,X002014562,Not Toll,,13,4,Divided With Median Barrier,3,2946073.60589146,1904714.20044469,41.87147107,-87.782,,Urban,1,N,(N/A),Y,(N/A)
2020,2020-09-10,Thursday,16,04:41 PM,Property Damage,No Injuries,0,0,0,0,0,2,Sideswipe Same Direction,12,N,N,Failing to Reduce Speed to Avoid Crash,Unable to Determine,Daylight,Rain,Wet,N,,,,,No Controls,No Controls,N,2,41.8915722,-87.7912226,ok,(UNK),1,2005100,2020,,28,18,50000 and OVER,9,4295,Oak Park,C,Urban Local Road or Street,,16,10,11011301,9,Cook,0,20,,,4,N,No,Free Flow,202001236878,City,1,0.44,N,,,,(UNK),163870,(N/A),(UNK),No Defects,1,2,Local Road or Street,7,2663,X002013272,Not Toll,73,1,1,"Divided, No Median Barrier",2,2943354.43485203,1911966.73631632,41.8915643,-87.7912,,Urban,2,N,(N/A),Y,(N/A)
2020,2020-09-11,Friday,17,05:38 PM,Property Damage,No Injuries,0,0,0,0,0,2,Sideswipe Same Direction,12,N,N,Improper Overtaking/Passing,Failing to Yield Right of Way,Daylight,Clear,Dry,N,,,,,No Controls,No Controls,Y,2,41.8808307,-87.7844776,ok,(UNK),1,2005120,2020,,4,2,50000 and OVER,9,4295,Oak Park,C,Urban Major Collector,,16,11,11011303,9,Cook,0,20,,,5,N,No,Free Flow,202001236880,City,1,1.46,N,,,,(UNK),163871,(N/A),(UNK),No Defects,1,1,Major Collector,5,2783,X002013274,Not Toll,73,1,1,Not Divided,1,2945299.76317239,1908103.28176126,41.88082282,-87.7845,,Urban,1,N,(N/A),Y,(N/A)
2020,2020-09-11,Friday,09,09:05 AM,Property Damage,No Injuries,0,0,0,0,0,2,Angle,15,N,N,Failing to Yield Right of Way,Failing to Reduce Speed to Avoid Crash,Daylight,Rain,Wet,Y,,,,,Stop Sign,Functioning Properly,N,2,41.8944578,-87.7912958,ok,(UNK),1,2005110,2020,,2,28,50000 and OVER,9,4295,Oak Park,C,Urban Minor Arterial,,16,11,11011352,9,Cook,0,20,,,5,N,No,Free Flow,202001236930,City,1,0,N,,,,(UNK),164028,(N/A),(UNK),No Defects,1,2,Minor Arterial,4,,X002013951,Not Toll,73,2,4,Not Divided,1,2943305.38437348,1913017.78690207,41.89445,-87.7913,,Urban,2,N,(N/A),Y,(N/A)
2020,2020-09-12,Saturday,00,00:20 AM,Injury,B Injury Crash,1,0,0,1,0,2,Turning,10,N,N,Following Too Closely,Unable to Determine,Darkness / Lighted Road,Clear,Dry,N,,,,,No Controls,No Controls,N,2,41.8831677,-87.8048528,ok,(UNK),1,20-02655,2020,,3,18,50000 and OVER,9,4295,Oak Park,C,Urban Other Principal Arte,,16,12,11009397,9,Cook,2,20,,,6,N,No,Free Flow,202001235966,City,5,19.44,Y,,,,(UNK),164070,(N/A),(UNK),No Defects,1,1,Other Principal Arterial,3,348,X002013450,Not Toll,73,1,1,Not Divided,1,2939727.42248754,1908801.48959196,41.88315985,-87.8048,,Urban,1,N,(N/A),Y,(N/A)
2020,2020-09-05,Saturday,10,10:21 AM,Property Damage,No Injuries,0,0,0,0,0,2,Turning,10,N,N,Improper Turning/No Signal,Failing to Yield Right of Way,Daylight,Clear,Dry,N,,,,,No Controls,No Controls,N,2,41.8737727,-87.7744535,ok,(UNK),1,2004984,2020,,6,2,50000 and OVER,9,4295,Oak Park,C,Urban Minor Arterial,,16,5,11006250,9,Cook,0,20,,,6,N,No,Slow,202001232310,City,1,8.16,N,,,,(UNK),164319,(N/A),(UNK),No Defects,1,1,Minor Arterial,4,2790,X002010478,Not Toll,,1,1,"Divided, No Median Barrier",2,2948101.4271104,1905607.20422634,41.87376486,-87.7744,,Urban,1,N,(N/A),Y,(N/A)
2020,2020-09-05,Saturday,14,02:52 PM,Injury,B Injury Crash,1,0,0,1,0,1,Pedestrian,1,Y,N,Failing to Yield Right of Way,Unable to Determine,Daylight,Clear,Dry,Y,,,,,Stop Sign,Functioning Properly,N,1,41.8867731,-87.8024906,ok,(UNK),1,2004995,2020,,2,18,50000 and OVER,9,4295,Oak Park,C,Urban Local Road or Street,,16,5,11006257,9,Cook,2,20,,,6,N,No,Slow,202001232316,City,1,0,N,,,,(UNK),164537,(N/A),(UNK),No Defects,1,1,Local Road or Street,7,,X002010482,Not Toll,73,2,4,Four Way,14,2940334.48674601,1910133.10369334,41.88676529,-87.8025,,Urban,1,N,(N/A),Y,(N/A)
2020,2020-09-05,Saturday,11,11:34 AM,Property Damage,No Injuries,0,0,0,0,0,4,Sideswipe Same Direction,12,N,N,Improper Lane Usage,(N/A),Daylight,Clear,Dry,N,,,,,No Controls,No Controls,N,2,41.8704892,-87.8043962,ok,(UNK),1,2004987,2020,,20,99,50000 and OVER,9,4295,Oak Park,C,Urban Other Principal Arte,,16,5,11006258,9,Cook,0,20,,,6,N,No,Slow,202001232317,City,1,25.39,Y,,,,(UNK),164538,(N/A),(UNK),No Defects,1,1,Other Principal Arterial,3,5043,X002010484,Not Toll,73,1,1,"Divided, No Median Barrier",2,2939978.98876934,1904184.64675826,41.87048136,-87.8044,,Urban,1,N,(N/A),Y,(N/A)
2020,2020-09-06,Sunday,00,00:53 AM,Property Damage,No Injuries,0,0,0,0,0,1,Parked Motor Vehicle,9,N,N,Driving Skills/Knowledge/Experience,Failing to Reduce Speed to Avoid Crash,Darkness,Clear,Dry,N,,,,,No Controls,No Controls,N,3,41.892468,-87.794616,ok,(UNK),1,2005003,2020,,15,28,50000 and OVER,9,4295,Oak Park,C,Urban Major Collector,,16,6,11006259,9,Cook,0,20,,,7,N,No,Free Flow,202001232318,City,4,5.26,N,,,,(UNK),164539,(N/A),(UNK),No Defects,1,1,Major Collector,5,2775,X002010485,Not Toll,73,1,1,Not Divided,1,2942421.43802457,1912267.6429803,41.8924602,-87.7946,,Urban,1,N,(N/A),Y,(N/A)
2020,2020-09-05,Saturday,12,12:27 PM,Property Damage,No Injuries,0,0,0,0,0,2,Angle,15,N,N,Failing to Yield Right of Way,Failing to Reduce Speed to Avoid Crash,Daylight,Clear,Dry,N,,,,,Other,Functioning Properly,N,2,41.8942278,-87.8041287,ok,(UNK),1,2004990,2020,,2,28,50000 and OVER,9,4295,Oak Park,C,Urban Minor Arterial,,16,5,11006260,9,Cook,0,20,,,6,N,No,Free Flow,202001232319,City,1,2.61,N,,,,(UNK),164540,(N/A),(UNK),No Defects,1,1,Minor Arterial,4,1398,X002010486,Not Toll,73,13,4,Not Divided,1,2939813.58592538,1912837.44558599,41.89422,-87.8041,,Urban,1,N,(N/A),Y,(N/A)
2020,2020-09-05,Saturday,14,02:02 PM,Injury,B Injury Crash,1,0,0,1,0,1,Turning,10,N,N,Failing to Reduce Speed to Avoid Crash,(N/A),Daylight,Clear,Dry,N,,,,,Traffic Signal,Functioning Properly,Y,2,41.8650331,-87.8038503,ok,(UNK),1,2004994,2020,,28,99,50000 and OVER,9,4295,Oak Park,C,Urban Other Principal Arte,,16,5,11006261,9,Cook,2,20,,,6,N,No,Stopped,202001232320,City,1,6.01,Y,,,,(UNK),164541,(N/A),(UNK),No Defects,1,1,Other Principal Arterial,3,347,X002010488,Not Toll,73,3,4,"Divided, No Median Barrier",2,2940182.43787705,1902200.43744528,41.86502524,-87.8038,,Urban,1,N,(N/A),Y,(N/A)
2020,2020-09-06,Sunday,05,05:44 AM,Property Damage,No Injuries,0,0,0,0,0,2,Angle,15,N,N,Failing to Yield Right of Way,Weather,Darkness / Lighted Road,Rain,Wet,Y,,,,,Traffic Signal,Functioning Properly,N,2,41.8945678,-87.784867,ok,(UNK),1,2005008,2020,,2,11,50000 and OVER,9,4295,Oak Park,C,Urban Minor Arterial,,16,6,11006262,9,Cook,0,20,,,7,N,No,Slow,202001232321,City,5,0,N,,,,(UNK),164542,(N/A),(UNK),No Defects,1,2,Minor Arterial,4,,X002010489,Not Toll,73,3,4,Not Divided,1,2945054.69912898,1913106.41811285,41.89455998,-87.7849,,Urban,2,N,(N/A),Y,(N/A)
2020,2020-09-12,Saturday,10,10:49 AM,Property Damage,No Injuries,0,0,0,0,0,2,Angle,15,N,N,Disregarding Other Traffic Signs,Failing to Yield Right of Way,Daylight,Rain,Wet,Y,,,,,Stop Sign,Functioning Properly,N,2,41.8815465,-87.7969728,ok,(UNK),1,2005133,2020,,24,2,50000 and OVER,9,4295,Oak Park,C,Urban Major Collector,,16,12,11012741,9,Cook,0,20,,,6,N,No,Free Flow,202001238246,City,1,0,N,,,,(UNK),164594,(N/A),(UNK),No Defects,1,2,Major Collector,5,,X002015754,Not Toll,73,2,4,Four Way,14,2941889.66191046,1908269.90031245,41.88153869,-87.797,,Urban,2,N,(N/A),Y,(N/A)
2020,2020-09-12,Saturday,14,02:21 PM,Injury,C Injury Crash,1,0,0,0,1,1,Angle,15,N,N,Failing to Reduce Speed to Avoid Crash,Failing to Yield Right of Way,Daylight,Rain,Wet,Y,,,,,Stop Sign,Functioning Properly,N,2,41.901587,-87.8024608,ok,(UNK),1,2005135,2020,,28,2,50000 and OVER,9,4295,Oak Park,C,Urban Major Collector,,16,12,11012743,9,Cook,1,20,,,6,N,No,Free Flow,202001238249,City,1,0,N,,,,(UNK),164596,(N/A),(UNK),No Defects,1,2,Major Collector,5,,X002015756,Not Toll,73,2,4,Four Way,14,2940193.77396646,1915531.76795433,41.90157913,-87.8025,,Urban,2,N,(N/A),Y,(N/A)
2020,2020-09-12,Saturday,08,08:39 AM,Property Damage,No Injuries,0,0,0,0,0,1,Parked Motor Vehicle,9,N,N,Unable to Determine,Unable to Determine,Unknown,Other,Unknown,N,,,,,No Controls,No Controls,Y,2,41.879952,-87.7789994,ok,(UNK),1,2005129,2020,,18,18,50000 and OVER,9,4295,Oak Park,C,Urban Minor Arterial,,16,12,11012745,9,Cook,0,20,,,6,N,No,Free Flow,202001238253,City,9,4.4,N,,,,(UNK),164597,(N/A),(UNK),No Defects,1,9,Minor Arterial,4,1419,X002015758,Not Toll,73,1,1,Parking Lot,7,2946800.58721074,1907824.5663206,41.87994417,-87.779,,Urban,7,N,(N/A),Y,(N/A)
2020,2020-09-05,Saturday,13,01:57 PM,Property Damage,No Injuries,0,0,0,0,0,1,Parked Motor Vehicle,9,N,N,Under Influence of Alcohol/Drugs,(N/A),Daylight,Clear,Dry,N,,,,,No Controls,No Controls,N,2,41.8677568,-87.8034543,ok,(UNK),1,2004993,2020,,8,99,50000 and OVER,9,4295,Oak Park,C,Urban Local Road or Street,,16,5,11006263,9,Cook,0,20,,,6,N,No,Slow,202001232322,City,1,0.31,N,,,,(UNK),164613,(N/A),(UNK),No Defects,1,1,Local Road or Street,7,2718,X002010490,Not Toll,73,1,1,Not Divided,1,2940262.96196709,1903195.98881995,41.86774899,-87.8034,,Urban,1,N,(N/A),Y,(N/A)
2020,2020-09-01,Tuesday,15,03:17 PM,Injury,B Injury Crash,3,0,0,3,0,4,Turning,10,N,N,Failing to Reduce Speed to Avoid Crash,(N/A),Daylight,Rain,Wet,N,,,,,No Controls,No Controls,N,5,41.8670142,-87.8042799,ok,(UNK),1,2004909,2020,,28,99,50000 and OVER,9,4295,Oak Park,C,Urban Other Principal Arte,,16,1,11006287,9,Cook,2,20,,,2,N,Yes,Free Flow,202001232345,City,1,20.55,Y,,,,(UNK),164629,(N/A),(UNK),No Defects,1,2,Other Principal Arterial,3,348,X002010491,Not Toll,73,1,1,"Divided, No Median Barrier",2,2940045.53480778,1902919.15463214,41.86700632,-87.8043,,Urban,2,N,(N/A),Y,(N/A)
2020,2020-09-11,Friday,13,01:02 PM,Property Damage,No Injuries,0,0,0,0,0,4,Front to Rear,11,N,N,Failing to Reduce Speed to Avoid Crash,(N/A),Daylight,Cloudy/Overcast,Wet,Y,,,,,Traffic Signal,Functioning Properly,N,3,41.9015578,-87.8055258,ok,(UNK),1,2000909,2020,,28,99,50000 and OVER,9,4295,Oak Park,C,Urban Other Principal Arte,,16,11,11012056,9,Cook,0,20,,,5,N,Yes,Slow,202001237608,City,1,27.54,Y,,,,(UNK),165118,(N/A),(UNK),No Defects,1,2,Other Principal Arterial,3,5043,X002015247,Not Toll,73,3,4,Not Divided,1,2939359.62550676,1915498.15890809,41.90155,-87.8055,,Urban,8,N,(N/A),Y,(N/A)
2020,2020-09-13,Sunday,20,08:00 PM,Injury,C Injury Crash,2,0,0,0,2,2,Front to Rear,11,N,N,Under Influence of Alcohol/Drugs,Failing to Reduce Speed to Avoid Crash,Darkness / Lighted Road,Clear,Dry,N,,,,,No Controls,No Controls,N,2,41.883424,-87.8048591,ok,(UNK),1,20-02674,2020,,8,28,50000 and OVER,9,4295,Oak Park,C,Urban Other Principal Arte,,16,13,11013243,9,Cook,1,20,,,7,N,No,Slow,202001238754,City,5,19.42,Y,,,,(UNK),165377,(N/A),(UNK),No Defects,1,1,Other Principal Arterial,3,348,X002016339,Not Toll,73,1,1,Not Divided,1,2939723.12456961,1908894.83017026,41.88341611,-87.8049,,Urban,1,N,(N/A),Y,(N/A)
2020,2020-08-30,Sunday,00,00:25 AM,Property Damage,No Injuries,0,0,0,0,0,2,Front to Rear,11,N,N,Following Too Closely,Driving Skills/Knowledge/Experience,Darkness / Lighted Road,Clear,Dry,N,,,,,Other,Functioning Properly,Y,2,41.8737742,-87.804493,ok,Partial Access Control,3,03-20-10500,2020,,3,15,50000 and OVER,9,4295,Oak Park,C,Urban InterState,,16,30,11012614,8,Cook,0,20,,,7,N,No,(UNK),202001238134,ISP,5,21.59,Y,,,,(UNK),165562,(N/A),(UNK),No Defects,1,1,InterState,1,9290,X002015804,Not Toll,73,13,4,Divided With Median Barrier,3,2939919.65587847,1905381.04293263,41.87376639,-87.8045,,Urban,1,N,(N/A),Y,(N/A)