crash_year,crash_date,day_of_week,crash_hour,time_of_crash,crash_severity,crash_injury_severity,total_injured,total_fatals,a_injuries,b_injuries,c_injuries,no_injuries,type_of_first_crash,collision_type_code,pedestrian_involved,pedalcyclist_involved,cause1,cause2,lighting_cond,weather_cond,road_surface_cond,intersection_related,is_intersection,highway_or_street_name,at_intersection_with,address_no,traffic_control_device,traffic_control_device_cond,hit_and_run,number_of_vehicles,latitude,longitude,location_status,access_control,agency_code,agency_report_number,agency_report_year,alignment_code,cause1_code,cause2_code,city_class,city_class_code,city_code,city_name,city_township_flag,class_of_trafficway,class_of_trafficway_code,county_code,crash_day,crash_id,crash_month,crash_report_county,crash_severity_cd,crash_yr_source,damaged_property1,damaged_property2,day_of_week_code,did_crash_occur_in_work_zone,did_involve_secondary_crash,flow_condition,icn,investigating_agency_descrip,light_condition_code,mile_station,nhs,non_intersection_direction,non_intersection_distance,non_intersection_units,number_of_lanes,objectid,railroad_crossing_number,road_alignment,road_defects,road_defects_code,road_surface_condition_code,roadway_functional_class,roadway_functional_class_code,route_number,sfe,toll,township,traffic_control_device_code,traffic_control_device_cond_code,trafficway_descrip,trafficway_description_code,ts_crash_coordinate_x,ts_crash_coordinate_y,ts_crash_latitude,ts_crash_longitude,type_report,urban_rural,weather_code,were_workers_present,work_zone,work_zone_related,work_zone_type
2020,2020-08-02,Sunday,03,03:34 AM,Property Damage,No Injuries,0,0,0,0,0,2,Fixed Object,6,N,N,Failing to Reduce Speed to Avoid Crash,Improper Lane Usage,Darkness / Lighted Road,Clear,Dry,Y,,,,,No Controls,No Controls,N,1,41.9092074,-87.779508,ok,(UNK),1,2004184,2020,,28,20,50000 and OVER,9,4295,Oak Park,C,Urban Other Principal Arte,,16,2,11013715,8,Cook,0,20,,,7,N,No,(UNK),202001239199,City,5,130.53,Y,,,,(UNK),165783,(N/A),(UNK),No Defects,1,1,Other Principal Arterial,3,5064,X002016640,Not Toll,73,1,1,Not Divided,1,2946365.30104088,1918481.94162398,41.90919955,-87.7795,,Urban,1,N,(N/A),Y,(N/A)
2020,2020-09-14,Monday,17,05:36 PM,Property Damage,No Injuries,0,0,0,0,0,2,Angle,15,N,N,Disregarding Traffic Signals,Failing to Reduce Speed to Avoid Crash,Dusk,Clear,Dry,Y,,,,,Traffic Signal,Functioning Properly,N,2,41.8719978,-87.7939858,ok,(UNK),1,2005187,2020,,25,28,50000 and OVER,9,4295,Oak Park,C,Urban Major Collector,,16,14,11013719,9,Cook,0,20,,,1,N,No,Free Flow,202001239204,City,3,0,N,,,,(UNK),165784,(N/A),(UNK),No Defects,1,1,Major Collector,5,,X002016644,Not Toll,73,3,4,Not Divided,1,2942799.37092384,1904812.67043659,41.87199,-87.794,,Urban,1,N,(N/A),Y,(N/A)
2020,2020-09-15,Tuesday,10,10:39 AM,Property Damage,No Injuries,0,0,0,0,0,1,Sideswipe Same Direction,12,N,N,Improper Lane Usage,Physical Condition of Driver,Daylight,Clear,Dry,N,,,,,No Controls,No Controls,N,2,41.8798731,-87.7910978,ok,(UNK),1,2005200,2020,,20,17,50000 and OVER,9,4295,Oak Park,C,Urban Minor Arterial,,16,15,11013721,9,Cook,0,20,,,2,N,Yes,Free Flow,202001239206,City,1,0,N,,,,(UNK),165819,(N/A),(UNK),No Defects,1,1,Minor Arterial,4,,X002016646,Not Toll,73,1,1,"Divided, No Median Barrier",2,2943506.52451193,1907704.33091511,41.87986527,-87.7911,,Urban,1,N,(N/A),Y,(N/A)
2020,2020-09-14,Monday,10,10:27 AM,Property Damage,No Injuries,0,0,0,0,0,3,Front to Rear,11,N,N,Following Too Closely,Driving Skills/Knowledge/Experience,Daylight,Clear,Dry,N,,,,,Other,Functioning Properly,N,2,41.8718639,-87.7863957,ok,Partial Access Control,3,03-20-11226,2020,,3,15,50000 and OVER,9,4295,Oak Park,C,Urban InterState,0,16,14,11013684,9,Cook,0,20,,,1,N,No,(UNK),202001239175,ISP,1,8.59,Y,,,,(UNK),166173,(N/A),(UNK),No Defects,1,1,InterState,1,290,X002016779,Not Toll,,13,4,Divided With Median Barrier,3,2944868.0724511,1904821.11540218,41.87185603,-87.7864,,Urban,1,N,(N/A),Y,(N/A)
2020,2020-09-16,Wednesday,15,03:43 PM,Injury,B Injury Crash,4,0,0,3,1,0,Front to Rear,11,N,N,Following Too Closely,Failing to Reduce Speed to Avoid Crash,Daylight,Clear,Dry,Y,,,,,No Controls,No Controls,N,3,41.866876,-87.8042754,ok,(UNK),1,20-02696,2020,,3,28,50000 and OVER,9,4295,Oak Park,C,Urban Other Principal Arte,,16,16,11015930,9,Cook,2,20,,,3,N,No,Free Flow,202001241141,City,1,25.14,Y,,,,(UNK),167223,(N/A),(UNK),No Defects,1,1,Other Principal Arterial,3,5043,X002018536,Not Toll,73,1,1,"Divided, No Median Barrier",2,2940048.1542709,1902868.84353595,41.86686817,-87.8043,,Urban,1,N,(N/A),Y,(N/A)
2020,2020-09-11,Friday,10,10:28 AM,Property Damage,No Injuries,0,0,0,0,0,2,Sideswipe Same Direction,12,N,N,Improper Lane Usage,(N/A),Daylight,Rain,Wet,N,,,,,Other Regualtory Sig,Functioning Properly,Y,2,41.8725853,-87.7934131,ok,Partial Access Control,3,03-20-11087,2020,,20,99,50000 and OVER,9,4295,Oak Park,C,Urban InterState,,16,11,11016481,9,Cook,0,20,,,5,N,No,(UNK),202001241676,ISP,1,22.1,Y,,,,(UNK),167439,(N/A),(UNK),No Defects,1,2,InterState,1,9290,X002019039,Not Toll,73,10,4,Divided With Median Barrier,3,2942949.42913246,1905031.05773654,41.87257744,-87.7934,,Urban,2,N,(N/A),Y,(N/A)
2020,2020-09-14,Monday,11,11:30 AM,Property Damage,No Injuries,0,0,0,0,0,2,Sideswipe Same Direction,12,N,N,Under Influence of Alcohol/Drugs,Improper Lane Usage,Daylight,Clear,Dry,N,,,,,No Controls,No Controls,N,2,41.8719897,-87.7847115,ok,Partial Access Control,3,03-20-11228,2020,,8,20,50000 and OVER,9,4295,Oak Park,C,Urban InterState,,16,14,11016491,9,Cook,0,20,,,1,N,No,(UNK),202001241690,ISP,1,22.56,Y,,,,(UNK),167472,(N/A),(UNK),No Defects,1,1,InterState,1,9290,X002019049,Not Toll,73,1,1,Divided With Median Barrier,3,2945325.5343461,1904879.70277411,41.87198186,-87.7847,,Urban,1,N,(N/A),Y,(N/A)
2020,2020-09-13,Sunday,19,07:34 PM,Property Damage,No Injuries,0,0,0,0,0,3,Front to Rear,11,N,N,Following Too Closely,Failing to Reduce Speed to Avoid Crash,Darkness / Lighted Road,Clear,Dry,N,,,,,Delineators,Functioning Properly,Y,3,41.8710032,-87.7752575,ok,Partial Access Control,3,03-20-11213,2020,,3,28,50000 and OVER,9,4295,Oak Park,C,Urban InterState,,16,13,11014448,9,Cook,0,20,,,7,N,Yes,(UNK),202001239919,ISP,5,9.16,Y,,,,(UNK),167567,(N/A),(UNK),No Defects,1,1,InterState,1,290,X002017464,Not Toll,73,14,4,Ramp,11,2947910.57362258,1904591.83259672,41.87099533,-87.7753,,Urban,1,N,(N/A),Y,(N/A)
2020,2020-08-03,Monday,13,01:23 PM,Property Damage,No Injuries,0,0,0,0,0,4,Front to Rear,11,N,N,Failing to Reduce Speed to Avoid Crash,Following Too Closely,Daylight,Clear,Dry,N,,,,,No Controls,Functioning Properly,N,2,41.8735079,-87.8045198,ok,Partial Access Control,3,03-20-09195,2020,,28,3,50000 and OVER,9,4295,Oak Park,C,Urban InterState,,16,3,11015736,8,Cook,0,20,,,1,N,No,(UNK),202001240954,ISP,1,21.58,Y,,,,(UNK),168098,(N/A),(UNK),No Defects,1,1,InterState,1,9290,X002018352,Not Toll,73,1,4,"Divided, No Median Barrier",2,2939915.04139067,1905283.80433685,41.87350011,-87.8045,,Urban,1,N,(N/A),Y,(N/A)
2020,2020-09-16,Wednesday,08,08:02 AM,Injury,C Injury Crash,1,0,0,0,1,1,Angle,15,N,N,Failing to Yield Right of Way,Unable to Determine,Daylight,Clear,Dry,Y,,,,,Stop Sign,Functioning Properly,N,2,41.8880786,-87.7765378,ok,(UNK),1,2005222,2020,,2,18,50000 and OVER,9,4295,Oak Park,C,Urban Major Collector,,16,16,11016240,9,Cook,1,20,,,3,N,No,Free Flow,202001241442,City,1,0,N,,,,(UNK),168408,(N/A),(UNK),No Defects,1,1,Major Collector,5,,X002018739,Not Toll,73,2,4,Four Way,14,2947388.45167359,1910804.70939171,41.88807073,-87.7765,,Urban,1,N,(N/A),Y,(N/A)
2020,2020-09-16,Wednesday,04,04:22 AM,Property Damage,No Injuries,0,0,0,0,0,2,Front to Rear,11,N,N,Following Too Closely,Unable to Determine,Darkness / Lighted Road,Clear,Dry,N,,,,,No Controls,No Controls,Y,2,41.8865758,-87.8049462,ok,(UNK),1,2005218,2020,,3,18,50000 and OVER,9,4295,Oak Park,C,Urban Other Principal Arte,,16,16,11014780,9,Cook,0,20,,,3,N,No,Free Flow,202001240345,City,5,26.5,Y,,,,(UNK),168466,(N/A),(UNK),No Defects,1,1,Other Principal Arterial,3,5043,X002017654,Not Toll,73,1,1,"Divided, No Median Barrier",2,2939667.78420506,1910042.76713458,41.88656796,-87.8049,,Urban,1,N,(N/A),Y,(N/A)
2020,2020-09-16,Wednesday,14,02:05 PM,Injury,C Injury Crash,1,0,0,0,1,2,Angle,15,N,N,Failing to Yield Right of Way,Failing to Reduce Speed to Avoid Crash,Daylight,Clear,Dry,Y,,,,,Stop Sign,Functioning Properly,N,2,41.8780754,-87.7843856,ok,(UNK),1,2005233,2020,,2,28,50000 and OVER,9,4295,Oak Park,C,Urban Major Collector,,16,16,11016265,9,Cook,1,20,,,3,N,No,Free Flow,202001241463,City,1,0,N,,,,(UNK),168507,(N/A),(UNK),No Defects,1,1,Major Collector,5,,X002018741,Not Toll,73,2,4,Not Divided,1,2945352.71910109,1907099.89955808,41.87806753,-87.7844,,Urban,1,N,(N/A),Y,(N/A)
2020,2020-09-15,Tuesday,12,12:00 PM,Property Damage,No Injuries,0,0,0,0,0,3,Sideswipe Same Direction,12,N,N,Failing to Yield Right of Way,Failing to Reduce Speed to Avoid Crash,Daylight,Clear,Dry,Y,,,,,Traffic Signal,Unknown,N,2,41.8796273,-87.8023268,ok,(UNK),1,2005205,2020,,2,28,50000 and OVER,9,4295,Oak Park,C,Urban Minor Arterial,,16,15,11014783,9,Cook,0,20,,,2,N,No,Free Flow,202001240348,City,1,0,N,,,,(UNK),168515,(N/A),(UNK),No Defects,1,1,Minor Arterial,4,,X002017657,Not Toll,73,3,9,Not Divided,1,2940450.86846053,1907530.2493211,41.87961943,-87.8023,,Urban,1,N,(N/A),Y,(N/A)
2020,2020-09-16,Wednesday,18,06:18 PM,Injury,C Injury Crash,1,0,0,0,1,2,Front to Rear,11,N,N,Failing to Reduce Speed to Avoid Crash,Unable to Determine,Daylight,Clear,Dry,N,,,,,No Controls,No Controls,N,2,41.8801077,-87.7777537,ok,(UNK),1,2005243,2020,,28,18,50000 and OVER,9,4295,Oak Park,C,Urban Minor Arterial,,16,16,11016268,9,Cook,1,20,,,3,N,No,Free Flow,202001241466,City,1,0,N,,,,(UNK),168543,(N/A),(UNK),No Defects,1,1,Minor Arterial,4,,X002018746,Not Toll,73,1,1,Divided With Median Barrier,3,2947138.2540059,1907890.73646186,41.88009983,-87.7777,,Urban,1,N,(N/A),Y,(N/A)
2020,2020-09-15,Tuesday,17,05:30 PM,Property Damage,No Injuries,0,0,0,0,0,1,Parked Motor Vehicle,9,N,N,Failing to Reduce Speed to Avoid Crash,Improper Lane Usage,Unknown,Unknown,Unknown,N,,,,,No Controls,No Controls,Y,2,41.8723623,-87.785436,ok,(UNK),1,2005229,2020,,28,20,50000 and OVER,9,4295,Oak Park,C,Rural (UNK),,16,15,11016269,9,Cook,0,20,,,2,N,No,Free Flow,202001241467,City,9,0,N,,,,(UNK),168544,(N/A),(UNK),Unknown,99,9,(UNK),0,,X002018748,No Toll,73,1,1,Not Divided,1,2945124.42772784,1905010.0229754,41.8723545,-87.7854,,Rural,9,N,(N/A),N,(N/A)
2020,2020-09-14,Monday,15,03:30 PM,Property Damage,No Injuries,0,0,0,0,0,2,Front to Rear,11,N,N,Failing to Reduce Speed to Avoid Crash,Unable to Determine,Daylight,Clear,Dry,N,,,,,Traffic Signal,Functioning Properly,N,2,41.8797216,-87.79435,ok,(UNK),1,2005235,2020,,28,18,50000 and OVER,9,4295,Oak Park,C,Urban Minor Arterial,,16,14,11016270,9,Cook,0,20,,,1,N,No,Stopped,202001241468,City,1,3.6,N,,,,(UNK),168545,(N/A),(UNK),No Defects,1,1,Minor Arterial,4,1419,X002018750,Not Toll,73,3,4,"Divided, No Median Barrier",2,2942622.32375324,1907624.59175748,41.87971372,-87.7943,,Urban,1,N,(N/A),Y,(N/A)
2020,2020-09-15,Tuesday,11,11:25 AM,Property Damage,No Injuries,0,0,0,0,0,3,Front to Rear,11,N,N,Failing to Reduce Speed to Avoid Crash,(N/A),Daylight,Clear,Dry,Y,,,,,Traffic Signal,Functioning Properly,N,2,41.9015578,-87.8055264,ok,(UNK),1,2000928,2020,,28,99,50000 and OVER,9,4295,Oak Park,C,Urban Other Principal Arte,,16,15,11016279,9,Cook,0,20,,,2,N,No,Stopped,202001241475,City,1,27.54,Y,,,,(UNK),168548,(N/A),(UNK),No Defects,1,1,Other Principal Arterial,3,5043,X002018763,Not Toll,73,3,4,"Divided, No Median Barrier",2,2939359.45022526,1915498.14828829,41.90154998,-87.8055,,Urban,1,N,(N/A),Y,(N/A)
2020,2020-09-18,Friday,17,05:03 PM,Property Damage,No Injuries,0,0,0,0,0,1,Fixed Object,6,N,N,Failing to Reduce Speed to Avoid Crash,Unable to Determine,Daylight,Clear,Dry,N,,,,,No Controls,No Controls,N,1,41.8872239,-87.8009001,ok,(UNK),1,2005287,2020,,28,18,50000 and OVER,9,4295,Oak Park,C,Urban Major Collector,,16,18,11018208,9,Cook,0,20,SOLAR PANEL,,5,N,No,Stopped,202001243126,City,1,0.19,N,,,,(UNK),168700,(N/A),(UNK),No Defects,1,1,Major Collector,5,1405,X002020404,Not Toll,73,1,1,One-Way,10,2940763.07358379,1910309.3038653,41.88721603,-87.8009,,Urban,1,N,(N/A),Y,(N/A)
2020,2020-09-19,Saturday,08,08:49 AM,Property Damage,No Injuries,0,0,0,0,0,2,Turning,10,N,N,Failing to Yield Right of Way,Unable to Determine,Daylight,Clear,Dry,Y,,,,,Stop Sign,Functioning Properly,N,2,41.9071748,-87.7964917,ok,(UNK),1,2005301,2020,,2,18,50000 and OVER,9,4295,Oak Park,C,Urban Local Road or Street,,16,19,11018211,9,Cook,0,20,,,6,N,No,Free Flow,202001243129,City,1,0,N,,,,(UNK),168748,(N/A),(UNK),No Defects,1,1,Local Road or Street,7,,X002020407,Not Toll,73,2,4,Four Way,14,2941762.55883916,1917612.93774369,41.90716693,-87.7965,,Urban,1,N,(N/A),Y,(N/A)
2020,2020-09-19,Saturday,09,09:51 AM,Injury,B Injury Crash,1,0,0,1,0,2,Front to Rear,11,N,N,Failing to Reduce Speed to Avoid Crash,Unable to Determine,Daylight,Clear,Dry,N,,,,,Traffic Signal,Functioning Properly,N,2,41.8817178,-87.7845158,ok,(UNK),1,2005304,2020,,28,18,50000 and OVER,9,4295,Oak Park,C,Urban Major Collector,,16,19,11018212,9,Cook,2,20,,,6,N,No,Free Flow,202001243130,City,1,0,N,,,,(UNK),168749,(N/A),(UNK),No Defects,1,1,Major Collector,5,,X002020408,Not Toll,73,3,4,"Divided, No Median Barrier",2,2945280.38400642,1908426.29706759,41.88171,-87.7845,,Urban,1,N,(N/A),Y,(N/A)
2020,2020-09-19,Saturday,12,12:46 PM,Property Damage,No Injuries,0,0,0,0,0,2,Angle,15,N,N,Failing to Yield Right of Way,(N/A),Daylight,Clear,Dry,Y,,,,,Stop Sign,Functioning Properly,N,2,41.8886494,-87.8026272,ok,(UNK),1,2005309,2020,,2,99,50000 and OVER,9,4295,Oak Park,C,Urban Major Collector,,16,19,11018213,9,Cook,0,20,,,6,N,No,Slow,202001243131,City,1,0,N,,,,(UNK),168750,(N/A),(UNK),No Defects,1,1,Major Collector,5,,X002020409,Not Toll,73,2,4,"Divided, No Median Barrier",2,2940278.45199902,1910815.82504811,41.88864156,-87.8026,,Urban,1,N,(N/A),Y,(N/A)
2020,2020-09-18,Friday,10,10:55 AM,Property Damage,No Injuries,0,0,0,0,0,1,Parked Motor Vehicle,9,N,N,Evasive Action Due to Animal / Object / Non-Motorist,Improper Lane Usage,Daylight,Clear,Dry,N,,,,,Other,Functioning Properly,N,3,41.8650793,-87.8006248,ok,(UNK),1,2005278,2020,,32,20,50000 and OVER,9,4295,Oak Park,C,Urban Other Principal Arte,,16,18,11017904,9,Cook,0,20,,,5,N,Yes,Free Flow,202001242859,City,1,6.17,Y,,,,(UNK),169088,(N/A),(UNK),No Defects,1,1,Other Principal Arterial,3,347,X002019783,Not Toll,52,13,4,Two-way Continuous Left-Tur,4,2941060.62508399,1902241.49183674,41.86507146,-87.8006,,Urban,1,N,(N/A),Y,(N/A)
2020,2020-09-19,Saturday,13,01:35 PM,Property Damage,No Injuries,0,0,0,0,0,3,Angle,15,N,N,Failing to Yield Right of Way,(N/A),Daylight,Clear,Dry,N,,,,,Traffic Signal,Functioning Properly,N,2,41.8653073,-87.8042243,ok,(UNK),1,20-02730,2020,,2,99,50000 and OVER,9,4295,Oak Park,C,Urban Other Principal Arte,,16,19,11018371,9,Cook,0,20,,,6,N,No,Free Flow,202001243271,City,1,20.67,Y,,,,(UNK),169258,(N/A),(UNK),No Defects,1,1,Other Principal Arterial,3,348,X002020588,Not Toll,73,3,4,Two-way Continuous Left-Tur,4,2940077.81974716,1902297.5662731,41.86529947,-87.8042,,Urban,1,N,(N/A),Y,(N/A)
2020,2020-09-11,Friday,19,07:20 PM,Injury,C Injury Crash,1,0,0,0,1,1,Front to Rear,11,N,N,Following Too Closely,Failing to Reduce Speed to Avoid Crash,Darkness / Lighted Road,Clear,Dry,N,,,,,Other,Functioning Properly,N,2,41.8723194,-87.8031705,ok,(UNK),3,03-20-11109,2020,,3,28,50000 and OVER,9,4295,Oak Park,C,Urban Local Road or Street,0,16,11,11019421,9,Cook,1,20,,,5,N,No,(UNK),202001244292,ISP,5,0.07,N,,,,(UNK),169328,(N/A),(UNK),No Defects,1,1,Local Road or Street,7,4062,X002021583,Not Toll,,13,4,Divided With Median Barrier,3,2940294.47743749,1904860.80668493,41.87231158,-87.8032,,Urban,1,N,(N/A),Y,(N/A)
2020,2020-09-19,Saturday,16,04:11 PM,Property Damage,No Injuries,0,0,0,0,0,2,Turning,10,N,N,Improper Lane Usage,Failing to Reduce Speed to Avoid Crash,Daylight,Clear,Dry,Y,,,,,Traffic Signal,Functioning Properly,N,2,41.8819174,-87.779617,ok,(UNK),1,2005314,2020,,20,28,50000 and OVER,9,4295,Oak Park,C,Urban Major Collector,,16,19,11019157,9,Cook,0,20,,,6,N,No,Stopped,202001244038,City,1,0,N,,,,(UNK),169378,(N/A),(UNK),No Defects,1,1,Major Collector,5,,X002021281,Not Toll,73,3,4,Four Way,14,2946612.47368025,1908536.09638359,41.88190952,-87.7796,,Urban,1,N,(N/A),Y,(N/A)
2020,2020-09-21,Monday,15,03:32 PM,Property Damage,No Injuries,0,0,0,0,0,2,Turning,10,N,N,Improper Turning/No Signal,Driving Skills/Knowledge/Experience,Daylight,Clear,Dry,Y,,,,,Traffic Signal,Functioning Properly,N,2,41.8650308,-87.8042159,ok,(UNK),1,20-02748,2020,,6,15,50000 and OVER,9,4295,Oak Park,C,Urban Other Principal Arte,,16,21,11019951,9,Cook,0,20,,,1,N,No,Free Flow,202001244815,City,1,25.01,Y,,,,(UNK),170202,(N/A),(UNK),No Defects,1,1,Other Principal Arterial,3,5043,X002022091,Not Toll,52,3,4,"Divided, No Median Barrier",2,2940082.87719667,1902196.85339454,41.86502293,-87.8042,,Urban,1,N,(N/A),Y,(N/A)
2020,2020-09-23,Wednesday,14,02:31 PM,Property Damage,No Injuries,0,0,0,0,0,2,Turning,10,N,N,Improper Turning/No Signal,Vision Obscured,Daylight,Clear,Dry,N,,,,,No Controls,No Controls,N,2,41.8757354,-87.8045885,ok,(UNK),1,20-02765,2020,,6,14,50000 and OVER,9,4295,Oak Park,C,Urban Other Principal Arte,,16,23,11021792,9,Cook,0,20,,,3,N,No,Free Flow,202001246670,City,1,19.95,Y,,,,(UNK),170212,(N/A),(UNK),No Defects,1,1,Other Principal Arterial,3,348,X002023798,Not Toll,73,1,1,"Divided, No Median Barrier",2,2939873.97164571,1906095.01646972,41.87572757,-87.8046,,Urban,1,N,(N/A),Y,(N/A)
2020,2020-09-23,Wednesday,17,05:48 PM,Property Damage,No Injuries,0,0,0,0,0,5,Turning,10,N,N,Improper Turning/No Signal,Operating Vehicle In Reckless Manner,Daylight,Clear,Dry,N,,,,,No Controls,No Controls,N,2,41.8833164,-87.8048571,ok,(UNK),1,20- 2768,2020,,6,50,50000 and OVER,9,4295,Oak Park,C,Urban Other Principal Arte,,16,23,11021793,9,Cook,0,20,,,3,N,No,Slow,202001246671,City,1,19.43,Y,,,,(UNK),170213,(N/A),(UNK),No Defects,1,1,Other Principal Arterial,3,348,X002023799,Not Toll,73,1,1,"Divided, No Median Barrier",2,2939724.75687644,1908855.64110176,41.88330853,-87.8049,,Urban,1,N,(N/A),Y,(N/A)
2020,2020-09-17,Thursday,06,06:25 AM,Property Damage,No Injuries,0,0,0,0,0,2,Sideswipe Same Direction,12,N,N,Failing to Reduce Speed to Avoid Crash,Improper Overtaking/Passing,Daylight,Clear,Dry,N,,,,,No Controls,No Controls,N,2,41.8718085,-87.7826372,ok,Partial Access Control,3,03-20-11333,2020,,28,4,50000 and OVER,9,4295,Oak Park,C,Urban InterState,,16,17,11021342,9,Cook,0,20,,,4,N,No,(UNK),202001246195,ISP,1,22.67,Y,,,,(UNK),170330,(N/A),(UNK),No Defects,1,1,InterState,1,9290,X002023371,Not Toll,73,1,1,Divided With Median Barrier,3,2945892.34326288,1904829.37701453,41.87180069,-87.7826,,Urban,1,N,(N/A),Y,(N/A)
2020,2020-09-10,Thursday,14,02:27 PM,Property Damage,No Injuries,0,0,0,0,0,3,Front to Rear,11,N,N,Following Too Closely,Failing to Reduce Speed to Avoid Crash,Daylight,Clear,Wet,N,,,,,Delineators,Functioning Properly,N,3,41.8737707,-87.804453,ok,Partial Access Control,3,03-20-11237,2020,,3,28,50000 and OVER,9,4295,Oak Park,C,Urban InterState,,16,10,11021922,9,Cook,0,20,,,4,N,No,(UNK),202001246797,ISP,1,21.58,Y,,,,(UNK),170727,(N/A),(UNK),No Defects,1,2,InterState,1,9290,X002023925,Not Toll,73,14,4,Divided With Median Barrier,3,2939930.6060615,1905380.06092952,41.87376287,-87.8044,,Urban,1,N,(N/A),Y,(N/A)
2020,2020-09-22,Tuesday,17,05:33 PM,Property Damage,No Injuries,0,0,0,0,0,2,Parked Motor Vehicle,9,N,N,Equipment-Vehicle Condition,Unable to Determine,Dusk,Clear,Dry,N,,,,,No Controls,No Controls,N,2,41.8942938,-87.8012149,ok,(UNK),1,2005383,2020,,10,18,50000 and OVER,9,4295,Oak Park,C,Urban Minor Arterial,,16,22,11022420,9,Cook,0,20,,,2,N,No,Slow,202001247029,City,3,2.76,N,,,,(UNK),171257,(N/A),(UNK),No Defects,1,1,Minor Arterial,4,1398,X002024021,Not Toll,73,1,1,Not Divided,1,2940606.27679767,1912883.33710843,41.89428592,-87.8012,,Urban,1,N,(N/A),Y,(N/A)
2020,2020-09-22,Tuesday,06,06:15 AM,Injury,B Injury Crash,1,0,0,1,0,0,Sideswipe Same Direction,12,N,N,Failing to Reduce Speed to Avoid Crash,(N/A),Dawn,Clear,Dry,N,,,,,No Controls,No Controls,N,3,41.8743835,-87.7940587,ok,(UNK),1,2005361,2020,,28,99,50000 and OVER,9,4295,Oak Park,C,Urban Major Collector,,16,22,11022424,9,Cook,2,20,,,2,N,Yes,Free Flow,202001247033,City,2,6.52,N,,,,(UNK),171258,(N/A),(UNK),No Defects,1,1,Major Collector,5,2775,X002024024,Not Toll,73,1,1,Not Divided,1,2942755.46606196,1905681.49462976,41.87437565,-87.7941,,Urban,1,N,(N/A),Y,(N/A)
2020,2020-09-10,Thursday,18,06:30 PM,Property Damage,No Injuries,0,0,0,0,0,2,Front to Rear,11,N,N,Failing to Reduce Speed to Avoid Crash,Following Too Closely,Daylight,Clear,Wet,N,,,,,Other,Functioning Properly,Y,2,41.8725002,-87.7942117,ok,Partial Access Control,3,03-20-11550,2020,,28,3,50000 and OVER,9,4295,Oak Park,C,Urban InterState,0,16,10,11020143,9,Cook,0,20,,,4,N,No,(UNK),202001245011,ISP,1,8.18,Y,,,,(UNK),171288,(N/A),(UNK),No Defects,1,2,InterState,1,290,X002022279,Not Toll,,13,4,Divided With Median Barrier,3,2942732.78605401,1904994.04333198,41.87249237,-87.7942,,Urban,1,N,(N/A),Y,(N/A)
2020,2020-09-24,Thursday,20,08:55 PM,Property Damage,No Injuries,0,0,0,0,0,2,Front to Rear,11,N,N,Following Too Closely,Operating Vehicle In Reckless Manner,Daylight,Clear,Dry,Y,,,,,Traffic Signal,Functioning Properly,Y,2,41.8813878,-87.8047858,ok,(UNK),1,20-02781,2020,,3,50,50000 and OVER,9,4295,Oak Park,C,Urban Other Principal Arte,,16,24,11023210,9,Cook,0,20,,,4,N,No,Free Flow,202001247816,City,1,26.14,Y,,,,(UNK),171821,(N/A),(UNK),No Defects,1,1,Other Principal Arterial,3,5043,X002024839,Not Toll,73,3,4,"Divided, No Median Barrier",2,2939763.52364909,1908153.38389951,41.88138,-87.8048,,Urban,1,N,(N/A),Y,(N/A)
2020,2020-09-10,Thursday,20,08:33 PM,Property Damage,No Injuries,0,0,0,0,0,2,Front to Rear,11,N,N,Following Too Closely,Weather,Darkness / Lighted Road,Rain,Wet,N,,,,,Delineators,Functioning Properly,N,2,41.8737707,-87.8044505,ok,Partial Access Control,3,03-20-11065,2020,,3,11,50000 and OVER,9,4295,Oak Park,C,Urban InterState,,16,10,11023246,9,Cook,0,20,,,4,N,No,(UNK),202001247850,ISP,5,21.58,Y,,,,(UNK),171959,(N/A),(UNK),No Defects,1,2,InterState,1,9290,X002024873,Not Toll,73,14,4,Divided With Median Barrier,3,2939931.28203435,1905380.07992074,41.87376287,-87.8044,,Urban,2,N,(N/A),Y,(N/A)
2020,2020-09-20,Sunday,21,09:24 PM,Property Damage,No Injuries,0,0,0,0,0,1,Parked Motor Vehicle,9,N,N,Driving Skills/Knowledge/Experience,Driving Skills/Knowledge/Experience,Darkness / Lighted Road,Clear,Dry,N,,,,,No Controls,No Controls,Y,2,41.886721,-87.804588,ok,(UNK),1,2005341,2020,,15,15,50000 and OVER,9,4295,Oak Park,C,Urban Local Road or Street,,16,20,11020276,9,Cook,0,20,,,7,N,Yes,Slow,202001245136,City,5,0.02,N,,,,(UNK),171971,(N/A),(UNK),No Defects,1,1,Local Road or Street,7,3036,X002022311,Not Toll,73,1,1,Not Divided,1,2939763.86641593,1910098.36586132,41.88671315,-87.8046,,Urban,1,N,(N/A),Y,(N/A)
2020,2020-09-22,Tuesday,15,03:40 PM,Property Damage,No Injuries,0,0,0,0,0,2,Front to Rear,11,N,N,Following Too Closely,Failing to Reduce Speed to Avoid Crash,Daylight,Clear,Dry,N,,,,,Delineators,Functioning Properly,N,2,41.8736072,-87.802611,ok,Partial Access Control,3,03-20-11602,2020,,3,28,50000 and OVER,9,4295,Oak Park,C,Urban InterState,,16,22,11023270,9,Cook,0,20,,,2,N,No,(UNK),202001247874,ISP,1,21.67,Y,,,,(UNK),172199,(N/A),(UNK),No Defects,1,1,InterState,1,9290,X002024896,Not Toll,73,14,4,Divided With Median Barrier,3,2940433.94010695,1905334.28636364,41.87359934,-87.8026,,Urban,1,N,(N/A),Y,(N/A)