crash_year,crash_date,day_of_week,crash_hour,time_of_crash,crash_severity,crash_injury_severity,total_injured,total_fatals,a_injuries,b_injuries,c_injuries,no_injuries,type_of_first_crash,collision_type_code,pedestrian_involved,pedalcyclist_involved,cause1,cause2,lighting_cond,weather_cond,road_surface_cond,intersection_related,is_intersection,highway_or_street_name,at_intersection_with,address_no,traffic_control_device,traffic_control_device_cond,hit_and_run,number_of_vehicles,latitude,longitude,location_status,access_control,agency_code,agency_report_number,agency_report_year,alignment_code,cause1_code,cause2_code,city_class,city_class_code,city_code,city_name,city_township_flag,class_of_trafficway,class_of_trafficway_code,county_code,crash_day,crash_id,crash_month,crash_report_county,crash_severity_cd,crash_yr_source,damaged_property1,damaged_property2,day_of_week_code,did_crash_occur_in_work_zone,did_involve_secondary_crash,flow_condition,icn,investigating_agency_descrip,light_condition_code,mile_station,nhs,non_intersection_direction,non_intersection_distance,non_intersection_units,number_of_lanes,objectid,railroad_crossing_number,road_alignment,road_defects,road_defects_code,road_surface_condition_code,roadway_functional_class,roadway_functional_class_code,route_number,sfe,toll,township,traffic_control_device_code,traffic_control_device_cond_code,trafficway_descrip,trafficway_description_code,ts_crash_coordinate_x,ts_crash_coordinate_y,ts_crash_latitude,ts_crash_longitude,type_report,urban_rural,weather_code,were_workers_present,work_zone,work_zone_related,work_zone_type
2020,2020-09-25,Friday,08,08:30 AM,Property Damage,No Injuries,0,0,0,0,0,1,Parked Motor Vehicle,9,N,N,Failing to Reduce Speed to Avoid Crash,Unable to Determine,Unknown,Clear,Dry,N,,,,,Stop Sign,Functioning Properly,Y,2,41.8745936,-87.7749307,ok,(UNK),1,2005429,2020,,28,18,50000 and OVER,9,4295,Oak Park,C,Urban Local Road or Street,,16,25,11025976,9,Cook,0,20,,,5,N,No,Free Flow,202001250576,City,9,1.07,N,,,,(UNK),173100,(N/A),(UNK),No Defects,1,1,Local Road or Street,7,4040,X002025917,Not Toll,73,2,4,Not Divided,1,2947963.0932696,1905902.71244676,41.87458571,-87.7749,,Urban,1,N,(N/A),Y,(N/A)
2020,2020-09-25,Friday,15,03:19 PM,Property Damage,No Injuries,0,0,0,0,0,2,Front to Rear,11,N,N,Following Too Closely,Failing to Reduce Speed to Avoid Crash,Daylight,Clear,Unknown,N,,,,,Traffic Signal,Functioning Properly,N,2,41.9018778,-87.7848364,ok,(UNK),1,2005436,2020,,3,28,50000 and OVER,9,4295,Oak Park,C,Urban Major Collector,,16,25,11025977,9,Cook,0,20,,,5,N,No,Slow,202001250577,City,1,0,N,,,,(UNK),173101,(N/A),(UNK),Unknown,99,9,Major Collector,5,,X002026586,Not Toll,73,3,4,"Divided, No Median Barrier",2,2944989.02759638,1915770.56165239,41.90186999,-87.7848,,Urban,1,N,(N/A),N,(N/A)
2020,2020-09-25,Friday,18,06:30 PM,Property Damage,No Injuries,0,0,0,0,0,3,Turning,10,N,N,Improper Lane Usage,Unable to Determine,Darkness,Clear,Dry,N,,,,,No Controls,No Controls,N,2,41.8879468,-87.7944949,ok,(UNK),1,2005440,2020,,20,18,50000 and OVER,9,4295,Oak Park,C,Urban Major Collector,,16,25,11026004,9,Cook,0,20,,,5,N,No,Slow,202001250603,City,4,5.58,N,,,,(UNK),173215,(N/A),(UNK),No Defects,1,1,Major Collector,5,2775,X002026588,Not Toll,73,1,1,Not Divided,1,2942499.97919724,1910620.94326579,41.887939,-87.7945,,Urban,1,N,(N/A),Y,(N/A)
2020,2020-09-26,Saturday,07,07:00 AM,Property Damage,No Injuries,0,0,0,0,0,2,Sideswipe Same Direction,12,N,N,Improper Overtaking/Passing,Failing to Reduce Speed to Avoid Crash,Daylight,Clear,Dry,N,,,,,No Controls,No Controls,Y,2,41.8884791,-87.7899402,ok,(UNK),1,2005449,2020,,4,28,50000 and OVER,9,4295,Oak Park,C,Urban Major Collector,,16,26,11026005,9,Cook,0,20,,,6,N,No,Free Flow,202001250605,City,1,0.6,N,,,,(UNK),173216,(N/A),(UNK),No Defects,1,1,Major Collector,5,1405,X002026589,Not Toll,73,1,1,"Divided, No Median Barrier",2,2943734.87485901,1910849.2364556,41.88847123,-87.7899,,Urban,1,N,(N/A),Y,(N/A)
2020,2020-09-19,Saturday,12,12:00 PM,Injury,B Injury Crash,1,0,0,1,0,1,Angle,15,N,N,Failing to Yield Right of Way,Unable to Determine,Daylight,Clear,Dry,Y,,,,,Stop Sign,Functioning Properly,N,2,41.8851072,-87.7911429,ok,(UNK),1,2005458,2020,,2,18,50000 and OVER,9,4295,Oak Park,C,Urban Local Road or Street,,16,19,11026006,9,Cook,2,20,,,6,N,No,Free Flow,202001250606,City,1,0,N,,,,(UNK),173217,(N/A),(UNK),No Defects,1,1,Local Road or Street,7,,X002026590,Not Toll,73,2,4,Unknown Intersection Type,22,2943441.40969554,1909611.39033945,41.88509936,-87.7911,,Urban,1,N,(N/A),Y,(N/A)
2020,2020-09-16,Wednesday,15,03:20 PM,Injury,B Injury Crash,1,0,0,1,0,1,Sideswipe Same Direction,12,N,N,Improper Overtaking/Passing,Following Too Closely,Daylight,Clear,Dry,N,,,,,Delineators,Functioning Properly,N,2,41.8720717,-87.7888706,ok,Partial Access Control,3,03-20-11303,2020,,4,3,50000 and OVER,9,4295,Oak Park,C,Urban InterState,0,16,16,11022942,9,Cook,2,20,,,3,N,No,(UNK),202001247558,ISP,1,8.46,Y,,,,(UNK),173375,(N/A),(UNK),No Defects,1,1,InterState,1,290,X002024580,Not Toll,,14,4,Divided With Median Barrier,3,2944191.88182884,1904878.1641961,41.87206387,-87.7889,,Urban,1,N,(N/A),Y,(N/A)
2020,2020-09-17,Thursday,12,12:18 PM,Injury,B Injury Crash,1,0,0,1,0,2,Front to Rear,11,N,N,Failing to Reduce Speed to Avoid Crash,Following Too Closely,Darkness / Lighted Road,Clear,Dry,N,,,,,Other,Functioning Properly,Y,2,41.870969,-87.7750519,ok,Partial Access Control,3,03-20-11324,2020,,28,3,50000 and OVER,9,4295,Oak Park,C,Urban InterState,0,16,17,11023505,9,Cook,2,20,,,4,N,No,(UNK),202001248107,ISP,5,9.17,Y,,,,(UNK),173636,(N/A),(UNK),No Defects,1,1,InterState,1,290,X002025142,Not Toll,,13,4,Divided With Median Barrier,3,2947966.9054786,1904580.94401443,41.87096117,-87.775,,Urban,1,N,(N/A),Y,(N/A)
2020,2020-09-18,Friday,12,12:37 PM,Property Damage,No Injuries,0,0,0,0,0,2,Parked Motor Vehicle,9,N,N,Improper Lane Usage,Driving Skills/Knowledge/Experience,Daylight,Clear,Dry,N,,,,,No Controls,No Controls,N,2,41.9066759,-87.7925648,ok,(UNK),1,2005280,2020,,20,15,50000 and OVER,9,4295,Oak Park,C,Urban Local Road or Street,,16,18,11023575,9,Cook,0,20,,,5,N,No,Free Flow,202001248183,City,1,0.17,N,,,,(UNK),173894,(N/A),(UNK),No Defects,1,1,Local Road or Street,7,2670,X002025048,Not Toll,73,1,1,Not Divided,1,2942836.56920488,1917460.70621173,41.90666803,-87.7926,,Urban,1,N,(N/A),Y,(N/A)
2020,2020-09-27,Sunday,14,02:57 PM,Property Damage,No Injuries,0,0,0,0,0,2,Front to Rear,11,N,N,Following Too Closely,Failing to Reduce Speed to Avoid Crash,Daylight,Clear,Dry,N,,,,,No Controls,No Controls,N,2,41.8668253,-87.8042736,ok,(UNK),1,20-02824,2020,,3,28,50000 and OVER,9,4295,Oak Park,C,Urban Other Principal Arte,,16,27,11025392,9,Cook,0,20,,,7,N,No,Free Flow,202001249933,City,1,20.56,Y,,,,(UNK),174305,(N/A),(UNK),No Defects,1,1,Other Principal Arterial,3,348,X002026939,Not Toll,73,1,1,"Divided, No Median Barrier",2,2940049.13910367,1902850.38242125,41.86681747,-87.8043,,Urban,1,N,(N/A),Y,(N/A)
2020,2020-07-20,Monday,11,11:10 AM,Property Damage,No Injuries,0,0,0,0,0,1,Parked Motor Vehicle,9,N,N,Failing to Reduce Speed to Avoid Crash,Unable to Determine,Daylight,Clear,Dry,N,,,,,No Controls,No Controls,N,3,41.868083,-87.7827767,ok,(UNK),1,2003861,2020,,28,18,50000 and OVER,9,4295,Oak Park,C,Urban Local Road or Street,,16,20,11027345,7,Cook,0,20,,,1,N,Yes,Free Flow,202001251767,City,1,0.18,N,,,,(UNK),174475,(N/A),(UNK),No Defects,1,1,Local Road or Street,7,2635,X002028398,Not Toll,73,1,1,One-Way,10,2945892.07511563,1903470.65110553,41.86807511,-87.7828,,Urban,1,N,(N/A),Y,(N/A)
2020,2020-09-27,Sunday,06,06:17 AM,Property Damage,No Injuries,0,0,0,0,0,1,Parked Motor Vehicle,9,N,N,Failing to Reduce Speed to Avoid Crash,Unable to Determine,Dawn,Clear,Dry,N,,,,,No Controls,No Controls,N,3,41.8815821,-87.793355,ok,(UNK),1,2005474,2020,,28,18,50000 and OVER,9,4295,Oak Park,C,Urban Major Collector,,16,27,11027346,9,Cook,0,20,,,7,N,Yes,Free Flow,202001251768,City,2,0.59,N,,,,(UNK),174476,(N/A),(UNK),No Defects,1,1,Major Collector,5,5,X002028400,Not Toll,73,1,1,"Divided, No Median Barrier",2,2942874.5660809,1908310.09210101,41.88157423,-87.7933,,Urban,1,N,(N/A),Y,(N/A)
2020,2020-09-27,Sunday,15,03:01 PM,Injury,B Injury Crash,1,0,0,1,0,3,Front to Rear,11,N,N,Failing to Reduce Speed to Avoid Crash,(N/A),Daylight,Clear,Dry,N,,,,,No Controls,No Controls,N,3,41.872371,-87.8044686,ok,(UNK),1,2005486,2020,,28,99,50000 and OVER,9,4295,Oak Park,C,Urban Other Principal Arte,,16,27,11027347,9,Cook,2,20,,,7,N,No,Stopped,202001251769,City,1,20.18,Y,,,,(UNK),174477,(N/A),(UNK),No Defects,1,1,Other Principal Arterial,3,348,X002028402,Not Toll,73,1,1,"Divided, No Median Barrier",2,2939940.3808267,1904869.851322,41.87236312,-87.8045,,Urban,1,N,(N/A),Y,(N/A)
2020,2020-09-28,Monday,04,04:00 AM,Property Damage,No Injuries,0,0,0,0,0,2,Fixed Object,6,N,N,Driving Skills/Knowledge/Experience,Distraction - From Inside Vehicle,Darkness / Lighted Road,Rain,Wet,N,,,,,No Controls,No Controls,N,1,41.9092057,-87.7796128,ok,(UNK),1,2005498,2020,,15,41,50000 and OVER,9,4295,Oak Park,C,Urban Other Principal Arte,,16,28,11027349,9,Cook,0,20,,,1,N,No,Free Flow,202001251771,City,5,7.27,Y,,,,(UNK),174478,(N/A),(UNK),No Defects,1,2,Other Principal Arterial,3,307,X002028404,Not Toll,73,1,1,Divided With Median Barrier,3,2946336.78914594,1918480.52638744,41.90919784,-87.7796,,Urban,2,N,(N/A),Y,(N/A)
2020,2020-09-26,Saturday,15,03:53 PM,Property Damage,No Injuries,0,0,0,0,0,2,Other Object,7,N,N,Failing to Reduce Speed to Avoid Crash,Unable to Determine,Daylight,Clear,Dry,N,,,,,No Controls,No Controls,N,1,41.8947085,-87.7758931,ok,(UNK),1,2005465,2020,,28,18,50000 and OVER,9,4295,Oak Park,C,Urban Minor Arterial,,16,26,11026253,9,Cook,0,20,ROADWAY SIGN,,6,N,No,Free Flow,202001250701,City,1,4.09,N,,,,(UNK),174575,(N/A),(UNK),No Defects,1,1,Minor Arterial,4,1398,X002027331,Not Toll,73,1,1,Not Divided,1,2947496.65947368,1913225.68207961,41.89470067,-87.7759,,Urban,1,N,(N/A),Y,(N/A)
2020,2020-09-17,Thursday,12,12:39 PM,Injury,A Injury Crash,5,0,1,2,2,3,Parked Motor Vehicle,9,N,N,Under Influence of Alcohol/Drugs,Failing to Reduce Speed to Avoid Crash,Darkness / Lighted Road,Clear,Dry,N,,,,,No Controls,Functioning Properly,Y,5,41.8709714,-87.7750914,ok,Partial Access Control,3,03-20-11325,2020,,8,28,50000 and OVER,9,4295,Oak Park,C,Urban InterState,0,16,17,11028873,9,Cook,3,20,,,4,N,Yes,(UNK),202001252982,ISP,5,9.17,Y,,,,(UNK),174921,(N/A),(UNK),No Defects,1,1,InterState,1,290,X002029595,Not Toll,,1,4,Two-way Continuous Left-Tur,4,2947956.13994802,1904581.5131553,41.87096356,-87.7751,,Urban,1,N,(N/A),Y,(N/A)
2020,2020-09-20,Sunday,02,02:40 AM,Property Damage,No Injuries,0,0,0,0,0,2,Sideswipe Same Direction,12,N,N,Failing to Reduce Speed to Avoid Crash,Failing to Reduce Speed to Avoid Crash,Darkness / Lighted Road,Clear,Dry,N,,,,,No Controls,No Controls,N,2,41.8729274,-87.7986358,ok,Partial Access Control,3,03-20-11490,2020,,28,28,50000 and OVER,9,4295,Oak Park,C,Urban InterState,0,16,20,11029090,9,Cook,0,20,,,7,N,No,(UNK),202001253206,ISP,5,21.85,Y,,,,(UNK),175658,(N/A),(UNK),No Defects,1,1,InterState,1,9290,X002029810,Not Toll,,1,1,Divided With Median Barrier,3,2941523.49100484,1905116.4366312,41.87291959,-87.7986,,Urban,1,N,(N/A),Y,(N/A)
2020,2020-09-26,Saturday,11,11:35 AM,Property Damage,No Injuries,0,0,0,0,0,2,Front to Rear,11,N,N,Following Too Closely,Driving Skills/Knowledge/Experience,Daylight,Clear,Dry,N,,,,,Other Regualtory Sig,Functioning Properly,Y,2,41.8712282,-87.7788328,ok,Partial Access Control,3,03-20-11834,2020,,3,15,50000 and OVER,9,4295,Oak Park,C,Urban InterState,,16,26,11030457,9,Cook,0,20,,,6,N,No,(UNK),202001254383,ISP,1,8.98,Y,,,,(UNK),176337,(N/A),(UNK),No Defects,1,1,InterState,1,290,X002030891,Not Toll,73,10,4,Divided With Median Barrier,3,2946934.45592785,1904646.72110041,41.87122039,-87.7788,,Urban,1,N,(N/A),Y,(N/A)
2020,2020-09-15,Tuesday,23,11:45 PM,Property Damage,No Injuries,0,0,0,0,0,2,Front to Rear,11,N,N,Failing to Reduce Speed to Avoid Crash,Following Too Closely,Darkness / Lighted Road,Clear,Dry,N,,,,,Traffic Signal,Functioning Properly,Y,2,41.8735019,-87.8044576,ok,Partial Access Control,3,03-20-11288,2020,,28,3,50000 and OVER,9,4295,Oak Park,C,Urban InterState,,16,15,11029198,9,Cook,0,20,,,2,N,No,(UNK),202001253308,ISP,5,7.7,Y,,,,(UNK),176373,(N/A),(UNK),No Defects,1,1,InterState,1,290,X002029915,Not Toll,73,3,4,Ramp,11,2939932.03488646,1905282.06358846,41.87349405,-87.8045,,Urban,1,N,(N/A),Y,(N/A)
2020,2020-09-18,Friday,00,00:26 AM,Property Damage,No Injuries,0,0,0,0,0,2,Front to Rear,11,N,N,Failing to Reduce Speed to Avoid Crash,Following Too Closely,Darkness / Lighted Road,Clear,Dry,N,,,,,No Controls,No Controls,Y,2,41.8719741,-87.7845303,ok,Partial Access Control,3,03-20-11617,2020,,28,3,50000 and OVER,9,4295,Oak Park,C,Urban InterState,,16,18,11029217,9,Cook,0,20,,,5,N,No,(UNK),202001253328,ISP,5,22.57,Y,,,,(UNK),176491,(N/A),(UNK),No Defects,1,1,InterState,1,9290,X002029934,Not Toll,73,1,1,Divided With Median Barrier,3,2945375.04462637,1904875.38073886,41.87196624,-87.7845,,Urban,1,N,(N/A),Y,(N/A)
2020,2020-09-19,Saturday,20,08:13 PM,Property Damage,No Injuries,0,0,0,0,0,3,Front to Rear,11,N,N,Failing to Reduce Speed to Avoid Crash,Following Too Closely,Darkness / Lighted Road,Clear,Dry,N,,,,,Other Regualtory Sig,Functioning Properly,N,2,41.8713017,-87.7799043,ok,Partial Access Control,3,03-20-11473,2020,,28,3,50000 and OVER,9,4295,Oak Park,C,Urban InterState,0,16,19,11029244,9,Cook,0,20,,,6,N,No,(UNK),202001253357,ISP,5,22.81,Y,,,,(UNK),176760,(N/A),(UNK),No Defects,1,1,InterState,1,9290,X002029971,Not Toll,,10,4,Divided With Median Barrier,3,2946641.8688449,1904665.36072148,41.87129382,-87.7799,,Urban,1,N,(N/A),Y,(N/A)
2020,2020-09-29,Tuesday,12,12:02 PM,Property Damage,No Injuries,0,0,0,0,0,3,Sideswipe Same Direction,12,N,N,Improper Lane Usage,Failing to Reduce Speed to Avoid Crash,Daylight,Clear,Dry,N,,,,,No Controls,No Controls,N,2,41.8973464,-87.8053594,ok,(UNK),1,2000987,2020,,20,28,50000 and OVER,9,4295,Oak Park,C,Urban Other Principal Arte,,16,29,11028713,9,Cook,0,20,,,2,N,No,(UNK),202001252812,City,1,18.45,Y,,,,(UNK),176833,(N/A),(UNK),No Defects,1,1,Other Principal Arterial,3,348,X002029437,Not Toll,73,1,1,"Divided, No Median Barrier",2,2939447.19768631,1913964.67352244,41.89733855,-87.8054,,Urban,1,N,(N/A),Y,(N/A)
2020,2020-09-18,Friday,10,10:40 AM,Property Damage,No Injuries,0,0,0,0,0,2,Front to Rear,11,N,N,Following Too Closely,Failing to Reduce Speed to Avoid Crash,Daylight,Clear,Dry,N,,,,,No Controls,No Controls,N,2,41.8737619,-87.8043502,ok,Partial Access Control,3,03-20-11386,2020,,3,28,50000 and OVER,9,4295,Oak Park,C,Urban InterState,,16,18,11031645,9,Cook,0,20,,,5,N,No,(UNK),202001255636,ISP,1,21.59,Y,,,,(UNK),176954,(N/A),(UNK),No Defects,1,1,InterState,1,9290,X002031992,Not Toll,73,1,1,Divided With Median Barrier,3,2939958.68949802,1905377.6338177,41.87375409,-87.8043,,Urban,1,N,(N/A),Y,(N/A)
2020,2020-08-26,Wednesday,10,10:15 AM,Property Damage,No Injuries,0,0,0,0,0,2,Sideswipe Same Direction,12,N,N,Improper Lane Usage,(N/A),Daylight,Clear,Dry,N,,,,,No Controls,No Controls,Y,2,41.8866602,-87.8049512,ok,(UNK),1,20-2455,2020,,20,99,50000 and OVER,9,4295,Oak Park,C,Urban Other Principal Arte,,16,26,11030581,8,Cook,0,20,,,3,N,No,Stopped,202001254513,City,1,19.19,Y,,,,(UNK),176964,(N/A),(UNK),No Defects,1,1,Other Principal Arterial,3,348,X002031006,Not Toll,73,1,1,Divided With Median Barrier,3,2939665.57060086,1910073.4734806,41.88665232,-87.8049,,Urban,1,N,(N/A),Y,(N/A)
2020,2020-08-28,Friday,12,12:50 PM,Property Damage,No Injuries,0,0,0,0,0,2,Sideswipe Same Direction,12,N,N,Improper Lane Usage,Failing to Reduce Speed to Avoid Crash,Daylight,Clear,Dry,N,,,,,Other Regualtory Sig,Functioning Properly,N,2,41.8708886,-87.8527047,outside_oak_park,Partial Access Control,3,03-20-10429,2020,,20,28,50000 and OVER,9,4295,Oak Park,C,Urban InterState,0,16,28,11029671,8,Cook,0,20,,,5,N,No,(UNK),202001253810,ISP,1,5.2,Y,,,,(UNK),176966,(N/A),(UNK),No Defects,1,1,InterState,1,290,X002030365,Not Toll,,10,4,Divided With Median Barrier,3,2926816.85115495,1903971.58745521,41.87088072,-87.8527,,Urban,1,N,(N/A),Y,(N/A)
2020,2020-09-24,Thursday,05,05:49 AM,Property Damage,No Injuries,0,0,0,0,0,3,Sideswipe Same Direction,12,N,N,Improper Lane Usage,Improper Overtaking/Passing,Daylight,Clear,Dry,N,,,,,Other,Functioning Properly,Y,3,41.8723175,-87.7746942,ok,(UNK),3,03-20-11672,2020,,20,4,50000 and OVER,9,4295,Oak Park,C,(UNK),8,16,24,11028730,9,Cook,0,20,,,4,N,No,(UNK),202001252836,ISP,1,0,N,,,,(UNK),176999,(N/A),(UNK),No Defects,1,1,(UNK),0,,X002029459,No Toll,,13,4,Divided With Median Barrier,3,2948050.65809241,1905075.05940919,41.87230962,-87.7747,,(UNK),1,N,(N/A),Y,(N/A)
2020,2020-09-24,Thursday,07,07:41 AM,Injury,C Injury Crash,1,0,0,0,1,3,Front to Rear,11,N,N,Following Too Closely,Failing to Reduce Speed to Avoid Crash,Daylight,Clear,Dry,N,,,,,Other,Functioning Properly,N,3,41.8724857,-87.7922467,ok,Partial Access Control,3,03-20-11673,2020,,3,28,50000 and OVER,9,4295,Oak Park,C,Urban InterState,,16,24,11028731,9,Cook,1,20,,,4,N,No,(UNK),202001252837,ISP,1,22.16,Y,,,,(UNK),177000,(N/A),(UNK),No Defects,1,1,InterState,1,9290,X002029460,Not Toll,73,13,4,Divided With Median Barrier,3,2943268.12424042,1905003.57199472,41.87247789,-87.7922,,Urban,1,N,(N/A),Y,(N/A)
2020,2020-09-19,Saturday,19,07:45 PM,Property Damage,No Injuries,0,0,0,0,0,2,Sideswipe Same Direction,12,N,N,Failing to Yield Right of Way,Failing to Reduce Speed to Avoid Crash,Darkness / Lighted Road,Clear,Dry,N,,,,,Delineators,Functioning Properly,Y,2,41.8731112,-87.8005588,ok,Partial Access Control,3,03-20-11501,2020,,2,28,50000 and OVER,9,4295,Oak Park,C,Urban InterState,0,16,19,11031652,9,Cook,0,20,,,6,N,No,(UNK),202001255642,ISP,5,7.88,Y,,,,(UNK),177068,(N/A),(UNK),No Defects,1,1,InterState,1,290,X002031999,Not Toll,,14,4,Divided With Median Barrier,3,2940997.87702875,1905168.96617407,41.87310339,-87.8006,,Urban,1,N,(N/A),Y,(N/A)
2020,2020-10-01,Thursday,15,03:35 PM,Property Damage,No Injuries,0,0,0,0,0,2,Turning,10,N,N,Improper Turning/No Signal,Driving Skills/Knowledge/Experience,Daylight,Rain,Wet,N,,,,,No Controls,No Controls,N,2,41.865096,-87.8042179,ok,(UNK),1,20-02861,2020,,6,15,50000 and OVER,9,4295,Oak Park,C,Urban Other Principal Arte,,16,1,11031055,10,Cook,0,20,,,4,N,No,Free Flow,202001255036,City,1,20.69,Y,,,,(UNK),177532,(N/A),(UNK),No Defects,1,2,Other Principal Arterial,3,348,X002031453,Not Toll,73,1,1,"Divided, No Median Barrier",2,2940081.68372568,1902220.61989958,41.86508819,-87.8042,,Urban,2,N,(N/A),Y,(N/A)
2020,2020-09-30,Wednesday,18,06:03 PM,Property Damage,No Injuries,0,0,0,0,0,3,Sideswipe Same Direction,12,N,N,Improper Lane Usage,Failing to Reduce Speed to Avoid Crash,Daylight,Clear,Dry,N,,,,,No Controls,No Controls,N,2,41.8667945,-87.8042726,ok,(UNK),1,2005551,2020,,20,28,50000 and OVER,9,4295,Oak Park,C,Urban Other Principal Arte,,16,30,11031400,9,Cook,0,20,,,3,N,No,Free Flow,202001255389,City,1,20.57,Y,,,,(UNK),177566,(N/A),(UNK),No Defects,1,1,Other Principal Arterial,3,348,X002031644,Not Toll,73,1,1,Not Divided,1,2940049.73789787,1902839.15776586,41.86678665,-87.8043,,Urban,1,N,(N/A),Y,(N/A)
2020,2020-09-18,Friday,18,06:09 PM,Property Damage,No Injuries,0,0,0,0,0,3,Front to Rear,11,N,N,Following Too Closely,Failing to Reduce Speed to Avoid Crash,Dawn,Clear,Dry,N,,,,,Traffic Signal,Functioning Properly,N,3,41.8713313,-87.7759848,ok,Partial Access Control,3,03-20-11406,2020,,3,28,50000 and OVER,9,4295,Oak Park,C,Urban InterState,,16,18,11029344,9,Cook,0,20,,,5,N,No,(UNK),202001253459,ISP,2,23,Y,,,,(UNK),177568,(N/A),(UNK),No Defects,1,1,InterState,1,9290,X002030071,Not Toll,73,3,4,Divided With Median Barrier,3,2947709.12315458,1904705.89901677,41.8713235,-87.776,,Urban,1,N,(N/A),Y,(N/A)
2020,2020-10-01,Thursday,05,05:12 AM,Property Damage,No Injuries,0,0,0,0,0,2,Sideswipe Same Direction,12,N,N,Improper Lane Usage,Failing to Reduce Speed to Avoid Crash,Darkness,Clear,Dry,Y,,,,,Traffic Signal,Functioning Properly,N,2,41.8942279,-87.805227,ok,(UNK),1,2005558,2020,,20,28,50000 and OVER,9,4295,Oak Park,C,Urban Other Principal Arte,,16,1,11031401,10,Cook,0,20,,,4,N,No,Slow,202001255390,City,4,27.03,Y,,,,(UNK),177640,(N/A),(UNK),No Defects,1,1,Other Principal Arterial,3,5043,X002031645,Not Toll,73,3,4,"Divided, No Median Barrier",2,2939514.53806828,1912829.2111193,41.89422001,-87.8052,,Urban,1,N,(N/A),Y,(N/A)
2020,2020-10-01,Thursday,09,09:05 AM,Injury,B Injury Crash,1,0,0,1,0,2,Turning,10,N,N,Failing to Reduce Speed to Avoid Crash,Unable to Determine,Daylight,Clear,Dry,Y,,,,,Traffic Signal,Functioning Properly,N,2,41.8813878,-87.8047858,ok,(UNK),1,2005562,2020,,28,18,50000 and OVER,9,4295,Oak Park,C,Urban Other Principal Arte,,16,1,11031402,10,Cook,2,20,,,4,N,No,Slow,202001255392,City,1,26.14,Y,,,,(UNK),177641,(N/A),(UNK),No Defects,1,1,Other Principal Arterial,3,5043,X002031646,Not Toll,73,3,4,"Divided, No Median Barrier",2,2939763.52364909,1908153.38389951,41.88138,-87.8048,,Urban,1,N,(N/A),Y,(N/A)
2020,2020-08-22,Saturday,02,02:29 AM,Property Damage,No Injuries,0,0,0,0,0,1,Parked Motor Vehicle,9,N,N,Improper Lane Usage,Improper Lane Usage,Darkness / Lighted Road,Clear,Dry,N,,,,,No Controls,No Controls,N,2,41.8815685,-87.7956006,ok,(UNK),1,2004670,2020,,20,20,50000 and OVER,9,4295,Oak Park,C,Urban Major Collector,,16,22,11031410,8,Cook,0,20,,,6,N,No,Free Flow,202001255401,City,5,0,N,,,,(UNK),177644,(N/A),(UNK),No Defects,1,1,Major Collector,5,,X002031642,Not Toll,73,1,1,Not Divided,1,2942263.13019546,1908288.24304557,41.88156069,-87.7956,,Urban,1,N,(N/A),Y,(N/A)
2020,2020-09-20,Sunday,02,02:37 AM,Property Damage,No Injuries,0,0,0,0,0,4,Front to Rear,11,N,N,Following Too Closely,Failing to Reduce Speed to Avoid Crash,Darkness / Lighted Road,Clear,Dry,N,,,,,Other,Functioning Properly,N,2,41.8730036,-87.7994601,ok,Partial Access Control,3,03-20-11493,2020,,3,28,50000 and OVER,9,4295,Oak Park,C,Urban InterState,0,16,20,11032228,9,Cook,0,20,,,7,N,No,(UNK),202001256228,ISP,5,7.93,Y,,,,(UNK),177676,(N/A),(UNK),No Defects,1,1,InterState,1,290,X002032542,Not Toll,,13,4,Divided With Median Barrier,3,2941298.20154471,1905138.00900346,41.87299579,-87.7995,,Urban,1,N,(N/A),Y,(N/A)
2020,2020-09-25,Friday,23,11:39 PM,Property Damage,No Injuries,0,0,0,0,0,3,Front to Rear,11,N,N,Failing to Reduce Speed to Avoid Crash,Following Too Closely,Darkness / Lighted Road,Clear,Dry,N,,,,,Other Regualtory Sig,Functioning Properly,N,3,41.8727055,-87.7963333,ok,Partial Access Control,3,03-20-11770,2020,,28,3,50000 and OVER,9,4295,Oak Park,C,Urban InterState,0,16,25,11031817,9,Cook,0,20,,,5,N,No,(UNK),202001255830,ISP,5,8.08,Y,,,,(UNK),178065,(N/A),(UNK),No Defects,1,1,InterState,1,290,X002032152,Not Toll,,10,4,"Divided, No Median Barrier",2,2942152.85148402,1905052.8689623,41.87269763,-87.7963,,Urban,1,N,(N/A),Y,(N/A)
2020,2020-10-01,Thursday,19,07:32 PM,Injury,B Injury Crash,1,0,0,1,0,2,Front to Rear,11,N,N,Following Too Closely,Failing to Reduce Speed to Avoid Crash,Darkness / Lighted Road,Clear,Wet,N,,,,,Other,Functioning Properly,N,3,41.8710706,-87.7745022,ok,Partial Access Control,3,03-20-12042,2020,,3,28,50000 and OVER,9,4295,Oak Park,C,Urban InterState,,16,1,11031852,10,Cook,2,20,,,4,N,No,(UNK),202001255871,ISP,5,0.2,Y,,,,(UNK),178269,(N/A),(UNK),No Defects,1,2,InterState,1,290,X002032185,Not Toll,73,13,4,Divided With Median Barrier,3,2948115.60456975,1904622.14223914,41.87106277,-87.7745,,Urban,1,N,(N/A),Y,(N/A)