crash_year,crash_date,day_of_week,crash_hour,time_of_crash,crash_severity,crash_injury_severity,total_injured,total_fatals,a_injuries,b_injuries,c_injuries,no_injuries,type_of_first_crash,collision_type_code,pedestrian_involved,pedalcyclist_involved,cause1,cause2,lighting_cond,weather_cond,road_surface_cond,intersection_related,is_intersection,highway_or_street_name,at_intersection_with,address_no,traffic_control_device,traffic_control_device_cond,hit_and_run,number_of_vehicles,latitude,longitude,location_status,access_control,agency_code,agency_report_number,agency_report_year,alignment_code,cause1_code,cause2_code,city_class,city_class_code,city_code,city_name,city_township_flag,class_of_trafficway,class_of_trafficway_code,county_code,crash_day,crash_id,crash_month,crash_report_county,crash_severity_cd,crash_yr_source,damaged_property1,damaged_property2,day_of_week_code,did_crash_occur_in_work_zone,did_involve_secondary_crash,flow_condition,icn,investigating_agency_descrip,light_condition_code,mile_station,nhs,non_intersection_direction,non_intersection_distance,non_intersection_units,number_of_lanes,objectid,railroad_crossing_number,road_alignment,road_defects,road_defects_code,road_surface_condition_code,roadway_functional_class,roadway_functional_class_code,route_number,sfe,toll,township,traffic_control_device_code,traffic_control_device_cond_code,trafficway_descrip,trafficway_description_code,ts_crash_coordinate_x,ts_crash_coordinate_y,ts_crash_latitude,ts_crash_longitude,type_report,urban_rural,weather_code,were_workers_present,work_zone,work_zone_related,work_zone_type
2020,2020-10-01,Thursday,17,05:09 PM,Injury,B Injury Crash,1,0,0,1,0,1,Pedalcyclist,2,N,Y,Failing to Yield Right of Way,Unable to Determine,Daylight,Cloudy/Overcast,Dry,Y,,,,,Stop Sign,Functioning Properly,N,1,41.8734696,-87.7996359,ok,(UNK),1,2005577,2020,,2,18,50000 and OVER,9,4295,Oak Park,C,Urban Local Road or Street,,16,1,11034101,10,Cook,2,20,,,4,N,No,Free Flow,202001258066,City,1,0,N,,,,(UNK),178407,(N/A),(UNK),No Defects,1,1,Local Road or Street,7,,X002032607,Not Toll,73,2,4,T-Intersection,15,2941245.64251246,1905306.48543824,41.87346173,-87.7996,,Urban,8,N,(N/A),Y,(N/A)
2020,2020-10-01,Thursday,14,02:49 PM,Property Damage,No Injuries,0,0,0,0,0,3,Angle,15,N,N,Failing to Yield Right of Way,Disregarding Other Traffic Signs,Daylight,Unknown,Dry,Y,,,,,Stop Sign,Functioning Properly,N,2,41.8815389,-87.7969726,ok,(UNK),1,2005572,2020,,2,24,50000 and OVER,9,4295,Oak Park,C,Urban Major Collector,,16,1,11034103,10,Cook,0,20,,,4,N,No,Free Flow,202001258068,City,1,0,N,,,,(UNK),178408,(N/A),(UNK),No Defects,1,1,Major Collector,5,,X002032609,Not Toll,73,2,4,T-Intersection,15,2941889.80431791,1908267.11297831,41.88153104,-87.797,,Urban,9,N,(N/A),Y,(N/A)
2020,2020-10-01,Thursday,17,05:50 PM,Injury,C Injury Crash,1,0,0,0,1,2,Front to Rear,11,N,N,Following Too Closely,Failing to Reduce Speed to Avoid Crash,Daylight,Rain,Wet,N,,,,,Traffic Signal,Functioning Properly,N,2,41.9016933,-87.7955707,ok,(UNK),1,2005578,2020,,3,28,50000 and OVER,9,4295,Oak Park,C,Urban Major Collector,,16,1,11034104,10,Cook,1,20,,,4,N,No,Stopped,202001258069,City,1,1.5,N,,,,(UNK),178409,(N/A),(UNK),No Defects,1,2,Major Collector,5,1394,X002032610,Not Toll,73,3,4,"Divided, No Median Barrier",2,2942068.5234527,1915622.29816408,41.90168541,-87.7956,,Urban,2,N,(N/A),Y,(N/A)
2020,2020-10-02,Friday,07,07:28 AM,Property Damage,No Injuries,0,0,0,0,0,5,Angle,15,N,N,Failing to Yield Right of Way,Vision Obscured,Daylight,Clear,Dry,N,,,,,No Controls,No Controls,N,2,41.881484,-87.8007401,ok,(UNK),1,2005580,2020,,2,14,50000 and OVER,9,4295,Oak Park,C,Urban Major Collector,,16,2,11034105,10,Cook,0,20,,,5,N,No,Slow,202001258070,City,1,0.21,N,,,,(UNK),178410,(N/A),(UNK),No Defects,1,1,Major Collector,5,5,X002032611,Not Toll,73,1,1,Four Way,14,2940864.34026633,1908218.79020477,41.88147616,-87.8007,,Urban,1,N,(N/A),Y,(N/A)
2020,2020-09-28,Monday,10,10:28 AM,Property Damage,No Injuries,0,0,0,0,0,1,Fixed Object,6,N,N,Failing to Reduce Speed to Avoid Crash,(N/A),Daylight,Rain,Wet,N,,,,,Stop Sign,Functioning Properly,Y,1,41.8872272,-87.8007606,ok,(UNK),1,2005504,2020,,28,99,50000 and OVER,9,4295,Oak Park,C,Urban Major Collector,,16,28,11034138,9,Cook,0,20,PANELS,,1,N,No,Free Flow,202001258082,City,1,0,N,,,,(UNK),178464,(N/A),(UNK),No Defects,1,2,Major Collector,5,,X002033487,Not Toll,73,2,4,One-Way,10,2940801.02346489,1910311.55966721,41.88721935,-87.8008,,Urban,2,N,(N/A),Y,(N/A)
2020,2020-10-03,Saturday,11,11:07 AM,Property Damage,No Injuries,0,0,0,0,0,1,Parked Motor Vehicle,9,N,N,Failing to Reduce Speed to Avoid Crash,Unable to Determine,Unknown,Clear,Dry,N,,,,,No Controls,No Controls,Y,2,41.8944233,-87.7767375,ok,(UNK),1,2005603,2020,,28,18,50000 and OVER,9,4295,Oak Park,C,Urban Local Road or Street,,16,3,11034142,10,Cook,0,20,,,6,N,No,Free Flow,202001258087,City,9,0.24,N,,,,(UNK),178466,(N/A),(UNK),No Defects,1,1,Local Road or Street,7,2603,X002033491,Not Toll,73,1,1,Not Divided,1,2947269.65258614,1913115.33460507,41.89441545,-87.7767,,Urban,1,N,(N/A),Y,(N/A)
2020,2020-10-03,Saturday,21,09:53 PM,Property Damage,No Injuries,0,0,0,0,0,1,Fixed Object,6,N,N,Animal,Evasive Action Due to Animal / Object / Non-Motorist,Darkness / Lighted Road,Rain,Wet,N,,,,,No Controls,No Controls,N,1,41.8753594,-87.8035069,ok,(UNK),1,2005617,2020,,21,32,50000 and OVER,9,4295,Oak Park,C,Urban Local Road or Street,,16,3,11034147,10,Cook,0,20,TREE,,6,N,No,Free Flow,202001258092,City,5,0,N,,,,(UNK),178522,(N/A),(UNK),No Defects,1,2,Local Road or Street,7,4030,X002034261,Not Toll,73,1,1,"Divided, No Median Barrier",2,2940172.32026369,1905966.09553786,41.87535153,-87.8035,,Urban,2,N,(N/A),Y,(N/A)
2020,2020-10-03,Saturday,14,02:40 PM,Property Damage,No Injuries,0,0,0,0,0,2,Angle,15,N,N,Disregarding Stop Sign,(N/A),Daylight,Clear,Dry,Y,,,,,Stop Sign,Functioning Properly,N,2,41.8781189,-87.7819227,ok,(UNK),1,2005611,2020,,23,99,50000 and OVER,9,4295,Oak Park,C,Urban Local Road or Street,,16,3,11034148,10,Cook,0,20,,,6,N,No,Slow,202001258093,City,1,0,N,,,,(UNK),178523,(N/A),(UNK),No Defects,1,1,Local Road or Street,7,,X002034262,Not Toll,73,2,4,Four Way,14,2946023.02882416,1907134.38898093,41.87811103,-87.7819,,Urban,1,N,(N/A),Y,(N/A)
2020,2020-10-03,Saturday,15,03:54 PM,Property Damage,No Injuries,0,0,0,0,0,2,Angle,15,N,N,Failing to Reduce Speed to Avoid Crash,Failing to Yield Right of Way,Daylight,Clear,Dry,Y,,,,,Stop Sign,Functioning Properly,N,2,41.8869494,-87.7879194,ok,(UNK),1,2005614,2020,,28,2,50000 and OVER,9,4295,Oak Park,C,Urban Local Road or Street,,16,3,11034149,10,Cook,0,20,,,6,N,No,Slow,202001258094,City,1,0,N,,,,(UNK),178524,(N/A),(UNK),No Defects,1,1,Local Road or Street,7,,X002034263,Not Toll,73,2,4,Four Way,14,2944300.60644176,1910307.03870345,41.88694152,-87.7879,,Urban,1,N,(N/A),Y,(N/A)
2020,2020-10-01,Thursday,15,03:13 PM,Property Damage,No Injuries,0,0,0,0,0,5,Angle,15,N,N,Improper Overtaking/Passing,Driving Skills/Knowledge/Experience,Daylight,Clear,Dry,Y,,,,,Other Regualtory Sig,Functioning Properly,N,3,41.8796079,-87.8038445,ok,(UNK),1,2005574,2020,,4,15,50000 and OVER,9,4295,Oak Park,C,Urban Minor Arterial,,16,1,11034151,10,Cook,0,20,,,4,N,Yes,Slow,202001258096,City,1,0,N,,,,(UNK),178526,(N/A),(UNK),No Defects,1,1,Minor Arterial,4,,X002034265,Not Toll,73,10,4,Not Divided,1,2940037.74362465,1907511.78603998,41.87960002,-87.8038,,Urban,1,N,(N/A),Y,(N/A)
2020,2020-10-04,Sunday,10,10:37 AM,Injury,B Injury Crash,2,0,0,2,0,2,Angle,15,N,N,Disregarding Other Traffic Signs,Failing to Yield Right of Way,Daylight,Clear,Dry,Y,,,,,Other Regualtory Sig,Functioning Properly,N,2,41.8815772,-87.7926484,ok,(UNK),1,2005624,2020,,24,2,50000 and OVER,9,4295,Oak Park,C,Urban Major Collector,,16,4,11034153,10,Cook,2,20,,,7,N,No,Free Flow,202001258098,City,1,0,N,,,,(UNK),178527,(N/A),(UNK),No Defects,1,1,Major Collector,5,,X002034267,Not Toll,73,10,4,Unknown Intersection Type,22,2943067.02405044,1908313.6230979,41.88156931,-87.7926,,Urban,1,N,(N/A),Y,(N/A)
2020,2020-10-04,Sunday,18,06:00 PM,Property Damage,No Injuries,0,0,0,0,0,2,Turning,10,N,N,Failing to Reduce Speed to Avoid Crash,Unable to Determine,Dusk,Clear,Dry,N,,,,,No Controls,No Controls,Y,2,41.8650305,-87.8040339,ok,(UNK),1,2005638,2020,,28,18,50000 and OVER,9,4295,Oak Park,C,Urban Other Principal Arte,,16,4,11034154,10,Cook,0,20,,,7,N,No,Stopped,202001258099,City,3,6,Y,,,,(UNK),178603,(N/A),(UNK),No Defects,1,1,Other Principal Arterial,3,347,X002034268,Not Toll,73,1,1,"Divided, No Median Barrier",2,2940132.45336379,1902198.1007136,41.86502261,-87.804,,Urban,1,N,(N/A),Y,(N/A)
2020,2020-10-03,Saturday,23,11:00 PM,Property Damage,No Injuries,0,0,0,0,0,1,Parked Motor Vehicle,9,N,N,Failing to Reduce Speed to Avoid Crash,Unable to Determine,Daylight,Unknown,Dry,N,,,,,No Controls,No Controls,Y,2,41.8940341,-87.7799777,ok,(UNK),1,2005649,2020,,28,18,50000 and OVER,9,4295,Oak Park,C,Urban Local Road or Street,,16,3,11035681,10,Cook,0,20,,,6,N,No,Free Flow,202001259389,City,1,1.04,N,,,,(UNK),179378,(N/A),(UNK),No Defects,1,1,Local Road or Street,7,3559,X002035343,Not Toll,73,1,1,"Divided, No Median Barrier",2,2946391.36121682,1912948.94938552,41.8940263,-87.78,,Urban,9,N,(N/A),Y,(N/A)
2020,2020-10-05,Monday,12,12:02 PM,Property Damage,No Injuries,0,0,0,0,0,3,Angle,15,N,N,Failing to Yield Right of Way,Driving Skills/Knowledge/Experience,Daylight,Clear,Dry,Y,,,,,Stop Sign,Functioning Properly,N,2,41.9071938,-87.7949959,ok,(UNK),1,2005652,2020,,2,15,50000 and OVER,9,4295,Oak Park,C,Urban Major Collector,,16,5,11035683,10,Cook,0,20,,,1,N,No,Free Flow,202001259391,City,1,0,N,,,,(UNK),179380,(N/A),(UNK),No Defects,1,1,Major Collector,5,,X002035345,Not Toll,73,2,4,Not Divided,1,2942169.54044039,1917631.12314437,41.90718593,-87.795,,Urban,1,N,(N/A),Y,(N/A)
2020,2020-10-05,Monday,13,01:20 PM,Property Damage,No Injuries,0,0,0,0,0,2,Angle,15,N,N,Failing to Yield Right of Way,Driving Skills/Knowledge/Experience,Daylight,Clear,Dry,Y,,,,,Stop Sign,Functioning Properly,N,2,41.8981815,-87.7882596,ok,(UNK),1,2005653,2020,,2,15,50000 and OVER,9,4295,Oak Park,C,Urban Local Road or Street,,16,5,11035684,10,Cook,0,20,,,1,N,No,Free Flow,202001259392,City,1,0,N,,,,(UNK),179381,(N/A),(UNK),No Defects,1,1,Local Road or Street,7,,X002035346,Not Toll,73,2,4,Not Divided,1,2944094.43968475,1914397.66678036,41.89817364,-87.7883,,Urban,1,N,(N/A),Y,(N/A)
2020,2020-10-02,Friday,17,05:55 PM,Property Damage,No Injuries,0,0,0,0,0,5,Front to Rear,11,N,N,Failing to Reduce Speed to Avoid Crash,Following Too Closely,Dawn,Clear,Dry,N,,,,,No Controls,No Controls,N,4,41.8736199,-87.8027117,ok,Partial Access Control,3,03-20-12092,2020,,28,3,50000 and OVER,9,4295,Oak Park,C,Urban InterState,,16,2,11032080,10,Cook,0,20,,,5,N,No,(UNK),202001256090,ISP,2,21.67,Y,,,,(UNK),179711,(N/A),(UNK),No Defects,1,1,InterState,1,9290,X002032402,Not Toll,73,1,1,Divided With Median Barrier,3,2940406.36738408,1905338.16567438,41.87361206,-87.8027,,Urban,1,N,(N/A),Y,(N/A)
2020,2020-09-29,Tuesday,10,10:00 AM,Property Damage,No Injuries,0,0,0,0,0,2,Turning,10,N,N,Improper Turning/No Signal,Driving Skills/Knowledge/Experience,Daylight,Clear,Dry,N,,,,,No Controls,No Controls,N,2,41.8756719,-87.8045867,ok,(UNK),1,20-02877,2020,,6,15,50000 and OVER,9,4295,Oak Park,C,Urban Other Principal Arte,,16,29,11032082,9,Cook,0,20,,,2,N,No,Free Flow,202001256092,City,1,19.95,Y,,,,(UNK),179712,(N/A),(UNK),No Defects,1,1,Other Principal Arterial,3,348,X002032404,Not Toll,73,1,1,"Divided, No Median Barrier",2,2939875.11127106,1906071.89249047,41.87566408,-87.8046,,Urban,1,N,(N/A),Y,(N/A)
2020,2020-08-09,Sunday,00,00:49 AM,Fatal,Fatal Crash,1,4,0,1,0,0,Fixed Object,6,N,N,Failing to Reduce Speed to Avoid Crash,Physical Condition of Driver,Darkness / Lighted Road,Clear,Dry,N,,,,,No Controls,No Controls,Y,1,41.8873145,-87.8049845,ok,(UNK),1,2000755,20,,28,17,50000 and OVER,9,4295,Oak Park,C,Urban Other Principal Arte,0,16,9,11035791,8,Cook,4,20,WALL,FENCW,7,N,No,Free Flow,202001260976,City,5,19.15,Y,,,,(UNK),179821,(N/A),(UNK),No Defects,1,1,Other Principal Arterial,3,348,2000755,Not Toll,73,1,1,Not Divided,1,2939649.95192342,1910311.68968175,41.88730669,-87.805,,Urban,1,N,(N/A),Y,(N/A)
2020,2020-10-03,Saturday,08,08:59 AM,Property Damage,No Injuries,0,0,0,0,0,3,Sideswipe Same Direction,12,N,N,Improper Overtaking/Passing,Operating Vehicle In Reckless Manner,Daylight,Cloudy/Overcast,Dry,N,,,,,No Controls,No Controls,N,2,41.9090945,-87.7899989,ok,(UNK),1,JD387156,2020,,4,50,50000 and OVER,9,4295,Oak Park,C,Urban Other Principal Arte,,16,3,11034571,10,Cook,0,20,,,6,N,No,(UNK),202001258293,City,1,6.73,Y,,,,(UNK),180089,(N/A),(UNK),Unknown,99,1,Other Principal Arterial,3,307,X002034550,Not Toll,73,1,1,Not Divided,1,2943510.64361007,1918361.46923445,41.90908669,-87.79,,Urban,8,N,(N/A),N,(N/A)
2020,2020-09-28,Monday,17,05:05 PM,Property Damage,No Injuries,0,0,0,0,0,2,Front to Rear,11,N,N,Failing to Reduce Speed to Avoid Crash,Following Too Closely,Daylight,Clear,Dry,N,,,,,No Controls,No Controls,N,2,41.8729019,-87.7983668,ok,Partial Access Control,3,03-20-11893,2020,,28,3,50000 and OVER,9,4295,Oak Park,C,Urban InterState,0,16,28,11036299,9,Cook,0,20,,,1,N,No,(UNK),202001259986,ISP,1,21.86,Y,,,,(UNK),180709,(N/A),(UNK),No Defects,1,1,InterState,1,9290,X002036134,Not Toll,,1,1,Divided With Median Barrier,3,2941597.00827941,1905109.15784916,41.87289407,-87.7984,,Urban,1,N,(N/A),Y,(N/A)
2020,2020-10-05,Monday,22,10:11 PM,Property Damage,No Injuries,0,0,0,0,0,2,Fixed Object,6,N,N,Improper Overtaking/Passing,(N/A),Darkness / Lighted Road,Clear,Dry,Y,,,,,No Controls,No Controls,Y,2,41.8942278,-87.8052264,ok,(UNK),1,2001019,2020,,4,99,50000 and OVER,9,4295,Oak Park,C,Urban Other Principal Arte,,16,5,11036657,10,Cook,0,20,,,1,N,No,Slow,202001260441,City,5,27.03,Y,,,,(UNK),180794,(N/A),(UNK),No Defects,1,1,Other Principal Arterial,3,5043,X002036378,Not Toll,73,1,1,Not Divided,1,2939514.6988817,1912829.21423127,41.89422,-87.8052,,Urban,1,N,(N/A),Y,(N/A)
2020,2020-09-08,Tuesday,00,00:45 AM,Property Damage,No Injuries,0,0,0,0,0,3,Front to Rear,11,N,N,Following Too Closely,Failing to Reduce Speed to Avoid Crash,Darkness / Lighted Road,Clear,Dry,Y,,,,,Traffic Signal,Functioning Properly,N,2,41.8796676,-87.8047358,ok,(UNK),1,2005040,2020,,3,28,50000 and OVER,9,4295,Oak Park,C,Urban Other Principal Arte,,16,8,11035677,9,Cook,0,20,,,2,N,No,Stopped,202001259385,City,5,26.02,Y,,,,(UNK),181330,(N/A),(UNK),No Defects,1,1,Other Principal Arterial,3,5043,X002035339,Not Toll,73,3,4,"Divided, No Median Barrier",2,2939794.40559217,1907526.86918962,41.87965975,-87.8047,,Urban,1,N,(N/A),Y,(N/A)
2020,2020-09-16,Wednesday,12,12:26 PM,Injury,C Injury Crash,1,0,0,0,1,1,Turning,10,N,N,Failing to Yield Right of Way,Unable to Determine,Daylight,Clear,Dry,N,,,,,Stop Sign,No Controls,N,2,41.881568,-87.7956363,ok,(UNK),1,2005232,2020,,2,18,50000 and OVER,9,4295,Oak Park,C,Urban Major Collector,,16,16,11035678,9,Cook,1,20,,,3,N,No,Free Flow,202001259386,City,1,0,N,,,,(UNK),181331,(N/A),(UNK),No Defects,1,1,Major Collector,5,,X002035340,Not Toll,73,2,1,Not Divided,1,2942253.41942394,1908287.77589616,41.88156014,-87.7956,,Urban,1,N,(N/A),Y,(N/A)
2020,2020-10-05,Monday,08,08:21 AM,Property Damage,No Injuries,0,0,0,0,0,4,Front to Rear,11,N,N,Failing to Reduce Speed to Avoid Crash,(N/A),Daylight,Clear,Dry,N,,,,,Other Regualtory Sig,Functioning Properly,N,4,41.8732059,-87.7989145,ok,Partial Access Control,3,03-20-12243,2020,,28,99,50000 and OVER,9,4295,Oak Park,C,Urban InterState,,16,5,11038757,10,Cook,0,20,,,1,N,No,(UNK),202001262542,ISP,1,21.88,Y,,,,(UNK),181526,(N/A),(UNK),No Defects,1,1,InterState,1,9290,X002038400,Not Toll,73,10,4,Divided With Median Barrier,3,2941444.78134562,1905215.8124526,41.87319804,-87.7989,,Urban,1,N,(N/A),Y,(N/A)
2020,2020-10-06,Tuesday,14,02:14 PM,Property Damage,No Injuries,0,0,0,0,0,2,Front to Rear,11,N,N,Failing to Reduce Speed to Avoid Crash,Unable to Determine,Daylight,Clear,Dry,N,,,,,No Controls,No Controls,N,2,41.872284,-87.8044649,ok,(UNK),1,2005671,2020,,28,18,50000 and OVER,9,4295,Oak Park,C,Urban Other Principal Arte,,16,6,11037679,10,Cook,0,20,,,2,N,No,Slow,202001261490,City,1,25.52,Y,,,,(UNK),181591,(N/A),(UNK),No Defects,1,1,Other Principal Arterial,3,5043,X002037336,Not Toll,73,1,1,"Divided, No Median Barrier",2,2939942.27141493,1904838.18771793,41.87227616,-87.8045,,Urban,1,N,(N/A),Y,(N/A)
2020,2020-09-26,Saturday,19,07:06 PM,Property Damage,No Injuries,0,0,0,0,0,1,Parked Motor Vehicle,9,N,N,Improper Lane Usage,Unable to Determine,Darkness,Clear,Dry,N,,,,,No Controls,No Controls,N,2,41.8806894,-87.7893731,ok,(UNK),1,2005469,2020,,20,18,50000 and OVER,9,4295,Oak Park,C,Urban Minor Collector,,16,26,11037683,9,Cook,0,20,,,6,N,No,Slow,202001261493,City,4,0.55,N,,,,(UNK),181593,(N/A),(UNK),No Defects,1,1,Minor Collector,6,2779,X002037340,Not Toll,73,1,1,Not Divided,1,2943967.98353165,1908014.80458661,41.88068153,-87.7894,,Urban,1,N,(N/A),Y,(N/A)
2020,2020-10-06,Tuesday,14,02:36 PM,Property Damage,No Injuries,0,0,0,0,0,2,Sideswipe Same Direction,12,N,N,Failing to Reduce Speed to Avoid Crash,Improper Overtaking/Passing,Daylight,Clear,Dry,N,,,,,No Controls,No Controls,N,2,41.8863029,-87.8049386,ok,(UNK),1,2005672,2020,,28,4,50000 and OVER,9,4295,Oak Park,C,Urban Other Principal Arte,,16,6,11038920,10,Cook,0,20,,,2,N,No,Slow,202001262694,City,1,19.22,Y,,,,(UNK),181615,(N/A),(UNK),No Defects,1,1,Other Principal Arterial,3,348,X002038347,Not Toll,73,1,1,Not Divided,1,2939672.60115394,1909943.39203929,41.8862951,-87.8049,,Urban,1,N,(N/A),Y,(N/A)
2020,2020-10-07,Wednesday,17,05:00 PM,Property Damage,No Injuries,0,0,0,0,0,2,Front to Rear,11,N,N,Failing to Reduce Speed to Avoid Crash,Unable to Determine,Daylight,Clear,Dry,N,,,,,No Controls,No Controls,Y,2,41.8984505,-87.7752676,ok,(UNK),1,2005700,2020,,28,18,50000 and OVER,9,4295,Oak Park,C,Urban Minor Arterial,,16,7,11038808,10,Cook,0,20,,,3,N,No,Slow,202001262603,City,1,6.35,N,,,,(UNK),181856,(N/A),(UNK),No Defects,1,1,Minor Arterial,4,2790,X002038350,Not Toll,,1,1,"Divided, No Median Barrier",2,2947628.92511593,1914594.08412429,41.89844266,-87.7753,,Urban,1,N,(N/A),Y,(N/A)
2020,2020-10-08,Thursday,08,08:43 AM,Property Damage,No Injuries,0,0,0,0,0,1,Parked Motor Vehicle,9,N,N,Unable to Determine,(N/A),Daylight,Unknown,Unknown,N,,,,,No Controls,No Controls,Y,2,41.8682027,-87.7778913,ok,(UNK),1,2005707,2020,,18,99,50000 and OVER,9,4295,Oak Park,C,Urban Local Road or Street,,16,8,11038809,10,Cook,0,20,,,4,N,No,Stopped,202001262604,City,1,0.17,N,,,,(UNK),181857,(N/A),(UNK),No Defects,1,9,Local Road or Street,7,2613,X002038351,Not Toll,73,1,1,Not Divided,1,2947221.6070716,1903551.30721583,41.86819487,-87.7779,,Urban,9,N,(N/A),Y,(N/A)
2020,2020-10-07,Wednesday,08,08:19 AM,Property Damage,No Injuries,0,0,0,0,0,4,Sideswipe Same Direction,12,N,N,Unable to Determine,(N/A),Daylight,Clear,Dry,N,,,,,No Controls,No Controls,N,2,41.87282,-87.7942766,ok,(UNK),1,2005687,2020,,18,99,50000 and OVER,9,4295,Oak Park,C,Urban Local Road or Street,,16,7,11038816,10,Cook,0,20,,,3,N,No,Free Flow,202001262608,City,1,0.49,N,,,,(UNK),181900,(N/A),(UNK),No Defects,1,1,Local Road or Street,7,290,X002038348,Not Toll,73,1,1,"Divided, No Median Barrier",2,2942711.87219492,1905110.07993074,41.87281213,-87.7943,,Urban,1,N,(N/A),Y,(N/A)
2020,2020-10-08,Thursday,15,03:01 PM,Property Damage,No Injuries,0,0,0,0,0,2,Angle,15,N,N,Improper Turning/No Signal,Driving Skills/Knowledge/Experience,Daylight,Clear,Dry,N,,,,,Traffic Signal,Functioning Properly,Y,2,41.9089177,-87.8057865,ok,(UNK),1,2001034,2020,,6,15,50000 and OVER,9,4295,Oak Park,C,Urban Other Principal Arte,,16,8,11038821,10,Cook,0,20,,,4,N,No,Stopped,202001262609,City,1,17.65,Y,,,,(UNK),181901,(N/A),(UNK),No Defects,1,1,Other Principal Arterial,3,348,X002038353,Not Toll,73,3,4,Two-way Continuous Left-Tur,4,2939214.80164942,1918178.28182868,41.90890986,-87.8058,,Urban,1,N,(N/A),Y,(N/A)
2020,2020-10-06,Tuesday,23,11:25 PM,Property Damage,No Injuries,0,0,0,0,0,2,Front to Rear,11,N,N,Following Too Closely,Failing to Reduce Speed to Avoid Crash,Darkness / Lighted Road,Clear,Dry,N,,,,,No Controls,No Controls,N,2,41.8716471,-87.7838405,ok,Partial Access Control,3,03-20-12316,2020,,3,28,50000 and OVER,9,4295,Oak Park,C,Urban InterState,0,16,6,11038271,10,Cook,0,20,,,2,N,No,(UNK),202001262065,ISP,5,8.73,Y,,,,(UNK),182589,(N/A),(UNK),No Defects,1,1,InterState,1,290,X002037914,Not Toll,,1,1,Divided With Median Barrier,3,2945566.23997496,1904761.42500781,41.87163921,-87.7838,,Urban,1,N,(N/A),Y,(N/A)
2020,2020-09-30,Wednesday,18,06:35 PM,Property Damage,No Injuries,0,0,0,0,0,2,Front to Rear,11,N,N,Failing to Reduce Speed to Avoid Crash,Following Too Closely,Darkness / Lighted Road,Clear,Dry,N,,,,,No Controls,No Controls,Y,2,41.8714611,-87.7780933,ok,Partial Access Control,3,03-20-11998,2020,,28,3,50000 and OVER,9,4295,Oak Park,C,Urban InterState,,16,30,11040316,9,Cook,0,20,,,3,N,No,(UNK),202001264067,ISP,5,22.9,Y,,,,(UNK),183095,(N/A),(UNK),No Defects,1,1,InterState,1,9290,X002039862,Not Toll,73,1,1,Divided With Median Barrier,3,2947133.51285883,1904737.1954443,41.87145327,-87.7781,,Urban,1,N,(N/A),Y,(N/A)
2020,2020-10-03,Saturday,14,02:00 PM,Property Damage,No Injuries,0,0,0,0,0,3,Front to Rear,11,N,N,Following Too Closely,Failing to Reduce Speed to Avoid Crash,Daylight,Clear,Dry,N,,,,,Delineators,Functioning Properly,N,2,41.8736803,-87.8034376,ok,Partial Access Control,3,03-20-12132,2020,,3,28,50000 and OVER,9,4295,Oak Park,C,Urban InterState,,16,3,11040354,10,Cook,0,20,,,6,N,No,(UNK),202001264106,ISP,1,21.63,Y,,,,(UNK),183321,(N/A),(UNK),No Defects,1,1,InterState,1,9290,X002039900,Not Toll,73,14,4,Divided With Median Barrier,3,2940208.06075807,1905354.72467749,41.87367244,-87.8034,,Urban,1,N,(N/A),Y,(N/A)
2020,2020-10-11,Sunday,19,07:15 PM,Property Damage,No Injuries,0,0,0,0,0,2,Front to Rear,11,N,N,Following Too Closely,Failing to Reduce Speed to Avoid Crash,Darkness / Lighted Road,Clear,Dry,N,,,,,No Controls,No Controls,N,2,41.8722103,-87.7905869,ok,Partial Access Control,3,03-20-12622,2020,,3,28,50000 and OVER,9,4295,Oak Park,C,Urban InterState,0,16,11,11041483,10,Cook,0,20,,,7,N,No,(UNK),202001265194,ISP,5,8.37,Y,,,,(UNK),183911,(N/A),(UNK),No Defects,1,1,InterState,1,290,X002041050,Not Toll,,1,1,Divided With Median Barrier,3,2943722.98730124,1904915.7133252,41.87220245,-87.7906,,Urban,1,N,(N/A),Y,(N/A)
2020,2020-10-06,Tuesday,14,02:15 PM,Property Damage,No Injuries,0,0,0,0,0,2,Front to Rear,11,N,N,Failing to Reduce Speed to Avoid Crash,Following Too Closely,Daylight,Clear,Dry,N,,,,,No Controls,No Controls,N,2,41.8737631,-87.8043802,ok,Partial Access Control,3,03-20-12303,2020,,28,3,50000 and OVER,9,4295,Oak Park,C,Urban InterState,,16,6,11040861,10,Cook,0,20,,,2,N,No,(UNK),202001264602,ISP,1,21.59,Y,,,,(UNK),184223,(N/A),(UNK),No Defects,1,1,InterState,1,9290,X002040406,Not Toll,73,1,1,Divided With Median Barrier,3,2939950.50914336,1905377.82267698,41.87375523,-87.8044,,Urban,1,N,(N/A),Y,(N/A)
2020,2020-10-08,Thursday,10,10:41 AM,Property Damage,No Injuries,0,0,0,0,0,2,Parked Motor Vehicle,9,N,N,Improper Overtaking/Passing,Failing to Reduce Speed to Avoid Crash,Daylight,Clear,Dry,N,,,,,Stop Sign,Functioning Properly,N,2,41.8878889,-87.8037166,ok,(UNK),1,2005709,2020,,4,28,50000 and OVER,9,4295,Oak Park,C,Urban Local Road or Street,,16,8,11042079,10,Cook,0,20,,,4,N,No,Free Flow,202001265802,City,1,0.07,N,,,,(UNK),184789,(N/A),(UNK),No Defects,1,1,Local Road or Street,7,3045,X002039264,Not Toll,73,2,4,Not Divided,1,2939989.44553732,1910530.49725843,41.88788103,-87.8037,,Urban,1,N,(N/A),Y,(N/A)