crash_year,crash_date,day_of_week,crash_hour,time_of_crash,crash_severity,crash_injury_severity,total_injured,total_fatals,a_injuries,b_injuries,c_injuries,no_injuries,type_of_first_crash,collision_type_code,pedestrian_involved,pedalcyclist_involved,cause1,cause2,lighting_cond,weather_cond,road_surface_cond,intersection_related,is_intersection,highway_or_street_name,at_intersection_with,address_no,traffic_control_device,traffic_control_device_cond,hit_and_run,number_of_vehicles,latitude,longitude,location_status,access_control,agency_code,agency_report_number,agency_report_year,alignment_code,cause1_code,cause2_code,city_class,city_class_code,city_code,city_name,city_township_flag,class_of_trafficway,class_of_trafficway_code,county_code,crash_day,crash_id,crash_month,crash_report_county,crash_severity_cd,crash_yr_source,damaged_property1,damaged_property2,day_of_week_code,did_crash_occur_in_work_zone,did_involve_secondary_crash,flow_condition,icn,investigating_agency_descrip,light_condition_code,mile_station,nhs,non_intersection_direction,non_intersection_distance,non_intersection_units,number_of_lanes,objectid,railroad_crossing_number,road_alignment,road_defects,road_defects_code,road_surface_condition_code,roadway_functional_class,roadway_functional_class_code,route_number,sfe,toll,township,traffic_control_device_code,traffic_control_device_cond_code,trafficway_descrip,trafficway_description_code,ts_crash_coordinate_x,ts_crash_coordinate_y,ts_crash_latitude,ts_crash_longitude,type_report,urban_rural,weather_code,were_workers_present,work_zone,work_zone_related,work_zone_type
2020,2020-08-22,Saturday,10,10:17 AM,Property Damage,No Injuries,0,0,0,0,0,7,Front to Rear,11,N,N,Distraction - From Outside Vehicle,Failing to Yield Right of Way,Daylight,Clear,Dry,N,,,,,No Controls,No Controls,N,3,41.8900588,-87.7847643,ok,(UNK),1,2004675,2020,,40,2,50000 and OVER,9,4295,Oak Park,C,Urban Major Collector,,16,22,11042127,8,Cook,0,20,PARKING SIGN,,6,N,Yes,Stopped,202001265840,City,1,0.81,N,,,,(UNK),184869,(N/A),(UNK),No Defects,1,1,Major Collector,5,2783,X002041217,Not Toll,73,1,1,Not Divided,1,2945128.28447776,1911464.02748081,41.89005098,-87.7848,,Urban,1,N,(N/A),Y,(N/A)
2020,2020-09-24,Thursday,14,02:19 PM,Property Damage,No Injuries,0,0,0,0,0,4,Sideswipe Same Direction,12,N,N,Improper Overtaking/Passing,Failing to Reduce Speed to Avoid Crash,Daylight,Clear,Dry,N,,,,,Traffic Signal,Functioning Properly,Y,4,41.8721115,-87.789356,ok,Partial Access Control,3,03-20-11696,2020,,4,28,50000 and OVER,9,4295,Oak Park,C,Urban InterState,0,16,24,11041694,9,Cook,0,20,,,4,N,No,(UNK),202001265399,ISP,1,8.44,Y,,,,(UNK),184967,(N/A),(UNK),No Defects,1,1,InterState,1,290,X002041266,Not Toll,,3,4,Divided With Median Barrier,3,2944059.24971086,1904888.99281413,41.87210364,-87.7894,,Urban,1,N,(N/A),Y,(N/A)
2020,2020-09-09,Wednesday,17,05:49 PM,Property Damage,No Injuries,0,0,0,0,0,2,Front to Rear,11,N,N,Failing to Reduce Speed to Avoid Crash,Following Too Closely,Daylight,Clear,Dry,N,,,,,Traffic Signal,Functioning Properly,Y,2,41.8800787,-87.7793586,ok,(UNK),1,2005085,2020,,28,3,50000 and OVER,9,4295,Oak Park,C,Urban Minor Arterial,,16,9,11042185,9,Cook,0,20,,,3,N,No,Stopped,202001265895,City,1,0,N,,,,(UNK),185311,(N/A),(UNK),No Defects,1,1,Minor Arterial,4,,X002041254,Not Toll,73,3,4,Not Divided,1,2946701.48284247,1907868.00328148,41.88007084,-87.7794,,Urban,1,N,(N/A),Y,(N/A)
2020,2020-10-11,Sunday,17,05:00 PM,Injury,C Injury Crash,1,0,0,0,1,3,Angle,15,N,N,Driving On Wrong Side/Wrong Way,Improper Lane Usage,Daylight,Clear,Dry,N,,,,,No Controls,No Controls,N,2,41.8811013,-87.8047726,ok,(UNK),1,20- 2976,2020,,5,20,50000 and OVER,9,4295,Oak Park,C,Urban Other Principal Arte,,16,11,11041837,10,Cook,1,20,,,7,N,No,Slow,202001265567,City,1,19.58,Y,,,,(UNK),185892,(N/A),(UNK),No Defects,1,1,Other Principal Arterial,3,348,X002041491,Not Toll,73,1,1,"Divided, No Median Barrier",2,2939769.99902984,1908049.04585359,41.88109341,-87.8048,,Urban,1,N,(N/A),Y,(N/A)
2020,2020-10-11,Sunday,09,09:50 AM,Property Damage,No Injuries,0,0,0,0,0,2,Fixed Object,6,N,N,Equipment-Vehicle Condition,(N/A),Daylight,Clear,Dry,N,,,,,Other Warning Sign,Functioning Properly,N,1,41.8985376,-87.6598949,outside_oak_park,Partial Access Control,3,03-20-12568,2020,,10,99,50000 and OVER,9,4295,Oak Park,C,Urban InterState,0,16,11,11044269,10,Cook,0,20,,,7,N,No,(UNK),202001267184,ISP,1,24.46,Y,,,,(UNK),186198,(N/A),(UNK),No Defects,1,1,InterState,1,94,X002042855,Not Toll,,11,4,Divided With Median Barrier,3,2979039.65812796,1915523.04586094,41.89852978,-87.6599,,Urban,1,N,(N/A),Y,(N/A)
2020,2020-10-03,Saturday,09,09:05 AM,Property Damage,No Injuries,0,0,0,0,0,2,Rear to Front,18,N,N,Failing to Yield Right of Way,Failing to Reduce Speed to Avoid Crash,Daylight,Clear,Dry,N,,,,,No Controls,No Controls,N,2,41.8866074,-87.7944496,ok,(UNK),1,2005600,2020,,2,28,50000 and OVER,9,4295,Oak Park,C,Urban Major Collector,,16,3,11043587,10,Cook,0,20,,,6,N,No,Slow,202001266521,City,1,5.67,N,,,,(UNK),186362,(N/A),(UNK),No Defects,1,1,Major Collector,5,2775,X002042212,Not Toll,73,1,1,"Divided, No Median Barrier",2,2942525.80920021,1910133.16111877,41.88659954,-87.7944,,Urban,1,N,(N/A),Y,(N/A)
2020,2020-10-13,Tuesday,09,09:08 AM,Property Damage,No Injuries,0,0,0,0,0,2,Sideswipe Same Direction,12,N,N,Improper Lane Usage,Failing to Yield Right of Way,Daylight,Clear,Dry,N,,,,,Other Warning Sign,Functioning Properly,N,2,41.872872,-87.7980544,ok,Partial Access Control,3,03-20-12668,2020,,20,2,50000 and OVER,9,4295,Oak Park,C,Urban InterState,0,16,13,11045730,10,Cook,0,20,,,2,N,No,(UNK),202001268314,ISP,1,21.88,Y,,,,(UNK),186555,(N/A),(UNK),No Defects,1,1,InterState,1,9290,X002043864,Not Toll,,11,4,Divided With Median Barrier,3,2941682.39826526,1905100.60013656,41.87286414,-87.798,,Urban,1,N,(N/A),Y,(N/A)
2020,2020-10-05,Monday,16,04:50 PM,Property Damage,No Injuries,0,0,0,0,0,3,Front to Rear,11,N,N,Following Too Closely,Failing to Reduce Speed to Avoid Crash,Daylight,Clear,Dry,N,,,,,No Controls,No Controls,Y,3,41.8580806,-87.6272854,outside_oak_park,(UNK),3,03-20-12718,2020,,3,28,50000 and OVER,9,4295,Oak Park,C,Urban Minor Arterial,0,16,5,11045733,10,Cook,0,20,,,1,N,No,(UNK),202001268317,ISP,1,3.17,N,,,,(UNK),186557,(N/A),(UNK),No Defects,1,1,Minor Arterial,4,2907,X002043867,Not Toll,,1,1,Divided With Median Barrier,3,2988354.54607421,1901040.83682746,41.85807278,-87.6273,,Urban,1,N,(N/A),Y,(N/A)
2020,2020-10-09,Friday,09,09:53 AM,Injury,B Injury Crash,1,0,0,1,0,1,Front to Rear,11,N,N,Failing to Reduce Speed to Avoid Crash,(N/A),Daylight,Clear,Dry,N,,,,,Traffic Signal,Functioning Properly,N,2,41.8650415,-87.8032619,ok,(UNK),1,2005731,2020,,28,99,50000 and OVER,9,4295,Oak Park,C,Urban Other Principal Arte,,16,9,11044390,10,Cook,2,20,,,5,N,No,Stopped,202001267311,City,1,6.03,Y,,,,(UNK),186857,(N/A),(UNK),No Defects,1,1,Other Principal Arterial,3,347,X002042928,Not Toll,73,3,4,"Divided, No Median Barrier",2,2940342.65125589,1902207.92724254,41.86503368,-87.8033,,Urban,1,N,(N/A),Y,(N/A)
2020,2020-10-09,Friday,16,04:03 PM,Property Damage,No Injuries,0,0,0,0,0,9,Front to Rear,11,N,N,Following Too Closely,Failing to Reduce Speed to Avoid Crash,Daylight,Clear,Dry,Y,,,,,No Controls,No Controls,N,3,41.8801053,-87.7779378,ok,(UNK),1,2005741,2020,,3,28,50000 and OVER,9,4295,Oak Park,C,Urban Minor Arterial,,16,9,11044392,10,Cook,0,20,,,5,N,No,Stopped,202001267313,City,1,0.16,N,,,,(UNK),186858,(N/A),(UNK),No Defects,1,1,Minor Arterial,4,2613,X002042931,Not Toll,73,1,1,Not Divided,1,2947088.13708,1907888.46435409,41.88009743,-87.7779,,Urban,1,N,(N/A),Y,(N/A)
2020,2020-10-13,Tuesday,11,11:50 AM,Property Damage,No Injuries,0,0,0,0,0,4,Turning,10,N,N,Improper Lane Usage,Improper Turning/No Signal,Daylight,Clear,Dry,Y,,,,,Traffic Signal,Functioning Properly,N,2,41.8736416,-87.8045258,ok,Partial Access Control,1,2005809,2020,,20,6,50000 and OVER,9,4295,Oak Park,C,Urban InterState,,16,13,11044563,10,Cook,0,20,,,2,N,No,Free Flow,202001267478,City,1,25.61,Y,,,,(UNK),187995,(N/A),(UNK),No Defects,1,1,InterState,1,5043,X002043093,Not Toll,73,3,4,Four Way,14,2939912.062394,1905332.46992192,41.87363377,-87.8045,,Urban,1,N,(N/A),Y,(N/A)
2020,2020-10-13,Tuesday,07,07:55 AM,Property Damage,No Injuries,0,0,0,0,0,2,Turning,10,N,N,Failing to Yield Right of Way,Improper Turning/No Signal,Daylight,Clear,Dry,Y,,,,,Stop Sign,Functioning Properly,N,2,41.8815778,-87.7926485,ok,(UNK),1,2005801,2020,,2,6,50000 and OVER,9,4295,Oak Park,C,Urban Major Collector,,16,13,11044565,10,Cook,0,20,,,2,N,No,Free Flow,202001267480,City,1,0,N,,,,(UNK),187996,(N/A),(UNK),No Defects,1,1,Major Collector,5,,X002043095,Not Toll,73,2,4,"Divided, No Median Barrier",2,2943067.01361079,1908313.84772908,41.88156993,-87.7926,,Urban,1,N,(N/A),Y,(N/A)
2020,2020-10-12,Monday,19,07:11 PM,Property Damage,No Injuries,0,0,0,0,0,2,Angle,15,N,N,Failing to Yield Right of Way,Unable to Determine,Darkness / Lighted Road,Cloudy/Overcast,Dry,Y,,,,,No Controls,Functioning Properly,N,2,41.8946278,-87.7799871,ok,(UNK),1,2005798,2020,,2,18,50000 and OVER,9,4295,Oak Park,C,Urban Minor Arterial,,16,12,11044566,10,Cook,0,20,,,1,N,No,Free Flow,202001267481,City,5,0,N,,,,(UNK),187997,(N/A),(UNK),No Defects,1,1,Minor Arterial,4,,X002043096,Not Toll,73,1,4,"Divided, No Median Barrier",2,2946382.77918101,1913165.23054913,41.89461999,-87.78,,Urban,8,N,(N/A),Y,(N/A)
2020,2020-10-11,Sunday,11,11:39 AM,Property Damage,No Injuries,0,0,0,0,0,1,Sideswipe Same Direction,12,N,N,Failing to Reduce Speed to Avoid Crash,Driving Skills/Knowledge/Experience,Daylight,Clear,Dry,N,,,,,No Controls,No Controls,N,3,41.8831238,-87.8024232,ok,(UNK),1,2005772,2020,,28,15,50000 and OVER,9,4295,Oak Park,C,Urban Local Road or Street,,16,11,11044574,10,Cook,0,20,,,7,N,Yes,Slow,202001267488,City,1,0.28,N,,,,(UNK),188000,(N/A),(UNK),No Defects,1,1,Local Road or Street,7,2056,X002043101,Not Toll,73,1,1,Not Divided,1,2940389.49660674,1908803.73544157,41.88311599,-87.8024,,Urban,1,N,(N/A),Y,(N/A)
2020,2020-10-11,Sunday,07,07:53 AM,Property Damage,No Injuries,0,0,0,0,0,2,Angle,15,N,N,Failing to Yield Right of Way,(N/A),Daylight,Clear,Dry,Y,,,,,Stop Sign,Functioning Properly,N,2,41.8833283,-87.7999846,ok,(UNK),1,2005771,2020,,2,99,50000 and OVER,9,4295,Oak Park,C,Urban Local Road or Street,,16,11,11044575,10,Cook,0,20,,,7,N,No,Slow,202001267489,City,1,0,N,,,,(UNK),188047,(N/A),(UNK),No Defects,1,1,Local Road or Street,7,,X002043102,Not Toll,73,2,4,"Divided, No Median Barrier",2,2941051.55218136,1908896.54495379,41.88332041,-87.8,,Urban,1,N,(N/A),Y,(N/A)
2020,2020-09-03,Thursday,18,06:33 PM,Injury,B Injury Crash,3,0,0,3,0,1,Front to Rear,11,N,N,Following Too Closely,Unable to Determine,Daylight,Clear,Dry,N,,,,,Traffic Signal,Functioning Properly,N,3,41.8796609,-87.8008622,ok,(UNK),1,2004955,2020,,3,18,50000 and OVER,9,4295,Oak Park,C,Urban Minor Arterial,,16,3,11044577,9,Cook,2,20,,,4,N,Yes,Stopped,202001267491,City,1,3.27,N,,,,(UNK),188049,(N/A),(UNK),No Defects,1,1,Minor Arterial,4,1419,X002043104,Not Toll,73,3,4,"Divided, No Median Barrier",2,2940849.41017761,1907553.50831391,41.87965308,-87.8009,,Urban,1,N,(N/A),Y,(N/A)
2020,2020-10-04,Sunday,14,02:59 PM,Injury,B Injury Crash,1,0,0,1,0,2,Sideswipe Same Direction,12,N,N,Improper Lane Usage,Evasive Action Due to Animal / Object / Non-Motorist,Daylight,Clear,Dry,N,,,,,Other Regualtory Sig,Functioning Properly,Y,2,41.8724387,-87.7934827,ok,Partial Access Control,3,03-20-12213,2020,,20,32,50000 and OVER,9,4295,Oak Park,C,Urban InterState,0,16,4,11050040,10,Cook,2,20,,,7,N,No,(UNK),202001272540,ISP,1,8.22,Y,,,,(UNK),189080,(N/A),(UNK),No Defects,1,1,InterState,1,290,X002047740,Not Toll,,10,4,"Divided, No Median Barrier",2,2942931.96797954,1904977.12993767,41.87243089,-87.7935,,Urban,1,N,(N/A),Y,(N/A)
2020,2020-10-09,Friday,12,12:30 PM,Property Damage,No Injuries,0,0,0,0,0,5,Front to Rear,11,N,N,Following Too Closely,Failing to Reduce Speed to Avoid Crash,Daylight,Clear,Dry,N,,,,,Delineators,Functioning Properly,N,2,41.8734262,-87.8025223,ok,Partial Access Control,3,03-20-12456,2020,,3,28,50000 and OVER,9,4295,Oak Park,C,Urban InterState,0,16,9,11048490,10,Cook,0,20,,,5,N,No,(UNK),202001271145,ISP,1,0.07,Y,,,,(UNK),189090,(N/A),(UNK),No Defects,1,1,InterState,1,290,X002046534,Not Toll,,14,4,Divided With Median Barrier,3,2940459.9225823,1905268.99659084,41.87341835,-87.8025,,Urban,1,N,(N/A),Y,(N/A)
2020,2020-10-06,Tuesday,14,02:35 PM,Property Damage,No Injuries,0,0,0,0,0,2,Front to Rear,11,N,N,Following Too Closely,Failing to Reduce Speed to Avoid Crash,Daylight,Clear,Dry,N,,,,,Traffic Signal,Functioning Properly,Y,2,41.8733623,-87.8018955,ok,Partial Access Control,3,03-20-12299,2020,,3,28,50000 and OVER,9,4295,Oak Park,C,Urban InterState,0,16,6,11048560,10,Cook,0,20,,,2,N,No,(UNK),202001271210,ISP,1,0.09,Y,,,,(UNK),189505,(N/A),(UNK),No Defects,1,1,InterState,1,290,X002046600,Not Toll,,3,4,Ramp,11,2940631.28633186,1905250.40912777,41.87335443,-87.8019,,Urban,1,N,(N/A),Y,(N/A)
2020,2020-10-05,Monday,11,11:36 AM,Property Damage,No Injuries,0,0,0,0,0,1,Fixed Object,6,N,N,Failing to Reduce Speed to Avoid Crash,(N/A),Daylight,Clear,Dry,N,,,,,Other Regualtory Sig,Functioning Properly,Y,1,41.8709887,-87.7753774,ok,Partial Access Control,3,03-20-12245,2020,,28,99,50000 and OVER,9,4295,Oak Park,C,Urban InterState,0,16,5,11050402,10,Cook,0,20,,,1,N,No,(UNK),202001272904,ISP,1,9.16,Y,,,,(UNK),189560,(N/A),(UNK),No Defects,1,1,InterState,1,290,X002048098,Not Toll,,10,4,Divided With Median Barrier,3,2947878.05639717,1904585.64134411,41.87098084,-87.7754,,Urban,1,N,(N/A),Y,(N/A)
2020,2020-10-12,Monday,12,12:45 PM,Property Damage,No Injuries,0,0,0,0,0,1,Fixed Object,6,N,N,Improper Turning/No Signal,Driving Skills/Knowledge/Experience,Daylight,Rain,Wet,Y,,,,,Stop Sign,Functioning Properly,N,1,41.8901777,-87.7975439,ok,(UNK),1,2005792,2020,,6,15,50000 and OVER,9,4295,Oak Park,C,Urban Local Road or Street,,16,12,11050925,10,Cook,0,20,LIGHT POLE,,1,N,No,Free Flow,202001273548,City,1,0,N,,,,(UNK),189768,(N/A),(UNK),No Defects,1,2,Local Road or Street,7,,X002048546,Not Toll,73,2,4,Not Divided,1,2941647.26739632,1911410.94164593,41.89016981,-87.7975,,Urban,2,N,(N/A),Y,(N/A)
2020,2020-10-10,Saturday,10,10:57 AM,Property Damage,No Injuries,0,0,0,0,0,3,Front to Rear,11,N,N,Failing to Reduce Speed to Avoid Crash,Driving Skills/Knowledge/Experience,Daylight,Clear,Dry,N,,,,,Traffic Signal,Functioning Properly,N,2,41.8980592,-87.7947419,ok,(UNK),1,2005751,2020,,28,15,50000 and OVER,9,4295,Oak Park,C,Urban Local Road or Street,,16,10,11050932,10,Cook,0,20,,,6,N,No,Free Flow,202001273555,City,1,0,N,,,,(UNK),189819,(N/A),(UNK),No Defects,1,1,Local Road or Street,7,,X002048544,Not Toll,73,3,4,Not Divided,1,2942330.78165224,1914304.22934868,41.89805139,-87.7947,,Urban,1,N,(N/A),Y,(N/A)
2020,2020-10-19,Monday,12,12:13 PM,Injury,A Injury Crash,1,0,1,0,0,3,Front to Front,14,N,N,Driving On Wrong Side/Wrong Way,Unable to Determine,Daylight,Clear,Dry,N,,,,,No Controls,No Controls,N,4,41.8898582,-87.8050842,ok,(UNK),1,2005944,2020,,5,18,50000 and OVER,9,4295,Oak Park,C,Urban Other Principal Arte,,16,19,11051692,10,Cook,3,20,,,1,N,Yes,Free Flow,202001274331,City,1,18.97,Y,,,,(UNK),190578,(N/A),(UNK),No Defects,1,1,Other Principal Arterial,3,348,X002049273,Not Toll,73,1,1,Not Divided,1,2939597.28035756,1911237.88289376,41.88985031,-87.8051,,Urban,1,N,(N/A),Y,(N/A)
2020,2020-10-19,Monday,08,08:47 AM,Property Damage,No Injuries,0,0,0,0,0,2,Sideswipe Same Direction,12,N,N,Improper Lane Usage,Failing to Reduce Speed to Avoid Crash,Daylight,Clear,Dry,N,,,,,Traffic Signal,Functioning Properly,N,2,41.8719978,-87.7939858,ok,(UNK),1,2005938,2020,,20,28,50000 and OVER,9,4295,Oak Park,C,Urban Major Collector,,16,19,11051695,10,Cook,0,20,,,1,N,No,Free Flow,202001274334,City,1,0,N,,,,(UNK),190579,(N/A),(UNK),No Defects,1,1,Major Collector,5,,X002049269,Not Toll,73,3,4,Not Divided,1,2942799.37092384,1904812.67043659,41.87199,-87.794,,Urban,1,N,(N/A),Y,(N/A)
2020,2020-10-19,Monday,11,11:37 AM,Property Damage,No Injuries,0,0,0,0,0,1,Fixed Object,6,N,N,Unable to Determine,Unable to Determine,Daylight,Clear,Dry,N,,,,,No Controls,No Controls,N,1,41.8874554,-87.7846651,ok,(UNK),1,2005943,2020,,18,18,50000 and OVER,9,4295,Oak Park,C,Urban Major Collector,,16,19,11051696,10,Cook,0,20,UNION PACIFIC BRIDGE,,1,N,No,Free Flow,202001274335,City,1,0,N,,,,(UNK),190580,(N/A),(UNK),No Defects,1,1,Major Collector,5,,X002049270,Not Toll,73,1,1,Not Divided,1,2945181.66261548,1910516.02803182,41.88744752,-87.7847,,Urban,1,N,(N/A),Y,(N/A)
2020,2020-10-14,Wednesday,07,07:45 AM,Property Damage,No Injuries,0,0,0,0,0,1,Parked Motor Vehicle,9,N,N,Unable to Determine,Unable to Determine,Daylight,Clear,Dry,N,,,,,No Controls,No Controls,Y,2,41.8920366,-87.7848112,ok,(UNK),1,2005844,2020,,18,18,50000 and OVER,9,4295,Oak Park,C,Urban Major Collector,,16,14,11051578,10,Cook,0,20,,,3,N,No,Slow,202001274209,City,1,0.68,N,,,,(UNK),190751,(N/A),(UNK),No Defects,1,1,Major Collector,5,2783,X002049115,Not Toll,73,1,1,"Divided, No Median Barrier",2,2945095.50487886,1912184.4197667,41.89202877,-87.7848,,Urban,1,N,(N/A),Y,(N/A)
2020,2020-10-16,Friday,05,05:53 AM,Property Damage,No Injuries,0,0,0,0,0,3,Front to Rear,11,N,N,Failing to Yield Right of Way,Unable to Determine,Darkness / Lighted Road,Clear,Dry,Y,,,,,Traffic Signal,Functioning Properly,Y,3,41.8722834,-87.8044649,ok,(UNK),1,2005875,2020,,2,18,50000 and OVER,9,4295,Oak Park,C,Urban Other Principal Arte,,16,16,11051593,10,Cook,0,20,,,5,N,Yes,Free Flow,202001274220,City,5,25.52,Y,,,,(UNK),190755,(N/A),(UNK),No Defects,1,1,Other Principal Arterial,3,5043,X002049117,Not Toll,73,3,4,"Divided, No Median Barrier",2,2939942.28384752,1904837.9664285,41.87227555,-87.8045,,Urban,1,N,(N/A),Y,(N/A)
2020,2020-10-15,Thursday,08,08:14 AM,Injury,B Injury Crash,1,0,0,1,0,1,Front to Rear,11,N,N,Failing to Reduce Speed to Avoid Crash,Unable to Determine,Daylight,Clear,Dry,Y,,,,,Traffic Signal,Functioning Properly,N,2,41.8883279,-87.7846957,ok,(UNK),1,2005851,2020,,28,18,50000 and OVER,9,4295,Oak Park,C,Urban Major Collector,,16,15,11051594,10,Cook,2,20,,,4,N,No,Stopped,202001274222,City,1,0,N,,,,(UNK),190756,(N/A),(UNK),No Defects,1,1,Major Collector,5,,X002049119,Not Toll,73,3,4,Not Divided,1,2945164.49972375,1910833.75321068,41.88832002,-87.7847,,Urban,1,N,(N/A),Y,(N/A)
2020,2020-10-18,Sunday,01,01:48 AM,Injury,B Injury Crash,1,0,0,1,0,0,Parked Motor Vehicle,9,N,N,Failing to Reduce Speed to Avoid Crash,Physical Condition of Driver,Darkness / Lighted Road,Clear,Dry,N,,,,,No Controls,No Controls,N,3,41.9046008,-87.805624,ok,(UNK),1,2005916,2020,,28,17,50000 and OVER,9,4295,Oak Park,C,Urban Other Principal Arte,,16,18,11051596,10,Cook,2,20,,,7,N,No,Free Flow,202001274224,City,5,17.94,Y,,,,(UNK),190804,(N/A),(UNK),No Defects,1,1,Other Principal Arterial,3,348,X002049125,Not Toll,73,1,1,"Divided, No Median Barrier",2,2939302.35993258,1916606.32949348,41.90459294,-87.8056,,Urban,1,N,(N/A),Y,(N/A)
2020,2020-10-15,Thursday,18,06:22 PM,Injury,C Injury Crash,1,0,0,0,1,2,Angle,15,N,N,Failing to Yield Right of Way,Unable to Determine,Darkness / Lighted Road,Clear,Dry,Y,,,,,Stop Sign,Functioning Properly,N,2,41.8930985,-87.7848356,ok,(UNK),1,2005865,2020,,2,18,50000 and OVER,9,4295,Oak Park,C,Urban Major Collector,,16,15,11051597,10,Cook,1,20,,,4,N,No,Free Flow,202001274225,City,5,0,N,,,,(UNK),190805,(N/A),(UNK),No Defects,1,1,Major Collector,5,,X002049126,Not Toll,73,2,4,Four Way,14,2945078.12238022,1912571.22205785,41.8930907,-87.7848,,Urban,1,N,(N/A),Y,(N/A)
2020,2020-10-18,Sunday,09,09:11 AM,Injury,B Injury Crash,1,0,0,1,0,4,Turning,10,N,N,Failing to Yield Right of Way,Unable to Determine,Daylight,Cloudy/Overcast,Dry,Y,,,,,Traffic Signal,Functioning Properly,N,2,41.8983679,-87.7752663,ok,(UNK),1,2005921,2020,,2,18,50000 and OVER,9,4295,Oak Park,C,Urban Minor Arterial,,16,18,11051598,10,Cook,2,20,,,7,N,No,Slow,202001274226,City,1,0,N,,,,(UNK),190806,(N/A),(UNK),No Defects,1,1,Minor Arterial,4,,X002049129,Not Toll,,3,4,Not Divided,1,2947630.13094734,1914564.00198376,41.89836008,-87.7753,,Urban,8,N,(N/A),Y,(N/A)
2020,2020-09-15,Tuesday,07,07:18 AM,Injury,B Injury Crash,1,0,0,1,0,1,Turning,10,N,N,Failing to Yield Right of Way,Failing to Reduce Speed to Avoid Crash,Daylight,Clear,Dry,Y,,,,,Traffic Signal,Functioning Properly,N,2,41.8719978,-87.7939854,ok,(UNK),1,2005197,2020,,2,28,50000 and OVER,9,4295,Oak Park,C,Urban Major Collector,,16,15,11051613,9,Cook,2,20,,,2,N,No,Free Flow,202001274238,City,1,0,N,,,,(UNK),190839,(N/A),(UNK),No Defects,1,1,Major Collector,5,,X002049083,Not Toll,73,3,4,Not Divided,1,2942799.49208016,1904812.66084867,41.87198996,-87.794,,Urban,1,N,(N/A),Y,(N/A)
2020,2020-10-13,Tuesday,16,04:25 PM,Property Damage,No Injuries,0,0,0,0,0,2,Sideswipe Same Direction,12,N,N,Improper Overtaking/Passing,Failing to Reduce Speed to Avoid Crash,Daylight,Clear,Dry,N,,,,,Delineators,Functioning Properly,N,2,41.8712524,-87.7790931,ok,Partial Access Control,3,03-20-12697,2020,,4,28,50000 and OVER,9,4295,Oak Park,C,Urban InterState,0,16,13,11050000,10,Cook,0,20,,,2,N,No,(UNK),202001272502,ISP,1,8.97,Y,,,,(UNK),190846,(N/A),(UNK),No Defects,1,1,InterState,1,290,X002047701,Not Toll,,14,4,Divided With Median Barrier,3,2946863.31110594,1904653.54476285,41.87124453,-87.7791,,Urban,1,N,(N/A),Y,(N/A)
2020,2020-10-21,Wednesday,07,07:06 AM,Property Damage,No Injuries,0,0,0,0,0,2,Sideswipe Same Direction,12,N,N,Failing to Reduce Speed to Avoid Crash,(N/A),Daylight,Cloudy/Overcast,Wet,N,,,,,Other Regualtory Sig,Functioning Properly,N,2,41.8712936,-87.7754121,ok,Partial Access Control,3,03-20-13060,2020,,28,99,50000 and OVER,9,4295,Oak Park,C,Urban InterState,,16,21,11051651,10,Cook,0,20,,,3,N,No,(UNK),202001274286,ISP,1,23.03,Y,,,,(UNK),191034,(N/A),(UNK),No Defects,1,2,InterState,1,9290,X002049233,Not Toll,73,10,4,Divided With Median Barrier,3,2947865.5,1904696.5,41.87128577,-87.7754,,Urban,8,N,(N/A),Y,(N/A)
2020,2020-10-02,Friday,19,07:00 PM,Property Damage,No Injuries,0,0,0,0,0,3,Front to Rear,11,N,N,Failing to Reduce Speed to Avoid Crash,Driving Skills/Knowledge/Experience,Darkness / Lighted Road,Clear,Dry,N,,,,,No Controls,Functioning Properly,Y,3,41.8720669,-87.7888129,ok,Partial Access Control,3,03-20-12097,2020,,28,15,50000 and OVER,9,4295,Oak Park,C,Urban InterState,0,16,2,11050759,10,Cook,0,20,,,5,N,No,(UNK),202001273331,ISP,5,8.46,Y,,,,(UNK),191235,(N/A),(UNK),No Defects,1,1,InterState,1,290,X002048402,Not Toll,,1,4,Divided With Median Barrier,3,2944207.64300316,1904876.83423299,41.87205902,-87.7888,,Urban,1,N,(N/A),Y,(N/A)
2020,2020-10-21,Wednesday,22,10:43 PM,Injury,B Injury Crash,1,0,0,1,0,1,Front to Rear,11,N,N,Failing to Reduce Speed to Avoid Crash,Following Too Closely,Darkness / Lighted Road,Rain,Wet,N,,,,,Other,Functioning Properly,N,2,41.8734205,-87.8038047,ok,Partial Access Control,3,03-20-13103,2020,,28,3,50000 and OVER,9,4295,Oak Park,C,Urban InterState,0,16,21,11054904,10,Cook,2,20,,,3,N,No,(UNK),202001277009,ISP,5,7.73,Y,,,,(UNK),192401,(N/A),(UNK),No Defects,1,2,InterState,1,290,X002051529,Not Toll,,13,4,Divided With Median Barrier,3,2940110.6909538,1905257.29274923,41.87341264,-87.8038,,Urban,2,N,(N/A),Y,(N/A)