crash_year,crash_date,day_of_week,crash_hour,time_of_crash,crash_severity,crash_injury_severity,total_injured,total_fatals,a_injuries,b_injuries,c_injuries,no_injuries,type_of_first_crash,collision_type_code,pedestrian_involved,pedalcyclist_involved,cause1,cause2,lighting_cond,weather_cond,road_surface_cond,intersection_related,is_intersection,highway_or_street_name,at_intersection_with,address_no,traffic_control_device,traffic_control_device_cond,hit_and_run,number_of_vehicles,latitude,longitude,location_status,access_control,agency_code,agency_report_number,agency_report_year,alignment_code,cause1_code,cause2_code,city_class,city_class_code,city_code,city_name,city_township_flag,class_of_trafficway,class_of_trafficway_code,county_code,crash_day,crash_id,crash_month,crash_report_county,crash_severity_cd,crash_yr_source,damaged_property1,damaged_property2,day_of_week_code,did_crash_occur_in_work_zone,did_involve_secondary_crash,flow_condition,icn,investigating_agency_descrip,light_condition_code,mile_station,nhs,non_intersection_direction,non_intersection_distance,non_intersection_units,number_of_lanes,objectid,railroad_crossing_number,road_alignment,road_defects,road_defects_code,road_surface_condition_code,roadway_functional_class,roadway_functional_class_code,route_number,sfe,toll,township,traffic_control_device_code,traffic_control_device_cond_code,trafficway_descrip,trafficway_description_code,ts_crash_coordinate_x,ts_crash_coordinate_y,ts_crash_latitude,ts_crash_longitude,type_report,urban_rural,weather_code,were_workers_present,work_zone,work_zone_related,work_zone_type
2020,2020-10-20,Tuesday,18,06:09 PM,Property Damage,No Injuries,0,0,0,0,0,2,Angle,15,N,N,Improper Overtaking/Passing,Disregarding Road Markings,Darkness / Lighted Road,Cloudy/Overcast,Dry,N,,,,,Delineators,Functioning Properly,N,2,41.8798091,-87.8047377,ok,(UNK),1,20-03095,2020,,4,26,50000 and OVER,9,4295,Oak Park,C,Urban Other Principal Arte,,16,20,11054956,10,Cook,0,20,,,2,N,No,Slow,202001277072,City,5,19.67,Y,,,,(UNK),192687,(N/A),(UNK),No Defects,1,1,Other Principal Arterial,3,348,X002051578,Not Toll,73,14,4,"Divided, No Median Barrier",2,2939792.47521811,1907578.43489951,41.87980129,-87.8047,,Urban,8,N,(N/A),Y,(N/A)
2020,2020-10-25,Sunday,14,02:28 PM,Property Damage,No Injuries,0,0,0,0,0,2,Front to Rear,11,N,N,Following Too Closely,Failing to Reduce Speed to Avoid Crash,Daylight,Clear,Dry,Y,,,,,No Controls,No Controls,N,2,41.8736416,-87.8045258,ok,Partial Access Control,1,20-03149,2020,,3,28,50000 and OVER,9,4295,Oak Park,C,Urban InterState,,16,25,11057838,10,Cook,0,20,,,7,N,No,Slow,202001279936,City,1,25.61,Y,,,,(UNK),194494,(N/A),(UNK),No Defects,1,1,InterState,1,5043,X002054223,Not Toll,73,1,1,"Divided, No Median Barrier",2,2939912.062394,1905332.46992192,41.87363377,-87.8045,,Urban,1,N,(N/A),Y,(N/A)
2020,2020-10-12,Monday,18,06:45 PM,Property Damage,No Injuries,0,0,0,0,0,2,Angle,15,N,N,Improper Lane Usage,Failing to Yield Right of Way,Unknown,Unknown,Unknown,Y,,,,,Traffic Signal,Functioning Properly,Y,2,41.8736416,-87.8045258,ok,Partial Access Control,1,20-03021,2020,,20,2,50000 and OVER,9,4295,Oak Park,C,Urban InterState,,16,12,11055945,10,Cook,0,20,,,1,N,No,Slow,202001278032,City,9,25.61,Y,,,,(UNK),194745,(N/A),(UNK),No Defects,1,9,InterState,1,5043,X002052542,Not Toll,73,3,4,Divided With Median Barrier,3,2939912.062394,1905332.46992192,41.87363377,-87.8045,,Urban,9,N,(N/A),Y,(N/A)
2020,2020-10-24,Saturday,19,07:10 PM,Property Damage,No Injuries,0,0,0,0,0,4,Angle,15,N,N,Failing to Yield Right of Way,Failing to Yield Right of Way,Darkness / Lighted Road,Clear,Dry,N,,,,,No Controls,No Controls,N,2,41.8799475,-87.8047395,ok,(UNK),1,20-03132,2020,,2,2,50000 and OVER,9,4295,Oak Park,C,Urban Other Principal Arte,,16,24,11055951,10,Cook,0,20,,,6,N,No,Free Flow,202001278039,City,5,19.66,Y,,,,(UNK),194749,(N/A),(UNK),No Defects,1,1,Other Principal Arterial,3,348,X002052548,Not Toll,73,1,1,"Divided, No Median Barrier",2,2939790.59030152,1907628.84666449,41.87993966,-87.8047,,Urban,1,N,(N/A),Y,(N/A)
2020,2020-10-17,Saturday,19,07:21 PM,Injury,B Injury Crash,1,0,0,1,0,3,Front to Rear,11,N,N,Under Influence of Alcohol/Drugs,Failing to Reduce Speed to Avoid Crash,Darkness / Lighted Road,Clear,Dry,N,,,,,Other,Functioning Properly,N,4,41.8719399,-87.7841929,ok,(UNK),3,03-20-12879,2020,,8,28,50000 and OVER,9,4295,Oak Park,C,Rural (UNK),,16,17,11058770,10,Cook,2,20,,,6,N,Yes,(UNK),202001281091,ISP,5,22.63,N,,,,(UNK),195716,(N/A),(UNK),No Defects,1,1,(UNK),0,9290,X002055075,No Toll,73,13,4,Divided With Median Barrier,3,2945467.29301257,1904865.48683295,41.87193208,-87.7842,,Rural,1,N,(N/A),Y,(N/A)
2020,2020-10-24,Saturday,03,03:19 AM,Injury,B Injury Crash,1,0,0,1,0,4,Sideswipe Same Direction,12,N,N,Failing to Reduce Speed to Avoid Crash,Improper Lane Usage,Darkness / Lighted Road,Clear,Dry,N,,,,,Other,Functioning Properly,Y,3,41.8709633,-87.7746164,ok,Partial Access Control,3,03-20-13254,2020,,28,20,50000 and OVER,9,4295,Oak Park,C,Urban InterState,,16,24,11059209,10,Cook,2,20,,,6,N,No,(UNK),202001281532,ISP,5,9.19,Y,,,,(UNK),195929,(N/A),(UNK),No Defects,1,1,InterState,1,290,X002055501,Not Toll,73,13,4,Divided With Median Barrier,3,2948085.59997012,1904582.16290247,41.87095544,-87.7746,,Urban,1,N,(N/A),Y,(N/A)
2020,2020-10-26,Monday,15,03:53 PM,Property Damage,No Injuries,0,0,0,0,0,3,Front to Rear,11,N,N,Failing to Reduce Speed to Avoid Crash,Following Too Closely,Daylight,Clear,Dry,N,,,,,Other Regualtory Sig,Functioning Properly,N,2,41.8712574,-87.7748719,ok,Partial Access Control,3,03-20-13373,2020,,28,3,50000 and OVER,9,4295,Oak Park,C,Urban InterState,,16,26,11058165,10,Cook,0,20,,,1,N,No,(UNK),202001280348,ISP,1,23.06,Y,,,,(UNK),196238,(N/A),(UNK),No Defects,1,1,InterState,1,9290,X002054534,Not Toll,73,10,4,Divided With Median Barrier,3,2948013.02196329,1904687.39404928,41.87124953,-87.7749,,Urban,1,N,(N/A),Y,(N/A)
2020,2020-10-22,Thursday,18,06:00 PM,Property Damage,No Injuries,0,0,0,0,0,2,Front to Rear,11,N,N,Following Too Closely,Failing to Reduce Speed to Avoid Crash,Dawn,Cloudy/Overcast,Wet,N,,,,,Delineators,Functioning Properly,N,2,41.8712629,-87.774906,ok,Partial Access Control,3,03-20-13268,2020,,3,28,50000 and OVER,9,4295,Oak Park,C,Urban InterState,,16,22,11062331,10,Cook,0,20,,,4,N,No,(UNK),202001285382,ISP,2,23.06,Y,,,,(UNK),197552,(N/A),(UNK),No Defects,1,2,InterState,1,9290,X002058176,Not Toll,73,14,4,Divided With Median Barrier,3,2948003.67040951,1904689.14927345,41.87125506,-87.7749,,Urban,8,N,(N/A),Y,(N/A)
2020,2020-10-30,Friday,13,01:55 PM,Property Damage,No Injuries,0,0,0,0,0,2,Sideswipe Same Direction,12,N,N,Improper Overtaking/Passing,Driving Skills/Knowledge/Experience,Daylight,Clear,Dry,N,,,,,Other,Functioning Properly,Y,2,41.8723669,-87.7890871,ok,Partial Access Control,3,03-20-13536,2020,,4,15,50000 and OVER,9,4295,Oak Park,C,Urban InterState,,16,30,11062568,10,Cook,0,20,,,5,N,No,(UNK),202001285610,ISP,1,22.34,Y,,,,(UNK),197595,(N/A),(UNK),No Defects,1,1,InterState,1,9290,X002058406,Not Toll,73,13,4,Divided With Median Barrier,3,2944129.91298538,1904984.10061769,41.87235906,-87.7891,,Urban,1,N,(N/A),Y,(N/A)
2020,2020-10-30,Friday,19,07:21 PM,Property Damage,No Injuries,0,0,0,0,0,3,Front to Rear,11,N,N,Following Too Closely,Driving Skills/Knowledge/Experience,Darkness,Clear,Dry,N,,,,,Other,Functioning Properly,N,3,41.8734968,-87.8015639,ok,Partial Access Control,3,03-20-13551,2020,,3,15,50000 and OVER,9,4295,Oak Park,C,Urban InterState,,16,30,11062570,10,Cook,0,20,,,5,N,No,(UNK),202001285612,ISP,4,21.72,Y,,,,(UNK),197597,(N/A),(UNK),No Defects,1,1,InterState,1,9290,X002058408,Not Toll,73,13,4,Divided With Median Barrier,3,2940720.23877005,1905301.90721925,41.87348891,-87.8016,,Urban,1,N,(N/A),Y,(N/A)
2020,2020-10-29,Thursday,01,01:05 AM,Injury,B Injury Crash,1,0,0,1,0,1,Sideswipe Same Direction,12,N,N,Failing to Reduce Speed to Avoid Crash,Improper Overtaking/Passing,Darkness / Lighted Road,Clear,Dry,N,,,,,No Controls,No Controls,Y,2,41.8712674,-87.7794825,ok,Partial Access Control,3,03-20-13484,2020,,28,4,50000 and OVER,9,4295,Oak Park,C,Urban InterState,0,16,29,11062489,10,Cook,2,20,,,4,N,No,(UNK),202001285533,ISP,5,8.95,Y,,,,(UNK),198170,(N/A),(UNK),No Defects,1,1,InterState,1,290,X002058328,Not Toll,,1,1,Divided With Median Barrier,3,2946757.10337693,1904656.06052022,41.87125953,-87.7795,,Urban,1,N,(N/A),Y,(N/A)
2020,2020-10-22,Thursday,20,08:58 PM,Injury,B Injury Crash,3,0,0,1,2,0,Sideswipe Same Direction,12,N,N,Failing to Reduce Speed to Avoid Crash,Under Influence of Alcohol/Drugs,Daylight,Clear,Dry,N,,,,,Stop Sign,Functioning Properly,N,6,41.8946184,-87.7815571,ok,(UNK),1,2006052,2020,,28,8,50000 and OVER,9,4295,Oak Park,C,Urban Minor Arterial,,16,22,11061191,10,Cook,2,20,,,4,N,No,Free Flow,202001283829,City,1,3.79,N,,,,(UNK),198428,(N/A),(UNK),No Defects,1,1,Minor Arterial,4,1398,X002057018,Not Toll,73,2,4,"Divided, No Median Barrier",2,2945955.39312656,1913149.89030232,41.89461053,-87.7816,,Urban,1,N,(N/A),Y,(N/A)
2020,2020-10-30,Friday,18,06:30 PM,Property Damage,No Injuries,0,0,0,0,0,2,Front to Rear,11,N,N,Failing to Reduce Speed to Avoid Crash,Following Too Closely,Daylight,Clear,Dry,N,,,,,Other Regualtory Sig,Functioning Properly,N,2,41.8735883,-87.8042223,ok,Partial Access Control,3,03-20-13581,2020,,28,3,50000 and OVER,9,4295,Oak Park,C,Urban InterState,8,16,30,11063589,10,Cook,0,20,,,5,N,No,(UNK),202001286603,ISP,1,0,Y,,,,(UNK),198514,(N/A),(UNK),No Defects,1,1,InterState,1,,X002059433,Not Toll,,10,4,Divided With Median Barrier,3,2939995.27072066,1905315.32570932,41.87358048,-87.8042,,Urban,1,N,(N/A),Y,(N/A)
2020,2020-10-31,Saturday,10,10:06 AM,Property Damage,No Injuries,0,0,0,0,0,2,Turning,10,N,N,Texting,Distraction - From Inside Vehicle,Darkness / Lighted Road,Cloudy/Overcast,Dry,Y,,,,,Traffic Signal,Functioning Properly,N,2,41.8736416,-87.8045257,ok,Partial Access Control,1,20-03199,2020,,44,41,50000 and OVER,9,4295,Oak Park,C,Urban InterState,,16,31,11063909,10,Cook,0,20,,,6,N,No,Slow,202001286914,City,5,25.61,Y,,,,(UNK),199026,(N/A),(UNK),No Defects,1,1,InterState,1,5043,X002059749,Not Toll,73,3,4,Divided With Median Barrier,3,2939912.08441675,1905332.4669661,41.87363376,-87.8045,,Urban,8,N,(N/A),Y,(N/A)
2020,2020-10-24,Saturday,14,02:12 PM,Property Damage,No Injuries,0,0,0,0,0,2,Sideswipe Same Direction,12,N,N,Improper Lane Usage,Failing to Reduce Speed to Avoid Crash,Daylight,Clear,Dry,Y,,,,,Traffic Signal,Functioning Properly,N,2,41.8798686,-87.7844362,ok,(UNK),1,2006112,2020,,20,28,50000 and OVER,9,4295,Oak Park,C,Urban Minor Arterial,,16,24,11064854,10,Cook,0,20,,,6,N,No,Free Flow,202001287475,City,1,0,N,,,,(UNK),199257,(N/A),(UNK),No Defects,1,1,Minor Arterial,4,,X002058004,Not Toll,73,3,4,Not Divided,1,2945320.77736485,1907753.01559158,41.8798608,-87.7844,,Urban,1,N,(N/A),Y,(N/A)
2020,2020-11-01,Sunday,01,01:15 AM,Property Damage,No Injuries,0,0,0,0,0,6,Front to Rear,11,N,N,Following Too Closely,Failing to Reduce Speed to Avoid Crash,Darkness / Lighted Road,Clear,Dry,Y,,,,,Traffic Signal,Functioning Properly,N,3,41.8736416,-87.8045258,ok,Partial Access Control,1,20-03202,2020,,3,28,50000 and OVER,9,4295,Oak Park,C,Urban InterState,,16,1,11063309,11,Cook,0,20,,,7,N,No,Free Flow,202001286334,City,5,25.61,Y,,,,(UNK),199260,(N/A),(UNK),No Defects,1,1,InterState,1,5043,X002059144,Not Toll,73,3,4,Divided With Median Barrier,3,2939912.062394,1905332.46992192,41.87363377,-87.8045,,Urban,1,N,(N/A),Y,(N/A)
2020,2020-10-24,Saturday,16,04:06 PM,Property Damage,No Injuries,0,0,0,0,0,2,Front to Rear,11,N,N,Failing to Reduce Speed to Avoid Crash,Following Too Closely,Daylight,Clear,Dry,N,,,,,Traffic Signal,Functioning Properly,N,2,41.8882278,-87.7814355,ok,(UNK),1,2006116,2020,,28,3,50000 and OVER,9,4295,Oak Park,C,Urban Major Collector,,16,24,11064855,10,Cook,0,20,,,6,N,No,Stopped,202001287476,City,1,0,N,,,,(UNK),199293,(N/A),(UNK),No Defects,1,1,Major Collector,5,,X002058005,Not Toll,73,3,4,Not Divided,1,2946053.27594747,1910821.97366354,41.88821999,-87.7814,,Urban,1,N,(N/A),Y,(N/A)
2020,2020-10-25,Sunday,13,01:29 PM,Property Damage,No Injuries,0,0,0,0,0,1,Parked Motor Vehicle,9,N,N,Unable to Determine,(N/A),Unknown,Unknown,Unknown,N,,,,,No Controls,No Controls,Y,2,41.8814757,-87.7956336,ok,(UNK),1,2006127,2020,,18,99,50000 and OVER,9,4295,Oak Park,C,Urban Local Road or Street,,16,25,11065256,10,Cook,0,20,,,7,N,No,Free Flow,202001287592,City,9,0.36,N,,,,(UNK),199875,(N/A),(UNK),No Defects,1,9,Local Road or Street,7,2683,X002058010,Not Toll,73,1,1,Not Divided,1,2942255.08698233,1908254.17109812,41.88146787,-87.7956,,Urban,9,N,(N/A),Y,(N/A)
2020,2020-10-28,Wednesday,01,01:14 AM,Property Damage,No Injuries,0,0,0,0,0,1,Fixed Object,6,N,N,Improper Turning/No Signal,(N/A),Darkness / Lighted Road,Clear,Dry,N,,,,,Traffic Signal,Functioning Properly,Y,1,41.8761173,-87.7941063,ok,(UNK),1,2006178,2020,,6,99,50000 and OVER,9,4295,Oak Park,C,Urban Major Collector,,16,28,11065276,10,Cook,0,20,LIGHT POLE,,3,N,No,Free Flow,202001287597,City,5,0,N,,,,(UNK),199977,(N/A),(UNK),No Defects,1,1,Major Collector,5,,X002057828,Not Toll,73,3,4,"Divided, No Median Barrier",2,2942725.03063153,1906312.97433988,41.87610948,-87.7941,,Urban,1,N,(N/A),Y,(N/A)
2020,2020-10-23,Friday,07,07:54 AM,Injury,C Injury Crash,1,0,0,0,1,3,Front to Rear,11,N,N,Following Too Closely,Unable to Determine,Daylight,Clear,Dry,Y,,,,,Traffic Signal,Functioning Properly,N,2,41.8800753,-87.7795432,ok,(UNK),1,2006059,2020,,3,18,50000 and OVER,9,4295,Oak Park,C,Urban Minor Arterial,,16,23,11065290,10,Cook,1,20,,,5,N,No,Slow,202001287598,City,1,0.55,N,,,,(UNK),200039,(N/A),(UNK),No Defects,1,1,Minor Arterial,4,3794,X002057982,Not Toll,73,3,4,Not Divided,1,2946651.25305433,1907865.35365253,41.88006741,-87.7795,,Urban,1,N,(N/A),Y,(N/A)
2020,2020-10-22,Thursday,13,01:12 PM,Injury,C Injury Crash,1,0,0,0,1,2,Angle,15,N,N,Disregarding Stop Sign,Unable to Determine,Daylight,Clear,Dry,Y,,,,,Stop Sign,Functioning Properly,Y,2,41.8820673,-87.7779794,ok,(UNK),1,2006032,2020,,23,18,50000 and OVER,9,4295,Oak Park,C,Urban Major Collector,,16,22,11065382,10,Cook,1,20,,,4,N,No,Free Flow,202001287613,City,1,0,N,,,,(UNK),200083,(N/A),(UNK),No Defects,1,1,Major Collector,5,,X002057977,Not Toll,73,2,4,Not Divided,1,2947056.91172068,1908603.13514065,41.88205941,-87.778,,Urban,1,N,(N/A),Y,(N/A)
2020,2020-10-25,Sunday,14,02:40 PM,Property Damage,No Injuries,0,0,0,0,0,5,Front to Rear,11,N,N,Distraction - From Inside Vehicle,Following Too Closely,Daylight,Cloudy/Overcast,Dry,N,,,,,No Controls,No Controls,N,3,41.8835252,-87.804861,ok,(UNK),1,20-03143,2020,,41,3,50000 and OVER,9,4295,Oak Park,C,Urban Other Principal Arte,,16,25,11066696,10,Cook,0,20,,,7,N,Yes,Stopped,202001288099,City,1,19.41,Y,,,,(UNK),200423,(N/A),(UNK),No Defects,1,1,Other Principal Arterial,3,348,X002060554,Not Toll,73,1,1,Not Divided,1,2939721.587764,1908931.7264076,41.8835174,-87.8049,,Urban,8,N,(N/A),Y,(N/A)
2020,2020-10-24,Saturday,18,06:23 PM,Property Damage,No Injuries,0,0,0,0,0,1,Other Object,7,N,N,Improper Turning/No Signal,Unable to Determine,Darkness / Lighted Road,Cloudy/Overcast,Dry,N,,,,,No Controls,No Controls,Y,1,41.8650376,-87.803533,ok,(UNK),1,2006121,2020,,6,18,50000 and OVER,9,4295,Oak Park,C,Urban Other Principal Arte,,16,24,11064632,10,Cook,0,20,BUILDING CANOPY LIGHT,,6,N,No,Free Flow,202001287432,City,5,6.02,Y,,,,(UNK),200552,(N/A),(UNK),No Defects,1,1,Other Principal Arterial,3,347,X002058009,Not Toll,73,1,1,Parking Lot,7,2940268.83597374,1902204.47647971,41.86502979,-87.8035,,Urban,8,N,(N/A),Y,(N/A)
2020,2020-10-25,Sunday,01,01:15 AM,Property Damage,No Injuries,0,0,0,0,0,3,Front to Rear,11,N,N,Failing to Reduce Speed to Avoid Crash,Unable to Determine,Darkness / Lighted Road,Clear,Dry,Y,,,,,No Controls,No Controls,Y,2,41.9092074,-87.7795076,ok,(UNK),1,2006130,2020,,28,18,50000 and OVER,9,4295,Oak Park,C,Urban Other Principal Arte,,16,25,11064644,10,Cook,0,20,,,7,N,No,Free Flow,202001287433,City,5,130.53,Y,,,,(UNK),200608,(N/A),(UNK),No Defects,1,1,Other Principal Arterial,3,5064,X002058012,Not Toll,73,1,1,Not Divided,1,2946365.39171479,1918481.94612511,41.90919955,-87.7795,,Urban,1,N,(N/A),Y,(N/A)
2020,2020-10-19,Monday,12,12:48 PM,Property Damage,No Injuries,0,0,0,0,0,3,Front to Rear,11,N,N,Failing to Reduce Speed to Avoid Crash,Following Too Closely,Daylight,Clear,Dry,N,,,,,No Controls,No Controls,N,2,41.8650882,-87.800003,ok,(UNK),1,2005946,2020,,28,3,50000 and OVER,9,4295,Oak Park,C,Urban Other Principal Arte,,16,19,11064717,10,Cook,0,20,,,1,N,No,Free Flow,202001287442,City,1,6.2,Y,,,,(UNK),201042,(N/A),(UNK),No Defects,1,1,Other Principal Arterial,3,347,X002057839,Not Toll,52,1,1,Not Divided,1,2941229.89183419,1902249.4048553,41.86508036,-87.8,,Urban,1,N,(N/A),Y,(N/A)
2020,2020-10-19,Monday,16,04:53 PM,Property Damage,No Injuries,0,0,0,0,0,2,Front to Rear,11,N,N,Failing to Reduce Speed to Avoid Crash,Driving Skills/Knowledge/Experience,Daylight,Rain,Wet,N,,,,,Traffic Signal,Functioning Properly,N,2,41.9022559,-87.794868,ok,(UNK),1,2005962,2020,,28,15,50000 and OVER,9,4295,Oak Park,C,Urban Major Collector,,16,19,11064720,10,Cook,0,20,,,1,N,No,Stopped,202001287447,City,1,4.56,N,,,,(UNK),201043,(N/A),(UNK),No Defects,1,2,Major Collector,5,2775,X002057846,Not Toll,73,3,4,Not Divided,1,2942254.15399748,1915832.63772526,41.90224808,-87.7949,,Urban,2,N,(N/A),Y,(N/A)
2020,2020-10-21,Wednesday,18,06:33 PM,Property Damage,No Injuries,0,0,0,0,0,4,Front to Rear,11,N,N,Following Too Closely,Failing to Reduce Speed to Avoid Crash,Darkness / Lighted Road,Rain,Wet,N,,,,,No Controls,No Controls,Y,2,41.8837212,-87.7845492,ok,(UNK),1,2006012,2020,,3,28,50000 and OVER,9,4295,Oak Park,C,Urban Major Collector,,16,21,11064722,10,Cook,0,20,,,3,N,No,Slow,202001287449,City,5,1.26,N,,,,(UNK),201091,(N/A),(UNK),No Defects,1,2,Major Collector,5,2783,X002057852,Not Toll,73,1,1,"Divided, No Median Barrier",2,2945251.00557521,1909156.09105349,41.88371332,-87.7845,,Urban,2,N,(N/A),Y,(N/A)
2020,2020-10-21,Wednesday,12,12:09 PM,Property Damage,No Injuries,0,0,0,0,0,2,Turning,10,N,N,Failing to Yield Right of Way,Unable to Determine,Daylight,Clear,Dry,Y,,,,,Stop Sign,Functioning Properly,N,2,41.8780745,-87.7843855,ok,(UNK),1,2005996,2020,,2,18,50000 and OVER,9,4295,Oak Park,C,Urban Major Collector,,16,21,11064726,10,Cook,0,20,,,3,N,No,Free Flow,202001287452,City,1,0,N,,,,(UNK),201092,(N/A),(UNK),No Defects,1,1,Major Collector,5,,X002057969,Not Toll,73,2,4,Not Divided,1,2945352.73007387,1907099.59391968,41.87806669,-87.7844,,Urban,1,N,(N/A),Y,(N/A)
2020,2020-10-21,Wednesday,14,02:24 PM,Injury,B Injury Crash,1,0,0,1,0,1,Front to Rear,11,N,N,Failing to Reduce Speed to Avoid Crash,Following Too Closely,Daylight,Clear,Dry,N,,,,,No Controls,No Controls,N,2,41.8795302,-87.8047293,ok,(UNK),1,2006001,2020,,28,3,50000 and OVER,9,4295,Oak Park,C,Urban Other Principal Arte,,16,21,11064728,10,Cook,2,20,,,3,N,No,(UNK),202001287454,City,1,19.69,Y,,,,(UNK),201093,(N/A),(UNK),No Defects,1,1,Other Principal Arterial,3,348,X002057972,Not Toll,73,1,1,"Divided, No Median Barrier",2,2939797.55397433,1907476.85022857,41.87952236,-87.8047,,Urban,1,N,(N/A),Y,(N/A)
2020,2020-10-22,Thursday,16,04:52 PM,Injury,B Injury Crash,1,0,0,1,0,4,Front to Rear,11,N,N,Following Too Closely,(N/A),Daylight,Clear,Dry,N,,,,,No Controls,No Controls,Y,2,41.8705221,-87.800467,ok,(UNK),1,2006045,2020,,3,99,50000 and OVER,9,4295,Oak Park,C,Urban Local Road or Street,,16,22,11064732,10,Cook,2,20,,,4,N,No,Free Flow,202001287455,City,1,0.19,N,,,,(UNK),201094,(N/A),(UNK),No Defects,1,1,Local Road or Street,7,4070,X002057978,Not Toll,73,1,1,"Divided, No Median Barrier",2,2941048.88456011,1904226.12657845,41.87051425,-87.8005,,Urban,1,N,(N/A),Y,(N/A)
2020,2020-10-22,Thursday,18,06:00 PM,Property Damage,No Injuries,0,0,0,0,0,2,Front to Rear,11,N,N,Failing to Reduce Speed to Avoid Crash,(N/A),Darkness / Lighted Road,Clear,Dry,N,,,,,No Controls,No Controls,N,2,41.8652175,-87.7907112,ok,(UNK),1,2006047,2020,,28,99,50000 and OVER,9,4295,Oak Park,C,Urban Other Principal Arte,,16,22,11064733,10,Cook,0,20,,,4,N,Yes,Stopped,202001287456,City,5,6.69,Y,,,,(UNK),201095,(N/A),(UNK),No Defects,1,1,Other Principal Arterial,3,347,X002057979,Not Toll,52,1,1,"Divided, No Median Barrier",2,2943759.71018843,1902366.47740119,41.86520966,-87.7907,,Urban,1,N,(N/A),Y,(N/A)
2020,2020-11-01,Sunday,16,04:10 PM,Property Damage,No Injuries,0,0,0,0,0,2,Front to Rear,11,N,N,Failing to Reduce Speed to Avoid Crash,Following Too Closely,Daylight,Clear,Dry,N,,,,,No Controls,No Controls,N,2,41.8707,-87.7674191,ok,Partial Access Control,3,03-20-13646,2020,,28,3,50000 and OVER,9,4295,Oak Park,C,Urban InterState,0,16,1,11067195,11,Cook,0,20,,,7,N,No,(UNK),202001288696,ISP,1,9.55,Y,,,,(UNK),201130,(N/A),(UNK),No Defects,1,1,InterState,1,290,X002061042,Not Toll,,1,1,Divided With Median Barrier,3,2950048.67810976,1904540.9517743,41.87069214,-87.7674,,Urban,1,N,(N/A),Y,(N/A)
2020,2020-11-01,Sunday,17,05:12 PM,Property Damage,No Injuries,0,0,0,0,0,3,Front to Rear,11,N,N,Failing to Reduce Speed to Avoid Crash,Following Too Closely,Darkness / Lighted Road,Clear,Dry,N,,,,,No Controls,No Controls,N,3,41.8735563,-87.8032421,ok,Partial Access Control,3,03-20-13651,2020,,28,3,50000 and OVER,9,4295,Oak Park,C,Urban InterState,0,16,1,11067197,11,Cook,0,20,,,7,N,No,(UNK),202001288698,ISP,5,0.19,Y,,,,(UNK),201180,(N/A),(UNK),No Defects,1,1,InterState,1,290,X002061044,Not Toll,,1,1,Ramp,11,2940262.55782029,1905310.99086842,41.87354841,-87.8032,,Urban,1,N,(N/A),Y,(N/A)
2020,2020-11-03,Tuesday,14,02:42 PM,Property Damage,No Injuries,0,0,0,0,0,3,Sideswipe Same Direction,12,N,N,Improper Lane Usage,Driving Skills/Knowledge/Experience,Daylight,Clear,Dry,Y,,,,,Traffic Signal,Functioning Properly,N,2,41.8736416,-87.8045255,ok,Partial Access Control,1,20-03238,2020,,20,15,50000 and OVER,9,4295,Oak Park,C,Urban InterState,,16,3,11067769,11,Cook,0,20,,,2,N,No,Free Flow,202001289244,City,1,25.61,Y,,,,(UNK),201514,(N/A),(UNK),No Defects,1,1,InterState,1,5043,X002061644,Not Toll,73,3,4,Divided With Median Barrier,3,2939912.14307479,1905332.45909321,41.87363374,-87.8045,,Urban,1,N,(N/A),Y,(N/A)
2020,2020-10-23,Friday,12,12:12 PM,Property Damage,No Injuries,0,0,0,0,0,2,Angle,15,N,N,Failing to Yield Right of Way,Failing to Reduce Speed to Avoid Crash,Daylight,Rain,Wet,Y,,,,,Stop Sign,Functioning Properly,N,2,41.8815778,-87.7926485,ok,(UNK),1,2006068,2020,,2,28,50000 and OVER,9,4295,Oak Park,C,Urban Major Collector,,16,23,11064842,10,Cook,0,20,,,5,N,No,Free Flow,202001287467,City,1,0,N,,,,(UNK),201533,(N/A),(UNK),No Defects,1,2,Major Collector,5,,X002057983,Not Toll,73,2,4,"Divided, No Median Barrier",2,2943067.01238822,1908313.87403544,41.88157,-87.7926,,Urban,2,N,(N/A),Y,(N/A)
2020,2020-10-23,Friday,18,06:55 PM,Property Damage,No Injuries,0,0,0,0,0,2,Front to Rear,11,N,N,Following Too Closely,Failing to Reduce Speed to Avoid Crash,Darkness / Lighted Road,Cloudy/Overcast,Dry,N,,,,,Traffic Signal,Functioning Properly,Y,2,41.8653259,-87.7845106,ok,(UNK),1,2006090,2020,,3,28,50000 and OVER,9,4295,Oak Park,C,Urban Other Principal Arte,,16,23,11064846,10,Cook,0,20,,,5,N,No,Slow,202001287470,City,5,7.01,Y,,,,(UNK),201534,(N/A),(UNK),No Defects,1,1,Other Principal Arterial,3,347,X002057988,Not Toll,52,3,4,"Divided, No Median Barrier",2,2945447.65882982,1902452.80585112,41.86531804,-87.7845,,Urban,8,N,(N/A),Y,(N/A)
2020,2020-10-23,Friday,20,08:08 PM,Property Damage,No Injuries,0,0,0,0,0,1,Parked Motor Vehicle,9,N,N,Driving Skills/Knowledge/Experience,Driving Skills/Knowledge/Experience,Darkness / Lighted Road,Clear,Dry,N,,,,,No Controls,No Controls,Y,2,41.8868029,-87.8012788,ok,(UNK),1,2006093,2020,,15,15,50000 and OVER,9,4295,Oak Park,C,Urban Local Road or Street,,16,23,11064847,10,Cook,0,20,,,5,N,No,Slow,202001287471,City,5,0.18,N,,,,(UNK),201535,(N/A),(UNK),No Defects,1,1,Local Road or Street,7,3036,X002057989,Not Toll,73,1,1,Not Divided,1,2940664.17928729,1910153.05438944,41.88679507,-87.8013,,Urban,1,N,(N/A),Y,(N/A)