crash_year,crash_date,day_of_week,crash_hour,time_of_crash,crash_severity,crash_injury_severity,total_injured,total_fatals,a_injuries,b_injuries,c_injuries,no_injuries,type_of_first_crash,collision_type_code,pedestrian_involved,pedalcyclist_involved,cause1,cause2,lighting_cond,weather_cond,road_surface_cond,intersection_related,is_intersection,highway_or_street_name,at_intersection_with,address_no,traffic_control_device,traffic_control_device_cond,hit_and_run,number_of_vehicles,latitude,longitude,location_status,access_control,agency_code,agency_report_number,agency_report_year,alignment_code,cause1_code,cause2_code,city_class,city_class_code,city_code,city_name,city_township_flag,class_of_trafficway,class_of_trafficway_code,county_code,crash_day,crash_id,crash_month,crash_report_county,crash_severity_cd,crash_yr_source,damaged_property1,damaged_property2,day_of_week_code,did_crash_occur_in_work_zone,did_involve_secondary_crash,flow_condition,icn,investigating_agency_descrip,light_condition_code,mile_station,nhs,non_intersection_direction,non_intersection_distance,non_intersection_units,number_of_lanes,objectid,railroad_crossing_number,road_alignment,road_defects,road_defects_code,road_surface_condition_code,roadway_functional_class,roadway_functional_class_code,route_number,sfe,toll,township,traffic_control_device_code,traffic_control_device_cond_code,trafficway_descrip,trafficway_description_code,ts_crash_coordinate_x,ts_crash_coordinate_y,ts_crash_latitude,ts_crash_longitude,type_report,urban_rural,weather_code,were_workers_present,work_zone,work_zone_related,work_zone_type
2020,2020-10-23,Friday,23,11:09 PM,Property Damage,No Injuries,0,0,0,0,0,1,Parked Motor Vehicle,9,N,N,Unable to Determine,Unable to Determine,Darkness / Lighted Road,Clear,Dry,N,,,,,No Controls,No Controls,N,2,41.8761376,-87.7843599,ok,(UNK),1,2006095,2020,,18,18,50000 and OVER,9,4295,Oak Park,C,Urban Major Collector,,16,23,11064850,10,Cook,0,20,,,5,N,No,Stopped,202001287472,City,5,1.79,N,,,,(UNK),201632,(N/A),(UNK),No Defects,1,1,Major Collector,5,2783,X002057992,Not Toll,73,1,1,"Divided, No Median Barrier",2,2945379.32010454,1906393.94930602,41.8761298,-87.7844,,Urban,1,N,(N/A),Y,(N/A)
2020,2020-10-27,Tuesday,21,09:01 PM,Injury,C Injury Crash,1,0,0,0,1,0,Parked Motor Vehicle,9,N,N,Failing to Reduce Speed to Avoid Crash,Improper Lane Usage,Darkness,Clear,Dry,N,,,,,No Controls,No Controls,N,2,41.8815392,-87.7973394,ok,(UNK),1,2006173,2020,,28,20,50000 and OVER,9,4295,Oak Park,C,Urban Major Collector,,16,27,11068899,10,Cook,1,20,,,2,N,No,(UNK),202001290793,City,4,0.38,N,,,,(UNK),202016,(N/A),(UNK),No Defects,1,1,Major Collector,5,5,X002062587,Not Toll,73,1,1,Not Divided,1,2941789.91040276,1908264.47787196,41.88153138,-87.7973,,Urban,1,N,(N/A),Y,(N/A)
2020,2020-10-27,Tuesday,21,09:08 PM,Injury,B Injury Crash,1,0,0,1,0,1,Other Object,7,N,N,Failing to Reduce Speed to Avoid Crash,(N/A),Darkness / Lighted Road,Clear,Dry,Y,,,,,Traffic Signal,Functioning Properly,N,1,41.9018878,-87.7841384,ok,(UNK),1,2006174,2020,,28,99,50000 and OVER,9,4295,Oak Park,C,Urban Major Collector,,16,27,11068900,10,Cook,2,20,,,2,N,No,Free Flow,202001290794,City,5,0,N,,,,(UNK),202017,(N/A),(UNK),Unknown,99,1,Major Collector,5,,X002062595,Not Toll,73,3,4,Y-Intersection,16,2945178.95863854,1915779.47442845,41.90187996,-87.7841,,Urban,1,N,(N/A),N,(N/A)
2020,2020-10-28,Wednesday,15,03:55 PM,Property Damage,No Injuries,0,0,0,0,0,3,Front to Rear,11,N,N,Failing to Reduce Speed to Avoid Crash,Distraction - From Inside Vehicle,Daylight,Clear,Dry,Y,,,,,Traffic Signal,Functioning Properly,N,2,41.8695238,-87.784114,ok,(UNK),1,2006196,2020,,28,41,50000 and OVER,9,4295,Oak Park,C,Urban Major Collector,,16,28,11068907,10,Cook,0,20,,,3,N,No,Stopped,202001290796,City,1,2.24,N,,,,(UNK),202018,(N/A),(UNK),No Defects,1,1,Major Collector,5,2783,X002062652,Not Toll,73,3,4,Not Divided,1,2945513.2186085,1903985.60344365,41.86951596,-87.7841,,Urban,1,N,(N/A),Y,(N/A)
2020,2020-10-27,Tuesday,18,06:00 PM,Injury,B Injury Crash,1,0,0,1,0,3,Sideswipe Opposite Direction,13,N,N,Improper Lane Usage,Physical Condition of Driver,Darkness / Lighted Road,Clear,Dry,N,,,,,No Controls,No Controls,N,3,41.8796684,-87.8004183,ok,(UNK),1,2006170,2020,,20,17,50000 and OVER,9,4295,Oak Park,C,Urban Minor Arterial,,16,27,11068923,10,Cook,2,20,,,2,N,Yes,Free Flow,202001290812,City,5,3.29,N,,,,(UNK),202111,(N/A),(UNK),No Defects,1,1,Minor Arterial,4,1419,X002062567,Not Toll,73,1,1,"Divided, No Median Barrier",2,2940970.22867521,1907559.57621701,41.87966058,-87.8004,,Urban,1,N,(N/A),Y,(N/A)
2020,2020-09-30,Wednesday,14,02:00 PM,Property Damage,No Injuries,0,0,0,0,0,2,Front to Rear,11,N,N,Failing to Reduce Speed to Avoid Crash,Driving Skills/Knowledge/Experience,Daylight,Clear,Dry,N,,,,,No Controls,No Controls,N,2,41.8712829,-87.7783942,ok,Partial Access Control,3,03-20-12539,2020,,28,15,50000 and OVER,9,4295,Oak Park,C,Urban InterState,0,16,30,11068930,9,Cook,0,20,,,3,N,No,(UNK),202001290820,ISP,1,0.05,Y,,,,(UNK),202178,(N/A),(UNK),No Defects,1,1,InterState,1,290,X002062697,Not Toll,,1,1,Ramp,11,2947053.36758182,1904669.96102529,41.87127503,-87.7784,,Urban,1,N,(N/A),Y,(N/A)
2020,2020-09-16,Wednesday,17,05:39 PM,Injury,C Injury Crash,1,0,0,0,1,2,Pedalcyclist,2,N,Y,Failing to Yield Right of Way,Failing to Reduce Speed to Avoid Crash,Dusk,Clear,Dry,Y,,,,,Stop Sign,Functioning Properly,N,1,41.8816678,-87.7877668,ok,(UNK),1,2005240,2020,,2,28,50000 and OVER,9,4295,Oak Park,C,Urban Major Collector,,16,16,11068652,9,Cook,1,20,,,3,N,No,Free Flow,202001290419,City,3,0,N,,,,(UNK),203155,(N/A),(UNK),No Defects,1,1,Major Collector,5,,X002062384,Not Toll,73,2,4,Not Divided,1,2944395.52604289,1908383.48571486,41.88165995,-87.7878,,Urban,1,N,(N/A),Y,(N/A)
2020,2020-11-02,Monday,21,09:51 PM,Property Damage,No Injuries,0,0,0,0,0,2,Parked Motor Vehicle,9,N,N,Improper Backing,(N/A),Darkness,Clear,Dry,N,,,,,No Controls,No Controls,N,2,41.8942353,-87.803414,ok,(UNK),1,2006333,2020,,30,99,50000 and OVER,9,4295,Oak Park,C,Urban Minor Arterial,,16,2,11068678,11,Cook,0,20,,,1,N,No,(UNK),202001290451,City,4,2.64,N,,,,(UNK),203220,(N/A),(UNK),No Defects,1,1,Minor Arterial,4,1398,X002062458,Not Toll,73,1,1,Alley,12,2940008.11175353,1912845.53735066,41.89422749,-87.8034,,Urban,1,N,(N/A),Y,(N/A)
2020,2020-10-25,Sunday,00,00:42 AM,Property Damage,No Injuries,0,0,0,0,0,8,Front to Rear,11,N,N,Failing to Reduce Speed to Avoid Crash,Following Too Closely,Darkness / Lighted Road,Clear,Dry,N,,,,,Other,Functioning Properly,N,4,41.8734103,-87.8035175,ok,Partial Access Control,3,03-20-13298,2020,,28,3,50000 and OVER,9,4295,Oak Park,C,Urban InterState,,16,25,11069433,10,Cook,0,20,,,7,N,No,(UNK),202001291392,ISP,5,7.75,Y,,,,(UNK),203302,(N/A),(UNK),No Defects,1,1,InterState,1,290,X002063187,Not Toll,73,13,4,"Divided, No Median Barrier",2,2940189.0170563,1905255.73932278,41.87340246,-87.8035,,Urban,1,N,(N/A),Y,(N/A)
2020,2020-10-29,Thursday,17,05:56 PM,Property Damage,No Injuries,0,0,0,0,0,2,Turning,10,N,N,Failing to Yield Right of Way,Unable to Determine,Darkness / Lighted Road,Clear,Dry,Y,,,,,No Controls,No Controls,N,2,41.8918356,-87.8051508,ok,(UNK),1,2006227,2020,,2,18,50000 and OVER,9,4295,Oak Park,C,Urban Other Principal Arte,,16,29,11071027,10,Cook,0,20,,,4,N,No,Slow,202001293363,City,5,26.87,Y,,,,(UNK),203323,(N/A),(UNK),No Defects,1,1,Other Principal Arterial,3,5043,X002064494,Not Toll,73,1,1,Four Way,14,2939559.29297709,1911958.01824819,41.8918278,-87.8051,,Urban,1,N,(N/A),Y,(N/A)
2020,2020-10-29,Thursday,20,08:36 PM,Property Damage,No Injuries,0,0,0,0,0,1,Parked Motor Vehicle,9,N,N,Driving Skills/Knowledge/Experience,Driving Skills/Knowledge/Experience,Darkness / Lighted Road,Clear,Dry,N,,,,,No Controls,No Controls,N,2,41.8753784,-87.7843225,ok,(UNK),1,2006229,2020,,15,15,50000 and OVER,9,4295,Oak Park,C,Urban Major Collector,,16,29,11071028,10,Cook,0,20,,,4,N,No,Slow,202001293364,City,5,1.84,N,,,,(UNK),203324,(N/A),(UNK),No Defects,1,1,Major Collector,5,2783,X002064504,Not Toll,73,1,1,Not Divided,1,2945397.17484172,1906117.53145086,41.87537051,-87.7843,,Urban,1,N,(N/A),Y,(N/A)
2020,2020-11-06,Friday,11,11:05 AM,Property Damage,No Injuries,0,0,0,0,0,3,Front to Rear,11,N,N,Distraction - From Inside Vehicle,Following Too Closely,Daylight,Clear,Dry,N,,,,,No Controls,No Controls,N,2,41.8756424,-87.8045858,ok,(UNK),1,20-03275,2020,,41,3,50000 and OVER,9,4295,Oak Park,C,Urban Other Principal Arte,,16,6,11071045,11,Cook,0,20,,,5,N,No,Slow,202001293390,City,1,19.95,Y,,,,(UNK),203456,(N/A),(UNK),No Defects,1,1,Other Principal Arterial,3,348,X002064559,Not Toll,73,1,1,"Divided, No Median Barrier",2,2939875.64178283,1906061.12794995,41.87563452,-87.8046,,Urban,1,N,(N/A),Y,(N/A)
2020,2020-10-31,Saturday,14,02:18 PM,Injury,B Injury Crash,2,0,0,2,0,8,Sideswipe Same Direction,12,N,N,Failing to Yield Right of Way,Failing to Reduce Speed to Avoid Crash,Daylight,Clear,Dry,N,,,,,Traffic Signal,Functioning Properly,N,3,41.8882513,-87.7821944,ok,(UNK),1,2006273,2020,,2,28,50000 and OVER,9,4295,Oak Park,C,Urban Major Collector,,16,31,11068739,10,Cook,2,20,,,6,N,No,Free Flow,202001290531,City,1,0.97,N,,,,(UNK),203558,(N/A),(UNK),No Defects,1,1,Major Collector,5,1405,X002062466,Not Toll,73,3,4,"Divided, No Median Barrier",2,2945846.37329345,1910824.76387665,41.88824342,-87.7822,,Urban,1,N,(N/A),Y,(N/A)
2020,2020-10-28,Wednesday,17,05:18 PM,Property Damage,No Injuries,0,0,0,0,0,2,Front to Rear,11,N,N,Failing to Reduce Speed to Avoid Crash,Driving Skills/Knowledge/Experience,Daylight,Clear,Dry,N,,,,,Traffic Signal,Functioning Properly,N,2,41.8978925,-87.8050169,ok,(UNK),1,2006198,2020,,28,15,50000 and OVER,9,4295,Oak Park,C,Urban Local Road or Street,,16,28,11069968,10,Cook,0,20,,,3,N,No,Stopped,202001291998,City,1,0.02,N,,,,(UNK),204018,(N/A),(UNK),No Defects,1,1,Local Road or Street,7,3100,X002063514,Not Toll,73,3,4,Not Divided,1,2939534.97267655,1914166.26883294,41.8978847,-87.805,,Urban,1,N,(N/A),Y,(N/A)
2020,2020-11-05,Thursday,11,11:57 AM,Property Damage,No Injuries,0,0,0,0,0,2,Sideswipe Same Direction,12,N,N,Unable to Determine,(N/A),Daylight,Clear,Dry,N,,,,,No Controls,No Controls,N,2,41.9088853,-87.8032891,ok,(UNK),1,2006381,2020,,18,99,50000 and OVER,9,4295,Oak Park,C,Urban Other Principal Arte,,16,5,11071191,11,Cook,0,20,,,4,N,No,Free Flow,202001293607,City,1,6.05,Y,,,,(UNK),204349,(N/A),(UNK),No Defects,1,1,Other Principal Arterial,3,307,X002064684,Not Toll,73,1,1,"Divided, No Median Barrier",2,2939894.96565703,1918185.18796154,41.90887741,-87.8033,,Urban,1,N,(N/A),Y,(N/A)
2020,2020-11-04,Wednesday,18,06:56 PM,Property Damage,No Injuries,0,0,0,0,0,1,Parked Motor Vehicle,9,N,N,Failing to Reduce Speed to Avoid Crash,Unable to Determine,Darkness / Lighted Road,Clear,Dry,N,,,,,No Controls,No Controls,N,3,41.883895,-87.7943648,ok,(UNK),1,2006374,2020,,28,18,50000 and OVER,9,4295,Oak Park,C,Urban Major Collector,,16,4,11071193,11,Cook,0,20,,,3,N,No,Free Flow,202001293609,City,5,5.86,N,,,,(UNK),204350,(N/A),(UNK),No Defects,1,1,Major Collector,5,2775,X002064687,Not Toll,73,1,1,Not Divided,1,2942576.22920929,1909145.33900488,41.88388711,-87.7944,,Urban,1,N,(N/A),Y,(N/A)
2020,2020-10-29,Thursday,23,11:42 PM,Property Damage,No Injuries,0,0,0,0,0,2,Front to Rear,11,N,N,Failing to Reduce Speed to Avoid Crash,Unable to Determine,Darkness / Lighted Road,Clear,Dry,N,,,,,No Controls,No Controls,Y,2,41.8765343,-87.8046138,ok,(UNK),1,2006330,2020,,28,18,50000 and OVER,9,4295,Oak Park,C,Urban Other Principal Arte,,16,29,11071197,10,Cook,0,20,,,4,N,No,Free Flow,202001293613,City,5,19.89,Y,,,,(UNK),204352,(N/A),(UNK),No Defects,1,1,Other Principal Arterial,3,348,X002064691,Not Toll,73,1,1,Not Divided,1,2939859.07790827,1906385.96788729,41.87652649,-87.8046,,Urban,1,N,(N/A),Y,(N/A)
2020,2020-10-31,Saturday,12,12:18 PM,Property Damage,No Injuries,0,0,0,0,0,3,Front to Rear,11,N,N,Unable to Determine,Unable to Determine,Daylight,Clear,Dry,Y,,,,,Traffic Signal,Functioning Properly,Y,3,41.8796771,-87.7998665,ok,(UNK),1,2006267,2020,,18,18,50000 and OVER,9,4295,Oak Park,C,Urban Minor Arterial,,16,31,11071231,10,Cook,0,20,,,6,N,Yes,Free Flow,202001293645,City,1,0,N,,,,(UNK),204543,(N/A),(UNK),No Defects,1,1,Minor Arterial,4,,X002064724,Not Toll,73,3,4,Four Way,14,2941120.42683983,1907566.89142581,41.87966927,-87.7999,,Urban,1,N,(N/A),Y,(N/A)
2020,2020-10-31,Saturday,10,10:50 AM,Injury,B Injury Crash,1,0,0,1,0,1,Angle,15,N,N,Failing to Yield Right of Way,Unable to Determine,Daylight,Clear,Dry,Y,,,,,Stop Sign,Functioning Properly,N,2,41.9016171,-87.8009453,ok,(UNK),1,2006265,2020,,2,18,50000 and OVER,9,4295,Oak Park,C,Urban Major Collector,,16,31,11071233,10,Cook,2,20,,,6,N,No,Free Flow,202001293649,City,1,0,N,,,,(UNK),204544,(N/A),(UNK),No Defects,1,1,Major Collector,5,,X002064728,Not Toll,73,2,4,Not Divided,1,2940606.05371791,1915554.11154117,41.90160921,-87.8009,,Urban,1,N,(N/A),Y,(N/A)
2020,2020-11-05,Thursday,13,01:59 PM,Property Damage,No Injuries,0,0,0,0,0,2,Front to Rear,11,N,N,Failing to Reduce Speed to Avoid Crash,Driving Skills/Knowledge/Experience,Daylight,Clear,Dry,N,,,,,No Controls,No Controls,N,2,41.8723966,-87.7896436,ok,Partial Access Control,3,03-20-13828,2020,,28,15,50000 and OVER,9,4295,Oak Park,C,Urban InterState,,16,5,11071755,11,Cook,0,20,,,4,N,No,(UNK),202001294130,ISP,1,22.3,Y,,,,(UNK),205024,(N/A),(UNK),No Defects,1,1,InterState,1,9290,X002065237,Not Toll,73,1,1,Divided With Median Barrier,3,2943978.03500661,1904990.72589167,41.87238876,-87.7896,,Urban,1,N,(N/A),Y,(N/A)
2020,2020-10-29,Thursday,00,00:34 AM,Property Damage,No Injuries,0,0,0,0,0,1,Other Object,7,N,N,Driving Skills/Knowledge/Experience,(N/A),Darkness / Lighted Road,Clear,Dry,N,,,,,No Controls,No Controls,N,1,41.8881851,-87.7800342,ok,(UNK),1,2006205,2020,,15,99,50000 and OVER,9,4295,Oak Park,C,Urban Major Collector,,16,29,11070976,10,Cook,0,20,FIRE HYDRANT,,4,N,No,Free Flow,202001293302,City,5,1.08,N,,,,(UNK),205451,(N/A),(UNK),No Defects,1,1,Major Collector,5,1405,X002064466,Not Toll,73,1,1,"Divided, No Median Barrier",2,2946435.2988069,1910817.01398605,41.88817725,-87.78,,Urban,1,N,(N/A),Y,(N/A)
2020,2020-11-06,Friday,17,05:44 PM,Injury,C Injury Crash,1,0,0,0,1,1,Pedestrian,1,Y,N,Unable to Determine,(N/A),Darkness / Lighted Road,Clear,Dry,N,,,,,No Controls,No Controls,N,1,41.8816363,-87.7999279,ok,(UNK),1,2006417,2020,,18,99,50000 and OVER,9,4295,Oak Park,C,Urban Local Road or Street,,16,6,11073495,11,Cook,1,20,,,5,N,No,Slow,202001295740,City,5,0.39,N,,,,(UNK),205541,(N/A),(UNK),No Defects,1,1,Local Road or Street,7,2700,X002065526,Not Toll,73,1,1,"Divided, No Median Barrier",2,2941083.98172717,1908280.38601902,41.88162844,-87.7999,,Urban,1,N,(N/A),Y,(N/A)
2020,2020-11-08,Sunday,01,01:56 AM,Injury,C Injury Crash,1,0,0,0,1,1,Sideswipe Same Direction,12,N,N,Improper Overtaking/Passing,Operating Vehicle In Reckless Manner,Darkness / Lighted Road,Clear,Dry,N,,,,,No Controls,No Controls,N,2,41.8962642,-87.7932393,ok,(UNK),1,2006448,2020,,4,50,50000 and OVER,9,4295,Oak Park,C,Urban Local Road or Street,,16,8,11073501,11,Cook,1,20,TREE,PARKWAY GRASS,7,N,No,(UNK),202001295745,City,5,0.23,N,,,,(UNK),205545,(N/A),(UNK),No Defects,1,1,Local Road or Street,7,3090,X002066233,Not Toll,73,1,1,Not Divided,1,2942757.98782813,1913661.41685884,41.89625639,-87.7932,,Urban,1,N,(N/A),Y,(N/A)
2020,2020-11-04,Wednesday,18,06:47 PM,Property Damage,No Injuries,0,0,0,0,0,2,Front to Rear,11,N,N,Failing to Reduce Speed to Avoid Crash,Following Too Closely,Darkness / Lighted Road,Clear,Dry,N,,,,,Other,Functioning Properly,N,2,41.8715181,-87.7824167,ok,Partial Access Control,3,03-20-13800,2020,,28,3,50000 and OVER,9,4295,Oak Park,C,Urban InterState,0,16,4,11074125,11,Cook,0,20,,,3,N,No,(UNK),202001296272,ISP,5,8.8,Y,,,,(UNK),205781,(N/A),(UNK),No Defects,1,1,InterState,1,290,X002067127,Not Toll,,13,4,Divided With Median Barrier,3,2945955.33421687,1904725.20792532,41.87151026,-87.7824,,Urban,1,N,(N/A),Y,(N/A)
2020,2020-11-05,Thursday,15,03:31 PM,Property Damage,No Injuries,0,0,0,0,0,3,Front to Rear,11,N,N,Failing to Reduce Speed to Avoid Crash,Following Too Closely,Daylight,Clear,Dry,N,,,,,Other,Functioning Properly,N,2,41.8722051,-87.7872662,ok,Partial Access Control,3,03-20-13831,2020,,28,3,50000 and OVER,9,4295,Oak Park,C,Urban InterState,,16,5,11074127,11,Cook,0,20,,,4,N,No,(UNK),202001296274,ISP,1,22.43,Y,,,,(UNK),205783,(N/A),(UNK),No Defects,1,1,InterState,1,9290,X002067129,Not Toll,73,13,4,Divided With Median Barrier,3,2944627.52835984,1904938.89808698,41.87219728,-87.7873,,Urban,1,N,(N/A),Y,(N/A)
2020,2020-11-07,Saturday,13,01:03 PM,Property Damage,No Injuries,0,0,0,0,0,4,Sideswipe Same Direction,12,N,N,Failing to Yield Right of Way,Unable to Determine,Daylight,Clear,Dry,N,,,,,No Controls,No Controls,N,2,41.8650758,-87.8008719,ok,(UNK),1,2006437,2020,,2,18,50000 and OVER,9,4295,Oak Park,C,Urban Other Principal Arte,,16,7,11074184,11,Cook,0,20,,,6,N,No,Free Flow,202001296361,City,1,6.16,Y,,,,(UNK),206111,(N/A),(UNK),No Defects,1,1,Other Principal Arterial,3,347,X002066244,Not Toll,52,1,1,Not Divided,1,2940993.32973375,1902238.34583194,41.86506792,-87.8009,,Urban,1,N,(N/A),Y,(N/A)
2020,2020-11-06,Friday,18,06:30 PM,Property Damage,No Injuries,0,0,0,0,0,3,Turning,10,N,N,Disregarding Traffic Signals,Unable to Determine,Darkness / Lighted Road,Clear,Dry,Y,,,,,Traffic Signal,Functioning Properly,Y,2,41.87231,-87.804466,ok,(UNK),1,2006421,2020,,25,18,50000 and OVER,9,4295,Oak Park,C,Urban Other Principal Arte,,16,6,11073610,11,Cook,0,20,,,5,N,No,Free Flow,202001295755,City,5,25.52,Y,,,,(UNK),206183,(N/A),(UNK),No Defects,1,1,Other Principal Arterial,3,5043,X002065525,Not Toll,73,3,4,Four Way,14,2939941.71056524,1904847.66043794,41.87230217,-87.8045,,Urban,1,N,(N/A),Y,(N/A)
2020,2020-11-08,Sunday,01,01:30 AM,Property Damage,No Injuries,0,0,0,0,0,4,Turning,10,N,N,Improper Turning/No Signal,Improper Lane Usage,Darkness / Lighted Road,Clear,Dry,Y,,,,,Traffic Signal,Functioning Properly,N,2,41.8650278,-87.8042158,ok,(UNK),1,20-03292,2020,,6,20,50000 and OVER,9,4295,Oak Park,C,Urban Other Principal Arte,,16,8,11073196,11,Cook,0,20,,,7,N,No,Slow,202001295530,City,5,25.01,Y,,,,(UNK),206609,(N/A),(UNK),No Defects,1,1,Other Principal Arterial,3,5043,X002066660,Not Toll,52,3,4,"Divided, No Median Barrier",2,2940082.93081867,1902195.78557851,41.86502,-87.8042,,Urban,1,N,(N/A),Y,(N/A)
2020,2020-11-08,Sunday,22,10:40 PM,Property Damage,No Injuries,0,0,0,0,0,2,Turning,10,N,N,Improper Turning/No Signal,(N/A),Darkness / Lighted Road,Clear,Dry,Y,,,,,Traffic Signal,Functioning Properly,N,2,41.8736416,-87.8045258,ok,Partial Access Control,1,20-03297,2020,,6,99,50000 and OVER,9,4295,Oak Park,C,Urban InterState,,16,8,11073197,11,Cook,0,20,,,7,N,No,Slow,202001295531,City,5,25.61,Y,,,,(UNK),206610,(N/A),(UNK),No Defects,1,1,InterState,1,5043,X002066661,Not Toll,73,3,4,Four Way,14,2939912.062394,1905332.46992192,41.87363377,-87.8045,,Urban,1,N,(N/A),Y,(N/A)
2020,2020-10-31,Saturday,21,09:37 PM,Injury,B Injury Crash,1,0,0,1,0,3,Front to Rear,11,N,N,Under Influence of Alcohol/Drugs,Failing to Reduce Speed to Avoid Crash,Darkness / Lighted Road,Rain,Wet,N,,,,,No Controls,No Controls,N,2,41.8713259,-87.7759252,ok,Partial Access Control,3,03-20-13609,2020,,8,28,50000 and OVER,9,4295,Oak Park,C,Urban InterState,,16,31,11074323,10,Cook,2,20,,,6,N,No,(UNK),202001296583,ISP,5,23.01,Y,,,,(UNK),206827,(N/A),(UNK),No Defects,1,2,InterState,1,9290,X002067304,Not Toll,73,1,1,Divided With Median Barrier,3,2947725.42001821,1904704.37536539,41.87131807,-87.7759,,Urban,2,N,(N/A),Y,(N/A)
2020,2020-11-08,Sunday,11,11:20 AM,Property Damage,No Injuries,0,0,0,0,0,3,Sideswipe Same Direction,12,N,N,Improper Lane Usage,Driving Skills/Knowledge/Experience,Daylight,Clear,Dry,N,,,,,Other Regualtory Sig,Functioning Properly,N,2,41.8714167,-87.7773756,ok,Partial Access Control,3,03-20-13988,2020,,20,15,50000 and OVER,9,4295,Oak Park,C,Urban InterState,,16,8,11076120,11,Cook,0,20,,,7,N,No,(UNK),202001298791,ISP,1,22.93,Y,,,,(UNK),207364,(N/A),(UNK),No Defects,1,1,InterState,1,9290,X002069026,Not Toll,73,10,4,Divided With Median Barrier,3,2947329.43636364,1904726.45606061,41.87140887,-87.7774,,Urban,1,N,(N/A),Y,(N/A)
2020,2020-11-07,Saturday,21,09:30 PM,Property Damage,No Injuries,0,0,0,0,0,2,Front to Rear,11,N,N,Failing to Reduce Speed to Avoid Crash,Following Too Closely,Darkness / Lighted Road,Clear,Dry,N,,,,,Other,Functioning Properly,N,2,,,missing,(UNK),3,03-20-14134,2020,,28,3,50000 and OVER,9,4295,Oak Park,C,(UNK),8,16,7,11076840,11,Cook,0,20,,,6,N,No,(UNK),202001299490,ISP,5,0,N,,,,(UNK),207605,(N/A),(UNK),No Defects,1,1,(UNK),0,0,X002069733,No Toll,,13,4,Divided With Median Barrier,3,0,0,,,,(UNK),1,N,(N/A),Y,(N/A)
2020,2020-11-10,Tuesday,03,03:48 AM,Property Damage,No Injuries,0,0,0,0,0,2,Front to Rear,11,N,N,Following Too Closely,Following Too Closely,Daylight,Clear,Dry,N,,,,,No Controls,No Controls,N,2,41.8738525,-87.8045312,ok,(UNK),1,20-3239,2020,,3,3,50000 and OVER,9,4295,Oak Park,C,Urban Other Principal Arte,,16,10,11075734,11,Cook,0,20,,,2,N,No,Free Flow,202001298431,City,1,20.07,Y,,,,(UNK),207616,(N/A),(UNK),No Defects,1,1,Other Principal Arterial,3,348,X002068625,Not Toll,73,1,1,Not Divided,1,2939908.47718074,1905409.2903897,41.87384469,-87.8045,,Urban,1,N,(N/A),Y,(N/A)
2020,2020-11-06,Friday,12,12:30 PM,Property Damage,No Injuries,0,0,0,0,0,2,Front to Rear,11,N,N,Failing to Reduce Speed to Avoid Crash,Following Too Closely,Daylight,Clear,Dry,N,,,,,Other,Functioning Properly,N,2,41.8722657,-87.7879949,ok,Partial Access Control,3,03-20-13862,2020,,28,3,50000 and OVER,9,4295,Oak Park,C,Urban InterState,,16,6,11076217,11,Cook,0,20,,,5,N,No,(UNK),202001298884,ISP,1,22.39,Y,,,,(UNK),208087,(N/A),(UNK),No Defects,1,1,InterState,1,9290,X002069120,Not Toll,73,13,4,Divided With Median Barrier,3,2944428.43731836,1904955.48335535,41.8722579,-87.788,,Urban,1,N,(N/A),Y,(N/A)
2020,2020-08-26,Wednesday,19,07:03 PM,Property Damage,No Injuries,0,0,0,0,0,1,Parked Motor Vehicle,9,N,N,Unable to Determine,Unable to Determine,Daylight,Clear,Dry,N,,,,,No Controls,No Controls,Y,2,41.8796747,-87.8000456,ok,(UNK),1,2004776,2020,,18,18,50000 and OVER,9,4295,Oak Park,C,Urban Minor Arterial,,16,26,11077253,8,Cook,0,20,,,3,N,No,Stopped,202001299675,City,1,3.31,N,,,,(UNK),208114,(N/A),(UNK),No Defects,1,1,Minor Arterial,4,1419,X002069758,Not Toll,73,1,1,"Divided, No Median Barrier",2,2941071.6611344,1907564.67048335,41.87966687,-87.8,,Urban,1,N,(N/A),Y,(N/A)
2020,2020-11-08,Sunday,02,02:37 AM,Injury,C Injury Crash,1,0,0,0,1,0,Fixed Object,6,N,N,Under Influence of Alcohol/Drugs,Driving On Wrong Side/Wrong Way,Darkness / Lighted Road,Clear,Dry,N,,,,,No Controls,No Controls,N,1,41.8801016,-87.7781638,ok,(UNK),1,2006449,2020,,8,5,50000 and OVER,9,4295,Oak Park,C,Urban Minor Arterial,,16,8,11077324,11,Cook,1,20,BUILDING-101 MADISON,BUILDING-101 MADISON,7,N,No,(UNK),202001299812,City,5,0,N,,,,(UNK),208468,(N/A),(UNK),No Defects,1,1,Minor Arterial,4,,X002069843,Not Toll,73,1,1,Not Divided,1,2947026.63020204,1907885.41284976,41.88009375,-87.7782,,Urban,1,N,(N/A),Y,(N/A)