crash_year,crash_date,day_of_week,crash_hour,time_of_crash,crash_severity,crash_injury_severity,total_injured,total_fatals,a_injuries,b_injuries,c_injuries,no_injuries,type_of_first_crash,collision_type_code,pedestrian_involved,pedalcyclist_involved,cause1,cause2,lighting_cond,weather_cond,road_surface_cond,intersection_related,is_intersection,highway_or_street_name,at_intersection_with,address_no,traffic_control_device,traffic_control_device_cond,hit_and_run,number_of_vehicles,latitude,longitude,location_status,access_control,agency_code,agency_report_number,agency_report_year,alignment_code,cause1_code,cause2_code,city_class,city_class_code,city_code,city_name,city_township_flag,class_of_trafficway,class_of_trafficway_code,county_code,crash_day,crash_id,crash_month,crash_report_county,crash_severity_cd,crash_yr_source,damaged_property1,damaged_property2,day_of_week_code,did_crash_occur_in_work_zone,did_involve_secondary_crash,flow_condition,icn,investigating_agency_descrip,light_condition_code,mile_station,nhs,non_intersection_direction,non_intersection_distance,non_intersection_units,number_of_lanes,objectid,railroad_crossing_number,road_alignment,road_defects,road_defects_code,road_surface_condition_code,roadway_functional_class,roadway_functional_class_code,route_number,sfe,toll,township,traffic_control_device_code,traffic_control_device_cond_code,trafficway_descrip,trafficway_description_code,ts_crash_coordinate_x,ts_crash_coordinate_y,ts_crash_latitude,ts_crash_longitude,type_report,urban_rural,weather_code,were_workers_present,work_zone,work_zone_related,work_zone_type
2020,2020-11-07,Saturday,11,11:49 AM,Property Damage,No Injuries,0,0,0,0,0,4,Angle,15,N,N,Failing to Yield Right of Way,Unable to Determine,Daylight,Clear,Dry,Y,,,,,Stop Sign,Functioning Properly,N,2,41.8903609,-87.784776,ok,(UNK),1,2006434,2020,,2,18,50000 and OVER,9,4295,Oak Park,C,Urban Major Collector,,16,7,11077458,11,Cook,0,20,,,6,N,No,Free Flow,202001300142,City,1,0,N,,,,(UNK),209131,(N/A),(UNK),No Defects,1,1,Major Collector,5,,X002069902,Not Toll,73,2,4,Not Divided,1,2945122.05487761,1911574.03715906,41.8903531,-87.7848,,Urban,1,N,(N/A),Y,(N/A)
2020,2020-11-11,Wednesday,15,03:05 PM,Property Damage,No Injuries,0,0,0,0,0,2,Front to Rear,11,N,N,Failing to Reduce Speed to Avoid Crash,Following Too Closely,Daylight,Clear,Dry,N,,,,,Other,Functioning Properly,N,2,41.8712396,-87.7745316,ok,Partial Access Control,3,03-20-14161,2020,,28,3,50000 and OVER,9,4295,Oak Park,C,Urban InterState,,16,11,11078377,11,Cook,0,20,,,3,N,No,(UNK),202001301298,ISP,1,23.08,Y,,,,(UNK),209825,(N/A),(UNK),No Defects,1,1,InterState,1,9290,X002070820,Not Toll,73,13,4,Divided With Median Barrier,3,2948105.87873344,1904683.51024424,41.87123178,-87.7745,,Urban,1,N,(N/A),Y,(N/A)
2020,2020-09-18,Friday,15,03:09 PM,Property Damage,No Injuries,0,0,0,0,0,0,Parked Motor Vehicle,9,N,N,Distraction - From Inside Vehicle,Unable to Determine,Daylight,Clear,Dry,N,,,,,No Controls,No Controls,N,2,41.8900843,-87.8050944,ok,(UNK),1,2005285,2020,,41,18,50000 and OVER,9,4295,Oak Park,C,Urban Other Principal Arte,,16,18,11078389,9,Cook,0,20,,,5,N,No,Stopped,202001301313,City,1,18.95,Y,,,,(UNK),209888,(N/A),(UNK),No Defects,1,1,Other Principal Arterial,3,348,X002070693,Not Toll,73,1,1,Parking Lot,7,2939592.22682815,1911320.20403073,41.89007642,-87.8051,,Urban,1,N,(N/A),Y,(N/A)
2020,2020-11-14,Saturday,18,06:37 PM,Property Damage,No Injuries,0,0,0,0,0,2,Front to Rear,11,N,N,Following Too Closely,Failing to Reduce Speed to Avoid Crash,Darkness / Lighted Road,Rain,Wet,N,,,,,No Controls,No Controls,N,2,41.8666003,-87.8042659,ok,(UNK),1,20-3354,2020,,3,28,50000 and OVER,9,4295,Oak Park,C,Urban Other Principal Arte,,16,14,11079614,11,Cook,0,20,,,6,N,No,Free Flow,202001302593,City,5,20.58,Y,,,,(UNK),210235,(N/A),(UNK),No Defects,1,2,Other Principal Arterial,3,348,X002072101,Not Toll,73,1,1,Not Divided,1,2940053.50962984,1902768.45502482,41.8665925,-87.8043,,Urban,2,N,(N/A),Y,(N/A)
2020,2020-11-14,Saturday,16,04:45 PM,Property Damage,No Injuries,0,0,0,0,0,4,Front to Rear,11,N,N,Failing to Reduce Speed to Avoid Crash,Following Too Closely,Darkness / Lighted Road,Clear,Dry,N,,,,,No Controls,No Controls,N,4,41.8712703,-87.7750288,ok,Partial Access Control,3,03-20-14276,2020,,28,3,50000 and OVER,9,4295,Oak Park,C,Urban InterState,,16,14,11080479,11,Cook,0,20,,,6,N,No,(UNK),202001303189,ISP,5,23.05,Y,,,,(UNK),210351,(N/A),(UNK),No Defects,1,1,InterState,1,9290,X002072674,Not Toll,73,1,1,Divided With Median Barrier,3,2947970.14597094,1904690.90752972,41.87126244,-87.775,,Urban,1,N,(N/A),Y,(N/A)
2020,2020-11-10,Tuesday,12,12:43 PM,Injury,B Injury Crash,1,0,0,1,0,1,Front to Rear,11,N,N,Failing to Reduce Speed to Avoid Crash,Following Too Closely,Daylight,Cloudy/Overcast,Dry,Y,,,,,Traffic Signal,Unknown,N,2,41.880075,-87.7795431,ok,(UNK),1,2006503,2020,,28,3,50000 and OVER,9,4295,Oak Park,C,Urban Minor Arterial,,16,10,11080888,11,Cook,2,20,,,2,N,No,Stopped,202001303578,City,1,0.54,N,,,,(UNK),210588,(N/A),(UNK),No Defects,1,1,Minor Arterial,4,3794,X002071184,Not Toll,73,3,9,Not Divided,1,2946651.25808772,1907865.26586875,41.88006716,-87.7795,,Urban,8,N,(N/A),Y,(N/A)
2020,2020-11-09,Monday,11,11:26 AM,Injury,B Injury Crash,1,0,0,1,0,1,Pedestrian,1,Y,N,Disregarding Road Markings,Failing to Reduce Speed to Avoid Crash,Daylight,Cloudy/Overcast,Dry,N,,,,,Other Warning Sign,Functioning Properly,Y,1,41.8884134,-87.7781805,ok,(UNK),1,2006475,2020,,26,28,50000 and OVER,9,4295,Oak Park,C,Urban Local Road or Street,,16,9,11080889,11,Cook,2,20,,,1,N,No,Free Flow,202001303579,City,1,0.68,N,,,,(UNK),210589,(N/A),(UNK),No Defects,1,1,Local Road or Street,7,2613,X002071186,Not Toll,73,11,4,Not Divided,1,2946937.73717556,1910914.25705555,41.88840553,-87.7782,,Urban,8,N,(N/A),Y,(N/A)
2020,2020-11-08,Sunday,10,10:03 AM,Property Damage,No Injuries,0,0,0,0,0,4,Angle,15,N,N,Failing to Yield Right of Way,Unable to Determine,Daylight,Clear,Dry,Y,,,,,Stop Sign,Functioning Properly,N,2,41.9019373,-87.7802263,ok,(UNK),1,2006453,2020,,2,18,50000 and OVER,9,4295,Oak Park,C,Urban Major Collector,,16,8,11080891,11,Cook,0,20,STOP SIGN,LAWN OF PRIVATE PROPERTY,7,N,No,Free Flow,202001303582,City,1,0,N,,,,(UNK),210590,(N/A),(UNK),No Defects,1,1,Major Collector,5,,X002071188,Not Toll,73,2,4,Not Divided,1,2946243.51506911,1915827.12391038,41.90192944,-87.7802,,Urban,1,N,(N/A),Y,(N/A)
2020,2020-11-07,Saturday,04,04:01 AM,Injury,B Injury Crash,1,0,0,1,0,0,Parked Motor Vehicle,9,N,N,Failing to Reduce Speed to Avoid Crash,(N/A),Darkness / Lighted Road,Clear,Dry,N,,,,,No Controls,No Controls,N,2,41.8946473,-87.7791917,ok,(UNK),1,2006430,2020,,28,99,50000 and OVER,9,4295,Oak Park,C,Urban Minor Arterial,,16,7,11080892,11,Cook,2,20,,,6,N,No,Free Flow,202001303583,City,5,3.91,N,,,,(UNK),210591,(N/A),(UNK),No Defects,1,1,Minor Arterial,4,1398,X002071189,Not Toll,73,1,1,Not Divided,1,2946599.15257202,1913178.36495918,41.89463949,-87.7792,,Urban,1,N,(N/A),Y,(N/A)
2020,2020-11-07,Saturday,01,01:17 AM,Injury,C Injury Crash,1,0,0,0,1,0,Fixed Object,6,N,N,Unable to Determine,(N/A),Darkness / Lighted Road,Clear,Dry,N,,,,,No Controls,No Controls,Y,1,41.9092263,-87.778556,ok,(UNK),1,2006429,2020,,18,99,50000 and OVER,9,4295,Oak Park,C,Urban Other Principal Arte,,16,7,11080893,11,Cook,1,20,MEDIAN PYLON,,6,N,No,(UNK),202001303584,City,5,7.32,Y,,,,(UNK),210592,(N/A),(UNK),No Defects,1,1,Other Principal Arterial,3,307,X002071190,Not Toll,73,1,1,Divided With Median Barrier,3,2946624.25042305,1918496.06267947,41.90921849,-87.7786,,Urban,1,N,(N/A),Y,(N/A)
2020,2020-11-13,Friday,17,05:32 PM,Property Damage,No Injuries,0,0,0,0,0,4,Sideswipe Same Direction,12,N,N,Improper Lane Usage,Driving Skills/Knowledge/Experience,Darkness / Lighted Road,Clear,Dry,N,,,,,No Controls,No Controls,N,2,41.9048026,-87.8056358,ok,(UNK),1,2006595,2020,,20,15,50000 and OVER,9,4295,Oak Park,C,Urban Other Principal Arte,,16,13,11080904,11,Cook,0,20,,,5,N,No,Free Flow,202001303595,City,5,17.93,Y,,,,(UNK),210615,(N/A),(UNK),No Defects,1,1,Other Principal Arterial,3,348,X002071930,Not Toll,73,1,1,Not Divided,1,2939297.13031055,1916679.78745293,41.90479476,-87.8056,,Urban,1,N,(N/A),Y,(N/A)
2020,2020-11-13,Friday,14,02:09 PM,Property Damage,No Injuries,0,0,0,0,0,1,Parked Motor Vehicle,9,N,N,Improper Lane Usage,Unable to Determine,Daylight,Clear,Dry,N,,,,,No Controls,No Controls,N,2,41.893204,-87.7783947,ok,(UNK),1,2006589,2020,,20,18,50000 and OVER,9,4295,Oak Park,C,Urban Local Road or Street,,16,13,11080905,11,Cook,0,20,,,5,N,No,Slow,202001303596,City,1,0,N,,,,(UNK),210616,(N/A),(UNK),No Defects,1,1,Local Road or Street,7,,X002071932,Not Toll,73,1,1,"Divided, No Median Barrier",2,2946830.79242734,1912658.42095555,41.89319614,-87.7784,,Urban,1,N,(N/A),Y,(N/A)
2020,2020-11-13,Friday,12,12:49 PM,Property Damage,No Injuries,0,0,0,0,0,2,Turning,10,N,N,Improper Turning/No Signal,Failing to Yield Right of Way,Daylight,Clear,Dry,Y,,,,,No Controls,No Controls,N,2,41.883254,-87.8039601,ok,(UNK),1,2006584,2020,,6,2,50000 and OVER,9,4295,Oak Park,C,Urban Local Road or Street,,16,13,11080906,11,Cook,0,20,,,5,N,No,Free Flow,202001303598,City,1,0,N,,,,(UNK),210617,(N/A),(UNK),No Defects,1,1,Local Road or Street,7,,X002071936,Not Toll,73,1,1,"Divided, No Median Barrier",2,2939969.64781098,1908839.63333623,41.88324614,-87.804,,Urban,1,N,(N/A),Y,(N/A)
2020,2020-11-13,Friday,11,11:52 AM,Property Damage,No Injuries,0,0,0,0,0,2,Angle,15,N,N,Failing to Reduce Speed to Avoid Crash,(N/A),Daylight,Clear,Dry,Y,,,,,Traffic Signal,Functioning Properly,N,2,41.8650278,-87.8042158,ok,(UNK),1,2006582,2020,,28,99,50000 and OVER,9,4295,Oak Park,C,Urban Other Principal Arte,,16,13,11080907,11,Cook,0,20,,,5,N,No,Stopped,202001303601,City,1,25.01,Y,,,,(UNK),210618,(N/A),(UNK),No Defects,1,1,Other Principal Arterial,3,5043,X002071938,Not Toll,52,3,4,"Divided, No Median Barrier",2,2940082.93081867,1902195.78557851,41.86502,-87.8042,,Urban,1,N,(N/A),Y,(N/A)
2020,2020-11-12,Thursday,16,04:09 PM,Property Damage,No Injuries,0,0,0,0,0,3,Parked Motor Vehicle,9,N,N,Failing to Reduce Speed to Avoid Crash,Unable to Determine,Daylight,Clear,Dry,N,,,,,No Controls,No Controls,N,2,41.8832739,-87.802062,ok,(UNK),1,2006567,2020,,28,18,50000 and OVER,9,4295,Oak Park,C,Urban Local Road or Street,,16,12,11080915,11,Cook,0,20,,,4,N,No,Free Flow,202001303609,City,1,0.14,N,,,,(UNK),210663,(N/A),(UNK),No Defects,1,1,Local Road or Street,7,3015,X002071180,Not Toll,73,1,1,Not Divided,1,2940486.35721132,1908861.12493731,41.88326603,-87.8021,,Urban,1,N,(N/A),Y,(N/A)
2020,2020-11-12,Thursday,11,11:35 AM,Property Damage,No Injuries,0,0,0,0,0,2,Turning,10,N,N,Unable to Determine,(N/A),Daylight,Clear,Dry,Y,,,,,Traffic Signal,Functioning Properly,Y,2,41.8983679,-87.7752665,ok,(UNK),1,2006556,2020,,18,99,50000 and OVER,9,4295,Oak Park,C,Urban Minor Arterial,,16,12,11080916,11,Cook,0,20,,,4,N,No,Slow,202001303611,City,1,0,N,,,,(UNK),210664,(N/A),(UNK),No Defects,1,1,Minor Arterial,4,,X002071181,Not Toll,,3,4,"Divided, No Median Barrier",2,2947630.08471175,1914563.99974519,41.89836008,-87.7753,,Urban,1,N,(N/A),Y,(N/A)
2020,2020-11-12,Thursday,09,09:41 AM,Property Damage,No Injuries,0,0,0,0,0,1,Parked Motor Vehicle,9,N,N,Unable to Determine,(N/A),Daylight,Clear,Dry,N,,,,,No Controls,No Controls,Y,2,41.8782254,-87.8011336,ok,(UNK),1,2006547,2020,,18,99,50000 and OVER,9,4295,Oak Park,C,Urban Local Road or Street,,16,12,11080917,11,Cook,0,20,,,4,N,No,Free Flow,202001304464,City,1,0.05,N,,,,(UNK),210665,(N/A),(UNK),No Defects,1,1,Local Road or Street,7,4010,X002071182,Not Toll,73,1,1,Not Divided,1,2940789.9207108,1907028.34195371,41.87821756,-87.8011,,Urban,1,N,(N/A),Y,(N/A)
2020,2020-11-13,Friday,18,06:10 PM,Property Damage,No Injuries,0,0,0,0,0,3,Front to Rear,11,N,N,Following Too Closely,(N/A),Darkness / Lighted Road,Clear,Dry,Y,,,,,Stop Sign,Functioning Properly,N,2,41.8739176,-87.8045326,ok,Partial Access Control,1,20-03350,2020,,3,99,50000 and OVER,9,4295,Oak Park,C,Urban InterState,,16,13,11079313,11,Cook,0,20,,,5,N,No,Slow,202001302310,City,5,20.07,Y,,,,(UNK),210818,(N/A),(UNK),No Defects,1,1,InterState,1,348,X002071733,Not Toll,73,2,4,Divided With Median Barrier,3,2939907.43517955,1905432.99356793,41.87390976,-87.8045,,Urban,1,N,(N/A),Y,(N/A)
2020,2020-11-15,Sunday,11,11:15 AM,Injury,B Injury Crash,1,0,0,1,0,2,Front to Rear,11,N,N,Failing to Reduce Speed to Avoid Crash,(N/A),Daylight,Cloudy/Overcast,Dry,Y,,,,,Traffic Signal,Functioning Properly,N,2,41.8939528,-87.8052196,ok,(UNK),1,2006621,2020,,28,99,50000 and OVER,9,4295,Oak Park,C,Urban Other Principal Arte,,16,15,11080987,11,Cook,2,20,,,7,N,No,Stopped,202001303668,City,1,27.03,Y,,,,(UNK),210842,(N/A),(UNK),No Defects,1,1,Other Principal Arterial,3,5043,X002072732,Not Toll,73,3,4,"Divided, No Median Barrier",2,2939519.32483837,1912729.02530918,41.89394493,-87.8052,,Urban,8,N,(N/A),Y,(N/A)
2020,2020-11-15,Sunday,23,11:38 PM,Property Damage,No Injuries,0,0,0,0,0,1,Parked Motor Vehicle,9,N,N,(N/A),(N/A),Darkness / Lighted Road,Clear,Dry,N,,,,,No Controls,No Controls,Y,2,41.8653678,-87.78165,ok,(UNK),1,2006629,2020,,99,99,50000 and OVER,9,4295,Oak Park,C,Urban Other Principal Arte,,16,15,11081717,11,Cook,0,20,,,7,N,No,Free Flow,202001304429,City,5,7.16,Y,,,,(UNK),210890,(N/A),(UNK),No Defects,1,1,Other Principal Arterial,3,347,X002073204,Not Toll,52,1,1,Not Divided,1,2946226.47851095,1902489.74491202,41.86536,-87.7816,,Urban,1,N,(N/A),Y,(N/A)
2020,2020-11-15,Sunday,14,02:35 PM,Property Damage,No Injuries,0,0,0,0,0,2,Angle,15,N,N,Disregarding Traffic Signals,Failing to Yield Right of Way,Daylight,Cloudy/Overcast,Dry,N,,,,,Traffic Signal,Functioning Properly,Y,2,41.8869836,-87.7846457,ok,(UNK),1,2006625,2020,,25,2,50000 and OVER,9,4295,Oak Park,C,Urban Major Collector,,16,15,11081718,11,Cook,0,20,,,7,N,No,Free Flow,202001304430,City,1,0,N,,,,(UNK),210938,(N/A),(UNK),No Defects,1,1,Major Collector,5,,X002073205,Not Toll,73,3,4,Four Way,14,2945191.71029925,1910344.2420506,41.88697572,-87.7846,,Urban,8,N,(N/A),Y,(N/A)
2020,2020-11-13,Friday,14,02:54 PM,Injury,C Injury Crash,1,0,0,0,1,1,Turning,10,N,N,Improper Turning/No Signal,Driving Skills/Knowledge/Experience,Daylight,Clear,Dry,N,,,,,No Controls,No Controls,N,2,41.8899721,-87.8050893,ok,(UNK),1,2001164,2020,,6,15,50000 and OVER,9,4295,Oak Park,C,Urban Other Principal Arte,,16,13,11081729,11,Cook,1,20,,,5,N,No,Slow,202001304441,City,1,18.96,Y,,,,(UNK),210944,(N/A),(UNK),No Defects,1,1,Other Principal Arterial,3,348,X002073242,Not Toll,73,1,1,Two-way Continuous Left-Tur,4,2939594.73443217,1911279.35558656,41.88996422,-87.8051,,Urban,1,N,(N/A),Y,(N/A)
2020,2020-11-15,Sunday,22,10:41 PM,Injury,C Injury Crash,1,0,0,0,1,1,Front to Rear,11,N,N,Failing to Reduce Speed to Avoid Crash,(N/A),Darkness / Lighted Road,Clear,Dry,Y,,,,,Traffic Signal,Functioning Properly,Y,2,41.8942278,-87.8052258,ok,(UNK),1,2001169,2020,,28,99,50000 and OVER,9,4295,Oak Park,C,Urban Other Principal Arte,,16,15,11081731,11,Cook,1,20,,,7,N,No,Stopped,202001304443,City,5,27.03,Y,,,,(UNK),210973,(N/A),(UNK),No Defects,1,1,Other Principal Arterial,3,5043,X002073244,Not Toll,73,3,4,Not Divided,1,2939514.862401,1912829.2173956,41.89422,-87.8052,,Urban,1,N,(N/A),Y,(N/A)
2020,2020-11-16,Monday,19,07:50 PM,Property Damage,No Injuries,0,0,0,0,0,2,Sideswipe Same Direction,12,N,N,Improper Overtaking/Passing,Improper Lane Usage,Darkness / Lighted Road,Clear,Dry,N,,,,,No Controls,No Controls,Y,2,41.8704892,-87.8043963,ok,(UNK),1,20-3378,2020,,4,20,50000 and OVER,9,4295,Oak Park,C,Urban Other Principal Arte,6,16,16,11082189,11,Cook,0,20,STOP SIGN,,1,N,No,Free Flow,202001304884,City,5,25.39,Y,,,,(UNK),211709,(N/A),(UNK),No Defects,1,1,Other Principal Arterial,3,5043,X002074057,Not Toll,73,1,1,Not Divided,1,2939978.96538995,1904184.65196703,41.87048138,-87.8044,,Urban,1,N,(N/A),Y,(N/A)
2020,2020-11-13,Friday,21,09:20 PM,Property Damage,No Injuries,0,0,0,0,0,2,Sideswipe Same Direction,12,N,N,Improper Lane Usage,(N/A),Darkness / Lighted Road,Unknown,Unknown,Y,,,,,No Controls,Functioning Improperly,N,2,41.8813878,-87.8047858,ok,(UNK),1,20-03395,2020,,20,99,50000 and OVER,9,4295,Oak Park,C,Urban Other Principal Arte,,16,13,11083372,11,Cook,0,20,,,5,N,No,Free Flow,202001306135,City,5,26.14,Y,,,,(UNK),212013,(N/A),(UNK),No Defects,1,9,Other Principal Arterial,3,5043,X002075058,Not Toll,73,1,3,Not Divided,1,2939763.52364909,1908153.38389951,41.88138,-87.8048,,Urban,9,N,(N/A),Y,(N/A)
2020,2020-11-16,Monday,07,07:43 AM,Property Damage,No Injuries,0,0,0,0,0,2,Front to Rear,11,N,N,Failing to Reduce Speed to Avoid Crash,(N/A),Daylight,Clear,Dry,N,,,,,Other Regualtory Sig,Functioning Properly,N,2,41.8730841,-87.7978704,ok,Partial Access Control,3,03-20-14366,2020,,28,99,50000 and OVER,9,4295,Oak Park,C,Urban InterState,,16,16,11082717,11,Cook,0,20,,,1,N,No,(UNK),202001305528,ISP,1,21.89,Y,,,,(UNK),212345,(N/A),(UNK),No Defects,1,1,InterState,1,9290,X002074557,Not Toll,73,10,4,Divided With Median Barrier,3,2941730.37813738,1905179.29075297,41.87307628,-87.7979,,Urban,1,N,(N/A),Y,(N/A)
2020,2020-11-15,Sunday,05,05:45 AM,Property Damage,No Injuries,0,0,0,0,0,5,Sideswipe Same Direction,12,N,N,Improper Lane Usage,Driving Skills/Knowledge/Experience,Darkness / Lighted Road,Clear,Dry,N,,,,,Other,Functioning Properly,Y,2,41.8717187,-87.7846677,ok,Partial Access Control,3,03-20-14330,2020,,20,15,50000 and OVER,9,4295,Oak Park,C,Urban InterState,0,16,15,11082750,11,Cook,0,20,,,7,N,No,(UNK),202001305546,ISP,5,8.68,Y,,,,(UNK),212485,(N/A),(UNK),No Defects,1,1,InterState,1,290,X002074574,Not Toll,,13,4,Divided With Median Barrier,3,2945340.20705613,1904781.29414248,41.8717109,-87.7847,,Urban,1,N,(N/A),Y,(N/A)
2020,2020-10-31,Saturday,20,08:25 PM,Property Damage,No Injuries,0,0,0,0,0,2,Front to Rear,11,N,N,Failing to Reduce Speed to Avoid Crash,Following Too Closely,Darkness / Lighted Road,Clear,Dry,N,,,,,Other Regualtory Sig,Functioning Properly,Y,2,41.8709589,-87.7745454,ok,Partial Access Control,3,03-20-14247,2020,,28,3,50000 and OVER,9,4295,Oak Park,C,Urban InterState,,16,31,11084536,10,Cook,0,20,,,6,N,No,(UNK),202001307389,ISP,5,9.2,Y,,,,(UNK),213552,(N/A),(UNK),No Defects,1,1,InterState,1,290,X002076117,Not Toll,73,10,4,Divided With Median Barrier,3,2948104.97230918,1904581.09264761,41.87095103,-87.7745,,Urban,1,N,(N/A),Y,(N/A)
2020,2020-11-11,Wednesday,16,04:45 PM,Property Damage,No Injuries,0,0,0,0,0,2,Sideswipe Same Direction,12,N,N,Improper Lane Usage,Driving Skills/Knowledge/Experience,Darkness / Lighted Road,Clear,Dry,N,,,,,Other Regualtory Sig,Functioning Properly,Y,2,41.8709985,-87.7755397,ok,Partial Access Control,3,03-20-14142,2020,,20,15,50000 and OVER,9,4295,Oak Park,C,Urban InterState,0,16,11,11085590,11,Cook,0,20,,,3,N,No,(UNK),202001308078,ISP,5,9.15,Y,,,,(UNK),213894,(N/A),(UNK),No Defects,1,1,InterState,1,290,X002076698,Not Toll,,10,4,"Divided, No Median Barrier",2,2947833.7390922,1904587.9844664,41.87099065,-87.7755,,Urban,1,N,(N/A),Y,(N/A)
2020,2020-11-12,Thursday,15,03:44 PM,Property Damage,No Injuries,0,0,0,0,0,3,Front to Rear,11,N,N,Failing to Reduce Speed to Avoid Crash,Following Too Closely,Daylight,Clear,Dry,N,,,,,Other Regualtory Sig,Functioning Properly,N,3,41.8717631,-87.7851953,ok,Partial Access Control,3,03-20-14172,2020,,28,3,50000 and OVER,9,4295,Oak Park,C,Urban InterState,0,16,12,11085597,11,Cook,0,20,,,4,N,No,(UNK),202001308085,ISP,1,8.66,Y,,,,(UNK),213939,(N/A),(UNK),No Defects,1,1,InterState,1,290,X002076705,Not Toll,,10,4,"Divided, No Median Barrier",2,2945196.04830938,1904793.45190199,41.87175521,-87.7852,,Urban,1,N,(N/A),Y,(N/A)
2020,2020-11-13,Friday,07,07:10 AM,Property Damage,No Injuries,0,0,0,0,0,3,Other Non-Collision,8,N,N,Equipment-Vehicle Condition,(N/A),Daylight,Clear,Dry,N,,,,,Other,Functioning Properly,N,2,41.8724784,-87.7921761,ok,Partial Access Control,3,03-20-14191,2020,,10,99,50000 and OVER,9,4295,Oak Park,C,Urban InterState,,16,13,11086036,11,Cook,0,20,,,5,N,No,(UNK),202001308525,ISP,1,22.17,Y,,,,(UNK),214325,(N/A),(UNK),No Defects,1,1,InterState,1,9290,X002077139,Not Toll,73,13,4,Divided With Median Barrier,3,2943287.43316477,1905001.43908115,41.87247058,-87.7922,,Urban,1,N,(N/A),Y,(N/A)
2020,2020-11-16,Monday,20,08:20 PM,Property Damage,No Injuries,0,0,0,0,0,4,Front to Rear,11,N,N,Failing to Reduce Speed to Avoid Crash,Unable to Determine,Darkness / Lighted Road,Clear,Dry,Y,,,,,Traffic Signal,Functioning Properly,N,2,41.8650311,-87.8042159,ok,(UNK),1,20-03379,2020,,28,18,50000 and OVER,9,4295,Oak Park,C,Urban Other Principal Arte,,16,16,11084297,11,Cook,0,20,,,1,N,No,Slow,202001307138,City,5,25.01,Y,,,,(UNK),214379,(N/A),(UNK),No Defects,1,1,Other Principal Arterial,3,5043,X002075892,Not Toll,52,3,4,"Divided, No Median Barrier",2,2940082.87071565,1902196.98245607,41.86502329,-87.8042,,Urban,1,N,(N/A),Y,(N/A)
2020,2020-11-09,Monday,17,05:30 PM,Property Damage,No Injuries,0,0,0,0,0,2,Front to Rear,11,N,N,Following Too Closely,Failing to Reduce Speed to Avoid Crash,Darkness / Lighted Road,Clear,Dry,N,,,,,Delineators,Functioning Properly,N,2,41.8724248,-87.7915469,ok,Partial Access Control,3,03-20-14392,2020,,3,28,50000 and OVER,9,4295,Oak Park,C,Urban InterState,,16,9,11086403,11,Cook,0,20,,,1,N,No,(UNK),202001308955,ISP,5,22.2,Y,,,,(UNK),214596,(N/A),(UNK),No Defects,1,1,InterState,1,9290,X002077442,Not Toll,73,14,4,Divided With Median Barrier,3,2943459.35292835,1904986.64214114,41.87241696,-87.7915,,Urban,1,N,(N/A),Y,(N/A)
2020,2020-11-21,Saturday,22,10:39 PM,Property Damage,No Injuries,0,0,0,0,0,1,Parked Motor Vehicle,9,N,N,Unable to Determine,(N/A),Darkness / Lighted Road,Clear,Dry,N,,,,,No Controls,No Controls,N,4,41.8669002,-87.7766221,ok,(UNK),1,2006770,2020,,18,99,50000 and OVER,9,4295,Oak Park,C,Urban Local Road or Street,,16,21,11088812,11,Cook,0,20,,,6,N,No,Stopped,202001311480,City,5,0.22,N,,,,(UNK),215404,(N/A),(UNK),No Defects,1,1,Local Road or Street,7,2610,X002078781,Not Toll,73,1,1,"Divided, No Median Barrier",2,2947580.53832733,1903086.27968227,41.86689237,-87.7766,,Urban,1,N,(N/A),Y,(N/A)
2020,2020-11-22,Sunday,08,08:31 AM,Property Damage,No Injuries,0,0,0,0,0,2,Front to Rear,11,N,N,Weather,Unable to Determine,Daylight,Rain,Wet,Y,,,,,Traffic Signal,Functioning Properly,N,2,41.8650293,-87.8042158,ok,(UNK),1,20-3438,2020,,11,18,50000 and OVER,9,4295,Oak Park,C,Urban Other Principal Arte,,16,22,11087722,11,Cook,0,20,,,7,N,No,Stopped,202001310399,City,1,25.01,Y,,,,(UNK),215677,(N/A),(UNK),No Defects,1,2,Other Principal Arterial,3,5043,X002078717,Not Toll,52,3,4,"Divided, No Median Barrier",2,2940082.90341503,1902196.33128822,41.8650215,-87.8042,,Urban,2,N,(N/A),Y,(N/A)
2020,2020-11-23,Monday,10,10:07 AM,Property Damage,No Injuries,0,0,0,0,0,1,Parked Motor Vehicle,9,N,N,Unable to Determine,(N/A),Unknown,Unknown,Unknown,N,,,,,No Controls,No Controls,Y,2,41.8817457,-87.783366,ok,(UNK),1,2006783,2020,,18,99,50000 and OVER,9,4295,Oak Park,C,Urban Major Collector,,16,23,11088926,11,Cook,0,20,,,1,N,No,Free Flow,202001311619,City,9,1.09,N,,,,(UNK),216033,(N/A),(UNK),Unknown,99,9,Major Collector,5,5,X002079843,Not Toll,73,1,1,Not Divided,1,2945593.23456468,1908445.15426544,41.88173788,-87.7834,,Urban,9,N,(N/A),N,(N/A)
2020,2020-11-20,Friday,17,05:20 PM,Property Damage,No Injuries,0,0,0,0,0,1,Parked Motor Vehicle,9,N,N,Improper Overtaking/Passing,Failing to Reduce Speed to Avoid Crash,Unknown,Cloudy/Overcast,Dry,N,,,,,Stop Sign,Functioning Properly,Y,2,41.8823066,-87.7956566,ok,(UNK),1,2006741,2020,,4,28,50000 and OVER,9,4295,Oak Park,C,Urban Local Road or Street,,16,20,11087381,11,Cook,0,20,,,5,N,No,Free Flow,202001309930,City,9,0.3,N,,,,(UNK),216307,(N/A),(UNK),No Defects,1,1,Local Road or Street,7,2683,X002078004,Not Toll,73,2,4,Not Divided,1,2942240.46345303,1908556.77114278,41.88229871,-87.7957,,Urban,8,N,(N/A),Y,(N/A)