crash_year,crash_date,day_of_week,crash_hour,time_of_crash,crash_severity,crash_injury_severity,total_injured,total_fatals,a_injuries,b_injuries,c_injuries,no_injuries,type_of_first_crash,collision_type_code,pedestrian_involved,pedalcyclist_involved,cause1,cause2,lighting_cond,weather_cond,road_surface_cond,intersection_related,is_intersection,highway_or_street_name,at_intersection_with,address_no,traffic_control_device,traffic_control_device_cond,hit_and_run,number_of_vehicles,latitude,longitude,location_status,access_control,agency_code,agency_report_number,agency_report_year,alignment_code,cause1_code,cause2_code,city_class,city_class_code,city_code,city_name,city_township_flag,class_of_trafficway,class_of_trafficway_code,county_code,crash_day,crash_id,crash_month,crash_report_county,crash_severity_cd,crash_yr_source,damaged_property1,damaged_property2,day_of_week_code,did_crash_occur_in_work_zone,did_involve_secondary_crash,flow_condition,icn,investigating_agency_descrip,light_condition_code,mile_station,nhs,non_intersection_direction,non_intersection_distance,non_intersection_units,number_of_lanes,objectid,railroad_crossing_number,road_alignment,road_defects,road_defects_code,road_surface_condition_code,roadway_functional_class,roadway_functional_class_code,route_number,sfe,toll,township,traffic_control_device_code,traffic_control_device_cond_code,trafficway_descrip,trafficway_description_code,ts_crash_coordinate_x,ts_crash_coordinate_y,ts_crash_latitude,ts_crash_longitude,type_report,urban_rural,weather_code,were_workers_present,work_zone,work_zone_related,work_zone_type
2020,2020-11-18,Wednesday,17,05:39 PM,Property Damage,No Injuries,0,0,0,0,0,2,Front to Rear,11,N,N,Following Too Closely,Failing to Reduce Speed to Avoid Crash,Darkness,Clear,Dry,Y,,,,,Traffic Signal,Functioning Properly,N,2,41.8800795,-87.7795433,ok,(UNK),1,2006694,2020,,3,28,50000 and OVER,9,4295,Oak Park,C,Urban Local Road or Street,,16,18,11087387,11,Cook,0,20,,,3,N,No,Free Flow,202001309935,City,4,0.54,N,,,,(UNK),216358,(N/A),(UNK),No Defects,1,1,Local Road or Street,7,3794,X002078015,Not Toll,73,3,4,"Divided, No Median Barrier",2,2946651.16467027,1907866.89514958,41.88007164,-87.7795,,Urban,1,N,(N/A),Y,(N/A)
2020,2020-11-18,Wednesday,16,04:13 PM,Property Damage,No Injuries,0,0,0,0,0,1,Parked Motor Vehicle,9,N,N,Improper Backing,Driving Skills/Knowledge/Experience,Daylight,Clear,Dry,N,,,,,No Controls,No Controls,N,2,41.8906918,-87.788026,ok,(UNK),1,2006692,2020,,30,15,50000 and OVER,9,4295,Oak Park,C,Urban Local Road or Street,,16,18,11087388,11,Cook,0,20,,,3,N,No,Slow,202001309936,City,1,0.26,N,,,,(UNK),216359,(N/A),(UNK),No Defects,1,1,Local Road or Street,7,2650,X002078016,Not Toll,73,1,1,One-Way,10,2944233.73484748,1911670.04060117,41.89068394,-87.788,,Urban,1,N,(N/A),Y,(N/A)
2020,2020-11-16,Monday,10,10:21 AM,Injury,C Injury Crash,1,0,0,0,1,2,Pedestrian,1,Y,N,Failing to Reduce Speed to Avoid Crash,Failing to Yield Right of Way,Daylight,Clear,Dry,Y,,,,,Traffic Signal,Not Functioning,N,1,41.8819309,-87.7795831,ok,(UNK),1,2006637,2020,,28,2,50000 and OVER,9,4295,Oak Park,C,Urban Major Collector,,16,16,11087392,11,Cook,1,20,,,1,N,No,Free Flow,202001309941,City,1,0,N,,,,(UNK),216360,(N/A),(UNK),No Defects,1,1,Major Collector,5,,X002078063,Not Toll,73,3,2,"Divided, No Median Barrier",2,2946621.55188131,1908541.2905625,41.88192307,-87.7796,,Urban,1,N,(N/A),Y,(N/A)
2020,2020-11-16,Monday,15,03:16 PM,Property Damage,No Injuries,0,0,0,0,0,4,Front to Rear,11,N,N,Failing to Reduce Speed to Avoid Crash,Unable to Determine,Daylight,Clear,Dry,N,,,,,No Controls,No Controls,N,2,41.8888754,-87.7847174,ok,(UNK),1,2006647,2020,,28,18,50000 and OVER,9,4295,Oak Park,C,Urban Major Collector,,16,16,11087450,11,Cook,0,20,,,1,N,No,Slow,202001310105,City,1,0.89,N,,,,(UNK),216705,(N/A),(UNK),No Defects,1,1,Major Collector,5,2783,X002078079,Not Toll,73,1,1,Not Divided,1,2945153.04433259,1911033.11782922,41.88886755,-87.7847,,Urban,1,N,(N/A),Y,(N/A)
2020,2020-11-12,Thursday,16,04:15 PM,Property Damage,No Injuries,0,0,0,0,0,2,Angle,15,N,N,Disregarding Stop Sign,Failing to Yield Right of Way,Daylight,Clear,Dry,Y,,,,,Stop Sign,Functioning Properly,Y,2,41.881568,-87.7956369,ok,(UNK),1,2006568,2020,,23,2,50000 and OVER,9,4295,Oak Park,C,Urban Major Collector,,16,12,11087451,11,Cook,0,20,,,4,N,No,Free Flow,202001310106,City,1,0,N,,,,(UNK),216706,(N/A),(UNK),No Defects,1,1,Major Collector,5,,X002078208,Not Toll,73,2,4,Not Divided,1,2942253.25672759,1908287.76806835,41.88156014,-87.7956,,Urban,1,N,(N/A),Y,(N/A)
2020,2020-11-19,Thursday,20,08:44 PM,Property Damage,No Injuries,0,0,0,0,0,1,Fixed Object,6,N,N,Driving Skills/Knowledge/Experience,Driving Skills/Knowledge/Experience,Darkness / Lighted Road,Clear,Dry,N,,,,,Other,Functioning Properly,N,1,41.8709952,-87.7754851,ok,Partial Access Control,3,03-20-14509,2020,,15,15,50000 and OVER,9,4295,Oak Park,C,Urban InterState,0,16,19,11088206,11,Cook,0,20,,,4,N,No,(UNK),202001310891,ISP,5,9.15,Y,,,,(UNK),217009,(N/A),(UNK),No Defects,1,1,InterState,1,290,X002079183,Not Toll,,13,4,Divided With Median Barrier,3,2947848.65036251,1904587.19607577,41.87098735,-87.7755,,Urban,1,N,(N/A),Y,(N/A)
2020,2020-11-23,Monday,18,06:07 PM,Injury,B Injury Crash,1,0,0,1,0,2,Turning,10,N,N,Failing to Yield Right of Way,Failing to Reduce Speed to Avoid Crash,Darkness / Lighted Road,Clear,Dry,Y,,,,,Traffic Signal,Functioning Properly,N,2,41.8736416,-87.8045258,ok,Partial Access Control,1,2006794,2020,,2,28,50000 and OVER,9,4295,Oak Park,C,Urban InterState,,16,23,11089847,11,Cook,2,20,,,1,N,No,Slow,202001312606,City,5,25.61,Y,,,,(UNK),217030,(N/A),(UNK),No Defects,1,1,InterState,1,5043,X002080651,Not Toll,73,3,4,Other,8,2939912.062394,1905332.46992192,41.87363377,-87.8045,,Urban,1,N,(N/A),Y,(N/A)
2020,2020-11-24,Tuesday,10,10:10 AM,Property Damage,No Injuries,0,0,0,0,0,2,Sideswipe Same Direction,12,N,N,Improper Lane Usage,Unable to Determine,Daylight,Freezing Rain,Wet,N,,,,,Traffic Signal,Functioning Properly,N,2,41.8800138,-87.774671,ok,(UNK),1,2006803,2020,,20,18,50000 and OVER,9,4295,Oak Park,C,Urban Minor Arterial,,16,24,11090683,11,Cook,0,20,,,2,N,No,Free Flow,202001313487,City,1,0,N,,,,(UNK),217272,(N/A),(UNK),No Defects,1,2,Minor Arterial,4,,X002080925,Not Toll,,3,4,Not Divided,1,2947978.75546148,1907879.91800161,41.88000594,-87.7747,,Urban,10,N,(N/A),Y,(N/A)
2020,2020-11-21,Saturday,14,02:17 PM,Property Damage,No Injuries,0,0,0,0,0,2,Front to Rear,11,N,N,Following Too Closely,Failing to Reduce Speed to Avoid Crash,Daylight,Clear,Dry,N,,,,,Traffic Signal,Functioning Properly,N,2,41.8724452,-87.7935647,ok,Partial Access Control,3,03-20-14598,2020,,3,28,50000 and OVER,9,4295,Oak Park,C,Urban InterState,0,16,21,11094051,11,Cook,0,20,,,6,N,No,(UNK),202001316007,ISP,1,8.21,Y,,,,(UNK),219676,(N/A),(UNK),No Defects,1,1,InterState,1,290,X002083959,Not Toll,,3,4,Divided With Median Barrier,3,2942909.55388286,1904978.87061562,41.87243736,-87.7936,,Urban,1,N,(N/A),Y,(N/A)
2020,2020-11-19,Thursday,17,05:30 PM,Property Damage,No Injuries,0,0,0,0,0,2,Sideswipe Same Direction,12,N,N,Improper Overtaking/Passing,Unable to Determine,Darkness / Lighted Road,Clear,Dry,N,,,,,Traffic Signal,Functioning Properly,Y,2,41.8813878,-87.8047858,ok,(UNK),1,20-3412,2020,,4,18,50000 and OVER,9,4295,Oak Park,C,Urban Other Principal Arte,,16,19,11094061,11,Cook,0,20,,,4,N,No,Stopped,202001316017,City,5,26.14,Y,,,,(UNK),219681,(N/A),(UNK),No Defects,1,1,Other Principal Arterial,3,5043,X002083969,Not Toll,73,3,4,"Divided, No Median Barrier",2,2939763.52364909,1908153.38389951,41.88138,-87.8048,,Urban,1,N,(N/A),Y,(N/A)
2020,2020-11-29,Sunday,02,02:30 AM,Property Damage,No Injuries,0,0,0,0,0,2,Front to Rear,11,N,N,Failing to Reduce Speed to Avoid Crash,Following Too Closely,Daylight,Clear,Dry,N,,,,,Other Regualtory Sig,Functioning Properly,Y,2,41.8736636,-87.8042936,ok,Partial Access Control,3,03-20-14962,2020,,28,3,50000 and OVER,9,4295,Oak Park,C,Urban InterState,0,16,29,11094697,11,Cook,0,20,,,7,N,No,(UNK),202001316637,ISP,1,0.23,Y,,,,(UNK),220100,(N/A),(UNK),No Defects,1,1,InterState,1,290,X002084595,Not Toll,,10,4,Divided With Median Barrier,3,2939975.09217279,1905342.2051015,41.87365571,-87.8043,,Urban,1,N,(N/A),Y,(N/A)
2020,2020-11-25,Wednesday,13,01:52 PM,Property Damage,No Injuries,0,0,0,0,0,1,Fixed Object,6,N,N,Disregarding Other Traffic Signs,Failing to Reduce Speed to Avoid Crash,Daylight,Rain,Wet,Y,,,,,Traffic Signal,Functioning Properly,N,1,41.8869836,-87.7846457,ok,(UNK),1,2006838,2020,,24,28,50000 and OVER,9,4295,Oak Park,C,Urban Major Collector,,16,25,11095779,11,Cook,0,20,TRAIN BRIDGE,,3,N,No,Free Flow,202001317497,City,1,0,N,,,,(UNK),220121,(N/A),(UNK),No Defects,1,2,Major Collector,5,,X002085005,Not Toll,73,3,4,Divided With Median Barrier,3,2945191.71029925,1910344.2420506,41.88697572,-87.7846,,Urban,2,N,(N/A),Y,(N/A)
2020,2020-11-26,Thursday,06,06:17 AM,Property Damage,No Injuries,0,0,0,0,0,1,Other Object,7,N,N,Operating Vehicle In Reckless Manner,Failing to Reduce Speed to Avoid Crash,Darkness / Lighted Road,Clear,Wet,N,,,,,Stop Sign,Functioning Properly,Y,3,41.8983074,-87.7787119,ok,(UNK),1,2006850,2020,,50,28,50000 and OVER,9,4295,Oak Park,C,Urban Local Road or Street,,16,26,11095782,11,Cook,0,20,FENCE,FRONT YARD,4,N,No,(UNK),202001317501,City,5,1.38,N,,,,(UNK),220123,(N/A),(UNK),No Defects,1,2,Local Road or Street,7,3100,X002085008,Not Toll,73,2,4,Not Divided,1,2946692.64223425,1914515.81737822,41.8982996,-87.7787,,Urban,1,N,(N/A),Y,(N/A)
2020,2020-11-25,Wednesday,20,08:43 PM,Property Damage,No Injuries,0,0,0,0,0,2,Sideswipe Same Direction,12,N,N,Failing to Reduce Speed to Avoid Crash,(N/A),Darkness / Lighted Road,Rain,Wet,Y,,,,,Traffic Signal,Functioning Properly,N,2,41.8942279,-87.8052266,ok,(UNK),1,2006849,2020,,28,99,50000 and OVER,9,4295,Oak Park,C,Urban Other Principal Arte,,16,25,11095794,11,Cook,0,20,,,3,N,No,Stopped,202001317514,City,5,27.03,Y,,,,(UNK),220244,(N/A),(UNK),No Defects,1,2,Other Principal Arterial,3,5043,X002084995,Not Toll,73,3,4,Not Divided,1,2939514.64773279,1912829.21324146,41.89422,-87.8052,,Urban,2,N,(N/A),Y,(N/A)
2020,2020-11-23,Monday,14,02:10 PM,Property Damage,No Injuries,0,0,0,0,0,6,Turning,10,N,N,Unable to Determine,Unable to Determine,Daylight,Clear,Dry,N,,,,,No Controls,No Controls,N,3,41.9090858,-87.7903996,ok,(UNK),1,2006791,2020,,18,18,50000 and OVER,9,4295,Oak Park,C,Urban Other Principal Arte,,16,23,11095797,11,Cook,0,20,,,1,N,Yes,Slow,202001317517,City,1,6.71,Y,,,,(UNK),220246,(N/A),(UNK),No Defects,1,1,Other Principal Arterial,3,307,X002084998,Not Toll,73,1,1,"Divided, No Median Barrier",2,2943401.65997605,1918355.2599051,41.90907795,-87.7904,,Urban,1,N,(N/A),Y,(N/A)
2020,2020-11-24,Tuesday,11,11:26 AM,Property Damage,No Injuries,0,0,0,0,0,2,Angle,15,N,N,Improper Backing,(N/A),Daylight,Freezing Rain,Wet,N,,,,,No Controls,No Controls,N,2,41.9092397,-87.7759388,ok,(UNK),1,2006805,2020,,30,99,50000 and OVER,9,4295,Oak Park,C,Urban Other Principal Arte,,16,24,11095798,11,Cook,0,20,,,2,N,No,Stopped,202001317518,City,1,7.46,Y,,,,(UNK),220247,(N/A),(UNK),No Defects,1,2,Other Principal Arterial,3,307,X002084999,Not Toll,73,1,1,Parking Lot,7,2947336.54409573,1918520.77364776,41.90923181,-87.7759,,Urban,10,N,(N/A),Y,(N/A)
2020,2020-11-24,Tuesday,12,12:08 PM,Property Damage,No Injuries,0,0,0,0,0,2,Sideswipe Same Direction,12,N,N,Failing to Reduce Speed to Avoid Crash,Unable to Determine,Daylight,Snow,Wet,N,,,,,No Controls,No Controls,Y,2,41.8721456,-87.8044596,ok,(UNK),1,2006806,2020,,28,18,50000 and OVER,9,4295,Oak Park,C,Urban Other Principal Arte,,16,24,11095799,11,Cook,0,20,,,2,N,No,Free Flow,202001317519,City,1,20.19,Y,,,,(UNK),220302,(N/A),(UNK),No Defects,1,2,Other Principal Arterial,3,348,X002085000,Not Toll,73,1,1,"Divided, No Median Barrier",2,2939945.10356918,1904787.77783679,41.87213772,-87.8045,,Urban,3,N,(N/A),Y,(N/A)
2020,2020-11-25,Wednesday,03,03:38 AM,Property Damage,No Injuries,0,0,0,0,0,1,Parked Motor Vehicle,9,N,N,Cell Phone Use Other Than Texting,Failing to Reduce Speed to Avoid Crash,Darkness / Lighted Road,Rain,Wet,N,,,,,No Controls,No Controls,N,3,41.8946708,-87.7781985,ok,(UNK),1,2006827,2020,,45,28,50000 and OVER,9,4295,Oak Park,C,Urban Minor Arterial,,16,25,11095800,11,Cook,0,20,,,3,N,No,Free Flow,202001317520,City,5,3.97,N,,,,(UNK),220303,(N/A),(UNK),No Defects,1,2,Minor Arterial,4,1398,X002085001,Not Toll,73,1,1,Not Divided,1,2946869.33925405,1913194.43150668,41.89466291,-87.7782,,Urban,2,N,(N/A),Y,(N/A)
2020,2020-11-25,Wednesday,09,09:11 AM,Property Damage,No Injuries,0,0,0,0,0,1,Parked Motor Vehicle,9,N,N,Failing to Reduce Speed to Avoid Crash,Unable to Determine,Daylight,Rain,Wet,N,,,,,No Controls,No Controls,N,2,41.8793694,-87.7893312,ok,(UNK),1,2006829,2020,,28,18,50000 and OVER,9,4295,Oak Park,C,Urban Minor Collector,,16,25,11095801,11,Cook,0,20,,,3,N,No,Free Flow,202001317521,City,1,0.64,N,,,,(UNK),220304,(N/A),(UNK),No Defects,1,2,Minor Collector,6,2779,X002085003,Not Toll,73,1,1,Not Divided,1,2943992.72408332,1907534.08433828,41.87936152,-87.7893,,Urban,2,N,(N/A),Y,(N/A)
2020,2020-11-25,Wednesday,12,12:22 PM,Injury,A Injury Crash,1,0,1,0,0,1,Angle,15,N,N,Failing to Yield Right of Way,Improper Turning/No Signal,Daylight,Rain,Wet,N,,,,,No Controls,No Controls,N,2,41.8814447,-87.8027336,ok,(UNK),1,2006832,2020,,2,6,50000 and OVER,9,4295,Oak Park,C,Urban Major Collector,,16,25,11095802,11,Cook,3,20,,,3,N,No,Free Flow,202001317522,City,1,0.1,N,,,,(UNK),220305,(N/A),(UNK),No Defects,1,2,Major Collector,5,5,X002085004,Not Toll,73,1,1,"Divided, No Median Barrier",2,2940321.84032259,1908189.50229771,41.88143686,-87.8027,,Urban,2,N,(N/A),Y,(N/A)
2020,2020-10-26,Monday,04,04:37 AM,Property Damage,No Injuries,0,0,0,0,0,1,Fixed Object,6,N,N,Under Influence of Alcohol/Drugs,Improper Lane Usage,Darkness / Lighted Road,Freezing Rain,Wet,N,,,,,No Controls,No Controls,N,1,41.8942353,-87.8034192,ok,(UNK),1,2006136,2020,,8,20,50000 and OVER,9,4295,Oak Park,C,Urban Minor Arterial,,16,26,11095208,10,Cook,0,20,,,1,N,No,(UNK),202001317108,City,5,2.64,N,,,,(UNK),220308,(N/A),(UNK),No Defects,1,2,Minor Arterial,4,1398,X002084970,Not Toll,73,1,1,Not Divided,1,2940006.69189901,1912845.47142527,41.89422742,-87.8034,,Urban,10,N,(N/A),Y,(N/A)
2020,2020-11-28,Saturday,18,06:20 PM,Property Damage,No Injuries,0,0,0,0,0,2,Front to Front,14,N,N,Improper Backing,Failing to Reduce Speed to Avoid Crash,Darkness / Lighted Road,Clear,Dry,N,,,,,Stop Sign,Functioning Properly,N,2,41.8902157,-87.7948328,ok,(UNK),1,2006899,2020,,30,28,50000 and OVER,9,4295,Oak Park,C,Urban Local Road or Street,,16,28,11095810,11,Cook,0,20,,,6,N,No,Free Flow,202001317525,City,5,0.27,N,,,,(UNK),220377,(N/A),(UNK),No Defects,1,1,Local Road or Street,7,3060,X002084984,Not Toll,73,2,4,One-Way,10,2942385.09779698,1911445.1971004,41.89020781,-87.7948,,Urban,1,N,(N/A),Y,(N/A)
2020,2020-11-24,Tuesday,17,05:19 PM,Property Damage,No Injuries,0,0,0,0,0,1,Parked Motor Vehicle,9,N,N,Unable to Determine,Unable to Determine,Darkness / Lighted Road,Rain,Wet,N,,,,,No Controls,No Controls,Y,2,41.8916304,-87.7945976,ok,(UNK),1,2006816,2020,,18,18,50000 and OVER,9,4295,Oak Park,C,Urban Major Collector,,16,24,11095811,11,Cook,0,20,,,2,N,No,Free Flow,202001317526,City,5,5.31,N,,,,(UNK),220378,(N/A),(UNK),No Defects,1,2,Major Collector,5,2775,X002084985,Not Toll,73,1,1,Not Divided,1,2942434.87561541,1911962.53481155,41.89162258,-87.7946,,Urban,2,N,(N/A),Y,(N/A)
2020,2020-11-28,Saturday,07,07:09 AM,Property Damage,No Injuries,0,0,0,0,0,1,Fixed Object,6,N,N,Unable to Determine,(N/A),Unknown,Clear,Unknown,Y,,,,,Traffic Signal,Functioning Properly,Y,1,41.8884678,-87.7895934,ok,(UNK),1,2006888,2020,,18,99,50000 and OVER,9,4295,Oak Park,C,Urban Major Collector,,16,28,11095813,11,Cook,0,20,TRAFFIC SIGNAL/POLE,,6,N,No,Free Flow,202001317529,City,9,0,N,,,,(UNK),220379,(N/A),(UNK),No Defects,1,9,Major Collector,5,,X002084987,Not Toll,73,3,4,"Divided, No Median Barrier",2,2943829.42393834,1910847.7394367,41.88845994,-87.7896,,Urban,1,N,(N/A),Y,(N/A)
2020,2020-11-25,Wednesday,08,08:17 AM,Property Damage,No Injuries,0,0,0,0,0,1,Parked Motor Vehicle,9,N,N,Unable to Determine,Unable to Determine,Darkness,Unknown,Unknown,N,,,,,No Controls,No Controls,Y,2,41.8946231,-87.7807702,ok,(UNK),1,2006828,2020,,18,18,50000 and OVER,9,4295,Oak Park,C,Urban Minor Arterial,,16,25,11095900,11,Cook,0,20,,,3,N,No,Free Flow,202001317559,City,4,3.83,N,,,,(UNK),220551,(N/A),(UNK),No Defects,1,9,Minor Arterial,4,1398,X002084991,Not Toll,73,1,1,Not Divided,1,2946169.59625045,1913157.57873472,41.89461528,-87.7808,,Urban,9,N,(N/A),Y,(N/A)
2020,2020-11-23,Monday,18,06:45 PM,Property Damage,No Injuries,0,0,0,0,0,3,Front to Rear,11,N,N,Failing to Reduce Speed to Avoid Crash,Following Too Closely,Darkness / Lighted Road,Clear,Dry,N,,,,,Other Regualtory Sig,Functioning Properly,N,3,41.8735913,-87.8024305,ok,Partial Access Control,3,03-20-14686,2020,,28,3,50000 and OVER,9,4295,Oak Park,C,Urban InterState,,16,23,11096260,11,Cook,0,20,,,1,N,No,(UNK),202001317863,ISP,5,21.68,Y,,,,(UNK),220967,(N/A),(UNK),No Defects,1,1,InterState,1,9290,X002085621,Not Toll,73,10,4,Divided With Median Barrier,3,2940483.26140335,1905329.84211536,41.87358342,-87.8024,,Urban,1,N,(N/A),Y,(N/A)
2020,2020-11-21,Saturday,03,03:11 AM,Injury,B Injury Crash,1,0,0,1,0,1,Front to Rear,11,N,N,Failing to Reduce Speed to Avoid Crash,Following Too Closely,Darkness / Lighted Road,Clear,Dry,N,,,,,Other,Functioning Properly,N,2,41.8732022,-87.8015279,ok,Partial Access Control,3,03-20-14572,2020,,28,3,50000 and OVER,9,4295,Oak Park,C,Urban InterState,0,16,21,11097646,11,Cook,2,20,,,6,N,No,(UNK),202001319322,ISP,5,7.84,Y,,,,(UNK),221274,(N/A),(UNK),No Defects,1,1,InterState,1,290,X002086873,Not Toll,,13,4,Divided With Median Barrier,3,2940733.00233442,1905194.82085553,41.87319431,-87.8015,,Urban,1,N,(N/A),Y,(N/A)
2020,2020-11-21,Saturday,17,05:04 PM,Property Damage,No Injuries,0,0,0,0,0,3,Front to Rear,11,N,N,Following Too Closely,Failing to Reduce Speed to Avoid Crash,Darkness / Lighted Road,Clear,Dry,N,,,,,Traffic Signal,Functioning Properly,Y,2,41.8711776,-87.7784454,ok,Partial Access Control,3,03-20-14607,2020,,3,28,50000 and OVER,9,4295,Oak Park,C,Urban InterState,0,16,21,11098336,11,Cook,0,20,,,6,N,No,(UNK),202001320283,ISP,5,9,Y,,,,(UNK),222550,(N/A),(UNK),No Defects,1,1,InterState,1,290,X002087530,Not Toll,,3,4,Divided With Median Barrier,3,2947040.48966421,1904631.22261636,41.8711698,-87.7784,,Urban,1,N,(N/A),Y,(N/A)
2020,2020-12-02,Wednesday,19,07:47 PM,Property Damage,No Injuries,0,0,0,0,0,3,Front to Rear,11,N,N,Failing to Reduce Speed to Avoid Crash,Following Too Closely,Darkness / Lighted Road,Clear,Dry,N,,,,,Other Regualtory Sig,Functioning Properly,N,2,41.8731259,-87.8007054,ok,Partial Access Control,3,03-20-15097,2020,,28,3,50000 and OVER,9,4295,Oak Park,C,Urban InterState,0,16,2,11101761,12,Cook,0,20,,,3,N,No,(UNK),202001323778,ISP,5,7.88,Y,,,,(UNK),224145,(N/A),(UNK),No Defects,1,1,InterState,1,290,X002090460,Not Toll,,10,4,Divided With Median Barrier,3,2940957.78859751,1905173.2085608,41.87311806,-87.8007,,Urban,1,N,(N/A),Y,(N/A)
2020,2020-11-24,Tuesday,18,06:16 PM,Property Damage,No Injuries,0,0,0,0,0,4,Front to Rear,11,N,N,Failing to Reduce Speed to Avoid Crash,Weather,Darkness / Lighted Road,Rain,Wet,N,,,,,Other Regualtory Sig,Functioning Properly,N,2,41.8736002,-87.8025184,ok,Partial Access Control,3,03-20-14743,2020,,28,11,50000 and OVER,9,4295,Oak Park,C,Urban InterState,,16,24,11101756,11,Cook,0,20,,,2,N,No,(UNK),202001323773,ISP,5,21.67,Y,,,,(UNK),224297,(N/A),(UNK),No Defects,1,2,InterState,1,9290,X002090455,Not Toll,73,10,4,Divided With Median Barrier,3,2940459.21433289,1905332.45442536,41.8735924,-87.8025,,Urban,2,N,(N/A),Y,(N/A)
2020,2020-12-05,Saturday,13,01:27 PM,Property Damage,No Injuries,0,0,0,0,0,2,Sideswipe Same Direction,12,N,N,Driving Skills/Knowledge/Experience,Improper Lane Usage,Daylight,Clear,Dry,N,,,,,Other,Other,Y,2,41.87359,-87.8042388,ok,Partial Access Control,3,03-20-15193,2020,,15,20,50000 and OVER,9,4295,Oak Park,C,Urban InterState,8,16,5,11101693,12,Cook,0,20,,,6,N,No,(UNK),202001323710,ISP,1,0,Y,,,,(UNK),225176,(N/A),(UNK),No Defects,1,1,InterState,1,,X002090392,Not Toll,,13,7,Divided With Median Barrier,3,2939990.76233094,1905315.81589336,41.87358216,-87.8042,,Urban,1,N,(N/A),Y,(N/A)
2020,2020-12-04,Friday,10,10:59 AM,Property Damage,No Injuries,0,0,0,0,0,3,Sideswipe Same Direction,12,N,N,Improper Lane Usage,Failing to Reduce Speed to Avoid Crash,Daylight,Clear,Dry,Y,,,,,Traffic Signal,Functioning Properly,N,2,41.9015578,-87.8055281,ok,(UNK),1,2001232,2020,,20,28,50000 and OVER,9,4295,Oak Park,C,Urban Other Principal Arte,,16,4,11102992,12,Cook,0,20,,,5,N,No,(UNK),202001325097,City,1,27.54,Y,,,,(UNK),226298,(N/A),(UNK),No Defects,1,1,Other Principal Arterial,3,5043,X002091475,Not Toll,73,3,4,Other,8,2939359.00848788,1915498.12152468,41.90154994,-87.8055,,Urban,1,N,(N/A),Y,(N/A)
2020,2020-12-04,Friday,18,06:31 PM,Property Damage,No Injuries,0,0,0,0,0,2,Sideswipe Same Direction,12,N,N,Improper Lane Usage,Equipment-Vehicle Condition,Darkness / Lighted Road,Clear,Dry,N,,,,,Other,Functioning Properly,Y,2,41.8732852,-87.7996102,ok,Partial Access Control,3,03-20-15165,2020,,20,10,50000 and OVER,9,4295,Oak Park,C,Urban InterState,,16,4,11103113,12,Cook,0,20,,,5,N,No,(UNK),202001325249,ISP,5,21.81,Y,,,,(UNK),226973,(N/A),(UNK),No Defects,1,1,InterState,1,9290,X002091591,Not Toll,73,13,4,Divided With Median Barrier,3,2941254.5,1905239.5,41.87327739,-87.7996,,Urban,1,N,(N/A),Y,(N/A)
2020,2020-11-27,Friday,04,04:51 AM,Property Damage,No Injuries,0,0,0,0,0,1,Parked Motor Vehicle,9,N,N,Failing to Reduce Speed to Avoid Crash,Unable to Determine,Darkness / Lighted Road,Clear,Dry,N,,,,,No Controls,No Controls,N,2,41.895563,-87.7784164,ok,(UNK),1,2006871,2020,,28,18,50000 and OVER,9,4295,Oak Park,C,Urban Local Road or Street,,16,27,11107538,11,Cook,0,20,TREE,,5,N,No,(UNK),202001330441,City,5,0.19,N,,,,(UNK),227592,(N/A),(UNK),No Defects,1,1,Local Road or Street,7,2613,X002094839,Not Toll,73,1,1,Not Divided,1,2946800.94896591,1913517.93772524,41.89555518,-87.7784,,Urban,1,N,(N/A),Y,(N/A)
2020,2020-07-14,Tuesday,14,02:11 PM,Property Damage,No Injuries,0,0,0,0,0,2,Turning,10,N,N,Failing to Yield Right of Way,Driving Skills/Knowledge/Experience,Daylight,Clear,Dry,Y,,,,,Traffic Signal,Functioning Properly,N,2,41.8883279,-87.7846966,ok,(UNK),1,2003711,2020,,2,15,50000 and OVER,9,4295,Oak Park,C,Urban Major Collector,,16,14,11106374,7,Cook,0,20,,,2,N,No,Slow,202001328550,City,1,0,N,,,,(UNK),227614,(N/A),(UNK),No Defects,1,1,Major Collector,5,,X002093812,Not Toll,73,3,4,Not Divided,1,2945164.24272335,1910833.75856279,41.88832006,-87.7847,,Urban,1,N,(N/A),Y,(N/A)
2020,2020-12-11,Friday,20,08:30 PM,Property Damage,No Injuries,0,0,0,0,0,5,Turning,10,N,N,Failing to Yield Right of Way,Failing to Yield Right of Way,Darkness / Lighted Road,Rain,Wet,N,,,,,No Controls,No Controls,N,2,41.8754738,-87.8045809,ok,(UNK),1,20-03607,2020,,2,2,50000 and OVER,9,4295,Oak Park,C,Urban Other Principal Arte,,16,11,11107809,12,Cook,0,20,,,5,N,No,Free Flow,202001330740,City,5,19.96,Y,,,,(UNK),227748,(N/A),(UNK),No Defects,1,2,Other Principal Arterial,3,348,X002095100,Not Toll,73,1,1,"Divided, No Median Barrier",2,2939878.66669071,1905999.74996561,41.87546599,-87.8046,,Urban,2,N,(N/A),Y,(N/A)