crash_year,crash_date,day_of_week,crash_hour,time_of_crash,crash_severity,crash_injury_severity,total_injured,total_fatals,a_injuries,b_injuries,c_injuries,no_injuries,type_of_first_crash,collision_type_code,pedestrian_involved,pedalcyclist_involved,cause1,cause2,lighting_cond,weather_cond,road_surface_cond,intersection_related,is_intersection,highway_or_street_name,at_intersection_with,address_no,traffic_control_device,traffic_control_device_cond,hit_and_run,number_of_vehicles,latitude,longitude,location_status,access_control,agency_code,agency_report_number,agency_report_year,alignment_code,cause1_code,cause2_code,city_class,city_class_code,city_code,city_name,city_township_flag,class_of_trafficway,class_of_trafficway_code,county_code,crash_day,crash_id,crash_month,crash_report_county,crash_severity_cd,crash_yr_source,damaged_property1,damaged_property2,day_of_week_code,did_crash_occur_in_work_zone,did_involve_secondary_crash,flow_condition,icn,investigating_agency_descrip,light_condition_code,mile_station,nhs,non_intersection_direction,non_intersection_distance,non_intersection_units,number_of_lanes,objectid,railroad_crossing_number,road_alignment,road_defects,road_defects_code,road_surface_condition_code,roadway_functional_class,roadway_functional_class_code,route_number,sfe,toll,township,traffic_control_device_code,traffic_control_device_cond_code,trafficway_descrip,trafficway_description_code,ts_crash_coordinate_x,ts_crash_coordinate_y,ts_crash_latitude,ts_crash_longitude,type_report,urban_rural,weather_code,were_workers_present,work_zone,work_zone_related,work_zone_type
2020,2020-12-08,Tuesday,18,06:10 PM,Property Damage,No Injuries,0,0,0,0,0,2,Sideswipe Same Direction,12,N,N,Improper Lane Usage,Driving Skills/Knowledge/Experience,Darkness / Lighted Road,Clear,Dry,N,,,,,Other,Functioning Properly,N,2,41.8723735,-87.7890874,ok,(UNK),3,03-20-15298,2020,,20,15,50000 and OVER,9,4295,Oak Park,C,Rural (UNK),,16,8,11109189,12,Cook,0,20,,,2,N,No,(UNK),202001332086,ISP,5,22.36,N,,,,(UNK),229054,(N/A),(UNK),No Defects,1,1,(UNK),0,9290,X002096474,No Toll,73,13,4,Divided With Median Barrier,3,2944129.75930421,1904986.51649501,41.87236569,-87.7891,,Rural,1,N,(N/A),Y,(N/A)
2020,2020-11-30,Monday,10,10:09 AM,Property Damage,No Injuries,0,0,0,0,0,3,Angle,15,N,N,Disregarding Stop Sign,Failing to Yield Right of Way,Daylight,Clear,Dry,Y,,,,,Stop Sign,Functioning Properly,N,2,41.8781195,-87.7819227,ok,(UNK),1,2006928,2020,,23,2,50000 and OVER,9,4295,Oak Park,C,Urban Local Road or Street,,16,30,11108371,11,Cook,0,20,,,1,N,No,Slow,202001331283,City,1,0,N,,,,(UNK),229388,(N/A),(UNK),No Defects,1,1,Local Road or Street,7,,X002095657,Not Toll,73,2,4,Not Divided,1,2946023.01647597,1907134.61379513,41.87811165,-87.7819,,Urban,1,N,(N/A),Y,(N/A)
2020,2020-12-01,Tuesday,16,04:36 PM,Property Damage,No Injuries,0,0,0,0,0,1,Parked Motor Vehicle,9,N,N,Driving Skills/Knowledge/Experience,(N/A),Dusk,Clear,Dry,N,,,,,No Controls,No Controls,N,2,41.8733694,-87.7878955,ok,(UNK),1,2006956,2020,,15,99,50000 and OVER,9,4295,Oak Park,C,Urban Local Road or Street,,16,1,11108392,12,Cook,0,20,,,2,N,No,Slow,202001331304,City,3,0.44,N,,,,(UNK),229504,(N/A),(UNK),No Defects,1,1,Local Road or Street,7,2650,X002095677,Not Toll,73,1,1,"Divided, No Median Barrier",2,2944444.33401326,1905358.43946097,41.87336159,-87.7879,,Urban,1,N,(N/A),Y,(N/A)
2020,2020-12-09,Wednesday,10,10:15 AM,Property Damage,No Injuries,0,0,0,0,0,2,Front to Rear,11,N,N,Following Too Closely,Driving Skills/Knowledge/Experience,Daylight,Clear,Dry,N,,,,,Other,Functioning Properly,N,2,41.8464892,-87.8088678,outside_oak_park,(UNK),3,03-20-15322,2020,,3,15,50000 and OVER,9,4295,Oak Park,C,Rural (UNK),,16,9,11106763,12,Cook,0,20,,,3,N,No,(UNK),202001329254,ISP,1,0,N,,,,(UNK),229550,(N/A),(UNK),No Defects,1,1,(UNK),0,,X002094136,No Toll,,13,4,Divided With Median Barrier,3,2939001.32368845,1895405.12748777,41.84648132,-87.8089,,Rural,1,N,(N/A),Y,(N/A)
2020,2020-12-02,Wednesday,07,07:45 AM,Injury,B Injury Crash,1,0,0,1,0,1,Angle,15,N,N,Failing to Yield Right of Way,Unable to Determine,Daylight,Clear,Dry,Y,,,,,Stop Sign,Functioning Properly,N,2,41.87445,-87.7842756,ok,(UNK),1,2006968,2020,,2,18,50000 and OVER,9,4295,Oak Park,C,Urban Major Collector,,16,2,11108404,12,Cook,2,20,,,3,N,No,Free Flow,202001331316,City,1,0,N,,,,(UNK),229655,(N/A),(UNK),No Defects,1,1,Major Collector,5,,X002095689,Not Toll,73,2,4,Not Divided,1,2945419.36031814,1905779.58011205,41.87444216,-87.7843,,Urban,1,N,(N/A),Y,(N/A)
2020,2020-11-25,Wednesday,14,02:55 PM,Property Damage,No Injuries,0,0,0,0,0,1,Parked Motor Vehicle,9,N,N,Failing to Reduce Speed to Avoid Crash,(N/A),Daylight,Rain,Wet,N,,,,,No Controls,No Controls,Y,2,41.8801476,-87.7752032,ok,(UNK),1,2006841,2020,,28,99,50000 and OVER,9,4295,Oak Park,C,Urban Minor Arterial,,16,25,11110146,11,Cook,0,20,,,3,N,No,Free Flow,202001332971,City,1,0,N,,,,(UNK),231000,(N/A),(UNK),No Defects,1,2,Minor Arterial,4,,X002094727,Not Toll,73,1,1,"Divided, No Median Barrier",2,2947832.45769703,1907924.65095865,41.88013978,-87.7752,,Urban,2,N,(N/A),Y,(N/A)
2020,2020-12-15,Tuesday,08,08:20 AM,Property Damage,No Injuries,0,0,0,0,0,2,Front to Rear,11,N,N,Following Too Closely,Driving Skills/Knowledge/Experience,Daylight,Clear,Dry,N,,,,,Other Warning Sign,Functioning Properly,Y,2,41.8710794,-87.7768778,ok,Partial Access Control,3,03-20-15646,2020,,3,15,50000 and OVER,9,4295,Oak Park,C,Urban InterState,,16,15,11113081,12,Cook,0,20,,,2,N,No,(UNK),202001337149,ISP,1,9.08,Y,,,,(UNK),231996,(N/A),(UNK),No Defects,1,1,InterState,1,290,X002099838,Not Toll,,11,4,Divided With Median Barrier,3,2947468.46378913,1904607.30033505,41.87107153,-87.7769,,Urban,1,N,(N/A),Y,(N/A)
2020,2020-12-10,Thursday,02,02:41 AM,Property Damage,No Injuries,0,0,0,0,0,2,Sideswipe Same Direction,12,N,N,Failing to Reduce Speed to Avoid Crash,Improper Lane Usage,Darkness / Lighted Road,Clear,Dry,N,,,,,Other,Functioning Properly,Y,2,41.870965,-87.7749848,ok,Partial Access Control,3,03-20-15355,2020,,28,20,50000 and OVER,9,4295,Oak Park,C,Urban InterState,,16,10,11111575,12,Cook,0,20,,,4,N,No,(UNK),202001335011,ISP,5,9.18,Y,,,,(UNK),232400,(N/A),(UNK),No Defects,1,1,InterState,1,290,X002098428,Not Toll,,13,4,Divided With Median Barrier,3,2947985.22113124,1904579.9757331,41.87095712,-87.775,,Urban,1,N,(N/A),Y,(N/A)
2020,2020-12-18,Friday,19,07:40 PM,Property Damage,No Injuries,0,0,0,0,0,1,Other Non-Collision,8,N,N,Equipment-Vehicle Condition,(N/A),Darkness / Lighted Road,Clear,Dry,N,,,,,No Controls,No Controls,Y,1,41.8712587,-87.7748432,ok,Partial Access Control,3,03-20-15797,2020,,10,99,50000 and OVER,9,4295,Oak Park,C,Urban InterState,,16,18,11115333,12,Cook,0,20,,,5,N,No,(UNK),202001340145,ISP,5,23.06,Y,,,,(UNK),233567,(N/A),(UNK),No Defects,1,1,InterState,1,9290,X002101908,Not Toll,73,1,1,Not Divided,1,2948020.80647292,1904688.08256275,41.87125082,-87.7748,,Urban,1,N,(N/A),Y,(N/A)
2020,2020-12-19,Saturday,12,12:32 PM,Property Damage,No Injuries,0,0,0,0,0,3,Front to Rear,11,N,N,Failing to Reduce Speed to Avoid Crash,Following Too Closely,Daylight,Clear,Dry,N,,,,,Other,Functioning Properly,N,2,41.8715096,-87.7788638,ok,Partial Access Control,3,03-20-15836,2020,,28,3,50000 and OVER,9,4295,Oak Park,C,Urban InterState,,16,19,11115858,12,Cook,0,20,,,6,N,No,(UNK),202001340617,ISP,1,22.86,Y,,,,(UNK),233907,(N/A),(UNK),No Defects,1,1,InterState,1,9290,X002102289,Not Toll,73,13,4,Divided With Median Barrier,3,2946923.15785997,1904749.0343461,41.87150179,-87.7789,,Urban,1,N,(N/A),Y,(N/A)
2020,2020-12-09,Wednesday,08,08:16 AM,Property Damage,No Injuries,0,0,0,0,0,3,Sideswipe Same Direction,12,N,N,Improper Lane Usage,(N/A),Daylight,Clear,Dry,N,,,,,Other Regualtory Sig,Functioning Properly,N,3,41.8712874,-87.7797283,ok,Partial Access Control,3,03-20-15317,2020,,20,99,50000 and OVER,9,4295,Oak Park,C,Urban InterState,,16,9,11117593,12,Cook,0,20,,,3,N,No,(UNK),202001341570,ISP,1,22.81,Y,,,,(UNK),235037,(N/A),(UNK),No Defects,1,1,InterState,1,9290,X002103119,Not Toll,,10,4,Divided With Median Barrier,3,2946689.92753127,1904661.48199258,41.87127952,-87.7797,,Urban,1,N,(N/A),Y,(N/A)
2020,2020-12-21,Monday,17,05:00 PM,Property Damage,No Injuries,0,0,0,0,0,5,Front to Rear,11,N,N,Following Too Closely,(N/A),Darkness / Lighted Road,Cloudy/Overcast,Dry,Y,,,,,No Controls,No Controls,N,3,41.8854023,-87.8049247,ok,(UNK),1,20-03719,2020,,3,99,50000 and OVER,9,4295,Oak Park,C,Urban Other Principal Arte,,16,21,11118017,12,Cook,0,20,,,1,N,Yes,Stopped,202001342138,City,5,26.42,Y,,,,(UNK),236104,(N/A),(UNK),No Defects,1,1,Other Principal Arterial,3,5043,X002103486,Not Toll,73,1,1,Not Divided,1,2939685.40899638,1909615.26854515,41.88539442,-87.8049,,Urban,8,N,(N/A),Y,(N/A)
2020,2020-12-22,Tuesday,22,10:26 PM,Property Damage,No Injuries,0,0,0,0,0,4,Front to Rear,11,N,N,Failing to Reduce Speed to Avoid Crash,Following Too Closely,Darkness / Lighted Road,Clear,Dry,N,,,,,Other,Functioning Properly,Y,3,41.8731888,-87.8013886,ok,Partial Access Control,3,03-20-16003,2020,,28,3,50000 and OVER,9,4295,Oak Park,C,Urban InterState,,16,22,11119439,12,Cook,0,20,,,2,N,No,(UNK),202001344114,ISP,5,7.85,Y,,,,(UNK),236634,(N/A),(UNK),No Defects,1,1,InterState,1,290,X002104831,Not Toll,,13,4,Divided With Median Barrier,3,2940771.08009396,1905190.99889662,41.87318096,-87.8014,,Urban,1,N,(N/A),Y,(N/A)
2020,2020-12-02,Wednesday,12,12:13 PM,Property Damage,No Injuries,0,0,0,0,0,2,Sideswipe Same Direction,12,N,N,Failing to Yield Right of Way,Unable to Determine,Daylight,Clear,Dry,N,,,,,No Controls,No Controls,N,2,41.8947127,-87.7755613,ok,(UNK),1,2006976,2020,,2,18,50000 and OVER,9,4295,Oak Park,C,Urban Minor Arterial,,16,2,11120557,12,Cook,0,20,,,3,N,No,Free Flow,202001345637,City,1,4.11,N,,,,(UNK),236760,(N/A),(UNK),No Defects,1,1,Minor Arterial,4,1398,X002105919,Not Toll,73,1,1,Not Divided,1,2947586.9539539,1913229.73112422,41.89470487,-87.7756,,Urban,1,N,(N/A),Y,(N/A)
2020,2020-12-14,Monday,17,05:32 PM,Property Damage,No Injuries,0,0,0,0,0,3,Front to Rear,11,N,N,Improper Lane Usage,Following Too Closely,Darkness / Lighted Road,Clear,Dry,N,,,,,Traffic Signal,Functioning Properly,N,3,41.8735646,-87.8039896,ok,Partial Access Control,3,03-20-15621,2020,,20,3,50000 and OVER,9,4295,Oak Park,C,Urban InterState,,16,14,11119849,12,Cook,0,20,,,1,N,No,(UNK),202001344772,ISP,5,0,Y,,,,(UNK),236880,(N/A),(UNK),No Defects,1,1,InterState,1,,X002105225,Not Toll,,3,4,Divided With Median Barrier,3,2940058.87206096,1905308.4106162,41.87355672,-87.804,,Urban,1,N,(N/A),Y,(N/A)
2020,2020-12-23,Wednesday,12,12:45 PM,Property Damage,No Injuries,0,0,0,0,0,2,Sideswipe Same Direction,12,N,N,Failing to Yield Right of Way,(N/A),Daylight,Clear,Dry,N,,,,,Delineators,Functioning Properly,Y,2,41.8835215,-87.804861,ok,(UNK),1,20-03736,2020,,2,99,50000 and OVER,9,4295,Oak Park,C,Urban Other Principal Arte,,16,23,11120016,12,Cook,0,20,,,3,N,No,Slow,202001344961,City,1,19.41,Y,,,,(UNK),237565,(N/A),(UNK),Worn Surface,8,1,Other Principal Arterial,3,348,X002105383,Not Toll,73,14,4,"Divided, No Median Barrier",2,2939721.64515661,1908930.34850304,41.88351362,-87.8049,,Urban,1,N,(N/A),N,(N/A)
2020,2020-12-22,Tuesday,11,11:27 AM,Property Damage,No Injuries,0,0,0,0,0,3,Front to Rear,11,N,N,Failing to Reduce Speed to Avoid Crash,(N/A),Daylight,Cloudy/Overcast,Dry,N,,,,,Other Regualtory Sig,Functioning Properly,Y,3,41.8726984,-87.7947121,ok,Partial Access Control,3,03-20-15979,2020,,28,99,50000 and OVER,9,4295,Oak Park,C,Urban InterState,,16,22,11121268,12,Cook,0,20,,,2,N,No,(UNK),202001346436,ISP,1,22.04,Y,,,,(UNK),238266,(N/A),(UNK),No Defects,1,1,InterState,1,9290,X002106635,Not Toll,73,10,4,Divided With Median Barrier,3,2942594.5,1905062.5,41.87269057,-87.7947,,Urban,8,N,(N/A),Y,(N/A)
2020,2020-12-06,Sunday,09,09:48 AM,Property Damage,No Injuries,0,0,0,0,0,2,Turning,10,N,N,Failing to Yield Right of Way,Unable to Determine,Daylight,Other,Wet,Y,,,,,Stop Sign,Functioning Properly,N,2,41.8946279,-87.7799856,ok,(UNK),1,2007063,2020,,2,18,50000 and OVER,9,4295,Oak Park,C,Urban Minor Arterial,,16,6,11120484,12,Cook,0,20,,,7,N,No,Slow,202001345463,City,1,0,N,,,,(UNK),238885,(N/A),(UNK),No Defects,1,2,Minor Arterial,4,,X002105853,Not Toll,73,2,4,Not Divided,1,2946383.17097906,1913165.2457486,41.89462,-87.78,,Urban,7,N,(N/A),Y,(N/A)
2020,2020-12-18,Friday,19,07:00 PM,Property Damage,No Injuries,0,0,0,0,0,2,Front to Rear,11,N,N,Failing to Reduce Speed to Avoid Crash,Following Too Closely,Darkness / Lighted Road,Clear,Dry,N,,,,,No Controls,No Controls,N,2,41.8709425,-87.7745917,ok,Partial Access Control,3,03-20-16123,2020,,28,3,50000 and OVER,9,4295,Oak Park,C,Urban InterState,,16,18,11122015,12,Cook,0,20,,,5,N,No,(UNK),202001347168,ISP,5,9.2,Y,,,,(UNK),239062,(N/A),(UNK),No Defects,1,1,InterState,1,290,X002107374,Not Toll,,1,1,Divided With Median Barrier,3,2948092.52262809,1904574.75720278,41.87093461,-87.7746,,Urban,1,N,(N/A),Y,(N/A)
2020,2020-12-26,Saturday,17,05:17 PM,Property Damage,No Injuries,0,0,0,0,0,5,Front to Rear,11,N,N,Following Too Closely,Failing to Reduce Speed to Avoid Crash,Darkness / Lighted Road,Clear,Dry,N,,,,,Delineators,Functioning Properly,N,2,41.8734804,-87.8014174,ok,Partial Access Control,3,03-20-16128,2020,,3,28,50000 and OVER,9,4295,Oak Park,C,Urban InterState,,16,26,11122021,12,Cook,0,20,,,6,N,No,(UNK),202001347174,ISP,5,21.73,Y,,,,(UNK),239097,(N/A),(UNK),No Defects,1,1,InterState,1,9290,X002107380,Not Toll,73,14,4,Divided With Median Barrier,3,2940760.29994155,1905297.04337549,41.87347255,-87.8014,,Urban,1,N,(N/A),Y,(N/A)
2020,2020-12-28,Monday,15,03:05 PM,Property Damage,No Injuries,0,0,0,0,0,2,Front to Rear,11,N,N,Failing to Reduce Speed to Avoid Crash,Following Too Closely,Daylight,Clear,Dry,N,,,,,Other Regualtory Sig,Functioning Properly,N,2,41.8737643,-87.8043816,ok,Partial Access Control,3,03-20-16242,2020,,28,3,50000 and OVER,9,4295,Oak Park,C,Urban InterState,,16,28,11125671,12,Cook,0,20,,,1,N,No,(UNK),202001351563,ISP,1,21.59,Y,,,,(UNK),240160,(N/A),(UNK),No Defects,1,1,InterState,1,9290,X002110740,Not Toll,73,10,4,Divided With Median Barrier,3,2939950.11690885,1905378.26486129,41.87375647,-87.8044,,Urban,1,N,(N/A),Y,(N/A)
2020,2020-12-28,Monday,17,05:11 PM,Property Damage,No Injuries,0,0,0,0,0,3,Front to Rear,11,N,N,Following Too Closely,Failing to Reduce Speed to Avoid Crash,Darkness / Lighted Road,Clear,Dry,N,,,,,Delineators,Functioning Properly,N,2,41.8718061,-87.7857077,ok,Partial Access Control,3,03-20-16207,2020,,3,28,50000 and OVER,9,4295,Oak Park,C,Urban InterState,,16,28,11123860,12,Cook,0,20,,,1,N,No,(UNK),202001349281,ISP,5,8.63,Y,,,,(UNK),240400,(N/A),(UNK),No Defects,1,1,InterState,1,290,X002109092,Not Toll,,14,4,Divided With Median Barrier,3,2945056.05149202,1904805.25952371,41.87179825,-87.7857,,Urban,1,N,(N/A),Y,(N/A)
2020,2020-12-27,Sunday,17,05:00 PM,Property Damage,No Injuries,0,0,0,0,0,2,Sideswipe Same Direction,12,N,N,Failing to Yield Right of Way,(N/A),Daylight,Clear,Dry,N,,,,,Traffic Signal,Functioning Properly,N,2,41.8652358,-87.8042221,ok,(UNK),1,20-03769,2020,,2,99,50000 and OVER,9,4295,Oak Park,C,Urban Other Principal Arte,,16,27,11125740,12,Cook,0,20,,,7,N,No,Slow,202001351693,City,1,20.68,Y,,,,(UNK),240509,(N/A),(UNK),No Defects,1,1,Other Principal Arterial,3,348,X002110804,Not Toll,73,3,4,Divided With Median Barrier,3,2940079.12800831,1902271.51386355,41.86522794,-87.8042,,Urban,1,N,(N/A),Y,(N/A)
2020,2020-12-26,Saturday,17,05:04 PM,Property Damage,No Injuries,0,0,0,0,0,3,Front to Rear,11,N,N,Failing to Reduce Speed to Avoid Crash,Unable to Determine,Darkness / Lighted Road,Clear,Dry,N,,,,,Other Regualtory Sig,Functioning Properly,Y,2,41.8737266,-87.8039534,ok,Partial Access Control,3,03-20-16126,2020,,28,18,50000 and OVER,9,4295,Oak Park,C,Urban InterState,,16,26,11126281,12,Cook,0,20,,,6,N,No,(UNK),202001352466,ISP,5,21.61,Y,,,,(UNK),240970,(N/A),(UNK),No Defects,1,1,InterState,1,9290,X002111332,Not Toll,73,10,4,Divided With Median Barrier,3,2940067.11880982,1905367.73035294,41.87371875,-87.8039,,Urban,1,N,(N/A),Y,(N/A)
2020,2020-12-29,Tuesday,16,04:37 PM,Injury,B Injury Crash,1,0,0,1,0,0,Fixed Object,6,N,N,Improper Lane Usage,(N/A),Darkness / Lighted Road,Snow,Snow or Slush,N,,,,,Other,Functioning Properly,N,1,41.8712531,-87.7792248,ok,Partial Access Control,3,03-20-16258,2020,,20,99,50000 and OVER,9,4295,Oak Park,C,Urban InterState,,16,29,11126284,12,Cook,2,20,,,2,N,No,(UNK),202001352469,ISP,5,22.84,Y,,,,(UNK),240994,(N/A),(UNK),No Defects,1,3,InterState,1,9290,X002111335,Not Toll,73,13,4,Divided With Median Barrier,3,2946827.44082511,1904652.7982776,41.87124522,-87.7792,,Urban,3,N,(N/A),Y,(N/A)
2020,2020-12-02,Wednesday,21,09:00 PM,Injury,A Injury Crash,1,0,1,0,0,1,Pedestrian,1,Y,N,Unable to Determine,Unable to Determine,Darkness / Lighted Road,Clear,Dry,N,,,,,No Controls,No Controls,Y,1,41.888079,-87.776557,ok,(UNK),1,2006997,2020,,18,18,50000 and OVER,9,4295,Oak Park,C,Urban Major Collector,,16,2,11124416,12,Cook,3,20,,,3,N,No,Free Flow,202001350166,City,5,0,N,,,,(UNK),241086,(N/A),(UNK),No Defects,1,1,Major Collector,5,,X002109577,Not Toll,73,1,1,Not Divided,1,2947383.2269339,1910804.72159324,41.88807116,-87.7766,,Urban,1,N,(N/A),Y,(N/A)
2020,2020-12-11,Friday,18,06:31 PM,Property Damage,No Injuries,0,0,0,0,0,2,Angle,15,N,N,Failing to Reduce Speed to Avoid Crash,Weather,Darkness / Lighted Road,Rain,Wet,Y,,,,,Stop Sign,Functioning Properly,N,2,41.8982829,-87.7801151,ok,(UNK),1,2007206,2020,,28,11,50000 and OVER,9,4295,Oak Park,C,Urban Local Road or Street,,16,11,11130053,12,Cook,0,20,,,5,N,No,Free Flow,202001354808,City,5,0,N,,,,(UNK),242642,(N/A),(UNK),No Defects,1,2,Local Road or Street,7,,X002110427,Not Toll,73,2,4,Not Divided,1,2946310.85536858,1914496.23659605,41.89827505,-87.7801,,Urban,2,N,(N/A),Y,(N/A)
2020,2020-12-25,Friday,18,06:09 PM,Property Damage,No Injuries,0,0,0,0,0,3,Front to Rear,11,N,N,Failing to Reduce Speed to Avoid Crash,Following Too Closely,Darkness,Clear,Dry,N,,,,,Traffic Signal,Functioning Properly,Y,2,41.8797802,-87.7893417,ok,(UNK),1,2007551,2020,,28,3,50000 and OVER,9,4295,Oak Park,C,Urban Minor Arterial,,16,25,11130058,12,Cook,0,20,,,5,N,No,Stopped,202001354814,City,4,0.6,N,,,,(UNK),242643,(N/A),(UNK),No Defects,1,1,Minor Arterial,4,2779,X002110502,Not Toll,73,3,4,Not Divided,1,2943985.6998235,1907683.7224908,41.87977236,-87.7893,,Urban,1,N,(N/A),Y,(N/A)
2020,2020-12-28,Monday,16,04:22 PM,Property Damage,No Injuries,0,0,0,0,0,1,Fixed Object,6,N,N,Failing to Reduce Speed to Avoid Crash,Unable to Determine,Dusk,Clear,Dry,Y,,,,,No Controls,No Controls,N,1,41.8800453,-87.781204,ok,(UNK),1,2007606,2020,,28,18,50000 and OVER,9,4295,Oak Park,C,Urban Minor Arterial,,16,28,11130059,12,Cook,0,20,"TREE, METAL PIPE",,1,N,No,Free Flow,202001354815,City,3,0.26,N,,,,(UNK),242644,(N/A),(UNK),No Defects,1,1,Minor Arterial,4,2630,X002110505,Not Toll,73,1,1,Not Divided,1,2946199.23603604,1907841.85941907,41.88003747,-87.7812,,Urban,1,N,(N/A),Y,(N/A)
2020,2020-12-04,Friday,17,05:25 PM,Property Damage,No Injuries,0,0,0,0,0,4,Sideswipe Same Direction,12,N,N,Improper Lane Usage,Unable to Determine,Darkness / Lighted Road,Clear,Dry,N,,,,,Traffic Signal,Functioning Properly,N,3,41.908647,-87.8057752,ok,(UNK),1,2007042,2020,,20,18,50000 and OVER,9,4295,Oak Park,C,Urban Other Principal Arte,,16,4,11130133,12,Cook,0,20,,,5,N,Yes,Slow,202001354856,City,5,17.67,Y,,,,(UNK),242825,(N/A),(UNK),No Defects,1,1,Other Principal Arterial,3,348,X002110400,Not Toll,73,3,4,Two-way Continuous Left-Tur,4,2939220.5928273,1918079.71509938,41.90863916,-87.8058,,Urban,1,N,(N/A),Y,(N/A)
2020,2020-12-28,Monday,01,01:25 AM,Property Damage,No Injuries,0,0,0,0,0,2,Front to Rear,11,N,N,Improper Overtaking/Passing,Failing to Reduce Speed to Avoid Crash,Darkness,Clear,Dry,N,,,,,No Controls,Functioning Properly,N,2,41.8733652,-87.803228,ok,Partial Access Control,3,03-20-16170,2020,,4,28,50000 and OVER,9,4295,Oak Park,C,Urban InterState,,16,28,11130477,12,Cook,0,20,,,1,N,No,(UNK),202001355239,ISP,4,7.76,Y,,,,(UNK),242978,(N/A),(UNK),No Defects,1,1,InterState,1,290,X002113690,Not Toll,,1,4,Divided With Median Barrier,3,2940268.32240706,1905241.46702345,41.87335733,-87.8032,,Urban,1,N,(N/A),Y,(N/A)
2020,2020-12-29,Tuesday,22,10:27 PM,Property Damage,No Injuries,0,0,0,0,0,3,Front to Rear,11,N,N,Unable to Determine,Weather,Darkness / Lighted Road,Snow,Snow or Slush,N,,,,,Other Warning Sign,Functioning Properly,Y,2,41.8914409,-87.8051382,ok,(UNK),1,2001305,2020,,18,11,50000 and OVER,9,4295,Oak Park,C,Urban Other Principal Arte,,16,29,11130173,12,Cook,0,20,,,2,N,Yes,Slow,202001354889,City,5,18.86,Y,,,,(UNK),242994,(N/A),(UNK),No Defects,1,3,Other Principal Arterial,3,348,X002110637,Not Toll,73,11,4,"Divided, No Median Barrier",2,2939566.69401988,1911814.24421531,41.89143301,-87.8051,,Urban,3,N,(N/A),Y,(N/A)
2020,2020-12-18,Friday,23,11:08 PM,Property Damage,No Injuries,0,0,0,0,0,2,Turning,10,N,N,Improper Overtaking/Passing,Failing to Reduce Speed to Avoid Crash,Darkness / Lighted Road,Clear,Dry,Y,,,,,No Controls,No Controls,Y,2,41.8706375,-87.7939369,ok,(UNK),1,2007398,2020,,4,28,50000 and OVER,9,4295,Oak Park,C,Urban Major Collector,,16,18,11129733,12,Cook,0,20,,,5,N,No,Slow,202001354554,City,5,0,N,,,,(UNK),243409,(N/A),(UNK),No Defects,1,1,Major Collector,5,,X002110465,Not Toll,73,1,1,"Divided, No Median Barrier",2,2942826.40921924,1904317.31036575,41.87062967,-87.7939,,Urban,1,N,(N/A),Y,(N/A)
2020,2020-12-20,Sunday,21,09:23 PM,Injury,B Injury Crash,2,0,0,1,1,0,Parked Motor Vehicle,9,N,N,Texting,Failing to Reduce Speed to Avoid Crash,Darkness / Lighted Road,Clear,Dry,N,,,,,No Controls,No Controls,N,3,41.894682,-87.7775901,ok,(UNK),1,2007439,2020,,44,28,50000 and OVER,9,4295,Oak Park,C,Urban Minor Arterial,,16,20,11129734,12,Cook,2,20,,,7,N,No,(UNK),202001354555,City,5,4,N,,,,(UNK),243410,(N/A),(UNK),No Defects,1,1,Minor Arterial,4,1398,X002110466,Not Toll,73,1,1,Not Divided,1,2947034.86004818,1913203.15144796,41.89467418,-87.7776,,Urban,1,N,(N/A),Y,(N/A)
2020,2020-12-20,Sunday,17,05:16 PM,Injury,B Injury Crash,1,0,0,1,0,1,Pedestrian,1,Y,N,Following Too Closely,(N/A),Darkness,Clear,Dry,N,,,,,No Controls,No Controls,N,1,41.9084216,-87.796522,ok,(UNK),1,2007434,2020,,3,99,50000 and OVER,9,4295,Oak Park,C,Urban Local Road or Street,,16,20,11129735,12,Cook,2,20,,,7,N,No,Free Flow,202001354556,City,4,0.04,N,,,,(UNK),243411,(N/A),(UNK),No Defects,1,1,Local Road or Street,7,2683,X002110467,Not Toll,73,1,1,Not Divided,1,2941741.74154195,1918067.06718239,41.90841373,-87.7965,,Urban,1,N,(N/A),Y,(N/A)
2020,2020-12-18,Friday,18,06:52 PM,Property Damage,No Injuries,0,0,0,0,0,2,Angle,15,N,N,Failing to Yield Right of Way,(N/A),Darkness / Lighted Road,Clear,Dry,Y,,,,,Stop Sign,Functioning Properly,Y,2,41.8668753,-87.8004433,ok,(UNK),1,2007391,2020,,2,99,50000 and OVER,9,4295,Oak Park,C,Urban Local Road or Street,,16,18,11129738,12,Cook,0,20,,,5,N,No,Stopped,202001354558,City,5,0,N,,,,(UNK),243412,(N/A),(UNK),No Defects,1,1,Local Road or Street,7,,X002110470,Not Toll,73,2,4,Four Way,14,2941091.9941751,1902897.33081795,41.86686741,-87.8004,,Urban,1,N,(N/A),Y,(N/A)
2020,2020-12-21,Monday,18,06:43 PM,Property Damage,No Injuries,0,0,0,0,0,2,Fixed Object,6,N,N,Failing to Reduce Speed to Avoid Crash,Disregarding Other Traffic Signs,Darkness / Lighted Road,Rain,Wet,Y,,,,,Other,Functioning Properly,N,1,41.8869836,-87.7846457,ok,(UNK),1,2007462,2020,,28,24,50000 and OVER,9,4295,Oak Park,C,Urban Major Collector,,16,21,11129742,12,Cook,0,20,TRAIN BRIDGE,,1,N,No,Free Flow,202001354562,City,5,0,N,,,,(UNK),243414,(N/A),(UNK),No Defects,1,2,Major Collector,5,,X002110474,Not Toll,73,13,4,Divided With Median Barrier,3,2945191.71046751,1910344.23804662,41.88697571,-87.7846,,Urban,2,N,(N/A),Y,(N/A)