crash_year,crash_date,day_of_week,crash_hour,time_of_crash,crash_severity,crash_injury_severity,total_injured,total_fatals,a_injuries,b_injuries,c_injuries,no_injuries,type_of_first_crash,collision_type_code,pedestrian_involved,pedalcyclist_involved,cause1,cause2,lighting_cond,weather_cond,road_surface_cond,intersection_related,is_intersection,highway_or_street_name,at_intersection_with,address_no,traffic_control_device,traffic_control_device_cond,hit_and_run,number_of_vehicles,latitude,longitude,location_status,access_control,agency_code,agency_report_number,agency_report_year,alignment_code,cause1_code,cause2_code,city_class,city_class_code,city_code,city_name,city_township_flag,class_of_trafficway,class_of_trafficway_code,county_code,crash_day,crash_id,crash_month,crash_report_county,crash_severity_cd,crash_yr_source,damaged_property1,damaged_property2,day_of_week_code,did_crash_occur_in_work_zone,did_involve_secondary_crash,flow_condition,icn,investigating_agency_descrip,light_condition_code,mile_station,nhs,non_intersection_direction,non_intersection_distance,non_intersection_units,number_of_lanes,objectid,railroad_crossing_number,road_alignment,road_defects,road_defects_code,road_surface_condition_code,roadway_functional_class,roadway_functional_class_code,route_number,sfe,toll,township,traffic_control_device_code,traffic_control_device_cond_code,trafficway_descrip,trafficway_description_code,ts_crash_coordinate_x,ts_crash_coordinate_y,ts_crash_latitude,ts_crash_longitude,type_report,urban_rural,weather_code,were_workers_present,work_zone,work_zone_related,work_zone_type
2020,2020-12-22,Tuesday,10,10:51 AM,Property Damage,No Injuries,0,0,0,0,0,2,Sideswipe Same Direction,12,N,N,Failing to Reduce Speed to Avoid Crash,Unable to Determine,Daylight,Clear,Dry,N,,,,,No Controls,No Controls,N,2,41.8734731,-87.7940288,ok,(UNK),1,2007476,2020,,28,18,50000 and OVER,9,4295,Oak Park,C,Urban Major Collector,,16,22,11129747,12,Cook,0,20,,,2,N,No,Free Flow,202001354567,City,1,6.58,N,,,,(UNK),243464,(N/A),(UNK),No Defects,1,1,Major Collector,5,2775,X002110479,Not Toll,73,1,1,Not Divided,1,2942772.79219122,1905349.9504509,41.87346524,-87.794,,Urban,1,N,(N/A),Y,(N/A)
2020,2020-12-23,Wednesday,10,10:55 AM,Injury,B Injury Crash,1,0,0,1,0,1,Angle,15,N,N,Failing to Yield Right of Way,Failing to Reduce Speed to Avoid Crash,Daylight,Cloudy/Overcast,Dry,N,,,,,No Controls,No Controls,N,3,41.8804863,-87.7795594,ok,(UNK),1,2007500,2020,,2,28,50000 and OVER,9,4295,Oak Park,C,Urban Local Road or Street,,16,23,11129750,12,Cook,2,20,,,3,N,Yes,Free Flow,202001354569,City,1,0.52,N,,,,(UNK),243465,(N/A),(UNK),No Defects,1,1,Local Road or Street,7,3794,X002110482,Not Toll,73,1,1,Not Divided,1,2946642.67100971,1908015.03229193,41.88047847,-87.7796,,Urban,8,N,(N/A),Y,(N/A)
2020,2020-12-07,Monday,17,05:14 PM,Property Damage,No Injuries,0,0,0,0,0,2,Turning,10,N,N,Failing to Yield Right of Way,Failing to Reduce Speed to Avoid Crash,Darkness / Lighted Road,Clear,Dry,Y,,,,,Traffic Signal,Functioning Properly,N,2,41.8736416,-87.8045257,ok,Partial Access Control,1,2007093,2020,,2,28,50000 and OVER,9,4295,Oak Park,C,Urban InterState,,16,7,11129753,12,Cook,0,20,,,1,N,No,Slow,202001354572,City,5,25.61,Y,,,,(UNK),243466,(N/A),(UNK),No Defects,1,1,InterState,1,5043,X002110408,Not Toll,73,3,4,Other,8,2939912.09284156,1905332.46583535,41.87363376,-87.8045,,Urban,1,N,(N/A),Y,(N/A)
2020,2020-12-07,Monday,12,12:28 PM,Property Damage,No Injuries,0,0,0,0,0,1,Other Object,7,N,N,Failing to Reduce Speed to Avoid Crash,Unable to Determine,Daylight,Cloudy/Overcast,Dry,N,,,,,No Controls,No Controls,N,1,41.8753661,-87.8030727,ok,(UNK),1,2007083,2020,,28,18,50000 and OVER,9,4295,Oak Park,C,Urban Local Road or Street,,16,7,11129754,12,Cook,0,20,TREE,,1,N,No,Free Flow,202001354573,City,1,0.02,N,,,,(UNK),243467,(N/A),(UNK),No Defects,1,1,Local Road or Street,7,4030,X002110409,Not Toll,73,1,1,Divided With Median Barrier,3,2940290.51596679,1905971.80293921,41.87535826,-87.8031,,Urban,8,N,(N/A),Y,(N/A)
2020,2020-12-07,Monday,13,01:16 PM,Property Damage,No Injuries,0,0,0,0,0,3,Front to Rear,11,N,N,Following Too Closely,Failing to Reduce Speed to Avoid Crash,Daylight,Cloudy/Overcast,Dry,Y,,,,,No Controls,No Controls,Y,2,41.879697,-87.7988158,ok,(UNK),1,2007084,2020,,3,28,50000 and OVER,9,4295,Oak Park,C,Urban Minor Arterial,,16,7,11129755,12,Cook,0,20,,,1,N,No,Free Flow,202001354574,City,1,0,N,,,,(UNK),243468,(N/A),(UNK),No Defects,1,1,Minor Arterial,4,,X002110411,Not Toll,73,1,1,Not Divided,1,2941406.37272559,1907582.01890051,41.87968911,-87.7988,,Urban,8,N,(N/A),Y,(N/A)
2020,2020-12-07,Monday,16,04:26 PM,Property Damage,No Injuries,0,0,0,0,0,1,Sideswipe Same Direction,12,N,N,Unable to Determine,(N/A),Unknown,Unknown,Dry,N,,,,,No Controls,No Controls,Y,2,41.8832693,-87.8022412,ok,(UNK),1,2007091,2020,,18,99,50000 and OVER,9,4295,Oak Park,C,Urban Local Road or Street,,16,7,11129757,12,Cook,0,20,,,1,N,No,Free Flow,202001354576,City,9,0.13,N,,,,(UNK),243507,(N/A),(UNK),No Defects,1,1,Local Road or Street,7,3015,X002110413,Not Toll,73,1,1,Not Divided,1,2940437.6022562,1908858.10032309,41.88326142,-87.8022,,Urban,9,N,(N/A),Y,(N/A)
2020,2020-12-07,Monday,19,07:18 PM,Property Damage,No Injuries,0,0,0,0,0,2,Angle,15,N,N,Improper Overtaking/Passing,Unable to Determine,Darkness,Clear,Dry,Y,,,,,Traffic Signal,Functioning Properly,N,2,41.8945678,-87.7848666,ok,(UNK),1,2007094,2020,,4,18,50000 and OVER,9,4295,Oak Park,C,Urban Minor Arterial,,16,7,11129758,12,Cook,0,20,,,1,N,No,Free Flow,202001354577,City,4,0,N,,,,(UNK),243508,(N/A),(UNK),No Defects,1,1,Minor Arterial,4,,X002110414,Not Toll,73,3,4,Not Divided,1,2945054.79483869,1913106.42307817,41.89455999,-87.7849,,Urban,1,N,(N/A),Y,(N/A)
2020,2020-12-08,Tuesday,11,11:03 AM,Property Damage,No Injuries,0,0,0,0,0,1,Parked Motor Vehicle,9,N,N,Improper Lane Usage,Unable to Determine,Daylight,Cloudy/Overcast,Dry,N,,,,,No Controls,No Controls,N,2,41.9088151,-87.8042135,ok,(UNK),1,2007103,2020,,20,18,50000 and OVER,9,4295,Oak Park,C,Urban Local Road or Street,,16,8,11129761,12,Cook,0,20,,,2,N,No,Slow,202001354580,City,1,0,N,,,,(UNK),243510,(N/A),(UNK),No Defects,1,1,Local Road or Street,7,,X002110417,Not Toll,73,1,1,"Divided, No Median Barrier",2,2939644.02651193,1918152.69055236,41.90880727,-87.8042,,Urban,8,N,(N/A),Y,(N/A)
2020,2020-12-07,Monday,12,12:40 PM,Property Damage,No Injuries,0,0,0,0,0,2,Sideswipe Same Direction,12,N,N,Improper Lane Usage,(N/A),Daylight,Other,Dry,Y,,,,,Traffic Signal,Unknown,N,2,41.8723136,-87.8043679,ok,(UNK),1,2007111,2020,,20,99,50000 and OVER,9,4295,Oak Park,C,Urban Other Principal Arte,,16,7,11129762,12,Cook,0,20,,,1,N,No,Slow,202001354581,City,1,0.01,Y,,,,(UNK),243511,(N/A),(UNK),No Defects,1,1,Other Principal Arterial,3,4062,X002110418,Not Toll,73,3,9,"Divided, No Median Barrier",2,2939968.38826254,1904849.70516802,41.87230577,-87.8044,,Urban,7,N,(N/A),Y,(N/A)
2020,2020-12-07,Monday,07,07:28 AM,Property Damage,No Injuries,0,0,0,0,0,2,Angle,15,N,N,Failing to Yield Right of Way,Failing to Reduce Speed to Avoid Crash,Daylight,Cloudy/Overcast,Dry,Y,,,,,Stop Sign,Functioning Properly,Y,2,41.8753806,-87.8021375,ok,(UNK),1,2007076,2020,,2,28,50000 and OVER,9,4295,Oak Park,C,Urban Local Road or Street,,16,7,11129763,12,Cook,0,20,,,1,N,No,Slow,202001354582,City,1,0.07,N,,,,(UNK),243512,(N/A),(UNK),No Defects,1,1,Local Road or Street,7,4030,X002110419,Not Toll,73,2,4,Not Divided,1,2940545.07578519,1905984.09505315,41.87537273,-87.8021,,Urban,8,N,(N/A),Y,(N/A)
2020,2020-12-11,Friday,09,09:36 AM,Property Damage,No Injuries,0,0,0,0,0,2,Front to Rear,11,N,N,Failing to Reduce Speed to Avoid Crash,(N/A),Daylight,Cloudy/Overcast,Dry,N,,,,,No Controls,No Controls,N,2,41.8831014,-87.8048503,ok,(UNK),1,2007181,2020,,28,99,50000 and OVER,9,4295,Oak Park,C,Urban Other Principal Arte,,16,11,11129768,12,Cook,0,20,,,5,N,No,Free Flow,202001354586,City,1,19.44,Y,,,,(UNK),243513,(N/A),(UNK),No Defects,1,1,Other Principal Arterial,3,348,X002110424,Not Toll,73,1,1,"Divided, No Median Barrier",2,2939728.76717166,1908777.34904978,41.88309355,-87.8048,,Urban,8,N,(N/A),Y,(N/A)
2020,2020-12-02,Wednesday,18,06:02 PM,Property Damage,No Injuries,0,0,0,0,0,2,Fixed Object,6,N,N,Failing to Reduce Speed to Avoid Crash,Disregarding Other Traffic Signs,Darkness / Lighted Road,Clear,Dry,N,,,,,Other Regualtory Sig,Functioning Properly,N,1,41.8873511,-87.7846619,ok,(UNK),1,2006993,2020,,28,24,50000 and OVER,9,4295,Oak Park,C,Urban Major Collector,,16,2,11129790,12,Cook,0,20,VIADUCT,,3,N,No,Free Flow,202001354593,City,5,1,N,,,,(UNK),243551,(N/A),(UNK),No Defects,1,1,Major Collector,5,2783,X002110387,Not Toll,73,10,4,Divided With Median Barrier,3,2945183.57812168,1910478.06855447,41.88734329,-87.7847,,Urban,1,N,(N/A),Y,(N/A)
2020,2020-12-03,Thursday,15,03:03 PM,Property Damage,No Injuries,0,0,0,0,0,1,Parked Motor Vehicle,9,N,N,Unable to Determine,(N/A),Daylight,Other,Dry,N,,,,,Stop Sign,Functioning Properly,Y,2,41.8724878,-87.7792671,ok,(UNK),1,2007007,2020,,18,99,50000 and OVER,9,4295,Oak Park,C,Urban Minor Collector,,16,3,11129793,12,Cook,0,20,,,4,N,No,Slow,202001354594,City,1,1.08,N,,,,(UNK),243552,(N/A),(UNK),No Defects,1,1,Minor Collector,6,3794,X002110388,Not Toll,73,2,4,"Divided, No Median Barrier",2,2946803.38540465,1905102.43915522,41.87247996,-87.7793,,Urban,7,N,(N/A),Y,(N/A)
2020,2020-12-04,Friday,09,09:10 AM,Property Damage,No Injuries,0,0,0,0,0,1,Parked Motor Vehicle,9,N,N,Failing to Reduce Speed to Avoid Crash,Distraction - From Inside Vehicle,Daylight,Clear,Dry,Y,,,,,No Controls,No Controls,N,4,41.9050683,-87.7913063,ok,(UNK),1,2007020,2020,,28,41,50000 and OVER,9,4295,Oak Park,C,Urban Local Road or Street,,16,4,11129800,12,Cook,0,20,,,5,N,Yes,Slow,202001354599,City,1,0.28,N,,,,(UNK),243554,(N/A),(UNK),No Defects,1,1,Local Road or Street,7,2663,X002110395,Not Toll,73,1,1,Not Divided,1,2943195.41744062,1916884.36682256,41.90506046,-87.7913,,Urban,1,N,(N/A),Y,(N/A)
2020,2020-12-04,Friday,12,12:51 PM,Property Damage,No Injuries,0,0,0,0,0,2,Angle,15,N,N,Failing to Yield Right of Way,Disregarding Stop Sign,Daylight,Clear,Dry,Y,,,,,Stop Sign,Functioning Properly,N,2,41.8869042,-87.792779,ok,(UNK),1,2007028,2020,,2,23,50000 and OVER,9,4295,Oak Park,C,Urban Local Road or Street,,16,4,11129805,12,Cook,0,20,,,5,N,No,Free Flow,202001354605,City,1,0,N,,,,(UNK),243599,(N/A),(UNK),No Defects,1,1,Local Road or Street,7,,X002110399,Not Toll,73,2,4,Not Divided,1,2942977.73998967,1910253.92485658,41.88689639,-87.7928,,Urban,1,N,(N/A),Y,(N/A)
2020,2020-12-05,Saturday,11,11:57 AM,Property Damage,No Injuries,0,0,0,0,0,2,Sideswipe Same Direction,12,N,N,Improper Lane Usage,Failing to Reduce Speed to Avoid Crash,Daylight,Cloudy/Overcast,Dry,Y,,,,,Traffic Signal,Unknown,N,2,41.8797188,-87.7942755,ok,(UNK),1,2007053,2020,,20,28,50000 and OVER,9,4295,Oak Park,C,Urban Minor Arterial,,16,5,11129810,12,Cook,0,20,,,6,N,No,Free Flow,202001354609,City,1,0,N,,,,(UNK),243601,(N/A),(UNK),No Defects,1,1,Minor Arterial,4,,X002110404,Not Toll,73,3,9,Not Divided,1,2942642.64494076,1907624.13361736,41.87971093,-87.7943,,Urban,8,N,(N/A),Y,(N/A)
2020,2020-12-05,Saturday,12,12:11 PM,Injury,C Injury Crash,1,0,0,0,1,2,Turning,10,N,N,Improper Turning/No Signal,Failing to Yield Right of Way,Daylight,Cloudy/Overcast,Dry,N,,,,,No Controls,No Controls,N,2,41.8781888,-87.7941903,ok,(UNK),1,2007055,2020,,6,2,50000 and OVER,9,4295,Oak Park,C,Urban Major Collector,,16,5,11129811,12,Cook,1,20,,,6,N,No,Free Flow,202001354610,City,1,6.27,N,,,,(UNK),243602,(N/A),(UNK),No Defects,1,1,Major Collector,5,2775,X002110405,Not Toll,73,1,1,Not Divided,1,2942681.27218573,1907067.23985234,41.87818099,-87.7942,,Urban,8,N,(N/A),Y,(N/A)
2020,2020-12-11,Friday,19,07:19 PM,Property Damage,No Injuries,0,0,0,0,0,4,Front to Rear,11,N,N,Failing to Reduce Speed to Avoid Crash,Following Too Closely,Darkness,Rain,Wet,Y,,,,,Traffic Signal,Functioning Properly,N,3,41.9047474,-87.783856,ok,(UNK),1,2007208,2020,,28,3,50000 and OVER,9,4295,Oak Park,C,Urban Major Collector,,16,11,11129816,12,Cook,0,20,,,5,N,Yes,Stopped,202001354616,City,4,0,N,,,,(UNK),243604,(N/A),(UNK),No Defects,1,2,Major Collector,5,,X002110431,Not Toll,73,3,4,Not Divided,1,2945226.88766317,1916823.71058442,41.90473957,-87.7839,,Urban,2,N,(N/A),Y,(N/A)
2020,2020-12-12,Saturday,11,11:16 AM,Property Damage,No Injuries,0,0,0,0,0,3,Front to Rear,11,N,N,Failing to Reduce Speed to Avoid Crash,Unable to Determine,Daylight,Freezing Rain,Wet,N,,,,,No Controls,No Controls,N,2,41.8784455,-87.804678,ok,(UNK),1,2007213,2020,,28,18,50000 and OVER,9,4295,Oak Park,C,Urban Other Principal Arte,,16,12,11129817,12,Cook,0,20,,,6,N,No,Free Flow,202001354617,City,1,19.76,Y,,,,(UNK),243646,(N/A),(UNK),No Defects,1,2,Other Principal Arterial,3,348,X002110432,Not Toll,73,1,1,Not Divided,1,2939822.4100985,1907081.95613907,41.87843767,-87.8047,,Urban,10,N,(N/A),Y,(N/A)
2020,2020-12-13,Sunday,15,03:02 PM,Property Damage,No Injuries,0,0,0,0,0,2,Angle,15,N,N,Failing to Yield Right of Way,Unable to Determine,Daylight,Clear,Dry,N,,,,,No Controls,No Controls,N,2,41.8832596,-87.8031482,ok,(UNK),1,2007240,2020,,2,18,50000 and OVER,9,4295,Oak Park,C,Urban Local Road or Street,,16,13,11129821,12,Cook,0,20,,,7,N,No,Free Flow,202001354621,City,1,0.08,N,,,,(UNK),243647,(N/A),(UNK),No Defects,1,1,Local Road or Street,7,3015,X002110436,Not Toll,73,1,1,Not Divided,1,2940190.70062961,1908847.75236732,41.88325171,-87.8031,,Urban,1,N,(N/A),Y,(N/A)
2020,2020-12-12,Saturday,20,08:00 PM,Injury,C Injury Crash,1,0,0,0,1,1,Pedestrian,1,Y,N,Failing to Yield Right of Way,Failing to Reduce Speed to Avoid Crash,Darkness / Lighted Road,Clear,Wet,Y,,,,,Traffic Signal,Functioning Properly,N,1,41.8797189,-87.7942755,ok,(UNK),1,2007227,2020,,2,28,50000 and OVER,9,4295,Oak Park,C,Urban Minor Arterial,,16,12,11129824,12,Cook,1,20,,,6,N,No,Slow,202001354623,City,5,0,N,,,,(UNK),243648,(N/A),(UNK),No Defects,1,2,Minor Arterial,4,,X002110439,Not Toll,73,3,4,"Divided, No Median Barrier",2,2942642.64168557,1907624.18054791,41.87971106,-87.7943,,Urban,1,N,(N/A),Y,(N/A)
2020,2020-12-13,Sunday,18,06:23 PM,Property Damage,No Injuries,0,0,0,0,0,4,Angle,15,N,N,Unable to Determine,(N/A),Darkness / Lighted Road,Clear,Dry,Y,,,,,Stop Sign,Functioning Properly,N,2,41.8982818,-87.780115,ok,(UNK),1,2007243,2020,,18,99,50000 and OVER,9,4295,Oak Park,C,Urban Local Road or Street,,16,13,11129826,12,Cook,0,20,,,7,N,No,Stopped,202001354625,City,5,0,N,,,,(UNK),243649,(N/A),(UNK),No Defects,1,1,Local Road or Street,7,,X002110441,Not Toll,73,2,4,Four Way,14,2946310.88133138,1914495.83497884,41.89827395,-87.7801,,Urban,1,N,(N/A),Y,(N/A)
2020,2020-12-14,Monday,06,06:45 AM,Property Damage,No Injuries,0,0,0,0,0,2,Turning,10,N,N,Failing to Yield Right of Way,Failing to Reduce Speed to Avoid Crash,Daylight,Cloudy/Overcast,Dry,Y,,,,,Stop Sign,Functioning Properly,N,2,41.8946671,-87.7783872,ok,(UNK),1,2007249,2020,,2,28,50000 and OVER,9,4295,Oak Park,C,Urban Minor Arterial,,16,14,11129829,12,Cook,0,20,,,1,N,No,Free Flow,202001354628,City,1,0,N,,,,(UNK),243650,(N/A),(UNK),No Defects,1,1,Minor Arterial,4,,X002110444,Not Toll,73,2,4,Not Divided,1,2946817.98103228,1913191.657068,41.89465923,-87.7784,,Urban,8,N,(N/A),Y,(N/A)
2020,2020-12-15,Tuesday,19,07:13 PM,Property Damage,No Injuries,0,0,0,0,0,2,Turning,10,N,N,Failing to Yield Right of Way,Improper Turning/No Signal,Daylight,Unknown,Unknown,Y,,,,,No Controls,No Controls,N,2,41.8801051,-87.7779378,ok,(UNK),1,2007305,2020,,2,6,50000 and OVER,9,4295,Oak Park,C,Urban Minor Arterial,,16,15,11129834,12,Cook,0,20,,,2,N,No,Free Flow,202001354635,City,1,0.16,N,,,,(UNK),243698,(N/A),(UNK),No Defects,1,9,Minor Arterial,4,2613,X002110449,Not Toll,73,1,1,Not Divided,1,2947088.1419627,1907888.39623393,41.88009724,-87.7779,,Urban,9,N,(N/A),Y,(N/A)
2020,2020-12-17,Thursday,16,04:32 PM,Property Damage,No Injuries,0,0,0,0,0,2,Angle,15,N,N,Disregarding Traffic Signals,Unable to Determine,Daylight,Clear,Dry,N,,,,,Traffic Signal,Functioning Properly,Y,2,41.8756623,-87.7843365,ok,(UNK),1,2007359,2020,,25,18,50000 and OVER,9,4295,Oak Park,C,Urban Major Collector,,16,17,11129836,12,Cook,0,20,,,4,N,No,Free Flow,202001354637,City,1,1.82,N,,,,(UNK),243699,(N/A),(UNK),No Defects,1,1,Major Collector,5,2783,X002110451,Not Toll,73,3,4,Not Divided,1,2945390.49790128,1906220.89984556,41.87565445,-87.7843,,Urban,1,N,(N/A),Y,(N/A)
2020,2020-12-11,Friday,11,11:37 AM,Injury,B Injury Crash,1,0,0,1,0,1,Pedestrian,1,Y,N,Disregarding Stop Sign,Vision Obscured,Daylight,Cloudy/Overcast,Dry,Y,,,,,Stop Sign,Functioning Properly,N,1,41.881568,-87.7956335,ok,(UNK),1,2007184,2020,,23,14,50000 and OVER,9,4295,Oak Park,C,Urban Major Collector,,16,11,11129837,12,Cook,2,20,,,5,N,No,Free Flow,202001354638,City,1,0,N,,,,(UNK),243700,(N/A),(UNK),No Defects,1,1,Major Collector,5,,X002110452,Not Toll,73,2,4,Not Divided,1,2942254.18637016,1908287.81279138,41.88156019,-87.7956,,Urban,8,N,(N/A),Y,(N/A)
2020,2020-12-17,Thursday,17,05:07 PM,Property Damage,No Injuries,0,0,0,0,0,3,Sideswipe Same Direction,12,N,N,Improper Lane Usage,Failing to Reduce Speed to Avoid Crash,Darkness / Lighted Road,Clear,Dry,Y,,,,,Traffic Signal,Functioning Properly,N,2,41.8650278,-87.8042158,ok,(UNK),1,2007361,2020,,20,28,50000 and OVER,9,4295,Oak Park,C,Urban Other Principal Arte,,16,17,11129840,12,Cook,0,20,,,4,N,No,Free Flow,202001354640,City,5,25.01,Y,,,,(UNK),243701,(N/A),(UNK),No Defects,1,1,Other Principal Arterial,3,5043,X002110454,Not Toll,52,3,4,"Divided, No Median Barrier",2,2940082.93081867,1902195.78557851,41.86502,-87.8042,,Urban,1,N,(N/A),Y,(N/A)
2020,2020-12-18,Friday,19,07:19 PM,Property Damage,No Injuries,0,0,0,0,0,2,Front to Rear,11,N,N,Following Too Closely,Failing to Reduce Speed to Avoid Crash,Darkness / Lighted Road,Clear,Dry,N,,,,,No Controls,No Controls,N,2,41.8796759,-87.799978,ok,(UNK),1,2007395,2020,,3,28,50000 and OVER,9,4295,Oak Park,C,Urban Minor Arterial,,16,18,11129844,12,Cook,0,20,,,5,N,No,Free Flow,202001354643,City,5,3.31,N,,,,(UNK),243703,(N/A),(UNK),No Defects,1,1,Minor Arterial,4,1419,X002110458,Not Toll,73,1,1,"Divided, No Median Barrier",2,2941090.06453192,1907565.59474415,41.87966801,-87.8,,Urban,1,N,(N/A),Y,(N/A)
2020,2020-12-18,Friday,14,02:23 PM,Property Damage,No Injuries,0,0,0,0,0,2,Turning,10,N,N,Failing to Yield Right of Way,Unable to Determine,Daylight,Clear,Dry,Y,,,,,Stop Sign,Functioning Properly,N,2,41.8872509,-87.797125,ok,(UNK),1,2007381,2020,,2,18,50000 and OVER,9,4295,Oak Park,C,Urban Local Road or Street,,16,18,11129845,12,Cook,0,20,,,5,N,No,Free Flow,202001354644,City,1,0,N,,,,(UNK),243730,(N/A),(UNK),No Defects,1,1,Local Road or Street,7,,X002110460,Not Toll,73,2,4,Four Way,14,2941790.78918943,1910347.54301531,41.88724309,-87.7971,,Urban,1,N,(N/A),Y,(N/A)
2020,2020-12-18,Friday,09,09:52 AM,Injury,B Injury Crash,1,0,0,1,0,1,Pedestrian,1,Y,N,Failing to Yield Right of Way,Unable to Determine,Daylight,Clear,Dry,Y,,,,,No Controls,No Controls,N,1,41.8669857,-87.7938278,ok,(UNK),1,2007373,2020,,2,18,50000 and OVER,9,4295,Oak Park,C,Urban Major Collector,,16,18,11129847,12,Cook,2,20,,,5,N,No,Free Flow,202001354646,City,1,0,N,,,,(UNK),243731,(N/A),(UNK),No Defects,1,1,Major Collector,5,,X002110462,Not Toll,73,1,1,Unknown Intersection Type,22,2942892.91507917,1902987.3572479,41.86697789,-87.7938,,Urban,1,N,(N/A),Y,(N/A)
2020,2020-12-18,Friday,17,05:00 PM,Property Damage,No Injuries,0,0,0,0,0,3,Angle,15,N,N,Failing to Reduce Speed to Avoid Crash,Unable to Determine,Dusk,Clear,Dry,N,,,,,No Controls,No Controls,Y,2,41.8803504,-87.7746797,ok,(UNK),1,2007396,2020,,28,18,50000 and OVER,9,4295,Oak Park,C,Urban Minor Arterial,,16,18,11129849,12,Cook,0,20,,,5,N,No,Stopped,202001362594,City,3,7.64,N,,,,(UNK),243732,(N/A),(UNK),No Defects,1,1,Minor Arterial,4,2790,X002110464,Not Toll,,1,1,"Divided, No Median Barrier",2,2947972.95812045,1908002.53770393,41.8803426,-87.7747,,Urban,1,N,(N/A),Y,(N/A)
2020,2020-12-23,Wednesday,13,01:35 PM,Injury,B Injury Crash,1,0,0,1,0,1,Front to Rear,11,N,N,Failing to Reduce Speed to Avoid Crash,Unable to Determine,Daylight,Clear,Dry,N,,,,,No Controls,No Controls,Y,2,41.8797087,-87.798366,ok,(UNK),1,2007511,2020,,28,18,50000 and OVER,9,4295,Oak Park,C,Urban Minor Arterial,,16,23,11129850,12,Cook,2,20,,,3,N,No,Free Flow,202001354648,City,1,0,N,,,,(UNK),243733,(N/A),(UNK),No Defects,1,1,Minor Arterial,4,,X002110486,Not Toll,73,1,1,Not Divided,1,2941528.73272048,1907589.68838325,41.87970088,-87.7984,,Urban,1,N,(N/A),Y,(N/A)
2020,2020-12-23,Wednesday,12,12:26 PM,Property Damage,No Injuries,0,0,0,0,0,2,Angle,15,N,N,Failing to Yield Right of Way,Failing to Reduce Speed to Avoid Crash,Daylight,Clear,Dry,Y,,,,,Stop Sign,Functioning Properly,N,2,41.9015575,-87.8039844,ok,(UNK),1,2007505,2020,,2,28,50000 and OVER,9,4295,Oak Park,C,Urban Major Collector,,16,23,11129853,12,Cook,0,20,,,3,N,No,Free Flow,202001354651,City,1,0,N,,,,(UNK),243735,(N/A),(UNK),No Defects,1,1,Major Collector,5,,X002110489,Not Toll,73,2,4,Not Divided,1,2939779.26119119,1915509.60101039,41.90154968,-87.804,,Urban,1,N,(N/A),Y,(N/A)
2020,2020-12-28,Monday,07,07:41 AM,Property Damage,No Injuries,0,0,0,0,0,2,Angle,15,N,N,Disregarding Traffic Signals,Unable to Determine,Daylight,Clear,Dry,Y,,,,,Traffic Signal,Functioning Properly,N,2,41.8719978,-87.7939858,ok,(UNK),1,2007584,2020,,25,18,50000 and OVER,9,4295,Oak Park,C,Urban Major Collector,,16,28,11129854,12,Cook,0,20,,,1,N,No,Free Flow,202001354652,City,1,0,N,,,,(UNK),243736,(N/A),(UNK),No Defects,1,1,Major Collector,5,,X002110490,Not Toll,73,3,4,Four Way,14,2942799.37092384,1904812.67043659,41.87199,-87.794,,Urban,1,N,(N/A),Y,(N/A)
2020,2020-12-24,Thursday,18,06:28 PM,Injury,B Injury Crash,3,0,0,3,0,1,Angle,15,N,N,Failing to Yield Right of Way,(N/A),Darkness / Lighted Road,Clear,Dry,Y,,,,,Stop Sign,Functioning Properly,N,2,41.8671385,-87.7840158,ok,(UNK),1,2007539,2020,,2,99,50000 and OVER,9,4295,Oak Park,C,Urban Major Collector,,16,24,11129855,12,Cook,2,20,,,4,N,No,Slow,202001354653,City,5,0,N,,,,(UNK),243778,(N/A),(UNK),No Defects,1,1,Major Collector,5,,X002110491,Not Toll,73,2,4,"Divided, No Median Barrier",2,2945564.10661818,1903117.09709507,41.86713065,-87.784,,Urban,1,N,(N/A),Y,(N/A)
2020,2020-12-25,Friday,17,05:29 PM,Property Damage,No Injuries,0,0,0,0,0,4,Front to Front,14,N,N,Cell Phone Use Other Than Texting,Failing to Reduce Speed to Avoid Crash,Darkness / Lighted Road,Clear,Dry,N,,,,,Traffic Signal,Functioning Properly,N,2,41.8650281,-87.8041972,ok,(UNK),1,2007550,2020,,45,28,50000 and OVER,9,4295,Oak Park,C,Urban Other Principal Arte,,16,25,11129856,12,Cook,0,20,,,5,N,No,Free Flow,202001354654,City,5,25.01,Y,,,,(UNK),243779,(N/A),(UNK),No Defects,1,1,Other Principal Arterial,3,5043,X002110492,Not Toll,52,3,4,"Divided, No Median Barrier",2,2940088.00442604,1902196.02276516,41.86502027,-87.8042,,Urban,1,N,(N/A),Y,(N/A)
2020,2020-12-25,Friday,12,12:30 PM,Property Damage,No Injuries,0,0,0,0,0,2,Angle,15,N,N,Disregarding Traffic Signals,Failing to Reduce Speed to Avoid Crash,Daylight,Clear,Dry,Y,,,,,Traffic Signal,Functioning Properly,N,2,41.879938,-87.7795378,ok,(UNK),1,2007545,2020,,25,28,50000 and OVER,9,4295,Oak Park,C,Urban Minor Arterial,,16,25,11129859,12,Cook,0,20,,,5,N,No,Free Flow,202001354657,City,1,0.55,N,,,,(UNK),243780,(N/A),(UNK),No Defects,1,1,Minor Arterial,4,3794,X002110497,Not Toll,73,3,4,Four Way,14,2946654.11707013,1907815.37714271,41.87993015,-87.7795,,Urban,1,N,(N/A),Y,(N/A)