crash_year,crash_date,day_of_week,crash_hour,time_of_crash,crash_severity,crash_injury_severity,total_injured,total_fatals,a_injuries,b_injuries,c_injuries,no_injuries,type_of_first_crash,collision_type_code,pedestrian_involved,pedalcyclist_involved,cause1,cause2,lighting_cond,weather_cond,road_surface_cond,intersection_related,is_intersection,highway_or_street_name,at_intersection_with,address_no,traffic_control_device,traffic_control_device_cond,hit_and_run,number_of_vehicles,latitude,longitude,location_status,access_control,agency_code,agency_report_number,agency_report_year,alignment_code,cause1_code,cause2_code,city_class,city_class_code,city_code,city_name,city_township_flag,class_of_trafficway,class_of_trafficway_code,county_code,crash_day,crash_id,crash_month,crash_report_county,crash_severity_cd,crash_yr_source,damaged_property1,damaged_property2,day_of_week_code,did_crash_occur_in_work_zone,did_involve_secondary_crash,flow_condition,icn,investigating_agency_descrip,light_condition_code,mile_station,nhs,non_intersection_direction,non_intersection_distance,non_intersection_units,number_of_lanes,objectid,railroad_crossing_number,road_alignment,road_defects,road_defects_code,road_surface_condition_code,roadway_functional_class,roadway_functional_class_code,route_number,sfe,toll,township,traffic_control_device_code,traffic_control_device_cond_code,trafficway_descrip,trafficway_description_code,ts_crash_coordinate_x,ts_crash_coordinate_y,ts_crash_latitude,ts_crash_longitude,type_report,urban_rural,weather_code,were_workers_present,work_zone,work_zone_related,work_zone_type
2020,2020-12-24,Thursday,19,07:47 PM,Property Damage,No Injuries,0,0,0,0,0,2,Front to Rear,11,N,N,Failing to Reduce Speed to Avoid Crash,Following Too Closely,Darkness,Clear,Dry,N,,,,,Stop Sign,Functioning Properly,Y,2,41.8851354,-87.7895055,ok,(UNK),1,2007541,2020,,28,3,50000 and OVER,9,4295,Oak Park,C,Urban Minor Collector,,16,24,11129861,12,Cook,0,20,,,4,N,No,Free Flow,202001354659,City,4,0,N,,,,(UNK),243781,(N/A),(UNK),No Defects,1,1,Minor Collector,6,,X002110500,Not Toll,73,2,4,Not Divided,1,2943887.00145748,1909634.03401146,41.8851276,-87.7895,,Urban,1,N,(N/A),Y,(N/A)
2020,2020-12-25,Friday,17,05:42 PM,Property Damage,No Injuries,0,0,0,0,0,3,Front to Rear,11,N,N,Failing to Reduce Speed to Avoid Crash,Unable to Determine,Darkness / Lighted Road,Clear,Dry,Y,,,,,Traffic Signal,Functioning Properly,N,2,41.8983679,-87.7752668,ok,(UNK),1,2007548,2020,,28,18,50000 and OVER,9,4295,Oak Park,C,Urban Minor Arterial,,16,25,11129862,12,Cook,0,20,,,5,N,No,Slow,202001354660,City,5,0,N,,,,(UNK),243782,(N/A),(UNK),No Defects,1,1,Minor Arterial,4,,X002110501,Not Toll,,3,4,"Divided, No Median Barrier",2,2947629.98749843,1914563.99503843,41.89836007,-87.7753,,Urban,1,N,(N/A),Y,(N/A)
2020,2020-12-29,Tuesday,17,05:55 PM,Property Damage,No Injuries,0,0,0,0,0,3,Turning,10,N,N,Failing to Yield Right of Way,Weather,Darkness / Lighted Road,Snow,Snow or Slush,Y,,,,,Stop Sign,Functioning Properly,N,2,41.8706848,-87.7779846,ok,(UNK),1,2007638,2020,,2,11,50000 and OVER,9,4295,Oak Park,C,Urban Local Road or Street,,16,29,11129885,12,Cook,0,20,,,2,N,No,Slow,202001354684,City,5,0,N,,,,(UNK),243844,(N/A),(UNK),No Defects,1,3,Local Road or Street,7,,X002111536,Not Toll,73,2,4,Not Divided,1,2947170.98735849,1904455.12241536,41.87067697,-87.778,,Urban,3,N,(N/A),Y,(N/A)
2020,2020-12-29,Tuesday,17,05:17 PM,Property Damage,No Injuries,0,0,0,0,0,2,Front to Rear,11,N,N,Weather,Failing to Reduce Speed to Avoid Crash,Darkness / Lighted Road,Snow,Snow or Slush,Y,,,,,Traffic Signal,Functioning Properly,N,2,41.8815878,-87.7943358,ok,(UNK),1,2007637,2020,,11,28,50000 and OVER,9,4295,Oak Park,C,Urban Major Collector,,16,29,11129886,12,Cook,0,20,,,2,N,No,Stopped,202001354685,City,5,0,N,,,,(UNK),243870,(N/A),(UNK),No Defects,1,3,Major Collector,5,,X002111538,Not Toll,73,3,4,Not Divided,1,2942607.39197709,1908304.80420034,41.88158,-87.7943,,Urban,3,N,(N/A),Y,(N/A)
2020,2020-11-04,Wednesday,13,01:07 PM,Property Damage,No Injuries,0,0,0,0,0,1,Parked Motor Vehicle,9,N,N,Improper Backing,(N/A),Daylight,Clear,Dry,N,,,,,No Controls,No Controls,N,2,41.8812739,-87.7969643,ok,(UNK),1,2006362,2020,,30,99,50000 and OVER,9,4295,Oak Park,C,Urban Local Road or Street,,16,4,11129908,11,Cook,0,20,,,3,N,No,Slow,202001354702,City,1,0.51,N,,,,(UNK),243873,(N/A),(UNK),No Defects,1,1,Local Road or Street,7,2690,X002111625,Not Toll,73,1,1,Not Divided,1,2941894.73461238,1908170.61256389,41.88126606,-87.797,,Urban,1,N,(N/A),Y,(N/A)
2020,2020-12-30,Wednesday,08,08:21 AM,Property Damage,No Injuries,0,0,0,0,0,1,Parked Motor Vehicle,9,N,N,Weather,Failing to Reduce Speed to Avoid Crash,Daylight,Snow,Ice,N,,,,,No Controls,No Controls,N,2,41.8702737,-87.775509,ok,(UNK),1,2007643,2020,,11,28,50000 and OVER,9,4295,Oak Park,C,Urban Local Road or Street,,16,30,11129980,12,Cook,0,20,BUILDING,,3,N,Yes,Free Flow,202001354744,City,1,0.01,N,,,,(UNK),243985,(N/A),(UNK),No Defects,1,4,Local Road or Street,7,2603,X002112422,Not Toll,73,1,1,Not Divided,1,2947849.47703773,1904324.08493027,41.87026585,-87.7755,,Urban,3,N,(N/A),Y,(N/A)
2020,2020-12-30,Wednesday,16,04:04 PM,Property Damage,No Injuries,0,0,0,0,0,2,Turning,10,N,N,Failing to Yield Right of Way,Weather,Daylight,Cloudy/Overcast,Snow or Slush,Y,,,,,No Controls,No Controls,N,2,41.881568,-87.7956355,ok,(UNK),1,2007661,2020,,2,11,50000 and OVER,9,4295,Oak Park,C,Urban Major Collector,,16,30,11129986,12,Cook,0,20,,,3,N,No,Slow,202001354749,City,1,0,N,,,,(UNK),244025,(N/A),(UNK),No Defects,1,3,Major Collector,5,,X002112427,Not Toll,73,1,1,Not Divided,1,2942253.6370828,1908287.78636721,41.88156016,-87.7956,,Urban,8,N,(N/A),Y,(N/A)
2020,2020-12-31,Thursday,18,06:46 PM,Property Damage,No Injuries,0,0,0,0,0,3,Front to Rear,11,N,N,Failing to Reduce Speed to Avoid Crash,(N/A),Darkness / Lighted Road,Clear,Dry,N,,,,,Traffic Signal,Functioning Properly,N,2,41.873524,-87.8035816,ok,Partial Access Control,3,03-21-00157,2020,,28,99,50000 and OVER,9,4295,Oak Park,C,Urban InterState,,16,31,11132711,12,Cook,0,20,,,4,N,No,(UNK),202001357040,ISP,5,0.03,Y,,,,(UNK),244266,(N/A),(UNK),No Defects,1,1,InterState,1,290,X002115845,Not Toll,,3,4,Ramp,11,2940170.4196056,1905296.67374791,41.87351611,-87.8036,,Urban,1,N,(N/A),Y,(N/A)
2020,2020-12-30,Wednesday,23,11:38 PM,Property Damage,No Injuries,0,0,0,0,0,2,Front to Rear,11,N,N,Following Too Closely,Failing to Reduce Speed to Avoid Crash,Darkness / Lighted Road,Clear,Dry,N,,,,,Other,Functioning Properly,Y,2,41.8734644,-87.8040728,ok,Partial Access Control,3,03-20-16328,2020,,3,28,50000 and OVER,9,4295,Oak Park,C,Urban InterState,,16,30,11132435,12,Cook,0,20,,,3,N,No,(UNK),202001356948,ISP,5,7.72,Y,,,,(UNK),244521,(N/A),(UNK),No Defects,1,1,InterState,1,290,X002115542,Not Toll,73,13,4,Divided With Median Barrier,3,2940037.22528215,1905271.28828866,41.87345656,-87.8041,,Urban,1,N,(N/A),Y,(N/A)
2020,2020-12-31,Thursday,17,05:01 PM,Injury,C Injury Crash,1,0,0,0,1,1,Parked Motor Vehicle,9,N,N,Failing to Reduce Speed to Avoid Crash,(N/A),Darkness / Lighted Road,Cloudy/Overcast,Dry,N,,,,,No Controls,No Controls,N,3,41.8815845,-87.7922827,ok,(UNK),1,2007683,2020,,28,99,50000 and OVER,9,4295,Oak Park,C,Urban Major Collector,,16,31,11134484,12,Cook,1,20,,,4,N,No,Free Flow,202001357419,City,5,0.65,N,,,,(UNK),244701,(N/A),(UNK),No Defects,1,1,Major Collector,5,5,X002115688,Not Toll,73,1,1,Not Divided,1,2943166.53846002,1908319.05450825,41.88157665,-87.7923,,Urban,8,N,(N/A),Y,(N/A)
2020,2020-11-17,Tuesday,22,10:35 PM,Property Damage,No Injuries,0,0,0,0,0,1,Parked Motor Vehicle,9,N,N,Unable to Determine,Unable to Determine,Unknown,Unknown,Unknown,N,,,,,Unknown,Unknown,Y,2,41.8650571,-87.8021766,ok,(UNK),1,20-09576,2020,,18,18,50000 and OVER,9,4295,Oak Park,C,Urban Other Principal Arte,,16,17,11139166,11,Cook,0,20,,,2,N,No,Free Flow,202001358423,City,9,6.09,Y,,,,(UNK),245556,(N/A),(UNK),Unknown,99,9,Other Principal Arterial,3,347,X002120914,Not Toll,73,99,9,Parking Lot,7,2940638.12005393,1902221.74007178,41.86504923,-87.8022,,Urban,9,N,(N/A),N,(N/A)
2021,2021-02-01,Monday,09,09:14 AM,Property Damage,No Injuries,0,0,0,0,0,2,Front to Rear,11,N,N,Failing to Reduce Speed to Avoid Crash,(N/A),Daylight,Clear,Wet,N,,,,,Other Regualtory Sig,Functioning Properly,N,2,41.8713198,-87.7801273,ok,Partial Access Control,3,03-21-01491,2021,,28,99,50000 and OVER,9,4295,Oak Park,C,Urban InterState,,16,1,11178414,2,Cook,0,21,,,1,N,No,(UNK),202101047888,ISP,1,22.79,Y,,,,(UNK),502,(N/A),(UNK),No Defects,1,2,InterState,1,9290,X002152944,Not Toll,,10,4,Divided With Median Barrier,3,2946580.93902665,1904670.27839977,41.87131195,-87.78012148,,Urban,1,N,(N/A),Y,(N/A)
2021,2021-02-13,Saturday,07,07:38 AM,Property Damage,No Injuries,0,0,0,0,0,3,Turning,10,N,N,Weather,Unable to Determine,Daylight,Snow,Snow or Slush,Y,,,,,Traffic Signal,Functioning Properly,N,2,41.8650314,-87.8042159,ok,(UNK),1,21-00472,2021,,11,18,50000 and OVER,9,4295,Oak Park,C,Urban Other Principal Arte,,16,13,11179105,2,Cook,0,21,,,6,N,No,Slow,202101048535,City,1,25.01,Y,,,,(UNK),1244,(N/A),(UNK),No Defects,1,3,Other Principal Arterial,3,5043,X002153596,Not Toll,52,3,4,"Divided, No Median Barrier",2,2940082.86588173,1902197.07871761,41.86502355,-87.80421011,,Urban,3,N,(N/A),Y,(N/A)
2021,2021-01-18,Monday,13,01:25 PM,Property Damage,No Injuries,0,0,0,0,0,1,Parked Motor Vehicle,9,N,N,Unable to Determine,Unable to Determine,Unknown,Clear,Dry,N,,,,,No Controls,No Controls,Y,2,41.8693963,-87.8035094,ok,(UNK),1,2100379,2021,,18,18,50000 and OVER,9,4295,Oak Park,C,Urban Local Road or Street,,16,18,11148501,1,Cook,0,21,,,1,N,No,Free Flow,202101023036,City,9,0.2,N,,,,(UNK),1439,(N/A),(UNK),No Defects,1,1,Local Road or Street,7,2718,X002128067,Not Toll,73,1,1,Not Divided,1,2940231.50745685,1903793.03332669,41.86938848,-87.80350361,,Urban,1,N,(N/A),Y,(N/A)
2021,2021-01-15,Friday,16,04:07 PM,Injury,A Injury Crash,2,0,1,0,1,1,Rear to Side,16,N,N,Disregarding Stop Sign,Improper Lane Usage,Daylight,Clear,Dry,Y,,,,,Stop Sign,Functioning Properly,N,2,41.8946671,-87.7783854,ok,(UNK),1,2100345,2021,,23,20,50000 and OVER,9,4295,Oak Park,C,Urban Minor Arterial,,16,15,11148502,1,Cook,3,21,STREET SIGN,,5,N,No,Stopped,202101023037,City,1,0,N,,,,(UNK),1440,(N/A),(UNK),No Defects,1,1,Minor Arterial,4,,X002128068,Not Toll,73,2,4,Four Way,14,2946818.47486196,1913191.68706259,41.89465927,-87.77837962,,Urban,1,N,(N/A),Y,(N/A)
2021,2021-01-15,Friday,09,09:00 AM,Property Damage,No Injuries,0,0,0,0,0,1,Parked Motor Vehicle,9,N,N,Failing to Reduce Speed to Avoid Crash,Unable to Determine,Daylight,Clear,Dry,N,,,,,No Controls,No Controls,Y,2,41.8801815,-87.7812071,ok,(UNK),1,2100361,2021,,28,18,50000 and OVER,9,4295,Oak Park,C,Urban Local Road or Street,,16,15,11148505,1,Cook,0,21,,,5,N,No,Free Flow,202101023039,City,1,0.25,N,,,,(UNK),1448,(N/A),(UNK),No Defects,1,1,Local Road or Street,7,2630,X002128070,Not Toll,73,1,1,Not Divided,1,2946197.02274495,1907891.46048113,41.88017364,-87.78120129,,Urban,1,N,(N/A),Y,(N/A)
2021,2021-01-15,Friday,19,07:51 PM,Property Damage,No Injuries,0,0,0,0,0,2,Angle,15,N,N,Failing to Yield Right of Way,Unable to Determine,Darkness / Lighted Road,Clear,Wet,Y,,,,,Stop Sign,Functioning Properly,N,2,41.8946671,-87.7783855,ok,(UNK),1,2100351,2021,,2,18,50000 and OVER,9,4295,Oak Park,C,Urban Minor Arterial,,16,15,11148506,1,Cook,0,21,,,5,N,No,Free Flow,202101023040,City,5,0,N,,,,(UNK),1449,(N/A),(UNK),No Defects,1,2,Minor Arterial,4,,X002128071,Not Toll,73,2,4,Not Divided,1,2946818.46413905,1913191.68641142,41.89465927,-87.77837966,,Urban,1,N,(N/A),Y,(N/A)
2021,2021-01-15,Friday,10,10:35 AM,Injury,C Injury Crash,1,0,0,0,1,2,Front to Rear,11,N,N,Failing to Reduce Speed to Avoid Crash,Cell Phone Use Other Than Texting,Daylight,Cloudy/Overcast,Wet,Y,,,,,Traffic Signal,Functioning Properly,N,3,41.8943579,-87.7976652,ok,(UNK),1,2100341,2021,,28,45,50000 and OVER,9,4295,Oak Park,C,Urban Minor Arterial,,16,15,11148507,1,Cook,1,21,PARKWAY GRASS AND TREE,,5,N,Yes,Stopped,202101023041,City,1,0,N,,,,(UNK),1450,(N/A),(UNK),No Defects,1,2,Minor Arterial,4,,X002128072,Not Toll,73,3,4,"Divided, No Median Barrier",2,2941572.14180547,1912933.38265956,41.89435003,-87.79765941,,Urban,8,N,(N/A),Y,(N/A)
2021,2021-01-17,Sunday,18,06:19 PM,Property Damage,No Injuries,0,0,0,0,0,3,Angle,15,N,N,Failing to Yield Right of Way,(N/A),Darkness / Lighted Road,Cloudy/Overcast,Wet,Y,,,,,Stop Sign,Functioning Properly,N,2,41.8671376,-87.7840158,ok,(UNK),1,2100375,2021,,2,99,50000 and OVER,9,4295,Oak Park,C,Urban Major Collector,,16,17,11148509,1,Cook,0,21,,,7,N,No,Free Flow,202101023043,City,5,0,N,,,,(UNK),1451,(N/A),(UNK),No Defects,1,2,Major Collector,5,,X002128074,Not Toll,73,2,4,Not Divided,1,2945564.12516407,1903116.76543431,41.86712974,-87.78401,,Urban,8,N,(N/A),Y,(N/A)
2021,2021-01-18,Monday,14,02:04 PM,Property Damage,No Injuries,0,0,0,0,0,1,Parked Motor Vehicle,9,N,N,Unable to Determine,Unable to Determine,Daylight,Clear,Dry,N,,,,,No Controls,No Controls,Y,2,41.8658253,-87.7839866,ok,(UNK),1,2100381,2021,,18,18,50000 and OVER,9,4295,Oak Park,C,Urban Major Collector,,16,18,11148510,1,Cook,0,21,,,1,N,No,Free Flow,202101023044,City,1,2.5,N,,,,(UNK),1452,(N/A),(UNK),No Defects,1,1,Major Collector,5,2783,X002128075,Not Toll,73,1,1,"Divided, No Median Barrier",2,2945585.34880808,1902638.77454699,41.86581748,-87.78398083,,Urban,1,N,(N/A),Y,(N/A)
2021,2021-01-08,Friday,15,03:35 PM,Property Damage,No Injuries,0,0,0,0,0,4,Turning,10,N,N,Failing to Reduce Speed to Avoid Crash,Failing to Yield Right of Way,Daylight,Cloudy/Overcast,Dry,Y,,,,,No Controls,No Controls,Y,2,41.8796079,-87.8038463,ok,(UNK),1,2100178,2021,,28,2,50000 and OVER,9,4295,Oak Park,C,Urban Minor Arterial,,16,8,11139888,1,Cook,0,21,,,5,N,No,Free Flow,202101016619,City,1,0,N,,,,(UNK),1718,(N/A),(UNK),No Defects,1,1,Minor Arterial,4,,X002121373,Not Toll,73,1,1,Not Divided,1,2940037.26242376,1907511.77528466,41.87960002,-87.80384045,,Urban,8,N,(N/A),Y,(N/A)
2021,2021-01-09,Saturday,02,02:36 AM,Property Damage,No Injuries,0,0,0,0,0,1,Fixed Object,6,N,N,Failing to Reduce Speed to Avoid Crash,(N/A),Darkness / Lighted Road,Clear,Dry,Y,,,,,No Controls,No Controls,N,1,41.9092074,-87.7795071,ok,(UNK),1,2100191,2021,,28,99,50000 and OVER,9,4295,Oak Park,C,Urban Other Principal Arte,,16,9,11139891,1,Cook,0,21,TRAFFIC PYLON,,6,N,No,Free Flow,202101016620,City,5,130.53,Y,,,,(UNK),1719,(N/A),(UNK),No Defects,1,1,Other Principal Arterial,3,5064,X002121376,Not Toll,73,1,1,Not Divided,1,2946365.54886044,1918481.95392597,41.90919956,-87.77950126,,Urban,1,N,(N/A),Y,(N/A)
2021,2021-01-09,Saturday,10,10:11 AM,Property Damage,No Injuries,0,0,0,0,0,4,Front to Rear,11,N,N,Failing to Reduce Speed to Avoid Crash,(N/A),Daylight,Cloudy/Overcast,Dry,N,,,,,Traffic Signal,Functioning Properly,N,2,41.8886027,-87.7928441,ok,(UNK),1,2100196,2021,,28,99,50000 and OVER,9,4295,Oak Park,C,Urban Major Collector,,16,9,11139892,1,Cook,0,21,,,6,N,No,Slow,202101016621,City,1,0.44,N,,,,(UNK),1720,(N/A),(UNK),No Defects,1,1,Major Collector,5,1405,X002121378,Not Toll,73,3,4,"Divided, No Median Barrier",2,2942942.89109667,1910872.3743417,41.88859482,-87.79283826,,Urban,8,N,(N/A),Y,(N/A)
2021,2021-01-09,Saturday,17,05:58 PM,Property Damage,No Injuries,0,0,0,0,0,1,Parked Motor Vehicle,9,N,N,Improper Backing,Unable to Determine,Darkness,Clear,Dry,N,,,,,No Controls,No Controls,Y,2,41.8736684,-87.7744514,ok,(UNK),1,2100217,2021,,30,18,50000 and OVER,9,4295,Oak Park,C,Urban Minor Arterial,,16,9,11139896,1,Cook,0,21,,,6,N,No,Slow,202101016625,City,4,8.17,N,,,,(UNK),1721,(N/A),(UNK),No Defects,1,1,Minor Arterial,4,2790,X002121386,Not Toll,,1,1,Parking Lot,7,2948103.0535513,1905569.20479201,41.87366054,-87.77444559,,Urban,1,N,(N/A),Y,(N/A)
2021,2021-01-09,Saturday,11,11:40 AM,Injury,B Injury Crash,1,0,0,1,0,1,Turning,10,N,N,Failing to Yield Right of Way,Improper Turning/No Signal,Daylight,Clear,Dry,Y,,,,,No Controls,No Controls,N,2,41.8650401,-87.8033631,ok,(UNK),1,2100198,2021,,2,6,50000 and OVER,9,4295,Oak Park,C,Urban Other Principal Arte,,16,9,11139905,1,Cook,2,21,,,6,N,No,Slow,202101016630,City,1,0,Y,,,,(UNK),1722,(N/A),(UNK),No Defects,1,1,Other Principal Arterial,3,,X002121369,Not Toll,73,1,1,T-Intersection,15,2940315.08488192,1902206.63857517,41.86503223,-87.80335731,,Urban,1,N,(N/A),Y,(N/A)
2021,2021-01-07,Thursday,18,06:40 PM,Property Damage,No Injuries,0,0,0,0,0,1,Parked Motor Vehicle,9,N,N,Failing to Reduce Speed to Avoid Crash,(N/A),Darkness,Clear,Dry,N,,,,,No Controls,No Controls,Y,2,41.8877862,-87.7944901,ok,(UNK),1,2100152,2021,,28,99,50000 and OVER,9,4295,Oak Park,C,Urban Major Collector,,16,7,11139907,1,Cook,0,21,,,4,N,No,Free Flow,202101016632,City,4,5.59,N,,,,(UNK),1723,(N/A),(UNK),No Defects,1,1,Major Collector,5,2775,X002121371,Not Toll,73,1,1,"Divided, No Median Barrier",2,2942502.90441567,1910562.43353683,41.88777834,-87.79448428,,Urban,1,N,(N/A),Y,(N/A)
2021,2021-01-31,Sunday,13,01:34 PM,Property Damage,No Injuries,0,0,0,0,0,3,Front to Rear,11,N,N,Weather,Failing to Reduce Speed to Avoid Crash,Daylight,Snow,Snow or Slush,N,,,,,No Controls,No Controls,N,2,41.883254,-87.80396,ok,(UNK),1,2100678,2021,,11,28,50000 and OVER,9,4295,Oak Park,C,Urban Local Road or Street,,16,31,11163454,1,Cook,0,21,,,7,N,No,Stopped,202101034869,City,1,0,N,,,,(UNK),2033,(N/A),(UNK),No Defects,1,3,Local Road or Street,7,,X002139961,Not Toll,73,1,1,Not Divided,1,2939969.67310723,1908839.63426534,41.88324614,-87.80395424,,Urban,3,N,(N/A),Y,(N/A)
2021,2021-01-29,Friday,19,07:40 PM,Property Damage,No Injuries,0,0,0,0,0,2,Turning,10,N,N,Improper Turning/No Signal,Unable to Determine,Darkness / Lighted Road,Clear,Dry,N,,,,,No Controls,No Controls,Y,2,41.8795937,-87.7844284,ok,(UNK),1,2100656,2021,,6,18,50000 and OVER,9,4295,Oak Park,C,Urban Major Collector,,16,29,11163455,1,Cook,0,21,,,5,N,No,Free Flow,202101034870,City,5,1.54,N,,,,(UNK),2034,(N/A),(UNK),No Defects,1,1,Major Collector,5,2783,X002139962,Not Toll,73,1,1,Not Divided,1,2945325.69089536,1907652.88725339,41.87958587,-87.78442258,,Urban,1,N,(N/A),Y,(N/A)
2021,2021-01-29,Friday,18,06:17 PM,Property Damage,No Injuries,0,0,0,0,0,3,Sideswipe Same Direction,12,N,N,Failing to Reduce Speed to Avoid Crash,(N/A),Darkness,Clear,Dry,N,,,,,No Controls,No Controls,N,2,41.8946258,-87.7803342,ok,(UNK),1,2100655,2021,,28,99,50000 and OVER,9,4295,Oak Park,C,Urban Minor Arterial,,16,29,11163456,1,Cook,0,21,,,5,N,No,Slow,202101034871,City,4,3.85,N,,,,(UNK),2035,(N/A),(UNK),No Defects,1,1,Minor Arterial,4,1398,X002139963,Not Toll,73,1,1,Not Divided,1,2946288.27270862,1913161.83841081,41.8946179,-87.78032845,,Urban,1,N,(N/A),Y,(N/A)
2021,2021-02-01,Monday,21,09:53 PM,Property Damage,No Injuries,0,0,0,0,0,2,Sideswipe Same Direction,12,N,N,Improper Lane Usage,Improper Lane Usage,Darkness / Lighted Road,Clear,Snow or Slush,Y,,,,,Traffic Signal,Functioning Properly,N,2,41.8653378,-87.7839758,ok,(UNK),1,2100713,2021,,20,20,50000 and OVER,9,4295,Oak Park,C,Urban Other Principal Arte,,16,1,11163464,2,Cook,0,21,,,1,N,No,Free Flow,202101034879,City,5,0,Y,,,,(UNK),2070,(N/A),(UNK),No Defects,1,3,Other Principal Arterial,3,,X002139971,Not Toll,52,3,4,"Divided, No Median Barrier",2,2945593.23279017,1902461.21024451,41.86533,-87.78397,,Urban,1,N,(N/A),Y,(N/A)
2021,2021-02-02,Tuesday,07,07:41 AM,Property Damage,No Injuries,0,0,0,0,0,1,Parked Motor Vehicle,9,N,N,Unable to Determine,(N/A),Daylight,Clear,Dry,N,,,,,No Controls,No Controls,N,2,41.9057287,-87.7821935,ok,(UNK),1,2100716,2021,,18,99,50000 and OVER,9,4295,Oak Park,C,Urban Local Road or Street,,16,2,11164870,2,Cook,0,21,,,2,N,No,Slow,202101036135,City,1,0.01,N,,,,(UNK),2837,(N/A),(UNK),No Defects,1,1,Local Road or Street,7,2630,X002141026,Not Toll,73,1,1,"Divided, No Median Barrier",2,2945669.52910725,1917193.87828093,41.90572082,-87.78218766,,Urban,1,N,(N/A),Y,(N/A)
2021,2021-01-07,Thursday,23,11:35 PM,Injury,B Injury Crash,1,0,0,1,0,0,Fixed Object,6,N,N,Under Influence of Alcohol/Drugs,Failing to Reduce Speed to Avoid Crash,Darkness / Lighted Road,Clear,Dry,N,,,,,Other,Functioning Properly,N,1,41.8792867,-87.8010967,ok,(UNK),3,03-21-00298,2021,,8,28,50000 and OVER,9,4295,Oak Park,C,Urban Local Road or Street,,16,7,11141527,1,Cook,2,21,,,4,N,No,(UNK),202101018004,ISP,5,0.03,N,,,,(UNK),3517,(N/A),(UNK),No Defects,1,1,Local Road or Street,7,2701,X002123079,Not Toll,,13,4,Divided With Median Barrier,3,2940789.30339192,1907415.38701692,41.87927889,-87.80109091,,Urban,1,N,(N/A),Y,(N/A)
2021,2021-01-03,Sunday,22,10:50 PM,Injury,B Injury Crash,1,0,0,1,0,2,Front to Rear,11,N,N,Following Too Closely,Failing to Reduce Speed to Avoid Crash,Darkness / Lighted Road,Clear,Dry,N,,,,,No Controls,No Controls,Y,2,41.8720205,-87.7850335,ok,Partial Access Control,3,03-21-00147,2021,,3,28,50000 and OVER,9,4295,Oak Park,C,Urban InterState,,16,3,11141532,1,Cook,2,21,,,7,N,No,(UNK),202101018007,ISP,5,22.55,Y,,,,(UNK),3519,(N/A),(UNK),No Defects,1,1,InterState,1,9290,X002123084,Not Toll,73,1,1,Divided With Median Barrier,3,2945237.5,1904888.5,41.87201268,-87.78502774,,Urban,1,N,(N/A),Y,(N/A)
2021,2021-01-03,Sunday,22,10:18 PM,Injury,B Injury Crash,1,0,0,1,0,2,Front to Rear,11,N,N,Under Influence of Alcohol/Drugs,Failing to Reduce Speed to Avoid Crash,Darkness / Lighted Road,Clear,Dry,N,,,,,Other,Functioning Properly,Y,2,41.8638918,-87.8800794,outside_oak_park,(UNK),3,03-21-00145,2021,,8,28,50000 and OVER,9,4295,Oak Park,C,Urban Local Road or Street,,16,3,11141535,1,Cook,2,21,,,7,N,No,(UNK),202101018010,ISP,5,0.03,N,,,,(UNK),3581,(N/A),(UNK),No Defects,1,1,Local Road or Street,7,1013,X002123087,Not Toll,,13,4,Divided With Median Barrier,3,2919428.57545698,1901221.96659369,41.863884,-87.88007355,,Urban,1,N,(N/A),Y,(N/A)
2021,2021-01-13,Wednesday,00,00:21 AM,Property Damage,No Injuries,0,0,0,0,0,2,Angle,15,N,N,Disregarding Stop Sign,(N/A),Darkness / Lighted Road,Clear,Dry,Y,,,,,Stop Sign,Functioning Properly,N,2,41.8814078,-87.8039057,ok,(UNK),1,2100288,2021,,23,99,50000 and OVER,9,4295,Oak Park,C,Urban Major Collector,,16,13,11140770,1,Cook,0,21,,,3,N,No,Slow,202101017374,City,5,0,N,,,,(UNK),4053,(N/A),(UNK),No Defects,1,1,Major Collector,5,,X002122324,Not Toll,73,2,4,Not Divided,1,2940003.0079384,1908167.27453208,41.8814,-87.80389988,,Urban,1,N,(N/A),Y,(N/A)
2021,2021-01-03,Sunday,22,10:48 PM,Injury,B Injury Crash,1,0,0,1,0,1,Fixed Object,6,N,N,Improper Lane Usage,Driving Skills/Knowledge/Experience,Darkness / Lighted Road,Clear,Dry,N,,,,,No Controls,No Controls,N,1,41.8710133,-87.7757853,ok,Partial Access Control,3,03-21-00146,2021,,20,15,50000 and OVER,9,4295,Oak Park,C,Urban InterState,,16,3,11131298,1,Cook,2,21,,,7,N,No,(UNK),202101011162,ISP,5,9.13,Y,,,,(UNK),4065,(N/A),(UNK),No Defects,1,1,InterState,1,290,X002114465,Not Toll,,1,1,"Divided, No Median Barrier",2,2947766.69972798,1904591.52909846,41.8710055,-87.77577952,,Urban,1,N,(N/A),Y,(N/A)
2021,2021-01-06,Wednesday,18,06:20 PM,Property Damage,No Injuries,0,0,0,0,0,2,Front to Rear,11,N,N,Following Too Closely,Failing to Reduce Speed to Avoid Crash,Darkness / Lighted Road,Clear,Dry,N,,,,,Other,Functioning Properly,Y,2,41.8709487,-87.7743823,ok,Partial Access Control,3,03-21-00254,2021,,3,28,50000 and OVER,9,4295,Oak Park,C,Urban InterState,,16,6,11141301,1,Cook,0,21,,,3,N,No,(UNK),202101017801,ISP,5,9.21,Y,,,,(UNK),4284,(N/A),(UNK),No Defects,1,1,InterState,1,290,X002122867,Not Toll,,13,4,Divided With Median Barrier,3,2948149.50730165,1904578.63215791,41.87094087,-87.77437651,,Urban,1,N,(N/A),Y,(N/A)