crash_year,crash_date,day_of_week,crash_hour,time_of_crash,crash_severity,crash_injury_severity,total_injured,total_fatals,a_injuries,b_injuries,c_injuries,no_injuries,type_of_first_crash,collision_type_code,pedestrian_involved,pedalcyclist_involved,cause1,cause2,lighting_cond,weather_cond,road_surface_cond,intersection_related,is_intersection,highway_or_street_name,at_intersection_with,address_no,traffic_control_device,traffic_control_device_cond,hit_and_run,number_of_vehicles,latitude,longitude,location_status,access_control,agency_code,agency_report_number,agency_report_year,alignment_code,cause1_code,cause2_code,city_class,city_class_code,city_code,city_name,city_township_flag,class_of_trafficway,class_of_trafficway_code,county_code,crash_day,crash_id,crash_month,crash_report_county,crash_severity_cd,crash_yr_source,damaged_property1,damaged_property2,day_of_week_code,did_crash_occur_in_work_zone,did_involve_secondary_crash,flow_condition,icn,investigating_agency_descrip,light_condition_code,mile_station,nhs,non_intersection_direction,non_intersection_distance,non_intersection_units,number_of_lanes,objectid,railroad_crossing_number,road_alignment,road_defects,road_defects_code,road_surface_condition_code,roadway_functional_class,roadway_functional_class_code,route_number,sfe,toll,township,traffic_control_device_code,traffic_control_device_cond_code,trafficway_descrip,trafficway_description_code,ts_crash_coordinate_x,ts_crash_coordinate_y,ts_crash_latitude,ts_crash_longitude,type_report,urban_rural,weather_code,were_workers_present,work_zone,work_zone_related,work_zone_type
2021,2021-01-22,Friday,22,10:30 PM,Property Damage,No Injuries,0,0,0,0,0,2,Angle,15,N,N,Failing to Reduce Speed to Avoid Crash,Unable to Determine,Darkness / Lighted Road,Other,Unknown,N,,,,,No Controls,No Controls,N,2,41.9032866,-87.7979497,ok,(UNK),1,2100506,2021,,28,18,50000 and OVER,9,4295,Oak Park,C,Urban Local Road or Street,,16,22,11155370,1,Cook,0,21,,,5,N,No,Free Flow,202101028123,City,5,0.39,N,,,,(UNK),5148,(N/A),(UNK),Unknown,99,9,Local Road or Street,7,2690,X002133273,Not Toll,73,1,1,Parking Lot,7,2941404.80859722,1916185.02367443,41.90327871,-87.79794385,,Urban,7,N,(N/A),N,(N/A)
2021,2021-01-21,Thursday,08,08:51 AM,Property Damage,No Injuries,0,0,0,0,0,2,Front to Rear,11,N,N,Following Too Closely,Unable to Determine,Daylight,Clear,Dry,Y,,,,,Traffic Signal,Functioning Properly,Y,2,41.8813878,-87.8047858,ok,(UNK),1,21-00199,2021,,3,18,50000 and OVER,9,4295,Oak Park,C,Urban Other Principal Arte,,16,21,11160291,1,Cook,0,21,,,4,N,No,Free Flow,202101032231,City,1,26.14,Y,,,,(UNK),5745,(N/A),(UNK),No Defects,1,1,Other Principal Arterial,3,5043,X002137482,Not Toll,73,3,4,"Divided, No Median Barrier",2,2939763.52364909,1908153.38389951,41.88138,-87.80478,,Urban,1,N,(N/A),Y,(N/A)
2021,2021-01-30,Saturday,01,01:12 AM,Property Damage,No Injuries,0,0,0,0,0,1,Fixed Object,6,N,N,Improper Lane Usage,Driving Skills/Knowledge/Experience,Darkness,Clear,Dry,N,,,,,Other Regualtory Sig,Functioning Properly,N,1,41.8733717,-87.8032965,ok,Partial Access Control,3,03-21-01364,2021,,20,15,50000 and OVER,9,4295,Oak Park,C,Urban InterState,,16,30,11161162,1,Cook,0,21,,,6,N,No,(UNK),202101032696,ISP,4,7.76,Y,,,,(UNK),5890,(N/A),(UNK),No Defects,1,1,InterState,1,290,X002137966,Not Toll,,10,4,Divided With Median Barrier,3,2940249.59649996,1905243.3469917,41.8733639,-87.80329068,,Urban,1,N,(N/A),Y,(N/A)
2021,2021-02-01,Monday,16,04:45 PM,Injury,B Injury Crash,1,0,0,1,0,1,Front to Rear,11,N,N,Following Too Closely,Failing to Reduce Speed to Avoid Crash,Daylight,Clear,Wet,N,,,,,Other,Functioning Properly,Y,2,41.8719013,-87.783704,ok,Partial Access Control,3,03-21-01520,2021,,3,28,50000 and OVER,9,4295,Oak Park,C,Urban InterState,,16,1,11169013,2,Cook,2,21,,,1,N,No,(UNK),202101039809,ISP,1,22.61,Y,,,,(UNK),7902,(N/A),(UNK),No Defects,1,2,InterState,1,9290,X002145071,Not Toll,73,13,4,Divided With Median Barrier,3,2945600.83919354,1904855.09248881,41.87189341,-87.7836982,,Urban,1,N,(N/A),Y,(N/A)
2021,2021-01-20,Wednesday,08,08:58 AM,Property Damage,No Injuries,0,0,0,0,0,1,Fixed Object,6,N,N,Unable to Determine,Unable to Determine,Unknown,Unknown,Unknown,N,,,,,Traffic Signal,Unknown,Y,2,41.8850428,-87.804027,ok,(UNK),1,2100411,2021,,18,18,50000 and OVER,9,4295,Oak Park,C,Urban Local Road or Street,,16,20,11149669,1,Cook,0,21,,,3,N,Yes,Free Flow,202101023991,City,9,0.12,N,,,,(UNK),8063,(N/A),(UNK),No Defects,1,9,Local Road or Street,7,2718,X002129047,Not Toll,73,3,9,"Divided, No Median Barrier",2,2939933.48370225,1909490.99441346,41.88503492,-87.80402119,,Urban,9,N,(N/A),Y,(N/A)
2021,2021-01-20,Wednesday,11,11:36 AM,Property Damage,No Injuries,0,0,0,0,0,3,Front to Rear,11,N,N,Failing to Reduce Speed to Avoid Crash,Unable to Determine,Daylight,Clear,Wet,Y,,,,,Traffic Signal,Functioning Properly,Y,2,41.8689679,-87.7840958,ok,(UNK),1,2100416,2021,,28,18,50000 and OVER,9,4295,Oak Park,C,Urban Major Collector,,16,20,11149839,1,Cook,0,21,,,3,N,No,Free Flow,202101024052,City,1,0,N,,,,(UNK),8392,(N/A),(UNK),No Defects,1,2,Major Collector,5,,X002129285,Not Toll,73,3,4,Four Way,14,2945523.80900401,1903783.1592761,41.86896005,-87.78409,,Urban,1,N,(N/A),Y,(N/A)
2021,2021-01-04,Monday,06,06:53 AM,Property Damage,No Injuries,0,0,0,0,0,2,Parked Motor Vehicle,9,N,N,Failing to Reduce Speed to Avoid Crash,Improper Lane Usage,Dawn,Snow,Snow or Slush,N,,,,,No Controls,No Controls,N,2,41.885296,-87.7944184,ok,(UNK),1,2100042,2021,,28,20,50000 and OVER,9,4295,Oak Park,C,Urban Major Collector,,16,4,11142719,1,Cook,0,21,,,1,N,No,Slow,202101018233,City,2,5.76,N,,,,(UNK),8841,(N/A),(UNK),No Defects,1,3,Major Collector,5,2775,X002123153,Not Toll,73,1,1,Not Divided,1,2942547.52950535,1909655.50987249,41.88528817,-87.79441258,,Urban,3,N,(N/A),Y,(N/A)
2021,2021-01-12,Tuesday,10,10:47 AM,Property Damage,No Injuries,0,0,0,0,0,1,Parked Motor Vehicle,9,N,N,(N/A),(N/A),Daylight,Clear,Dry,N,,,,,No Controls,No Controls,Y,2,41.8653532,-87.7833141,ok,(UNK),1,2100264,2021,,99,99,50000 and OVER,9,4295,Oak Park,C,Urban Other Principal Arte,,16,12,11142730,1,Cook,0,21,,,2,N,No,Free Flow,202101018234,City,1,7.07,Y,,,,(UNK),8842,(N/A),(UNK),No Defects,1,1,Other Principal Arterial,3,347,X002123154,Not Toll,52,1,1,"Divided, No Median Barrier",2,2945773.31550993,1902471.82416952,41.86534539,-87.78330834,,Urban,1,N,(N/A),Y,(N/A)
2021,2021-01-25,Monday,13,01:55 PM,Property Damage,No Injuries,0,0,0,0,0,2,Sideswipe Same Direction,12,N,N,Failing to Yield Right of Way,Failing to Reduce Speed to Avoid Crash,Daylight,Clear,Dry,N,,,,,No Controls,No Controls,N,2,41.8778852,-87.8037881,ok,(UNK),1,2100535,2021,,2,28,50000 and OVER,9,4295,Oak Park,C,Urban Local Road or Street,,16,25,11156351,1,Cook,0,21,,,1,N,No,Slow,202101029033,City,1,0.59,N,,,,(UNK),10864,(N/A),(UNK),No Defects,1,1,Local Road or Street,7,2718,X002134256,Not Toll,73,1,1,Parking Lot,7,2940070.38605684,1906884.42762878,41.87787732,-87.80378232,,Urban,1,N,(N/A),Y,(N/A)
2021,2021-01-29,Friday,14,02:17 PM,Property Damage,No Injuries,0,0,0,0,0,3,Front to Rear,11,N,N,Failing to Reduce Speed to Avoid Crash,Unable to Determine,Daylight,Clear,Dry,N,,,,,No Controls,No Controls,N,2,41.8796079,-87.8038473,ok,(UNK),1,2100646,2021,,28,18,50000 and OVER,9,4295,Oak Park,C,Urban Minor Arterial,,16,29,11165846,1,Cook,0,21,,,5,N,No,Free Flow,202101037044,City,1,0,N,,,,(UNK),10949,(N/A),(UNK),No Defects,1,1,Minor Arterial,4,,X002142095,Not Toll,73,1,1,"Divided, No Median Barrier",2,2940036.96831324,1907511.78787269,41.87960008,-87.80384153,,Urban,1,N,(N/A),Y,(N/A)
2021,2021-02-03,Wednesday,10,10:48 AM,Property Damage,No Injuries,0,0,0,0,0,2,Sideswipe Opposite Direction,13,N,N,Failing to Reduce Speed to Avoid Crash,Unable to Determine,Daylight,Clear,Dry,N,,,,,No Controls,No Controls,Y,2,41.8946162,-87.7767436,ok,(UNK),1,2100739,2021,,28,18,50000 and OVER,9,4295,Oak Park,C,Urban Local Road or Street,,16,3,11165848,2,Cook,0,21,,,3,N,No,Free Flow,202101037045,City,1,0.23,N,,,,(UNK),10950,(N/A),(UNK),No Defects,1,1,Local Road or Street,7,2603,X002142097,Not Toll,73,1,1,Not Divided,1,2947266.03193065,1913185.57188611,41.89460832,-87.77673777,,Urban,1,N,(N/A),Y,(N/A)
2021,2021-01-26,Tuesday,21,09:54 PM,Property Damage,No Injuries,0,0,0,0,0,1,Parked Motor Vehicle,9,N,N,Driving Skills/Knowledge/Experience,Driving Skills/Knowledge/Experience,Darkness / Lighted Road,Snow,Snow or Slush,N,,,,,No Controls,No Controls,N,2,41.9040312,-87.8056058,ok,(UNK),1,2100570,2021,,15,15,50000 and OVER,9,4295,Oak Park,C,Urban Other Principal Arte,,16,26,11156514,1,Cook,0,21,,,2,N,No,Slow,202101029161,City,5,17.98,Y,,,,(UNK),11725,(N/A),(UNK),No Defects,1,3,Other Principal Arterial,3,348,X002134492,Not Toll,73,1,1,Not Divided,1,2939313.02463121,1916398.90359825,41.90402337,-87.8056,,Urban,3,N,(N/A),Y,(N/A)
2021,2021-01-20,Wednesday,08,08:57 AM,Property Damage,No Injuries,0,0,0,0,0,3,Rear to Side,16,N,N,Improper Backing,Vision Obscured,Daylight,Clear,Snow or Slush,N,,,,,No Controls,No Controls,N,2,41.8834482,-87.7796654,ok,(UNK),1,2100410,2021,,30,14,50000 and OVER,9,4295,Oak Park,C,Urban Local Road or Street,,16,20,11150937,1,Cook,0,21,,,3,N,No,Free Flow,202101024944,City,1,0.33,N,,,,(UNK),11806,(N/A),(UNK),No Defects,1,3,Local Road or Street,7,3794,X002130041,Not Toll,73,1,1,Not Divided,1,2946583.74704875,1909093.60273749,41.88344038,-87.77965963,,Urban,1,N,(N/A),Y,(N/A)
2021,2021-01-20,Wednesday,18,06:28 PM,Injury,B Injury Crash,1,0,0,1,0,2,Front to Rear,11,N,N,Following Too Closely,Unable to Determine,Darkness / Lighted Road,Clear,Dry,Y,,,,,Traffic Signal,Functioning Properly,N,2,41.8799384,-87.7795378,ok,(UNK),1,2100438,2021,,3,18,50000 and OVER,9,4295,Oak Park,C,Urban Minor Arterial,,16,20,11150940,1,Cook,2,21,,,3,N,No,Slow,202101024946,City,5,0,N,,,,(UNK),11807,(N/A),(UNK),No Defects,1,1,Minor Arterial,4,,X002130044,Not Toll,73,3,4,Divided With Median Barrier,3,2946654.11124584,1907815.50596634,41.87993051,-87.77953197,,Urban,1,N,(N/A),Y,(N/A)
2021,2021-01-20,Wednesday,14,02:57 PM,Property Damage,No Injuries,0,0,0,0,0,2,Front to Rear,11,N,N,Failing to Reduce Speed to Avoid Crash,Following Too Closely,Daylight,Clear,Dry,N,,,,,Traffic Signal,Functioning Properly,N,2,41.8797426,-87.7949619,ok,(UNK),1,2100426,2021,,28,3,50000 and OVER,9,4295,Oak Park,C,Urban Minor Arterial,,16,20,11150941,1,Cook,0,21,,,3,N,No,Slow,202101024951,City,1,3.56,N,,,,(UNK),11808,(N/A),(UNK),No Defects,1,1,Minor Arterial,4,1419,X002130045,Not Toll,73,3,4,Not Divided,1,2942455.46814693,1907627.64568911,41.87973475,-87.79495614,,Urban,1,N,(N/A),Y,(N/A)
2021,2021-02-08,Monday,19,07:02 PM,Property Damage,No Injuries,0,0,0,0,0,2,Front to Front,14,N,N,Weather,Failing to Reduce Speed to Avoid Crash,Darkness / Lighted Road,Snow,Snow or Slush,Y,,,,,Stop Sign,Functioning Properly,N,2,41.8715884,-87.7890758,ok,(UNK),1,2100859,2021,,11,28,50000 and OVER,9,4295,Oak Park,C,Urban Minor Collector,,16,8,11174125,2,Cook,0,21,,,1,N,No,Free Flow,202101044386,City,5,0,N,,,,(UNK),11813,(N/A),(UNK),No Defects,1,3,Minor Collector,6,,X002149304,Not Toll,73,2,4,Not Divided,1,2944140.86122553,1904700.46966841,41.87158051,-87.78907,,Urban,3,N,(N/A),Y,(N/A)
2021,2021-01-26,Tuesday,10,10:49 AM,Property Damage,No Injuries,0,0,0,0,0,2,Front to Rear,11,N,N,Following Too Closely,Failing to Reduce Speed to Avoid Crash,Daylight,Snow,Snow or Slush,N,,,,,No Controls,No Controls,N,2,41.8867749,-87.8024175,ok,(UNK),1,2100556,2021,,3,28,50000 and OVER,9,4295,Oak Park,C,Urban Local Road or Street,,16,26,11174400,1,Cook,0,21,,,2,N,No,Slow,202101044619,City,1,0.12,N,,,,(UNK),12086,(N/A),(UNK),No Defects,1,3,Local Road or Street,7,3036,X002149552,Not Toll,73,1,1,"Divided, No Median Barrier",2,2940354.37357352,1910134.30710562,41.88676709,-87.80241171,,Urban,3,N,(N/A),Y,(N/A)
2021,2021-01-27,Wednesday,05,05:45 AM,Property Damage,No Injuries,0,0,0,0,0,2,Turning,10,N,N,Disregarding Stop Sign,(N/A),Darkness / Lighted Road,Clear,Wet,Y,,,,,Stop Sign,No Controls,N,2,41.8779416,-87.7941765,ok,(UNK),1,2100571,2021,,23,99,50000 and OVER,9,4295,Oak Park,C,Urban Major Collector,,16,27,11174402,1,Cook,0,21,LIGHT POLE,,3,N,No,Free Flow,202101044620,City,5,0,N,,,,(UNK),12087,(N/A),(UNK),No Defects,1,2,Major Collector,5,,X002149595,Not Toll,73,2,1,Not Divided,1,2942687.52114036,1906977.23893432,41.87793374,-87.79417072,,Urban,1,N,(N/A),Y,(N/A)
2021,2021-02-07,Sunday,22,10:25 PM,Property Damage,No Injuries,0,0,0,0,0,1,Fixed Object,6,N,N,Improper Lane Usage,Failing to Reduce Speed to Avoid Crash,Darkness / Lighted Road,Clear,Dry,N,,,,,No Controls,Other,N,1,41.873078,-87.8002267,ok,Partial Access Control,3,03-21-01835,2021,,20,28,50000 and OVER,9,4295,Oak Park,C,Urban InterState,,16,7,11170422,2,Cook,0,21,,,7,N,No,(UNK),202101041291,ISP,5,7.9,Y,,,,(UNK),13090,(N/A),(UNK),No Defects,1,1,InterState,1,290,X002146475,Not Toll,,1,7,Divided With Median Barrier,3,2941088.65556543,1905159.35973044,41.87307019,-87.80022091,,Urban,1,N,(N/A),Y,(N/A)
2021,2021-01-03,Sunday,02,02:03 AM,Property Damage,No Injuries,0,0,0,0,0,2,Front to Rear,11,N,N,Following Too Closely,Driving Skills/Knowledge/Experience,Darkness / Lighted Road,Snow,Wet,Y,,,,,No Controls,No Controls,Y,2,41.8745991,-87.7744699,ok,(UNK),1,2100028,2021,,3,15,50000 and OVER,9,4295,Oak Park,C,Urban Minor Arterial,,16,3,11134490,1,Cook,0,21,,,7,N,No,Slow,202101012651,City,5,8.09,N,,,,(UNK),13385,(N/A),(UNK),No Defects,1,2,Minor Arterial,4,2790,X002115690,Not Toll,,1,1,Not Divided,1,2948088.5423707,1905908.2374939,41.87459127,-87.77446415,,Urban,3,N,(N/A),Y,(N/A)
2021,2021-01-04,Monday,12,12:11 PM,Property Damage,No Injuries,0,0,0,0,0,1,Parked Motor Vehicle,9,N,N,Improper Lane Usage,Unable to Determine,Daylight,Cloudy/Overcast,Wet,N,,,,,No Controls,No Controls,Y,2,41.8800112,-87.7754157,ok,(UNK),1,2100050,2021,,20,18,50000 and OVER,9,4295,Oak Park,C,Urban Minor Arterial,,16,4,11134492,1,Cook,0,21,,,1,N,No,Free Flow,202101012653,City,1,4.58,N,,,,(UNK),13387,(N/A),(UNK),No Defects,1,2,Minor Arterial,4,1419,X002115692,Not Toll,73,1,1,Divided With Median Barrier,3,2947775.97579671,1907873.33818682,41.8800034,-87.7754099,,Urban,8,N,(N/A),Y,(N/A)
2021,2021-01-16,Saturday,21,09:14 PM,Property Damage,No Injuries,0,0,0,0,0,2,Front to Rear,11,N,N,Unable to Determine,(N/A),Darkness / Lighted Road,Clear,Dry,Y,,,,,Traffic Signal,Functioning Properly,Y,2,41.8762744,-87.784366,ok,(UNK),1,2100366,2021,,18,99,50000 and OVER,9,4295,Oak Park,C,Urban Major Collector,,16,16,11171641,1,Cook,0,21,,,6,N,No,Stopped,202101042039,City,5,0,N,,,,(UNK),13454,(N/A),(UNK),No Defects,1,1,Major Collector,5,,X002147127,Not Toll,73,3,4,Not Divided,1,2945376.27737986,1906443.73086068,41.87626654,-87.78436018,,Urban,1,N,(N/A),Y,(N/A)
2021,2021-01-04,Monday,12,12:50 PM,Property Damage,No Injuries,0,0,0,0,0,2,Angle,15,N,N,Failing to Yield Right of Way,Vision Obscured,Daylight,Cloudy/Overcast,Dry,Y,,,,,Stop Sign,Functioning Properly,N,2,41.8671377,-87.7840158,ok,(UNK),1,2100054,2021,,2,14,50000 and OVER,9,4295,Oak Park,C,Urban Major Collector,,16,4,11134519,1,Cook,0,21,,,1,N,No,Free Flow,202101012669,City,1,0,N,,,,(UNK),13493,(N/A),(UNK),No Defects,1,1,Major Collector,5,,X002116680,Not Toll,73,2,4,Four Way,14,2945564.12378097,1903116.79658372,41.86712983,-87.78401,,Urban,8,N,(N/A),Y,(N/A)
2021,2021-02-10,Wednesday,12,12:26 PM,Property Damage,No Injuries,0,0,0,0,0,2,Front to Rear,11,N,N,Following Too Closely,Failing to Reduce Speed to Avoid Crash,Daylight,Freezing Rain,Dry,N,,,,,No Controls,No Controls,N,2,41.866516,-87.804263,ok,(UNK),1,21-00455,2021,,3,28,50000 and OVER,9,4295,Oak Park,C,Urban Other Principal Arte,,16,10,11174559,2,Cook,0,21,,,3,N,No,Free Flow,202101044769,City,1,20.59,Y,,,,(UNK),13690,(N/A),(UNK),No Defects,1,1,Other Principal Arterial,3,348,X002149834,Not Toll,73,1,1,"Divided, No Median Barrier",2,2940055.14778075,1902737.74718004,41.86650817,-87.80425718,,Urban,10,N,(N/A),Y,(N/A)
2021,2021-02-04,Thursday,16,04:03 PM,Property Damage,No Injuries,0,0,0,0,0,3,Turning,10,N,N,Failing to Yield Right of Way,Failing to Reduce Speed to Avoid Crash,Daylight,Snow,Snow or Slush,Y,,,,,No Controls,No Controls,N,3,41.8870756,-87.7765071,ok,(UNK),1,2100773,2021,,2,28,50000 and OVER,9,4295,Oak Park,C,Urban Local Road or Street,,16,4,11170608,2,Cook,0,21,,,4,N,No,Slow,202101041437,City,1,0,N,,,,(UNK),13904,(N/A),(UNK),No Defects,1,3,Local Road or Street,7,,X002144513,Not Toll,73,1,1,"Divided, No Median Barrier",2,2947406.99174309,1910439.42929192,41.88706773,-87.77650134,,Urban,3,N,(N/A),Y,(N/A)
2021,2021-02-05,Friday,11,11:10 AM,Property Damage,No Injuries,0,0,0,0,0,1,Fixed Object,6,N,N,Weather,(N/A),Daylight,Clear,Ice,N,,,,,Traffic Signal,Functioning Properly,N,1,41.881587,-87.7941898,ok,(UNK),1,2100798,2021,,11,99,50000 and OVER,9,4295,Oak Park,C,Urban Major Collector,,16,5,11170611,2,Cook,0,21,,,5,N,No,Free Flow,202101041440,City,1,0.55,N,,,,(UNK),13905,(N/A),(UNK),No Defects,1,4,Major Collector,5,5,X002144516,Not Toll,73,3,4,Not Divided,1,2942647.17139112,1908305.59151314,41.88157914,-87.79418396,,Urban,1,N,(N/A),Y,(N/A)
2021,2021-02-01,Monday,12,12:24 PM,Property Damage,No Injuries,0,0,0,0,0,4,Rear to Front,18,N,N,Improper Backing,(N/A),Unknown,Unknown,Unknown,Y,,,,,No Controls,No Controls,N,2,41.8671805,-87.7815557,ok,(UNK),1,2100696,2021,,30,99,50000 and OVER,9,4295,Oak Park,C,Urban Local Road or Street,,16,1,11171495,2,Cook,0,21,,,1,N,No,Free Flow,202101041907,City,9,0,N,,,,(UNK),14415,(N/A),(UNK),No Defects,1,9,Local Road or Street,7,,X002146989,Not Toll,73,1,1,Not Divided,1,2946233.80568694,1903151.03518663,41.86717269,-87.7815499,,Urban,9,N,(N/A),Y,(N/A)
2021,2021-02-03,Wednesday,16,04:19 PM,Property Damage,No Injuries,0,0,0,0,0,2,Sideswipe Same Direction,12,N,N,Improper Overtaking/Passing,Improper Overtaking/Passing,Unknown,Unknown,Unknown,N,,,,,Unknown,Unknown,Y,2,41.8650278,-87.8042158,ok,(UNK),1,21-01017,2021,,4,4,50000 and OVER,9,4295,Oak Park,C,Urban Other Principal Arte,,16,3,11175645,2,Cook,0,21,,,3,N,No,Free Flow,202101045791,City,9,25.01,Y,,,,(UNK),14605,(N/A),(UNK),Unknown,99,9,Other Principal Arterial,3,5043,X002150828,Not Toll,52,99,9,"Divided, No Median Barrier",2,2940082.93081867,1902195.78557851,41.86502,-87.80421,,Urban,9,N,(N/A),N,(N/A)
2021,2021-02-09,Tuesday,19,07:46 PM,Property Damage,No Injuries,0,0,0,0,0,2,Sideswipe Same Direction,12,N,N,Improper Overtaking/Passing,Failing to Reduce Speed to Avoid Crash,Darkness / Lighted Road,Cloudy/Overcast,Dry,N,,,,,Traffic Signal,Functioning Properly,N,2,41.8867118,-87.8049543,ok,(UNK),1,2100885,2021,,4,28,50000 and OVER,9,4295,Oak Park,C,Urban Other Principal Arte,,16,9,11175707,2,Cook,0,21,,,2,N,No,Slow,202101045829,City,5,26.51,Y,,,,(UNK),14810,(N/A),(UNK),No Defects,1,1,Other Principal Arterial,3,5043,X002150739,Not Toll,73,3,4,"Divided, No Median Barrier",2,2939664.21536085,1910092.27238537,41.88670397,-87.80494849,,Urban,8,N,(N/A),Y,(N/A)
2021,2021-01-13,Wednesday,10,10:02 AM,Property Damage,No Injuries,0,0,0,0,0,2,Turning,10,N,N,Failing to Yield Right of Way,Failing to Reduce Speed to Avoid Crash,Daylight,Clear,Dry,Y,,,,,No Controls,No Controls,N,2,41.8815776,-87.7926484,ok,(UNK),1,2100293,2021,,2,28,50000 and OVER,9,4295,Oak Park,C,Urban Major Collector,,16,13,11144025,1,Cook,0,21,,,3,N,No,Free Flow,202101018950,City,1,0,N,,,,(UNK),15436,(N/A),(UNK),No Defects,1,1,Major Collector,5,,X002124023,Not Toll,73,1,1,Not Divided,1,2943067.01639825,1908313.78775107,41.88156976,-87.79264265,,Urban,1,N,(N/A),Y,(N/A)
2021,2021-01-13,Wednesday,17,05:42 PM,Property Damage,No Injuries,0,0,0,0,0,1,Parked Motor Vehicle,9,N,N,Improper Lane Usage,Failing to Reduce Speed to Avoid Crash,Daylight,Unknown,Unknown,N,,,,,No Controls,No Controls,Y,2,41.8869587,-87.7857376,ok,(UNK),1,2100306,2021,,20,28,50000 and OVER,9,4295,Oak Park,C,Urban Local Road or Street,,16,13,11144026,1,Cook,0,21,,,3,N,No,Free Flow,202101018951,City,1,0.96,N,,,,(UNK),15437,(N/A),(UNK),No Defects,1,9,Local Road or Street,7,3036,X002124024,Not Toll,73,1,1,Not Divided,1,2944894.62140941,1910326.92532175,41.88695086,-87.78573184,,Urban,9,N,(N/A),Y,(N/A)
2021,2021-01-06,Wednesday,18,06:20 PM,Property Damage,No Injuries,0,0,0,0,0,2,Front to Rear,11,N,N,Failing to Reduce Speed to Avoid Crash,Following Too Closely,Darkness / Lighted Road,Clear,Dry,N,,,,,No Controls,No Controls,N,2,41.872513,-87.794344,ok,Partial Access Control,3,03-20-00251,2021,,28,3,50000 and OVER,9,4295,Oak Park,C,Urban InterState,,16,6,11134999,1,Cook,0,21,,,3,N,No,(UNK),202101013012,ISP,5,8.17,Y,,,,(UNK),15515,(N/A),(UNK),No Defects,1,1,InterState,1,290,X002117336,Not Toll,,1,1,Divided With Median Barrier,3,2942696.6146883,1904997.71194342,41.87250518,-87.7943382,,Urban,1,N,(N/A),Y,(N/A)
2021,2021-01-27,Wednesday,20,08:24 PM,Property Damage,No Injuries,0,0,0,0,0,2,Sideswipe Same Direction,12,N,N,Failing to Reduce Speed to Avoid Crash,Following Too Closely,Darkness / Lighted Road,Clear,Dry,N,,,,,Other,Functioning Properly,N,2,41.896144,-87.8053281,ok,(UNK),1,2100092,2021,,28,3,50000 and OVER,9,4295,Oak Park,C,Urban Other Principal Arte,,16,27,11157934,1,Cook,0,21,,,3,N,Yes,Slow,202101030204,City,5,18.53,Y,,,,(UNK),16708,(N/A),(UNK),No Defects,1,1,Other Principal Arterial,3,348,X002135426,Not Toll,73,13,4,"Divided, No Median Barrier",2,2939467.79065057,1913526.73695423,41.89613616,-87.80532226,,Urban,1,N,(N/A),Y,(N/A)
2021,2021-01-27,Wednesday,11,11:17 AM,Property Damage,No Injuries,0,0,0,0,0,3,Parked Motor Vehicle,9,N,N,Improper Overtaking/Passing,Failing to Reduce Speed to Avoid Crash,Daylight,Clear,Snow or Slush,N,,,,,No Controls,No Controls,N,2,41.8765257,-87.7972777,ok,(UNK),1,2100574,2021,,4,28,50000 and OVER,9,4295,Oak Park,C,Urban Local Road or Street,,16,27,11159105,1,Cook,0,21,,,3,N,No,Free Flow,202101031212,City,1,0.22,N,,,,(UNK),16805,(N/A),(UNK),No Defects,1,3,Local Road or Street,7,2690,X002136348,Not Toll,73,1,1,Not Divided,1,2941857.17512527,1906437.93393973,41.87651789,-87.79727189,,Urban,1,N,(N/A),Y,(N/A)
2021,2021-01-27,Wednesday,09,09:02 AM,Property Damage,No Injuries,0,0,0,0,0,2,Turning,10,N,N,Weather,Failing to Reduce Speed to Avoid Crash,Daylight,Clear,Snow or Slush,Y,,,,,Stop Sign,Functioning Properly,N,2,41.8734488,-87.7986058,ok,(UNK),1,2100573,2021,,11,28,50000 and OVER,9,4295,Oak Park,C,Urban Local Road or Street,,16,27,11159107,1,Cook,0,21,,,3,N,No,Free Flow,202101031214,City,1,0,N,,,,(UNK),16807,(N/A),(UNK),No Defects,1,3,Local Road or Street,7,,X002136350,Not Toll,73,2,4,Not Divided,1,2941526.40202981,1905306.648791,41.87344094,-87.79860003,,Urban,1,N,(N/A),Y,(N/A)
2021,2021-01-27,Wednesday,17,05:27 PM,Property Damage,No Injuries,0,0,0,0,0,2,Front to Rear,11,N,N,Failing to Reduce Speed to Avoid Crash,(N/A),Darkness / Lighted Road,Clear,Snow or Slush,N,,,,,Traffic Signal,No Controls,N,2,41.8798157,-87.7883008,ok,(UNK),1,2100596,2021,,28,99,50000 and OVER,9,4295,Oak Park,C,Urban Minor Arterial,,16,27,11159110,1,Cook,0,21,,,3,N,No,Stopped,202101031217,City,5,3.91,N,,,,(UNK),16815,(N/A),(UNK),No Defects,1,3,Minor Arterial,4,1419,X002136353,Not Toll,73,3,1,"Divided, No Median Barrier",2,2944268.81727524,1907704.49805171,41.87980781,-87.78829504,,Urban,1,N,(N/A),Y,(N/A)
2021,2021-01-22,Friday,11,11:51 AM,Property Damage,No Injuries,0,0,0,0,0,3,Front to Rear,11,N,N,Following Too Closely,Following Too Closely,Daylight,Clear,Dry,N,,,,,Traffic Signal,Functioning Properly,N,3,41.8799403,-87.7801006,ok,(UNK),1,2100473,2021,,3,3,50000 and OVER,9,4295,Oak Park,C,Urban Minor Arterial,,16,22,11159111,1,Cook,0,21,,,5,N,Yes,Stopped,202101031218,City,1,4.34,N,,,,(UNK),16816,(N/A),(UNK),No Defects,1,1,Minor Arterial,4,1419,X002136354,Not Toll,73,3,4,"Divided, No Median Barrier",2,2946500.80608575,1907811.93648349,41.87993242,-87.78009481,,Urban,1,N,(N/A),Y,(N/A)