crash_year,crash_date,day_of_week,crash_hour,time_of_crash,crash_severity,crash_injury_severity,total_injured,total_fatals,a_injuries,b_injuries,c_injuries,no_injuries,type_of_first_crash,collision_type_code,pedestrian_involved,pedalcyclist_involved,cause1,cause2,lighting_cond,weather_cond,road_surface_cond,intersection_related,is_intersection,highway_or_street_name,at_intersection_with,address_no,traffic_control_device,traffic_control_device_cond,hit_and_run,number_of_vehicles,latitude,longitude,location_status,access_control,agency_code,agency_report_number,agency_report_year,alignment_code,cause1_code,cause2_code,city_class,city_class_code,city_code,city_name,city_township_flag,class_of_trafficway,class_of_trafficway_code,county_code,crash_day,crash_id,crash_month,crash_report_county,crash_severity_cd,crash_yr_source,damaged_property1,damaged_property2,day_of_week_code,did_crash_occur_in_work_zone,did_involve_secondary_crash,flow_condition,icn,investigating_agency_descrip,light_condition_code,mile_station,nhs,non_intersection_direction,non_intersection_distance,non_intersection_units,number_of_lanes,objectid,railroad_crossing_number,road_alignment,road_defects,road_defects_code,road_surface_condition_code,roadway_functional_class,roadway_functional_class_code,route_number,sfe,toll,township,traffic_control_device_code,traffic_control_device_cond_code,trafficway_descrip,trafficway_description_code,ts_crash_coordinate_x,ts_crash_coordinate_y,ts_crash_latitude,ts_crash_longitude,type_report,urban_rural,weather_code,were_workers_present,work_zone,work_zone_related,work_zone_type
2021,2021-01-27,Wednesday,19,07:00 PM,Property Damage,No Injuries,0,0,0,0,0,2,Front to Rear,11,N,N,Failing to Reduce Speed to Avoid Crash,Following Too Closely,Darkness / Lighted Road,Snow,Snow or Slush,N,,,,,No Controls,No Controls,N,2,41.8736467,-87.803058,ok,Partial Access Control,3,03-21-01256,2021,,28,3,50000 and OVER,9,4295,Oak Park,C,Urban InterState,,16,27,11158698,1,Cook,0,21,,,3,N,No,(UNK),202101030849,ISP,5,21.65,Y,,,,(UNK),16947,(N/A),(UNK),No Defects,1,3,InterState,1,9290,X002136091,Not Toll,73,1,1,Divided With Median Barrier,3,2940311.78819243,1905345.31938446,41.87363882,-87.80305221,,Urban,3,N,(N/A),Y,(N/A)
2021,2021-01-20,Wednesday,09,09:50 AM,Property Damage,No Injuries,0,0,0,0,0,2,Front to Rear,11,N,N,Failing to Reduce Speed to Avoid Crash,Following Too Closely,Daylight,Clear,Dry,N,,,,,No Controls,No Controls,N,2,41.8709459,-87.7746547,ok,Partial Access Control,3,03-21-00893,2021,,28,3,50000 and OVER,9,4295,Oak Park,C,Urban InterState,,16,20,11158265,1,Cook,0,21,,,3,N,No,(UNK),202101030450,ISP,1,9.19,Y,,,,(UNK),16976,(N/A),(UNK),No Defects,1,1,InterState,1,290,X002135687,Not Toll,,1,1,Ramp,11,2948075.33672827,1904575.55377692,41.8709381,-87.77464892,,Urban,1,N,(N/A),Y,(N/A)
2021,2021-01-22,Friday,15,03:00 PM,Property Damage,No Injuries,0,0,0,0,0,1,Parked Motor Vehicle,9,N,N,Failing to Reduce Speed to Avoid Crash,Unable to Determine,Daylight,Clear,Dry,N,,,,,No Controls,No Controls,Y,2,41.9088842,-87.8033734,ok,(UNK),1,2100486,2021,,28,18,50000 and OVER,9,4295,Oak Park,C,Urban Other Principal Arte,,16,22,11157955,1,Cook,0,21,,,5,N,No,Stopped,202101030223,City,1,6.05,Y,,,,(UNK),17118,(N/A),(UNK),No Defects,1,1,Other Principal Arterial,3,307,X002135250,Not Toll,73,1,1,Not Divided,1,2939872.00634247,1918184.17351109,41.90887637,-87.80336764,,Urban,1,N,(N/A),Y,(N/A)
2021,2021-01-26,Tuesday,17,05:30 PM,Property Damage,No Injuries,0,0,0,0,0,2,Sideswipe Same Direction,12,N,N,Improper Lane Usage,Failing to Reduce Speed to Avoid Crash,Darkness / Lighted Road,Clear,Dry,N,,,,,No Controls,No Controls,Y,2,41.8730747,-87.800193,ok,Partial Access Control,3,03-21-01375,2021,,20,28,50000 and OVER,9,4295,Oak Park,C,Urban InterState,,16,26,11162480,1,Cook,0,21,,,2,N,No,(UNK),202101033950,ISP,5,7.9,Y,,,,(UNK),17605,(N/A),(UNK),No Defects,1,1,InterState,1,290,X002139204,Not Toll,,1,1,Ramp,11,2941097.88170735,1905158.38341396,41.87306681,-87.80018716,,Urban,1,N,(N/A),Y,(N/A)
2021,2021-01-31,Sunday,21,09:20 PM,Property Damage,No Injuries,0,0,0,0,0,1,Parked Motor Vehicle,9,N,N,Weather,Failing to Reduce Speed to Avoid Crash,Darkness / Lighted Road,Snow,Snow or Slush,N,,,,,No Controls,No Controls,Y,2,41.8946906,-87.7771275,ok,(UNK),1,2100683,2021,,11,28,50000 and OVER,9,4295,Oak Park,C,Urban Minor Arterial,,16,31,11162210,1,Cook,0,21,,,7,N,No,Free Flow,202101033692,City,5,4.02,N,,,,(UNK),17725,(N/A),(UNK),No Defects,1,3,Minor Arterial,4,1398,X002138671,Not Toll,73,1,1,"Divided, No Median Barrier",2,2947160.730482,1913209.78253499,41.89468275,-87.77712173,,Urban,3,N,(N/A),Y,(N/A)
2021,2021-01-17,Sunday,18,06:25 PM,Property Damage,No Injuries,0,0,0,0,0,3,Front to Rear,11,N,N,Failing to Reduce Speed to Avoid Crash,Following Too Closely,Darkness / Lighted Road,Rain,Wet,N,,,,,No Controls,No Controls,N,3,41.8709719,-87.7750994,ok,Partial Access Control,3,03-21-00759,2021,,28,3,50000 and OVER,9,4295,Oak Park,C,Urban InterState,,16,17,11146164,1,Cook,0,21,,,7,N,No,(UNK),202101020982,ISP,5,9.17,Y,,,,(UNK),19675,(N/A),(UNK),No Defects,1,2,InterState,1,290,X002126126,Not Toll,,1,1,Divided With Median Barrier,3,2947953.96163115,1904581.62831687,41.87096404,-87.77509356,,Urban,2,N,(N/A),Y,(N/A)
2021,2021-01-14,Thursday,21,09:34 PM,Property Damage,No Injuries,0,0,0,0,0,4,Other Object,7,N,N,Distraction - From Outside Vehicle,Improper Lane Usage,Darkness / Lighted Road,Snow,Snow or Slush,N,,,,,No Controls,Functioning Properly,N,1,41.8737399,-87.8041149,ok,Partial Access Control,3,03-21-00616,2021,,40,20,50000 and OVER,9,4295,Oak Park,C,Urban InterState,,16,14,11153186,1,Cook,0,21,,,4,N,No,(UNK),202101026139,ISP,5,21.6,Y,,,,(UNK),20493,(N/A),(UNK),No Defects,1,3,InterState,1,9290,X002131509,Not Toll,73,1,4,Divided With Median Barrier,3,2940023.00373505,1905371.36272913,41.87373204,-87.80410906,,Urban,3,N,(N/A),Y,(N/A)
2021,2021-01-08,Friday,10,10:04 AM,Injury,C Injury Crash,1,0,0,0,1,1,Pedestrian,1,Y,N,Unable to Determine,Unable to Determine,Daylight,Clear,Dry,Y,,,,,Traffic Signal,Functioning Properly,Y,1,41.8736416,-87.8045258,ok,Partial Access Control,1,21-00063,2021,,18,18,50000 and OVER,9,4295,Oak Park,C,Urban InterState,,16,8,11136827,1,Cook,1,21,,,5,N,No,Free Flow,202101014358,City,1,25.61,Y,,,,(UNK),20972,(N/A),(UNK),No Defects,1,1,InterState,1,5043,X002119084,Not Toll,73,3,4,"Divided, No Median Barrier",2,2939912.062394,1905332.46992192,41.87363377,-87.80452,,Urban,1,N,(N/A),Y,(N/A)
2021,2021-01-09,Saturday,11,11:50 AM,Property Damage,No Injuries,0,0,0,0,0,2,Sideswipe Same Direction,12,N,N,Failing to Reduce Speed to Avoid Crash,Improper Lane Usage,Daylight,Clear,Dry,N,,,,,No Controls,No Controls,N,2,41.8716293,-87.7805983,ok,Partial Access Control,3,03-21-00356,2021,,28,20,50000 and OVER,9,4295,Oak Park,C,Urban InterState,,16,9,11137300,1,Cook,0,21,,,6,N,No,(UNK),202101014738,ISP,1,22.77,Y,,,,(UNK),21241,(N/A),(UNK),No Defects,1,1,InterState,1,9290,X002119554,Not Toll,73,1,1,Divided With Median Barrier,3,2946449.5,1904779.5,41.87162146,-87.78059253,,Urban,1,N,(N/A),Y,(N/A)
2021,2021-02-08,Monday,08,08:18 AM,Property Damage,No Injuries,0,0,0,0,0,2,Front to Rear,11,N,N,Failing to Reduce Speed to Avoid Crash,Following Too Closely,Daylight,Snow,Wet,N,,,,,No Controls,No Controls,N,2,41.8897375,-87.8050787,ok,(UNK),1,2100844,2021,,28,3,50000 and OVER,9,4295,Oak Park,C,Urban Other Principal Arte,,16,8,11172450,2,Cook,0,21,,,1,N,No,Stopped,202101042807,City,1,18.98,Y,,,,(UNK),21271,(N/A),(UNK),No Defects,1,2,Other Principal Arterial,3,348,X002147691,Not Toll,73,1,1,"Divided, No Median Barrier",2,2939599.97711699,1911193.95314006,41.88972965,-87.8050729,,Urban,3,N,(N/A),Y,(N/A)
2021,2021-02-08,Monday,16,04:00 PM,Property Damage,No Injuries,0,0,0,0,0,2,Angle,15,N,N,Disregarding Stop Sign,Failing to Yield Right of Way,Dusk,Snow,Snow or Slush,N,,,,,Stop Sign,Functioning Properly,Y,2,41.8690991,-87.7754621,ok,(UNK),1,2100857,2021,,23,2,50000 and OVER,9,4295,Oak Park,C,Urban Local Road or Street,,16,8,11172455,2,Cook,0,21,,,1,N,No,Free Flow,202101042812,City,3,0,N,,,,(UNK),21272,(N/A),(UNK),No Defects,1,3,Local Road or Street,7,,X002147696,Not Toll,73,2,4,Not Divided,1,2947874.17175429,1903896.39602449,41.86909125,-87.77545634,,Urban,3,N,(N/A),Y,(N/A)
2021,2021-02-06,Saturday,17,05:47 PM,Property Damage,No Injuries,0,0,0,0,0,1,Parked Motor Vehicle,9,N,N,Weather,Unable to Determine,Darkness / Lighted Road,Snow,Snow or Slush,N,,,,,No Controls,No Controls,N,2,41.8874511,-87.7815919,ok,(UNK),1,2100821,2021,,11,18,50000 and OVER,9,4295,Oak Park,C,Urban Local Road or Street,,16,6,11172479,2,Cook,0,21,,,6,N,No,Free Flow,202101042822,City,5,0.14,N,,,,(UNK),21325,(N/A),(UNK),No Defects,1,3,Local Road or Street,7,3005,X002147670,Not Toll,73,1,1,One-Way,10,2946018.55019519,1910537.71314813,41.8874432,-87.78158613,,Urban,3,N,(N/A),Y,(N/A)
2021,2021-02-04,Thursday,14,02:00 PM,Property Damage,No Injuries,0,0,0,0,0,1,Parked Motor Vehicle,9,N,N,Unable to Determine,(N/A),Daylight,Snow,Snow or Slush,N,,,,,No Controls,No Controls,N,2,41.8799299,-87.7815644,ok,(UNK),1,2100796,2021,,18,99,50000 and OVER,9,4295,Oak Park,C,Urban Minor Arterial,,16,4,11172481,2,Cook,0,21,,,4,N,No,Free Flow,202101042823,City,1,4.27,N,,,,(UNK),21326,(N/A),(UNK),No Defects,1,3,Minor Arterial,4,1419,X002147671,Not Toll,73,1,1,"Divided, No Median Barrier",2,2946102.26438309,1907797.07068547,41.87992205,-87.7815586,,Urban,3,N,(N/A),Y,(N/A)
2021,2021-02-05,Friday,17,05:31 PM,Property Damage,No Injuries,0,0,0,0,0,6,Front to Rear,11,N,N,Weather,(N/A),Darkness / Lighted Road,Clear,Ice,N,,,,,Traffic Signal,Functioning Properly,N,2,41.881587,-87.7941903,ok,(UNK),1,2100802,2021,,11,99,50000 and OVER,9,4295,Oak Park,C,Urban Major Collector,,16,5,11172484,2,Cook,0,21,,,5,N,No,Free Flow,202101042827,City,5,0.55,N,,,,(UNK),21327,(N/A),(UNK),No Defects,1,4,Major Collector,5,5,X002147674,Not Toll,73,3,4,Not Divided,1,2942647.02900025,1908305.58869494,41.88157914,-87.79418449,,Urban,1,N,(N/A),Y,(N/A)
2021,2021-02-06,Saturday,16,04:00 PM,Property Damage,No Injuries,0,0,0,0,0,1,Parked Motor Vehicle,9,N,N,Failing to Reduce Speed to Avoid Crash,Unable to Determine,Daylight,Clear,Snow or Slush,N,,,,,No Controls,No Controls,Y,2,41.9067256,-87.7832758,ok,(UNK),1,2100833,2021,,28,18,50000 and OVER,9,4295,Oak Park,C,Urban Major Collector,,16,6,11172486,2,Cook,0,21,,,6,N,No,Free Flow,202101042829,City,1,0.17,N,,,,(UNK),21328,(N/A),(UNK),No Defects,1,3,Major Collector,5,2783,X002147676,Not Toll,73,1,1,Not Divided,1,2945364.78457313,1917548.9950688,41.90671777,-87.78327,,Urban,1,N,(N/A),Y,(N/A)
2021,2021-02-06,Saturday,17,05:40 PM,Property Damage,No Injuries,0,0,0,0,0,2,Front to Rear,11,N,N,Weather,Failing to Reduce Speed to Avoid Crash,Darkness / Lighted Road,Snow,Snow or Slush,N,,,,,Traffic Signal,Functioning Properly,N,2,41.8882737,-87.7846938,ok,(UNK),1,2100822,2021,,11,28,50000 and OVER,9,4295,Oak Park,C,Urban Major Collector,,16,6,11172488,2,Cook,0,21,,,6,N,No,Slow,202101042831,City,5,0.93,N,,,,(UNK),21361,(N/A),(UNK),No Defects,1,3,Major Collector,5,2783,X002147678,Not Toll,73,3,4,"Divided, No Median Barrier",2,2945165.56614895,1910814.04568667,41.8882659,-87.78468797,,Urban,3,N,(N/A),Y,(N/A)
2021,2021-02-07,Sunday,20,08:00 PM,Injury,B Injury Crash,1,0,0,1,0,2,Turning,10,N,N,Failing to Yield Right of Way,(N/A),Darkness / Lighted Road,Cloudy/Overcast,Wet,Y,,,,,No Controls,No Controls,N,2,41.908931,-87.7995962,ok,(UNK),1,2100841,2021,,2,99,50000 and OVER,9,4295,Oak Park,C,Urban Other Principal Arte,,16,7,11172491,2,Cook,2,21,,,7,N,No,Free Flow,202101042834,City,5,129.49,Y,,,,(UNK),21362,(N/A),(UNK),No Defects,1,2,Other Principal Arterial,3,5064,X002147682,Not Toll,73,1,1,T-Intersection,15,2940899.75464434,1918229.58323526,41.90892313,-87.79959043,,Urban,8,N,(N/A),Y,(N/A)
2021,2021-02-08,Monday,17,05:00 PM,Property Damage,No Injuries,0,0,0,0,0,2,Front to Rear,11,N,N,Driving Skills/Knowledge/Experience,Failing to Reduce Speed to Avoid Crash,Darkness / Lighted Road,Snow,Snow or Slush,N,,,,,Delineators,Functioning Properly,N,2,41.8711597,-87.7749803,ok,Partial Access Control,3,03-21-01887,2021,,15,28,50000 and OVER,9,4295,Oak Park,C,Urban InterState,,16,8,11172565,2,Cook,0,21,,,1,N,No,(UNK),202101042898,ISP,5,0.02,Y,,,,(UNK),21569,(N/A),(UNK),No Defects,1,3,InterState,1,290,X002147978,Not Toll,73,14,4,Divided With Median Barrier,3,2947984.48182136,1904650.9698381,41.87115184,-87.77497451,,Urban,3,N,(N/A),Y,(N/A)
2021,2021-02-08,Monday,14,02:18 PM,Property Damage,No Injuries,0,0,0,0,0,3,Front to Rear,11,N,N,Failing to Reduce Speed to Avoid Crash,Following Too Closely,Daylight,Snow,Wet,N,,,,,Other Regualtory Sig,Functioning Properly,Y,3,41.8720286,-87.7883572,ok,Partial Access Control,3,03-21-01874,2021,,28,3,50000 and OVER,9,4295,Oak Park,C,Urban InterState,,16,8,11172932,2,Cook,0,21,,,1,N,No,(UNK),202101043252,ISP,1,8.49,Y,,,,(UNK),21800,(N/A),(UNK),No Defects,1,2,InterState,1,290,X002148319,Not Toll,,10,4,Divided With Median Barrier,3,2944332.14545551,1904866.32881658,41.87202075,-87.78835139,,Urban,3,N,(N/A),Y,(N/A)
2021,2021-02-02,Tuesday,19,07:42 PM,Property Damage,No Injuries,0,0,0,0,0,2,Turning,10,N,N,Failing to Yield Right of Way,Failing to Reduce Speed to Avoid Crash,Darkness / Lighted Road,Clear,Dry,Y,,,,,Traffic Signal,Functioning Properly,Y,2,41.8800146,-87.774671,ok,(UNK),1,2100734,2021,,2,28,50000 and OVER,9,4295,Oak Park,C,Urban Minor Arterial,,16,2,11167427,2,Cook,0,21,,,2,N,No,Slow,202101038287,City,5,0,N,,,,(UNK),22155,(N/A),(UNK),No Defects,1,1,Minor Arterial,4,,X002143318,Not Toll,,3,4,Other,8,2947978.740853,1907880.22697333,41.88000679,-87.77466524,,Urban,1,N,(N/A),Y,(N/A)
2021,2021-02-04,Thursday,09,09:43 AM,Property Damage,No Injuries,0,0,0,0,0,2,Front to Rear,11,N,N,Failing to Reduce Speed to Avoid Crash,Following Too Closely,Dawn,Clear,Dry,N,,,,,Traffic Signal,Functioning Properly,N,2,41.9092379,-87.7761144,ok,(UNK),1,2100764,2021,,28,3,50000 and OVER,9,4295,Oak Park,C,Urban Other Principal Arte,,16,4,11167430,2,Cook,0,21,,,4,N,No,Free Flow,202101038290,City,2,7.45,Y,,,,(UNK),22196,(N/A),(UNK),No Defects,1,1,Other Principal Arterial,3,307,X002143321,Not Toll,73,3,4,Not Divided,1,2947288.7744614,1918518.78082406,41.90923,-87.7761086,,Urban,1,N,(N/A),Y,(N/A)
2021,2021-02-04,Thursday,12,12:13 PM,Property Damage,No Injuries,0,0,0,0,0,3,Sideswipe Same Direction,12,N,N,Failing to Reduce Speed to Avoid Crash,Unable to Determine,Daylight,Clear,Dry,N,,,,,No Controls,No Controls,N,2,41.8905139,-87.7752403,ok,(UNK),1,2100768,2021,,28,18,50000 and OVER,9,4295,Oak Park,C,Urban Local Road or Street,,16,4,11167431,2,Cook,0,21,,,4,N,No,Free Flow,202101038291,City,1,0.64,N,,,,(UNK),22197,(N/A),(UNK),No Defects,1,1,Local Road or Street,7,3060,X002143322,Not Toll,73,1,1,Not Divided,1,2947717.02542744,1911702.05240003,41.89050609,-87.7752345,,Urban,1,N,(N/A),Y,(N/A)
2021,2021-01-05,Tuesday,08,08:40 AM,Injury,C Injury Crash,1,0,0,0,1,3,Front to Rear,11,N,N,Following Too Closely,Cell Phone Use Other Than Texting,Daylight,Clear,Unknown,Y,,,,,Traffic Signal,Functioning Properly,Y,2,41.888658,-87.8007556,ok,(UNK),1,2100082,2021,,3,45,50000 and OVER,9,4295,Oak Park,C,Urban Major Collector,,16,5,11139028,1,Cook,1,21,,,2,N,No,Stopped,202101015938,City,1,0,N,,,,(UNK),23410,(N/A),(UNK),Unknown,99,9,Major Collector,5,,X002118510,Not Toll,73,3,4,"Divided, No Median Barrier",2,2940788.00060276,1910832.99927518,41.88865013,-87.8007498,,Urban,1,N,(N/A),N,(N/A)
2021,2021-01-05,Tuesday,14,02:50 PM,Injury,B Injury Crash,1,0,0,1,0,3,Pedalcyclist,2,N,Y,Failing to Reduce Speed to Avoid Crash,Following Too Closely,Daylight,Clear,Dry,N,,,,,No Controls,No Controls,N,1,41.8946764,-87.7778915,ok,(UNK),1,2100092,2021,,28,3,50000 and OVER,9,4295,Oak Park,C,Urban Minor Arterial,,16,5,11139030,1,Cook,2,21,,,2,N,No,Free Flow,202101015940,City,1,3.98,N,,,,(UNK),23411,(N/A),(UNK),No Defects,1,1,Minor Arterial,4,1398,X002118512,Not Toll,73,1,1,Not Divided,1,2946952.85717107,1913198.83138487,41.8946686,-87.77788572,,Urban,1,N,(N/A),Y,(N/A)
2021,2021-01-05,Tuesday,17,05:14 PM,Property Damage,No Injuries,0,0,0,0,0,3,Turning,10,N,N,Following Too Closely,Unable to Determine,Darkness / Lighted Road,Clear,Dry,Y,,,,,Traffic Signal,Functioning Properly,N,2,41.8885679,-87.8050255,ok,(UNK),1,2100097,2021,,3,18,50000 and OVER,9,4295,Oak Park,C,Urban Other Principal Arte,,16,5,11139031,1,Cook,0,21,,,2,N,No,Slow,202101015941,City,5,26.64,Y,,,,(UNK),23412,(N/A),(UNK),No Defects,1,1,Other Principal Arterial,3,5043,X002118513,Not Toll,73,3,4,Not Divided,1,2939626.21448402,1910768.11434818,41.88856001,-87.80501965,,Urban,1,N,(N/A),Y,(N/A)
2021,2021-01-05,Tuesday,17,05:02 PM,Property Damage,No Injuries,0,0,0,0,0,4,Angle,15,N,N,Failing to Reduce Speed to Avoid Crash,(N/A),Darkness / Lighted Road,Clear,Dry,N,,,,,No Controls,No Controls,N,2,41.8799699,-87.786117,ok,(UNK),1,2100096,2021,,28,99,50000 and OVER,9,4295,Oak Park,C,Urban Minor Arterial,,16,5,11139127,1,Cook,0,21,,,2,N,No,Free Flow,202101016005,City,5,0,N,,,,(UNK),23531,(N/A),(UNK),No Defects,1,1,Minor Arterial,4,,X002118514,Not Toll,73,1,1,"Divided, No Median Barrier",2,2944862.00504913,1907777.19056997,41.87996201,-87.7861112,,Urban,1,N,(N/A),Y,(N/A)
2021,2021-01-09,Saturday,12,12:15 PM,Property Damage,No Injuries,0,0,0,0,0,5,Angle,15,N,N,Unable to Determine,Driving Skills/Knowledge/Experience,Daylight,Clear,Dry,Y,,,,,Traffic Signal,Functioning Properly,Y,2,41.8885678,-87.8050258,ok,(UNK),1,2100029,2021,,18,15,50000 and OVER,9,4295,Oak Park,C,Urban Other Principal Arte,,16,9,11139090,1,Cook,0,21,SCAFFOLDING,,6,N,No,Stopped,202101015979,City,1,26.64,Y,,,,(UNK),23580,(N/A),(UNK),No Defects,1,1,Other Principal Arterial,3,5043,X002120702,Not Toll,73,3,4,"Divided, No Median Barrier",2,2939626.11874017,1910768.10734459,41.88856,-87.80502,,Urban,1,N,(N/A),Y,(N/A)
2021,2021-01-06,Wednesday,06,06:40 AM,Property Damage,No Injuries,0,0,0,0,0,2,Sideswipe Same Direction,12,N,N,Failing to Reduce Speed to Avoid Crash,Improper Lane Usage,Dawn,Clear,Dry,N,,,,,No Controls,No Controls,N,2,41.8734495,-87.8041078,ok,Partial Access Control,3,03-21-00231,2021,,28,20,50000 and OVER,9,4295,Oak Park,C,Urban InterState,,16,6,11146584,1,Cook,0,21,,,3,N,No,(UNK),202101021363,ISP,2,7.72,Y,,,,(UNK),24950,(N/A),(UNK),No Defects,1,1,InterState,1,290,X002126530,Not Toll,,1,1,Divided With Median Barrier,3,2940027.83577823,1905265.61159516,41.8734417,-87.80410201,,Urban,1,N,(N/A),Y,(N/A)
2021,2021-01-14,Thursday,16,04:53 PM,Property Damage,No Injuries,0,0,0,0,0,1,Parked Motor Vehicle,9,N,N,Failing to Reduce Speed to Avoid Crash,Unable to Determine,Darkness,Rain,Wet,N,,,,,No Controls,No Controls,N,3,41.8859287,-87.8000716,ok,(UNK),1,2100326,2021,,28,18,50000 and OVER,9,4295,Oak Park,C,Urban Local Road or Street,,16,14,11147356,1,Cook,0,21,,,4,N,No,Slow,202101022050,City,4,0.1,N,,,,(UNK),25035,(N/A),(UNK),No Defects,1,2,Local Road or Street,7,2700,X002124296,Not Toll,73,1,1,Not Divided,1,2941001.70943125,1909843.55726889,41.8859209,-87.80006576,,Urban,2,N,(N/A),Y,(N/A)
2021,2021-01-13,Wednesday,07,07:40 AM,Property Damage,No Injuries,0,0,0,0,0,3,Front to Rear,11,N,N,Following Too Closely,Failing to Reduce Speed to Avoid Crash,Daylight,Clear,Dry,N,,,,,No Controls,No Controls,N,3,41.8724201,-87.7914055,ok,Partial Access Control,3,03-21-00531,2021,,3,28,50000 and OVER,9,4295,Oak Park,C,Urban InterState,,16,13,11147713,1,Cook,0,21,,,3,N,No,(UNK),202101022334,ISP,1,22.21,Y,,,,(UNK),26389,(N/A),(UNK),No Defects,1,1,InterState,1,9290,X002127517,Not Toll,73,1,1,Divided With Median Barrier,3,2943497.92582563,1904985.99696169,41.87241226,-87.79139966,,Urban,1,N,(N/A),Y,(N/A)
2021,2021-01-24,Sunday,00,00:37 AM,Property Damage,No Injuries,0,0,0,0,0,5,Front to Rear,11,N,N,Under Influence of Alcohol/Drugs,Failing to Reduce Speed to Avoid Crash,Darkness / Lighted Road,Clear,Dry,N,,,,,Other,Functioning Properly,N,2,41.8727975,-87.7747014,ok,(UNK),3,03-21-01094,2021,,8,28,50000 and OVER,9,4295,Oak Park,C,Urban Local Road or Street,,16,24,11159780,1,Cook,0,21,,,7,N,No,(UNK),202101031788,ISP,5,0.5,N,,,,(UNK),26502,(N/A),(UNK),No Defects,1,1,Local Road or Street,7,4060,X002137036,Not Toll,,13,4,Divided With Median Barrier,3,2948043.80046418,1905249.94593574,41.87278967,-87.77469563,,Urban,1,N,(N/A),Y,(N/A)
2021,2021-01-24,Sunday,00,00:07 AM,Injury,B Injury Crash,2,0,0,2,0,2,Front to Rear,11,N,N,Following Too Closely,Improper Lane Usage,Darkness / Lighted Road,Clear,Dry,N,,,,,No Controls,No Controls,Y,3,41.8716945,-87.7843794,ok,Partial Access Control,3,03-21-01093,2021,,3,20,50000 and OVER,9,4295,Oak Park,C,Urban InterState,,16,24,11159791,1,Cook,2,21,,,7,N,No,(UNK),202101031798,ISP,5,8.7,Y,,,,(UNK),26565,(N/A),(UNK),No Defects,1,1,InterState,1,290,X002137047,Not Toll,,1,1,Divided With Median Barrier,3,2945418.9618319,1904774.65266715,41.8716867,-87.78437363,,Urban,1,N,(N/A),Y,(N/A)
2021,2021-02-08,Monday,06,06:30 AM,Property Damage,No Injuries,0,0,0,0,0,3,Front to Rear,11,N,N,Following Too Closely,Driving Skills/Knowledge/Experience,Darkness / Lighted Road,Clear,Dry,N,,,,,Other Regualtory Sig,Functioning Properly,N,3,41.8726618,-87.795882,ok,Partial Access Control,3,03-21-01844,2021,,3,15,50000 and OVER,9,4295,Oak Park,C,Urban InterState,,16,8,11177704,2,Cook,0,21,,,1,N,No,(UNK),202101047222,ISP,5,8.1,Y,,,,(UNK),26584,(N/A),(UNK),No Defects,1,1,InterState,1,290,X002152243,Not Toll,,10,4,Divided With Median Barrier,3,2942276.21155529,1905040.35471191,41.87265397,-87.79587619,,Urban,1,N,(N/A),Y,(N/A)
2021,2021-01-24,Sunday,01,01:03 AM,Property Damage,No Injuries,0,0,0,0,0,5,Fixed Object,6,N,N,Failing to Reduce Speed to Avoid Crash,Improper Turning/No Signal,Darkness / Lighted Road,Clear,Dry,Y,,,,,Traffic Signal,Functioning Properly,N,1,41.8832478,-87.8048558,ok,(UNK),1,21- 00222,2021,,28,6,50000 and OVER,9,4295,Oak Park,C,Urban Other Principal Arte,,16,24,11153951,1,Cook,0,21,,,7,N,No,Slow,202101026828,City,5,26.27,Y,,,,(UNK),27375,(N/A),(UNK),No Defects,1,1,Other Principal Arterial,3,5043,X002132222,Not Toll,73,3,4,"Divided, No Median Barrier",2,2939725.79669042,1908830.67683626,41.88324,-87.80485,,Urban,1,N,(N/A),Y,(N/A)
2021,2021-01-23,Saturday,20,08:38 PM,Property Damage,No Injuries,0,0,0,0,0,1,Parked Motor Vehicle,9,N,N,Unable to Determine,(N/A),Unknown,Clear,Dry,N,,,,,No Controls,No Controls,Y,2,41.8983651,-87.7754488,ok,(UNK),1,2100507,2021,,18,99,50000 and OVER,9,4295,Oak Park,C,Urban Local Road or Street,,16,23,11154216,1,Cook,0,21,,,6,N,No,(UNK),202101027086,City,9,1.55,N,,,,(UNK),27533,(N/A),(UNK),No Defects,1,1,Local Road or Street,7,3100,X002131655,Not Toll,73,1,1,Not Divided,1,2947580.48141781,1914561.59811504,41.89835728,-87.77544296,,Urban,1,N,(N/A),Y,(N/A)
2021,2021-01-28,Thursday,16,04:57 PM,Property Damage,No Injuries,0,0,0,0,0,2,Front to Rear,11,N,N,Failing to Reduce Speed to Avoid Crash,(N/A),Daylight,Clear,Dry,Y,,,,,Pedestrian Crossing,Functioning Properly,N,2,41.8798225,-87.7877126,ok,(UNK),1,2100618,2021,,28,99,50000 and OVER,9,4295,Oak Park,C,Urban Minor Arterial,,16,28,11160063,1,Cook,0,21,,,4,N,No,Slow,202101032046,City,1,0.17,N,,,,(UNK),27880,(N/A),(UNK),No Defects,1,1,Minor Arterial,4,2650,X002137252,Not Toll,73,17,4,"Divided, No Median Barrier",2,2944428.93586385,1907711.41793637,41.87981461,-87.78770685,,Urban,1,N,(N/A),Y,(N/A)