crash_year,crash_date,day_of_week,crash_hour,time_of_crash,crash_severity,crash_injury_severity,total_injured,total_fatals,a_injuries,b_injuries,c_injuries,no_injuries,type_of_first_crash,collision_type_code,pedestrian_involved,pedalcyclist_involved,cause1,cause2,lighting_cond,weather_cond,road_surface_cond,intersection_related,is_intersection,highway_or_street_name,at_intersection_with,address_no,traffic_control_device,traffic_control_device_cond,hit_and_run,number_of_vehicles,latitude,longitude,location_status,access_control,agency_code,agency_report_number,agency_report_year,alignment_code,cause1_code,cause2_code,city_class,city_class_code,city_code,city_name,city_township_flag,class_of_trafficway,class_of_trafficway_code,county_code,crash_day,crash_id,crash_month,crash_report_county,crash_severity_cd,crash_yr_source,damaged_property1,damaged_property2,day_of_week_code,did_crash_occur_in_work_zone,did_involve_secondary_crash,flow_condition,icn,investigating_agency_descrip,light_condition_code,mile_station,nhs,non_intersection_direction,non_intersection_distance,non_intersection_units,number_of_lanes,objectid,railroad_crossing_number,road_alignment,road_defects,road_defects_code,road_surface_condition_code,roadway_functional_class,roadway_functional_class_code,route_number,sfe,toll,township,traffic_control_device_code,traffic_control_device_cond_code,trafficway_descrip,trafficway_description_code,ts_crash_coordinate_x,ts_crash_coordinate_y,ts_crash_latitude,ts_crash_longitude,type_report,urban_rural,weather_code,were_workers_present,work_zone,work_zone_related,work_zone_type
2021,2021-11-18,Thursday,23,11:45 PM,Injury,B Injury Crash,1,0,0,1,0,1,Front to Rear,11,N,N,Following Too Closely,Failing to Reduce Speed to Avoid Crash,Darkness / Lighted Road,Clear,Dry,N,,,,,No Controls,No Controls,N,2,41.8726977,-87.7962527,ok,Partial Access Control,3,03-21-17212,2021,,3,28,50000 and OVER,9,4295,Oak Park,C,Urban InterState,,16,18,11533930,11,Cook,2,21,,,4,N,No,(UNK),202101382348,ISP,5,8.08,Y,,,,(UNK),28020,(N/A),(UNK),No Defects,1,1,InterState,1,290,X002455086,Not Toll,,1,1,Divided With Median Barrier,3,2942174.86762804,1905050.63548805,41.87268984,-87.79624695,,Urban,1,N,(N/A),Y,(N/A)
2021,2021-11-22,Monday,23,11:40 PM,Property Damage,No Injuries,0,0,0,0,0,2,Front to Rear,11,N,N,Failing to Reduce Speed to Avoid Crash,Following Too Closely,Darkness / Lighted Road,Clear,Dry,N,,,,,Other,Functioning Properly,N,2,41.8723175,-87.7746895,ok,(UNK),3,03-21-17437,2021,,28,3,50000 and OVER,9,4295,Oak Park,C,Rural (UNK),,16,22,11533934,11,Cook,0,21,,,1,N,No,(UNK),202101382352,ISP,5,0,N,,,,(UNK),28126,(N/A),(UNK),No Defects,1,1,(UNK),0,,X002455090,No Toll,,13,4,Divided With Median Barrier,3,2948051.93693891,1905075.11424196,41.87230967,-87.77468366,,Rural,1,N,(N/A),Y,(N/A)
2021,2021-11-23,Tuesday,00,00:15 AM,Property Damage,No Injuries,0,0,0,0,0,2,Front to Rear,11,N,N,Failing to Reduce Speed to Avoid Crash,Following Too Closely,Darkness / Lighted Road,Clear,Dry,N,,,,,Other,Functioning Properly,N,2,41.8723175,-87.7746895,ok,(UNK),3,03-21-17500,2021,,28,3,50000 and OVER,9,4295,Oak Park,C,Rural (UNK),,16,23,11533935,11,Cook,0,21,,,2,N,No,(UNK),202101382353,ISP,5,0,N,,,,(UNK),28127,(N/A),(UNK),No Defects,1,1,(UNK),0,,X002455091,No Toll,,13,4,Divided With Median Barrier,3,2948051.93693891,1905075.11424196,41.87230967,-87.77468366,,Rural,1,N,(N/A),Y,(N/A)
2021,2021-02-15,Monday,04,04:54 AM,Property Damage,No Injuries,0,0,0,0,0,2,Turning,10,N,N,Weather,Failing to Reduce Speed to Avoid Crash,Darkness / Lighted Road,Snow,Snow or Slush,Y,,,,,Traffic Signal,Functioning Properly,N,2,41.8650299,-87.8042159,ok,(UNK),1,21-00505,2021,,11,28,50000 and OVER,9,4295,Oak Park,C,Urban Other Principal Arte,,16,15,11180363,2,Cook,0,21,,,1,N,No,Free Flow,202101049740,City,5,25.01,Y,,,,(UNK),28540,(N/A),(UNK),No Defects,1,3,Other Principal Arterial,3,5043,X002154855,Not Toll,52,3,4,"Divided, No Median Barrier",2,2940082.89394949,1902196.51978277,41.86502202,-87.80421006,,Urban,3,N,(N/A),Y,(N/A)
2021,2021-11-19,Friday,09,09:25 AM,Property Damage,No Injuries,0,0,0,0,0,2,Front to Rear,11,N,N,Improper Lane Usage,Failing to Yield Right of Way,Daylight,Clear,Dry,N,,,,,No Controls,No Controls,Y,2,41.8709522,-87.7744386,ok,Partial Access Control,3,03-21-17517,2021,,20,2,50000 and OVER,9,4295,Oak Park,C,Urban InterState,,16,19,11534980,11,Cook,0,21,,,5,N,No,(UNK),202101383341,ISP,1,9.2,Y,,,,(UNK),28934,(N/A),(UNK),No Defects,1,1,InterState,1,290,X002456085,Not Toll,73,1,1,Divided With Median Barrier,3,2948134.13860827,1904579.48126942,41.87094438,-87.7744328,,Urban,1,N,(N/A),Y,(N/A)
2021,2021-11-22,Monday,21,09:11 PM,Property Damage,No Injuries,0,0,0,0,0,2,Turning,10,N,N,Failing to Reduce Speed to Avoid Crash,Unable to Determine,Darkness / Lighted Road,Clear,Dry,N,,,,,No Controls,No Controls,N,2,41.9091046,-87.7891123,ok,(UNK),1,2107329,2021,,28,18,50000 and OVER,9,4295,Oak Park,C,Urban Other Principal Arte,,16,22,11535124,11,Cook,0,21,,,1,N,No,Slow,202101383488,City,5,6.78,Y,,,,(UNK),29532,(N/A),(UNK),No Defects,1,1,Other Principal Arterial,3,307,X002450997,Not Toll,73,1,1,"Divided, No Median Barrier",2,2943751.8821327,1918371.83122702,41.90909677,-87.78910655,,Urban,1,N,(N/A),Y,(N/A)
2021,2021-11-23,Tuesday,08,08:14 AM,Property Damage,No Injuries,0,0,0,0,0,2,Angle,15,N,N,Failing to Yield Right of Way,Unable to Determine,Daylight,Clear,Dry,Y,,,,,No Controls,No Controls,N,2,41.9088487,-87.7995938,ok,(UNK),1,2107335,2021,,2,18,50000 and OVER,9,4295,Oak Park,C,Urban Other Principal Arte,,16,23,11535125,11,Cook,0,21,,,2,N,No,Free Flow,202101383489,City,1,129.49,Y,,,,(UNK),29533,(N/A),(UNK),No Defects,1,1,Other Principal Arterial,3,5064,X002451001,Not Toll,73,1,1,Not Divided,1,2940901.24933915,1918199.59900885,41.9088408,-87.79958798,,Urban,1,N,(N/A),Y,(N/A)
2021,2021-11-23,Tuesday,13,01:14 PM,Property Damage,No Injuries,0,0,0,0,0,2,Front to Rear,11,N,N,Failing to Reduce Speed to Avoid Crash,Following Too Closely,Daylight,Clear,Dry,Y,,,,,Traffic Signal,Functioning Properly,N,2,41.8798681,-87.7844362,ok,(UNK),1,2107342,2021,,28,3,50000 and OVER,9,4295,Oak Park,C,Urban Minor Arterial,,16,23,11535152,11,Cook,0,21,,,2,N,No,Slow,202101383511,City,1,1.52,N,,,,(UNK),29716,(N/A),(UNK),No Defects,1,1,Minor Arterial,4,2783,X002451962,Not Toll,73,3,4,Not Divided,1,2945320.78754469,1907752.81032931,41.87986023,-87.78443038,,Urban,1,N,(N/A),Y,(N/A)
2021,2021-11-23,Tuesday,16,04:34 PM,Injury,C Injury Crash,1,0,0,0,1,1,Fixed Object,6,N,N,Failing to Reduce Speed to Avoid Crash,Physical Condition of Driver,Darkness / Lighted Road,Clear,Dry,N,,,,,No Controls,No Controls,N,1,41.8943879,-87.7961501,ok,(UNK),1,2107349,2021,,28,17,50000 and OVER,9,4295,Oak Park,C,Urban Minor Arterial,,16,23,11535154,11,Cook,1,21,LIGHT POLE,,2,N,No,Slow,202101383513,City,5,0,N,,,,(UNK),29718,(N/A),(UNK),No Defects,1,1,Minor Arterial,4,,X002451968,Not Toll,73,1,1,"Divided, No Median Barrier",2,2941984.3656601,1912955.71729271,41.89438004,-87.79614432,,Urban,1,N,(N/A),Y,(N/A)
2021,2021-11-26,Friday,18,06:25 PM,Property Damage,No Injuries,0,0,0,0,0,2,Front to Rear,11,N,N,Failing to Reduce Speed to Avoid Crash,Following Too Closely,Darkness / Lighted Road,Clear,Dry,N,,,,,No Controls,No Controls,N,2,41.8714533,-87.777955,ok,Partial Access Control,3,03-21-17686,2021,,28,3,50000 and OVER,9,4295,Oak Park,C,Urban InterState,,16,26,11534723,11,Cook,0,21,,,5,N,No,(UNK),202101383086,ISP,5,22.9,Y,,,,(UNK),29917,(N/A),(UNK),No Defects,1,1,InterState,1,9290,X002455834,Not Toll,73,1,1,Divided With Median Barrier,3,2947171.24898283,1904735.39041716,41.87144544,-87.77794925,,Urban,1,N,(N/A),Y,(N/A)
2021,2021-11-26,Friday,11,11:40 AM,Property Damage,No Injuries,0,0,0,0,0,6,Rear to Rear,17,N,N,Failing to Reduce Speed to Avoid Crash,Following Too Closely,Daylight,Clear,Dry,N,,,,,No Controls,Functioning Properly,Y,3,41.8737553,-87.8042748,ok,Partial Access Control,3,03-21-17669,2021,,28,3,50000 and OVER,9,4295,Oak Park,C,Urban InterState,,16,26,11535249,11,Cook,0,21,,,5,N,No,(UNK),202101383592,ISP,1,21.59,Y,,,,(UNK),30043,(N/A),(UNK),No Defects,1,1,InterState,1,9290,X002456190,Not Toll,73,1,4,Divided With Median Barrier,3,2939979.27552764,1905375.77985529,41.87374745,-87.80426904,,Urban,1,N,(N/A),Y,(N/A)
2021,2021-06-20,Sunday,19,07:11 PM,Injury,A Injury Crash,1,0,1,0,0,0,Fixed Object,6,N,N,Improper Turning/No Signal,Driving Skills/Knowledge/Experience,Dusk,Cloudy/Overcast,Dry,Y,,,,,Stop Sign,Functioning Properly,N,1,41.8670654,-87.7803223,ok,(UNK),1,2103652,2021,,6,15,50000 and OVER,9,4295,Oak Park,C,Urban Local Road or Street,,16,20,11326626,6,Cook,3,21,PARKWAY SIGN,,7,N,No,Slow,202101187313,City,3,0.24,N,,,,(UNK),30048,(N/A),(UNK),No Defects,1,1,Local Road or Street,7,2630,X002277866,Not Toll,73,2,4,Not Divided,1,2946570.94694518,1903118.42604839,41.86705757,-87.78031649,,Urban,8,N,(N/A),Y,(N/A)
2021,2021-06-16,Wednesday,18,06:38 PM,Injury,B Injury Crash,2,0,0,2,0,2,Parked Motor Vehicle,9,N,N,Vision Obscured,Unable to Determine,Daylight,Clear,Dry,N,,,,,No Controls,No Controls,N,3,41.8666558,-87.7888867,ok,(UNK),1,2103548,2021,,14,18,50000 and OVER,9,4295,Oak Park,C,Urban Minor Collector,,16,16,11327089,6,Cook,2,21,,,3,N,Yes,Free Flow,202101187809,City,1,1.53,N,,,,(UNK),30340,(N/A),(UNK),No Defects,1,1,Minor Collector,6,2779,X002278229,Not Toll,73,1,1,Not Divided,1,2944242.17131347,1902904.39451834,41.86664798,-87.78888095,,Urban,1,N,(N/A),Y,(N/A)
2021,2021-06-18,Friday,07,07:45 AM,Property Damage,No Injuries,0,0,0,0,0,2,Angle,15,N,N,Failing to Yield Right of Way,Failing to Reduce Speed to Avoid Crash,Daylight,Rain,Wet,Y,,,,,Stop Sign,Functioning Properly,N,2,41.9056299,-87.7901088,ok,(UNK),1,2103590,2021,,2,28,50000 and OVER,9,4295,Oak Park,C,Urban Local Road or Street,,16,18,11327090,6,Cook,0,21,,,5,N,No,Slow,202101187810,City,1,0,N,,,,(UNK),30341,(N/A),(UNK),No Defects,1,2,Local Road or Street,7,,X002278231,Not Toll,73,2,4,Not Divided,1,2943515.73929637,1917098.04196741,41.90562201,-87.79010298,,Urban,2,N,(N/A),Y,(N/A)
2021,2021-06-18,Friday,11,11:00 AM,Property Damage,No Injuries,0,0,0,0,0,2,Turning,10,N,N,Failing to Yield Right of Way,Failing to Reduce Speed to Avoid Crash,Daylight,Clear,Dry,N,,,,,Traffic Signal,Functioning Properly,N,2,41.8978913,-87.8052931,ok,(UNK),1,2103595,2021,,2,28,50000 and OVER,9,4295,Oak Park,C,Urban Local Road or Street,,16,18,11327092,6,Cook,0,21,,,5,N,No,Slow,202101187811,City,1,0,N,,,,(UNK),30515,(N/A),(UNK),No Defects,1,1,Local Road or Street,7,3100,X002278239,Not Toll,73,3,4,"Divided, No Median Barrier",2,2939459.77017569,1914163.7327548,41.89788342,-87.80528732,,Urban,1,N,(N/A),Y,(N/A)
2021,2021-06-19,Saturday,04,04:01 AM,Injury,B Injury Crash,1,0,0,1,0,2,Angle,15,N,N,Disregarding Traffic Signals,Distraction - From Inside Vehicle,Darkness / Lighted Road,Cloudy/Overcast,Dry,N,,,,,Traffic Signal,Functioning Properly,N,3,41.870632,-87.774287,ok,(UNK),1,2103612,2021,,25,41,50000 and OVER,9,4295,Oak Park,C,Urban Minor Arterial,,16,19,11327095,6,Cook,2,21,,,6,N,No,Free Flow,202101187813,City,5,8.4,N,,,,(UNK),30516,(N/A),(UNK),No Defects,1,1,Minor Arterial,4,2790,X002278259,Not Toll,,3,4,Ramp,11,2948178.68054322,1904463.93064448,41.87062414,-87.77428122,,Urban,8,N,(N/A),Y,(N/A)
2021,2021-06-19,Saturday,14,02:54 PM,Property Damage,No Injuries,0,0,0,0,0,2,Front to Rear,11,N,N,Unable to Determine,(N/A),Daylight,Clear,Dry,Y,,,,,No Controls,No Controls,N,2,41.8852155,-87.7846038,ok,(UNK),1,2103625,2021,,18,99,50000 and OVER,9,4295,Oak Park,C,Urban Major Collector,,16,19,11327098,6,Cook,0,21,,,6,N,No,Slow,202101187815,City,1,0,N,,,,(UNK),30517,(N/A),(UNK),No Defects,1,1,Major Collector,5,,X002278314,Not Toll,73,1,1,"Divided, No Median Barrier",2,2945221.01377459,1909700.25205043,41.88520768,-87.78459802,,Urban,1,N,(N/A),Y,(N/A)
2021,2021-06-19,Saturday,17,05:24 PM,Injury,B Injury Crash,1,0,0,1,0,1,Pedalcyclist,2,N,Y,Failing to Yield Right of Way,Failing to Reduce Speed to Avoid Crash,Daylight,Cloudy/Overcast,Dry,N,,,,,Traffic Signal,Functioning Properly,N,1,41.888657,-87.8009393,ok,(UNK),1,2103629,2021,,2,28,50000 and OVER,9,4295,Oak Park,C,Urban Major Collector,,16,19,11327100,6,Cook,2,21,,,6,N,No,Slow,202101187817,City,1,0.21,N,,,,(UNK),30518,(N/A),(UNK),No Defects,1,1,Major Collector,5,8,X002278341,Not Toll,73,3,4,Not Divided,1,2940738.00182837,1910831.26678713,41.88864916,-87.80093345,,Urban,8,N,(N/A),Y,(N/A)
2021,2021-06-19,Saturday,19,07:08 PM,Property Damage,No Injuries,0,0,0,0,0,4,Turning,10,N,N,Failing to Reduce Speed to Avoid Crash,Unable to Determine,Daylight,Clear,Dry,Y,,,,,Traffic Signal,Functioning Properly,N,2,41.8869833,-87.7846457,ok,(UNK),1,2103633,2021,,28,18,50000 and OVER,9,4295,Oak Park,C,Urban Major Collector,,16,19,11327102,6,Cook,0,21,,,6,N,No,Free Flow,202101187819,City,1,0,N,,,,(UNK),30519,(N/A),(UNK),No Defects,1,1,Major Collector,5,,X002278354,Not Toll,73,3,4,Not Divided,1,2945191.71482118,1910344.13444054,41.88697542,-87.78463991,,Urban,1,N,(N/A),Y,(N/A)
2021,2021-05-12,Wednesday,10,10:30 AM,Property Damage,No Injuries,0,0,0,0,0,1,Parked Motor Vehicle,9,N,N,Disregarding Road Markings,Failing to Reduce Speed to Avoid Crash,Daylight,Clear,Dry,N,,,,,Other Warning Sign,Functioning Properly,Y,2,41.8715581,-87.7796205,ok,Partial Access Control,1,2102704,2021,,26,28,50000 and OVER,9,4295,Oak Park,C,Urban InterState,,16,12,11327567,5,Cook,0,21,,,3,N,No,Stopped,202101188306,City,1,22.82,Y,,,,(UNK),31113,(N/A),(UNK),No Defects,1,1,InterState,1,9290,X002278761,Not Toll,73,11,4,Not Divided,1,2946716.55996673,1904760.96727291,41.87155027,-87.77961469,,Urban,1,N,(N/A),Y,(N/A)
2021,2021-06-01,Tuesday,03,03:20 AM,Property Damage,No Injuries,0,0,0,0,0,2,Sideswipe Same Direction,12,N,N,(N/A),Improper Lane Usage,Darkness / Lighted Road,Clear,Dry,N,,,,,Other,Functioning Properly,Y,2,41.8724597,-87.7919424,ok,Partial Access Control,3,03-21-07507,2021,,99,20,50000 and OVER,9,4295,Oak Park,C,Urban InterState,,16,1,11327914,6,Cook,0,21,,,2,N,No,(UNK),202101188638,ISP,5,22.18,Y,,,,(UNK),31319,(N/A),(UNK),No Defects,1,1,InterState,1,9290,X002279174,Not Toll,73,13,4,Divided With Median Barrier,3,2943351.28038309,1904996.3663144,41.87245182,-87.7919366,,Urban,1,N,(N/A),Y,(N/A)
2021,2021-02-06,Saturday,02,02:35 AM,Injury,B Injury Crash,1,0,0,1,0,1,Front to Rear,11,N,N,Under Influence of Alcohol/Drugs,Driving Skills/Knowledge/Experience,Darkness / Lighted Road,Clear,Dry,N,,,,,Other,Functioning Properly,N,2,41.8723106,-87.8034692,ok,(UNK),3,03-21-01714,2021,,8,15,50000 and OVER,9,4295,Oak Park,C,Urban Local Road or Street,,16,6,11181956,2,Cook,2,21,,,6,N,No,(UNK),202101051308,ISP,5,0.06,N,,,,(UNK),32409,(N/A),(UNK),No Defects,1,1,Local Road or Street,7,4062,X002156328,Not Toll,,13,4,Divided With Median Barrier,3,2940213.19528462,1904855.3609307,41.87230279,-87.80346344,,Urban,1,N,(N/A),Y,(N/A)
2021,2021-02-10,Wednesday,08,08:26 AM,Property Damage,No Injuries,0,0,0,0,0,3,Angle,15,N,N,Failing to Yield Right of Way,(N/A),Daylight,Clear,Wet,N,,,,,No Controls,No Controls,N,2,41.8815532,-87.7966075,ok,(UNK),1,2100888,2021,,2,99,50000 and OVER,9,4295,Oak Park,C,Urban Major Collector,,16,10,11181960,2,Cook,0,21,,,3,N,No,Free Flow,202101051311,City,1,0.42,N,,,,(UNK),32446,(N/A),(UNK),No Defects,1,2,Major Collector,5,5,X002151863,Not Toll,73,1,1,"Divided, No Median Barrier",2,2941989.08645698,1908275.06361334,41.88154532,-87.79660169,,Urban,1,N,(N/A),Y,(N/A)
2021,2021-02-10,Wednesday,10,10:08 AM,Property Damage,No Injuries,0,0,0,0,0,2,Front to Rear,11,N,N,Failing to Reduce Speed to Avoid Crash,(N/A),Daylight,Clear,Wet,N,,,,,No Controls,No Controls,N,2,41.8715697,-87.7939704,ok,(UNK),1,2100890,2021,,28,99,50000 and OVER,9,4295,Oak Park,C,Urban Major Collector,,16,10,11181962,2,Cook,0,21,,,3,N,No,Slow,202101051313,City,1,6.72,N,,,,(UNK),32448,(N/A),(UNK),No Defects,1,2,Major Collector,5,2775,X002151865,Not Toll,73,1,1,"Divided, No Median Barrier",2,2942807.88033391,1904656.77392875,41.87156189,-87.7939646,,Urban,1,N,(N/A),Y,(N/A)
2021,2021-02-10,Wednesday,13,01:58 PM,Property Damage,No Injuries,0,0,0,0,0,3,Fixed Object,6,N,N,Failing to Reduce Speed to Avoid Crash,Weather,Daylight,Snow,Snow or Slush,N,,,,,No Controls,No Controls,N,1,41.9067642,-87.7832758,ok,(UNK),1,2100895,2021,,28,11,50000 and OVER,9,4295,Oak Park,C,Urban Major Collector,,16,10,11181963,2,Cook,0,21,UTILITY POLE,,3,N,No,Slow,202101051314,City,1,0.17,N,,,,(UNK),32449,(N/A),(UNK),No Defects,1,3,Major Collector,5,2783,X002151866,Not Toll,73,1,1,Not Divided,1,2945364.39376481,1917563.0516285,41.90675634,-87.78327,,Urban,3,N,(N/A),Y,(N/A)
2021,2021-02-11,Thursday,14,02:00 PM,Property Damage,No Injuries,0,0,0,0,0,1,Parked Motor Vehicle,9,N,N,Unable to Determine,Unable to Determine,Daylight,Snow,Wet,N,,,,,No Controls,No Controls,Y,2,41.8799456,-87.7792523,ok,(UNK),1,2100912,2021,,18,18,50000 and OVER,9,4295,Oak Park,C,Urban Minor Arterial,,16,11,11181970,2,Cook,0,21,,,4,N,No,Free Flow,202101051320,City,1,4.39,N,,,,(UNK),32454,(N/A),(UNK),No Defects,1,2,Minor Arterial,4,1419,X002152074,Not Toll,73,1,1,One-Way,10,2946731.7707347,1907820.30963827,41.87993775,-87.77924654,,Urban,3,N,(N/A),Y,(N/A)
2021,2021-02-11,Thursday,17,05:56 PM,Property Damage,No Injuries,0,0,0,0,0,2,Angle,15,N,N,Failing to Reduce Speed to Avoid Crash,Unable to Determine,Darkness / Lighted Road,Snow,Snow or Slush,Y,,,,,No Controls,No Controls,Y,2,41.8946278,-87.7799869,ok,(UNK),1,2100916,2021,,28,18,50000 and OVER,9,4295,Oak Park,C,Urban Minor Arterial,,16,11,11181972,2,Cook,0,21,,,4,N,No,Free Flow,202101051322,City,5,0,N,,,,(UNK),32455,(N/A),(UNK),No Defects,1,3,Minor Arterial,4,,X002152076,Not Toll,73,1,1,Not Divided,1,2946382.83840567,1913165.23267489,41.89461999,-87.77998106,,Urban,3,N,(N/A),Y,(N/A)
2021,2021-09-19,Sunday,19,07:19 PM,Property Damage,No Injuries,0,0,0,0,0,1,Parked Motor Vehicle,9,N,N,Failing to Reduce Speed to Avoid Crash,Unable to Determine,Darkness / Lighted Road,Clear,Dry,N,,,,,No Controls,No Controls,N,2,41.8881689,-87.7794326,ok,(UNK),1,2105811,2021,,28,18,50000 and OVER,9,4295,Oak Park,C,Urban Major Collector,,16,19,11443764,9,Cook,0,21,,,7,N,No,Free Flow,202101298290,City,5,1.11,N,,,,(UNK),32717,(N/A),(UNK),No Defects,1,1,Major Collector,5,1405,X002376986,Not Toll,73,1,1,Not Divided,1,2946599.27326601,1910815.67410121,41.88816106,-87.77942679,,Urban,1,N,(N/A),Y,(N/A)
2021,2021-09-17,Friday,15,03:31 PM,Property Damage,No Injuries,0,0,0,0,0,2,Front to Rear,11,N,N,Failing to Reduce Speed to Avoid Crash,(N/A),Daylight,Clear,Dry,N,,,,,Traffic Signal,Functioning Properly,Y,2,41.8797315,-87.7946392,ok,(UNK),1,2105769,2021,,28,99,50000 and OVER,9,4295,Oak Park,C,Urban Minor Arterial,,16,17,11443767,9,Cook,0,21,,,5,N,No,Stopped,202101298292,City,1,3.58,N,,,,(UNK),32719,(N/A),(UNK),No Defects,1,1,Minor Arterial,4,1419,X002376989,Not Toll,73,3,4,"Divided, No Median Barrier",2,2942543.46528424,1907626.0350915,41.87972366,-87.79463343,,Urban,1,N,(N/A),Y,(N/A)
2021,2021-09-17,Friday,16,04:26 PM,Property Damage,No Injuries,0,0,0,0,0,2,Sideswipe Same Direction,12,N,N,Failing to Reduce Speed to Avoid Crash,(N/A),Daylight,Clear,Dry,N,,,,,No Controls,No Controls,N,2,41.8800118,-87.7752249,ok,(UNK),1,2105770,2021,,28,99,50000 and OVER,9,4295,Oak Park,C,Urban Minor Arterial,,16,17,11443769,9,Cook,0,21,,,5,N,No,Slow,202101298294,City,1,4.59,N,,,,(UNK),32721,(N/A),(UNK),No Defects,1,1,Minor Arterial,4,1419,X002376991,Not Toll,73,1,1,Divided With Median Barrier,3,2947827.92151221,1907874.97855565,41.88000393,-87.77521914,,Urban,1,N,(N/A),Y,(N/A)
2021,2021-09-19,Sunday,19,07:15 PM,Property Damage,No Injuries,0,0,0,0,0,3,Parked Motor Vehicle,9,N,N,Improper Lane Usage,Failing to Reduce Speed to Avoid Crash,Darkness / Lighted Road,Clear,Dry,N,,,,,Stop Sign,Functioning Properly,N,2,41.9089355,-87.7992295,ok,(UNK),1,2105812,2021,,20,28,50000 and OVER,9,4295,Oak Park,C,Urban Other Principal Arte,,16,19,11443771,9,Cook,0,21,,,7,N,No,Free Flow,202101298296,City,5,6.26,Y,,,,(UNK),32723,(N/A),(UNK),No Defects,1,1,Other Principal Arterial,3,307,X002376993,Not Toll,73,2,4,Two-way Continuous Left-Tur,4,2940999.53555914,1918233.99188812,41.90892767,-87.79922371,,Urban,1,N,(N/A),Y,(N/A)
2021,2021-06-01,Tuesday,23,11:00 PM,Injury,B Injury Crash,1,0,0,1,0,7,Sideswipe Same Direction,12,N,N,Improper Lane Usage,Failing to Reduce Speed to Avoid Crash,Darkness / Lighted Road,Clear,Dry,N,,,,,Other,Functioning Properly,Y,5,41.8736339,-87.8039958,ok,Partial Access Control,3,03-21-07505,2021,,20,28,50000 and OVER,9,4295,Oak Park,C,Urban InterState,,16,1,11328034,6,Cook,2,21,,,2,N,No,(UNK),202101188751,ISP,5,0.22,Y,,,,(UNK),32889,(N/A),(UNK),No Defects,1,1,InterState,1,290,X002279285,Not Toll,,13,4,Divided With Median Barrier,3,2940056.49231836,1905333.64723617,41.87362609,-87.80399001,,Urban,1,N,(N/A),Y,(N/A)
2021,2021-06-18,Friday,18,06:55 PM,Injury,C Injury Crash,1,0,0,0,1,7,Turning,10,N,N,Disregarding Traffic Signals,(N/A),Daylight,Clear,Dry,Y,,,,,Traffic Signal,Functioning Properly,N,2,41.9087836,-87.8057832,ok,(UNK),1,2100643,2021,,25,99,50000 and OVER,9,4295,Oak Park,C,Urban Other Principal Arte,,16,18,11329001,6,Cook,1,21,,,5,N,No,Free Flow,202101189749,City,1,28.04,Y,,,,(UNK),33069,(N/A),(UNK),No Defects,1,1,Other Principal Arterial,3,5043,X002279406,Not Toll,73,3,4,"Divided, No Median Barrier",2,2939217.04668792,1918129.41949881,41.90877571,-87.80577738,,Urban,1,N,(N/A),Y,(N/A)
2021,2021-06-21,Monday,12,12:51 PM,Injury,B Injury Crash,1,0,0,1,0,2,Front to Rear,11,N,N,Distraction - From Inside Vehicle,Failing to Reduce Speed to Avoid Crash,Daylight,Cloudy/Overcast,Dry,Y,,,,,No Controls,No Controls,N,2,41.8799428,-87.7807978,ok,(UNK),1,2103667,2021,,41,28,50000 and OVER,9,4295,Oak Park,C,Urban Minor Arterial,,16,21,11329004,6,Cook,2,21,,,1,N,No,Free Flow,202101189753,City,1,0,N,,,,(UNK),33076,(N/A),(UNK),No Defects,1,1,Minor Arterial,4,,X002279536,Not Toll,73,1,1,Not Divided,1,2946310.91742845,1907807.56253756,41.87993491,-87.78079197,,Urban,8,N,(N/A),Y,(N/A)
2021,2021-06-22,Tuesday,07,07:34 AM,Property Damage,No Injuries,0,0,0,0,0,1,Parked Motor Vehicle,9,N,N,Failing to Reduce Speed to Avoid Crash,(N/A),Unknown,Clear,Dry,N,,,,,No Controls,No Controls,Y,2,41.8723067,-87.7979042,ok,(UNK),1,2103687,2021,,28,99,50000 and OVER,9,4295,Oak Park,C,Urban Local Road or Street,,16,22,11329009,6,Cook,0,21,,,2,N,No,Free Flow,202101189757,City,9,0,N,,,,(UNK),33079,(N/A),(UNK),No Defects,1,1,Local Road or Street,7,,X002279693,Not Toll,73,1,1,"Divided, No Median Barrier",2,2941728.98418757,1904895.74219465,41.87229889,-87.79789844,,Urban,1,N,(N/A),Y,(N/A)
2021,2021-09-20,Monday,10,10:21 AM,Injury,B Injury Crash,3,0,0,3,0,1,Angle,15,N,N,Failing to Reduce Speed to Avoid Crash,Under Influence of Alcohol/Drugs,Daylight,Clear,Dry,Y,,,,,Stop Sign,Functioning Properly,N,2,41.8816077,-87.7910511,ok,(UNK),1,2105820,2021,,28,8,50000 and OVER,9,4295,Oak Park,C,Urban Major Collector,,16,20,11443954,9,Cook,2,21,,,1,N,Yes,Free Flow,202101298512,City,1,0,N,,,,(UNK),33563,(N/A),(UNK),No Defects,1,1,Major Collector,5,,X002376999,Not Toll,73,2,4,Four Way,14,2943501.7255128,1908336.79521962,41.88159985,-87.79104529,,Urban,1,N,(N/A),Y,(N/A)
2021,2021-11-17,Wednesday,13,01:52 PM,Property Damage,No Injuries,0,0,0,0,0,2,Pedestrian,1,Y,N,Failing to Yield Right of Way,Failing to Reduce Speed to Avoid Crash,Daylight,Rain,Wet,Y,,,,,Traffic Signal,Functioning Properly,N,1,41.8653372,-87.7839758,ok,(UNK),1,2107183,2021,,2,28,50000 and OVER,9,4295,Oak Park,C,Urban Other Principal Arte,,16,17,11536160,11,Cook,0,21,,,3,N,No,Free Flow,202101384153,City,1,0,Y,,,,(UNK),33734,(N/A),(UNK),No Defects,1,2,Other Principal Arterial,3,,X002456425,Not Toll,52,3,4,"Divided, No Median Barrier",2,2945593.24646975,1902460.98414518,41.86532938,-87.78396997,,Urban,2,N,(N/A),Y,(N/A)