crash_year,crash_date,day_of_week,crash_hour,time_of_crash,crash_severity,crash_injury_severity,total_injured,total_fatals,a_injuries,b_injuries,c_injuries,no_injuries,type_of_first_crash,collision_type_code,pedestrian_involved,pedalcyclist_involved,cause1,cause2,lighting_cond,weather_cond,road_surface_cond,intersection_related,is_intersection,highway_or_street_name,at_intersection_with,address_no,traffic_control_device,traffic_control_device_cond,hit_and_run,number_of_vehicles,latitude,longitude,location_status,access_control,agency_code,agency_report_number,agency_report_year,alignment_code,cause1_code,cause2_code,city_class,city_class_code,city_code,city_name,city_township_flag,class_of_trafficway,class_of_trafficway_code,county_code,crash_day,crash_id,crash_month,crash_report_county,crash_severity_cd,crash_yr_source,damaged_property1,damaged_property2,day_of_week_code,did_crash_occur_in_work_zone,did_involve_secondary_crash,flow_condition,icn,investigating_agency_descrip,light_condition_code,mile_station,nhs,non_intersection_direction,non_intersection_distance,non_intersection_units,number_of_lanes,objectid,railroad_crossing_number,road_alignment,road_defects,road_defects_code,road_surface_condition_code,roadway_functional_class,roadway_functional_class_code,route_number,sfe,toll,township,traffic_control_device_code,traffic_control_device_cond_code,trafficway_descrip,trafficway_description_code,ts_crash_coordinate_x,ts_crash_coordinate_y,ts_crash_latitude,ts_crash_longitude,type_report,urban_rural,weather_code,were_workers_present,work_zone,work_zone_related,work_zone_type
2021,2021-11-22,Monday,09,09:00 AM,Property Damage,No Injuries,0,0,0,0,0,1,Parked Motor Vehicle,9,N,N,Unable to Determine,Unable to Determine,Daylight,Unknown,Unknown,N,,,,,No Controls,No Controls,Y,2,41.8873355,-87.7934796,ok,(UNK),1,2107316,2021,,18,18,50000 and OVER,9,4295,Oak Park,C,Urban Local Road or Street,,16,22,11536161,11,Cook,0,21,,,1,N,No,Free Flow,202101384154,City,1,0.34,N,,,,(UNK),33735,(N/A),(UNK),No Defects,1,9,Local Road or Street,7,3005,X002456461,Not Toll,73,1,1,One-Way,10,2942782.61083666,1910405.81160316,41.88732767,-87.79347379,,Urban,9,N,(N/A),Y,(N/A)
2021,2021-11-23,Tuesday,16,04:02 PM,Property Damage,No Injuries,0,0,0,0,0,3,Parked Motor Vehicle,9,N,N,Failing to Yield Right of Way,Unable to Determine,Daylight,Clear,Dry,N,,,,,No Controls,No Controls,N,2,41.8859657,-87.792794,ok,(UNK),1,2107347,2021,,2,18,50000 and OVER,9,4295,Oak Park,C,Urban Local Road or Street,,16,23,11536163,11,Cook,0,21,,,2,N,No,Free Flow,202101384156,City,1,0.09,N,,,,(UNK),33737,(N/A),(UNK),No Defects,1,1,Local Road or Street,7,2673,X002456464,Not Toll,73,1,1,Not Divided,1,2942983.13131328,1909911.80745659,41.88595789,-87.79278816,,Urban,1,N,(N/A),Y,(N/A)
2021,2021-11-24,Wednesday,11,11:35 AM,Property Damage,No Injuries,0,0,0,0,0,3,Sideswipe Same Direction,12,N,N,Failing to Reduce Speed to Avoid Crash,Failing to Yield Right of Way,Daylight,Clear,Dry,N,,,,,No Controls,No Controls,N,2,41.9088929,-87.8026764,ok,(UNK),1,2107371,2021,,28,2,50000 and OVER,9,4295,Oak Park,C,Urban Other Principal Arte,,16,24,11536164,11,Cook,0,21,,,3,N,No,Free Flow,202101384157,City,1,129.33,Y,,,,(UNK),33786,(N/A),(UNK),No Defects,1,1,Other Principal Arterial,3,5064,X002456466,Not Toll,73,1,1,Not Divided,1,2940061.66837612,1918192.553435,41.90888501,-87.80267059,,Urban,1,N,(N/A),Y,(N/A)
2021,2021-11-25,Thursday,22,10:58 PM,Property Damage,No Injuries,0,0,0,0,0,2,Rear to Front,18,N,N,Improper Backing,Unable to Determine,Darkness / Lighted Road,Clear,Dry,N,,,,,No Controls,No Controls,Y,2,41.8947169,-87.7752306,ok,(UNK),1,2107396,2021,,30,18,50000 and OVER,9,4295,Oak Park,C,Urban Minor Arterial,,16,25,11536170,11,Cook,0,21,,,4,N,No,Stopped,202101384160,City,5,4.13,N,,,,(UNK),33788,(N/A),(UNK),No Defects,1,1,Minor Arterial,4,1398,X002456538,Not Toll,73,1,1,Not Divided,1,2947676.94497706,1913233.76656101,41.89470905,-87.77522484,,Urban,1,N,(N/A),Y,(N/A)
2021,2021-02-10,Wednesday,15,03:34 PM,Injury,B Injury Crash,1,0,0,1,0,0,Other Object,7,N,N,Failing to Reduce Speed to Avoid Crash,(N/A),Daylight,Snow,Snow or Slush,Y,,,,,Delineators,Functioning Properly,N,1,41.8718392,-87.7815881,ok,(UNK),1,2100898,2021,,28,99,50000 and OVER,9,4295,Oak Park,C,Urban Local Road or Street,,16,10,11182040,2,Cook,2,21,ARROW TRAFFIC SIGN,,3,N,No,Slow,202101051376,City,1,0.01,N,,,,(UNK),33900,(N/A),(UNK),No Defects,1,3,Local Road or Street,7,290,X002151868,Not Toll,73,14,4,L-Intersection,20,2946177.78436798,1904848.50308807,41.87183138,-87.7815823,,Urban,3,N,(N/A),Y,(N/A)
2021,2021-06-22,Tuesday,09,09:43 AM,Injury,C Injury Crash,2,0,0,0,2,0,Angle,15,N,N,Disregarding Traffic Signals,Physical Condition of Driver,Daylight,Clear,Dry,Y,,,,,Traffic Signal,Functioning Properly,N,2,41.87231,-87.8044679,ok,(UNK),1,21-01873,2021,,25,17,50000 and OVER,9,4295,Oak Park,C,Urban Other Principal Arte,,16,22,11328643,6,Cook,1,21,,,2,N,No,Free Flow,202101189351,City,1,25.52,Y,,,,(UNK),33942,(N/A),(UNK),No Defects,1,1,Other Principal Arterial,3,5043,X002279846,Not Toll,73,3,4,"Divided, No Median Barrier",2,2939941.19143702,1904847.646967,41.87230218,-87.80446211,,Urban,1,N,(N/A),Y,(N/A)
2021,2021-06-20,Sunday,12,12:05 PM,Property Damage,No Injuries,0,0,0,0,0,2,Turning,10,N,N,Improper Turning/No Signal,Weather,Darkness,Rain,Wet,Y,,,,,Traffic Signal,Functioning Properly,N,2,41.8736416,-87.8045258,ok,Partial Access Control,1,21-01861,2021,,6,11,50000 and OVER,9,4295,Oak Park,C,Urban InterState,,16,20,11328646,6,Cook,0,21,,,7,N,No,Free Flow,202101189354,City,4,25.61,Y,,,,(UNK),33944,(N/A),(UNK),No Defects,1,2,InterState,1,5043,X002279849,Not Toll,73,3,4,Divided With Median Barrier,3,2939912.062394,1905332.46992192,41.87363377,-87.80452,,Urban,2,N,(N/A),Y,(N/A)
2021,2021-11-25,Thursday,00,00:07 AM,Property Damage,No Injuries,0,0,0,0,0,2,Angle,15,N,N,Failing to Yield Right of Way,(N/A),Darkness / Lighted Road,Rain,Wet,Y,,,,,Stop Sign,Functioning Properly,N,2,41.8852143,-87.7846038,ok,(UNK),1,2107384,2021,,2,99,50000 and OVER,9,4295,Oak Park,C,Urban Major Collector,,16,25,11536222,11,Cook,0,21,,,4,N,No,(UNK),202101384217,City,5,0,N,,,,(UNK),34092,(N/A),(UNK),No Defects,1,2,Major Collector,5,,X002456500,Not Toll,73,2,4,Not Divided,1,2945221.04248363,1909699.79456398,41.88520642,-87.78459796,,Urban,2,N,(N/A),Y,(N/A)
2021,2021-11-28,Sunday,10,10:50 AM,Injury,B Injury Crash,1,0,0,1,0,1,Pedestrian,1,Y,N,Failing to Yield Right of Way,Failing to Reduce Speed to Avoid Crash,Daylight,Clear,Dry,Y,,,,,Traffic Signal,Functioning Properly,N,1,41.8799383,-87.7795378,ok,(UNK),1,2107444,2021,,2,28,50000 and OVER,9,4295,Oak Park,C,Urban Minor Arterial,,16,28,11536273,11,Cook,2,21,,,7,N,No,Free Flow,202101384239,City,1,0.55,N,,,,(UNK),34259,(N/A),(UNK),No Defects,1,1,Minor Arterial,4,3794,X002456632,Not Toll,73,3,4,Not Divided,1,2946654.1116785,1907815.49639655,41.87993048,-87.77953197,,Urban,1,N,(N/A),Y,(N/A)
2021,2021-10-08,Friday,18,06:15 PM,Property Damage,No Injuries,0,0,0,0,0,4,Sideswipe Same Direction,12,N,N,Failing to Reduce Speed to Avoid Crash,Unable to Determine,Dusk,Clear,Dry,N,,,,,No Controls,No Controls,Y,2,41.9091616,-87.7836294,ok,(UNK),1,2106229,2021,,28,18,50000 and OVER,9,4295,Oak Park,C,Urban Other Principal Arte,,16,8,11536286,10,Cook,0,21,,,5,N,No,Slow,202101384250,City,3,7.06,Y,,,,(UNK),34311,(N/A),(UNK),No Defects,1,1,Other Principal Arterial,3,307,X002456629,Not Toll,73,1,1,Not Divided,1,2945243.84802123,1918434.02221646,41.9091537,-87.78362361,,Urban,1,N,(N/A),Y,(N/A)
2021,2021-02-15,Monday,01,01:57 AM,Property Damage,No Injuries,0,0,0,0,0,2,Front to Rear,11,N,N,Following Too Closely,Failing to Reduce Speed to Avoid Crash,Darkness / Lighted Road,Snow,Snow or Slush,N,,,,,No Controls,No Controls,N,2,41.8712681,-87.7749927,ok,Partial Access Control,3,03-21-02270,2021,,3,28,50000 and OVER,9,4295,Oak Park,C,Urban InterState,,16,15,11182195,2,Cook,0,21,,,1,N,No,(UNK),202101051523,ISP,5,23.05,Y,,,,(UNK),34599,(N/A),(UNK),No Defects,1,3,InterState,1,9290,X002156422,Not Toll,73,1,1,Ramp,11,2947980.00713012,1904690.40017825,41.8712603,-87.77498689,,Urban,3,N,(N/A),Y,(N/A)
2021,2021-02-09,Tuesday,19,07:33 PM,Injury,C Injury Crash,1,0,0,0,1,2,Front to Rear,11,N,N,Failing to Reduce Speed to Avoid Crash,(N/A),Darkness / Lighted Road,Clear,Dry,N,,,,,Traffic Signal,Functioning Properly,Y,3,41.8872445,-87.8049822,ok,(UNK),1,2100136,2021,,28,99,50000 and OVER,9,4295,Oak Park,C,Urban Other Principal Arte,,16,9,11182218,2,Cook,1,21,,,2,N,Yes,Slow,202101051549,City,5,19.15,Y,,,,(UNK),34765,(N/A),(UNK),No Defects,1,1,Other Principal Arterial,3,348,X002156440,Not Toll,73,3,4,"Divided, No Median Barrier",2,2939651.26583944,1910286.18561397,41.88723666,-87.80497642,,Urban,1,N,(N/A),Y,(N/A)
2021,2021-06-22,Tuesday,13,01:52 PM,Property Damage,No Injuries,0,0,0,0,0,2,Sideswipe Same Direction,12,N,N,Improper Lane Usage,(N/A),Daylight,Clear,Dry,N,,,,,Traffic Signal,Functioning Properly,N,2,41.8733731,-87.8045137,ok,(UNK),1,21-01878,2021,,20,99,50000 and OVER,9,4295,Oak Park,C,Urban Other Principal Arte,,16,22,11328867,6,Cook,0,21,,,2,N,No,Stopped,202101189613,City,1,20.11,Y,,,,(UNK),35056,(N/A),(UNK),No Defects,1,1,Other Principal Arterial,3,348,X002280062,Not Toll,73,3,4,Not Divided,1,2939918.04678655,1905234.70793197,41.87336525,-87.80450792,,Urban,1,N,(N/A),Y,(N/A)
2021,2021-09-19,Sunday,18,06:54 PM,Property Damage,No Injuries,0,0,0,0,0,2,Rear to Front,18,N,N,Improper Backing,Failing to Reduce Speed to Avoid Crash,Dusk,Clear,Dry,N,,,,,No Controls,No Controls,N,2,41.8805081,-87.8038763,ok,(UNK),1,2105810,2021,,30,28,50000 and OVER,9,4295,Oak Park,C,Urban Local Road or Street,,16,19,11444455,9,Cook,0,21,,,7,N,No,Free Flow,202101299113,City,3,0.42,N,,,,(UNK),35499,(N/A),(UNK),No Defects,1,1,Local Road or Street,7,2718,X002377480,Not Toll,73,1,1,Not Divided,1,2940020.02937138,1907839.62160302,41.88050029,-87.80387055,,Urban,1,N,(N/A),Y,(N/A)
2021,2021-09-20,Monday,08,08:25 AM,Injury,C Injury Crash,1,0,0,0,1,1,Pedestrian,1,Y,N,Failing to Yield Right of Way,Failing to Reduce Speed to Avoid Crash,Daylight,Cloudy/Overcast,Wet,Y,,,,,Traffic Signal,Functioning Properly,N,1,41.8905615,-87.8051158,ok,(UNK),1,2105817,2021,,2,28,50000 and OVER,9,4295,Oak Park,C,Urban Other Principal Arte,,16,20,11444456,9,Cook,1,21,,,1,N,No,Slow,202101299114,City,1,26.78,Y,,,,(UNK),35579,(N/A),(UNK),No Defects,1,2,Other Principal Arterial,3,5043,X002377487,Not Toll,73,3,4,"Divided, No Median Barrier",2,2939581.60028221,1911493.9736824,41.8905537,-87.80511002,,Urban,8,N,(N/A),Y,(N/A)
2021,2021-09-20,Monday,17,05:07 PM,Property Damage,No Injuries,0,0,0,0,0,4,Turning,10,N,N,Failing to Yield Right of Way,(N/A),Daylight,Clear,Dry,Y,,,,,Stop Sign,Functioning Properly,N,2,41.8978979,-87.8038649,ok,(UNK),1,2105827,2021,,2,99,50000 and OVER,9,4295,Oak Park,C,Urban Local Road or Street,,16,20,11444458,9,Cook,0,21,,,1,N,No,Slow,202101299116,City,1,0,N,,,,(UNK),35580,(N/A),(UNK),No Defects,1,1,Local Road or Street,7,,X002377495,Not Toll,73,2,4,T-Intersection,15,2939848.54808534,1914176.84363734,41.89789001,-87.80385913,,Urban,1,N,(N/A),Y,(N/A)
2021,2021-09-20,Monday,18,06:42 PM,Property Damage,No Injuries,0,0,0,0,0,3,Front to Rear,11,N,N,Under Influence of Alcohol/Drugs,Failing to Reduce Speed to Avoid Crash,Daylight,Clear,Dry,N,,,,,No Controls,No Controls,N,2,41.8886027,-87.8040016,ok,(UNK),1,2105830,2021,,8,28,50000 and OVER,9,4295,Oak Park,C,Urban Major Collector,,16,20,11444459,9,Cook,0,21,,,1,N,No,Slow,202101299117,City,1,0.05,N,,,,(UNK),35581,(N/A),(UNK),No Defects,1,1,Major Collector,5,8,X002377501,Not Toll,73,1,1,Not Divided,1,2939904.65068013,1910788.48175346,41.88859483,-87.80399584,,Urban,1,N,(N/A),Y,(N/A)
2021,2021-06-16,Wednesday,16,04:20 PM,Property Damage,No Injuries,0,0,0,0,0,1,Fixed Object,6,N,N,Failing to Reduce Speed to Avoid Crash,Unable to Determine,Daylight,Clear,Dry,N,,,,,Other,Functioning Properly,Y,1,41.8873277,-87.7937754,ok,(UNK),1,2103546,2021,,28,18,50000 and OVER,9,4295,Oak Park,C,Urban Local Road or Street,,16,16,11329871,6,Cook,0,21,GATE ARM,,3,N,No,Free Flow,202101190396,City,1,0.33,N,,,,(UNK),36885,(N/A),(UNK),No Defects,1,1,Local Road or Street,7,3005,X002280605,Not Toll,73,13,4,One-Way,10,2942702.1324709,1910400.74777331,41.88731989,-87.79376962,,Urban,1,N,(N/A),Y,(N/A)
2021,2021-06-22,Tuesday,11,11:52 AM,Property Damage,No Injuries,0,0,0,0,0,2,Angle,15,N,N,Failing to Yield Right of Way,Driving Skills/Knowledge/Experience,Daylight,Clear,Dry,Y,,,,,No Controls,No Controls,N,2,41.9070578,-87.8057258,ok,(UNK),1,2100652,2021,,2,15,50000 and OVER,9,4295,Oak Park,C,Urban Other Principal Arte,,16,22,11329872,6,Cook,0,21,,,2,N,No,Free Flow,202101190398,City,1,27.92,Y,,,,(UNK),36886,(N/A),(UNK),No Defects,1,1,Other Principal Arterial,3,5043,X002280607,Not Toll,73,1,1,Four Way,14,2939249.98366567,1917500.96559801,41.90705,-87.80572,,Urban,1,N,(N/A),Y,(N/A)
2021,2021-02-12,Friday,16,04:24 PM,Property Damage,No Injuries,0,0,0,0,0,2,Turning,10,N,N,Improper Lane Usage,(N/A),Daylight,Clear,Wet,Y,,,,,Stop Sign,Functioning Properly,N,2,41.8816678,-87.7877674,ok,(UNK),1,2100931,2021,,20,99,50000 and OVER,9,4295,Oak Park,C,Urban Major Collector,,16,12,11183629,2,Cook,0,21,,,5,N,No,Free Flow,202101052868,City,1,0,N,,,,(UNK),37346,(N/A),(UNK),No Defects,1,2,Major Collector,5,,X002157466,Not Toll,73,2,4,Not Divided,1,2944395.37777438,1908383.47802289,41.88165994,-87.78776159,,Urban,1,N,(N/A),Y,(N/A)
2021,2021-02-10,Wednesday,16,04:30 PM,Property Damage,No Injuries,0,0,0,0,0,4,Turning,10,N,N,Improper Overtaking/Passing,Unable to Determine,Daylight,Cloudy/Overcast,Snow or Slush,N,,,,,No Controls,No Controls,N,2,41.8897955,-87.7975333,ok,(UNK),1,2100932,2021,,4,18,50000 and OVER,9,4295,Oak Park,C,Urban Local Road or Street,,16,10,11183631,2,Cook,0,21,,,3,N,No,Stopped,202101052870,City,1,0.32,N,,,,(UNK),37348,(N/A),(UNK),No Defects,1,3,Local Road or Street,7,2690,X002157468,Not Toll,73,1,1,Not Divided,1,2941654.00247965,1911271.75936986,41.88978766,-87.79752745,,Urban,8,N,(N/A),Y,(N/A)
2021,2021-02-13,Saturday,15,03:07 PM,Property Damage,No Injuries,0,0,0,0,0,2,Sideswipe Opposite Direction,13,N,N,Improper Lane Usage,Weather,Daylight,Snow,Snow or Slush,Y,,,,,Traffic Signal,Functioning Properly,N,2,41.8905578,-87.8051158,ok,(UNK),1,2100953,2021,,20,11,50000 and OVER,9,4295,Oak Park,C,Urban Other Principal Arte,,16,13,11183635,2,Cook,0,21,,,6,N,No,Free Flow,202101052873,City,1,26.78,Y,,,,(UNK),37349,(N/A),(UNK),No Defects,1,3,Other Principal Arterial,3,5043,X002157472,Not Toll,73,3,4,"Divided, No Median Barrier",2,2939581.64245117,1911492.62558059,41.89055,-87.80511,,Urban,3,N,(N/A),Y,(N/A)
2021,2021-02-15,Monday,11,11:15 AM,Property Damage,No Injuries,0,0,0,0,0,2,Front to Rear,11,N,N,Failing to Reduce Speed to Avoid Crash,(N/A),Daylight,Snow,Snow or Slush,Y,,,,,Traffic Signal,Functioning Properly,N,2,41.8885987,-87.7926976,ok,(UNK),1,2100981,2021,,28,99,50000 and OVER,9,4295,Oak Park,C,Urban Major Collector,,16,15,11183637,2,Cook,0,21,,,1,N,No,Stopped,202101052875,City,1,0,N,,,,(UNK),37382,(N/A),(UNK),No Defects,1,3,Major Collector,5,,X002157474,Not Toll,73,3,4,Four Way,14,2942982.79815669,1910872.03552281,41.88859086,-87.79269185,,Urban,3,N,(N/A),Y,(N/A)
2021,2021-02-15,Monday,15,03:33 PM,Property Damage,No Injuries,0,0,0,0,0,2,Front to Rear,11,N,N,Weather,(N/A),Daylight,Blowing Snow,Snow or Slush,N,,,,,No Controls,No Controls,N,2,41.8885678,-87.8050258,ok,(UNK),1,2100991,2021,,11,99,50000 and OVER,9,4295,Oak Park,C,Urban Other Principal Arte,,16,15,11183639,2,Cook,0,21,,,1,N,No,Slow,202101052877,City,1,26.64,Y,,,,(UNK),37383,(N/A),(UNK),No Defects,1,3,Other Principal Arterial,3,5043,X002157476,Not Toll,73,1,1,"Divided, No Median Barrier",2,2939626.11874017,1910768.10734459,41.88856,-87.80502,,Urban,11,N,(N/A),Y,(N/A)
2021,2021-02-15,Monday,13,01:00 PM,Property Damage,No Injuries,0,0,0,0,0,2,Sideswipe Same Direction,12,N,N,Following Too Closely,Weather,Daylight,Snow,Snow or Slush,N,,,,,No Controls,No Controls,N,2,41.8942289,-87.8038735,ok,(UNK),1,2100989,2021,,3,11,50000 and OVER,9,4295,Oak Park,C,Urban Minor Arterial,,16,15,11183643,2,Cook,0,21,,,1,N,No,Slow,202101052881,City,1,2.62,N,,,,(UNK),37384,(N/A),(UNK),No Defects,1,3,Minor Arterial,4,1398,X002157480,Not Toll,73,1,1,"Divided, No Median Barrier",2,2939883.04214586,1912839.73023273,41.89422102,-87.80386775,,Urban,3,N,(N/A),Y,(N/A)
2021,2021-02-14,Sunday,12,12:00 PM,Property Damage,No Injuries,0,0,0,0,0,1,Parked Motor Vehicle,9,N,N,Unable to Determine,Unable to Determine,Unknown,Unknown,Unknown,N,,,,,No Controls,No Controls,Y,3,41.8815818,-87.7861421,ok,(UNK),1,2100994,2021,,18,18,50000 and OVER,9,4295,Oak Park,C,Urban Local Road or Street,,16,14,11183645,2,Cook,0,21,,,7,N,Yes,(UNK),202101052883,City,9,0.37,N,,,,(UNK),37385,(N/A),(UNK),No Defects,1,9,Local Road or Street,7,2643,X002157482,Not Toll,73,1,1,Not Divided,1,2944838.86832266,1908364.40917561,41.88157391,-87.78613629,,Urban,9,N,(N/A),Y,(N/A)
2021,2021-02-12,Friday,13,01:58 PM,Property Damage,No Injuries,0,0,0,0,0,2,Front to Rear,11,N,N,Failing to Reduce Speed to Avoid Crash,(N/A),Daylight,Clear,Dry,N,,,,,No Controls,No Controls,N,2,41.8651953,-87.7920595,ok,(UNK),1,2100925,2021,,28,99,50000 and OVER,9,4295,Oak Park,C,Urban Other Principal Arte,,16,12,11183646,2,Cook,0,21,,,5,N,No,Stopped,202101052884,City,1,6.62,Y,,,,(UNK),37386,(N/A),(UNK),No Defects,1,1,Other Principal Arterial,3,347,X002157483,Not Toll,52,1,1,"Divided, No Median Barrier",2,2943392.65798301,1902348.20633134,41.86518742,-87.79205369,,Urban,1,N,(N/A),Y,(N/A)
2021,2021-02-12,Friday,19,07:54 PM,Property Damage,No Injuries,0,0,0,0,0,1,Rear to Front,18,N,N,Unable to Determine,(N/A),Unknown,Unknown,Unknown,N,,,,,No Controls,No Controls,Y,2,41.8915946,-87.792577,ok,(UNK),1,2100938,2021,,18,99,50000 and OVER,9,4295,Oak Park,C,Urban Local Road or Street,,16,12,11183648,2,Cook,0,21,,,5,N,No,Free Flow,202101052886,City,9,0.11,N,,,,(UNK),37387,(N/A),(UNK),Unknown,99,9,Local Road or Street,7,3064,X002157485,Not Toll,73,1,1,Not Divided,1,2942985.42943295,1911964.70091378,41.89158674,-87.7925712,,Urban,9,N,(N/A),N,(N/A)
2021,2021-02-13,Saturday,16,04:17 PM,Property Damage,No Injuries,0,0,0,0,0,2,Front to Rear,11,N,N,(N/A),(N/A),Daylight,Snow,Snow or Slush,N,,,,,Traffic Signal,Functioning Properly,Y,2,41.880065,-87.7800321,ok,(UNK),1,2100955,2021,,99,99,50000 and OVER,9,4295,Oak Park,C,Urban Minor Arterial,,16,13,11183651,2,Cook,0,21,,,6,N,No,Stopped,202101052890,City,1,0,N,,,,(UNK),37436,(N/A),(UNK),No Defects,1,3,Minor Arterial,4,,X002157488,Not Toll,73,3,4,"Divided, No Median Barrier",2,2946518.20738279,1907857.91113957,41.88005715,-87.78002627,,Urban,3,N,(N/A),Y,(N/A)
2021,2021-06-15,Tuesday,16,04:58 PM,Injury,B Injury Crash,3,0,0,1,2,0,Turning,10,N,N,Failing to Yield Right of Way,Failing to Reduce Speed to Avoid Crash,Daylight,Clear,Dry,N,,,,,Traffic Signal,Functioning Properly,N,2,41.8948141,-87.7751569,ok,(UNK),1,2103520,2021,,2,28,50000 and OVER,9,4295,Oak Park,C,Urban Minor Arterial,,16,15,11330035,6,Cook,2,21,FENCE,,2,N,No,Slow,202101190572,City,1,6.65,N,,,,(UNK),37768,(N/A),(UNK),No Defects,1,1,Minor Arterial,4,2790,X002280738,Not Toll,,3,4,Two-way Continuous Left-Tur,4,2947696.04160667,1913269.75406425,41.89480627,-87.77515107,,Urban,1,N,(N/A),Y,(N/A)
2021,2021-06-16,Wednesday,13,01:07 PM,Property Damage,No Injuries,0,0,0,0,0,1,Parked Motor Vehicle,9,N,N,Improper Lane Usage,Failing to Reduce Speed to Avoid Crash,Daylight,Clear,Dry,N,,,,,No Controls,No Controls,Y,2,41.8762784,-87.7841478,ok,(UNK),1,2103538,2021,,20,28,50000 and OVER,9,4295,Oak Park,C,Urban Local Road or Street,,16,16,11330037,6,Cook,0,21,,,3,N,No,Free Flow,202101190575,City,1,0.56,N,,,,(UNK),37769,(N/A),(UNK),No Defects,1,1,Local Road or Street,7,4025,X002280742,Not Toll,73,1,1,"Divided, No Median Barrier",2,2945435.64590323,1906446.82837289,41.87627051,-87.78414205,,Urban,1,N,(N/A),Y,(N/A)
2021,2021-06-17,Thursday,14,02:00 PM,Property Damage,No Injuries,0,0,0,0,0,1,Parked Motor Vehicle,9,N,N,Improper Backing,Failing to Reduce Speed to Avoid Crash,Daylight,Clear,Dry,N,,,,,No Controls,No Controls,N,2,41.8942278,-87.8048035,ok,(UNK),1,2103570,2021,,30,28,50000 and OVER,9,4295,Oak Park,C,Urban Minor Arterial,,16,17,11330040,6,Cook,0,21,,,4,N,No,Free Flow,202101190579,City,1,2.57,N,,,,(UNK),37771,(N/A),(UNK),No Defects,1,1,Minor Arterial,4,1398,X002280766,Not Toll,73,1,1,Not Divided,1,2939629.84365911,1912832.38449697,41.89422,-87.80479771,,Urban,1,N,(N/A),Y,(N/A)
2021,2021-06-22,Tuesday,17,05:08 PM,Property Damage,No Injuries,0,0,0,0,0,2,Front to Rear,11,N,N,Failing to Reduce Speed to Avoid Crash,(N/A),Daylight,Clear,Dry,N,,,,,No Controls,No Controls,N,2,41.8798957,-87.7830696,ok,(UNK),1,2103701,2021,,28,99,50000 and OVER,9,4295,Oak Park,C,Urban Minor Arterial,,16,22,11330042,6,Cook,0,21,,,2,N,Yes,Slow,202101190582,City,1,4.19,N,,,,(UNK),37772,(N/A),(UNK),No Defects,1,1,Minor Arterial,4,1419,X002280785,Not Toll,73,1,1,"Divided, No Median Barrier",2,2945692.69134011,1907773.22342094,41.87988788,-87.78306377,,Urban,1,N,(N/A),Y,(N/A)
2021,2021-06-22,Tuesday,17,05:34 PM,Property Damage,No Injuries,0,0,0,0,0,1,Parked Motor Vehicle,9,N,N,Failing to Yield Right of Way,Unable to Determine,Daylight,Clear,Dry,N,,,,,No Controls,No Controls,N,2,41.8751364,-87.8009094,ok,(UNK),1,2103702,2021,,2,18,50000 and OVER,9,4295,Oak Park,C,Urban Local Road or Street,,16,22,11330043,6,Cook,0,21,,,2,N,No,Free Flow,202101190583,City,1,0.31,N,,,,(UNK),37841,(N/A),(UNK),No Defects,1,1,Local Road or Street,7,2701,X002280786,Not Toll,73,1,1,Not Divided,1,2940882.01661677,1905904.34650996,41.87512858,-87.80090363,,Urban,1,N,(N/A),Y,(N/A)
2021,2021-06-22,Tuesday,20,08:28 PM,Injury,C Injury Crash,2,0,0,0,2,3,Angle,15,N,N,Failing to Reduce Speed to Avoid Crash,Unable to Determine,Dusk,Clear,Dry,Y,,,,,Stop Sign,Functioning Properly,N,2,41.8761881,-87.7892152,ok,(UNK),1,2103706,2021,,28,18,50000 and OVER,9,4295,Oak Park,C,Urban Minor Collector,,16,22,11330044,6,Cook,1,21,,,2,N,No,Free Flow,202101190584,City,3,0,N,,,,(UNK),37842,(N/A),(UNK),No Defects,1,1,Minor Collector,6,,X002280796,Not Toll,73,2,4,Not Divided,1,2944056.42593998,1906375.63051357,41.87618021,-87.78920945,,Urban,1,N,(N/A),Y,(N/A)
2021,2021-06-16,Wednesday,22,10:44 PM,Property Damage,No Injuries,0,0,0,0,0,2,Front to Rear,11,N,N,Failing to Reduce Speed to Avoid Crash,Following Too Closely,Darkness / Lighted Road,Clear,Dry,N,,,,,No Controls,No Controls,Y,2,41.8730159,-87.7996037,ok,Partial Access Control,3,03-21-08479,2021,,28,3,50000 and OVER,9,4295,Oak Park,C,Urban InterState,,16,16,11330909,6,Cook,0,21,,,3,N,No,(UNK),202101191469,ISP,5,7.93,Y,,,,(UNK),38437,(N/A),(UNK),No Defects,1,1,InterState,1,290,X002281641,Not Toll,,1,1,Divided With Median Barrier,3,2941258.96228031,1905141.38381463,41.87300801,-87.79959792,,Urban,1,N,(N/A),Y,(N/A)
2021,2021-02-16,Tuesday,09,09:13 AM,Property Damage,No Injuries,0,0,0,0,0,3,Angle,15,N,N,Improper Lane Usage,Failing to Reduce Speed to Avoid Crash,Daylight,Clear,Snow or Slush,N,,,,,No Controls,No Controls,N,3,41.9088917,-87.8027669,ok,(UNK),1,2100998,2021,,20,28,50000 and OVER,9,4295,Oak Park,C,Urban Other Principal Arte,,16,16,11183972,2,Cook,0,21,,,2,N,No,Slow,202101053183,City,1,6.08,Y,,,,(UNK),38734,(N/A),(UNK),Unknown,99,3,Other Principal Arterial,3,307,X002158016,Not Toll,73,1,1,"Divided, No Median Barrier",2,2940037.03738512,1918191.46517293,41.90888389,-87.80276111,,Urban,1,N,(N/A),N,(N/A)