crash_year,crash_date,day_of_week,crash_hour,time_of_crash,crash_severity,crash_injury_severity,total_injured,total_fatals,a_injuries,b_injuries,c_injuries,no_injuries,type_of_first_crash,collision_type_code,pedestrian_involved,pedalcyclist_involved,cause1,cause2,lighting_cond,weather_cond,road_surface_cond,intersection_related,is_intersection,highway_or_street_name,at_intersection_with,address_no,traffic_control_device,traffic_control_device_cond,hit_and_run,number_of_vehicles,latitude,longitude,location_status,access_control,agency_code,agency_report_number,agency_report_year,alignment_code,cause1_code,cause2_code,city_class,city_class_code,city_code,city_name,city_township_flag,class_of_trafficway,class_of_trafficway_code,county_code,crash_day,crash_id,crash_month,crash_report_county,crash_severity_cd,crash_yr_source,damaged_property1,damaged_property2,day_of_week_code,did_crash_occur_in_work_zone,did_involve_secondary_crash,flow_condition,icn,investigating_agency_descrip,light_condition_code,mile_station,nhs,non_intersection_direction,non_intersection_distance,non_intersection_units,number_of_lanes,objectid,railroad_crossing_number,road_alignment,road_defects,road_defects_code,road_surface_condition_code,roadway_functional_class,roadway_functional_class_code,route_number,sfe,toll,township,traffic_control_device_code,traffic_control_device_cond_code,trafficway_descrip,trafficway_description_code,ts_crash_coordinate_x,ts_crash_coordinate_y,ts_crash_latitude,ts_crash_longitude,type_report,urban_rural,weather_code,were_workers_present,work_zone,work_zone_related,work_zone_type
2021,2021-02-16,Tuesday,17,05:28 PM,Property Damage,No Injuries,0,0,0,0,0,3,Angle,15,N,N,Failing to Reduce Speed to Avoid Crash,Unable to Determine,Darkness / Lighted Road,Clear,Snow or Slush,N,,,,,Traffic Signal,Functioning Properly,Y,2,41.8800123,-87.7750374,ok,(UNK),1,2101009,2021,,28,18,50000 and OVER,9,4295,Oak Park,C,Urban Minor Arterial,,16,16,11183973,2,Cook,0,21,,,2,N,No,Slow,202101053184,City,5,4.6,N,,,,(UNK),38735,(N/A),(UNK),No Defects,1,3,Minor Arterial,4,1419,X002158017,Not Toll,73,3,4,"Divided, No Median Barrier",2,2947878.98976668,1907876.59121555,41.88000444,-87.7750316,,Urban,1,N,(N/A),Y,(N/A)
2021,2021-01-31,Sunday,18,06:48 PM,Property Damage,No Injuries,0,0,0,0,0,1,Other Object,7,N,N,Improper Overtaking/Passing,Failing to Reduce Speed to Avoid Crash,Darkness / Lighted Road,Snow,Snow or Slush,Y,,,,,Stop Sign,Functioning Properly,Y,1,41.8832645,-87.8024263,ok,(UNK),1,2100682,2021,,4,28,50000 and OVER,9,4295,Oak Park,C,Urban Local Road or Street,,16,31,11183975,1,Cook,0,21,BOBCAT #700,,7,N,No,Stopped,202101053186,City,5,0,N,,,,(UNK),38736,(N/A),(UNK),No Defects,1,3,Local Road or Street,7,,X002158032,Not Toll,73,2,4,Not Divided,1,2940387.23184997,1908854.97549103,41.88325666,-87.80242054,,Urban,3,N,(N/A),Y,(N/A)
2021,2021-02-15,Monday,10,10:33 AM,Property Damage,No Injuries,0,0,0,0,0,2,Sideswipe Opposite Direction,13,N,N,Weather,Failing to Reduce Speed to Avoid Crash,Daylight,Snow,Snow or Slush,N,,,,,No Controls,No Controls,N,2,41.8882718,-87.7846937,ok,(UNK),1,2100978,2021,,11,28,50000 and OVER,9,4295,Oak Park,C,Urban Major Collector,,16,15,11183981,2,Cook,0,21,,,1,N,No,Free Flow,202101053192,City,1,0.93,N,,,,(UNK),38767,(N/A),(UNK),No Defects,1,3,Major Collector,5,2783,X002157491,Not Toll,73,1,1,Not Divided,1,2945165.60495459,1910813.32855897,41.88826393,-87.78468791,,Urban,3,N,(N/A),Y,(N/A)
2021,2021-11-30,Tuesday,11,11:19 AM,Property Damage,No Injuries,0,0,0,0,0,2,Angle,15,N,N,Disregarding Traffic Signals,Failing to Reduce Speed to Avoid Crash,Daylight,Clear,Dry,Y,,,,,Traffic Signal,Functioning Properly,N,2,41.8813878,-87.8047857,ok,(UNK),1,2107477,2021,,25,28,50000 and OVER,9,4295,Oak Park,C,Urban Other Principal Arte,,16,30,11538222,11,Cook,0,21,,,2,N,No,Slow,202101386407,City,1,26.14,Y,,,,(UNK),39142,(N/A),(UNK),No Defects,1,1,Other Principal Arterial,3,5043,X002458449,Not Toll,73,3,4,"Divided, No Median Barrier",2,2939763.55393227,1908153.38565596,41.88138,-87.80477989,,Urban,1,N,(N/A),Y,(N/A)
2021,2021-11-30,Tuesday,12,12:47 PM,Property Damage,No Injuries,0,0,0,0,0,1,Parked Motor Vehicle,9,N,N,Unable to Determine,Unable to Determine,Unknown,Other,Unknown,N,,,,,No Controls,No Controls,Y,2,41.8915643,-87.793887,ok,(UNK),1,2107482,2021,,18,18,50000 and OVER,9,4295,Oak Park,C,Urban Local Road or Street,,16,30,11538223,11,Cook,0,21,,,2,N,No,Slow,202101386408,City,9,0.04,N,,,,(UNK),39143,(N/A),(UNK),No Defects,1,9,Local Road or Street,7,3064,X002458450,Not Toll,73,1,1,"Divided, No Median Barrier",2,2942629.02350896,1911943.77636099,41.89155641,-87.79388124,,Urban,7,N,(N/A),Y,(N/A)
2021,2021-11-29,Monday,19,07:10 PM,Injury,B Injury Crash,1,0,0,1,0,1,Pedestrian,1,Y,N,Failing to Yield Right of Way,Unable to Determine,Darkness / Lighted Road,Cloudy/Overcast,Dry,Y,,,,,Pedestrian Crossing,Functioning Properly,Y,1,41.8947178,-87.7751558,ok,(UNK),1,2107467,2021,,2,18,50000 and OVER,9,4295,Oak Park,C,Urban Minor Arterial,,16,29,11537356,11,Cook,2,21,,,1,N,No,Stopped,202101385457,City,5,0,N,,,,(UNK),39667,(N/A),(UNK),No Defects,1,1,Minor Arterial,4,,X002457600,Not Toll,,17,4,Not Divided,1,2947697.31125917,1913234.67983926,41.89471,-87.77515,,Urban,8,N,(N/A),Y,(N/A)
2021,2021-11-30,Tuesday,10,10:10 AM,Property Damage,No Injuries,0,0,0,0,0,2,Turning,10,N,N,Unable to Determine,Unable to Determine,Daylight,Clear,Dry,Y,,,,,Traffic Signal,Functioning Properly,N,2,41.8832478,-87.8048564,ok,(UNK),1,21-03558,2021,,18,18,50000 and OVER,9,4295,Oak Park,C,Urban Other Principal Arte,,16,30,11537944,11,Cook,0,21,,,2,N,No,Slow,202101386134,City,1,26.27,Y,,,,(UNK),40351,(N/A),(UNK),No Defects,1,1,Other Principal Arterial,3,5043,X002458202,Not Toll,73,3,4,Four Way,14,2939725.62928463,1908830.66841519,41.88323999,-87.80485062,,Urban,1,N,(N/A),Y,(N/A)
2021,2021-02-16,Tuesday,20,08:25 PM,Property Damage,No Injuries,0,0,0,0,0,4,Turning,10,N,N,Failing to Yield Right of Way,Failing to Reduce Speed to Avoid Crash,Darkness / Lighted Road,Cloudy/Overcast,Snow or Slush,Y,,,,,Traffic Signal,Functioning Properly,N,3,41.9017081,-87.7948558,ok,(UNK),1,2101012,2021,,2,28,50000 and OVER,9,4295,Oak Park,C,Urban Major Collector,,16,16,11185678,2,Cook,0,21,,,2,N,Yes,Slow,202101054305,City,5,0,N,,,,(UNK),40647,(N/A),(UNK),No Defects,1,3,Major Collector,5,,X002159183,Not Toll,73,3,4,Four Way,14,2942262.99022071,1915633.10512129,41.9017003,-87.79485001,,Urban,8,N,(N/A),Y,(N/A)
2021,2021-02-17,Wednesday,13,01:20 PM,Property Damage,No Injuries,0,0,0,0,0,1,Parked Motor Vehicle,9,N,N,Improper Backing,(N/A),Daylight,Cloudy/Overcast,Snow or Slush,N,,,,,No Controls,No Controls,N,2,41.8709318,-87.800569,ok,(UNK),1,2101028,2021,,30,99,50000 and OVER,9,4295,Oak Park,C,Urban Local Road or Street,,16,17,11185103,2,Cook,0,21,,,3,N,No,Free Flow,202101054229,City,1,0.1,N,,,,(UNK),40954,(N/A),(UNK),No Defects,1,3,Local Road or Street,7,2701,X002159121,Not Toll,73,1,1,Not Divided,1,2941016.99151748,1904374.6685448,41.87092397,-87.80056322,,Urban,8,N,(N/A),Y,(N/A)
2021,2021-09-22,Wednesday,11,11:10 AM,Property Damage,No Injuries,0,0,0,0,0,4,Angle,15,N,N,Failing to Yield Right of Way,Vision Obscured,Daylight,Clear,Dry,N,,,,,Other Regualtory Sig,Functioning Properly,N,2,41.8655997,-87.8042331,ok,(UNK),1,21-02838,2021,,2,14,50000 and OVER,9,4295,Oak Park,C,Urban Other Principal Arte,,16,22,11446414,9,Cook,0,21,,,3,N,No,Slow,202101300662,City,1,20.65,Y,,,,(UNK),41090,(N/A),(UNK),No Defects,1,1,Other Principal Arterial,3,348,X002378847,Not Toll,73,10,4,Four Way,14,2940072.47181638,1902404.06372829,41.86559189,-87.80422733,,Urban,1,N,(N/A),Y,(N/A)
2021,2021-09-21,Tuesday,14,02:49 PM,Property Damage,No Injuries,0,0,0,0,0,3,Front to Rear,11,N,N,Following Too Closely,Unable to Determine,Daylight,Clear,Dry,N,,,,,No Controls,No Controls,N,3,41.8669197,-87.8042768,ok,(UNK),1,21-833,2021,,3,18,50000 and OVER,9,4295,Oak Park,C,Urban Other Principal Arte,,16,21,11446416,9,Cook,0,21,,,2,N,No,Free Flow,202101300664,City,1,20.56,Y,,,,(UNK),41143,(N/A),(UNK),No Defects,1,1,Other Principal Arterial,3,348,X002378849,Not Toll,73,1,1,Not Divided,1,2940047.32243388,1902884.7393066,41.86691182,-87.80427104,,Urban,1,N,(N/A),Y,(N/A)
2021,2021-06-23,Wednesday,14,02:13 PM,Property Damage,No Injuries,0,0,0,0,0,2,Front to Rear,11,N,N,Following Too Closely,Failing to Reduce Speed to Avoid Crash,Daylight,Clear,Dry,N,,,,,Other,Functioning Properly,N,2,41.871197,-87.7755746,ok,Partial Access Control,3,03-21-08861,2021,,3,28,50000 and OVER,9,4295,Oak Park,C,Urban InterState,,16,23,11331339,6,Cook,0,21,,,3,N,No,(UNK),202101191925,ISP,1,0.04,Y,,,,(UNK),41926,(N/A),(UNK),No Defects,1,1,InterState,1,290,X002282056,Not Toll,73,13,4,Ramp,11,2947822.23871504,1904660.04902619,41.87118913,-87.77556877,,Urban,1,N,(N/A),Y,(N/A)
2021,2021-02-17,Wednesday,08,08:03 AM,Property Damage,No Injuries,0,0,0,0,0,1,Parked Motor Vehicle,9,N,N,Failing to Reduce Speed to Avoid Crash,Improper Backing,Daylight,Clear,Snow or Slush,N,,,,,No Controls,No Controls,N,2,41.9050217,-87.7994774,ok,(UNK),1,2101018,2021,,28,30,50000 and OVER,9,4295,Oak Park,C,Urban Local Road or Street,,16,17,11186922,2,Cook,0,21,,,3,N,No,Free Flow,202101055541,City,1,0.25,N,,,,(UNK),42795,(N/A),(UNK),Unknown,99,3,Local Road or Street,7,2693,X002160170,Not Toll,73,1,1,Alley,12,2940971.44422197,1916805.84712334,41.90501382,-87.79947157,,Urban,1,N,(N/A),N,(N/A)
2021,2021-02-14,Sunday,16,04:00 PM,Property Damage,No Injuries,0,0,0,0,0,1,Parked Motor Vehicle,9,N,N,Improper Lane Usage,Weather,Darkness,Snow,Snow or Slush,N,,,,,No Controls,No Controls,Y,2,41.8946684,-87.7799867,ok,(UNK),1,2101038,2021,,20,11,50000 and OVER,9,4295,Oak Park,C,Urban Local Road or Street,,16,14,11186928,2,Cook,0,21,,,7,N,No,Slow,202101055548,City,4,0,N,,,,(UNK),42796,(N/A),(UNK),No Defects,1,3,Local Road or Street,7,,X002160175,Not Toll,73,1,1,Not Divided,1,2946382.47454713,1913179.99973139,41.89466051,-87.77998088,,Urban,3,N,(N/A),Y,(N/A)
2021,2021-02-17,Wednesday,16,04:50 PM,Injury,C Injury Crash,1,0,0,0,1,1,Angle,15,N,N,Disregarding Traffic Signals,Failing to Reduce Speed to Avoid Crash,Daylight,Clear,Wet,Y,,,,,Traffic Signal,Functioning Properly,Y,2,41.876311,-87.7818615,ok,(UNK),1,2101034,2021,,25,28,50000 and OVER,9,4295,Oak Park,C,Urban Local Road or Street,,16,17,11186929,2,Cook,1,21,,,3,N,No,Free Flow,202101055547,City,1,0,N,,,,(UNK),42797,(N/A),(UNK),No Defects,1,2,Local Road or Street,7,,X002160176,Not Toll,73,3,4,Not Divided,1,2946058.02531517,1906476.03112936,41.87630316,-87.78185566,,Urban,1,N,(N/A),Y,(N/A)
2021,2021-02-17,Wednesday,22,10:33 PM,Property Damage,No Injuries,0,0,0,0,0,3,Fixed Object,6,N,N,Operating Vehicle In Reckless Manner,Failing to Reduce Speed to Avoid Crash,Darkness / Lighted Road,Clear,Snow or Slush,N,,,,,No Controls,No Controls,N,2,41.8946272,-87.7800979,ok,(UNK),1,2101043,2021,,50,28,50000 and OVER,9,4295,Oak Park,C,Urban Minor Arterial,,16,17,11186930,2,Cook,0,21,,,3,N,No,Slow,202101055549,City,5,3.86,N,,,,(UNK),42798,(N/A),(UNK),No Defects,1,3,Minor Arterial,4,1398,X002160177,Not Toll,73,1,1,"Divided, No Median Barrier",2,2946352.62180261,1913164.14810476,41.89461933,-87.78009206,,Urban,1,N,(N/A),Y,(N/A)
2021,2021-02-18,Thursday,13,01:17 PM,Property Damage,No Injuries,0,0,0,0,0,2,Turning,10,N,N,Unable to Determine,Unable to Determine,Daylight,Clear,Dry,Y,,,,,Traffic Signal,Functioning Properly,N,2,41.8759848,-87.8045958,ok,(UNK),1,21-00576,2021,,18,18,50000 and OVER,9,4295,Oak Park,C,Urban Other Principal Arte,,16,18,11187047,2,Cook,0,21,,,4,N,No,Free Flow,202101055664,City,1,25.77,Y,,,,(UNK),43181,(N/A),(UNK),No Defects,1,1,Other Principal Arterial,3,5043,X002160489,Not Toll,73,3,4,"Divided, No Median Barrier",2,2939869.49456576,1906185.86027551,41.875977,-87.80458997,,Urban,1,N,(N/A),Y,(N/A)
2021,2021-06-23,Wednesday,16,04:00 PM,Property Damage,No Injuries,0,0,0,0,0,2,Angle,15,N,N,Failing to Yield Right of Way,(N/A),Daylight,Clear,Dry,N,,,,,No Controls,No Controls,N,2,41.8796199,-87.8029008,ok,(UNK),1,2103726,2021,,2,99,50000 and OVER,9,4295,Oak Park,C,Urban Minor Arterial,,16,23,11332372,6,Cook,0,21,,,3,N,No,Free Flow,202101193052,City,1,3.16,N,,,,(UNK),43376,(N/A),(UNK),No Defects,1,1,Minor Arterial,4,1419,X002281913,Not Toll,73,1,1,"Divided, No Median Barrier",2,2940294.62042734,1907523.26628024,41.87961209,-87.80289502,,Urban,1,N,(N/A),Y,(N/A)
2021,2021-06-23,Wednesday,21,09:15 PM,Property Damage,No Injuries,0,0,0,0,0,3,Sideswipe Same Direction,12,N,N,Improper Lane Usage,Failing to Reduce Speed to Avoid Crash,Darkness / Lighted Road,Clear,Dry,N,,,,,Traffic Signal,Functioning Properly,Y,3,41.8811824,-87.8047763,ok,(UNK),1,2103735,2021,,20,28,50000 and OVER,9,4295,Oak Park,C,Urban Other Principal Arte,,16,23,11332373,6,Cook,0,21,,,3,N,Yes,(UNK),202101193053,City,5,19.57,Y,,,,(UNK),43377,(N/A),(UNK),No Defects,1,1,Other Principal Arterial,3,348,X002281915,Not Toll,73,3,4,Not Divided,1,2939768.16672402,1908078.56986402,41.88117451,-87.80477052,,Urban,1,N,(N/A),Y,(N/A)
2021,2021-06-24,Thursday,21,09:57 PM,Injury,B Injury Crash,1,0,0,1,0,1,Pedestrian,1,Y,N,Driving Skills/Knowledge/Experience,Failing to Yield Right of Way,Darkness / Lighted Road,Clear,Dry,N,,,,,No Controls,No Controls,Y,1,41.8867276,-87.8043329,ok,(UNK),1,2103761,2021,,15,2,50000 and OVER,9,4295,Oak Park,C,Urban Local Road or Street,,16,24,11332384,6,Cook,2,21,,,4,N,No,Slow,202101193064,City,5,0.03,N,,,,(UNK),43378,(N/A),(UNK),No Defects,1,1,Local Road or Street,7,3036,X002282868,Not Toll,73,1,1,Not Divided,1,2939833.27510007,1910102.68098318,41.88671974,-87.80432708,,Urban,1,N,(N/A),Y,(N/A)
2021,2021-06-22,Tuesday,22,10:45 PM,Injury,B Injury Crash,1,0,0,1,0,1,Pedalcyclist,2,N,Y,Failing to Yield Right of Way,Failing to Reduce Speed to Avoid Crash,Darkness,Clear,Unknown,Y,,,,,Stop Sign,Functioning Properly,N,1,41.8915904,-87.7927606,ok,(UNK),1,2103727,2021,,2,28,50000 and OVER,9,4295,Oak Park,C,Urban Local Road or Street,,16,22,11332396,6,Cook,2,21,,,2,N,No,Free Flow,202101193070,City,4,0,N,,,,(UNK),43380,(N/A),(UNK),No Defects,1,9,Local Road or Street,7,,X002281737,Not Toll,73,2,4,"Divided, No Median Barrier",2,2942935.47235871,1911961.80120514,41.89158258,-87.79275482,,Urban,1,N,(N/A),Y,(N/A)
2021,2021-05-22,Saturday,18,06:03 PM,Property Damage,No Injuries,0,0,0,0,0,2,Front to Rear,11,N,N,Failing to Reduce Speed to Avoid Crash,Unable to Determine,Daylight,Clear,Dry,N,,,,,No Controls,No Controls,Y,2,41.8650698,-87.8012876,ok,(UNK),1,2102944,2021,,28,18,50000 and OVER,9,4295,Oak Park,C,Urban Other Principal Arte,,16,22,11332399,5,Cook,0,21,,,6,N,No,Stopped,202101193073,City,1,6.14,Y,,,,(UNK),43381,(N/A),(UNK),No Defects,1,1,Other Principal Arterial,3,347,X002281874,Not Toll,52,1,1,"Divided, No Median Barrier",2,2940880.15335608,1902233.05492513,41.86506197,-87.80128182,,Urban,1,N,(N/A),Y,(N/A)
2021,2021-06-22,Tuesday,14,02:38 PM,Property Damage,No Injuries,0,0,0,0,0,1,Parked Motor Vehicle,9,N,N,Failing to Reduce Speed to Avoid Crash,Distraction - From Inside Vehicle,Daylight,Clear,Dry,N,,,,,Stop Sign,Functioning Properly,N,2,41.8982637,-87.781707,ok,(UNK),1,2103697,2021,,28,41,50000 and OVER,9,4295,Oak Park,C,Urban Local Road or Street,,16,22,11332401,6,Cook,0,21,,,2,N,No,Free Flow,202101193075,City,1,0,N,,,,(UNK),43383,(N/A),(UNK),No Defects,1,1,Local Road or Street,7,,X002281897,Not Toll,73,2,4,Not Divided,1,2945877.63004592,1914477.19043373,41.89825588,-87.7817012,,Urban,1,N,(N/A),Y,(N/A)
2021,2021-06-24,Thursday,15,03:20 PM,Property Damage,No Injuries,0,0,0,0,0,2,Turning,10,N,N,Improper Turning/No Signal,Operating Vehicle In Reckless Manner,Daylight,Rain,Wet,N,,,,,No Controls,No Controls,N,2,41.8758437,-87.8045917,ok,(UNK),1,21-01905,2021,,6,50,50000 and OVER,9,4295,Oak Park,C,Urban Other Principal Arte,,16,24,11332038,6,Cook,0,21,,,4,N,No,Free Flow,202101192638,City,1,19.94,Y,,,,(UNK),44088,(N/A),(UNK),No Defects,1,2,Other Principal Arterial,3,348,X002282715,Not Toll,73,1,1,"Divided, No Median Barrier",2,2939872.02845094,1906134.44556415,41.87583583,-87.80458586,,Urban,2,N,(N/A),Y,(N/A)
2021,2021-06-16,Wednesday,17,05:09 PM,Injury,C Injury Crash,1,0,0,0,1,4,Pedalcyclist,2,N,Y,Failing to Yield Right of Way,Failing to Reduce Speed to Avoid Crash,Daylight,Clear,Dry,Y,,,,,Stop Sign,Functioning Properly,N,1,41.9017681,-87.7912082,ok,(UNK),1,2103545,2021,,2,28,50000 and OVER,9,4295,Oak Park,C,Urban Major Collector,,16,16,11332601,6,Cook,1,21,,,3,N,No,Free Flow,202101193396,City,1,0,N,,,,(UNK),44330,(N/A),(UNK),No Defects,1,1,Major Collector,5,,X002283114,Not Toll,73,2,4,Not Divided,1,2943255.43554361,1915682.4438322,41.90176025,-87.7912024,,Urban,1,N,(N/A),Y,(N/A)
2021,2021-06-24,Thursday,15,03:03 PM,Property Damage,No Injuries,0,0,0,0,0,2,Angle,15,N,N,Failing to Yield Right of Way,Unable to Determine,Daylight,Rain,Wet,Y,,,,,Stop Sign,Functioning Properly,N,2,41.8781715,-87.8046654,ok,(UNK),1,2103750,2021,,2,18,50000 and OVER,9,4295,Oak Park,C,Urban Other Principal Arte,,16,24,11332602,6,Cook,0,21,,,4,N,No,Free Flow,202101193397,City,1,25.92,Y,,,,(UNK),44331,(N/A),(UNK),No Defects,1,2,Other Principal Arterial,3,5043,X002283118,Not Toll,73,2,4,T-Intersection,15,2939828.59848229,1906982.20526941,41.87816369,-87.80465956,,Urban,2,N,(N/A),Y,(N/A)
2021,2021-06-24,Thursday,15,03:40 PM,Property Damage,No Injuries,0,0,0,0,0,3,Turning,10,N,N,Failing to Yield Right of Way,(N/A),Daylight,Cloudy/Overcast,Wet,N,,,,,No Controls,No Controls,N,2,41.8795168,-87.7746516,ok,(UNK),1,2103752,2021,,2,99,50000 and OVER,9,4295,Oak Park,C,Urban Minor Arterial,,16,24,11332603,6,Cook,0,21,,,4,N,No,Free Flow,202101193398,City,1,7.7,N,,,,(UNK),44372,(N/A),(UNK),No Defects,1,2,Minor Arterial,4,2790,X002283119,Not Toll,,1,1,"Divided, No Median Barrier",2,2947989.10379193,1907698.95322787,41.87950895,-87.77464576,,Urban,8,N,(N/A),Y,(N/A)
2021,2021-09-22,Wednesday,08,08:51 AM,Property Damage,No Injuries,0,0,0,0,0,1,Parked Motor Vehicle,9,N,N,Unable to Determine,Unable to Determine,Unknown,Unknown,Unknown,N,,,,,No Controls,No Controls,Y,2,41.8726753,-87.7819172,ok,(UNK),1,2105865,2021,,18,18,50000 and OVER,9,4295,Oak Park,C,Urban Local Road or Street,,16,22,11448399,9,Cook,0,21,,,3,N,No,Free Flow,202101302389,City,9,0.12,N,,,,(UNK),44948,(N/A),(UNK),No Defects,1,9,Local Road or Street,7,4060,X002379909,Not Toll,73,1,1,Not Divided,1,2946079.6854068,1905150.69930332,41.87266748,-87.78191137,,Urban,9,N,(N/A),Y,(N/A)
2021,2021-09-22,Wednesday,11,11:09 AM,Property Damage,No Injuries,0,0,0,0,0,2,Turning,10,N,N,Failing to Yield Right of Way,Unable to Determine,Daylight,Cloudy/Overcast,Wet,Y,,,,,Traffic Signal,Functioning Properly,N,2,41.8800116,-87.7746709,ok,(UNK),1,2105868,2021,,2,18,50000 and OVER,9,4295,Oak Park,C,Urban Minor Arterial,,16,22,11448400,9,Cook,0,21,,,3,N,No,Free Flow,202101302390,City,1,7.66,N,,,,(UNK),44949,(N/A),(UNK),No Defects,1,2,Minor Arterial,4,2790,X002379917,Not Toll,,3,4,Not Divided,1,2947978.7988506,1907879.12887471,41.88000377,-87.77466514,,Urban,8,N,(N/A),Y,(N/A)
2021,2021-06-25,Friday,14,02:35 PM,Property Damage,No Injuries,0,0,0,0,0,2,Sideswipe Same Direction,12,N,N,Improper Overtaking/Passing,Failing to Yield Right of Way,Daylight,Rain,Wet,N,,,,,No Controls,No Controls,N,2,41.8802209,-87.8047431,ok,(UNK),1,21-01916,2021,,4,2,50000 and OVER,9,4295,Oak Park,C,Urban Other Principal Arte,,16,25,11332805,6,Cook,0,21,,,5,N,No,Free Flow,202101193702,City,1,19.64,Y,,,,(UNK),45638,(N/A),(UNK),No Defects,1,2,Other Principal Arterial,3,348,X002283369,Not Toll,73,1,1,"Divided, No Median Barrier",2,2939786.86647019,1907728.43988325,41.88021303,-87.80473729,,Urban,2,N,(N/A),Y,(N/A)
2021,2021-09-23,Thursday,06,06:53 AM,Property Damage,No Injuries,0,0,0,0,0,2,Turning,10,N,N,Improper Overtaking/Passing,Following Too Closely,Daylight,Cloudy/Overcast,Dry,N,,,,,No Controls,No Controls,N,2,41.8783869,-87.8038025,ok,(UNK),1,2105883,2021,,4,3,50000 and OVER,9,4295,Oak Park,C,Urban Local Road or Street,,16,23,11448581,9,Cook,0,21,,,4,N,No,Free Flow,202101302545,City,1,0.56,N,,,,(UNK),45649,(N/A),(UNK),No Defects,1,1,Local Road or Street,7,2718,X002380683,Not Toll,73,1,1,Not Divided,1,2940061.42439386,1907067.15870726,41.87837905,-87.80379674,,Urban,8,N,(N/A),Y,(N/A)
2021,2021-09-23,Thursday,08,08:14 AM,Property Damage,No Injuries,0,0,0,0,0,4,Angle,15,N,N,Improper Overtaking/Passing,Improper Lane Usage,Daylight,Clear,Dry,Y,,,,,Stop Sign,Functioning Properly,N,3,41.8651879,-87.792514,ok,(UNK),1,2105884,2021,,4,20,50000 and OVER,9,4295,Oak Park,C,Urban Other Principal Arte,,16,23,11448582,9,Cook,0,21,,,4,N,Yes,Stopped,202101302546,City,1,0,Y,,,,(UNK),45650,(N/A),(UNK),No Defects,1,1,Other Principal Arterial,3,,X002380688,Not Toll,52,2,4,"Divided, No Median Barrier",2,2943268.92733925,1902342.10479726,41.86518008,-87.79250818,,Urban,1,N,(N/A),Y,(N/A)
2021,2021-12-01,Wednesday,19,07:05 PM,Injury,B Injury Crash,1,0,0,1,0,1,Pedalcyclist,2,N,Y,Disregarding Traffic Signals,(N/A),Darkness / Lighted Road,Clear,Dry,Y,,,,,Traffic Signal,Functioning Properly,N,1,41.8817178,-87.7845158,ok,(UNK),1,2107519,2021,,25,99,50000 and OVER,9,4295,Oak Park,C,Urban Major Collector,,16,1,11608830,12,Cook,2,21,BICYCLE,,3,N,No,Slow,202101430794,City,5,0,N,,,,(UNK),46331,(N/A),(UNK),No Defects,1,1,Major Collector,5,,X002518098,Not Toll,73,3,4,"Divided, No Median Barrier",2,2945280.38400642,1908426.29706759,41.88171,-87.78451,,Urban,1,N,(N/A),Y,(N/A)
2021,2021-12-02,Thursday,07,07:40 AM,Injury,C Injury Crash,1,0,0,0,1,1,Pedalcyclist,2,N,Y,Failing to Yield Right of Way,Driving Skills/Knowledge/Experience,Daylight,Cloudy/Overcast,Dry,Y,,,,,Stop Sign,Functioning Properly,N,1,41.8981815,-87.788261,ok,(UNK),1,2107529,2021,,2,15,50000 and OVER,9,4295,Oak Park,C,Urban Local Road or Street,,16,2,11608919,12,Cook,1,21,BICYCLE,,4,N,No,Free Flow,202101430804,City,1,0,N,,,,(UNK),46334,(N/A),(UNK),No Defects,1,1,Local Road or Street,7,,X002518207,Not Toll,73,2,4,Not Divided,1,2944094.04505686,1914397.64682925,41.89817361,-87.78825524,,Urban,8,N,(N/A),Y,(N/A)
2021,2021-09-19,Sunday,18,06:40 PM,Property Damage,No Injuries,0,0,0,0,0,2,Front to Rear,11,N,N,Failing to Reduce Speed to Avoid Crash,Following Too Closely,Daylight,Clear,Dry,N,,,,,Other Warning Sign,Functioning Properly,N,2,41.872307,-87.8040198,ok,(UNK),3,03-21-13750,2021,,28,3,50000 and OVER,9,4295,Oak Park,C,Urban Local Road or Street,,16,19,11448290,9,Cook,0,21,,,7,N,No,(UNK),202101302283,ISP,1,0.03,N,,,,(UNK),46618,(N/A),(UNK),No Defects,1,1,Local Road or Street,7,4062,X002380444,Not Toll,,11,4,Divided With Median Barrier,3,2940063.27390045,1904849.92150574,41.87229919,-87.804014,,Urban,1,N,(N/A),Y,(N/A)
2021,2021-11-08,Monday,07,07:02 AM,Property Damage,No Injuries,0,0,0,0,0,1,Parked Motor Vehicle,9,N,N,Following Too Closely,Driving Skills/Knowledge/Experience,Daylight,Clear,Dry,N,,,,,No Controls,No Controls,N,4,41.8815624,-87.7960012,ok,(UNK),1,2106971,2021,,3,15,50000 and OVER,9,4295,Oak Park,C,Urban Major Collector,,16,8,11538802,11,Cook,0,21,,,1,N,Yes,Free Flow,202101386867,City,1,0.45,N,,,,(UNK),47024,(N/A),(UNK),No Defects,1,1,Major Collector,5,5,X002458765,Not Toll,73,1,1,"Divided, No Median Barrier",2,2942154.11578641,1908283.00008781,41.88155458,-87.79599536,,Urban,1,N,(N/A),Y,(N/A)
2021,2021-12-22,Wednesday,16,04:13 PM,Property Damage,No Injuries,0,0,0,0,0,3,Front to Rear,11,N,N,Following Too Closely,Failing to Reduce Speed to Avoid Crash,Daylight,Cloudy/Overcast,Dry,N,,,,,No Controls,No Controls,Y,2,41.8797448,-87.7963242,ok,(UNK),1,2107973,2021,,3,28,50000 and OVER,9,4295,Oak Park,C,Urban Minor Arterial,,16,22,11608607,12,Cook,0,21,,,3,N,No,Stopped,202101430787,City,1,3.49,N,,,,(UNK),47087,(N/A),(UNK),No Defects,1,1,Minor Arterial,4,1419,X002518083,Not Toll,73,1,1,Two-way Continuous Left-Tur,4,2942084.44360845,1907618.18685839,41.87973693,-87.79631841,,Urban,8,N,(N/A),Y,(N/A)