crash_year,crash_date,day_of_week,crash_hour,time_of_crash,crash_severity,crash_injury_severity,total_injured,total_fatals,a_injuries,b_injuries,c_injuries,no_injuries,type_of_first_crash,collision_type_code,pedestrian_involved,pedalcyclist_involved,cause1,cause2,lighting_cond,weather_cond,road_surface_cond,intersection_related,is_intersection,highway_or_street_name,at_intersection_with,address_no,traffic_control_device,traffic_control_device_cond,hit_and_run,number_of_vehicles,latitude,longitude,location_status,access_control,agency_code,agency_report_number,agency_report_year,alignment_code,cause1_code,cause2_code,city_class,city_class_code,city_code,city_name,city_township_flag,class_of_trafficway,class_of_trafficway_code,county_code,crash_day,crash_id,crash_month,crash_report_county,crash_severity_cd,crash_yr_source,damaged_property1,damaged_property2,day_of_week_code,did_crash_occur_in_work_zone,did_involve_secondary_crash,flow_condition,icn,investigating_agency_descrip,light_condition_code,mile_station,nhs,non_intersection_direction,non_intersection_distance,non_intersection_units,number_of_lanes,objectid,railroad_crossing_number,road_alignment,road_defects,road_defects_code,road_surface_condition_code,roadway_functional_class,roadway_functional_class_code,route_number,sfe,toll,township,traffic_control_device_code,traffic_control_device_cond_code,trafficway_descrip,trafficway_description_code,ts_crash_coordinate_x,ts_crash_coordinate_y,ts_crash_latitude,ts_crash_longitude,type_report,urban_rural,weather_code,were_workers_present,work_zone,work_zone_related,work_zone_type
2021,2021-12-29,Wednesday,10,10:35 AM,Property Damage,No Injuries,0,0,0,0,0,2,Sideswipe Same Direction,12,N,N,Failing to Yield Right of Way,Failing to Reduce Speed to Avoid Crash,Daylight,Clear,Dry,N,,,,,No Controls,No Controls,N,2,41.8799779,-87.7857634,ok,(UNK),1,2108089,2021,,2,28,50000 and OVER,9,4295,Oak Park,C,Urban Minor Arterial,,16,29,11608609,12,Cook,0,21,,,3,N,No,Free Flow,202101430789,City,1,0,N,,,,(UNK),47088,(N/A),(UNK),No Defects,1,1,Minor Arterial,4,,X002518085,Not Toll,73,1,1,"Divided, No Median Barrier",2,2944958.21855023,1907782.81103158,41.8799701,-87.78575761,,Urban,1,N,(N/A),Y,(N/A)
2021,2021-11-30,Tuesday,06,06:29 AM,Injury,A Injury Crash,1,0,1,0,0,1,Pedestrian,1,Y,N,Failing to Reduce Speed to Avoid Crash,Disregarding Stop Sign,Darkness,Clear,Dry,N,,,,,No Controls,No Controls,Y,1,41.9092074,-87.7795081,ok,(UNK),1,2107469,2021,,28,23,50000 and OVER,9,4295,Oak Park,C,Urban Other Principal Arte,,16,30,11538861,11,Cook,3,21,,,2,N,No,Free Flow,202101386930,City,4,130.53,Y,,,,(UNK),47304,(N/A),(UNK),No Defects,1,1,Other Principal Arterial,3,5064,X002458839,Not Toll,73,1,1,Not Divided,1,2946365.27880827,1918481.94052033,41.90919955,-87.77950226,,Urban,1,N,(N/A),Y,(N/A)
2021,2021-11-30,Tuesday,08,08:25 AM,Injury,B Injury Crash,2,0,0,2,0,0,Turning,10,N,N,Failing to Yield Right of Way,(N/A),Daylight,Clear,Dry,N,,,,,Traffic Signal,Functioning Properly,N,2,41.8947178,-87.7751558,ok,(UNK),1,2107471,2021,,2,99,50000 and OVER,9,4295,Oak Park,C,Urban Minor Arterial,,16,30,11538862,11,Cook,2,21,,,2,N,No,Free Flow,202101386931,City,1,0,N,,,,(UNK),47305,(N/A),(UNK),No Defects,1,1,Minor Arterial,4,,X002458846,Not Toll,,3,4,Not Divided,1,2947697.31125917,1913234.67983926,41.89471,-87.77515,,Urban,1,N,(N/A),Y,(N/A)
2021,2021-11-30,Tuesday,16,04:35 PM,Injury,C Injury Crash,1,0,0,0,1,1,Pedalcyclist,2,N,Y,Failing to Yield Right of Way,Unable to Determine,Darkness / Lighted Road,Clear,Dry,Y,,,,,Stop Sign,Functioning Properly,N,1,41.8833277,-87.7999845,ok,(UNK),1,2107488,2021,,2,18,50000 and OVER,9,4295,Oak Park,C,Urban Local Road or Street,,16,30,11538864,11,Cook,1,21,,,2,N,No,Free Flow,202101386933,City,5,0,N,,,,(UNK),47306,(N/A),(UNK),No Defects,1,1,Local Road or Street,7,,X002458849,Not Toll,73,2,4,Not Divided,1,2941051.56345559,1908896.33074767,41.88331982,-87.79997874,,Urban,1,N,(N/A),Y,(N/A)
2021,2021-11-30,Tuesday,18,06:01 PM,Property Damage,No Injuries,0,0,0,0,0,2,Front to Rear,11,N,N,Following Too Closely,Failing to Reduce Speed to Avoid Crash,Daylight,Clear,Dry,Y,,,,,Traffic Signal,Functioning Properly,N,2,41.8817863,-87.784517,ok,(UNK),1,2107490,2021,,3,28,50000 and OVER,9,4295,Oak Park,C,Urban Major Collector,,16,30,11538865,11,Cook,0,21,,,2,N,No,Slow,202101386934,City,1,1.4,N,,,,(UNK),47307,(N/A),(UNK),No Defects,1,1,Major Collector,5,2783,X002458854,Not Toll,73,3,4,"Divided, No Median Barrier",2,2945279.37339501,1908451.23511126,41.88177846,-87.78451117,,Urban,1,N,(N/A),Y,(N/A)
2021,2021-12-01,Wednesday,17,05:15 PM,Injury,C Injury Crash,1,0,0,0,1,1,Angle,15,N,N,Failing to Yield Right of Way,(N/A),Darkness / Lighted Road,Clear,Dry,Y,,,,,Stop Sign,Functioning Properly,N,2,41.8833268,-87.7999845,ok,(UNK),1,2107515,2021,,2,99,50000 and OVER,9,4295,Oak Park,C,Urban Local Road or Street,,16,1,11539861,12,Cook,1,21,,,3,N,No,Slow,202101387992,City,5,0,N,,,,(UNK),48131,(N/A),(UNK),No Defects,1,1,Local Road or Street,7,,X002459741,Not Toll,73,2,4,Four Way,14,2941051.58038023,1908896.00918531,41.88331894,-87.79997871,,Urban,1,N,(N/A),Y,(N/A)
2021,2021-02-07,Sunday,04,04:10 AM,Property Damage,No Injuries,0,0,0,0,0,3,Front to Rear,11,N,N,Failing to Reduce Speed to Avoid Crash,Following Too Closely,Darkness / Lighted Road,Clear,Dry,N,,,,,Other,Functioning Properly,Y,3,41.8723164,-87.8032925,ok,(UNK),3,03-21-01778,2021,,28,3,50000 and OVER,9,4295,Oak Park,C,Urban Local Road or Street,,16,7,11188793,2,Cook,0,21,,,7,N,No,(UNK),202101057295,ISP,5,0.07,N,,,,(UNK),48992,(N/A),(UNK),No Defects,1,1,Local Road or Street,7,4062,X002162184,Not Toll,,13,4,Divided With Median Barrier,3,2940261.26648772,1904858.78654628,41.87230855,-87.80328674,,Urban,1,N,(N/A),Y,(N/A)
2021,2021-09-23,Thursday,10,10:30 AM,Injury,A Injury Crash,3,0,2,0,1,0,Turning,10,N,N,Failing to Yield Right of Way,Unable to Determine,Daylight,Cloudy/Overcast,Dry,N,,,,,No Controls,No Controls,N,2,41.8808794,-87.7746934,ok,(UNK),1,2105887,2021,,2,18,50000 and OVER,9,4295,Oak Park,C,Urban Minor Arterial,,16,23,11448678,9,Cook,3,21,,,4,N,No,Free Flow,202101302622,City,1,7.61,N,,,,(UNK),49706,(N/A),(UNK),No Defects,1,1,Minor Arterial,4,2790,X002380693,Not Toll,,1,1,Not Divided,1,2947963.84918463,1908195.20687458,41.88087159,-87.77468765,,Urban,8,N,(N/A),Y,(N/A)
2021,2021-09-24,Friday,06,06:36 AM,Property Damage,No Injuries,0,0,0,0,0,2,Angle,15,N,N,Disregarding Stop Sign,Failing to Yield Right of Way,Dawn,Clear,Dry,Y,,,,,Stop Sign,Functioning Properly,Y,2,41.9019077,-87.78268,ok,(UNK),1,2105913,2021,,23,2,50000 and OVER,9,4295,Oak Park,C,Urban Major Collector,,16,24,11448680,9,Cook,0,21,,,5,N,No,Slow,202101302624,City,2,0,N,,,,(UNK),49707,(N/A),(UNK),No Defects,1,1,Major Collector,5,,X002380708,Not Toll,73,2,4,Not Divided,1,2945575.78996984,1915797.76843734,41.90189988,-87.78267423,,Urban,1,N,(N/A),Y,(N/A)
2021,2021-02-21,Sunday,11,11:00 AM,Property Damage,No Injuries,0,0,0,0,0,1,Parked Motor Vehicle,9,N,N,Failing to Reduce Speed to Avoid Crash,(N/A),Daylight,Clear,Dry,N,,,,,Stop Sign,Functioning Properly,Y,2,41.8947243,-87.7799879,ok,(UNK),1,2101132,2021,,28,99,50000 and OVER,9,4295,Oak Park,C,Urban Local Road or Street,,16,21,11190510,2,Cook,0,21,,,7,N,No,Free Flow,202101058863,City,1,0.99,N,,,,(UNK),49912,(N/A),(UNK),No Defects,1,1,Local Road or Street,7,3559,X002163673,Not Toll,73,2,4,Not Divided,1,2946381.57533162,1913200.39264528,41.8947165,-87.7799821,,Urban,1,N,(N/A),Y,(N/A)
2021,2021-02-21,Sunday,02,02:45 AM,Property Damage,No Injuries,0,0,0,0,0,1,Other Object,7,N,N,Under Influence of Alcohol/Drugs,(N/A),Darkness / Lighted Road,Clear,Ice,N,,,,,No Controls,No Controls,N,1,41.8797751,-87.7895506,ok,(UNK),1,2101124,2021,,8,99,50000 and OVER,9,4295,Oak Park,C,Urban Minor Arterial,,16,21,11190511,2,Cook,0,21,SNOW BANK,,7,N,No,Free Flow,202101058864,City,5,3.85,N,,,,(UNK),49913,(N/A),(UNK),No Defects,1,4,Minor Arterial,4,1419,X002163675,Not Toll,73,1,1,"Divided, No Median Barrier",2,2943928.8747778,1907680.27113509,41.87976721,-87.78954477,,Urban,1,N,(N/A),Y,(N/A)
2021,2021-02-20,Saturday,20,08:18 PM,Property Damage,No Injuries,0,0,0,0,0,3,Turning,10,N,N,Disregarding Other Traffic Signs,Failing to Reduce Speed to Avoid Crash,Darkness,Clear,Dry,Y,,,,,Traffic Signal,Functioning Properly,N,2,41.8885987,-87.7926976,ok,(UNK),1,2101114,2021,,24,28,50000 and OVER,9,4295,Oak Park,C,Urban Major Collector,,16,20,11190512,2,Cook,0,21,,,6,N,No,Free Flow,202101058865,City,4,0,N,,,,(UNK),49973,(N/A),(UNK),No Defects,1,1,Major Collector,5,,X002163679,Not Toll,73,3,4,Not Divided,1,2942982.80033521,1910872.03550432,41.88859086,-87.79269184,,Urban,1,N,(N/A),Y,(N/A)
2021,2021-02-18,Thursday,08,08:08 AM,Property Damage,No Injuries,0,0,0,0,0,1,Parked Motor Vehicle,9,N,N,Unable to Determine,(N/A),Daylight,Snow,Snow or Slush,N,,,,,No Controls,Not Functioning,N,2,41.8932199,-87.7799665,ok,(UNK),1,2101045,2021,,18,99,50000 and OVER,9,4295,Oak Park,C,Urban Local Road or Street,,16,18,11190021,2,Cook,0,21,,,4,N,Yes,Slow,202101058411,City,1,0,N,,,,(UNK),50169,(N/A),(UNK),No Defects,1,3,Local Road or Street,7,,X002161471,Not Toll,73,1,2,Not Divided,1,2946402.6565506,1912652.31086103,41.89321207,-87.77996071,,Urban,3,N,(N/A),Y,(N/A)
2021,2021-02-18,Thursday,12,12:34 PM,Property Damage,No Injuries,0,0,0,0,0,1,Parked Motor Vehicle,9,N,N,Unable to Determine,(N/A),Unknown,Unknown,Unknown,N,,,,,No Controls,No Controls,Y,2,41.8727083,-87.7805431,ok,(UNK),1,2101051,2021,,18,99,50000 and OVER,9,4295,Oak Park,C,Urban Local Road or Street,,16,18,11190023,2,Cook,0,21,,,4,N,No,Slow,202101058412,City,9,0,N,,,,(UNK),50170,(N/A),(UNK),No Defects,1,9,Local Road or Street,7,,X002161473,Not Toll,73,1,1,"Divided, No Median Barrier",2,2946453.61150875,1905173.12452424,41.87270046,-87.78053728,,Urban,9,N,(N/A),Y,(N/A)
2021,2021-09-20,Monday,20,08:30 PM,Property Damage,No Injuries,0,0,0,0,0,3,Sideswipe Same Direction,12,N,N,Improper Lane Usage,Failing to Reduce Speed to Avoid Crash,Darkness / Lighted Road,Clear,Dry,N,,,,,No Controls,No Controls,N,2,41.8710161,-87.7758306,ok,Partial Access Control,3,03-21-13818,2021,,20,28,50000 and OVER,9,4295,Oak Park,C,Urban InterState,,16,20,11449823,9,Cook,0,21,,,1,N,No,(UNK),202101303717,ISP,5,9.13,Y,,,,(UNK),50239,(N/A),(UNK),No Defects,1,1,InterState,1,290,X002381854,Not Toll,,1,1,Divided With Median Barrier,3,2947754.33071244,1904592.18311758,41.87100824,-87.77582483,,Urban,1,N,(N/A),Y,(N/A)
2021,2021-02-18,Thursday,15,03:32 PM,Property Damage,No Injuries,0,0,0,0,0,3,Turning,10,N,N,Failing to Yield Right of Way,Failing to Reduce Speed to Avoid Crash,Daylight,Snow,Wet,Y,,,,,Traffic Signal,Functioning Properly,N,2,41.8942279,-87.8052265,ok,(UNK),1,2101056,2021,,2,28,50000 and OVER,9,4295,Oak Park,C,Urban Other Principal Arte,,16,18,11190024,2,Cook,0,21,,,4,N,No,Free Flow,202101058413,City,1,27.03,Y,,,,(UNK),50245,(N/A),(UNK),No Defects,1,2,Other Principal Arterial,3,5043,X002161474,Not Toll,73,3,4,Four Way,14,2939514.67778486,1912829.21382301,41.89422,-87.80522068,,Urban,3,N,(N/A),Y,(N/A)
2021,2021-02-18,Thursday,10,10:45 AM,Property Damage,No Injuries,0,0,0,0,0,2,Turning,10,N,N,Improper Turning/No Signal,Disregarding Other Traffic Signs,Daylight,Snow,Snow or Slush,Y,,,,,Other Regualtory Sig,Functioning Properly,N,2,41.8800013,-87.7762857,ok,(UNK),1,2101047,2021,,6,24,50000 and OVER,9,4295,Oak Park,C,Urban Minor Arterial,,16,18,11190026,2,Cook,0,21,,,4,N,No,Free Flow,202101058415,City,1,0.03,N,,,,(UNK),50246,(N/A),(UNK),No Defects,1,3,Minor Arterial,4,2603,X002161476,Not Toll,73,10,4,Divided With Median Barrier,3,2947539.14943149,1907863.10926942,41.87999345,-87.77627987,,Urban,3,N,(N/A),Y,(N/A)
2021,2021-02-18,Thursday,18,06:29 PM,Injury,C Injury Crash,3,0,0,0,3,0,Angle,15,N,N,Failing to Yield Right of Way,Failing to Reduce Speed to Avoid Crash,Darkness / Lighted Road,Clear,Wet,Y,,,,,Stop Sign,Functioning Properly,N,2,41.8944478,-87.7928065,ok,(UNK),1,2101059,2021,,2,28,50000 and OVER,9,4295,Oak Park,C,Urban Minor Arterial,,16,18,11190027,2,Cook,1,21,,,4,N,No,Free Flow,202101058416,City,5,0,N,,,,(UNK),50247,(N/A),(UNK),No Defects,1,2,Minor Arterial,4,,X002161477,Not Toll,73,2,4,Not Divided,1,2942894.16830986,1913002.74901932,41.89443999,-87.79280065,,Urban,1,N,(N/A),Y,(N/A)
2021,2021-02-19,Friday,18,06:34 PM,Injury,C Injury Crash,1,0,0,0,1,1,Front to Rear,11,N,N,Failing to Yield Right of Way,(N/A),Darkness / Lighted Road,Clear,Wet,N,,,,,No Controls,No Controls,N,2,41.8799438,-87.8047394,ok,(UNK),1,2101078,2021,,2,99,50000 and OVER,9,4295,Oak Park,C,Urban Other Principal Arte,,16,19,11190030,2,Cook,1,21,,,5,N,No,Free Flow,202101058419,City,5,19.66,Y,,,,(UNK),50248,(N/A),(UNK),No Defects,1,2,Other Principal Arterial,3,348,X002161480,Not Toll,73,1,1,"Divided, No Median Barrier",2,2939790.64137532,1907627.48070461,41.87993591,-87.80473364,,Urban,1,N,(N/A),Y,(N/A)
2021,2021-09-24,Friday,10,10:21 AM,Injury,C Injury Crash,1,0,0,0,1,0,Other Object,7,N,N,Under Influence of Alcohol/Drugs,(N/A),Daylight,Clear,Dry,N,,,,,No Controls,No Controls,N,1,41.8833197,-87.8048572,ok,(UNK),1,21-02861,2021,,8,99,50000 and OVER,9,4295,Oak Park,C,Urban Other Principal Arte,,16,24,11449054,9,Cook,1,21,,,5,Y,No,Slow,202101302978,City,1,19.43,Y,,,,(UNK),50713,(N/A),(UNK),No Defects,1,1,Other Principal Arterial,3,348,X002381122,Not Toll,73,1,1,"Divided, No Median Barrier",2,2939724.7062132,1908856.85744502,41.88331187,-87.80485136,,Urban,1,Y,Construction,Y,Construction Work Zone
2021,2021-09-18,Saturday,00,00:20 AM,Property Damage,No Injuries,0,0,0,0,0,2,Front to Rear,11,N,N,Under Influence of Alcohol/Drugs,Failing to Reduce Speed to Avoid Crash,Darkness / Lighted Road,Clear,Dry,N,,,,,No Controls,No Controls,Y,2,41.8712767,-87.7795971,ok,Partial Access Control,3,03-21-13641,2021,,8,28,50000 and OVER,9,4295,Oak Park,C,Urban InterState,,16,18,11449554,9,Cook,0,21,,,6,N,No,(UNK),202101303470,ISP,5,8.94,Y,,,,(UNK),51288,(N/A),(UNK),No Defects,1,1,InterState,1,290,X002381606,Not Toll,,1,1,Divided With Median Barrier,3,2946725.77299907,1904658.58903539,41.87126885,-87.77959135,,Urban,1,N,(N/A),Y,(N/A)
2021,2021-02-19,Friday,13,01:55 PM,Property Damage,No Injuries,0,0,0,0,0,2,Angle,15,N,N,Failing to Reduce Speed to Avoid Crash,(N/A),Daylight,Snow,Dry,Y,,,,,Stop Sign,Functioning Properly,N,2,41.901938,-87.7802263,ok,(UNK),1,2101071,2021,,28,99,50000 and OVER,9,4295,Oak Park,C,Urban Major Collector,,16,19,11191444,2,Cook,0,21,,,5,N,No,Free Flow,202101059753,City,1,0,N,,,,(UNK),51744,(N/A),(UNK),No Defects,1,1,Major Collector,5,,X002164523,Not Toll,73,2,4,"Divided, No Median Barrier",2,2946243.5005185,1915827.37937826,41.90193014,-87.7802205,,Urban,3,N,(N/A),Y,(N/A)
2021,2021-02-14,Sunday,17,05:48 PM,Property Damage,No Injuries,0,0,0,0,0,2,Turning,10,N,N,Failing to Reduce Speed to Avoid Crash,Improper Turning/No Signal,Daylight,Clear,Snow or Slush,N,,,,,Traffic Signal,Functioning Properly,N,2,41.8817172,-87.7845158,ok,(UNK),1,2100990,2021,,28,6,50000 and OVER,9,4295,Oak Park,C,Urban Major Collector,,16,14,11191446,2,Cook,0,21,,,7,N,No,Free Flow,202101059755,City,1,0,N,,,,(UNK),51746,(N/A),(UNK),No Defects,1,3,Major Collector,5,,X002164525,Not Toll,73,3,4,"Divided, No Median Barrier",2,2945280.39893537,1908426.04822931,41.88170932,-87.78450997,,Urban,1,N,(N/A),Y,(N/A)
2021,2021-09-22,Wednesday,00,00:40 AM,Property Damage,No Injuries,0,0,0,0,0,2,Sideswipe Same Direction,12,N,N,Improper Overtaking/Passing,Driving Skills/Knowledge/Experience,Darkness / Lighted Road,Rain,Wet,N,,,,,No Controls,No Controls,Y,2,41.8710138,-87.7757925,ok,Partial Access Control,3,03-21-13885,2021,,4,15,50000 and OVER,9,4295,Oak Park,C,Urban InterState,,16,22,11449614,9,Cook,0,21,,,3,N,No,(UNK),202101303529,ISP,5,9.13,Y,,,,(UNK),51760,(N/A),(UNK),No Defects,1,2,InterState,1,290,X002381664,Not Toll,,1,1,Divided With Median Barrier,3,2947764.74996902,1904591.63219271,41.87100593,-87.77578667,,Urban,2,N,(N/A),Y,(N/A)
2021,2021-02-20,Saturday,22,10:00 PM,Property Damage,No Injuries,0,0,0,0,0,2,Sideswipe Opposite Direction,13,N,N,Failing to Reduce Speed to Avoid Crash,Unable to Determine,Darkness / Lighted Road,Unknown,Unknown,N,,,,,No Controls,No Controls,Y,2,41.8817503,-87.7812423,ok,(UNK),1,2101158,2021,,28,18,50000 and OVER,9,4295,Oak Park,C,Urban Local Road or Street,,16,20,11191456,2,Cook,0,21,,,6,N,No,Free Flow,202101059765,City,5,0,N,,,,(UNK),51828,(N/A),(UNK),No Defects,1,9,Local Road or Street,7,,X002164535,Not Toll,73,1,1,Not Divided,1,2946171.52328553,1908462.91729064,41.8817425,-87.78123654,,Urban,9,N,(N/A),Y,(N/A)
2021,2021-02-19,Friday,08,08:01 AM,Property Damage,No Injuries,0,0,0,0,0,2,Turning,10,N,N,Failing to Yield Right of Way,(N/A),Daylight,Snow,Snow or Slush,N,,,,,No Controls,No Controls,N,2,41.8861311,-87.7944383,ok,(UNK),1,2101064,2021,,2,99,50000 and OVER,9,4295,Oak Park,C,Urban Major Collector,,16,19,11190782,2,Cook,0,21,,,5,N,No,Free Flow,202101059122,City,1,5.7,N,,,,(UNK),52627,(N/A),(UNK),No Defects,1,3,Major Collector,5,2775,X002163694,Not Toll,73,1,1,Not Divided,1,2942533.69822859,1909959.67334288,41.88612324,-87.79443246,,Urban,3,N,(N/A),Y,(N/A)
2021,2021-06-24,Thursday,13,01:43 PM,Property Damage,No Injuries,0,0,0,0,0,1,Parked Motor Vehicle,9,N,N,Failing to Reduce Speed to Avoid Crash,Unable to Determine,Daylight,Other,Unknown,N,,,,,No Controls,No Controls,Y,2,41.8806735,-87.7969454,ok,(UNK),1,2103753,2021,,28,18,50000 and OVER,9,4295,Oak Park,C,Urban Local Road or Street,,16,24,11335414,6,Cook,0,21,,,4,N,No,Free Flow,202101196260,City,1,0.55,N,,,,(UNK),52749,(N/A),(UNK),No Defects,1,9,Local Road or Street,7,2690,X002283914,Not Toll,73,1,1,Not Divided,1,2941905.90618352,1907951.95194371,41.88066565,-87.79693965,,Urban,7,N,(N/A),Y,(N/A)
2021,2021-06-25,Friday,14,02:22 PM,Property Damage,No Injuries,0,0,0,0,0,1,Parked Motor Vehicle,9,N,N,Unable to Determine,Unable to Determine,Daylight,Clear,Dry,N,,,,,No Controls,No Controls,Y,2,41.8772902,-87.7806961,ok,(UNK),1,2103778,2021,,18,18,50000 and OVER,9,4295,Oak Park,C,Urban Local Road or Street,,16,25,11335417,6,Cook,0,21,,,5,N,No,Free Flow,202101196261,City,1,0.19,N,,,,(UNK),52750,(N/A),(UNK),No Defects,1,1,Local Road or Street,7,2630,X002283916,Not Toll,73,1,1,Not Divided,1,2946365.50454727,1906841.70836997,41.8772824,-87.78069026,,Urban,1,N,(N/A),Y,(N/A)
2021,2021-02-18,Thursday,18,06:26 PM,Property Damage,No Injuries,0,0,0,0,0,4,Sideswipe Same Direction,12,N,N,Weather,Driving Skills/Knowledge/Experience,Darkness / Lighted Road,Clear,Wet,N,,,,,Other,Functioning Properly,N,2,41.8730889,-87.800335,ok,Partial Access Control,3,03-21-02503,2021,,11,15,50000 and OVER,9,4295,Oak Park,C,Urban InterState,,16,18,11191279,2,Cook,0,21,,,4,N,No,(UNK),202101059588,ISP,5,7.89,Y,,,,(UNK),52900,(N/A),(UNK),No Defects,1,2,InterState,1,290,X002164399,Not Toll,,13,4,Divided With Median Barrier,3,2941059.03832419,1905162.4938718,41.87308102,-87.80032925,,Urban,1,N,(N/A),Y,(N/A)
2021,2021-06-25,Friday,07,07:40 AM,Property Damage,No Injuries,0,0,0,0,0,2,Angle,15,N,N,Distraction â€“ Other Electronic Device (Navigation Device / DVD Player / etc.),Failing to Reduce Speed to Avoid Crash,Daylight,Rain,Wet,Y,,,,,Stop Sign,Functioning Properly,N,2,41.881568,-87.7956329,ok,(UNK),1,2103765,2021,,43,28,50000 and OVER,9,4295,Oak Park,C,Urban Major Collector,,16,25,11335909,6,Cook,0,21,,,5,N,No,Free Flow,202101196782,City,1,0,N,,,,(UNK),53093,(N/A),(UNK),No Defects,1,2,Major Collector,5,,X002286273,Not Toll,73,2,4,Not Divided,1,2942254.35288226,1908287.82080166,41.8815602,-87.79562709,,Urban,2,N,(N/A),Y,(N/A)
2021,2021-02-22,Monday,06,06:43 AM,Property Damage,No Injuries,0,0,0,0,0,3,Turning,10,N,N,Failing to Reduce Speed to Avoid Crash,(N/A),Daylight,Snow,Snow or Slush,Y,,,,,Traffic Signal,Functioning Properly,N,2,41.87231,-87.8044666,ok,(UNK),1,2101142,2021,,28,99,50000 and OVER,9,4295,Oak Park,C,Urban Other Principal Arte,,16,22,11191867,2,Cook,0,21,,,1,N,No,Stopped,202101060230,City,1,25.52,Y,,,,(UNK),53716,(N/A),(UNK),No Defects,1,3,Other Principal Arterial,3,5043,X002164733,Not Toll,73,3,4,Four Way,14,2939941.56025198,1904847.65653744,41.87230217,-87.80446076,,Urban,3,N,(N/A),Y,(N/A)
2021,2021-02-22,Monday,14,02:18 PM,Property Damage,No Injuries,0,0,0,0,0,2,Front to Rear,11,N,N,Following Too Closely,Failing to Reduce Speed to Avoid Crash,Daylight,Clear,Snow or Slush,Y,,,,,Traffic Signal,Functioning Properly,Y,2,41.8800067,-87.7844421,ok,(UNK),1,2101154,2021,,3,28,50000 and OVER,9,4295,Oak Park,C,Urban Minor Arterial,,16,22,11191871,2,Cook,0,21,,,1,N,No,Stopped,202101060273,City,1,1.51,N,,,,(UNK),53717,(N/A),(UNK),No Defects,1,3,Minor Arterial,4,2783,X002164739,Not Toll,73,3,4,"Divided, No Median Barrier",2,2945317.76176761,1907803.27951408,41.87999885,-87.78443634,,Urban,1,N,(N/A),Y,(N/A)
2021,2021-09-26,Sunday,03,03:00 AM,Property Damage,No Injuries,0,0,0,0,0,1,Other Object,7,N,N,Operating Vehicle In Reckless Manner,Driving Skills/Knowledge/Experience,Darkness / Lighted Road,Clear,Dry,Y,,,,,Traffic Signal,Functioning Properly,N,1,41.8796678,-87.8047358,ok,(UNK),1,21-02883,2021,,50,15,50000 and OVER,9,4295,Oak Park,C,Urban Other Principal Arte,,16,26,11450583,9,Cook,0,21,,,7,N,No,Free Flow,202101304460,City,5,26.02,Y,,,,(UNK),53917,(N/A),(UNK),No Defects,1,1,Other Principal Arterial,3,5043,X002382598,Not Toll,73,3,4,Divided With Median Barrier,3,2939794.40015362,1907526.95559283,41.87965999,-87.80473,,Urban,1,N,(N/A),Y,(N/A)
2021,2021-06-26,Saturday,13,01:35 PM,Property Damage,No Injuries,0,0,0,0,0,3,Angle,15,N,N,Failing to Reduce Speed to Avoid Crash,(N/A),Daylight,Rain,Wet,Y,,,,,Traffic Signal,Functioning Properly,N,2,41.8871075,-87.8049778,ok,(UNK),1,2103797,2021,,28,99,50000 and OVER,9,4295,Oak Park,C,Urban Other Principal Arte,,16,26,11336064,6,Cook,0,21,,,6,N,No,Slow,202101196936,City,1,26.54,Y,,,,(UNK),54140,(N/A),(UNK),No Defects,1,2,Other Principal Arterial,3,5043,X002286450,Not Toll,73,3,4,Not Divided,1,2939653.8371571,1910236.27446351,41.88709961,-87.80497203,,Urban,2,N,(N/A),Y,(N/A)
2021,2021-06-26,Saturday,14,02:35 PM,Injury,B Injury Crash,1,0,0,1,0,1,Turning,10,N,N,Failing to Yield Right of Way,Failing to Reduce Speed to Avoid Crash,Daylight,Cloudy/Overcast,Wet,N,,,,,No Controls,No Controls,N,2,41.8653442,-87.7837008,ok,(UNK),1,2103801,2021,,2,28,50000 and OVER,9,4295,Oak Park,C,Urban Other Principal Arte,,16,26,11336073,6,Cook,2,21,,,6,N,No,Free Flow,202101196940,City,1,7.04,Y,,,,(UNK),54186,(N/A),(UNK),Unknown,99,2,Other Principal Arterial,3,347,X002286457,Not Toll,52,1,1,Not Divided,1,2945668.06689554,1902465.62090414,41.8653364,-87.78369504,,Urban,8,N,(N/A),N,(N/A)
2021,2021-06-26,Saturday,14,02:20 PM,Property Damage,No Injuries,0,0,0,0,0,2,Turning,10,N,N,Failing to Yield Right of Way,Failing to Reduce Speed to Avoid Crash,Daylight,Cloudy/Overcast,Wet,Y,,,,,Traffic Signal,Functioning Properly,N,2,41.8947178,-87.7751558,ok,(UNK),1,2103800,2021,,2,28,50000 and OVER,9,4295,Oak Park,C,Urban Minor Arterial,,16,26,11336077,6,Cook,0,21,,,6,N,No,Free Flow,202101196943,City,1,0,N,,,,(UNK),54247,(N/A),(UNK),No Defects,1,2,Minor Arterial,4,,X002286455,Not Toll,,3,4,Two-way Continuous Left-Tur,4,2947697.31125917,1913234.67983926,41.89471,-87.77515,,Urban,8,N,(N/A),Y,(N/A)