crash_year,crash_date,day_of_week,crash_hour,time_of_crash,crash_severity,crash_injury_severity,total_injured,total_fatals,a_injuries,b_injuries,c_injuries,no_injuries,type_of_first_crash,collision_type_code,pedestrian_involved,pedalcyclist_involved,cause1,cause2,lighting_cond,weather_cond,road_surface_cond,intersection_related,is_intersection,highway_or_street_name,at_intersection_with,address_no,traffic_control_device,traffic_control_device_cond,hit_and_run,number_of_vehicles,latitude,longitude,location_status,access_control,agency_code,agency_report_number,agency_report_year,alignment_code,cause1_code,cause2_code,city_class,city_class_code,city_code,city_name,city_township_flag,class_of_trafficway,class_of_trafficway_code,county_code,crash_day,crash_id,crash_month,crash_report_county,crash_severity_cd,crash_yr_source,damaged_property1,damaged_property2,day_of_week_code,did_crash_occur_in_work_zone,did_involve_secondary_crash,flow_condition,icn,investigating_agency_descrip,light_condition_code,mile_station,nhs,non_intersection_direction,non_intersection_distance,non_intersection_units,number_of_lanes,objectid,railroad_crossing_number,road_alignment,road_defects,road_defects_code,road_surface_condition_code,roadway_functional_class,roadway_functional_class_code,route_number,sfe,toll,township,traffic_control_device_code,traffic_control_device_cond_code,trafficway_descrip,trafficway_description_code,ts_crash_coordinate_x,ts_crash_coordinate_y,ts_crash_latitude,ts_crash_longitude,type_report,urban_rural,weather_code,were_workers_present,work_zone,work_zone_related,work_zone_type
2021,2021-06-26,Saturday,23,11:06 PM,Property Damage,No Injuries,0,0,0,0,0,1,Fixed Object,6,N,N,Improper Lane Usage,Failing to Reduce Speed to Avoid Crash,Darkness / Lighted Road,Cloudy/Overcast,Wet,N,,,,,No Controls,No Controls,N,1,41.9092074,-87.7795078,ok,(UNK),1,2103811,2021,,20,28,50000 and OVER,9,4295,Oak Park,C,Urban Other Principal Arte,,16,26,11336118,6,Cook,0,21,SIGN POST,,6,N,No,Free Flow,202101196982,City,5,130.53,Y,,,,(UNK),54490,(N/A),(UNK),No Defects,1,2,Other Principal Arterial,3,5064,X002286471,Not Toll,73,1,1,Not Divided,1,2946365.35329883,1918481.94421811,41.90919955,-87.77950198,,Urban,8,N,(N/A),Y,(N/A)
2021,2021-09-25,Saturday,16,04:02 PM,Property Damage,No Injuries,0,0,0,0,0,2,Front to Rear,11,N,N,Driving Skills/Knowledge/Experience,Failing to Reduce Speed to Avoid Crash,Daylight,Clear,Dry,N,,,,,Delineators,Functioning Properly,N,2,41.8730957,-87.7979783,ok,Partial Access Control,3,03-21-14121,2021,,15,28,50000 and OVER,9,4295,Oak Park,C,Urban InterState,,16,25,11451156,9,Cook,0,21,,,6,N,No,(UNK),202101305015,ISP,1,21.89,Y,,,,(UNK),54514,(N/A),(UNK),No Defects,1,1,InterState,1,9290,X002383155,Not Toll,73,14,4,Divided With Median Barrier,3,2941700.88474241,1905182.71162484,41.87308789,-87.79797246,,Urban,1,N,(N/A),Y,(N/A)
2021,2021-06-28,Monday,12,12:28 PM,Property Damage,No Injuries,0,0,0,0,0,1,Parked Motor Vehicle,9,N,N,Improper Backing,Failing to Reduce Speed to Avoid Crash,Daylight,Cloudy/Overcast,Dry,N,,,,,No Controls,No Controls,N,2,41.8756048,-87.791653,ok,(UNK),1,2103836,2021,,30,28,50000 and OVER,9,4295,Oak Park,C,Urban Local Road or Street,,16,28,11336219,6,Cook,0,21,,,1,N,No,Free Flow,202101197067,City,1,0.29,N,,,,(UNK),54875,(N/A),(UNK),No Defects,1,1,Local Road or Street,7,2670,X002286577,Not Toll,73,1,1,Not Divided,1,2943398.3842189,1906144.69340322,41.87559696,-87.79164716,,Urban,8,N,(N/A),Y,(N/A)
2021,2021-02-23,Tuesday,15,03:15 PM,Property Damage,No Injuries,0,0,0,0,0,2,Angle,15,N,N,Failing to Yield Right of Way,Failing to Reduce Speed to Avoid Crash,Daylight,Clear,Wet,Y,,,,,Stop Sign,Functioning Properly,N,2,41.9018576,-87.7867435,ok,(UNK),1,2101184,2021,,2,28,50000 and OVER,9,4295,Oak Park,C,Urban Major Collector,,16,23,11192867,2,Cook,0,21,,,2,N,No,Slow,202101061150,City,1,0,N,,,,(UNK),55272,(N/A),(UNK),No Defects,1,2,Major Collector,5,,X002165665,Not Toll,73,2,4,Four Way,14,2944470.03396323,1915748.77424945,41.90184977,-87.78673769,,Urban,1,N,(N/A),Y,(N/A)
2021,2021-02-23,Tuesday,18,06:20 PM,Property Damage,No Injuries,0,0,0,0,0,1,Fixed Object,6,N,N,Evasive Action Due to Animal / Object / Non-Motorist,Distraction - From Outside Vehicle,Darkness / Lighted Road,Clear,Dry,N,,,,,Other Warning Sign,Functioning Properly,N,1,41.9092074,-87.7795082,ok,(UNK),1,2101188,2021,,32,40,50000 and OVER,9,4295,Oak Park,C,Urban Other Principal Arte,,16,23,11192868,2,Cook,0,21,SIGN,,2,N,No,Free Flow,202101061151,City,5,130.53,Y,,,,(UNK),55273,(N/A),(UNK),No Defects,1,1,Other Principal Arterial,3,5064,X002165670,Not Toll,73,11,4,Divided With Median Barrier,3,2946365.23268371,1918481.93823067,41.90919954,-87.77950243,,Urban,1,N,(N/A),Y,(N/A)
2021,2021-02-22,Monday,15,03:00 PM,Property Damage,No Injuries,0,0,0,0,0,2,Rear to Front,18,N,N,Improper Backing,Improper Lane Usage,Daylight,Cloudy/Overcast,Dry,N,,,,,No Controls,No Controls,N,2,41.8685717,-87.7951777,ok,(UNK),1,2101155,2021,,30,20,50000 and OVER,9,4295,Oak Park,C,Urban Local Road or Street,,16,22,11192869,2,Cook,0,21,,,1,N,No,Free Flow,202101061152,City,1,0.23,N,,,,(UNK),55274,(N/A),(UNK),No Defects,1,1,Local Road or Street,7,2683,X002165692,Not Toll,73,1,1,One-Way,10,2942509.24171161,1903555.1523899,41.86856387,-87.7951719,,Urban,8,N,(N/A),Y,(N/A)
2021,2021-11-30,Tuesday,08,08:00 AM,Property Damage,No Injuries,0,0,0,0,0,2,Front to Rear,11,N,N,Following Too Closely,Failing to Reduce Speed to Avoid Crash,Daylight,Clear,Dry,N,,,,,Other Regualtory Sig,Functioning Properly,N,2,41.8736152,-87.8027078,ok,Partial Access Control,3,03-21-17894,2021,,3,28,50000 and OVER,9,4295,Oak Park,C,Urban InterState,,16,30,11541058,11,Cook,0,21,,,2,N,No,(UNK),202101389292,ISP,1,21.67,Y,,,,(UNK),55539,(N/A),(UNK),No Defects,1,1,InterState,1,9290,X002460886,Not Toll,73,10,4,Divided With Median Barrier,3,2940407.5,1905336.5,41.8736074,-87.80270196,,Urban,1,N,(N/A),Y,(N/A)
2021,2021-11-30,Tuesday,07,07:55 AM,Property Damage,No Injuries,0,0,0,0,0,3,Front to Rear,11,N,N,Following Too Closely,Failing to Reduce Speed to Avoid Crash,Daylight,Clear,Dry,N,,,,,Other Regualtory Sig,Functioning Properly,Y,3,41.8714202,-87.7774047,ok,Partial Access Control,3,03-21-17882,2021,,3,28,50000 and OVER,9,4295,Oak Park,C,Urban InterState,,16,30,11541059,11,Cook,0,21,,,2,N,No,(UNK),202101389293,ISP,1,22.93,Y,,,,(UNK),55581,(N/A),(UNK),No Defects,1,1,InterState,1,9290,X002460887,Not Toll,73,10,4,Divided With Median Barrier,3,2947321.5,1904727.5,41.87141233,-87.77739886,,Urban,1,N,(N/A),Y,(N/A)
2021,2021-11-26,Friday,11,11:36 AM,Property Damage,No Injuries,0,0,0,0,0,2,Front to Rear,11,N,N,Failing to Reduce Speed to Avoid Crash,Following Too Closely,Daylight,Clear,Dry,N,,,,,Other,Functioning Properly,Y,2,41.8712703,-87.7795179,ok,Partial Access Control,3,03-21-17667,2021,,28,3,50000 and OVER,9,4295,Oak Park,C,Urban InterState,,16,26,11541062,11,Cook,0,21,,,5,N,No,(UNK),202101389297,ISP,1,8.95,Y,,,,(UNK),55584,(N/A),(UNK),No Defects,1,1,InterState,1,290,X002460891,Not Toll,,13,4,Divided With Median Barrier,3,2946747.42593356,1904656.84153282,41.87126241,-87.77951209,,Urban,1,N,(N/A),Y,(N/A)
2021,2021-11-11,Thursday,10,10:41 AM,Property Damage,No Injuries,0,0,0,0,0,4,Front to Rear,11,N,N,Failing to Reduce Speed to Avoid Crash,(N/A),Daylight,Rain,Wet,N,,,,,Traffic Signal,Functioning Properly,N,2,41.8790927,-87.7893241,ok,(UNK),1,2107050,2021,,28,99,50000 and OVER,9,4295,Oak Park,C,Urban Minor Collector,,16,11,11541244,11,Cook,0,21,,,4,N,No,Stopped,202101389534,City,1,0.66,N,,,,(UNK),55670,(N/A),(UNK),No Defects,1,2,Minor Collector,6,2779,X002460996,Not Toll,73,3,4,"Divided, No Median Barrier",2,2943997.45349968,1907433.31816822,41.87908486,-87.78931826,,Urban,2,N,(N/A),Y,(N/A)
2021,2021-02-23,Tuesday,10,10:09 AM,Property Damage,No Injuries,0,0,0,0,0,2,Sideswipe Same Direction,12,N,N,Improper Overtaking/Passing,Failing to Reduce Speed to Avoid Crash,Daylight,Clear,Dry,Y,,,,,No Controls,No Controls,N,2,,,missing,(UNK),1,2101173,2021,,4,28,50000 and OVER,9,4295,Oak Park,C,(UNK),3,16,23,11192968,2,Cook,0,21,,,2,N,No,Free Flow,202101061256,City,1,0,N,,,,(UNK),55700,(N/A),(UNK),No Defects,1,1,(UNK),0,0,X002165652,No Toll,,1,1,Not Divided,1,0,0,,,,(UNK),1,N,(N/A),Y,(N/A)
2021,2021-06-21,Monday,00,00:25 AM,Property Damage,No Injuries,0,0,0,0,0,2,Sideswipe Same Direction,12,N,N,Improper Lane Usage,Weather,Darkness / Lighted Road,Rain,Wet,N,,,,,No Controls,No Controls,N,2,41.872307,-87.8039988,ok,(UNK),3,03-21-08702,2021,,20,11,50000 and OVER,9,4295,Oak Park,C,Urban Local Road or Street,,16,21,11336665,6,Cook,0,21,,,1,N,No,(UNK),202101197498,ISP,5,0.03,N,,,,(UNK),57150,(N/A),(UNK),No Defects,1,2,Local Road or Street,7,4062,X002287011,Not Toll,,1,1,Divided With Median Barrier,3,2940068.99371096,1904850.07902805,41.87229919,-87.803993,,Urban,2,N,(N/A),Y,(N/A)
2021,2021-06-26,Saturday,16,04:45 PM,Property Damage,No Injuries,0,0,0,0,0,2,Sideswipe Same Direction,12,N,N,Improper Lane Usage,Improper Overtaking/Passing,Daylight,Clear,Dry,N,,,,,Other Regualtory Sig,Functioning Properly,Y,2,41.8737511,-87.8042571,ok,Partial Access Control,3,03-21-09171,2021,,20,4,50000 and OVER,9,4295,Oak Park,C,Urban InterState,,16,26,11337617,6,Cook,0,21,,,6,N,No,(UNK),202101198196,ISP,1,21.59,Y,,,,(UNK),57609,(N/A),(UNK),No Defects,1,1,InterState,1,9290,X002287637,Not Toll,73,10,4,Divided With Median Barrier,3,2939984.14903693,1905374.39306383,41.87374328,-87.8042513,,Urban,1,N,(N/A),Y,(N/A)
2021,2021-06-28,Monday,17,05:00 PM,Property Damage,No Injuries,0,0,0,0,0,2,Turning,10,N,N,Improper Overtaking/Passing,Driving Skills/Knowledge/Experience,Daylight,Clear,Dry,Y,,,,,Traffic Signal,Functioning Properly,N,2,41.8869696,-87.8049696,ok,(UNK),1,2103842,2021,,4,15,50000 and OVER,9,4295,Oak Park,C,Urban Other Principal Arte,,16,28,11337648,6,Cook,0,21,,,1,N,No,Stopped,202101198233,City,1,19.17,Y,,,,(UNK),57703,(N/A),(UNK),No Defects,1,1,Other Principal Arterial,3,348,X002287530,Not Toll,73,3,4,Divided With Median Barrier,3,2939657.45100384,1910186.10168367,41.88696176,-87.80496384,,Urban,1,N,(N/A),Y,(N/A)
2021,2021-06-23,Wednesday,13,01:17 PM,Property Damage,No Injuries,0,0,0,0,0,3,Angle,15,N,N,Failing to Yield Right of Way,Driving Skills/Knowledge/Experience,Daylight,Cloudy/Overcast,Dry,Y,,,,,Stop Sign,Functioning Properly,N,2,41.8963968,-87.7849557,ok,(UNK),1,2103720,2021,,2,15,50000 and OVER,9,4295,Oak Park,C,Urban Major Collector,,16,23,11337820,6,Cook,0,21,,,3,N,No,Free Flow,202101198415,City,1,0,N,,,,(UNK),58400,(N/A),(UNK),No Defects,1,1,Major Collector,5,,X002287794,Not Toll,73,2,4,Not Divided,1,2945012.02628836,1913772.24261732,41.8963889,-87.78494991,,Urban,8,N,(N/A),Y,(N/A)
2021,2021-06-26,Saturday,12,12:40 PM,Property Damage,No Injuries,0,0,0,0,0,5,Turning,10,N,N,Failing to Yield Right of Way,Improper Lane Usage,Daylight,Rain,Wet,Y,,,,,Traffic Signal,Unknown,Y,2,41.8800133,-87.774671,ok,(UNK),1,2103798,2021,,2,20,50000 and OVER,9,4295,Oak Park,C,Urban Minor Arterial,,16,26,11337299,6,Cook,0,21,,,6,N,No,Free Flow,202101201820,City,1,0,N,,,,(UNK),58524,(N/A),(UNK),No Defects,1,2,Minor Arterial,4,,X002286451,Not Toll,,3,9,Not Divided,1,2947978.76311991,1907879.75602472,41.88000549,-87.77466521,,Urban,2,N,(N/A),Y,(N/A)
2021,2021-02-24,Wednesday,22,10:45 PM,Property Damage,No Injuries,0,0,0,0,0,2,Front to Rear,11,N,N,Failing to Reduce Speed to Avoid Crash,Unable to Determine,Darkness / Lighted Road,Clear,Dry,N,,,,,Traffic Signal,Functioning Properly,N,2,41.8732951,-87.8045102,ok,(UNK),1,21-00651,2021,,28,18,50000 and OVER,9,4295,Oak Park,C,Urban Other Principal Arte,,16,24,11195850,2,Cook,0,21,,,3,N,No,Free Flow,202101062459,City,5,20.12,Y,,,,(UNK),59406,(N/A),(UNK),No Defects,1,1,Other Principal Arterial,3,348,X002167129,Not Toll,73,3,4,Divided With Median Barrier,3,2939919.78501907,1905206.31201639,41.87328726,-87.80450441,,Urban,1,N,(N/A),Y,(N/A)
2021,2021-02-24,Wednesday,07,07:48 AM,Property Damage,No Injuries,0,0,0,0,0,1,Parked Motor Vehicle,9,N,N,Failing to Reduce Speed to Avoid Crash,(N/A),Daylight,Clear,Wet,N,,,,,No Controls,No Controls,Y,2,41.8905819,-87.7927447,ok,(UNK),1,2101195,2021,,28,99,50000 and OVER,9,4295,Oak Park,C,Urban Local Road or Street,,16,24,11196479,2,Cook,0,21,,,3,N,No,Free Flow,202101063080,City,1,0.52,N,,,,(UNK),60371,(N/A),(UNK),No Defects,1,2,Local Road or Street,7,2673,X002167539,Not Toll,73,1,1,Not Divided,1,2942949.98855462,1911594.38615816,41.89057403,-87.79273887,,Urban,1,N,(N/A),Y,(N/A)
2021,2021-02-24,Wednesday,15,03:25 PM,Property Damage,No Injuries,0,0,0,0,0,3,Front to Rear,11,N,N,Failing to Reduce Speed to Avoid Crash,Unable to Determine,Daylight,Clear,Dry,N,,,,,Traffic Signal,Functioning Properly,N,3,41.879911,-87.7891638,ok,(UNK),1,2101204,2021,,28,18,50000 and OVER,9,4295,Oak Park,C,Urban Minor Arterial,,16,24,11196480,2,Cook,0,21,,,3,N,No,Free Flow,202101063082,City,1,0,N,,,,(UNK),60433,(N/A),(UNK),No Defects,1,1,Minor Arterial,4,,X002167540,Not Toll,73,3,4,Not Divided,1,2944032.82361003,1907732.73084325,41.87990316,-87.78915804,,Urban,1,N,(N/A),Y,(N/A)
2021,2021-09-27,Monday,15,03:14 PM,Property Damage,No Injuries,0,0,0,0,0,4,Front to Rear,11,N,N,Failing to Reduce Speed to Avoid Crash,Driving Skills/Knowledge/Experience,Daylight,Clear,Dry,N,,,,,No Controls,No Controls,N,2,41.9016782,-87.7963102,ok,(UNK),1,2105978,2021,,28,15,50000 and OVER,9,4295,Oak Park,C,Urban Major Collector,,16,27,11453568,9,Cook,0,21,,,1,N,No,Stopped,202101307162,City,1,0,N,,,,(UNK),60562,(N/A),(UNK),No Defects,1,1,Major Collector,5,,X002385187,Not Toll,73,1,1,Not Divided,1,2941867.32530524,1915611.22971654,41.90167032,-87.79630445,,Urban,1,N,(N/A),Y,(N/A)
2021,2021-09-27,Monday,15,03:53 PM,Property Damage,No Injuries,0,0,0,0,0,1,Parked Motor Vehicle,9,N,N,Failing to Reduce Speed to Avoid Crash,(N/A),Daylight,Clear,Dry,N,,,,,No Controls,No Controls,N,2,41.8820773,-87.7773221,ok,(UNK),1,2105981,2021,,28,99,50000 and OVER,9,4295,Oak Park,C,Urban Major Collector,,16,27,11453570,9,Cook,0,21,,,1,N,No,Slow,202101307164,City,1,1.41,N,,,,(UNK),60563,(N/A),(UNK),No Defects,1,1,Major Collector,5,5,X002385192,Not Toll,73,1,1,Not Divided,1,2947235.8072505,1908611.78066767,41.88206946,-87.77731632,,Urban,1,N,(N/A),Y,(N/A)
2021,2021-09-23,Thursday,17,05:15 PM,Property Damage,No Injuries,0,0,0,0,0,3,Front to Rear,11,N,N,Failing to Reduce Speed to Avoid Crash,Following Too Closely,Daylight,Clear,Dry,N,,,,,No Controls,No Controls,N,3,41.8724046,-87.7903579,ok,Partial Access Control,3,03-21-13983,2021,,28,3,50000 and OVER,9,4295,Oak Park,C,Urban InterState,,16,23,11453168,9,Cook,0,21,,,4,N,No,(UNK),202101306754,ISP,1,22.26,Y,,,,(UNK),61033,(N/A),(UNK),No Defects,1,1,InterState,1,9290,X002384847,Not Toll,73,1,1,Divided With Median Barrier,3,2943783.41527893,1904988.23255526,41.87239671,-87.79035208,,Urban,1,N,(N/A),Y,(N/A)
2021,2021-09-24,Friday,12,12:48 PM,Injury,B Injury Crash,2,0,0,1,1,2,Front to Rear,11,N,N,Failing to Reduce Speed to Avoid Crash,Unable to Determine,Daylight,Clear,Dry,Y,,,,,Traffic Signal,Functioning Properly,N,2,41.8945678,-87.7848658,ok,(UNK),1,2105919,2021,,28,18,50000 and OVER,9,4295,Oak Park,C,Urban Minor Arterial,,16,24,11453211,9,Cook,2,21,,,5,N,No,Stopped,202101306797,City,1,0,N,,,,(UNK),61397,(N/A),(UNK),No Defects,1,1,Minor Arterial,4,,X002384715,Not Toll,73,3,4,Not Divided,1,2945055.0186435,1913106.43468893,41.89456,-87.78486,,Urban,1,N,(N/A),Y,(N/A)
2021,2021-02-18,Thursday,18,06:30 PM,Property Damage,No Injuries,0,0,0,0,0,3,Front to Rear,11,N,N,Failing to Reduce Speed to Avoid Crash,Unable to Determine,Darkness / Lighted Road,Clear,Dry,N,,,,,No Controls,No Controls,N,2,41.586516,-87.5470511,outside_oak_park,(UNK),3,03-21-02798,2021,,28,18,50000 and OVER,9,4295,Oak Park,C,Urban Major Collector,,16,18,11196675,2,Cook,0,21,,,4,N,No,(UNK),202101063282,ISP,5,3.13,N,,,,(UNK),62173,(N/A),(UNK),No Defects,1,1,Major Collector,5,1611,X002167899,Not Toll,,1,1,Divided With Median Barrier,3,3013226.7257446,1802734.95743195,41.58650817,-87.54704544,,Urban,1,N,(N/A),Y,(N/A)
2021,2021-09-25,Saturday,00,00:28 AM,Property Damage,No Injuries,0,0,0,0,0,1,Other Object,7,N,N,Failing to Reduce Speed to Avoid Crash,(N/A),Darkness / Lighted Road,Rain,Wet,N,,,,,Stop Sign,Functioning Properly,N,1,41.8677114,-87.7951464,ok,(UNK),1,2105936,2021,,28,99,50000 and OVER,9,4295,Oak Park,C,Urban Local Road or Street,,16,25,11453012,9,Cook,0,21,TREE,,6,N,No,Free Flow,202101306606,City,5,0.29,N,,,,(UNK),62224,(N/A),(UNK),No Defects,1,2,Local Road or Street,7,2683,X002384702,Not Toll,73,2,4,Not Divided,1,2942526.42557244,1903241.86628214,41.86770354,-87.79514063,,Urban,2,N,(N/A),Y,(N/A)
2021,2021-09-26,Sunday,17,05:23 PM,Property Damage,No Injuries,0,0,0,0,0,3,Front to Rear,11,N,N,Under Influence of Alcohol/Drugs,(N/A),Daylight,Clear,Dry,Y,,,,,Traffic Signal,Functioning Properly,N,2,41.87231,-87.8044663,ok,(UNK),1,2105962,2021,,8,99,50000 and OVER,9,4295,Oak Park,C,Urban Other Principal Arte,,16,26,11453021,9,Cook,0,21,,,7,N,No,Stopped,202101306616,City,1,25.52,Y,,,,(UNK),62328,(N/A),(UNK),No Defects,1,1,Other Principal Arterial,3,5043,X002384711,Not Toll,73,3,4,"Divided, No Median Barrier",2,2939941.63040301,1904847.6583578,41.87230217,-87.8044605,,Urban,1,N,(N/A),Y,(N/A)
2021,2021-09-26,Sunday,07,07:15 AM,Property Damage,No Injuries,0,0,0,0,0,1,Fixed Object,6,N,N,Failing to Reduce Speed to Avoid Crash,Driving Skills/Knowledge/Experience,Daylight,Clear,Dry,Y,,,,,Stop Sign,Functioning Properly,N,1,41.8872511,-87.797125,ok,(UNK),1,2105953,2021,,28,15,50000 and OVER,9,4295,Oak Park,C,Urban Local Road or Street,,16,26,11453031,9,Cook,0,21,OVERPASS BRIDGE,,7,N,No,Slow,202101306625,City,1,0,N,,,,(UNK),62404,(N/A),(UNK),No Defects,1,1,Local Road or Street,7,,X002384721,Not Toll,73,2,4,Divided With Median Barrier,3,2941790.78627938,1910347.60959923,41.88724327,-87.7971192,,Urban,1,N,(N/A),Y,(N/A)
2021,2021-09-26,Sunday,19,07:36 PM,Injury,B Injury Crash,1,0,0,1,0,1,Front to Rear,11,N,N,Under Influence of Alcohol/Drugs,Driving Skills/Knowledge/Experience,Darkness / Lighted Road,Clear,Dry,N,,,,,No Controls,No Controls,N,2,41.9016432,-87.8055291,ok,(UNK),1,2101008,2021,,8,15,50000 and OVER,9,4295,Oak Park,C,Urban Other Principal Arte,,16,26,11453040,9,Cook,2,21,,,7,N,No,Stopped,202101306633,City,5,18.15,Y,,,,(UNK),62408,(N/A),(UNK),No Defects,1,1,Other Principal Arterial,3,348,X002384730,Not Toll,73,1,1,Not Divided,1,2939357.86462725,1915529.2504695,41.90163539,-87.80552332,,Urban,1,N,(N/A),Y,(N/A)
2021,2021-12-04,Saturday,10,10:42 AM,Property Damage,No Injuries,0,0,0,0,0,1,Parked Motor Vehicle,9,N,N,Evasive Action Due to Animal / Object / Non-Motorist,Failing to Reduce Speed to Avoid Crash,Daylight,Clear,Dry,N,,,,,No Controls,No Controls,N,2,41.8870094,-87.7813952,ok,(UNK),1,2107580,2021,,32,28,50000 and OVER,9,4295,Oak Park,C,Urban Local Road or Street,,16,4,11543642,12,Cook,0,21,,,6,N,No,Free Flow,202101392019,City,1,0.03,N,,,,(UNK),63406,(N/A),(UNK),No Defects,1,1,Local Road or Street,7,2630,X002462566,Not Toll,73,1,1,Not Divided,1,2946076.59895965,1910378.2449987,41.88700152,-87.78138939,,Urban,1,N,(N/A),Y,(N/A)
2021,2021-02-26,Friday,06,06:02 AM,Property Damage,No Injuries,0,0,0,0,0,2,Angle,15,N,N,Failing to Yield Right of Way,(N/A),Dawn,Other,Wet,Y,,,,,Stop Sign,Functioning Properly,N,2,41.8946279,-87.779985,ok,(UNK),1,2101231,2021,,2,99,50000 and OVER,9,4295,Oak Park,C,Urban Minor Arterial,,16,26,11198820,2,Cook,0,21,,,5,N,No,Free Flow,202101065326,City,2,0,N,,,,(UNK),64623,(N/A),(UNK),No Defects,1,2,Minor Arterial,4,,X002168461,Not Toll,73,2,4,"Divided, No Median Barrier",2,2946383.3316427,1913165.25550767,41.89462002,-87.77997924,,Urban,7,N,(N/A),Y,(N/A)
2021,2021-02-25,Thursday,17,05:03 PM,Property Damage,No Injuries,0,0,0,0,0,4,Front to Rear,11,N,N,Failing to Reduce Speed to Avoid Crash,Improper Lane Usage,Dusk,Clear,Dry,N,,,,,Traffic Signal,Functioning Properly,N,3,41.8650291,-87.8041269,ok,(UNK),1,2101226,2021,,28,20,50000 and OVER,9,4295,Oak Park,C,Urban Other Principal Arte,,16,25,11198823,2,Cook,0,21,,,4,N,No,Slow,202101065329,City,3,5.99,Y,,,,(UNK),64673,(N/A),(UNK),No Defects,1,1,Other Principal Arterial,3,347,X002168458,Not Toll,73,3,4,"Divided, No Median Barrier",2,2940107.14703609,1902196.91766521,41.86502128,-87.80412106,,Urban,1,N,(N/A),Y,(N/A)
2021,2021-02-28,Sunday,13,01:35 PM,Property Damage,No Injuries,0,0,0,0,0,2,Sideswipe Same Direction,12,N,N,Improper Lane Usage,Driving Skills/Knowledge/Experience,Daylight,Clear,Dry,N,,,,,Other Regualtory Sig,Functioning Properly,Y,2,41.8713175,-87.7800988,ok,Partial Access Control,3,03-21-02924,2021,,20,15,50000 and OVER,9,4295,Oak Park,C,Urban InterState,,16,28,11198361,2,Cook,0,21,,,7,N,No,(UNK),202101064884,ISP,1,22.8,Y,,,,(UNK),64679,(N/A),(UNK),No Defects,1,1,InterState,1,9290,X002169527,Not Toll,,10,4,"Divided, No Median Barrier",2,2946588.71544409,1904669.65075199,41.87130964,-87.78009302,,Urban,1,N,(N/A),Y,(N/A)
2021,2021-02-28,Sunday,16,04:15 PM,Property Damage,No Injuries,0,0,0,0,0,4,Angle,15,N,N,Operating Vehicle In Reckless Manner,Unable to Determine,Daylight,Cloudy/Overcast,Dry,Y,,,,,Stop Sign,Functioning Properly,N,3,41.8723678,-87.7992558,ok,(UNK),1,2101275,2021,,50,18,50000 and OVER,9,4295,Oak Park,C,Urban Local Road or Street,,16,28,11199479,2,Cook,0,21,FRONT LAWN,,7,N,Yes,Free Flow,202101065675,City,1,0,N,,,,(UNK),64788,(N/A),(UNK),No Defects,1,1,Local Road or Street,7,,X002170136,Not Toll,73,2,4,T-Intersection,15,2941360.24224042,1904907.85069243,41.87236,-87.79925,,Urban,8,N,(N/A),Y,(N/A)
2021,2021-02-26,Friday,14,02:53 PM,Property Damage,No Injuries,0,0,0,0,0,2,Angle,15,N,N,Failing to Yield Right of Way,Failing to Reduce Speed to Avoid Crash,Daylight,Clear,Dry,Y,,,,,No Controls,No Controls,N,2,41.8869502,-87.7879194,ok,(UNK),1,2101244,2021,,2,28,50000 and OVER,9,4295,Oak Park,C,Urban Local Road or Street,,16,26,11199528,2,Cook,0,21,,,5,N,No,Free Flow,202101065723,City,1,0,N,,,,(UNK),65004,(N/A),(UNK),No Defects,1,1,Local Road or Street,7,,X002170307,Not Toll,73,1,1,Not Divided,1,2944300.59231374,1910307.3266654,41.88694231,-87.7879136,,Urban,1,N,(N/A),Y,(N/A)
2021,2021-02-25,Thursday,20,08:02 PM,Property Damage,No Injuries,0,0,0,0,0,1,Parked Motor Vehicle,9,N,N,Failing to Yield Right of Way,Failing to Reduce Speed to Avoid Crash,Daylight,Clear,Dry,N,,,,,No Controls,No Controls,Y,2,41.8726971,-87.781008,ok,(UNK),1,2101228,2021,,2,28,50000 and OVER,9,4295,Oak Park,C,Urban Local Road or Street,,16,25,11199533,2,Cook,0,21,,,4,N,No,Slow,202101065730,City,1,0.17,N,,,,(UNK),65067,(N/A),(UNK),No Defects,1,1,Local Road or Street,7,4060,X002170290,Not Toll,73,1,1,"Divided, No Median Barrier",2,2946327.10437539,1905165.53759233,41.8726893,-87.78100216,,Urban,1,N,(N/A),Y,(N/A)
2021,2021-02-27,Saturday,11,11:26 AM,Property Damage,No Injuries,0,0,0,0,0,3,Turning,10,N,N,Failing to Yield Right of Way,Disregarding Other Traffic Signs,Daylight,Clear,Dry,Y,,,,,Other Regualtory Sig,Functioning Properly,N,2,41.8878579,-87.8049939,ok,(UNK),1,2101256,2021,,2,24,50000 and OVER,9,4295,Oak Park,C,Urban Other Principal Arte,,16,27,11199551,2,Cook,0,21,,,6,N,No,Free Flow,202101065748,City,1,26.59,Y,,,,(UNK),65127,(N/A),(UNK),No Defects,1,1,Other Principal Arterial,3,5043,X002170315,Not Toll,73,10,4,"Divided, No Median Barrier",2,2939641.92150229,1910509.62597295,41.88785005,-87.80498813,,Urban,1,N,(N/A),Y,(N/A)
2021,2021-02-27,Saturday,16,04:07 PM,Property Damage,No Injuries,0,0,0,0,0,4,Angle,15,N,N,Failing to Yield Right of Way,Unable to Determine,Daylight,Clear,Dry,Y,,,,,Stop Sign,Functioning Properly,N,2,41.8704675,-87.8035453,ok,(UNK),1,2101263,2021,,2,18,50000 and OVER,9,4295,Oak Park,C,Urban Local Road or Street,,16,27,11199553,2,Cook,0,21,,,6,N,No,Free Flow,202101065750,City,1,0,N,,,,(UNK),65129,(N/A),(UNK),No Defects,1,1,Local Road or Street,7,,X002170320,Not Toll,73,2,4,Four Way,14,2940210.98678348,1904183.10464835,41.87045961,-87.80353947,,Urban,1,N,(N/A),Y,(N/A)