crash_year,crash_date,day_of_week,crash_hour,time_of_crash,crash_severity,crash_injury_severity,total_injured,total_fatals,a_injuries,b_injuries,c_injuries,no_injuries,type_of_first_crash,collision_type_code,pedestrian_involved,pedalcyclist_involved,cause1,cause2,lighting_cond,weather_cond,road_surface_cond,intersection_related,is_intersection,highway_or_street_name,at_intersection_with,address_no,traffic_control_device,traffic_control_device_cond,hit_and_run,number_of_vehicles,latitude,longitude,location_status,access_control,agency_code,agency_report_number,agency_report_year,alignment_code,cause1_code,cause2_code,city_class,city_class_code,city_code,city_name,city_township_flag,class_of_trafficway,class_of_trafficway_code,county_code,crash_day,crash_id,crash_month,crash_report_county,crash_severity_cd,crash_yr_source,damaged_property1,damaged_property2,day_of_week_code,did_crash_occur_in_work_zone,did_involve_secondary_crash,flow_condition,icn,investigating_agency_descrip,light_condition_code,mile_station,nhs,non_intersection_direction,non_intersection_distance,non_intersection_units,number_of_lanes,objectid,railroad_crossing_number,road_alignment,road_defects,road_defects_code,road_surface_condition_code,roadway_functional_class,roadway_functional_class_code,route_number,sfe,toll,township,traffic_control_device_code,traffic_control_device_cond_code,trafficway_descrip,trafficway_description_code,ts_crash_coordinate_x,ts_crash_coordinate_y,ts_crash_latitude,ts_crash_longitude,type_report,urban_rural,weather_code,were_workers_present,work_zone,work_zone_related,work_zone_type
2021,2021-02-27,Saturday,19,07:19 PM,Injury,C Injury Crash,2,0,0,0,2,3,Turning,10,N,N,Failing to Yield Right of Way,Disregarding Traffic Signals,Darkness / Lighted Road,Cloudy/Overcast,Dry,Y,,,,,Traffic Signal,Functioning Properly,N,2,41.87231,-87.8044661,ok,(UNK),1,2101267,2021,,2,25,50000 and OVER,9,4295,Oak Park,C,Urban Other Principal Arte,,16,27,11199554,2,Cook,1,21,,,6,N,No,Free Flow,202101065751,City,5,25.52,Y,,,,(UNK),65161,(N/A),(UNK),No Defects,1,1,Other Principal Arterial,3,5043,X002170322,Not Toll,73,3,4,Four Way,14,2939941.6931242,1904847.65998536,41.87230217,-87.80446027,,Urban,8,N,(N/A),Y,(N/A)
2021,2021-02-24,Wednesday,03,03:45 AM,Property Damage,No Injuries,0,0,0,0,0,3,Front to Rear,11,N,N,Failing to Reduce Speed to Avoid Crash,Following Too Closely,Darkness,Unknown,Unknown,N,,,,,Traffic Signal,Unknown,Y,2,41.8731767,-87.8009315,ok,Partial Access Control,3,03-21-02795,2021,,28,3,50000 and OVER,9,4295,Oak Park,C,Urban InterState,,16,24,11199251,2,Cook,0,21,,,3,N,No,(UNK),202101065528,ISP,4,7.87,Y,,,,(UNK),66390,(N/A),(UNK),Unknown,99,9,InterState,1,290,X002170139,Not Toll,,3,9,Ramp,11,2940895.71303913,1905190.04018827,41.8731689,-87.80092565,,Urban,9,N,(N/A),N,(N/A)
2021,2021-09-06,Monday,12,12:42 PM,Injury,A Injury Crash,1,0,1,0,0,1,Front to Rear,11,N,N,Failing to Reduce Speed to Avoid Crash,Driving Skills/Knowledge/Experience,Darkness / Lighted Road,Clear,Dry,Y,,,,,Traffic Signal,Functioning Properly,N,2,41.8736416,-87.8045258,ok,Partial Access Control,1,21-02663,2021,,28,15,50000 and OVER,9,4295,Oak Park,C,Urban InterState,,16,6,11454461,9,Cook,3,21,,,1,N,No,Stopped,202101308026,City,5,25.61,Y,,,,(UNK),66449,(N/A),(UNK),No Defects,1,1,InterState,1,5043,X002386066,Not Toll,73,3,4,Divided With Median Barrier,3,2939912.062394,1905332.46992192,41.87363377,-87.80452,,Urban,1,N,(N/A),Y,(N/A)
2021,2021-09-27,Monday,15,03:06 PM,Property Damage,No Injuries,0,0,0,0,0,2,Angle,15,N,N,Failing to Yield Right of Way,(N/A),Daylight,Clear,Dry,Y,,,,,No Controls,No Controls,N,2,41.8997144,-87.8054454,ok,(UNK),1,2101012,2021,,2,99,50000 and OVER,9,4295,Oak Park,C,Urban Other Principal Arte,,16,27,11454507,9,Cook,0,21,,,1,N,No,Free Flow,202101308065,City,1,27.42,Y,,,,(UNK),66673,(N/A),(UNK),No Defects,1,1,Other Principal Arterial,3,5043,X002386106,Not Toll,73,1,1,Not Divided,1,2939400.01912675,1914826.96963368,41.89970654,-87.80543958,,Urban,1,N,(N/A),Y,(N/A)
2021,2021-09-22,Wednesday,00,00:25 AM,Property Damage,No Injuries,0,0,0,0,0,2,Sideswipe Same Direction,12,N,N,Improper Lane Usage,Failing to Reduce Speed to Avoid Crash,Darkness / Lighted Road,Rain,Wet,N,,,,,Other,Functioning Properly,Y,2,41.8716533,-87.7839093,ok,Partial Access Control,3,03-21-13884,2021,,20,28,50000 and OVER,9,4295,Oak Park,C,Urban InterState,,16,22,11455464,9,Cook,0,21,,,3,N,No,(UNK),202101308856,ISP,5,8.72,Y,,,,(UNK),67014,(N/A),(UNK),No Defects,1,2,InterState,1,290,X002386891,Not Toll,,13,4,Divided With Median Barrier,3,2945547.42165477,1904763.17679317,41.87164545,-87.78390353,,Urban,2,N,(N/A),Y,(N/A)
2021,2021-02-28,Sunday,22,10:04 PM,Property Damage,No Injuries,0,0,0,0,0,2,Front to Rear,11,N,N,Failing to Reduce Speed to Avoid Crash,Following Too Closely,Darkness / Lighted Road,Clear,Dry,N,,,,,No Controls,No Controls,Y,2,41.8865083,-87.804944,ok,(UNK),1,21-676,2021,,28,3,50000 and OVER,9,4295,Oak Park,C,Urban Other Principal Arte,,16,28,11199390,2,Cook,0,21,,,7,N,No,Free Flow,202101065604,City,5,19.2,Y,,,,(UNK),67087,(N/A),(UNK),No Defects,1,1,Other Principal Arterial,3,348,X002170209,Not Toll,73,1,1,"Divided, No Median Barrier",2,2939669.06884595,1910018.18757584,41.88650046,-87.80493817,,Urban,1,N,(N/A),Y,(N/A)
2021,2021-09-28,Tuesday,13,01:11 PM,Property Damage,No Injuries,0,0,0,0,0,2,Sideswipe Same Direction,12,N,N,Improper Overtaking/Passing,(N/A),Daylight,Clear,Dry,N,,,,,Traffic Signal,Functioning Properly,Y,2,41.8886088,-87.8038228,ok,(UNK),1,2105998,2021,,4,99,50000 and OVER,9,4295,Oak Park,C,Urban Major Collector,,16,28,11455059,9,Cook,0,21,,,2,N,No,Stopped,202101308476,City,1,0.06,N,,,,(UNK),67327,(N/A),(UNK),No Defects,1,1,Major Collector,5,8,X002386440,Not Toll,73,3,4,Not Divided,1,2939953.28947769,1910792.03964613,41.88860091,-87.803817,,Urban,1,N,(N/A),Y,(N/A)
2021,2021-02-27,Saturday,19,07:05 PM,Property Damage,No Injuries,0,0,0,0,0,1,Parked Motor Vehicle,9,N,N,Failing to Reduce Speed to Avoid Crash,Improper Lane Usage,Unknown,Unknown,Unknown,N,,,,,No Controls,No Controls,Y,2,41.8713385,-87.7859628,ok,(UNK),1,2101276,2021,,28,20,50000 and OVER,9,4295,Oak Park,C,Urban Local Road or Street,,16,27,11200248,2,Cook,0,21,,,6,N,No,Free Flow,202101066386,City,9,0.15,N,,,,(UNK),67363,(N/A),(UNK),No Defects,1,9,Local Road or Street,7,290,X002170905,Not Toll,73,1,1,Not Divided,1,2944991.29061958,1904632.93943545,41.87133067,-87.785957,,Urban,9,N,(N/A),Y,(N/A)
2021,2021-02-27,Saturday,22,10:06 PM,Property Damage,No Injuries,0,0,0,0,0,3,Angle,15,N,N,Failing to Yield Right of Way,Driving Skills/Knowledge/Experience,Darkness / Lighted Road,Clear,Dry,Y,,,,,Stop Sign,Functioning Properly,N,2,41.8706386,-87.7939369,ok,(UNK),1,2101269,2021,,2,15,50000 and OVER,9,4295,Oak Park,C,Urban Major Collector,,16,27,11200250,2,Cook,0,21,,,6,N,No,Free Flow,202101066388,City,5,0,N,,,,(UNK),67364,(N/A),(UNK),No Defects,1,1,Major Collector,5,,X002170907,Not Toll,73,2,4,Not Divided,1,2942826.3868533,1904317.72014497,41.87063079,-87.79393111,,Urban,1,N,(N/A),Y,(N/A)
2021,2021-02-24,Wednesday,09,09:00 AM,Property Damage,No Injuries,0,0,0,0,0,2,Sideswipe Same Direction,12,N,N,Improper Lane Usage,Driving Skills/Knowledge/Experience,Daylight,Clear,Dry,N,,,,,No Controls,No Controls,Y,2,41.8736171,-87.8027082,ok,Partial Access Control,3,03-21-02751,2021,,20,15,50000 and OVER,9,4295,Oak Park,C,Urban InterState,,16,24,11200369,2,Cook,0,21,,,3,N,No,(UNK),202101066485,ISP,1,21.67,Y,,,,(UNK),67971,(N/A),(UNK),No Defects,1,1,InterState,1,9290,X002171060,Not Toll,73,1,1,Divided With Median Barrier,3,2940407.35183779,1905337.15805575,41.87360922,-87.80270244,,Urban,1,N,(N/A),Y,(N/A)
2021,2021-03-01,Monday,00,00:05 AM,Property Damage,No Injuries,0,0,0,0,0,3,Sideswipe Same Direction,12,N,N,Improper Lane Usage,Failing to Reduce Speed to Avoid Crash,Darkness / Lighted Road,Clear,Dry,N,,,,,No Controls,No Controls,N,2,41.8713424,-87.7804049,ok,Partial Access Control,3,03-21-02945,2021,,20,28,50000 and OVER,9,4295,Oak Park,C,Urban InterState,,16,1,11200110,3,Cook,0,21,,,1,N,No,(UNK),202101066260,ISP,5,22.78,Y,,,,(UNK),68438,(N/A),(UNK),No Defects,1,1,InterState,1,9290,X002170831,Not Toll,,1,1,Divided With Median Barrier,3,2946505.10145111,1904676.39951571,41.87133452,-87.78039907,,Urban,1,N,(N/A),Y,(N/A)
2021,2021-12-06,Monday,12,12:42 PM,Property Damage,No Injuries,0,0,0,0,0,2,Front to Rear,11,N,N,Improper Lane Usage,Failing to Reduce Speed to Avoid Crash,Daylight,Clear,Dry,N,,,,,Other Regualtory Sig,Functioning Properly,N,2,41.8712363,-87.7744795,ok,Partial Access Control,3,03-21-18245,2021,,20,28,50000 and OVER,9,4295,Oak Park,C,Urban InterState,,16,6,11545318,12,Cook,0,21,,,1,N,No,(UNK),202101392930,ISP,1,23.08,Y,,,,(UNK),68646,(N/A),(UNK),No Defects,1,1,InterState,1,9290,X002464141,Not Toll,73,10,4,Divided With Median Barrier,3,2948120.12171312,1904682.70559314,41.87122849,-87.77447366,,Urban,1,N,(N/A),Y,(N/A)
2021,2021-02-19,Friday,20,08:05 PM,Injury,C Injury Crash,2,0,0,0,2,1,Parked Motor Vehicle,9,N,N,Driving Skills/Knowledge/Experience,Failing to Reduce Speed to Avoid Crash,Darkness / Lighted Road,Clear,Dry,N,,,,,Delineators,Functioning Properly,N,2,41.8713289,-87.7759879,ok,Partial Access Control,3,03-21-02555,2021,,15,28,50000 and OVER,9,4295,Oak Park,C,Urban InterState,,16,19,11200529,2,Cook,1,21,,,5,N,No,(UNK),202101066630,ISP,5,23,Y,,,,(UNK),68684,(N/A),(UNK),No Defects,1,1,InterState,1,9290,X002171197,Not Toll,73,14,4,Divided With Median Barrier,3,2947708.31335067,1904704.98092824,41.87132104,-87.77598212,,Urban,1,N,(N/A),Y,(N/A)
2021,2021-02-13,Saturday,10,10:31 AM,Property Damage,No Injuries,0,0,0,0,0,3,Front to Rear,11,N,N,Failing to Yield Right of Way,Unable to Determine,Daylight,Snow,Snow or Slush,N,,,,,Traffic Signal,Functioning Properly,N,4,41.8882052,-87.7806664,ok,(UNK),1,2100946,2021,,2,18,50000 and OVER,9,4295,Oak Park,C,Urban Major Collector,,16,13,11200566,2,Cook,0,21,,,6,N,No,Free Flow,202101066665,City,1,1.05,N,,,,(UNK),68831,(N/A),(UNK),No Defects,1,3,Major Collector,5,1405,X002171154,Not Toll,73,3,4,Not Divided,1,2946262.93267438,1910819.53802577,41.88819732,-87.7806606,,Urban,3,N,(N/A),Y,(N/A)
2021,2021-09-12,Sunday,05,05:35 AM,Injury,B Injury Crash,1,0,0,1,0,1,Sideswipe Same Direction,12,N,N,Improper Lane Usage,Driving Skills/Knowledge/Experience,Darkness / Lighted Road,Clear,Dry,N,,,,,Other,Functioning Properly,Y,2,41.8709545,-87.7748093,ok,Partial Access Control,3,03-21-13339,2021,,20,15,50000 and OVER,9,4295,Oak Park,C,Urban InterState,,16,12,11456195,9,Cook,2,21,1 MEDIAN ATENUATOR,,7,N,No,(UNK),202101309482,ISP,5,9.18,Y,,,,(UNK),69509,(N/A),(UNK),No Defects,1,1,InterState,1,290,X002387511,Not Toll,,13,4,Divided With Median Barrier,3,2948033.14041349,1904577.50964882,41.87094669,-87.77480352,,Urban,1,N,(N/A),Y,(N/A)
2021,2021-12-03,Friday,10,10:32 AM,Property Damage,No Injuries,0,0,0,0,0,2,Turning,10,N,N,Unable to Determine,Unable to Determine,Daylight,Cloudy/Overcast,Dry,N,,,,,No Controls,No Controls,N,2,41.8881457,-87.778463,ok,(UNK),1,2107555,2021,,18,18,50000 and OVER,9,4295,Oak Park,C,Urban Major Collector,,16,3,11545053,12,Cook,0,21,,,5,N,No,Free Flow,202101392653,City,1,1.16,N,,,,(UNK),69553,(N/A),(UNK),No Defects,1,1,Major Collector,5,1405,X002463785,Not Toll,73,1,1,Not Divided,1,2946863.52676009,1910814.5616056,41.88813784,-87.77845723,,Urban,8,N,(N/A),Y,(N/A)
2021,2021-11-24,Wednesday,10,10:33 AM,Injury,C Injury Crash,1,0,0,0,1,1,Front to Rear,11,N,N,Failing to Reduce Speed to Avoid Crash,Driving Skills/Knowledge/Experience,Daylight,Clear,Dry,N,,,,,No Controls,No Controls,N,2,41.8737123,-87.8038013,ok,Partial Access Control,3,03-21-17560,2021,,28,15,50000 and OVER,9,4295,Oak Park,C,Urban InterState,,16,24,11545098,11,Cook,1,21,,,3,N,No,(UNK),202101392701,ISP,1,21.61,Y,,,,(UNK),69755,(N/A),(UNK),No Defects,1,1,InterState,1,9290,X002463934,Not Toll,73,1,1,Divided With Median Barrier,3,2940108.68029865,1905363.65795749,41.87370444,-87.80379551,,Urban,1,N,(N/A),Y,(N/A)
2021,2021-06-30,Wednesday,14,02:17 PM,Property Damage,No Injuries,0,0,0,0,0,2,Sideswipe Same Direction,12,N,N,Improper Overtaking/Passing,Failing to Reduce Speed to Avoid Crash,Daylight,Clear,Dry,N,,,,,Delineators,Functioning Properly,Y,2,41.8727493,-87.7967864,ok,Partial Access Control,3,03-21-09241,2021,,4,28,50000 and OVER,9,4295,Oak Park,C,Urban InterState,,16,30,11342554,6,Cook,0,21,,,3,N,No,(UNK),202101202839,ISP,1,8.06,Y,,,,(UNK),69957,(N/A),(UNK),No Defects,1,1,InterState,1,290,X002291905,Not Toll,,14,4,Divided With Median Barrier,3,2942028.98700612,1905065.43505009,41.87274147,-87.79678064,,Urban,1,N,(N/A),Y,(N/A)
2021,2021-07-03,Saturday,11,11:13 AM,Injury,B Injury Crash,2,0,0,2,0,5,Front to Rear,11,N,N,Following Too Closely,Failing to Reduce Speed to Avoid Crash,Daylight,Clear,Dry,N,,,,,Delineators,Functioning Properly,Y,4,41.87127,-87.7750326,ok,Partial Access Control,3,03-21-09415,2021,,3,28,50000 and OVER,9,4295,Oak Park,C,Urban InterState,,16,3,11342576,7,Cook,2,21,,,6,N,No,(UNK),202101202861,ISP,1,23.05,Y,,,,(UNK),70036,(N/A),(UNK),No Defects,1,1,InterState,1,9290,X002291927,Not Toll,73,14,4,Divided With Median Barrier,3,2947969.11605192,1904690.78979146,41.8712622,-87.77502681,,Urban,1,N,(N/A),Y,(N/A)
2021,2021-07-03,Saturday,15,03:55 PM,Property Damage,No Injuries,0,0,0,0,0,2,Front to Rear,11,N,N,Driving Skills/Knowledge/Experience,Failing to Reduce Speed to Avoid Crash,Daylight,Clear,Dry,N,,,,,Delineators,Functioning Properly,N,2,41.8726197,-87.7938265,ok,Partial Access Control,3,03-21-09441,2021,,15,28,50000 and OVER,9,4295,Oak Park,C,Urban InterState,,16,3,11342600,7,Cook,0,21,,,6,N,No,(UNK),202101202883,ISP,1,22.08,Y,,,,(UNK),70151,(N/A),(UNK),No Defects,1,1,InterState,1,9290,X002291950,Not Toll,73,14,4,Divided With Median Barrier,3,2942836.5,1905040.5,41.87261189,-87.79382067,,Urban,1,N,(N/A),Y,(N/A)
2021,2021-03-02,Tuesday,13,01:31 PM,Injury,B Injury Crash,1,0,0,1,0,1,Turning,10,N,N,Improper Turning/No Signal,Equipment-Vehicle Condition,Daylight,Clear,Dry,Y,,,,,Stop Sign,Functioning Properly,N,2,41.8742751,-87.7940543,ok,(UNK),1,2101319,2021,,6,10,50000 and OVER,9,4295,Oak Park,C,Urban Major Collector,,16,2,11201482,3,Cook,2,21,,,2,N,No,Slow,202101067501,City,1,0,N,,,,(UNK),70425,(N/A),(UNK),No Defects,1,1,Major Collector,5,,X002172014,Not Toll,73,2,4,Not Divided,1,2942757.76632136,1905642.0214565,41.87426724,-87.79404849,,Urban,1,N,(N/A),Y,(N/A)
2021,2021-03-02,Tuesday,19,07:15 PM,Property Damage,No Injuries,0,0,0,0,0,3,Front to Rear,11,N,N,Under Influence of Alcohol/Drugs,Failing to Reduce Speed to Avoid Crash,Darkness / Lighted Road,Cloudy/Overcast,Dry,N,,,,,Traffic Signal,Functioning Properly,N,3,41.876501,-87.7843684,ok,(UNK),1,2101332,2021,,8,28,50000 and OVER,9,4295,Oak Park,C,Urban Major Collector,,16,2,11201483,3,Cook,0,21,FIRE HYDRANT,,2,N,Yes,Slow,202101067502,City,5,1.76,N,,,,(UNK),70471,(N/A),(UNK),No Defects,1,1,Major Collector,5,2783,X002172016,Not Toll,73,3,4,Not Divided,1,2945373.31244802,1906526.31315465,41.8764932,-87.78436265,,Urban,8,N,(N/A),Y,(N/A)
2021,2021-09-29,Wednesday,20,08:52 PM,Property Damage,No Injuries,0,0,0,0,0,2,Sideswipe Same Direction,12,N,N,Improper Lane Usage,Failing to Reduce Speed to Avoid Crash,Darkness / Lighted Road,Clear,Dry,N,,,,,Other Warning Sign,Functioning Properly,Y,2,41.8730276,-87.7997228,ok,Partial Access Control,3,03-21-14374,2021,,20,28,50000 and OVER,9,4295,Oak Park,C,Urban InterState,,16,29,11456699,9,Cook,0,21,,,3,N,No,(UNK),202101309981,ISP,5,7.92,Y,,,,(UNK),70636,(N/A),(UNK),No Defects,1,1,InterState,1,290,X002387991,Not Toll,,11,4,Divided With Median Barrier,3,2941226.4062123,1905144.78325202,41.8730198,-87.79971702,,Urban,1,N,(N/A),Y,(N/A)
2021,2021-03-03,Wednesday,10,10:44 AM,Injury,C Injury Crash,1,0,0,0,1,1,Pedestrian,1,Y,N,Failing to Yield Right of Way,(N/A),Daylight,Clear,Dry,N,,,,,Traffic Signal,Functioning Properly,N,1,41.8866079,-87.8049481,ok,(UNK),1,21-00708,2021,,2,99,50000 and OVER,9,4295,Oak Park,C,Urban Other Principal Arte,,16,3,11201557,3,Cook,1,21,,,3,N,No,Slow,202101067564,City,1,19.2,Y,,,,(UNK),70677,(N/A),(UNK),No Defects,1,1,Other Principal Arterial,3,348,X002172125,Not Toll,73,3,4,Not Divided,1,2939666.94187615,1910054.4519028,41.88660006,-87.80494231,,Urban,1,N,(N/A),Y,(N/A)
2021,2021-02-13,Saturday,19,07:30 PM,Property Damage,No Injuries,0,0,0,0,0,2,Front to Rear,11,N,N,Unable to Determine,Unable to Determine,Daylight,Clear,Wet,Y,,,,,Traffic Signal,Functioning Properly,N,2,41.8832478,-87.8048563,ok,(UNK),1,21-00490,2021,,18,18,50000 and OVER,9,4295,Oak Park,C,Urban Other Principal Arte,,16,13,11201102,2,Cook,0,21,,,6,N,No,Slow,202101067150,City,1,26.27,Y,,,,(UNK),70718,(N/A),(UNK),No Defects,1,2,Other Principal Arterial,3,5043,X002171718,Not Toll,73,3,4,"Divided, No Median Barrier",2,2939725.67463139,1908830.67069628,41.88323999,-87.80485045,,Urban,1,N,(N/A),Y,(N/A)
2021,2021-03-03,Wednesday,15,03:33 PM,Property Damage,No Injuries,0,0,0,0,0,4,Front to Rear,11,N,N,Failing to Reduce Speed to Avoid Crash,Unable to Determine,Daylight,Clear,Dry,N,,,,,No Controls,No Controls,N,2,41.8833183,-87.8048571,ok,(UNK),1,21-712,2021,,28,18,50000 and OVER,9,4295,Oak Park,C,Urban Other Principal Arte,,16,3,11202112,3,Cook,0,21,,,3,N,No,Slow,202101068064,City,1,19.43,Y,,,,(UNK),71171,(N/A),(UNK),No Defects,1,1,Other Principal Arterial,3,348,X002172636,Not Toll,73,1,1,"Divided, No Median Barrier",2,2939724.72756353,1908856.34485786,41.88331046,-87.80485133,,Urban,1,N,(N/A),Y,(N/A)
2021,2021-09-29,Wednesday,16,04:53 PM,Property Damage,No Injuries,0,0,0,0,0,2,Parked Motor Vehicle,9,N,N,Failing to Yield Right of Way,Unable to Determine,Daylight,Clear,Dry,N,,,,,No Controls,No Controls,N,2,41.8905981,-87.8019524,ok,(UNK),1,2106029,2021,,2,18,50000 and OVER,9,4295,Oak Park,C,Urban Local Road or Street,,16,29,11457159,9,Cook,0,21,,,3,N,No,Free Flow,202101310528,City,1,0,N,,,,(UNK),71635,(N/A),(UNK),No Defects,1,1,Local Road or Street,7,,X002388434,Not Toll,73,1,1,Not Divided,1,2940442.60135917,1911531.02642243,41.89059024,-87.80194665,,Urban,1,N,(N/A),Y,(N/A)
2021,2021-09-29,Wednesday,20,08:06 PM,Property Damage,No Injuries,0,0,0,0,0,1,Parked Motor Vehicle,9,N,N,Unable to Determine,Unable to Determine,Darkness / Lighted Road,Clear,Dry,N,,,,,No Controls,No Controls,Y,2,41.8899087,-87.7975365,ok,(UNK),1,2106033,2021,,18,18,50000 and OVER,9,4295,Oak Park,C,Urban Local Road or Street,,16,29,11457160,9,Cook,0,21,,,3,N,No,Free Flow,202101310529,City,5,0.31,N,,,,(UNK),71636,(N/A),(UNK),No Defects,1,1,Local Road or Street,7,2690,X002388435,Not Toll,73,1,1,Not Divided,1,2941651.96795431,1911312.98531179,41.88990085,-87.79753074,,Urban,1,N,(N/A),Y,(N/A)
2021,2021-09-30,Thursday,08,08:00 AM,Injury,B Injury Crash,1,0,0,1,0,1,Pedalcyclist,2,N,Y,Failing to Reduce Speed to Avoid Crash,(N/A),Daylight,Clear,Dry,N,,,,,Stop Sign,Functioning Properly,N,1,41.8917038,-87.7864413,ok,(UNK),1,2106040,2021,,28,99,50000 and OVER,9,4295,Oak Park,C,Urban Local Road or Street,,16,30,11457162,9,Cook,2,21,,,4,N,No,Free Flow,202101310530,City,1,0,N,,,,(UNK),71637,(N/A),(UNK),No Defects,1,1,Local Road or Street,7,,X002388437,Not Toll,73,2,4,"Divided, No Median Barrier",2,2944655.01056134,1912050.82008715,41.89169598,-87.78643552,,Urban,1,N,(N/A),Y,(N/A)
2021,2021-09-22,Wednesday,23,11:10 PM,Property Damage,No Injuries,0,0,0,0,0,2,Sideswipe Same Direction,12,N,N,Improper Overtaking/Passing,Failing to Reduce Speed to Avoid Crash,Darkness / Lighted Road,Clear,Dry,N,,,,,Delineators,Functioning Properly,Y,2,41.873723,-87.8039172,ok,Partial Access Control,3,03-21-13947,2021,,4,28,50000 and OVER,9,4295,Oak Park,C,Urban InterState,,16,22,11457198,9,Cook,0,21,,,3,N,No,(UNK),202101310564,ISP,5,21.61,Y,,,,(UNK),71866,(N/A),(UNK),No Defects,1,1,InterState,1,9290,X002388472,Not Toll,73,14,4,Divided With Median Barrier,3,2940077.0131673,1905366.70672546,41.8737152,-87.80391138,,Urban,1,N,(N/A),Y,(N/A)
2021,2021-09-29,Wednesday,18,06:26 PM,Property Damage,No Injuries,0,0,0,0,0,3,Angle,15,N,N,Failing to Yield Right of Way,Unable to Determine,Dawn,Clear,Wet,Y,,,,,Stop Sign,Functioning Properly,N,3,41.8779416,-87.794177,ok,(UNK),1,2106030,2021,,2,18,50000 and OVER,9,4295,Oak Park,C,Urban Major Collector,,16,29,11457248,9,Cook,0,21,,,3,N,Yes,Free Flow,202101310610,City,2,0,N,,,,(UNK),72150,(N/A),(UNK),No Defects,1,2,Major Collector,5,,X002388436,Not Toll,73,2,4,Four Way,14,2942687.40214031,1906977.23287637,41.87793373,-87.79417116,,Urban,1,N,(N/A),Y,(N/A)
2021,2021-03-01,Monday,18,06:24 PM,Property Damage,No Injuries,0,0,0,0,0,3,Sideswipe Same Direction,12,N,N,Improper Lane Usage,Failing to Yield Right of Way,Darkness / Lighted Road,Cloudy/Overcast,Dry,N,,,,,No Controls,No Controls,N,2,41.8867552,-87.8032213,ok,(UNK),1,2101309,2021,,20,2,50000 and OVER,9,4295,Oak Park,C,Urban Local Road or Street,,16,1,11201410,3,Cook,0,21,,,1,N,No,Free Flow,202101067430,City,5,0.08,N,,,,(UNK),72331,(N/A),(UNK),No Defects,1,1,Local Road or Street,7,3036,X002171859,Not Toll,73,1,1,Not Divided,1,2940135.69833689,1910121.07438802,41.88674733,-87.80321548,,Urban,8,N,(N/A),Y,(N/A)
2021,2021-11-03,Wednesday,23,11:13 PM,Fatal,Fatal Crash,0,1,0,0,0,1,Pedestrian,1,Y,N,(N/A),Unable to Determine,Darkness / Lighted Road,Clear,Dry,N,,,,,Traffic Signal,Functioning Properly,N,1,41.873692,-87.8045271,ok,(UNK),1,2106875,21,,99,18,50000 and OVER,9,4295,Oak Park,C,Urban Other Principal Arte,,16,3,11613044,11,Cook,4,21,,,3,N,No,Free Flow,202101433505,City,5,20.09,Y,,,,(UNK),72474,(N/A),(UNK),No Defects,1,1,Other Principal Arterial,3,348,X002429402,Not Toll,73,3,4,Divided With Median Barrier,3,2939911.19731173,1905350.8108609,41.87368413,-87.80452132,,Urban,1,N,(N/A),Y,(N/A)
2021,2021-12-07,Tuesday,12,12:50 PM,Property Damage,No Injuries,0,0,0,0,0,3,Front to Rear,11,N,N,Unable to Determine,Failing to Reduce Speed to Avoid Crash,Daylight,Clear,Dry,N,,,,,No Controls,No Controls,Y,3,41.8809823,-87.8047671,ok,(UNK),1,21-03617,2021,,18,28,50000 and OVER,9,4295,Oak Park,C,Urban Other Principal Arte,,16,7,11546626,12,Cook,0,21,,,2,N,Yes,Free Flow,202101394358,City,1,19.59,Y,,,,(UNK),73072,(N/A),(UNK),No Defects,1,1,Other Principal Arterial,3,348,X002465352,Not Toll,73,1,1,Not Divided,1,2939772.687703,1908005.72383027,41.88097442,-87.8047613,,Urban,1,N,(N/A),Y,(N/A)
2021,2021-12-04,Saturday,16,04:25 PM,Property Damage,No Injuries,0,0,0,0,0,2,Parked Motor Vehicle,9,N,N,Equipment-Vehicle Condition,Unable to Determine,Darkness,Clear,Dry,N,,,,,No Controls,No Controls,N,2,41.8733434,-87.7940244,ok,(UNK),1,2107590,2021,,10,18,50000 and OVER,9,4295,Oak Park,C,Urban Major Collector,,16,4,11546186,12,Cook,0,21,,,6,N,No,Free Flow,202101393815,City,4,6.59,N,,,,(UNK),73313,(N/A),(UNK),No Defects,1,1,Major Collector,5,2775,X002464796,Not Toll,73,1,1,Not Divided,1,2942775.28455882,1905302.72349223,41.87333555,-87.79401864,,Urban,1,N,(N/A),Y,(N/A)
2021,2021-12-04,Saturday,17,05:24 PM,Property Damage,No Injuries,0,0,0,0,0,2,Turning,10,N,N,Failing to Reduce Speed to Avoid Crash,Unable to Determine,Darkness / Lighted Road,Clear,Dry,Y,,,,,No Controls,No Controls,Y,2,41.8650471,-87.8028738,ok,(UNK),1,2107591,2021,,28,18,50000 and OVER,9,4295,Oak Park,C,Urban Other Principal Arte,,16,4,11546191,12,Cook,0,21,,,6,N,No,Stopped,202101393819,City,5,0,Y,,,,(UNK),73315,(N/A),(UNK),No Defects,1,1,Other Principal Arterial,3,,X002464802,Not Toll,73,1,1,"Divided, No Median Barrier",2,2940448.29327692,1902212.86592492,41.86503924,-87.80286803,,Urban,1,N,(N/A),Y,(N/A)