crash_year,crash_date,day_of_week,crash_hour,time_of_crash,crash_severity,crash_injury_severity,total_injured,total_fatals,a_injuries,b_injuries,c_injuries,no_injuries,type_of_first_crash,collision_type_code,pedestrian_involved,pedalcyclist_involved,cause1,cause2,lighting_cond,weather_cond,road_surface_cond,intersection_related,is_intersection,highway_or_street_name,at_intersection_with,address_no,traffic_control_device,traffic_control_device_cond,hit_and_run,number_of_vehicles,latitude,longitude,location_status,access_control,agency_code,agency_report_number,agency_report_year,alignment_code,cause1_code,cause2_code,city_class,city_class_code,city_code,city_name,city_township_flag,class_of_trafficway,class_of_trafficway_code,county_code,crash_day,crash_id,crash_month,crash_report_county,crash_severity_cd,crash_yr_source,damaged_property1,damaged_property2,day_of_week_code,did_crash_occur_in_work_zone,did_involve_secondary_crash,flow_condition,icn,investigating_agency_descrip,light_condition_code,mile_station,nhs,non_intersection_direction,non_intersection_distance,non_intersection_units,number_of_lanes,objectid,railroad_crossing_number,road_alignment,road_defects,road_defects_code,road_surface_condition_code,roadway_functional_class,roadway_functional_class_code,route_number,sfe,toll,township,traffic_control_device_code,traffic_control_device_cond_code,trafficway_descrip,trafficway_description_code,ts_crash_coordinate_x,ts_crash_coordinate_y,ts_crash_latitude,ts_crash_longitude,type_report,urban_rural,weather_code,were_workers_present,work_zone,work_zone_related,work_zone_type
2021,2021-12-03,Friday,15,03:43 PM,Injury,B Injury Crash,1,0,0,1,0,3,Angle,15,N,N,Disregarding Stop Sign,Disregarding Traffic Signals,Daylight,Clear,Dry,Y,,,,,Traffic Signal,Functioning Properly,N,2,41.8815779,-87.7926485,ok,(UNK),1,2107562,2021,,23,25,50000 and OVER,9,4295,Oak Park,C,Urban Major Collector,,16,3,11546201,12,Cook,2,21,,,5,N,No,Free Flow,202101393828,City,1,0,N,,,,(UNK),73340,(N/A),(UNK),No Defects,1,1,Major Collector,5,,X002464791,Not Toll,73,3,4,"Divided, No Median Barrier",2,2943067.01170124,1908313.88881732,41.88157004,-87.79264266,,Urban,1,N,(N/A),Y,(N/A)
2021,2021-12-03,Friday,23,11:47 PM,Injury,B Injury Crash,1,0,0,1,0,5,Turning,10,N,N,Failing to Yield Right of Way,(N/A),Darkness / Lighted Road,Cloudy/Overcast,Dry,Y,,,,,No Controls,No Controls,N,2,41.8798223,-87.7881305,ok,(UNK),1,2107574,2021,,2,99,50000 and OVER,9,4295,Oak Park,C,Urban Minor Arterial,,16,3,11546202,12,Cook,2,21,,,5,N,No,Free Flow,202101393829,City,5,0.01,N,,,,(UNK),73341,(N/A),(UNK),No Defects,1,1,Minor Arterial,4,2650,X002464792,Not Toll,73,1,1,Divided With Median Barrier,3,2944315.15165917,1907708.20235682,41.87981444,-87.78812466,,Urban,8,N,(N/A),Y,(N/A)
2021,2021-12-04,Saturday,20,08:18 PM,Property Damage,No Injuries,0,0,0,0,0,3,Front to Rear,11,N,N,Failing to Reduce Speed to Avoid Crash,(N/A),Darkness / Lighted Road,Clear,Dry,N,,,,,No Controls,No Controls,N,2,41.8703516,-87.8043934,ok,(UNK),1,2107595,2021,,28,99,50000 and OVER,9,4295,Oak Park,C,Urban Other Principal Arte,,16,4,11546203,12,Cook,0,21,,,6,N,No,Slow,202101393830,City,5,20.32,Y,,,,(UNK),73342,(N/A),(UNK),No Defects,1,1,Other Principal Arterial,3,348,X002464793,Not Toll,73,1,1,"Divided, No Median Barrier",2,2939981.14920301,1904134.52448169,41.87034376,-87.80438755,,Urban,1,N,(N/A),Y,(N/A)
2021,2021-12-03,Friday,20,08:01 PM,Property Damage,No Injuries,0,0,0,0,0,2,Front to Rear,11,N,N,Failing to Reduce Speed to Avoid Crash,Unable to Determine,Darkness / Lighted Road,Clear,Dry,N,,,,,Traffic Signal,Functioning Properly,Y,2,41.8901145,-87.8050958,ok,(UNK),1,2107569,2021,,28,18,50000 and OVER,9,4295,Oak Park,C,Urban Other Principal Arte,,16,3,11546207,12,Cook,0,21,,,5,N,No,Free Flow,202101393834,City,5,18.95,Y,,,,(UNK),73384,(N/A),(UNK),No Defects,1,1,Other Principal Arterial,3,348,X002464797,Not Toll,73,3,4,"Divided, No Median Barrier",2,2939591.55210711,1911331.19512193,41.89010661,-87.80508995,,Urban,1,N,(N/A),Y,(N/A)
2021,2021-12-03,Friday,21,09:10 PM,Property Damage,No Injuries,0,0,0,0,0,2,Sideswipe Same Direction,12,N,N,Improper Lane Usage,Improper Overtaking/Passing,Dusk,Clear,Dry,N,,,,,No Controls,No Controls,N,2,41.8916734,-87.8051458,ok,(UNK),1,2101303,2021,,20,4,50000 and OVER,9,4295,Oak Park,C,Urban Other Principal Arte,,16,3,11546209,12,Cook,0,21,,,5,N,No,Free Flow,202101393836,City,3,18.84,Y,,,,(UNK),73386,(N/A),(UNK),No Defects,1,1,Other Principal Arterial,3,348,X002464819,Not Toll,73,1,1,Not Divided,1,2939562.2922347,1911898.93503822,41.89166557,-87.80513995,,Urban,1,N,(N/A),Y,(N/A)
2021,2021-09-30,Thursday,16,04:08 PM,Property Damage,No Injuries,0,0,0,0,0,3,Front to Rear,11,N,N,Failing to Reduce Speed to Avoid Crash,Driving Skills/Knowledge/Experience,Daylight,Clear,Dry,N,,,,,No Controls,No Controls,N,3,41.9089148,-87.8009007,ok,(UNK),1,2106053,2021,,28,15,50000 and OVER,9,4295,Oak Park,C,Urban Other Principal Arte,,16,30,11458480,9,Cook,0,21,,,4,N,No,Stopped,202101311709,City,1,129.43,Y,,,,(UNK),74010,(N/A),(UNK),No Defects,1,1,Other Principal Arterial,3,5064,X002389625,Not Toll,73,1,1,Divided With Median Barrier,3,2940544.80786266,1918213.90046391,41.908907,-87.80089494,,Urban,1,N,(N/A),Y,(N/A)
2021,2021-09-30,Thursday,23,11:07 PM,Injury,B Injury Crash,1,0,0,1,0,1,Pedalcyclist,2,N,Y,Driving Skills/Knowledge/Experience,Driving Skills/Knowledge/Experience,Darkness / Lighted Road,Clear,Dry,N,,,,,No Controls,No Controls,Y,1,41.8970629,-87.805346,ok,(UNK),1,2106057,2021,,15,15,50000 and OVER,9,4295,Oak Park,C,Urban Other Principal Arte,,16,30,11458481,9,Cook,2,21,,,4,N,No,Free Flow,202101311710,City,5,27.23,Y,,,,(UNK),74057,(N/A),(UNK),No Defects,1,1,Other Principal Arterial,3,5043,X002389626,Not Toll,73,1,1,Not Divided,1,2939453.67420317,1913861.47386126,41.89705508,-87.80534024,,Urban,1,N,(N/A),Y,(N/A)
2021,2021-03-04,Thursday,14,02:31 PM,Injury,C Injury Crash,1,0,0,0,1,1,Front to Rear,11,N,N,Failing to Reduce Speed to Avoid Crash,Unable to Determine,Daylight,Clear,Dry,N,,,,,Stop Sign,Functioning Properly,N,2,41.8754185,-87.799684,ok,(UNK),1,2101364,2021,,28,18,50000 and OVER,9,4295,Oak Park,C,Urban Local Road or Street,,16,4,11203755,3,Cook,1,21,,,4,N,No,Free Flow,202101069413,City,1,0,N,,,,(UNK),74933,(N/A),(UNK),No Defects,1,1,Local Road or Street,7,,X002173913,Not Toll,73,2,4,Not Divided,1,2941212.94155067,1906016.34475479,41.87541065,-87.79967819,,Urban,1,N,(N/A),Y,(N/A)
2021,2021-03-03,Wednesday,17,05:04 PM,Property Damage,No Injuries,0,0,0,0,0,2,Sideswipe Same Direction,12,N,N,Improper Overtaking/Passing,(N/A),Daylight,Clear,Dry,N,,,,,No Controls,No Controls,Y,2,41.8688114,-87.7943547,ok,(UNK),1,2101353,2021,,4,99,50000 and OVER,9,4295,Oak Park,C,Urban Local Road or Street,,16,3,11203757,3,Cook,0,21,,,3,N,No,Slow,202101069415,City,1,0.45,N,,,,(UNK),74985,(N/A),(UNK),No Defects,1,1,Local Road or Street,7,4090,X002173919,Not Toll,73,1,1,"Divided, No Median Barrier",2,2942730.98948513,1903648.69044313,41.86880354,-87.79434894,,Urban,1,N,(N/A),Y,(N/A)
2021,2021-11-22,Monday,08,08:35 AM,Property Damage,No Injuries,0,0,0,0,0,2,Front to Rear,11,N,N,Following Too Closely,Failing to Reduce Speed to Avoid Crash,Daylight,Clear,Dry,N,,,,,No Controls,No Controls,N,2,41.8710546,-87.7760839,ok,Partial Access Control,3,03-21-18094,2021,,3,28,50000 and OVER,9,4295,Oak Park,C,Urban InterState,,16,22,11546478,11,Cook,0,21,,,1,N,No,(UNK),202101394173,ISP,1,9.12,Y,,,,(UNK),75030,(N/A),(UNK),No Defects,1,1,InterState,1,290,X002465221,Not Toll,73,1,1,Divided With Median Barrier,3,2947684.96064598,1904604.29714063,41.87104675,-87.77607808,,Urban,1,N,(N/A),Y,(N/A)
2021,2021-12-05,Sunday,03,03:16 AM,Property Damage,No Injuries,0,0,0,0,0,4,Front to Rear,11,N,N,Failing to Reduce Speed to Avoid Crash,(N/A),Darkness / Lighted Road,Clear,Dry,N,,,,,Other Regualtory Sig,Functioning Properly,Y,3,41.8716487,-87.783859,ok,Partial Access Control,3,03-21-18144,2021,,28,99,50000 and OVER,9,4295,Oak Park,C,Urban InterState,,16,5,11546500,12,Cook,0,21,,,7,N,No,(UNK),202101394199,ISP,5,8.73,Y,,,,(UNK),75079,(N/A),(UNK),No Defects,1,1,InterState,1,290,X002465242,Not Toll,,10,4,Divided With Median Barrier,3,2945561.17477581,1904761.89652244,41.87164089,-87.78385321,,Urban,1,N,(N/A),Y,(N/A)
2021,2021-02-26,Friday,22,10:00 PM,Property Damage,No Injuries,0,0,0,0,0,2,Front to Rear,11,N,N,Following Too Closely,Failing to Reduce Speed to Avoid Crash,Darkness / Lighted Road,Clear,Dry,N,,,,,Other,Functioning Properly,N,2,41.870943,-87.7742905,ok,Partial Access Control,3,03-21-03077,2021,,3,28,50000 and OVER,9,4295,Oak Park,C,Urban InterState,,16,26,11203882,2,Cook,0,21,,,5,N,No,(UNK),202101069539,ISP,5,23.09,Y,,,,(UNK),75659,(N/A),(UNK),No Defects,1,1,InterState,1,9290,X002174053,Not Toll,,13,4,Divided With Median Barrier,3,2948174.57371463,1904577.25203757,41.87093517,-87.77428469,,Urban,1,N,(N/A),Y,(N/A)
2021,2021-03-05,Friday,17,05:03 PM,Property Damage,No Injuries,0,0,0,0,0,2,Turning,10,N,N,Failing to Yield Right of Way,Failing to Yield Right of Way,Daylight,Clear,Dry,N,,,,,No Controls,No Controls,N,2,41.8757817,-87.8045899,ok,(UNK),1,21-00736,2021,,2,2,50000 and OVER,9,4295,Oak Park,C,Urban Other Principal Arte,,16,5,11204123,3,Cook,0,21,,,5,N,No,Free Flow,202101069764,City,1,19.94,Y,,,,(UNK),76601,(N/A),(UNK),No Defects,1,1,Other Principal Arterial,3,348,X002174275,Not Toll,73,1,1,"Divided, No Median Barrier",2,2939873.14089911,1906111.8730332,41.87577385,-87.80458406,,Urban,1,N,(N/A),Y,(N/A)
2021,2021-02-26,Friday,11,11:45 AM,Property Damage,No Injuries,0,0,0,0,0,2,Sideswipe Same Direction,12,N,N,Improper Lane Usage,Failing to Reduce Speed to Avoid Crash,Darkness / Lighted Road,Rain,Wet,N,,,,,Other,Functioning Properly,Y,2,41.8709477,-87.7743664,ok,Partial Access Control,3,03-21-02860,2021,,20,28,50000 and OVER,9,4295,Oak Park,C,Urban InterState,,16,26,11204346,2,Cook,0,21,,,5,N,No,(UNK),202101069980,ISP,5,9.21,Y,,,,(UNK),77670,(N/A),(UNK),No Defects,1,2,InterState,1,290,X002174492,Not Toll,,13,4,Divided With Median Barrier,3,2948153.83817991,1904578.39287937,41.87093989,-87.77436064,,Urban,2,N,(N/A),Y,(N/A)
2021,2021-03-06,Saturday,13,01:37 PM,Property Damage,No Injuries,0,0,0,0,0,2,Front to Rear,11,N,N,Following Too Closely,Failing to Reduce Speed to Avoid Crash,Daylight,Clear,Dry,N,,,,,No Controls,No Controls,N,2,41.8650463,-87.8028738,ok,(UNK),1,21-02055,2021,,3,28,50000 and OVER,9,4295,Oak Park,C,Urban Other Principal Arte,,16,6,11205212,3,Cook,0,21,,,6,N,No,Free Flow,202101070914,City,1,0,Y,,,,(UNK),77835,(N/A),(UNK),No Defects,1,1,Other Principal Arterial,3,,X002175347,Not Toll,73,1,1,"Divided, No Median Barrier",2,2940448.30131008,1902212.58929208,41.86503848,-87.80286803,,Urban,1,N,(N/A),Y,(N/A)
2021,2021-02-27,Saturday,11,11:26 AM,Property Damage,No Injuries,0,0,0,0,0,3,Sideswipe Same Direction,12,N,N,Failing to Yield Right of Way,(N/A),Daylight,Clear,Dry,N,,,,,Traffic Signal,Functioning Properly,N,2,41.8650525,-87.8024994,ok,(UNK),1,21-01801,2021,,2,99,50000 and OVER,9,4295,Oak Park,C,Urban Other Principal Arte,,16,27,11205217,2,Cook,0,21,,,6,N,No,Free Flow,202101070919,City,1,6.07,Y,,,,(UNK),77863,(N/A),(UNK),No Defects,1,1,Other Principal Arterial,3,347,X002175352,Not Toll,73,3,4,"Divided, No Median Barrier",2,2940550.24604026,1902217.6320615,41.86504461,-87.80249356,,Urban,1,N,(N/A),Y,(N/A)
2021,2021-06-27,Sunday,18,06:15 PM,Fatal,Fatal Crash,1,1,0,1,0,5,Front to Rear,11,N,N,Failing to Reduce Speed to Avoid Crash,Disregarding Traffic Signals,Daylight,Clear,Dry,N,,,,,Traffic Signal,Functioning Properly,N,3,41.8713612,-87.7805122,ok,Partial Access Control,3,03-21-09077,2021,,28,25,50000 and OVER,9,4295,Oak Park,C,Urban InterState,,16,27,11344758,6,Cook,4,21,,,7,N,No,(UNK),202101210118,ISP,1,0,Y,,,,(UNK),78082,(N/A),(UNK),No Defects,1,1,InterState,1,,X002294027,Not Toll,73,3,4,Ramp,11,2946475.68409368,1904682.46099252,41.87135339,-87.78050637,,Urban,1,N,(N/A),Y,(N/A)
2021,2021-06-29,Tuesday,17,05:30 PM,Property Damage,No Injuries,0,0,0,0,0,2,Front to Rear,11,N,N,Following Too Closely,Unable to Determine,Daylight,Clear,Dry,N,,,,,No Controls,No Controls,N,2,41.872789,-87.7747781,ok,(UNK),3,03-21-09201,2021,,3,18,50000 and OVER,9,4295,Oak Park,C,Urban Local Road or Street,,16,29,11344793,6,Cook,0,21,,,2,N,No,(UNK),202101204983,ISP,1,0.49,N,,,,(UNK),78297,(N/A),(UNK),No Defects,1,1,Local Road or Street,7,4060,X002294062,Not Toll,,1,1,Divided With Median Barrier,3,2948022.99094518,1905246.25687229,41.87278115,-87.77477235,,Urban,1,N,(N/A),Y,(N/A)
2021,2021-11-20,Saturday,02,02:03 AM,Property Damage,No Injuries,0,0,0,0,0,3,Sideswipe Same Direction,12,N,N,Improper Lane Usage,Unable to Determine,Darkness / Lighted Road,Clear,Dry,N,,,,,No Controls,No Controls,Y,3,41.8724844,-87.7922513,ok,Partial Access Control,3,03-21-17316,2021,,20,18,50000 and OVER,9,4295,Oak Park,C,Urban InterState,,16,20,11547155,11,Cook,0,21,,,6,N,No,(UNK),202101394942,ISP,5,22.16,Y,,,,(UNK),78606,(N/A),(UNK),No Defects,1,1,InterState,1,9290,X002465852,Not Toll,73,1,1,Divided With Median Barrier,3,2943266.89276098,1905003.06039443,41.87247658,-87.79224551,,Urban,1,N,(N/A),Y,(N/A)
2021,2021-12-07,Tuesday,08,08:08 AM,Property Damage,No Injuries,0,0,0,0,0,1,Parked Motor Vehicle,9,N,N,Failing to Reduce Speed to Avoid Crash,Unable to Determine,Daylight,Clear,Dry,N,,,,,No Controls,No Controls,N,2,41.9017765,-87.7948573,ok,(UNK),1,2107626,2021,,28,18,50000 and OVER,9,4295,Oak Park,C,Urban Major Collector,,16,7,11548197,12,Cook,0,21,,,2,N,No,Free Flow,202101395934,City,1,4.6,N,,,,(UNK),78933,(N/A),(UNK),No Defects,1,1,Major Collector,5,2775,X002466358,Not Toll,73,1,1,Not Divided,1,2942261.88755155,1915658.00472416,41.90176866,-87.79485153,,Urban,1,N,(N/A),Y,(N/A)
2021,2021-06-23,Wednesday,18,06:15 PM,Property Damage,No Injuries,0,0,0,0,0,3,Front to Rear,11,N,N,Following Too Closely,Failing to Reduce Speed to Avoid Crash,Daylight,Clear,Dry,N,,,,,Other,Functioning Properly,N,3,41.8726044,-87.7936268,ok,Partial Access Control,3,03-21-08886,2021,,3,28,50000 and OVER,9,4295,Oak Park,C,Urban InterState,,16,23,11345838,6,Cook,0,21,,,3,N,No,(UNK),202101205661,ISP,1,22.09,Y,,,,(UNK),79517,(N/A),(UNK),No Defects,1,1,InterState,1,9290,X002294716,Not Toll,73,13,4,Divided With Median Barrier,3,2942891.04953765,1905036.41809775,41.87259656,-87.79362096,,Urban,1,N,(N/A),Y,(N/A)
2021,2021-12-07,Tuesday,16,04:36 PM,Property Damage,No Injuries,0,0,0,0,0,2,Angle,15,N,N,Disregarding Stop Sign,Failing to Yield Right of Way,Darkness,Clear,Dry,Y,,,,,Stop Sign,Functioning Properly,N,2,41.8725478,-87.7890958,ok,(UNK),1,2107644,2021,,23,2,50000 and OVER,9,4295,Oak Park,C,Urban Minor Collector,,16,7,11547932,12,Cook,0,21,,,2,N,No,Free Flow,202101395584,City,4,0,N,,,,(UNK),79982,(N/A),(UNK),No Defects,1,1,Minor Collector,6,,X002466339,Not Toll,73,2,4,Not Divided,1,2944125.72260184,1905049.97409584,41.87254,-87.78909,,Urban,1,N,(N/A),Y,(N/A)
2021,2021-11-29,Monday,16,04:40 PM,Property Damage,No Injuries,0,0,0,0,0,2,Front to Rear,11,N,N,Failing to Yield Right of Way,Improper Lane Usage,Darkness,Clear,Dry,N,,,,,No Controls,No Controls,Y,2,41.8730183,-87.7996296,ok,Partial Access Control,3,03-21-17854,2021,,2,20,50000 and OVER,9,4295,Oak Park,C,Urban InterState,,16,29,11547440,11,Cook,0,21,,,1,N,No,(UNK),202101395238,ISP,4,7.93,Y,,,,(UNK),80021,(N/A),(UNK),No Defects,1,1,InterState,1,290,X002466125,Not Toll,,1,1,Divided With Median Barrier,3,2941251.90252282,1905142.08537799,41.87301047,-87.79962375,,Urban,1,N,(N/A),Y,(N/A)
2021,2021-02-17,Wednesday,10,10:00 AM,Property Damage,No Injuries,0,0,0,0,0,2,Sideswipe Same Direction,12,N,N,Improper Lane Usage,Driving Skills/Knowledge/Experience,Daylight,Clear,Wet,N,,,,,Other Regualtory Sig,Functioning Properly,N,2,41.8716709,-87.7841988,ok,Partial Access Control,3,03-21-02408,2021,,20,15,50000 and OVER,9,4295,Oak Park,C,Urban InterState,,16,17,11205695,2,Cook,0,21,,,3,N,No,(UNK),202101071380,ISP,1,22.59,Y,,,,(UNK),80113,(N/A),(UNK),No Defects,1,2,InterState,1,9290,X002175813,Not Toll,73,10,4,Divided With Median Barrier,3,2945468.3942494,1904767.39648766,41.87166304,-87.78419302,,Urban,1,N,(N/A),Y,(N/A)
2021,2021-03-06,Saturday,18,06:41 PM,Property Damage,No Injuries,0,0,0,0,0,2,Sideswipe Same Direction,12,N,N,Unable to Determine,Unable to Determine,Darkness / Lighted Road,Clear,Dry,N,,,,,Stop Sign,Functioning Properly,N,2,41.8650271,-87.8042534,ok,(UNK),1,21-0750,2021,,18,18,50000 and OVER,9,4295,Oak Park,C,Urban Other Principal Arte,,16,6,11205546,3,Cook,0,21,,,6,N,No,Free Flow,202101071234,City,5,0,Y,,,,(UNK),80319,(N/A),(UNK),No Defects,1,1,Other Principal Arterial,3,,X002175667,Not Toll,52,2,4,Not Divided,1,2940072.70454354,1902195.24212958,41.86501928,-87.80424757,,Urban,1,N,(N/A),Y,(N/A)
2021,2021-11-08,Monday,16,04:35 PM,Property Damage,No Injuries,0,0,0,0,0,2,Angle,15,N,N,Failing to Reduce Speed to Avoid Crash,Unable to Determine,Daylight,Clear,Dry,Y,,,,,Stop Sign,Functioning Properly,N,2,41.8763398,-87.7794534,ok,(UNK),1,2106989,2021,,28,18,50000 and OVER,9,4295,Oak Park,C,Urban Minor Collector,,16,8,11547493,11,Cook,0,21,,,1,N,No,Free Flow,202101395318,City,1,0,N,,,,(UNK),80343,(N/A),(UNK),No Defects,1,1,Minor Collector,6,,X002466050,Not Toll,73,2,4,"Divided, No Median Barrier",2,2946713.56796909,1906504.78285787,41.876332,-87.77944765,,Urban,1,N,(N/A),Y,(N/A)
2021,2021-12-06,Monday,20,08:58 PM,Property Damage,No Injuries,0,0,0,0,0,2,Turning,10,N,N,Improper Turning/No Signal,(N/A),Darkness / Lighted Road,Clear,Dry,Y,,,,,Stop Sign,Functioning Properly,N,2,41.878067,-87.7856032,ok,(UNK),1,2107623,2021,,6,99,50000 and OVER,9,4295,Oak Park,C,Urban Local Road or Street,,16,6,11547510,12,Cook,0,21,,,1,N,No,Free Flow,202101395328,City,5,0,N,,,,(UNK),80345,(N/A),(UNK),No Defects,1,1,Local Road or Street,7,,X002466048,Not Toll,73,2,4,Not Divided,1,2945021.17555667,1907087.6558259,41.8780592,-87.78559742,,Urban,1,N,(N/A),Y,(N/A)
2021,2021-09-25,Saturday,08,08:00 AM,Property Damage,No Injuries,0,0,0,0,0,2,Front to Rear,11,N,N,Following Too Closely,Failing to Reduce Speed to Avoid Crash,Daylight,Clear,Dry,N,,,,,Other Regualtory Sig,Functioning Properly,N,2,41.8720505,-87.7854401,ok,Partial Access Control,3,03-21-14089,2021,,3,28,50000 and OVER,9,4295,Oak Park,C,Urban InterState,,16,25,11460654,9,Cook,0,21,,,6,N,No,(UNK),202101313825,ISP,1,22.52,Y,,,,(UNK),80896,(N/A),(UNK),No Defects,1,1,InterState,1,9290,X002391724,Not Toll,73,10,4,Divided With Median Barrier,3,2945126.4515852,1904896.3514531,41.87204266,-87.78543434,,Urban,1,N,(N/A),Y,(N/A)
2021,2021-09-25,Saturday,11,11:50 AM,Property Damage,No Injuries,0,0,0,0,0,3,Front to Rear,11,N,N,Following Too Closely,Failing to Reduce Speed to Avoid Crash,Daylight,Clear,Dry,N,,,,,Other Regualtory Sig,Functioning Properly,N,3,41.8709985,-87.7755405,ok,Partial Access Control,3,03-21-14099,2021,,3,28,50000 and OVER,9,4295,Oak Park,C,Urban InterState,,16,25,11460655,9,Cook,0,21,,,6,N,No,(UNK),202101313826,ISP,1,9.15,Y,,,,(UNK),80897,(N/A),(UNK),No Defects,1,1,InterState,1,290,X002391725,Not Toll,,10,4,Divided With Median Barrier,3,2947833.52782722,1904587.99563649,41.8709907,-87.77553473,,Urban,1,N,(N/A),Y,(N/A)
2021,2021-09-15,Wednesday,20,08:00 PM,Property Damage,No Injuries,0,0,0,0,0,3,Front to Rear,11,N,N,Following Too Closely,Failing to Reduce Speed to Avoid Crash,Darkness / Lighted Road,Clear,Dry,N,,,,,Other,Functioning Properly,N,3,41.8735077,-87.8045173,ok,Partial Access Control,3,03-21-13665,2021,,3,28,50000 and OVER,9,4295,Oak Park,C,Urban InterState,,16,15,11460178,9,Cook,0,21,,,3,N,No,(UNK),202101313363,ISP,5,21.58,Y,,,,(UNK),80906,(N/A),(UNK),No Defects,1,1,InterState,1,9290,X002391270,Not Toll,73,13,4,Divided With Median Barrier,3,2939915.71054685,1905283.73579106,41.87349987,-87.80451154,,Urban,1,N,(N/A),Y,(N/A)
2021,2021-10-01,Friday,11,11:42 AM,Property Damage,No Injuries,0,0,0,0,0,2,Angle,15,N,N,Failing to Reduce Speed to Avoid Crash,Unable to Determine,Daylight,Clear,Dry,Y,,,,,Stop Sign,Functioning Properly,Y,2,41.8798906,-87.7832178,ok,(UNK),1,2106065,2021,,28,18,50000 and OVER,9,4295,Oak Park,C,Urban Minor Arterial,,16,1,11461115,10,Cook,0,21,,,5,N,No,Slow,202101314239,City,1,0.01,N,,,,(UNK),81488,(N/A),(UNK),No Defects,1,1,Minor Arterial,4,2635,X002392109,Not Toll,73,2,4,"Divided, No Median Barrier",2,2945652.38053841,1907770.25266625,41.8798828,-87.78321198,,Urban,1,N,(N/A),Y,(N/A)
2021,2021-09-29,Wednesday,17,05:00 PM,Property Damage,No Injuries,0,0,0,0,0,1,Parked Motor Vehicle,9,N,N,Failing to Yield Right of Way,Unable to Determine,Unknown,Clear,Dry,N,,,,,No Controls,No Controls,N,2,41.88172,-87.7844264,ok,(UNK),1,2106069,2021,,2,18,50000 and OVER,9,4295,Oak Park,C,Urban Major Collector,,16,29,11461117,9,Cook,0,21,,,3,N,No,Free Flow,202101314240,City,9,1.03,N,,,,(UNK),81489,(N/A),(UNK),No Defects,1,1,Major Collector,5,5,X002392112,Not Toll,73,1,1,Not Divided,1,2945304.71981892,1908427.76391579,41.88171217,-87.78442056,,Urban,1,N,(N/A),Y,(N/A)
2021,2021-10-03,Sunday,15,03:30 PM,Property Damage,No Injuries,0,0,0,0,0,3,Front to Rear,11,N,N,Failing to Reduce Speed to Avoid Crash,Unable to Determine,Daylight,Clear,Dry,N,,,,,No Controls,No Controls,N,2,41.8897787,-87.7749749,ok,(UNK),1,2106115,2021,,28,18,50000 and OVER,9,4295,Oak Park,C,Urban Minor Arterial,,16,3,11460427,10,Cook,0,21,,,7,N,No,Slow,202101313608,City,1,7.01,N,,,,(UNK),82238,(N/A),(UNK),No Defects,1,1,Minor Arterial,4,2790,X002391508,Not Toll,,1,1,Not Divided,1,2947796.75717266,1911436.12774909,41.88977084,-87.77496913,,Urban,1,N,(N/A),Y,(N/A)
2021,2021-03-04,Thursday,14,02:20 PM,Injury,B Injury Crash,2,0,0,2,0,2,Front to Rear,11,N,N,Failing to Reduce Speed to Avoid Crash,(N/A),Daylight,Clear,Dry,Y,,,,,Flashing Control Sig,Functioning Properly,N,2,41.9087836,-87.8057828,ok,(UNK),1,2100221,2021,,28,99,50000 and OVER,9,4295,Oak Park,C,Urban Other Principal Arte,,16,4,11207141,3,Cook,2,21,,,4,N,No,Slow,202101072257,City,1,28.04,Y,,,,(UNK),82480,(N/A),(UNK),No Defects,1,1,Other Principal Arterial,3,5043,X002176563,Not Toll,73,15,4,Not Divided,1,2939217.15400692,1918129.42300251,41.90877572,-87.80577698,,Urban,1,N,(N/A),Y,(N/A)
2021,2021-10-01,Friday,14,02:00 PM,Property Damage,No Injuries,0,0,0,0,0,4,Front to Rear,11,N,N,Failing to Reduce Speed to Avoid Crash,Following Too Closely,Daylight,Clear,Dry,N,,,,,No Controls,No Controls,Y,4,41.9092379,-87.7767282,ok,(UNK),1,2106077,2021,,28,3,50000 and OVER,9,4295,Oak Park,C,Urban Other Principal Arte,,16,1,11461669,10,Cook,0,21,,,5,N,No,Slow,202101314753,City,1,7.42,Y,,,,(UNK),83059,(N/A),(UNK),No Defects,1,1,Other Principal Arterial,3,307,X002392241,Not Toll,73,1,1,"Divided, No Median Barrier",2,2947121.69456371,1918514.12252631,41.90923,-87.77672238,,Urban,1,N,(N/A),Y,(N/A)
2021,2021-10-01,Friday,20,08:05 PM,Property Damage,No Injuries,0,0,0,0,0,3,Front to Rear,11,N,N,Distraction - From Outside Vehicle,(N/A),Darkness,Clear,Dry,N,,,,,No Controls,No Controls,N,2,41.8671381,-87.7840158,ok,(UNK),1,2106079,2021,,40,99,50000 and OVER,9,4295,Oak Park,C,Urban Major Collector,,16,1,11461670,10,Cook,0,21,,,5,N,No,Stopped,202101314754,City,4,0,N,,,,(UNK),83060,(N/A),(UNK),No Defects,1,1,Major Collector,5,,X002392244,Not Toll,73,1,1,"Divided, No Median Barrier",2,2945564.11589422,1903116.943776,41.86713023,-87.78401001,,Urban,1,N,(N/A),Y,(N/A)