crash_year,crash_date,day_of_week,crash_hour,time_of_crash,crash_severity,crash_injury_severity,total_injured,total_fatals,a_injuries,b_injuries,c_injuries,no_injuries,type_of_first_crash,collision_type_code,pedestrian_involved,pedalcyclist_involved,cause1,cause2,lighting_cond,weather_cond,road_surface_cond,intersection_related,is_intersection,highway_or_street_name,at_intersection_with,address_no,traffic_control_device,traffic_control_device_cond,hit_and_run,number_of_vehicles,latitude,longitude,location_status,access_control,agency_code,agency_report_number,agency_report_year,alignment_code,cause1_code,cause2_code,city_class,city_class_code,city_code,city_name,city_township_flag,class_of_trafficway,class_of_trafficway_code,county_code,crash_day,crash_id,crash_month,crash_report_county,crash_severity_cd,crash_yr_source,damaged_property1,damaged_property2,day_of_week_code,did_crash_occur_in_work_zone,did_involve_secondary_crash,flow_condition,icn,investigating_agency_descrip,light_condition_code,mile_station,nhs,non_intersection_direction,non_intersection_distance,non_intersection_units,number_of_lanes,objectid,railroad_crossing_number,road_alignment,road_defects,road_defects_code,road_surface_condition_code,roadway_functional_class,roadway_functional_class_code,route_number,sfe,toll,township,traffic_control_device_code,traffic_control_device_cond_code,trafficway_descrip,trafficway_description_code,ts_crash_coordinate_x,ts_crash_coordinate_y,ts_crash_latitude,ts_crash_longitude,type_report,urban_rural,weather_code,were_workers_present,work_zone,work_zone_related,work_zone_type
2021,2021-02-27,Saturday,13,01:35 PM,Property Damage,No Injuries,0,0,0,0,0,1,Parked Motor Vehicle,9,N,N,Failing to Yield Right of Way,Failing to Reduce Speed to Avoid Crash,Unknown,Unknown,Unknown,N,,,,,No Controls,No Controls,Y,2,41.8813048,-87.7812323,ok,(UNK),1,2101259,2021,,2,28,50000 and OVER,9,4295,Oak Park,C,Urban Local Road or Street,,16,27,11207865,2,Cook,0,21,,,6,N,No,Slow,202101072934,City,9,0.18,N,,,,(UNK),83751,(N/A),(UNK),No Defects,1,9,Local Road or Street,7,2630,X002177235,Not Toll,73,1,1,"Divided, No Median Barrier",2,2946178.76465857,1908300.63416663,41.88129698,-87.78122653,,Urban,9,N,(N/A),Y,(N/A)
2021,2021-03-08,Monday,21,09:22 PM,Injury,A Injury Crash,1,0,1,0,0,2,Pedestrian,1,Y,N,Disregarding Traffic Signals,Failing to Reduce Speed to Avoid Crash,Darkness,Clear,Dry,Y,,,,,Traffic Signal,Functioning Properly,N,1,41.8736407,-87.8045184,ok,Partial Access Control,1,21-0078,2021,,25,28,50000 and OVER,9,4295,Oak Park,C,Urban InterState,,16,8,11207471,3,Cook,3,21,,,1,N,No,Free Flow,202101072565,City,4,25.61,Y,,,,(UNK),84233,(N/A),(UNK),No Defects,1,1,InterState,1,5043,X002176888,Not Toll,73,3,4,Divided With Median Barrier,3,2939914.07596411,1905332.19966694,41.87363288,-87.80451264,,Urban,1,N,(N/A),Y,(N/A)
2021,2021-10-02,Saturday,06,06:08 AM,Property Damage,No Injuries,0,0,0,0,0,1,Parked Motor Vehicle,9,N,N,Failing to Reduce Speed to Avoid Crash,Unable to Determine,Darkness,Rain,Wet,N,,,,,No Controls,No Controls,N,2,41.8786251,-87.7844008,ok,(UNK),1,2106083,2021,,28,18,50000 and OVER,9,4295,Oak Park,C,Urban Major Collector,,16,2,11462341,10,Cook,0,21,,,6,N,Yes,Free Flow,202101315360,City,4,1.61,N,,,,(UNK),84458,(N/A),(UNK),No Defects,1,2,Major Collector,5,2783,X002393196,Not Toll,73,1,1,Not Divided,1,2945343.00127094,1907300.12874904,41.8786173,-87.78439501,,Urban,2,N,(N/A),Y,(N/A)
2021,2021-02-27,Saturday,14,02:40 PM,Property Damage,No Injuries,0,0,0,0,0,5,Front to Rear,11,N,N,Failing to Reduce Speed to Avoid Crash,Following Too Closely,Daylight,Clear,Dry,N,,,,,No Controls,No Controls,N,3,41.8942278,-87.8041167,ok,(UNK),1,2101261,2021,,28,3,50000 and OVER,9,4295,Oak Park,C,Urban Minor Arterial,,16,27,11208064,2,Cook,0,21,,,6,N,Yes,Slow,202101073114,City,1,2.61,N,,,,(UNK),84529,(N/A),(UNK),No Defects,1,1,Minor Arterial,4,1398,X002177405,Not Toll,73,1,1,Not Divided,1,2939816.83418053,1912837.53505756,41.89422,-87.80411095,,Urban,1,N,(N/A),Y,(N/A)
2021,2021-11-26,Friday,13,01:23 PM,Property Damage,No Injuries,0,0,0,0,0,2,Front to Rear,11,N,N,Failing to Reduce Speed to Avoid Crash,Unable to Determine,Daylight,Clear,Dry,N,,,,,No Controls,No Controls,Y,2,41.8799393,-87.7809966,ok,(UNK),1,2107408,2021,,28,18,50000 and OVER,9,4295,Oak Park,C,Urban Minor Arterial,,16,26,11548930,11,Cook,0,21,,,5,N,No,Free Flow,202101396669,City,1,4.3,N,,,,(UNK),84621,(N/A),(UNK),No Defects,1,1,Minor Arterial,4,1419,X002467194,Not Toll,73,1,1,Not Divided,1,2946256.78919771,1907804.80554301,41.87993148,-87.78099085,,Urban,1,N,(N/A),Y,(N/A)
2021,2021-03-09,Tuesday,11,11:53 AM,Property Damage,No Injuries,0,0,0,0,0,2,Front to Rear,11,N,N,Failing to Reduce Speed to Avoid Crash,Unable to Determine,Daylight,Clear,Dry,Y,,,,,Traffic Signal,Functioning Properly,N,2,41.87231,-87.8044667,ok,(UNK),1,21-00787,2021,,28,18,50000 and OVER,9,4295,Oak Park,C,Urban Other Principal Arte,,16,9,11208116,3,Cook,0,21,,,2,N,No,Slow,202101073159,City,1,25.52,Y,,,,(UNK),84691,(N/A),(UNK),No Defects,1,1,Other Principal Arterial,3,5043,X002177452,Not Toll,73,3,4,Divided With Median Barrier,3,2939941.51592461,1904847.65538718,41.87230218,-87.80446092,,Urban,1,N,(N/A),Y,(N/A)
2021,2021-12-08,Wednesday,08,08:56 AM,Property Damage,No Injuries,0,0,0,0,0,2,Front to Rear,11,N,N,Failing to Reduce Speed to Avoid Crash,(N/A),Daylight,Clear,Dry,N,,,,,Other Regualtory Sig,Functioning Properly,N,2,41.873196,-87.7988223,ok,Partial Access Control,3,03-21-18320,2021,,28,99,50000 and OVER,9,4295,Oak Park,C,Urban InterState,,16,8,11549419,12,Cook,0,21,,,3,N,No,(UNK),202101397107,ISP,1,21.82,Y,,,,(UNK),84892,(N/A),(UNK),No Defects,1,1,InterState,1,9290,X002467532,Not Toll,73,10,4,Divided With Median Barrier,3,2941469.99273448,1905212.90752972,41.87318816,-87.79881647,,Urban,1,N,(N/A),Y,(N/A)
2021,2021-07-05,Monday,00,00:49 AM,Property Damage,No Injuries,0,0,0,0,0,2,Other Object,7,N,N,Driving Skills/Knowledge/Experience,Unable to Determine,Darkness / Lighted Road,Clear,Dry,N,,,,,No Controls,No Controls,N,1,,,missing,(UNK),1,2103982,2021,,15,18,50000 and OVER,9,4295,Oak Park,C,(UNK),8,16,5,11348564,7,Cook,0,21,,,1,N,No,Free Flow,202101208316,City,5,0,N,,,,(UNK),85281,(N/A),(UNK),No Defects,1,1,(UNK),0,0,X002294780,No Toll,,1,1,Not Divided,1,0,0,,,,(UNK),1,N,(N/A),Y,(N/A)
2021,2021-07-05,Monday,04,04:57 AM,Property Damage,No Injuries,0,0,0,0,0,1,Fixed Object,6,N,N,Equipment-Vehicle Condition,(N/A),Daylight,Clear,Dry,N,,,,,Traffic Signal,Functioning Properly,N,1,41.8945631,-87.7851288,ok,(UNK),1,2103985,2021,,10,99,50000 and OVER,9,4295,Oak Park,C,Urban Minor Arterial,,16,5,11348565,7,Cook,0,21,VOP TREE ON PARKWAY,,1,N,No,Free Flow,202101208317,City,1,3.62,N,,,,(UNK),85282,(N/A),(UNK),No Defects,1,1,Minor Arterial,4,1398,X002294792,Not Toll,73,3,4,Not Divided,1,2944983.44477527,1913102.72151148,41.89455527,-87.78512305,,Urban,1,N,(N/A),Y,(N/A)
2021,2021-07-06,Tuesday,07,07:54 AM,Property Damage,No Injuries,0,0,0,0,0,2,Turning,10,N,N,Failing to Reduce Speed to Avoid Crash,(N/A),Daylight,Clear,Dry,N,,,,,No Controls,No Controls,N,2,41.8882546,-87.7823034,ok,(UNK),1,2104006,2021,,28,99,50000 and OVER,9,4295,Oak Park,C,Urban Major Collector,,16,6,11348566,7,Cook,0,21,,,2,N,No,Free Flow,202101208318,City,1,0.97,N,,,,(UNK),85283,(N/A),(UNK),No Defects,1,1,Major Collector,5,1405,X002294793,Not Toll,73,1,1,Not Divided,1,2945816.66426664,1910825.16457901,41.88824678,-87.78229762,,Urban,1,N,(N/A),Y,(N/A)
2021,2021-06-14,Monday,17,05:30 PM,Property Damage,No Injuries,0,0,0,0,0,1,Parked Motor Vehicle,9,N,N,Failing to Yield Right of Way,Failing to Reduce Speed to Avoid Crash,Daylight,Clear,Dry,N,,,,,No Controls,No Controls,Y,2,41.8854071,-87.8047311,ok,(UNK),1,2103497,2021,,2,28,50000 and OVER,9,4295,Oak Park,C,Urban Local Road or Street,,16,14,11348601,6,Cook,0,21,,,1,N,No,Slow,202101208329,City,1,0.01,N,,,,(UNK),85323,(N/A),(UNK),No Defects,1,1,Local Road or Street,7,3030,X002296021,Not Toll,73,1,1,"Divided, No Median Barrier",2,2939738.07683056,1909618.49154636,41.88539928,-87.80472534,,Urban,1,N,(N/A),Y,(N/A)
2021,2021-06-29,Tuesday,14,02:49 PM,Property Damage,No Injuries,0,0,0,0,0,1,Parked Motor Vehicle,9,N,N,Improper Backing,Failing to Yield Right of Way,Daylight,Rain,Wet,N,,,,,No Controls,No Controls,Y,2,41.8808847,-87.7943131,ok,(UNK),1,2103860,2021,,30,2,50000 and OVER,9,4295,Oak Park,C,Urban Major Collector,,16,29,11348603,6,Cook,0,21,,,2,N,No,Slow,202101208331,City,1,6.08,N,,,,(UNK),85388,(N/A),(UNK),No Defects,1,2,Major Collector,5,2775,X002296028,Not Toll,73,1,1,"Divided, No Median Barrier",2,2942620.65280642,1908048.75086149,41.8808769,-87.79430733,,Urban,2,N,(N/A),Y,(N/A)
2021,2021-07-07,Wednesday,00,00:36 AM,Injury,B Injury Crash,1,0,0,1,0,1,Pedestrian,1,Y,N,Disregarding Yield Sign,Failing to Yield Right of Way,Darkness,Clear,Dry,N,,,,,Pedestrian Crossing,Functioning Properly,Y,1,41.8906195,-87.8002682,ok,(UNK),1,2104021,2021,,22,2,50000 and OVER,9,4295,Oak Park,C,Urban Local Road or Street,,16,7,11348606,7,Cook,2,21,,,3,N,No,Free Flow,202101208335,City,4,0,N,,,,(UNK),85389,(N/A),(UNK),No Defects,1,1,Local Road or Street,7,,X002296038,Not Toll,73,17,4,Divided With Median Barrier,3,2940900.99912114,1911551.47218059,41.89061164,-87.80026239,,Urban,1,N,(N/A),Y,(N/A)
2021,2021-07-07,Wednesday,10,10:41 AM,Property Damage,No Injuries,0,0,0,0,0,2,Front to Rear,11,N,N,Failing to Reduce Speed to Avoid Crash,(N/A),Daylight,Clear,Dry,N,,,,,Traffic Signal,Functioning Properly,Y,2,41.8883706,-87.7846974,ok,(UNK),1,2104026,2021,,28,99,50000 and OVER,9,4295,Oak Park,C,Urban Major Collector,,16,7,11348616,7,Cook,0,21,,,3,N,No,Stopped,202101208339,City,1,0.93,N,,,,(UNK),85390,(N/A),(UNK),No Defects,1,1,Major Collector,5,2783,X002296956,Not Toll,73,3,4,Not Divided,1,2945163.60477589,1910849.3284923,41.8883628,-87.78469158,,Urban,1,N,(N/A),Y,(N/A)
2021,2021-07-07,Wednesday,14,02:34 PM,Property Damage,No Injuries,0,0,0,0,0,3,Turning,10,N,N,Failing to Yield Right of Way,(N/A),Daylight,Clear,Dry,N,,,,,No Controls,No Controls,Y,2,41.8886269,-87.7937393,ok,(UNK),1,2104030,2021,,2,99,50000 and OVER,9,4295,Oak Park,C,Urban Major Collector,,16,7,11348617,7,Cook,0,21,,,3,N,No,Free Flow,202101208340,City,1,0.39,N,,,,(UNK),85391,(N/A),(UNK),No Defects,1,1,Major Collector,5,1405,X002296961,Not Toll,73,1,1,"Divided, No Median Barrier",2,2942698.85932134,1910874.44644898,41.88861902,-87.79373354,,Urban,1,N,(N/A),Y,(N/A)
2021,2021-07-07,Wednesday,16,04:55 PM,Property Damage,No Injuries,0,0,0,0,0,2,Angle,15,N,N,Failing to Yield Right of Way,Disregarding Stop Sign,Daylight,Cloudy/Overcast,Dry,Y,,,,,Stop Sign,Functioning Properly,N,2,41.881568,-87.7956351,ok,(UNK),1,2104035,2021,,2,23,50000 and OVER,9,4295,Oak Park,C,Urban Major Collector,,16,7,11348619,7,Cook,0,21,,,3,N,No,Free Flow,202101208342,City,1,0,N,,,,(UNK),85392,(N/A),(UNK),No Defects,1,1,Major Collector,5,,X002296968,Not Toll,73,2,4,Not Divided,1,2942253.73821151,1908287.79123213,41.88156016,-87.79562934,,Urban,8,N,(N/A),Y,(N/A)
2021,2021-11-28,Sunday,18,06:35 PM,Property Damage,No Injuries,0,0,0,0,0,3,Front to Rear,11,N,N,Failing to Reduce Speed to Avoid Crash,(N/A),Darkness / Lighted Road,Clear,Dry,N,,,,,Other,Functioning Properly,Y,2,41.8736303,-87.8028704,ok,Partial Access Control,3,03-21-17796,2021,,28,99,50000 and OVER,9,4295,Oak Park,C,Urban InterState,,16,28,11549585,11,Cook,0,21,,,7,N,No,(UNK),202101397315,ISP,5,21.66,Y,,,,(UNK),85650,(N/A),(UNK),No Defects,1,1,InterState,1,9290,X002467687,Not Toll,73,13,4,Divided With Median Barrier,3,2940363.04834482,1905340.76630391,41.87362246,-87.80286461,,Urban,1,N,(N/A),Y,(N/A)
2021,2021-07-07,Wednesday,09,09:05 AM,Property Damage,No Injuries,0,0,0,0,0,1,Parked Motor Vehicle,9,N,N,Improper Turning/No Signal,(N/A),Daylight,Clear,Dry,Y,,,,,Traffic Signal,Functioning Properly,N,3,41.8886478,-87.7945158,ok,(UNK),1,2104025,2021,,6,99,50000 and OVER,9,4295,Oak Park,C,Urban Major Collector,,16,7,11348712,7,Cook,0,21,,,3,N,No,Free Flow,202101208440,City,1,0,N,,,,(UNK),85881,(N/A),(UNK),No Defects,1,1,Major Collector,5,,X002296954,Not Toll,73,3,4,Four Way,14,2942487.21505209,1910876.24361126,41.88864,-87.79451,,Urban,1,N,(N/A),Y,(N/A)
2021,2021-11-22,Monday,18,06:05 PM,Property Damage,No Injuries,0,0,0,0,0,3,Front to Rear,11,N,N,Following Too Closely,Failing to Reduce Speed to Avoid Crash,Darkness,Clear,Dry,N,,,,,Other Regualtory Sig,Functioning Properly,N,3,41.8715001,-87.7787417,ok,Partial Access Control,3,03-21-17485,2021,,3,28,50000 and OVER,9,4295,Oak Park,C,Urban InterState,,16,22,11549730,11,Cook,0,21,,,1,N,No,(UNK),202101397473,ISP,4,22.86,Y,,,,(UNK),86146,(N/A),(UNK),No Defects,1,1,InterState,1,9290,X002467824,Not Toll,73,10,4,Divided With Median Barrier,3,2946956.5,1904746.5,41.8714923,-87.77873594,,Urban,1,N,(N/A),Y,(N/A)
2021,2021-06-29,Tuesday,08,08:17 AM,Property Damage,No Injuries,0,0,0,0,0,2,Turning,10,N,N,Failing to Reduce Speed to Avoid Crash,(N/A),Daylight,Rain,Wet,N,,,,,No Controls,No Controls,Y,2,41.8652077,-87.7912964,ok,(UNK),1,2103851,2021,,28,99,50000 and OVER,9,4295,Oak Park,C,Urban Other Principal Arte,,16,29,11348348,6,Cook,0,21,,,2,N,No,Stopped,202101208248,City,1,0,Y,,,,(UNK),86501,(N/A),(UNK),No Defects,1,2,Other Principal Arterial,3,,X002288356,Not Toll,52,1,1,Not Divided,1,2943600.40836376,1902358.48144735,41.86519983,-87.79129057,,Urban,2,N,(N/A),Y,(N/A)
2021,2021-06-29,Tuesday,23,11:51 PM,Property Damage,No Injuries,0,0,0,0,0,1,Parked Motor Vehicle,9,N,N,(N/A),(N/A),Darkness / Lighted Road,Clear,Dry,N,,,,,Stop Sign,Functioning Properly,Y,2,41.903226,-87.8009938,ok,(UNK),1,2103872,2021,,99,99,50000 and OVER,9,4295,Oak Park,C,Urban Local Road or Street,,16,29,11348350,6,Cook,0,21,,,2,N,No,Free Flow,202101208250,City,5,0.18,N,,,,(UNK),86502,(N/A),(UNK),No Defects,1,1,Local Road or Street,7,2039,X002288358,Not Toll,73,2,4,Not Divided,1,2940576.68417937,1916140.05804124,41.9032181,-87.80098798,,Urban,1,N,(N/A),Y,(N/A)
2021,2021-06-27,Sunday,21,09:00 PM,Property Damage,No Injuries,0,0,0,0,0,1,Parked Motor Vehicle,9,N,N,Unable to Determine,Failing to Reduce Speed to Avoid Crash,Darkness / Lighted Road,Clear,Dry,N,,,,,Traffic Signal,Functioning Properly,Y,2,41.8653464,-87.7836098,ok,(UNK),1,2103864,2021,,18,28,50000 and OVER,9,4295,Oak Park,C,Urban Other Principal Arte,,16,27,11348353,6,Cook,0,21,,,7,N,No,Stopped,202101208253,City,5,7.05,Y,,,,(UNK),86504,(N/A),(UNK),No Defects,1,1,Other Principal Arterial,3,347,X002288660,Not Toll,52,3,4,Not Divided,1,2945692.83468816,1902467.08069714,41.86533851,-87.78360404,,Urban,1,N,(N/A),Y,(N/A)
2021,2021-06-29,Tuesday,21,09:00 PM,Injury,B Injury Crash,1,0,0,1,0,1,Pedestrian,1,Y,N,Failing to Yield Right of Way,Unable to Determine,Darkness / Lighted Road,Clear,Dry,N,,,,,No Controls,No Controls,Y,1,41.872228,-87.8044628,ok,(UNK),1,2103870,2021,,2,18,50000 and OVER,9,4295,Oak Park,C,Urban Other Principal Arte,,16,29,11348354,6,Cook,2,21,,,2,N,No,Free Flow,202101208254,City,5,20.19,Y,,,,(UNK),86505,(N/A),(UNK),No Defects,1,1,Other Principal Arterial,3,348,X002288661,Not Toll,73,1,1,Not Divided,1,2939943.41801514,1904817.77923191,41.87222011,-87.80445696,,Urban,1,N,(N/A),Y,(N/A)
2021,2021-06-29,Tuesday,13,01:00 PM,Property Damage,No Injuries,0,0,0,0,0,2,Angle,15,N,N,Failing to Yield Right of Way,Unable to Determine,Daylight,Clear,Dry,Y,,,,,Stop Sign,Functioning Properly,N,2,41.8779416,-87.7941772,ok,(UNK),1,2103858,2021,,2,18,50000 and OVER,9,4295,Oak Park,C,Urban Major Collector,,16,29,11348359,6,Cook,0,21,,,2,N,No,Free Flow,202101208255,City,1,0,N,,,,(UNK),86526,(N/A),(UNK),No Defects,1,1,Major Collector,5,,X002289394,Not Toll,73,2,4,Not Divided,1,2942687.33358253,1906977.22938629,41.87793372,-87.79417141,,Urban,1,N,(N/A),Y,(N/A)
2021,2021-06-28,Monday,17,05:15 PM,Property Damage,No Injuries,0,0,0,0,0,2,Front to Rear,11,N,N,Unable to Determine,(N/A),Daylight,Rain,Wet,Y,,,,,Traffic Signal,Functioning Properly,N,2,41.9087836,-87.8057841,ok,(UNK),1,2100678,2021,,18,99,50000 and OVER,9,4295,Oak Park,C,Urban Other Principal Arte,,16,28,11348360,6,Cook,0,21,,,1,N,No,Stopped,202101208257,City,1,28.04,Y,,,,(UNK),86527,(N/A),(UNK),Unknown,99,2,Other Principal Arterial,3,5043,X002289395,Not Toll,73,3,4,Divided With Median Barrier,3,2939216.79330651,1918129.41122652,41.90877571,-87.80577831,,Urban,2,N,(N/A),N,(N/A)
2021,2021-03-08,Monday,15,03:26 PM,Property Damage,No Injuries,0,0,0,0,0,3,Rear to Front,18,N,N,Failing to Yield Right of Way,Unable to Determine,Daylight,Clear,Dry,N,,,,,No Controls,No Controls,N,2,41.8801539,-87.7748962,ok,(UNK),1,2101455,2021,,2,18,50000 and OVER,9,4295,Oak Park,C,Urban Minor Arterial,,16,8,11209161,3,Cook,0,21,,,1,N,No,Free Flow,202101074104,City,1,0,N,,,,(UNK),86535,(N/A),(UNK),No Defects,1,1,Minor Arterial,4,,X002178337,Not Toll,73,1,1,Divided With Median Barrier,3,2947915.9990073,1907929.25692601,41.88014602,-87.77489042,,Urban,1,N,(N/A),Y,(N/A)
2021,2021-03-08,Monday,15,03:15 PM,Property Damage,No Injuries,0,0,0,0,0,3,Front to Rear,11,N,N,Failing to Reduce Speed to Avoid Crash,Distraction - From Inside Vehicle,Daylight,Clear,Dry,Y,,,,,Traffic Signal,Functioning Properly,N,2,41.8815881,-87.7943358,ok,(UNK),1,2101456,2021,,28,41,50000 and OVER,9,4295,Oak Park,C,Urban Major Collector,,16,8,11209162,3,Cook,0,21,,,1,N,No,Slow,202101074105,City,1,0,N,,,,(UNK),86536,(N/A),(UNK),No Defects,1,1,Major Collector,5,,X002178342,Not Toll,73,3,4,Four Way,14,2942607.38905053,1908304.91002222,41.88158029,-87.79433,,Urban,1,N,(N/A),Y,(N/A)
2021,2021-06-28,Monday,15,03:10 PM,Property Damage,No Injuries,0,0,0,0,0,2,Turning,10,N,N,Failing to Yield Right of Way,Failing to Reduce Speed to Avoid Crash,Daylight,Rain,Wet,N,,,,,No Controls,No Controls,N,2,41.8814442,-87.784504,ok,(UNK),1,2103838,2021,,2,28,50000 and OVER,9,4295,Oak Park,C,Urban Major Collector,,16,28,11348374,6,Cook,0,21,,,1,N,No,Slow,202101208272,City,1,1.42,N,,,,(UNK),86563,(N/A),(UNK),No Defects,1,2,Major Collector,5,2783,X002289678,Not Toll,73,1,1,"Divided, No Median Barrier",2,2945286.36108001,1908326.67016622,41.88143637,-87.78449822,,Urban,2,N,(N/A),Y,(N/A)
2021,2021-06-30,Wednesday,21,09:12 PM,Injury,B Injury Crash,1,0,0,1,0,1,Pedalcyclist,2,N,Y,Driving Skills/Knowledge/Experience,Unable to Determine,Darkness / Lighted Road,Clear,Dry,Y,,,,,Stop Sign,No Controls,N,1,41.8833378,-87.7910962,ok,(UNK),1,2103896,2021,,15,18,50000 and OVER,9,4295,Oak Park,C,Urban Local Road or Street,,16,30,11348375,6,Cook,2,21,,,3,N,No,Slow,202101208273,City,5,0,N,,,,(UNK),86564,(N/A),(UNK),No Defects,1,1,Local Road or Street,7,,X002289698,Not Toll,73,2,1,T-Intersection,15,2943471.96725478,1908966.95086471,41.88332999,-87.79109044,,Urban,1,N,(N/A),Y,(N/A)
2021,2021-06-29,Tuesday,15,03:15 PM,Property Damage,No Injuries,0,0,0,0,0,2,Sideswipe Same Direction,12,N,N,Failing to Reduce Speed to Avoid Crash,Unable to Determine,Daylight,Clear,Wet,N,,,,,No Controls,No Controls,N,2,41.8706822,-87.774288,ok,(UNK),1,2103876,2021,,28,18,50000 and OVER,9,4295,Oak Park,C,Urban Minor Arterial,,16,29,11348386,6,Cook,0,21,,,2,N,No,Free Flow,202101208281,City,1,8.39,N,,,,(UNK),86583,(N/A),(UNK),No Defects,1,2,Minor Arterial,4,2790,X002290704,Not Toll,,1,1,"Divided, No Median Barrier",2,2948177.88815156,1904482.22422781,41.87067436,-87.77428226,,Urban,1,N,(N/A),Y,(N/A)
2021,2021-07-01,Thursday,07,07:24 AM,Injury,B Injury Crash,5,0,0,4,1,7,Front to Rear,11,N,N,Failing to Reduce Speed to Avoid Crash,(N/A),Daylight,Clear,Dry,N,,,,,No Controls,No Controls,N,2,41.8654388,-87.8042283,ok,(UNK),1,2103899,2021,,28,99,50000 and OVER,9,4295,Oak Park,C,Urban Other Principal Arte,,16,1,11348387,7,Cook,2,21,,,4,N,No,Free Flow,202101208283,City,1,20.66,Y,,,,(UNK),86584,(N/A),(UNK),No Defects,1,1,Other Principal Arterial,3,348,X002290741,Not Toll,73,1,1,"Divided, No Median Barrier",2,2940075.41419031,1902345.46997528,41.86543101,-87.80422246,,Urban,1,N,(N/A),Y,(N/A)
2021,2021-07-01,Thursday,12,12:42 PM,Property Damage,No Injuries,0,0,0,0,0,1,Parked Motor Vehicle,9,N,N,Improper Lane Usage,Physical Condition of Driver,Daylight,Clear,Dry,N,,,,,No Controls,No Controls,N,2,41.8978655,-87.7866179,ok,(UNK),1,2103905,2021,,20,17,50000 and OVER,9,4295,Oak Park,C,Urban Local Road or Street,,16,1,11348388,7,Cook,0,21,,,4,N,No,Free Flow,202101208284,City,1,0.4,N,,,,(UNK),86585,(N/A),(UNK),No Defects,1,1,Local Road or Street,7,2643,X002290749,Not Toll,73,1,1,Not Divided,1,2944544.60939077,1914294.9210836,41.89785766,-87.78661209,,Urban,1,N,(N/A),Y,(N/A)
2021,2021-07-01,Thursday,14,02:48 PM,Injury,B Injury Crash,1,0,0,1,0,1,Pedestrian,1,Y,N,Improper Turning/No Signal,Failing to Yield Right of Way,Daylight,Clear,Dry,Y,,,,,Stop Sign,Functioning Properly,Y,1,41.883254,-87.8039602,ok,(UNK),1,2103911,2021,,6,2,50000 and OVER,9,4295,Oak Park,C,Urban Local Road or Street,,16,1,11348392,7,Cook,2,21,,,4,N,No,Slow,202101208287,City,1,0,N,,,,(UNK),86637,(N/A),(UNK),No Defects,1,1,Local Road or Street,7,,X002290786,Not Toll,73,2,4,"Divided, No Median Barrier",2,2939969.64170017,1908839.63311179,41.88324614,-87.80395436,,Urban,1,N,(N/A),Y,(N/A)
2021,2021-07-01,Thursday,13,01:40 PM,Property Damage,No Injuries,0,0,0,0,0,2,Front to Rear,11,N,N,Following Too Closely,Failing to Reduce Speed to Avoid Crash,Daylight,Clear,Dry,N,,,,,No Controls,No Controls,N,2,41.8650523,-87.8025075,ok,(UNK),1,2103912,2021,,3,28,50000 and OVER,9,4295,Oak Park,C,Urban Other Principal Arte,,16,1,11348393,7,Cook,0,21,,,4,N,No,Stopped,202101208288,City,1,6.07,Y,,,,(UNK),86638,(N/A),(UNK),No Defects,1,1,Other Principal Arterial,3,347,X002290787,Not Toll,73,1,1,"Divided, No Median Barrier",2,2940548.01776187,1902217.52789288,41.86504449,-87.80250175,,Urban,1,N,(N/A),Y,(N/A)
2021,2021-07-01,Thursday,18,06:29 PM,Property Damage,No Injuries,0,0,0,0,0,6,Front to Rear,11,N,N,Failing to Reduce Speed to Avoid Crash,(N/A),Daylight,Clear,Dry,N,,,,,No Controls,No Controls,Y,2,41.8943593,-87.7975934,ok,(UNK),1,2103921,2021,,28,99,50000 and OVER,9,4295,Oak Park,C,Urban Minor Arterial,,16,1,11348398,7,Cook,0,21,,,4,N,No,Stopped,202101208291,City,1,2.94,N,,,,(UNK),86639,(N/A),(UNK),No Defects,1,1,Minor Arterial,4,1398,X002290796,Not Toll,73,1,1,"Divided, No Median Barrier",2,2941591.69246566,1912934.4418679,41.89435146,-87.79758755,,Urban,1,N,(N/A),Y,(N/A)
2021,2021-03-03,Wednesday,09,09:50 AM,Injury,B Injury Crash,1,0,0,1,0,2,Front to Rear,11,N,N,Following Too Closely,Failing to Reduce Speed to Avoid Crash,Daylight,Clear,Dry,N,,,,,No Controls,No Controls,N,3,41.8727957,-87.7955165,ok,Partial Access Control,3,03-21-03028,2021,,3,28,50000 and OVER,9,4295,Oak Park,C,Urban InterState,,16,3,11208665,3,Cook,2,21,,,3,N,No,(UNK),202101073634,ISP,1,22,Y,,,,(UNK),86736,(N/A),(UNK),No Defects,1,1,InterState,1,9290,X002177942,Not Toll,73,1,1,Divided With Median Barrier,3,2942374.41802722,1905091.88579635,41.87278783,-87.79551068,,Urban,1,N,(N/A),Y,(N/A)
2021,2021-07-02,Friday,15,03:39 PM,Property Damage,No Injuries,0,0,0,0,0,2,Parked Motor Vehicle,9,N,N,Improper Overtaking/Passing,Failing to Reduce Speed to Avoid Crash,Daylight,Clear,Dry,N,,,,,No Controls,No Controls,N,2,41.8886778,-87.7973186,ok,(UNK),1,2103942,2021,,4,28,50000 and OVER,9,4295,Oak Park,C,Urban Major Collector,,16,2,11348441,7,Cook,0,21,,,5,N,No,Slow,202101208294,City,1,0.18,N,,,,(UNK),86772,(N/A),(UNK),No Defects,1,1,Major Collector,5,1405,X002291530,Not Toll,73,1,1,Not Divided,1,2941723.71336836,1910866.07925583,41.88867,-87.79731276,,Urban,1,N,(N/A),Y,(N/A)