crash_year,crash_date,day_of_week,crash_hour,time_of_crash,crash_severity,crash_injury_severity,total_injured,total_fatals,a_injuries,b_injuries,c_injuries,no_injuries,type_of_first_crash,collision_type_code,pedestrian_involved,pedalcyclist_involved,cause1,cause2,lighting_cond,weather_cond,road_surface_cond,intersection_related,is_intersection,highway_or_street_name,at_intersection_with,address_no,traffic_control_device,traffic_control_device_cond,hit_and_run,number_of_vehicles,latitude,longitude,location_status,access_control,agency_code,agency_report_number,agency_report_year,alignment_code,cause1_code,cause2_code,city_class,city_class_code,city_code,city_name,city_township_flag,class_of_trafficway,class_of_trafficway_code,county_code,crash_day,crash_id,crash_month,crash_report_county,crash_severity_cd,crash_yr_source,damaged_property1,damaged_property2,day_of_week_code,did_crash_occur_in_work_zone,did_involve_secondary_crash,flow_condition,icn,investigating_agency_descrip,light_condition_code,mile_station,nhs,non_intersection_direction,non_intersection_distance,non_intersection_units,number_of_lanes,objectid,railroad_crossing_number,road_alignment,road_defects,road_defects_code,road_surface_condition_code,roadway_functional_class,roadway_functional_class_code,route_number,sfe,toll,township,traffic_control_device_code,traffic_control_device_cond_code,trafficway_descrip,trafficway_description_code,ts_crash_coordinate_x,ts_crash_coordinate_y,ts_crash_latitude,ts_crash_longitude,type_report,urban_rural,weather_code,were_workers_present,work_zone,work_zone_related,work_zone_type
2021,2021-12-08,Wednesday,07,07:55 AM,Injury,B Injury Crash,2,0,0,2,0,2,Front to Rear,11,N,N,Failing to Reduce Speed to Avoid Crash,Following Too Closely,Daylight,Clear,Dry,Y,,,,,Traffic Signal,Functioning Properly,N,2,41.8871072,-87.8049778,ok,(UNK),1,2107659,2021,,28,3,50000 and OVER,9,4295,Oak Park,C,Urban Other Principal Arte,,16,8,11549333,12,Cook,2,21,,,3,N,No,Free Flow,202101396977,City,1,26.54,Y,,,,(UNK),86813,(N/A),(UNK),No Defects,1,1,Other Principal Arterial,3,5043,X002467448,Not Toll,73,3,4,Not Divided,1,2939653.84140848,1910236.19194102,41.88709938,-87.80497202,,Urban,1,N,(N/A),Y,(N/A)
2021,2021-12-08,Wednesday,07,07:50 AM,Property Damage,No Injuries,0,0,0,0,0,2,Sideswipe Same Direction,12,N,N,Unable to Determine,Failing to Reduce Speed to Avoid Crash,Daylight,Clear,Dry,N,,,,,Stop Sign,Functioning Properly,Y,2,41.9092029,-87.7797837,ok,(UNK),1,2107660,2021,,18,28,50000 and OVER,9,4295,Oak Park,C,Urban Other Principal Arte,,16,8,11549334,12,Cook,0,21,,,3,N,No,Free Flow,202101396978,City,1,7.27,Y,,,,(UNK),86814,(N/A),(UNK),No Defects,1,1,Other Principal Arterial,3,307,X002467452,Not Toll,73,2,4,Divided With Median Barrier,3,2946290.28170355,1918478.21791202,41.90919506,-87.77977793,,Urban,1,N,(N/A),Y,(N/A)
2021,2021-02-28,Sunday,19,07:30 PM,Property Damage,No Injuries,0,0,0,0,0,2,Sideswipe Same Direction,12,N,N,Improper Lane Usage,Failing to Reduce Speed to Avoid Crash,Darkness / Lighted Road,Clear,Dry,N,,,,,Other Regualtory Sig,Functioning Properly,Y,2,41.8712957,-87.7798312,ok,Partial Access Control,3,03-21-02970,2021,,20,28,50000 and OVER,9,4295,Oak Park,C,Urban InterState,,16,28,11209221,2,Cook,0,21,,,7,N,No,(UNK),202101074161,ISP,5,22.81,Y,,,,(UNK),86887,(N/A),(UNK),No Defects,1,1,InterState,1,9290,X002178416,Not Toll,,10,4,Divided With Median Barrier,3,2946661.81546611,1904663.75085393,41.87128788,-87.77982545,,Urban,1,N,(N/A),Y,(N/A)
2021,2021-12-08,Wednesday,17,05:48 PM,Property Damage,No Injuries,0,0,0,0,0,2,Front to Rear,11,N,N,Following Too Closely,Failing to Reduce Speed to Avoid Crash,Darkness / Lighted Road,Clear,Dry,N,,,,,Pedestrian Crossing,Functioning Properly,N,2,41.8945285,-87.788032,ok,(UNK),1,2107676,2021,,3,28,50000 and OVER,9,4295,Oak Park,C,Urban Minor Arterial,,16,8,11549351,12,Cook,0,21,,,3,N,No,Slow,202101397006,City,5,3.46,N,,,,(UNK),86911,(N/A),(UNK),No Defects,1,1,Minor Arterial,4,1398,X002467466,Not Toll,73,17,4,"Divided, No Median Barrier",2,2944193.33112385,1913068.17353676,41.89452067,-87.7880262,,Urban,1,N,(N/A),Y,(N/A)
2021,2021-10-04,Monday,13,01:17 PM,Property Damage,No Injuries,0,0,0,0,0,1,Fixed Object,6,N,N,Failing to Reduce Speed to Avoid Crash,Driving Skills/Knowledge/Experience,Daylight,Clear,Dry,N,,,,,Traffic Signal,Functioning Properly,N,1,41.8871105,-87.7944622,ok,(UNK),1,2106126,2021,,28,15,50000 and OVER,9,4295,Oak Park,C,Urban Major Collector,,16,4,11462798,10,Cook,0,21,BRIDGE SUPPORT,,1,N,No,Slow,202101315785,City,1,5.64,N,,,,(UNK),87124,(N/A),(UNK),No Defects,1,1,Major Collector,5,2775,X002393378,Not Toll,73,3,4,Divided With Median Barrier,3,2942517.30892195,1910316.41476761,41.88710267,-87.79445639,,Urban,1,N,(N/A),Y,(N/A)
2021,2021-07-02,Friday,14,02:46 PM,Property Damage,No Injuries,0,0,0,0,0,2,Angle,15,N,N,Failing to Reduce Speed to Avoid Crash,Unable to Determine,Daylight,Clear,Dry,Y,,,,,Stop Sign,Functioning Properly,N,2,41.8981538,-87.7898803,ok,(UNK),1,2103940,2021,,28,18,50000 and OVER,9,4295,Oak Park,C,Urban Local Road or Street,,16,2,11348535,7,Cook,0,21,,,5,N,No,Slow,202101208302,City,1,0,N,,,,(UNK),87237,(N/A),(UNK),No Defects,1,1,Local Road or Street,7,,X002294601,Not Toll,73,2,4,Four Way,14,2943653.45986421,1914375.35092433,41.89814598,-87.78987451,,Urban,1,N,(N/A),Y,(N/A)
2021,2021-07-02,Friday,13,01:17 PM,Property Damage,No Injuries,0,0,0,0,0,5,Sideswipe Same Direction,12,N,N,Failing to Reduce Speed to Avoid Crash,Unable to Determine,Daylight,Clear,Dry,N,,,,,No Controls,No Controls,N,2,41.8799704,-87.7746693,ok,(UNK),1,2103936,2021,,28,18,50000 and OVER,9,4295,Oak Park,C,Urban Minor Arterial,,16,2,11348557,7,Cook,0,21,,,5,N,No,Free Flow,202101208309,City,1,7.66,N,,,,(UNK),87367,(N/A),(UNK),No Defects,1,1,Minor Arterial,4,2790,X002294671,Not Toll,,1,1,"Divided, No Median Barrier",2,2947979.65647899,1907864.13376252,41.87996259,-87.77466353,,Urban,1,N,(N/A),Y,(N/A)
2021,2021-07-05,Monday,03,03:58 AM,Property Damage,No Injuries,0,0,0,0,0,3,Parked Motor Vehicle,9,N,N,Operating Vehicle In Reckless Manner,(N/A),Darkness / Lighted Road,Clear,Dry,N,,,,,No Controls,No Controls,N,2,41.8881837,-87.7799889,ok,(UNK),1,2103983,2021,,50,99,50000 and OVER,9,4295,Oak Park,C,Urban Major Collector,,16,5,11348561,7,Cook,0,21,,,1,N,No,Free Flow,202101208313,City,5,1.08,N,,,,(UNK),87368,(N/A),(UNK),No Defects,1,1,Major Collector,5,1405,X002294692,Not Toll,73,1,1,Not Divided,1,2946447.6474716,1910816.83315865,41.88817581,-87.77998307,,Urban,1,N,(N/A),Y,(N/A)
2021,2021-03-06,Saturday,10,10:57 AM,Injury,A Injury Crash,1,0,1,0,0,1,Pedalcyclist,2,N,Y,Failing to Yield Right of Way,Unable to Determine,Daylight,Clear,Dry,N,,,,,No Controls,No Controls,N,1,41.9089585,-87.7833583,ok,(UNK),1,2101407,2021,,2,18,50000 and OVER,9,4295,Oak Park,C,Urban Major Collector,,16,6,11208877,3,Cook,3,21,,,6,N,No,Stopped,202101073813,City,1,0.01,N,,,,(UNK),87897,(N/A),(UNK),No Defects,1,1,Major Collector,5,2783,X002177503,Not Toll,73,1,1,"Divided, No Median Barrier",2,2945319.70997875,1918362.09315487,41.9089507,-87.78335248,,Urban,1,N,(N/A),Y,(N/A)
2021,2021-10-02,Saturday,02,02:18 AM,Injury,A Injury Crash,1,0,1,0,0,1,Front to Rear,11,N,N,Failing to Reduce Speed to Avoid Crash,Operating Vehicle In Reckless Manner,Darkness / Lighted Road,Clear,Dry,N,,,,,Traffic Signal,Functioning Properly,N,2,41.8943662,-87.8052331,ok,(UNK),1,2101037,2021,,28,50,50000 and OVER,9,4295,Oak Park,C,Urban Other Principal Arte,,16,2,11463383,10,Cook,3,21,,,6,N,No,Slow,202101316313,City,5,18.66,Y,,,,(UNK),87906,(N/A),(UNK),No Defects,1,1,Other Principal Arterial,3,348,X002393904,Not Toll,73,3,4,"Divided, No Median Barrier",2,2939511.47603413,1912879.59637556,41.8943584,-87.80522734,,Urban,1,N,(N/A),Y,(N/A)
2021,2021-10-06,Wednesday,00,00:18 AM,Injury,A Injury Crash,2,0,1,1,0,0,Fixed Object,6,N,N,Operating Vehicle In Reckless Manner,Improper Lane Usage,Darkness / Lighted Road,Clear,Dry,Y,,,,,Traffic Signal,Functioning Properly,N,1,41.9018968,-87.7838796,ok,(UNK),1,2106161,2021,,50,20,50000 and OVER,9,4295,Oak Park,C,Urban Major Collector,,16,6,11463384,10,Cook,3,21,SHARE THE ROAD SIGN,,3,N,No,Free Flow,202101316314,City,5,0,N,,,,(UNK),87907,(N/A),(UNK),No Defects,1,1,Major Collector,5,,X002394102,Not Toll,73,3,4,"Divided, No Median Barrier",2,2945249.30754893,1915784.69975693,41.90188893,-87.78387385,,Urban,1,N,(N/A),Y,(N/A)
2021,2021-10-05,Tuesday,08,08:20 AM,Property Damage,No Injuries,0,0,0,0,0,2,Angle,15,N,N,Disregarding Other Traffic Signs,Failing to Reduce Speed to Avoid Crash,Daylight,Cloudy/Overcast,Dry,Y,,,,,Other Regualtory Sig,Functioning Properly,N,2,41.907193,-87.7949959,ok,(UNK),1,2106144,2021,,24,28,50000 and OVER,9,4295,Oak Park,C,Urban Major Collector,,16,5,11463385,10,Cook,0,21,,,2,N,No,Slow,202101316315,City,1,0,N,,,,(UNK),88016,(N/A),(UNK),No Defects,1,1,Major Collector,5,,X002394105,Not Toll,73,10,4,Not Divided,1,2942169.54819235,1917630.8405383,41.90718516,-87.79499014,,Urban,8,N,(N/A),Y,(N/A)
2021,2021-10-05,Tuesday,12,12:31 PM,Property Damage,No Injuries,0,0,0,0,0,3,Angle,15,N,N,Improper Lane Usage,Driving Skills/Knowledge/Experience,Daylight,Cloudy/Overcast,Dry,Y,,,,,No Controls,No Controls,N,2,41.9089112,-87.8011747,ok,(UNK),1,2106150,2021,,20,15,50000 and OVER,9,4295,Oak Park,C,Urban Other Principal Arte,,16,5,11463387,10,Cook,0,21,,,2,N,No,Free Flow,202101316317,City,1,129.41,Y,,,,(UNK),88017,(N/A),(UNK),No Defects,1,1,Other Principal Arterial,3,5064,X002394109,Not Toll,73,1,1,Divided With Median Barrier,3,2940470.25518327,1918210.51601852,41.90890336,-87.80116894,,Urban,8,N,(N/A),Y,(N/A)
2021,2021-09-25,Saturday,19,07:07 PM,Property Damage,No Injuries,0,0,0,0,0,3,Sideswipe Same Direction,12,N,N,Failing to Yield Right of Way,Improper Lane Usage,Darkness,Clear,Dry,N,,,,,No Controls,No Controls,Y,2,41.8729151,-87.7985059,ok,Partial Access Control,3,03-21-14131,2021,,2,20,50000 and OVER,9,4295,Oak Park,C,Urban InterState,,16,25,11463919,9,Cook,0,21,,,6,N,No,(UNK),202101316813,ISP,4,21.86,Y,,,,(UNK),88630,(N/A),(UNK),No Defects,1,1,InterState,1,9290,X002394704,Not Toll,,1,1,Divided With Median Barrier,3,2941558.99570269,1905112.92136053,41.87290726,-87.79850008,,Urban,1,N,(N/A),Y,(N/A)
2021,2021-09-30,Thursday,20,08:34 PM,Property Damage,No Injuries,0,0,0,0,0,3,Front to Rear,11,N,N,Failing to Reduce Speed to Avoid Crash,Following Too Closely,Darkness / Lighted Road,Clear,Dry,N,,,,,Other,Functioning Properly,N,3,41.872359,-87.78892,ok,Partial Access Control,3,03-21-14427,2021,,28,3,50000 and OVER,9,4295,Oak Park,C,Urban InterState,,16,30,11463270,9,Cook,0,21,,,4,N,No,(UNK),202101316216,ISP,5,22.34,Y,,,,(UNK),89510,(N/A),(UNK),No Defects,1,1,InterState,1,9290,X002394113,Not Toll,73,13,4,Divided With Median Barrier,3,2944175.5,1904982.5,41.8723512,-87.78891425,,Urban,1,N,(N/A),Y,(N/A)
2021,2021-07-07,Wednesday,19,07:20 PM,Property Damage,No Injuries,0,0,0,0,0,4,Front to Rear,11,N,N,Unable to Determine,Driving Skills/Knowledge/Experience,Daylight,Rain,Wet,Y,,,,,Traffic Signal,Functioning Properly,Y,2,41.8942278,-87.8052258,ok,(UNK),1,2100712,2021,,18,15,50000 and OVER,9,4295,Oak Park,C,Urban Other Principal Arte,,16,7,11349834,7,Cook,0,21,,,3,N,No,Stopped,202101209756,City,1,27.03,Y,,,,(UNK),89615,(N/A),(UNK),No Defects,1,2,Other Principal Arterial,3,5043,X002297937,Not Toll,73,3,4,Two-way Continuous Left-Tur,4,2939514.862401,1912829.2173956,41.89422,-87.80522,,Urban,2,N,(N/A),Y,(N/A)
2021,2021-06-26,Saturday,12,12:40 PM,Property Damage,No Injuries,0,0,0,0,0,3,Front to Rear,11,N,N,Improper Lane Usage,Failing to Yield Right of Way,Daylight,Clear,Dry,N,,,,,No Controls,No Controls,Y,3,41.8712966,-87.7754539,ok,Partial Access Control,3,03-21-09154,2021,,20,2,50000 and OVER,9,4295,Oak Park,C,Urban InterState,,16,26,11349836,6,Cook,0,21,,,6,N,No,(UNK),202101209761,ISP,1,23.03,Y,,,,(UNK),89617,(N/A),(UNK),No Defects,1,1,InterState,1,9290,X002298108,Not Toll,73,1,1,Divided With Median Barrier,3,2947854.08652576,1904697.27675033,41.87128878,-87.77544813,,Urban,1,N,(N/A),Y,(N/A)
2021,2021-10-06,Wednesday,14,02:28 PM,Property Damage,No Injuries,0,0,0,0,0,2,Front to Rear,11,N,N,Driving Skills/Knowledge/Experience,Failing to Reduce Speed to Avoid Crash,Daylight,Cloudy/Overcast,Dry,N,,,,,Delineators,Functioning Properly,N,2,41.8712823,-87.7752136,ok,Partial Access Control,3,03-21-14723,2021,,15,28,50000 and OVER,9,4295,Oak Park,C,Urban InterState,,16,6,11463771,10,Cook,0,21,,,3,N,No,(UNK),202101316668,ISP,1,23.04,Y,,,,(UNK),89814,(N/A),(UNK),No Defects,1,1,InterState,1,9290,X002394559,Not Toll,73,14,4,Divided With Median Barrier,3,2947919.68494055,1904693.89101717,41.87127448,-87.77520783,,Urban,8,N,(N/A),Y,(N/A)
2021,2021-03-11,Thursday,21,09:35 PM,Property Damage,No Injuries,0,0,0,0,0,2,Sideswipe Same Direction,12,N,N,Improper Overtaking/Passing,Operating Vehicle In Reckless Manner,Darkness,Clear,Dry,N,,,,,No Controls,No Controls,Y,2,41.8795959,-87.8047324,ok,(UNK),1,21-00812,2021,,4,50,50000 and OVER,9,4295,Oak Park,C,Urban Other Principal Arte,,16,11,11211726,3,Cook,0,21,,,4,N,No,Free Flow,202101075861,City,4,19.68,Y,,,,(UNK),89980,(N/A),(UNK),No Defects,1,1,Other Principal Arterial,3,348,X002180052,Not Toll,73,1,1,"Divided, No Median Barrier",2,2939796.04880927,1907500.7630792,41.87958804,-87.8047266,,Urban,1,N,(N/A),Y,(N/A)
2021,2021-07-08,Thursday,10,10:25 AM,Injury,C Injury Crash,1,0,0,0,1,3,Front to Rear,11,N,N,Distraction - From Inside Vehicle,(N/A),Daylight,Clear,Dry,N,,,,,No Controls,No Controls,N,4,41.8776491,-87.8046503,ok,(UNK),1,21-02053,2021,,41,99,50000 and OVER,9,4295,Oak Park,C,Urban Other Principal Arte,,16,8,11349478,7,Cook,1,21,,,4,N,Yes,Stopped,202101209374,City,1,19.81,Y,,,,(UNK),90398,(N/A),(UNK),No Defects,1,1,Other Principal Arterial,3,348,X002297768,Not Toll,73,1,1,Not Divided,1,2939837.94607242,1906791.92303976,41.87764122,-87.80464449,,Urban,1,N,(N/A),Y,(N/A)
2021,2021-07-08,Thursday,12,12:52 PM,Property Damage,No Injuries,0,0,0,0,0,2,Sideswipe Same Direction,12,N,N,Improper Lane Usage,Failing to Yield Right of Way,Daylight,Clear,Dry,N,,,,,Other Regualtory Sig,Functioning Properly,Y,2,41.8851157,-87.8049044,ok,(UNK),1,21-02055,2021,,20,2,50000 and OVER,9,4295,Oak Park,C,Urban Other Principal Arte,,16,8,11349479,7,Cook,0,21,,,4,N,No,Slow,202101209375,City,1,19.3,Y,,,,(UNK),90399,(N/A),(UNK),No Defects,1,1,Other Principal Arterial,3,348,X002297769,Not Toll,73,10,4,Not Divided,1,2939693.81926688,1909510.9940666,41.88510786,-87.8048986,,Urban,1,N,(N/A),Y,(N/A)
2021,2021-07-09,Friday,13,01:45 PM,Property Damage,No Injuries,0,0,0,0,0,3,Front to Rear,11,N,N,Failing to Reduce Speed to Avoid Crash,Following Too Closely,Daylight,Clear,Dry,N,,,,,No Controls,No Controls,N,3,41.871535,-87.7792294,ok,Partial Access Control,3,03-21-09770,2021,,28,3,50000 and OVER,9,4295,Oak Park,C,Urban InterState,,16,9,11350410,7,Cook,0,21,,,5,N,No,(UNK),202101210771,ISP,1,22.82,Y,,,,(UNK),90518,(N/A),(UNK),No Defects,1,1,InterState,1,9290,X002298550,Not Toll,73,1,1,Divided With Median Barrier,3,2946823.31401101,1904755.49109682,41.87152711,-87.77922362,,Urban,1,N,(N/A),Y,(N/A)
2021,2021-12-10,Friday,10,10:47 AM,Injury,C Injury Crash,1,0,0,0,1,2,Sideswipe Same Direction,12,N,N,Physical Condition of Driver,Improper Lane Usage,Daylight,Clear,Dry,N,,,,,No Controls,No Controls,N,3,41.8812519,-87.8047795,ok,(UNK),1,21-03655,2021,,17,20,50000 and OVER,9,4295,Oak Park,C,Urban Other Principal Arte,,16,10,11550630,12,Cook,1,21,,,5,N,Yes,Free Flow,202101398480,City,1,19.57,Y,,,,(UNK),90588,(N/A),(UNK),No Defects,1,1,Other Principal Arterial,3,348,X002468652,Not Toll,73,1,1,"Divided, No Median Barrier",2,2939766.59597437,1908103.87941032,41.88124403,-87.80477373,,Urban,1,N,(N/A),Y,(N/A)
2021,2021-02-24,Wednesday,07,07:00 AM,Property Damage,No Injuries,0,0,0,0,0,2,Sideswipe Same Direction,12,N,N,Improper Lane Usage,Driving Skills/Knowledge/Experience,Daylight,Clear,Unknown,N,,,,,No Controls,No Controls,Y,2,41.8709407,-87.7745595,ok,Partial Access Control,3,03-21-02971,2021,,20,15,50000 and OVER,9,4295,Oak Park,C,Urban InterState,,16,24,11211286,2,Cook,0,21,,,3,N,No,(UNK),202101075556,ISP,1,9.2,Y,,,,(UNK),90789,(N/A),(UNK),Unknown,99,9,InterState,1,290,X002179753,Not Toll,,1,1,Divided With Median Barrier,3,2948101.31235486,1904574.34979994,41.87093282,-87.77455375,,Urban,1,N,(N/A),N,(N/A)
2021,2021-03-13,Saturday,16,04:00 PM,Property Damage,No Injuries,0,0,0,0,0,6,Front to Rear,11,N,N,Failing to Reduce Speed to Avoid Crash,Following Too Closely,Daylight,Clear,Dry,N,,,,,Other,Functioning Properly,N,2,41.8732811,-87.7996093,ok,Partial Access Control,3,03-21-03448,2021,,28,3,50000 and OVER,9,4295,Oak Park,C,Urban InterState,,16,13,11212509,3,Cook,0,21,,,6,N,No,(UNK),202101076601,ISP,1,21.81,Y,,,,(UNK),91856,(N/A),(UNK),No Defects,1,1,InterState,1,9290,X002180824,Not Toll,73,13,4,Divided With Median Barrier,3,2941254.78797886,1905237.99471598,41.87327324,-87.79960346,,Urban,1,N,(N/A),Y,(N/A)
2021,2021-03-11,Thursday,01,01:52 AM,Property Damage,No Injuries,0,0,0,0,0,2,Parked Motor Vehicle,9,N,N,Texting,Failing to Reduce Speed to Avoid Crash,Darkness / Lighted Road,Clear,Wet,N,,,,,No Controls,No Controls,N,4,41.8983524,-87.7762789,ok,(UNK),1,2101514,2021,,44,28,50000 and OVER,9,4295,Oak Park,C,Urban Local Road or Street,,16,11,11211669,3,Cook,0,21,,,4,N,Yes,Free Flow,202101075812,City,5,1.51,N,,,,(UNK),92068,(N/A),(UNK),No Defects,1,2,Local Road or Street,7,3100,X002179982,Not Toll,73,1,1,Not Divided,1,2947354.58300322,1914550.66084859,41.89834457,-87.77627314,,Urban,1,N,(N/A),Y,(N/A)
2021,2021-03-11,Thursday,07,07:33 AM,Property Damage,No Injuries,0,0,0,0,0,1,Parked Motor Vehicle,9,N,N,Distraction - From Outside Vehicle,Failing to Reduce Speed to Avoid Crash,Daylight,Cloudy/Overcast,Dry,N,,,,,No Controls,No Controls,N,2,41.8726747,-87.7854474,ok,(UNK),1,2101516,2021,,40,28,50000 and OVER,9,4295,Oak Park,C,Urban Local Road or Street,,16,11,11211670,3,Cook,0,21,,,4,N,No,Free Flow,202101075813,City,1,0.5,N,,,,(UNK),92069,(N/A),(UNK),No Defects,1,1,Local Road or Street,7,2643,X002179984,Not Toll,73,1,1,Not Divided,1,2945118.14817474,1905123.74598291,41.87266681,-87.78544164,,Urban,8,N,(N/A),Y,(N/A)
2021,2021-03-05,Friday,19,07:05 PM,Property Damage,No Injuries,0,0,0,0,0,1,Parked Motor Vehicle,9,N,N,Unable to Determine,Unable to Determine,Unknown,Unknown,Unknown,N,,,,,No Controls,No Controls,Y,2,41.8745323,-87.7916011,ok,(UNK),1,2101529,2021,,18,18,50000 and OVER,9,4295,Oak Park,C,Urban Local Road or Street,,16,5,11211675,3,Cook,0,21,,,5,N,No,Free Flow,202101075818,City,9,0.37,N,,,,(UNK),92070,(N/A),(UNK),Unknown,99,9,Local Road or Street,7,2670,X002179997,Not Toll,73,1,1,Not Divided,1,2943423.32965977,1905754.24985407,41.87452447,-87.7915953,,Urban,9,N,(N/A),N,(N/A)
2021,2021-03-08,Monday,16,04:15 PM,Injury,B Injury Crash,1,0,0,1,0,1,Pedalcyclist,2,N,Y,Driving Skills/Knowledge/Experience,Unable to Determine,Daylight,Clear,Dry,Y,,,,,Traffic Signal,Functioning Properly,N,1,41.9017078,-87.7948558,ok,(UNK),1,2101511,2021,,15,18,50000 and OVER,9,4295,Oak Park,C,Urban Major Collector,,16,8,11211678,3,Cook,2,21,,,1,N,No,Slow,202101075821,City,1,0,N,,,,(UNK),92071,(N/A),(UNK),No Defects,1,1,Major Collector,5,,X002179980,Not Toll,73,3,4,Not Divided,1,2942262.99502809,1915632.99656492,41.9017,-87.79485,,Urban,1,N,(N/A),Y,(N/A)
2021,2021-09-23,Thursday,21,09:56 PM,Property Damage,No Injuries,0,0,0,0,0,2,Sideswipe Same Direction,12,N,N,Improper Overtaking/Passing,Driving Skills/Knowledge/Experience,Darkness / Lighted Road,Clear,Dry,N,,,,,No Controls,No Controls,Y,2,41.8737086,-87.8019778,ok,(UNK),3,03-21-14003,2021,,4,15,50000 and OVER,9,4295,Oak Park,C,Urban Local Road or Street,,16,23,11464161,9,Cook,0,21,,,4,N,No,(UNK),202101317046,ISP,5,0.09,N,,,,(UNK),92938,(N/A),(UNK),No Defects,1,1,Local Road or Street,7,290,X002394934,Not Toll,,1,1,Divided With Median Barrier,3,2940605.37124802,1905376.00528068,41.87370077,-87.80197203,,Urban,1,N,(N/A),Y,(N/A)
2021,2021-03-13,Saturday,05,05:15 AM,Property Damage,No Injuries,0,0,0,0,0,1,Fixed Object,6,N,N,Improper Lane Usage,Driving Skills/Knowledge/Experience,Darkness,Clear,Dry,N,,,,,Other Regualtory Sig,Functioning Properly,N,1,41.8727938,-87.7747353,ok,(UNK),3,03-21-03423,2021,,20,15,50000 and OVER,9,4295,Oak Park,C,Urban Local Road or Street,,16,13,11213314,3,Cook,0,21,,,6,N,No,(UNK),202101077383,ISP,4,0.49,N,,,,(UNK),93021,(N/A),(UNK),No Defects,1,1,Local Road or Street,7,4060,X002181630,Not Toll,,10,4,Divided With Median Barrier,3,2948034.6014071,1905248.3151457,41.87278591,-87.77472955,,Urban,1,N,(N/A),Y,(N/A)
2021,2021-02-03,Wednesday,18,06:55 PM,Property Damage,No Injuries,0,0,0,0,0,3,Turning,10,N,N,Failing to Yield Right of Way,Unable to Determine,Darkness / Lighted Road,Clear,Dry,N,,,,,No Controls,No Controls,Y,2,41.894744,-87.7848745,ok,(UNK),1,2100756,2021,,2,18,50000 and OVER,9,4295,Oak Park,C,Urban Major Collector,,16,3,11213730,2,Cook,0,21,,,3,N,No,Slow,202101077742,City,5,0.49,N,,,,(UNK),93120,(N/A),(UNK),No Defects,1,1,Major Collector,5,2783,X002181922,Not Toll,73,1,1,Not Divided,1,2945050.87780246,1913170.56282867,41.89473615,-87.78486866,,Urban,1,N,(N/A),Y,(N/A)
2021,2021-09-28,Tuesday,23,11:34 PM,Property Damage,No Injuries,0,0,0,0,0,2,Sideswipe Same Direction,12,N,N,Improper Overtaking/Passing,Driving Skills/Knowledge/Experience,Darkness / Lighted Road,Clear,Dry,N,,,,,No Controls,No Controls,Y,2,41.8731746,-87.7987526,ok,Partial Access Control,3,03-21-14320,2021,,4,15,50000 and OVER,9,4295,Oak Park,C,Urban InterState,,16,28,11464226,9,Cook,0,21,,,2,N,No,(UNK),202101317109,ISP,5,21.87,Y,,,,(UNK),93330,(N/A),(UNK),No Defects,1,1,InterState,1,9290,X002394998,Not Toll,73,1,1,Divided With Median Barrier,3,2941489.18891697,1905205.63744856,41.87316678,-87.79874679,,Urban,1,N,(N/A),Y,(N/A)
2021,2021-10-03,Sunday,01,01:15 AM,Property Damage,No Injuries,0,0,0,0,0,2,Sideswipe Same Direction,12,N,N,Improper Overtaking/Passing,Driving Skills/Knowledge/Experience,Darkness / Lighted Road,Clear,Dry,N,,,,,No Controls,No Controls,N,2,41.8737149,-87.8038088,ok,Partial Access Control,3,03-21-14512,2021,,4,15,50000 and OVER,9,4295,Oak Park,C,Urban InterState,,16,3,11464227,10,Cook,0,21,,,7,N,No,(UNK),202101317110,ISP,5,21.61,Y,,,,(UNK),93331,(N/A),(UNK),No Defects,1,1,InterState,1,9290,X002394999,Not Toll,73,1,1,Divided With Median Barrier,3,2940106.60303831,1905364.54227213,41.87370703,-87.80380304,,Urban,1,N,(N/A),Y,(N/A)
2021,2021-03-13,Saturday,20,08:00 PM,Property Damage,No Injuries,0,0,0,0,0,4,Front to Rear,11,N,N,Failing to Reduce Speed to Avoid Crash,Following Too Closely,Darkness / Lighted Road,Clear,Dry,N,,,,,Other,Functioning Properly,N,3,41.8726362,-87.7939989,ok,Partial Access Control,3,03-20-03059,2021,,28,3,50000 and OVER,9,4295,Oak Park,C,Urban InterState,,16,13,11213001,3,Cook,0,21,,,6,N,No,(UNK),202101077075,ISP,5,22.07,Y,,,,(UNK),93616,(N/A),(UNK),No Defects,1,1,InterState,1,9290,X002181314,Not Toll,73,13,4,Divided With Median Barrier,3,2942789.36563394,1905045.21765091,41.8726284,-87.79399311,,Urban,1,N,(N/A),Y,(N/A)
2021,2021-03-04,Thursday,16,04:24 PM,Property Damage,No Injuries,0,0,0,0,0,2,Angle,15,N,N,Disregarding Stop Sign,(N/A),Daylight,Clear,Dry,N,,,,,Stop Sign,Functioning Properly,Y,2,41.8672656,-87.7766397,ok,(UNK),1,2101371,2021,,23,99,50000 and OVER,9,4295,Oak Park,C,Urban Local Road or Street,,16,4,11213595,3,Cook,0,21,,,4,N,No,Free Flow,202101077652,City,1,0,N,,,,(UNK),94465,(N/A),(UNK),No Defects,1,1,Local Road or Street,7,,X002180137,Not Toll,73,2,4,Not Divided,1,2947572.02431007,1903219.29420785,41.86725774,-87.77663393,,Urban,1,N,(N/A),Y,(N/A)