crash_year,crash_date,day_of_week,crash_hour,time_of_crash,crash_severity,crash_injury_severity,total_injured,total_fatals,a_injuries,b_injuries,c_injuries,no_injuries,type_of_first_crash,collision_type_code,pedestrian_involved,pedalcyclist_involved,cause1,cause2,lighting_cond,weather_cond,road_surface_cond,intersection_related,is_intersection,highway_or_street_name,at_intersection_with,address_no,traffic_control_device,traffic_control_device_cond,hit_and_run,number_of_vehicles,latitude,longitude,location_status,access_control,agency_code,agency_report_number,agency_report_year,alignment_code,cause1_code,cause2_code,city_class,city_class_code,city_code,city_name,city_township_flag,class_of_trafficway,class_of_trafficway_code,county_code,crash_day,crash_id,crash_month,crash_report_county,crash_severity_cd,crash_yr_source,damaged_property1,damaged_property2,day_of_week_code,did_crash_occur_in_work_zone,did_involve_secondary_crash,flow_condition,icn,investigating_agency_descrip,light_condition_code,mile_station,nhs,non_intersection_direction,non_intersection_distance,non_intersection_units,number_of_lanes,objectid,railroad_crossing_number,road_alignment,road_defects,road_defects_code,road_surface_condition_code,roadway_functional_class,roadway_functional_class_code,route_number,sfe,toll,township,traffic_control_device_code,traffic_control_device_cond_code,trafficway_descrip,trafficway_description_code,ts_crash_coordinate_x,ts_crash_coordinate_y,ts_crash_latitude,ts_crash_longitude,type_report,urban_rural,weather_code,were_workers_present,work_zone,work_zone_related,work_zone_type
2021,2021-03-06,Saturday,15,03:09 PM,Injury,B Injury Crash,1,0,0,1,0,2,Front to Rear,11,N,N,Failing to Reduce Speed to Avoid Crash,(N/A),Daylight,Clear,Dry,N,,,,,Traffic Signal,Functioning Properly,N,2,41.8817422,-87.7835132,ok,(UNK),1,2101419,2021,,28,99,50000 and OVER,9,4295,Oak Park,C,Urban Major Collector,,16,6,11213596,3,Cook,2,21,,,6,N,No,Slow,202101077653,City,1,1.08,N,,,,(UNK),94466,(N/A),(UNK),No Defects,1,1,Major Collector,5,5,X002180138,Not Toll,73,3,4,"Divided, No Median Barrier",2,2945553.18035023,1908442.73996122,41.88173431,-87.78350739,,Urban,1,N,(N/A),Y,(N/A)
2021,2021-03-06,Saturday,12,12:39 PM,Property Damage,No Injuries,0,0,0,0,0,2,Parked Motor Vehicle,9,N,N,Unable to Determine,Unable to Determine,Daylight,Clear,Dry,N,,,,,No Controls,No Controls,N,2,41.8883906,-87.786457,ok,(UNK),1,2101411,2021,,18,18,50000 and OVER,9,4295,Oak Park,C,Urban Major Collector,,16,6,11213597,3,Cook,0,21,,,6,N,No,Free Flow,202101077654,City,1,0.77,N,,,,(UNK),94467,(N/A),(UNK),No Defects,1,1,Major Collector,5,1405,X002180139,Not Toll,73,1,1,Not Divided,1,2944684.25921557,1910843.29166201,41.88838273,-87.78645117,,Urban,1,N,(N/A),Y,(N/A)
2021,2021-03-07,Sunday,16,04:56 PM,Property Damage,No Injuries,0,0,0,0,0,1,Parked Motor Vehicle,9,N,N,Failing to Reduce Speed to Avoid Crash,Improper Lane Usage,Dusk,Clear,Dry,N,,,,,No Controls,No Controls,N,2,41.8903805,-87.774993,ok,(UNK),1,2101439,2021,,28,20,50000 and OVER,9,4295,Oak Park,C,Urban Minor Arterial,,16,7,11213598,3,Cook,0,21,,,7,N,No,Free Flow,202101077655,City,3,6.96,N,,,,(UNK),94468,(N/A),(UNK),No Defects,1,1,Minor Arterial,4,2790,X002180140,Not Toll,,1,1,Not Divided,1,2947785.705694,1911655.30811619,41.89037267,-87.77498725,,Urban,1,N,(N/A),Y,(N/A)
2021,2021-03-08,Monday,06,06:59 AM,Property Damage,No Injuries,0,0,0,0,0,1,Parked Motor Vehicle,9,N,N,Unable to Determine,(N/A),Unknown,Clear,Dry,N,,,,,No Controls,Unknown,Y,2,41.8946714,-87.7781657,ok,(UNK),1,2101448,2021,,18,99,50000 and OVER,9,4295,Oak Park,C,Urban Minor Arterial,,16,8,11213600,3,Cook,0,21,,,1,N,No,Free Flow,202101077656,City,9,3.97,N,,,,(UNK),94498,(N/A),(UNK),No Defects,1,1,Minor Arterial,4,1398,X002180142,Not Toll,73,1,9,Not Divided,1,2946878.26025934,1913194.90148172,41.89466352,-87.77815988,,Urban,1,N,(N/A),Y,(N/A)
2021,2021-03-06,Saturday,12,12:08 PM,Property Damage,No Injuries,0,0,0,0,0,2,Angle,15,N,N,Failing to Yield Right of Way,Unable to Determine,Daylight,Clear,Dry,Y,,,,,No Controls,No Controls,N,2,41.8742751,-87.7940551,ok,(UNK),1,2101410,2021,,2,18,50000 and OVER,9,4295,Oak Park,C,Urban Major Collector,,16,6,11213601,3,Cook,0,21,,,6,N,No,Free Flow,202101077657,City,1,0,N,,,,(UNK),94499,(N/A),(UNK),No Defects,1,1,Major Collector,5,,X002180143,Not Toll,73,1,1,Not Divided,1,2942757.53180067,1905642.00793642,41.87426722,-87.79404935,,Urban,1,N,(N/A),Y,(N/A)
2021,2021-03-06,Saturday,14,02:55 PM,Property Damage,No Injuries,0,0,0,0,0,1,Parked Motor Vehicle,9,N,N,Failing to Reduce Speed to Avoid Crash,Unable to Determine,Daylight,Clear,Dry,N,,,,,No Controls,No Controls,N,2,41.8689967,-87.799124,ok,(UNK),1,2101418,2021,,28,18,50000 and OVER,9,4295,Oak Park,C,Urban Local Road or Street,,16,6,11213602,3,Cook,0,21,,,6,N,No,Free Flow,202101077658,City,1,0.22,N,,,,(UNK),94500,(N/A),(UNK),No Defects,1,1,Local Road or Street,7,2700,X002180144,Not Toll,73,1,1,Not Divided,1,2941430.05317169,1903680.35276817,41.8689889,-87.79911816,,Urban,1,N,(N/A),Y,(N/A)
2021,2021-03-05,Friday,14,02:51 PM,Property Damage,No Injuries,0,0,0,0,0,2,Sideswipe Same Direction,12,N,N,Failing to Yield Right of Way,Failing to Reduce Speed to Avoid Crash,Daylight,Clear,Dry,Y,,,,,Traffic Signal,Functioning Properly,N,2,41.8867127,-87.8049544,ok,(UNK),1,2101397,2021,,2,28,50000 and OVER,9,4295,Oak Park,C,Urban Other Principal Arte,,16,5,11213605,3,Cook,0,21,,,5,N,No,Free Flow,202101077661,City,1,26.51,Y,,,,(UNK),94501,(N/A),(UNK),No Defects,1,1,Other Principal Arterial,3,5043,X002180148,Not Toll,73,3,4,Not Divided,1,2939664.19135672,1910092.6053961,41.88670489,-87.80494855,,Urban,1,N,(N/A),Y,(N/A)
2021,2021-03-05,Friday,17,05:30 PM,Property Damage,No Injuries,0,0,0,0,0,1,Parked Motor Vehicle,9,N,N,Failing to Reduce Speed to Avoid Crash,Unable to Determine,Unknown,Unknown,Dry,N,,,,,No Controls,No Controls,Y,2,41.8848792,-87.7985616,ok,(UNK),1,2101415,2021,,28,18,50000 and OVER,9,4295,Oak Park,C,Urban Local Road or Street,,16,5,11213608,3,Cook,0,21,,,5,N,No,Free Flow,202101077664,City,9,0.16,N,,,,(UNK),94502,(N/A),(UNK),No Defects,1,1,Local Road or Street,7,2693,X002180151,Not Toll,73,1,1,Not Divided,1,2941423.46420929,1909472.44488999,41.88487138,-87.79855576,,Urban,9,N,(N/A),Y,(N/A)
2021,2021-10-07,Thursday,10,10:03 AM,Property Damage,No Injuries,0,0,0,0,0,2,Front to Rear,11,N,N,Failing to Reduce Speed to Avoid Crash,Following Too Closely,Daylight,Rain,Wet,N,,,,,Traffic Signal,Functioning Properly,N,2,41.8689678,-87.7840958,ok,(UNK),1,2106191,2021,,28,3,50000 and OVER,9,4295,Oak Park,C,Urban Major Collector,,16,7,11466703,10,Cook,0,21,,,4,N,No,Stopped,202101318746,City,1,0,N,,,,(UNK),94524,(N/A),(UNK),No Defects,1,2,Major Collector,5,,X002396538,Not Toll,73,3,4,"Divided, No Median Barrier",2,2945523.81139511,1903783.11710347,41.86895994,-87.78409,,Urban,2,N,(N/A),Y,(N/A)
2021,2021-03-06,Saturday,16,04:19 PM,Injury,B Injury Crash,1,0,0,1,0,0,Parked Motor Vehicle,9,N,N,Failing to Yield Right of Way,Failing to Reduce Speed to Avoid Crash,Daylight,Clear,Dry,N,,,,,No Controls,No Controls,N,2,41.8801539,-87.7748476,ok,(UNK),1,2101423,2021,,2,28,50000 and OVER,9,4295,Oak Park,C,Urban Minor Arterial,,16,6,11213610,3,Cook,2,21,,,6,N,No,Slow,202101077666,City,1,0,N,,,,(UNK),94561,(N/A),(UNK),No Defects,1,1,Minor Arterial,4,,X002180153,Not Toll,73,1,1,Divided With Median Barrier,3,2947929.23324932,1907929.64752665,41.88014608,-87.77484183,,Urban,1,N,(N/A),Y,(N/A)
2021,2021-03-08,Monday,15,03:15 PM,Property Damage,No Injuries,0,0,0,0,0,3,Angle,15,N,N,Failing to Yield Right of Way,Failing to Reduce Speed to Avoid Crash,Daylight,Clear,Dry,Y,,,,,Stop Sign,Functioning Properly,N,2,41.8763833,-87.7757512,ok,(UNK),1,2101454,2021,,2,28,50000 and OVER,9,4295,Oak Park,C,Urban Local Road or Street,,16,8,11213611,3,Cook,0,21,,,1,N,No,Free Flow,202101077667,City,1,0,N,,,,(UNK),94562,(N/A),(UNK),No Defects,1,1,Local Road or Street,7,,X002180154,Not Toll,73,2,4,Four Way,14,2947721.46225818,1906548.68803091,41.87637542,-87.77574537,,Urban,1,N,(N/A),Y,(N/A)
2021,2021-03-08,Monday,17,05:57 PM,Injury,B Injury Crash,1,0,0,1,0,6,Angle,15,N,N,Failing to Yield Right of Way,Vision Obscured,Darkness / Lighted Road,Clear,Dry,Y,,,,,Stop Sign,Functioning Properly,N,2,41.8715875,-87.7890758,ok,(UNK),1,2101462,2021,,2,14,50000 and OVER,9,4295,Oak Park,C,Urban Minor Collector,,16,8,11213612,3,Cook,2,21,,,1,N,No,Slow,202101077668,City,5,0,N,,,,(UNK),94563,(N/A),(UNK),No Defects,1,1,Minor Collector,6,,X002180156,Not Toll,73,2,4,Four Way,14,2944140.87278073,1904700.14869678,41.87157963,-87.78906999,,Urban,1,N,(N/A),Y,(N/A)
2021,2021-03-08,Monday,20,08:03 PM,Injury,B Injury Crash,1,0,0,1,0,1,Angle,15,N,N,Failing to Yield Right of Way,Distraction - From Outside Vehicle,Darkness / Lighted Road,Cloudy/Overcast,Dry,Y,,,,,Stop Sign,Functioning Properly,N,2,41.8763256,-87.7806639,ok,(UNK),1,2101465,2021,,2,40,50000 and OVER,9,4295,Oak Park,C,Urban Local Road or Street,,16,8,11213626,3,Cook,2,21,,,1,N,No,Free Flow,202101077671,City,5,0,N,,,,(UNK),94564,(N/A),(UNK),No Defects,1,1,Local Road or Street,7,,X002180159,Not Toll,73,2,4,Four Way,14,2946384.03436988,1906490.42820598,41.87631778,-87.78065812,,Urban,8,N,(N/A),Y,(N/A)
2021,2021-03-09,Tuesday,21,09:54 PM,Property Damage,No Injuries,0,0,0,0,0,2,Front to Rear,11,N,N,Unable to Determine,Unable to Determine,Darkness / Lighted Road,Clear,Dry,Y,,,,,Traffic Signal,Functioning Properly,Y,2,41.8872819,-87.794474,ok,(UNK),1,2101488,2021,,18,18,50000 and OVER,9,4295,Oak Park,C,Urban Major Collector,,16,9,11213629,3,Cook,0,21,,,2,N,No,Stopped,202101077672,City,5,0,N,,,,(UNK),94565,(N/A),(UNK),No Defects,1,1,Major Collector,5,,X002180160,Not Toll,73,3,4,Divided With Median Barrier,3,2942512.36370538,1910378.7701254,41.88727402,-87.79446821,,Urban,1,N,(N/A),Y,(N/A)
2021,2021-03-11,Thursday,17,05:19 PM,Injury,B Injury Crash,1,0,0,1,0,1,Turning,10,N,N,Failing to Yield Right of Way,Failing to Reduce Speed to Avoid Crash,Dusk,Clear,Dry,Y,,,,,Traffic Signal,Functioning Properly,N,2,41.8796772,-87.7998665,ok,(UNK),1,2101536,2021,,2,28,50000 and OVER,9,4295,Oak Park,C,Urban Minor Arterial,,16,11,11213640,3,Cook,2,21,,,4,N,No,Slow,202101077676,City,3,0,N,,,,(UNK),94567,(N/A),(UNK),No Defects,1,1,Minor Arterial,4,,X002180162,Not Toll,73,3,4,Not Divided,1,2941120.42505681,1907566.92467489,41.87966936,-87.79986066,,Urban,1,N,(N/A),Y,(N/A)
2021,2021-03-11,Thursday,23,11:52 PM,Property Damage,No Injuries,0,0,0,0,0,1,Parked Motor Vehicle,9,N,N,Under Influence of Alcohol/Drugs,Operating Vehicle In Reckless Manner,Darkness / Lighted Road,Clear,Dry,N,,,,,No Controls,No Controls,Y,2,41.8672643,-87.7767128,ok,(UNK),1,2101542,2021,,8,50,50000 and OVER,9,4295,Oak Park,C,Urban Local Road or Street,,16,11,11213641,3,Cook,0,21,,,4,N,No,(UNK),202101077677,City,5,1.39,N,,,,(UNK),94568,(N/A),(UNK),No Defects,1,1,Local Road or Street,7,4102,X002180163,Not Toll,73,1,1,Not Divided,1,2947552.12198522,1903218.27886769,41.86725648,-87.77670704,,Urban,1,N,(N/A),Y,(N/A)
2021,2021-09-30,Thursday,15,03:00 PM,Property Damage,No Injuries,0,0,0,0,0,1,Fixed Object,6,N,N,Unable to Determine,(N/A),Daylight,Clear,Dry,N,,,,,No Controls,No Controls,Y,1,41.8908296,-87.7975633,ok,(UNK),1,2106059,2021,,18,99,50000 and OVER,9,4295,Oak Park,C,Urban Local Road or Street,,16,30,11465446,9,Cook,0,21,CANOPY/AWNING,,4,N,No,Slow,202101317573,City,1,0.24,N,,,,(UNK),94718,(N/A),(UNK),No Defects,1,1,Local Road or Street,7,2690,X002395456,Not Toll,73,1,1,Driveway,13,2941635.41629083,1911648.37219856,41.89082174,-87.79755748,,Urban,1,N,(N/A),Y,(N/A)
2021,2021-10-06,Wednesday,09,09:26 AM,Property Damage,No Injuries,0,0,0,0,0,1,Parked Motor Vehicle,9,N,N,Improper Lane Usage,Unable to Determine,Daylight,Cloudy/Overcast,Dry,N,,,,,No Controls,No Controls,N,2,41.8796517,-87.8013001,ok,(UNK),1,2106165,2021,,20,18,50000 and OVER,9,4295,Oak Park,C,Urban Minor Arterial,,16,6,11465449,10,Cook,0,21,,,3,N,No,Free Flow,202101317576,City,1,3.25,N,,,,(UNK),94719,(N/A),(UNK),No Defects,1,1,Minor Arterial,4,1419,X002395460,Not Toll,73,1,1,Not Divided,1,2940730.25262402,1907546.84592179,41.87964382,-87.80129427,,Urban,8,N,(N/A),Y,(N/A)
2021,2021-10-05,Tuesday,15,03:27 PM,Property Damage,No Injuries,0,0,0,0,0,1,Parked Motor Vehicle,9,N,N,Failing to Reduce Speed to Avoid Crash,Unable to Determine,Daylight,Clear,Dry,N,,,,,No Controls,No Controls,Y,2,41.8673336,-87.776643,ok,(UNK),1,2106154,2021,,28,18,50000 and OVER,9,4295,Oak Park,C,Urban Local Road or Street,,16,5,11466278,10,Cook,0,21,,,2,N,No,Free Flow,202101318368,City,1,0.2,N,,,,(UNK),94762,(N/A),(UNK),No Defects,1,1,Local Road or Street,7,2610,X002396248,Not Toll,73,1,1,Not Divided,1,2947570.43608864,1903244.04243675,41.86732572,-87.77663723,,Urban,1,N,(N/A),Y,(N/A)
2021,2021-10-06,Wednesday,17,05:58 PM,Property Damage,No Injuries,0,0,0,0,0,2,Turning,10,N,N,Failing to Reduce Speed to Avoid Crash,Vision Obscured,Darkness / Lighted Road,Clear,Dry,N,,,,,Stop Sign,Functioning Properly,N,2,41.8983499,-87.7764422,ok,(UNK),1,2106182,2021,,28,14,50000 and OVER,9,4295,Oak Park,C,Urban Local Road or Street,,16,6,11465460,10,Cook,0,21,,,3,N,No,Free Flow,202101317588,City,5,0,N,,,,(UNK),94836,(N/A),(UNK),No Defects,1,1,Local Road or Street,7,,X002395464,Not Toll,73,2,4,T-Intersection,15,2947310.16330958,1914548.51019151,41.89834206,-87.77643639,,Urban,1,N,(N/A),Y,(N/A)
2021,2021-10-07,Thursday,02,02:15 AM,Injury,C Injury Crash,1,0,0,0,1,0,Parked Motor Vehicle,9,N,N,Failing to Reduce Speed to Avoid Crash,Unable to Determine,Darkness / Lighted Road,Clear,Dry,N,,,,,No Controls,No Controls,Y,3,41.8658279,-87.7778019,ok,(UNK),1,2106187,2021,,28,18,50000 and OVER,9,4295,Oak Park,C,Urban Local Road or Street,,16,7,11466599,10,Cook,1,21,,,4,N,Yes,Free Flow,202101318653,City,5,0.32,N,,,,(UNK),96376,(N/A),(UNK),No Defects,1,1,Local Road or Street,7,2613,X002396534,Not Toll,73,1,1,Not Divided,1,2947270.03933979,1902686.55091161,41.86582003,-87.77779612,,Urban,1,N,(N/A),Y,(N/A)
2021,2021-07-11,Sunday,18,06:48 PM,Property Damage,No Injuries,0,0,0,0,0,2,Front to Rear,11,N,N,Failing to Reduce Speed to Avoid Crash,Unable to Determine,Daylight,Clear,Dry,N,,,,,Traffic Signal,Functioning Properly,Y,2,41.8798675,-87.7844362,ok,(UNK),1,2104141,2021,,28,18,50000 and OVER,9,4295,Oak Park,C,Urban Minor Arterial,,16,11,11352681,7,Cook,0,21,,,7,N,No,Stopped,202101212957,City,1,1.52,N,,,,(UNK),97030,(N/A),(UNK),No Defects,1,1,Minor Arterial,4,2783,X002300565,Not Toll,73,3,4,Not Divided,1,2945320.79762829,1907752.60484051,41.87985967,-87.78443037,,Urban,1,N,(N/A),Y,(N/A)
2021,2021-07-09,Friday,13,01:04 PM,Property Damage,No Injuries,0,0,0,0,0,2,Sideswipe Same Direction,12,N,N,Unable to Determine,Unable to Determine,Daylight,Rain,Wet,N,,,,,No Controls,No Controls,N,2,41.8864268,-87.8049418,ok,(UNK),1,21-02069,2021,,18,18,50000 and OVER,9,4295,Oak Park,C,Urban Other Principal Arte,,16,9,11352685,7,Cook,0,21,,,5,N,No,Slow,202101212961,City,1,19.21,Y,,,,(UNK),97032,(N/A),(UNK),No Defects,1,2,Other Principal Arterial,3,348,X002300736,Not Toll,73,1,1,"Divided, No Median Barrier",2,2939670.4714226,1909988.48878561,41.88641892,-87.80493602,,Urban,2,N,(N/A),Y,(N/A)
2021,2021-03-15,Monday,17,05:30 PM,Property Damage,No Injuries,0,0,0,0,0,2,Front to Rear,11,N,N,Failing to Reduce Speed to Avoid Crash,Following Too Closely,Daylight,Clear,Wet,N,,,,,No Controls,No Controls,N,2,41.8685802,-87.804331,ok,(UNK),1,21-00868,2021,,28,3,50000 and OVER,9,4295,Oak Park,C,Urban Other Principal Arte,,16,15,11214803,3,Cook,0,21,,,1,N,No,Slow,202101078314,City,1,20.45,Y,,,,(UNK),97302,(N/A),(UNK),No Defects,1,2,Other Principal Arterial,3,348,X002182487,Not Toll,73,1,1,"Divided, No Median Barrier",2,2940015.91175021,1903489.45686965,41.86857234,-87.80432519,,Urban,1,N,(N/A),Y,(N/A)
2021,2021-03-05,Friday,07,07:40 AM,Property Damage,No Injuries,0,0,0,0,0,2,Front to Rear,11,N,N,Following Too Closely,Failing to Reduce Speed to Avoid Crash,Daylight,Clear,Dry,N,,,,,No Controls,No Controls,Y,2,41.8737607,-87.80435,ok,Partial Access Control,3,03-21-03119,2021,,3,28,50000 and OVER,9,4295,Oak Park,C,Urban InterState,,16,5,11215323,3,Cook,0,21,,,5,N,No,(UNK),202101078815,ISP,1,21.59,Y,,,,(UNK),97589,(N/A),(UNK),No Defects,1,1,InterState,1,9290,X002183024,Not Toll,73,1,1,Divided With Median Barrier,3,2939958.75284697,1905377.17859207,41.87375284,-87.80434419,,Urban,1,N,(N/A),Y,(N/A)
2021,2021-12-11,Saturday,18,06:47 PM,Property Damage,No Injuries,0,0,0,0,0,3,Sideswipe Opposite Direction,13,N,N,Operating Vehicle In Reckless Manner,Driving Skills/Knowledge/Experience,Darkness,Clear,Dry,N,,,,,No Controls,No Controls,N,3,41.8703575,-87.8043935,ok,(UNK),1,21-03669,2021,,50,15,50000 and OVER,9,4295,Oak Park,C,Urban Other Principal Arte,,16,11,11552047,12,Cook,0,21,,,6,N,No,Free Flow,202101399878,City,4,20.32,Y,,,,(UNK),97624,(N/A),(UNK),No Defects,1,1,Other Principal Arterial,3,348,X002470023,Not Toll,73,1,1,"Divided, No Median Barrier",2,2939981.05648152,1904136.67562961,41.87034966,-87.80438768,,Urban,1,N,(N/A),Y,(N/A)
2021,2021-03-05,Friday,16,04:00 PM,Property Damage,No Injuries,0,0,0,0,0,3,Front to Rear,11,N,N,Following Too Closely,Failing to Reduce Speed to Avoid Crash,Daylight,Clear,Dry,N,,,,,No Controls,No Controls,N,2,41.8726214,-87.7938196,ok,Partial Access Control,3,03-21-03249,2021,,3,28,50000 and OVER,9,4295,Oak Park,C,Urban InterState,,16,5,11215328,3,Cook,0,21,,,5,N,No,(UNK),202101078820,ISP,1,22.08,Y,,,,(UNK),97683,(N/A),(UNK),No Defects,1,1,InterState,1,9290,X002183029,Not Toll,73,1,1,Divided With Median Barrier,3,2942838.35601057,1905041.16644649,41.87261358,-87.79381379,,Urban,1,N,(N/A),Y,(N/A)
2021,2021-03-14,Sunday,13,01:38 PM,Property Damage,No Injuries,0,0,0,0,0,4,Front to Rear,11,N,N,Failing to Reduce Speed to Avoid Crash,Driving Skills/Knowledge/Experience,Daylight,Clear,Dry,N,,,,,No Controls,No Controls,N,2,41.8700352,-87.8043868,ok,(UNK),1,21-00852,2021,,28,15,50000 and OVER,9,4295,Oak Park,C,Urban Other Principal Arte,,16,14,11214461,3,Cook,0,21,,,7,N,No,Stopped,202101078001,City,1,20.34,Y,,,,(UNK),97929,(N/A),(UNK),No Defects,1,1,Other Principal Arterial,3,348,X002182173,Not Toll,73,1,1,"Divided, No Median Barrier",2,2939986.11655656,1904019.28138425,41.87002738,-87.80438097,,Urban,1,N,(N/A),Y,(N/A)
2021,2021-03-11,Thursday,10,10:30 AM,Property Damage,No Injuries,0,0,0,0,0,2,Front to Rear,11,N,N,Following Too Closely,Failing to Reduce Speed to Avoid Crash,Daylight,Clear,Dry,N,,,,,Other,Functioning Properly,Y,2,41.8713771,-87.7767403,ok,Partial Access Control,3,03-21-03382,2021,,3,28,50000 and OVER,9,4295,Oak Park,C,Urban InterState,,16,11,11214536,3,Cook,0,21,,,4,N,No,(UNK),202101078080,ISP,1,22.97,Y,,,,(UNK),98315,(N/A),(UNK),No Defects,1,1,InterState,1,9290,X002182245,Not Toll,73,13,4,Divided With Median Barrier,3,2947502.88131357,1904716.85633623,41.8713693,-87.77673454,,Urban,1,N,(N/A),Y,(N/A)
2021,2021-03-05,Friday,19,07:00 PM,Property Damage,No Injuries,0,0,0,0,0,3,Turning,10,N,N,Failing to Yield Right of Way,Improper Turning/No Signal,Darkness / Lighted Road,Clear,Dry,N,,,,,Traffic Signal,Functioning Properly,N,2,41.8653396,-87.7839018,ok,(UNK),1,2101401,2021,,2,6,50000 and OVER,9,4295,Oak Park,C,Urban Other Principal Arte,,16,5,11214612,3,Cook,0,21,,,5,N,No,Slow,202101078151,City,5,7.03,Y,,,,(UNK),98703,(N/A),(UNK),No Defects,1,1,Other Principal Arterial,3,347,X002182270,Not Toll,52,3,4,Not Divided,1,2945613.38155439,1902462.39779583,41.86533172,-87.78389597,,Urban,1,N,(N/A),Y,(N/A)
2021,2021-07-02,Friday,19,07:24 PM,Property Damage,No Injuries,0,0,0,0,0,2,Angle,15,N,N,Failing to Yield Right of Way,Unable to Determine,Daylight,Clear,Dry,N,,,,,Traffic Signal,Functioning Properly,Y,2,41.9091646,-87.7833533,ok,(UNK),1,2104056,2021,,2,18,50000 and OVER,9,4295,Oak Park,C,Urban Other Principal Arte,,16,2,11353529,7,Cook,0,21,,,5,N,No,Slow,202101213396,City,1,130.32,Y,,,,(UNK),98733,(N/A),(UNK),No Defects,1,1,Other Principal Arterial,3,5064,X002301100,Not Toll,73,3,4,Not Divided,1,2945318.98038592,1918437.21963101,41.90915674,-87.78334749,,Urban,1,N,(N/A),Y,(N/A)
2021,2021-07-09,Friday,11,11:56 AM,Property Damage,No Injuries,0,0,0,0,0,2,Front to Rear,11,N,N,Failing to Reduce Speed to Avoid Crash,Following Too Closely,Daylight,Clear,Dry,N,,,,,No Controls,No Controls,Y,2,41.8945877,-87.7832607,ok,(UNK),1,2104077,2021,,28,3,50000 and OVER,9,4295,Oak Park,C,Urban Minor Arterial,,16,9,11353620,7,Cook,0,21,,,5,N,No,Free Flow,202101213510,City,1,0,N,,,,(UNK),99385,(N/A),(UNK),No Defects,1,1,Minor Arterial,4,,X002301163,Not Toll,73,1,1,Not Divided,1,2945491.85107475,1913125.79895767,41.89457982,-87.7832549,,Urban,1,N,(N/A),Y,(N/A)
2021,2021-03-15,Monday,15,03:28 PM,Property Damage,No Injuries,0,0,0,0,0,2,Angle,15,N,N,Failing to Yield Right of Way,Failing to Reduce Speed to Avoid Crash,Daylight,Snow,Snow or Slush,N,,,,,No Controls,No Controls,N,2,41.8795952,-87.7844284,ok,(UNK),1,2101599,2021,,2,28,50000 and OVER,9,4295,Oak Park,C,Urban Major Collector,,16,15,11216153,3,Cook,0,21,,,1,N,No,Slow,202101079598,City,1,1.54,N,,,,(UNK),99465,(N/A),(UNK),No Defects,1,3,Major Collector,5,2783,X002183713,Not Toll,73,1,1,"Divided, No Median Barrier",2,2945325.66433735,1907653.42846659,41.87958736,-87.78442262,,Urban,3,N,(N/A),Y,(N/A)
2021,2021-03-15,Monday,13,01:12 PM,Property Damage,No Injuries,0,0,0,0,0,2,Front to Rear,11,N,N,Failing to Reduce Speed to Avoid Crash,Following Too Closely,Daylight,Snow,Snow or Slush,Y,,,,,Stop Sign,Functioning Properly,Y,2,41.8707778,-87.7792158,ok,(UNK),1,2101593,2021,,28,3,50000 and OVER,9,4295,Oak Park,C,Urban Minor Collector,,16,15,11216160,3,Cook,0,21,,,1,N,No,Free Flow,202101079605,City,1,0,N,,,,(UNK),99504,(N/A),(UNK),No Defects,1,3,Minor Collector,6,,X002183709,Not Toll,73,2,4,Not Divided,1,2946834.70176392,1904479.68816293,41.87077,-87.77921,,Urban,3,N,(N/A),Y,(N/A)
2021,2021-03-07,Sunday,00,00:50 AM,Property Damage,No Injuries,0,0,0,0,0,2,Fixed Object,6,N,N,(N/A),(N/A),Darkness,Clear,Dry,N,,,,,No Controls,No Controls,N,1,41.8865632,-87.8025289,ok,(UNK),1,2101427,2021,,99,99,50000 and OVER,9,4295,Oak Park,C,Urban Local Road or Street,,16,7,11216171,3,Cook,0,21,MARBLE SIDING OF BUILDING,MARBLE SIDING OF BUILDING,7,N,No,Free Flow,202101079614,City,4,0.1,N,,,,(UNK),99575,(N/A),(UNK),No Defects,1,1,Local Road or Street,7,2056,X002183708,Not Toll,73,1,1,Not Divided,1,2940326.16917008,1910056.29284572,41.88655531,-87.8025231,,Urban,1,N,(N/A),Y,(N/A)
2021,2021-03-15,Monday,13,01:00 PM,Injury,B Injury Crash,1,0,0,1,0,1,Pedestrian,1,Y,N,Failing to Yield Right of Way,Driving Skills/Knowledge/Experience,Daylight,Blowing Snow,Snow or Slush,Y,,,,,Traffic Signal,Functioning Properly,N,1,41.8907923,-87.805117,ok,(UNK),1,2100264,2021,,2,15,50000 and OVER,9,4295,Oak Park,C,Urban Other Principal Arte,,16,15,11216270,3,Cook,2,21,,,1,N,No,Free Flow,202101079723,City,1,26.8,Y,,,,(UNK),99966,(N/A),(UNK),No Defects,1,3,Other Principal Arterial,3,5043,X002183827,Not Toll,73,3,4,T-Intersection,15,2939578.9667803,1911578.04396585,41.89078442,-87.80511119,,Urban,11,N,(N/A),Y,(N/A)
2021,2021-07-09,Friday,14,02:36 PM,Property Damage,No Injuries,0,0,0,0,0,3,Angle,15,N,N,Failing to Yield Right of Way,Unable to Determine,Daylight,Clear,Dry,N,,,,,No Controls,No Controls,N,2,41.8727314,-87.7789457,ok,(UNK),1,2104083,2021,,2,18,50000 and OVER,9,4295,Oak Park,C,Urban Local Road or Street,,16,9,11353771,7,Cook,0,21,,,5,N,No,Free Flow,202101213674,City,1,0.28,N,,,,(UNK),100220,(N/A),(UNK),No Defects,1,1,Local Road or Street,7,4060,X002301333,Not Toll,73,1,1,Not Divided,1,2946888.45039426,1905193.64772212,41.87272356,-87.77893993,,Urban,1,N,(N/A),Y,(N/A)