crash_year,crash_date,day_of_week,crash_hour,time_of_crash,crash_severity,crash_injury_severity,total_injured,total_fatals,a_injuries,b_injuries,c_injuries,no_injuries,type_of_first_crash,collision_type_code,pedestrian_involved,pedalcyclist_involved,cause1,cause2,lighting_cond,weather_cond,road_surface_cond,intersection_related,is_intersection,highway_or_street_name,at_intersection_with,address_no,traffic_control_device,traffic_control_device_cond,hit_and_run,number_of_vehicles,latitude,longitude,location_status,access_control,agency_code,agency_report_number,agency_report_year,alignment_code,cause1_code,cause2_code,city_class,city_class_code,city_code,city_name,city_township_flag,class_of_trafficway,class_of_trafficway_code,county_code,crash_day,crash_id,crash_month,crash_report_county,crash_severity_cd,crash_yr_source,damaged_property1,damaged_property2,day_of_week_code,did_crash_occur_in_work_zone,did_involve_secondary_crash,flow_condition,icn,investigating_agency_descrip,light_condition_code,mile_station,nhs,non_intersection_direction,non_intersection_distance,non_intersection_units,number_of_lanes,objectid,railroad_crossing_number,road_alignment,road_defects,road_defects_code,road_surface_condition_code,roadway_functional_class,roadway_functional_class_code,route_number,sfe,toll,township,traffic_control_device_code,traffic_control_device_cond_code,trafficway_descrip,trafficway_description_code,ts_crash_coordinate_x,ts_crash_coordinate_y,ts_crash_latitude,ts_crash_longitude,type_report,urban_rural,weather_code,were_workers_present,work_zone,work_zone_related,work_zone_type
2021,2021-07-09,Friday,17,05:27 PM,Property Damage,No Injuries,0,0,0,0,0,1,Parked Motor Vehicle,9,N,N,Unable to Determine,(N/A),Daylight,Clear,Dry,N,,,,,No Controls,No Controls,Y,2,41.8810588,-87.7910364,ok,(UNK),1,2104090,2021,,18,99,50000 and OVER,9,4295,Oak Park,C,Urban Local Road or Street,,16,9,11353773,7,Cook,0,21,,,5,N,No,Free Flow,202101213676,City,1,0.37,N,,,,(UNK),100221,(N/A),(UNK),No Defects,1,1,Local Road or Street,7,2015,X002301339,Not Toll,73,1,1,"Divided, No Median Barrier",2,2943511.26946935,1908136.89369364,41.88105099,-87.79103059,,Urban,1,N,(N/A),Y,(N/A)
2021,2021-07-08,Thursday,14,02:25 PM,Property Damage,No Injuries,0,0,0,0,0,3,Front to Rear,11,N,N,Failing to Reduce Speed to Avoid Crash,Unable to Determine,Daylight,Clear,Dry,N,,,,,Traffic Signal,Functioning Properly,Y,2,41.8798676,-87.7844362,ok,(UNK),1,2104049,2021,,28,18,50000 and OVER,9,4295,Oak Park,C,Urban Minor Arterial,,16,8,11353496,7,Cook,0,21,,,4,N,No,Stopped,202101213358,City,1,0,N,,,,(UNK),100877,(N/A),(UNK),No Defects,1,1,Minor Arterial,4,,X002301061,Not Toll,73,3,4,Not Divided,1,2945320.79634263,1907752.63104037,41.87985974,-87.78443037,,Urban,1,N,(N/A),Y,(N/A)
2021,2021-07-08,Thursday,15,03:09 PM,Property Damage,No Injuries,0,0,0,0,0,4,Rear to Front,18,N,N,Failing to Reduce Speed to Avoid Crash,Distraction - From Inside Vehicle,Daylight,Clear,Dry,N,,,,,No Controls,No Controls,N,2,41.8797036,-87.7985338,ok,(UNK),1,2104051,2021,,28,41,50000 and OVER,9,4295,Oak Park,C,Urban Minor Arterial,,16,8,11353497,7,Cook,0,21,,,4,N,No,Slow,202101213359,City,1,3.38,N,,,,(UNK),100878,(N/A),(UNK),No Defects,1,1,Minor Arterial,4,1419,X002301063,Not Toll,73,1,1,"Divided, No Median Barrier",2,2941483.09763816,1907586.57315649,41.87969579,-87.798528,,Urban,1,N,(N/A),Y,(N/A)
2021,2021-07-08,Thursday,17,05:42 PM,Property Damage,No Injuries,0,0,0,0,0,2,Rear to Front,18,N,N,Improper Backing,(N/A),Daylight,Clear,Dry,N,,,,,No Controls,No Controls,N,2,41.8728092,-87.7792806,ok,(UNK),1,2104053,2021,,30,99,50000 and OVER,9,4295,Oak Park,C,Urban Minor Collector,,16,8,11353498,7,Cook,0,21,,,4,N,No,Slow,202101213360,City,1,1.05,N,,,,(UNK),100879,(N/A),(UNK),No Defects,1,1,Minor Collector,6,3794,X002301066,Not Toll,73,1,1,Not Divided,1,2946796.46258512,1905219.47720408,41.8728014,-87.77927476,,Urban,1,N,(N/A),Y,(N/A)
2021,2021-07-08,Thursday,17,05:48 PM,Property Damage,No Injuries,0,0,0,0,0,2,Angle,15,N,N,Improper Backing,Failing to Yield Right of Way,Daylight,Cloudy/Overcast,Dry,N,,,,,No Controls,No Controls,N,2,41.887943,-87.7810622,ok,(UNK),1,2104054,2021,,30,2,50000 and OVER,9,4295,Oak Park,C,Rural (UNK),,16,8,11353499,7,Cook,0,21,,,4,N,No,Free Flow,202101213362,City,1,0,N,,,,(UNK),100880,(N/A),(UNK),No Defects,1,1,(UNK),0,,X002301077,No Toll,73,1,1,Not Divided,1,2946157.82164566,1910720.9834469,41.88793511,-87.78105637,,Rural,8,N,(N/A),Y,(N/A)
2021,2021-07-11,Sunday,01,01:56 AM,Property Damage,No Injuries,0,0,0,0,0,4,Sideswipe Same Direction,12,N,N,Failing to Reduce Speed to Avoid Crash,Improper Lane Usage,Darkness / Lighted Road,Clear,Dry,N,,,,,Other,Functioning Properly,Y,4,41.8725196,-87.7944121,ok,Partial Access Control,3,03-21-09862,2021,,28,20,50000 and OVER,9,4295,Oak Park,C,Urban InterState,,16,11,11355997,7,Cook,0,21,,,7,N,No,(UNK),202101216063,ISP,5,8.17,Y,,,,(UNK),101791,(N/A),(UNK),No Defects,1,1,InterState,1,290,X002303343,Not Toll,,13,4,Divided With Median Barrier,3,2942677.99355919,1904999.600578,41.87251177,-87.79440633,,Urban,1,N,(N/A),Y,(N/A)
2021,2021-10-01,Friday,15,03:20 PM,Property Damage,No Injuries,0,0,0,0,0,2,Front to Rear,11,N,N,Failing to Reduce Speed to Avoid Crash,Following Too Closely,Daylight,Clear,Dry,N,,,,,Traffic Signal,Functioning Properly,N,2,41.871234,-87.7744456,ok,Partial Access Control,3,03-21-14465,2021,,28,3,50000 and OVER,9,4295,Oak Park,C,Urban InterState,,16,1,11469076,10,Cook,0,21,,,5,N,No,(UNK),202101321116,ISP,1,23.08,Y,,,,(UNK),103496,(N/A),(UNK),No Defects,1,1,InterState,1,9290,X002398906,Not Toll,73,3,4,Divided With Median Barrier,3,2948129.35733157,1904682.12417437,41.87122619,-87.77443984,,Urban,1,N,(N/A),Y,(N/A)
2021,2021-07-13,Tuesday,16,04:31 PM,Injury,C Injury Crash,2,0,0,0,2,1,Front to Rear,11,N,N,Failing to Reduce Speed to Avoid Crash,Following Too Closely,Daylight,Cloudy/Overcast,Dry,Y,,,,,No Controls,No Controls,N,2,41.8942279,-87.8039452,ok,(UNK),1,2104197,2021,,28,3,50000 and OVER,9,4295,Oak Park,C,Urban Minor Arterial,,16,13,11355893,7,Cook,1,21,,,2,N,No,Stopped,202101215969,City,1,0,N,,,,(UNK),103641,(N/A),(UNK),No Defects,1,1,Minor Arterial,4,,X002303185,Not Toll,73,1,1,T-Intersection,15,2939863.55688538,1912838.82537051,41.89422001,-87.80393935,,Urban,8,N,(N/A),Y,(N/A)
2021,2021-07-13,Tuesday,17,05:23 PM,Property Damage,No Injuries,0,0,0,0,0,1,Parked Motor Vehicle,9,N,N,Failing to Reduce Speed to Avoid Crash,Unable to Determine,Daylight,Clear,Dry,N,,,,,No Controls,No Controls,Y,2,41.878403,-87.7987729,ok,(UNK),1,2104199,2021,,28,18,50000 and OVER,9,4295,Oak Park,C,Urban Local Road or Street,,16,13,11355894,7,Cook,0,21,,,2,N,No,Free Flow,202101215970,City,1,0.09,N,,,,(UNK),103642,(N/A),(UNK),No Defects,1,1,Local Road or Street,7,2693,X002303186,Not Toll,73,1,1,Not Divided,1,2941431.07709722,1907110.79821889,41.87839515,-87.79876705,,Urban,1,N,(N/A),Y,(N/A)
2021,2021-12-06,Monday,04,04:15 AM,Injury,B Injury Crash,1,0,0,1,0,3,Front to Rear,11,N,N,Following Too Closely,Failing to Reduce Speed to Avoid Crash,Darkness / Lighted Road,Clear,Dry,N,,,,,No Controls,No Controls,Y,4,41.8717645,-87.7853259,ok,Partial Access Control,3,03-21-18222,2021,,3,28,50000 and OVER,9,4295,Oak Park,C,Urban InterState,,16,6,11553205,12,Cook,2,21,,,1,N,No,(UNK),202101401094,ISP,5,8.65,Y,,,,(UNK),104467,(N/A),(UNK),No Defects,1,1,InterState,1,290,X002471153,Not Toll,73,1,1,Divided With Median Barrier,3,2945160.45771076,1904792.99120746,41.87175666,-87.78532011,,Urban,1,N,(N/A),Y,(N/A)
2021,2021-12-05,Sunday,16,04:40 PM,Property Damage,No Injuries,0,0,0,0,0,3,Front to Rear,11,N,N,Following Too Closely,Failing to Reduce Speed to Avoid Crash,Dusk,Clear,Dry,N,,,,,Other Regualtory Sig,Functioning Properly,N,3,41.8712469,-87.7746591,ok,Partial Access Control,3,03-21-18327,2021,,3,28,50000 and OVER,9,4295,Oak Park,C,Urban InterState,,16,5,11553640,12,Cook,0,21,,,7,N,No,(UNK),202101401554,ISP,3,23.07,Y,,,,(UNK),104510,(N/A),(UNK),No Defects,1,1,InterState,1,9290,X002471528,Not Toll,73,10,4,Divided With Median Barrier,3,2948071.08779569,1904685.17802527,41.87123901,-87.77465329,,Urban,1,N,(N/A),Y,(N/A)
2021,2021-12-09,Thursday,11,11:38 AM,Property Damage,No Injuries,0,0,0,0,0,2,Sideswipe Same Direction,12,N,N,Improper Turning/No Signal,Improper Lane Usage,Daylight,Clear,Dry,N,,,,,Other Regualtory Sig,Functioning Properly,N,2,41.8709492,-87.7747141,ok,Partial Access Control,3,03-21-18372,2021,,6,20,50000 and OVER,9,4295,Oak Park,C,Urban InterState,,16,9,11553641,12,Cook,0,21,,,4,N,No,(UNK),202101401555,ISP,1,9.19,Y,,,,(UNK),104511,(N/A),(UNK),No Defects,1,1,InterState,1,290,X002471529,Not Toll,,10,4,Divided With Median Barrier,3,2948059.11904989,1904576.30548522,41.8709414,-87.77470834,,Urban,1,N,(N/A),Y,(N/A)
2021,2021-12-09,Thursday,07,07:10 AM,Property Damage,No Injuries,0,0,0,0,0,2,Front to Rear,11,N,N,Following Too Closely,Failing to Reduce Speed to Avoid Crash,Daylight,Clear,Dry,N,,,,,Other Regualtory Sig,Functioning Properly,N,2,41.8715619,-87.7796022,ok,Partial Access Control,3,03-21-18359,2021,,3,28,50000 and OVER,9,4295,Oak Park,C,Urban InterState,,16,9,11553642,12,Cook,0,21,,,4,N,No,(UNK),202101401556,ISP,1,22.82,Y,,,,(UNK),104512,(N/A),(UNK),No Defects,1,1,InterState,1,9290,X002471530,Not Toll,73,10,4,Divided With Median Barrier,3,2946721.5,1904762.5,41.8715541,-87.77959642,,Urban,1,N,(N/A),Y,(N/A)
2021,2021-11-21,Sunday,17,05:14 PM,Injury,B Injury Crash,1,0,0,1,0,1,Front to Rear,11,N,N,Following Too Closely,Failing to Reduce Speed to Avoid Crash,Darkness / Lighted Road,Clear,Dry,N,,,,,Other,Functioning Properly,N,2,41.8736861,-87.8034973,ok,Partial Access Control,3,03-21-17420,2021,,3,28,50000 and OVER,9,4295,Oak Park,C,Urban InterState,,16,21,11552948,11,Cook,2,21,,,7,N,No,(UNK),202101400847,ISP,5,21.63,Y,,,,(UNK),104662,(N/A),(UNK),Shoulders,6,1,InterState,1,9290,X002470903,Not Toll,73,13,4,Divided With Median Barrier,3,2940191.74570931,1905356.39655337,41.87367826,-87.8034915,,Urban,1,N,(N/A),N,(N/A)
2021,2021-11-28,Sunday,18,06:30 PM,Injury,B Injury Crash,1,0,0,1,0,1,Front to Rear,11,N,N,Improper Lane Usage,Failing to Reduce Speed to Avoid Crash,Darkness / Lighted Road,Clear,Dry,N,,,,,Other,Functioning Properly,Y,2,41.8726433,-87.7940349,ok,Partial Access Control,3,03-21-17799,2021,,20,28,50000 and OVER,9,4295,Oak Park,C,Urban InterState,,16,28,11552951,11,Cook,2,21,,,7,N,No,(UNK),202101400850,ISP,5,22.06,Y,,,,(UNK),104665,(N/A),(UNK),No Defects,1,1,InterState,1,9290,X002470906,Not Toll,73,13,4,Divided With Median Barrier,3,2942779.5,1905047.5,41.87263541,-87.79402907,,Urban,1,N,(N/A),Y,(N/A)
2021,2021-07-14,Wednesday,14,02:20 PM,Property Damage,No Injuries,0,0,0,0,0,4,Front to Rear,11,N,N,Failing to Reduce Speed to Avoid Crash,Following Too Closely,Daylight,Clear,Dry,Y,,,,,Traffic Signal,Functioning Properly,N,4,41.8885678,-87.8050258,ok,(UNK),1,2104223,2021,,28,3,50000 and OVER,9,4295,Oak Park,C,Urban Other Principal Arte,,16,14,11357191,7,Cook,0,21,,,3,N,Yes,Stopped,202101216975,City,1,26.64,Y,,,,(UNK),105347,(N/A),(UNK),No Defects,1,1,Other Principal Arterial,3,5043,X002304229,Not Toll,73,3,4,Not Divided,1,2939626.11874017,1910768.10734459,41.88856,-87.80502,,Urban,1,N,(N/A),Y,(N/A)
2021,2021-07-14,Wednesday,15,03:05 PM,Property Damage,No Injuries,0,0,0,0,0,1,Parked Motor Vehicle,9,N,N,Unable to Determine,Failing to Reduce Speed to Avoid Crash,Daylight,Cloudy/Overcast,Dry,N,,,,,Traffic Signal,Functioning Properly,N,2,41.8726604,-87.7842267,ok,(UNK),1,2104226,2021,,18,28,50000 and OVER,9,4295,Oak Park,C,Urban Major Collector,,16,14,11357192,7,Cook,0,21,,,3,N,No,Free Flow,202101216976,City,1,0,N,,,,(UNK),105348,(N/A),(UNK),No Defects,1,1,Major Collector,5,,X002304232,Not Toll,73,3,4,Not Divided,1,2945450.78885111,1905127.79950347,41.8726526,-87.78422089,,Urban,8,N,(N/A),Y,(N/A)
2021,2021-07-14,Wednesday,10,10:27 AM,Property Damage,No Injuries,0,0,0,0,0,3,Front to Rear,11,N,N,Failing to Reduce Speed to Avoid Crash,Following Too Closely,Daylight,Cloudy/Overcast,Dry,Y,,,,,Traffic Signal,Functioning Properly,N,2,41.8869828,-87.7846457,ok,(UNK),1,2104213,2021,,28,3,50000 and OVER,9,4295,Oak Park,C,Urban Major Collector,,16,14,11357198,7,Cook,0,21,,,3,N,No,Free Flow,202101216980,City,1,0,N,,,,(UNK),105368,(N/A),(UNK),No Defects,1,1,Major Collector,5,,X002304224,Not Toll,73,3,4,Not Divided,1,2945191.72262508,1910343.94872845,41.88697491,-87.7846399,,Urban,8,N,(N/A),Y,(N/A)
2021,2021-07-14,Wednesday,11,11:52 AM,Property Damage,No Injuries,0,0,0,0,0,2,Parked Motor Vehicle,9,N,N,Distraction â€“ Other Electronic Device (Navigation Device / DVD Player / etc.),Unable to Determine,Daylight,Clear,Dry,N,,,,,No Controls,No Controls,N,2,41.8768208,-87.8011558,ok,(UNK),1,2104217,2021,,43,18,50000 and OVER,9,4295,Oak Park,C,Urban Local Road or Street,,16,14,11357200,7,Cook,0,21,,,3,N,No,Free Flow,202101216982,City,1,0.12,N,,,,(UNK),105369,(N/A),(UNK),No Defects,1,1,Local Road or Street,7,4020,X002304226,Not Toll,73,1,1,Not Divided,1,2940797.98606029,1906516.31915431,41.87681297,-87.80115002,,Urban,1,N,(N/A),Y,(N/A)
2021,2021-07-14,Wednesday,22,10:13 PM,Property Damage,No Injuries,0,0,0,0,0,2,Fixed Object,6,N,N,Improper Backing,Improper Backing,Darkness / Lighted Road,Clear,Dry,N,,,,,No Controls,No Controls,N,1,,,missing,(UNK),1,2104235,2021,,30,30,50000 and OVER,9,4295,Oak Park,C,(UNK),8,16,14,11357267,7,Cook,0,21,FENCE,FENCE,3,N,Yes,Free Flow,202101217011,City,5,0,N,,,,(UNK),105463,(N/A),(UNK),No Defects,1,1,(UNK),0,0,X002304238,No Toll,,1,1,Alley,12,0,0,,,,(UNK),1,N,(N/A),Y,(N/A)
2021,2021-12-09,Thursday,12,12:00 PM,Property Damage,No Injuries,0,0,0,0,0,2,Front to Rear,11,N,N,Unable to Determine,Unable to Determine,Daylight,Cloudy/Overcast,Dry,N,,,,,Traffic Signal,Functioning Properly,Y,2,41.8812515,-87.8047795,ok,(UNK),1,2107695,2021,,18,18,50000 and OVER,9,4295,Oak Park,C,Urban Other Principal Arte,,16,9,11553459,12,Cook,0,21,,,4,N,No,Stopped,202101401342,City,1,19.57,Y,,,,(UNK),105739,(N/A),(UNK),No Defects,1,1,Other Principal Arterial,3,348,X002469374,Not Toll,73,3,4,Not Divided,1,2939766.60358695,1908103.75674853,41.88124369,-87.80477371,,Urban,8,N,(N/A),Y,(N/A)
2021,2021-12-09,Thursday,10,10:13 AM,Property Damage,No Injuries,0,0,0,0,0,3,Front to Rear,11,N,N,Failing to Reduce Speed to Avoid Crash,(N/A),Daylight,Clear,Dry,N,,,,,Traffic Signal,Functioning Properly,N,2,41.8906978,-87.8051165,ok,(UNK),1,2101324,2021,,28,99,50000 and OVER,9,4295,Oak Park,C,Urban Other Principal Arte,,16,9,11553467,12,Cook,0,21,,,4,N,No,Stopped,202101401351,City,1,18.91,Y,,,,(UNK),105741,(N/A),(UNK),No Defects,1,1,Other Principal Arterial,3,348,X002469378,Not Toll,73,3,4,"Divided, No Median Barrier",2,2939580.04674575,1911543.63877824,41.89069,-87.8051107,,Urban,1,N,(N/A),Y,(N/A)
2021,2021-07-12,Monday,13,01:45 PM,Property Damage,No Injuries,0,0,0,0,0,1,Front to Rear,11,N,N,Unable to Determine,Unable to Determine,Daylight,Clear,Dry,N,,,,,No Controls,No Controls,Y,3,41.8709066,-87.7914686,ok,(UNK),1,2104171,2021,,18,18,50000 and OVER,9,4295,Oak Park,C,Urban Local Road or Street,,16,12,11356830,7,Cook,0,21,,,1,N,Yes,Free Flow,202101216859,City,1,0.06,N,,,,(UNK),106258,(N/A),(UNK),No Defects,1,1,Local Road or Street,7,2670,X002304013,Not Toll,73,1,1,Not Divided,1,2943496.01239371,1904433.95975053,41.87089872,-87.79146275,,Urban,1,N,(N/A),Y,(N/A)
2021,2021-10-09,Saturday,11,11:45 AM,Property Damage,No Injuries,0,0,0,0,0,3,Angle,15,N,N,Unable to Determine,Unable to Determine,Daylight,Clear,Dry,Y,,,,,No Controls,No Controls,N,2,41.9073375,-87.7833049,ok,(UNK),1,2106242,2021,,18,18,50000 and OVER,9,4295,Oak Park,C,Urban Major Collector,,16,9,11470616,10,Cook,0,21,,,6,N,No,Slow,202101322567,City,1,0,N,,,,(UNK),106845,(N/A),(UNK),No Defects,1,1,Major Collector,5,,X002400386,Not Toll,73,1,1,"Divided, No Median Barrier",2,2945350.66698389,1917771.76605881,41.90732968,-87.78329909,,Urban,1,N,(N/A),Y,(N/A)
2021,2021-10-09,Saturday,15,03:23 PM,Injury,A Injury Crash,1,0,1,0,0,0,Other Non-Collision,8,N,N,Unable to Determine,(N/A),Daylight,Clear,Dry,N,,,,,Traffic Signal,Functioning Properly,N,1,41.87231,-87.804466,ok,(UNK),1,2106248,2021,,18,99,50000 and OVER,9,4295,Oak Park,C,Urban Other Principal Arte,,16,9,11470621,10,Cook,3,21,,,6,N,No,Stopped,202101322572,City,1,25.52,Y,,,,(UNK),106847,(N/A),(UNK),No Defects,1,1,Other Principal Arterial,3,5043,X002400390,Not Toll,73,3,4,"Divided, No Median Barrier",2,2939941.71303905,1904847.66050213,41.87230217,-87.80446019,,Urban,1,N,(N/A),Y,(N/A)
2021,2021-10-01,Friday,12,12:30 PM,Property Damage,No Injuries,0,0,0,0,0,2,Sideswipe Same Direction,12,N,N,Improper Lane Usage,Driving Skills/Knowledge/Experience,Daylight,Clear,Dry,N,,,,,Other,Functioning Properly,N,2,41.8712294,-87.7743743,ok,Partial Access Control,3,03-21-15006,2021,,20,15,50000 and OVER,9,4295,Oak Park,C,Urban InterState,,16,1,11469845,10,Cook,0,21,,,5,N,No,(UNK),202101321837,ISP,1,23.09,Y,,,,(UNK),107062,(N/A),(UNK),No Defects,1,1,InterState,1,9290,X002399649,Not Toll,73,13,4,Divided With Median Barrier,3,2948148.83600713,1904680.99376114,41.8712216,-87.7743685,,Urban,1,N,(N/A),Y,(N/A)
2021,2021-03-20,Saturday,18,06:49 PM,Property Damage,No Injuries,0,0,0,0,0,2,Sideswipe Same Direction,12,N,N,Improper Overtaking/Passing,Unable to Determine,Daylight,Clear,Dry,N,,,,,No Controls,No Controls,N,2,41.8795296,-87.8047293,ok,(UNK),1,21-0931,2021,,4,18,50000 and OVER,9,4295,Oak Park,C,Urban Other Principal Arte,,16,20,11220244,3,Cook,0,21,,,6,N,No,Free Flow,202101083389,City,1,19.69,Y,,,,(UNK),107591,(N/A),(UNK),No Defects,1,1,Other Principal Arterial,3,348,X002187556,Not Toll,73,1,1,Not Divided,1,2939797.56802581,1907476.62698998,41.87952175,-87.80472346,,Urban,1,N,(N/A),Y,(N/A)
2021,2021-10-03,Sunday,15,03:08 PM,Injury,B Injury Crash,1,0,0,1,0,2,Front to Rear,11,N,N,Failing to Reduce Speed to Avoid Crash,Following Too Closely,Daylight,Clear,Dry,N,,,,,No Controls,No Controls,N,3,41.872321,-87.7919905,ok,Partial Access Control,3,03-21-14550,2021,,28,3,50000 and OVER,9,4295,Oak Park,C,Urban InterState,,16,3,11470018,10,Cook,2,21,,,7,N,No,(UNK),202101322001,ISP,1,8.3,Y,,,,(UNK),107829,(N/A),(UNK),No Defects,1,1,InterState,1,290,X002399816,Not Toll,,1,1,Divided With Median Barrier,3,2943339.58145686,1904945.47848164,41.87231317,-87.79198469,,Urban,1,N,(N/A),Y,(N/A)
2021,2021-10-08,Friday,13,01:00 PM,Property Damage,No Injuries,0,0,0,0,0,2,Turning,10,N,N,Failing to Yield Right of Way,Unable to Determine,Daylight,Clear,Dry,Y,,,,,No Controls,No Controls,Y,2,41.8947178,-87.7751558,ok,(UNK),1,2106217,2021,,2,18,50000 and OVER,9,4295,Oak Park,C,Urban Minor Arterial,,16,8,11470868,10,Cook,0,21,,,5,N,No,Stopped,202101322779,City,1,0,N,,,,(UNK),107895,(N/A),(UNK),No Defects,1,1,Minor Arterial,4,,X002399524,Not Toll,,1,1,Not Divided,1,2947697.3006297,1913234.67936261,41.89471,-87.77515004,,Urban,1,N,(N/A),Y,(N/A)
2021,2021-03-13,Saturday,08,08:34 AM,Property Damage,No Injuries,0,0,0,0,0,1,Parked Motor Vehicle,9,N,N,(N/A),(N/A),Unknown,Clear,Dry,N,,,,,No Controls,No Controls,Y,2,41.8851181,-87.7944158,ok,(UNK),1,2101560,2021,,99,99,50000 and OVER,9,4295,Oak Park,C,Urban Major Collector,,16,13,11220887,3,Cook,0,21,,,6,N,No,Free Flow,202101083955,City,9,5.77,N,,,,(UNK),108195,(N/A),(UNK),No Defects,1,1,Major Collector,5,2775,X002188036,Not Toll,73,1,1,Not Divided,1,2942550.02397272,1909590.69892704,41.88511027,-87.79441,,Urban,1,N,(N/A),Y,(N/A)
2021,2021-10-09,Saturday,13,01:48 PM,Property Damage,No Injuries,0,0,0,0,0,3,Rear to Front,18,N,N,Failing to Yield Right of Way,Unable to Determine,Daylight,Clear,Dry,N,,,,,Traffic Signal,Functioning Properly,Y,2,41.8886464,-87.7944608,ok,(UNK),1,2106245,2021,,2,18,50000 and OVER,9,4295,Oak Park,C,Urban Major Collector,,16,9,11470979,10,Cook,0,21,,,6,N,No,Stopped,202101322914,City,1,0,N,,,,(UNK),108334,(N/A),(UNK),No Defects,1,1,Major Collector,5,,X002400633,Not Toll,73,3,4,"Divided, No Median Barrier",2,2942502.19811191,1910876.11638367,41.88863851,-87.79445503,,Urban,1,N,(N/A),Y,(N/A)
2021,2021-10-11,Monday,14,02:31 PM,Property Damage,No Injuries,0,0,0,0,0,2,Turning,10,N,N,Failing to Yield Right of Way,Weather,Darkness / Lighted Road,Rain,Wet,Y,,,,,Stop Sign,Functioning Properly,N,2,41.881568,-87.7956354,ok,(UNK),1,2106285,2021,,2,11,50000 and OVER,9,4295,Oak Park,C,Urban Major Collector,,16,11,11471067,10,Cook,0,21,,,1,N,No,Free Flow,202101322947,City,5,0,N,,,,(UNK),108634,(N/A),(UNK),No Defects,1,2,Major Collector,5,,X002400693,Not Toll,73,2,4,"Divided, No Median Barrier",2,2942253.67916202,1908287.78839148,41.88156016,-87.79562956,,Urban,2,N,(N/A),Y,(N/A)
2021,2021-11-30,Tuesday,15,03:07 PM,Property Damage,No Injuries,0,0,0,0,0,2,Turning,10,N,N,Unable to Determine,(N/A),Daylight,Clear,Dry,N,,,,,No Controls,No Controls,N,2,41.8948538,-87.7751573,ok,(UNK),1,2107487,2021,,18,99,50000 and OVER,9,4295,Oak Park,C,Urban Minor Arterial,,16,30,11554165,11,Cook,0,21,,,2,N,No,Slow,202101401764,City,1,6.65,N,,,,(UNK),109481,(N/A),(UNK),No Defects,1,1,Minor Arterial,4,2790,X002471637,Not Toll,,1,1,"Divided, No Median Barrier",2,2947695.51795805,1913284.21988814,41.89484597,-87.77515151,,Urban,1,N,(N/A),Y,(N/A)
2021,2021-03-13,Saturday,11,11:58 AM,Injury,B Injury Crash,3,0,0,1,2,0,Angle,15,N,N,Failing to Yield Right of Way,(N/A),Daylight,Clear,Dry,N,,,,,No Controls,No Controls,N,2,41.8869944,-87.784097,ok,(UNK),1,2101567,2021,,2,99,50000 and OVER,9,4295,Oak Park,C,Urban Local Road or Street,,16,13,11220750,3,Cook,2,21,,,6,N,No,Free Flow,202101083839,City,1,1.04,N,,,,(UNK),109528,(N/A),(UNK),No Defects,1,1,Local Road or Street,7,3036,X002184692,Not Toll,73,1,1,"Divided, No Median Barrier",2,2945341.03213103,1910352.32837566,41.88698652,-87.78409117,,Urban,1,N,(N/A),Y,(N/A)
2021,2021-03-15,Monday,13,01:17 PM,Property Damage,No Injuries,0,0,0,0,0,1,Parked Motor Vehicle,9,N,N,Failing to Reduce Speed to Avoid Crash,Unable to Determine,Daylight,Blowing Snow,Snow or Slush,N,,,,,No Controls,No Controls,Y,3,41.8830546,-87.8039527,ok,(UNK),1,2101594,2021,,28,18,50000 and OVER,9,4295,Oak Park,C,Urban Local Road or Street,,16,15,11220758,3,Cook,0,21,,,1,N,No,Free Flow,202101083847,City,1,0.25,N,,,,(UNK),109654,(N/A),(UNK),No Defects,1,3,Local Road or Street,7,2718,X002184495,Not Toll,73,1,1,Not Divided,1,2939973.67386715,1908767.03552301,41.88304677,-87.8039469,,Urban,11,N,(N/A),Y,(N/A)
2021,2021-03-17,Wednesday,00,00:25 AM,Property Damage,No Injuries,0,0,0,0,0,2,Other Object,7,N,N,Failing to Reduce Speed to Avoid Crash,(N/A),Darkness / Lighted Road,Clear,Dry,N,,,,,No Controls,No Controls,N,1,41.8663442,-87.7778213,ok,(UNK),1,2101623,2021,,28,99,50000 and OVER,9,4295,Oak Park,C,Urban Local Road or Street,,16,17,11220760,3,Cook,0,21,GARAGE/STRUCTURE,,3,N,No,Free Flow,202101083849,City,5,0.29,N,,,,(UNK),109655,(N/A),(UNK),No Defects,1,1,Local Road or Street,7,2613,X002184499,Not Toll,73,1,1,Alley,12,2947259.51021843,1902874.54799294,41.86633632,-87.77781554,,Urban,1,N,(N/A),Y,(N/A)
2021,2021-03-16,Tuesday,09,09:57 AM,Property Damage,No Injuries,0,0,0,0,0,2,Angle,15,N,N,Disregarding Stop Sign,Failing to Reduce Speed to Avoid Crash,Daylight,Cloudy/Overcast,Wet,Y,,,,,Stop Sign,Functioning Properly,N,2,41.9018576,-87.7867443,ok,(UNK),1,2101607,2021,,23,28,50000 and OVER,9,4295,Oak Park,C,Urban Major Collector,,16,16,11220761,3,Cook,0,21,,,2,N,No,Slow,202101083850,City,1,0,N,,,,(UNK),109656,(N/A),(UNK),No Defects,1,2,Major Collector,5,,X002184501,Not Toll,73,2,4,"Divided, No Median Barrier",2,2944469.80034098,1915748.75837441,41.90184974,-87.78673855,,Urban,8,N,(N/A),Y,(N/A)