crash_year,crash_date,day_of_week,crash_hour,time_of_crash,crash_severity,crash_injury_severity,total_injured,total_fatals,a_injuries,b_injuries,c_injuries,no_injuries,type_of_first_crash,collision_type_code,pedestrian_involved,pedalcyclist_involved,cause1,cause2,lighting_cond,weather_cond,road_surface_cond,intersection_related,is_intersection,highway_or_street_name,at_intersection_with,address_no,traffic_control_device,traffic_control_device_cond,hit_and_run,number_of_vehicles,latitude,longitude,location_status,access_control,agency_code,agency_report_number,agency_report_year,alignment_code,cause1_code,cause2_code,city_class,city_class_code,city_code,city_name,city_township_flag,class_of_trafficway,class_of_trafficway_code,county_code,crash_day,crash_id,crash_month,crash_report_county,crash_severity_cd,crash_yr_source,damaged_property1,damaged_property2,day_of_week_code,did_crash_occur_in_work_zone,did_involve_secondary_crash,flow_condition,icn,investigating_agency_descrip,light_condition_code,mile_station,nhs,non_intersection_direction,non_intersection_distance,non_intersection_units,number_of_lanes,objectid,railroad_crossing_number,road_alignment,road_defects,road_defects_code,road_surface_condition_code,roadway_functional_class,roadway_functional_class_code,route_number,sfe,toll,township,traffic_control_device_code,traffic_control_device_cond_code,trafficway_descrip,trafficway_description_code,ts_crash_coordinate_x,ts_crash_coordinate_y,ts_crash_latitude,ts_crash_longitude,type_report,urban_rural,weather_code,were_workers_present,work_zone,work_zone_related,work_zone_type
2021,2021-03-16,Tuesday,14,02:21 PM,Injury,B Injury Crash,1,0,0,1,0,0,Fixed Object,6,N,N,Failing to Reduce Speed to Avoid Crash,Unable to Determine,Daylight,Clear,Dry,N,,,,,No Controls,No Controls,N,1,41.8654668,-87.7753172,ok,(UNK),1,2101614,2021,,28,18,50000 and OVER,9,4295,Oak Park,C,Urban Local Road or Street,,16,16,11220762,3,Cook,2,21,FIRE HYDRANT,,2,N,No,Free Flow,202101083851,City,1,0,N,,,,(UNK),109657,(N/A),(UNK),No Defects,1,1,Local Road or Street,7,,X002184503,Not Toll,56,1,1,Not Divided,1,2947950.53818273,1902573.80908254,41.86545892,-87.77531142,,Urban,1,N,(N/A),Y,(N/A)
2021,2021-03-16,Tuesday,17,05:48 PM,Property Damage,No Injuries,0,0,0,0,0,1,Parked Motor Vehicle,9,N,N,Improper Lane Usage,Unable to Determine,Daylight,Cloudy/Overcast,Dry,N,,,,,No Controls,No Controls,Y,2,41.9088675,-87.8038507,ok,(UNK),1,2101619,2021,,20,18,50000 and OVER,9,4295,Oak Park,C,Urban Other Principal Arte,,16,16,11220764,3,Cook,0,21,,,2,N,No,Free Flow,202101083853,City,1,6.02,Y,,,,(UNK),109659,(N/A),(UNK),No Defects,1,1,Other Principal Arterial,3,307,X002184506,Not Toll,73,1,1,Divided With Median Barrier,3,2939742.24806556,1918174.49963336,41.90885965,-87.80384493,,Urban,8,N,(N/A),Y,(N/A)
2021,2021-03-03,Wednesday,11,11:30 AM,Property Damage,No Injuries,0,0,0,0,0,1,Parked Motor Vehicle,9,N,N,Failing to Reduce Speed to Avoid Crash,Unable to Determine,Daylight,Clear,Dry,N,,,,,No Controls,No Controls,N,2,41.8823223,-87.7894294,ok,(UNK),1,2101341,2021,,28,18,50000 and OVER,9,4295,Oak Park,C,Urban Minor Collector,,16,3,11220765,3,Cook,0,21,,,3,N,No,Free Flow,202101083854,City,1,0.45,N,,,,(UNK),109711,(N/A),(UNK),No Defects,1,1,Minor Collector,6,2779,X002184507,Not Toll,73,1,1,Not Divided,1,2943936.14939839,1908609.45595303,41.88231448,-87.78942359,,Urban,1,N,(N/A),Y,(N/A)
2021,2021-03-11,Thursday,15,03:46 PM,Property Damage,No Injuries,0,0,0,0,0,3,Front to Rear,11,N,N,Failing to Reduce Speed to Avoid Crash,Under Influence of Alcohol/Drugs,Daylight,Clear,Dry,N,,,,,No Controls,No Controls,Y,3,41.8799395,-87.7876681,ok,(UNK),1,2101534,2021,,28,8,50000 and OVER,9,4295,Oak Park,C,Urban Minor Arterial,,16,11,11220780,3,Cook,0,21,,,4,N,No,Free Flow,202101083865,City,1,0,N,,,,(UNK),109716,(N/A),(UNK),No Defects,1,1,Minor Arterial,4,,X002184666,Not Toll,73,1,1,"Divided, No Median Barrier",2,2944439.88728027,1907754.40384128,41.87993164,-87.78766229,,Urban,1,N,(N/A),Y,(N/A)
2021,2021-07-03,Saturday,10,10:30 AM,Property Damage,No Injuries,0,0,0,0,0,4,Sideswipe Same Direction,12,N,N,Following Too Closely,Passing Stopped School Bus,Daylight,Clear,Dry,N,,,,,No Controls,No Controls,Y,3,41.8724048,-87.7909208,ok,Partial Access Control,3,03-21-09413,2021,,3,29,50000 and OVER,9,4295,Oak Park,C,Urban InterState,,16,3,11358855,7,Cook,0,21,,,6,N,No,(UNK),202101218543,ISP,1,22.23,Y,,,,(UNK),109773,(N/A),(UNK),No Defects,1,1,InterState,1,9290,X002305718,Not Toll,73,1,1,Divided With Median Barrier,3,2943630.08689839,1904984.05802139,41.87239691,-87.79091501,,Urban,1,N,(N/A),Y,(N/A)
2021,2021-03-12,Friday,07,07:55 AM,Property Damage,No Injuries,0,0,0,0,0,7,Front to Rear,11,N,N,Failing to Reduce Speed to Avoid Crash,(N/A),Daylight,Clear,Dry,N,,,,,Traffic Signal,Functioning Properly,N,4,41.8817178,-87.7845158,ok,(UNK),1,2101544,2021,,28,99,50000 and OVER,9,4295,Oak Park,C,Urban Major Collector,,16,12,11220781,3,Cook,0,21,,,5,N,Yes,Slow,202101083866,City,1,0,N,,,,(UNK),109802,(N/A),(UNK),No Defects,1,1,Major Collector,5,,X002184673,Not Toll,73,3,4,Not Divided,1,2945280.38400642,1908426.29706759,41.88171,-87.78451,,Urban,1,N,(N/A),Y,(N/A)
2021,2021-03-12,Friday,12,12:14 PM,Property Damage,No Injuries,0,0,0,0,0,2,Front to Rear,11,N,N,Failing to Reduce Speed to Avoid Crash,Unable to Determine,Daylight,Clear,Dry,N,,,,,Traffic Signal,Functioning Properly,Y,2,41.8978917,-87.8051985,ok,(UNK),1,2101549,2021,,28,18,50000 and OVER,9,4295,Oak Park,C,Urban Local Road or Street,,16,12,11220783,3,Cook,0,21,,,5,N,No,Stopped,202101083868,City,1,0.01,N,,,,(UNK),109803,(N/A),(UNK),No Defects,1,1,Local Road or Street,7,3100,X002184675,Not Toll,73,3,4,"Divided, No Median Barrier",2,2939485.5392435,1914164.60177337,41.89788386,-87.80519265,,Urban,1,N,(N/A),Y,(N/A)
2021,2021-03-11,Thursday,18,06:33 PM,Property Damage,No Injuries,0,0,0,0,0,2,Angle,15,N,N,Failing to Reduce Speed to Avoid Crash,(N/A),Darkness / Lighted Road,Clear,Dry,Y,,,,,Stop Sign,Functioning Properly,N,2,41.8820981,-87.7763571,ok,(UNK),1,2101538,2021,,28,99,50000 and OVER,9,4295,Oak Park,C,Urban Major Collector,,16,11,11220806,3,Cook,0,21,,,4,N,No,Free Flow,202101083880,City,5,0,N,,,,(UNK),109862,(N/A),(UNK),No Defects,1,1,Major Collector,5,,X002186300,Not Toll,73,2,4,Not Divided,1,2947498.38644669,1908626.69673796,41.8820903,-87.77635135,,Urban,1,N,(N/A),Y,(N/A)
2021,2021-08-06,Friday,16,04:05 PM,Property Damage,No Injuries,0,0,0,0,0,3,Sideswipe Same Direction,12,N,N,Failing to Yield Right of Way,Improper Lane Usage,Daylight,Cloudy/Overcast,Dry,Y,,,,,Traffic Signal,Functioning Properly,Y,2,41.8740052,-87.8045345,ok,(UNK),1,21-02356,2021,,2,20,50000 and OVER,9,4295,Oak Park,C,Urban Other Principal Arte,,16,6,11554827,8,Cook,0,21,,,5,N,No,Free Flow,202101402451,City,1,20.06,Y,,,,(UNK),109909,(N/A),(UNK),No Defects,1,1,Other Principal Arterial,3,348,X002472350,Not Toll,73,3,4,"Divided, No Median Barrier",2,2939906.03226032,1905464.90430555,41.87399737,-87.80452875,,Urban,8,N,(N/A),Y,(N/A)
2021,2021-12-10,Friday,18,06:02 PM,Property Damage,No Injuries,0,0,0,0,0,2,Front to Rear,11,N,N,Failing to Reduce Speed to Avoid Crash,Weather,Darkness / Lighted Road,Rain,Wet,Y,,,,,Traffic Signal,Functioning Properly,N,2,41.8945285,-87.784865,ok,(UNK),1,2107716,2021,,28,11,50000 and OVER,9,4295,Oak Park,C,Urban Minor Arterial,,16,10,11555178,12,Cook,0,21,,,5,N,No,Slow,202101402786,City,5,0,N,,,,(UNK),109975,(N/A),(UNK),No Defects,1,2,Minor Arterial,4,,X002472592,Not Toll,73,3,4,"Divided, No Median Barrier",2,2945055.63710484,1913092.10046532,41.89452065,-87.78485919,,Urban,2,N,(N/A),Y,(N/A)
2021,2021-12-12,Sunday,13,01:11 PM,Property Damage,No Injuries,0,0,0,0,0,2,Front to Rear,11,N,N,Distraction - From Inside Vehicle,Unable to Determine,Daylight,Clear,Dry,N,,,,,No Controls,No Controls,N,2,41.8797479,-87.7956959,ok,(UNK),1,2107749,2021,,41,18,50000 and OVER,9,4295,Oak Park,C,Urban Minor Arterial,,16,12,11555179,12,Cook,0,21,,,7,N,No,Stopped,202101402787,City,1,3.52,N,,,,(UNK),109976,(N/A),(UNK),No Defects,1,1,Minor Arterial,4,1419,X002472594,Not Toll,73,1,1,Not Divided,1,2942255.51866963,1907624.04651449,41.87974004,-87.79569013,,Urban,1,N,(N/A),Y,(N/A)
2021,2021-12-12,Sunday,15,03:21 PM,Property Damage,No Injuries,0,0,0,0,0,1,Parked Motor Vehicle,9,N,N,Failing to Reduce Speed to Avoid Crash,Unable to Determine,Daylight,Clear,Dry,N,,,,,No Controls,No Controls,Y,2,41.88536,-87.7756653,ok,(UNK),1,2107754,2021,,28,18,50000 and OVER,9,4295,Oak Park,C,Urban Local Road or Street,,16,12,11555181,12,Cook,0,21,,,7,N,No,Free Flow,202101402789,City,1,0.94,N,,,,(UNK),109978,(N/A),(UNK),No Defects,1,1,Local Road or Street,7,3030,X002472597,Not Toll,73,1,1,Not Divided,1,2947653.65174619,1909820.62142876,41.88535213,-87.77565954,,Urban,1,N,(N/A),Y,(N/A)
2021,2021-12-11,Saturday,01,01:16 AM,Property Damage,No Injuries,0,0,0,0,0,1,Other Object,7,N,N,Under Influence of Alcohol/Drugs,Physical Condition of Driver,Darkness / Lighted Road,Rain,Wet,N,,,,,No Controls,No Controls,N,1,41.8801543,-87.7748285,ok,(UNK),1,2107723,2021,,8,17,50000 and OVER,9,4295,Oak Park,C,Urban Minor Arterial,,16,11,11555183,12,Cook,0,21,VILLAGE PARKING METER,,6,N,No,Free Flow,202101402791,City,5,0,N,,,,(UNK),109979,(N/A),(UNK),No Defects,1,2,Minor Arterial,4,,X002472600,Not Toll,73,1,1,"Divided, No Median Barrier",2,2947934.43111522,1907929.92505452,41.88014644,-87.77482273,,Urban,2,N,(N/A),Y,(N/A)
2021,2021-12-12,Sunday,14,02:51 PM,Injury,C Injury Crash,1,0,0,0,1,2,Angle,15,N,N,Failing to Yield Right of Way,Unable to Determine,Daylight,Clear,Dry,N,,,,,No Controls,No Controls,Y,2,41.8653395,-87.7839045,ok,(UNK),1,2107751,2021,,2,18,50000 and OVER,9,4295,Oak Park,C,Urban Other Principal Arte,,16,12,11555184,12,Cook,1,21,,,7,N,No,Free Flow,202101402792,City,1,7.03,Y,,,,(UNK),109980,(N/A),(UNK),No Defects,1,1,Other Principal Arterial,3,347,X002472601,Not Toll,52,1,1,"Divided, No Median Barrier",2,2945612.64213588,1902462.35421512,41.86533166,-87.78389869,,Urban,1,N,(N/A),Y,(N/A)
2021,2021-12-10,Friday,16,04:05 PM,Property Damage,No Injuries,0,0,0,0,0,3,Angle,15,N,N,Disregarding Stop Sign,Failing to Reduce Speed to Avoid Crash,Darkness / Lighted Road,Rain,Wet,N,,,,,Stop Sign,Functioning Properly,N,2,41.8689107,-87.788987,ok,(UNK),1,2107713,2021,,23,28,50000 and OVER,9,4295,Oak Park,C,Urban Minor Collector,,16,10,11555187,12,Cook,0,21,,,5,N,No,Free Flow,202101402795,City,5,0,N,,,,(UNK),110048,(N/A),(UNK),No Defects,1,2,Minor Collector,6,,X002472604,Not Toll,73,2,4,"Divided, No Median Barrier",2,2944192.08935591,1903725.3629783,41.86890288,-87.7889812,,Urban,2,N,(N/A),Y,(N/A)
2021,2021-12-10,Friday,18,06:18 PM,Property Damage,No Injuries,0,0,0,0,0,2,Angle,15,N,N,Failing to Yield Right of Way,Failing to Reduce Speed to Avoid Crash,Darkness / Lighted Road,Rain,Wet,Y,,,,,Stop Sign,Functioning Properly,N,2,41.9037088,-87.7900545,ok,(UNK),1,2107717,2021,,2,28,50000 and OVER,9,4295,Oak Park,C,Urban Local Road or Street,,16,10,11555188,12,Cook,0,21,,,5,N,No,Slow,202101402796,City,5,0,N,,,,(UNK),110049,(N/A),(UNK),No Defects,1,2,Local Road or Street,7,,X002472605,Not Toll,73,2,4,Not Divided,1,2943549.93593618,1916398.3759111,41.90370094,-87.79004865,,Urban,2,N,(N/A),Y,(N/A)
2021,2021-12-12,Sunday,15,03:00 PM,Property Damage,No Injuries,0,0,0,0,0,1,Parked Motor Vehicle,9,N,N,Failing to Reduce Speed to Avoid Crash,Unable to Determine,Daylight,Clear,Dry,N,,,,,No Controls,No Controls,Y,2,41.8815549,-87.7812379,ok,(UNK),1,2107762,2021,,28,18,50000 and OVER,9,4295,Oak Park,C,Urban Local Road or Street,,16,12,11555189,12,Cook,0,21,,,7,N,No,Free Flow,202101402838,City,1,0.16,N,,,,(UNK),110050,(N/A),(UNK),No Defects,1,1,Local Road or Street,7,2630,X002472606,Not Toll,73,1,1,Not Divided,1,2946174.69941287,1908391.73854266,41.88154709,-87.78123215,,Urban,1,N,(N/A),Y,(N/A)
2021,2021-12-09,Thursday,21,09:48 PM,Injury,C Injury Crash,1,0,0,0,1,1,Front to Front,14,N,N,Improper Lane Usage,Physical Condition of Driver,Dusk,Clear,Dry,Y,,,,,Traffic Signal,Functioning Properly,N,2,41.8942278,-87.8052258,ok,(UNK),1,2101328,2021,,20,17,50000 and OVER,9,4295,Oak Park,C,Urban Other Principal Arte,,16,9,11555191,12,Cook,1,21,,,4,N,No,Free Flow,202101402798,City,3,27.03,Y,,,,(UNK),110051,(N/A),(UNK),No Defects,1,1,Other Principal Arterial,3,5043,X002472608,Not Toll,73,3,4,Two-way Continuous Left-Tur,4,2939514.862401,1912829.2173956,41.89422,-87.80522,,Urban,1,N,(N/A),Y,(N/A)
2021,2021-06-17,Thursday,09,09:00 AM,Injury,B Injury Crash,1,0,0,1,0,4,Front to Rear,11,N,N,Failing to Reduce Speed to Avoid Crash,(N/A),Daylight,Clear,Dry,N,,,,,Other,Functioning Properly,N,4,41.8720647,-87.7856026,ok,Partial Access Control,3,03-21-08494,2021,,28,99,50000 and OVER,9,4295,Oak Park,C,Urban InterState,,16,17,11358550,6,Cook,2,21,,,4,N,No,(UNK),202101218202,ISP,1,22.52,Y,,,,(UNK),110186,(N/A),(UNK),No Defects,1,1,InterState,1,9290,X002305437,Not Toll,73,13,4,Divided With Median Barrier,3,2945082.05746367,1904900.2998679,41.87205687,-87.7855968,,Urban,1,N,(N/A),Y,(N/A)
2021,2021-03-19,Friday,10,10:38 AM,Property Damage,No Injuries,0,0,0,0,0,3,Front to Rear,11,N,N,Failing to Reduce Speed to Avoid Crash,Following Too Closely,Daylight,Clear,Dry,Y,,,,,Traffic Signal,Functioning Properly,Y,2,41.8869836,-87.7846457,ok,(UNK),1,2101660,2021,,28,3,50000 and OVER,9,4295,Oak Park,C,Urban Major Collector,,16,19,11220869,3,Cook,0,21,,,5,N,No,Stopped,202101083938,City,1,0,N,,,,(UNK),110234,(N/A),(UNK),No Defects,1,1,Major Collector,5,,X002188014,Not Toll,73,3,4,Not Divided,1,2945191.71029925,1910344.2420506,41.88697572,-87.78463992,,Urban,1,N,(N/A),Y,(N/A)
2021,2021-03-19,Friday,12,12:09 PM,Property Damage,No Injuries,0,0,0,0,0,2,Angle,15,N,N,Failing to Reduce Speed to Avoid Crash,Unable to Determine,Daylight,Clear,Dry,Y,,,,,Stop Sign,Functioning Properly,N,2,41.9073375,-87.783305,ok,(UNK),1,2101665,2021,,28,18,50000 and OVER,9,4295,Oak Park,C,Urban Major Collector,,16,19,11220871,3,Cook,0,21,,,5,N,No,Free Flow,202101083939,City,1,0,N,,,,(UNK),110235,(N/A),(UNK),No Defects,1,1,Major Collector,5,,X002188016,Not Toll,73,2,4,Not Divided,1,2945350.64267161,1917771.76497226,41.90732968,-87.78329918,,Urban,1,N,(N/A),Y,(N/A)
2021,2021-03-20,Saturday,20,08:00 PM,Property Damage,No Injuries,0,0,0,0,0,1,Parked Motor Vehicle,9,N,N,Unable to Determine,Unable to Determine,Darkness,Clear,Dry,N,,,,,No Controls,No Controls,Y,2,41.8902923,-87.7847736,ok,(UNK),1,2101704,2021,,18,18,50000 and OVER,9,4295,Oak Park,C,Urban Major Collector,,16,20,11221442,3,Cook,0,21,,,6,N,No,Free Flow,202101084038,City,4,0.79,N,,,,(UNK),110527,(N/A),(UNK),No Defects,1,1,Major Collector,5,2783,X002188099,Not Toll,73,1,1,Not Divided,1,2945123.399379,1911549.04697901,41.89028447,-87.7847678,,Urban,1,N,(N/A),Y,(N/A)
2021,2021-03-21,Sunday,16,04:15 PM,Property Damage,No Injuries,0,0,0,0,0,1,Parked Motor Vehicle,9,N,N,Improper Lane Usage,Failing to Reduce Speed to Avoid Crash,Daylight,Clear,Dry,N,,,,,Traffic Signal,Functioning Properly,Y,2,41.8797149,-87.793465,ok,(UNK),1,2101708,2021,,20,28,50000 and OVER,9,4295,Oak Park,C,Urban Minor Arterial,,16,21,11221486,3,Cook,0,21,,,7,N,No,Free Flow,202101084064,City,1,3.64,N,,,,(UNK),110773,(N/A),(UNK),No Defects,1,1,Minor Arterial,4,1419,X002188109,Not Toll,73,3,4,Not Divided,1,2942863.4256853,1907628.84422887,41.8797071,-87.79345919,,Urban,1,N,(N/A),Y,(N/A)
2021,2021-07-06,Tuesday,17,05:50 PM,Property Damage,No Injuries,0,0,0,0,0,2,Turning,10,N,N,Disregarding Traffic Signals,Failing to Reduce Speed to Avoid Crash,Daylight,Clear,Dry,Y,,,,,Traffic Signal,Functioning Properly,Y,2,41.8736416,-87.8045253,ok,Partial Access Control,3,03-21-10158,2021,,25,28,50000 and OVER,9,4295,Oak Park,C,Urban InterState,,16,6,11359149,7,Cook,0,21,,,2,N,No,(UNK),202101218832,ISP,1,25.61,Y,,,,(UNK),111234,(N/A),(UNK),No Defects,1,1,InterState,1,5043,X002305997,Not Toll,73,3,4,T-Intersection,15,2939912.20897933,1905332.45024771,41.87363371,-87.80451947,,Urban,1,N,(N/A),Y,(N/A)
2021,2021-12-04,Saturday,01,01:59 AM,Fatal,Fatal Crash,0,1,0,0,0,4,Front to Front,14,N,N,Driving Skills/Knowledge/Experience,Unable to Determine,Darkness / Lighted Road,Fog/Smoke/Haze,Wet,Y,,,,,No Controls,No Controls,N,2,41.8759848,-87.8045958,ok,(UNK),1,2107575,2021,,15,18,50000 and OVER,9,4295,Oak Park,C,Urban Other Principal Arte,,16,4,11555082,12,Cook,4,21,,,6,N,No,Free Flow,202101407266,City,5,25.77,Y,,,,(UNK),111324,(N/A),(UNK),No Defects,1,2,Other Principal Arterial,3,5043,X002471509,Not Toll,73,1,1,Not Divided,1,2939869.49456576,1906185.86027551,41.875977,-87.80458997,,Urban,4,N,(N/A),Y,(N/A)
2021,2021-03-14,Sunday,04,04:10 AM,Injury,B Injury Crash,2,0,0,2,0,2,Front to Rear,11,N,N,Failing to Reduce Speed to Avoid Crash,Equipment-Vehicle Condition,Darkness / Lighted Road,Clear,Dry,N,,,,,Other,Functioning Properly,N,2,41.8723784,-87.792718,ok,Partial Access Control,3,03-21-03475,2021,,28,10,50000 and OVER,9,4295,Oak Park,C,Urban InterState,,16,14,11222041,3,Cook,2,21,,,7,N,No,(UNK),202101084632,ISP,5,8.26,Y,,,,(UNK),111732,(N/A),(UNK),No Defects,1,1,InterState,1,290,X002188646,Not Toll,,13,4,Divided With Median Barrier,3,2943140.85620788,1904960.90873061,41.87237057,-87.79271217,,Urban,1,N,(N/A),Y,(N/A)
2021,2021-06-28,Monday,02,02:15 AM,Injury,B Injury Crash,1,0,0,1,0,2,Front to Rear,11,N,N,Failing to Reduce Speed to Avoid Crash,Driving Skills/Knowledge/Experience,Darkness,Rain,Wet,N,,,,,Other Regualtory Sig,Functioning Properly,N,3,41.8731542,-87.8008903,ok,Partial Access Control,3,03-21-09095,2021,,28,15,50000 and OVER,9,4295,Oak Park,C,Urban InterState,,16,28,11359904,6,Cook,2,21,,,1,N,No,(UNK),202101219555,ISP,4,7.87,Y,,,,(UNK),112385,(N/A),(UNK),No Defects,1,2,InterState,1,290,X002306733,Not Toll,73,10,4,Divided With Median Barrier,3,2940907.15257367,1905182.14530863,41.87314639,-87.80088448,,Urban,2,N,(N/A),Y,(N/A)
2021,2021-03-10,Wednesday,15,03:42 PM,Injury,C Injury Crash,1,0,0,0,1,1,Front to Rear,11,N,N,Failing to Reduce Speed to Avoid Crash,Following Too Closely,Daylight,Cloudy/Overcast,Dry,Y,,,,,Traffic Signal,Functioning Properly,N,2,41.8722841,-87.8044649,ok,(UNK),1,2101505,2021,,28,3,50000 and OVER,9,4295,Oak Park,C,Urban Other Principal Arte,,16,10,11221746,3,Cook,1,21,,,3,N,No,Stopped,202101084345,City,1,25.52,Y,,,,(UNK),112652,(N/A),(UNK),No Defects,1,1,Other Principal Arterial,3,5043,X002188355,Not Toll,73,3,4,"Divided, No Median Barrier",2,2939942.27032912,1904838.20704436,41.87227621,-87.80445911,,Urban,8,N,(N/A),Y,(N/A)
2021,2021-03-15,Monday,15,03:00 PM,Property Damage,No Injuries,0,0,0,0,0,3,Sideswipe Same Direction,12,N,N,Failing to Reduce Speed to Avoid Crash,Improper Lane Usage,Daylight,Snow,Snow or Slush,N,,,,,No Controls,No Controls,N,2,41.9089502,-87.7980396,ok,(UNK),1,2101601,2021,,28,20,50000 and OVER,9,4295,Oak Park,C,Urban Other Principal Arte,,16,15,11222288,3,Cook,0,21,,,1,N,No,Free Flow,202101084872,City,1,6.32,Y,,,,(UNK),113232,(N/A),(UNK),No Defects,1,3,Other Principal Arterial,3,307,X002188828,Not Toll,73,1,1,Divided With Median Barrier,3,2941323.30409644,1918248.29711088,41.90894237,-87.79803378,,Urban,3,N,(N/A),Y,(N/A)
2021,2021-07-15,Thursday,02,02:00 AM,Property Damage,No Injuries,0,0,0,0,0,3,Front to Rear,11,N,N,Following Too Closely,Failing to Reduce Speed to Avoid Crash,Darkness / Lighted Road,Clear,Dry,N,,,,,No Controls,No Controls,Y,3,41.8734824,-87.8042571,ok,Partial Access Control,3,03-21-10053,2021,,3,28,50000 and OVER,9,4295,Oak Park,C,Urban InterState,,16,15,11360790,7,Cook,0,21,,,4,N,No,(UNK),202101220513,ISP,5,7.71,Y,,,,(UNK),113647,(N/A),(UNK),No Defects,1,1,InterState,1,290,X002307588,Not Toll,73,1,1,Divided With Median Barrier,3,2939986.85165115,1905276.44836979,41.87347451,-87.80425128,,Urban,1,N,(N/A),Y,(N/A)
2021,2021-10-11,Monday,18,06:31 PM,Property Damage,No Injuries,0,0,0,0,0,2,Front to Rear,11,N,N,Improper Lane Usage,Unable to Determine,Darkness,Rain,Wet,N,,,,,No Controls,No Controls,Y,2,41.886948,-87.8049684,ok,(UNK),1,2101067,2021,,20,18,50000 and OVER,9,4295,Oak Park,C,Urban Other Principal Arte,,16,11,11472723,10,Cook,0,21,,,1,N,No,Stopped,202101323883,City,4,19.17,Y,,,,(UNK),113910,(N/A),(UNK),No Defects,1,2,Other Principal Arterial,3,348,X002401650,Not Toll,73,1,1,Divided With Median Barrier,3,2939658.01741107,1910178.24512763,41.88694018,-87.80496255,,Urban,2,N,(N/A),Y,(N/A)
2021,2021-07-18,Sunday,02,02:00 AM,Property Damage,No Injuries,0,0,0,0,0,3,Turning,10,N,N,Improper Turning/No Signal,(N/A),Darkness,Clear,Dry,N,,,,,Traffic Signal,Functioning Properly,Y,3,41.8705623,-87.7742856,ok,(UNK),1,JE305468,2021,,6,99,50000 and OVER,9,4295,Oak Park,C,Urban Minor Arterial,,16,18,11360180,7,Cook,0,21,,,7,N,No,(UNK),202101221245,City,4,8.4,N,,,,(UNK),114003,(N/A),(UNK),No Defects,1,1,Minor Arterial,4,2790,X002306996,Not Toll,,3,4,Not Divided,1,2948179.77967772,1904438.5554296,41.87055447,-87.77427978,,Urban,1,N,(N/A),Y,(N/A)
2021,2021-07-16,Friday,12,12:12 PM,Property Damage,No Injuries,0,0,0,0,0,1,Parked Motor Vehicle,9,N,N,Driving Skills/Knowledge/Experience,Unable to Determine,Daylight,Clear,Dry,N,,,,,No Controls,No Controls,N,2,41.8999937,-87.7826007,ok,(UNK),1,2104269,2021,,15,18,50000 and OVER,9,4295,Oak Park,C,Urban Local Road or Street,,16,16,11361587,7,Cook,0,21,,,5,N,No,Slow,202101221049,City,1,0.4,N,,,,(UNK),114075,(N/A),(UNK),No Defects,1,1,Local Road or Street,7,2630,X002306158,Not Toll,73,1,1,"Divided, No Median Barrier",2,2945616.77951083,1915100.84989637,41.89998583,-87.7825949,,Urban,1,N,(N/A),Y,(N/A)
2021,2021-07-15,Thursday,07,07:46 AM,Property Damage,No Injuries,0,0,0,0,0,3,Turning,10,N,N,Disregarding Traffic Signals,Failing to Reduce Speed to Avoid Crash,Daylight,Rain,Wet,Y,,,,,Traffic Signal,Functioning Properly,N,2,41.887107,-87.8049778,ok,(UNK),1,2104236,2021,,25,28,50000 and OVER,9,4295,Oak Park,C,Urban Other Principal Arte,,16,15,11361590,7,Cook,0,21,,,4,N,No,Free Flow,202101221052,City,1,26.54,Y,,,,(UNK),114076,(N/A),(UNK),No Defects,1,2,Other Principal Arterial,3,5043,X002307912,Not Toll,73,3,4,Four Way,14,2939653.84539076,1910236.11464217,41.88709917,-87.80497201,,Urban,2,N,(N/A),Y,(N/A)
2021,2021-07-12,Monday,14,02:32 PM,Property Damage,No Injuries,0,0,0,0,0,1,Parked Motor Vehicle,9,N,N,Physical Condition of Driver,(N/A),Daylight,Cloudy/Overcast,Dry,N,,,,,No Controls,No Controls,N,2,41.8832632,-87.8026118,ok,(UNK),1,2104164,2021,,17,99,50000 and OVER,9,4295,Oak Park,C,Urban Local Road or Street,,16,12,11361592,7,Cook,0,21,,,1,N,No,Slow,202101221055,City,1,0.11,N,,,,(UNK),114148,(N/A),(UNK),No Defects,1,1,Local Road or Street,7,3015,X002306153,Not Toll,73,1,1,Not Divided,1,2940336.74908991,1908853.1165694,41.88325538,-87.80260597,,Urban,8,N,(N/A),Y,(N/A)
2021,2021-10-12,Tuesday,12,12:04 PM,Property Damage,No Injuries,0,0,0,0,0,2,Turning,10,N,N,Improper Turning/No Signal,(N/A),Daylight,Cloudy/Overcast,Dry,N,,,,,Delineators,Functioning Properly,Y,2,41.8740538,-87.8045356,ok,(UNK),1,21-03074,2021,,6,99,50000 and OVER,9,4295,Oak Park,C,Urban Other Principal Arte,,16,12,11473231,10,Cook,0,21,,,2,N,No,Free Flow,202101324248,City,1,20.06,Y,,,,(UNK),114306,(N/A),(UNK),Worn Surface,8,1,Other Principal Arterial,3,348,X002402024,Not Toll,73,14,4,Divided With Median Barrier,3,2939905.25393219,1905482.60800617,41.87404597,-87.80452981,,Urban,8,N,(N/A),N,(N/A)
2021,2021-10-12,Tuesday,07,07:36 AM,Property Damage,No Injuries,0,0,0,0,0,1,Other Object,7,N,N,Failing to Reduce Speed to Avoid Crash,Weather,Daylight,Cloudy/Overcast,Wet,N,,,,,No Controls,No Controls,N,1,41.8652202,-87.7905511,ok,(UNK),1,2106293,2021,,28,11,50000 and OVER,9,4295,Oak Park,C,Urban Other Principal Arte,,16,12,11473254,10,Cook,0,21,LIGHT SUPPORT,,2,N,No,Free Flow,202101324272,City,1,6.7,Y,,,,(UNK),114412,(N/A),(UNK),No Defects,1,2,Other Principal Arterial,3,347,X002401907,Not Toll,52,1,1,Two-way Continuous Left-Tur,4,2943803.28952908,1902368.66538234,41.86521235,-87.79054532,,Urban,8,N,(N/A),Y,(N/A)