crash_year,crash_date,day_of_week,crash_hour,time_of_crash,crash_severity,crash_injury_severity,total_injured,total_fatals,a_injuries,b_injuries,c_injuries,no_injuries,type_of_first_crash,collision_type_code,pedestrian_involved,pedalcyclist_involved,cause1,cause2,lighting_cond,weather_cond,road_surface_cond,intersection_related,is_intersection,highway_or_street_name,at_intersection_with,address_no,traffic_control_device,traffic_control_device_cond,hit_and_run,number_of_vehicles,latitude,longitude,location_status,access_control,agency_code,agency_report_number,agency_report_year,alignment_code,cause1_code,cause2_code,city_class,city_class_code,city_code,city_name,city_township_flag,class_of_trafficway,class_of_trafficway_code,county_code,crash_day,crash_id,crash_month,crash_report_county,crash_severity_cd,crash_yr_source,damaged_property1,damaged_property2,day_of_week_code,did_crash_occur_in_work_zone,did_involve_secondary_crash,flow_condition,icn,investigating_agency_descrip,light_condition_code,mile_station,nhs,non_intersection_direction,non_intersection_distance,non_intersection_units,number_of_lanes,objectid,railroad_crossing_number,road_alignment,road_defects,road_defects_code,road_surface_condition_code,roadway_functional_class,roadway_functional_class_code,route_number,sfe,toll,township,traffic_control_device_code,traffic_control_device_cond_code,trafficway_descrip,trafficway_description_code,ts_crash_coordinate_x,ts_crash_coordinate_y,ts_crash_latitude,ts_crash_longitude,type_report,urban_rural,weather_code,were_workers_present,work_zone,work_zone_related,work_zone_type
2021,2021-10-12,Tuesday,09,09:49 AM,Injury,B Injury Crash,1,0,0,1,0,1,Sideswipe Same Direction,12,N,N,Improper Lane Usage,Unable to Determine,Daylight,Cloudy/Overcast,Wet,N,,,,,No Controls,No Controls,N,2,41.8796226,-87.8026949,ok,(UNK),1,2106296,2021,,20,18,50000 and OVER,9,4295,Oak Park,C,Urban Minor Arterial,,16,12,11473257,10,Cook,2,21,,,2,N,No,Slow,202101324273,City,1,3.17,N,,,,(UNK),114413,(N/A),(UNK),No Defects,1,2,Minor Arterial,4,1419,X002401926,Not Toll,73,1,1,Not Divided,1,2940350.67717453,1907525.77151255,41.87961472,-87.80268909,,Urban,8,N,(N/A),Y,(N/A)
2021,2021-03-23,Tuesday,16,04:10 PM,Property Damage,No Injuries,0,0,0,0,0,2,Front to Rear,11,N,N,Failing to Reduce Speed to Avoid Crash,Following Too Closely,Daylight,Rain,Wet,N,,,,,No Controls,No Controls,N,2,41.8724787,-87.7921769,ok,Partial Access Control,3,03-21-03881,2021,,28,3,50000 and OVER,9,4295,Oak Park,C,Urban InterState,,16,23,11222988,3,Cook,0,21,,,2,N,No,(UNK),202101085512,ISP,1,22.17,Y,,,,(UNK),114798,(N/A),(UNK),No Defects,1,2,InterState,1,9290,X002189519,Not Toll,73,1,1,Divided With Median Barrier,3,2943287.22833231,1905001.54251429,41.87247088,-87.79217106,,Urban,2,N,(N/A),Y,(N/A)
2021,2021-10-10,Sunday,18,06:28 PM,Property Damage,No Injuries,0,0,0,0,0,3,Sideswipe Same Direction,12,N,N,Failing to Reduce Speed to Avoid Crash,Improper Lane Usage,Dusk,Clear,Dry,N,,,,,Delineators,Functioning Properly,Y,2,41.8735928,-87.8024522,ok,Partial Access Control,3,03-21-15001,2021,,28,20,50000 and OVER,9,4295,Oak Park,C,Urban InterState,,16,10,11472480,10,Cook,0,21,,,7,N,No,(UNK),202101323655,ISP,3,21.68,Y,,,,(UNK),114847,(N/A),(UNK),No Defects,1,1,InterState,1,9290,X002401423,Not Toll,73,14,4,Divided With Median Barrier,3,2940477.32503302,1905330.24418758,41.87358497,-87.80244642,,Urban,1,N,(N/A),Y,(N/A)
2021,2021-03-24,Wednesday,19,07:19 PM,Property Damage,No Injuries,0,0,0,0,0,2,Front to Rear,11,N,N,Driving Skills/Knowledge/Experience,Failing to Reduce Speed to Avoid Crash,Darkness / Lighted Road,Rain,Wet,N,,,,,Delineators,Functioning Properly,N,2,41.8723111,-87.788474,ok,Partial Access Control,3,03-21-03923,2021,,15,28,50000 and OVER,9,4295,Oak Park,C,Urban InterState,,16,24,11224078,3,Cook,0,21,,,3,N,No,(UNK),202101086534,ISP,5,22.36,Y,,,,(UNK),115919,(N/A),(UNK),No Defects,1,2,InterState,1,9290,X002190547,Not Toll,73,14,4,Divided With Median Barrier,3,2944297.46434938,1904968.38770053,41.87230324,-87.78846824,,Urban,2,N,(N/A),Y,(N/A)
2021,2021-12-13,Monday,10,10:18 AM,Property Damage,No Injuries,0,0,0,0,0,1,Animal,4,N,N,Animal,Unable to Determine,Daylight,Clear,Dry,N,,,,,No Controls,No Controls,Y,1,41.8816097,-87.7909429,ok,(UNK),1,2107763,2021,,21,18,50000 and OVER,9,4295,Oak Park,C,Urban Major Collector,,16,13,11556462,12,Cook,0,21,DOG,,1,N,No,Free Flow,202101404111,City,1,0.72,N,,,,(UNK),116186,(N/A),(UNK),No Defects,1,1,Major Collector,5,5,X002473816,Not Toll,73,1,1,Not Divided,1,2943531.16494197,1908338.33803311,41.88160184,-87.79093712,,Urban,1,N,(N/A),Y,(N/A)
2021,2021-12-13,Monday,17,05:47 PM,Property Damage,No Injuries,0,0,0,0,0,2,Angle,15,N,N,Disregarding Stop Sign,Unable to Determine,Darkness,Clear,Dry,N,,,,,Stop Sign,Functioning Properly,N,2,41.8779832,-87.791741,ok,(UNK),1,2107771,2021,,23,18,50000 and OVER,9,4295,Oak Park,C,Urban Local Road or Street,,16,13,11556463,12,Cook,0,21,,,1,N,No,Free Flow,202101404112,City,4,0,N,,,,(UNK),116187,(N/A),(UNK),No Defects,1,1,Local Road or Street,7,,X002473817,Not Toll,73,2,4,Not Divided,1,2943350.40506116,1907010.77698583,41.8779754,-87.79173522,,Urban,1,N,(N/A),Y,(N/A)
2021,2021-03-22,Monday,15,03:11 PM,Injury,C Injury Crash,1,0,0,0,1,0,Parked Motor Vehicle,9,N,N,Failing to Reduce Speed to Avoid Crash,Improper Lane Usage,Daylight,Clear,Dry,N,,,,,No Controls,No Controls,N,3,41.8738947,-87.7842604,ok,(UNK),1,2101716,2021,,28,20,50000 and OVER,9,4295,Oak Park,C,Urban Major Collector,,16,22,11224325,3,Cook,1,21,PARKWAY TREE,,1,N,No,Slow,202101086741,City,1,1.94,N,,,,(UNK),116830,(N/A),(UNK),No Defects,1,1,Major Collector,5,2783,X002190734,Not Toll,73,1,1,"Divided, No Median Barrier",2,2945429.11185984,1905577.34731689,41.8738869,-87.78425462,,Urban,1,N,(N/A),Y,(N/A)
2021,2021-03-23,Tuesday,17,05:40 PM,Injury,C Injury Crash,1,0,0,0,1,3,Angle,15,N,N,Disregarding Traffic Signals,Failing to Reduce Speed to Avoid Crash,Daylight,Rain,Wet,Y,,,,,Traffic Signal,Functioning Properly,N,2,41.8762744,-87.784366,ok,(UNK),1,2101735,2021,,25,28,50000 and OVER,9,4295,Oak Park,C,Urban Major Collector,,16,23,11224326,3,Cook,1,21,,,2,N,No,Free Flow,202101086742,City,1,0,N,,,,(UNK),116831,(N/A),(UNK),No Defects,1,2,Major Collector,5,,X002190735,Not Toll,73,3,4,Not Divided,1,2945376.27752436,1906443.72683667,41.87626652,-87.78436018,,Urban,2,N,(N/A),Y,(N/A)
2021,2021-03-16,Tuesday,09,09:43 AM,Injury,A Injury Crash,2,0,1,1,0,2,Turning,10,N,N,Failing to Yield Right of Way,Failing to Reduce Speed to Avoid Crash,Daylight,Cloudy/Overcast,Dry,N,,,,,No Controls,No Controls,N,2,41.8816312,-87.7897727,ok,(UNK),1,2101606,2021,,2,28,50000 and OVER,9,4295,Oak Park,C,Urban Major Collector,,16,16,11225690,3,Cook,3,21,,,2,N,No,Free Flow,202101087878,City,1,0.77,N,,,,(UNK),117081,(N/A),(UNK),No Defects,1,1,Major Collector,5,5,X002191037,Not Toll,73,1,1,"Divided, No Median Barrier",2,2943849.62851442,1908355.01735834,41.88162339,-87.78976693,,Urban,8,N,(N/A),Y,(N/A)
2021,2021-03-24,Wednesday,17,05:10 PM,Injury,B Injury Crash,1,0,0,1,0,1,Pedalcyclist,2,N,Y,Driving Skills/Knowledge/Experience,Unable to Determine,Daylight,Clear,Dry,N,,,,,No Controls,No Controls,N,1,41.8881895,-87.7801725,ok,(UNK),1,2101745,2021,,15,18,50000 and OVER,9,4295,Oak Park,C,Urban Major Collector,,16,24,11225698,3,Cook,2,21,,,3,N,No,Free Flow,202101087884,City,1,1.07,N,,,,(UNK),117084,(N/A),(UNK),No Defects,1,1,Major Collector,5,1405,X002191673,Not Toll,73,1,1,Not Divided,1,2946397.58499697,1910817.56624741,41.88818164,-87.7801667,,Urban,1,N,(N/A),Y,(N/A)
2021,2021-07-17,Saturday,13,01:50 PM,Property Damage,No Injuries,0,0,0,0,0,4,Sideswipe Same Direction,12,N,N,Improper Lane Usage,Failing to Reduce Speed to Avoid Crash,Daylight,Clear,Dry,N,,,,,No Controls,No Controls,Y,2,41.872637,-87.7939989,ok,Partial Access Control,3,03-21-10201,2021,,20,28,50000 and OVER,9,4295,Oak Park,C,Urban InterState,,16,17,11361692,7,Cook,0,21,,,6,N,No,(UNK),202101221206,ISP,1,22.05,Y,,,,(UNK),117765,(N/A),(UNK),No Defects,1,1,InterState,1,9290,X002308080,Not Toll,73,1,1,Divided With Median Barrier,3,2942789.34879453,1905045.49067401,41.87262915,-87.79399315,,Urban,1,N,(N/A),Y,(N/A)
2021,2021-07-19,Monday,07,07:28 AM,Property Damage,No Injuries,0,0,0,0,0,2,Front to Rear,11,N,N,Failing to Reduce Speed to Avoid Crash,Improper Overtaking/Passing,Daylight,Clear,Dry,N,,,,,Other Regualtory Sig,Functioning Properly,N,2,41.8731017,-87.7980246,ok,Partial Access Control,3,03-21-10296,2021,,28,4,50000 and OVER,9,4295,Oak Park,C,Urban InterState,,16,19,11361694,7,Cook,0,21,,,1,N,No,(UNK),202101221209,ISP,1,21.89,Y,,,,(UNK),117826,(N/A),(UNK),No Defects,1,1,InterState,1,9290,X002308082,Not Toll,73,10,4,"Divided, No Median Barrier",2,2941688.20875646,1905184.52613422,41.87309382,-87.79801878,,Urban,1,N,(N/A),Y,(N/A)
2021,2021-07-12,Monday,23,11:59 PM,Property Damage,No Injuries,0,0,0,0,0,1,Parked Motor Vehicle,9,N,N,Equipment-Vehicle Condition,Unable to Determine,Darkness / Lighted Road,Clear,Wet,N,,,,,No Controls,No Controls,N,2,41.8667447,-87.7753682,ok,(UNK),1,2104181,2021,,10,18,50000 and OVER,9,4295,Oak Park,C,Urban Local Road or Street,,16,12,11363077,7,Cook,0,21,,,1,N,No,(UNK),202101222411,City,5,0.24,N,,,,(UNK),118246,(N/A),(UNK),No Defects,1,2,Local Road or Street,7,2603,X002308804,Not Toll,73,1,1,Not Divided,1,2947923.67082491,1903039.12455249,41.86673686,-87.77536241,,Urban,1,N,(N/A),Y,(N/A)
2021,2021-03-26,Friday,09,09:48 AM,Injury,B Injury Crash,2,0,0,2,0,2,Front to Front,14,N,N,Driving On Wrong Side/Wrong Way,Unable to Determine,Daylight,Cloudy/Overcast,Dry,Y,,,,,Other,Functioning Properly,N,3,41.8796674,-87.8047358,ok,(UNK),1,21-00973,2021,,5,18,50000 and OVER,9,4295,Oak Park,C,Urban Other Principal Arte,,16,26,11225889,3,Cook,2,21,,,5,N,No,Free Flow,202101088117,City,1,26.02,Y,,,,(UNK),118349,(N/A),(UNK),No Defects,1,1,Other Principal Arterial,3,5043,X002191943,Not Toll,73,13,4,"Divided, No Median Barrier",2,2939794.41007135,1907526.79802799,41.87965956,-87.80472998,,Urban,8,N,(N/A),Y,(N/A)
2021,2021-07-17,Saturday,12,12:15 PM,Property Damage,No Injuries,0,0,0,0,0,4,Angle,15,N,N,Failing to Yield Right of Way,Unable to Determine,Daylight,Clear,Dry,Y,,,,,Stop Sign,Functioning Properly,N,2,41.9037944,-87.7841775,ok,(UNK),1,2104291,2021,,2,18,50000 and OVER,9,4295,Oak Park,C,Urban Major Collector,,16,17,11361804,7,Cook,0,21,,,6,N,No,Free Flow,202101221380,City,1,0,N,,,,(UNK),118493,(N/A),(UNK),No Defects,1,1,Major Collector,5,,X002308185,Not Toll,73,2,4,Not Divided,1,2945148.9888159,1916473.98264483,41.90378657,-87.78417175,,Urban,1,N,(N/A),Y,(N/A)
2021,2021-07-17,Saturday,16,04:25 PM,Property Damage,No Injuries,0,0,0,0,0,4,Sideswipe Same Direction,12,N,N,Improper Overtaking/Passing,Unable to Determine,Daylight,Clear,Dry,N,,,,,No Controls,No Controls,N,2,41.8816628,-87.7845134,ok,(UNK),1,2104297,2021,,4,18,50000 and OVER,9,4295,Oak Park,C,Urban Major Collector,,16,17,11361836,7,Cook,0,21,,,6,N,No,Free Flow,202101221425,City,1,1.4,N,,,,(UNK),118565,(N/A),(UNK),No Defects,1,1,Major Collector,5,2783,X002308191,Not Toll,73,1,1,Not Divided,1,2945281.58547504,1908406.27077983,41.881655,-87.78450763,,Urban,1,N,(N/A),Y,(N/A)
2021,2021-07-17,Saturday,16,04:58 PM,Property Damage,No Injuries,0,0,0,0,0,4,Front to Rear,11,N,N,Failing to Reduce Speed to Avoid Crash,Unable to Determine,Daylight,Clear,Dry,N,,,,,Traffic Signal,Functioning Properly,Y,2,41.87231,-87.8044664,ok,(UNK),1,2104298,2021,,28,18,50000 and OVER,9,4295,Oak Park,C,Urban Other Principal Arte,,16,17,11361837,7,Cook,0,21,,,6,N,No,Stopped,202101221427,City,1,25.52,Y,,,,(UNK),118566,(N/A),(UNK),No Defects,1,1,Other Principal Arterial,3,5043,X002308194,Not Toll,73,3,4,"Divided, No Median Barrier",2,2939941.60648618,1904847.65773717,41.87230217,-87.80446059,,Urban,1,N,(N/A),Y,(N/A)
2021,2021-07-18,Sunday,23,11:00 PM,Property Damage,No Injuries,0,0,0,0,0,2,Angle,15,N,N,Failing to Yield Right of Way,Disregarding Other Traffic Signs,Darkness / Lighted Road,Clear,Dry,Y,,,,,Stop Sign,Functioning Properly,N,2,41.8867731,-87.8024903,ok,(UNK),1,2104338,2021,,2,24,50000 and OVER,9,4295,Oak Park,C,Urban Local Road or Street,,16,18,11361878,7,Cook,0,21,,,7,N,No,Free Flow,202101221519,City,5,0,N,,,,(UNK),118695,(N/A),(UNK),No Defects,1,1,Local Road or Street,7,,X002308218,Not Toll,73,2,4,Four Way,14,2940334.576464,1910133.10912245,41.8867653,-87.80248448,,Urban,1,N,(N/A),Y,(N/A)
2021,2021-07-17,Saturday,17,05:38 PM,Property Damage,No Injuries,0,0,0,0,0,2,Sideswipe Same Direction,12,N,N,Failing to Reduce Speed to Avoid Crash,(N/A),Daylight,Clear,Dry,Y,,,,,Traffic Signal,Functioning Properly,N,2,41.8885679,-87.8050249,ok,(UNK),1,2104300,2021,,28,99,50000 and OVER,9,4295,Oak Park,C,Urban Other Principal Arte,,16,17,11361880,7,Cook,0,21,,,6,N,No,Free Flow,202101221522,City,1,26.64,Y,,,,(UNK),118717,(N/A),(UNK),No Defects,1,1,Other Principal Arterial,3,5043,X002308205,Not Toll,73,3,4,Not Divided,1,2939626.35549849,1910768.12466329,41.88856003,-87.80501913,,Urban,1,N,(N/A),Y,(N/A)
2021,2021-03-26,Friday,10,10:48 AM,Property Damage,No Injuries,0,0,0,0,0,4,Angle,15,N,N,Failing to Yield Right of Way,Unable to Determine,Daylight,Cloudy/Overcast,Dry,Y,,,,,Stop Sign,Functioning Properly,N,2,41.8744489,-87.7842756,ok,(UNK),1,2101777,2021,,2,18,50000 and OVER,9,4295,Oak Park,C,Urban Major Collector,,16,26,11226545,3,Cook,0,21,,,5,N,No,Free Flow,202101088732,City,1,0,N,,,,(UNK),119247,(N/A),(UNK),No Defects,1,1,Major Collector,5,,X002192453,Not Toll,73,2,4,Not Divided,1,2945419.37898279,1905779.19323077,41.8744411,-87.78426976,,Urban,8,N,(N/A),Y,(N/A)
2021,2021-03-15,Monday,14,02:20 PM,Property Damage,No Injuries,0,0,0,0,0,2,Sideswipe Same Direction,12,N,N,Weather,Failing to Reduce Speed to Avoid Crash,Daylight,Snow,Snow or Slush,Y,,,,,Traffic Signal,Functioning Properly,N,2,41.8815878,-87.7943358,ok,(UNK),1,2101787,2021,,11,28,50000 and OVER,9,4295,Oak Park,C,Urban Major Collector,,16,15,11226546,3,Cook,0,21,,,1,N,No,Slow,202101088929,City,1,0,N,,,,(UNK),119248,(N/A),(UNK),No Defects,1,3,Major Collector,5,,X002192454,Not Toll,73,3,4,Not Divided,1,2942607.39197709,1908304.80420034,41.88158,-87.79433,,Urban,3,N,(N/A),Y,(N/A)
2021,2021-12-05,Sunday,12,12:04 PM,Property Damage,No Injuries,0,0,0,0,0,2,Parked Motor Vehicle,9,N,N,Improper Lane Usage,Failing to Reduce Speed to Avoid Crash,Daylight,Rain,Wet,N,,,,,No Controls,No Controls,Y,2,41.8943078,-87.8003667,ok,(UNK),1,2107605,2021,,20,28,50000 and OVER,9,4295,Oak Park,C,Urban Minor Arterial,,16,5,11623953,12,Cook,0,21,,,7,N,No,Free Flow,202101433201,City,1,0,N,,,,(UNK),119474,(N/A),(UNK),No Defects,1,2,Minor Arterial,4,,X002531074,Not Toll,73,1,1,"Divided, No Median Barrier",2,2940837.09464509,1912894.84127785,41.8943,-87.80036087,,Urban,2,N,(N/A),Y,(N/A)
2021,2021-11-21,Sunday,03,03:50 AM,Property Damage,No Injuries,0,0,0,0,0,1,Fixed Object,6,N,N,Under Influence of Alcohol/Drugs,Improper Lane Usage,Darkness / Lighted Road,Clear,Dry,N,,,,,Other,Functioning Properly,N,1,41.8718854,-87.783548,ok,Partial Access Control,3,03-21-17390,2021,,8,20,50000 and OVER,9,4295,Oak Park,C,Urban InterState,,16,21,11557488,11,Cook,0,21,,,7,N,No,(UNK),202101405209,ISP,5,22.62,Y,,,,(UNK),120744,(N/A),(UNK),No Defects,1,1,InterState,1,9290,X002474813,Not Toll,73,13,4,Divided With Median Barrier,3,2945643.5,1904850.5,41.87187757,-87.78354216,,Urban,1,N,(N/A),Y,(N/A)
2021,2021-12-13,Monday,17,05:05 PM,Property Damage,No Injuries,0,0,0,0,0,3,Pedestrian,1,Y,N,Improper Turning/No Signal,Driving Skills/Knowledge/Experience,Darkness,Clear,Dry,N,,,,,No Controls,No Controls,Y,2,41.8683653,-87.804324,ok,(UNK),1,21-03685,2021,,6,15,50000 and OVER,9,4295,Oak Park,C,Urban Other Principal Arte,,16,13,11557627,12,Cook,0,21,,,1,N,No,Free Flow,202101405346,City,4,20.46,Y,,,,(UNK),121681,(N/A),(UNK),No Defects,1,1,Other Principal Arterial,3,348,X002474951,Not Toll,73,1,1,"Divided, No Median Barrier",2,2940019.97617964,1903411.20859331,41.86835748,-87.80431818,,Urban,1,N,(N/A),Y,(N/A)
2021,2021-07-19,Monday,12,12:52 PM,Property Damage,No Injuries,0,0,0,0,0,1,Fixed Object,6,N,N,Driving Skills/Knowledge/Experience,Equipment-Vehicle Condition,Daylight,Clear,Dry,Y,,,,,Traffic Signal,Functioning Properly,Y,1,41.8945678,-87.7848661,ok,(UNK),1,2104348,2021,,15,10,50000 and OVER,9,4295,Oak Park,C,Urban Minor Arterial,,16,19,11363285,7,Cook,0,21,VIADUCT,,1,N,No,Free Flow,202101222744,City,1,0,N,,,,(UNK),121809,(N/A),(UNK),No Defects,1,1,Minor Arterial,4,,X002309118,Not Toll,73,3,4,Not Divided,1,2945054.94238468,1913106.4307327,41.89455999,-87.78486028,,Urban,1,N,(N/A),Y,(N/A)
2021,2021-09-26,Sunday,12,12:18 PM,Property Damage,No Injuries,0,0,0,0,0,2,Sideswipe Same Direction,12,N,N,Following Too Closely,Failing to Reduce Speed to Avoid Crash,Darkness / Lighted Road,Clear,Dry,N,,,,,Other,Functioning Properly,Y,2,41.8709541,-87.7748008,ok,Partial Access Control,3,03-21-14145,2021,,3,28,50000 and OVER,9,4295,Oak Park,C,Urban InterState,,16,26,11475398,9,Cook,0,21,,,7,Y,No,(UNK),202101326291,ISP,5,9.18,Y,,,,(UNK),122041,(N/A),(UNK),No Defects,1,1,InterState,1,290,X002404050,Not Toll,,13,4,Divided With Median Barrier,3,2948035.46822115,1904577.40174893,41.87094622,-87.77479499,,Urban,1,N,Construction,Y,Construction Work Zone
2021,2021-09-25,Saturday,23,11:50 PM,Injury,B Injury Crash,1,0,0,1,0,2,Front to Rear,11,N,N,Failing to Reduce Speed to Avoid Crash,Following Too Closely,Darkness / Lighted Road,Clear,Dry,N,,,,,No Controls,Functioning Properly,N,2,41.8726527,-87.7941755,ok,Partial Access Control,3,03-21-14146,2021,,28,3,50000 and OVER,9,4295,Oak Park,C,Urban InterState,,16,25,11475400,9,Cook,2,21,,,6,N,No,(UNK),202101326290,ISP,5,22.06,Y,,,,(UNK),122043,(N/A),(UNK),No Defects,1,1,InterState,1,9290,X002404052,Not Toll,73,1,4,Divided With Median Barrier,3,2942741.09048877,1905049.89299868,41.87264488,-87.79416974,,Urban,1,N,(N/A),Y,(N/A)
2021,2021-02-05,Friday,08,08:40 AM,Property Damage,No Injuries,0,0,0,0,0,1,Fixed Object,6,N,N,Improper Turning/No Signal,Unable to Determine,Daylight,Clear,Snow or Slush,Y,,,,,Stop Sign,Functioning Properly,Y,1,41.8867731,-87.8024906,ok,(UNK),1,2100786,2021,,6,18,50000 and OVER,9,4295,Oak Park,C,Urban Local Road or Street,,16,5,11228392,2,Cook,0,21,LIGHT POLE,,5,N,No,Free Flow,202101090497,City,1,0,N,,,,(UNK),123060,(N/A),(UNK),No Defects,1,3,Local Road or Street,7,,X002193977,Not Toll,73,2,4,Not Divided,1,2940334.48674601,1910133.10369334,41.88676529,-87.80248481,,Urban,1,N,(N/A),Y,(N/A)
2021,2021-03-26,Friday,12,12:33 PM,Property Damage,No Injuries,0,0,0,0,0,2,Angle,15,N,N,Failing to Yield Right of Way,Failing to Reduce Speed to Avoid Crash,Daylight,Clear,Dry,Y,,,,,Traffic Signal,Functioning Properly,N,2,41.8944178,-87.7946759,ok,(UNK),1,2101779,2021,,2,28,50000 and OVER,9,4295,Oak Park,C,Urban Minor Arterial,,16,26,11228582,3,Cook,0,21,,,5,N,No,Free Flow,202101090675,City,1,0,N,,,,(UNK),123615,(N/A),(UNK),No Defects,1,1,Minor Arterial,4,,X002194253,Not Toll,73,3,4,Four Way,14,2942385.45821375,1912977.73415215,41.89441,-87.79467011,,Urban,1,N,(N/A),Y,(N/A)
2021,2021-10-13,Wednesday,08,08:54 AM,Property Damage,No Injuries,0,0,0,0,0,1,Parked Motor Vehicle,9,N,N,Failing to Reduce Speed to Avoid Crash,(N/A),Daylight,Clear,Dry,N,,,,,No Controls,No Controls,N,4,41.8882433,-87.7819364,ok,(UNK),1,2106310,2021,,28,99,50000 and OVER,9,4295,Oak Park,C,Urban Major Collector,,16,13,11475511,10,Cook,0,21,,,3,N,Yes,Free Flow,202101326402,City,1,0.99,N,,,,(UNK),124077,(N/A),(UNK),No Defects,1,1,Major Collector,5,1405,X002404161,Not Toll,73,1,1,Not Divided,1,2945916.72865919,1910823.81495424,41.88823545,-87.78193057,,Urban,1,N,(N/A),Y,(N/A)
2021,2021-10-10,Sunday,11,11:25 AM,Property Damage,No Injuries,0,0,0,0,0,2,Sideswipe Same Direction,12,N,N,Improper Overtaking/Passing,Failing to Reduce Speed to Avoid Crash,Daylight,Rain,Wet,N,,,,,Other Regualtory Sig,Functioning Properly,Y,2,41.8712607,-87.7794,ok,Partial Access Control,3,03-21-14972,2021,,4,28,50000 and OVER,9,4295,Oak Park,C,Urban InterState,,16,10,11476829,10,Cook,0,21,,,7,N,No,(UNK),202101327580,ISP,1,8.95,Y,,,,(UNK),124253,(N/A),(UNK),No Defects,1,2,InterState,1,290,X002405310,Not Toll,,10,4,Divided With Median Barrier,3,2946779.64210454,1904654.24156065,41.87125282,-87.77939417,,Urban,2,N,(N/A),Y,(N/A)
2021,2021-10-09,Saturday,12,12:10 PM,Property Damage,No Injuries,0,0,0,0,0,3,Front to Rear,11,N,N,Failing to Reduce Speed to Avoid Crash,Following Too Closely,Daylight,Clear,Dry,N,,,,,Other,Functioning Properly,N,2,41.8713407,-87.7761242,ok,Partial Access Control,3,03-21-14921,2021,,28,3,50000 and OVER,9,4295,Oak Park,C,Urban InterState,,16,9,11476831,10,Cook,0,21,,,6,N,No,(UNK),202101327582,ISP,1,23,Y,,,,(UNK),124269,(N/A),(UNK),No Defects,1,1,InterState,1,9290,X002405312,Not Toll,73,13,4,Divided With Median Barrier,3,2947671.06425769,1904708.24114908,41.87133283,-87.77611843,,Urban,1,N,(N/A),Y,(N/A)
2021,2021-10-14,Thursday,15,03:21 PM,Property Damage,No Injuries,0,0,0,0,0,4,Angle,15,N,N,Failing to Yield Right of Way,Driving Skills/Knowledge/Experience,Darkness / Lighted Road,Cloudy/Overcast,Dry,Y,,,,,Stop Sign,Functioning Properly,N,2,41.8930981,-87.7848356,ok,(UNK),1,2106334,2021,,2,15,50000 and OVER,9,4295,Oak Park,C,Urban Major Collector,,16,14,11475968,10,Cook,0,21,,,4,N,No,Free Flow,202101326796,City,5,0,N,,,,(UNK),124662,(N/A),(UNK),No Defects,1,1,Major Collector,5,,X002404542,Not Toll,73,2,4,Four Way,14,2945078.13037359,1912571.05007352,41.89309023,-87.78482976,,Urban,8,N,(N/A),Y,(N/A)
2021,2021-10-14,Thursday,07,07:56 AM,Property Damage,No Injuries,0,0,0,0,0,2,Angle,15,N,N,Failing to Yield Right of Way,(N/A),Daylight,Rain,Wet,Y,,,,,Stop Sign,Functioning Properly,N,2,41.905631,-87.7901088,ok,(UNK),1,2106341,2021,,2,99,50000 and OVER,9,4295,Oak Park,C,Urban Local Road or Street,,16,14,11475969,10,Cook,0,21,,,4,N,Yes,Free Flow,202101326797,City,1,0,N,,,,(UNK),124663,(N/A),(UNK),No Defects,1,2,Local Road or Street,7,,X002404555,Not Toll,73,2,4,"Divided, No Median Barrier",2,2943515.71908981,1917098.45754649,41.90562316,-87.79010301,,Urban,2,N,(N/A),Y,(N/A)
2021,2021-03-29,Monday,15,03:26 PM,Property Damage,No Injuries,0,0,0,0,0,1,Parked Motor Vehicle,9,N,N,Unable to Determine,Unable to Determine,Unknown,Other,Unknown,N,,,,,Stop Sign,Functioning Properly,Y,2,41.8790041,-87.7758507,ok,(UNK),1,2101834,2021,,18,18,50000 and OVER,9,4295,Oak Park,C,Urban Local Road or Street,,16,29,11229214,3,Cook,0,21,,,1,N,No,Free Flow,202101091308,City,9,0.07,N,,,,(UNK),125145,(N/A),(UNK),No Defects,1,9,Local Road or Street,7,2603,X002194787,Not Toll,73,2,4,Not Divided,1,2947667.72755437,1907503.02472528,41.87899629,-87.77584493,,Urban,7,N,(N/A),Y,(N/A)
2021,2021-10-14,Thursday,19,07:34 PM,Property Damage,No Injuries,0,0,0,0,0,2,Sideswipe Same Direction,12,N,N,Failing to Reduce Speed to Avoid Crash,Unable to Determine,Darkness / Lighted Road,Clear,Dry,N,,,,,No Controls,No Controls,Y,2,41.8849021,-87.7944097,ok,(UNK),1,2106362,2021,,28,18,50000 and OVER,9,4295,Oak Park,C,Urban Major Collector,,16,14,11476668,10,Cook,0,21,,,4,N,No,Free Flow,202101327428,City,5,5.79,N,,,,(UNK),125271,(N/A),(UNK),No Defects,1,1,Major Collector,5,2775,X002405158,Not Toll,73,1,1,"Divided, No Median Barrier",2,2942553.84891185,1909512.0314264,41.88489428,-87.79440395,,Urban,1,N,(N/A),Y,(N/A)