crash_year,crash_date,day_of_week,crash_hour,time_of_crash,crash_severity,crash_injury_severity,total_injured,total_fatals,a_injuries,b_injuries,c_injuries,no_injuries,type_of_first_crash,collision_type_code,pedestrian_involved,pedalcyclist_involved,cause1,cause2,lighting_cond,weather_cond,road_surface_cond,intersection_related,is_intersection,highway_or_street_name,at_intersection_with,address_no,traffic_control_device,traffic_control_device_cond,hit_and_run,number_of_vehicles,latitude,longitude,location_status,access_control,agency_code,agency_report_number,agency_report_year,alignment_code,cause1_code,cause2_code,city_class,city_class_code,city_code,city_name,city_township_flag,class_of_trafficway,class_of_trafficway_code,county_code,crash_day,crash_id,crash_month,crash_report_county,crash_severity_cd,crash_yr_source,damaged_property1,damaged_property2,day_of_week_code,did_crash_occur_in_work_zone,did_involve_secondary_crash,flow_condition,icn,investigating_agency_descrip,light_condition_code,mile_station,nhs,non_intersection_direction,non_intersection_distance,non_intersection_units,number_of_lanes,objectid,railroad_crossing_number,road_alignment,road_defects,road_defects_code,road_surface_condition_code,roadway_functional_class,roadway_functional_class_code,route_number,sfe,toll,township,traffic_control_device_code,traffic_control_device_cond_code,trafficway_descrip,trafficway_description_code,ts_crash_coordinate_x,ts_crash_coordinate_y,ts_crash_latitude,ts_crash_longitude,type_report,urban_rural,weather_code,were_workers_present,work_zone,work_zone_related,work_zone_type
2021,2021-10-14,Thursday,19,07:21 PM,Property Damage,No Injuries,0,0,0,0,0,2,Sideswipe Same Direction,12,N,N,Failing to Reduce Speed to Avoid Crash,Unable to Determine,Darkness / Lighted Road,Clear,Dry,N,,,,,No Controls,No Controls,N,2,41.8872556,-87.8024039,ok,(UNK),1,2106361,2021,,28,18,50000 and OVER,9,4295,Oak Park,C,Urban Local Road or Street,,16,14,11476669,10,Cook,0,21,,,4,N,No,Free Flow,202101327429,City,5,0.07,N,,,,(UNK),125306,(N/A),(UNK),No Defects,1,1,Local Road or Street,7,2056,X002405159,Not Toll,73,1,1,Not Divided,1,2940353.24377171,1910309.58054683,41.88724778,-87.80239813,,Urban,1,N,(N/A),Y,(N/A)
2021,2021-10-14,Thursday,19,07:58 PM,Property Damage,No Injuries,0,0,0,0,0,2,Front to Rear,11,N,N,Following Too Closely,Failing to Yield Right of Way,Darkness / Lighted Road,Clear,Dry,Y,,,,,Pedestrian Crossing,Functioning Properly,N,2,41.8797573,-87.7954058,ok,(UNK),1,2106363,2021,,3,2,50000 and OVER,9,4295,Oak Park,C,Urban Minor Arterial,,16,14,11476670,10,Cook,0,21,,,4,N,No,Slow,202101327430,City,5,0,N,,,,(UNK),125307,(N/A),(UNK),No Defects,1,1,Minor Arterial,4,,X002405160,Not Toll,73,17,4,Not Divided,1,2942334.43986352,1907629.67053621,41.87974948,-87.79539999,,Urban,1,N,(N/A),Y,(N/A)
2021,2021-03-29,Monday,21,09:01 PM,Property Damage,No Injuries,0,0,0,0,0,6,Turning,10,N,N,Improper Lane Usage,Failing to Reduce Speed to Avoid Crash,Darkness / Lighted Road,Severe Cross Wind,Dry,Y,,,,,Traffic Signal,Functioning Properly,N,2,41.8650281,-87.8042158,ok,(UNK),1,21-02802,2021,,20,28,50000 and OVER,9,4295,Oak Park,C,Urban Other Principal Arte,,16,29,11230181,3,Cook,0,21,,,1,N,No,Free Flow,202101092376,City,5,25.01,Y,,,,(UNK),125391,(N/A),(UNK),No Defects,1,1,Other Principal Arterial,3,5043,X002195781,Not Toll,52,3,4,Four Way,14,2940082.92626355,1902195.87628811,41.86502025,-87.80421001,,Urban,6,N,(N/A),Y,(N/A)
2021,2021-03-25,Thursday,06,06:30 AM,Property Damage,No Injuries,0,0,0,0,0,1,Fixed Object,6,N,N,Failing to Yield Right of Way,Unable to Determine,Daylight,Clear,Dry,N,,,,,No Controls,No Controls,N,1,41.8917578,-87.7822915,ok,(UNK),1,2101755,2021,,2,18,50000 and OVER,9,4295,Oak Park,C,Urban Local Road or Street,,16,25,11229365,3,Cook,0,21,,,4,N,No,Free Flow,202101091495,City,1,0.64,N,,,,(UNK),125547,(N/A),(UNK),No Defects,1,1,Local Road or Street,7,3064,X002194987,Not Toll,73,1,1,Not Divided,1,2945784.40167968,1912101.8928644,41.89174999,-87.78228575,,Urban,1,N,(N/A),Y,(N/A)
2021,2021-03-20,Saturday,17,05:50 PM,Property Damage,No Injuries,0,0,0,0,0,2,Front to Rear,11,N,N,Following Too Closely,Failing to Reduce Speed to Avoid Crash,Daylight,Clear,Dry,N,,,,,No Controls,No Controls,Y,2,41.873535,-87.8036949,ok,Partial Access Control,3,03-21-03763,2021,,3,28,50000 and OVER,9,4295,Oak Park,C,Urban InterState,,16,20,11229827,3,Cook,0,21,,,6,N,No,(UNK),202101092019,ISP,1,0.03,Y,,,,(UNK),125602,(N/A),(UNK),No Defects,1,1,InterState,1,290,X002195457,Not Toll,,1,1,Ramp,11,2940139.44686613,1905299.85215912,41.87352716,-87.80368908,,Urban,1,N,(N/A),Y,(N/A)
2021,2021-03-30,Tuesday,22,10:04 PM,Property Damage,No Injuries,0,0,0,0,0,1,Parked Motor Vehicle,9,N,N,Improper Lane Usage,Equipment-Vehicle Condition,Darkness / Lighted Road,Clear,Dry,N,,,,,No Controls,No Controls,N,2,41.9089401,-87.7988615,ok,(UNK),1,2101857,2021,,20,10,50000 and OVER,9,4295,Oak Park,C,Urban Other Principal Arte,,16,30,11230381,3,Cook,0,21,,,2,N,Yes,Free Flow,202101092584,City,5,6.28,Y,,,,(UNK),125925,(N/A),(UNK),No Defects,1,1,Other Principal Arterial,3,307,X002195629,Not Toll,73,1,1,Not Divided,1,2941099.67508346,1918238.41652821,41.90893222,-87.79885567,,Urban,1,N,(N/A),Y,(N/A)
2021,2021-03-29,Monday,11,11:33 AM,Injury,C Injury Crash,1,0,0,0,1,1,Front to Rear,11,N,N,Following Too Closely,Failing to Reduce Speed to Avoid Crash,Daylight,Clear,Dry,Y,,,,,Traffic Signal,Functioning Properly,N,2,41.8943579,-87.7976652,ok,(UNK),1,2101825,2021,,3,28,50000 and OVER,9,4295,Oak Park,C,Urban Minor Arterial,,16,29,11229568,3,Cook,1,21,,,1,N,No,Free Flow,202101091736,City,1,0,N,,,,(UNK),126216,(N/A),(UNK),No Defects,1,1,Minor Arterial,4,,X002195192,Not Toll,73,3,4,Not Divided,1,2941572.1334662,1912933.38220776,41.89435003,-87.79765944,,Urban,1,N,(N/A),Y,(N/A)
2021,2021-03-29,Monday,12,12:40 PM,Injury,C Injury Crash,1,0,0,0,1,1,Angle,15,N,N,Disregarding Traffic Signals,Failing to Reduce Speed to Avoid Crash,Daylight,Clear,Dry,Y,,,,,Traffic Signal,Functioning Properly,N,2,41.8944179,-87.794675,ok,(UNK),1,2101827,2021,,25,28,50000 and OVER,9,4295,Oak Park,C,Urban Minor Arterial,,16,29,11229570,3,Cook,1,21,,,1,N,No,Stopped,202101091737,City,1,0,N,,,,(UNK),126217,(N/A),(UNK),No Defects,1,1,Minor Arterial,4,,X002195195,Not Toll,73,3,4,Two-way Continuous Left-Tur,4,2942385.71400544,1912977.74690175,41.89441001,-87.79466917,,Urban,1,N,(N/A),Y,(N/A)
2021,2021-03-29,Monday,14,02:45 PM,Property Damage,No Injuries,0,0,0,0,0,1,Parked Motor Vehicle,9,N,N,Failing to Yield Right of Way,Failing to Reduce Speed to Avoid Crash,Daylight,Clear,Dry,N,,,,,No Controls,No Controls,N,2,41.8886478,-87.7945158,ok,(UNK),1,2101832,2021,,2,28,50000 and OVER,9,4295,Oak Park,C,Urban Major Collector,,16,29,11229571,3,Cook,0,21,,,1,N,No,Slow,202101091738,City,1,0,N,,,,(UNK),126218,(N/A),(UNK),No Defects,1,1,Major Collector,5,,X002195196,Not Toll,73,1,1,"Divided, No Median Barrier",2,2942487.21505209,1910876.24361126,41.88864,-87.79451,,Urban,1,N,(N/A),Y,(N/A)
2021,2021-03-29,Monday,12,12:20 PM,Property Damage,No Injuries,0,0,0,0,0,2,Angle,15,N,N,Failing to Yield Right of Way,Unable to Determine,Daylight,Clear,Dry,Y,,,,,Stop Sign,Functioning Properly,N,2,41.8881778,-87.7798058,ok,(UNK),1,2101826,2021,,2,18,50000 and OVER,9,4295,Oak Park,C,Urban Major Collector,,16,29,11229583,3,Cook,0,21,,,1,N,No,Free Flow,202101091753,City,1,0,N,,,,(UNK),126253,(N/A),(UNK),No Defects,1,1,Major Collector,5,,X002195193,Not Toll,73,2,4,Not Divided,1,2946497.55578467,1910816.10232735,41.88817,-87.7798,,Urban,1,N,(N/A),Y,(N/A)
2021,2021-07-17,Saturday,11,11:24 AM,Property Damage,No Injuries,0,0,0,0,0,2,Front to Rear,11,N,N,Failing to Reduce Speed to Avoid Crash,(N/A),Daylight,Clear,Dry,N,,,,,Other Regualtory Sig,Functioning Properly,N,2,41.8729134,-87.7984159,ok,Partial Access Control,3,03-21-10189,2021,,28,99,50000 and OVER,9,4295,Oak Park,C,Urban InterState,,16,17,11363843,7,Cook,0,21,,,6,N,No,(UNK),202101223420,ISP,1,21.86,Y,,,,(UNK),127392,(N/A),(UNK),No Defects,1,1,InterState,1,9290,X002309649,Not Toll,73,10,4,Divided With Median Barrier,3,2941583.50822072,1905112.96526545,41.87290553,-87.79841014,,Urban,1,N,(N/A),Y,(N/A)
2021,2021-07-17,Saturday,12,12:25 PM,Property Damage,No Injuries,0,0,0,0,0,3,Front to Rear,11,N,N,Failing to Reduce Speed to Avoid Crash,(N/A),Daylight,Clear,Dry,N,,,,,Other Regualtory Sig,Functioning Properly,N,2,41.8727189,-87.794875,ok,Partial Access Control,3,03-21-10193,2021,,28,99,50000 and OVER,9,4295,Oak Park,C,Urban InterState,,16,17,11363845,7,Cook,0,21,,,6,N,No,(UNK),202101223423,ISP,1,22.03,Y,,,,(UNK),127394,(N/A),(UNK),No Defects,1,1,InterState,1,9290,X002309651,Not Toll,73,10,4,Divided With Median Barrier,3,2942549.91215698,1905068.73362343,41.87271104,-87.7948692,,Urban,1,N,(N/A),Y,(N/A)
2021,2021-12-15,Wednesday,16,04:47 PM,Property Damage,No Injuries,0,0,0,0,0,1,Fixed Object,6,N,N,Driving Skills/Knowledge/Experience,(N/A),Darkness / Lighted Road,Clear,Wet,Y,,,,,Traffic Signal,Functioning Properly,N,1,41.8868815,-87.7944558,ok,(UNK),1,2107816,2021,,15,99,50000 and OVER,9,4295,Oak Park,C,Urban Major Collector,,16,15,11559565,12,Cook,0,21,,,3,N,No,Slow,202101406799,City,5,0,N,,,,(UNK),127511,(N/A),(UNK),No Defects,1,2,Major Collector,5,,X002476160,Not Toll,73,3,4,"Divided, No Median Barrier",2,2942521.35731759,1910233.01579629,41.88687368,-87.79445,,Urban,1,N,(N/A),Y,(N/A)
2021,2021-07-09,Friday,13,01:30 PM,Property Damage,No Injuries,0,0,0,0,0,2,Front to Rear,11,N,N,Failing to Reduce Speed to Avoid Crash,Following Too Closely,Daylight,Clear,Dry,N,,,,,Other Regualtory Sig,Functioning Properly,Y,2,41.8737437,-87.8041622,ok,Partial Access Control,3,03-21-09766,2021,,28,3,50000 and OVER,9,4295,Oak Park,C,Urban InterState,,16,9,11366204,7,Cook,0,21,,,5,N,No,(UNK),202101225433,ISP,1,21.6,Y,,,,(UNK),127956,(N/A),(UNK),No Defects,1,1,InterState,1,9290,X002311564,Not Toll,73,10,4,Divided With Median Barrier,3,2940010.07463672,1905372.38639366,41.87373582,-87.80415639,,Urban,1,N,(N/A),Y,(N/A)
2021,2021-07-12,Monday,10,10:20 AM,Property Damage,No Injuries,0,0,0,0,0,2,Sideswipe Same Direction,12,N,N,Failing to Reduce Speed to Avoid Crash,Improper Lane Usage,Daylight,Clear,Dry,N,,,,,Other Regualtory Sig,Functioning Properly,N,2,41.8737475,-87.8042009,ok,Partial Access Control,3,03-21-09922,2021,,28,20,50000 and OVER,9,4295,Oak Park,C,Urban InterState,,16,12,11363981,7,Cook,0,21,,,1,N,No,(UNK),202101223550,ISP,1,21.6,Y,,,,(UNK),128034,(N/A),(UNK),No Defects,1,1,InterState,1,9290,X002309776,Not Toll,73,10,4,Divided With Median Barrier,3,2939999.5,1905373.5,41.87373968,-87.80419507,,Urban,1,N,(N/A),Y,(N/A)
2021,2021-12-16,Thursday,12,12:51 PM,Property Damage,No Injuries,0,0,0,0,0,2,Angle,15,N,N,Failing to Yield Right of Way,Failing to Reduce Speed to Avoid Crash,Daylight,Clear,Dry,Y,,,,,Other Regualtory Sig,Functioning Properly,N,2,41.8918356,-87.805151,ok,(UNK),1,2107829,2021,,2,28,50000 and OVER,9,4295,Oak Park,C,Urban Other Principal Arte,,16,16,11559713,12,Cook,0,21,,,4,N,No,Free Flow,202101406992,City,1,26.87,Y,,,,(UNK),128286,(N/A),(UNK),No Defects,1,1,Other Principal Arterial,3,5043,X002476366,Not Toll,73,10,4,Not Divided,1,2939559.23584424,1911958.01570533,41.8918278,-87.8051452,,Urban,1,N,(N/A),Y,(N/A)
2021,2021-12-16,Thursday,14,02:00 PM,Property Damage,No Injuries,0,0,0,0,0,2,Sideswipe Same Direction,12,N,N,Improper Lane Usage,(N/A),Daylight,Clear,Dry,N,,,,,No Controls,No Controls,N,2,41.9088011,-87.8050501,ok,(UNK),1,2107838,2021,,20,99,50000 and OVER,9,4295,Oak Park,C,Urban Other Principal Arte,,16,16,11559715,12,Cook,0,21,,,4,N,No,Slow,202101406993,City,1,5.96,Y,,,,(UNK),128287,(N/A),(UNK),No Defects,1,1,Other Principal Arterial,3,307,X002476372,Not Toll,73,1,1,Divided With Median Barrier,3,2939416.43155444,1918141.3244123,41.9087933,-87.80504428,,Urban,1,N,(N/A),Y,(N/A)
2021,2021-07-20,Tuesday,08,08:04 AM,Property Damage,No Injuries,0,0,0,0,0,3,Front to Rear,11,N,N,Distraction - From Inside Vehicle,(N/A),Daylight,Clear,Dry,Y,,,,,No Controls,No Controls,N,2,41.865189,-87.792514,ok,(UNK),1,2104363,2021,,41,99,50000 and OVER,9,4295,Oak Park,C,Urban Other Principal Arte,,16,20,11365977,7,Cook,0,21,,,2,N,No,Stopped,202101225301,City,1,0,Y,,,,(UNK),128532,(N/A),(UNK),No Defects,1,1,Other Principal Arterial,3,,X002311309,Not Toll,52,1,1,"Divided, No Median Barrier",2,2943268.90451411,1902342.49822379,41.86518116,-87.79250823,,Urban,1,N,(N/A),Y,(N/A)
2021,2021-07-20,Tuesday,08,08:38 AM,Property Damage,No Injuries,0,0,0,0,0,1,Parked Motor Vehicle,9,N,N,Failing to Reduce Speed to Avoid Crash,Improper Backing,Daylight,Clear,Dry,N,,,,,No Controls,No Controls,N,2,41.8815413,-87.7972467,ok,(UNK),1,2104364,2021,,28,30,50000 and OVER,9,4295,Oak Park,C,Urban Major Collector,,16,20,11365978,7,Cook,0,21,,,2,N,No,Free Flow,202101225302,City,1,0.39,N,,,,(UNK),128570,(N/A),(UNK),No Defects,1,1,Major Collector,5,5,X002311310,Not Toll,73,1,1,"Divided, No Median Barrier",2,2941815.12777879,1908265.9339282,41.88153346,-87.7972409,,Urban,1,N,(N/A),Y,(N/A)
2021,2021-03-30,Tuesday,11,11:00 AM,Property Damage,No Injuries,0,0,0,0,0,2,Turning,10,N,N,Improper Overtaking/Passing,(N/A),Daylight,Clear,Dry,Y,,,,,Traffic Signal,Functioning Properly,N,2,41.8736416,-87.8045258,ok,Partial Access Control,1,21-01008,2021,,4,99,50000 and OVER,9,4295,Oak Park,C,Urban InterState,,16,30,11230965,3,Cook,0,21,,,2,N,No,Slow,202101093180,City,1,25.61,Y,,,,(UNK),129143,(N/A),(UNK),No Defects,1,1,InterState,1,5043,X002196484,Not Toll,73,3,4,Divided With Median Barrier,3,2939912.062394,1905332.46992192,41.87363377,-87.80452,,Urban,1,N,(N/A),Y,(N/A)
2021,2021-03-30,Tuesday,13,01:02 PM,Property Damage,No Injuries,0,0,0,0,0,1,Fixed Object,6,N,N,Driving Skills/Knowledge/Experience,Failing to Reduce Speed to Avoid Crash,Daylight,Clear,Dry,N,,,,,Traffic Signal,Functioning Properly,N,1,41.8946236,-87.7848685,ok,(UNK),1,2101851,2021,,15,28,50000 and OVER,9,4295,Oak Park,C,Urban Major Collector,,16,30,11231058,3,Cook,0,21,BRIDGE,,2,N,No,Free Flow,202101093271,City,1,0.5,N,,,,(UNK),129575,(N/A),(UNK),No Defects,1,1,Major Collector,5,2783,X002196514,Not Toll,73,3,4,Not Divided,1,2945053.70781982,1913126.73507803,41.89461576,-87.78486274,,Urban,1,N,(N/A),Y,(N/A)
2021,2021-10-16,Saturday,00,00:57 AM,Injury,B Injury Crash,2,0,0,2,0,0,Front to Rear,11,N,N,Under Influence of Alcohol/Drugs,Failing to Reduce Speed to Avoid Crash,Darkness / Lighted Road,Clear,Dry,N,,,,,No Controls,No Controls,N,2,41.8725712,-87.794945,ok,Partial Access Control,3,03-21-15296,2021,,8,28,50000 and OVER,9,4295,Oak Park,C,Urban InterState,,16,16,11477505,10,Cook,2,21,,,6,N,No,(UNK),202101328232,ISP,5,8.14,Y,,,,(UNK),130217,(N/A),(UNK),No Defects,1,1,InterState,1,290,X002405968,Not Toll,,1,1,Divided With Median Barrier,3,2942532.32663527,1905014.37526259,41.87256332,-87.79493923,,Urban,1,N,(N/A),Y,(N/A)
2021,2021-10-14,Thursday,12,12:13 PM,Property Damage,No Injuries,0,0,0,0,0,1,Fixed Object,6,N,N,Failing to Reduce Speed to Avoid Crash,(N/A),Daylight,Clear,Dry,Y,,,,,Traffic Signal,Functioning Properly,N,1,41.8867116,-87.8049543,ok,(UNK),1,2106351,2021,,28,99,50000 and OVER,9,4295,Oak Park,C,Urban Other Principal Arte,,16,14,11478378,10,Cook,0,21,VIADUCT,,4,N,No,Free Flow,202101329070,City,1,26.51,Y,,,,(UNK),130440,(N/A),(UNK),No Defects,1,1,Other Principal Arterial,3,5043,X002405156,Not Toll,73,3,4,Not Divided,1,2939664.22024717,1910092.2045972,41.88670378,-87.80494848,,Urban,1,N,(N/A),Y,(N/A)
2021,2021-12-10,Friday,00,00:35 AM,Property Damage,No Injuries,0,0,0,0,0,2,Sideswipe Same Direction,12,N,N,Failing to Reduce Speed to Avoid Crash,Improper Lane Usage,Darkness / Lighted Road,Clear,Dry,N,,,,,No Controls,No Controls,N,2,41.8718733,-87.7833612,ok,Partial Access Control,3,03-21-18398,2021,,28,20,50000 and OVER,9,4295,Oak Park,C,Urban InterState,,16,10,11560028,12,Cook,0,21,,,5,N,No,(UNK),202101407402,ISP,5,22.63,Y,,,,(UNK),131368,(N/A),(UNK),No Defects,1,1,InterState,1,9290,X002476718,Not Toll,73,1,1,Divided With Median Barrier,3,2945694.5,1904847.5,41.87186546,-87.78335537,,Urban,1,N,(N/A),Y,(N/A)
2021,2021-12-18,Saturday,00,00:27 AM,Property Damage,No Injuries,0,0,0,0,0,2,Sideswipe Same Direction,12,N,N,Improper Overtaking/Passing,Improper Lane Usage,Darkness / Lighted Road,Clear,Dry,N,,,,,No Controls,No Controls,N,2,41.8724569,-87.7937131,ok,Partial Access Control,3,03-21-18848,2021,,4,20,50000 and OVER,9,4295,Oak Park,C,Urban InterState,,16,18,11560646,12,Cook,0,21,,,6,N,No,(UNK),202101407983,ISP,5,8.2,Y,,,,(UNK),132059,(N/A),(UNK),No Defects,1,1,InterState,1,290,X002477310,Not Toll,,1,1,Divided With Median Barrier,3,2942869.01181667,1904982.01916626,41.87244907,-87.79370733,,Urban,1,N,(N/A),Y,(N/A)
2021,2021-07-24,Saturday,08,08:35 AM,Property Damage,No Injuries,0,0,0,0,0,2,Front to Rear,11,N,N,Failing to Reduce Speed to Avoid Crash,Following Too Closely,Daylight,Clear,Dry,N,,,,,No Controls,No Controls,N,2,41.8865109,-87.804944,ok,(UNK),1,21-02212,2021,,28,3,50000 and OVER,9,4295,Oak Park,C,Urban Other Principal Arte,,16,24,11369054,7,Cook,0,21,,,6,N,No,Free Flow,202101228330,City,1,19.2,Y,,,,(UNK),132170,(N/A),(UNK),No Defects,1,1,Other Principal Arterial,3,348,X002314055,Not Toll,73,1,1,"Divided, No Median Barrier",2,2939669.02389487,1910019.13939016,41.88650307,-87.80493824,,Urban,1,N,(N/A),Y,(N/A)
2021,2021-07-22,Thursday,07,07:21 AM,Property Damage,No Injuries,0,0,0,0,0,2,Angle,15,N,N,Disregarding Traffic Signals,Failing to Reduce Speed to Avoid Crash,Daylight,Clear,Dry,Y,,,,,Traffic Signal,Functioning Properly,N,2,41.8799384,-87.7795378,ok,(UNK),1,2104416,2021,,25,28,50000 and OVER,9,4295,Oak Park,C,Urban Minor Arterial,,16,22,11369139,7,Cook,0,21,,,4,N,No,Free Flow,202101228401,City,1,0.55,N,,,,(UNK),132440,(N/A),(UNK),No Defects,1,1,Minor Arterial,4,3794,X002313351,Not Toll,73,3,4,Four Way,14,2946654.11124872,1907815.50590252,41.87993051,-87.77953197,,Urban,1,N,(N/A),Y,(N/A)
2021,2021-07-22,Thursday,12,12:23 PM,Property Damage,No Injuries,0,0,0,0,0,2,Turning,10,N,N,Failing to Yield Right of Way,(N/A),Daylight,Clear,Dry,Y,,,,,Traffic Signal,Functioning Properly,N,2,41.8982368,-87.7850064,ok,(UNK),1,2104425,2021,,2,99,50000 and OVER,9,4295,Oak Park,C,Urban Major Collector,,16,22,11369141,7,Cook,0,21,,,4,N,No,Free Flow,202101228403,City,1,0,N,,,,(UNK),132441,(N/A),(UNK),No Defects,1,1,Major Collector,5,,X002313353,Not Toll,73,3,4,Four Way,14,2944979.6093455,1914442.41790935,41.89822898,-87.78500057,,Urban,1,N,(N/A),Y,(N/A)
2021,2021-06-06,Sunday,16,04:44 PM,Property Damage,No Injuries,0,0,0,0,0,2,Turning,10,N,N,Failing to Yield Right of Way,Unable to Determine,Daylight,Clear,Dry,N,,,,,No Controls,No Controls,Y,2,41.870814,-87.7821548,ok,(UNK),1,2103300,2021,,2,18,50000 and OVER,9,4295,Oak Park,C,Urban Local Road or Street,,16,6,11369143,6,Cook,0,21,,,7,N,No,Free Flow,202101228406,City,1,0.1,N,,,,(UNK),132442,(N/A),(UNK),No Defects,1,1,Local Road or Street,7,290,X002313355,Not Toll,73,1,1,Not Divided,1,2946033.81754461,1904470.59768416,41.87080615,-87.78214899,,Urban,1,N,(N/A),Y,(N/A)
2021,2021-07-19,Monday,08,08:24 AM,Property Damage,No Injuries,0,0,0,0,0,2,Sideswipe Same Direction,12,N,N,Failing to Reduce Speed to Avoid Crash,Improper Lane Usage,Daylight,Clear,Dry,N,,,,,Other,Functioning Properly,Y,2,41.8734972,-87.8044092,ok,Partial Access Control,3,03-21-10297,2021,,28,20,50000 and OVER,9,4295,Oak Park,C,Urban InterState,,16,19,11369147,7,Cook,0,21,,,1,N,No,(UNK),202101228410,ISP,1,7.71,Y,,,,(UNK),132443,(N/A),(UNK),No Defects,1,1,InterState,1,290,X002314125,Not Toll,73,13,4,Divided With Median Barrier,3,2939945.2647761,1905280.70836942,41.87348933,-87.80440342,,Urban,1,N,(N/A),Y,(N/A)
2021,2021-07-21,Wednesday,10,10:42 AM,Injury,B Injury Crash,1,0,0,1,0,0,Parked Motor Vehicle,9,N,N,Failing to Reduce Speed to Avoid Crash,(N/A),Daylight,Clear,Dry,N,,,,,No Controls,No Controls,N,2,41.8940612,-87.7976571,ok,(UNK),1,2104394,2021,,28,99,50000 and OVER,9,4295,Oak Park,C,Urban Local Road or Street,,16,21,11367269,7,Cook,2,21,IRON FRENCE,,3,N,Yes,(UNK),202101226671,City,1,0.02,N,,,,(UNK),132678,(N/A),(UNK),No Defects,1,1,Local Road or Street,7,2690,X002312355,Not Toll,73,1,1,Not Divided,1,2941577.3323658,1912825.33174538,41.89405336,-87.79765131,,Urban,1,N,(N/A),Y,(N/A)
2021,2021-07-21,Wednesday,13,01:47 PM,Property Damage,No Injuries,0,0,0,0,0,2,Front to Rear,11,N,N,Failing to Reduce Speed to Avoid Crash,Following Too Closely,Daylight,Cloudy/Overcast,Dry,N,,,,,No Controls,No Controls,N,2,41.8706255,-87.8044014,ok,(UNK),1,2104399,2021,,28,3,50000 and OVER,9,4295,Oak Park,C,Urban Other Principal Arte,,16,21,11367274,7,Cook,0,21,,,3,N,No,Stopped,202101226676,City,1,20.3,Y,,,,(UNK),132679,(N/A),(UNK),No Defects,1,1,Other Principal Arterial,3,348,X002312360,Not Toll,73,1,1,Not Divided,1,2939976.20005259,1904234.28404609,41.87061768,-87.80439563,,Urban,8,N,(N/A),Y,(N/A)
2021,2021-07-21,Wednesday,17,05:38 PM,Property Damage,No Injuries,0,0,0,0,0,3,Front to Rear,11,N,N,Failing to Reduce Speed to Avoid Crash,Following Too Closely,Daylight,Clear,Dry,N,,,,,Traffic Signal,Functioning Properly,N,3,41.8943597,-87.7975735,ok,(UNK),1,2104407,2021,,28,3,50000 and OVER,9,4295,Oak Park,C,Urban Minor Arterial,,16,21,11367275,7,Cook,0,21,,,3,N,Yes,Slow,202101226677,City,1,2.94,N,,,,(UNK),132680,(N/A),(UNK),No Defects,1,1,Minor Arterial,4,1398,X002312361,Not Toll,73,3,4,"Divided, No Median Barrier",2,2941597.09849754,1912934.73475387,41.89435185,-87.79756768,,Urban,1,N,(N/A),Y,(N/A)
2021,2021-07-23,Friday,14,02:40 PM,Property Damage,No Injuries,0,0,0,0,0,2,Sideswipe Same Direction,12,N,N,Improper Lane Usage,Failing to Reduce Speed to Avoid Crash,Daylight,Clear,Dry,N,,,,,No Controls,No Controls,Y,2,41.873243,-87.7992464,ok,Partial Access Control,3,03-21-10528,2021,,20,28,50000 and OVER,9,4295,Oak Park,C,Urban InterState,,16,23,11368006,7,Cook,0,21,,,5,N,No,(UNK),202101227371,ISP,1,21.82,Y,,,,(UNK),132773,(N/A),(UNK),No Defects,1,1,InterState,1,9290,X002313066,Not Toll,73,1,1,Divided With Median Barrier,3,2941354.00057518,1905226.84934716,41.87323517,-87.7992406,,Urban,1,N,(N/A),Y,(N/A)
2021,2021-07-19,Monday,15,03:13 PM,Injury,B Injury Crash,1,0,0,1,0,1,Front to Rear,11,N,N,Failing to Reduce Speed to Avoid Crash,Following Too Closely,Daylight,Clear,Dry,N,,,,,No Controls,No Controls,N,2,41.8736812,-87.8034417,ok,Partial Access Control,3,03-21-10326,2021,,28,3,50000 and OVER,9,4295,Oak Park,C,Urban InterState,,16,19,11368817,7,Cook,2,21,,,1,N,No,(UNK),202101228126,ISP,1,21.63,Y,,,,(UNK),133028,(N/A),(UNK),No Defects,1,1,InterState,1,9290,X002313847,Not Toll,73,1,1,Divided With Median Barrier,3,2940206.94310416,1905355.03925516,41.87367339,-87.80343588,,Urban,1,N,(N/A),Y,(N/A)
2021,2021-07-16,Friday,22,10:01 PM,Property Damage,No Injuries,0,0,0,0,0,2,Fixed Object,6,N,N,Driving Skills/Knowledge/Experience,Driving Skills/Knowledge/Experience,Darkness / Lighted Road,Rain,Wet,N,,,,,No Controls,No Controls,Y,1,41.9083996,-87.7914053,ok,(UNK),1,2104286,2021,,15,15,50000 and OVER,9,4295,Oak Park,C,Urban Local Road or Street,,16,16,11367468,7,Cook,0,21,UTILITY POLE,,5,N,Yes,Slow,202101226773,City,5,0.05,N,,,,(UNK),133499,(N/A),(UNK),No Defects,1,2,Local Road or Street,7,2663,X002312554,Not Toll,73,1,1,Not Divided,1,2943134.83477668,1918097.6026344,41.90839174,-87.79139946,,Urban,2,N,(N/A),Y,(N/A)