crash_year,crash_date,day_of_week,crash_hour,time_of_crash,crash_severity,crash_injury_severity,total_injured,total_fatals,a_injuries,b_injuries,c_injuries,no_injuries,type_of_first_crash,collision_type_code,pedestrian_involved,pedalcyclist_involved,cause1,cause2,lighting_cond,weather_cond,road_surface_cond,intersection_related,is_intersection,highway_or_street_name,at_intersection_with,address_no,traffic_control_device,traffic_control_device_cond,hit_and_run,number_of_vehicles,latitude,longitude,location_status,access_control,agency_code,agency_report_number,agency_report_year,alignment_code,cause1_code,cause2_code,city_class,city_class_code,city_code,city_name,city_township_flag,class_of_trafficway,class_of_trafficway_code,county_code,crash_day,crash_id,crash_month,crash_report_county,crash_severity_cd,crash_yr_source,damaged_property1,damaged_property2,day_of_week_code,did_crash_occur_in_work_zone,did_involve_secondary_crash,flow_condition,icn,investigating_agency_descrip,light_condition_code,mile_station,nhs,non_intersection_direction,non_intersection_distance,non_intersection_units,number_of_lanes,objectid,railroad_crossing_number,road_alignment,road_defects,road_defects_code,road_surface_condition_code,roadway_functional_class,roadway_functional_class_code,route_number,sfe,toll,township,traffic_control_device_code,traffic_control_device_cond_code,trafficway_descrip,trafficway_description_code,ts_crash_coordinate_x,ts_crash_coordinate_y,ts_crash_latitude,ts_crash_longitude,type_report,urban_rural,weather_code,were_workers_present,work_zone,work_zone_related,work_zone_type
2021,2021-12-11,Saturday,14,02:20 PM,Property Damage,No Injuries,0,0,0,0,0,2,Front to Rear,11,N,N,Failing to Reduce Speed to Avoid Crash,(N/A),Daylight,Clear,Dry,N,,,,,No Controls,No Controls,Y,2,41.8714982,-87.7821973,ok,Partial Access Control,3,03-21-18513,2021,,28,99,50000 and OVER,9,4295,Oak Park,C,Urban InterState,,16,11,11560904,12,Cook,0,21,,,6,N,No,(UNK),202101408233,ISP,1,8.81,Y,,,,(UNK),134743,(N/A),(UNK),No Defects,1,1,InterState,1,290,X002477563,Not Toll,,1,1,Divided With Median Barrier,3,2946015.30429297,1904719.62646684,41.87149039,-87.78219151,,Urban,1,N,(N/A),Y,(N/A)
2021,2021-04-04,Sunday,01,01:00 AM,Property Damage,No Injuries,0,0,0,0,0,3,Front to Rear,11,N,N,Following Too Closely,Failing to Reduce Speed to Avoid Crash,Darkness / Lighted Road,Clear,Dry,N,,,,,No Controls,No Controls,N,3,41.8737159,-87.8045277,ok,(UNK),1,21-01058,2021,,3,28,50000 and OVER,9,4295,Oak Park,C,Urban Other Principal Arte,,16,4,11233842,4,Cook,0,21,,,7,N,No,Free Flow,202101095842,City,5,20.08,Y,,,,(UNK),135068,(N/A),(UNK),No Defects,1,1,Other Principal Arterial,3,348,X002198890,Not Toll,73,1,1,Divided With Median Barrier,3,2939910.78683525,1905359.51352908,41.87370802,-87.80452195,,Urban,1,N,(N/A),Y,(N/A)
2021,2021-03-30,Tuesday,06,06:08 AM,Property Damage,No Injuries,0,0,0,0,0,2,Front to Rear,11,N,N,Failing to Reduce Speed to Avoid Crash,Following Too Closely,Dusk,Clear,Dry,N,,,,,No Controls,No Controls,N,2,41.8734721,-87.8041518,ok,Partial Access Control,3,03-21-04190,2021,,28,3,50000 and OVER,9,4295,Oak Park,C,Urban InterState,,16,30,11234309,3,Cook,0,21,,,2,N,No,(UNK),202101096298,ISP,3,7.72,Y,,,,(UNK),135081,(N/A),(UNK),No Defects,1,1,InterState,1,290,X002199355,Not Toll,73,1,1,Divided With Median Barrier,3,2940015.63487755,1905273.49992672,41.87346426,-87.80414598,,Urban,1,N,(N/A),Y,(N/A)
2021,2021-04-03,Saturday,05,05:09 AM,Property Damage,No Injuries,0,0,0,0,0,2,Sideswipe Same Direction,12,N,N,Improper Overtaking/Passing,Improper Lane Usage,Daylight,Clear,Dry,N,,,,,No Controls,No Controls,N,2,41.8756804,-87.8045869,ok,(UNK),1,21-1055,2021,,4,20,50000 and OVER,9,4295,Oak Park,C,Urban Other Principal Arte,,16,3,11233605,4,Cook,0,21,,,6,N,No,Free Flow,202101095608,City,1,19.95,Y,,,,(UNK),136012,(N/A),(UNK),No Defects,1,1,Other Principal Arterial,3,348,X002198658,Not Toll,73,1,1,Not Divided,1,2939874.95847564,1906074.99284114,41.87567259,-87.80458112,,Urban,1,N,(N/A),Y,(N/A)
2021,2021-10-16,Saturday,15,03:56 PM,Property Damage,No Injuries,0,0,0,0,0,3,Turning,10,N,N,Failing to Yield Right of Way,(N/A),Daylight,Clear,Dry,Y,,,,,No Controls,No Controls,N,3,41.8706383,-87.7939369,ok,(UNK),1,2106409,2021,,2,99,50000 and OVER,9,4295,Oak Park,C,Urban Major Collector,,16,16,11480882,10,Cook,0,21,,,6,N,Yes,Free Flow,202101331051,City,1,0,N,,,,(UNK),137318,(N/A),(UNK),No Defects,1,1,Major Collector,5,,X002408581,Not Toll,73,1,1,Other,8,2942826.39455549,1904317.57903481,41.87063041,-87.79393109,,Urban,1,N,(N/A),Y,(N/A)
2021,2021-10-17,Sunday,21,09:45 PM,Property Damage,No Injuries,0,0,0,0,0,3,Sideswipe Same Direction,12,N,N,Unable to Determine,(N/A),Darkness / Lighted Road,Clear,Dry,N,,,,,No Controls,No Controls,Y,2,41.8730734,-87.7940154,ok,(UNK),1,2106441,2021,,18,99,50000 and OVER,9,4295,Oak Park,C,Urban Major Collector,,16,17,11480883,10,Cook,0,21,,,7,N,No,Free Flow,202101331052,City,5,6.61,N,,,,(UNK),137319,(N/A),(UNK),No Defects,1,1,Major Collector,5,2775,X002408592,Not Toll,73,1,1,"Divided, No Median Barrier",2,2942780.47396422,1905204.39135429,41.87306553,-87.79400958,,Urban,1,N,(N/A),Y,(N/A)
2021,2021-10-18,Monday,10,10:45 AM,Injury,B Injury Crash,1,0,0,1,0,1,Angle,15,N,N,Failing to Yield Right of Way,Disregarding Stop Sign,Daylight,Clear,Dry,Y,,,,,Stop Sign,Functioning Properly,N,2,41.8762097,-87.7880013,ok,(UNK),1,2106447,2021,,2,23,50000 and OVER,9,4295,Oak Park,C,Urban Local Road or Street,,16,18,11480884,10,Cook,2,21,,,1,N,No,Free Flow,202101331053,City,1,0,N,,,,(UNK),137320,(N/A),(UNK),No Defects,1,1,Local Road or Street,7,,X002408597,Not Toll,73,2,4,Not Divided,1,2944386.83700382,1906392.6869985,41.87620186,-87.78799548,,Urban,1,N,(N/A),Y,(N/A)
2021,2021-10-18,Monday,15,03:41 PM,Property Damage,No Injuries,0,0,0,0,0,2,Front to Rear,11,N,N,Following Too Closely,Failing to Reduce Speed to Avoid Crash,Daylight,Clear,Dry,Y,,,,,Stop Sign,Functioning Properly,N,2,41.9019575,-87.7790175,ok,(UNK),1,2106459,2021,,3,28,50000 and OVER,9,4295,Oak Park,C,Urban Major Collector,,16,18,11480886,10,Cook,0,21,,,1,N,No,Slow,202101331055,City,1,0,N,,,,(UNK),137321,(N/A),(UNK),No Defects,1,1,Major Collector,5,,X002408601,Not Toll,73,2,4,Four Way,14,2946572.40320948,1915843.65472836,41.90194966,-87.77901167,,Urban,1,N,(N/A),Y,(N/A)
2021,2021-10-17,Sunday,22,10:00 PM,Property Damage,No Injuries,0,0,0,0,0,2,Turning,10,N,N,Improper Turning/No Signal,Operating Vehicle In Reckless Manner,Darkness,Clear,Dry,N,,,,,No Controls,No Controls,Y,2,41.8794952,-87.8047276,ok,(UNK),1,21-03123,2021,,6,50,50000 and OVER,9,4295,Oak Park,C,Urban Other Principal Arte,,16,17,11480005,10,Cook,0,21,,,7,N,No,Free Flow,202101330232,City,4,19.69,Y,,,,(UNK),137431,(N/A),(UNK),No Defects,1,1,Other Principal Arterial,3,348,X002407831,Not Toll,73,1,1,Not Divided,1,2939798.35624381,1907464.10441692,41.87948735,-87.80472183,,Urban,1,N,(N/A),Y,(N/A)
2021,2021-10-16,Saturday,17,05:05 PM,Injury,C Injury Crash,1,0,0,0,1,8,Angle,15,N,N,Failing to Yield Right of Way,(N/A),Dawn,Clear,Dry,Y,,,,,Stop Sign,Functioning Properly,N,2,41.8946278,-87.7799867,ok,(UNK),1,2106412,2021,,2,99,50000 and OVER,9,4295,Oak Park,C,Urban Minor Arterial,,16,16,11480411,10,Cook,1,21,,,6,N,No,Free Flow,202101330632,City,2,0,N,,,,(UNK),137654,(N/A),(UNK),No Defects,1,1,Minor Arterial,4,,X002408220,Not Toll,73,2,4,"Divided, No Median Barrier",2,2946382.86686392,1913165.23369634,41.89461999,-87.77998095,,Urban,1,N,(N/A),Y,(N/A)
2021,2021-10-16,Saturday,10,10:31 AM,Property Damage,No Injuries,0,0,0,0,0,4,Turning,10,N,N,Improper Turning/No Signal,Failing to Reduce Speed to Avoid Crash,Daylight,Clear,Dry,Y,,,,,Traffic Signal,Functioning Properly,N,2,41.87231,-87.8044659,ok,(UNK),1,2106394,2021,,6,28,50000 and OVER,9,4295,Oak Park,C,Urban Other Principal Arte,,16,16,11480413,10,Cook,0,21,,,6,N,No,Free Flow,202101330634,City,1,25.52,Y,,,,(UNK),137655,(N/A),(UNK),No Defects,1,1,Other Principal Arterial,3,5043,X002408222,Not Toll,73,3,4,"Divided, No Median Barrier",2,2939941.73917192,1904847.66118026,41.87230217,-87.8044601,,Urban,1,N,(N/A),Y,(N/A)
2021,2021-10-16,Saturday,12,12:18 PM,Property Damage,No Injuries,0,0,0,0,0,6,Angle,15,N,N,Disregarding Stop Sign,Failing to Yield Right of Way,Daylight,Clear,Dry,Y,,,,,Stop Sign,Functioning Properly,N,2,41.8763689,-87.7769772,ok,(UNK),1,2106402,2021,,23,2,50000 and OVER,9,4295,Oak Park,C,Urban Local Road or Street,,16,16,11480415,10,Cook,0,21,,,6,N,No,Free Flow,202101330635,City,1,0.24,N,,,,(UNK),137656,(N/A),(UNK),No Defects,1,1,Local Road or Street,7,2610,X002408224,Not Toll,73,2,4,Not Divided,1,2947387.68796432,1906534.14829665,41.87636106,-87.77697142,,Urban,1,N,(N/A),Y,(N/A)
2021,2021-10-16,Saturday,16,04:40 PM,Property Damage,No Injuries,0,0,0,0,0,2,Angle,15,N,N,Distraction - From Outside Vehicle,(N/A),Daylight,Clear,Dry,Y,,,,,Stop Sign,Functioning Properly,N,2,41.8763398,-87.7794546,ok,(UNK),1,2106411,2021,,40,99,50000 and OVER,9,4295,Oak Park,C,Urban Minor Collector,,16,16,11480418,10,Cook,0,21,,,6,N,No,Slow,202101330638,City,1,0,N,,,,(UNK),137706,(N/A),(UNK),No Defects,1,1,Minor Collector,6,,X002408227,Not Toll,73,2,4,"Divided, No Median Barrier",2,2946713.25889269,1906504.76939407,41.87633199,-87.77944879,,Urban,1,N,(N/A),Y,(N/A)
2021,2021-10-17,Sunday,01,01:48 AM,Injury,C Injury Crash,1,0,0,0,1,1,Front to Rear,11,N,N,Under Influence of Alcohol/Drugs,Following Too Closely,Darkness / Lighted Road,Clear,Dry,N,,,,,Traffic Signal,Functioning Properly,N,2,41.8710481,-87.7841758,ok,(UNK),1,2106420,2021,,8,3,50000 and OVER,9,4295,Oak Park,C,Urban Major Collector,,16,17,11480419,10,Cook,1,21,,,7,N,No,Free Flow,202101330639,City,5,0,N,,,,(UNK),137707,(N/A),(UNK),No Defects,1,1,Major Collector,5,,X002408228,Not Toll,73,3,4,"Divided, No Median Barrier",2,2945480.96681435,1904540.61803228,41.87104026,-87.78417,,Urban,1,N,(N/A),Y,(N/A)
2021,2021-04-02,Friday,10,10:15 AM,Property Damage,No Injuries,0,0,0,0,0,2,Front to Rear,11,N,N,Following Too Closely,Failing to Reduce Speed to Avoid Crash,Daylight,Clear,Dry,N,,,,,Other,Functioning Properly,N,2,41.8712638,-87.7749212,ok,Partial Access Control,3,03-21-04311,2021,,3,28,50000 and OVER,9,4295,Oak Park,C,Urban InterState,,16,2,11234626,4,Cook,0,21,,,5,N,No,(UNK),202101096616,ISP,1,23.06,Y,,,,(UNK),137877,(N/A),(UNK),No Defects,1,1,InterState,1,9290,X002199676,Not Toll,73,13,4,Divided With Median Barrier,3,2947999.5103744,1904689.36153283,41.87125596,-87.77491545,,Urban,1,N,(N/A),Y,(N/A)
2021,2021-03-27,Saturday,10,10:55 AM,Property Damage,No Injuries,0,0,0,0,0,2,Front to Rear,11,N,N,Following Too Closely,Failing to Reduce Speed to Avoid Crash,Daylight,Clear,Dry,N,,,,,No Controls,No Controls,N,2,41.8709555,-87.7748269,ok,Partial Access Control,3,03-21-04041,2021,,3,28,50000 and OVER,9,4295,Oak Park,C,Urban InterState,,16,27,11234630,3,Cook,0,21,,,6,N,No,(UNK),202101096619,ISP,1,9.18,Y,,,,(UNK),137880,(N/A),(UNK),No Defects,1,1,InterState,1,290,X002199680,Not Toll,,1,1,Divided With Median Barrier,3,2948028.32934221,1904577.73265511,41.87094767,-87.77482114,,Urban,1,N,(N/A),Y,(N/A)
2021,2021-04-02,Friday,09,09:45 AM,Property Damage,No Injuries,0,0,0,0,0,3,Front to Rear,11,N,N,Following Too Closely,Failing to Reduce Speed to Avoid Crash,Daylight,Clear,Dry,N,,,,,No Controls,No Controls,Y,3,41.8724031,-87.7908807,ok,Partial Access Control,3,03-21-04309,2021,,3,28,50000 and OVER,9,4295,Oak Park,C,Urban InterState,,16,2,11234633,4,Cook,0,21,,,5,N,No,(UNK),202101096625,ISP,1,22.24,Y,,,,(UNK),137883,(N/A),(UNK),No Defects,1,1,InterState,1,9290,X002199683,Not Toll,73,1,1,Divided With Median Barrier,3,2943641.03921569,1904983.76737968,41.87239528,-87.79087486,,Urban,1,N,(N/A),Y,(N/A)
2021,2021-04-02,Friday,09,09:47 AM,Property Damage,No Injuries,0,0,0,0,0,3,Front to Rear,11,N,N,Following Too Closely,Failing to Reduce Speed to Avoid Crash,Daylight,Clear,Dry,N,,,,,No Controls,No Controls,N,3,41.8723995,-87.7907388,ok,Partial Access Control,3,03-21-04314,2021,,3,28,50000 and OVER,9,4295,Oak Park,C,Urban InterState,,16,2,11234634,4,Cook,0,21,,,5,N,Yes,(UNK),202101096626,ISP,1,22.24,Y,,,,(UNK),137884,(N/A),(UNK),No Defects,1,1,InterState,1,9290,X002199684,Not Toll,73,1,1,Divided With Median Barrier,3,2943679.70211361,1904983.50726552,41.87239163,-87.79073305,,Urban,1,N,(N/A),Y,(N/A)
2021,2021-03-28,Sunday,04,04:58 AM,Injury,B Injury Crash,3,0,0,2,1,0,Front to Rear,11,N,N,Evasive Action Due to Animal / Object / Non-Motorist,(N/A),Darkness / Lighted Road,Clear,Dry,N,,,,,Other,Functioning Properly,N,2,41.8721771,-87.7901729,ok,Partial Access Control,3,03-21-04081,2021,,32,99,50000 and OVER,9,4295,Oak Park,C,Urban InterState,,16,28,11235940,3,Cook,2,21,,,7,N,No,(UNK),202101097774,ISP,5,8.39,Y,,,,(UNK),138406,(N/A),(UNK),No Defects,1,1,InterState,1,290,X002200698,Not Toll,,13,4,Divided With Median Barrier,3,2943836.08063581,1904906.73661767,41.87216925,-87.79016715,,Urban,1,N,(N/A),Y,(N/A)
2021,2021-04-04,Sunday,16,04:08 PM,Property Damage,No Injuries,0,0,0,0,0,1,Fixed Object,6,N,N,Under Influence of Alcohol/Drugs,Failing to Reduce Speed to Avoid Crash,Daylight,Clear,Dry,N,,,,,No Controls,No Controls,N,1,41.8691111,-87.7747012,ok,(UNK),1,2101953,2021,,8,28,50000 and OVER,9,4295,Oak Park,C,Urban Local Road or Street,,16,4,11234754,4,Cook,0,21,VILLAGE OF OAK PARK PERMIT LOT,,7,N,No,Free Flow,202101096761,City,1,1.43,N,,,,(UNK),138503,(N/A),(UNK),No Defects,1,1,Local Road or Street,7,4090,X002199623,Not Toll,73,1,1,Not Divided,1,2948081.32641975,1903906.53848698,41.86910323,-87.77469537,,Urban,1,N,(N/A),Y,(N/A)
2021,2021-04-01,Thursday,18,06:35 PM,Property Damage,No Injuries,0,0,0,0,0,2,Front to Rear,11,N,N,Failing to Reduce Speed to Avoid Crash,Unable to Determine,Dusk,Clear,Unknown,N,,,,,Traffic Signal,Functioning Properly,N,2,41.90142,-87.8055197,ok,(UNK),1,2101898,2021,,28,18,50000 and OVER,9,4295,Oak Park,C,Urban Other Principal Arte,,16,1,11234759,4,Cook,0,21,,,4,N,No,Slow,202101096768,City,3,18.17,Y,,,,(UNK),138544,(N/A),(UNK),Unknown,99,9,Other Principal Arterial,3,348,X002198176,Not Toll,73,3,4,"Divided, No Median Barrier",2,2939362.67602952,1915447.98401869,41.90141219,-87.80551388,,Urban,1,N,(N/A),N,(N/A)
2021,2021-04-01,Thursday,12,12:10 PM,Property Damage,No Injuries,0,0,0,0,0,2,Sideswipe Same Direction,12,N,N,Improper Lane Usage,Failing to Reduce Speed to Avoid Crash,Daylight,Clear,Dry,Y,,,,,Traffic Signal,Functioning Properly,N,2,41.8798152,-87.7998701,ok,(UNK),1,2101887,2021,,20,28,50000 and OVER,9,4295,Oak Park,C,Urban Minor Arterial,,16,1,11234760,4,Cook,0,21,,,4,N,Yes,Free Flow,202101096769,City,1,0.51,N,,,,(UNK),138545,(N/A),(UNK),No Defects,1,1,Minor Arterial,4,2700,X002198177,Not Toll,73,3,4,Not Divided,1,2941118.03456298,1907617.20031967,41.8798074,-87.79986434,,Urban,1,N,(N/A),Y,(N/A)
2021,2021-04-02,Friday,14,02:06 PM,Property Damage,No Injuries,0,0,0,0,0,3,Front to Rear,11,N,N,Failing to Reduce Speed to Avoid Crash,Driving Skills/Knowledge/Experience,Daylight,Clear,Dry,N,,,,,Traffic Signal,Functioning Properly,Y,2,41.8907383,-87.8051167,ok,(UNK),1,2100324,2021,,28,15,50000 and OVER,9,4295,Oak Park,C,Urban Other Principal Arte,,16,2,11234866,4,Cook,0,21,,,5,N,No,Slow,202101096883,City,1,18.9,Y,,,,(UNK),139039,(N/A),(UNK),No Defects,1,1,Other Principal Arterial,3,348,X002199801,Not Toll,73,3,4,"Divided, No Median Barrier",2,2939579.58595938,1911558.36968383,41.89073043,-87.8051109,,Urban,1,N,(N/A),Y,(N/A)
2021,2021-04-03,Saturday,16,04:33 PM,Property Damage,No Injuries,0,0,0,0,0,2,Angle,15,N,N,Unable to Determine,Unable to Determine,Daylight,Clear,Dry,N,,,,,No Controls,No Controls,N,2,41.9091093,-87.7833546,ok,(UNK),1,2101937,2021,,18,18,50000 and OVER,9,4295,Oak Park,C,Urban Major Collector,,16,3,11236091,4,Cook,0,21,,,6,N,No,Slow,202101097931,City,1,0,N,,,,(UNK),139071,(N/A),(UNK),No Defects,1,1,Major Collector,5,2783,X002200761,Not Toll,73,1,1,"Divided, No Median Barrier",2,2945319.17605009,1918417.07201081,41.90910149,-87.78334883,,Urban,1,N,(N/A),Y,(N/A)
2021,2021-04-04,Sunday,14,02:11 PM,Property Damage,No Injuries,0,0,0,0,0,4,Front to Front,14,N,N,Improper Lane Usage,Unable to Determine,Darkness,Clear,Dry,N,,,,,No Controls,No Controls,N,2,41.8848697,-87.7944083,ok,(UNK),1,2101951,2021,,20,18,50000 and OVER,9,4295,Oak Park,C,Urban Major Collector,,16,4,11236096,4,Cook,0,21,,,7,N,No,Free Flow,202101097934,City,4,5.79,N,,,,(UNK),139072,(N/A),(UNK),No Defects,1,1,Major Collector,5,2775,X002200766,Not Toll,73,1,1,Not Divided,1,2942554.56881535,1909500.2360892,41.88486188,-87.79440251,,Urban,1,N,(N/A),Y,(N/A)
2021,2021-04-05,Monday,07,07:12 AM,Property Damage,No Injuries,0,0,0,0,0,1,Parked Motor Vehicle,9,N,N,Unable to Determine,(N/A),Daylight,Cloudy/Overcast,Dry,N,,,,,Traffic Signal,Functioning Properly,Y,2,41.8883345,-87.7848773,ok,(UNK),1,2101965,2021,,18,99,50000 and OVER,9,4295,Oak Park,C,Urban Major Collector,,16,5,11236101,4,Cook,0,21,,,1,N,No,Slow,202101097938,City,1,0.84,N,,,,(UNK),139116,(N/A),(UNK),No Defects,1,1,Major Collector,5,1405,X002200769,Not Toll,73,3,4,"Divided, No Median Barrier",2,2945114.98079652,1910834.78445636,41.88832662,-87.78487149,,Urban,8,N,(N/A),Y,(N/A)
2021,2021-04-05,Monday,14,02:12 PM,Property Damage,No Injuries,0,0,0,0,0,2,Angle,15,N,N,Failing to Yield Right of Way,Unable to Determine,Daylight,Cloudy/Overcast,Dry,Y,,,,,Stop Sign,Functioning Properly,N,2,41.8763398,-87.7794552,ok,(UNK),1,2101973,2021,,2,18,50000 and OVER,9,4295,Oak Park,C,Urban Minor Collector,,16,5,11236150,4,Cook,0,21,,,1,N,No,Free Flow,202101097980,City,1,0,N,,,,(UNK),139652,(N/A),(UNK),No Defects,1,1,Minor Collector,6,,X002200857,Not Toll,73,2,4,Not Divided,1,2946713.07826063,1906504.76152561,41.87633198,-87.77944945,,Urban,8,N,(N/A),Y,(N/A)
2021,2021-04-06,Tuesday,11,11:46 AM,Property Damage,No Injuries,0,0,0,0,0,3,Front to Rear,11,N,N,Following Too Closely,Unable to Determine,Daylight,Clear,Dry,Y,,,,,Traffic Signal,Functioning Properly,N,2,41.8650289,-87.8042158,ok,(UNK),1,21-01079,2021,,3,18,50000 and OVER,9,4295,Oak Park,C,Urban Other Principal Arte,,16,6,11236354,4,Cook,0,21,,,2,N,No,Slow,202101098207,City,1,25.01,Y,,,,(UNK),139745,(N/A),(UNK),No Defects,1,1,Other Principal Arterial,3,5043,X002201063,Not Toll,52,3,4,Divided With Median Barrier,3,2940082.91114317,1902196.17739194,41.86502108,-87.80421003,,Urban,1,N,(N/A),Y,(N/A)
2021,2021-04-05,Monday,18,06:00 PM,Property Damage,No Injuries,0,0,0,0,0,2,Front to Rear,11,N,N,Failing to Reduce Speed to Avoid Crash,Following Too Closely,Daylight,Clear,Dry,N,,,,,No Controls,No Controls,N,2,41.8723506,-87.7889093,ok,Partial Access Control,3,03-21-04504,2021,,28,3,50000 and OVER,9,4295,Oak Park,C,Urban InterState,,16,5,11236357,4,Cook,0,21,,,1,N,No,(UNK),202101098210,ISP,1,22.34,Y,,,,(UNK),139788,(N/A),(UNK),No Defects,1,1,InterState,1,9290,X002201066,Not Toll,73,1,1,Divided With Median Barrier,3,2944178.5,1904979.5,41.87234275,-87.78890355,,Urban,1,N,(N/A),Y,(N/A)
2021,2021-07-23,Friday,12,12:35 PM,Property Damage,No Injuries,0,0,0,0,0,1,Parked Motor Vehicle,9,N,N,Failing to Reduce Speed to Avoid Crash,Unable to Determine,Daylight,Clear,Dry,N,,,,,No Controls,No Controls,N,2,41.8688893,-87.80051,ok,(UNK),1,2104505,2021,,28,18,50000 and OVER,9,4295,Oak Park,C,Urban Local Road or Street,,16,23,11370803,7,Cook,0,21,,,5,N,No,Free Flow,202101229702,City,1,0.25,N,,,,(UNK),139814,(N/A),(UNK),No Defects,1,1,Local Road or Street,7,2701,X002315117,Not Toll,73,1,1,"Divided, No Median Barrier",2,2941053.60764138,1903630.79402771,41.86888148,-87.80050415,,Urban,1,N,(N/A),Y,(N/A)
2021,2021-04-06,Tuesday,00,00:54 AM,Injury,B Injury Crash,1,0,0,1,0,3,Turning,10,N,N,Unable to Determine,Unable to Determine,Darkness,Clear,Dry,N,,,,,No Controls,No Controls,Y,4,41.872547,-87.7891964,ok,(UNK),1,2101981,2021,,18,18,50000 and OVER,9,4295,Oak Park,C,Urban Local Road or Street,,16,6,11236246,4,Cook,2,21,,,2,N,No,Free Flow,202101098089,City,4,0.25,N,,,,(UNK),140016,(N/A),(UNK),No Defects,1,1,Local Road or Street,7,290,X002200934,Not Toll,73,1,1,Not Divided,1,2944098.31830935,1905048.92129283,41.87253919,-87.78919065,,Urban,1,N,(N/A),Y,(N/A)
2021,2021-07-23,Friday,17,05:14 PM,Injury,C Injury Crash,1,0,0,0,1,2,Angle,15,N,N,Failing to Yield Right of Way,Unable to Determine,Daylight,Clear,Dry,Y,,,,,Stop Sign,Functioning Properly,N,2,41.9037944,-87.7841761,ok,(UNK),1,2104462,2021,,2,18,50000 and OVER,9,4295,Oak Park,C,Urban Major Collector,,16,23,11371249,7,Cook,1,21,,,5,N,No,Free Flow,202101230327,City,1,0,N,,,,(UNK),140056,(N/A),(UNK),No Defects,1,1,Major Collector,5,,X002315475,Not Toll,73,2,4,Not Divided,1,2945149.36975882,1916473.99986014,41.90378659,-87.78417035,,Urban,1,N,(N/A),Y,(N/A)
2021,2021-07-24,Saturday,10,10:42 AM,Property Damage,No Injuries,0,0,0,0,0,1,Parked Motor Vehicle,9,N,N,Failing to Reduce Speed to Avoid Crash,Unable to Determine,Unknown,Unknown,Unknown,N,,,,,No Controls,No Controls,Y,2,41.8743041,-87.7927595,ok,(UNK),1,2104481,2021,,28,18,50000 and OVER,9,4295,Oak Park,C,Urban Local Road or Street,,16,24,11371253,7,Cook,0,21,,,6,N,No,Free Flow,202101230332,City,9,0.13,N,,,,(UNK),140123,(N/A),(UNK),No Defects,1,9,Local Road or Street,7,4040,X002315508,Not Toll,73,1,1,Not Divided,1,2943110.1366848,1905662.33554571,41.87429621,-87.79275366,,Urban,9,N,(N/A),Y,(N/A)
2021,2021-06-21,Monday,20,08:16 PM,Injury,B Injury Crash,1,0,0,1,0,1,Angle,15,N,N,Failing to Yield Right of Way,Unable to Determine,Dusk,Clear,Dry,Y,,,,,Stop Sign,Functioning Properly,N,2,41.9057578,-87.7834259,ok,(UNK),1,2103681,2021,,2,18,50000 and OVER,9,4295,Oak Park,C,Urban Major Collector,,16,21,11371259,6,Cook,2,21,,,1,N,No,Free Flow,202101230339,City,3,0,N,,,,(UNK),140124,(N/A),(UNK),No Defects,1,1,Major Collector,5,,X002315569,Not Toll,73,2,4,Not Divided,1,2945333.72044141,1917195.1784197,41.90574999,-87.78342013,,Urban,1,N,(N/A),Y,(N/A)
2021,2021-07-20,Tuesday,12,12:23 PM,Property Damage,No Injuries,0,0,0,0,0,2,Angle,15,N,N,Failing to Reduce Speed to Avoid Crash,Disregarding Other Traffic Signs,Daylight,Clear,Dry,Y,,,,,Other Regualtory Sig,Functioning Properly,N,2,41.881578,-87.7926485,ok,(UNK),1,2104371,2021,,28,24,50000 and OVER,9,4295,Oak Park,C,Urban Major Collector,,16,20,11371261,7,Cook,0,21,,,2,N,No,Free Flow,202101230342,City,1,0,N,,,,(UNK),140125,(N/A),(UNK),No Defects,1,1,Major Collector,5,,X002315460,Not Toll,73,10,4,Other,8,2943067.01035992,1908313.91576242,41.88157011,-87.79264266,,Urban,1,N,(N/A),Y,(N/A)
2021,2021-07-24,Saturday,13,01:31 PM,Property Damage,No Injuries,0,0,0,0,0,2,Front to Rear,11,N,N,Failing to Reduce Speed to Avoid Crash,Unable to Determine,Daylight,Clear,Dry,Y,,,,,Traffic Signal,Functioning Properly,Y,2,41.8817579,-87.7845165,ok,(UNK),1,2104485,2021,,28,18,50000 and OVER,9,4295,Oak Park,C,Urban Major Collector,,16,24,11371262,7,Cook,0,21,,,6,N,No,Stopped,202101230344,City,1,0,N,,,,(UNK),140126,(N/A),(UNK),No Defects,1,1,Major Collector,5,,X002315513,Not Toll,73,3,4,Not Divided,1,2945279.79316398,1908440.87681059,41.88175002,-87.78451068,,Urban,1,N,(N/A),Y,(N/A)
2021,2021-04-06,Tuesday,09,09:08 AM,Property Damage,No Injuries,0,0,0,0,0,7,Angle,15,N,N,Failing to Yield Right of Way,(N/A),Daylight,Clear,Dry,Y,,,,,Stop Sign,Functioning Properly,N,2,41.8671369,-87.7840158,ok,(UNK),1,2101985,2021,,2,99,50000 and OVER,9,4295,Oak Park,C,Urban Major Collector,,16,6,11237073,4,Cook,0,21,,,2,N,No,Free Flow,202101099005,City,1,0,N,,,,(UNK),140981,(N/A),(UNK),No Defects,1,1,Major Collector,5,,X002201650,Not Toll,73,2,4,"Divided, No Median Barrier",2,2945564.13663867,1903116.507008,41.86712903,-87.78400998,,Urban,1,N,(N/A),Y,(N/A)