crash_year,crash_date,day_of_week,crash_hour,time_of_crash,crash_severity,crash_injury_severity,total_injured,total_fatals,a_injuries,b_injuries,c_injuries,no_injuries,type_of_first_crash,collision_type_code,pedestrian_involved,pedalcyclist_involved,cause1,cause2,lighting_cond,weather_cond,road_surface_cond,intersection_related,is_intersection,highway_or_street_name,at_intersection_with,address_no,traffic_control_device,traffic_control_device_cond,hit_and_run,number_of_vehicles,latitude,longitude,location_status,access_control,agency_code,agency_report_number,agency_report_year,alignment_code,cause1_code,cause2_code,city_class,city_class_code,city_code,city_name,city_township_flag,class_of_trafficway,class_of_trafficway_code,county_code,crash_day,crash_id,crash_month,crash_report_county,crash_severity_cd,crash_yr_source,damaged_property1,damaged_property2,day_of_week_code,did_crash_occur_in_work_zone,did_involve_secondary_crash,flow_condition,icn,investigating_agency_descrip,light_condition_code,mile_station,nhs,non_intersection_direction,non_intersection_distance,non_intersection_units,number_of_lanes,objectid,railroad_crossing_number,road_alignment,road_defects,road_defects_code,road_surface_condition_code,roadway_functional_class,roadway_functional_class_code,route_number,sfe,toll,township,traffic_control_device_code,traffic_control_device_cond_code,trafficway_descrip,trafficway_description_code,ts_crash_coordinate_x,ts_crash_coordinate_y,ts_crash_latitude,ts_crash_longitude,type_report,urban_rural,weather_code,were_workers_present,work_zone,work_zone_related,work_zone_type
2021,2021-04-01,Thursday,18,06:12 PM,Injury,B Injury Crash,1,0,0,1,0,1,Front to Rear,11,N,N,Under Influence of Alcohol/Drugs,Improper Lane Usage,Daylight,Clear,Dry,N,,,,,Other,Functioning Properly,N,2,41.8726566,-87.7958277,ok,Partial Access Control,3,03-21-04280,2021,,8,20,50000 and OVER,9,4295,Oak Park,C,Urban InterState,,16,1,11236660,4,Cook,2,21,,,4,N,No,(UNK),202101098573,ISP,1,8.1,Y,,,,(UNK),141015,(N/A),(UNK),No Defects,1,1,InterState,1,290,X002201355,Not Toll,,13,4,Divided With Median Barrier,3,2942291.04058138,1905038.8504275,41.87264872,-87.79582194,,Urban,1,N,(N/A),Y,(N/A)
2021,2021-07-26,Monday,17,05:17 PM,Property Damage,No Injuries,0,0,0,0,0,2,Turning,10,N,N,Unable to Determine,(N/A),Daylight,Clear,Dry,Y,,,,,Traffic Signal,Functioning Properly,N,2,41.898236,-87.7850063,ok,(UNK),1,2104534,2021,,18,99,50000 and OVER,9,4295,Oak Park,C,Urban Major Collector,,16,26,11372596,7,Cook,0,21,FENCE,,1,N,Yes,Slow,202101231820,City,1,0,N,,,,(UNK),142399,(N/A),(UNK),No Defects,1,1,Major Collector,5,,X002316901,Not Toll,73,3,4,"Divided, No Median Barrier",2,2944979.62513353,1914442.1032691,41.89822811,-87.78500054,,Urban,1,N,(N/A),Y,(N/A)
2021,2021-07-26,Monday,15,03:01 PM,Property Damage,No Injuries,0,0,0,0,0,2,Angle,15,N,N,Disregarding Stop Sign,Unable to Determine,Daylight,Clear,Dry,Y,,,,,Stop Sign,Functioning Properly,Y,2,41.8763398,-87.7794545,ok,(UNK),1,2104530,2021,,23,18,50000 and OVER,9,4295,Oak Park,C,Urban Minor Collector,,16,26,11372151,7,Cook,0,21,,,1,N,No,Slow,202101231385,City,1,0,N,,,,(UNK),142605,(N/A),(UNK),No Defects,1,1,Minor Collector,6,,X002316378,Not Toll,73,2,4,Not Divided,1,2946713.27020351,1906504.76988678,41.87633199,-87.77944875,,Urban,1,N,(N/A),Y,(N/A)
2021,2021-04-07,Wednesday,17,05:10 PM,Property Damage,No Injuries,0,0,0,0,0,2,Front to Rear,11,N,N,Following Too Closely,Unable to Determine,Daylight,Clear,Dry,N,,,,,Traffic Signal,Functioning Properly,Y,2,41.8650287,-87.8042158,ok,(UNK),1,2102027,2021,,3,18,50000 and OVER,9,4295,Oak Park,C,Urban Other Principal Arte,,16,7,11239160,4,Cook,0,21,,,3,N,No,Slow,202101101276,City,1,25.01,Y,,,,(UNK),142611,(N/A),(UNK),No Defects,1,1,Other Principal Arterial,3,5043,X002203603,Not Toll,52,3,4,Divided With Median Barrier,3,2940082.91494525,1902196.10167806,41.86502087,-87.80421003,,Urban,1,N,(N/A),Y,(N/A)
2021,2021-04-06,Tuesday,14,02:00 PM,Injury,C Injury Crash,1,0,0,0,1,1,Front to Rear,11,N,N,Failing to Reduce Speed to Avoid Crash,(N/A),Daylight,Clear,Dry,N,,,,,No Controls,No Controls,Y,2,41.9091103,-87.7833546,ok,(UNK),1,2102029,2021,,28,99,50000 and OVER,9,4295,Oak Park,C,Urban Major Collector,,16,6,11239161,4,Cook,1,21,,,2,N,No,Stopped,202101101277,City,1,0,N,,,,(UNK),142612,(N/A),(UNK),No Defects,1,1,Major Collector,5,2783,X002203604,Not Toll,73,1,1,Not Divided,1,2945319.17278562,1918417.40815474,41.90910241,-87.78334881,,Urban,1,N,(N/A),Y,(N/A)
2021,2021-07-26,Monday,20,08:50 PM,Property Damage,No Injuries,0,0,0,0,0,3,Angle,15,N,N,Failing to Yield Right of Way,Failing to Yield Right of Way,Darkness / Lighted Road,Clear,Dry,Y,,,,,Stop Sign,Functioning Properly,N,2,41.9037087,-87.7900544,ok,(UNK),1,2104541,2021,,2,2,50000 and OVER,9,4295,Oak Park,C,Urban Local Road or Street,,16,26,11372638,7,Cook,0,21,,,1,N,No,Slow,202101231857,City,5,0,N,,,,(UNK),142647,(N/A),(UNK),No Defects,1,1,Local Road or Street,7,,X002316922,Not Toll,73,2,4,Not Divided,1,2943549.93848965,1916398.32604551,41.90370081,-87.79004865,,Urban,1,N,(N/A),Y,(N/A)
2021,2021-07-21,Wednesday,10,10:45 AM,Property Damage,No Injuries,0,0,0,0,0,1,Parked Motor Vehicle,9,N,N,Unable to Determine,Unable to Determine,Unknown,Other,Unknown,N,,,,,No Controls,No Controls,Y,2,41.8906662,-87.7880253,ok,(UNK),1,2104545,2021,,18,18,50000 and OVER,9,4295,Oak Park,C,Urban Local Road or Street,,16,21,11372639,7,Cook,0,21,,,3,N,No,Free Flow,202101231858,City,9,0.27,N,,,,(UNK),142648,(N/A),(UNK),No Defects,1,9,Local Road or Street,7,2650,X002316924,Not Toll,73,1,1,Parking Lot,7,2944234.19182405,1911660.72630042,41.89065837,-87.78801951,,Urban,7,N,(N/A),Y,(N/A)
2021,2021-04-01,Thursday,22,10:10 PM,Property Damage,No Injuries,0,0,0,0,0,2,Sideswipe Same Direction,12,N,N,Improper Lane Usage,Failing to Reduce Speed to Avoid Crash,Darkness / Lighted Road,Clear,Dry,N,,,,,Other,Functioning Properly,N,2,41.8713103,-87.7800104,ok,Partial Access Control,3,03-21-04294,2021,,20,28,50000 and OVER,9,4295,Oak Park,C,Urban InterState,,16,1,11238541,4,Cook,0,21,,,4,N,No,(UNK),202101100675,ISP,5,22.8,Y,,,,(UNK),143328,(N/A),(UNK),No Defects,1,1,InterState,1,9290,X002203086,Not Toll,,13,4,Divided With Median Barrier,3,2946612.88186147,1904667.70025641,41.87130245,-87.78000456,,Urban,1,N,(N/A),Y,(N/A)
2021,2021-04-06,Tuesday,15,03:55 PM,Property Damage,No Injuries,0,0,0,0,0,2,Front to Rear,11,N,N,Failing to Reduce Speed to Avoid Crash,Following Too Closely,Daylight,Clear,Dry,N,,,,,No Controls,No Controls,N,2,41.8800099,-87.7758823,ok,(UNK),1,2102003,2021,,28,3,50000 and OVER,9,4295,Oak Park,C,Urban Minor Arterial,,16,6,11238129,4,Cook,0,21,,,2,N,No,Stopped,202101100218,City,1,0.01,N,,,,(UNK),143505,(N/A),(UNK),No Defects,1,1,Minor Arterial,4,2603,X002202659,Not Toll,73,1,1,Divided With Median Barrier,3,2947648.90408445,1907869.30159672,41.88000204,-87.77587654,,Urban,1,N,(N/A),Y,(N/A)
2021,2021-04-06,Tuesday,16,04:25 PM,Property Damage,No Injuries,0,0,0,0,0,2,Turning,10,N,N,Operating Vehicle In Reckless Manner,Failing to Reduce Speed to Avoid Crash,Daylight,Clear,Dry,Y,,,,,Traffic Signal,Functioning Properly,Y,2,41.8832478,-87.8048558,ok,(UNK),1,2102005,2021,,50,28,50000 and OVER,9,4295,Oak Park,C,Urban Other Principal Arte,,16,6,11238130,4,Cook,0,21,LIGHT POLE/PARKING SIGN,BUILDING,2,N,Yes,Slow,202101100219,City,1,26.27,Y,,,,(UNK),143506,(N/A),(UNK),No Defects,1,1,Other Principal Arterial,3,5043,X002202660,Not Toll,73,3,4,"Divided, No Median Barrier",2,2939725.79669042,1908830.67683626,41.88324,-87.80485,,Urban,1,N,(N/A),Y,(N/A)
2021,2021-04-03,Saturday,02,02:34 AM,Property Damage,No Injuries,0,0,0,0,0,3,Sideswipe Same Direction,12,N,N,Failing to Reduce Speed to Avoid Crash,Improper Lane Usage,Darkness / Lighted Road,Clear,Dry,N,,,,,Other,Functioning Properly,N,3,41.8704292,-87.7746115,ok,(UNK),3,03-21-04355,2021,,28,20,50000 and OVER,9,4295,Oak Park,C,Rural (UNK),,16,3,11237806,4,Cook,0,21,,,6,N,No,(UNK),202101099798,ISP,5,0,N,,,,(UNK),143639,(N/A),(UNK),No Defects,1,1,(UNK),0,,X002202429,No Toll,,13,4,Divided With Median Barrier,3,2948092.36118632,1904387.56048048,41.87042133,-87.77460569,,Rural,1,N,(N/A),Y,(N/A)
2021,2021-04-03,Saturday,02,02:53 AM,Property Damage,No Injuries,0,0,0,0,0,1,Parked Motor Vehicle,9,N,N,Under Influence of Alcohol/Drugs,Failing to Reduce Speed to Avoid Crash,Darkness / Lighted Road,Clear,Dry,N,,,,,No Controls,No Controls,N,3,41.8726841,-87.796112,ok,Partial Access Control,3,03-21-04356,2021,,8,28,50000 and OVER,9,4295,Oak Park,C,Urban InterState,,16,3,11237809,4,Cook,0,21,,,6,N,No,(UNK),202101099802,ISP,5,8.09,Y,,,,(UNK),143642,(N/A),(UNK),No Defects,1,1,InterState,1,290,X002202432,Not Toll,,1,1,Divided With Median Barrier,3,2942213.33507497,1905046.73312735,41.87267622,-87.79610622,,Urban,1,N,(N/A),Y,(N/A)
2021,2021-12-17,Friday,16,04:58 PM,Property Damage,No Injuries,0,0,0,0,0,2,Angle,15,N,N,Failing to Yield Right of Way,Unable to Determine,Dusk,Clear,Dry,Y,,,,,Stop Sign,Functioning Properly,N,2,41.8944579,-87.7912951,ok,(UNK),1,2107855,2021,,2,18,50000 and OVER,9,4295,Oak Park,C,Urban Minor Arterial,,16,17,11562658,12,Cook,0,21,,,5,N,No,Slow,202101409911,City,3,0,N,,,,(UNK),144184,(N/A),(UNK),No Defects,1,1,Minor Arterial,4,,X002477188,Not Toll,73,2,4,Not Divided,1,2943305.56646105,1913017.79851656,41.89445002,-87.79128933,,Urban,1,N,(N/A),Y,(N/A)
2021,2021-04-10,Saturday,03,03:22 AM,Injury,B Injury Crash,1,0,0,1,0,2,Pedestrian,1,Y,N,Failing to Reduce Speed to Avoid Crash,Unable to Determine,Darkness / Lighted Road,Clear,Dry,Y,,,,,Traffic Signal,Functioning Properly,Y,2,41.8736416,-87.8045253,ok,Partial Access Control,1,21-01129,2021,,28,18,50000 and OVER,9,4295,Oak Park,C,Urban InterState,,16,10,11240082,4,Cook,2,21,,,6,N,Yes,Free Flow,202101102243,City,5,25.61,Y,,,,(UNK),144651,(N/A),(UNK),No Defects,1,1,InterState,1,5043,X002204542,Not Toll,73,3,4,Divided With Median Barrier,3,2939912.18905117,1905332.4529224,41.87363372,-87.80451954,,Urban,1,N,(N/A),Y,(N/A)
2021,2021-10-19,Tuesday,17,05:03 PM,Property Damage,No Injuries,0,0,0,0,0,2,Angle,15,N,N,Failing to Yield Right of Way,Failing to Reduce Speed to Avoid Crash,Daylight,Clear,Dry,Y,,,,,Stop Sign,Functioning Properly,N,2,41.8962223,-87.7946957,ok,(UNK),1,2106494,2021,,2,28,50000 and OVER,9,4295,Oak Park,C,Urban Major Collector,,16,19,11482444,10,Cook,0,21,,,2,N,No,Free Flow,202101332493,City,1,0,N,,,,(UNK),145021,(N/A),(UNK),No Defects,1,1,Major Collector,5,,X002409899,Not Toll,73,2,4,Not Divided,1,2942361.87005319,1913635.17208898,41.89621448,-87.79468994,,Urban,1,N,(N/A),Y,(N/A)
2021,2021-12-16,Thursday,11,11:15 AM,Injury,B Injury Crash,1,0,0,1,0,1,Pedestrian,1,Y,N,Failing to Yield Right of Way,(N/A),Daylight,Clear,Dry,Y,,,,,No Controls,No Controls,N,1,41.8777876,-87.8046548,ok,(UNK),1,2107830,2021,,2,99,50000 and OVER,9,4295,Oak Park,C,Urban Other Principal Arte,,16,16,11563339,12,Cook,2,21,,,4,N,No,(UNK),202101410477,City,1,25.9,Y,,,,(UNK),145183,(N/A),(UNK),No Defects,1,1,Other Principal Arterial,3,5043,X002479578,Not Toll,73,1,1,"Divided, No Median Barrier",2,2939835.31996607,1906842.37390857,41.87777976,-87.80464903,,Urban,1,N,(N/A),Y,(N/A)
2021,2021-12-16,Thursday,09,09:15 AM,Property Damage,No Injuries,0,0,0,0,0,2,Sideswipe Same Direction,12,N,N,Improper Lane Usage,Failing to Reduce Speed to Avoid Crash,Daylight,Cloudy/Overcast,Dry,N,,,,,No Controls,No Controls,Y,2,41.8703523,-87.8043934,ok,(UNK),1,2107850,2021,,20,28,50000 and OVER,9,4295,Oak Park,C,Urban Other Principal Arte,,16,16,11563341,12,Cook,0,21,,,4,N,No,Slow,202101410479,City,1,20.32,Y,,,,(UNK),145184,(N/A),(UNK),No Defects,1,1,Other Principal Arterial,3,348,X002479580,Not Toll,73,1,1,Not Divided,1,2939981.13818803,1904134.78003033,41.87034446,-87.80438757,,Urban,8,N,(N/A),Y,(N/A)
2021,2021-12-18,Saturday,19,07:09 PM,Property Damage,No Injuries,0,0,0,0,0,5,Front to Rear,11,N,N,Failing to Reduce Speed to Avoid Crash,Unable to Determine,Darkness / Lighted Road,Clear,Dry,N,,,,,No Controls,No Controls,N,3,41.8738889,-87.7744558,ok,(UNK),1,2107889,2021,,28,18,50000 and OVER,9,4295,Oak Park,C,Urban Minor Arterial,,16,18,11563390,12,Cook,0,21,,,6,N,Yes,Slow,202101410526,City,5,8.15,N,,,,(UNK),145408,(N/A),(UNK),No Defects,1,1,Minor Arterial,4,2790,X002479623,Not Toll,,1,1,Not Divided,1,2948099.61491306,1905649.54359051,41.87388109,-87.77444999,,Urban,1,N,(N/A),Y,(N/A)
2021,2021-12-19,Sunday,00,00:25 AM,Injury,B Injury Crash,2,0,0,1,1,1,Front to Rear,11,N,N,Failing to Reduce Speed to Avoid Crash,Unable to Determine,Darkness / Lighted Road,Clear,Dry,Y,,,,,Traffic Signal,Functioning Properly,N,2,41.8651778,-87.7937258,ok,(UNK),1,2107897,2021,,28,18,50000 and OVER,9,4295,Oak Park,C,Urban Other Principal Arte,,16,19,11563420,12,Cook,2,21,,,7,N,No,(UNK),202101410570,City,5,0,Y,,,,(UNK),145608,(N/A),(UNK),No Defects,1,1,Other Principal Arterial,3,,X002479635,Not Toll,52,3,4,Not Divided,1,2942938.92674709,1902329.30007526,41.86517,-87.79372,,Urban,1,N,(N/A),Y,(N/A)
2021,2021-12-19,Sunday,03,03:11 AM,Injury,B Injury Crash,1,0,0,1,0,1,Angle,15,N,N,Failing to Reduce Speed to Avoid Crash,(N/A),Darkness,Clear,Dry,Y,,,,,Stop Sign,Functioning Properly,N,2,41.9017678,-87.7912082,ok,(UNK),1,2107898,2021,,28,99,50000 and OVER,9,4295,Oak Park,C,Urban Major Collector,,16,19,11563421,12,Cook,2,21,,,7,N,No,Free Flow,202101410571,City,4,0,N,,,,(UNK),145609,(N/A),(UNK),No Defects,1,1,Major Collector,5,,X002479640,Not Toll,73,2,4,"Divided, No Median Barrier",2,2943255.44035002,1915682.34757901,41.90175998,-87.79120239,,Urban,1,N,(N/A),Y,(N/A)
2021,2021-12-20,Monday,00,00:56 AM,Property Damage,No Injuries,0,0,0,0,0,3,Front to Rear,11,N,N,Distraction - From Inside Vehicle,Failing to Reduce Speed to Avoid Crash,Darkness / Lighted Road,Clear,Dry,N,,,,,No Controls,No Controls,N,2,41.8984492,-87.7752676,ok,(UNK),1,2107913,2021,,41,28,50000 and OVER,9,4295,Oak Park,C,Urban Minor Arterial,,16,20,11563423,12,Cook,0,21,FIRE HYDRANT,FIRE HYDRANT,1,N,No,Free Flow,202101410572,City,5,6.35,N,,,,(UNK),145610,(N/A),(UNK),No Defects,1,1,Minor Arterial,4,2790,X002479642,Not Toll,,1,1,Not Divided,1,2947628.94444555,1914593.6019039,41.89844133,-87.77526182,,Urban,1,N,(N/A),Y,(N/A)
2021,2021-10-20,Wednesday,14,02:45 PM,Property Damage,No Injuries,0,0,0,0,0,1,Parked Motor Vehicle,9,N,N,Improper Overtaking/Passing,Failing to Reduce Speed to Avoid Crash,Daylight,Clear,Dry,N,,,,,Stop Sign,Functioning Properly,N,3,41.8791479,-87.7782723,ok,(UNK),1,2106511,2021,,4,28,50000 and OVER,9,4295,Oak Park,C,Urban Local Road or Street,,16,20,11483894,10,Cook,0,21,,,3,N,Yes,Slow,202101333633,City,1,0.06,N,,,,(UNK),145886,(N/A),(UNK),No Defects,1,1,Local Road or Street,7,2613,X002411187,Not Toll,73,2,4,Not Divided,1,2947006.76719638,1907537.05240341,41.87914008,-87.77826651,,Urban,1,N,(N/A),Y,(N/A)
2021,2021-07-26,Monday,15,03:45 PM,Property Damage,No Injuries,0,0,0,0,0,2,Front to Rear,11,N,N,Following Too Closely,Driving Skills/Knowledge/Experience,Daylight,Clear,Dry,N,,,,,No Controls,No Controls,N,2,41.8852268,-87.8049083,ok,(UNK),1,21-02231,2021,,3,15,50000 and OVER,9,4295,Oak Park,C,Urban Other Principal Arte,,16,26,11374420,7,Cook,0,21,,,1,N,No,Free Flow,202101233356,City,1,19.29,Y,,,,(UNK),147052,(N/A),(UNK),No Defects,1,1,Other Principal Arterial,3,348,X002318420,Not Toll,73,1,1,"Divided, No Median Barrier",2,2939691.63315649,1909551.45676094,41.88521897,-87.80490253,,Urban,1,N,(N/A),Y,(N/A)
2021,2021-07-27,Tuesday,11,11:01 AM,Property Damage,No Injuries,0,0,0,0,0,2,Turning,10,N,N,Failing to Yield Right of Way,Unable to Determine,Daylight,Clear,Dry,Y,,,,,Traffic Signal,Functioning Properly,N,2,41.8653372,-87.7839758,ok,(UNK),1,2104549,2021,,2,18,50000 and OVER,9,4295,Oak Park,C,Urban Other Principal Arte,,16,27,11373980,7,Cook,0,21,,,2,N,No,Free Flow,202101232949,City,1,0,Y,,,,(UNK),147281,(N/A),(UNK),No Defects,1,1,Other Principal Arterial,3,,X002317973,Not Toll,52,3,4,Not Divided,1,2945593.24778638,1902460.96238358,41.86532932,-87.78396997,,Urban,1,N,(N/A),Y,(N/A)
2021,2021-07-27,Tuesday,23,11:20 PM,Property Damage,No Injuries,0,0,0,0,0,1,Fixed Object,6,N,N,Failing to Reduce Speed to Avoid Crash,Improper Lane Usage,Darkness / Lighted Road,Clear,Dry,N,,,,,Other,Functioning Properly,N,1,41.8733797,-87.8014334,ok,Partial Access Control,3,03-21-10745,2021,,28,20,50000 and OVER,9,4295,Oak Park,C,Urban InterState,,16,27,11374560,7,Cook,0,21,,,2,N,No,(UNK),202101233493,ISP,5,0.12,Y,,,,(UNK),147806,(N/A),(UNK),No Defects,1,1,InterState,1,290,X002318558,Not Toll,,13,4,Divided With Median Barrier,3,2940756.96126538,1905260.22726852,41.87337185,-87.80142759,,Urban,1,N,(N/A),Y,(N/A)
2021,2021-07-24,Saturday,07,07:40 AM,Property Damage,No Injuries,0,0,0,0,0,2,Front to Rear,11,N,N,Following Too Closely,Failing to Reduce Speed to Avoid Crash,Daylight,Clear,Dry,N,,,,,Traffic Signal,Functioning Properly,Y,2,41.8735652,-87.8033371,ok,Partial Access Control,3,03-21-10617,2021,,3,28,50000 and OVER,9,4295,Oak Park,C,Urban InterState,,16,24,11375256,7,Cook,0,21,,,6,N,No,(UNK),202101233924,ISP,1,0.19,Y,,,,(UNK),148340,(N/A),(UNK),No Defects,1,1,InterState,1,290,X002318983,Not Toll,,3,4,Ramp,11,2940236.58086629,1905313.55405664,41.8735574,-87.80333134,,Urban,1,N,(N/A),Y,(N/A)
2021,2021-07-29,Thursday,02,02:40 AM,Property Damage,No Injuries,0,0,0,0,0,1,Parked Motor Vehicle,9,N,N,Failing to Reduce Speed to Avoid Crash,Improper Lane Usage,Darkness / Lighted Road,Cloudy/Overcast,Dry,N,,,,,Stop Sign,Functioning Properly,N,2,41.885168,-87.7875039,ok,(UNK),1,2104609,2021,,28,20,50000 and OVER,9,4295,Oak Park,C,Urban Local Road or Street,,16,29,11375414,7,Cook,0,21,,,4,N,No,Slow,202101234071,City,5,0.36,N,,,,(UNK),148966,(N/A),(UNK),No Defects,1,1,Local Road or Street,7,3030,X002319122,Not Toll,73,2,4,Not Divided,1,2944431.747747,1909661.01886451,41.88516017,-87.78749812,,Urban,8,N,(N/A),Y,(N/A)
2021,2021-07-28,Wednesday,14,02:01 PM,Injury,B Injury Crash,3,0,0,3,0,3,Front to Rear,11,N,N,Failing to Reduce Speed to Avoid Crash,Following Too Closely,Daylight,Clear,Dry,Y,,,,,No Controls,No Controls,N,3,41.8763833,-87.77575,ok,(UNK),1,2104592,2021,,28,3,50000 and OVER,9,4295,Oak Park,C,Urban Local Road or Street,,16,28,11375417,7,Cook,2,21,,,3,N,Yes,Free Flow,202101234073,City,1,0,N,,,,(UNK),148967,(N/A),(UNK),No Defects,1,1,Local Road or Street,7,,X002319093,Not Toll,73,1,1,Not Divided,1,2947721.77299104,1906548.70156663,41.87637543,-87.77574423,,Urban,1,N,(N/A),Y,(N/A)
2021,2021-07-28,Wednesday,14,02:21 PM,Property Damage,No Injuries,0,0,0,0,0,1,Other Object,7,N,N,Driving Skills/Knowledge/Experience,Failing to Reduce Speed to Avoid Crash,Daylight,Clear,Dry,N,,,,,No Controls,No Controls,N,1,41.8872436,-87.7974781,ok,(UNK),1,2104596,2021,,15,28,50000 and OVER,9,4295,Oak Park,C,Urban Local Road or Street,,16,28,11375418,7,Cook,0,21,BUILDING,,3,N,No,Free Flow,202101234074,City,1,0.15,N,,,,(UNK),148968,(N/A),(UNK),No Defects,1,1,Local Road or Street,7,3005,X002319099,Not Toll,73,1,1,Ramp,11,2941694.71212725,1910342.19631576,41.88723571,-87.79747229,,Urban,1,N,(N/A),Y,(N/A)
2021,2021-04-12,Monday,10,10:35 AM,Property Damage,No Injuries,0,0,0,0,0,2,Front to Rear,11,N,N,Unable to Determine,(N/A),Daylight,Clear,Dry,Y,,,,,Traffic Signal,Functioning Properly,N,2,41.8832478,-87.8048558,ok,(UNK),1,21-01147,2021,,18,99,50000 and OVER,9,4295,Oak Park,C,Urban Other Principal Arte,,16,12,11241987,4,Cook,0,21,,,1,N,No,Stopped,202101104123,City,1,26.27,Y,,,,(UNK),148988,(N/A),(UNK),No Defects,1,1,Other Principal Arterial,3,5043,X002206365,Not Toll,73,3,4,"Divided, No Median Barrier",2,2939725.79669042,1908830.67683626,41.88324,-87.80485,,Urban,1,N,(N/A),Y,(N/A)
2021,2021-12-13,Monday,17,05:50 PM,Property Damage,No Injuries,0,0,0,0,0,6,Front to Rear,11,N,N,Failing to Reduce Speed to Avoid Crash,Equipment-Vehicle Condition,Darkness / Lighted Road,Clear,Dry,N,,,,,Other,Functioning Properly,N,4,41.8732336,-87.7991796,ok,Partial Access Control,3,03-21-18619,2021,,28,10,50000 and OVER,9,4295,Oak Park,C,Urban InterState,,16,13,11563705,12,Cook,0,21,,,1,N,No,(UNK),202101410919,ISP,5,21.82,Y,,,,(UNK),149364,(N/A),(UNK),No Defects,1,1,InterState,1,9290,X002479959,Not Toll,73,13,4,Divided With Median Barrier,3,2941372.28609626,1905223.93850267,41.87322581,-87.79917382,,Urban,1,N,(N/A),Y,(N/A)
2021,2021-04-07,Wednesday,17,05:55 PM,Property Damage,No Injuries,0,0,0,0,0,3,Front to Rear,11,N,N,Failing to Reduce Speed to Avoid Crash,Unable to Determine,Daylight,Clear,Dry,Y,,,,,Pedestrian Crossing,Functioning Properly,N,3,41.8945279,-87.7881248,ok,(UNK),1,2102028,2021,,28,18,50000 and OVER,9,4295,Oak Park,C,Urban Minor Arterial,,16,7,11242993,4,Cook,0,21,,,3,N,No,Stopped,202101104409,City,1,0,N,,,,(UNK),149567,(N/A),(UNK),No Defects,1,1,Minor Arterial,4,,X002206604,Not Toll,73,17,4,Not Divided,1,2944168.0621025,1913067.25972323,41.89452009,-87.78811903,,Urban,1,N,(N/A),Y,(N/A)
2021,2021-12-19,Sunday,06,06:25 AM,Property Damage,No Injuries,0,0,0,0,0,1,Other Non-Collision,8,N,N,Driving Skills/Knowledge/Experience,Failing to Reduce Speed to Avoid Crash,Dawn,Clear,Dry,N,,,,,Other Regualtory Sig,Functioning Properly,N,1,41.8721065,-87.7894407,ok,Partial Access Control,3,03-21-18915,2021,,15,28,50000 and OVER,9,4295,Oak Park,C,Urban InterState,,16,19,11563803,12,Cook,0,21,,,7,N,No,(UNK),202101411012,ISP,2,8.43,Y,,,,(UNK),150001,(N/A),(UNK),No Defects,1,1,InterState,1,290,X002480051,Not Toll,73,10,4,Divided With Median Barrier,3,2944036.24968855,1904886.51981593,41.87209861,-87.78943486,,Urban,1,N,(N/A),Y,(N/A)
2021,2021-04-08,Thursday,08,08:27 AM,Property Damage,No Injuries,0,0,0,0,0,2,Turning,10,N,N,Failing to Reduce Speed to Avoid Crash,Unable to Determine,Daylight,Rain,Wet,Y,,,,,Stop Sign,Functioning Properly,N,2,41.8706851,-87.7779846,ok,(UNK),1,2102039,2021,,28,18,50000 and OVER,9,4295,Oak Park,C,Urban Local Road or Street,,16,8,11241681,4,Cook,0,21,,,4,N,No,Stopped,202101103811,City,1,0,N,,,,(UNK),150133,(N/A),(UNK),No Defects,1,2,Local Road or Street,7,,X002204567,Not Toll,73,2,4,Y-Intersection,16,2947170.98129965,1904455.230596,41.87067727,-87.77797885,,Urban,2,N,(N/A),Y,(N/A)
2021,2021-04-08,Thursday,08,08:10 AM,Property Damage,No Injuries,0,0,0,0,0,3,Front to Rear,11,N,N,Distraction - From Outside Vehicle,Unable to Determine,Daylight,Rain,Wet,Y,,,,,Traffic Signal,Functioning Properly,N,2,41.8882858,-87.7846942,ok,(UNK),1,2102038,2021,,40,18,50000 and OVER,9,4295,Oak Park,C,Urban Major Collector,,16,8,11241683,4,Cook,0,21,,,4,N,No,Stopped,202101103813,City,1,0.93,N,,,,(UNK),150135,(N/A),(UNK),No Defects,1,2,Major Collector,5,2783,X002204569,Not Toll,73,3,4,Not Divided,1,2945165.32953439,1910818.41832085,41.88827791,-87.7846884,,Urban,2,N,(N/A),Y,(N/A)
2021,2021-04-09,Friday,12,12:57 PM,Property Damage,No Injuries,0,0,0,0,0,3,Front to Rear,11,N,N,Failing to Reduce Speed to Avoid Crash,Unable to Determine,Daylight,Clear,Dry,N,,,,,Traffic Signal,Functioning Properly,Y,2,41.8658964,-87.7839882,ok,(UNK),1,2102060,2021,,28,18,50000 and OVER,9,4295,Oak Park,C,Urban Major Collector,,16,9,11241684,4,Cook,0,21,,,5,N,No,Stopped,202101103814,City,1,2.5,N,,,,(UNK),150136,(N/A),(UNK),No Defects,1,1,Major Collector,5,2783,X002204570,Not Toll,73,3,4,"Divided, No Median Barrier",2,2945584.19963517,1902664.65635963,41.86588853,-87.78398241,,Urban,1,N,(N/A),Y,(N/A)
2021,2021-12-21,Tuesday,00,00:03 AM,Property Damage,No Injuries,0,0,0,0,0,4,Sideswipe Same Direction,12,N,N,Improper Lane Usage,Failing to Reduce Speed to Avoid Crash,Darkness / Lighted Road,Clear,Dry,N,,,,,No Controls,No Controls,N,2,41.8737688,-87.804423,ok,Partial Access Control,3,03-21-19010,2021,,20,28,50000 and OVER,9,4295,Oak Park,C,Urban InterState,,16,21,11564148,12,Cook,0,21,,,2,N,No,(UNK),202101411331,ISP,5,21.59,Y,,,,(UNK),150160,(N/A),(UNK),No Defects,1,1,InterState,1,9290,X002480378,Not Toll,73,1,1,Divided With Median Barrier,3,2939938.77404227,1905379.57688243,41.87376092,-87.80441724,,Urban,1,N,(N/A),Y,(N/A)