crash_year,crash_date,day_of_week,crash_hour,time_of_crash,crash_severity,crash_injury_severity,total_injured,total_fatals,a_injuries,b_injuries,c_injuries,no_injuries,type_of_first_crash,collision_type_code,pedestrian_involved,pedalcyclist_involved,cause1,cause2,lighting_cond,weather_cond,road_surface_cond,intersection_related,is_intersection,highway_or_street_name,at_intersection_with,address_no,traffic_control_device,traffic_control_device_cond,hit_and_run,number_of_vehicles,latitude,longitude,location_status,access_control,agency_code,agency_report_number,agency_report_year,alignment_code,cause1_code,cause2_code,city_class,city_class_code,city_code,city_name,city_township_flag,class_of_trafficway,class_of_trafficway_code,county_code,crash_day,crash_id,crash_month,crash_report_county,crash_severity_cd,crash_yr_source,damaged_property1,damaged_property2,day_of_week_code,did_crash_occur_in_work_zone,did_involve_secondary_crash,flow_condition,icn,investigating_agency_descrip,light_condition_code,mile_station,nhs,non_intersection_direction,non_intersection_distance,non_intersection_units,number_of_lanes,objectid,railroad_crossing_number,road_alignment,road_defects,road_defects_code,road_surface_condition_code,roadway_functional_class,roadway_functional_class_code,route_number,sfe,toll,township,traffic_control_device_code,traffic_control_device_cond_code,trafficway_descrip,trafficway_description_code,ts_crash_coordinate_x,ts_crash_coordinate_y,ts_crash_latitude,ts_crash_longitude,type_report,urban_rural,weather_code,were_workers_present,work_zone,work_zone_related,work_zone_type
2021,2021-12-18,Saturday,14,02:37 PM,Property Damage,No Injuries,0,0,0,0,0,2,Front to Rear,11,N,N,Failing to Reduce Speed to Avoid Crash,Unable to Determine,Daylight,Clear,Dry,N,,,,,No Controls,No Controls,Y,2,41.8704892,-87.8043962,ok,(UNK),1,2107879,2021,,28,18,50000 and OVER,9,4295,Oak Park,C,Urban Other Principal Arte,,16,18,11564371,12,Cook,0,21,,,6,N,No,Free Flow,202101411538,City,1,25.39,Y,,,,(UNK),151214,(N/A),(UNK),No Defects,1,1,Other Principal Arterial,3,5043,X002480466,Not Toll,73,1,1,"Divided, No Median Barrier",2,2939978.98688895,1904184.6471772,41.87048136,-87.80439042,,Urban,1,N,(N/A),Y,(N/A)
2021,2021-12-19,Sunday,13,01:30 PM,Property Damage,No Injuries,0,0,0,0,0,2,Sideswipe Same Direction,12,N,N,Improper Overtaking/Passing,Unable to Determine,Daylight,Clear,Dry,N,,,,,No Controls,No Controls,Y,2,41.8844908,-87.7943914,ok,(UNK),1,2107927,2021,,4,18,50000 and OVER,9,4295,Oak Park,C,Urban Major Collector,,16,19,11564426,12,Cook,0,21,,,7,N,No,Free Flow,202101411599,City,1,5.82,N,,,,(UNK),151513,(N/A),(UNK),No Defects,1,1,Major Collector,5,2775,X002480572,Not Toll,73,1,1,Not Divided,1,2942562.98815549,1909362.28849341,41.88448299,-87.79438561,,Urban,1,N,(N/A),Y,(N/A)
2021,2021-10-16,Saturday,14,02:00 PM,Property Damage,No Injuries,0,0,0,0,0,2,Front to Rear,11,N,N,Failing to Reduce Speed to Avoid Crash,Unable to Determine,Daylight,Clear,Dry,Y,,,,,Stop Sign,Functioning Properly,Y,2,41.8981538,-87.7898803,ok,(UNK),1,2106531,2021,,28,18,50000 and OVER,9,4295,Oak Park,C,Urban Local Road or Street,,16,16,11485160,10,Cook,0,21,,,6,N,No,Free Flow,202101334850,City,1,0,N,,,,(UNK),151735,(N/A),(UNK),No Defects,1,1,Local Road or Street,7,,X002412361,Not Toll,73,2,4,Not Divided,1,2943653.46049109,1914375.33845458,41.89814594,-87.78987451,,Urban,1,N,(N/A),Y,(N/A)
2021,2021-10-15,Friday,02,02:00 AM,Property Damage,No Injuries,0,0,0,0,0,2,Front to Rear,11,N,N,Failing to Reduce Speed to Avoid Crash,Following Too Closely,Darkness / Lighted Road,Clear,Dry,N,,,,,Other,Functioning Properly,Y,2,41.8737608,-87.804327,ok,Partial Access Control,3,03-21-15496,2021,,28,3,50000 and OVER,9,4295,Oak Park,C,Urban InterState,,16,15,11484611,10,Cook,0,21,,,5,N,No,(UNK),202101334313,ISP,5,21.59,Y,,,,(UNK),152512,(N/A),(UNK),No Defects,1,1,InterState,1,9290,X002411892,Not Toll,73,13,4,Divided With Median Barrier,3,2939965.01276255,1905377.39174904,41.87375295,-87.8043212,,Urban,1,N,(N/A),Y,(N/A)
2021,2021-04-09,Friday,09,09:30 AM,Property Damage,No Injuries,0,0,0,0,0,1,Parked Motor Vehicle,9,N,N,Improper Lane Usage,Failing to Reduce Speed to Avoid Crash,Daylight,Clear,Dry,Y,,,,,No Controls,No Controls,N,2,41.8946279,-87.7799856,ok,(UNK),1,2102066,2021,,20,28,50000 and OVER,9,4295,Oak Park,C,Urban Minor Arterial,,16,9,11243673,4,Cook,0,21,,,5,N,No,Free Flow,202101105108,City,1,0,N,,,,(UNK),153268,(N/A),(UNK),No Defects,1,1,Minor Arterial,4,,X002207140,Not Toll,73,1,1,Not Divided,1,2946383.19106136,1913165.24696844,41.89462001,-87.77997976,,Urban,1,N,(N/A),Y,(N/A)
2021,2021-04-11,Sunday,20,08:44 PM,Property Damage,No Injuries,0,0,0,0,0,2,Angle,15,N,N,Failing to Yield Right of Way,(N/A),Darkness / Lighted Road,Clear,Dry,Y,,,,,No Controls,No Controls,N,2,41.8814705,-87.8015567,ok,(UNK),1,2102105,2021,,2,99,50000 and OVER,9,4295,Oak Park,C,Urban Major Collector,,16,11,11243680,4,Cook,0,21,,,7,N,No,(UNK),202101105109,City,5,0.16,N,,,,(UNK),153269,(N/A),(UNK),No Defects,1,1,Major Collector,5,5,X002207144,Not Toll,73,1,1,Not Divided,1,2940642.09562574,1908207.71836834,41.88146261,-87.80155086,,Urban,1,N,(N/A),Y,(N/A)
2021,2021-04-12,Monday,12,12:48 PM,Property Damage,No Injuries,0,0,0,0,0,2,Angle,15,N,N,Failing to Yield Right of Way,Driving Skills/Knowledge/Experience,Daylight,Cloudy/Overcast,Dry,Y,,,,,Stop Sign,Functioning Properly,N,2,41.8980356,-87.796247,ok,(UNK),1,2102116,2021,,2,15,50000 and OVER,9,4295,Oak Park,C,Urban Local Road or Street,,16,12,11243685,4,Cook,0,21,,,1,N,No,Free Flow,202101105114,City,1,0,N,,,,(UNK),153271,(N/A),(UNK),No Defects,1,1,Local Road or Street,7,,X002207149,Not Toll,73,2,4,Not Divided,1,2941921.25318945,1914284.29766493,41.89802779,-87.79624115,,Urban,8,N,(N/A),Y,(N/A)
2021,2021-04-09,Friday,18,06:43 PM,Property Damage,No Injuries,0,0,0,0,0,1,Fixed Object,6,N,N,Driving Skills/Knowledge/Experience,(N/A),Daylight,Clear,Dry,N,,,,,No Controls,No Controls,N,1,41.8915249,-87.8051409,ok,(UNK),1,2100342,2021,,15,99,50000 and OVER,9,4295,Oak Park,C,Urban Other Principal Arte,,16,9,11243696,4,Cook,0,21,STREET LIGHT POLE,,5,N,No,Free Flow,202101105122,City,1,18.85,Y,,,,(UNK),153367,(N/A),(UNK),No Defects,1,1,Other Principal Arterial,3,348,X002207153,Not Toll,73,1,1,"Divided, No Median Barrier",2,2939565.10235745,1911844.86797269,41.8915171,-87.8051351,,Urban,1,N,(N/A),Y,(N/A)
2021,2021-04-13,Tuesday,19,07:20 PM,Property Damage,No Injuries,0,0,0,0,0,2,Front to Rear,11,N,N,Failing to Reduce Speed to Avoid Crash,Following Too Closely,Dusk,Clear,Dry,N,,,,,No Controls,No Controls,Y,2,41.8778173,-87.8046558,ok,(UNK),1,21-01160,2021,,28,3,50000 and OVER,9,4295,Oak Park,C,Urban Other Principal Arte,,16,13,11244468,4,Cook,0,21,,,2,N,No,Free Flow,202101105871,City,3,25.9,Y,,,,(UNK),154570,(N/A),(UNK),No Defects,1,1,Other Principal Arterial,3,5043,X002207937,Not Toll,73,1,1,"Divided, No Median Barrier",2,2939834.76090978,1906853.19219043,41.87780947,-87.80464998,,Urban,1,N,(N/A),Y,(N/A)
2021,2021-04-07,Wednesday,09,09:30 AM,Property Damage,No Injuries,0,0,0,0,0,2,Front to Rear,11,N,N,Following Too Closely,Failing to Reduce Speed to Avoid Crash,Daylight,Clear,Dry,N,,,,,Traffic Signal,Functioning Properly,N,2,41.8712473,-87.7746606,ok,Partial Access Control,3,03-21-04582,2021,,3,28,50000 and OVER,9,4295,Oak Park,C,Urban InterState,,16,7,11244029,4,Cook,0,21,,,3,N,No,(UNK),202101105416,ISP,1,23.07,Y,,,,(UNK),154698,(N/A),(UNK),No Defects,1,1,InterState,1,9290,X002207528,Not Toll,73,3,4,Divided With Median Barrier,3,2948070.65855947,1904685.31196629,41.87123942,-87.77465485,,Urban,1,N,(N/A),Y,(N/A)
2021,2021-12-16,Thursday,19,07:45 PM,Property Damage,No Injuries,0,0,0,0,0,4,Front to Rear,11,N,N,Failing to Reduce Speed to Avoid Crash,Improper Overtaking/Passing,Darkness / Lighted Road,Clear,Dry,N,,,,,No Controls,No Controls,Y,3,41.8713404,-87.7761231,ok,Partial Access Control,3,03-21-18779,2021,,28,4,50000 and OVER,9,4295,Oak Park,C,Urban InterState,,16,16,11566597,12,Cook,0,21,,,4,N,No,(UNK),202101414072,ISP,5,23,Y,,,,(UNK),155649,(N/A),(UNK),No Defects,1,1,InterState,1,9290,X002482539,Not Toll,73,1,1,Divided With Median Barrier,3,2947671.37919419,1904708.14326288,41.87133253,-87.77611729,,Urban,1,N,(N/A),Y,(N/A)
2021,2021-04-12,Monday,09,09:05 AM,Property Damage,No Injuries,0,0,0,0,0,5,Front to Rear,11,N,N,Failing to Reduce Speed to Avoid Crash,(N/A),Daylight,Clear,Dry,N,,,,,Traffic Signal,Functioning Properly,N,2,41.886884,-87.7943106,ok,(UNK),1,2102133,2021,,28,99,50000 and OVER,9,4295,Oak Park,C,Urban Local Road or Street,,16,12,11245041,4,Cook,0,21,,,1,N,No,Stopped,202101106436,City,1,0.53,N,,,,(UNK),155914,(N/A),(UNK),No Defects,1,1,Local Road or Street,7,3036,X002208190,Not Toll,73,3,4,Not Divided,1,2942560.8819592,1910235.00457161,41.88687614,-87.79430476,,Urban,1,N,(N/A),Y,(N/A)
2021,2021-04-13,Tuesday,17,05:09 PM,Property Damage,No Injuries,0,0,0,0,0,4,Angle,15,N,N,Vision Obscured,Failing to Yield Right of Way,Daylight,Clear,Dry,Y,,,,,Stop Sign,Functioning Properly,N,2,41.8944579,-87.7912956,ok,(UNK),1,2102147,2021,,14,2,50000 and OVER,9,4295,Oak Park,C,Urban Minor Arterial,,16,13,11245160,4,Cook,0,21,,,2,N,No,Free Flow,202101106561,City,1,0,N,,,,(UNK),156454,(N/A),(UNK),No Defects,1,1,Minor Arterial,4,,X002208562,Not Toll,73,2,4,"Divided, No Median Barrier",2,2943305.45115235,1913017.79125316,41.89445001,-87.79128976,,Urban,1,N,(N/A),Y,(N/A)
2021,2021-04-02,Friday,17,05:40 PM,Property Damage,No Injuries,0,0,0,0,0,2,Sideswipe Same Direction,12,N,N,Improper Lane Usage,Failing to Reduce Speed to Avoid Crash,Daylight,Clear,Dry,N,,,,,No Controls,No Controls,N,2,41.8734603,-87.8042199,ok,Partial Access Control,3,03-21-04897,2021,,20,28,50000 and OVER,9,4295,Oak Park,C,Urban InterState,,16,2,11244781,4,Cook,0,21,,,5,N,No,(UNK),202101106161,ISP,1,7.71,Y,,,,(UNK),156998,(N/A),(UNK),No Defects,1,1,InterState,1,290,X002208237,Not Toll,,1,1,Divided With Median Barrier,3,2939997.19866523,1905268.68770602,41.87345245,-87.8042141,,Urban,1,N,(N/A),Y,(N/A)
2021,2021-04-15,Thursday,02,02:58 AM,Property Damage,No Injuries,0,0,0,0,0,2,Front to Rear,11,N,N,Under Influence of Alcohol/Drugs,Failing to Reduce Speed to Avoid Crash,Darkness / Lighted Road,Clear,Dry,Y,,,,,Traffic Signal,Functioning Properly,N,2,41.8736416,-87.8045258,ok,Partial Access Control,1,21-01168,2021,,8,28,50000 and OVER,9,4295,Oak Park,C,Urban InterState,,16,15,11245735,4,Cook,0,21,,,4,N,No,Free Flow,202101107144,City,5,25.61,Y,,,,(UNK),157421,(N/A),(UNK),No Defects,1,1,InterState,1,5043,X002209104,Not Toll,73,3,4,Divided With Median Barrier,3,2939912.062394,1905332.46992192,41.87363377,-87.80452,,Urban,1,N,(N/A),Y,(N/A)
2021,2021-10-17,Sunday,14,02:45 PM,Property Damage,No Injuries,0,0,0,0,0,5,Sideswipe Same Direction,12,N,N,Physical Condition of Driver,Improper Lane Usage,Daylight,Clear,Dry,N,,,,,No Controls,No Controls,N,3,41.8735263,-87.8048877,ok,Partial Access Control,3,03-21-15378,2021,,17,20,50000 and OVER,9,4295,Oak Park,C,Urban InterState,,16,17,11486308,10,Cook,0,21,,,7,N,No,(UNK),202101335892,ISP,1,7.69,Y,,,,(UNK),157677,(N/A),(UNK),No Defects,1,1,InterState,1,290,X002413473,Not Toll,,1,1,Divided With Median Barrier,3,2939814.66231194,1905287.74976106,41.8735185,-87.80488185,,Urban,1,N,(N/A),Y,(N/A)
2021,2021-07-30,Friday,16,04:54 PM,Property Damage,No Injuries,0,0,0,0,0,3,Angle,15,N,N,Failing to Yield Right of Way,Failing to Reduce Speed to Avoid Crash,Daylight,Clear,Dry,Y,,,,,Stop Sign,Functioning Properly,N,2,41.8945877,-87.7832615,ok,(UNK),1,2104649,2021,,2,28,50000 and OVER,9,4295,Oak Park,C,Urban Minor Arterial,,16,30,11380240,7,Cook,0,21,,,5,N,No,Stopped,202101238457,City,1,0,N,,,,(UNK),157918,(N/A),(UNK),No Defects,1,1,Minor Arterial,4,,X002323421,Not Toll,73,2,4,Not Divided,1,2945491.62419801,1913125.78890443,41.89457981,-87.78325573,,Urban,1,N,(N/A),Y,(N/A)
2021,2021-07-30,Friday,22,10:22 PM,Injury,C Injury Crash,1,0,0,0,1,2,Turning,10,N,N,Improper Turning/No Signal,Disregarding Stop Sign,Darkness / Lighted Road,Clear,Dry,N,,,,,Stop Sign,Functioning Properly,Y,2,41.903812,-87.7827797,ok,(UNK),1,2104653,2021,,6,23,50000 and OVER,9,4295,Oak Park,C,Urban Local Road or Street,,16,30,11380241,7,Cook,1,21,,,5,N,No,Free Flow,202101238458,City,5,0,N,,,,(UNK),157919,(N/A),(UNK),No Defects,1,1,Local Road or Street,7,,X002323430,Not Toll,73,2,4,Not Divided,1,2945529.3675914,1916490.95348785,41.90380411,-87.78277387,,Urban,1,N,(N/A),Y,(N/A)
2021,2021-07-31,Saturday,15,03:35 PM,Injury,B Injury Crash,1,0,0,1,0,2,Front to Rear,11,N,N,Failing to Reduce Speed to Avoid Crash,Following Too Closely,Daylight,Cloudy/Overcast,Dry,N,,,,,No Controls,No Controls,N,3,41.8799239,-87.7819244,ok,(UNK),1,2104666,2021,,28,3,50000 and OVER,9,4295,Oak Park,C,Urban Minor Arterial,,16,31,11380242,7,Cook,2,21,,,6,N,Yes,Free Flow,202101238459,City,1,4.25,N,,,,(UNK),157920,(N/A),(UNK),No Defects,1,1,Minor Arterial,4,1419,X002323432,Not Toll,73,1,1,Not Divided,1,2946004.26829188,1907792.16535347,41.87991607,-87.78191865,,Urban,8,N,(N/A),Y,(N/A)
2021,2021-08-01,Sunday,07,07:42 AM,Property Damage,No Injuries,0,0,0,0,0,1,Parked Motor Vehicle,9,N,N,Failing to Reduce Speed to Avoid Crash,Driving Skills/Knowledge/Experience,Daylight,Clear,Dry,N,,,,,No Controls,No Controls,Y,2,,,missing,(UNK),1,2104678,2021,,28,15,50000 and OVER,9,4295,Oak Park,C,(UNK),8,16,1,11380243,8,Cook,0,21,,,7,N,No,Free Flow,202101238460,City,1,0,N,,,,(UNK),157921,(N/A),(UNK),No Defects,1,1,(UNK),0,0,X002323439,No Toll,,1,1,Alley,12,0,0,,,,(UNK),1,N,(N/A),Y,(N/A)
2021,2021-08-02,Monday,08,08:41 AM,Property Damage,No Injuries,0,0,0,0,0,1,Parked Motor Vehicle,9,N,N,Improper Backing,Failing to Reduce Speed to Avoid Crash,Daylight,Clear,Dry,N,,,,,No Controls,No Controls,Y,2,41.8903642,-87.805107,ok,(UNK),1,2104697,2021,,30,28,50000 and OVER,9,4295,Oak Park,C,Urban Other Principal Arte,,16,2,11380246,8,Cook,0,21,,,1,N,No,Stopped,202101238463,City,1,18.93,Y,,,,(UNK),157922,(N/A),(UNK),No Defects,1,1,Other Principal Arterial,3,348,X002323444,Not Toll,73,1,1,Parking Lot,7,2939585.96964247,1911422.13462288,41.89035639,-87.80510124,,Urban,1,N,(N/A),Y,(N/A)
2021,2021-10-22,Friday,09,09:00 AM,Property Damage,No Injuries,0,0,0,0,0,2,Front to Rear,11,N,N,Following Too Closely,Failing to Reduce Speed to Avoid Crash,Daylight,Clear,Dry,N,,,,,Other,Functioning Properly,N,2,41.8734362,-87.803969,ok,Partial Access Control,3,03-21-15639,2021,,3,28,50000 and OVER,9,4295,Oak Park,C,Urban InterState,,16,22,11485575,10,Cook,0,21,,,5,N,No,(UNK),202101335194,ISP,1,7.73,Y,,,,(UNK),158300,(N/A),(UNK),No Defects,1,1,InterState,1,290,X002412772,Not Toll,,13,4,Divided With Median Barrier,3,2940065.78360188,1905261.8015112,41.87342839,-87.80396318,,Urban,1,N,(N/A),Y,(N/A)
2021,2021-10-23,Saturday,01,01:11 AM,Property Damage,No Injuries,0,0,0,0,0,4,Turning,10,N,N,Failing to Yield Right of Way,Failing to Reduce Speed to Avoid Crash,Darkness / Lighted Road,Clear,Dry,Y,,,,,Stop Sign,Functioning Properly,N,2,41.8820672,-87.7779807,ok,(UNK),1,2106582,2021,,2,28,50000 and OVER,9,4295,Oak Park,C,Urban Major Collector,,16,23,11486113,10,Cook,0,21,,,6,N,No,Free Flow,202101335710,City,5,0,N,,,,(UNK),158832,(N/A),(UNK),No Defects,1,1,Major Collector,5,,X002413288,Not Toll,73,2,4,Not Divided,1,2947056.5687844,1908603.11419363,41.88205938,-87.77797486,,Urban,1,N,(N/A),Y,(N/A)
2021,2021-07-30,Friday,16,04:28 PM,Property Damage,No Injuries,0,0,0,0,0,2,Front to Rear,11,N,N,Following Too Closely,Failing to Reduce Speed to Avoid Crash,Daylight,Clear,Dry,N,,,,,Delineators,Functioning Properly,N,2,41.8736867,-87.8034958,ok,Partial Access Control,3,03-21-10932,2021,,3,28,50000 and OVER,9,4295,Oak Park,C,Urban InterState,,16,30,11379405,7,Cook,0,21,,,5,N,No,(UNK),202101237827,ISP,1,21.63,Y,,,,(UNK),158961,(N/A),(UNK),No Defects,1,1,InterState,1,9290,X002322936,Not Toll,73,14,4,Divided With Median Barrier,3,2940192.14300145,1905356.64244357,41.8736789,-87.80349001,,Urban,1,N,(N/A),Y,(N/A)
2021,2021-07-29,Thursday,11,11:59 AM,Property Damage,No Injuries,0,0,0,0,0,2,Front to Rear,11,N,N,Failing to Reduce Speed to Avoid Crash,Unable to Determine,Daylight,Clear,Dry,N,,,,,No Controls,No Controls,N,2,41.8857261,-87.8021382,ok,(UNK),1,2104617,2021,,28,18,50000 and OVER,9,4295,Oak Park,C,Urban Local Road or Street,,16,29,11379622,7,Cook,0,21,,,4,N,No,Free Flow,202101237961,City,1,0.02,N,,,,(UNK),159781,(N/A),(UNK),No Defects,1,1,Local Road or Street,7,3020,X002320222,Not Toll,73,1,1,Not Divided,1,2940440.97125625,1909754.18528632,41.88571825,-87.8021324,,Urban,1,N,(N/A),Y,(N/A)
2021,2021-04-02,Friday,15,03:20 PM,Property Damage,No Injuries,0,0,0,0,0,2,Turning,10,N,N,Improper Turning/No Signal,(N/A),Daylight,Clear,Dry,Y,,,,,Traffic Signal,Functioning Properly,N,2,41.865032,-87.8042159,ok,(UNK),1,21-02902,2021,,6,99,50000 and OVER,9,4295,Oak Park,C,Urban Other Principal Arte,,16,2,11246585,4,Cook,0,21,,,5,N,No,Free Flow,202101107462,City,1,25.01,Y,,,,(UNK),160424,(N/A),(UNK),No Defects,1,1,Other Principal Arterial,3,5043,X002209357,Not Toll,52,3,4,"Divided, No Median Barrier",2,2940082.85490765,1902197.29725297,41.86502415,-87.80421013,,Urban,1,N,(N/A),Y,(N/A)
2021,2021-04-15,Thursday,13,01:30 PM,Property Damage,No Injuries,0,0,0,0,0,3,Front to Rear,11,N,N,Failing to Reduce Speed to Avoid Crash,Following Too Closely,Daylight,Clear,Dry,Y,,,,,Traffic Signal,Functioning Properly,Y,2,41.8736415,-87.8045249,ok,Partial Access Control,1,21-01171,2021,,28,3,50000 and OVER,9,4295,Oak Park,C,Urban InterState,,16,15,11246994,4,Cook,0,21,,,4,N,No,Stopped,202101107942,City,1,25.61,Y,,,,(UNK),160452,(N/A),(UNK),No Defects,1,1,InterState,1,5043,X002209737,Not Toll,73,3,4,Divided With Median Barrier,3,2939912.3126145,1905332.43633812,41.87363366,-87.80451909,,Urban,1,N,(N/A),Y,(N/A)
2021,2021-04-14,Wednesday,19,07:26 PM,Injury,C Injury Crash,1,0,0,0,1,3,Front to Front,14,N,N,Driving On Wrong Side/Wrong Way,Unable to Determine,Darkness / Lighted Road,Clear,Dry,N,,,,,No Controls,No Controls,Y,2,41.8799983,-87.7848089,ok,(UNK),1,2102167,2021,,5,18,50000 and OVER,9,4295,Oak Park,C,Urban Minor Arterial,,16,14,11247407,4,Cook,1,21,,,3,N,No,Free Flow,202101108347,City,5,0,N,,,,(UNK),160639,(N/A),(UNK),No Defects,1,1,Minor Arterial,4,,X002209928,Not Toll,73,1,1,Not Divided,1,2945217.9665271,1907797.45103577,41.87999047,-87.78480309,,Urban,1,N,(N/A),Y,(N/A)
2021,2021-04-14,Wednesday,14,02:53 PM,Property Damage,No Injuries,0,0,0,0,0,2,Front to Rear,11,N,N,Failing to Reduce Speed to Avoid Crash,Following Too Closely,Daylight,Clear,Dry,N,,,,,No Controls,No Controls,N,2,41.8705932,-87.7767451,ok,(UNK),1,2102161,2021,,28,3,50000 and OVER,9,4295,Oak Park,C,Urban Local Road or Street,,16,14,11247409,4,Cook,0,21,,,3,N,No,Stopped,202101108349,City,1,0,N,,,,(UNK),160640,(N/A),(UNK),No Defects,1,1,Local Road or Street,7,,X002209930,Not Toll,73,1,1,Not Divided,1,2947509.53284775,1904431.13561691,41.87058535,-87.77673934,,Urban,1,N,(N/A),Y,(N/A)
2021,2021-03-28,Sunday,21,09:19 PM,Injury,B Injury Crash,1,0,0,1,0,1,Sideswipe Same Direction,12,N,N,Improper Lane Usage,Failing to Yield Right of Way,Darkness / Lighted Road,Clear,Dry,N,,,,,No Controls,No Controls,N,2,41.8867546,-87.8049568,ok,(UNK),1,2101818,2021,,20,2,50000 and OVER,9,4295,Oak Park,C,Urban Other Principal Arte,,16,28,11247411,3,Cook,2,21,,,7,N,No,Free Flow,202101108351,City,5,26.51,Y,,,,(UNK),160641,(N/A),(UNK),No Defects,1,1,Other Principal Arterial,3,5043,X002210114,Not Toll,73,1,1,"Divided, No Median Barrier",2,2939663.09303939,1910107.84179192,41.88674675,-87.80495104,,Urban,1,N,(N/A),Y,(N/A)
2021,2021-12-18,Saturday,14,02:35 PM,Property Damage,No Injuries,0,0,0,0,0,2,Front to Rear,11,N,N,Improper Overtaking/Passing,Following Too Closely,Daylight,Clear,Dry,N,,,,,Other,Functioning Properly,Y,2,41.8737684,-87.8044225,ok,Partial Access Control,3,03-21-18926,2021,,4,3,50000 and OVER,9,4295,Oak Park,C,Urban InterState,,16,18,11566862,12,Cook,0,21,,,6,N,No,(UNK),202101414336,ISP,1,21.59,Y,,,,(UNK),160776,(N/A),(UNK),No Defects,1,1,InterState,1,9290,X002482797,Not Toll,73,13,4,Divided With Median Barrier,3,2939938.93513145,1905379.43771999,41.87376053,-87.80441667,,Urban,1,N,(N/A),Y,(N/A)
2021,2021-10-21,Thursday,14,02:50 PM,Property Damage,No Injuries,0,0,0,0,0,2,Sideswipe Same Direction,12,N,N,Failing to Yield Right of Way,Improper Overtaking/Passing,Daylight,Clear,Dry,N,,,,,No Controls,No Controls,N,2,41.8756025,-87.8045847,ok,(UNK),1,21-03163,2021,,2,4,50000 and OVER,9,4295,Oak Park,C,Urban Other Principal Arte,,16,21,11487416,10,Cook,0,21,,,4,N,No,Free Flow,202101336988,City,1,19.96,Y,,,,(UNK),160951,(N/A),(UNK),No Defects,1,1,Other Principal Arterial,3,348,X002414539,Not Toll,73,1,1,"Divided, No Median Barrier",2,2939876.35648277,1906046.62607301,41.8755947,-87.80457886,,Urban,1,N,(N/A),Y,(N/A)
2021,2021-04-01,Thursday,18,06:04 PM,Property Damage,No Injuries,0,0,0,0,0,2,Front to Rear,11,N,N,Following Too Closely,Failing to Reduce Speed to Avoid Crash,Darkness / Lighted Road,Clear,Dry,N,,,,,Delineators,Functioning Properly,N,2,41.8737597,-87.8043311,ok,Partial Access Control,3,03-21-04670,2021,,3,28,50000 and OVER,9,4295,Oak Park,C,Urban InterState,,16,1,11247510,4,Cook,0,21,,,4,N,No,(UNK),202101108458,ISP,5,21.59,Y,,,,(UNK),161247,(N/A),(UNK),No Defects,1,1,InterState,1,9290,X002210213,Not Toll,73,14,4,Divided With Median Barrier,3,2939963.91532977,1905376.96167558,41.87375185,-87.80432527,,Urban,1,N,(N/A),Y,(N/A)
2021,2021-10-23,Saturday,15,03:10 PM,Property Damage,No Injuries,0,0,0,0,0,2,Sideswipe Same Direction,12,N,N,Improper Lane Usage,Unable to Determine,Daylight,Clear,Dry,Y,,,,,No Controls,No Controls,Y,2,41.8832478,-87.8048574,ok,(UNK),1,21-03197,2021,,20,18,50000 and OVER,9,4295,Oak Park,C,Urban Other Principal Arte,,16,23,11487656,10,Cook,0,21,,,6,N,No,Free Flow,202101337243,City,1,26.27,Y,,,,(UNK),162157,(N/A),(UNK),No Defects,1,1,Other Principal Arterial,3,5043,X002414767,Not Toll,73,1,1,"Divided, No Median Barrier",2,2939725.36388665,1908830.65506479,41.88323997,-87.80485159,,Urban,1,N,(N/A),Y,(N/A)
2021,2021-10-23,Saturday,19,07:20 PM,Property Damage,No Injuries,0,0,0,0,0,3,Front to Rear,11,N,N,Following Too Closely,Failing to Reduce Speed to Avoid Crash,Darkness / Lighted Road,Clear,Dry,Y,,,,,Traffic Signal,Functioning Properly,N,2,41.8650351,-87.804216,ok,(UNK),1,21-03191,2021,,3,28,50000 and OVER,9,4295,Oak Park,C,Urban Other Principal Arte,,16,23,11487657,10,Cook,0,21,,,6,N,No,Slow,202101337244,City,5,25.01,Y,,,,(UNK),162158,(N/A),(UNK),No Defects,1,1,Other Principal Arterial,3,5043,X002414768,Not Toll,52,3,4,"Divided, No Median Barrier",2,2940082.7987998,1902198.41457166,41.86502722,-87.80421022,,Urban,1,N,(N/A),Y,(N/A)
2021,2021-10-22,Friday,22,10:20 PM,Property Damage,No Injuries,0,0,0,0,0,2,Front to Rear,11,N,N,Following Too Closely,(N/A),Darkness / Lighted Road,Clear,Dry,N,,,,,Delineators,Functioning Properly,N,2,41.871935,-87.7840733,ok,Partial Access Control,3,03-21-01567,2021,,3,99,50000 and OVER,9,4295,Oak Park,C,Urban InterState,,16,22,11488041,10,Cook,0,21,,,5,N,No,(UNK),202101337657,ISP,5,22.6,Y,,,,(UNK),162419,(N/A),(UNK),No Defects,1,1,InterState,1,9290,X002415138,Not Toll,73,14,4,Divided With Median Barrier,3,2945499.91171712,1904864.60683506,41.87192719,-87.78406749,,Urban,1,N,(N/A),Y,(N/A)