crash_year,crash_date,day_of_week,crash_hour,time_of_crash,crash_severity,crash_injury_severity,total_injured,total_fatals,a_injuries,b_injuries,c_injuries,no_injuries,type_of_first_crash,collision_type_code,pedestrian_involved,pedalcyclist_involved,cause1,cause2,lighting_cond,weather_cond,road_surface_cond,intersection_related,is_intersection,highway_or_street_name,at_intersection_with,address_no,traffic_control_device,traffic_control_device_cond,hit_and_run,number_of_vehicles,latitude,longitude,location_status,access_control,agency_code,agency_report_number,agency_report_year,alignment_code,cause1_code,cause2_code,city_class,city_class_code,city_code,city_name,city_township_flag,class_of_trafficway,class_of_trafficway_code,county_code,crash_day,crash_id,crash_month,crash_report_county,crash_severity_cd,crash_yr_source,damaged_property1,damaged_property2,day_of_week_code,did_crash_occur_in_work_zone,did_involve_secondary_crash,flow_condition,icn,investigating_agency_descrip,light_condition_code,mile_station,nhs,non_intersection_direction,non_intersection_distance,non_intersection_units,number_of_lanes,objectid,railroad_crossing_number,road_alignment,road_defects,road_defects_code,road_surface_condition_code,roadway_functional_class,roadway_functional_class_code,route_number,sfe,toll,township,traffic_control_device_code,traffic_control_device_cond_code,trafficway_descrip,trafficway_description_code,ts_crash_coordinate_x,ts_crash_coordinate_y,ts_crash_latitude,ts_crash_longitude,type_report,urban_rural,weather_code,were_workers_present,work_zone,work_zone_related,work_zone_type
2021,2021-08-02,Monday,07,07:00 AM,Property Damage,No Injuries,0,0,0,0,0,1,Fixed Object,6,N,N,Failing to Reduce Speed to Avoid Crash,(N/A),Daylight,Clear,Dry,N,,,,,Other,No Controls,N,1,41.8926692,-87.7783223,ok,(UNK),1,2104705,2021,,28,99,50000 and OVER,9,4295,Oak Park,C,Urban Local Road or Street,,16,2,11381114,8,Cook,0,21,TREE,,1,N,No,Free Flow,202101239236,City,1,0.39,N,,,,(UNK),163160,(N/A),(UNK),No Defects,1,1,Local Road or Street,7,2613,X002324122,Not Toll,73,13,1,Not Divided,1,2946855.92407672,1912464.06761105,41.89266131,-87.77831655,,Urban,1,N,(N/A),Y,(N/A)
2021,2021-08-01,Sunday,21,09:00 PM,Property Damage,No Injuries,0,0,0,0,0,3,Front to Rear,11,N,N,Improper Overtaking/Passing,Failing to Reduce Speed to Avoid Crash,Darkness / Lighted Road,Clear,Dry,N,,,,,No Controls,No Controls,N,3,41.8776285,-87.7745776,ok,(UNK),1,2104675,2021,,4,28,50000 and OVER,9,4295,Oak Park,C,Urban Minor Arterial,,16,1,11381123,8,Cook,0,21,,,7,N,Yes,Slow,202101239240,City,5,7.85,N,,,,(UNK),163194,(N/A),(UNK),No Defects,1,1,Minor Arterial,4,2790,X002324121,Not Toll,,1,1,"Divided, No Median Barrier",2,2948028.43562363,1907011.39269203,41.87762068,-87.7745718,,Urban,1,N,(N/A),Y,(N/A)
2021,2021-08-02,Monday,16,04:26 PM,Injury,C Injury Crash,1,0,0,0,1,1,Turning,10,N,N,Failing to Yield Right of Way,(N/A),Daylight,Cloudy/Overcast,Dry,Y,,,,,Stop Sign,Functioning Properly,N,2,41.8854023,-87.8049145,ok,(UNK),1,2104706,2021,,2,99,50000 and OVER,9,4295,Oak Park,C,Urban Other Principal Arte,,16,2,11381390,8,Cook,1,21,,,1,N,No,Slow,202101239493,City,1,26.42,Y,,,,(UNK),164438,(N/A),(UNK),No Defects,1,1,Other Principal Arterial,3,5043,X002324473,Not Toll,73,2,4,"Divided, No Median Barrier",2,2939688.18062392,1909615.35965009,41.88539446,-87.80490874,,Urban,8,N,(N/A),Y,(N/A)
2021,2021-08-02,Monday,20,08:33 PM,Property Damage,No Injuries,0,0,0,0,0,3,Turning,10,N,N,Failing to Yield Right of Way,(N/A),Darkness / Lighted Road,Clear,Dry,N,,,,,No Controls,No Controls,N,2,41.8883245,-87.7926899,ok,(UNK),1,2104711,2021,,2,99,50000 and OVER,9,4295,Oak Park,C,Urban Local Road or Street,,16,2,11381391,8,Cook,0,21,,,1,N,No,Free Flow,202101239494,City,5,0.68,N,,,,(UNK),164479,(N/A),(UNK),No Defects,1,1,Local Road or Street,7,2673,X002324476,Not Toll,73,1,1,Not Divided,1,2942987.66667636,1910772.15128259,41.88831661,-87.79268413,,Urban,1,N,(N/A),Y,(N/A)
2021,2021-08-03,Tuesday,02,02:10 AM,Injury,B Injury Crash,6,0,0,6,0,0,Front to Rear,11,N,N,Failing to Reduce Speed to Avoid Crash,(N/A),Darkness / Lighted Road,Clear,Dry,Y,,,,,Traffic Signal,Functioning Properly,N,2,41.8759848,-87.8045958,ok,(UNK),1,2104716,2021,,28,99,50000 and OVER,9,4295,Oak Park,C,Urban Other Principal Arte,,16,3,11381399,8,Cook,2,21,,,2,N,No,Slow,202101239502,City,5,25.77,Y,,,,(UNK),164484,(N/A),(UNK),No Defects,1,1,Other Principal Arterial,3,5043,X002324477,Not Toll,73,3,4,"Divided, No Median Barrier",2,2939869.49456576,1906185.86027551,41.875977,-87.80458997,,Urban,1,N,(N/A),Y,(N/A)
2021,2021-04-17,Saturday,16,04:58 PM,Property Damage,No Injuries,0,0,0,0,0,3,Rear to Side,16,N,N,Improper Backing,(N/A),Daylight,Clear,Dry,N,,,,,No Controls,No Controls,N,2,41.8873,-87.7948431,ok,(UNK),1,2102214,2021,,30,99,50000 and OVER,9,4295,Oak Park,C,Urban Local Road or Street,,16,17,11250130,4,Cook,0,21,,,6,N,No,Free Flow,202101111192,City,1,0.27,N,,,,(UNK),164569,(N/A),(UNK),No Defects,1,1,Local Road or Street,7,3005,X002212585,Not Toll,73,1,1,One-Way,10,2942411.67481704,1910382.58527846,41.88729212,-87.7948373,,Urban,1,N,(N/A),Y,(N/A)
2021,2021-04-17,Saturday,21,09:52 PM,Property Damage,No Injuries,0,0,0,0,0,6,Turning,10,N,N,Improper Overtaking/Passing,Following Too Closely,Darkness / Lighted Road,Clear,Dry,N,,,,,No Controls,No Controls,N,2,41.8650603,-87.8019493,ok,(UNK),1,21-03368,2021,,4,3,50000 and OVER,9,4295,Oak Park,C,Urban Other Principal Arte,,16,17,11249406,4,Cook,0,21,,,6,N,No,Free Flow,202101110494,City,5,6.11,Y,,,,(UNK),164639,(N/A),(UNK),No Defects,1,1,Other Principal Arterial,3,347,X002212064,Not Toll,73,1,1,Not Divided,1,2940699.99472845,1902224.63265394,41.86505249,-87.80194354,,Urban,1,N,(N/A),Y,(N/A)
2021,2021-04-16,Friday,08,08:54 AM,Property Damage,No Injuries,0,0,0,0,0,3,Front to Rear,11,N,N,Following Too Closely,(N/A),Daylight,Clear,Dry,N,,,,,No Controls,No Controls,N,2,41.8654383,-87.8042282,ok,(UNK),1,2102190,2021,,3,99,50000 and OVER,9,4295,Oak Park,C,Urban Other Principal Arte,,16,16,11249888,4,Cook,0,21,,,5,N,No,Slow,202101110944,City,1,20.66,Y,,,,(UNK),165423,(N/A),(UNK),No Defects,1,1,Other Principal Arterial,3,348,X002210998,Not Toll,73,1,1,"Divided, No Median Barrier",2,2940075.42375043,1902345.27959723,41.86543048,-87.80422244,,Urban,1,N,(N/A),Y,(N/A)
2021,2021-10-20,Wednesday,06,06:01 AM,Injury,B Injury Crash,1,0,0,1,0,1,Angle,15,N,N,Failing to Yield Right of Way,(N/A),Darkness,Clear,Dry,Y,,,,,Stop Sign,Functioning Properly,N,2,41.9018575,-87.7867458,ok,(UNK),1,2106499,2021,,2,99,50000 and OVER,9,4295,Oak Park,C,Urban Major Collector,,16,20,11489035,10,Cook,2,21,,,3,N,No,Free Flow,202101338282,City,4,0,N,,,,(UNK),166508,(N/A),(UNK),No Defects,1,1,Major Collector,5,,X002415549,Not Toll,73,2,4,"Divided, No Median Barrier",2,2944469.40297287,1915748.73139112,41.9018497,-87.78674001,,Urban,1,N,(N/A),Y,(N/A)
2021,2021-10-22,Friday,08,08:30 AM,Property Damage,No Injuries,0,0,0,0,0,2,Parked Motor Vehicle,9,N,N,Unable to Determine,Unable to Determine,Daylight,Clear,Dry,N,,,,,No Controls,No Controls,N,2,41.8725897,-87.7792716,ok,(UNK),1,2106554,2021,,18,18,50000 and OVER,9,4295,Oak Park,C,Urban Minor Collector,,16,22,11489036,10,Cook,0,21,,,5,N,Yes,Free Flow,202101338283,City,1,1.07,N,,,,(UNK),166509,(N/A),(UNK),No Defects,1,1,Minor Collector,6,3794,X002415555,Not Toll,73,1,1,Not Divided,1,2946801.13923669,1905139.54125803,41.87258186,-87.77926576,,Urban,1,N,(N/A),Y,(N/A)
2021,2021-10-22,Friday,12,12:55 PM,Property Damage,No Injuries,0,0,0,0,0,3,Turning,10,N,N,Failing to Yield Right of Way,Failing to Reduce Speed to Avoid Crash,Daylight,Clear,Dry,Y,,,,,Traffic Signal,Functioning Properly,N,2,41.8945678,-87.7848658,ok,(UNK),1,2106560,2021,,2,28,50000 and OVER,9,4295,Oak Park,C,Urban Minor Arterial,,16,22,11489038,10,Cook,0,21,,,5,N,No,Slow,202101338284,City,1,0,N,,,,(UNK),166556,(N/A),(UNK),No Defects,1,1,Minor Arterial,4,,X002415582,Not Toll,73,3,4,"Divided, No Median Barrier",2,2945055.01407694,1913106.43445202,41.89456,-87.78486002,,Urban,1,N,(N/A),Y,(N/A)
2021,2021-10-22,Friday,15,03:42 PM,Property Damage,No Injuries,0,0,0,0,0,3,Front to Rear,11,N,N,Following Too Closely,(N/A),Daylight,Clear,Dry,N,,,,,No Controls,No Controls,N,2,41.8815815,-87.7845099,ok,(UNK),1,2106567,2021,,3,99,50000 and OVER,9,4295,Oak Park,C,Urban Major Collector,,16,22,11489039,10,Cook,0,21,,,5,N,Yes,Slow,202101338285,City,1,1.41,N,,,,(UNK),166557,(N/A),(UNK),No Defects,1,1,Major Collector,5,2783,X002415588,Not Toll,73,1,1,"Divided, No Median Barrier",2,2945283.3628272,1908376.64556514,41.88157363,-87.78450413,,Urban,1,N,(N/A),Y,(N/A)
2021,2021-10-22,Friday,16,04:49 PM,Property Damage,No Injuries,0,0,0,0,0,2,Turning,10,N,N,Failing to Yield Right of Way,Failing to Reduce Speed to Avoid Crash,Daylight,Clear,Dry,N,,,,,Traffic Signal,Functioning Properly,N,2,41.8795951,-87.7844284,ok,(UNK),1,2106572,2021,,2,28,50000 and OVER,9,4295,Oak Park,C,Urban Major Collector,,16,22,11489040,10,Cook,0,21,,,5,N,No,Free Flow,202101338286,City,1,1.54,N,,,,(UNK),166558,(N/A),(UNK),No Defects,1,1,Major Collector,5,2783,X002415589,Not Toll,73,3,4,Not Divided,1,2945325.66580794,1907653.39849801,41.87958728,-87.78442262,,Urban,1,N,(N/A),Y,(N/A)
2021,2021-10-22,Friday,23,11:19 PM,Property Damage,No Injuries,0,0,0,0,0,3,Angle,15,N,N,Failing to Yield Right of Way,(N/A),Darkness / Lighted Road,Clear,Dry,N,,,,,No Controls,No Controls,N,2,41.882126,-87.7748,ok,(UNK),1,2106580,2021,,2,99,50000 and OVER,9,4295,Oak Park,C,Urban Major Collector,,16,22,11489042,10,Cook,0,21,,,5,N,No,Free Flow,202101338288,City,5,1.54,N,,,,(UNK),166559,(N/A),(UNK),No Defects,1,1,Major Collector,5,5,X002415613,Not Toll,73,1,1,Not Divided,1,2947922.16173532,1908648.67468655,41.88211817,-87.77479421,,Urban,1,N,(N/A),Y,(N/A)
2021,2021-10-22,Friday,23,11:30 PM,Injury,C Injury Crash,1,0,0,0,1,1,Turning,10,N,N,Failing to Yield Right of Way,Failing to Reduce Speed to Avoid Crash,Darkness / Lighted Road,Clear,Dry,N,,,,,Traffic Signal,Functioning Properly,N,2,41.8945678,-87.7848658,ok,(UNK),1,2106581,2021,,2,28,50000 and OVER,9,4295,Oak Park,C,Urban Minor Arterial,,16,22,11489043,10,Cook,1,21,,,5,N,No,Free Flow,202101338289,City,5,0,N,,,,(UNK),166560,(N/A),(UNK),No Defects,1,1,Minor Arterial,4,,X002415622,Not Toll,73,3,4,Four Way,14,2945055.0186435,1913106.43468893,41.89456,-87.78486,,Urban,1,N,(N/A),Y,(N/A)
2021,2021-10-24,Sunday,16,04:50 PM,Property Damage,No Injuries,0,0,0,0,0,2,Sideswipe Same Direction,12,N,N,Improper Overtaking/Passing,Unable to Determine,Daylight,Rain,Wet,N,,,,,Stop Sign,Functioning Properly,Y,2,41.8901986,-87.7960468,ok,(UNK),1,2106618,2021,,4,18,50000 and OVER,9,4295,Oak Park,C,Urban Local Road or Street,,16,24,11489045,10,Cook,0,21,,,7,N,No,Free Flow,202101338291,City,1,0,N,,,,(UNK),166561,(N/A),(UNK),No Defects,1,2,Local Road or Street,7,,X002415639,Not Toll,73,2,4,Not Divided,1,2942054.69420649,1911429.85734255,41.8901908,-87.79604102,,Urban,2,N,(N/A),Y,(N/A)
2021,2021-10-24,Sunday,18,06:51 PM,Property Damage,No Injuries,0,0,0,0,0,1,Parked Motor Vehicle,9,N,N,Failing to Reduce Speed to Avoid Crash,Driving Skills/Knowledge/Experience,Darkness / Lighted Road,Rain,Wet,N,,,,,Traffic Signal,Functioning Properly,N,2,41.9091496,-87.7848339,ok,(UNK),1,2106623,2021,,28,15,50000 and OVER,9,4295,Oak Park,C,Urban Other Principal Arte,,16,24,11489047,10,Cook,0,21,,,7,N,No,Free Flow,202101338292,City,5,7,Y,,,,(UNK),166588,(N/A),(UNK),No Defects,1,2,Other Principal Arterial,3,307,X002415648,Not Toll,73,3,4,Not Divided,1,2944916.08101215,1918420.54713792,41.90914173,-87.78482813,,Urban,2,N,(N/A),Y,(N/A)
2021,2021-10-22,Friday,12,12:08 PM,Property Damage,No Injuries,0,0,0,0,0,2,Rear to Front,18,N,N,Unable to Determine,(N/A),Daylight,Clear,Dry,N,,,,,Traffic Signal,Functioning Improperly,Y,2,41.8889939,-87.8050451,ok,(UNK),1,2106559,2021,,18,99,50000 and OVER,9,4295,Oak Park,C,Urban Other Principal Arte,,16,22,11489055,10,Cook,0,21,,,5,N,No,Slow,202101338302,City,1,19.03,Y,,,,(UNK),166603,(N/A),(UNK),No Defects,1,1,Other Principal Arterial,3,348,X002415563,Not Toll,73,3,3,Not Divided,1,2939616.59606557,1910923.23160421,41.88898607,-87.80503927,,Urban,1,N,(N/A),Y,(N/A)
2021,2021-12-19,Sunday,02,02:40 AM,Property Damage,No Injuries,0,0,0,0,0,0,Fixed Object,6,N,N,Failing to Reduce Speed to Avoid Crash,Improper Lane Usage,Darkness / Lighted Road,Clear,Dry,N,,,,,Other,Functioning Properly,Y,1,41.8736411,-87.8045215,ok,Partial Access Control,3,03-21-18911,2021,,28,20,50000 and OVER,9,4295,Oak Park,C,Urban InterState,,16,19,11569361,12,Cook,0,21,ATTENUATOR,,7,N,No,(UNK),202101417229,ISP,5,25.61,Y,,,,(UNK),166779,(N/A),(UNK),No Defects,1,1,InterState,1,5043,X002485118,Not Toll,73,13,4,Divided With Median Barrier,3,2939913.23211653,1905332.31292548,41.87363325,-87.80451573,,Urban,1,N,(N/A),Y,(N/A)
2021,2021-10-07,Thursday,08,08:30 AM,Injury,B Injury Crash,1,0,0,1,0,1,Front to Rear,11,N,N,Failing to Reduce Speed to Avoid Crash,(N/A),Daylight,Rain,Wet,N,,,,,Other Regualtory Sig,Functioning Properly,N,2,41.8717709,-87.7852888,ok,Partial Access Control,3,03-21-14773,2021,,28,99,50000 and OVER,9,4295,Oak Park,C,Urban InterState,,16,7,11489107,10,Cook,2,21,,,4,N,No,(UNK),202101338360,ISP,1,8.65,Y,,,,(UNK),166960,(N/A),(UNK),No Defects,1,2,InterState,1,290,X002415755,Not Toll,,10,4,Divided With Median Barrier,3,2945170.49938369,1904795.60668794,41.87176307,-87.785283,,Urban,2,N,(N/A),Y,(N/A)
2021,2021-08-04,Wednesday,20,08:53 PM,Property Damage,No Injuries,0,0,0,0,0,2,Sideswipe Same Direction,12,N,N,Improper Lane Usage,Failing to Yield Right of Way,Darkness / Lighted Road,Clear,Dry,Y,,,,,Traffic Signal,Functioning Properly,N,2,41.8736416,-87.8045258,ok,Partial Access Control,1,21-02334,2021,,20,2,50000 and OVER,9,4295,Oak Park,C,Urban InterState,,16,4,11383061,8,Cook,0,21,,,3,N,No,Free Flow,202101241135,City,5,25.61,Y,,,,(UNK),167011,(N/A),(UNK),No Defects,1,1,InterState,1,5043,X002326087,Not Toll,73,3,4,Divided With Median Barrier,3,2939912.062394,1905332.46992192,41.87363377,-87.80452,,Urban,1,N,(N/A),Y,(N/A)
2021,2021-08-03,Tuesday,10,10:29 AM,Injury,B Injury Crash,2,0,0,2,0,0,Fixed Object,6,N,N,Failing to Reduce Speed to Avoid Crash,Unable to Determine,Daylight,Clear,Dry,N,,,,,No Controls,No Controls,N,1,41.8797145,-87.7933807,ok,(UNK),1,2104721,2021,,28,18,50000 and OVER,9,4295,Oak Park,C,Urban Minor Arterial,,16,3,11382350,8,Cook,2,21,,,2,N,No,Slow,202101240468,City,1,3.64,N,,,,(UNK),167683,(N/A),(UNK),No Defects,1,1,Minor Arterial,4,1419,X002325230,Not Toll,73,1,1,"Divided, No Median Barrier",2,2942886.39831945,1907629.32538228,41.87970667,-87.79337485,,Urban,1,N,(N/A),Y,(N/A)
2021,2021-04-17,Saturday,18,06:00 PM,Property Damage,No Injuries,0,0,0,0,0,2,Front to Rear,11,N,N,Failing to Reduce Speed to Avoid Crash,(N/A),Daylight,Clear,Dry,N,,,,,Other,Functioning Properly,N,2,41.8633049,-87.8806387,outside_oak_park,(UNK),3,03-21-05215,2021,,28,99,50000 and OVER,9,4295,Oak Park,C,Urban Other Principal Arte,,16,17,11251672,4,Cook,0,21,,,6,N,No,(UNK),202101112683,ISP,1,2.04,Y,,,,(UNK),167974,(N/A),(UNK),No Defects,1,1,Other Principal Arterial,3,347,X002213834,Not Toll,,13,4,Ramp,11,2919281.91862605,1901004.02729528,41.86329709,-87.88063284,,Urban,1,N,(N/A),Y,(N/A)
2021,2021-04-16,Friday,03,03:50 AM,Property Damage,No Injuries,0,0,0,0,0,3,Front to Rear,11,N,N,Equipment-Vehicle Condition,Improper Lane Usage,Darkness / Lighted Road,Clear,Dry,N,,,,,No Controls,No Controls,N,2,41.8724607,-87.7937615,ok,Partial Access Control,3,03-21-05021,2021,,10,20,50000 and OVER,9,4295,Oak Park,C,Urban InterState,,16,16,11252095,4,Cook,0,21,,,5,N,No,(UNK),202101113454,ISP,5,8.2,Y,,,,(UNK),168172,(N/A),(UNK),No Defects,1,1,InterState,1,290,X002214189,Not Toll,,1,1,Divided With Median Barrier,3,2942855.80927104,1904983.04450882,41.87245289,-87.79375566,,Urban,1,N,(N/A),Y,(N/A)
2021,2021-10-20,Wednesday,07,07:40 AM,Property Damage,No Injuries,0,0,0,0,0,3,Front to Rear,11,N,N,Improper Backing,Physical Condition of Driver,Daylight,Clear,Dry,N,,,,,No Controls,No Controls,N,3,41.8709639,-87.7746269,ok,Partial Access Control,3,03-21-15527,2021,,30,17,50000 and OVER,9,4295,Oak Park,C,Urban InterState,,16,20,11489800,10,Cook,0,21,,,3,N,No,(UNK),202101339085,ISP,1,9.19,Y,,,,(UNK),168811,(N/A),(UNK),No Defects,1,1,InterState,1,290,X002416417,Not Toll,73,1,1,Divided With Median Barrier,3,2948082.73778182,1904582.32102849,41.87095609,-87.77462108,,Urban,1,N,(N/A),Y,(N/A)
2021,2021-04-20,Tuesday,13,01:27 PM,Property Damage,No Injuries,0,0,0,0,0,4,Front to Rear,11,N,N,Failing to Reduce Speed to Avoid Crash,Unable to Determine,Daylight,Snow,Wet,N,,,,,Traffic Signal,Functioning Properly,N,3,41.8757349,-87.8045885,ok,(UNK),1,21-01224,2021,,28,18,50000 and OVER,9,4295,Oak Park,C,Urban Other Principal Arte,,16,20,11252292,4,Cook,0,21,,,2,N,Yes,Free Flow,202101113657,City,1,19.95,Y,,,,(UNK),169123,(N/A),(UNK),No Defects,1,2,Other Principal Arterial,3,348,X002214382,Not Toll,73,3,4,Divided With Median Barrier,3,2939873.97997711,1906094.84741836,41.87572711,-87.8045827,,Urban,3,N,(N/A),Y,(N/A)
2021,2021-09-23,Thursday,09,09:28 AM,Property Damage,No Injuries,0,0,0,0,0,2,Turning,10,N,N,Unable to Determine,Unable to Determine,Daylight,Clear,Dry,N,,,,,No Controls,No Controls,Y,2,41.8762584,-87.8046047,ok,(UNK),1,2105885,2021,,18,18,50000 and OVER,9,4295,Oak Park,C,Urban Other Principal Arte,,16,23,11489934,9,Cook,0,21,,,4,N,No,Free Flow,202101339208,City,1,19.91,Y,,,,(UNK),169284,(N/A),(UNK),No Defects,1,1,Other Principal Arterial,3,348,X002416017,Not Toll,73,1,1,"Divided, No Median Barrier",2,2939864.30870051,1906285.48254981,41.87625056,-87.80459893,,Urban,1,N,(N/A),Y,(N/A)
2021,2021-10-04,Monday,07,07:11 AM,Property Damage,No Injuries,0,0,0,0,0,2,Turning,10,N,N,Failing to Reduce Speed to Avoid Crash,Unable to Determine,Dawn,Clear,Dry,Y,,,,,No Controls,No Controls,Y,2,41.9091879,-87.7808057,ok,(UNK),1,2106120,2021,,28,18,50000 and OVER,9,4295,Oak Park,C,Urban Other Principal Arte,,16,4,11489935,10,Cook,0,21,,,1,N,No,Free Flow,202101339209,City,2,130.46,Y,,,,(UNK),169285,(N/A),(UNK),No Defects,1,1,Other Principal Arterial,3,5064,X002416057,Not Toll,73,1,1,T-Intersection,15,2946012.24835634,1918464.99811876,41.90918004,-87.78079986,,Urban,1,N,(N/A),Y,(N/A)
2021,2021-04-19,Monday,12,12:08 PM,Property Damage,No Injuries,0,0,0,0,0,2,Front to Rear,11,N,N,Failing to Yield Right of Way,Failing to Reduce Speed to Avoid Crash,Daylight,Rain,Wet,Y,,,,,Traffic Signal,Functioning Properly,N,2,41.8884679,-87.789596,ok,(UNK),1,2102235,2021,,2,28,50000 and OVER,9,4295,Oak Park,C,Urban Major Collector,,16,19,11251972,4,Cook,0,21,,,1,N,No,Stopped,202101113241,City,1,0,N,,,,(UNK),169416,(N/A),(UNK),No Defects,1,2,Major Collector,5,,X002214070,Not Toll,73,3,4,Not Divided,1,2943828.71418252,1910847.74345379,41.88846,-87.78959018,,Urban,2,N,(N/A),Y,(N/A)
2021,2021-04-17,Saturday,05,05:50 AM,Injury,B Injury Crash,1,0,0,1,0,3,Front to Rear,11,N,N,Failing to Reduce Speed to Avoid Crash,Following Too Closely,Darkness / Lighted Road,Clear,Dry,N,,,,,No Controls,Functioning Properly,N,2,41.8722934,-87.7916401,ok,Partial Access Control,3,03-21-05086,2021,,28,3,50000 and OVER,9,4295,Oak Park,C,Urban InterState,,16,17,11251135,4,Cook,2,21,,,6,N,No,(UNK),202101112074,ISP,5,8.31,Y,,,,(UNK),169544,(N/A),(UNK),No Defects,1,1,InterState,1,290,X002213323,Not Toll,,1,4,Divided With Median Barrier,3,2943435.29748433,1904938.04711101,41.87228553,-87.7916343,,Urban,1,N,(N/A),Y,(N/A)
2021,2021-10-24,Sunday,10,10:45 AM,Property Damage,No Injuries,0,0,0,0,0,2,Parked Motor Vehicle,9,N,N,Failing to Reduce Speed to Avoid Crash,Disregarding Stop Sign,Daylight,Rain,Wet,Y,,,,,Stop Sign,Functioning Properly,Y,3,41.876188,-87.7892165,ok,(UNK),1,2106611,2021,,28,23,50000 and OVER,9,4295,Oak Park,C,Urban Minor Collector,,16,24,11490180,10,Cook,0,21,,,7,N,No,Free Flow,202101339462,City,1,0,N,,,,(UNK),169628,(N/A),(UNK),No Defects,1,2,Minor Collector,6,,X002416758,Not Toll,73,2,4,Not Divided,1,2944056.09212275,1906375.61430664,41.87618019,-87.78921067,,Urban,2,N,(N/A),Y,(N/A)
2021,2021-10-24,Sunday,14,02:00 PM,Property Damage,No Injuries,0,0,0,0,0,6,Front to Rear,11,N,N,Following Too Closely,Driving Skills/Knowledge/Experience,Daylight,Rain,Wet,N,,,,,Other Regualtory Sig,Unknown,Y,2,41.873417,-87.8024323,ok,Partial Access Control,3,03-21-15781,2021,,3,15,50000 and OVER,9,4295,Oak Park,C,Urban InterState,,16,24,11490003,10,Cook,0,21,,,7,N,No,(UNK),202101339280,ISP,1,0.07,Y,,,,(UNK),169781,(N/A),(UNK),Unknown,99,2,InterState,1,290,X002416600,Not Toll,,10,9,Ramp,11,2940484.51944845,1905266.3285419,41.87340917,-87.80242649,,Urban,2,N,(N/A),N,(N/A)
2021,2021-10-26,Tuesday,05,05:47 AM,Property Damage,No Injuries,0,0,0,0,0,2,Front to Rear,11,N,N,Failing to Reduce Speed to Avoid Crash,(N/A),Darkness / Lighted Road,Clear,Dry,N,,,,,Other Regualtory Sig,Functioning Properly,N,2,41.8731584,-87.7985161,ok,Partial Access Control,3,03-21-15873,2021,,28,99,50000 and OVER,9,4295,Oak Park,C,Urban InterState,,16,26,11490393,10,Cook,0,21,,,2,N,No,(UNK),202101339714,ISP,5,21.81,Y,,,,(UNK),170668,(N/A),(UNK),No Defects,1,1,InterState,1,9290,X002416958,Not Toll,73,10,4,Divided With Median Barrier,3,2941553.75939872,1905201.50653474,41.87315056,-87.79851031,,Urban,1,N,(N/A),Y,(N/A)
2021,2021-10-17,Sunday,10,10:20 AM,Property Damage,No Injuries,0,0,0,0,0,2,Angle,15,N,N,Failing to Yield Right of Way,(N/A),Daylight,Unknown,Unknown,Y,,,,,Stop Sign,Functioning Properly,N,2,41.8814079,-87.8039054,ok,(UNK),1,2106634,2021,,2,99,50000 and OVER,9,4295,Oak Park,C,Urban Major Collector,,16,17,11490503,10,Cook,0,21,,,7,N,No,Free Flow,202101339847,City,1,0,N,,,,(UNK),171370,(N/A),(UNK),No Defects,1,9,Major Collector,5,,X002417045,Not Toll,73,2,4,Other,8,2940003.09327578,1908167.28048147,41.88140001,-87.80389957,,Urban,9,N,(N/A),Y,(N/A)
2021,2021-10-25,Monday,07,07:52 AM,Property Damage,No Injuries,0,0,0,0,0,2,Turning,10,N,N,Failing to Reduce Speed to Avoid Crash,Unable to Determine,Daylight,Rain,Wet,Y,,,,,Stop Sign,Functioning Properly,N,2,41.883345,-87.7943393,ok,(UNK),1,2106627,2021,,28,18,50000 and OVER,9,4295,Oak Park,C,Urban Major Collector,,16,25,11490510,10,Cook,0,21,,,1,N,No,Free Flow,202101339857,City,1,0,N,,,,(UNK),171444,(N/A),(UNK),No Defects,1,2,Major Collector,5,,X002417023,Not Toll,73,2,4,Four Way,14,2942588.71909287,1908945.11652441,41.88333715,-87.79433353,,Urban,2,N,(N/A),Y,(N/A)
2021,2021-12-23,Thursday,23,11:20 PM,Injury,C Injury Crash,1,0,0,0,1,0,Fixed Object,6,N,N,Operating Vehicle In Reckless Manner,Failing to Reduce Speed to Avoid Crash,Darkness / Lighted Road,Fog/Smoke/Haze,Dry,N,,,,,No Controls,No Controls,N,1,41.8717938,-87.7792738,ok,(UNK),1,21NR13177,2021,,50,28,50000 and OVER,9,4295,Oak Park,C,Urban Minor Collector,,16,23,11570363,12,Cook,1,21,,,4,N,No,Free Flow,202101418193,City,5,0,N,,,,(UNK),171588,(N/A),(UNK),No Defects,1,1,Minor Collector,6,,X002485935,Not Toll,,1,1,Divided With Median Barrier,3,2946808.60068157,1904849.4979228,41.871786,-87.779268,,Urban,4,N,(N/A),Y,(N/A)
2021,2021-12-24,Friday,07,07:30 AM,Injury,B Injury Crash,1,0,0,1,0,0,Fixed Object,6,N,N,Improper Lane Usage,Failing to Reduce Speed to Avoid Crash,Daylight,Clear,Wet,N,,,,,No Controls,No Controls,N,1,41.8712758,-87.7795864,ok,Partial Access Control,3,03-21-19153,2021,,20,28,50000 and OVER,9,4295,Oak Park,C,Urban InterState,,16,24,11570407,12,Cook,2,21,,,5,N,No,(UNK),202101418235,ISP,1,8.94,Y,,,,(UNK),171785,(N/A),(UNK),No Defects,1,2,InterState,1,290,X002485963,Not Toll,,1,1,Divided With Median Barrier,3,2946728.71252104,1904658.35179972,41.87126798,-87.77958059,,Urban,1,N,(N/A),Y,(N/A)