crash_year,crash_date,day_of_week,crash_hour,time_of_crash,crash_severity,crash_injury_severity,total_injured,total_fatals,a_injuries,b_injuries,c_injuries,no_injuries,type_of_first_crash,collision_type_code,pedestrian_involved,pedalcyclist_involved,cause1,cause2,lighting_cond,weather_cond,road_surface_cond,intersection_related,is_intersection,highway_or_street_name,at_intersection_with,address_no,traffic_control_device,traffic_control_device_cond,hit_and_run,number_of_vehicles,latitude,longitude,location_status,access_control,agency_code,agency_report_number,agency_report_year,alignment_code,cause1_code,cause2_code,city_class,city_class_code,city_code,city_name,city_township_flag,class_of_trafficway,class_of_trafficway_code,county_code,crash_day,crash_id,crash_month,crash_report_county,crash_severity_cd,crash_yr_source,damaged_property1,damaged_property2,day_of_week_code,did_crash_occur_in_work_zone,did_involve_secondary_crash,flow_condition,icn,investigating_agency_descrip,light_condition_code,mile_station,nhs,non_intersection_direction,non_intersection_distance,non_intersection_units,number_of_lanes,objectid,railroad_crossing_number,road_alignment,road_defects,road_defects_code,road_surface_condition_code,roadway_functional_class,roadway_functional_class_code,route_number,sfe,toll,township,traffic_control_device_code,traffic_control_device_cond_code,trafficway_descrip,trafficway_description_code,ts_crash_coordinate_x,ts_crash_coordinate_y,ts_crash_latitude,ts_crash_longitude,type_report,urban_rural,weather_code,were_workers_present,work_zone,work_zone_related,work_zone_type
2021,2021-12-24,Friday,08,08:20 AM,Property Damage,No Injuries,0,0,0,0,0,2,Front to Rear,11,N,N,Following Too Closely,Failing to Reduce Speed to Avoid Crash,Daylight,Clear,Wet,N,,,,,Traffic Signal,Functioning Properly,N,2,41.8710721,-87.7767572,ok,Partial Access Control,3,03-21-19157,2021,,3,28,50000 and OVER,9,4295,Oak Park,C,Urban InterState,,16,24,11570408,12,Cook,0,21,,,5,N,No,(UNK),202101418236,ISP,1,9.09,Y,,,,(UNK),171786,(N/A),(UNK),No Defects,1,2,InterState,1,290,X002485964,Not Toll,,3,4,Ramp,11,2947501.39396157,1904605.5587423,41.87106423,-87.77675137,,Urban,1,N,(N/A),Y,(N/A)
2021,2021-10-18,Monday,07,07:39 AM,Property Damage,No Injuries,0,0,0,0,0,3,Front to Rear,11,N,N,Failing to Reduce Speed to Avoid Crash,Following Too Closely,Daylight,Clear,Dry,N,,,,,Other,Functioning Properly,N,3,41.8737455,-87.8041665,ok,Partial Access Control,3,03-21-15410,2021,,28,3,50000 and OVER,9,4295,Oak Park,C,Urban InterState,,16,18,11490628,10,Cook,0,21,,,1,N,No,(UNK),202101340147,ISP,1,21.6,Y,,,,(UNK),172192,(N/A),(UNK),No Defects,1,1,InterState,1,9290,X002417171,Not Toll,73,13,4,Divided With Median Barrier,3,2940008.87529899,1905373.00415905,41.87373761,-87.80416072,,Urban,1,N,(N/A),Y,(N/A)
2021,2021-12-21,Tuesday,10,10:14 AM,Property Damage,No Injuries,0,0,0,0,0,1,Fixed Object,6,N,N,Failing to Reduce Speed to Avoid Crash,(N/A),Daylight,Cloudy/Overcast,Dry,N,,,,,No Controls,No Controls,N,1,41.8905783,-87.8035085,ok,(UNK),1,2107939,2021,,28,99,50000 and OVER,9,4295,Oak Park,C,Urban Local Road or Street,,16,21,11570201,12,Cook,0,21,HOLLY COURT PARKING GARAGE,,2,N,No,Slow,202101418051,City,1,0.62,N,,,,(UNK),172869,(N/A),(UNK),No Defects,1,1,Local Road or Street,7,1405,X002482181,Not Toll,73,1,1,Parking Lot,7,2940019.09767949,1911512.13721463,41.89057046,-87.80350269,,Urban,8,N,(N/A),Y,(N/A)
2021,2021-12-22,Wednesday,14,02:56 PM,Property Damage,No Injuries,0,0,0,0,0,1,Parked Motor Vehicle,9,N,N,Equipment-Vehicle Condition,Unable to Determine,Daylight,Cloudy/Overcast,Dry,N,,,,,No Controls,No Controls,N,3,41.8886778,-87.7987087,ok,(UNK),1,2107968,2021,,10,18,50000 and OVER,9,4295,Oak Park,C,Urban Major Collector,,16,22,11570274,12,Cook,0,21,,,3,N,No,Free Flow,202101418096,City,1,0.09,N,,,,(UNK),173051,(N/A),(UNK),No Defects,1,1,Major Collector,5,1405,X002483886,Not Toll,73,1,1,Not Divided,1,2941345.18380571,1910855.62514449,41.88867,-87.79870287,,Urban,8,N,(N/A),Y,(N/A)
2021,2021-04-13,Tuesday,12,12:39 PM,Property Damage,No Injuries,0,0,0,0,0,3,Front to Rear,11,N,N,Failing to Reduce Speed to Avoid Crash,(N/A),Daylight,Clear,Dry,N,,,,,Other Regualtory Sig,Functioning Properly,Y,3,41.8722293,-87.7875622,ok,Partial Access Control,3,03-21-04901,2021,,28,99,50000 and OVER,9,4295,Oak Park,C,Urban InterState,,16,13,11253549,4,Cook,0,21,,,2,N,No,(UNK),202101115321,ISP,1,22.41,Y,,,,(UNK),173270,(N/A),(UNK),No Defects,1,1,InterState,1,9290,X002215583,Not Toll,73,10,4,Divided With Median Barrier,3,2944546.65470938,1904945.48603038,41.8722215,-87.78755638,,Urban,1,N,(N/A),Y,(N/A)
2021,2021-08-06,Friday,07,07:40 AM,Property Damage,No Injuries,0,0,0,0,0,2,Sideswipe Same Direction,12,N,N,Improper Lane Usage,(N/A),Daylight,Clear,Dry,N,,,,,No Controls,No Controls,N,2,41.8830948,-87.80485,ok,(UNK),1,21-02354,2021,,20,99,50000 and OVER,9,4295,Oak Park,C,Urban Other Principal Arte,,16,6,11385974,8,Cook,0,21,,,5,N,No,Free Flow,202101243131,City,1,19.44,Y,,,,(UNK),173279,(N/A),(UNK),No Defects,1,1,Other Principal Arterial,3,348,X002328083,Not Toll,73,1,1,Not Divided,1,2939728.90182083,1908774.93175042,41.88308691,-87.80484424,,Urban,1,N,(N/A),Y,(N/A)
2021,2021-08-05,Thursday,10,10:15 AM,Property Damage,No Injuries,0,0,0,0,0,2,Turning,10,N,N,Failing to Yield Right of Way,Driving Skills/Knowledge/Experience,Darkness / Lighted Road,Clear,Dry,Y,,,,,Traffic Signal,Functioning Properly,Y,2,41.8759848,-87.8045958,ok,(UNK),1,21-02349,2021,,2,15,50000 and OVER,9,4295,Oak Park,C,Urban Other Principal Arte,,16,5,11384749,8,Cook,0,21,,,4,N,No,Slow,202101242166,City,5,25.77,Y,,,,(UNK),174165,(N/A),(UNK),No Defects,1,1,Other Principal Arterial,3,5043,X002327113,Not Toll,73,3,4,"Divided, No Median Barrier",2,2939869.49456576,1906185.86027551,41.875977,-87.80458997,,Urban,1,N,(N/A),Y,(N/A)
2021,2021-04-21,Wednesday,17,05:05 PM,Property Damage,No Injuries,0,0,0,0,0,5,Front to Rear,11,N,N,Failing to Reduce Speed to Avoid Crash,(N/A),Daylight,Clear,Dry,N,,,,,Traffic Signal,Functioning Properly,N,2,41.8817112,-87.7850646,ok,(UNK),1,2102284,2021,,28,99,50000 and OVER,9,4295,Oak Park,C,Urban Major Collector,,16,21,11254941,4,Cook,0,21,,,3,N,No,Stopped,202101116840,City,1,1,N,,,,(UNK),175733,(N/A),(UNK),No Defects,1,1,Major Collector,5,5,X002216245,Not Toll,73,3,4,"Divided, No Median Barrier",2,2945130.98175877,1908419.70814935,41.88170331,-87.78505885,,Urban,1,N,(N/A),Y,(N/A)
2021,2021-07-18,Sunday,04,04:45 AM,Property Damage,No Injuries,0,0,0,0,0,2,Fixed Object,6,N,N,Improper Lane Usage,Driving Skills/Knowledge/Experience,Darkness / Lighted Road,Clear,Dry,N,,,,,Other Regualtory Sig,Functioning Properly,N,2,41.8729192,-87.7985486,ok,Partial Access Control,3,03-21-10233,2021,,20,15,50000 and OVER,9,4295,Oak Park,C,Urban InterState,,16,18,11386267,7,Cook,0,21,,,7,N,No,(UNK),202101243410,ISP,5,21.86,Y,,,,(UNK),176077,(N/A),(UNK),No Defects,1,1,InterState,1,9290,X002328363,Not Toll,,10,4,Divided With Median Barrier,3,2941547.32980564,1905114.07637868,41.87291131,-87.79854276,,Urban,1,N,(N/A),Y,(N/A)
2021,2021-07-13,Tuesday,12,12:41 PM,Property Damage,No Injuries,0,0,0,0,0,2,Front to Rear,11,N,N,Failing to Reduce Speed to Avoid Crash,(N/A),Daylight,Clear,Dry,N,,,,,Other Regualtory Sig,Functioning Properly,N,2,41.8712713,-87.7750447,ok,Partial Access Control,3,03-21-10183,2021,,28,99,50000 and OVER,9,4295,Oak Park,C,Urban InterState,,16,13,11386218,7,Cook,0,21,,,2,N,No,(UNK),202101243363,ISP,1,23.05,Y,,,,(UNK),176227,(N/A),(UNK),No Defects,1,1,InterState,1,9290,X002328317,Not Toll,73,10,4,Divided With Median Barrier,3,2947965.7985469,1904691.14332893,41.87126342,-87.77503894,,Urban,1,N,(N/A),Y,(N/A)
2021,2021-04-22,Thursday,18,06:12 PM,Injury,C Injury Crash,1,0,0,0,1,5,Sideswipe Same Direction,12,N,N,Improper Lane Usage,(N/A),Daylight,Clear,Dry,N,,,,,Traffic Signal,No Controls,N,3,41.87231,-87.8044662,ok,(UNK),1,2102308,2021,,20,99,50000 and OVER,9,4295,Oak Park,C,Urban Other Principal Arte,,16,22,11255842,4,Cook,1,21,,,4,N,Yes,Slow,202101118244,City,1,25.52,Y,,,,(UNK),176324,(N/A),(UNK),No Defects,1,1,Other Principal Arterial,3,5043,X002217280,Not Toll,73,3,1,Not Divided,1,2939941.64918791,1904847.65884525,41.87230217,-87.80446043,,Urban,1,N,(N/A),Y,(N/A)
2021,2021-04-22,Thursday,17,05:52 PM,Property Damage,No Injuries,0,0,0,0,0,2,Angle,15,N,N,Unable to Determine,Unable to Determine,Daylight,Clear,Dry,Y,,,,,No Controls,No Controls,N,2,41.8761538,-87.7916752,ok,(UNK),1,2102305,2021,,18,18,50000 and OVER,9,4295,Oak Park,C,Urban Local Road or Street,,16,22,11255846,4,Cook,0,21,,,4,N,No,Slow,202101118248,City,1,0,N,,,,(UNK),176325,(N/A),(UNK),No Defects,1,1,Local Road or Street,7,,X002217284,Not Toll,73,1,1,"Divided, No Median Barrier",2,2943386.779532,1906344.60768929,41.876146,-87.79166943,,Urban,1,N,(N/A),Y,(N/A)
2021,2021-04-22,Thursday,18,06:08 PM,Property Damage,No Injuries,0,0,0,0,0,3,Angle,15,N,N,Failing to Reduce Speed to Avoid Crash,Unable to Determine,Daylight,Clear,Dry,N,,,,,Traffic Signal,Functioning Properly,N,3,41.9087618,-87.7949606,ok,(UNK),1,2102307,2021,,28,18,50000 and OVER,9,4295,Oak Park,C,Urban Major Collector,,16,22,11255847,4,Cook,0,21,,,4,N,Yes,Stopped,202101118249,City,1,4.13,N,,,,(UNK),176326,(N/A),(UNK),No Defects,1,1,Major Collector,5,2775,X002217285,Not Toll,73,3,4,"Divided, No Median Barrier",2,2942163.35153245,1918202.8087826,41.90875396,-87.79495481,,Urban,1,N,(N/A),Y,(N/A)
2021,2021-12-24,Friday,10,10:28 AM,Property Damage,No Injuries,0,0,0,0,0,2,Front to Rear,11,N,N,Following Too Closely,Failing to Reduce Speed to Avoid Crash,Daylight,Cloudy/Overcast,Dry,Y,,,,,Traffic Signal,Functioning Properly,Y,2,41.8885679,-87.8050255,ok,(UNK),1,2108013,2021,,3,28,50000 and OVER,9,4295,Oak Park,C,Urban Other Principal Arte,,16,24,11571997,12,Cook,0,21,,,5,N,No,Free Flow,202101420128,City,1,26.64,Y,,,,(UNK),176424,(N/A),(UNK),No Defects,1,1,Other Principal Arterial,3,5043,X002487334,Not Toll,73,3,4,Not Divided,1,2939626.20739095,1910768.11382933,41.88856001,-87.80501967,,Urban,8,N,(N/A),Y,(N/A)
2021,2021-12-26,Sunday,06,06:40 AM,Property Damage,No Injuries,0,0,0,0,0,1,Fixed Object,6,N,N,Driving Skills/Knowledge/Experience,Failing to Reduce Speed to Avoid Crash,Daylight,Clear,Dry,N,,,,,No Controls,No Controls,N,1,41.871356,-87.789068,ok,(UNK),1,2108034,2021,,15,28,50000 and OVER,9,4295,Oak Park,C,Urban Minor Collector,,16,26,11572002,12,Cook,0,21,OVERHEAD GARAGE DOOR,,7,N,No,Slow,202101420132,City,1,1.2,N,,,,(UNK),176426,(N/A),(UNK),No Defects,1,1,Minor Collector,6,2779,X002487390,Not Toll,73,1,1,Driveway,13,2944145.32999035,1904615.86303881,41.87134818,-87.78906221,,Urban,1,N,(N/A),Y,(N/A)
2021,2021-12-27,Monday,08,08:23 AM,Property Damage,No Injuries,0,0,0,0,0,2,Angle,15,N,N,Failing to Yield Right of Way,Failing to Reduce Speed to Avoid Crash,Darkness / Lighted Road,Unknown,Unknown,N,,,,,Pedestrian Crossing,Unknown,Y,2,41.874275,-87.7940565,ok,(UNK),1,2108046,2021,,2,28,50000 and OVER,9,4295,Oak Park,C,Urban Major Collector,,16,27,11572005,12,Cook,0,21,,,1,N,No,Free Flow,202101420134,City,5,0,N,,,,(UNK),176427,(N/A),(UNK),Unknown,99,9,Major Collector,5,,X002487402,Not Toll,73,17,9,"Divided, No Median Barrier",2,2942757.15279505,1905641.98608672,41.87426719,-87.79405074,,Urban,9,N,(N/A),N,(N/A)
2021,2021-12-20,Monday,12,12:08 PM,Injury,C Injury Crash,1,0,0,0,1,1,Angle,15,N,N,Failing to Yield Right of Way,Improper Turning/No Signal,Daylight,Clear,Dry,N,,,,,Traffic Signal,Functioning Properly,N,2,41.8651747,-87.7939479,ok,(UNK),1,2107925,2021,,2,6,50000 and OVER,9,4295,Oak Park,C,Urban Other Principal Arte,,16,20,11571694,12,Cook,1,21,BUILDING,,1,N,Yes,Slow,202101419616,City,1,6.52,Y,,,,(UNK),176930,(N/A),(UNK),No Defects,1,1,Other Principal Arterial,3,347,X002487025,Not Toll,52,3,4,Not Divided,1,2942878.46634806,1902326.47362904,41.86516683,-87.79394207,,Urban,1,N,(N/A),Y,(N/A)
2021,2021-10-20,Wednesday,17,05:44 PM,Injury,C Injury Crash,1,0,0,0,1,1,Angle,15,N,N,Disregarding Other Traffic Signs,Failing to Reduce Speed to Avoid Crash,Daylight,Clear,Dry,Y,,,,,Other Regualtory Sig,Functioning Properly,N,2,41.8833462,-87.7943394,ok,(UNK),1,2106519,2021,,24,28,50000 and OVER,9,4295,Oak Park,C,Urban Major Collector,,16,20,11493312,10,Cook,1,21,,,3,N,No,Free Flow,202101343186,City,1,5.89,N,,,,(UNK),177457,(N/A),(UNK),No Defects,1,1,Major Collector,5,2775,X002419587,Not Toll,73,10,4,Not Divided,1,2942588.68856082,1908945.57179996,41.8833384,-87.7943336,,Urban,1,N,(N/A),Y,(N/A)
2021,2021-10-27,Wednesday,07,07:39 AM,Property Damage,No Injuries,0,0,0,0,0,1,Other Object,7,N,N,Failing to Reduce Speed to Avoid Crash,(N/A),Daylight,Clear,Dry,N,,,,,No Controls,No Controls,N,1,41.8886778,-87.7985598,ok,(UNK),1,2106673,2021,,28,99,50000 and OVER,9,4295,Oak Park,C,Urban Major Collector,,16,27,11493314,10,Cook,0,21,BUILDING,FENCE,3,N,No,Free Flow,202101343188,City,1,0.1,N,,,,(UNK),177458,(N/A),(UNK),No Defects,1,1,Major Collector,5,1405,X002419595,Not Toll,73,1,1,Parking Lot,7,2941385.715038,1910856.74391718,41.88867,-87.79855403,,Urban,1,N,(N/A),Y,(N/A)
2021,2021-10-27,Wednesday,08,08:39 AM,Property Damage,No Injuries,0,0,0,0,0,3,Turning,10,N,N,Failing to Yield Right of Way,Failing to Reduce Speed to Avoid Crash,Daylight,Clear,Dry,Y,,,,,Stop Sign,Functioning Properly,N,2,41.8944478,-87.7928068,ok,(UNK),1,2106675,2021,,2,28,50000 and OVER,9,4295,Oak Park,C,Urban Minor Arterial,,16,27,11493315,10,Cook,0,21,,,3,N,No,Free Flow,202101343189,City,1,0,N,,,,(UNK),177459,(N/A),(UNK),No Defects,1,1,Minor Arterial,4,,X002419605,Not Toll,73,2,4,Not Divided,1,2942894.06584377,1913002.74398073,41.89443998,-87.79280103,,Urban,1,N,(N/A),Y,(N/A)
2021,2021-10-27,Wednesday,10,10:20 AM,Injury,B Injury Crash,1,0,0,1,0,1,Angle,15,N,N,Disregarding Stop Sign,(N/A),Daylight,Clear,Dry,Y,,,,,Stop Sign,Functioning Properly,N,2,41.8905884,-87.8026723,ok,(UNK),1,2106679,2021,,23,99,50000 and OVER,9,4295,Oak Park,C,Urban Local Road or Street,,16,27,11493442,10,Cook,2,21,,,3,N,No,Free Flow,202101343273,City,1,0,N,,,,(UNK),178154,(N/A),(UNK),No Defects,1,1,Local Road or Street,7,,X002419695,Not Toll,73,2,4,Four Way,14,2940246.68594885,1911522.07340408,41.89058051,-87.80266651,,Urban,1,N,(N/A),Y,(N/A)
2021,2021-04-23,Friday,09,09:28 AM,Injury,B Injury Crash,2,0,0,2,0,2,Front to Rear,11,N,N,Failing to Reduce Speed to Avoid Crash,Following Too Closely,Daylight,Clear,Dry,N,,,,,Other,Functioning Properly,N,4,41.8719777,-87.7845578,ok,Partial Access Control,3,03-21-05392,2021,,28,3,50000 and OVER,9,4295,Oak Park,C,Urban InterState,,16,23,11256784,4,Cook,2,21,,,5,N,No,(UNK),202101119098,ISP,1,22.57,Y,,,,(UNK),178541,(N/A),(UNK),No Defects,1,1,InterState,1,9290,X002218127,Not Toll,73,13,4,Divided With Median Barrier,3,2945367.5,1904876.5,41.87196988,-87.78455205,,Urban,1,N,(N/A),Y,(N/A)
2021,2021-08-08,Sunday,00,00:30 AM,Property Damage,No Injuries,0,0,0,0,0,2,Front to Rear,11,N,N,Following Too Closely,Failing to Reduce Speed to Avoid Crash,Darkness / Lighted Road,Clear,Dry,N,,,,,No Controls,No Controls,Y,2,41.8712706,-87.7795223,ok,Partial Access Control,3,03-21-11427,2021,,3,28,50000 and OVER,9,4295,Oak Park,C,Urban InterState,,16,8,11387183,8,Cook,0,21,,,7,N,No,(UNK),202101244295,ISP,5,8.94,Y,,,,(UNK),178630,(N/A),(UNK),No Defects,1,1,InterState,1,290,X002329252,Not Toll,,1,1,Divided With Median Barrier,3,2946746.22614702,1904656.93836122,41.87126277,-87.77951648,,Urban,1,N,(N/A),Y,(N/A)
2021,2021-10-01,Friday,16,04:08 PM,Property Damage,No Injuries,0,0,0,0,0,3,Turning,10,N,N,Failing to Reduce Speed to Avoid Crash,Unable to Determine,Daylight,Clear,Dry,N,,,,,No Controls,No Controls,N,2,41.8891795,-87.7798236,ok,(UNK),1,2106071,2021,,28,18,50000 and OVER,9,4295,Oak Park,C,Urban Local Road or Street,,16,1,11493215,10,Cook,0,21,,,5,N,No,Free Flow,202101343103,City,1,1.38,N,,,,(UNK),179370,(N/A),(UNK),No Defects,1,1,Local Road or Street,7,3559,X002419492,Not Toll,73,1,1,Alley,12,2946482.54725297,1911181.00701104,41.8891717,-87.77981781,,Urban,1,N,(N/A),Y,(N/A)
2021,2021-08-05,Thursday,14,02:15 PM,Injury,C Injury Crash,1,0,0,0,1,1,Pedalcyclist,2,N,Y,Failing to Reduce Speed to Avoid Crash,(N/A),Daylight,Clear,Dry,Y,,,,,Stop Sign,No Controls,N,1,41.9089177,-87.8057865,ok,(UNK),1,2100806,2021,,28,99,50000 and OVER,9,4295,Oak Park,C,Urban Other Principal Arte,,16,5,11387950,8,Cook,1,21,,,4,N,No,Slow,202101245017,City,1,17.65,Y,,,,(UNK),179894,(N/A),(UNK),No Defects,1,1,Other Principal Arterial,3,348,X002328101,Not Toll,73,2,1,T-Intersection,15,2939214.80164942,1918178.28182868,41.90890986,-87.80578068,,Urban,1,N,(N/A),Y,(N/A)
2021,2021-04-25,Sunday,01,01:10 AM,Property Damage,No Injuries,0,0,0,0,0,2,Front to Rear,11,N,N,Failing to Reduce Speed to Avoid Crash,Unable to Determine,Darkness / Lighted Road,Clear,Dry,Y,,,,,Traffic Signal,Functioning Properly,N,2,41.8736416,-87.8045258,ok,Partial Access Control,1,21-01265,2021,,28,18,50000 and OVER,9,4295,Oak Park,C,Urban InterState,,16,25,11258223,4,Cook,0,21,,,7,N,No,Stopped,202101120805,City,5,25.61,Y,,,,(UNK),180592,(N/A),(UNK),No Defects,1,1,InterState,1,5043,X002219507,Not Toll,73,3,4,"Divided, No Median Barrier",2,2939912.062394,1905332.46992192,41.87363377,-87.80452,,Urban,1,N,(N/A),Y,(N/A)
2021,2021-04-07,Wednesday,08,08:27 AM,Property Damage,No Injuries,0,0,0,0,0,2,Sideswipe Same Direction,12,N,N,Unable to Determine,Unable to Determine,Daylight,Clear,Dry,N,,,,,Traffic Signal,Functioning Properly,Y,2,41.8724477,-87.8044721,ok,(UNK),1,21-01090,2021,,18,18,50000 and OVER,9,4295,Oak Park,C,Urban Other Principal Arte,,16,7,11258227,4,Cook,0,21,,,3,N,No,Slow,202101120809,City,1,20.17,Y,,,,(UNK),180593,(N/A),(UNK),No Defects,1,1,Other Principal Arterial,3,348,X002219511,Not Toll,73,3,4,Divided With Median Barrier,3,2939938.67157823,1904897.77387456,41.87243982,-87.80446629,,Urban,1,N,(N/A),Y,(N/A)
2021,2021-04-07,Wednesday,14,02:01 PM,Property Damage,No Injuries,0,0,0,0,0,2,Front to Front,14,N,N,Failing to Yield Right of Way,Failing to Reduce Speed to Avoid Crash,Daylight,Clear,Dry,Y,,,,,Traffic Signal,Functioning Properly,Y,2,41.8800016,-87.7762857,ok,(UNK),1,2102023,2021,,2,28,50000 and OVER,9,4295,Oak Park,C,Urban Minor Arterial,,16,7,11258775,4,Cook,0,21,,,3,N,No,Slow,202101121528,City,1,0,N,,,,(UNK),181031,(N/A),(UNK),No Defects,1,1,Minor Arterial,4,,X002219930,Not Toll,73,3,4,"Divided, No Median Barrier",2,2947539.14678826,1907863.20247818,41.87999371,-87.77627987,,Urban,1,N,(N/A),Y,(N/A)
2021,2021-04-26,Monday,14,02:38 PM,Injury,B Injury Crash,1,0,0,1,0,2,Pedalcyclist,2,N,Y,Failing to Yield Right of Way,Unable to Determine,Daylight,Clear,Dry,N,,,,,No Controls,No Controls,N,1,41.8792584,-87.7844188,ok,(UNK),1,2102361,2021,,2,18,50000 and OVER,9,4295,Oak Park,C,Urban Major Collector,,16,26,11258779,4,Cook,2,21,,,1,N,No,Slow,202101121532,City,1,1.56,N,,,,(UNK),181032,(N/A),(UNK),No Defects,1,1,Major Collector,5,2783,X002220002,Not Toll,73,1,1,Not Divided,1,2945331.68457648,1907530.74484614,41.87925051,-87.78441303,,Urban,1,N,(N/A),Y,(N/A)
2021,2021-04-26,Monday,14,02:55 PM,Property Damage,No Injuries,0,0,0,0,0,1,Parked Motor Vehicle,9,N,N,Failing to Reduce Speed to Avoid Crash,Unable to Determine,Unknown,Unknown,Dry,N,,,,,No Controls,No Controls,Y,2,41.9056129,-87.7949861,ok,(UNK),1,2102362,2021,,28,18,50000 and OVER,9,4295,Oak Park,C,Urban Major Collector,,16,26,11258780,4,Cook,0,21,,,1,N,No,Slow,202101121534,City,9,4.34,N,,,,(UNK),181033,(N/A),(UNK),No Defects,1,1,Major Collector,5,2775,X002220008,Not Toll,73,1,1,Alley,12,2942188.14571145,1917055.09599501,41.90560506,-87.79498034,,Urban,9,N,(N/A),Y,(N/A)
2021,2021-10-13,Wednesday,14,02:30 PM,Property Damage,No Injuries,0,0,0,0,0,2,Sideswipe Same Direction,12,N,N,Improper Lane Usage,Improper Overtaking/Passing,Daylight,Rain,Wet,N,,,,,Other,Functioning Properly,Y,2,41.8730216,-87.7973679,ok,Partial Access Control,3,03-21-15564,2021,,20,4,50000 and OVER,9,4295,Oak Park,C,Urban InterState,,16,13,11494230,10,Cook,0,21,,,3,N,No,(UNK),202101344215,ISP,1,21.92,Y,,,,(UNK),181479,(N/A),(UNK),No Defects,1,2,InterState,1,9290,X002420443,Not Toll,73,13,4,Divided With Median Barrier,3,2941867.86685194,1905160.29305432,41.87301377,-87.79736212,,Urban,2,N,(N/A),Y,(N/A)
2021,2021-04-26,Monday,04,04:50 AM,Injury,B Injury Crash,1,0,0,1,0,1,Front to Rear,11,N,N,Following Too Closely,Failing to Reduce Speed to Avoid Crash,Darkness / Lighted Road,Clear,Dry,N,,,,,Other,Functioning Properly,N,2,41.8727915,-87.7747555,ok,(UNK),3,03-21-05545,2021,,3,28,50000 and OVER,9,4295,Oak Park,C,Urban Local Road or Street,,16,26,11258506,4,Cook,2,21,,,1,N,No,(UNK),202101121104,ISP,5,0.49,N,,,,(UNK),181895,(N/A),(UNK),No Defects,1,1,Local Road or Street,7,4060,X002219811,Not Toll,,13,4,Divided With Median Barrier,3,2948029.1236509,1905247.34406214,41.87278366,-87.77474974,,Urban,1,N,(N/A),Y,(N/A)
2021,2021-04-10,Saturday,13,01:30 PM,Property Damage,No Injuries,0,0,0,0,0,2,Sideswipe Same Direction,12,N,N,Improper Lane Usage,Failing to Reduce Speed to Avoid Crash,Daylight,Rain,Wet,N,,,,,Other,Functioning Properly,Y,2,41.8712477,-87.7746678,ok,Partial Access Control,3,03-21-04761,2021,,20,28,50000 and OVER,9,4295,Oak Park,C,Urban InterState,,16,10,11258508,4,Cook,0,21,,,6,N,No,(UNK),202101121107,ISP,1,23.07,Y,,,,(UNK),181897,(N/A),(UNK),No Defects,1,2,InterState,1,9290,X002219813,Not Toll,73,13,4,Divided With Median Barrier,3,2948068.7038008,1904685.41364429,41.87123984,-87.77466201,,Urban,2,N,(N/A),Y,(N/A)
2021,2021-04-26,Monday,16,04:15 PM,Property Damage,No Injuries,0,0,0,0,0,2,Front to Rear,11,N,N,Failing to Reduce Speed to Avoid Crash,Following Too Closely,Daylight,Clear,Dry,N,,,,,Other,Functioning Properly,Y,2,41.8732808,-87.8003774,ok,Partial Access Control,3,03-21-05572,2021,,28,3,50000 and OVER,9,4295,Oak Park,C,Urban InterState,,16,26,11258545,4,Cook,0,21,,,1,N,No,(UNK),202101121151,ISP,1,0.08,Y,,,,(UNK),182098,(N/A),(UNK),No Defects,1,1,InterState,1,290,X002219844,Not Toll,,13,4,Not Divided,1,2941045.56263669,1905232.13438391,41.873273,-87.80037164,,Urban,1,N,(N/A),Y,(N/A)
2021,2021-10-29,Friday,10,10:06 AM,Property Damage,No Injuries,0,0,0,0,0,2,Front to Rear,11,N,N,Unable to Determine,Unable to Determine,Daylight,Rain,Wet,Y,,,,,Traffic Signal,Functioning Properly,N,2,41.87231,-87.8044661,ok,(UNK),1,21-03241,2021,,18,18,50000 and OVER,9,4295,Oak Park,C,Urban Other Principal Arte,,16,29,11495202,10,Cook,0,21,,,5,N,No,Slow,202101345361,City,1,25.52,Y,,,,(UNK),182911,(N/A),(UNK),No Defects,1,2,Other Principal Arterial,3,5043,X002421367,Not Toll,73,3,4,"Divided, No Median Barrier",2,2939941.67127309,1904847.65941834,41.87230217,-87.80446035,,Urban,2,N,(N/A),Y,(N/A)
2021,2021-04-18,Sunday,17,05:01 PM,Injury,B Injury Crash,1,0,0,1,0,2,Sideswipe Same Direction,12,N,N,Failing to Reduce Speed to Avoid Crash,Following Too Closely,Daylight,Clear,Dry,N,,,,,Other Warning Sign,Functioning Properly,N,2,41.872307,-87.8040888,ok,(UNK),3,03-21-05170,2021,,28,3,50000 and OVER,9,4295,Oak Park,C,Urban Local Road or Street,,16,18,11260296,4,Cook,2,21,,,7,N,No,(UNK),202101123908,ISP,1,0.02,N,,,,(UNK),183754,(N/A),(UNK),No Defects,1,1,Local Road or Street,7,4062,X002221418,Not Toll,,11,4,Not Divided,1,2940044.48023736,1904849.4039423,41.87229919,-87.804083,,Urban,1,N,(N/A),Y,(N/A)
2021,2021-08-07,Saturday,14,02:17 PM,Property Damage,No Injuries,0,0,0,0,0,2,Rear to Front,18,N,N,Following Too Closely,Failing to Reduce Speed to Avoid Crash,Daylight,Clear,Dry,N,,,,,No Controls,No Controls,Y,2,41.879891,-87.7832178,ok,(UNK),1,2104814,2021,,3,28,50000 and OVER,9,4295,Oak Park,C,Urban Minor Arterial,,16,7,11389926,8,Cook,0,21,,,6,N,No,Slow,202101246269,City,1,0.01,N,,,,(UNK),184256,(N/A),(UNK),No Defects,1,1,Minor Arterial,4,2635,X002331189,Not Toll,73,1,1,"Divided, No Median Barrier",2,2945652.37351707,1907770.37895395,41.87988315,-87.78321199,,Urban,1,N,(N/A),Y,(N/A)