crash_year,crash_date,day_of_week,crash_hour,time_of_crash,crash_severity,crash_injury_severity,total_injured,total_fatals,a_injuries,b_injuries,c_injuries,no_injuries,type_of_first_crash,collision_type_code,pedestrian_involved,pedalcyclist_involved,cause1,cause2,lighting_cond,weather_cond,road_surface_cond,intersection_related,is_intersection,highway_or_street_name,at_intersection_with,address_no,traffic_control_device,traffic_control_device_cond,hit_and_run,number_of_vehicles,latitude,longitude,location_status,access_control,agency_code,agency_report_number,agency_report_year,alignment_code,cause1_code,cause2_code,city_class,city_class_code,city_code,city_name,city_township_flag,class_of_trafficway,class_of_trafficway_code,county_code,crash_day,crash_id,crash_month,crash_report_county,crash_severity_cd,crash_yr_source,damaged_property1,damaged_property2,day_of_week_code,did_crash_occur_in_work_zone,did_involve_secondary_crash,flow_condition,icn,investigating_agency_descrip,light_condition_code,mile_station,nhs,non_intersection_direction,non_intersection_distance,non_intersection_units,number_of_lanes,objectid,railroad_crossing_number,road_alignment,road_defects,road_defects_code,road_surface_condition_code,roadway_functional_class,roadway_functional_class_code,route_number,sfe,toll,township,traffic_control_device_code,traffic_control_device_cond_code,trafficway_descrip,trafficway_description_code,ts_crash_coordinate_x,ts_crash_coordinate_y,ts_crash_latitude,ts_crash_longitude,type_report,urban_rural,weather_code,were_workers_present,work_zone,work_zone_related,work_zone_type
2021,2021-04-27,Tuesday,17,05:56 PM,Property Damage,No Injuries,0,0,0,0,0,2,Angle,15,N,N,Failing to Yield Right of Way,Unable to Determine,Daylight,Clear,Dry,Y,,,,,Stop Sign,Functioning Properly,Y,2,41.8704893,-87.8043965,ok,(UNK),1,21-1282,2021,,2,18,50000 and OVER,9,4295,Oak Park,C,Urban Other Principal Arte,,16,27,11260384,4,Cook,0,21,,,2,N,No,Free Flow,202101123990,City,1,25.39,Y,,,,(UNK),184293,(N/A),(UNK),No Defects,1,1,Other Principal Arterial,3,5043,X002221502,Not Toll,73,2,4,Not Divided,1,2939978.90034144,1904184.6664594,41.87048142,-87.80439074,,Urban,1,N,(N/A),Y,(N/A)
2021,2021-12-24,Friday,17,05:08 PM,Injury,A Injury Crash,1,0,1,0,0,2,Pedestrian,1,Y,N,Evasive Action Due to Animal / Object / Non-Motorist,(N/A),Darkness,Cloudy/Overcast,Wet,N,,,,,Traffic Signal,Functioning Properly,N,1,41.8800138,-87.7839936,ok,(UNK),1,2108026,2021,,32,99,50000 and OVER,9,4295,Oak Park,C,Urban Minor Arterial,,16,24,11573506,12,Cook,3,21,,,5,N,No,Slow,202101421973,City,4,0,N,,,,(UNK),184405,(N/A),(UNK),No Defects,1,2,Minor Arterial,4,,X002488854,Not Toll,73,3,4,Not Divided,1,2945439.83432373,1907809.27095472,41.88000598,-87.78398784,,Urban,8,N,(N/A),Y,(N/A)
2021,2021-08-08,Sunday,16,04:51 PM,Property Damage,No Injuries,0,0,0,0,0,3,Rear to Front,18,N,N,Improper Backing,Failing to Reduce Speed to Avoid Crash,Daylight,Cloudy/Overcast,Dry,Y,,,,,Stop Sign,Functioning Properly,N,2,41.8763398,-87.7794551,ok,(UNK),1,2104837,2021,,30,28,50000 and OVER,9,4295,Oak Park,C,Urban Minor Collector,,16,8,11389950,8,Cook,0,21,,,7,N,No,Free Flow,202101246293,City,1,0,N,,,,(UNK),184427,(N/A),(UNK),No Defects,1,1,Minor Collector,6,,X002331224,Not Toll,73,2,4,Not Divided,1,2946713.12124164,1906504.76339789,41.87633198,-87.77944929,,Urban,8,N,(N/A),Y,(N/A)
2021,2021-04-27,Tuesday,13,01:06 PM,Property Damage,No Injuries,0,0,0,0,0,2,Front to Rear,11,N,N,Failing to Yield Right of Way,Failing to Reduce Speed to Avoid Crash,Daylight,Clear,Dry,N,,,,,No Controls,No Controls,N,2,41.8802818,-87.784454,ok,(UNK),1,2102382,2021,,2,28,50000 and OVER,9,4295,Oak Park,C,Urban Major Collector,,16,27,11259963,4,Cook,0,21,,,2,N,No,Slow,202101123362,City,1,1.49,N,,,,(UNK),184850,(N/A),(UNK),No Defects,1,1,Major Collector,5,2783,X002221031,Not Toll,73,1,1,"Divided, No Median Barrier",2,2945311.75328651,1907903.42927246,41.88027392,-87.78444818,,Urban,1,N,(N/A),Y,(N/A)
2021,2021-04-27,Tuesday,15,03:23 PM,Injury,C Injury Crash,1,0,0,0,1,0,Parked Motor Vehicle,9,N,N,Improper Lane Usage,Unable to Determine,Daylight,Clear,Dry,N,,,,,No Controls,No Controls,N,2,41.9074622,-87.7833111,ok,(UNK),1,2102385,2021,,20,18,50000 and OVER,9,4295,Oak Park,C,Urban Major Collector,,16,27,11259964,4,Cook,1,21,,,2,N,No,Free Flow,202101123365,City,1,0.12,N,,,,(UNK),184851,(N/A),(UNK),No Defects,1,1,Major Collector,5,2783,X002221034,Not Toll,73,1,1,Not Divided,1,2945347.71898641,1917817.14384982,41.90745433,-87.78330528,,Urban,1,N,(N/A),Y,(N/A)
2021,2021-04-27,Tuesday,22,10:12 PM,Property Damage,No Injuries,0,0,0,0,0,3,Sideswipe Same Direction,12,N,N,Improper Overtaking/Passing,(N/A),Darkness / Lighted Road,Clear,Dry,N,,,,,Traffic Signal,Functioning Properly,Y,2,41.8833858,-87.8048584,ok,(UNK),1,2102398,2021,,4,99,50000 and OVER,9,4295,Oak Park,C,Urban Other Principal Arte,,16,27,11259966,4,Cook,0,21,,,2,N,No,Stopped,202101123367,City,5,19.42,Y,,,,(UNK),184852,(N/A),(UNK),No Defects,1,1,Other Principal Arterial,3,348,X002221036,Not Toll,73,3,4,Not Divided,1,2939723.70331679,1908880.9353789,41.88337797,-87.8048526,,Urban,1,N,(N/A),Y,(N/A)
2021,2021-04-15,Thursday,10,10:39 AM,Property Damage,No Injuries,0,0,0,0,0,1,Fixed Object,6,N,N,Unable to Determine,Failing to Reduce Speed to Avoid Crash,Daylight,Clear,Dry,N,,,,,No Controls,No Controls,N,1,41.9078,-87.8057434,ok,(UNK),1,2100359,2021,,18,28,50000 and OVER,9,4295,Oak Park,C,Urban Other Principal Arte,,16,15,11260023,4,Cook,0,21,POLE,,4,N,No,Free Flow,202101123428,City,1,17.73,Y,,,,(UNK),185046,(N/A),(UNK),No Defects,1,1,Other Principal Arterial,3,348,X002221162,Not Toll,73,1,1,Not Divided,1,2939237.75832138,1917771.2918224,41.90779216,-87.80573755,,Urban,1,N,(N/A),Y,(N/A)
2021,2021-08-06,Friday,11,11:52 AM,Property Damage,No Injuries,0,0,0,0,0,1,Parked Motor Vehicle,9,N,N,Failing to Reduce Speed to Avoid Crash,Unable to Determine,Daylight,Clear,Dry,N,,,,,No Controls,No Controls,N,2,41.9089101,-87.8012864,ok,(UNK),1,2104793,2021,,28,18,50000 and OVER,9,4295,Oak Park,C,Urban Other Principal Arte,,16,6,11389726,8,Cook,0,21,,,5,N,No,Free Flow,202101246135,City,1,129.4,Y,,,,(UNK),185517,(N/A),(UNK),No Defects,1,1,Other Principal Arterial,3,5064,X002330969,Not Toll,73,1,1,Not Divided,1,2940439.87973501,1918209.26436997,41.90890222,-87.80128057,,Urban,1,N,(N/A),Y,(N/A)
2021,2021-08-06,Friday,19,07:31 PM,Property Damage,No Injuries,0,0,0,0,0,1,Parked Motor Vehicle,9,N,N,Failing to Reduce Speed to Avoid Crash,(N/A),Dusk,Clear,Dry,N,,,,,No Controls,No Controls,N,2,41.8818161,-87.7799761,ok,(UNK),1,2104803,2021,,28,99,50000 and OVER,9,4295,Oak Park,C,Urban Major Collector,,16,6,11389729,8,Cook,0,21,,,5,N,No,Free Flow,202101246138,City,3,1.28,N,,,,(UNK),185518,(N/A),(UNK),No Defects,1,1,Major Collector,5,5,X002330972,Not Toll,73,1,1,Not Divided,1,2946515.70536796,1908496.48389936,41.88180829,-87.77997026,,Urban,1,N,(N/A),Y,(N/A)
2021,2021-08-07,Saturday,14,02:46 PM,Property Damage,No Injuries,0,0,0,0,0,2,Parked Motor Vehicle,9,N,N,Failing to Yield Right of Way,Unable to Determine,Daylight,Clear,Dry,N,,,,,No Controls,No Controls,N,2,41.8830333,-87.779652,ok,(UNK),1,2104815,2021,,2,18,50000 and OVER,9,4295,Oak Park,C,Urban Local Road or Street,,16,7,11389831,8,Cook,0,21,,,6,N,No,Free Flow,202101246183,City,1,0.35,N,,,,(UNK),186141,(N/A),(UNK),No Defects,1,1,Local Road or Street,7,3794,X002330974,Not Toll,73,1,1,Not Divided,1,2946591.61963505,1908942.50236839,41.88302547,-87.77964618,,Urban,1,N,(N/A),Y,(N/A)
2021,2021-10-22,Friday,08,08:01 AM,Property Damage,No Injuries,0,0,0,0,0,5,Front to Rear,11,N,N,Improper Lane Usage,Failing to Reduce Speed to Avoid Crash,Darkness,Clear,Dry,N,,,,,Other,Functioning Properly,N,3,41.8715464,-87.7794468,ok,Partial Access Control,3,03-21-15666,2021,,20,28,50000 and OVER,9,4295,Oak Park,C,Urban InterState,,16,22,11495797,10,Cook,0,21,,,5,N,No,(UNK),202101346044,ISP,4,22.83,Y,,,,(UNK),186187,(N/A),(UNK),No Defects,1,1,InterState,1,9290,X002421929,Not Toll,73,13,4,Divided With Median Barrier,3,2946763.99117236,1904758.0056895,41.87153854,-87.77944099,,Urban,1,N,(N/A),Y,(N/A)
2021,2021-08-05,Thursday,14,02:14 PM,Property Damage,No Injuries,0,0,0,0,0,3,Sideswipe Same Direction,12,N,N,Failing to Reduce Speed to Avoid Crash,Improper Turning/No Signal,Daylight,Clear,Dry,N,,,,,No Controls,No Controls,N,3,41.8816355,-87.7828617,ok,(UNK),1,2104777,2021,,28,6,50000 and OVER,9,4295,Oak Park,C,Urban Local Road or Street,,16,5,11389868,8,Cook,0,21,,,4,N,Yes,Free Flow,202101246216,City,1,0.34,N,,,,(UNK),186272,(N/A),(UNK),No Defects,1,1,Local Road or Street,7,2635,X002331161,Not Toll,73,1,1,"Divided, No Median Barrier",2,2945731.67002455,1908408.82073623,41.8816277,-87.78285595,,Urban,1,N,(N/A),Y,(N/A)
2021,2021-04-27,Tuesday,17,05:19 PM,Property Damage,No Injuries,0,0,0,0,0,2,Front to Rear,11,N,N,Failing to Reduce Speed to Avoid Crash,Following Too Closely,Daylight,Clear,Dry,N,,,,,No Controls,No Controls,N,2,41.8884266,-87.7879068,ok,(UNK),1,2102387,2021,,28,3,50000 and OVER,9,4295,Oak Park,C,Urban Major Collector,,16,27,11261091,4,Cook,0,21,,,2,N,No,Free Flow,202101124899,City,1,0,N,,,,(UNK),186672,(N/A),(UNK),No Defects,1,1,Major Collector,5,,X002222064,Not Toll,73,1,1,Not Divided,1,2944289.10991143,1910845.47431208,41.88841878,-87.78790096,,Urban,1,N,(N/A),Y,(N/A)
2021,2021-04-28,Wednesday,17,05:27 PM,Property Damage,No Injuries,0,0,0,0,0,2,Front to Rear,11,N,N,Following Too Closely,Failing to Reduce Speed to Avoid Crash,Daylight,Rain,Wet,N,,,,,No Controls,No Controls,Y,2,41.8721998,-87.8044617,ok,(UNK),1,2102410,2021,,3,28,50000 and OVER,9,4295,Oak Park,C,Urban Other Principal Arte,,16,28,11261094,4,Cook,0,21,,,3,N,No,Stopped,202101124903,City,1,20.19,Y,,,,(UNK),186674,(N/A),(UNK),No Defects,1,2,Other Principal Arterial,3,348,X002222086,Not Toll,73,1,1,"Divided, No Median Barrier",2,2939943.99377497,1904807.5312079,41.87219197,-87.80445588,,Urban,2,N,(N/A),Y,(N/A)
2021,2021-07-15,Thursday,10,10:12 AM,Property Damage,No Injuries,0,0,0,0,0,5,Front to Rear,11,N,N,Failing to Reduce Speed to Avoid Crash,Following Too Closely,Darkness / Lighted Road,Rain,Wet,Y,,,,,Traffic Signal,Functioning Properly,Y,2,41.8744723,-87.8045448,ok,Partial Access Control,1,21-02130,2021,,28,3,50000 and OVER,9,4295,Oak Park,C,Urban InterState,,16,15,11390721,7,Cook,0,21,,,4,N,No,Stopped,202101247010,City,5,20.03,Y,,,,(UNK),186690,(N/A),(UNK),No Defects,1,2,InterState,1,348,X002331958,Not Toll,73,3,4,Divided With Median Barrier,3,2939898.55279056,1905635.0308739,41.87446442,-87.804539,,Urban,2,N,(N/A),Y,(N/A)
2021,2021-08-10,Tuesday,13,01:34 PM,Property Damage,No Injuries,0,0,0,0,0,2,Front to Rear,11,N,N,Following Too Closely,Driving Skills/Knowledge/Experience,Daylight,Clear,Dry,N,,,,,No Controls,No Controls,N,2,41.8759326,-87.8045942,ok,(UNK),1,21-2394,2021,,3,15,50000 and OVER,9,4295,Oak Park,C,Urban Other Principal Arte,,16,10,11390727,8,Cook,0,21,,,2,N,No,Free Flow,202101247016,City,1,19.93,Y,,,,(UNK),186692,(N/A),(UNK),No Defects,1,1,Other Principal Arterial,3,348,X002331964,Not Toll,73,1,1,Divided With Median Barrier,3,2939870.43286929,1906166.82128915,41.87592473,-87.80458845,,Urban,1,N,(N/A),Y,(N/A)
2021,2021-04-22,Thursday,08,08:40 AM,Property Damage,No Injuries,0,0,0,0,0,2,Front to Rear,11,N,N,Following Too Closely,Failing to Reduce Speed to Avoid Crash,Daylight,Clear,Dry,N,,,,,Other,Functioning Properly,Y,2,41.8726445,-87.7940903,ok,Partial Access Control,3,03-21-05339,2021,,3,28,50000 and OVER,9,4295,Oak Park,C,Urban InterState,,16,22,11261119,4,Cook,0,21,,,4,N,No,(UNK),202101124943,ISP,1,22.07,Y,,,,(UNK),186882,(N/A),(UNK),No Defects,1,1,InterState,1,9290,X002222123,Not Toll,73,13,4,Divided With Median Barrier,3,2942764.38375165,1905047.54293263,41.87263667,-87.79408453,,Urban,1,N,(N/A),Y,(N/A)
2021,2021-04-29,Thursday,18,06:50 PM,Property Damage,No Injuries,0,0,0,0,0,2,Front to Rear,11,N,N,Failing to Reduce Speed to Avoid Crash,Following Too Closely,Daylight,Clear,Dry,N,,,,,Traffic Signal,Functioning Properly,Y,2,41.8732165,-87.8010345,ok,Partial Access Control,3,03-21-05737,2021,,28,3,50000 and OVER,9,4295,Oak Park,C,Urban InterState,,16,29,11261567,4,Cook,0,21,,,4,N,No,(UNK),202101125539,ISP,1,0.11,Y,,,,(UNK),187001,(N/A),(UNK),No Defects,1,1,InterState,1,290,X002222658,Not Toll,,3,4,Ramp,11,2940867.2550175,1905203.77077794,41.87320871,-87.80102867,,Urban,1,N,(N/A),Y,(N/A)
2021,2021-08-10,Tuesday,20,08:32 PM,Property Damage,No Injuries,0,0,0,0,0,2,Angle,15,N,N,Weather,(N/A),Darkness / Lighted Road,Rain,Wet,Y,,,,,Traffic Signal,Not Functioning,N,2,41.8944179,-87.7946754,ok,(UNK),1,2104891,2021,,11,99,50000 and OVER,9,4295,Oak Park,C,Urban Minor Arterial,,16,10,11391266,8,Cook,0,21,,,2,N,No,Slow,202101247438,City,5,0,N,,,,(UNK),187609,(N/A),(UNK),No Defects,1,2,Minor Arterial,4,,X002332297,Not Toll,73,3,2,Not Divided,1,2942385.5854556,1912977.74058061,41.89441001,-87.79466964,,Urban,2,N,(N/A),Y,(N/A)
2021,2021-08-10,Tuesday,21,09:48 PM,Property Damage,No Injuries,0,0,0,0,0,2,Front to Rear,11,N,N,Following Too Closely,(N/A),Darkness / Lighted Road,Clear,Wet,N,,,,,No Controls,No Controls,N,2,41.8754126,-87.8045791,ok,(UNK),1,2104892,2021,,3,99,50000 and OVER,9,4295,Oak Park,C,Urban Other Principal Arte,,16,10,11391267,8,Cook,0,21,,,2,N,No,Slow,202101247439,City,5,19.97,Y,,,,(UNK),187665,(N/A),(UNK),No Defects,1,2,Other Principal Arterial,3,348,X002332300,Not Toll,73,1,1,"Divided, No Median Barrier",2,2939879.76512398,1905977.46180907,41.87540479,-87.80457334,,Urban,1,N,(N/A),Y,(N/A)
2021,2021-10-28,Thursday,11,11:39 AM,Property Damage,No Injuries,0,0,0,0,0,2,Angle,15,N,N,Disregarding Other Traffic Signs,Failing to Reduce Speed to Avoid Crash,Daylight,Cloudy/Overcast,Dry,Y,,,,,Other Regualtory Sig,Functioning Properly,N,2,41.9071929,-87.7949959,ok,(UNK),1,2106699,2021,,24,28,50000 and OVER,9,4295,Oak Park,C,Urban Major Collector,,16,28,11496134,10,Cook,0,21,,,4,N,No,Slow,202101346365,City,1,0,N,,,,(UNK),188106,(N/A),(UNK),No Defects,1,1,Major Collector,5,,X002421180,Not Toll,73,10,4,Divided With Median Barrier,3,2942169.5496401,1917630.81033816,41.90718507,-87.79499014,,Urban,8,N,(N/A),Y,(N/A)
2021,2021-10-20,Wednesday,09,09:47 AM,Injury,B Injury Crash,2,0,0,2,0,1,Turning,10,N,N,Failing to Yield Right of Way,Unable to Determine,Daylight,Clear,Dry,N,,,,,No Controls,No Controls,N,2,41.8795941,-87.7844284,ok,(UNK),1,2106501,2021,,2,18,50000 and OVER,9,4295,Oak Park,C,Urban Major Collector,,16,20,11496136,10,Cook,2,21,,,3,N,No,Slow,202101346367,City,1,1.54,N,,,,(UNK),188108,(N/A),(UNK),No Defects,1,1,Major Collector,5,2783,X002421044,Not Toll,73,1,1,"Divided, No Median Barrier",2,2945325.68407627,1907653.02621632,41.87958626,-87.78442259,,Urban,1,N,(N/A),Y,(N/A)
2021,2021-03-09,Tuesday,15,03:24 PM,Fatal,Fatal Crash,0,1,0,0,0,1,Pedalcyclist,2,N,Y,Improper Lane Usage,(N/A),Daylight,Clear,Dry,N,,,,,No Controls,No Controls,N,1,41.9017671,-87.8055339,ok,(UNK),1,2100238,20,,20,99,50000 and OVER,9,4295,Oak Park,C,Urban Other Principal Arte,,16,9,11262216,3,Cook,4,21,,,2,N,No,Stopped,202101129673,City,1,18.14,Y,,,,(UNK),188497,(N/A),(UNK),No Defects,1,1,Other Principal Arterial,3,348,X002189769,Not Toll,73,1,1,Not Divided,1,2939355.3094838,1915574.36621954,41.90175929,-87.80552814,,Urban,1,N,(N/A),Y,(N/A)
2021,2021-12-23,Thursday,15,03:07 PM,Property Damage,No Injuries,0,0,0,0,0,2,Front to Rear,11,N,N,Failing to Yield Right of Way,Unable to Determine,Daylight,Clear,Dry,N,,,,,No Controls,No Controls,Y,2,41.8753863,-87.801769,ok,(UNK),1,2107994,2021,,2,18,50000 and OVER,9,4295,Oak Park,C,Urban Local Road or Street,,16,23,11573924,12,Cook,0,21,,,4,N,No,Free Flow,202101422435,City,1,0.08,N,,,,(UNK),189219,(N/A),(UNK),No Defects,1,1,Local Road or Street,7,4030,X002488853,Not Toll,73,1,1,Not Divided,1,2940645.389344,1905988.93896647,41.87537843,-87.80176322,,Urban,1,N,(N/A),Y,(N/A)
2021,2021-12-28,Tuesday,13,01:20 PM,Property Damage,No Injuries,0,0,0,0,0,2,Front to Rear,11,N,N,Failing to Reduce Speed to Avoid Crash,Weather,Daylight,Snow,Snow or Slush,Y,,,,,Traffic Signal,Functioning Properly,N,2,41.8796273,-87.8023277,ok,(UNK),1,2108071,2021,,28,11,50000 and OVER,9,4295,Oak Park,C,Urban Minor Arterial,,16,28,11573926,12,Cook,0,21,,,2,N,No,Stopped,202101422437,City,1,0,N,,,,(UNK),189220,(N/A),(UNK),No Defects,1,3,Minor Arterial,4,,X002488922,Not Toll,73,3,4,Not Divided,1,2940450.63368819,1907530.23882876,41.87961942,-87.80232189,,Urban,3,N,(N/A),Y,(N/A)
2021,2021-12-28,Tuesday,14,02:48 PM,Property Damage,No Injuries,0,0,0,0,0,3,Angle,15,N,N,Unable to Determine,Unable to Determine,Daylight,Clear,Wet,Y,,,,,No Controls,No Controls,Y,2,41.894498,-87.7897694,ok,(UNK),1,2108075,2021,,18,18,50000 and OVER,9,4295,Oak Park,C,Urban Minor Arterial,,16,28,11573927,12,Cook,0,21,,,2,N,No,Slow,202101422545,City,1,0,N,,,,(UNK),189221,(N/A),(UNK),No Defects,1,2,Minor Arterial,4,,X002488953,Not Toll,73,1,1,"Divided, No Median Barrier",2,2943720.59076628,1913043.92278456,41.89449012,-87.78976358,,Urban,1,N,(N/A),Y,(N/A)
2021,2021-04-07,Wednesday,18,06:10 PM,Property Damage,No Injuries,0,0,0,0,0,1,Parked Motor Vehicle,9,N,N,Improper Backing,Unable to Determine,Daylight,Unknown,Unknown,N,,,,,No Controls,No Controls,Y,2,41.8886134,-87.8036877,ok,(UNK),1,2102159,2021,,30,18,50000 and OVER,9,4295,Oak Park,C,Urban Major Collector,,16,7,11262036,4,Cook,0,21,,,3,N,No,Free Flow,202101126166,City,1,0.07,N,,,,(UNK),189539,(N/A),(UNK),No Defects,1,9,Major Collector,5,8,X002222971,Not Toll,73,1,1,"Divided, No Median Barrier",2,2939990.02488211,1910794.72681425,41.88860551,-87.80368192,,Urban,9,N,(N/A),Y,(N/A)
2021,2021-04-27,Tuesday,12,12:43 PM,Property Damage,No Injuries,0,0,0,0,0,2,Front to Rear,11,N,N,Failing to Reduce Speed to Avoid Crash,(N/A),Daylight,Clear,Dry,N,,,,,No Controls,No Controls,Y,2,41.8706751,-87.8044033,ok,(UNK),1,2102381,2021,,28,99,50000 and OVER,9,4295,Oak Park,C,Urban Other Principal Arte,,16,27,11262037,4,Cook,0,21,,,2,N,No,Stopped,202101126082,City,1,20.3,Y,,,,(UNK),189540,(N/A),(UNK),No Defects,1,1,Other Principal Arterial,3,348,X002222983,Not Toll,73,1,1,"Divided, No Median Barrier",2,2939975.18644162,1904252.32564157,41.87066722,-87.80439753,,Urban,1,N,(N/A),Y,(N/A)
2021,2021-12-28,Tuesday,18,06:15 PM,Property Damage,No Injuries,0,0,0,0,0,2,Front to Rear,11,N,N,Failing to Reduce Speed to Avoid Crash,(N/A),Darkness / Lighted Road,Freezing Rain,Wet,N,,,,,Traffic Signal,Functioning Properly,N,2,41.8905593,-87.8050049,ok,(UNK),1,2108082,2021,,28,99,50000 and OVER,9,4295,Oak Park,C,Urban Local Road or Street,,16,28,11574021,12,Cook,0,21,,,2,N,No,Slow,202101422536,City,5,0.7,N,,,,(UNK),189778,(N/A),(UNK),No Defects,1,2,Local Road or Street,7,1405,X002489373,Not Toll,73,3,4,"Divided, No Median Barrier",2,2939611.82100198,1911493.97160835,41.89055141,-87.80499912,,Urban,10,N,(N/A),Y,(N/A)
2021,2021-08-11,Wednesday,21,09:23 PM,Property Damage,No Injuries,0,0,0,0,0,2,Sideswipe Same Direction,12,N,N,Improper Overtaking/Passing,Unable to Determine,Daylight,Unknown,Unknown,Y,,,,,Traffic Signal,Functioning Properly,N,2,41.8815878,-87.7943358,ok,(UNK),1,2104910,2021,,4,18,50000 and OVER,9,4295,Oak Park,C,Urban Major Collector,,16,11,11392686,8,Cook,0,21,,,3,N,No,Slow,202101248646,City,1,0,N,,,,(UNK),189983,(N/A),(UNK),Unknown,99,9,Major Collector,5,,X002333584,Not Toll,73,3,4,Not Divided,1,2942607.39197709,1908304.80420034,41.88158,-87.79433,,Urban,9,N,(N/A),N,(N/A)
2021,2021-12-23,Thursday,11,11:25 AM,Property Damage,No Injuries,0,0,0,0,0,4,Front to Rear,11,N,N,Failing to Reduce Speed to Avoid Crash,Following Too Closely,Darkness / Lighted Road,Clear,Dry,N,,,,,Other,Functioning Properly,Y,3,41.8714152,-87.781281,ok,Partial Access Control,3,03-21-19137,2021,,28,3,50000 and OVER,9,4295,Oak Park,C,Urban InterState,,16,23,11574125,12,Cook,0,21,,,4,N,No,(UNK),202101422677,ISP,5,8.86,Y,,,,(UNK),190080,(N/A),(UNK),No Defects,1,1,InterState,1,290,X002489474,Not Toll,,13,4,Divided With Median Barrier,3,2946265.732592,1904696.32061347,41.8714074,-87.78127518,,Urban,1,N,(N/A),Y,(N/A)
2021,2021-08-11,Wednesday,17,05:51 PM,Injury,C Injury Crash,1,0,0,0,1,1,Front to Rear,11,N,N,Failing to Reduce Speed to Avoid Crash,Unable to Determine,Daylight,Cloudy/Overcast,Dry,Y,,,,,Traffic Signal,Functioning Properly,N,2,41.9015504,-87.8054179,ok,(UNK),1,2104907,2021,,28,18,50000 and OVER,9,4295,Oak Park,C,Urban Other Principal Arte,,16,11,11392262,8,Cook,1,21,,,3,N,No,Stopped,202101248386,City,1,27.54,Y,,,,(UNK),190476,(N/A),(UNK),No Defects,1,1,Other Principal Arterial,3,5043,X002333193,Not Toll,73,3,4,Not Divided,1,2939389.08110974,1915496.25573455,41.90154256,-87.80541208,,Urban,8,N,(N/A),Y,(N/A)
2021,2021-08-10,Tuesday,22,10:37 PM,Property Damage,No Injuries,0,0,0,0,0,3,Sideswipe Same Direction,12,N,N,Failing to Reduce Speed to Avoid Crash,Improper Lane Usage,Darkness / Lighted Road,Rain,Wet,N,,,,,No Controls,No Controls,N,2,41.8833495,-87.8048577,ok,(UNK),1,21-02398,2021,,28,20,50000 and OVER,9,4295,Oak Park,C,Urban Other Principal Arte,,16,10,11391829,8,Cook,0,21,,,2,N,No,Free Flow,202101247979,City,5,19.42,Y,,,,(UNK),190501,(N/A),(UNK),No Defects,1,2,Other Principal Arterial,3,348,X002332927,Not Toll,73,1,1,"Divided, No Median Barrier",2,2939724.2541724,1908867.71021939,41.88334166,-87.80485192,,Urban,2,N,(N/A),Y,(N/A)
2021,2021-08-11,Wednesday,18,06:04 PM,Property Damage,No Injuries,0,0,0,0,0,2,Front to Rear,11,N,N,Failing to Reduce Speed to Avoid Crash,Driving Skills/Knowledge/Experience,Daylight,Clear,Dry,N,,,,,No Controls,No Controls,N,2,41.8813245,-87.8047829,ok,(UNK),1,21-2407,2021,,28,15,50000 and OVER,9,4295,Oak Park,C,Urban Other Principal Arte,,16,11,11391830,8,Cook,0,21,,,3,N,No,Stopped,202101247980,City,1,19.56,Y,,,,(UNK),190502,(N/A),(UNK),No Defects,1,1,Other Principal Arterial,3,348,X002332928,Not Toll,73,1,1,"Divided, No Median Barrier",2,2939764.95504553,1908130.31975653,41.88131665,-87.80477708,,Urban,1,N,(N/A),Y,(N/A)
2021,2021-10-30,Saturday,15,03:30 PM,Property Damage,No Injuries,0,0,0,0,0,3,Front to Rear,11,N,N,Failing to Reduce Speed to Avoid Crash,Following Too Closely,Daylight,Clear,Dry,N,,,,,No Controls,No Controls,Y,3,41.7173702,-87.6706657,outside_oak_park,(UNK),3,03-21-16166,2021,,28,3,50000 and OVER,9,4295,Oak Park,C,Urban Local Road or Street,,16,30,11496641,10,Cook,0,21,,,6,N,No,(UNK),202101346854,ISP,1,0.24,N,,,,(UNK),190521,(N/A),(UNK),No Defects,1,1,Local Road or Street,7,2193,X002422741,Not Toll,,1,1,Not Divided,1,2978025.69915195,1849416.79578441,41.71736242,-87.67065995,,Urban,1,N,(N/A),Y,(N/A)
2021,2021-12-17,Friday,17,05:30 PM,Property Damage,No Injuries,0,0,0,0,0,2,Front to Rear,11,N,N,Following Too Closely,Failing to Reduce Speed to Avoid Crash,Daylight,Clear,Dry,N,,,,,No Controls,No Controls,N,2,41.8734569,-87.8041849,ok,Partial Access Control,3,03-21-18824,2021,,3,28,50000 and OVER,9,4295,Oak Park,C,Urban InterState,,16,17,11575018,12,Cook,0,21,,,5,N,No,(UNK),202101423543,ISP,1,7.72,Y,,,,(UNK),190663,(N/A),(UNK),No Defects,1,1,InterState,1,290,X002489898,Not Toll,,1,1,Divided With Median Barrier,3,2940006.7677599,1905267.72691929,41.87344909,-87.80417909,,Urban,1,N,(N/A),Y,(N/A)