crash_year,crash_date,day_of_week,crash_hour,time_of_crash,crash_severity,crash_injury_severity,total_injured,total_fatals,a_injuries,b_injuries,c_injuries,no_injuries,type_of_first_crash,collision_type_code,pedestrian_involved,pedalcyclist_involved,cause1,cause2,lighting_cond,weather_cond,road_surface_cond,intersection_related,is_intersection,highway_or_street_name,at_intersection_with,address_no,traffic_control_device,traffic_control_device_cond,hit_and_run,number_of_vehicles,latitude,longitude,location_status,access_control,agency_code,agency_report_number,agency_report_year,alignment_code,cause1_code,cause2_code,city_class,city_class_code,city_code,city_name,city_township_flag,class_of_trafficway,class_of_trafficway_code,county_code,crash_day,crash_id,crash_month,crash_report_county,crash_severity_cd,crash_yr_source,damaged_property1,damaged_property2,day_of_week_code,did_crash_occur_in_work_zone,did_involve_secondary_crash,flow_condition,icn,investigating_agency_descrip,light_condition_code,mile_station,nhs,non_intersection_direction,non_intersection_distance,non_intersection_units,number_of_lanes,objectid,railroad_crossing_number,road_alignment,road_defects,road_defects_code,road_surface_condition_code,roadway_functional_class,roadway_functional_class_code,route_number,sfe,toll,township,traffic_control_device_code,traffic_control_device_cond_code,trafficway_descrip,trafficway_description_code,ts_crash_coordinate_x,ts_crash_coordinate_y,ts_crash_latitude,ts_crash_longitude,type_report,urban_rural,weather_code,were_workers_present,work_zone,work_zone_related,work_zone_type
2021,2021-10-24,Sunday,19,07:40 PM,Property Damage,No Injuries,0,0,0,0,0,1,Fixed Object,6,N,N,Equipment-Vehicle Condition,Weather,Darkness / Lighted Road,Rain,Wet,N,,,,,Other Regualtory Sig,Functioning Properly,N,1,41.8733711,-87.8032901,ok,Partial Access Control,3,03-21-15693,2021,,10,11,50000 and OVER,9,4295,Oak Park,C,Urban InterState,,16,24,11496782,10,Cook,0,21,,,7,N,No,(UNK),202101346990,ISP,5,7.76,Y,,,,(UNK),191127,(N/A),(UNK),No Defects,1,2,InterState,1,290,X002422876,Not Toll,,10,4,Divided With Median Barrier,3,2940251.34367957,1905243.17158476,41.87336329,-87.80328429,,Urban,2,N,(N/A),Y,(N/A)
2021,2021-09-27,Monday,01,01:20 AM,Property Damage,No Injuries,0,0,0,0,0,2,Sideswipe Same Direction,12,N,N,Improper Lane Usage,Failing to Yield Right of Way,Daylight,Clear,Dry,Y,,,,,No Controls,No Controls,N,2,41.8854023,-87.8049145,ok,(UNK),1,21-02897,2021,,20,2,50000 and OVER,9,4295,Oak Park,C,Urban Other Principal Arte,,16,27,11638357,9,Cook,0,21,,,1,N,No,Slow,202101433973,City,1,26.42,Y,,,,(UNK),192257,(N/A),(UNK),No Defects,1,1,Other Principal Arterial,3,5043,X002543252,Not Toll,73,1,1,Not Divided,1,2939688.18062392,1909615.35965009,41.88539446,-87.80490874,,Urban,1,N,(N/A),Y,(N/A)
2021,2021-10-24,Sunday,10,10:15 AM,Property Damage,No Injuries,0,0,0,0,0,2,Sideswipe Same Direction,12,N,N,Improper Overtaking/Passing,Driving Skills/Knowledge/Experience,Darkness / Lighted Road,Clear,Dry,N,,,,,Other,Functioning Properly,Y,2,41.5390123,-87.9581928,outside_oak_park,Partial Access Control,3,03-21-15890,2021,,4,15,50000 and OVER,9,4295,Oak Park,C,Urban InterState,,16,24,11497530,10,Cook,0,21,,,7,N,No,(UNK),202101347715,ISP,5,140.19,Y,,,,(UNK),192815,(N/A),(UNK),No Defects,1,1,InterState,1,9080,X002423605,Not Toll,,13,4,Divided With Median Barrier,3,2901187.29444756,1782277.24345173,41.53900454,-87.95818695,,Urban,1,N,(N/A),Y,(N/A)
2021,2021-12-30,Thursday,14,02:35 PM,Property Damage,No Injuries,0,0,0,0,0,2,Front to Rear,11,N,N,Improper Overtaking/Passing,Operating Vehicle In Reckless Manner,Daylight,Clear,Dry,N,,,,,No Controls,No Controls,N,2,41.8735857,-87.8045233,ok,(UNK),1,21-03837,2021,,4,50,50000 and OVER,9,4295,Oak Park,C,Urban Other Principal Arte,,16,30,11575273,12,Cook,0,21,,,4,N,No,Free Flow,202101423830,City,1,20.09,Y,,,,(UNK),193110,(N/A),(UNK),No Defects,1,1,Other Principal Arterial,3,348,X002490143,Not Toll,73,1,1,Divided With Median Barrier,3,2939913.30819202,1905312.1182747,41.87357787,-87.80451749,,Urban,1,N,(N/A),Y,(N/A)
2021,2021-05-02,Sunday,07,07:01 AM,Property Damage,No Injuries,0,0,0,0,0,2,Front to Rear,11,N,N,Failing to Reduce Speed to Avoid Crash,Following Too Closely,Daylight,Clear,Dry,Y,,,,,Traffic Signal,Functioning Properly,Y,2,41.8885679,-87.8050254,ok,(UNK),1,2102493,2021,,28,3,50000 and OVER,9,4295,Oak Park,C,Urban Other Principal Arte,,16,2,11265392,5,Cook,0,21,,,7,N,No,Free Flow,202101129676,City,1,26.64,Y,,,,(UNK),193586,(N/A),(UNK),No Defects,1,1,Other Principal Arterial,3,5043,X002225890,Not Toll,73,3,4,Not Divided,1,2939626.22073098,1910768.11480514,41.88856001,-87.80501963,,Urban,1,N,(N/A),Y,(N/A)
2021,2021-05-02,Sunday,00,00:19 AM,Injury,B Injury Crash,1,0,0,1,0,2,Sideswipe Same Direction,12,N,N,Improper Turning/No Signal,Failing to Reduce Speed to Avoid Crash,Darkness / Lighted Road,Cloudy/Overcast,Dry,N,,,,,Traffic Signal,Functioning Properly,Y,2,41.8815599,-87.7961692,ok,(UNK),1,2102489,2021,,6,28,50000 and OVER,9,4295,Oak Park,C,Urban Major Collector,,16,2,11265401,5,Cook,2,21,,,7,N,No,Free Flow,202101129684,City,5,0.44,N,,,,(UNK),193588,(N/A),(UNK),No Defects,1,1,Major Collector,5,5,X002225886,Not Toll,73,3,4,"Divided, No Median Barrier",2,2942108.37392167,1908280.80030221,41.88155201,-87.79616342,,Urban,8,N,(N/A),Y,(N/A)
2021,2021-05-03,Monday,17,05:36 PM,Property Damage,No Injuries,0,0,0,0,0,2,Front to Rear,11,N,N,Failing to Reduce Speed to Avoid Crash,Unable to Determine,Daylight,Rain,Wet,N,,,,,Traffic Signal,Functioning Properly,N,2,41.8756817,-87.804587,ok,(UNK),1,21-01338,2021,,28,18,50000 and OVER,9,4295,Oak Park,C,Urban Other Principal Arte,,16,3,11265544,5,Cook,0,21,,,1,N,No,Free Flow,202101129831,City,1,19.95,Y,,,,(UNK),194224,(N/A),(UNK),No Defects,1,2,Other Principal Arterial,3,348,X002226166,Not Toll,73,3,4,"Divided, No Median Barrier",2,2939874.9357266,1906075.45443856,41.87567386,-87.80458116,,Urban,2,N,(N/A),Y,(N/A)
2021,2021-04-30,Friday,11,11:51 AM,Property Damage,No Injuries,0,0,0,0,0,2,Front to Rear,11,N,N,Failing to Reduce Speed to Avoid Crash,Unable to Determine,Daylight,Clear,Dry,N,,,,,Traffic Signal,Functioning Properly,N,2,41.8798111,-87.7940935,ok,(UNK),1,2102452,2021,,28,18,50000 and OVER,9,4295,Oak Park,C,Urban Minor Arterial,,16,30,11265076,4,Cook,0,21,,,5,N,No,Slow,202101129267,City,1,0,N,,,,(UNK),194274,(N/A),(UNK),No Defects,1,1,Minor Arterial,4,,X002225733,Not Toll,73,3,4,Not Divided,1,2942691.28020489,1907659.15474367,41.87980327,-87.79408773,,Urban,1,N,(N/A),Y,(N/A)
2021,2021-04-30,Friday,15,03:13 PM,Property Damage,No Injuries,0,0,0,0,0,3,Angle,15,N,N,Failing to Yield Right of Way,Vision Obscured,Daylight,Clear,Dry,Y,,,,,Stop Sign,Functioning Properly,N,2,41.8763256,-87.7806646,ok,(UNK),1,2102458,2021,,2,14,50000 and OVER,9,4295,Oak Park,C,Urban Local Road or Street,,16,30,11265128,4,Cook,0,21,,,5,N,No,Free Flow,202101129341,City,1,0,N,,,,(UNK),194608,(N/A),(UNK),No Defects,1,1,Local Road or Street,7,,X002225756,Not Toll,73,2,4,Not Divided,1,2946383.84660148,1906490.42002661,41.87631777,-87.78065881,,Urban,1,N,(N/A),Y,(N/A)
2021,2021-04-30,Friday,18,06:46 PM,Property Damage,No Injuries,0,0,0,0,0,6,Turning,10,N,N,Unable to Determine,(N/A),Daylight,Clear,Dry,Y,,,,,No Controls,No Controls,N,2,41.8820981,-87.7763571,ok,(UNK),1,2102463,2021,,18,99,50000 and OVER,9,4295,Oak Park,C,Urban Major Collector,,16,30,11265131,4,Cook,0,21,,,5,N,No,Slow,202101129344,City,1,0,N,,,,(UNK),194609,(N/A),(UNK),No Defects,1,1,Major Collector,5,,X002225788,Not Toll,73,1,1,"Divided, No Median Barrier",2,2947498.38728381,1908626.68009056,41.88209025,-87.77635135,,Urban,1,N,(N/A),Y,(N/A)
2021,2021-05-03,Monday,09,09:18 AM,Injury,B Injury Crash,1,0,0,1,0,2,Angle,15,N,N,Failing to Reduce Speed to Avoid Crash,(N/A),Daylight,Clear,Dry,Y,,,,,Stop Sign,Functioning Properly,N,2,41.8997144,-87.8054454,ok,(UNK),1,2100425,2021,,28,99,50000 and OVER,9,4295,Oak Park,C,Urban Other Principal Arte,,16,3,11266126,5,Cook,2,21,,,1,N,No,Free Flow,202101130504,City,1,27.42,Y,,,,(UNK),194878,(N/A),(UNK),No Defects,1,1,Other Principal Arterial,3,5043,X002226548,Not Toll,73,2,4,Not Divided,1,2939400.01912675,1914826.96963368,41.89970654,-87.80543958,,Urban,1,N,(N/A),Y,(N/A)
2021,2021-05-03,Monday,11,11:18 AM,Injury,B Injury Crash,1,0,0,1,0,1,Angle,15,N,N,Improper Backing,Failing to Yield Right of Way,Daylight,Cloudy/Overcast,Dry,N,,,,,Stop Sign,Functioning Properly,Y,2,41.8868249,-87.7983334,ok,(UNK),1,2102505,2021,,30,2,50000 and OVER,9,4295,Oak Park,C,Urban Local Road or Street,,16,3,11266155,5,Cook,2,21,,,1,N,No,Free Flow,202101130525,City,1,0.33,N,,,,(UNK),194943,(N/A),(UNK),No Defects,1,1,Local Road or Street,7,3036,X002226692,Not Toll,73,2,4,One-Way,10,2941466.00526636,1910183.18802071,41.88681703,-87.79832765,,Urban,8,N,(N/A),Y,(N/A)
2021,2021-05-03,Monday,17,05:26 PM,Injury,C Injury Crash,1,0,0,0,1,5,Angle,15,N,N,Failing to Yield Right of Way,(N/A),Daylight,Clear,Dry,N,,,,,No Controls,No Controls,N,2,41.9065193,-87.7937685,ok,(UNK),1,2102517,2021,,2,99,50000 and OVER,9,4295,Oak Park,C,Urban Local Road or Street,,16,3,11266205,5,Cook,1,21,,,1,N,No,Free Flow,202101130583,City,1,0.18,N,,,,(UNK),195210,(N/A),(UNK),No Defects,1,1,Local Road or Street,7,2673,X002226722,Not Toll,73,1,1,Not Divided,1,2942510.47638572,1917394.57085939,41.90651144,-87.79376272,,Urban,1,N,(N/A),Y,(N/A)
2021,2021-10-30,Saturday,21,09:12 PM,Injury,A Injury Crash,1,0,1,0,0,5,Turning,10,N,N,Failing to Yield Right of Way,(N/A),Darkness / Lighted Road,Clear,Dry,Y,,,,,Stop Sign,Functioning Properly,N,2,41.8651439,-87.7963325,ok,(UNK),1,21-09945,2021,,2,99,50000 and OVER,9,4295,Oak Park,C,Urban Other Principal Arte,,16,30,11498289,10,Cook,3,21,,,6,N,No,Free Flow,202101359107,City,5,0,Y,,,,(UNK),196272,(N/A),(UNK),No Defects,1,1,Other Principal Arterial,3,,X002424271,Not Toll,52,2,4,Four Way,14,2942229.18783181,1902297.30955124,41.86513607,-87.79632673,,Urban,1,N,(N/A),Y,(N/A)
2021,2021-11-01,Monday,08,08:20 AM,Property Damage,No Injuries,0,0,0,0,0,2,Front to Rear,11,N,N,Following Too Closely,Failing to Reduce Speed to Avoid Crash,Daylight,Clear,Dry,N,,,,,Other Regualtory Sig,Functioning Properly,N,2,41.8730243,-87.7996893,ok,Partial Access Control,3,03-21-16264,2021,,3,28,50000 and OVER,9,4295,Oak Park,C,Urban InterState,,16,1,11498774,11,Cook,0,21,,,1,N,No,(UNK),202101348773,ISP,1,7.92,Y,,,,(UNK),196950,(N/A),(UNK),No Defects,1,1,InterState,1,290,X002424513,Not Toll,,10,4,Divided With Median Barrier,3,2941235.58125627,1905143.81239796,41.87301644,-87.79968346,,Urban,1,N,(N/A),Y,(N/A)
2021,2021-10-29,Friday,20,08:10 PM,Property Damage,No Injuries,0,0,0,0,0,1,Sideswipe Same Direction,12,N,N,Improper Lane Usage,Failing to Reduce Speed to Avoid Crash,Darkness / Lighted Road,Rain,Wet,N,,,,,No Controls,No Controls,N,2,41.8749979,-87.7843037,ok,(UNK),1,2106739,2021,,20,28,50000 and OVER,9,4295,Oak Park,C,Urban Major Collector,,16,29,11498798,10,Cook,0,21,,,5,N,No,Free Flow,202101348795,City,5,1.86,N,,,,(UNK),197081,(N/A),(UNK),No Defects,1,2,Major Collector,5,2783,X002424497,Not Toll,73,1,1,"Divided, No Median Barrier",2,2945406.14844904,1905979.03657137,41.87499008,-87.78429794,,Urban,2,N,(N/A),Y,(N/A)
2021,2021-10-30,Saturday,01,01:30 AM,Property Damage,No Injuries,0,0,0,0,0,1,Front to Rear,11,N,N,Unable to Determine,Unable to Determine,Darkness / Lighted Road,Rain,Wet,N,,,,,No Controls,No Controls,Y,3,41.8668683,-87.7840098,ok,(UNK),1,2106744,2021,,18,18,50000 and OVER,9,4295,Oak Park,C,Urban Major Collector,,16,30,11498799,10,Cook,0,21,,,6,N,No,Free Flow,202101348796,City,5,2.43,N,,,,(UNK),197082,(N/A),(UNK),No Defects,1,2,Major Collector,5,2783,X002424522,Not Toll,73,1,1,"Divided, No Median Barrier",2,2945568.48012875,1903018.68469082,41.86686047,-87.78400401,,Urban,2,N,(N/A),Y,(N/A)
2021,2021-10-30,Saturday,13,01:15 PM,Injury,C Injury Crash,1,0,0,0,1,3,Angle,15,N,N,Failing to Yield Right of Way,Failing to Reduce Speed to Avoid Crash,Daylight,Cloudy/Overcast,Dry,Y,,,,,Stop Sign,Functioning Properly,N,2,41.8881778,-87.7798058,ok,(UNK),1,2106751,2021,,2,28,50000 and OVER,9,4295,Oak Park,C,Urban Major Collector,,16,30,11498801,10,Cook,1,21,,,6,N,No,Free Flow,202101348798,City,1,0,N,,,,(UNK),197083,(N/A),(UNK),No Defects,1,1,Major Collector,5,,X002424533,Not Toll,73,2,4,Not Divided,1,2946497.55578467,1910816.10232735,41.88817,-87.7798,,Urban,8,N,(N/A),Y,(N/A)
2021,2021-10-30,Saturday,10,10:07 AM,Property Damage,No Injuries,0,0,0,0,0,3,Angle,15,N,N,Failing to Yield Right of Way,Improper Turning/No Signal,Daylight,Clear,Dry,N,,,,,No Controls,No Controls,N,2,41.8758749,-87.8045926,ok,(UNK),1,2106747,2021,,2,6,50000 and OVER,9,4295,Oak Park,C,Urban Other Principal Arte,,16,30,11498833,10,Cook,0,21,,,6,N,No,Free Flow,202101348840,City,1,19.94,Y,,,,(UNK),197319,(N/A),(UNK),No Defects,1,1,Other Principal Arterial,3,348,X002424524,Not Toll,73,1,1,T-Intersection,15,2939871.46885982,1906145.80014966,41.87586701,-87.80458677,,Urban,1,N,(N/A),Y,(N/A)
2021,2021-10-30,Saturday,22,10:05 PM,Property Damage,No Injuries,0,0,0,0,0,2,Sideswipe Same Direction,12,N,N,(N/A),(N/A),Darkness,Clear,Dry,N,,,,,Traffic Signal,Functioning Properly,Y,2,41.8867115,-87.8049543,ok,(UNK),1,2106762,2021,,99,99,50000 and OVER,9,4295,Oak Park,C,Urban Other Principal Arte,,16,30,11498834,10,Cook,0,21,,,6,N,No,Slow,202101348841,City,4,26.51,Y,,,,(UNK),197320,(N/A),(UNK),No Defects,1,1,Other Principal Arterial,3,5043,X002424546,Not Toll,73,3,4,Not Divided,1,2939664.22266659,1910092.17103243,41.88670369,-87.80494848,,Urban,1,N,(N/A),Y,(N/A)
2021,2021-04-24,Saturday,01,01:56 AM,Injury,B Injury Crash,1,0,0,1,0,0,Fixed Object,6,N,N,Failing to Reduce Speed to Avoid Crash,(N/A),Darkness / Lighted Road,Clear,Dry,N,,,,,Traffic Signal,Functioning Properly,N,1,41.873588,-87.8042194,ok,Partial Access Control,3,03-21-05449,2021,,28,99,50000 and OVER,9,4295,Oak Park,C,Urban InterState,,16,24,11266917,4,Cook,2,21,,,6,N,No,(UNK),202101131427,ISP,5,0,Y,,,,(UNK),197898,(N/A),(UNK),No Defects,1,1,InterState,1,,X002227416,Not Toll,,3,4,Ramp,11,2939996.04928219,1905315.24105871,41.87358019,-87.80421362,,Urban,1,N,(N/A),Y,(N/A)
2021,2021-05-04,Tuesday,07,07:45 AM,Property Damage,No Injuries,0,0,0,0,0,2,Front to Rear,11,N,N,Failing to Reduce Speed to Avoid Crash,Following Too Closely,Daylight,Clear,Wet,N,,,,,No Controls,No Controls,N,2,41.8730249,-87.7996953,ok,Partial Access Control,3,03-21-05954,2021,,28,3,50000 and OVER,9,4295,Oak Park,C,Urban InterState,,16,4,11266565,5,Cook,0,21,,,2,N,No,(UNK),202101131066,ISP,1,7.92,Y,,,,(UNK),198050,(N/A),(UNK),No Defects,1,2,InterState,1,290,X002227080,Not Toll,,1,1,Divided With Median Barrier,3,2941233.93215516,1905143.98689674,41.87301704,-87.79968949,,Urban,1,N,(N/A),Y,(N/A)
2021,2021-05-04,Tuesday,07,07:20 AM,Property Damage,No Injuries,0,0,0,0,0,2,Front to Rear,11,N,N,Failing to Reduce Speed to Avoid Crash,(N/A),Daylight,Cloudy/Overcast,Dry,N,,,,,Traffic Signal,Functioning Properly,Y,2,41.8797222,-87.7943694,ok,(UNK),1,2102527,2021,,28,99,50000 and OVER,9,4295,Oak Park,C,Urban Minor Arterial,,16,4,11267757,5,Cook,0,21,,,2,N,No,Slow,202101132005,City,1,3.6,N,,,,(UNK),198657,(N/A),(UNK),No Defects,1,1,Minor Arterial,4,1419,X002227864,Not Toll,73,3,4,"Divided, No Median Barrier",2,2942617.03322365,1907624.6885892,41.87971439,-87.79436364,,Urban,8,N,(N/A),Y,(N/A)
2021,2021-05-04,Tuesday,12,12:36 PM,Property Damage,No Injuries,0,0,0,0,0,2,Sideswipe Same Direction,12,N,N,Failing to Reduce Speed to Avoid Crash,Unable to Determine,Daylight,Freezing Rain,Wet,N,,,,,No Controls,No Controls,Y,2,41.8817076,-87.7853554,ok,(UNK),1,2102532,2021,,28,18,50000 and OVER,9,4295,Oak Park,C,Urban Major Collector,,16,4,11267758,5,Cook,0,21,,,2,N,No,Free Flow,202101132006,City,1,0.99,N,,,,(UNK),198658,(N/A),(UNK),No Defects,1,2,Major Collector,5,5,X002227869,Not Toll,73,1,1,"Divided, No Median Barrier",2,2945051.82510755,1908416.21723127,41.88169976,-87.78534965,,Urban,10,N,(N/A),Y,(N/A)
2021,2021-08-15,Sunday,15,03:00 PM,Property Damage,No Injuries,0,0,0,0,0,3,Front to Rear,11,N,N,Failing to Reduce Speed to Avoid Crash,Following Too Closely,Daylight,Clear,Dry,N,,,,,No Controls,No Controls,N,2,41.8732744,-87.8022812,ok,Partial Access Control,3,03-21-11803,2021,,28,3,50000 and OVER,9,4295,Oak Park,C,Urban InterState,,16,15,11396083,8,Cook,0,21,,,7,N,No,(UNK),202101251880,ISP,1,7.8,Y,,,,(UNK),198908,(N/A),(UNK),No Defects,1,1,InterState,1,290,X002336777,Not Toll,,1,1,Divided With Median Barrier,3,2940527.10408431,1905215.48846767,41.87326655,-87.8022754,,Urban,1,N,(N/A),Y,(N/A)
2021,2021-05-05,Wednesday,17,05:30 PM,Property Damage,No Injuries,0,0,0,0,0,2,Sideswipe Same Direction,12,N,N,Improper Overtaking/Passing,Operating Vehicle In Reckless Manner,Daylight,Clear,Dry,N,,,,,Traffic Signal,Functioning Properly,Y,2,41.8737346,-87.8045282,ok,(UNK),1,21-01365,2021,,4,50,50000 and OVER,9,4295,Oak Park,C,Urban Other Principal Arte,,16,5,11268263,5,Cook,0,21,,,3,N,No,Stopped,202101132492,City,1,20.08,Y,,,,(UNK),198952,(N/A),(UNK),No Defects,1,1,Other Principal Arterial,3,348,X002228421,Not Toll,73,3,4,Divided With Median Barrier,3,2939910.46453916,1905366.34665129,41.87372678,-87.80452244,,Urban,1,N,(N/A),Y,(N/A)
2021,2021-10-29,Friday,18,06:40 PM,Injury,B Injury Crash,1,0,0,1,0,5,Angle,15,N,N,Failing to Yield Right of Way,Driving Skills/Knowledge/Experience,Darkness / Lighted Road,Rain,Wet,Y,,,,,Stop Sign,Functioning Properly,N,3,41.9052131,-87.8056626,ok,(UNK),1,2101157,2021,,2,15,50000 and OVER,9,4295,Oak Park,C,Urban Other Principal Arte,,16,29,11499930,10,Cook,2,21,,,5,N,No,Free Flow,202101350139,City,5,27.8,Y,,,,(UNK),199808,(N/A),(UNK),No Defects,1,2,Other Principal Arterial,3,5043,X002425604,Not Toll,73,2,4,Four Way,14,2939285.7081759,1916829.16800217,41.90520522,-87.80565678,,Urban,2,N,(N/A),Y,(N/A)
2021,2021-05-05,Wednesday,11,11:16 AM,Property Damage,No Injuries,0,0,0,0,0,2,Sideswipe Same Direction,12,N,N,Failing to Yield Right of Way,Driving Skills/Knowledge/Experience,Daylight,Clear,Dry,N,,,,,No Controls,No Controls,N,2,41.8686157,-87.8018809,ok,(UNK),1,2102549,2021,,2,15,50000 and OVER,9,4295,Oak Park,C,Urban Local Road or Street,,16,5,11268855,5,Cook,0,21,,,3,N,No,Free Flow,202101133037,City,1,0,N,,,,(UNK),199937,(N/A),(UNK),No Defects,1,1,Local Road or Street,7,,X002228905,Not Toll,73,1,1,Not Divided,1,2940682.93329819,1903520.79765164,41.86860789,-87.80187508,,Urban,1,N,(N/A),Y,(N/A)
2021,2021-12-31,Friday,11,11:45 AM,Property Damage,No Injuries,0,0,0,0,0,2,Front to Rear,11,N,N,Following Too Closely,Failing to Reduce Speed to Avoid Crash,Daylight,Clear,Dry,N,,,,,Other,Functioning Properly,N,2,41.87354,-87.801936,ok,Partial Access Control,3,03-21-19529,2021,,3,28,50000 and OVER,9,4295,Oak Park,C,Urban InterState,,16,31,11577708,12,Cook,0,21,,,5,N,No,(UNK),202101426166,ISP,1,21.7,Y,,,,(UNK),200967,(N/A),(UNK),No Defects,1,1,InterState,1,9290,X002492386,Not Toll,73,13,4,Divided With Median Barrier,3,2940618.44793769,1905314.87171945,41.87353216,-87.80193024,,Urban,1,N,(N/A),Y,(N/A)
2021,2021-10-30,Saturday,21,09:59 PM,Property Damage,No Injuries,0,0,0,0,0,2,Turning,10,N,N,Failing to Reduce Speed to Avoid Crash,Unable to Determine,Darkness / Lighted Road,Clear,Dry,Y,,,,,Traffic Signal,Functioning Properly,N,2,41.8736406,-87.8045175,ok,Partial Access Control,1,21-03259,2021,,28,18,50000 and OVER,9,4295,Oak Park,C,Urban InterState,,16,30,11500887,10,Cook,0,21,,,6,N,No,Free Flow,202101351517,City,5,25.61,Y,,,,(UNK),201044,(N/A),(UNK),No Defects,1,1,InterState,1,5043,X002426482,Not Toll,73,3,4,Divided With Median Barrier,3,2939914.32105826,1905332.16677118,41.87363277,-87.80451175,,Urban,1,N,(N/A),Y,(N/A)
2021,2021-11-01,Monday,15,03:15 PM,Property Damage,No Injuries,0,0,0,0,0,2,Angle,15,N,N,Failing to Yield Right of Way,(N/A),Daylight,Clear,Dry,N,,,,,No Controls,No Controls,Y,2,41.9084105,-87.7901865,ok,(UNK),1,2106812,2021,,2,99,50000 and OVER,9,4295,Oak Park,C,Urban Local Road or Street,,16,1,11500450,11,Cook,0,21,,,1,N,No,Free Flow,202101350862,City,1,0.05,N,,,,(UNK),201296,(N/A),(UNK),No Defects,1,1,Local Road or Street,7,2660,X002426068,Not Toll,73,1,1,"Divided, No Median Barrier",2,2943466.49781302,1918110.76324579,41.90840262,-87.79018068,,Urban,1,N,(N/A),Y,(N/A)
2021,2021-05-05,Wednesday,16,04:05 PM,Property Damage,No Injuries,0,0,0,0,0,3,Front to Rear,11,N,N,Following Too Closely,(N/A),Daylight,Clear,Dry,Y,,,,,No Controls,No Controls,N,2,41.8943379,-87.7991453,ok,(UNK),1,2102557,2021,,3,99,50000 and OVER,9,4295,Oak Park,C,Urban Minor Arterial,,16,5,11269096,5,Cook,0,21,,,3,N,No,Free Flow,202101133072,City,1,0,N,,,,(UNK),201368,(N/A),(UNK),No Defects,1,1,Minor Arterial,4,,X002228908,Not Toll,73,1,1,Not Divided,1,2941169.35166788,1912914.95531065,41.89433001,-87.79913948,,Urban,1,N,(N/A),Y,(N/A)
2021,2021-05-05,Wednesday,17,05:38 PM,Injury,B Injury Crash,2,0,0,2,0,0,Angle,15,N,N,Failing to Yield Right of Way,(N/A),Daylight,Clear,Dry,Y,,,,,Stop Sign,Functioning Properly,N,2,41.9070578,-87.8057261,ok,(UNK),1,2100438,2021,,2,99,50000 and OVER,9,4295,Oak Park,C,Urban Other Principal Arte,,16,5,11269098,5,Cook,2,21,,,3,N,No,Free Flow,202101133074,City,1,27.92,Y,,,,(UNK),201369,(N/A),(UNK),No Defects,1,1,Other Principal Arterial,3,5043,X002228963,Not Toll,73,2,4,Four Way,14,2939249.91417866,1917500.96208385,41.90704999,-87.80572026,,Urban,1,N,(N/A),Y,(N/A)
2021,2021-04-17,Saturday,12,12:26 PM,Property Damage,No Injuries,0,0,0,0,0,4,Front to Rear,11,N,N,Failing to Reduce Speed to Avoid Crash,(N/A),Daylight,Clear,Dry,N,,,,,Other Regualtory Sig,Functioning Properly,Y,3,41.8733255,-87.8028146,ok,Partial Access Control,3,03-21-05102,2021,,28,99,50000 and OVER,9,4295,Oak Park,C,Urban InterState,,16,17,11268726,4,Cook,0,21,,,6,N,No,(UNK),202101132921,ISP,1,7.78,Y,,,,(UNK),201420,(N/A),(UNK),No Defects,1,1,InterState,1,290,X002228860,Not Toll,,10,4,Divided With Median Barrier,3,2940381.29821263,1905230.12525752,41.8733177,-87.80280884,,Urban,1,N,(N/A),Y,(N/A)
2021,2021-08-12,Thursday,12,12:06 PM,Injury,A Injury Crash,1,0,1,0,0,3,Turning,10,N,N,Improper Turning/No Signal,(N/A),Daylight,Clear,Dry,Y,,,,,No Controls,No Controls,N,2,41.8820977,-87.7763571,ok,(UNK),1,2104923,2021,,6,99,50000 and OVER,9,4295,Oak Park,C,Urban Major Collector,,16,12,11396852,8,Cook,3,21,,,4,N,No,(UNK),202101252570,City,1,0,N,,,,(UNK),202051,(N/A),(UNK),No Defects,1,1,Major Collector,5,,X002334475,Not Toll,73,1,1,"Divided, No Median Barrier",2,2947498.39529991,1908626.52067691,41.88208981,-87.77635134,,Urban,1,N,(N/A),Y,(N/A)
2021,2021-12-24,Friday,23,11:00 PM,Property Damage,No Injuries,0,0,0,0,0,4,Front to Rear,11,N,N,Following Too Closely,Failing to Reduce Speed to Avoid Crash,Darkness / Lighted Road,Clear,Dry,N,,,,,No Controls,No Controls,N,2,41.8719818,-87.784614,ok,Partial Access Control,3,03-21-19193,2021,,3,28,50000 and OVER,9,4295,Oak Park,C,Urban InterState,,16,24,11577950,12,Cook,0,21,,,5,N,No,(UNK),202101426370,ISP,5,22.57,Y,,,,(UNK),202440,(N/A),(UNK),No Defects,1,1,InterState,1,9290,X002492626,Not Toll,73,1,1,Divided With Median Barrier,3,2945352.16419146,1904877.55988974,41.87197395,-87.7846082,,Urban,1,N,(N/A),Y,(N/A)
2021,2021-05-06,Thursday,07,07:36 AM,Property Damage,No Injuries,0,0,0,0,0,2,Sideswipe Same Direction,12,N,N,Improper Lane Usage,Unable to Determine,Daylight,Clear,Wet,N,,,,,Traffic Signal,Functioning Properly,N,2,41.8776491,-87.8046503,ok,(UNK),1,21-01373,2021,,20,18,50000 and OVER,9,4295,Oak Park,C,Urban Other Principal Arte,,16,6,11269406,5,Cook,0,21,,,4,N,No,Slow,202101133401,City,1,19.81,Y,,,,(UNK),203028,(N/A),(UNK),No Defects,1,2,Other Principal Arterial,3,348,X002229252,Not Toll,73,3,4,"Divided, No Median Barrier",2,2939837.94607242,1906791.92303976,41.87764122,-87.80464449,,Urban,1,N,(N/A),Y,(N/A)