crash_year,crash_date,day_of_week,crash_hour,time_of_crash,crash_severity,crash_injury_severity,total_injured,total_fatals,a_injuries,b_injuries,c_injuries,no_injuries,type_of_first_crash,collision_type_code,pedestrian_involved,pedalcyclist_involved,cause1,cause2,lighting_cond,weather_cond,road_surface_cond,intersection_related,is_intersection,highway_or_street_name,at_intersection_with,address_no,traffic_control_device,traffic_control_device_cond,hit_and_run,number_of_vehicles,latitude,longitude,location_status,access_control,agency_code,agency_report_number,agency_report_year,alignment_code,cause1_code,cause2_code,city_class,city_class_code,city_code,city_name,city_township_flag,class_of_trafficway,class_of_trafficway_code,county_code,crash_day,crash_id,crash_month,crash_report_county,crash_severity_cd,crash_yr_source,damaged_property1,damaged_property2,day_of_week_code,did_crash_occur_in_work_zone,did_involve_secondary_crash,flow_condition,icn,investigating_agency_descrip,light_condition_code,mile_station,nhs,non_intersection_direction,non_intersection_distance,non_intersection_units,number_of_lanes,objectid,railroad_crossing_number,road_alignment,road_defects,road_defects_code,road_surface_condition_code,roadway_functional_class,roadway_functional_class_code,route_number,sfe,toll,township,traffic_control_device_code,traffic_control_device_cond_code,trafficway_descrip,trafficway_description_code,ts_crash_coordinate_x,ts_crash_coordinate_y,ts_crash_latitude,ts_crash_longitude,type_report,urban_rural,weather_code,were_workers_present,work_zone,work_zone_related,work_zone_type
2021,2021-08-13,Friday,18,06:52 PM,Injury,B Injury Crash,1,0,0,1,0,3,Angle,15,N,N,Failing to Yield Right of Way,Failing to Reduce Speed to Avoid Crash,Daylight,Clear,Dry,Y,,,,,Stop Sign,Functioning Properly,N,2,41.8946279,-87.7799848,ok,(UNK),1,2104950,2021,,2,28,50000 and OVER,9,4295,Oak Park,C,Urban Minor Arterial,,16,13,11397860,8,Cook,2,21,,,5,N,No,Free Flow,202101252737,City,1,0,N,,,,(UNK),204167,(N/A),(UNK),No Defects,1,1,Minor Arterial,4,,X002337514,Not Toll,73,2,4,Not Divided,1,2946383.39438644,1913165.25931887,41.89462002,-87.77997901,,Urban,1,N,(N/A),Y,(N/A)
2021,2021-10-30,Saturday,13,01:54 PM,Property Damage,No Injuries,0,0,0,0,0,4,Turning,10,N,N,Failing to Yield Right of Way,Failing to Reduce Speed to Avoid Crash,Daylight,Clear,Dry,N,,,,,Traffic Signal,Functioning Properly,N,2,41.8650602,-87.8019605,ok,(UNK),1,21-09936,2021,,2,28,50000 and OVER,9,4295,Oak Park,C,Urban Other Principal Arte,,16,30,11501511,10,Cook,0,21,,,6,N,No,Stopped,202101352132,City,1,6.11,Y,,,,(UNK),204200,(N/A),(UNK),No Defects,1,1,Other Principal Arterial,3,347,X002427068,Not Toll,73,3,4,"Divided, No Median Barrier",2,2940696.96729528,1902224.49112432,41.86505233,-87.80195466,,Urban,1,N,(N/A),Y,(N/A)
2021,2021-11-02,Tuesday,15,03:41 PM,Property Damage,No Injuries,0,0,0,0,0,4,Turning,10,N,N,Failing to Yield Right of Way,Failing to Reduce Speed to Avoid Crash,Daylight,Cloudy/Overcast,Dry,Y,,,,,No Controls,No Controls,N,2,41.8881778,-87.7798058,ok,(UNK),1,2106838,2021,,2,28,50000 and OVER,9,4295,Oak Park,C,Urban Major Collector,,16,2,11501891,11,Cook,0,21,,,2,N,No,Free Flow,202101352424,City,1,0,N,,,,(UNK),204219,(N/A),(UNK),No Defects,1,1,Major Collector,5,,X002427157,Not Toll,73,1,1,"Divided, No Median Barrier",2,2946497.55578467,1910816.10232735,41.88817,-87.7798,,Urban,8,N,(N/A),Y,(N/A)
2021,2021-11-02,Tuesday,15,03:35 PM,Injury,C Injury Crash,1,0,0,0,1,1,Angle,15,N,N,Failing to Yield Right of Way,Physical Condition of Driver,Daylight,Clear,Dry,Y,,,,,Stop Sign,Functioning Properly,N,2,41.8715879,-87.7890758,ok,(UNK),1,2106837,2021,,2,17,50000 and OVER,9,4295,Oak Park,C,Urban Minor Collector,,16,2,11501894,11,Cook,1,21,,,2,N,Yes,Slow,202101352426,City,1,0,N,,,,(UNK),204220,(N/A),(UNK),No Defects,1,1,Minor Collector,6,,X002427252,Not Toll,73,2,4,"Divided, No Median Barrier",2,2944140.865195,1904700.30197134,41.87158005,-87.78907,,Urban,1,N,(N/A),Y,(N/A)
2021,2021-11-02,Tuesday,15,03:58 PM,Property Damage,No Injuries,0,0,0,0,0,4,Front to Rear,11,N,N,Failing to Reduce Speed to Avoid Crash,Unable to Determine,Daylight,Clear,Dry,Y,,,,,Traffic Signal,Functioning Properly,N,3,41.8815878,-87.7943358,ok,(UNK),1,2106840,2021,,28,18,50000 and OVER,9,4295,Oak Park,C,Urban Major Collector,,16,2,11501895,11,Cook,0,21,,,2,N,Yes,Free Flow,202101352428,City,1,0,N,,,,(UNK),204221,(N/A),(UNK),No Defects,1,1,Major Collector,5,,X002427268,Not Toll,73,3,4,"Divided, No Median Barrier",2,2942607.39197709,1908304.80420034,41.88158,-87.79433,,Urban,1,N,(N/A),Y,(N/A)
2021,2021-11-02,Tuesday,17,05:11 PM,Injury,C Injury Crash,1,0,0,0,1,1,Sideswipe Same Direction,12,N,N,Improper Lane Usage,(N/A),Dusk,Clear,Dry,N,,,,,Stop Sign,Functioning Properly,Y,2,41.8796571,-87.8010736,ok,(UNK),1,2106843,2021,,20,99,50000 and OVER,9,4295,Oak Park,C,Urban Minor Arterial,,16,2,11501971,11,Cook,1,21,,,2,N,No,Stopped,202101352540,City,3,0,N,,,,(UNK),204718,(N/A),(UNK),No Defects,1,1,Minor Arterial,4,,X002427278,Not Toll,73,2,4,T-Intersection,15,2940791.88147171,1907550.53309601,41.87964927,-87.80106777,,Urban,1,N,(N/A),Y,(N/A)
2021,2021-08-15,Sunday,13,01:01 PM,Injury,B Injury Crash,1,0,0,1,0,3,Front to Rear,11,N,N,Following Too Closely,(N/A),Daylight,Clear,Dry,Y,,,,,No Controls,No Controls,N,2,41.8650659,-87.8015617,ok,(UNK),1,2104986,2021,,3,99,50000 and OVER,9,4295,Oak Park,C,Urban Other Principal Arte,,16,15,11397984,8,Cook,2,21,,,7,N,No,Stopped,202101252856,City,1,0,Y,,,,(UNK),204845,(N/A),(UNK),No Defects,1,1,Other Principal Arterial,3,,X002337684,Not Toll,73,1,1,"Divided, No Median Barrier",2,2940805.53046594,1902229.5663636,41.86505804,-87.80155591,,Urban,1,N,(N/A),Y,(N/A)
2021,2021-08-14,Saturday,12,12:52 PM,Injury,C Injury Crash,2,0,0,0,2,0,Fixed Object,6,N,N,Failing to Reduce Speed to Avoid Crash,Unable to Determine,Daylight,Clear,Dry,N,,,,,No Controls,No Controls,N,1,41.8963863,-87.7855943,ok,(UNK),1,2104966,2021,,28,18,50000 and OVER,9,4295,Oak Park,C,Urban Local Road or Street,,16,14,11397988,8,Cook,1,21,ELECTRIC UTILITY POLE,,6,N,No,Free Flow,202101252859,City,1,0.62,N,,,,(UNK),204880,(N/A),(UNK),No Defects,1,1,Local Road or Street,7,3090,X002337661,Not Toll,73,1,1,Other,8,2944838.275434,1913763.61542827,41.89637848,-87.78558846,,Urban,1,N,(N/A),Y,(N/A)
2021,2021-08-14,Saturday,14,02:49 PM,Injury,C Injury Crash,3,0,0,0,3,0,Angle,15,N,N,Unable to Determine,Unable to Determine,Daylight,Clear,Dry,Y,,,,,No Controls,No Controls,N,2,41.8744484,-87.7842755,ok,(UNK),1,2104969,2021,,18,18,50000 and OVER,9,4295,Oak Park,C,Urban Major Collector,,16,14,11397989,8,Cook,1,21,,,6,N,Yes,Slow,202101252860,City,1,0,N,,,,(UNK),204881,(N/A),(UNK),No Defects,1,1,Major Collector,5,,X002337665,Not Toll,73,1,1,"Divided, No Median Barrier",2,2945419.38784127,1905779.00956177,41.8744406,-87.78426974,,Urban,1,N,(N/A),Y,(N/A)
2021,2021-08-14,Saturday,02,02:55 AM,Property Damage,No Injuries,0,0,0,0,0,2,Sideswipe Same Direction,12,N,N,Failing to Reduce Speed to Avoid Crash,Improper Lane Usage,Darkness / Lighted Road,Clear,Dry,N,,,,,Other,Functioning Properly,Y,2,41.8726753,-87.7944167,ok,Partial Access Control,3,03-21-11716,2021,,28,20,50000 and OVER,9,4295,Oak Park,C,Urban InterState,,16,14,11398606,8,Cook,0,21,,,6,Y,No,(UNK),202101253453,ISP,5,22.05,Y,,,,(UNK),205849,(N/A),(UNK),No Defects,1,1,InterState,1,9290,X002338310,Not Toll,73,13,4,Divided With Median Barrier,3,2942675.16974901,1905056.30977543,41.87266748,-87.79441093,,Urban,1,N,Construction,Y,Construction Work Zone
2021,2021-08-16,Monday,11,11:54 AM,Property Damage,No Injuries,0,0,0,0,0,2,Turning,10,N,N,Failing to Yield Right of Way,Failing to Reduce Speed to Avoid Crash,Daylight,Clear,Dry,Y,,,,,Stop Sign,Functioning Properly,N,2,41.8796078,-87.8038459,ok,(UNK),1,2105007,2021,,2,28,50000 and OVER,9,4295,Oak Park,C,Urban Minor Arterial,,16,16,11399155,8,Cook,0,21,CEMENT GARBAGE CAN,IRON FENCE,1,N,Yes,(UNK),202101253854,City,1,0,N,,,,(UNK),206037,(N/A),(UNK),No Defects,1,1,Minor Arterial,4,,X002338654,Not Toll,73,2,4,"Divided, No Median Barrier",2,2940037.35872457,1907511.77116296,41.8796,-87.8038401,,Urban,1,N,(N/A),Y,(N/A)
2021,2021-08-16,Monday,10,10:23 AM,Property Damage,No Injuries,0,0,0,0,0,1,Parked Motor Vehicle,9,N,N,Equipment-Vehicle Condition,Driving On Wrong Side/Wrong Way,Daylight,Clear,Dry,N,,,,,No Controls,No Controls,N,2,41.8973773,-87.7817199,ok,(UNK),1,2105001,2021,,10,5,50000 and OVER,9,4295,Oak Park,C,Urban Local Road or Street,,16,16,11399156,8,Cook,0,21,,,1,N,No,Free Flow,202101253855,City,1,0.18,N,,,,(UNK),206038,(N/A),(UNK),No Defects,1,1,Local Road or Street,7,2630,X002338655,Not Toll,73,1,1,Not Divided,1,2945883.11322822,1914154.05070513,41.89736942,-87.78171406,,Urban,1,N,(N/A),Y,(N/A)
2021,2021-08-16,Monday,18,06:47 PM,Injury,B Injury Crash,1,0,0,1,0,1,Pedalcyclist,2,N,Y,Improper Overtaking/Passing,Failing to Reduce Speed to Avoid Crash,Dusk,Clear,Dry,N,,,,,No Controls,No Controls,N,1,41.9072915,-87.7925853,ok,(UNK),1,2105018,2021,,4,28,50000 and OVER,9,4295,Oak Park,C,Urban Local Road or Street,,16,16,11399158,8,Cook,2,21,,,1,N,No,Slow,202101253857,City,3,0.13,N,,,,(UNK),206039,(N/A),(UNK),No Defects,1,1,Local Road or Street,7,2670,X002338665,Not Toll,73,1,1,Not Divided,1,2942824.78462733,1917684.90475133,41.90728367,-87.79257951,,Urban,1,N,(N/A),Y,(N/A)
2021,2021-12-28,Tuesday,15,03:12 PM,Property Damage,No Injuries,0,0,0,0,0,2,Sideswipe Same Direction,12,N,N,Improper Lane Usage,Failing to Reduce Speed to Avoid Crash,Daylight,Snow,Dry,N,,,,,Other Regualtory Sig,Functioning Properly,Y,2,42.0713053,-87.7579987,outside_oak_park,Partial Access Control,3,03-21-19363,2021,,20,28,50000 and OVER,9,4295,Oak Park,C,Urban InterState,,16,28,11578206,12,Cook,0,21,,,2,N,No,(UNK),202101426565,ISP,1,35.15,Y,,,,(UNK),206298,(N/A),(UNK),No Defects,1,1,InterState,1,9094,X002492858,Not Toll,,10,4,Divided With Median Barrier,3,2950558.09971661,1977718.27422623,42.07129745,-87.75799288,,Urban,3,N,(N/A),Y,(N/A)
2021,2021-08-14,Saturday,07,07:10 AM,Property Damage,No Injuries,0,0,0,0,0,1,Parked Motor Vehicle,9,N,N,Failing to Reduce Speed to Avoid Crash,(N/A),Unknown,Clear,Dry,N,,,,,No Controls,No Controls,Y,2,41.8875883,-87.7895495,ok,(UNK),1,2104954,2021,,28,99,50000 and OVER,9,4295,Oak Park,C,Urban Minor Collector,,16,14,11399289,8,Cook,0,21,,,6,N,No,(UNK),202101253998,City,9,0.07,N,,,,(UNK),206567,(N/A),(UNK),No Defects,1,1,Minor Collector,6,2779,X002338772,Not Toll,73,1,1,Not Divided,1,2943850.26662273,1910527.57256261,41.88758046,-87.78954365,,Urban,1,N,(N/A),Y,(N/A)
2021,2021-05-05,Wednesday,19,07:21 PM,Injury,A Injury Crash,1,0,1,0,0,2,Front to Rear,11,N,N,Improper Lane Usage,Failing to Reduce Speed to Avoid Crash,Dusk,Clear,Dry,N,,,,,Delineators,Functioning Properly,N,3,41.8730074,-87.7995045,ok,Partial Access Control,3,03-21-06043,2021,,20,28,50000 and OVER,9,4295,Oak Park,C,Urban InterState,,16,5,11271903,5,Cook,3,21,,,3,N,No,(UNK),202101135834,ISP,3,7.93,Y,,,,(UNK),206659,(N/A),(UNK),No Defects,1,1,InterState,1,290,X002231628,Not Toll,,14,4,Divided With Median Barrier,3,2941286.07344243,1905139.05208557,41.87299957,-87.7994987,,Urban,1,N,(N/A),Y,(N/A)
2021,2021-05-09,Sunday,06,06:21 AM,Property Damage,No Injuries,0,0,0,0,0,2,Sideswipe Same Direction,12,N,N,Improper Lane Usage,Improper Lane Usage,Daylight,Rain,Wet,N,,,,,Traffic Signal,Functioning Properly,N,2,41.8865621,-87.8049454,ok,(UNK),1,21-01403,2021,,20,20,50000 and OVER,9,4295,Oak Park,C,Urban Other Principal Arte,,16,9,11271941,5,Cook,0,21,,,7,N,No,Free Flow,202101135870,City,1,26.5,Y,,,,(UNK),206797,(N/A),(UNK),No Defects,1,2,Other Principal Arterial,3,5043,X002231664,Not Toll,73,3,4,Divided With Median Barrier,3,2939668.14326242,1910037.78629868,41.88655427,-87.80493959,,Urban,2,N,(N/A),Y,(N/A)
2021,2021-11-02,Tuesday,17,05:29 PM,Property Damage,No Injuries,0,0,0,0,0,2,Angle,15,N,N,Failing to Yield Right of Way,(N/A),Dusk,Clear,Dry,Y,,,,,Stop Sign,Functioning Properly,N,2,41.8903611,-87.784776,ok,(UNK),1,2106845,2021,,2,99,50000 and OVER,9,4295,Oak Park,C,Urban Major Collector,,16,2,11502030,11,Cook,0,21,,,2,N,No,Free Flow,202101352614,City,3,0,N,,,,(UNK),207005,(N/A),(UNK),No Defects,1,1,Major Collector,5,,X002427371,Not Toll,73,2,4,Other,8,2945122.05227695,1911574.1050428,41.89035328,-87.78477019,,Urban,1,N,(N/A),Y,(N/A)
2021,2021-10-30,Saturday,16,04:29 PM,Property Damage,No Injuries,0,0,0,0,0,2,Front to Rear,11,N,N,Following Too Closely,Failing to Reduce Speed to Avoid Crash,Daylight,Clear,Dry,N,,,,,Other Regualtory Sig,Functioning Properly,Y,2,41.872205,-87.7872661,ok,Partial Access Control,3,03-21-16173,2021,,3,28,50000 and OVER,9,4295,Oak Park,C,Urban InterState,,16,30,11502050,10,Cook,0,21,,,6,N,No,(UNK),202101352641,ISP,1,22.43,Y,,,,(UNK),207164,(N/A),(UNK),No Defects,1,1,InterState,1,9290,X002427413,Not Toll,73,10,4,Divided With Median Barrier,3,2944627.53441215,1904938.83718626,41.87219711,-87.78726034,,Urban,1,N,(N/A),Y,(N/A)
2021,2021-10-30,Saturday,19,07:00 PM,Property Damage,No Injuries,0,0,0,0,0,3,Front to Rear,11,N,N,Following Too Closely,Failing to Reduce Speed to Avoid Crash,Darkness / Lighted Road,Clear,Dry,N,,,,,Other Regualtory Sig,Functioning Properly,N,3,41.8732613,-87.7994275,ok,Partial Access Control,3,03-21-16182,2021,,3,28,50000 and OVER,9,4295,Oak Park,C,Urban InterState,,16,30,11502066,10,Cook,0,21,,,6,N,No,(UNK),202101352656,ISP,5,0.04,Y,,,,(UNK),207237,(N/A),(UNK),No Defects,1,1,InterState,1,290,X002427427,Not Toll,73,10,4,Divided With Median Barrier,3,2941304.48128342,1905232.15240642,41.87325346,-87.79942174,,Urban,1,N,(N/A),Y,(N/A)
2021,2021-08-17,Tuesday,12,12:47 PM,Property Damage,No Injuries,0,0,0,0,0,1,Parked Motor Vehicle,9,N,N,Improper Backing,Driving Skills/Knowledge/Experience,Daylight,Clear,Dry,N,,,,,No Controls,No Controls,N,2,41.8881553,-87.7879537,ok,(UNK),1,2105029,2021,,30,15,50000 and OVER,9,4295,Oak Park,C,Urban Local Road or Street,,16,17,11400174,8,Cook,0,21,,,2,N,No,Free Flow,202101254863,City,1,0.44,N,,,,(UNK),207292,(N/A),(UNK),No Defects,1,1,Local Road or Street,7,2650,X002339507,Not Toll,73,1,1,Not Divided,1,2944279.05881101,1910746.23305687,41.88814743,-87.78794795,,Urban,1,N,(N/A),Y,(N/A)
2021,2021-08-14,Saturday,10,10:30 AM,Property Damage,No Injuries,0,0,0,0,0,1,Parked Motor Vehicle,9,N,N,Failing to Reduce Speed to Avoid Crash,Unable to Determine,Unknown,Clear,Dry,N,,,,,No Controls,No Controls,Y,2,41.869243,-87.7804133,ok,(UNK),1,2104964,2021,,28,18,50000 and OVER,9,4295,Oak Park,C,Urban Local Road or Street,,16,14,11400175,8,Cook,0,21,,,6,N,No,Free Flow,202101254864,City,9,0.11,N,,,,(UNK),207293,(N/A),(UNK),No Defects,1,1,Local Road or Street,7,2630,X002339508,Not Toll,73,1,1,"Divided, No Median Barrier",2,2946524.0879812,1903911.27600611,41.86923512,-87.78040749,,Urban,1,N,(N/A),Y,(N/A)
2021,2021-08-02,Monday,07,07:35 AM,Property Damage,No Injuries,0,0,0,0,0,2,Front to Rear,11,N,N,Following Too Closely,Failing to Reduce Speed to Avoid Crash,Daylight,Clear,Dry,N,,,,,Other Regualtory Sig,Functioning Properly,N,2,41.8725095,-87.7941751,ok,Partial Access Control,3,03-21-11091,2021,,3,28,50000 and OVER,9,4295,Oak Park,C,Urban InterState,,16,2,11400404,8,Cook,0,21,,,1,N,No,(UNK),202101255107,ISP,1,8.18,Y,,,,(UNK),208505,(N/A),(UNK),No Defects,1,1,InterState,1,290,X002339793,Not Toll,73,10,4,Divided With Median Barrier,3,2942742.65801256,1904997.70289994,41.87250166,-87.79416929,,Urban,1,N,(N/A),Y,(N/A)
2021,2021-08-17,Tuesday,11,11:46 AM,Injury,C Injury Crash,1,0,0,0,1,1,Sideswipe Same Direction,12,N,N,Improper Lane Usage,Road Construction/Maintenance,Daylight,Clear,Dry,Y,,,,,Traffic Signal,Functioning Properly,N,2,41.8871073,-87.8049778,ok,(UNK),1,2105028,2021,,20,13,50000 and OVER,9,4295,Oak Park,C,Urban Other Principal Arte,,16,17,11400449,8,Cook,1,21,,,2,N,No,Slow,202101255156,City,1,26.54,Y,,,,(UNK),208648,(N/A),(UNK),No Defects,1,1,Other Principal Arterial,3,5043,X002339823,Not Toll,73,3,4,Not Divided,1,2939653.83927917,1910236.23327246,41.8870995,-87.80497202,,Urban,1,N,(N/A),Y,(N/A)
2021,2021-08-17,Tuesday,13,01:45 PM,Property Damage,No Injuries,0,0,0,0,0,1,Parked Motor Vehicle,9,N,N,Failing to Reduce Speed to Avoid Crash,Unable to Determine,Unknown,Clear,Dry,N,,,,,No Controls,No Controls,Y,2,41.8706442,-87.7935716,ok,(UNK),1,2105031,2021,,28,18,50000 and OVER,9,4295,Oak Park,C,Urban Local Road or Street,,16,17,11400450,8,Cook,0,21,,,2,N,No,Free Flow,202101255157,City,9,0.54,N,,,,(UNK),208649,(N/A),(UNK),No Defects,1,1,Local Road or Street,7,4070,X002339824,Not Toll,73,1,1,Not Divided,1,2942925.83954361,1904322.499389,41.87063636,-87.79356578,,Urban,1,N,(N/A),Y,(N/A)
2021,2021-04-29,Thursday,09,09:32 AM,Property Damage,No Injuries,0,0,0,0,0,3,Front to Rear,11,N,N,Failing to Reduce Speed to Avoid Crash,Weather,Daylight,Rain,Wet,N,,,,,Traffic Signal,Functioning Properly,N,2,41.8817174,-87.7845535,ok,(UNK),1,2102420,2021,,28,11,50000 and OVER,9,4295,Oak Park,C,Urban Major Collector,,16,29,11272993,4,Cook,0,21,,,4,N,No,Stopped,202101136766,City,1,0,N,,,,(UNK),208667,(N/A),(UNK),No Defects,1,2,Major Collector,5,,X002230750,Not Toll,73,3,4,Two-way Continuous Left-Tur,4,2945270.11257586,1908425.84407831,41.88170954,-87.78454774,,Urban,2,N,(N/A),Y,(N/A)
2021,2021-05-07,Friday,13,01:15 PM,Property Damage,No Injuries,0,0,0,0,0,2,Front to Rear,11,N,N,Following Too Closely,Failing to Reduce Speed to Avoid Crash,Daylight,Clear,Dry,N,,,,,Other,Functioning Properly,N,2,41.8723522,-87.788906,ok,Partial Access Control,3,03-21-06142,2021,,3,28,50000 and OVER,9,4295,Oak Park,C,Urban InterState,,16,7,11274027,5,Cook,0,21,,,5,N,No,(UNK),202101137553,ISP,1,22.34,Y,,,,(UNK),209072,(N/A),(UNK),No Defects,1,1,InterState,1,9290,X002233284,Not Toll,73,13,4,Divided With Median Barrier,3,2944179.40488771,1904980.11756935,41.87234437,-87.78890016,,Urban,1,N,(N/A),Y,(N/A)
2021,2021-11-03,Wednesday,09,09:08 AM,Property Damage,No Injuries,0,0,0,0,0,2,Front to Rear,11,N,N,Failing to Reduce Speed to Avoid Crash,Driving Skills/Knowledge/Experience,Daylight,Clear,Dry,N,,,,,No Controls,Functioning Properly,N,2,41.8728757,-87.7980931,ok,Partial Access Control,3,03-21-16369,2021,,28,15,50000 and OVER,9,4295,Oak Park,C,Urban InterState,,16,3,11502817,11,Cook,0,21,,,3,N,No,(UNK),202101353527,ISP,1,21.88,Y,,,,(UNK),209294,(N/A),(UNK),No Defects,1,1,InterState,1,9290,X002428120,Not Toll,,1,4,Divided With Median Barrier,3,2941671.81746546,1905101.67375281,41.87286788,-87.79808731,,Urban,1,N,(N/A),Y,(N/A)
2021,2021-04-30,Friday,23,11:20 PM,Injury,B Injury Crash,1,0,0,1,0,2,Front to Rear,11,N,N,Under Influence of Alcohol/Drugs,Failing to Reduce Speed to Avoid Crash,Darkness / Lighted Road,Clear,Dry,N,,,,,Other,Functioning Properly,N,2,41.8735818,-87.8035316,ok,Partial Access Control,3,03-21-05790,2021,,8,28,50000 and OVER,9,4295,Oak Park,C,Urban InterState,,16,30,11274512,4,Cook,2,21,,,5,N,No,(UNK),202101138013,ISP,5,0.2,Y,,,,(UNK),209410,(N/A),(UNK),No Defects,1,1,InterState,1,290,X002233775,Not Toll,73,13,4,Divided With Median Barrier,3,2940183.45683236,1905318.12990085,41.87357396,-87.80352577,,Urban,1,N,(N/A),Y,(N/A)
2021,2021-05-06,Thursday,16,04:00 PM,Property Damage,No Injuries,0,0,0,0,0,2,Turning,10,N,N,Failing to Reduce Speed to Avoid Crash,Unable to Determine,Daylight,Clear,Dry,Y,,,,,Traffic Signal,Functioning Properly,N,2,41.8710479,-87.7841758,ok,(UNK),1,2102582,2021,,28,18,50000 and OVER,9,4295,Oak Park,C,Urban Major Collector,,16,6,11273626,5,Cook,0,21,,,4,N,No,Free Flow,202101137187,City,1,0,N,,,,(UNK),209484,(N/A),(UNK),No Defects,1,1,Major Collector,5,,X002232875,Not Toll,73,3,4,"Divided, No Median Barrier",2,2945480.96980869,1904540.5265249,41.87104001,-87.78417,,Urban,1,N,(N/A),Y,(N/A)
2021,2021-05-07,Friday,21,09:09 PM,Injury,B Injury Crash,2,0,0,1,1,2,Angle,15,N,N,Under Influence of Alcohol/Drugs,Disregarding Traffic Signals,Darkness / Lighted Road,Clear,Dry,Y,,,,,Traffic Signal,Functioning Properly,N,2,41.8710483,-87.7841758,ok,(UNK),1,2102612,2021,,8,25,50000 and OVER,9,4295,Oak Park,C,Urban Major Collector,,16,7,11274590,5,Cook,2,21,,,5,N,No,Free Flow,202101138074,City,5,0,N,,,,(UNK),209852,(N/A),(UNK),No Defects,1,1,Major Collector,5,,X002233680,Not Toll,73,3,4,Not Divided,1,2945480.96476051,1904540.68079778,41.87104043,-87.78417,,Urban,1,N,(N/A),Y,(N/A)
2021,2021-05-08,Saturday,19,07:33 PM,Injury,B Injury Crash,2,0,0,2,0,2,Turning,10,N,N,Failing to Reduce Speed to Avoid Crash,Failing to Yield Right of Way,Dusk,Cloudy/Overcast,Dry,Y,,,,,Traffic Signal,Functioning Properly,N,2,41.8800755,-87.7795432,ok,(UNK),1,2102628,2021,,28,2,50000 and OVER,9,4295,Oak Park,C,Urban Minor Arterial,,16,8,11273735,5,Cook,2,21,,,6,N,No,Free Flow,202101137280,City,3,0.54,N,,,,(UNK),210063,(N/A),(UNK),No Defects,1,1,Minor Arterial,4,3794,X002232965,Not Toll,73,3,4,Not Divided,1,2946651.24712051,1907865.45714265,41.88006769,-87.77953737,,Urban,8,N,(N/A),Y,(N/A)
2021,2021-05-09,Sunday,06,06:15 AM,Property Damage,No Injuries,0,0,0,0,0,2,Front to Rear,11,N,N,Following Too Closely,Failing to Reduce Speed to Avoid Crash,Dawn,Rain,Wet,N,,,,,Traffic Signal,Functioning Properly,N,2,41.8730602,-87.800048,ok,Partial Access Control,3,03-21-06258,2021,,3,28,50000 and OVER,9,4295,Oak Park,C,Urban InterState,,16,9,11274295,5,Cook,0,21,,,7,N,No,(UNK),202101137805,ISP,2,7.91,Y,,,,(UNK),210363,(N/A),(UNK),No Defects,1,2,InterState,1,290,X002233542,Not Toll,,3,4,Ramp,11,2941137.51062622,1905154.18989766,41.87305232,-87.8000422,,Urban,2,N,(N/A),Y,(N/A)
2021,2021-05-10,Monday,11,11:25 AM,Injury,C Injury Crash,1,0,0,0,1,1,Angle,15,N,N,Failing to Yield Right of Way,(N/A),Daylight,Clear,Dry,Y,,,,,Stop Sign,Functioning Properly,N,2,41.9016171,-87.8009451,ok,(UNK),1,2102641,2021,,2,99,50000 and OVER,9,4295,Oak Park,C,Urban Major Collector,,16,10,11274738,5,Cook,1,21,,,1,N,No,Slow,202101138202,City,1,0,N,,,,(UNK),210472,(N/A),(UNK),No Defects,1,1,Major Collector,5,,X002233932,Not Toll,73,2,4,Four Way,14,2940606.10453627,1915554.11429673,41.90160922,-87.80093934,,Urban,1,N,(N/A),Y,(N/A)
2021,2021-05-11,Tuesday,04,04:16 AM,Injury,B Injury Crash,5,0,0,5,0,0,Fixed Object,6,N,N,Failing to Reduce Speed to Avoid Crash,Operating Vehicle In Reckless Manner,Darkness / Lighted Road,Cloudy/Overcast,Dry,N,,,,,Traffic Signal,Functioning Properly,N,1,41.894803,-87.7946801,ok,(UNK),1,2102669,2021,,28,50,50000 and OVER,9,4295,Oak Park,C,Urban Major Collector,,16,11,11274814,5,Cook,2,21,TREE,TREE,2,Y,Yes,Slow,202101138268,City,5,5.09,N,,,,(UNK),210693,(N/A),(UNK),No Defects,1,1,Major Collector,5,2775,X002233985,Not Toll,73,3,4,"Divided, No Median Barrier",2,2942380.44732875,1913118.0543746,41.89479513,-87.79467426,,Urban,8,N,Construction,Y,Construction Work Zone
2021,2021-05-10,Monday,18,06:59 PM,Property Damage,No Injuries,0,0,0,0,0,2,Angle,15,N,N,Failing to Yield Right of Way,Unable to Determine,Daylight,Clear,Dry,Y,,,,,Stop Sign,Functioning Properly,Y,2,41.8997815,-87.7911487,ok,(UNK),1,2102658,2021,,2,18,50000 and OVER,9,4295,Oak Park,C,Urban Local Road or Street,,16,10,11274781,5,Cook,0,21,,,1,N,No,Free Flow,202101138269,City,1,0,N,,,,(UNK),210775,(N/A),(UNK),No Defects,1,1,Local Road or Street,7,,X002233961,Not Toll,73,2,4,Not Divided,1,2943291.70048397,1914958.94131511,41.89977366,-87.79114287,,Urban,1,N,(N/A),Y,(N/A)