crash_year,crash_date,day_of_week,crash_hour,time_of_crash,crash_severity,crash_injury_severity,total_injured,total_fatals,a_injuries,b_injuries,c_injuries,no_injuries,type_of_first_crash,collision_type_code,pedestrian_involved,pedalcyclist_involved,cause1,cause2,lighting_cond,weather_cond,road_surface_cond,intersection_related,is_intersection,highway_or_street_name,at_intersection_with,address_no,traffic_control_device,traffic_control_device_cond,hit_and_run,number_of_vehicles,latitude,longitude,location_status,access_control,agency_code,agency_report_number,agency_report_year,alignment_code,cause1_code,cause2_code,city_class,city_class_code,city_code,city_name,city_township_flag,class_of_trafficway,class_of_trafficway_code,county_code,crash_day,crash_id,crash_month,crash_report_county,crash_severity_cd,crash_yr_source,damaged_property1,damaged_property2,day_of_week_code,did_crash_occur_in_work_zone,did_involve_secondary_crash,flow_condition,icn,investigating_agency_descrip,light_condition_code,mile_station,nhs,non_intersection_direction,non_intersection_distance,non_intersection_units,number_of_lanes,objectid,railroad_crossing_number,road_alignment,road_defects,road_defects_code,road_surface_condition_code,roadway_functional_class,roadway_functional_class_code,route_number,sfe,toll,township,traffic_control_device_code,traffic_control_device_cond_code,trafficway_descrip,trafficway_description_code,ts_crash_coordinate_x,ts_crash_coordinate_y,ts_crash_latitude,ts_crash_longitude,type_report,urban_rural,weather_code,were_workers_present,work_zone,work_zone_related,work_zone_type
2021,2021-08-10,Tuesday,12,12:36 PM,Injury,B Injury Crash,1,0,0,1,0,1,Front to Rear,11,N,N,Following Too Closely,Failing to Reduce Speed to Avoid Crash,Daylight,Clear,Dry,Y,,,,,Traffic Signal,Functioning Properly,N,2,41.8865709,-87.7846379,ok,(UNK),1,2104881,2021,,3,28,50000 and OVER,9,4295,Oak Park,C,Urban Major Collector,,16,10,11401429,8,Cook,2,21,,,2,N,No,Slow,202101256120,City,1,1.06,N,,,,(UNK),210791,(N/A),(UNK),No Defects,1,1,Major Collector,5,2783,X002340666,Not Toll,73,3,4,Not Divided,1,2945198.02774779,1910193.90868855,41.88656303,-87.78463206,,Urban,1,N,(N/A),Y,(N/A)
2021,2021-07-29,Thursday,02,02:00 AM,Property Damage,No Injuries,0,0,0,0,0,2,Angle,15,N,N,Failing to Reduce Speed to Avoid Crash,Disregarding Traffic Signals,Darkness / Lighted Road,Clear,Dry,Y,,,,,Traffic Signal,Functioning Properly,Y,2,41.8689675,-87.7840958,ok,(UNK),1,2105023,2021,,28,25,50000 and OVER,9,4295,Oak Park,C,Urban Major Collector,,16,29,11401431,7,Cook,0,21,,,4,N,No,Free Flow,202101256121,City,5,0,N,,,,(UNK),210792,(N/A),(UNK),No Defects,1,1,Major Collector,5,,X002340667,Not Toll,73,3,4,"Divided, No Median Barrier",2,2945523.81743518,1903783.01727015,41.86895966,-87.78408999,,Urban,1,N,(N/A),Y,(N/A)
2021,2021-08-16,Monday,09,09:33 AM,Property Damage,No Injuries,0,0,0,0,0,4,Rear to Front,18,N,N,Failing to Reduce Speed to Avoid Crash,(N/A),Daylight,Clear,Dry,Y,,,,,Traffic Signal,Functioning Properly,N,3,41.8878821,-87.8049968,ok,(UNK),1,2105000,2021,,28,99,50000 and OVER,9,4295,Oak Park,C,Urban Other Principal Arte,,16,16,11401504,8,Cook,0,21,,,1,N,Yes,Slow,202101256193,City,1,26.64,Y,,,,(UNK),211256,(N/A),(UNK),No Defects,1,1,Other Principal Arterial,3,5043,X002340816,Not Toll,73,3,4,Not Divided,1,2939640.88959392,1910518.43160111,41.88787427,-87.80499103,,Urban,1,N,(N/A),Y,(N/A)
2021,2021-08-14,Saturday,13,01:05 PM,Injury,C Injury Crash,1,0,0,0,1,1,Front to Rear,11,N,N,Under Influence of Alcohol/Drugs,Failing to Reduce Speed to Avoid Crash,Daylight,Clear,Dry,N,,,,,Other Regualtory Sig,Functioning Properly,N,2,41.8735179,-87.8002275,ok,(UNK),3,03-21-11737,2021,,8,28,50000 and OVER,9,4295,Oak Park,C,Urban Local Road or Street,,16,14,11401534,8,Cook,1,21,,,6,N,No,(UNK),202101256220,ISP,1,0.18,N,,,,(UNK),211362,(N/A),(UNK),No Defects,1,1,Local Road or Street,7,290,X002340855,Not Toll,,10,4,Divided With Median Barrier,3,2941084.00624117,1905319.64416454,41.87351004,-87.80022174,,Urban,1,N,(N/A),Y,(N/A)
2021,2021-05-07,Friday,14,02:30 PM,Property Damage,No Injuries,0,0,0,0,0,2,Front to Rear,11,N,N,Failing to Reduce Speed to Avoid Crash,Following Too Closely,Daylight,Clear,Dry,N,,,,,Other,Functioning Properly,N,2,41.871975,-87.7877195,ok,Partial Access Control,3,03-21-06329,2021,,28,3,50000 and OVER,9,4295,Oak Park,C,Urban InterState,,16,7,11275068,5,Cook,0,21,,,5,N,No,(UNK),202101138501,ISP,1,8.52,Y,,,,(UNK),211945,(N/A),(UNK),No Defects,1,1,InterState,1,290,X002234238,Not Toll,,13,4,Divided With Median Barrier,3,2944506.37545428,1904851.62855822,41.8719672,-87.7877137,,Urban,1,N,(N/A),Y,(N/A)
2021,2021-05-11,Tuesday,16,04:59 PM,Property Damage,No Injuries,0,0,0,0,0,2,Turning,10,N,N,Failing to Reduce Speed to Avoid Crash,Improper Overtaking/Passing,Daylight,Clear,Dry,N,,,,,No Controls,No Controls,Y,2,41.906856,-87.790143,ok,(UNK),1,2102684,2021,,28,4,50000 and OVER,9,4295,Oak Park,C,Urban Local Road or Street,,16,11,11276187,5,Cook,0,21,HOUSE,,2,N,Yes,Free Flow,202101139421,City,1,0.16,N,,,,(UNK),212809,(N/A),(UNK),No Defects,1,1,Local Road or Street,7,2660,X002235121,Not Toll,73,1,1,Not Divided,1,2943494.02534155,1917544.61904585,41.90684817,-87.79013725,,Urban,1,N,(N/A),Y,(N/A)
2021,2021-05-11,Tuesday,21,09:48 PM,Property Damage,No Injuries,0,0,0,0,0,2,Front to Rear,11,N,N,Failing to Reduce Speed to Avoid Crash,(N/A),Darkness / Lighted Road,Clear,Dry,Y,,,,,Traffic Signal,Functioning Properly,N,2,41.8710477,-87.7841758,ok,(UNK),1,2102695,2021,,28,99,50000 and OVER,9,4295,Oak Park,C,Urban Major Collector,,16,11,11276216,5,Cook,0,21,,,2,N,No,(UNK),202101139447,City,5,0,N,,,,(UNK),212938,(N/A),(UNK),No Defects,1,1,Major Collector,5,,X002235146,Not Toll,73,3,4,Not Divided,1,2945480.97536451,1904540.46159724,41.87103983,-87.78416999,,Urban,1,N,(N/A),Y,(N/A)
2021,2021-10-29,Friday,10,10:30 AM,Property Damage,No Injuries,0,0,0,0,0,2,Front to Rear,11,N,N,Failing to Reduce Speed to Avoid Crash,(N/A),Daylight,Clear,Dry,N,,,,,Traffic Signal,Functioning Properly,Y,2,41.8710193,-87.7841735,ok,(UNK),1,2106770,2021,,28,99,50000 and OVER,9,4295,Oak Park,C,Urban Major Collector,,16,29,11503752,10,Cook,0,21,,,5,N,No,Stopped,202101354299,City,1,0,N,,,,(UNK),212944,(N/A),(UNK),No Defects,1,1,Major Collector,5,,X002428670,Not Toll,73,3,4,Not Divided,1,2945481.88206478,1904530.12390901,41.87101141,-87.78416771,,Urban,1,N,(N/A),Y,(N/A)
2021,2021-11-03,Wednesday,07,07:38 AM,Property Damage,No Injuries,0,0,0,0,0,5,Angle,15,N,N,Failing to Yield Right of Way,Disregarding Stop Sign,Daylight,Clear,Dry,Y,,,,,Stop Sign,Functioning Properly,N,2,41.8781854,-87.77824,ok,(UNK),1,2106854,2021,,2,23,50000 and OVER,9,4295,Oak Park,C,Urban Local Road or Street,,16,3,11503753,11,Cook,0,21,,,3,N,No,Free Flow,202101354301,City,1,0,N,,,,(UNK),212945,(N/A),(UNK),No Defects,1,1,Local Road or Street,7,,X002428672,Not Toll,73,2,4,Not Divided,1,2947025.3316557,1907186.52144227,41.87817751,-87.7782342,,Urban,1,N,(N/A),Y,(N/A)
2021,2021-11-04,Thursday,16,04:06 PM,Property Damage,No Injuries,0,0,0,0,0,3,Front to Rear,11,N,N,Following Too Closely,(N/A),Daylight,Clear,Dry,N,,,,,No Controls,No Controls,N,3,41.8650769,-87.8007897,ok,(UNK),1,2106890,2021,,3,99,50000 and OVER,9,4295,Oak Park,C,Urban Other Principal Arte,,16,4,11504702,11,Cook,0,21,,,4,N,Yes,Stopped,202101355373,City,1,6.17,Y,,,,(UNK),212962,(N/A),(UNK),No Defects,1,1,Other Principal Arterial,3,347,X002429533,Not Toll,52,1,1,"Divided, No Median Barrier",2,2941015.71301229,1902239.39223264,41.8650691,-87.80078392,,Urban,1,N,(N/A),Y,(N/A)
2021,2021-11-03,Wednesday,21,09:55 PM,Property Damage,No Injuries,0,0,0,0,0,2,Angle,15,N,N,Failing to Yield Right of Way,Unable to Determine,Dusk,Clear,Dry,Y,,,,,Stop Sign,Functioning Properly,N,2,41.8852151,-87.7846038,ok,(UNK),1,2106872,2021,,2,18,50000 and OVER,9,4295,Oak Park,C,Urban Major Collector,,16,3,11503841,11,Cook,0,21,,,3,N,No,Free Flow,202101354421,City,3,0,N,,,,(UNK),213372,(N/A),(UNK),No Defects,1,1,Major Collector,5,,X002428689,Not Toll,73,2,4,Not Divided,1,2945221.0245757,1909700.07994088,41.88520721,-87.784598,,Urban,1,N,(N/A),Y,(N/A)
2021,2021-11-03,Wednesday,21,09:50 PM,Property Damage,No Injuries,0,0,0,0,0,1,Parked Motor Vehicle,9,N,N,(N/A),(N/A),Darkness,Clear,Dry,N,,,,,No Controls,No Controls,N,2,41.8910854,-87.7782737,ok,(UNK),1,2106873,2021,,99,99,50000 and OVER,9,4295,Oak Park,C,Urban Local Road or Street,,16,3,11503842,11,Cook,0,21,,,3,N,No,Slow,202101354422,City,4,0.5,N,,,,(UNK),213373,(N/A),(UNK),No Defects,1,1,Local Road or Street,7,2613,X002428691,Not Toll,73,1,1,Not Divided,1,2946885.25146296,1911887.2940403,41.89107758,-87.77826788,,Urban,1,N,(N/A),Y,(N/A)
2021,2021-08-19,Thursday,07,07:18 AM,Property Damage,No Injuries,0,0,0,0,0,1,Other Object,7,N,N,Failing to Reduce Speed to Avoid Crash,Road Construction/Maintenance,Daylight,Clear,Other,Y,,,,,Traffic Signal,Unknown,N,1,41.8761173,-87.7941061,ok,(UNK),1,2105064,2021,,28,13,50000 and OVER,9,4295,Oak Park,C,Urban Major Collector,,16,19,11402206,8,Cook,0,21,STREET,,4,N,No,Free Flow,202101256759,City,1,0,N,,,,(UNK),214129,(N/A),(UNK),"Rut, Holes",7,6,Major Collector,5,,X002341244,Not Toll,73,3,9,Not Divided,1,2942725.07810305,1906312.97660913,41.87610948,-87.79410033,,Urban,1,N,(N/A),N,(N/A)
2021,2021-08-19,Thursday,20,08:14 PM,Injury,B Injury Crash,1,0,0,1,0,1,Pedalcyclist,2,N,Y,Failing to Yield Right of Way,Improper Turning/No Signal,Darkness,Clear,Dry,Y,,,,,Traffic Signal,Functioning Properly,N,1,41.8799384,-87.7795378,ok,(UNK),1,2105075,2021,,2,6,50000 and OVER,9,4295,Oak Park,C,Urban Minor Arterial,,16,19,11403337,8,Cook,2,21,,,4,N,No,Slow,202101257818,City,4,0.55,N,,,,(UNK),214934,(N/A),(UNK),No Defects,1,1,Minor Arterial,4,3794,X002342160,Not Toll,73,3,4,Not Divided,1,2946654.11124584,1907815.50596634,41.87993051,-87.77953197,,Urban,1,N,(N/A),Y,(N/A)
2021,2021-08-19,Thursday,12,12:13 PM,Property Damage,No Injuries,0,0,0,0,0,2,Angle,15,N,N,Failing to Yield Right of Way,Failing to Reduce Speed to Avoid Crash,Daylight,Other,Wet,Y,,,,,Stop Sign,Functioning Properly,N,2,41.870496,-87.8019471,ok,(UNK),1,2105069,2021,,2,28,50000 and OVER,9,4295,Oak Park,C,Urban Local Road or Street,,16,19,11402825,8,Cook,0,21,,,4,N,No,Free Flow,202101257397,City,1,0,N,,,,(UNK),214941,(N/A),(UNK),No Defects,1,2,Local Road or Street,7,,X002341844,Not Toll,73,2,4,Four Way,14,2940646.00061995,1904205.51861692,41.8704882,-87.80194133,,Urban,7,N,(N/A),Y,(N/A)
2021,2021-12-15,Wednesday,12,12:08 PM,Property Damage,No Injuries,0,0,0,0,0,4,Front to Rear,11,N,N,Improper Lane Usage,Failing to Reduce Speed to Avoid Crash,Daylight,Clear,Dry,Y,,,,,Traffic Signal,Functioning Properly,Y,3,41.8650278,-87.8042158,ok,(UNK),1,21-11409,2021,,20,28,50000 and OVER,9,4295,Oak Park,C,Urban Other Principal Arte,,16,15,11580673,12,Cook,0,21,,,3,N,No,Stopped,202101427592,City,1,25.01,Y,,,,(UNK),215086,(N/A),(UNK),No Defects,1,1,Other Principal Arterial,3,5043,X002495152,Not Toll,52,3,4,"Divided, No Median Barrier",2,2940082.93081867,1902195.78557851,41.86502,-87.80421,,Urban,1,N,(N/A),Y,(N/A)
2021,2021-08-19,Thursday,15,03:32 PM,Property Damage,No Injuries,0,0,0,0,0,2,Front to Rear,11,N,N,Following Too Closely,Failing to Reduce Speed to Avoid Crash,Daylight,Clear,Dry,N,,,,,Delineators,Functioning Properly,N,2,41.8718489,-87.7830973,ok,Partial Access Control,3,03-21-12005,2021,,3,28,50000 and OVER,9,4295,Oak Park,C,Urban InterState,,16,19,11402448,8,Cook,0,21,,,4,N,No,(UNK),202101257005,ISP,1,22.64,Y,,,,(UNK),215220,(N/A),(UNK),No Defects,1,1,InterState,1,9290,X002341481,Not Toll,73,14,4,Divided With Median Barrier,3,2945766.60700132,1904840.61426684,41.87184109,-87.78309154,,Urban,1,N,(N/A),Y,(N/A)
2021,2021-11-04,Thursday,11,11:55 AM,Injury,C Injury Crash,1,0,0,0,1,1,Sideswipe Opposite Direction,13,N,N,Improper Lane Usage,Unable to Determine,Daylight,Clear,Dry,N,,,,,Other,Functioning Properly,N,2,41.8862382,-87.8049369,ok,(UNK),1,21-03303,2021,,20,18,50000 and OVER,9,4295,Oak Park,C,Urban Other Principal Arte,,16,4,11504935,11,Cook,1,21,SEMI-TRAILER (IL REG/292451ST),,4,N,No,Free Flow,202101355628,City,1,19.22,Y,,,,(UNK),215453,(N/A),(UNK),No Defects,1,1,Other Principal Arterial,3,348,X002429772,Not Toll,73,13,4,"Divided, No Median Barrier",2,2939673.71403136,1909919.82698666,41.8862304,-87.80493106,,Urban,1,N,(N/A),Y,(N/A)
2021,2021-05-12,Wednesday,15,03:10 PM,Property Damage,No Injuries,0,0,0,0,0,2,Turning,10,N,N,Following Too Closely,Driving Skills/Knowledge/Experience,Daylight,Clear,Dry,Y,,,,,No Controls,No Controls,N,2,41.8854023,-87.8049244,ok,(UNK),1,21-01427,2021,,3,15,50000 and OVER,9,4295,Oak Park,C,Urban Other Principal Arte,,16,12,11277166,5,Cook,0,21,,,3,N,No,Slow,202101140481,City,1,26.42,Y,,,,(UNK),216106,(N/A),(UNK),No Defects,1,1,Other Principal Arterial,3,5043,X002236055,Not Toll,73,1,1,"Divided, No Median Barrier",2,2939685.50750162,1909615.27178307,41.88539442,-87.80491856,,Urban,1,N,(N/A),Y,(N/A)
2021,2021-05-12,Wednesday,07,07:55 AM,Property Damage,No Injuries,0,0,0,0,0,2,Turning,10,N,N,Failing to Yield Right of Way,Improper Overtaking/Passing,Daylight,Clear,Dry,Y,,,,,Traffic Signal,Functioning Properly,N,2,41.8723201,-87.8041917,ok,(UNK),1,2102698,2021,,2,4,50000 and OVER,9,4295,Oak Park,C,Urban Other Principal Arte,,16,12,11277839,5,Cook,0,21,,,3,N,No,Free Flow,202101140591,City,1,25.52,Y,,,,(UNK),216543,(N/A),(UNK),No Defects,1,1,Other Principal Arterial,3,5043,X002236146,Not Toll,73,3,4,Two-way Continuous Left-Tur,4,2940016.31246055,1904853.38095852,41.87231223,-87.80418594,,Urban,1,N,(N/A),Y,(N/A)
2021,2021-05-13,Thursday,12,12:47 PM,Property Damage,No Injuries,0,0,0,0,0,2,Angle,15,N,N,Failing to Yield Right of Way,(N/A),Daylight,Clear,Dry,Y,,,,,Stop Sign,Functioning Properly,N,2,41.8797126,-87.7930033,ok,(UNK),1,2102729,2021,,2,99,50000 and OVER,9,4295,Oak Park,C,Urban Minor Arterial,,16,13,11278862,5,Cook,0,21,,,4,N,No,Free Flow,202101141560,City,1,0,N,,,,(UNK),216767,(N/A),(UNK),No Defects,1,1,Minor Arterial,4,,X002236957,Not Toll,73,2,4,"Divided, No Median Barrier",2,2942989.18111817,1907631.46673269,41.87970475,-87.79299752,,Urban,1,N,(N/A),Y,(N/A)
2021,2021-10-30,Saturday,22,10:14 PM,Property Damage,No Injuries,0,0,0,0,0,6,Front to Rear,11,N,N,Following Too Closely,Failing to Reduce Speed to Avoid Crash,Darkness / Lighted Road,Clear,Dry,N,,,,,No Controls,No Controls,Y,3,41.8723345,-87.7886603,ok,Partial Access Control,3,03-21-16192,2021,,3,28,50000 and OVER,9,4295,Oak Park,C,Urban InterState,,16,30,11505668,10,Cook,0,21,,,6,N,No,(UNK),202101356474,ISP,5,22.35,Y,,,,(UNK),216918,(N/A),(UNK),No Defects,1,1,InterState,1,9290,X002430477,Not Toll,73,1,1,Divided With Median Barrier,3,2944246.5,1904975.5,41.87232661,-87.78865449,,Urban,1,N,(N/A),Y,(N/A)
2021,2021-05-12,Wednesday,13,01:35 PM,Property Damage,No Injuries,0,0,0,0,0,1,Parked Motor Vehicle,9,N,N,Improper Turning/No Signal,Unable to Determine,Daylight,Clear,Dry,N,,,,,No Controls,No Controls,Y,2,41.8745897,-87.7751823,ok,(UNK),1,2102707,2021,,6,18,50000 and OVER,9,4295,Oak Park,C,Urban Local Road or Street,,16,12,11277921,5,Cook,0,21,,,3,N,No,Slow,202101140665,City,1,1.06,N,,,,(UNK),217000,(N/A),(UNK),No Defects,1,1,Local Road or Street,7,4040,X002236162,Not Toll,73,1,1,Not Divided,1,2947894.6096025,1905899.38468546,41.87458182,-87.77517654,,Urban,1,N,(N/A),Y,(N/A)
2021,2021-05-11,Tuesday,21,09:50 PM,Property Damage,No Injuries,0,0,0,0,0,5,Front to Rear,11,N,N,Failing to Reduce Speed to Avoid Crash,(N/A),Darkness / Lighted Road,Clear,Dry,N,,,,,Traffic Signal,Functioning Properly,Y,2,41.8947466,-87.7751561,ok,(UNK),1,2102696,2021,,28,99,50000 and OVER,9,4295,Oak Park,C,Urban Minor Arterial,,16,11,11277985,5,Cook,0,21,,,2,N,No,Stopped,202101140732,City,5,0,N,,,,(UNK),217267,(N/A),(UNK),No Defects,1,1,Minor Arterial,4,,X002236281,Not Toll,,3,4,Not Divided,1,2947696.93175811,1913245.16357837,41.89473877,-87.77515032,,Urban,1,N,(N/A),Y,(N/A)
2021,2021-06-29,Tuesday,16,04:03 PM,Property Damage,No Injuries,0,0,0,0,0,4,Sideswipe Same Direction,12,N,N,Improper Lane Usage,(N/A),Dusk,Clear,Dry,N,,,,,No Controls,No Controls,N,2,41.8796953,-87.7989077,ok,(UNK),1,2103863,2021,,20,99,50000 and OVER,9,4295,Oak Park,C,Urban Minor Arterial,,16,29,11403984,6,Cook,0,21,,,2,N,No,Free Flow,202101258484,City,3,3.37,N,,,,(UNK),217517,(N/A),(UNK),No Defects,1,1,Minor Arterial,4,1419,X002342783,Not Toll,73,1,1,Not Divided,1,2941381.36145228,1907580.71567628,41.87968743,-87.79890187,,Urban,1,N,(N/A),Y,(N/A)
2021,2021-08-20,Friday,22,10:03 PM,Injury,B Injury Crash,1,0,0,1,0,1,Pedalcyclist,2,N,Y,Failing to Yield Right of Way,Failing to Reduce Speed to Avoid Crash,Darkness / Lighted Road,Clear,Dry,Y,,,,,Traffic Signal,Functioning Properly,N,1,41.8726272,-87.7842258,ok,(UNK),1,2105107,2021,,2,28,50000 and OVER,9,4295,Oak Park,C,Urban Major Collector,,16,20,11403989,8,Cook,2,21,,,5,N,No,Stopped,202101258487,City,5,0,N,,,,(UNK),217518,(N/A),(UNK),No Defects,1,1,Major Collector,5,,X002342786,Not Toll,73,3,4,Not Divided,1,2945451.3751238,1905115.71027544,41.87261941,-87.78421997,,Urban,1,N,(N/A),Y,(N/A)
2021,2021-11-06,Saturday,05,05:19 AM,Injury,B Injury Crash,2,0,0,2,0,0,Fixed Object,6,N,N,Failing to Reduce Speed to Avoid Crash,Driving Skills/Knowledge/Experience,Darkness / Lighted Road,Clear,Dry,N,,,,,No Controls,No Controls,N,1,41.8791823,-87.8038299,ok,(UNK),3,03-21-16532,2021,,28,15,50000 and OVER,9,4295,Oak Park,C,Urban Local Road or Street,,16,6,11506458,11,Cook,2,21,,,6,N,No,(UNK),202101357236,ISP,5,0.51,N,,,,(UNK),219378,(N/A),(UNK),No Defects,1,1,Local Road or Street,7,2718,X002431245,Not Toll,,1,1,Divided With Median Barrier,3,2940045.98526209,1907356.81141951,41.87917445,-87.80382411,,Urban,1,N,(N/A),Y,(N/A)
2021,2021-08-21,Saturday,19,07:00 PM,Property Damage,No Injuries,0,0,0,0,0,3,Front to Rear,11,N,N,Unable to Determine,Unable to Determine,Daylight,Clear,Wet,N,,,,,Other,Functioning Improperly,N,3,41.8701865,-87.8043899,ok,(UNK),1,21-02506,2021,,18,18,50000 and OVER,9,4295,Oak Park,C,Urban Other Principal Arte,,16,21,11404626,8,Cook,0,21,,,6,N,No,Slow,202101259114,City,1,20.33,Y,,,,(UNK),219635,(N/A),(UNK),No Defects,1,2,Other Principal Arterial,3,348,X002343397,Not Toll,73,13,3,Other,8,2939983.74123775,1904074.38901739,41.87017867,-87.80438412,,Urban,1,N,(N/A),Y,(N/A)
2021,2021-12-22,Wednesday,10,10:30 AM,Injury,B Injury Crash,1,0,0,1,0,0,Fixed Object,6,N,N,Physical Condition of Driver,(N/A),Daylight,Clear,Dry,N,,,,,No Controls,No Controls,N,1,41.8732813,-87.8003835,ok,Partial Access Control,3,03-21-19058,2021,,17,99,50000 and OVER,9,4295,Oak Park,C,Urban InterState,,16,22,11582871,12,Cook,2,21,,,3,N,No,(UNK),202101428161,ISP,1,0.08,Y,,,,(UNK),221177,(N/A),(UNK),No Defects,1,1,InterState,1,290,X002496854,Not Toll,,1,1,Divided With Median Barrier,3,2941043.9062303,1905232.26702755,41.87327348,-87.8003777,,Urban,1,N,(N/A),Y,(N/A)
2021,2021-05-13,Thursday,23,11:47 PM,Property Damage,No Injuries,0,0,0,0,0,1,Sideswipe Same Direction,12,N,N,Unable to Determine,(N/A),Darkness / Lighted Road,Cloudy/Overcast,Dry,N,,,,,No Controls,No Controls,Y,2,41.8787815,-87.7844053,ok,(UNK),1,2102755,2021,,18,99,50000 and OVER,9,4295,Oak Park,C,Urban Major Collector,,16,13,11281488,5,Cook,0,21,,,4,N,No,Free Flow,202101144108,City,5,1.6,N,,,,(UNK),221484,(N/A),(UNK),No Defects,1,1,Major Collector,5,2783,X002237957,Not Toll,73,1,1,"Divided, No Median Barrier",2,2945340.20639504,1907357.08364785,41.87877368,-87.78439946,,Urban,8,N,(N/A),Y,(N/A)
2021,2021-05-07,Friday,14,02:00 PM,Property Damage,No Injuries,0,0,0,0,0,2,Front to Rear,11,N,N,Following Too Closely,Under Influence of Alcohol/Drugs,Daylight,Clear,Dry,N,,,,,No Controls,No Controls,N,2,41.872636,-87.7939989,ok,Partial Access Control,3,03-21-06147,2021,,3,8,50000 and OVER,9,4295,Oak Park,C,Urban InterState,,16,7,11281067,5,Cook,0,21,,,5,N,No,(UNK),202101143698,ISP,1,22.07,Y,,,,(UNK),221536,(N/A),(UNK),No Defects,1,1,InterState,1,9290,X002239217,Not Toll,73,1,1,Divided With Median Barrier,3,2942789.37149524,1905045.12261962,41.87262814,-87.7939931,,Urban,1,N,(N/A),Y,(N/A)
2021,2021-05-12,Wednesday,12,12:50 PM,Injury,C Injury Crash,1,0,0,0,1,1,Pedestrian,1,Y,N,Improper Backing,(N/A),Daylight,Clear,Dry,N,,,,,Traffic Signal,Functioning Properly,Y,1,41.8801042,-87.7795443,ok,(UNK),1,2102705,2021,,30,99,50000 and OVER,9,4295,Oak Park,C,Urban Local Road or Street,,16,12,11281489,5,Cook,1,21,,,3,N,No,Stopped,202101144109,City,1,0.54,N,,,,(UNK),221537,(N/A),(UNK),No Defects,1,1,Local Road or Street,7,3794,X002237958,Not Toll,73,3,4,Not Divided,1,2946650.6490583,1907875.88788988,41.88009634,-87.7795385,,Urban,1,N,(N/A),Y,(N/A)
2021,2021-05-13,Thursday,04,04:51 AM,Property Damage,No Injuries,0,0,0,0,0,2,Sideswipe Same Direction,12,N,N,Failing to Reduce Speed to Avoid Crash,(N/A),Darkness / Lighted Road,Clear,Dry,N,,,,,Other Regualtory Sig,Functioning Properly,N,2,41.8869855,-87.8049706,ok,(UNK),1,2102722,2021,,28,99,50000 and OVER,9,4295,Oak Park,C,Urban Other Principal Arte,,16,13,11281496,5,Cook,0,21,,,4,N,No,Slow,202101144114,City,5,19.17,Y,,,,(UNK),221538,(N/A),(UNK),No Defects,1,1,Other Principal Arterial,3,348,X002237956,Not Toll,73,10,4,Not Divided,1,2939657.0341392,1910191.88395523,41.88697765,-87.80496478,,Urban,1,N,(N/A),Y,(N/A)
2021,2021-05-11,Tuesday,08,08:25 AM,Injury,B Injury Crash,1,0,0,1,0,1,Front to Rear,11,N,N,Failing to Reduce Speed to Avoid Crash,(N/A),Daylight,Clear,Dry,N,,,,,Other Regualtory Sig,Functioning Properly,N,2,41.8719776,-87.7845505,ok,Partial Access Control,3,03-21-06364,2021,,28,99,50000 and OVER,9,4295,Oak Park,C,Urban InterState,,16,11,11281260,5,Cook,2,21,,,2,N,No,(UNK),202101143887,ISP,1,22.57,Y,,,,(UNK),222803,(N/A),(UNK),No Defects,1,1,InterState,1,9290,X002239406,Not Toll,73,10,4,Divided With Median Barrier,3,2945369.5,1904876.5,41.87196973,-87.78454471,,Urban,1,N,(N/A),Y,(N/A)
2021,2021-11-02,Tuesday,18,06:38 PM,Property Damage,No Injuries,0,0,0,0,0,3,Front to Rear,11,N,N,Failing to Reduce Speed to Avoid Crash,Following Too Closely,Darkness / Lighted Road,Clear,Dry,N,,,,,Other Regualtory Sig,Functioning Properly,Y,3,41.8730716,-87.8001629,ok,Partial Access Control,3,03-21-16343,2021,,28,3,50000 and OVER,9,4295,Oak Park,C,Urban InterState,,16,2,11508740,11,Cook,0,21,,,2,N,No,(UNK),202101359457,ISP,5,7.9,Y,,,,(UNK),223585,(N/A),(UNK),No Defects,1,1,InterState,1,290,X002433450,Not Toll,,10,4,"Divided, No Median Barrier",2,2941106.10135884,1905157.51360808,41.8730638,-87.80015709,,Urban,1,N,(N/A),Y,(N/A)
2021,2021-04-03,Saturday,10,10:40 AM,Property Damage,No Injuries,0,0,0,0,0,4,Sideswipe Same Direction,12,N,N,Failing to Yield Right of Way,(N/A),Daylight,Clear,Dry,N,,,,,Traffic Signal,Functioning Properly,N,2,41.8795936,-87.7844284,ok,(UNK),1,2101927,2021,,2,99,50000 and OVER,9,4295,Oak Park,C,Urban Major Collector,,16,3,11281926,4,Cook,0,21,,,6,N,No,Free Flow,202101144539,City,1,1.54,N,,,,(UNK),223734,(N/A),(UNK),No Defects,1,1,Major Collector,5,2783,X002239952,Not Toll,73,3,4,"Divided, No Median Barrier",2,2945325.69279919,1907652.84845609,41.87958577,-87.78442257,,Urban,1,N,(N/A),Y,(N/A)
2021,2021-11-06,Saturday,12,12:39 PM,Injury,B Injury Crash,2,0,0,2,0,1,Turning,10,N,N,Failing to Yield Right of Way,Failing to Reduce Speed to Avoid Crash,Daylight,Clear,Dry,Y,,,,,No Controls,No Controls,N,2,41.8654078,-87.7789958,ok,(UNK),1,2106925,2021,,2,28,50000 and OVER,9,4295,Oak Park,C,Urban Other Principal Arte,,16,6,11508307,11,Cook,2,21,,,6,N,No,Slow,202101359048,City,1,0,Y,,,,(UNK),223736,(N/A),(UNK),No Defects,1,1,Other Principal Arterial,3,,X002432738,Not Toll,56,1,1,Two-way Continuous Left-Tur,4,2946949.08506534,1902524.43026242,41.8654,-87.77899,,Urban,1,N,(N/A),Y,(N/A)