crash_year,crash_date,day_of_week,crash_hour,time_of_crash,crash_severity,crash_injury_severity,total_injured,total_fatals,a_injuries,b_injuries,c_injuries,no_injuries,type_of_first_crash,collision_type_code,pedestrian_involved,pedalcyclist_involved,cause1,cause2,lighting_cond,weather_cond,road_surface_cond,intersection_related,is_intersection,highway_or_street_name,at_intersection_with,address_no,traffic_control_device,traffic_control_device_cond,hit_and_run,number_of_vehicles,latitude,longitude,location_status,access_control,agency_code,agency_report_number,agency_report_year,alignment_code,cause1_code,cause2_code,city_class,city_class_code,city_code,city_name,city_township_flag,class_of_trafficway,class_of_trafficway_code,county_code,crash_day,crash_id,crash_month,crash_report_county,crash_severity_cd,crash_yr_source,damaged_property1,damaged_property2,day_of_week_code,did_crash_occur_in_work_zone,did_involve_secondary_crash,flow_condition,icn,investigating_agency_descrip,light_condition_code,mile_station,nhs,non_intersection_direction,non_intersection_distance,non_intersection_units,number_of_lanes,objectid,railroad_crossing_number,road_alignment,road_defects,road_defects_code,road_surface_condition_code,roadway_functional_class,roadway_functional_class_code,route_number,sfe,toll,township,traffic_control_device_code,traffic_control_device_cond_code,trafficway_descrip,trafficway_description_code,ts_crash_coordinate_x,ts_crash_coordinate_y,ts_crash_latitude,ts_crash_longitude,type_report,urban_rural,weather_code,were_workers_present,work_zone,work_zone_related,work_zone_type
2021,2021-11-06,Saturday,14,02:49 PM,Property Damage,No Injuries,0,0,0,0,0,1,Parked Motor Vehicle,9,N,N,Failing to Reduce Speed to Avoid Crash,(N/A),Daylight,Clear,Dry,N,,,,,No Controls,No Controls,N,2,41.8844826,-87.7957249,ok,(UNK),1,2106928,2021,,28,99,50000 and OVER,9,4295,Oak Park,C,Urban Local Road or Street,,16,6,11508308,11,Cook,0,21,,,6,N,No,Free Flow,202101359049,City,1,0.16,N,,,,(UNK),223737,(N/A),(UNK),No Defects,1,1,Local Road or Street,7,2683,X002432763,Not Toll,73,1,1,Not Divided,1,2942199.93735398,1909349.23552716,41.88447472,-87.79571909,,Urban,1,N,(N/A),Y,(N/A)
2021,2021-11-06,Saturday,15,03:08 PM,Property Damage,No Injuries,0,0,0,0,0,6,Front to Rear,11,N,N,Following Too Closely,Failing to Reduce Speed to Avoid Crash,Daylight,Clear,Dry,N,,,,,No Controls,No Controls,N,2,41.8932527,-87.8051995,ok,(UNK),1,2106929,2021,,3,28,50000 and OVER,9,4295,Oak Park,C,Urban Other Principal Arte,,16,6,11508309,11,Cook,0,21,,,6,N,No,Free Flow,202101359050,City,1,18.74,Y,,,,(UNK),223738,(N/A),(UNK),No Defects,1,1,Other Principal Arterial,3,348,X002432764,Not Toll,73,1,1,Not Divided,1,2939531.82119122,1912474.04775877,41.89324484,-87.80519366,,Urban,1,N,(N/A),Y,(N/A)
2021,2021-11-07,Sunday,01,01:06 AM,Property Damage,No Injuries,0,0,0,0,0,2,Fixed Object,6,N,N,Under Influence of Alcohol/Drugs,Improper Turning/No Signal,Darkness / Lighted Road,Clear,Dry,N,,,,,Traffic Signal,Functioning Properly,N,2,41.8815878,-87.7943358,ok,(UNK),1,2106940,2021,,8,6,50000 and OVER,9,4295,Oak Park,C,Urban Major Collector,,16,7,11508310,11,Cook,0,21,TRAFFIC SIGNAL,,7,N,Yes,Free Flow,202101359051,City,5,0,N,,,,(UNK),223739,(N/A),(UNK),No Defects,1,1,Major Collector,5,,X002432775,Not Toll,73,3,4,Not Divided,1,2942607.39197709,1908304.80420034,41.88158,-87.79433,,Urban,1,N,(N/A),Y,(N/A)
2021,2021-11-07,Sunday,02,02:01 AM,Injury,B Injury Crash,4,0,0,2,2,1,Front to Rear,11,N,N,Failing to Reduce Speed to Avoid Crash,Improper Lane Usage,Darkness / Lighted Road,Clear,Dry,N,,,,,No Controls,No Controls,N,2,41.8703529,-87.8043934,ok,(UNK),1,2106943,2021,,28,20,50000 and OVER,9,4295,Oak Park,C,Urban Other Principal Arte,,16,7,11508313,11,Cook,2,21,,,7,N,No,Free Flow,202101359053,City,5,20.32,Y,,,,(UNK),223792,(N/A),(UNK),No Defects,1,1,Other Principal Arterial,3,348,X002432796,Not Toll,73,1,1,Divided With Median Barrier,3,2939981.12955989,1904134.98020397,41.87034501,-87.80438758,,Urban,1,N,(N/A),Y,(N/A)
2021,2021-11-07,Sunday,19,07:13 PM,Injury,B Injury Crash,1,0,0,1,0,2,Angle,15,N,N,Failing to Yield Right of Way,Failing to Reduce Speed to Avoid Crash,Darkness / Lighted Road,Clear,Dry,Y,,,,,Stop Sign,Functioning Properly,N,2,41.8816077,-87.7910523,ok,(UNK),1,2106959,2021,,2,28,50000 and OVER,9,4295,Oak Park,C,Urban Major Collector,,16,7,11508314,11,Cook,2,21,,,7,N,No,Free Flow,202101359054,City,5,0,N,,,,(UNK),223793,(N/A),(UNK),No Defects,1,1,Major Collector,5,,X002432864,Not Toll,73,2,4,Not Divided,1,2943501.3982298,1908336.77790367,41.88159983,-87.79104649,,Urban,1,N,(N/A),Y,(N/A)
2021,2021-10-30,Saturday,14,02:56 PM,Property Damage,No Injuries,0,0,0,0,0,4,Front to Rear,11,N,N,Failing to Reduce Speed to Avoid Crash,Following Too Closely,Daylight,Clear,Dry,N,,,,,Traffic Signal,Functioning Properly,N,4,41.8977832,-87.7947808,ok,(UNK),1,2106752,2021,,28,3,50000 and OVER,9,4295,Oak Park,C,Urban Major Collector,,16,30,11508316,10,Cook,0,21,,,6,N,No,Stopped,202101359056,City,1,4.88,N,,,,(UNK),223795,(N/A),(UNK),No Defects,1,1,Major Collector,5,2775,X002432630,Not Toll,73,3,4,"Divided, No Median Barrier",2,2942322.9782513,1914203.3484971,41.89777536,-87.79477499,,Urban,1,N,(N/A),Y,(N/A)
2021,2021-11-05,Friday,15,03:27 PM,Injury,C Injury Crash,1,0,0,0,1,2,Angle,15,N,N,Failing to Reduce Speed to Avoid Crash,Failing to Yield Right of Way,Daylight,Clear,Dry,Y,,,,,Stop Sign,Functioning Properly,N,2,41.888178,-87.7798058,ok,(UNK),1,2106913,2021,,28,2,50000 and OVER,9,4295,Oak Park,C,Urban Major Collector,,16,5,11508318,11,Cook,1,21,,,5,N,No,Free Flow,202101359058,City,1,0,N,,,,(UNK),223796,(N/A),(UNK),No Defects,1,1,Major Collector,5,,X002432661,Not Toll,73,2,4,Not Divided,1,2946497.55419594,1910816.1409543,41.88817011,-87.7798,,Urban,1,N,(N/A),Y,(N/A)
2021,2021-11-05,Friday,18,06:48 PM,Property Damage,No Injuries,0,0,0,0,0,2,Turning,10,N,N,Failing to Yield Right of Way,Failing to Reduce Speed to Avoid Crash,Darkness,Clear,Dry,Y,,,,,Stop Sign,Functioning Properly,N,2,41.8854023,-87.8049145,ok,(UNK),1,2106918,2021,,2,28,50000 and OVER,9,4295,Oak Park,C,Urban Other Principal Arte,,16,5,11508323,11,Cook,0,21,,,5,N,No,Free Flow,202101359061,City,4,26.42,Y,,,,(UNK),223833,(N/A),(UNK),No Defects,1,1,Other Principal Arterial,3,5043,X002432731,Not Toll,73,2,4,Not Divided,1,2939688.18062392,1909615.35965009,41.88539446,-87.80490874,,Urban,1,N,(N/A),Y,(N/A)
2021,2021-08-23,Monday,01,01:25 AM,Property Damage,No Injuries,0,0,0,0,0,2,Front to Rear,11,N,N,Following Too Closely,(N/A),Daylight,Clear,Dry,N,,,,,No Controls,No Controls,Y,2,41.8835275,-87.8048611,ok,(UNK),1,21-02527,2021,,3,99,50000 and OVER,9,4295,Oak Park,C,Urban Other Principal Arte,,16,23,11407326,8,Cook,0,21,,,1,N,No,Stopped,202101261872,City,1,19.41,Y,,,,(UNK),224067,(N/A),(UNK),No Defects,1,1,Other Principal Arterial,3,348,X002345800,Not Toll,73,1,1,Not Divided,1,2939721.55404166,1908932.53602676,41.88351962,-87.80485528,,Urban,1,N,(N/A),Y,(N/A)
2021,2021-08-17,Tuesday,23,11:08 PM,Injury,B Injury Crash,3,0,0,3,0,1,Sideswipe Same Direction,12,N,N,Improper Overtaking/Passing,Driving Skills/Knowledge/Experience,Darkness / Lighted Road,Clear,Dry,N,,,,,No Controls,No Controls,Y,2,41.8730922,-87.8003683,ok,Partial Access Control,3,03-21-11935,2021,,4,15,50000 and OVER,9,4295,Oak Park,C,Urban InterState,,16,17,11407397,8,Cook,2,21,,,2,N,No,(UNK),202101261937,ISP,5,7.89,Y,,,,(UNK),224484,(N/A),(UNK),No Defects,1,1,InterState,1,290,X002345865,Not Toll,,1,1,Divided With Median Barrier,3,2941049.95794062,1905163.45477941,41.87308434,-87.80036246,,Urban,1,N,(N/A),Y,(N/A)
2021,2021-05-14,Friday,22,10:15 PM,Injury,B Injury Crash,1,0,0,1,0,2,Sideswipe Same Direction,12,N,N,Under Influence of Alcohol/Drugs,Failing to Reduce Speed to Avoid Crash,Darkness / Lighted Road,Clear,Dry,N,,,,,Other,Functioning Properly,Y,2,41.8734964,-87.8026101,ok,Partial Access Control,3,03-21-06557,2021,,8,28,50000 and OVER,9,4295,Oak Park,C,Urban InterState,,16,14,11282289,5,Cook,2,21,,,5,N,No,(UNK),202101144852,ISP,5,0.16,Y,,,,(UNK),224584,(N/A),(UNK),No Defects,1,1,InterState,1,290,X002240268,Not Toll,,13,4,Divided With Median Barrier,3,2940435.30455428,1905293.93292696,41.87348858,-87.80260426,,Urban,1,N,(N/A),Y,(N/A)
2021,2021-08-20,Friday,14,02:04 PM,Injury,B Injury Crash,1,0,0,1,0,0,Fixed Object,6,N,N,Failing to Reduce Speed to Avoid Crash,Physical Condition of Driver,Daylight,Clear,Dry,Y,,,,,No Controls,No Controls,N,1,41.876231,-87.7868057,ok,(UNK),1,2105092,2021,,28,17,50000 and OVER,9,4295,Oak Park,C,Urban Local Road or Street,,16,20,11406564,8,Cook,2,21,TREE,,5,N,No,Free Flow,202101261085,City,1,0,N,,,,(UNK),224736,(N/A),(UNK),No Defects,1,1,Local Road or Street,7,,X002345086,Not Toll,73,1,1,Not Divided,1,2944712.25237914,1906409.48543155,41.87622317,-87.78679987,,Urban,1,N,(N/A),Y,(N/A)
2021,2021-05-15,Saturday,16,04:33 PM,Injury,C Injury Crash,1,0,0,0,1,1,Angle,15,N,N,Disregarding Other Traffic Signs,Failing to Reduce Speed to Avoid Crash,Daylight,Clear,Dry,Y,,,,,Stop Sign,Functioning Properly,N,2,41.8815774,-87.7926484,ok,(UNK),1,2102800,2021,,24,28,50000 and OVER,9,4295,Oak Park,C,Urban Major Collector,,16,15,11282801,5,Cook,1,21,,,6,N,No,Free Flow,202101145340,City,1,0,N,,,,(UNK),224988,(N/A),(UNK),No Defects,1,1,Major Collector,5,,X002240672,Not Toll,73,2,4,Not Divided,1,2943067.01927167,1908313.72592336,41.88156959,-87.79264264,,Urban,1,N,(N/A),Y,(N/A)
2021,2021-05-15,Saturday,11,11:15 AM,Injury,B Injury Crash,1,0,0,1,0,3,Angle,15,N,N,Failing to Yield Right of Way,Failing to Reduce Speed to Avoid Crash,Daylight,Rain,Wet,Y,,,,,Stop Sign,Functioning Properly,N,2,41.881568,-87.7956365,ok,(UNK),1,2102790,2021,,2,28,50000 and OVER,9,4295,Oak Park,C,Urban Major Collector,,16,15,11282803,5,Cook,2,21,STOP SIGN,STOP SIGN,6,N,No,Slow,202101145342,City,1,0,N,,,,(UNK),224989,(N/A),(UNK),No Defects,1,2,Major Collector,5,,X002240674,Not Toll,73,2,4,Not Divided,1,2942253.37796357,1908287.77390137,41.88156014,-87.79563067,,Urban,2,N,(N/A),Y,(N/A)
2021,2021-05-14,Friday,19,07:09 PM,Property Damage,No Injuries,0,0,0,0,0,1,Fixed Object,6,N,N,Failing to Reduce Speed to Avoid Crash,(N/A),Daylight,Clear,Dry,N,,,,,Other,Functioning Properly,Y,1,41.8873342,-87.7935302,ok,(UNK),1,2102776,2021,,28,99,50000 and OVER,9,4295,Oak Park,C,Urban Local Road or Street,,16,14,11282807,5,Cook,0,21,GATE FOR PARKING GARAGE,,5,N,No,Stopped,202101145345,City,1,0.34,N,,,,(UNK),224991,(N/A),(UNK),No Defects,1,1,Local Road or Street,7,3005,X002240678,Not Toll,73,13,4,Other,8,2942768.85022614,1910404.94576314,41.88732634,-87.79352438,,Urban,1,N,(N/A),Y,(N/A)
2021,2021-05-15,Saturday,13,01:08 PM,Injury,B Injury Crash,1,0,0,1,0,4,Front to Rear,11,N,N,Following Too Closely,Failing to Reduce Speed to Avoid Crash,Daylight,Rain,Wet,N,,,,,No Controls,No Controls,N,2,41.8723368,-87.8037357,ok,(UNK),1,2102794,2021,,3,28,50000 and OVER,9,4295,Oak Park,C,Urban Local Road or Street,,16,15,11282810,5,Cook,2,21,,,6,N,No,Slow,202101145348,City,1,0.04,N,,,,(UNK),224993,(N/A),(UNK),No Defects,1,2,Local Road or Street,7,4062,X002240681,Not Toll,73,1,1,"Divided, No Median Barrier",2,2940140.36150404,1904862.89553185,41.87232895,-87.80372988,,Urban,2,N,(N/A),Y,(N/A)
2021,2021-08-20,Friday,16,04:25 PM,Injury,B Injury Crash,1,0,0,1,0,4,Front to Rear,11,N,N,Following Too Closely,Failing to Reduce Speed to Avoid Crash,Daylight,Clear,Dry,N,,,,,Other,Functioning Properly,Y,2,41.8730843,-87.8002889,ok,Partial Access Control,3,03-21-12078,2021,,3,28,50000 and OVER,9,4295,Oak Park,C,Urban InterState,,16,20,11407089,8,Cook,2,21,,,5,N,No,(UNK),202101261646,ISP,1,7.9,Y,,,,(UNK),225052,(N/A),(UNK),No Defects,1,1,InterState,1,290,X002345575,Not Toll,,13,4,Divided With Median Barrier,3,2941071.64072209,1905161.16026228,41.87307641,-87.80028315,,Urban,1,N,(N/A),Y,(N/A)
2021,2021-08-21,Saturday,13,01:32 PM,Property Damage,No Injuries,0,0,0,0,0,1,Parked Motor Vehicle,9,N,N,Improper Overtaking/Passing,Failing to Reduce Speed to Avoid Crash,Daylight,Clear,Dry,N,,,,,No Controls,No Controls,Y,2,41.8857485,-87.8006292,ok,(UNK),1,2105121,2021,,4,28,50000 and OVER,9,4295,Oak Park,C,Urban Local Road or Street,,16,21,11407501,8,Cook,0,21,,,6,N,No,Slow,202101262023,City,1,0.08,N,,,,(UNK),225062,(N/A),(UNK),No Defects,1,1,Local Road or Street,7,3020,X002345954,Not Toll,73,1,1,Not Divided,1,2940851.68180896,1909773.66695421,41.88574061,-87.80062335,,Urban,1,N,(N/A),Y,(N/A)
2021,2021-08-20,Friday,20,08:20 PM,Property Damage,No Injuries,0,0,0,0,0,2,Front to Rear,11,N,N,Failing to Reduce Speed to Avoid Crash,Following Too Closely,Darkness / Lighted Road,Clear,Dry,N,,,,,No Controls,No Controls,N,2,41.873387,-87.8034555,ok,Partial Access Control,3,03-21-12091,2021,,28,3,50000 and OVER,9,4295,Oak Park,C,Urban InterState,,16,20,11407102,8,Cook,0,21,,,5,N,No,(UNK),202101261659,ISP,5,7.75,Y,,,,(UNK),225150,(N/A),(UNK),No Defects,1,1,InterState,1,290,X002345588,Not Toll,,1,1,Divided With Median Barrier,3,2940206.14032285,1905247.70978905,41.87337915,-87.80344967,,Urban,1,N,(N/A),Y,(N/A)
2021,2021-05-14,Friday,15,03:51 PM,Property Damage,No Injuries,0,0,0,0,0,1,Parked Motor Vehicle,9,N,N,Failing to Reduce Speed to Avoid Crash,(N/A),Daylight,Clear,Dry,N,,,,,No Controls,No Controls,N,2,41.8832779,-87.8019045,ok,(UNK),1,2102771,2021,,28,99,50000 and OVER,9,4295,Oak Park,C,Urban Local Road or Street,,16,14,11282874,5,Cook,0,21,,,5,N,No,Free Flow,202101145398,City,1,0.15,N,,,,(UNK),225214,(N/A),(UNK),No Defects,1,1,Local Road or Street,7,3015,X002240677,Not Toll,73,1,1,Not Divided,1,2940529.21028149,1908863.78341591,41.88327008,-87.80189869,,Urban,1,N,(N/A),Y,(N/A)
2021,2021-08-19,Thursday,18,06:22 PM,Property Damage,No Injuries,0,0,0,0,0,3,Front to Rear,11,N,N,Improper Lane Usage,Failing to Reduce Speed to Avoid Crash,Daylight,Clear,Dry,N,,,,,Delineators,Functioning Properly,N,3,41.8718973,-87.7836494,ok,Partial Access Control,3,03-21-12016,2021,,20,28,50000 and OVER,9,4295,Oak Park,C,Urban InterState,,16,19,11407140,8,Cook,0,21,,,4,N,No,(UNK),202101261696,ISP,1,22.62,Y,,,,(UNK),225476,(N/A),(UNK),No Defects,1,1,InterState,1,9290,X002345625,Not Toll,73,14,4,Divided With Median Barrier,3,2945615.74042272,1904854.06472919,41.87188946,-87.78364364,,Urban,1,N,(N/A),Y,(N/A)
2021,2021-08-20,Friday,23,11:50 PM,Property Damage,No Injuries,0,0,0,0,0,2,Front to Rear,11,N,N,Failing to Reduce Speed to Avoid Crash,Failing to Yield Right of Way,Darkness / Lighted Road,Clear,Dry,N,,,,,Traffic Signal,Functioning Properly,N,2,41.8759877,-87.8045416,ok,(UNK),1,2105109,2021,,28,2,50000 and OVER,9,4295,Oak Park,C,Urban Major Collector,,16,20,11406823,8,Cook,0,21,,,5,N,No,Stopped,202101261379,City,5,0,N,,,,(UNK),225857,(N/A),(UNK),No Defects,1,1,Major Collector,5,,X002345321,Not Toll,73,3,4,Not Divided,1,2939884.21443404,1906187.31204201,41.87597987,-87.80453581,,Urban,1,N,(N/A),Y,(N/A)
2021,2021-11-08,Monday,07,07:47 AM,Injury,A Injury Crash,1,0,1,0,0,1,Pedalcyclist,2,N,Y,Failing to Yield Right of Way,(N/A),Daylight,Clear,Wet,Y,,,,,No Controls,No Controls,N,1,41.9036265,-87.7948967,ok,(UNK),1,2106973,2021,,2,99,50000 and OVER,9,4295,Oak Park,C,Urban Major Collector,,16,8,11510574,11,Cook,3,21,,,1,N,No,Free Flow,202101361271,City,1,0,N,,,,(UNK),226075,(N/A),(UNK),No Defects,1,2,Major Collector,5,,X002435185,Not Toll,73,1,1,Four Way,14,2942232.53109182,1916331.86611737,41.9036186,-87.79489086,,Urban,1,N,(N/A),Y,(N/A)
2021,2021-11-08,Monday,11,11:48 AM,Property Damage,No Injuries,0,0,0,0,0,2,Angle,15,N,N,Failing to Yield Right of Way,Failing to Reduce Speed to Avoid Crash,Daylight,Clear,Dry,Y,,,,,Stop Sign,Functioning Properly,N,2,41.8999203,-87.783802,ok,(UNK),1,2106978,2021,,2,28,50000 and OVER,9,4295,Oak Park,C,Urban Local Road or Street,,16,8,11510575,11,Cook,0,21,,,1,N,No,Slow,202101361272,City,1,0,N,,,,(UNK),226076,(N/A),(UNK),No Defects,1,1,Local Road or Street,7,,X002435186,Not Toll,73,2,4,"Divided, No Median Barrier",2,2945290.465023,1915065.03149351,41.89991248,-87.7837962,,Urban,1,N,(N/A),Y,(N/A)
2021,2021-11-08,Monday,15,03:11 PM,Injury,C Injury Crash,1,0,0,0,1,2,Pedestrian,1,Y,N,Failing to Yield Right of Way,Failing to Reduce Speed to Avoid Crash,Daylight,Clear,Dry,N,,,,,Pedestrian Crossing,Functioning Properly,N,1,41.8762969,-87.7831055,ok,(UNK),1,2106986,2021,,2,28,50000 and OVER,9,4295,Oak Park,C,Urban Local Road or Street,,16,8,11510576,11,Cook,1,21,,,1,N,No,Free Flow,202101361273,City,1,0,N,,,,(UNK),226077,(N/A),(UNK),No Defects,1,1,Local Road or Street,7,,X002435187,Not Toll,73,17,4,"Divided, No Median Barrier",2,2945719.33734686,1906461.47289734,41.87628905,-87.78309974,,Urban,1,N,(N/A),Y,(N/A)
2021,2021-11-05,Friday,03,03:29 AM,Property Damage,No Injuries,0,0,0,0,0,2,Fixed Object,6,N,N,Driving Skills/Knowledge/Experience,(N/A),Darkness,Clear,Dry,Y,,,,,Traffic Signal,Functioning Properly,N,2,41.8867116,-87.8049543,ok,(UNK),1,2106899,2021,,15,99,50000 and OVER,9,4295,Oak Park,C,Urban Other Principal Arte,,16,5,11509261,11,Cook,0,21,,,5,N,No,Free Flow,202101359957,City,4,26.51,Y,,,,(UNK),226126,(N/A),(UNK),No Defects,1,1,Other Principal Arterial,3,5043,X002433229,Not Toll,73,3,4,"Divided, No Median Barrier",2,2939664.22153674,1910092.18670683,41.88670373,-87.80494848,,Urban,1,N,(N/A),Y,(N/A)
2021,2021-11-06,Saturday,20,08:07 PM,Property Damage,No Injuries,0,0,0,0,0,2,Angle,15,N,N,Failing to Yield Right of Way,Disregarding Stop Sign,Darkness / Lighted Road,Cloudy/Overcast,Dry,Y,,,,,Stop Sign,Functioning Properly,N,2,41.8820672,-87.7779801,ok,(UNK),1,2106935,2021,,2,23,50000 and OVER,9,4295,Oak Park,C,Urban Major Collector,,16,6,11509264,11,Cook,0,21,,,6,N,No,Free Flow,202101359958,City,5,0,N,,,,(UNK),226127,(N/A),(UNK),No Defects,1,1,Major Collector,5,,X002433964,Not Toll,73,2,4,Not Divided,1,2947056.70802733,1908603.12269806,41.8820594,-87.77797435,,Urban,8,N,(N/A),Y,(N/A)
2021,2021-08-23,Monday,14,02:52 PM,Injury,C Injury Crash,1,0,0,0,1,2,Front to Rear,11,N,N,Following Too Closely,(N/A),Daylight,Clear,Dry,N,,,,,No Controls,No Controls,Y,2,41.8820977,-87.7763571,ok,(UNK),1,2105155,2021,,3,99,50000 and OVER,9,4295,Oak Park,C,Urban Major Collector,,16,23,11408022,8,Cook,1,21,,,1,N,No,Slow,202101262534,City,1,0,N,,,,(UNK),226614,(N/A),(UNK),No Defects,1,1,Major Collector,5,,X002346424,Not Toll,73,1,1,Not Divided,1,2947498.39545776,1908626.51753792,41.8820898,-87.77635134,,Urban,1,N,(N/A),Y,(N/A)
2021,2021-08-23,Monday,17,05:43 PM,Injury,B Injury Crash,2,0,0,2,0,1,Front to Rear,11,N,N,Following Too Closely,Failing to Reduce Speed to Avoid Crash,Daylight,Clear,Dry,N,,,,,No Controls,No Controls,N,3,41.8798456,-87.7868167,ok,(UNK),1,2105163,2021,,3,28,50000 and OVER,9,4295,Oak Park,C,Urban Minor Arterial,,16,23,11408047,8,Cook,2,21,,,1,N,Yes,Slow,202101262562,City,1,3.99,N,,,,(UNK),226733,(N/A),(UNK),No Defects,1,1,Minor Arterial,4,1419,X002346449,Not Toll,73,1,1,Not Divided,1,2944672.69475136,1907726.61656012,41.87983774,-87.78681094,,Urban,1,N,(N/A),Y,(N/A)
2021,2021-08-24,Tuesday,08,08:33 AM,Property Damage,No Injuries,0,0,0,0,0,1,Parked Motor Vehicle,9,N,N,Improper Lane Usage,(N/A),Daylight,Clear,Dry,N,,,,,Traffic Signal,Functioning Properly,N,3,41.87981,-87.7941854,ok,(UNK),1,2105170,2021,,20,99,50000 and OVER,9,4295,Oak Park,C,Urban Minor Arterial,,16,24,11408060,8,Cook,0,21,,,2,N,No,Free Flow,202101262574,City,1,0,N,,,,(UNK),226737,(N/A),(UNK),No Defects,1,1,Minor Arterial,4,,X002346461,Not Toll,73,3,4,"Divided, No Median Barrier",2,2942666.27206278,1907658.05116286,41.87980214,-87.7941796,,Urban,1,N,(N/A),Y,(N/A)
2021,2021-05-18,Tuesday,12,12:46 PM,Property Damage,No Injuries,0,0,0,0,0,3,Turning,10,N,N,Improper Turning/No Signal,Failing to Reduce Speed to Avoid Crash,Daylight,Clear,Dry,Y,,,,,Stop Sign,Functioning Properly,N,2,41.8796079,-87.8038452,ok,(UNK),1,2102846,2021,,6,28,50000 and OVER,9,4295,Oak Park,C,Urban Minor Arterial,,16,18,11284436,5,Cook,0,21,,,2,N,No,(UNK),202101146914,City,1,0,N,,,,(UNK),227084,(N/A),(UNK),No Defects,1,1,Minor Arterial,4,,X002242157,Not Toll,73,2,4,"Divided, No Median Barrier",2,2940037.55582573,1907511.77764648,41.87960001,-87.80383937,,Urban,1,N,(N/A),Y,(N/A)
2021,2021-05-18,Tuesday,18,06:12 PM,Property Damage,No Injuries,0,0,0,0,0,4,Front to Rear,11,N,N,Failing to Yield Right of Way,Failing to Reduce Speed to Avoid Crash,Daylight,Rain,Wet,N,,,,,No Controls,No Controls,Y,2,41.8798118,-87.7884118,ok,(UNK),1,2102854,2021,,2,28,50000 and OVER,9,4295,Oak Park,C,Urban Minor Arterial,,16,18,11284437,5,Cook,0,21,TREE,,2,N,No,(UNK),202101146923,City,1,3.91,N,,,,(UNK),227085,(N/A),(UNK),No Defects,1,2,Minor Arterial,4,1419,X002242173,Not Toll,73,1,1,"Divided, No Median Barrier",2,2944238.6423525,1907702.26653032,41.87980398,-87.78840598,,Urban,2,N,(N/A),Y,(N/A)
2021,2021-05-18,Tuesday,18,06:30 PM,Property Damage,No Injuries,0,0,0,0,0,2,Angle,15,N,N,Failing to Yield Right of Way,Failing to Reduce Speed to Avoid Crash,Dusk,Rain,Wet,N,,,,,No Controls,No Controls,Y,2,41.8859945,-87.8025134,ok,(UNK),1,2102855,2021,,2,28,50000 and OVER,9,4295,Oak Park,C,Urban Local Road or Street,,16,18,11284438,5,Cook,0,21,,,2,N,No,Slow,202101146915,City,3,0.13,N,,,,(UNK),227086,(N/A),(UNK),No Defects,1,2,Local Road or Street,7,2056,X002242175,Not Toll,73,1,1,Not Divided,1,2940336.09308522,1909849.16618042,41.88598661,-87.80250764,,Urban,2,N,(N/A),Y,(N/A)
2021,2021-10-31,Sunday,13,01:29 PM,Property Damage,No Injuries,0,0,0,0,0,4,Sideswipe Same Direction,12,N,N,Failing to Yield Right of Way,Unable to Determine,Daylight,Clear,Dry,N,,,,,No Controls,No Controls,N,2,41.8821225,-87.7749433,ok,(UNK),1,2106777,2021,,2,18,50000 and OVER,9,4295,Oak Park,C,Urban Major Collector,,16,31,11509766,10,Cook,0,21,,,7,N,No,Free Flow,202101360502,City,1,1.53,N,,,,(UNK),227121,(N/A),(UNK),No Defects,1,1,Major Collector,5,5,X002434322,Not Toll,73,1,1,"Divided, No Median Barrier",2,2947883.16940138,1908646.29697865,41.88211463,-87.77493752,,Urban,1,N,(N/A),Y,(N/A)
2021,2021-08-20,Friday,09,09:18 AM,Property Damage,No Injuries,0,0,0,0,0,4,Front to Rear,11,N,N,Failing to Reduce Speed to Avoid Crash,Improper Lane Usage,Daylight,Clear,Dry,N,,,,,Other,Functioning Properly,N,4,41.8736178,-87.8027036,ok,Partial Access Control,3,03-21-12055,2021,,28,20,50000 and OVER,9,4295,Oak Park,C,Urban InterState,,16,20,11408190,8,Cook,0,21,,,5,N,No,(UNK),202101262762,ISP,1,21.67,Y,,,,(UNK),227327,(N/A),(UNK),No Defects,1,1,InterState,1,9290,X002346580,Not Toll,73,13,4,Divided With Median Barrier,3,2940408.60971422,1905337.47566673,41.87360999,-87.80269779,,Urban,1,N,(N/A),Y,(N/A)
2021,2021-08-20,Friday,11,11:22 AM,Property Damage,No Injuries,0,0,0,0,0,2,Front to Rear,11,N,N,Failing to Reduce Speed to Avoid Crash,Following Too Closely,Daylight,Clear,Dry,N,,,,,Other,Functioning Properly,N,2,41.8713395,-87.776125,ok,Partial Access Control,3,03-21-12059,2021,,28,3,50000 and OVER,9,4295,Oak Park,C,Urban InterState,,16,20,11408191,8,Cook,0,21,,,5,N,No,(UNK),202101262763,ISP,1,23,Y,,,,(UNK),227328,(N/A),(UNK),No Defects,1,1,InterState,1,9290,X002346581,Not Toll,73,13,4,Divided With Median Barrier,3,2947670.87090652,1904707.81967219,41.87133169,-87.77611919,,Urban,1,N,(N/A),Y,(N/A)
2021,2021-08-23,Monday,11,11:10 AM,Property Damage,No Injuries,0,0,0,0,0,2,Sideswipe Same Direction,12,N,N,Improper Lane Usage,Driving Skills/Knowledge/Experience,Daylight,Clear,Dry,N,,,,,Other,Functioning Properly,Y,2,41.8713844,-87.7809216,ok,Partial Access Control,3,03-21-12232,2021,,20,15,50000 and OVER,9,4295,Oak Park,C,Urban InterState,,16,23,11408193,8,Cook,0,21,,,1,N,No,(UNK),202101262765,ISP,1,8.87,Y,,,,(UNK),227330,(N/A),(UNK),No Defects,1,1,InterState,1,290,X002346583,Not Toll,,13,4,Divided With Median Barrier,3,2946363.93109854,1904687.79453189,41.87137653,-87.7809158,,Urban,1,N,(N/A),Y,(N/A)