crash_year,crash_date,day_of_week,crash_hour,time_of_crash,crash_severity,crash_injury_severity,total_injured,total_fatals,a_injuries,b_injuries,c_injuries,no_injuries,type_of_first_crash,collision_type_code,pedestrian_involved,pedalcyclist_involved,cause1,cause2,lighting_cond,weather_cond,road_surface_cond,intersection_related,is_intersection,highway_or_street_name,at_intersection_with,address_no,traffic_control_device,traffic_control_device_cond,hit_and_run,number_of_vehicles,latitude,longitude,location_status,access_control,agency_code,agency_report_number,agency_report_year,alignment_code,cause1_code,cause2_code,city_class,city_class_code,city_code,city_name,city_township_flag,class_of_trafficway,class_of_trafficway_code,county_code,crash_day,crash_id,crash_month,crash_report_county,crash_severity_cd,crash_yr_source,damaged_property1,damaged_property2,day_of_week_code,did_crash_occur_in_work_zone,did_involve_secondary_crash,flow_condition,icn,investigating_agency_descrip,light_condition_code,mile_station,nhs,non_intersection_direction,non_intersection_distance,non_intersection_units,number_of_lanes,objectid,railroad_crossing_number,road_alignment,road_defects,road_defects_code,road_surface_condition_code,roadway_functional_class,roadway_functional_class_code,route_number,sfe,toll,township,traffic_control_device_code,traffic_control_device_cond_code,trafficway_descrip,trafficway_description_code,ts_crash_coordinate_x,ts_crash_coordinate_y,ts_crash_latitude,ts_crash_longitude,type_report,urban_rural,weather_code,were_workers_present,work_zone,work_zone_related,work_zone_type
2021,2021-05-18,Tuesday,12,12:45 PM,Property Damage,No Injuries,0,0,0,0,0,2,Sideswipe Same Direction,12,N,N,Driving Skills/Knowledge/Experience,Failing to Reduce Speed to Avoid Crash,Daylight,Cloudy/Overcast,Dry,N,,,,,Delineators,Functioning Properly,Y,2,41.873195,-87.8014528,ok,Partial Access Control,3,03-21-06715,2021,,15,28,50000 and OVER,9,4295,Oak Park,C,Urban InterState,,16,18,11284137,5,Cook,0,21,,,2,N,No,(UNK),202101146626,ISP,1,7.84,Y,,,,(UNK),227528,(N/A),(UNK),No Defects,1,1,InterState,1,290,X002241970,Not Toll,,14,4,Divided With Median Barrier,3,2940753.52277946,1905192.76115984,41.87318712,-87.80144703,,Urban,8,N,(N/A),Y,(N/A)
2021,2021-04-22,Thursday,21,09:50 PM,Property Damage,No Injuries,0,0,0,0,0,3,Front to Rear,11,N,N,Unable to Determine,Driving Skills/Knowledge/Experience,Darkness,Clear,Dry,N,,,,,No Controls,No Controls,Y,3,41.8796088,-87.804733,ok,(UNK),1,21-01243,2021,,18,15,50000 and OVER,9,4295,Oak Park,C,Urban Other Principal Arte,,16,22,11284781,4,Cook,0,21,,,4,N,Yes,Slow,202101147238,City,4,19.68,Y,,,,(UNK),228777,(N/A),(UNK),No Defects,1,1,Other Principal Arterial,3,348,X002242563,Not Toll,73,1,1,"Divided, No Median Barrier",2,2939795.75388855,1907505.44854221,41.87960091,-87.80472721,,Urban,1,N,(N/A),Y,(N/A)
2021,2021-08-26,Thursday,09,09:59 AM,Property Damage,No Injuries,0,0,0,0,0,3,Angle,15,N,N,Failing to Yield Right of Way,Unable to Determine,Daylight,Clear,Dry,Y,,,,,Stop Sign,Not Functioning,N,3,41.8650298,-87.8042159,ok,(UNK),1,21-02551,2021,,2,18,50000 and OVER,9,4295,Oak Park,C,Urban Other Principal Arte,,16,26,11410887,8,Cook,0,21,,,4,N,No,Slow,202101265560,City,1,25.01,Y,,,,(UNK),230338,(N/A),(UNK),No Defects,1,1,Other Principal Arterial,3,5043,X002348888,Not Toll,52,2,2,"Divided, No Median Barrier",2,2940082.89416636,1902196.51546406,41.865022,-87.80421006,,Urban,1,N,(N/A),Y,(N/A)
2021,2021-08-23,Monday,14,02:50 PM,Property Damage,No Injuries,0,0,0,0,0,2,Angle,15,N,N,Failing to Yield Right of Way,Failing to Reduce Speed to Avoid Crash,Daylight,Clear,Dry,Y,,,,,No Controls,No Controls,Y,2,41.8917252,-87.7848059,ok,(UNK),1,2105180,2021,,2,28,50000 and OVER,9,4295,Oak Park,C,Urban Major Collector,,16,23,11410180,8,Cook,0,21,,,1,N,No,Slow,202101264965,City,1,0,N,,,,(UNK),230971,(N/A),(UNK),No Defects,1,1,Major Collector,5,,X002348391,Not Toll,73,1,1,Not Divided,1,2945100.09408778,1912070.97006146,41.89171735,-87.78480013,,Urban,1,N,(N/A),Y,(N/A)
2021,2021-08-24,Tuesday,15,03:20 PM,Property Damage,No Injuries,0,0,0,0,0,2,Front to Rear,11,N,N,Following Too Closely,Failing to Reduce Speed to Avoid Crash,Daylight,Clear,Dry,N,,,,,No Controls,No Controls,N,2,41.8906365,-87.7847799,ok,(UNK),1,2105183,2021,,3,28,50000 and OVER,9,4295,Oak Park,C,Urban Major Collector,,16,24,11410182,8,Cook,0,21,,,2,N,No,Slow,202101264967,City,1,0.77,N,,,,(UNK),231021,(N/A),(UNK),No Defects,1,1,Major Collector,5,2783,X002348393,Not Toll,73,1,1,"Divided, No Median Barrier",2,2945118.20966774,1911674.41066587,41.89062861,-87.78477407,,Urban,1,N,(N/A),Y,(N/A)
2021,2021-08-24,Tuesday,17,05:29 PM,Property Damage,No Injuries,0,0,0,0,0,2,Turning,10,N,N,Improper Lane Usage,Failing to Yield Right of Way,Daylight,Cloudy/Overcast,Dry,N,,,,,No Controls,No Controls,N,2,41.8797099,-87.7982193,ok,(UNK),1,2105188,2021,,20,2,50000 and OVER,9,4295,Oak Park,C,Urban Minor Arterial,,16,24,11410184,8,Cook,0,21,,,2,N,No,Slow,202101264969,City,1,3.4,N,,,,(UNK),231023,(N/A),(UNK),No Defects,1,1,Minor Arterial,4,1419,X002348395,Not Toll,73,1,1,"Divided, No Median Barrier",2,2941568.68026549,1907591.21944114,41.87970205,-87.79821352,,Urban,8,N,(N/A),Y,(N/A)
2021,2021-11-05,Friday,16,04:45 PM,Property Damage,No Injuries,0,0,0,0,0,6,Turning,10,N,N,Failing to Yield Right of Way,Improper Turning/No Signal,Daylight,Clear,Dry,Y,,,,,Traffic Signal,Functioning Properly,N,3,41.87231,-87.8044659,ok,(UNK),1,21-03312,2021,,2,6,50000 and OVER,9,4295,Oak Park,C,Urban Other Principal Arte,,16,5,11511301,11,Cook,0,21,,,5,N,Yes,Free Flow,202101361938,City,1,25.52,Y,,,,(UNK),231515,(N/A),(UNK),No Defects,1,1,Other Principal Arterial,3,5043,X002435876,Not Toll,73,3,4,"Divided, No Median Barrier",2,2939941.73917192,1904847.66118026,41.87230217,-87.8044601,,Urban,1,N,(N/A),Y,(N/A)
2021,2021-08-25,Wednesday,08,08:02 AM,Injury,B Injury Crash,1,0,0,1,0,4,Front to Rear,11,N,N,Failing to Reduce Speed to Avoid Crash,Following Too Closely,Daylight,Clear,Dry,Y,,,,,Traffic Signal,Functioning Properly,N,2,41.8726278,-87.7842258,ok,(UNK),1,2105197,2021,,28,3,50000 and OVER,9,4295,Oak Park,C,Urban Major Collector,,16,25,11410811,8,Cook,2,21,,,3,N,No,Stopped,202101265467,City,1,0,N,,,,(UNK),231560,(N/A),(UNK),No Defects,1,1,Major Collector,5,,X002348812,Not Toll,73,3,4,Four Way,14,2945451.36135475,1905115.92671984,41.87262,-87.78422,,Urban,1,N,(N/A),Y,(N/A)
2021,2021-08-25,Wednesday,16,04:44 PM,Injury,B Injury Crash,1,0,0,1,0,1,Rear to Front,18,N,N,Following Too Closely,Failing to Reduce Speed to Avoid Crash,Daylight,Clear,Dry,N,,,,,No Controls,No Controls,N,2,41.8684503,-87.8043267,ok,(UNK),1,2105211,2021,,3,28,50000 and OVER,9,4295,Oak Park,C,Urban Other Principal Arte,,16,25,11410820,8,Cook,2,21,,,3,N,No,Stopped,202101265479,City,1,20.46,Y,,,,(UNK),231618,(N/A),(UNK),No Defects,1,1,Other Principal Arterial,3,348,X002348821,Not Toll,73,1,1,Not Divided,1,2940018.3694591,1903442.14113009,41.86844242,-87.80432095,,Urban,1,N,(N/A),Y,(N/A)
2021,2021-08-25,Wednesday,18,06:28 PM,Property Damage,No Injuries,0,0,0,0,0,5,Sideswipe Same Direction,12,N,N,Failing to Yield Right of Way,Unable to Determine,Daylight,Rain,Wet,N,,,,,No Controls,No Controls,N,2,41.8863029,-87.7944423,ok,(UNK),1,2105214,2021,,2,18,50000 and OVER,9,4295,Oak Park,C,Urban Major Collector,,16,25,11410826,8,Cook,0,21,,,3,N,No,Slow,202101265486,City,1,5.69,N,,,,(UNK),231676,(N/A),(UNK),No Defects,1,2,Major Collector,5,2775,X002348827,Not Toll,73,1,1,Not Divided,1,2942530.85320642,1910022.23828063,41.88629501,-87.79443655,,Urban,2,N,(N/A),Y,(N/A)
2021,2021-11-06,Saturday,19,07:04 PM,Property Damage,No Injuries,0,0,0,0,0,2,Sideswipe Same Direction,12,N,N,Distraction - From Inside Vehicle,Failing to Reduce Speed to Avoid Crash,Darkness,Clear,Dry,N,,,,,No Controls,No Controls,N,2,41.9046685,-87.7949446,ok,(UNK),1,2106933,2021,,41,28,50000 and OVER,9,4295,Oak Park,C,Urban Major Collector,,16,6,11511102,11,Cook,0,21,TREE,,6,N,No,Slow,202101361751,City,4,4.4,N,,,,(UNK),232119,(N/A),(UNK),No Defects,1,1,Major Collector,5,2775,X002435663,Not Toll,73,1,1,Not Divided,1,2942208.98391982,1916711.24093946,41.90466063,-87.79493877,,Urban,1,N,(N/A),Y,(N/A)
2021,2021-05-22,Saturday,03,03:06 AM,Property Damage,No Injuries,0,0,0,0,0,3,Front to Rear,11,N,N,Driving Skills/Knowledge/Experience,(N/A),Darkness / Lighted Road,Clear,Wet,N,,,,,Other,Functioning Properly,Y,2,41.8725949,-87.7645899,ok,(UNK),3,03-21-06932,2021,,15,99,50000 and OVER,9,4295,Oak Park,C,Urban Minor Arterial,,16,22,11288520,5,Cook,0,21,,,6,N,No,(UNK),202101151075,ISP,5,12.8,N,,,,(UNK),233502,(N/A),(UNK),No Defects,1,2,Minor Arterial,4,2798,X002246132,Not Toll,,13,4,Divided With Median Barrier,3,2950799.93817294,1905253.05257104,41.87258704,-87.76458415,,Urban,1,N,(N/A),Y,(N/A)
2021,2021-05-22,Saturday,00,00:30 AM,Property Damage,No Injuries,0,0,0,0,0,3,Front to Rear,11,N,N,Failing to Reduce Speed to Avoid Crash,Following Too Closely,Darkness / Lighted Road,Clear,Dry,N,,,,,Other Regualtory Sig,Functioning Properly,N,2,41.871345,-87.7762046,ok,Partial Access Control,3,03-21-07011,2021,,28,3,50000 and OVER,9,4295,Oak Park,C,Urban InterState,,16,22,11288557,5,Cook,0,21,,,6,N,No,(UNK),202101151111,ISP,5,22.99,Y,,,,(UNK),233696,(N/A),(UNK),No Defects,1,1,InterState,1,9290,X002246168,Not Toll,73,10,4,"Divided, No Median Barrier",2,2947649.13702065,1904709.21798533,41.87133718,-87.77619878,,Urban,1,N,(N/A),Y,(N/A)
2021,2021-08-10,Tuesday,01,01:50 AM,Property Damage,No Injuries,0,0,0,0,0,3,Sideswipe Same Direction,12,N,N,Failing to Reduce Speed to Avoid Crash,Improper Lane Usage,Darkness / Lighted Road,Clear,Dry,N,,,,,Other,Functioning Properly,Y,3,41.8714883,-87.7820881,ok,Partial Access Control,3,03-21-11507,2021,,28,20,50000 and OVER,9,4295,Oak Park,C,Urban InterState,,16,10,11411488,8,Cook,0,21,,,2,N,No,(UNK),202101266195,ISP,5,8.82,Y,,,,(UNK),233847,(N/A),(UNK),No Defects,1,1,InterState,1,290,X002349458,Not Toll,,13,4,Divided With Median Barrier,3,2946045.13835269,1904716.84984752,41.8714805,-87.78208235,,Urban,1,N,(N/A),Y,(N/A)
2021,2021-08-26,Thursday,15,03:55 PM,Injury,C Injury Crash,1,0,0,0,1,0,Fixed Object,6,N,N,Physical Condition of Driver,(N/A),Daylight,Clear,Dry,N,,,,,No Controls,No Controls,N,1,41.8887981,-87.7945197,ok,(UNK),1,2105230,2021,,17,99,50000 and OVER,9,4295,Oak Park,C,Urban Major Collector,,16,26,11411940,8,Cook,1,21,BUSH,BUSH,4,N,Yes,Free Flow,202101266743,City,1,5.52,N,,,,(UNK),233993,(N/A),(UNK),No Defects,1,1,Major Collector,5,2775,X002349848,Not Toll,73,1,1,Not Divided,1,2942484.64475533,1910930.96871135,41.88879025,-87.79451388,,Urban,1,N,(N/A),Y,(N/A)
2021,2021-11-10,Wednesday,22,10:53 PM,Property Damage,No Injuries,0,0,0,0,0,2,Other Object,7,N,N,Driving Skills/Knowledge/Experience,Unable to Determine,Darkness / Lighted Road,Clear,Dry,Y,,,,,No Controls,No Controls,N,1,41.8797096,-87.7983661,ok,(UNK),1,2107023,2021,,15,18,50000 and OVER,9,4295,Oak Park,C,Urban Minor Arterial,,16,10,11513076,11,Cook,0,21,,,3,N,No,Slow,202101363608,City,5,0,N,,,,(UNK),234172,(N/A),(UNK),No Defects,1,1,Minor Arterial,4,,X002436585,Not Toll,73,1,1,Not Divided,1,2941528.71478782,1907590.00198019,41.87970174,-87.79836028,,Urban,1,N,(N/A),Y,(N/A)
2021,2021-05-05,Wednesday,01,01:05 AM,Injury,B Injury Crash,1,0,0,1,0,0,Fixed Object,6,N,N,Failing to Reduce Speed to Avoid Crash,Improper Lane Usage,Darkness / Lighted Road,Clear,Dry,N,,,,,No Controls,No Controls,Y,1,41.8726135,-87.7937418,ok,Partial Access Control,3,03-21-05998,2021,,28,20,50000 and OVER,9,4295,Oak Park,C,Urban InterState,,16,5,11288157,5,Cook,2,21,,,3,N,No,(UNK),202101150722,ISP,5,22.08,Y,,,,(UNK),234174,(N/A),(UNK),No Defects,1,1,InterState,1,9290,X002245780,Not Toll,73,1,1,Divided With Median Barrier,3,2942859.63634009,1905038.87743038,41.87260569,-87.79373596,,Urban,1,N,(N/A),Y,(N/A)
2021,2021-11-06,Saturday,11,11:00 AM,Property Damage,No Injuries,0,0,0,0,0,2,Sideswipe Same Direction,12,N,N,Improper Lane Usage,(N/A),Daylight,Unknown,Unknown,N,,,,,Traffic Signal,Functioning Properly,N,2,41.8983679,-87.7752667,ok,(UNK),1,2107009,2021,,20,99,50000 and OVER,9,4295,Oak Park,C,Urban Minor Arterial,,16,6,11513077,11,Cook,0,21,,,6,N,No,Free Flow,202101363609,City,1,0,N,,,,(UNK),234250,(N/A),(UNK),No Defects,1,9,Minor Arterial,4,,X002436584,Not Toll,,3,4,"Divided, No Median Barrier",2,2947630.03095692,1914563.99714255,41.89836007,-87.77526086,,Urban,9,N,(N/A),Y,(N/A)
2021,2021-12-27,Monday,10,10:00 AM,Property Damage,No Injuries,0,0,0,0,0,1,Parked Motor Vehicle,9,N,N,Failing to Reduce Speed to Avoid Crash,Unable to Determine,Daylight,Clear,Dry,N,,,,,No Controls,No Controls,Y,2,41.9019417,-87.7765878,ok,(UNK),1,2108109,2021,,28,18,50000 and OVER,9,4295,Oak Park,C,Urban Local Road or Street,,16,27,11587620,12,Cook,0,21,,,1,N,No,Free Flow,202101429026,City,1,0.5,N,,,,(UNK),234758,(N/A),(UNK),No Defects,1,1,Local Road or Street,7,2603,X002500965,Not Toll,73,1,1,Not Divided,1,2947234.04178221,1915856.30695615,41.9019338,-87.77658197,,Urban,1,N,(N/A),Y,(N/A)
2021,2021-05-15,Saturday,20,08:33 PM,Property Damage,No Injuries,0,0,0,0,0,2,Sideswipe Same Direction,12,N,N,Improper Lane Usage,Failing to Reduce Speed to Avoid Crash,Darkness / Lighted Road,Clear,Wet,N,,,,,No Controls,No Controls,Y,2,41.8720758,-87.7890741,ok,Partial Access Control,3,03-21-06610,2021,,20,28,50000 and OVER,9,4295,Oak Park,C,Urban InterState,,16,15,11289724,5,Cook,0,21,,,6,N,No,(UNK),202101152230,ISP,5,22.33,Y,,,,(UNK),234817,(N/A),(UNK),No Defects,1,2,InterState,1,9290,X002247150,Not Toll,73,1,1,Divided With Median Barrier,3,2944136.39027318,1904878.10871657,41.87206793,-87.78906834,,Urban,1,N,(N/A),Y,(N/A)
2021,2021-11-08,Monday,18,06:18 PM,Injury,C Injury Crash,1,0,0,0,1,3,Pedestrian,1,Y,N,Failing to Yield Right of Way,(N/A),Darkness / Lighted Road,Clear,Dry,N,,,,,No Controls,No Controls,N,1,41.8763569,-87.7780005,ok,(UNK),1,2106993,2021,,2,99,50000 and OVER,9,4295,Oak Park,C,Urban Local Road or Street,,16,8,11511894,11,Cook,1,21,,,1,N,No,Free Flow,202101362502,City,5,0.88,N,,,,(UNK),234820,(N/A),(UNK),No Defects,1,1,Local Road or Street,7,4025,X002435710,Not Toll,73,1,1,Divided With Median Barrier,3,2947109.12153633,1906522.01369892,41.87634906,-87.77799467,,Urban,1,N,(N/A),Y,(N/A)
2021,2021-05-23,Sunday,10,10:12 AM,Property Damage,No Injuries,0,0,0,0,0,2,Front to Rear,11,N,N,Failing to Reduce Speed to Avoid Crash,Unable to Determine,Daylight,Clear,Dry,N,,,,,No Controls,No Controls,N,2,41.897063,-87.8053416,ok,(UNK),1,2100527,2021,,28,18,50000 and OVER,9,4295,Oak Park,C,Urban Other Principal Arte,,16,23,11289162,5,Cook,0,21,,,7,N,No,(UNK),202101151728,City,1,27.23,Y,,,,(UNK),235066,(N/A),(UNK),No Defects,1,1,Other Principal Arterial,3,5043,X002246677,Not Toll,73,1,1,"Divided, No Median Barrier",2,2939454.88786241,1913861.52823029,41.89705514,-87.80533578,,Urban,1,N,(N/A),Y,(N/A)
2021,2021-05-23,Sunday,22,10:36 PM,Injury,C Injury Crash,2,0,0,0,2,0,Turning,10,N,N,Failing to Yield Right of Way,(N/A),Darkness / Lighted Road,Clear,Dry,N,,,,,Traffic Signal,Functioning Properly,N,2,41.8941723,-87.8052245,ok,(UNK),1,2100529,2021,,2,99,50000 and OVER,9,4295,Oak Park,C,Urban Other Principal Arte,,16,23,11289163,5,Cook,1,21,,,7,N,No,Free Flow,202101151729,City,5,18.67,Y,,,,(UNK),235144,(N/A),(UNK),No Defects,1,1,Other Principal Arterial,3,348,X002246682,Not Toll,73,3,4,Not Divided,1,2939515.76382383,1912808.97835897,41.89416444,-87.80521874,,Urban,1,N,(N/A),Y,(N/A)
2021,2021-08-26,Thursday,08,08:40 AM,Property Damage,No Injuries,0,0,0,0,0,2,Front to Rear,11,N,N,Following Too Closely,Failing to Reduce Speed to Avoid Crash,Daylight,Clear,Dry,N,,,,,Other,Functioning Properly,N,2,41.8728125,-87.7942276,ok,(UNK),3,03-21-12387,2021,,3,28,50000 and OVER,9,4295,Oak Park,C,Urban Local Road or Street,,16,26,11412218,8,Cook,0,21,,,4,N,No,(UNK),202101267118,ISP,1,0.49,N,,,,(UNK),235606,(N/A),(UNK),No Defects,1,1,Local Road or Street,7,290,X002350096,Not Toll,,13,4,Divided With Median Barrier,3,2942725.29670615,1905107.71703596,41.87280464,-87.79422182,,Urban,1,N,(N/A),Y,(N/A)
2021,2021-05-15,Saturday,08,08:05 AM,Property Damage,No Injuries,0,0,0,0,0,1,Parked Motor Vehicle,9,N,N,Improper Lane Usage,(N/A),Darkness,Clear,Dry,N,,,,,No Controls,No Controls,Y,2,41.8819373,-87.7795672,ok,(UNK),1,2102784,2021,,20,99,50000 and OVER,9,4295,Oak Park,C,Urban Major Collector,,16,15,11290748,5,Cook,0,21,,,6,N,No,Free Flow,202101153248,City,4,0,N,,,,(UNK),235642,(N/A),(UNK),No Defects,1,1,Major Collector,5,,X002247954,Not Toll,73,1,1,"Divided, No Median Barrier",2,2946625.82723158,1908543.73436672,41.88192945,-87.77956138,,Urban,1,N,(N/A),Y,(N/A)
2021,2021-05-22,Saturday,09,09:25 AM,Injury,B Injury Crash,1,0,0,1,0,4,Turning,10,N,N,Failing to Yield Right of Way,Improper Turning/No Signal,Daylight,Clear,Dry,Y,,,,,Traffic Signal,Functioning Properly,N,3,41.87231,-87.8044669,ok,(UNK),1,2102935,2021,,2,6,50000 and OVER,9,4295,Oak Park,C,Urban Other Principal Arte,,16,22,11290750,5,Cook,2,21,,,6,N,Yes,Free Flow,202101153250,City,1,25.52,Y,,,,(UNK),235643,(N/A),(UNK),No Defects,1,1,Other Principal Arterial,3,5043,X002247956,Not Toll,73,3,4,Four Way,14,2939941.45982288,1904847.65393139,41.87230218,-87.80446112,,Urban,1,N,(N/A),Y,(N/A)
2021,2021-05-17,Monday,18,06:21 PM,Property Damage,No Injuries,0,0,0,0,0,3,Rear to Side,16,N,N,Improper Backing,Unable to Determine,Daylight,Clear,Dry,N,,,,,No Controls,No Controls,Y,2,41.9091626,-87.7835358,ok,(UNK),1,2102832,2021,,30,18,50000 and OVER,9,4295,Oak Park,C,Urban Other Principal Arte,,16,17,11290752,5,Cook,0,21,,,1,N,No,Free Flow,202101153554,City,1,7.06,Y,,,,(UNK),235644,(N/A),(UNK),No Defects,1,1,Other Principal Arterial,3,307,X002247958,Not Toll,73,1,1,Parking Lot,7,2945269.31217514,1918435.10589666,41.90915474,-87.78353003,,Urban,1,N,(N/A),Y,(N/A)
2021,2021-05-21,Friday,04,04:38 AM,Property Damage,No Injuries,0,0,0,0,0,2,Parked Motor Vehicle,9,N,N,Unable to Determine,Unable to Determine,Darkness / Lighted Road,Clear,Dry,N,,,,,No Controls,No Controls,Y,3,41.8887303,-87.7749254,ok,(UNK),1,2102900,2021,,18,18,50000 and OVER,9,4295,Oak Park,C,Urban Minor Arterial,,16,21,11290758,5,Cook,0,21,,,5,N,Yes,Free Flow,202101153255,City,5,7.08,N,,,,(UNK),235645,(N/A),(UNK),No Defects,1,1,Minor Arterial,4,2790,X002247964,Not Toll,,1,1,Not Divided,1,2947820.9046681,1911054.44101197,41.88872243,-87.77491958,,Urban,1,N,(N/A),Y,(N/A)
2021,2021-11-03,Wednesday,15,03:30 PM,Property Damage,No Injuries,0,0,0,0,0,3,Sideswipe Same Direction,12,N,N,Improper Overtaking/Passing,Improper Lane Usage,Daylight,Clear,Dry,N,,,,,Other Regualtory Sig,Functioning Properly,Y,3,41.8710534,-87.7760648,ok,Partial Access Control,3,03-21-16616,2021,,4,20,50000 and OVER,9,4295,Oak Park,C,Urban InterState,,16,3,11512047,11,Cook,0,21,,,3,N,No,(UNK),202101362643,ISP,1,9.12,Y,,,,(UNK),235664,(N/A),(UNK),No Defects,1,1,InterState,1,290,X002436597,Not Toll,73,10,4,Divided With Median Barrier,3,2947690.18084361,1904604.00873797,41.87104556,-87.77605896,,Urban,1,N,(N/A),Y,(N/A)
2021,2021-05-20,Thursday,14,02:43 PM,Property Damage,No Injuries,0,0,0,0,0,3,Turning,10,N,N,Improper Lane Usage,Unable to Determine,Daylight,Clear,Dry,Y,,,,,Stop Sign,Functioning Properly,N,2,41.8715876,-87.7890758,ok,(UNK),1,2102892,2021,,20,18,50000 and OVER,9,4295,Oak Park,C,Urban Minor Collector,,16,20,11290762,5,Cook,0,21,,,4,N,No,Slow,202101153259,City,1,0,N,,,,(UNK),235690,(N/A),(UNK),No Defects,1,1,Minor Collector,6,,X002247968,Not Toll,73,2,4,Not Divided,1,2944140.87029751,1904700.19565443,41.87157976,-87.78906999,,Urban,1,N,(N/A),Y,(N/A)
2021,2021-05-21,Friday,07,07:44 AM,Property Damage,No Injuries,0,0,0,0,0,1,Parked Motor Vehicle,9,N,N,Unable to Determine,(N/A),Unknown,Unknown,Dry,N,,,,,No Controls,No Controls,Y,2,41.8965114,-87.7760157,ok,(UNK),1,2102905,2021,,18,99,50000 and OVER,9,4295,Oak Park,C,Urban Local Road or Street,,16,21,11290764,5,Cook,0,21,,,5,N,No,Free Flow,202101153261,City,9,1.11,N,,,,(UNK),235691,(N/A),(UNK),No Defects,1,1,Local Road or Street,7,3090,X002247970,Not Toll,73,1,1,"Divided, No Median Barrier",2,2947444.94772336,1913881.77161838,41.89650359,-87.77600994,,Urban,9,N,(N/A),Y,(N/A)
2021,2021-05-23,Sunday,22,10:26 PM,Property Damage,No Injuries,0,0,0,0,0,1,Fixed Object,6,N,N,Failing to Reduce Speed to Avoid Crash,(N/A),Darkness / Lighted Road,Clear,Dry,N,,,,,No Controls,No Controls,N,1,41.8763252,-87.7806979,ok,(UNK),1,2102972,2021,,28,99,50000 and OVER,9,4295,Oak Park,C,Urban Local Road or Street,,16,23,11290766,5,Cook,0,21,TREE,,7,N,No,Slow,202101153263,City,5,0,N,,,,(UNK),235692,(N/A),(UNK),No Defects,1,1,Local Road or Street,7,,X002247972,Not Toll,73,1,1,Not Divided,1,2946374.78271052,1906490.02519492,41.87631738,-87.78069211,,Urban,1,N,(N/A),Y,(N/A)
2021,2021-05-14,Friday,01,01:25 AM,Injury,A Injury Crash,1,0,1,0,0,5,Front to Rear,11,N,N,Failing to Reduce Speed to Avoid Crash,Following Too Closely,Daylight,Clear,Dry,N,,,,,Other Regualtory Sig,Functioning Properly,Y,3,41.8730101,-87.7995357,ok,Partial Access Control,3,03-21-06515,2021,,28,3,50000 and OVER,9,4295,Oak Park,C,Urban InterState,,16,14,11290370,5,Cook,3,21,,,5,N,No,(UNK),202101152849,ISP,1,7.93,Y,,,,(UNK),235716,(N/A),(UNK),No Defects,1,1,InterState,1,290,X002247736,Not Toll,,10,4,Divided With Median Barrier,3,2941277.53949658,1905139.78605472,41.87300223,-87.79952993,,Urban,1,N,(N/A),Y,(N/A)
2021,2021-05-21,Friday,19,07:03 PM,Property Damage,No Injuries,0,0,0,0,0,3,Angle,15,N,N,Failing to Reduce Speed to Avoid Crash,(N/A),Daylight,Clear,Dry,Y,,,,,Stop Sign,Functioning Properly,N,2,41.8868443,-87.7971189,ok,(UNK),1,2102927,2021,,28,99,50000 and OVER,9,4295,Oak Park,C,Urban Local Road or Street,,16,21,11290821,5,Cook,0,21,,,5,N,No,Free Flow,202101153314,City,1,0,N,,,,(UNK),235966,(N/A),(UNK),No Defects,1,1,Local Road or Street,7,,X002247960,Not Toll,73,2,4,"Divided, No Median Barrier",2,2941796.55493707,1910199.41903273,41.8868365,-87.79711306,,Urban,1,N,(N/A),Y,(N/A)
2021,2021-08-26,Thursday,17,05:17 PM,Property Damage,No Injuries,0,0,0,0,0,2,Sideswipe Same Direction,12,N,N,Failing to Reduce Speed to Avoid Crash,(N/A),Daylight,Clear,Dry,N,,,,,No Controls,No Controls,N,2,41.8711073,-87.7939538,ok,(UNK),1,2105234,2021,,28,99,50000 and OVER,9,4295,Oak Park,C,Urban Major Collector,,16,26,11412020,8,Cook,0,21,,,4,N,No,Free Flow,202101266846,City,1,6.76,N,,,,(UNK),236674,(N/A),(UNK),No Defects,1,1,Major Collector,5,2775,X002349855,Not Toll,73,1,1,Not Divided,1,2942817.0723231,1904488.36956004,41.87109942,-87.79394797,,Urban,1,N,(N/A),Y,(N/A)
2021,2021-08-27,Friday,06,06:56 AM,Property Damage,No Injuries,0,0,0,0,0,1,Parked Motor Vehicle,9,N,N,Improper Overtaking/Passing,Unable to Determine,Daylight,Clear,Dry,N,,,,,No Controls,No Controls,Y,2,41.8653678,-87.7824259,ok,(UNK),1,21-07668,2021,,4,18,50000 and OVER,9,4295,Oak Park,C,Urban Other Principal Arte,,16,27,11412069,8,Cook,0,21,,,5,N,No,Free Flow,202101266894,City,1,7.12,Y,,,,(UNK),236879,(N/A),(UNK),No Defects,1,1,Other Principal Arterial,3,347,X002349960,Not Toll,52,1,1,"Divided, No Median Barrier",2,2946015.13245226,1902483.87123613,41.86536,-87.78242007,,Urban,1,N,(N/A),Y,(N/A)
2021,2021-05-16,Sunday,03,03:15 AM,Property Damage,No Injuries,0,0,0,0,0,2,Sideswipe Same Direction,12,N,N,Improper Lane Usage,Failing to Reduce Speed to Avoid Crash,Darkness / Lighted Road,Clear,Dry,N,,,,,No Controls,No Controls,Y,2,41.8709488,-87.7747067,ok,Partial Access Control,3,03-21-06637,2021,,20,28,50000 and OVER,9,4295,Oak Park,C,Urban InterState,,16,16,11291063,5,Cook,0,21,,,7,N,No,(UNK),202101153590,ISP,5,9.19,Y,,,,(UNK),237233,(N/A),(UNK),No Defects,1,1,InterState,1,290,X002248370,Not Toll,,1,1,Divided With Median Barrier,3,2948061.14216608,1904576.21171082,41.87094099,-87.77470092,,Urban,1,N,(N/A),Y,(N/A)