crash_year,crash_date,day_of_week,crash_hour,time_of_crash,crash_severity,crash_injury_severity,total_injured,total_fatals,a_injuries,b_injuries,c_injuries,no_injuries,type_of_first_crash,collision_type_code,pedestrian_involved,pedalcyclist_involved,cause1,cause2,lighting_cond,weather_cond,road_surface_cond,intersection_related,is_intersection,highway_or_street_name,at_intersection_with,address_no,traffic_control_device,traffic_control_device_cond,hit_and_run,number_of_vehicles,latitude,longitude,location_status,access_control,agency_code,agency_report_number,agency_report_year,alignment_code,cause1_code,cause2_code,city_class,city_class_code,city_code,city_name,city_township_flag,class_of_trafficway,class_of_trafficway_code,county_code,crash_day,crash_id,crash_month,crash_report_county,crash_severity_cd,crash_yr_source,damaged_property1,damaged_property2,day_of_week_code,did_crash_occur_in_work_zone,did_involve_secondary_crash,flow_condition,icn,investigating_agency_descrip,light_condition_code,mile_station,nhs,non_intersection_direction,non_intersection_distance,non_intersection_units,number_of_lanes,objectid,railroad_crossing_number,road_alignment,road_defects,road_defects_code,road_surface_condition_code,roadway_functional_class,roadway_functional_class_code,route_number,sfe,toll,township,traffic_control_device_code,traffic_control_device_cond_code,trafficway_descrip,trafficway_description_code,ts_crash_coordinate_x,ts_crash_coordinate_y,ts_crash_latitude,ts_crash_longitude,type_report,urban_rural,weather_code,were_workers_present,work_zone,work_zone_related,work_zone_type
2021,2021-11-12,Friday,06,06:35 AM,Property Damage,No Injuries,0,0,0,0,0,2,Front to Rear,11,N,N,Unable to Determine,(N/A),Daylight,Rain,Wet,N,,,,,Other,Functioning Properly,N,2,41.8755434,-87.8045829,ok,(UNK),1,21-03382,2021,,18,99,50000 and OVER,9,4295,Oak Park,C,Urban Other Principal Arte,,16,12,11513181,11,Cook,0,21,,,5,N,No,Free Flow,202101363684,City,1,19.96,Y,,,,(UNK),238831,(N/A),(UNK),No Defects,1,2,Other Principal Arterial,3,348,X002437648,Not Toll,73,13,4,"Divided, No Median Barrier",2,2939877.41782363,1906025.09055358,41.87553557,-87.80457714,,Urban,2,N,(N/A),Y,(N/A)
2021,2021-08-29,Sunday,01,01:19 AM,Property Damage,No Injuries,0,0,0,0,0,1,Parked Motor Vehicle,9,N,N,Failing to Reduce Speed to Avoid Crash,Driving Skills/Knowledge/Experience,Darkness / Lighted Road,Clear,Dry,N,,,,,No Controls,No Controls,Y,2,41.9043602,-87.7778898,ok,(UNK),1,2105302,2021,,28,15,50000 and OVER,9,4295,Oak Park,C,Urban Local Road or Street,,16,29,11413770,8,Cook,0,21,,,7,N,No,Slow,202101268629,City,5,0.1,N,,,,(UNK),239088,(N/A),(UNK),No Defects,1,1,Local Road or Street,7,2610,X002351586,Not Toll,73,1,1,Not Divided,1,2946855.0057534,1916727.78998922,41.90435234,-87.77788402,,Urban,1,N,(N/A),Y,(N/A)
2021,2021-11-03,Wednesday,15,03:54 PM,Property Damage,No Injuries,0,0,0,0,0,4,Sideswipe Same Direction,12,N,N,Improper Lane Usage,Improper Overtaking/Passing,Daylight,Clear,Dry,N,,,,,Other Regualtory Sig,Functioning Properly,Y,3,41.8713034,-87.7799259,ok,Partial Access Control,3,03-21-16389,2021,,20,4,50000 and OVER,9,4295,Oak Park,C,Urban InterState,,16,3,11513762,11,Cook,0,21,,,3,N,No,(UNK),202101364240,ISP,1,22.8,Y,,,,(UNK),239199,(N/A),(UNK),No Defects,1,1,InterState,1,9290,X002438203,Not Toll,,10,4,"Divided, No Median Barrier",2,2946635.96289548,1904665.8373868,41.87129558,-87.77992008,,Urban,1,N,(N/A),Y,(N/A)
2021,2021-08-08,Sunday,06,06:00 AM,Property Damage,No Injuries,0,0,0,0,0,2,Front to Rear,11,N,N,(N/A),(N/A),Daylight,Clear,Dry,N,,,,,Other Regualtory Sig,Functioning Properly,Y,2,41.8723738,-87.7892352,ok,Partial Access Control,3,03-21-11410,2021,,99,99,50000 and OVER,9,4295,Oak Park,C,Urban InterState,,16,8,11414659,8,Cook,0,21,,,7,N,No,(UNK),202101269512,ISP,1,22.32,Y,,,,(UNK),239214,(N/A),(UNK),No Defects,1,1,InterState,1,9290,X002352447,Not Toll,73,10,4,Divided With Median Barrier,3,2944089.5,1904985.5,41.87236596,-87.78922944,,Urban,1,N,(N/A),Y,(N/A)
2021,2021-11-09,Tuesday,17,05:33 PM,Property Damage,No Injuries,0,0,0,0,0,2,Sideswipe Opposite Direction,13,N,N,Failing to Reduce Speed to Avoid Crash,(N/A),Darkness / Lighted Road,Clear,Dry,N,,,,,No Controls,No Controls,Y,2,41.8807743,-87.7795707,ok,(UNK),1,2107015,2021,,28,99,50000 and OVER,9,4295,Oak Park,C,Urban Local Road or Street,,16,9,11513260,11,Cook,0,21,,,2,N,No,Free Flow,202101363761,City,5,0.5,N,,,,(UNK),239221,(N/A),(UNK),No Defects,1,1,Local Road or Street,7,3794,X002435725,Not Toll,73,1,1,Not Divided,1,2946636.65771022,1908119.90968787,41.8807665,-87.77956492,,Urban,1,N,(N/A),Y,(N/A)
2021,2021-11-10,Wednesday,18,06:10 PM,Property Damage,No Injuries,0,0,0,0,0,2,Angle,15,N,N,Disregarding Stop Sign,Unable to Determine,Dusk,Clear,Dry,Y,,,,,Stop Sign,Functioning Properly,Y,2,41.8867731,-87.8024906,ok,(UNK),1,2107038,2021,,23,18,50000 and OVER,9,4295,Oak Park,C,Urban Local Road or Street,,16,10,11513265,11,Cook,0,21,,,3,N,Yes,Slow,202101363763,City,3,0,N,,,,(UNK),239222,(N/A),(UNK),No Defects,1,1,Local Road or Street,7,,X002436588,Not Toll,73,2,4,Not Divided,1,2940334.48674601,1910133.10369334,41.88676529,-87.80248481,,Urban,1,N,(N/A),Y,(N/A)
2021,2021-08-15,Sunday,23,11:47 PM,Property Damage,No Injuries,0,0,0,0,0,2,Front to Rear,11,N,N,Failing to Reduce Speed to Avoid Crash,Following Too Closely,Darkness / Lighted Road,Clear,Dry,N,,,,,Other,Functioning Properly,N,2,41.8712428,-87.7745935,ok,Partial Access Control,3,03-21-11832,2021,,28,3,50000 and OVER,9,4295,Oak Park,C,Urban InterState,,16,15,11414679,8,Cook,0,21,,,7,N,No,(UNK),202101269533,ISP,5,23.07,Y,,,,(UNK),239342,(N/A),(UNK),No Defects,1,1,InterState,1,9290,X002352467,Not Toll,73,13,4,Divided With Median Barrier,3,2948088.98047191,1904684.21108928,41.871235,-87.77458775,,Urban,1,N,(N/A),Y,(N/A)
2021,2021-11-11,Thursday,15,03:50 PM,Property Damage,No Injuries,0,0,0,0,0,3,Front to Rear,11,N,N,Failing to Reduce Speed to Avoid Crash,Following Too Closely,Daylight,Clear,Dry,N,,,,,No Controls,No Controls,N,2,41.8714876,-87.778499,ok,Partial Access Control,3,03-21-16829,2021,,28,3,50000 and OVER,9,4295,Oak Park,C,Urban InterState,,16,11,11513787,11,Cook,0,21,,,4,N,No,(UNK),202101364265,ISP,1,22.88,Y,,,,(UNK),239364,(N/A),(UNK),No Defects,1,1,InterState,1,9290,X002438228,Not Toll,73,1,1,Divided With Median Barrier,3,2947022.74304356,1904743.77013172,41.87147976,-87.7784932,,Urban,1,N,(N/A),Y,(N/A)
2021,2021-12-24,Friday,23,11:40 PM,Property Damage,No Injuries,0,0,0,0,0,2,Front to Rear,11,N,N,Improper Lane Usage,Failing to Reduce Speed to Avoid Crash,Darkness / Lighted Road,Clear,Dry,N,,,,,Other,Functioning Improperly,N,2,41.8727951,-87.7747234,ok,(UNK),3,03-21-19194,2021,,20,28,50000 and OVER,9,4295,Oak Park,C,Urban Local Road or Street,,16,24,11587901,12,Cook,0,21,,,5,N,No,(UNK),202101429060,ISP,5,0.49,N,,,,(UNK),240035,(N/A),(UNK),No Defects,1,1,Local Road or Street,7,4060,X002501561,Not Toll,,13,3,Divided With Median Barrier,3,2948037.84638204,1905248.89040779,41.87278724,-87.77471758,,Urban,1,N,(N/A),Y,(N/A)
2021,2021-12-28,Tuesday,18,06:30 PM,Property Damage,No Injuries,0,0,0,0,0,1,Parked Motor Vehicle,9,N,N,Improper Backing,Unable to Determine,Darkness / Lighted Road,Rain,Snow or Slush,N,,,,,No Controls,No Controls,N,2,41.9037503,-87.7924676,ok,(UNK),1,2108093,2021,,30,18,50000 and OVER,9,4295,Oak Park,C,Urban Local Road or Street,,16,28,11588509,12,Cook,0,21,,,2,N,No,Free Flow,202101429189,City,5,0.36,N,,,,(UNK),240399,(N/A),(UNK),No Defects,1,3,Local Road or Street,7,2670,X002501851,Not Toll,73,1,1,Not Divided,1,2942892.57084729,1916395.2915826,41.90374243,-87.79246178,,Urban,2,N,(N/A),Y,(N/A)
2021,2021-12-30,Thursday,18,06:40 PM,Property Damage,No Injuries,0,0,0,0,0,2,Front to Rear,11,N,N,Following Too Closely,Failing to Reduce Speed to Avoid Crash,Darkness / Lighted Road,Clear,Dry,N,,,,,No Controls,No Controls,N,2,41.8725268,-87.7943585,ok,Partial Access Control,3,03-21-19489,2021,,3,28,50000 and OVER,9,4295,Oak Park,C,Urban InterState,,16,30,11588884,12,Cook,0,21,,,4,N,No,(UNK),202101429217,ISP,5,8.17,Y,,,,(UNK),240455,(N/A),(UNK),No Defects,1,1,InterState,1,290,X002502448,Not Toll,73,1,1,Divided With Median Barrier,3,2942692.51384994,1905002.64064917,41.872519,-87.79435275,,Urban,1,N,(N/A),Y,(N/A)
2021,2021-08-21,Saturday,15,03:28 PM,Property Damage,No Injuries,0,0,0,0,0,3,Front to Rear,11,N,N,Failing to Reduce Speed to Avoid Crash,Following Too Closely,Daylight,Rain,Wet,N,,,,,Other,Functioning Properly,Y,2,41.8709517,-87.7744296,ok,Partial Access Control,3,03-21-12151,2021,,28,3,50000 and OVER,9,4295,Oak Park,C,Urban InterState,,16,21,11415104,8,Cook,0,21,,,6,N,No,(UNK),202101269956,ISP,1,9.2,Y,,,,(UNK),240887,(N/A),(UNK),No Defects,1,2,InterState,1,290,X002352792,Not Toll,73,13,4,Divided With Median Barrier,3,2948136.5844145,1904579.34614002,41.87094382,-87.77442384,,Urban,2,N,(N/A),Y,(N/A)
2021,2021-08-27,Friday,17,05:07 PM,Injury,B Injury Crash,1,0,0,1,0,1,Angle,15,N,N,Failing to Yield Right of Way,(N/A),Daylight,Clear,Dry,Y,,,,,Stop Sign,Functioning Properly,N,2,41.8781408,-87.7807241,ok,(UNK),1,2105260,2021,,2,99,50000 and OVER,9,4295,Oak Park,C,Urban Local Road or Street,,16,27,11415635,8,Cook,2,21,,,5,N,No,Slow,202101270429,City,1,0,N,,,,(UNK),240937,(N/A),(UNK),No Defects,1,1,Local Road or Street,7,,X002353025,Not Toll,73,2,4,"Divided, No Median Barrier",2,2946349.23647648,1907151.46644196,41.87813299,-87.78071833,,Urban,1,N,(N/A),Y,(N/A)
2021,2021-08-27,Friday,15,03:32 PM,Property Damage,No Injuries,0,0,0,0,0,2,Front to Rear,11,N,N,Failing to Reduce Speed to Avoid Crash,Unable to Determine,Daylight,Clear,Dry,Y,,,,,Traffic Signal,Functioning Properly,N,2,41.8762767,-87.784366,ok,(UNK),1,2105255,2021,,28,18,50000 and OVER,9,4295,Oak Park,C,Urban Major Collector,,16,27,11415648,8,Cook,0,21,,,5,N,No,Slow,202101270444,City,1,0,N,,,,(UNK),240989,(N/A),(UNK),No Defects,1,1,Major Collector,5,,X002352988,Not Toll,73,3,4,Not Divided,1,2945376.24679222,1906444.58282189,41.87626887,-87.78436021,,Urban,1,N,(N/A),Y,(N/A)
2021,2021-11-13,Saturday,02,02:58 AM,Property Damage,No Injuries,0,0,0,0,0,1,Fixed Object,6,N,N,Unable to Determine,Unable to Determine,Darkness / Lighted Road,Clear,Dry,N,,,,,No Controls,No Controls,Y,1,41.9092379,-87.7774599,ok,(UNK),1,2107092,2021,,18,18,50000 and OVER,9,4295,Oak Park,C,Urban Other Principal Arte,,16,13,11514403,11,Cook,0,21,IRON FENCE,IRON FENCE,6,N,No,Free Flow,202101364858,City,5,7.38,Y,,,,(UNK),241092,(N/A),(UNK),No Defects,1,1,Other Principal Arterial,3,307,X002438828,Not Toll,73,1,1,Not Divided,1,2946922.52218888,1918508.57080321,41.90923,-87.77745405,,Urban,1,N,(N/A),Y,(N/A)
2021,2021-11-11,Thursday,13,01:01 PM,Property Damage,No Injuries,0,0,0,0,0,2,Front to Rear,11,N,N,Failing to Reduce Speed to Avoid Crash,Following Too Closely,Daylight,Clear,Dry,Y,,,,,Traffic Signal,Functioning Properly,N,2,41.9087836,-87.8057845,ok,(UNK),1,2101214,2021,,28,3,50000 and OVER,9,4295,Oak Park,C,Urban Other Principal Arte,,16,11,11514407,11,Cook,0,21,,,4,N,No,Stopped,202101364863,City,1,28.04,Y,,,,(UNK),241095,(N/A),(UNK),No Defects,1,1,Other Principal Arterial,3,5043,X002438832,Not Toll,73,3,4,Not Divided,1,2939216.67859785,1918129.40748156,41.90877571,-87.80577873,,Urban,1,N,(N/A),Y,(N/A)
2021,2021-05-24,Monday,11,11:24 AM,Injury,C Injury Crash,1,0,0,0,1,2,Angle,15,N,N,Failing to Yield Right of Way,Failing to Reduce Speed to Avoid Crash,Daylight,Clear,Dry,Y,,,,,Stop Sign,Functioning Properly,N,2,41.894498,-87.7897701,ok,(UNK),1,2102977,2021,,2,28,50000 and OVER,9,4295,Oak Park,C,Urban Minor Arterial,,16,24,11294049,5,Cook,1,21,,,1,N,No,Free Flow,202101154881,City,1,0,N,,,,(UNK),242250,(N/A),(UNK),No Defects,1,1,Minor Arterial,4,,X002249244,Not Toll,73,2,4,"Divided, No Median Barrier",2,2943720.38051707,1913043.91181604,41.8944901,-87.78976435,,Urban,1,N,(N/A),Y,(N/A)
2021,2021-05-19,Wednesday,12,12:09 PM,Property Damage,No Injuries,0,0,0,0,0,2,Angle,15,N,N,Failing to Yield Right of Way,(N/A),Daylight,Cloudy/Overcast,Dry,Y,,,,,Stop Sign,Functioning Properly,N,2,41.8982092,-87.7866294,ok,(UNK),1,2102867,2021,,2,99,50000 and OVER,9,4295,Oak Park,C,Urban Local Road or Street,,16,19,11294050,5,Cook,0,21,,,3,N,No,Slow,202101154883,City,1,0,N,,,,(UNK),242251,(N/A),(UNK),No Defects,1,1,Local Road or Street,7,,X002249246,Not Toll,73,2,4,Four Way,14,2944537.99994664,1914420.09175414,41.89820138,-87.7866236,,Urban,8,N,(N/A),Y,(N/A)
2021,2021-05-25,Tuesday,09,09:47 AM,Property Damage,No Injuries,0,0,0,0,0,1,Parked Motor Vehicle,9,N,N,Unable to Determine,Unable to Determine,Unknown,Unknown,Unknown,N,,,,,No Controls,No Controls,Y,2,41.8853561,-87.7759039,ok,(UNK),1,2102999,2021,,18,18,50000 and OVER,9,4295,Oak Park,C,Urban Local Road or Street,,16,25,11294053,5,Cook,0,21,,,2,N,No,Free Flow,202101154886,City,9,0.93,N,,,,(UNK),242300,(N/A),(UNK),No Defects,1,9,Local Road or Street,7,3030,X002249249,Not Toll,73,1,1,Not Divided,1,2947588.71862105,1909817.40486526,41.88534827,-87.77589813,,Urban,9,N,(N/A),Y,(N/A)
2021,2021-08-30,Monday,01,01:34 AM,Property Damage,No Injuries,0,0,0,0,0,2,Turning,10,N,N,Driving Skills/Knowledge/Experience,Failing to Yield Right of Way,Darkness / Lighted Road,Clear,Dry,Y,,,,,Traffic Signal,Functioning Properly,N,2,41.9091646,-87.7833532,ok,(UNK),1,2105324,2021,,15,2,50000 and OVER,9,4295,Oak Park,C,Urban Other Principal Arte,,16,30,11416374,8,Cook,0,21,,,1,N,Yes,Free Flow,202101271238,City,5,130.32,Y,,,,(UNK),242548,(N/A),(UNK),No Defects,1,1,Other Principal Arterial,3,5064,X002353777,Not Toll,73,3,4,Not Divided,1,2945319.00037426,1918437.22032139,41.90915675,-87.78334742,,Urban,1,N,(N/A),Y,(N/A)
2021,2021-08-29,Sunday,11,11:32 AM,Property Damage,No Injuries,0,0,0,0,0,1,Parked Motor Vehicle,9,N,N,Unable to Determine,(N/A),Unknown,Unknown,Unknown,N,,,,,No Controls,No Controls,Y,2,41.8821153,-87.7752324,ok,(UNK),1,2105312,2021,,18,99,50000 and OVER,9,4295,Oak Park,C,Urban Major Collector,,16,29,11416378,8,Cook,0,21,,,7,N,No,Stopped,202101271240,City,9,1.52,N,,,,(UNK),242549,(N/A),(UNK),No Defects,1,9,Major Collector,5,5,X002353779,Not Toll,73,1,1,Parking Lot,7,2947804.51610941,1908641.50079092,41.88210749,-87.7752266,,Urban,9,N,(N/A),Y,(N/A)
2021,2021-08-30,Monday,14,02:54 PM,Injury,C Injury Crash,2,0,0,0,2,0,Front to Rear,11,N,N,Following Too Closely,Failing to Reduce Speed to Avoid Crash,Daylight,Clear,Dry,N,,,,,No Controls,No Controls,N,2,41.8831133,-87.8048507,ok,(UNK),1,2105340,2021,,3,28,50000 and OVER,9,4295,Oak Park,C,Urban Other Principal Arte,,16,30,11416385,8,Cook,1,21,,,1,N,No,Slow,202101271242,City,1,19.44,Y,,,,(UNK),242551,(N/A),(UNK),No Defects,1,1,Other Principal Arterial,3,348,X002353781,Not Toll,73,1,1,Not Divided,1,2939728.52615785,1908781.67586812,41.88310543,-87.80484494,,Urban,1,N,(N/A),Y,(N/A)
2021,2021-08-27,Friday,11,11:46 AM,Injury,B Injury Crash,1,0,0,1,0,3,Front to Rear,11,N,N,Failing to Reduce Speed to Avoid Crash,Equipment-Vehicle Condition,Daylight,Clear,Dry,N,,,,,No Controls,No Controls,N,3,41.8798538,-87.79253,ok,(UNK),1,2105249,2021,,28,10,50000 and OVER,9,4295,Oak Park,C,Urban Minor Arterial,,16,27,11415534,8,Cook,2,21,,,5,N,Yes,Free Flow,202101270318,City,1,0,N,,,,(UNK),242839,(N/A),(UNK),No Defects,1,1,Minor Arterial,4,,X002352966,Not Toll,73,1,1,Not Divided,1,2943116.65362554,1907686.49718231,41.87984597,-87.79252423,,Urban,1,N,(N/A),Y,(N/A)
2021,2021-12-23,Thursday,08,08:33 AM,Property Damage,No Injuries,0,0,0,0,0,3,Angle,15,N,N,Failing to Yield Right of Way,Unable to Determine,Dawn,Clear,Dry,Y,,,,,Traffic Signal,Functioning Properly,N,2,41.8719978,-87.793985,ok,(UNK),1,2107983,2021,,2,18,50000 and OVER,9,4295,Oak Park,C,Urban Major Collector,,16,23,11589524,12,Cook,0,21,,,4,N,No,Free Flow,202101429346,City,2,0,N,,,,(UNK),243560,(N/A),(UNK),No Defects,1,1,Major Collector,5,,X002502934,Not Toll,73,3,4,Four Way,14,2942799.58856604,1904812.65321308,41.87198994,-87.7939792,,Urban,1,N,(N/A),Y,(N/A)
2021,2021-05-12,Wednesday,17,05:30 PM,Property Damage,No Injuries,0,0,0,0,0,2,Front to Rear,11,N,N,Failing to Reduce Speed to Avoid Crash,Unable to Determine,Daylight,Clear,Dry,N,,,,,No Controls,No Controls,Y,2,41.8723702,-87.7926134,ok,Partial Access Control,3,03-21-06470,2021,,28,18,50000 and OVER,9,4295,Oak Park,C,Urban InterState,,16,12,11296215,5,Cook,0,21,,,3,N,No,(UNK),202101156996,ISP,1,8.26,Y,,,,(UNK),245021,(N/A),(UNK),No Defects,1,1,InterState,1,290,X002251500,Not Toll,,1,1,Divided With Median Barrier,3,2943169.41253839,1904958.69133657,41.87236232,-87.79260763,,Urban,1,N,(N/A),Y,(N/A)
2021,2021-05-25,Tuesday,12,12:40 PM,Property Damage,No Injuries,0,0,0,0,0,3,Sideswipe Same Direction,12,N,N,Improper Overtaking/Passing,Failing to Reduce Speed to Avoid Crash,Daylight,Clear,Dry,Y,,,,,Traffic Signal,Functioning Properly,N,2,41.9091646,-87.7833524,ok,(UNK),1,2103005,2021,,4,28,50000 and OVER,9,4295,Oak Park,C,Urban Other Principal Arte,,16,25,11295051,5,Cook,0,21,,,2,N,No,Slow,202101155841,City,1,130.32,Y,,,,(UNK),245304,(N/A),(UNK),No Defects,1,1,Other Principal Arterial,3,5064,X002250355,Not Toll,73,3,4,"Divided, No Median Barrier",2,2945319.23153441,1918437.22830543,41.90915675,-87.78334657,,Urban,1,N,(N/A),Y,(N/A)
2021,2021-05-25,Tuesday,15,03:10 PM,Injury,C Injury Crash,1,0,0,0,1,3,Front to Rear,11,N,N,Following Too Closely,Failing to Yield Right of Way,Daylight,Clear,Dry,Y,,,,,Traffic Signal,Functioning Properly,N,3,41.8811844,-87.8047764,ok,(UNK),1,2103010,2021,,3,2,50000 and OVER,9,4295,Oak Park,C,Urban Other Principal Arte,,16,25,11295054,5,Cook,1,21,,,2,N,No,Stopped,202101155844,City,1,26.14,Y,,,,(UNK),245305,(N/A),(UNK),No Defects,1,1,Other Principal Arterial,3,5043,X002250358,Not Toll,73,3,4,Two-way Continuous Left-Tur,4,2939768.11981352,1908079.32573464,41.88117658,-87.80477062,,Urban,1,N,(N/A),Y,(N/A)
2021,2021-05-23,Sunday,18,06:51 PM,Property Damage,No Injuries,0,0,0,0,0,2,Front to Rear,11,N,N,Failing to Reduce Speed to Avoid Crash,Following Too Closely,Daylight,Clear,Dry,N,,,,,Other Regualtory Sig,Functioning Properly,N,2,41.8736195,-87.8027336,ok,Partial Access Control,3,03-21-07045,2021,,28,3,50000 and OVER,9,4295,Oak Park,C,Urban InterState,,16,23,11295709,5,Cook,0,21,,,7,N,No,(UNK),202101156502,ISP,1,21.66,Y,,,,(UNK),246095,(N/A),(UNK),No Defects,1,1,InterState,1,9290,X002250997,Not Toll,73,10,4,"Divided, No Median Barrier",2,2940400.42169254,1905337.86002575,41.87361167,-87.80272779,,Urban,1,N,(N/A),Y,(N/A)
2021,2021-05-27,Thursday,20,08:29 PM,Property Damage,No Injuries,0,0,0,0,0,2,Sideswipe Opposite Direction,13,N,N,Failing to Reduce Speed to Avoid Crash,Unable to Determine,Darkness / Lighted Road,Unknown,Unknown,N,,,,,Traffic Signal,Functioning Properly,Y,2,41.8721059,-87.8044581,ok,(UNK),1,2103074,2021,,28,18,50000 and OVER,9,4295,Oak Park,C,Urban Other Principal Arte,,16,27,11296408,5,Cook,0,21,,,4,N,No,Free Flow,202101157178,City,5,20.19,Y,,,,(UNK),246599,(N/A),(UNK),Unknown,99,9,Other Principal Arterial,3,348,X002251495,Not Toll,73,3,4,Not Divided,1,2939945.91553511,1904773.32554976,41.87209803,-87.80445229,,Urban,9,N,(N/A),N,(N/A)
2021,2021-11-11,Thursday,17,05:53 PM,Injury,B Injury Crash,1,0,0,1,0,2,Front to Rear,11,N,N,Failing to Yield Right of Way,Unable to Determine,Darkness / Lighted Road,Clear,Dry,Y,,,,,Traffic Signal,Functioning Properly,N,2,41.8798698,-87.7844362,ok,(UNK),1,2107058,2021,,2,18,50000 and OVER,9,4295,Oak Park,C,Urban Minor Arterial,,16,11,11516279,11,Cook,2,21,,,4,N,No,Stopped,202101366663,City,5,1.52,N,,,,(UNK),246702,(N/A),(UNK),No Defects,1,1,Minor Arterial,4,2783,X002438826,Not Toll,73,3,4,Not Divided,1,2945320.75273206,1907753.42617049,41.87986193,-87.78443045,,Urban,1,N,(N/A),Y,(N/A)
2021,2021-05-22,Saturday,03,03:19 AM,Injury,B Injury Crash,1,0,0,1,0,1,Front to Rear,11,N,N,Following Too Closely,Driving Skills/Knowledge/Experience,Darkness / Lighted Road,Clear,Dry,N,,,,,No Controls,Functioning Properly,N,2,41.8737789,-87.8045294,ok,Partial Access Control,3,03-21-06935,2021,,3,15,50000 and OVER,9,4295,Oak Park,C,Urban InterState,,16,22,11297576,5,Cook,2,21,,,6,N,No,(UNK),202101158279,ISP,5,21.6,Y,,,,(UNK),247277,(N/A),(UNK),No Defects,1,1,InterState,1,9290,X002252766,Not Toll,73,1,4,"Divided, No Median Barrier",2,2939909.70440544,1905382.46247053,41.87377103,-87.8045236,,Urban,1,N,(N/A),Y,(N/A)
2021,2021-05-29,Saturday,10,10:45 AM,Property Damage,No Injuries,0,0,0,0,0,2,Front to Rear,11,N,N,Following Too Closely,Failing to Reduce Speed to Avoid Crash,Daylight,Clear,Dry,N,,,,,No Controls,Not Functioning,N,2,41.8731003,-87.8004498,ok,Partial Access Control,3,03-21-07362,2021,,3,28,50000 and OVER,9,4295,Oak Park,C,Urban InterState,,16,29,11297610,5,Cook,0,21,,,6,N,No,(UNK),202101158312,ISP,1,7.89,Y,,,,(UNK),247465,(N/A),(UNK),No Defects,1,1,InterState,1,290,X002252799,Not Toll,,1,2,Divided With Median Barrier,3,2941027.65565682,1905165.81487505,41.8730925,-87.80044405,,Urban,1,N,(N/A),Y,(N/A)
2021,2021-08-28,Saturday,17,05:00 PM,Property Damage,No Injuries,0,0,0,0,0,4,Front to Rear,11,N,N,Failing to Reduce Speed to Avoid Crash,Following Too Closely,Daylight,Clear,Dry,N,,,,,Other,Functioning Properly,N,3,41.8732477,-87.7992464,ok,Partial Access Control,3,03-21-12564,2021,,28,3,50000 and OVER,9,4295,Oak Park,C,Urban InterState,,16,28,11418922,8,Cook,0,21,,,6,N,No,(UNK),202101274113,ISP,1,0.03,Y,,,,(UNK),248190,(N/A),(UNK),No Defects,1,1,InterState,1,290,X002356053,Not Toll,73,13,4,Divided With Median Barrier,3,2941353.96559332,1905228.55943311,41.87323986,-87.79924056,,Urban,1,N,(N/A),Y,(N/A)
2021,2021-05-24,Monday,14,02:15 PM,Property Damage,No Injuries,0,0,0,0,0,3,Front to Rear,11,N,N,Failing to Reduce Speed to Avoid Crash,Following Too Closely,Daylight,Clear,Dry,N,,,,,Other Warning Sign,Functioning Properly,N,3,41.8723188,-87.8032083,ok,(UNK),3,03-21-07097,2021,,28,3,50000 and OVER,9,4295,Oak Park,C,Urban Local Road or Street,,16,24,11296921,5,Cook,0,21,,,1,N,No,(UNK),202101157654,ISP,1,0.07,N,,,,(UNK),248221,(N/A),(UNK),No Defects,1,1,Local Road or Street,7,4062,X002252128,Not Toll,,11,4,Divided With Median Barrier,3,2940284.19100474,1904860.29957737,41.87231097,-87.80320248,,Urban,1,N,(N/A),Y,(N/A)
2021,2021-05-29,Saturday,11,11:48 AM,Property Damage,No Injuries,0,0,0,0,0,4,Turning,10,N,N,Improper Lane Usage,Failing to Yield Right of Way,Daylight,Clear,Dry,Y,,,,,Traffic Signal,Functioning Properly,N,2,41.8650853,-87.8042175,ok,(UNK),1,21-01595,2021,,20,2,50000 and OVER,9,4295,Oak Park,C,Urban Other Principal Arte,,16,29,11297953,5,Cook,0,21,,,6,N,No,Stopped,202101158651,City,1,25.01,Y,,,,(UNK),248850,(N/A),(UNK),No Defects,1,1,Other Principal Arterial,3,5043,X002253137,Not Toll,73,3,4,"Divided, No Median Barrier",2,2940081.87946349,1902216.72202213,41.86507749,-87.80421174,,Urban,1,N,(N/A),Y,(N/A)
2021,2021-05-27,Thursday,04,04:17 AM,Property Damage,No Injuries,0,0,0,0,0,3,Sideswipe Same Direction,12,N,N,Improper Lane Usage,Failing to Reduce Speed to Avoid Crash,Darkness / Lighted Road,Clear,Dry,N,,,,,No Controls,No Controls,Y,3,41.8712629,-87.7794271,ok,Partial Access Control,3,03-21-07251,2021,,20,28,50000 and OVER,9,4295,Oak Park,C,Urban InterState,,16,27,11298826,5,Cook,0,21,,,4,N,No,(UNK),202101159492,ISP,5,8.95,Y,,,,(UNK),248918,(N/A),(UNK),No Defects,1,1,InterState,1,290,X002253978,Not Toll,,1,1,Divided With Median Barrier,3,2946772.2321021,1904654.83957313,41.87125503,-87.77942129,,Urban,1,N,(N/A),Y,(N/A)