crash_year,crash_date,day_of_week,crash_hour,time_of_crash,crash_severity,crash_injury_severity,total_injured,total_fatals,a_injuries,b_injuries,c_injuries,no_injuries,type_of_first_crash,collision_type_code,pedestrian_involved,pedalcyclist_involved,cause1,cause2,lighting_cond,weather_cond,road_surface_cond,intersection_related,is_intersection,highway_or_street_name,at_intersection_with,address_no,traffic_control_device,traffic_control_device_cond,hit_and_run,number_of_vehicles,latitude,longitude,location_status,access_control,agency_code,agency_report_number,agency_report_year,alignment_code,cause1_code,cause2_code,city_class,city_class_code,city_code,city_name,city_township_flag,class_of_trafficway,class_of_trafficway_code,county_code,crash_day,crash_id,crash_month,crash_report_county,crash_severity_cd,crash_yr_source,damaged_property1,damaged_property2,day_of_week_code,did_crash_occur_in_work_zone,did_involve_secondary_crash,flow_condition,icn,investigating_agency_descrip,light_condition_code,mile_station,nhs,non_intersection_direction,non_intersection_distance,non_intersection_units,number_of_lanes,objectid,railroad_crossing_number,road_alignment,road_defects,road_defects_code,road_surface_condition_code,roadway_functional_class,roadway_functional_class_code,route_number,sfe,toll,township,traffic_control_device_code,traffic_control_device_cond_code,trafficway_descrip,trafficway_description_code,ts_crash_coordinate_x,ts_crash_coordinate_y,ts_crash_latitude,ts_crash_longitude,type_report,urban_rural,weather_code,were_workers_present,work_zone,work_zone_related,work_zone_type
2021,2021-08-31,Tuesday,17,05:44 PM,Injury,B Injury Crash,1,0,0,1,0,1,Pedalcyclist,2,N,Y,Failing to Yield Right of Way,Failing to Reduce Speed to Avoid Crash,Daylight,Cloudy/Overcast,Dry,Y,,,,,Stop Sign,Functioning Properly,N,1,41.876188,-87.7892217,ok,(UNK),1,2105373,2021,,2,28,50000 and OVER,9,4295,Oak Park,C,Urban Minor Collector,,16,31,11419205,8,Cook,2,21,,,2,N,No,Free Flow,202101274392,City,1,0,N,,,,(UNK),249596,(N/A),(UNK),No Defects,1,1,Minor Collector,6,,X002356325,Not Toll,73,2,4,Not Divided,1,2944054.65999515,1906375.54973883,41.87618012,-87.78921593,,Urban,8,N,(N/A),Y,(N/A)
2021,2021-05-30,Sunday,22,10:20 PM,Injury,B Injury Crash,1,0,0,1,0,1,Pedestrian,1,Y,N,Failing to Reduce Speed to Avoid Crash,Unable to Determine,Darkness / Lighted Road,Clear,Dry,N,,,,,Traffic Signal,Functioning Properly,Y,1,41.8737551,-87.8045288,ok,(UNK),1,21-01610,2021,,28,18,50000 and OVER,9,4295,Oak Park,C,Urban Other Principal Arte,,16,30,11299107,5,Cook,2,21,,,7,N,No,Free Flow,202101159764,City,5,20.08,Y,,,,(UNK),250664,(N/A),(UNK),No Defects,1,1,Other Principal Arterial,3,348,X002254251,Not Toll,73,3,4,Divided With Median Barrier,3,2939910.11306256,1905373.79844055,41.87374724,-87.80452298,,Urban,1,N,(N/A),Y,(N/A)
2021,2021-05-29,Saturday,14,02:40 PM,Property Damage,No Injuries,0,0,0,0,0,1,Parked Motor Vehicle,9,N,N,Failing to Reduce Speed to Avoid Crash,Unable to Determine,Daylight,Clear,Dry,N,,,,,No Controls,No Controls,Y,2,41.8714576,-87.7952527,ok,(UNK),1,2103146,2021,,28,18,50000 and OVER,9,4295,Oak Park,C,Urban Local Road or Street,,16,29,11300213,5,Cook,0,21,,,6,N,No,Free Flow,202101160924,City,1,0.04,N,,,,(UNK),251833,(N/A),(UNK),No Defects,1,1,Local Road or Street,7,2683,X002255085,Not Toll,73,1,1,Not Divided,1,2942459.73758239,1904606.24463602,41.87144973,-87.79524692,,Urban,1,N,(N/A),Y,(N/A)
2021,2021-05-26,Wednesday,17,05:50 PM,Property Damage,No Injuries,0,0,0,0,0,3,Front to Rear,11,N,N,Failing to Reduce Speed to Avoid Crash,Unable to Determine,Daylight,Clear,Dry,N,,,,,No Controls,No Controls,Y,2,41.8796936,-87.7990007,ok,(UNK),1,2103034,2021,,28,18,50000 and OVER,9,4295,Oak Park,C,Urban Minor Arterial,,16,26,11300223,5,Cook,0,21,,,3,N,No,Slow,202101160934,City,1,3.36,N,,,,(UNK),251890,(N/A),(UNK),No Defects,1,1,Minor Arterial,4,1419,X002252599,Not Toll,73,1,1,Not Divided,1,2941356.0415225,1907579.39636935,41.87968573,-87.7989949,,Urban,1,N,(N/A),Y,(N/A)
2021,2021-05-26,Wednesday,18,06:30 PM,Property Damage,No Injuries,0,0,0,0,0,1,Parked Motor Vehicle,9,N,N,Failing to Reduce Speed to Avoid Crash,Unable to Determine,Daylight,Clear,Dry,N,,,,,No Controls,No Controls,Y,2,41.8741921,-87.7960527,ok,(UNK),1,2103035,2021,,28,18,50000 and OVER,9,4295,Oak Park,C,Urban Local Road or Street,,16,26,11300224,5,Cook,0,21,,,3,N,No,Free Flow,202101160935,City,1,0.36,N,,,,(UNK),251891,(N/A),(UNK),No Defects,1,1,Local Road or Street,7,2689,X002252600,Not Toll,73,1,1,Not Divided,1,2942214.30539946,1905596.74873111,41.8741843,-87.7960469,,Urban,1,N,(N/A),Y,(N/A)
2021,2021-05-27,Thursday,09,09:13 AM,Injury,C Injury Crash,1,0,0,0,1,1,Angle,15,N,N,Failing to Yield Right of Way,Failing to Reduce Speed to Avoid Crash,Daylight,Clear,Dry,Y,,,,,Stop Sign,Functioning Properly,N,2,41.9016777,-87.7963441,ok,(UNK),1,2103046,2021,,2,28,50000 and OVER,9,4295,Oak Park,C,Urban Major Collector,,16,27,11300225,5,Cook,1,21,,,4,N,No,Free Flow,202101160936,City,1,0,N,,,,(UNK),251892,(N/A),(UNK),No Defects,1,1,Major Collector,5,,X002252601,Not Toll,73,2,4,"Divided, No Median Barrier",2,2941858.10945194,1915610.81264964,41.90166987,-87.79633831,,Urban,1,N,(N/A),Y,(N/A)
2021,2021-09-02,Thursday,18,06:29 PM,Property Damage,No Injuries,0,0,0,0,0,1,Parked Motor Vehicle,9,N,N,Failing to Reduce Speed to Avoid Crash,(N/A),Daylight,Cloudy/Overcast,Dry,N,,,,,No Controls,No Controls,Y,2,41.8717976,-87.7913922,ok,(UNK),1,2105409,2021,,28,99,50000 and OVER,9,4295,Oak Park,C,Urban Local Road or Street,,16,2,11420768,9,Cook,0,21,,,4,N,No,Free Flow,202101276059,City,1,0.14,N,,,,(UNK),251905,(N/A),(UNK),No Defects,1,1,Local Road or Street,7,290,X002357723,Not Toll,73,1,1,Not Divided,1,2943507.8223304,1904759.25087552,41.87178977,-87.79138639,,Urban,8,N,(N/A),Y,(N/A)
2021,2021-08-20,Friday,08,08:06 AM,Property Damage,No Injuries,0,0,0,0,0,2,Front to Rear,11,N,N,Following Too Closely,Failing to Reduce Speed to Avoid Crash,Daylight,Clear,Dry,N,,,,,Traffic Signal,Functioning Properly,N,2,41.8736206,-87.804177,ok,Partial Access Control,3,03-21-12683,2021,,3,28,50000 and OVER,9,4295,Oak Park,C,Urban InterState,,16,20,11420401,8,Cook,0,21,,,5,N,No,(UNK),202101275690,ISP,1,0,Y,,,,(UNK),251966,(N/A),(UNK),No Defects,1,1,InterState,1,,X002357362,Not Toll,73,3,4,Divided With Median Barrier,3,2940007.27751196,1905327.43891684,41.87361279,-87.80417119,,Urban,1,N,(N/A),Y,(N/A)
2021,2021-11-15,Monday,16,04:57 PM,Property Damage,No Injuries,0,0,0,0,0,2,Sideswipe Same Direction,12,N,N,Failing to Reduce Speed to Avoid Crash,(N/A),Darkness,Clear,Dry,N,,,,,Traffic Signal,Functioning Properly,N,2,41.8885962,-87.8050271,ok,(UNK),1,2107141,2021,,28,99,50000 and OVER,9,4295,Oak Park,C,Urban Other Principal Arte,,16,15,11520094,11,Cook,0,21,,,1,N,No,Free Flow,202101368876,City,4,26.64,Y,,,,(UNK),253616,(N/A),(UNK),No Defects,1,1,Other Principal Arterial,3,5043,X002442670,Not Toll,73,3,4,Not Divided,1,2939625.48609349,1910778.41315171,41.88858831,-87.80502128,,Urban,1,N,(N/A),Y,(N/A)
2021,2021-11-10,Wednesday,17,05:30 PM,Property Damage,No Injuries,0,0,0,0,0,2,Front to Rear,11,N,N,Failing to Reduce Speed to Avoid Crash,(N/A),Darkness / Lighted Road,Clear,Dry,N,,,,,Traffic Signal,Functioning Properly,N,2,41.8942828,-87.7946713,ok,(UNK),1,2107139,2021,,28,99,50000 and OVER,9,4295,Oak Park,C,Urban Major Collector,,16,10,11520095,11,Cook,0,21,,,3,N,No,Slow,202101368877,City,5,5.13,N,,,,(UNK),253617,(N/A),(UNK),No Defects,1,1,Major Collector,5,2775,X002442672,Not Toll,73,3,4,"Divided, No Median Barrier",2,2942388.07555026,1912928.54878177,41.89427493,-87.7946655,,Urban,1,N,(N/A),Y,(N/A)
2021,2021-11-11,Thursday,21,09:14 PM,Property Damage,No Injuries,0,0,0,0,0,6,Turning,10,N,N,Failing to Yield Right of Way,Failing to Reduce Speed to Avoid Crash,Darkness / Lighted Road,Cloudy/Overcast,Dry,Y,,,,,No Controls,No Controls,N,3,41.865047,-87.8028738,ok,(UNK),1,2107063,2021,,2,28,50000 and OVER,9,4295,Oak Park,C,Urban Other Principal Arte,,16,11,11519364,11,Cook,0,21,,,4,N,No,Free Flow,202101368133,City,5,0,Y,,,,(UNK),254000,(N/A),(UNK),No Defects,1,1,Other Principal Arterial,3,,X002441533,Not Toll,73,1,1,Not Divided,1,2940448.2940386,1902212.83969544,41.86503917,-87.80286803,,Urban,8,N,(N/A),Y,(N/A)
2021,2021-11-12,Friday,12,12:50 PM,Property Damage,No Injuries,0,0,0,0,0,2,Angle,15,N,N,Failing to Yield Right of Way,Improper Overtaking/Passing,Daylight,Freezing Rain,Wet,N,,,,,No Controls,No Controls,N,2,41.8652552,-87.7884883,ok,(UNK),1,2107075,2021,,2,4,50000 and OVER,9,4295,Oak Park,C,Urban Other Principal Arte,,16,12,11519365,11,Cook,0,21,,,5,N,No,Free Flow,202101368134,City,1,6.8,Y,,,,(UNK),254040,(N/A),(UNK),No Defects,1,2,Other Principal Arterial,3,347,X002441536,Not Toll,52,1,1,Not Divided,1,2944364.86348387,1902397.00779293,41.8652474,-87.78848246,,Urban,10,N,(N/A),Y,(N/A)
2021,2021-11-12,Friday,23,11:12 PM,Property Damage,No Injuries,0,0,0,0,0,3,Angle,15,N,N,Failing to Yield Right of Way,Failing to Reduce Speed to Avoid Crash,Darkness / Lighted Road,Cloudy/Overcast,Wet,Y,,,,,Stop Sign,Functioning Properly,N,2,41.8650458,-87.8028738,ok,(UNK),1,2107089,2021,,2,28,50000 and OVER,9,4295,Oak Park,C,Urban Other Principal Arte,,16,12,11519514,11,Cook,0,21,,,5,N,No,Slow,202101368276,City,5,0,Y,,,,(UNK),254761,(N/A),(UNK),No Defects,1,2,Other Principal Arterial,3,,X002442167,Not Toll,73,2,4,"Divided, No Median Barrier",2,2940448.30689114,1902212.39710065,41.86503796,-87.80286803,,Urban,8,N,(N/A),Y,(N/A)
2021,2021-11-14,Sunday,13,01:17 PM,Property Damage,No Injuries,0,0,0,0,0,3,Angle,15,N,N,Failing to Yield Right of Way,Failing to Reduce Speed to Avoid Crash,Daylight,Freezing Rain,Wet,Y,,,,,Stop Sign,Functioning Properly,N,2,41.876188,-87.7892161,ok,(UNK),1,2107115,2021,,2,28,50000 and OVER,9,4295,Oak Park,C,Urban Minor Collector,,16,14,11519518,11,Cook,0,21,,,7,N,No,Free Flow,202101368277,City,1,0,N,,,,(UNK),254763,(N/A),(UNK),No Defects,1,2,Minor Collector,6,,X002442168,Not Toll,73,2,4,Four Way,14,2944056.18181693,1906375.61835053,41.87618019,-87.78921034,,Urban,10,N,(N/A),Y,(N/A)
2021,2021-11-16,Tuesday,07,07:55 AM,Property Damage,No Injuries,0,0,0,0,0,2,Sideswipe Same Direction,12,N,N,Failing to Reduce Speed to Avoid Crash,Unable to Determine,Daylight,Clear,Dry,N,,,,,Traffic Signal,Functioning Properly,Y,2,41.8817183,-87.784496,ok,(UNK),1,2107150,2021,,28,18,50000 and OVER,9,4295,Oak Park,C,Urban Major Collector,,16,16,11520029,11,Cook,0,21,,,2,N,No,Stopped,202101368813,City,1,0,N,,,,(UNK),255399,(N/A),(UNK),No Defects,1,1,Major Collector,5,,X002442638,Not Toll,73,3,4,Not Divided,1,2945285.77643333,1908426.62209769,41.88171048,-87.78449018,,Urban,1,N,(N/A),Y,(N/A)
2021,2021-05-28,Friday,20,08:57 PM,Property Damage,No Injuries,0,0,0,0,0,2,Front to Rear,11,N,N,Following Too Closely,Driving Skills/Knowledge/Experience,Darkness / Lighted Road,Cloudy/Overcast,Wet,Y,,,,,Traffic Signal,Functioning Properly,N,2,41.8886494,-87.8026266,ok,(UNK),1,2103092,2021,,3,15,50000 and OVER,9,4295,Oak Park,C,Urban Major Collector,,16,28,11301785,5,Cook,0,21,,,5,N,No,Stopped,202101162356,City,5,0,N,,,,(UNK),255682,(N/A),(UNK),No Defects,1,2,Major Collector,5,,X002256311,Not Toll,73,3,4,Not Divided,1,2940278.61684238,1910815.83710629,41.88864158,-87.80262077,,Urban,8,N,(N/A),Y,(N/A)
2021,2021-05-29,Saturday,12,12:40 PM,Property Damage,No Injuries,0,0,0,0,0,3,Angle,15,N,N,Failing to Reduce Speed to Avoid Crash,Failing to Yield Right of Way,Daylight,Clear,Dry,Y,,,,,Traffic Signal,Functioning Properly,N,2,41.8653374,-87.7839758,ok,(UNK),1,2103105,2021,,28,2,50000 and OVER,9,4295,Oak Park,C,Urban Other Principal Arte,,16,29,11301788,5,Cook,0,21,,,6,N,No,Free Flow,202101162358,City,1,0,Y,,,,(UNK),255721,(N/A),(UNK),No Defects,1,1,Other Principal Arterial,3,,X002256314,Not Toll,52,3,4,"Divided, No Median Barrier",2,2945593.24147505,1902461.06669881,41.86532961,-87.78396998,,Urban,1,N,(N/A),Y,(N/A)
2021,2021-05-30,Sunday,14,02:48 PM,Property Damage,No Injuries,0,0,0,0,0,1,Parked Motor Vehicle,9,N,N,Failing to Reduce Speed to Avoid Crash,Unable to Determine,Daylight,Clear,Dry,N,,,,,No Controls,No Controls,Y,3,41.9092379,-87.777223,ok,(UNK),1,2103128,2021,,28,18,50000 and OVER,9,4295,Oak Park,C,Urban Other Principal Arte,,16,30,11301790,5,Cook,0,21,,,7,N,Yes,Free Flow,202101162360,City,1,7.39,Y,,,,(UNK),255722,(N/A),(UNK),No Defects,1,1,Other Principal Arterial,3,307,X002256316,Not Toll,73,1,1,Four Way,14,2946986.98433752,1918510.36756833,41.90923,-87.77721725,,Urban,1,N,(N/A),Y,(N/A)
2021,2021-05-28,Friday,17,05:31 PM,Injury,C Injury Crash,4,0,0,0,4,1,Turning,10,N,N,Failing to Yield Right of Way,Improper Turning/No Signal,Daylight,Rain,Wet,Y,,,,,No Controls,No Controls,Y,2,41.8753806,-87.8021351,ok,(UNK),1,2103085,2021,,2,6,50000 and OVER,9,4295,Oak Park,C,Urban Local Road or Street,,16,28,11301794,5,Cook,1,21,,,5,N,No,Free Flow,202101162384,City,1,0.07,N,,,,(UNK),255723,(N/A),(UNK),No Defects,1,2,Local Road or Street,7,4030,X002256320,Not Toll,73,1,1,Four Way,14,2940545.73517704,1905984.12689368,41.87537276,-87.80212932,,Urban,2,N,(N/A),Y,(N/A)
2021,2021-05-29,Saturday,15,03:30 PM,Property Damage,No Injuries,0,0,0,0,0,6,Front to Rear,11,N,N,Failing to Reduce Speed to Avoid Crash,Unable to Determine,Daylight,Clear,Dry,N,,,,,Traffic Signal,Functioning Properly,Y,2,41.8804308,-87.7746818,ok,(UNK),1,2103111,2021,,28,18,50000 and OVER,9,4295,Oak Park,C,Urban Minor Arterial,,16,29,11301795,5,Cook,0,21,,,6,N,No,Stopped,202101162379,City,1,7.64,N,,,,(UNK),255724,(N/A),(UNK),No Defects,1,1,Minor Arterial,4,2790,X002256321,Not Toll,,3,4,Not Divided,1,2947971.5747056,1908031.79923319,41.88042294,-87.77467602,,Urban,1,N,(N/A),Y,(N/A)
2021,2021-05-29,Saturday,19,07:42 PM,Property Damage,No Injuries,0,0,0,0,0,5,Turning,10,N,N,Failing to Yield Right of Way,Failing to Reduce Speed to Avoid Crash,Dusk,Clear,Dry,Y,,,,,Other,Functioning Properly,N,2,41.8815781,-87.7926485,ok,(UNK),1,2103115,2021,,2,28,50000 and OVER,9,4295,Oak Park,C,Urban Major Collector,,16,29,11301796,5,Cook,0,21,,,6,N,No,Free Flow,202101162365,City,3,0,N,,,,(UNK),255725,(N/A),(UNK),No Defects,1,1,Major Collector,5,,X002256322,Not Toll,73,13,4,"Divided, No Median Barrier",2,2943067.00841444,1908313.95282402,41.88157022,-87.79264266,,Urban,1,N,(N/A),Y,(N/A)
2021,2021-05-30,Sunday,13,01:46 PM,Property Damage,No Injuries,0,0,0,0,0,2,Rear to Side,16,N,N,Improper Backing,Failing to Reduce Speed to Avoid Crash,Daylight,Clear,Dry,N,,,,,No Controls,No Controls,N,2,41.8946581,-87.7787517,ok,(UNK),1,2103125,2021,,30,28,50000 and OVER,9,4295,Oak Park,C,Urban Minor Arterial,,16,30,11301797,5,Cook,0,21,,,7,N,No,Free Flow,202101162366,City,1,3.94,N,,,,(UNK),255726,(N/A),(UNK),No Defects,1,1,Minor Arterial,4,1398,X002256323,Not Toll,73,1,1,"Divided, No Median Barrier",2,2946718.82587988,1913185.63417999,41.89465029,-87.77874594,,Urban,1,N,(N/A),Y,(N/A)
2021,2021-05-31,Monday,07,07:12 AM,Property Damage,No Injuries,0,0,0,0,0,3,Angle,15,N,N,Failing to Yield Right of Way,Failing to Reduce Speed to Avoid Crash,Daylight,Clear,Dry,Y,,,,,Stop Sign,Functioning Properly,N,2,41.8706604,-87.792703,ok,(UNK),1,2103137,2021,,2,28,50000 and OVER,9,4295,Oak Park,C,Urban Local Road or Street,,16,31,11301798,5,Cook,0,21,,,1,N,No,Free Flow,202101162367,City,1,0,N,,,,(UNK),255758,(N/A),(UNK),No Defects,1,1,Local Road or Street,7,,X002256324,Not Toll,73,2,4,Four Way,14,2943162.24670194,1904334.95928603,41.87065259,-87.79269724,,Urban,1,N,(N/A),Y,(N/A)
2021,2021-06-02,Wednesday,16,04:29 PM,Property Damage,No Injuries,0,0,0,0,0,3,Front to Rear,11,N,N,Driving Skills/Knowledge/Experience,Following Too Closely,Daylight,Clear,Dry,N,,,,,Delineators,Functioning Properly,N,3,41.8736219,-87.8027499,ok,Partial Access Control,3,03-21-07602,2021,,15,3,50000 and OVER,9,4295,Oak Park,C,Urban InterState,,16,2,11302374,6,Cook,0,21,,,3,N,No,(UNK),202101163018,ISP,1,21.66,Y,,,,(UNK),256072,(N/A),(UNK),No Defects,1,1,InterState,1,9290,X002257089,Not Toll,73,14,4,Divided With Median Barrier,3,2940395.95504811,1905338.60625319,41.87361405,-87.8027441,,Urban,1,N,(N/A),Y,(N/A)
2021,2021-05-28,Friday,17,05:30 PM,Property Damage,No Injuries,0,0,0,0,0,2,Front to Rear,11,N,N,Failing to Reduce Speed to Avoid Crash,Following Too Closely,Unknown,Unknown,Unknown,N,,,,,Unknown,Unknown,N,2,41.8716292,-87.7836429,ok,Partial Access Control,3,03-21-07588,2021,,28,3,50000 and OVER,9,4295,Oak Park,C,Urban InterState,,16,28,11302447,5,Cook,0,21,,,5,N,No,(UNK),202101163089,ISP,9,8.74,Y,,,,(UNK),256426,(N/A),(UNK),Unknown,99,9,InterState,1,290,X002257160,Not Toll,,99,9,Divided With Median Barrier,3,2945620.22756141,1904756.39942349,41.87162132,-87.78363713,,Urban,9,N,(N/A),N,(N/A)
2021,2021-09-01,Wednesday,18,06:23 PM,Property Damage,No Injuries,0,0,0,0,0,2,Front to Rear,11,N,N,Failing to Reduce Speed to Avoid Crash,Following Too Closely,Dusk,Clear,Dry,N,,,,,No Controls,No Controls,N,2,41.8724596,-87.7936117,ok,Partial Access Control,3,03-21-12797,2021,,28,3,50000 and OVER,9,4295,Oak Park,C,Urban InterState,,16,1,11423200,9,Cook,0,21,,,3,N,No,(UNK),202101278419,ISP,3,8.21,Y,,,,(UNK),256465,(N/A),(UNK),No Defects,1,1,InterState,1,290,X002360036,Not Toll,73,1,1,Divided With Median Barrier,3,2942896.60902843,1904983.75590552,41.87245174,-87.79360591,,Urban,1,N,(N/A),Y,(N/A)
2021,2021-09-04,Saturday,18,06:00 PM,Property Damage,No Injuries,0,0,0,0,0,2,Sideswipe Same Direction,12,N,N,Failing to Reduce Speed to Avoid Crash,Following Too Closely,Daylight,Clear,Dry,N,,,,,No Controls,No Controls,N,2,41.8734728,-87.8041594,ok,Partial Access Control,3,03-21-12956,2021,,28,3,50000 and OVER,9,4295,Oak Park,C,Urban InterState,,16,4,11423218,9,Cook,0,21,,,6,N,No,(UNK),202101278437,ISP,1,7.72,Y,,,,(UNK),256490,(N/A),(UNK),No Defects,1,1,InterState,1,290,X002360054,Not Toll,73,1,1,Divided With Median Barrier,3,2940013.5461963,1905273.71388319,41.873465,-87.80415362,,Urban,1,N,(N/A),Y,(N/A)
2021,2021-06-01,Tuesday,18,06:54 PM,Property Damage,No Injuries,0,0,0,0,0,2,Front to Rear,11,N,N,Failing to Reduce Speed to Avoid Crash,Unable to Determine,Daylight,Clear,Dry,Y,,,,,Traffic Signal,Functioning Properly,N,2,41.8798685,-87.7844362,ok,(UNK),1,2103175,2021,,28,18,50000 and OVER,9,4295,Oak Park,C,Urban Minor Arterial,,16,1,11302970,6,Cook,0,21,,,2,N,No,Free Flow,202101163608,City,1,0,N,,,,(UNK),257189,(N/A),(UNK),No Defects,1,1,Minor Arterial,4,,X002257528,Not Toll,73,3,4,"Divided, No Median Barrier",2,2945320.77978719,1907752.96841576,41.87986067,-87.7844304,,Urban,1,N,(N/A),Y,(N/A)
2021,2021-06-01,Tuesday,17,05:49 PM,Property Damage,No Injuries,0,0,0,0,0,1,Fixed Object,6,N,N,Disregarding Other Traffic Signs,Failing to Reduce Speed to Avoid Crash,Daylight,Clear,Dry,N,,,,,Traffic Signal,Functioning Properly,N,1,41.8872814,-87.794474,ok,(UNK),1,2103170,2021,,24,28,50000 and OVER,9,4295,Oak Park,C,Urban Major Collector,,16,1,11302972,6,Cook,0,21,VIADUCT,,2,N,No,(UNK),202101163610,City,1,0,N,,,,(UNK),257237,(N/A),(UNK),No Defects,1,1,Major Collector,5,,X002257530,Not Toll,73,3,4,Other,8,2942512.37840725,1910378.58474624,41.88727351,-87.79446817,,Urban,1,N,(N/A),Y,(N/A)
2021,2021-06-01,Tuesday,17,05:39 PM,Property Damage,No Injuries,0,0,0,0,0,2,Angle,15,N,N,Failing to Yield Right of Way,Failing to Reduce Speed to Avoid Crash,Daylight,Clear,Dry,Y,,,,,Stop Sign,Functioning Properly,N,2,41.8945876,-87.7832619,ok,(UNK),1,2103172,2021,,2,28,50000 and OVER,9,4295,Oak Park,C,Urban Minor Arterial,,16,1,11302973,6,Cook,0,21,,,2,N,No,Free Flow,202101163611,City,1,0,N,,,,(UNK),257238,(N/A),(UNK),No Defects,1,1,Minor Arterial,4,,X002257531,Not Toll,73,2,4,"Divided, No Median Barrier",2,2945491.52508896,1913125.78451094,41.8945798,-87.7832561,,Urban,1,N,(N/A),Y,(N/A)
2021,2021-06-02,Wednesday,08,08:17 AM,Property Damage,No Injuries,0,0,0,0,0,4,Front to Rear,11,N,N,Following Too Closely,Failing to Reduce Speed to Avoid Crash,Daylight,Clear,Dry,Y,,,,,Traffic Signal,Functioning Properly,N,2,41.8944178,-87.7946768,ok,(UNK),1,2103179,2021,,3,28,50000 and OVER,9,4295,Oak Park,C,Urban Minor Arterial,,16,2,11302974,6,Cook,0,21,,,3,N,No,Stopped,202101163612,City,1,0,N,,,,(UNK),257239,(N/A),(UNK),No Defects,1,1,Minor Arterial,4,,X002257532,Not Toll,73,3,4,Not Divided,1,2942385.21255147,1912977.72066721,41.89440998,-87.79467101,,Urban,1,N,(N/A),Y,(N/A)
2021,2021-11-11,Thursday,19,07:13 PM,Property Damage,No Injuries,0,0,0,0,0,1,Parked Motor Vehicle,9,N,N,Failing to Reduce Speed to Avoid Crash,(N/A),Darkness,Clear,Dry,N,,,,,No Controls,No Controls,Y,2,41.8862061,-87.7927969,ok,(UNK),1,2107059,2021,,28,99,50000 and OVER,9,4295,Oak Park,C,Urban Local Road or Street,,16,11,11521306,11,Cook,0,21,,,4,N,No,Free Flow,202101370217,City,4,0.08,N,,,,(UNK),257690,(N/A),(UNK),No Defects,1,1,Local Road or Street,7,2673,X002443830,Not Toll,73,1,1,Not Divided,1,2942979.91675386,1909999.36330195,41.88619822,-87.79279106,,Urban,1,N,(N/A),Y,(N/A)
2021,2021-11-13,Saturday,23,11:21 PM,Injury,B Injury Crash,1,0,0,1,0,0,Other Object,7,N,N,Improper Lane Usage,(N/A),Darkness / Lighted Road,Sleet/Hail,Wet,N,,,,,No Controls,No Controls,N,1,41.909215,-87.7790273,ok,(UNK),1,2107109,2021,,20,99,50000 and OVER,9,4295,Oak Park,C,Urban Other Principal Arte,,16,13,11521311,11,Cook,2,21,,,6,N,No,(UNK),202101370222,City,5,7.3,Y,,,,(UNK),257692,(N/A),(UNK),No Defects,1,2,Other Principal Arterial,3,307,X002443785,Not Toll,73,1,1,Not Divided,1,2946496.08072673,1918488.33860634,41.9092071,-87.77902147,,Urban,5,N,(N/A),Y,(N/A)
2021,2021-11-16,Tuesday,16,04:35 PM,Property Damage,No Injuries,0,0,0,0,0,2,Front to Rear,11,N,N,Unable to Determine,(N/A),Unknown,Clear,Unknown,N,,,,,No Controls,No Controls,Y,2,41.8946936,-87.7769651,ok,(UNK),1,2107165,2021,,18,99,50000 and OVER,9,4295,Oak Park,C,Urban Minor Arterial,,16,16,11520914,11,Cook,0,21,,,2,N,No,Free Flow,202101369697,City,9,4.03,N,,,,(UNK),257802,(N/A),(UNK),Unknown,99,9,Minor Arterial,4,1398,X002443502,Not Toll,73,1,1,Not Divided,1,2947204.91852885,1913212.11044606,41.89468575,-87.77695933,,Urban,1,N,(N/A),N,(N/A)
2021,2021-06-02,Wednesday,15,03:54 PM,Property Damage,No Injuries,0,0,0,0,0,3,Turning,10,N,N,Unable to Determine,(N/A),Daylight,Clear,Dry,Y,,,,,Traffic Signal,Functioning Properly,N,2,41.9015578,-87.8055273,ok,(UNK),1,2100570,2021,,18,99,50000 and OVER,9,4295,Oak Park,C,Urban Other Principal Arte,,16,2,11303177,6,Cook,0,21,,,3,N,No,Free Flow,202101163864,City,1,27.54,Y,,,,(UNK),258114,(N/A),(UNK),No Defects,1,1,Other Principal Arterial,3,5043,X002257794,Not Toll,73,3,4,Four Way,14,2939359.22182331,1915498.13445007,41.90154996,-87.80552149,,Urban,1,N,(N/A),Y,(N/A)
2021,2021-09-02,Thursday,07,07:00 AM,Property Damage,No Injuries,0,0,0,0,0,3,Front to Rear,11,N,N,Following Too Closely,Failing to Reduce Speed to Avoid Crash,Daylight,Clear,Dry,N,,,,,Other Regualtory Sig,Functioning Properly,N,3,41.8737091,-87.8037984,ok,Partial Access Control,3,03-21-12864,2021,,3,28,50000 and OVER,9,4295,Oak Park,C,Urban InterState,,16,2,11424756,9,Cook,0,21,,,4,N,No,(UNK),202101279955,ISP,1,21.61,Y,,,,(UNK),259652,(N/A),(UNK),No Defects,1,1,InterState,1,9290,X002361539,Not Toll,73,10,4,Divided With Median Barrier,3,2940109.5,1905362.5,41.87370121,-87.80379262,,Urban,1,N,(N/A),Y,(N/A)