crash_year,crash_date,day_of_week,crash_hour,time_of_crash,crash_severity,crash_injury_severity,total_injured,total_fatals,a_injuries,b_injuries,c_injuries,no_injuries,type_of_first_crash,collision_type_code,pedestrian_involved,pedalcyclist_involved,cause1,cause2,lighting_cond,weather_cond,road_surface_cond,intersection_related,is_intersection,highway_or_street_name,at_intersection_with,address_no,traffic_control_device,traffic_control_device_cond,hit_and_run,number_of_vehicles,latitude,longitude,location_status,access_control,agency_code,agency_report_number,agency_report_year,alignment_code,cause1_code,cause2_code,city_class,city_class_code,city_code,city_name,city_township_flag,class_of_trafficway,class_of_trafficway_code,county_code,crash_day,crash_id,crash_month,crash_report_county,crash_severity_cd,crash_yr_source,damaged_property1,damaged_property2,day_of_week_code,did_crash_occur_in_work_zone,did_involve_secondary_crash,flow_condition,icn,investigating_agency_descrip,light_condition_code,mile_station,nhs,non_intersection_direction,non_intersection_distance,non_intersection_units,number_of_lanes,objectid,railroad_crossing_number,road_alignment,road_defects,road_defects_code,road_surface_condition_code,roadway_functional_class,roadway_functional_class_code,route_number,sfe,toll,township,traffic_control_device_code,traffic_control_device_cond_code,trafficway_descrip,trafficway_description_code,ts_crash_coordinate_x,ts_crash_coordinate_y,ts_crash_latitude,ts_crash_longitude,type_report,urban_rural,weather_code,were_workers_present,work_zone,work_zone_related,work_zone_type
2021,2021-09-04,Saturday,01,01:29 AM,Property Damage,No Injuries,0,0,0,0,0,1,Fixed Object,6,N,N,Unable to Determine,Unable to Determine,Darkness / Lighted Road,Clear,Dry,N,,,,,No Controls,No Controls,Y,1,41.873768,-87.8044265,ok,Partial Access Control,3,03-21-12914,2021,,18,18,50000 and OVER,9,4295,Oak Park,C,Urban InterState,,16,4,11423560,9,Cook,0,21,,,6,N,No,(UNK),202101278770,ISP,5,21.58,Y,,,,(UNK),259687,(N/A),(UNK),No Defects,1,1,InterState,1,9290,X002360389,Not Toll,73,1,1,Divided With Median Barrier,3,2939937.83949802,1905379.25891678,41.87376012,-87.8044207,,Urban,1,N,(N/A),Y,(N/A)
2021,2021-06-02,Wednesday,18,06:38 PM,Injury,C Injury Crash,1,0,0,0,1,2,Pedalcyclist,2,N,Y,Failing to Yield Right of Way,Failing to Reduce Speed to Avoid Crash,Daylight,Clear,Dry,Y,,,,,Traffic Signal,Functioning Properly,N,1,41.87231,-87.8044659,ok,(UNK),1,2103203,2021,,2,28,50000 and OVER,9,4295,Oak Park,C,Urban Other Principal Arte,,16,2,11304499,6,Cook,1,21,,,3,N,No,(UNK),202101165335,City,1,25.52,Y,,,,(UNK),260117,(N/A),(UNK),No Defects,1,1,Other Principal Arterial,3,5043,X002258846,Not Toll,73,3,4,"Divided, No Median Barrier",2,2939941.73917192,1904847.66118026,41.87230217,-87.8044601,,Urban,1,N,(N/A),Y,(N/A)
2021,2021-11-16,Tuesday,11,11:05 AM,Property Damage,No Injuries,0,0,0,0,0,1,Parked Motor Vehicle,9,N,N,Failing to Reduce Speed to Avoid Crash,Unable to Determine,Daylight,Clear,Dry,N,,,,,No Controls,No Controls,Y,2,41.8902437,-87.8051016,ok,(UNK),1,2107156,2021,,28,18,50000 and OVER,9,4295,Oak Park,C,Urban Other Principal Arte,,16,16,11522368,11,Cook,0,21,,,2,N,No,Free Flow,202101371284,City,1,18.94,Y,,,,(UNK),260258,(N/A),(UNK),No Defects,1,1,Other Principal Arterial,3,348,X002444752,Not Toll,73,1,1,Parking Lot,7,2939588.66398665,1911378.24312645,41.89023583,-87.80509579,,Urban,1,N,(N/A),Y,(N/A)
2021,2021-11-18,Thursday,06,06:19 AM,Property Damage,No Injuries,0,0,0,0,0,2,Front to Rear,11,N,N,Unable to Determine,Unable to Determine,Daylight,Clear,Dry,Y,,,,,Traffic Signal,Functioning Properly,N,2,41.8759849,-87.8045954,ok,(UNK),1,21-03429,2021,,18,18,50000 and OVER,9,4295,Oak Park,C,Urban Other Principal Arte,,16,18,11522395,11,Cook,0,21,,,4,N,No,Slow,202101371315,City,1,25.77,Y,,,,(UNK),260415,(N/A),(UNK),No Defects,1,1,Other Principal Arterial,3,5043,X002444891,Not Toll,73,3,4,"Divided, No Median Barrier",2,2939869.58438833,1906185.86913438,41.87597702,-87.80458963,,Urban,1,N,(N/A),Y,(N/A)
2021,2021-11-17,Wednesday,17,05:53 PM,Property Damage,No Injuries,0,0,0,0,0,3,Sideswipe Same Direction,12,N,N,Failing to Yield Right of Way,Improper Lane Usage,Darkness / Lighted Road,Clear,Wet,Y,,,,,Delineators,Functioning Properly,N,3,41.8650352,-87.804216,ok,(UNK),1,21-03428,2021,,2,20,50000 and OVER,9,4295,Oak Park,C,Urban Other Principal Arte,,16,17,11522396,11,Cook,0,21,,,3,N,No,Slow,202101371317,City,5,25.01,Y,,,,(UNK),260416,(N/A),(UNK),No Defects,1,2,Other Principal Arterial,3,5043,X002444892,Not Toll,52,14,4,Two-way Continuous Left-Tur,4,2940082.79628445,1902198.46466186,41.86502736,-87.80421022,,Urban,1,N,(N/A),Y,(N/A)
2021,2021-06-04,Friday,11,11:50 AM,Property Damage,No Injuries,0,0,0,0,0,2,Front to Rear,11,N,N,Following Too Closely,Equipment-Vehicle Condition,Daylight,Clear,Dry,Y,,,,,Traffic Signal,Functioning Properly,N,2,41.8650347,-87.804216,ok,(UNK),1,21-01658,2021,,3,10,50000 and OVER,9,4295,Oak Park,C,Urban Other Principal Arte,,16,4,11304849,6,Cook,0,21,,,5,N,No,Slow,202101165772,City,1,25.01,Y,,,,(UNK),260737,(N/A),(UNK),No Defects,1,1,Other Principal Arterial,3,5043,X002259302,Not Toll,52,3,4,"Divided, No Median Barrier",2,2940082.80545746,1902198.28199268,41.86502685,-87.80421021,,Urban,1,N,(N/A),Y,(N/A)
2021,2021-06-05,Saturday,02,02:03 AM,Property Damage,No Injuries,0,0,0,0,0,2,Turning,10,N,N,Improper Lane Usage,Failing to Reduce Speed to Avoid Crash,Darkness / Lighted Road,Clear,Dry,Y,,,,,Traffic Signal,Functioning Properly,N,2,41.8736416,-87.8045256,ok,Partial Access Control,1,21-01672,2021,,20,28,50000 and OVER,9,4295,Oak Park,C,Urban InterState,,16,5,11305510,6,Cook,0,21,,,6,N,No,Free Flow,202101166503,City,5,25.61,Y,,,,(UNK),261732,(N/A),(UNK),No Defects,1,1,InterState,1,5043,X002259940,Not Toll,73,3,4,Divided With Median Barrier,3,2939912.12327933,1905332.46175009,41.87363375,-87.80451978,,Urban,1,N,(N/A),Y,(N/A)
2021,2021-09-07,Tuesday,01,01:31 AM,Property Damage,No Injuries,0,0,0,0,0,3,Turning,10,N,N,Unable to Determine,(N/A),Daylight,Cloudy/Overcast,Dry,Y,,,,,No Controls,Functioning Properly,N,2,41.8704903,-87.8044023,ok,(UNK),1,21-02686,2021,,18,99,50000 and OVER,9,4295,Oak Park,C,Urban Other Principal Arte,,16,7,11425208,9,Cook,0,21,,,2,N,No,Free Flow,202101280601,City,1,25.39,Y,,,,(UNK),262016,(N/A),(UNK),No Defects,1,1,Other Principal Arterial,3,5043,X002361987,Not Toll,73,1,4,"Divided, No Median Barrier",2,2939977.31821802,1904185.01894587,41.87048251,-87.80439651,,Urban,8,N,(N/A),Y,(N/A)
2021,2021-06-05,Saturday,07,07:49 AM,Property Damage,No Injuries,0,0,0,0,0,2,Sideswipe Same Direction,12,N,N,Improper Lane Usage,Failing to Yield Right of Way,Daylight,Clear,Dry,N,,,,,Traffic Signal,Functioning Properly,N,2,41.8651421,-87.8042193,ok,(UNK),1,21-01674,2021,,20,2,50000 and OVER,9,4295,Oak Park,C,Urban Other Principal Arte,,16,5,11305678,6,Cook,0,21,,,6,N,No,Free Flow,202101166654,City,1,20.68,Y,,,,(UNK),262385,(N/A),(UNK),No Defects,1,1,Other Principal Arterial,3,348,X002260104,Not Toll,73,3,4,"Divided, No Median Barrier",2,2940080.84032791,1902237.41512737,41.86513431,-87.80421347,,Urban,1,N,(N/A),Y,(N/A)
2021,2021-08-27,Friday,18,06:14 PM,Property Damage,No Injuries,0,0,0,0,0,2,Front to Rear,11,N,N,Following Too Closely,Failing to Reduce Speed to Avoid Crash,Daylight,Clear,Dry,N,,,,,Delineators,No Controls,Y,2,41.873633,-87.8028858,ok,Partial Access Control,3,03-21-12501,2021,,3,28,50000 and OVER,9,4295,Oak Park,C,Urban InterState,,16,27,11425558,8,Cook,0,21,,,5,N,No,(UNK),202101281003,ISP,1,21.66,Y,,,,(UNK),262525,(N/A),(UNK),No Defects,1,1,InterState,1,9290,X002362326,Not Toll,73,14,1,Divided With Median Barrier,3,2940358.83163462,1905341.62421863,41.87362513,-87.80287999,,Urban,1,N,(N/A),Y,(N/A)
2021,2021-09-03,Friday,15,03:13 PM,Injury,C Injury Crash,1,0,0,0,1,3,Angle,15,N,N,Failing to Yield Right of Way,Unable to Determine,Daylight,Rain,Wet,Y,,,,,Stop Sign,Functioning Properly,N,2,41.8946278,-87.779987,ok,(UNK),1,2105431,2021,,2,18,50000 and OVER,9,4295,Oak Park,C,Urban Minor Arterial,,16,3,11426068,9,Cook,1,21,,,5,N,No,Free Flow,202101281436,City,1,0,N,,,,(UNK),263260,(N/A),(UNK),No Defects,1,2,Minor Arterial,4,,X002361856,Not Toll,73,2,4,Not Divided,1,2946382.78537565,1913165.23077147,41.89461999,-87.77998125,,Urban,2,N,(N/A),Y,(N/A)
2021,2021-09-04,Saturday,15,03:45 PM,Property Damage,No Injuries,0,0,0,0,0,4,Angle,15,N,N,Failing to Yield Right of Way,Unable to Determine,Daylight,Cloudy/Overcast,Dry,N,,,,,No Controls,No Controls,N,2,41.9090004,-87.7860119,ok,(UNK),1,2105455,2021,,2,18,50000 and OVER,9,4295,Oak Park,C,Urban Local Road or Street,,16,4,11426072,9,Cook,0,21,,,6,N,No,Slow,202101281440,City,1,0.01,N,,,,(UNK),263263,(N/A),(UNK),No Defects,1,1,Local Road or Street,7,1026,X002361873,Not Toll,73,1,1,T-Intersection,15,2944596.93309059,1918357.26732085,41.90899253,-87.78600608,,Urban,8,N,(N/A),Y,(N/A)
2021,2021-06-04,Friday,09,09:46 AM,Property Damage,No Injuries,0,0,0,0,0,2,Front to Rear,11,N,N,Failing to Reduce Speed to Avoid Crash,Unable to Determine,Daylight,Clear,Dry,Y,,,,,Pedestrian Crossing,Functioning Properly,N,2,41.8884279,-87.78796,ok,(UNK),1,2103235,2021,,28,18,50000 and OVER,9,4295,Oak Park,C,Urban Major Collector,,16,4,11307687,6,Cook,0,21,,,5,N,No,Free Flow,202101168752,City,1,0,N,,,,(UNK),263702,(N/A),(UNK),No Defects,1,1,Major Collector,5,,X002259978,Not Toll,73,17,4,Not Divided,1,2944274.59156102,1910845.55371661,41.8884201,-87.78795423,,Urban,1,N,(N/A),Y,(N/A)
2021,2021-06-03,Thursday,10,10:37 AM,Property Damage,No Injuries,0,0,0,0,0,2,Turning,10,N,N,Failing to Yield Right of Way,(N/A),Daylight,Clear,Dry,Y,,,,,Traffic Signal,Functioning Properly,N,2,41.8710475,-87.7841758,ok,(UNK),1,2103213,2021,,2,99,50000 and OVER,9,4295,Oak Park,C,Urban Major Collector,,16,3,11307690,6,Cook,0,21,,,4,N,No,Free Flow,202101168755,City,1,0,N,,,,(UNK),263703,(N/A),(UNK),No Defects,1,1,Major Collector,5,,X002259981,Not Toll,73,3,4,"Divided, No Median Barrier",2,2945480.98099214,1904540.39743406,41.87103965,-87.78416997,,Urban,1,N,(N/A),Y,(N/A)
2021,2021-06-03,Thursday,08,08:00 AM,Property Damage,No Injuries,0,0,0,0,0,2,Angle,15,N,N,Failing to Yield Right of Way,Disregarding Stop Sign,Daylight,Clear,Unknown,Y,,,,,Stop Sign,Unknown,N,2,41.8670063,-87.7925877,ok,(UNK),1,2103215,2021,,2,23,50000 and OVER,9,4295,Oak Park,C,Urban Local Road or Street,,16,3,11307691,6,Cook,0,21,,,4,N,No,Free Flow,202101168756,City,1,0,N,,,,(UNK),263704,(N/A),(UNK),Unknown,99,9,Local Road or Street,7,,X002259982,Not Toll,73,2,9,Not Divided,1,2943230.51464557,1903004.20690272,41.86699848,-87.79258189,,Urban,1,N,(N/A),N,(N/A)
2021,2021-06-03,Thursday,21,09:02 PM,Property Damage,No Injuries,0,0,0,0,0,3,Front to Rear,11,N,N,Failing to Reduce Speed to Avoid Crash,Unable to Determine,Darkness / Lighted Road,Clear,Dry,N,,,,,Traffic Signal,Functioning Properly,Y,2,41.8800063,-87.7844035,ok,(UNK),1,2103229,2021,,28,18,50000 and OVER,9,4295,Oak Park,C,Urban Minor Arterial,,16,3,11307692,6,Cook,0,21,,,4,N,No,Free Flow,202101168757,City,5,1.52,N,,,,(UNK),263705,(N/A),(UNK),No Defects,1,1,Minor Arterial,4,2783,X002259983,Not Toll,73,3,4,Not Divided,1,2945328.28328655,1907803.43317778,41.87999847,-87.78439772,,Urban,1,N,(N/A),Y,(N/A)
2021,2021-06-03,Thursday,16,04:21 PM,Injury,B Injury Crash,1,0,0,1,0,2,Front to Rear,11,N,N,Following Too Closely,Failing to Reduce Speed to Avoid Crash,Daylight,Clear,Dry,N,,,,,No Controls,No Controls,Y,2,41.8721368,-87.7952658,ok,(UNK),1,2103222,2021,,3,28,50000 and OVER,9,4295,Oak Park,C,Urban Local Road or Street,,16,3,11307707,6,Cook,2,21,,,4,N,No,Slow,202101168768,City,1,0,N,,,,(UNK),263751,(N/A),(UNK),No Defects,1,1,Local Road or Street,7,,X002259977,Not Toll,73,1,1,Not Divided,1,2942449.33795821,1904853.68718388,41.87212901,-87.79525998,,Urban,1,N,(N/A),Y,(N/A)
2021,2021-09-05,Sunday,08,08:40 AM,Property Damage,No Injuries,0,0,0,0,0,2,Front to Rear,11,N,N,Failing to Reduce Speed to Avoid Crash,Following Too Closely,Darkness / Lighted Road,Clear,Dry,N,,,,,Other,Functioning Properly,N,2,41.873735,-87.804048,ok,Partial Access Control,3,03-21-13011,2021,,28,3,50000 and OVER,9,4295,Oak Park,C,Urban InterState,,16,5,11427714,9,Cook,0,21,,,7,N,No,(UNK),202101282790,ISP,5,21.6,Y,,,,(UNK),264105,(N/A),(UNK),No Defects,1,1,InterState,1,9290,X002363662,Not Toll,73,13,4,Divided With Median Barrier,3,2940041.27227497,1905370.06702341,41.87372711,-87.80404216,,Urban,1,N,(N/A),Y,(N/A)
2021,2021-09-04,Saturday,16,04:30 PM,Injury,B Injury Crash,2,0,0,1,1,4,Front to Rear,11,N,N,Failing to Reduce Speed to Avoid Crash,Improper Overtaking/Passing,Daylight,Clear,Dry,Y,,,,,Traffic Signal,Functioning Properly,Y,3,41.87231,-87.8044659,ok,(UNK),1,2105457,2021,,28,4,50000 and OVER,9,4295,Oak Park,C,Urban Other Principal Arte,,16,4,11426330,9,Cook,2,21,,,6,N,No,Stopped,202101281693,City,1,25.52,Y,,,,(UNK),264229,(N/A),(UNK),No Defects,1,1,Other Principal Arterial,3,5043,X002361886,Not Toll,73,3,4,"Divided, No Median Barrier",2,2939941.73917192,1904847.66118026,41.87230217,-87.8044601,,Urban,1,N,(N/A),Y,(N/A)
2021,2021-08-30,Monday,15,03:00 PM,Property Damage,No Injuries,0,0,0,0,0,2,Front to Rear,11,N,N,Following Too Closely,Failing to Reduce Speed to Avoid Crash,Daylight,Clear,Dry,N,,,,,Traffic Signal,Functioning Properly,Y,2,41.873373,-87.8033095,ok,Partial Access Control,3,03-21-12692,2021,,3,28,50000 and OVER,9,4295,Oak Park,C,Urban InterState,,16,30,11426371,8,Cook,0,21,,,1,N,No,(UNK),202101281756,ISP,1,7.76,Y,,,,(UNK),264443,(N/A),(UNK),No Defects,1,1,InterState,1,290,X002362930,Not Toll,,3,4,Ramp,11,2940246.04698136,1905243.70334371,41.87336515,-87.80330367,,Urban,1,N,(N/A),Y,(N/A)
2021,2021-11-16,Tuesday,10,10:50 AM,Property Damage,No Injuries,0,0,0,0,0,2,Sideswipe Same Direction,12,N,N,Improper Lane Usage,Failing to Reduce Speed to Avoid Crash,Daylight,Clear,Dry,N,,,,,No Controls,No Controls,N,2,41.8724784,-87.7921765,ok,Partial Access Control,3,03-21-17112,2021,,20,28,50000 and OVER,9,4295,Oak Park,C,Urban InterState,,16,16,11523229,11,Cook,0,21,,,2,N,No,(UNK),202101371634,ISP,1,22.17,Y,,,,(UNK),265167,(N/A),(UNK),No Defects,1,1,InterState,1,9290,X002445162,Not Toll,73,1,1,Divided With Median Barrier,3,2943287.32041883,1905001.41460091,41.87247052,-87.79217073,,Urban,1,N,(N/A),Y,(N/A)
2021,2021-09-05,Sunday,15,03:27 PM,Property Damage,No Injuries,0,0,0,0,0,4,Angle,15,N,N,Failing to Yield Right of Way,Unable to Determine,Daylight,Clear,Dry,N,,,,,No Controls,No Controls,N,2,41.9001493,-87.7776075,ok,(UNK),1,2105472,2021,,2,18,50000 and OVER,9,4295,Oak Park,C,Urban Local Road or Street,,16,5,11427135,9,Cook,0,21,,,7,N,No,Free Flow,202101282080,City,1,0.14,N,,,,(UNK),265863,(N/A),(UNK),No Defects,1,1,Local Road or Street,7,3110,X002363084,Not Toll,73,1,1,Four Way,14,2946974.62179017,1915195.41456763,41.90014149,-87.7776017,,Urban,1,N,(N/A),Y,(N/A)
2021,2021-09-07,Tuesday,14,02:57 PM,Injury,B Injury Crash,1,0,0,1,0,1,Pedestrian,1,Y,N,Failing to Yield Right of Way,Unable to Determine,Daylight,Rain,Wet,Y,,,,,Traffic Signal,Functioning Properly,N,1,41.8886478,-87.7945158,ok,(UNK),1,2105511,2021,,2,18,50000 and OVER,9,4295,Oak Park,C,Urban Major Collector,,16,7,11427148,9,Cook,2,21,,,2,N,No,Free Flow,202101282083,City,1,0,N,,,,(UNK),265864,(N/A),(UNK),No Defects,1,2,Major Collector,5,,X002363087,Not Toll,73,3,4,Four Way,14,2942487.21505209,1910876.24361126,41.88864,-87.79451,,Urban,2,N,(N/A),Y,(N/A)
2021,2021-09-07,Tuesday,15,03:39 PM,Property Damage,No Injuries,0,0,0,0,0,2,Turning,10,N,N,Failing to Yield Right of Way,Failing to Reduce Speed to Avoid Crash,Daylight,Rain,Wet,Y,,,,,Stop Sign,Functioning Properly,N,2,41.8762969,-87.7831065,ok,(UNK),1,2105514,2021,,2,28,50000 and OVER,9,4295,Oak Park,C,Urban Local Road or Street,,16,7,11427156,9,Cook,0,21,,,2,N,No,Free Flow,202101282084,City,1,0,N,,,,(UNK),265865,(N/A),(UNK),No Defects,1,2,Local Road or Street,7,,X002363092,Not Toll,73,2,4,Not Divided,1,2945719.08527863,1906461.45988525,41.87628904,-87.78310067,,Urban,2,N,(N/A),Y,(N/A)
2021,2021-09-07,Tuesday,16,04:25 PM,Property Damage,No Injuries,0,0,0,0,0,2,Angle,15,N,N,Failing to Yield Right of Way,Failing to Reduce Speed to Avoid Crash,Daylight,Cloudy/Overcast,Wet,Y,,,,,Stop Sign,Functioning Properly,N,2,41.8763398,-87.7794547,ok,(UNK),1,2105519,2021,,2,28,50000 and OVER,9,4295,Oak Park,C,Urban Minor Collector,,16,7,11427160,9,Cook,0,21,,,2,N,No,Free Flow,202101282086,City,1,0,N,,,,(UNK),265866,(N/A),(UNK),No Defects,1,2,Minor Collector,6,,X002363106,Not Toll,73,2,4,Not Divided,1,2946713.21728604,1906504.76758163,41.87633199,-87.77944894,,Urban,8,N,(N/A),Y,(N/A)
2021,2021-09-07,Tuesday,18,06:30 PM,Property Damage,No Injuries,0,0,0,0,0,1,Parked Motor Vehicle,9,N,N,Failing to Reduce Speed to Avoid Crash,Unable to Determine,Daylight,Clear,Dry,N,,,,,No Controls,No Controls,N,2,41.894256,-87.7865143,ok,(UNK),1,2105527,2021,,28,18,50000 and OVER,9,4295,Oak Park,C,Urban Local Road or Street,,16,7,11427163,9,Cook,0,21,,,2,N,No,Slow,202101282090,City,1,0.65,N,,,,(UNK),265938,(N/A),(UNK),No Defects,1,1,Local Road or Street,7,2643,X002363117,Not Toll,73,1,1,Not Divided,1,2944609.31180814,1912980.31467416,41.89424811,-87.78650854,,Urban,1,N,(N/A),Y,(N/A)
2021,2021-09-07,Tuesday,16,04:17 PM,Property Damage,No Injuries,0,0,0,0,0,4,Angle,15,N,N,Failing to Reduce Speed to Avoid Crash,(N/A),Daylight,Clear,Dry,Y,,,,,Stop Sign,Functioning Properly,N,2,41.9072885,-87.7872854,ok,(UNK),1,2105518,2021,,28,99,50000 and OVER,9,4295,Oak Park,C,Urban Local Road or Street,,16,7,11427179,9,Cook,0,21,,,2,N,No,Free Flow,202101282103,City,1,0,N,,,,(UNK),265990,(N/A),(UNK),No Defects,1,1,Local Road or Street,7,,X002363104,Not Toll,73,2,4,Not Divided,1,2944267.57078625,1917723.80665361,41.90728067,-87.78727961,,Urban,1,N,(N/A),Y,(N/A)
2021,2021-08-30,Monday,07,07:21 AM,Property Damage,No Injuries,0,0,0,0,0,2,Front to Rear,11,N,N,Failing to Reduce Speed to Avoid Crash,(N/A),Daylight,Clear,Dry,N,,,,,Other Regualtory Sig,Functioning Properly,N,2,41.8736273,-87.8028476,ok,Partial Access Control,3,03-21-12641,2021,,28,99,50000 and OVER,9,4295,Oak Park,C,Urban InterState,,16,30,11428107,8,Cook,0,21,,,1,N,No,(UNK),202101283216,ISP,1,21.66,Y,,,,(UNK),266030,(N/A),(UNK),No Defects,1,1,InterState,1,9290,X002364027,Not Toll,73,10,4,Divided With Median Barrier,3,2940369.29106862,1905339.83298119,41.87361943,-87.8028418,,Urban,1,N,(N/A),Y,(N/A)
2021,2021-06-05,Saturday,16,04:26 PM,Injury,B Injury Crash,1,0,0,1,0,1,Pedalcyclist,2,N,Y,Failing to Yield Right of Way,(N/A),Daylight,Clear,Dry,Y,,,,,Traffic Signal,Functioning Properly,N,1,41.8883279,-87.7846957,ok,(UNK),1,2103283,2021,,2,99,50000 and OVER,9,4295,Oak Park,C,Urban Major Collector,,16,5,11309355,6,Cook,2,21,,,6,N,No,Slow,202101170583,City,1,0,N,,,,(UNK),266513,(N/A),(UNK),No Defects,1,1,Major Collector,5,,X002263194,Not Toll,73,3,4,Four Way,14,2945164.49972375,1910833.75321068,41.88832002,-87.78468988,,Urban,1,N,(N/A),Y,(N/A)
2021,2021-06-04,Friday,15,03:50 PM,Property Damage,No Injuries,0,0,0,0,0,2,Sideswipe Same Direction,12,N,N,Improper Lane Usage,Failing to Reduce Speed to Avoid Crash,Daylight,Clear,Dry,N,,,,,No Controls,No Controls,N,2,41.8650851,-87.8042175,ok,(UNK),1,2103253,2021,,20,28,50000 and OVER,9,4295,Oak Park,C,Urban Other Principal Arte,,16,4,11309358,6,Cook,0,21,,,5,N,No,Free Flow,202101170586,City,1,20.69,Y,,,,(UNK),266514,(N/A),(UNK),No Defects,1,1,Other Principal Arterial,3,348,X002263201,Not Toll,73,1,1,"Divided, No Median Barrier",2,2940081.88304992,1902216.65060284,41.86507729,-87.80421174,,Urban,1,N,(N/A),Y,(N/A)
2021,2021-06-05,Saturday,14,02:32 PM,Property Damage,No Injuries,0,0,0,0,0,2,Angle,15,N,N,Operating Vehicle In Reckless Manner,(N/A),Daylight,Clear,Dry,N,,,,,Traffic Signal,Functioning Properly,Y,2,41.8652629,-87.7881099,ok,(UNK),1,2103281,2021,,50,99,50000 and OVER,9,4295,Oak Park,C,Urban Other Principal Arte,,16,5,11309361,6,Cook,0,21,,,6,N,No,Stopped,202101170588,City,1,6.82,Y,,,,(UNK),266561,(N/A),(UNK),No Defects,1,1,Other Principal Arterial,3,347,X002263205,Not Toll,52,3,4,Not Divided,1,2944467.85142815,1902402.64115655,41.86525502,-87.78810411,,Urban,1,N,(N/A),Y,(N/A)
2021,2021-06-04,Friday,12,12:51 PM,Property Damage,No Injuries,0,0,0,0,0,2,Fixed Object,6,N,N,Improper Overtaking/Passing,Unable to Determine,Daylight,Clear,Dry,N,,,,,Other,Functioning Properly,Y,1,41.8763278,-87.7804815,ok,(UNK),1,2103245,2021,,4,18,50000 and OVER,9,4295,Oak Park,C,Urban Local Road or Street,,16,4,11309364,6,Cook,0,21,TREE,TREE,5,N,Yes,Free Flow,202101170590,City,1,0.75,N,,,,(UNK),266562,(N/A),(UNK),No Defects,1,1,Local Road or Street,7,4025,X002263208,Not Toll,73,13,4,Divided With Median Barrier,3,2946433.68593763,1906492.5910536,41.87631992,-87.78047574,,Urban,1,N,(N/A),Y,(N/A)
2021,2021-06-04,Friday,17,05:02 PM,Property Damage,No Injuries,0,0,0,0,0,5,Angle,15,N,N,Failing to Yield Right of Way,Unable to Determine,Daylight,Clear,Dry,N,,,,,Stop Sign,Functioning Properly,Y,2,41.8669858,-87.7938257,ok,(UNK),1,2103255,2021,,2,18,50000 and OVER,9,4295,Oak Park,C,Urban Major Collector,,16,4,11309367,6,Cook,0,21,,,5,N,No,Slow,202101170593,City,1,0,N,,,,(UNK),266563,(N/A),(UNK),No Defects,1,1,Major Collector,5,,X002263211,Not Toll,73,2,4,Not Divided,1,2942893.48011296,1902987.38549354,41.86697792,-87.79381995,,Urban,1,N,(N/A),Y,(N/A)
2021,2021-06-04,Friday,12,12:28 PM,Property Damage,No Injuries,0,0,0,0,0,2,Pedalcyclist,2,N,Y,Failing to Yield Right of Way,Failing to Reduce Speed to Avoid Crash,Daylight,Clear,Dry,N,,,,,No Controls,No Controls,Y,1,41.87811,-87.7824508,ok,(UNK),1,2103243,2021,,2,28,50000 and OVER,9,4295,Oak Park,C,Urban Local Road or Street,,16,4,11309424,6,Cook,0,21,,,5,N,No,Free Flow,202101170667,City,1,0.66,N,,,,(UNK),266743,(N/A),(UNK),No Defects,1,1,Local Road or Street,7,4011,X002263199,Not Toll,73,1,1,Not Divided,1,2945879.2928099,1907127.14747055,41.87810213,-87.78244501,,Urban,1,N,(N/A),Y,(N/A)
2021,2021-10-25,Monday,13,01:16 PM,Property Damage,No Injuries,0,0,0,0,0,2,Front to Rear,11,N,N,Following Too Closely,(N/A),Daylight,Cloudy/Overcast,Dry,N,,,,,No Controls,No Controls,N,2,41.8864797,-87.8049432,ok,(UNK),1,21-03204,2021,,3,99,50000 and OVER,9,4295,Oak Park,C,Urban Other Principal Arte,,16,25,11524040,10,Cook,0,21,,,1,N,No,Free Flow,202101372459,City,1,19.21,Y,,,,(UNK),267004,(N/A),(UNK),No Defects,1,1,Other Principal Arterial,3,348,X002445917,Not Toll,73,1,1,"Divided, No Median Barrier",2,2939669.56048342,1910007.77742239,41.88647188,-87.80493742,,Urban,8,N,(N/A),Y,(N/A)
2021,2021-10-31,Sunday,12,12:50 PM,Property Damage,No Injuries,0,0,0,0,0,2,Turning,10,N,N,Driving Skills/Knowledge/Experience,(N/A),Daylight,Clear,Dry,Y,,,,,No Controls,No Controls,Y,2,41.87231,-87.8044679,ok,(UNK),1,21-03262,2021,,15,99,50000 and OVER,9,4295,Oak Park,C,Urban Other Principal Arte,,16,31,11524041,10,Cook,0,21,,,7,N,No,Stopped,202101372460,City,1,25.52,Y,,,,(UNK),267045,(N/A),(UNK),No Defects,1,1,Other Principal Arterial,3,5043,X002445918,Not Toll,73,1,1,"Divided, No Median Barrier",2,2939941.19600274,1904847.64708547,41.87230218,-87.80446209,,Urban,1,N,(N/A),Y,(N/A)
2021,2021-11-17,Wednesday,08,08:33 AM,Injury,C Injury Crash,3,0,0,0,3,1,Front to Rear,11,N,N,Distraction - From Inside Vehicle,Failing to Reduce Speed to Avoid Crash,Daylight,Cloudy/Overcast,Wet,N,,,,,Traffic Signal,Functioning Properly,N,3,41.8797252,-87.7944568,ok,(UNK),1,2107178,2021,,41,28,50000 and OVER,9,4295,Oak Park,C,Urban Minor Arterial,,16,17,11524070,11,Cook,1,21,,,3,N,Yes,Stopped,202101372487,City,1,3.59,N,,,,(UNK),267188,(N/A),(UNK),No Defects,1,2,Minor Arterial,4,1419,X002445945,Not Toll,73,3,4,Two-way Continuous Left-Tur,4,2942593.20463393,1907625.12472009,41.87971739,-87.79445103,,Urban,8,N,(N/A),Y,(N/A)