crash_year,crash_date,day_of_week,crash_hour,time_of_crash,crash_severity,crash_injury_severity,total_injured,total_fatals,a_injuries,b_injuries,c_injuries,no_injuries,type_of_first_crash,collision_type_code,pedestrian_involved,pedalcyclist_involved,cause1,cause2,lighting_cond,weather_cond,road_surface_cond,intersection_related,is_intersection,highway_or_street_name,at_intersection_with,address_no,traffic_control_device,traffic_control_device_cond,hit_and_run,number_of_vehicles,latitude,longitude,location_status,access_control,agency_code,agency_report_number,agency_report_year,alignment_code,cause1_code,cause2_code,city_class,city_class_code,city_code,city_name,city_township_flag,class_of_trafficway,class_of_trafficway_code,county_code,crash_day,crash_id,crash_month,crash_report_county,crash_severity_cd,crash_yr_source,damaged_property1,damaged_property2,day_of_week_code,did_crash_occur_in_work_zone,did_involve_secondary_crash,flow_condition,icn,investigating_agency_descrip,light_condition_code,mile_station,nhs,non_intersection_direction,non_intersection_distance,non_intersection_units,number_of_lanes,objectid,railroad_crossing_number,road_alignment,road_defects,road_defects_code,road_surface_condition_code,roadway_functional_class,roadway_functional_class_code,route_number,sfe,toll,township,traffic_control_device_code,traffic_control_device_cond_code,trafficway_descrip,trafficway_description_code,ts_crash_coordinate_x,ts_crash_coordinate_y,ts_crash_latitude,ts_crash_longitude,type_report,urban_rural,weather_code,were_workers_present,work_zone,work_zone_related,work_zone_type
2021,2021-11-16,Tuesday,18,06:15 PM,Property Damage,No Injuries,0,0,0,0,0,3,Sideswipe Same Direction,12,N,N,Improper Lane Usage,(N/A),Darkness / Lighted Road,Unknown,Unknown,N,,,,,Traffic Signal,Functioning Properly,N,2,41.8814559,-87.8023779,ok,(UNK),1,2107201,2021,,20,99,50000 and OVER,9,4295,Oak Park,C,Urban Major Collector,,16,16,11524075,11,Cook,0,21,,,2,N,No,(UNK),202101372492,City,5,0.12,N,,,,(UNK),267189,(N/A),(UNK),Unknown,99,9,Major Collector,5,5,X002445950,Not Toll,73,3,4,"Divided, No Median Barrier",2,2940418.60538052,1908196.2483849,41.88144805,-87.80237205,,Urban,9,N,(N/A),N,(N/A)
2021,2021-11-18,Thursday,08,08:37 AM,Property Damage,No Injuries,0,0,0,0,0,1,Fixed Object,6,N,N,Failing to Reduce Speed to Avoid Crash,Unable to Determine,Daylight,Clear,Dry,Y,,,,,Traffic Signal,Functioning Properly,N,1,41.8885679,-87.8050256,ok,(UNK),1,2107198,2021,,28,18,50000 and OVER,9,4295,Oak Park,C,Urban Other Principal Arte,,16,18,11524078,11,Cook,0,21,STREET LIGHT POLE,,4,N,No,Slow,202101372495,City,1,26.64,Y,,,,(UNK),267191,(N/A),(UNK),No Defects,1,1,Other Principal Arterial,3,5043,X002445952,Not Toll,73,3,4,Not Divided,1,2939626.17453892,1910768.11142623,41.88856001,-87.8050198,,Urban,1,N,(N/A),Y,(N/A)
2021,2021-11-17,Wednesday,11,11:03 AM,Property Damage,No Injuries,0,0,0,0,0,2,Front to Rear,11,N,N,Failing to Reduce Speed to Avoid Crash,Following Too Closely,Daylight,Rain,Wet,N,,,,,Traffic Signal,Functioning Properly,N,2,41.8906893,-87.8051165,ok,(UNK),1,2101231,2021,,28,3,50000 and OVER,9,4295,Oak Park,C,Urban Other Principal Arte,,16,17,11524079,11,Cook,0,21,,,3,N,No,Free Flow,202101372496,City,1,18.91,Y,,,,(UNK),267192,(N/A),(UNK),No Defects,1,2,Other Principal Arterial,3,348,X002445953,Not Toll,73,3,4,Four Way,14,2939580.14467966,1911540.50792328,41.89068141,-87.80511066,,Urban,2,N,(N/A),Y,(N/A)
2021,2021-06-08,Tuesday,10,10:13 AM,Property Damage,No Injuries,0,0,0,0,0,3,Front to Rear,11,N,N,Failing to Reduce Speed to Avoid Crash,(N/A),Daylight,Clear,Dry,N,,,,,No Controls,No Controls,N,2,41.8818071,-87.8048016,ok,(UNK),1,21-01710,2021,,28,99,50000 and OVER,9,4295,Oak Park,C,Urban Other Principal Arte,,16,8,11309561,6,Cook,0,21,,,2,N,No,Stopped,202101170903,City,1,19.53,Y,,,,(UNK),267305,(N/A),(UNK),No Defects,1,1,Other Principal Arterial,3,348,X002263526,Not Toll,73,1,1,Not Divided,1,2939755.02053992,1908306.03660243,41.88179922,-87.80479578,,Urban,1,N,(N/A),Y,(N/A)
2021,2021-06-08,Tuesday,17,05:09 PM,Property Damage,No Injuries,0,0,0,0,0,2,Front to Rear,11,N,N,Following Too Closely,Failing to Reduce Speed to Avoid Crash,Daylight,Clear,Dry,N,,,,,Delineators,Functioning Properly,N,2,41.871959,-87.7843162,ok,Partial Access Control,3,03-21-07957,2021,,3,28,50000 and OVER,9,4295,Oak Park,C,Urban InterState,,16,8,11310117,6,Cook,0,21,,,2,N,No,(UNK),202101171672,ISP,1,22.58,Y,,,,(UNK),267659,(N/A),(UNK),No Defects,1,1,InterState,1,9290,X002264019,Not Toll,73,14,4,Divided With Median Barrier,3,2945433.5,1904871.5,41.87195115,-87.78431043,,Urban,1,N,(N/A),Y,(N/A)
2021,2021-08-22,Sunday,22,10:12 PM,Property Damage,No Injuries,0,0,0,0,0,4,Turning,10,N,N,Improper Turning/No Signal,Improper Turning/No Signal,Darkness / Lighted Road,Clear,Dry,N,,,,,No Controls,No Controls,N,2,41.8800414,-87.782067,ok,(UNK),1,2105144,2021,,6,6,50000 and OVER,9,4295,Oak Park,C,Urban Minor Arterial,,16,22,11429326,8,Cook,0,21,,,7,N,No,Free Flow,202101284554,City,5,4.25,N,,,,(UNK),268420,(N/A),(UNK),No Defects,1,1,Minor Arterial,4,1419,X002364451,Not Toll,73,1,1,Not Divided,1,2945964.26000177,1907833.89455364,41.88003354,-87.78206119,,Urban,1,N,(N/A),Y,(N/A)
2021,2021-09-09,Thursday,12,12:20 PM,Property Damage,No Injuries,0,0,0,0,0,2,Angle,15,N,N,Failing to Reduce Speed to Avoid Crash,(N/A),Daylight,Clear,Dry,Y,,,,,Stop Sign,Functioning Properly,N,2,41.8686697,-87.8018809,ok,(UNK),1,2105564,2021,,28,99,50000 and OVER,9,4295,Oak Park,C,Urban Local Road or Street,,16,9,11429333,9,Cook,0,21,,,4,N,No,Free Flow,202101284561,City,1,0,N,,,,(UNK),268422,(N/A),(UNK),No Defects,1,1,Local Road or Street,7,,X002365112,Not Toll,73,2,4,Not Divided,1,2940682.37247301,1903540.46007924,41.86866185,-87.80187515,,Urban,1,N,(N/A),Y,(N/A)
2021,2021-12-31,Friday,23,11:21 PM,Injury,B Injury Crash,4,0,0,4,0,1,Sideswipe Same Direction,12,N,N,Improper Lane Usage,Failing to Reduce Speed to Avoid Crash,Darkness / Lighted Road,Clear,Dry,N,,,,,Other,Functioning Properly,Y,2,41.8730416,-87.7998622,ok,Partial Access Control,3,03-21-19549,2021,,20,28,50000 and OVER,9,4295,Oak Park,C,Urban InterState,,16,31,11597015,12,Cook,2,21,,,5,N,No,(UNK),202101430118,ISP,5,7.92,Y,,,,(UNK),268692,(N/A),(UNK),No Defects,1,1,InterState,1,290,X002509930,Not Toll,,13,4,Divided With Median Barrier,3,2941188.29561432,1905148.81595089,41.87303374,-87.79985643,,Urban,1,N,(N/A),Y,(N/A)
2021,2021-06-07,Monday,21,09:55 PM,Property Damage,No Injuries,0,0,0,0,0,2,Front to Rear,11,N,N,Improper Turning/No Signal,Unable to Determine,Darkness,Clear,Dry,N,,,,,No Controls,No Controls,N,2,41.8650432,-87.8031473,ok,(UNK),1,21-04991,2021,,6,18,50000 and OVER,9,4295,Oak Park,C,Urban Other Principal Arte,,16,7,11310324,6,Cook,0,21,,,1,N,No,Free Flow,202101171868,City,4,6.04,Y,,,,(UNK),268771,(N/A),(UNK),No Defects,1,1,Other Principal Arterial,3,347,X002264216,Not Toll,73,1,1,Not Divided,1,2940373.83368063,1902209.38495233,41.86503532,-87.80314152,,Urban,1,N,(N/A),Y,(N/A)
2021,2021-06-08,Tuesday,20,08:30 PM,Property Damage,No Injuries,0,0,0,0,0,2,Sideswipe Same Direction,12,N,N,Improper Turning/No Signal,Improper Lane Usage,Daylight,Clear,Dry,Y,,,,,Traffic Signal,Functioning Properly,N,2,41.8736415,-87.8045248,ok,Partial Access Control,1,21-01718,2021,,6,20,50000 and OVER,9,4295,Oak Park,C,Urban InterState,,16,8,11310326,6,Cook,0,21,,,2,N,No,Slow,202101171870,City,1,25.61,Y,,,,(UNK),268773,(N/A),(UNK),No Defects,1,1,InterState,1,5043,X002264218,Not Toll,73,3,4,"Divided, No Median Barrier",2,2939912.32397632,1905332.43481318,41.87363366,-87.80451904,,Urban,1,N,(N/A),Y,(N/A)
2021,2021-06-08,Tuesday,16,04:58 PM,Property Damage,No Injuries,0,0,0,0,0,2,Turning,10,N,N,Failing to Yield Right of Way,Unable to Determine,Daylight,Clear,Dry,N,,,,,No Controls,No Controls,N,2,41.8828244,-87.8048399,ok,(UNK),1,21-01714,2021,,2,18,50000 and OVER,9,4295,Oak Park,C,Urban Other Principal Arte,,16,8,11310328,6,Cook,0,21,,,2,N,No,Slow,202101171871,City,1,19.46,Y,,,,(UNK),268774,(N/A),(UNK),No Defects,1,1,Other Principal Arterial,3,348,X002264220,Not Toll,73,1,1,Divided With Median Barrier,3,2939734.38566398,1908676.48264635,41.88281655,-87.80483406,,Urban,1,N,(N/A),Y,(N/A)
2021,2021-11-18,Thursday,15,03:28 PM,Property Damage,No Injuries,0,0,0,0,0,5,Angle,15,N,N,Failing to Yield Right of Way,Failing to Reduce Speed to Avoid Crash,Daylight,Clear,Dry,Y,,,,,Stop Sign,Functioning Properly,N,2,41.8917912,-87.7799066,ok,(UNK),1,2107213,2021,,2,28,50000 and OVER,9,4295,Oak Park,C,Urban Local Road or Street,,16,18,11524410,11,Cook,0,21,,,4,N,No,Free Flow,202101372871,City,1,0,N,,,,(UNK),269053,(N/A),(UNK),No Defects,1,1,Local Road or Street,7,,X002446208,Not Toll,73,2,4,Not Divided,1,2946433.45907284,1912132.1186837,41.89178337,-87.77990081,,Urban,1,N,(N/A),Y,(N/A)
2021,2021-11-19,Friday,16,04:52 PM,Property Damage,No Injuries,0,0,0,0,0,1,Parked Motor Vehicle,9,N,N,Failing to Reduce Speed to Avoid Crash,Equipment-Vehicle Condition,Darkness / Lighted Road,Clear,Dry,N,,,,,No Controls,No Controls,N,2,41.8703633,-87.7939248,ok,(UNK),1,2107249,2021,,28,10,50000 and OVER,9,4295,Oak Park,C,Urban Major Collector,,16,19,11525331,11,Cook,0,21,,,5,N,No,Free Flow,202101373808,City,5,6.81,N,,,,(UNK),269133,(N/A),(UNK),No Defects,1,1,Major Collector,5,2775,X002447123,Not Toll,73,1,1,"Divided, No Median Barrier",2,2942832.46304002,1904217.48717185,41.87035549,-87.79391899,,Urban,1,N,(N/A),Y,(N/A)
2021,2021-09-08,Wednesday,18,06:53 PM,Property Damage,No Injuries,0,0,0,0,0,2,Front to Rear,11,N,N,Following Too Closely,Failing to Reduce Speed to Avoid Crash,Daylight,Clear,Dry,N,,,,,Other Warning Sign,Functioning Properly,N,2,41.8723915,-87.7895472,ok,Partial Access Control,3,03-21-13162,2021,,3,28,50000 and OVER,9,4295,Oak Park,C,Urban InterState,,16,8,11428700,9,Cook,0,21,,,3,N,No,(UNK),202101283871,ISP,1,22.31,Y,,,,(UNK),269378,(N/A),(UNK),No Defects,1,1,InterState,1,9290,X002364505,Not Toll,73,11,4,Divided With Median Barrier,3,2944004.35429789,1904989.58252314,41.87238363,-87.7895414,,Urban,1,N,(N/A),Y,(N/A)
2021,2021-06-07,Monday,17,05:04 PM,Property Damage,No Injuries,0,0,0,0,0,3,Turning,10,N,N,Improper Overtaking/Passing,(N/A),Daylight,Cloudy/Overcast,Dry,N,,,,,No Controls,No Controls,N,2,41.8870365,-87.782437,ok,(UNK),1,2103332,2021,,4,99,50000 and OVER,9,4295,Oak Park,C,Urban Local Road or Street,,16,7,11311420,6,Cook,0,21,,,1,N,No,(UNK),202101172620,City,1,1.12,N,,,,(UNK),270052,(N/A),(UNK),No Defects,1,1,Local Road or Street,7,3036,X002264436,Not Toll,73,1,1,Not Divided,1,2945792.61721433,1910380.22820275,41.88702861,-87.78243125,,Urban,8,N,(N/A),Y,(N/A)
2021,2021-06-07,Monday,06,06:33 AM,Injury,B Injury Crash,1,0,0,1,0,1,Turning,10,N,N,Failing to Yield Right of Way,Unable to Determine,Daylight,Cloudy/Overcast,Dry,Y,,,,,No Controls,No Controls,Y,2,41.9089287,-87.7997793,ok,(UNK),1,2103311,2021,,2,18,50000 and OVER,9,4295,Oak Park,C,Urban Other Principal Arte,,16,7,11311421,6,Cook,2,21,TREE/PARKING METER,BUILDING/FENCE,1,N,Yes,Free Flow,202101172621,City,1,0,Y,,,,(UNK),270079,(N/A),(UNK),No Defects,1,1,Other Principal Arterial,3,2693,X002264437,Not Toll,73,1,1,Divided With Median Barrier,3,2940849.94596167,1918227.38252432,41.90892087,-87.79977348,,Urban,8,N,(N/A),Y,(N/A)
2021,2021-11-19,Friday,11,11:40 AM,Property Damage,No Injuries,0,0,0,0,0,2,Parked Motor Vehicle,9,N,N,Failing to Reduce Speed to Avoid Crash,Improper Lane Usage,Daylight,Clear,Dry,N,,,,,No Controls,No Controls,N,2,41.8683021,-87.8043219,ok,(UNK),1,21-03447,2021,,28,20,50000 and OVER,9,4295,Oak Park,C,Urban Other Principal Arte,,16,19,11525546,11,Cook,0,21,,,5,N,No,Free Flow,202101374013,City,1,20.47,Y,,,,(UNK),270273,(N/A),(UNK),No Defects,1,1,Other Principal Arterial,3,348,X002447329,Not Toll,73,1,1,Not Divided,1,2940021.1712881,1903388.20040019,41.8682943,-87.80431612,,Urban,1,N,(N/A),Y,(N/A)
2021,2021-06-09,Wednesday,12,12:20 PM,Property Damage,No Injuries,0,0,0,0,0,3,Turning,10,N,N,Improper Lane Usage,Improper Turning/No Signal,Daylight,Clear,Dry,Y,,,,,Traffic Signal,Functioning Properly,N,2,41.8650279,-87.8042158,ok,(UNK),1,21-01723,2021,,20,6,50000 and OVER,9,4295,Oak Park,C,Urban Other Principal Arte,,16,9,11311658,6,Cook,0,21,,,3,N,No,Free Flow,202101172960,City,1,25.01,Y,,,,(UNK),270858,(N/A),(UNK),No Defects,1,1,Other Principal Arterial,3,5043,X002264940,Not Toll,52,3,4,"Divided, No Median Barrier",2,2940082.9290825,1902195.82015219,41.86502009,-87.80421,,Urban,1,N,(N/A),Y,(N/A)
2021,2021-11-18,Thursday,08,08:52 AM,Property Damage,No Injuries,0,0,0,0,0,2,Front to Rear,11,N,N,Failing to Reduce Speed to Avoid Crash,(N/A),Daylight,Clear,Dry,N,,,,,Other Regualtory Sig,Functioning Properly,N,2,41.8725839,-87.7950769,ok,Partial Access Control,3,03-21-17221,2021,,28,99,50000 and OVER,9,4295,Oak Park,C,Urban InterState,,16,18,11524864,11,Cook,0,21,,,4,N,No,(UNK),202101373365,ISP,1,8.14,Y,,,,(UNK),270891,(N/A),(UNK),No Defects,1,1,InterState,1,290,X002446670,Not Toll,,10,4,Divided With Median Barrier,3,2942496.27341356,1905018.03220664,41.87257608,-87.79507113,,Urban,1,N,(N/A),Y,(N/A)
2021,2021-11-20,Saturday,14,02:08 PM,Property Damage,No Injuries,0,0,0,0,0,5,Turning,10,N,N,Disregarding Traffic Signals,Failing to Yield Right of Way,Daylight,Clear,Dry,Y,,,,,Traffic Signal,No Controls,N,3,41.8650281,-87.8042158,ok,(UNK),1,21-03464,2021,,25,2,50000 and OVER,9,4295,Oak Park,C,Urban Other Principal Arte,,16,20,11525790,11,Cook,0,21,,,6,N,Yes,Slow,202101374250,City,1,25.01,Y,,,,(UNK),271326,(N/A),(UNK),No Defects,1,1,Other Principal Arterial,3,5043,X002447569,Not Toll,52,3,1,"Divided, No Median Barrier",2,2940082.92652655,1902195.87105084,41.86502023,-87.80421001,,Urban,1,N,(N/A),Y,(N/A)
2021,2021-11-07,Sunday,17,05:00 PM,Property Damage,No Injuries,0,0,0,0,0,2,Front to Rear,11,N,N,Following Too Closely,Unable to Determine,Dusk,Unknown,Unknown,N,,,,,Traffic Signal,Functioning Properly,N,2,41.8651728,-87.7940793,ok,(UNK),1,22-01379,2022,,3,18,50000 and OVER,9,4295,Oak Park,C,Urban Other Principal Arte,,16,7,11656504,11,Cook,0,21,,,7,N,No,Free Flow,202101434243,City,3,6.51,Y,,,,(UNK),272324,(N/A),(UNK),No Defects,1,9,Other Principal Arterial,3,347,X002559333,Not Toll,52,3,4,"Divided, No Median Barrier",2,2942842.69094126,1902324.80117458,41.86516496,-87.79407347,,Urban,9,N,(N/A),Y,(N/A)
2021,2021-03-30,Tuesday,14,02:05 PM,Property Damage,No Injuries,0,0,0,0,0,3,Sideswipe Same Direction,12,N,N,Unable to Determine,Unable to Determine,Daylight,Clear,Dry,N,,,,,Traffic Signal,Functioning Properly,Y,2,41.8795289,-87.8047292,ok,(UNK),1,21-01024,2021,,18,18,50000 and OVER,9,4295,Oak Park,C,Urban Other Principal Arte,,16,30,11312983,3,Cook,0,21,,,2,N,No,Slow,202101174359,City,1,19.69,Y,,,,(UNK),272354,(N/A),(UNK),No Defects,1,1,Other Principal Arterial,3,348,X002266112,Not Toll,73,3,4,"Divided, No Median Barrier",2,2939797.5831656,1907476.38646107,41.87952109,-87.80472343,,Urban,1,N,(N/A),Y,(N/A)
2021,2021-06-09,Wednesday,12,12:10 PM,Property Damage,No Injuries,0,0,0,0,0,2,Angle,15,N,N,Disregarding Other Traffic Signs,Unable to Determine,Daylight,Clear,Dry,Y,,,,,Other Regualtory Sig,Functioning Properly,N,2,41.881577,-87.7926484,ok,(UNK),1,2103380,2021,,24,18,50000 and OVER,9,4295,Oak Park,C,Urban Major Collector,,16,9,11312542,6,Cook,0,21,,,3,N,No,Free Flow,202101173879,City,1,0,N,,,,(UNK),272717,(N/A),(UNK),No Defects,1,1,Major Collector,5,,X002265612,Not Toll,73,10,4,Not Divided,1,2943067.02620796,1908313.57667426,41.88156918,-87.79264263,,Urban,1,N,(N/A),Y,(N/A)
2021,2021-06-09,Wednesday,23,11:20 PM,Property Damage,No Injuries,0,0,0,0,0,2,Angle,15,N,N,Equipment-Vehicle Condition,Driving Skills/Knowledge/Experience,Darkness / Lighted Road,Clear,Dry,Y,,,,,Traffic Signal,Functioning Properly,N,2,41.8832478,-87.8048569,ok,(UNK),1,21-01729,2021,,10,15,50000 and OVER,9,4295,Oak Park,C,Urban Other Principal Arte,,16,9,11312221,6,Cook,0,21,,,3,N,No,Free Flow,202101173560,City,5,26.27,Y,,,,(UNK),273084,(N/A),(UNK),No Defects,1,1,Other Principal Arterial,3,5043,X002265456,Not Toll,73,3,4,"Divided, No Median Barrier",2,2939725.50763391,1908830.66229575,41.88323998,-87.80485106,,Urban,1,N,(N/A),Y,(N/A)
2021,2021-11-13,Saturday,19,07:00 PM,Property Damage,No Injuries,0,0,0,0,0,2,Front to Rear,11,N,N,Improper Overtaking/Passing,Failing to Reduce Speed to Avoid Crash,Darkness / Lighted Road,Clear,Dry,N,,,,,No Controls,No Controls,N,2,41.8729426,-87.7987956,ok,Partial Access Control,3,03-21-16948,2021,,4,28,50000 and OVER,9,4295,Oak Park,C,Urban InterState,,16,13,11525917,11,Cook,0,21,,,6,N,No,(UNK),202101374371,ISP,5,21.84,Y,,,,(UNK),273359,(N/A),(UNK),No Defects,1,1,InterState,1,9290,X002447693,Not Toll,,1,1,Divided With Median Barrier,3,2941479.80534438,1905120.76196299,41.87293476,-87.79878981,,Urban,1,N,(N/A),Y,(N/A)
2021,2021-11-20,Saturday,22,10:10 PM,Injury,C Injury Crash,1,0,0,0,1,0,Fixed Object,6,N,N,Evasive Action Due to Animal / Object / Non-Motorist,(N/A),Darkness / Lighted Road,Clear,Dry,N,,,,,No Controls,No Controls,N,1,41.8983027,-87.7790029,ok,(UNK),1,2107282,2021,,32,99,50000 and OVER,9,4295,Oak Park,C,Urban Local Road or Street,,16,20,11526200,11,Cook,1,21,TREE,,6,N,No,(UNK),202101374656,City,5,1.36,N,,,,(UNK),273661,(N/A),(UNK),No Defects,1,1,Local Road or Street,7,3100,X002447971,Not Toll,73,1,1,Not Divided,1,2946613.45056014,1914511.86708422,41.89829481,-87.77899713,,Urban,1,N,(N/A),Y,(N/A)
2021,2021-11-07,Sunday,21,09:05 PM,Property Damage,No Injuries,0,0,0,0,0,4,Sideswipe Same Direction,12,N,N,Improper Lane Usage,Failing to Reduce Speed to Avoid Crash,Darkness / Lighted Road,Clear,Dry,N,,,,,Other,Not Functioning,Y,3,41.8713537,-87.7763683,ok,Partial Access Control,3,03-21-16640,2021,,20,28,50000 and OVER,9,4295,Oak Park,C,Urban InterState,,16,7,11525970,11,Cook,0,21,,,7,N,No,(UNK),202101374424,ISP,5,22.99,Y,,,,(UNK),273703,(N/A),(UNK),No Defects,1,1,InterState,1,9290,X002447744,Not Toll,73,13,2,Divided With Median Barrier,3,2947604.45936548,1904711.14814343,41.87134589,-87.77636248,,Urban,1,N,(N/A),Y,(N/A)
2021,2021-06-08,Tuesday,17,05:39 PM,Injury,B Injury Crash,1,0,0,1,0,1,Pedalcyclist,2,N,Y,Improper Overtaking/Passing,Unable to Determine,Daylight,Clear,Dry,N,,,,,No Controls,No Controls,Y,1,41.8664769,-87.7888828,ok,(UNK),1,2103364,2021,,4,18,50000 and OVER,9,4295,Oak Park,C,Urban Minor Collector,,16,8,11313940,6,Cook,2,21,,,2,N,No,Slow,202101175283,City,1,1.54,N,,,,(UNK),275370,(N/A),(UNK),No Defects,1,1,Minor Collector,6,2779,X002266853,Not Toll,73,1,1,"Divided, No Median Barrier",2,2944245.04881218,1902839.23607899,41.8664691,-87.78887701,,Urban,1,N,(N/A),Y,(N/A)
2021,2021-06-09,Wednesday,15,03:51 PM,Property Damage,No Injuries,0,0,0,0,0,5,Angle,15,N,N,Failing to Yield Right of Way,Failing to Reduce Speed to Avoid Crash,Daylight,Clear,Dry,N,,,,,No Controls,No Controls,N,3,41.8816177,-87.7905083,ok,(UNK),1,2103387,2021,,2,28,50000 and OVER,9,4295,Oak Park,C,Urban Major Collector,,16,9,11313946,6,Cook,0,21,,,3,N,Yes,Free Flow,202101175287,City,1,0.74,N,,,,(UNK),275417,(N/A),(UNK),No Defects,1,1,Major Collector,5,5,X002266859,Not Toll,73,1,1,"Divided, No Median Barrier",2,2943649.45193766,1908344.5332386,41.88160985,-87.79050247,,Urban,1,N,(N/A),Y,(N/A)
2021,2021-06-09,Wednesday,14,02:33 PM,Injury,B Injury Crash,2,0,0,2,0,0,Pedalcyclist,2,N,Y,Failing to Reduce Speed to Avoid Crash,Unable to Determine,Daylight,Clear,Dry,Y,,,,,Stop Sign,Functioning Properly,N,1,41.8669857,-87.7938272,ok,(UNK),1,2103385,2021,,28,18,50000 and OVER,9,4295,Oak Park,C,Urban Major Collector,,16,9,11313947,6,Cook,2,21,,,3,N,No,Slow,202101175288,City,1,0,N,,,,(UNK),275418,(N/A),(UNK),No Defects,1,1,Major Collector,5,,X002266860,Not Toll,73,2,4,Not Divided,1,2942893.09415686,1902987.36619988,41.8669779,-87.79382137,,Urban,1,N,(N/A),Y,(N/A)
2021,2021-09-12,Sunday,08,08:00 AM,Property Damage,No Injuries,0,0,0,0,0,1,Fixed Object,6,N,N,Road Construction/Maintenance,(N/A),Daylight,Clear,Dry,N,,,,,Traffic Signal,Functioning Properly,N,1,41.8719934,-87.7939302,ok,(UNK),1,2105640,2021,,13,99,50000 and OVER,9,4295,Oak Park,C,Urban Local Road or Street,,16,12,11433425,9,Cook,0,21,,,7,N,No,Free Flow,202101287915,City,1,0,N,,,,(UNK),275872,(N/A),(UNK),"Rut, Holes",7,1,Local Road or Street,7,,X002367961,Not Toll,73,3,4,Not Divided,1,2942814.55376031,1904811.46891558,41.87198555,-87.79392442,,Urban,1,N,(N/A),N,(N/A)
2021,2021-06-01,Tuesday,17,05:31 PM,Property Damage,No Injuries,0,0,0,0,0,2,Rear to Front,18,N,N,Improper Backing,(N/A),Daylight,Clear,Dry,N,,,,,No Controls,No Controls,Y,2,41.8815639,-87.7828594,ok,(UNK),1,2103167,2021,,30,99,50000 and OVER,9,4295,Oak Park,C,Urban Local Road or Street,,16,1,11314064,6,Cook,0,21,,,2,N,No,Stopped,202101175426,City,1,0.34,N,,,,(UNK),275880,(N/A),(UNK),No Defects,1,1,Local Road or Street,7,2635,X002267054,Not Toll,73,1,1,Alley,12,2945733.04258529,1908382.72712508,41.88155605,-87.78285357,,Urban,1,N,(N/A),Y,(N/A)
2021,2021-11-20,Saturday,02,02:14 AM,Property Damage,No Injuries,0,0,0,0,0,1,Parked Motor Vehicle,9,N,N,Failing to Reduce Speed to Avoid Crash,Improper Lane Usage,Darkness / Lighted Road,Cloudy/Overcast,Dry,N,,,,,No Controls,No Controls,N,5,41.8897388,-87.7749731,ok,(UNK),1,2107253,2021,,28,20,50000 and OVER,9,4295,Oak Park,C,Urban Minor Arterial,,16,20,11528331,11,Cook,0,21,,,6,N,Yes,Free Flow,202101376405,City,5,7.01,N,,,,(UNK),276852,(N/A),(UNK),No Defects,1,1,Minor Arterial,4,2790,X002449533,Not Toll,,1,1,"Divided, No Median Barrier",2,2947797.65721685,1911421.5900024,41.88973091,-87.77496731,,Urban,8,N,(N/A),Y,(N/A)
2021,2021-06-12,Saturday,01,01:40 AM,Property Damage,No Injuries,0,0,0,0,0,1,Fixed Object,6,N,N,Under Influence of Alcohol/Drugs,Failing to Reduce Speed to Avoid Crash,Darkness / Lighted Road,Clear,Dry,N,,,,,Other,Functioning Properly,N,1,41.8735195,-87.8035195,ok,Partial Access Control,3,03-21-08158,2021,,8,28,50000 and OVER,9,4295,Oak Park,C,Urban InterState,,16,12,11315021,6,Cook,0,21,,,6,N,No,(UNK),202101176448,ISP,5,0.03,Y,,,,(UNK),277095,(N/A),(UNK),No Defects,1,1,InterState,1,290,X002267988,Not Toll,73,13,4,Divided With Median Barrier,3,2940187.36836397,1905295.51922859,41.87351166,-87.80351371,,Urban,1,N,(N/A),Y,(N/A)
2021,2021-11-19,Friday,13,01:45 PM,Property Damage,No Injuries,0,0,0,0,0,2,Front to Rear,11,N,N,Failing to Reduce Speed to Avoid Crash,Following Too Closely,Daylight,Clear,Dry,N,,,,,Other,Functioning Properly,N,2,41.8737452,-87.8041656,ok,Partial Access Control,3,03-21-17331,2021,,28,3,50000 and OVER,9,4295,Oak Park,C,Urban InterState,,16,19,11528482,11,Cook,0,21,,,5,N,No,(UNK),202101376583,ISP,1,21.6,Y,,,,(UNK),277484,(N/A),(UNK),No Defects,1,1,InterState,1,9290,X002449758,Not Toll,73,13,4,Divided With Median Barrier,3,2940009.11861103,1905372.93250567,41.87373739,-87.80415984,,Urban,1,N,(N/A),Y,(N/A)
2021,2021-06-04,Friday,11,11:30 AM,Property Damage,No Injuries,0,0,0,0,0,2,Front to Rear,11,N,N,Following Too Closely,Failing to Reduce Speed to Avoid Crash,Daylight,Clear,Dry,N,,,,,Other Regualtory Sig,Functioning Properly,N,2,41.8712357,-87.7744781,ok,Partial Access Control,3,03-21-07868,2021,,3,28,50000 and OVER,9,4295,Oak Park,C,Urban InterState,,16,4,11315474,6,Cook,0,21,,,5,N,No,(UNK),202101176880,ISP,1,23.08,Y,,,,(UNK),277812,(N/A),(UNK),No Defects,1,1,InterState,1,9290,X002268429,Not Toll,73,10,4,Divided With Median Barrier,3,2948120.5,1904682.5,41.87122789,-87.7744723,,Urban,1,N,(N/A),Y,(N/A)