crash_year,crash_date,day_of_week,crash_hour,time_of_crash,crash_severity,crash_injury_severity,total_injured,total_fatals,a_injuries,b_injuries,c_injuries,no_injuries,type_of_first_crash,collision_type_code,pedestrian_involved,pedalcyclist_involved,cause1,cause2,lighting_cond,weather_cond,road_surface_cond,intersection_related,is_intersection,highway_or_street_name,at_intersection_with,address_no,traffic_control_device,traffic_control_device_cond,hit_and_run,number_of_vehicles,latitude,longitude,location_status,access_control,agency_code,agency_report_number,agency_report_year,alignment_code,cause1_code,cause2_code,city_class,city_class_code,city_code,city_name,city_township_flag,class_of_trafficway,class_of_trafficway_code,county_code,crash_day,crash_id,crash_month,crash_report_county,crash_severity_cd,crash_yr_source,damaged_property1,damaged_property2,day_of_week_code,did_crash_occur_in_work_zone,did_involve_secondary_crash,flow_condition,icn,investigating_agency_descrip,light_condition_code,mile_station,nhs,non_intersection_direction,non_intersection_distance,non_intersection_units,number_of_lanes,objectid,railroad_crossing_number,road_alignment,road_defects,road_defects_code,road_surface_condition_code,roadway_functional_class,roadway_functional_class_code,route_number,sfe,toll,township,traffic_control_device_code,traffic_control_device_cond_code,trafficway_descrip,trafficway_description_code,ts_crash_coordinate_x,ts_crash_coordinate_y,ts_crash_latitude,ts_crash_longitude,type_report,urban_rural,weather_code,were_workers_present,work_zone,work_zone_related,work_zone_type
2021,2021-11-19,Friday,07,07:54 AM,Property Damage,No Injuries,0,0,0,0,0,2,Turning,10,N,N,Improper Lane Usage,Failing to Reduce Speed to Avoid Crash,Daylight,Clear,Dry,Y,,,,,Stop Sign,Functioning Properly,N,2,41.891768,-87.7815422,ok,(UNK),1,2107227,2021,,20,28,50000 and OVER,9,4295,Oak Park,C,Urban Local Road or Street,,16,19,11528173,11,Cook,0,21,,,5,N,No,Slow,202101376239,City,1,0,N,,,,(UNK),278268,(N/A),(UNK),No Defects,1,1,Local Road or Street,7,,X002449463,Not Toll,73,2,4,Four Way,14,2945988.33184714,1912111.26010159,41.89176013,-87.78153643,,Urban,1,N,(N/A),Y,(N/A)
2021,2021-11-15,Monday,13,01:00 PM,Property Damage,No Injuries,0,0,0,0,0,2,Front to Rear,11,N,N,Failing to Reduce Speed to Avoid Crash,(N/A),Daylight,Unknown,Dry,N,,,,,Traffic Signal,Functioning Properly,N,2,41.8726291,-87.7841533,ok,(UNK),1,2107234,2021,,28,99,50000 and OVER,9,4295,Oak Park,C,Urban Local Road or Street,,16,15,11528174,11,Cook,0,21,,,1,N,No,Stopped,202101376240,City,1,0,N,,,,(UNK),278269,(N/A),(UNK),No Defects,1,1,Local Road or Street,7,4060,X002449481,Not Toll,73,3,4,Not Divided,1,2945471.09167706,1905116.93957196,41.87262127,-87.78414751,,Urban,9,N,(N/A),Y,(N/A)
2021,2021-11-19,Friday,16,04:56 PM,Property Damage,No Injuries,0,0,0,0,0,1,Parked Motor Vehicle,9,N,N,Unable to Determine,Unable to Determine,Dusk,Clear,Dry,N,,,,,No Controls,No Controls,Y,4,41.8881455,-87.778455,ok,(UNK),1,2107246,2021,,18,18,50000 and OVER,9,4295,Oak Park,C,Urban Major Collector,,16,19,11528215,11,Cook,0,21,,,5,N,No,Free Flow,202101376277,City,3,1.16,N,,,,(UNK),278415,(N/A),(UNK),No Defects,1,1,Major Collector,5,1405,X002449513,Not Toll,73,1,1,"Divided, No Median Barrier",2,2946865.71444195,1910814.55239556,41.88813765,-87.7784492,,Urban,1,N,(N/A),Y,(N/A)
2021,2021-11-19,Friday,19,07:04 PM,Property Damage,No Injuries,0,0,0,0,0,3,Angle,15,N,N,Failing to Yield Right of Way,Failing to Reduce Speed to Avoid Crash,Darkness / Lighted Road,Cloudy/Overcast,Dry,Y,,,,,Stop Sign,Functioning Properly,N,2,41.8671383,-87.7840158,ok,(UNK),1,2107252,2021,,2,28,50000 and OVER,9,4295,Oak Park,C,Urban Major Collector,,16,19,11528238,11,Cook,0,21,,,5,N,No,Free Flow,202101376292,City,5,0,N,,,,(UNK),278519,(N/A),(UNK),No Defects,1,1,Major Collector,5,,X002449528,Not Toll,73,2,4,Not Divided,1,2945564.1099004,1903117.04284481,41.8671305,-87.78401002,,Urban,8,N,(N/A),Y,(N/A)
2021,2021-06-10,Thursday,13,01:40 PM,Property Damage,No Injuries,0,0,0,0,0,2,Front to Rear,11,N,N,Failing to Reduce Speed to Avoid Crash,Unable to Determine,Daylight,Clear,Dry,N,,,,,Other Regualtory Sig,Functioning Properly,N,2,41.8716806,-87.784316,ok,Partial Access Control,3,03-21-08110,2021,,28,18,50000 and OVER,9,4295,Oak Park,C,Urban InterState,,16,10,11316122,6,Cook,0,21,,,4,N,No,(UNK),202101177515,ISP,1,8.7,Y,,,,(UNK),279344,(N/A),(UNK),No Defects,1,1,InterState,1,290,X002269066,Not Toll,73,10,4,Divided With Median Barrier,3,2945436.38009592,1904770.05740374,41.87167277,-87.7843102,,Urban,1,N,(N/A),Y,(N/A)
2021,2021-06-13,Sunday,10,10:13 AM,Property Damage,No Injuries,0,0,0,0,0,1,Parked Motor Vehicle,9,N,N,Improper Lane Usage,Failing to Reduce Speed to Avoid Crash,Unknown,Unknown,Unknown,N,,,,,No Controls,No Controls,Y,2,41.8748021,-87.774474,ok,(UNK),1,2103463,2021,,20,28,50000 and OVER,9,4295,Oak Park,C,Urban Minor Arterial,,16,13,11317005,6,Cook,0,21,,,7,N,No,Free Flow,202101181627,City,9,8.07,N,,,,(UNK),279508,(N/A),(UNK),No Defects,1,9,Minor Arterial,4,2790,X002269786,Not Toll,,1,1,Not Divided,1,2948085.37679321,1905982.19662372,41.8747943,-87.77446819,,Urban,9,N,(N/A),Y,(N/A)
2021,2021-06-13,Sunday,11,11:02 AM,Property Damage,No Injuries,0,0,0,0,0,1,Parked Motor Vehicle,9,N,N,Unable to Determine,(N/A),Unknown,Clear,Dry,N,,,,,No Controls,No Controls,N,2,41.871417,-87.7869207,ok,(UNK),1,2103465,2021,,18,99,50000 and OVER,9,4295,Oak Park,C,Urban Local Road or Street,,16,13,11317006,6,Cook,0,21,,,7,N,No,Free Flow,202101178398,City,9,0.1,N,,,,(UNK),279509,(N/A),(UNK),No Defects,1,1,Local Road or Street,7,290,X002269787,Not Toll,73,1,1,Parking Lot,7,2944729.57918883,1904654.28696737,41.87140912,-87.78691494,,Urban,1,N,(N/A),Y,(N/A)
2021,2021-09-13,Monday,13,01:32 PM,Property Damage,No Injuries,0,0,0,0,0,1,Parked Motor Vehicle,9,N,N,Failing to Reduce Speed to Avoid Crash,Unable to Determine,Daylight,Clear,Dry,N,,,,,No Controls,No Controls,Y,3,41.8944296,-87.7939451,ok,(UNK),1,2105664,2021,,28,18,50000 and OVER,9,4295,Oak Park,C,Urban Minor Arterial,,16,13,11435020,9,Cook,0,21,,,1,N,No,Free Flow,202101289671,City,1,3.14,N,,,,(UNK),279909,(N/A),(UNK),No Defects,1,1,Minor Arterial,4,1398,X002369435,Not Toll,73,1,1,Not Divided,1,2942584.32601457,1912987.51318644,41.89442173,-87.79393929,,Urban,1,N,(N/A),Y,(N/A)
2021,2021-05-23,Sunday,20,08:24 PM,Property Damage,No Injuries,0,0,0,0,0,2,Rear to Front,18,N,N,Driving Skills/Knowledge/Experience,Driving Skills/Knowledge/Experience,Darkness / Lighted Road,Clear,Dry,Y,,,,,Traffic Signal,Functioning Properly,N,2,41.9087836,-87.8057834,ok,(UNK),1,2102971,2021,,15,15,50000 and OVER,9,4295,Oak Park,C,Urban Other Principal Arte,,16,23,11317164,5,Cook,0,21,,,7,N,Yes,Stopped,202101178546,City,5,28.04,Y,,,,(UNK),280022,(N/A),(UNK),No Defects,1,1,Other Principal Arterial,3,5043,X002270023,Not Toll,73,3,4,Not Divided,1,2939216.98750956,1918129.41756678,41.90877571,-87.80577759,,Urban,1,N,(N/A),Y,(N/A)
2021,2021-09-10,Friday,07,07:48 AM,Injury,B Injury Crash,1,0,0,1,0,2,Angle,15,N,N,Vision Obscured,Failing to Reduce Speed to Avoid Crash,Daylight,Clear,Dry,N,,,,,No Controls,No Controls,N,2,41.8946113,-87.7819952,ok,(UNK),1,2105581,2021,,14,28,50000 and OVER,9,4295,Oak Park,C,Urban Minor Arterial,,16,10,11434580,9,Cook,2,21,,,5,N,No,Free Flow,202101289141,City,1,3.77,N,,,,(UNK),280183,(N/A),(UNK),No Defects,1,1,Minor Arterial,4,1398,X002368640,Not Toll,73,1,1,Not Divided,1,2945836.17466223,1913143.99096067,41.89460345,-87.78198942,,Urban,1,N,(N/A),Y,(N/A)
2021,2021-09-10,Friday,17,05:31 PM,Injury,C Injury Crash,1,0,0,0,1,1,Pedalcyclist,2,N,Y,Failing to Reduce Speed to Avoid Crash,Unable to Determine,Daylight,Clear,Dry,Y,,,,,Pedestrian Crossing,Functioning Properly,N,1,41.8945279,-87.7881276,ok,(UNK),1,2105591,2021,,28,18,50000 and OVER,9,4295,Oak Park,C,Urban Minor Arterial,,16,10,11434583,9,Cook,1,21,,,5,N,No,Slow,202101289143,City,1,0,N,,,,(UNK),280184,(N/A),(UNK),No Defects,1,1,Minor Arterial,4,,X002368645,Not Toll,73,17,4,"Divided, No Median Barrier",2,2944167.29402806,1913067.22465975,41.89452005,-87.78812185,,Urban,1,N,(N/A),Y,(N/A)
2021,2021-09-10,Friday,21,09:03 PM,Injury,B Injury Crash,2,0,0,2,0,5,Angle,15,N,N,Disregarding Stop Sign,Failing to Yield Right of Way,Darkness / Lighted Road,Clear,Dry,Y,,,,,Stop Sign,Functioning Properly,N,2,41.8946672,-87.7783839,ok,(UNK),1,2105598,2021,,23,2,50000 and OVER,9,4295,Oak Park,C,Urban Minor Arterial,,16,10,11434586,9,Cook,2,21,TREE,,5,N,No,Free Flow,202101289146,City,5,0,N,,,,(UNK),280185,(N/A),(UNK),No Defects,1,1,Minor Arterial,4,,X002368661,Not Toll,73,2,4,Four Way,14,2946818.89271797,1913191.71243757,41.89465931,-87.77837808,,Urban,1,N,(N/A),Y,(N/A)
2021,2021-09-10,Friday,23,11:47 PM,Property Damage,No Injuries,0,0,0,0,0,1,Parked Motor Vehicle,9,N,N,Physical Condition of Driver,Improper Lane Usage,Darkness / Lighted Road,Clear,Dry,N,,,,,No Controls,No Controls,N,2,41.9089537,-87.7977559,ok,(UNK),1,2105603,2021,,17,20,50000 and OVER,9,4295,Oak Park,C,Urban Other Principal Arte,,16,10,11434588,9,Cook,0,21,BUS SIGN,,5,N,No,Free Flow,202101289147,City,5,6.34,Y,,,,(UNK),280225,(N/A),(UNK),No Defects,1,1,Other Principal Arterial,3,307,X002368667,Not Toll,73,1,1,"Divided, No Median Barrier",2,2941400.49941176,1918251.70788,41.90894587,-87.79775007,,Urban,1,N,(N/A),Y,(N/A)
2021,2021-11-21,Sunday,00,00:00 AM,Property Damage,No Injuries,0,0,0,0,0,1,Parked Motor Vehicle,9,N,N,Unable to Determine,Unable to Determine,Darkness / Lighted Road,Clear,Unknown,N,,,,,No Controls,No Controls,Y,3,41.8816324,-87.7897103,ok,(UNK),1,2107290,2021,,18,18,50000 and OVER,9,4295,Oak Park,C,Urban Major Collector,,16,21,11529050,11,Cook,0,21,,,7,N,Yes,Free Flow,202101377136,City,5,0.78,N,,,,(UNK),280768,(N/A),(UNK),No Defects,1,9,Major Collector,5,5,X002450296,Not Toll,73,1,1,Not Divided,1,2943866.61893626,1908355.90722078,41.88162453,-87.78970449,,Urban,1,N,(N/A),Y,(N/A)
2021,2021-11-21,Sunday,10,10:13 AM,Property Damage,No Injuries,0,0,0,0,0,2,Parked Motor Vehicle,9,N,N,Failing to Reduce Speed to Avoid Crash,Unable to Determine,Daylight,Cloudy/Overcast,Wet,N,,,,,No Controls,No Controls,N,2,41.8650798,-87.8005901,ok,(UNK),1,2107291,2021,,28,18,50000 and OVER,9,4295,Oak Park,C,Urban Other Principal Arte,,16,21,11529051,11,Cook,0,21,,,7,N,No,Free Flow,202101377137,City,1,6.18,Y,,,,(UNK),280809,(N/A),(UNK),No Defects,1,2,Other Principal Arterial,3,347,X002450297,Not Toll,52,1,1,Not Divided,1,2941070.07061599,1902241.93340794,41.86507195,-87.80058426,,Urban,8,N,(N/A),Y,(N/A)
2021,2021-11-21,Sunday,18,06:26 PM,Property Damage,No Injuries,0,0,0,0,0,2,Front to Rear,11,N,N,Following Too Closely,Failing to Reduce Speed to Avoid Crash,Darkness / Lighted Road,Cloudy/Overcast,Dry,N,,,,,No Controls,No Controls,N,2,41.8651865,-87.7926809,ok,(UNK),1,2107300,2021,,3,28,50000 and OVER,9,4295,Oak Park,C,Urban Other Principal Arte,,16,21,11529056,11,Cook,0,21,,,7,N,No,Slow,202101377139,City,5,6.59,Y,,,,(UNK),280810,(N/A),(UNK),No Defects,1,1,Other Principal Arterial,3,347,X002450300,Not Toll,52,1,1,Two-way Continuous Left-Tur,4,2943223.47412834,1902340.32088658,41.86517864,-87.7926751,,Urban,8,N,(N/A),Y,(N/A)
2021,2021-11-22,Monday,08,08:57 AM,Injury,B Injury Crash,1,0,0,1,0,1,Pedestrian,1,Y,N,Failing to Yield Right of Way,(N/A),Daylight,Clear,Dry,Y,,,,,Traffic Signal,Functioning Properly,N,1,41.8814976,-87.7999227,ok,(UNK),1,2107307,2021,,2,99,50000 and OVER,9,4295,Oak Park,C,Urban Major Collector,,16,22,11529064,11,Cook,2,21,,,1,N,No,Free Flow,202101377143,City,1,0,N,,,,(UNK),280811,(N/A),(UNK),No Defects,1,1,Major Collector,5,,X002450305,Not Toll,73,3,4,Not Divided,1,2941086.79419533,1908229.87236863,41.88148972,-87.79991694,,Urban,1,N,(N/A),Y,(N/A)
2021,2021-11-22,Monday,13,01:06 PM,Property Damage,No Injuries,0,0,0,0,0,3,Angle,15,N,N,Failing to Yield Right of Way,Failing to Reduce Speed to Avoid Crash,Daylight,Clear,Dry,Y,,,,,Stop Sign,Functioning Properly,N,2,41.8796079,-87.8038469,ok,(UNK),1,2107319,2021,,2,28,50000 and OVER,9,4295,Oak Park,C,Urban Minor Arterial,,16,22,11529068,11,Cook,0,21,,,1,N,No,Free Flow,202101377146,City,1,0,N,,,,(UNK),280813,(N/A),(UNK),No Defects,1,1,Minor Arterial,4,,X002450308,Not Toll,73,2,4,Not Divided,1,2940037.07943944,1907511.78311645,41.87960006,-87.80384112,,Urban,1,N,(N/A),Y,(N/A)
2021,2021-09-12,Sunday,11,11:53 AM,Property Damage,No Injuries,0,0,0,0,0,2,Sideswipe Same Direction,12,N,N,Failing to Yield Right of Way,Failing to Reduce Speed to Avoid Crash,Daylight,Clear,Dry,N,,,,,No Controls,No Controls,N,2,41.8918489,-87.8040664,ok,(UNK),1,2105646,2021,,2,28,50000 and OVER,9,4295,Oak Park,C,Urban Local Road or Street,,16,12,11434704,9,Cook,0,21,,,7,N,No,Free Flow,202101289262,City,1,0.06,N,,,,(UNK),280832,(N/A),(UNK),No Defects,1,1,Local Road or Street,7,3066,X002369172,Not Toll,73,1,1,Not Divided,1,2939854.43865659,1911970.98119194,41.89184106,-87.80406056,,Urban,1,N,(N/A),Y,(N/A)
2021,2021-09-12,Sunday,13,01:26 PM,Injury,B Injury Crash,1,0,0,1,0,4,Front to Rear,11,N,N,Failing to Reduce Speed to Avoid Crash,Unable to Determine,Daylight,Clear,Dry,N,,,,,No Controls,No Controls,Y,3,41.8781471,-87.7803757,ok,(UNK),1,2105648,2021,,28,18,50000 and OVER,9,4295,Oak Park,C,Urban Local Road or Street,,16,12,11434705,9,Cook,2,21,,,7,N,Yes,Free Flow,202101289264,City,1,0.77,N,,,,(UNK),280833,(N/A),(UNK),No Defects,1,1,Local Road or Street,7,4011,X002369173,Not Toll,73,1,1,Not Divided,1,2946444.05609753,1907156.37326328,41.87813921,-87.78036995,,Urban,1,N,(N/A),Y,(N/A)
2021,2021-09-11,Saturday,14,02:26 PM,Property Damage,No Injuries,0,0,0,0,0,4,Turning,10,N,N,Failing to Yield Right of Way,(N/A),Daylight,Clear,Dry,Y,,,,,Stop Sign,Functioning Properly,N,2,41.8870767,-87.7765072,ok,(UNK),1,2105619,2021,,2,99,50000 and OVER,9,4295,Oak Park,C,Urban Local Road or Street,,16,11,11434706,9,Cook,0,21,,,6,N,No,Free Flow,202101289266,City,1,0,N,,,,(UNK),280862,(N/A),(UNK),No Defects,1,1,Local Road or Street,7,,X002369174,Not Toll,73,2,4,"Divided, No Median Barrier",2,2947406.97127017,1910439.83265605,41.88706884,-87.77650138,,Urban,1,N,(N/A),Y,(N/A)
2021,2021-11-20,Saturday,13,01:53 PM,Property Damage,No Injuries,0,0,0,0,0,2,Turning,10,N,N,Improper Turning/No Signal,(N/A),Daylight,Clear,Dry,Y,,,,,No Controls,No Controls,N,2,41.9070741,-87.804169,ok,(UNK),1,2101241,2021,,6,99,50000 and OVER,9,4295,Oak Park,C,Urban Local Road or Street,,16,20,11529071,11,Cook,0,21,,,6,N,No,Free Flow,202101377150,City,1,0,N,,,,(UNK),280868,(N/A),(UNK),No Defects,1,1,Local Road or Street,7,,X002450311,Not Toll,73,1,1,Not Divided,1,2939673.61263739,1917518.57535004,41.90706629,-87.80416322,,Urban,1,N,(N/A),Y,(N/A)
2021,2021-09-11,Saturday,01,01:58 AM,Property Damage,No Injuries,0,0,0,0,0,1,Parked Motor Vehicle,9,N,N,Failing to Reduce Speed to Avoid Crash,Failing to Reduce Speed to Avoid Crash,Darkness / Lighted Road,Clear,Dry,N,,,,,No Controls,No Controls,N,3,41.8796103,-87.8036561,ok,(UNK),1,2105605,2021,,28,28,50000 and OVER,9,4295,Oak Park,C,Urban Minor Arterial,,16,11,11434792,9,Cook,0,21,,,6,N,Yes,(UNK),202101289362,City,5,3.12,N,,,,(UNK),281344,(N/A),(UNK),No Defects,1,1,Minor Arterial,4,1419,X002369176,Not Toll,73,1,1,Not Divided,1,2940089.01938917,1907514.07776342,41.87960243,-87.80365032,,Urban,1,N,(N/A),Y,(N/A)
2021,2021-09-12,Sunday,13,01:35 PM,Property Damage,No Injuries,0,0,0,0,0,3,Front to Rear,11,N,N,Failing to Reduce Speed to Avoid Crash,Following Too Closely,Daylight,Clear,Dry,N,,,,,Other,Functioning Properly,N,2,41.8736155,-87.8026823,ok,Partial Access Control,3,03-21-13351,2021,,28,3,50000 and OVER,9,4295,Oak Park,C,Urban InterState,,16,12,11434872,9,Cook,0,21,,,7,N,No,(UNK),202101289472,ISP,1,21.67,Y,,,,(UNK),281824,(N/A),(UNK),No Defects,1,1,InterState,1,9290,X002369328,Not Toll,73,13,4,Divided With Median Barrier,3,2940414.42141914,1905336.77211701,41.87360763,-87.80267654,,Urban,1,N,(N/A),Y,(N/A)
2021,2021-06-14,Monday,14,02:28 PM,Property Damage,No Injuries,0,0,0,0,0,2,Front to Rear,11,N,N,Failing to Reduce Speed to Avoid Crash,Following Too Closely,Daylight,Clear,Dry,N,,,,,Other Regualtory Sig,Functioning Properly,N,2,41.8709663,-87.7750062,ok,Partial Access Control,3,03-21-08319,2021,,28,3,50000 and OVER,9,4295,Oak Park,C,Urban InterState,,16,14,11318043,6,Cook,0,21,,,1,N,No,(UNK),202101179345,ISP,1,9.17,Y,,,,(UNK),282155,(N/A),(UNK),No Defects,1,1,InterState,1,290,X002270759,Not Toll,,10,4,"Divided, No Median Barrier",2,2947979.40181786,1904580.28337727,41.87095841,-87.77500037,,Urban,1,N,(N/A),Y,(N/A)
2021,2021-11-14,Sunday,22,10:15 PM,Property Damage,No Injuries,0,0,0,0,0,3,Front to Rear,11,N,N,Failing to Reduce Speed to Avoid Crash,Improper Overtaking/Passing,Daylight,Clear,Dry,N,,,,,Other Warning Sign,Functioning Properly,Y,3,41.8710045,-87.775279,ok,Partial Access Control,3,03-21-17071,2021,,28,4,50000 and OVER,9,4295,Oak Park,C,Urban InterState,,16,14,11529908,11,Cook,0,21,,,7,N,No,(UNK),202101378124,ISP,1,9.16,Y,,,,(UNK),282765,(N/A),(UNK),No Defects,1,1,InterState,1,290,X002451081,Not Toll,73,11,4,"Divided, No Median Barrier",2,2947904.69911451,1904592.15714837,41.87099667,-87.77527321,,Urban,1,N,(N/A),Y,(N/A)
2021,2021-06-09,Wednesday,23,11:16 PM,Property Damage,No Injuries,0,0,0,0,0,2,Front to Rear,11,N,N,Driving On Wrong Side/Wrong Way,Failing to Reduce Speed to Avoid Crash,Darkness / Lighted Road,Clear,Dry,Y,,,,,Traffic Signal,Functioning Properly,Y,2,41.8868818,-87.7944558,ok,(UNK),1,2103400,2021,,5,28,50000 and OVER,9,4295,Oak Park,C,Urban Major Collector,,16,9,11319158,6,Cook,0,21,,,3,N,No,Free Flow,202101180581,City,5,0,N,,,,(UNK),283160,(N/A),(UNK),No Defects,1,1,Major Collector,5,,X002271646,Not Toll,73,3,4,T-Intersection,15,2942521.35450218,1910233.11761558,41.88687396,-87.79445,,Urban,1,N,(N/A),Y,(N/A)
2021,2021-11-17,Wednesday,16,04:05 PM,Property Damage,No Injuries,0,0,0,0,0,2,Front to Rear,11,N,N,Following Too Closely,Failing to Reduce Speed to Avoid Crash,Daylight,Rain,Dry,N,,,,,Other Regualtory Sig,Functioning Properly,N,2,41.8730456,-87.7999028,ok,Partial Access Control,3,03-21-17191,2021,,3,28,50000 and OVER,9,4295,Oak Park,C,Urban InterState,,16,17,11529987,11,Cook,0,21,,,3,N,No,(UNK),202101378199,ISP,1,7.91,Y,,,,(UNK),283278,(N/A),(UNK),No Defects,1,1,InterState,1,290,X002451155,Not Toll,,10,4,Divided With Median Barrier,3,2941177.2152958,1905149.98843426,41.87303779,-87.79989696,,Urban,2,N,(N/A),Y,(N/A)
2021,2021-11-17,Wednesday,17,05:45 PM,Injury,B Injury Crash,1,0,0,1,0,1,Front to Rear,11,N,N,Following Too Closely,Failing to Reduce Speed to Avoid Crash,Darkness / Lighted Road,Clear,Dry,N,,,,,Other Regualtory Sig,Functioning Properly,N,2,41.8735315,-87.8049384,ok,Partial Access Control,3,03-21-17199,2021,,3,28,50000 and OVER,9,4295,Oak Park,C,Urban InterState,,16,17,11529989,11,Cook,2,21,,,3,N,No,(UNK),202101378202,ISP,5,7.69,Y,,,,(UNK),283280,(N/A),(UNK),No Defects,1,1,InterState,1,290,X002451157,Not Toll,,10,4,Divided With Median Barrier,3,2939800.78803158,1905289.24573048,41.87352365,-87.8049326,,Urban,1,N,(N/A),Y,(N/A)
2021,2021-06-13,Sunday,18,06:49 PM,Property Damage,No Injuries,0,0,0,0,0,2,Front to Rear,11,N,N,Failing to Reduce Speed to Avoid Crash,Following Too Closely,Daylight,Clear,Dry,N,,,,,No Controls,No Controls,N,2,41.8759303,-87.8045942,ok,(UNK),1,2103472,2021,,28,3,50000 and OVER,9,4295,Oak Park,C,Urban Other Principal Arte,,16,13,11318765,6,Cook,0,21,,,7,N,No,Slow,202101180189,City,1,19.93,Y,,,,(UNK),283876,(N/A),(UNK),No Defects,1,1,Other Principal Arterial,3,348,X002271144,Not Toll,73,1,1,"Divided, No Median Barrier",2,2939870.47300397,1906166.00692188,41.87592249,-87.80458838,,Urban,1,N,(N/A),Y,(N/A)
2021,2021-06-10,Thursday,18,06:50 PM,Injury,C Injury Crash,1,0,0,0,1,1,Pedalcyclist,2,N,Y,Failing to Reduce Speed to Avoid Crash,Unable to Determine,Daylight,Cloudy/Overcast,Dry,Y,,,,,Stop Sign,Functioning Properly,N,1,41.8867731,-87.8024906,ok,(UNK),1,2103417,2021,,28,18,50000 and OVER,9,4295,Oak Park,C,Urban Local Road or Street,,16,10,11318770,6,Cook,1,21,,,4,N,No,Free Flow,202101180194,City,1,0,N,,,,(UNK),283885,(N/A),(UNK),No Defects,1,1,Local Road or Street,7,,X002271149,Not Toll,73,2,4,"Divided, No Median Barrier",2,2940334.48674601,1910133.10369334,41.88676529,-87.80248481,,Urban,8,N,(N/A),Y,(N/A)
2021,2021-06-12,Saturday,19,07:42 PM,Property Damage,No Injuries,0,0,0,0,0,1,Parked Motor Vehicle,9,N,N,Improper Lane Usage,Failing to Reduce Speed to Avoid Crash,Daylight,Clear,Dry,N,,,,,No Controls,No Controls,Y,2,41.8852426,-87.7944171,ok,(UNK),1,2103459,2021,,20,28,50000 and OVER,9,4295,Oak Park,C,Urban Major Collector,,16,12,11318772,6,Cook,0,21,,,6,N,No,Slow,202101180196,City,1,5.77,N,,,,(UNK),283887,(N/A),(UNK),No Defects,1,1,Major Collector,5,2775,X002271151,Not Toll,73,1,1,"Divided, No Median Barrier",2,2942548.41379635,1909636.06353601,41.88523479,-87.79441131,,Urban,1,N,(N/A),Y,(N/A)
2021,2021-06-13,Sunday,17,05:01 PM,Property Damage,No Injuries,0,0,0,0,0,3,Turning,10,N,N,Improper Turning/No Signal,Failing to Reduce Speed to Avoid Crash,Daylight,Clear,Dry,N,,,,,No Controls,No Controls,N,2,41.8797463,-87.7962695,ok,(UNK),1,2103471,2021,,6,28,50000 and OVER,9,4295,Oak Park,C,Urban Local Road or Street,,16,13,11318773,6,Cook,0,21,,,7,N,No,Free Flow,202101180197,City,1,0,N,,,,(UNK),283888,(N/A),(UNK),No Defects,1,1,Local Road or Street,7,,X002271152,Not Toll,73,1,1,"Divided, No Median Barrier",2,2942099.31753655,1907619.16264513,41.87973848,-87.79626374,,Urban,1,N,(N/A),Y,(N/A)
2021,2021-06-14,Monday,12,12:57 PM,Injury,C Injury Crash,2,0,0,0,2,1,Angle,15,N,N,Disregarding Stop Sign,Failing to Reduce Speed to Avoid Crash,Daylight,Clear,Dry,Y,,,,,Stop Sign,Functioning Properly,N,2,41.901617,-87.8009467,ok,(UNK),1,2103484,2021,,23,28,50000 and OVER,9,4295,Oak Park,C,Urban Major Collector,,16,14,11318775,6,Cook,1,21,,,1,N,No,Slow,202101180198,City,1,0,N,,,,(UNK),283889,(N/A),(UNK),No Defects,1,1,Major Collector,5,,X002271154,Not Toll,73,2,4,"Divided, No Median Barrier",2,2940605.67585244,1915554.091054,41.90160919,-87.80094091,,Urban,1,N,(N/A),Y,(N/A)
2021,2021-06-11,Friday,09,09:26 AM,Property Damage,No Injuries,0,0,0,0,0,1,Parked Motor Vehicle,9,N,N,Improper Lane Usage,Failing to Reduce Speed to Avoid Crash,Daylight,Cloudy/Overcast,Dry,N,,,,,No Controls,No Controls,Y,2,41.8675348,-87.7938415,ok,(UNK),1,2103428,2021,,20,28,50000 and OVER,9,4295,Oak Park,C,Urban Major Collector,,16,11,11318777,6,Cook,0,21,,,5,N,No,Free Flow,202101180201,City,1,7,N,,,,(UNK),283931,(N/A),(UNK),Debris On Roadway,9,1,Major Collector,5,2775,X002271156,Not Toll,73,1,1,Not Divided,1,2942883.66327829,1903187.35643955,41.86752699,-87.79383567,,Urban,8,N,(N/A),N,(N/A)
2021,2021-06-13,Sunday,23,11:43 PM,Property Damage,No Injuries,0,0,0,0,0,2,Turning,10,N,N,Failing to Yield Right of Way,(N/A),Darkness / Lighted Road,Clear,Dry,Y,,,,,Traffic Signal,Functioning Properly,N,2,41.8800136,-87.774671,ok,(UNK),1,2103477,2021,,2,99,50000 and OVER,9,4295,Oak Park,C,Urban Minor Arterial,,16,13,11318805,6,Cook,0,21,,,7,N,No,Free Flow,202101180222,City,5,7.66,N,,,,(UNK),284007,(N/A),(UNK),No Defects,1,1,Minor Arterial,4,2790,X002271153,Not Toll,,3,4,"Divided, No Median Barrier",2,2947978.75859701,1907879.85168469,41.88000576,-87.77466521,,Urban,1,N,(N/A),Y,(N/A)
2021,2021-06-13,Sunday,05,05:31 AM,Property Damage,No Injuries,0,0,0,0,0,3,Angle,15,N,N,Disregarding Traffic Signals,(N/A),Daylight,Clear,Dry,Y,,,,,Traffic Signal,Functioning Properly,N,2,41.879869,-87.7844362,ok,(UNK),1,2103461,2021,,25,99,50000 and OVER,9,4295,Oak Park,C,Urban Minor Arterial,,16,13,11320618,6,Cook,0,21,,,7,N,No,Free Flow,202101181574,City,1,0,N,,,,(UNK),284718,(N/A),(UNK),No Defects,1,1,Minor Arterial,4,,X002271938,Not Toll,73,3,4,Not Divided,1,2945320.76895798,1907753.15571718,41.87986118,-87.78443042,,Urban,1,N,(N/A),Y,(N/A)