crash_year,crash_date,day_of_week,crash_hour,time_of_crash,crash_severity,crash_injury_severity,total_injured,total_fatals,a_injuries,b_injuries,c_injuries,no_injuries,type_of_first_crash,collision_type_code,pedestrian_involved,pedalcyclist_involved,cause1,cause2,lighting_cond,weather_cond,road_surface_cond,intersection_related,is_intersection,highway_or_street_name,at_intersection_with,address_no,traffic_control_device,traffic_control_device_cond,hit_and_run,number_of_vehicles,latitude,longitude,location_status,access_control,agency_code,agency_report_number,agency_report_year,alignment_code,cause1_code,cause2_code,city_class,city_class_code,city_code,city_name,city_township_flag,class_of_trafficway,class_of_trafficway_code,county_code,crash_day,crash_id,crash_month,crash_report_county,crash_severity_cd,crash_yr_source,damaged_property1,damaged_property2,day_of_week_code,did_crash_occur_in_work_zone,did_involve_secondary_crash,flow_condition,icn,investigating_agency_descrip,light_condition_code,mile_station,nhs,non_intersection_direction,non_intersection_distance,non_intersection_units,number_of_lanes,objectid,railroad_crossing_number,road_alignment,road_defects,road_defects_code,road_surface_condition_code,roadway_functional_class,roadway_functional_class_code,route_number,sfe,toll,township,traffic_control_device_code,traffic_control_device_cond_code,trafficway_descrip,trafficway_description_code,ts_crash_coordinate_x,ts_crash_coordinate_y,ts_crash_latitude,ts_crash_longitude,type_report,urban_rural,weather_code,were_workers_present,work_zone,work_zone_related,work_zone_type
2021,2021-11-17,Wednesday,14,02:05 PM,Property Damage,No Injuries,0,0,0,0,0,2,Front to Rear,11,N,N,Following Too Closely,Failing to Reduce Speed to Avoid Crash,Daylight,Rain,Wet,N,,,,,Other Regualtory Sig,Functioning Properly,Y,2,41.8730456,-87.7999028,ok,Partial Access Control,3,03-21-17182,2021,,3,28,50000 and OVER,9,4295,Oak Park,C,Urban InterState,,16,17,11531082,11,Cook,0,21,,,3,N,No,(UNK),202101379504,ISP,1,7.91,Y,,,,(UNK),285202,(N/A),(UNK),No Defects,1,2,InterState,1,290,X002452310,Not Toll,,10,4,Ramp,11,2941177.2152958,1905149.98843426,41.87303779,-87.79989696,,Urban,2,N,(N/A),Y,(N/A)
2021,2021-06-02,Wednesday,18,06:12 PM,Injury,B Injury Crash,1,0,0,1,0,5,Pedestrian,1,Y,N,Failing to Yield Right of Way,Evasive Action Due to Animal / Object / Non-Motorist,Daylight,Clear,Dry,N,,,,,No Controls,No Controls,N,1,41.8702849,-87.804392,ok,(UNK),1,2103200,2021,,2,32,50000 and OVER,9,4295,Oak Park,C,Urban Other Principal Arte,,16,2,11321028,6,Cook,2,21,,,3,N,No,Slow,202101181943,City,1,20.33,Y,,,,(UNK),286209,(N/A),(UNK),No Defects,1,1,Other Principal Arterial,3,348,X002272968,Not Toll,73,1,1,"Divided, No Median Barrier",2,2939982.19666001,1904110.22337492,41.87027705,-87.80438617,,Urban,1,N,(N/A),Y,(N/A)
2021,2021-09-15,Wednesday,19,07:03 PM,Property Damage,No Injuries,0,0,0,0,0,1,Parked Motor Vehicle,9,N,N,Unable to Determine,Unable to Determine,Darkness,Clear,Dry,N,,,,,No Controls,No Controls,Y,2,41.8882601,-87.7824798,ok,(UNK),1,2105730,2021,,18,18,50000 and OVER,9,4295,Oak Park,C,Urban Major Collector,,16,15,11437443,9,Cook,0,21,,,3,N,No,Slow,202101292167,City,4,0.96,N,,,,(UNK),286933,(N/A),(UNK),No Defects,1,1,Major Collector,5,1405,X002371417,Not Toll,73,1,1,Parking Lot,7,2945768.59162355,1910825.81296179,41.88825222,-87.78247396,,Urban,1,N,(N/A),Y,(N/A)
2021,2021-09-03,Friday,08,08:00 AM,Property Damage,No Injuries,0,0,0,0,0,2,Front to Rear,11,N,N,Failing to Reduce Speed to Avoid Crash,Following Too Closely,Daylight,Clear,Dry,N,,,,,No Controls,No Controls,N,2,41.8734028,-87.8036204,ok,Partial Access Control,3,03-21-12905,2021,,28,3,50000 and OVER,9,4295,Oak Park,C,Urban InterState,,16,3,11438364,9,Cook,0,21,,,5,N,No,(UNK),202101293262,ISP,1,7.74,Y,,,,(UNK),287119,(N/A),(UNK),No Defects,1,1,InterState,1,290,X002372321,Not Toll,,1,1,Divided With Median Barrier,3,2940161.07188108,1905252.23453723,41.87339496,-87.80361456,,Urban,1,N,(N/A),Y,(N/A)
2021,2021-09-15,Wednesday,05,05:25 AM,Property Damage,No Injuries,0,0,0,0,0,1,Fixed Object,6,N,N,Improper Lane Usage,Failing to Reduce Speed to Avoid Crash,Darkness / Lighted Road,Clear,Dry,N,,,,,No Controls,No Controls,N,1,41.8727202,-87.7964853,ok,Partial Access Control,3,03-21-13486,2021,,20,28,50000 and OVER,9,4295,Oak Park,C,Urban InterState,,16,15,11437629,9,Cook,0,21,,,3,N,No,(UNK),202101292348,ISP,5,8.07,Y,,,,(UNK),287588,(N/A),(UNK),No Defects,1,1,InterState,1,290,X002371578,Not Toll,,1,1,Divided With Median Barrier,3,2942111.2963749,1905057.08466574,41.87271234,-87.79647952,,Urban,1,N,(N/A),Y,(N/A)
2021,2021-11-22,Monday,10,10:40 AM,Property Damage,No Injuries,0,0,0,0,0,3,Front to Rear,11,N,N,Following Too Closely,Failing to Reduce Speed to Avoid Crash,Daylight,Clear,Dry,N,,,,,Other,Functioning Properly,N,3,41.8718601,-87.7832246,ok,Partial Access Control,3,03-21-17450,2021,,3,28,50000 and OVER,9,4295,Oak Park,C,Urban InterState,,16,22,11531350,11,Cook,0,21,,,1,N,No,(UNK),202101379760,ISP,1,22.64,Y,,,,(UNK),287757,(N/A),(UNK),No Defects,1,1,InterState,1,9290,X002452572,Not Toll,73,13,4,Divided With Median Barrier,3,2945731.82628798,1904843.72192867,41.87185226,-87.78321882,,Urban,1,N,(N/A),Y,(N/A)
2021,2021-09-16,Thursday,09,09:12 AM,Property Damage,No Injuries,0,0,0,0,0,1,Parked Motor Vehicle,9,N,N,Driving Skills/Knowledge/Experience,Failing to Reduce Speed to Avoid Crash,Daylight,Clear,Dry,N,,,,,No Controls,No Controls,N,2,41.886284,-87.7813739,ok,(UNK),1,2105739,2021,,15,28,50000 and OVER,9,4295,Oak Park,C,Urban Local Road or Street,,16,16,11439237,9,Cook,0,21,,,4,N,No,Free Flow,202101294185,City,1,0.08,N,,,,(UNK),288703,(N/A),(UNK),No Defects,1,1,Local Road or Street,7,2630,X002373000,Not Toll,73,1,1,Not Divided,1,2946089.75618378,1910114.05105172,41.8862761,-87.78136808,,Urban,1,N,(N/A),Y,(N/A)
2021,2021-09-16,Thursday,09,09:46 AM,Injury,B Injury Crash,1,0,0,1,0,2,Front to Rear,11,N,N,Failing to Reduce Speed to Avoid Crash,Unable to Determine,Daylight,Clear,Dry,Y,,,,,Traffic Signal,Functioning Properly,N,3,41.8871071,-87.8049778,ok,(UNK),1,2105740,2021,,28,18,50000 and OVER,9,4295,Oak Park,C,Urban Other Principal Arte,,16,16,11439244,9,Cook,2,21,,,4,N,No,Stopped,202101294190,City,1,26.54,Y,,,,(UNK),288747,(N/A),(UNK),No Defects,1,1,Other Principal Arterial,3,5043,X002373001,Not Toll,73,3,4,"Divided, No Median Barrier",2,2939653.84429585,1910236.13589514,41.88709923,-87.80497201,,Urban,1,N,(N/A),Y,(N/A)
2021,2021-09-16,Thursday,18,06:28 PM,Injury,B Injury Crash,1,0,0,1,0,1,Pedalcyclist,2,N,Y,Unable to Determine,(N/A),Daylight,Clear,Dry,Y,,,,,Stop Sign,No Controls,N,1,41.886928,-87.7895462,ok,(UNK),1,2105756,2021,,18,99,50000 and OVER,9,4295,Oak Park,C,Urban Minor Collector,,16,16,11439257,9,Cook,2,21,,,4,N,No,(UNK),202101294204,City,1,0,N,,,,(UNK),288784,(N/A),(UNK),No Defects,1,1,Minor Collector,6,,X002373074,Not Toll,73,2,1,"Divided, No Median Barrier",2,2943857.82038482,1910286.96321391,41.88692014,-87.78954041,,Urban,1,N,(N/A),Y,(N/A)
2021,2021-06-14,Monday,17,05:58 PM,Injury,C Injury Crash,1,0,0,0,1,1,Pedalcyclist,2,N,Y,Following Too Closely,Unable to Determine,Daylight,Clear,Dry,Y,,,,,Traffic Signal,Functioning Properly,N,1,41.8816378,-87.7894057,ok,(UNK),1,2103495,2021,,3,18,50000 and OVER,9,4295,Oak Park,C,Urban Major Collector,,16,14,11322165,6,Cook,1,21,,,1,N,No,Free Flow,202101182853,City,1,0,N,,,,(UNK),289599,(N/A),(UNK),No Defects,1,1,Major Collector,5,,X002273858,Not Toll,73,3,4,Not Divided,1,2943949.50246124,1908360.17480147,41.88162994,-87.78939995,,Urban,1,N,(N/A),Y,(N/A)
2021,2021-09-10,Friday,15,03:30 PM,Injury,B Injury Crash,1,0,0,1,0,2,Front to Rear,11,N,N,Improper Overtaking/Passing,(N/A),Daylight,Clear,Dry,N,,,,,No Controls,No Controls,N,3,41.8737134,-87.8038013,ok,Partial Access Control,3,03-21-13260,2021,,4,99,50000 and OVER,9,4295,Oak Park,C,Urban InterState,,16,10,11439586,9,Cook,2,21,,,5,N,No,(UNK),202101294575,ISP,1,21.61,Y,,,,(UNK),289613,(N/A),(UNK),No Defects,1,1,InterState,1,9290,X002373397,Not Toll,73,1,1,Divided With Median Barrier,3,2940108.6708002,1905364.05508811,41.87370553,-87.8037955,,Urban,1,N,(N/A),Y,(N/A)
2021,2021-06-04,Friday,19,07:00 PM,Property Damage,No Injuries,0,0,0,0,0,2,Front to Rear,11,N,N,Following Too Closely,Failing to Reduce Speed to Avoid Crash,Daylight,Clear,Dry,N,,,,,Other,Functioning Properly,Y,2,41.8709978,-87.7755273,ok,Partial Access Control,3,03-21-08100,2021,,3,28,50000 and OVER,9,4295,Oak Park,C,Urban InterState,,16,4,11322993,6,Cook,0,21,,,5,N,No,(UNK),202101183874,ISP,1,9.15,Y,,,,(UNK),289620,(N/A),(UNK),No Defects,1,1,InterState,1,290,X002274641,Not Toll,,13,4,Divided With Median Barrier,3,2947837.12487613,1904587.80545195,41.8709899,-87.77552155,,Urban,1,N,(N/A),Y,(N/A)
2021,2021-06-15,Tuesday,07,07:04 AM,Property Damage,No Injuries,0,0,0,0,0,4,Turning,10,N,N,Failing to Yield Right of Way,Failing to Reduce Speed to Avoid Crash,Daylight,Clear,Dry,Y,,,,,Traffic Signal,Functioning Properly,N,2,41.8799384,-87.7795378,ok,(UNK),1,2103507,2021,,2,28,50000 and OVER,9,4295,Oak Park,C,Urban Minor Arterial,,16,15,11322176,6,Cook,0,21,,,2,N,No,Free Flow,202101182875,City,1,0.55,N,,,,(UNK),289633,(N/A),(UNK),No Defects,1,1,Minor Arterial,4,3794,X002273865,Not Toll,73,3,4,Four Way,14,2946654.11124584,1907815.50596634,41.87993051,-87.77953197,,Urban,1,N,(N/A),Y,(N/A)
2021,2021-06-16,Wednesday,13,01:59 PM,Injury,B Injury Crash,1,0,0,1,0,0,Parked Motor Vehicle,9,N,N,Failing to Reduce Speed to Avoid Crash,(N/A),Daylight,Clear,Dry,N,,,,,No Controls,No Controls,N,2,41.8761774,-87.798698,ok,(UNK),1,2103541,2021,,28,99,50000 and OVER,9,4295,Oak Park,C,Urban Local Road or Street,,16,16,11322178,6,Cook,2,21,,,3,N,No,(UNK),202101182879,City,1,0.25,N,,,,(UNK),289634,(N/A),(UNK),No Defects,1,1,Local Road or Street,7,2693,X002273883,Not Toll,73,1,1,Not Divided,1,2941473.85322195,1906300.29739462,41.87616951,-87.79869219,,Urban,1,N,(N/A),Y,(N/A)
2021,2021-06-16,Wednesday,08,08:10 AM,Property Damage,No Injuries,0,0,0,0,0,2,Front to Rear,11,N,N,Following Too Closely,Physical Condition of Driver,Daylight,Clear,Dry,N,,,,,No Controls,No Controls,N,2,41.8714939,-87.7820918,ok,Partial Access Control,3,03-21-08426,2021,,3,17,50000 and OVER,9,4295,Oak Park,C,Urban InterState,,16,16,11323378,6,Cook,0,21,,,3,N,No,(UNK),202101184236,ISP,1,8.82,Y,,,,(UNK),289776,(N/A),(UNK),No Defects,1,1,InterState,1,290,X002275004,Not Toll,73,1,1,Divided With Median Barrier,3,2946044.09250136,1904718.8557572,41.87148608,-87.78208598,,Urban,1,N,(N/A),Y,(N/A)
2021,2021-09-16,Thursday,10,10:27 AM,Injury,B Injury Crash,1,0,0,1,0,2,Sideswipe Same Direction,12,N,N,Improper Lane Usage,Unable to Determine,Daylight,Clear,Dry,N,,,,,No Controls,No Controls,N,2,41.8943109,-87.8052302,ok,(UNK),1,2100963,2021,,20,18,50000 and OVER,9,4295,Oak Park,C,Urban Other Principal Arte,,16,16,11440079,9,Cook,2,21,,,4,N,No,Slow,202101295039,City,1,18.66,Y,,,,(UNK),289838,(N/A),(UNK),No Defects,1,1,Other Principal Arterial,3,348,X002373869,Not Toll,73,1,1,"Divided, No Median Barrier",2,2939512.83004213,1912859.45279847,41.89430306,-87.8052244,,Urban,1,N,(N/A),Y,(N/A)
2021,2021-09-13,Monday,20,08:20 PM,Property Damage,No Injuries,0,0,0,0,0,1,Other Object,7,N,N,Physical Condition of Driver,Improper Lane Usage,Darkness / Lighted Road,Clear,Dry,N,,,,,No Controls,No Controls,N,1,41.8711788,-87.7784585,ok,Partial Access Control,3,03-21-13420,2021,,17,20,50000 and OVER,9,4295,Oak Park,C,Urban InterState,,16,13,11439646,9,Cook,0,21,,,1,N,No,(UNK),202101294632,ISP,5,9,Y,,,,(UNK),289846,(N/A),(UNK),No Defects,1,1,InterState,1,290,X002373457,Not Toll,,1,1,Divided With Median Barrier,3,2947036.90304429,1904631.54512033,41.87117096,-87.77845271,,Urban,1,N,(N/A),Y,(N/A)
2021,2021-06-02,Wednesday,09,09:10 AM,Property Damage,No Injuries,0,0,0,0,0,2,Front to Rear,11,N,N,Failing to Reduce Speed to Avoid Crash,(N/A),Daylight,Clear,Dry,N,,,,,Other Regualtory Sig,Functioning Properly,N,2,41.8731383,-87.7983217,ok,Partial Access Control,3,03-21-07576,2021,,28,99,50000 and OVER,9,4295,Oak Park,C,Urban InterState,,16,2,11323391,6,Cook,0,21,,,3,N,No,(UNK),202101184249,ISP,1,21.87,Y,,,,(UNK),289865,(N/A),(UNK),No Defects,1,1,InterState,1,9290,X002275017,Not Toll,73,10,4,Divided With Median Barrier,3,2941606.9230845,1905195.62563821,41.87313041,-87.79831587,,Urban,1,N,(N/A),Y,(N/A)
2021,2021-05-30,Sunday,08,08:54 AM,Property Damage,No Injuries,0,0,0,0,0,2,Front to Rear,11,N,N,Failing to Reduce Speed to Avoid Crash,(N/A),Daylight,Clear,Dry,N,,,,,Traffic Signal,Functioning Properly,N,2,41.8734962,-87.8032774,ok,Partial Access Control,3,03-21-07418,2021,,28,99,50000 and OVER,9,4295,Oak Park,C,Urban InterState,,16,30,11323425,5,Cook,0,21,,,7,N,No,(UNK),202101184281,ISP,1,0.04,Y,,,,(UNK),290066,(N/A),(UNK),No Defects,1,1,InterState,1,290,X002275050,Not Toll,,3,4,Ramp,11,2940253.55790445,1905288.83573472,41.87348834,-87.80327155,,Urban,1,N,(N/A),Y,(N/A)
2021,2021-09-16,Thursday,17,05:18 PM,Property Damage,No Injuries,0,0,0,0,0,2,Front to Rear,11,N,N,Following Too Closely,Failing to Reduce Speed to Avoid Crash,Daylight,Clear,Dry,N,,,,,Delineators,Functioning Properly,N,2,41.8724525,-87.7918957,ok,Partial Access Control,3,03-21-13562,2021,,3,28,50000 and OVER,9,4295,Oak Park,C,Urban InterState,,16,16,11440410,9,Cook,0,21,,,4,N,No,(UNK),202101295351,ISP,1,22.18,Y,,,,(UNK),290550,(N/A),(UNK),No Defects,1,1,InterState,1,9290,X002374185,Not Toll,73,14,4,Divided With Median Barrier,3,2943364.07951596,1904994.11629404,41.87244468,-87.79188987,,Urban,1,N,(N/A),Y,(N/A)
2021,2021-09-17,Friday,03,03:28 AM,Property Damage,No Injuries,0,0,0,0,0,1,Parked Motor Vehicle,9,N,N,Physical Condition of Driver,(N/A),Darkness / Lighted Road,Clear,Dry,N,,,,,No Controls,No Controls,N,2,41.8886778,-87.7975799,ok,(UNK),1,2105764,2021,,17,99,50000 and OVER,9,4295,Oak Park,C,Urban Major Collector,,16,17,11439313,9,Cook,0,21,,,5,N,No,(UNK),202101294266,City,5,0.17,N,,,,(UNK),290703,(N/A),(UNK),No Defects,1,1,Major Collector,5,1405,X002373107,Not Toll,73,1,1,Not Divided,1,2941652.54700866,1910864.11350384,41.88867,-87.79757412,,Urban,1,N,(N/A),Y,(N/A)
2021,2021-06-17,Thursday,07,07:11 AM,Property Damage,No Injuries,0,0,0,0,0,1,Fixed Object,6,N,N,Unable to Determine,Unable to Determine,Darkness / Lighted Road,Clear,Dry,N,,,,,No Controls,No Controls,Y,1,41.9092116,-87.7792414,ok,(UNK),1,2103553,2021,,18,18,50000 and OVER,9,4295,Oak Park,C,Urban Other Principal Arte,,16,17,11325585,6,Cook,0,21,BUILDING,,4,N,Yes,Free Flow,202101186263,City,5,7.29,Y,,,,(UNK),294164,(N/A),(UNK),No Defects,1,1,Other Principal Arterial,3,307,X002275082,Not Toll,73,1,1,"Divided, No Median Barrier",2,2946437.83186142,1918485.49234881,41.90920374,-87.77923557,,Urban,1,N,(N/A),Y,(N/A)
2021,2021-06-18,Friday,10,10:13 AM,Property Damage,No Injuries,0,0,0,0,0,1,Fixed Object,6,N,N,Failing to Reduce Speed to Avoid Crash,(N/A),Daylight,Clear,Dry,N,,,,,No Controls,No Controls,N,1,41.8870711,-87.7798947,ok,(UNK),1,2103593,2021,,28,99,50000 and OVER,9,4295,Oak Park,C,Urban Local Road or Street,,16,18,11325614,6,Cook,0,21,GARAGE DOOR,,5,N,No,Free Flow,202101186269,City,1,1.24,N,,,,(UNK),294216,(N/A),(UNK),No Defects,1,1,Local Road or Street,7,3036,X002276126,Not Toll,73,1,1,Other,8,2946484.57437612,1910412.12067631,41.88706329,-87.77988889,,Urban,1,N,(N/A),Y,(N/A)
2021,2021-06-15,Tuesday,11,11:45 AM,Property Damage,No Injuries,0,0,0,0,0,2,Front to Rear,11,N,N,Failing to Reduce Speed to Avoid Crash,Following Too Closely,Daylight,Clear,Dry,N,,,,,Other,Functioning Properly,N,2,41.8737613,-87.8043451,ok,Partial Access Control,3,03-21-08379,2021,,28,3,50000 and OVER,9,4295,Oak Park,C,Urban InterState,,16,15,11325622,6,Cook,0,21,,,2,N,No,(UNK),202101186274,ISP,1,21.59,Y,,,,(UNK),294220,(N/A),(UNK),No Defects,1,1,InterState,1,9290,X002276885,Not Toll,73,13,4,Divided With Median Barrier,3,2939960.06965748,1905377.43341954,41.87375344,-87.80433933,,Urban,1,N,(N/A),Y,(N/A)
2021,2021-06-18,Friday,15,03:17 PM,Injury,B Injury Crash,1,0,0,1,0,2,Sideswipe Same Direction,12,N,N,Improper Overtaking/Passing,Failing to Reduce Speed to Avoid Crash,Daylight,Clear,Dry,N,,,,,Delineators,Functioning Properly,N,3,41.8723597,-87.7889531,ok,Partial Access Control,3,03-21-08573,2021,,4,28,50000 and OVER,9,4295,Oak Park,C,Urban InterState,,16,18,11325138,6,Cook,2,21,,,5,N,No,(UNK),202101185882,ISP,1,22.34,Y,,,,(UNK),294321,(N/A),(UNK),No Defects,1,1,InterState,1,9290,X002276681,Not Toll,73,14,4,Divided With Median Barrier,3,2944166.5,1904982.5,41.87235189,-87.78894726,,Urban,1,N,(N/A),Y,(N/A)
2021,2021-06-19,Saturday,18,06:49 PM,Property Damage,No Injuries,0,0,0,0,0,3,Sideswipe Same Direction,12,N,N,Improper Overtaking/Passing,Failing to Reduce Speed to Avoid Crash,Daylight,Clear,Dry,N,,,,,Delineators,Functioning Properly,Y,3,41.8720708,-87.7888602,ok,Partial Access Control,3,03-21-08643,2021,,4,28,50000 and OVER,9,4295,Oak Park,C,Urban InterState,,16,19,11325251,6,Cook,0,21,,,6,N,No,(UNK),202101185992,ISP,1,8.46,Y,,,,(UNK),294720,(N/A),(UNK),No Defects,1,1,InterState,1,290,X002276793,Not Toll,,14,4,Divided With Median Barrier,3,2944194.71873089,1904877.92481117,41.872063,-87.78885437,,Urban,1,N,(N/A),Y,(N/A)
2021,2021-06-11,Friday,00,00:55 AM,Property Damage,No Injuries,0,0,0,0,0,2,Front to Rear,11,N,N,Following Too Closely,Improper Lane Usage,Darkness / Lighted Road,Clear,Dry,N,,,,,No Controls,Functioning Properly,N,2,41.8737753,-87.8044862,ok,Partial Access Control,3,03-21-08085,2021,,3,20,50000 and OVER,9,4295,Oak Park,C,Urban InterState,,16,11,11326382,6,Cook,0,21,,,5,N,No,(UNK),202101187030,ISP,5,21.6,Y,,,,(UNK),295419,(N/A),(UNK),No Defects,1,1,InterState,1,9290,X002277707,Not Toll,73,1,4,"Divided, No Median Barrier",2,2939921.5,1905381.5,41.8737675,-87.80448042,,Urban,1,N,(N/A),Y,(N/A)
2021,2021-08-30,Monday,14,02:12 PM,Property Damage,No Injuries,0,0,0,0,0,2,Angle,15,N,N,Failing to Reduce Speed to Avoid Crash,(N/A),Daylight,Clear,Dry,Y,,,,,Stop Sign,Functioning Properly,N,2,41.901617,-87.8009464,ok,(UNK),1,2105336,2021,,28,99,50000 and OVER,9,4295,Oak Park,C,Urban Major Collector,,16,30,11416751,8,Cook,0,21,,,1,N,No,Free Flow,202101271708,City,1,0,N,,,,(UNK),295546,(N/A),(UNK),No Defects,1,1,Major Collector,5,,X002354086,Not Toll,73,2,4,Not Divided,1,2940605.76816759,1915554.09605893,41.90160919,-87.80094057,,Urban,1,N,(N/A),Y,(N/A)
2021,2021-08-30,Monday,14,02:54 PM,Property Damage,No Injuries,0,0,0,0,0,1,Parked Motor Vehicle,9,N,N,Driving Skills/Knowledge/Experience,(N/A),Daylight,Clear,Dry,N,,,,,No Controls,No Controls,N,2,41.88153,-87.7877637,ok,(UNK),1,2105342,2021,,15,99,50000 and OVER,9,4295,Oak Park,C,Urban Local Road or Street,,16,30,11416819,8,Cook,0,21,,,1,N,No,Free Flow,202101271801,City,1,0.05,N,,,,(UNK),295590,(N/A),(UNK),No Defects,1,1,Local Road or Street,7,2650,X002354156,Not Toll,73,1,1,Not Divided,1,2944397.77780966,1908333.30495843,41.88152218,-87.78775789,,Urban,1,N,(N/A),Y,(N/A)
2021,2021-08-30,Monday,17,05:50 PM,Property Damage,No Injuries,0,0,0,0,0,1,Parked Motor Vehicle,9,N,N,Improper Lane Usage,(N/A),Daylight,Clear,Dry,N,,,,,No Controls,No Controls,Y,2,41.8801464,-87.7753078,ok,(UNK),1,2105346,2021,,20,99,50000 and OVER,9,4295,Oak Park,C,Urban Minor Arterial,,16,30,11416822,8,Cook,0,21,,,1,N,No,Free Flow,202101271804,City,1,0,N,,,,(UNK),295591,(N/A),(UNK),No Defects,1,1,Minor Arterial,4,,X002354166,Not Toll,73,1,1,Divided With Median Barrier,3,2947803.99465556,1907923.42813983,41.8801386,-87.77530197,,Urban,1,N,(N/A),Y,(N/A)
2021,2021-08-30,Monday,15,03:53 PM,Injury,C Injury Crash,1,0,0,0,1,3,Front to Rear,11,N,N,Failing to Reduce Speed to Avoid Crash,Unable to Determine,Daylight,Clear,Dry,N,,,,,Other,Other,N,2,41.8792685,-87.7942504,ok,(UNK),1,2105344,2021,,28,18,50000 and OVER,9,4295,Oak Park,C,Urban Major Collector,,16,30,11416831,8,Cook,1,21,,,1,N,No,Slow,202101271813,City,1,6.2,N,,,,(UNK),295599,(N/A),(UNK),No Defects,1,1,Major Collector,5,2775,X002354165,Not Toll,73,13,7,Not Divided,1,2942654.01245374,1907460.24677774,41.87926069,-87.79424465,,Urban,1,N,(N/A),Y,(N/A)
2022,2022-02-03,Thursday,19,07:30 PM,Property Damage,No Injuries,0,0,0,0,0,1,Sideswipe Same Direction,12,N,N,Failing to Reduce Speed to Avoid Crash,Under Influence of Alcohol/Drugs,Darkness / Lighted Road,Other,Snow or Slush,N,,,,,No Controls,No Controls,N,2,41.8727768,-87.7758,ok,(UNK),1,2200604,2022,,28,8,50000 and OVER,9,4295,Oak Park,C,Urban Local Road or Street,,16,3,11621911,2,Cook,0,22,STREET SIGN,,4,N,No,Slow,202201045695,City,5,0.44,N,,,,(UNK),809217,(N/A),(UNK),No Defects,1,3,Local Road or Street,7,4060,X002529876,Not Toll,73,1,1,Not Divided,1,2947744.8037296,1905234.06444127,41.87276898,-87.77579416,,Urban,7,N,(N/A),Y,(N/A)
2022,2022-01-21,Friday,11,11:00 AM,Property Damage,No Injuries,0,0,0,0,0,1,Parked Motor Vehicle,9,N,N,Failing to Reduce Speed to Avoid Crash,Unable to Determine,Unknown,Unknown,Unknown,N,,,,,No Controls,No Controls,Y,2,41.8860373,-87.8040852,ok,(UNK),1,2200574,2022,,28,18,50000 and OVER,9,4295,Oak Park,C,Urban Local Road or Street,,16,21,11621912,1,Cook,0,22,,,5,N,No,(UNK),202201045696,City,9,0.05,N,,,,(UNK),809218,(N/A),(UNK),Unknown,99,9,Local Road or Street,7,2718,X002529905,Not Toll,73,1,1,Not Divided,1,2939907.65060611,1909853.00069089,41.8860295,-87.8040794,,Urban,9,N,(N/A),N,(N/A)
2022,2022-05-10,Tuesday,3,03:19 AM,Property Damage,No Injuries,0,0,0,0,0,1,Parked Motor Vehicle,9,N,N,Driving Skills/Knowledge/Experience,Driving Skills/Knowledge/Experience,Darkness / Lighted Road,Clear,Dry,N,,,,,No Controls,No Controls,N,2,41.9018763,-87.7924241,ok,(UNK),1,2202595,2022,,15,15,50000 and OVER,9,4295,Oak Park,C,Urban Local Road or Street,,16,10,11728935,5,Cook,0,22,,,2,N,Yes,Slow,202201144785,City,5,0.49000001,N,,,,(UNK),809245,(N/A),(UNK),No Defects,1,1,Local Road or Street,7,2670,X002621426,Not Toll,73,1,1,Not Divided,1,2942923.31817738,1915712.69598305,41.90186842,-87.7924183,,Urban,1,N,(N/A),Y,(N/A)
2022,2022-02-04,Friday,0,00:01 AM,Property Damage,No Injuries,0,0,0,0,0,1,Parked Motor Vehicle,9,N,N,Improper Lane Usage,Failing to Reduce Speed to Avoid Crash,Darkness / Lighted Road,Clear,Snow or Slush,N,,,,,No Controls,No Controls,N,2,41.8799402,-87.7800915,ok,(UNK),1,2200607,2022,,20,28,50000 and OVER,9,4295,Oak Park,C,Urban Minor Arterial,,16,4,11622213,2,Cook,0,22,,,5,N,No,Free Flow,202201045931,City,5,4.34000015,N,,,,(UNK),810138,(N/A),(UNK),No Defects,1,3,Minor Arterial,4,1419,X002530162,Not Toll,73,1,1,"Divided, No Median Barrier",2,2946503.28010541,1907811.99408946,41.87993238,-87.78008573,,Urban,1,N,(N/A),Y,(N/A)
2022,2022-10-12,Wednesday,8,08:57 AM,Property Damage,No Injuries,0,0,0,0,0,2,Rear to Side,16,N,N,Failing to Reduce Speed to Avoid Crash,Unable to Determine,Daylight,Rain,Wet,N,,,,,No Controls,No Controls,N,2,41.8865399,-87.7879077,ok,(UNK),1,2206312,2022,,28,18,50000 and OVER,9,4295,Oak Park,C,Urban Local Road or Street,,16,12,11920480,10,Cook,0,22,,,3,N,No,Free Flow,202201327253,City,1,0.55000001,N,,,,(UNK),810755,(N/A),(UNK),No Defects,1,2,Local Road or Street,7,2650,X002789626,Not Toll,73,1,1,"Divided, No Median Barrier",2,2944307.92317785,1910157.90660649,41.88653205,-87.78790191,,Urban,2,N,(N/A),Y,(N/A)
2022,2022-07-27,Wednesday,13,01:50 PM,Property Damage,No Injuries,0,0,0,0,0,2,Front to Rear,11,N,N,Unable to Determine,(N/A),Daylight,Clear,Dry,N,,,,,No Controls,No Controls,Y,2,41.8715308,-87.7791848,ok,Partial Access Control,3,03-22-10633,2022,,18,99,50000 and OVER,9,4295,Oak Park,C,Urban InterState,,16,27,11826631,7,Cook,0,22,,,3,N,No,(UNK),202201239151,ISP,1,1.13999999,Y,,,,(UNK),812318,(N/A),(UNK),No Defects,1,1,InterState,1,3794,X002707198,Not Toll,73,1,1,Not Divided,1,2946835.51015316,1904754.31632224,41.87152296,-87.779179,,Urban,1,N,(N/A),Y,(N/A)