crash_year,crash_date,day_of_week,crash_hour,time_of_crash,crash_severity,crash_injury_severity,total_injured,total_fatals,a_injuries,b_injuries,c_injuries,no_injuries,type_of_first_crash,collision_type_code,pedestrian_involved,pedalcyclist_involved,cause1,cause2,lighting_cond,weather_cond,road_surface_cond,intersection_related,is_intersection,highway_or_street_name,at_intersection_with,address_no,traffic_control_device,traffic_control_device_cond,hit_and_run,number_of_vehicles,latitude,longitude,location_status,access_control,agency_code,agency_report_number,agency_report_year,alignment_code,cause1_code,cause2_code,city_class,city_class_code,city_code,city_name,city_township_flag,class_of_trafficway,class_of_trafficway_code,county_code,crash_day,crash_id,crash_month,crash_report_county,crash_severity_cd,crash_yr_source,damaged_property1,damaged_property2,day_of_week_code,did_crash_occur_in_work_zone,did_involve_secondary_crash,flow_condition,icn,investigating_agency_descrip,light_condition_code,mile_station,nhs,non_intersection_direction,non_intersection_distance,non_intersection_units,number_of_lanes,objectid,railroad_crossing_number,road_alignment,road_defects,road_defects_code,road_surface_condition_code,roadway_functional_class,roadway_functional_class_code,route_number,sfe,toll,township,traffic_control_device_code,traffic_control_device_cond_code,trafficway_descrip,trafficway_description_code,ts_crash_coordinate_x,ts_crash_coordinate_y,ts_crash_latitude,ts_crash_longitude,type_report,urban_rural,weather_code,were_workers_present,work_zone,work_zone_related,work_zone_type
2022,2022-02-13,Sunday,23,11:55 PM,Property Damage,No Injuries,0,0,0,0,0,4,Front to Rear,11,N,N,Failing to Reduce Speed to Avoid Crash,Following Too Closely,Darkness / Lighted Road,Clear,Dry,N,,,,,Other,Functioning Properly,N,2,41.8734198,-87.8008696,ok,Partial Access Control,3,03-22-02175,2022,,28,3,50000 and OVER,9,4295,Oak Park,C,Urban InterState,,16,13,11629849,2,Cook,0,22,,,7,N,No,(UNK),202201052538,ISP,5,21.75,Y,,,,(UNK),813053,(N/A),(UNK),No Defects,1,1,InterState,1,9290,X002536604,Not Toll,73,13,4,Divided With Median Barrier,3,2940910.11176254,1905279.06834778,41.87341193,-87.80086382,,Urban,1,N,(N/A),Y,(N/A)
2022,2022-03-27,Sunday,12,12:01 PM,Property Damage,No Injuries,0,0,0,0,0,2,Sideswipe Same Direction,12,N,N,Following Too Closely,Failing to Reduce Speed to Avoid Crash,Daylight,Clear,Dry,N,,,,,Other Warning Sign,Functioning Properly,N,2,41.871264,-87.7749417,ok,Partial Access Control,3,03-22-04162,2022,,3,28,50000 and OVER,9,4295,Oak Park,C,Urban InterState,,16,27,11680480,3,Cook,0,22,,,7,N,No,(UNK),202201100440,ISP,1,23.05999947,Y,,,,(UNK),813359,(N/A),(UNK),No Defects,1,1,InterState,1,9290,X002579628,Not Toll,73,11,4,Divided With Median Barrier,3,2947993.9456328,1904689.28966132,41.87125619,-87.77493587,,Urban,1,N,(N/A),Y,(N/A)
2022,2022-03-25,Friday,18,06:40 PM,Property Damage,No Injuries,0,0,0,0,0,2,Turning,10,N,N,Failing to Reduce Speed to Avoid Crash,Failing to Yield Right of Way,Dusk,Clear,Dry,N,,,,,Traffic Signal,Functioning Properly,N,2,41.9086461,-87.8057751,ok,(UNK),1,2201612,2022,,28,2,50000 and OVER,9,4295,Oak Park,C,Urban Other Principal Arte,,16,25,11681258,3,Cook,0,22,,,5,N,No,Slow,202201101221,City,3,17.67000008,Y,,,,(UNK),814649,(N/A),(UNK),No Defects,1,1,Other Principal Arterial,3,348,X002580077,Not Toll,73,3,4,"Divided, No Median Barrier",2,2939220.61564211,1918079.38531286,41.90863825,-87.80576933,,Urban,1,N,(N/A),Y,(N/A)
2022,2022-02-11,Friday,21,09:59 PM,Injury,C Injury Crash,1,0,0,0,1,3,Front to Rear,11,N,N,Failing to Reduce Speed to Avoid Crash,(N/A),Darkness,Clear,Dry,N,,,,,No Controls,No Controls,N,3,41.8704547,-87.7750816,ok,(UNK),3,03-22-02087,2022,,28,99,50000 and OVER,9,4295,Oak Park,C,Rural (UNK),,16,11,11631067,2,Cook,1,22,,,5,N,No,(UNK),202201053767,ISP,4,0,N,,,,(UNK),814829,(N/A),(UNK),No Defects,1,1,(UNK),0,,X002537676,No Toll,,1,1,Not Divided,1,2947964.06074052,1904393.28835489,41.87044684,-87.77507578,,Rural,1,N,(N/A),Y,(N/A)
2022,2022-03-26,Saturday,19,07:38 PM,Property Damage,No Injuries,0,0,0,0,0,3,Sideswipe Same Direction,12,N,N,Improper Lane Usage,Unable to Determine,Daylight,Clear,Dry,N,,,,,Traffic Signal,Functioning Properly,Y,2,41.8943651,-87.8052331,ok,(UNK),1,2201630,2022,,20,18,50000 and OVER,9,4295,Oak Park,C,Urban Other Principal Arte,,16,26,11681444,3,Cook,0,22,,,6,N,No,Free Flow,202201101394,City,1,18.65999985,Y,,,,(UNK),815032,(N/A),(UNK),No Defects,1,1,Other Principal Arterial,3,348,X002580493,Not Toll,73,3,4,"Divided, No Median Barrier",2,2939511.50515745,1912879.16310791,41.89435721,-87.80522727,,Urban,1,N,(N/A),Y,(N/A)
2022,2022-03-27,Sunday,8,08:00 AM,Property Damage,No Injuries,0,0,0,0,0,3,Turning,10,N,N,Failing to Yield Right of Way,(N/A),Daylight,Clear,Dry,N,,,,,No Controls,No Controls,N,2,41.8815708,-87.7954527,ok,(UNK),1,2201633,2022,,2,99,50000 and OVER,9,4295,Oak Park,C,Urban Major Collector,,16,27,11681445,3,Cook,0,22,,,7,N,No,Free Flow,202201101395,City,1,0.47999999,N,,,,(UNK),815034,(N/A),(UNK),No Defects,1,1,Major Collector,5,5,X002580494,Not Toll,73,1,1,"Divided, No Median Barrier",2,2942303.38207544,1908290.17941391,41.88156295,-87.79544695,,Urban,1,N,(N/A),Y,(N/A)
2022,2022-03-27,Sunday,20,08:24 PM,Property Damage,No Injuries,0,0,0,0,0,3,Angle,15,N,N,Failing to Yield Right of Way,Unable to Determine,Darkness / Lighted Road,Clear,Dry,Y,,,,,Stop Sign,Functioning Properly,N,2,41.8946279,-87.7799846,ok,(UNK),1,2201640,2022,,2,18,50000 and OVER,9,4295,Oak Park,C,Urban Minor Arterial,,16,27,11681447,3,Cook,0,22,,,7,N,Yes,Free Flow,202201101396,City,5,0,N,,,,(UNK),815035,(N/A),(UNK),No Defects,1,1,Minor Arterial,4,,X002580495,Not Toll,73,2,4,T-Intersection,15,2946383.44509783,1913165.26239919,41.89462003,-87.77997883,,Urban,1,N,(N/A),Y,(N/A)
2022,2022-10-14,Friday,13,01:26 PM,Property Damage,No Injuries,0,0,0,0,0,2,Angle,15,N,N,Failing to Reduce Speed to Avoid Crash,(N/A),Daylight,Clear,Dry,Y,,,,,Stop Sign,Functioning Properly,N,2,41.8851354,-87.7895057,ok,(UNK),1,2206360,2022,,28,99,50000 and OVER,9,4295,Oak Park,C,Urban Minor Collector,,16,14,11923771,10,Cook,0,22,,,5,N,No,Free Flow,202201330452,City,1,0,N,,,,(UNK),815072,(N/A),(UNK),No Defects,1,1,Minor Collector,6,,X002792347,Not Toll,73,2,4,Not Divided,1,2943886.96341116,1909634.03212677,41.88512759,-87.78949987,,Urban,1,N,(N/A),Y,(N/A)
2022,2022-07-28,Thursday,17,05:39 PM,Property Damage,No Injuries,0,0,0,0,0,2,Angle,15,N,N,Improper Lane Usage,Failing to Yield Right of Way,Daylight,Clear,Dry,N,,,,,Traffic Signal,Functioning Properly,N,2,41.8736411,-87.8045214,ok,Partial Access Control,1,22-02281,2022,,20,2,50000 and OVER,9,4295,Oak Park,C,Urban InterState,,16,28,11828416,7,Cook,0,22,,,4,N,No,Slow,202201240950,City,1,25.61000061,Y,,,,(UNK),815091,(N/A),(UNK),No Defects,1,1,InterState,1,5043,X002708596,Not Toll,73,3,4,Divided With Median Barrier,3,2939913.27270409,1905332.30747795,41.87363324,-87.80451558,,Urban,1,N,(N/A),Y,(N/A)
2022,2022-10-13,Thursday,20,08:07 PM,Property Damage,No Injuries,0,0,0,0,0,3,Angle,15,N,N,Failing to Yield Right of Way,Failing to Reduce Speed to Avoid Crash,Darkness / Lighted Road,Clear,Dry,Y,,,,,Stop Sign,Functioning Properly,N,2,41.8707767,-87.7792157,ok,(UNK),1,2206350,2022,,2,28,50000 and OVER,9,4295,Oak Park,C,Urban Minor Collector,,16,13,11923766,10,Cook,0,22,,,4,N,No,Slow,202201330447,City,5,0,N,,,,(UNK),815102,(N/A),(UNK),No Defects,1,1,Minor Collector,6,,X002792342,Not Toll,73,2,4,Four Way,14,2946834.72654445,1904479.26150701,41.87076883,-87.77920995,,Urban,1,N,(N/A),Y,(N/A)
2022,2022-10-13,Thursday,20,08:35 PM,Injury,B Injury Crash,1,0,0,1,0,2,Pedestrian,1,Y,N,Failing to Yield Right of Way,(N/A),Darkness / Lighted Road,Clear,Dry,Y,,,,,Traffic Signal,Functioning Properly,N,1,41.8815871,-87.7943358,ok,(UNK),1,2206349,2022,,2,99,50000 and OVER,9,4295,Oak Park,C,Urban Major Collector,,16,13,11923767,10,Cook,2,22,,,4,N,No,Free Flow,202201330448,City,5,0,N,,,,(UNK),815103,(N/A),(UNK),No Defects,1,1,Major Collector,5,,X002792343,Not Toll,73,3,4,Not Divided,1,2942607.40622153,1908304.52915419,41.88157924,-87.79432998,,Urban,1,N,(N/A),Y,(N/A)
2022,2022-10-13,Thursday,12,12:15 PM,Property Damage,No Injuries,0,0,0,0,0,2,Turning,10,N,N,Equipment-Vehicle Condition,Failing to Reduce Speed to Avoid Crash,Daylight,Clear,Dry,N,,,,,Traffic Signal,Functioning Properly,N,2,41.8942278,-87.8049484,ok,(UNK),1,2206341,2022,,10,28,50000 and OVER,9,4295,Oak Park,C,Urban Minor Arterial,,16,13,11923768,10,Cook,0,22,,,4,N,No,Free Flow,202201330449,City,1,2.56999993,N,,,,(UNK),815104,(N/A),(UNK),No Defects,1,1,Minor Arterial,4,1398,X002792344,Not Toll,73,3,4,"Divided, No Median Barrier",2,2939590.39508805,1912831.29790577,41.89422,-87.80494259,,Urban,1,N,(N/A),Y,(N/A)
2022,2022-07-29,Friday,11,11:21 AM,Property Damage,No Injuries,0,0,0,0,0,2,Rear to Front,18,N,N,Improper Backing,(N/A),Daylight,Clear,Dry,Y,,,,,No Controls,No Controls,N,2,41.8813878,-87.8047858,ok,(UNK),1,22-02289,2022,,30,99,50000 and OVER,9,4295,Oak Park,C,Urban Other Principal Arte,,16,29,11828418,7,Cook,0,22,,,5,N,No,Stopped,202201240952,City,1,26.13999939,Y,,,,(UNK),815116,(N/A),(UNK),No Defects,1,1,Other Principal Arterial,3,5043,X002708598,Not Toll,73,1,1,Not Divided,1,2939763.52364909,1908153.38389951,41.88138,-87.80478,,Urban,1,N,(N/A),Y,(N/A)
2022,2022-07-30,Saturday,1,01:35 AM,Property Damage,No Injuries,0,0,0,0,0,2,Sideswipe Same Direction,12,N,N,Failing to Reduce Speed to Avoid Crash,Improper Lane Usage,Darkness / Lighted Road,Clear,Dry,N,,,,,No Controls,No Controls,N,2,41.8734178,-87.8037771,ok,Partial Access Control,3,03-22-10766,2022,,28,20,50000 and OVER,9,4295,Oak Park,C,Urban InterState,,16,30,11828700,7,Cook,0,22,,,6,N,No,(UNK),202201241227,ISP,5,7.73000002,Y,,,,(UNK),815825,(N/A),(UNK),No Defects,1,1,InterState,1,290,X002708873,Not Toll,,1,1,Divided With Median Barrier,3,2940118.22880436,1905256.53594693,41.87340999,-87.8037713,,Urban,1,N,(N/A),Y,(N/A)
2022,2022-07-30,Saturday,0,00:35 AM,Property Damage,No Injuries,0,0,0,0,0,2,Front to Rear,11,N,N,Failing to Reduce Speed to Avoid Crash,Following Too Closely,Darkness / Lighted Road,Clear,Dry,N,,,,,Other,Functioning Properly,N,2,41.8737712,-87.8044603,ok,Partial Access Control,3,03-22-10765,2022,,28,3,50000 and OVER,9,4295,Oak Park,C,Urban InterState,,16,30,11828703,7,Cook,0,22,,,6,N,No,(UNK),202201241230,ISP,5,21.57999992,Y,,,,(UNK),815837,(N/A),(UNK),No Defects,1,1,InterState,1,9290,X002708876,Not Toll,73,13,4,Divided With Median Barrier,3,2939928.59732847,1905380.16766356,41.87376331,-87.80445452,,Urban,1,N,(N/A),Y,(N/A)
2022,2022-02-13,Sunday,3,03:00 AM,Injury,C Injury Crash,1,0,0,0,1,1,Fixed Object,6,N,N,Equipment-Vehicle Condition,Driving Skills/Knowledge/Experience,Darkness / Lighted Road,Clear,Dry,Y,,,,,No Controls,No Controls,N,1,41.8798972,-87.7830236,ok,(UNK),1,2200782,2022,,10,15,50000 and OVER,9,4295,Oak Park,C,Urban Minor Arterial,,16,13,11631615,2,Cook,1,22,BUILDING,LIGHT POLE,7,N,No,Free Flow,202201054308,City,5,4.19999981,N,,,,(UNK),815843,(N/A),(UNK),No Defects,1,1,Minor Arterial,4,1419,X002538126,Not Toll,73,1,1,Not Divided,1,2945705.20146216,1907774.1097828,41.87988936,-87.78301778,,Urban,1,N,(N/A),Y,(N/A)
2022,2022-07-27,Wednesday,16,04:00 PM,Property Damage,No Injuries,0,0,0,0,0,2,Front to Rear,11,N,N,Failing to Reduce Speed to Avoid Crash,Driving Skills/Knowledge/Experience,Daylight,Clear,Dry,N,,,,,Traffic Signal,Functioning Improperly,N,2,41.8735229,-87.8028894,ok,Partial Access Control,3,03-22-10672,2022,,28,15,50000 and OVER,9,4295,Oak Park,C,Urban InterState,,16,27,11828821,7,Cook,0,22,,,3,N,No,(UNK),202201241344,ISP,1,0.18000001,Y,,,,(UNK),816172,(N/A),(UNK),No Defects,1,1,InterState,1,290,X002708992,Not Toll,,3,3,Ramp,11,2940358.95296717,1905301.47965981,41.87351504,-87.80288361,,Urban,1,N,(N/A),Y,(N/A)
2022,2022-07-28,Thursday,8,08:04 AM,Property Damage,No Injuries,0,0,0,0,0,3,Front to Rear,11,N,N,Failing to Reduce Speed to Avoid Crash,Driving Skills/Knowledge/Experience,Daylight,Clear,Dry,N,,,,,No Controls,No Controls,N,2,41.8726122,-87.7937276,ok,Partial Access Control,3,03-22-10663,2022,,28,15,50000 and OVER,9,4295,Oak Park,C,Urban InterState,,16,28,11828820,7,Cook,0,22,,,4,N,No,(UNK),202201241343,ISP,1,22.07999992,Y,,,,(UNK),816173,(N/A),(UNK),No Defects,1,1,InterState,1,9290,X002708991,Not Toll,73,1,1,Divided With Median Barrier,3,2942863.5,1905038.5,41.87260436,-87.79372182,,Urban,1,N,(N/A),Y,(N/A)
2022,2022-10-14,Friday,9,09:57 AM,Injury,C Injury Crash,3,0,0,0,3,1,Sideswipe Opposite Direction,13,N,N,Failing to Reduce Speed to Avoid Crash,Improper Lane Usage,Darkness / Lighted Road,Rain,Wet,N,,,,,Traffic Signal,Functioning Properly,N,3,41.8770054,-87.8046292,ok,(UNK),1,22-03096,2022,,28,20,50000 and OVER,9,4295,Oak Park,C,Urban Other Principal Arte,,16,14,11924516,10,Cook,1,22,,,5,N,No,Slow,202201331183,City,5,19.86000061,Y,,,,(UNK),816750,(N/A),(UNK),No Defects,1,2,Other Principal Arterial,3,348,X002793060,Not Toll,73,3,4,"Divided, No Median Barrier",2,2939850.14709482,1906557.5336842,41.8769976,-87.8046234,,Urban,2,N,(N/A),Y,(N/A)
2022,2022-10-15,Saturday,9,09:45 AM,Property Damage,No Injuries,0,0,0,0,0,1,Parked Motor Vehicle,9,N,N,Failing to Reduce Speed to Avoid Crash,Unable to Determine,Daylight,Clear,Dry,N,,,,,No Controls,No Controls,Y,2,41.8802814,-87.784454,ok,(UNK),1,2206393,2022,,28,18,50000 and OVER,9,4295,Oak Park,C,Urban Major Collector,,16,15,11924606,10,Cook,0,22,,,6,N,No,Slow,202201331276,City,1,1.49000001,N,,,,(UNK),817047,(N/A),(UNK),No Defects,1,1,Major Collector,5,2783,X002793147,Not Toll,73,1,1,"Divided, No Median Barrier",2,2945311.76184295,1907903.28650788,41.88027352,-87.78444817,,Urban,1,N,(N/A),Y,(N/A)
2022,2022-10-12,Wednesday,23,11:50 PM,Property Damage,No Injuries,0,0,0,0,0,1,Parked Motor Vehicle,9,N,N,Failing to Reduce Speed to Avoid Crash,(N/A),Darkness / Lighted Road,Unknown,Dry,N,,,,,No Controls,No Controls,Y,2,41.8673663,-87.7803349,ok,(UNK),1,2206391,2022,,28,99,50000 and OVER,9,4295,Oak Park,C,Urban Local Road or Street,,16,12,11924604,10,Cook,0,22,,,3,N,No,Free Flow,202201331273,City,5,0.22,N,,,,(UNK),817049,(N/A),(UNK),No Defects,1,1,Local Road or Street,7,2630,X002793145,Not Toll,73,1,1,Not Divided,1,2946564.47233909,1903227.97599645,41.86735845,-87.78032906,,Urban,9,N,(N/A),Y,(N/A)
2022,2022-03-29,Tuesday,11,11:14 AM,Property Damage,No Injuries,0,0,0,0,0,1,Parked Motor Vehicle,9,N,N,Unable to Determine,(N/A),Darkness,Unknown,Unknown,N,,,,,No Controls,No Controls,Y,2,41.8696032,-87.7841166,ok,(UNK),1,2201664,2022,,18,99,50000 and OVER,9,4295,Oak Park,C,Urban Major Collector,,16,29,11682472,3,Cook,0,22,,,2,N,No,Free Flow,202201102476,City,4,2.23000002,N,,,,(UNK),817115,(N/A),(UNK),No Defects,1,9,Major Collector,5,2783,X002581495,Not Toll,73,1,1,"Divided, No Median Barrier",2,2945511.70693504,1904014.50033189,41.86959531,-87.78411083,,Urban,9,N,(N/A),Y,(N/A)
2022,2022-03-28,Monday,7,07:08 AM,Injury,B Injury Crash,1,0,0,1,0,0,Parked Motor Vehicle,9,N,N,Failing to Reduce Speed to Avoid Crash,(N/A),Daylight,Clear,Dry,N,,,,,No Controls,No Controls,N,2,41.869079,-87.7768111,ok,(UNK),1,2201646,2022,,28,99,50000 and OVER,9,4295,Oak Park,C,Urban Local Road or Street,,16,28,11682494,3,Cook,2,22,,,1,N,No,Free Flow,202201102496,City,1,1.33000004,N,,,,(UNK),817122,(N/A),(UNK),No Defects,1,1,Local Road or Street,7,4090,X002581493,Not Toll,73,1,1,Not Divided,1,2947506.93589207,1903878.82455553,41.86907113,-87.77680531,,Urban,1,N,(N/A),Y,(N/A)
2022,2022-03-28,Monday,11,11:17 AM,Property Damage,No Injuries,0,0,0,0,0,2,Front to Rear,11,N,N,Following Too Closely,(N/A),Daylight,Clear,Dry,N,,,,,No Controls,No Controls,N,2,41.8717117,-87.7939755,ok,(UNK),1,2201651,2022,,3,99,50000 and OVER,9,4295,Oak Park,C,Urban Major Collector,,16,28,11682881,3,Cook,0,22,,,1,N,No,Free Flow,202201102830,City,1,6.71000004,N,,,,(UNK),817783,(N/A),(UNK),No Defects,1,1,Major Collector,5,2775,X002581760,Not Toll,73,1,1,"Divided, No Median Barrier",2,2942805.05841684,1904708.4728959,41.87170386,-87.79396971,,Urban,1,N,(N/A),Y,(N/A)
2022,2022-03-28,Monday,7,07:27 AM,Property Damage,No Injuries,0,0,0,0,0,5,Angle,15,N,N,Unable to Determine,Unable to Determine,Daylight,Clear,Dry,Y,,,,,Stop Sign,Functioning Properly,N,2,41.8881782,-87.7798058,ok,(UNK),1,2201648,2022,,18,18,50000 and OVER,9,4295,Oak Park,C,Urban Major Collector,,16,28,11682879,3,Cook,0,22,,,1,N,No,Free Flow,202201102829,City,1,0,N,,,,(UNK),817784,(N/A),(UNK),No Defects,1,1,Major Collector,5,,X002581755,Not Toll,73,2,4,Not Divided,1,2946497.54992721,1910816.2447407,41.88817039,-87.77980001,,Urban,1,N,(N/A),Y,(N/A)
2022,2022-03-29,Tuesday,18,06:32 PM,Property Damage,No Injuries,0,0,0,0,0,3,Angle,15,N,N,Failing to Yield Right of Way,Unable to Determine,Daylight,Clear,Dry,N,,,,,No Controls,No Controls,N,2,41.8800156,-87.7840082,ok,(UNK),1,2201674,2022,,2,18,50000 and OVER,9,4295,Oak Park,C,Urban Minor Arterial,,16,29,11682876,3,Cook,0,22,,,2,N,No,Slow,202201102828,City,1,0,N,,,,(UNK),817787,(N/A),(UNK),No Defects,1,1,Minor Arterial,4,,X002581763,Not Toll,73,1,1,Not Divided,1,2945435.83917587,1907809.79206096,41.88000772,-87.78400245,,Urban,1,N,(N/A),Y,(N/A)
2022,2022-07-30,Saturday,15,03:51 PM,Property Damage,No Injuries,0,0,0,0,0,7,Front to Rear,11,N,N,Failing to Reduce Speed to Avoid Crash,Following Too Closely,Daylight,Clear,Dry,Y,,,,,Traffic Signal,Functioning Properly,N,3,41.8978908,-87.805386,ok,(UNK),1,2200817,2022,,28,3,50000 and OVER,9,4295,Oak Park,C,Urban Other Principal Arte,,16,30,11829830,7,Cook,0,22,,,6,N,No,Free Flow,202201242290,City,1,27.29000092,Y,,,,(UNK),818098,(N/A),(UNK),No Defects,1,1,Other Principal Arterial,3,5043,X002709933,Not Toll,73,3,4,Four Way,14,2939434.47768258,1914162.87548532,41.89788298,-87.80538023,,Urban,1,N,(N/A),Y,(N/A)
2022,2022-07-29,Friday,23,11:43 PM,Property Damage,No Injuries,0,0,0,0,0,5,Turning,10,N,N,Failing to Reduce Speed to Avoid Crash,Unable to Determine,Darkness / Lighted Road,Clear,Dry,Y,,,,,No Controls,No Controls,N,2,41.8833441,-87.7943393,ok,(UNK),1,2204530,2022,,28,18,50000 and OVER,9,4295,Oak Park,C,Urban Major Collector,,16,29,11830092,7,Cook,0,22,,,5,N,No,Slow,202201242596,City,5,5.9000001,N,,,,(UNK),818593,(N/A),(UNK),No Defects,1,1,Major Collector,5,2775,X002710160,Not Toll,73,1,1,Other,8,2942588.74168144,1908944.77967369,41.88333623,-87.79433349,,Urban,1,N,(N/A),Y,(N/A)
2022,2022-07-28,Thursday,12,12:58 PM,Property Damage,No Injuries,0,0,0,0,0,4,Angle,15,N,N,Failing to Yield Right of Way,(N/A),Daylight,Clear,Dry,Y,,,,,Stop Sign,Functioning Properly,N,3,41.875418,-87.799718,ok,(UNK),1,2204481,2022,,2,99,50000 and OVER,9,4295,Oak Park,C,Urban Local Road or Street,,16,28,11830182,7,Cook,0,22,,,4,N,Yes,Stopped,202201242734,City,1,0,N,,,,(UNK),818856,(N/A),(UNK),No Defects,1,1,Local Road or Street,7,,X002710246,Not Toll,73,2,4,Four Way,14,2941203.69071852,1906015.89806109,41.87541013,-87.79971218,,Urban,1,N,(N/A),Y,(N/A)
2022,2022-10-17,Monday,7,07:05 AM,Property Damage,No Injuries,0,0,0,0,0,2,Sideswipe Same Direction,12,N,N,Equipment-Vehicle Condition,Driving Skills/Knowledge/Experience,Daylight,Clear,Dry,N,,,,,No Controls,No Controls,N,2,41.8725367,-87.7945891,ok,Partial Access Control,3,03-22-15095,2022,,10,15,50000 and OVER,9,4295,Oak Park,C,Urban InterState,,16,17,11926382,10,Cook,0,22,,,1,N,No,(UNK),202201332523,ISP,1,8.15999985,Y,,,,(UNK),819640,(N/A),(UNK),No Defects,1,1,InterState,1,290,X002794346,Not Toll,,1,1,Divided With Median Barrier,3,2942629.6063898,1905004.50828242,41.87252889,-87.79458334,,Urban,1,N,(N/A),Y,(N/A)
2022,2022-02-01,Tuesday,15,03:15 PM,Property Damage,No Injuries,0,0,0,0,0,3,Front to Rear,11,N,N,Failing to Reduce Speed to Avoid Crash,Following Too Closely,Daylight,Rain,Wet,N,,,,,Traffic Signal,Functioning Properly,N,3,41.8735093,-87.8034248,ok,Partial Access Control,3,03-22-01548,2022,,28,3,50000 and OVER,9,4295,Oak Park,C,Urban InterState,,16,1,11622699,2,Cook,0,22,,,2,N,No,(UNK),202201046389,ISP,1,0.04,Y,,,,(UNK),819819,(N/A),(UNK),No Defects,1,2,InterState,1,290,X002530670,Not Toll,,3,4,Divided With Median Barrier,3,2940213.26509705,1905292.51755108,41.87350148,-87.803419,,Urban,2,N,(N/A),Y,(N/A)
2022,2022-03-26,Saturday,2,02:35 AM,Property Damage,No Injuries,0,0,0,0,0,4,Front to Rear,11,N,N,Failing to Reduce Speed to Avoid Crash,Disregarding Traffic Signals,Darkness / Lighted Road,Clear,Dry,N,,,,,Traffic Signal,Functioning Properly,N,2,41.8738542,-87.8068826,ok,Partial Access Control,3,03-22-04080,2022,,28,25,50000 and OVER,9,4295,Oak Park,C,Urban InterState,,16,26,11683421,3,Cook,0,22,,,6,N,No,(UNK),202201103367,ISP,5,0.14,Y,,,,(UNK),820041,(N/A),(UNK),No Defects,1,1,InterState,1,290,X002582303,Not Toll,,3,4,Ramp,11,2939268.00878526,1905392.29129423,41.87384641,-87.80687684,,Urban,1,N,(N/A),Y,(N/A)
2022,2022-07-31,Sunday,14,02:24 PM,Property Damage,No Injuries,0,0,0,0,0,2,Front to Rear,11,N,N,Failing to Reduce Speed to Avoid Crash,(N/A),Daylight,Clear,Dry,N,,,,,Other,Functioning Properly,N,2,41.8712477,-87.7746683,ok,Partial Access Control,3,03-22-10852,2022,,28,99,50000 and OVER,9,4295,Oak Park,C,Urban InterState,,16,31,11831064,7,Cook,0,22,,,7,N,No,(UNK),202201243646,ISP,1,23.06999969,Y,,,,(UNK),820300,(N/A),(UNK),No Defects,1,1,InterState,1,9290,X002711075,Not Toll,73,13,4,Divided With Median Barrier,3,2948068.5821088,1904685.40382128,41.87123983,-87.77466246,,Urban,1,N,(N/A),Y,(N/A)
2022,2022-03-28,Monday,1,01:05 AM,Property Damage,No Injuries,0,0,0,0,0,2,Angle,15,N,N,Operating Vehicle In Reckless Manner,Disregarding Traffic Signals,Darkness / Lighted Road,Clear,Dry,Y,,,,,Traffic Signal,Functioning Properly,N,2,41.8885679,-87.8050253,ok,(UNK),1,2200316,2022,,50,25,50000 and OVER,9,4295,Oak Park,C,Urban Other Principal Arte,,16,28,11683582,3,Cook,0,22,FENCE,FENCE,1,N,Yes,Free Flow,202201103509,City,5,26.63999939,Y,,,,(UNK),820624,(N/A),(UNK),No Defects,1,1,Other Principal Arterial,3,5043,X002582380,Not Toll,73,3,4,Four Way,14,2939626.25962809,1910768.11765044,41.88856002,-87.80501948,,Urban,1,N,(N/A),Y,(N/A)
2022,2022-07-31,Sunday,2,02:40 AM,Property Damage,No Injuries,0,0,0,0,0,2,Sideswipe Same Direction,12,N,N,Following Too Closely,Operating Vehicle In Reckless Manner,Darkness / Lighted Road,Clear,Dry,N,,,,,Unknown,Functioning Properly,Y,2,41.8714525,-87.7779503,ok,Partial Access Control,3,03-22-10825,2022,,3,50,50000 and OVER,9,4295,Oak Park,C,Urban InterState,,16,31,11831211,7,Cook,0,22,,,7,N,No,(UNK),202201243801,ISP,5,22.89999962,Y,,,,(UNK),820663,(N/A),(UNK),No Defects,1,1,InterState,1,9290,X002711218,Not Toll,73,99,4,Divided With Median Barrier,3,2947172.54701583,1904735.15124855,41.87144469,-87.77794452,,Urban,1,N,(N/A),Y,(N/A)
2022,2022-08-01,Monday,15,03:53 PM,Injury,B Injury Crash,1,0,0,1,0,0,Parked Motor Vehicle,9,N,N,Improper Lane Usage,Failing to Reduce Speed to Avoid Crash,Daylight,Clear,Dry,Y,,,,,No Controls,No Controls,N,2,41.901617,-87.8009464,ok,(UNK),1,2200823,2022,,20,28,50000 and OVER,9,4295,Oak Park,C,Urban Major Collector,,16,1,11831285,8,Cook,2,22,,,1,N,No,Free Flow,202201243881,City,1,0,N,,,,(UNK),820827,(N/A),(UNK),No Defects,1,1,Major Collector,5,,X002711289,Not Toll,73,1,1,Not Divided,1,2940605.75550423,1915554.09537238,41.90160919,-87.80094062,,Urban,1,N,(N/A),Y,(N/A)