crash_year,crash_date,day_of_week,crash_hour,time_of_crash,crash_severity,crash_injury_severity,total_injured,total_fatals,a_injuries,b_injuries,c_injuries,no_injuries,type_of_first_crash,collision_type_code,pedestrian_involved,pedalcyclist_involved,cause1,cause2,lighting_cond,weather_cond,road_surface_cond,intersection_related,is_intersection,highway_or_street_name,at_intersection_with,address_no,traffic_control_device,traffic_control_device_cond,hit_and_run,number_of_vehicles,latitude,longitude,location_status,access_control,agency_code,agency_report_number,agency_report_year,alignment_code,cause1_code,cause2_code,city_class,city_class_code,city_code,city_name,city_township_flag,class_of_trafficway,class_of_trafficway_code,county_code,crash_day,crash_id,crash_month,crash_report_county,crash_severity_cd,crash_yr_source,damaged_property1,damaged_property2,day_of_week_code,did_crash_occur_in_work_zone,did_involve_secondary_crash,flow_condition,icn,investigating_agency_descrip,light_condition_code,mile_station,nhs,non_intersection_direction,non_intersection_distance,non_intersection_units,number_of_lanes,objectid,railroad_crossing_number,road_alignment,road_defects,road_defects_code,road_surface_condition_code,roadway_functional_class,roadway_functional_class_code,route_number,sfe,toll,township,traffic_control_device_code,traffic_control_device_cond_code,trafficway_descrip,trafficway_description_code,ts_crash_coordinate_x,ts_crash_coordinate_y,ts_crash_latitude,ts_crash_longitude,type_report,urban_rural,weather_code,were_workers_present,work_zone,work_zone_related,work_zone_type
2022,2022-07-27,Wednesday,15,03:22 PM,Property Damage,No Injuries,0,0,0,0,0,2,Front to Rear,11,N,N,Failing to Reduce Speed to Avoid Crash,Following Too Closely,Daylight,Rain,Wet,N,,,,,Other,Functioning Properly,Y,2,41.8716029,-87.7802683,ok,Partial Access Control,3,03-22-10637,2022,,28,3,50000 and OVER,9,4295,Oak Park,C,Urban InterState,,16,27,11831330,7,Cook,0,22,,,3,N,No,(UNK),202201243928,ISP,1,22.79000092,Y,,,,(UNK),820938,(N/A),(UNK),No Defects,1,2,InterState,1,9290,X002711334,Not Toll,73,13,4,Divided With Median Barrier,3,2946539.66556019,1904772.37384614,41.87159505,-87.78026248,,Urban,2,N,(N/A),Y,(N/A)
2022,2022-03-30,Wednesday,15,03:44 PM,Property Damage,No Injuries,0,0,0,0,0,3,Angle,15,N,N,Failing to Yield Right of Way,Unable to Determine,Daylight,Rain,Wet,Y,,,,,Stop Sign,Functioning Properly,N,2,41.876188,-87.7892168,ok,(UNK),1,2201689,2022,,2,18,50000 and OVER,9,4295,Oak Park,C,Urban Minor Collector,,16,30,11684756,3,Cook,0,22,,,3,N,No,Free Flow,202201104543,City,1,0,N,,,,(UNK),823408,(N/A),(UNK),No Defects,1,2,Minor Collector,6,,X002583342,Not Toll,73,2,4,Four Way,14,2944056.01189946,1906375.61068976,41.87618018,-87.78921097,,Urban,2,N,(N/A),Y,(N/A)
2022,2022-08-02,Tuesday,18,06:26 PM,Property Damage,No Injuries,0,0,0,0,0,2,Front to Rear,11,N,N,Failing to Reduce Speed to Avoid Crash,Following Too Closely,Daylight,Clear,Dry,N,,,,,No Controls,No Controls,N,2,41.8710581,-87.7761398,ok,Partial Access Control,3,03-22-10973,2022,,28,3,50000 and OVER,9,4295,Oak Park,C,Urban InterState,,16,2,11832257,8,Cook,0,22,,,2,N,No,(UNK),202201244974,ISP,1,9.11999989,Y,,,,(UNK),823498,(N/A),(UNK),No Defects,1,1,InterState,1,290,X002712216,Not Toll,73,1,1,Divided With Median Barrier,3,2947669.67995452,1904605.14136002,41.87105024,-87.77613405,,Urban,1,N,(N/A),Y,(N/A)
2022,2022-08-02,Tuesday,13,01:10 PM,Property Damage,No Injuries,0,0,0,0,0,2,Front to Rear,11,N,N,Failing to Reduce Speed to Avoid Crash,Failing to Reduce Speed to Avoid Crash,Daylight,Clear,Dry,N,,,,,No Controls,No Controls,Y,2,41.873177,-87.7987878,ok,Partial Access Control,3,03-22-10961,2022,,28,28,50000 and OVER,9,4295,Oak Park,C,Urban InterState,,16,2,11832256,8,Cook,0,22,,,2,N,No,(UNK),202201244973,ISP,1,21.87000084,Y,,,,(UNK),823499,(N/A),(UNK),No Defects,1,1,InterState,1,9290,X002712215,Not Toll,73,1,1,Divided With Median Barrier,3,2941479.57998503,1905206.25218255,41.87316919,-87.79878198,,Urban,1,N,(N/A),Y,(N/A)
2022,2022-02-17,Thursday,15,03:04 PM,Property Damage,No Injuries,0,0,0,0,0,3,Front to Front,14,N,N,Failing to Reduce Speed to Avoid Crash,Weather,Daylight,Snow,Snow or Slush,N,,,,,No Controls,No Controls,N,3,41.868718,-87.8043355,ok,(UNK),1,22-0555,2022,,28,11,50000 and OVER,9,4295,Oak Park,C,Urban Other Principal Arte,,16,17,11635731,2,Cook,0,22,,,4,N,No,Slow,202201057291,City,1,25.26000023,Y,,,,(UNK),824013,(N/A),(UNK),No Defects,1,3,Other Principal Arterial,3,5043,X002541098,Not Toll,73,1,1,"Divided, No Median Barrier",2,2940013.30480569,1903539.64568928,41.86871016,-87.80432968,,Urban,3,N,(N/A),Y,(N/A)
2022,2022-05-10,Tuesday,15,03:09 PM,Property Damage,No Injuries,0,0,0,0,0,1,Parked Motor Vehicle,9,N,N,Equipment-Vehicle Condition,Unable to Determine,Daylight,Clear,Dry,N,,,,,No Controls,No Controls,N,2,41.8817071,-87.785397,ok,(UNK),1,2202612,2022,,10,18,50000 and OVER,9,4295,Oak Park,C,Urban Major Collector,,16,10,11731514,5,Cook,0,22,,,2,N,No,Free Flow,202201147680,City,1,0.99000001,N,,,,(UNK),824103,(N/A),(UNK),No Defects,1,1,Major Collector,5,5,X002623824,Not Toll,73,1,1,"Divided, No Median Barrier",2,2945040.52460333,1908415.71886484,41.88169926,-87.78539116,,Urban,1,N,(N/A),Y,(N/A)
2022,2022-03-31,Thursday,7,07:06 AM,Property Damage,No Injuries,0,0,0,0,0,2,Front to Rear,11,N,N,Failing to Reduce Speed to Avoid Crash,Following Too Closely,Daylight,Clear,Wet,N,,,,,Other,Functioning Properly,Y,2,41.871299,-87.7798717,ok,Partial Access Control,3,03-22-04322,2022,,28,3,50000 and OVER,9,4295,Oak Park,C,Urban InterState,,16,31,11685178,3,Cook,0,22,,,4,N,No,(UNK),202201105039,ISP,1,22.80999947,Y,,,,(UNK),824652,(N/A),(UNK),No Defects,1,2,InterState,1,9290,X002583764,Not Toll,,13,4,Divided With Median Barrier,3,2946650.74997798,1904664.64393389,41.87129118,-87.77986595,,Urban,1,N,(N/A),Y,(N/A)
2022,2022-09-05,Monday,2,02:08 AM,Property Damage,No Injuries,0,0,0,0,0,1,Parked Motor Vehicle,9,N,N,Failing to Reduce Speed to Avoid Crash,(N/A),Darkness / Lighted Road,Clear,Dry,N,,,,,No Controls,No Controls,N,3,41.8727351,-87.778687,ok,(UNK),1,2205376,2022,,28,99,50000 and OVER,9,4295,Oak Park,C,Urban Local Road or Street,,16,5,11874034,9,Cook,0,22,,,1,N,No,Slow,202201283024,City,5,0.28999999,N,,,,(UNK),824746,(N/A),(UNK),No Defects,1,1,Local Road or Street,7,4060,X002749028,Not Toll,73,1,1,"Divided, No Median Barrier",2,2946958.88292727,1905196.97185038,41.8727273,-87.7786812,,Urban,1,N,(N/A),Y,(N/A)
2022,2022-09-05,Monday,18,06:20 PM,Property Damage,No Injuries,0,0,0,0,0,2,Sideswipe Same Direction,12,N,N,Improper Overtaking/Passing,(N/A),Dusk,Clear,Dry,N,,,,,Flashing Control Sig,Functioning Properly,Y,2,41.8883448,-87.7851628,ok,(UNK),1,2205389,2022,,4,99,50000 and OVER,9,4295,Oak Park,C,Urban Major Collector,,16,5,11874035,9,Cook,0,22,BIKE,,1,N,No,Slow,202201283025,City,3,0.82999998,N,,,,(UNK),824747,(N/A),(UNK),No Defects,1,1,Major Collector,5,1405,X002749029,Not Toll,73,15,4,Not Divided,1,2945037.12523812,1910836.40582041,41.88833699,-87.78515701,,Urban,1,N,(N/A),Y,(N/A)
2022,2022-08-02,Tuesday,10,10:34 AM,Injury,B Injury Crash,1,0,0,1,0,2,Turning,10,N,N,Failing to Yield Right of Way,Driving Skills/Knowledge/Experience,Daylight,Clear,Dry,N,,,,,Traffic Signal,Functioning Properly,N,2,41.8907121,-87.8051166,ok,(UNK),1,2200829,2022,,2,15,50000 and OVER,9,4295,Oak Park,C,Urban Other Principal Arte,,16,2,11832485,8,Cook,2,22,,,2,N,No,Free Flow,202201245190,City,1,18.90999985,Y,,,,(UNK),824825,(N/A),(UNK),No Defects,1,1,Other Principal Arterial,3,348,X002712434,Not Toll,73,3,4,Not Divided,1,2939579.88433193,1911548.83099484,41.89070425,-87.80511077,,Urban,1,N,(N/A),Y,(N/A)
2022,2022-02-04,Friday,13,01:14 PM,Property Damage,No Injuries,0,0,0,0,0,2,Front to Rear,11,N,N,Failing to Reduce Speed to Avoid Crash,Driving Skills/Knowledge/Experience,Daylight,Clear,Dry,N,,,,,No Controls,No Controls,N,2,41.8710711,-87.7767412,ok,Partial Access Control,3,03-22-01707,2022,,28,15,50000 and OVER,9,4295,Oak Park,C,Urban InterState,,16,4,11625104,2,Cook,0,22,,,5,N,No,(UNK),202201048011,ISP,1,9.09000015,Y,,,,(UNK),825340,(N/A),(UNK),No Defects,1,1,InterState,1,290,X002532273,Not Toll,,1,1,Ramp,11,2947505.76293161,1904605.32768209,41.87106327,-87.77673537,,Urban,1,N,(N/A),Y,(N/A)
2022,2022-02-01,Tuesday,14,02:51 PM,Property Damage,No Injuries,0,0,0,0,0,2,Angle,15,N,N,Unable to Determine,Unable to Determine,Daylight,Rain,Wet,N,,,,,No Controls,No Controls,N,2,41.8799548,-87.7868925,ok,(UNK),1,2200556,2022,,18,18,50000 and OVER,9,4295,Oak Park,C,Urban Minor Arterial,,16,1,11625147,2,Cook,0,22,,,2,N,No,Free Flow,202201048056,City,1,0,N,,,,(UNK),825357,(N/A),(UNK),No Defects,1,2,Minor Arterial,4,2647,X002532293,Not Toll,73,1,1,T-Intersection,15,2944650.94905964,1907765.85309523,41.87994698,-87.78688673,,Urban,2,N,(N/A),Y,(N/A)
2022,2022-05-11,Wednesday,16,04:05 PM,Injury,C Injury Crash,1,0,0,0,1,1,Front to Rear,11,N,N,Unable to Determine,(N/A),Daylight,Clear,Dry,Y,,,,,No Controls,No Controls,N,2,41.8722378,-87.7965556,ok,(UNK),1,2202628,2022,,18,99,50000 and OVER,9,4295,Oak Park,C,Urban Local Road or Street,,16,11,11732248,5,Cook,1,22,,,3,N,No,Stopped,202201148241,City,1,0,N,,,,(UNK),825373,(N/A),(UNK),No Defects,1,1,Local Road or Street,7,,X002624229,Not Toll,73,1,1,Not Divided,1,2942097.0009375,1904880.74936868,41.87222991,-87.79654984,,Urban,1,N,(N/A),Y,(N/A)
2022,2022-05-11,Wednesday,17,05:30 PM,Property Damage,No Injuries,0,0,0,0,0,2,Front to Rear,11,N,N,Failing to Reduce Speed to Avoid Crash,Following Too Closely,Daylight,Clear,Dry,N,,,,,No Controls,No Controls,N,2,41.8779416,-87.7941753,ok,(UNK),1,2202632,2022,,28,3,50000 and OVER,9,4295,Oak Park,C,Urban Major Collector,,16,11,11732255,5,Cook,0,22,,,3,N,No,Stopped,202201148250,City,1,0,N,,,,(UNK),825375,(N/A),(UNK),No Defects,1,1,Major Collector,5,,X002624237,Not Toll,73,1,1,Not Divided,1,2942687.85726699,1906977.25604552,41.87793376,-87.79416949,,Urban,1,N,(N/A),Y,(N/A)
2022,2022-03-27,Sunday,0,00:17 AM,Property Damage,No Injuries,0,0,0,0,0,3,Front to Front,14,N,N,Failing to Reduce Speed to Avoid Crash,Driving Skills/Knowledge/Experience,Darkness / Lighted Road,Clear,Dry,N,,,,,No Controls,No Controls,N,2,41.8712535,-87.7775174,ok,Partial Access Control,3,03-22-04133,2022,,28,15,50000 and OVER,9,4295,Oak Park,C,Urban InterState,,16,27,11685453,3,Cook,0,22,,,7,N,No,(UNK),202201105291,ISP,5,0.09,Y,,,,(UNK),825590,(N/A),(UNK),No Defects,1,1,InterState,1,290,X002584017,Not Toll,,1,1,Divided With Median Barrier,3,2947292.49085926,1904665.90448958,41.87124566,-87.77751157,,Urban,1,N,(N/A),Y,(N/A)
2022,2022-05-12,Thursday,1,01:35 AM,Property Damage,No Injuries,0,0,0,0,0,3,Front to Rear,11,N,N,Failing to Reduce Speed to Avoid Crash,Following Too Closely,Darkness / Lighted Road,Clear,Dry,N,,,,,No Controls,No Controls,Y,3,41.8719152,-87.7871408,ok,Partial Access Control,3,03-22-06431,2022,,28,3,50000 and OVER,9,4295,Oak Park,C,Urban InterState,,16,12,11732863,5,Cook,0,22,,,4,N,No,(UNK),202201148950,ISP,5,8.55000019,Y,,,,(UNK),827348,(N/A),(UNK),No Defects,1,1,InterState,1,290,X002624816,Not Toll,73,1,1,Divided With Median Barrier,3,2944664.59096185,1904834.20609722,41.8719074,-87.78713504,,Urban,1,N,(N/A),Y,(N/A)
2022,2022-05-11,Wednesday,15,03:22 PM,Property Damage,No Injuries,0,0,0,0,0,4,Turning,10,N,N,Unable to Determine,Unable to Determine,Daylight,Clear,Dry,N,,,,,No Controls,No Controls,N,2,41.8946608,-87.7786414,ok,(UNK),1,2202627,2022,,18,18,50000 and OVER,9,4295,Oak Park,C,Urban Minor Arterial,,16,11,11733131,5,Cook,0,22,,,3,N,No,Free Flow,202201149187,City,1,3.95000005,N,,,,(UNK),828283,(N/A),(UNK),No Defects,1,1,Minor Arterial,4,1398,X002625034,Not Toll,73,1,1,Not Divided,1,2946748.83918325,1913187.4572498,41.89465299,-87.77863561,,Urban,1,N,(N/A),Y,(N/A)
2022,2022-05-12,Thursday,10,10:30 AM,Property Damage,No Injuries,0,0,0,0,0,2,Front to Rear,11,N,N,Failing to Reduce Speed to Avoid Crash,Physical Condition of Driver,Daylight,Clear,Dry,Y,,,,,Stop Sign,Functioning Properly,N,2,41.8779416,-87.7941762,ok,(UNK),1,2202646,2022,,28,17,50000 and OVER,9,4295,Oak Park,C,Urban Major Collector,,16,12,11733138,5,Cook,0,22,,,4,N,No,Stopped,202201149190,City,1,0,N,,,,(UNK),828284,(N/A),(UNK),No Defects,1,1,Major Collector,5,,X002625036,Not Toll,73,2,4,"Divided, No Median Barrier",2,2942687.61007723,1906977.24346183,41.87793374,-87.79417039,,Urban,1,N,(N/A),Y,(N/A)
2022,2022-02-16,Wednesday,12,12:45 PM,Property Damage,No Injuries,0,0,0,0,0,3,Turning,10,N,N,Vision Obscured,Failing to Yield Right of Way,Daylight,Cloudy/Overcast,Dry,N,,,,,No Controls,No Controls,N,2,41.8727654,-87.7765946,ok,(UNK),1,2200842,2022,,14,2,50000 and OVER,9,4295,Oak Park,C,Urban Local Road or Street,,16,16,11637096,2,Cook,0,22,,,3,N,No,Free Flow,202201058267,City,1,0.40000001,N,,,,(UNK),828364,(N/A),(UNK),No Defects,1,1,Local Road or Street,7,4060,X002541990,Not Toll,73,1,1,Alley,12,2947528.49335157,1905223.8553158,41.87275752,-87.77658876,,Urban,8,N,(N/A),Y,(N/A)
2022,2022-02-11,Friday,22,10:35 PM,Property Damage,No Injuries,0,0,0,0,0,2,Front to Rear,11,N,N,Operating Vehicle In Reckless Manner,Failing to Reduce Speed to Avoid Crash,Darkness / Lighted Road,Clear,Wet,Y,,,,,No Controls,No Controls,Y,2,41.8725478,-87.7890958,ok,(UNK),1,2200763,2022,,50,28,50000 and OVER,9,4295,Oak Park,C,Urban Minor Collector,,16,11,11637137,2,Cook,0,22,,,5,N,No,Free Flow,202201058312,City,5,0,N,,,,(UNK),828619,(N/A),(UNK),No Defects,1,2,Minor Collector,6,,X002542041,Not Toll,73,1,1,Four Way,14,2944125.72260184,1905049.97409584,41.87254,-87.78909,,Urban,1,N,(N/A),Y,(N/A)
2022,2022-02-14,Monday,11,11:15 AM,Property Damage,No Injuries,0,0,0,0,0,2,Turning,10,N,N,Improper Lane Usage,Unable to Determine,Daylight,Cloudy/Overcast,Dry,Y,,,,,Stop Sign,Functioning Properly,N,2,41.8982632,-87.7817484,ok,(UNK),1,2200797,2022,,20,18,50000 and OVER,9,4295,Oak Park,C,Urban Local Road or Street,,16,14,11637144,2,Cook,0,22,,,1,N,No,Free Flow,202201058319,City,1,0,N,,,,(UNK),828673,(N/A),(UNK),No Defects,1,1,Local Road or Street,7,,X002542064,Not Toll,73,2,4,Four Way,14,2945866.36519144,1914476.69704348,41.89825539,-87.78174259,,Urban,8,N,(N/A),Y,(N/A)
2022,2022-02-14,Monday,7,07:44 AM,Property Damage,No Injuries,0,0,0,0,0,1,Fixed Object,6,N,N,Unable to Determine,Unable to Determine,Unknown,Clear,Dry,N,,,,,No Controls,No Controls,Y,1,41.8823419,-87.7779902,ok,(UNK),1,2200793,2022,,18,18,50000 and OVER,9,4295,Oak Park,C,Urban Local Road or Street,,16,14,11637143,2,Cook,0,22,LIGHT POST,FENCE,1,N,No,Free Flow,202201058318,City,9,0.02,N,,,,(UNK),828674,(N/A),(UNK),No Defects,1,1,Local Road or Street,7,2613,X002542062,Not Toll,73,1,1,Not Divided,1,2947051.1899517,1908703.13414405,41.88233405,-87.77798438,,Urban,1,N,(N/A),Y,(N/A)
2022,2022-02-12,Saturday,18,06:05 PM,Property Damage,No Injuries,0,0,0,0,0,1,Parked Motor Vehicle,9,N,N,Failing to Reduce Speed to Avoid Crash,Unable to Determine,Darkness / Lighted Road,Clear,Dry,N,,,,,No Controls,No Controls,N,2,41.8826599,-87.7943358,ok,(UNK),1,2200777,2022,,28,18,50000 and OVER,9,4295,Oak Park,C,Urban Major Collector,,16,12,11637140,2,Cook,0,22,,,6,N,No,Free Flow,202201058315,City,5,5.94999981,N,,,,(UNK),828675,(N/A),(UNK),No Defects,1,1,Major Collector,5,2775,X002542050,Not Toll,73,1,1,Not Divided,1,2942596.58686479,1908695.47434326,41.88265204,-87.79433,,Urban,1,N,(N/A),Y,(N/A)
2022,2022-09-07,Wednesday,18,06:29 PM,Property Damage,No Injuries,0,0,0,0,0,2,Sideswipe Same Direction,12,N,N,Unable to Determine,Unable to Determine,Daylight,Clear,Dry,N,,,,,No Controls,No Controls,Y,2,41.87593,-87.8045942,ok,(UNK),1,22-2717,2022,,18,18,50000 and OVER,9,4295,Oak Park,C,Urban Other Principal Arte,,16,7,11875585,9,Cook,0,22,,,3,N,No,Free Flow,202201284787,City,1,19.93000031,Y,,,,(UNK),829141,(N/A),(UNK),No Defects,1,1,Other Principal Arterial,3,348,X002750440,Not Toll,73,1,1,"Divided, No Median Barrier",2,2939870.47839958,1906165.89744031,41.87592219,-87.80458837,,Urban,1,N,(N/A),Y,(N/A)
2022,2022-05-13,Friday,0,00:34 AM,Injury,B Injury Crash,3,0,0,3,0,0,Parked Motor Vehicle,9,N,N,Distraction - From Inside Vehicle,Failing to Reduce Speed to Avoid Crash,Darkness / Lighted Road,Clear,Dry,N,,,,,No Controls,No Controls,N,3,41.8945729,-87.7844571,ok,(UNK),1,2202667,2022,,41,28,50000 and OVER,9,4295,Oak Park,C,Urban Minor Arterial,,16,13,11733452,5,Cook,2,22,,,5,N,No,(UNK),202201149621,City,5,3.6500001,N,,,,(UNK),829405,(N/A),(UNK),No Defects,1,1,Minor Arterial,4,1398,X002625333,Not Toll,73,1,1,Not Divided,1,2945166.24598446,1913111.36519867,41.89456505,-87.78445131,,Urban,1,N,(N/A),Y,(N/A)
2022,2022-02-04,Friday,13,01:07 PM,Injury,C Injury Crash,1,0,0,0,1,3,Turning,10,N,N,Failing to Yield Right of Way,Unable to Determine,Daylight,Clear,Wet,N,,,,,No Controls,No Controls,N,2,41.8821211,-87.7750003,ok,(UNK),1,2200614,2022,,2,18,50000 and OVER,9,4295,Oak Park,C,Urban Major Collector,,16,4,11629956,2,Cook,1,22,TRAFFIC SIGN,,5,N,Yes,Free Flow,202201052639,City,1,1.52999997,N,,,,(UNK),829555,(N/A),(UNK),No Defects,1,2,Major Collector,5,5,X002533704,Not Toll,73,1,1,Not Divided,1,2947867.67338922,1908645.35204956,41.88211322,-87.77499447,,Urban,1,N,(N/A),Y,(N/A)
2022,2022-05-13,Friday,7,07:01 AM,Property Damage,No Injuries,0,0,0,0,0,2,Front to Rear,11,N,N,Following Too Closely,Failing to Reduce Speed to Avoid Crash,Daylight,Clear,Dry,N,,,,,Other Warning Sign,Functioning Properly,N,2,41.8734666,-87.8040958,ok,Partial Access Control,3,03-22-06501,2022,,3,28,50000 and OVER,9,4295,Oak Park,C,Urban InterState,,16,13,11733592,5,Cook,0,22,,,5,N,No,(UNK),202201149772,ISP,1,7.71999979,Y,,,,(UNK),829807,(N/A),(UNK),No Defects,1,1,InterState,1,290,X002625464,Not Toll,73,11,4,Divided With Median Barrier,3,2940030.92301897,1905271.93386827,41.87345881,-87.80409005,,Urban,1,N,(N/A),Y,(N/A)
2022,2022-09-06,Tuesday,9,09:29 AM,Property Damage,No Injuries,0,0,0,0,0,2,Turning,10,N,N,Improper Turning/No Signal,Failing to Reduce Speed to Avoid Crash,Daylight,Clear,Dry,N,,,,,Traffic Signal,Functioning Properly,N,2,41.8796078,-87.8038456,ok,(UNK),1,2205396,2022,,6,28,50000 and OVER,9,4295,Oak Park,C,Urban Minor Arterial,,16,6,11875807,9,Cook,0,22,,,2,N,No,Free Flow,202201285010,City,1,0,N,,,,(UNK),829952,(N/A),(UNK),No Defects,1,1,Minor Arterial,4,,X002750642,Not Toll,73,3,4,"Divided, No Median Barrier",2,2940037.45132728,1907511.77297602,41.8796,-87.80383976,,Urban,1,N,(N/A),Y,(N/A)
2022,2022-09-06,Tuesday,15,03:19 PM,Property Damage,No Injuries,0,0,0,0,0,2,Rear to Rear,17,N,N,Failing to Reduce Speed to Avoid Crash,Unable to Determine,Daylight,Clear,Dry,N,,,,,Stop Sign,Functioning Properly,N,2,41.9017856,-87.7936384,ok,(UNK),1,2205410,2022,,28,18,50000 and OVER,9,4295,Oak Park,C,Urban Local Road or Street,,16,6,11875808,9,Cook,0,22,,,2,N,No,Free Flow,202201285011,City,1,0,N,,,,(UNK),829957,(N/A),(UNK),No Defects,1,1,Local Road or Street,7,,X002750643,Not Toll,73,2,4,Not Divided,1,2942593.65521083,1915670.49829612,41.90177774,-87.79363256,,Urban,1,N,(N/A),Y,(N/A)
2022,2022-01-28,Friday,8,08:19 AM,Property Damage,No Injuries,0,0,0,0,0,2,Turning,10,N,N,Weather,Failing to Reduce Speed to Avoid Crash,Daylight,Snow,Snow or Slush,Y,,,,,Stop Sign,Functioning Properly,N,2,41.872779,-87.7756151,ok,(UNK),1,2200485,2022,,11,28,50000 and OVER,9,4295,Oak Park,C,Urban Local Road or Street,,16,28,11630590,1,Cook,0,22,,,5,N,No,Free Flow,202201053295,City,1,0,N,,,,(UNK),830063,(N/A),(UNK),No Defects,1,3,Local Road or Street,7,,X002537231,Not Toll,73,2,4,Four Way,14,2947795.11753856,1905236.26131696,41.87277116,-87.77560935,,Urban,3,N,(N/A),Y,(N/A)
2022,2022-01-30,Sunday,1,01:18 AM,Property Damage,No Injuries,0,0,0,0,0,5,Angle,15,N,N,Disregarding Traffic Signals,Failing to Yield Right of Way,Darkness / Lighted Road,Clear,Dry,Y,,,,,Traffic Signal,Functioning Properly,Y,2,41.8798075,-87.7942784,ok,(UNK),1,2200510,2022,,25,2,50000 and OVER,9,4295,Oak Park,C,Urban Minor Arterial,,16,30,11631208,1,Cook,0,22,,,7,N,No,Free Flow,202201054032,City,5,6.15999985,N,,,,(UNK),830316,(N/A),(UNK),No Defects,1,1,Minor Arterial,4,2775,X002537413,Not Toll,73,3,4,"Divided, No Median Barrier",2,2942640.96995477,1907656.44715587,41.87979966,-87.79427259,,Urban,1,N,(N/A),Y,(N/A)
2022,2022-01-26,Wednesday,12,12:39 PM,Property Damage,No Injuries,0,0,0,0,0,2,Angle,15,N,N,Failing to Yield Right of Way,Failing to Reduce Speed to Avoid Crash,Daylight,Clear,Dry,Y,,,,,Stop Sign,Functioning Properly,N,2,41.8796078,-87.8038455,ok,(UNK),1,2200444,2022,,2,28,50000 and OVER,9,4295,Oak Park,C,Urban Minor Arterial,,16,26,11631197,1,Cook,0,22,,,3,N,No,Slow,202201053891,City,1,0,N,,,,(UNK),830318,(N/A),(UNK),No Defects,1,1,Minor Arterial,4,,X002537359,Not Toll,73,2,4,"Divided, No Median Barrier",2,2940037.47883199,1907511.77420532,41.8796,-87.80383966,,Urban,1,N,(N/A),Y,(N/A)
2022,2022-02-01,Tuesday,10,10:56 AM,Property Damage,No Injuries,0,0,0,0,0,2,Front to Rear,11,N,N,Failing to Reduce Speed to Avoid Crash,(N/A),Daylight,Clear,Dry,N,,,,,No Controls,No Controls,N,2,41.8910893,-87.8051267,ok,(UNK),1,2200547,2022,,28,99,50000 and OVER,9,4295,Oak Park,C,Urban Other Principal Arte,,16,1,11631218,2,Cook,0,22,,,2,N,No,Free Flow,202201053899,City,1,18.87999916,Y,,,,(UNK),830320,(N/A),(UNK),No Defects,1,1,Other Principal Arterial,3,348,X002537447,Not Toll,73,1,1,Not Divided,1,2939573.34872737,1911686.20739831,41.89108143,-87.80512087,,Urban,1,N,(N/A),Y,(N/A)
2022,2022-02-01,Tuesday,18,06:38 PM,Property Damage,No Injuries,0,0,0,0,0,1,Parked Motor Vehicle,9,N,N,Failing to Yield Right of Way,Unable to Determine,Darkness,Rain,Wet,N,,,,,No Controls,No Controls,Y,2,41.8815125,-87.7988445,ok,(UNK),1,2200562,2022,,2,18,50000 and OVER,9,4295,Oak Park,C,Urban Major Collector,,16,1,11631220,2,Cook,0,22,,,2,N,No,Free Flow,202201053902,City,4,0.31,N,,,,(UNK),830321,(N/A),(UNK),No Defects,1,2,Major Collector,5,5,X002537457,Not Toll,73,1,1,Not Divided,1,2941380.29766964,1908243.41496843,41.88150464,-87.79883865,,Urban,2,N,(N/A),Y,(N/A)
2022,2022-02-02,Wednesday,11,11:30 AM,Property Damage,No Injuries,0,0,0,0,0,2,Angle,15,N,N,Driving Skills/Knowledge/Experience,Disregarding Stop Sign,Daylight,Blowing Snow,Snow or Slush,Y,,,,,Stop Sign,Functioning Properly,N,2,41.8916263,-87.791224,ok,(UNK),1,2200583,2022,,15,23,50000 and OVER,9,4295,Oak Park,C,Urban Local Road or Street,,16,2,11631613,2,Cook,0,22,,,3,N,No,Free Flow,202201054306,City,1,0,N,,,,(UNK),830376,(N/A),(UNK),No Defects,1,3,Local Road or Street,7,,X002538158,Not Toll,73,2,4,Not Divided,1,2943353.51540715,1911986.45398392,41.89161844,-87.79121821,,Urban,11,N,(N/A),Y,(N/A)
2022,2022-02-02,Wednesday,14,02:30 PM,Property Damage,No Injuries,0,0,0,0,0,3,Parked Motor Vehicle,9,N,N,Failing to Reduce Speed to Avoid Crash,Weather,Daylight,Snow,Snow or Slush,N,,,,,Traffic Signal,Functioning Properly,N,3,41.8706836,-87.7742881,ok,(UNK),1,2200573,2022,,28,11,50000 and OVER,9,4295,Oak Park,C,Urban Minor Arterial,,16,2,11631617,2,Cook,0,22,,,3,N,No,Slow,202201054310,City,1,8.39000034,N,,,,(UNK),830413,(N/A),(UNK),No Defects,1,3,Minor Arterial,4,2790,X002538152,Not Toll,,3,4,Two-way Continuous Left-Tur,4,2948177.86673189,1904482.71873387,41.87067571,-87.77428228,,Urban,3,N,(N/A),Y,(N/A)
2022,2022-02-03,Thursday,15,03:47 PM,Property Damage,No Injuries,0,0,0,0,0,2,Front to Rear,11,N,N,Failing to Reduce Speed to Avoid Crash,Weather,Daylight,Snow,Snow or Slush,N,,,,,No Controls,No Controls,N,2,41.8872338,-87.7979325,ok,(UNK),1,2200596,2022,,28,11,50000 and OVER,9,4295,Oak Park,C,Urban Local Road or Street,,16,3,11631614,2,Cook,0,22,,,4,N,No,Slow,202201054307,City,1,0.13,N,,,,(UNK),830414,(N/A),(UNK),No Defects,1,3,Local Road or Street,7,3005,X002538159,Not Toll,73,1,1,One-Way,10,2941571.0665806,1910335.23092679,41.88722597,-87.79792672,,Urban,3,N,(N/A),Y,(N/A)