crash_year,crash_date,day_of_week,crash_hour,time_of_crash,crash_severity,crash_injury_severity,total_injured,total_fatals,a_injuries,b_injuries,c_injuries,no_injuries,type_of_first_crash,collision_type_code,pedestrian_involved,pedalcyclist_involved,cause1,cause2,lighting_cond,weather_cond,road_surface_cond,intersection_related,is_intersection,highway_or_street_name,at_intersection_with,address_no,traffic_control_device,traffic_control_device_cond,hit_and_run,number_of_vehicles,latitude,longitude,location_status,access_control,agency_code,agency_report_number,agency_report_year,alignment_code,cause1_code,cause2_code,city_class,city_class_code,city_code,city_name,city_township_flag,class_of_trafficway,class_of_trafficway_code,county_code,crash_day,crash_id,crash_month,crash_report_county,crash_severity_cd,crash_yr_source,damaged_property1,damaged_property2,day_of_week_code,did_crash_occur_in_work_zone,did_involve_secondary_crash,flow_condition,icn,investigating_agency_descrip,light_condition_code,mile_station,nhs,non_intersection_direction,non_intersection_distance,non_intersection_units,number_of_lanes,objectid,railroad_crossing_number,road_alignment,road_defects,road_defects_code,road_surface_condition_code,roadway_functional_class,roadway_functional_class_code,route_number,sfe,toll,township,traffic_control_device_code,traffic_control_device_cond_code,trafficway_descrip,trafficway_description_code,ts_crash_coordinate_x,ts_crash_coordinate_y,ts_crash_latitude,ts_crash_longitude,type_report,urban_rural,weather_code,were_workers_present,work_zone,work_zone_related,work_zone_type
2022,2022-02-03,Thursday,16,04:33 PM,Property Damage,No Injuries,0,0,0,0,0,1,Sideswipe Same Direction,12,N,N,Failing to Reduce Speed to Avoid Crash,(N/A),Daylight,Other,Snow or Slush,N,,,,,No Controls,No Controls,N,2,41.8800237,-87.7836033,ok,(UNK),1,2200598,2022,,28,99,50000 and OVER,9,4295,Oak Park,C,Urban Minor Arterial,,16,3,11631693,2,Cook,0,22,,,4,N,No,Slow,202201054373,City,1,0,N,,,,(UNK),830455,(N/A),(UNK),No Defects,1,3,Minor Arterial,4,,X002538161,Not Toll,73,1,1,"Divided, No Median Barrier",2,2945546.05000707,1907815.8071922,41.88001581,-87.78359746,,Urban,7,N,(N/A),Y,(N/A)
2022,2022-02-03,Thursday,16,04:39 PM,Property Damage,No Injuries,0,0,0,0,0,2,Angle,15,N,N,Failing to Reduce Speed to Avoid Crash,Failing to Yield Right of Way,Darkness / Lighted Road,Clear,Snow or Slush,N,,,,,No Controls,No Controls,N,2,41.8655163,-87.7802575,ok,(UNK),1,2200600,2022,,28,2,50000 and OVER,9,4295,Oak Park,C,Urban Local Road or Street,,16,3,11631694,2,Cook,0,22,,,4,N,No,Free Flow,202201054374,City,5,0.34,N,,,,(UNK),830456,(N/A),(UNK),No Defects,1,3,Local Road or Street,7,2630,X002538162,Not Toll,73,1,1,Not Divided,1,2946604.28203591,1902554.39735537,41.86550847,-87.78025175,,Urban,1,N,(N/A),Y,(N/A)
2022,2022-02-02,Wednesday,5,05:20 AM,Property Damage,No Injuries,0,0,0,0,0,1,Parked Motor Vehicle,9,N,N,Unable to Determine,Unable to Determine,Darkness,Snow,Snow or Slush,N,,,,,No Controls,No Controls,Y,2,41.8872151,-87.79893,ok,(UNK),1,2200646,2022,,18,18,50000 and OVER,9,4295,Oak Park,C,Urban Local Road or Street,,16,2,11631759,2,Cook,0,22,,,3,N,No,Free Flow,202201054438,City,4,0.09,N,,,,(UNK),830545,(N/A),(UNK),No Defects,1,3,Local Road or Street,7,3005,X002538278,Not Toll,73,1,1,One-Way,10,2941299.62519543,1910320.89822312,41.88720722,-87.79892423,,Urban,3,N,(N/A),Y,(N/A)
2022,2022-02-04,Friday,14,02:56 PM,Property Damage,No Injuries,0,0,0,0,0,2,Sideswipe Same Direction,12,N,N,Failing to Reduce Speed to Avoid Crash,Unable to Determine,Daylight,Clear,Dry,N,,,,,No Controls,No Controls,N,2,41.8798672,-87.7916296,ok,(UNK),1,2200644,2022,,28,18,50000 and OVER,9,4295,Oak Park,C,Urban Minor Arterial,,16,4,11631758,2,Cook,0,22,,,5,N,No,Free Flow,202201054437,City,1,0,N,,,,(UNK),830547,(N/A),(UNK),No Defects,1,1,Minor Arterial,4,,X002538276,Not Toll,73,1,1,Not Divided,1,2943361.73194263,1907698.17473017,41.87985938,-87.79162383,,Urban,1,N,(N/A),Y,(N/A)
2022,2022-02-19,Saturday,2,02:57 AM,Property Damage,No Injuries,0,0,0,0,0,2,Angle,15,N,N,Operating Vehicle In Reckless Manner,Failing to Yield Right of Way,Darkness / Lighted Road,Clear,Dry,Y,,,,,No Controls,No Controls,Y,2,41.875985,-87.804593,ok,(UNK),1,22-00572,2022,,50,2,50000 and OVER,9,4295,Oak Park,C,Urban Other Principal Arte,,16,19,11637987,2,Cook,0,22,,,6,N,No,Free Flow,202201059123,City,5,25.77000046,Y,,,,(UNK),832066,(N/A),(UNK),No Defects,1,1,Other Principal Arterial,3,5043,X002542897,Not Toll,73,1,1,Driveway,13,2939870.23840732,1906185.93363787,41.87597715,-87.80458723,,Urban,1,N,(N/A),Y,(N/A)
2022,2022-09-07,Wednesday,18,06:21 PM,Property Damage,No Injuries,0,0,0,0,0,3,Angle,15,N,N,Failing to Yield Right of Way,Unable to Determine,Daylight,Clear,Dry,Y,,,,,Stop Sign,Functioning Properly,N,2,41.8946279,-87.779985,ok,(UNK),1,2205449,2022,,2,18,50000 and OVER,9,4295,Oak Park,C,Urban Minor Arterial,,16,7,11876668,9,Cook,0,22,,,3,N,No,Free Flow,202201285750,City,1,0,N,,,,(UNK),832130,(N/A),(UNK),No Defects,1,1,Minor Arterial,4,,X002751340,Not Toll,73,2,4,Not Divided,1,2946383.33948216,1913165.25598386,41.89462002,-87.77997921,,Urban,1,N,(N/A),Y,(N/A)
2022,2022-09-07,Wednesday,15,03:29 PM,Property Damage,No Injuries,0,0,0,0,0,4,Front to Rear,11,N,N,Failing to Reduce Speed to Avoid Crash,(N/A),Daylight,Clear,Dry,N,,,,,No Controls,No Controls,N,3,41.8798052,-87.8047376,ok,(UNK),1,2205440,2022,,28,99,50000 and OVER,9,4295,Oak Park,C,Urban Other Principal Arte,,16,7,11876664,9,Cook,0,22,,,3,N,Yes,Slow,202201285746,City,1,19.67000008,Y,,,,(UNK),832131,(N/A),(UNK),No Defects,1,1,Other Principal Arterial,3,348,X002751336,Not Toll,73,1,1,"Divided, No Median Barrier",2,2939792.52815618,1907577.01908005,41.8797974,-87.80473181,,Urban,1,N,(N/A),Y,(N/A)
2022,2022-09-08,Thursday,12,12:47 PM,Property Damage,No Injuries,0,0,0,0,0,3,Sideswipe Same Direction,12,N,N,Failing to Reduce Speed to Avoid Crash,(N/A),Daylight,Clear,Dry,N,,,,,Traffic Signal,Functioning Properly,Y,3,41.8875392,-87.7944827,ok,(UNK),1,2205477,2022,,28,99,50000 and OVER,9,4295,Oak Park,C,Urban Major Collector,,16,8,11876932,9,Cook,0,22,,,4,N,No,Slow,202201286014,City,1,5.5999999,N,,,,(UNK),832966,(N/A),(UNK),No Defects,1,1,Major Collector,5,2775,X002751558,Not Toll,73,3,4,Not Divided,1,2942507.40098358,1910472.49393881,41.88753139,-87.79447691,,Urban,1,N,(N/A),Y,(N/A)
2022,2022-09-08,Thursday,12,12:05 PM,Injury,C Injury Crash,3,0,0,0,3,0,Turning,10,N,N,Failing to Reduce Speed to Avoid Crash,(N/A),Daylight,Clear,Dry,Y,,,,,Traffic Signal,Functioning Properly,N,2,41.8942279,-87.8052274,ok,(UNK),1,2201005,2022,,28,99,50000 and OVER,9,4295,Oak Park,C,Urban Other Principal Arte,,16,8,11876963,9,Cook,1,22,,,4,N,No,Free Flow,202201286018,City,1,27.03000069,Y,,,,(UNK),832968,(N/A),(UNK),No Defects,1,1,Other Principal Arterial,3,5043,X002751562,Not Toll,73,3,4,Four Way,14,2939514.42094835,1912829.20885287,41.89422001,-87.80522162,,Urban,1,N,(N/A),Y,(N/A)
2022,2022-05-12,Thursday,13,01:47 PM,Property Damage,No Injuries,0,0,0,0,0,1,Parked Motor Vehicle,9,N,N,Improper Lane Usage,Failing to Reduce Speed to Avoid Crash,Daylight,Clear,Dry,N,,,,,No Controls,No Controls,N,2,41.8907287,-87.7847812,ok,(UNK),1,2202649,2022,,20,28,50000 and OVER,9,4295,Oak Park,C,Urban Major Collector,,16,12,11734357,5,Cook,0,22,,,4,N,No,Free Flow,202201150670,City,1,0.76999998,N,,,,(UNK),833101,(N/A),(UNK),No Defects,1,1,Major Collector,5,2783,X002626202,Not Toll,73,1,1,"Divided, No Median Barrier",2,2945116.92223778,1911708.01711865,41.89072086,-87.78477537,,Urban,1,N,(N/A),Y,(N/A)
2022,2022-05-12,Thursday,8,08:18 AM,Property Damage,No Injuries,0,0,0,0,0,2,Sideswipe Same Direction,12,N,N,Improper Lane Usage,(N/A),Daylight,Clear,Dry,N,,,,,No Controls,No Controls,N,2,41.8866323,-87.7895401,ok,(UNK),1,2202639,2022,,20,99,50000 and OVER,9,4295,Oak Park,C,Urban Minor Collector,,16,12,11734355,5,Cook,0,22,,,4,N,No,Slow,202201150668,City,1,0.13,N,,,,(UNK),833102,(N/A),(UNK),No Defects,1,1,Minor Collector,6,2779,X002626200,Not Toll,73,1,1,Not Divided,1,2943862.46242678,1910179.24296095,41.88662442,-87.78953433,,Urban,1,N,(N/A),Y,(N/A)
2022,2022-05-12,Thursday,9,09:42 AM,Property Damage,No Injuries,0,0,0,0,0,2,Angle,15,N,N,Failing to Yield Right of Way,Failing to Reduce Speed to Avoid Crash,Daylight,Clear,Dry,Y,,,,,No Controls,No Controls,N,2,41.878074,-87.7843855,ok,(UNK),1,2202644,2022,,2,28,50000 and OVER,9,4295,Oak Park,C,Urban Major Collector,,16,12,11734365,5,Cook,0,22,,,4,N,No,Free Flow,202201150677,City,1,0,N,,,,(UNK),833103,(N/A),(UNK),No Defects,1,1,Major Collector,5,,X002626209,Not Toll,73,1,1,Not Divided,1,2945352.7368209,1907099.40598647,41.87806618,-87.78437974,,Urban,1,N,(N/A),Y,(N/A)
2022,2022-05-12,Thursday,15,03:57 PM,Injury,B Injury Crash,1,0,0,1,0,2,Turning,10,N,N,Improper Lane Usage,(N/A),Daylight,Clear,Dry,N,,,,,No Controls,No Controls,N,2,41.8800103,-87.784233,ok,(UNK),1,2202655,2022,,20,99,50000 and OVER,9,4295,Oak Park,C,Urban Minor Arterial,,16,12,11734362,5,Cook,2,22,,,4,N,No,Slow,202201150675,City,1,0,N,,,,(UNK),833105,(N/A),(UNK),No Defects,1,1,Minor Arterial,4,,X002626207,Not Toll,73,1,1,"Divided, No Median Barrier",2,2945374.67661688,1907806.16519124,41.88000243,-87.78422723,,Urban,1,N,(N/A),Y,(N/A)
2022,2022-05-12,Thursday,15,03:17 PM,Property Damage,No Injuries,0,0,0,0,0,3,Angle,15,N,N,Failing to Yield Right of Way,(N/A),Daylight,Clear,Dry,Y,,,,,Stop Sign,Functioning Properly,Y,2,41.8945279,-87.788125,ok,(UNK),1,2202650,2022,,2,99,50000 and OVER,9,4295,Oak Park,C,Urban Minor Arterial,,16,12,11734360,5,Cook,0,22,,,4,N,No,Free Flow,202201150673,City,1,0,N,,,,(UNK),833155,(N/A),(UNK),No Defects,1,1,Minor Arterial,4,,X002626205,Not Toll,73,2,4,Four Way,14,2944168.01359506,1913067.25796904,41.89452009,-87.78811921,,Urban,1,N,(N/A),Y,(N/A)
2022,2022-10-13,Thursday,4,04:00 AM,Property Damage,No Injuries,0,0,0,0,0,3,Front to Rear,11,N,N,Following Too Closely,Failing to Reduce Speed to Avoid Crash,Darkness / Lighted Road,Rain,Wet,N,,,,,Other,Functioning Properly,Y,3,41.8737448,-87.8041635,ok,Partial Access Control,3,03-22-14868,2022,,3,28,50000 and OVER,9,4295,Oak Park,C,Urban InterState,,16,13,11930257,10,Cook,0,22,,,4,N,No,(UNK),202201336622,ISP,5,21.60000038,Y,,,,(UNK),833589,(N/A),(UNK),No Defects,1,2,InterState,1,9290,X002797963,Not Toll,73,13,4,Divided With Median Barrier,3,2940009.71202897,1905372.79291777,41.87373697,-87.80415768,,Urban,2,N,(N/A),Y,(N/A)
2022,2022-09-08,Thursday,22,10:04 PM,Property Damage,No Injuries,0,0,0,0,0,3,Sideswipe Same Direction,12,N,N,Improper Lane Usage,Driving Skills/Knowledge/Experience,Darkness / Lighted Road,Clear,Dry,N,,,,,Other Regualtory Sig,Functioning Properly,Y,3,41.8727242,-87.7948983,ok,Partial Access Control,3,03-22-12899,2022,,20,15,50000 and OVER,9,4295,Oak Park,C,Urban InterState,,16,8,11877128,9,Cook,0,22,,,4,N,No,(UNK),202201286192,ISP,5,22.03000069,Y,,,,(UNK),833677,(N/A),(UNK),No Defects,1,1,InterState,1,9290,X002751711,Not Toll,73,10,4,Divided With Median Barrier,3,2942543.5,1905070.5,41.87271637,-87.79489255,,Urban,1,N,(N/A),Y,(N/A)
2022,2022-08-04,Thursday,10,10:30 AM,Property Damage,No Injuries,0,0,0,0,0,4,Turning,10,N,N,Failing to Yield Right of Way,(N/A),Daylight,Clear,Dry,Y,,,,,Traffic Signal,Functioning Properly,N,2,41.8871073,-87.8049778,ok,(UNK),1,2204645,2022,,2,99,50000 and OVER,9,4295,Oak Park,C,Urban Other Principal Arte,,16,4,11835084,8,Cook,0,22,,,4,N,No,Slow,202201247424,City,1,26.54000092,Y,,,,(UNK),833839,(N/A),(UNK),No Defects,1,1,Other Principal Arterial,3,5043,X002714476,Not Toll,73,3,4,Other,8,2939653.84052221,1910236.2091442,41.88709943,-87.80497202,,Urban,1,N,(N/A),Y,(N/A)
2022,2022-09-09,Friday,12,12:50 PM,Property Damage,No Injuries,0,0,0,0,0,2,Turning,10,N,N,Improper Turning/No Signal,(N/A),Daylight,Clear,Dry,Y,,,,,Traffic Signal,Functioning Properly,Y,2,41.8736414,-87.8045244,ok,Partial Access Control,1,22-02740,2022,,6,99,50000 and OVER,9,4295,Oak Park,C,Urban InterState,,16,9,11877210,9,Cook,0,22,,,5,N,No,Free Flow,202201286286,City,1,25.61000061,Y,,,,(UNK),833921,(N/A),(UNK),No Defects,1,1,InterState,1,5043,X002751787,Not Toll,73,3,4,Divided With Median Barrier,3,2939912.45706425,1905332.41695054,41.8736336,-87.80451856,,Urban,1,N,(N/A),Y,(N/A)
2022,2022-08-02,Tuesday,9,09:30 AM,Property Damage,No Injuries,0,0,0,0,0,2,Front to Rear,11,N,N,Following Too Closely,Failing to Reduce Speed to Avoid Crash,Daylight,Clear,Dry,N,,,,,Other Warning Sign,Functioning Properly,N,2,41.8727594,-87.7968196,ok,Partial Access Control,3,03-22-11109,2022,,3,28,50000 and OVER,9,4295,Oak Park,C,Urban InterState,,16,2,11835265,8,Cook,0,22,,,2,N,No,(UNK),202201247601,ISP,1,8.05000019,Y,,,,(UNK),834723,(N/A),(UNK),No Defects,1,1,InterState,1,290,X002714647,Not Toll,73,11,4,Divided With Median Barrier,3,2942019.85554306,1905068.87833404,41.8727516,-87.79681379,,Urban,1,N,(N/A),Y,(N/A)
2022,2022-02-04,Friday,18,06:30 PM,Property Damage,No Injuries,0,0,0,0,0,2,Front to Rear,11,N,N,Following Too Closely,Driving Skills/Knowledge/Experience,Dusk,Clear,Dry,N,,,,,Other Warning Sign,Functioning Properly,N,2,41.8734897,-87.8015024,ok,Partial Access Control,3,03-22-01783,2022,,3,15,50000 and OVER,9,4295,Oak Park,C,Urban InterState,,16,4,11641202,2,Cook,0,22,,,5,N,No,(UNK),202201062275,ISP,3,21.71999931,Y,,,,(UNK),835971,(N/A),(UNK),No Defects,1,1,InterState,1,9290,X002545998,Not Toll,73,11,4,Divided With Median Barrier,3,2940737.06633341,1905299.80654265,41.87348188,-87.80149658,,Urban,1,N,(N/A),Y,(N/A)
2022,2022-09-08,Thursday,9,09:15 AM,Property Damage,No Injuries,0,0,0,0,0,1,Parked Motor Vehicle,9,N,N,Failing to Reduce Speed to Avoid Crash,Unable to Determine,Darkness / Lighted Road,Clear,Dry,N,,,,,No Controls,No Controls,Y,2,41.8913271,-87.7945858,ok,(UNK),1,2205469,2022,,28,18,50000 and OVER,9,4295,Oak Park,C,Urban Major Collector,,16,8,11877881,9,Cook,0,22,,,4,N,No,Free Flow,202201286957,City,5,0,N,,,,(UNK),836165,(N/A),(UNK),No Defects,1,1,Major Collector,5,,X002752425,Not Toll,73,1,1,Not Divided,1,2942441.15433462,1911852.07156385,41.89131921,-87.79457998,,Urban,1,N,(N/A),Y,(N/A)
2022,2022-09-08,Thursday,11,11:06 AM,Injury,C Injury Crash,1,0,0,0,1,0,Parked Motor Vehicle,9,N,N,Physical Condition of Driver,Unable to Determine,Daylight,Clear,Dry,N,,,,,No Controls,No Controls,N,3,41.8915726,-87.7848014,ok,(UNK),1,2205470,2022,,17,18,50000 and OVER,9,4295,Oak Park,C,Urban Major Collector,,16,8,11877890,9,Cook,1,22,,,4,N,No,Free Flow,202201286965,City,1,0.70999998,N,,,,(UNK),836219,(N/A),(UNK),No Defects,1,1,Major Collector,5,2783,X002752433,Not Toll,73,1,1,Not Divided,1,2945102.87095123,1912015.39680295,41.89156476,-87.7847956,,Urban,1,N,(N/A),Y,(N/A)
2022,2022-02-02,Wednesday,15,03:27 PM,Property Damage,No Injuries,0,0,0,0,0,2,Front to Rear,11,N,N,Failing to Reduce Speed to Avoid Crash,Following Too Closely,Daylight,Snow,Snow or Slush,Y,,,,,Traffic Signal,Functioning Properly,N,2,41.8942278,-87.8052258,ok,(UNK),1,2200113,2022,,28,3,50000 and OVER,9,4295,Oak Park,C,Urban Other Principal Arte,,16,2,11644427,2,Cook,0,22,,,3,N,No,Slow,202201065076,City,1,27.03000069,Y,,,,(UNK),836848,(N/A),(UNK),No Defects,1,3,Other Principal Arterial,3,5043,X002548497,Not Toll,73,3,4,"Divided, No Median Barrier",2,2939514.862401,1912829.2173956,41.89422,-87.80522,,Urban,3,N,(N/A),Y,(N/A)
2022,2022-05-15,Sunday,5,05:45 AM,Injury,B Injury Crash,1,0,0,1,0,2,Front to Rear,11,N,N,Failing to Reduce Speed to Avoid Crash,Following Too Closely,Daylight,Clear,Dry,N,,,,,Other,Functioning Properly,Y,3,41.8731284,-87.7982457,ok,Partial Access Control,3,03-22-06640,2022,,28,3,50000 and OVER,9,4295,Oak Park,C,Urban InterState,,16,15,11735364,5,Cook,2,22,,,7,N,No,(UNK),202201151645,ISP,1,21.87999916,Y,,,,(UNK),837243,(N/A),(UNK),No Defects,1,1,InterState,1,9290,X002627191,Not Toll,73,13,4,Divided With Median Barrier,3,2941627.69921918,1905192.62054659,41.8731206,-87.79823995,,Urban,1,N,(N/A),Y,(N/A)
2022,2022-01-29,Saturday,10,10:50 AM,Property Damage,No Injuries,0,0,0,0,0,1,Parked Motor Vehicle,9,N,N,Unable to Determine,Unable to Determine,Daylight,Clear,Dry,N,,,,,No Controls,No Controls,Y,2,41.8818558,-87.7845181,ok,(UNK),1,2200496,2022,,18,18,50000 and OVER,9,4295,Oak Park,C,Urban Major Collector,,16,29,11649937,1,Cook,0,22,,,6,N,No,Free Flow,202201070877,City,1,1.38999999,N,,,,(UNK),837283,(N/A),(UNK),No Defects,1,1,Major Collector,5,2783,X002552920,Not Toll,73,1,1,"Divided, No Median Barrier",2,2945278.34789385,1908476.54057734,41.88184792,-87.78451235,,Urban,1,N,(N/A),Y,(N/A)
2022,2022-08-05,Friday,12,12:50 PM,Injury,B Injury Crash,1,0,0,1,0,2,Angle,15,N,N,Failing to Yield Right of Way,Failing to Reduce Speed to Avoid Crash,Daylight,Clear,Dry,Y,,,,,Stop Sign,Functioning Properly,N,2,41.8854023,-87.8049168,ok,(UNK),1,22-2360,2022,,2,28,50000 and OVER,9,4295,Oak Park,C,Urban Other Principal Arte,,16,5,11835986,8,Cook,2,22,PARKING LOT FENCE/BARRIER,,5,N,No,Free Flow,202201248296,City,1,26.42000008,Y,,,,(UNK),838316,(N/A),(UNK),No Defects,1,1,Other Principal Arterial,3,5043,X002715343,Not Toll,73,2,4,Not Divided,1,2939687.57101316,1909615.33961185,41.88539445,-87.80491098,,Urban,1,N,(N/A),Y,(N/A)
2022,2022-08-05,Friday,7,07:51 AM,Property Damage,No Injuries,0,0,0,0,0,2,Sideswipe Same Direction,12,N,N,Improper Lane Usage,Failing to Yield Right of Way,Daylight,Clear,Dry,N,,,,,No Controls,No Controls,N,2,41.8706263,-87.8044015,ok,(UNK),1,22-02354,2022,,20,2,50000 and OVER,9,4295,Oak Park,C,Urban Other Principal Arte,,16,5,11835991,8,Cook,0,22,,,5,N,No,Free Flow,202201248302,City,1,20.29999924,Y,,,,(UNK),838324,(N/A),(UNK),No Defects,1,1,Other Principal Arterial,3,348,X002715348,Not Toll,73,1,1,Not Divided,1,2939976.18475796,1904234.55628024,41.87061842,-87.80439566,,Urban,1,N,(N/A),Y,(N/A)
2022,2022-05-14,Saturday,14,02:45 PM,Property Damage,No Injuries,0,0,0,0,0,2,Rear to Side,16,N,N,Improper Backing,Improper Backing,Daylight,Clear,Dry,N,,,,,No Controls,No Controls,Y,2,41.8702238,-87.8043907,ok,(UNK),1,22-01409,2022,,30,30,50000 and OVER,9,4295,Oak Park,C,Urban Other Principal Arte,,16,14,11735865,5,Cook,0,22,,,6,N,No,Slow,202201152129,City,1,20.32999992,Y,,,,(UNK),839099,(N/A),(UNK),No Defects,1,1,Other Principal Arterial,3,348,X002627673,Not Toll,73,1,1,Parking Lot,7,2939983.1562649,1904087.96044572,41.87021593,-87.8043849,,Urban,1,N,(N/A),Y,(N/A)
2022,2022-10-15,Saturday,2,02:25 AM,Injury,B Injury Crash,1,0,0,1,0,3,Sideswipe Same Direction,12,N,N,Improper Lane Usage,Failing to Reduce Speed to Avoid Crash,Darkness,Clear,Dry,N,,,,,No Controls,No Controls,Y,3,41.8732839,-87.7996359,ok,Partial Access Control,3,03-22-14973,2022,,20,28,50000 and OVER,9,4295,Oak Park,C,Urban InterState,,16,15,11932111,10,Cook,2,22,,,6,N,No,(UNK),202201338098,ISP,4,21.80999947,Y,,,,(UNK),839549,(N/A),(UNK),No Defects,1,1,InterState,1,9290,X002799277,Not Toll,73,1,1,Divided With Median Barrier,3,2941247.49854607,1905238.82112922,41.87327606,-87.79963012,,Urban,1,N,(N/A),Y,(N/A)
2022,2022-02-14,Monday,23,11:55 PM,Property Damage,No Injuries,0,0,0,0,0,2,Front to Rear,11,N,N,Failing to Reduce Speed to Avoid Crash,Unable to Determine,Darkness / Lighted Road,Clear,Dry,N,,,,,Other,Functioning Properly,Y,2,41.8736,-87.8025159,ok,Partial Access Control,3,03-22-02174,2022,,28,18,50000 and OVER,9,4295,Oak Park,C,Urban InterState,,16,14,11639716,2,Cook,0,22,,,1,N,Yes,(UNK),202201060874,ISP,5,7.78999996,Y,,,,(UNK),839934,(N/A),(UNK),No Defects,1,1,InterState,1,290,X002544571,Not Toll,73,13,4,Divided With Median Barrier,3,2940459.90277527,1905332.38792341,41.87359217,-87.80251012,,Urban,1,N,(N/A),Y,(N/A)
2022,2022-05-10,Tuesday,14,02:35 PM,Property Damage,No Injuries,0,0,0,0,0,4,Front to Rear,11,N,N,Failing to Reduce Speed to Avoid Crash,Following Too Closely,Daylight,Clear,Dry,N,,,,,No Controls,No Controls,N,3,41.8732844,-87.800422,ok,Partial Access Control,3,03-22-06348,2022,,28,3,50000 and OVER,9,4295,Oak Park,C,Urban InterState,,16,10,11736166,5,Cook,0,22,,,2,N,No,(UNK),202201152425,ISP,1,0.08,Y,,,,(UNK),840278,(N/A),(UNK),No Defects,1,1,InterState,1,290,X002627959,Not Toll,,1,1,Divided With Median Barrier,3,2941033.38239894,1905233.10976997,41.87327659,-87.80041623,,Urban,1,N,(N/A),Y,(N/A)
2022,2022-08-06,Saturday,10,10:14 AM,Property Damage,No Injuries,0,0,0,0,0,2,Front to Rear,11,N,N,Following Too Closely,Driving Skills/Knowledge/Experience,Daylight,Clear,Dry,N,,,,,No Controls,No Controls,N,2,41.8720614,-87.8044564,ok,(UNK),1,22-02370,2022,,3,15,50000 and OVER,9,4295,Oak Park,C,Urban Other Principal Arte,,16,6,11836540,8,Cook,0,22,,,6,N,No,Free Flow,202201248829,City,1,20.20000076,Y,,,,(UNK),840974,(N/A),(UNK),No Defects,1,1,Other Principal Arterial,3,348,X002715881,Not Toll,73,1,1,"Divided, No Median Barrier",2,2939946.82516486,1904757.13493181,41.87205356,-87.80445058,,Urban,1,N,(N/A),Y,(N/A)
2022,2022-06-20,Monday,18,06:20 PM,Property Damage,No Injuries,0,0,0,0,0,2,Turning,10,N,N,Improper Overtaking/Passing,Driving On Wrong Side/Wrong Way,Daylight,Clear,Dry,Y,,,,,No Controls,No Controls,N,2,41.8650326,-87.8042159,ok,(UNK),1,22-1830,2022,,4,5,50000 and OVER,9,4295,Oak Park,C,Urban Other Principal Arte,,16,20,11779873,6,Cook,0,22,,,1,Y,No,Stopped,202201194147,City,1,25.01000023,Y,,,,(UNK),841399,(N/A),(UNK),Other,10,1,Other Principal Arterial,3,5043,X002667008,Not Toll,52,1,1,Other,8,2940082.84385929,1902197.51726741,41.86502475,-87.80421015,,Urban,1,N,Construction,N,Construction Work Zone
2022,2022-02-18,Friday,12,12:40 PM,Property Damage,No Injuries,0,0,0,0,0,6,Front to Rear,11,N,N,Following Too Closely,Failing to Reduce Speed to Avoid Crash,Daylight,Clear,Dry,N,,,,,Other,Functioning Properly,N,4,41.8719999,-87.7848324,ok,Partial Access Control,3,03-22-02394,2022,,3,28,50000 and OVER,9,4295,Oak Park,C,Urban InterState,,16,18,11640292,2,Cook,0,22,,,5,N,No,(UNK),202201061413,ISP,1,22.55999947,Y,,,,(UNK),842459,(N/A),(UNK),No Defects,1,1,InterState,1,9290,X002545128,Not Toll,73,13,4,Divided With Median Barrier,3,2945292.5,1904882.5,41.87199204,-87.78482658,,Urban,1,N,(N/A),Y,(N/A)
2022,2022-08-02,Tuesday,6,06:50 AM,Injury,B Injury Crash,1,0,0,1,0,2,Front to Rear,11,N,N,Failing to Reduce Speed to Avoid Crash,(N/A),Daylight,Clear,Dry,N,,,,,Other,Functioning Properly,N,3,41.8721308,-87.7895966,ok,Partial Access Control,3,03-22-10942,2022,,28,99,50000 and OVER,9,4295,Oak Park,C,Urban InterState,,16,2,11836801,8,Cook,2,22,,,2,N,No,(UNK),202201249080,ISP,1,8.42000008,Y,,,,(UNK),842583,(N/A),(UNK),No Defects,1,1,InterState,1,290,X002716134,Not Toll,,13,4,Divided With Median Barrier,3,2943993.53193994,1904894.21770128,41.87212296,-87.78959079,,Urban,1,N,(N/A),Y,(N/A)
2022,2022-09-09,Friday,11,11:20 AM,Property Damage,No Injuries,0,0,0,0,0,4,Front to Rear,11,N,N,Failing to Reduce Speed to Avoid Crash,Following Too Closely,Daylight,Clear,Dry,Y,,,,,Traffic Signal,Functioning Properly,N,2,41.8832478,-87.8048558,ok,(UNK),1,22-02738,2022,,28,3,50000 and OVER,9,4295,Oak Park,C,Urban Other Principal Arte,,16,9,11879334,9,Cook,0,22,,,5,N,No,Stopped,202201288372,City,1,26.27000046,Y,,,,(UNK),843083,(N/A),(UNK),No Defects,1,1,Other Principal Arterial,3,5043,X002753869,Not Toll,73,3,4,"Divided, No Median Barrier",2,2939725.79669042,1908830.67683626,41.88324,-87.80485,,Urban,1,N,(N/A),Y,(N/A)