crash_year,crash_date,day_of_week,crash_hour,time_of_crash,crash_severity,crash_injury_severity,total_injured,total_fatals,a_injuries,b_injuries,c_injuries,no_injuries,type_of_first_crash,collision_type_code,pedestrian_involved,pedalcyclist_involved,cause1,cause2,lighting_cond,weather_cond,road_surface_cond,intersection_related,is_intersection,highway_or_street_name,at_intersection_with,address_no,traffic_control_device,traffic_control_device_cond,hit_and_run,number_of_vehicles,latitude,longitude,location_status,access_control,agency_code,agency_report_number,agency_report_year,alignment_code,cause1_code,cause2_code,city_class,city_class_code,city_code,city_name,city_township_flag,class_of_trafficway,class_of_trafficway_code,county_code,crash_day,crash_id,crash_month,crash_report_county,crash_severity_cd,crash_yr_source,damaged_property1,damaged_property2,day_of_week_code,did_crash_occur_in_work_zone,did_involve_secondary_crash,flow_condition,icn,investigating_agency_descrip,light_condition_code,mile_station,nhs,non_intersection_direction,non_intersection_distance,non_intersection_units,number_of_lanes,objectid,railroad_crossing_number,road_alignment,road_defects,road_defects_code,road_surface_condition_code,roadway_functional_class,roadway_functional_class_code,route_number,sfe,toll,township,traffic_control_device_code,traffic_control_device_cond_code,trafficway_descrip,trafficway_description_code,ts_crash_coordinate_x,ts_crash_coordinate_y,ts_crash_latitude,ts_crash_longitude,type_report,urban_rural,weather_code,were_workers_present,work_zone,work_zone_related,work_zone_type
2022,2022-06-17,Friday,13,01:43 PM,Property Damage,No Injuries,0,0,0,0,0,2,Front to Rear,11,N,N,Failing to Reduce Speed to Avoid Crash,Following Too Closely,Daylight,Clear,Dry,N,,,,,Other Regualtory Sig,Functioning Properly,N,2,41.8737764,-87.8045293,ok,(UNK),3,03-22-08469,2022,,28,3,50000 and OVER,9,4295,Oak Park,C,Urban Other Principal Arte,,16,17,11782469,6,Cook,0,22,,,5,N,No,(UNK),202201195068,ISP,1,20.07999992,Y,,,,(UNK),843942,(N/A),(UNK),No Defects,1,1,Other Principal Arterial,3,348,X002667831,Not Toll,73,10,4,Divided With Median Barrier,3,2939909.7463873,1905381.57246264,41.87376859,-87.80452354,,Urban,1,N,(N/A),Y,(N/A)
2022,2022-05-14,Saturday,16,04:31 PM,Injury,B Injury Crash,1,0,0,1,0,1,Turning,10,N,N,Failing to Yield Right of Way,Failing to Reduce Speed to Avoid Crash,Daylight,Clear,Dry,N,,,,,Traffic Signal,Unknown,N,2,41.879719,-87.7942755,ok,(UNK),1,2202711,2022,,2,28,50000 and OVER,9,4295,Oak Park,C,Urban Minor Arterial,,16,14,11738333,5,Cook,2,22,,,6,N,No,Free Flow,202201154608,City,1,0,N,,,,(UNK),845456,(N/A),(UNK),No Defects,1,1,Minor Arterial,4,,X002629296,Not Toll,73,3,9,Four Way,14,2942642.63895384,1907624.2199316,41.87971116,-87.79426974,,Urban,1,N,(N/A),Y,(N/A)
2022,2022-05-14,Saturday,14,02:49 PM,Property Damage,No Injuries,0,0,0,0,0,2,Front to Rear,11,N,N,Failing to Reduce Speed to Avoid Crash,(N/A),Daylight,Clear,Dry,N,,,,,Traffic Signal,Functioning Properly,N,2,41.8718898,-87.8044498,ok,(UNK),1,2202709,2022,,28,99,50000 and OVER,9,4295,Oak Park,C,Urban Other Principal Arte,,16,14,11738330,5,Cook,0,22,,,6,N,No,Stopped,202201154604,City,1,20.20999908,Y,,,,(UNK),845457,(N/A),(UNK),No Defects,1,1,Other Principal Arterial,3,348,X002629293,Not Toll,73,3,4,"Divided, No Median Barrier",2,2939950.33528334,1904694.65787734,41.87188199,-87.80444402,,Urban,1,N,(N/A),Y,(N/A)
2022,2022-05-13,Friday,16,04:20 PM,Property Damage,No Injuries,0,0,0,0,0,2,Turning,10,N,N,Failing to Yield Right of Way,Failing to Reduce Speed to Avoid Crash,Daylight,Clear,Dry,Y,,,,,Traffic Signal,Functioning Properly,N,2,41.879868,-87.7844362,ok,(UNK),1,2202687,2022,,2,28,50000 and OVER,9,4295,Oak Park,C,Urban Minor Arterial,,16,13,11738339,5,Cook,0,22,,,5,N,No,Free Flow,202201154614,City,1,1.51999998,N,,,,(UNK),845459,(N/A),(UNK),No Defects,1,1,Minor Arterial,4,2783,X002629302,Not Toll,73,3,4,Four Way,14,2945320.78840638,1907752.79276939,41.87986019,-87.78443038,,Urban,1,N,(N/A),Y,(N/A)
2022,2022-05-13,Friday,15,03:42 PM,Property Damage,No Injuries,0,0,0,0,0,4,Angle,15,N,N,Failing to Yield Right of Way,Failing to Reduce Speed to Avoid Crash,Daylight,Clear,Dry,Y,,,,,Stop Sign,Functioning Properly,N,2,41.8946278,-87.7799864,ok,(UNK),1,2202684,2022,,2,28,50000 and OVER,9,4295,Oak Park,C,Urban Minor Arterial,,16,13,11738341,5,Cook,0,22,,,5,N,No,Free Flow,202201154616,City,1,0,N,,,,(UNK),845460,(N/A),(UNK),No Defects,1,1,Minor Arterial,4,,X002629304,Not Toll,73,2,4,Not Divided,1,2946382.97206536,1913165.23747236,41.89462,-87.77998056,,Urban,1,N,(N/A),Y,(N/A)
2022,2022-05-13,Friday,7,07:46 AM,Property Damage,No Injuries,0,0,0,0,0,3,Angle,15,N,N,Failing to Yield Right of Way,Failing to Reduce Speed to Avoid Crash,Daylight,Clear,Dry,Y,,,,,Stop Sign,Functioning Properly,Y,2,41.8852165,-87.7846039,ok,(UNK),1,2202669,2022,,2,28,50000 and OVER,9,4295,Oak Park,C,Urban Major Collector,,16,13,11738337,5,Cook,0,22,,,5,N,No,Free Flow,202201154612,City,1,0,N,,,,(UNK),845482,(N/A),(UNK),No Defects,1,1,Major Collector,5,,X002629300,Not Toll,73,2,4,Not Divided,1,2945220.99146378,1909700.60755248,41.88520866,-87.78459807,,Urban,1,N,(N/A),Y,(N/A)
2022,2022-06-18,Saturday,22,10:56 PM,Property Damage,No Injuries,0,0,0,0,0,2,Front to Rear,11,N,N,Following Too Closely,(N/A),Darkness / Lighted Road,Clear,Dry,Y,,,,,Traffic Signal,Functioning Properly,N,2,41.8736416,-87.8045258,ok,Partial Access Control,1,22-1809,2022,,3,99,50000 and OVER,9,4295,Oak Park,C,Urban InterState,,16,18,11783369,6,Cook,0,22,,,6,Y,No,Slow,202201195930,City,5,25.61000061,Y,,,,(UNK),846535,(N/A),(UNK),No Defects,1,1,InterState,1,5043,X002668673,Not Toll,73,3,4,Not Divided,1,2939912.062394,1905332.46992192,41.87363377,-87.80452,,Urban,1,N,Construction,Y,Construction Work Zone
2022,2022-05-17,Tuesday,10,10:10 AM,Property Damage,No Injuries,0,0,0,0,0,2,Sideswipe Same Direction,12,N,N,Driving Skills/Knowledge/Experience,Operating Vehicle In Reckless Manner,Daylight,Clear,Dry,N,,,,,No Controls,No Controls,N,2,41.8866435,-87.8049502,ok,(UNK),1,22-01427,2022,,15,50,50000 and OVER,9,4295,Oak Park,C,Urban Other Principal Arte,,16,17,11738934,5,Cook,0,22,,,2,N,No,Stopped,202201155187,City,1,19.19000053,Y,,,,(UNK),847669,(N/A),(UNK),No Defects,1,1,Other Principal Arterial,3,348,X002629867,Not Toll,73,1,1,"Divided, No Median Barrier",2,2939666.00698372,1910067.42029896,41.88663569,-87.80494443,,Urban,1,N,(N/A),Y,(N/A)
2022,2022-09-09,Friday,16,04:39 PM,Injury,C Injury Crash,2,0,0,0,2,0,Turning,10,N,N,Failing to Yield Right of Way,Failing to Reduce Speed to Avoid Crash,Daylight,Clear,Dry,Y,,,,,Stop Sign,Functioning Properly,N,2,41.8881394,-87.7781703,ok,(UNK),1,2205508,2022,,2,28,50000 and OVER,9,4295,Oak Park,C,Urban Major Collector,,16,9,11880969,9,Cook,1,22,,,5,N,No,Free Flow,202201290134,City,1,0,N,,,,(UNK),848008,(N/A),(UNK),No Defects,1,1,Major Collector,5,,X002755374,Not Toll,73,2,4,T-Intersection,15,2946943.30282794,1910814.48620106,41.88813154,-87.77816449,,Urban,1,N,(N/A),Y,(N/A)
2022,2022-09-09,Friday,9,09:21 AM,Property Damage,No Injuries,0,0,0,0,0,2,Angle,15,N,N,Failing to Reduce Speed to Avoid Crash,Disregarding Traffic Signals,Daylight,Clear,Dry,N,,,,,Traffic Signal,Functioning Properly,Y,2,41.8814976,-87.799921,ok,(UNK),1,2205491,2022,,28,25,50000 and OVER,9,4295,Oak Park,C,Urban Major Collector,,16,9,11880971,9,Cook,0,22,,,5,N,No,Free Flow,202201290135,City,1,0,N,,,,(UNK),848050,(N/A),(UNK),No Defects,1,1,Major Collector,5,,X002755376,Not Toll,73,3,4,"Divided, No Median Barrier",2,2941087.26191946,1908229.89569042,41.88148975,-87.79991522,,Urban,1,N,(N/A),Y,(N/A)
2022,2022-09-09,Friday,16,04:40 PM,Property Damage,No Injuries,0,0,0,0,0,5,Front to Front,14,N,N,Driving On Wrong Side/Wrong Way,Improper Overtaking/Passing,Daylight,Clear,Dry,N,,,,,No Controls,No Controls,Y,2,41.8914019,-87.7847962,ok,(UNK),1,2205506,2022,,5,4,50000 and OVER,9,4295,Oak Park,C,Urban Major Collector,,16,9,11880976,9,Cook,0,22,,,5,N,No,Free Flow,202201290139,City,1,0.72000003,N,,,,(UNK),848052,(N/A),(UNK),No Defects,1,1,Major Collector,5,2783,X002755381,Not Toll,73,1,1,Not Divided,1,2945106.00726772,1911953.22878439,41.89139405,-87.78479043,,Urban,1,N,(N/A),Y,(N/A)
2022,2022-09-10,Saturday,11,11:15 AM,Injury,B Injury Crash,1,0,0,1,0,1,Angle,15,N,N,Failing to Yield Right of Way,Unable to Determine,Daylight,Clear,Dry,Y,,,,,Stop Sign,Functioning Properly,N,2,41.8869505,-87.7879194,ok,(UNK),1,2205523,2022,,2,18,50000 and OVER,9,4295,Oak Park,C,Urban Local Road or Street,,16,10,11880977,9,Cook,2,22,,,6,N,No,Free Flow,202201290140,City,1,0,N,,,,(UNK),848053,(N/A),(UNK),No Defects,1,1,Local Road or Street,7,,X002755382,Not Toll,73,2,4,Not Divided,1,2944300.58571796,1910307.46110273,41.88694268,-87.78791361,,Urban,1,N,(N/A),Y,(N/A)
2022,2022-02-17,Thursday,18,06:13 PM,Property Damage,No Injuries,0,0,0,0,0,3,Fixed Object,6,N,N,Operating Vehicle In Reckless Manner,Weather,Dusk,Blowing Snow,Snow or Slush,N,,,,,No Controls,No Controls,Y,2,41.8672937,-87.7744088,ok,(UNK),1,2200873,2022,,50,11,50000 and OVER,9,4295,Oak Park,C,Urban Local Road or Street,,16,17,11641747,2,Cook,0,22,CONDOMINIUM,,4,N,Yes,Free Flow,202201062578,City,3,1.5,N,,,,(UNK),848193,(N/A),(UNK),No Defects,1,3,Local Road or Street,7,4102,X002542345,Not Toll,73,1,1,Not Divided,1,2948179.4189287,1903246.46701241,41.86728583,-87.77440305,,Urban,11,N,(N/A),Y,(N/A)
2022,2022-09-07,Wednesday,16,04:00 PM,Property Damage,No Injuries,0,0,0,0,0,3,Front to Rear,11,N,N,Following Too Closely,Failing to Reduce Speed to Avoid Crash,Daylight,Clear,Dry,N,,,,,No Controls,No Controls,N,3,41.8709731,-87.7751195,ok,Partial Access Control,3,03-22-12854,2022,,3,28,50000 and OVER,9,4295,Oak Park,C,Urban InterState,,16,7,11881637,9,Cook,0,22,,,3,N,No,(UNK),202201290515,ISP,1,9.17000008,Y,,,,(UNK),848957,(N/A),(UNK),No Defects,1,1,InterState,1,290,X002755688,Not Toll,,1,1,Divided With Median Barrier,3,2947948.47570148,1904581.91834371,41.87096525,-87.77511366,,Urban,1,N,(N/A),Y,(N/A)
2022,2022-02-19,Saturday,21,09:48 PM,Property Damage,No Injuries,0,0,0,0,0,3,Front to Front,14,N,N,Improper Lane Usage,Failing to Reduce Speed to Avoid Crash,Darkness / Lighted Road,Clear,Dry,Y,,,,,Traffic Signal,Functioning Properly,N,2,41.865028,-87.8042158,ok,(UNK),1,22-01436,2022,,20,28,50000 and OVER,9,4295,Oak Park,C,Urban Other Principal Arte,,16,19,11642124,2,Cook,0,22,,,6,N,No,Free Flow,202201062888,City,5,25.01000023,Y,,,,(UNK),849470,(N/A),(UNK),No Defects,1,1,Other Principal Arterial,3,5043,X002546558,Not Toll,52,3,4,Not Divided,1,2940082.92777179,1902195.84625342,41.86502017,-87.80421001,,Urban,1,N,(N/A),Y,(N/A)
2022,2022-05-16,Monday,18,06:44 PM,Property Damage,No Injuries,0,0,0,0,0,2,Turning,10,N,N,Failing to Reduce Speed to Avoid Crash,(N/A),Daylight,Clear,Dry,N,,,,,No Controls,No Controls,N,2,41.8801387,-87.7877274,ok,(UNK),1,2202764,2022,,28,99,50000 and OVER,9,4295,Oak Park,C,Urban Local Road or Street,,16,16,11739676,5,Cook,0,22,,,1,N,No,Slow,202201155912,City,1,0.15000001,N,,,,(UNK),850109,(N/A),(UNK),No Defects,1,1,Local Road or Street,7,2650,X002630577,Not Toll,73,1,1,Not Divided,1,2944421.71759459,1907826.56363636,41.88013088,-87.78772162,,Urban,1,N,(N/A),Y,(N/A)
2022,2022-05-16,Monday,12,12:24 PM,Property Damage,No Injuries,0,0,0,0,0,2,Turning,10,N,N,Failing to Yield Right of Way,Unable to Determine,Daylight,Clear,Dry,Y,,,,,Traffic Signal,Functioning Properly,Y,2,41.8869836,-87.7846457,ok,(UNK),1,2202750,2022,,2,18,50000 and OVER,9,4295,Oak Park,C,Urban Major Collector,,16,16,11739678,5,Cook,0,22,,,1,N,No,Free Flow,202201155914,City,1,0,N,,,,(UNK),850148,(N/A),(UNK),No Defects,1,1,Major Collector,5,,X002630579,Not Toll,73,3,4,Not Divided,1,2945191.71029925,1910344.2420506,41.88697572,-87.78463992,,Urban,1,N,(N/A),Y,(N/A)
2022,2022-05-16,Monday,16,04:44 PM,Injury,B Injury Crash,1,0,0,1,0,1,Pedalcyclist,2,N,Y,Failing to Yield Right of Way,Disregarding Other Traffic Signs,Daylight,Clear,Dry,Y,,,,,Traffic Signal,Functioning Properly,N,1,41.8885678,-87.8050258,ok,(UNK),1,2200512,2022,,2,24,50000 and OVER,9,4295,Oak Park,C,Urban Other Principal Arte,,16,16,11739683,5,Cook,2,22,,,1,N,No,Free Flow,202201155919,City,1,26.63999939,Y,,,,(UNK),850149,(N/A),(UNK),Worn Surface,8,1,Other Principal Arterial,3,5043,X002630584,Not Toll,73,3,4,Not Divided,1,2939626.11874017,1910768.10734459,41.88856,-87.80502,,Urban,1,N,(N/A),N,(N/A)
2022,2022-05-16,Monday,7,07:44 AM,Injury,B Injury Crash,1,0,0,1,0,1,Pedalcyclist,2,N,Y,Failing to Reduce Speed to Avoid Crash,(N/A),Daylight,Clear,Dry,Y,,,,,Stop Sign,Functioning Properly,Y,1,41.8754177,-87.7997345,ok,(UNK),1,2202743,2022,,28,99,50000 and OVER,9,4295,Oak Park,C,Urban Local Road or Street,,16,16,11739677,5,Cook,2,22,,,1,N,No,Slow,202201155913,City,1,0,N,,,,(UNK),850150,(N/A),(UNK),No Defects,1,1,Local Road or Street,7,,X002630578,Not Toll,73,2,4,Not Divided,1,2941199.20110898,1906015.68127245,41.87540987,-87.79972867,,Urban,1,N,(N/A),Y,(N/A)
2022,2022-05-17,Tuesday,12,12:23 PM,Property Damage,No Injuries,0,0,0,0,0,2,Sideswipe Same Direction,12,N,N,Improper Turning/No Signal,Driving Skills/Knowledge/Experience,Daylight,Clear,Dry,Y,,,,,No Controls,No Controls,N,2,41.8885679,-87.8050256,ok,(UNK),1,2200516,2022,,6,15,50000 and OVER,9,4295,Oak Park,C,Urban Other Principal Arte,,16,17,11739685,5,Cook,0,22,,,2,N,No,Slow,202201155921,City,1,26.63999939,Y,,,,(UNK),850183,(N/A),(UNK),No Defects,1,1,Other Principal Arterial,3,5043,X002630586,Not Toll,73,1,1,Not Divided,1,2939626.18364516,1910768.11209234,41.88856001,-87.80501976,,Urban,1,N,(N/A),Y,(N/A)
2022,2022-05-10,Tuesday,8,08:44 AM,Property Damage,No Injuries,0,0,0,0,0,2,Front to Rear,11,N,N,Failing to Reduce Speed to Avoid Crash,Driving Skills/Knowledge/Experience,Daylight,Clear,Dry,N,,,,,No Controls,No Controls,N,2,41.8729767,-87.7990701,ok,Partial Access Control,3,03-22-06333,2022,,28,15,50000 and OVER,9,4295,Oak Park,C,Urban InterState,,16,10,11739916,5,Cook,0,22,,,2,N,No,(UNK),202201156135,ISP,1,21.82999992,Y,,,,(UNK),850865,(N/A),(UNK),No Defects,1,1,InterState,1,9290,X002630796,Not Toll,73,1,1,Divided With Median Barrier,3,2941404.70465775,1905131.13437447,41.87296888,-87.79906428,,Urban,1,N,(N/A),Y,(N/A)
2022,2022-05-15,Sunday,13,01:21 PM,Property Damage,No Injuries,0,0,0,0,0,5,Sideswipe Same Direction,12,N,N,Improper Overtaking/Passing,Driving Skills/Knowledge/Experience,Daylight,Clear,Dry,N,,,,,No Controls,No Controls,N,2,41.8712672,-87.7793932,ok,Partial Access Control,3,03-22-06662,2022,,4,15,50000 and OVER,9,4295,Oak Park,C,Urban InterState,,16,15,11740002,5,Cook,0,22,,,7,N,No,(UNK),202201156220,ISP,1,8.94999981,Y,,,,(UNK),851198,(N/A),(UNK),No Defects,1,1,InterState,1,290,X002630879,Not Toll,73,1,1,Divided With Median Barrier,3,2946781.43070109,1904656.67822249,41.87125937,-87.77938736,,Urban,1,N,(N/A),Y,(N/A)
2022,2022-06-16,Thursday,16,04:18 PM,Property Damage,No Injuries,0,0,0,0,0,2,Angle,15,N,N,Failing to Yield Right of Way,(N/A),Daylight,Clear,Dry,Y,,,,,Stop Sign,Functioning Properly,N,2,41.894538,-87.7865226,ok,(UNK),1,2203459,2022,,2,99,50000 and OVER,9,4295,Oak Park,C,Urban Minor Arterial,,16,16,11785345,6,Cook,0,22,,,4,N,No,Free Flow,202201197768,City,1,0,N,,,,(UNK),851301,(N/A),(UNK),No Defects,1,1,Minor Arterial,4,,X002670261,Not Toll,73,2,4,"Divided, No Median Barrier",2,2944604.20959764,1913083.04718943,41.89453019,-87.7865168,,Urban,1,N,(N/A),Y,(N/A)
2022,2022-06-16,Thursday,17,05:33 PM,Property Damage,No Injuries,0,0,0,0,0,2,Sideswipe Same Direction,12,N,N,Failing to Reduce Speed to Avoid Crash,Unable to Determine,Daylight,Clear,Dry,N,,,,,No Controls,No Controls,Y,2,41.8705288,-87.7758841,ok,(UNK),1,2203461,2022,,28,18,50000 and OVER,9,4295,Oak Park,C,Urban Local Road or Street,,16,16,11785352,6,Cook,0,22,,,4,N,No,Free Flow,202201197777,City,1,0.17,N,,,,(UNK),851373,(N/A),(UNK),No Defects,1,1,Local Road or Street,7,290,X002670268,Not Toll,73,1,1,Not Divided,1,2947744.72272823,1904414.2142557,41.87052099,-87.77587827,,Urban,1,N,(N/A),Y,(N/A)
2022,2022-01-04,Tuesday,6,06:00 AM,Property Damage,No Injuries,0,0,0,0,0,2,Front to Rear,11,N,N,Failing to Reduce Speed to Avoid Crash,Following Too Closely,Darkness / Lighted Road,Clear,Dry,N,,,,,Other,Functioning Properly,N,2,41.8720764,-87.7890811,ok,Partial Access Control,3,03-22-00196,2022,,28,3,50000 and OVER,9,4295,Oak Park,C,Urban InterState,,16,4,11583237,1,Cook,0,22,,,2,N,No,(UNK),202201013760,ISP,5,22.32999992,Y,,,,(UNK),852228,(N/A),(UNK),No Defects,1,1,InterState,1,9290,X002497200,Not Toll,73,13,4,Divided With Median Barrier,3,2944134.48060723,1904878.26911673,41.87206852,-87.78907533,,Urban,1,N,(N/A),Y,(N/A)
2022,2022-01-06,Thursday,8,08:26 AM,Property Damage,No Injuries,0,0,0,0,0,2,Sideswipe Same Direction,12,N,N,Improper Lane Usage,Failing to Reduce Speed to Avoid Crash,Daylight,Clear,Dry,N,,,,,Other Warning Sign,Functioning Properly,N,2,41.8709785,-87.7752088,ok,Partial Access Control,3,03-22-00241,2022,,20,28,50000 and OVER,9,4295,Oak Park,C,Urban InterState,,16,6,11583388,1,Cook,0,22,,,4,N,No,(UNK),202201013872,ISP,1,9.15999985,Y,,,,(UNK),852759,(N/A),(UNK),No Defects,1,1,InterState,1,290,X002497340,Not Toll,,11,4,Divided With Median Barrier,3,2947924.08345612,1904583.20791395,41.87097065,-87.77520301,,Urban,1,N,(N/A),Y,(N/A)
2022,2022-05-13,Friday,9,09:00 AM,Property Damage,No Injuries,0,0,0,0,0,3,Front to Rear,11,N,N,Failing to Reduce Speed to Avoid Crash,Following Too Closely,Daylight,Clear,Dry,N,,,,,No Controls,No Controls,N,3,41.8720289,-87.7851727,ok,Partial Access Control,3,03-22-06665,2022,,28,3,50000 and OVER,9,4295,Oak Park,C,Urban InterState,,16,13,11740383,5,Cook,0,22,,,5,N,No,(UNK),202201156583,ISP,1,22.54000092,Y,,,,(UNK),852778,(N/A),(UNK),No Defects,1,1,InterState,1,9290,X002631242,Not Toll,73,1,1,Divided With Median Barrier,3,2945199.5,1904890.5,41.87202106,-87.78516695,,Urban,1,N,(N/A),Y,(N/A)
2022,2022-09-12,Monday,11,11:22 AM,Property Damage,No Injuries,0,0,0,0,0,1,Parked Motor Vehicle,9,N,N,Driving Skills/Knowledge/Experience,Failing to Reduce Speed to Avoid Crash,Daylight,Cloudy/Overcast,Dry,N,,,,,No Controls,No Controls,N,2,41.8918075,-87.7764129,ok,(UNK),1,2205571,2022,,15,28,50000 and OVER,9,4295,Oak Park,C,Urban Local Road or Street,,16,12,11882712,9,Cook,0,22,,,1,N,No,Stopped,202201291639,City,1,0,N,,,,(UNK),853153,(N/A),(UNK),No Defects,1,1,Local Road or Street,7,,X002756707,Not Toll,73,1,1,Roundabout,18,2947384.58705733,1912164.55125959,41.89179966,-87.77640712,,Urban,8,N,(N/A),Y,(N/A)
2022,2022-09-12,Monday,8,08:15 AM,Property Damage,No Injuries,0,0,0,0,0,3,Front to Rear,11,N,N,Failing to Reduce Speed to Avoid Crash,Unable to Determine,Daylight,Rain,Wet,Y,,,,,Traffic Signal,Functioning Properly,N,2,41.8982368,-87.7850064,ok,(UNK),1,2205568,2022,,28,18,50000 and OVER,9,4295,Oak Park,C,Urban Major Collector,,16,12,11882711,9,Cook,0,22,,,1,N,No,Slow,202201291638,City,1,0,N,,,,(UNK),853154,(N/A),(UNK),No Defects,1,2,Major Collector,5,,X002756706,Not Toll,73,3,4,Not Divided,1,2944979.6093455,1914442.41790935,41.89822898,-87.78500057,,Urban,2,N,(N/A),Y,(N/A)
2022,2022-09-12,Monday,8,08:07 AM,Injury,B Injury Crash,1,0,0,1,0,4,Front to Rear,11,N,N,Failing to Reduce Speed to Avoid Crash,Following Too Closely,Daylight,Rain,Wet,N,,,,,Traffic Signal,Functioning Properly,N,3,41.8930478,-87.8051858,ok,(UNK),1,2205569,2022,,28,3,50000 and OVER,9,4295,Oak Park,C,Urban Other Principal Arte,,16,12,11882710,9,Cook,2,22,,,1,N,Yes,Slow,202201291637,City,1,26.95000076,Y,,,,(UNK),853190,(N/A),(UNK),No Defects,1,2,Other Principal Arterial,3,5043,X002756705,Not Toll,73,3,4,"Divided, No Median Barrier",2,2939537.59496709,1912399.50303192,41.89304,-87.80518,,Urban,2,N,(N/A),Y,(N/A)
2022,2022-09-09,Friday,19,07:25 PM,Injury,B Injury Crash,1,0,0,1,0,1,Pedestrian,1,Y,N,Failing to Yield Right of Way,Failing to Reduce Speed to Avoid Crash,Darkness / Lighted Road,Cloudy/Overcast,Dry,Y,,,,,Traffic Signal,Functioning Properly,Y,1,41.8885987,-87.7926977,ok,(UNK),1,2205576,2022,,2,28,50000 and OVER,9,4295,Oak Park,C,Urban Major Collector,,16,9,11882713,9,Cook,2,22,,,5,N,No,Free Flow,202201291640,City,5,0,N,,,,(UNK),853192,(N/A),(UNK),No Defects,1,1,Major Collector,5,,X002756708,Not Toll,73,3,4,Two-way Continuous Left-Tur,4,2942982.78081994,1910872.03567,41.88859086,-87.79269191,,Urban,8,N,(N/A),Y,(N/A)
2022,2022-10-22,Saturday,18,06:23 PM,Property Damage,No Injuries,0,0,0,0,0,2,Turning,10,N,N,Improper Turning/No Signal,(N/A),Darkness / Lighted Road,Clear,Dry,Y,,,,,Traffic Signal,Functioning Properly,N,2,41.8736415,-87.8045251,ok,Partial Access Control,1,22-03168,2022,,6,99,50000 and OVER,9,4295,Oak Park,C,Urban InterState,,16,22,11933638,10,Cook,0,22,,,6,N,No,Free Flow,202201339625,City,5,25.61000061,Y,,,,(UNK),853399,(N/A),(UNK),No Defects,1,1,InterState,1,5043,X002800736,Not Toll,73,3,4,Divided With Median Barrier,3,2939912.26651869,1905332.44252496,41.87363368,-87.80451925,,Urban,1,N,(N/A),Y,(N/A)
2022,2022-08-08,Monday,20,08:52 PM,Property Damage,No Injuries,0,0,0,0,0,1,Fixed Object,6,N,N,(N/A),(N/A),Darkness / Lighted Road,Clear,Dry,N,,,,,No Controls,No Controls,N,1,41.8683238,-87.8043226,ok,(UNK),1,22-02395,2022,,99,99,50000 and OVER,9,4295,Oak Park,C,Urban Other Principal Arte,,16,8,11839199,8,Cook,0,22,,,1,N,No,Free Flow,202201251162,City,5,20.46999931,Y,,,,(UNK),853987,(N/A),(UNK),No Defects,1,1,Other Principal Arterial,3,348,X002718101,Not Toll,73,1,1,Not Divided,1,2940020.76121247,1903396.09516407,41.86831598,-87.80431683,,Urban,1,N,(N/A),Y,(N/A)
2022,2022-02-17,Thursday,17,05:29 PM,Injury,C Injury Crash,1,0,0,0,1,1,Angle,15,N,N,Failing to Yield Right of Way,Failing to Reduce Speed to Avoid Crash,Darkness / Lighted Road,Blowing Snow,Snow or Slush,N,,,,,No Controls,No Controls,Y,2,41.866958,-87.7954876,ok,(UNK),1,2200872,2022,,2,28,50000 and OVER,9,4295,Oak Park,C,Urban Local Road or Street,,16,17,11643362,2,Cook,1,22,,,4,N,No,Free Flow,202201064129,City,5,0.41,N,,,,(UNK),854645,(N/A),(UNK),No Defects,1,3,Local Road or Street,7,4102,X002547661,Not Toll,73,1,1,Not Divided,1,2942441.06862071,1902964.76979929,41.8669502,-87.79548184,,Urban,11,N,(N/A),Y,(N/A)
2022,2022-10-18,Tuesday,18,06:18 PM,Property Damage,No Injuries,0,0,0,0,0,2,Front to Rear,11,N,N,Failing to Reduce Speed to Avoid Crash,Following Too Closely,Dusk,Clear,Dry,N,,,,,Other,Functioning Properly,Y,2,41.8737615,-87.8043527,ok,Partial Access Control,3,03-22-15186,2022,,28,3,50000 and OVER,9,4295,Oak Park,C,Urban InterState,,16,18,11933972,10,Cook,0,22,,,2,N,No,(UNK),202201339950,ISP,3,21.59000015,Y,,,,(UNK),855026,(N/A),(UNK),No Defects,1,1,InterState,1,9290,X002801064,Not Toll,73,13,4,Divided With Median Barrier,3,2939958.00062434,1905377.46634388,41.87375369,-87.80434692,,Urban,1,N,(N/A),Y,(N/A)
2022,2022-06-22,Wednesday,6,06:27 AM,Property Damage,No Injuries,0,0,0,0,0,2,Angle,15,N,N,Disregarding Traffic Signals,Failing to Reduce Speed to Avoid Crash,Daylight,Clear,Dry,Y,,,,,Traffic Signal,Functioning Properly,N,2,41.8817175,-87.7845158,ok,(UNK),1,2203585,2022,,25,28,50000 and OVER,9,4295,Oak Park,C,Urban Major Collector,,16,22,11786371,6,Cook,0,22,,,3,N,No,Free Flow,202201198894,City,1,0,N,,,,(UNK),855639,(N/A),(UNK),No Defects,1,1,Major Collector,5,,X002671218,Not Toll,73,3,4,Four Way,14,2945280.39105665,1908426.17955317,41.88170968,-87.78450999,,Urban,1,N,(N/A),Y,(N/A)
2022,2022-06-23,Thursday,8,08:22 AM,Injury,C Injury Crash,1,0,0,0,1,1,Pedalcyclist,2,N,Y,Failing to Yield Right of Way,Failing to Yield Right of Way,Daylight,Clear,Dry,Y,,,,,Stop Sign,Not Functioning,N,1,41.876188,-87.7892158,ok,(UNK),1,22-05306,2022,,2,2,50000 and OVER,9,4295,Oak Park,C,Urban Minor Collector,,16,23,11786527,6,Cook,1,22,,,4,N,No,Slow,202201199148,City,1,0,N,,,,(UNK),856245,(N/A),(UNK),No Defects,1,1,Minor Collector,6,,X002671366,Not Toll,73,2,2,"Divided, No Median Barrier",2,2944056.26861135,1906375.62239195,41.8761802,-87.78921002,,Urban,1,N,(N/A),Y,(N/A)