crash_year,crash_date,day_of_week,crash_hour,time_of_crash,crash_severity,crash_injury_severity,total_injured,total_fatals,a_injuries,b_injuries,c_injuries,no_injuries,type_of_first_crash,collision_type_code,pedestrian_involved,pedalcyclist_involved,cause1,cause2,lighting_cond,weather_cond,road_surface_cond,intersection_related,is_intersection,highway_or_street_name,at_intersection_with,address_no,traffic_control_device,traffic_control_device_cond,hit_and_run,number_of_vehicles,latitude,longitude,location_status,access_control,agency_code,agency_report_number,agency_report_year,alignment_code,cause1_code,cause2_code,city_class,city_class_code,city_code,city_name,city_township_flag,class_of_trafficway,class_of_trafficway_code,county_code,crash_day,crash_id,crash_month,crash_report_county,crash_severity_cd,crash_yr_source,damaged_property1,damaged_property2,day_of_week_code,did_crash_occur_in_work_zone,did_involve_secondary_crash,flow_condition,icn,investigating_agency_descrip,light_condition_code,mile_station,nhs,non_intersection_direction,non_intersection_distance,non_intersection_units,number_of_lanes,objectid,railroad_crossing_number,road_alignment,road_defects,road_defects_code,road_surface_condition_code,roadway_functional_class,roadway_functional_class_code,route_number,sfe,toll,township,traffic_control_device_code,traffic_control_device_cond_code,trafficway_descrip,trafficway_description_code,ts_crash_coordinate_x,ts_crash_coordinate_y,ts_crash_latitude,ts_crash_longitude,type_report,urban_rural,weather_code,were_workers_present,work_zone,work_zone_related,work_zone_type
2022,2022-10-23,Sunday,3,03:30 AM,Property Damage,No Injuries,0,0,0,0,0,2,Rear to Front,18,N,N,Unable to Determine,Unable to Determine,Darkness,Clear,Dry,Y,,,,,Traffic Signal,Functioning Properly,Y,2,41.87231,-87.8044678,ok,(UNK),1,22-03178,2022,,18,18,50000 and OVER,9,4295,Oak Park,C,Urban Other Principal Arte,,16,23,11934347,10,Cook,0,22,,,7,N,No,Free Flow,202201340395,City,4,25.52000046,Y,,,,(UNK),856303,(N/A),(UNK),No Defects,1,1,Other Principal Arterial,3,5043,X002801386,Not Toll,73,3,4,Divided With Median Barrier,3,2939941.2189489,1904847.64768091,41.87230218,-87.80446201,,Urban,1,N,(N/A),Y,(N/A)
2022,2022-09-12,Monday,18,06:34 PM,Property Damage,No Injuries,0,0,0,0,0,3,Front to Rear,11,N,N,Distraction - From Inside Vehicle,Failing to Reduce Speed to Avoid Crash,Dusk,Clear,Dry,N,,,,,No Controls,Functioning Properly,N,2,41.8713496,-87.7804941,ok,Partial Access Control,3,03-22-13100,2022,,41,28,50000 and OVER,9,4295,Oak Park,C,Urban InterState,,16,12,11884020,9,Cook,0,22,,,1,N,No,(UNK),202201292992,ISP,3,22.78000069,Y,,,,(UNK),858151,(N/A),(UNK),No Defects,1,1,InterState,1,9290,X002757883,Not Toll,,1,4,"Divided, No Median Barrier",2,2946480.73463209,1904678.36629973,41.87134177,-87.78048826,,Urban,1,N,(N/A),Y,(N/A)
2022,2022-08-06,Saturday,12,12:52 PM,Property Damage,No Injuries,0,0,0,0,0,3,Sideswipe Same Direction,12,N,N,Distraction - From Inside Vehicle,Improper Lane Usage,Daylight,Clear,Dry,N,,,,,No Controls,Functioning Properly,N,2,41.8713556,-87.7805671,ok,Partial Access Control,3,03-22-11183,2022,,41,20,50000 and OVER,9,4295,Oak Park,C,Urban InterState,,16,6,11839843,8,Cook,0,22,,,6,N,No,(UNK),202201251763,ISP,1,22.77000046,Y,,,,(UNK),858550,(N/A),(UNK),No Defects,1,1,InterState,1,9290,X002718686,Not Toll,,1,4,Divided With Median Barrier,3,2946460.77466698,1904679.9774008,41.87134771,-87.78056132,,Urban,1,N,(N/A),Y,(N/A)
2022,2022-02-20,Sunday,12,12:45 PM,Property Damage,No Injuries,0,0,0,0,0,2,Sideswipe Same Direction,12,N,N,Failing to Reduce Speed to Avoid Crash,(N/A),Daylight,Clear,Dry,N,,,,,Traffic Signal,Functioning Properly,Y,2,41.8919106,-87.7750462,ok,(UNK),1,2200920,2022,,28,99,50000 and OVER,9,4295,Oak Park,C,Urban Minor Arterial,,16,20,11644265,2,Cook,0,22,,,7,N,No,Free Flow,202201065037,City,1,0,N,,,,(UNK),858758,(N/A),(UNK),No Defects,1,1,Minor Arterial,4,,X002548486,Not Toll,,3,4,Not Divided,1,2947755.68100521,1912212.51399302,41.8919028,-87.77504041,,Urban,1,N,(N/A),Y,(N/A)
2022,2022-02-17,Thursday,14,02:51 PM,Property Damage,No Injuries,0,0,0,0,0,3,Turning,10,N,N,Failing to Yield Right of Way,Weather,Daylight,Snow,Snow or Slush,N,,,,,No Controls,No Controls,N,3,41.9085411,-87.7901901,ok,(UNK),1,2200865,2022,,2,11,50000 and OVER,9,4295,Oak Park,C,Urban Local Road or Street,,16,17,11644282,2,Cook,0,22,,,4,N,Yes,Slow,202201065053,City,1,0.04,N,,,,(UNK),858759,(N/A),(UNK),No Defects,1,3,Local Road or Street,7,2660,X002548474,Not Toll,73,1,1,Four Way,14,2943464.18416497,1918158.34691655,41.90853327,-87.79018434,,Urban,3,N,(N/A),Y,(N/A)
2022,2022-02-16,Wednesday,7,07:30 AM,Property Damage,No Injuries,0,0,0,0,0,1,Parked Motor Vehicle,9,N,N,Unable to Determine,Unable to Determine,Daylight,Cloudy/Overcast,Dry,N,,,,,No Controls,No Controls,Y,2,41.886959,-87.7873859,ok,(UNK),1,2200845,2022,,18,18,50000 and OVER,9,4295,Oak Park,C,Urban Local Road or Street,,16,16,11644277,2,Cook,0,22,,,3,N,No,Slow,202201065048,City,1,0.88,N,,,,(UNK),858795,(N/A),(UNK),No Defects,1,1,Local Road or Street,7,3036,X002548470,Not Toll,73,1,1,Not Divided,1,2944445.77614015,1910314.57591998,41.88695115,-87.78738012,,Urban,8,N,(N/A),Y,(N/A)
2022,2022-02-17,Thursday,14,02:47 PM,Property Damage,No Injuries,0,0,0,0,0,1,Fixed Object,6,N,N,Unable to Determine,(N/A),Daylight,Blowing Snow,Snow or Slush,N,,,,,No Controls,No Controls,N,1,41.8936838,-87.8052134,ok,(UNK),1,2200863,2022,,18,99,50000 and OVER,9,4295,Oak Park,C,Urban Other Principal Arte,,16,17,11644285,2,Cook,0,22,VILLAGE LIGHT POLE,,4,N,No,Slow,202201065055,City,1,18.70999908,Y,,,,(UNK),858798,(N/A),(UNK),No Defects,1,3,Other Principal Arterial,3,348,X002548476,Not Toll,73,1,1,Not Divided,1,2939523.68910542,1912631.0380477,41.89367592,-87.80520764,,Urban,11,N,(N/A),Y,(N/A)
2022,2022-02-17,Thursday,17,05:03 PM,Property Damage,No Injuries,0,0,0,0,0,2,Sideswipe Same Direction,12,N,N,Failing to Yield Right of Way,Unable to Determine,Daylight,Snow,Snow or Slush,Y,,,,,Traffic Signal,Functioning Properly,Y,2,41.8885679,-87.8050255,ok,(UNK),1,2200871,2022,,2,18,50000 and OVER,9,4295,Oak Park,C,Urban Other Principal Arte,,16,17,11644283,2,Cook,0,22,,,4,N,No,Free Flow,202201065054,City,1,26.63999939,Y,,,,(UNK),858799,(N/A),(UNK),No Defects,1,3,Other Principal Arterial,3,5043,X002548475,Not Toll,73,3,4,Not Divided,1,2939626.19425085,1910768.11286814,41.88856001,-87.80501972,,Urban,3,N,(N/A),Y,(N/A)
2022,2022-02-18,Friday,13,01:45 PM,Property Damage,No Injuries,0,0,0,0,0,2,Angle,15,N,N,Failing to Yield Right of Way,Failing to Reduce Speed to Avoid Crash,Daylight,Clear,Dry,N,,,,,No Controls,No Controls,N,2,41.9090008,-87.7961712,ok,(UNK),1,2200889,2022,,2,28,50000 and OVER,9,4295,Oak Park,C,Urban Other Principal Arte,,16,18,11644287,2,Cook,0,22,,,5,N,No,Slow,202201065057,City,1,6.42000008,Y,,,,(UNK),858800,(N/A),(UNK),No Defects,1,1,Other Principal Arterial,3,307,X002548478,Not Toll,73,1,1,Not Divided,1,2941831.39423321,1918280.78204329,41.90899294,-87.79616542,,Urban,1,N,(N/A),Y,(N/A)
2022,2022-02-20,Sunday,10,10:01 AM,Injury,C Injury Crash,1,0,0,0,1,1,Turning,10,N,N,Failing to Yield Right of Way,Unable to Determine,Daylight,Clear,Dry,Y,,,,,Traffic Signal,Functioning Properly,N,2,41.8653378,-87.7839758,ok,(UNK),1,2200916,2022,,2,18,50000 and OVER,9,4295,Oak Park,C,Urban Other Principal Arte,,16,20,11644288,2,Cook,1,22,,,7,N,No,Free Flow,202201065058,City,1,0,Y,,,,(UNK),858801,(N/A),(UNK),No Defects,1,1,Other Principal Arterial,3,,X002548479,Not Toll,52,3,4,Not Divided,1,2945593.23279017,1902461.21024451,41.86533,-87.78397,,Urban,1,N,(N/A),Y,(N/A)
2022,2022-02-18,Friday,16,04:24 PM,Property Damage,No Injuries,0,0,0,0,0,2,Turning,10,N,N,Failing to Yield Right of Way,Failing to Reduce Speed to Avoid Crash,Daylight,Clear,Wet,Y,,,,,Traffic Signal,Functioning Properly,N,2,41.8817171,-87.7845158,ok,(UNK),1,2200892,2022,,2,28,50000 and OVER,9,4295,Oak Park,C,Urban Major Collector,,16,18,11644422,2,Cook,0,22,,,5,N,No,Free Flow,202201065071,City,1,0,N,,,,(UNK),858908,(N/A),(UNK),No Defects,1,2,Major Collector,5,,X002548485,Not Toll,73,3,4,Not Divided,1,2945280.39990975,1908426.03198824,41.88170927,-87.78450997,,Urban,1,N,(N/A),Y,(N/A)
2022,2022-02-17,Thursday,16,04:09 PM,Property Damage,No Injuries,0,0,0,0,0,2,Sideswipe Same Direction,12,N,N,Improper Overtaking/Passing,Unable to Determine,Daylight,Snow,Snow or Slush,Y,,,,,No Controls,No Controls,Y,2,41.8960865,-87.8053271,ok,(UNK),1,2200179,2022,,4,18,50000 and OVER,9,4295,Oak Park,C,Urban Other Principal Arte,,16,17,11644446,2,Cook,0,22,,,4,N,No,Free Flow,202201065095,City,1,27.15999985,Y,,,,(UNK),858911,(N/A),(UNK),No Defects,1,3,Other Principal Arterial,3,5043,X002548516,Not Toll,73,1,1,Not Divided,1,2939468.62312449,1913505.78194809,41.89607864,-87.80532132,,Urban,3,N,(N/A),Y,(N/A)
2022,2022-02-21,Monday,8,08:50 AM,Property Damage,No Injuries,0,0,0,0,0,1,Parked Motor Vehicle,9,N,N,Failing to Reduce Speed to Avoid Crash,Unable to Determine,Daylight,Cloudy/Overcast,Wet,N,,,,,No Controls,No Controls,Y,2,41.8854251,-87.8040474,ok,(UNK),1,2200932,2022,,28,18,50000 and OVER,9,4295,Oak Park,C,Urban Local Road or Street,,16,21,11644569,2,Cook,0,22,,,1,N,No,Free Flow,202201065228,City,1,0,N,,,,(UNK),859435,(N/A),(UNK),No Defects,1,2,Local Road or Street,7,,X002548480,Not Toll,73,1,1,Not Divided,1,2939924.09109006,1909630.16733108,41.88541724,-87.80404159,,Urban,8,N,(N/A),Y,(N/A)
2022,2022-05-18,Wednesday,14,02:43 PM,Property Damage,No Injuries,0,0,0,0,0,4,Angle,15,N,N,Failing to Yield Right of Way,(N/A),Daylight,Fog/Smoke/Haze,Wet,Y,,,,,Stop Sign,Functioning Properly,N,2,41.8707032,-87.7902619,ok,(UNK),1,2202800,2022,,2,99,50000 and OVER,9,4295,Oak Park,C,Urban Local Road or Street,,16,18,11742230,5,Cook,0,22,,,3,N,No,Free Flow,202201158318,City,1,0,N,,,,(UNK),860122,(N/A),(UNK),No Defects,1,2,Local Road or Street,7,,X002632973,Not Toll,73,2,4,T-Intersection,15,2943826.74147312,1904368.96053326,41.87069538,-87.79025606,,Urban,4,N,(N/A),Y,(N/A)
2022,2022-05-18,Wednesday,22,10:10 PM,Property Damage,No Injuries,0,0,0,0,0,1,Parked Motor Vehicle,9,N,N,Improper Lane Usage,Failing to Reduce Speed to Avoid Crash,Darkness / Lighted Road,Cloudy/Overcast,Dry,N,,,,,No Controls,No Controls,Y,2,41.8911445,-87.7847884,ok,(UNK),1,2202813,2022,,20,28,50000 and OVER,9,4295,Oak Park,C,Urban Major Collector,,16,18,11742233,5,Cook,0,22,,,3,N,No,Free Flow,202201158321,City,5,0.74000001,N,,,,(UNK),860123,(N/A),(UNK),No Defects,1,1,Major Collector,5,2783,X002632976,Not Toll,73,1,1,"Divided, No Median Barrier",2,2945110.73624789,1911859.49100998,41.89113667,-87.78478263,,Urban,8,N,(N/A),Y,(N/A)
2022,2022-05-16,Monday,15,03:12 PM,Property Damage,No Injuries,0,0,0,0,0,4,Turning,10,N,N,Failing to Yield Right of Way,Unable to Determine,Daylight,Clear,Dry,Y,,,,,Stop Sign,Functioning Properly,N,2,41.8944479,-87.7928047,ok,(UNK),1,2202758,2022,,2,18,50000 and OVER,9,4295,Oak Park,C,Urban Minor Arterial,,16,16,11742235,5,Cook,0,22,,,1,N,No,Free Flow,202201158323,City,1,0,N,,,,(UNK),860165,(N/A),(UNK),No Defects,1,1,Minor Arterial,4,,X002632978,Not Toll,73,2,4,Not Divided,1,2942894.63608071,1913002.76835677,41.89444001,-87.79279893,,Urban,1,N,(N/A),Y,(N/A)
2022,2022-02-17,Thursday,15,03:00 PM,Property Damage,No Injuries,0,0,0,0,0,2,Front to Rear,11,N,N,Following Too Closely,Failing to Reduce Speed to Avoid Crash,Daylight,Snow,Snow or Slush,N,,,,,Other Regualtory Sig,Functioning Properly,N,2,41.8708263,-87.7661833,ok,Partial Access Control,3,03-22-02317,2022,,3,28,50000 and OVER,9,4295,Oak Park,C,Urban InterState,,16,17,11644747,2,Cook,0,22,,,4,N,No,(UNK),202201065418,ISP,1,9.60999966,Y,,,,(UNK),860216,(N/A),(UNK),No Defects,1,3,InterState,1,290,X002548855,Not Toll,,10,4,Ramp,11,2950383.99136648,1904596.38755375,41.87081842,-87.76617749,,Urban,3,N,(N/A),Y,(N/A)
2022,2022-06-24,Friday,20,08:49 PM,Injury,C Injury Crash,2,0,0,0,2,0,Turning,10,N,N,Failing to Yield Right of Way,Driving Skills/Knowledge/Experience,Darkness / Lighted Road,Clear,Dry,Y,,,,,Traffic Signal,Functioning Properly,N,2,41.8650278,-87.8042158,ok,(UNK),1,22-05386,2022,,2,15,50000 and OVER,9,4295,Oak Park,C,Urban Other Principal Arte,,16,24,11787523,6,Cook,1,22,,,5,N,No,Free Flow,202201200342,City,5,25.01000023,Y,,,,(UNK),860311,(N/A),(UNK),No Defects,1,1,Other Principal Arterial,3,5043,X002672303,Not Toll,52,3,4,Four Way,14,2940082.93081867,1902195.78557851,41.86502,-87.80421,,Urban,1,N,(N/A),Y,(N/A)
2022,2022-09-14,Wednesday,14,02:36 PM,Injury,B Injury Crash,1,0,0,1,0,3,Angle,15,N,N,Failing to Yield Right of Way,Driving Skills/Knowledge/Experience,Daylight,Clear,Dry,Y,,,,,Stop Sign,Functioning Properly,N,3,41.9017578,-87.7924225,ok,(UNK),1,2205620,2022,,2,15,50000 and OVER,9,4295,Oak Park,C,Urban Major Collector,,16,14,11885184,9,Cook,2,22,,,3,N,No,Free Flow,202201294266,City,1,0,N,,,,(UNK),863302,(N/A),(UNK),No Defects,1,1,Major Collector,5,,X002758983,Not Toll,73,2,4,Not Divided,1,2942924.96125335,1915669.55270629,41.90175,-87.79241666,,Urban,1,N,(N/A),Y,(N/A)
2022,2022-02-23,Wednesday,22,10:42 PM,Property Damage,No Injuries,0,0,0,0,0,1,Rear to Front,18,N,N,Improper Backing,(N/A),Darkness / Lighted Road,Clear,Dry,N,,,,,No Controls,No Controls,N,2,41.879048,-87.7795171,ok,(UNK),1,2200980,2022,,30,99,50000 and OVER,9,4295,Oak Park,C,Urban Minor Collector,,16,23,11645471,2,Cook,0,22,,,3,N,No,Slow,202201066131,City,5,0.62,N,,,,(UNK),863810,(N/A),(UNK),No Defects,1,1,Minor Collector,6,3794,X002549389,Not Toll,73,1,1,"Divided, No Median Barrier",2,2946668.77297421,1907491.2128221,41.87904018,-87.77951128,,Urban,1,N,(N/A),Y,(N/A)
2022,2022-10-22,Saturday,21,09:54 PM,Property Damage,No Injuries,0,0,0,0,0,4,Front to Rear,11,N,N,Following Too Closely,Failing to Reduce Speed to Avoid Crash,Darkness / Lighted Road,Clear,Dry,N,,,,,Other Regualtory Sig,Functioning Properly,Y,3,41.8727191,-87.7948438,ok,Partial Access Control,3,03-22-15405,2022,,3,28,50000 and OVER,9,4295,Oak Park,C,Urban InterState,,16,22,11936595,10,Cook,0,22,,,6,N,No,(UNK),202201342115,ISP,5,22.03000069,Y,,,,(UNK),864013,(N/A),(UNK),No Defects,1,1,InterState,1,9290,X002803065,Not Toll,73,10,4,Divided With Median Barrier,3,2942558.40054744,1905069.04581048,41.87271125,-87.79483803,,Urban,1,N,(N/A),Y,(N/A)
2022,2022-08-08,Monday,5,05:26 AM,Injury,B Injury Crash,2,0,0,1,1,0,Angle,15,N,N,Disregarding Traffic Signals,Failing to Reduce Speed to Avoid Crash,Darkness / Lighted Road,Clear,Dry,Y,,,,,Traffic Signal,Functioning Properly,N,2,41.8982363,-87.7850063,ok,(UNK),1,2204739,2022,,25,28,50000 and OVER,9,4295,Oak Park,C,Urban Major Collector,,16,8,11841001,8,Cook,2,22,,,1,N,No,Free Flow,202201252836,City,5,0,N,,,,(UNK),864117,(N/A),(UNK),No Defects,1,1,Major Collector,5,,X002719766,Not Toll,73,3,4,"Divided, No Median Barrier",2,2944979.61977372,1914442.21008498,41.89822841,-87.78500055,,Urban,1,N,(N/A),Y,(N/A)
2022,2022-05-16,Monday,17,05:15 PM,Property Damage,No Injuries,0,0,0,0,0,2,Front to Rear,11,N,N,Following Too Closely,Distraction - From Inside Vehicle,Daylight,Unknown,Unknown,Y,,,,,No Controls,No Controls,N,2,41.8736416,-87.8045258,ok,Partial Access Control,3,03-22-06936,2022,,3,41,50000 and OVER,9,4295,Oak Park,C,Urban InterState,,16,16,11743265,5,Cook,0,22,,,1,N,No,(UNK),202201159286,ISP,1,25.61000061,Y,,,,(UNK),864327,(N/A),(UNK),Unknown,99,9,InterState,1,5043,X002633955,Not Toll,73,1,1,Divided With Median Barrier,3,2939912.062394,1905332.46992192,41.87363377,-87.80452,,Urban,9,N,(N/A),N,(N/A)
2022,2022-08-05,Friday,11,11:59 AM,Property Damage,No Injuries,0,0,0,0,0,4,Front to Rear,11,N,N,Improper Lane Usage,(N/A),Daylight,Clear,Dry,Y,,,,,Traffic Signal,Functioning Properly,N,3,41.8907923,-87.8051174,ok,(UNK),1,2200844,2022,,20,99,50000 and OVER,9,4295,Oak Park,C,Urban Other Principal Arte,,16,5,11841147,8,Cook,0,22,,,5,N,No,Free Flow,202201252972,City,1,26.79999924,Y,,,,(UNK),864682,(N/A),(UNK),No Defects,1,1,Other Principal Arterial,3,5043,X002719902,Not Toll,73,3,4,"Divided, No Median Barrier",2,2939578.8553315,1911578.04162208,41.89078442,-87.8051116,,Urban,1,N,(N/A),Y,(N/A)
2022,2022-09-16,Friday,10,10:21 AM,Property Damage,No Injuries,0,0,0,0,0,3,Sideswipe Same Direction,12,N,N,Improper Lane Usage,Unable to Determine,Daylight,Clear,Dry,Y,,,,,No Controls,No Controls,Y,2,41.8704896,-87.8043982,ok,(UNK),1,22-02799,2022,,20,18,50000 and OVER,9,4295,Oak Park,C,Urban Other Principal Arte,,16,16,11886098,9,Cook,0,22,,,5,N,No,Free Flow,202201294624,City,1,25.38999939,Y,,,,(UNK),864986,(N/A),(UNK),No Defects,1,1,Other Principal Arterial,3,5043,X002759298,Not Toll,73,1,1,"Divided, No Median Barrier",2,2939978.45286907,1904184.76615324,41.87048173,-87.80439237,,Urban,1,N,(N/A),Y,(N/A)
2022,2022-09-16,Friday,10,10:10 AM,Property Damage,No Injuries,0,0,0,0,0,2,Sideswipe Same Direction,12,N,N,Improper Lane Usage,Driving Skills/Knowledge/Experience,Daylight,Clear,Dry,N,,,,,Other,Functioning Properly,Y,2,41.8726364,-87.7939989,ok,(UNK),3,03-22-13302,2022,,20,15,50000 and OVER,9,4295,Oak Park,C,Rural (UNK),,16,16,11886187,9,Cook,0,22,,,5,N,No,(UNK),202201294701,ISP,1,6.63999987,N,,,,(UNK),865375,(N/A),(UNK),No Defects,1,1,(UNK),0,2775,X002759372,No Toll,73,13,4,Divided With Median Barrier,3,2942789.3614523,1905045.28544924,41.87262859,-87.79399312,,Rural,1,N,(N/A),Y,(N/A)
2022,2022-09-07,Wednesday,10,10:57 AM,Injury,B Injury Crash,1,0,0,1,0,0,Fixed Object,6,N,N,Under Influence of Alcohol/Drugs,Failing to Reduce Speed to Avoid Crash,Daylight,Clear,Dry,N,,,,,Other,Functioning Properly,N,1,41.8723706,-87.7890873,ok,(UNK),3,03-22-12831,2022,,8,28,50000 and OVER,9,4295,Oak Park,C,Rural (UNK),,16,7,11886195,9,Cook,2,22,Five Feet of Bridge Shoring,,3,N,No,(UNK),202201294707,ISP,1,1.13999999,N,,,,(UNK),865418,(N/A),(UNK),No Defects,1,1,(UNK),0,2779,X002759379,No Toll,73,13,4,Divided With Median Barrier,3,2944129.82669068,1904985.45716905,41.87236278,-87.7890815,,Rural,1,N,(N/A),Y,(N/A)
2022,2022-05-20,Friday,13,01:06 PM,Property Damage,No Injuries,0,0,0,0,0,4,Front to Rear,11,N,N,Physical Condition of Driver,Driving Skills/Knowledge/Experience,Daylight,Clear,Dry,N,,,,,No Controls,No Controls,N,3,41.8722952,-87.7883512,ok,Partial Access Control,3,03-22-06932,2022,,17,15,50000 and OVER,9,4295,Oak Park,C,Urban InterState,,16,20,11743653,5,Cook,0,22,,,5,N,No,(UNK),202201159656,ISP,1,22.37000084,Y,,,,(UNK),866035,(N/A),(UNK),No Defects,1,1,InterState,1,9290,X002634325,Not Toll,73,1,1,Divided With Median Barrier,3,2944331.08784676,1904963.53170409,41.87228737,-87.78834538,,Urban,1,N,(N/A),Y,(N/A)
2022,2022-10-17,Monday,10,10:23 AM,Property Damage,No Injuries,0,0,0,0,0,2,Front to Front,14,N,N,Failing to Reduce Speed to Avoid Crash,Failing to Yield Right of Way,Daylight,Cloudy/Overcast,Dry,N,,,,,Stop Sign,Functioning Properly,N,3,41.8671027,-87.7864642,ok,(UNK),1,2206429,2022,,28,2,50000 and OVER,9,4295,Oak Park,C,Urban Local Road or Street,,16,17,11937104,10,Cook,0,22,STOP SIGN,LIGHT POLE,1,N,Yes,Free Flow,202201342616,City,1,0,N,,,,(UNK),866095,(N/A),(UNK),No Defects,1,1,Local Road or Street,7,,X002803544,Not Toll,73,2,4,Four Way,14,2944897.53995665,1903085.55904213,41.8670949,-87.78645842,,Urban,8,N,(N/A),Y,(N/A)
2022,2022-10-15,Saturday,8,08:18 AM,Property Damage,No Injuries,0,0,0,0,0,1,Parked Motor Vehicle,9,N,N,Failing to Reduce Speed to Avoid Crash,(N/A),Daylight,Clear,Dry,N,,,,,No Controls,No Controls,N,2,41.8983119,-87.778401,ok,(UNK),1,2206376,2022,,28,99,50000 and OVER,9,4295,Oak Park,C,Urban Local Road or Street,,16,15,11937097,10,Cook,0,22,,,6,N,No,Slow,202201342608,City,1,1.39999998,N,,,,(UNK),866096,(N/A),(UNK),No Defects,1,1,Local Road or Street,7,3100,X002803537,Not Toll,73,1,1,"Divided, No Median Barrier",2,2946777.22606087,1914519.77927194,41.898304,-87.77839525,,Urban,1,N,(N/A),Y,(N/A)
2022,2022-10-17,Monday,20,08:38 PM,Property Damage,No Injuries,0,0,0,0,0,3,Angle,15,N,N,Failing to Yield Right of Way,Unable to Determine,Darkness / Lighted Road,Clear,Dry,N,,,,,No Controls,No Controls,N,2,41.8706319,-87.7942651,ok,(UNK),1,2206448,2022,,2,18,50000 and OVER,9,4295,Oak Park,C,Urban Local Road or Street,,16,17,11937123,10,Cook,0,22,,,1,N,No,Free Flow,202201342637,City,5,0.5,N,,,,(UNK),866209,(N/A),(UNK),No Defects,1,1,Local Road or Street,7,4070,X002803559,Not Toll,73,1,1,Other,8,2942737.06786748,1904312.80686858,41.8706241,-87.79425928,,Urban,1,N,(N/A),Y,(N/A)
2022,2022-01-08,Saturday,15,03:03 PM,Property Damage,No Injuries,0,0,0,0,0,3,Sideswipe Same Direction,12,N,N,Driving Skills/Knowledge/Experience,(N/A),Daylight,Cloudy/Overcast,Wet,N,,,,,No Controls,No Controls,N,3,41.8808766,-87.7844796,ok,(UNK),1,2200144,2022,,15,99,50000 and OVER,9,4295,Oak Park,C,Urban Major Collector,,16,8,11587041,1,Cook,0,22,,,6,N,Yes,Slow,202201016836,City,1,1.45000005,N,,,,(UNK),866348,(N/A),(UNK),No Defects,1,2,Major Collector,5,2783,X002500456,Not Toll,73,1,1,"Divided, No Median Barrier",2,2945298.76024331,1908119.99875735,41.88086874,-87.78447379,,Urban,8,N,(N/A),Y,(N/A)
2022,2022-01-04,Tuesday,22,10:33 PM,Property Damage,No Injuries,0,0,0,0,0,2,Turning,10,N,N,Operating Vehicle In Reckless Manner,Unable to Determine,Darkness / Lighted Road,Clear,Dry,Y,,,,,Traffic Signal,Functioning Properly,N,2,41.8710482,-87.7841758,ok,(UNK),1,2200070,2022,,50,18,50000 and OVER,9,4295,Oak Park,C,Urban Major Collector,,16,4,11587045,1,Cook,0,22,,,2,N,No,Free Flow,202201016838,City,5,0,N,,,,(UNK),866354,(N/A),(UNK),No Defects,1,1,Major Collector,5,,X002500453,Not Toll,73,3,4,Not Divided,1,2945480.96505262,1904540.67187107,41.87104041,-87.78417,,Urban,1,N,(N/A),Y,(N/A)
2022,2022-10-24,Monday,10,10:28 AM,Property Damage,No Injuries,0,0,0,0,0,2,Sideswipe Same Direction,12,N,N,Unable to Determine,Unable to Determine,Daylight,Clear,Dry,N,,,,,Traffic Signal,Functioning Properly,Y,2,41.8799461,-87.8047395,ok,(UNK),1,22-03197,2022,,18,18,50000 and OVER,9,4295,Oak Park,C,Urban Other Principal Arte,,16,24,11937327,10,Cook,0,22,,,1,N,No,Free Flow,202201342854,City,1,19.65999985,Y,,,,(UNK),866909,(N/A),(UNK),No Defects,1,1,Other Principal Arterial,3,348,X002803733,Not Toll,73,3,4,"Divided, No Median Barrier",2,2939790.60990004,1907628.32250562,41.87993822,-87.80473367,,Urban,1,N,(N/A),Y,(N/A)
2022,2022-05-21,Saturday,13,01:15 PM,Property Damage,No Injuries,0,0,0,0,0,2,Front to Rear,11,N,N,Failing to Reduce Speed to Avoid Crash,Following Too Closely,Daylight,Rain,Wet,N,,,,,Other,Functioning Properly,N,2,41.8720438,-87.7886895,ok,Partial Access Control,3,03-22-07007,2022,,28,3,50000 and OVER,9,4295,Oak Park,C,Urban InterState,,16,21,11743898,5,Cook,0,22,,,6,N,No,(UNK),202201159894,ISP,1,8.47000027,Y,,,,(UNK),867096,(N/A),(UNK),No Defects,1,2,InterState,1,290,X002634564,Not Toll,73,13,4,Divided With Median Barrier,3,2944241.4893252,1904869.37297895,41.87203599,-87.78868366,,Urban,2,N,(N/A),Y,(N/A)
2022,2022-09-15,Thursday,21,09:37 PM,Property Damage,No Injuries,0,0,0,0,0,2,Front to Rear,11,N,N,Following Too Closely,Driving Skills/Knowledge/Experience,Darkness,Clear,Dry,N,,,,,Traffic Signal,Functioning Properly,N,2,41.8720688,-87.8044567,ok,(UNK),1,22-02796,2022,,3,15,50000 and OVER,9,4295,Oak Park,C,Urban Other Principal Arte,,16,15,11886725,9,Cook,0,22,,,4,N,No,Free Flow,202201295286,City,4,20.20000076,Y,,,,(UNK),867572,(N/A),(UNK),No Defects,1,1,Other Principal Arterial,3,348,X002759896,Not Toll,73,3,4,Divided With Median Barrier,3,2939946.67491184,1904759.80930475,41.87206091,-87.80445087,,Urban,1,N,(N/A),Y,(N/A)