crash_year,crash_date,day_of_week,crash_hour,time_of_crash,crash_severity,crash_injury_severity,total_injured,total_fatals,a_injuries,b_injuries,c_injuries,no_injuries,type_of_first_crash,collision_type_code,pedestrian_involved,pedalcyclist_involved,cause1,cause2,lighting_cond,weather_cond,road_surface_cond,intersection_related,is_intersection,highway_or_street_name,at_intersection_with,address_no,traffic_control_device,traffic_control_device_cond,hit_and_run,number_of_vehicles,latitude,longitude,location_status,access_control,agency_code,agency_report_number,agency_report_year,alignment_code,cause1_code,cause2_code,city_class,city_class_code,city_code,city_name,city_township_flag,class_of_trafficway,class_of_trafficway_code,county_code,crash_day,crash_id,crash_month,crash_report_county,crash_severity_cd,crash_yr_source,damaged_property1,damaged_property2,day_of_week_code,did_crash_occur_in_work_zone,did_involve_secondary_crash,flow_condition,icn,investigating_agency_descrip,light_condition_code,mile_station,nhs,non_intersection_direction,non_intersection_distance,non_intersection_units,number_of_lanes,objectid,railroad_crossing_number,road_alignment,road_defects,road_defects_code,road_surface_condition_code,roadway_functional_class,roadway_functional_class_code,route_number,sfe,toll,township,traffic_control_device_code,traffic_control_device_cond_code,trafficway_descrip,trafficway_description_code,ts_crash_coordinate_x,ts_crash_coordinate_y,ts_crash_latitude,ts_crash_longitude,type_report,urban_rural,weather_code,were_workers_present,work_zone,work_zone_related,work_zone_type
2022,2022-01-10,Monday,6,06:20 AM,Property Damage,No Injuries,0,0,0,0,0,2,Front to Rear,11,N,N,Following Too Closely,Failing to Reduce Speed to Avoid Crash,Darkness / Lighted Road,Clear,Dry,N,,,,,Other,Functioning Properly,N,2,41.873039,-87.7998363,ok,Partial Access Control,3,03-22-00407,2022,,3,28,50000 and OVER,9,4295,Oak Park,C,Urban InterState,,16,10,11587459,1,Cook,0,22,,,1,N,No,(UNK),202201017184,ISP,5,7.92000008,Y,,,,(UNK),867669,(N/A),(UNK),No Defects,1,1,InterState,1,290,X002501175,Not Toll,,13,4,Divided With Median Barrier,3,2941195.3862606,1905148.06564452,41.87303114,-87.79983049,,Urban,1,N,(N/A),Y,(N/A)
2022,2022-08-10,Wednesday,6,06:52 AM,Property Damage,No Injuries,0,0,0,0,0,2,Turning,10,N,N,Unable to Determine,Unable to Determine,Daylight,Clear,Dry,Y,,,,,Traffic Signal,Functioning Properly,N,2,41.8736416,-87.8045255,ok,Partial Access Control,1,22-02408,2022,,18,18,50000 and OVER,9,4295,Oak Park,C,Urban InterState,,16,10,11841825,8,Cook,0,22,,,3,N,No,Free Flow,202201253622,City,1,25.61000061,Y,,,,(UNK),868204,(N/A),(UNK),No Defects,1,1,InterState,1,5043,X002720538,Not Toll,73,3,4,Divided With Median Barrier,3,2939912.14495897,1905332.45884032,41.87363374,-87.8045197,,Urban,1,N,(N/A),Y,(N/A)
2022,2022-05-22,Sunday,2,02:00 AM,Property Damage,No Injuries,0,0,0,0,0,1,Other Object,7,N,N,Distraction - From Inside Vehicle,Driving Skills/Knowledge/Experience,Darkness / Lighted Road,Clear,Dry,N,,,,,No Controls,No Controls,N,1,41.8855292,-87.8049182,ok,(UNK),1,22-01472,2022,,41,15,50000 and OVER,9,4295,Oak Park,C,Urban Other Principal Arte,,16,22,11744192,5,Cook,0,22,LIGHT POLE,,7,N,No,Free Flow,202201160275,City,5,19.27000046,Y,,,,(UNK),868210,(N/A),(UNK),No Defects,1,1,Other Principal Arterial,3,348,X002634846,Not Toll,73,1,1,"Divided, No Median Barrier",2,2939685.90929578,1909661.59365228,41.8855214,-87.80491241,,Urban,1,N,(N/A),Y,(N/A)
2022,2022-01-02,Sunday,22,10:03 PM,Property Damage,No Injuries,0,0,0,0,0,1,Fixed Object,6,N,N,Driving Skills/Knowledge/Experience,Unable to Determine,Darkness / Lighted Road,Clear,Snow or Slush,N,,,,,No Controls,No Controls,Y,1,41.8944579,-87.7912956,ok,(UNK),1,2200021,2022,,15,18,50000 and OVER,9,4295,Oak Park,C,Urban Minor Arterial,,16,2,11587625,1,Cook,0,22,TREE,,7,N,No,Free Flow,202201017333,City,5,0,N,,,,(UNK),868473,(N/A),(UNK),No Defects,1,3,Minor Arterial,4,,X002500972,Not Toll,73,1,1,Not Divided,1,2943305.42757869,1913017.78976823,41.89445,-87.79128984,,Urban,1,N,(N/A),Y,(N/A)
2022,2022-01-04,Tuesday,8,08:06 AM,Property Damage,No Injuries,0,0,0,0,0,2,Front to Rear,11,N,N,Failing to Reduce Speed to Avoid Crash,Unable to Determine,Daylight,Clear,Dry,N,,,,,No Controls,No Controls,N,2,41.8953649,-87.8052861,ok,(UNK),1,2200045,2022,,28,18,50000 and OVER,9,4295,Oak Park,C,Urban Other Principal Arte,,16,4,11587628,1,Cook,0,22,,,2,N,No,Free Flow,202201017335,City,1,27.11000061,Y,,,,(UNK),868474,(N/A),(UNK),No Defects,1,1,Other Principal Arterial,3,5043,X002500975,Not Toll,73,1,1,"Divided, No Median Barrier",2,2939487.03972374,1913243.13310259,41.89535706,-87.80528028,,Urban,1,N,(N/A),Y,(N/A)
2022,2022-01-04,Tuesday,14,02:23 PM,Property Damage,No Injuries,0,0,0,0,0,2,Front to Rear,11,N,N,Failing to Reduce Speed to Avoid Crash,Weather,Daylight,Clear,Wet,N,,,,,Stop Sign,Functioning Properly,N,2,41.87233,-87.8027885,ok,(UNK),1,2200055,2022,,28,11,50000 and OVER,9,4295,Oak Park,C,Urban Local Road or Street,,16,4,11587629,1,Cook,0,22,,,2,N,No,Free Flow,202201017336,City,1,0.09,N,,,,(UNK),868504,(N/A),(UNK),No Defects,1,2,Local Road or Street,7,4062,X002500980,Not Toll,73,2,4,Parking Lot,7,2940398.40815903,1904867.5330287,41.87232217,-87.80278272,,Urban,1,N,(N/A),Y,(N/A)
2022,2022-01-04,Tuesday,14,02:12 PM,Property Damage,No Injuries,0,0,0,0,0,3,Angle,15,N,N,Failing to Yield Right of Way,Failing to Reduce Speed to Avoid Crash,Daylight,Clear,Dry,Y,,,,,Stop Sign,Functioning Properly,N,2,41.8946278,-87.7799861,ok,(UNK),1,2200056,2022,,2,28,50000 and OVER,9,4295,Oak Park,C,Urban Minor Arterial,,16,4,11587630,1,Cook,0,22,FENCE,,2,N,Yes,Free Flow,202201017337,City,1,0,N,,,,(UNK),868505,(N/A),(UNK),No Defects,1,1,Minor Arterial,4,,X002500983,Not Toll,73,2,4,T-Intersection,15,2946383.03893651,1913165.23987258,41.89462,-87.77998032,,Urban,1,N,(N/A),Y,(N/A)
2022,2022-01-04,Tuesday,16,04:41 PM,Injury,B Injury Crash,1,0,0,1,0,2,Front to Rear,11,N,N,Failing to Reduce Speed to Avoid Crash,(N/A),Daylight,Clear,Wet,N,,,,,Traffic Signal,Functioning Properly,N,2,41.8797253,-87.7944586,ok,(UNK),1,2200061,2022,,28,99,50000 and OVER,9,4295,Oak Park,C,Urban Minor Arterial,,16,4,11587633,1,Cook,2,22,,,2,N,No,Stopped,202201017340,City,1,3.58999991,N,,,,(UNK),868506,(N/A),(UNK),No Defects,1,2,Minor Arterial,4,1419,X002500986,Not Toll,73,3,4,Other,8,2942592.71710279,1907625.1336433,41.87971745,-87.79445281,,Urban,1,N,(N/A),Y,(N/A)
2022,2022-01-05,Wednesday,17,05:40 PM,Property Damage,No Injuries,0,0,0,0,0,1,Parked Motor Vehicle,9,N,N,Unable to Determine,(N/A),Daylight,Other,Ice,N,,,,,No Controls,No Controls,Y,2,41.8821146,-87.7752615,ok,(UNK),1,2200085,2022,,18,99,50000 and OVER,9,4295,Oak Park,C,Urban Major Collector,,16,5,11587638,1,Cook,0,22,,,3,N,No,Slow,202201017344,City,1,1.50999999,N,,,,(UNK),868507,(N/A),(UNK),No Defects,1,4,Major Collector,5,5,X002500993,Not Toll,73,1,1,Alley,12,2947796.5890405,1908641.01740733,41.88210677,-87.77525574,,Urban,7,N,(N/A),Y,(N/A)
2022,2022-01-05,Wednesday,15,03:28 PM,Property Damage,No Injuries,0,0,0,0,0,2,Sideswipe Same Direction,12,N,N,Failing to Yield Right of Way,Unable to Determine,Daylight,Clear,Dry,Y,,,,,Traffic Signal,Functioning Properly,N,2,41.8851366,-87.7970854,ok,(UNK),1,2200082,2022,,2,18,50000 and OVER,9,4295,Oak Park,C,Urban Local Road or Street,,16,5,11587636,1,Cook,0,22,,,3,N,No,Free Flow,202201017343,City,1,0,N,,,,(UNK),868508,(N/A),(UNK),No Defects,1,1,Local Road or Street,7,,X002500990,Not Toll,73,3,4,Unknown Intersection Type,22,2941822.86270626,1909577.34791509,41.88512878,-87.79707959,,Urban,1,N,(N/A),Y,(N/A)
2022,2022-01-05,Wednesday,11,11:03 AM,Injury,B Injury Crash,1,0,0,1,0,2,Turning,10,N,N,Failing to Yield Right of Way,Unable to Determine,Daylight,Clear,Dry,Y,,,,,No Controls,No Controls,N,2,41.8781717,-87.8046654,ok,(UNK),1,2200077,2022,,2,18,50000 and OVER,9,4295,Oak Park,C,Urban Other Principal Arte,,16,5,11587635,1,Cook,2,22,,,3,N,No,Free Flow,202201017342,City,1,25.92000008,Y,,,,(UNK),868509,(N/A),(UNK),No Defects,1,1,Other Principal Arterial,3,5043,X002500989,Not Toll,73,1,1,T-Intersection,15,2939828.59504125,1906982.27731784,41.87816389,-87.80465957,,Urban,1,N,(N/A),Y,(N/A)
2022,2022-01-04,Tuesday,8,08:19 AM,Property Damage,No Injuries,0,0,0,0,0,1,Parked Motor Vehicle,9,N,N,Driving Skills/Knowledge/Experience,Unable to Determine,Daylight,Clear,Dry,N,,,,,No Controls,No Controls,N,2,41.895591,-87.7832921,ok,(UNK),1,2200046,2022,,15,18,50000 and OVER,9,4295,Oak Park,C,Urban Local Road or Street,,16,4,11587642,1,Cook,0,22,,,2,N,No,Free Flow,202201017346,City,1,0.30000001,N,,,,(UNK),868559,(N/A),(UNK),No Defects,1,1,Local Road or Street,7,2635,X002500976,Not Toll,73,1,1,Not Divided,1,2945473.14931654,1913491.1846764,41.89558312,-87.78328626,,Urban,1,N,(N/A),Y,(N/A)
2022,2022-01-04,Tuesday,9,09:16 AM,Property Damage,No Injuries,0,0,0,0,0,2,Sideswipe Same Direction,12,N,N,Improper Overtaking/Passing,Failing to Reduce Speed to Avoid Crash,Daylight,Clear,Dry,N,,,,,No Controls,No Controls,Y,3,41.879942,-87.7808337,ok,(UNK),1,2200049,2022,,4,28,50000 and OVER,9,4295,Oak Park,C,Urban Minor Arterial,,16,4,11587643,1,Cook,0,22,,,2,N,Yes,Free Flow,202201017347,City,1,0,N,,,,(UNK),868560,(N/A),(UNK),No Defects,1,1,Minor Arterial,4,,X002500979,Not Toll,73,1,1,Not Divided,1,2946301.12881154,1907807.0249434,41.87993418,-87.78082794,,Urban,1,N,(N/A),Y,(N/A)
2022,2022-01-06,Thursday,19,07:59 PM,Property Damage,No Injuries,0,0,0,0,0,1,Parked Motor Vehicle,9,N,N,Improper Lane Usage,Failing to Reduce Speed to Avoid Crash,Darkness / Lighted Road,Clear,Dry,N,,,,,No Controls,No Controls,N,2,41.8909251,-87.7927501,ok,(UNK),1,2200104,2022,,20,28,50000 and OVER,9,4295,Oak Park,C,Urban Local Road or Street,,16,6,11587648,1,Cook,0,22,,,4,N,No,Free Flow,202201017352,City,5,0.49000001,N,,,,(UNK),868561,(N/A),(UNK),No Defects,1,1,Local Road or Street,7,2673,X002501002,Not Toll,73,1,1,"Divided, No Median Barrier",2,2942945.0478508,1911719.43881907,41.8909173,-87.7927443,,Urban,1,N,(N/A),Y,(N/A)
2022,2022-09-12,Monday,17,05:00 PM,Property Damage,No Injuries,0,0,0,0,0,2,Rear to Side,16,N,N,Improper Backing,Unable to Determine,Daylight,Unknown,Dry,N,,,,,No Controls,No Controls,N,2,41.8877097,-87.8049958,ok,(UNK),1,2205647,2022,,30,18,50000 and OVER,9,4295,Oak Park,C,Urban Other Principal Arte,,16,12,11886972,9,Cook,0,22,,,1,N,No,Slow,202201295520,City,1,19.12000084,Y,,,,(UNK),868962,(N/A),(UNK),No Defects,1,1,Other Principal Arterial,3,348,X002760135,Not Toll,73,1,1,Parking Lot,7,2939642.89867218,1910455.62380103,41.8877019,-87.80499,,Urban,9,N,(N/A),Y,(N/A)
2022,2022-09-15,Thursday,18,06:31 PM,Injury,B Injury Crash,1,0,0,1,0,1,Pedestrian,1,Y,N,Failing to Yield Right of Way,(N/A),Dusk,Clear,Dry,N,,,,,No Controls,No Controls,N,1,41.8980901,-87.7928293,ok,(UNK),1,2205652,2022,,2,99,50000 and OVER,9,4295,Oak Park,C,Urban Local Road or Street,,16,15,11886974,9,Cook,2,22,,,4,N,No,Slow,202201295522,City,3,0.64999998,N,,,,(UNK),868966,(N/A),(UNK),No Defects,1,1,Local Road or Street,7,3100,X002760137,Not Toll,73,1,1,"Divided, No Median Barrier",2,2942851.20303019,1914329.88121164,41.89808224,-87.7928235,,Urban,1,N,(N/A),Y,(N/A)
2022,2022-05-21,Saturday,13,01:00 PM,Property Damage,No Injuries,0,0,0,0,0,2,Front to Rear,11,N,N,Failing to Reduce Speed to Avoid Crash,Following Too Closely,Daylight,Rain,Wet,N,,,,,Other,Functioning Properly,N,2,41.8719283,-87.7840129,ok,Partial Access Control,3,03-22-07046,2022,,28,3,50000 and OVER,9,4295,Oak Park,C,Urban InterState,,16,21,11744432,5,Cook,0,22,,,6,N,No,(UNK),202201160470,ISP,1,22.60000038,Y,,,,(UNK),868979,(N/A),(UNK),No Defects,1,2,InterState,1,9290,X002635030,Not Toll,73,13,4,Divided With Median Barrier,3,2945516.42156863,1904862.59982175,41.87192043,-87.78400713,,Urban,2,N,(N/A),Y,(N/A)
2022,2022-10-25,Tuesday,18,06:40 PM,Property Damage,No Injuries,0,0,0,0,0,3,Front to Rear,11,N,N,Following Too Closely,Weather,Darkness / Lighted Road,Rain,Wet,N,,,,,No Controls,No Controls,N,3,41.8811279,-87.8047738,ok,(UNK),1,22-03204,2022,,3,11,50000 and OVER,9,4295,Oak Park,C,Urban Other Principal Arte,,16,25,11937948,10,Cook,0,22,,,2,N,Yes,Free Flow,202201343486,City,5,19.57999992,Y,,,,(UNK),869386,(N/A),(UNK),No Defects,1,2,Other Principal Arterial,3,348,X002804308,Not Toll,73,1,1,"Divided, No Median Barrier",2,2939769.39704848,1908058.74560118,41.88112006,-87.80476801,,Urban,2,N,(N/A),Y,(N/A)
2022,2022-09-10,Saturday,16,04:05 PM,Property Damage,No Injuries,0,0,0,0,0,2,Front to Rear,11,N,N,Following Too Closely,Failing to Reduce Speed to Avoid Crash,Daylight,Clear,Dry,N,,,,,Other,Functioning Properly,Y,2,41.8736513,-87.8030999,ok,Partial Access Control,3,03-22-12991,2022,,3,28,50000 and OVER,9,4295,Oak Park,C,Urban InterState,,16,10,11887152,9,Cook,0,22,,,6,N,No,(UNK),202201295681,ISP,1,21.64999962,Y,,,,(UNK),869721,(N/A),(UNK),No Defects,1,1,InterState,1,9290,X002760298,Not Toll,73,13,4,Divided With Median Barrier,3,2940300.33368903,1905346.70354012,41.87364348,-87.80309409,,Urban,1,N,(N/A),Y,(N/A)
2022,2022-02-25,Friday,8,08:17 AM,Property Damage,No Injuries,0,0,0,0,0,3,Front to Rear,11,N,N,Failing to Reduce Speed to Avoid Crash,Following Too Closely,Daylight,Clear,Wet,N,,,,,Other,Functioning Properly,N,3,41.8737786,-87.8045294,ok,Partial Access Control,3,03-22-02736,2022,,28,3,50000 and OVER,9,4295,Oak Park,C,Urban InterState,,16,25,11646779,2,Cook,0,22,,,5,N,No,(UNK),202201067526,ISP,1,20.07999992,Y,,,,(UNK),869822,(N/A),(UNK),No Defects,1,2,InterState,1,348,X002550752,Not Toll,73,13,4,Divided With Median Barrier,3,2939909.70912193,1905382.36248468,41.87377076,-87.80452359,,Urban,1,N,(N/A),Y,(N/A)
2022,2022-02-24,Thursday,6,06:42 AM,Injury,B Injury Crash,2,0,0,2,0,4,Front to Rear,11,N,N,Failing to Reduce Speed to Avoid Crash,Improper Overtaking/Passing,Daylight,Clear,Dry,N,,,,,No Controls,No Controls,Y,4,41.8725834,-87.7933983,ok,Partial Access Control,3,03-22-02675,2022,,28,4,50000 and OVER,9,4295,Oak Park,C,Urban InterState,,16,24,11646777,2,Cook,2,22,,,4,N,No,(UNK),202201067524,ISP,1,22.10000038,Y,,,,(UNK),869825,(N/A),(UNK),No Defects,1,1,InterState,1,9290,X002550750,Not Toll,73,1,1,Divided With Median Barrier,3,2942953.5,1905030.5,41.8725756,-87.79339245,,Urban,1,N,(N/A),Y,(N/A)
2022,2022-07-31,Sunday,19,07:05 PM,Property Damage,No Injuries,0,0,0,0,0,6,Turning,10,N,N,Improper Turning/No Signal,Unable to Determine,Dusk,Clear,Dry,Y,,,,,Stop Sign,Functioning Properly,N,2,41.8669857,-87.7938283,ok,(UNK),1,2204566,2022,,6,18,50000 and OVER,9,4295,Oak Park,C,Urban Major Collector,,16,31,11842286,7,Cook,0,22,,,7,N,No,Free Flow,202201254075,City,3,0,N,,,,(UNK),870178,(N/A),(UNK),No Defects,1,1,Major Collector,5,,X002720968,Not Toll,73,2,4,Not Divided,1,2942892.77460839,1902987.35022586,41.86697788,-87.79382254,,Urban,1,N,(N/A),Y,(N/A)
2022,2022-07-29,Friday,16,04:34 PM,Property Damage,No Injuries,0,0,0,0,0,2,Sideswipe Opposite Direction,13,N,N,Failing to Yield Right of Way,Unable to Determine,Darkness,Clear,Dry,N,,,,,No Controls,No Controls,N,2,41.8885551,-87.791585,ok,(UNK),1,2204523,2022,,2,18,50000 and OVER,9,4295,Oak Park,C,Urban Major Collector,,16,29,11842300,7,Cook,0,22,,,5,N,No,Free Flow,202201254089,City,4,0.50999999,N,,,,(UNK),870243,(N/A),(UNK),No Defects,1,1,Major Collector,5,1405,X002720981,Not Toll,73,1,1,Parking Lot,7,2943286.21412234,1910864.53242377,41.88854725,-87.79157921,,Urban,1,N,(N/A),Y,(N/A)
2022,2022-06-25,Saturday,14,02:15 PM,Property Damage,No Injuries,0,0,0,0,0,2,Front to Rear,11,N,N,Following Too Closely,Failing to Reduce Speed to Avoid Crash,Daylight,Clear,Dry,N,,,,,Other,No Controls,N,2,41.8713187,-87.7758072,ok,Partial Access Control,3,03-22-08931,2022,,3,28,50000 and OVER,9,4295,Oak Park,C,Urban InterState,,16,25,11790067,6,Cook,0,22,,,6,N,No,(UNK),202201202941,ISP,1,23.01000023,Y,,,,(UNK),871128,(N/A),(UNK),No Defects,1,1,InterState,1,9290,X002674595,Not Toll,73,13,1,Divided With Median Barrier,3,2947757.64025659,1904702.64808329,41.87131087,-87.7758014,,Urban,1,N,(N/A),Y,(N/A)
2022,2022-07-30,Saturday,15,03:10 PM,Property Damage,No Injuries,0,0,0,0,0,2,Front to Rear,11,N,N,Following Too Closely,Failing to Reduce Speed to Avoid Crash,Daylight,Clear,Dry,N,,,,,Other,Functioning Properly,Y,2,41.870953,-87.7744517,ok,Partial Access Control,3,03-22-10801,2022,,3,28,50000 and OVER,9,4295,Oak Park,C,Urban InterState,,16,30,11842496,7,Cook,0,22,,,6,N,No,(UNK),202201254277,ISP,1,9.19999981,Y,,,,(UNK),871387,(N/A),(UNK),No Defects,1,1,InterState,1,290,X002721155,Not Toll,73,13,4,Divided With Median Barrier,3,2948130.55054012,1904579.67950812,41.8709452,-87.77444594,,Urban,1,N,(N/A),Y,(N/A)
2022,2022-06-27,Monday,13,01:33 PM,Property Damage,No Injuries,0,0,0,0,0,2,Sideswipe Same Direction,12,N,N,Failing to Yield Right of Way,Improper Lane Usage,Daylight,Clear,Dry,N,,,,,No Controls,No Controls,N,2,41.865881,-87.8042417,ok,(UNK),1,22-01928,2022,,2,20,50000 and OVER,9,4295,Oak Park,C,Urban Other Principal Arte,,16,27,11790101,6,Cook,0,22,,,1,N,No,Free Flow,202201202982,City,1,20.62999916,Y,,,,(UNK),871412,(N/A),(UNK),No Defects,1,1,Other Principal Arterial,3,348,X002674627,Not Toll,73,1,1,"Divided, No Median Barrier",2,2940067.3278315,1902506.49985209,41.86587317,-87.80423586,,Urban,1,N,(N/A),Y,(N/A)
2022,2022-05-12,Thursday,1,01:34 AM,Injury,B Injury Crash,2,0,0,2,0,1,Front to Rear,11,N,N,Failing to Reduce Speed to Avoid Crash,Following Too Closely,Darkness,Clear,Dry,N,,,,,No Controls,No Controls,N,2,41.8728147,-87.797311,ok,Partial Access Control,3,03-22-06432,2022,,28,3,50000 and OVER,9,4295,Oak Park,C,Urban InterState,,16,12,11745052,5,Cook,2,22,,,4,N,No,(UNK),202201161085,ISP,4,21.90999985,Y,,,,(UNK),871543,(N/A),(UNK),No Defects,1,1,InterState,1,9290,X002635618,Not Toll,73,1,1,Divided With Median Barrier,3,2941885.45832674,1905085.30474301,41.87280682,-87.79730518,,Urban,1,N,(N/A),Y,(N/A)
2022,2022-01-08,Saturday,17,05:02 PM,Property Damage,No Injuries,0,0,0,0,0,4,Front to Rear,11,N,N,Weather,Weather,Darkness,Freezing Rain,Ice,Y,,,,,No Controls,No Controls,N,3,41.879943,-87.7807978,ok,(UNK),1,2200149,2022,,11,11,50000 and OVER,9,4295,Oak Park,C,Urban Minor Arterial,,16,8,11588511,1,Cook,0,22,,,6,N,No,Stopped,202201018044,City,4,0,N,,,,(UNK),871571,(N/A),(UNK),No Defects,1,4,Minor Arterial,4,,X002501933,Not Toll,73,1,1,"Divided, No Median Barrier",2,2946310.90714155,1907807.65625771,41.87993516,-87.780792,,Urban,10,N,(N/A),Y,(N/A)
2022,2022-01-09,Sunday,13,01:17 PM,Injury,B Injury Crash,2,0,0,2,0,3,Angle,15,N,N,Failing to Reduce Speed to Avoid Crash,Unable to Determine,Daylight,Clear,Dry,Y,,,,,Traffic Signal,Functioning Properly,N,2,41.8761173,-87.7941063,ok,(UNK),1,2200168,2022,,28,18,50000 and OVER,9,4295,Oak Park,C,Urban Major Collector,,16,9,11588520,1,Cook,2,22,,,7,N,No,Free Flow,202201018050,City,1,0,N,,,,(UNK),871572,(N/A),(UNK),No Defects,1,1,Major Collector,5,,X002501964,Not Toll,73,3,4,Not Divided,1,2942725.04020901,1906312.9747977,41.87610948,-87.79410047,,Urban,1,N,(N/A),Y,(N/A)
2022,2022-01-09,Sunday,11,11:28 AM,Injury,A Injury Crash,1,0,1,0,0,1,Rear to Side,16,N,N,Disregarding Traffic Signals,(N/A),Daylight,Clear,Wet,Y,,,,,Traffic Signal,No Controls,N,2,41.8947178,-87.7751558,ok,(UNK),1,2200165,2022,,25,99,50000 and OVER,9,4295,Oak Park,C,Urban Minor Arterial,,16,9,11588521,1,Cook,3,22,,,7,N,No,Free Flow,202201018051,City,1,0,N,,,,(UNK),871650,(N/A),(UNK),No Defects,1,2,Minor Arterial,4,,X002501967,Not Toll,,3,1,Not Divided,1,2947697.31110581,1913234.67983238,41.89471,-87.77515,,Urban,1,N,(N/A),Y,(N/A)
2022,2022-01-09,Sunday,20,08:38 PM,Property Damage,No Injuries,0,0,0,0,0,2,Angle,15,N,N,Disregarding Traffic Signals,Unable to Determine,Darkness / Lighted Road,Clear,Dry,Y,,,,,Traffic Signal,Functioning Properly,N,2,41.8761173,-87.7941069,ok,(UNK),1,2200173,2022,,25,18,50000 and OVER,9,4295,Oak Park,C,Urban Major Collector,,16,9,11588530,1,Cook,0,22,FENCE,FENCE,7,N,Yes,Free Flow,202201018058,City,5,0,N,,,,(UNK),871656,(N/A),(UNK),No Defects,1,1,Major Collector,5,,X002501957,Not Toll,73,3,4,Not Divided,1,2942724.85826756,1906312.96610047,41.87610947,-87.79410114,,Urban,1,N,(N/A),Y,(N/A)
2022,2022-01-04,Tuesday,12,12:53 PM,Property Damage,No Injuries,0,0,0,0,0,1,Parked Motor Vehicle,9,N,N,Unable to Determine,Unable to Determine,Unknown,Unknown,Unknown,N,,,,,No Controls,No Controls,Y,2,41.900172,-87.7757705,ok,(UNK),1,2200054,2022,,18,18,50000 and OVER,9,4295,Oak Park,C,Urban Local Road or Street,,16,4,11588918,1,Cook,0,22,,,2,N,No,Free Flow,202201018396,City,9,0.23,N,,,,(UNK),873411,(N/A),(UNK),No Defects,1,9,Local Road or Street,7,3110,X002502126,Not Toll,73,1,1,Not Divided,1,2947474.51836795,1915217.61263449,41.90016415,-87.77576472,,Urban,9,N,(N/A),Y,(N/A)
2022,2022-06-25,Saturday,2,02:30 AM,Property Damage,No Injuries,0,0,0,0,0,3,Front to Rear,11,N,N,Failing to Reduce Speed to Avoid Crash,(N/A),Darkness / Lighted Road,Cloudy/Overcast,Dry,N,,,,,No Controls,No Controls,N,3,41.8810432,-87.7844868,ok,(UNK),1,2203666,2022,,28,99,50000 and OVER,9,4295,Oak Park,C,Urban Major Collector,,16,25,11790770,6,Cook,0,22,,,6,N,No,Free Flow,202201203650,City,5,1.44000006,N,,,,(UNK),874390,(N/A),(UNK),No Defects,1,1,Major Collector,5,2783,X002675273,Not Toll,73,1,1,"Divided, No Median Barrier",2,2945295.12013976,1908180.67263602,41.88103538,-87.78448096,,Urban,8,N,(N/A),Y,(N/A)
2022,2022-06-17,Friday,9,09:19 AM,Property Damage,No Injuries,0,0,0,0,0,2,Turning,10,N,N,Turning Right On Red,Failing to Yield Right of Way,Daylight,Clear,Dry,Y,,,,,Traffic Signal,Functioning Properly,N,2,41.8719978,-87.7939858,ok,(UNK),1,2203477,2022,,7,2,50000 and OVER,9,4295,Oak Park,C,Urban Major Collector,,16,17,11790809,6,Cook,0,22,,,5,N,No,Free Flow,202201203690,City,1,0,N,,,,(UNK),874514,(N/A),(UNK),No Defects,1,1,Major Collector,5,,X002675310,Not Toll,73,3,4,"Divided, No Median Barrier",2,2942799.37092384,1904812.67043659,41.87199,-87.79398,,Urban,1,N,(N/A),Y,(N/A)
2022,2022-06-17,Friday,13,01:46 PM,Property Damage,No Injuries,0,0,0,0,0,2,Sideswipe Same Direction,12,N,N,Failing to Reduce Speed to Avoid Crash,(N/A),Daylight,Clear,Dry,N,,,,,No Controls,No Controls,N,2,41.8650331,-87.8038487,ok,(UNK),1,2203487,2022,,28,99,50000 and OVER,9,4295,Oak Park,C,Urban Other Principal Arte,,16,17,11790824,6,Cook,0,22,,,5,N,No,Stopped,202201203706,City,1,6.01000023,Y,,,,(UNK),874596,(N/A),(UNK),No Defects,1,1,Other Principal Arterial,3,347,X002675324,Not Toll,73,1,1,"Divided, No Median Barrier",2,2940182.86525909,1902200.45742501,41.86502526,-87.80384295,,Urban,1,N,(N/A),Y,(N/A)
2022,2022-06-17,Friday,13,01:42 PM,Property Damage,No Injuries,0,0,0,0,0,3,Turning,10,N,N,Improper Lane Usage,(N/A),Daylight,Clear,Dry,Y,,,,,Stop Sign,Functioning Properly,N,2,41.8705676,-87.7767818,ok,(UNK),1,2203486,2022,,20,99,50000 and OVER,9,4295,Oak Park,C,Urban Local Road or Street,,16,17,11790822,6,Cook,0,22,,,5,N,No,Free Flow,202201203705,City,1,0,N,,,,(UNK),874597,(N/A),(UNK),No Defects,1,1,Local Road or Street,7,2610,X002675323,Not Toll,73,2,4,Not Divided,1,2947499.80405171,1904421.51383139,41.87055971,-87.77677601,,Urban,1,N,(N/A),Y,(N/A)
2022,2022-06-17,Friday,16,04:02 PM,Property Damage,No Injuries,0,0,0,0,0,1,Parked Motor Vehicle,9,N,N,Failing to Reduce Speed to Avoid Crash,Unable to Determine,Daylight,Clear,Dry,N,,,,,No Controls,No Controls,Y,2,41.8921357,-87.7946087,ok,(UNK),1,2203492,2022,,28,18,50000 and OVER,9,4295,Oak Park,C,Urban Major Collector,,16,17,11790828,6,Cook,0,22,,,5,N,No,Free Flow,202201203859,City,1,5.28000021,N,,,,(UNK),874599,(N/A),(UNK),No Defects,1,1,Major Collector,5,2775,X002675328,Not Toll,73,1,1,Not Divided,1,2942426.77023142,1912146.57292167,41.89212782,-87.79460287,,Urban,1,N,(N/A),Y,(N/A)