crash_year,crash_date,day_of_week,crash_hour,time_of_crash,crash_severity,crash_injury_severity,total_injured,total_fatals,a_injuries,b_injuries,c_injuries,no_injuries,type_of_first_crash,collision_type_code,pedestrian_involved,pedalcyclist_involved,cause1,cause2,lighting_cond,weather_cond,road_surface_cond,intersection_related,is_intersection,highway_or_street_name,at_intersection_with,address_no,traffic_control_device,traffic_control_device_cond,hit_and_run,number_of_vehicles,latitude,longitude,location_status,access_control,agency_code,agency_report_number,agency_report_year,alignment_code,cause1_code,cause2_code,city_class,city_class_code,city_code,city_name,city_township_flag,class_of_trafficway,class_of_trafficway_code,county_code,crash_day,crash_id,crash_month,crash_report_county,crash_severity_cd,crash_yr_source,damaged_property1,damaged_property2,day_of_week_code,did_crash_occur_in_work_zone,did_involve_secondary_crash,flow_condition,icn,investigating_agency_descrip,light_condition_code,mile_station,nhs,non_intersection_direction,non_intersection_distance,non_intersection_units,number_of_lanes,objectid,railroad_crossing_number,road_alignment,road_defects,road_defects_code,road_surface_condition_code,roadway_functional_class,roadway_functional_class_code,route_number,sfe,toll,township,traffic_control_device_code,traffic_control_device_cond_code,trafficway_descrip,trafficway_description_code,ts_crash_coordinate_x,ts_crash_coordinate_y,ts_crash_latitude,ts_crash_longitude,type_report,urban_rural,weather_code,were_workers_present,work_zone,work_zone_related,work_zone_type
2022,2022-06-27,Monday,20,08:54 PM,Property Damage,No Injuries,0,0,0,0,0,2,Turning,10,N,N,Failing to Yield Right of Way,Failing to Reduce Speed to Avoid Crash,Darkness / Lighted Road,Clear,Dry,Y,,,,,No Controls,No Controls,N,2,41.8820672,-87.77798,ok,(UNK),1,2203733,2022,,2,28,50000 and OVER,9,4295,Oak Park,C,Urban Major Collector,,16,27,11790926,6,Cook,0,22,,,1,N,No,Slow,202201203830,City,5,0,N,,,,(UNK),875013,(N/A),(UNK),No Defects,1,1,Major Collector,5,,X002675423,Not Toll,73,1,1,Four Way,14,2947056.75807362,1908603.12575512,41.8820594,-87.77797416,,Urban,1,N,(N/A),Y,(N/A)
2022,2022-06-18,Saturday,9,09:56 AM,Property Damage,No Injuries,0,0,0,0,0,8,Front to Rear,11,N,N,Failing to Reduce Speed to Avoid Crash,Unable to Determine,Daylight,Clear,Dry,N,,,,,No Controls,No Controls,Y,3,41.8747819,-87.7744736,ok,(UNK),1,2203507,2022,,28,18,50000 and OVER,9,4295,Oak Park,C,Urban Minor Arterial,,16,18,11790949,6,Cook,0,22,,,6,N,Yes,Stopped,202201203865,City,1,8.06999969,N,,,,(UNK),875118,(N/A),(UNK),No Defects,1,1,Minor Arterial,4,2790,X002675445,Not Toll,,1,1,Not Divided,1,2948085.69323614,1905974.80339332,41.87477401,-87.77446779,,Urban,1,N,(N/A),Y,(N/A)
2022,2022-01-10,Monday,12,12:58 PM,Property Damage,No Injuries,0,0,0,0,0,3,Turning,10,N,N,Improper Turning/No Signal,(N/A),Daylight,Clear,Dry,Y,,,,,Traffic Signal,Functioning Properly,N,2,41.8869836,-87.7846457,ok,(UNK),1,2200178,2022,,6,99,50000 and OVER,9,4295,Oak Park,C,Urban Major Collector,,16,10,11589288,1,Cook,0,22,,,1,N,No,Free Flow,202201018682,City,1,0,N,,,,(UNK),875133,(N/A),(UNK),No Defects,1,1,Major Collector,5,,X002502793,Not Toll,73,3,4,Not Divided,1,2945191.71029925,1910344.2420506,41.88697572,-87.78463992,,Urban,1,N,(N/A),Y,(N/A)
2022,2022-06-18,Saturday,8,08:43 AM,Property Damage,No Injuries,0,0,0,0,0,2,Turning,10,N,N,Failing to Reduce Speed to Avoid Crash,(N/A),Daylight,Clear,Dry,N,,,,,No Controls,No Controls,N,2,41.8942278,-87.804737,ok,(UNK),1,2203503,2022,,28,99,50000 and OVER,9,4295,Oak Park,C,Urban Minor Arterial,,16,18,11790944,6,Cook,0,22,,,6,N,No,Free Flow,202201203860,City,1,2.57999992,N,,,,(UNK),875175,(N/A),(UNK),No Defects,1,1,Minor Arterial,4,1398,X002675440,Not Toll,73,1,1,Not Divided,1,2939647.95745284,1912832.88343238,41.89422,-87.80473118,,Urban,1,N,(N/A),Y,(N/A)
2022,2022-06-17,Friday,20,08:30 PM,Property Damage,No Injuries,0,0,0,0,0,1,Parked Motor Vehicle,9,N,N,Failing to Reduce Speed to Avoid Crash,(N/A),Daylight,Clear,Dry,N,,,,,Stop Sign,Functioning Properly,Y,2,41.8963803,-87.7833162,ok,(UNK),1,2203498,2022,,28,99,50000 and OVER,9,4295,Oak Park,C,Urban Local Road or Street,,16,17,11790943,6,Cook,0,22,,,5,N,No,Free Flow,202201203857,City,1,0,N,,,,(UNK),875176,(N/A),(UNK),No Defects,1,1,Local Road or Street,7,,X002675439,Not Toll,73,2,4,Not Divided,1,2945458.57909312,1913778.63484568,41.89637241,-87.78331042,,Urban,1,N,(N/A),Y,(N/A)
2022,2022-06-18,Saturday,15,03:31 PM,Injury,C Injury Crash,1,0,0,0,1,7,Front to Rear,11,N,N,Failing to Reduce Speed to Avoid Crash,(N/A),Daylight,Clear,Dry,Y,,,,,Stop Sign,Functioning Properly,N,3,41.8945381,-87.786521,ok,(UNK),1,2203515,2022,,28,99,50000 and OVER,9,4295,Oak Park,C,Urban Minor Arterial,,16,18,11791004,6,Cook,1,22,,,6,N,Yes,Free Flow,202201203941,City,1,0,N,,,,(UNK),875496,(N/A),(UNK),No Defects,1,1,Minor Arterial,4,,X002675497,Not Toll,73,2,4,"Divided, No Median Barrier",2,2944604.63764355,1913083.06939355,41.89453022,-87.78651523,,Urban,1,N,(N/A),Y,(N/A)
2022,2022-06-19,Sunday,0,00:27 AM,Property Damage,No Injuries,0,0,0,0,0,2,Angle,15,N,N,Disregarding Traffic Signals,Failing to Yield Right of Way,Darkness,Clear,Dry,Y,,,,,Traffic Signal,Functioning Properly,Y,2,41.8869832,-87.7846457,ok,(UNK),1,2203528,2022,,25,2,50000 and OVER,9,4295,Oak Park,C,Urban Major Collector,,16,19,11791028,6,Cook,0,22,,,7,N,No,(UNK),202201203977,City,4,0,N,,,,(UNK),875553,(N/A),(UNK),No Defects,1,1,Major Collector,5,,X002675521,Not Toll,73,3,4,Not Divided,1,2945191.71662766,1910344.09145123,41.88697531,-87.78463991,,Urban,1,N,(N/A),Y,(N/A)
2022,2022-01-10,Monday,12,12:02 PM,Property Damage,No Injuries,0,0,0,0,0,3,Angle,15,N,N,Failing to Yield Right of Way,Unable to Determine,Daylight,Clear,Dry,Y,,,,,Traffic Signal,Functioning Properly,N,3,41.8813878,-87.8047858,ok,(UNK),1,2200176,2022,,2,18,50000 and OVER,9,4295,Oak Park,C,Urban Other Principal Arte,,16,10,11589384,1,Cook,0,22,,,1,N,No,Free Flow,202201018769,City,1,26.13999939,Y,,,,(UNK),875574,(N/A),(UNK),No Defects,1,1,Other Principal Arterial,3,5043,X002502797,Not Toll,73,3,4,Not Divided,1,2939763.52364909,1908153.38389951,41.88138,-87.80478,,Urban,1,N,(N/A),Y,(N/A)
2022,2022-01-10,Monday,10,10:09 AM,Injury,C Injury Crash,1,0,0,0,1,1,Pedestrian,1,Y,N,Failing to Yield Right of Way,Unable to Determine,Daylight,Clear,Dry,N,,,,,No Controls,No Controls,N,1,41.9086608,-87.7794931,ok,(UNK),1,2200175,2022,,2,18,50000 and OVER,9,4295,Oak Park,C,Urban Local Road or Street,,16,10,11589385,1,Cook,1,22,,,1,N,No,Free Flow,202201018770,City,1,0.04,N,,,,(UNK),875575,(N/A),(UNK),No Defects,1,1,Local Road or Street,7,2613,X002502807,Not Toll,73,1,1,Not Divided,1,2946374.90863177,1918282.84727569,41.9086529,-87.77948726,,Urban,1,N,(N/A),Y,(N/A)
2022,2022-06-20,Monday,11,11:08 AM,Property Damage,No Injuries,0,0,0,0,0,2,Sideswipe Same Direction,12,N,N,Failing to Yield Right of Way,Failing to Reduce Speed to Avoid Crash,Daylight,Clear,Dry,N,,,,,No Controls,No Controls,N,3,41.8716297,-87.7939726,ok,(UNK),1,2203553,2022,,2,28,50000 and OVER,9,4295,Oak Park,C,Urban Major Collector,,16,20,11791049,6,Cook,0,22,,,1,N,Yes,Free Flow,202201204002,City,1,6.71999979,N,,,,(UNK),875621,(N/A),(UNK),No Defects,1,1,Major Collector,5,2775,X002675536,Not Toll,73,1,1,Not Divided,1,2942806.6888616,1904678.60238274,41.87162183,-87.79396676,,Urban,1,N,(N/A),Y,(N/A)
2022,2022-06-20,Monday,10,10:49 AM,Injury,B Injury Crash,1,0,0,1,0,1,Angle,15,N,N,Failing to Yield Right of Way,(N/A),Daylight,Clear,Dry,Y,,,,,Stop Sign,Functioning Properly,N,2,41.9016777,-87.7963433,ok,(UNK),1,2203552,2022,,2,99,50000 and OVER,9,4295,Oak Park,C,Urban Major Collector,,16,20,11791047,6,Cook,2,22,,,1,N,No,Slow,202201203998,City,1,0,N,,,,(UNK),875678,(N/A),(UNK),No Defects,1,1,Major Collector,5,,X002675534,Not Toll,73,2,4,Four Way,14,2941858.33619205,1915610.82103274,41.90166988,-87.79633748,,Urban,1,N,(N/A),Y,(N/A)
2022,2022-06-20,Monday,19,07:00 PM,Property Damage,No Injuries,0,0,0,0,0,2,Front to Rear,11,N,N,Unable to Determine,(N/A),Daylight,Clear,Dry,N,,,,,No Controls,No Controls,Y,2,41.8936067,-87.8052117,ok,(UNK),1,2203563,2022,,18,99,50000 and OVER,9,4295,Oak Park,C,Urban Other Principal Arte,,16,20,11791125,6,Cook,0,22,,,1,N,No,Stopped,202201204080,City,1,18.70999908,Y,,,,(UNK),875880,(N/A),(UNK),No Defects,1,1,Other Principal Arterial,3,348,X002675586,Not Toll,73,1,1,Divided With Median Barrier,3,2939524.93864937,1912602.98339422,41.8935989,-87.80520589,,Urban,1,N,(N/A),Y,(N/A)
2022,2022-06-20,Monday,21,09:14 PM,Property Damage,No Injuries,0,0,0,0,0,1,Parked Motor Vehicle,9,N,N,Unable to Determine,(N/A),Unknown,Clear,Dry,N,,,,,No Controls,No Controls,Y,2,41.8816056,-87.7828608,ok,(UNK),1,2203565,2022,,18,99,50000 and OVER,9,4295,Oak Park,C,Urban Local Road or Street,,16,20,11791127,6,Cook,0,22,,,1,N,No,Stopped,202201204082,City,9,0.34,N,,,,(UNK),875991,(N/A),(UNK),No Defects,1,1,Local Road or Street,7,2635,X002675588,Not Toll,73,1,1,"Divided, No Median Barrier",2,2945732.24304707,1908397.92706404,41.88159779,-87.78285496,,Urban,1,N,(N/A),Y,(N/A)
2022,2022-06-21,Tuesday,16,04:09 PM,Property Damage,No Injuries,0,0,0,0,0,2,Front to Rear,11,N,N,Unable to Determine,(N/A),Daylight,Clear,Dry,N,,,,,Traffic Signal,Functioning Properly,Y,2,41.9019003,-87.7835669,ok,(UNK),1,2203575,2022,,18,99,50000 and OVER,9,4295,Oak Park,C,Urban Major Collector,,16,21,11791144,6,Cook,0,22,,,2,N,No,Stopped,202201204098,City,1,2.11999989,N,,,,(UNK),876041,(N/A),(UNK),No Defects,1,1,Major Collector,5,1394,X002675604,Not Toll,73,3,4,"Divided, No Median Barrier",2,2945334.42463519,1915788.3412154,41.90189243,-87.78356107,,Urban,1,N,(N/A),Y,(N/A)
2022,2022-06-21,Tuesday,15,03:03 PM,Property Damage,No Injuries,0,0,0,0,0,3,Angle,15,N,N,Failing to Reduce Speed to Avoid Crash,Unable to Determine,Daylight,Clear,Dry,Y,,,,,Stop Sign,Functioning Properly,N,2,41.8707778,-87.7792159,ok,(UNK),1,2203574,2022,,28,18,50000 and OVER,9,4295,Oak Park,C,Urban Minor Collector,,16,21,11791140,6,Cook,0,22,,,2,N,No,Free Flow,202201204095,City,1,0,N,,,,(UNK),876042,(N/A),(UNK),No Defects,1,1,Minor Collector,6,,X002675601,Not Toll,73,2,4,Not Divided,1,2946834.68633831,1904479.68840711,41.87077,-87.77921006,,Urban,1,N,(N/A),Y,(N/A)
2022,2022-06-21,Tuesday,19,07:43 PM,Property Damage,No Injuries,0,0,0,0,0,1,Parked Motor Vehicle,9,N,N,Failing to Reduce Speed to Avoid Crash,Unable to Determine,Daylight,Clear,Dry,N,,,,,No Controls,No Controls,Y,2,41.8868072,-87.8011036,ok,(UNK),1,2203580,2022,,28,18,50000 and OVER,9,4295,Oak Park,C,Urban Local Road or Street,,16,21,11791176,6,Cook,0,22,,,2,N,No,Free Flow,202201204129,City,1,0.19,N,,,,(UNK),876220,(N/A),(UNK),No Defects,1,1,Local Road or Street,7,3036,X002675634,Not Toll,73,1,1,Not Divided,1,2940711.83694796,1910155.9382991,41.88679938,-87.80109782,,Urban,1,N,(N/A),Y,(N/A)
2022,2022-06-22,Wednesday,16,04:56 PM,Injury,A Injury Crash,1,0,1,0,0,2,Angle,15,N,N,Failing to Yield Right of Way,Failing to Reduce Speed to Avoid Crash,Daylight,Clear,Dry,Y,,,,,Stop Sign,Functioning Properly,N,2,41.8706602,-87.792703,ok,(UNK),1,2203600,2022,,2,28,50000 and OVER,9,4295,Oak Park,C,Urban Local Road or Street,,16,22,11791185,6,Cook,3,22,,,3,N,No,Free Flow,202201204139,City,1,0,N,,,,(UNK),876221,(N/A),(UNK),No Defects,1,1,Local Road or Street,7,,X002675642,Not Toll,73,2,4,Not Divided,1,2943162.24988502,1904334.89225204,41.8706524,-87.79269724,,Urban,1,N,(N/A),Y,(N/A)
2022,2022-06-22,Wednesday,18,06:09 PM,Property Damage,No Injuries,0,0,0,0,0,3,Front to Rear,11,N,N,Following Too Closely,Failing to Reduce Speed to Avoid Crash,Daylight,Clear,Dry,N,,,,,No Controls,No Controls,N,3,41.8651938,-87.7921468,ok,(UNK),1,2203603,2022,,3,28,50000 and OVER,9,4295,Oak Park,C,Urban Other Principal Arte,,16,22,11791190,6,Cook,0,22,,,3,N,No,Free Flow,202201204145,City,1,6.61999989,Y,,,,(UNK),876223,(N/A),(UNK),No Defects,1,1,Other Principal Arterial,3,347,X002675646,Not Toll,52,1,1,Not Divided,1,2943368.88527914,1902347.03055834,41.865186,-87.79214101,,Urban,1,N,(N/A),Y,(N/A)
2022,2022-06-23,Thursday,16,04:38 PM,Property Damage,No Injuries,0,0,0,0,0,2,Angle,15,N,N,Failing to Yield Right of Way,(N/A),Daylight,Clear,Dry,Y,,,,,Stop Sign,Functioning Properly,Y,3,41.8727266,-87.7792765,ok,(UNK),1,2203629,2022,,2,99,50000 and OVER,9,4295,Oak Park,C,Urban Minor Collector,,16,23,11791202,6,Cook,0,22,METAL / WOOD  BENCH,NO PARKING SIGN AND METAL POLE,4,N,No,Stopped,202201204156,City,1,0,N,,,,(UNK),876271,(N/A),(UNK),No Defects,1,1,Minor Collector,6,,X002675653,Not Toll,73,2,4,Four Way,14,2946798.40799771,1905189.39808828,41.87271878,-87.77927069,,Urban,1,N,(N/A),Y,(N/A)
2022,2022-06-23,Thursday,16,04:49 PM,Property Damage,No Injuries,0,0,0,0,0,1,Parked Motor Vehicle,9,N,N,Failing to Reduce Speed to Avoid Crash,(N/A),Daylight,Clear,Dry,N,,,,,No Controls,No Controls,Y,2,41.8652263,-87.7901852,ok,(UNK),1,2203630,2022,,28,99,50000 and OVER,9,4295,Oak Park,C,Urban Other Principal Arte,,16,23,11791204,6,Cook,0,22,,,4,N,No,Free Flow,202201204216,City,1,6.71999979,Y,,,,(UNK),876272,(N/A),(UNK),No Defects,1,1,Other Principal Arterial,3,347,X002675655,Not Toll,52,1,1,Parking Lot,7,2943902.89564448,1902373.66629103,41.8652185,-87.79017944,,Urban,1,N,(N/A),Y,(N/A)
2022,2022-06-24,Friday,0,00:24 AM,Property Damage,No Injuries,0,0,0,0,0,1,Parked Motor Vehicle,9,N,N,Unable to Determine,Unable to Determine,Darkness / Lighted Road,Clear,Dry,N,,,,,No Controls,No Controls,N,2,41.8795811,-87.784428,ok,(UNK),1,2203637,2022,,18,18,50000 and OVER,9,4295,Oak Park,C,Urban Major Collector,,16,24,11791207,6,Cook,0,22,,,5,N,No,Free Flow,202201204159,City,5,1.53999996,N,,,,(UNK),876273,(N/A),(UNK),No Defects,1,1,Major Collector,5,2783,X002675656,Not Toll,73,1,1,Not Divided,1,2945325.91569168,1907648.30623491,41.8795733,-87.78442222,,Urban,1,N,(N/A),Y,(N/A)
2022,2022-06-24,Friday,13,01:14 PM,Property Damage,No Injuries,0,0,0,0,0,2,Front to Rear,11,N,N,Failing to Reduce Speed to Avoid Crash,(N/A),Daylight,Clear,Dry,N,,,,,No Controls,No Controls,N,2,41.8652305,-87.7899285,ok,(UNK),1,2203654,2022,,28,99,50000 and OVER,9,4295,Oak Park,C,Urban Other Principal Arte,,16,24,11791210,6,Cook,0,22,,,5,N,No,Slow,202201204161,City,1,6.73000002,Y,,,,(UNK),876274,(N/A),(UNK),No Defects,1,1,Other Principal Arterial,3,347,X002675658,Not Toll,52,1,1,Two-way Continuous Left-Tur,4,2943972.78487621,1902377.13437403,41.8652227,-87.78992272,,Urban,1,N,(N/A),Y,(N/A)
2022,2022-01-11,Tuesday,13,01:59 PM,Property Damage,No Injuries,0,0,0,0,0,3,Turning,10,N,N,Failing to Yield Right of Way,Unable to Determine,Daylight,Clear,Dry,N,,,,,No Controls,No Controls,N,2,41.8886108,-87.793145,ok,(UNK),1,2200191,2022,,2,18,50000 and OVER,9,4295,Oak Park,C,Urban Major Collector,,16,11,11589527,1,Cook,0,22,,,2,N,No,Free Flow,202201018884,City,1,0.43000001,N,,,,(UNK),876298,(N/A),(UNK),No Defects,1,1,Major Collector,5,1405,X002502893,Not Toll,73,1,1,Not Divided,1,2942860.85850793,1910873.07084439,41.88860295,-87.79313921,,Urban,1,N,(N/A),Y,(N/A)
2022,2022-01-11,Tuesday,16,04:00 PM,Property Damage,No Injuries,0,0,0,0,0,2,Sideswipe Same Direction,12,N,N,Improper Lane Usage,Driving Skills/Knowledge/Experience,Daylight,Clear,Dry,N,,,,,Traffic Signal,Functioning Properly,N,2,41.9089001,-87.7949575,ok,(UNK),1,2200199,2022,,20,15,50000 and OVER,9,4295,Oak Park,C,Urban Major Collector,,16,11,11589522,1,Cook,0,22,,,2,N,No,Stopped,202201018881,City,1,4.11999989,N,,,,(UNK),876299,(N/A),(UNK),No Defects,1,1,Major Collector,5,2775,X002502901,Not Toll,73,3,4,Not Divided,1,2942162.80577525,1918253.22307354,41.90889224,-87.79495169,,Urban,1,N,(N/A),Y,(N/A)
2022,2022-02-25,Friday,16,04:41 PM,Property Damage,No Injuries,0,0,0,0,0,1,Parked Motor Vehicle,9,N,N,Unable to Determine,(N/A),Daylight,Clear,Wet,N,,,,,No Controls,No Controls,Y,2,41.8726457,-87.7832122,ok,(UNK),1,2201023,2022,,18,99,50000 and OVER,9,4295,Oak Park,C,Urban Local Road or Street,,16,25,11648161,2,Cook,0,22,,,5,N,No,Free Flow,202201068859,City,1,0.05,N,,,,(UNK),876432,(N/A),(UNK),No Defects,1,2,Local Road or Street,7,4060,X002550655,Not Toll,73,1,1,"Divided, No Median Barrier",2,2945727.24123276,1905130.08895773,41.87263782,-87.78320646,,Urban,1,N,(N/A),Y,(N/A)
2022,2022-02-23,Wednesday,14,02:20 PM,Property Damage,No Injuries,0,0,0,0,0,2,Angle,15,N,N,Failing to Yield Right of Way,Failing to Reduce Speed to Avoid Crash,Daylight,Clear,Dry,Y,,,,,Stop Sign,Functioning Properly,N,3,41.8903607,-87.784776,ok,(UNK),1,2200972,2022,,2,28,50000 and OVER,9,4295,Oak Park,C,Urban Major Collector,,16,23,11648156,2,Cook,0,22,PARKING SIGN,PARKWAY TREE,3,N,Yes,Free Flow,202201068854,City,1,0,N,,,,(UNK),876433,(N/A),(UNK),No Defects,1,1,Major Collector,5,,X002550650,Not Toll,73,2,4,"Divided, No Median Barrier",2,2945122.05809487,1911573.95318064,41.89035287,-87.78477018,,Urban,1,N,(N/A),Y,(N/A)
2022,2022-02-24,Thursday,18,06:12 PM,Property Damage,No Injuries,0,0,0,0,0,3,Turning,10,N,N,Disregarding Traffic Signals,Weather,Darkness / Lighted Road,Snow,Snow or Slush,Y,,,,,Traffic Signal,Functioning Properly,N,2,41.8886494,-87.8026264,ok,(UNK),1,2201002,2022,,25,11,50000 and OVER,9,4295,Oak Park,C,Urban Major Collector,,16,24,11648160,2,Cook,0,22,,,4,N,No,Slow,202201068858,City,5,0,N,,,,(UNK),876434,(N/A),(UNK),No Defects,1,3,Major Collector,5,,X002550654,Not Toll,73,3,4,Unknown Intersection Type,22,2940278.67224997,1910815.84115931,41.88864159,-87.80262056,,Urban,3,N,(N/A),Y,(N/A)
2022,2022-02-24,Thursday,17,05:35 PM,Property Damage,No Injuries,0,0,0,0,0,2,Angle,15,N,N,Failing to Yield Right of Way,Failing to Reduce Speed to Avoid Crash,Darkness / Lighted Road,Freezing Rain,Wet,Y,,,,,Stop Sign,Functioning Properly,Y,2,41.8944979,-87.7897705,ok,(UNK),1,2200999,2022,,2,28,50000 and OVER,9,4295,Oak Park,C,Urban Minor Arterial,,16,24,11648155,2,Cook,0,22,,,4,N,No,Free Flow,202201068853,City,5,0,N,,,,(UNK),876498,(N/A),(UNK),No Defects,1,2,Minor Arterial,4,,X002550649,Not Toll,73,2,4,Unknown Intersection Type,22,2943720.27466185,1913043.90628478,41.8944901,-87.78976474,,Urban,10,N,(N/A),Y,(N/A)
2022,2022-02-24,Thursday,11,11:55 AM,Property Damage,No Injuries,0,0,0,0,0,2,Sideswipe Same Direction,12,N,N,Failing to Yield Right of Way,Unable to Determine,Daylight,Cloudy/Overcast,Dry,N,,,,,No Controls,No Controls,N,2,41.8799823,-87.7771788,ok,(UNK),1,2200991,2022,,2,18,50000 and OVER,9,4295,Oak Park,C,Urban Minor Arterial,,16,24,11648159,2,Cook,0,22,,,4,N,No,Free Flow,202201068857,City,1,4.5,N,,,,(UNK),876499,(N/A),(UNK),No Defects,1,1,Minor Arterial,4,1419,X002550653,Not Toll,73,1,1,Two-way Continuous Left-Tur,4,2947296.09290822,1907849.39480136,41.87997442,-87.77717305,,Urban,8,N,(N/A),Y,(N/A)
2022,2022-02-24,Thursday,23,11:20 PM,Property Damage,No Injuries,0,0,0,0,0,1,Fixed Object,6,N,N,Failing to Reduce Speed to Avoid Crash,Weather,Darkness / Lighted Road,Snow,Snow or Slush,Y,,,,,No Controls,No Controls,N,1,41.9052131,-87.805664,ok,(UNK),1,2200210,2022,,28,11,50000 and OVER,9,4295,Oak Park,C,Urban Other Principal Arte,,16,24,11648163,2,Cook,0,22,VILLAGE STOP SIGN,,4,N,No,Free Flow,202201068861,City,5,27.79999924,Y,,,,(UNK),876500,(N/A),(UNK),No Defects,1,3,Other Principal Arterial,3,5043,X002550658,Not Toll,73,1,1,"Divided, No Median Barrier",2,2939285.33103592,1916829.15591801,41.90520522,-87.80565816,,Urban,3,N,(N/A),Y,(N/A)
2022,2022-09-18,Sunday,13,01:40 PM,Injury,C Injury Crash,2,0,0,0,2,1,Angle,15,N,N,Failing to Yield Right of Way,Driving Skills/Knowledge/Experience,Daylight,Clear,Dry,N,,,,,No Controls,No Controls,N,2,41.8701163,-87.8043885,ok,(UNK),1,22-02817,2022,,2,15,50000 and OVER,9,4295,Oak Park,C,Urban Other Principal Arte,,16,18,11888713,9,Cook,1,22,,,7,N,Yes,Slow,202201297174,City,1,20.34000015,Y,,,,(UNK),876620,(N/A),(UNK),No Defects,1,1,Other Principal Arterial,3,348,X002761803,Not Toll,73,1,1,"Divided, No Median Barrier",2,2939984.843528,1904048.81577376,41.87010846,-87.80438266,,Urban,1,N,(N/A),Y,(N/A)
2022,2022-06-24,Friday,19,07:35 PM,Injury,B Injury Crash,1,0,0,1,0,4,Pedestrian,1,Y,N,Vision Obscured,(N/A),Daylight,Clear,Dry,Y,,,,,Traffic Signal,Unknown,N,1,41.9087836,-87.8057828,ok,(UNK),1,2200678,2022,,14,99,50000 and OVER,9,4295,Oak Park,C,Urban Other Principal Arte,,16,24,11791315,6,Cook,2,22,,,5,N,No,Slow,202201204293,City,1,28.04000092,Y,,,,(UNK),876729,(N/A),(UNK),No Defects,1,1,Other Principal Arterial,3,5043,X002675755,Not Toll,73,3,9,Two-way Continuous Left-Tur,4,2939217.15400692,1918129.42300251,41.90877572,-87.80577698,,Urban,1,N,(N/A),Y,(N/A)
2022,2022-10-16,Sunday,10,10:02 AM,Injury,C Injury Crash,1,0,0,0,1,1,Angle,15,N,N,Failing to Yield Right of Way,(N/A),Daylight,Clear,Dry,Y,,,,,Stop Sign,Functioning Properly,N,2,41.8704893,-87.8043966,ok,(UNK),1,2206405,2022,,2,99,50000 and OVER,9,4295,Oak Park,C,Urban Other Principal Arte,,16,16,11939882,10,Cook,1,22,,,7,N,No,Free Flow,202201345487,City,1,25.38999939,Y,,,,(UNK),877741,(N/A),(UNK),No Defects,1,1,Other Principal Arterial,3,5043,X002806136,Not Toll,73,2,4,Four Way,14,2939978.87245301,1904184.67267276,41.87048144,-87.80439084,,Urban,1,N,(N/A),Y,(N/A)
2022,2022-10-15,Saturday,13,01:12 PM,Property Damage,No Injuries,0,0,0,0,0,5,Angle,15,N,N,Failing to Yield Right of Way,Driving Skills/Knowledge/Experience,Daylight,Clear,Dry,Y,,,,,Stop Sign,Functioning Properly,N,2,41.9037944,-87.7841762,ok,(UNK),1,2206390,2022,,2,15,50000 and OVER,9,4295,Oak Park,C,Urban Major Collector,,16,15,11939877,10,Cook,0,22,,,6,N,No,Free Flow,202201345483,City,1,0,N,,,,(UNK),877742,(N/A),(UNK),No Defects,1,1,Major Collector,5,,X002806132,Not Toll,73,2,4,Not Divided,1,2945149.34521812,1916473.99875111,41.90378658,-87.78417044,,Urban,1,N,(N/A),Y,(N/A)
2022,2022-10-17,Monday,15,03:58 PM,Property Damage,No Injuries,0,0,0,0,0,3,Angle,15,N,N,Disregarding Yield Sign,Unable to Determine,Daylight,Clear,Dry,Y,,,,,Yield,Functioning Properly,N,2,41.8782885,-87.7973366,ok,(UNK),1,2206440,2022,,22,18,50000 and OVER,9,4295,Oak Park,C,Urban Local Road or Street,,16,17,11939889,10,Cook,0,22,,,1,N,No,Free Flow,202201345492,City,1,0,N,,,,(UNK),877743,(N/A),(UNK),No Defects,1,1,Local Road or Street,7,,X002806141,Not Toll,73,4,4,Not Divided,1,2941823.3885302,1907079.88289955,41.87828068,-87.79733079,,Urban,1,N,(N/A),Y,(N/A)
2022,2022-10-17,Monday,17,05:46 PM,Property Damage,No Injuries,0,0,0,0,0,3,Turning,10,N,N,Failing to Reduce Speed to Avoid Crash,Unable to Determine,Dusk,Cloudy/Overcast,Dry,Y,,,,,Traffic Signal,Functioning Properly,N,2,41.901897,-87.7838791,ok,(UNK),1,2206444,2022,,28,18,50000 and OVER,9,4295,Oak Park,C,Urban Major Collector,,16,17,11939890,10,Cook,0,22,,,1,N,No,Stopped,202201345493,City,3,0,N,,,,(UNK),877744,(N/A),(UNK),No Defects,1,1,Major Collector,5,,X002806142,Not Toll,73,3,4,"Divided, No Median Barrier",2,2945249.4405339,1915784.78915344,41.90188916,-87.78387335,,Urban,8,N,(N/A),Y,(N/A)
2022,2022-10-18,Tuesday,10,10:07 AM,Property Damage,No Injuries,0,0,0,0,0,1,Parked Motor Vehicle,9,N,N,Failing to Reduce Speed to Avoid Crash,Unable to Determine,Daylight,Clear,Dry,N,,,,,No Controls,No Controls,Y,2,41.8801774,-87.7877284,ok,(UNK),1,2206455,2022,,28,18,50000 and OVER,9,4295,Oak Park,C,Urban Local Road or Street,,16,18,11939897,10,Cook,0,22,,,2,N,No,Free Flow,202201345731,City,1,0.14,N,,,,(UNK),877745,(N/A),(UNK),No Defects,1,1,Local Road or Street,7,2650,X002806147,Not Toll,73,1,1,Not Divided,1,2944421.05298488,1907840.6316493,41.88016951,-87.78772262,,Urban,1,N,(N/A),Y,(N/A)