crash_year,crash_date,day_of_week,crash_hour,time_of_crash,crash_severity,crash_injury_severity,total_injured,total_fatals,a_injuries,b_injuries,c_injuries,no_injuries,type_of_first_crash,collision_type_code,pedestrian_involved,pedalcyclist_involved,cause1,cause2,lighting_cond,weather_cond,road_surface_cond,intersection_related,is_intersection,highway_or_street_name,at_intersection_with,address_no,traffic_control_device,traffic_control_device_cond,hit_and_run,number_of_vehicles,latitude,longitude,location_status,access_control,agency_code,agency_report_number,agency_report_year,alignment_code,cause1_code,cause2_code,city_class,city_class_code,city_code,city_name,city_township_flag,class_of_trafficway,class_of_trafficway_code,county_code,crash_day,crash_id,crash_month,crash_report_county,crash_severity_cd,crash_yr_source,damaged_property1,damaged_property2,day_of_week_code,did_crash_occur_in_work_zone,did_involve_secondary_crash,flow_condition,icn,investigating_agency_descrip,light_condition_code,mile_station,nhs,non_intersection_direction,non_intersection_distance,non_intersection_units,number_of_lanes,objectid,railroad_crossing_number,road_alignment,road_defects,road_defects_code,road_surface_condition_code,roadway_functional_class,roadway_functional_class_code,route_number,sfe,toll,township,traffic_control_device_code,traffic_control_device_cond_code,trafficway_descrip,trafficway_description_code,ts_crash_coordinate_x,ts_crash_coordinate_y,ts_crash_latitude,ts_crash_longitude,type_report,urban_rural,weather_code,were_workers_present,work_zone,work_zone_related,work_zone_type
2022,2022-10-14,Friday,19,07:36 PM,Injury,C Injury Crash,1,0,0,0,1,0,Parked Motor Vehicle,9,N,N,Improper Lane Usage,Failing to Reduce Speed to Avoid Crash,Darkness / Lighted Road,Rain,Wet,N,,,,,Traffic Signal,Functioning Properly,Y,2,41.9019758,-87.7841398,ok,(UNK),1,2206371,2022,,20,28,50000 and OVER,9,4295,Oak Park,C,Urban Major Collector,,16,14,11939884,10,Cook,1,22,,,5,N,No,Free Flow,202201345489,City,5,0.5,N,,,,(UNK),877810,(N/A),(UNK),No Defects,1,2,Major Collector,5,2783,X002806138,Not Toll,73,3,4,"Divided, No Median Barrier",2,2945177.68172402,1915811.5449456,41.901968,-87.784134,,Urban,2,N,(N/A),Y,(N/A)
2022,2022-10-18,Tuesday,10,10:55 AM,Property Damage,No Injuries,0,0,0,0,0,2,Sideswipe Same Direction,12,N,N,Improper Lane Usage,Unable to Determine,Daylight,Clear,Dry,N,,,,,Traffic Signal,Functioning Properly,Y,2,41.8736416,-87.8045248,ok,Partial Access Control,1,2206456,2022,,20,18,50000 and OVER,9,4295,Oak Park,C,Urban InterState,,16,18,11939899,10,Cook,0,22,,,2,N,No,Free Flow,202201345721,City,1,25.61000061,Y,,,,(UNK),877811,(N/A),(UNK),No Defects,1,1,InterState,1,5043,X002806149,Not Toll,73,3,4,Not Divided,1,2939912.34603277,1905332.45493493,41.87363371,-87.80451896,,Urban,1,N,(N/A),Y,(N/A)
2022,2022-10-20,Thursday,10,10:00 AM,Property Damage,No Injuries,0,0,0,0,0,2,Sideswipe Same Direction,12,N,N,Operating Vehicle In Reckless Manner,Improper Overtaking/Passing,Daylight,Clear,Dry,N,,,,,Traffic Signal,Functioning Properly,Y,2,41.873384,-87.8045142,ok,(UNK),1,2206503,2022,,50,4,50000 and OVER,9,4295,Oak Park,C,Urban Other Principal Arte,,16,20,11939906,10,Cook,0,22,,,4,N,No,Slow,202201345507,City,1,20.11000061,Y,,,,(UNK),877812,(N/A),(UNK),No Defects,1,1,Other Principal Arterial,3,348,X002806156,Not Toll,73,3,4,Divided With Median Barrier,3,2939917.80278059,1905238.69403423,41.8733762,-87.80450841,,Urban,1,N,(N/A),Y,(N/A)
2022,2022-10-19,Wednesday,21,09:11 PM,Property Damage,No Injuries,0,0,0,0,0,2,Front to Rear,11,N,N,Failing to Reduce Speed to Avoid Crash,Following Too Closely,Darkness / Lighted Road,Clear,Dry,N,,,,,No Controls,No Controls,N,2,41.8883313,-87.7847889,ok,(UNK),1,2206492,2022,,28,3,50000 and OVER,9,4295,Oak Park,C,Urban Major Collector,,16,19,11939901,10,Cook,0,22,,,3,N,No,Stopped,202201345502,City,5,0.85000002,N,,,,(UNK),877813,(N/A),(UNK),No Defects,1,1,Major Collector,5,1405,X002806151,Not Toll,73,1,1,Not Divided,1,2945139.09318242,1910834.2823091,41.88832341,-87.78478306,,Urban,1,N,(N/A),Y,(N/A)
2022,2022-10-19,Wednesday,19,07:16 PM,Injury,C Injury Crash,1,0,0,0,1,1,Pedestrian,1,Y,N,Failing to Reduce Speed to Avoid Crash,Unable to Determine,Darkness / Lighted Road,Clear,Dry,N,,,,,No Controls,No Controls,Y,1,41.8650486,-87.8027657,ok,(UNK),1,2206490,2022,,28,18,50000 and OVER,9,4295,Oak Park,C,Urban Other Principal Arte,,16,19,11939903,10,Cook,1,22,,,3,N,No,Free Flow,202201345504,City,5,6.05999994,Y,,,,(UNK),877814,(N/A),(UNK),No Defects,1,1,Other Principal Arterial,3,347,X002806153,Not Toll,73,1,1,"Divided, No Median Barrier",2,2940477.72952306,1902214.24177636,41.86504079,-87.80275992,,Urban,1,N,(N/A),Y,(N/A)
2022,2022-10-20,Thursday,19,07:19 PM,Property Damage,No Injuries,0,0,0,0,0,0,Parked Motor Vehicle,9,N,N,Failing to Reduce Speed to Avoid Crash,Operating Vehicle In Reckless Manner,Darkness / Lighted Road,Clear,Dry,N,,,,,No Controls,No Controls,Y,3,41.8814966,-87.7999808,ok,(UNK),1,2206518,2022,,28,50,50000 and OVER,9,4295,Oak Park,C,Urban Major Collector,,16,20,11939907,10,Cook,0,22,,,4,N,Yes,Free Flow,202201345508,City,5,0,N,,,,(UNK),877886,(N/A),(UNK),No Defects,1,1,Major Collector,5,,X002806157,Not Toll,73,1,1,"Divided, No Median Barrier",2,2941070.98262508,1908229.08472495,41.88148875,-87.79997504,,Urban,1,N,(N/A),Y,(N/A)
2022,2022-10-23,Sunday,6,06:28 AM,Property Damage,No Injuries,0,0,0,0,0,1,Parked Motor Vehicle,9,N,N,Improper Lane Usage,Failing to Reduce Speed to Avoid Crash,Darkness / Lighted Road,Clear,Dry,N,,,,,No Controls,No Controls,N,2,41.8702294,-87.7939188,ok,(UNK),1,2206590,2022,,20,28,50000 and OVER,9,4295,Oak Park,C,Urban Major Collector,,16,23,11939911,10,Cook,0,22,,,7,N,No,Slow,202201345512,City,5,6.82000017,N,,,,(UNK),877887,(N/A),(UNK),No Defects,1,1,Major Collector,5,2775,X002806161,Not Toll,73,1,1,"Divided, No Median Barrier",2,2942835.45574479,1904168.7322865,41.87022158,-87.79391296,,Urban,1,N,(N/A),Y,(N/A)
2022,2022-10-21,Friday,22,10:42 PM,Property Damage,No Injuries,0,0,0,0,0,3,Angle,15,N,N,Disregarding Stop Sign,Failing to Yield Right of Way,Darkness / Lighted Road,Clear,Dry,Y,,,,,Stop Sign,Functioning Properly,N,2,41.8780754,-87.7843854,ok,(UNK),1,2206554,2022,,23,2,50000 and OVER,9,4295,Oak Park,C,Urban Major Collector,,16,21,11939919,10,Cook,0,22,,,5,N,No,Free Flow,202201345518,City,5,0,N,,,,(UNK),877888,(N/A),(UNK),No Defects,1,1,Major Collector,5,,X002806169,Not Toll,73,2,4,Not Divided,1,2945352.75514457,1907099.89967949,41.87806753,-87.78437962,,Urban,1,N,(N/A),Y,(N/A)
2022,2022-05-20,Friday,16,04:53 PM,Property Damage,No Injuries,0,0,0,0,0,2,Front to Rear,11,N,N,Improper Lane Usage,(N/A),Daylight,Clear,Dry,Y,,,,,Traffic Signal,Functioning Properly,N,2,41.87231,-87.8044677,ok,(UNK),1,2202855,2022,,20,99,50000 and OVER,9,4295,Oak Park,C,Urban Other Principal Arte,,16,20,11746610,5,Cook,0,22,,,5,N,No,Stopped,202201162585,City,1,25.52000046,Y,,,,(UNK),877971,(N/A),(UNK),No Defects,1,1,Other Principal Arterial,3,5043,X002637011,Not Toll,73,3,4,"Divided, No Median Barrier",2,2939941.25626871,1904847.64864933,41.87230218,-87.80446187,,Urban,1,N,(N/A),Y,(N/A)
2022,2022-05-20,Friday,13,01:13 PM,Property Damage,No Injuries,0,0,0,0,0,2,Sideswipe Same Direction,12,N,N,Failing to Yield Right of Way,(N/A),Daylight,Cloudy/Overcast,Dry,N,,,,,No Controls,No Controls,N,2,41.8706299,-87.7943795,ok,(UNK),1,2202845,2022,,2,99,50000 and OVER,9,4295,Oak Park,C,Urban Local Road or Street,,16,20,11746613,5,Cook,0,22,,,5,N,No,Free Flow,202201162588,City,1,0.5,N,,,,(UNK),877972,(N/A),(UNK),No Defects,1,1,Local Road or Street,7,4070,X002637014,Not Toll,73,1,1,Not Divided,1,2942705.91612447,1904311.20738172,41.87062207,-87.79437372,,Urban,8,N,(N/A),Y,(N/A)
2022,2022-05-20,Friday,10,10:34 AM,Property Damage,No Injuries,0,0,0,0,0,2,Sideswipe Same Direction,12,N,N,Improper Lane Usage,(N/A),Daylight,Cloudy/Overcast,Dry,N,,,,,No Controls,No Controls,N,2,41.888662,-87.7957339,ok,(UNK),1,2202841,2022,,20,99,50000 and OVER,9,4295,Oak Park,C,Urban Major Collector,,16,20,11746612,5,Cook,0,22,,,5,N,No,Free Flow,202201162587,City,1,0.28,N,,,,(UNK),877973,(N/A),(UNK),No Defects,1,1,Major Collector,5,1405,X002637013,Not Toll,73,1,1,"Divided, No Median Barrier",2,2942155.37300916,1910872.21596126,41.88865412,-87.79572813,,Urban,8,N,(N/A),Y,(N/A)
2022,2022-05-21,Saturday,12,12:05 PM,Property Damage,No Injuries,0,0,0,0,0,1,Parked Motor Vehicle,9,N,N,Improper Backing,Failing to Reduce Speed to Avoid Crash,Daylight,Rain,Wet,N,,,,,No Controls,No Controls,N,2,41.8832758,-87.797027,ok,(UNK),1,2202862,2022,,30,28,50000 and OVER,9,4295,Oak Park,C,Urban Local Road or Street,,16,21,11746614,5,Cook,0,22,,,6,N,No,Free Flow,202201162589,City,1,0.37,N,,,,(UNK),877974,(N/A),(UNK),No Defects,1,2,Local Road or Street,7,2690,X002637015,Not Toll,73,1,1,Parking Lot,7,2941857.48709258,1908899.65135065,41.88326791,-87.79702124,,Urban,2,N,(N/A),Y,(N/A)
2022,2022-05-21,Saturday,11,11:13 AM,Property Damage,No Injuries,0,0,0,0,0,2,Angle,15,N,N,Failing to Yield Right of Way,Failing to Reduce Speed to Avoid Crash,Daylight,Rain,Wet,N,,,,,No Controls,No Controls,N,2,41.8832584,-87.7970265,ok,(UNK),1,2202861,2022,,2,28,50000 and OVER,9,4295,Oak Park,C,Urban Local Road or Street,,16,21,11746621,5,Cook,0,22,,,6,N,No,Free Flow,202201162596,City,1,0.37,N,,,,(UNK),877975,(N/A),(UNK),No Defects,1,2,Local Road or Street,7,2690,X002637022,Not Toll,73,1,1,Not Divided,1,2941857.81015183,1908893.32817911,41.88325055,-87.79702069,,Urban,2,N,(N/A),Y,(N/A)
2022,2022-05-22,Sunday,10,10:00 AM,Property Damage,No Injuries,0,0,0,0,0,1,Parked Motor Vehicle,9,N,N,Failing to Reduce Speed to Avoid Crash,(N/A),Daylight,Clear,Dry,N,,,,,Traffic Signal,Functioning Properly,N,2,41.8884682,-87.7896071,ok,(UNK),1,2202880,2022,,28,99,50000 and OVER,9,4295,Oak Park,C,Urban Major Collector,,16,22,11746617,5,Cook,0,22,,,7,N,No,Free Flow,202201162592,City,1,0,N,,,,(UNK),878012,(N/A),(UNK),No Defects,1,1,Major Collector,5,,X002637018,Not Toll,73,3,4,Not Divided,1,2943825.69478938,1910847.79149292,41.88846037,-87.78960125,,Urban,1,N,(N/A),Y,(N/A)
2022,2022-05-21,Saturday,22,10:02 PM,Injury,B Injury Crash,2,0,0,2,0,2,Front to Rear,11,N,N,(N/A),(N/A),Darkness / Lighted Road,Clear,Dry,N,,,,,No Controls,No Controls,N,2,41.8688915,-87.790025,ok,(UNK),1,2202873,2022,,99,99,50000 and OVER,9,4295,Oak Park,C,Urban Local Road or Street,,16,21,11746620,5,Cook,2,22,,,6,N,No,Free Flow,202201162595,City,5,0.68000001,N,,,,(UNK),878013,(N/A),(UNK),No Defects,1,1,Local Road or Street,7,4090,X002637021,Not Toll,73,1,1,Not Divided,1,2943909.53414666,1903710.53551605,41.86888369,-87.79001925,,Urban,1,N,(N/A),Y,(N/A)
2022,2022-05-21,Saturday,13,01:36 PM,Property Damage,No Injuries,0,0,0,0,0,3,Angle,15,N,N,Failing to Yield Right of Way,Failing to Reduce Speed to Avoid Crash,Daylight,Rain,Wet,Y,,,,,Stop Sign,Functioning Properly,N,2,41.8763689,-87.776977,ok,(UNK),1,2202865,2022,,2,28,50000 and OVER,9,4295,Oak Park,C,Urban Local Road or Street,,16,21,11746622,5,Cook,0,22,,,6,N,No,Free Flow,202201162597,City,1,0,N,,,,(UNK),878015,(N/A),(UNK),No Defects,1,2,Local Road or Street,7,,X002637023,Not Toll,73,2,4,Not Divided,1,2947387.75758214,1906534.1513293,41.87636106,-87.77697116,,Urban,2,N,(N/A),Y,(N/A)
2022,2022-10-23,Sunday,23,11:08 PM,Property Damage,No Injuries,0,0,0,0,0,2,Fixed Object,6,N,N,Unable to Determine,Unable to Determine,Darkness / Lighted Road,Clear,Dry,Y,,,,,No Controls,No Controls,N,1,41.9057583,-87.7834233,ok,(UNK),1,2206611,2022,,18,18,50000 and OVER,9,4295,Oak Park,C,Urban Major Collector,,16,23,11940044,10,Cook,0,22,STREET SIGN/TREE,,7,N,No,Free Flow,202201345604,City,5,0,N,,,,(UNK),878284,(N/A),(UNK),No Defects,1,1,Major Collector,5,,X002806163,Not Toll,73,1,1,"Divided, No Median Barrier",2,2945334.42367272,1917195.35519062,41.90575042,-87.78341753,,Urban,1,N,(N/A),Y,(N/A)
2022,2022-09-15,Thursday,12,12:25 PM,Property Damage,No Injuries,0,0,0,0,0,1,Parked Motor Vehicle,9,N,N,Improper Backing,(N/A),Daylight,Clear,Dry,N,,,,,No Controls,No Controls,N,2,41.8944576,-87.805238,ok,(UNK),1,2201039,2022,,30,99,50000 and OVER,9,4295,Oak Park,C,Urban Other Principal Arte,,16,15,11889318,9,Cook,0,22,,,4,N,No,Free Flow,202201297787,City,1,18.64999962,Y,,,,(UNK),879451,(N/A),(UNK),No Defects,1,1,Other Principal Arterial,3,348,X002762333,Not Toll,73,1,1,Parking Lot,7,2939509.24104328,1912912.84633439,41.89444974,-87.80523218,,Urban,1,N,(N/A),Y,(N/A)
2022,2022-06-26,Sunday,23,11:15 PM,Property Damage,No Injuries,0,0,0,0,0,2,Front to Rear,11,N,N,Following Too Closely,Failing to Reduce Speed to Avoid Crash,Darkness / Lighted Road,Clear,Dry,N,,,,,No Controls,No Controls,N,2,41.873778,-87.8045294,ok,(UNK),3,03-22-09004,2022,,3,28,50000 and OVER,9,4295,Oak Park,C,Rural (UNK),,16,26,11791889,6,Cook,0,22,,,7,Y,No,(UNK),202201204895,ISP,5,20.07999992,N,,,,(UNK),879493,(N/A),(UNK),No Defects,1,1,(UNK),0,348,X002676299,No Toll,73,1,1,Divided With Median Barrier,3,2939909.71864172,1905382.160673,41.8737702,-87.80452358,,Rural,1,N,Maintenance,Y,Maintenance Work Zone
2022,2022-04-03,Sunday,6,06:55 AM,Property Damage,No Injuries,0,0,0,0,0,2,Turning,10,N,N,Improper Turning/No Signal,Improper Lane Usage,Daylight,Clear,Dry,Y,,,,,Traffic Signal,Functioning Properly,Y,2,41.8736412,-87.8045227,ok,Partial Access Control,1,22-00984,2022,,6,20,50000 and OVER,9,4295,Oak Park,C,Urban InterState,,16,3,11686912,4,Cook,0,22,,,7,N,No,Free Flow,202201106689,City,1,25.61000061,Y,,,,(UNK),880038,(N/A),(UNK),No Defects,1,1,InterState,1,5043,X002585434,Not Toll,73,3,4,Divided With Median Barrier,3,2939912.92047439,1905332.3547531,41.87363339,-87.80451686,,Urban,1,N,(N/A),Y,(N/A)
2022,2022-01-12,Wednesday,8,08:43 AM,Property Damage,No Injuries,0,0,0,0,0,3,Front to Rear,11,N,N,Following Too Closely,Unable to Determine,Daylight,Clear,Wet,Y,,,,,Pedestrian Crossing,Functioning Properly,N,3,41.8820968,-87.7763929,ok,(UNK),1,2200209,2022,,3,18,50000 and OVER,9,4295,Oak Park,C,Urban Major Collector,,16,12,11590707,1,Cook,0,22,,,3,N,No,Stopped,202201019882,City,1,0,N,,,,(UNK),881633,(N/A),(UNK),No Defects,1,2,Major Collector,5,,X002504038,Not Toll,73,17,4,"Divided, No Median Barrier",2,2947488.67257836,1908625.95252755,41.882089,-87.77638707,,Urban,1,N,(N/A),Y,(N/A)
2022,2022-01-12,Wednesday,9,09:30 AM,Property Damage,No Injuries,0,0,0,0,0,3,Front to Rear,11,N,N,Failing to Reduce Speed to Avoid Crash,Following Too Closely,Daylight,Cloudy/Overcast,Dry,Y,,,,,Traffic Signal,Not Functioning,N,2,41.8797796,-87.7893417,ok,(UNK),1,2200210,2022,,28,3,50000 and OVER,9,4295,Oak Park,C,Urban Minor Arterial,,16,12,11590708,1,Cook,0,22,,,3,N,No,Slow,202201019883,City,1,0.60000002,N,,,,(UNK),881634,(N/A),(UNK),No Defects,1,1,Minor Arterial,4,2779,X002504041,Not Toll,73,3,2,Four Way,14,2943985.71110141,1907683.50477503,41.87977176,-87.7893359,,Urban,8,N,(N/A),Y,(N/A)
2022,2022-04-01,Friday,4,04:25 AM,Injury,B Injury Crash,1,0,0,1,0,2,Front to Rear,11,N,N,Failing to Reduce Speed to Avoid Crash,Following Too Closely,Darkness / Lighted Road,Clear,Wet,N,,,,,Other,Functioning Properly,N,2,41.8735079,-87.8045198,ok,Partial Access Control,3,03-22-04367,2022,,28,3,50000 and OVER,9,4295,Oak Park,C,Urban InterState,,16,1,11687144,4,Cook,2,22,,,5,N,No,(UNK),202201106922,ISP,5,21.57999992,Y,,,,(UNK),882129,(N/A),(UNK),No Defects,1,2,InterState,1,9290,X002585663,Not Toll,73,13,4,Divided With Median Barrier,3,2939915.04139067,1905283.80433685,41.87350011,-87.80451399,,Urban,1,N,(N/A),Y,(N/A)
2022,2022-03-31,Thursday,7,07:13 AM,Property Damage,No Injuries,0,0,0,0,0,1,Fixed Object,6,N,N,Disregarding Traffic Signals,Unable to Determine,Daylight,Clear,Wet,N,,,,,Traffic Signal,Functioning Properly,N,1,41.8871318,-87.7846551,ok,(UNK),1,2201699,2022,,25,18,50000 and OVER,9,4295,Oak Park,C,Urban Major Collector,,16,31,11687206,3,Cook,0,22,VIDUCT BRIDGE,,4,N,No,Free Flow,202201106984,City,1,1.01999998,N,,,,(UNK),882337,(N/A),(UNK),No Defects,1,2,Major Collector,5,2783,X002584294,Not Toll,73,3,4,Not Divided,1,2945187.6644197,1910398.18637612,41.88712394,-87.78464927,,Urban,1,N,(N/A),Y,(N/A)
2022,2022-05-23,Monday,8,08:49 AM,Injury,A Injury Crash,1,0,1,0,0,1,Angle,15,N,N,Disregarding Other Traffic Signs,Failing to Reduce Speed to Avoid Crash,Daylight,Clear,Dry,Y,,,,,Other Regualtory Sig,Functioning Properly,N,2,41.8669858,-87.793826,ok,(UNK),1,2202899,2022,,24,28,50000 and OVER,9,4295,Oak Park,C,Urban Major Collector,,16,23,11747881,5,Cook,3,22,,,1,N,No,Free Flow,202201163859,City,1,0,N,,,,(UNK),882546,(N/A),(UNK),No Defects,1,1,Major Collector,5,,X002638186,Not Toll,73,10,4,Four Way,14,2942893.39766114,1902987.38137185,41.86697792,-87.79382025,,Urban,1,N,(N/A),Y,(N/A)
2022,2022-05-22,Sunday,13,01:42 PM,Property Damage,No Injuries,0,0,0,0,0,3,Front to Rear,11,N,N,Following Too Closely,Failing to Reduce Speed to Avoid Crash,Daylight,Clear,Dry,N,,,,,No Controls,No Controls,N,2,41.8713367,-87.7760878,ok,Partial Access Control,3,03-22-07064,2022,,3,28,50000 and OVER,9,4295,Oak Park,C,Urban InterState,,16,22,11747971,5,Cook,0,22,,,7,N,No,(UNK),202201163935,ISP,1,23,Y,,,,(UNK),882878,(N/A),(UNK),No Defects,1,1,InterState,1,9290,X002638260,Not Toll,73,1,1,Divided With Median Barrier,3,2947681.03386809,1904707.0597148,41.87132882,-87.77608198,,Urban,1,N,(N/A),Y,(N/A)
2022,2022-10-25,Tuesday,12,12:52 PM,Property Damage,No Injuries,0,0,0,0,0,2,Turning,10,N,N,Failing to Yield Right of Way,Failing to Reduce Speed to Avoid Crash,Daylight,Rain,Wet,Y,,,,,Traffic Signal,Functioning Properly,N,2,41.8651778,-87.7937258,ok,(UNK),1,2206647,2022,,2,28,50000 and OVER,9,4295,Oak Park,C,Urban Other Principal Arte,,16,25,11941491,10,Cook,0,22,,,2,N,No,Free Flow,202201346758,City,1,0,Y,,,,(UNK),882943,(N/A),(UNK),No Defects,1,2,Other Principal Arterial,3,,X002807321,Not Toll,52,3,4,Four Way,14,2942938.92674709,1902329.30007526,41.86517,-87.79372,,Urban,2,N,(N/A),Y,(N/A)
2022,2022-10-25,Tuesday,15,03:06 PM,Property Damage,No Injuries,0,0,0,0,0,2,Front to Rear,11,N,N,Failing to Reduce Speed to Avoid Crash,Weather,Daylight,Rain,Wet,Y,,,,,No Controls,No Controls,N,2,41.8943891,-87.7961502,ok,(UNK),1,2206651,2022,,28,11,50000 and OVER,9,4295,Oak Park,C,Urban Minor Arterial,,16,25,11941492,10,Cook,0,22,,,2,N,No,Slow,202201346759,City,1,0,N,,,,(UNK),882965,(N/A),(UNK),No Defects,1,2,Minor Arterial,4,,X002807322,Not Toll,73,1,1,"Divided, No Median Barrier",2,2941984.32441182,1912956.14959389,41.89438123,-87.79614443,,Urban,2,N,(N/A),Y,(N/A)
2022,2022-10-26,Wednesday,22,10:02 PM,Property Damage,No Injuries,0,0,0,0,0,1,Parked Motor Vehicle,9,N,N,Failing to Reduce Speed to Avoid Crash,Improper Lane Usage,Darkness,Clear,Dry,N,,,,,No Controls,No Controls,Y,2,41.8653759,-87.780473,ok,(UNK),1,2206678,2022,,28,20,50000 and OVER,9,4295,Oak Park,C,Urban Other Principal Arte,,16,26,11941493,10,Cook,0,22,,,3,N,No,(UNK),202201346760,City,4,7.21999979,Y,,,,(UNK),882967,(N/A),(UNK),No Defects,1,1,Other Principal Arterial,3,347,X002807323,Not Toll,52,1,1,Parking Lot,7,2946547.02724049,1902501.61283384,41.8653681,-87.78046716,,Urban,1,N,(N/A),Y,(N/A)
2022,2022-10-26,Wednesday,18,06:00 PM,Property Damage,No Injuries,0,0,0,0,0,2,Sideswipe Opposite Direction,13,N,N,Improper Lane Usage,Improper Overtaking/Passing,Darkness / Lighted Road,Clear,Dry,Y,,,,,Stop Sign,Functioning Properly,N,2,41.9090926,-87.7900601,ok,(UNK),1,2206673,2022,,20,4,50000 and OVER,9,4295,Oak Park,C,Urban Other Principal Arte,,16,26,11941495,10,Cook,0,22,,,3,N,No,Free Flow,202201346762,City,5,6.73000002,Y,,,,(UNK),882969,(N/A),(UNK),No Defects,1,1,Other Principal Arterial,3,307,X002807325,Not Toll,73,2,4,"Divided, No Median Barrier",2,2943494.02356158,1918360.29391103,41.90908474,-87.79005425,,Urban,1,N,(N/A),Y,(N/A)
2022,2022-10-26,Wednesday,19,07:02 PM,Property Damage,No Injuries,0,0,0,0,0,3,Front to Rear,11,N,N,Failing to Reduce Speed to Avoid Crash,(N/A),Darkness / Lighted Road,Clear,Dry,N,,,,,Traffic Signal,Functioning Properly,Y,2,41.88671,-87.8049542,ok,(UNK),1,2206674,2022,,28,99,50000 and OVER,9,4295,Oak Park,C,Urban Other Principal Arte,,16,26,11941494,10,Cook,0,22,,,3,N,No,Stopped,202201346761,City,5,26.51000023,Y,,,,(UNK),882971,(N/A),(UNK),No Defects,1,1,Other Principal Arterial,3,5043,X002807324,Not Toll,73,3,4,"Divided, No Median Barrier",2,2939664.26387328,1910091.59944347,41.88670212,-87.80494838,,Urban,1,N,(N/A),Y,(N/A)
2022,2022-01-13,Thursday,18,06:28 PM,Injury,B Injury Crash,1,0,0,1,0,1,Pedestrian,1,Y,N,Disregarding Traffic Signals,Failing to Yield Right of Way,Darkness,Clear,Dry,N,,,,,Traffic Signal,Functioning Properly,N,1,41.8794794,-87.8047269,ok,(UNK),1,22-00147,2022,,25,2,50000 and OVER,9,4295,Oak Park,C,Urban Other Principal Arte,,16,13,11591059,1,Cook,2,22,,,4,N,No,Free Flow,202201020277,City,4,19.69000053,Y,,,,(UNK),883555,(N/A),(UNK),No Defects,1,1,Other Principal Arterial,3,348,X002504393,Not Toll,73,3,4,"Divided, No Median Barrier",2,2939798.71730009,1907458.3682454,41.87947159,-87.80472109,,Urban,1,N,(N/A),Y,(N/A)
2022,2022-09-18,Sunday,1,01:38 AM,Property Damage,No Injuries,0,0,0,0,0,2,Front to Rear,11,N,N,Following Too Closely,Failing to Reduce Speed to Avoid Crash,Darkness,Clear,Dry,N,,,,,Traffic Signal,Functioning Properly,N,2,41.8802256,-87.7746765,ok,(UNK),1,2205716,2022,,3,28,50000 and OVER,9,4295,Oak Park,C,Urban Minor Arterial,,16,18,11890263,9,Cook,0,22,,,7,N,No,(UNK),202201298789,City,4,7.6500001,N,,,,(UNK),884190,(N/A),(UNK),No Defects,1,1,Minor Arterial,4,2790,X002763216,Not Toll,,3,4,Not Divided,1,2947975.10872131,1907957.04891219,41.88021771,-87.77467071,,Urban,1,N,(N/A),Y,(N/A)
2022,2022-09-17,Saturday,21,09:04 PM,Property Damage,No Injuries,0,0,0,0,0,2,Front to Rear,11,N,N,Following Too Closely,Failing to Reduce Speed to Avoid Crash,Dusk,Clear,Dry,N,,,,,Traffic Signal,Functioning Properly,N,2,41.9092379,-87.7769296,ok,(UNK),1,2205713,2022,,3,28,50000 and OVER,9,4295,Oak Park,C,Urban Other Principal Arte,,16,17,11890264,9,Cook,0,22,,,6,N,No,(UNK),202201298790,City,3,130.66000366,Y,,,,(UNK),884191,(N/A),(UNK),No Defects,1,1,Other Principal Arterial,3,5064,X002763217,Not Toll,73,3,4,Not Divided,1,2947066.86822829,1918512.59418645,41.90923,-87.77692379,,Urban,1,N,(N/A),Y,(N/A)
2022,2022-09-14,Wednesday,17,05:25 PM,Property Damage,No Injuries,0,0,0,0,0,2,Turning,10,N,N,Failing to Yield Right of Way,Unable to Determine,Daylight,Clear,Dry,N,,,,,No Controls,No Controls,N,2,41.8798666,-87.7969201,ok,(UNK),1,2205698,2022,,2,18,50000 and OVER,9,4295,Oak Park,C,Urban Local Road or Street,,16,14,11890275,9,Cook,0,22,,,3,N,No,Free Flow,202201298803,City,1,0.60000002,N,,,,(UNK),884194,(N/A),(UNK),No Defects,1,1,Local Road or Street,7,2690,X002763228,Not Toll,73,1,1,Not Divided,1,2941920.91962387,1907658.09460392,41.87985875,-87.79691435,,Urban,1,N,(N/A),Y,(N/A)
2022,2022-09-18,Sunday,21,09:01 PM,Property Damage,No Injuries,0,0,0,0,0,5,Turning,10,N,N,Driving Skills/Knowledge/Experience,Driving Skills/Knowledge/Experience,Darkness / Lighted Road,Clear,Dry,Y,,,,,Traffic Signal,Functioning Properly,N,3,41.8942278,-87.8052258,ok,(UNK),1,2205735,2022,,15,15,50000 and OVER,9,4295,Oak Park,C,Urban Other Principal Arte,,16,18,11890268,9,Cook,0,22,,,7,N,Yes,Free Flow,202201298795,City,5,27.03000069,Y,,,,(UNK),884197,(N/A),(UNK),No Defects,1,1,Other Principal Arterial,3,5043,X002763221,Not Toll,73,3,4,Not Divided,1,2939514.862401,1912829.2173956,41.89422,-87.80522,,Urban,1,N,(N/A),Y,(N/A)