crash_year,crash_date,day_of_week,crash_hour,time_of_crash,crash_severity,crash_injury_severity,total_injured,total_fatals,a_injuries,b_injuries,c_injuries,no_injuries,type_of_first_crash,collision_type_code,pedestrian_involved,pedalcyclist_involved,cause1,cause2,lighting_cond,weather_cond,road_surface_cond,intersection_related,is_intersection,highway_or_street_name,at_intersection_with,address_no,traffic_control_device,traffic_control_device_cond,hit_and_run,number_of_vehicles,latitude,longitude,location_status,access_control,agency_code,agency_report_number,agency_report_year,alignment_code,cause1_code,cause2_code,city_class,city_class_code,city_code,city_name,city_township_flag,class_of_trafficway,class_of_trafficway_code,county_code,crash_day,crash_id,crash_month,crash_report_county,crash_severity_cd,crash_yr_source,damaged_property1,damaged_property2,day_of_week_code,did_crash_occur_in_work_zone,did_involve_secondary_crash,flow_condition,icn,investigating_agency_descrip,light_condition_code,mile_station,nhs,non_intersection_direction,non_intersection_distance,non_intersection_units,number_of_lanes,objectid,railroad_crossing_number,road_alignment,road_defects,road_defects_code,road_surface_condition_code,roadway_functional_class,roadway_functional_class_code,route_number,sfe,toll,township,traffic_control_device_code,traffic_control_device_cond_code,trafficway_descrip,trafficway_description_code,ts_crash_coordinate_x,ts_crash_coordinate_y,ts_crash_latitude,ts_crash_longitude,type_report,urban_rural,weather_code,were_workers_present,work_zone,work_zone_related,work_zone_type
2022,2022-09-16,Friday,15,03:42 PM,Injury,C Injury Crash,1,0,0,0,1,1,Front to Rear,11,N,N,Following Too Closely,Failing to Reduce Speed to Avoid Crash,Daylight,Clear,Dry,N,,,,,Stop Sign,Functioning Properly,N,2,41.9089683,-87.7965715,ok,(UNK),1,2205685,2022,,3,28,50000 and OVER,9,4295,Oak Park,C,Urban Other Principal Arte,,16,16,11890270,9,Cook,1,22,,,5,N,No,Slow,202201298797,City,1,129.6499939,Y,,,,(UNK),884198,(N/A),(UNK),No Defects,1,1,Other Principal Arterial,3,5064,X002763223,Not Toll,73,2,4,Divided With Median Barrier,3,2941722.75572144,1918265.94653735,41.90896049,-87.79656571,,Urban,1,N,(N/A),Y,(N/A)
2022,2022-02-19,Saturday,2,02:02 AM,Property Damage,No Injuries,0,0,0,0,0,2,Parked Motor Vehicle,9,N,N,Improper Lane Usage,Failing to Reduce Speed to Avoid Crash,Darkness / Lighted Road,Clear,Dry,N,,,,,No Controls,No Controls,Y,2,41.8910458,-87.7847856,ok,(UNK),1,2200902,2022,,20,28,50000 and OVER,9,4295,Oak Park,C,Urban Major Collector,,16,19,11649933,2,Cook,0,22,,,6,N,No,Free Flow,202201070876,City,5,0.74000001,N,,,,(UNK),884336,(N/A),(UNK),No Defects,1,1,Major Collector,5,2783,X002552533,Not Toll,73,1,1,"Divided, No Median Barrier",2,2945112.49644969,1911823.54576321,41.89103797,-87.78477983,,Urban,1,N,(N/A),Y,(N/A)
2022,2022-02-27,Sunday,18,06:11 PM,Property Damage,No Injuries,0,0,0,0,0,2,Front to Rear,11,N,N,Unable to Determine,(N/A),Darkness,Clear,Dry,Y,,,,,No Controls,No Controls,Y,2,41.8650841,-87.8002779,ok,(UNK),1,2201053,2022,,18,99,50000 and OVER,9,4295,Oak Park,C,Urban Other Principal Arte,,16,27,11649931,2,Cook,0,22,,,7,N,No,Stopped,202201070874,City,4,0,Y,,,,(UNK),884337,(N/A),(UNK),No Defects,1,1,Other Principal Arterial,3,,X002553653,Not Toll,52,1,1,"Divided, No Median Barrier",2,2941155.04744667,1902245.85668031,41.86507629,-87.80027215,,Urban,1,N,(N/A),Y,(N/A)
2022,2022-02-26,Saturday,9,09:07 AM,Property Damage,No Injuries,0,0,0,0,0,2,Angle,15,N,N,Failing to Yield Right of Way,Failing to Reduce Speed to Avoid Crash,Daylight,Clear,Dry,N,,,,,Stop Sign,Functioning Properly,N,2,41.8944979,-87.7897702,ok,(UNK),1,2201027,2022,,2,28,50000 and OVER,9,4295,Oak Park,C,Urban Minor Arterial,,16,26,11649929,2,Cook,0,22,,,6,N,No,Free Flow,202201070872,City,1,0,N,,,,(UNK),884339,(N/A),(UNK),No Defects,1,1,Minor Arterial,4,,X002553651,Not Toll,73,2,4,Not Divided,1,2943720.36172218,1913043.91083395,41.8944901,-87.78976442,,Urban,1,N,(N/A),Y,(N/A)
2022,2022-02-25,Friday,20,08:30 PM,Property Damage,No Injuries,0,0,0,0,0,3,Sideswipe Same Direction,12,N,N,Improper Lane Usage,Driving Skills/Knowledge/Experience,Darkness / Lighted Road,Clear,Dry,N,,,,,No Controls,No Controls,N,2,41.8885789,-87.7945137,ok,(UNK),1,2201035,2022,,20,15,50000 and OVER,9,4295,Oak Park,C,Urban Major Collector,,16,25,11649947,2,Cook,0,22,,,5,N,No,Slow,202201070884,City,5,5.53000021,N,,,,(UNK),884340,(N/A),(UNK),No Defects,1,1,Major Collector,5,2775,X002553646,Not Toll,73,1,1,"Divided, No Median Barrier",2,2942488.4704228,1910851.13525507,41.88857106,-87.79450794,,Urban,1,N,(N/A),Y,(N/A)
2022,2022-02-26,Saturday,13,01:08 PM,Property Damage,No Injuries,0,0,0,0,0,2,Turning,10,N,N,Failing to Yield Right of Way,(N/A),Daylight,Clear,Dry,N,,,,,No Controls,No Controls,N,2,41.8717816,-87.793978,ok,(UNK),1,2201032,2022,,2,99,50000 and OVER,9,4295,Oak Park,C,Urban Major Collector,,16,26,11649943,2,Cook,0,22,,,6,N,No,Free Flow,202201070880,City,1,6.71000004,N,,,,(UNK),884370,(N/A),(UNK),No Defects,1,1,Major Collector,5,2775,X002553642,Not Toll,73,1,1,"Divided, No Median Barrier",2,2942803.66915811,1904733.92476769,41.87177375,-87.79397222,,Urban,1,N,(N/A),Y,(N/A)
2022,2022-02-27,Sunday,13,01:55 PM,Property Damage,No Injuries,0,0,0,0,0,5,Turning,10,N,N,Improper Lane Usage,Failing to Reduce Speed to Avoid Crash,Daylight,Clear,Dry,Y,,,,,Traffic Signal,Functioning Properly,N,2,41.8817178,-87.7845158,ok,(UNK),1,2201051,2022,,20,28,50000 and OVER,9,4295,Oak Park,C,Urban Major Collector,,16,27,11649944,2,Cook,0,22,,,7,N,No,Free Flow,202201070881,City,1,0,N,,,,(UNK),884371,(N/A),(UNK),No Defects,1,1,Major Collector,5,,X002553643,Not Toll,73,3,4,Two-way Continuous Left-Tur,4,2945280.38400642,1908426.29706759,41.88171,-87.78451,,Urban,1,N,(N/A),Y,(N/A)
2022,2022-05-24,Tuesday,12,12:04 PM,Property Damage,No Injuries,0,0,0,0,0,2,Sideswipe Same Direction,12,N,N,Unable to Determine,Unable to Determine,Unknown,Unknown,Unknown,Y,,,,,Unknown,Unknown,Y,2,41.8650278,-87.8042158,ok,(UNK),1,22-04364,2022,,18,18,50000 and OVER,9,4295,Oak Park,C,Urban Other Principal Arte,,16,24,11748393,5,Cook,0,22,,,2,N,No,(UNK),202201164383,City,9,25.01000023,Y,,,,(UNK),884556,(N/A),(UNK),Unknown,99,9,Other Principal Arterial,3,5043,X002638642,Not Toll,52,99,9,Unknown,9,2940082.93081867,1902195.78557851,41.86502,-87.80421,,Urban,9,N,(N/A),N,(N/A)
2022,2022-08-10,Wednesday,13,01:30 PM,Property Damage,No Injuries,0,0,0,0,0,2,Sideswipe Same Direction,12,N,N,Improper Lane Usage,Driving Skills/Knowledge/Experience,Daylight,Clear,Dry,N,,,,,Other Regualtory Sig,Functioning Properly,Y,2,41.8709653,-87.7746494,ok,Partial Access Control,3,03-22-11486,2022,,20,15,50000 and OVER,9,4295,Oak Park,C,Urban InterState,,16,10,11844410,8,Cook,0,22,,,3,N,No,(UNK),202201256110,ISP,1,9.18999958,Y,,,,(UNK),884711,(N/A),(UNK),No Defects,1,1,InterState,1,290,X002722938,Not Toll,73,10,4,Divided With Median Barrier,3,2948076.58102405,1904582.6611681,41.8709575,-87.77464363,,Urban,1,N,(N/A),Y,(N/A)
2022,2022-06-28,Tuesday,14,02:09 PM,Property Damage,No Injuries,0,0,0,0,0,2,Sideswipe Opposite Direction,13,N,N,Failing to Reduce Speed to Avoid Crash,Improper Lane Usage,Daylight,Clear,Dry,Y,,,,,Traffic Signal,Functioning Properly,N,2,41.8799384,-87.7795378,ok,(UNK),1,2203758,2022,,28,20,50000 and OVER,9,4295,Oak Park,C,Urban Minor Arterial,,16,28,11793311,6,Cook,0,22,,,2,N,No,Free Flow,202201206577,City,1,0.55000001,N,,,,(UNK),885043,(N/A),(UNK),No Defects,1,1,Minor Arterial,4,3794,X002677612,Not Toll,73,3,4,"Divided, No Median Barrier",2,2946654.11124584,1907815.50596634,41.87993051,-87.77953197,,Urban,1,N,(N/A),Y,(N/A)
2022,2022-10-27,Thursday,0,00:15 AM,Property Damage,No Injuries,0,0,0,0,0,2,Turning,10,N,N,Improper Turning/No Signal,Driving Skills/Knowledge/Experience,Darkness,Clear,Dry,N,,,,,No Controls,No Controls,N,2,41.8735826,-87.8045231,ok,(UNK),1,22-03219,2022,,6,15,50000 and OVER,9,4295,Oak Park,C,Urban Other Principal Arte,,16,27,11942128,10,Cook,0,22,,,4,N,No,Free Flow,202201347398,City,4,20.09000015,Y,,,,(UNK),885161,(N/A),(UNK),No Defects,1,1,Other Principal Arterial,3,348,X002807896,Not Toll,73,1,1,Divided With Median Barrier,3,2939913.37744294,1905310.98697551,41.87357477,-87.80451735,,Urban,1,N,(N/A),Y,(N/A)
2022,2022-06-23,Thursday,8,08:48 AM,Property Damage,No Injuries,0,0,0,0,0,3,Front to Rear,11,N,N,Failing to Reduce Speed to Avoid Crash,Unable to Determine,Daylight,Clear,Dry,N,,,,,Pedestrian Crossing,Functioning Properly,N,2,41.8744204,-87.7842748,ok,(UNK),1,2203613,2022,,28,18,50000 and OVER,9,4295,Oak Park,C,Urban Major Collector,,16,23,11793468,6,Cook,0,22,,,4,N,No,Free Flow,202201206759,City,1,0,N,,,,(UNK),885583,(N/A),(UNK),No Defects,1,1,Major Collector,5,,X002677757,Not Toll,73,17,4,Not Divided,1,2945419.88051542,1905768.79220417,41.87441254,-87.78426898,,Urban,1,N,(N/A),Y,(N/A)
2022,2022-09-13,Tuesday,12,12:18 PM,Property Damage,No Injuries,0,0,0,0,0,2,Turning,10,N,N,Improper Turning/No Signal,(N/A),Daylight,Clear,Dry,N,,,,,No Controls,No Controls,N,2,41.9085166,-87.8057679,ok,(UNK),1,2201025,2022,,6,99,50000 and OVER,9,4295,Oak Park,C,Urban Other Principal Arte,,16,13,11890822,9,Cook,0,22,,,2,N,No,Free Flow,202201299218,City,1,17.68000031,Y,,,,(UNK),886134,(N/A),(UNK),No Defects,1,1,Other Principal Arterial,3,348,X002763581,Not Toll,73,1,1,Four Way,14,2939223.87594959,1918032.2578011,41.90850878,-87.80576213,,Urban,1,N,(N/A),Y,(N/A)
2022,2022-03-29,Tuesday,9,09:05 AM,Property Damage,No Injuries,0,0,0,0,0,2,Sideswipe Same Direction,12,N,N,Improper Overtaking/Passing,Improper Lane Usage,Daylight,Clear,Dry,N,,,,,Other,Functioning Properly,N,2,41.8716902,-87.7813011,ok,Partial Access Control,3,03-22-04227,2022,,4,20,50000 and OVER,9,4295,Oak Park,C,Urban InterState,,16,29,11687559,3,Cook,0,22,,,2,N,No,(UNK),202201107367,ISP,1,22.72999954,Y,,,,(UNK),886188,(N/A),(UNK),No Defects,1,1,InterState,1,9290,X002586053,Not Toll,73,13,4,Divided With Median Barrier,3,2946257.47569606,1904796.35688833,41.87168232,-87.78129526,,Urban,1,N,(N/A),Y,(N/A)
2022,2022-06-17,Friday,11,11:10 AM,Property Damage,No Injuries,0,0,0,0,0,3,Front to Rear,11,N,N,Failing to Reduce Speed to Avoid Crash,Following Too Closely,Daylight,Clear,Dry,N,,,,,Other,Functioning Properly,N,2,41.8737751,-87.8045293,ok,(UNK),3,03-22-08463,2022,,28,3,50000 and OVER,9,4295,Oak Park,C,Rural (UNK),,16,17,11793664,6,Cook,0,22,,,5,N,No,(UNK),202201207012,ISP,1,20.07999992,N,,,,(UNK),886214,(N/A),(UNK),No Defects,1,1,(UNK),0,348,X002677933,No Toll,73,13,4,Divided With Median Barrier,3,2939909.7687774,1905381.09776153,41.87376728,-87.8045235,,Rural,1,N,(N/A),Y,(N/A)
2022,2022-08-05,Friday,21,09:23 PM,Property Damage,No Injuries,0,0,0,0,0,2,Sideswipe Same Direction,12,N,N,Improper Lane Usage,Driving Skills/Knowledge/Experience,Darkness / Lighted Road,Clear,Dry,N,,,,,Other,Functioning Properly,Y,2,41.871354,-87.7762741,ok,Partial Access Control,3,03-22-11151,2022,,20,15,50000 and OVER,9,4295,Oak Park,C,Urban InterState,,16,5,11844487,8,Cook,0,22,,,5,N,No,(UNK),202201256183,ISP,5,22.98999977,Y,,,,(UNK),886395,(N/A),(UNK),No Defects,1,1,InterState,1,9290,X002723013,Not Toll,73,13,4,Divided With Median Barrier,3,2947630.11658112,1904711.9782269,41.8713462,-87.77626827,,Urban,1,N,(N/A),Y,(N/A)
2022,2022-09-20,Tuesday,8,08:00 AM,Property Damage,No Injuries,0,0,0,0,0,2,Front to Rear,11,N,N,Following Too Closely,Failing to Reduce Speed to Avoid Crash,Daylight,Clear,Dry,N,,,,,Other Warning Sign,Functioning Properly,N,2,41.8712453,-87.7746232,ok,Partial Access Control,3,03-22-13525,2022,,3,28,50000 and OVER,9,4295,Oak Park,C,Urban InterState,,16,20,11890942,9,Cook,0,22,,,2,N,No,(UNK),202201299355,ISP,1,23.06999969,Y,,,,(UNK),886627,(N/A),(UNK),No Defects,1,1,InterState,1,9290,X002763690,Not Toll,73,11,4,Divided With Median Barrier,3,2948080.86793964,1904684.88265082,41.87123746,-87.77461744,,Urban,1,N,(N/A),Y,(N/A)
2022,2022-05-21,Saturday,2,02:57 AM,Property Damage,No Injuries,0,0,0,0,0,2,Fixed Object,6,N,N,Under Influence of Alcohol/Drugs,Failing to Reduce Speed to Avoid Crash,Darkness / Lighted Road,Rain,Wet,N,,,,,No Controls,No Controls,N,1,41.8717819,-87.7854201,ok,Partial Access Control,3,03-22-06977,2022,,8,28,50000 and OVER,9,4295,Oak Park,C,Urban InterState,,16,21,11749076,5,Cook,0,22,,,6,N,No,(UNK),202201165047,ISP,5,8.64000034,Y,,,,(UNK),887712,(N/A),(UNK),No Defects,1,2,InterState,1,290,X002639288,Not Toll,,1,1,Divided With Median Barrier,3,2945134.63406802,1904798.63160178,41.87177409,-87.78541427,,Urban,2,N,(N/A),Y,(N/A)
2022,2022-05-26,Thursday,6,06:35 AM,Property Damage,No Injuries,0,0,0,0,0,2,Turning,10,N,N,Failing to Yield Right of Way,(N/A),Daylight,Cloudy/Overcast,Wet,Y,,,,,Traffic Signal,Functioning Properly,Y,2,41.8736414,-87.8045242,ok,Partial Access Control,1,22-01525,2022,,2,99,50000 and OVER,9,4295,Oak Park,C,Urban InterState,,16,26,11749187,5,Cook,0,22,,,4,Y,No,Slow,202201165150,City,1,25.61000061,Y,,,,(UNK),888058,(N/A),(UNK),Other,10,2,InterState,1,5043,X002639393,Not Toll,73,3,4,Divided With Median Barrier,3,2939912.49131558,1905332.41235343,41.87363358,-87.80451843,,Urban,8,N,Construction,N,Construction Work Zone
2022,2022-03-01,Tuesday,17,05:47 PM,Property Damage,No Injuries,0,0,0,0,0,2,Front to Rear,11,N,N,Following Too Closely,Unable to Determine,Darkness / Lighted Road,Clear,Dry,Y,,,,,Traffic Signal,Functioning Properly,N,2,41.8759848,-87.8045957,ok,(UNK),1,22-00666,2022,,3,18,50000 and OVER,9,4295,Oak Park,C,Urban Other Principal Arte,,16,1,11651103,3,Cook,0,22,,,2,N,No,Slow,202201072135,City,5,25.77000046,Y,,,,(UNK),888868,(N/A),(UNK),No Defects,1,1,Other Principal Arterial,3,5043,X002554658,Not Toll,73,3,4,"Divided, No Median Barrier",2,2939869.50119732,1906185.86092955,41.87597701,-87.80458994,,Urban,1,N,(N/A),Y,(N/A)
2022,2022-06-24,Friday,15,03:02 PM,Property Damage,No Injuries,0,0,0,0,0,2,Front to Rear,11,N,N,Failing to Reduce Speed to Avoid Crash,Following Too Closely,Daylight,Clear,Dry,N,,,,,Other,Functioning Properly,N,2,41.8734979,-87.8044164,ok,Partial Access Control,3,03-22-08887,2022,,28,3,50000 and OVER,9,4295,Oak Park,C,Urban InterState,,16,24,11794365,6,Cook,0,22,,,5,N,No,(UNK),202201207787,ISP,1,7.69999981,Y,,,,(UNK),888954,(N/A),(UNK),No Defects,1,1,InterState,1,290,X002678602,Not Toll,73,13,4,Divided With Median Barrier,3,2939943.29894364,1905280.90974174,41.87349003,-87.80441061,,Urban,1,N,(N/A),Y,(N/A)
2022,2022-08-07,Sunday,14,02:15 PM,Injury,C Injury Crash,1,0,0,0,1,3,Front to Rear,11,N,N,Following Too Closely,Failing to Reduce Speed to Avoid Crash,Daylight,Rain,Wet,N,,,,,No Controls,No Controls,N,3,41.8722908,-87.7882727,ok,Partial Access Control,3,03-22-11240,2022,,3,28,50000 and OVER,9,4295,Oak Park,C,Urban InterState,,16,7,11844566,8,Cook,1,22,,,7,N,No,(UNK),202201256261,ISP,1,22.37000084,Y,,,,(UNK),889331,(N/A),(UNK),No Defects,1,2,InterState,1,9290,X002723090,Not Toll,73,1,1,Divided With Median Barrier,3,2944352.5,1904962.5,41.87228291,-87.78826693,,Urban,2,N,(N/A),Y,(N/A)
2022,2022-06-30,Thursday,20,08:45 PM,Property Damage,No Injuries,0,0,0,0,0,4,Rear to Front,18,N,N,Equipment-Vehicle Condition,Driving Skills/Knowledge/Experience,Darkness / Lighted Road,Clear,Dry,Y,,,,,Traffic Signal,Functioning Properly,N,2,41.8736416,-87.8045258,ok,Partial Access Control,1,22-01972,2022,,10,15,50000 and OVER,9,4295,Oak Park,C,Urban InterState,,16,30,11794410,6,Cook,0,22,,,4,Y,No,Slow,202201207834,City,5,25.61000061,Y,,,,(UNK),889487,(N/A),(UNK),No Defects,1,1,InterState,1,5043,X002678647,Not Toll,73,3,4,Divided With Median Barrier,3,2939912.062394,1905332.46992192,41.87363377,-87.80452,,Urban,1,N,Construction,Y,Construction Work Zone
2022,2022-02-28,Monday,15,03:06 PM,Property Damage,No Injuries,0,0,0,0,0,6,Front to Rear,11,N,N,Following Too Closely,Failing to Reduce Speed to Avoid Crash,Daylight,Clear,Dry,N,,,,,Traffic Signal,Functioning Properly,N,4,41.8997369,-87.7947988,ok,(UNK),1,2201070,2022,,3,28,50000 and OVER,9,4295,Oak Park,C,Urban Major Collector,,16,28,11651371,2,Cook,0,22,,,1,N,No,Slow,202201072404,City,1,0,N,,,,(UNK),889863,(N/A),(UNK),No Defects,1,1,Major Collector,5,,X002554899,Not Toll,73,3,4,Not Divided,1,2942298.38014028,1914915.15862276,41.89972901,-87.79479301,,Urban,1,N,(N/A),Y,(N/A)
2022,2022-09-19,Monday,10,10:36 AM,Property Damage,No Injuries,0,0,0,0,0,2,Angle,15,N,N,Failing to Yield Right of Way,Failing to Reduce Speed to Avoid Crash,Daylight,Clear,Dry,N,,,,,No Controls,No Controls,N,2,41.8800124,-87.7749975,ok,(UNK),1,2205742,2022,,2,28,50000 and OVER,9,4295,Oak Park,C,Urban Minor Arterial,,16,19,11891774,9,Cook,0,22,,,1,N,No,Free Flow,202201300297,City,1,4.5999999,N,,,,(UNK),890151,(N/A),(UNK),No Defects,1,1,Minor Arterial,4,1419,X002764472,Not Toll,73,1,1,Not Divided,1,2947889.86507203,1907876.9346416,41.88000455,-87.77499166,,Urban,1,N,(N/A),Y,(N/A)
2022,2022-09-18,Sunday,22,10:00 PM,Property Damage,No Injuries,0,0,0,0,0,2,Turning,10,N,N,Failing to Yield Right of Way,Failing to Reduce Speed to Avoid Crash,Darkness / Lighted Road,Unknown,Unknown,Y,,,,,Traffic Signal,Functioning Properly,N,2,41.9015578,-87.8055258,ok,(UNK),1,2205748,2022,,2,28,50000 and OVER,9,4295,Oak Park,C,Urban Other Principal Arte,,16,18,11891771,9,Cook,0,22,,,7,N,No,Slow,202201300294,City,5,27.54000092,Y,,,,(UNK),890152,(N/A),(UNK),Unknown,99,9,Other Principal Arterial,3,5043,X002764469,Not Toll,73,3,4,"Divided, No Median Barrier",2,2939359.62550676,1915498.15890809,41.90155,-87.80552,,Urban,9,N,(N/A),N,(N/A)
2022,2022-05-12,Thursday,16,04:00 PM,Property Damage,No Injuries,0,0,0,0,0,2,Front to Rear,11,N,N,Following Too Closely,Failing to Reduce Speed to Avoid Crash,Daylight,Clear,Dry,N,,,,,Other,Functioning Properly,N,2,41.8709499,-87.7744013,ok,Partial Access Control,3,03-22-07086,2022,,3,28,50000 and OVER,9,4295,Oak Park,C,Urban InterState,,16,12,11749989,5,Cook,0,22,,,4,N,No,(UNK),202201165757,ISP,1,9.19999981,Y,,,,(UNK),890992,(N/A),(UNK),No Defects,1,1,InterState,1,290,X002639905,Not Toll,73,13,4,Divided With Median Barrier,3,2948144.30925301,1904578.91934712,41.87094206,-87.77439555,,Urban,1,N,(N/A),Y,(N/A)
2022,2022-09-16,Friday,8,08:10 AM,Property Damage,No Injuries,0,0,0,0,0,2,Sideswipe Same Direction,12,N,N,Improper Lane Usage,Failing to Reduce Speed to Avoid Crash,Daylight,Clear,Dry,N,,,,,Other,Functioning Properly,N,2,41.8712836,-87.7796819,ok,Partial Access Control,3,03-22-13299,2022,,20,28,50000 and OVER,9,4295,Oak Park,C,Urban InterState,,16,16,11892074,9,Cook,0,22,,,5,N,No,(UNK),202201300609,ISP,1,8.93999958,Y,,,,(UNK),891348,(N/A),(UNK),No Defects,1,1,InterState,1,290,X002764739,Not Toll,,13,4,Divided With Median Barrier,3,2946702.6214186,1904660.45750878,41.87127574,-87.77967609,,Urban,1,N,(N/A),Y,(N/A)
2022,2022-04-03,Sunday,19,07:30 PM,Property Damage,No Injuries,0,0,0,0,0,2,Turning,10,N,N,Improper Turning/No Signal,Driving Skills/Knowledge/Experience,Darkness,Clear,Dry,N,,,,,No Controls,No Controls,N,2,41.8792695,-87.804717,ok,(UNK),1,22-00992,2022,,6,15,50000 and OVER,9,4295,Oak Park,C,Urban Other Principal Arte,,16,3,11688273,4,Cook,0,22,,,7,N,No,Free Flow,202201108112,City,4,19.70999908,Y,,,,(UNK),891746,(N/A),(UNK),No Defects,1,1,Other Principal Arterial,3,348,X002586736,Not Toll,73,1,1,"Divided, No Median Barrier",2,2939803.52732152,1907381.95049745,41.87926169,-87.80471116,,Urban,1,N,(N/A),Y,(N/A)
2022,2022-04-04,Monday,5,05:19 AM,Property Damage,No Injuries,0,0,0,0,0,2,Rear to Front,18,N,N,Improper Backing,Unable to Determine,Daylight,Clear,Dry,N,,,,,Other,Functioning Properly,Y,2,41.866544,-87.8042639,ok,(UNK),1,22-01003,2022,,30,18,50000 and OVER,9,4295,Oak Park,C,Urban Other Principal Arte,,16,4,11688274,4,Cook,0,22,,,1,N,No,Stopped,202201108113,City,1,20.57999992,Y,,,,(UNK),891747,(N/A),(UNK),No Defects,1,1,Other Principal Arterial,3,348,X002586737,Not Toll,73,13,4,"Divided, No Median Barrier",2,2940054.60330723,1902747.95357086,41.8665362,-87.80425815,,Urban,1,N,(N/A),Y,(N/A)
2022,2022-10-28,Friday,23,11:59 PM,Property Damage,No Injuries,0,0,0,0,0,5,Turning,10,N,N,Disregarding Traffic Signals,Failing to Reduce Speed to Avoid Crash,Darkness,Clear,Dry,Y,,,,,Traffic Signal,Functioning Properly,N,2,41.865028,-87.8042158,ok,(UNK),1,22-03243,2022,,25,28,50000 and OVER,9,4295,Oak Park,C,Urban Other Principal Arte,,16,28,11943692,10,Cook,0,22,,,5,N,No,Free Flow,202201348917,City,4,25.01000023,Y,,,,(UNK),892254,(N/A),(UNK),No Defects,1,1,Other Principal Arterial,3,5043,X002809431,Not Toll,52,3,4,"Divided, No Median Barrier",2,2940082.92801529,1902195.8414043,41.86502015,-87.80421001,,Urban,1,N,(N/A),Y,(N/A)
2022,2022-04-02,Saturday,19,07:52 PM,Property Damage,No Injuries,0,0,0,0,0,2,Front to Rear,11,N,N,Failing to Reduce Speed to Avoid Crash,Unable to Determine,Darkness,Clear,Wet,Y,,,,,Traffic Signal,Functioning Properly,N,2,41.879719,-87.7942755,ok,(UNK),1,2201763,2022,,28,18,50000 and OVER,9,4295,Oak Park,C,Urban Minor Arterial,,16,2,11688567,4,Cook,0,22,,,6,N,No,Slow,202201108393,City,4,6.15999985,N,,,,(UNK),893187,(N/A),(UNK),No Defects,1,2,Minor Arterial,4,2775,X002586959,Not Toll,73,3,4,Not Divided,1,2942642.63895384,1907624.2199316,41.87971116,-87.79426974,,Urban,1,N,(N/A),Y,(N/A)
2022,2022-04-01,Friday,13,01:33 PM,Injury,C Injury Crash,1,0,0,0,1,1,Front to Rear,11,N,N,Failing to Reduce Speed to Avoid Crash,Under Influence of Alcohol/Drugs,Daylight,Clear,Dry,N,,,,,No Controls,No Controls,N,2,41.8946095,-87.7820921,ok,(UNK),1,2201734,2022,,28,8,50000 and OVER,9,4295,Oak Park,C,Urban Minor Arterial,,16,1,11688564,4,Cook,1,22,,,5,N,No,Free Flow,202201108390,City,1,3.76999998,N,,,,(UNK),893188,(N/A),(UNK),No Defects,1,1,Minor Arterial,4,1398,X002586955,Not Toll,73,1,1,Not Divided,1,2945809.80520572,1913142.59508427,41.89460163,-87.78208633,,Urban,1,N,(N/A),Y,(N/A)
2022,2022-04-01,Friday,16,04:36 PM,Injury,C Injury Crash,1,0,0,0,1,3,Front to Rear,11,N,N,Failing to Reduce Speed to Avoid Crash,Unable to Determine,Daylight,Clear,Dry,N,,,,,No Controls,No Controls,N,3,41.8744637,-87.8045446,ok,(UNK),1,2201738,2022,,28,18,50000 and OVER,9,4295,Oak Park,C,Urban Other Principal Arte,,16,1,11688560,4,Cook,1,22,,,5,N,No,Stopped,202201108386,City,1,20.03000069,Y,,,,(UNK),893203,(N/A),(UNK),No Defects,1,1,Other Principal Arterial,3,348,X002586951,Not Toll,73,1,1,Not Divided,1,2939898.69062261,1905631.89577283,41.87445582,-87.80453881,,Urban,1,N,(N/A),Y,(N/A)
2022,2022-04-02,Saturday,15,03:51 PM,Property Damage,No Injuries,0,0,0,0,0,1,Parked Motor Vehicle,9,N,N,Driving Skills/Knowledge/Experience,(N/A),Daylight,Rain,Wet,N,,,,,No Controls,No Controls,N,2,41.865176,-87.7938532,ok,(UNK),1,2201760,2022,,15,99,50000 and OVER,9,4295,Oak Park,C,Urban Other Principal Arte,,16,2,11688557,4,Cook,0,22,,,6,N,No,Free Flow,202201108383,City,1,6.51999998,Y,,,,(UNK),893204,(N/A),(UNK),No Defects,1,2,Other Principal Arterial,3,347,X002586947,Not Toll,52,1,1,"Divided, No Median Barrier",2,2942904.25164842,1902327.67905881,41.86516818,-87.79384736,,Urban,2,N,(N/A),Y,(N/A)
2022,2022-04-01,Friday,16,04:45 PM,Property Damage,No Injuries,0,0,0,0,0,3,Sideswipe Opposite Direction,13,N,N,Improper Lane Usage,Unable to Determine,Daylight,Clear,Dry,Y,,,,,No Controls,No Controls,Y,2,41.8922091,-87.8051682,ok,(UNK),1,2200333,2022,,20,18,50000 and OVER,9,4295,Oak Park,C,Urban Other Principal Arte,,16,1,11688575,4,Cook,0,22,,,5,N,No,Free Flow,202201108401,City,1,26.88999939,Y,,,,(UNK),893206,(N/A),(UNK),No Defects,1,1,Other Principal Arterial,3,5043,X002586968,Not Toll,73,1,1,Not Divided,1,2939550.81775379,1912093.9893488,41.89220128,-87.80516235,,Urban,1,N,(N/A),Y,(N/A)