crash_year,crash_date,day_of_week,crash_hour,time_of_crash,crash_severity,crash_injury_severity,total_injured,total_fatals,a_injuries,b_injuries,c_injuries,no_injuries,type_of_first_crash,collision_type_code,pedestrian_involved,pedalcyclist_involved,cause1,cause2,lighting_cond,weather_cond,road_surface_cond,intersection_related,is_intersection,highway_or_street_name,at_intersection_with,address_no,traffic_control_device,traffic_control_device_cond,hit_and_run,number_of_vehicles,latitude,longitude,location_status,access_control,agency_code,agency_report_number,agency_report_year,alignment_code,cause1_code,cause2_code,city_class,city_class_code,city_code,city_name,city_township_flag,class_of_trafficway,class_of_trafficway_code,county_code,crash_day,crash_id,crash_month,crash_report_county,crash_severity_cd,crash_yr_source,damaged_property1,damaged_property2,day_of_week_code,did_crash_occur_in_work_zone,did_involve_secondary_crash,flow_condition,icn,investigating_agency_descrip,light_condition_code,mile_station,nhs,non_intersection_direction,non_intersection_distance,non_intersection_units,number_of_lanes,objectid,railroad_crossing_number,road_alignment,road_defects,road_defects_code,road_surface_condition_code,roadway_functional_class,roadway_functional_class_code,route_number,sfe,toll,township,traffic_control_device_code,traffic_control_device_cond_code,trafficway_descrip,trafficway_description_code,ts_crash_coordinate_x,ts_crash_coordinate_y,ts_crash_latitude,ts_crash_longitude,type_report,urban_rural,weather_code,were_workers_present,work_zone,work_zone_related,work_zone_type
2022,2022-04-01,Friday,18,06:34 PM,Property Damage,No Injuries,0,0,0,0,0,2,Other Object,7,N,N,Unable to Determine,Driving Skills/Knowledge/Experience,Daylight,Clear,Dry,N,,,,,No Controls,No Controls,Y,1,41.8854509,-87.798304,ok,(UNK),1,2201747,2022,,18,15,50000 and OVER,9,4295,Oak Park,C,Urban Local Road or Street,,16,1,11688571,4,Cook,0,22,TREE,HOUSE,5,N,No,Free Flow,202201108426,City,1,0.08,N,,,,(UNK),893207,(N/A),(UNK),No Defects,1,1,Local Road or Street,7,3030,X002586963,Not Toll,73,1,1,Not Divided,1,2941487.85232652,1909682.70372551,41.88544304,-87.79829819,,Urban,1,N,(N/A),Y,(N/A)
2022,2022-04-02,Saturday,17,05:03 PM,Property Damage,No Injuries,0,0,0,0,0,2,Angle,15,N,N,Failing to Yield Right of Way,Unable to Determine,Daylight,Snow,Wet,Y,,,,,Stop Sign,Functioning Properly,N,2,41.899921,-87.783802,ok,(UNK),1,2201761,2022,,2,18,50000 and OVER,9,4295,Oak Park,C,Urban Local Road or Street,,16,2,11688572,4,Cook,0,22,,,6,N,No,Free Flow,202201108397,City,1,0,N,,,,(UNK),893208,(N/A),(UNK),No Defects,1,2,Local Road or Street,7,,X002586964,Not Toll,73,2,4,Four Way,14,2945290.45010635,1915065.292322,41.8999132,-87.78379622,,Urban,3,N,(N/A),Y,(N/A)
2022,2022-04-01,Friday,8,08:44 AM,Property Damage,No Injuries,0,0,0,0,0,2,Parked Motor Vehicle,9,N,N,Failing to Reduce Speed to Avoid Crash,(N/A),Daylight,Clear,Dry,N,,,,,No Controls,No Controls,N,2,41.8661658,-87.788876,ok,(UNK),1,2201729,2022,,28,99,50000 and OVER,9,4295,Oak Park,C,Urban Minor Collector,,16,1,11688569,4,Cook,0,22,,,5,N,No,Free Flow,202201108395,City,1,1.55999994,N,,,,(UNK),893209,(N/A),(UNK),No Defects,1,1,Minor Collector,6,2779,X002586961,Not Toll,73,1,1,"Divided, No Median Barrier",2,2944250.05352714,1902725.90919034,41.86615797,-87.78887018,,Urban,1,N,(N/A),Y,(N/A)
2022,2022-03-02,Wednesday,5,05:01 AM,Property Damage,No Injuries,0,0,0,0,0,1,Parked Motor Vehicle,9,N,N,Driving Skills/Knowledge/Experience,Driving Skills/Knowledge/Experience,Darkness / Lighted Road,Clear,Dry,N,,,,,No Controls,No Controls,Y,2,41.8829325,-87.7943358,ok,(UNK),1,2201104,2022,,15,15,50000 and OVER,9,4295,Oak Park,C,Urban Major Collector,,16,2,11652551,3,Cook,0,22,,,3,N,Yes,Slow,202201073994,City,5,5.92999983,N,,,,(UNK),894699,(N/A),(UNK),No Defects,1,1,Major Collector,5,2775,X002555914,Not Toll,73,1,1,Not Divided,1,2942593.83868374,1908794.83632755,41.8829247,-87.79433,,Urban,1,N,(N/A),Y,(N/A)
2022,2022-03-01,Tuesday,14,02:00 PM,Property Damage,No Injuries,0,0,0,0,0,2,Front to Rear,11,N,N,Failing to Reduce Speed to Avoid Crash,Following Too Closely,Daylight,Clear,Dry,N,,,,,No Controls,No Controls,N,2,41.8801423,-87.784448,ok,(UNK),1,2201089,2022,,28,3,50000 and OVER,9,4295,Oak Park,C,Urban Major Collector,,16,1,11652550,3,Cook,0,22,,,2,N,No,Free Flow,202201073993,City,1,1.5,N,,,,(UNK),894700,(N/A),(UNK),No Defects,1,1,Major Collector,5,2783,X002555913,Not Toll,73,1,1,Not Divided,1,2945314.79879473,1907852.66654115,41.88013449,-87.78444218,,Urban,1,N,(N/A),Y,(N/A)
2022,2022-03-01,Tuesday,22,10:03 PM,Property Damage,No Injuries,0,0,0,0,0,2,Front to Rear,11,N,N,Failing to Reduce Speed to Avoid Crash,(N/A),Darkness / Lighted Road,Cloudy/Overcast,Dry,Y,,,,,Traffic Signal,Functioning Properly,N,2,41.8726275,-87.7842258,ok,(UNK),1,2201099,2022,,28,99,50000 and OVER,9,4295,Oak Park,C,Urban Major Collector,,16,1,11652555,3,Cook,0,22,,,2,N,No,Free Flow,202201073996,City,5,0,N,,,,(UNK),894741,(N/A),(UNK),No Defects,1,1,Major Collector,5,,X002555912,Not Toll,73,3,4,"Divided, No Median Barrier",2,2945451.36849264,1905115.81451492,41.87261969,-87.78421999,,Urban,8,N,(N/A),Y,(N/A)
2022,2022-02-13,Sunday,21,09:27 PM,Injury,C Injury Crash,3,0,0,0,3,0,Parked Motor Vehicle,9,N,N,Under Influence of Alcohol/Drugs,Improper Lane Usage,Darkness / Lighted Road,Clear,Dry,N,,,,,No Controls,No Controls,N,2,41.894439,-87.7933576,ok,(UNK),1,2200790,2022,,8,20,50000 and OVER,9,4295,Oak Park,C,Urban Minor Arterial,,16,13,11652802,2,Cook,1,22,,,7,N,Yes,Free Flow,202201074370,City,5,3.17000008,N,,,,(UNK),895837,(N/A),(UNK),No Defects,1,1,Minor Arterial,4,1398,X002556111,Not Toll,73,1,1,Not Divided,1,2942744.18263558,1912995.37376485,41.89443115,-87.79335183,,Urban,1,N,(N/A),Y,(N/A)
2022,2022-10-30,Sunday,22,10:53 PM,Property Damage,No Injuries,0,0,0,0,0,2,Angle,15,N,N,Failing to Yield Right of Way,Weather,Darkness / Lighted Road,Rain,Wet,N,,,,,Stop Sign,No Controls,N,2,41.8650353,-87.8036956,ok,(UNK),1,22-09424,2022,,2,11,50000 and OVER,9,4295,Oak Park,C,Urban Other Principal Arte,,16,30,11944325,10,Cook,0,22,,,7,N,No,Slow,202201349533,City,5,6.01000023,Y,,,,(UNK),896123,(N/A),(UNK),No Defects,1,2,Other Principal Arterial,3,347,X002810048,Not Toll,73,2,1,Not Divided,1,2940224.56414586,1902202.40681101,41.86502746,-87.80368979,,Urban,2,N,(N/A),Y,(N/A)
2022,2022-09-20,Tuesday,15,03:09 PM,Property Damage,No Injuries,0,0,0,0,0,2,Front to Rear,11,N,N,Failing to Reduce Speed to Avoid Crash,(N/A),Daylight,Clear,Dry,N,,,,,No Controls,No Controls,Y,2,41.8800311,-87.7831438,ok,(UNK),1,2205783,2022,,28,99,50000 and OVER,9,4295,Oak Park,C,Urban Minor Arterial,,16,20,11893087,9,Cook,0,22,,,2,N,No,Stopped,202201301645,City,1,0,N,,,,(UNK),897264,(N/A),(UNK),No Defects,1,1,Minor Arterial,4,,X002765690,Not Toll,73,1,1,"Divided, No Median Barrier",2,2945671.11555502,1907822.00423079,41.88002328,-87.78313796,,Urban,1,N,(N/A),Y,(N/A)
2022,2022-09-20,Tuesday,18,06:08 PM,Property Damage,No Injuries,0,0,0,0,0,3,Sideswipe Same Direction,12,N,N,Improper Overtaking/Passing,Failing to Reduce Speed to Avoid Crash,Daylight,Clear,Dry,N,,,,,No Controls,No Controls,N,2,41.8732011,-87.7940197,ok,(UNK),1,2205788,2022,,4,28,50000 and OVER,9,4295,Oak Park,C,Urban Major Collector,,16,20,11893088,9,Cook,0,22,,,2,N,No,Free Flow,202201301647,City,1,6.5999999,N,,,,(UNK),897265,(N/A),(UNK),No Defects,1,1,Major Collector,5,2775,X002765691,Not Toll,73,1,1,"Divided, No Median Barrier",2,2942778.01888557,1905250.91173834,41.87319328,-87.79401387,,Urban,1,N,(N/A),Y,(N/A)
2022,2022-09-20,Tuesday,6,06:59 AM,Property Damage,No Injuries,0,0,0,0,0,1,Parked Motor Vehicle,9,N,N,Failing to Reduce Speed to Avoid Crash,Unable to Determine,Daylight,Clear,Dry,N,,,,,No Controls,No Controls,N,3,41.8901725,-87.7979113,ok,(UNK),1,2205767,2022,,28,18,50000 and OVER,9,4295,Oak Park,C,Urban Local Road or Street,,16,20,11893089,9,Cook,0,22,,,2,N,No,Slow,202201301648,City,1,0.11,N,,,,(UNK),897266,(N/A),(UNK),No Defects,1,1,Local Road or Street,7,3060,X002765692,Not Toll,73,1,1,Not Divided,1,2941547.2762254,1911406.2993537,41.89016465,-87.79790546,,Urban,1,N,(N/A),Y,(N/A)
2022,2022-09-20,Tuesday,8,08:37 AM,Injury,B Injury Crash,1,0,0,1,0,2,Front to Rear,11,N,N,Failing to Reduce Speed to Avoid Crash,(N/A),Daylight,Clear,Dry,N,,,,,No Controls,No Controls,N,2,41.8695282,-87.7841142,ok,(UNK),1,2205771,2022,,28,99,50000 and OVER,9,4295,Oak Park,C,Urban Major Collector,,16,20,11893090,9,Cook,2,22,,,2,N,No,Slow,202201301649,City,1,2.24000001,N,,,,(UNK),897349,(N/A),(UNK),No Defects,1,1,Major Collector,5,2783,X002765693,Not Toll,73,1,1,"Divided, No Median Barrier",2,2945513.1341163,1903987.21858186,41.86952039,-87.78410837,,Urban,1,N,(N/A),Y,(N/A)
2022,2022-09-20,Tuesday,12,12:08 PM,Property Damage,No Injuries,0,0,0,0,0,4,Front to Rear,11,N,N,Failing to Reduce Speed to Avoid Crash,Unable to Determine,Daylight,Clear,Dry,N,,,,,No Controls,No Controls,N,3,41.879775,-87.8047372,ok,(UNK),1,2205774,2022,,28,18,50000 and OVER,9,4295,Oak Park,C,Urban Other Principal Arte,,16,20,11893091,9,Cook,0,22,,,2,N,No,Stopped,202201301650,City,1,19.67000008,Y,,,,(UNK),897350,(N/A),(UNK),No Defects,1,1,Other Principal Arterial,3,348,X002765694,Not Toll,73,1,1,Not Divided,1,2939792.94033388,1907565.99545944,41.87976715,-87.80473141,,Urban,1,N,(N/A),Y,(N/A)
2022,2022-10-30,Sunday,1,01:41 AM,Property Damage,No Injuries,0,0,0,0,0,1,Parked Motor Vehicle,9,N,N,Unable to Determine,Unable to Determine,Darkness / Lighted Road,Clear,Dry,N,,,,,No Controls,No Controls,Y,6,41.8702268,-87.7939186,ok,(UNK),1,2206755,2022,,18,18,50000 and OVER,9,4295,Oak Park,C,Urban Major Collector,,16,30,11944612,10,Cook,0,22,,,7,N,No,Free Flow,202201349827,City,5,6.82000017,N,,,,(UNK),897403,(N/A),(UNK),No Defects,1,1,Major Collector,5,2775,X002810317,Not Toll,73,1,1,Not Divided,1,2942835.51481699,1904167.76992693,41.87021894,-87.79391284,,Urban,1,N,(N/A),Y,(N/A)
2022,2022-03-03,Thursday,15,03:33 PM,Property Damage,No Injuries,0,0,0,0,0,3,Turning,10,N,N,Improper Overtaking/Passing,Improper Turning/No Signal,Daylight,Clear,Dry,Y,,,,,Traffic Signal,Functioning Properly,N,2,41.8736406,-87.8045173,ok,Partial Access Control,1,22-00696,2022,,4,6,50000 and OVER,9,4295,Oak Park,C,Urban InterState,,16,3,11653601,3,Cook,0,22,,,4,N,No,Stopped,202201074987,City,1,25.61000061,Y,,,,(UNK),899071,(N/A),(UNK),No Defects,1,1,InterState,1,5043,X002556637,Not Toll,73,3,4,Divided With Median Barrier,3,2939914.40015647,1905332.15615487,41.87363274,-87.80451146,,Urban,1,N,(N/A),Y,(N/A)
2022,2022-08-14,Sunday,12,12:33 PM,Property Damage,No Injuries,0,0,0,0,0,3,Front to Rear,11,N,N,Following Too Closely,Failing to Reduce Speed to Avoid Crash,Daylight,Clear,Dry,N,,,,,Other Warning Sign,Functioning Properly,Y,3,41.8734873,-87.8043079,ok,Partial Access Control,3,03-22-11590,2022,,3,28,50000 and OVER,9,4295,Oak Park,C,Urban InterState,,16,14,11845984,8,Cook,0,22,,,7,N,No,(UNK),202201257610,ISP,1,7.71000004,Y,,,,(UNK),899174,(N/A),(UNK),No Defects,1,1,InterState,1,290,X002724430,Not Toll,73,11,4,Divided With Median Barrier,3,2939972.95874459,1905277.87150574,41.87347946,-87.8043021,,Urban,1,N,(N/A),Y,(N/A)
2022,2022-03-02,Wednesday,10,10:11 AM,Property Damage,No Injuries,0,0,0,0,0,4,Angle,15,N,N,Unable to Determine,Unable to Determine,Daylight,Clear,Dry,Y,,,,,Stop Sign,Functioning Properly,N,2,41.8944478,-87.7928064,ok,(UNK),1,2201109,2022,,18,18,50000 and OVER,9,4295,Oak Park,C,Urban Minor Arterial,,16,2,11653953,3,Cook,0,22,,,3,N,No,Free Flow,202201075324,City,1,0,N,,,,(UNK),900578,(N/A),(UNK),No Defects,1,1,Minor Arterial,4,,X002556874,Not Toll,73,2,4,Not Divided,1,2942894.17739705,1913002.74946617,41.89443999,-87.79280062,,Urban,1,N,(N/A),Y,(N/A)
2022,2022-03-02,Wednesday,14,02:43 PM,Property Damage,No Injuries,0,0,0,0,0,3,Turning,10,N,N,Disregarding Traffic Signals,Vision Obscured,Daylight,Clear,Dry,Y,,,,,Traffic Signal,Functioning Properly,N,2,41.8907923,-87.8051197,ok,(UNK),1,2200233,2022,,25,14,50000 and OVER,9,4295,Oak Park,C,Urban Other Principal Arte,,16,2,11654002,3,Cook,0,22,,,3,N,No,Free Flow,202201075332,City,1,26.79999924,Y,,,,(UNK),900687,(N/A),(UNK),No Defects,1,1,Other Principal Arterial,3,5043,X002556880,Not Toll,73,3,4,T-Intersection,15,2939578.23438895,1911578.02856364,41.89078443,-87.80511388,,Urban,1,N,(N/A),Y,(N/A)
2022,2022-03-02,Wednesday,19,07:52 PM,Property Damage,No Injuries,0,0,0,0,0,1,Parked Motor Vehicle,9,N,N,Failing to Reduce Speed to Avoid Crash,Unable to Determine,Darkness / Lighted Road,Rain,Wet,N,,,,,No Controls,No Controls,N,2,41.883522,-87.804861,ok,(UNK),1,2201125,2022,,28,18,50000 and OVER,9,4295,Oak Park,C,Urban Other Principal Arte,,16,2,11653954,3,Cook,0,22,,,3,N,No,Free Flow,202201075325,City,5,19.40999985,Y,,,,(UNK),900688,(N/A),(UNK),No Defects,1,2,Other Principal Arterial,3,348,X002556875,Not Toll,73,1,1,Not Divided,1,2939721.63625634,1908930.56218428,41.8835142,-87.80485517,,Urban,2,N,(N/A),Y,(N/A)
2022,2022-03-02,Wednesday,20,08:25 PM,Property Damage,No Injuries,0,0,0,0,0,2,Front to Rear,11,N,N,Following Too Closely,Driving Skills/Knowledge/Experience,Darkness / Lighted Road,Rain,Wet,N,,,,,No Controls,No Controls,Y,2,41.8797876,-87.7844339,ok,(UNK),1,2201126,2022,,3,15,50000 and OVER,9,4295,Oak Park,C,Urban Major Collector,,16,2,11653956,3,Cook,0,22,,,3,N,No,Stopped,202201075327,City,5,1.52999997,N,,,,(UNK),900690,(N/A),(UNK),No Defects,1,2,Major Collector,5,2783,X002556877,Not Toll,73,1,1,Not Divided,1,2945322.22544086,1907723.50811989,41.87977978,-87.78442809,,Urban,2,N,(N/A),Y,(N/A)
2022,2022-09-22,Thursday,15,03:07 PM,Injury,B Injury Crash,2,0,0,1,1,0,Turning,10,N,N,Failing to Yield Right of Way,(N/A),Daylight,Clear,Dry,Y,,,,,No Controls,No Controls,N,2,41.8704895,-87.8043979,ok,(UNK),1,22-02857,2022,,2,99,50000 and OVER,9,4295,Oak Park,C,Urban Other Principal Arte,,16,22,11894034,9,Cook,2,22,,,4,N,No,Free Flow,202201302418,City,1,25.38999939,Y,,,,(UNK),901388,(N/A),(UNK),No Defects,1,1,Other Principal Arterial,3,5043,X002766391,Not Toll,73,1,1,Four Way,14,2939978.52149473,1904184.7508639,41.87048168,-87.80439212,,Urban,1,N,(N/A),Y,(N/A)
2022,2022-07-02,Saturday,18,06:41 PM,Property Damage,No Injuries,0,0,0,0,0,2,Turning,10,N,N,Failing to Yield Right of Way,Improper Lane Usage,Daylight,Clear,Dry,Y,,,,,No Controls,No Controls,Y,2,41.8704896,-87.8043985,ok,(UNK),1,22-01995,2022,,2,20,50000 and OVER,9,4295,Oak Park,C,Urban Other Principal Arte,,16,2,11796841,7,Cook,0,22,,,6,Y,No,Free Flow,202201210408,City,1,25.38999939,Y,,,,(UNK),901499,(N/A),(UNK),Other,10,1,Other Principal Arterial,3,5043,X002680864,Not Toll,73,1,1,Not Divided,1,2939978.35005203,1904184.78906019,41.8704818,-87.80439275,,Urban,1,N,Unknown,N,Unk. Work Zone Type
2022,2022-02-28,Monday,7,07:30 AM,Property Damage,No Injuries,0,0,0,0,0,6,Front to Rear,11,N,N,Failing to Reduce Speed to Avoid Crash,(N/A),Daylight,Clear,Dry,N,,,,,Other Regualtory Sig,Functioning Properly,N,2,41.8709466,-87.7746656,ok,Partial Access Control,3,03-22-02931,2022,,28,99,50000 and OVER,9,4295,Oak Park,C,Urban InterState,,16,28,11654176,2,Cook,0,22,,,1,N,No,(UNK),202201075539,ISP,1,9.18999958,Y,,,,(UNK),901536,(N/A),(UNK),No Defects,1,1,InterState,1,290,X002557110,Not Toll,,10,4,Divided With Median Barrier,3,2948072.35168876,1904575.69213614,41.87093871,-87.77465986,,Urban,1,N,(N/A),Y,(N/A)
2022,2022-08-09,Tuesday,19,07:10 PM,Property Damage,No Injuries,0,0,0,0,0,3,Angle,15,N,N,Failing to Yield Right of Way,Driving Skills/Knowledge/Experience,Dusk,Clear,Dry,N,,,,,No Controls,No Controls,N,2,41.8734562,-87.8045175,ok,(UNK),1,22-02405,2022,,2,15,50000 and OVER,9,4295,Oak Park,C,Urban Other Principal Arte,,16,9,11846589,8,Cook,0,22,,,2,N,No,Free Flow,202201258166,City,3,20.10000038,Y,,,,(UNK),901642,(N/A),(UNK),No Defects,1,1,Other Principal Arterial,3,348,X002724974,Not Toll,73,1,1,Divided With Median Barrier,3,2939916.19558312,1905264.94935,41.87344832,-87.80451166,,Urban,1,N,(N/A),Y,(N/A)
2022,2022-04-04,Monday,16,04:12 PM,Property Damage,No Injuries,0,0,0,0,0,2,Front to Rear,11,N,N,Failing to Reduce Speed to Avoid Crash,(N/A),Daylight,Clear,Dry,N,,,,,No Controls,No Controls,N,2,41.8886487,-87.7945912,ok,(UNK),1,2201799,2022,,28,99,50000 and OVER,9,4295,Oak Park,C,Urban Major Collector,,16,4,11689590,4,Cook,0,22,,,1,N,No,Stopped,202201109382,City,1,0.34999999,N,,,,(UNK),901753,(N/A),(UNK),No Defects,1,1,Major Collector,5,1405,X002587913,Not Toll,73,1,1,Not Divided,1,2942466.66219421,1910875.99415608,41.88864087,-87.79458545,,Urban,1,N,(N/A),Y,(N/A)
2022,2022-04-04,Monday,15,03:08 PM,Property Damage,No Injuries,0,0,0,0,0,1,Parked Motor Vehicle,9,N,N,Failing to Reduce Speed to Avoid Crash,Driving Skills/Knowledge/Experience,Daylight,Clear,Dry,N,,,,,No Controls,No Controls,N,2,41.8800754,-87.7877258,ok,(UNK),1,2201795,2022,,28,15,50000 and OVER,9,4295,Oak Park,C,Urban Local Road or Street,,16,4,11689589,4,Cook,0,22,,,1,N,No,Free Flow,202201109381,City,1,0.15000001,N,,,,(UNK),901754,(N/A),(UNK),No Defects,1,1,Local Road or Street,7,2650,X002587912,Not Toll,73,1,1,Not Divided,1,2944422.80691393,1907803.50565473,41.88006758,-87.78771997,,Urban,1,N,(N/A),Y,(N/A)
2022,2022-10-27,Thursday,18,06:19 PM,Injury,A Injury Crash,1,0,1,0,0,2,Pedalcyclist,2,N,Y,Failing to Yield Right of Way,Failing to Reduce Speed to Avoid Crash,Darkness / Lighted Road,Clear,Dry,Y,,,,,Stop Sign,Functioning Properly,N,1,41.8851354,-87.7895054,ok,(UNK),1,2206702,2022,,2,28,50000 and OVER,9,4295,Oak Park,C,Urban Minor Collector,,16,27,11945855,10,Cook,3,22,,,4,N,No,Slow,202201351126,City,5,0,N,,,,(UNK),902683,(N/A),(UNK),No Defects,1,1,Minor Collector,6,,X002811353,Not Toll,73,2,4,Four Way,14,2943887.04680559,1909634.03625785,41.8851276,-87.78949957,,Urban,1,N,(N/A),Y,(N/A)
2022,2022-10-28,Friday,16,04:05 PM,Property Damage,No Injuries,0,0,0,0,0,3,Angle,15,N,N,Failing to Reduce Speed to Avoid Crash,(N/A),Daylight,Clear,Dry,Y,,,,,Stop Sign,Functioning Properly,N,3,41.8796079,-87.8038451,ok,(UNK),1,2206720,2022,,28,99,50000 and OVER,9,4295,Oak Park,C,Urban Minor Arterial,,16,28,11945859,10,Cook,0,22,,,5,N,No,Free Flow,202201351130,City,1,0,N,,,,(UNK),902716,(N/A),(UNK),No Defects,1,1,Minor Arterial,4,,X002811357,Not Toll,73,2,4,Not Divided,1,2940037.58252243,1907511.77883978,41.87960001,-87.80383928,,Urban,1,N,(N/A),Y,(N/A)
2022,2022-10-28,Friday,11,11:04 AM,Injury,B Injury Crash,1,0,0,1,0,1,Pedestrian,1,Y,N,Failing to Yield Right of Way,(N/A),Daylight,Clear,Dry,N,,,,,Traffic Signal,Functioning Properly,N,1,41.8878515,-87.7748819,ok,(UNK),1,2206710,2022,,2,99,50000 and OVER,9,4295,Oak Park,C,Urban Minor Arterial,,16,28,11945857,10,Cook,2,22,,,5,N,No,Stopped,202201351128,City,1,7.13999987,N,,,,(UNK),902717,(N/A),(UNK),No Defects,1,1,Minor Arterial,4,2790,X002811355,Not Toll,,3,4,"Divided, No Median Barrier",2,2947841.6667568,1910734.52426546,41.88784364,-87.77487613,,Urban,1,N,(N/A),Y,(N/A)
2022,2022-01-13,Thursday,15,03:42 PM,Injury,B Injury Crash,1,0,0,1,0,1,Parked Motor Vehicle,9,N,N,Improper Lane Usage,Failing to Reduce Speed to Avoid Crash,Daylight,Clear,Dry,N,,,,,No Controls,No Controls,N,4,41.8797479,-87.795914,ok,(UNK),1,2200236,2022,,20,28,50000 and OVER,9,4295,Oak Park,C,Urban Minor Arterial,,16,13,11595174,1,Cook,2,22,,,4,N,Yes,Free Flow,202201023925,City,1,3.50999999,N,,,,(UNK),902725,(N/A),(UNK),No Defects,1,1,Minor Arterial,4,1419,X002505069,Not Toll,73,1,1,"Divided, No Median Barrier",2,2942196.12437309,1907622.40102846,41.87974003,-87.79590822,,Urban,1,N,(N/A),Y,(N/A)
2022,2022-01-13,Thursday,15,03:21 PM,Property Damage,No Injuries,0,0,0,0,0,2,Turning,10,N,N,Unable to Determine,Unable to Determine,Daylight,Clear,Dry,Y,,,,,No Controls,No Controls,N,2,41.8885378,-87.7911449,ok,(UNK),1,2200234,2022,,18,18,50000 and OVER,9,4295,Oak Park,C,Urban Major Collector,,16,13,11595173,1,Cook,0,22,,,4,N,No,Free Flow,202201023924,City,1,0,N,,,,(UNK),902726,(N/A),(UNK),No Defects,1,1,Major Collector,5,,X002505057,Not Toll,73,1,1,Not Divided,1,2943406.22569209,1910861.54801517,41.88852996,-87.79113912,,Urban,1,N,(N/A),Y,(N/A)
2022,2022-10-28,Friday,12,12:27 PM,Property Damage,No Injuries,0,0,0,0,0,1,Parked Motor Vehicle,9,N,N,Failing to Yield Right of Way,Unable to Determine,Daylight,Clear,Dry,N,,,,,No Controls,No Controls,N,2,41.8963131,-87.7767973,ok,(UNK),1,2206714,2022,,2,18,50000 and OVER,9,4295,Oak Park,C,Urban Local Road or Street,,16,28,11945861,10,Cook,0,22,,,5,N,No,Free Flow,202201351133,City,1,0.12,N,,,,(UNK),902760,(N/A),(UNK),No Defects,1,1,Local Road or Street,7,2603,X002811359,Not Toll,73,1,1,Not Divided,1,2947234.17561854,1913803.5594918,41.89630525,-87.77679147,,Urban,1,N,(N/A),Y,(N/A)
2022,2022-10-28,Friday,1,01:06 AM,Property Damage,No Injuries,0,0,0,0,0,1,Other Object,7,N,N,Under Influence of Alcohol/Drugs,(N/A),Darkness / Lighted Road,Clear,Dry,N,,,,,No Controls,No Controls,Y,1,41.8790796,-87.8023135,ok,(UNK),1,2206704,2022,,8,99,50000 and OVER,9,4295,Oak Park,C,Urban Local Road or Street,,16,28,11945864,10,Cook,0,22,STOP SIGN,PARKING GATE,5,N,No,Free Flow,202201351135,City,5,0.56,N,,,,(UNK),902761,(N/A),(UNK),No Defects,1,1,Local Road or Street,7,2056,X002811361,Not Toll,73,1,1,Not Divided,1,2940460.00599106,1907330.75439131,41.87907172,-87.80230768,,Urban,1,N,(N/A),Y,(N/A)
2022,2022-10-27,Thursday,17,05:10 PM,Property Damage,No Injuries,0,0,0,0,0,2,Angle,15,N,N,Failing to Reduce Speed to Avoid Crash,Unable to Determine,Daylight,Clear,Dry,N,,,,,Traffic Signal,Functioning Properly,Y,2,41.8946164,-87.7817256,ok,(UNK),1,2206699,2022,,28,18,50000 and OVER,9,4295,Oak Park,C,Urban Minor Arterial,,16,27,11945869,10,Cook,0,22,,,4,N,No,Stopped,202201351140,City,1,3.78999996,N,,,,(UNK),902762,(N/A),(UNK),No Defects,1,1,Minor Arterial,4,1398,X002811366,Not Toll,73,3,4,"Divided, No Median Barrier",2,2945909.5461703,1913147.87483579,41.8946085,-87.78171975,,Urban,1,N,(N/A),Y,(N/A)
2022,2022-10-28,Friday,17,05:14 PM,Property Damage,No Injuries,0,0,0,0,0,3,Angle,15,N,N,Failing to Yield Right of Way,Failing to Reduce Speed to Avoid Crash,Daylight,Clear,Dry,Y,,,,,Stop Sign,Functioning Properly,N,2,41.8903634,-87.784776,ok,(UNK),1,2206723,2022,,2,28,50000 and OVER,9,4295,Oak Park,C,Urban Major Collector,,16,28,11945873,10,Cook,0,22,,,5,N,No,Slow,202201351144,City,1,0.79000002,N,,,,(UNK),902763,(N/A),(UNK),No Defects,1,1,Major Collector,5,2783,X002811370,Not Toll,73,2,4,"Divided, No Median Barrier",2,2945122.02112681,1911574.91817069,41.89035551,-87.78477022,,Urban,1,N,(N/A),Y,(N/A)
2022,2022-10-29,Saturday,1,01:18 AM,Property Damage,No Injuries,0,0,0,0,0,2,Sideswipe Same Direction,12,N,N,Improper Overtaking/Passing,Failing to Reduce Speed to Avoid Crash,Darkness,Clear,Dry,N,,,,,No Controls,No Controls,Y,2,41.8799687,-87.7783435,ok,(UNK),1,2206734,2022,,4,28,50000 and OVER,9,4295,Oak Park,C,Urban Minor Arterial,,16,29,11945871,10,Cook,0,22,,,6,N,No,(UNK),202201351142,City,4,0,N,,,,(UNK),902764,(N/A),(UNK),No Defects,1,1,Minor Arterial,4,,X002811368,Not Toll,73,1,1,Not Divided,1,2946979.0506641,1907835.60527917,41.87996082,-87.7783377,,Urban,1,N,(N/A),Y,(N/A)
2022,2022-10-30,Sunday,12,12:57 PM,Property Damage,No Injuries,0,0,0,0,0,2,Front to Rear,11,N,N,Following Too Closely,Unable to Determine,Daylight,Clear,Dry,N,,,,,No Controls,No Controls,N,2,41.9089333,-87.7994109,ok,(UNK),1,2206767,2022,,3,18,50000 and OVER,9,4295,Oak Park,C,Urban Other Principal Arte,,16,30,11945875,10,Cook,0,22,,,7,N,No,Slow,202201351147,City,1,129.5,Y,,,,(UNK),902765,(N/A),(UNK),No Defects,1,1,Other Principal Arterial,3,5064,X002811372,Not Toll,73,1,1,Four Way,14,2940950.1768968,1918231.81103023,41.90892542,-87.79940511,,Urban,1,N,(N/A),Y,(N/A)