crash_year,crash_date,day_of_week,crash_hour,time_of_crash,crash_severity,crash_injury_severity,total_injured,total_fatals,a_injuries,b_injuries,c_injuries,no_injuries,type_of_first_crash,collision_type_code,pedestrian_involved,pedalcyclist_involved,cause1,cause2,lighting_cond,weather_cond,road_surface_cond,intersection_related,is_intersection,highway_or_street_name,at_intersection_with,address_no,traffic_control_device,traffic_control_device_cond,hit_and_run,number_of_vehicles,latitude,longitude,location_status,access_control,agency_code,agency_report_number,agency_report_year,alignment_code,cause1_code,cause2_code,city_class,city_class_code,city_code,city_name,city_township_flag,class_of_trafficway,class_of_trafficway_code,county_code,crash_day,crash_id,crash_month,crash_report_county,crash_severity_cd,crash_yr_source,damaged_property1,damaged_property2,day_of_week_code,did_crash_occur_in_work_zone,did_involve_secondary_crash,flow_condition,icn,investigating_agency_descrip,light_condition_code,mile_station,nhs,non_intersection_direction,non_intersection_distance,non_intersection_units,number_of_lanes,objectid,railroad_crossing_number,road_alignment,road_defects,road_defects_code,road_surface_condition_code,roadway_functional_class,roadway_functional_class_code,route_number,sfe,toll,township,traffic_control_device_code,traffic_control_device_cond_code,trafficway_descrip,trafficway_description_code,ts_crash_coordinate_x,ts_crash_coordinate_y,ts_crash_latitude,ts_crash_longitude,type_report,urban_rural,weather_code,were_workers_present,work_zone,work_zone_related,work_zone_type
2022,2022-10-28,Friday,18,06:06 PM,Property Damage,No Injuries,0,0,0,0,0,1,Parked Motor Vehicle,9,N,N,Failing to Reduce Speed to Avoid Crash,Unable to Determine,Darkness / Lighted Road,Clear,Dry,N,,,,,No Controls,No Controls,N,2,41.8979057,-87.7882512,ok,(UNK),1,2206725,2022,,28,18,50000 and OVER,9,4295,Oak Park,C,Urban Local Road or Street,,16,28,11945876,10,Cook,0,22,,,5,N,No,Free Flow,202201351148,City,5,0.77999997,N,,,,(UNK),902805,(N/A),(UNK),No Defects,1,1,Local Road or Street,7,1016,X002811373,Not Toll,73,1,1,Not Divided,1,2944099.50243943,1914297.24078591,41.89789789,-87.78824543,,Urban,1,N,(N/A),Y,(N/A)
2022,2022-10-29,Saturday,13,01:00 PM,Property Damage,No Injuries,0,0,0,0,0,6,Turning,10,N,N,Failing to Reduce Speed to Avoid Crash,Unable to Determine,Daylight,Clear,Dry,N,,,,,No Controls,No Controls,N,2,41.8817764,-87.7811513,ok,(UNK),1,2206745,2022,,28,18,50000 and OVER,9,4295,Oak Park,C,Urban Major Collector,,16,29,11945879,10,Cook,0,22,,,6,N,No,Free Flow,202201351151,City,1,1.21000004,N,,,,(UNK),902806,(N/A),(UNK),No Defects,1,1,Major Collector,5,5,X002811376,Not Toll,73,1,1,Not Divided,1,2946196.0467,1908473.08879865,41.88176852,-87.78114552,,Urban,1,N,(N/A),Y,(N/A)
2022,2022-09-21,Wednesday,22,10:30 PM,Injury,C Injury Crash,3,0,0,0,3,1,Turning,10,N,N,Failing to Yield Right of Way,Unable to Determine,Darkness / Lighted Road,Clear,Dry,Y,,,,,No Controls,No Controls,N,2,41.9092074,-87.7795067,ok,(UNK),1,2205829,2022,,2,18,50000 and OVER,9,4295,Oak Park,C,Urban Other Principal Arte,,16,21,11894653,9,Cook,1,22,,,3,N,No,Free Flow,202201302958,City,5,130.52999878,Y,,,,(UNK),903942,(N/A),(UNK),No Defects,1,1,Other Principal Arterial,3,5064,X002766941,Not Toll,73,1,1,Not Divided,1,2946365.63493946,1918481.95819901,41.90919957,-87.77950095,,Urban,1,N,(N/A),Y,(N/A)
2022,2022-09-21,Wednesday,8,08:59 AM,Injury,B Injury Crash,1,0,0,1,0,1,Pedalcyclist,2,N,Y,Failing to Yield Right of Way,Unable to Determine,Daylight,Clear,Dry,Y,,,,,No Controls,No Controls,N,1,41.9019197,-87.7813584,ok,(UNK),1,2205799,2022,,2,18,50000 and OVER,9,4295,Oak Park,C,Urban Major Collector,,16,21,11894652,9,Cook,2,22,,,3,N,No,Slow,202201302957,City,1,2.22000003,N,,,,(UNK),903992,(N/A),(UNK),No Defects,1,1,Major Collector,5,1394,X002766940,Not Toll,73,1,1,T-Intersection,15,2945935.46405793,1915812.15257632,41.90191189,-87.78135264,,Urban,1,N,(N/A),Y,(N/A)
2022,2022-09-20,Tuesday,18,06:08 PM,Property Damage,No Injuries,0,0,0,0,0,2,Angle,15,N,N,Failing to Reduce Speed to Avoid Crash,Disregarding Traffic Signals,Daylight,Rain,Wet,Y,,,,,Traffic Signal,Functioning Properly,N,2,41.8819187,-87.7796136,ok,(UNK),1,2205791,2022,,28,25,50000 and OVER,9,4295,Oak Park,C,Urban Major Collector,,16,20,11894648,9,Cook,0,22,,,2,N,No,Free Flow,202201302953,City,1,0,N,,,,(UNK),903993,(N/A),(UNK),No Defects,1,2,Major Collector,5,,X002766936,Not Toll,73,3,4,Not Divided,1,2946613.38361064,1908536.62155221,41.88191089,-87.77960777,,Urban,2,N,(N/A),Y,(N/A)
2022,2022-08-01,Monday,8,08:25 AM,Property Damage,No Injuries,0,0,0,0,0,1,Parked Motor Vehicle,9,N,N,Failing to Reduce Speed to Avoid Crash,Unable to Determine,Unknown,Clear,Dry,N,,,,,No Controls,No Controls,Y,2,,,missing,(UNK),1,2204578,2022,,28,18,50000 and OVER,9,4295,Oak Park,C,(UNK),8,16,1,11847167,8,Cook,0,22,GARAGE,,1,N,Yes,Free Flow,202201258710,City,9,0,N,,,,(UNK),904223,(N/A),(UNK),No Defects,1,1,(UNK),0,0,X002725505,No Toll,,1,1,Not Divided,1,0,0,,,,(UNK),1,N,(N/A),Y,(N/A)
2022,2022-08-12,Friday,13,01:23 PM,Property Damage,No Injuries,0,0,0,0,0,4,Angle,15,N,N,Failing to Yield Right of Way,Driving Skills/Knowledge/Experience,Daylight,Clear,Dry,Y,,,,,Stop Sign,Functioning Properly,N,3,41.8998044,-87.7899319,ok,(UNK),1,2204827,2022,,2,15,50000 and OVER,9,4295,Oak Park,C,Urban Local Road or Street,,16,12,11847173,8,Cook,0,22,,,5,N,No,Free Flow,202201258715,City,1,0,N,,,,(UNK),904231,(N/A),(UNK),No Defects,1,1,Local Road or Street,7,,X002725510,Not Toll,73,2,4,Not Divided,1,2943622.75031341,1914976.47678612,41.89979659,-87.78992606,,Urban,1,N,(N/A),Y,(N/A)
2022,2022-07-01,Friday,19,07:16 PM,Property Damage,No Injuries,0,0,0,0,0,2,Front to Rear,11,N,N,Failing to Reduce Speed to Avoid Crash,Improper Overtaking/Passing,Daylight,Clear,Dry,N,,,,,No Controls,No Controls,Y,2,41.8721943,-87.7871249,ok,Partial Access Control,3,03-22-09251,2022,,28,4,50000 and OVER,9,4295,Oak Park,C,Urban InterState,,16,1,11797446,7,Cook,0,22,,,5,N,No,(UNK),202201210995,ISP,1,22.43000031,Y,,,,(UNK),904394,(N/A),(UNK),No Defects,1,1,InterState,1,9290,X002681456,Not Toll,73,1,1,Not Divided,1,2944666.115786,1904936.00270806,41.87218641,-87.78711909,,Urban,1,N,(N/A),Y,(N/A)
2022,2022-10-18,Tuesday,14,02:00 PM,Property Damage,No Injuries,0,0,0,0,0,2,Front to Rear,11,N,N,Following Too Closely,Driving Skills/Knowledge/Experience,Daylight,Clear,Dry,N,,,,,No Controls,No Controls,N,2,41.8712933,-87.775397,ok,Partial Access Control,3,03-22-15213,2022,,3,15,50000 and OVER,9,4295,Oak Park,C,Urban InterState,,16,18,11946216,10,Cook,0,22,,,2,N,No,(UNK),202201351517,ISP,1,23.03000069,Y,,,,(UNK),904461,(N/A),(UNK),No Defects,1,1,InterState,1,9290,X002811686,Not Toll,73,1,1,Divided With Median Barrier,3,2947869.61620984,1904696.48272128,41.87128541,-87.77539124,,Urban,1,N,(N/A),Y,(N/A)
2022,2022-08-14,Sunday,16,04:08 PM,Property Damage,No Injuries,0,0,0,0,0,1,Fixed Object,6,N,N,Failing to Reduce Speed to Avoid Crash,Unable to Determine,Daylight,Clear,Dry,N,,,,,No Controls,No Controls,N,1,41.8800263,-87.7834492,ok,(UNK),1,2204870,2022,,28,18,50000 and OVER,9,4295,Oak Park,C,Urban Minor Arterial,,16,14,11847252,8,Cook,0,22,BUILDING,BUILDING,7,N,No,Free Flow,202201258785,City,1,0,N,,,,(UNK),904492,(N/A),(UNK),No Defects,1,1,Minor Arterial,4,,X002725583,Not Toll,73,1,1,Divided With Median Barrier,3,2945587.99260268,1907817.93854033,41.88001846,-87.78344336,,Urban,1,N,(N/A),Y,(N/A)
2022,2022-08-01,Monday,8,08:25 AM,Injury,B Injury Crash,1,0,0,1,0,1,Front to Rear,11,N,N,Failing to Reduce Speed to Avoid Crash,(N/A),Daylight,Clear,Dry,Y,,,,,Traffic Signal,Functioning Properly,N,2,41.87231,-87.8044659,ok,(UNK),1,2204577,2022,,28,99,50000 and OVER,9,4295,Oak Park,C,Urban Other Principal Arte,,16,1,11847260,8,Cook,2,22,,,1,N,No,Stopped,202201258792,City,1,25.52000046,Y,,,,(UNK),904547,(N/A),(UNK),No Defects,1,1,Other Principal Arterial,3,5043,X002725589,Not Toll,73,3,4,"Divided, No Median Barrier",2,2939941.73917192,1904847.66118026,41.87230217,-87.8044601,,Urban,1,N,(N/A),Y,(N/A)
2022,2022-08-01,Monday,8,08:15 AM,Property Damage,No Injuries,0,0,0,0,0,2,Turning,10,N,N,Improper Turning/No Signal,(N/A),Daylight,Clear,Dry,Y,,,,,Traffic Signal,Functioning Properly,N,2,41.8651778,-87.793725,ok,(UNK),1,2204580,2022,,6,99,50000 and OVER,9,4295,Oak Park,C,Urban Other Principal Arte,,16,1,11847261,8,Cook,0,22,,,1,N,No,Free Flow,202201258793,City,1,0,Y,,,,(UNK),904548,(N/A),(UNK),No Defects,1,1,Other Principal Arterial,3,,X002725590,Not Toll,52,3,4,Four Way,14,2942939.14878515,1902329.30867502,41.86517001,-87.79371919,,Urban,1,N,(N/A),Y,(N/A)
2022,2022-08-01,Monday,15,03:56 PM,Property Damage,No Injuries,0,0,0,0,0,4,Front to Rear,11,N,N,Following Too Closely,Failing to Reduce Speed to Avoid Crash,Daylight,Clear,Dry,N,,,,,No Controls,No Controls,N,2,41.8814928,-87.7845061,ok,(UNK),1,2204589,2022,,3,28,50000 and OVER,9,4295,Oak Park,C,Urban Major Collector,,16,1,11847263,8,Cook,0,22,,,1,N,No,Stopped,202201258795,City,1,1.40999997,N,,,,(UNK),904549,(N/A),(UNK),No Defects,1,1,Major Collector,5,2783,X002725592,Not Toll,73,1,1,Not Divided,1,2945285.29881418,1908344.37619764,41.881485,-87.78450032,,Urban,1,N,(N/A),Y,(N/A)
2022,2022-08-01,Monday,12,12:54 PM,Property Damage,No Injuries,0,0,0,0,0,1,Fixed Object,6,N,N,Failing to Reduce Speed to Avoid Crash,Driving On Wrong Side/Wrong Way,Daylight,Clear,Dry,Y,,,,,No Controls,No Controls,N,1,41.887227,-87.8007182,ok,(UNK),1,2204584,2022,,28,5,50000 and OVER,9,4295,Oak Park,C,Urban Major Collector,,16,1,11847262,8,Cook,0,22,FIRE HYDRANT,,1,N,No,Free Flow,202201258794,City,1,0,N,,,,(UNK),904550,(N/A),(UNK),No Defects,1,1,Major Collector,5,,X002725591,Not Toll,73,1,1,Driveway,13,2940812.58266174,1910311.82570355,41.8872192,-87.80071235,,Urban,1,N,(N/A),Y,(N/A)
2022,2022-08-02,Tuesday,16,04:07 PM,Property Damage,No Injuries,0,0,0,0,0,6,Angle,15,N,N,Failing to Yield Right of Way,Failing to Reduce Speed to Avoid Crash,Daylight,Clear,Dry,Y,,,,,Stop Sign,Functioning Properly,N,2,41.8881778,-87.7798058,ok,(UNK),1,2204610,2022,,2,28,50000 and OVER,9,4295,Oak Park,C,Urban Major Collector,,16,2,11847275,8,Cook,0,22,,,2,N,No,Free Flow,202201258808,City,1,0,N,,,,(UNK),904612,(N/A),(UNK),No Defects,1,1,Major Collector,5,,X002725604,Not Toll,73,2,4,Not Divided,1,2946497.55578467,1910816.10232735,41.88817,-87.7798,,Urban,1,N,(N/A),Y,(N/A)
2022,2022-08-03,Wednesday,15,03:12 PM,Property Damage,No Injuries,0,0,0,0,0,3,Angle,15,N,N,Failing to Yield Right of Way,Vision Obscured,Daylight,Cloudy/Overcast,Dry,N,,,,,Stop Sign,Functioning Properly,Y,2,41.8882779,-87.7830591,ok,(UNK),1,2204628,2022,,2,14,50000 and OVER,9,4295,Oak Park,C,Urban Major Collector,,16,3,11847300,8,Cook,0,22,,,3,N,No,Free Flow,202201258832,City,1,0,N,,,,(UNK),904624,(N/A),(UNK),No Defects,1,1,Major Collector,5,,X002725628,Not Toll,73,2,4,Four Way,14,2945610.64091466,1910827.942829,41.8882701,-87.78305334,,Urban,8,N,(N/A),Y,(N/A)
2022,2022-08-04,Thursday,13,01:02 PM,Property Damage,No Injuries,0,0,0,0,0,3,Sideswipe Same Direction,12,N,N,Failing to Yield Right of Way,Improper Turning/No Signal,Daylight,Clear,Dry,N,,,,,No Controls,No Controls,N,2,41.8885989,-87.8007544,ok,(UNK),1,2204649,2022,,2,6,50000 and OVER,9,4295,Oak Park,C,Urban Major Collector,,16,4,11847424,8,Cook,0,22,,,4,N,No,Free Flow,202201258948,City,1,0.28,N,,,,(UNK),905278,(N/A),(UNK),No Defects,1,1,Major Collector,5,1405,X002725742,Not Toll,73,1,1,Not Divided,1,2940788.93052343,1910811.47188693,41.88859103,-87.80074857,,Urban,1,N,(N/A),Y,(N/A)
2022,2022-10-30,Sunday,1,01:49 AM,Injury,C Injury Crash,1,0,0,0,1,2,Front to Rear,11,N,N,Operating Vehicle In Reckless Manner,Failing to Reduce Speed to Avoid Crash,Darkness / Lighted Road,Clear,Dry,N,,,,,No Controls,No Controls,N,2,41.8818009,-87.8048013,ok,(UNK),1,2206756,2022,,50,28,50000 and OVER,9,4295,Oak Park,C,Urban Other Principal Arte,,16,30,11946384,10,Cook,1,22,GARAGE,,7,N,No,Free Flow,202201351694,City,5,19.53000069,Y,,,,(UNK),905296,(N/A),(UNK),No Defects,1,1,Other Principal Arterial,3,348,X002811839,Not Toll,73,1,1,Not Divided,1,2939755.14531832,1908303.79650898,41.88179307,-87.80479555,,Urban,1,N,(N/A),Y,(N/A)
2022,2022-08-04,Thursday,16,04:18 PM,Property Damage,No Injuries,0,0,0,0,0,3,Front to Rear,11,N,N,Failing to Reduce Speed to Avoid Crash,Unable to Determine,Daylight,Clear,Dry,Y,,,,,Traffic Signal,Functioning Properly,N,2,41.8798672,-87.7844362,ok,(UNK),1,2204653,2022,,28,18,50000 and OVER,9,4295,Oak Park,C,Urban Minor Arterial,,16,4,11847433,8,Cook,0,22,,,4,N,No,Slow,202201258956,City,1,0,N,,,,(UNK),905349,(N/A),(UNK),No Defects,1,1,Minor Arterial,4,,X002725750,Not Toll,73,3,4,Not Divided,1,2945320.80331469,1907752.48895997,41.87985935,-87.78443036,,Urban,1,N,(N/A),Y,(N/A)
2022,2022-08-05,Friday,0,00:39 AM,Property Damage,No Injuries,0,0,0,0,0,1,Parked Motor Vehicle,9,N,N,Driving On Wrong Side/Wrong Way,Driving Skills/Knowledge/Experience,Darkness / Lighted Road,Clear,Dry,N,,,,,No Controls,No Controls,N,2,41.8676813,-87.7901666,ok,(UNK),1,2204659,2022,,5,15,50000 and OVER,9,4295,Oak Park,C,Urban Local Road or Street,,16,5,11847458,8,Cook,0,22,,,5,N,No,Slow,202201258980,City,5,0.25,N,,,,(UNK),905460,(N/A),(UNK),No Defects,1,1,Local Road or Street,7,2663,X002725774,Not Toll,73,1,1,Not Divided,1,2943883.18164615,1903268.42472662,41.86767342,-87.79016084,,Urban,1,N,(N/A),Y,(N/A)
2022,2022-11-01,Tuesday,8,08:39 AM,Property Damage,No Injuries,0,0,0,0,0,2,Sideswipe Same Direction,12,N,N,Unable to Determine,Unable to Determine,Daylight,Clear,Dry,Y,,,,,Traffic Signal,Functioning Properly,N,2,41.8796688,-87.8047358,ok,(UNK),1,22-03274,2022,,18,18,50000 and OVER,9,4295,Oak Park,C,Urban Other Principal Arte,,16,1,11946514,11,Cook,0,22,,,2,N,No,Free Flow,202201351835,City,1,26.02000046,Y,,,,(UNK),905823,(N/A),(UNK),No Defects,1,1,Other Principal Arterial,3,5043,X002811962,Not Toll,73,3,4,Divided With Median Barrier,3,2939794.38711828,1907527.30146348,41.87966094,-87.80473001,,Urban,1,N,(N/A),Y,(N/A)
2022,2022-09-21,Wednesday,13,01:56 PM,Property Damage,No Injuries,0,0,0,0,0,3,Sideswipe Same Direction,12,N,N,Improper Overtaking/Passing,(N/A),Daylight,Clear,Dry,N,,,,,No Controls,No Controls,N,2,41.8911166,-87.8051276,ok,(UNK),1,2201072,2022,,4,99,50000 and OVER,9,4295,Oak Park,C,Urban Other Principal Arte,,16,21,11895076,9,Cook,0,22,,,3,N,No,Free Flow,202201303350,City,1,18.87999916,Y,,,,(UNK),905840,(N/A),(UNK),No Defects,1,1,Other Principal Arterial,3,348,X002767288,Not Toll,73,1,1,Four Way,14,2939572.83127643,1911696.16312397,41.89110877,-87.80512177,,Urban,1,N,(N/A),Y,(N/A)
2022,2022-08-10,Wednesday,18,06:40 PM,Property Damage,No Injuries,0,0,0,0,0,2,Front to Rear,11,N,N,Failing to Reduce Speed to Avoid Crash,Following Too Closely,Daylight,Clear,Dry,N,,,,,No Controls,No Controls,Y,2,41.8737213,-87.8038803,ok,Partial Access Control,3,03-22-11438,2022,,28,3,50000 and OVER,9,4295,Oak Park,C,Urban InterState,,16,10,11847597,8,Cook,0,22,,,3,N,No,(UNK),202201259115,ISP,1,21.61000061,Y,,,,(UNK),905930,(N/A),(UNK),No Defects,1,1,InterState,1,9290,X002725906,Not Toll,73,1,1,Divided With Median Barrier,3,2940087.06753757,1905366.36020923,41.87371349,-87.80387453,,Urban,1,N,(N/A),Y,(N/A)
2022,2022-07-03,Sunday,13,01:35 PM,Property Damage,No Injuries,0,0,0,0,0,4,Sideswipe Same Direction,12,N,N,Improper Lane Usage,Failing to Reduce Speed to Avoid Crash,Daylight,Clear,Dry,N,,,,,Other Warning Sign,Functioning Properly,N,3,41.8736419,-87.8030037,ok,Partial Access Control,3,03-22-09326,2022,,20,28,50000 and OVER,9,4295,Oak Park,C,Urban InterState,,16,3,11797813,7,Cook,0,22,,,7,N,No,(UNK),202201211346,ISP,1,21.64999962,Y,,,,(UNK),906082,(N/A),(UNK),No Defects,1,1,InterState,1,9290,X002681815,Not Toll,73,11,4,Divided With Median Barrier,3,2940326.63784419,1905343.99335268,41.87363406,-87.80299787,,Urban,1,N,(N/A),Y,(N/A)
2022,2022-07-02,Saturday,14,02:30 PM,Property Damage,No Injuries,0,0,0,0,0,4,Front to Rear,11,N,N,Failing to Reduce Speed to Avoid Crash,Following Too Closely,Daylight,Clear,Dry,N,,,,,No Controls,No Controls,N,2,41.871599,-87.7802442,ok,Partial Access Control,3,03-22-09283,2022,,28,3,50000 and OVER,9,4295,Oak Park,C,Urban InterState,,16,2,11797870,7,Cook,0,22,,,6,N,No,(UNK),202201211399,ISP,1,22.79000092,Y,,,,(UNK),906306,(N/A),(UNK),No Defects,1,1,InterState,1,9290,X002681869,Not Toll,73,1,1,Divided With Median Barrier,3,2946546.25957728,1904771.13606341,41.87159115,-87.78023841,,Urban,1,N,(N/A),Y,(N/A)
2022,2022-06-28,Tuesday,10,10:10 AM,Property Damage,No Injuries,0,0,0,0,0,2,Front to Rear,11,N,N,Following Too Closely,Failing to Reduce Speed to Avoid Crash,Daylight,Clear,Dry,N,,,,,Other Regualtory Sig,Functioning Properly,N,2,41.8709611,-87.7749205,ok,Partial Access Control,3,03-22-09098,2022,,3,28,50000 and OVER,9,4295,Oak Park,C,Urban InterState,,16,28,11798241,6,Cook,0,22,,,2,N,No,(UNK),202201211769,ISP,1,9.18000031,Y,,,,(UNK),908295,(N/A),(UNK),No Defects,1,1,InterState,1,290,X002682236,Not Toll,,10,4,Divided With Median Barrier,3,2948002.78712973,1904579.04709675,41.87095323,-87.77491471,,Urban,1,N,(N/A),Y,(N/A)
2022,2022-06-29,Wednesday,11,11:33 AM,Property Damage,No Injuries,0,0,0,0,0,2,Angle,15,N,N,Unable to Determine,Unable to Determine,Daylight,Clear,Dry,Y,,,,,Stop Sign,Functioning Properly,N,2,41.8932019,-87.7783387,ok,(UNK),1,2203776,2022,,18,18,50000 and OVER,9,4295,Oak Park,C,Urban Local Road or Street,,16,29,11798360,6,Cook,0,22,,,3,N,No,Free Flow,202201211894,City,1,0,N,,,,(UNK),908911,(N/A),(UNK),No Defects,1,1,Local Road or Street,7,,X002682350,Not Toll,73,2,4,Not Divided,1,2946846.05877118,1912658.08482116,41.89319405,-87.77833293,,Urban,1,N,(N/A),Y,(N/A)
2022,2022-06-27,Monday,19,07:54 PM,Property Damage,No Injuries,0,0,0,0,0,2,Parked Motor Vehicle,9,N,N,Failing to Reduce Speed to Avoid Crash,(N/A),Daylight,Clear,Dry,N,,,,,Other Regualtory Sig,Functioning Improperly,N,3,41.8851959,-87.8049072,ok,(UNK),1,2203730,2022,,28,99,50000 and OVER,9,4295,Oak Park,C,Urban Other Principal Arte,,16,27,11798367,6,Cook,0,22,FENCE,,1,N,No,Free Flow,202201211902,City,1,19.29999924,Y,,,,(UNK),908912,(N/A),(UNK),No Defects,1,1,Other Principal Arterial,3,348,X002682356,Not Toll,73,10,3,Not Divided,1,2939692.24201014,1909540.18749506,41.88518803,-87.80490144,,Urban,1,N,(N/A),Y,(N/A)
2022,2022-06-30,Thursday,10,10:08 AM,Property Damage,No Injuries,0,0,0,0,0,3,Angle,15,N,N,Driving Skills/Knowledge/Experience,(N/A),Daylight,Clear,Dry,Y,,,,,Traffic Signal,Other,N,3,41.8800129,-87.774671,ok,(UNK),1,2203803,2022,,15,99,50000 and OVER,9,4295,Oak Park,C,Urban Minor Arterial,,16,30,11798369,6,Cook,0,22,,,4,N,No,Free Flow,202201211905,City,1,7.65999985,N,,,,(UNK),908955,(N/A),(UNK),No Defects,1,1,Minor Arterial,4,2790,X002682358,Not Toll,,3,7,T-Intersection,15,2947978.77212495,1907879.59615634,41.88000505,-87.77466519,,Urban,1,N,(N/A),Y,(N/A)
2022,2022-08-08,Monday,18,06:30 PM,Property Damage,No Injuries,0,0,0,0,0,2,Front to Rear,11,N,N,Failing to Reduce Speed to Avoid Crash,Following Too Closely,Dusk,Clear,Dry,N,,,,,No Controls,No Controls,Y,2,41.8709661,-87.7746608,ok,Partial Access Control,3,03-22-11329,2022,,28,3,50000 and OVER,9,4295,Oak Park,C,Urban InterState,,16,8,11848361,8,Cook,0,22,,,1,N,No,(UNK),202201259827,ISP,3,9.18999958,Y,,,,(UNK),909306,(N/A),(UNK),No Defects,1,1,InterState,1,290,X002726630,Not Toll,73,1,1,Divided With Median Barrier,3,2948073.46423811,1904582.83329778,41.87095821,-87.77465504,,Urban,1,N,(N/A),Y,(N/A)
2022,2022-09-22,Thursday,12,12:36 PM,Property Damage,No Injuries,0,0,0,0,0,1,Parked Motor Vehicle,9,N,N,Equipment-Vehicle Condition,Failing to Reduce Speed to Avoid Crash,Daylight,Clear,Dry,N,,,,,No Controls,No Controls,N,2,41.8922175,-87.7848143,ok,(UNK),1,2205837,2022,,10,28,50000 and OVER,9,4295,Oak Park,C,Urban Major Collector,,16,22,11895942,9,Cook,0,22,,,4,N,No,Free Flow,202201304141,City,1,0.66000003,N,,,,(UNK),909498,(N/A),(UNK),No Defects,1,1,Major Collector,5,2783,X002768042,Not Toll,73,1,1,Not Divided,1,2945092.8394033,1912250.31291333,41.89220965,-87.78480847,,Urban,1,N,(N/A),Y,(N/A)
2022,2022-09-22,Thursday,16,04:49 PM,Property Damage,No Injuries,0,0,0,0,0,3,Front to Rear,11,N,N,Failing to Reduce Speed to Avoid Crash,(N/A),Daylight,Clear,Dry,N,,,,,Traffic Signal,Functioning Properly,N,2,41.8711319,-87.7841764,ok,(UNK),1,2205843,2022,,28,99,50000 and OVER,9,4295,Oak Park,C,Urban Major Collector,,16,22,11895938,9,Cook,0,22,,,4,N,No,Stopped,202201304137,City,1,2.11999989,N,,,,(UNK),909499,(N/A),(UNK),No Defects,1,1,Major Collector,5,2783,X002768038,Not Toll,73,3,4,"Divided, No Median Barrier",2,2945479.96767626,1904571.15179837,41.87112406,-87.78417056,,Urban,1,N,(N/A),Y,(N/A)
2022,2022-09-19,Monday,15,03:18 PM,Injury,B Injury Crash,1,0,0,1,0,3,Pedalcyclist,2,N,Y,Improper Overtaking/Passing,Failing to Reduce Speed to Avoid Crash,Daylight,Clear,Dry,Y,,,,,Stop Sign,Functioning Properly,Y,1,41.876188,-87.789216,ok,(UNK),1,2205752,2022,,4,28,50000 and OVER,9,4295,Oak Park,C,Urban Minor Collector,,16,19,11895941,9,Cook,2,22,,,1,N,No,Slow,202201304140,City,1,0,N,,,,(UNK),909500,(N/A),(UNK),No Defects,1,1,Minor Collector,6,,X002768041,Not Toll,73,2,4,Not Divided,1,2944056.21528566,1906375.61985947,41.87618019,-87.78921022,,Urban,1,N,(N/A),Y,(N/A)
2022,2022-03-04,Friday,14,02:23 PM,Property Damage,No Injuries,0,0,0,0,0,2,Front to Rear,11,N,N,Following Too Closely,Failing to Reduce Speed to Avoid Crash,Daylight,Clear,Dry,Y,,,,,Traffic Signal,Functioning Properly,N,2,41.8759848,-87.8045958,ok,(UNK),1,22-00702,2022,,3,28,50000 and OVER,9,4295,Oak Park,C,Urban Other Principal Arte,,16,4,11655902,3,Cook,0,22,,,5,N,No,Slow,202201077165,City,1,25.77000046,Y,,,,(UNK),909624,(N/A),(UNK),No Defects,1,1,Other Principal Arterial,3,5043,X002558752,Not Toll,73,3,4,"Divided, No Median Barrier",2,2939869.49456576,1906185.86027551,41.875977,-87.80458997,,Urban,1,N,(N/A),Y,(N/A)
2022,2022-08-11,Thursday,11,11:41 AM,Property Damage,No Injuries,0,0,0,0,0,2,Angle,15,N,N,Failing to Yield Right of Way,Failing to Reduce Speed to Avoid Crash,Daylight,Clear,Dry,Y,,,,,Stop Sign,Functioning Properly,N,2,41.8814078,-87.8039064,ok,(UNK),1,2204804,2022,,2,28,50000 and OVER,9,4295,Oak Park,C,Urban Major Collector,,16,11,11848447,8,Cook,0,22,,,4,N,No,Free Flow,202201259898,City,1,0,N,,,,(UNK),909796,(N/A),(UNK),No Defects,1,1,Major Collector,5,,X002726702,Not Toll,73,2,4,Not Divided,1,2940002.82744829,1908167.26361943,41.88139999,-87.80390055,,Urban,1,N,(N/A),Y,(N/A)
2022,2022-05-24,Tuesday,21,09:45 PM,Property Damage,No Injuries,0,0,0,0,0,2,Rear to Side,16,N,N,Improper Lane Usage,Improper Overtaking/Passing,Darkness / Lighted Road,Clear,Dry,N,,,,,No Controls,No Controls,Y,2,41.8724137,-87.7931652,ok,Partial Access Control,3,03-22-07192,2022,,20,4,50000 and OVER,9,4295,Oak Park,C,Urban InterState,,16,24,11754035,5,Cook,0,22,,,2,N,No,(UNK),202201169638,ISP,5,8.22999954,Y,,,,(UNK),909830,(N/A),(UNK),No Defects,1,1,InterState,1,290,X002643758,Not Toll,,1,1,Divided With Median Barrier,3,2943018.69047028,1904970.39527692,41.87240585,-87.79315939,,Urban,1,N,(N/A),Y,(N/A)
2022,2022-08-07,Sunday,16,04:20 PM,Property Damage,No Injuries,0,0,0,0,0,4,Front to Rear,11,N,N,Failing to Reduce Speed to Avoid Crash,(N/A),Daylight,Clear,Dry,N,,,,,No Controls,No Controls,N,3,41.8732959,-87.7997427,ok,Partial Access Control,3,03-22-11250,2022,,28,99,50000 and OVER,9,4295,Oak Park,C,Urban InterState,,16,7,11848517,8,Cook,0,22,,,7,N,No,(UNK),202201259953,ISP,1,21.79999924,Y,,,,(UNK),909988,(N/A),(UNK),No Defects,1,1,InterState,1,9290,X002726752,Not Toll,73,1,1,Divided With Median Barrier,3,2941218.29282034,1905242.39111625,41.87328805,-87.7997369,,Urban,1,N,(N/A),Y,(N/A)