crash_year,crash_date,day_of_week,crash_hour,time_of_crash,crash_severity,crash_injury_severity,total_injured,total_fatals,a_injuries,b_injuries,c_injuries,no_injuries,type_of_first_crash,collision_type_code,pedestrian_involved,pedalcyclist_involved,cause1,cause2,lighting_cond,weather_cond,road_surface_cond,intersection_related,is_intersection,highway_or_street_name,at_intersection_with,address_no,traffic_control_device,traffic_control_device_cond,hit_and_run,number_of_vehicles,latitude,longitude,location_status,access_control,agency_code,agency_report_number,agency_report_year,alignment_code,cause1_code,cause2_code,city_class,city_class_code,city_code,city_name,city_township_flag,class_of_trafficway,class_of_trafficway_code,county_code,crash_day,crash_id,crash_month,crash_report_county,crash_severity_cd,crash_yr_source,damaged_property1,damaged_property2,day_of_week_code,did_crash_occur_in_work_zone,did_involve_secondary_crash,flow_condition,icn,investigating_agency_descrip,light_condition_code,mile_station,nhs,non_intersection_direction,non_intersection_distance,non_intersection_units,number_of_lanes,objectid,railroad_crossing_number,road_alignment,road_defects,road_defects_code,road_surface_condition_code,roadway_functional_class,roadway_functional_class_code,route_number,sfe,toll,township,traffic_control_device_code,traffic_control_device_cond_code,trafficway_descrip,trafficway_description_code,ts_crash_coordinate_x,ts_crash_coordinate_y,ts_crash_latitude,ts_crash_longitude,type_report,urban_rural,weather_code,were_workers_present,work_zone,work_zone_related,work_zone_type
2022,2022-01-19,Wednesday,8,08:34 AM,Property Damage,No Injuries,0,0,0,0,0,2,Sideswipe Same Direction,12,N,N,Unable to Determine,Unable to Determine,Daylight,Clear,Dry,N,,,,,No Controls,Unknown,N,2,41.88293,-87.8048438,ok,(UNK),1,22-000208,2022,,18,18,50000 and OVER,9,4295,Oak Park,C,Urban Other Principal Arte,,16,19,11596825,1,Cook,0,22,,,3,N,No,Free Flow,202201025442,City,1,19.45000076,Y,,,,(UNK),910549,(N/A),(UNK),No Defects,1,1,Other Principal Arterial,3,348,X002509751,Not Toll,73,1,9,Not Divided,1,2939732.24401032,1908714.93084373,41.88292214,-87.80483804,,Urban,1,N,(N/A),Y,(N/A)
2022,2022-08-10,Wednesday,10,10:02 AM,Property Damage,No Injuries,0,0,0,0,0,2,Turning,10,N,N,Failing to Yield Right of Way,Failing to Reduce Speed to Avoid Crash,Daylight,Clear,Dry,Y,,,,,Stop Sign,Functioning Properly,N,2,41.9071936,-87.7949959,ok,(UNK),1,2204773,2022,,2,28,50000 and OVER,9,4295,Oak Park,C,Urban Major Collector,,16,10,11848927,8,Cook,0,22,,,3,N,No,Free Flow,202201259995,City,1,0,N,,,,(UNK),910622,(N/A),(UNK),No Defects,1,1,Major Collector,5,,X002726795,Not Toll,73,2,4,Not Divided,1,2942169.54127368,1917631.04617134,41.90718572,-87.79499015,,Urban,1,N,(N/A),Y,(N/A)
2022,2022-08-16,Tuesday,8,08:50 AM,Injury,B Injury Crash,2,0,0,1,1,2,Angle,15,N,N,Road Construction/Maintenance,Vision Obscured,Daylight,Clear,Dry,Y,,,,,Traffic Signal,Functioning Improperly,N,3,41.8867129,-87.8049544,ok,(UNK),1,22-02477,2022,,13,14,50000 and OVER,9,4295,Oak Park,C,Urban Other Principal Arte,,16,16,11848957,8,Cook,2,22,,,2,N,Yes,Free Flow,202201260124,City,1,26.51000023,Y,,,,(UNK),910746,(N/A),(UNK),No Defects,1,1,Other Principal Arterial,3,5043,X002726820,Not Toll,73,3,3,Four Way,14,2939664.18694993,1910092.66653175,41.88670505,-87.80494856,,Urban,1,N,(N/A),Y,(N/A)
2022,2022-03-04,Friday,9,09:24 AM,Property Damage,No Injuries,0,0,0,0,0,1,Fixed Object,6,N,N,Operating Vehicle In Reckless Manner,Unable to Determine,Daylight,Clear,Dry,N,,,,,No Controls,No Controls,Y,1,41.8701672,-87.8043895,ok,(UNK),1,22-00700,2022,,50,18,50000 and OVER,9,4295,Oak Park,C,Urban Other Principal Arte,,16,4,11656189,3,Cook,0,22,LIGHT POLE,,5,N,No,Slow,202201077435,City,1,20.32999992,Y,,,,(UNK),910804,(N/A),(UNK),No Defects,1,1,Other Principal Arterial,3,348,X002559027,Not Toll,73,1,1,Parking Lot,7,2939984.04475652,1904067.34735154,41.87015934,-87.80438372,,Urban,1,N,(N/A),Y,(N/A)
2022,2022-10-29,Saturday,12,12:40 PM,Property Damage,No Injuries,0,0,0,0,0,3,Front to Rear,11,N,N,Failing to Reduce Speed to Avoid Crash,Driving Skills/Knowledge/Experience,Daylight,Clear,Dry,N,,,,,No Controls,No Controls,N,3,41.8735762,-87.8022928,ok,Partial Access Control,3,03-22-15798,2022,,28,15,50000 and OVER,9,4295,Oak Park,C,Urban InterState,,16,29,11947675,10,Cook,0,22,,,6,N,No,(UNK),202201353132,ISP,1,21.68000031,Y,,,,(UNK),911356,(N/A),(UNK),No Defects,1,1,InterState,1,9290,X002813069,Not Toll,73,1,1,Divided With Median Barrier,3,2940520.92231751,1905325.38181819,41.87356835,-87.80228697,,Urban,1,N,(N/A),Y,(N/A)
2022,2022-10-30,Sunday,6,06:28 AM,Property Damage,No Injuries,0,0,0,0,0,2,Sideswipe Same Direction,12,N,N,Driving On Wrong Side/Wrong Way,Operating Vehicle In Reckless Manner,Darkness / Lighted Road,Clear,Dry,N,,,,,No Controls,No Controls,N,2,41.8709628,-87.7749486,ok,Partial Access Control,3,03-22-15831,2022,,5,50,50000 and OVER,9,4295,Oak Park,C,Urban InterState,,16,30,11947677,10,Cook,0,22,,,7,N,No,(UNK),202201353134,ISP,5,9.18000031,Y,,,,(UNK),911362,(N/A),(UNK),No Defects,1,1,InterState,1,290,X002813071,Not Toll,,1,1,Divided With Median Barrier,3,2947995.10956835,1904579.45297369,41.87095493,-87.77494283,,Urban,1,N,(N/A),Y,(N/A)
2022,2022-05-26,Thursday,17,05:15 PM,Injury,B Injury Crash,2,0,0,2,0,0,Angle,15,N,N,Failing to Yield Right of Way,Unable to Determine,Daylight,Clear,Dry,Y,,,,,Stop Sign,Functioning Properly,N,2,41.8982092,-87.7866304,ok,(UNK),1,2202980,2022,,2,18,50000 and OVER,9,4295,Oak Park,C,Urban Local Road or Street,,16,26,11754456,5,Cook,2,22,PARKWAY TREE,,4,N,Yes,Slow,202201169998,City,1,0,N,,,,(UNK),911427,(N/A),(UNK),No Defects,1,1,Local Road or Street,7,,X002644089,Not Toll,73,2,4,Four Way,14,2944537.7195325,1914420.0775773,41.89820136,-87.78662463,,Urban,1,N,(N/A),Y,(N/A)
2022,2022-09-22,Thursday,15,03:46 PM,Property Damage,No Injuries,0,0,0,0,0,2,Sideswipe Same Direction,12,N,N,Improper Lane Usage,Improper Overtaking/Passing,Daylight,Clear,Dry,N,,,,,Other,Functioning Properly,N,2,41.872636,-87.7939989,ok,Partial Access Control,3,03-22-13635,2022,,20,4,50000 and OVER,9,4295,Oak Park,C,Urban InterState,,16,22,11896336,9,Cook,0,22,,,4,N,No,(UNK),202201304521,ISP,1,22.07999992,Y,,,,(UNK),911579,(N/A),(UNK),No Defects,1,1,InterState,1,9290,X002768425,Not Toll,73,13,4,Divided With Median Barrier,3,2942789.37217653,1905045.11157359,41.87262811,-87.7939931,,Urban,1,N,(N/A),Y,(N/A)
2022,2022-08-13,Saturday,6,06:00 AM,Property Damage,No Injuries,0,0,0,0,0,2,Front to Rear,11,N,N,Improper Overtaking/Passing,Failing to Reduce Speed to Avoid Crash,Daylight,Clear,Dry,N,,,,,Other,Other,Y,2,41.8737674,-87.8043654,ok,Partial Access Control,3,03-22-11631,2022,,4,28,50000 and OVER,9,4295,Oak Park,C,Urban InterState,,16,13,11849199,8,Cook,0,22,,,6,N,No,(UNK),202201260302,ISP,1,21.59000015,Y,,,,(UNK),911684,(N/A),(UNK),Other,10,1,InterState,1,9290,X002726990,Not Toll,73,13,7,Ramp,11,2939954.5,1905379.5,41.87375953,-87.80435956,,Urban,1,N,(N/A),N,(N/A)
2022,2022-08-06,Saturday,22,10:00 PM,Property Damage,No Injuries,0,0,0,0,0,2,Front to Rear,11,N,N,Following Too Closely,Failing to Reduce Speed to Avoid Crash,Darkness / Lighted Road,Clear,Dry,N,,,,,Delineators,Functioning Improperly,N,2,41.8712358,-87.7744771,ok,Partial Access Control,3,03-22-11387,2022,,3,28,50000 and OVER,9,4295,Oak Park,C,Urban InterState,,16,6,11849326,8,Cook,0,22,,,6,N,No,(UNK),202201260422,ISP,5,23.07999992,Y,,,,(UNK),912199,(N/A),(UNK),No Defects,1,1,InterState,1,9290,X002727102,Not Toll,73,14,3,Divided With Median Barrier,3,2948120.77420925,1904682.52318477,41.87122794,-87.77447129,,Urban,1,N,(N/A),Y,(N/A)
2022,2022-10-28,Friday,21,09:46 PM,Injury,C Injury Crash,1,0,0,0,1,1,Turning,10,N,N,Failing to Yield Right of Way,Improper Turning/No Signal,Darkness / Lighted Road,Clear,Dry,Y,,,,,No Controls,No Controls,N,3,41.8796679,-87.8047358,ok,(UNK),1,2206733,2022,,2,6,50000 and OVER,9,4295,Oak Park,C,Urban Other Principal Arte,,16,28,11947858,10,Cook,1,22,,,5,N,No,Slow,202201353342,City,5,26.02000046,Y,,,,(UNK),912214,(N/A),(UNK),No Defects,1,1,Other Principal Arterial,3,5043,X002813221,Not Toll,73,1,1,Not Divided,1,2939794.39949383,1907526.97048161,41.87966003,-87.80473,,Urban,1,N,(N/A),Y,(N/A)
2022,2022-07-01,Friday,3,03:30 AM,Injury,B Injury Crash,1,0,0,1,0,5,Sideswipe Same Direction,12,N,N,Improper Lane Usage,Under Influence of Alcohol/Drugs,Darkness / Lighted Road,Clear,Dry,N,,,,,No Controls,No Controls,N,2,41.8712717,-87.7795363,ok,Partial Access Control,3,03-22-09223,2022,,20,8,50000 and OVER,9,4295,Oak Park,C,Urban InterState,,16,1,11799549,7,Cook,2,22,,,5,N,No,(UNK),202201213087,ISP,5,8.93999958,Y,,,,(UNK),912523,(N/A),(UNK),No Defects,1,1,InterState,1,290,X002683146,Not Toll,,1,1,Divided With Median Barrier,3,2946742.40497084,1904657.24674838,41.8712639,-87.77953047,,Urban,1,N,(N/A),Y,(N/A)
2022,2022-06-28,Tuesday,21,09:50 PM,Injury,C Injury Crash,1,0,0,0,1,2,Sideswipe Same Direction,12,N,N,Improper Lane Usage,Driving Skills/Knowledge/Experience,Darkness / Lighted Road,Clear,Dry,N,,,,,No Controls,No Controls,N,2,41.8726916,-87.7945804,ok,Partial Access Control,3,03-22-09102,2022,,20,15,50000 and OVER,9,4295,Oak Park,C,Urban InterState,,16,28,11799560,6,Cook,1,22,,,2,N,No,(UNK),202201213101,ISP,5,22.04000092,Y,,,,(UNK),912573,(N/A),(UNK),No Defects,1,1,InterState,1,9290,X002683157,Not Toll,73,1,1,Divided With Median Barrier,3,2942630.42206077,1905061.01651255,41.87268378,-87.79457462,,Urban,1,N,(N/A),Y,(N/A)
2022,2022-03-03,Thursday,16,04:30 PM,Property Damage,No Injuries,0,0,0,0,0,2,Front to Rear,11,N,N,Failing to Reduce Speed to Avoid Crash,Unable to Determine,Daylight,Clear,Dry,Y,,,,,Traffic Signal,Functioning Properly,Y,2,41.8796272,-87.8023297,ok,(UNK),1,2201143,2022,,28,18,50000 and OVER,9,4295,Oak Park,C,Urban Minor Arterial,,16,3,11656536,3,Cook,0,22,,,4,N,No,Stopped,202201077789,City,1,0,N,,,,(UNK),912780,(N/A),(UNK),No Defects,1,1,Minor Arterial,4,,X002557851,Not Toll,73,3,4,Four Way,14,2940450.08543638,1907530.21432558,41.87961939,-87.8023239,,Urban,1,N,(N/A),Y,(N/A)
2022,2022-03-03,Thursday,14,02:27 PM,Property Damage,No Injuries,0,0,0,0,0,4,Front to Rear,11,N,N,Failing to Reduce Speed to Avoid Crash,Unable to Determine,Daylight,Clear,Dry,N,,,,,No Controls,No Controls,N,2,41.8797553,-87.7953308,ok,(UNK),1,2201138,2022,,28,18,50000 and OVER,9,4295,Oak Park,C,Urban Minor Arterial,,16,3,11656535,3,Cook,0,22,,,4,N,No,Stopped,202201077788,City,1,3.53999996,N,,,,(UNK),912781,(N/A),(UNK),No Defects,1,1,Minor Arterial,4,1419,X002557850,Not Toll,73,1,1,Not Divided,1,2942354.87741177,1907629.48678535,41.87974742,-87.79532502,,Urban,1,N,(N/A),Y,(N/A)
2022,2022-07-05,Tuesday,2,02:50 AM,Property Damage,No Injuries,0,0,0,0,0,3,Front to Rear,11,N,N,Following Too Closely,Equipment-Vehicle Condition,Daylight,Clear,Dry,N,,,,,No Controls,No Controls,N,3,41.87193,-87.7839759,ok,Partial Access Control,3,03-22-09432,2022,,3,10,50000 and OVER,9,4295,Oak Park,C,Urban InterState,,16,5,11799615,7,Cook,0,22,,,2,N,No,(UNK),202201213161,ISP,1,22.60000038,Y,,,,(UNK),912793,(N/A),(UNK),No Defects,1,1,InterState,1,9290,X002683210,Not Toll,73,1,1,Divided With Median Barrier,3,2945526.5,1904863.5,41.87192213,-87.78397006,,Urban,1,N,(N/A),Y,(N/A)
2022,2022-03-04,Friday,23,11:35 PM,Property Damage,No Injuries,0,0,0,0,0,2,Sideswipe Opposite Direction,13,N,N,Driving Skills/Knowledge/Experience,Driving Skills/Knowledge/Experience,Darkness / Lighted Road,Clear,Dry,N,,,,,Traffic Signal,Functioning Properly,Y,2,41.9018961,-87.7838796,ok,(UNK),1,2201168,2022,,15,15,50000 and OVER,9,4295,Oak Park,C,Urban Major Collector,,16,4,11656539,3,Cook,0,22,,,5,N,Yes,Slow,202201077792,City,5,0,N,,,,(UNK),912817,(N/A),(UNK),No Defects,1,1,Major Collector,5,,X002557854,Not Toll,73,3,4,Not Divided,1,2945249.32151571,1915784.45553776,41.90188826,-87.78387382,,Urban,1,N,(N/A),Y,(N/A)
2022,2022-03-05,Saturday,10,10:07 AM,Property Damage,No Injuries,0,0,0,0,0,2,Angle,15,N,N,Disregarding Stop Sign,Failing to Yield Right of Way,Daylight,Clear,Dry,Y,,,,,Stop Sign,Functioning Properly,Y,2,41.8727266,-87.7792777,ok,(UNK),1,2201173,2022,,23,2,50000 and OVER,9,4295,Oak Park,C,Urban Minor Collector,,16,5,11656541,3,Cook,0,22,,,6,N,No,Free Flow,202201077794,City,1,0,N,,,,(UNK),912818,(N/A),(UNK),No Defects,1,1,Minor Collector,6,,X002558520,Not Toll,73,2,4,Four Way,14,2946798.07643617,1905189.38243985,41.87271876,-87.77927191,,Urban,1,N,(N/A),Y,(N/A)
2022,2022-03-01,Tuesday,13,01:18 PM,Property Damage,No Injuries,0,0,0,0,0,2,Sideswipe Same Direction,12,N,N,Improper Overtaking/Passing,(N/A),Daylight,Clear,Dry,Y,,,,,Traffic Signal,Functioning Properly,N,2,41.8945678,-87.7848658,ok,(UNK),1,2201084,2022,,4,99,50000 and OVER,9,4295,Oak Park,C,Urban Minor Arterial,,16,1,11656537,3,Cook,0,22,,,2,N,No,Slow,202201077790,City,1,0,N,,,,(UNK),912819,(N/A),(UNK),No Defects,1,1,Minor Arterial,4,,X002557852,Not Toll,73,3,4,"Divided, No Median Barrier",2,2945055.0186435,1913106.43468893,41.89456,-87.78486,,Urban,1,N,(N/A),Y,(N/A)
2022,2022-03-03,Thursday,17,05:14 PM,Property Damage,No Injuries,0,0,0,0,0,2,Turning,10,N,N,Failing to Yield Right of Way,Unable to Determine,Daylight,Clear,Dry,Y,,,,,Stop Sign,Functioning Properly,N,2,41.8834467,-87.7845443,ok,(UNK),1,2201144,2022,,2,18,50000 and OVER,9,4295,Oak Park,C,Urban Major Collector,,16,3,11656577,3,Cook,0,22,,,4,N,No,Slow,202201077796,City,1,0,N,,,,(UNK),912867,(N/A),(UNK),No Defects,1,1,Major Collector,5,,X002557849,Not Toll,73,2,4,"Divided, No Median Barrier",2,2945255.12135716,1909056.10260372,41.88343884,-87.78453852,,Urban,1,N,(N/A),Y,(N/A)
2022,2022-03-04,Friday,10,10:45 AM,Property Damage,No Injuries,0,0,0,0,0,2,Turning,10,N,N,Improper Lane Usage,Improper Turning/No Signal,Darkness / Lighted Road,Clear,Dry,N,,,,,No Controls,No Controls,N,2,41.6928471,-87.603541,outside_oak_park,(UNK),3,03-22-03098,2022,,20,6,50000 and OVER,9,4295,Oak Park,C,Urban Minor Arterial,,16,4,11656637,3,Cook,0,22,,,5,N,No,(UNK),202201077867,ISP,5,3.1099999,N,,,,(UNK),913115,(N/A),(UNK),No Defects,1,1,Minor Arterial,4,1582,X002559410,Not Toll,,1,1,"Divided, No Median Barrier",2,2996619.16172908,1841019.00267498,41.69283931,-87.60353526,,Urban,1,N,(N/A),Y,(N/A)
2022,2022-05-24,Tuesday,13,01:50 PM,Injury,B Injury Crash,1,0,0,1,0,1,Pedalcyclist,2,N,Y,Disregarding Stop Sign,Unable to Determine,Daylight,Clear,Dry,Y,,,,,Stop Sign,Functioning Properly,N,1,41.888428,-87.7879608,ok,(UNK),1,2202925,2022,,23,18,50000 and OVER,9,4295,Oak Park,C,Urban Major Collector,,16,24,11755088,5,Cook,2,22,,,2,N,No,Slow,202201170738,City,1,0,N,,,,(UNK),913914,(N/A),(UNK),No Defects,1,1,Major Collector,5,,X002644625,Not Toll,73,2,4,Not Divided,1,2944274.37371753,1910845.55477121,41.88842012,-87.78795503,,Urban,1,N,(N/A),Y,(N/A)
2022,2022-05-19,Thursday,17,05:27 PM,Property Damage,No Injuries,0,0,0,0,0,3,Front to Rear,11,N,N,Failing to Reduce Speed to Avoid Crash,Unable to Determine,Daylight,Clear,Dry,N,,,,,No Controls,No Controls,N,2,41.8849556,-87.7944121,ok,(UNK),1,2202832,2022,,28,18,50000 and OVER,9,4295,Oak Park,C,Urban Major Collector,,16,19,11755169,5,Cook,0,22,,,4,N,No,Slow,202201170829,City,1,5.78999996,N,,,,(UNK),914075,(N/A),(UNK),No Defects,1,1,Major Collector,5,2775,X002644703,Not Toll,73,1,1,Not Divided,1,2942552.66087306,1909531.49697755,41.88494774,-87.79440633,,Urban,1,N,(N/A),Y,(N/A)
2022,2022-08-10,Wednesday,3,03:08 AM,Property Damage,No Injuries,0,0,0,0,0,1,Fixed Object,6,N,N,Physical Condition of Driver,Improper Lane Usage,Darkness,Clear,Dry,N,,,,,No Controls,No Controls,N,1,41.8719838,-87.7849798,ok,Partial Access Control,3,03-22-11382,2022,,17,20,50000 and OVER,9,4295,Oak Park,C,Urban InterState,,16,10,11849792,8,Cook,0,22,,,3,N,No,(UNK),202201260879,ISP,4,22.54999924,Y,,,,(UNK),914289,(N/A),(UNK),No Defects,1,1,InterState,1,9290,X002727561,Not Toll,73,1,1,Divided With Median Barrier,3,2945252.51290837,1904875.51562511,41.87197594,-87.78497399,,Urban,1,N,(N/A),Y,(N/A)
2022,2022-08-16,Tuesday,16,04:43 PM,Property Damage,No Injuries,0,0,0,0,0,2,Front to Rear,11,N,N,Following Too Closely,(N/A),Daylight,Clear,Dry,N,,,,,No Controls,No Controls,N,2,41.8727381,-87.795041,ok,Partial Access Control,3,03-22-11684,2022,,3,99,50000 and OVER,9,4295,Oak Park,C,Urban InterState,,16,16,11849910,8,Cook,0,22,,,2,N,No,(UNK),202201260983,ISP,1,22.02000046,Y,,,,(UNK),914716,(N/A),(UNK),No Defects,1,1,InterState,1,9290,X002727665,Not Toll,73,1,1,Divided With Median Barrier,3,2942504.5,1905074.5,41.87273029,-87.79503522,,Urban,1,N,(N/A),Y,(N/A)
2022,2022-01-20,Thursday,11,11:31 AM,Injury,C Injury Crash,1,0,0,0,1,2,Angle,15,N,N,Disregarding Traffic Signals,Failing to Reduce Speed to Avoid Crash,Daylight,Clear,Dry,Y,,,,,Traffic Signal,Functioning Properly,N,2,41.8832478,-87.8048558,ok,(UNK),1,22-00229,2022,,25,28,50000 and OVER,9,4295,Oak Park,C,Urban Other Principal Arte,,16,20,11598024,1,Cook,1,22,,,4,N,No,Free Flow,202201026485,City,1,26.27000046,Y,,,,(UNK),915738,(N/A),(UNK),No Defects,1,1,Other Principal Arterial,3,5043,X002510844,Not Toll,73,3,4,"Divided, No Median Barrier",2,2939725.79669042,1908830.67683626,41.88324,-87.80485,,Urban,1,N,(N/A),Y,(N/A)
2022,2022-05-31,Tuesday,8,08:33 AM,Property Damage,No Injuries,0,0,0,0,0,2,Turning,10,N,N,Improper Turning/No Signal,Unable to Determine,Daylight,Clear,Dry,Y,,,,,Traffic Signal,Functioning Properly,N,2,41.8736413,-87.8045235,ok,Partial Access Control,1,22-01583,2022,,6,18,50000 and OVER,9,4295,Oak Park,C,Urban InterState,,16,31,11755604,5,Cook,0,22,,,2,N,No,Free Flow,202201171224,City,1,25.61000061,Y,,,,(UNK),916168,(N/A),(UNK),No Defects,1,1,InterState,1,5043,X002645090,Not Toll,73,3,4,Divided With Median Barrier,3,2939912.70263369,1905332.38399099,41.87363349,-87.80451766,,Urban,1,N,(N/A),Y,(N/A)
2022,2022-08-05,Friday,16,04:42 PM,Injury,B Injury Crash,1,0,0,1,0,3,Front to Rear,11,N,N,Failing to Reduce Speed to Avoid Crash,Following Too Closely,Daylight,Clear,Dry,N,,,,,No Controls,No Controls,N,3,41.8883403,-87.7850389,ok,(UNK),1,2204679,2022,,28,3,50000 and OVER,9,4295,Oak Park,C,Urban Major Collector,,16,5,11850352,8,Cook,2,22,,,5,N,Yes,Slow,202201261291,City,1,0.82999998,N,,,,(UNK),916192,(N/A),(UNK),No Defects,1,1,Major Collector,5,1405,X002727963,Not Toll,73,1,1,Not Divided,1,2945070.92547688,1910835.70192086,41.88833249,-87.78503305,,Urban,1,N,(N/A),Y,(N/A)
2022,2022-08-05,Friday,23,11:26 PM,Property Damage,No Injuries,0,0,0,0,0,2,Sideswipe Same Direction,12,N,N,(N/A),(N/A),Darkness / Lighted Road,Clear,Dry,N,,,,,No Controls,No Controls,Y,2,41.8814752,-87.8012692,ok,(UNK),1,2204683,2022,,99,99,50000 and OVER,9,4295,Oak Park,C,Urban Major Collector,,16,5,11850362,8,Cook,0,22,,,5,N,No,Free Flow,202201261302,City,5,0.18000001,N,,,,(UNK),916238,(N/A),(UNK),No Defects,1,1,Major Collector,5,5,X002727973,Not Toll,73,1,1,"Divided, No Median Barrier",2,2940720.3345729,1908211.61611046,41.88146738,-87.8012634,,Urban,1,N,(N/A),Y,(N/A)
2022,2022-08-06,Saturday,15,03:28 PM,Property Damage,No Injuries,0,0,0,0,0,2,Turning,10,N,N,Failing to Yield Right of Way,Improper Overtaking/Passing,Daylight,Clear,Dry,Y,,,,,Traffic Signal,Functioning Properly,N,2,41.8762736,-87.784366,ok,(UNK),1,2204699,2022,,2,4,50000 and OVER,9,4295,Oak Park,C,Urban Major Collector,,16,6,11850419,8,Cook,0,22,,,6,N,No,Free Flow,202201261332,City,1,0,N,,,,(UNK),916408,(N/A),(UNK),No Defects,1,1,Major Collector,5,,X002728003,Not Toll,73,3,4,Four Way,14,2945376.28711533,1906443.45975077,41.87626579,-87.78436017,,Urban,1,N,(N/A),Y,(N/A)
2022,2022-10-31,Monday,7,07:19 AM,Injury,C Injury Crash,1,0,0,0,1,3,Angle,15,N,N,Failing to Yield Right of Way,Failing to Reduce Speed to Avoid Crash,Dawn,Rain,Wet,Y,,,,,Stop Sign,Functioning Properly,Y,3,41.8918357,-87.8051504,ok,(UNK),1,2206778,2022,,2,28,50000 and OVER,9,4295,Oak Park,C,Urban Other Principal Arte,,16,31,11948853,10,Cook,1,22,,,1,N,Yes,(UNK),202201354338,City,2,26.87000084,Y,,,,(UNK),916527,(N/A),(UNK),No Defects,1,2,Other Principal Arterial,3,5043,X002814150,Not Toll,73,2,4,"Divided, No Median Barrier",2,2939559.39996669,1911958.02301008,41.89182781,-87.8051446,,Urban,2,N,(N/A),Y,(N/A)
2022,2022-09-25,Sunday,15,03:30 PM,Property Damage,No Injuries,0,0,0,0,0,2,Front to Rear,11,N,N,Following Too Closely,(N/A),Daylight,Clear,Dry,N,,,,,No Controls,No Controls,N,2,41.8726887,-87.7932676,ok,(UNK),3,03-22-13807,2022,,3,99,50000 and OVER,9,4295,Oak Park,C,Urban Local Road or Street,,16,25,11897305,9,Cook,0,22,,,7,N,No,(UNK),202201305470,ISP,1,0.04,N,,,,(UNK),916645,(N/A),(UNK),No Defects,1,1,Local Road or Street,7,290,X002769347,Not Toll,,1,1,Divided With Median Barrier,3,2942988.02328551,1905069.83268012,41.87268083,-87.79326181,,Urban,1,N,(N/A),Y,(N/A)
2022,2022-10-28,Friday,23,11:00 PM,Property Damage,No Injuries,0,0,0,0,0,1,Parked Motor Vehicle,9,N,N,Unable to Determine,Unable to Determine,Darkness / Lighted Road,Unknown,Unknown,N,,,,,No Controls,No Controls,Y,2,41.8650617,-87.8018535,ok,(UNK),1,22-09445,2022,,18,18,50000 and OVER,9,4295,Oak Park,C,Urban Other Principal Arte,,16,28,11948956,10,Cook,0,22,,,5,N,No,Free Flow,202201354431,City,5,6.11000013,Y,,,,(UNK),916930,(N/A),(UNK),Unknown,99,9,Other Principal Arterial,3,347,X002814246,Not Toll,73,1,1,"Divided, No Median Barrier",2,2940726.07674899,1902225.85196358,41.86505386,-87.80184774,,Urban,9,N,(N/A),N,(N/A)
2022,2022-08-18,Thursday,7,07:30 AM,Property Damage,No Injuries,0,0,0,0,0,2,Front to Rear,11,N,N,Improper Lane Usage,(N/A),Daylight,Clear,Dry,Y,,,,,Traffic Signal,Functioning Properly,Y,2,41.8865621,-87.8049459,ok,(UNK),1,22-02497,2022,,20,99,50000 and OVER,9,4295,Oak Park,C,Urban Other Principal Arte,,16,18,11850634,8,Cook,0,22,,,4,N,No,Stopped,202201261466,City,1,26.5,Y,,,,(UNK),917214,(N/A),(UNK),No Defects,1,1,Other Principal Arterial,3,5043,X002728145,Not Toll,73,3,4,Divided With Median Barrier,3,2939667.99892493,1910037.77663562,41.88655426,-87.80494012,,Urban,1,N,(N/A),Y,(N/A)
2022,2022-01-19,Wednesday,15,03:47 PM,Property Damage,No Injuries,0,0,0,0,0,3,Front to Rear,11,N,N,Failing to Reduce Speed to Avoid Crash,Driving Skills/Knowledge/Experience,Daylight,Clear,Dry,N,,,,,No Controls,No Controls,Y,3,41.8719278,-87.7840053,ok,Partial Access Control,3,03-22-00825,2022,,28,15,50000 and OVER,9,4295,Oak Park,C,Urban InterState,,16,19,11598411,1,Cook,0,22,,,3,N,No,(UNK),202201026832,ISP,1,22.60000038,Y,,,,(UNK),917326,(N/A),(UNK),No Defects,1,1,InterState,1,9290,X002511205,Not Toll,73,1,1,Divided With Median Barrier,3,2945518.5,1904862.5,41.87192,-87.78399952,,Urban,1,N,(N/A),Y,(N/A)
2022,2022-03-04,Friday,18,06:40 PM,Property Damage,No Injuries,0,0,0,0,0,1,Parked Motor Vehicle,9,N,N,Failing to Reduce Speed to Avoid Crash,Unable to Determine,Darkness / Lighted Road,Clear,Dry,N,,,,,No Controls,No Controls,Y,2,41.881568,-87.795637,ok,(UNK),1,2201180,2022,,28,18,50000 and OVER,9,4295,Oak Park,C,Urban Major Collector,,16,4,11657650,3,Cook,0,22,,,5,N,No,Slow,202201078865,City,5,0,N,,,,(UNK),917648,(N/A),(UNK),No Defects,1,1,Major Collector,5,,X002560319,Not Toll,73,1,1,Not Divided,1,2942253.2438124,1908287.76744696,41.88156014,-87.79563116,,Urban,1,N,(N/A),Y,(N/A)