crash_year,crash_date,day_of_week,crash_hour,time_of_crash,crash_severity,crash_injury_severity,total_injured,total_fatals,a_injuries,b_injuries,c_injuries,no_injuries,type_of_first_crash,collision_type_code,pedestrian_involved,pedalcyclist_involved,cause1,cause2,lighting_cond,weather_cond,road_surface_cond,intersection_related,is_intersection,highway_or_street_name,at_intersection_with,address_no,traffic_control_device,traffic_control_device_cond,hit_and_run,number_of_vehicles,latitude,longitude,location_status,access_control,agency_code,agency_report_number,agency_report_year,alignment_code,cause1_code,cause2_code,city_class,city_class_code,city_code,city_name,city_township_flag,class_of_trafficway,class_of_trafficway_code,county_code,crash_day,crash_id,crash_month,crash_report_county,crash_severity_cd,crash_yr_source,damaged_property1,damaged_property2,day_of_week_code,did_crash_occur_in_work_zone,did_involve_secondary_crash,flow_condition,icn,investigating_agency_descrip,light_condition_code,mile_station,nhs,non_intersection_direction,non_intersection_distance,non_intersection_units,number_of_lanes,objectid,railroad_crossing_number,road_alignment,road_defects,road_defects_code,road_surface_condition_code,roadway_functional_class,roadway_functional_class_code,route_number,sfe,toll,township,traffic_control_device_code,traffic_control_device_cond_code,trafficway_descrip,trafficway_description_code,ts_crash_coordinate_x,ts_crash_coordinate_y,ts_crash_latitude,ts_crash_longitude,type_report,urban_rural,weather_code,were_workers_present,work_zone,work_zone_related,work_zone_type
2022,2022-03-04,Friday,14,02:43 PM,Property Damage,No Injuries,0,0,0,0,0,4,Front to Rear,11,N,N,Failing to Reduce Speed to Avoid Crash,Unable to Determine,Daylight,Clear,Dry,N,,,,,Traffic Signal,Functioning Properly,Y,3,41.8869836,-87.7846457,ok,(UNK),1,2201160,2022,,28,18,50000 and OVER,9,4295,Oak Park,C,Urban Major Collector,,16,4,11657660,3,Cook,0,22,,,5,N,Yes,Stopped,202201078875,City,1,0,N,,,,(UNK),917699,(N/A),(UNK),No Defects,1,1,Major Collector,5,,X002560311,Not Toll,73,3,4,Not Divided,1,2945191.71029925,1910344.2420506,41.88697572,-87.78463992,,Urban,1,N,(N/A),Y,(N/A)
2022,2022-03-04,Friday,7,07:55 AM,Property Damage,No Injuries,0,0,0,0,0,3,Angle,15,N,N,Failing to Yield Right of Way,Driving Skills/Knowledge/Experience,Daylight,Clear,Dry,Y,,,,,Stop Sign,Functioning Properly,N,2,41.8982092,-87.7866292,ok,(UNK),1,2201152,2022,,2,15,50000 and OVER,9,4295,Oak Park,C,Urban Local Road or Street,,16,4,11657652,3,Cook,0,22,,,5,N,No,Free Flow,202201078866,City,1,0,N,,,,(UNK),917701,(N/A),(UNK),No Defects,1,1,Local Road or Street,7,,X002560303,Not Toll,73,2,4,Not Divided,1,2944538.05519338,1914420.09454723,41.89820138,-87.78662339,,Urban,1,N,(N/A),Y,(N/A)
2022,2022-03-05,Saturday,14,02:16 PM,Property Damage,No Injuries,0,0,0,0,0,2,Parked Motor Vehicle,9,N,N,Driving Skills/Knowledge/Experience,Unable to Determine,Daylight,Cloudy/Overcast,Dry,N,,,,,No Controls,No Controls,N,2,41.8854358,-87.799173,ok,(UNK),1,2201182,2022,,15,18,50000 and OVER,9,4295,Oak Park,C,Urban Local Road or Street,,16,5,11657655,3,Cook,0,22,,,6,N,No,Free Flow,202201078869,City,1,0.04,N,,,,(UNK),917702,(N/A),(UNK),No Defects,1,1,Local Road or Street,7,3030,X002560306,Not Toll,73,1,1,Not Divided,1,2941251.35630125,1909670.68505759,41.88542799,-87.79916721,,Urban,8,N,(N/A),Y,(N/A)
2022,2022-03-06,Sunday,0,00:34 AM,Property Damage,No Injuries,0,0,0,0,0,3,Sideswipe Same Direction,12,N,N,Improper Overtaking/Passing,Unable to Determine,Darkness / Lighted Road,Unknown,Unknown,Y,,,,,Traffic Signal,Functioning Properly,Y,2,41.8815878,-87.7943358,ok,(UNK),1,2201191,2022,,4,18,50000 and OVER,9,4295,Oak Park,C,Urban Major Collector,,16,6,11657663,3,Cook,0,22,,,7,N,No,(UNK),202201078878,City,5,0,N,,,,(UNK),917704,(N/A),(UNK),No Defects,1,9,Major Collector,5,,X002560314,Not Toll,73,3,4,"Divided, No Median Barrier",2,2942607.39197709,1908304.80420034,41.88158,-87.79433,,Urban,9,N,(N/A),Y,(N/A)
2022,2022-03-06,Sunday,8,08:33 AM,Property Damage,No Injuries,0,0,0,0,0,1,Parked Motor Vehicle,9,N,N,Unable to Determine,(N/A),Unknown,Unknown,Unknown,N,,,,,No Controls,No Controls,Y,2,41.8692109,-87.7938818,ok,(UNK),1,2201188,2022,,18,99,50000 and OVER,9,4295,Oak Park,C,Urban Major Collector,,16,6,11657662,3,Cook,0,22,,,7,N,No,Free Flow,202201078877,City,9,6.88000011,N,,,,(UNK),917740,(N/A),(UNK),No Defects,1,9,Major Collector,5,2775,X002560313,Not Toll,73,1,1,"Divided, No Median Barrier",2,2942855.78203061,1903797.85778596,41.8692031,-87.79387602,,Urban,9,N,(N/A),Y,(N/A)
2022,2022-03-06,Sunday,11,11:54 AM,Property Damage,No Injuries,0,0,0,0,0,5,Front to Rear,11,N,N,Following Too Closely,Failing to Reduce Speed to Avoid Crash,Daylight,Cloudy/Overcast,Dry,Y,,,,,No Controls,No Controls,N,2,41.9092379,-87.7769119,ok,(UNK),1,2201194,2022,,3,28,50000 and OVER,9,4295,Oak Park,C,Urban Other Principal Arte,,16,6,11657664,3,Cook,0,22,,,7,N,No,Slow,202201078879,City,1,130.66000366,Y,,,,(UNK),917741,(N/A),(UNK),No Defects,1,1,Other Principal Arterial,3,5064,X002560315,Not Toll,73,1,1,"Divided, No Median Barrier",2,2947071.67591271,1918512.72819191,41.90923,-87.77690613,,Urban,8,N,(N/A),Y,(N/A)
2022,2022-07-06,Wednesday,7,07:09 AM,Property Damage,No Injuries,0,0,0,0,0,2,Front to Rear,11,N,N,Failing to Reduce Speed to Avoid Crash,Driving Skills/Knowledge/Experience,Daylight,Cloudy/Overcast,Wet,N,,,,,No Controls,No Controls,N,2,41.8737651,-87.8043875,ok,Partial Access Control,3,03-22-09451,2022,,28,15,50000 and OVER,9,4295,Oak Park,C,Urban InterState,,16,6,11800581,7,Cook,0,22,,,3,N,No,(UNK),202201214111,ISP,1,21.59000015,Y,,,,(UNK),917783,(N/A),(UNK),No Defects,1,2,InterState,1,9290,X002684072,Not Toll,73,1,1,Divided With Median Barrier,3,2939948.5,1905378.5,41.87375724,-87.80438167,,Urban,8,N,(N/A),Y,(N/A)
2022,2022-07-06,Wednesday,9,09:20 AM,Property Damage,No Injuries,0,0,0,0,0,2,Sideswipe Same Direction,12,N,N,Improper Overtaking/Passing,Driving Skills/Knowledge/Experience,Daylight,Clear,Dry,N,,,,,No Controls,No Controls,N,2,41.8730835,-87.8002818,ok,Partial Access Control,3,03-22-09457,2022,,4,15,50000 and OVER,9,4295,Oak Park,C,Urban InterState,,16,6,11800582,7,Cook,0,22,,,3,N,No,(UNK),202201214112,ISP,1,7.9000001,Y,,,,(UNK),917784,(N/A),(UNK),No Defects,1,1,InterState,1,290,X002684073,Not Toll,,1,1,Divided With Median Barrier,3,2941073.60249781,1905160.95266407,41.87307569,-87.80027597,,Urban,1,N,(N/A),Y,(N/A)
2022,2022-11-02,Wednesday,14,02:22 PM,Property Damage,No Injuries,0,0,0,0,0,2,Sideswipe Same Direction,12,N,N,Improper Overtaking/Passing,Improper Overtaking/Passing,Daylight,Clear,Dry,Y,,,,,No Controls,No Controls,N,2,41.8885679,-87.8050251,ok,(UNK),1,2201298,2022,,4,4,50000 and OVER,9,4295,Oak Park,C,Urban Other Principal Arte,,16,2,11949203,11,Cook,0,22,,,3,N,No,Free Flow,202201354806,City,1,26.63999939,Y,,,,(UNK),917917,(N/A),(UNK),No Defects,1,1,Other Principal Arterial,3,5043,X002814454,Not Toll,73,1,1,Not Divided,1,2939626.31052825,1910768.12137375,41.88856002,-87.8050193,,Urban,1,N,(N/A),Y,(N/A)
2022,2022-05-29,Sunday,14,02:40 PM,Injury,B Injury Crash,1,0,0,1,0,3,Front to Rear,11,N,N,Following Too Closely,Failing to Reduce Speed to Avoid Crash,Daylight,Clear,Dry,N,,,,,No Controls,Functioning Properly,N,2,41.8715236,-87.7790879,ok,Partial Access Control,3,03-22-07430,2022,,3,28,50000 and OVER,9,4295,Oak Park,C,Urban InterState,,16,29,11755971,5,Cook,2,22,,,7,N,No,(UNK),202201171576,ISP,1,22.85000038,Y,,,,(UNK),917987,(N/A),(UNK),No Defects,1,1,InterState,1,9290,X002645440,Not Toll,73,1,4,Divided With Median Barrier,3,2946861.98612634,1904752.44242494,41.8715158,-87.77908206,,Urban,1,N,(N/A),Y,(N/A)
2022,2022-05-24,Tuesday,10,10:00 AM,Property Damage,No Injuries,0,0,0,0,0,3,Sideswipe Same Direction,12,N,N,Unable to Determine,Unable to Determine,Daylight,Clear,Dry,N,,,,,No Controls,No Controls,N,2,41.894784,-87.7799892,ok,(UNK),1,2202921,2022,,18,18,50000 and OVER,9,4295,Oak Park,C,Urban Local Road or Street,,16,24,11756187,5,Cook,0,22,,,2,N,No,Slow,202201171811,City,1,0.99000001,N,,,,(UNK),918907,(N/A),(UNK),No Defects,1,1,Local Road or Street,7,3559,X002645635,Not Toll,73,1,1,"Divided, No Median Barrier",2,2946380.61785811,1913222.10676674,41.89477611,-87.7799834,,Urban,1,N,(N/A),Y,(N/A)
2022,2022-05-25,Wednesday,6,06:57 AM,Property Damage,No Injuries,0,0,0,0,0,2,Front to Rear,11,N,N,Failing to Reduce Speed to Avoid Crash,Unable to Determine,Daylight,Rain,Wet,Y,,,,,Stop Sign,Functioning Properly,Y,2,41.8670686,-87.7888958,ok,(UNK),1,2202943,2022,,28,18,50000 and OVER,9,4295,Oak Park,C,Urban Minor Collector,,16,25,11756203,5,Cook,0,22,,,3,N,No,Slow,202201171823,City,1,0,N,,,,(UNK),918972,(N/A),(UNK),No Defects,1,2,Minor Collector,6,,X002645644,Not Toll,73,2,4,Not Divided,1,2944235.5287483,1903054.74687235,41.86706075,-87.78889003,,Urban,2,N,(N/A),Y,(N/A)
2022,2022-09-18,Sunday,1,01:00 AM,Injury,B Injury Crash,1,0,0,1,0,7,Front to Rear,11,N,N,Failing to Reduce Speed to Avoid Crash,Following Too Closely,Darkness / Lighted Road,Clear,Dry,N,,,,,Traffic Signal,Functioning Properly,N,4,41.8735932,-87.8042701,ok,Partial Access Control,3,03-22-13406,2022,,28,3,50000 and OVER,9,4295,Oak Park,C,Urban InterState,,16,18,11898155,9,Cook,2,22,,,7,N,No,(UNK),202201305914,ISP,5,0,Y,,,,(UNK),919078,(N/A),(UNK),No Defects,1,1,InterState,1,,X002769782,Not Toll,,3,4,Other,8,2939982.19611052,1905316.74727595,41.87358536,-87.80426429,,Urban,1,N,(N/A),Y,(N/A)
2022,2022-05-26,Thursday,9,09:23 AM,Property Damage,No Injuries,0,0,0,0,0,2,Front to Rear,11,N,N,Failing to Reduce Speed to Avoid Crash,Unable to Determine,Daylight,Clear,Dry,N,,,,,No Controls,No Controls,N,2,41.8820259,-87.7747232,ok,(UNK),1,2202967,2022,,28,18,50000 and OVER,9,4295,Oak Park,C,Urban Minor Arterial,,16,26,11756230,5,Cook,0,22,,,4,N,No,Free Flow,202201171849,City,1,7.55999994,N,,,,(UNK),919135,(N/A),(UNK),No Defects,1,1,Minor Arterial,4,2790,X002645659,Not Toll,,1,1,"Divided, No Median Barrier",2,2947944.10774292,1908612.77126147,41.88201804,-87.77471736,,Urban,1,N,(N/A),Y,(N/A)
2022,2022-01-16,Sunday,2,02:02 AM,Injury,B Injury Crash,1,0,0,1,0,1,Angle,15,N,N,Disregarding Stop Sign,Disregarding Stop Sign,Darkness / Lighted Road,Other,Wet,Y,,,,,Stop Sign,Functioning Properly,Y,2,41.8707778,-87.7792158,ok,(UNK),1,2200291,2022,,23,23,50000 and OVER,9,4295,Oak Park,C,Urban Minor Collector,,16,16,11598955,1,Cook,2,22,,,7,N,No,Free Flow,202201027244,City,5,0,N,,,,(UNK),919446,(N/A),(UNK),No Defects,1,2,Minor Collector,6,,X002511000,Not Toll,73,2,4,Not Divided,1,2946834.70176392,1904479.68816293,41.87077,-87.77921,,Urban,7,N,(N/A),Y,(N/A)
2022,2022-08-15,Monday,23,11:47 PM,Property Damage,No Injuries,0,0,0,0,0,2,Sideswipe Same Direction,12,N,N,Improper Lane Usage,Improper Overtaking/Passing,Darkness / Lighted Road,Clear,Dry,N,,,,,No Controls,No Controls,Y,2,41.8737485,-87.8042096,ok,Partial Access Control,3,03-22-11659,2022,,20,4,50000 and OVER,9,4295,Oak Park,C,Urban InterState,,16,15,11851100,8,Cook,0,22,,,1,N,No,(UNK),202201261891,ISP,5,21.60000038,Y,,,,(UNK),919628,(N/A),(UNK),No Defects,1,1,InterState,1,9290,X002728579,Not Toll,73,1,1,Divided With Median Barrier,3,2939997.10044392,1905373.80922229,41.87374071,-87.80420384,,Urban,1,N,(N/A),Y,(N/A)
2022,2022-05-26,Thursday,12,12:45 PM,Injury,C Injury Crash,1,0,0,0,1,1,Angle,15,N,N,Failing to Yield Right of Way,Unable to Determine,Daylight,Clear,Dry,Y,,,,,Stop Sign,Functioning Properly,N,2,41.8998039,-87.7899318,ok,(UNK),1,2202971,2022,,2,18,50000 and OVER,9,4295,Oak Park,C,Urban Local Road or Street,,16,26,11756341,5,Cook,1,22,,,4,N,No,Slow,202201171963,City,1,0,N,,,,(UNK),919658,(N/A),(UNK),No Defects,1,1,Local Road or Street,7,,X002645745,Not Toll,73,2,4,"Divided, No Median Barrier",2,2943622.76106481,1914976.26683519,41.89979601,-87.78992604,,Urban,1,N,(N/A),Y,(N/A)
2022,2022-05-26,Thursday,15,03:21 PM,Property Damage,No Injuries,0,0,0,0,0,4,Front to Rear,11,N,N,Failing to Reduce Speed to Avoid Crash,(N/A),Daylight,Clear,Dry,N,,,,,No Controls,No Controls,Y,2,41.8901476,-87.7847679,ok,(UNK),1,2202977,2022,,28,99,50000 and OVER,9,4295,Oak Park,C,Urban Major Collector,,16,26,11756342,5,Cook,0,22,,,4,N,No,Stopped,202201171964,City,1,0.80000001,N,,,,(UNK),919659,(N/A),(UNK),No Defects,1,1,Major Collector,5,2783,X002645746,Not Toll,73,1,1,"Divided, No Median Barrier",2,2945126.42714619,1911496.35166465,41.89013975,-87.78476206,,Urban,1,N,(N/A),Y,(N/A)
2022,2022-09-25,Sunday,3,03:14 AM,Property Damage,No Injuries,0,0,0,0,0,2,Front to Rear,11,N,N,Under Influence of Alcohol/Drugs,Failing to Reduce Speed to Avoid Crash,Darkness / Lighted Road,Clear,Dry,Y,,,,,Traffic Signal,Functioning Properly,N,2,41.9087836,-87.8057828,ok,(UNK),1,2201096,2022,,8,28,50000 and OVER,9,4295,Oak Park,C,Urban Other Principal Arte,,16,25,11898300,9,Cook,0,22,,,7,N,No,Stopped,202201306060,City,5,28.04000092,Y,,,,(UNK),919677,(N/A),(UNK),No Defects,1,1,Other Principal Arterial,3,5043,X002769916,Not Toll,73,3,4,Divided With Median Barrier,3,2939217.15400692,1918129.42300251,41.90877572,-87.80577698,,Urban,1,N,(N/A),Y,(N/A)
2022,2022-09-15,Thursday,14,02:05 PM,Property Damage,No Injuries,0,0,0,0,0,2,Sideswipe Same Direction,12,N,N,Improper Lane Usage,Failing to Reduce Speed to Avoid Crash,Daylight,Clear,Dry,N,,,,,Other,Functioning Properly,N,2,41.8727431,-87.7950563,ok,Partial Access Control,3,03-22-13247,2022,,20,28,50000 and OVER,9,4295,Oak Park,C,Urban InterState,,16,15,11898329,9,Cook,0,22,,,4,N,No,(UNK),202201306089,ISP,1,22.02000046,Y,,,,(UNK),919826,(N/A),(UNK),No Defects,1,1,InterState,1,9290,X002769945,Not Toll,73,13,4,Divided With Median Barrier,3,2942500.27807133,1905076.18758256,41.87273524,-87.79505054,,Urban,1,N,(N/A),Y,(N/A)
2022,2022-05-15,Sunday,14,02:30 PM,Property Damage,No Injuries,0,0,0,0,0,1,Parked Motor Vehicle,9,N,N,Failing to Reduce Speed to Avoid Crash,(N/A),Daylight,Clear,Dry,N,,,,,No Controls,No Controls,Y,3,41.8746582,-87.8036711,ok,(UNK),1,2202730,2022,,28,99,50000 and OVER,9,4295,Oak Park,C,Urban Local Road or Street,,16,15,11756514,5,Cook,0,22,,,7,N,Yes,Free Flow,202201172157,City,1,0.81999999,N,,,,(UNK),920230,(N/A),(UNK),No Defects,1,1,Local Road or Street,7,2718,X002645905,Not Toll,73,1,1,Alley,12,2940134.64882379,1905709.35361,41.87465039,-87.8036653,,Urban,1,N,(N/A),Y,(N/A)
2022,2022-05-27,Friday,8,08:06 AM,Property Damage,No Injuries,0,0,0,0,0,2,Angle,15,N,N,Failing to Yield Right of Way,Failing to Reduce Speed to Avoid Crash,Daylight,Cloudy/Overcast,Dry,N,,,,,No Controls,No Controls,N,2,41.8798531,-87.786267,ok,(UNK),1,2202992,2022,,2,28,50000 and OVER,9,4295,Oak Park,C,Urban Minor Arterial,,16,27,11756540,5,Cook,0,22,,,5,N,No,Free Flow,202201172183,City,1,4.01999998,N,,,,(UNK),920295,(N/A),(UNK),No Defects,1,1,Minor Arterial,4,1419,X002645930,Not Toll,73,1,1,Not Divided,1,2944822.33820852,1907733.49466433,41.87984521,-87.78626119,,Urban,8,N,(N/A),Y,(N/A)
2022,2022-05-27,Friday,11,11:54 AM,Injury,B Injury Crash,1,0,0,1,0,1,Turning,10,N,N,Failing to Yield Right of Way,Unable to Determine,Daylight,Clear,Dry,Y,,,,,Traffic Signal,Functioning Properly,N,2,41.8800041,-87.784442,ok,(UNK),1,2202999,2022,,2,18,50000 and OVER,9,4295,Oak Park,C,Urban Major Collector,,16,27,11756550,5,Cook,2,22,,,5,N,No,Free Flow,202201172193,City,1,1.50999999,N,,,,(UNK),920328,(N/A),(UNK),No Defects,1,1,Major Collector,5,2783,X002645939,Not Toll,73,3,4,Not Divided,1,2945317.8174279,1907802.3517675,41.8799963,-87.78443623,,Urban,1,N,(N/A),Y,(N/A)
2022,2022-07-03,Sunday,4,04:20 AM,Property Damage,No Injuries,0,0,0,0,0,2,Front to Rear,11,N,N,Failing to Reduce Speed to Avoid Crash,Following Too Closely,Darkness / Lighted Road,Clear,Dry,N,,,,,No Controls,No Controls,N,2,41.8724047,-87.7909229,ok,Partial Access Control,3,03-22-09320,2022,,28,3,50000 and OVER,9,4295,Oak Park,C,Urban InterState,,16,3,11801203,7,Cook,0,22,,,7,N,No,(UNK),202201214730,ISP,5,22.22999954,Y,,,,(UNK),920351,(N/A),(UNK),No Defects,1,1,InterState,1,9290,X002684667,Not Toll,73,1,1,Divided With Median Barrier,3,2943629.5159181,1904984.00614267,41.87239681,-87.79091711,,Urban,1,N,(N/A),Y,(N/A)
2022,2022-07-06,Wednesday,15,03:45 PM,Property Damage,No Injuries,0,0,0,0,0,2,Turning,10,N,N,Improper Overtaking/Passing,Improper Lane Usage,Daylight,Clear,Dry,Y,,,,,Traffic Signal,Functioning Properly,Y,2,41.8759848,-87.8045958,ok,(UNK),1,22-02026,2022,,4,20,50000 and OVER,9,4295,Oak Park,C,Urban Other Principal Arte,,16,6,11801741,7,Cook,0,22,,,3,N,No,Stopped,202201215165,City,1,25.77000046,Y,,,,(UNK),922282,(N/A),(UNK),No Defects,1,1,Other Principal Arterial,3,5043,X002685080,Not Toll,73,3,4,Not Divided,1,2939869.49456576,1906185.86027551,41.875977,-87.80458997,,Urban,1,N,(N/A),Y,(N/A)
2022,2022-08-06,Saturday,22,10:50 PM,Injury,B Injury Crash,1,0,0,1,0,0,Parked Motor Vehicle,9,N,N,Driving Skills/Knowledge/Experience,Driving Skills/Knowledge/Experience,Darkness / Lighted Road,Clear,Dry,N,,,,,No Controls,No Controls,N,2,41.9046724,-87.8056268,ok,(UNK),1,2204708,2022,,15,15,50000 and OVER,9,4295,Oak Park,C,Urban Other Principal Arte,,16,6,11851490,8,Cook,2,22,,,6,N,Yes,Slow,202201262224,City,5,17.94000053,Y,,,,(UNK),922348,(N/A),(UNK),No Defects,1,1,Other Principal Arterial,3,348,X002728904,Not Toll,73,1,1,Not Divided,1,2939300.87414687,1916632.39376971,41.90466452,-87.805621,,Urban,1,N,(N/A),Y,(N/A)
2022,2022-08-07,Sunday,4,04:18 AM,Property Damage,No Injuries,0,0,0,0,0,1,Fixed Object,6,N,N,Failing to Reduce Speed to Avoid Crash,Improper Turning/No Signal,Darkness,Clear,Dry,N,,,,,Traffic Signal,Functioning Properly,N,1,41.8729409,-87.7842343,ok,(UNK),1,2204711,2022,,28,6,50000 and OVER,9,4295,Oak Park,C,Urban Major Collector,,16,7,11851493,8,Cook,0,22,TREE,,7,N,No,(UNK),202201262227,City,4,2.00999999,N,,,,(UNK),922349,(N/A),(UNK),No Defects,1,1,Major Collector,5,2783,X002728907,Not Toll,73,3,4,Not Divided,1,2945445.86359466,1905229.94121953,41.87293304,-87.78422855,,Urban,1,N,(N/A),Y,(N/A)
2022,2022-11-02,Wednesday,13,01:38 PM,Property Damage,No Injuries,0,0,0,0,0,3,Turning,10,N,N,Failing to Yield Right of Way,Driving Skills/Knowledge/Experience,Daylight,Clear,Dry,N,,,,,No Controls,No Controls,N,2,41.8650596,-87.8020008,ok,(UNK),1,2206826,2022,,2,15,50000 and OVER,9,4295,Oak Park,C,Urban Other Principal Arte,,16,2,11950431,11,Cook,0,22,,,3,N,No,Free Flow,202201355705,City,1,6.0999999,Y,,,,(UNK),922527,(N/A),(UNK),No Defects,1,1,Other Principal Arterial,3,347,X002815401,Not Toll,73,1,1,"Divided, No Median Barrier",2,2940685.98862104,1902223.97788616,41.86505175,-87.80199499,,Urban,1,N,(N/A),Y,(N/A)
2022,2022-11-03,Thursday,14,02:39 PM,Property Damage,No Injuries,0,0,0,0,0,2,Rear to Side,16,N,N,Improper Backing,Unable to Determine,Daylight,Clear,Dry,N,,,,,No Controls,No Controls,N,2,41.8814988,-87.7845064,ok,(UNK),1,2206853,2022,,30,18,50000 and OVER,9,4295,Oak Park,C,Urban Major Collector,,16,3,11950433,11,Cook,0,22,,,4,N,No,Free Flow,202201355707,City,1,1.40999997,N,,,,(UNK),922571,(N/A),(UNK),No Defects,1,1,Major Collector,5,2783,X002815403,Not Toll,73,1,1,"Divided, No Median Barrier",2,2945285.16801521,1908346.55631178,41.88149099,-87.78450057,,Urban,1,N,(N/A),Y,(N/A)
2022,2022-11-01,Tuesday,18,06:50 PM,Property Damage,No Injuries,0,0,0,0,0,2,Sideswipe Same Direction,12,N,N,Improper Lane Usage,Failing to Yield Right of Way,Daylight,Clear,Dry,N,,,,,Other Regualtory Sig,Functioning Properly,N,2,41.871937,-87.7840957,ok,Partial Access Control,3,03-22-15950,2022,,20,2,50000 and OVER,9,4295,Oak Park,C,Urban InterState,,16,1,11950698,11,Cook,0,22,,,2,N,No,(UNK),202201355978,ISP,1,22.59000015,Y,,,,(UNK),923439,(N/A),(UNK),No Defects,1,1,InterState,1,9290,X002815616,Not Toll,73,10,4,Divided With Median Barrier,3,2945493.77499094,1904865.13747119,41.87192911,-87.78408995,,Urban,1,N,(N/A),Y,(N/A)
2022,2022-11-03,Thursday,7,07:40 AM,Property Damage,No Injuries,0,0,0,0,0,2,Sideswipe Same Direction,12,N,N,Improper Overtaking/Passing,Driving Skills/Knowledge/Experience,Daylight,Clear,Dry,N,,,,,No Controls,No Controls,N,2,41.8720023,-87.7848666,ok,Partial Access Control,3,03-22-16036,2022,,4,15,50000 and OVER,9,4295,Oak Park,C,Urban InterState,,16,3,11950739,11,Cook,0,22,,,4,N,No,(UNK),202201356028,ISP,1,22.54999924,Y,,,,(UNK),923730,(N/A),(UNK),No Defects,1,1,InterState,1,9290,X002815656,Not Toll,73,1,1,Divided With Median Barrier,3,2945283.15828373,1904883.10272027,41.87199441,-87.78486079,,Urban,1,N,(N/A),Y,(N/A)
2022,2022-03-08,Tuesday,7,07:43 AM,Property Damage,No Injuries,0,0,0,0,0,2,Angle,15,N,N,Failing to Yield Right of Way,Failing to Reduce Speed to Avoid Crash,Daylight,Clear,Dry,Y,,,,,Stop Sign,Functioning Properly,N,2,41.8780971,-87.7831711,ok,(UNK),1,2201231,2022,,2,28,50000 and OVER,9,4295,Oak Park,C,Urban Local Road or Street,,16,8,11659292,3,Cook,0,22,,,2,N,No,Free Flow,202201080147,City,1,0,N,,,,(UNK),924188,(N/A),(UNK),No Defects,1,1,Local Road or Street,7,,X002561379,Not Toll,73,2,4,Four Way,14,2945683.25634337,1907117.0028329,41.87808925,-87.78316529,,Urban,1,N,(N/A),Y,(N/A)
2022,2022-03-07,Monday,15,03:53 PM,Property Damage,No Injuries,0,0,0,0,0,2,Turning,10,N,N,Failing to Yield Right of Way,Failing to Reduce Speed to Avoid Crash,Daylight,Cloudy/Overcast,Dry,Y,,,,,Stop Sign,Functioning Properly,N,2,41.8870722,-87.778157,ok,(UNK),1,2201221,2022,,2,28,50000 and OVER,9,4295,Oak Park,C,Urban Local Road or Street,,16,7,11659289,3,Cook,0,22,,,1,N,No,Free Flow,202201080144,City,1,0,N,,,,(UNK),924189,(N/A),(UNK),No Defects,1,1,Local Road or Street,7,,X002561376,Not Toll,73,2,4,Not Divided,1,2946957.75508568,1910425.69849851,41.8870644,-87.77815119,,Urban,8,N,(N/A),Y,(N/A)
2022,2022-03-05,Saturday,20,08:21 PM,Injury,B Injury Crash,1,0,0,1,0,1,Turning,10,N,N,Under Influence of Alcohol/Drugs,Unable to Determine,Darkness / Lighted Road,Clear,Dry,Y,,,,,Stop Sign,Functioning Properly,N,2,41.8801325,-87.7762857,ok,(UNK),1,2201186,2022,,8,18,50000 and OVER,9,4295,Oak Park,C,Urban Minor Arterial,,16,5,11659290,3,Cook,2,22,POLICE SQUAD VEHICLE,,6,N,No,Free Flow,202201080145,City,5,0,N,,,,(UNK),924191,(N/A),(UNK),No Defects,1,1,Minor Arterial,4,,X002561377,Not Toll,73,2,4,Not Divided,1,2947537.79315696,1907910.93586114,41.88012469,-87.77627995,,Urban,1,N,(N/A),Y,(N/A)
2022,2022-03-07,Monday,9,09:52 AM,Injury,B Injury Crash,1,0,0,1,0,3,Angle,15,N,N,Disregarding Traffic Signals,(N/A),Daylight,Snow,Wet,Y,,,,,Traffic Signal,Functioning Properly,N,3,41.8817172,-87.7845158,ok,(UNK),1,2201210,2022,,25,99,50000 and OVER,9,4295,Oak Park,C,Urban Major Collector,,16,7,11659299,3,Cook,2,22,,,1,N,Yes,(UNK),202201080149,City,1,0,N,,,,(UNK),924193,(N/A),(UNK),No Defects,1,2,Major Collector,5,,X002561373,Not Toll,73,3,4,"Divided, No Median Barrier",2,2945280.39853292,1908426.05493743,41.88170933,-87.78450997,,Urban,3,N,(N/A),Y,(N/A)
2022,2022-05-27,Friday,20,08:08 PM,Injury,B Injury Crash,2,0,0,2,0,1,Angle,15,N,N,Disregarding Traffic Signals,Failing to Reduce Speed to Avoid Crash,Dusk,Clear,Dry,Y,,,,,Traffic Signal,Functioning Properly,N,2,41.8944178,-87.794678,ok,(UNK),1,2203009,2022,,25,28,50000 and OVER,9,4295,Oak Park,C,Urban Minor Arterial,,16,27,11757592,5,Cook,2,22,LIGHT POLE,,5,N,No,Free Flow,202201173046,City,3,0,N,,,,(UNK),924663,(N/A),(UNK),No Defects,1,1,Minor Arterial,4,,X002646721,Not Toll,73,3,4,Not Divided,1,2942384.89039137,1912977.70298313,41.89440995,-87.7946722,,Urban,1,N,(N/A),Y,(N/A)
2022,2022-05-28,Saturday,9,09:29 AM,Property Damage,No Injuries,0,0,0,0,0,3,Angle,15,N,N,Failing to Yield Right of Way,Failing to Reduce Speed to Avoid Crash,Daylight,Clear,Dry,N,,,,,No Controls,No Controls,N,2,41.8946169,-87.7816956,ok,(UNK),1,2203015,2022,,2,28,50000 and OVER,9,4295,Oak Park,C,Urban Minor Arterial,,16,28,11757596,5,Cook,0,22,,,6,N,No,Free Flow,202201173051,City,1,3.78999996,N,,,,(UNK),924665,(N/A),(UNK),No Defects,1,1,Minor Arterial,4,1398,X002646725,Not Toll,73,1,1,Not Divided,1,2945917.69352801,1913148.3061111,41.89460907,-87.78168981,,Urban,1,N,(N/A),Y,(N/A)