crash_year,crash_date,day_of_week,crash_hour,time_of_crash,crash_severity,crash_injury_severity,total_injured,total_fatals,a_injuries,b_injuries,c_injuries,no_injuries,type_of_first_crash,collision_type_code,pedestrian_involved,pedalcyclist_involved,cause1,cause2,lighting_cond,weather_cond,road_surface_cond,intersection_related,is_intersection,highway_or_street_name,at_intersection_with,address_no,traffic_control_device,traffic_control_device_cond,hit_and_run,number_of_vehicles,latitude,longitude,location_status,access_control,agency_code,agency_report_number,agency_report_year,alignment_code,cause1_code,cause2_code,city_class,city_class_code,city_code,city_name,city_township_flag,class_of_trafficway,class_of_trafficway_code,county_code,crash_day,crash_id,crash_month,crash_report_county,crash_severity_cd,crash_yr_source,damaged_property1,damaged_property2,day_of_week_code,did_crash_occur_in_work_zone,did_involve_secondary_crash,flow_condition,icn,investigating_agency_descrip,light_condition_code,mile_station,nhs,non_intersection_direction,non_intersection_distance,non_intersection_units,number_of_lanes,objectid,railroad_crossing_number,road_alignment,road_defects,road_defects_code,road_surface_condition_code,roadway_functional_class,roadway_functional_class_code,route_number,sfe,toll,township,traffic_control_device_code,traffic_control_device_cond_code,trafficway_descrip,trafficway_description_code,ts_crash_coordinate_x,ts_crash_coordinate_y,ts_crash_latitude,ts_crash_longitude,type_report,urban_rural,weather_code,were_workers_present,work_zone,work_zone_related,work_zone_type
2022,2022-09-23,Friday,17,05:25 PM,Property Damage,No Injuries,0,0,0,0,0,6,Turning,10,N,N,Failing to Yield Right of Way,Failing to Reduce Speed to Avoid Crash,Daylight,Clear,Dry,Y,,,,,Stop Sign,Functioning Properly,N,2,41.9092379,-87.7769096,ok,(UNK),1,2205874,2022,,2,28,50000 and OVER,9,4295,Oak Park,C,Urban Other Principal Arte,,16,23,11899418,9,Cook,0,22,,,5,N,No,Slow,202201307147,City,1,130.66000366,Y,,,,(UNK),925118,(N/A),(UNK),No Defects,1,1,Other Principal Arterial,3,5064,X002770976,Not Toll,73,2,4,"Divided, No Median Barrier",2,2947072.31598393,1918512.74603273,41.90923,-87.77690378,,Urban,1,N,(N/A),Y,(N/A)
2022,2022-09-25,Sunday,20,08:42 PM,Injury,B Injury Crash,1,0,0,1,0,1,Pedalcyclist,2,N,Y,Driving Skills/Knowledge/Experience,Driving Skills/Knowledge/Experience,Darkness / Lighted Road,Rain,Wet,Y,,,,,Stop Sign,Functioning Properly,N,1,41.8997194,-87.8039241,ok,(UNK),1,2205928,2022,,15,15,50000 and OVER,9,4295,Oak Park,C,Urban Local Road or Street,,16,25,11899416,9,Cook,2,22,,,7,N,Yes,Slow,202201307145,City,5,0,N,,,,(UNK),925120,(N/A),(UNK),No Defects,1,2,Local Road or Street,7,,X002770974,Not Toll,73,2,4,Not Divided,1,2939814.15639033,1914840.21505826,41.89971158,-87.80391826,,Urban,2,N,(N/A),Y,(N/A)
2022,2022-09-25,Sunday,21,09:39 PM,Property Damage,No Injuries,0,0,0,0,0,1,Fixed Object,6,N,N,Improper Lane Usage,Failing to Reduce Speed to Avoid Crash,Darkness,Rain,Wet,N,,,,,No Controls,No Controls,N,1,41.8800513,-87.7808096,ok,(UNK),1,2205931,2022,,20,28,50000 and OVER,9,4295,Oak Park,C,Urban Minor Arterial,,16,25,11899421,9,Cook,0,22,SPRINKLER,,7,N,No,(UNK),202201307150,City,4,0,N,,,,(UNK),925123,(N/A),(UNK),No Defects,1,2,Minor Arterial,4,,X002770979,Not Toll,73,1,1,Divided With Median Barrier,3,2946306.58424728,1907847.04052973,41.88004349,-87.78080384,,Urban,2,N,(N/A),Y,(N/A)
2022,2022-09-24,Saturday,17,05:30 PM,Property Damage,No Injuries,0,0,0,0,0,2,Front to Rear,11,N,N,Failing to Reduce Speed to Avoid Crash,(N/A),Daylight,Clear,Dry,Y,,,,,Traffic Signal,Functioning Properly,N,2,41.8719978,-87.7939853,ok,(UNK),1,2205907,2022,,28,99,50000 and OVER,9,4295,Oak Park,C,Urban Major Collector,,16,24,11899426,9,Cook,0,22,,,6,N,No,Stopped,202201307155,City,1,0,N,,,,(UNK),925160,(N/A),(UNK),No Defects,1,1,Major Collector,5,,X002770984,Not Toll,73,3,4,"Divided, No Median Barrier",2,2942799.5111662,1904812.65933826,41.87198996,-87.79397949,,Urban,1,N,(N/A),Y,(N/A)
2022,2022-09-23,Friday,14,02:14 PM,Injury,B Injury Crash,2,0,0,2,0,1,Turning,10,N,N,Improper Lane Usage,Failing to Reduce Speed to Avoid Crash,Daylight,Clear,Dry,Y,,,,,Stop Sign,Functioning Properly,N,2,41.8650659,-87.8015602,ok,(UNK),1,2205868,2022,,20,28,50000 and OVER,9,4295,Oak Park,C,Urban Other Principal Arte,,16,23,11899422,9,Cook,2,22,,,5,N,No,Stopped,202201307151,City,1,0,Y,,,,(UNK),925161,(N/A),(UNK),No Defects,1,1,Other Principal Arterial,3,,X002770980,Not Toll,73,2,4,Two-way Continuous Left-Tur,4,2940805.93525293,1902229.58528708,41.86505806,-87.80155443,,Urban,1,N,(N/A),Y,(N/A)
2022,2022-09-18,Sunday,16,04:42 PM,Property Damage,No Injuries,0,0,0,0,0,1,Parked Motor Vehicle,9,N,N,Failing to Reduce Speed to Avoid Crash,Unable to Determine,Unknown,Clear,Dry,N,,,,,No Controls,No Controls,Y,2,41.8904623,-87.7975526,ok,(UNK),1,2205731,2022,,28,18,50000 and OVER,9,4295,Oak Park,C,Urban Local Road or Street,,16,18,11899429,9,Cook,0,22,,,7,N,No,Stopped,202201307264,City,9,0.27000001,N,,,,(UNK),925162,(N/A),(UNK),No Defects,1,1,Local Road or Street,7,2690,X002770987,Not Toll,73,1,1,Not Divided,1,2941642.01705017,1911514.62118883,41.89045449,-87.79754681,,Urban,1,N,(N/A),Y,(N/A)
2022,2022-09-16,Friday,13,01:00 PM,Property Damage,No Injuries,0,0,0,0,0,2,Front to Rear,11,N,N,Failing to Reduce Speed to Avoid Crash,Following Too Closely,Daylight,Clear,Dry,N,,,,,Other,Functioning Properly,N,2,41.8737645,-87.8043581,ok,Partial Access Control,3,03-22-13426,2022,,28,3,50000 and OVER,9,4295,Oak Park,C,Urban InterState,,16,16,11899492,9,Cook,0,22,,,5,N,No,(UNK),202201307201,ISP,1,21.59000015,Y,,,,(UNK),925388,(N/A),(UNK),No Defects,1,1,InterState,1,9290,X002771031,Not Toll,73,13,4,Divided With Median Barrier,3,2939956.5,1905378.5,41.87375663,-87.80435232,,Urban,1,N,(N/A),Y,(N/A)
2022,2022-07-06,Wednesday,23,11:25 PM,Property Damage,No Injuries,0,0,0,0,0,2,Front to Rear,11,N,N,Failing to Reduce Speed to Avoid Crash,Following Too Closely,Darkness / Lighted Road,Clear,Dry,N,,,,,No Controls,No Controls,Y,2,41.8714539,-87.7779541,ok,Partial Access Control,3,03-22-09505,2022,,28,3,50000 and OVER,9,4295,Oak Park,C,Urban InterState,,16,6,11802361,7,Cook,0,22,,,3,N,No,(UNK),202201215787,ISP,5,22.89999962,Y,,,,(UNK),925417,(N/A),(UNK),No Defects,1,1,InterState,1,9290,X002685636,Not Toll,73,1,1,Divided With Median Barrier,3,2947171.48944228,1904735.6308817,41.87144608,-87.77794835,,Urban,1,N,(N/A),Y,(N/A)
2022,2022-05-30,Monday,16,04:10 PM,Property Damage,No Injuries,0,0,0,0,0,3,Turning,10,N,N,Failing to Reduce Speed to Avoid Crash,(N/A),Daylight,Clear,Dry,Y,,,,,Stop Sign,Functioning Properly,N,3,41.8881391,-87.7781703,ok,(UNK),1,2203053,2022,,28,99,50000 and OVER,9,4295,Oak Park,C,Urban Major Collector,,16,30,11757764,5,Cook,0,22,,,1,N,No,Free Flow,202201173260,City,1,0,N,,,,(UNK),925580,(N/A),(UNK),No Defects,1,1,Major Collector,5,,X002646882,Not Toll,73,2,4,Not Divided,1,2946943.30947233,1910814.36709253,41.88813121,-87.77816448,,Urban,1,N,(N/A),Y,(N/A)
2022,2022-05-30,Monday,0,00:20 AM,Property Damage,No Injuries,0,0,0,0,0,2,Fixed Object,6,N,N,Failing to Reduce Speed to Avoid Crash,(N/A),Darkness / Lighted Road,Clear,Dry,N,,,,,No Controls,No Controls,N,1,41.8781725,-87.8045947,ok,(UNK),1,2203043,2022,,28,99,50000 and OVER,9,4295,Oak Park,C,Urban Local Road or Street,,16,30,11757756,5,Cook,0,22,TREE,,1,N,No,Free Flow,202201173249,City,5,0,N,,,,(UNK),925581,(N/A),(UNK),No Defects,1,1,Local Road or Street,7,4700,X002646875,Not Toll,73,1,1,Not Divided,1,2939847.82592439,1906983.09473262,41.87816468,-87.80458892,,Urban,1,N,(N/A),Y,(N/A)
2022,2022-05-31,Tuesday,8,08:13 AM,Property Damage,No Injuries,0,0,0,0,0,3,Turning,10,N,N,Failing to Yield Right of Way,Failing to Reduce Speed to Avoid Crash,Daylight,Clear,Dry,Y,,,,,Traffic Signal,Functioning Properly,N,2,41.8945678,-87.7848658,ok,(UNK),1,2203063,2022,,2,28,50000 and OVER,9,4295,Oak Park,C,Urban Minor Arterial,,16,31,11757765,5,Cook,0,22,,,2,N,No,Free Flow,202201173263,City,1,0,N,,,,(UNK),925582,(N/A),(UNK),No Defects,1,1,Minor Arterial,4,,X002646883,Not Toll,73,3,4,Not Divided,1,2945055.0186435,1913106.43468893,41.89456,-87.78486,,Urban,1,N,(N/A),Y,(N/A)
2022,2022-05-31,Tuesday,9,09:50 AM,Injury,A Injury Crash,1,0,1,0,0,1,Pedestrian,1,Y,N,Turning Right On Red,Failing to Yield Right of Way,Daylight,Clear,Dry,Y,,,,,Traffic Signal,Functioning Properly,Y,1,41.8796273,-87.8023281,ok,(UNK),1,2203068,2022,,7,2,50000 and OVER,9,4295,Oak Park,C,Urban Minor Arterial,,16,31,11757770,5,Cook,3,22,,,2,N,No,Free Flow,202201173269,City,1,0,N,,,,(UNK),925583,(N/A),(UNK),No Defects,1,1,Minor Arterial,4,,X002646888,Not Toll,73,3,4,Four Way,14,2940450.52824725,1907530.23411643,41.87961941,-87.80232228,,Urban,1,N,(N/A),Y,(N/A)
2022,2022-05-31,Tuesday,11,11:23 AM,Property Damage,No Injuries,0,0,0,0,0,6,Angle,15,N,N,Failing to Yield Right of Way,Failing to Reduce Speed to Avoid Crash,Daylight,Clear,Dry,N,,,,,No Controls,No Controls,N,2,41.9092058,-87.7796082,ok,(UNK),1,2203073,2022,,2,28,50000 and OVER,9,4295,Oak Park,C,Urban Other Principal Arte,,16,31,11757780,5,Cook,0,22,,,2,N,No,Free Flow,202201173279,City,1,7.26999998,Y,,,,(UNK),925630,(N/A),(UNK),No Defects,1,1,Other Principal Arterial,3,307,X002646896,Not Toll,73,1,1,"Divided, No Median Barrier",2,2946338.02446315,1918480.58770449,41.90919792,-87.77960244,,Urban,1,N,(N/A),Y,(N/A)
2022,2022-05-31,Tuesday,13,01:15 PM,Property Damage,No Injuries,0,0,0,0,0,2,Angle,15,N,N,Failing to Yield Right of Way,Failing to Reduce Speed to Avoid Crash,Daylight,Clear,Dry,N,,,,,Traffic Signal,Functioning Properly,N,2,41.8882667,-87.7945044,ok,(UNK),1,2203078,2022,,2,28,50000 and OVER,9,4295,Oak Park,C,Urban Major Collector,,16,31,11757784,5,Cook,0,22,,,2,N,No,Free Flow,202201173284,City,1,5.55999994,N,,,,(UNK),925663,(N/A),(UNK),No Defects,1,1,Major Collector,5,2775,X002646900,Not Toll,73,3,4,Not Divided,1,2942494.15535208,1910737.43084075,41.88825885,-87.79449862,,Urban,1,N,(N/A),Y,(N/A)
2022,2022-05-31,Tuesday,14,02:38 PM,Property Damage,No Injuries,0,0,0,0,0,3,Angle,15,N,N,Failing to Yield Right of Way,Failing to Reduce Speed to Avoid Crash,Daylight,Clear,Dry,Y,,,,,Stop Sign,Functioning Properly,N,2,41.8869048,-87.792779,ok,(UNK),1,2203082,2022,,2,28,50000 and OVER,9,4295,Oak Park,C,Urban Local Road or Street,,16,31,11757786,5,Cook,0,22,,,2,N,No,Free Flow,202201173286,City,1,0,N,,,,(UNK),925699,(N/A),(UNK),No Defects,1,1,Local Road or Street,7,,X002646902,Not Toll,73,2,4,Four Way,14,2942977.73998967,1910254.13188966,41.88689696,-87.79277317,,Urban,1,N,(N/A),Y,(N/A)
2022,2022-06-01,Wednesday,10,10:14 AM,Property Damage,No Injuries,0,0,0,0,0,2,Front to Rear,11,N,N,Failing to Reduce Speed to Avoid Crash,Following Too Closely,Daylight,Clear,Dry,Y,,,,,Traffic Signal,Functioning Properly,N,2,41.8798686,-87.7844362,ok,(UNK),1,2203102,2022,,28,3,50000 and OVER,9,4295,Oak Park,C,Urban Minor Arterial,,16,1,11757795,6,Cook,0,22,,,3,N,No,Slow,202201173298,City,1,0,N,,,,(UNK),925702,(N/A),(UNK),No Defects,1,1,Minor Arterial,4,,X002646911,Not Toll,73,3,4,Not Divided,1,2945320.7779545,1907753.00576326,41.87986077,-87.7844304,,Urban,1,N,(N/A),Y,(N/A)
2022,2022-07-04,Monday,13,01:30 PM,Property Damage,No Injuries,0,0,0,0,0,2,Sideswipe Same Direction,12,N,N,Improper Lane Usage,Failing to Reduce Speed to Avoid Crash,Daylight,Unknown,Unknown,N,,,,,Other Warning Sign,Functioning Properly,N,2,41.8734082,-87.8036765,ok,Partial Access Control,3,03-22-09531,2022,,20,28,50000 and OVER,9,4295,Oak Park,C,Urban InterState,,16,4,11802492,7,Cook,0,22,,,1,N,No,(UNK),202201215918,ISP,1,7.73999977,Y,,,,(UNK),925950,(N/A),(UNK),No Defects,1,9,InterState,1,290,X002685760,Not Toll,,11,4,Divided With Median Barrier,3,2940145.71662099,1905253.7761835,41.87340035,-87.80367074,,Urban,9,N,(N/A),Y,(N/A)
2022,2022-05-28,Saturday,17,05:20 PM,Property Damage,No Injuries,0,0,0,0,0,4,Front to Rear,11,N,N,Following Too Closely,Failing to Reduce Speed to Avoid Crash,Daylight,Clear,Dry,N,,,,,No Controls,No Controls,N,2,41.8712451,-87.7746601,ok,Partial Access Control,3,03-22-07391,2022,,3,28,50000 and OVER,9,4295,Oak Park,C,Urban InterState,,16,28,11758013,5,Cook,0,22,,,6,N,No,(UNK),202201173543,ISP,1,23.06999969,Y,,,,(UNK),926854,(N/A),(UNK),No Defects,1,1,InterState,1,9290,X002647113,Not Toll,73,1,1,Divided With Median Barrier,3,2948070.83157199,1904684.52972259,41.87123726,-87.7746543,,Urban,1,N,(N/A),Y,(N/A)
2022,2022-08-20,Saturday,8,08:42 AM,Injury,C Injury Crash,1,0,0,0,1,1,Turning,10,N,N,Disregarding Traffic Signals,Driving Skills/Knowledge/Experience,Daylight,Clear,Dry,Y,,,,,Traffic Signal,Functioning Properly,N,2,41.8736414,-87.8045241,ok,Partial Access Control,1,22-02518,2022,,25,15,50000 and OVER,9,4295,Oak Park,C,Urban InterState,,16,20,11852796,8,Cook,1,22,,,6,N,No,Free Flow,202201263477,City,1,25.61000061,Y,,,,(UNK),928192,(N/A),(UNK),No Defects,1,1,InterState,1,5043,X002730153,Not Toll,73,3,4,Divided With Median Barrier,3,2939912.53324358,1905332.40672599,41.87363356,-87.80451828,,Urban,1,N,(N/A),Y,(N/A)
2022,2022-09-25,Sunday,16,04:10 PM,Injury,C Injury Crash,2,0,0,0,2,3,Angle,15,N,N,Improper Turning/No Signal,Unable to Determine,Daylight,Clear,Dry,Y,,,,,No Controls,No Controls,N,2,41.9071947,-87.7949959,ok,(UNK),1,2205924,2022,,6,18,50000 and OVER,9,4295,Oak Park,C,Urban Major Collector,,16,25,11900674,9,Cook,1,22,TREE,,7,N,No,Slow,202201308453,City,1,0,N,,,,(UNK),930672,(N/A),(UNK),No Defects,1,1,Major Collector,5,,X002772149,Not Toll,73,1,1,"Divided, No Median Barrier",2,2942169.53673243,1917631.46565861,41.90718687,-87.79499012,,Urban,1,N,(N/A),Y,(N/A)
2022,2022-09-25,Sunday,23,11:50 PM,Property Damage,No Injuries,0,0,0,0,0,2,Front to Rear,11,N,N,Failing to Reduce Speed to Avoid Crash,Following Too Closely,Daylight,Clear,Dry,Y,,,,,Traffic Signal,Functioning Properly,N,2,41.879719,-87.7942755,ok,(UNK),1,2205935,2022,,28,3,50000 and OVER,9,4295,Oak Park,C,Urban Minor Arterial,,16,25,11900675,9,Cook,0,22,,,7,N,No,(UNK),202201308454,City,1,6.15999985,N,,,,(UNK),930673,(N/A),(UNK),No Defects,1,1,Minor Arterial,4,2775,X002772150,Not Toll,73,3,4,Not Divided,1,2942642.63895384,1907624.2199316,41.87971116,-87.79426974,,Urban,1,N,(N/A),Y,(N/A)
2022,2022-10-30,Sunday,11,11:49 AM,Injury,B Injury Crash,2,0,0,2,0,4,Front to Rear,11,N,N,Failing to Reduce Speed to Avoid Crash,Following Too Closely,Daylight,Clear,Dry,N,,,,,Other,Other,N,3,41.8727459,-87.7951055,ok,(UNK),3,03-22-15869,2022,,28,3,50000 and OVER,9,4295,Oak Park,C,Rural (UNK),,16,30,11952489,10,Cook,2,22,,,7,N,No,(UNK),202201357719,ISP,1,22.02000046,N,,,,(UNK),930689,(N/A),(UNK),No Defects,1,1,(UNK),0,9290,X002817310,No Toll,73,13,7,Divided With Median Barrier,3,2942486.84840574,1905076.85234107,41.87273808,-87.79509974,,Rural,1,N,(N/A),Y,(N/A)
2022,2022-09-24,Saturday,19,07:10 PM,Injury,C Injury Crash,2,0,0,0,2,2,Front to Rear,11,N,N,Following Too Closely,Failing to Reduce Speed to Avoid Crash,Darkness / Lighted Road,Clear,Dry,N,,,,,No Controls,No Controls,Y,2,41.8730301,-87.7996177,ok,Partial Access Control,3,03-22-13758,2022,,3,28,50000 and OVER,9,4295,Oak Park,C,Urban InterState,,16,24,11900877,9,Cook,1,22,,,6,N,No,(UNK),202201308652,ISP,5,7.92999983,Y,,,,(UNK),931403,(N/A),(UNK),No Defects,1,1,InterState,1,290,X002772326,Not Toll,73,1,1,Divided With Median Barrier,3,2941255.01669161,1905146.48098865,41.87302229,-87.79961188,,Urban,1,N,(N/A),Y,(N/A)
2022,2022-05-16,Monday,17,05:25 PM,Property Damage,No Injuries,0,0,0,0,0,2,Front to Rear,11,N,N,Following Too Closely,Driving Skills/Knowledge/Experience,Daylight,Clear,Dry,N,,,,,No Controls,No Controls,Y,2,41.8850923,-87.8049036,ok,(UNK),1,22-01418,2022,,3,15,50000 and OVER,9,4295,Oak Park,C,Urban Other Principal Arte,,16,16,11758945,5,Cook,0,22,,,1,N,No,Free Flow,202201174503,City,1,19.29999924,Y,,,,(UNK),931565,(N/A),(UNK),No Defects,1,1,Other Principal Arterial,3,348,X002647997,Not Toll,73,1,1,"Divided, No Median Barrier",2,2939694.280386,1909502.45921777,41.88508442,-87.80489777,,Urban,1,N,(N/A),Y,(N/A)
2022,2022-01-21,Friday,10,10:50 AM,Property Damage,No Injuries,0,0,0,0,0,5,Front to Rear,11,N,N,Following Too Closely,Failing to Reduce Speed to Avoid Crash,Darkness / Lighted Road,Clear,Dry,N,,,,,Other,Functioning Properly,Y,4,41.8723463,-87.7888526,ok,Partial Access Control,3,03-22-00930,2022,,3,28,50000 and OVER,9,4295,Oak Park,C,Urban InterState,,16,21,11601988,1,Cook,0,22,,,5,N,No,(UNK),202201029381,ISP,5,22.34000015,Y,,,,(UNK),931821,(N/A),(UNK),No Defects,1,1,InterState,1,9290,X002513758,Not Toll,73,13,4,Divided With Median Barrier,3,2944193.98877147,1904978.34610304,41.87233841,-87.78884684,,Urban,1,N,(N/A),Y,(N/A)
2022,2022-08-21,Sunday,17,05:57 PM,Property Damage,No Injuries,0,0,0,0,0,2,Front to Rear,11,N,N,Failing to Reduce Speed to Avoid Crash,Following Too Closely,Daylight,Clear,Dry,N,,,,,No Controls,No Controls,Y,2,41.873125,-87.8006964,ok,Partial Access Control,3,03-22-11970,2022,,28,3,50000 and OVER,9,4295,Oak Park,C,Urban InterState,,16,21,11854009,8,Cook,0,22,,,7,N,No,(UNK),202201264671,ISP,1,7.88000011,Y,,,,(UNK),932355,(N/A),(UNK),No Defects,1,1,InterState,1,290,X002731330,Not Toll,,1,1,Divided With Median Barrier,3,2940960.26575184,1905172.94641218,41.87311715,-87.80069056,,Urban,1,N,(N/A),Y,(N/A)
2022,2022-03-09,Wednesday,23,11:37 PM,Property Damage,No Injuries,0,0,0,0,0,2,Front to Rear,11,N,N,Failing to Reduce Speed to Avoid Crash,Following Too Closely,Darkness / Lighted Road,Clear,Dry,N,,,,,Other Regualtory Sig,Functioning Properly,N,2,41.8735683,-87.8022249,ok,Partial Access Control,3,03-22-03307,2022,,28,3,50000 and OVER,9,4295,Oak Park,C,Urban InterState,,16,9,11661170,3,Cook,0,22,,,3,N,No,(UNK),202201081912,ISP,5,7.80999994,Y,,,,(UNK),932449,(N/A),(UNK),No Defects,1,1,InterState,1,290,X002563152,Not Toll,73,10,4,"Divided, No Median Barrier",2,2940539.49579357,1905323.00339585,41.87356042,-87.80221907,,Urban,1,N,(N/A),Y,(N/A)
2022,2022-11-04,Friday,17,05:11 PM,Property Damage,No Injuries,0,0,0,0,0,2,Sideswipe Same Direction,12,N,N,Driving Skills/Knowledge/Experience,Unable to Determine,Dusk,Cloudy/Overcast,Dry,N,,,,,No Controls,No Controls,N,2,41.8650278,-87.8042158,ok,(UNK),1,22-03316,2022,,15,18,50000 and OVER,9,4295,Oak Park,C,Urban Other Principal Arte,,16,4,11952820,11,Cook,0,22,,,5,N,No,Free Flow,202201358039,City,3,25.01000023,Y,,,,(UNK),933132,(N/A),(UNK),No Defects,1,1,Other Principal Arterial,3,5043,X002817641,Not Toll,52,1,1,Not Divided,1,2940082.93081867,1902195.78557851,41.86502,-87.80421,,Urban,8,N,(N/A),Y,(N/A)
2022,2022-08-12,Friday,20,08:34 PM,Injury,B Injury Crash,1,0,0,1,0,1,Pedalcyclist,2,N,Y,Failing to Reduce Speed to Avoid Crash,(N/A),Darkness / Lighted Road,Clear,Dry,Y,,,,,Traffic Signal,Functioning Properly,N,1,41.8688202,-87.7938768,ok,(UNK),1,2204844,2022,,28,99,50000 and OVER,9,4295,Oak Park,C,Urban Major Collector,,16,12,11854309,8,Cook,2,22,,,5,N,No,Free Flow,202201264942,City,5,0,N,,,,(UNK),933169,(N/A),(UNK),No Defects,1,1,Major Collector,5,,X002731595,Not Toll,73,3,4,Not Divided,1,2942861.08035686,1903655.51699371,41.8688124,-87.79387102,,Urban,1,N,(N/A),Y,(N/A)
2022,2022-11-05,Saturday,21,09:31 PM,Injury,B Injury Crash,1,0,0,1,0,2,Turning,10,N,N,Disregarding Traffic Signals,Failing to Yield Right of Way,Darkness / Lighted Road,Clear,Dry,Y,,,,,Traffic Signal,Functioning Properly,N,2,41.8736416,-87.8045258,ok,Partial Access Control,1,22-03329,2022,,25,2,50000 and OVER,9,4295,Oak Park,C,Urban InterState,,16,5,11952827,11,Cook,2,22,,,6,N,No,Free Flow,202201358046,City,5,25.61000061,Y,,,,(UNK),933177,(N/A),(UNK),No Defects,1,1,InterState,1,5043,X002817648,Not Toll,73,3,4,Divided With Median Barrier,3,2939912.062394,1905332.46992192,41.87363377,-87.80452,,Urban,1,N,(N/A),Y,(N/A)
2022,2022-08-14,Sunday,3,03:02 AM,Injury,B Injury Crash,1,0,0,1,0,1,Angle,15,N,N,Disregarding Traffic Signals,(N/A),Darkness / Lighted Road,Clear,Dry,N,,,,,Traffic Signal,Functioning Properly,Y,2,41.8796273,-87.8023281,ok,(UNK),1,2204864,2022,,25,99,50000 and OVER,9,4295,Oak Park,C,Urban Minor Arterial,,16,14,11854342,8,Cook,2,22,LIGHT POLE,BUILDING,7,N,No,(UNK),202201264969,City,5,0,N,,,,(UNK),933247,(N/A),(UNK),No Defects,1,1,Minor Arterial,4,,X002731623,Not Toll,73,3,4,Four Way,14,2940450.51693365,1907530.23361081,41.87961941,-87.80232232,,Urban,1,N,(N/A),Y,(N/A)
2022,2022-09-25,Sunday,22,10:15 PM,Property Damage,No Injuries,0,0,0,0,0,5,Front to Rear,11,N,N,Failing to Reduce Speed to Avoid Crash,Following Too Closely,Darkness / Lighted Road,Rain,Wet,N,,,,,Traffic Signal,Functioning Properly,N,2,41.8734186,-87.8024474,ok,Partial Access Control,3,03-22-13822,2022,,28,3,50000 and OVER,9,4295,Oak Park,C,Urban InterState,,16,25,11901449,9,Cook,0,22,,,7,N,No,(UNK),202201309262,ISP,5,0.07,Y,,,,(UNK),933578,(N/A),(UNK),No Defects,1,2,InterState,1,290,X002772845,Not Toll,,3,4,Divided With Median Barrier,3,2940480.38448723,1905266.7770638,41.87341071,-87.80244162,,Urban,2,N,(N/A),Y,(N/A)
2022,2022-08-20,Saturday,11,11:51 AM,Property Damage,No Injuries,0,0,0,0,0,7,Front to Rear,11,N,N,Failing to Reduce Speed to Avoid Crash,(N/A),Daylight,Rain,Wet,N,,,,,Other,Functioning Properly,Y,4,41.8736416,-87.8045258,ok,Partial Access Control,3,03-22-11899,2022,,28,99,50000 and OVER,9,4295,Oak Park,C,Urban InterState,,16,20,11854484,8,Cook,0,22,,,6,N,No,(UNK),202201265103,ISP,1,25.61000061,Y,,,,(UNK),933636,(N/A),(UNK),No Defects,1,2,InterState,1,5043,X002731758,Not Toll,73,13,4,Ramp,11,2939912.062394,1905332.46992192,41.87363377,-87.80452,,Urban,2,N,(N/A),Y,(N/A)
2022,2022-03-09,Wednesday,7,07:33 AM,Injury,B Injury Crash,1,0,0,1,0,1,Front to Rear,11,N,N,Unable to Determine,Unable to Determine,Daylight,Clear,Dry,N,,,,,No Controls,No Controls,N,2,41.8940131,-87.8052209,ok,(UNK),1,2201252,2022,,18,18,50000 and OVER,9,4295,Oak Park,C,Urban Other Principal Arte,,16,9,11661448,3,Cook,2,22,SIGNPOST,,3,N,No,Free Flow,202201082174,City,1,18.68000031,Y,,,,(UNK),933809,(N/A),(UNK),No Defects,1,1,Other Principal Arterial,3,348,X002563345,Not Toll,73,1,1,Not Divided,1,2939518.34628366,1912750.99613591,41.89400525,-87.80521512,,Urban,1,N,(N/A),Y,(N/A)
2022,2022-11-05,Saturday,20,08:42 PM,Property Damage,No Injuries,0,0,0,0,0,3,Front to Rear,11,N,N,Failing to Reduce Speed to Avoid Crash,(N/A),Darkness / Lighted Road,Clear,Dry,N,,,,,Other,Functioning Properly,N,2,41.8713414,-87.780393,ok,Partial Access Control,3,03-22-16198,2022,,28,99,50000 and OVER,9,4295,Oak Park,C,Urban InterState,,16,5,11952970,11,Cook,0,22,,,6,N,No,(UNK),202201358187,ISP,5,22.78000069,Y,,,,(UNK),933933,(N/A),(UNK),No Defects,1,1,InterState,1,9290,X002817790,Not Toll,,13,4,Divided With Median Barrier,3,2946508.33673188,1904676.1383798,41.87133356,-87.78038723,,Urban,1,N,(N/A),Y,(N/A)
2022,2022-09-28,Wednesday,14,02:45 PM,Property Damage,No Injuries,0,0,0,0,0,2,Sideswipe Opposite Direction,13,N,N,Improper Backing,Operating Vehicle In Reckless Manner,Daylight,Clear,Dry,N,,,,,No Controls,No Controls,N,2,41.8701602,-87.8043894,ok,(UNK),1,22-02926,2022,,30,50,50000 and OVER,9,4295,Oak Park,C,Urban Other Principal Arte,,16,28,11901599,9,Cook,0,22,,,3,N,No,Free Flow,202201309410,City,1,20.32999992,Y,,,,(UNK),934289,(N/A),(UNK),No Defects,1,1,Other Principal Arterial,3,348,X002772984,Not Toll,73,1,1,Parking Lot,7,2939984.15458809,1904064.79924821,41.87015234,-87.80438357,,Urban,1,N,(N/A),Y,(N/A)