crash_year,crash_date,day_of_week,crash_hour,time_of_crash,crash_severity,crash_injury_severity,total_injured,total_fatals,a_injuries,b_injuries,c_injuries,no_injuries,type_of_first_crash,collision_type_code,pedestrian_involved,pedalcyclist_involved,cause1,cause2,lighting_cond,weather_cond,road_surface_cond,intersection_related,is_intersection,highway_or_street_name,at_intersection_with,address_no,traffic_control_device,traffic_control_device_cond,hit_and_run,number_of_vehicles,latitude,longitude,location_status,access_control,agency_code,agency_report_number,agency_report_year,alignment_code,cause1_code,cause2_code,city_class,city_class_code,city_code,city_name,city_township_flag,class_of_trafficway,class_of_trafficway_code,county_code,crash_day,crash_id,crash_month,crash_report_county,crash_severity_cd,crash_yr_source,damaged_property1,damaged_property2,day_of_week_code,did_crash_occur_in_work_zone,did_involve_secondary_crash,flow_condition,icn,investigating_agency_descrip,light_condition_code,mile_station,nhs,non_intersection_direction,non_intersection_distance,non_intersection_units,number_of_lanes,objectid,railroad_crossing_number,road_alignment,road_defects,road_defects_code,road_surface_condition_code,roadway_functional_class,roadway_functional_class_code,route_number,sfe,toll,township,traffic_control_device_code,traffic_control_device_cond_code,trafficway_descrip,trafficway_description_code,ts_crash_coordinate_x,ts_crash_coordinate_y,ts_crash_latitude,ts_crash_longitude,type_report,urban_rural,weather_code,were_workers_present,work_zone,work_zone_related,work_zone_type
2022,2022-09-28,Wednesday,16,04:38 PM,Property Damage,No Injuries,0,0,0,0,0,4,Sideswipe Same Direction,12,N,N,Failing to Yield Right of Way,Driving Skills/Knowledge/Experience,Daylight,Clear,Dry,Y,,,,,Traffic Signal,Functioning Properly,Y,3,41.8832478,-87.8048566,ok,(UNK),1,22-02927,2022,,2,15,50000 and OVER,9,4295,Oak Park,C,Urban Other Principal Arte,,16,28,11901626,9,Cook,0,22,,,3,N,Yes,Free Flow,202201309436,City,1,26.27000046,Y,,,,(UNK),934610,(N/A),(UNK),No Defects,1,1,Other Principal Arterial,3,5043,X002773010,Not Toll,73,3,4,"Divided, No Median Barrier",2,2939725.59222859,1908830.66655115,41.88323999,-87.80485075,,Urban,1,N,(N/A),Y,(N/A)
2022,2022-11-06,Sunday,11,11:27 AM,Property Damage,No Injuries,0,0,0,0,0,4,Turning,10,N,N,Failing to Yield Right of Way,Failing to Reduce Speed to Avoid Crash,Daylight,Clear,Dry,Y,,,,,Traffic Signal,Functioning Properly,N,2,41.8759848,-87.8045958,ok,(UNK),1,22-03337,2022,,2,28,50000 and OVER,9,4295,Oak Park,C,Urban Other Principal Arte,,16,6,11953193,11,Cook,0,22,,,7,N,No,Free Flow,202201358404,City,1,25.77000046,Y,,,,(UNK),934912,(N/A),(UNK),No Defects,1,1,Other Principal Arterial,3,5043,X002818015,Not Toll,73,3,4,Not Divided,1,2939869.49456576,1906185.86027551,41.875977,-87.80458997,,Urban,1,N,(N/A),Y,(N/A)
2022,2022-09-15,Thursday,15,03:15 PM,Property Damage,No Injuries,0,0,0,0,0,2,Turning,10,N,N,Improper Turning/No Signal,Failing to Reduce Speed to Avoid Crash,Daylight,Clear,Dry,N,,,,,Other,Functioning Properly,Y,2,41.8735213,-87.8035339,ok,Partial Access Control,3,03-22-13547,2022,,6,28,50000 and OVER,9,4295,Oak Park,C,Urban InterState,,16,15,11901684,9,Cook,0,22,,,4,N,No,(UNK),202201309492,ISP,1,0.03,Y,,,,(UNK),934949,(N/A),(UNK),No Defects,1,1,InterState,1,290,X002773066,Not Toll,73,13,4,Ramp,11,2940183.43522103,1905296.04712255,41.87351341,-87.80352808,,Urban,1,N,(N/A),Y,(N/A)
2022,2022-09-25,Sunday,11,11:23 AM,Injury,B Injury Crash,1,0,0,1,0,1,Front to Rear,11,N,N,Following Too Closely,Failing to Reduce Speed to Avoid Crash,Daylight,Clear,Dry,N,,,,,No Controls,Functioning Properly,N,2,41.8712357,-87.7744763,ok,Partial Access Control,3,03-22-13794,2022,,3,28,50000 and OVER,9,4295,Oak Park,C,Urban InterState,,16,25,11901706,9,Cook,2,22,,,7,N,No,(UNK),202201309515,ISP,1,23.07999992,Y,,,,(UNK),935057,(N/A),(UNK),No Defects,1,1,InterState,1,9290,X002773087,Not Toll,73,1,4,Divided With Median Barrier,3,2948120.99202992,1904682.51107869,41.87122789,-87.77447049,,Urban,1,N,(N/A),Y,(N/A)
2022,2022-09-27,Tuesday,9,09:35 AM,Property Damage,No Injuries,0,0,0,0,0,1,Fixed Object,6,N,N,Failing to Reduce Speed to Avoid Crash,(N/A),Daylight,Clear,Dry,N,,,,,Other Regualtory Sig,Functioning Properly,N,1,41.8873501,-87.7846619,ok,(UNK),1,2205965,2022,,28,99,50000 and OVER,9,4295,Oak Park,C,Urban Major Collector,,16,27,11902054,9,Cook,0,22,UNION PACIFIC VIADUCT,,2,N,No,Free Flow,202201309833,City,1,1,N,,,,(UNK),936503,(N/A),(UNK),No Defects,1,1,Major Collector,5,2783,X002773404,Not Toll,73,10,4,Divided With Median Barrier,3,2945183.59653839,1910477.70359228,41.88734229,-87.78465609,,Urban,1,N,(N/A),Y,(N/A)
2022,2022-01-13,Thursday,3,03:28 AM,Injury,C Injury Crash,1,0,0,0,1,2,Front to Rear,11,N,N,Failing to Reduce Speed to Avoid Crash,Driving Skills/Knowledge/Experience,Daylight,Clear,Dry,N,,,,,No Controls,No Controls,N,3,41.8737633,-87.8043592,ok,Partial Access Control,3,03-22-00544,2022,,28,15,50000 and OVER,9,4295,Oak Park,C,Urban InterState,,16,13,11603191,1,Cook,1,22,,,4,N,No,(UNK),202201030592,ISP,1,21.59000015,Y,,,,(UNK),937021,(N/A),(UNK),No Defects,1,1,InterState,1,9290,X002514876,Not Toll,73,1,1,Divided With Median Barrier,3,2939956.23095886,1905378.07908966,41.8737555,-87.80435335,,Urban,1,N,(N/A),Y,(N/A)
2022,2022-01-24,Monday,9,09:16 AM,Property Damage,No Injuries,0,0,0,0,0,2,Sideswipe Same Direction,12,N,N,Improper Lane Usage,Failing to Reduce Speed to Avoid Crash,Daylight,Snow,Snow or Slush,N,,,,,Other Warning Sign,Functioning Properly,Y,2,41.87229,-87.7882508,ok,Partial Access Control,3,03-22-01086,2022,,20,28,50000 and OVER,9,4295,Oak Park,C,Urban InterState,,16,24,11603221,1,Cook,0,22,,,1,N,No,(UNK),202201030620,ISP,1,22.37000084,Y,,,,(UNK),937093,(N/A),(UNK),No Defects,1,3,InterState,1,9290,X002514904,Not Toll,73,11,4,Divided With Median Barrier,3,2944358.4922663,1904962.38847226,41.87228215,-87.78824496,,Urban,3,N,(N/A),Y,(N/A)
2022,2022-01-15,Saturday,17,05:19 PM,Injury,C Injury Crash,1,0,0,0,1,3,Parked Motor Vehicle,9,N,N,Improper Lane Usage,Distraction - From Inside Vehicle,Darkness / Lighted Road,Clear,Wet,N,,,,,Traffic Signal,Functioning Properly,N,2,41.8947171,-87.7752113,ok,(UNK),1,2200283,2022,,20,41,50000 and OVER,9,4295,Oak Park,C,Urban Minor Arterial,,16,15,11603451,1,Cook,1,22,,,6,N,No,Free Flow,202201030840,City,5,0,N,,,,(UNK),938230,(N/A),(UNK),No Defects,1,2,Minor Arterial,4,,X002514753,Not Toll,73,3,4,"Divided, No Median Barrier",2,2947682.20269396,1913234.00233102,41.8947093,-87.77520552,,Urban,1,N,(N/A),Y,(N/A)
2022,2022-01-14,Friday,15,03:27 PM,Property Damage,No Injuries,0,0,0,0,0,2,Sideswipe Same Direction,12,N,N,Improper Lane Usage,Failing to Yield Right of Way,Daylight,Clear,Dry,Y,,,,,No Controls,No Controls,N,2,41.8800417,-87.7820273,ok,(UNK),1,2200257,2022,,20,2,50000 and OVER,9,4295,Oak Park,C,Urban Minor Arterial,,16,14,11603454,1,Cook,0,22,,,5,N,No,Free Flow,202201030843,City,1,0,N,,,,(UNK),938263,(N/A),(UNK),No Defects,1,1,Minor Arterial,4,,X002514759,Not Toll,73,1,1,Not Divided,1,2945975.05897019,1907834.30276949,41.88003384,-87.78202152,,Urban,1,N,(N/A),Y,(N/A)
2022,2022-01-14,Friday,10,10:20 AM,Property Damage,No Injuries,0,0,0,0,0,3,Front to Rear,11,N,N,Evasive Action Due to Animal / Object / Non-Motorist,Unable to Determine,Daylight,Clear,Dry,N,,,,,No Controls,No Controls,N,2,41.8668205,-87.8042735,ok,(UNK),1,2200245,2022,,32,18,50000 and OVER,9,4295,Oak Park,C,Urban Other Principal Arte,,16,14,11603452,1,Cook,0,22,,,5,N,Yes,Free Flow,202201030841,City,1,20.55999947,Y,,,,(UNK),938264,(N/A),(UNK),No Defects,1,1,Other Principal Arterial,3,348,X002514755,Not Toll,73,1,1,"Divided, No Median Barrier",2,2940049.23291351,1902848.62391538,41.86681265,-87.80426768,,Urban,1,N,(N/A),Y,(N/A)
2022,2022-05-29,Sunday,20,08:49 PM,Injury,A Injury Crash,1,0,1,0,0,1,Pedestrian,1,Y,N,Failing to Reduce Speed to Avoid Crash,Failing to Yield Right of Way,Darkness / Lighted Road,Clear,Dry,N,,,,,Traffic Signal,Functioning Properly,Y,1,41.8736698,-87.8032234,ok,Partial Access Control,3,03-22-07442,2022,,28,2,50000 and OVER,9,4295,Oak Park,C,Urban InterState,,16,29,11760375,5,Cook,3,22,,,7,N,No,(UNK),202201175899,ISP,5,21.63999939,Y,,,,(UNK),938394,(N/A),(UNK),No Defects,1,1,InterState,1,9290,X002649358,Not Toll,73,3,4,Ramp,11,2940266.5,1905352.5,41.87366193,-87.80321764,,Urban,1,N,(N/A),Y,(N/A)
2022,2022-01-15,Saturday,2,02:49 AM,Property Damage,No Injuries,0,0,0,0,0,1,Fixed Object,6,N,N,Under Influence of Alcohol/Drugs,Failing to Reduce Speed to Avoid Crash,Darkness / Lighted Road,Snow,Snow or Slush,N,,,,,No Controls,No Controls,N,1,41.8869794,-87.7848285,ok,(UNK),1,2200264,2022,,8,28,50000 and OVER,9,4295,Oak Park,C,Urban Local Road or Street,,16,15,11603607,1,Cook,0,22,LIGHT POLE,,6,N,No,Slow,202201030986,City,5,1,N,,,,(UNK),938857,(N/A),(UNK),No Defects,1,3,Local Road or Street,7,3036,X002514764,Not Toll,73,1,1,"Divided, No Median Barrier",2,2945141.97514912,1910341.34308622,41.88697156,-87.78482272,,Urban,3,N,(N/A),Y,(N/A)
2022,2022-09-15,Thursday,8,08:15 AM,Property Damage,No Injuries,0,0,0,0,0,2,Sideswipe Same Direction,12,N,N,Improper Lane Usage,Failing to Reduce Speed to Avoid Crash,Daylight,Clear,Dry,N,,,,,Other,Functioning Properly,Y,2,41.8712933,-87.7798009,ok,Partial Access Control,3,03-22-13376,2022,,20,28,50000 and OVER,9,4295,Oak Park,C,Urban InterState,,16,15,11902681,9,Cook,0,22,,,4,N,No,(UNK),202201310363,ISP,1,22.80999947,Y,,,,(UNK),938876,(N/A),(UNK),No Defects,1,1,InterState,1,9290,X002773790,Not Toll,,13,4,Divided With Median Barrier,3,2946670.10812791,1904663.08156837,41.87128542,-87.7797951,,Urban,1,N,(N/A),Y,(N/A)
2022,2022-08-19,Friday,6,06:47 AM,Property Damage,No Injuries,0,0,0,0,0,2,Front to Rear,11,N,N,Following Too Closely,Failing to Reduce Speed to Avoid Crash,Daylight,Clear,Dry,N,,,,,Other,Functioning Properly,N,2,41.8727761,-87.7749061,ok,(UNK),3,03-22-11834,2022,,3,28,50000 and OVER,9,4295,Oak Park,C,Urban Local Road or Street,,16,19,11856840,8,Cook,0,22,,,5,N,No,(UNK),202201267124,ISP,1,0.49000001,N,,,,(UNK),939239,(N/A),(UNK),No Defects,1,1,Local Road or Street,7,4060,X002733757,Not Toll,,13,4,Divided With Median Barrier,3,2947988.28281693,1905240.59032152,41.87276827,-87.77490026,,Urban,1,N,(N/A),Y,(N/A)
2022,2022-09-29,Thursday,9,09:07 AM,Injury,B Injury Crash,1,0,0,1,0,3,Front to Rear,11,N,N,Failing to Reduce Speed to Avoid Crash,(N/A),Daylight,Clear,Dry,Y,,,,,No Controls,No Controls,N,2,41.8984536,-87.8054038,ok,(UNK),1,2201114,2022,,28,99,50000 and OVER,9,4295,Oak Park,C,Urban Other Principal Arte,,16,29,11902895,9,Cook,2,22,,,4,N,No,Free Flow,202201310576,City,1,18.37000084,Y,,,,(UNK),939670,(N/A),(UNK),No Defects,1,1,Other Principal Arterial,3,348,X002773999,Not Toll,73,1,1,Four Way,14,2939423.99228772,1914367.83076988,41.89844576,-87.805398,,Urban,1,N,(N/A),Y,(N/A)
2022,2022-08-23,Tuesday,16,04:25 PM,Property Damage,No Injuries,0,0,0,0,0,2,Turning,10,N,N,Failing to Reduce Speed to Avoid Crash,Failing to Yield Right of Way,Daylight,Clear,Dry,N,,,,,Traffic Signal,Functioning Properly,Y,2,41.8653185,-87.8042246,ok,(UNK),1,22-02552,2022,,28,2,50000 and OVER,9,4295,Oak Park,C,Urban Other Principal Arte,,16,23,11857025,8,Cook,0,22,,,2,N,No,Stopped,202201267299,City,1,20.67000008,Y,,,,(UNK),939733,(N/A),(UNK),No Defects,1,1,Other Principal Arterial,3,348,X002733940,Not Toll,73,3,4,"Divided, No Median Barrier",2,2940077.61435565,1902301.65639208,41.8653107,-87.80421881,,Urban,1,N,(N/A),Y,(N/A)
2022,2022-01-25,Tuesday,8,08:50 AM,Property Damage,No Injuries,0,0,0,0,0,2,Front to Rear,11,N,N,Following Too Closely,Failing to Reduce Speed to Avoid Crash,Daylight,Clear,Dry,N,,,,,Other Warning Sign,Functioning Properly,Y,2,41.872534,-87.7945612,ok,Partial Access Control,3,03-22-01142,2022,,3,28,50000 and OVER,9,4295,Oak Park,C,Urban InterState,,16,25,11603947,1,Cook,0,22,,,2,N,No,(UNK),202201031305,ISP,1,8.15999985,Y,,,,(UNK),940481,(N/A),(UNK),No Defects,1,1,InterState,1,290,X002515590,Not Toll,,11,4,Divided With Median Barrier,3,2942637.23466171,1905003.73457251,41.87252619,-87.79455544,,Urban,1,N,(N/A),Y,(N/A)
2022,2022-08-24,Wednesday,7,07:19 AM,Property Damage,No Injuries,0,0,0,0,0,3,Front to Rear,11,N,N,Failing to Reduce Speed to Avoid Crash,Driving Skills/Knowledge/Experience,Daylight,Clear,Dry,N,,,,,No Controls,No Controls,N,2,41.8732665,-87.8021987,ok,Partial Access Control,3,03-22-12093,2022,,28,15,50000 and OVER,9,4295,Oak Park,C,Urban InterState,,16,24,11857555,8,Cook,0,22,,,3,N,No,(UNK),202201267789,ISP,1,7.80999994,Y,,,,(UNK),941649,(N/A),(UNK),No Defects,1,1,InterState,1,290,X002734422,Not Toll,,1,1,Divided With Median Barrier,3,2940549.66065714,1905213.22419846,41.87325863,-87.80219288,,Urban,1,N,(N/A),Y,(N/A)
2022,2022-08-20,Saturday,16,04:45 PM,Property Damage,No Injuries,0,0,0,0,0,2,Front to Rear,11,N,N,Following Too Closely,(N/A),Daylight,Clear,Dry,N,,,,,Other,Functioning Properly,N,2,41.875492,-87.8045814,ok,(UNK),1,22-02521,2022,,3,99,50000 and OVER,9,4295,Oak Park,C,Urban Other Principal Arte,,16,20,11857681,8,Cook,0,22,,,6,N,No,Slow,202201267896,City,1,19.95999908,Y,,,,(UNK),942110,(N/A),(UNK),No Defects,1,1,Other Principal Arterial,3,348,X002734527,Not Toll,73,13,4,Divided With Median Barrier,3,2939878.34018679,1906006.37501106,41.87548418,-87.80457564,,Urban,1,N,(N/A),Y,(N/A)
2022,2022-09-28,Wednesday,9,09:13 AM,Injury,B Injury Crash,1,0,0,1,0,1,Angle,15,N,N,Failing to Yield Right of Way,Failing to Reduce Speed to Avoid Crash,Daylight,Clear,Dry,Y,,,,,Stop Sign,Functioning Properly,N,3,41.8869504,-87.7879194,ok,(UNK),1,2205995,2022,,2,28,50000 and OVER,9,4295,Oak Park,C,Urban Local Road or Street,,16,28,11903522,9,Cook,2,22,,,3,N,No,Free Flow,202201311193,City,1,0,N,,,,(UNK),942449,(N/A),(UNK),No Defects,1,1,Local Road or Street,7,,X002774592,Not Toll,73,2,4,Four Way,14,2944300.58755962,1910307.42356542,41.88694258,-87.78791361,,Urban,1,N,(N/A),Y,(N/A)
2022,2022-11-05,Saturday,14,02:50 PM,Property Damage,No Injuries,0,0,0,0,0,1,Parked Motor Vehicle,9,N,N,Unable to Determine,Unable to Determine,Daylight,Clear,Dry,N,,,,,No Controls,No Controls,Y,2,41.8883784,-87.8050178,ok,(UNK),1,2206912,2022,,18,18,50000 and OVER,9,4295,Oak Park,C,Urban Other Principal Arte,,16,5,11955404,11,Cook,0,22,,,6,N,No,Slow,202201360132,City,1,19.06999969,Y,,,,(UNK),942586,(N/A),(UNK),No Defects,1,1,Other Principal Arterial,3,348,X002819602,Not Toll,73,1,1,Parking Lot,7,2939630.19947268,1910699.12992163,41.88837055,-87.805012,,Urban,1,N,(N/A),Y,(N/A)
2022,2022-11-05,Saturday,22,10:13 PM,Injury,C Injury Crash,1,0,0,0,1,0,Parked Motor Vehicle,9,N,N,Under Influence of Alcohol/Drugs,Failing to Reduce Speed to Avoid Crash,Darkness / Lighted Road,Clear,Dry,N,,,,,No Controls,No Controls,N,2,41.8818065,-87.7800337,ok,(UNK),1,2206922,2022,,8,28,50000 and OVER,9,4295,Oak Park,C,Urban Major Collector,,16,5,11955399,11,Cook,1,22,,,6,N,No,Free Flow,202201360127,City,5,1.27999997,N,,,,(UNK),942587,(N/A),(UNK),No Defects,1,1,Major Collector,5,5,X002819597,Not Toll,73,1,1,"Divided, No Median Barrier",2,2946500.10514132,1908492.54620941,41.88179868,-87.7800279,,Urban,1,N,(N/A),Y,(N/A)
2022,2022-11-04,Friday,22,10:15 PM,Property Damage,No Injuries,0,0,0,0,0,1,Parked Motor Vehicle,9,N,N,Improper Lane Usage,Failing to Reduce Speed to Avoid Crash,Darkness,Clear,Dry,N,,,,,No Controls,No Controls,N,3,41.8761512,-87.791852,ok,(UNK),1,2206895,2022,,20,28,50000 and OVER,9,4295,Oak Park,C,Urban Local Road or Street,,16,4,11955401,11,Cook,0,22,,,5,N,No,(UNK),202201360129,City,4,0.17,N,,,,(UNK),942588,(N/A),(UNK),No Defects,1,1,Local Road or Street,7,4025,X002819599,Not Toll,73,1,1,Not Divided,1,2943338.65423435,1906342.30716167,41.87614335,-87.79184623,,Urban,1,N,(N/A),Y,(N/A)
2022,2022-11-04,Friday,18,06:20 PM,Injury,A Injury Crash,2,0,1,1,0,0,Other Object,7,N,N,Improper Lane Usage,Unable to Determine,Darkness / Lighted Road,Clear,Dry,N,,,,,No Controls,No Controls,N,1,41.894527,-87.788126,ok,(UNK),1,2206892,2022,,20,18,50000 and OVER,9,4295,Oak Park,C,Urban Minor Arterial,,16,4,11955409,11,Cook,3,22,HOUSE/RESIDENCE,,5,N,No,Free Flow,202201360137,City,5,0,N,,,,(UNK),942591,(N/A),(UNK),No Defects,1,1,Minor Arterial,4,,X002819607,Not Toll,73,1,1,Not Divided,1,2944167.76582003,1913066.89995987,41.89451912,-87.78812015,,Urban,1,N,(N/A),Y,(N/A)
2022,2022-10-24,Monday,16,04:17 PM,Property Damage,No Injuries,0,0,0,0,0,1,Parked Motor Vehicle,9,N,N,Improper Backing,Unable to Determine,Unknown,Clear,Dry,N,,,,,Stop Sign,Functioning Properly,N,2,41.8726692,-87.779275,ok,(UNK),1,2206628,2022,,30,18,50000 and OVER,9,4295,Oak Park,C,Urban Minor Collector,,16,24,11955412,10,Cook,0,22,,,1,N,No,Free Flow,202201360139,City,9,1.05999994,N,,,,(UNK),942600,(N/A),(UNK),No Defects,1,1,Minor Collector,6,3794,X002819610,Not Toll,73,2,4,Not Divided,1,2946799.38768076,1905168.47338128,41.87266133,-87.77926923,,Urban,1,N,(N/A),Y,(N/A)
2022,2022-03-01,Tuesday,8,08:56 AM,Property Damage,No Injuries,0,0,0,0,0,2,Sideswipe Same Direction,12,N,N,Improper Lane Usage,(N/A),Daylight,Cloudy/Overcast,Dry,N,,,,,Other Regualtory Sig,Functioning Properly,N,2,41.8713993,-87.7771022,ok,Partial Access Control,3,03-22-02925,2022,,20,99,50000 and OVER,9,4295,Oak Park,C,Urban InterState,,16,1,11663267,3,Cook,0,22,,,2,N,No,(UNK),202201083583,ISP,1,22.95000076,Y,,,,(UNK),943495,(N/A),(UNK),No Defects,1,1,InterState,1,9290,X002564719,Not Toll,73,10,4,Divided With Median Barrier,3,2947404.10407461,1904722.18850028,41.87139146,-87.77709636,,Urban,8,N,(N/A),Y,(N/A)
2022,2022-07-10,Sunday,12,12:35 PM,Property Damage,No Injuries,0,0,0,0,0,3,Front to Rear,11,N,N,Failing to Reduce Speed to Avoid Crash,Following Too Closely,Daylight,Clear,Dry,N,,,,,No Controls,Functioning Properly,N,2,41.8730701,-87.7977681,ok,Partial Access Control,3,03-22-09685,2022,,28,3,50000 and OVER,9,4295,Oak Park,C,Urban InterState,,16,10,11804954,7,Cook,0,22,,,7,N,No,(UNK),202201218341,ISP,1,21.89999962,Y,,,,(UNK),944733,(N/A),(UNK),No Defects,1,1,InterState,1,9290,X002688101,Not Toll,73,1,4,Divided With Median Barrier,3,2941758.39147952,1905174.96935271,41.87306231,-87.79776227,,Urban,1,N,(N/A),Y,(N/A)
2022,2022-07-10,Sunday,0,00:20 AM,Property Damage,No Injuries,0,0,0,0,0,3,Sideswipe Same Direction,12,N,N,Improper Lane Usage,Improper Turning/No Signal,Darkness,Clear,Dry,N,,,,,No Controls,Functioning Properly,N,2,41.8726161,-87.7937825,ok,Partial Access Control,3,03-22-09668,2022,,20,6,50000 and OVER,9,4295,Oak Park,C,Urban InterState,,16,10,11804953,7,Cook,0,22,,,7,N,No,(UNK),202201218340,ISP,4,22.07999992,Y,,,,(UNK),944734,(N/A),(UNK),No Defects,1,1,InterState,1,9290,X002688100,Not Toll,73,1,4,Divided With Median Barrier,3,2942848.5,1905039.5,41.87260824,-87.79377675,,Urban,1,N,(N/A),Y,(N/A)
2022,2022-09-30,Friday,11,11:42 AM,Property Damage,No Injuries,0,0,0,0,0,3,Front to Rear,11,N,N,Improper Backing,Unable to Determine,Daylight,Clear,Dry,Y,,,,,Traffic Signal,Functioning Properly,N,2,41.8759848,-87.8045958,ok,(UNK),1,22-02942,2022,,30,18,50000 and OVER,9,4295,Oak Park,C,Urban Other Principal Arte,,16,30,11904055,9,Cook,0,22,,,5,N,No,Slow,202201311697,City,1,25.77000046,Y,,,,(UNK),945138,(N/A),(UNK),No Defects,1,1,Other Principal Arterial,3,5043,X002775077,Not Toll,73,3,4,"Divided, No Median Barrier",2,2939869.49456576,1906185.86027551,41.875977,-87.80458997,,Urban,1,N,(N/A),Y,(N/A)
2022,2022-08-23,Tuesday,21,09:24 PM,Injury,C Injury Crash,2,0,0,0,2,3,Angle,15,N,N,Operating Vehicle In Reckless Manner,Driving Skills/Knowledge/Experience,Darkness,Clear,Dry,N,,,,,No Controls,No Controls,N,3,41.8859137,-87.8049283,ok,(UNK),1,22-02556,2022,,50,15,50000 and OVER,9,4295,Oak Park,C,Urban Other Principal Arte,,16,23,11858117,8,Cook,1,22,,,2,N,Yes,Free Flow,202201268302,City,4,19.23999977,Y,,,,(UNK),945434,(N/A),(UNK),No Defects,1,1,Other Principal Arterial,3,348,X002734934,Not Toll,73,1,1,"Divided, No Median Barrier",2,2939679.29610055,1909801.62730767,41.88590588,-87.80492252,,Urban,1,N,(N/A),Y,(N/A)
2022,2022-11-07,Monday,7,07:45 AM,Property Damage,No Injuries,0,0,0,0,0,2,Front to Rear,11,N,N,Following Too Closely,Failing to Reduce Speed to Avoid Crash,Daylight,Clear,Dry,N,,,,,Stop Sign,Functioning Properly,N,2,41.8911233,-87.7945804,ok,(UNK),1,2206945,2022,,3,28,50000 and OVER,9,4295,Oak Park,C,Urban Major Collector,,16,7,11956705,11,Cook,0,22,,,1,N,No,Free Flow,202201361329,City,1,5.3499999,N,,,,(UNK),945880,(N/A),(UNK),No Defects,1,1,Major Collector,5,2775,X002820869,Not Toll,73,2,4,Not Divided,1,2942444.68073452,1911777.86882795,41.89111548,-87.79457457,,Urban,1,N,(N/A),Y,(N/A)
2022,2022-07-06,Wednesday,16,04:06 PM,Property Damage,No Injuries,0,0,0,0,0,2,Sideswipe Same Direction,12,N,N,Failing to Yield Right of Way,Failing to Reduce Speed to Avoid Crash,Daylight,Clear,Dry,N,,,,,No Controls,No Controls,N,2,41.8685948,-87.7816102,ok,(UNK),1,2203944,2022,,2,28,50000 and OVER,9,4295,Oak Park,C,Urban Local Road or Street,,16,6,11805312,7,Cook,0,22,,,3,N,No,Free Flow,202201218588,City,1,0.15000001,N,,,,(UNK),946124,(N/A),(UNK),No Defects,1,1,Local Road or Street,7,2633,X002688316,Not Toll,73,1,1,Not Divided,1,2946204.62340794,1903665.99524047,41.86858692,-87.78160444,,Urban,1,N,(N/A),Y,(N/A)
2022,2022-06-24,Friday,16,04:34 PM,Property Damage,No Injuries,0,0,0,0,0,1,Parked Motor Vehicle,9,N,N,Unable to Determine,(N/A),Daylight,Clear,Dry,N,,,,,No Controls,No Controls,N,2,41.8883905,-87.7864539,ok,(UNK),1,2203658,2022,,18,99,50000 and OVER,9,4295,Oak Park,C,Urban Major Collector,,16,24,11805465,6,Cook,0,22,,,5,N,No,Free Flow,202201218734,City,1,0.76999998,N,,,,(UNK),946771,(N/A),(UNK),No Defects,1,1,Major Collector,5,1405,X002688451,Not Toll,73,1,1,Alley,12,2944685.08786609,1910843.28708375,41.88838266,-87.78644813,,Urban,1,N,(N/A),Y,(N/A)
2022,2022-06-25,Saturday,13,01:43 PM,Injury,C Injury Crash,1,0,0,0,1,2,Angle,15,N,N,Failing to Yield Right of Way,Unable to Determine,Daylight,Clear,Dry,Y,,,,,Stop Sign,Functioning Properly,N,2,41.905758,-87.783425,ok,(UNK),1,2203676,2022,,2,18,50000 and OVER,9,4295,Oak Park,C,Urban Major Collector,,16,25,11805492,6,Cook,1,22,,,6,N,No,Slow,202201218759,City,1,0,N,,,,(UNK),946922,(N/A),(UNK),No Defects,1,1,Major Collector,5,,X002688475,Not Toll,73,2,4,T-Intersection,15,2945333.97031298,1917195.23950477,41.90575013,-87.7834192,,Urban,1,N,(N/A),Y,(N/A)
2022,2022-06-26,Sunday,18,06:54 PM,Property Damage,No Injuries,0,0,0,0,0,2,Front to Rear,11,N,N,Failing to Reduce Speed to Avoid Crash,(N/A),Daylight,Clear,Dry,N,,,,,No Controls,No Controls,N,2,41.8723388,-87.8036816,ok,(UNK),1,2203701,2022,,28,99,50000 and OVER,9,4295,Oak Park,C,Urban Local Road or Street,,16,26,11805510,6,Cook,0,22,,,7,N,No,Free Flow,202201218778,City,1,0.05,N,,,,(UNK),946951,(N/A),(UNK),No Defects,1,1,Local Road or Street,7,4062,X002688492,Not Toll,73,1,1,"Divided, No Median Barrier",2,2940155.06124086,1904864.02300305,41.87233093,-87.80367584,,Urban,1,N,(N/A),Y,(N/A)
2022,2022-05-16,Monday,13,01:55 PM,Property Damage,No Injuries,0,0,0,0,0,2,Front to Rear,11,N,N,Failing to Reduce Speed to Avoid Crash,Driving Skills/Knowledge/Experience,Daylight,Clear,Dry,N,,,,,Other,Functioning Properly,N,2,41.8729885,-87.7992826,ok,Partial Access Control,3,03-22-06710,2022,,28,15,50000 and OVER,9,4295,Oak Park,C,Urban InterState,,16,16,11762420,5,Cook,0,22,,,1,N,No,(UNK),202201177624,ISP,1,7.94000006,Y,,,,(UNK),947827,(N/A),(UNK),Shoulders,6,1,InterState,1,290,X002651016,Not Toll,,13,4,Divided With Median Barrier,3,2941346.70141268,1905133.83781737,41.87298068,-87.7992768,,Urban,1,N,(N/A),N,(N/A)