crash_year,crash_date,day_of_week,crash_hour,time_of_crash,crash_severity,crash_injury_severity,total_injured,total_fatals,a_injuries,b_injuries,c_injuries,no_injuries,type_of_first_crash,collision_type_code,pedestrian_involved,pedalcyclist_involved,cause1,cause2,lighting_cond,weather_cond,road_surface_cond,intersection_related,is_intersection,highway_or_street_name,at_intersection_with,address_no,traffic_control_device,traffic_control_device_cond,hit_and_run,number_of_vehicles,latitude,longitude,location_status,access_control,agency_code,agency_report_number,agency_report_year,alignment_code,cause1_code,cause2_code,city_class,city_class_code,city_code,city_name,city_township_flag,class_of_trafficway,class_of_trafficway_code,county_code,crash_day,crash_id,crash_month,crash_report_county,crash_severity_cd,crash_yr_source,damaged_property1,damaged_property2,day_of_week_code,did_crash_occur_in_work_zone,did_involve_secondary_crash,flow_condition,icn,investigating_agency_descrip,light_condition_code,mile_station,nhs,non_intersection_direction,non_intersection_distance,non_intersection_units,number_of_lanes,objectid,railroad_crossing_number,road_alignment,road_defects,road_defects_code,road_surface_condition_code,roadway_functional_class,roadway_functional_class_code,route_number,sfe,toll,township,traffic_control_device_code,traffic_control_device_cond_code,trafficway_descrip,trafficway_description_code,ts_crash_coordinate_x,ts_crash_coordinate_y,ts_crash_latitude,ts_crash_longitude,type_report,urban_rural,weather_code,were_workers_present,work_zone,work_zone_related,work_zone_type
2022,2022-03-10,Thursday,17,05:01 PM,Property Damage,No Injuries,0,0,0,0,0,2,Sideswipe Same Direction,12,N,N,Improper Turning/No Signal,(N/A),Daylight,Clear,Dry,N,,,,,No Controls,No Controls,Y,2,41.8854023,-87.8049145,ok,(UNK),1,2201287,2022,,6,99,50000 and OVER,9,4295,Oak Park,C,Urban Other Principal Arte,,16,10,11664624,3,Cook,0,22,,,4,N,No,Stopped,202201084888,City,1,26.42000008,Y,,,,(UNK),948300,(N/A),(UNK),No Defects,1,1,Other Principal Arterial,3,5043,X002565251,Not Toll,73,1,1,Not Divided,1,2939688.18062392,1909615.35965009,41.88539446,-87.80490874,,Urban,1,N,(N/A),Y,(N/A)
2022,2022-09-30,Friday,1,01:09 AM,Property Damage,No Injuries,0,0,0,0,0,2,Angle,15,N,N,Disregarding Traffic Signals,Failing to Reduce Speed to Avoid Crash,Darkness / Lighted Road,Clear,Dry,Y,,,,,Traffic Signal,Functioning Properly,N,2,41.8798692,-87.7844362,ok,(UNK),1,2206033,2022,,25,28,50000 and OVER,9,4295,Oak Park,C,Urban Minor Arterial,,16,30,11904719,9,Cook,0,22,,,5,N,No,Free Flow,202201312337,City,5,1.51999998,N,,,,(UNK),948667,(N/A),(UNK),No Defects,1,1,Minor Arterial,4,2783,X002775719,Not Toll,73,3,4,Not Divided,1,2945320.7660581,1907753.20405224,41.87986132,-87.78443042,,Urban,1,N,(N/A),Y,(N/A)
2022,2022-06-27,Monday,9,09:02 AM,Property Damage,No Injuries,0,0,0,0,0,1,Parked Motor Vehicle,9,N,N,Failing to Reduce Speed to Avoid Crash,Unable to Determine,Daylight,Clear,Dry,N,,,,,No Controls,No Controls,Y,2,41.8813048,-87.7999169,ok,(UNK),1,2203711,2022,,28,18,50000 and OVER,9,4295,Oak Park,C,Urban Local Road or Street,,16,27,11806084,6,Cook,0,22,,,1,N,No,Free Flow,202201219081,City,1,0.41,N,,,,(UNK),948680,(N/A),(UNK),No Defects,1,1,Local Road or Street,7,2700,X002688760,Not Toll,73,1,1,Not Divided,1,2941090.3351604,1908159.6712449,41.88129696,-87.79991105,,Urban,1,N,(N/A),Y,(N/A)
2022,2022-06-27,Monday,10,10:17 AM,Property Damage,No Injuries,0,0,0,0,0,1,Parked Motor Vehicle,9,N,N,Failing to Reduce Speed to Avoid Crash,Unable to Determine,Daylight,Clear,Dry,N,,,,,No Controls,No Controls,N,2,41.9027831,-87.7841765,ok,(UNK),1,2203712,2022,,28,18,50000 and OVER,9,4295,Oak Park,C,Urban Major Collector,,16,27,11806089,6,Cook,0,22,,,1,N,No,Free Flow,202201219087,City,1,0.44999999,N,,,,(UNK),948727,(N/A),(UNK),No Defects,1,1,Major Collector,5,2783,X002688765,Not Toll,73,1,1,Not Divided,1,2945159.51847915,1916105.43014391,41.9027752,-87.78417069,,Urban,1,N,(N/A),Y,(N/A)
2022,2022-11-08,Tuesday,13,01:00 PM,Property Damage,No Injuries,0,0,0,0,0,7,Sideswipe Same Direction,12,N,N,Unable to Determine,(N/A),Daylight,Clear,Dry,N,,,,,No Controls,No Controls,N,2,41.8650777,-87.8007364,ok,(UNK),1,2206972,2022,,18,99,50000 and OVER,9,4295,Oak Park,C,Urban Other Principal Arte,,16,8,11958017,11,Cook,0,22,,,2,N,No,Free Flow,202201362584,City,1,6.17000008,Y,,,,(UNK),948973,(N/A),(UNK),No Defects,1,1,Other Principal Arterial,3,347,X002822139,Not Toll,52,1,1,"Divided, No Median Barrier",2,2941030.23244379,1902240.07097096,41.86506986,-87.80073059,,Urban,1,N,(N/A),Y,(N/A)
2022,2022-10-26,Wednesday,4,04:30 AM,Injury,C Injury Crash,1,0,0,0,1,0,Parked Motor Vehicle,9,N,N,Physical Condition of Driver,(N/A),Darkness / Lighted Road,Rain,Wet,N,,,,,No Controls,No Controls,N,3,41.8815504,-87.7967883,ok,(UNK),1,2206658,2022,,17,99,50000 and OVER,9,4295,Oak Park,C,Urban Major Collector,,16,26,11958076,10,Cook,1,22,,,3,N,No,(UNK),202201362634,City,5,0.41,N,,,,(UNK),949023,(N/A),(UNK),No Defects,1,2,Major Collector,5,5,X002822189,Not Toll,73,1,1,Not Divided,1,2941939.86532107,1908272.69650508,41.88154256,-87.79678253,,Urban,2,N,(N/A),Y,(N/A)
2022,2022-07-10,Sunday,10,10:15 AM,Property Damage,No Injuries,0,0,0,0,0,3,Front to Rear,11,N,N,Following Too Closely,Driving Skills/Knowledge/Experience,Daylight,Clear,Dry,N,,,,,No Controls,No Controls,N,3,41.865927,-87.804243,ok,(UNK),1,22-02067,2022,,3,15,50000 and OVER,9,4295,Oak Park,C,Urban Other Principal Arte,,16,10,11806172,7,Cook,0,22,,,7,N,Yes,Free Flow,202201219188,City,1,20.62999916,Y,,,,(UNK),949111,(N/A),(UNK),No Defects,1,1,Other Principal Arterial,3,348,X002688848,Not Toll,73,1,1,"Divided, No Median Barrier",2,2940066.48706231,1902523.24391334,41.86591914,-87.80423725,,Urban,1,N,(N/A),Y,(N/A)
2022,2022-07-10,Sunday,16,04:45 PM,Property Damage,No Injuries,0,0,0,0,0,2,Turning,10,N,N,Failing to Yield Right of Way,Unable to Determine,Daylight,Clear,Dry,Y,,,,,Stop Sign,Functioning Properly,N,2,41.8687188,-87.8043355,ok,(UNK),1,22-02070,2022,,2,18,50000 and OVER,9,4295,Oak Park,C,Urban Other Principal Arte,,16,10,11806168,7,Cook,0,22,,,7,N,No,Free Flow,202201219183,City,1,25.26000023,Y,,,,(UNK),949112,(N/A),(UNK),No Defects,1,1,Other Principal Arterial,3,5043,X002688844,Not Toll,73,2,4,"Divided, No Median Barrier",2,2940013.28898983,1903539.95015972,41.86871099,-87.80432971,,Urban,1,N,(N/A),Y,(N/A)
2022,2022-08-18,Thursday,12,12:20 PM,Property Damage,No Injuries,0,0,0,0,0,2,Sideswipe Same Direction,12,N,N,Improper Lane Usage,Failing to Reduce Speed to Avoid Crash,Darkness / Lighted Road,Clear,Dry,N,,,,,No Controls,No Controls,N,2,41.8737755,-87.8043614,ok,Partial Access Control,3,03-22-11768,2022,,20,28,50000 and OVER,9,4295,Oak Park,C,Urban InterState,,16,18,11858381,8,Cook,0,22,,,4,N,No,(UNK),202201268543,ISP,5,21.59000015,Y,,,,(UNK),949180,(N/A),(UNK),No Defects,1,1,InterState,1,9290,X002735183,Not Toll,73,1,1,Divided With Median Barrier,3,2939955.5,1905382.5,41.87376768,-87.80435559,,Urban,1,N,(N/A),Y,(N/A)
2022,2022-03-02,Wednesday,8,08:20 AM,Property Damage,No Injuries,0,0,0,0,0,2,Sideswipe Same Direction,12,N,N,Improper Lane Usage,Improper Overtaking/Passing,Daylight,Clear,Dry,N,,,,,Traffic Signal,Functioning Properly,Y,2,41.8650283,-87.8041814,ok,(UNK),1,22-01782,2022,,20,4,50000 and OVER,9,4295,Oak Park,C,Urban Other Principal Arte,,16,2,11665239,3,Cook,0,22,,,3,N,No,Free Flow,202201085190,City,1,0,Y,,,,(UNK),950003,(N/A),(UNK),No Defects,1,1,Other Principal Arterial,3,,X002566314,Not Toll,52,3,4,"Divided, No Median Barrier",2,2940092.28815566,1902196.22302572,41.86502049,-87.80417563,,Urban,1,N,(N/A),Y,(N/A)
2022,2022-10-12,Wednesday,22,10:00 PM,Property Damage,No Injuries,0,0,0,0,0,1,Parked Motor Vehicle,9,N,N,Improper Backing,(N/A),Darkness / Lighted Road,Clear,Wet,N,,,,,No Controls,No Controls,N,2,41.885757,-87.8000658,ok,(UNK),1,2206333,2022,,30,99,50000 and OVER,9,4295,Oak Park,C,Urban Local Road or Street,,16,12,11958563,10,Cook,0,22,,,3,N,No,(UNK),202201362991,City,5,0,N,,,,(UNK),950178,(N/A),(UNK),No Defects,1,2,Local Road or Street,7,,X002822549,Not Toll,73,1,1,Not Divided,1,2941005.00207208,1909780.99704018,41.88574911,-87.80006002,,Urban,1,N,(N/A),Y,(N/A)
2022,2022-11-08,Tuesday,18,06:30 PM,Property Damage,No Injuries,0,0,0,0,0,2,Sideswipe Same Direction,12,N,N,Improper Lane Usage,(N/A),Darkness / Lighted Road,Clear,Dry,N,,,,,Other Warning Sign,Functioning Properly,N,2,41.8733273,-87.8028334,ok,Partial Access Control,3,03-22-16332,2022,,20,99,50000 and OVER,9,4295,Oak Park,C,Urban InterState,,16,8,11958559,11,Cook,0,22,,,2,N,No,(UNK),202201362987,ISP,5,7.78000021,Y,,,,(UNK),950179,(N/A),(UNK),No Defects,1,1,InterState,1,290,X002822545,Not Toll,,11,4,Divided With Median Barrier,3,2940376.16494846,1905230.64057948,41.8733195,-87.80282762,,Urban,1,N,(N/A),Y,(N/A)
2022,2022-11-09,Wednesday,8,08:31 AM,Property Damage,No Injuries,0,0,0,0,0,2,Sideswipe Same Direction,12,N,N,Improper Lane Usage,Unable to Determine,Daylight,Cloudy/Overcast,Dry,N,,,,,No Controls,No Controls,Y,2,41.9089069,-87.8015429,ok,(UNK),1,2206990,2022,,20,18,50000 and OVER,9,4295,Oak Park,C,Urban Other Principal Arte,,16,9,11958790,11,Cook,0,22,,,3,N,No,Free Flow,202201363188,City,1,6.13999987,Y,,,,(UNK),950625,(N/A),(UNK),No Defects,1,1,Other Principal Arterial,3,307,X002822750,Not Toll,73,1,1,Divided With Median Barrier,3,2940370.09088407,1918206.18086967,41.90889905,-87.80153706,,Urban,8,N,(N/A),Y,(N/A)
2022,2022-11-01,Tuesday,17,05:45 PM,Property Damage,No Injuries,0,0,0,0,0,2,Sideswipe Same Direction,12,N,N,Improper Lane Usage,Failing to Reduce Speed to Avoid Crash,Daylight,Clear,Dry,N,,,,,Other,Functioning Properly,Y,2,41.8726044,-87.7936356,ok,Partial Access Control,3,03-22-15946,2022,,20,28,50000 and OVER,9,4295,Oak Park,C,Urban InterState,,16,1,11959202,11,Cook,0,22,,,2,N,No,(UNK),202201363587,ISP,1,22.09000015,Y,,,,(UNK),951523,(N/A),(UNK),No Defects,1,1,InterState,1,9290,X002823155,Not Toll,73,13,4,Divided With Median Barrier,3,2942888.64384153,1905036.36209761,41.87259659,-87.79362979,,Urban,1,N,(N/A),Y,(N/A)
2022,2022-10-31,Monday,16,04:00 PM,Property Damage,No Injuries,0,0,0,0,0,2,Front to Rear,11,N,N,Following Too Closely,Failing to Reduce Speed to Avoid Crash,Daylight,Clear,Dry,N,,,,,Other,Functioning Properly,N,2,41.8719425,-87.784193,ok,Partial Access Control,3,03-22-15906,2022,,3,28,50000 and OVER,9,4295,Oak Park,C,Urban InterState,,16,31,11959200,10,Cook,0,22,,,1,N,No,(UNK),202201363585,ISP,1,22.62000084,Y,,,,(UNK),951524,(N/A),(UNK),No Defects,1,1,InterState,1,9290,X002823153,Not Toll,73,13,4,Divided With Median Barrier,3,2945467.23368642,1904866.41944623,41.87193465,-87.78418719,,Urban,1,N,(N/A),Y,(N/A)
2022,2022-07-28,Thursday,4,04:34 AM,Property Damage,No Injuries,0,0,0,0,0,2,Front to Rear,11,N,N,Unable to Determine,(N/A),Darkness / Lighted Road,Clear,Dry,N,,,,,No Controls,No Controls,Y,2,41.8663724,-87.7852231,ok,(UNK),1,2204465,2022,,18,99,50000 and OVER,9,4295,Oak Park,C,Urban Local Road or Street,,16,28,11858875,7,Cook,0,22,,,4,N,No,Free Flow,202201268996,City,5,0.28999999,N,,,,(UNK),951768,(N/A),(UNK),No Defects,1,1,Local Road or Street,7,2643,X002735634,Not Toll,73,1,1,Not Divided,1,2945243.01156074,1902828.7971452,41.86636458,-87.78521726,,Urban,1,N,(N/A),Y,(N/A)
2022,2022-07-28,Thursday,6,06:44 AM,Property Damage,No Injuries,0,0,0,0,0,1,Fixed Object,6,N,N,Disregarding Other Traffic Signs,Unable to Determine,Daylight,Rain,Dry,Y,,,,,Other Regualtory Sig,Functioning Properly,N,1,41.887309,-87.7944758,ok,(UNK),1,2204466,2022,,24,18,50000 and OVER,9,4295,Oak Park,C,Urban Major Collector,,16,28,11858879,7,Cook,0,22,UNION PACIFC OVERPASS BRIDGE,,4,N,No,Free Flow,202201269001,City,1,0,N,,,,(UNK),951769,(N/A),(UNK),No Defects,1,1,Major Collector,5,,X002735638,Not Toll,73,10,4,Four Way,14,2942511.59381502,1910388.6289236,41.88730111,-87.79447003,,Urban,2,N,(N/A),Y,(N/A)
2022,2022-01-15,Saturday,19,07:54 PM,Property Damage,No Injuries,0,0,0,0,0,1,Parked Motor Vehicle,9,N,N,Failing to Reduce Speed to Avoid Crash,Improper Backing,Darkness / Lighted Road,Snow,Snow or Slush,N,,,,,No Controls,No Controls,N,2,41.8939564,-87.7783619,ok,(UNK),1,2200286,2022,,28,30,50000 and OVER,9,4295,Oak Park,C,Urban Local Road or Street,,16,15,11606884,1,Cook,0,22,,,6,N,No,Free Flow,202201033046,City,5,0.30000001,N,,,,(UNK),951975,(N/A),(UNK),No Defects,1,3,Local Road or Street,7,2613,X002517313,Not Toll,73,1,1,Not Divided,1,2946832.08789467,1912932.84634651,41.8939485,-87.77835612,,Urban,3,N,(N/A),Y,(N/A)
2022,2022-01-15,Saturday,11,11:14 AM,Property Damage,No Injuries,0,0,0,0,0,2,Angle,15,N,N,Failing to Yield Right of Way,Unable to Determine,Daylight,Clear,Snow or Slush,Y,,,,,Stop Sign,Functioning Properly,N,2,41.8705923,-87.7965018,ok,(UNK),1,2200268,2022,,2,18,50000 and OVER,9,4295,Oak Park,C,Urban Local Road or Street,,16,15,11606881,1,Cook,0,22,,,6,N,No,Free Flow,202201033043,City,1,0,N,,,,(UNK),951977,(N/A),(UNK),No Defects,1,3,Local Road or Street,7,,X002517305,Not Toll,73,2,4,Not Divided,1,2942128.2174525,1904281.53178478,41.87058448,-87.79649605,,Urban,1,N,(N/A),Y,(N/A)
2022,2022-01-15,Saturday,9,09:25 AM,Property Damage,No Injuries,0,0,0,0,0,2,Front to Rear,11,N,N,Failing to Reduce Speed to Avoid Crash,Unable to Determine,Daylight,Clear,Snow or Slush,N,,,,,No Controls,No Controls,N,2,41.8818264,-87.7845176,ok,(UNK),1,2200267,2022,,28,18,50000 and OVER,9,4295,Oak Park,C,Urban Major Collector,,16,15,11606880,1,Cook,0,22,,,6,N,No,Stopped,202201033042,City,1,1.38999999,N,,,,(UNK),951978,(N/A),(UNK),No Defects,1,3,Major Collector,5,2783,X002517304,Not Toll,73,1,1,"Divided, No Median Barrier",2,2945278.78188015,1908465.8314472,41.88181852,-87.78451185,,Urban,1,N,(N/A),Y,(N/A)
2022,2022-06-24,Friday,13,01:31 PM,Property Damage,No Injuries,0,0,0,0,0,1,Parked Motor Vehicle,9,N,N,Failing to Reduce Speed to Avoid Crash,Driving Skills/Knowledge/Experience,Daylight,Clear,Dry,N,,,,,No Controls,No Controls,N,2,41.9052173,-87.8043893,ok,(UNK),1,2203655,2022,,28,15,50000 and OVER,9,4295,Oak Park,C,Urban Local Road or Street,,16,24,11807015,6,Cook,0,22,,,5,N,No,Free Flow,202201220137,City,1,0.07,N,,,,(UNK),952008,(N/A),(UNK),No Defects,1,1,Local Road or Street,7,3140,X002675180,Not Toll,73,1,1,Not Divided,1,2939632.29533582,1916840.2731989,41.9052095,-87.80438349,,Urban,1,N,(N/A),Y,(N/A)
2022,2022-06-27,Monday,13,01:03 PM,Property Damage,No Injuries,0,0,0,0,0,2,Angle,15,N,N,Failing to Yield Right of Way,Unable to Determine,Daylight,Clear,Dry,Y,,,,,Stop Sign,Functioning Properly,N,2,41.8913059,-87.7960747,ok,(UNK),1,2203717,2022,,2,18,50000 and OVER,9,4295,Oak Park,C,Urban Local Road or Street,,16,27,11807045,6,Cook,0,22,,,1,N,No,Free Flow,202201220133,City,1,0.07,N,,,,(UNK),952103,(N/A),(UNK),No Defects,1,1,Local Road or Street,7,3062,X002689648,Not Toll,73,2,4,Four Way,14,2942035.95837454,1911833.15881473,41.89129807,-87.79606886,,Urban,1,N,(N/A),Y,(N/A)
2022,2022-06-27,Monday,13,01:04 PM,Injury,B Injury Crash,1,0,0,1,0,1,Pedestrian,1,Y,N,Failing to Yield Right of Way,Failing to Reduce Speed to Avoid Crash,Daylight,Clear,Dry,N,,,,,No Controls,No Controls,N,1,41.8798565,-87.7860129,ok,(UNK),1,2203716,2022,,2,28,50000 and OVER,9,4295,Oak Park,C,Urban Minor Arterial,,16,27,11807041,6,Cook,2,22,,,1,N,No,Free Flow,202201220129,City,1,4.03000021,N,,,,(UNK),952104,(N/A),(UNK),No Defects,1,1,Minor Arterial,4,1419,X002689644,Not Toll,73,1,1,Parking Lot,7,2944891.50093032,1907736.67360992,41.87984867,-87.7860071,,Urban,1,N,(N/A),Y,(N/A)
2022,2022-07-09,Saturday,23,11:25 PM,Property Damage,No Injuries,0,0,0,0,0,2,Front to Rear,11,N,N,Following Too Closely,Failing to Reduce Speed to Avoid Crash,Darkness / Lighted Road,Clear,Dry,N,,,,,No Controls,No Controls,Y,2,41.8720242,-87.7883044,ok,Partial Access Control,3,03-22-09694,2022,,3,28,50000 and OVER,9,4295,Oak Park,C,Urban InterState,,16,9,11807061,7,Cook,0,22,,,6,N,No,(UNK),202201220152,ISP,5,8.48999977,Y,,,,(UNK),952218,(N/A),(UNK),No Defects,1,1,InterState,1,290,X002689664,Not Toll,,1,1,Divided With Median Barrier,3,2944346.56188026,1904865.1124137,41.87201632,-87.78829862,,Urban,1,N,(N/A),Y,(N/A)
2022,2022-08-11,Thursday,18,06:28 PM,Property Damage,No Injuries,0,0,0,0,0,1,Parked Motor Vehicle,9,N,N,Failing to Yield Right of Way,Failing to Reduce Speed to Avoid Crash,Daylight,Clear,Dry,N,,,,,No Controls,No Controls,Y,2,41.8981077,-87.783374,ok,(UNK),1,2204816,2022,,2,28,50000 and OVER,9,4295,Oak Park,C,Urban Local Road or Street,,16,11,11859002,8,Cook,0,22,,,4,N,No,Slow,202201269110,City,1,0.12,N,,,,(UNK),952319,(N/A),(UNK),No Defects,1,1,Local Road or Street,7,2635,X002735743,Not Toll,73,1,1,"Divided, No Median Barrier",2,2945425.35323313,1914407.72014065,41.89809988,-87.78336818,,Urban,1,N,(N/A),Y,(N/A)
2022,2022-08-11,Thursday,21,09:22 PM,Property Damage,No Injuries,0,0,0,0,0,2,Front to Rear,11,N,N,Following Too Closely,Failing to Reduce Speed to Avoid Crash,Darkness / Lighted Road,Clear,Dry,N,,,,,Traffic Signal,Functioning Properly,N,2,41.9089677,-87.796625,ok,(UNK),1,2204819,2022,,3,28,50000 and OVER,9,4295,Oak Park,C,Urban Other Principal Arte,,16,11,11859006,8,Cook,0,22,,,4,N,No,Slow,202201269115,City,5,6.4000001,Y,,,,(UNK),952323,(N/A),(UNK),No Defects,1,1,Other Principal Arterial,3,307,X002735747,Not Toll,73,3,4,"Divided, No Median Barrier",2,2941708.19034057,1918265.30296824,41.90895983,-87.79661924,,Urban,1,N,(N/A),Y,(N/A)
2022,2022-06-28,Tuesday,17,05:54 PM,Property Damage,No Injuries,0,0,0,0,0,2,Front to Rear,11,N,N,Failing to Reduce Speed to Avoid Crash,Following Too Closely,Daylight,Clear,Dry,N,,,,,Traffic Signal,Functioning Properly,N,2,41.8886474,-87.7945158,ok,(UNK),1,2203766,2022,,28,3,50000 and OVER,9,4295,Oak Park,C,Urban Major Collector,,16,28,11807083,6,Cook,0,22,,,2,N,No,Stopped,202201220174,City,1,0,N,,,,(UNK),952333,(N/A),(UNK),No Defects,1,1,Major Collector,5,,X002689687,Not Toll,73,3,4,Not Divided,1,2942487.22337809,1910876.07708492,41.88863954,-87.79450999,,Urban,1,N,(N/A),Y,(N/A)
2022,2022-06-28,Tuesday,14,02:19 PM,Property Damage,No Injuries,0,0,0,0,0,1,Fixed Object,6,N,N,Driving Skills/Knowledge/Experience,(N/A),Daylight,Clear,Dry,Y,,,,,Traffic Signal,Functioning Properly,N,1,41.8869833,-87.7846457,ok,(UNK),1,2203759,2022,,15,99,50000 and OVER,9,4295,Oak Park,C,Urban Major Collector,,16,28,11807078,6,Cook,0,22,VIADUCT,,2,N,No,Free Flow,202201220168,City,1,0,N,,,,(UNK),952334,(N/A),(UNK),No Defects,1,1,Major Collector,5,,X002689681,Not Toll,73,3,4,Other,8,2945191.71412592,1910344.15098606,41.88697547,-87.78463991,,Urban,1,N,(N/A),Y,(N/A)
2022,2022-08-12,Friday,8,08:57 AM,Property Damage,No Injuries,0,0,0,0,0,2,Angle,15,N,N,Failing to Yield Right of Way,Failing to Reduce Speed to Avoid Crash,Daylight,Clear,Dry,Y,,,,,Stop Sign,Functioning Properly,N,2,41.8744485,-87.7842755,ok,(UNK),1,2204821,2022,,2,28,50000 and OVER,9,4295,Oak Park,C,Urban Major Collector,,16,12,11859010,8,Cook,0,22,,,5,N,No,Free Flow,202201269119,City,1,0,N,,,,(UNK),952359,(N/A),(UNK),No Defects,1,1,Major Collector,5,,X002735751,Not Toll,73,2,4,Unknown Intersection Type,22,2945419.38682324,1905779.03067417,41.87444066,-87.78426975,,Urban,1,N,(N/A),Y,(N/A)
2022,2022-03-13,Sunday,3,03:40 AM,Property Damage,No Injuries,0,0,0,0,0,2,Front to Rear,11,N,N,Failing to Reduce Speed to Avoid Crash,Improper Lane Usage,Daylight,Clear,Dry,N,,,,,No Controls,Functioning Properly,Y,2,41.8448319,-87.6530979,outside_oak_park,Partial Access Control,3,03-22-03551,2022,,28,20,50000 and OVER,9,4295,Oak Park,C,Urban InterState,,16,13,11665896,3,Cook,0,22,,,7,N,No,(UNK),202201085853,ISP,1,291.88000488,Y,,,,(UNK),952386,(N/A),(UNK),No Defects,1,1,InterState,1,9055,X002566911,Not Toll,,1,4,Divided With Median Barrier,3,2981463.70527657,1896005.65638998,41.84482402,-87.65309213,,Urban,1,N,(N/A),Y,(N/A)
2022,2022-06-30,Thursday,8,08:01 AM,Injury,B Injury Crash,1,0,0,1,0,1,Angle,15,N,N,Disregarding Stop Sign,(N/A),Daylight,Clear,Dry,Y,,,,,Stop Sign,Functioning Properly,N,2,41.8761354,-87.792901,ok,(UNK),1,2203795,2022,,23,99,50000 and OVER,9,4295,Oak Park,C,Urban Local Road or Street,,16,30,11807101,6,Cook,2,22,,,4,N,No,Slow,202201220192,City,1,0,N,,,,(UNK),952392,(N/A),(UNK),No Defects,1,1,Local Road or Street,7,,X002689704,Not Toll,73,2,4,Not Divided,1,2943053.1176837,1906328.65769355,41.87612759,-87.79289521,,Urban,1,N,(N/A),Y,(N/A)
2022,2022-06-30,Thursday,8,08:16 AM,Property Damage,No Injuries,0,0,0,0,0,2,Sideswipe Same Direction,12,N,N,Failing to Yield Right of Way,(N/A),Daylight,Clear,Dry,N,,,,,No Controls,No Controls,N,2,41.8670503,-87.7964211,ok,(UNK),1,2203796,2022,,2,99,50000 and OVER,9,4295,Oak Park,C,Urban Local Road or Street,,16,30,11807104,6,Cook,0,22,,,4,N,No,Free Flow,202201220195,City,1,0.04,N,,,,(UNK),952461,(N/A),(UNK),No Defects,1,1,Local Road or Street,7,2690,X002689707,Not Toll,73,1,1,Not Divided,1,2942185.87066609,1902991.35303542,41.86704243,-87.7964153,,Urban,1,N,(N/A),Y,(N/A)
2022,2022-10-20,Thursday,15,03:52 PM,Injury,B Injury Crash,1,0,0,1,0,1,Rear to Front,18,N,N,Following Too Closely,(N/A),Daylight,Clear,Dry,N,,,,,No Controls,No Controls,N,2,41.8797448,-87.7963232,ok,(UNK),1,2206516,2022,,3,99,50000 and OVER,9,4295,Oak Park,C,Urban Minor Arterial,,16,20,11959840,10,Cook,2,22,,,4,N,No,Slow,202201364148,City,1,3.49000001,N,,,,(UNK),952836,(N/A),(UNK),No Defects,1,1,Minor Arterial,4,1419,X002823744,Not Toll,73,1,1,Not Divided,1,2942084.71446572,1907618.20462766,41.87973696,-87.79631741,,Urban,1,N,(N/A),Y,(N/A)
2022,2022-06-30,Thursday,18,06:18 PM,Injury,B Injury Crash,2,0,0,2,0,2,Sideswipe Same Direction,12,N,N,Failing to Yield Right of Way,Unable to Determine,Daylight,Clear,Dry,N,,,,,No Controls,No Controls,N,2,41.8817534,-87.7830495,ok,(UNK),1,2203816,2022,,2,18,50000 and OVER,9,4295,Oak Park,C,Urban Major Collector,,16,30,11807204,6,Cook,2,22,,,4,N,No,Free Flow,202201220302,City,1,1.11000001,N,,,,(UNK),952997,(N/A),(UNK),No Defects,1,1,Major Collector,5,5,X002689804,Not Toll,73,1,1,Not Divided,1,2945679.34417257,1908450.34460039,41.88174555,-87.7830437,,Urban,1,N,(N/A),Y,(N/A)
2022,2022-06-30,Thursday,15,03:45 PM,Property Damage,No Injuries,0,0,0,0,0,1,Parked Motor Vehicle,9,N,N,Failing to Reduce Speed to Avoid Crash,Unable to Determine,Daylight,Clear,Dry,N,,,,,No Controls,No Controls,Y,2,41.8942278,-87.805042,ok,(UNK),1,2203814,2022,,28,18,50000 and OVER,9,4295,Oak Park,C,Urban Minor Arterial,,16,30,11807198,6,Cook,0,22,,,4,N,No,Slow,202201220295,City,1,2.55999994,N,,,,(UNK),952998,(N/A),(UNK),No Defects,1,1,Minor Arterial,4,1398,X002689798,Not Toll,73,1,1,Not Divided,1,2939564.89953264,1912830.59564342,41.89422,-87.80503623,,Urban,1,N,(N/A),Y,(N/A)
2022,2022-07-01,Friday,12,12:34 PM,Property Damage,No Injuries,0,0,0,0,0,4,Angle,15,N,N,Unable to Determine,(N/A),Daylight,Clear,Dry,Y,,,,,Stop Sign,Functioning Properly,N,2,41.8651887,-87.792514,ok,(UNK),1,2203829,2022,,18,99,50000 and OVER,9,4295,Oak Park,C,Urban Other Principal Arte,,16,1,11807213,7,Cook,0,22,,,5,N,No,Free Flow,202201220311,City,1,0,Y,,,,(UNK),953052,(N/A),(UNK),No Defects,1,1,Other Principal Arterial,3,,X002689813,Not Toll,52,2,4,Not Divided,1,2943268.9107196,1902342.39126259,41.86518087,-87.79250821,,Urban,1,N,(N/A),Y,(N/A)
2022,2022-07-01,Friday,16,04:45 PM,Property Damage,No Injuries,0,0,0,0,0,1,Parked Motor Vehicle,9,N,N,Failing to Reduce Speed to Avoid Crash,(N/A),Daylight,Cloudy/Overcast,Dry,N,,,,,No Controls,No Controls,Y,2,41.8666349,-87.7951073,ok,(UNK),1,2203833,2022,,28,99,50000 and OVER,9,4295,Oak Park,C,Urban Local Road or Street,,16,1,11807217,7,Cook,0,22,,,5,N,No,Free Flow,202201220314,City,1,0.36000001,N,,,,(UNK),953056,(N/A),(UNK),No Defects,1,1,Local Road or Street,7,2683,X002689817,Not Toll,73,1,1,Not Divided,1,2942547.92735606,1902849.8581193,41.86662702,-87.7951015,,Urban,8,N,(N/A),Y,(N/A)