crash_year,crash_date,day_of_week,crash_hour,time_of_crash,crash_severity,crash_injury_severity,total_injured,total_fatals,a_injuries,b_injuries,c_injuries,no_injuries,type_of_first_crash,collision_type_code,pedestrian_involved,pedalcyclist_involved,cause1,cause2,lighting_cond,weather_cond,road_surface_cond,intersection_related,is_intersection,highway_or_street_name,at_intersection_with,address_no,traffic_control_device,traffic_control_device_cond,hit_and_run,number_of_vehicles,latitude,longitude,location_status,access_control,agency_code,agency_report_number,agency_report_year,alignment_code,cause1_code,cause2_code,city_class,city_class_code,city_code,city_name,city_township_flag,class_of_trafficway,class_of_trafficway_code,county_code,crash_day,crash_id,crash_month,crash_report_county,crash_severity_cd,crash_yr_source,damaged_property1,damaged_property2,day_of_week_code,did_crash_occur_in_work_zone,did_involve_secondary_crash,flow_condition,icn,investigating_agency_descrip,light_condition_code,mile_station,nhs,non_intersection_direction,non_intersection_distance,non_intersection_units,number_of_lanes,objectid,railroad_crossing_number,road_alignment,road_defects,road_defects_code,road_surface_condition_code,roadway_functional_class,roadway_functional_class_code,route_number,sfe,toll,township,traffic_control_device_code,traffic_control_device_cond_code,trafficway_descrip,trafficway_description_code,ts_crash_coordinate_x,ts_crash_coordinate_y,ts_crash_latitude,ts_crash_longitude,type_report,urban_rural,weather_code,were_workers_present,work_zone,work_zone_related,work_zone_type
2022,2022-07-02,Saturday,13,01:42 PM,Property Damage,No Injuries,0,0,0,0,0,2,Angle,15,N,N,Failing to Yield Right of Way,Failing to Reduce Speed to Avoid Crash,Daylight,Clear,Dry,N,,,,,No Controls,No Controls,N,2,41.8946469,-87.7792094,ok,(UNK),1,2203851,2022,,2,28,50000 and OVER,9,4295,Oak Park,C,Urban Minor Arterial,,16,2,11807221,7,Cook,0,22,,,6,N,No,Free Flow,202201220318,City,1,3.91000009,N,,,,(UNK),953057,(N/A),(UNK),No Defects,1,1,Minor Arterial,4,1398,X002689820,Not Toll,73,1,1,Not Divided,1,2946594.33369968,1913178.07224997,41.89463906,-87.77920358,,Urban,1,N,(N/A),Y,(N/A)
2022,2022-06-06,Monday,9,09:05 AM,Property Damage,No Injuries,0,0,0,0,0,2,Front to Rear,11,N,N,Failing to Reduce Speed to Avoid Crash,Weather,Daylight,Rain,Wet,N,,,,,Other,Functioning Properly,N,2,41.8715018,-87.7821859,ok,Partial Access Control,3,03-22-07810,2022,,28,11,50000 and OVER,9,4295,Oak Park,C,Urban InterState,,16,6,11763409,6,Cook,0,22,,,1,N,No,(UNK),202201178602,ISP,1,8.81000042,Y,,,,(UNK),953074,(N/A),(UNK),No Defects,1,2,InterState,1,290,X002651944,Not Toll,73,13,4,Divided With Median Barrier,3,2946018.38236259,1904721.02381192,41.87149399,-87.78218008,,Urban,2,N,(N/A),Y,(N/A)
2022,2022-07-02,Saturday,16,04:50 PM,Property Damage,No Injuries,0,0,0,0,0,2,Front to Rear,11,N,N,Failing to Reduce Speed to Avoid Crash,Unable to Determine,Daylight,Clear,Dry,N,,,,,No Controls,No Controls,Y,2,41.8796635,-87.8046804,ok,(UNK),1,2203855,2022,,28,18,50000 and OVER,9,4295,Oak Park,C,Urban Minor Arterial,,16,2,11807224,7,Cook,0,22,,,6,N,No,Stopped,202201220322,City,1,0,N,,,,(UNK),953111,(N/A),(UNK),No Defects,1,1,Minor Arterial,4,,X002689823,Not Toll,73,1,1,"Divided, No Median Barrier",2,2939809.52531252,1907525.79215782,41.87965566,-87.80467462,,Urban,1,N,(N/A),Y,(N/A)
2022,2022-07-02,Saturday,17,05:56 PM,Property Damage,No Injuries,0,0,0,0,0,1,Parked Motor Vehicle,9,N,N,Improper Turning/No Signal,Unable to Determine,Daylight,Clear,Dry,N,,,,,No Controls,No Controls,Y,2,41.8660744,-87.7950869,ok,(UNK),1,2203857,2022,,6,18,50000 and OVER,9,4295,Oak Park,C,Urban Local Road or Street,,16,2,11807230,7,Cook,0,22,,,6,N,No,Free Flow,202201220333,City,1,0.40000001,N,,,,(UNK),953113,(N/A),(UNK),No Defects,1,1,Local Road or Street,7,2683,X002689829,Not Toll,73,1,1,Not Divided,1,2942559.12106325,1902645.78063351,41.86606659,-87.79508113,,Urban,1,N,(N/A),Y,(N/A)
2022,2022-03-12,Saturday,13,01:12 PM,Property Damage,No Injuries,0,0,0,0,0,2,Parked Motor Vehicle,9,N,N,Improper Lane Usage,Unable to Determine,Daylight,Clear,Dry,N,,,,,No Controls,No Controls,Y,3,41.8799921,-87.7850606,ok,(UNK),1,2201325,2022,,20,18,50000 and OVER,9,4295,Oak Park,C,Urban Minor Arterial,,16,12,11666228,3,Cook,0,22,,,6,N,Yes,Free Flow,202201086155,City,1,4.07999992,N,,,,(UNK),953972,(N/A),(UNK),No Defects,1,1,Minor Arterial,4,1419,X002567175,Not Toll,73,1,1,Not Divided,1,2945149.47150109,1907793.29438283,41.87998429,-87.78505483,,Urban,1,N,(N/A),Y,(N/A)
2022,2022-03-12,Saturday,2,02:30 AM,Property Damage,No Injuries,0,0,0,0,0,1,Parked Motor Vehicle,9,N,N,Failing to Reduce Speed to Avoid Crash,Unable to Determine,Unknown,Unknown,Unknown,N,,,,,No Controls,No Controls,Y,3,41.8806964,-87.8038827,ok,(UNK),1,2201322,2022,,28,18,50000 and OVER,9,4295,Oak Park,C,Urban Local Road or Street,,16,12,11666271,3,Cook,0,22,,,6,N,No,(UNK),202201086159,City,9,0.41,N,,,,(UNK),953974,(N/A),(UNK),No Defects,1,9,Local Road or Street,7,2718,X002567167,Not Toll,73,1,1,Not Divided,1,2940016.39973606,1907908.18498996,41.88068856,-87.80387693,,Urban,9,N,(N/A),Y,(N/A)
2022,2022-03-13,Sunday,15,03:52 PM,Injury,B Injury Crash,1,0,0,1,0,2,Turning,10,N,N,Failing to Reduce Speed to Avoid Crash,Unable to Determine,Daylight,Clear,Dry,Y,,,,,Traffic Signal,Functioning Properly,N,2,41.8883279,-87.7846979,ok,(UNK),1,2201350,2022,,28,18,50000 and OVER,9,4295,Oak Park,C,Urban Major Collector,,16,13,11666272,3,Cook,2,22,,,7,N,No,Slow,202201086160,City,1,0,N,,,,(UNK),954003,(N/A),(UNK),No Defects,1,1,Major Collector,5,,X002567168,Not Toll,73,3,4,Not Divided,1,2945163.90056244,1910833.76568838,41.8883201,-87.78469208,,Urban,1,N,(N/A),Y,(N/A)
2022,2022-03-11,Friday,9,09:18 AM,Property Damage,No Injuries,0,0,0,0,0,4,Sideswipe Same Direction,12,N,N,Improper Lane Usage,Failing to Yield Right of Way,Daylight,Clear,Dry,N,,,,,No Controls,No Controls,N,2,41.8852705,-87.8049099,ok,(UNK),1,2201298,2022,,20,2,50000 and OVER,9,4295,Oak Park,C,Urban Other Principal Arte,,16,11,11666274,3,Cook,0,22,,,5,N,No,Slow,202201086162,City,1,19.29000092,Y,,,,(UNK),954005,(N/A),(UNK),No Defects,1,1,Other Principal Arterial,3,348,X002567170,Not Toll,73,1,1,"Divided, No Median Barrier",2,2939690.77466764,1909567.34652213,41.88526261,-87.80490408,,Urban,1,N,(N/A),Y,(N/A)
2022,2022-03-11,Friday,14,02:01 PM,Property Damage,No Injuries,0,0,0,0,0,1,Parked Motor Vehicle,9,N,N,Failing to Reduce Speed to Avoid Crash,Unable to Determine,Unknown,Clear,Unknown,N,,,,,No Controls,No Controls,Y,2,41.8833253,-87.8000504,ok,(UNK),1,2201304,2022,,28,18,50000 and OVER,9,4295,Oak Park,C,Urban Local Road or Street,,16,11,11666270,3,Cook,0,22,,,5,N,No,Free Flow,202201086158,City,9,0.23999999,N,,,,(UNK),954006,(N/A),(UNK),No Defects,1,9,Local Road or Street,7,3015,X002567166,Not Toll,73,1,1,"Divided, No Median Barrier",2,2941033.64794823,1908894.98920542,41.8833175,-87.80004461,,Urban,1,N,(N/A),Y,(N/A)
2022,2022-11-07,Monday,17,05:56 PM,Property Damage,No Injuries,0,0,0,0,0,2,Angle,15,N,N,Failing to Reduce Speed to Avoid Crash,Unable to Determine,Darkness / Lighted Road,Clear,Dry,N,,,,,No Controls,No Controls,Y,2,41.8886778,-87.7972865,ok,(UNK),1,2206957,2022,,28,18,50000 and OVER,9,4295,Oak Park,C,Urban Major Collector,,16,7,11960761,11,Cook,0,22,,,1,N,No,Free Flow,202201364957,City,5,0.18000001,N,,,,(UNK),954033,(N/A),(UNK),No Defects,1,1,Major Collector,5,1405,X002824577,Not Toll,73,1,1,"Divided, No Median Barrier",2,2941732.43904065,1910866.32033366,41.88867,-87.79728072,,Urban,1,N,(N/A),Y,(N/A)
2022,2022-11-04,Friday,18,06:14 PM,Property Damage,No Injuries,0,0,0,0,0,4,Front to Rear,11,N,N,Failing to Reduce Speed to Avoid Crash,Unable to Determine,Darkness,Clear,Dry,Y,,,,,No Controls,No Controls,N,2,41.8671379,-87.7840145,ok,(UNK),1,2206891,2022,,28,18,50000 and OVER,9,4295,Oak Park,C,Urban Major Collector,,16,4,11960765,11,Cook,0,22,,,5,N,No,Slow,202201364960,City,4,0,N,,,,(UNK),954035,(N/A),(UNK),No Defects,1,1,Major Collector,5,,X002824581,Not Toll,73,1,1,Not Divided,1,2945564.468366,1903116.87757422,41.86713002,-87.78400872,,Urban,1,N,(N/A),Y,(N/A)
2022,2022-09-17,Saturday,4,04:37 AM,Property Damage,No Injuries,0,0,0,0,0,2,Sideswipe Same Direction,12,N,N,Improper Lane Usage,(N/A),Darkness / Lighted Road,Clear,Dry,N,,,,,Other,Functioning Properly,Y,2,41.8721123,-87.7893658,ok,Partial Access Control,3,03-22-13362,2022,,20,99,50000 and OVER,9,4295,Oak Park,C,Urban InterState,,16,17,11905698,9,Cook,0,22,,,6,N,No,(UNK),202201313275,ISP,5,8.43000031,Y,,,,(UNK),954106,(N/A),(UNK),No Defects,1,1,InterState,1,290,X002776665,Not Toll,,13,4,Divided With Median Barrier,3,2944056.57973134,1904889.20508703,41.87210442,-87.78936001,,Urban,1,N,(N/A),Y,(N/A)
2022,2022-01-19,Wednesday,16,04:34 PM,Property Damage,No Injuries,0,0,0,0,0,2,Front to Rear,11,N,N,Failing to Reduce Speed to Avoid Crash,Driving Skills/Knowledge/Experience,Daylight,Cloudy/Overcast,Dry,N,,,,,Traffic Signal,Functioning Properly,N,2,41.9017108,-87.794783,ok,(UNK),1,2200341,2022,,28,15,50000 and OVER,9,4295,Oak Park,C,Urban Major Collector,,16,19,11607337,1,Cook,0,22,,,3,N,No,Stopped,202201033449,City,1,1.53999996,N,,,,(UNK),954311,(N/A),(UNK),No Defects,1,1,Major Collector,5,1394,X002517382,Not Toll,73,3,4,Not Divided,1,2942282.78299999,1915634.63213331,41.90170298,-87.79477721,,Urban,8,N,(N/A),Y,(N/A)
2022,2022-01-18,Tuesday,5,05:48 AM,Property Damage,No Injuries,0,0,0,0,0,2,Front to Rear,11,N,N,Following Too Closely,Failing to Reduce Speed to Avoid Crash,Darkness / Lighted Road,Other,Wet,Y,,,,,No Controls,No Controls,N,2,41.866876,-87.8042754,ok,(UNK),1,2200318,2022,,3,28,50000 and OVER,9,4295,Oak Park,C,Urban Other Principal Arte,,16,18,11607333,1,Cook,0,22,,,2,N,No,Stopped,202201033446,City,5,25.13999939,Y,,,,(UNK),954312,(N/A),(UNK),No Defects,1,2,Other Principal Arterial,3,5043,X002517366,Not Toll,73,1,1,"Divided, No Median Barrier",2,2940048.15451111,1902868.83903303,41.86686816,-87.80426959,,Urban,7,N,(N/A),Y,(N/A)
2022,2022-01-19,Wednesday,7,07:28 AM,Property Damage,No Injuries,0,0,0,0,0,1,Parked Motor Vehicle,9,N,N,Unable to Determine,(N/A),Unknown,Unknown,Unknown,N,,,,,No Controls,No Controls,Y,2,41.8725389,-87.7903361,ok,(UNK),1,2200333,2022,,18,99,50000 and OVER,9,4295,Oak Park,C,Urban Local Road or Street,,16,19,11607336,1,Cook,0,22,,,3,N,No,Free Flow,202201033448,City,9,0,N,,,,(UNK),954314,(N/A),(UNK),No Defects,1,9,Local Road or Street,7,,X002517381,Not Toll,73,1,1,Not Divided,1,2943787.98288814,1905037.36970819,41.8725311,-87.79033033,,Urban,9,N,(N/A),Y,(N/A)
2022,2022-01-18,Tuesday,21,09:18 PM,Property Damage,No Injuries,0,0,0,0,0,2,Fixed Object,6,N,N,Road Engineering/Surface/Marking Defects,Road Construction/Maintenance,Darkness / Lighted Road,Clear,Wet,N,,,,,No Controls,No Controls,N,1,41.8893897,-87.805063,ok,(UNK),1,2200328,2022,,12,13,50000 and OVER,9,4295,Oak Park,C,Urban Other Principal Arte,,16,18,11607335,1,Cook,0,22,,,2,N,No,Free Flow,202201033447,City,5,19,Y,,,,(UNK),954315,(N/A),(UNK),Other,10,2,Other Principal Arterial,3,348,X002517368,Not Toll,73,1,1,Not Divided,1,2939607.75144945,1911067.31011938,41.88938181,-87.80505717,,Urban,1,N,(N/A),N,(N/A)
2022,2022-01-19,Wednesday,20,08:10 PM,Property Damage,No Injuries,0,0,0,0,0,4,Sideswipe Opposite Direction,13,N,N,Failing to Reduce Speed to Avoid Crash,Unable to Determine,Daylight,Clear,Dry,Y,,,,,Traffic Signal,Functioning Properly,N,2,41.8799379,-87.7795378,ok,(UNK),1,2200344,2022,,28,18,50000 and OVER,9,4295,Oak Park,C,Urban Minor Arterial,,16,19,11607338,1,Cook,0,22,,,3,N,No,Free Flow,202201033450,City,1,0.55000001,N,,,,(UNK),954316,(N/A),(UNK),No Defects,1,1,Minor Arterial,4,3794,X002517384,Not Toll,73,3,4,Not Divided,1,2946654.11812512,1907815.35380803,41.87993009,-87.77953196,,Urban,1,N,(N/A),Y,(N/A)
2022,2022-01-20,Thursday,11,11:23 AM,Property Damage,No Injuries,0,0,0,0,0,1,Parked Motor Vehicle,9,N,N,Equipment-Vehicle Condition,Failing to Reduce Speed to Avoid Crash,Daylight,Clear,Dry,Y,,,,,No Controls,No Controls,N,3,41.8816678,-87.7877682,ok,(UNK),1,2200350,2022,,10,28,50000 and OVER,9,4295,Oak Park,C,Urban Major Collector,,16,20,11607340,1,Cook,0,22,,,4,N,No,Free Flow,202201033452,City,1,0,N,,,,(UNK),954317,(N/A),(UNK),No Defects,1,1,Major Collector,5,,X002517386,Not Toll,73,1,1,Not Divided,1,2944395.15630393,1908383.46648442,41.88165992,-87.7877624,,Urban,1,N,(N/A),Y,(N/A)
2022,2022-02-27,Sunday,2,02:05 AM,Property Damage,No Injuries,0,0,0,0,0,1,Parked Motor Vehicle,9,N,N,Cell Phone Use Other Than Texting,(N/A),Darkness,Clear,Dry,N,,,,,No Controls,No Controls,N,3,41.8815172,-87.7984461,ok,(UNK),1,2201046,2022,,45,99,50000 and OVER,9,4295,Oak Park,C,Urban Major Collector,,16,27,11666573,2,Cook,0,22,,,7,N,No,Free Flow,202201086433,City,4,0,N,,,,(UNK),954687,(N/A),(UNK),No Defects,1,1,Major Collector,5,,X002567389,Not Toll,73,1,1,Not Divided,1,2941488.73911943,1908248.12079338,41.88150934,-87.79844028,,Urban,1,N,(N/A),Y,(N/A)
2022,2022-05-28,Saturday,12,12:15 PM,Injury,A Injury Crash,1,0,1,0,0,1,Parked Motor Vehicle,9,N,N,Improper Lane Usage,Physical Condition of Driver,Daylight,Clear,Dry,N,,,,,No Controls,No Controls,N,5,41.8800103,-87.7757651,ok,(UNK),1,2203019,2022,,20,17,50000 and OVER,9,4295,Oak Park,C,Urban Minor Arterial,,16,28,11763824,5,Cook,3,22,,,6,N,Yes,Free Flow,202201179031,City,1,4.57000017,N,,,,(UNK),954997,(N/A),(UNK),No Defects,1,1,Minor Arterial,4,1419,X002652324,Not Toll,73,1,1,Divided With Median Barrier,3,2947680.82520344,1907870.33347189,41.88000243,-87.77575931,,Urban,1,N,(N/A),Y,(N/A)
2022,2022-05-31,Tuesday,15,03:03 PM,Injury,B Injury Crash,1,0,0,1,0,5,Rear to Side,16,N,N,Improper Backing,Failing to Reduce Speed to Avoid Crash,Daylight,Clear,Dry,N,,,,,No Controls,No Controls,N,2,,,missing,(UNK),1,2203085,2022,,30,28,50000 and OVER,9,4295,Oak Park,C,(UNK),8,16,31,11763847,5,Cook,2,22,,,2,N,No,Free Flow,202201179051,City,1,0,N,,,,(UNK),955041,(N/A),(UNK),No Defects,1,1,(UNK),0,0,X002652343,No Toll,,1,1,Alley,12,0,0,,,,(UNK),1,N,(N/A),Y,(N/A)
2022,2022-10-01,Saturday,15,03:25 PM,Property Damage,No Injuries,0,0,0,0,0,2,Front to Rear,11,N,N,Failing to Reduce Speed to Avoid Crash,(N/A),Daylight,Clear,Dry,N,,,,,No Controls,No Controls,Y,2,41.8715398,-87.7793277,ok,Partial Access Control,3,03-22-14147,2022,,28,99,50000 and OVER,9,4295,Oak Park,C,Urban InterState,,16,1,11906026,10,Cook,0,22,,,6,N,No,(UNK),202201313591,ISP,1,22.84000015,Y,,,,(UNK),955323,(N/A),(UNK),No Defects,1,1,InterState,1,9290,X002776983,Not Toll,73,1,1,Divided With Median Barrier,3,2946796.5,1904756.5,41.87153193,-87.77932189,,Urban,1,N,(N/A),Y,(N/A)
2022,2022-10-28,Friday,20,08:00 PM,Property Damage,No Injuries,0,0,0,0,0,2,Sideswipe Same Direction,12,N,N,Failing to Yield Right of Way,Failing to Reduce Speed to Avoid Crash,Darkness / Lighted Road,Clear,Dry,N,,,,,No Controls,No Controls,N,2,41.8733908,-87.8033171,ok,Partial Access Control,3,03-22-15981,2022,,2,28,50000 and OVER,9,4295,Oak Park,C,Urban InterState,,16,28,11961746,10,Cook,0,22,,,5,N,No,(UNK),202201365896,ISP,5,7.76000023,Y,,,,(UNK),955327,(N/A),(UNK),No Defects,1,1,InterState,1,290,X002825556,Not Toll,73,1,1,Divided With Median Barrier,3,2940243.79328212,1905250.12825676,41.87338294,-87.80331129,,Urban,1,N,(N/A),Y,(N/A)
2022,2022-09-24,Saturday,17,05:10 PM,Property Damage,No Injuries,0,0,0,0,0,2,Front to Rear,11,N,N,Following Too Closely,Failing to Reduce Speed to Avoid Crash,Daylight,Clear,Dry,N,,,,,Other,Functioning Properly,N,2,41.8726713,-87.7943634,ok,Partial Access Control,3,03-22-13753,2022,,3,28,50000 and OVER,9,4295,Oak Park,C,Urban InterState,,16,24,11906291,9,Cook,0,22,,,6,N,No,(UNK),202201313851,ISP,1,22.04999924,Y,,,,(UNK),956220,(N/A),(UNK),No Defects,1,1,InterState,1,9290,X002777246,Not Toll,73,13,4,Divided With Median Barrier,3,2942689.72765606,1905055.23110485,41.87266342,-87.79435763,,Urban,1,N,(N/A),Y,(N/A)
2022,2022-09-24,Saturday,19,07:20 PM,Property Damage,No Injuries,0,0,0,0,0,2,Front to Rear,11,N,N,Following Too Closely,Driving Skills/Knowledge/Experience,Darkness / Lighted Road,Clear,Dry,N,,,,,Other Regualtory Sig,Functioning Properly,N,2,41.8712711,-87.7750271,ok,Partial Access Control,3,03-22-13761,2022,,3,15,50000 and OVER,9,4295,Oak Park,C,Urban InterState,,16,24,11906361,9,Cook,0,22,,,6,N,No,(UNK),202201313921,ISP,5,23.04999924,Y,,,,(UNK),956425,(N/A),(UNK),No Defects,1,1,InterState,1,9290,X002777315,Not Toll,73,10,4,Divided With Median Barrier,3,2947970.61034,1904691.21082595,41.87126324,-87.77502128,,Urban,1,N,(N/A),Y,(N/A)
2022,2022-03-11,Friday,23,11:00 PM,Property Damage,No Injuries,0,0,0,0,0,1,Parked Motor Vehicle,9,N,N,Improper Lane Usage,(N/A),Darkness / Lighted Road,Unknown,Unknown,N,,,,,No Controls,No Controls,Y,2,41.885455,-87.8029081,ok,(UNK),1,2201357,2022,,20,99,50000 and OVER,9,4295,Oak Park,C,Urban Local Road or Street,,16,11,11667515,3,Cook,0,22,,,5,N,No,Free Flow,202201087334,City,5,0.1,N,,,,(UNK),957522,(N/A),(UNK),No Defects,1,9,Local Road or Street,7,3030,X002568233,Not Toll,73,1,1,Not Divided,1,2940234.03403576,1909649.62192558,41.88544717,-87.80290232,,Urban,9,N,(N/A),Y,(N/A)
2022,2022-03-14,Monday,7,07:50 AM,Property Damage,No Injuries,0,0,0,0,0,2,Front to Rear,11,N,N,Failing to Reduce Speed to Avoid Crash,Unable to Determine,Daylight,Clear,Dry,N,,,,,No Controls,No Controls,N,2,41.8792652,-87.7942503,ok,(UNK),1,2201356,2022,,28,18,50000 and OVER,9,4295,Oak Park,C,Urban Major Collector,,16,14,11667519,3,Cook,0,22,,,1,N,No,Stopped,202201087338,City,1,6.19999981,N,,,,(UNK),957523,(N/A),(UNK),No Defects,1,1,Major Collector,5,2775,X002568237,Not Toll,73,1,1,Not Divided,1,2942654.09545751,1907459.05010221,41.8792574,-87.79424447,,Urban,1,N,(N/A),Y,(N/A)
2022,2022-08-16,Tuesday,7,07:07 AM,Property Damage,No Injuries,0,0,0,0,0,3,Angle,15,N,N,Disregarding Traffic Signals,Unable to Determine,Daylight,Clear,Dry,Y,,,,,Traffic Signal,Functioning Properly,N,2,41.8762731,-87.784366,ok,(UNK),1,2204906,2022,,25,18,50000 and OVER,9,4295,Oak Park,C,Urban Major Collector,,16,16,11860152,8,Cook,0,22,,,2,N,No,Slow,202201270139,City,1,0,N,,,,(UNK),957767,(N/A),(UNK),No Defects,1,1,Major Collector,5,,X002736653,Not Toll,73,3,4,Not Divided,1,2945376.29429099,1906443.25992528,41.87626524,-87.78436017,,Urban,1,N,(N/A),Y,(N/A)
2022,2022-08-16,Tuesday,8,08:18 AM,Property Damage,No Injuries,0,0,0,0,0,3,Front to Rear,11,N,N,Failing to Reduce Speed to Avoid Crash,Following Too Closely,Daylight,Clear,Dry,N,,,,,No Controls,No Controls,N,2,41.8833024,-87.8048568,ok,(UNK),1,2204907,2022,,28,3,50000 and OVER,9,4295,Oak Park,C,Urban Other Principal Arte,,16,16,11860153,8,Cook,0,22,,,2,N,No,Stopped,202201270140,City,1,19.43000031,Y,,,,(UNK),957768,(N/A),(UNK),No Defects,1,1,Other Principal Arterial,3,348,X002736654,Not Toll,73,1,1,Not Divided,1,2939724.96840077,1908850.56274208,41.88329459,-87.80485103,,Urban,1,N,(N/A),Y,(N/A)
2022,2022-08-17,Wednesday,9,09:53 AM,Property Damage,No Injuries,0,0,0,0,0,2,Sideswipe Same Direction,12,N,N,Failing to Yield Right of Way,(N/A),Daylight,Clear,Dry,N,,,,,No Controls,No Controls,N,2,41.8752848,-87.790419,ok,(UNK),1,2204941,2022,,2,99,50000 and OVER,9,4295,Oak Park,C,Urban Local Road or Street,,16,17,11860364,8,Cook,0,22,,,3,N,No,Free Flow,202201270265,City,1,0.60000002,N,,,,(UNK),958147,(N/A),(UNK),No Defects,1,1,Local Road or Street,7,2663,X002736780,Not Toll,73,1,1,Not Divided,1,2943737.70007064,1906037.37121336,41.87527692,-87.79041318,,Urban,1,N,(N/A),Y,(N/A)
2022,2022-08-17,Wednesday,9,09:28 AM,Property Damage,No Injuries,0,0,0,0,0,2,Front to Rear,11,N,N,Unable to Determine,(N/A),Daylight,Clear,Dry,N,,,,,No Controls,No Controls,Y,2,41.8725961,-87.7867272,ok,(UNK),1,2204943,2022,,18,99,50000 and OVER,9,4295,Oak Park,C,Urban Local Road or Street,,16,17,11860384,8,Cook,0,22,,,3,N,No,Free Flow,202201270283,City,1,0.1,N,,,,(UNK),958177,(N/A),(UNK),No Defects,1,1,Local Road or Street,7,290,X002736798,Not Toll,73,1,1,"Divided, No Median Barrier",2,2944770.36400624,1905085.4456892,41.87258825,-87.78672144,,Urban,1,N,(N/A),Y,(N/A)
2022,2022-08-25,Thursday,18,06:47 PM,Property Damage,No Injuries,0,0,0,0,0,5,Front to Rear,11,N,N,Failing to Reduce Speed to Avoid Crash,Following Too Closely,Daylight,Clear,Dry,N,,,,,No Controls,No Controls,N,2,41.8729404,-87.7987721,ok,Partial Access Control,3,03-22-12171,2022,,28,3,50000 and OVER,9,4295,Oak Park,C,Urban InterState,,16,25,11860404,8,Cook,0,22,,,4,N,No,(UNK),202201270304,ISP,1,21.85000038,Y,,,,(UNK),958233,(N/A),(UNK),No Defects,1,1,InterState,1,9290,X002736816,Not Toll,,1,1,Divided With Median Barrier,3,2941486.21807773,1905120.12703092,41.87293253,-87.79876634,,Urban,1,N,(N/A),Y,(N/A)
2022,2022-05-29,Sunday,13,01:00 PM,Property Damage,No Injuries,0,0,0,0,0,2,Front to Rear,11,N,N,Failing to Reduce Speed to Avoid Crash,Following Too Closely,Daylight,Clear,Dry,N,,,,,No Controls,No Controls,N,2,41.8712237,-87.7742958,ok,Partial Access Control,3,03-22-07475,2022,,28,3,50000 and OVER,9,4295,Oak Park,C,Urban InterState,,16,29,11765205,5,Cook,0,22,,,7,N,No,(UNK),202201180438,ISP,1,8.35000038,Y,,,,(UNK),958642,(N/A),(UNK),No Defects,1,1,InterState,1,2790,X002653607,Not Toll,,1,1,Divided With Median Barrier,3,2948170.27575999,1904679.49374778,41.87121585,-87.77429,,Urban,1,N,(N/A),Y,(N/A)
2022,2022-08-22,Monday,14,02:43 PM,Injury,B Injury Crash,2,0,0,2,0,2,Front to Rear,11,N,N,Failing to Reduce Speed to Avoid Crash,Following Too Closely,Daylight,Clear,Dry,N,,,,,Other,Functioning Properly,N,3,41.8721123,-87.7861662,ok,Partial Access Control,3,03-22-12019,2022,,28,3,50000 and OVER,9,4295,Oak Park,C,Urban InterState,,16,22,11860709,8,Cook,2,22,,,1,N,No,(UNK),202201270586,ISP,1,22.48999977,Y,,,,(UNK),958925,(N/A),(UNK),No Defects,1,1,InterState,1,9290,X002737100,Not Toll,73,13,4,Divided With Median Barrier,3,2944928.05842268,1904913.38341737,41.87210446,-87.78616043,,Urban,1,N,(N/A),Y,(N/A)
2022,2022-09-07,Wednesday,15,03:58 PM,Injury,B Injury Crash,1,0,0,1,0,2,Sideswipe Same Direction,12,N,N,Improper Lane Usage,Failing to Reduce Speed to Avoid Crash,Daylight,Clear,Dry,N,,,,,No Controls,No Controls,Y,2,41.8727002,-87.7946679,ok,Partial Access Control,3,03-22-12844,2022,,20,28,50000 and OVER,9,4295,Oak Park,C,Urban InterState,,16,7,11907411,9,Cook,2,22,,,3,N,Yes,(UNK),202201314781,ISP,1,22.04000092,Y,,,,(UNK),958984,(N/A),(UNK),No Defects,1,1,InterState,1,9290,X002778106,Not Toll,73,1,1,Divided With Median Barrier,3,2942606.5,1905063.5,41.8726924,-87.79466213,,Urban,1,N,(N/A),Y,(N/A)
2022,2022-01-25,Tuesday,18,06:15 PM,Property Damage,No Injuries,0,0,0,0,0,1,Parked Motor Vehicle,9,N,N,Failing to Reduce Speed to Avoid Crash,Unable to Determine,Daylight,Clear,Dry,N,,,,,No Controls,No Controls,Y,2,41.8881831,-87.7799713,ok,(UNK),1,2200427,2022,,28,18,50000 and OVER,9,4295,Oak Park,C,Urban Major Collector,,16,25,11608591,1,Cook,0,22,,,2,N,No,Stopped,202201033819,City,1,1.08000004,N,,,,(UNK),959041,(N/A),(UNK),No Defects,1,1,Major Collector,5,1405,X002518116,Not Toll,73,1,1,Not Divided,1,2946452.42913319,1910816.76313849,41.88817526,-87.77996553,,Urban,1,N,(N/A),Y,(N/A)