crash_year,crash_date,day_of_week,crash_hour,time_of_crash,crash_severity,crash_injury_severity,total_injured,total_fatals,a_injuries,b_injuries,c_injuries,no_injuries,type_of_first_crash,collision_type_code,pedestrian_involved,pedalcyclist_involved,cause1,cause2,lighting_cond,weather_cond,road_surface_cond,intersection_related,is_intersection,highway_or_street_name,at_intersection_with,address_no,traffic_control_device,traffic_control_device_cond,hit_and_run,number_of_vehicles,latitude,longitude,location_status,access_control,agency_code,agency_report_number,agency_report_year,alignment_code,cause1_code,cause2_code,city_class,city_class_code,city_code,city_name,city_township_flag,class_of_trafficway,class_of_trafficway_code,county_code,crash_day,crash_id,crash_month,crash_report_county,crash_severity_cd,crash_yr_source,damaged_property1,damaged_property2,day_of_week_code,did_crash_occur_in_work_zone,did_involve_secondary_crash,flow_condition,icn,investigating_agency_descrip,light_condition_code,mile_station,nhs,non_intersection_direction,non_intersection_distance,non_intersection_units,number_of_lanes,objectid,railroad_crossing_number,road_alignment,road_defects,road_defects_code,road_surface_condition_code,roadway_functional_class,roadway_functional_class_code,route_number,sfe,toll,township,traffic_control_device_code,traffic_control_device_cond_code,trafficway_descrip,trafficway_description_code,ts_crash_coordinate_x,ts_crash_coordinate_y,ts_crash_latitude,ts_crash_longitude,type_report,urban_rural,weather_code,were_workers_present,work_zone,work_zone_related,work_zone_type
2022,2022-01-24,Monday,15,03:54 PM,Property Damage,No Injuries,0,0,0,0,0,1,Parked Motor Vehicle,9,N,N,Failing to Reduce Speed to Avoid Crash,Unable to Determine,Daylight,Other,Unknown,N,,,,,No Controls,No Controls,Y,2,41.8813115,-87.7795919,ok,(UNK),1,2200413,2022,,28,18,50000 and OVER,9,4295,Oak Park,C,Urban Local Road or Street,,16,24,11608586,1,Cook,0,22,,,1,N,No,Free Flow,202201033814,City,1,0.47,N,,,,(UNK),959043,(N/A),(UNK),No Defects,1,9,Local Road or Street,7,3794,X002518111,Not Toll,73,1,1,Not Divided,1,2946625.44359968,1908315.49394463,41.88130365,-87.7795861,,Urban,7,N,(N/A),Y,(N/A)
2022,2022-01-22,Saturday,12,12:43 PM,Property Damage,No Injuries,0,0,0,0,0,3,Sideswipe Same Direction,12,N,N,Failing to Reduce Speed to Avoid Crash,Unable to Determine,Daylight,Unknown,Dry,N,,,,,No Controls,No Controls,N,2,41.865103,-87.7989623,ok,(UNK),1,2200443,2022,,28,18,50000 and OVER,9,4295,Oak Park,C,Urban Other Principal Arte,,16,22,11608597,1,Cook,0,22,,,6,N,No,Free Flow,202201033825,City,1,0,Y,,,,(UNK),959045,(N/A),(UNK),No Defects,1,1,Other Principal Arterial,3,,X002518123,Not Toll,52,1,1,Two-way Continuous Left-Tur,4,2941513.255977,1902262.62760341,41.86509518,-87.79895646,,Urban,9,N,(N/A),Y,(N/A)
2022,2022-01-26,Wednesday,8,08:46 AM,Property Damage,No Injuries,0,0,0,0,0,1,Fixed Object,6,N,N,Failing to Reduce Speed to Avoid Crash,(N/A),Daylight,Clear,Dry,N,,,,,Traffic Signal,Functioning Properly,N,1,41.8873092,-87.7944758,ok,(UNK),1,2200437,2022,,28,99,50000 and OVER,9,4295,Oak Park,C,Urban Major Collector,,16,26,11608596,1,Cook,0,22,BRIDGE,,3,N,No,Slow,202201033824,City,1,0,N,,,,(UNK),959046,(N/A),(UNK),No Defects,1,1,Major Collector,5,,X002518122,Not Toll,73,3,4,Divided With Median Barrier,3,2942511.58917361,1910388.72226746,41.88730137,-87.79447004,,Urban,1,N,(N/A),Y,(N/A)
2022,2022-01-26,Wednesday,8,08:25 AM,Property Damage,No Injuries,0,0,0,0,0,2,Angle,15,N,N,Failing to Yield Right of Way,(N/A),Daylight,Clear,Snow or Slush,Y,,,,,Stop Sign,Functioning Properly,N,2,41.8744489,-87.7842756,ok,(UNK),1,2200435,2022,,2,99,50000 and OVER,9,4295,Oak Park,C,Urban Major Collector,,16,26,11608594,1,Cook,0,22,,,3,N,No,Free Flow,202201033822,City,1,0,N,,,,(UNK),959047,(N/A),(UNK),No Defects,1,3,Major Collector,5,,X002518120,Not Toll,73,2,4,"Divided, No Median Barrier",2,2945419.3801433,1905779.16917579,41.87444104,-87.78426976,,Urban,1,N,(N/A),Y,(N/A)
2022,2022-01-26,Wednesday,7,07:51 AM,Property Damage,No Injuries,0,0,0,0,0,3,Turning,10,N,N,Failing to Yield Right of Way,(N/A),Daylight,Clear,Snow or Slush,Y,,,,,Stop Sign,Functioning Properly,N,2,41.8761539,-87.7916747,ok,(UNK),1,2200434,2022,,2,99,50000 and OVER,9,4295,Oak Park,C,Urban Local Road or Street,,16,26,11608593,1,Cook,0,22,,,3,N,No,Free Flow,202201033821,City,1,0,N,,,,(UNK),959048,(N/A),(UNK),No Defects,1,3,Local Road or Street,7,,X002518119,Not Toll,73,2,4,Not Divided,1,2943386.92117878,1906344.61446031,41.87614601,-87.79166891,,Urban,1,N,(N/A),Y,(N/A)
2022,2022-01-26,Wednesday,16,04:05 PM,Property Damage,No Injuries,0,0,0,0,0,2,Front to Rear,11,N,N,Distraction - From Inside Vehicle,(N/A),Daylight,Clear,Dry,N,,,,,No Controls,No Controls,N,2,41.8686492,-87.8043332,ok,(UNK),1,2200451,2022,,41,99,50000 and OVER,9,4295,Oak Park,C,Urban Other Principal Arte,,16,26,11608602,1,Cook,0,22,,,3,N,No,Stopped,202201033830,City,1,20.44000053,Y,,,,(UNK),959051,(N/A),(UNK),No Defects,1,1,Other Principal Arterial,3,348,X002518128,Not Toll,73,1,1,"Divided, No Median Barrier",2,2940014.60574472,1903514.60004919,41.86864138,-87.80432744,,Urban,1,N,(N/A),Y,(N/A)
2022,2022-01-26,Wednesday,15,03:25 PM,Property Damage,No Injuries,0,0,0,0,0,2,Sideswipe Same Direction,12,N,N,Improper Lane Usage,Improper Overtaking/Passing,Daylight,Clear,Dry,N,,,,,Stop Sign,Functioning Properly,N,2,41.8797042,-87.7954048,ok,(UNK),1,2200448,2022,,20,4,50000 and OVER,9,4295,Oak Park,C,Urban Local Road or Street,,16,26,11608600,1,Cook,0,22,,,3,N,No,Slow,202201033828,City,1,0,N,,,,(UNK),959052,(N/A),(UNK),No Defects,1,1,Local Road or Street,7,2683,X002518126,Not Toll,73,2,4,Not Divided,1,2942335.24981174,1907610.31612799,41.87969635,-87.79539898,,Urban,1,N,(N/A),Y,(N/A)
2022,2022-01-21,Friday,19,07:29 PM,Property Damage,No Injuries,0,0,0,0,0,2,Front to Rear,11,N,N,Following Too Closely,(N/A),Darkness / Lighted Road,Clear,Dry,N,,,,,No Controls,No Controls,N,2,41.8809364,-87.804765,ok,(UNK),1,2200372,2022,,3,99,50000 and OVER,9,4295,Oak Park,C,Urban Other Principal Arte,,16,21,11608839,1,Cook,0,22,,,5,N,No,Stopped,202201033837,City,5,19.59000015,Y,,,,(UNK),959091,(N/A),(UNK),No Defects,1,1,Other Principal Arterial,3,348,X002518100,Not Toll,73,1,1,"Divided, No Median Barrier",2,2939773.72338028,1907989.03618083,41.88092858,-87.80475918,,Urban,1,N,(N/A),Y,(N/A)
2022,2022-01-22,Saturday,21,09:46 PM,Property Damage,No Injuries,0,0,0,0,0,2,Parked Motor Vehicle,9,N,N,Under Influence of Alcohol/Drugs,Failing to Reduce Speed to Avoid Crash,Darkness / Lighted Road,Cloudy/Overcast,Dry,N,,,,,No Controls,No Controls,Y,2,41.8852541,-87.7944174,ok,(UNK),1,2200390,2022,,8,28,50000 and OVER,9,4295,Oak Park,C,Urban Major Collector,,16,22,11608842,1,Cook,0,22,,,6,N,No,Free Flow,202201033840,City,5,5.76999998,N,,,,(UNK),959093,(N/A),(UNK),No Defects,1,1,Major Collector,5,2775,X002518103,Not Toll,73,1,1,"Divided, No Median Barrier",2,2942548.22346404,1909640.24911078,41.88524628,-87.79441158,,Urban,8,N,(N/A),Y,(N/A)
2022,2022-01-22,Saturday,17,05:20 PM,Property Damage,No Injuries,0,0,0,0,0,2,Angle,15,N,N,Failing to Yield Right of Way,(N/A),Darkness / Lighted Road,Clear,Dry,Y,,,,,Stop Sign,Functioning Properly,N,2,41.8704894,-87.804397,ok,(UNK),1,2200389,2022,,2,99,50000 and OVER,9,4295,Oak Park,C,Urban Other Principal Arte,,16,22,11608846,1,Cook,0,22,,,6,N,No,Free Flow,202201033844,City,5,25.38999939,Y,,,,(UNK),959094,(N/A),(UNK),No Defects,1,1,Other Principal Arterial,3,5043,X002518107,Not Toll,73,2,4,Four Way,14,2939978.76398772,1904184.69683809,41.87048151,-87.80439124,,Urban,1,N,(N/A),Y,(N/A)
2022,2022-01-22,Saturday,15,03:02 PM,Injury,B Injury Crash,1,0,0,1,0,1,Pedestrian,1,Y,N,Failing to Yield Right of Way,Unable to Determine,Daylight,Clear,Dry,N,,,,,Stop Sign,Functioning Properly,N,1,41.893099,-87.7848356,ok,(UNK),1,2200383,2022,,2,18,50000 and OVER,9,4295,Oak Park,C,Urban Major Collector,,16,22,11608843,1,Cook,2,22,,,6,N,No,Free Flow,202201033841,City,1,0,N,,,,(UNK),959095,(N/A),(UNK),No Defects,1,1,Major Collector,5,,X002518104,Not Toll,73,2,4,Unknown Intersection Type,22,2945078.11440506,1912571.39358649,41.89309117,-87.78482978,,Urban,1,N,(N/A),Y,(N/A)
2022,2022-08-25,Thursday,16,04:40 PM,Property Damage,No Injuries,0,0,0,0,0,2,Front to Rear,11,N,N,Following Too Closely,(N/A),Daylight,Clear,Dry,N,,,,,No Controls,No Controls,Y,2,41.8710498,-87.7763886,ok,Partial Access Control,3,03-22-12163,2022,,3,99,50000 and OVER,9,4295,Oak Park,C,Urban InterState,,16,25,11860757,8,Cook,0,22,,,4,N,No,(UNK),202201270629,ISP,1,9.10000038,Y,,,,(UNK),959116,(N/A),(UNK),No Defects,1,1,InterState,1,290,X002737142,Not Toll,,1,1,Divided With Median Barrier,3,2947602.01047139,1904600.23768077,41.87104196,-87.7763828,,Urban,1,N,(N/A),Y,(N/A)
2022,2022-01-24,Monday,8,08:47 AM,Property Damage,No Injuries,0,0,0,0,0,3,Angle,15,N,N,Failing to Yield Right of Way,Failing to Reduce Speed to Avoid Crash,Daylight,Snow,Snow or Slush,Y,,,,,Stop Sign,Functioning Properly,N,3,41.8945279,-87.7881252,ok,(UNK),1,2200408,2022,,2,28,50000 and OVER,9,4295,Oak Park,C,Urban Minor Arterial,,16,24,11608850,1,Cook,0,22,,,1,N,Yes,Free Flow,202201033845,City,1,0,N,,,,(UNK),959165,(N/A),(UNK),No Defects,1,3,Minor Arterial,4,,X002518109,Not Toll,73,2,4,Not Divided,1,2944167.95321687,1913067.25578556,41.89452008,-87.78811943,,Urban,3,N,(N/A),Y,(N/A)
2022,2022-01-15,Saturday,16,04:18 PM,Injury,B Injury Crash,1,0,0,1,0,3,Front to Rear,11,N,N,Failing to Reduce Speed to Avoid Crash,Improper Lane Usage,Dusk,Clear,Dry,N,,,,,No Controls,No Controls,N,3,41.9071144,-87.8057271,ok,(UNK),1,2200049,2022,,28,20,50000 and OVER,9,4295,Oak Park,C,Urban Other Principal Arte,,16,15,11608871,1,Cook,2,22,,,6,N,Yes,Free Flow,202201033859,City,3,17.78000069,Y,,,,(UNK),959166,(N/A),(UNK),No Defects,1,1,Other Principal Arterial,3,348,X002518156,Not Toll,73,1,1,"Divided, No Median Barrier",2,2939249.05271503,1917521.55079602,41.90710651,-87.80572134,,Urban,1,N,(N/A),Y,(N/A)
2022,2022-01-19,Wednesday,7,07:30 AM,Property Damage,No Injuries,0,0,0,0,0,2,Front to Rear,11,N,N,Failing to Reduce Speed to Avoid Crash,Unable to Determine,Daylight,Clear,Dry,N,,,,,No Controls,No Controls,Y,2,41.9084441,-87.8057639,ok,(UNK),1,2200063,2022,,28,18,50000 and OVER,9,4295,Oak Park,C,Urban Other Principal Arte,,16,19,11608877,1,Cook,0,22,,,3,N,No,(UNK),202201033865,City,1,17.68000031,Y,,,,(UNK),959170,(N/A),(UNK),No Defects,1,1,Other Principal Arterial,3,348,X002518162,Not Toll,73,1,1,"Divided, No Median Barrier",2,2939225.7011151,1918005.87482674,41.9084363,-87.8057581,,Urban,1,N,(N/A),Y,(N/A)
2022,2022-01-23,Sunday,11,11:02 AM,Property Damage,No Injuries,0,0,0,0,0,3,Front to Rear,11,N,N,Failing to Reduce Speed to Avoid Crash,Unable to Determine,Daylight,Clear,Wet,N,,,,,Traffic Signal,Functioning Properly,N,2,41.8906856,-87.8051164,ok,(UNK),1,2200078,2022,,28,18,50000 and OVER,9,4295,Oak Park,C,Urban Other Principal Arte,,16,23,11608879,1,Cook,0,22,,,7,N,No,Slow,202201033867,City,1,18.90999985,Y,,,,(UNK),959174,(N/A),(UNK),No Defects,1,2,Other Principal Arterial,3,348,X002518164,Not Toll,73,3,4,"Divided, No Median Barrier",2,2939580.18670667,1911539.16435957,41.89067772,-87.80511064,,Urban,1,N,(N/A),Y,(N/A)
2022,2022-01-25,Tuesday,7,07:21 AM,Property Damage,No Injuries,0,0,0,0,0,2,Turning,10,N,N,Failing to Yield Right of Way,Unable to Determine,Daylight,Clear,Wet,N,,,,,No Controls,No Controls,N,2,41.8988585,-87.8054172,ok,(UNK),1,2200084,2022,,2,18,50000 and OVER,9,4295,Oak Park,C,Urban Other Principal Arte,,16,25,11608883,1,Cook,0,22,POLE,,2,N,Yes,Slow,202201033871,City,1,18.34000015,Y,,,,(UNK),959177,(N/A),(UNK),No Defects,1,2,Other Principal Arterial,3,348,X002518169,Not Toll,73,1,1,"Divided, No Median Barrier",2,2939416.29382616,1914515.27328159,41.89885063,-87.80541135,,Urban,1,N,(N/A),Y,(N/A)
2022,2022-08-25,Thursday,7,07:14 AM,Property Damage,No Injuries,0,0,0,0,0,2,Front to Rear,11,N,N,Failing to Reduce Speed to Avoid Crash,(N/A),Daylight,Rain,Wet,N,,,,,Other,Functioning Properly,Y,2,41.872648,-87.7941302,ok,Partial Access Control,3,03-22-12130,2022,,28,99,50000 and OVER,9,4295,Oak Park,C,Urban InterState,,16,25,11861394,8,Cook,0,22,,,4,N,No,(UNK),202201271234,ISP,1,22.05999947,Y,,,,(UNK),961994,(N/A),(UNK),No Defects,1,2,InterState,1,9290,X002737765,Not Toll,73,13,4,Divided With Median Barrier,3,2942753.5,1905048.5,41.87264012,-87.79412436,,Urban,2,N,(N/A),Y,(N/A)
2022,2022-08-27,Saturday,10,10:03 AM,Property Damage,No Injuries,0,0,0,0,0,2,Sideswipe Same Direction,12,N,N,Improper Lane Usage,Unable to Determine,Daylight,Clear,Dry,N,,,,,No Controls,No Controls,N,2,41.8721812,-87.804461,ok,(UNK),1,22-02596,2022,,20,18,50000 and OVER,9,4295,Oak Park,C,Urban Other Principal Arte,,16,27,11861390,8,Cook,0,22,,,6,N,No,Free Flow,202201271231,City,1,20.19000053,Y,,,,(UNK),961995,(N/A),(UNK),No Defects,1,1,Other Principal Arterial,3,348,X002737762,Not Toll,73,1,1,"Divided, No Median Barrier",2,2939944.37503593,1904800.74509467,41.87217333,-87.80445517,,Urban,1,N,(N/A),Y,(N/A)
2022,2022-10-01,Saturday,19,07:42 PM,Injury,C Injury Crash,1,0,0,0,1,2,Turning,10,N,N,Failing to Yield Right of Way,Failing to Reduce Speed to Avoid Crash,Darkness / Lighted Road,Clear,Dry,Y,,,,,Stop Sign,Functioning Properly,N,2,41.8781716,-87.8046654,ok,(UNK),1,2206080,2022,,2,28,50000 and OVER,9,4295,Oak Park,C,Urban Other Principal Arte,,16,1,11908278,10,Cook,1,22,,,6,N,No,Free Flow,202201315639,City,5,25.92000008,Y,,,,(UNK),962609,(N/A),(UNK),No Defects,1,1,Other Principal Arterial,3,5043,X002778931,Not Toll,73,2,4,Other,8,2939828.59778712,1906982.21982476,41.87816373,-87.80465956,,Urban,1,N,(N/A),Y,(N/A)
2022,2022-09-30,Friday,18,06:30 PM,Property Damage,No Injuries,0,0,0,0,0,7,Sideswipe Same Direction,12,N,N,Failing to Reduce Speed to Avoid Crash,Unable to Determine,Daylight,Clear,Dry,N,,,,,Traffic Signal,Functioning Properly,N,3,41.8650292,-87.8041219,ok,(UNK),1,2206048,2022,,28,18,50000 and OVER,9,4295,Oak Park,C,Urban Other Principal Arte,,16,30,11908281,9,Cook,0,22,,,5,N,Yes,Free Flow,202201315642,City,1,5.98999977,Y,,,,(UNK),962611,(N/A),(UNK),No Defects,1,1,Other Principal Arterial,3,347,X002778934,Not Toll,73,3,4,Not Divided,1,2940108.48780499,1902196.98034497,41.86502135,-87.80411613,,Urban,1,N,(N/A),Y,(N/A)
2022,2022-10-01,Saturday,10,10:33 AM,Property Damage,No Injuries,0,0,0,0,0,5,Turning,10,N,N,Failing to Yield Right of Way,Vision Obscured,Daylight,Clear,Dry,Y,,,,,No Controls,No Controls,N,2,41.8798008,-87.7942782,ok,(UNK),1,2206061,2022,,2,14,50000 and OVER,9,4295,Oak Park,C,Urban Minor Arterial,,16,1,11908283,10,Cook,0,22,,,6,N,No,Free Flow,202201315644,City,1,6.15999985,N,,,,(UNK),962633,(N/A),(UNK),No Defects,1,1,Minor Arterial,4,2775,X002778936,Not Toll,73,1,1,"Divided, No Median Barrier",2,2942641.09602224,1907654.01288057,41.87979297,-87.79427238,,Urban,1,N,(N/A),Y,(N/A)
2022,2022-01-27,Thursday,21,09:57 PM,Property Damage,No Injuries,0,0,0,0,0,2,Sideswipe Same Direction,12,N,N,Following Too Closely,Failing to Reduce Speed to Avoid Crash,Darkness / Lighted Road,Cloudy/Overcast,Wet,N,,,,,Traffic Signal,Functioning Properly,Y,2,41.8759848,-87.8045958,ok,(UNK),1,2200477,2022,,3,28,50000 and OVER,9,4295,Oak Park,C,Urban Other Principal Arte,,16,27,11610034,1,Cook,0,22,,,4,N,No,Slow,202201034867,City,5,25.77000046,Y,,,,(UNK),963375,(N/A),(UNK),No Defects,1,2,Other Principal Arterial,3,5043,X002519024,Not Toll,73,3,4,"Divided, No Median Barrier",2,2939869.49456576,1906185.86027551,41.875977,-87.80458997,,Urban,8,N,(N/A),Y,(N/A)
2022,2022-05-28,Saturday,12,12:42 PM,Injury,A Injury Crash,1,0,1,0,0,1,Pedalcyclist,2,N,Y,Failing to Reduce Speed to Avoid Crash,Improper Lane Usage,Daylight,Clear,Dry,N,,,,,No Controls,No Controls,Y,1,41.8761346,-87.7929542,ok,(UNK),1,2203020,2022,,28,20,50000 and OVER,9,4295,Oak Park,C,Urban Local Road or Street,,16,28,11766858,5,Cook,3,22,,,6,N,No,Free Flow,202201181517,City,1,0,N,,,,(UNK),964182,(N/A),(UNK),No Defects,1,1,Local Road or Street,7,,X002654684,Not Toll,73,1,1,"Divided, No Median Barrier",2,2943038.6459175,1906327.96590817,41.87612679,-87.79294837,,Urban,1,N,(N/A),Y,(N/A)
2022,2022-11-04,Friday,23,11:55 PM,Property Damage,No Injuries,0,0,0,0,0,2,Sideswipe Same Direction,12,N,N,Improper Lane Usage,Failing to Reduce Speed to Avoid Crash,Darkness / Lighted Road,Clear,Dry,N,,,,,Other,Functioning Properly,N,2,41.8712592,-87.7792981,ok,Partial Access Control,3,03-22-16141,2022,,20,28,50000 and OVER,9,4295,Oak Park,C,Urban InterState,,16,4,11967780,11,Cook,0,22,,,5,N,No,(UNK),202201371570,ISP,5,8.96000004,Y,,,,(UNK),964332,(N/A),(UNK),No Defects,1,1,InterState,1,290,X002830715,Not Toll,73,13,4,Divided With Median Barrier,3,2946807.41457893,1904654.48702032,41.87125138,-87.77929226,,Urban,1,N,(N/A),Y,(N/A)
2022,2022-11-04,Friday,21,09:45 PM,Property Damage,No Injuries,0,0,0,0,0,4,Front to Rear,11,N,N,Failing to Reduce Speed to Avoid Crash,Following Too Closely,Darkness / Lighted Road,Clear,Dry,N,,,,,Other,Functioning Properly,Y,4,41.8712371,-87.7744795,ok,Partial Access Control,3,03-22-16137,2022,,28,3,50000 and OVER,9,4295,Oak Park,C,Urban InterState,,16,4,11967778,11,Cook,0,22,,,5,N,Yes,(UNK),202201371568,ISP,5,9.19999981,Y,,,,(UNK),964333,(N/A),(UNK),No Defects,1,1,InterState,1,290,X002830713,Not Toll,73,13,4,Divided With Median Barrier,3,2948120.09358289,1904682.99197861,41.87122927,-87.77447374,,Urban,1,N,(N/A),Y,(N/A)
2022,2022-11-02,Wednesday,16,04:25 PM,Property Damage,No Injuries,0,0,0,0,0,2,Front to Rear,11,N,N,Failing to Reduce Speed to Avoid Crash,Following Too Closely,Daylight,Clear,Dry,N,,,,,Other,Functioning Improperly,Y,2,41.8737626,-87.8043643,ok,Partial Access Control,3,03-22-15995,2022,,28,3,50000 and OVER,9,4295,Oak Park,C,Urban InterState,,16,2,11967938,11,Cook,0,22,,,3,N,No,(UNK),202201371711,ISP,1,21.59000015,Y,,,,(UNK),964378,(N/A),(UNK),No Defects,1,1,InterState,1,9290,X002830853,Not Toll,73,13,3,Divided With Median Barrier,3,2939954.83270635,1905377.75264495,41.87375471,-87.80435851,,Urban,1,N,(N/A),Y,(N/A)
2022,2022-06-02,Thursday,14,02:30 PM,Property Damage,No Injuries,0,0,0,0,0,2,Angle,15,N,N,Failing to Yield Right of Way,Unable to Determine,Daylight,Clear,Dry,Y,,,,,Stop Sign,Functioning Properly,N,2,41.8962702,-87.7928736,ok,(UNK),1,2203135,2022,,2,18,50000 and OVER,9,4295,Oak Park,C,Urban Local Road or Street,,16,2,11766910,6,Cook,0,22,,,4,N,No,Free Flow,202201181571,City,1,0,N,,,,(UNK),964674,(N/A),(UNK),No Defects,1,1,Local Road or Street,7,,X002654734,Not Toll,73,2,4,Four Way,14,2942857.50623983,1913666.33077942,41.89626231,-87.79286778,,Urban,1,N,(N/A),Y,(N/A)
2022,2022-05-27,Friday,17,05:24 PM,Injury,C Injury Crash,1,0,0,0,1,2,Parked Motor Vehicle,9,N,N,Unable to Determine,Unable to Determine,Daylight,Clear,Dry,N,,,,,No Controls,No Controls,Y,2,41.879902,-87.7895351,ok,(UNK),1,2203007,2022,,18,18,50000 and OVER,9,4295,Oak Park,C,Urban Minor Arterial,,16,27,11766920,5,Cook,1,22,,,5,N,No,Free Flow,202201181581,City,1,0,N,,,,(UNK),964676,(N/A),(UNK),No Defects,1,1,Minor Arterial,4,,X002654744,Not Toll,73,1,1,Not Divided,1,2943931.80096531,1907726.6534796,41.87989417,-87.78952932,,Urban,1,N,(N/A),Y,(N/A)
2022,2022-09-30,Friday,14,02:35 PM,Injury,B Injury Crash,2,0,0,2,0,2,Front to Rear,11,N,N,Failing to Reduce Speed to Avoid Crash,Following Too Closely,Daylight,Clear,Dry,N,,,,,No Controls,No Controls,N,3,41.8736814,-87.8034375,ok,Partial Access Control,3,03-22-14086,2022,,28,3,50000 and OVER,9,4295,Oak Park,C,Urban InterState,,16,30,11908973,9,Cook,2,22,,,5,N,No,(UNK),202201316346,ISP,1,21.62999916,Y,,,,(UNK),966007,(N/A),(UNK),No Defects,1,1,InterState,1,9290,X002779584,Not Toll,73,1,1,Divided With Median Barrier,3,2940208.07945873,1905355.13772843,41.87367357,-87.8034317,,Urban,1,N,(N/A),Y,(N/A)
2022,2022-05-28,Saturday,23,11:23 PM,Property Damage,No Injuries,0,0,0,0,0,2,Front to Rear,11,N,N,Following Too Closely,(N/A),Darkness / Lighted Road,Clear,Dry,N,,,,,Other,Functioning Properly,N,2,41.8712614,-87.7747408,ok,Partial Access Control,3,03-22-07424,2022,,3,99,50000 and OVER,9,4295,Oak Park,C,Urban InterState,,16,28,11767515,5,Cook,0,22,,,6,N,No,(UNK),202201182147,ISP,5,23.06999969,Y,,,,(UNK),967186,(N/A),(UNK),No Defects,1,1,InterState,1,9290,X002655312,Not Toll,73,13,4,Divided With Median Barrier,3,2948048.67752737,1904689.83959178,41.87125351,-87.77473503,,Urban,1,N,(N/A),Y,(N/A)
2022,2022-05-31,Tuesday,2,02:40 AM,Property Damage,No Injuries,0,0,0,0,0,2,Front to Rear,11,N,N,Following Too Closely,Failing to Reduce Speed to Avoid Crash,Daylight,Clear,Dry,N,,,,,Other,Functioning Properly,N,2,41.8726572,-87.7941775,ok,Partial Access Control,3,03-22-07517,2022,,3,28,50000 and OVER,9,4295,Oak Park,C,Urban InterState,,16,31,11767614,5,Cook,0,22,,,2,N,No,(UNK),202201182241,ISP,1,22.05999947,Y,,,,(UNK),967756,(N/A),(UNK),No Defects,1,1,InterState,1,9290,X002655408,Not Toll,73,13,4,Divided With Median Barrier,3,2942740.5,1905051.5,41.87264934,-87.79417175,,Urban,1,N,(N/A),Y,(N/A)
2022,2022-09-28,Wednesday,19,07:15 PM,Property Damage,No Injuries,0,0,0,0,0,2,Front to Rear,11,N,N,Failing to Reduce Speed to Avoid Crash,Following Too Closely,Darkness / Lighted Road,Clear,Dry,N,,,,,Other Regualtory Sig,Functioning Properly,N,2,41.8712917,-87.7797823,ok,Partial Access Control,3,03-22-13990,2022,,28,3,50000 and OVER,9,4295,Oak Park,C,Urban InterState,,16,28,11909644,9,Cook,0,22,,,3,N,No,(UNK),202201317006,ISP,5,22.80999947,Y,,,,(UNK),968240,(N/A),(UNK),No Defects,1,1,InterState,1,9290,X002780216,Not Toll,,10,4,Divided With Median Barrier,3,2946675.19966397,1904662.67064126,41.8712839,-87.77977646,,Urban,1,N,(N/A),Y,(N/A)
2022,2022-10-03,Monday,13,01:01 PM,Property Damage,No Injuries,0,0,0,0,0,5,Angle,15,N,N,Failing to Yield Right of Way,Unable to Determine,Daylight,Clear,Dry,Y,,,,,Stop Sign,Functioning Properly,N,2,41.879943,-87.7807978,ok,(UNK),1,2206109,2022,,2,18,50000 and OVER,9,4295,Oak Park,C,Urban Minor Arterial,,16,3,11909781,10,Cook,0,22,,,1,N,No,Free Flow,202201317138,City,1,0,N,,,,(UNK),968657,(N/A),(UNK),No Defects,1,1,Minor Arterial,4,,X002780349,Not Toll,73,2,4,Not Divided,1,2946310.90784371,1907807.64986053,41.87993515,-87.780792,,Urban,1,N,(N/A),Y,(N/A)
2022,2022-10-03,Monday,17,05:03 PM,Injury,C Injury Crash,1,0,0,0,1,1,Angle,15,N,N,Failing to Yield Right of Way,Failing to Reduce Speed to Avoid Crash,Daylight,Clear,Dry,Y,,,,,Stop Sign,Functioning Properly,N,2,41.8946279,-87.7799851,ok,(UNK),1,2206117,2022,,2,28,50000 and OVER,9,4295,Oak Park,C,Urban Minor Arterial,,16,3,11909782,10,Cook,1,22,,,1,N,No,Slow,202201317140,City,1,0,N,,,,(UNK),968658,(N/A),(UNK),No Defects,1,1,Minor Arterial,4,,X002780350,Not Toll,73,2,4,"Divided, No Median Barrier",2,2946383.3158498,1913165.25454837,41.89462002,-87.7799793,,Urban,1,N,(N/A),Y,(N/A)
2022,2022-06-01,Wednesday,17,05:00 PM,Property Damage,No Injuries,0,0,0,0,0,5,Front to Rear,11,N,N,Following Too Closely,Failing to Reduce Speed to Avoid Crash,Daylight,Clear,Dry,N,,,,,Other,Functioning Properly,N,2,41.87298,-87.799104,ok,Partial Access Control,3,03-22-07588,2022,,3,28,50000 and OVER,9,4295,Oak Park,C,Urban InterState,,16,1,11768764,6,Cook,0,22,,,3,N,No,(UNK),202201183339,ISP,1,21.82999992,Y,,,,(UNK),971399,(N/A),(UNK),No Defects,1,1,InterState,1,9290,X002656508,Not Toll,73,13,4,Divided With Median Barrier,3,2941395.43448443,1905132.08479004,41.87297219,-87.79909819,,Urban,1,N,(N/A),Y,(N/A)
2022,2022-06-02,Thursday,8,08:43 AM,Injury,B Injury Crash,1,0,0,1,0,0,Fixed Object,6,N,N,Failing to Reduce Speed to Avoid Crash,(N/A),Darkness / Lighted Road,Clear,Dry,N,,,,,Other,Functioning Properly,N,1,41.8717321,-87.7817681,ok,Partial Access Control,3,03-22-07643,2022,,28,99,50000 and OVER,9,4295,Oak Park,C,Urban InterState,,16,2,11768767,6,Cook,2,22,,,4,N,No,(UNK),202201183342,ISP,5,22.70999908,Y,,,,(UNK),971429,(N/A),(UNK),No Defects,1,1,InterState,1,9290,X002656511,Not Toll,73,13,4,Divided With Median Barrier,3,2946129.85243592,1904808.10632243,41.87172427,-87.78176226,,Urban,1,N,(N/A),Y,(N/A)