crash_year,crash_date,day_of_week,crash_hour,time_of_crash,crash_severity,crash_injury_severity,total_injured,total_fatals,a_injuries,b_injuries,c_injuries,no_injuries,type_of_first_crash,collision_type_code,pedestrian_involved,pedalcyclist_involved,cause1,cause2,lighting_cond,weather_cond,road_surface_cond,intersection_related,is_intersection,highway_or_street_name,at_intersection_with,address_no,traffic_control_device,traffic_control_device_cond,hit_and_run,number_of_vehicles,latitude,longitude,location_status,access_control,agency_code,agency_report_number,agency_report_year,alignment_code,cause1_code,cause2_code,city_class,city_class_code,city_code,city_name,city_township_flag,class_of_trafficway,class_of_trafficway_code,county_code,crash_day,crash_id,crash_month,crash_report_county,crash_severity_cd,crash_yr_source,damaged_property1,damaged_property2,day_of_week_code,did_crash_occur_in_work_zone,did_involve_secondary_crash,flow_condition,icn,investigating_agency_descrip,light_condition_code,mile_station,nhs,non_intersection_direction,non_intersection_distance,non_intersection_units,number_of_lanes,objectid,railroad_crossing_number,road_alignment,road_defects,road_defects_code,road_surface_condition_code,roadway_functional_class,roadway_functional_class_code,route_number,sfe,toll,township,traffic_control_device_code,traffic_control_device_cond_code,trafficway_descrip,trafficway_description_code,ts_crash_coordinate_x,ts_crash_coordinate_y,ts_crash_latitude,ts_crash_longitude,type_report,urban_rural,weather_code,were_workers_present,work_zone,work_zone_related,work_zone_type
2022,2022-06-06,Monday,16,04:30 PM,Property Damage,No Injuries,0,0,0,0,0,2,Front to Rear,11,N,N,Following Too Closely,Failing to Reduce Speed to Avoid Crash,Daylight,Clear,Dry,N,,,,,Other,Functioning Properly,N,2,41.871497,-87.7821289,ok,Partial Access Control,3,03-22-07842,2022,,3,28,50000 and OVER,9,4295,Oak Park,C,Urban InterState,,16,6,11768769,6,Cook,0,22,,,1,N,No,(UNK),202201183344,ISP,1,8.81000042,Y,,,,(UNK),971433,(N/A),(UNK),No Defects,1,1,InterState,1,290,X002656513,Not Toll,73,13,4,Divided With Median Barrier,3,2946033.95696615,1904719.71045484,41.8714892,-87.78212308,,Urban,1,N,(N/A),Y,(N/A)
2022,2022-06-09,Thursday,15,03:43 PM,Property Damage,No Injuries,0,0,0,0,0,4,Front to Rear,11,N,N,Following Too Closely,Failing to Reduce Speed to Avoid Crash,Daylight,Clear,Dry,N,,,,,Other,Functioning Properly,N,2,41.8714621,-87.7780941,ok,Partial Access Control,3,03-22-08005,2022,,3,28,50000 and OVER,9,4295,Oak Park,C,Urban InterState,,16,9,11768783,6,Cook,0,22,,,4,N,No,(UNK),202201183358,ISP,1,22.89999962,Y,,,,(UNK),971487,(N/A),(UNK),No Defects,1,1,InterState,1,9290,X002656527,Not Toll,73,13,4,Divided With Median Barrier,3,2947133.28793656,1904737.55175835,41.87145427,-87.7780883,,Urban,1,N,(N/A),Y,(N/A)
2022,2022-06-09,Thursday,15,03:30 PM,Property Damage,No Injuries,0,0,0,0,0,3,Front to Rear,11,N,N,Following Too Closely,Driving Skills/Knowledge/Experience,Daylight,Clear,Dry,N,,,,,Other,Functioning Properly,N,2,41.8715944,-87.7801137,ok,Partial Access Control,3,03-22-08006,2022,,3,15,50000 and OVER,9,4295,Oak Park,C,Urban InterState,,16,9,11768915,6,Cook,0,22,,,4,N,No,(UNK),202201183489,ISP,1,22.79999924,Y,,,,(UNK),971787,(N/A),(UNK),No Defects,1,1,InterState,1,9290,X002656661,Not Toll,73,13,4,Divided With Median Barrier,3,2946581.85044708,1904770.45339538,41.87158656,-87.78010792,,Urban,1,N,(N/A),Y,(N/A)
2022,2022-10-04,Tuesday,7,07:40 AM,Injury,C Injury Crash,3,0,0,0,3,3,Turning,10,N,N,Failing to Yield Right of Way,Failing to Reduce Speed to Avoid Crash,Daylight,Clear,Dry,Y,,,,,Stop Sign,Functioning Properly,N,4,41.8652077,-87.7912964,ok,(UNK),1,2206127,2022,,2,28,50000 and OVER,9,4295,Oak Park,C,Urban Other Principal Arte,,16,4,11911073,10,Cook,1,22,,,2,N,No,Slow,202201318441,City,1,0,Y,,,,(UNK),972727,(N/A),(UNK),No Defects,1,1,Other Principal Arterial,3,,X002781532,Not Toll,52,2,4,Two-way Continuous Left-Tur,4,2943600.40836376,1902358.48144735,41.86519983,-87.79129057,,Urban,1,N,(N/A),Y,(N/A)
2022,2022-10-04,Tuesday,20,08:09 PM,Property Damage,No Injuries,0,0,0,0,0,2,Parked Motor Vehicle,9,N,N,Unable to Determine,(N/A),Darkness / Lighted Road,Clear,Dry,N,,,,,No Controls,No Controls,Y,9,41.883143,-87.7796555,ok,(UNK),1,2206148,2022,,18,99,50000 and OVER,9,4295,Oak Park,C,Urban Local Road or Street,,16,4,11911077,10,Cook,0,22,,,2,N,Yes,Free Flow,202201318444,City,5,0.34999999,N,,,,(UNK),972732,(N/A),(UNK),No Defects,1,1,Local Road or Street,7,3794,X002781536,Not Toll,73,1,1,"Divided, No Median Barrier",2,2946589.53803087,1908982.45507878,41.88313518,-87.77964974,,Urban,1,N,(N/A),Y,(N/A)
2022,2022-10-04,Tuesday,11,11:38 AM,Injury,C Injury Crash,1,0,0,0,1,0,Parked Motor Vehicle,9,N,N,Physical Condition of Driver,Unable to Determine,Daylight,Clear,Dry,N,,,,,No Controls,No Controls,N,2,41.8982654,-87.7815657,ok,(UNK),1,2206134,2022,,17,18,50000 and OVER,9,4295,Oak Park,C,Urban Local Road or Street,,16,4,11911076,10,Cook,1,22,,,2,N,No,Free Flow,202201318443,City,1,1.23000002,N,,,,(UNK),972761,(N/A),(UNK),No Defects,1,1,Local Road or Street,7,3100,X002781535,Not Toll,73,1,1,Not Divided,1,2945916.07875074,1914478.87445161,41.89825757,-87.78155992,,Urban,1,N,(N/A),Y,(N/A)
2022,2022-01-27,Thursday,7,07:15 AM,Property Damage,No Injuries,0,0,0,0,0,2,Angle,15,N,N,Failing to Yield Right of Way,Failing to Reduce Speed to Avoid Crash,Daylight,Clear,Ice,Y,,,,,Stop Sign,Functioning Properly,N,2,41.8999204,-87.783802,ok,(UNK),1,2200458,2022,,2,28,50000 and OVER,9,4295,Oak Park,C,Urban Local Road or Street,,16,27,11612889,1,Cook,0,22,,,4,N,No,Slow,202201037542,City,1,0,N,,,,(UNK),973324,(N/A),(UNK),No Defects,1,4,Local Road or Street,7,,X002520215,Not Toll,73,2,4,"Divided, No Median Barrier",2,2945290.46354954,1915065.05725814,41.89991256,-87.7837962,,Urban,1,N,(N/A),Y,(N/A)
2022,2022-01-27,Thursday,17,05:54 PM,Property Damage,No Injuries,0,0,0,0,0,2,Front to Rear,11,N,N,Failing to Reduce Speed to Avoid Crash,Driving Skills/Knowledge/Experience,Darkness / Lighted Road,Clear,Dry,N,,,,,Traffic Signal,Functioning Properly,Y,2,41.8982359,-87.785062,ok,(UNK),1,2200475,2022,,28,15,50000 and OVER,9,4295,Oak Park,C,Urban Local Road or Street,,16,27,11612891,1,Cook,0,22,,,4,N,No,Stopped,202201037544,City,5,0,N,,,,(UNK),973327,(N/A),(UNK),No Defects,1,1,Local Road or Street,7,,X002520217,Not Toll,73,3,4,Not Divided,1,2944964.48179632,1914441.65311582,41.89822803,-87.78505617,,Urban,1,N,(N/A),Y,(N/A)
2022,2022-06-05,Sunday,23,11:29 PM,Property Damage,No Injuries,0,0,0,0,0,4,Sideswipe Same Direction,12,N,N,Failing to Reduce Speed to Avoid Crash,Improper Lane Usage,Darkness / Lighted Road,Clear,Dry,N,,,,,No Controls,No Controls,Y,2,41.8737409,-87.8041096,ok,Partial Access Control,3,03-22-07792,2022,,28,20,50000 and OVER,9,4295,Oak Park,C,Urban InterState,,16,5,11770115,6,Cook,0,22,,,7,N,No,(UNK),202201184663,ISP,5,21.60000038,Y,,,,(UNK),973561,(N/A),(UNK),No Defects,1,1,InterState,1,9290,X002657833,Not Toll,73,1,1,Not Divided,1,2940024.4353069,1905371.77075109,41.87373305,-87.80410376,,Urban,1,N,(N/A),Y,(N/A)
2022,2022-01-26,Wednesday,15,03:30 PM,Property Damage,No Injuries,0,0,0,0,0,3,Front to Rear,11,N,N,Improper Lane Usage,Following Too Closely,Daylight,Clear,Dry,N,,,,,No Controls,No Controls,Y,3,41.8731915,-87.8014163,ok,Partial Access Control,3,03-22-01253,2022,,20,3,50000 and OVER,9,4295,Oak Park,C,Urban InterState,,16,26,11613300,1,Cook,0,22,,,3,N,No,(UNK),202201037729,ISP,1,7.84000015,Y,,,,(UNK),974289,(N/A),(UNK),No Defects,1,1,InterState,1,290,X002522060,Not Toll,,1,1,Divided With Median Barrier,3,2940763.50766838,1905191.75895467,41.87318361,-87.8014105,,Urban,1,N,(N/A),Y,(N/A)
2022,2022-06-02,Thursday,12,12:50 PM,Property Damage,No Injuries,0,0,0,0,0,1,Parked Motor Vehicle,9,N,N,Failing to Reduce Speed to Avoid Crash,(N/A),Daylight,Clear,Dry,N,,,,,No Controls,No Controls,Y,2,41.9000679,-87.7978505,ok,(UNK),1,2203137,2022,,28,99,50000 and OVER,9,4295,Oak Park,C,Urban Local Road or Street,,16,2,11770863,6,Cook,0,22,,,4,N,No,Free Flow,202201185432,City,1,0.61000001,N,,,,(UNK),974670,(N/A),(UNK),No Defects,1,1,Local Road or Street,7,2690,X002658527,Not Toll,73,1,1,Not Divided,1,2941464.21311088,1915012.84672275,41.9000601,-87.79784468,,Urban,1,N,(N/A),Y,(N/A)
2022,2022-06-02,Thursday,16,04:05 PM,Property Damage,No Injuries,0,0,0,0,0,2,Parked Motor Vehicle,9,N,N,Improper Backing,Unable to Determine,Daylight,Clear,Dry,N,,,,,No Controls,No Controls,Y,2,41.8657603,-87.7976861,ok,(UNK),1,2203138,2022,,30,18,50000 and OVER,9,4295,Oak Park,C,Urban Local Road or Street,,16,2,11770872,6,Cook,0,22,,,4,N,No,Slow,202201185444,City,1,0.41,N,,,,(UNK),974694,(N/A),(UNK),No Defects,1,1,Local Road or Street,7,2693,X002658535,Not Toll,73,1,1,Not Divided,1,2941854.27313688,1902511.73307029,41.86575242,-87.79768029,,Urban,1,N,(N/A),Y,(N/A)
2022,2022-06-02,Thursday,17,05:06 PM,Property Damage,No Injuries,0,0,0,0,0,3,Turning,10,N,N,Disregarding Stop Sign,Failing to Reduce Speed to Avoid Crash,Daylight,Clear,Dry,Y,,,,,Stop Sign,Functioning Properly,N,2,41.9071368,-87.7995426,ok,(UNK),1,2203144,2022,,23,28,50000 and OVER,9,4295,Oak Park,C,Urban Local Road or Street,,16,2,11770876,6,Cook,0,22,,,4,N,No,Slow,202201185450,City,1,0,N,,,,(UNK),974698,(N/A),(UNK),No Defects,1,1,Local Road or Street,7,,X002658539,Not Toll,73,2,4,Four Way,14,2940932.39415894,1917576.16230202,41.90712898,-87.79953684,,Urban,1,N,(N/A),Y,(N/A)
2022,2022-06-03,Friday,12,12:00 PM,Property Damage,No Injuries,0,0,0,0,0,2,Sideswipe Same Direction,12,N,N,Failing to Reduce Speed to Avoid Crash,Unable to Determine,Daylight,Clear,Dry,Y,,,,,Stop Sign,Functioning Properly,Y,2,41.8833263,-87.7999845,ok,(UNK),1,2203175,2022,,28,18,50000 and OVER,9,4295,Oak Park,C,Urban Local Road or Street,,16,3,11770922,6,Cook,0,22,,,5,N,No,Slow,202201185504,City,1,0,N,,,,(UNK),974845,(N/A),(UNK),No Defects,1,1,Local Road or Street,7,,X002658582,Not Toll,73,2,4,Not Divided,1,2941051.58946876,1908895.83650384,41.88331846,-87.79997869,,Urban,1,N,(N/A),Y,(N/A)
2022,2022-06-04,Saturday,13,01:24 PM,Property Damage,No Injuries,0,0,0,0,0,2,Turning,10,N,N,Failing to Yield Right of Way,Failing to Reduce Speed to Avoid Crash,Daylight,Clear,Dry,Y,,,,,No Controls,No Controls,Y,2,41.8650659,-87.8015618,ok,(UNK),1,2203183,2022,,2,28,50000 and OVER,9,4295,Oak Park,C,Urban Other Principal Arte,,16,4,11770975,6,Cook,0,22,,,6,N,No,Free Flow,202201185559,City,1,0,Y,,,,(UNK),974883,(N/A),(UNK),No Defects,1,1,Other Principal Arterial,3,,X002658628,Not Toll,73,1,1,Not Divided,1,2940805.50121963,1902229.56499636,41.86505804,-87.80155602,,Urban,1,N,(N/A),Y,(N/A)
2022,2022-06-05,Sunday,1,01:22 AM,Property Damage,No Injuries,0,0,0,0,0,3,Turning,10,N,N,Failing to Reduce Speed to Avoid Crash,Distraction â€“ Other Electronic Device (Navigation Device / DVD Player / etc.),Darkness / Lighted Road,Cloudy/Overcast,Dry,Y,,,,,Traffic Signal,Functioning Properly,N,2,41.8945678,-87.7848658,ok,(UNK),1,2203195,2022,,28,43,50000 and OVER,9,4295,Oak Park,C,Urban Minor Arterial,,16,5,11770998,6,Cook,0,22,,,7,N,No,Free Flow,202201185580,City,5,0,N,,,,(UNK),975010,(N/A),(UNK),No Defects,1,1,Minor Arterial,4,,X002658650,Not Toll,73,3,4,"Divided, No Median Barrier",2,2945055.0186435,1913106.43468893,41.89456,-87.78486,,Urban,8,N,(N/A),Y,(N/A)
2022,2022-11-08,Tuesday,17,05:00 PM,Property Damage,No Injuries,0,0,0,0,0,3,Front to Rear,11,N,N,Failing to Reduce Speed to Avoid Crash,Following Too Closely,Dusk,Clear,Dry,N,,,,,No Controls,No Controls,N,2,41.8709669,-87.7750166,ok,Partial Access Control,3,03-22-16415,2022,,28,3,50000 and OVER,9,4295,Oak Park,C,Urban InterState,,16,8,11981198,11,Cook,0,22,,,2,N,No,(UNK),202201383681,ISP,3,9.17000008,Y,,,,(UNK),976110,(N/A),(UNK),No Defects,1,1,InterState,1,290,X002842456,Not Toll,,1,1,Divided With Median Barrier,3,2947976.55099356,1904580.43408966,41.87095904,-87.77501082,,Urban,1,N,(N/A),Y,(N/A)
2022,2022-06-05,Sunday,20,08:08 PM,Injury,B Injury Crash,1,0,0,1,0,1,Angle,15,N,N,Failing to Yield Right of Way,(N/A),Daylight,Clear,Dry,Y,,,,,Stop Sign,Functioning Properly,N,2,41.8744288,-87.7854981,ok,(UNK),1,2203206,2022,,2,99,50000 and OVER,9,4295,Oak Park,C,Urban Local Road or Street,,16,5,11771756,6,Cook,2,22,,,7,N,No,(UNK),202201186308,City,1,0,N,,,,(UNK),976199,(N/A),(UNK),No Defects,1,1,Local Road or Street,7,,X002659345,Not Toll,73,2,4,Not Divided,1,2945086.60292092,1905762.60455177,41.87442095,-87.78549232,,Urban,1,N,(N/A),Y,(N/A)
2022,2022-03-09,Wednesday,12,12:56 PM,Injury,B Injury Crash,1,0,0,1,0,4,Front to Rear,11,N,N,Failing to Reduce Speed to Avoid Crash,(N/A),Daylight,Clear,Dry,N,,,,,Other Regualtory Sig,Functioning Properly,N,3,41.8736811,-87.8034582,ok,Partial Access Control,3,03-22-03281,2022,,28,99,50000 and OVER,9,4295,Oak Park,C,Urban InterState,,16,9,11670467,3,Cook,2,22,,,3,N,No,(UNK),202201090593,ISP,1,21.62999916,Y,,,,(UNK),977182,(N/A),(UNK),No Defects,1,1,InterState,1,9290,X002570824,Not Toll,73,10,4,Ramp,11,2940202.43299984,1905354.88256121,41.8736733,-87.80345244,,Urban,1,N,(N/A),Y,(N/A)
2022,2022-03-10,Thursday,8,08:29 AM,Property Damage,No Injuries,0,0,0,0,0,2,Sideswipe Same Direction,12,N,N,Improper Lane Usage,(N/A),Daylight,Clear,Dry,N,,,,,No Controls,Functioning Properly,N,2,41.8729413,-87.7987819,ok,Partial Access Control,3,03-22-03316,2022,,20,99,50000 and OVER,9,4295,Oak Park,C,Urban InterState,,16,10,11670469,3,Cook,0,22,,,4,N,No,(UNK),202201090595,ISP,1,21.85000038,Y,,,,(UNK),977183,(N/A),(UNK),No Defects,1,1,InterState,1,9290,X002570826,Not Toll,,1,4,Divided With Median Barrier,3,2941483.55475113,1905120.39072971,41.87293346,-87.79877609,,Urban,1,N,(N/A),Y,(N/A)
2022,2022-07-12,Tuesday,20,08:46 PM,Property Damage,No Injuries,0,0,0,0,0,3,Sideswipe Same Direction,12,N,N,Improper Overtaking/Passing,Operating Vehicle In Reckless Manner,Dusk,Clear,Dry,N,,,,,Other,Functioning Properly,Y,3,41.8722857,-87.791543,ok,Partial Access Control,3,03-22-09826,2022,,4,50,50000 and OVER,9,4295,Oak Park,C,Urban InterState,,16,12,11813228,7,Cook,0,22,,,2,N,No,(UNK),202201225981,ISP,3,8.31999969,Y,,,,(UNK),977648,(N/A),(UNK),No Defects,1,1,InterState,1,290,X002695271,Not Toll,,13,4,Divided With Median Barrier,3,2943461.82138371,1904935.98787164,41.87227787,-87.7915372,,Urban,1,N,(N/A),Y,(N/A)
2022,2022-06-05,Sunday,16,04:59 PM,Property Damage,No Injuries,0,0,0,0,0,2,Sideswipe Same Direction,12,N,N,Improper Overtaking/Passing,Failing to Reduce Speed to Avoid Crash,Daylight,Clear,Dry,Y,,,,,No Controls,No Controls,Y,2,41.8918356,-87.8051509,ok,(UNK),1,2203203,2022,,4,28,50000 and OVER,9,4295,Oak Park,C,Urban Other Principal Arte,,16,5,11773270,6,Cook,0,22,,,7,N,No,Free Flow,202201187846,City,1,26.87000084,Y,,,,(UNK),978334,(N/A),(UNK),No Defects,1,1,Other Principal Arterial,3,5043,X002660776,Not Toll,73,1,1,Not Divided,1,2939559.25103764,1911958.01638156,41.8918278,-87.80514514,,Urban,1,N,(N/A),Y,(N/A)
2022,2022-06-02,Thursday,3,03:20 AM,Injury,B Injury Crash,2,0,0,2,0,2,Front to Rear,11,N,N,Failing to Reduce Speed to Avoid Crash,Driving Skills/Knowledge/Experience,Darkness / Lighted Road,Rain,Wet,N,,,,,Other,Functioning Properly,N,3,41.8718356,-87.7860593,ok,Partial Access Control,3,03-22-07605,2022,,28,15,50000 and OVER,9,4295,Oak Park,C,Urban InterState,,16,2,11773328,6,Cook,2,22,,,4,N,No,(UNK),202201187897,ISP,5,8.60999966,Y,,,,(UNK),978356,(N/A),(UNK),No Defects,1,2,InterState,1,290,X002660826,Not Toll,,13,4,Divided With Median Barrier,3,2944959.9659422,1904813.3640699,41.87182778,-87.78605355,,Urban,2,N,(N/A),Y,(N/A)
2022,2022-06-06,Monday,20,08:05 PM,Property Damage,No Injuries,0,0,0,0,0,2,Angle,15,N,N,Failing to Yield Right of Way,Improper Lane Usage,Darkness / Lighted Road,Rain,Wet,N,,,,,Traffic Signal,Functioning Properly,N,2,41.8829617,-87.804845,ok,(UNK),1,2203228,2022,,2,20,50000 and OVER,9,4295,Oak Park,C,Urban Other Principal Arte,,16,6,11773517,6,Cook,0,22,,,1,N,No,Slow,202201188076,City,5,19.45000076,Y,,,,(UNK),978559,(N/A),(UNK),No Defects,1,2,Other Principal Arterial,3,348,X002661006,Not Toll,73,3,4,Two-way Continuous Left-Tur,4,2939731.60081267,1908726.47789767,41.88295385,-87.80483923,,Urban,2,N,(N/A),Y,(N/A)
2022,2022-07-15,Friday,19,07:28 PM,Property Damage,No Injuries,0,0,0,0,0,2,Front to Rear,11,N,N,Following Too Closely,Weather,Daylight,Rain,Wet,N,,,,,No Controls,No Controls,N,2,41.8713415,-87.7761705,ok,Partial Access Control,3,03-22-09983,2022,,3,11,50000 and OVER,9,4295,Oak Park,C,Urban InterState,,16,15,11813471,7,Cook,0,22,,,5,N,No,(UNK),202201226212,ISP,1,23,Y,,,,(UNK),978583,(N/A),(UNK),No Defects,1,2,InterState,1,9290,X002695493,Not Toll,73,1,1,Divided With Median Barrier,3,2947658.4511012,1904708.18812263,41.87133364,-87.77616471,,Urban,2,N,(N/A),Y,(N/A)
2022,2022-01-30,Sunday,2,02:21 AM,Property Damage,No Injuries,0,0,0,0,0,2,Front to Rear,11,N,N,Under Influence of Alcohol/Drugs,Failing to Reduce Speed to Avoid Crash,Darkness / Lighted Road,Clear,Dry,N,,,,,No Controls,No Controls,N,2,41.9084654,-87.7768815,ok,(UNK),1,2200511,2022,,8,28,50000 and OVER,9,4295,Oak Park,C,Urban Local Road or Street,,16,30,11614728,1,Cook,0,22,,,7,N,No,Slow,202201038985,City,5,0.05,N,,,,(UNK),979258,(N/A),(UNK),No Defects,1,1,Local Road or Street,7,2603,X002523135,Not Toll,73,1,1,Not Divided,1,2947087.80148304,1918231.45821139,41.90845754,-87.77687572,,Urban,1,N,(N/A),Y,(N/A)
2022,2022-01-30,Sunday,3,03:37 AM,Property Damage,No Injuries,0,0,0,0,0,3,Front to Rear,11,N,N,Failing to Reduce Speed to Avoid Crash,(N/A),Darkness / Lighted Road,Cloudy/Overcast,Snow or Slush,N,,,,,No Controls,No Controls,N,2,41.8726447,-87.7832681,ok,(UNK),1,2200512,2022,,28,99,50000 and OVER,9,4295,Oak Park,C,Urban Local Road or Street,,16,30,11614725,1,Cook,0,22,,,7,N,No,Free Flow,202201038982,City,5,0.05,N,,,,(UNK),979259,(N/A),(UNK),No Defects,1,3,Local Road or Street,7,4060,X002523132,Not Toll,73,1,1,"Divided, No Median Barrier",2,2945712.03808943,1905129.30850743,41.87263684,-87.78326231,,Urban,8,N,(N/A),Y,(N/A)
2022,2022-01-29,Saturday,2,02:46 AM,Property Damage,No Injuries,0,0,0,0,0,5,Front to Rear,11,N,N,Failing to Reduce Speed to Avoid Crash,(N/A),Darkness / Lighted Road,Cloudy/Overcast,Snow or Slush,N,,,,,No Controls,No Controls,N,2,41.8825127,-87.8039354,ok,(UNK),1,2200495,2022,,28,99,50000 and OVER,9,4295,Oak Park,C,Urban Local Road or Street,,16,29,11614724,1,Cook,0,22,,,6,N,No,Free Flow,202201038981,City,5,0.28999999,N,,,,(UNK),979260,(N/A),(UNK),No Defects,1,3,Local Road or Street,7,2718,X002523131,Not Toll,73,1,1,Not Divided,1,2939983.82516568,1908569.67714667,41.88250485,-87.8039296,,Urban,8,N,(N/A),Y,(N/A)
2022,2022-01-28,Friday,18,06:53 PM,Injury,B Injury Crash,2,0,0,1,1,0,Pedestrian,1,Y,N,Failing to Yield Right of Way,Failing to Reduce Speed to Avoid Crash,Darkness,Clear,Wet,N,,,,,Pedestrian Crossing,Functioning Properly,Y,1,,,missing,(UNK),1,2200492,2022,,2,28,50000 and OVER,9,4295,Oak Park,C,(UNK),8,16,28,11614730,1,Cook,2,22,,,5,N,No,Free Flow,202201038987,City,4,0,N,,,,(UNK),979261,(N/A),(UNK),No Defects,1,2,(UNK),0,0,X002523138,No Toll,,17,4,Not Divided,1,0,0,,,,(UNK),1,N,(N/A),Y,(N/A)
2022,2022-01-28,Friday,12,12:30 PM,Property Damage,No Injuries,0,0,0,0,0,5,Angle,15,N,N,Failing to Reduce Speed to Avoid Crash,Unable to Determine,Daylight,Clear,Snow or Slush,Y,,,,,Traffic Signal,Functioning Properly,N,2,41.8798074,-87.7942784,ok,(UNK),1,2200489,2022,,28,18,50000 and OVER,9,4295,Oak Park,C,Urban Minor Arterial,,16,28,11614726,1,Cook,0,22,,,5,N,No,Free Flow,202201038983,City,1,6.15999985,N,,,,(UNK),979262,(N/A),(UNK),No Defects,1,3,Minor Arterial,4,2775,X002523133,Not Toll,73,3,4,"Divided, No Median Barrier",2,2942640.97212894,1907656.40517493,41.87979954,-87.79427259,,Urban,1,N,(N/A),Y,(N/A)
2022,2022-06-04,Saturday,6,06:27 AM,Property Damage,No Injuries,0,0,0,0,0,2,Front to Rear,11,N,N,Following Too Closely,Failing to Reduce Speed to Avoid Crash,Daylight,Clear,Dry,N,,,,,Other Warning Sign,Functioning Properly,Y,2,41.8734818,-87.8042519,ok,Partial Access Control,3,03-22-07707,2022,,3,28,50000 and OVER,9,4295,Oak Park,C,Urban InterState,,16,4,11774393,6,Cook,0,22,,,6,N,No,(UNK),202201188905,ISP,1,7.71000004,Y,,,,(UNK),979289,(N/A),(UNK),No Defects,1,1,InterState,1,290,X002661832,Not Toll,73,11,4,Divided With Median Barrier,3,2939988.27490445,1905276.30257719,41.87347401,-87.80424607,,Urban,1,N,(N/A),Y,(N/A)
2022,2022-01-28,Friday,19,07:43 PM,Property Damage,No Injuries,0,0,0,0,0,1,Other Object,7,N,N,Improper Backing,(N/A),Darkness / Lighted Road,Snow,Snow or Slush,N,,,,,No Controls,No Controls,Y,1,,,missing,(UNK),1,2200493,2022,,30,99,50000 and OVER,9,4295,Oak Park,C,(UNK),8,16,28,11614734,1,Cook,0,22,FENCE,,5,N,No,Free Flow,202201039005,City,5,0,N,,,,(UNK),979304,(N/A),(UNK),No Defects,1,3,(UNK),0,0,X002523146,No Toll,,1,1,Alley,12,0,0,,,,(UNK),3,N,(N/A),Y,(N/A)
2022,2022-01-29,Saturday,0,00:14 AM,Property Damage,No Injuries,0,0,0,0,0,0,Fixed Object,6,N,N,Unable to Determine,Unable to Determine,Darkness / Lighted Road,Freezing Rain,Wet,N,,,,,No Controls,No Controls,Y,1,41.8693583,-87.7841086,ok,(UNK),1,2200494,2022,,18,18,50000 and OVER,9,4295,Oak Park,C,Urban Major Collector,,16,29,11614735,1,Cook,0,22,DUMPSTER,,6,N,No,Free Flow,202201038991,City,5,2.25,N,,,,(UNK),979305,(N/A),(UNK),No Defects,1,2,Major Collector,5,2783,X002523147,Not Toll,73,1,1,Not Divided,1,2945516.37176777,1903925.32819673,41.86935045,-87.7841028,,Urban,10,N,(N/A),Y,(N/A)
2022,2022-01-30,Sunday,11,11:38 AM,Injury,C Injury Crash,1,0,0,0,1,1,Front to Rear,11,N,N,Failing to Reduce Speed to Avoid Crash,Unable to Determine,Daylight,Clear,Wet,N,,,,,No Controls,No Controls,N,2,41.8797405,-87.7746603,ok,(UNK),1,2200516,2022,,28,18,50000 and OVER,9,4295,Oak Park,C,Urban Minor Arterial,,16,30,11614732,1,Cook,1,22,LIGHT POLE,,7,N,Yes,Slow,202201038989,City,1,7.67999983,N,,,,(UNK),979308,(N/A),(UNK),No Defects,1,2,Minor Arterial,4,2790,X002523143,Not Toll,,1,1,Not Divided,1,2947984.44588665,1907780.39387545,41.87973261,-87.77465452,,Urban,1,N,(N/A),Y,(N/A)
2022,2022-01-28,Friday,8,08:44 AM,Property Damage,No Injuries,0,0,0,0,0,2,Front to Rear,11,N,N,Failing to Reduce Speed to Avoid Crash,Unable to Determine,Daylight,Snow,Snow or Slush,N,,,,,No Controls,No Controls,N,2,41.8950685,-87.8052704,ok,(UNK),1,2200093,2022,,28,18,50000 and OVER,9,4295,Oak Park,C,Urban Other Principal Arte,,16,28,11614740,1,Cook,0,22,,,5,N,No,Slow,202201038995,City,1,18.61000061,Y,,,,(UNK),979325,(N/A),(UNK),No Defects,1,3,Other Principal Arterial,3,348,X002523151,Not Toll,73,1,1,"Divided, No Median Barrier",2,2939494.2921464,1913135.24107284,41.89506068,-87.80526457,,Urban,3,N,(N/A),Y,(N/A)
2022,2022-03-15,Tuesday,13,01:05 PM,Property Damage,No Injuries,0,0,0,0,0,2,Front to Rear,11,N,N,Failing to Reduce Speed to Avoid Crash,Following Too Closely,Daylight,Clear,Dry,Y,,,,,Traffic Signal,Functioning Properly,N,2,41.8980588,-87.7947958,ok,(UNK),1,2201382,2022,,28,3,50000 and OVER,9,4295,Oak Park,C,Urban Major Collector,,16,15,11672191,3,Cook,0,22,,,2,N,No,Stopped,202201092204,City,1,0,N,,,,(UNK),979523,(N/A),(UNK),No Defects,1,1,Major Collector,5,,X002569309,Not Toll,73,3,4,Four Way,14,2942316.11445921,1914303.65408685,41.89805092,-87.79479,,Urban,1,N,(N/A),Y,(N/A)