crash_year,crash_date,day_of_week,crash_hour,time_of_crash,crash_severity,crash_injury_severity,total_injured,total_fatals,a_injuries,b_injuries,c_injuries,no_injuries,type_of_first_crash,collision_type_code,pedestrian_involved,pedalcyclist_involved,cause1,cause2,lighting_cond,weather_cond,road_surface_cond,intersection_related,is_intersection,highway_or_street_name,at_intersection_with,address_no,traffic_control_device,traffic_control_device_cond,hit_and_run,number_of_vehicles,latitude,longitude,location_status,access_control,agency_code,agency_report_number,agency_report_year,alignment_code,cause1_code,cause2_code,city_class,city_class_code,city_code,city_name,city_township_flag,class_of_trafficway,class_of_trafficway_code,county_code,crash_day,crash_id,crash_month,crash_report_county,crash_severity_cd,crash_yr_source,damaged_property1,damaged_property2,day_of_week_code,did_crash_occur_in_work_zone,did_involve_secondary_crash,flow_condition,icn,investigating_agency_descrip,light_condition_code,mile_station,nhs,non_intersection_direction,non_intersection_distance,non_intersection_units,number_of_lanes,objectid,railroad_crossing_number,road_alignment,road_defects,road_defects_code,road_surface_condition_code,roadway_functional_class,roadway_functional_class_code,route_number,sfe,toll,township,traffic_control_device_code,traffic_control_device_cond_code,trafficway_descrip,trafficway_description_code,ts_crash_coordinate_x,ts_crash_coordinate_y,ts_crash_latitude,ts_crash_longitude,type_report,urban_rural,weather_code,were_workers_present,work_zone,work_zone_related,work_zone_type
2022,2022-03-16,Wednesday,8,08:33 AM,Property Damage,No Injuries,0,0,0,0,0,2,Angle,15,N,N,Disregarding Stop Sign,Failing to Yield Right of Way,Daylight,Clear,Dry,Y,,,,,Stop Sign,Functioning Properly,N,2,41.899921,-87.783802,ok,(UNK),1,2201396,2022,,23,2,50000 and OVER,9,4295,Oak Park,C,Urban Local Road or Street,,16,16,11672203,3,Cook,0,22,,,3,N,No,Free Flow,202201092213,City,1,0,N,,,,(UNK),979525,(N/A),(UNK),No Defects,1,1,Local Road or Street,7,,X002570331,Not Toll,73,2,4,Not Divided,1,2945290.45050513,1915065.28534904,41.89991318,-87.78379622,,Urban,1,N,(N/A),Y,(N/A)
2022,2022-03-16,Wednesday,12,12:40 PM,Property Damage,No Injuries,0,0,0,0,0,1,Parked Motor Vehicle,9,N,N,Improper Overtaking/Passing,Failing to Reduce Speed to Avoid Crash,Daylight,Clear,Dry,N,,,,,Stop Sign,Functioning Properly,N,2,41.903348,-87.80252,ok,(UNK),1,2201403,2022,,4,28,50000 and OVER,9,4295,Oak Park,C,Urban Local Road or Street,,16,16,11672204,3,Cook,0,22,,,3,N,No,Free Flow,202201092214,City,1,0.13,N,,,,(UNK),979526,(N/A),(UNK),No Defects,1,1,Local Road or Street,7,2701,X002570332,Not Toll,73,2,4,Not Divided,1,2940159.94968302,1916173.05755659,41.90334011,-87.80251424,,Urban,1,N,(N/A),Y,(N/A)
2022,2022-03-16,Wednesday,15,03:30 PM,Property Damage,No Injuries,0,0,0,0,0,1,Parked Motor Vehicle,9,N,N,Driving Skills/Knowledge/Experience,Unable to Determine,Daylight,Clear,Dry,N,,,,,No Controls,No Controls,Y,2,41.8904503,-87.7880192,ok,(UNK),1,2201409,2022,,15,18,50000 and OVER,9,4295,Oak Park,C,Urban Local Road or Street,,16,16,11672207,3,Cook,0,22,,,3,N,No,Slow,202201092217,City,1,0.28,N,,,,(UNK),979562,(N/A),(UNK),No Defects,1,1,Local Road or Street,7,2650,X002570338,Not Toll,73,1,1,Parking Lot,7,2944238.05019162,1911582.08332872,41.89044243,-87.78801336,,Urban,1,N,(N/A),Y,(N/A)
2022,2022-03-16,Wednesday,18,06:52 PM,Property Damage,No Injuries,0,0,0,0,0,2,Angle,15,N,N,Failing to Reduce Speed to Avoid Crash,Unable to Determine,Dusk,Clear,Dry,N,,,,,Traffic Signal,Functioning Properly,Y,2,41.9085103,-87.8057676,ok,(UNK),1,2201414,2022,,28,18,50000 and OVER,9,4295,Oak Park,C,Urban Other Principal Arte,,16,16,11672208,3,Cook,0,22,,,3,N,No,Slow,202201092218,City,3,17.68000031,Y,,,,(UNK),979563,(N/A),(UNK),No Defects,1,1,Other Principal Arterial,3,348,X002570339,Not Toll,73,3,4,"Divided, No Median Barrier",2,2939224.03591288,1918029.94554314,41.90850243,-87.80576178,,Urban,1,N,(N/A),Y,(N/A)
2022,2022-03-12,Saturday,19,07:25 PM,Property Damage,No Injuries,0,0,0,0,0,2,Front to Rear,11,N,N,Failing to Reduce Speed to Avoid Crash,Unable to Determine,Darkness,Clear,Dry,Y,,,,,Traffic Signal,Functioning Properly,N,2,41.879719,-87.7942755,ok,(UNK),1,2201334,2022,,28,18,50000 and OVER,9,4295,Oak Park,C,Urban Minor Arterial,,16,12,11672209,3,Cook,0,22,,,6,N,No,Stopped,202201092219,City,4,0,N,,,,(UNK),979565,(N/A),(UNK),No Defects,1,1,Minor Arterial,4,,X002570340,Not Toll,73,3,4,Not Divided,1,2942642.63895384,1907624.2199316,41.87971116,-87.79426974,,Urban,1,N,(N/A),Y,(N/A)
2022,2022-10-04,Tuesday,18,06:20 PM,Property Damage,No Injuries,0,0,0,0,0,2,Sideswipe Same Direction,12,N,N,Improper Lane Usage,Failing to Reduce Speed to Avoid Crash,Daylight,Clear,Dry,N,,,,,Other,Functioning Properly,N,2,41.8726052,-87.7936332,ok,Partial Access Control,3,03-22-14345,2022,,20,28,50000 and OVER,9,4295,Oak Park,C,Urban InterState,,16,4,11914075,10,Cook,0,22,,,2,N,No,(UNK),202201321231,ISP,1,22.09000015,Y,,,,(UNK),980236,(N/A),(UNK),No Defects,1,1,InterState,1,9290,X002784044,Not Toll,73,13,4,Divided With Median Barrier,3,2942889.2996972,1905036.66366171,41.87259737,-87.79362736,,Urban,1,N,(N/A),Y,(N/A)
2022,2022-06-07,Tuesday,8,08:29 AM,Property Damage,No Injuries,0,0,0,0,0,1,Parked Motor Vehicle,9,N,N,Improper Lane Usage,Unable to Determine,Unknown,Unknown,Dry,N,,,,,No Controls,No Controls,Y,2,41.8815862,-87.7999263,ok,(UNK),1,2203234,2022,,20,18,50000 and OVER,9,4295,Oak Park,C,Urban Local Road or Street,,16,7,11776031,6,Cook,0,22,,,2,N,No,Free Flow,202201190520,City,9,0.38999999,N,,,,(UNK),980562,(N/A),(UNK),No Defects,1,1,Local Road or Street,7,2700,X002663343,Not Toll,73,1,1,Not Divided,1,2941084.94178659,1908262.14496192,41.88157835,-87.79992047,,Urban,9,N,(N/A),Y,(N/A)
2022,2022-06-08,Wednesday,17,05:19 PM,Injury,B Injury Crash,1,0,0,1,0,1,Angle,15,N,N,Failing to Yield Right of Way,Improper Turning/No Signal,Daylight,Cloudy/Overcast,Dry,N,,,,,No Controls,No Controls,N,2,41.8798547,-87.7861469,ok,(UNK),1,2203284,2022,,2,6,50000 and OVER,9,4295,Oak Park,C,Urban Minor Arterial,,16,8,11776407,6,Cook,2,22,,,3,N,No,Free Flow,202201190848,City,1,4.03000021,N,,,,(UNK),980766,(N/A),(UNK),No Defects,1,1,Minor Arterial,4,1419,X002663674,Not Toll,73,1,1,"Divided, No Median Barrier",2,2944855.01386705,1907734.99654479,41.87984685,-87.78614115,,Urban,8,N,(N/A),Y,(N/A)
2022,2022-07-09,Saturday,11,11:13 AM,Property Damage,No Injuries,0,0,0,0,0,3,Front to Rear,11,N,N,Following Too Closely,Failing to Reduce Speed to Avoid Crash,Daylight,Clear,Dry,Y,,,,,No Controls,No Controls,N,3,41.8943079,-87.8003647,ok,(UNK),1,2204013,2022,,3,28,50000 and OVER,9,4295,Oak Park,C,Urban Minor Arterial,,16,9,11814112,7,Cook,0,22,,,6,N,Yes,Stopped,202201226447,City,1,0,N,,,,(UNK),980875,(N/A),(UNK),No Defects,1,1,Minor Arterial,4,,X002695721,Not Toll,73,1,1,Not Divided,1,2940837.63075244,1912894.86590443,41.89430003,-87.8003589,,Urban,1,N,(N/A),Y,(N/A)
2022,2022-07-12,Tuesday,14,02:02 PM,Property Damage,No Injuries,0,0,0,0,0,1,Parked Motor Vehicle,9,N,N,Failing to Reduce Speed to Avoid Crash,(N/A),Daylight,Clear,Dry,N,,,,,No Controls,No Controls,N,2,41.8882674,-87.7945044,ok,(UNK),1,2204073,2022,,28,99,50000 and OVER,9,4295,Oak Park,C,Urban Major Collector,,16,12,11814119,7,Cook,0,22,,,2,N,No,Free Flow,202201226454,City,1,5.55999994,N,,,,(UNK),980878,(N/A),(UNK),No Defects,1,1,Major Collector,5,2775,X002695728,Not Toll,73,1,1,Not Divided,1,2942494.14261144,1910737.68567694,41.88825955,-87.79449864,,Urban,1,N,(N/A),Y,(N/A)
2022,2022-10-05,Wednesday,5,05:56 AM,Property Damage,No Injuries,0,0,0,0,0,2,Front to Rear,11,N,N,Failing to Reduce Speed to Avoid Crash,Driving Skills/Knowledge/Experience,Dawn,Clear,Dry,N,,,,,No Controls,Functioning Properly,N,2,41.9062463,-87.8041446,ok,(UNK),1,2201162,2022,,28,15,50000 and OVER,9,4295,Oak Park,C,Urban Local Road or Street,,16,5,11915787,10,Cook,0,22,,,3,N,No,Free Flow,202201322873,City,2,0.13,N,,,,(UNK),981750,(N/A),(UNK),No Defects,1,1,Local Road or Street,7,2056,X002785702,Not Toll,73,1,4,"Divided, No Median Barrier",2,2939688.57653017,1917217.08309716,41.90623846,-87.80413879,,Urban,1,N,(N/A),Y,(N/A)
2022,2022-05-16,Monday,11,11:19 AM,Property Damage,No Injuries,0,0,0,0,0,3,Front to Rear,11,N,N,Following Too Closely,Failing to Reduce Speed to Avoid Crash,Daylight,Clear,Dry,Y,,,,,Traffic Signal,Functioning Properly,N,3,41.8907923,-87.8051175,ok,(UNK),1,2200510,2022,,3,28,50000 and OVER,9,4295,Oak Park,C,Urban Other Principal Arte,,16,16,11780203,5,Cook,0,22,,,1,N,No,Stopped,202201194465,City,1,26.79999924,Y,,,,(UNK),981846,(N/A),(UNK),No Defects,1,1,Other Principal Arterial,3,5043,X002667292,Not Toll,73,3,4,"Divided, No Median Barrier",2,2939578.83633385,1911578.04122256,41.89078442,-87.80511167,,Urban,1,N,(N/A),Y,(N/A)
2022,2022-07-18,Monday,11,11:39 AM,Property Damage,No Injuries,0,0,0,0,0,2,Sideswipe Same Direction,12,N,N,Improper Lane Usage,Failing to Yield Right of Way,Daylight,Clear,Dry,Y,,,,,Traffic Signal,Functioning Properly,N,2,41.8650293,-87.8042158,ok,(UNK),1,22-02156,2022,,20,2,50000 and OVER,9,4295,Oak Park,C,Urban Other Principal Arte,,16,18,11814462,7,Cook,0,22,,,1,N,No,Free Flow,202201226766,City,1,25.01000023,Y,,,,(UNK),981984,(N/A),(UNK),No Defects,1,1,Other Principal Arterial,3,5043,X002696028,Not Toll,52,3,4,"Divided, No Median Barrier",2,2940082.90363372,1902196.32693334,41.86502149,-87.80421005,,Urban,1,N,(N/A),Y,(N/A)
2022,2022-07-03,Sunday,13,01:49 PM,Property Damage,No Injuries,0,0,0,0,0,3,Front to Rear,11,N,N,Failing to Reduce Speed to Avoid Crash,(N/A),Daylight,Clear,Dry,N,,,,,No Controls,No Controls,N,2,41.8883373,-87.784954,ok,(UNK),1,2203869,2022,,28,99,50000 and OVER,9,4295,Oak Park,C,Urban Major Collector,,16,3,11814509,7,Cook,0,22,,,7,N,No,Stopped,202201226810,City,1,0.83999997,N,,,,(UNK),982167,(N/A),(UNK),No Defects,1,1,Major Collector,5,1405,X002696061,Not Toll,73,1,1,Not Divided,1,2945094.06967891,1910835.2199363,41.88832941,-87.78494818,,Urban,1,N,(N/A),Y,(N/A)
2022,2022-07-03,Sunday,15,03:27 PM,Property Damage,No Injuries,0,0,0,0,0,2,Front to Rear,11,N,N,Failing to Reduce Speed to Avoid Crash,Following Too Closely,Daylight,Clear,Dry,Y,,,,,Traffic Signal,Functioning Properly,N,2,41.8761173,-87.7941073,ok,(UNK),1,2203872,2022,,28,3,50000 and OVER,9,4295,Oak Park,C,Urban Major Collector,,16,3,11814511,7,Cook,0,22,,,7,N,No,Slow,202201226812,City,1,0,N,,,,(UNK),982182,(N/A),(UNK),No Defects,1,1,Major Collector,5,,X002696063,Not Toll,73,3,4,Four Way,14,2942724.75918846,1906312.96136441,41.87610946,-87.7941015,,Urban,1,N,(N/A),Y,(N/A)
2022,2022-07-03,Sunday,17,05:32 PM,Property Damage,No Injuries,0,0,0,0,0,1,Parked Motor Vehicle,9,N,N,Improper Overtaking/Passing,Unable to Determine,Darkness / Lighted Road,Clear,Dry,N,,,,,No Controls,No Controls,Y,2,41.8809458,-87.7943151,ok,(UNK),1,2203874,2022,,4,18,50000 and OVER,9,4295,Oak Park,C,Urban Major Collector,,16,3,11814516,7,Cook,0,22,,,7,N,No,Free Flow,202201226816,City,5,6.07000017,N,,,,(UNK),982184,(N/A),(UNK),No Defects,1,1,Major Collector,5,2775,X002696065,Not Toll,73,1,1,Not Divided,1,2942619.50160123,1908070.97948111,41.88093793,-87.7943093,,Urban,1,N,(N/A),Y,(N/A)
2022,2022-07-03,Sunday,5,05:30 AM,Property Damage,No Injuries,0,0,0,0,0,1,Parked Motor Vehicle,9,N,N,Failing to Reduce Speed to Avoid Crash,Unable to Determine,Daylight,Clear,Dry,N,,,,,No Controls,No Controls,Y,2,41.8839021,-87.8000038,ok,(UNK),1,2203888,2022,,28,18,50000 and OVER,9,4295,Oak Park,C,Urban Local Road or Street,,16,3,11814528,7,Cook,0,22,,,7,N,No,Free Flow,202201226825,City,1,0.23999999,N,,,,(UNK),982227,(N/A),(UNK),No Defects,1,1,Local Road or Street,7,2700,X002696068,Not Toll,73,1,1,Not Divided,1,2941040.55367951,1909105.51581523,41.88389424,-87.79999795,,Urban,1,N,(N/A),Y,(N/A)
2022,2022-07-04,Monday,4,04:57 AM,Property Damage,No Injuries,0,0,0,0,0,1,Parked Motor Vehicle,9,N,N,Operating Vehicle In Reckless Manner,Unable to Determine,Darkness / Lighted Road,Clear,Dry,N,,,,,No Controls,No Controls,Y,2,41.8970771,-87.8042439,ok,(UNK),1,2203895,2022,,50,18,50000 and OVER,9,4295,Oak Park,C,Urban Local Road or Street,,16,4,11814534,7,Cook,0,22,,,1,N,Yes,Free Flow,202201226830,City,5,0.05,N,,,,(UNK),982229,(N/A),(UNK),No Defects,1,1,Local Road or Street,7,3095,X002696074,Not Toll,73,1,1,Not Divided,1,2939753.62024534,1913874.91072534,41.89706927,-87.80423805,,Urban,1,N,(N/A),Y,(N/A)
2022,2022-01-22,Saturday,23,11:00 PM,Property Damage,No Injuries,0,0,0,0,0,2,Front to Rear,11,N,N,Following Too Closely,Failing to Reduce Speed to Avoid Crash,Darkness / Lighted Road,Snow,Snow or Slush,N,,,,,Other,Functioning Properly,Y,2,41.8722632,-87.7912581,ok,Partial Access Control,3,03-22-01117,2022,,3,28,50000 and OVER,9,4295,Oak Park,C,Urban InterState,,16,22,11615676,1,Cook,0,22,,,6,N,No,(UNK),202201039821,ISP,5,8.32999992,Y,,,,(UNK),982279,(N/A),(UNK),No Defects,1,3,InterState,1,290,X002524162,Not Toll,,13,4,Divided With Median Barrier,3,2943539.65405349,1904929.94534237,41.8722554,-87.79125227,,Urban,3,N,(N/A),Y,(N/A)
2022,2022-06-02,Thursday,9,09:30 AM,Property Damage,No Injuries,0,0,0,0,0,2,Front to Rear,11,N,N,Improper Overtaking/Passing,(N/A),Daylight,Clear,Dry,Y,,,,,Traffic Signal,Functioning Properly,Y,2,41.8871096,-87.8049779,ok,(UNK),1,2200576,2022,,4,99,50000 and OVER,9,4295,Oak Park,C,Urban Other Principal Arte,,16,2,11781013,6,Cook,0,22,,,4,N,No,Free Flow,202201194544,City,1,26.54000092,Y,,,,(UNK),982987,(N/A),(UNK),No Defects,1,1,Other Principal Arterial,3,5043,X002667371,Not Toll,73,3,4,Four Way,14,2939653.79668532,1910237.06005024,41.88710177,-87.8049721,,Urban,1,N,(N/A),Y,(N/A)
2022,2022-07-17,Sunday,8,08:57 AM,Property Damage,No Injuries,0,0,0,0,0,2,Sideswipe Same Direction,12,N,N,Improper Lane Usage,Failing to Reduce Speed to Avoid Crash,Daylight,Clear,Dry,N,,,,,Other,Functioning Properly,Y,2,41.8736412,-87.8040696,ok,Partial Access Control,3,03-22-10135,2022,,20,28,50000 and OVER,9,4295,Oak Park,C,Urban InterState,,16,17,11814762,7,Cook,0,22,,,7,N,No,(UNK),202201227044,ISP,1,0.22,Y,,,,(UNK),983156,(N/A),(UNK),No Defects,1,1,InterState,1,290,X002696289,Not Toll,,13,4,Ramp,11,2940036.30710505,1905335.73156557,41.87363333,-87.80406385,,Urban,1,N,(N/A),Y,(N/A)
2022,2022-03-14,Monday,8,08:10 AM,Property Damage,No Injuries,0,0,0,0,0,6,Front to Rear,11,N,N,Improper Lane Usage,Under Influence of Alcohol/Drugs,Daylight,Clear,Dry,N,,,,,Other,Functioning Properly,N,3,41.8726372,-87.793999,ok,Partial Access Control,3,03-22-03546,2022,,20,8,50000 and OVER,9,4295,Oak Park,C,Urban InterState,,16,14,11673345,3,Cook,0,22,,,1,N,No,(UNK),202201093333,ISP,1,22.06999969,Y,,,,(UNK),983743,(N/A),(UNK),No Defects,1,1,InterState,1,9290,X002573389,Not Toll,73,13,4,Divided With Median Barrier,3,2942789.34359463,1905045.57498173,41.87262939,-87.79399316,,Urban,1,N,(N/A),Y,(N/A)
2022,2022-06-09,Thursday,12,12:47 PM,Property Damage,No Injuries,0,0,0,0,0,2,Front to Rear,11,N,N,Failing to Reduce Speed to Avoid Crash,Improper Lane Usage,Daylight,Clear,Dry,Y,,,,,Traffic Signal,Functioning Properly,N,2,41.8885678,-87.8050258,ok,(UNK),1,2200612,2022,,28,20,50000 and OVER,9,4295,Oak Park,C,Urban Other Principal Arte,,16,9,11781376,6,Cook,0,22,,,4,N,No,Slow,202201194573,City,1,26.63999939,Y,,,,(UNK),983935,(N/A),(UNK),No Defects,1,1,Other Principal Arterial,3,5043,X002667397,Not Toll,73,3,4,Not Divided,1,2939626.11874017,1910768.10734459,41.88856,-87.80502,,Urban,1,N,(N/A),Y,(N/A)
2022,2022-09-30,Friday,15,03:30 PM,Property Damage,No Injuries,0,0,0,0,0,2,Front to Rear,11,N,N,Following Too Closely,Failing to Reduce Speed to Avoid Crash,Daylight,Clear,Dry,N,,,,,No Controls,No Controls,Y,2,41.8737575,-87.8042902,ok,Partial Access Control,3,03-22-14089,2022,,3,28,50000 and OVER,9,4295,Oak Park,C,Urban InterState,,16,30,11918040,9,Cook,0,22,,,5,N,No,(UNK),202201324645,ISP,1,21.59000015,Y,,,,(UNK),984606,(N/A),(UNK),No Defects,1,1,InterState,1,9290,X002787369,Not Toll,73,1,1,Divided With Median Barrier,3,2939975.07391309,1905376.47795738,41.87374969,-87.80428438,,Urban,1,N,(N/A),Y,(N/A)
2022,2022-01-01,Saturday,12,12:01 PM,Property Damage,No Injuries,0,0,0,0,0,2,Fixed Object,6,N,N,Failing to Reduce Speed to Avoid Crash,Improper Lane Usage,Darkness / Lighted Road,Freezing Rain,Wet,N,,,,,Other,Other,N,1,41.8733253,-87.8026453,ok,Partial Access Control,3,03-22-00005,2022,,28,20,50000 and OVER,9,4295,Oak Park,C,Urban InterState,,16,1,11578222,1,Cook,0,22,,,6,N,No,(UNK),202201010948,ISP,5,7.78999996,Y,,,,(UNK),984642,(N/A),(UNK),No Defects,1,2,InterState,1,290,X002492874,Not Toll,73,13,7,Divided With Median Barrier,3,2940427.41822525,1905231.31842341,41.87331749,-87.80263952,,Urban,10,N,(N/A),Y,(N/A)
2022,2022-03-16,Wednesday,18,06:08 PM,Property Damage,No Injuries,0,0,0,0,0,3,Angle,15,N,N,Failing to Yield Right of Way,Failing to Reduce Speed to Avoid Crash,Dusk,Clear,Dry,Y,,,,,Stop Sign,Functioning Properly,N,2,41.8917252,-87.7848059,ok,(UNK),1,2201413,2022,,2,28,50000 and OVER,9,4295,Oak Park,C,Urban Major Collector,,16,16,11674800,3,Cook,0,22,,,3,N,No,Stopped,202201094993,City,3,0,N,,,,(UNK),984935,(N/A),(UNK),No Defects,1,1,Major Collector,5,,X002574562,Not Toll,73,2,4,Not Divided,1,2945100.0938595,1912070.97570489,41.89171736,-87.78480013,,Urban,1,N,(N/A),Y,(N/A)
2022,2022-07-17,Sunday,5,05:04 AM,Property Damage,No Injuries,0,0,0,0,0,1,Parked Motor Vehicle,9,N,N,Unable to Determine,Unable to Determine,Dawn,Rain,Wet,N,,,,,No Controls,No Controls,Y,4,41.8740338,-87.7756621,ok,(UNK),1,2204179,2022,,18,18,50000 and OVER,9,4295,Oak Park,C,Urban Local Road or Street,,16,17,11815287,7,Cook,0,22,,,7,N,No,(UNK),202201227543,City,2,0.38,N,,,,(UNK),985287,(N/A),(UNK),No Defects,1,2,Local Road or Street,7,2603,X002696789,Not Toll,73,1,1,Not Divided,1,2947769.57881236,1905693.16415421,41.87402593,-87.77565633,,Urban,2,N,(N/A),Y,(N/A)
2022,2022-09-29,Thursday,15,03:32 PM,Injury,B Injury Crash,2,0,0,2,0,1,Pedalcyclist,2,N,Y,Failing to Yield Right of Way,Driving Skills/Knowledge/Experience,Daylight,Clear,Dry,Y,,,,,Stop Sign,Functioning Properly,N,1,41.8981815,-87.7882603,ok,(UNK),1,2206025,2022,,2,15,50000 and OVER,9,4295,Oak Park,C,Urban Local Road or Street,,16,29,11919005,9,Cook,2,22,,,4,N,No,Free Flow,202201325661,City,1,0,N,,,,(UNK),985424,(N/A),(UNK),No Defects,1,1,Local Road or Street,7,,X002788254,Not Toll,73,2,4,Not Divided,1,2944094.25864768,1914397.65762771,41.89817363,-87.78825446,,Urban,1,N,(N/A),Y,(N/A)
2022,2022-06-09,Thursday,23,11:10 PM,Property Damage,No Injuries,0,0,0,0,0,2,Rear to Front,18,N,N,Disregarding Other Traffic Signs,(N/A),Darkness / Lighted Road,Clear,Dry,Y,,,,,Traffic Signal,Functioning Properly,N,2,41.8710479,-87.7841758,ok,(UNK),1,2203311,2022,,24,99,50000 and OVER,9,4295,Oak Park,C,Urban Major Collector,,16,9,11783295,6,Cook,0,22,,,4,N,No,Free Flow,202201195857,City,5,0,N,,,,(UNK),985897,(N/A),(UNK),No Defects,1,1,Major Collector,5,,X002668603,Not Toll,73,3,4,Not Divided,1,2945480.96955086,1904540.53440436,41.87104003,-87.78417,,Urban,1,N,(N/A),Y,(N/A)
2022,2022-06-08,Wednesday,15,03:33 PM,Property Damage,No Injuries,0,0,0,0,0,3,Front to Rear,11,N,N,Failing to Reduce Speed to Avoid Crash,(N/A),Daylight,Clear,Wet,N,,,,,Traffic Signal,Functioning Properly,N,2,41.8799276,-87.7882293,ok,(UNK),1,2203278,2022,,28,99,50000 and OVER,9,4295,Oak Park,C,Urban Minor Arterial,,16,8,11783302,6,Cook,0,22,,,3,N,No,Free Flow,202201195863,City,1,0,N,,,,(UNK),985899,(N/A),(UNK),No Defects,1,2,Minor Arterial,4,,X002668610,Not Toll,73,3,4,Not Divided,1,2944287.18070784,1907745.84307623,41.87991978,-87.78822345,,Urban,1,N,(N/A),Y,(N/A)
2022,2022-06-09,Thursday,12,12:10 PM,Property Damage,No Injuries,0,0,0,0,0,4,Turning,10,N,N,Improper Turning/No Signal,Unable to Determine,Daylight,Clear,Dry,Y,,,,,Traffic Signal,Functioning Properly,N,2,41.8653371,-87.7839758,ok,(UNK),1,2203299,2022,,6,18,50000 and OVER,9,4295,Oak Park,C,Urban Other Principal Arte,,16,9,11783313,6,Cook,0,22,,,4,N,No,Free Flow,202201195873,City,1,0,Y,,,,(UNK),985900,(N/A),(UNK),No Defects,1,1,Other Principal Arterial,3,,X002668621,Not Toll,52,3,4,Four Way,14,2945593.25011462,1902460.92390201,41.86532921,-87.78396997,,Urban,1,N,(N/A),Y,(N/A)
2022,2022-06-09,Thursday,17,05:04 PM,Property Damage,No Injuries,0,0,0,0,0,2,Front to Rear,11,N,N,Failing to Reduce Speed to Avoid Crash,(N/A),Daylight,Clear,Dry,N,,,,,No Controls,No Controls,N,2,41.8886565,-87.8010424,ok,(UNK),1,2203304,2022,,28,99,50000 and OVER,9,4295,Oak Park,C,Urban Major Collector,,16,9,11783321,6,Cook,0,22,,,4,N,No,Free Flow,202201195881,City,1,0.2,N,,,,(UNK),985929,(N/A),(UNK),No Defects,1,1,Major Collector,5,8,X002668629,Not Toll,73,1,1,Not Divided,1,2940709.93298269,1910830.2941845,41.88864861,-87.80103655,,Urban,1,N,(N/A),Y,(N/A)
2022,2022-06-09,Thursday,20,08:52 PM,Property Damage,No Injuries,0,0,0,0,0,2,Front to Rear,11,N,N,Following Too Closely,Failing to Reduce Speed to Avoid Crash,Darkness / Lighted Road,Clear,Dry,N,,,,,No Controls,No Controls,Y,2,41.8886483,-87.794552,ok,(UNK),1,2203307,2022,,3,28,50000 and OVER,9,4295,Oak Park,C,Urban Major Collector,,16,9,11783322,6,Cook,0,22,,,4,N,No,Stopped,202201195882,City,5,0,N,,,,(UNK),985933,(N/A),(UNK),No Defects,1,1,Major Collector,5,,X002668630,Not Toll,73,1,1,Not Divided,1,2942477.36534897,1910876.12406295,41.88864042,-87.79454616,,Urban,1,N,(N/A),Y,(N/A)
2022,2022-06-09,Thursday,23,11:35 PM,Property Damage,No Injuries,0,0,0,0,0,2,Angle,15,N,N,Unable to Determine,Unable to Determine,Darkness,Clear,Dry,Y,,,,,Traffic Signal,Functioning Properly,N,2,41.8869836,-87.7846457,ok,(UNK),1,2203313,2022,,18,18,50000 and OVER,9,4295,Oak Park,C,Urban Major Collector,,16,9,11783340,6,Cook,0,22,,,4,N,No,(UNK),202201195899,City,4,0,N,,,,(UNK),985970,(N/A),(UNK),No Defects,1,1,Major Collector,5,,X002668647,Not Toll,73,3,4,Not Divided,1,2945191.71029925,1910344.2420506,41.88697572,-87.78463992,,Urban,1,N,(N/A),Y,(N/A)
2022,2022-06-10,Friday,16,04:40 PM,Property Damage,No Injuries,0,0,0,0,0,1,Parked Motor Vehicle,9,N,N,Unable to Determine,(N/A),Daylight,Unknown,Dry,N,,,,,Stop Sign,Functioning Properly,Y,2,41.8782254,-87.8011315,ok,(UNK),1,2203327,2022,,18,99,50000 and OVER,9,4295,Oak Park,C,Urban Local Road or Street,,16,10,11783347,6,Cook,0,22,,,5,N,No,Free Flow,202201195906,City,1,0.05,N,,,,(UNK),985971,(N/A),(UNK),No Defects,1,1,Local Road or Street,7,4010,X002668653,Not Toll,73,2,4,Not Divided,1,2940790.49079645,1907028.37064972,41.8782176,-87.80112571,,Urban,9,N,(N/A),Y,(N/A)
2022,2022-06-10,Friday,17,05:40 PM,Property Damage,No Injuries,0,0,0,0,0,2,Sideswipe Same Direction,12,N,N,Improper Lane Usage,Failing to Reduce Speed to Avoid Crash,Daylight,Clear,Dry,N,,,,,No Controls,No Controls,Y,2,41.8746001,-87.77447,ok,(UNK),1,2203329,2022,,20,28,50000 and OVER,9,4295,Oak Park,C,Urban Minor Arterial,,16,10,11783349,6,Cook,0,22,,,5,N,No,Free Flow,202201196393,City,1,8.09000015,N,,,,(UNK),985972,(N/A),(UNK),No Defects,1,1,Minor Arterial,4,2790,X002668655,Not Toll,,1,1,Not Divided,1,2948088.52771635,1905908.5798716,41.87459221,-87.77446416,,Urban,1,N,(N/A),Y,(N/A)
2022,2022-07-07,Thursday,12,12:07 PM,Injury,B Injury Crash,1,0,0,1,0,2,Pedalcyclist,2,N,Y,Failing to Yield Right of Way,Failing to Reduce Speed to Avoid Crash,Daylight,Cloudy/Overcast,Dry,Y,,,,,Stop Sign,Functioning Properly,N,1,41.8980152,-87.7977869,ok,(UNK),1,2203970,2022,,2,28,50000 and OVER,9,4295,Oak Park,C,Urban Local Road or Street,,16,7,11815503,7,Cook,2,22,BICYCLE,,4,N,No,Slow,202201227729,City,1,0,N,,,,(UNK),986194,(N/A),(UNK),No Defects,1,1,Local Road or Street,7,,X002696961,Not Toll,73,2,4,Four Way,14,2941502.20283074,1914265.25743924,41.89800733,-87.79778105,,Urban,8,N,(N/A),Y,(N/A)