crash_year,crash_date,day_of_week,crash_hour,time_of_crash,crash_severity,crash_injury_severity,total_injured,total_fatals,a_injuries,b_injuries,c_injuries,no_injuries,type_of_first_crash,collision_type_code,pedestrian_involved,pedalcyclist_involved,cause1,cause2,lighting_cond,weather_cond,road_surface_cond,intersection_related,is_intersection,highway_or_street_name,at_intersection_with,address_no,traffic_control_device,traffic_control_device_cond,hit_and_run,number_of_vehicles,latitude,longitude,location_status,access_control,agency_code,agency_report_number,agency_report_year,alignment_code,cause1_code,cause2_code,city_class,city_class_code,city_code,city_name,city_township_flag,class_of_trafficway,class_of_trafficway_code,county_code,crash_day,crash_id,crash_month,crash_report_county,crash_severity_cd,crash_yr_source,damaged_property1,damaged_property2,day_of_week_code,did_crash_occur_in_work_zone,did_involve_secondary_crash,flow_condition,icn,investigating_agency_descrip,light_condition_code,mile_station,nhs,non_intersection_direction,non_intersection_distance,non_intersection_units,number_of_lanes,objectid,railroad_crossing_number,road_alignment,road_defects,road_defects_code,road_surface_condition_code,roadway_functional_class,roadway_functional_class_code,route_number,sfe,toll,township,traffic_control_device_code,traffic_control_device_cond_code,trafficway_descrip,trafficway_description_code,ts_crash_coordinate_x,ts_crash_coordinate_y,ts_crash_latitude,ts_crash_longitude,type_report,urban_rural,weather_code,were_workers_present,work_zone,work_zone_related,work_zone_type
2022,2022-07-09,Saturday,13,01:27 PM,Property Damage,No Injuries,0,0,0,0,0,2,Rear to Front,18,N,N,Improper Backing,Failing to Reduce Speed to Avoid Crash,Daylight,Clear,Dry,N,,,,,Traffic Signal,Functioning Properly,Y,2,41.8800127,-87.7748909,ok,(UNK),1,2204019,2022,,30,28,50000 and OVER,9,4295,Oak Park,C,Urban Minor Arterial,,16,9,11815546,7,Cook,0,22,,,6,N,No,Stopped,202201227766,City,1,4.61000013,N,,,,(UNK),986306,(N/A),(UNK),No Defects,1,1,Minor Arterial,4,1419,X002696998,Not Toll,73,3,4,Not Divided,1,2947918.874327,1907877.85071095,41.88000485,-87.77488513,,Urban,1,N,(N/A),Y,(N/A)
2022,2022-07-10,Sunday,23,11:47 PM,Property Damage,No Injuries,0,0,0,0,0,4,Angle,15,N,N,Disregarding Stop Sign,(N/A),Darkness / Lighted Road,Clear,Dry,Y,,,,,Stop Sign,Functioning Properly,N,2,41.8834466,-87.7845459,ok,(UNK),1,2204042,2022,,23,99,50000 and OVER,9,4295,Oak Park,C,Urban Major Collector,,16,10,11815563,7,Cook,0,22,,,7,N,No,Free Flow,202201227781,City,5,0,N,,,,(UNK),986363,(N/A),(UNK),No Defects,1,1,Major Collector,5,,X002697012,Not Toll,73,2,4,Four Way,14,2945254.70012865,1909056.05504569,41.88343874,-87.78454007,,Urban,1,N,(N/A),Y,(N/A)
2022,2022-03-09,Wednesday,12,12:23 PM,Property Damage,No Injuries,0,0,0,0,0,2,Turning,10,N,N,Failing to Yield Right of Way,Improper Turning/No Signal,Daylight,Clear,Dry,N,,,,,Traffic Signal,Functioning Properly,Y,2,41.8650278,-87.8042158,ok,(UNK),1,22-00760,2022,,2,6,50000 and OVER,9,4295,Oak Park,C,Urban Other Principal Arte,,16,9,11676936,3,Cook,0,22,,,3,N,No,Free Flow,202201096966,City,1,25.01000023,Y,,,,(UNK),986439,(N/A),(UNK),No Defects,1,1,Other Principal Arterial,3,5043,X002576427,Not Toll,52,3,4,"Divided, No Median Barrier",2,2940082.93081867,1902195.78557851,41.86502,-87.80421,,Urban,1,N,(N/A),Y,(N/A)
2022,2022-06-10,Friday,5,05:34 AM,Property Damage,No Injuries,0,0,0,0,0,2,Sideswipe Same Direction,12,N,N,(N/A),(N/A),Unknown,Clear,Dry,N,,,,,No Controls,No Controls,Y,2,41.8945013,-87.7895849,ok,(UNK),1,2203314,2022,,99,99,50000 and OVER,9,4295,Oak Park,C,Urban Minor Arterial,,16,10,11784652,6,Cook,0,22,,,5,N,No,Free Flow,202201197221,City,9,3.38000011,N,,,,(UNK),986547,(N/A),(UNK),No Defects,1,1,Minor Arterial,4,1398,X002669875,Not Toll,73,1,1,"Divided, No Median Barrier",2,2943770.79302127,1913046.54151204,41.89449348,-87.78957907,,Urban,1,N,(N/A),Y,(N/A)
2022,2022-03-10,Thursday,9,09:45 AM,Property Damage,No Injuries,0,0,0,0,0,2,Sideswipe Same Direction,12,N,N,Failing to Yield Right of Way,Improper Overtaking/Passing,Daylight,Clear,Dry,N,,,,,No Controls,No Controls,N,2,41.8683426,-87.8043232,ok,(UNK),1,22-00767,2022,,2,4,50000 and OVER,9,4295,Oak Park,C,Urban Other Principal Arte,,16,10,11677838,3,Cook,0,22,,,4,N,No,Free Flow,202201097875,City,1,20.45999908,Y,,,,(UNK),986711,(N/A),(UNK),No Defects,1,1,Other Principal Arterial,3,348,X002577274,Not Toll,73,1,1,"Divided, No Median Barrier",2,2940020.4064152,1903402.92571074,41.86833473,-87.80431744,,Urban,1,N,(N/A),Y,(N/A)
2022,2022-01-27,Thursday,21,09:00 PM,Property Damage,No Injuries,0,0,0,0,0,2,Front to Rear,11,N,N,Under Influence of Alcohol/Drugs,Failing to Reduce Speed to Avoid Crash,Darkness / Lighted Road,Clear,Dry,N,,,,,Other,Functioning Properly,N,2,41.8736968,-87.8036186,ok,Partial Access Control,3,03-22-01321,2022,,8,28,50000 and OVER,9,4295,Oak Park,C,Urban InterState,,16,27,11616834,1,Cook,0,22,,,4,N,No,(UNK),202201040984,ISP,5,21.62000084,Y,,,,(UNK),986836,(N/A),(UNK),No Defects,1,1,InterState,1,9290,X002525234,Not Toll,73,13,4,Divided With Median Barrier,3,2940158.6132761,1905359.37331572,41.87368892,-87.80361275,,Urban,1,N,(N/A),Y,(N/A)
2022,2022-10-04,Tuesday,7,07:30 AM,Property Damage,No Injuries,0,0,0,0,0,2,Sideswipe Same Direction,12,N,N,Failing to Reduce Speed to Avoid Crash,Improper Lane Usage,Daylight,Clear,Dry,N,,,,,No Controls,No Controls,N,2,41.8713241,-87.7801804,ok,Partial Access Control,3,03-22-14533,2022,,28,20,50000 and OVER,9,4295,Oak Park,C,Urban InterState,,16,4,11920717,10,Cook,0,22,,,2,N,No,(UNK),202201327529,ISP,1,22.79000092,Y,,,,(UNK),986899,(N/A),(UNK),No Defects,1,1,InterState,1,9290,X002789849,Not Toll,,1,1,Divided With Median Barrier,3,2946566.41615524,1904671.45057221,41.87131627,-87.78017464,,Urban,1,N,(N/A),Y,(N/A)
2022,2022-07-12,Tuesday,17,05:32 PM,Property Damage,No Injuries,0,0,0,0,0,1,Parked Motor Vehicle,9,N,N,Failing to Reduce Speed to Avoid Crash,Unable to Determine,Daylight,Clear,Dry,N,,,,,No Controls,No Controls,N,2,41.8803643,-87.7998854,ok,(UNK),1,2204082,2022,,28,18,50000 and OVER,9,4295,Oak Park,C,Urban Local Road or Street,,16,12,11815793,7,Cook,0,22,,,2,N,No,Free Flow,202201227992,City,1,0.47,N,,,,(UNK),987118,(N/A),(UNK),No Defects,1,1,Local Road or Street,7,2700,X002697228,Not Toll,73,1,1,"Divided, No Median Barrier",2,2941108.36238861,1907817.15516897,41.88035641,-87.79987959,,Urban,1,N,(N/A),Y,(N/A)
2022,2022-02-14,Monday,19,07:05 PM,Property Damage,No Injuries,0,0,0,0,0,3,Front to Rear,11,N,N,Following Too Closely,Failing to Reduce Speed to Avoid Crash,Darkness / Lighted Road,Clear,Dry,N,,,,,Traffic Signal,Functioning Properly,N,2,41.8772185,-87.8046362,ok,(UNK),1,22-00517,2022,,3,28,50000 and OVER,9,4295,Oak Park,C,Urban Other Principal Arte,,16,14,11679021,2,Cook,0,22,,,1,N,No,Slow,202201099062,City,5,19.84000015,Y,,,,(UNK),987285,(N/A),(UNK),No Defects,1,1,Other Principal Arterial,3,348,X002578390,Not Toll,73,3,4,"Divided, No Median Barrier",2,2939846.10865455,1906635.11467552,41.87721064,-87.80463038,,Urban,1,N,(N/A),Y,(N/A)
2022,2022-01-20,Thursday,1,01:25 AM,Injury,B Injury Crash,1,0,0,1,0,0,Fixed Object,6,N,N,Failing to Reduce Speed to Avoid Crash,Improper Lane Usage,Darkness / Lighted Road,Clear,Dry,N,,,,,Other,Functioning Properly,N,1,41.8726343,-87.7939988,ok,Partial Access Control,3,03-22-00844,2022,,28,20,50000 and OVER,9,4295,Oak Park,C,Urban InterState,,16,20,11617027,1,Cook,2,22,,,4,N,No,(UNK),202201041166,ISP,5,22.06999969,Y,,,,(UNK),987612,(N/A),(UNK),No Defects,1,1,InterState,1,9290,X002525421,Not Toll,73,13,4,Divided With Median Barrier,3,2942789.4102392,1905044.49446365,41.87262642,-87.79399302,,Urban,1,N,(N/A),Y,(N/A)
2022,2022-01-02,Sunday,14,02:37 PM,Property Damage,No Injuries,0,0,0,0,0,1,Other Object,7,N,N,Improper Lane Usage,Unable to Determine,Daylight,Snow,Snow or Slush,N,,,,,No Controls,No Controls,Y,2,41.8814559,-87.8023776,ok,(UNK),1,2200018,2022,,20,18,50000 and OVER,9,4295,Oak Park,C,Urban Major Collector,,16,2,11587624,1,Cook,0,22,,,7,N,No,Slow,202201017332,City,1,0.12,N,,,,(UNK),987987,(N/A),(UNK),No Defects,1,3,Major Collector,5,5,X002500970,Not Toll,73,1,1,Not Divided,1,2940418.67482055,1908196.25322623,41.88144806,-87.8023718,,Urban,3,N,(N/A),Y,(N/A)
2022,2022-01-02,Sunday,1,01:05 AM,Property Damage,No Injuries,0,0,0,0,0,1,Fixed Object,6,N,N,Weather,Driving Skills/Knowledge/Experience,Darkness / Lighted Road,Blowing Snow,Snow or Slush,N,,,,,No Controls,No Controls,N,1,41.8828207,-87.8048397,ok,(UNK),1,22-00035,2022,,11,15,50000 and OVER,9,4295,Oak Park,C,Urban Other Principal Arte,,16,2,11590186,1,Cook,0,22,GAS PUMP #1,,7,N,No,Free Flow,202201019455,City,5,19.45999908,Y,,,,(UNK),988211,(N/A),(UNK),No Defects,1,3,Other Principal Arterial,3,348,X002503630,Not Toll,73,1,1,Parking Lot,7,2939734.46136824,1908675.12355998,41.88281282,-87.80483392,,Urban,11,N,(N/A),Y,(N/A)
2022,2022-09-30,Friday,7,07:01 AM,Property Damage,No Injuries,0,0,0,0,0,3,Front to Rear,11,N,N,Improper Lane Usage,Failing to Reduce Speed to Avoid Crash,Daylight,Clear,Dry,N,,,,,Other Warning Sign,Functioning Properly,N,3,,,missing,(UNK),3,03-22-14056,2022,,20,28,50000 and OVER,9,4295,Oak Park,C,(UNK),8,16,30,11922580,9,Cook,0,22,,,5,N,No,(UNK),202201329122,ISP,1,0,N,,,,(UNK),988514,(N/A),(UNK),No Defects,1,1,(UNK),0,0,X002791256,No Toll,,11,4,Divided With Median Barrier,3,0,0,,,,(UNK),1,N,(N/A),Y,(N/A)
2022,2022-05-26,Thursday,18,06:09 PM,Injury,C Injury Crash,1,0,0,0,1,3,Front to Rear,11,N,N,Failing to Reduce Speed to Avoid Crash,(N/A),Daylight,Clear,Dry,Y,,,,,Traffic Signal,Functioning Properly,N,2,41.879939,-87.7797215,ok,(UNK),1,2202983,2022,,28,99,50000 and OVER,9,4295,Oak Park,C,Urban Minor Arterial,,16,26,11790993,5,Cook,1,22,,,4,N,No,Stopped,202201203928,City,1,0.55000001,N,,,,(UNK),988602,(N/A),(UNK),No Defects,1,1,Minor Arterial,4,3794,X002675486,Not Toll,73,3,4,"Divided, No Median Barrier",2,2946604.06040169,1907814.34067796,41.87993113,-87.77971572,,Urban,1,N,(N/A),Y,(N/A)
2022,2022-01-02,Sunday,13,01:38 PM,Property Damage,No Injuries,0,0,0,0,0,1,Parked Motor Vehicle,9,N,N,Failing to Reduce Speed to Avoid Crash,(N/A),Unknown,Unknown,Unknown,N,,,,,No Controls,No Controls,Y,2,41.8703569,-87.7779723,ok,(UNK),1,2200015,2022,,28,99,50000 and OVER,9,4295,Oak Park,C,Urban Local Road or Street,,16,2,11608610,1,Cook,0,22,,,7,N,No,Free Flow,202201033834,City,9,0.02,N,,,,(UNK),988633,(N/A),(UNK),No Defects,1,9,Local Road or Street,7,2613,X002518087,Not Toll,73,1,1,Not Divided,1,2947177.674933,1904335.71558264,41.87034905,-87.7779665,,Urban,9,N,(N/A),Y,(N/A)
2022,2022-06-02,Thursday,10,10:35 AM,Property Damage,No Injuries,0,0,0,0,0,3,Sideswipe Same Direction,12,N,N,Failing to Reduce Speed to Avoid Crash,Unable to Determine,Daylight,Clear,Dry,N,,,,,No Controls,No Controls,N,2,41.8831382,-87.8048517,ok,(UNK),1,2203129,2022,,28,18,50000 and OVER,9,4295,Oak Park,C,Urban Other Principal Arte,,16,2,11791416,6,Cook,0,22,,,4,N,No,Free Flow,202201204415,City,1,19.44000053,Y,,,,(UNK),988641,(N/A),(UNK),No Defects,1,1,Other Principal Arterial,3,348,X002675848,Not Toll,73,1,1,"Divided, No Median Barrier",2,2939728.02035232,1908790.75637969,41.88313037,-87.80484587,,Urban,1,N,(N/A),Y,(N/A)
2022,2022-07-16,Saturday,1,01:00 AM,Property Damage,No Injuries,0,0,0,0,0,4,Front to Rear,11,N,N,Under Influence of Alcohol/Drugs,Failing to Reduce Speed to Avoid Crash,Darkness / Lighted Road,Clear,Dry,N,,,,,No Controls,No Controls,N,3,41.871285,-87.778183,ok,Partial Access Control,3,03-22-10000,2022,,8,28,50000 and OVER,9,4295,Oak Park,C,Urban InterState,,16,16,11816196,7,Cook,0,22,,,6,N,No,(UNK),202201228369,ISP,5,0.06,Y,,,,(UNK),988770,(N/A),(UNK),No Defects,1,1,InterState,1,290,X002697609,Not Toll,,1,1,Ramp,11,2947110.86587704,1904672.34897066,41.87127719,-87.77817721,,Urban,1,N,(N/A),Y,(N/A)
2022,2022-01-30,Sunday,1,01:20 AM,Injury,B Injury Crash,1,0,0,1,0,2,Sideswipe Same Direction,12,N,N,Improper Lane Usage,Improper Overtaking/Passing,Darkness / Lighted Road,Clear,Dry,N,,,,,No Controls,No Controls,N,2,41.8719214,-87.7870813,ok,Partial Access Control,3,03-22-01443,2022,,20,4,50000 and OVER,9,4295,Oak Park,C,Urban InterState,,16,30,11618203,1,Cook,2,22,,,7,N,No,(UNK),202201042237,ISP,5,8.56000042,Y,,,,(UNK),991091,(N/A),(UNK),No Defects,1,1,InterState,1,290,X002526522,Not Toll,,1,1,Divided With Median Barrier,3,2944680.75598403,1904836.91691704,41.8719136,-87.78707547,,Urban,1,N,(N/A),Y,(N/A)
2022,2022-10-01,Saturday,10,10:32 AM,Property Damage,No Injuries,0,0,0,0,0,1,Parked Motor Vehicle,9,N,N,Failing to Reduce Speed to Avoid Crash,Unable to Determine,Daylight,Clear,Dry,N,,,,,No Controls,No Controls,N,2,41.8949046,-87.7799918,ok,(UNK),1,2206062,2022,,28,18,50000 and OVER,9,4295,Oak Park,C,Urban Local Road or Street,,16,1,11937197,10,Cook,0,22,,,6,N,No,Slow,202201342728,City,1,0.98000002,N,,,,(UNK),991589,(N/A),(UNK),No Defects,1,1,Local Road or Street,7,3559,X002803627,Not Toll,73,1,1,Not Divided,1,2946378.67969553,1913266.06150526,41.89489678,-87.77998602,,Urban,1,N,(N/A),Y,(N/A)
2022,2022-06-07,Tuesday,9,09:48 AM,Injury,C Injury Crash,1,0,0,0,1,1,Angle,15,N,N,Failing to Yield Right of Way,Failing to Reduce Speed to Avoid Crash,Daylight,Clear,Dry,Y,,,,,Stop Sign,Functioning Properly,N,2,41.9073375,-87.7833058,ok,(UNK),1,2203237,2022,,2,28,50000 and OVER,9,4295,Oak Park,C,Urban Major Collector,,16,7,11838398,6,Cook,1,22,,,2,N,No,Slow,202201250424,City,1,0,N,,,,(UNK),991701,(N/A),(UNK),No Defects,1,1,Major Collector,5,,X002717363,Not Toll,73,2,4,"Divided, No Median Barrier",2,2945350.40775225,1917771.75447329,41.90732967,-87.78330004,,Urban,1,N,(N/A),Y,(N/A)
2022,2022-10-05,Wednesday,17,05:01 PM,Property Damage,No Injuries,0,0,0,0,0,2,Turning,10,N,N,Failing to Yield Right of Way,(N/A),Daylight,Clear,Dry,Y,,,,,Traffic Signal,Functioning Properly,N,2,41.8797812,-87.7893418,ok,(UNK),1,2206164,2022,,2,99,50000 and OVER,9,4295,Oak Park,C,Urban Minor Arterial,,16,5,11941501,10,Cook,0,22,,,3,N,No,Free Flow,202201346768,City,1,0,N,,,,(UNK),992404,(N/A),(UNK),No Defects,1,1,Minor Arterial,4,,X002807331,Not Toll,73,3,4,"Divided, No Median Barrier",2,2943985.68036346,1907684.08616459,41.87977336,-87.78933596,,Urban,1,N,(N/A),Y,(N/A)
2022,2022-09-23,Friday,22,10:46 PM,Property Damage,No Injuries,0,0,0,0,0,1,Parked Motor Vehicle,9,N,N,Improper Backing,(N/A),Darkness / Lighted Road,Clear,Dry,N,,,,,No Controls,No Controls,N,2,41.8915607,-87.7940421,ok,(UNK),1,2205882,2022,,30,99,50000 and OVER,9,4295,Oak Park,C,Urban Local Road or Street,,16,23,11949678,9,Cook,0,22,,,5,N,No,Free Flow,202201354931,City,5,0.03,N,,,,(UNK),993055,(N/A),(UNK),No Defects,1,1,Local Road or Street,7,3064,X002814686,Not Toll,73,1,1,Not Divided,1,2942586.83503489,1911941.29948049,41.89155282,-87.79403631,,Urban,1,N,(N/A),Y,(N/A)
2022,2022-07-20,Wednesday,0,00:05 AM,Property Damage,No Injuries,0,0,0,0,0,3,Turning,10,N,N,Improper Turning/No Signal,Driving Skills/Knowledge/Experience,Darkness / Lighted Road,Clear,Wet,N,,,,,Traffic Signal,No Controls,N,2,41.9015578,-87.8055258,ok,(UNK),1,2200773,2022,,6,15,50000 and OVER,9,4295,Oak Park,C,Urban Other Principal Arte,,16,20,11817795,7,Cook,0,22,,,3,N,No,Free Flow,202201229779,City,5,27.54000092,Y,,,,(UNK),993387,(N/A),(UNK),No Defects,1,2,Other Principal Arterial,3,5043,X002698921,Not Toll,73,3,1,Not Divided,1,2939359.62550676,1915498.15890809,41.90155,-87.80552,,Urban,1,N,(N/A),Y,(N/A)
2022,2022-11-09,Wednesday,22,10:33 PM,Injury,B Injury Crash,1,0,0,1,0,1,Turning,10,N,N,Failing to Yield Right of Way,(N/A),Darkness / Lighted Road,Clear,Dry,Y,,,,,No Controls,No Controls,Y,2,41.8781717,-87.8046654,ok,(UNK),1,2207014,2022,,2,99,50000 and OVER,9,4295,Oak Park,C,Urban Other Principal Arte,,16,9,11959577,11,Cook,2,22,,,3,N,No,Free Flow,202201363917,City,5,25.92000008,Y,,,,(UNK),994198,(N/A),(UNK),No Defects,1,1,Other Principal Arterial,3,5043,X002823501,Not Toll,73,1,1,Not Divided,1,2939828.59504125,1906982.27731784,41.87816389,-87.80465957,,Urban,1,N,(N/A),Y,(N/A)
2022,2022-01-30,Sunday,20,08:31 PM,Property Damage,No Injuries,0,0,0,0,0,1,Fixed Object,6,N,N,Under Influence of Alcohol/Drugs,Failing to Reduce Speed to Avoid Crash,Darkness / Lighted Road,Clear,Dry,N,,,,,Other,Functioning Properly,N,1,41.874403,-87.7226024,outside_oak_park,(UNK),3,03-22-01478,2022,,8,28,50000 and OVER,9,4295,Oak Park,C,Urban Major Collector,,16,30,11619221,1,Cook,0,22,,,7,N,No,(UNK),202201043155,ISP,5,0.86000001,N,,,,(UNK),995140,(N/A),(UNK),No Defects,1,1,Major Collector,5,1425,X002527431,Not Toll,,13,4,Divided With Median Barrier,3,2962217.39696418,1906234.99702276,41.87439519,-87.72259661,,Urban,1,N,(N/A),Y,(N/A)
2022,2022-06-11,Saturday,9,09:15 AM,Property Damage,No Injuries,0,0,0,0,0,3,Rear to Side,16,N,N,Improper Backing,Driving Skills/Knowledge/Experience,Daylight,Clear,Dry,N,,,,,Traffic Signal,Functioning Properly,N,2,41.8759885,-87.8045267,ok,(UNK),1,22-01717,2022,,30,15,50000 and OVER,9,4295,Oak Park,C,Urban Local Road or Street,,16,11,11769011,6,Cook,0,22,,,6,N,No,Stopped,202201183581,City,1,0,N,,,,(UNK),996005,(N/A),(UNK),No Defects,1,1,Local Road or Street,7,3420,X002656752,Not Toll,73,3,4,Not Divided,1,2939888.2680453,1906187.71183478,41.87598066,-87.8045209,,Urban,1,N,(N/A),Y,(N/A)
2022,2022-11-10,Thursday,18,06:51 PM,Property Damage,No Injuries,0,0,0,0,0,1,Parked Motor Vehicle,9,N,N,Failing to Reduce Speed to Avoid Crash,Unable to Determine,Darkness / Lighted Road,Clear,Dry,N,,,,,No Controls,No Controls,Y,2,41.8815859,-87.7940071,ok,(UNK),1,2207044,2022,,28,18,50000 and OVER,9,4295,Oak Park,C,Urban Major Collector,,16,10,11960762,11,Cook,0,22,,,4,N,No,Free Flow,202201364958,City,5,0.56,N,,,,(UNK),996647,(N/A),(UNK),No Defects,1,1,Major Collector,5,5,X002824578,Not Toll,73,1,1,"Divided, No Median Barrier",2,2942696.93211937,1908306.57637576,41.88157807,-87.79400128,,Urban,1,N,(N/A),Y,(N/A)
2022,2022-11-10,Thursday,17,05:03 PM,Property Damage,No Injuries,0,0,0,0,0,2,Front to Rear,11,N,N,Failing to Reduce Speed to Avoid Crash,Unable to Determine,Darkness / Lighted Road,Clear,Dry,N,,,,,No Controls,No Controls,N,2,41.868582,-87.804331,ok,(UNK),1,2207039,2022,,28,18,50000 and OVER,9,4295,Oak Park,C,Urban Other Principal Arte,,16,10,11960758,11,Cook,0,22,,,4,N,No,Slow,202201364954,City,5,20.45000076,Y,,,,(UNK),996648,(N/A),(UNK),No Defects,1,1,Other Principal Arterial,3,348,X002824574,Not Toll,73,1,1,"Divided, No Median Barrier",2,2940015.87813475,1903490.10403348,41.86857412,-87.80432524,,Urban,1,N,(N/A),Y,(N/A)
2022,2022-11-10,Thursday,12,12:30 PM,Property Damage,No Injuries,0,0,0,0,0,3,Sideswipe Same Direction,12,N,N,Improper Lane Usage,Physical Condition of Driver,Daylight,Clear,Dry,N,,,,,No Controls,No Controls,N,2,41.8929922,-87.8051843,ok,(UNK),1,2207027,2022,,20,17,50000 and OVER,9,4295,Oak Park,C,Urban Other Principal Arte,,16,10,11960759,11,Cook,0,22,,,4,N,No,Free Flow,202201364955,City,1,18.75,Y,,,,(UNK),996649,(N/A),(UNK),No Defects,1,1,Other Principal Arterial,3,348,X002824575,Not Toll,73,1,1,Not Divided,1,2939538.56013525,1912379.24942555,41.89298439,-87.80517851,,Urban,1,N,(N/A),Y,(N/A)
2022,2022-11-10,Thursday,8,08:12 AM,Property Damage,No Injuries,0,0,0,0,0,3,Turning,10,N,N,Failing to Yield Right of Way,Failing to Reduce Speed to Avoid Crash,Daylight,Clear,Dry,N,,,,,No Controls,No Controls,N,3,41.8812274,-87.7844947,ok,(UNK),1,2207022,2022,,2,28,50000 and OVER,9,4295,Oak Park,C,Urban Major Collector,,16,10,11960755,11,Cook,0,22,,,4,N,No,Slow,202201364951,City,1,1.42999995,N,,,,(UNK),996650,(N/A),(UNK),No Defects,1,1,Major Collector,5,2783,X002824571,Not Toll,73,1,1,Not Divided,1,2945291.09707679,1908247.72960118,41.88121956,-87.78448889,,Urban,1,N,(N/A),Y,(N/A)
2022,2022-11-10,Thursday,17,05:15 PM,Injury,B Injury Crash,1,0,0,1,0,1,Pedestrian,1,Y,N,Failing to Yield Right of Way,Failing to Reduce Speed to Avoid Crash,Darkness / Lighted Road,Clear,Dry,N,,,,,Traffic Signal,Functioning Properly,Y,1,41.8983742,-87.7850105,ok,(UNK),1,2207042,2022,,2,28,50000 and OVER,9,4295,Oak Park,C,Urban Major Collector,,16,10,11960764,11,Cook,2,22,,,4,N,No,Slow,202201369109,City,5,0.23999999,N,,,,(UNK),996674,(N/A),(UNK),No Defects,1,1,Major Collector,5,2783,X002824580,Not Toll,73,3,4,"Divided, No Median Barrier",2,2944977.09947138,1914492.44038159,41.89836633,-87.78500468,,Urban,1,N,(N/A),Y,(N/A)
2022,2022-03-12,Saturday,3,03:09 AM,Property Damage,No Injuries,0,0,0,0,0,2,Sideswipe Opposite Direction,13,N,N,Improper Lane Usage,Failing to Reduce Speed to Avoid Crash,Darkness / Lighted Road,Clear,Dry,Y,,,,,Traffic Signal,Functioning Properly,N,2,41.8978908,-87.805385,ok,(UNK),1,2200272,2022,,20,28,50000 and OVER,9,4295,Oak Park,C,Urban Other Principal Arte,,16,12,11790975,3,Cook,0,22,,,6,N,No,Free Flow,202201203902,City,5,27.29000092,Y,,,,(UNK),996930,(N/A),(UNK),No Defects,1,1,Other Principal Arterial,3,5043,X002675468,Not Toll,73,3,4,"Divided, No Median Barrier",2,2939434.7582305,1914162.88926893,41.897883,-87.8053792,,Urban,1,N,(N/A),Y,(N/A)
2022,2022-02-01,Tuesday,9,09:30 AM,Property Damage,No Injuries,0,0,0,0,0,2,Front to Rear,11,N,N,Following Too Closely,Failing to Reduce Speed to Avoid Crash,Daylight,Clear,Dry,N,,,,,Other,Functioning Properly,N,2,41.8713742,-87.7807964,ok,Partial Access Control,3,03-22-01531,2022,,3,28,50000 and OVER,9,4295,Oak Park,C,Urban InterState,,16,1,11620558,2,Cook,0,22,,,2,N,No,(UNK),202201044419,ISP,1,8.88000011,Y,,,,(UNK),997971,(N/A),(UNK),No Defects,1,1,InterState,1,290,X002528708,Not Toll,,13,4,Divided With Median Barrier,3,2946398.13605713,1904685.03349009,41.87136635,-87.7807906,,Urban,1,N,(N/A),Y,(N/A)
2022,2022-02-04,Friday,6,06:35 AM,Property Damage,No Injuries,0,0,0,0,0,2,Sideswipe Same Direction,12,N,N,Improper Lane Usage,Failing to Reduce Speed to Avoid Crash,Dawn,Clear,Wet,N,,,,,Other,Functioning Properly,N,2,41.8710862,-87.7769911,ok,Partial Access Control,3,03-22-01680,2022,,20,28,50000 and OVER,9,4295,Oak Park,C,Urban InterState,,16,4,11620561,2,Cook,0,22,,,5,N,No,(UNK),202201044422,ISP,2,9.06999969,Y,,,,(UNK),997995,(N/A),(UNK),No Defects,1,2,InterState,1,290,X002528711,Not Toll,,13,4,Divided With Median Barrier,3,2947437.52152746,1904608.93683476,41.87107838,-87.77698534,,Urban,1,N,(N/A),Y,(N/A)
2022,2022-11-12,Saturday,9,09:57 AM,Property Damage,No Injuries,0,0,0,0,0,1,Fixed Object,6,N,N,Unable to Determine,(N/A),Daylight,Cloudy/Overcast,Dry,N,,,,,No Controls,No Controls,N,1,41.8797134,-87.7979674,ok,(UNK),1,2207080,2022,,18,99,50000 and OVER,9,4295,Oak Park,C,Urban Minor Arterial,,16,12,11961581,11,Cook,0,22,EXTERIOR BUILDING WALL,,6,N,No,Slow,202201365736,City,1,3.41000009,N,,,,(UNK),999108,(N/A),(UNK),No Defects,1,1,Minor Arterial,4,1419,X002825392,Not Toll,73,1,1,Parking Lot,7,2941637.25505997,1907594.3907045,41.87970556,-87.79796159,,Urban,8,N,(N/A),Y,(N/A)
2022,2022-06-13,Monday,8,08:15 AM,Property Damage,No Injuries,0,0,0,0,0,3,Turning,10,N,N,Improper Turning/No Signal,Failing to Reduce Speed to Avoid Crash,Daylight,Clear,Dry,Y,,,,,Traffic Signal,Functioning Properly,N,2,41.865029,-87.8042158,ok,(UNK),1,22-01743,2022,,6,28,50000 and OVER,9,4295,Oak Park,C,Urban Other Principal Arte,,16,13,11770705,6,Cook,0,22,,,1,Y,No,Slow,202201185262,City,1,25.01000023,Y,,,,(UNK),999241,(N/A),(UNK),Other,10,1,Other Principal Arterial,3,5043,X002658380,Not Toll,52,3,4,"Divided, No Median Barrier",2,2940082.91017387,1902196.19669426,41.86502113,-87.80421004,,Urban,1,N,Construction,N,Construction Work Zone