crash_year,crash_date,day_of_week,crash_hour,time_of_crash,crash_severity,crash_injury_severity,total_injured,total_fatals,a_injuries,b_injuries,c_injuries,no_injuries,type_of_first_crash,collision_type_code,pedestrian_involved,pedalcyclist_involved,cause1,cause2,lighting_cond,weather_cond,road_surface_cond,intersection_related,is_intersection,highway_or_street_name,at_intersection_with,address_no,traffic_control_device,traffic_control_device_cond,hit_and_run,number_of_vehicles,latitude,longitude,location_status,access_control,agency_code,agency_report_number,agency_report_year,alignment_code,cause1_code,cause2_code,city_class,city_class_code,city_code,city_name,city_township_flag,class_of_trafficway,class_of_trafficway_code,county_code,crash_day,crash_id,crash_month,crash_report_county,crash_severity_cd,crash_yr_source,damaged_property1,damaged_property2,day_of_week_code,did_crash_occur_in_work_zone,did_involve_secondary_crash,flow_condition,icn,investigating_agency_descrip,light_condition_code,mile_station,nhs,non_intersection_direction,non_intersection_distance,non_intersection_units,number_of_lanes,objectid,railroad_crossing_number,road_alignment,road_defects,road_defects_code,road_surface_condition_code,roadway_functional_class,roadway_functional_class_code,route_number,sfe,toll,township,traffic_control_device_code,traffic_control_device_cond_code,trafficway_descrip,trafficway_description_code,ts_crash_coordinate_x,ts_crash_coordinate_y,ts_crash_latitude,ts_crash_longitude,type_report,urban_rural,weather_code,were_workers_present,work_zone,work_zone_related,work_zone_type
2022,2022-07-14,Thursday,13,01:48 PM,Property Damage,No Injuries,0,0,0,0,0,2,Turning,10,N,N,Improper Turning/No Signal,Failing to Reduce Speed to Avoid Crash,Daylight,Clear,Dry,N,,,,,No Controls,No Controls,N,2,41.8797119,-87.7980743,ok,(UNK),1,2204134,2022,,6,28,50000 and OVER,9,4295,Oak Park,C,Urban Minor Arterial,,16,14,11821804,7,Cook,0,22,,,4,N,No,Free Flow,202201233795,City,1,3.4000001,N,,,,(UNK),999500,(N/A),(UNK),No Defects,1,1,Minor Arterial,4,1419,X002702689,Not Toll,73,1,1,"Divided, No Median Barrier",2,2941608.14183062,1907593.04435387,41.87970407,-87.79806854,,Urban,1,N,(N/A),Y,(N/A)
2022,2022-07-19,Tuesday,16,04:57 PM,Property Damage,No Injuries,0,0,0,0,0,2,Parked Motor Vehicle,9,N,N,Physical Condition of Driver,Failing to Reduce Speed to Avoid Crash,Daylight,Clear,Dry,N,,,,,No Controls,No Controls,N,2,41.8928631,-87.7946246,ok,(UNK),1,2204240,2022,,17,28,50000 and OVER,9,4295,Oak Park,C,Urban Major Collector,,16,19,11821823,7,Cook,0,22,,,2,N,No,Free Flow,202201233813,City,1,5.23000002,N,,,,(UNK),999504,(N/A),(UNK),No Defects,1,1,Major Collector,5,2775,X002702706,Not Toll,73,1,1,Not Divided,1,2942415.10047801,1912411.53971097,41.89285525,-87.7946188,,Urban,1,N,(N/A),Y,(N/A)
2022,2022-11-12,Saturday,16,04:40 PM,Property Damage,No Injuries,0,0,0,0,0,2,Front to Rear,11,N,N,Following Too Closely,Failing to Reduce Speed to Avoid Crash,Darkness,Clear,Dry,N,,,,,Other,Functioning Properly,N,2,41.873763,-87.8043694,ok,Partial Access Control,3,03-22-16550,2022,,3,28,50000 and OVER,9,4295,Oak Park,C,Urban InterState,,16,12,11961868,11,Cook,0,22,,,6,N,No,(UNK),202201366011,ISP,4,21.59000015,Y,,,,(UNK),999748,(N/A),(UNK),No Defects,1,1,InterState,1,9290,X002825676,Not Toll,73,13,4,Divided With Median Barrier,3,2939953.45378048,1905377.87726559,41.87375516,-87.80436356,,Urban,1,N,(N/A),Y,(N/A)
2022,2022-06-13,Monday,12,12:23 PM,Property Damage,No Injuries,0,0,0,0,0,2,Turning,10,N,N,Improper Lane Usage,Improper Turning/No Signal,Daylight,Clear,Dry,Y,,,,,Traffic Signal,Functioning Properly,N,2,41.8832478,-87.8048558,ok,(UNK),1,22-01747,2022,,20,6,50000 and OVER,9,4295,Oak Park,C,Urban Other Principal Arte,,16,13,11771063,6,Cook,0,22,,,1,N,No,Slow,202201185642,City,1,26.27000046,Y,,,,(UNK),999860,(N/A),(UNK),No Defects,1,1,Other Principal Arterial,3,5043,X002658710,Not Toll,73,3,4,"Divided, No Median Barrier",2,2939725.79669042,1908830.67683626,41.88324,-87.80485,,Urban,1,N,(N/A),Y,(N/A)
2022,2022-11-11,Friday,18,06:33 PM,Property Damage,No Injuries,0,0,0,0,0,2,Front to Rear,11,N,N,Following Too Closely,(N/A),Darkness / Lighted Road,Clear,Dry,N,,,,,Other,Functioning Properly,N,2,41.8719377,-87.7841043,ok,Partial Access Control,3,03-22-16502,2022,,3,99,50000 and OVER,9,4295,Oak Park,C,Urban InterState,,16,11,11962136,11,Cook,0,22,,,5,N,No,(UNK),202201366272,ISP,5,22.59000015,Y,,,,(UNK),1000240,(N/A),(UNK),No Defects,1,1,InterState,1,9290,X002825941,Not Toll,73,13,4,Divided With Median Barrier,3,2945491.42739431,1904865.34927024,41.87192987,-87.78409854,,Urban,1,N,(N/A),Y,(N/A)
2022,2022-02-05,Saturday,0,00:35 AM,Injury,B Injury Crash,1,0,0,1,0,5,Front to Rear,11,N,N,Following Too Closely,Failing to Reduce Speed to Avoid Crash,Darkness / Lighted Road,Clear,Wet,N,,,,,No Controls,No Controls,Y,5,41.8715713,-87.7830045,ok,Partial Access Control,3,03-22-01733,2022,,3,28,50000 and OVER,9,4295,Oak Park,C,Urban InterState,,16,5,11621599,2,Cook,2,22,,,6,N,No,(UNK),202201045398,ISP,5,8.77000046,Y,,,,(UNK),1000375,(N/A),(UNK),No Defects,1,2,InterState,1,290,X002529683,Not Toll,,1,1,Divided With Median Barrier,3,2945794.70813126,1904740.15828208,41.8715635,-87.78299869,,Urban,1,N,(N/A),Y,(N/A)
2022,2022-07-19,Tuesday,22,10:49 PM,Injury,A Injury Crash,1,0,1,0,0,2,Pedestrian,1,Y,N,Failing to Reduce Speed to Avoid Crash,Failing to Yield Right of Way,Darkness / Lighted Road,Clear,Dry,N,,,,,No Controls,No Controls,N,1,41.870367,-87.7791992,ok,(UNK),1,2204248,2022,,28,2,50000 and OVER,9,4295,Oak Park,C,Urban Minor Collector,,16,19,11823135,7,Cook,3,22,,,2,N,No,Free Flow,202201235136,City,5,1.21000004,N,,,,(UNK),1000917,(N/A),(UNK),No Defects,1,1,Minor Collector,6,3794,X002703949,Not Toll,73,1,1,Not Divided,1,2946843.3906619,1904330.08803346,41.87035914,-87.7791934,,Urban,1,N,(N/A),Y,(N/A)
2022,2022-06-11,Saturday,19,07:11 PM,Injury,C Injury Crash,1,0,0,0,1,6,Turning,10,N,N,Failing to Reduce Speed to Avoid Crash,Operating Vehicle In Reckless Manner,Daylight,Clear,Dry,Y,,,,,Traffic Signal,Functioning Properly,Y,2,41.8867116,-87.8049543,ok,(UNK),1,2203351,2022,,28,50,50000 and OVER,9,4295,Oak Park,C,Urban Other Principal Arte,,16,11,11771788,6,Cook,1,22,,,6,N,No,Stopped,202201186340,City,1,26.51000023,Y,,,,(UNK),1001459,(N/A),(UNK),No Defects,1,1,Other Principal Arterial,3,5043,X002659375,Not Toll,73,3,4,Not Divided,1,2939664.22030944,1910092.20373331,41.88670378,-87.80494848,,Urban,1,N,(N/A),Y,(N/A)
2022,2022-06-11,Saturday,22,10:50 PM,Property Damage,No Injuries,0,0,0,0,0,4,Front to Front,14,N,N,Failing to Yield Right of Way,(N/A),Darkness / Lighted Road,Clear,Dry,N,,,,,Traffic Signal,Functioning Properly,N,2,41.8885679,-87.8050255,ok,(UNK),1,2203356,2022,,2,99,50000 and OVER,9,4295,Oak Park,C,Urban Other Principal Arte,,16,11,11771967,6,Cook,0,22,,,6,N,No,Free Flow,202201186541,City,5,26.63999939,Y,,,,(UNK),1001737,(N/A),(UNK),No Defects,1,1,Other Principal Arterial,3,5043,X002659540,Not Toll,73,3,4,Not Divided,1,2939626.21276982,1910768.11422279,41.88856001,-87.80501965,,Urban,1,N,(N/A),Y,(N/A)
2022,2022-06-13,Monday,8,08:50 AM,Fatal,Fatal Crash,0,1,0,0,0,1,Front to Rear,11,N,N,Failing to Reduce Speed to Avoid Crash,Following Too Closely,Daylight,Clear,Dry,N,,,,,Other Regualtory Sig,Functioning Properly,N,2,41.8737337,-87.8040619,ok,Partial Access Control,3,03-22-08220,2022,,28,3,50000 and OVER,9,4295,Oak Park,C,Urban InterState,,16,13,11771994,6,Cook,4,22,,,1,N,No,(UNK),202201199052,ISP,1,21.60000038,Y,,,,(UNK),1001795,(N/A),(UNK),No Defects,1,1,InterState,1,9290,X002659566,Not Toll,73,10,4,Divided With Median Barrier,3,2940037.5,1905369.5,41.87372584,-87.80405606,,Urban,1,N,(N/A),Y,(N/A)
2022,2022-07-09,Saturday,13,01:30 PM,Property Damage,No Injuries,0,0,0,0,0,4,Front to Rear,11,N,N,Following Too Closely,Driving Skills/Knowledge/Experience,Daylight,Unknown,Unknown,N,,,,,Other Regualtory Sig,Unknown,N,2,41.873291,-87.8005039,ok,Partial Access Control,3,03-22-10511,2022,,3,15,50000 and OVER,9,4295,Oak Park,C,Urban InterState,,16,9,11824529,7,Cook,0,22,,,6,N,No,(UNK),202201236783,ISP,1,0.08,Y,,,,(UNK),1001803,(N/A),(UNK),Unknown,99,9,InterState,1,290,X002705259,Not Toll,,10,9,Divided With Median Barrier,3,2941011.02854293,1905234.89986995,41.87328319,-87.80049806,,Urban,9,N,(N/A),N,(N/A)
2022,2022-07-12,Tuesday,11,11:00 AM,Property Damage,No Injuries,0,0,0,0,0,2,Front to Rear,11,N,N,Failing to Reduce Speed to Avoid Crash,Unable to Determine,Daylight,Clear,Dry,N,,,,,Traffic Signal,Functioning Properly,N,2,41.8798092,-87.794223,ok,(UNK),1,2204075,2022,,28,18,50000 and OVER,9,4295,Oak Park,C,Urban Minor Arterial,,16,12,11824592,7,Cook,0,22,,,2,N,No,Stopped,202201236853,City,1,0,N,,,,(UNK),1001850,(N/A),(UNK),No Defects,1,1,Minor Arterial,4,,X002705321,Not Toll,73,3,4,Divided With Median Barrier,3,2942656.04525756,1907657.46663379,41.87980131,-87.79421718,,Urban,1,N,(N/A),Y,(N/A)
2022,2022-10-08,Saturday,7,07:50 AM,Property Damage,No Injuries,0,0,0,0,0,2,Turning,10,N,N,Failing to Yield Right of Way,Failing to Reduce Speed to Avoid Crash,Daylight,Clear,Dry,Y,,,,,Stop Sign,Functioning Properly,N,2,41.8865621,-87.8049459,ok,(UNK),1,22-03032,2022,,2,28,50000 and OVER,9,4295,Oak Park,C,Urban Other Principal Arte,,16,8,11914555,10,Cook,0,22,,,6,N,Yes,Free Flow,202201321685,City,1,26.5,Y,,,,(UNK),1002060,(N/A),(UNK),No Defects,1,1,Other Principal Arterial,3,5043,X002784502,Not Toll,73,2,4,"Divided, No Median Barrier",2,2939667.9927601,1910037.7762229,41.88655426,-87.80494014,,Urban,1,N,(N/A),Y,(N/A)
2022,2022-02-07,Monday,15,03:04 PM,Property Damage,No Injuries,0,0,0,0,0,2,Turning,10,N,N,Improper Turning/No Signal,Driving Skills/Knowledge/Experience,Daylight,Clear,Dry,N,,,,,No Controls,No Controls,N,2,41.8664463,-87.8042606,ok,(UNK),1,22-00442,2022,,6,15,50000 and OVER,9,4295,Oak Park,C,Urban Other Principal Arte,,16,7,11622588,2,Cook,0,22,,,1,N,No,Free Flow,202201046282,City,1,20.59000015,Y,,,,(UNK),1002619,(N/A),(UNK),No Defects,1,1,Other Principal Arterial,3,348,X002530562,Not Toll,73,1,1,"Divided, No Median Barrier",2,2940056.50126737,1902712.37549002,41.8664385,-87.80425478,,Urban,1,N,(N/A),Y,(N/A)
2022,2022-07-19,Tuesday,19,07:14 PM,Injury,B Injury Crash,1,0,0,1,0,1,Turning,10,N,N,Failing to Yield Right of Way,Failing to Reduce Speed to Avoid Crash,Daylight,Clear,Dry,Y,,,,,No Controls,No Controls,N,2,41.8883879,-87.7863475,ok,(UNK),1,2204243,2022,,2,28,50000 and OVER,9,4295,Oak Park,C,Urban Major Collector,,16,19,11826008,7,Cook,2,22,,,2,N,No,Free Flow,202201238526,City,1,0,N,,,,(UNK),1003000,(N/A),(UNK),No Defects,1,1,Major Collector,5,,X002706595,Not Toll,73,1,1,"Divided, No Median Barrier",2,2944714.09344572,1910843.12682903,41.88838001,-87.78634171,,Urban,1,N,(N/A),Y,(N/A)
2022,2022-07-14,Thursday,17,05:12 PM,Property Damage,No Injuries,0,0,0,0,0,4,Angle,15,N,N,Failing to Yield Right of Way,Failing to Reduce Speed to Avoid Crash,Daylight,Clear,Dry,Y,,,,,Stop Sign,Functioning Properly,N,2,41.8944578,-87.7912958,ok,(UNK),1,2204139,2022,,2,28,50000 and OVER,9,4295,Oak Park,C,Urban Minor Arterial,,16,14,11826005,7,Cook,0,22,,,4,N,No,Slow,202201238522,City,1,0,N,,,,(UNK),1003002,(N/A),(UNK),No Defects,1,1,Minor Arterial,4,,X002706593,Not Toll,73,2,4,Not Divided,1,2943305.38207267,1913017.78681717,41.89445,-87.79129001,,Urban,1,N,(N/A),Y,(N/A)
2022,2022-10-08,Saturday,1,01:24 AM,Property Damage,No Injuries,0,0,0,0,0,2,Front to Rear,11,N,N,Failing to Reduce Speed to Avoid Crash,Improper Lane Usage,Darkness / Lighted Road,Clear,Dry,N,,,,,Other,Functioning Properly,N,2,41.8716693,-87.7841797,ok,Partial Access Control,3,03-22-14555,2022,,28,20,50000 and OVER,9,4295,Oak Park,C,Urban InterState,,16,8,11914863,10,Cook,0,22,,,6,N,No,(UNK),202201321980,ISP,5,22.59000015,Y,,,,(UNK),1003151,(N/A),(UNK),No Defects,1,1,InterState,1,9290,X002784800,Not Toll,73,13,4,Divided With Median Barrier,3,2945473.6133096,1904766.96263138,41.87166145,-87.78417392,,Urban,1,N,(N/A),Y,(N/A)
2022,2022-07-12,Tuesday,22,10:53 PM,Property Damage,No Injuries,0,0,0,0,0,1,Fixed Object,6,N,N,Unable to Determine,(N/A),Darkness / Lighted Road,Clear,Dry,Y,,,,,No Controls,No Controls,N,1,41.9092074,-87.7795072,ok,(UNK),1,2204087,2022,,18,99,50000 and OVER,9,4295,Oak Park,C,Urban Other Principal Arte,,16,12,11826666,7,Cook,0,22,,,2,N,No,Free Flow,202201239213,City,5,130.52999878,Y,,,,(UNK),1003161,(N/A),(UNK),No Defects,1,1,Other Principal Arterial,3,5064,X002707228,Not Toll,73,1,1,Divided With Median Barrier,3,2946365.50386056,1918481.95169213,41.90919956,-87.77950143,,Urban,1,N,(N/A),Y,(N/A)
2022,2022-07-13,Wednesday,19,07:43 PM,Property Damage,No Injuries,0,0,0,0,0,1,Parked Motor Vehicle,9,N,N,(N/A),(N/A),Daylight,Clear,Dry,N,,,,,No Controls,No Controls,Y,2,41.8901599,-87.798809,ok,(UNK),1,2204112,2022,,99,99,50000 and OVER,9,4295,Oak Park,C,Urban Local Road or Street,,16,13,11826686,7,Cook,0,22,,,3,N,No,Slow,202201239238,City,1,0.07,N,,,,(UNK),1003163,(N/A),(UNK),No Defects,1,1,Local Road or Street,7,3060,X002707245,Not Toll,73,1,1,Not Divided,1,2941302.94513415,1911394.955789,41.89015205,-87.79880323,,Urban,1,N,(N/A),Y,(N/A)
2022,2022-07-17,Sunday,11,11:22 AM,Property Damage,No Injuries,0,0,0,0,0,2,Angle,15,N,N,Failing to Yield Right of Way,Failing to Reduce Speed to Avoid Crash,Daylight,Cloudy/Overcast,Dry,N,,,,,No Controls,No Controls,N,2,41.8796627,-87.7844303,ok,(UNK),1,2204183,2022,,2,28,50000 and OVER,9,4295,Oak Park,C,Urban Major Collector,,16,17,11826718,7,Cook,0,22,,,7,N,No,Slow,202201239288,City,1,1.52999997,N,,,,(UNK),1003164,(N/A),(UNK),No Defects,1,1,Major Collector,5,2783,X002707273,Not Toll,73,1,1,"Divided, No Median Barrier",2,2945324.45788391,1907678.01421355,41.87965487,-87.78442454,,Urban,8,N,(N/A),Y,(N/A)
2022,2022-07-17,Sunday,21,09:16 PM,Property Damage,No Injuries,0,0,0,0,0,4,Front to Rear,11,N,N,Following Too Closely,Failing to Reduce Speed to Avoid Crash,Darkness / Lighted Road,Clear,Dry,Y,,,,,Pedestrian Crossing,Functioning Properly,N,2,41.8800586,-87.7804422,ok,(UNK),1,2204194,2022,,3,28,50000 and OVER,9,4295,Oak Park,C,Urban Local Road or Street,,16,17,11826721,7,Cook,0,22,,,7,N,No,Free Flow,202201239293,City,5,0,N,,,,(UNK),1003165,(N/A),(UNK),No Defects,1,1,Local Road or Street,7,,X002707276,Not Toll,73,17,4,"Divided, No Median Barrier",2,2946406.56643181,1907852.48778506,41.8800508,-87.78043644,,Urban,1,N,(N/A),Y,(N/A)
2022,2022-03-19,Saturday,10,10:34 AM,Property Damage,No Injuries,0,0,0,0,0,3,Angle,15,N,N,Failing to Yield Right of Way,Failing to Reduce Speed to Avoid Crash,Daylight,Rain,Wet,N,,,,,No Controls,No Controls,N,2,41.8834523,-87.8048597,ok,(UNK),1,22-00859,2022,,2,28,50000 and OVER,9,4295,Oak Park,C,Urban Other Principal Arte,,16,19,11671725,3,Cook,0,22,,,6,N,No,Slow,202201091835,City,1,19.42000008,Y,,,,(UNK),1003513,(N/A),(UNK),No Defects,1,2,Other Principal Arterial,3,348,X002572053,Not Toll,73,1,1,Parking Lot,7,2939722.69484108,1908905.14726298,41.88344443,-87.80485386,,Urban,2,N,(N/A),Y,(N/A)
2022,2022-07-18,Monday,11,11:19 AM,Property Damage,No Injuries,0,0,0,0,0,3,Front to Rear,11,N,N,Failing to Reduce Speed to Avoid Crash,(N/A),Daylight,Clear,Dry,N,,,,,No Controls,No Controls,N,2,41.8797949,-87.788904,ok,(UNK),1,2204204,2022,,28,99,50000 and OVER,9,4295,Oak Park,C,Urban Minor Arterial,,16,18,11827253,7,Cook,0,22,,,1,N,No,Slow,202201239613,City,1,3.88000011,N,,,,(UNK),1003724,(N/A),(UNK),No Defects,1,1,Minor Arterial,4,1419,X002707490,Not Toll,73,1,1,"Divided, No Median Barrier",2,2944104.7579358,1907692.3653968,41.87978701,-87.78889821,,Urban,1,N,(N/A),Y,(N/A)
2022,2022-07-12,Tuesday,14,02:47 PM,Property Damage,No Injuries,0,0,0,0,0,2,Sideswipe Same Direction,12,N,N,Improper Lane Usage,Following Too Closely,Daylight,Clear,Dry,N,,,,,Other,Functioning Properly,N,2,41.8726202,-87.7938177,ok,Partial Access Control,3,03-22-09804,2022,,20,3,50000 and OVER,9,4295,Oak Park,C,Urban InterState,,16,12,11831103,7,Cook,0,22,,,2,N,No,(UNK),202201243686,ISP,1,22.07999992,Y,,,,(UNK),1004915,(N/A),(UNK),No Defects,1,1,InterState,1,9290,X002711114,Not Toll,73,13,4,Divided With Median Barrier,3,2942838.88235294,1905040.7459893,41.87261239,-87.79381191,,Urban,1,N,(N/A),Y,(N/A)
2022,2022-07-18,Monday,8,08:00 AM,Property Damage,No Injuries,0,0,0,0,0,4,Angle,15,N,N,Failing to Yield Right of Way,Failing to Reduce Speed to Avoid Crash,Daylight,Clear,Dry,N,,,,,Stop Sign,Functioning Properly,N,2,41.8884414,-87.788512,ok,(UNK),1,2204198,2022,,2,28,50000 and OVER,9,4295,Oak Park,C,Urban Major Collector,,16,18,11831345,7,Cook,0,22,,,1,N,No,Free Flow,202201243943,City,1,0.67000002,N,,,,(UNK),1005057,(N/A),(UNK),No Defects,1,1,Major Collector,5,1405,X002711348,Not Toll,73,2,4,"Divided, No Median Barrier",2,2944124.16138582,1910846.29229239,41.88843357,-87.78850617,,Urban,1,N,(N/A),Y,(N/A)
2022,2022-11-12,Saturday,0,00:26 AM,Property Damage,No Injuries,0,0,0,0,0,1,Parked Motor Vehicle,9,N,N,Driving Skills/Knowledge/Experience,Driving Skills/Knowledge/Experience,Darkness / Lighted Road,Clear,Dry,N,,,,,No Controls,No Controls,N,2,41.9025015,-87.7841637,ok,(UNK),1,2207073,2022,,15,15,50000 and OVER,9,4295,Oak Park,C,Urban Major Collector,,16,12,11964589,11,Cook,0,22,,,6,N,Yes,Slow,202201368356,City,5,0.47,N,,,,(UNK),1005649,(N/A),(UNK),No Defects,1,1,Major Collector,5,2783,X002827720,Not Toll,73,1,1,Not Divided,1,2945165.85275192,1916002.94025161,41.9024937,-87.7841579,,Urban,1,N,(N/A),Y,(N/A)
2022,2022-11-12,Saturday,8,08:54 AM,Property Damage,No Injuries,0,0,0,0,0,3,Turning,10,N,N,Improper Turning/No Signal,Driving Skills/Knowledge/Experience,Daylight,Cloudy/Overcast,Dry,Y,,,,,No Controls,No Controls,N,2,41.9088998,-87.8021141,ok,(UNK),1,2207075,2022,,6,15,50000 and OVER,9,4295,Oak Park,C,Urban Other Principal Arte,,16,12,11964597,11,Cook,0,22,,,6,N,No,Free Flow,202201368362,City,1,129.36000061,Y,,,,(UNK),1005652,(N/A),(UNK),No Defects,1,1,Other Principal Arterial,3,5064,X002827726,Not Toll,73,1,1,Unknown Intersection Type,22,2940214.64938726,1918199.31295459,41.90889197,-87.80210835,,Urban,8,N,(N/A),Y,(N/A)
2022,2022-11-12,Saturday,12,12:15 PM,Property Damage,No Injuries,0,0,0,0,0,3,Front to Rear,11,N,N,Following Too Closely,Unable to Determine,Daylight,Cloudy/Overcast,Dry,Y,,,,,Traffic Signal,Functioning Properly,N,2,41.8905578,-87.8051158,ok,(UNK),1,2207081,2022,,3,18,50000 and OVER,9,4295,Oak Park,C,Urban Other Principal Arte,,16,12,11964599,11,Cook,0,22,,,6,N,No,Slow,202201368364,City,1,26.78000069,Y,,,,(UNK),1005654,(N/A),(UNK),No Defects,1,1,Other Principal Arterial,3,5043,X002827728,Not Toll,73,3,4,Four Way,14,2939581.64368613,1911492.60546297,41.89054994,-87.80511,,Urban,8,N,(N/A),Y,(N/A)
2022,2022-11-12,Saturday,22,10:41 PM,Property Damage,No Injuries,0,0,0,0,0,2,Angle,15,N,N,Disregarding Traffic Signals,Failing to Reduce Speed to Avoid Crash,Darkness,Clear,Dry,Y,,,,,Traffic Signal,Functioning Properly,Y,2,41.872628,-87.7842178,ok,(UNK),1,2207091,2022,,25,28,50000 and OVER,9,4295,Oak Park,C,Urban Major Collector,,16,12,11964606,11,Cook,0,22,,,6,N,No,(UNK),202201368371,City,4,0,N,,,,(UNK),1005684,(N/A),(UNK),No Defects,1,1,Major Collector,5,,X002827735,Not Toll,73,3,4,T-Intersection,15,2945453.53781785,1905116.03844814,41.87262014,-87.784212,,Urban,1,N,(N/A),Y,(N/A)
2022,2022-07-09,Saturday,4,04:33 AM,Property Damage,No Injuries,0,0,0,0,0,1,Parked Motor Vehicle,9,N,N,Driving Skills/Knowledge/Experience,Failing to Reduce Speed to Avoid Crash,Darkness / Lighted Road,Clear,Dry,N,,,,,No Controls,No Controls,N,2,41.9089059,-87.8016228,ok,(UNK),1,2204008,2022,,15,28,50000 and OVER,9,4295,Oak Park,C,Urban Other Principal Arte,,16,9,11833857,7,Cook,0,22,,,6,N,No,Free Flow,202201246579,City,5,6.13999987,Y,,,,(UNK),1006102,(N/A),(UNK),No Defects,1,1,Other Principal Arterial,3,307,X002713637,Not Toll,73,1,1,"Divided, No Median Barrier",2,2940348.34889884,1918205.22023746,41.90889806,-87.80161697,,Urban,1,N,(N/A),Y,(N/A)
2022,2022-10-10,Monday,6,06:57 AM,Property Damage,No Injuries,0,0,0,0,0,3,Turning,10,N,N,Failing to Yield Right of Way,(N/A),Daylight,Clear,Dry,N,,,,,No Controls,No Controls,N,2,41.8866378,-87.8049499,ok,(UNK),1,22-03052,2022,,2,99,50000 and OVER,9,4295,Oak Park,C,Urban Other Principal Arte,,16,10,11915924,10,Cook,0,22,,,1,N,No,Free Flow,202201323007,City,1,19.19000053,Y,,,,(UNK),1006747,(N/A),(UNK),No Defects,1,1,Other Principal Arterial,3,348,X002785837,Not Toll,73,1,1,Not Divided,1,2939666.15773746,1910065.32915399,41.88662994,-87.80494409,,Urban,1,N,(N/A),Y,(N/A)
2022,2022-08-17,Wednesday,18,06:51 PM,Injury,B Injury Crash,3,0,0,3,0,3,Angle,15,N,N,Failing to Yield Right of Way,(N/A),Daylight,Clear,Dry,Y,,,,,Stop Sign,Functioning Properly,N,2,41.9088536,-87.8042144,ok,(UNK),1,2204957,2022,,2,99,50000 and OVER,9,4295,Oak Park,C,Urban Other Principal Arte,,16,17,11863577,8,Cook,2,22,,,3,N,No,Free Flow,202201273216,City,1,129.25,Y,,,,(UNK),1006817,(N/A),(UNK),No Defects,1,1,Other Principal Arterial,3,5064,X002739718,Not Toll,73,2,4,T-Intersection,15,2939643.37931308,1918166.71397459,41.90884577,-87.80420864,,Urban,1,N,(N/A),Y,(N/A)
2022,2022-08-18,Thursday,7,07:32 AM,Property Damage,No Injuries,0,0,0,0,0,2,Sideswipe Same Direction,12,N,N,Failing to Yield Right of Way,Unable to Determine,Daylight,Clear,Dry,N,,,,,No Controls,No Controls,N,2,41.8945889,-87.7831878,ok,(UNK),1,2204960,2022,,2,18,50000 and OVER,9,4295,Oak Park,C,Urban Minor Arterial,,16,18,11863582,8,Cook,0,22,,,4,N,No,Slow,202201273221,City,1,3.71000004,N,,,,(UNK),1006818,(N/A),(UNK),No Defects,1,1,Minor Arterial,4,1398,X002739723,Not Toll,73,1,1,Not Divided,1,2945511.69753423,1913126.81455464,41.89458109,-87.78318196,,Urban,1,N,(N/A),Y,(N/A)
2022,2022-03-20,Sunday,23,11:48 PM,Property Damage,No Injuries,0,0,0,0,0,2,Sideswipe Same Direction,12,N,N,Improper Overtaking/Passing,Improper Lane Usage,Darkness / Lighted Road,Clear,Dry,N,,,,,Other,Functioning Properly,N,2,41.8724922,-87.7939924,ok,Partial Access Control,3,03-22-03856,2022,,4,20,50000 and OVER,9,4295,Oak Park,C,Urban InterState,,16,20,11673001,3,Cook,0,22,,,7,N,No,(UNK),202201093002,ISP,5,22.06999969,Y,,,,(UNK),1006911,(N/A),(UNK),No Defects,1,1,InterState,1,9290,X002573059,Not Toll,73,13,4,Divided With Median Barrier,3,2942792.59961192,1904992.78523384,41.87248439,-87.79398657,,Urban,1,N,(N/A),Y,(N/A)
2022,2022-08-18,Thursday,15,03:24 PM,Property Damage,No Injuries,0,0,0,0,0,3,Front to Rear,11,N,N,Failing to Reduce Speed to Avoid Crash,Following Too Closely,Daylight,Clear,Dry,Y,,,,,No Controls,No Controls,N,3,41.8779416,-87.7941762,ok,(UNK),1,2204975,2022,,28,3,50000 and OVER,9,4295,Oak Park,C,Urban Major Collector,,16,18,11863646,8,Cook,0,22,,,4,N,Yes,Free Flow,202201273283,City,1,0,N,,,,(UNK),1007102,(N/A),(UNK),No Defects,1,1,Major Collector,5,,X002739783,Not Toll,73,1,1,Not Divided,1,2942687.59738482,1906977.24281569,41.87793374,-87.79417044,,Urban,1,N,(N/A),Y,(N/A)
2022,2022-08-19,Friday,10,10:47 AM,Injury,C Injury Crash,1,0,0,0,1,1,Rear to Front,18,N,N,Improper Backing,Unable to Determine,Daylight,Clear,Dry,N,,,,,No Controls,No Controls,N,2,41.8853698,-87.7750572,ok,(UNK),1,2204999,2022,,30,18,50000 and OVER,9,4295,Oak Park,C,Urban Local Road or Street,,16,19,11863739,8,Cook,1,22,,,5,N,No,Slow,202201273372,City,1,0.97000003,N,,,,(UNK),1007584,(N/A),(UNK),No Defects,1,1,Local Road or Street,7,3030,X002739872,Not Toll,73,1,1,Parking Lot,7,2947819.14520629,1909828.81940508,41.88536196,-87.77505145,,Urban,1,N,(N/A),Y,(N/A)