crash_year,crash_date,day_of_week,crash_hour,time_of_crash,crash_severity,crash_injury_severity,total_injured,total_fatals,a_injuries,b_injuries,c_injuries,no_injuries,type_of_first_crash,collision_type_code,pedestrian_involved,pedalcyclist_involved,cause1,cause2,lighting_cond,weather_cond,road_surface_cond,intersection_related,is_intersection,highway_or_street_name,at_intersection_with,address_no,traffic_control_device,traffic_control_device_cond,hit_and_run,number_of_vehicles,latitude,longitude,location_status,access_control,agency_code,agency_report_number,agency_report_year,alignment_code,cause1_code,cause2_code,city_class,city_class_code,city_code,city_name,city_township_flag,class_of_trafficway,class_of_trafficway_code,county_code,crash_day,crash_id,crash_month,crash_report_county,crash_severity_cd,crash_yr_source,damaged_property1,damaged_property2,day_of_week_code,did_crash_occur_in_work_zone,did_involve_secondary_crash,flow_condition,icn,investigating_agency_descrip,light_condition_code,mile_station,nhs,non_intersection_direction,non_intersection_distance,non_intersection_units,number_of_lanes,objectid,railroad_crossing_number,road_alignment,road_defects,road_defects_code,road_surface_condition_code,roadway_functional_class,roadway_functional_class_code,route_number,sfe,toll,township,traffic_control_device_code,traffic_control_device_cond_code,trafficway_descrip,trafficway_description_code,ts_crash_coordinate_x,ts_crash_coordinate_y,ts_crash_latitude,ts_crash_longitude,type_report,urban_rural,weather_code,were_workers_present,work_zone,work_zone_related,work_zone_type
2022,2022-03-21,Monday,8,08:40 AM,Injury,B Injury Crash,1,0,0,1,0,1,Pedalcyclist,2,N,Y,Failing to Reduce Speed to Avoid Crash,Improper Lane Usage,Daylight,Clear,Dry,Y,,,,,Traffic Signal,Functioning Properly,Y,1,41.8883279,-87.7846957,ok,(UNK),1,2201514,2022,,28,20,50000 and OVER,9,4295,Oak Park,C,Urban Major Collector,,16,21,11673419,3,Cook,2,22,,,1,N,No,Stopped,202201093411,City,1,0,N,,,,(UNK),1007610,(N/A),(UNK),No Defects,1,1,Major Collector,5,,X002573439,Not Toll,73,3,4,Four Way,14,2945164.49972375,1910833.75321068,41.88832002,-87.78468988,,Urban,1,N,(N/A),Y,(N/A)
2022,2022-02-05,Saturday,10,10:10 AM,Property Damage,No Injuries,0,0,0,0,0,2,Angle,15,N,N,Failing to Yield Right of Way,Unable to Determine,Daylight,Clear,Dry,Y,,,,,Stop Sign,Functioning Properly,N,2,41.8745057,-87.7806043,ok,(UNK),1,2200637,2022,,2,18,50000 and OVER,9,4295,Oak Park,C,Urban Local Road or Street,,16,5,11625148,2,Cook,0,22,,,6,N,No,Free Flow,202201048057,City,1,0,N,,,,(UNK),1007740,(N/A),(UNK),No Defects,1,1,Local Road or Street,7,,X002532295,Not Toll,73,2,4,Not Divided,1,2946418.72781958,1905827.66862752,41.87449786,-87.78059847,,Urban,1,N,(N/A),Y,(N/A)
2022,2022-06-11,Saturday,19,07:21 PM,Property Damage,No Injuries,0,0,0,0,0,4,Other Object,7,N,N,Improper Lane Usage,Operating Vehicle In Reckless Manner,Daylight,Clear,Dry,N,,,,,No Controls,No Controls,N,2,41.8868758,-87.7948495,ok,(UNK),1,2203350,2022,,20,50,50000 and OVER,9,4295,Oak Park,C,Urban Local Road or Street,,16,11,11774727,6,Cook,0,22,,,6,N,No,Free Flow,202201189466,City,1,0.5,N,,,,(UNK),1009251,(N/A),(UNK),No Defects,1,1,Local Road or Street,7,3036,X002662124,Not Toll,73,1,1,One-Way,10,2942414.21770695,1910227.96974668,41.88686797,-87.79484366,,Urban,1,N,(N/A),Y,(N/A)
2022,2022-06-15,Wednesday,7,07:30 AM,Property Damage,No Injuries,0,0,0,0,0,2,Sideswipe Same Direction,12,N,N,Improper Lane Usage,Driving Skills/Knowledge/Experience,Daylight,Clear,Dry,N,,,,,Other,Functioning Properly,N,2,41.8716763,-87.7841802,ok,Partial Access Control,3,03-22-08331,2022,,20,15,50000 and OVER,9,4295,Oak Park,C,Urban InterState,,16,15,11774799,6,Cook,0,22,,,3,N,No,(UNK),202201189264,ISP,1,22.59000015,Y,,,,(UNK),1009356,(N/A),(UNK),No Defects,1,1,InterState,1,9290,X002662189,Not Toll,73,13,4,Divided With Median Barrier,3,2945473.3994124,1904769.49360134,41.87166841,-87.78417445,,Urban,1,N,(N/A),Y,(N/A)
2022,2022-03-19,Saturday,8,08:29 AM,Property Damage,No Injuries,0,0,0,0,0,3,Angle,15,N,N,Failing to Yield Right of Way,Unable to Determine,Daylight,Rain,Wet,Y,,,,,Stop Sign,Functioning Properly,N,3,41.8945279,-87.7881253,ok,(UNK),1,2201472,2022,,2,18,50000 and OVER,9,4295,Oak Park,C,Urban Minor Arterial,,16,19,11674280,3,Cook,0,22,,,6,N,Yes,Free Flow,202201094321,City,1,0,N,,,,(UNK),1009592,(N/A),(UNK),No Defects,1,2,Minor Arterial,4,,X002574111,Not Toll,73,2,4,Not Divided,1,2944167.9299928,1913067.2549457,41.89452008,-87.78811951,,Urban,2,N,(N/A),Y,(N/A)
2022,2022-03-18,Friday,10,10:47 AM,Property Damage,No Injuries,0,0,0,0,0,2,Turning,10,N,N,Driving Skills/Knowledge/Experience,Failing to Reduce Speed to Avoid Crash,Daylight,Clear,Dry,Y,,,,,Traffic Signal,Functioning Properly,N,2,41.8759848,-87.8045958,ok,(UNK),1,2201450,2022,,15,28,50000 and OVER,9,4295,Oak Park,C,Urban Other Principal Arte,,16,18,11674278,3,Cook,0,22,,,5,N,No,Stopped,202201094319,City,1,25.77000046,Y,,,,(UNK),1009593,(N/A),(UNK),No Defects,1,1,Other Principal Arterial,3,5043,X002574109,Not Toll,73,3,4,Not Divided,1,2939869.49456576,1906185.86027551,41.875977,-87.80458997,,Urban,1,N,(N/A),Y,(N/A)
2022,2022-03-20,Sunday,1,01:05 AM,Property Damage,No Injuries,0,0,0,0,0,4,Angle,15,N,N,Failing to Yield Right of Way,(N/A),Darkness / Lighted Road,Clear,Dry,Y,,,,,No Controls,No Controls,N,2,41.8657269,-87.7826998,ok,(UNK),1,2201489,2022,,2,99,50000 and OVER,9,4295,Oak Park,C,Urban Local Road or Street,,16,20,11674283,3,Cook,0,22,,,7,N,No,Slow,202201094324,City,5,0.34,N,,,,(UNK),1009610,(N/A),(UNK),No Defects,1,1,Local Road or Street,7,2635,X002574114,Not Toll,73,1,1,"Divided, No Median Barrier",2,2945936.88526591,1902612.63850253,41.86571904,-87.78269398,,Urban,1,N,(N/A),Y,(N/A)
2022,2022-03-20,Sunday,5,05:02 AM,Property Damage,No Injuries,0,0,0,0,0,1,Front to Rear,11,N,N,Improper Lane Usage,(N/A),Darkness / Lighted Road,Clear,Dry,Y,,,,,No Controls,No Controls,N,2,41.8851878,-87.7944158,ok,(UNK),1,2201490,2022,,20,99,50000 and OVER,9,4295,Oak Park,C,Urban Major Collector,,16,20,11674284,3,Cook,0,22,,,7,N,No,Free Flow,202201094325,City,5,0,N,,,,(UNK),1009611,(N/A),(UNK),No Defects,1,1,Major Collector,5,,X002574116,Not Toll,73,1,1,Not Divided,1,2942549.32122709,1909616.10833626,41.88518,-87.79441,,Urban,1,N,(N/A),Y,(N/A)
2022,2022-03-20,Sunday,13,01:49 PM,Property Damage,No Injuries,0,0,0,0,0,1,Parked Motor Vehicle,9,N,N,Failing to Reduce Speed to Avoid Crash,Distraction - From Inside Vehicle,Daylight,Clear,Dry,N,,,,,No Controls,No Controls,N,2,41.896137,-87.7800186,ok,(UNK),1,2201500,2022,,28,41,50000 and OVER,9,4295,Oak Park,C,Urban Local Road or Street,,16,20,11674285,3,Cook,0,22,,,7,N,No,Free Flow,202201094326,City,1,0.88999999,N,,,,(UNK),1009613,(N/A),(UNK),No Defects,1,1,Local Road or Street,7,3559,X002574118,Not Toll,73,1,1,Not Divided,1,2946358.88507033,1913714.9751227,41.8961292,-87.78001281,,Urban,1,N,(N/A),Y,(N/A)
2022,2022-03-18,Friday,9,09:30 AM,Property Damage,No Injuries,0,0,0,0,0,2,Front to Rear,11,N,N,Failing to Reduce Speed to Avoid Crash,(N/A),Daylight,Cloudy/Overcast,Dry,N,,,,,Traffic Signal,Functioning Properly,N,2,41.865316,-87.7937335,ok,(UNK),1,2201456,2022,,28,99,50000 and OVER,9,4295,Oak Park,C,Urban Major Collector,,16,18,11674311,3,Cook,0,22,,,5,N,No,Stopped,202201094339,City,1,7.15999985,N,,,,(UNK),1009618,(N/A),(UNK),No Defects,1,1,Major Collector,5,2775,X002574105,Not Toll,73,3,4,"Divided, No Median Barrier",2,2942935.44396817,1902379.58369305,41.86530814,-87.79372768,,Urban,8,N,(N/A),Y,(N/A)
2022,2022-03-19,Saturday,17,05:35 PM,Property Damage,No Injuries,0,0,0,0,0,2,Front to Rear,11,N,N,Failing to Reduce Speed to Avoid Crash,(N/A),Daylight,Cloudy/Overcast,Wet,N,,,,,No Controls,No Controls,N,2,41.8687163,-87.8043354,ok,(UNK),1,2201484,2022,,28,99,50000 and OVER,9,4295,Oak Park,C,Urban Other Principal Arte,,16,19,11674310,3,Cook,0,22,,,6,N,No,Stopped,202201094338,City,1,25.26000023,Y,,,,(UNK),1009619,(N/A),(UNK),No Defects,1,2,Other Principal Arterial,3,5043,X002574103,Not Toll,73,1,1,"Divided, No Median Barrier",2,2940013.33611467,1903539.0429297,41.8687085,-87.80432963,,Urban,8,N,(N/A),Y,(N/A)
2022,2022-10-10,Monday,15,03:45 PM,Property Damage,No Injuries,0,0,0,0,0,3,Front to Rear,11,N,N,Following Too Closely,Unable to Determine,Daylight,Clear,Dry,N,,,,,No Controls,No Controls,N,3,41.8776726,-87.8046511,ok,(UNK),1,22-03063,2022,,3,18,50000 and OVER,9,4295,Oak Park,C,Urban Other Principal Arte,,16,10,11916954,10,Cook,0,22,,,1,N,No,Free Flow,202201323954,City,1,19.80999947,Y,,,,(UNK),1009866,(N/A),(UNK),No Defects,1,1,Other Principal Arterial,3,348,X002786790,Not Toll,73,1,1,"Divided, No Median Barrier",2,2939837.50056308,1906800.48184527,41.87766473,-87.80464526,,Urban,1,N,(N/A),Y,(N/A)
2022,2022-10-10,Monday,18,06:24 PM,Property Damage,No Injuries,0,0,0,0,0,2,Sideswipe Same Direction,12,N,N,Improper Lane Usage,Unable to Determine,Darkness / Lighted Road,Clear,Dry,N,,,,,No Controls,No Controls,N,2,41.8834265,-87.8048592,ok,(UNK),1,22-03068,2022,,20,18,50000 and OVER,9,4295,Oak Park,C,Urban Other Principal Arte,,16,10,11916957,10,Cook,0,22,,,1,N,No,Free Flow,202201323956,City,5,19.42000008,Y,,,,(UNK),1009868,(N/A),(UNK),No Defects,1,1,Other Principal Arterial,3,348,X002786793,Not Toll,73,1,1,"Divided, No Median Barrier",2,2939723.08612651,1908895.75312738,41.88341865,-87.80485337,,Urban,1,N,(N/A),Y,(N/A)
2022,2022-10-07,Friday,9,09:18 AM,Property Damage,No Injuries,0,0,0,0,0,4,Front to Rear,11,N,N,Failing to Reduce Speed to Avoid Crash,Following Too Closely,Daylight,Clear,Dry,N,,,,,No Controls,No Controls,N,4,41.8796946,-87.7989443,ok,(UNK),1,2206190,2022,,28,3,50000 and OVER,9,4295,Oak Park,C,Urban Minor Arterial,,16,7,11917077,10,Cook,0,22,,,5,N,No,Free Flow,202201324043,City,1,3.3599999,N,,,,(UNK),1010173,(N/A),(UNK),No Defects,1,1,Minor Arterial,4,1419,X002786879,Not Toll,73,1,1,Two-way Continuous Left-Tur,4,2941371.38705429,1907580.19595555,41.87968676,-87.79893852,,Urban,1,N,(N/A),Y,(N/A)
2022,2022-03-20,Sunday,15,03:55 PM,Property Damage,No Injuries,0,0,0,0,0,5,Parked Motor Vehicle,9,N,N,Under Influence of Alcohol/Drugs,Failing to Reduce Speed to Avoid Crash,Daylight,Clear,Dry,N,,,,,No Controls,No Controls,N,4,41.8913662,-87.7927571,ok,(UNK),1,2201502,2022,,8,28,50000 and OVER,9,4295,Oak Park,C,Urban Local Road or Street,,16,20,11674597,3,Cook,0,22,,,7,N,No,Free Flow,202201094715,City,1,0.47,N,,,,(UNK),1010227,(N/A),(UNK),No Defects,1,1,Local Road or Street,7,2673,X002574488,Not Toll,73,1,1,Not Divided,1,2942938.69991788,1911880.10943043,41.89135834,-87.79275128,,Urban,1,N,(N/A),Y,(N/A)
2022,2022-10-07,Friday,10,10:53 AM,Property Damage,No Injuries,0,0,0,0,0,2,Angle,15,N,N,Failing to Yield Right of Way,Failing to Reduce Speed to Avoid Crash,Daylight,Cloudy/Overcast,Dry,Y,,,,,Stop Sign,Functioning Properly,N,2,41.8944986,-87.7897701,ok,(UNK),1,2206193,2022,,2,28,50000 and OVER,9,4295,Oak Park,C,Urban Minor Arterial,,16,7,11917078,10,Cook,0,22,,,5,N,No,Free Flow,202201324044,City,1,0,N,,,,(UNK),1010242,(N/A),(UNK),No Defects,1,1,Minor Arterial,4,,X002786880,Not Toll,73,2,4,Not Divided,1,2943720.38157128,1913044.15353065,41.89449077,-87.78976432,,Urban,8,N,(N/A),Y,(N/A)
2022,2022-10-07,Friday,16,04:20 PM,Injury,A Injury Crash,1,0,1,0,0,1,Pedalcyclist,2,N,Y,Failing to Yield Right of Way,(N/A),Daylight,Clear,Dry,Y,,,,,Stop Sign,Functioning Properly,N,1,41.8867731,-87.8024906,ok,(UNK),1,2206204,2022,,2,99,50000 and OVER,9,4295,Oak Park,C,Urban Local Road or Street,,16,7,11917087,10,Cook,3,22,,,5,N,No,Slow,202201324053,City,1,0,N,,,,(UNK),1010244,(N/A),(UNK),No Defects,1,1,Local Road or Street,7,,X002786888,Not Toll,73,2,4,Four Way,14,2940334.48674601,1910133.10369334,41.88676529,-87.80248481,,Urban,1,N,(N/A),Y,(N/A)
2022,2022-06-15,Wednesday,15,03:18 PM,Property Damage,No Injuries,0,0,0,0,0,1,Parked Motor Vehicle,9,N,N,Failing to Reduce Speed to Avoid Crash,(N/A),Daylight,Clear,Dry,N,,,,,No Controls,No Controls,N,2,41.9059039,-87.7756594,ok,(UNK),1,2203442,2022,,28,99,50000 and OVER,9,4295,Oak Park,C,Urban Local Road or Street,,16,15,11775806,6,Cook,0,22,,,3,N,No,Free Flow,202201190309,City,1,0.23,N,,,,(UNK),1011147,(N/A),(UNK),No Defects,1,1,Local Road or Street,7,3140,X002663132,Not Toll,73,1,1,Not Divided,1,2947446.51661554,1917307.2617979,41.90589601,-87.77565361,,Urban,1,N,(N/A),Y,(N/A)
2022,2022-08-25,Thursday,12,12:40 PM,Property Damage,No Injuries,0,0,0,0,0,2,Front to Rear,11,N,N,Failing to Reduce Speed to Avoid Crash,Following Too Closely,Daylight,Clear,Dry,N,,,,,Other,Functioning Properly,N,2,41.870953,-87.7747813,ok,Partial Access Control,3,03-22-12205,2022,,28,3,50000 and OVER,9,4295,Oak Park,C,Urban InterState,,16,25,11864476,8,Cook,0,22,,,4,N,No,(UNK),202201274064,ISP,1,9.18999958,Y,,,,(UNK),1011206,(N/A),(UNK),No Defects,1,1,InterState,1,290,X002740564,Not Toll,,13,4,Divided With Median Barrier,3,2948040.78081472,1904577.15549737,41.87094514,-87.77477552,,Urban,1,N,(N/A),Y,(N/A)
2022,2022-08-28,Sunday,1,01:42 AM,Property Damage,No Injuries,0,0,0,0,0,1,Parked Motor Vehicle,9,N,N,Had Been Drinking,Improper Lane Usage,Darkness / Lighted Road,Clear,Dry,N,,,,,No Controls,No Controls,Y,2,41.8687929,-87.793876,ok,(UNK),1,2205204,2022,,19,20,50000 and OVER,9,4295,Oak Park,C,Urban Major Collector,,16,28,11864517,8,Cook,0,22,,,7,N,No,Free Flow,202201274105,City,5,0,N,,,,(UNK),1011479,(N/A),(UNK),No Defects,1,1,Major Collector,5,,X002740604,Not Toll,73,1,1,Not Divided,1,2942861.57629596,1903645.57106935,41.86878509,-87.79387021,,Urban,1,N,(N/A),Y,(N/A)
2022,2022-02-09,Wednesday,19,07:08 PM,Property Damage,No Injuries,0,0,0,0,0,2,Turning,10,N,N,Improper Turning/No Signal,Failing to Yield Right of Way,Darkness / Lighted Road,Clear,Dry,Y,,,,,Traffic Signal,Functioning Properly,N,2,41.8832478,-87.8048562,ok,(UNK),1,22-00471,2022,,6,2,50000 and OVER,9,4295,Oak Park,C,Urban Other Principal Arte,,16,9,11626627,2,Cook,0,22,,,3,N,No,Slow,202201049368,City,5,26.27000046,Y,,,,(UNK),1011614,(N/A),(UNK),No Defects,1,1,Other Principal Arterial,3,5043,X002533531,Not Toll,73,3,4,"Divided, No Median Barrier",2,2939725.69258133,1908830.67159922,41.88323999,-87.80485038,,Urban,1,N,(N/A),Y,(N/A)
2022,2022-08-26,Friday,17,05:03 PM,Injury,B Injury Crash,2,0,0,2,0,2,Angle,15,N,N,Disregarding Stop Sign,(N/A),Daylight,Clear,Dry,Y,,,,,Stop Sign,Functioning Properly,Y,2,41.876188,-87.7892166,ok,(UNK),1,2205175,2022,,23,99,50000 and OVER,9,4295,Oak Park,C,Urban Minor Collector,,16,26,11864621,8,Cook,2,22,,,5,N,No,Stopped,202201274216,City,1,0,N,,,,(UNK),1011957,(N/A),(UNK),No Defects,1,1,Minor Collector,6,,X002740704,Not Toll,73,2,4,"Divided, No Median Barrier",2,2944056.06733737,1906375.61318919,41.87618019,-87.78921076,,Urban,1,N,(N/A),Y,(N/A)
2022,2022-10-06,Thursday,13,01:50 PM,Property Damage,No Injuries,0,0,0,0,0,2,Front to Rear,11,N,N,Failing to Reduce Speed to Avoid Crash,Driving Skills/Knowledge/Experience,Daylight,Clear,Dry,N,,,,,No Controls,No Controls,Y,2,41.8712962,-87.7754448,ok,Partial Access Control,3,03-22-14460,2022,,28,15,50000 and OVER,9,4295,Oak Park,C,Urban InterState,,16,6,11918362,10,Cook,0,22,,,4,N,No,(UNK),202201325039,ISP,1,23.03000069,Y,,,,(UNK),1012606,(N/A),(UNK),No Defects,1,1,InterState,1,9290,X002787665,Not Toll,73,1,1,Divided With Median Barrier,3,2947856.56291187,1904697.20823475,41.8712884,-87.77543905,,Urban,1,N,(N/A),Y,(N/A)
2022,2022-08-19,Friday,14,02:35 PM,Property Damage,No Injuries,0,0,0,0,0,3,Turning,10,N,N,Failing to Yield Right of Way,Unable to Determine,Daylight,Clear,Dry,Y,,,,,Traffic Signal,Functioning Properly,N,2,41.8798687,-87.7844362,ok,(UNK),1,2205006,2022,,2,18,50000 and OVER,9,4295,Oak Park,C,Urban Minor Arterial,,16,19,11864901,8,Cook,0,22,,,5,N,No,Slow,202201274531,City,1,1.51999998,N,,,,(UNK),1012911,(N/A),(UNK),No Defects,1,1,Minor Arterial,4,2783,X002740962,Not Toll,73,3,4,Not Divided,1,2945320.77680739,1907753.02488327,41.87986082,-87.7844304,,Urban,1,N,(N/A),Y,(N/A)
2022,2022-08-20,Saturday,13,01:41 PM,Property Damage,No Injuries,0,0,0,0,0,4,Turning,10,N,N,Improper Lane Usage,Failing to Reduce Speed to Avoid Crash,Daylight,Rain,Wet,Y,,,,,Traffic Signal,Functioning Properly,N,2,41.8736416,-87.8045255,ok,Partial Access Control,1,2205031,2022,,20,28,50000 and OVER,9,4295,Oak Park,C,Urban InterState,,16,20,11864909,8,Cook,0,22,,,6,N,No,Free Flow,202201274539,City,1,25.61000061,Y,,,,(UNK),1012957,(N/A),(UNK),No Defects,1,2,InterState,1,5043,X002740970,Not Toll,73,3,4,Four Way,14,2939912.14931762,1905332.45825531,41.87363373,-87.80451968,,Urban,2,N,(N/A),Y,(N/A)
2022,2022-08-20,Saturday,10,10:41 AM,Property Damage,No Injuries,0,0,0,0,0,2,Turning,10,N,N,Failing to Yield Right of Way,Unable to Determine,Daylight,Rain,Wet,Y,,,,,No Controls,No Controls,Y,2,41.8727789,-87.7756151,ok,(UNK),1,2205024,2022,,2,18,50000 and OVER,9,4295,Oak Park,C,Urban Local Road or Street,,16,20,11864905,8,Cook,0,22,,,6,N,No,Free Flow,202201274535,City,1,0,N,,,,(UNK),1012958,(N/A),(UNK),No Defects,1,2,Local Road or Street,7,,X002740966,Not Toll,73,1,1,Not Divided,1,2947795.11981429,1905236.22050712,41.87277105,-87.77560935,,Urban,2,N,(N/A),Y,(N/A)
2022,2022-08-19,Friday,16,04:36 PM,Property Damage,No Injuries,0,0,0,0,0,2,Front to Rear,11,N,N,Failing to Reduce Speed to Avoid Crash,Unable to Determine,Daylight,Clear,Dry,N,,,,,No Controls,No Controls,N,2,41.9092379,-87.7772776,ok,(UNK),1,2205010,2022,,28,18,50000 and OVER,9,4295,Oak Park,C,Urban Other Principal Arte,,16,19,11864904,8,Cook,0,22,,,5,N,No,Free Flow,202201274534,City,1,7.38999987,Y,,,,(UNK),1012960,(N/A),(UNK),No Defects,1,1,Other Principal Arterial,3,307,X002740965,Not Toll,73,1,1,Not Divided,1,2946972.12781989,1918509.95346993,41.90923,-87.77727182,,Urban,1,N,(N/A),Y,(N/A)
2022,2022-08-21,Sunday,15,03:13 PM,Property Damage,No Injuries,0,0,0,0,0,2,Front to Rear,11,N,N,Failing to Reduce Speed to Avoid Crash,(N/A),Daylight,Clear,Dry,N,,,,,Traffic Signal,Functioning Properly,Y,2,41.8797254,-87.7944602,ok,(UNK),1,2205056,2022,,28,99,50000 and OVER,9,4295,Oak Park,C,Urban Minor Arterial,,16,21,11864937,8,Cook,0,22,,,7,N,No,Stopped,202201274564,City,1,3.58999991,N,,,,(UNK),1013050,(N/A),(UNK),No Defects,1,1,Minor Arterial,4,1419,X002740996,Not Toll,73,3,4,"Divided, No Median Barrier",2,2942592.276846,1907625.14170125,41.87971751,-87.79445443,,Urban,1,N,(N/A),Y,(N/A)
2022,2022-03-19,Saturday,22,10:55 PM,Property Damage,No Injuries,0,0,0,0,0,3,Front to Rear,11,N,N,Following Too Closely,(N/A),Darkness,Clear,Dry,N,,,,,No Controls,No Controls,N,2,41.8737123,-87.8037942,ok,Partial Access Control,3,03-22-03815,2022,,3,99,50000 and OVER,9,4295,Oak Park,C,Urban InterState,,16,19,11675768,3,Cook,0,22,,,6,N,No,(UNK),202201095776,ISP,4,21.61000061,Y,,,,(UNK),1013778,(N/A),(UNK),No Defects,1,1,InterState,1,9290,X002575378,Not Toll,73,1,1,Divided With Median Barrier,3,2940110.60435802,1905363.70132067,41.87370442,-87.80378845,,Urban,1,N,(N/A),Y,(N/A)
2022,2022-06-15,Wednesday,15,03:45 PM,Property Damage,No Injuries,0,0,0,0,0,1,Parked Motor Vehicle,9,N,N,Failing to Reduce Speed to Avoid Crash,(N/A),Daylight,Clear,Dry,N,,,,,No Controls,No Controls,Y,2,41.9037598,-87.7868912,ok,(UNK),1,2203444,2022,,28,99,50000 and OVER,9,4295,Oak Park,C,Urban Local Road or Street,,16,15,11780029,6,Cook,0,22,,,3,N,No,Slow,202201194297,City,1,0.38999999,N,,,,(UNK),1014003,(N/A),(UNK),No Defects,1,1,Local Road or Street,7,3130,X002667158,Not Toll,73,1,1,"Divided, No Median Barrier",2,2944410.58951072,1916440.83310762,41.9037519,-87.78688536,,Urban,1,N,(N/A),Y,(N/A)
2022,2022-06-14,Tuesday,11,11:00 AM,Property Damage,No Injuries,0,0,0,0,0,2,Front to Rear,11,N,N,Failing to Reduce Speed to Avoid Crash,Distraction - From Outside Vehicle,Daylight,Clear,Dry,N,,,,,No Controls,No Controls,N,2,41.8736943,-87.8035751,ok,Partial Access Control,3,03-22-08390,2022,,28,40,50000 and OVER,9,4295,Oak Park,C,Urban InterState,,16,14,11782353,6,Cook,0,22,,,2,N,No,(UNK),202201194952,ISP,1,21.62000084,Y,,,,(UNK),1014558,(N/A),(UNK),No Defects,1,1,InterState,1,9290,X002667720,Not Toll,73,1,1,Divided With Median Barrier,3,2940170.48350727,1905358.78668428,41.87368642,-87.80356926,,Urban,1,N,(N/A),Y,(N/A)
2022,2022-03-22,Tuesday,14,02:26 PM,Property Damage,No Injuries,0,0,0,0,0,2,Front to Rear,11,N,N,Failing to Reduce Speed to Avoid Crash,Following Too Closely,Daylight,Clear,Dry,N,,,,,Other,Functioning Properly,N,2,41.8733677,-87.8030797,ok,Partial Access Control,3,03-22-03938,2022,,28,3,50000 and OVER,9,4295,Oak Park,C,Urban InterState,,16,22,11676320,3,Cook,0,22,,,2,N,No,(UNK),202201096348,ISP,1,7.76999998,Y,,,,(UNK),1014822,(N/A),(UNK),No Defects,1,1,InterState,1,290,X002575885,Not Toll,73,13,4,Divided With Median Barrier,3,2940308.67556354,1905243.48196524,41.87335981,-87.80307392,,Urban,1,N,(N/A),Y,(N/A)
2022,2022-06-16,Thursday,7,07:30 AM,Property Damage,No Injuries,0,0,0,0,0,2,Front to Rear,11,N,N,Following Too Closely,Failing to Reduce Speed to Avoid Crash,Daylight,Clear,Dry,N,,,,,Delineators,Functioning Properly,N,2,41.8714792,-87.7445032,outside_oak_park,Partial Access Control,3,03-22-08648,2022,,3,28,50000 and OVER,9,4295,Oak Park,C,Urban InterState,,16,16,11782692,6,Cook,0,22,,,4,N,No,(UNK),202201195280,ISP,1,10.75,Y,,,,(UNK),1014828,(N/A),(UNK),No Defects,1,1,InterState,1,290,X002668040,Not Toll,,14,4,Divided With Median Barrier,3,2956282.47840375,1905000.32030858,41.87147139,-87.74449741,,Urban,1,N,(N/A),Y,(N/A)
2022,2022-08-24,Wednesday,10,10:31 AM,Property Damage,No Injuries,0,0,0,0,0,1,Parked Motor Vehicle,9,N,N,Failing to Reduce Speed to Avoid Crash,(N/A),Daylight,Clear,Dry,N,,,,,No Controls,No Controls,N,3,41.8872335,-87.7979454,ok,(UNK),1,2205115,2022,,28,99,50000 and OVER,9,4295,Oak Park,C,Urban Local Road or Street,,16,24,11865814,8,Cook,0,22,,,3,N,No,Free Flow,202201275395,City,1,0.13,N,,,,(UNK),1014981,(N/A),(UNK),No Defects,1,1,Local Road or Street,7,3005,X002741822,Not Toll,73,1,1,One-Way,10,2941567.56887045,1910335.03388846,41.8872257,-87.79793957,,Urban,1,N,(N/A),Y,(N/A)
2022,2022-06-11,Saturday,14,02:58 PM,Property Damage,No Injuries,0,0,0,0,0,1,Parked Motor Vehicle,9,N,N,Failing to Reduce Speed to Avoid Crash,(N/A),Daylight,Clear,Dry,N,,,,,No Controls,No Controls,Y,2,41.896544,-87.7928838,ok,(UNK),1,2203345,2022,,28,99,50000 and OVER,9,4295,Oak Park,C,Urban Local Road or Street,,16,11,11783355,6,Cook,0,22,,,6,N,No,Free Flow,202201195914,City,1,0.1,N,,,,(UNK),1015146,(N/A),(UNK),No Defects,1,1,Local Road or Street,7,2673,X002668661,Not Toll,73,1,1,Not Divided,1,2942851.97123366,1913766.03018067,41.8965361,-87.79287797,,Urban,1,N,(N/A),Y,(N/A)
2022,2022-10-10,Monday,16,04:28 PM,Injury,A Injury Crash,2,0,2,0,0,2,Turning,10,N,N,Failing to Reduce Speed to Avoid Crash,(N/A),Daylight,Clear,Dry,N,,,,,Traffic Signal,Functioning Properly,N,2,41.8798736,-87.7841632,ok,(UNK),1,2206272,2022,,28,99,50000 and OVER,9,4295,Oak Park,C,Urban Minor Arterial,,16,10,11919003,10,Cook,3,22,,,1,N,No,Stopped,202201325659,City,1,4.13000011,N,,,,(UNK),1015650,(N/A),(UNK),No Defects,1,1,Minor Arterial,4,1419,X002788252,Not Toll,73,3,4,"Divided, No Median Barrier",2,2945395.0774574,1907756.89580768,41.87986578,-87.7841574,,Urban,1,N,(N/A),Y,(N/A)
2022,2022-10-07,Friday,14,02:51 PM,Property Damage,No Injuries,0,0,0,0,0,2,Angle,15,N,N,Failing to Yield Right of Way,Failing to Reduce Speed to Avoid Crash,Daylight,Clear,Dry,Y,,,,,Stop Sign,Functioning Properly,N,2,41.8816077,-87.7910494,ok,(UNK),1,2206199,2022,,2,28,50000 and OVER,9,4295,Oak Park,C,Urban Major Collector,,16,7,11919004,10,Cook,0,22,,,5,N,No,Free Flow,202201325660,City,1,0,N,,,,(UNK),1015668,(N/A),(UNK),No Defects,1,1,Major Collector,5,,X002788253,Not Toll,73,2,4,Four Way,14,2943502.17357151,1908336.8189256,41.88159988,-87.79104365,,Urban,1,N,(N/A),Y,(N/A)