crash_year,crash_date,day_of_week,crash_hour,time_of_crash,crash_severity,crash_injury_severity,total_injured,total_fatals,a_injuries,b_injuries,c_injuries,no_injuries,type_of_first_crash,collision_type_code,pedestrian_involved,pedalcyclist_involved,cause1,cause2,lighting_cond,weather_cond,road_surface_cond,intersection_related,is_intersection,highway_or_street_name,at_intersection_with,address_no,traffic_control_device,traffic_control_device_cond,hit_and_run,number_of_vehicles,latitude,longitude,location_status,access_control,agency_code,agency_report_number,agency_report_year,alignment_code,cause1_code,cause2_code,city_class,city_class_code,city_code,city_name,city_township_flag,class_of_trafficway,class_of_trafficway_code,county_code,crash_day,crash_id,crash_month,crash_report_county,crash_severity_cd,crash_yr_source,damaged_property1,damaged_property2,day_of_week_code,did_crash_occur_in_work_zone,did_involve_secondary_crash,flow_condition,icn,investigating_agency_descrip,light_condition_code,mile_station,nhs,non_intersection_direction,non_intersection_distance,non_intersection_units,number_of_lanes,objectid,railroad_crossing_number,road_alignment,road_defects,road_defects_code,road_surface_condition_code,roadway_functional_class,roadway_functional_class_code,route_number,sfe,toll,township,traffic_control_device_code,traffic_control_device_cond_code,trafficway_descrip,trafficway_description_code,ts_crash_coordinate_x,ts_crash_coordinate_y,ts_crash_latitude,ts_crash_longitude,type_report,urban_rural,weather_code,were_workers_present,work_zone,work_zone_related,work_zone_type
2022,2022-11-15,Tuesday,16,04:56 PM,Injury,A Injury Crash,1,0,1,0,0,1,Pedestrian,1,Y,N,Failing to Yield Right of Way,Unable to Determine,Darkness / Lighted Road,Rain,Wet,N,,,,,Stop Sign,Functioning Properly,Y,1,41.8868421,-87.7813903,ok,(UNK),1,2207149,2022,,2,18,50000 and OVER,9,4295,Oak Park,C,Urban Local Road or Street,,16,15,11967807,11,Cook,3,22,,,2,N,No,Free Flow,202201371577,City,5,0.04,N,,,,(UNK),1015982,(N/A),(UNK),No Defects,1,2,Local Road or Street,7,2630,X002830722,Not Toll,73,2,4,Not Divided,1,2946079.63348427,1910317.3124624,41.88683421,-87.78138448,,Urban,2,N,(N/A),Y,(N/A)
2022,2022-11-15,Tuesday,15,03:17 PM,Property Damage,No Injuries,0,0,0,0,0,4,Front to Front,14,N,N,Failing to Reduce Speed to Avoid Crash,Unable to Determine,Daylight,Cloudy/Overcast,Wet,N,,,,,No Controls,No Controls,N,2,41.8816651,-87.7879159,ok,(UNK),1,2207145,2022,,28,18,50000 and OVER,9,4295,Oak Park,C,Urban Major Collector,,16,15,11967805,11,Cook,0,22,,,2,N,No,Free Flow,202201371575,City,1,0.86000001,N,,,,(UNK),1015984,(N/A),(UNK),No Defects,1,2,Major Collector,5,5,X002830720,Not Toll,73,1,1,Not Divided,1,2944354.95003002,1908381.37176208,41.88165724,-87.78791014,,Urban,8,N,(N/A),Y,(N/A)
2022,2022-11-15,Tuesday,7,07:58 AM,Property Damage,No Injuries,0,0,0,0,0,4,Angle,15,N,N,Failing to Yield Right of Way,Unable to Determine,Daylight,Snow,Wet,Y,,,,,Stop Sign,Functioning Properly,N,2,41.8851071,-87.7911464,ok,(UNK),1,2207130,2022,,2,18,50000 and OVER,9,4295,Oak Park,C,Urban Local Road or Street,,16,15,11967803,11,Cook,0,22,,,2,N,No,Free Flow,202201371573,City,1,0,N,,,,(UNK),1015985,(N/A),(UNK),No Defects,1,2,Local Road or Street,7,,X002830718,Not Toll,73,2,4,Not Divided,1,2943440.43659235,1909611.33576592,41.88509928,-87.79114065,,Urban,3,N,(N/A),Y,(N/A)
2022,2022-08-22,Monday,14,02:03 PM,Property Damage,No Injuries,0,0,0,0,0,1,Fixed Object,6,N,N,Failing to Reduce Speed to Avoid Crash,Unable to Determine,Daylight,Clear,Dry,N,,,,,No Controls,No Controls,N,1,41.8869794,-87.7848305,ok,(UNK),1,2205078,2022,,28,18,50000 and OVER,9,4295,Oak Park,C,Urban Local Road or Street,,16,22,11866490,8,Cook,0,22,VILLAGE LIGHT POLE,,1,N,No,Free Flow,202201275910,City,1,1,N,,,,(UNK),1016033,(N/A),(UNK),No Defects,1,1,Local Road or Street,7,3036,X002742315,Not Toll,73,1,1,Not Divided,1,2945141.43907706,1910341.31183963,41.88697151,-87.78482469,,Urban,1,N,(N/A),Y,(N/A)
2022,2022-08-18,Thursday,17,05:19 PM,Injury,B Injury Crash,7,0,0,7,0,5,Front to Rear,11,N,N,Failing to Reduce Speed to Avoid Crash,Unable to Determine,Daylight,Clear,Dry,N,,,,,No Controls,No Controls,N,4,41.8833085,-87.7845429,ok,(UNK),1,2204982,2022,,28,18,50000 and OVER,9,4295,Oak Park,C,Urban Major Collector,,16,18,11866466,8,Cook,2,22,,,4,N,Yes,Stopped,202201275904,City,1,1.28999996,N,,,,(UNK),1016034,(N/A),(UNK),No Defects,1,1,Major Collector,5,2783,X002742309,Not Toll,73,1,1,Not Divided,1,2945256.90117852,1909005.76389608,41.88330068,-87.78453712,,Urban,1,N,(N/A),Y,(N/A)
2022,2022-08-22,Monday,9,09:31 AM,Injury,B Injury Crash,1,0,0,1,0,1,Pedalcyclist,2,N,Y,Failing to Yield Right of Way,Unable to Determine,Daylight,Clear,Dry,Y,,,,,No Controls,No Controls,N,1,41.9037944,-87.7841762,ok,(UNK),1,2205068,2022,,2,18,50000 and OVER,9,4295,Oak Park,C,Urban Major Collector,,16,22,11866495,8,Cook,2,22,,,1,N,No,Free Flow,202201275915,City,1,0,N,,,,(UNK),1016035,(N/A),(UNK),No Defects,1,1,Major Collector,5,,X002742320,Not Toll,73,1,1,T-Intersection,15,2945149.35013315,1916473.99897323,41.90378658,-87.78417042,,Urban,1,N,(N/A),Y,(N/A)
2022,2022-08-22,Monday,9,09:57 AM,Property Damage,No Injuries,0,0,0,0,0,1,Parked Motor Vehicle,9,N,N,Improper Lane Usage,Unable to Determine,Darkness,Clear,Unknown,N,,,,,No Controls,No Controls,Y,2,41.8867042,-87.7764958,ok,(UNK),1,2205069,2022,,20,18,50000 and OVER,9,4295,Oak Park,C,Urban Local Road or Street,,16,22,11866494,8,Cook,0,22,,,1,N,No,Free Flow,202201275914,City,4,0.70999998,N,,,,(UNK),1016057,(N/A),(UNK),No Defects,1,9,Local Road or Street,7,2603,X002742319,Not Toll,73,1,1,Not Divided,1,2947413.85724085,1910304.16233748,41.88669631,-87.77648998,,Urban,1,N,(N/A),Y,(N/A)
2022,2022-08-24,Wednesday,7,07:33 AM,Injury,B Injury Crash,1,0,0,1,0,1,Parked Motor Vehicle,9,N,N,Failing to Reduce Speed to Avoid Crash,Unable to Determine,Dawn,Clear,Dry,N,,,,,No Controls,No Controls,N,2,41.8815192,-87.7983722,ok,(UNK),1,2205111,2022,,28,18,50000 and OVER,9,4295,Oak Park,C,Urban Major Collector,,16,24,11866500,8,Cook,2,22,,,3,N,No,Free Flow,202201275934,City,2,0.33000001,N,,,,(UNK),1016058,(N/A),(UNK),No Defects,1,1,Major Collector,5,5,X002742325,Not Toll,73,1,1,Not Divided,1,2941508.84916418,1908249.41834411,41.88151137,-87.79836636,,Urban,1,N,(N/A),Y,(N/A)
2022,2022-08-23,Tuesday,15,03:47 PM,Injury,C Injury Crash,1,0,0,0,1,1,Front to Rear,11,N,N,Following Too Closely,(N/A),Daylight,Clear,Dry,Y,,,,,No Controls,No Controls,N,2,41.8833464,-87.7943394,ok,(UNK),1,2205100,2022,,3,99,50000 and OVER,9,4295,Oak Park,C,Urban Major Collector,,16,23,11866496,8,Cook,1,22,,,2,N,No,Stopped,202201275916,City,1,5.9000001,N,,,,(UNK),1016059,(N/A),(UNK),No Defects,1,1,Major Collector,5,2775,X002742321,Not Toll,73,1,1,"Divided, No Median Barrier",2,2942588.6836877,1908945.64446509,41.8833386,-87.79433361,,Urban,1,N,(N/A),Y,(N/A)
2022,2022-08-24,Wednesday,12,12:48 PM,Property Damage,No Injuries,0,0,0,0,0,1,Parked Motor Vehicle,9,N,N,Failing to Reduce Speed to Avoid Crash,(N/A),Daylight,Clear,Dry,N,,,,,No Controls,No Controls,Y,2,41.879769,-87.7898179,ok,(UNK),1,2205122,2022,,28,99,50000 and OVER,9,4295,Oak Park,C,Urban Minor Arterial,,16,24,11866505,8,Cook,0,22,,,3,N,No,Free Flow,202201275924,City,1,3.82999992,N,,,,(UNK),1016062,(N/A),(UNK),No Defects,1,1,Minor Arterial,4,1419,X002742330,Not Toll,73,1,1,Not Divided,1,2943856.11950007,1907676.05898654,41.87976119,-87.78981214,,Urban,1,N,(N/A),Y,(N/A)
2022,2022-08-25,Thursday,18,06:03 PM,Property Damage,No Injuries,0,0,0,0,0,4,Sideswipe Same Direction,12,N,N,Failing to Reduce Speed to Avoid Crash,Unable to Determine,Daylight,Clear,Dry,N,,,,,No Controls,No Controls,N,2,41.9089069,-87.8015449,ok,(UNK),1,2205157,2022,,28,18,50000 and OVER,9,4295,Oak Park,C,Urban Other Principal Arte,,16,25,11866508,8,Cook,0,22,,,4,N,No,Free Flow,202201275927,City,1,129.38999939,Y,,,,(UNK),1016063,(N/A),(UNK),No Defects,1,1,Other Principal Arterial,3,5064,X002742333,Not Toll,73,1,1,Not Divided,1,2940369.5388804,1918206.15648034,41.90889902,-87.80153909,,Urban,1,N,(N/A),Y,(N/A)
2022,2022-08-25,Thursday,16,04:47 PM,Property Damage,No Injuries,0,0,0,0,0,1,Parked Motor Vehicle,9,N,N,Failing to Reduce Speed to Avoid Crash,Unable to Determine,Daylight,Clear,Dry,N,,,,,No Controls,No Controls,Y,2,41.8978981,-87.8038649,ok,(UNK),1,2205155,2022,,28,18,50000 and OVER,9,4295,Oak Park,C,Urban Local Road or Street,,16,25,11866510,8,Cook,0,22,,,4,N,No,Free Flow,202201275929,City,1,0,N,,,,(UNK),1016078,(N/A),(UNK),No Defects,1,1,Local Road or Street,7,,X002742335,Not Toll,73,1,1,Not Divided,1,2939848.54264353,1914176.94790952,41.89789029,-87.80385914,,Urban,1,N,(N/A),Y,(N/A)
2022,2022-08-27,Saturday,16,04:47 PM,Injury,B Injury Crash,1,0,0,1,0,2,Front to Rear,11,N,N,Physical Condition of Driver,Failing to Reduce Speed to Avoid Crash,Daylight,Clear,Dry,Y,,,,,No Controls,No Controls,N,2,41.9089493,-87.7981128,ok,(UNK),1,2205191,2022,,17,28,50000 and OVER,9,4295,Oak Park,C,Urban Other Principal Arte,,16,27,11866513,8,Cook,2,22,,,6,N,No,Stopped,202201275931,City,1,129.57000732,Y,,,,(UNK),1016080,(N/A),(UNK),No Defects,1,1,Other Principal Arterial,3,5064,X002742337,Not Toll,73,1,1,T-Intersection,15,2941303.38505515,1918247.41701557,41.90894147,-87.79810699,,Urban,1,N,(N/A),Y,(N/A)
2022,2022-08-27,Saturday,18,06:11 PM,Property Damage,No Injuries,0,0,0,0,0,3,Angle,15,N,N,Disregarding Stop Sign,(N/A),Daylight,Clear,Dry,Y,,,,,Stop Sign,Functioning Properly,N,2,41.8869285,-87.7895462,ok,(UNK),1,2205193,2022,,23,99,50000 and OVER,9,4295,Oak Park,C,Urban Minor Collector,,16,27,11866516,8,Cook,0,22,,,6,N,No,Slow,202201275935,City,1,0,N,,,,(UNK),1016081,(N/A),(UNK),No Defects,1,1,Minor Collector,6,,X002742340,Not Toll,73,2,4,Four Way,14,2943857.81607903,1910287.14134876,41.88692063,-87.78954041,,Urban,1,N,(N/A),Y,(N/A)
2022,2022-08-28,Sunday,14,02:11 PM,Property Damage,No Injuries,0,0,0,0,0,3,Front to Rear,11,N,N,Following Too Closely,Failing to Reduce Speed to Avoid Crash,Daylight,Cloudy/Overcast,Dry,N,,,,,No Controls,No Controls,N,2,41.8800419,-87.7813877,ok,(UNK),1,2205219,2022,,3,28,50000 and OVER,9,4295,Oak Park,C,Urban Minor Arterial,,16,28,11866515,8,Cook,0,22,,,7,N,No,Slow,202201275933,City,1,4.28000021,N,,,,(UNK),1016082,(N/A),(UNK),No Defects,1,1,Minor Arterial,4,1419,X002742339,Not Toll,73,1,1,"Divided, No Median Barrier",2,2946149.25720319,1907839.21545634,41.88003403,-87.78138188,,Urban,8,N,(N/A),Y,(N/A)
2022,2022-08-28,Sunday,17,05:45 PM,Property Damage,No Injuries,0,0,0,0,0,3,Sideswipe Same Direction,12,N,N,Improper Lane Usage,Driving Skills/Knowledge/Experience,Daylight,Cloudy/Overcast,Dry,N,,,,,Traffic Signal,Functioning Properly,N,3,41.8939537,-87.8052196,ok,(UNK),1,2205226,2022,,20,15,50000 and OVER,9,4295,Oak Park,C,Urban Other Principal Arte,,16,28,11866520,8,Cook,0,22,,,7,N,No,Free Flow,202201275937,City,1,18.69000053,Y,,,,(UNK),1016083,(N/A),(UNK),No Defects,1,1,Other Principal Arterial,3,348,X002742342,Not Toll,73,3,4,Not Divided,1,2939519.30995458,1912729.35948483,41.89394585,-87.80521377,,Urban,8,N,(N/A),Y,(N/A)
2022,2022-08-29,Monday,12,12:28 PM,Property Damage,No Injuries,0,0,0,0,0,1,Parked Motor Vehicle,9,N,N,Unable to Determine,(N/A),Unknown,Clear,Dry,N,,,,,No Controls,No Controls,Y,2,41.8813193,-87.8023743,ok,(UNK),1,2205238,2022,,18,99,50000 and OVER,9,4295,Oak Park,C,Urban Local Road or Street,,16,29,11866528,8,Cook,0,22,,,1,N,No,Free Flow,202201275944,City,9,0.40000001,N,,,,(UNK),1016107,(N/A),(UNK),No Defects,1,1,Local Road or Street,7,2056,X002742348,Not Toll,73,1,1,Not Divided,1,2940420.95681906,1908146.5127339,41.8813115,-87.80236845,,Urban,1,N,(N/A),Y,(N/A)
2022,2022-08-26,Friday,21,09:22 PM,Property Damage,No Injuries,0,0,0,0,0,1,Parked Motor Vehicle,9,N,N,Unable to Determine,Unable to Determine,Daylight,Unknown,Unknown,N,,,,,No Controls,No Controls,Y,2,41.8900655,-87.7927365,ok,(UNK),1,2205181,2022,,18,18,50000 and OVER,9,4295,Oak Park,C,Urban Local Road or Street,,16,26,11866525,8,Cook,0,22,,,5,N,No,Slow,202201275942,City,1,0.55000001,N,,,,(UNK),1016109,(N/A),(UNK),No Defects,1,9,Local Road or Street,7,2673,X002742346,Not Toll,73,1,1,Not Divided,1,2942957.42058083,1911406.27507707,41.89005767,-87.79273071,,Urban,9,N,(N/A),Y,(N/A)
2022,2022-08-25,Thursday,20,08:00 PM,Property Damage,No Injuries,0,0,0,0,0,1,Fixed Object,6,N,N,Improper Backing,(N/A),Unknown,Unknown,Dry,N,,,,,No Controls,No Controls,Y,1,41.8810048,-87.7795798,ok,(UNK),1,2205259,2022,,30,99,50000 and OVER,9,4295,Oak Park,C,Urban Local Road or Street,,16,25,11866537,8,Cook,0,22,FIRE ESCAPE,,4,N,No,(UNK),202201275952,City,9,0.47999999,N,,,,(UNK),1016110,(N/A),(UNK),No Defects,1,1,Local Road or Street,7,3794,X002742356,Not Toll,73,1,1,Alley,12,2946631.84745844,1908203.80484081,41.88099691,-87.77957401,,Urban,9,N,(N/A),Y,(N/A)
2022,2022-08-29,Monday,13,01:27 PM,Property Damage,No Injuries,0,0,0,0,0,2,Sideswipe Same Direction,12,N,N,Failing to Reduce Speed to Avoid Crash,Unable to Determine,Daylight,Rain,Wet,N,,,,,No Controls,No Controls,N,2,41.8791704,-87.794245,ok,(UNK),1,2205242,2022,,28,18,50000 and OVER,9,4295,Oak Park,C,Urban Major Collector,,16,29,11866536,8,Cook,0,22,,,1,N,No,Free Flow,202201275951,City,1,6.21000004,N,,,,(UNK),1016112,(N/A),(UNK),No Defects,1,2,Major Collector,5,2775,X002742355,Not Toll,73,1,1,"Divided, No Median Barrier",2,2942656.49023662,1907424.52427576,41.87916255,-87.79423918,,Urban,2,N,(N/A),Y,(N/A)
2022,2022-08-29,Monday,18,06:57 PM,Injury,B Injury Crash,1,0,0,1,0,2,Pedalcyclist,2,N,Y,Failing to Yield Right of Way,Unable to Determine,Dusk,Clear,Dry,N,,,,,No Controls,No Controls,N,1,41.8869303,-87.7813929,ok,(UNK),1,2205249,2022,,2,18,50000 and OVER,9,4295,Oak Park,C,Urban Local Road or Street,,16,29,11866533,8,Cook,2,22,BICYCLE,,1,N,No,Free Flow,202201275949,City,3,0.04,N,,,,(UNK),1016169,(N/A),(UNK),No Defects,1,1,Local Road or Street,7,2630,X002742353,Not Toll,73,1,1,Not Divided,1,2946078.03306929,1910349.44841658,41.88692245,-87.78138707,,Urban,1,N,(N/A),Y,(N/A)
2022,2022-06-11,Saturday,7,07:30 AM,Property Damage,No Injuries,0,0,0,0,0,2,Sideswipe Same Direction,12,N,N,Improper Lane Usage,Improper Lane Usage,Daylight,Clear,Wet,N,,,,,Other,Other,Y,2,41.8735113,-87.8045544,ok,Partial Access Control,3,03-22-08093,2022,,20,20,50000 and OVER,9,4295,Oak Park,C,Urban InterState,,16,11,11784464,6,Cook,0,22,,,6,N,No,(UNK),202201197009,ISP,1,21.57999992,Y,,,,(UNK),1016200,(N/A),(UNK),No Defects,1,2,InterState,1,9290,X002669691,Not Toll,73,13,7,Divided With Median Barrier,3,2939905.57353842,1905284.75639287,41.87350343,-87.80454863,,Urban,1,N,(N/A),Y,(N/A)
2022,2022-06-11,Saturday,12,12:00 PM,Injury,B Injury Crash,1,0,0,1,0,2,Front to Rear,11,N,N,Failing to Reduce Speed to Avoid Crash,(N/A),Daylight,Clear,Dry,N,,,,,Traffic Signal,Functioning Properly,Y,2,41.8832062,-87.8048542,ok,(UNK),1,2203349,2022,,28,99,50000 and OVER,9,4295,Oak Park,C,Urban Other Principal Arte,,16,11,11784657,6,Cook,2,22,,,6,N,No,Slow,202201197227,City,1,26.27000046,Y,,,,(UNK),1016276,(N/A),(UNK),No Defects,1,1,Other Principal Arterial,3,5043,X002669880,Not Toll,73,3,4,"Divided, No Median Barrier",2,2939726.64079471,1908815.52299082,41.88319838,-87.80484843,,Urban,1,N,(N/A),Y,(N/A)
2022,2022-06-11,Saturday,18,06:36 PM,Injury,B Injury Crash,1,0,0,1,0,0,Fixed Object,6,N,N,Physical Condition of Driver,(N/A),Daylight,Clear,Dry,Y,,,,,No Controls,No Controls,N,1,41.8797574,-87.7954058,ok,(UNK),1,2203348,2022,,17,99,50000 and OVER,9,4295,Oak Park,C,Urban Minor Arterial,,16,11,11784656,6,Cook,2,22,LIGHT POLE/CROSSWALK POLE,,6,N,No,Free Flow,202201197226,City,1,0,N,,,,(UNK),1016277,(N/A),(UNK),No Defects,1,1,Minor Arterial,4,,X002669879,Not Toll,73,1,1,"Divided, No Median Barrier",2,2942334.43911921,1907629.68832199,41.87974953,-87.79539999,,Urban,1,N,(N/A),Y,(N/A)
2022,2022-06-12,Sunday,17,05:15 PM,Property Damage,No Injuries,0,0,0,0,0,3,Sideswipe Same Direction,12,N,N,Improper Lane Usage,(N/A),Daylight,Clear,Dry,Y,,,,,No Controls,No Controls,Y,2,41.9089115,-87.8011748,ok,(UNK),1,2203364,2022,,20,99,50000 and OVER,9,4295,Oak Park,C,Urban Other Principal Arte,,16,12,11784674,6,Cook,0,22,,,7,N,No,Free Flow,202201197235,City,1,129.41000366,Y,,,,(UNK),1016278,(N/A),(UNK),No Defects,1,1,Other Principal Arterial,3,5064,X002669887,Not Toll,73,1,1,Not Divided,1,2940470.25025401,1918210.6062391,41.90890361,-87.80116895,,Urban,1,N,(N/A),Y,(N/A)
2022,2022-06-14,Tuesday,8,08:46 AM,Property Damage,No Injuries,0,0,0,0,0,3,Front to Rear,11,N,N,Failing to Reduce Speed to Avoid Crash,(N/A),Daylight,Clear,Dry,N,,,,,No Controls,No Controls,N,3,41.8653678,-87.7825049,ok,(UNK),1,2203405,2022,,28,99,50000 and OVER,9,4295,Oak Park,C,Urban Other Principal Arte,,16,14,11784750,6,Cook,0,22,,,2,N,No,Stopped,202201197319,City,1,7.11000013,Y,,,,(UNK),1016497,(N/A),(UNK),No Defects,1,1,Other Principal Arterial,3,347,X002669961,Not Toll,52,1,1,"Divided, No Median Barrier",2,2945993.61648847,1902483.27326994,41.86536,-87.78249906,,Urban,1,N,(N/A),Y,(N/A)
2022,2022-06-14,Tuesday,12,12:10 PM,Injury,C Injury Crash,4,0,0,0,4,0,Front to Rear,11,N,N,Failing to Reduce Speed to Avoid Crash,Unable to Determine,Daylight,Clear,Dry,Y,,,,,Traffic Signal,Functioning Properly,N,3,41.8796775,-87.7998665,ok,(UNK),1,2203413,2022,,28,18,50000 and OVER,9,4295,Oak Park,C,Urban Minor Arterial,,16,14,11784761,6,Cook,1,22,,,2,N,No,Stopped,202201197331,City,1,0,N,,,,(UNK),1016499,(N/A),(UNK),No Defects,1,1,Minor Arterial,4,,X002669970,Not Toll,73,3,4,Not Divided,1,2941120.42008525,1907567.0173823,41.87966962,-87.79986067,,Urban,1,N,(N/A),Y,(N/A)
2022,2022-08-29,Monday,16,04:55 PM,Property Damage,No Injuries,0,0,0,0,0,4,Front to Rear,11,N,N,Following Too Closely,(N/A),Daylight,Clear,Dry,N,,,,,No Controls,No Controls,N,3,41.8715945,-87.7801113,ok,Partial Access Control,3,03-22-12379,2022,,3,99,50000 and OVER,9,4295,Oak Park,C,Urban InterState,,16,29,11866874,8,Cook,0,22,,,1,N,No,(UNK),202201276244,ISP,1,22.79999924,Y,,,,(UNK),1016525,(N/A),(UNK),No Defects,1,1,InterState,1,9290,X002742641,Not Toll,73,1,1,Divided With Median Barrier,3,2946582.5,1904770.5,41.87158664,-87.78010553,,Urban,1,N,(N/A),Y,(N/A)
2022,2022-06-15,Wednesday,8,08:01 AM,Property Damage,No Injuries,0,0,0,0,0,2,Angle,15,N,N,Improper Lane Usage,(N/A),Daylight,Clear,Dry,N,,,,,No Controls,No Controls,N,2,41.871856,-87.7939807,ok,(UNK),1,2203430,2022,,20,99,50000 and OVER,9,4295,Oak Park,C,Urban Major Collector,,16,15,11785277,6,Cook,0,22,,,3,N,No,Free Flow,202201197694,City,1,6.69999981,N,,,,(UNK),1017164,(N/A),(UNK),No Defects,1,1,Major Collector,5,2775,X002670202,Not Toll,73,1,1,"Divided, No Median Barrier",2,2942802.1903672,1904761.01691115,41.87184815,-87.7939749,,Urban,1,N,(N/A),Y,(N/A)
2022,2022-06-14,Tuesday,23,11:04 PM,Property Damage,No Injuries,0,0,0,0,0,3,Front to Rear,11,N,N,(N/A),(N/A),Darkness / Lighted Road,Clear,Dry,N,,,,,Traffic Signal,Functioning Properly,Y,3,41.8687342,-87.7938746,ok,(UNK),1,2203426,2022,,99,99,50000 and OVER,9,4295,Oak Park,C,Urban Major Collector,,16,14,11785275,6,Cook,0,22,,,2,N,Yes,Stopped,202201197689,City,5,6.92000008,N,,,,(UNK),1017165,(N/A),(UNK),No Defects,1,1,Major Collector,5,2775,X002670200,Not Toll,73,3,4,Not Divided,1,2942862.54655712,1903624.17950334,41.86872636,-87.79386882,,Urban,1,N,(N/A),Y,(N/A)
2022,2022-06-15,Wednesday,13,01:26 PM,Property Damage,No Injuries,0,0,0,0,0,2,Angle,15,N,N,Disregarding Stop Sign,Failing to Reduce Speed to Avoid Crash,Daylight,Clear,Dry,Y,,,,,Stop Sign,Functioning Properly,N,2,41.8881786,-87.7798058,ok,(UNK),1,2203438,2022,,23,28,50000 and OVER,9,4295,Oak Park,C,Urban Major Collector,,16,15,11785279,6,Cook,0,22,,,3,N,No,Free Flow,202201197696,City,1,0,N,,,,(UNK),1017166,(N/A),(UNK),No Defects,1,1,Major Collector,5,,X002670204,Not Toll,73,2,4,Four Way,14,2946497.5437668,1910816.39451952,41.8881708,-87.77980002,,Urban,1,N,(N/A),Y,(N/A)
2022,2022-06-15,Wednesday,13,01:49 PM,Injury,B Injury Crash,1,0,0,1,0,1,Parked Motor Vehicle,9,N,N,Failing to Reduce Speed to Avoid Crash,Physical Condition of Driver,Daylight,Clear,Dry,N,,,,,No Controls,No Controls,N,3,41.9089516,-87.7979295,ok,(UNK),1,2203440,2022,,28,17,50000 and OVER,9,4295,Oak Park,C,Urban Other Principal Arte,,16,15,11785291,6,Cook,2,22,,,3,N,Yes,Free Flow,202201197709,City,1,6.32999992,Y,,,,(UNK),1017167,(N/A),(UNK),No Defects,1,1,Other Principal Arterial,3,307,X002670215,Not Toll,73,1,1,"Divided, No Median Barrier",2,2941353.24763085,1918249.62012488,41.90894373,-87.79792373,,Urban,1,N,(N/A),Y,(N/A)
2022,2022-11-16,Wednesday,8,08:49 AM,Property Damage,No Injuries,0,0,0,0,0,2,Sideswipe Same Direction,12,N,N,Following Too Closely,Failing to Reduce Speed to Avoid Crash,Daylight,Cloudy/Overcast,Dry,Y,,,,,No Controls,No Controls,N,2,41.8878579,-87.8049956,ok,(UNK),1,2207156,2022,,3,28,50000 and OVER,9,4295,Oak Park,C,Urban Other Principal Arte,,16,16,11968867,11,Cook,0,22,,,3,N,No,Free Flow,202201371987,City,1,26.59000015,Y,,,,(UNK),1017224,(N/A),(UNK),No Defects,1,1,Other Principal Arterial,3,5043,X002831109,Not Toll,73,1,1,Not Divided,1,2939641.46637949,1910509.59863959,41.88785,-87.8049898,,Urban,8,N,(N/A),Y,(N/A)
2022,2022-11-16,Wednesday,10,10:32 AM,Property Damage,No Injuries,0,0,0,0,0,1,Parked Motor Vehicle,9,N,N,Failing to Reduce Speed to Avoid Crash,(N/A),Daylight,Rain,Wet,N,,,,,No Controls,No Controls,N,4,41.8860482,-87.8000756,ok,(UNK),1,2207157,2022,,28,99,50000 and OVER,9,4295,Oak Park,C,Urban Local Road or Street,,16,16,11968938,11,Cook,0,22,,,3,N,No,Free Flow,202201372045,City,1,0.09,N,,,,(UNK),1017388,(N/A),(UNK),No Defects,1,2,Local Road or Street,7,2700,X002831166,Not Toll,73,1,1,"Divided, No Median Barrier",2,2940999.42040973,1909887.04871455,41.88604032,-87.80006976,,Urban,2,N,(N/A),Y,(N/A)
2022,2022-11-16,Wednesday,12,12:09 PM,Injury,C Injury Crash,1,0,0,0,1,2,Front to Rear,11,N,N,Failing to Reduce Speed to Avoid Crash,Unable to Determine,Daylight,Snow,Wet,Y,,,,,No Controls,No Controls,N,3,41.8999203,-87.7838022,ok,(UNK),1,2207160,2022,,28,18,50000 and OVER,9,4295,Oak Park,C,Urban Local Road or Street,,16,16,11968939,11,Cook,1,22,,,3,N,Yes,Free Flow,202201372046,City,1,0,N,,,,(UNK),1017389,(N/A),(UNK),No Defects,1,2,Local Road or Street,7,,X002831167,Not Toll,73,1,1,Not Divided,1,2945290.4015763,1915065.02812025,41.89991248,-87.78379643,,Urban,3,N,(N/A),Y,(N/A)
2022,2022-11-16,Wednesday,15,03:02 PM,Injury,B Injury Crash,2,0,0,2,0,2,Front to Rear,11,N,N,Failing to Reduce Speed to Avoid Crash,Unable to Determine,Daylight,Snow,Wet,Y,,,,,No Controls,No Controls,N,2,41.8797217,-87.7973678,ok,(UNK),1,2207166,2022,,28,18,50000 and OVER,9,4295,Oak Park,C,Urban Minor Arterial,,16,16,11968955,11,Cook,2,22,,,3,N,No,Stopped,202201372062,City,1,3.44000006,N,,,,(UNK),1017414,(N/A),(UNK),No Defects,1,2,Minor Arterial,4,1419,X002831186,Not Toll,73,1,1,Not Divided,1,2941800.47603012,1907601.93891063,41.87971389,-87.79736196,,Urban,3,N,(N/A),Y,(N/A)
2022,2022-02-09,Wednesday,7,07:42 AM,Property Damage,No Injuries,0,0,0,0,0,2,Front to Rear,11,N,N,Following Too Closely,(N/A),Daylight,Clear,Dry,N,,,,,Other,Functioning Properly,N,2,41.8721382,-87.7896889,ok,Partial Access Control,3,03-22-01957,2022,,3,99,50000 and OVER,9,4295,Oak Park,C,Urban InterState,,16,9,11629203,2,Cook,0,22,,,3,N,No,(UNK),202201051907,ISP,1,8.42000008,Y,,,,(UNK),1018662,(N/A),(UNK),No Defects,1,1,InterState,1,290,X002535978,Not Toll,,13,4,Divided With Median Barrier,3,2943968.31165288,1904896.22288821,41.87213037,-87.78968311,,Urban,1,N,(N/A),Y,(N/A)