crash_year,crash_date,day_of_week,crash_hour,time_of_crash,crash_severity,crash_injury_severity,total_injured,total_fatals,a_injuries,b_injuries,c_injuries,no_injuries,type_of_first_crash,collision_type_code,pedestrian_involved,pedalcyclist_involved,cause1,cause2,lighting_cond,weather_cond,road_surface_cond,intersection_related,is_intersection,highway_or_street_name,at_intersection_with,address_no,traffic_control_device,traffic_control_device_cond,hit_and_run,number_of_vehicles,latitude,longitude,location_status,access_control,agency_code,agency_report_number,agency_report_year,alignment_code,cause1_code,cause2_code,city_class,city_class_code,city_code,city_name,city_township_flag,class_of_trafficway,class_of_trafficway_code,county_code,crash_day,crash_id,crash_month,crash_report_county,crash_severity_cd,crash_yr_source,damaged_property1,damaged_property2,day_of_week_code,did_crash_occur_in_work_zone,did_involve_secondary_crash,flow_condition,icn,investigating_agency_descrip,light_condition_code,mile_station,nhs,non_intersection_direction,non_intersection_distance,non_intersection_units,number_of_lanes,objectid,railroad_crossing_number,road_alignment,road_defects,road_defects_code,road_surface_condition_code,roadway_functional_class,roadway_functional_class_code,route_number,sfe,toll,township,traffic_control_device_code,traffic_control_device_cond_code,trafficway_descrip,trafficway_description_code,ts_crash_coordinate_x,ts_crash_coordinate_y,ts_crash_latitude,ts_crash_longitude,type_report,urban_rural,weather_code,were_workers_present,work_zone,work_zone_related,work_zone_type
2022,2022-03-23,Wednesday,19,07:45 PM,Injury,C Injury Crash,1,0,0,0,1,2,Angle,15,N,N,Failing to Yield Right of Way,Failing to Reduce Speed to Avoid Crash,Darkness / Lighted Road,Rain,Wet,Y,,,,,Stop Sign,Functioning Properly,N,2,41.9073375,-87.7833039,ok,(UNK),1,2201577,2022,,2,28,50000 and OVER,9,4295,Oak Park,C,Urban Major Collector,,16,23,11677686,3,Cook,1,22,,,3,N,No,Slow,202201097717,City,5,0,N,,,,(UNK),1018777,(N/A),(UNK),No Defects,1,2,Major Collector,5,,X002577109,Not Toll,73,2,4,Not Divided,1,2945350.94628465,1917771.77854123,41.90732969,-87.78329806,,Urban,2,N,(N/A),Y,(N/A)
2022,2022-03-23,Wednesday,9,09:43 AM,Injury,B Injury Crash,2,0,0,2,0,0,Angle,15,N,N,Failing to Yield Right of Way,Failing to Reduce Speed to Avoid Crash,Daylight,Rain,Wet,Y,,,,,Stop Sign,Functioning Properly,N,2,41.8944579,-87.7912956,ok,(UNK),1,2201561,2022,,2,28,50000 and OVER,9,4295,Oak Park,C,Urban Minor Arterial,,16,23,11677683,3,Cook,2,22,,,3,N,No,Slow,202201097713,City,1,0,N,,,,(UNK),1018801,(N/A),(UNK),No Defects,1,2,Minor Arterial,4,,X002577106,Not Toll,73,2,4,Four Way,14,2943305.44847807,1913017.7910847,41.89445001,-87.79128977,,Urban,2,N,(N/A),Y,(N/A)
2022,2022-03-23,Wednesday,18,06:35 PM,Injury,C Injury Crash,1,0,0,0,1,2,Front to Rear,11,N,N,Following Too Closely,Failing to Reduce Speed to Avoid Crash,Darkness / Lighted Road,Rain,Wet,N,,,,,Traffic Signal,Functioning Properly,N,2,41.8899628,-87.8050889,ok,(UNK),1,2200306,2022,,3,28,50000 and OVER,9,4295,Oak Park,C,Urban Other Principal Arte,,16,23,11677687,3,Cook,1,22,,,3,N,No,Free Flow,202201097718,City,5,18.95999908,Y,,,,(UNK),1018807,(N/A),(UNK),No Defects,1,2,Other Principal Arterial,3,348,X002577110,Not Toll,73,3,4,"Divided, No Median Barrier",2,2939594.94221167,1911275.97089376,41.88995492,-87.80508309,,Urban,2,N,(N/A),Y,(N/A)
2022,2022-11-16,Wednesday,15,03:00 PM,Injury,C Injury Crash,2,0,0,0,2,0,Pedestrian,1,Y,N,Failing to Yield Right of Way,Failing to Reduce Speed to Avoid Crash,Daylight,Rain,Wet,N,,,,,Traffic Signal,Functioning Properly,Y,1,41.8942394,-87.8032359,ok,(UNK),1,2207164,2022,,2,28,50000 and OVER,9,4295,Oak Park,C,Urban Minor Arterial,,16,16,11969761,11,Cook,1,22,,,3,N,No,Slow,202201372940,City,1,0,N,,,,(UNK),1019236,(N/A),(UNK),No Defects,1,2,Minor Arterial,4,,X002831943,Not Toll,73,3,4,"Divided, No Median Barrier",2,2940056.56618398,1912848.35817038,41.89423156,-87.80323005,,Urban,2,N,(N/A),Y,(N/A)
2022,2022-03-24,Thursday,9,09:04 AM,Property Damage,No Injuries,0,0,0,0,0,2,Front to Rear,11,N,N,Failing to Reduce Speed to Avoid Crash,Unable to Determine,Daylight,Rain,Wet,N,,,,,Traffic Signal,Functioning Properly,N,2,41.8816912,-87.7845146,ok,(UNK),1,2201581,2022,,28,18,50000 and OVER,9,4295,Oak Park,C,Urban Major Collector,,16,24,11677959,3,Cook,0,22,,,4,N,No,Slow,202201097981,City,1,0,N,,,,(UNK),1019355,(N/A),(UNK),No Defects,1,2,Major Collector,5,,X002577352,Not Toll,73,3,4,Not Divided,1,2945280.96675608,1908416.58369505,41.88168332,-87.78450885,,Urban,2,N,(N/A),Y,(N/A)
2022,2022-03-19,Saturday,2,02:24 AM,Property Damage,No Injuries,0,0,0,0,0,0,Parked Motor Vehicle,9,N,N,Unable to Determine,(N/A),Darkness,Rain,Wet,N,,,,,No Controls,No Controls,Y,3,41.9080488,-87.7768664,ok,(UNK),1,2201469,2022,,18,99,50000 and OVER,9,4295,Oak Park,C,Urban Local Road or Street,,16,19,11678091,3,Cook,0,22,,,6,N,Yes,Free Flow,202201098162,City,4,0.08,N,,,,(UNK),1019644,(N/A),(UNK),No Defects,1,2,Local Road or Street,7,2603,X002577479,Not Toll,73,1,1,Not Divided,1,2947096.1515941,1918079.77407152,41.90804099,-87.77686059,,Urban,2,N,(N/A),Y,(N/A)
2022,2022-03-24,Thursday,11,11:42 AM,Injury,B Injury Crash,1,0,0,1,0,5,Angle,15,N,N,Failing to Yield Right of Way,Failing to Reduce Speed to Avoid Crash,Daylight,Cloudy/Overcast,Wet,Y,,,,,Stop Sign,Functioning Properly,N,3,41.8944579,-87.7912934,ok,(UNK),1,2201588,2022,,2,28,50000 and OVER,9,4295,Oak Park,C,Urban Minor Arterial,,16,24,11678169,3,Cook,2,22,,,4,N,Yes,Free Flow,202201098238,City,1,0,N,,,,(UNK),1019762,(N/A),(UNK),No Defects,1,2,Minor Arterial,4,,X002577550,Not Toll,73,2,4,Four Way,14,2943306.02777705,1913017.82757529,41.89445006,-87.79128764,,Urban,8,N,(N/A),Y,(N/A)
2022,2022-08-27,Saturday,14,02:30 PM,Injury,C Injury Crash,4,0,0,0,4,1,Sideswipe Same Direction,12,N,N,Improper Lane Usage,Improper Lane Usage,Daylight,Clear,Dry,N,,,,,Other Warning Sign,Functioning Properly,N,2,,,missing,(UNK),3,03-22-12278,2022,,20,20,50000 and OVER,9,4295,Oak Park,C,(UNK),8,16,27,11871576,8,Cook,1,22,,,6,N,No,(UNK),202201280637,ISP,1,0,N,,,,(UNK),1019768,(N/A),(UNK),No Defects,1,1,(UNK),0,0,X002746927,No Toll,,11,4,Divided With Median Barrier,3,0,0,,,,(UNK),1,N,(N/A),Y,(N/A)
2022,2022-08-23,Tuesday,16,04:55 PM,Property Damage,No Injuries,0,0,0,0,0,2,Sideswipe Same Direction,12,N,N,Failing to Yield Right of Way,Unable to Determine,Daylight,Clear,Dry,N,,,,,No Controls,No Controls,N,2,41.8888982,-87.7781986,ok,(UNK),1,2205102,2022,,2,18,50000 and OVER,9,4295,Oak Park,C,Urban Local Road or Street,,16,23,11876666,8,Cook,0,22,,,2,N,No,Free Flow,202201285748,City,1,0.64999998,N,,,,(UNK),1021843,(N/A),(UNK),No Defects,1,1,Local Road or Street,7,2613,X002751338,Not Toll,73,1,1,Not Divided,1,2946927.88906072,1911090.79607838,41.88889035,-87.77819282,,Urban,1,N,(N/A),Y,(N/A)
2022,2022-08-26,Friday,1,01:39 AM,Property Damage,No Injuries,0,0,0,0,0,1,Other Object,7,N,N,Failing to Reduce Speed to Avoid Crash,Weather,Darkness / Lighted Road,Clear,Wet,N,,,,,No Controls,No Controls,N,1,41.8721813,-87.7902255,ok,Partial Access Control,3,03-22-12580,2022,,28,11,50000 and OVER,9,4295,Oak Park,C,Urban InterState,,16,26,11877401,8,Cook,0,22,,,5,N,No,(UNK),202201286506,ISP,5,8.39000034,Y,,,,(UNK),1022077,(N/A),(UNK),No Defects,1,2,InterState,1,290,X002751963,Not Toll,,1,1,Divided With Median Barrier,3,2943821.73202788,1904907.87752551,41.87217346,-87.79021968,,Urban,1,N,(N/A),Y,(N/A)
2022,2022-03-24,Thursday,7,07:45 AM,Property Damage,No Injuries,0,0,0,0,0,1,Parked Motor Vehicle,9,N,N,Failing to Reduce Speed to Avoid Crash,Unable to Determine,Daylight,Clear,Wet,N,,,,,No Controls,No Controls,Y,2,41.8798536,-87.792622,ok,(UNK),1,2201604,2022,,28,18,50000 and OVER,9,4295,Oak Park,C,Urban Minor Arterial,,16,24,11681257,3,Cook,0,22,,,4,N,No,Free Flow,202201101220,City,1,0.5,N,,,,(UNK),1022300,(N/A),(UNK),No Defects,1,2,Minor Arterial,4,2673,X002580073,Not Toll,73,1,1,Not Divided,1,2943091.59521394,1907685.7268628,41.87984576,-87.79261625,,Urban,1,N,(N/A),Y,(N/A)
2022,2022-03-23,Wednesday,13,01:30 PM,Property Damage,No Injuries,0,0,0,0,0,3,Sideswipe Same Direction,12,N,N,Improper Lane Usage,(N/A),Daylight,Rain,Wet,N,,,,,No Controls,No Controls,Y,2,41.8713379,-87.7775926,ok,Partial Access Control,3,03-22-03976,2022,,20,99,50000 and OVER,9,4295,Oak Park,C,Urban InterState,,16,23,11681268,3,Cook,0,22,,,3,N,No,(UNK),202201101229,ISP,1,0.1,Y,,,,(UNK),1022319,(N/A),(UNK),No Defects,1,2,InterState,1,290,X002580377,Not Toll,,1,1,Divided With Median Barrier,3,2947271.1438439,1904696.10257885,41.87133009,-87.7775868,,Urban,2,N,(N/A),Y,(N/A)
2022,2022-03-23,Wednesday,14,02:44 PM,Property Damage,No Injuries,0,0,0,0,0,2,Sideswipe Same Direction,12,N,N,Improper Lane Usage,(N/A),Daylight,Clear,Dry,N,,,,,No Controls,No Controls,Y,2,41.8727257,-87.7936959,ok,(UNK),3,03-22-03973,2022,,20,99,50000 and OVER,9,4295,Oak Park,C,Urban Local Road or Street,,16,23,11681276,3,Cook,0,22,,,3,N,No,(UNK),202201101238,ISP,1,0.01,N,,,,(UNK),1022320,(N/A),(UNK),No Defects,1,1,Local Road or Street,7,290,X002580384,Not Toll,,1,1,Divided With Median Barrier,3,2942870.98379838,1905080.09684861,41.87271785,-87.79369014,,Urban,1,N,(N/A),Y,(N/A)
2022,2022-03-24,Thursday,18,06:50 PM,Injury,A Injury Crash,3,0,2,1,0,0,Front to Rear,11,N,N,Failing to Reduce Speed to Avoid Crash,Driving Skills/Knowledge/Experience,Dusk,Rain,Wet,N,,,,,No Controls,Worn Reflective Material,N,2,41.8728856,-87.7962381,ok,Partial Access Control,3,03-22-04019,2022,,28,15,50000 and OVER,9,4295,Oak Park,C,Urban InterState,,16,24,11681279,3,Cook,3,22,,,4,N,No,(UNK),202201101239,ISP,3,21.96999931,Y,,,,(UNK),1022324,(N/A),(UNK),No Defects,1,2,InterState,1,9290,X002580387,Not Toll,73,1,5,Divided With Median Barrier,3,2942176.97100396,1905119.22463672,41.87287775,-87.79623228,,Urban,2,N,(N/A),Y,(N/A)
2022,2022-08-26,Friday,6,06:36 AM,Property Damage,No Injuries,0,0,0,0,0,2,Sideswipe Same Direction,12,N,N,Improper Lane Usage,(N/A),Daylight,Clear,Dry,N,,,,,Other,Functioning Properly,Y,2,41.8723271,-87.8026952,ok,(UNK),3,03-22-12190,2022,,20,99,50000 and OVER,9,4295,Oak Park,C,Urban Local Road or Street,,16,26,11882903,8,Cook,0,22,,,5,N,No,(UNK),202201291823,ISP,1,0.1,N,,,,(UNK),1022974,(N/A),(UNK),No Defects,1,1,Local Road or Street,7,4062,X002756873,Not Toll,,13,4,"Divided, No Median Barrier",2,2940423.860107,1904867.18546832,41.8723193,-87.80268938,,Urban,1,N,(N/A),Y,(N/A)
2022,2022-08-26,Friday,12,12:30 PM,Property Damage,No Injuries,0,0,0,0,0,2,Sideswipe Same Direction,12,N,N,Improper Lane Usage,(N/A),Daylight,Clear,Dry,N,,,,,Other,Functioning Properly,N,2,41.8734212,-87.8008842,ok,Partial Access Control,3,03-22-12206,2022,,20,99,50000 and OVER,9,4295,Oak Park,C,Urban InterState,,16,26,11883040,8,Cook,0,22,,,5,N,No,(UNK),202201291994,ISP,1,21.75,Y,,,,(UNK),1022994,(N/A),(UNK),No Defects,1,1,InterState,1,9290,X002756997,Not Toll,73,13,4,Divided With Median Barrier,3,2940906.11932128,1905279.49145006,41.8734134,-87.80087843,,Urban,1,N,(N/A),Y,(N/A)
2022,2022-08-29,Monday,15,03:22 PM,Property Damage,No Injuries,0,0,0,0,0,3,Angle,15,N,N,Failing to Yield Right of Way,Unable to Determine,Daylight,Clear,Dry,Y,,,,,Stop Sign,Functioning Properly,N,2,41.8796078,-87.8038456,ok,(UNK),1,2205247,2022,,2,18,50000 and OVER,9,4295,Oak Park,C,Urban Minor Arterial,,16,29,11885187,8,Cook,0,22,,,1,N,No,Free Flow,202201294269,City,1,0,N,,,,(UNK),1023141,(N/A),(UNK),No Defects,1,1,Minor Arterial,4,,X002758986,Not Toll,73,2,4,Four Way,14,2940037.44261316,1907511.77258655,41.8796,-87.80383979,,Urban,1,N,(N/A),Y,(N/A)
2022,2022-02-05,Saturday,9,09:40 AM,Property Damage,No Injuries,0,0,0,0,0,3,Front to Rear,11,N,N,Failing to Reduce Speed to Avoid Crash,Following Too Closely,Daylight,Clear,Dry,N,,,,,Other,Functioning Properly,N,2,41.8715206,-87.7790503,ok,Partial Access Control,3,03-22-01883,2022,,28,3,50000 and OVER,9,4295,Oak Park,C,Urban InterState,,16,5,11630399,2,Cook,0,22,,,6,N,No,(UNK),202201053155,ISP,1,22.85000038,Y,,,,(UNK),1024150,(N/A),(UNK),No Defects,1,1,InterState,1,9290,X002537063,Not Toll,73,13,4,Divided With Median Barrier,3,2946872.23838746,1904751.60819058,41.87151273,-87.77904453,,Urban,1,N,(N/A),Y,(N/A)
2022,2022-08-22,Monday,15,03:06 PM,Property Damage,No Injuries,0,0,0,0,0,1,Parked Motor Vehicle,9,N,N,Failing to Reduce Speed to Avoid Crash,(N/A),Unknown,Unknown,Unknown,N,,,,,No Controls,No Controls,Y,2,41.8669735,-87.7945625,ok,(UNK),1,2205081,2022,,28,99,50000 and OVER,9,4295,Oak Park,C,Urban Local Road or Street,,16,22,11889369,8,Cook,0,22,,,1,N,No,Free Flow,202201297843,City,9,0.46000001,N,,,,(UNK),1024157,(N/A),(UNK),No Defects,1,9,Local Road or Street,7,4102,X002762382,Not Toll,73,1,1,Not Divided,1,2942692.92350649,1902977.35980324,41.86696564,-87.79455668,,Urban,9,N,(N/A),Y,(N/A)
2022,2022-03-25,Friday,3,03:33 AM,Property Damage,No Injuries,0,0,0,0,0,2,Front to Rear,11,N,N,Failing to Reduce Speed to Avoid Crash,Physical Condition of Driver,Darkness / Lighted Road,Clear,Dry,N,,,,,Other,Functioning Properly,N,2,41.8834042,-87.786869,ok,(UNK),3,03-22-04039,2022,,28,17,50000 and OVER,9,4295,Oak Park,C,Urban Local Road or Street,,16,25,11694604,3,Cook,0,22,,,5,N,No,(UNK),202201113535,ISP,5,0.89999998,N,,,,(UNK),1024792,(N/A),(UNK),No Defects,1,1,Local Road or Street,7,3015,X002592027,Not Toll,73,13,4,Divided With Median Barrier,3,2944622.47901194,1909023.04437615,41.88339635,-87.78686321,,Urban,1,N,(N/A),Y,(N/A)
2022,2022-08-22,Monday,17,05:39 PM,Property Damage,No Injuries,0,0,0,0,0,2,Parked Motor Vehicle,9,N,N,Improper Lane Usage,Failing to Reduce Speed to Avoid Crash,Daylight,Clear,Dry,N,,,,,No Controls,No Controls,N,2,41.8668525,-87.781543,ok,(UNK),1,2205085,2022,,20,28,50000 and OVER,9,4295,Oak Park,C,Urban Local Road or Street,,16,22,11949673,8,Cook,0,22,,,1,N,No,Free Flow,202201354925,City,1,0.25999999,N,,,,(UNK),1025953,(N/A),(UNK),No Defects,1,1,Local Road or Street,7,2633,X002814681,Not Toll,73,1,1,Not Divided,1,2946240.57492121,1903031.58199656,41.86684463,-87.78153725,,Urban,1,N,(N/A),Y,(N/A)
2022,2022-11-13,Sunday,15,03:00 PM,Property Damage,No Injuries,0,0,0,0,0,2,Sideswipe Same Direction,12,N,N,Improper Lane Usage,Failing to Reduce Speed to Avoid Crash,Daylight,Unknown,Unknown,N,,,,,Other Warning Sign,Functioning Properly,Y,2,41.8713137,-87.7757248,ok,Partial Access Control,3,03-22-16921,2022,,20,28,50000 and OVER,9,4295,Oak Park,C,Urban InterState,,16,13,11973233,11,Cook,0,22,,,7,N,No,(UNK),202201375792,ISP,1,23.02000046,Y,,,,(UNK),1026122,(N/A),(UNK),No Defects,1,9,InterState,1,9290,X002834856,Not Toll,73,11,4,Divided With Median Barrier,3,2947780.12786576,1904701.45656005,41.87130589,-87.77571902,,Urban,9,N,(N/A),Y,(N/A)
2022,2022-11-18,Friday,22,10:45 PM,Property Damage,No Injuries,0,0,0,0,0,5,Front to Rear,11,N,N,Failing to Reduce Speed to Avoid Crash,(N/A),Darkness / Lighted Road,Clear,Dry,N,,,,,Other,Functioning Properly,N,2,41.8737291,-87.8039855,ok,Partial Access Control,3,03-22-16896,2022,,28,99,50000 and OVER,9,4295,Oak Park,C,Urban InterState,,16,18,11973348,11,Cook,0,22,,,5,N,No,(UNK),202201375894,ISP,5,21.61000061,Y,,,,(UNK),1026347,(N/A),(UNK),No Defects,1,1,InterState,1,9290,X002834956,Not Toll,73,13,4,Divided With Median Barrier,3,2940058.35478311,1905368.39682142,41.87372124,-87.80397966,,Urban,1,N,(N/A),Y,(N/A)
2022,2022-11-20,Sunday,13,01:08 PM,Property Damage,No Injuries,0,0,0,0,0,3,Angle,15,N,N,Failing to Reduce Speed to Avoid Crash,(N/A),Daylight,Clear,Dry,Y,,,,,Stop Sign,Functioning Properly,N,2,41.8868465,-87.7971189,ok,(UNK),1,2207247,2022,,28,99,50000 and OVER,9,4295,Oak Park,C,Urban Local Road or Street,,16,20,11973685,11,Cook,0,22,,,7,N,No,Stopped,202201376241,City,1,0,N,,,,(UNK),1026773,(N/A),(UNK),No Defects,1,1,Local Road or Street,7,,X002835286,Not Toll,73,2,4,Four Way,14,2941796.52392557,1910200.22187717,41.8868387,-87.79711309,,Urban,1,N,(N/A),Y,(N/A)
2022,2022-08-30,Tuesday,21,09:14 PM,Injury,B Injury Crash,1,0,0,1,0,1,Turning,10,N,N,Failing to Yield Right of Way,Failing to Reduce Speed to Avoid Crash,Darkness / Lighted Road,Clear,Dry,Y,,,,,Traffic Signal,Functioning Properly,N,2,41.8905581,-87.8051158,ok,(UNK),1,2205274,2022,,2,28,50000 and OVER,9,4295,Oak Park,C,Urban Other Principal Arte,,16,30,11866542,8,Cook,2,22,,,2,N,No,Free Flow,202201275956,City,5,26.78000069,Y,,,,(UNK),1027352,(N/A),(UNK),No Defects,1,1,Other Principal Arterial,3,5043,X002742360,Not Toll,73,3,4,Not Divided,1,2939581.63957835,1911492.71742186,41.89055025,-87.80511,,Urban,1,N,(N/A),Y,(N/A)
2022,2022-08-30,Tuesday,14,02:10 PM,Injury,B Injury Crash,2,0,0,2,0,2,Rear to Side,16,N,N,Improper Backing,Unable to Determine,Daylight,Clear,Dry,N,,,,,No Controls,No Controls,N,3,41.8873189,-87.7941103,ok,(UNK),1,2205266,2022,,30,18,50000 and OVER,9,4295,Oak Park,C,Urban Local Road or Street,,16,30,11866543,8,Cook,2,22,,,2,N,No,Slow,202201275957,City,1,0.31,N,,,,(UNK),1027353,(N/A),(UNK),No Defects,1,1,Local Road or Street,7,3005,X002742361,Not Toll,73,1,1,One-Way,10,2942611.0184721,1910395.0147321,41.88731108,-87.79410455,,Urban,1,N,(N/A),Y,(N/A)
2022,2022-09-01,Thursday,7,07:43 AM,Property Damage,No Injuries,0,0,0,0,0,2,Turning,10,N,N,Improper Turning/No Signal,Unable to Determine,Daylight,Clear,Dry,N,,,,,Traffic Signal,Functioning Properly,N,2,41.8653038,-87.8042242,ok,(UNK),1,22-02648,2022,,6,18,50000 and OVER,9,4295,Oak Park,C,Urban Other Principal Arte,,16,1,11867829,9,Cook,0,22,,,4,N,No,Free Flow,202201277018,City,1,20.67000008,Y,,,,(UNK),1028218,(N/A),(UNK),No Defects,1,1,Other Principal Arterial,3,348,X002743414,Not Toll,73,3,4,"Divided, No Median Barrier",2,2940077.88381889,1902296.29036349,41.86529597,-87.80421836,,Urban,1,N,(N/A),Y,(N/A)
2022,2022-11-21,Monday,19,07:00 PM,Property Damage,No Injuries,0,0,0,0,0,2,Sideswipe Same Direction,12,N,N,Driving Skills/Knowledge/Experience,Operating Vehicle In Reckless Manner,Darkness,Clear,Dry,N,,,,,No Controls,No Controls,Y,2,41.8812778,-87.8047807,ok,(UNK),1,22-03507,2022,,15,50,50000 and OVER,9,4295,Oak Park,C,Urban Other Principal Arte,,16,21,11974822,11,Cook,0,22,,,1,N,No,Stopped,202201377317,City,4,19.56999969,Y,,,,(UNK),1028309,(N/A),(UNK),No Defects,1,1,Other Principal Arterial,3,348,X002836365,Not Toll,73,1,1,"Divided, No Median Barrier",2,2939766.01101205,1908113.30505549,41.88126991,-87.80477492,,Urban,1,N,(N/A),Y,(N/A)
2022,2022-11-18,Friday,19,07:53 PM,Property Damage,No Injuries,0,0,0,0,0,1,Parked Motor Vehicle,9,N,N,Improper Lane Usage,Failing to Reduce Speed to Avoid Crash,Darkness,Clear,Dry,N,,,,,No Controls,No Controls,Y,2,41.8990233,-87.7801331,ok,(UNK),1,2207218,2022,,20,28,50000 and OVER,9,4295,Oak Park,C,Urban Local Road or Street,,16,18,11974942,11,Cook,0,22,,,5,N,No,Free Flow,202201377413,City,4,0.69999999,N,,,,(UNK),1028419,(N/A),(UNK),No Defects,1,1,Local Road or Street,7,3559,X002836493,Not Toll,73,1,1,Not Divided,1,2946298.44684536,1914765.90683324,41.89901543,-87.78012727,,Urban,1,N,(N/A),Y,(N/A)
2022,2022-11-21,Monday,13,01:26 PM,Property Damage,No Injuries,0,0,0,0,0,1,Parked Motor Vehicle,9,N,N,Improper Lane Usage,Unable to Determine,Daylight,Clear,Dry,N,,,,,No Controls,No Controls,N,2,41.8762569,-87.7941122,ok,(UNK),1,2207268,2022,,20,18,50000 and OVER,9,4295,Oak Park,C,Urban Major Collector,,16,21,11974948,11,Cook,0,22,,,1,N,No,(UNK),202201377414,City,1,6.4000001,N,,,,(UNK),1028421,(N/A),(UNK),No Defects,1,1,Major Collector,5,2775,X002836494,Not Toll,73,1,1,"Divided, No Median Barrier",2,2942722.01030842,1906363.78267871,41.87624902,-87.79410643,,Urban,1,N,(N/A),Y,(N/A)
2022,2022-10-11,Tuesday,21,09:27 PM,Property Damage,No Injuries,0,0,0,0,0,3,Sideswipe Same Direction,12,N,N,Equipment-Vehicle Condition,(N/A),Darkness / Lighted Road,Rain,Wet,N,,,,,No Controls,No Controls,N,3,41.8815924,-87.7918642,ok,(UNK),1,2206304,2022,,10,99,50000 and OVER,9,4295,Oak Park,C,Urban Major Collector,,16,11,11920477,10,Cook,0,22,,,2,N,No,Free Flow,202201327250,City,5,0.67000002,N,,,,(UNK),1028459,(N/A),(UNK),No Defects,1,2,Major Collector,5,5,X002789623,Not Toll,73,1,1,"Divided, No Median Barrier",2,2943280.44106907,1908325.08312442,41.88158454,-87.79185841,,Urban,2,N,(N/A),Y,(N/A)
2022,2022-10-11,Tuesday,15,03:17 PM,Property Damage,No Injuries,0,0,0,0,0,2,Sideswipe Opposite Direction,13,N,N,Failing to Reduce Speed to Avoid Crash,Unable to Determine,Daylight,Rain,Wet,N,,,,,No Controls,No Controls,Y,4,41.8904921,-87.7766095,ok,(UNK),1,2206296,2022,,28,18,50000 and OVER,9,4295,Oak Park,C,Urban Local Road or Street,,16,11,11920481,10,Cook,0,22,,,2,N,Yes,Free Flow,202201327254,City,1,0,N,,,,(UNK),1028462,(N/A),(UNK),No Defects,1,2,Local Road or Street,7,,X002789627,Not Toll,73,1,1,Not Divided,1,2947344.42644955,1911683.68228598,41.8904842,-87.77660368,,Urban,2,N,(N/A),Y,(N/A)
2022,2022-11-21,Monday,19,07:15 PM,Property Damage,No Injuries,0,0,0,0,0,3,Turning,10,N,N,Improper Turning/No Signal,Unable to Determine,Darkness / Lighted Road,Clear,Dry,Y,,,,,Traffic Signal,Functioning Properly,N,2,41.8736415,-87.8045246,ok,Partial Access Control,1,2207275,2022,,6,18,50000 and OVER,9,4295,Oak Park,C,Urban InterState,,16,21,11975155,11,Cook,0,22,,,1,N,No,Free Flow,202201377644,City,5,25.61000061,Y,,,,(UNK),1028700,(N/A),(UNK),No Defects,1,1,InterState,1,5043,X002836649,Not Toll,73,3,4,Other,8,2939912.3863054,1905332.452807,41.8736337,-87.80451881,,Urban,1,N,(N/A),Y,(N/A)
2022,2022-06-25,Saturday,21,09:40 PM,Property Damage,No Injuries,0,0,0,0,0,5,Front to Rear,11,N,N,Failing to Yield Right of Way,Improper Turning/No Signal,Darkness / Lighted Road,Clear,Dry,Y,,,,,Traffic Signal,Functioning Properly,Y,3,41.8650297,-87.8042159,ok,(UNK),1,22-01900,2022,,2,6,50000 and OVER,9,4295,Oak Park,C,Urban Other Principal Arte,,16,25,11846590,6,Cook,0,22,,,6,Y,Yes,Slow,202201258167,City,5,25.01000023,Y,,,,(UNK),1029012,(N/A),(UNK),No Defects,1,1,Other Principal Arterial,3,5043,X002724975,Not Toll,52,3,4,"Divided, No Median Barrier",2,2940082.89646485,1902196.46969257,41.86502188,-87.80421006,,Urban,1,N,Construction,Y,Construction Work Zone
2022,2022-11-22,Tuesday,9,09:26 AM,Property Damage,No Injuries,0,0,0,0,0,2,Turning,10,N,N,Turning Right On Red,Driving Skills/Knowledge/Experience,Daylight,Clear,Dry,N,,,,,Traffic Signal,Functioning Properly,N,2,41.8735699,-87.8045226,ok,(UNK),1,22-3509,2022,,7,15,50000 and OVER,9,4295,Oak Park,C,Urban Other Principal Arte,,16,22,11975474,11,Cook,0,22,,,2,N,No,Free Flow,202201377959,City,1,20.10000038,Y,,,,(UNK),1029268,(N/A),(UNK),No Defects,1,1,Other Principal Arterial,3,348,X002836948,Not Toll,73,3,4,Divided With Median Barrier,3,2939913.66068545,1905306.35985964,41.87356206,-87.80451677,,Urban,1,N,(N/A),Y,(N/A)
2022,2022-08-31,Wednesday,8,08:21 AM,Property Damage,No Injuries,0,0,0,0,0,2,Turning,10,N,N,Improper Overtaking/Passing,Unable to Determine,Daylight,Clear,Dry,N,,,,,No Controls,No Controls,Y,2,41.8999633,-87.781107,ok,(UNK),1,2205277,2022,,4,18,50000 and OVER,9,4295,Oak Park,C,Urban Local Road or Street,,16,31,11868798,8,Cook,0,22,,,3,N,No,Free Flow,202201277912,City,1,0.69,N,,,,(UNK),1029272,(N/A),(UNK),No Defects,1,1,Local Road or Street,7,3110,X002744300,Not Toll,73,1,1,Not Divided,1,2946023.76365911,1915101.07527835,41.89995541,-87.78110117,,Urban,1,N,(N/A),Y,(N/A)
2022,2022-09-01,Thursday,7,07:45 AM,Property Damage,No Injuries,0,0,0,0,0,2,Angle,15,N,N,Failing to Reduce Speed to Avoid Crash,(N/A),Daylight,Clear,Dry,N,,,,,Stop Sign,Functioning Properly,N,2,41.9017683,-87.7912082,ok,(UNK),1,2205295,2022,,28,99,50000 and OVER,9,4295,Oak Park,C,Urban Major Collector,,16,1,11868802,9,Cook,0,22,,,4,N,No,Free Flow,202201277916,City,1,0,N,,,,(UNK),1029284,(N/A),(UNK),No Defects,1,1,Major Collector,5,,X002744304,Not Toll,73,2,4,Not Divided,1,2943255.43269893,1915682.50079972,41.9017604,-87.7912024,,Urban,1,N,(N/A),Y,(N/A)