crash_year,crash_date,day_of_week,crash_hour,time_of_crash,crash_severity,crash_injury_severity,total_injured,total_fatals,a_injuries,b_injuries,c_injuries,no_injuries,type_of_first_crash,collision_type_code,pedestrian_involved,pedalcyclist_involved,cause1,cause2,lighting_cond,weather_cond,road_surface_cond,intersection_related,is_intersection,highway_or_street_name,at_intersection_with,address_no,traffic_control_device,traffic_control_device_cond,hit_and_run,number_of_vehicles,latitude,longitude,location_status,access_control,agency_code,agency_report_number,agency_report_year,alignment_code,cause1_code,cause2_code,city_class,city_class_code,city_code,city_name,city_township_flag,class_of_trafficway,class_of_trafficway_code,county_code,crash_day,crash_id,crash_month,crash_report_county,crash_severity_cd,crash_yr_source,damaged_property1,damaged_property2,day_of_week_code,did_crash_occur_in_work_zone,did_involve_secondary_crash,flow_condition,icn,investigating_agency_descrip,light_condition_code,mile_station,nhs,non_intersection_direction,non_intersection_distance,non_intersection_units,number_of_lanes,objectid,railroad_crossing_number,road_alignment,road_defects,road_defects_code,road_surface_condition_code,roadway_functional_class,roadway_functional_class_code,route_number,sfe,toll,township,traffic_control_device_code,traffic_control_device_cond_code,trafficway_descrip,trafficway_description_code,ts_crash_coordinate_x,ts_crash_coordinate_y,ts_crash_latitude,ts_crash_longitude,type_report,urban_rural,weather_code,were_workers_present,work_zone,work_zone_related,work_zone_type
2022,2022-09-02,Friday,19,07:24 PM,Property Damage,No Injuries,0,0,0,0,0,2,Front to Rear,11,N,N,Failing to Reduce Speed to Avoid Crash,Following Too Closely,Daylight,Clear,Dry,N,,,,,Other,Functioning Properly,N,2,41.8735131,-87.8017029,ok,Partial Access Control,3,03-22-12613,2022,,28,3,50000 and OVER,9,4295,Oak Park,C,Urban InterState,,16,2,11869808,9,Cook,0,22,,,5,N,No,(UNK),202201278865,ISP,1,21.70999908,Y,,,,(UNK),1030447,(N/A),(UNK),No Defects,1,1,InterState,1,9290,X002745221,Not Toll,73,13,4,Divided With Median Barrier,3,2940682.20455746,1905306.82509907,41.87350527,-87.80169714,,Urban,1,N,(N/A),Y,(N/A)
2022,2022-09-01,Thursday,12,12:37 PM,Property Damage,No Injuries,0,0,0,0,0,1,Parked Motor Vehicle,9,N,N,Unable to Determine,Unable to Determine,Daylight,Clear,Dry,N,,,,,No Controls,No Controls,N,2,41.9089269,-87.7949569,ok,(UNK),1,2205308,2022,,18,18,50000 and OVER,9,4295,Oak Park,C,Urban Major Collector,,16,1,11870009,9,Cook,0,22,,,4,N,No,Free Flow,202201279027,City,1,4.11999989,N,,,,(UNK),1030664,(N/A),(UNK),No Defects,1,1,Major Collector,5,2775,X002745386,Not Toll,73,1,1,Not Divided,1,2942162.69983172,1918263.01129195,41.90891908,-87.79495108,,Urban,1,N,(N/A),Y,(N/A)
2022,2022-09-01,Thursday,10,10:15 AM,Property Damage,No Injuries,0,0,0,0,0,2,Front to Rear,11,N,N,Following Too Closely,Failing to Reduce Speed to Avoid Crash,Daylight,Clear,Dry,N,,,,,No Controls,No Controls,N,3,41.8945865,-87.7833562,ok,(UNK),1,2205300,2022,,3,28,50000 and OVER,9,4295,Oak Park,C,Urban Minor Arterial,,16,1,11870012,9,Cook,0,22,,,4,N,No,Slow,202201279029,City,1,3.71000004,N,,,,(UNK),1030678,(N/A),(UNK),No Defects,1,1,Minor Arterial,4,1398,X002745388,Not Toll,73,1,1,"Divided, No Median Barrier",2,2945465.84836601,1913124.64626429,41.89457864,-87.78335044,,Urban,1,N,(N/A),Y,(N/A)
2022,2022-09-01,Thursday,16,04:12 PM,Property Damage,No Injuries,0,0,0,0,0,3,Front to Rear,11,N,N,Failing to Reduce Speed to Avoid Crash,Unable to Determine,Daylight,Clear,Dry,Y,,,,,No Controls,No Controls,N,2,41.8817578,-87.7828656,ok,(UNK),1,2205316,2022,,28,18,50000 and OVER,9,4295,Oak Park,C,Urban Major Collector,,16,1,11870022,9,Cook,0,22,,,4,N,No,Stopped,202201279038,City,1,0,N,,,,(UNK),1030679,(N/A),(UNK),No Defects,1,1,Major Collector,5,,X002745397,Not Toll,73,1,1,Not Divided,1,2945729.38373595,1908453.35988176,41.88175,-87.78285979,,Urban,1,N,(N/A),Y,(N/A)
2022,2022-11-16,Wednesday,19,07:00 PM,Property Damage,No Injuries,0,0,0,0,0,2,Sideswipe Same Direction,12,N,N,Improper Lane Usage,Failing to Reduce Speed to Avoid Crash,Darkness / Lighted Road,Clear,Dry,N,,,,,No Controls,No Controls,N,2,41.8715437,-87.7793936,ok,Partial Access Control,3,03-22-16771,2022,,20,28,50000 and OVER,9,4295,Oak Park,C,Urban InterState,,16,16,11976522,11,Cook,0,22,,,3,N,No,(UNK),202201379001,ISP,5,22.82999992,Y,,,,(UNK),1030975,(N/A),(UNK),No Defects,1,1,InterState,1,9290,X002837956,Not Toll,73,1,1,Divided With Median Barrier,3,2946778.49383739,1904757.43488658,41.87153586,-87.77938785,,Urban,1,N,(N/A),Y,(N/A)
2022,2022-11-21,Monday,17,05:20 PM,Property Damage,No Injuries,0,0,0,0,0,2,Front to Rear,11,N,N,Following Too Closely,Unable to Determine,Darkness / Lighted Road,Clear,Dry,N,,,,,Other Regualtory Sig,Functioning Properly,N,2,41.8722054,-87.7905252,ok,Partial Access Control,3,03-22-17029,2022,,3,18,50000 and OVER,9,4295,Oak Park,C,Urban InterState,,16,21,11976542,11,Cook,0,22,,,1,N,No,(UNK),202201379021,ISP,5,8.36999989,Y,,,,(UNK),1031004,(N/A),(UNK),No Defects,1,1,InterState,1,290,X002837976,Not Toll,,10,4,Divided With Median Barrier,3,2943739.86133455,1904914.38752015,41.87219753,-87.79051937,,Urban,1,N,(N/A),Y,(N/A)
2022,2022-11-17,Thursday,2,02:15 AM,Property Damage,No Injuries,0,0,0,0,0,2,Sideswipe Same Direction,12,N,N,Improper Overtaking/Passing,Unable to Determine,Darkness / Lighted Road,Clear,Dry,N,,,,,No Controls,No Controls,Y,2,41.8868482,-87.7813905,ok,(UNK),1,2207294,2022,,4,18,50000 and OVER,9,4295,Oak Park,C,Urban Local Road or Street,,16,17,11976607,11,Cook,0,22,,,4,N,No,Free Flow,202201384301,City,5,0.04,N,,,,(UNK),1031081,(N/A),(UNK),No Defects,1,1,Local Road or Street,7,2630,X002838032,Not Toll,73,1,1,"Divided, No Median Barrier",2,2946079.52196248,1910319.55179364,41.88684036,-87.78138466,,Urban,1,N,(N/A),Y,(N/A)
2022,2022-11-22,Tuesday,10,10:40 AM,Injury,B Injury Crash,1,0,0,1,0,3,Front to Rear,11,N,N,Failing to Reduce Speed to Avoid Crash,Unable to Determine,Daylight,Clear,Dry,N,,,,,Traffic Signal,Functioning Properly,N,2,41.8886564,-87.7952514,ok,(UNK),1,2207284,2022,,28,18,50000 and OVER,9,4295,Oak Park,C,Urban Major Collector,,16,22,11976603,11,Cook,2,22,,,2,N,No,Slow,202201379073,City,1,0.31,N,,,,(UNK),1031090,(N/A),(UNK),No Defects,1,1,Major Collector,5,1405,X002838028,Not Toll,73,3,4,Not Divided,1,2942286.81305194,1910873.81128199,41.88864853,-87.79524564,,Urban,1,N,(N/A),Y,(N/A)
2022,2022-11-22,Tuesday,15,03:21 PM,Property Damage,No Injuries,0,0,0,0,0,4,Angle,15,N,N,Failing to Yield Right of Way,Failing to Reduce Speed to Avoid Crash,Daylight,Clear,Dry,Y,,,,,Stop Sign,Functioning Properly,N,2,41.8815773,-87.7926484,ok,(UNK),1,2207293,2022,,2,28,50000 and OVER,9,4295,Oak Park,C,Urban Major Collector,,16,22,11976605,11,Cook,0,22,,,2,N,No,Stopped,202201379075,City,1,0,N,,,,(UNK),1031091,(N/A),(UNK),No Defects,1,1,Major Collector,5,,X002838030,Not Toll,73,2,4,Not Divided,1,2943067.02078883,1908313.6932784,41.8815695,-87.79264264,,Urban,1,N,(N/A),Y,(N/A)
2022,2022-11-19,Saturday,19,07:30 PM,Property Damage,No Injuries,0,0,0,0,0,4,Front to Rear,11,N,N,Following Too Closely,Failing to Reduce Speed to Avoid Crash,Darkness / Lighted Road,Clear,Dry,N,,,,,Traffic Signal,Functioning Properly,N,2,41.8713029,-87.7799198,ok,Partial Access Control,3,03-22-16968,2022,,3,28,50000 and OVER,9,4295,Oak Park,C,Urban InterState,,16,19,11977124,11,Cook,0,22,,,6,N,No,(UNK),202201379620,ISP,5,22.79999924,Y,,,,(UNK),1031780,(N/A),(UNK),No Defects,1,1,InterState,1,9290,X002838518,Not Toll,,3,4,Ramp,11,2946637.62527698,1904665.7032169,41.87129508,-87.77991399,,Urban,1,N,(N/A),Y,(N/A)
2022,2022-09-04,Sunday,7,07:13 AM,Property Damage,No Injuries,0,0,0,0,0,3,Turning,10,N,N,Improper Overtaking/Passing,(N/A),Daylight,Clear,Dry,Y,,,,,Traffic Signal,Functioning Properly,N,2,41.8736416,-87.8045258,ok,Partial Access Control,1,22-02679,2022,,4,99,50000 and OVER,9,4295,Oak Park,C,Urban InterState,,16,4,11871223,9,Cook,0,22,,,7,N,No,Free Flow,202201280291,City,1,25.61000061,Y,,,,(UNK),1032068,(N/A),(UNK),No Defects,1,1,InterState,1,5043,X002746580,Not Toll,73,3,4,Four Way,14,2939912.062394,1905332.46992192,41.87363377,-87.80452,,Urban,1,N,(N/A),Y,(N/A)
2022,2022-09-03,Saturday,22,10:57 PM,Property Damage,No Injuries,0,0,0,0,0,4,Front to Rear,11,N,N,Following Too Closely,Failing to Reduce Speed to Avoid Crash,Darkness / Lighted Road,Clear,Dry,N,,,,,Other,Functioning Properly,N,2,41.8724001,-87.7907497,ok,Partial Access Control,3,03-22-12686,2022,,3,28,50000 and OVER,9,4295,Oak Park,C,Urban InterState,,16,3,11871545,9,Cook,0,22,,,6,N,No,(UNK),202201280607,ISP,5,22.23999977,Y,,,,(UNK),1032354,(N/A),(UNK),No Defects,1,1,InterState,1,9290,X002746897,Not Toll,73,13,4,Divided With Median Barrier,3,2943676.75186022,1904983.66515246,41.87239229,-87.79074385,,Urban,1,N,(N/A),Y,(N/A)
2022,2022-11-22,Tuesday,17,05:06 PM,Property Damage,No Injuries,0,0,0,0,0,2,Angle,15,N,N,Failing to Yield Right of Way,Unable to Determine,Darkness / Lighted Road,Clear,Dry,Y,,,,,Stop Sign,Functioning Properly,N,2,41.8763398,-87.7794555,ok,(UNK),1,2207297,2022,,2,18,50000 and OVER,9,4295,Oak Park,C,Urban Minor Collector,,16,22,11977681,11,Cook,0,22,,,2,N,No,Free Flow,202201380269,City,5,0,N,,,,(UNK),1032577,(N/A),(UNK),No Defects,1,1,Minor Collector,6,,X002839062,Not Toll,73,2,4,"Divided, No Median Barrier",2,2946713.00840122,1906504.7584825,41.87633198,-87.77944971,,Urban,1,N,(N/A),Y,(N/A)
2022,2022-09-01,Thursday,19,07:50 PM,Property Damage,No Injuries,0,0,0,0,0,2,Front to Rear,11,N,N,Failing to Reduce Speed to Avoid Crash,Following Too Closely,Darkness / Lighted Road,Clear,Dry,N,,,,,No Controls,No Controls,N,2,41.8711278,-87.7742958,ok,Partial Access Control,3,03-22-12670,2022,,28,3,50000 and OVER,9,4295,Oak Park,C,Urban InterState,,16,1,11871884,9,Cook,0,22,,,4,N,No,(UNK),202201280938,ISP,5,0,Y,,,,(UNK),1032733,(N/A),(UNK),No Defects,1,1,InterState,1,,X002747230,Not Toll,,1,1,Divided With Median Barrier,3,2948171.24961575,1904644.56578593,41.87112,-87.77429,,Urban,1,N,(N/A),Y,(N/A)
2022,2022-11-21,Monday,12,12:45 PM,Property Damage,No Injuries,0,0,0,0,0,2,Front to Rear,11,N,N,Failing to Reduce Speed to Avoid Crash,Following Too Closely,Daylight,Clear,Dry,N,,,,,Other Regualtory Sig,Functioning Properly,Y,2,41.8723349,-87.7887272,ok,Partial Access Control,3,03-22-17021,2022,,28,3,50000 and OVER,9,4295,Oak Park,C,Urban InterState,,16,21,11978105,11,Cook,0,22,,,1,N,No,(UNK),202201380681,ISP,1,22.35000038,Y,,,,(UNK),1033192,(N/A),(UNK),No Defects,1,1,InterState,1,9290,X002839475,Not Toll,73,10,4,Divided With Median Barrier,3,2944228.26824363,1904975.1511391,41.87232704,-87.78872141,,Urban,1,N,(N/A),Y,(N/A)
2022,2022-09-01,Thursday,23,11:36 PM,Fatal,Fatal Crash,2,1,0,2,0,1,Turning,10,N,N,Disregarding Traffic Signals,Failing to Reduce Speed to Avoid Crash,Darkness,Clear,Dry,Y,,,,,Traffic Signal,Functioning Properly,N,3,41.8736436,-87.8045259,ok,Partial Access Control,1,22-02661,2022,,25,28,50000 and OVER,9,4295,Oak Park,C,Urban InterState,,16,1,11872669,9,Cook,4,22,,,4,N,Yes,Free Flow,202201293437,City,4,0.20999999,Y,,,,(UNK),1033396,(N/A),(UNK),No Defects,1,1,InterState,1,290,X002747971,Not Toll,73,3,4,Divided With Median Barrier,3,2939912.02913007,1905333.17516317,41.87363571,-87.80452005,,Urban,1,N,(N/A),Y,(N/A)
2022,2022-09-03,Saturday,14,02:13 PM,Property Damage,No Injuries,0,0,0,0,0,2,Parked Motor Vehicle,9,N,N,Failing to Reduce Speed to Avoid Crash,Unable to Determine,Daylight,Clear,Dry,N,,,,,No Controls,No Controls,Y,2,41.8948338,-87.7767504,ok,(UNK),1,2205356,2022,,28,18,50000 and OVER,9,4295,Oak Park,C,Urban Local Road or Street,,16,3,11874023,9,Cook,0,22,,,6,N,No,Free Flow,202201283013,City,1,0.20999999,N,,,,(UNK),1034069,(N/A),(UNK),No Defects,1,1,Local Road or Street,7,2603,X002749017,Not Toll,73,1,1,Not Divided,1,2947261.94606214,1913264.83431155,41.89482596,-87.77674465,,Urban,1,N,(N/A),Y,(N/A)
2022,2022-09-02,Friday,19,07:34 PM,Property Damage,No Injuries,0,0,0,0,0,2,Sideswipe Same Direction,12,N,N,Unable to Determine,Unable to Determine,Darkness / Lighted Road,Clear,Dry,N,,,,,No Controls,No Controls,Y,2,41.908949,-87.7981345,ok,(UNK),1,2205346,2022,,18,18,50000 and OVER,9,4295,Oak Park,C,Urban Other Principal Arte,,16,2,11874445,9,Cook,0,22,,,5,N,No,Free Flow,202201283685,City,5,129.57000732,Y,,,,(UNK),1034293,(N/A),(UNK),No Defects,1,1,Other Principal Arterial,3,5064,X002749033,Not Toll,73,1,1,Not Divided,1,2941297.46737521,1918247.15557048,41.9089412,-87.79812874,,Urban,1,N,(N/A),Y,(N/A)
2022,2022-11-15,Tuesday,18,06:00 PM,Property Damage,No Injuries,0,0,0,0,0,3,Front to Rear,11,N,N,Failing to Reduce Speed to Avoid Crash,Following Too Closely,Darkness / Lighted Road,Rain,Wet,N,,,,,Other Regualtory Sig,Functioning Properly,N,2,41.8709444,-87.7746263,ok,Partial Access Control,3,03-22-16703,2022,,28,3,50000 and OVER,9,4295,Oak Park,C,Urban InterState,,16,15,11979707,11,Cook,0,22,,,2,N,No,(UNK),202201382219,ISP,5,9.18999958,Y,,,,(UNK),1035653,(N/A),(UNK),No Defects,1,2,InterState,1,290,X002841050,Not Toll,,10,4,Divided With Median Barrier,3,2948083.08779814,1904575.1945098,41.87093653,-87.77462052,,Urban,2,N,(N/A),Y,(N/A)
2022,2022-11-23,Wednesday,14,02:21 PM,Injury,C Injury Crash,4,0,0,0,4,0,Front to Front,14,N,N,Failing to Yield Right of Way,Improper Turning/No Signal,Daylight,Clear,Dry,N,,,,,No Controls,No Controls,N,2,41.9082533,-87.8057541,ok,(UNK),1,2201409,2022,,2,6,50000 and OVER,9,4295,Oak Park,C,Urban Other Principal Arte,,16,23,11982332,11,Cook,1,22,,,3,N,No,Free Flow,202201384278,City,1,17.70000076,Y,,,,(UNK),1038156,(N/A),(UNK),No Defects,1,1,Other Principal Arterial,3,348,X002842992,Not Toll,73,1,1,Two-way Continuous Left-Tur,4,2939230.29225437,1917936.38302808,41.90824541,-87.80574827,,Urban,1,N,(N/A),Y,(N/A)
2022,2022-11-25,Friday,1,01:57 AM,Property Damage,No Injuries,0,0,0,0,0,1,Parked Motor Vehicle,9,N,N,Unable to Determine,Unable to Determine,Darkness / Lighted Road,Clear,Dry,N,,,,,No Controls,No Controls,N,2,41.9092379,-87.7772764,ok,(UNK),1,2207336,2022,,18,18,50000 and OVER,9,4295,Oak Park,C,Urban Other Principal Arte,,16,25,11982378,11,Cook,0,22,,,5,N,No,Free Flow,202201384354,City,5,7.38999987,Y,,,,(UNK),1038185,(N/A),(UNK),No Defects,1,1,Other Principal Arterial,3,307,X002843032,Not Toll,73,1,1,"Divided, No Median Barrier",2,2946972.45755931,1918509.96266081,41.90923,-87.77727061,,Urban,1,N,(N/A),Y,(N/A)
2022,2022-11-23,Wednesday,6,06:45 AM,Property Damage,No Injuries,0,0,0,0,0,1,Parked Motor Vehicle,9,N,N,Improper Lane Usage,Improper Turning/No Signal,Daylight,Clear,Dry,N,,,,,Stop Sign,Functioning Properly,N,2,41.8793151,-87.8010612,ok,(UNK),1,2207307,2022,,20,6,50000 and OVER,9,4295,Oak Park,C,Urban Local Road or Street,,16,23,11982426,11,Cook,0,22,,,3,N,No,Free Flow,202201384420,City,1,0.02,N,,,,(UNK),1038210,(N/A),(UNK),No Defects,1,1,Local Road or Street,7,2701,X002843077,Not Toll,73,2,4,"Divided, No Median Barrier",2,2940798.70001424,1907426.00302372,41.87930729,-87.80105536,,Urban,1,N,(N/A),Y,(N/A)
2022,2022-11-23,Wednesday,13,01:19 PM,Property Damage,No Injuries,0,0,0,0,0,2,Angle,15,N,N,Disregarding Other Traffic Signs,Failing to Yield Right of Way,Daylight,Clear,Dry,Y,,,,,Stop Sign,Functioning Properly,N,2,41.9071936,-87.7949959,ok,(UNK),1,2207310,2022,,24,2,50000 and OVER,9,4295,Oak Park,C,Urban Major Collector,,16,23,11982453,11,Cook,0,22,,,3,N,No,Slow,202201384455,City,1,0,N,,,,(UNK),1038228,(N/A),(UNK),No Defects,1,1,Major Collector,5,,X002843103,Not Toll,73,2,4,Not Divided,1,2942169.54109809,1917631.06239188,41.90718577,-87.79499014,,Urban,1,N,(N/A),Y,(N/A)
2022,2022-11-23,Wednesday,15,03:11 PM,Injury,C Injury Crash,1,0,0,0,1,1,Front to Rear,11,N,N,Distraction - From Outside Vehicle,Failing to Reduce Speed to Avoid Crash,Daylight,Clear,Dry,N,,,,,Traffic Signal,Functioning Properly,N,2,41.8886499,-87.7946967,ok,(UNK),1,2207314,2022,,40,28,50000 and OVER,9,4295,Oak Park,C,Urban Major Collector,,16,23,11982479,11,Cook,1,22,,,3,N,No,Stopped,202201384488,City,1,0.34,N,,,,(UNK),1038245,(N/A),(UNK),No Defects,1,1,Major Collector,5,1405,X002843128,Not Toll,73,3,4,Two-way Continuous Left-Tur,4,2942437.94681823,1910875.64563037,41.8886421,-87.79469086,,Urban,1,N,(N/A),Y,(N/A)
2022,2022-11-24,Thursday,7,07:24 AM,Property Damage,No Injuries,0,0,0,0,0,1,Parked Motor Vehicle,9,N,N,Failing to Reduce Speed to Avoid Crash,Unable to Determine,Daylight,Cloudy/Overcast,Dry,N,,,,,Stop Sign,Functioning Properly,Y,2,41.8946708,-87.778198,ok,(UNK),1,2207326,2022,,28,18,50000 and OVER,9,4295,Oak Park,C,Urban Minor Arterial,,16,24,11982499,11,Cook,0,22,,,4,N,No,Free Flow,202201384512,City,1,3.97000003,N,,,,(UNK),1038253,(N/A),(UNK),No Defects,1,1,Minor Arterial,4,1398,X002843148,Not Toll,73,2,4,Not Divided,1,2946869.45444843,1913194.43757533,41.89466292,-87.77819225,,Urban,8,N,(N/A),Y,(N/A)
2022,2022-11-25,Friday,17,05:12 PM,Property Damage,No Injuries,0,0,0,0,0,1,Parked Motor Vehicle,9,N,N,Failing to Reduce Speed to Avoid Crash,Equipment-Vehicle Condition,Darkness / Lighted Road,Clear,Dry,N,,,,,No Controls,No Controls,N,2,41.8921235,-87.7864532,ok,(UNK),1,2207345,2022,,28,10,50000 and OVER,9,4295,Oak Park,C,Urban Local Road or Street,,16,25,11982534,11,Cook,0,22,,,5,N,No,Free Flow,202201384550,City,5,0.80000001,N,,,,(UNK),1038268,(N/A),(UNK),No Defects,1,1,Local Road or Street,7,2643,X002843179,Not Toll,73,1,1,Not Divided,1,2944647.53642987,1912203.67335841,41.89211567,-87.78644737,,Urban,1,N,(N/A),Y,(N/A)
2022,2022-11-28,Monday,13,01:25 PM,Injury,C Injury Crash,1,0,0,0,1,1,Front to Rear,11,N,N,Following Too Closely,Unable to Determine,Daylight,Clear,Dry,N,,,,,No Controls,No Controls,N,2,41.879863,-87.7853558,ok,(UNK),1,2207379,2022,,3,18,50000 and OVER,9,4295,Oak Park,C,Urban Minor Arterial,,16,28,11983247,11,Cook,1,22,,,1,N,No,Slow,202201385295,City,1,4.07000017,N,,,,(UNK),1038983,(N/A),(UNK),No Defects,1,1,Minor Arterial,4,1419,X002843855,Not Toll,73,1,1,Not Divided,1,2945070.37967257,1907744.00202355,41.87985515,-87.78535004,,Urban,1,N,(N/A),Y,(N/A)
2022,2022-11-28,Monday,14,02:22 PM,Property Damage,No Injuries,0,0,0,0,0,2,Turning,10,N,N,Failing to Yield Right of Way,Vision Obscured,Daylight,Clear,Dry,N,,,,,Traffic Signal,Functioning Properly,N,2,41.8796534,-87.8045513,ok,(UNK),1,2207380,2022,,2,14,50000 and OVER,9,4295,Oak Park,C,Urban Minor Arterial,,16,28,11983253,11,Cook,0,22,,,1,N,No,Free Flow,202201385304,City,1,3.06999993,N,,,,(UNK),1038985,(N/A),(UNK),No Defects,1,1,Minor Arterial,4,1419,X002843861,Not Toll,73,3,4,Four Way,14,2939844.78479359,1907523.07062071,41.87964553,-87.80454553,,Urban,1,N,(N/A),Y,(N/A)
2022,2022-07-21,Thursday,16,04:12 PM,Property Damage,No Injuries,0,0,0,0,0,3,Front to Rear,11,N,N,Following Too Closely,Failing to Reduce Speed to Avoid Crash,Daylight,Clear,Dry,N,,,,,Delineators,Functioning Properly,N,3,41.8731546,-87.7984611,ok,Partial Access Control,3,03-22-10296,2022,,3,28,50000 and OVER,9,4295,Oak Park,C,Urban InterState,,16,21,11819071,7,Cook,0,22,,,4,N,No,(UNK),202201231095,ISP,1,21.87000084,Y,,,,(UNK),1039811,(N/A),(UNK),No Defects,1,1,InterState,1,9290,X002700117,Not Toll,73,14,4,Divided With Median Barrier,3,2941568.77397559,1905200.54597317,41.87314679,-87.79845533,,Urban,1,N,(N/A),Y,(N/A)
2022,2022-11-29,Tuesday,17,05:55 PM,Property Damage,No Injuries,0,0,0,0,0,2,Sideswipe Same Direction,12,N,N,Unable to Determine,(N/A),Darkness / Lighted Road,Clear,Dry,N,,,,,Traffic Signal,Functioning Properly,Y,2,41.8733912,-87.8045145,ok,(UNK),1,22-03593,2022,,18,99,50000 and OVER,9,4295,Oak Park,C,Urban Other Principal Arte,,16,29,11983896,11,Cook,0,22,,,2,N,No,Free Flow,202201386085,City,5,20.11000061,Y,,,,(UNK),1039907,(N/A),(UNK),No Defects,1,1,Other Principal Arterial,3,348,X002844472,Not Toll,73,3,4,Divided With Median Barrier,3,2939917.64298281,1905241.30450449,41.87338337,-87.80450874,,Urban,1,N,(N/A),Y,(N/A)
2022,2022-02-08,Tuesday,16,04:02 PM,Property Damage,No Injuries,0,0,0,0,0,2,Angle,15,N,N,Failing to Yield Right of Way,Driving Skills/Knowledge/Experience,Daylight,Clear,Dry,N,,,,,No Controls,No Controls,N,4,41.9088146,-87.7901978,ok,(UNK),1,2200699,2022,,2,15,50000 and OVER,9,4295,Oak Park,C,Urban Local Road or Street,,16,8,11631878,2,Cook,0,22,,,2,N,No,Free Flow,202201054574,City,1,0.02,N,,,,(UNK),1039957,(N/A),(UNK),No Defects,1,1,Local Road or Street,7,2660,X002538379,Not Toll,73,1,1,Not Divided,1,2943459.34125394,1918257.94870532,41.90880674,-87.79019198,,Urban,1,N,(N/A),Y,(N/A)
2022,2022-02-08,Tuesday,18,06:35 PM,Property Damage,No Injuries,0,0,0,0,0,3,Turning,10,N,N,Failing to Reduce Speed to Avoid Crash,Improper Turning/No Signal,Darkness / Lighted Road,Clear,Snow or Slush,Y,,,,,Stop Sign,Functioning Properly,N,2,41.8834466,-87.7845455,ok,(UNK),1,2200705,2022,,28,6,50000 and OVER,9,4295,Oak Park,C,Urban Major Collector,,16,8,11632039,2,Cook,0,22,,,2,N,No,Stopped,202201054739,City,5,0,N,,,,(UNK),1040261,(N/A),(UNK),No Defects,1,3,Major Collector,5,,X002538544,Not Toll,73,2,4,Four Way,14,2945254.78570368,1909056.06470739,41.88343876,-87.78453975,,Urban,1,N,(N/A),Y,(N/A)
2022,2022-07-23,Saturday,2,02:25 AM,Property Damage,No Injuries,0,0,0,0,0,1,Parked Motor Vehicle,9,N,N,Improper Backing,Driving Skills/Knowledge/Experience,Darkness,Clear,Dry,N,,,,,No Controls,No Controls,N,2,41.8755977,-87.8045845,ok,(UNK),1,22-02211,2022,,30,15,50000 and OVER,9,4295,Oak Park,C,Urban Other Principal Arte,,16,23,11819938,7,Cook,0,22,,,6,N,No,Free Flow,202201232018,City,4,19.95999908,Y,,,,(UNK),1040611,(N/A),(UNK),No Defects,1,1,Other Principal Arterial,3,348,X002700939,Not Toll,73,1,1,Parking Lot,7,2939876.44410104,1906044.84822308,41.87558982,-87.80457871,,Urban,1,N,(N/A),Y,(N/A)
2022,2022-11-29,Tuesday,11,11:56 AM,Injury,C Injury Crash,1,0,0,0,1,1,Pedestrian,1,Y,N,Failing to Yield Right of Way,(N/A),Daylight,Clear,Dry,Y,,,,,Stop Sign,Functioning Properly,N,1,41.8797086,-87.798366,ok,(UNK),1,2207407,2022,,2,99,50000 and OVER,9,4295,Oak Park,C,Urban Minor Arterial,,16,29,11984481,11,Cook,1,22,,,2,N,No,(UNK),202201386682,City,1,0,N,,,,(UNK),1040930,(N/A),(UNK),No Defects,1,1,Minor Arterial,4,,X002845036,Not Toll,73,2,4,"Divided, No Median Barrier",2,2941528.73571767,1907589.63596994,41.87970074,-87.79836024,,Urban,1,N,(N/A),Y,(N/A)
2022,2022-11-29,Tuesday,11,11:48 AM,Property Damage,No Injuries,0,0,0,0,0,2,Other Object,7,N,N,Equipment-Vehicle Condition,Driving Skills/Knowledge/Experience,Daylight,Clear,Dry,N,,,,,No Controls,No Controls,N,2,41.8710047,-87.7756424,ok,Partial Access Control,3,03-22-17409,2022,,10,15,50000 and OVER,9,4295,Oak Park,C,Urban InterState,,16,29,11984862,11,Cook,0,22,,,2,N,No,(UNK),202201387092,ISP,1,9.14000034,Y,,,,(UNK),1041448,(N/A),(UNK),No Defects,1,1,InterState,1,290,X002845377,Not Toll,,1,1,Divided With Median Barrier,3,2947805.71170558,1904589.46635988,41.87099686,-87.77563662,,Urban,1,N,(N/A),Y,(N/A)
2022,2022-11-30,Wednesday,8,08:50 AM,Property Damage,No Injuries,0,0,0,0,0,2,Front to Rear,11,N,N,Failing to Reduce Speed to Avoid Crash,Driving Skills/Knowledge/Experience,Daylight,Clear,Dry,N,,,,,Other,Functioning Properly,N,2,41.8715635,-87.7829179,ok,Partial Access Control,3,03-22-17450,2022,,28,15,50000 and OVER,9,4295,Oak Park,C,Urban InterState,,16,30,11984863,11,Cook,0,22,,,3,N,No,(UNK),202201387093,ISP,1,8.77000046,Y,,,,(UNK),1041451,(N/A),(UNK),No Defects,1,1,InterState,1,290,X002845378,Not Toll,,13,4,Divided With Median Barrier,3,2945818.37135654,1904737.95574458,41.87155565,-87.78291211,,Urban,1,N,(N/A),Y,(N/A)