crash_year,crash_date,day_of_week,crash_hour,time_of_crash,crash_severity,crash_injury_severity,total_injured,total_fatals,a_injuries,b_injuries,c_injuries,no_injuries,type_of_first_crash,collision_type_code,pedestrian_involved,pedalcyclist_involved,cause1,cause2,lighting_cond,weather_cond,road_surface_cond,intersection_related,is_intersection,highway_or_street_name,at_intersection_with,address_no,traffic_control_device,traffic_control_device_cond,hit_and_run,number_of_vehicles,latitude,longitude,location_status,access_control,agency_code,agency_report_number,agency_report_year,alignment_code,cause1_code,cause2_code,city_class,city_class_code,city_code,city_name,city_township_flag,class_of_trafficway,class_of_trafficway_code,county_code,crash_day,crash_id,crash_month,crash_report_county,crash_severity_cd,crash_yr_source,damaged_property1,damaged_property2,day_of_week_code,did_crash_occur_in_work_zone,did_involve_secondary_crash,flow_condition,icn,investigating_agency_descrip,light_condition_code,mile_station,nhs,non_intersection_direction,non_intersection_distance,non_intersection_units,number_of_lanes,objectid,railroad_crossing_number,road_alignment,road_defects,road_defects_code,road_surface_condition_code,roadway_functional_class,roadway_functional_class_code,route_number,sfe,toll,township,traffic_control_device_code,traffic_control_device_cond_code,trafficway_descrip,trafficway_description_code,ts_crash_coordinate_x,ts_crash_coordinate_y,ts_crash_latitude,ts_crash_longitude,type_report,urban_rural,weather_code,were_workers_present,work_zone,work_zone_related,work_zone_type
2022,2022-11-29,Tuesday,15,03:02 PM,Property Damage,No Injuries,0,0,0,0,0,3,Angle,15,N,N,Failing to Yield Right of Way,Unable to Determine,Daylight,Clear,Dry,N,,,,,No Controls,No Controls,N,2,41.880949,-87.7812243,ok,(UNK),1,2207418,2022,,2,18,50000 and OVER,9,4295,Oak Park,C,Urban Local Road or Street,,16,29,11984955,11,Cook,0,22,,,2,N,No,Slow,202201387192,City,1,0.2,N,,,,(UNK),1041568,(N/A),(UNK),No Defects,1,1,Local Road or Street,7,2630,X002845452,Not Toll,73,1,1,Not Divided,1,2946184.54749316,1908171.03768581,41.88094118,-87.78121854,,Urban,1,N,(N/A),Y,(N/A)
2022,2022-02-10,Thursday,6,06:25 AM,Property Damage,No Injuries,0,0,0,0,0,3,Turning,10,N,N,Failing to Yield Right of Way,Failing to Reduce Speed to Avoid Crash,Dawn,Cloudy/Overcast,Dry,Y,,,,,Stop Sign,Functioning Properly,N,2,41.8727794,-87.7756152,ok,(UNK),1,2200728,2022,,2,28,50000 and OVER,9,4295,Oak Park,C,Urban Local Road or Street,,16,10,11632512,2,Cook,0,22,,,4,N,No,Free Flow,202201055168,City,2,0,N,,,,(UNK),1042028,(N/A),(UNK),No Defects,1,1,Local Road or Street,7,,X002538657,Not Toll,73,2,4,Not Divided,1,2947795.10918361,1905236.4111433,41.87277157,-87.77560937,,Urban,8,N,(N/A),Y,(N/A)
2022,2022-10-07,Friday,13,01:24 PM,Property Damage,No Injuries,0,0,0,0,0,2,Front to Rear,11,N,N,Following Too Closely,Failing to Reduce Speed to Avoid Crash,Daylight,Clear,Dry,N,,,,,Other,Functioning Properly,N,2,41.8724913,-87.7939924,ok,Partial Access Control,3,03-22-14524,2022,,3,28,50000 and OVER,9,4295,Oak Park,C,Urban InterState,,16,7,11921782,10,Cook,0,22,,,5,N,No,(UNK),202201328335,ISP,1,22.06999969,Y,,,,(UNK),1042261,(N/A),(UNK),No Defects,1,1,InterState,1,9290,X002790498,Not Toll,73,13,4,Divided With Median Barrier,3,2942792.61287678,1904992.43239272,41.87248342,-87.79398655,,Urban,1,N,(N/A),Y,(N/A)
2022,2022-07-20,Wednesday,13,01:00 PM,Property Damage,No Injuries,0,0,0,0,0,3,Turning,10,N,N,Disregarding Stop Sign,Failing to Reduce Speed to Avoid Crash,Daylight,Clear,Dry,Y,,,,,Stop Sign,Functioning Properly,N,2,41.8999203,-87.783802,ok,(UNK),1,2204274,2022,,23,28,50000 and OVER,9,4295,Oak Park,C,Urban Local Road or Street,,16,20,11821801,7,Cook,0,22,,,3,N,No,Slow,202201233791,City,1,0,N,,,,(UNK),1042594,(N/A),(UNK),No Defects,1,1,Local Road or Street,7,,X002702686,Not Toll,73,2,4,Not Divided,1,2945290.465023,1915065.03149351,41.89991248,-87.7837962,,Urban,1,N,(N/A),Y,(N/A)
2022,2022-11-30,Wednesday,17,05:20 PM,Property Damage,No Injuries,0,0,0,0,0,2,Angle,15,N,N,Failing to Yield Right of Way,Equipment-Vehicle Condition,Darkness / Lighted Road,Clear,Dry,Y,,,,,Stop Sign,Functioning Properly,N,2,41.9073375,-87.783308,ok,(UNK),1,2207448,2022,,2,10,50000 and OVER,9,4295,Oak Park,C,Urban Major Collector,,16,30,11985775,11,Cook,0,22,,,3,N,No,Slow,202201388098,City,5,0,N,,,,(UNK),1042818,(N/A),(UNK),No Defects,1,1,Major Collector,5,,X002846230,Not Toll,73,2,4,Not Divided,1,2945349.82592514,1917771.72847035,41.90732964,-87.78330218,,Urban,1,N,(N/A),Y,(N/A)
2022,2022-07-20,Wednesday,12,12:05 PM,Property Damage,No Injuries,0,0,0,0,0,2,Front to Rear,11,N,N,Following Too Closely,Driving Skills/Knowledge/Experience,Daylight,Clear,Dry,N,,,,,No Controls,No Controls,N,2,41.8809599,-87.8047661,ok,(UNK),1,22-02181,2022,,3,15,50000 and OVER,9,4295,Oak Park,C,Urban Other Principal Arte,,16,20,11823734,7,Cook,0,22,,,3,N,No,Free Flow,202201235851,City,1,19.59000015,Y,,,,(UNK),1044679,(N/A),(UNK),No Defects,1,1,Other Principal Arterial,3,348,X002704488,Not Toll,73,1,1,"Divided, No Median Barrier",2,2939773.19389539,1907997.56765913,41.88095202,-87.80476026,,Urban,1,N,(N/A),Y,(N/A)
2022,2022-11-30,Wednesday,14,02:00 PM,Injury,B Injury Crash,1,0,0,1,0,2,Front to Rear,11,N,N,Failing to Reduce Speed to Avoid Crash,Following Too Closely,Daylight,Clear,Dry,Y,,,,,Traffic Signal,Functioning Properly,N,2,41.8716526,-87.7809108,ok,Partial Access Control,3,03-22-17467,2022,,28,3,50000 and OVER,9,4295,Oak Park,C,Urban InterState,,16,30,11987219,11,Cook,2,22,,,3,N,No,(UNK),202201389635,ISP,1,0.16,Y,,,,(UNK),1044793,(N/A),(UNK),No Defects,1,1,InterState,1,290,X002847587,Not Toll,73,3,4,Ramp,11,2946364.13985462,1904785.6215312,41.87164476,-87.78090505,,Urban,1,N,(N/A),Y,(N/A)
2022,2022-07-23,Saturday,13,01:09 PM,Injury,C Injury Crash,1,0,0,0,1,1,Front to Front,14,N,N,Improper Lane Usage,Driving Skills/Knowledge/Experience,Daylight,Clear,Dry,N,,,,,Traffic Signal,Functioning Properly,N,2,41.8942294,-87.8052251,ok,(UNK),1,2200787,2022,,20,15,50000 and OVER,9,4295,Oak Park,C,Urban Other Principal Arte,,16,23,11824259,7,Cook,1,22,,,6,N,No,Free Flow,202201236397,City,1,27.03000069,Y,,,,(UNK),1045140,(N/A),(UNK),No Defects,1,1,Other Principal Arterial,3,5043,X002704994,Not Toll,73,3,4,Not Divided,1,2939515.05093105,1912829.77561106,41.89422152,-87.80521925,,Urban,1,N,(N/A),Y,(N/A)
2022,2022-12-01,Thursday,15,03:32 PM,Property Damage,No Injuries,0,0,0,0,0,3,Sideswipe Same Direction,12,N,N,Unable to Determine,Unable to Determine,Daylight,Clear,Dry,Y,,,,,Yield,Functioning Properly,N,2,41.87231,-87.8044659,ok,(UNK),1,22-03609,2022,,18,18,50000 and OVER,9,4295,Oak Park,C,Urban Other Principal Arte,,16,1,11987853,12,Cook,0,22,,,4,N,No,Free Flow,202201390364,City,1,25.52000046,Y,,,,(UNK),1045675,(N/A),(UNK),No Defects,1,1,Other Principal Arterial,3,5043,X002848199,Not Toll,73,4,4,"Divided, No Median Barrier",2,2939941.73917192,1904847.66118026,41.87230217,-87.8044601,,Urban,1,N,(N/A),Y,(N/A)
2022,2022-07-24,Sunday,15,03:44 PM,Property Damage,No Injuries,0,0,0,0,0,3,Turning,10,N,N,Failing to Yield Right of Way,Failing to Reduce Speed to Avoid Crash,Daylight,Clear,Dry,N,,,,,No Controls,No Controls,N,2,41.8802124,-87.7746762,ok,(UNK),1,2204389,2022,,2,28,50000 and OVER,9,4295,Oak Park,C,Urban Minor Arterial,,16,24,11825839,7,Cook,0,22,,,7,N,No,Slow,202201238268,City,1,7.6500001,N,,,,(UNK),1046312,(N/A),(UNK),No Defects,1,1,Minor Arterial,4,2790,X002706438,Not Toll,,1,1,Not Divided,1,2947975.33455435,1907952.27216718,41.88020459,-87.77467037,,Urban,1,N,(N/A),Y,(N/A)
2022,2022-07-22,Friday,1,01:14 AM,Injury,B Injury Crash,2,0,0,2,0,1,Front to Rear,11,N,N,Following Too Closely,Failing to Reduce Speed to Avoid Crash,Darkness / Lighted Road,Clear,Dry,N,,,,,Traffic Signal,Functioning Properly,N,3,41.8724037,-87.7908954,ok,Partial Access Control,3,03-22-10313,2022,,3,28,50000 and OVER,9,4295,Oak Park,C,Urban InterState,,16,22,11825869,7,Cook,2,22,,,5,N,Yes,(UNK),202201238328,ISP,5,22.22999954,Y,,,,(UNK),1046321,(N/A),(UNK),No Defects,1,1,InterState,1,9290,X002706468,Not Toll,73,3,4,Divided With Median Barrier,3,2943637.02874903,1904983.87111405,41.87239587,-87.79088956,,Urban,1,N,(N/A),Y,(N/A)
2022,2022-11-30,Wednesday,7,07:50 AM,Property Damage,No Injuries,0,0,0,0,0,3,Front to Rear,11,N,N,Failing to Reduce Speed to Avoid Crash,Driving Skills/Knowledge/Experience,Daylight,Clear,Dry,N,,,,,Other,Functioning Properly,N,2,41.8737467,-87.804185,ok,Partial Access Control,3,03-22-17445,2022,,28,15,50000 and OVER,9,4295,Oak Park,C,Urban InterState,,16,30,11988355,11,Cook,0,22,,,3,N,No,(UNK),202201390817,ISP,1,21.60000038,Y,,,,(UNK),1046370,(N/A),(UNK),No Defects,1,1,InterState,1,9290,X002848691,Not Toll,73,13,4,Divided With Median Barrier,3,2940003.83732677,1905373.32384488,41.87373887,-87.80417917,,Urban,1,N,(N/A),Y,(N/A)
2022,2022-07-20,Wednesday,16,04:17 PM,Property Damage,No Injuries,0,0,0,0,0,2,Angle,15,N,N,Failing to Yield Right of Way,Unable to Determine,Daylight,Clear,Dry,Y,,,,,Stop Sign,Functioning Properly,N,2,41.9038774,-87.7778746,ok,(UNK),1,2204283,2022,,2,18,50000 and OVER,9,4295,Oak Park,C,Urban Local Road or Street,,16,20,11827202,7,Cook,0,22,,,3,N,Yes,Free Flow,202201239554,City,1,0,N,,,,(UNK),1046732,(N/A),(UNK),No Defects,1,1,Local Road or Street,7,,X002707448,Not Toll,73,2,4,Four Way,14,2946864.06146259,1916551.95809308,41.90386952,-87.77786877,,Urban,1,N,(N/A),Y,(N/A)
2022,2022-07-23,Saturday,14,02:25 PM,Property Damage,No Injuries,0,0,0,0,0,2,Rear to Side,16,N,N,Improper Backing,Operating Vehicle In Reckless Manner,Daylight,Clear,Dry,N,,,,,No Controls,No Controls,N,2,41.8756624,-87.8045864,ok,(UNK),1,22-02211,2022,,30,50,50000 and OVER,9,4295,Oak Park,C,Urban Other Principal Arte,,16,23,11828413,7,Cook,0,22,,,6,N,No,Free Flow,202201240947,City,1,19.95000076,Y,,,,(UNK),1047090,(N/A),(UNK),No Defects,1,1,Other Principal Arterial,3,348,X002708593,Not Toll,73,1,1,"Divided, No Median Barrier",2,2939875.28239749,1906068.4201879,41.87565454,-87.80458059,,Urban,1,N,(N/A),Y,(N/A)
2022,2022-04-05,Tuesday,12,12:57 PM,Injury,A Injury Crash,2,0,1,1,0,0,Other Object,7,N,N,Failing to Reduce Speed to Avoid Crash,Unable to Determine,Daylight,Clear,Dry,N,,,,,No Controls,No Controls,N,1,41.8928423,-87.7848292,ok,(UNK),1,2201823,2022,,28,18,50000 and OVER,9,4295,Oak Park,C,Urban Major Collector,,16,5,11690666,4,Cook,3,22,PARKWAY,PARKWAY,2,N,Yes,Free Flow,202201110463,City,1,0.62,N,,,,(UNK),1047693,(N/A),(UNK),No Defects,1,1,Major Collector,5,2783,X002588925,Not Toll,73,1,1,Not Divided,1,2945082.46063862,1912477.88207403,41.89283443,-87.78482336,,Urban,1,N,(N/A),Y,(N/A)
2022,2022-11-18,Friday,17,05:30 PM,Property Damage,No Injuries,0,0,0,0,0,2,Sideswipe Same Direction,12,N,N,Improper Lane Usage,(N/A),Darkness / Lighted Road,Clear,Dry,N,,,,,No Controls,No Controls,N,2,41.8712701,-87.7750267,ok,Partial Access Control,3,03-22-16875,2022,,20,99,50000 and OVER,9,4295,Oak Park,C,Urban InterState,,16,18,11989109,11,Cook,0,22,,,5,N,No,(UNK),202201391538,ISP,5,23.04999924,Y,,,,(UNK),1047842,(N/A),(UNK),No Defects,1,1,InterState,1,9290,X002849421,Not Toll,73,1,1,Divided With Median Barrier,3,2947970.70859426,1904690.86392001,41.87126228,-87.77502096,,Urban,1,N,(N/A),Y,(N/A)
2022,2022-04-06,Wednesday,9,09:00 AM,Property Damage,No Injuries,0,0,0,0,0,2,Front to Rear,11,N,N,Failing to Reduce Speed to Avoid Crash,Following Too Closely,Daylight,Rain,Wet,N,,,,,Other,Functioning Properly,N,2,41.8711452,-87.7779678,ok,Partial Access Control,3,03-22-04641,2022,,28,3,50000 and OVER,9,4295,Oak Park,C,Urban InterState,,16,6,11690788,4,Cook,0,22,,,3,N,No,(UNK),202201110584,ISP,1,9.02000046,Y,,,,(UNK),1047937,(N/A),(UNK),No Defects,1,2,InterState,1,290,X002589040,Not Toll,,13,4,Divided With Median Barrier,3,2947170.91034594,1904623.03929111,41.8711374,-87.77796197,,Urban,2,N,(N/A),Y,(N/A)
2022,2022-07-20,Wednesday,12,12:23 PM,Property Damage,No Injuries,0,0,0,0,0,2,Front to Rear,11,N,N,Failing to Reduce Speed to Avoid Crash,Driving Skills/Knowledge/Experience,Daylight,Clear,Dry,Y,,,,,Traffic Signal,Functioning Properly,N,2,41.880005,-87.7844421,ok,(UNK),1,2204270,2022,,28,15,50000 and OVER,9,4295,Oak Park,C,Urban Major Collector,,16,20,11831606,7,Cook,0,22,,,3,N,No,Slow,202201244272,City,1,1.50999999,N,,,,(UNK),1047980,(N/A),(UNK),No Defects,1,1,Major Collector,5,2783,X002711598,Not Toll,73,3,4,Unknown Intersection Type,22,2945317.79916764,1907802.65612922,41.87999714,-87.78443627,,Urban,1,N,(N/A),Y,(N/A)
2022,2022-07-20,Wednesday,18,06:08 PM,Property Damage,No Injuries,0,0,0,0,0,4,Turning,10,N,N,Failing to Yield Right of Way,Unable to Determine,Daylight,Clear,Dry,Y,,,,,Traffic Signal,Functioning Properly,N,2,41.9091646,-87.7833533,ok,(UNK),1,2204288,2022,,2,18,50000 and OVER,9,4295,Oak Park,C,Urban Other Principal Arte,,16,20,11831638,7,Cook,0,22,,,3,N,No,Free Flow,202201244313,City,1,130.32000732,Y,,,,(UNK),1047995,(N/A),(UNK),No Defects,1,1,Other Principal Arterial,3,5064,X002711629,Not Toll,73,3,4,Four Way,14,2945318.98038592,1918437.21963101,41.90915674,-87.78334749,,Urban,1,N,(N/A),Y,(N/A)
2022,2022-07-21,Thursday,19,07:37 PM,Property Damage,No Injuries,0,0,0,0,0,3,Front to Rear,11,N,N,Failing to Reduce Speed to Avoid Crash,Driving Skills/Knowledge/Experience,Daylight,Clear,Dry,N,,,,,Other,Functioning Properly,N,2,41.8723224,-87.802985,ok,(UNK),3,03-22-10305,2022,,28,15,50000 and OVER,9,4295,Oak Park,C,Urban Local Road or Street,,16,21,11832677,7,Cook,0,22,,,4,N,No,(UNK),202201245386,ISP,1,0.08,N,,,,(UNK),1048241,(N/A),(UNK),No Defects,1,1,Local Road or Street,7,4062,X002712616,Not Toll,,13,4,Divided With Median Barrier,3,2940344.98009112,1904863.29646513,41.87231459,-87.80297916,,Urban,1,N,(N/A),Y,(N/A)
2022,2022-12-04,Sunday,18,06:23 PM,Property Damage,No Injuries,0,0,0,0,0,4,Front to Rear,11,N,N,Failing to Reduce Speed to Avoid Crash,Following Too Closely,Darkness / Lighted Road,Clear,Dry,N,,,,,No Controls,No Controls,N,2,41.8715211,-87.7790458,ok,Partial Access Control,3,03-22-17672,2022,,28,3,50000 and OVER,9,4295,Oak Park,C,Urban InterState,,16,4,11989382,12,Cook,0,22,,,7,N,No,(UNK),202201391802,ISP,5,22.85000038,Y,,,,(UNK),1048504,(N/A),(UNK),No Defects,1,1,InterState,1,9290,X002849693,Not Toll,73,1,1,Divided With Median Barrier,3,2946873.46385742,1904751.84972384,41.8715133,-87.77904001,,Urban,1,N,(N/A),Y,(N/A)
2022,2022-07-21,Thursday,23,11:22 PM,Injury,B Injury Crash,1,0,0,1,0,1,Front to Rear,11,N,N,Failing to Reduce Speed to Avoid Crash,Unable to Determine,Darkness / Lighted Road,Clear,Dry,Y,,,,,Traffic Signal,Functioning Properly,Y,2,41.8688203,-87.7938762,ok,(UNK),1,2204327,2022,,28,18,50000 and OVER,9,4295,Oak Park,C,Urban Major Collector,,16,21,11833863,7,Cook,2,22,,,4,N,No,Stopped,202201246584,City,5,0,N,,,,(UNK),1048547,(N/A),(UNK),No Defects,1,1,Major Collector,5,,X002713642,Not Toll,73,3,4,Four Way,14,2942861.23825325,1903655.5252794,41.86881241,-87.79387044,,Urban,1,N,(N/A),Y,(N/A)
2022,2022-07-22,Friday,13,01:54 PM,Property Damage,No Injuries,0,0,0,0,0,2,Angle,15,N,N,Failing to Yield Right of Way,Unable to Determine,Daylight,Clear,Dry,Y,,,,,Stop Sign,Functioning Properly,Y,2,41.8690434,-87.7791468,ok,(UNK),1,2204342,2022,,2,18,50000 and OVER,9,4295,Oak Park,C,Urban Minor Collector,,16,22,11833865,7,Cook,0,22,,,5,N,No,Free Flow,202201246586,City,1,0,N,,,,(UNK),1048548,(N/A),(UNK),No Defects,1,1,Minor Collector,6,,X002713644,Not Toll,73,2,4,Not Divided,1,2946871.07788148,1903848.14459386,41.86903555,-87.77914103,,Urban,1,N,(N/A),Y,(N/A)
2022,2022-07-23,Saturday,12,12:41 PM,Property Damage,No Injuries,0,0,0,0,0,4,Angle,15,N,N,Failing to Yield Right of Way,Unable to Determine,Daylight,Clear,Dry,N,,,,,Traffic Signal,Functioning Properly,N,3,41.8798081,-87.7942784,ok,(UNK),1,2204369,2022,,2,18,50000 and OVER,9,4295,Oak Park,C,Urban Major Collector,,16,23,11833893,7,Cook,0,22,,,6,N,Yes,Stopped,202201246614,City,1,6.15999985,N,,,,(UNK),1048549,(N/A),(UNK),No Defects,1,1,Major Collector,5,2775,X002713669,Not Toll,73,3,4,Two-way Continuous Left-Tur,4,2942640.95868944,1907656.664678,41.87980025,-87.79427261,,Urban,1,N,(N/A),Y,(N/A)
2022,2022-12-01,Thursday,12,12:36 PM,Property Damage,No Injuries,0,0,0,0,0,1,Fixed Object,6,N,N,Improper Backing,(N/A),Daylight,Clear,Dry,N,,,,,No Controls,No Controls,N,1,41.865035,-87.803715,ok,(UNK),1,22-10397,2022,,30,99,50000 and OVER,9,4295,Oak Park,C,Urban Other Principal Arte,,16,1,11989712,12,Cook,0,22,FUEL PUMP,,4,N,No,Stopped,202201392116,City,1,6.01000023,Y,,,,(UNK),1049137,(N/A),(UNK),No Defects,1,1,Other Principal Arterial,3,347,X002849955,Not Toll,73,1,1,Parking Lot,7,2940219.28948333,1902202.16022521,41.86502718,-87.80370916,,Urban,1,N,(N/A),Y,(N/A)
2022,2022-11-25,Friday,15,03:51 PM,Property Damage,No Injuries,0,0,0,0,0,2,Front to Rear,11,N,N,Failing to Reduce Speed to Avoid Crash,(N/A),Dusk,Clear,Dry,N,,,,,Traffic Signal,Functioning Properly,N,2,41.8888412,-87.8050382,ok,(UNK),1,2201418,2022,,28,99,50000 and OVER,9,4295,Oak Park,C,Urban Other Principal Arte,,16,25,11989728,11,Cook,0,22,,,5,N,No,Stopped,202201392130,City,3,19.04000092,Y,,,,(UNK),1049159,(N/A),(UNK),No Defects,1,1,Other Principal Arterial,3,348,X002849970,Not Toll,73,3,4,Four Way,14,2939620.00987098,1910867.62075336,41.88883333,-87.80503236,,Urban,1,N,(N/A),Y,(N/A)
2022,2022-12-01,Thursday,11,11:30 AM,Injury,C Injury Crash,1,0,0,0,1,1,Pedestrian,1,Y,N,Failing to Yield Right of Way,Turning Right On Red,Daylight,Clear,Dry,Y,,,,,Traffic Signal,Functioning Properly,N,1,41.8817179,-87.7845154,ok,(UNK),1,2207459,2022,,2,7,50000 and OVER,9,4295,Oak Park,C,Urban Major Collector,,16,1,11989834,12,Cook,1,22,,,4,N,No,Free Flow,202201392243,City,1,0,N,,,,(UNK),1049450,(N/A),(UNK),No Defects,1,1,Major Collector,5,,X002850034,Not Toll,73,3,4,Not Divided,1,2945280.48958875,1908426.30343159,41.88171001,-87.78450961,,Urban,1,N,(N/A),Y,(N/A)
2022,2022-11-17,Thursday,18,06:35 PM,Injury,C Injury Crash,1,0,0,0,1,0,Other Object,7,N,N,Unable to Determine,(N/A),Darkness / Lighted Road,Clear,Dry,N,,,,,No Controls,No Controls,N,2,41.874667,-87.7940665,ok,(UNK),1,2207196,2022,,18,99,50000 and OVER,9,4295,Oak Park,C,Urban Major Collector,,16,17,11989828,11,Cook,1,22,SEGWAY NINEBOT ELECTRIC SCOOTR,,4,N,No,Free Flow,202201392238,City,5,6.5,N,,,,(UNK),1049452,(N/A),(UNK),No Defects,1,1,Major Collector,5,2775,X002850029,Not Toll,73,1,1,"Divided, No Median Barrier",2,2942750.47577834,1905784.74648612,41.87465914,-87.79406075,,Urban,1,N,(N/A),Y,(N/A)
2022,2022-12-04,Sunday,12,12:35 PM,Property Damage,No Injuries,0,0,0,0,0,3,Sideswipe Same Direction,12,N,N,Failing to Reduce Speed to Avoid Crash,Unable to Determine,Daylight,Clear,Dry,N,,,,,No Controls,No Controls,N,2,41.8875903,-87.7944842,ok,(UNK),1,2207523,2022,,28,18,50000 and OVER,9,4295,Oak Park,C,Urban Major Collector,,16,4,11989851,12,Cook,0,22,,,7,N,No,Free Flow,202201392269,City,1,5.5999999,N,,,,(UNK),1049493,(N/A),(UNK),No Defects,1,1,Major Collector,5,2775,X002850051,Not Toll,73,1,1,Not Divided,1,2942506.47114028,1910491.09103645,41.88758245,-87.79447843,,Urban,1,N,(N/A),Y,(N/A)
2022,2022-12-05,Monday,8,08:30 AM,Injury,B Injury Crash,1,0,0,1,0,1,Pedestrian,1,Y,N,Failing to Yield Right of Way,(N/A),Daylight,Cloudy/Overcast,Dry,Y,,,,,Stop Sign,Functioning Properly,N,1,41.8865621,-87.8049461,ok,(UNK),1,22-03646,2022,,2,99,50000 and OVER,9,4295,Oak Park,C,Urban Other Principal Arte,,16,5,11989921,12,Cook,2,22,,,1,N,No,Slow,202201392362,City,1,26.5,Y,,,,(UNK),1049634,(N/A),(UNK),No Defects,1,1,Other Principal Arterial,3,5043,X002850118,Not Toll,73,2,4,"Divided, No Median Barrier",2,2939667.94175801,1910037.77280843,41.88655425,-87.80494033,,Urban,8,N,(N/A),Y,(N/A)
2022,2022-07-26,Tuesday,11,11:50 AM,Property Damage,No Injuries,0,0,0,0,0,2,Front to Rear,11,N,N,Following Too Closely,Failing to Reduce Speed to Avoid Crash,Daylight,Clear,Dry,Y,,,,,Traffic Signal,Functioning Properly,N,2,41.8795838,-87.8047318,ok,(UNK),1,2204429,2022,,3,28,50000 and OVER,9,4295,Oak Park,C,Urban Other Principal Arte,,16,26,11858862,7,Cook,0,22,,,2,N,No,Free Flow,202201268985,City,1,26.02000046,Y,,,,(UNK),1049781,(N/A),(UNK),No Defects,1,1,Other Principal Arterial,3,5043,X002735622,Not Toll,73,3,4,Four Way,14,2939796.32655791,1907496.35043238,41.87957592,-87.80472602,,Urban,1,N,(N/A),Y,(N/A)
2022,2022-07-26,Tuesday,14,02:46 PM,Property Damage,No Injuries,0,0,0,0,0,1,Parked Motor Vehicle,9,N,N,Failing to Reduce Speed to Avoid Crash,(N/A),Daylight,Clear,Dry,N,,,,,No Controls,No Controls,N,2,41.8947606,-87.7816363,ok,(UNK),1,2204426,2022,,28,99,50000 and OVER,9,4295,Oak Park,C,Urban Local Road or Street,,16,26,11858858,7,Cook,0,22,,,2,N,No,Free Flow,202201268981,City,1,0.34999999,N,,,,(UNK),1049782,(N/A),(UNK),No Defects,1,1,Local Road or Street,7,2630,X002735618,Not Toll,73,1,1,Not Divided,1,2945932.39747091,1913201.13285982,41.89475279,-87.78163046,,Urban,1,N,(N/A),Y,(N/A)
2022,2022-12-04,Sunday,19,07:36 PM,Property Damage,No Injuries,0,0,0,0,0,6,Front to Rear,11,N,N,Failing to Reduce Speed to Avoid Crash,Driving Skills/Knowledge/Experience,Darkness / Lighted Road,Clear,Dry,N,,,,,Delineators,Functioning Properly,Y,3,41.8717692,-87.7796438,ok,(UNK),3,03-22-01767,2022,,28,15,50000 and OVER,9,4295,Oak Park,C,Urban Local Road or Street,,16,4,11990047,12,Cook,0,22,,,7,N,Yes,(UNK),202201392519,ISP,5,0.11,N,,,,(UNK),1049935,(N/A),(UNK),No Defects,1,1,Local Road or Street,7,290,X002850240,Not Toll,,14,4,Divided With Median Barrier,3,2946708.07228534,1904837.70054966,41.87176132,-87.779638,,Urban,1,N,(N/A),Y,(N/A)
2022,2022-04-06,Wednesday,9,09:14 AM,Property Damage,No Injuries,0,0,0,0,0,3,Front to Rear,11,N,N,Unable to Determine,Failing to Reduce Speed to Avoid Crash,Daylight,Cloudy/Overcast,Wet,N,,,,,No Controls,No Controls,Y,3,41.8798162,-87.7882854,ok,(UNK),1,2201849,2022,,18,28,50000 and OVER,9,4295,Oak Park,C,Urban Minor Arterial,,16,6,11692338,4,Cook,0,22,,,3,N,No,Slow,202201111523,City,1,3.91000009,N,,,,(UNK),1050110,(N/A),(UNK),No Defects,1,2,Minor Arterial,4,1419,X002589988,Not Toll,73,1,1,"Divided, No Median Barrier",2,2944273.02509944,1907704.80923228,41.87980834,-87.78827957,,Urban,8,N,(N/A),Y,(N/A)
2022,2022-04-06,Wednesday,15,03:32 PM,Property Damage,No Injuries,0,0,0,0,0,3,Angle,15,N,N,Disregarding Stop Sign,Unable to Determine,Daylight,Cloudy/Overcast,Dry,Y,,,,,Stop Sign,Functioning Properly,N,2,41.8707779,-87.7792161,ok,(UNK),1,2201858,2022,,23,18,50000 and OVER,9,4295,Oak Park,C,Urban Minor Collector,,16,6,11692340,4,Cook,0,22,,,3,N,No,Free Flow,202201111524,City,1,0,N,,,,(UNK),1050111,(N/A),(UNK),No Defects,1,1,Minor Collector,6,,X002589989,Not Toll,73,2,4,Four Way,14,2946834.6109876,1904479.68959987,41.87077001,-87.77921033,,Urban,8,N,(N/A),Y,(N/A)
2022,2022-04-08,Friday,8,08:03 AM,Injury,C Injury Crash,3,0,0,0,3,0,Turning,10,N,N,Unable to Determine,Unable to Determine,Daylight,Cloudy/Overcast,Dry,Y,,,,,No Controls,No Controls,N,2,41.8704892,-87.8043962,ok,(UNK),1,22-01046,2022,,18,18,50000 and OVER,9,4295,Oak Park,C,Urban Other Principal Arte,,16,8,11692836,4,Cook,1,22,,,5,N,No,Slow,202201111855,City,1,25.38999939,Y,,,,(UNK),1050679,(N/A),(UNK),No Defects,1,1,Other Principal Arterial,3,5043,X002590329,Not Toll,73,1,1,"Divided, No Median Barrier",2,2939978.98876934,1904184.64675826,41.87048136,-87.80439042,,Urban,8,N,(N/A),Y,(N/A)