crash_year,crash_date,day_of_week,crash_hour,time_of_crash,crash_severity,crash_injury_severity,total_injured,total_fatals,a_injuries,b_injuries,c_injuries,no_injuries,type_of_first_crash,collision_type_code,pedestrian_involved,pedalcyclist_involved,cause1,cause2,lighting_cond,weather_cond,road_surface_cond,intersection_related,is_intersection,highway_or_street_name,at_intersection_with,address_no,traffic_control_device,traffic_control_device_cond,hit_and_run,number_of_vehicles,latitude,longitude,location_status,access_control,agency_code,agency_report_number,agency_report_year,alignment_code,cause1_code,cause2_code,city_class,city_class_code,city_code,city_name,city_township_flag,class_of_trafficway,class_of_trafficway_code,county_code,crash_day,crash_id,crash_month,crash_report_county,crash_severity_cd,crash_yr_source,damaged_property1,damaged_property2,day_of_week_code,did_crash_occur_in_work_zone,did_involve_secondary_crash,flow_condition,icn,investigating_agency_descrip,light_condition_code,mile_station,nhs,non_intersection_direction,non_intersection_distance,non_intersection_units,number_of_lanes,objectid,railroad_crossing_number,road_alignment,road_defects,road_defects_code,road_surface_condition_code,roadway_functional_class,roadway_functional_class_code,route_number,sfe,toll,township,traffic_control_device_code,traffic_control_device_cond_code,trafficway_descrip,trafficway_description_code,ts_crash_coordinate_x,ts_crash_coordinate_y,ts_crash_latitude,ts_crash_longitude,type_report,urban_rural,weather_code,were_workers_present,work_zone,work_zone_related,work_zone_type
2022,2022-02-10,Thursday,17,05:18 PM,Property Damage,No Injuries,0,0,0,0,0,2,Turning,10,N,N,Failing to Yield Right of Way,Unable to Determine,Daylight,Clear,Dry,Y,,,,,Stop Sign,Functioning Properly,N,2,41.8816678,-87.7877671,ok,(UNK),1,2200746,2022,,2,18,50000 and OVER,9,4295,Oak Park,C,Urban Major Collector,,16,10,11637092,2,Cook,0,22,,,4,N,No,Free Flow,202201058263,City,1,0,N,,,,(UNK),1050780,(N/A),(UNK),No Defects,1,1,Major Collector,5,,X002542033,Not Toll,73,2,4,Not Divided,1,2944395.46665584,1908383.48263722,41.88165994,-87.78776126,,Urban,1,N,(N/A),Y,(N/A)
2022,2022-02-10,Thursday,8,08:43 AM,Property Damage,No Injuries,0,0,0,0,0,2,Angle,15,N,N,Disregarding Stop Sign,Failing to Reduce Speed to Avoid Crash,Daylight,Cloudy/Overcast,Wet,Y,,,,,Stop Sign,Functioning Properly,Y,2,41.8998658,-87.7866808,ok,(UNK),1,2200732,2022,,23,28,50000 and OVER,9,4295,Oak Park,C,Urban Local Road or Street,,16,10,11637090,2,Cook,0,22,,,4,N,No,Slow,202201058261,City,1,0,N,,,,(UNK),1050781,(N/A),(UNK),No Defects,1,2,Local Road or Street,7,,X002542028,Not Toll,73,2,4,Not Divided,1,2944507.2448745,1915023.38985568,41.89985795,-87.78667501,,Urban,8,N,(N/A),Y,(N/A)
2022,2022-12-03,Saturday,17,05:30 PM,Property Damage,No Injuries,0,0,0,0,0,2,Front to Rear,11,N,N,Following Too Closely,Failing to Reduce Speed to Avoid Crash,Darkness / Lighted Road,Clear,Dry,N,,,,,Other,Functioning Properly,Y,2,41.8723114,-87.8034463,ok,(UNK),3,03-22-17628,2022,,3,28,50000 and OVER,9,4295,Oak Park,C,Urban Local Road or Street,,16,3,11990853,12,Cook,0,22,,,6,N,No,(UNK),202201392984,ISP,5,0.06,N,,,,(UNK),1051053,(N/A),(UNK),No Defects,1,1,Local Road or Street,7,4062,X002850646,Not Toll,,13,4,Divided With Median Barrier,3,2940219.42498688,1904855.80486164,41.87230353,-87.80344054,,Urban,1,N,(N/A),Y,(N/A)
2022,2022-02-10,Thursday,15,03:48 PM,Property Damage,No Injuries,0,0,0,0,0,2,Front to Rear,11,N,N,Failing to Reduce Speed to Avoid Crash,Following Too Closely,Daylight,Clear,Dry,N,,,,,Other,Functioning Properly,N,2,41.8735328,-87.8036724,ok,Partial Access Control,3,03-22-02031,2022,,28,3,50000 and OVER,9,4295,Oak Park,C,Urban InterState,,16,10,11638579,2,Cook,0,22,,,4,N,No,(UNK),202201059676,ISP,1,0.03,Y,,,,(UNK),1051425,(N/A),(UNK),No Defects,1,1,InterState,1,290,X002543466,Not Toll,,13,4,Ramp,11,2940145.58869456,1905299.2218836,41.87352497,-87.80366661,,Urban,1,N,(N/A),Y,(N/A)
2022,2022-04-06,Wednesday,12,12:30 PM,Property Damage,No Injuries,0,0,0,0,0,2,Front to Rear,11,N,N,Failing to Reduce Speed to Avoid Crash,Following Too Closely,Darkness / Lighted Road,Rain,Wet,N,,,,,No Controls,No Controls,N,2,41.8736509,-87.8030722,ok,Partial Access Control,3,03-22-04623,2022,,28,3,50000 and OVER,9,4295,Oak Park,C,Urban InterState,,16,6,11693351,4,Cook,0,22,,,3,N,No,(UNK),202201112347,ISP,5,21.64999962,Y,,,,(UNK),1051549,(N/A),(UNK),No Defects,1,2,InterState,1,9290,X002590824,Not Toll,73,1,1,Divided With Median Barrier,3,2940307.87648613,1905346.77344782,41.8736431,-87.80306642,,Urban,2,N,(N/A),Y,(N/A)
2022,2022-03-28,Monday,23,11:21 PM,Property Damage,No Injuries,0,0,0,0,0,1,Other Object,7,N,N,Under Influence of Alcohol/Drugs,Failing to Reduce Speed to Avoid Crash,Darkness / Lighted Road,Clear,Dry,N,,,,,Other,Functioning Properly,N,1,41.8733012,-87.8006294,ok,Partial Access Control,3,03-22-04221,2022,,8,28,50000 and OVER,9,4295,Oak Park,C,Urban InterState,,16,28,11693396,3,Cook,0,22,,,1,N,No,(UNK),202201112391,ISP,5,0.09,Y,,,,(UNK),1051656,(N/A),(UNK),No Defects,1,1,InterState,1,290,X002590868,Not Toll,,13,4,Divided With Median Barrier,3,2940976.74366439,1905237.64544997,41.87329331,-87.80062356,,Urban,1,N,(N/A),Y,(N/A)
2022,2022-04-07,Thursday,16,04:41 PM,Property Damage,No Injuries,0,0,0,0,0,2,Angle,15,N,N,Failing to Yield Right of Way,Unable to Determine,Daylight,Rain,Wet,Y,,,,,Stop Sign,Functioning Properly,N,2,41.8706372,-87.7939369,ok,(UNK),1,2201886,2022,,2,18,50000 and OVER,9,4295,Oak Park,C,Urban Major Collector,,16,7,11693549,4,Cook,0,22,,,4,N,No,Free Flow,202201112538,City,1,0,N,,,,(UNK),1051857,(N/A),(UNK),No Defects,1,2,Major Collector,5,,X002591017,Not Toll,73,2,4,Not Divided,1,2942826.41615605,1904317.18325096,41.87062932,-87.79393106,,Urban,2,N,(N/A),Y,(N/A)
2022,2022-04-07,Thursday,17,05:02 PM,Injury,B Injury Crash,2,0,0,2,0,1,Pedestrian,1,Y,N,Failing to Yield Right of Way,Unable to Determine,Daylight,Freezing Rain,Wet,Y,,,,,Pedestrian Crossing,Functioning Properly,Y,1,41.9089193,-87.8005398,ok,(UNK),1,2201888,2022,,2,18,50000 and OVER,9,4295,Oak Park,C,Urban Other Principal Arte,,16,7,11693556,4,Cook,2,22,,,4,N,No,Slow,202201112545,City,1,6.19000006,Y,,,,(UNK),1051870,(N/A),(UNK),No Defects,1,2,Other Principal Arterial,3,307,X002591024,Not Toll,73,17,4,Divided With Median Barrier,3,2940643.01703061,1918218.23970015,41.90891146,-87.800534,,Urban,10,N,(N/A),Y,(N/A)
2022,2022-04-07,Thursday,15,03:17 PM,Injury,B Injury Crash,1,0,0,1,0,2,Pedestrian,1,Y,N,Failing to Yield Right of Way,Failing to Reduce Speed to Avoid Crash,Daylight,Cloudy/Overcast,Dry,Y,,,,,No Controls,No Controls,N,1,41.8798637,-87.7918128,ok,(UNK),1,2201879,2022,,2,28,50000 and OVER,9,4295,Oak Park,C,Urban Minor Arterial,,16,7,11693554,4,Cook,2,22,,,4,N,No,Slow,202201112543,City,1,0,N,,,,(UNK),1051871,(N/A),(UNK),No Defects,1,1,Minor Arterial,4,2670,X002591022,Not Toll,73,1,1,T-Intersection,15,2943311.87508431,1907695.51825674,41.87985588,-87.79180703,,Urban,8,N,(N/A),Y,(N/A)
2022,2022-04-07,Thursday,15,03:44 PM,Injury,C Injury Crash,1,0,0,0,1,1,Front to Rear,11,N,N,Failing to Reduce Speed to Avoid Crash,Following Too Closely,Daylight,Rain,Wet,N,,,,,Stop Sign,Functioning Properly,N,2,41.8705309,-87.8043978,ok,(UNK),1,2201880,2022,,28,3,50000 and OVER,9,4295,Oak Park,C,Urban Other Principal Arte,,16,7,11693552,4,Cook,1,22,,,4,N,No,Slow,202201112541,City,1,25.38999939,Y,,,,(UNK),1051872,(N/A),(UNK),No Defects,1,2,Other Principal Arterial,3,5043,X002591020,Not Toll,73,2,4,"Divided, No Median Barrier",2,2939978.13582128,1904199.82866161,41.87052305,-87.80439201,,Urban,2,N,(N/A),Y,(N/A)
2022,2022-12-05,Monday,12,12:45 PM,Injury,B Injury Crash,1,0,0,1,0,1,Sideswipe Same Direction,12,N,N,Physical Condition of Driver,Failing to Reduce Speed to Avoid Crash,Daylight,Clear,Dry,N,,,,,Other,Functioning Properly,N,2,41.871887,-87.7835303,ok,Partial Access Control,3,03-22-17708,2022,,17,28,50000 and OVER,9,4295,Oak Park,C,Urban InterState,,16,5,11991516,12,Cook,2,22,,,1,N,No,(UNK),202201393651,ISP,1,22.62000084,Y,,,,(UNK),1052059,(N/A),(UNK),No Defects,1,1,InterState,1,9290,X002851264,Not Toll,73,13,4,Divided With Median Barrier,3,2945648.2922333,1904851.19707337,41.87187912,-87.78352451,,Urban,1,N,(N/A),Y,(N/A)
2022,2022-12-01,Thursday,10,10:15 AM,Property Damage,No Injuries,0,0,0,0,0,2,Rear to Front,18,N,N,Failing to Reduce Speed to Avoid Crash,(N/A),Daylight,Clear,Dry,Y,,,,,No Controls,No Controls,Y,2,41.8799021,-87.7896183,ok,(UNK),1,2207551,2022,,28,99,50000 and OVER,9,4295,Oak Park,C,Urban Minor Arterial,,16,1,11991679,12,Cook,0,22,,,4,N,No,Stopped,202201393827,City,1,3.83999991,N,,,,(UNK),1052283,(N/A),(UNK),No Defects,1,1,Minor Arterial,4,1419,X002851406,Not Toll,73,1,1,Other,8,2943909.13603993,1907726.07050383,41.8798943,-87.78961254,,Urban,1,N,(N/A),Y,(N/A)
2022,2022-12-05,Monday,16,04:48 PM,Property Damage,No Injuries,0,0,0,0,0,3,Front to Rear,11,N,N,Failing to Reduce Speed to Avoid Crash,Unable to Determine,Darkness / Lighted Road,Clear,Dry,N,,,,,Traffic Signal,Functioning Properly,N,3,41.8943549,-87.7978885,ok,(UNK),1,2207554,2022,,28,18,50000 and OVER,9,4295,Oak Park,C,Urban Minor Arterial,,16,5,11991684,12,Cook,0,22,,,1,N,Yes,Stopped,202201393832,City,5,2.93000007,N,,,,(UNK),1052296,(N/A),(UNK),No Defects,1,1,Minor Arterial,4,1398,X002851411,Not Toll,73,3,4,Divided With Median Barrier,3,2941511.38062132,1912930.60174338,41.89434701,-87.79788268,,Urban,1,N,(N/A),Y,(N/A)
2022,2022-12-24,Saturday,17,05:54 PM,Property Damage,No Injuries,0,0,0,0,0,2,Front to Rear,11,N,N,Failing to Reduce Speed to Avoid Crash,Improper Lane Usage,Darkness / Lighted Road,Clear,Dry,N,,,,,No Controls,No Controls,N,2,41.8727012,-87.7962888,ok,Partial Access Control,3,03-22-18789,2022,,28,20,50000 and OVER,9,4295,Oak Park,C,Urban InterState,,16,24,12015692,12,Cook,0,22,,,6,N,No,(UNK),202201418645,ISP,5,8.07999992,Y,,,,(UNK),1052936,(N/A),(UNK),No Defects,1,1,InterState,1,290,X002873136,Not Toll,,1,1,Divided With Median Barrier,3,2942165.02534266,1905051.63395687,41.87269332,-87.79628296,,Urban,1,N,(N/A),Y,(N/A)
2022,2022-03-27,Sunday,1,01:15 AM,Injury,B Injury Crash,1,0,0,1,0,3,Front to Rear,11,N,N,Failing to Yield Right of Way,Failing to Reduce Speed to Avoid Crash,Darkness,Clear,Dry,N,,,,,Other Warning Sign,Functioning Properly,N,5,41.8715678,-87.7829658,ok,Partial Access Control,3,03-22-04144,2022,,2,28,50000 and OVER,9,4295,Oak Park,C,Urban InterState,,16,27,11694694,3,Cook,2,22,,,7,N,Yes,(UNK),202201113624,ISP,4,8.77000046,Y,,,,(UNK),1053434,(N/A),(UNK),No Defects,1,1,InterState,1,290,X002592116,Not Toll,,11,4,Divided With Median Barrier,3,2945805.29267987,1904739.17308518,41.87155999,-87.78295996,,Urban,1,N,(N/A),Y,(N/A)
2022,2022-10-10,Monday,10,10:53 AM,Property Damage,No Injuries,0,0,0,0,0,2,Front to Rear,11,N,N,Following Too Closely,Failing to Reduce Speed to Avoid Crash,Daylight,Clear,Dry,N,,,,,No Controls,No Controls,Y,2,41.8722801,-87.7914713,ok,Partial Access Control,3,03-22-14678,2022,,3,28,50000 and OVER,9,4295,Oak Park,C,Urban InterState,,16,10,11924240,10,Cook,0,22,,,1,N,No,(UNK),202201330910,ISP,1,8.31999969,Y,,,,(UNK),1053727,(N/A),(UNK),No Defects,1,1,InterState,1,290,X002792787,Not Toll,,1,1,Divided With Median Barrier,3,2943481.40063513,1904934.46781431,41.87227222,-87.79146552,,Urban,1,N,(N/A),Y,(N/A)
2022,2022-12-04,Sunday,1,01:58 AM,Property Damage,No Injuries,0,0,0,0,0,1,Other Object,7,N,N,Driving Skills/Knowledge/Experience,Failing to Reduce Speed to Avoid Crash,Darkness / Lighted Road,Clear,Dry,N,,,,,No Controls,No Controls,N,1,41.8886652,-87.7960162,ok,(UNK),1,2207515,2022,,15,28,50000 and OVER,9,4295,Oak Park,C,Urban Major Collector,,16,4,11992787,12,Cook,0,22,,,7,N,No,Slow,202201395093,City,5,0.25999999,N,,,,(UNK),1053882,(N/A),(UNK),No Defects,1,1,Major Collector,5,1405,X002852458,Not Toll,73,1,1,Not Divided,1,2942078.48373879,1910871.28274314,41.88865739,-87.79601038,,Urban,1,N,(N/A),Y,(N/A)
2022,2022-04-06,Wednesday,16,04:50 PM,Property Damage,No Injuries,0,0,0,0,0,2,Front to Rear,11,N,N,Following Too Closely,Failing to Reduce Speed to Avoid Crash,Daylight,Clear,Dry,N,,,,,No Controls,No Controls,N,2,41.8711468,-87.7998915,ok,(UNK),3,03-22-04662,2022,,3,28,50000 and OVER,9,4295,Oak Park,C,Rural (UNK),,16,6,11695020,4,Cook,0,22,,,3,N,No,(UNK),202201113933,ISP,1,0,N,,,,(UNK),1053911,(N/A),(UNK),No Defects,1,1,(UNK),0,,X002592427,No Toll,,1,1,Divided With Median Barrier,3,2941199.36179059,1904458.10429854,41.87113896,-87.79988574,,Rural,1,N,(N/A),Y,(N/A)
2022,2022-04-10,Sunday,15,03:15 PM,Property Damage,No Injuries,0,0,0,0,0,4,Front to Rear,11,N,N,Following Too Closely,Failing to Reduce Speed to Avoid Crash,Daylight,Clear,Dry,N,,,,,Other,Functioning Properly,N,3,41.8722049,-87.78727,ok,Partial Access Control,3,03-22-04881,2022,,3,28,50000 and OVER,9,4295,Oak Park,C,Urban InterState,,16,10,11695044,4,Cook,0,22,,,7,N,No,(UNK),202201113956,ISP,1,22.43000031,Y,,,,(UNK),1053949,(N/A),(UNK),No Defects,1,1,InterState,1,9290,X002592450,Not Toll,73,13,4,Divided With Median Barrier,3,2944626.48927491,1904938.77201251,41.87219702,-87.78726418,,Urban,1,N,(N/A),Y,(N/A)
2022,2022-03-26,Saturday,10,10:58 AM,Property Damage,No Injuries,0,0,0,0,0,2,Sideswipe Same Direction,12,N,N,Failing to Reduce Speed to Avoid Crash,Unable to Determine,Daylight,Clear,Dry,N,,,,,No Controls,No Controls,N,3,41.8799543,-87.7869885,ok,(UNK),1,2201621,2022,,28,18,50000 and OVER,9,4295,Oak Park,C,Urban Minor Arterial,,16,26,11695472,3,Cook,0,22,,,6,N,Yes,Free Flow,202201114345,City,1,0,N,,,,(UNK),1054568,(N/A),(UNK),No Defects,1,1,Minor Arterial,4,,X002592808,Not Toll,73,1,1,Not Divided,1,2944624.80910694,1907764.93963579,41.87994646,-87.78698273,,Urban,1,N,(N/A),Y,(N/A)
2022,2022-12-06,Tuesday,16,04:05 PM,Property Damage,No Injuries,0,0,0,0,0,1,Parked Motor Vehicle,9,N,N,Unable to Determine,Unable to Determine,Daylight,Clear,Dry,N,,,,,No Controls,No Controls,Y,2,41.8882301,-87.8024218,ok,(UNK),1,2207570,2022,,18,18,50000 and OVER,9,4295,Oak Park,C,Urban Local Road or Street,,16,6,11993914,12,Cook,0,22,,,2,N,No,Slow,202201396354,City,1,0.02,N,,,,(UNK),1055552,(N/A),(UNK),No Defects,1,1,Local Road or Street,7,2056,X002853487,Not Toll,73,1,1,Alley,12,2940338.60130052,1910664.57627938,41.88822229,-87.80241595,,Urban,1,N,(N/A),Y,(N/A)
2022,2022-12-06,Tuesday,18,06:20 PM,Property Damage,No Injuries,0,0,0,0,0,4,Turning,10,N,N,Failing to Reduce Speed to Avoid Crash,(N/A),Darkness / Lighted Road,Clear,Dry,Y,,,,,No Controls,No Controls,N,2,41.8796672,-87.7844305,ok,(UNK),1,2207574,2022,,28,99,50000 and OVER,9,4295,Oak Park,C,Urban Minor Arterial,,16,6,11993921,12,Cook,0,22,,,2,N,No,Free Flow,202201396365,City,5,1.52999997,N,,,,(UNK),1055567,(N/A),(UNK),No Defects,1,1,Minor Arterial,4,2783,X002853494,Not Toll,73,1,1,Other,8,2945324.37772395,1907679.64767576,41.87965935,-87.78442467,,Urban,1,N,(N/A),Y,(N/A)
2022,2022-12-07,Wednesday,18,06:55 PM,Property Damage,No Injuries,0,0,0,0,0,2,Front to Rear,11,N,N,Failing to Reduce Speed to Avoid Crash,Unable to Determine,Daylight,Clear,Dry,Y,,,,,Traffic Signal,Functioning Properly,Y,2,41.87231,-87.8044656,ok,(UNK),1,2207601,2022,,28,18,50000 and OVER,9,4295,Oak Park,C,Urban Other Principal Arte,,16,7,11993928,12,Cook,0,22,,,3,N,No,Stopped,202201396373,City,1,25.52000046,Y,,,,(UNK),1055569,(N/A),(UNK),No Defects,1,1,Other Principal Arterial,3,5043,X002853501,Not Toll,73,3,4,Two-way Continuous Left-Tur,4,2939941.81673152,1904847.66712909,41.87230218,-87.80445981,,Urban,1,N,(N/A),Y,(N/A)
2022,2022-02-05,Saturday,2,02:12 AM,Property Damage,No Injuries,0,0,0,0,0,2,Rear to Front,18,N,N,Improper Backing,(N/A),Darkness / Lighted Road,Clear,Dry,N,,,,,Other Regualtory Sig,Functioning Properly,N,2,41.8711609,-87.777768,ok,Partial Access Control,3,03-22-01746,2022,,30,99,50000 and OVER,9,4295,Oak Park,C,Urban InterState,,16,5,11642614,2,Cook,0,22,,,6,N,No,(UNK),202201063345,ISP,5,9.02999973,Y,,,,(UNK),1055697,(N/A),(UNK),No Defects,1,1,InterState,1,290,X002547017,Not Toll,73,10,4,"Divided, No Median Barrier",2,2947225.1712261,1904630.27169351,41.87115309,-87.77776218,,Urban,1,N,(N/A),Y,(N/A)
2022,2022-04-11,Monday,1,01:20 AM,Property Damage,No Injuries,0,0,0,0,0,2,Sideswipe Same Direction,12,N,N,Improper Lane Usage,Failing to Reduce Speed to Avoid Crash,Darkness / Lighted Road,Clear,Dry,N,,,,,No Controls,No Controls,Y,2,41.871279,-87.775108,ok,Partial Access Control,3,03-22-04899,2022,,20,28,50000 and OVER,9,4295,Oak Park,C,Urban InterState,,16,11,11696498,4,Cook,0,22,,,1,N,No,(UNK),202201115167,ISP,5,23.04999924,Y,,,,(UNK),1055843,(N/A),(UNK),No Defects,1,1,InterState,1,9290,X002593630,Not Toll,73,1,1,Divided With Median Barrier,3,2947948.5,1904693.5,41.8712712,-87.77510216,,Urban,1,N,(N/A),Y,(N/A)
2022,2022-03-30,Wednesday,0,00:41 AM,Property Damage,No Injuries,0,0,0,0,0,3,Front to Rear,11,N,N,Failing to Reduce Speed to Avoid Crash,Following Too Closely,Darkness / Lighted Road,Clear,Dry,N,,,,,No Controls,No Controls,N,3,41.8735614,-87.8052333,ok,Partial Access Control,3,03-22-04256,2022,,28,3,50000 and OVER,9,4295,Oak Park,C,Urban InterState,,16,30,11696721,3,Cook,0,22,,,3,N,No,(UNK),202201115373,ISP,5,7.67999983,Y,,,,(UNK),1056142,(N/A),(UNK),No Defects,1,1,InterState,1,290,X002593832,Not Toll,,1,1,Divided With Median Barrier,3,2939720.15706412,1905297.93978669,41.87355358,-87.80522754,,Urban,1,N,(N/A),Y,(N/A)
2022,2022-02-09,Wednesday,4,04:36 AM,Injury,B Injury Crash,1,0,0,1,0,0,Other Object,7,N,N,Physical Condition of Driver,(N/A),Darkness / Lighted Road,Clear,Dry,Y,,,,,No Controls,No Controls,N,1,41.8743278,-87.7915912,ok,(UNK),1,2200709,2022,,17,99,50000 and OVER,9,4295,Oak Park,C,Urban Local Road or Street,,16,9,11644274,2,Cook,2,22,LIGHT POLE,,3,N,No,Free Flow,202201065045,City,5,0,N,,,,(UNK),1056687,(N/A),(UNK),No Defects,1,1,Local Road or Street,7,,X002548467,Not Toll,73,1,1,Not Divided,1,2943428.08621097,1905679.80078965,41.87431997,-87.79158541,,Urban,1,N,(N/A),Y,(N/A)
2022,2022-04-10,Sunday,13,01:02 PM,Property Damage,No Injuries,0,0,0,0,0,3,Front to Rear,11,N,N,Failing to Reduce Speed to Avoid Crash,(N/A),Daylight,Clear,Dry,N,,,,,Traffic Signal,Functioning Properly,N,2,41.8850102,-87.7944146,ok,(UNK),1,2201927,2022,,28,99,50000 and OVER,9,4295,Oak Park,C,Urban Major Collector,,16,10,11697279,4,Cook,0,22,,,7,N,No,Stopped,202201115821,City,1,0,N,,,,(UNK),1056723,(N/A),(UNK),No Defects,1,1,Major Collector,5,,X002594277,Not Toll,73,3,4,"Divided, No Median Barrier",2,2942551.447017,1909551.38553425,41.88500237,-87.79440877,,Urban,1,N,(N/A),Y,(N/A)
2022,2022-04-08,Friday,16,04:32 PM,Property Damage,No Injuries,0,0,0,0,0,4,Angle,15,N,N,Failing to Yield Right of Way,(N/A),Daylight,Snow,Wet,Y,,,,,Stop Sign,Functioning Properly,N,2,41.8706148,-87.7952361,ok,(UNK),1,2201903,2022,,2,99,50000 and OVER,9,4295,Oak Park,C,Urban Local Road or Street,,16,8,11697278,4,Cook,0,22,,,5,N,No,Stopped,202201115820,City,1,0,N,,,,(UNK),1056724,(N/A),(UNK),No Defects,1,2,Local Road or Street,7,,X002594276,Not Toll,73,2,4,Four Way,14,2942472.74780307,1904299.23534961,41.87060692,-87.79523032,,Urban,3,N,(N/A),Y,(N/A)
2022,2022-04-07,Thursday,12,12:40 PM,Property Damage,No Injuries,0,0,0,0,0,1,Parked Motor Vehicle,9,N,N,Physical Condition of Driver,Failing to Reduce Speed to Avoid Crash,Daylight,Cloudy/Overcast,Dry,N,,,,,No Controls,No Controls,N,3,41.9089516,-87.7979298,ok,(UNK),1,2201875,2022,,17,28,50000 and OVER,9,4295,Oak Park,C,Urban Other Principal Arte,,16,7,11697277,4,Cook,0,22,,,4,N,Yes,Free Flow,202201115819,City,1,6.32999992,Y,,,,(UNK),1056725,(N/A),(UNK),No Defects,1,1,Other Principal Arterial,3,307,X002594275,Not Toll,73,1,1,"Divided, No Median Barrier",2,2941353.1690876,1918249.61665455,41.90894373,-87.79792402,,Urban,8,N,(N/A),Y,(N/A)
2022,2022-04-11,Monday,12,12:30 PM,Property Damage,No Injuries,0,0,0,0,0,2,Turning,10,N,N,Improper Turning/No Signal,Improper Lane Usage,Daylight,Clear,Dry,Y,,,,,Traffic Signal,Functioning Properly,Y,2,41.8867121,-87.8049543,ok,(UNK),1,2201947,2022,,6,20,50000 and OVER,9,4295,Oak Park,C,Urban Other Principal Arte,,16,11,11697287,4,Cook,0,22,,,1,N,No,Slow,202201115828,City,1,26.51000023,Y,,,,(UNK),1056742,(N/A),(UNK),No Defects,1,1,Other Principal Arterial,3,5043,X002594285,Not Toll,73,3,4,Not Divided,1,2939664.20707978,1910092.38726907,41.88670429,-87.80494851,,Urban,1,N,(N/A),Y,(N/A)
2022,2022-04-10,Sunday,18,06:33 PM,Property Damage,No Injuries,0,0,0,0,0,3,Angle,15,N,N,Disregarding Traffic Signals,(N/A),Daylight,Clear,Dry,Y,,,,,Traffic Signal,Functioning Properly,N,3,41.8817172,-87.7845158,ok,(UNK),1,2201934,2022,,25,99,50000 and OVER,9,4295,Oak Park,C,Urban Major Collector,,16,10,11697285,4,Cook,0,22,,,7,N,Yes,Slow,202201115825,City,1,0,N,,,,(UNK),1056743,(N/A),(UNK),No Defects,1,1,Major Collector,5,,X002594283,Not Toll,73,3,4,Not Divided,1,2945280.39867136,1908426.05262992,41.88170933,-87.78450997,,Urban,1,N,(N/A),Y,(N/A)
2022,2022-04-10,Sunday,13,01:46 PM,Property Damage,No Injuries,0,0,0,0,0,2,Turning,10,N,N,Improper Lane Usage,Improper Overtaking/Passing,Daylight,Clear,Dry,N,,,,,No Controls,No Controls,Y,2,41.8800227,-87.7836597,ok,(UNK),1,2201928,2022,,20,4,50000 and OVER,9,4295,Oak Park,C,Urban Minor Arterial,,16,10,11697281,4,Cook,0,22,,,7,N,No,Slow,202201115823,City,1,0,N,,,,(UNK),1056744,(N/A),(UNK),No Defects,1,1,Minor Arterial,4,,X002594279,Not Toll,73,1,1,Not Divided,1,2945530.68354633,1907815.02474473,41.88001484,-87.78365392,,Urban,1,N,(N/A),Y,(N/A)
2022,2022-04-11,Monday,17,05:52 PM,Property Damage,No Injuries,0,0,0,0,0,2,Angle,15,N,N,Failing to Yield Right of Way,Failing to Reduce Speed to Avoid Crash,Daylight,Clear,Dry,Y,,,,,Stop Sign,Functioning Properly,N,2,41.9052131,-87.805664,ok,(UNK),1,2200374,2022,,2,28,50000 and OVER,9,4295,Oak Park,C,Urban Other Principal Arte,,16,11,11697296,4,Cook,0,22,,,1,N,No,Slow,202201115837,City,1,27.79999924,Y,,,,(UNK),1056761,(N/A),(UNK),No Defects,1,1,Other Principal Arterial,3,5043,X002594294,Not Toll,73,2,4,Four Way,14,2939285.33103592,1916829.15591801,41.90520522,-87.80565816,,Urban,1,N,(N/A),Y,(N/A)
2022,2022-12-09,Friday,6,06:44 AM,Property Damage,No Injuries,0,0,0,0,0,2,Front to Rear,11,N,N,Following Too Closely,Failing to Reduce Speed to Avoid Crash,Darkness / Lighted Road,Rain,Wet,N,,,,,Other Warning Sign,Functioning Properly,N,2,41.8729455,-87.7988261,ok,Partial Access Control,3,03-22-17894,2022,,3,28,50000 and OVER,9,4295,Oak Park,C,Urban InterState,,16,9,11995474,12,Cook,0,22,,,5,N,No,(UNK),202201397669,ISP,5,21.84000015,Y,,,,(UNK),1057731,(N/A),(UNK),No Defects,1,2,InterState,1,9290,X002854601,Not Toll,,11,4,Divided With Median Barrier,3,2941471.47568384,1905121.5866949,41.87293765,-87.79882028,,Urban,2,N,(N/A),Y,(N/A)
2022,2022-12-06,Tuesday,17,05:01 PM,Property Damage,No Injuries,0,0,0,0,0,2,Front to Rear,11,N,N,Unable to Determine,Unable to Determine,Darkness / Lighted Road,Clear,Dry,N,,,,,Traffic Signal,Functioning Properly,Y,2,41.8798147,-87.7940069,ok,(UNK),1,2207575,2022,,18,18,50000 and OVER,9,4295,Oak Park,C,Urban Minor Arterial,,16,6,11995606,12,Cook,0,22,,,2,N,Yes,Stopped,202201397829,City,5,0,N,,,,(UNK),1057888,(N/A),(UNK),No Defects,1,1,Minor Arterial,4,,X002854726,Not Toll,73,3,4,Divided With Median Barrier,3,2942714.83653466,1907661.13301803,41.8798069,-87.7940011,,Urban,1,N,(N/A),Y,(N/A)