crash_year,crash_date,day_of_week,crash_hour,time_of_crash,crash_severity,crash_injury_severity,total_injured,total_fatals,a_injuries,b_injuries,c_injuries,no_injuries,type_of_first_crash,collision_type_code,pedestrian_involved,pedalcyclist_involved,cause1,cause2,lighting_cond,weather_cond,road_surface_cond,intersection_related,is_intersection,highway_or_street_name,at_intersection_with,address_no,traffic_control_device,traffic_control_device_cond,hit_and_run,number_of_vehicles,latitude,longitude,location_status,access_control,agency_code,agency_report_number,agency_report_year,alignment_code,cause1_code,cause2_code,city_class,city_class_code,city_code,city_name,city_township_flag,class_of_trafficway,class_of_trafficway_code,county_code,crash_day,crash_id,crash_month,crash_report_county,crash_severity_cd,crash_yr_source,damaged_property1,damaged_property2,day_of_week_code,did_crash_occur_in_work_zone,did_involve_secondary_crash,flow_condition,icn,investigating_agency_descrip,light_condition_code,mile_station,nhs,non_intersection_direction,non_intersection_distance,non_intersection_units,number_of_lanes,objectid,railroad_crossing_number,road_alignment,road_defects,road_defects_code,road_surface_condition_code,roadway_functional_class,roadway_functional_class_code,route_number,sfe,toll,township,traffic_control_device_code,traffic_control_device_cond_code,trafficway_descrip,trafficway_description_code,ts_crash_coordinate_x,ts_crash_coordinate_y,ts_crash_latitude,ts_crash_longitude,type_report,urban_rural,weather_code,were_workers_present,work_zone,work_zone_related,work_zone_type
2022,2022-12-07,Wednesday,16,04:53 PM,Injury,C Injury Crash,2,0,0,0,2,1,Front to Rear,11,N,N,Failing to Reduce Speed to Avoid Crash,Unable to Determine,Darkness / Lighted Road,Clear,Dry,N,,,,,No Controls,No Controls,N,2,41.9089087,-87.8013975,ok,(UNK),1,2207596,2022,,28,18,50000 and OVER,9,4295,Oak Park,C,Urban Other Principal Arte,,16,7,11995627,12,Cook,1,22,,,3,N,No,Slow,202201397849,City,5,129.3999939,Y,,,,(UNK),1057906,(N/A),(UNK),No Defects,1,1,Other Principal Arterial,3,5064,X002854744,Not Toll,73,1,1,"Divided, No Median Barrier",2,2940409.63935962,1918207.92825102,41.90890085,-87.80139171,,Urban,1,N,(N/A),Y,(N/A)
2022,2022-12-07,Wednesday,17,05:38 PM,Injury,C Injury Crash,1,0,0,0,1,1,Pedestrian,1,Y,N,Failing to Yield Right of Way,Unable to Determine,Darkness / Lighted Road,Clear,Dry,Y,,,,,Stop Sign,Functioning Properly,N,1,41.8902,-87.7960477,ok,(UNK),1,2207597,2022,,2,18,50000 and OVER,9,4295,Oak Park,C,Urban Local Road or Street,,16,7,11995628,12,Cook,1,22,,,3,N,No,(UNK),202201397850,City,5,0,N,,,,(UNK),1057916,(N/A),(UNK),No Defects,1,1,Local Road or Street,7,,X002854745,Not Toll,73,2,4,One-Way,10,2942054.44528787,1911430.33923732,41.89019214,-87.79604188,,Urban,1,N,(N/A),Y,(N/A)
2022,2022-12-07,Wednesday,18,06:00 PM,Injury,C Injury Crash,1,0,0,0,1,2,Front to Rear,11,N,N,Equipment-Vehicle Condition,(N/A),Darkness / Lighted Road,Clear,Dry,N,,,,,Traffic Signal,Functioning Properly,N,2,41.901818,-87.7948582,ok,(UNK),1,2207600,2022,,10,99,50000 and OVER,9,4295,Oak Park,C,Urban Major Collector,,16,7,11995633,12,Cook,1,22,,,3,N,No,Free Flow,202201397858,City,5,4.59000015,N,,,,(UNK),1057917,(N/A),(UNK),No Defects,1,1,Major Collector,5,2775,X002854750,Not Toll,73,3,4,"Divided, No Median Barrier",2,2942261.217785,1915673.12886252,41.90181018,-87.79485245,,Urban,1,N,(N/A),Y,(N/A)
2022,2022-12-08,Thursday,18,06:21 PM,Property Damage,No Injuries,0,0,0,0,0,3,Angle,15,N,N,Failing to Reduce Speed to Avoid Crash,(N/A),Daylight,Clear,Dry,Y,,,,,Stop Sign,Functioning Properly,N,2,41.8870719,-87.7797669,ok,(UNK),1,2207626,2022,,28,99,50000 and OVER,9,4295,Oak Park,C,Urban Local Road or Street,,16,8,11995641,12,Cook,0,22,,,4,N,No,Stopped,202201397869,City,1,0,N,,,,(UNK),1057937,(N/A),(UNK),No Defects,1,1,Local Road or Street,7,,X002854759,Not Toll,73,2,4,Four Way,14,2946519.37166241,1910413.35645432,41.88706402,-87.77976108,,Urban,1,N,(N/A),Y,(N/A)
2022,2022-12-08,Thursday,20,08:34 PM,Property Damage,No Injuries,0,0,0,0,0,2,Turning,10,N,N,Disregarding Traffic Signals,Failing to Yield Right of Way,Darkness / Lighted Road,Clear,Dry,Y,,,,,Traffic Signal,Functioning Properly,Y,2,41.8885679,-87.8050251,ok,(UNK),1,2207627,2022,,25,2,50000 and OVER,9,4295,Oak Park,C,Urban Other Principal Arte,,16,8,11995648,12,Cook,0,22,,,4,N,No,Free Flow,202201397876,City,5,26.63999939,Y,,,,(UNK),1057941,(N/A),(UNK),No Defects,1,1,Other Principal Arterial,3,5043,X002854766,Not Toll,73,3,4,Not Divided,1,2939626.30264891,1910768.12079738,41.88856002,-87.80501932,,Urban,1,N,(N/A),Y,(N/A)
2022,2022-12-02,Friday,20,08:45 PM,Property Damage,No Injuries,0,0,0,0,0,2,Front to Rear,11,N,N,Failing to Reduce Speed to Avoid Crash,Following Too Closely,Darkness / Lighted Road,Clear,Dry,N,,,,,Other Regualtory Sig,Functioning Properly,Y,2,41.8734234,-87.8038349,ok,Partial Access Control,3,03-22-17571,2022,,28,3,50000 and OVER,9,4295,Oak Park,C,Urban InterState,,16,2,11995899,12,Cook,0,22,,,5,N,No,(UNK),202201398146,ISP,5,7.73000002,Y,,,,(UNK),1058278,(N/A),(UNK),No Defects,1,1,InterState,1,290,X002854995,Not Toll,,10,4,Divided With Median Barrier,3,2940102.43861197,1905258.12128949,41.87341553,-87.80382907,,Urban,1,N,(N/A),Y,(N/A)
2022,2022-12-02,Friday,15,03:00 PM,Property Damage,No Injuries,0,0,0,0,0,4,Sideswipe Same Direction,12,N,N,Improper Overtaking/Passing,Following Too Closely,Daylight,Clear,Dry,N,,,,,Other,Functioning Properly,N,3,41.8723715,-87.7890873,ok,Partial Access Control,3,03-22-17550,2022,,4,3,50000 and OVER,9,4295,Oak Park,C,Urban InterState,,16,2,11995951,12,Cook,0,22,,,5,N,No,(UNK),202201398203,ISP,1,22.32999992,Y,,,,(UNK),1058347,(N/A),(UNK),No Defects,1,1,InterState,1,9290,X002855049,Not Toll,73,13,4,Divided With Median Barrier,3,2944129.80715496,1904985.76427366,41.87236363,-87.78908155,,Urban,1,N,(N/A),Y,(N/A)
2022,2022-12-03,Saturday,17,05:34 PM,Property Damage,No Injuries,0,0,0,0,0,2,Front to Rear,11,N,N,Improper Lane Usage,Following Too Closely,Darkness / Lighted Road,Clear,Dry,N,,,,,No Controls,No Controls,N,2,41.8727782,-87.7970846,ok,Partial Access Control,3,03-22-17624,2022,,20,3,50000 and OVER,9,4295,Oak Park,C,Urban InterState,,16,3,11996007,12,Cook,0,22,,,6,N,No,(UNK),202201398269,ISP,5,21.92000008,Y,,,,(UNK),1058427,(N/A),(UNK),No Defects,1,1,InterState,1,9290,X002855096,Not Toll,,1,1,Divided With Median Barrier,3,2941947.49216178,1905073.70309109,41.87277031,-87.79707878,,Urban,1,N,(N/A),Y,(N/A)
2022,2022-04-12,Tuesday,17,05:21 PM,Injury,B Injury Crash,1,0,0,1,0,0,Parked Motor Vehicle,9,N,N,Driving Skills/Knowledge/Experience,Unable to Determine,Daylight,Clear,Dry,N,,,,,No Controls,No Controls,N,2,41.8778562,-87.7904966,ok,(UNK),1,2201968,2022,,15,18,50000 and OVER,9,4295,Oak Park,C,Urban Local Road or Street,,16,12,11699144,4,Cook,2,22,,,2,N,No,Free Flow,202201117141,City,1,0.25999999,N,,,,(UNK),1058661,(N/A),(UNK),No Defects,1,1,Local Road or Street,7,2663,X002595589,Not Toll,73,1,1,Not Divided,1,2943690.60967905,1906973.87719447,41.87784839,-87.79049077,,Urban,1,N,(N/A),Y,(N/A)
2022,2022-04-14,Thursday,11,11:12 AM,Property Damage,No Injuries,0,0,0,0,0,3,Front to Rear,11,N,N,Following Too Closely,Failing to Reduce Speed to Avoid Crash,Daylight,Clear,Dry,N,,,,,Other Warning Sign,Functioning Properly,N,3,41.8720628,-87.7887648,ok,Partial Access Control,3,03-22-05038,2022,,3,28,50000 and OVER,9,4295,Oak Park,C,Urban InterState,,16,14,11699548,4,Cook,0,22,,,4,N,No,(UNK),202201117507,ISP,1,8.47000027,Y,,,,(UNK),1059158,(N/A),(UNK),No Defects,1,1,InterState,1,290,X002595956,Not Toll,,11,4,Divided With Median Barrier,3,2944220.77630656,1904875.72602376,41.87205499,-87.788759,,Urban,1,N,(N/A),Y,(N/A)
2022,2022-12-03,Saturday,15,03:30 PM,Injury,C Injury Crash,1,0,0,0,1,2,Front to Rear,11,N,N,Following Too Closely,Failing to Reduce Speed to Avoid Crash,Daylight,Clear,Dry,N,,,,,Other,Functioning Properly,N,2,41.8727753,-87.7749829,ok,(UNK),3,03-22-17613,2022,,3,28,50000 and OVER,9,4295,Oak Park,C,Urban Local Road or Street,,16,3,11996986,12,Cook,1,22,,,6,N,No,(UNK),202201399253,ISP,1,0.47999999,N,,,,(UNK),1059897,(N/A),(UNK),No Defects,1,1,Local Road or Street,7,4060,X002856070,Not Toll,,13,4,Divided With Median Barrier,3,2947967.35986791,1905239.71807404,41.87276747,-87.77497711,,Urban,1,N,(N/A),Y,(N/A)
2022,2022-12-10,Saturday,16,04:06 PM,Property Damage,No Injuries,0,0,0,0,0,4,Sideswipe Same Direction,12,N,N,Improper Lane Usage,Failing to Reduce Speed to Avoid Crash,Daylight,Clear,Dry,Y,,,,,Traffic Signal,Functioning Properly,N,2,41.87231,-87.8044659,ok,(UNK),1,22-03700,2022,,20,28,50000 and OVER,9,4295,Oak Park,C,Urban Other Principal Arte,,16,10,11997060,12,Cook,0,22,,,6,N,No,Free Flow,202201399327,City,1,25.52000046,Y,,,,(UNK),1060025,(N/A),(UNK),No Defects,1,1,Other Principal Arterial,3,5043,X002856145,Not Toll,73,3,4,Not Divided,1,2939941.73917192,1904847.66118026,41.87230217,-87.8044601,,Urban,1,N,(N/A),Y,(N/A)
2022,2022-04-13,Wednesday,15,03:27 PM,Property Damage,No Injuries,0,0,0,0,0,2,Sideswipe Same Direction,12,N,N,Improper Overtaking/Passing,(N/A),Daylight,Rain,Wet,Y,,,,,Traffic Signal,Functioning Properly,N,2,41.8761173,-87.7941086,ok,(UNK),1,2201986,2022,,4,99,50000 and OVER,9,4295,Oak Park,C,Urban Major Collector,,16,13,11700243,4,Cook,0,22,,,3,N,No,Free Flow,202201118153,City,1,0,N,,,,(UNK),1060046,(N/A),(UNK),No Defects,1,2,Major Collector,5,,X002596603,Not Toll,73,3,4,Not Divided,1,2942724.40325072,1906312.94435031,41.87610944,-87.79410281,,Urban,2,N,(N/A),Y,(N/A)
2022,2022-04-13,Wednesday,16,04:05 PM,Property Damage,No Injuries,0,0,0,0,0,1,Parked Motor Vehicle,9,N,N,Unable to Determine,(N/A),Unknown,Unknown,Unknown,N,,,,,No Controls,No Controls,Y,2,41.881427,-87.787761,ok,(UNK),1,2201987,2022,,18,99,50000 and OVER,9,4295,Oak Park,C,Urban Local Road or Street,,16,13,11700244,4,Cook,0,22,,,3,N,No,Slow,202201118154,City,9,0.06,N,,,,(UNK),1060049,(N/A),(UNK),Unknown,99,9,Local Road or Street,7,2650,X002596604,Not Toll,73,1,1,Alley,12,2944399.55120289,1908295.76695902,41.88141912,-87.7877552,,Urban,9,N,(N/A),N,(N/A)
2022,2022-04-13,Wednesday,18,06:17 PM,Injury,B Injury Crash,2,0,0,1,1,1,Front to Rear,11,N,N,Following Too Closely,Unable to Determine,Dusk,Cloudy/Overcast,Wet,N,,,,,No Controls,No Controls,N,3,41.8976769,-87.794775,ok,(UNK),1,2201990,2022,,3,18,50000 and OVER,9,4295,Oak Park,C,Urban Major Collector,,16,13,11700246,4,Cook,2,22,,,3,N,Yes,Stopped,202201118156,City,3,4.88999987,N,,,,(UNK),1060050,(N/A),(UNK),No Defects,1,2,Major Collector,5,2775,X002596606,Not Toll,73,1,1,Not Divided,1,2942325.63070209,1914164.66362418,41.89766909,-87.79476919,,Urban,8,N,(N/A),Y,(N/A)
2022,2022-04-08,Friday,11,11:58 AM,Injury,B Injury Crash,1,0,0,1,0,2,Front to Rear,11,N,N,Failing to Reduce Speed to Avoid Crash,Improper Lane Usage,Daylight,Rain,Wet,N,,,,,No Controls,No Controls,N,3,41.9084401,-87.8057637,ok,(UNK),1,2200360,2022,,28,20,50000 and OVER,9,4295,Oak Park,C,Urban Other Principal Arte,,16,8,11700253,4,Cook,2,22,,,5,N,No,Free Flow,202201118163,City,1,17.68000031,Y,,,,(UNK),1060058,(N/A),(UNK),No Defects,1,2,Other Principal Arterial,3,348,X002596613,Not Toll,73,1,1,"Divided, No Median Barrier",2,2939225.80228425,1918004.41240778,41.90843228,-87.80575787,,Urban,2,N,(N/A),Y,(N/A)
2022,2022-04-15,Friday,17,05:36 PM,Property Damage,No Injuries,0,0,0,0,0,3,Turning,10,N,N,Failing to Yield Right of Way,Unable to Determine,Daylight,Clear,Wet,Y,,,,,Traffic Signal,Functioning Properly,N,2,41.8759848,-87.8045958,ok,(UNK),1,22-01110,2022,,2,18,50000 and OVER,9,4295,Oak Park,C,Urban Other Principal Arte,,16,15,11700842,4,Cook,0,22,,,5,N,No,Free Flow,202201118694,City,1,25.77000046,Y,,,,(UNK),1060753,(N/A),(UNK),No Defects,1,2,Other Principal Arterial,3,5043,X002597142,Not Toll,73,3,4,"Divided, No Median Barrier",2,2939869.49456576,1906185.86027551,41.875977,-87.80458997,,Urban,1,N,(N/A),Y,(N/A)
2022,2022-04-14,Thursday,9,09:15 AM,Property Damage,No Injuries,0,0,0,0,0,1,Parked Motor Vehicle,9,N,N,Failing to Reduce Speed to Avoid Crash,(N/A),Daylight,Clear,Dry,N,,,,,Stop Sign,Functioning Properly,N,3,41.8982429,-87.783454,ok,(UNK),1,2202003,2022,,28,99,50000 and OVER,9,4295,Oak Park,C,Urban Local Road or Street,,16,14,11701429,4,Cook,0,22,,,4,N,Yes,Free Flow,202201119032,City,1,1.13999999,N,,,,(UNK),1061282,(N/A),(UNK),No Defects,1,1,Local Road or Street,7,3100,X002597483,Not Toll,73,2,4,"Divided, No Median Barrier",2,2945402.20794073,1914456.36741869,41.89823503,-87.78344817,,Urban,1,N,(N/A),Y,(N/A)
2022,2022-04-15,Friday,9,09:00 AM,Property Damage,No Injuries,0,0,0,0,0,3,Sideswipe Same Direction,12,N,N,Failing to Yield Right of Way,(N/A),Daylight,Clear,Dry,N,,,,,Traffic Signal,Functioning Properly,N,2,41.8650283,-87.8042158,ok,(UNK),1,22-01107,2022,,2,99,50000 and OVER,9,4295,Oak Park,C,Urban Other Principal Arte,,16,15,11701633,4,Cook,0,22,,,5,N,Yes,Slow,202201119230,City,1,25.01000023,Y,,,,(UNK),1061577,(N/A),(UNK),No Defects,1,1,Other Principal Arterial,3,5043,X002597682,Not Toll,52,3,4,"Divided, No Median Barrier",2,2940082.92260532,1902195.94913725,41.86502045,-87.80421002,,Urban,1,N,(N/A),Y,(N/A)
2022,2022-04-16,Saturday,12,12:42 PM,Property Damage,No Injuries,0,0,0,0,0,3,Front to Rear,11,N,N,Failing to Reduce Speed to Avoid Crash,Following Too Closely,Daylight,Clear,Dry,N,,,,,Other,Functioning Properly,N,3,41.8726276,-87.7939067,ok,Partial Access Control,3,03-22-05153,2022,,28,3,50000 and OVER,9,4295,Oak Park,C,Urban InterState,,16,16,11701879,4,Cook,0,22,,,6,N,No,(UNK),202201119470,ISP,1,22.06999969,Y,,,,(UNK),1061903,(N/A),(UNK),No Defects,1,1,InterState,1,9290,X002597920,Not Toll,73,13,4,Divided With Median Barrier,3,2942814.5789573,1905042.77532014,41.87261979,-87.79390086,,Urban,1,N,(N/A),Y,(N/A)
2022,2022-12-03,Saturday,22,10:47 PM,Injury,B Injury Crash,1,0,0,1,0,2,Sideswipe Same Direction,12,N,N,Improper Overtaking/Passing,Driving Skills/Knowledge/Experience,Darkness / Lighted Road,Clear,Dry,Y,,,,,Traffic Signal,Functioning Properly,Y,3,41.9087836,-87.8057828,ok,(UNK),1,2207513,2022,,4,15,50000 and OVER,9,4295,Oak Park,C,Urban Other Principal Arte,,16,3,11998737,12,Cook,2,22,,,6,N,No,Stopped,202201401054,City,5,28.04000092,Y,,,,(UNK),1062565,(N/A),(UNK),No Defects,1,1,Other Principal Arterial,3,5043,X002857733,Not Toll,73,3,4,"Divided, No Median Barrier",2,2939217.15400692,1918129.42300251,41.90877572,-87.80577698,,Urban,1,N,(N/A),Y,(N/A)
2022,2022-12-09,Friday,23,11:45 PM,Property Damage,No Injuries,0,0,0,0,0,2,Sideswipe Same Direction,12,N,N,Improper Overtaking/Passing,Failing to Reduce Speed to Avoid Crash,Darkness,Clear,Wet,N,,,,,Traffic Signal,Functioning Properly,Y,2,41.8798684,-87.7844739,ok,(UNK),1,2207640,2022,,4,28,50000 and OVER,9,4295,Oak Park,C,Urban Minor Arterial,,16,9,11998744,12,Cook,0,22,,,5,N,No,(UNK),202201401061,City,4,0,N,,,,(UNK),1062579,(N/A),(UNK),No Defects,1,2,Minor Arterial,4,,X002857740,Not Toll,73,3,4,Not Divided,1,2945310.51491599,1907752.63672827,41.87986054,-87.78446809,,Urban,1,N,(N/A),Y,(N/A)
2022,2022-12-11,Sunday,20,08:35 PM,Injury,B Injury Crash,1,0,0,1,0,1,Pedalcyclist,2,N,Y,Failing to Yield Right of Way,(N/A),Darkness / Lighted Road,Rain,Wet,Y,,,,,Traffic Signal,Functioning Properly,N,1,41.8726278,-87.7842258,ok,(UNK),1,2207666,2022,,2,99,50000 and OVER,9,4295,Oak Park,C,Urban Major Collector,,16,11,11998753,12,Cook,2,22,,,7,N,No,Free Flow,202201401070,City,5,0,N,,,,(UNK),1062592,(N/A),(UNK),No Defects,1,2,Major Collector,5,,X002857749,Not Toll,73,3,4,Not Divided,1,2945451.36135475,1905115.92671984,41.87262,-87.78422,,Urban,2,N,(N/A),Y,(N/A)
2022,2022-12-12,Monday,0,00:17 AM,Injury,B Injury Crash,1,0,0,1,0,0,Fixed Object,6,N,N,Equipment-Vehicle Condition,Improper Lane Usage,Darkness / Lighted Road,Clear,Dry,N,,,,,No Controls,No Controls,N,1,41.8798975,-87.7830154,ok,(UNK),1,2207668,2022,,10,20,50000 and OVER,9,4295,Oak Park,C,Urban Minor Arterial,,16,12,11998756,12,Cook,2,22,,,1,N,No,Free Flow,202201401073,City,5,4.19999981,N,,,,(UNK),1062593,(N/A),(UNK),No Defects,1,1,Minor Arterial,4,1419,X002857752,Not Toll,73,1,1,Divided With Median Barrier,3,2945707.4369197,1907774.26816849,41.87988962,-87.78300956,,Urban,1,N,(N/A),Y,(N/A)
2022,2022-10-08,Saturday,17,05:00 PM,Property Damage,No Injuries,0,0,0,0,0,3,Front to Rear,11,N,N,Disregarding Traffic Signals,(N/A),Daylight,Clear,Dry,N,,,,,No Controls,Functioning Properly,N,2,41.8874265,-87.8049881,ok,(UNK),1,2201182,2022,,25,99,50000 and OVER,9,4295,Oak Park,C,Urban Other Principal Arte,,16,8,11926163,10,Cook,0,22,,,6,N,No,Free Flow,202201332299,City,1,19.13999939,Y,,,,(UNK),1062971,(N/A),(UNK),No Defects,1,1,Other Principal Arterial,3,348,X002794149,Not Toll,73,1,4,Not Divided,1,2939647.8507316,1910352.47534688,41.88741869,-87.80498225,,Urban,1,N,(N/A),Y,(N/A)
2022,2022-12-11,Sunday,9,09:27 AM,Property Damage,No Injuries,0,0,0,0,0,1,Fixed Object,6,N,N,Failing to Reduce Speed to Avoid Crash,Unable to Determine,Darkness / Lighted Road,Unknown,Unknown,N,,,,,Traffic Signal,Functioning Properly,Y,1,41.9090381,-87.7947704,ok,(UNK),1,2207659,2022,,28,18,50000 and OVER,9,4295,Oak Park,C,Urban Other Principal Arte,,16,11,11999367,12,Cook,0,22,BUILDING/FENCE,,7,N,No,Slow,202201401345,City,5,6.5,Y,,,,(UNK),1063191,(N/A),(UNK),Unknown,99,9,Other Principal Arterial,3,307,X002857990,Not Toll,73,3,4,"Divided, No Median Barrier",2,2942212.33622081,1918304.93328008,41.90903027,-87.79476462,,Urban,9,N,(N/A),N,(N/A)
2022,2022-11-21,Monday,21,09:40 PM,Property Damage,No Injuries,0,0,0,0,0,2,Sideswipe Same Direction,12,N,N,Improper Lane Usage,Improper Overtaking/Passing,Darkness / Lighted Road,Clear,Dry,N,,,,,Other,Functioning Properly,N,2,41.8712559,-87.7792584,ok,Partial Access Control,3,03-22-17052,2022,,20,4,50000 and OVER,9,4295,Oak Park,C,Urban InterState,,16,21,12000557,11,Cook,0,22,,,1,N,No,(UNK),202201402247,ISP,5,22.84000015,Y,,,,(UNK),1064508,(N/A),(UNK),No Defects,1,1,InterState,1,9290,X002859123,Not Toll,73,13,4,Divided With Median Barrier,3,2946818.2531795,1904653.5730387,41.87124804,-87.77925259,,Urban,1,N,(N/A),Y,(N/A)
2022,2022-11-22,Tuesday,2,02:28 AM,Injury,B Injury Crash,2,0,0,2,0,0,Front to Rear,11,N,N,Failing to Reduce Speed to Avoid Crash,Physical Condition of Driver,Darkness / Lighted Road,Clear,Dry,N,,,,,Other,Functioning Properly,N,2,41.8724922,-87.7939924,ok,Partial Access Control,3,03-22-17056,2022,,28,17,50000 and OVER,9,4295,Oak Park,C,Urban InterState,,16,22,12000558,11,Cook,2,22,,,2,N,No,(UNK),202201402248,ISP,5,22.06999969,Y,,,,(UNK),1064509,(N/A),(UNK),No Defects,1,1,InterState,1,9290,X002859124,Not Toll,73,13,4,Divided With Median Barrier,3,2942792.59961192,1904992.78523384,41.87248439,-87.79398657,,Urban,1,N,(N/A),Y,(N/A)
2022,2022-12-12,Monday,8,08:42 AM,Property Damage,No Injuries,0,0,0,0,0,2,Sideswipe Same Direction,12,N,N,Failing to Yield Right of Way,Unable to Determine,Daylight,Rain,Wet,N,,,,,Stop Sign,Functioning Properly,Y,2,41.8724517,-87.8044723,ok,(UNK),1,2207669,2022,,2,18,50000 and OVER,9,4295,Oak Park,C,Urban Other Principal Arte,,16,12,12000608,12,Cook,0,22,,,1,N,No,Slow,202201402328,City,1,20.17000008,Y,,,,(UNK),1064576,(N/A),(UNK),No Defects,1,2,Other Principal Arterial,3,348,X002859172,Not Toll,73,2,4,Not Divided,1,2939938.58255563,1904899.22891534,41.87244381,-87.80446647,,Urban,2,N,(N/A),Y,(N/A)
2022,2022-12-09,Friday,18,06:01 PM,Property Damage,No Injuries,0,0,0,0,0,3,Sideswipe Same Direction,12,N,N,Failing to Reduce Speed to Avoid Crash,Unable to Determine,Darkness / Lighted Road,Clear,Wet,N,,,,,No Controls,No Controls,N,3,41.9092379,-87.7770959,ok,(UNK),1,2207639,2022,,28,18,50000 and OVER,9,4295,Oak Park,C,Urban Other Principal Arte,,16,9,12000975,12,Cook,0,22,,,5,N,Yes,Free Flow,202201402782,City,5,7.4000001,Y,,,,(UNK),1065079,(N/A),(UNK),No Defects,1,2,Other Principal Arterial,3,307,X002859521,Not Toll,73,1,1,Not Divided,1,2947021.58602632,1918511.33202745,41.90923,-87.77709014,,Urban,1,N,(N/A),Y,(N/A)
2022,2022-04-19,Tuesday,7,07:45 AM,Property Damage,No Injuries,0,0,0,0,0,2,Front to Rear,11,N,N,Improper Lane Usage,Failing to Reduce Speed to Avoid Crash,Daylight,Clear,Dry,N,,,,,Other Warning Sign,Functioning Properly,Y,2,41.8734588,-87.8042045,ok,Partial Access Control,3,03-22-05277,2022,,20,28,50000 and OVER,9,4295,Oak Park,C,Urban InterState,,16,19,11704314,4,Cook,0,22,,,2,N,No,(UNK),202201121901,ISP,1,7.71000004,Y,,,,(UNK),1065298,(N/A),(UNK),No Defects,1,1,InterState,1,290,X002600255,Not Toll,,11,4,Divided With Median Barrier,3,2940001.39632061,1905268.26623915,41.87345098,-87.80419874,,Urban,1,N,(N/A),Y,(N/A)
2022,2022-04-19,Tuesday,8,08:42 AM,Property Damage,No Injuries,0,0,0,0,0,2,Sideswipe Same Direction,12,N,N,Improper Lane Usage,Failing to Reduce Speed to Avoid Crash,Daylight,Clear,Dry,N,,,,,Other Warning Sign,Functioning Properly,N,2,41.8712461,-87.7746601,ok,Partial Access Control,3,03-22-05283,2022,,20,28,50000 and OVER,9,4295,Oak Park,C,Urban InterState,,16,19,11704678,4,Cook,0,22,,,2,N,No,(UNK),202201122229,ISP,1,23.06999969,Y,,,,(UNK),1065663,(N/A),(UNK),No Defects,1,1,InterState,1,9290,X002600583,Not Toll,73,11,4,Divided With Median Barrier,3,2948070.80911493,1904684.87780714,41.87123821,-87.77465435,,Urban,1,N,(N/A),Y,(N/A)
2022,2022-12-11,Sunday,16,04:27 PM,Property Damage,No Injuries,0,0,0,0,0,2,Front to Rear,11,N,N,Following Too Closely,Unable to Determine,Darkness / Lighted Road,Clear,Dry,N,,,,,No Controls,No Controls,N,2,41.8760405,-87.8045976,ok,(UNK),1,22-3708,2022,,3,18,50000 and OVER,9,4295,Oak Park,C,Urban Other Principal Arte,,16,11,12001411,12,Cook,0,22,,,7,N,No,Free Flow,202201403316,City,5,19.93000031,Y,,,,(UNK),1065721,(N/A),(UNK),No Defects,1,1,Other Principal Arterial,3,348,X002859937,Not Toll,73,1,1,"Divided, No Median Barrier",2,2939868.43980647,1906206.12291023,41.87603264,-87.80459179,,Urban,1,N,(N/A),Y,(N/A)
2022,2022-04-14,Thursday,18,06:14 PM,Property Damage,No Injuries,0,0,0,0,0,2,Turning,10,N,N,Cell Phone Use Other Than Texting,Failing to Reduce Speed to Avoid Crash,Daylight,Clear,Dry,N,,,,,No Controls,No Controls,Y,2,41.9074306,-87.7768439,ok,(UNK),1,2202031,2022,,45,28,50000 and OVER,9,4295,Oak Park,C,Urban Local Road or Street,,16,14,11704789,4,Cook,0,22,,,4,N,No,Free Flow,202201122331,City,1,0,N,,,,(UNK),1065815,(N/A),(UNK),No Defects,1,1,Local Road or Street,7,,X002597487,Not Toll,73,1,1,Not Divided,1,2947108.54482448,1917854.64452018,41.90742275,-87.77683813,,Urban,1,N,(N/A),Y,(N/A)
2022,2022-04-08,Friday,13,01:00 PM,Injury,B Injury Crash,1,0,0,1,0,1,Front to Rear,11,N,N,Following Too Closely,Following Too Closely,Daylight,Rain,Wet,N,,,,,Other,Other,N,2,41.8737597,-87.8043459,ok,(UNK),3,03-22-04742,2022,,3,3,50000 and OVER,9,4295,Oak Park,C,Rural (UNK),,16,8,11705165,4,Cook,2,22,,,5,N,No,(UNK),202201122684,ISP,1,21.59000015,N,,,,(UNK),1066294,(N/A),(UNK),No Defects,1,2,(UNK),0,9290,X002601020,No Toll,73,13,7,Divided With Median Barrier,3,2939959.86559145,1905376.84432463,41.87375184,-87.80434014,,Rural,2,N,(N/A),Y,(N/A)
2022,2022-12-12,Monday,20,08:35 PM,Property Damage,No Injuries,0,0,0,0,0,1,Parked Motor Vehicle,9,N,N,Driving Skills/Knowledge/Experience,Unable to Determine,Darkness / Lighted Road,Clear,Dry,N,,,,,No Controls,No Controls,N,3,41.8952356,-87.7881522,ok,(UNK),1,2207688,2022,,15,18,50000 and OVER,9,4295,Oak Park,C,Urban Local Road or Street,,16,12,12001834,12,Cook,0,22,,,1,N,No,Slow,202201403777,City,5,0.95999998,N,,,,(UNK),1066299,(N/A),(UNK),No Defects,1,1,Local Road or Street,7,1016,X002860349,Not Toll,73,1,1,Not Divided,1,2944153.45037871,1913324.95537655,41.89522779,-87.78814642,,Urban,1,N,(N/A),Y,(N/A)