crash_year,crash_date,day_of_week,crash_hour,time_of_crash,crash_severity,crash_injury_severity,total_injured,total_fatals,a_injuries,b_injuries,c_injuries,no_injuries,type_of_first_crash,collision_type_code,pedestrian_involved,pedalcyclist_involved,cause1,cause2,lighting_cond,weather_cond,road_surface_cond,intersection_related,is_intersection,highway_or_street_name,at_intersection_with,address_no,traffic_control_device,traffic_control_device_cond,hit_and_run,number_of_vehicles,latitude,longitude,location_status,access_control,agency_code,agency_report_number,agency_report_year,alignment_code,cause1_code,cause2_code,city_class,city_class_code,city_code,city_name,city_township_flag,class_of_trafficway,class_of_trafficway_code,county_code,crash_day,crash_id,crash_month,crash_report_county,crash_severity_cd,crash_yr_source,damaged_property1,damaged_property2,day_of_week_code,did_crash_occur_in_work_zone,did_involve_secondary_crash,flow_condition,icn,investigating_agency_descrip,light_condition_code,mile_station,nhs,non_intersection_direction,non_intersection_distance,non_intersection_units,number_of_lanes,objectid,railroad_crossing_number,road_alignment,road_defects,road_defects_code,road_surface_condition_code,roadway_functional_class,roadway_functional_class_code,route_number,sfe,toll,township,traffic_control_device_code,traffic_control_device_cond_code,trafficway_descrip,trafficway_description_code,ts_crash_coordinate_x,ts_crash_coordinate_y,ts_crash_latitude,ts_crash_longitude,type_report,urban_rural,weather_code,were_workers_present,work_zone,work_zone_related,work_zone_type
2022,2022-12-14,Wednesday,0,00:59 AM,Property Damage,No Injuries,0,0,0,0,0,1,Fixed Object,6,N,N,Failing to Reduce Speed to Avoid Crash,Weather,Darkness / Lighted Road,Rain,Wet,N,,,,,Stop Sign,Functioning Properly,N,1,41.8885935,-87.7911473,ok,(UNK),1,2207709,2022,,28,11,50000 and OVER,9,4295,Oak Park,C,Urban Local Road or Street,,16,14,12001840,12,Cook,0,22,TREE,,3,N,No,Free Flow,202201403790,City,5,0.64999998,N,,,,(UNK),1066301,(N/A),(UNK),No Defects,1,2,Local Road or Street,7,2663,X002860355,Not Toll,73,2,4,Not Divided,1,2943405.02439827,1910881.83059134,41.88858566,-87.79114147,,Urban,2,N,(N/A),Y,(N/A)
2022,2022-12-13,Tuesday,17,05:35 PM,Property Damage,No Injuries,0,0,0,0,0,3,Turning,10,N,N,Failing to Yield Right of Way,Driving Skills/Knowledge/Experience,Darkness / Lighted Road,Cloudy/Overcast,Dry,Y,,,,,Stop Sign,Functioning Properly,N,2,41.8945279,-87.788126,ok,(UNK),1,2207702,2022,,2,15,50000 and OVER,9,4295,Oak Park,C,Urban Minor Arterial,,16,13,12001836,12,Cook,0,22,,,2,N,No,Free Flow,202201403779,City,5,0,N,,,,(UNK),1066303,(N/A),(UNK),No Defects,1,1,Minor Arterial,4,,X002860351,Not Toll,73,2,4,Not Divided,1,2944167.74942067,1913067.2484156,41.89452008,-87.78812018,,Urban,8,N,(N/A),Y,(N/A)
2022,2022-04-06,Wednesday,8,08:02 AM,Property Damage,No Injuries,0,0,0,0,0,3,Front to Rear,11,N,N,Failing to Reduce Speed to Avoid Crash,Following Too Closely,Daylight,Rain,Wet,N,,,,,Other,Functioning Properly,Y,3,41.8728583,-87.7978467,ok,Partial Access Control,3,03-22-04636,2022,,28,3,50000 and OVER,9,4295,Oak Park,C,Urban InterState,,16,6,11705249,4,Cook,0,22,,,3,N,No,(UNK),202201122763,ISP,1,21.88999939,Y,,,,(UNK),1066428,(N/A),(UNK),No Defects,1,2,InterState,1,9290,X002601101,Not Toll,73,13,4,Divided With Median Barrier,3,2941739.09335271,1905097.18123734,41.87285047,-87.79784095,,Urban,2,N,(N/A),Y,(N/A)
2022,2022-12-13,Tuesday,17,05:17 PM,Property Damage,No Injuries,0,0,0,0,0,4,Parked Motor Vehicle,9,N,N,Improper Lane Usage,(N/A),Darkness,Clear,Dry,Y,,,,,No Controls,No Controls,N,2,41.892923,-87.794626,ok,(UNK),1,2207701,2022,,20,99,50000 and OVER,9,4295,Oak Park,C,Urban Major Collector,,16,13,12002076,12,Cook,0,22,,,2,N,No,Slow,202201404105,City,4,0,N,,,,(UNK),1066620,(N/A),(UNK),No Defects,1,1,Major Collector,5,,X002860560,Not Toll,73,1,1,L-Intersection,20,2942414.12360254,1912433.35621682,41.89291514,-87.79462017,,Urban,1,N,(N/A),Y,(N/A)
2022,2022-04-18,Monday,17,05:16 PM,Injury,B Injury Crash,4,0,0,1,3,0,Turning,10,N,N,Failing to Yield Right of Way,Unable to Determine,Daylight,Cloudy/Overcast,Dry,Y,,,,,Stop Sign,Functioning Properly,N,2,41.8964671,-87.7800258,ok,(UNK),1,2202114,2022,,2,18,50000 and OVER,9,4295,Oak Park,C,Urban Local Road or Street,,16,18,11705462,4,Cook,2,22,PARKWAY,,1,N,Yes,Free Flow,202201122972,City,1,0,N,,,,(UNK),1066705,(N/A),(UNK),No Defects,1,1,Local Road or Street,7,,X002601307,Not Toll,73,2,4,Four Way,14,2946353.58336399,1913835.21019401,41.89645928,-87.78001999,,Urban,8,N,(N/A),Y,(N/A)
2022,2022-04-18,Monday,10,10:53 AM,Property Damage,No Injuries,0,0,0,0,0,1,Parked Motor Vehicle,9,N,N,Failing to Reduce Speed to Avoid Crash,(N/A),Daylight,Freezing Rain,Wet,N,,,,,No Controls,No Controls,Y,2,41.8800918,-87.7786693,ok,(UNK),1,2202095,2022,,28,99,50000 and OVER,9,4295,Oak Park,C,Urban Minor Arterial,,16,18,11705464,4,Cook,0,22,,,1,N,No,Free Flow,202201122974,City,1,0,N,,,,(UNK),1066706,(N/A),(UNK),No Defects,1,2,Minor Arterial,4,,X002601309,Not Toll,73,1,1,One-Way,10,2946889.08132792,1907877.99686177,41.88008392,-87.77866347,,Urban,10,N,(N/A),Y,(N/A)
2022,2022-04-13,Wednesday,21,09:14 PM,Injury,B Injury Crash,1,0,0,1,0,1,Pedalcyclist,2,N,Y,Driving Skills/Knowledge/Experience,Unable to Determine,Darkness / Lighted Road,Rain,Wet,N,,,,,No Controls,No Controls,Y,1,41.8688202,-87.7938764,ok,(UNK),1,2201991,2022,,15,18,50000 and OVER,9,4295,Oak Park,C,Urban Major Collector,,16,13,11705988,4,Cook,2,22,,,3,N,No,Slow,202201123464,City,5,0,N,,,,(UNK),1067370,(N/A),(UNK),No Defects,1,2,Major Collector,5,,X002601782,Not Toll,73,1,1,Not Divided,1,2942861.19687383,1903655.52310797,41.86881241,-87.79387059,,Urban,2,N,(N/A),Y,(N/A)
2022,2022-12-14,Wednesday,16,04:54 PM,Property Damage,No Injuries,0,0,0,0,0,2,Angle,15,N,N,Failing to Yield Right of Way,Failing to Reduce Speed to Avoid Crash,Darkness / Lighted Road,Rain,Wet,Y,,,,,Stop Sign,Functioning Properly,N,2,41.8715875,-87.7890758,ok,(UNK),1,2207724,2022,,2,28,50000 and OVER,9,4295,Oak Park,C,Urban Minor Collector,,16,14,12003113,12,Cook,0,22,,,3,N,No,Free Flow,202201405272,City,5,0,N,,,,(UNK),1068098,(N/A),(UNK),No Defects,1,2,Minor Collector,6,,X002861562,Not Toll,73,2,4,Four Way,14,2944140.87180199,1904700.16720479,41.87157968,-87.78906999,,Urban,2,N,(N/A),Y,(N/A)
2022,2022-12-14,Wednesday,17,05:01 PM,Property Damage,No Injuries,0,0,0,0,0,1,Parked Motor Vehicle,9,N,N,Failing to Reduce Speed to Avoid Crash,Unable to Determine,Daylight,Clear,Dry,N,,,,,No Controls,No Controls,Y,2,41.882565,-87.7970048,ok,(UNK),1,2207726,2022,,28,18,50000 and OVER,9,4295,Oak Park,C,Urban Local Road or Street,,16,14,12003130,12,Cook,0,22,,,3,N,No,Slow,202201405296,City,1,0.41999999,N,,,,(UNK),1068122,(N/A),(UNK),No Defects,1,1,Local Road or Street,7,2690,X002861577,Not Toll,73,1,1,Not Divided,1,2941870.71261584,1908640.79092768,41.88255711,-87.79699895,,Urban,1,N,(N/A),Y,(N/A)
2022,2022-12-08,Thursday,20,08:05 PM,Property Damage,No Injuries,0,0,0,0,0,3,Front to Rear,11,N,N,Following Too Closely,Failing to Reduce Speed to Avoid Crash,Darkness / Lighted Road,Clear,Dry,N,,,,,Other,Functioning Properly,N,2,41.8735011,-87.8044496,ok,Partial Access Control,3,03-22-17873,2022,,3,28,50000 and OVER,9,4295,Oak Park,C,Urban InterState,,16,8,12004256,12,Cook,0,22,,,4,N,No,(UNK),202201406162,ISP,5,7.69999981,Y,,,,(UNK),1069541,(N/A),(UNK),No Defects,1,1,InterState,1,290,X002862296,Not Toll,73,13,4,Divided With Median Barrier,3,2939934.2206081,1905281.83969153,41.87349327,-87.80444382,,Urban,1,N,(N/A),Y,(N/A)
2022,2022-12-15,Thursday,6,06:30 AM,Property Damage,No Injuries,0,0,0,0,0,2,Front to Rear,11,N,N,Failing to Reduce Speed to Avoid Crash,Following Too Closely,Dawn,Clear,Wet,N,,,,,Other,Functioning Properly,N,2,41.8712492,-87.7746921,ok,Partial Access Control,3,03-22-18222,2022,,28,3,50000 and OVER,9,4295,Oak Park,C,Urban InterState,,16,15,12004327,12,Cook,0,22,,,4,N,No,(UNK),202201406232,ISP,2,23.06999969,Y,,,,(UNK),1069613,(N/A),(UNK),No Defects,1,2,InterState,1,9290,X002862365,Not Toll,73,13,4,Divided With Median Barrier,3,2948062.05875646,1904685.78661395,41.87124137,-87.77468635,,Urban,1,N,(N/A),Y,(N/A)
2022,2022-12-12,Monday,16,04:15 PM,Property Damage,No Injuries,0,0,0,0,0,2,Front to Rear,11,N,N,Following Too Closely,Failing to Reduce Speed to Avoid Crash,Darkness / Lighted Road,Clear,Dry,N,,,,,Other Regualtory Sig,Functioning Properly,N,2,41.8727018,-87.7962948,ok,Partial Access Control,3,03-22-18093,2022,,3,28,50000 and OVER,9,4295,Oak Park,C,Urban InterState,,16,12,12004437,12,Cook,0,22,,,1,N,No,(UNK),202201406341,ISP,5,8.07999992,Y,,,,(UNK),1069705,(N/A),(UNK),No Defects,1,1,InterState,1,290,X002862473,Not Toll,,10,4,Divided With Median Barrier,3,2942163.366349,1905051.80225695,41.87269391,-87.79628903,,Urban,1,N,(N/A),Y,(N/A)
2022,2022-12-13,Tuesday,17,05:05 PM,Property Damage,No Injuries,0,0,0,0,0,2,Front to Rear,11,N,N,Following Too Closely,Failing to Reduce Speed to Avoid Crash,Darkness / Lighted Road,Clear,Dry,N,,,,,Other,Functioning Properly,N,2,41.8712472,-87.7746602,ok,Partial Access Control,3,03-22-18131,2022,,3,28,50000 and OVER,9,4295,Oak Park,C,Urban InterState,,16,13,12004446,12,Cook,0,22,,,2,N,No,(UNK),202201406350,ISP,5,23.06999969,Y,,,,(UNK),1069717,(N/A),(UNK),No Defects,1,1,InterState,1,9290,X002862482,Not Toll,73,13,4,Divided With Median Barrier,3,2948070.7692739,1904685.30247825,41.87123938,-87.77465445,,Urban,1,N,(N/A),Y,(N/A)
2022,2022-02-09,Wednesday,7,07:30 AM,Property Damage,No Injuries,0,0,0,0,0,2,Front to Rear,11,N,N,Unable to Determine,(N/A),Unknown,Unknown,Unknown,Y,,,,,Traffic Signal,Unknown,N,2,41.8762738,-87.784366,ok,(UNK),1,2201267,2022,,18,99,50000 and OVER,9,4295,Oak Park,C,Urban Major Collector,,16,9,11661452,2,Cook,0,22,,,3,N,No,Slow,202201082178,City,9,0,N,,,,(UNK),1069727,(N/A),(UNK),Unknown,99,9,Major Collector,5,,X002562932,Not Toll,73,3,9,Not Divided,1,2945376.28487275,1906443.52220114,41.87626596,-87.78436018,,Urban,9,N,(N/A),N,(N/A)
2022,2022-12-13,Tuesday,9,09:03 AM,Property Damage,No Injuries,0,0,0,0,0,2,Front to Rear,11,N,N,Failing to Reduce Speed to Avoid Crash,Following Too Closely,Darkness / Lighted Road,Rain,Wet,N,,,,,Other,Functioning Properly,N,2,41.8723184,-87.7746147,ok,(UNK),3,03-22-18147,2022,,28,3,50000 and OVER,9,4295,Oak Park,C,Rural (UNK),,16,13,12004499,12,Cook,0,22,,,2,N,No,(UNK),202201406404,ISP,5,0,N,,,,(UNK),1069770,(N/A),(UNK),Shoulders,6,2,(UNK),0,,X002862533,No Toll,,13,4,Divided With Median Barrier,3,2948072.29893786,1905075.98730829,41.87231051,-87.77460888,,Rural,2,N,(N/A),N,(N/A)
2022,2022-04-20,Wednesday,16,04:53 PM,Injury,C Injury Crash,1,0,0,0,1,1,Angle,15,N,N,Failing to Yield Right of Way,Failing to Reduce Speed to Avoid Crash,Daylight,Rain,Wet,Y,,,,,Stop Sign,Functioning Properly,N,2,41.8944478,-87.7928061,ok,(UNK),1,2202155,2022,,2,28,50000 and OVER,9,4295,Oak Park,C,Urban Minor Arterial,,16,20,11708616,4,Cook,1,22,,,3,N,No,Slow,202201125096,City,1,0,N,,,,(UNK),1069796,(N/A),(UNK),No Defects,1,2,Minor Arterial,4,,X002603326,Not Toll,73,2,4,"Divided, No Median Barrier",2,2942894.27317215,1913002.75417574,41.89444,-87.79280027,,Urban,2,N,(N/A),Y,(N/A)
2022,2022-04-19,Tuesday,15,03:41 PM,Property Damage,No Injuries,0,0,0,0,0,2,Sideswipe Same Direction,12,N,N,Unable to Determine,(N/A),Daylight,Clear,Dry,N,,,,,No Controls,No Controls,Y,2,41.8946274,-87.7800619,ok,(UNK),1,2202133,2022,,18,99,50000 and OVER,9,4295,Oak Park,C,Urban Minor Arterial,,16,19,11708613,4,Cook,0,22,,,2,N,No,Free Flow,202201125094,City,1,3.86999989,N,,,,(UNK),1069807,(N/A),(UNK),No Defects,1,1,Minor Arterial,4,1398,X002603324,Not Toll,73,1,1,Not Divided,1,2946362.39686493,1913164.49896288,41.89461954,-87.78005615,,Urban,1,N,(N/A),Y,(N/A)
2022,2022-12-10,Saturday,22,10:27 PM,Property Damage,No Injuries,0,0,0,0,0,2,Front to Rear,11,N,N,Following Too Closely,Failing to Reduce Speed to Avoid Crash,Darkness / Lighted Road,Clear,Wet,N,,,,,Other Regualtory Sig,Functioning Properly,N,2,41.8714446,-87.7778204,ok,Partial Access Control,3,03-22-18011,2022,,3,28,50000 and OVER,9,4295,Oak Park,C,Urban InterState,,16,10,12004890,12,Cook,0,22,,,6,N,No,(UNK),202201406792,ISP,5,22.90999985,Y,,,,(UNK),1070223,(N/A),(UNK),No Defects,1,2,InterState,1,9290,X002862892,Not Toll,73,10,4,Divided With Median Barrier,3,2947208.00133371,1904733.255987,41.87143678,-87.77781465,,Urban,1,N,(N/A),Y,(N/A)
2022,2022-12-14,Wednesday,1,01:35 AM,Property Damage,No Injuries,0,0,0,0,0,2,Turning,10,N,N,Improper Turning/No Signal,Failing to Reduce Speed to Avoid Crash,Darkness / Lighted Road,Rain,Wet,Y,,,,,Traffic Signal,Functioning Properly,N,2,41.8727916,-87.7747548,ok,(UNK),3,03-22-18150,2022,,6,28,50000 and OVER,9,4295,Oak Park,C,Urban Local Road or Street,,16,14,12004911,12,Cook,0,22,,,3,N,No,(UNK),202201406816,ISP,5,0.49000001,N,,,,(UNK),1070290,(N/A),(UNK),No Defects,1,2,Local Road or Street,7,4060,X002862912,Not Toll,,3,4,Four Way,14,2948029.33204381,1905247.38100553,41.87278375,-87.77474897,,Urban,2,N,(N/A),Y,(N/A)
2022,2022-12-07,Wednesday,6,06:37 AM,Property Damage,No Injuries,0,0,0,0,0,2,Front to Rear,11,N,N,Failing to Reduce Speed to Avoid Crash,Driving Skills/Knowledge/Experience,Darkness / Lighted Road,Clear,Dry,N,,,,,No Controls,No Controls,N,2,41.872329,-87.7886652,ok,Partial Access Control,3,03-22-17783,2022,,28,15,50000 and OVER,9,4295,Oak Park,C,Urban InterState,,16,7,12004920,12,Cook,0,22,,,3,N,No,(UNK),202201406828,ISP,5,22.35000038,Y,,,,(UNK),1070293,(N/A),(UNK),No Defects,1,1,InterState,1,9290,X002862921,Not Toll,73,1,1,Divided With Median Barrier,3,2944245.20205567,1904973.48032123,41.87232117,-87.78865945,,Urban,1,N,(N/A),Y,(N/A)
2022,2022-12-15,Thursday,10,10:53 AM,Property Damage,No Injuries,0,0,0,0,0,3,Angle,15,N,N,Failing to Reduce Speed to Avoid Crash,Failing to Yield Right of Way,Daylight,Clear,Dry,Y,,,,,Stop Sign,Functioning Properly,N,2,41.8753806,-87.8021341,ok,(UNK),1,2207738,2022,,28,2,50000 and OVER,9,4295,Oak Park,C,Urban Local Road or Street,,16,15,12004967,12,Cook,0,22,,,4,N,No,Free Flow,202201406890,City,1,0.07,N,,,,(UNK),1070371,(N/A),(UNK),No Defects,1,1,Local Road or Street,7,4030,X002862968,Not Toll,73,2,4,"Divided, No Median Barrier",2,2940546.00821838,1905984.14007822,41.87537278,-87.80212832,,Urban,1,N,(N/A),Y,(N/A)
2022,2022-11-11,Friday,17,05:00 PM,Property Damage,No Injuries,0,0,0,0,0,2,Front to Rear,11,N,N,Unable to Determine,Unable to Determine,Darkness,Clear,Dry,Y,,,,,Traffic Signal,Functioning Properly,Y,2,41.8796677,-87.8047358,ok,(UNK),1,22-03423,2022,,18,18,50000 and OVER,9,4295,Oak Park,C,Urban Other Principal Arte,,16,11,12005200,11,Cook,0,22,,,5,N,No,Free Flow,202201407231,City,4,26.02000046,Y,,,,(UNK),1070655,(N/A),(UNK),No Defects,1,1,Other Principal Arterial,3,5043,X002863192,Not Toll,73,3,4,"Divided, No Median Barrier",2,2939794.40317184,1907526.90764181,41.87965986,-87.80472999,,Urban,1,N,(N/A),Y,(N/A)
2022,2022-04-18,Monday,17,05:55 PM,Property Damage,No Injuries,0,0,0,0,0,2,Sideswipe Same Direction,12,N,N,Improper Lane Usage,Driving Skills/Knowledge/Experience,Daylight,Clear,Dry,N,,,,,Other Regualtory Sig,Functioning Properly,Y,2,41.8712702,-87.775028,ok,Partial Access Control,3,03-22-05436,2022,,20,15,50000 and OVER,9,4295,Oak Park,C,Urban InterState,,16,18,11709319,4,Cook,0,22,,,1,N,No,(UNK),202201125743,ISP,1,23.04999924,Y,,,,(UNK),1071243,(N/A),(UNK),No Defects,1,1,InterState,1,9290,X002603967,Not Toll,73,10,4,Divided With Median Barrier,3,2947970.3596891,1904690.88331246,41.87126236,-87.77502223,,Urban,1,N,(N/A),Y,(N/A)
2022,2022-04-21,Thursday,17,05:55 PM,Property Damage,No Injuries,0,0,0,0,0,2,Rear to Side,16,N,N,Improper Backing,Failing to Reduce Speed to Avoid Crash,Daylight,Clear,Dry,N,,,,,No Controls,No Controls,N,2,41.8651385,-87.796486,ok,(UNK),1,2202181,2022,,30,28,50000 and OVER,9,4295,Oak Park,C,Urban Other Principal Arte,,16,21,11709587,4,Cook,0,22,,,4,N,No,Free Flow,202201125988,City,1,6.38999987,Y,,,,(UNK),1071789,(N/A),(UNK),No Defects,1,1,Other Principal Arterial,3,347,X002604217,Not Toll,52,1,1,Alley,12,2942187.43850412,1902294.16876558,41.86513062,-87.7964802,,Urban,1,N,(N/A),Y,(N/A)
2022,2022-04-21,Thursday,11,11:48 AM,Property Damage,No Injuries,0,0,0,0,0,3,Sideswipe Same Direction,12,N,N,Improper Lane Usage,Failing to Reduce Speed to Avoid Crash,Daylight,Clear,Dry,N,,,,,Traffic Signal,Functioning Properly,N,2,41.8886778,-87.8000992,ok,(UNK),1,2202169,2022,,20,28,50000 and OVER,9,4295,Oak Park,C,Urban Major Collector,,16,21,11709585,4,Cook,0,22,,,4,N,No,Free Flow,202201125986,City,1,0,N,,,,(UNK),1071790,(N/A),(UNK),No Defects,1,1,Major Collector,5,1405,X002604215,Not Toll,73,3,4,"Divided, No Median Barrier",2,2940966.54763372,1910845.17367627,41.88867,-87.80009337,,Urban,1,N,(N/A),Y,(N/A)
2022,2022-04-20,Wednesday,16,04:38 PM,Property Damage,No Injuries,0,0,0,0,0,5,Turning,10,N,N,Failing to Reduce Speed to Avoid Crash,Vision Obscured,Daylight,Rain,Wet,Y,,,,,Stop Sign,Functioning Properly,N,3,41.8651585,-87.7950728,ok,(UNK),1,2202156,2022,,28,14,50000 and OVER,9,4295,Oak Park,C,Urban Other Principal Arte,,16,20,11709586,4,Cook,0,22,,,3,N,Yes,Free Flow,202201125987,City,1,0,Y,,,,(UNK),1071811,(N/A),(UNK),No Defects,1,2,Other Principal Arterial,3,,X002604216,Not Toll,52,2,4,Four Way,14,2942572.19133978,1902312.09167247,41.86515062,-87.79506702,,Urban,2,N,(N/A),Y,(N/A)
2022,2022-04-19,Tuesday,17,05:10 PM,Property Damage,No Injuries,0,0,0,0,0,1,Parked Motor Vehicle,9,N,N,Unable to Determine,(N/A),Daylight,Clear,Dry,N,,,,,No Controls,No Controls,N,2,41.8659713,-87.7778073,ok,(UNK),1,2202141,2022,,18,99,50000 and OVER,9,4295,Oak Park,C,Urban Local Road or Street,,16,19,11709593,4,Cook,0,22,,,2,N,No,Slow,202201125993,City,1,0.31,N,,,,(UNK),1071816,(N/A),(UNK),No Defects,1,1,Local Road or Street,7,2613,X002604222,Not Toll,73,1,1,Not Divided,1,2947267.1139356,1902738.78389778,41.86596348,-87.77780151,,Urban,1,N,(N/A),Y,(N/A)
2022,2022-04-19,Tuesday,16,04:46 PM,Property Damage,No Injuries,0,0,0,0,0,3,Angle,15,N,N,Failing to Yield Right of Way,Unable to Determine,Daylight,Clear,Dry,Y,,,,,Stop Sign,Functioning Properly,N,2,41.8834466,-87.7845458,ok,(UNK),1,2202138,2022,,2,18,50000 and OVER,9,4295,Oak Park,C,Urban Major Collector,,16,19,11709589,4,Cook,0,22,,,2,N,No,Free Flow,202201125990,City,1,0,N,,,,(UNK),1071817,(N/A),(UNK),No Defects,1,1,Major Collector,5,,X002604219,Not Toll,73,2,4,Four Way,14,2945254.70865501,1909056.05600835,41.88343874,-87.78454003,,Urban,1,N,(N/A),Y,(N/A)
2022,2022-02-05,Saturday,2,02:00 AM,Property Damage,No Injuries,0,0,0,0,0,2,Turning,10,N,N,Failing to Yield Right of Way,Improper Turning/No Signal,Darkness / Lighted Road,Clear,Dry,Y,,,,,Traffic Signal,Functioning Properly,N,2,41.8736414,-87.8045241,ok,Partial Access Control,1,22-00417,2022,,2,6,50000 and OVER,9,4295,Oak Park,C,Urban InterState,,16,5,11619402,2,Cook,0,22,,,6,N,No,Free Flow,202201043325,City,5,25.61000061,Y,,,,(UNK),1072036,(N/A),(UNK),No Defects,1,1,InterState,1,5043,X002527604,Not Toll,73,3,4,Divided With Median Barrier,3,2939912.52938551,1905332.40724381,41.87363357,-87.80451829,,Urban,1,N,(N/A),Y,(N/A)
2022,2022-10-10,Monday,12,12:24 PM,Property Damage,No Injuries,0,0,0,0,0,1,Parked Motor Vehicle,9,N,N,Improper Lane Usage,Unable to Determine,Daylight,Clear,Dry,N,,,,,No Controls,No Controls,N,2,41.8837751,-87.7796761,ok,(UNK),1,2206262,2022,,20,18,50000 and OVER,9,4295,Oak Park,C,Urban Local Road or Street,,16,10,11938778,10,Cook,0,22,,,1,N,No,Free Flow,202201344354,City,1,0.30000001,N,,,,(UNK),1073475,(N/A),(UNK),No Defects,1,1,Local Road or Street,7,3794,X002805100,Not Toll,73,1,1,Not Divided,1,2946577.52578704,1909212.642222,41.88376726,-87.77967031,,Urban,1,N,(N/A),Y,(N/A)
2022,2022-12-25,Sunday,16,04:38 PM,Property Damage,No Injuries,0,0,0,0,0,2,Sideswipe Same Direction,12,N,N,Improper Lane Usage,Failing to Reduce Speed to Avoid Crash,Daylight,Clear,Dry,N,,,,,No Controls,No Controls,Y,2,41.8728412,-87.7940076,ok,(UNK),1,2207955,2022,,20,28,50000 and OVER,9,4295,Oak Park,C,Urban Major Collector,,16,25,12017943,12,Cook,0,22,,,7,N,No,Free Flow,202201421008,City,1,6.63000011,N,,,,(UNK),1074371,(N/A),(UNK),No Defects,1,1,Major Collector,5,2775,X002875201,Not Toll,73,1,1,"Divided, No Median Barrier",2,2942784.93557721,1905119.84988775,41.87283338,-87.79400179,,Urban,1,N,(N/A),Y,(N/A)
2022,2022-04-16,Saturday,11,11:16 AM,Property Damage,No Injuries,0,0,0,0,0,6,Sideswipe Same Direction,12,N,N,Equipment-Vehicle Condition,Improper Lane Usage,Daylight,Clear,Dry,N,,,,,Other Regualtory Sig,Functioning Properly,N,3,41.8731243,-87.8006891,ok,Partial Access Control,3,03-22-05143,2022,,10,20,50000 and OVER,9,4295,Oak Park,C,Urban InterState,,16,16,11710525,4,Cook,0,22,,,6,N,No,(UNK),202201126883,ISP,1,7.88000011,Y,,,,(UNK),1074625,(N/A),(UNK),No Defects,1,1,InterState,1,290,X002605114,Not Toll,,10,4,Divided With Median Barrier,3,2940962.26299704,1905172.73505082,41.87311642,-87.80068325,,Urban,1,N,(N/A),Y,(N/A)
2022,2022-12-10,Saturday,19,07:12 PM,Property Damage,No Injuries,0,0,0,0,0,4,Front to Rear,11,N,N,Failing to Reduce Speed to Avoid Crash,Following Too Closely,Darkness / Lighted Road,Rain,Wet,N,,,,,No Controls,No Controls,N,2,41.8715717,-87.7798077,ok,Partial Access Control,3,03-22-17999,2022,,28,3,50000 and OVER,9,4295,Oak Park,C,Urban InterState,,16,10,12009937,12,Cook,0,22,,,6,N,No,(UNK),202201412133,ISP,5,22.80999947,Y,,,,(UNK),1074705,(N/A),(UNK),No Defects,1,2,InterState,1,9290,X002867585,Not Toll,73,1,1,Divided With Median Barrier,3,2946665.43705047,1904764.49145323,41.87156384,-87.77980188,,Urban,2,N,(N/A),Y,(N/A)
2022,2022-12-24,Saturday,13,01:50 PM,Property Damage,No Injuries,0,0,0,0,0,2,Other Object,7,N,N,Failing to Reduce Speed to Avoid Crash,Following Too Closely,Daylight,Clear,Dry,N,,,,,No Controls,Functioning Properly,N,2,41.8734497,-87.8039223,ok,Partial Access Control,3,03-22-18897,2022,,28,3,50000 and OVER,9,4295,Oak Park,C,Urban InterState,,16,24,12018613,12,Cook,0,22,,,6,N,No,(UNK),202201421693,ISP,1,7.73000002,Y,,,,(UNK),1075941,(N/A),(UNK),No Defects,1,1,InterState,1,290,X002875836,Not Toll,73,1,4,Divided With Median Barrier,3,2940078.35405057,1905267.07521571,41.8734419,-87.80391653,,Urban,1,N,(N/A),Y,(N/A)
2022,2022-12-14,Wednesday,14,02:30 PM,Property Damage,No Injuries,0,0,0,0,0,2,Front to Rear,11,N,N,Following Too Closely,Failing to Reduce Speed to Avoid Crash,Daylight,Rain,Wet,N,,,,,Other,Functioning Properly,N,2,41.8724543,-87.79355,ok,Partial Access Control,3,03-22-18181,2022,,3,28,50000 and OVER,9,4295,Oak Park,C,Urban InterState,,16,14,12013378,12,Cook,0,22,,,3,N,No,(UNK),202201416222,ISP,1,8.21000004,Y,,,,(UNK),1076152,(N/A),(UNK),No Defects,1,2,InterState,1,290,X002870879,Not Toll,73,13,4,Not Divided,1,2942913.48186749,1904982.29113041,41.87244645,-87.79354416,,Urban,2,N,(N/A),Y,(N/A)
2022,2022-12-09,Friday,17,05:11 PM,Property Damage,No Injuries,0,0,0,0,0,2,Front to Rear,11,N,N,Failing to Reduce Speed to Avoid Crash,Driving Skills/Knowledge/Experience,Darkness / Lighted Road,Cloudy/Overcast,Wet,N,,,,,Delineators,Functioning Properly,N,2,41.8736136,-87.8037948,ok,Partial Access Control,3,03-22-17925,2022,,28,15,50000 and OVER,9,4295,Oak Park,C,Urban InterState,,16,9,12014358,12,Cook,0,22,,,5,N,No,(UNK),202201417338,ISP,5,0.20999999,Y,,,,(UNK),1076258,(N/A),(UNK),No Defects,1,2,InterState,1,290,X002871841,Not Toll,,14,4,Divided With Median Barrier,3,2940111.43822349,1905327.74925155,41.87360577,-87.80378902,,Urban,8,N,(N/A),Y,(N/A)