crash_year,crash_date,day_of_week,crash_hour,time_of_crash,crash_severity,crash_injury_severity,total_injured,total_fatals,a_injuries,b_injuries,c_injuries,no_injuries,type_of_first_crash,collision_type_code,pedestrian_involved,pedalcyclist_involved,cause1,cause2,lighting_cond,weather_cond,road_surface_cond,intersection_related,is_intersection,highway_or_street_name,at_intersection_with,address_no,traffic_control_device,traffic_control_device_cond,hit_and_run,number_of_vehicles,latitude,longitude,location_status,access_control,agency_code,agency_report_number,agency_report_year,alignment_code,cause1_code,cause2_code,city_class,city_class_code,city_code,city_name,city_township_flag,class_of_trafficway,class_of_trafficway_code,county_code,crash_day,crash_id,crash_month,crash_report_county,crash_severity_cd,crash_yr_source,damaged_property1,damaged_property2,day_of_week_code,did_crash_occur_in_work_zone,did_involve_secondary_crash,flow_condition,icn,investigating_agency_descrip,light_condition_code,mile_station,nhs,non_intersection_direction,non_intersection_distance,non_intersection_units,number_of_lanes,objectid,railroad_crossing_number,road_alignment,road_defects,road_defects_code,road_surface_condition_code,roadway_functional_class,roadway_functional_class_code,route_number,sfe,toll,township,traffic_control_device_code,traffic_control_device_cond_code,trafficway_descrip,trafficway_description_code,ts_crash_coordinate_x,ts_crash_coordinate_y,ts_crash_latitude,ts_crash_longitude,type_report,urban_rural,weather_code,were_workers_present,work_zone,work_zone_related,work_zone_type
2022,2022-12-24,Saturday,17,05:26 PM,Property Damage,No Injuries,0,0,0,0,0,2,Turning,10,N,N,Unable to Determine,Unable to Determine,Darkness / Lighted Road,Clear,Ice,Y,,,,,Stop Sign,Functioning Properly,N,2,41.8979786,-87.799246,ok,(UNK),1,2207946,2022,,18,18,50000 and OVER,9,4295,Oak Park,C,Urban Local Road or Street,,16,24,12019798,12,Cook,0,22,FENCE,,6,N,No,Slow,202201422815,City,5,0,N,,,,(UNK),1077706,(N/A),(UNK),No Defects,1,4,Local Road or Street,7,,X002876943,Not Toll,73,2,4,Not Divided,1,2941105.29867273,1914240.94258256,41.89797072,-87.7992402,,Urban,1,N,(N/A),Y,(N/A)
2022,2022-12-25,Sunday,21,09:22 PM,Property Damage,No Injuries,0,0,0,0,0,3,Turning,10,N,N,Unable to Determine,Unable to Determine,Darkness / Lighted Road,Clear,Wet,Y,,,,,Traffic Signal,Functioning Properly,Y,2,41.8882279,-87.781437,ok,(UNK),1,2207959,2022,,18,18,50000 and OVER,9,4295,Oak Park,C,Urban Major Collector,,16,25,12019835,12,Cook,0,22,,,7,N,No,Free Flow,202201422851,City,5,0,N,,,,(UNK),1077769,(N/A),(UNK),No Defects,1,2,Major Collector,5,,X002876980,Not Toll,73,3,4,Four Way,14,2946052.85168196,1910821.97895542,41.88822004,-87.78143125,,Urban,1,N,(N/A),Y,(N/A)
2022,2022-12-25,Sunday,23,11:50 PM,Property Damage,No Injuries,0,0,0,0,0,4,Front to Rear,11,N,N,Failing to Reduce Speed to Avoid Crash,Following Too Closely,Darkness / Lighted Road,Cloudy/Overcast,Ice,N,,,,,Traffic Signal,Functioning Properly,N,2,41.8709886,-87.7841711,ok,(UNK),1,2207960,2022,,28,3,50000 and OVER,9,4295,Oak Park,C,Urban Major Collector,,16,25,12019837,12,Cook,0,22,,,7,N,No,Slow,202201422852,City,5,0,N,,,,(UNK),1077770,(N/A),(UNK),No Defects,1,4,Major Collector,5,,X002876981,Not Toll,73,3,4,Not Divided,1,2945482.85931652,1904518.98183245,41.87098079,-87.78416526,,Urban,8,N,(N/A),Y,(N/A)
2022,2022-12-26,Monday,13,01:27 PM,Property Damage,No Injuries,0,0,0,0,0,2,Angle,15,N,N,Failing to Yield Right of Way,Unable to Determine,Daylight,Snow,Wet,Y,,,,,Stop Sign,Functioning Properly,Y,2,41.8944951,-87.78977,ok,(UNK),1,2207968,2022,,2,18,50000 and OVER,9,4295,Oak Park,C,Urban Minor Arterial,,16,26,12019839,12,Cook,0,22,,,1,N,No,Free Flow,202201422854,City,1,0,N,,,,(UNK),1077783,(N/A),(UNK),No Defects,1,2,Minor Arterial,4,,X002876983,Not Toll,73,2,4,Four Way,14,2943720.44568685,1913042.87815013,41.89448726,-87.78976422,,Urban,3,N,(N/A),Y,(N/A)
2022,2022-12-27,Tuesday,6,06:55 AM,Property Damage,No Injuries,0,0,0,0,0,3,Front to Rear,11,N,N,Failing to Reduce Speed to Avoid Crash,Driving Skills/Knowledge/Experience,Daylight,Clear,Wet,N,,,,,Other,Functioning Properly,N,3,41.8717787,-87.782306,ok,Partial Access Control,3,03-22-18978,2022,,28,15,50000 and OVER,9,4295,Oak Park,C,Urban InterState,,16,27,12019907,12,Cook,0,22,,,2,N,No,(UNK),202201422922,ISP,1,22.68000031,Y,,,,(UNK),1077881,(N/A),(UNK),No Defects,1,2,InterState,1,9290,X002877046,Not Toll,73,13,4,Divided With Median Barrier,3,2945982.84893696,1904821.01385313,41.87177087,-87.78230024,,Urban,1,N,(N/A),Y,(N/A)
2022,2022-04-20,Wednesday,15,03:52 PM,Property Damage,No Injuries,0,0,0,0,0,2,Angle,15,N,N,Failing to Yield Right of Way,Unable to Determine,Daylight,Cloudy/Overcast,Dry,N,,,,,No Controls,No Controls,Y,2,41.879806,-87.7885818,ok,(UNK),1,2202154,2022,,2,18,50000 and OVER,9,4295,Oak Park,C,Urban Minor Arterial,,16,20,11712197,4,Cook,0,22,,,3,N,No,Free Flow,202201128363,City,1,3.9000001,N,,,,(UNK),1078214,(N/A),(UNK),Worn Surface,8,1,Minor Arterial,4,1419,X002606577,Not Toll,73,1,1,Alley,12,2944192.40441852,1907698.84710356,41.87979812,-87.78857597,,Urban,8,N,(N/A),N,(N/A)
2022,2022-04-25,Monday,6,06:49 AM,Property Damage,No Injuries,0,0,0,0,0,2,Front to Rear,11,N,N,Failing to Reduce Speed to Avoid Crash,Following Too Closely,Daylight,Clear,Dry,N,,,,,Other Warning Sign,Functioning Properly,N,2,41.8728893,-87.7948792,ok,(UNK),3,03-22-05564,2022,,28,3,50000 and OVER,9,4295,Oak Park,C,Urban Local Road or Street,,16,25,11712221,4,Cook,0,22,,,1,N,No,(UNK),202201128382,ISP,1,0.46000001,N,,,,(UNK),1078254,(N/A),(UNK),No Defects,1,1,Local Road or Street,7,290,X002606596,Not Toll,,11,4,Divided With Median Barrier,3,2942547.0532564,1905130.80801802,41.87288146,-87.79487339,,Urban,1,N,(N/A),Y,(N/A)
2022,2022-04-17,Sunday,12,12:30 PM,Property Damage,No Injuries,0,0,0,0,0,2,Front to Rear,11,N,N,Following Too Closely,Failing to Reduce Speed to Avoid Crash,Daylight,Clear,Dry,N,,,,,No Controls,No Controls,N,2,41.8737781,-87.8045294,ok,Partial Access Control,3,03-22-05410,2022,,3,28,50000 and OVER,9,4295,Oak Park,C,Urban InterState,,16,17,11712466,4,Cook,0,22,,,7,N,No,(UNK),202201128614,ISP,1,21.61000061,Y,,,,(UNK),1078697,(N/A),(UNK),No Defects,1,1,InterState,1,9290,X002606832,Not Toll,73,1,1,Divided With Median Barrier,3,2939909.71789606,1905382.17648034,41.87377025,-87.80452358,,Urban,1,N,(N/A),Y,(N/A)
2022,2022-12-26,Monday,18,06:15 PM,Property Damage,No Injuries,0,0,0,0,0,2,Front to Rear,11,N,N,Following Too Closely,Failing to Reduce Speed to Avoid Crash,Darkness / Lighted Road,Unknown,Unknown,N,,,,,Other Warning Sign,Functioning Properly,Y,2,41.8733153,-87.802542,ok,Partial Access Control,3,03-22-19076,2022,,3,28,50000 and OVER,9,4295,Oak Park,C,Urban InterState,,16,26,12020686,12,Cook,0,22,,,1,N,No,(UNK),202201423705,ISP,5,7.78999996,Y,,,,(UNK),1079032,(N/A),(UNK),No Defects,1,9,InterState,1,290,X002877806,Not Toll,73,11,4,Divided With Median Barrier,3,2940455.66978915,1905228.4244418,41.87330742,-87.80253617,,Urban,9,N,(N/A),Y,(N/A)
2022,2022-04-24,Sunday,11,11:50 AM,Property Damage,No Injuries,0,0,0,0,0,6,Sideswipe Same Direction,12,N,N,Following Too Closely,Weather,Daylight,Rain,Wet,Y,,,,,No Controls,No Controls,N,2,41.9089493,-87.7981106,ok,(UNK),1,2202236,2022,,3,11,50000 and OVER,9,4295,Oak Park,C,Urban Other Principal Arte,,16,24,11712703,4,Cook,0,22,,,7,N,No,Free Flow,202201128835,City,1,129.57000732,Y,,,,(UNK),1079169,(N/A),(UNK),No Defects,1,2,Other Principal Arterial,3,5064,X002607042,Not Toll,73,1,1,Divided With Median Barrier,3,2941303.98491823,1918247.44351949,41.90894149,-87.79810479,,Urban,2,N,(N/A),Y,(N/A)
2022,2022-04-22,Friday,15,03:56 PM,Property Damage,No Injuries,0,0,0,0,0,4,Front to Rear,11,N,N,Failing to Reduce Speed to Avoid Crash,Unable to Determine,Daylight,Rain,Wet,N,,,,,No Controls,No Controls,Y,2,41.9089096,-87.8013237,ok,(UNK),1,2202204,2022,,28,18,50000 and OVER,9,4295,Oak Park,C,Urban Other Principal Arte,,16,22,11712704,4,Cook,0,22,,,5,N,No,Stopped,202201128836,City,1,129.3999939,Y,,,,(UNK),1079194,(N/A),(UNK),No Defects,1,2,Other Principal Arterial,3,5064,X002607043,Not Toll,73,1,1,Divided With Median Barrier,3,2940429.73633655,1918208.81620136,41.90890176,-87.80131785,,Urban,2,N,(N/A),Y,(N/A)
2022,2022-04-18,Monday,20,08:15 PM,Property Damage,No Injuries,0,0,0,0,0,1,Parked Motor Vehicle,9,N,N,Improper Backing,(N/A),Darkness / Lighted Road,Unknown,Unknown,N,,,,,No Controls,No Controls,N,2,41.8821234,-87.7749078,ok,(UNK),1,2202217,2022,,30,99,50000 and OVER,9,4295,Oak Park,C,Urban Major Collector,,16,18,11712706,4,Cook,0,22,,,1,N,No,Free Flow,202201128838,City,5,1.52999997,N,,,,(UNK),1079195,(N/A),(UNK),No Defects,1,9,Major Collector,5,5,X002607045,Not Toll,73,1,1,"Divided, No Median Barrier",2,2947892.81895765,1908646.88539754,41.8821155,-87.77490205,,Urban,9,N,(N/A),Y,(N/A)
2022,2022-04-23,Saturday,20,08:25 PM,Property Damage,No Injuries,0,0,0,0,0,5,Angle,15,N,N,Failing to Yield Right of Way,Failing to Reduce Speed to Avoid Crash,Darkness / Lighted Road,Clear,Dry,Y,,,,,Stop Sign,Functioning Properly,N,2,41.8670469,-87.7901527,ok,(UNK),1,2202230,2022,,2,28,50000 and OVER,9,4295,Oak Park,C,Urban Local Road or Street,,16,23,11712722,4,Cook,0,22,,,6,N,No,Free Flow,202201128854,City,5,0,N,,,,(UNK),1079213,(N/A),(UNK),No Defects,1,1,Local Road or Street,7,,X002607060,Not Toll,73,2,4,Not Divided,1,2943893.39017452,1903037.36984365,41.86703909,-87.79014687,,Urban,1,N,(N/A),Y,(N/A)
2022,2022-04-24,Sunday,12,12:10 PM,Injury,A Injury Crash,1,0,1,0,0,2,Pedestrian,1,Y,N,Failing to Reduce Speed to Avoid Crash,(N/A),Daylight,Rain,Wet,N,,,,,No Controls,No Controls,N,1,41.8670588,-87.7766297,ok,(UNK),1,2202237,2022,,28,99,50000 and OVER,9,4295,Oak Park,C,Urban Local Road or Street,,16,24,11712723,4,Cook,3,22,,,7,N,No,Free Flow,202201128855,City,1,0.20999999,N,,,,(UNK),1079214,(N/A),(UNK),No Defects,1,2,Local Road or Street,7,2610,X002607061,Not Toll,73,1,1,Not Divided,1,2947576.84049091,1903144.027296,41.86705099,-87.77662396,,Urban,2,N,(N/A),Y,(N/A)
2022,2022-04-05,Tuesday,20,08:31 PM,Property Damage,No Injuries,0,0,0,0,0,2,Parked Motor Vehicle,9,N,N,Operating Vehicle In Reckless Manner,Failing to Reduce Speed to Avoid Crash,Darkness / Lighted Road,Clear,Dry,N,,,,,No Controls,No Controls,N,4,41.8653646,-87.7901143,ok,(UNK),1,2201834,2022,,50,28,50000 and OVER,9,4295,Oak Park,C,Urban Local Road or Street,,16,5,11712878,4,Cook,0,22,,,2,N,No,Free Flow,202201129066,City,5,0.38999999,N,,,,(UNK),1079492,(N/A),(UNK),No Defects,1,1,Local Road or Street,7,2663,X002607204,Not Toll,73,1,1,Not Divided,1,2943920.82464081,1902424.60212505,41.8653568,-87.79010849,,Urban,1,N,(N/A),Y,(N/A)
2022,2022-04-20,Wednesday,20,08:49 PM,Injury,C Injury Crash,1,0,0,0,1,0,Parked Motor Vehicle,9,N,N,Under Influence of Alcohol/Drugs,Improper Lane Usage,Darkness / Lighted Road,Rain,Wet,N,,,,,No Controls,No Controls,N,4,41.8673967,-87.7938376,ok,(UNK),1,2202157,2022,,8,20,50000 and OVER,9,4295,Oak Park,C,Urban Major Collector,,16,20,11712886,4,Cook,1,22,,,3,N,Yes,Free Flow,202201129075,City,5,7.01000023,N,,,,(UNK),1079516,(N/A),(UNK),No Defects,1,2,Major Collector,5,2775,X002607212,Not Toll,73,1,1,Not Divided,1,2942886.11329816,1903137.06593039,41.8673889,-87.79383179,,Urban,2,N,(N/A),Y,(N/A)
2022,2022-12-26,Monday,2,02:57 AM,Property Damage,No Injuries,0,0,0,0,0,1,Fixed Object,6,N,N,Failing to Reduce Speed to Avoid Crash,Physical Condition of Driver,Darkness / Lighted Road,Cloudy/Overcast,Snow or Slush,N,,,,,No Controls,No Controls,N,1,41.8660502,-87.7852144,ok,(UNK),1,2207961,2022,,28,17,50000 and OVER,9,4295,Oak Park,C,Urban Local Road or Street,,16,26,12021587,12,Cook,0,22,UTILITY POLE,,1,N,No,Free Flow,202201424208,City,5,0.31,N,,,,(UNK),1079870,(N/A),(UNK),No Defects,1,3,Local Road or Street,7,2643,X002878278,Not Toll,73,1,1,Alley,12,2945248.64036671,1902711.45243434,41.86604239,-87.78520856,,Urban,8,N,(N/A),Y,(N/A)
2022,2022-12-27,Tuesday,12,12:16 PM,Property Damage,No Injuries,0,0,0,0,0,3,Front to Rear,11,N,N,Failing to Reduce Speed to Avoid Crash,Following Too Closely,Daylight,Cloudy/Overcast,Dry,N,,,,,Traffic Signal,Functioning Properly,N,2,41.8686167,-87.7840804,ok,(UNK),1,2207984,2022,,28,3,50000 and OVER,9,4295,Oak Park,C,Urban Major Collector,,16,27,12021746,12,Cook,0,22,,,2,N,No,Stopped,202201424216,City,1,2.29999995,N,,,,(UNK),1079898,(N/A),(UNK),No Defects,1,1,Major Collector,5,2783,X002878287,Not Toll,73,3,4,Not Divided,1,2945531.54434275,1903655.30299892,41.86860888,-87.78407465,,Urban,8,N,(N/A),Y,(N/A)
2022,2022-12-29,Thursday,9,09:03 AM,Property Damage,No Injuries,0,0,0,0,0,6,Turning,10,N,N,Failing to Yield Right of Way,Failing to Reduce Speed to Avoid Crash,Daylight,Cloudy/Overcast,Wet,Y,,,,,No Controls,No Controls,N,2,41.9089493,-87.798112,ok,(UNK),1,2208020,2022,,2,28,50000 and OVER,9,4295,Oak Park,C,Urban Other Principal Arte,,16,29,12021788,12,Cook,0,22,,,4,N,No,Slow,202201424221,City,1,129.57000732,Y,,,,(UNK),1079917,(N/A),(UNK),No Defects,1,2,Other Principal Arterial,3,5064,X002878293,Not Toll,73,1,1,"Divided, No Median Barrier",2,2941303.60313474,1918247.42665091,41.90894148,-87.79810619,,Urban,8,N,(N/A),Y,(N/A)
2022,2022-12-27,Tuesday,3,03:00 AM,Property Damage,No Injuries,0,0,0,0,0,2,Fixed Object,6,N,N,Failing to Reduce Speed to Avoid Crash,(N/A),Darkness / Lighted Road,Clear,Wet,N,,,,,No Controls,No Controls,N,1,41.8725066,-87.7942774,ok,Partial Access Control,3,03-22-18966,2022,,28,99,50000 and OVER,9,4295,Oak Park,C,Urban InterState,,16,27,12022334,12,Cook,0,22,,,2,N,No,(UNK),202201424707,ISP,5,8.18000031,Y,,,,(UNK),1080800,(N/A),(UNK),No Defects,1,2,InterState,1,290,X002878797,Not Toll,,1,1,Divided With Median Barrier,3,2942714.82562715,1904995.86492673,41.87249873,-87.79427158,,Urban,1,N,(N/A),Y,(N/A)
2022,2022-12-27,Tuesday,3,03:34 AM,Property Damage,No Injuries,0,0,0,0,0,1,Fixed Object,6,N,N,Failing to Reduce Speed to Avoid Crash,(N/A),Darkness / Lighted Road,Clear,Wet,N,,,,,No Controls,No Controls,N,1,41.8725005,-87.7942148,ok,Partial Access Control,3,03-22-18968,2022,,28,99,50000 and OVER,9,4295,Oak Park,C,Urban InterState,,16,27,12022335,12,Cook,0,22,,,2,N,No,(UNK),202201424708,ISP,5,8.18000031,Y,,,,(UNK),1080801,(N/A),(UNK),No Defects,1,2,InterState,1,290,X002878798,Not Toll,,1,1,Divided With Median Barrier,3,2942731.92284238,1904994.13088092,41.87249268,-87.79420903,,Urban,1,N,(N/A),Y,(N/A)
2022,2022-04-21,Thursday,18,06:40 PM,Property Damage,No Injuries,0,0,0,0,0,3,Front to Rear,11,N,N,Following Too Closely,(N/A),Daylight,Clear,Dry,N,,,,,No Controls,No Controls,N,3,41.8719992,-87.7848535,ok,Partial Access Control,3,03-22-05391,2022,,3,99,50000 and OVER,9,4295,Oak Park,C,Urban InterState,,16,21,11714002,4,Cook,0,22,,,4,N,No,(UNK),202201130495,ISP,1,22.54999924,Y,,,,(UNK),1081661,(N/A),(UNK),No Defects,1,1,InterState,1,9290,X002608265,Not Toll,73,1,1,Divided With Median Barrier,3,2945286.76155878,1904882.0997358,41.87199138,-87.78484767,,Urban,1,N,(N/A),Y,(N/A)
2022,2022-04-24,Sunday,16,04:14 PM,Injury,B Injury Crash,1,0,0,1,0,1,Front to Rear,11,N,N,Following Too Closely,Driving Skills/Knowledge/Experience,Daylight,Clear,Dry,Y,,,,,Traffic Signal,Functioning Properly,N,2,41.8832478,-87.8048558,ok,(UNK),1,22-01195,2022,,3,15,50000 and OVER,9,4295,Oak Park,C,Urban Other Principal Arte,,16,24,11714555,4,Cook,2,22,,,7,N,No,Free Flow,202201131111,City,1,26.27000046,Y,,,,(UNK),1082568,(N/A),(UNK),No Defects,1,1,Other Principal Arterial,3,5043,X002608778,Not Toll,73,3,4,"Divided, No Median Barrier",2,2939725.79669042,1908830.67683626,41.88324,-87.80485,,Urban,1,N,(N/A),Y,(N/A)
2022,2022-12-15,Thursday,13,01:15 PM,Property Damage,No Injuries,0,0,0,0,0,3,Turning,10,N,N,Failing to Yield Right of Way,Unable to Determine,Daylight,Cloudy/Overcast,Dry,N,,,,,No Controls,No Controls,N,2,41.8657041,-87.8042363,ok,(UNK),1,22-03767,2022,,2,18,50000 and OVER,9,4295,Oak Park,C,Urban Other Principal Arte,,16,15,12003928,12,Cook,0,22,,,4,N,No,Slow,202201405821,City,1,20.63999939,Y,,,,(UNK),1082746,(N/A),(UNK),No Defects,1,1,Other Principal Arterial,3,348,X002861990,Not Toll,73,1,1,"Divided, No Median Barrier",2,2940070.56342889,1902442.07055558,41.86569625,-87.80423049,,Urban,8,N,(N/A),Y,(N/A)
2022,2022-04-28,Thursday,7,07:41 AM,Property Damage,No Injuries,0,0,0,0,0,3,Front to Rear,11,N,N,Failing to Reduce Speed to Avoid Crash,Following Too Closely,Daylight,Clear,Dry,N,,,,,Other,Functioning Properly,N,3,41.8712695,-87.7794198,ok,Partial Access Control,3,03-22-05712,2022,,28,3,50000 and OVER,9,4295,Oak Park,C,Urban InterState,,16,28,11715371,4,Cook,0,22,,,4,N,Yes,(UNK),202201131763,ISP,1,8.94999981,Y,,,,(UNK),1083864,(N/A),(UNK),No Defects,1,1,InterState,1,290,X002609359,Not Toll,73,13,4,Divided With Median Barrier,3,2946774.14282992,1904657.29279459,41.87126161,-87.77941403,,Urban,1,N,(N/A),Y,(N/A)
2022,2022-12-16,Friday,15,03:36 PM,Property Damage,No Injuries,0,0,0,0,0,3,Rear to Side,16,N,N,Improper Backing,(N/A),Daylight,Snow,Snow or Slush,N,,,,,Traffic Signal,Functioning Properly,Y,2,41.8723101,-87.8045194,ok,(UNK),1,22-03778,2022,,30,99,50000 and OVER,9,4295,Oak Park,C,Urban Major Collector,,16,16,12005602,12,Cook,0,22,,,5,N,No,Free Flow,202201407737,City,1,25.52000046,N,,,,(UNK),1083945,(N/A),(UNK),No Defects,1,3,Major Collector,5,5043,X002863573,Not Toll,73,3,4,Not Divided,1,2939927.16739621,1904847.28305494,41.87230224,-87.8045136,,Urban,3,N,(N/A),Y,(N/A)
2022,2022-04-21,Thursday,16,04:49 PM,Property Damage,No Injuries,0,0,0,0,0,4,Sideswipe Opposite Direction,13,N,N,Improper Lane Usage,Failing to Reduce Speed to Avoid Crash,Daylight,Unknown,Dry,N,,,,,No Controls,No Controls,Y,2,41.8726496,-87.7829883,ok,(UNK),1,2202178,2022,,20,28,50000 and OVER,9,4295,Oak Park,C,Urban Local Road or Street,,16,21,11715551,4,Cook,0,22,,,4,N,No,Free Flow,202201131915,City,1,0,N,,,,(UNK),1084182,(N/A),(UNK),No Defects,1,1,Local Road or Street,7,,X002609499,Not Toll,73,1,1,"Divided, No Median Barrier",2,2945788.19453633,1905133.23317825,41.8726418,-87.78298252,,Urban,9,N,(N/A),Y,(N/A)
2022,2022-12-31,Saturday,2,02:18 AM,Property Damage,No Injuries,0,0,0,0,0,6,Front to Rear,11,N,N,Failing to Reduce Speed to Avoid Crash,Following Too Closely,Darkness / Lighted Road,Clear,Dry,N,,,,,No Controls,No Controls,N,3,41.8729904,-87.7956199,ok,(UNK),3,03-22-19210,2022,,28,3,50000 and OVER,9,4295,Oak Park,C,Urban Local Road or Street,,16,31,12024882,12,Cook,0,22,,,6,N,No,(UNK),202201426963,ISP,5,0.41999999,N,,,,(UNK),1084631,(N/A),(UNK),No Defects,1,1,Local Road or Street,7,290,X002881296,Not Toll,,1,1,Divided With Median Barrier,3,2942344.2869193,1905162.06479507,41.87298254,-87.79561411,,Urban,1,N,(N/A),Y,(N/A)
2022,2022-04-27,Wednesday,15,03:10 PM,Property Damage,No Injuries,0,0,0,0,0,2,Front to Rear,11,N,N,Following Too Closely,Failing to Reduce Speed to Avoid Crash,Daylight,Cloudy/Overcast,Dry,N,,,,,Stop Sign,Functioning Properly,N,2,41.9089688,-87.7965359,ok,(UNK),1,2202295,2022,,3,28,50000 and OVER,9,4295,Oak Park,C,Urban Other Principal Arte,,16,27,11716207,4,Cook,0,22,,,3,N,No,Slow,202201132530,City,1,129.6499939,Y,,,,(UNK),1085480,(N/A),(UNK),No Defects,1,1,Other Principal Arterial,3,5064,X002610088,Not Toll,73,2,4,"Divided, No Median Barrier",2,2941732.44480218,1918266.37464788,41.90896093,-87.7965301,,Urban,8,N,(N/A),Y,(N/A)
2022,2022-04-27,Wednesday,8,08:03 AM,Property Damage,No Injuries,0,0,0,0,0,2,Front to Rear,11,N,N,Following Too Closely,Failing to Reduce Speed to Avoid Crash,Daylight,Clear,Dry,N,,,,,No Controls,No Controls,N,2,41.8944503,-87.7924377,ok,(UNK),1,2202288,2022,,3,28,50000 and OVER,9,4295,Oak Park,C,Urban Minor Arterial,,16,27,11716209,4,Cook,0,22,,,3,N,No,Slow,202201132532,City,1,3.22000003,N,,,,(UNK),1085482,(N/A),(UNK),No Defects,1,1,Minor Arterial,4,1398,X002610090,Not Toll,73,1,1,"Divided, No Median Barrier",2,2942994.53891944,1913006.42120551,41.89444244,-87.79243193,,Urban,1,N,(N/A),Y,(N/A)
2022,2022-12-29,Thursday,16,04:39 PM,Injury,B Injury Crash,1,0,0,1,0,4,Angle,15,N,N,Disregarding Stop Sign,Failing to Reduce Speed to Avoid Crash,Darkness / Lighted Road,Cloudy/Overcast,Dry,Y,,,,,Stop Sign,Functioning Properly,N,2,41.8997799,-87.800892,ok,(UNK),1,2208036,2022,,23,28,50000 and OVER,9,4295,Oak Park,C,Urban Local Road or Street,,16,29,12026484,12,Cook,2,22,,,4,N,No,Free Flow,202201427990,City,5,0,N,,,,(UNK),1086236,(N/A),(UNK),No Defects,1,1,Local Road or Street,7,,X002882749,Not Toll,73,2,4,Not Divided,1,2940639.05291689,1914885.00999631,41.89977204,-87.80088616,,Urban,8,N,(N/A),Y,(N/A)
2022,2022-12-29,Thursday,17,05:33 PM,Property Damage,No Injuries,0,0,0,0,0,3,Turning,10,N,N,Failing to Reduce Speed to Avoid Crash,Unable to Determine,Darkness / Lighted Road,Clear,Wet,N,,,,,Traffic Signal,Functioning Properly,N,3,41.8880191,-87.7749193,ok,(UNK),1,2208038,2022,,28,18,50000 and OVER,9,4295,Oak Park,C,Urban Major Collector,,16,29,12026503,12,Cook,0,22,,,4,N,No,Stopped,202201428007,City,5,0,N,,,,(UNK),1086258,(N/A),(UNK),No Defects,1,2,Major Collector,5,,X002882767,Not Toll,,3,4,Not Divided,1,2947829.78107476,1910795.31221886,41.88801123,-87.77491353,,Urban,1,N,(N/A),Y,(N/A)
2022,2022-12-29,Thursday,19,07:50 PM,Property Damage,No Injuries,0,0,0,0,0,2,Turning,10,N,N,Disregarding Stop Sign,Failing to Reduce Speed to Avoid Crash,Darkness / Lighted Road,Cloudy/Overcast,Dry,Y,,,,,Stop Sign,Functioning Properly,N,2,41.9091366,-87.7860147,ok,(UNK),1,2208042,2022,,23,28,50000 and OVER,9,4295,Oak Park,C,Urban Other Principal Arte,,16,29,12026523,12,Cook,0,22,,,4,N,No,Free Flow,202201428024,City,5,130.19000244,Y,,,,(UNK),1086280,(N/A),(UNK),No Defects,1,1,Other Principal Arterial,3,5064,X002882787,Not Toll,73,2,4,Not Divided,1,2944594.78411778,1918406.88911875,41.90912875,-87.78600891,,Urban,8,N,(N/A),Y,(N/A)
2022,2022-04-27,Wednesday,8,08:33 AM,Property Damage,No Injuries,0,0,0,0,0,2,Front to Rear,11,N,N,Following Too Closely,(N/A),Daylight,Clear,Dry,N,,,,,Other,Functioning Properly,N,2,41.8709601,-87.7745657,ok,Partial Access Control,3,03-22-05672,2022,,3,99,50000 and OVER,9,4295,Oak Park,C,Urban InterState,,16,27,11716653,4,Cook,0,22,,,3,N,No,(UNK),202201133020,ISP,1,9.19999981,Y,,,,(UNK),1086356,(N/A),(UNK),No Defects,1,1,InterState,1,290,X002610493,Not Toll,73,13,4,Divided With Median Barrier,3,2948099.43913688,1904581.39833628,41.87095229,-87.7745599,,Urban,1,N,(N/A),Y,(N/A)
2022,2022-12-24,Saturday,20,08:59 PM,Property Damage,No Injuries,0,0,0,0,0,3,Front to Rear,11,N,N,Following Too Closely,Driving Skills/Knowledge/Experience,Darkness,Clear,Dry,N,,,,,Traffic Signal,Functioning Properly,N,2,41.8666095,-87.8042662,ok,(UNK),1,22-03862,2022,,3,15,50000 and OVER,9,4295,Oak Park,C,Urban Other Principal Arte,,16,24,12027045,12,Cook,0,22,,,6,N,No,Free Flow,202201428252,City,4,20.57999992,Y,,,,(UNK),1086639,(N/A),(UNK),No Defects,1,1,Other Principal Arterial,3,348,X002883024,Not Toll,73,3,4,"Divided, No Median Barrier",2,2940053.33101951,1902771.80315244,41.86660169,-87.8042604,,Urban,1,N,(N/A),Y,(N/A)
2022,2022-12-26,Monday,16,04:49 PM,Property Damage,No Injuries,0,0,0,0,0,6,Front to Rear,11,N,N,Following Too Closely,Failing to Reduce Speed to Avoid Crash,Darkness,Clear,Dry,N,,,,,No Controls,No Controls,N,2,41.8737641,-87.804382,ok,Partial Access Control,3,03-22-18925,2022,,3,28,50000 and OVER,9,4295,Oak Park,C,Urban InterState,,16,26,12027667,12,Cook,0,22,,,1,N,No,(UNK),202201428563,ISP,4,21.59000015,Y,,,,(UNK),1087057,(N/A),(UNK),No Defects,1,1,InterState,1,9290,X002883621,Not Toll,73,1,1,Divided With Median Barrier,3,2939950.01277319,1905378.18824715,41.87375627,-87.80437615,,Urban,1,N,(N/A),Y,(N/A)