crash_year,crash_date,day_of_week,crash_hour,time_of_crash,crash_severity,crash_injury_severity,total_injured,total_fatals,a_injuries,b_injuries,c_injuries,no_injuries,type_of_first_crash,collision_type_code,pedestrian_involved,pedalcyclist_involved,cause1,cause2,lighting_cond,weather_cond,road_surface_cond,intersection_related,is_intersection,highway_or_street_name,at_intersection_with,address_no,traffic_control_device,traffic_control_device_cond,hit_and_run,number_of_vehicles,latitude,longitude,location_status,access_control,agency_code,agency_report_number,agency_report_year,alignment_code,cause1_code,cause2_code,city_class,city_class_code,city_code,city_name,city_township_flag,class_of_trafficway,class_of_trafficway_code,county_code,crash_day,crash_id,crash_month,crash_report_county,crash_severity_cd,crash_yr_source,damaged_property1,damaged_property2,day_of_week_code,did_crash_occur_in_work_zone,did_involve_secondary_crash,flow_condition,icn,investigating_agency_descrip,light_condition_code,mile_station,nhs,non_intersection_direction,non_intersection_distance,non_intersection_units,number_of_lanes,objectid,railroad_crossing_number,road_alignment,road_defects,road_defects_code,road_surface_condition_code,roadway_functional_class,roadway_functional_class_code,route_number,sfe,toll,township,traffic_control_device_code,traffic_control_device_cond_code,trafficway_descrip,trafficway_description_code,ts_crash_coordinate_x,ts_crash_coordinate_y,ts_crash_latitude,ts_crash_longitude,type_report,urban_rural,weather_code,were_workers_present,work_zone,work_zone_related,work_zone_type
2022,2022-12-28,Wednesday,14,02:29 PM,Property Damage,No Injuries,0,0,0,0,0,2,Turning,10,N,N,Failing to Reduce Speed to Avoid Crash,Had Been Drinking,Daylight,Clear,Dry,N,,,,,No Controls,No Controls,Y,2,41.8886737,-87.7967472,ok,(UNK),1,2208006,2022,,28,19,50000 and OVER,9,4295,Oak Park,C,Urban Major Collector,,16,28,12028096,12,Cook,0,22,,,3,N,No,Free Flow,202201428786,City,1,0.20999999,N,,,,(UNK),1087378,(N/A),(UNK),No Defects,1,1,Major Collector,5,1405,X002884012,Not Toll,73,1,1,Not Divided,1,2941879.34543239,1910868.86576024,41.88866585,-87.79674138,,Urban,1,N,(N/A),Y,(N/A)
2022,2022-12-28,Wednesday,17,05:00 PM,Property Damage,No Injuries,0,0,0,0,0,3,Turning,10,N,N,Failing to Yield Right of Way,Failing to Reduce Speed to Avoid Crash,Darkness / Lighted Road,Unknown,Unknown,Y,,,,,Traffic Signal,Functioning Properly,N,3,41.9090361,-87.7949544,ok,(UNK),1,2208025,2022,,2,28,50000 and OVER,9,4295,Oak Park,C,Urban Other Principal Arte,,16,28,12028107,12,Cook,0,22,,,3,N,No,Slow,202201428797,City,5,129.74000549,Y,,,,(UNK),1087379,(N/A),(UNK),Unknown,99,9,Other Principal Arterial,3,5064,X002884023,Not Toll,73,3,4,"Divided, No Median Barrier",2,2942162.26917967,1918302.79962426,41.90902821,-87.79494862,,Urban,9,N,(N/A),N,(N/A)
2022,2022-12-30,Friday,14,02:13 PM,Injury,C Injury Crash,3,0,0,0,3,1,Front to Rear,11,N,N,Failing to Reduce Speed to Avoid Crash,(N/A),Daylight,Clear,Dry,N,,,,,No Controls,No Controls,N,3,41.9015857,-87.8025273,ok,(UNK),1,2208059,2022,,28,99,50000 and OVER,9,4295,Oak Park,C,Urban Major Collector,,16,30,12028160,12,Cook,1,22,,,5,N,Yes,Slow,202201428843,City,1,1.15999997,N,,,,(UNK),1087457,(N/A),(UNK),No Defects,1,1,Major Collector,5,1394,X002884073,Not Toll,73,1,1,Not Divided,1,2940175.66811054,1915530.79909459,41.90157784,-87.80252154,,Urban,1,N,(N/A),Y,(N/A)
2022,2022-12-31,Saturday,11,11:52 AM,Injury,B Injury Crash,1,0,0,1,0,1,Turning,10,N,N,Failing to Yield Right of Way,Improper Turning/No Signal,Daylight,Clear,Dry,Y,,,,,Stop Sign,Functioning Properly,N,3,41.8798446,-87.7868895,ok,(UNK),1,2208076,2022,,2,6,50000 and OVER,9,4295,Oak Park,C,Urban Minor Arterial,,16,31,12028304,12,Cook,2,22,,,6,N,Yes,Free Flow,202201428951,City,1,0,N,,,,(UNK),1087621,(N/A),(UNK),No Defects,1,1,Minor Arterial,4,,X002884196,Not Toll,73,2,4,Two-way Continuous Left-Tur,4,2944652.89030097,1907725.70345217,41.87983674,-87.78688369,,Urban,1,N,(N/A),Y,(N/A)
2022,2022-12-31,Saturday,16,04:45 PM,Property Damage,No Injuries,0,0,0,0,0,2,Front to Rear,11,N,N,Failing to Reduce Speed to Avoid Crash,Driving Skills/Knowledge/Experience,Darkness / Lighted Road,Clear,Dry,N,,,,,No Controls,No Controls,N,2,41.9089545,-87.797692,ok,(UNK),1,2208086,2022,,28,15,50000 and OVER,9,4295,Oak Park,C,Urban Other Principal Arte,,16,31,12028307,12,Cook,0,22,,,6,N,No,Stopped,202201428954,City,5,6.34000015,Y,,,,(UNK),1087622,(N/A),(UNK),No Defects,1,1,Other Principal Arterial,3,307,X002884199,Not Toll,73,1,1,Not Divided,1,2941417.88408384,1918252.47599789,41.90894666,-87.79768618,,Urban,1,N,(N/A),Y,(N/A)
2022,2022-12-18,Sunday,12,12:24 PM,Property Damage,No Injuries,0,0,0,0,0,2,Fixed Object,6,N,N,Failing to Reduce Speed to Avoid Crash,Operating Vehicle In Reckless Manner,Daylight,Clear,Dry,N,,,,,No Controls,No Controls,Y,1,41.8846542,-87.7764337,ok,(UNK),1,2207799,2022,,28,50,50000 and OVER,9,4295,Oak Park,C,Urban Local Road or Street,,16,18,12008328,12,Cook,0,22,FIRE HYDRANT,,7,N,No,Free Flow,202201410521,City,1,0.83999997,N,,,,(UNK),1087952,(N/A),(UNK),No Defects,1,1,Local Road or Street,7,2603,X002866203,Not Toll,73,1,1,Not Divided,1,2947451.5764708,1909557.58789317,41.88464634,-87.77642792,,Urban,1,N,(N/A),Y,(N/A)
2022,2022-12-17,Saturday,20,08:08 PM,Property Damage,No Injuries,0,0,0,0,0,2,Front to Rear,11,N,N,Failing to Reduce Speed to Avoid Crash,Unable to Determine,Darkness / Lighted Road,Clear,Dry,N,,,,,No Controls,No Controls,N,2,41.8677171,-87.7938466,ok,(UNK),1,2207786,2022,,28,18,50000 and OVER,9,4295,Oak Park,C,Urban Major Collector,,16,17,12009002,12,Cook,0,22,,,6,N,No,Free Flow,202201411160,City,5,6.98999977,N,,,,(UNK),1088571,(N/A),(UNK),No Defects,1,1,Major Collector,5,2775,X002866693,Not Toll,73,1,1,Not Divided,1,2942880.42999981,1903253.72456301,41.86770921,-87.7938408,,Urban,1,N,(N/A),Y,(N/A)
2022,2022-12-17,Saturday,21,09:15 PM,Injury,B Injury Crash,1,0,0,1,0,4,Angle,15,N,N,Distraction â€“ Other Electronic Device (Navigation Device / DVD Player / etc.),Failing to Reduce Speed to Avoid Crash,Darkness / Lighted Road,Clear,Dry,Y,,,,,Traffic Signal,Functioning Properly,N,2,41.8798682,-87.7844362,ok,(UNK),1,2207788,2022,,43,28,50000 and OVER,9,4295,Oak Park,C,Urban Minor Arterial,,16,17,12009017,12,Cook,2,22,,,6,N,No,Slow,202201411180,City,5,0,N,,,,(UNK),1088593,(N/A),(UNK),No Defects,1,1,Minor Arterial,4,,X002866708,Not Toll,73,3,4,Four Way,14,2945320.78577792,1907752.84633341,41.87986033,-87.78443039,,Urban,1,N,(N/A),Y,(N/A)
2022,2022-12-18,Sunday,8,08:44 AM,Property Damage,No Injuries,0,0,0,0,0,4,Front to Rear,11,N,N,Failing to Reduce Speed to Avoid Crash,Failing to Reduce Speed to Avoid Crash,Daylight,Clear,Dry,N,,,,,Traffic Signal,Functioning Properly,N,3,41.8734323,-87.8025825,ok,Partial Access Control,3,03-22-18406,2022,,28,28,50000 and OVER,9,4295,Oak Park,C,Urban InterState,,16,18,12009284,12,Cook,0,22,,,7,N,No,(UNK),202201411483,ISP,1,0.06,Y,,,,(UNK),1088928,(N/A),(UNK),No Defects,1,1,InterState,1,290,X002866970,Not Toll,,3,4,Divided With Median Barrier,3,2940443.45941245,1905270.78238367,41.87342449,-87.80257668,,Urban,1,N,(N/A),Y,(N/A)
2022,2022-12-18,Sunday,11,11:19 AM,Property Damage,No Injuries,0,0,0,0,0,2,Other Object,7,N,N,Failing to Reduce Speed to Avoid Crash,Improper Lane Usage,Daylight,Clear,Dry,N,,,,,No Controls,Functioning Properly,N,1,41.8720894,-87.7892366,ok,Partial Access Control,3,03-22-18410,2022,,28,20,50000 and OVER,9,4295,Oak Park,C,Urban InterState,,16,18,12009285,12,Cook,0,22,,,7,N,No,(UNK),202201411484,ISP,1,8.43999958,Y,,,,(UNK),1088929,(N/A),(UNK),No Defects,1,1,InterState,1,290,X002866971,Not Toll,73,1,4,Divided With Median Barrier,3,2944092.01441016,1904881.83584879,41.87208153,-87.78923076,,Urban,1,N,(N/A),Y,(N/A)
2022,2022-04-28,Thursday,11,11:30 AM,Property Damage,No Injuries,0,0,0,0,0,2,Sideswipe Same Direction,12,N,N,Failing to Yield Right of Way,Unable to Determine,Daylight,Clear,Dry,N,,,,,No Controls,No Controls,Y,2,41.8799752,-87.7859328,ok,(UNK),1,2202306,2022,,2,18,50000 and OVER,9,4295,Oak Park,C,Urban Minor Arterial,,16,28,11718022,4,Cook,0,22,,,4,N,No,Free Flow,202201134340,City,1,4.03999996,N,,,,(UNK),1089315,(N/A),(UNK),No Defects,1,1,Minor Arterial,4,1419,X002611828,Not Toll,73,1,1,Not Divided,1,2944912.11368456,1907780.52943012,41.87996735,-87.78592701,,Urban,1,N,(N/A),Y,(N/A)
2022,2022-04-28,Thursday,14,02:05 PM,Property Damage,No Injuries,0,0,0,0,0,1,Parked Motor Vehicle,9,N,N,Failing to Reduce Speed to Avoid Crash,(N/A),Daylight,Rain,Dry,N,,,,,Stop Sign,Functioning Properly,N,2,41.8962911,-87.7816849,ok,(UNK),1,2202314,2022,,28,99,50000 and OVER,9,4295,Oak Park,C,Urban Local Road or Street,,16,28,11718025,4,Cook,0,22,,,4,N,No,Slow,202201134343,City,1,0.25,N,,,,(UNK),1089316,(N/A),(UNK),No Defects,1,1,Local Road or Street,7,2630,X002611831,Not Toll,73,2,4,Not Divided,1,2945903.6455778,1913758.50332318,41.89628328,-87.78167908,,Urban,2,N,(N/A),Y,(N/A)
2022,2022-12-18,Sunday,20,08:41 PM,Injury,C Injury Crash,1,0,0,0,1,0,Parked Motor Vehicle,9,N,N,Improper Lane Usage,(N/A),Darkness / Lighted Road,Clear,Dry,N,,,,,No Controls,No Controls,N,2,41.8753478,-87.7892022,ok,(UNK),1,2207808,2022,,20,99,50000 and OVER,9,4295,Oak Park,C,Urban Minor Collector,,16,18,12009992,12,Cook,1,22,,,7,N,No,Free Flow,202201412195,City,5,0.93000001,N,,,,(UNK),1089940,(N/A),(UNK),No Defects,1,1,Minor Collector,6,2779,X002867630,Not Toll,73,1,1,Not Divided,1,2944068.46363269,1906069.52163879,41.87533994,-87.78919641,,Urban,1,N,(N/A),Y,(N/A)
2022,2022-12-19,Monday,11,11:30 AM,Property Damage,No Injuries,0,0,0,0,0,2,Turning,10,N,N,Failing to Reduce Speed to Avoid Crash,Unable to Determine,Daylight,Clear,Dry,N,,,,,No Controls,No Controls,Y,2,41.8965751,-87.7751983,ok,(UNK),1,2207838,2022,,28,18,50000 and OVER,9,4295,Oak Park,C,Urban Minor Arterial,,16,19,12010017,12,Cook,0,22,,,1,N,No,Free Flow,202201412245,City,1,6.51000023,N,,,,(UNK),1089944,(N/A),(UNK),No Defects,1,1,Minor Arterial,4,2790,X002867656,Not Toll,,1,1,Not Divided,1,2947666.87317162,1913911.19007396,41.89656729,-87.77519247,,Urban,1,N,(N/A),Y,(N/A)
2022,2022-12-19,Monday,17,05:30 PM,Property Damage,No Injuries,0,0,0,0,0,2,Turning,10,N,N,Failing to Reduce Speed to Avoid Crash,Unable to Determine,Darkness / Lighted Road,Clear,Dry,Y,,,,,Stop Sign,Functioning Properly,N,2,41.8946672,-87.7783858,ok,(UNK),1,2207835,2022,,28,18,50000 and OVER,9,4295,Oak Park,C,Urban Minor Arterial,,16,19,12010013,12,Cook,0,22,,,1,N,No,Free Flow,202201412241,City,5,0,N,,,,(UNK),1089968,(N/A),(UNK),No Defects,1,1,Minor Arterial,4,,X002867652,Not Toll,73,2,4,Not Divided,1,2946818.36733125,1913191.69563859,41.89465931,-87.77838001,,Urban,1,N,(N/A),Y,(N/A)
2022,2022-12-18,Sunday,23,11:35 PM,Property Damage,No Injuries,0,0,0,0,0,4,Front to Front,14,N,N,Driving On Wrong Side/Wrong Way,Improper Lane Usage,Darkness / Lighted Road,Clear,Dry,N,,,,,No Controls,No Controls,N,2,41.882063,-87.7781493,ok,(UNK),1,2207810,2022,,5,20,50000 and OVER,9,4295,Oak Park,C,Urban Major Collector,,16,18,12010109,12,Cook,0,22,,,7,N,No,Free Flow,202201412360,City,5,1.37,N,,,,(UNK),1090116,(N/A),(UNK),No Defects,1,1,Major Collector,5,5,X002867742,Not Toll,73,1,1,Not Divided,1,2947010.69311537,1908600.31227836,41.8820552,-87.77814347,,Urban,1,N,(N/A),Y,(N/A)
2022,2022-12-18,Sunday,14,02:25 PM,Injury,B Injury Crash,1,0,0,1,0,2,Front to Rear,11,N,N,Failing to Reduce Speed to Avoid Crash,Driving Skills/Knowledge/Experience,Daylight,Clear,Dry,N,,,,,Other Regualtory Sig,Functioning Properly,N,2,41.8723695,-87.7890872,ok,Partial Access Control,3,03-22-18422,2022,,28,15,50000 and OVER,9,4295,Oak Park,C,Urban InterState,,16,18,12010905,12,Cook,2,22,,,7,N,No,(UNK),202201413267,ISP,1,1.13999999,Y,,,,(UNK),1091440,(N/A),(UNK),No Defects,1,1,InterState,1,2779,X002868504,Not Toll,73,10,4,Divided With Median Barrier,3,2944129.85341521,1904985.03705524,41.87236163,-87.78908145,,Urban,1,N,(N/A),Y,(N/A)
2022,2022-12-15,Thursday,13,01:41 PM,Property Damage,No Injuries,0,0,0,0,0,3,Turning,10,N,N,Failing to Yield Right of Way,(N/A),Daylight,Clear,Dry,N,,,,,Traffic Signal,Functioning Properly,N,2,41.9086507,-87.8057754,ok,(UNK),1,2201494,2022,,2,99,50000 and OVER,9,4295,Oak Park,C,Urban Other Principal Arte,,16,15,12011158,12,Cook,0,22,FENCE,FENCE,4,N,No,Free Flow,202201413526,City,1,17.67000008,Y,,,,(UNK),1091955,(N/A),(UNK),No Defects,1,1,Other Principal Arterial,3,348,X002868762,Not Toll,73,3,4,Not Divided,1,2939220.49861706,1918081.07614378,41.9086429,-87.80576959,,Urban,1,N,(N/A),Y,(N/A)
2022,2022-12-19,Monday,11,11:52 AM,Property Damage,No Injuries,0,0,0,0,0,3,Parked Motor Vehicle,9,N,N,Failing to Reduce Speed to Avoid Crash,Driving Skills/Knowledge/Experience,Daylight,Clear,Dry,N,,,,,No Controls,No Controls,N,2,41.8910201,-87.7880354,ok,(UNK),1,2207820,2022,,28,15,50000 and OVER,9,4295,Oak Park,C,Urban Local Road or Street,,16,19,12011279,12,Cook,0,22,,,1,N,No,Slow,202201413665,City,1,0.23999999,N,,,,(UNK),1092147,(N/A),(UNK),No Defects,1,1,Local Road or Street,7,2650,X002868881,Not Toll,73,1,1,Not Divided,1,2944227.87978854,1911789.59998545,41.89101222,-87.78802956,,Urban,1,N,(N/A),Y,(N/A)
2022,2022-12-20,Tuesday,17,05:38 PM,Property Damage,No Injuries,0,0,0,0,0,2,Angle,15,N,N,Failing to Yield Right of Way,(N/A),Darkness / Lighted Road,Cloudy/Overcast,Dry,Y,,,,,Stop Sign,Functioning Properly,N,2,41.8944478,-87.7928065,ok,(UNK),1,2207863,2022,,2,99,50000 and OVER,9,4295,Oak Park,C,Urban Minor Arterial,,16,20,12011392,12,Cook,0,22,,,2,N,No,Slow,202201413823,City,5,0,N,,,,(UNK),1092300,(N/A),(UNK),No Defects,1,1,Minor Arterial,4,,X002868989,Not Toll,73,2,4,Four Way,14,2942894.15405403,1913002.74831831,41.89443999,-87.7928007,,Urban,8,N,(N/A),Y,(N/A)
2022,2022-12-20,Tuesday,9,09:05 AM,Property Damage,No Injuries,0,0,0,0,0,2,Front to Rear,11,N,N,Distraction - From Outside Vehicle,Failing to Reduce Speed to Avoid Crash,Daylight,Clear,Dry,Y,,,,,Stop Sign,Functioning Properly,N,2,41.8779416,-87.7941765,ok,(UNK),1,2207847,2022,,40,28,50000 and OVER,9,4295,Oak Park,C,Urban Major Collector,,16,20,12011390,12,Cook,0,22,,,2,N,No,Free Flow,202201413819,City,1,0,N,,,,(UNK),1092303,(N/A),(UNK),No Defects,1,1,Major Collector,5,,X002868986,Not Toll,73,2,4,"Divided, No Median Barrier",2,2942687.51484834,1906977.23861401,41.87793374,-87.79417074,,Urban,1,N,(N/A),Y,(N/A)
2022,2022-12-20,Tuesday,19,07:00 PM,Injury,B Injury Crash,1,0,0,1,0,1,Sideswipe Opposite Direction,13,N,N,Improper Lane Usage,(N/A),Darkness,Clear,Dry,N,,,,,No Controls,No Controls,N,2,41.8815004,-87.7997229,ok,(UNK),1,2207865,2022,,20,99,50000 and OVER,9,4295,Oak Park,C,Urban Major Collector,,16,20,12011421,12,Cook,2,22,,,2,N,No,Free Flow,202201413863,City,4,0.25999999,N,,,,(UNK),1092351,(N/A),(UNK),No Defects,1,1,Major Collector,5,5,X002869020,Not Toll,73,1,1,"Divided, No Median Barrier",2,2941141.1761678,1908232.39581735,41.88149252,-87.79971715,,Urban,1,N,(N/A),Y,(N/A)
2022,2022-12-20,Tuesday,9,09:15 AM,Property Damage,No Injuries,0,0,0,0,0,2,Turning,10,N,N,Failing to Yield Right of Way,Unable to Determine,Daylight,Cloudy/Overcast,Dry,N,,,,,No Controls,No Controls,Y,2,41.8653412,-87.8042253,ok,(UNK),1,22-03815,2022,,2,18,50000 and OVER,9,4295,Oak Park,C,Urban Other Principal Arte,,16,20,12011773,12,Cook,0,22,,,2,N,No,Slow,202201414305,City,1,20.67000008,Y,,,,(UNK),1092716,(N/A),(UNK),No Defects,1,1,Other Principal Arterial,3,348,X002869319,Not Toll,73,1,1,Not Divided,1,2940077.19953788,1902309.91866433,41.86533339,-87.8042195,,Urban,8,N,(N/A),Y,(N/A)
2022,2022-12-19,Monday,21,09:41 PM,Property Damage,No Injuries,0,0,0,0,0,3,Turning,10,N,N,Failing to Yield Right of Way,Unable to Determine,Darkness / Lighted Road,Clear,Dry,N,,,,,Traffic Signal,Functioning Properly,N,3,41.8650355,-87.803684,ok,(UNK),1,22-10990,2022,,2,18,50000 and OVER,9,4295,Oak Park,C,Urban Other Principal Arte,,16,19,12012312,12,Cook,0,22,,,1,N,Yes,Stopped,202201414927,City,5,6.01000023,Y,,,,(UNK),1093300,(N/A),(UNK),No Defects,1,1,Other Principal Arterial,3,347,X002869837,Not Toll,73,3,4,"Divided, No Median Barrier",2,2940227.72307494,1902202.55448814,41.86502763,-87.80367818,,Urban,1,N,(N/A),Y,(N/A)
2022,2022-12-18,Sunday,19,07:20 PM,Property Damage,No Injuries,0,0,0,0,0,2,Front to Rear,11,N,N,Following Too Closely,Failing to Reduce Speed to Avoid Crash,Darkness / Lighted Road,Clear,Dry,N,,,,,Other,Functioning Properly,Y,2,41.8724011,-87.7905856,ok,Partial Access Control,3,03-22-18446,2022,,3,28,50000 and OVER,9,4295,Oak Park,C,Urban InterState,,16,18,12012585,12,Cook,0,22,,,7,N,No,(UNK),202201415211,ISP,5,22.25,Y,,,,(UNK),1093594,(N/A),(UNK),No Defects,1,1,InterState,1,9290,X002870105,Not Toll,73,13,4,Divided With Median Barrier,3,2943721.4330249,1904985.26854865,41.87239329,-87.79057977,,Urban,1,N,(N/A),Y,(N/A)
2022,2022-04-29,Friday,12,12:54 PM,Property Damage,No Injuries,0,0,0,0,0,1,Parked Motor Vehicle,9,N,N,Improper Turning/No Signal,Failing to Reduce Speed to Avoid Crash,Daylight,Clear,Dry,N,,,,,No Controls,No Controls,N,3,41.8801392,-87.7969287,ok,(UNK),1,2202335,2022,,6,28,50000 and OVER,9,4295,Oak Park,C,Urban Local Road or Street,,16,29,11721973,4,Cook,0,22,,,5,N,Yes,Free Flow,202201138159,City,1,0.57999998,N,,,,(UNK),1093673,(N/A),(UNK),No Defects,1,1,Local Road or Street,7,2690,X002615385,Not Toll,73,1,1,"Divided, No Median Barrier",2,2941915.84755436,1907757.36997459,41.88013135,-87.79692289,,Urban,1,N,(N/A),Y,(N/A)
2022,2022-04-30,Saturday,20,08:37 PM,Property Damage,No Injuries,0,0,0,0,0,2,Front to Rear,11,N,N,Failing to Reduce Speed to Avoid Crash,(N/A),Darkness / Lighted Road,Rain,Wet,Y,,,,,Traffic Signal,Functioning Properly,N,2,41.9018945,-87.7838796,ok,(UNK),1,2202357,2022,,28,99,50000 and OVER,9,4295,Oak Park,C,Urban Major Collector,,16,30,11721994,4,Cook,0,22,,,6,N,No,Stopped,202201138187,City,5,0,N,,,,(UNK),1093687,(N/A),(UNK),No Defects,1,2,Major Collector,5,,X002615404,Not Toll,73,3,4,Other,8,2945249.35540065,1915783.86303504,41.90188663,-87.78387376,,Urban,2,N,(N/A),Y,(N/A)
2022,2022-05-01,Sunday,6,06:24 AM,Property Damage,No Injuries,0,0,0,0,0,2,Front to Rear,11,N,N,Failing to Reduce Speed to Avoid Crash,Unable to Determine,Daylight,Clear,Dry,N,,,,,No Controls,No Controls,Y,2,41.8944578,-87.7912964,ok,(UNK),1,2202362,2022,,28,18,50000 and OVER,9,4295,Oak Park,C,Urban Minor Arterial,,16,1,11722005,5,Cook,0,22,,,7,N,No,Free Flow,202201138203,City,1,0,N,,,,(UNK),1093689,(N/A),(UNK),No Defects,1,1,Minor Arterial,4,,X002615415,Not Toll,73,1,1,Not Divided,1,2943305.2225137,1913017.78098321,41.89445,-87.7912906,,Urban,1,N,(N/A),Y,(N/A)
2022,2022-05-01,Sunday,10,10:44 AM,Property Damage,No Injuries,0,0,0,0,0,5,Sideswipe Same Direction,12,N,N,Unable to Determine,(N/A),Daylight,Cloudy/Overcast,Dry,N,,,,,No Controls,No Controls,Y,5,41.9089137,-87.8009909,ok,(UNK),1,2202366,2022,,18,99,50000 and OVER,9,4295,Oak Park,C,Urban Other Principal Arte,,16,1,11722011,5,Cook,0,22,,,7,N,No,Free Flow,202201138210,City,1,6.17000008,Y,,,,(UNK),1093690,(N/A),(UNK),No Defects,1,1,Other Principal Arterial,3,307,X002615420,Not Toll,73,1,1,"Divided, No Median Barrier",2,2940520.27368381,1918212.81645515,41.90890588,-87.80098511,,Urban,8,N,(N/A),Y,(N/A)
2022,2022-04-29,Friday,15,03:59 PM,Injury,C Injury Crash,1,0,0,0,1,0,Fixed Object,6,N,N,Physical Condition of Driver,Failing to Reduce Speed to Avoid Crash,Daylight,Clear,Dry,N,,,,,Traffic Signal,Functioning Properly,N,2,41.8869812,-87.7847501,ok,(UNK),1,2202340,2022,,17,28,50000 and OVER,9,4295,Oak Park,C,Urban Local Road or Street,,16,29,11722122,4,Cook,1,22,LIGHT POLE,,5,N,Yes,Free Flow,202201138297,City,1,1,N,,,,(UNK),1093744,(N/A),(UNK),No Defects,1,1,Local Road or Street,7,3036,X002615506,Not Toll,73,3,4,Divided With Median Barrier,3,2945163.31897083,1910342.58717573,41.88697334,-87.78474427,,Urban,1,N,(N/A),Y,(N/A)
2022,2022-04-23,Saturday,11,11:27 AM,Property Damage,No Injuries,0,0,0,0,0,4,Front to Rear,11,N,N,Failing to Reduce Speed to Avoid Crash,Following Too Closely,Daylight,Clear,Dry,N,,,,,Other Regualtory Sig,Functioning Properly,N,2,41.8732267,-87.7991175,ok,Partial Access Control,3,03-22-05472,2022,,28,3,50000 and OVER,9,4295,Oak Park,C,Urban InterState,,16,23,11722193,4,Cook,0,22,,,6,N,No,(UNK),202201138351,ISP,1,21.81999969,Y,,,,(UNK),1093763,(N/A),(UNK),No Defects,1,1,InterState,1,9290,X002615561,Not Toll,73,10,4,Divided With Median Barrier,3,2941389.28272709,1905221.88895092,41.8732189,-87.79911167,,Urban,1,N,(N/A),Y,(N/A)
2022,2022-12-21,Wednesday,15,03:31 PM,Injury,B Injury Crash,1,0,0,1,0,2,Front to Rear,11,N,N,Failing to Reduce Speed to Avoid Crash,Physical Condition of Driver,Daylight,Cloudy/Overcast,Dry,N,,,,,Traffic Signal,Functioning Properly,N,3,41.9015447,-87.7948514,ok,(UNK),1,2207881,2022,,28,17,50000 and OVER,9,4295,Oak Park,C,Urban Major Collector,,16,21,12013081,12,Cook,2,22,,,3,N,No,Stopped,202201415885,City,1,4.61000013,N,,,,(UNK),1094157,(N/A),(UNK),No Defects,1,1,Major Collector,5,2775,X002870588,Not Toll,73,3,4,Not Divided,1,2942265.84886273,1915573.56936448,41.90153683,-87.79484556,,Urban,8,N,(N/A),Y,(N/A)
2022,2022-04-29,Friday,15,03:00 PM,Property Damage,No Injuries,0,0,0,0,0,2,Front to Rear,11,N,N,Following Too Closely,Driving Skills/Knowledge/Experience,Daylight,Clear,Dry,N,,,,,Other Regualtory Sig,Unknown,N,2,41.8710062,-87.7757245,ok,Partial Access Control,3,03-22-05927,2022,,3,15,50000 and OVER,9,4295,Oak Park,C,Urban InterState,,16,29,11723137,4,Cook,0,22,,,5,N,No,(UNK),202201139021,ISP,1,9.14000034,Y,,,,(UNK),1094397,(N/A),(UNK),No Defects,1,1,InterState,1,290,X002616214,Not Toll,,10,9,Divided With Median Barrier,3,2947783.34229824,1904589.39830998,41.87099838,-87.77571869,,Urban,1,N,(N/A),Y,(N/A)
2022,2022-04-30,Saturday,4,04:00 AM,Property Damage,No Injuries,0,0,0,0,0,2,Front to Rear,11,N,N,Following Too Closely,Failing to Reduce Speed to Avoid Crash,Darkness / Lighted Road,Clear,Dry,N,,,,,Other Warning Sign,Functioning Properly,N,2,41.8718144,-87.7858064,ok,Partial Access Control,3,03-22-05936,2022,,3,28,50000 and OVER,9,4295,Oak Park,C,Urban InterState,,16,30,11724948,4,Cook,0,22,,,6,N,No,(UNK),202201141167,ISP,5,8.61999989,Y,,,,(UNK),1094981,(N/A),(UNK),No Defects,1,1,InterState,1,290,X002617916,Not Toll,,11,4,Divided With Median Barrier,3,2945029.07905845,1904807.53453231,41.87180654,-87.7858006,,Urban,1,N,(N/A),Y,(N/A)
2022,2022-05-01,Sunday,18,06:33 PM,Property Damage,No Injuries,0,0,0,0,0,2,Sideswipe Same Direction,12,N,N,Improper Overtaking/Passing,Following Too Closely,Daylight,Clear,Dry,Y,,,,,Traffic Signal,Functioning Properly,Y,2,41.9017082,-87.7948558,ok,(UNK),1,2202376,2022,,4,3,50000 and OVER,9,4295,Oak Park,C,Urban Major Collector,,16,1,11725434,5,Cook,0,22,,,7,N,No,Stopped,202201141638,City,1,0,N,,,,(UNK),1095082,(N/A),(UNK),No Defects,1,1,Major Collector,5,,X002618392,Not Toll,73,3,4,Not Divided,1,2942262.98981042,1915633.11438604,41.90170032,-87.79485001,,Urban,1,N,(N/A),Y,(N/A)
2022,2022-12-21,Wednesday,16,04:08 PM,Property Damage,No Injuries,0,0,0,0,0,3,Front to Rear,11,N,N,Failing to Reduce Speed to Avoid Crash,Unable to Determine,Dusk,Clear,Dry,Y,,,,,No Controls,No Controls,Y,3,41.8917251,-87.7848063,ok,(UNK),1,2207883,2022,,28,18,50000 and OVER,9,4295,Oak Park,C,Urban Major Collector,,16,21,12014073,12,Cook,0,22,,,3,N,Yes,Slow,202201416952,City,3,0,N,,,,(UNK),1095267,(N/A),(UNK),No Defects,1,1,Major Collector,5,,X002871556,Not Toll,73,1,1,Not Divided,1,2945099.98006203,1912070.94238912,41.89171728,-87.78480055,,Urban,1,N,(N/A),Y,(N/A)