crash_year,crash_date,day_of_week,crash_hour,time_of_crash,crash_severity,crash_injury_severity,total_injured,total_fatals,a_injuries,b_injuries,c_injuries,no_injuries,type_of_first_crash,collision_type_code,pedestrian_involved,pedalcyclist_involved,cause1,cause2,lighting_cond,weather_cond,road_surface_cond,intersection_related,is_intersection,highway_or_street_name,at_intersection_with,address_no,traffic_control_device,traffic_control_device_cond,hit_and_run,number_of_vehicles,latitude,longitude,location_status,access_control,agency_code,agency_report_number,agency_report_year,alignment_code,cause1_code,cause2_code,city_class,city_class_code,city_code,city_name,city_township_flag,class_of_trafficway,class_of_trafficway_code,county_code,crash_day,crash_id,crash_month,crash_report_county,crash_severity_cd,crash_yr_source,damaged_property1,damaged_property2,day_of_week_code,did_crash_occur_in_work_zone,did_involve_secondary_crash,flow_condition,icn,investigating_agency_descrip,light_condition_code,mile_station,nhs,non_intersection_direction,non_intersection_distance,non_intersection_units,number_of_lanes,objectid,railroad_crossing_number,road_alignment,road_defects,road_defects_code,road_surface_condition_code,roadway_functional_class,roadway_functional_class_code,route_number,sfe,toll,township,traffic_control_device_code,traffic_control_device_cond_code,trafficway_descrip,trafficway_description_code,ts_crash_coordinate_x,ts_crash_coordinate_y,ts_crash_latitude,ts_crash_longitude,type_report,urban_rural,weather_code,were_workers_present,work_zone,work_zone_related,work_zone_type
2022,2022-12-22,Thursday,11,11:40 AM,Property Damage,No Injuries,0,0,0,0,0,1,Fixed Object,6,N,N,Failing to Reduce Speed to Avoid Crash,Physical Condition of Driver,Daylight,Snow,Snow or Slush,N,,,,,Other,Functioning Properly,N,1,41.8905776,-87.8035627,ok,(UNK),1,2207903,2022,,28,17,50000 and OVER,9,4295,Oak Park,C,Urban Local Road or Street,,16,22,12014101,12,Cook,0,22,ENTRANCE GATE,,4,N,No,Free Flow,202201416983,City,1,0.62,N,,,,(UNK),1095293,(N/A),(UNK),No Defects,1,3,Local Road or Street,7,1405,X002871582,Not Toll,73,13,4,Parking Lot,7,2940004.35188256,1911511.4795064,41.89056977,-87.80355687,,Urban,3,N,(N/A),Y,(N/A)
2022,2022-12-22,Thursday,12,12:18 PM,Property Damage,No Injuries,0,0,0,0,0,1,Parked Motor Vehicle,9,N,N,Failing to Reduce Speed to Avoid Crash,(N/A),Daylight,Snow,Wet,N,,,,,No Controls,No Controls,N,2,41.9089065,-87.801576,ok,(UNK),1,2207904,2022,,28,99,50000 and OVER,9,4295,Oak Park,C,Urban Other Principal Arte,,16,22,12014103,12,Cook,0,22,,,4,N,No,Free Flow,202201416985,City,1,6.13999987,Y,,,,(UNK),1095294,(N/A),(UNK),No Defects,1,2,Other Principal Arterial,3,307,X002871584,Not Toll,73,1,1,Not Divided,1,2940361.0664301,1918205.7821397,41.90889864,-87.80157023,,Urban,3,N,(N/A),Y,(N/A)
2022,2022-12-22,Thursday,13,01:54 PM,Property Damage,No Injuries,0,0,0,0,0,2,Rear to Front,18,N,N,Weather,Failing to Reduce Speed to Avoid Crash,Daylight,Blowing Snow,Snow or Slush,N,,,,,No Controls,No Controls,N,2,41.8761231,-87.7937218,ok,(UNK),1,2207909,2022,,11,28,50000 and OVER,9,4295,Oak Park,C,Urban Local Road or Street,,16,22,12014104,12,Cook,0,22,,,4,N,No,Stopped,202201416987,City,1,0.08,N,,,,(UNK),1095295,(N/A),(UNK),No Defects,1,3,Local Road or Street,7,4025,X002871585,Not Toll,73,1,1,"Divided, No Median Barrier",2,2942829.69374696,1906317.97748964,41.87611526,-87.793716,,Urban,11,N,(N/A),Y,(N/A)
2022,2022-04-28,Thursday,14,02:23 PM,Property Damage,No Injuries,0,0,0,0,0,1,Parked Motor Vehicle,9,N,N,Unable to Determine,(N/A),Daylight,Cloudy/Overcast,Dry,N,,,,,No Controls,No Controls,Y,2,41.9038935,-87.7765243,ok,(UNK),1,2202315,2022,,18,99,50000 and OVER,9,4295,Oak Park,C,Urban Local Road or Street,,16,28,11729675,4,Cook,0,22,,,4,N,No,Slow,202201145685,City,1,0.91000003,N,,,,(UNK),1096065,(N/A),(UNK),No Defects,1,1,Local Road or Street,7,3130,X002622109,Not Toll,73,1,1,Not Divided,1,2947231.50256711,1916568.09408937,41.90388569,-87.77651846,,Urban,8,N,(N/A),Y,(N/A)
2022,2022-04-27,Wednesday,21,09:33 PM,Property Damage,No Injuries,0,0,0,0,0,3,Front to Rear,11,N,N,Failing to Reduce Speed to Avoid Crash,Improper Lane Usage,Darkness / Lighted Road,Clear,Dry,N,,,,,No Controls,No Controls,N,2,41.8724333,-87.7934142,ok,Partial Access Control,3,03-22-05698,2022,,28,20,50000 and OVER,9,4295,Oak Park,C,Urban InterState,,16,27,11731032,4,Cook,0,22,,,3,N,No,(UNK),202201147209,ISP,5,8.22000027,Y,,,,(UNK),1096234,(N/A),(UNK),No Defects,1,1,InterState,1,290,X002623363,Not Toll,,1,1,Divided With Median Barrier,3,2942950.66338554,1904975.67806975,41.87242549,-87.79340842,,Urban,1,N,(N/A),Y,(N/A)
2022,2022-03-29,Tuesday,20,08:45 PM,Property Damage,No Injuries,0,0,0,0,0,2,Front to Rear,11,N,N,Following Too Closely,Unable to Determine,Darkness / Lighted Road,Clear,Dry,Y,,,,,No Controls,No Controls,Y,2,41.8842979,-87.8048807,ok,(UNK),1,22-00942,2022,,3,18,50000 and OVER,9,4295,Oak Park,C,Urban Other Principal Arte,,16,29,11731192,3,Cook,0,22,,,2,N,No,Free Flow,202201147358,City,5,26.34000015,Y,,,,(UNK),1096277,(N/A),(UNK),No Defects,1,1,Other Principal Arterial,3,5043,X002623514,Not Toll,73,1,1,"Divided, No Median Barrier",2,2939708.46564082,1909213.16580601,41.8842901,-87.80487495,,Urban,1,N,(N/A),Y,(N/A)
2022,2022-12-22,Thursday,14,02:56 PM,Property Damage,No Injuries,0,0,0,0,0,1,Fixed Object,6,N,N,Failing to Reduce Speed to Avoid Crash,Weather,Daylight,Snow,Snow or Slush,Y,,,,,Traffic Signal,Functioning Properly,N,1,41.8884673,-87.7895958,ok,(UNK),1,2207910,2022,,28,11,50000 and OVER,9,4295,Oak Park,C,Urban Major Collector,,16,22,12017924,12,Cook,0,22,TRAFFIC SIGNAL DEVICE,,4,N,No,Slow,202201420987,City,1,0,N,,,,(UNK),1097215,(N/A),(UNK),No Defects,1,3,Major Collector,5,,X002875183,Not Toll,73,3,4,"Divided, No Median Barrier",2,2943828.77879112,1910847.54054739,41.88845944,-87.78958996,,Urban,3,N,(N/A),Y,(N/A)
2022,2022-12-22,Thursday,15,03:59 PM,Injury,B Injury Crash,1,0,0,1,0,1,Angle,15,N,N,Failing to Yield Right of Way,Unable to Determine,Darkness / Lighted Road,Snow,Snow or Slush,Y,,,,,Stop Sign,Functioning Properly,N,2,41.8834466,-87.7845453,ok,(UNK),1,2207914,2022,,2,18,50000 and OVER,9,4295,Oak Park,C,Urban Major Collector,,16,22,12017932,12,Cook,2,22,,,4,N,No,Free Flow,202201420995,City,5,0,N,,,,(UNK),1097216,(N/A),(UNK),No Defects,1,3,Major Collector,5,,X002875191,Not Toll,73,2,4,Not Divided,1,2945254.86343181,1909056.04800222,41.88343871,-87.78453947,,Urban,3,N,(N/A),Y,(N/A)
2022,2022-12-21,Wednesday,7,07:00 AM,Injury,A Injury Crash,2,0,1,1,0,0,Turning,10,N,N,Failing to Yield Right of Way,(N/A),Dawn,Cloudy/Overcast,Dry,N,,,,,No Controls,No Controls,N,2,41.8672994,-87.8042892,ok,(UNK),1,22-3824,2022,,2,99,50000 and OVER,9,4295,Oak Park,C,Urban Other Principal Arte,,16,21,12018556,12,Cook,3,22,,,3,N,No,Free Flow,202201421636,City,2,20.53000069,Y,,,,(UNK),1097509,(N/A),(UNK),No Defects,1,1,Other Principal Arterial,3,348,X002875779,Not Toll,73,1,1,Not Divided,1,2940040.13833854,1903023.04730003,41.86729161,-87.80428342,,Urban,8,N,(N/A),Y,(N/A)
2022,2022-04-27,Wednesday,15,03:35 PM,Injury,C Injury Crash,1,0,0,0,1,1,Front to Rear,11,N,N,Following Too Closely,Driving Skills/Knowledge/Experience,Daylight,Clear,Dry,N,,,,,Traffic Signal,Functioning Properly,N,2,41.8906793,-87.8051164,ok,(UNK),1,2200435,2022,,3,15,50000 and OVER,9,4295,Oak Park,C,Urban Other Principal Arte,,16,27,11780371,4,Cook,1,22,,,3,N,No,Slow,202201194496,City,1,18.90999985,Y,,,,(UNK),1098329,(N/A),(UNK),No Defects,1,1,Other Principal Arterial,3,348,X002667323,Not Toll,73,3,4,Not Divided,1,2939580.25772762,1911536.89388666,41.89067149,-87.80511061,,Urban,1,N,(N/A),Y,(N/A)
2022,2022-05-02,Monday,18,06:19 PM,Property Damage,No Injuries,0,0,0,0,0,1,Parked Motor Vehicle,9,N,N,Improper Backing,Failing to Reduce Speed to Avoid Crash,Daylight,Clear,Dry,N,,,,,No Controls,No Controls,Y,2,41.9087934,-87.7995921,ok,(UNK),1,2202401,2022,,30,28,50000 and OVER,9,4295,Oak Park,C,Urban Local Road or Street,,16,2,11721953,5,Cook,0,22,,,1,N,No,Free Flow,202201138133,City,1,0.02,N,,,,(UNK),1100616,(N/A),(UNK),No Defects,1,1,Local Road or Street,7,2693,X002615369,Not Toll,73,1,1,"Divided, No Median Barrier",2,2940902.25211832,1918179.48282356,41.90878557,-87.79958634,,Urban,1,N,(N/A),Y,(N/A)
2022,2022-05-03,Tuesday,19,07:19 PM,Property Damage,No Injuries,0,0,0,0,0,2,Turning,10,N,N,Disregarding Traffic Signals,Failing to Yield Right of Way,Darkness / Lighted Road,Rain,Wet,Y,,,,,Traffic Signal,Functioning Properly,N,2,41.8726274,-87.7842258,ok,(UNK),1,2202429,2022,,25,2,50000 and OVER,9,4295,Oak Park,C,Urban Major Collector,,16,3,11722142,5,Cook,0,22,,,2,N,No,Free Flow,202201138310,City,5,0,N,,,,(UNK),1100730,(N/A),(UNK),No Defects,1,2,Major Collector,5,,X002615518,Not Toll,73,3,4,Four Way,14,2945451.37086777,1905115.77717865,41.87261959,-87.78421998,,Urban,2,N,(N/A),Y,(N/A)
2022,2022-05-02,Monday,16,04:09 PM,Property Damage,No Injuries,0,0,0,0,0,2,Front to Rear,11,N,N,Failing to Reduce Speed to Avoid Crash,Following Too Closely,Daylight,Clear,Dry,N,,,,,No Controls,No Controls,N,2,41.8798748,-87.7841007,ok,(UNK),1,2202395,2022,,28,3,50000 and OVER,9,4295,Oak Park,C,Urban Minor Arterial,,16,2,11722139,5,Cook,0,22,,,1,N,No,Stopped,202201138307,City,1,4.13000011,N,,,,(UNK),1100732,(N/A),(UNK),No Defects,1,1,Minor Arterial,4,1419,X002615515,Not Toll,73,1,1,Divided With Median Barrier,3,2945412.08784837,1907757.78640821,41.87986693,-87.78409489,,Urban,1,N,(N/A),Y,(N/A)
2022,2022-05-03,Tuesday,16,04:58 PM,Property Damage,No Injuries,0,0,0,0,0,5,Turning,10,N,N,Failing to Yield Right of Way,Failing to Reduce Speed to Avoid Crash,Daylight,Cloudy/Overcast,Wet,Y,,,,,No Controls,No Controls,N,2,41.9037945,-87.7841748,ok,(UNK),1,2202427,2022,,2,28,50000 and OVER,9,4295,Oak Park,C,Urban Major Collector,,16,3,11722151,5,Cook,0,22,,,2,N,No,Free Flow,202201138317,City,1,0,N,,,,(UNK),1100733,(N/A),(UNK),No Defects,1,2,Major Collector,5,,X002615525,Not Toll,73,1,1,Not Divided,1,2945149.73941574,1916474.01656526,41.9037866,-87.78416899,,Urban,8,N,(N/A),Y,(N/A)
2022,2022-05-03,Tuesday,21,09:34 PM,Injury,C Injury Crash,2,0,0,0,2,4,Front to Rear,11,N,N,Failing to Reduce Speed to Avoid Crash,Disregarding Traffic Signals,Darkness / Lighted Road,Rain,Wet,N,,,,,Traffic Signal,Functioning Properly,Y,4,41.8942869,-87.8052289,ok,(UNK),1,2200456,2022,,28,25,50000 and OVER,9,4295,Oak Park,C,Urban Other Principal Arte,,16,3,11724155,5,Cook,1,22,,,2,N,Yes,Free Flow,202201140183,City,5,18.67000008,Y,,,,(UNK),1102129,(N/A),(UNK),No Defects,1,2,Other Principal Arterial,3,348,X002617159,Not Toll,73,3,4,Not Divided,1,2939513.41759787,1912850.71173185,41.89427905,-87.80522313,,Urban,2,N,(N/A),Y,(N/A)
2022,2022-05-05,Thursday,8,08:01 AM,Property Damage,No Injuries,0,0,0,0,0,2,Front to Rear,11,N,N,Failing to Reduce Speed to Avoid Crash,Unable to Determine,Daylight,Cloudy/Overcast,Dry,N,,,,,No Controls,No Controls,N,2,41.8899556,-87.8050886,ok,(UNK),1,2200462,2022,,28,18,50000 and OVER,9,4295,Oak Park,C,Urban Other Principal Arte,,16,5,11724156,5,Cook,0,22,,,4,N,No,Slow,202201140184,City,1,18.95999908,Y,,,,(UNK),1102130,(N/A),(UNK),No Defects,1,1,Other Principal Arterial,3,348,X002617160,Not Toll,73,1,1,Two-way Continuous Left-Tur,4,2939595.10307772,1911273.35041307,41.88994773,-87.80508276,,Urban,8,N,(N/A),Y,(N/A)
2022,2022-05-06,Friday,7,07:20 AM,Property Damage,No Injuries,0,0,0,0,0,2,Front to Rear,11,N,N,Failing to Reduce Speed to Avoid Crash,Following Too Closely,Daylight,Rain,Wet,N,,,,,Other,Functioning Properly,N,2,41.8713154,-87.7757516,ok,Partial Access Control,3,03-22-06112,2022,,28,3,50000 and OVER,9,4295,Oak Park,C,Urban InterState,,16,6,11724968,5,Cook,0,22,,,5,N,No,(UNK),202201141186,ISP,1,23.02000046,Y,,,,(UNK),1102578,(N/A),(UNK),No Defects,1,2,InterState,1,9290,X002617935,Not Toll,73,13,4,Divided With Median Barrier,3,2947772.82505006,1904701.8624568,41.87130756,-87.77574577,,Urban,2,N,(N/A),Y,(N/A)
2022,2022-05-05,Thursday,17,05:13 PM,Injury,C Injury Crash,2,0,0,0,2,0,Turning,10,N,N,Failing to Yield Right of Way,(N/A),Daylight,Rain,Wet,Y,,,,,Stop Sign,Functioning Properly,N,2,41.8962229,-87.7946957,ok,(UNK),1,2202494,2022,,2,99,50000 and OVER,9,4295,Oak Park,C,Urban Major Collector,,16,5,11725426,5,Cook,1,22,,,4,N,No,Slow,202201141630,City,1,0,N,,,,(UNK),1102885,(N/A),(UNK),No Defects,1,2,Major Collector,5,,X002618384,Not Toll,73,2,4,Four Way,14,2942361.86268547,1913635.37682145,41.89621504,-87.79468995,,Urban,2,N,(N/A),Y,(N/A)
2022,2022-05-05,Thursday,16,04:15 PM,Property Damage,No Injuries,0,0,0,0,0,1,Fixed Object,6,N,N,Failing to Reduce Speed to Avoid Crash,Unable to Determine,Daylight,Rain,Wet,N,,,,,Traffic Signal,Functioning Properly,N,1,41.8869453,-87.8049682,ok,(UNK),1,2202489,2022,,28,18,50000 and OVER,9,4295,Oak Park,C,Urban Other Principal Arte,,16,5,11725431,5,Cook,0,22,BRIDGE SUPPORT BEAM,,4,N,No,Slow,202201141635,City,1,19.17000008,Y,,,,(UNK),1102886,(N/A),(UNK),No Defects,1,2,Other Principal Arterial,3,348,X002618389,Not Toll,73,3,4,Not Divided,1,2939658.08787711,1910177.26770294,41.88693749,-87.80496239,,Urban,2,N,(N/A),Y,(N/A)
2022,2022-05-05,Thursday,13,01:30 PM,Property Damage,No Injuries,0,0,0,0,0,1,Parked Motor Vehicle,9,N,N,Failing to Reduce Speed to Avoid Crash,(N/A),Daylight,Other,Unknown,N,,,,,No Controls,No Controls,Y,2,41.8799144,-87.7823573,ok,(UNK),1,2202488,2022,,28,99,50000 and OVER,9,4295,Oak Park,C,Urban Minor Arterial,,16,5,11725429,5,Cook,0,22,,,4,N,No,Free Flow,202201141633,City,1,4.23000002,N,,,,(UNK),1102887,(N/A),(UNK),No Defects,1,9,Minor Arterial,4,1419,X002618387,Not Toll,73,1,1,Alley,12,2945886.4876386,1907785.41865879,41.87990655,-87.78235148,,Urban,7,N,(N/A),Y,(N/A)
2022,2022-05-05,Thursday,11,11:48 AM,Property Damage,No Injuries,0,0,0,0,0,1,Fixed Object,6,N,N,Failing to Reduce Speed to Avoid Crash,Following Too Closely,Daylight,Clear,Dry,Y,,,,,No Controls,No Controls,N,1,41.8797128,-87.7929469,ok,(UNK),1,2202476,2022,,28,3,50000 and OVER,9,4295,Oak Park,C,Urban Minor Arterial,,16,5,11725436,5,Cook,0,22,CONCRETE BARRICADE,,4,N,No,Stopped,202201141639,City,1,0,N,,,,(UNK),1102888,(N/A),(UNK),No Defects,1,1,Minor Arterial,4,,X002618394,Not Toll,73,1,1,Not Divided,1,2943004.53838057,1907631.96826082,41.87970496,-87.79294112,,Urban,1,N,(N/A),Y,(N/A)
2022,2022-05-06,Friday,12,12:00 PM,Property Damage,No Injuries,0,0,0,0,0,4,Front to Rear,11,N,N,Failing to Reduce Speed to Avoid Crash,(N/A),Daylight,Rain,Wet,N,,,,,Other Regualtory Sig,Functioning Properly,N,2,41.8713464,-87.7762455,ok,Partial Access Control,3,03-22-06127,2022,,28,99,50000 and OVER,9,4295,Oak Park,C,Urban InterState,,16,6,11725567,5,Cook,0,22,,,5,N,No,(UNK),202201141758,ISP,1,22.98999977,Y,,,,(UNK),1102968,(N/A),(UNK),No Defects,1,2,InterState,1,9290,X002618515,Not Toll,73,10,4,Divided With Median Barrier,3,2947637.96125879,1904709.40115511,41.87133854,-87.77623976,,Urban,2,N,(N/A),Y,(N/A)
2022,2022-05-08,Sunday,9,09:26 AM,Property Damage,No Injuries,0,0,0,0,0,3,Front to Rear,11,N,N,Failing to Reduce Speed to Avoid Crash,Unable to Determine,Daylight,Clear,Dry,Y,,,,,Traffic Signal,Functioning Properly,Y,2,41.8796675,-87.8047358,ok,(UNK),1,22-01332,2022,,28,18,50000 and OVER,9,4295,Oak Park,C,Urban Other Principal Arte,,16,8,11726525,5,Cook,0,22,,,7,N,No,Free Flow,202201142680,City,1,26.02000046,Y,,,,(UNK),1103569,(N/A),(UNK),No Defects,1,1,Other Principal Arterial,3,5043,X002619446,Not Toll,73,3,4,"Divided, No Median Barrier",2,2939794.4070246,1907526.84643234,41.87965969,-87.80472999,,Urban,1,N,(N/A),Y,(N/A)
2022,2022-05-02,Monday,19,07:38 PM,Injury,A Injury Crash,2,0,1,0,1,0,Front to Rear,11,N,N,Failing to Reduce Speed to Avoid Crash,Unable to Determine,Darkness / Lighted Road,Clear,Dry,Y,,,,,Pedestrian Crossing,Functioning Properly,N,2,41.8945279,-87.7881238,ok,(UNK),1,2202402,2022,,28,18,50000 and OVER,9,4295,Oak Park,C,Urban Minor Arterial,,16,2,11728162,5,Cook,3,22,,,1,N,No,Slow,202201144004,City,5,0,N,,,,(UNK),1104357,(N/A),(UNK),No Defects,1,1,Minor Arterial,4,,X002620694,Not Toll,73,17,4,Not Divided,1,2944168.32966871,1913067.26939933,41.89452009,-87.78811805,,Urban,1,N,(N/A),Y,(N/A)
2022,2022-05-07,Saturday,4,04:35 AM,Property Damage,No Injuries,0,0,0,0,0,1,Fixed Object,6,N,N,Improper Lane Usage,Failing to Reduce Speed to Avoid Crash,Darkness / Lighted Road,Clear,Dry,N,,,,,Other,Functioning Properly,N,1,41.8709548,-87.7744796,ok,Partial Access Control,3,03-22-06166,2022,,20,28,50000 and OVER,9,4295,Oak Park,C,Urban InterState,,16,7,11728859,5,Cook,0,22,,,6,N,No,(UNK),202201144715,ISP,5,9.19999981,Y,,,,(UNK),1104750,(N/A),(UNK),No Defects,1,1,InterState,1,290,X002621357,Not Toll,73,13,4,Ramp,11,2948122.95283583,1904580.09927693,41.87094693,-87.77447377,,Urban,1,N,(N/A),Y,(N/A)
2022,2022-05-06,Friday,16,04:14 PM,Property Damage,No Injuries,0,0,0,0,0,2,Turning,10,N,N,Failing to Yield Right of Way,Failing to Reduce Speed to Avoid Crash,Daylight,Rain,Wet,Y,,,,,Traffic Signal,Functioning Properly,N,2,41.8798687,-87.7844362,ok,(UNK),1,2202518,2022,,2,28,50000 and OVER,9,4295,Oak Park,C,Urban Minor Arterial,,16,6,11728918,5,Cook,0,22,,,5,N,No,Free Flow,202201144768,City,1,0,N,,,,(UNK),1104781,(N/A),(UNK),No Defects,1,2,Minor Arterial,4,,X002621411,Not Toll,73,3,4,Four Way,14,2945320.77653817,1907753.02937065,41.87986084,-87.7844304,,Urban,2,N,(N/A),Y,(N/A)
2022,2022-05-06,Friday,15,03:34 PM,Injury,B Injury Crash,1,0,0,1,0,5,Pedestrian,1,Y,N,(N/A),(N/A),Daylight,Rain,Wet,N,,,,,No Controls,No Controls,N,1,41.8832918,-87.7985129,ok,(UNK),1,2202516,2022,,99,99,50000 and OVER,9,4295,Oak Park,C,Urban Local Road or Street,,16,6,11728919,5,Cook,2,22,,,5,N,No,Slow,202201144769,City,1,0.25999999,N,,,,(UNK),1104782,(N/A),(UNK),No Defects,1,2,Local Road or Street,7,2693,X002621412,Not Toll,73,1,1,Not Divided,1,2941452.68554789,1908894.33734441,41.883284,-87.79850711,,Urban,2,N,(N/A),Y,(N/A)
2022,2022-05-08,Sunday,18,06:44 PM,Injury,C Injury Crash,2,0,0,0,2,2,Front to Rear,11,N,N,Failing to Reduce Speed to Avoid Crash,(N/A),Daylight,Clear,Dry,N,,,,,Traffic Signal,Functioning Properly,N,2,41.8797138,-87.792631,ok,(UNK),1,2202561,2022,,28,99,50000 and OVER,9,4295,Oak Park,C,Urban Minor Arterial,,16,8,11728921,5,Cook,1,22,,,7,N,No,Stopped,202201144771,City,1,3.68000007,N,,,,(UNK),1104784,(N/A),(UNK),No Defects,1,1,Minor Arterial,4,1419,X002621414,Not Toll,73,3,4,"Divided, No Median Barrier",2,2943090.56447307,1907634.71376981,41.87970596,-87.79262521,,Urban,1,N,(N/A),Y,(N/A)
2022,2022-05-07,Saturday,7,07:54 AM,Property Damage,No Injuries,0,0,0,0,0,2,Sideswipe Same Direction,12,N,N,Failing to Reduce Speed to Avoid Crash,(N/A),Daylight,Clear,Dry,N,,,,,No Controls,No Controls,N,2,41.8887491,-87.805034,ok,(UNK),1,2202531,2022,,28,99,50000 and OVER,9,4295,Oak Park,C,Urban Other Principal Arte,,16,7,11728924,5,Cook,0,22,,,6,N,No,Free Flow,202201144775,City,1,19.04999924,Y,,,,(UNK),1104786,(N/A),(UNK),No Defects,1,1,Other Principal Arterial,3,348,X002621417,Not Toll,73,1,1,Not Divided,1,2939622.06784653,1910834.09635533,41.88874125,-87.8050282,,Urban,1,N,(N/A),Y,(N/A)
2022,2022-05-08,Sunday,8,08:07 AM,Property Damage,No Injuries,0,0,0,0,0,1,Parked Motor Vehicle,9,N,N,Failing to Reduce Speed to Avoid Crash,(N/A),Daylight,Clear,Dry,N,,,,,No Controls,No Controls,Y,2,41.876196,-87.7794461,ok,(UNK),1,2202550,2022,,28,99,50000 and OVER,9,4295,Oak Park,C,Urban Minor Collector,,16,8,11728922,5,Cook,0,22,,,7,N,No,Free Flow,202201144772,City,1,0.81999999,N,,,,(UNK),1104787,(N/A),(UNK),No Defects,1,1,Minor Collector,6,3794,X002621415,Not Toll,73,1,1,Not Divided,1,2946717.01868103,1906452.42497674,41.87618817,-87.77944034,,Urban,1,N,(N/A),Y,(N/A)
2022,2022-05-09,Monday,0,00:40 AM,Property Damage,No Injuries,0,0,0,0,0,1,Fixed Object,6,N,N,Road Construction/Maintenance,Driving Skills/Knowledge/Experience,Darkness / Lighted Road,Clear,Dry,N,,,,,No Controls,No Controls,N,1,41.879846,-87.7867839,ok,(UNK),1,2202570,2022,,13,15,50000 and OVER,9,4295,Oak Park,C,Urban Minor Arterial,,16,9,11728927,5,Cook,0,22,,,1,N,No,Free Flow,202201144777,City,5,4,N,,,,(UNK),1104788,(N/A),(UNK),No Defects,1,1,Minor Arterial,4,1419,X002621419,Not Toll,73,1,1,Not Divided,1,2944681.6405494,1907727.02773835,41.87983819,-87.78677807,,Urban,1,N,(N/A),Y,(N/A)
2022,2022-05-08,Sunday,21,09:59 PM,Property Damage,No Injuries,0,0,0,0,0,4,Parked Motor Vehicle,9,N,N,Driving Skills/Knowledge/Experience,Unable to Determine,Darkness / Lighted Road,Clear,Dry,N,,,,,No Controls,No Controls,N,2,41.8705422,-87.7939328,ok,(UNK),1,2202567,2022,,15,18,50000 and OVER,9,4295,Oak Park,C,Urban Major Collector,,16,8,11728926,5,Cook,0,22,,,7,N,No,Free Flow,202201144776,City,5,6.80000019,N,,,,(UNK),1104789,(N/A),(UNK),No Defects,1,1,Major Collector,5,2775,X002621418,Not Toll,73,1,1,Not Divided,1,2942828.46678897,1904282.59107494,41.87053431,-87.79392704,,Urban,1,N,(N/A),Y,(N/A)
2022,2022-05-05,Thursday,17,05:02 PM,Property Damage,No Injuries,0,0,0,0,0,6,Angle,15,N,N,Failing to Yield Right of Way,Unable to Determine,Daylight,Rain,Wet,Y,,,,,Stop Sign,Functioning Properly,N,2,41.8946279,-87.7799855,ok,(UNK),1,2202492,2022,,2,18,50000 and OVER,9,4295,Oak Park,C,Urban Minor Arterial,,16,5,11729586,5,Cook,0,22,,,4,N,No,Free Flow,202201145577,City,1,0,N,,,,(UNK),1105084,(N/A),(UNK),No Defects,1,2,Minor Arterial,4,,X002622024,Not Toll,73,2,4,Not Divided,1,2946383.21025923,1913165.24813456,41.89462001,-87.77997969,,Urban,2,N,(N/A),Y,(N/A)
2022,2022-05-09,Monday,8,08:21 AM,Property Damage,No Injuries,0,0,0,0,0,1,Parked Motor Vehicle,9,N,N,Improper Overtaking/Passing,Unable to Determine,Daylight,Clear,Dry,N,,,,,No Controls,No Controls,N,2,41.881535,-87.7975271,ok,(UNK),1,2202571,2022,,4,18,50000 and OVER,9,4295,Oak Park,C,Urban Major Collector,,16,9,11730229,5,Cook,0,22,,,1,N,No,Free Flow,202201146246,City,1,0.37,N,,,,(UNK),1105259,(N/A),(UNK),No Defects,1,1,Major Collector,5,5,X002622637,Not Toll,73,1,1,"Divided, No Median Barrier",2,2941738.83917647,1908261.52900933,41.88152716,-87.79752126,,Urban,1,N,(N/A),Y,(N/A)
2022,2022-05-09,Monday,19,07:42 PM,Property Damage,No Injuries,0,0,0,0,0,2,Parked Motor Vehicle,9,N,N,Improper Overtaking/Passing,Unable to Determine,Darkness / Lighted Road,Clear,Dry,N,,,,,No Controls,No Controls,Y,2,41.9020383,-87.7867497,ok,(UNK),1,2202590,2022,,4,18,50000 and OVER,9,4295,Oak Park,C,Urban Local Road or Street,,16,9,11730230,5,Cook,0,22,,,1,N,No,Free Flow,202201146247,City,5,0.12,N,,,,(UNK),1105260,(N/A),(UNK),No Defects,1,1,Local Road or Street,7,2643,X002622638,Not Toll,73,1,1,Not Divided,1,2944466.50206932,1915814.5773924,41.90203047,-87.78674395,,Urban,1,N,(N/A),Y,(N/A)
2022,2022-05-03,Tuesday,15,03:43 PM,Property Damage,No Injuries,0,0,0,0,0,2,Front to Rear,11,N,N,Following Too Closely,(N/A),Daylight,Clear,Wet,N,,,,,No Controls,No Controls,N,2,41.8732813,-87.7996296,ok,Partial Access Control,3,03-22-05977,2022,,3,99,50000 and OVER,9,4295,Oak Park,C,Urban InterState,,16,3,11730460,5,Cook,0,22,,,2,N,No,(UNK),202201146532,ISP,1,21.80999947,Y,,,,(UNK),1105337,(N/A),(UNK),No Defects,1,2,InterState,1,9290,X002622844,Not Toll,73,1,1,Divided With Median Barrier,3,2941249.24755688,1905237.9074709,41.87327342,-87.79962379,,Urban,1,N,(N/A),Y,(N/A)
2022,2022-05-05,Thursday,17,05:23 PM,Property Damage,No Injuries,0,0,0,0,0,1,Parked Motor Vehicle,9,N,N,Improper Lane Usage,Weather,Daylight,Rain,Wet,N,,,,,No Controls,No Controls,N,2,41.8724629,-87.793992,ok,Partial Access Control,1,2202493,2022,,20,11,50000 and OVER,9,4295,Oak Park,C,Urban InterState,,16,5,11731516,5,Cook,0,22,,,4,N,No,Slow,202201147681,City,1,22.06999969,Y,,,,(UNK),1105576,(N/A),(UNK),No Defects,1,2,InterState,1,9290,X002623826,Not Toll,73,1,1,Not Divided,1,2942793.00196956,1904982.08264546,41.87245501,-87.79398618,,Urban,2,N,(N/A),Y,(N/A)