crash_year,crash_date,day_of_week,crash_hour,time_of_crash,crash_severity,crash_injury_severity,total_injured,total_fatals,a_injuries,b_injuries,c_injuries,no_injuries,type_of_first_crash,collision_type_code,pedestrian_involved,pedalcyclist_involved,cause1,cause2,lighting_cond,weather_cond,road_surface_cond,intersection_related,is_intersection,highway_or_street_name,at_intersection_with,address_no,traffic_control_device,traffic_control_device_cond,hit_and_run,number_of_vehicles,latitude,longitude,location_status,access_control,agency_code,agency_report_number,agency_report_year,alignment_code,cause1_code,cause2_code,city_class,city_class_code,city_code,city_name,city_township_flag,class_of_trafficway,class_of_trafficway_code,county_code,crash_day,crash_id,crash_month,crash_report_county,crash_severity_cd,crash_yr_source,damaged_property1,damaged_property2,day_of_week_code,did_crash_occur_in_work_zone,did_involve_secondary_crash,flow_condition,icn,investigating_agency_descrip,light_condition_code,mile_station,nhs,non_intersection_direction,non_intersection_distance,non_intersection_units,number_of_lanes,objectid,railroad_crossing_number,road_alignment,road_defects,road_defects_code,road_surface_condition_code,roadway_functional_class,roadway_functional_class_code,route_number,sfe,toll,township,traffic_control_device_code,traffic_control_device_cond_code,trafficway_descrip,trafficway_description_code,ts_crash_coordinate_x,ts_crash_coordinate_y,ts_crash_latitude,ts_crash_longitude,type_report,urban_rural,weather_code,were_workers_present,work_zone,work_zone_related,work_zone_type
2022,2022-05-08,Sunday,0,00:26 AM,Injury,A Injury Crash,1,0,1,0,0,4,Parked Motor Vehicle,9,N,N,Improper Lane Usage,Failing to Reduce Speed to Avoid Crash,Darkness / Lighted Road,Clear,Dry,N,,,,,Other,Functioning Properly,Y,2,41.8709546,-87.7744776,ok,Partial Access Control,3,03-22-06217,2022,,20,28,50000 and OVER,9,4295,Oak Park,C,Urban InterState,,16,8,11733062,5,Cook,3,22,,,7,N,No,(UNK),202201149153,ISP,5,9.19999981,Y,,,,(UNK),1105822,(N/A),(UNK),No Defects,1,1,InterState,1,290,X002625008,Not Toll,73,13,4,Divided With Median Barrier,3,2948123.50308637,1904580.0688759,41.8709468,-87.77447176,,Urban,1,N,(N/A),Y,(N/A)
2022,2022-05-08,Sunday,2,02:13 AM,Injury,C Injury Crash,1,0,0,0,1,1,Front to Rear,11,N,N,Failing to Reduce Speed to Avoid Crash,Distraction - From Inside Vehicle,Darkness / Lighted Road,Clear,Dry,N,,,,,Other,Functioning Properly,N,2,41.8728379,-87.7975106,ok,Partial Access Control,3,03-22-06220,2022,,28,41,50000 and OVER,9,4295,Oak Park,C,Urban InterState,,16,8,11736518,5,Cook,1,22,,,7,Y,No,(UNK),202201152760,ISP,5,21.89999962,Y,,,,(UNK),1106125,(N/A),(UNK),No Defects,1,1,InterState,1,9290,X002628240,Not Toll,73,13,4,Divided With Median Barrier,3,2941830.86114114,1905092.28638981,41.8728301,-87.79750478,,Urban,1,Y,Construction,Y,Construction Work Zone
2022,2022-05-07,Saturday,4,04:00 AM,Property Damage,No Injuries,0,0,0,0,0,2,Sideswipe Same Direction,12,N,N,Improper Overtaking/Passing,Driving Skills/Knowledge/Experience,Darkness / Lighted Road,Clear,Dry,N,,,,,No Controls,No Controls,Y,2,41.8723223,-87.7886057,ok,Partial Access Control,3,03-22-06338,2022,,4,15,50000 and OVER,9,4295,Oak Park,C,Urban InterState,,16,7,11736821,5,Cook,0,22,,,6,N,No,(UNK),202201152790,ISP,5,22.36000061,Y,,,,(UNK),1106138,(N/A),(UNK),No Defects,1,1,InterState,1,9290,X002628262,Not Toll,73,1,1,Divided With Median Barrier,3,2944261.5,1904971.5,41.8723145,-87.78859986,,Urban,1,N,(N/A),Y,(N/A)
2022,2022-05-03,Tuesday,16,04:19 PM,Property Damage,No Injuries,0,0,0,0,0,5,Front to Rear,11,N,N,Failing to Reduce Speed to Avoid Crash,(N/A),Daylight,Rain,Wet,N,,,,,No Controls,No Controls,N,2,41.8737636,-87.8043733,ok,Partial Access Control,3,03-22-05979,2022,,28,99,50000 and OVER,9,4295,Oak Park,C,Urban InterState,,16,3,11738493,5,Cook,0,22,,,2,N,No,(UNK),202201154761,ISP,1,21.59000015,Y,,,,(UNK),1106264,(N/A),(UNK),No Defects,1,2,InterState,1,9290,X002629447,Not Toll,73,1,1,Divided With Median Barrier,3,2939952.37760102,1905378.05716211,41.87375573,-87.80436749,,Urban,2,N,(N/A),Y,(N/A)
2022,2022-05-05,Thursday,17,05:34 PM,Property Damage,No Injuries,0,0,0,0,0,2,Turning,10,N,N,Failing to Yield Right of Way,(N/A),Darkness / Lighted Road,Rain,Wet,Y,,,,,Stop Sign,Functioning Properly,N,2,41.868712,-87.8043353,ok,(UNK),1,22-01310,2022,,2,99,50000 and OVER,9,4295,Oak Park,C,Urban Other Principal Arte,,16,5,11740176,5,Cook,0,22,,,4,N,No,Free Flow,202201156379,City,5,25.26000023,Y,,,,(UNK),1106425,(N/A),(UNK),No Defects,1,2,Other Principal Arterial,3,5043,X002631040,Not Toll,73,2,4,"Divided, No Median Barrier",2,2940013.41767491,1903537.47273433,41.86870419,-87.80432949,,Urban,2,N,(N/A),Y,(N/A)
2022,2022-05-03,Tuesday,21,09:55 PM,Property Damage,No Injuries,0,0,0,0,0,2,Sideswipe Same Direction,12,N,N,Improper Lane Usage,(N/A),Darkness,Clear,Dry,N,,,,,No Controls,No Controls,Y,2,41.8737113,-87.8037726,ok,Partial Access Control,3,03-22-05995,2022,,20,99,50000 and OVER,9,4295,Oak Park,C,Urban InterState,,16,3,11743915,5,Cook,0,22,,,2,N,No,(UNK),202201159911,ISP,4,21.62000084,Y,,,,(UNK),1106559,(N/A),(UNK),No Defects,1,1,InterState,1,9290,X002634580,Not Toll,73,1,1,Divided With Median Barrier,3,2940116.5,1905363.5,41.87370342,-87.80376684,,Urban,1,N,(N/A),Y,(N/A)
2022,2022-05-07,Saturday,16,04:40 PM,Property Damage,No Injuries,0,0,0,0,0,4,Front to Rear,11,N,N,Following Too Closely,Failing to Reduce Speed to Avoid Crash,Daylight,Clear,Dry,N,,,,,Other Regualtory Sig,Functioning Properly,N,4,41.8719324,-87.7839906,ok,Partial Access Control,3,03-22-06198,2022,,3,28,50000 and OVER,9,4295,Oak Park,C,Urban InterState,,16,7,11745330,5,Cook,0,22,,,6,N,No,(UNK),202201161350,ISP,1,22.60000038,Y,,,,(UNK),1106591,(N/A),(UNK),No Defects,1,1,InterState,1,9290,X002635868,Not Toll,73,10,4,Divided With Median Barrier,3,2945522.45337377,1904864.28883089,41.8719246,-87.78398483,,Urban,1,N,(N/A),Y,(N/A)
2022,2022-05-03,Tuesday,7,07:33 AM,Injury,B Injury Crash,1,0,0,1,0,1,Turning,10,N,N,Failing to Yield Right of Way,(N/A),Daylight,Rain,Wet,Y,,,,,Traffic Signal,Functioning Properly,N,2,41.8885678,-87.8050258,ok,(UNK),1,2200452,2022,,2,99,50000 and OVER,9,4295,Oak Park,C,Urban Other Principal Arte,,16,3,11790092,5,Cook,2,22,,,2,N,No,Free Flow,202201202969,City,1,26.63999939,Y,,,,(UNK),1107086,(N/A),(UNK),No Defects,1,2,Other Principal Arterial,3,5043,X002674619,Not Toll,73,3,4,Four Way,14,2939626.11874017,1910768.10734459,41.88856,-87.80502,,Urban,2,N,(N/A),Y,(N/A)
2023,2023-04-27,Thursday,19,07:44 PM,Property Damage,No Injuries,0,0,0,0,0,2,Angle,15,N,N,Disregarding Stop Sign,Failing to Yield Right of Way,Dusk,Clear,Dry,Y,,,,,Stop Sign,Functioning Properly,N,2,41.8982091,-87.7866287,ok,(UNK),1,2302474,2023,,23,2,50000 and OVER,9,4295,Oak Park,C,Urban Local Road or Street,,16,27,12163089,4,Cook,0,23,,,4,N,No,Slow,202301132015,City,3,0,N,,,,(UNK),320,(N/A),(UNK),No Defects,1,1,Local Road or Street,7,,X003001734,Not Toll,73,2,4,Four Way,14,2944538.17974755,1914420.04427958,41.89820124,-87.78662294,,Urban,1,N,(N/A),Y,(N/A)
2023,2023-04-28,Friday,17,05:00 PM,Property Damage,No Injuries,0,0,0,0,0,2,Turning,10,N,N,Failing to Yield Right of Way,Failing to Reduce Speed to Avoid Crash,Daylight,Other,Unknown,N,,,,,Traffic Signal,Functioning Properly,N,2,41.9087537,-87.8057811,ok,(UNK),1,2302509,2023,,2,28,50000 and OVER,9,4295,Oak Park,C,Urban Other Principal Arte,,16,28,12163121,4,Cook,0,23,,,5,N,No,Slow,202301132055,City,1,17.65999985,Y,,,,(UNK),322,(N/A),(UNK),Unknown,99,9,Other Principal Arterial,3,348,X003001765,Not Toll,73,3,4,"Divided, No Median Barrier",2,2939217.90537968,1918118.56187942,41.90874588,-87.80577532,,Urban,7,N,(N/A),N,(N/A)
2023,2023-04-29,Saturday,22,10:49 PM,Property Damage,No Injuries,0,0,0,0,0,3,Sideswipe Same Direction,12,N,N,Improper Lane Usage,(N/A),Darkness / Lighted Road,Clear,Dry,Y,,,,,Traffic Signal,Functioning Properly,N,2,41.8737098,-87.8045276,ok,(UNK),1,2302523,2023,,20,99,50000 and OVER,9,4295,Oak Park,C,Urban Other Principal Arte,,16,29,12163140,4,Cook,0,23,,,6,N,No,Free Flow,202301132079,City,5,20.07999992,Y,,,,(UNK),324,(N/A),(UNK),No Defects,1,1,Other Principal Arterial,3,348,X003001783,Not Toll,73,3,4,Divided With Median Barrier,3,2939910.89033009,1905357.31929555,41.873702,-87.80452179,,Urban,1,N,(N/A),Y,(N/A)
2023,2023-04-29,Saturday,12,12:19 PM,Property Damage,No Injuries,0,0,0,0,0,2,Front to Rear,11,N,N,Failing to Reduce Speed to Avoid Crash,(N/A),Daylight,Rain,Wet,N,,,,,No Controls,No Controls,N,2,41.8936909,-87.7848478,ok,(UNK),1,2302514,2023,,28,99,50000 and OVER,9,4295,Oak Park,C,Urban Major Collector,,16,29,12163125,4,Cook,0,23,,,6,N,No,Stopped,202301132059,City,1,0.56,N,,,,(UNK),344,(N/A),(UNK),No Defects,1,2,Major Collector,5,2783,X003001769,Not Toll,73,1,1,Not Divided,1,2945068.80140808,1912786.98985569,41.89368304,-87.78484198,,Urban,2,N,(N/A),Y,(N/A)
2023,2023-04-30,Sunday,14,02:28 PM,Property Damage,No Injuries,0,0,0,0,0,3,Angle,15,N,N,Failing to Yield Right of Way,Weather,Daylight,Rain,Wet,Y,,,,,Stop Sign,Functioning Properly,N,2,41.8779418,-87.7941766,ok,(UNK),1,2302531,2023,,2,11,50000 and OVER,9,4295,Oak Park,C,Urban Major Collector,,16,30,12163150,4,Cook,0,23,,,7,N,No,Free Flow,202301132092,City,1,6.28999996,N,,,,(UNK),347,(N/A),(UNK),No Defects,1,2,Major Collector,5,2775,X003001793,Not Toll,73,2,4,Four Way,14,2942687.50996988,1906977.30894727,41.87793393,-87.79417075,,Urban,2,N,(N/A),Y,(N/A)
2023,2023-06-03,Saturday,8,08:50 AM,Property Damage,No Injuries,0,0,0,0,0,2,Turning,10,N,N,Improper Turning/No Signal,Driving Skills/Knowledge/Experience,Daylight,Clear,Dry,Y,,,,,Traffic Signal,Functioning Properly,N,2,41.8736416,-87.8045258,ok,Partial Access Control,1,23-01611,2023,,6,15,50000 and OVER,9,4295,Oak Park,C,Urban InterState,,16,3,12203921,6,Cook,0,23,,,6,N,No,Slow,202301171250,City,1,0.20999999,Y,,,,(UNK),1103,(N/A),(UNK),No Defects,1,1,InterState,1,290,X003038464,Not Toll,73,3,4,"Divided, No Median Barrier",2,2939912.062394,1905332.46992192,41.87363377,-87.80452,,Urban,1,N,(N/A),Y,(N/A)
2023,2023-06-06,Tuesday,9,09:10 AM,Injury,B Injury Crash,1,0,0,1,0,2,Angle,15,N,N,Disregarding Stop Sign,Failing to Yield Right of Way,Daylight,Clear,Dry,Y,,,,,Stop Sign,Functioning Properly,N,2,41.8833634,-87.7894654,ok,(UNK),1,2303398,2023,,23,2,50000 and OVER,9,4295,Oak Park,C,Urban Minor Collector,,16,6,12208837,6,Cook,2,23,,,2,N,No,(UNK),202301175837,City,1,0.37,N,,,,(UNK),1135,(N/A),(UNK),No Defects,1,1,Minor Collector,6,2779,X003042917,Not Toll,73,2,4,Not Divided,1,2943915.84074988,1908988.58708378,41.8833556,-87.78945955,,Urban,1,N,(N/A),Y,(N/A)
2023,2023-05-15,Monday,12,12:00 PM,Property Damage,No Injuries,0,0,0,0,0,2,Front to Rear,11,N,N,Unable to Determine,(N/A),Daylight,Clear,Dry,N,,,,,No Controls,No Controls,N,2,41.8789188,-87.8047004,ok,(UNK),1,2303435,2023,,18,99,50000 and OVER,9,4295,Oak Park,C,Urban Other Principal Arte,,16,15,12210395,5,Cook,0,23,,,1,N,No,Stopped,202301177035,City,1,19.72999954,Y,,,,(UNK),1452,(N/A),(UNK),No Defects,1,1,Other Principal Arterial,3,348,X003044114,Not Toll,73,1,1,"Divided, No Median Barrier",2,2939811.56461326,1907254.26047696,41.87891096,-87.80469457,,Urban,1,N,(N/A),Y,(N/A)
2023,2023-06-07,Wednesday,15,03:30 PM,Property Damage,No Injuries,0,0,0,0,0,3,Turning,10,N,N,Failing to Reduce Speed to Avoid Crash,(N/A),Daylight,Clear,Dry,Y,,,,,Stop Sign,Functioning Properly,N,2,41.888139,-87.7781703,ok,(UNK),1,2303438,2023,,28,99,50000 and OVER,9,4295,Oak Park,C,Urban Major Collector,,16,7,12210412,6,Cook,0,23,,,3,N,No,Free Flow,202301177051,City,1,1.17999995,N,,,,(UNK),1453,(N/A),(UNK),No Defects,1,1,Major Collector,5,1405,X003044130,Not Toll,73,2,4,Not Divided,1,2946943.30982367,1910814.36079434,41.8881312,-87.77816448,,Urban,1,N,(N/A),Y,(N/A)
2023,2023-05-11,Thursday,8,08:30 AM,Property Damage,No Injuries,0,0,0,0,0,2,Front to Rear,11,N,N,Failing to Reduce Speed to Avoid Crash,Following Too Closely,Daylight,Clear,Dry,N,,,,,Other,Functioning Properly,Y,2,41.873771,-87.8044474,ok,Partial Access Control,3,03-23-08294,2023,,28,3,50000 and OVER,9,4295,Oak Park,C,Urban InterState,,16,11,12190252,5,Cook,0,23,,,4,N,No,(UNK),202301157448,ISP,1,7.69999981,Y,,,,(UNK),1746,(N/A),(UNK),No Defects,1,1,InterState,1,290,X003025921,Not Toll,73,13,4,Divided With Median Barrier,3,2939932.10738117,1905380.20115896,41.87376314,-87.80444164,,Urban,1,N,(N/A),Y,(N/A)
2023,2023-05-27,Saturday,12,12:10 PM,Property Damage,No Injuries,0,0,0,0,0,3,Rear to Front,18,N,N,Driving Skills/Knowledge/Experience,Unable to Determine,Daylight,Clear,Dry,Y,,,,,Other,Functioning Properly,N,2,41.8832478,-87.8048558,ok,(UNK),1,23-01537,2023,,15,18,50000 and OVER,9,4295,Oak Park,C,Urban Other Principal Arte,,16,27,12195586,5,Cook,0,23,,,6,N,No,Free Flow,202301163069,City,1,19.43000031,Y,,,,(UNK),2023,(N/A),(UNK),No Defects,1,1,Other Principal Arterial,3,348,X003030787,Not Toll,73,13,4,"Divided, No Median Barrier",2,2939725.79669042,1908830.67683626,41.88324,-87.80485,,Urban,1,N,(N/A),Y,(N/A)
2023,2023-05-22,Monday,18,06:15 PM,Property Damage,No Injuries,0,0,0,0,0,4,Front to Rear,11,N,N,Failing to Reduce Speed to Avoid Crash,(N/A),Daylight,Clear,Dry,N,,,,,No Controls,No Controls,N,3,41.8800936,-87.7844459,ok,(UNK),1,2303042,2023,,28,99,50000 and OVER,9,4295,Oak Park,C,Urban Major Collector,,16,22,12190361,5,Cook,0,23,,,1,N,Yes,(UNK),202301157654,City,1,1.5,N,,,,(UNK),2596,(N/A),(UNK),No Defects,1,1,Major Collector,5,2783,X003026025,Not Toll,73,1,1,"Divided, No Median Barrier",2,2945315.86367592,1907834.91716344,41.88008575,-87.78444008,,Urban,1,N,(N/A),Y,(N/A)
2023,2023-05-18,Thursday,16,04:07 PM,Property Damage,No Injuries,0,0,0,0,0,2,Sideswipe Opposite Direction,13,N,N,Failing to Yield Right of Way,(N/A),Daylight,Clear,Dry,Y,,,,,Stop Sign,Functioning Properly,N,2,41.8851354,-87.7895058,ok,(UNK),1,2302960,2023,,2,99,50000 and OVER,9,4295,Oak Park,C,Urban Minor Collector,,16,18,12186303,5,Cook,0,23,,,4,N,No,Slow,202301153483,City,1,0.23999999,N,,,,(UNK),2610,(N/A),(UNK),No Defects,1,1,Minor Collector,6,2779,X003022215,Not Toll,73,2,4,Four Way,14,2943886.91779974,1909634.02986734,41.88512759,-87.78950004,,Urban,1,N,(N/A),Y,(N/A)
2023,2023-05-03,Wednesday,20,08:50 PM,Property Damage,No Injuries,0,0,0,0,0,1,Fixed Object,6,N,N,Evasive Action Due to Animal / Object / Non-Motorist,Road Construction/Maintenance,Darkness / Lighted Road,Clear,Dry,Y,,,,,No Controls,No Controls,N,1,41.8853206,-87.778097,ok,(UNK),1,2302609,2023,,32,13,50000 and OVER,9,4295,Oak Park,C,Urban Local Road or Street,,16,3,12168458,5,Cook,0,23,TREE,,3,N,No,Free Flow,202301136793,City,5,0,N,,,,(UNK),3012,(N/A),(UNK),Debris On Roadway,9,1,Local Road or Street,7,,X003006268,Not Toll,73,1,1,Not Divided,1,2946991.85621399,1909787.83833442,41.8853128,-87.77809125,,Urban,1,N,(N/A),N,(N/A)
2023,2023-05-02,Tuesday,8,08:28 AM,Property Damage,No Injuries,0,0,0,0,0,2,Front to Rear,11,N,N,Failing to Reduce Speed to Avoid Crash,Following Too Closely,Daylight,Clear,Dry,N,,,,,Other Warning Sign,Functioning Properly,N,2,41.8712662,-87.7794678,ok,Partial Access Control,3,03-23-07693,2023,,28,3,50000 and OVER,9,4295,Oak Park,C,Urban InterState,,16,2,12168618,5,Cook,0,23,,,2,N,No,(UNK),202301136947,ISP,1,8.94999981,Y,,,,(UNK),3755,(N/A),(UNK),No Defects,1,1,InterState,1,290,X003006423,Not Toll,,11,4,Divided With Median Barrier,3,2946761.12214274,1904655.73618918,41.87125833,-87.77946196,,Urban,1,N,(N/A),Y,(N/A)
2023,2023-05-04,Thursday,11,11:27 AM,Injury,B Injury Crash,1,0,0,1,0,2,Turning,10,N,N,Failing to Yield Right of Way,Failing to Reduce Speed to Avoid Crash,Daylight,Clear,Dry,Y,,,,,Traffic Signal,Functioning Properly,N,2,41.8819184,-87.7796144,ok,(UNK),1,2302615,2023,,2,28,50000 and OVER,9,4295,Oak Park,C,Urban Major Collector,,16,4,12168462,5,Cook,2,23,,,4,N,No,Free Flow,202301136796,City,1,1.29999995,N,,,,(UNK),3900,(N/A),(UNK),No Defects,1,1,Major Collector,5,5,X003006272,Not Toll,73,3,4,Not Divided,1,2946613.14553644,1908536.48546822,41.88191054,-87.77960865,,Urban,1,N,(N/A),Y,(N/A)
2023,2023-05-06,Saturday,12,12:54 PM,Property Damage,No Injuries,0,0,0,0,0,5,Front to Rear,11,N,N,Improper Lane Usage,(N/A),Daylight,Clear,Dry,N,,,,,Other,Functioning Properly,N,3,41.8737408,-87.80415,ok,Partial Access Control,3,03-23-07978,2023,,20,99,50000 and OVER,9,4295,Oak Park,C,Urban InterState,,16,6,12169958,5,Cook,0,23,,,6,N,No,(UNK),202301138249,ISP,1,7.71999979,Y,,,,(UNK),3924,(N/A),(UNK),No Defects,1,1,InterState,1,290,X003007712,Not Toll,73,13,4,Divided With Median Barrier,3,2940013.41363637,1905371.45,41.873733,-87.80414423,,Urban,1,N,(N/A),Y,(N/A)
2023,2023-05-23,Tuesday,8,08:47 AM,Property Damage,No Injuries,0,0,0,0,0,3,Front to Rear,11,N,N,Failing to Reduce Speed to Avoid Crash,Following Too Closely,Daylight,Clear,Dry,N,,,,,Other Warning Sign,Functioning Properly,N,2,41.8712746,-87.7750273,ok,Partial Access Control,3,03-23-09088,2023,,28,3,50000 and OVER,9,4295,Oak Park,C,Urban InterState,,16,23,12192309,5,Cook,0,23,,,2,N,No,(UNK),202301159771,ISP,1,9.17000008,Y,,,,(UNK),4222,(N/A),(UNK),No Defects,1,1,InterState,1,290,X003027844,Not Toll,73,11,4,Divided With Median Barrier,3,2947970.5,1904692.5,41.87126678,-87.77502155,,Urban,1,N,(N/A),Y,(N/A)
2023,2023-05-04,Thursday,14,02:40 PM,Property Damage,No Injuries,0,0,0,0,0,3,Front to Rear,11,N,N,Following Too Closely,Failing to Reduce Speed to Avoid Crash,Daylight,Clear,Dry,N,,,,,Delineators,Functioning Properly,N,3,41.8737619,-87.8043293,ok,Partial Access Control,3,03-23-07890,2023,,3,28,50000 and OVER,9,4295,Oak Park,C,Urban InterState,,16,4,12169949,5,Cook,0,23,,,4,N,No,(UNK),202301138240,ISP,1,7.71000004,Y,,,,(UNK),5088,(N/A),(UNK),No Defects,1,1,InterState,1,290,X003007704,Not Toll,73,14,4,Divided With Median Barrier,3,2939964.37155979,1905377.78814486,41.87375409,-87.80432351,,Urban,1,N,(N/A),Y,(N/A)
2023,2023-06-09,Friday,7,07:45 AM,Injury,C Injury Crash,2,0,0,0,2,0,Angle,15,N,N,Disregarding Traffic Signals,Failing to Reduce Speed to Avoid Crash,Daylight,Clear,Dry,Y,,,,,Traffic Signal,Functioning Properly,N,2,41.8689678,-87.7840956,ok,(UNK),1,2303464,2023,,25,28,50000 and OVER,9,4295,Oak Park,C,Urban Major Collector,,16,9,12214568,6,Cook,1,23,,,5,N,No,(UNK),202301181155,City,1,2.27999997,N,,,,(UNK),5649,(N/A),(UNK),No Defects,1,1,Major Collector,5,2783,X003048138,Not Toll,73,3,4,"Divided, No Median Barrier",2,2945523.87308143,1903783.14272954,41.86896,-87.78408977,,Urban,1,N,(N/A),Y,(N/A)
2023,2023-05-20,Saturday,17,05:25 PM,Property Damage,No Injuries,0,0,0,0,0,2,Front to Rear,11,N,N,Failing to Reduce Speed to Avoid Crash,Driving Skills/Knowledge/Experience,Daylight,Clear,Dry,N,,,,,Other Regualtory Sig,Functioning Properly,N,2,41.8712893,-87.7753582,ok,Partial Access Control,3,03-23-08927,2023,,28,15,50000 and OVER,9,4295,Oak Park,C,Urban InterState,,16,20,12188021,5,Cook,0,23,,,6,N,No,(UNK),202301155115,ISP,1,9.14999962,Y,,,,(UNK),5878,(N/A),(UNK),No Defects,1,1,InterState,1,290,X003023867,Not Toll,73,10,4,Divided With Median Barrier,3,2947880.24587758,1904695.3341797,41.87128145,-87.77535236,,Urban,1,N,(N/A),Y,(N/A)
2023,2023-05-19,Friday,15,03:50 PM,Property Damage,No Injuries,0,0,0,0,0,2,Sideswipe Same Direction,12,N,N,Improper Overtaking/Passing,Driving Skills/Knowledge/Experience,Daylight,Clear,Dry,N,,,,,No Controls,No Controls,N,3,41.8978933,-87.7898725,ok,(UNK),1,2302979,2023,,4,15,50000 and OVER,9,4295,Oak Park,C,Urban Local Road or Street,,16,19,12189107,5,Cook,0,23,,,5,N,No,Free Flow,202301156178,City,1,0,N,,,,(UNK),6080,(N/A),(UNK),No Defects,1,1,Local Road or Street,7,,X003024831,Not Toll,73,1,1,Not Divided,1,2943658.22928669,1914280.47842288,41.89788547,-87.78986665,,Urban,1,N,(N/A),Y,(N/A)
2023,2023-06-09,Friday,14,02:57 PM,Property Damage,No Injuries,0,0,0,0,0,3,Turning,10,N,N,Improper Overtaking/Passing,Improper Lane Usage,Daylight,Clear,Dry,Y,,,,,No Controls,Functioning Properly,N,2,41.8801061,-87.7779743,ok,(UNK),1,2303477,2023,,4,20,50000 and OVER,9,4295,Oak Park,C,Urban Local Road or Street,,16,9,12214624,6,Cook,0,23,,,5,N,No,Free Flow,202301181209,City,1,0,N,,,,(UNK),6318,(N/A),(UNK),No Defects,1,1,Local Road or Street,7,,X003048193,Not Toll,73,1,4,"Divided, No Median Barrier",2,2947078.20871795,1907888.49833342,41.88009828,-87.77796848,,Urban,1,N,(N/A),Y,(N/A)
2023,2023-06-12,Monday,8,08:25 AM,Property Damage,No Injuries,0,0,0,0,0,3,Rear to Rear,17,N,N,Improper Backing,Failing to Reduce Speed to Avoid Crash,Daylight,Clear,Dry,Y,,,,,No Controls,No Controls,N,2,41.8745472,-87.7781302,ok,(UNK),1,2303538,2023,,30,28,50000 and OVER,9,4295,Oak Park,C,Urban Local Road or Street,,16,12,12216257,6,Cook,0,23,,,1,N,No,(UNK),202301182441,City,1,0,N,,,,(UNK),6350,(N/A),(UNK),No Defects,1,1,Local Road or Street,7,,X003049417,Not Toll,73,1,1,"Divided, No Median Barrier",2,2947092.14151347,1905861.53320491,41.87453933,-87.77812444,,Urban,1,N,(N/A),Y,(N/A)
2023,2023-05-19,Friday,17,05:58 PM,Property Damage,No Injuries,0,0,0,0,0,2,Front to Rear,11,N,N,Failing to Reduce Speed to Avoid Crash,Driving Skills/Knowledge/Experience,Daylight,Clear,Dry,N,,,,,No Controls,No Controls,N,2,41.8944566,-87.7914814,ok,(UNK),1,2302983,2023,,28,15,50000 and OVER,9,4295,Oak Park,C,Urban Minor Arterial,,16,19,12189109,5,Cook,0,23,,,5,N,No,Stopped,202301156181,City,1,3.26999998,N,,,,(UNK),6479,(N/A),(UNK),No Defects,1,1,Minor Arterial,4,1398,X003024833,Not Toll,73,1,1,Not Divided,1,2943254.86233576,1913015.93966186,41.89444877,-87.7914756,,Urban,1,N,(N/A),Y,(N/A)
2023,2023-05-20,Saturday,23,11:58 PM,Property Damage,No Injuries,0,0,0,0,0,3,Angle,15,N,N,Disregarding Traffic Signals,(N/A),Darkness / Lighted Road,Clear,Dry,Y,,,,,Traffic Signal,Functioning Properly,Y,2,41.9015578,-87.8055283,ok,(UNK),1,2303009,2023,,25,99,50000 and OVER,9,4295,Oak Park,C,Urban Other Principal Arte,,16,20,12189212,5,Cook,0,23,,,6,N,No,Free Flow,202301156299,City,5,18.15999985,Y,,,,(UNK),6514,(N/A),(UNK),No Defects,1,1,Other Principal Arterial,3,348,X003024928,Not Toll,73,3,4,Not Divided,1,2939358.93507352,1915498.11707672,41.90154994,-87.80552254,,Urban,1,N,(N/A),Y,(N/A)
2023,2023-06-03,Saturday,9,09:20 AM,Property Damage,No Injuries,0,0,0,0,0,2,Sideswipe Same Direction,12,N,N,Failing to Reduce Speed to Avoid Crash,Failing to Yield Right of Way,Daylight,Clear,Dry,N,,,,,No Controls,No Controls,N,2,41.873138,-87.8008267,ok,Partial Access Control,3,03-23-09881,2023,,28,2,50000 and OVER,9,4295,Oak Park,C,Urban InterState,,16,3,12205366,6,Cook,0,23,,,6,N,No,(UNK),202301172657,ISP,1,7.86999989,Y,,,,(UNK),6588,(N/A),(UNK),No Defects,1,1,InterState,1,290,X003039883,Not Toll,,1,1,Divided With Median Barrier,3,2940924.63552125,1905176.71706175,41.87313019,-87.80082089,,Urban,1,N,(N/A),Y,(N/A)
2023,2023-06-10,Saturday,9,09:56 AM,Property Damage,No Injuries,0,0,0,0,0,1,Parked Motor Vehicle,9,N,N,Failing to Reduce Speed to Avoid Crash,Unable to Determine,Unknown,Clear,Dry,N,,,,,No Controls,No Controls,Y,2,41.8815857,-87.7939681,ok,(UNK),1,2303493,2023,,28,18,50000 and OVER,9,4295,Oak Park,C,Urban Major Collector,,16,10,12214665,6,Cook,0,23,,,6,N,No,Free Flow,202301181243,City,9,0.56,N,,,,(UNK),6928,(N/A),(UNK),No Defects,1,1,Major Collector,5,5,X003048227,Not Toll,73,1,1,Not Divided,1,2942707.53754689,1908306.78627801,41.88157784,-87.79396235,,Urban,1,N,(N/A),Y,(N/A)
2023,2023-04-25,Tuesday,8,08:26 AM,Injury,C Injury Crash,2,0,0,0,2,3,Front to Rear,11,N,N,Disregarding Traffic Signals,Disregarding Traffic Signals,Daylight,Rain,Wet,Y,,,,,Traffic Signal,Functioning Properly,N,3,41.8821285,-87.7747258,ok,(UNK),1,2302419,2023,,25,25,50000 and OVER,9,4295,Oak Park,C,Urban Minor Arterial,,16,25,12164155,4,Cook,1,23,BUILDING,,2,N,Yes,Slow,202301133214,City,1,1.53999996,N,,,,(UNK),7192,(N/A),(UNK),No Defects,1,2,Minor Arterial,4,5,X003002755,Not Toll,,3,4,Other,8,2947942.34205189,1908650.13497736,41.88212063,-87.77472001,,Urban,2,N,(N/A),Y,(N/A)