crash_year,crash_date,day_of_week,crash_hour,time_of_crash,crash_severity,crash_injury_severity,total_injured,total_fatals,a_injuries,b_injuries,c_injuries,no_injuries,type_of_first_crash,collision_type_code,pedestrian_involved,pedalcyclist_involved,cause1,cause2,lighting_cond,weather_cond,road_surface_cond,intersection_related,is_intersection,highway_or_street_name,at_intersection_with,address_no,traffic_control_device,traffic_control_device_cond,hit_and_run,number_of_vehicles,latitude,longitude,location_status,access_control,agency_code,agency_report_number,agency_report_year,alignment_code,cause1_code,cause2_code,city_class,city_class_code,city_code,city_name,city_township_flag,class_of_trafficway,class_of_trafficway_code,county_code,crash_day,crash_id,crash_month,crash_report_county,crash_severity_cd,crash_yr_source,damaged_property1,damaged_property2,day_of_week_code,did_crash_occur_in_work_zone,did_involve_secondary_crash,flow_condition,icn,investigating_agency_descrip,light_condition_code,mile_station,nhs,non_intersection_direction,non_intersection_distance,non_intersection_units,number_of_lanes,objectid,railroad_crossing_number,road_alignment,road_defects,road_defects_code,road_surface_condition_code,roadway_functional_class,roadway_functional_class_code,route_number,sfe,toll,township,traffic_control_device_code,traffic_control_device_cond_code,trafficway_descrip,trafficway_description_code,ts_crash_coordinate_x,ts_crash_coordinate_y,ts_crash_latitude,ts_crash_longitude,type_report,urban_rural,weather_code,were_workers_present,work_zone,work_zone_related,work_zone_type
2023,2023-04-29,Saturday,12,12:53 PM,Property Damage,No Injuries,0,0,0,0,0,2,Front to Rear,11,N,N,Following Too Closely,Failing to Reduce Speed to Avoid Crash,Daylight,Rain,Wet,N,,,,,Other,Functioning Properly,Y,2,41.8732884,-87.7996321,ok,Partial Access Control,3,03-23-07532,2023,,3,28,50000 and OVER,9,4295,Oak Park,C,Urban InterState,,16,29,12164032,4,Cook,0,23,,,6,N,No,(UNK),202301133056,ISP,1,7.92999983,Y,,,,(UNK),7330,(N/A),(UNK),No Defects,1,2,InterState,1,290,X003002636,Not Toll,73,13,4,Divided With Median Barrier,3,2941248.5,1905240.5,41.87328058,-87.79962627,,Urban,2,N,(N/A),Y,(N/A)
2023,2023-03-07,Tuesday,14,02:50 PM,Property Damage,No Injuries,0,0,0,0,0,2,Other Object,7,N,N,Equipment-Vehicle Condition,(N/A),Daylight,Clear,Dry,N,,,,,No Controls,No Controls,Y,2,41.8737769,-87.8045294,ok,Partial Access Control,2,SH-23-00085422,2023,,10,99,50000 and OVER,9,4295,Oak Park,C,Urban InterState,,16,7,12164046,3,Cook,0,23,,,2,N,No,Free Flow,202301133072,County,1,7.69999981,Y,,,,(UNK),7736,(N/A),(UNK),No Defects,1,1,InterState,1,290,X003002649,Not Toll,73,1,1,Divided With Median Barrier,3,2939909.7378662,1905381.75312173,41.87376908,-87.80452355,,Urban,1,N,(N/A),Y,(N/A)
2023,2023-05-03,Wednesday,6,06:49 AM,Property Damage,No Injuries,0,0,0,0,0,4,Front to Rear,11,N,N,Following Too Closely,(N/A),Daylight,Clear,Dry,Y,,,,,No Controls,No Controls,N,3,41.8687184,-87.8043379,ok,(UNK),1,2302582,2023,,3,99,50000 and OVER,9,4295,Oak Park,C,Urban Other Principal Arte,,16,3,12167050,5,Cook,0,23,,,3,N,Yes,Slow,202301135508,City,1,20.44000053,Y,,,,(UNK),7795,(N/A),(UNK),No Defects,1,1,Other Principal Arterial,3,348,X003004968,Not Toll,73,1,1,T-Intersection,15,2940012.63558865,1903539.75685797,41.86871051,-87.80433212,,Urban,1,N,(N/A),Y,(N/A)
2023,2023-05-01,Monday,18,06:52 PM,Injury,C Injury Crash,2,0,0,0,2,0,Angle,15,N,N,Failing to Yield Right of Way,Failing to Reduce Speed to Avoid Crash,Darkness / Lighted Road,Clear,Wet,Y,,,,,Stop Sign,Functioning Properly,N,2,41.8905178,-87.7749958,ok,(UNK),1,2302552,2023,,2,28,50000 and OVER,9,4295,Oak Park,C,Urban Minor Arterial,,16,1,12164188,5,Cook,1,23,FENCE,,1,N,No,Slow,202301133245,City,5,6.94999981,N,,,,(UNK),7930,(N/A),(UNK),No Defects,1,2,Minor Arterial,4,2790,X003002787,Not Toll,,2,4,Not Divided,1,2947783.56207092,1911705.33283234,41.89051,-87.77499,,Urban,1,N,(N/A),Y,(N/A)
2023,2023-06-08,Thursday,16,04:39 PM,Property Damage,No Injuries,0,0,0,0,0,1,Parked Motor Vehicle,9,N,N,Driving Skills/Knowledge/Experience,Failing to Reduce Speed to Avoid Crash,Daylight,Clear,Dry,N,,,,,No Controls,No Controls,N,2,,,missing,(UNK),1,2303456,2023,,15,28,50000 and OVER,9,4295,Oak Park,C,(UNK),8,16,8,12211560,6,Cook,0,23,,,4,N,No,Free Flow,202301178154,City,1,0,N,,,,(UNK),8045,(N/A),(UNK),No Defects,1,1,(UNK),0,0,X003045230,No Toll,,1,1,One-Way,10,0,0,,,,(UNK),1,N,(N/A),Y,(N/A)
2023,2023-06-09,Friday,17,05:56 PM,Property Damage,No Injuries,0,0,0,0,0,2,Sideswipe Same Direction,12,N,N,Failing to Yield Right of Way,(N/A),Daylight,Clear,Dry,N,,,,,No Controls,No Controls,N,2,41.908958,-87.7974073,ok,(UNK),1,2303480,2023,,2,99,50000 and OVER,9,4295,Oak Park,C,Urban Other Principal Arte,,16,9,12214646,6,Cook,0,23,,,5,N,No,Free Flow,202301181228,City,1,6.36000013,Y,,,,(UNK),8066,(N/A),(UNK),No Defects,1,1,Other Principal Arterial,3,307,X003048212,Not Toll,73,1,1,"Divided, No Median Barrier",2,2941495.3429797,1918255.89841296,41.90895018,-87.7974015,,Urban,1,N,(N/A),Y,(N/A)
2023,2023-06-11,Sunday,1,01:55 AM,Property Damage,No Injuries,0,0,0,0,0,2,Other Object,7,N,N,Failing to Reduce Speed to Avoid Crash,(N/A),Darkness / Lighted Road,Clear,Dry,N,,,,,No Controls,No Controls,N,1,41.894499,-87.7897701,ok,(UNK),1,2303511,2023,,28,99,50000 and OVER,9,4295,Oak Park,C,Urban Minor Arterial,,16,11,12214682,6,Cook,0,23,PARKING SIGN,,7,N,No,Free Flow,202301181259,City,5,3.36999989,N,,,,(UNK),8069,(N/A),(UNK),No Defects,1,1,Minor Arterial,4,1398,X003048244,Not Toll,73,1,1,Not Divided,1,2943720.37399642,1913044.30420903,41.89449118,-87.78976433,,Urban,1,N,(N/A),Y,(N/A)
2023,2023-06-10,Saturday,12,12:05 PM,Property Damage,No Injuries,0,0,0,0,0,1,Parked Motor Vehicle,9,N,N,Distraction - From Inside Vehicle,Failing to Reduce Speed to Avoid Crash,Daylight,Clear,Dry,N,,,,,No Controls,No Controls,N,2,41.8670487,-87.7900449,ok,(UNK),1,2303498,2023,,41,28,50000 and OVER,9,4295,Oak Park,C,Urban Local Road or Street,,16,10,12214668,6,Cook,0,23,,,6,N,No,Free Flow,202301181245,City,1,0,N,,,,(UNK),8221,(N/A),(UNK),No Defects,1,1,Local Road or Street,7,,X003048230,Not Toll,73,1,1,Not Divided,1,2943922.73134842,1903038.83658575,41.86704089,-87.79003909,,Urban,1,N,(N/A),Y,(N/A)
2023,2023-06-10,Saturday,14,02:00 PM,Property Damage,No Injuries,0,0,0,0,0,2,Turning,10,N,N,Following Too Closely,Improper Turning/No Signal,Daylight,Clear,Dry,N,,,,,No Controls,Unknown,N,2,41.8715735,-87.7888943,ok,(UNK),1,2303543,2023,,3,6,50000 and OVER,9,4295,Oak Park,C,Urban Local Road or Street,,16,10,12216292,6,Cook,0,23,,,6,N,No,Slow,202301182473,City,1,0.01,N,,,,(UNK),8409,(N/A),(UNK),No Defects,1,1,Local Road or Street,7,290,X003049447,Not Toll,73,1,9,"Divided, No Median Barrier",2,2944190.43647299,1904696.41112153,41.87156561,-87.78888854,,Urban,1,N,(N/A),Y,(N/A)
2023,2023-05-20,Saturday,10,10:58 AM,Injury,B Injury Crash,2,0,0,2,0,3,Front to Rear,11,N,N,Disregarding Other Traffic Signs,Following Too Closely,Daylight,Clear,Dry,N,,,,,Other Regualtory Sig,Functioning Properly,N,2,41.8715472,-87.7794229,ok,Partial Access Control,3,03-23-08894,2023,,24,3,50000 and OVER,9,4295,Oak Park,C,Urban InterState,,16,20,12190567,5,Cook,2,23,,,6,N,No,(UNK),202301157824,ISP,1,8.94999981,Y,,,,(UNK),9423,(N/A),(UNK),No Defects,1,1,InterState,1,290,X003026201,Not Toll,73,10,4,Divided With Median Barrier,3,2946770.5,1904758.5,41.87153939,-87.77941706,,Urban,1,N,(N/A),Y,(N/A)
2023,2023-05-27,Saturday,22,10:00 PM,Property Damage,No Injuries,0,0,0,0,0,3,Front to Rear,11,N,N,Failing to Reduce Speed to Avoid Crash,Unable to Determine,Darkness / Lighted Road,Clear,Dry,Y,,,,,Traffic Signal,Functioning Properly,Y,3,41.8759848,-87.8045967,ok,(UNK),1,23-01542,2023,,28,18,50000 and OVER,9,4295,Oak Park,C,Urban Other Principal Arte,,16,27,12196210,5,Cook,0,23,,,6,N,Yes,Slow,202301163678,City,5,19.93000031,Y,,,,(UNK),9456,(N/A),(UNK),No Defects,1,1,Other Principal Arterial,3,348,X003031404,Not Toll,73,3,4,Divided With Median Barrier,3,2939869.24410242,1906185.84625937,41.87597698,-87.80459089,,Urban,1,N,(N/A),Y,(N/A)
2023,2023-04-20,Thursday,6,06:01 AM,Property Damage,No Injuries,0,0,0,0,0,1,Parked Motor Vehicle,9,N,N,Physical Condition of Driver,(N/A),Daylight,Rain,Wet,N,,,,,No Controls,No Controls,N,2,41.8798638,-87.7918128,ok,(UNK),1,2302303,2023,,17,99,50000 and OVER,9,4295,Oak Park,C,Urban Local Road or Street,,16,20,12167043,4,Cook,0,23,,,4,N,No,Free Flow,202301135502,City,1,0,N,,,,(UNK),9565,(N/A),(UNK),No Defects,1,2,Local Road or Street,7,,X003004962,Not Toll,73,1,1,"Divided, No Median Barrier",2,2943311.87280798,1907695.55129828,41.87985598,-87.79180703,,Urban,2,N,(N/A),Y,(N/A)
2023,2023-05-13,Saturday,17,05:35 PM,Property Damage,No Injuries,0,0,0,0,0,3,Front to Rear,11,N,N,Failing to Reduce Speed to Avoid Crash,Following Too Closely,Daylight,Clear,Dry,N,,,,,Delineators,Functioning Properly,N,2,41.8722955,-87.7883236,ok,Partial Access Control,3,03-23-08475,2023,,28,3,50000 and OVER,9,4295,Oak Park,C,Urban InterState,,16,13,12190652,5,Cook,0,23,,,6,N,No,(UNK),202301157947,ISP,1,8.48999977,Y,,,,(UNK),9584,(N/A),(UNK),No Defects,1,1,InterState,1,290,X003026277,Not Toll,73,14,4,Divided With Median Barrier,3,2944338.60755645,1904963.85028751,41.87228767,-87.78831776,,Urban,1,N,(N/A),Y,(N/A)
2023,2023-05-21,Sunday,11,11:46 AM,Injury,B Injury Crash,2,0,0,2,0,1,Angle,15,N,N,Failing to Reduce Speed to Avoid Crash,(N/A),Daylight,Clear,Dry,Y,,,,,Stop Sign,Functioning Properly,N,2,41.8945417,-87.7865225,ok,(UNK),1,2303012,2023,,28,99,50000 and OVER,9,4295,Oak Park,C,Urban Minor Arterial,,16,21,12189215,5,Cook,2,23,,,7,N,No,Free Flow,202301156303,City,1,3.53999996,N,,,,(UNK),9603,(N/A),(UNK),No Defects,1,1,Minor Arterial,4,1398,X003024931,Not Toll,73,2,4,T-Intersection,15,2944604.19014967,1913084.37605975,41.89453384,-87.78651674,,Urban,1,N,(N/A),Y,(N/A)
2023,2023-05-03,Wednesday,8,08:06 AM,Property Damage,No Injuries,0,0,0,0,0,2,Sideswipe Opposite Direction,13,N,N,Improper Overtaking/Passing,Driving Skills/Knowledge/Experience,Daylight,Clear,Dry,N,,,,,Traffic Signal,Functioning Properly,Y,2,41.8726258,-87.7844764,ok,(UNK),1,2302586,2023,,4,15,50000 and OVER,9,4295,Oak Park,C,Urban Local Road or Street,,16,3,12167054,5,Cook,0,23,,,3,N,No,Slow,202301135512,City,1,0.19,N,,,,(UNK),10045,(N/A),(UNK),No Defects,1,1,Local Road or Street,7,290,X003004972,Not Toll,73,3,4,"Divided, No Median Barrier",2,2945383.11701325,1905113.28273875,41.87261795,-87.78447063,,Urban,1,N,(N/A),Y,(N/A)
2023,2023-05-03,Wednesday,10,10:56 AM,Property Damage,No Injuries,0,0,0,0,0,2,Front to Front,14,N,N,Failing to Yield Right of Way,Driving Skills/Knowledge/Experience,Daylight,Clear,Dry,N,,,,,No Controls,No Controls,N,2,41.8763833,-87.7757514,ok,(UNK),1,2302588,2023,,2,15,50000 and OVER,9,4295,Oak Park,C,Urban Local Road or Street,,16,3,12167056,5,Cook,0,23,,,3,N,No,Free Flow,202301135514,City,1,0,N,,,,(UNK),10046,(N/A),(UNK),No Defects,1,1,Local Road or Street,7,,X003004974,Not Toll,73,1,1,Divided With Median Barrier,3,2947721.40567875,1906548.68556628,41.87637542,-87.77574558,,Urban,1,N,(N/A),Y,(N/A)
2023,2023-05-03,Wednesday,17,05:03 PM,Property Damage,No Injuries,0,0,0,0,0,2,Sideswipe Opposite Direction,13,N,N,Failing to Yield Right of Way,Unable to Determine,Daylight,Clear,Dry,N,,,,,No Controls,No Controls,Y,2,41.8678829,-87.7913772,ok,(UNK),1,2302603,2023,,2,18,50000 and OVER,9,4295,Oak Park,C,Urban Local Road or Street,,16,3,12167079,5,Cook,0,23,,,3,N,No,Free Flow,202301135540,City,1,0,N,,,,(UNK),10047,(N/A),(UNK),No Defects,1,1,Local Road or Street,7,,X003004996,Not Toll,73,1,1,Not Divided,1,2943551.4016395,1903332.77456781,41.86787506,-87.7913714,,Urban,1,N,(N/A),Y,(N/A)
2023,2023-05-03,Wednesday,17,05:07 PM,Property Damage,No Injuries,0,0,0,0,0,2,Sideswipe Same Direction,12,N,N,Failing to Yield Right of Way,Disregarding Other Traffic Signs,Daylight,Clear,Dry,Y,,,,,Traffic Signal,Functioning Properly,N,2,41.880075,-87.7795432,ok,(UNK),1,2302605,2023,,2,24,50000 and OVER,9,4295,Oak Park,C,Urban Local Road or Street,,16,3,12167080,5,Cook,0,23,,,3,N,No,Free Flow,202301135536,City,1,0.54000002,N,,,,(UNK),10089,(N/A),(UNK),No Defects,1,1,Local Road or Street,7,3794,X003004997,Not Toll,73,3,4,"Divided, No Median Barrier",2,2946651.25734853,1907865.27876043,41.8800672,-87.77953736,,Urban,1,N,(N/A),Y,(N/A)
2023,2023-05-03,Wednesday,15,03:25 PM,Property Damage,No Injuries,0,0,0,0,0,3,Rear to Front,18,N,N,Improper Backing,Failing to Reduce Speed to Avoid Crash,Daylight,Clear,Dry,N,,,,,Stop Sign,Functioning Properly,Y,2,41.9091988,-87.7781979,ok,(UNK),1,2302599,2023,,30,28,50000 and OVER,9,4295,Oak Park,C,Urban Local Road or Street,,16,3,12167074,5,Cook,0,23,,,3,N,No,Stopped,202301135531,City,1,0,N,,,,(UNK),10138,(N/A),(UNK),No Defects,1,1,Local Road or Street,7,,X003004991,Not Toll,73,2,4,Not Divided,1,2946722.01541623,1918488.73914731,41.90919094,-87.77819208,,Urban,1,N,(N/A),Y,(N/A)
2023,2023-04-20,Thursday,17,05:00 PM,Property Damage,No Injuries,0,0,0,0,0,1,Parked Motor Vehicle,9,N,N,Failing to Reduce Speed to Avoid Crash,Unable to Determine,Unknown,Clear,Dry,N,,,,,No Controls,No Controls,Y,2,41.8797756,-87.7955866,ok,(UNK),1,2302346,2023,,28,18,50000 and OVER,9,4295,Oak Park,C,Urban Minor Arterial,,16,20,12155133,4,Cook,0,23,,,4,N,No,Free Flow,202301123376,City,9,0,N,,,,(UNK),11617,(N/A),(UNK),No Defects,1,1,Minor Arterial,4,,X002994467,Not Toll,73,1,1,Not Divided,1,2942285.01119755,1907634.9558407,41.87976772,-87.79558081,,Urban,1,N,(N/A),Y,(N/A)
2023,2023-04-22,Saturday,13,01:36 PM,Property Damage,No Injuries,0,0,0,0,0,2,Angle,15,N,N,Failing to Reduce Speed to Avoid Crash,(N/A),Daylight,Clear,Dry,Y,,,,,Stop Sign,Functioning Properly,N,2,41.8854023,-87.8049131,ok,(UNK),1,2302361,2023,,28,99,50000 and OVER,9,4295,Oak Park,C,Urban Other Principal Arte,,16,22,12155201,4,Cook,0,23,,,6,N,No,Slow,202301123457,City,1,19.28000069,Y,,,,(UNK),11622,(N/A),(UNK),No Defects,1,1,Other Principal Arterial,3,348,X002994521,Not Toll,73,2,4,Not Divided,1,2939688.57597109,1909615.38446533,41.88539449,-87.80490729,,Urban,1,N,(N/A),Y,(N/A)
2023,2023-05-02,Tuesday,17,05:36 PM,Property Damage,No Injuries,0,0,0,0,0,1,Parked Motor Vehicle,9,N,N,Improper Lane Usage,(N/A),Daylight,Clear,Dry,N,,,,,No Controls,No Controls,N,2,41.8785514,-87.7961805,ok,(UNK),1,2302571,2023,,20,99,50000 and OVER,9,4295,Oak Park,C,Urban Local Road or Street,,16,2,12165370,5,Cook,0,23,TRAILER TO UNIT 2,,2,N,No,Free Flow,202301134382,City,1,0,N,,,,(UNK),11665,(N/A),(UNK),No Defects,1,1,Local Road or Street,7,,X003003909,Not Toll,73,1,1,Not Divided,1,2942135.59962358,1907184.39088267,41.87854359,-87.7961747,,Urban,1,N,(N/A),Y,(N/A)
2023,2023-05-02,Tuesday,12,12:42 PM,Property Damage,No Injuries,0,0,0,0,0,2,Sideswipe Same Direction,12,N,N,Failing to Yield Right of Way,Failing to Reduce Speed to Avoid Crash,Daylight,Clear,Dry,N,,,,,No Controls,No Controls,N,2,41.9090246,-87.7955748,ok,(UNK),1,2302564,2023,,2,28,50000 and OVER,9,4295,Oak Park,C,Urban Other Principal Arte,,16,2,12165343,5,Cook,0,23,,,2,N,No,Free Flow,202301134351,City,1,6.44999981,Y,,,,(UNK),11767,(N/A),(UNK),No Defects,1,1,Other Principal Arterial,3,307,X003003884,Not Toll,73,1,1,Not Divided,1,2941993.52003397,1918293.93292369,41.9090167,-87.79556896,,Urban,1,N,(N/A),Y,(N/A)
2023,2023-04-20,Thursday,22,10:00 PM,Property Damage,No Injuries,0,0,0,0,0,2,Sideswipe Same Direction,12,N,N,Improper Overtaking/Passing,Improper Lane Usage,Darkness / Lighted Road,Other,Dry,Y,,,,,Traffic Signal,Functioning Properly,Y,2,41.8737773,-87.8045294,ok,Partial Access Control,1,2302339,2023,,4,20,50000 and OVER,9,4295,Oak Park,C,Urban Other Principal Arte,,16,20,12155097,4,Cook,0,23,,,4,N,No,Free Flow,202301123368,City,5,20.07999992,Y,,,,(UNK),11824,(N/A),(UNK),No Defects,1,1,Other Principal Arterial,3,348,X002994462,Not Toll,73,3,4,Divided With Median Barrier,3,2939909.73210005,1905381.87536712,41.87376942,-87.80452356,,Urban,7,N,(N/A),Y,(N/A)
2023,2023-04-22,Saturday,10,10:07 AM,Property Damage,No Injuries,0,0,0,0,0,1,Parked Motor Vehicle,9,N,N,Failing to Reduce Speed to Avoid Crash,Distraction - From Outside Vehicle,Daylight,Cloudy/Overcast,Dry,N,,,,,Traffic Signal,Functioning Properly,N,2,41.888648,-87.7945158,ok,(UNK),1,2302357,2023,,28,40,50000 and OVER,9,4295,Oak Park,C,Urban Major Collector,,16,22,12155172,4,Cook,0,23,,,6,N,No,Free Flow,202301123412,City,1,0.34999999,N,,,,(UNK),11829,(N/A),(UNK),No Defects,1,1,Major Collector,5,1405,X002994495,Not Toll,73,3,4,"Divided, No Median Barrier",2,2942487.21206289,1910876.30725539,41.88864017,-87.79451001,,Urban,8,N,(N/A),Y,(N/A)
2023,2023-05-02,Tuesday,17,05:20 PM,Property Damage,No Injuries,0,0,0,0,0,6,Front to Rear,11,N,N,Failing to Reduce Speed to Avoid Crash,Unable to Determine,Daylight,Clear,Dry,Y,,,,,No Controls,No Controls,N,3,41.8798609,-87.7856838,ok,(UNK),1,2302570,2023,,28,18,50000 and OVER,9,4295,Oak Park,C,Urban Minor Arterial,,16,2,12165358,5,Cook,0,23,,,2,N,Yes,Slow,202301134371,City,1,4.05000019,N,,,,(UNK),11946,(N/A),(UNK),No Defects,1,1,Minor Arterial,4,1419,X003003897,Not Toll,73,1,1,Not Divided,1,2944981.08853538,1907740.74536554,41.87985301,-87.78567799,,Urban,1,N,(N/A),Y,(N/A)
2023,2023-05-01,Monday,23,11:15 PM,Property Damage,No Injuries,0,0,0,0,0,1,Parked Motor Vehicle,9,N,N,Improper Lane Usage,(N/A),Darkness / Lighted Road,Clear,Unknown,N,,,,,No Controls,No Controls,Y,2,41.8832574,-87.8034685,ok,(UNK),1,2302575,2023,,20,99,50000 and OVER,9,4295,Oak Park,C,Urban Local Road or Street,,16,1,12165376,5,Cook,0,23,,,1,N,No,Free Flow,202301134388,City,5,0,N,,,,(UNK),11948,(N/A),(UNK),No Defects,1,9,Local Road or Street,7,,X003003914,Not Toll,73,1,1,Not Divided,1,2940103.49653305,1908844.54945512,41.88324951,-87.80346271,,Urban,1,N,(N/A),Y,(N/A)
2023,2023-05-02,Tuesday,16,04:18 PM,Property Damage,No Injuries,0,0,0,0,0,2,Turning,10,N,N,Failing to Yield Right of Way,Unable to Determine,Daylight,Clear,Dry,Y,,,,,No Controls,No Controls,N,2,41.8918357,-87.8051489,ok,(UNK),1,2302568,2023,,2,18,50000 and OVER,9,4295,Oak Park,C,Urban Other Principal Arte,,16,2,12165356,5,Cook,0,23,,,2,N,No,Slow,202301134368,City,1,18.82999992,Y,,,,(UNK),12032,(N/A),(UNK),No Defects,1,1,Other Principal Arterial,3,348,X003003895,Not Toll,73,1,1,Four Way,14,2939559.79894092,1911958.04076758,41.89182783,-87.80514313,,Urban,1,N,(N/A),Y,(N/A)
2023,2023-04-23,Sunday,8,08:02 AM,Property Damage,No Injuries,0,0,0,0,0,1,Fixed Object,6,N,N,Failing to Reduce Speed to Avoid Crash,Unable to Determine,Unknown,Unknown,Unknown,N,,,,,Stop Sign,Functioning Properly,Y,1,41.8716329,-87.7896261,ok,(UNK),1,2302379,2023,,28,18,50000 and OVER,9,4295,Oak Park,C,Urban Local Road or Street,,16,23,12155215,4,Cook,0,23,BIKE RACK,BIKE RACK,7,N,No,Slow,202301123474,City,9,0.22,N,,,,(UNK),12120,(N/A),(UNK),No Defects,1,9,Local Road or Street,7,290,X002994535,Not Toll,73,2,4,Four Way,14,2943990.51073954,1904712.55962226,41.87162508,-87.78962034,,Urban,9,N,(N/A),Y,(N/A)
2023,2023-04-23,Sunday,16,04:34 PM,Property Damage,No Injuries,0,0,0,0,0,3,Front to Front,14,N,N,Driving On Wrong Side/Wrong Way,Failing to Reduce Speed to Avoid Crash,Daylight,Cloudy/Overcast,Dry,N,,,,,Traffic Signal,Functioning Properly,Y,4,41.865178,-87.7937115,ok,(UNK),1,2302389,2023,,5,28,50000 and OVER,9,4295,Oak Park,C,Urban Other Principal Arte,,16,23,12155238,4,Cook,0,23,LIGHT POLE,,7,N,No,Slow,202301123504,City,1,6.53000021,Y,,,,(UNK),12574,(N/A),(UNK),No Defects,1,1,Other Principal Arterial,3,347,X002994556,Not Toll,52,3,4,"Divided, No Median Barrier",2,2942942.82877878,1902329.45120494,41.86517012,-87.79370567,,Urban,8,N,(N/A),Y,(N/A)
2023,2023-04-05,Wednesday,17,05:30 PM,Property Damage,No Injuries,0,0,0,0,0,2,Sideswipe Same Direction,12,N,N,Following Too Closely,Failing to Reduce Speed to Avoid Crash,Daylight,Clear,Dry,N,,,,,No Controls,No Controls,N,2,41.8735646,-87.8045223,ok,Partial Access Control,1,23-00942,2023,,3,28,50000 and OVER,9,4295,Oak Park,C,Urban InterState,,16,5,12133437,4,Cook,0,23,,,3,N,No,Slow,202301103825,City,1,20.10000038,Y,,,,(UNK),13233,(N/A),(UNK),No Defects,1,1,InterState,1,348,X002975734,Not Toll,73,1,1,Divided With Median Barrier,3,2939913.77850338,1905304.43515852,41.87355677,-87.80451654,,Urban,1,N,(N/A),Y,(N/A)
2023,2023-04-01,Saturday,16,04:54 PM,Property Damage,No Injuries,0,0,0,0,0,2,Front to Rear,11,N,N,Following Too Closely,Failing to Reduce Speed to Avoid Crash,Daylight,Clear,Dry,Y,,,,,Traffic Signal,Functioning Properly,N,2,41.8736412,-87.8045221,ok,Partial Access Control,1,23-00910,2023,,3,28,50000 and OVER,9,4295,Oak Park,C,Urban InterState,,16,1,12128989,4,Cook,0,23,,,6,N,No,Slow,202301099785,City,1,0.20999999,Y,,,,(UNK),13344,(N/A),(UNK),No Defects,1,1,InterState,1,290,X002971705,Not Toll,73,3,4,Not Divided,1,2939913.08384997,1905332.33282535,41.87363332,-87.80451627,,Urban,1,N,(N/A),Y,(N/A)
2023,2023-05-09,Tuesday,2,02:32 AM,Injury,B Injury Crash,2,0,0,2,0,0,Angle,15,N,N,Disregarding Traffic Signals,Under Influence of Alcohol/Drugs,Darkness / Lighted Road,Clear,Dry,Y,,,,,Traffic Signal,Functioning Properly,N,2,41.8884677,-87.7895958,ok,(UNK),1,2302733,2023,,25,8,50000 and OVER,9,4295,Oak Park,C,Urban Major Collector,,16,9,12173773,5,Cook,2,23,BUS SHELTER,BUS SHELTER,2,N,No,Free Flow,202301141628,City,5,0.62,N,,,,(UNK),13801,(N/A),(UNK),No Defects,1,1,Major Collector,5,1405,X003010913,Not Toll,73,3,4,Not Divided,1,2943828.76674882,1910847.69057192,41.88845986,-87.78958999,,Urban,1,N,(N/A),Y,(N/A)
2023,2023-03-04,Saturday,8,08:00 AM,Property Damage,No Injuries,0,0,0,0,0,1,Parked Motor Vehicle,9,N,N,(N/A),(N/A),Daylight,Clear,Dry,N,,,,,No Controls,No Controls,Y,2,41.8872199,-87.8010658,ok,(UNK),1,2301317,2023,,99,99,50000 and OVER,9,4295,Oak Park,C,Urban Major Collector,,16,4,12125332,3,Cook,0,23,,,6,N,No,Stopped,202301096512,City,1,0.18000001,N,,,,(UNK),13850,(N/A),(UNK),No Defects,1,1,Major Collector,5,1405,X002968479,Not Toll,73,1,1,Parking Lot,7,2940717.9880677,1910306.62390977,41.88721209,-87.80105999,,Urban,1,N,(N/A),Y,(N/A)
2023,2023-05-26,Friday,9,09:19 AM,Property Damage,No Injuries,0,0,0,0,0,3,Turning,10,N,N,Failing to Yield Right of Way,Driving Skills/Knowledge/Experience,Daylight,Clear,Dry,Y,,,,,No Controls,No Controls,N,2,41.8873986,-87.7895456,ok,(UNK),1,2303128,2023,,2,15,50000 and OVER,9,4295,Oak Park,C,Urban Minor Collector,,16,26,12199455,5,Cook,0,23,,,5,N,No,Free Flow,202301167003,City,1,0.08,N,,,,(UNK),14024,(N/A),(UNK),No Defects,1,1,Minor Collector,6,2779,X003034333,Not Toll,73,1,1,Not Divided,1,2943853.24197726,1910458.4696268,41.88739076,-87.78953976,,Urban,1,N,(N/A),Y,(N/A)
2023,2023-05-26,Friday,10,10:15 AM,Property Damage,No Injuries,0,0,0,0,0,1,Parked Motor Vehicle,9,N,N,Improper Turning/No Signal,(N/A),Daylight,Clear,Dry,N,,,,,No Controls,No Controls,N,2,41.8875852,-87.7944841,ok,(UNK),1,2303131,2023,,6,99,50000 and OVER,9,4295,Oak Park,C,Urban Major Collector,,16,26,12199456,5,Cook,0,23,,,5,N,No,Slow,202301167004,City,1,5.5999999,N,,,,(UNK),14025,(N/A),(UNK),No Defects,1,1,Major Collector,5,2775,X003034334,Not Toll,73,1,1,Not Divided,1,2942506.56350863,1910489.24425467,41.88757738,-87.79447828,,Urban,1,N,(N/A),Y,(N/A)