crash_year,crash_date,day_of_week,crash_hour,time_of_crash,crash_severity,crash_injury_severity,total_injured,total_fatals,a_injuries,b_injuries,c_injuries,no_injuries,type_of_first_crash,collision_type_code,pedestrian_involved,pedalcyclist_involved,cause1,cause2,lighting_cond,weather_cond,road_surface_cond,intersection_related,is_intersection,highway_or_street_name,at_intersection_with,address_no,traffic_control_device,traffic_control_device_cond,hit_and_run,number_of_vehicles,latitude,longitude,location_status,access_control,agency_code,agency_report_number,agency_report_year,alignment_code,cause1_code,cause2_code,city_class,city_class_code,city_code,city_name,city_township_flag,class_of_trafficway,class_of_trafficway_code,county_code,crash_day,crash_id,crash_month,crash_report_county,crash_severity_cd,crash_yr_source,damaged_property1,damaged_property2,day_of_week_code,did_crash_occur_in_work_zone,did_involve_secondary_crash,flow_condition,icn,investigating_agency_descrip,light_condition_code,mile_station,nhs,non_intersection_direction,non_intersection_distance,non_intersection_units,number_of_lanes,objectid,railroad_crossing_number,road_alignment,road_defects,road_defects_code,road_surface_condition_code,roadway_functional_class,roadway_functional_class_code,route_number,sfe,toll,township,traffic_control_device_code,traffic_control_device_cond_code,trafficway_descrip,trafficway_description_code,ts_crash_coordinate_x,ts_crash_coordinate_y,ts_crash_latitude,ts_crash_longitude,type_report,urban_rural,weather_code,were_workers_present,work_zone,work_zone_related,work_zone_type
2023,2023-05-26,Friday,7,07:52 AM,Property Damage,No Injuries,0,0,0,0,0,2,Sideswipe Same Direction,12,N,N,Failing to Yield Right of Way,Unable to Determine,Dawn,Clear,Dry,Y,,,,,Stop Sign,Functioning Properly,Y,2,41.8904657,-87.7782556,ok,(UNK),1,2303124,2023,,2,18,50000 and OVER,9,4295,Oak Park,C,Urban Local Road or Street,,16,26,12199453,5,Cook,0,23,,,5,N,No,Free Flow,202301167013,City,2,0,N,,,,(UNK),14309,(N/A),(UNK),No Defects,1,1,Local Road or Street,7,,X003034331,Not Toll,73,2,4,Not Divided,1,2946896.45338563,1911661.59600948,41.89045786,-87.77824984,,Urban,1,N,(N/A),Y,(N/A)
2023,2023-05-31,Wednesday,8,08:58 AM,Property Damage,No Injuries,0,0,0,0,0,2,Sideswipe Same Direction,12,N,N,Improper Overtaking/Passing,Driving Skills/Knowledge/Experience,Daylight,Clear,Dry,N,,,,,No Controls,No Controls,Y,2,41.8735632,-87.8045223,ok,(UNK),1,23-01569,2023,,4,15,50000 and OVER,9,4295,Oak Park,C,Urban Other Principal Arte,,16,31,12199526,5,Cook,0,23,,,3,N,No,Slow,202301167077,City,1,20.10000038,Y,,,,(UNK),14315,(N/A),(UNK),No Defects,1,1,Other Principal Arterial,3,348,X003034401,Not Toll,73,1,1,"Divided, No Median Barrier",2,2939913.80927943,1905303.9323938,41.87355539,-87.80451647,,Urban,1,N,(N/A),Y,(N/A)
2023,2023-05-25,Thursday,9,09:43 AM,Property Damage,No Injuries,0,0,0,0,0,1,Parked Motor Vehicle,9,N,N,Failing to Reduce Speed to Avoid Crash,(N/A),Daylight,Clear,Dry,N,,,,,No Controls,No Controls,N,2,41.8817212,-87.7845159,ok,(UNK),1,2303104,2023,,28,99,50000 and OVER,9,4295,Oak Park,C,Urban Major Collector,,16,25,12199433,5,Cook,0,23,,,4,N,No,(UNK),202301166979,City,1,1.02999997,N,,,,(UNK),14534,(N/A),(UNK),No Defects,1,1,Major Collector,5,5,X003034311,Not Toll,73,1,1,"Divided, No Median Barrier",2,2945280.3343237,1908427.52304821,41.88171337,-87.78451006,,Urban,1,N,(N/A),Y,(N/A)
2023,2023-05-29,Monday,0,00:31 AM,Injury,B Injury Crash,1,0,0,1,0,0,Fixed Object,6,N,N,Unable to Determine,(N/A),Darkness / Lighted Road,Clear,Dry,N,,,,,No Controls,No Controls,N,1,41.8992212,-87.8054291,ok,(UNK),1,2303186,2023,,18,99,50000 and OVER,9,4295,Oak Park,C,Urban Other Principal Arte,,16,29,12199478,5,Cook,2,23,TREE,,1,N,No,Free Flow,202301167029,City,5,18.31999969,Y,,,,(UNK),14538,(N/A),(UNK),No Defects,1,1,Other Principal Arterial,3,348,X003034354,Not Toll,73,1,1,"Divided, No Median Barrier",2,2939409.39682365,1914647.36606174,41.89921336,-87.80542332,,Urban,1,N,(N/A),Y,(N/A)
2023,2023-05-22,Monday,9,09:02 AM,Property Damage,No Injuries,0,0,0,0,0,2,Turning,10,N,N,Improper Overtaking/Passing,Driving Skills/Knowledge/Experience,Daylight,Clear,Dry,Y,,,,,Stop Sign,Functioning Properly,Y,2,41.8727794,-87.7756189,ok,(UNK),1,2303024,2023,,4,15,50000 and OVER,9,4295,Oak Park,C,Urban Local Road or Street,,16,22,12189480,5,Cook,0,23,,,1,N,No,Free Flow,202301156625,City,1,0,N,,,,(UNK),14633,(N/A),(UNK),No Defects,1,1,Local Road or Street,7,,X003025184,Not Toll,73,2,4,T-Intersection,15,2947794.10275023,1905236.39118995,41.8727716,-87.77561306,,Urban,1,N,(N/A),Y,(N/A)
2023,2023-05-29,Monday,14,02:33 PM,Injury,B Injury Crash,1,0,0,1,0,2,Turning,10,N,N,Vision Obscured,(N/A),Daylight,Clear,Dry,N,,,,,Traffic Signal,Functioning Properly,N,2,41.8798678,-87.7891458,ok,(UNK),1,2303196,2023,,14,99,50000 and OVER,9,4295,Oak Park,C,Urban Minor Arterial,,16,29,12199524,5,Cook,2,23,,,1,N,No,Stopped,202301167075,City,1,0,N,,,,(UNK),14736,(N/A),(UNK),No Defects,1,1,Minor Arterial,4,,X003034399,Not Toll,,3,4,Not Divided,1,2944038.17260953,1907717.13919733,41.87986,-87.78914,,Urban,1,N,(N/A),Y,(N/A)
2023,2023-05-30,Tuesday,12,12:50 PM,Property Damage,No Injuries,0,0,0,0,0,4,Angle,15,N,N,Disregarding Traffic Signals,Driving Skills/Knowledge/Experience,Daylight,Clear,Dry,Y,,,,,Traffic Signal,Functioning Properly,N,3,41.8761194,-87.794107,ok,(UNK),1,2303218,2023,,25,15,50000 and OVER,9,4295,Oak Park,C,Urban Major Collector,,16,30,12199537,5,Cook,0,23,TRAFFIC LIGHT POLE,FENCE,2,N,No,Stopped,202301167088,City,1,6.40999985,N,,,,(UNK),14737,(N/A),(UNK),No Defects,1,1,Major Collector,5,2775,X003034412,Not Toll,73,3,4,Four Way,14,2942724.82096862,1906313.71279321,41.87611152,-87.7941012,,Urban,1,N,(N/A),Y,(N/A)
2023,2023-03-31,Friday,16,04:14 PM,Property Damage,No Injuries,0,0,0,0,0,2,Turning,10,N,N,Improper Turning/No Signal,Failing to Yield Right of Way,Daylight,Rain,Wet,N,,,,,Traffic Signal,Functioning Properly,N,2,41.8650817,-87.8042174,ok,(UNK),1,23-00902,2023,,6,2,50000 and OVER,9,4295,Oak Park,C,Urban Other Principal Arte,,16,31,12128995,3,Cook,0,23,,,5,N,No,Slow,202301099790,City,1,20.69000053,Y,,,,(UNK),14996,(N/A),(UNK),No Defects,1,2,Other Principal Arterial,3,348,X002971711,Not Toll,73,3,4,"Divided, No Median Barrier",2,2940081.94500337,1902215.4170671,41.8650739,-87.80421164,,Urban,2,N,(N/A),Y,(N/A)
2023,2023-03-26,Sunday,20,08:30 PM,Property Damage,No Injuries,0,0,0,0,0,1,Parked Motor Vehicle,9,N,N,Failing to Reduce Speed to Avoid Crash,(N/A),Darkness / Lighted Road,Unknown,Unknown,N,,,,,No Controls,No Controls,Y,2,41.8873,-87.7948429,ok,(UNK),1,2301741,2023,,28,99,50000 and OVER,9,4295,Oak Park,C,Urban Local Road or Street,,16,26,12125343,3,Cook,0,23,,,7,N,No,(UNK),202301096511,City,5,0,N,,,,(UNK),15102,(N/A),(UNK),Unknown,99,9,Local Road or Street,7,,X002968488,Not Toll,73,1,1,One-Way,10,2942411.72031468,1910382.5878415,41.88729212,-87.79483713,,Urban,9,N,(N/A),N,(N/A)
2023,2023-04-01,Saturday,21,09:14 PM,Property Damage,No Injuries,0,0,0,0,0,2,Front to Front,14,N,N,Failing to Yield Right of Way,Unable to Determine,Darkness / Lighted Road,Clear,Dry,Y,,,,,Stop Sign,Functioning Properly,N,2,41.8851354,-87.7895087,ok,(UNK),1,2301833,2023,,2,18,50000 and OVER,9,4295,Oak Park,C,Urban Minor Collector,,16,1,12130508,4,Cook,0,23,,,6,N,No,Free Flow,202301101323,City,5,0.23999999,N,,,,(UNK),15429,(N/A),(UNK),No Defects,1,1,Minor Collector,6,2779,X002973145,Not Toll,73,2,4,Four Way,14,2943886.14450311,1909633.9915606,41.88512755,-87.78950288,,Urban,1,N,(N/A),Y,(N/A)
2023,2023-04-03,Monday,0,00:30 AM,Injury,B Injury Crash,2,0,0,2,0,1,Front to Rear,11,N,N,Failing to Reduce Speed to Avoid Crash,Following Too Closely,Darkness / Lighted Road,Clear,Dry,N,,,,,Other,Functioning Properly,N,3,41.8725493,-87.7889744,ok,(UNK),3,03-23-05780,2023,,28,3,50000 and OVER,9,4295,Oak Park,C,Urban Local Road or Street,,16,3,12133545,4,Cook,2,23,,,1,Y,No,(UNK),202301103923,ISP,5,0,N,,,,(UNK),15483,(N/A),(UNK),No Defects,1,1,Local Road or Street,7,290,X002975833,Not Toll,,13,4,Divided With Median Barrier,3,2944158.76190911,1905051.4155082,41.87254144,-87.78896865,,Urban,1,Y,Construction,Y,Construction Work Zone
2023,2023-03-31,Friday,8,08:37 AM,Injury,B Injury Crash,1,0,0,1,0,3,Angle,15,N,N,Disregarding Other Traffic Signs,(N/A),Daylight,Rain,Wet,Y,,,,,Other Regualtory Sig,Functioning Properly,N,2,41.8815455,-87.7969728,ok,(UNK),1,2301802,2023,,24,99,50000 and OVER,9,4295,Oak Park,C,Urban Major Collector,,16,31,12130467,3,Cook,2,23,,,5,N,No,Free Flow,202301101283,City,1,0.40000001,N,,,,(UNK),15815,(N/A),(UNK),No Defects,1,2,Major Collector,5,5,X002973106,Not Toll,73,10,4,Four Way,14,2941889.68053447,1908269.53578557,41.88153769,-87.79696699,,Urban,2,N,(N/A),Y,(N/A)
2023,2023-05-30,Tuesday,0,00:05 AM,Property Damage,No Injuries,0,0,0,0,0,3,Angle,15,N,N,Failing to Yield Right of Way,(N/A),Darkness / Lighted Road,Clear,Dry,Y,,,,,Stop Sign,Functioning Properly,N,2,41.8902195,-87.7945575,ok,(UNK),1,2303209,2023,,2,99,50000 and OVER,9,4295,Oak Park,C,Urban Major Collector,,16,30,12199534,5,Cook,0,23,,,2,N,No,Free Flow,202301167085,City,5,5.42000008,N,,,,(UNK),16366,(N/A),(UNK),No Defects,1,1,Major Collector,5,2775,X003034409,Not Toll,73,2,4,"Divided, No Median Barrier",2,2942460.02148177,1911448.67558313,41.89021167,-87.79455169,,Urban,1,N,(N/A),Y,(N/A)
2023,2023-05-30,Tuesday,19,07:47 PM,Property Damage,No Injuries,0,0,0,0,0,1,Parked Motor Vehicle,9,N,N,Unable to Determine,Unable to Determine,Daylight,Clear,Dry,N,,,,,No Controls,No Controls,N,3,41.8854178,-87.8001258,ok,(UNK),1,2303230,2023,,18,18,50000 and OVER,9,4295,Oak Park,C,Urban Local Road or Street,,16,30,12199584,5,Cook,0,23,,,2,N,Yes,Free Flow,202301167131,City,1,0,N,,,,(UNK),16372,(N/A),(UNK),No Defects,1,1,Local Road or Street,7,,X003034455,Not Toll,,1,1,One-Way,10,2940992.07705153,1909656.9694872,41.88541,-87.80012,,Urban,1,N,(N/A),Y,(N/A)
2023,2023-03-30,Thursday,12,12:18 PM,Property Damage,No Injuries,0,0,0,0,0,3,Front to Rear,11,N,N,Following Too Closely,Failing to Reduce Speed to Avoid Crash,Daylight,Clear,Dry,Y,,,,,Traffic Signal,Functioning Properly,N,4,41.9087836,-87.8057819,ok,(UNK),1,2301781,2023,,3,28,50000 and OVER,9,4295,Oak Park,C,Urban Other Principal Arte,,16,30,12130428,3,Cook,0,23,UTILITY POLE,,4,N,Yes,Free Flow,202301101247,City,1,17.65999985,Y,,,,(UNK),16736,(N/A),(UNK),No Defects,1,1,Other Principal Arterial,3,348,X002973069,Not Toll,73,3,4,Not Divided,1,2939217.38149961,1918129.43658901,41.90877574,-87.80577614,,Urban,1,N,(N/A),Y,(N/A)
2023,2023-04-01,Saturday,16,04:11 PM,Property Damage,No Injuries,0,0,0,0,0,4,Turning,10,N,N,Failing to Reduce Speed to Avoid Crash,Unable to Determine,Daylight,Clear,Dry,N,,,,,Stop Sign,Functioning Properly,Y,2,41.8892009,-87.8026394,ok,(UNK),1,2301828,2023,,28,18,50000 and OVER,9,4295,Oak Park,C,Urban Local Road or Street,,16,1,12130505,4,Cook,0,23,,,6,N,No,Slow,202301101320,City,1,0,N,,,,(UNK),17726,(N/A),(UNK),No Defects,1,1,Local Road or Street,7,,X002973142,Not Toll,73,2,4,Not Divided,1,2940269.59131913,1911016.69939531,41.88919303,-87.80263357,,Urban,1,N,(N/A),Y,(N/A)
2023,2023-04-03,Monday,12,12:54 PM,Property Damage,No Injuries,0,0,0,0,0,2,Angle,15,N,N,Disregarding Stop Sign,Unable to Determine,Daylight,Clear,Dry,Y,,,,,Stop Sign,Functioning Properly,N,2,41.8982101,-87.7866288,ok,(UNK),1,2301865,2023,,23,18,50000 and OVER,9,4295,Oak Park,C,Urban Local Road or Street,,16,3,12133827,4,Cook,0,23,,,1,N,No,Slow,202301104157,City,1,0,N,,,,(UNK),17829,(N/A),(UNK),No Defects,1,1,Local Road or Street,7,,X002976075,Not Toll,73,2,4,T-Intersection,15,2944538.15976983,1914420.43051749,41.8982023,-87.78662297,,Urban,1,N,(N/A),Y,(N/A)
2023,2023-04-05,Wednesday,20,08:26 PM,Property Damage,No Injuries,0,0,0,0,0,1,Parked Motor Vehicle,9,N,N,Unable to Determine,(N/A),Unknown,Clear,Dry,N,,,,,No Controls,No Controls,Y,2,41.8714607,-87.7816961,ok,Partial Access Control,1,2301946,2023,,18,99,50000 and OVER,9,4295,Oak Park,C,Urban InterState,,16,5,12133860,4,Cook,0,23,,,3,N,No,Free Flow,202301104192,City,9,8.84000015,Y,,,,(UNK),17830,(N/A),(UNK),No Defects,1,1,InterState,1,290,X002976104,Not Toll,73,1,1,Not Divided,1,2946152.20752886,1904709.73880977,41.87145284,-87.78169028,,Urban,1,N,(N/A),Y,(N/A)
2023,2023-06-02,Friday,21,09:30 PM,Injury,C Injury Crash,3,0,0,0,3,1,Front to Rear,11,N,N,Failing to Reduce Speed to Avoid Crash,Following Too Closely,Darkness / Lighted Road,Clear,Dry,N,,,,,Other,Functioning Properly,N,2,41.871059,-87.776155,ok,Partial Access Control,3,03-23-09859,2023,,28,3,50000 and OVER,9,4295,Oak Park,C,Urban InterState,,16,2,12205428,6,Cook,1,23,,,5,N,No,(UNK),202301172719,ISP,5,9.11999989,Y,,,,(UNK),18164,(N/A),(UNK),No Defects,1,1,InterState,1,290,X003039944,Not Toll,73,13,4,Divided With Median Barrier,3,2947665.53058669,1904605.37060188,41.87105118,-87.77614925,,Urban,1,N,(N/A),Y,(N/A)
2023,2023-06-02,Friday,11,11:05 AM,Property Damage,No Injuries,0,0,0,0,0,1,Parked Motor Vehicle,9,N,N,Improper Lane Usage,Driving Skills/Knowledge/Experience,Daylight,Clear,Dry,N,,,,,No Controls,No Controls,N,2,41.9072408,-87.7911666,ok,(UNK),1,2303309,2023,,20,15,50000 and OVER,9,4295,Oak Park,C,Urban Local Road or Street,,16,2,12205738,6,Cook,0,23,,,5,N,No,Free Flow,202301173031,City,1,0,N,,,,(UNK),18367,(N/A),(UNK),No Defects,1,1,Local Road or Street,7,,X003040239,Not Toll,73,1,1,Not Divided,1,2943211.50611351,1917677.12495981,41.90723297,-87.79116079,,Urban,1,N,(N/A),Y,(N/A)
2023,2023-06-01,Thursday,19,07:58 PM,Property Damage,No Injuries,0,0,0,0,0,5,Front to Front,14,N,N,Failing to Reduce Speed to Avoid Crash,Unable to Determine,Daylight,Clear,Dry,N,,,,,No Controls,No Controls,N,2,41.8854303,-87.8038489,ok,(UNK),1,2303290,2023,,28,18,50000 and OVER,9,4295,Oak Park,C,Urban Local Road or Street,,16,1,12209234,6,Cook,0,23,,,4,N,No,Free Flow,202301176213,City,1,0,N,,,,(UNK),18467,(N/A),(UNK),No Defects,1,1,Local Road or Street,7,,X003043288,Not Toll,73,1,1,"Divided, No Median Barrier",2,2939978.08343445,1909633.55633922,41.88542246,-87.80384313,,Urban,1,N,(N/A),Y,(N/A)
2023,2023-05-26,Friday,9,09:45 AM,Injury,B Injury Crash,2,0,0,2,0,1,Pedestrian,1,Y,N,Failing to Reduce Speed to Avoid Crash,Unable to Determine,Daylight,Clear,Dry,Y,,,,,Pedestrian Crossing,Functioning Properly,N,1,41.8945679,-87.7848652,ok,(UNK),1,2303272,2023,,28,18,50000 and OVER,9,4295,Oak Park,C,Urban Minor Arterial,,16,26,12205734,5,Cook,2,23,,,5,N,No,Free Flow,202301173027,City,1,0.5,N,,,,(UNK),18485,(N/A),(UNK),No Defects,1,1,Minor Arterial,4,2783,X003040235,Not Toll,73,17,4,Not Divided,1,2945055.17438175,1913106.44159252,41.89456001,-87.78485943,,Urban,1,N,(N/A),Y,(N/A)
2023,2023-04-05,Wednesday,8,08:45 AM,Property Damage,No Injuries,0,0,0,0,0,3,Front to Rear,11,N,N,Following Too Closely,Failing to Reduce Speed to Avoid Crash,Daylight,Rain,Wet,N,,,,,Pedestrian Crossing,Functioning Properly,N,2,41.8797554,-87.7953338,ok,(UNK),1,2301922,2023,,3,28,50000 and OVER,9,4295,Oak Park,C,Urban Minor Arterial,,16,5,12133836,4,Cook,0,23,,,3,N,No,Slow,202301104165,City,1,3.53999996,N,,,,(UNK),18758,(N/A),(UNK),No Defects,1,2,Minor Arterial,4,1419,X002976082,Not Toll,73,17,4,Not Divided,1,2942354.06782223,1907629.50160314,41.87974753,-87.79532799,,Urban,2,N,(N/A),Y,(N/A)
2023,2023-04-02,Sunday,0,00:50 AM,Property Damage,No Injuries,0,0,0,0,0,4,Front to Rear,11,N,N,Failing to Reduce Speed to Avoid Crash,Following Too Closely,Darkness / Lighted Road,Clear,Dry,N,,,,,Other,Functioning Properly,N,4,41.8729997,-87.7993056,ok,Partial Access Control,3,03-23-05726,2023,,28,3,50000 and OVER,9,4295,Oak Park,C,Urban InterState,,16,2,12133942,4,Cook,0,23,,,7,N,No,(UNK),202301104269,ISP,5,7.94000006,Y,,,,(UNK),18860,(N/A),(UNK),No Defects,1,1,InterState,1,290,X002976180,Not Toll,73,13,4,Divided With Median Barrier,3,2941340.31908939,1905137.73542981,41.87299185,-87.79929982,,Urban,1,N,(N/A),Y,(N/A)
2023,2023-05-22,Monday,19,07:53 PM,Injury,A Injury Crash,1,0,1,0,0,0,Fixed Object,6,N,N,Failing to Reduce Speed to Avoid Crash,Operating Vehicle In Reckless Manner,Daylight,Clear,Dry,N,,,,,No Controls,No Controls,N,2,41.8832478,-87.804861,ok,(UNK),1,2303044,2023,,28,50,50000 and OVER,9,4295,Oak Park,C,Urban Other Principal Arte,,16,22,12209206,5,Cook,3,23,TREE,,1,N,No,Free Flow,202301176185,City,1,19.43000031,Y,,,,(UNK),19909,(N/A),(UNK),No Defects,1,1,Other Principal Arterial,3,348,X003043261,Not Toll,73,1,1,Not Divided,1,2939724.37225646,1908830.60518242,41.88323991,-87.80485523,,Urban,1,N,(N/A),Y,(N/A)
2023,2023-10-19,Thursday,15,03:16 PM,Property Damage,No Injuries,0,0,0,0,0,5,Front to Rear,11,N,N,Failing to Reduce Speed to Avoid Crash,Unable to Determine,Daylight,Clear,Dry,N,,,,,No Controls,No Controls,N,4,41.8685853,-87.7938706,ok,(UNK),1,2306615,2023,,28,18,50000 and OVER,9,4295,Oak Park,C,Urban Major Collector,,16,19,12549607,10,Cook,0,23,,,4,N,Yes,Stopped,202301432737,City,1,6.92999983,N,,,,(UNK),19973,(N/A),(UNK),No Defects,1,1,Major Collector,5,2775,X003343402,Not Toll,73,1,1,"Divided, No Median Barrier",2,2942865.14395986,1903569.93458953,41.86857742,-87.7938648,,Urban,1,N,(N/A),Y,(N/A)
2023,2023-05-05,Friday,18,06:25 PM,Injury,B Injury Crash,2,0,0,2,0,0,Angle,15,N,N,Failing to Yield Right of Way,Failing to Reduce Speed to Avoid Crash,Daylight,Clear,Dry,Y,,,,,Traffic Signal,Functioning Properly,N,2,41.8815874,-87.7943358,ok,(UNK),1,2302655,2023,,2,28,50000 and OVER,9,4295,Oak Park,C,Urban Major Collector,,16,5,12173106,5,Cook,2,23,,,5,N,No,(UNK),202301140994,City,1,0.54000002,N,,,,(UNK),20949,(N/A),(UNK),No Defects,1,1,Major Collector,5,5,X003010279,Not Toll,73,3,4,"Divided, No Median Barrier",2,2942607.40103357,1908304.62932867,41.88157952,-87.79432999,,Urban,1,N,(N/A),Y,(N/A)
2023,2023-04-07,Friday,20,08:26 PM,Injury,C Injury Crash,4,0,0,0,4,1,Sideswipe Same Direction,12,N,N,Improper Lane Usage,Improper Overtaking/Passing,Darkness / Lighted Road,Clear,Dry,N,,,,,No Controls,No Controls,Y,4,41.8776954,-87.8046518,ok,(UNK),1,23-00957,2023,,20,4,50000 and OVER,9,4295,Oak Park,C,Urban Other Principal Arte,,16,7,12135714,4,Cook,1,23,,,5,N,Yes,Slow,202301105946,City,5,19.80999947,Y,,,,(UNK),21629,(N/A),(UNK),No Defects,1,1,Other Principal Arterial,3,348,X002977857,Not Toll,73,1,1,Not Divided,1,2939837.06847446,1906808.78406289,41.87768752,-87.804646,,Urban,1,N,(N/A),Y,(N/A)
2023,2023-03-31,Friday,11,11:00 AM,Property Damage,No Injuries,0,0,0,0,0,2,Rear to Side,16,N,N,Improper Backing,(N/A),Daylight,Clear,Dry,N,,,,,Traffic Signal,Functioning Properly,N,2,41.8736413,-87.8045236,ok,Partial Access Control,1,23-00894,2023,,30,99,50000 and OVER,9,4295,Oak Park,C,Urban InterState,,16,31,12139185,3,Cook,0,23,,,5,N,No,Stopped,202301108673,City,1,0.20999999,Y,,,,(UNK),21657,(N/A),(UNK),No Defects,1,1,InterState,1,290,X002980570,Not Toll,73,3,4,"Divided, No Median Barrier",2,2939912.67131013,1905332.38819513,41.8736335,-87.80451778,,Urban,1,N,(N/A),Y,(N/A)
2023,2023-05-30,Tuesday,13,01:20 PM,Property Damage,No Injuries,0,0,0,0,0,2,Turning,10,N,N,Improper Overtaking/Passing,(N/A),Daylight,Clear,Dry,Y,,,,,Stop Sign,Functioning Properly,Y,2,41.9070735,-87.8041693,ok,(UNK),1,2303220,2023,,4,99,50000 and OVER,9,4295,Oak Park,C,Urban Local Road or Street,,16,30,12199551,5,Cook,0,23,,,2,N,No,Free Flow,202301167099,City,1,0,N,,,,(UNK),21981,(N/A),(UNK),No Defects,1,1,Local Road or Street,7,,X003034424,Not Toll,73,2,4,Not Divided,1,2939673.5542476,1917518.33243142,41.90706562,-87.80416346,,Urban,1,N,(N/A),Y,(N/A)
2023,2023-03-20,Monday,16,04:00 PM,Property Damage,No Injuries,0,0,0,0,0,2,Front to Rear,11,N,N,Unable to Determine,Unable to Determine,Daylight,Clear,Dry,N,,,,,No Controls,No Controls,N,2,41.8832478,-87.8048558,ok,(UNK),1,23-805,2023,,18,18,50000 and OVER,9,4295,Oak Park,C,Urban Other Principal Arte,,16,20,12139184,3,Cook,0,23,,,1,N,No,Free Flow,202301108672,City,1,19.43000031,Y,,,,(UNK),22616,(N/A),(UNK),No Defects,1,1,Other Principal Arterial,3,348,X002980569,Not Toll,73,1,1,"Divided, No Median Barrier",2,2939725.79669042,1908830.67683626,41.88324,-87.80485,,Urban,1,N,(N/A),Y,(N/A)
2023,2023-05-25,Thursday,17,05:30 PM,Property Damage,No Injuries,0,0,0,0,0,4,Front to Rear,11,N,N,Following Too Closely,Failing to Reduce Speed to Avoid Crash,Daylight,Clear,Dry,N,,,,,Traffic Signal,Functioning Properly,N,2,41.8711449,-87.7746623,ok,Partial Access Control,3,03-23-09260,2023,,3,28,50000 and OVER,9,4295,Oak Park,C,Urban InterState,,16,25,12194923,5,Cook,0,23,,,4,N,No,(UNK),202301162432,ISP,1,0,Y,,,,(UNK),22752,(N/A),(UNK),No Defects,1,1,InterState,1,,X003030147,Not Toll,73,3,4,Ramp,11,2948071.2456619,1904647.99480612,41.87113705,-87.77465652,,Urban,1,N,(N/A),Y,(N/A)
2023,2023-06-09,Friday,12,12:52 PM,Property Damage,No Injuries,0,0,0,0,0,2,Angle,15,N,N,Failing to Yield Right of Way,Unable to Determine,Daylight,Clear,Dry,Y,,,,,Stop Sign,Functioning Properly,Y,2,41.8997194,-87.8039249,ok,(UNK),1,2303473,2023,,2,18,50000 and OVER,9,4295,Oak Park,C,Urban Local Road or Street,,16,9,12214620,6,Cook,0,23,,,5,N,No,Free Flow,202301181206,City,1,0,N,,,,(UNK),23030,(N/A),(UNK),No Defects,1,1,Local Road or Street,7,,X003048190,Not Toll,73,2,4,Not Divided,1,2939813.92840392,1914840.20254684,41.89971156,-87.8039191,,Urban,1,N,(N/A),Y,(N/A)
2023,2023-06-05,Monday,8,08:30 AM,Property Damage,No Injuries,0,0,0,0,0,2,Sideswipe Same Direction,12,N,N,Improper Lane Usage,Failing to Reduce Speed to Avoid Crash,Daylight,Clear,Dry,N,,,,,Other,Functioning Properly,N,2,41.8727593,-87.7968897,ok,Partial Access Control,3,03-23-10005,2023,,20,28,50000 and OVER,9,4295,Oak Park,C,Urban InterState,,16,5,12206414,6,Cook,0,23,,,1,N,No,(UNK),202301173468,ISP,1,8.05000019,Y,,,,(UNK),23044,(N/A),(UNK),No Defects,1,1,InterState,1,290,X003040644,Not Toll,,13,4,Divided With Median Barrier,3,2942000.76313049,1905068.29846422,41.87275146,-87.79688389,,Urban,1,N,(N/A),Y,(N/A)
2023,2023-06-10,Saturday,13,01:04 PM,Property Damage,No Injuries,0,0,0,0,0,2,Front to Rear,11,N,N,Following Too Closely,Failing to Reduce Speed to Avoid Crash,Daylight,Clear,Dry,N,,,,,No Controls,No Controls,N,2,41.8797273,-87.7969686,ok,(UNK),1,2303503,2023,,3,28,50000 and OVER,9,4295,Oak Park,C,Urban Minor Arterial,,16,10,12214678,6,Cook,0,23,,,6,N,No,Stopped,202301181255,City,1,3.46000004,N,,,,(UNK),23165,(N/A),(UNK),No Defects,1,1,Minor Arterial,4,1419,X003048240,Not Toll,73,1,1,"Divided, No Median Barrier",2,2941909.13274725,1907606.96377537,41.87971944,-87.79696278,,Urban,1,N,(N/A),Y,(N/A)
2023,2023-05-06,Saturday,10,10:18 AM,Property Damage,No Injuries,0,0,0,0,0,2,Rear to Front,18,N,N,Improper Backing,Failing to Reduce Speed to Avoid Crash,Daylight,Rain,Wet,Y,,,,,No Controls,No Controls,N,2,41.8886579,-87.8007556,ok,(UNK),1,2302670,2023,,30,28,50000 and OVER,9,4295,Oak Park,C,Urban Major Collector,,16,6,12173166,5,Cook,0,23,,,6,N,No,Stopped,202301141053,City,1,0.28,N,,,,(UNK),23519,(N/A),(UNK),No Defects,1,2,Major Collector,5,1405,X003010337,Not Toll,73,1,1,Not Divided,1,2940788.00249089,1910832.95556552,41.88865001,-87.8007498,,Urban,2,N,(N/A),Y,(N/A)
2023,2023-05-05,Friday,18,06:23 PM,Injury,B Injury Crash,1,0,0,1,0,3,Pedalcyclist,2,N,Y,Failing to Yield Right of Way,Failing to Reduce Speed to Avoid Crash,Daylight,Clear,Dry,N,,,,,No Controls,No Controls,N,1,41.8980393,-87.7960672,ok,(UNK),1,2302656,2023,,2,28,50000 and OVER,9,4295,Oak Park,C,Urban Local Road or Street,,16,5,12173119,5,Cook,2,23,,,5,N,No,Slow,202301141008,City,1,0,N,,,,(UNK),23647,(N/A),(UNK),No Defects,1,1,Local Road or Street,7,,X003010292,Not Toll,73,1,1,Four Way,14,2941970.15156545,1914286.97506116,41.89803142,-87.79606142,,Urban,1,N,(N/A),Y,(N/A)