crash_year,crash_date,day_of_week,crash_hour,time_of_crash,crash_severity,crash_injury_severity,total_injured,total_fatals,a_injuries,b_injuries,c_injuries,no_injuries,type_of_first_crash,collision_type_code,pedestrian_involved,pedalcyclist_involved,cause1,cause2,lighting_cond,weather_cond,road_surface_cond,intersection_related,is_intersection,highway_or_street_name,at_intersection_with,address_no,traffic_control_device,traffic_control_device_cond,hit_and_run,number_of_vehicles,latitude,longitude,location_status,access_control,agency_code,agency_report_number,agency_report_year,alignment_code,cause1_code,cause2_code,city_class,city_class_code,city_code,city_name,city_township_flag,class_of_trafficway,class_of_trafficway_code,county_code,crash_day,crash_id,crash_month,crash_report_county,crash_severity_cd,crash_yr_source,damaged_property1,damaged_property2,day_of_week_code,did_crash_occur_in_work_zone,did_involve_secondary_crash,flow_condition,icn,investigating_agency_descrip,light_condition_code,mile_station,nhs,non_intersection_direction,non_intersection_distance,non_intersection_units,number_of_lanes,objectid,railroad_crossing_number,road_alignment,road_defects,road_defects_code,road_surface_condition_code,roadway_functional_class,roadway_functional_class_code,route_number,sfe,toll,township,traffic_control_device_code,traffic_control_device_cond_code,trafficway_descrip,trafficway_description_code,ts_crash_coordinate_x,ts_crash_coordinate_y,ts_crash_latitude,ts_crash_longitude,type_report,urban_rural,weather_code,were_workers_present,work_zone,work_zone_related,work_zone_type
2023,2023-03-30,Thursday,23,11:23 PM,Property Damage,No Injuries,0,0,0,0,0,4,Other Object,7,N,N,Failing to Reduce Speed to Avoid Crash,Under Influence of Alcohol/Drugs,Darkness / Lighted Road,Clear,Dry,N,,,,,No Controls,No Controls,N,1,41.8799338,-87.787929,ok,(UNK),1,2301800,2023,,28,8,50000 and OVER,9,4295,Oak Park,C,Urban Minor Arterial,,16,30,12134424,3,Cook,0,23,FIRE HYDRANT,BUILDING FACADE,4,N,No,Free Flow,202301104715,City,5,3.93000007,N,,,,(UNK),23926,(N/A),(UNK),No Defects,1,1,Minor Arterial,4,1419,X002976627,Not Toll,73,1,1,Divided With Median Barrier,3,2944368.87590773,1907750.34557918,41.87992591,-87.78792325,,Urban,1,N,(N/A),Y,(N/A)
2023,2023-05-06,Saturday,3,03:58 AM,Property Damage,No Injuries,0,0,0,0,0,1,Fixed Object,6,N,N,Failing to Reduce Speed to Avoid Crash,(N/A),Darkness / Lighted Road,Clear,Dry,N,,,,,No Controls,No Controls,N,1,41.8796168,-87.8031468,ok,(UNK),1,2302664,2023,,28,99,50000 and OVER,9,4295,Oak Park,C,Urban Minor Arterial,,16,6,12173160,5,Cook,0,23,JIFFY LUBE POLE,,6,N,No,Free Flow,202301141048,City,5,3.1500001,N,,,,(UNK),24659,(N/A),(UNK),No Defects,1,1,Minor Arterial,4,1419,X003010332,Not Toll,73,1,1,"Divided, No Median Barrier",2,2940227.66931599,1907520.27415533,41.87960894,-87.80314097,,Urban,1,N,(N/A),Y,(N/A)
2023,2023-05-04,Thursday,20,08:15 PM,Property Damage,No Injuries,0,0,0,0,0,2,Angle,15,N,N,Failing to Yield Right of Way,(N/A),Darkness,Clear,Dry,Y,,,,,Traffic Signal,Functioning Properly,N,2,41.8797193,-87.7942755,ok,(UNK),1,2302699,2023,,2,99,50000 and OVER,9,4295,Oak Park,C,Urban Minor Arterial,,16,4,12173239,5,Cook,0,23,,,4,N,No,Slow,202301141124,City,4,3.5999999,N,,,,(UNK),24714,(N/A),(UNK),No Defects,1,1,Minor Arterial,4,1419,X003010409,Not Toll,73,3,4,Four Way,14,2942642.63416682,1907624.31236559,41.87971142,-87.79426975,,Urban,1,N,(N/A),Y,(N/A)
2023,2023-05-08,Monday,13,01:03 PM,Property Damage,No Injuries,0,0,0,0,0,2,Angle,15,N,N,Failing to Yield Right of Way,Failing to Reduce Speed to Avoid Crash,Daylight,Rain,Wet,Y,,,,,Stop Sign,Functioning Properly,N,2,41.8707778,-87.7792158,ok,(UNK),1,2302719,2023,,2,28,50000 and OVER,9,4295,Oak Park,C,Urban Minor Collector,,16,8,12173249,5,Cook,0,23,,,1,N,No,Free Flow,202301141134,City,1,0,N,,,,(UNK),25026,(N/A),(UNK),No Defects,1,2,Minor Collector,6,290,X003010419,Not Toll,73,2,4,Four Way,14,2946834.70176392,1904479.68816293,41.87077,-87.77921,,Urban,2,N,(N/A),Y,(N/A)
2023,2023-05-07,Sunday,6,06:37 AM,Property Damage,No Injuries,0,0,0,0,0,2,Parked Motor Vehicle,9,N,N,Distraction - From Inside Vehicle,Driving Skills/Knowledge/Experience,Daylight,Clear,Dry,N,,,,,No Controls,No Controls,N,2,41.8902406,-87.7945569,ok,(UNK),1,2302694,2023,,41,15,50000 and OVER,9,4295,Oak Park,C,Urban Major Collector,,16,7,12173233,5,Cook,0,23,FENCE,,7,N,Yes,Free Flow,202301141118,City,1,5.42000008,N,,,,(UNK),25118,(N/A),(UNK),No Defects,1,1,Major Collector,5,2775,X003010403,Not Toll,73,1,1,"Divided, No Median Barrier",2,2942459.95884446,1911456.38080078,41.8902328,-87.79455114,,Urban,1,N,(N/A),Y,(N/A)
2023,2023-04-12,Wednesday,11,11:40 AM,Property Damage,No Injuries,0,0,0,0,0,2,Front to Rear,11,N,N,Following Too Closely,Failing to Reduce Speed to Avoid Crash,Daylight,Clear,Dry,N,,,,,No Controls,No Controls,N,2,41.8715277,-87.7791446,ok,Partial Access Control,3,03-23-06417,2023,,3,28,50000 and OVER,9,4295,Oak Park,C,Urban InterState,,16,12,12141182,4,Cook,0,23,,,3,N,No,(UNK),202301110792,ISP,1,8.96000004,Y,,,,(UNK),25661,(N/A),(UNK),No Defects,1,1,InterState,1,290,X002982449,Not Toll,73,1,1,Divided With Median Barrier,3,2946846.5,1904753.5,41.87151989,-87.77913876,,Urban,1,N,(N/A),Y,(N/A)
2023,2023-04-08,Saturday,3,03:00 AM,Property Damage,No Injuries,0,0,0,0,0,1,Parked Motor Vehicle,9,N,N,Failing to Reduce Speed to Avoid Crash,Unable to Determine,Unknown,Unknown,Unknown,N,,,,,No Controls,No Controls,Y,2,41.8937082,-87.7946521,ok,(UNK),1,2301993,2023,,28,18,50000 and OVER,9,4295,Oak Park,C,Urban Major Collector,,16,8,12139676,4,Cook,0,23,,,6,N,No,(UNK),202301109209,City,9,5.17000008,N,,,,(UNK),25739,(N/A),(UNK),No Defects,1,9,Major Collector,5,2775,X002981034,Not Toll,73,1,1,"Divided, No Median Barrier",2,2942399.08228193,1912719.30274568,41.89370035,-87.79464635,,Urban,9,N,(N/A),Y,(N/A)
2023,2023-06-11,Sunday,13,01:13 PM,Property Damage,No Injuries,0,0,0,0,0,5,Turning,10,N,N,Improper Lane Usage,Unable to Determine,Daylight,Clear,Dry,Y,,,,,Traffic Signal,Functioning Properly,N,2,41.8736416,-87.8045258,ok,Partial Access Control,1,2303519,2023,,20,18,50000 and OVER,9,4295,Oak Park,C,Urban InterState,,16,11,12214731,6,Cook,0,23,,,7,N,No,Slow,202301181273,City,1,0.20999999,Y,,,,(UNK),25757,(N/A),(UNK),No Defects,1,1,InterState,1,290,X003048258,Not Toll,73,3,4,Not Divided,1,2939912.062394,1905332.46992192,41.87363377,-87.80452,,Urban,1,N,(N/A),Y,(N/A)
2023,2023-06-07,Wednesday,14,02:40 PM,Property Damage,No Injuries,0,0,0,0,0,3,Front to Rear,11,N,N,Following Too Closely,Failing to Reduce Speed to Avoid Crash,Daylight,Clear,Dry,N,,,,,Other,Functioning Properly,N,2,41.8729955,-87.7993647,ok,Partial Access Control,3,03-23-10180,2023,,3,28,50000 and OVER,9,4295,Oak Park,C,Urban InterState,,16,7,12213032,6,Cook,0,23,,,3,N,No,(UNK),202301179567,ISP,1,7.94000006,Y,,,,(UNK),25833,(N/A),(UNK),No Defects,1,1,InterState,1,290,X003046636,Not Toll,,13,4,Divided With Median Barrier,3,2941324.28198429,1905135.76596678,41.87298767,-87.79935885,,Urban,1,N,(N/A),Y,(N/A)
2023,2023-06-14,Wednesday,9,09:12 AM,Property Damage,No Injuries,0,0,0,0,0,3,Rear to Front,18,N,N,Improper Backing,Unable to Determine,Daylight,Clear,Dry,Y,,,,,Traffic Signal,Functioning Properly,N,2,41.8736415,-87.8045249,ok,Partial Access Control,1,23-01751,2023,,30,18,50000 and OVER,9,4295,Oak Park,C,Urban InterState,,16,14,12217956,6,Cook,0,23,,,3,N,No,Free Flow,202301184048,City,1,0.20999999,Y,,,,(UNK),26011,(N/A),(UNK),No Defects,1,1,InterState,1,290,X003050988,Not Toll,73,3,4,Divided With Median Barrier,3,2939912.32225401,1905332.43504434,41.87363366,-87.80451905,,Urban,1,N,(N/A),Y,(N/A)
2023,2023-03-30,Thursday,13,01:57 PM,Property Damage,No Injuries,0,0,0,0,0,3,Sideswipe Same Direction,12,N,N,Unable to Determine,(N/A),Unknown,Unknown,Unknown,N,,,,,Unknown,Unknown,N,3,41.9089394,-87.8045145,ok,(UNK),1,JG205024,2023,,18,99,50000 and OVER,9,4295,Oak Park,C,Urban Other Principal Arte,,16,30,12126965,3,Cook,0,23,,,4,N,No,(UNK),202301097812,City,9,5.98000002,Y,,,,(UNK),26220,(N/A),(UNK),Unknown,99,9,Other Principal Arterial,3,307,X002969788,Not Toll,,99,9,"Divided, No Median Barrier",2,2939560.83157199,1918195.7318362,41.90893158,-87.80450872,,Urban,9,N,(N/A),N,(N/A)
2023,2023-03-28,Tuesday,16,04:04 PM,Property Damage,No Injuries,0,0,0,0,0,2,Front to Rear,11,N,N,Following Too Closely,Distraction - From Inside Vehicle,Daylight,Clear,Dry,N,,,,,Traffic Signal,Functioning Properly,N,2,41.8776136,-87.8046491,ok,(UNK),1,23-00864,2023,,3,41,50000 and OVER,9,4295,Oak Park,C,Urban Other Principal Arte,,16,28,12127080,3,Cook,0,23,,,2,N,No,Slow,202301097920,City,1,19.80999947,Y,,,,(UNK),26226,(N/A),(UNK),No Defects,1,1,Other Principal Arterial,3,348,X002969896,Not Toll,73,3,4,Four Way,14,2939838.61877143,1906779.00197014,41.87760574,-87.80464332,,Urban,1,N,(N/A),Y,(N/A)
2023,2023-04-07,Friday,0,00:52 AM,Property Damage,No Injuries,0,0,0,0,0,2,Sideswipe Same Direction,12,N,N,Improper Lane Usage,Failing to Reduce Speed to Avoid Crash,Darkness / Lighted Road,Clear,Dry,N,,,,,No Controls,No Controls,Y,3,41.8706278,-87.7939858,ok,(UNK),1,2301971,2023,,20,28,50000 and OVER,9,4295,Oak Park,C,Urban Major Collector,,16,7,12137699,4,Cook,0,23,,,5,N,Yes,Free Flow,202301107867,City,5,0,N,,,,(UNK),26408,(N/A),(UNK),No Defects,1,1,Major Collector,5,,X002979778,Not Toll,,1,1,Not Divided,1,2942813.17860403,1904313.41841737,41.87062,-87.79398,,Urban,1,N,(N/A),Y,(N/A)
2023,2023-05-20,Saturday,16,04:30 PM,Injury,B Injury Crash,3,0,0,3,0,4,Front to Rear,11,N,N,Failing to Reduce Speed to Avoid Crash,(N/A),Daylight,Clear,Dry,N,,,,,Delineators,Functioning Properly,N,3,41.8715606,-87.7795914,ok,Partial Access Control,3,03-23-08922,2023,,28,99,50000 and OVER,9,4295,Oak Park,C,Urban InterState,,16,20,12193152,5,Cook,2,23,,,6,N,No,(UNK),202301160630,ISP,1,8.93999958,Y,,,,(UNK),26602,(N/A),(UNK),No Defects,1,1,InterState,1,290,X003028464,Not Toll,73,14,4,Divided With Median Barrier,3,2946724.46761074,1904762.07664139,41.87155271,-87.77958557,,Urban,1,N,(N/A),Y,(N/A)
2023,2023-05-25,Thursday,14,02:02 PM,Property Damage,No Injuries,0,0,0,0,0,1,Parked Motor Vehicle,9,N,N,Driving Skills/Knowledge/Experience,Unable to Determine,Daylight,Clear,Dry,N,,,,,No Controls,No Controls,Y,2,41.8757853,-87.80459,ok,(UNK),1,23-01507,2023,,15,18,50000 and OVER,9,4295,Oak Park,C,Urban Other Principal Arte,,16,25,12193367,5,Cook,0,23,,,4,N,No,Free Flow,202301160850,City,1,19.94000053,Y,,,,(UNK),27006,(N/A),(UNK),No Defects,1,1,Other Principal Arterial,3,348,X003028668,Not Toll,73,1,1,Parking Lot,7,2939873.07608342,1906113.18819943,41.87577746,-87.80458417,,Urban,1,N,(N/A),Y,(N/A)
2023,2023-05-06,Saturday,17,05:12 PM,Property Damage,No Injuries,0,0,0,0,0,3,Angle,15,N,N,Failing to Yield Right of Way,Failing to Reduce Speed to Avoid Crash,Daylight,Clear,Dry,Y,,,,,Stop Sign,Functioning Properly,N,2,41.8715857,-87.7890757,ok,(UNK),1,2302683,2023,,2,28,50000 and OVER,9,4295,Oak Park,C,Urban Minor Collector,,16,6,12173207,5,Cook,0,23,,,6,N,No,Free Flow,202301141092,City,1,0.25,N,,,,(UNK),27068,(N/A),(UNK),No Defects,1,1,Minor Collector,6,290,X003010377,Not Toll,73,2,4,Four Way,14,2944140.90735299,1904699.4949367,41.87157783,-87.78906993,,Urban,1,N,(N/A),Y,(N/A)
2023,2023-05-05,Friday,16,04:00 PM,Property Damage,No Injuries,0,0,0,0,0,5,Front to Rear,11,N,N,Failing to Reduce Speed to Avoid Crash,Following Too Closely,Daylight,Clear,Dry,N,,,,,No Controls,Functioning Properly,N,3,41.8712986,-87.7755148,ok,Partial Access Control,3,03-23-07969,2023,,28,3,50000 and OVER,9,4295,Oak Park,C,Urban InterState,,16,5,12180997,5,Cook,0,23,,,5,N,No,(UNK),202301148172,ISP,1,9.14999962,Y,,,,(UNK),27154,(N/A),(UNK),No Defects,1,1,InterState,1,290,X003017455,Not Toll,73,1,4,Divided With Median Barrier,3,2947837.48711585,1904697.52538864,41.87129073,-87.775509,,Urban,1,N,(N/A),Y,(N/A)
2023,2023-03-28,Tuesday,20,08:50 PM,Property Damage,No Injuries,0,0,0,0,0,2,Front to Rear,11,N,N,Failing to Reduce Speed to Avoid Crash,Unable to Determine,Darkness / Lighted Road,Clear,Dry,N,,,,,No Controls,No Controls,N,2,41.8650839,-87.8042175,ok,(UNK),1,2301951,2023,,28,18,50000 and OVER,9,4295,Oak Park,C,Urban Other Principal Arte,,16,28,12139650,3,Cook,0,23,,,2,N,No,Stopped,202301109166,City,5,20.69000053,Y,,,,(UNK),27201,(N/A),(UNK),No Defects,1,1,Other Principal Arterial,3,348,X002981009,Not Toll,73,1,1,"Divided, No Median Barrier",2,2940081.90522622,1902216.20918765,41.86507608,-87.8042117,,Urban,1,N,(N/A),Y,(N/A)
2023,2023-04-01,Saturday,15,03:30 PM,Property Damage,No Injuries,0,0,0,0,0,1,Parked Motor Vehicle,9,N,N,Unable to Determine,Unable to Determine,Unknown,Unknown,Unknown,N,,,,,Stop Sign,Functioning Properly,Y,2,41.8854056,-87.8047899,ok,(UNK),1,2301926,2023,,18,18,50000 and OVER,9,4295,Oak Park,C,Urban Local Road or Street,,16,1,12134993,4,Cook,0,23,,,6,N,No,Free Flow,202301105548,City,9,0,N,,,,(UNK),27235,(N/A),(UNK),No Defects,1,9,Local Road or Street,7,,X002977161,Not Toll,73,2,4,Not Divided,1,2939722.09844103,1909617.48861123,41.88539773,-87.80478407,,Urban,9,N,(N/A),Y,(N/A)
2023,2023-03-30,Thursday,22,10:27 PM,Property Damage,No Injuries,0,0,0,0,0,3,Front to Rear,11,N,N,Failing to Reduce Speed to Avoid Crash,(N/A),Darkness / Lighted Road,Unknown,Unknown,N,,,,,Traffic Signal,Functioning Properly,Y,2,41.875712,-87.8045878,ok,(UNK),1,2301955,2023,,28,99,50000 and OVER,9,4295,Oak Park,C,Urban Other Principal Arte,,16,30,12137676,3,Cook,0,23,,,4,N,No,Free Flow,202301107843,City,5,19.95000076,Y,,,,(UNK),27622,(N/A),(UNK),Unknown,99,9,Other Principal Arterial,3,348,X002979755,Not Toll,73,3,4,"Divided, No Median Barrier",2,2939874.39176326,1906086.49192302,41.87570416,-87.80458204,,Urban,9,N,(N/A),N,(N/A)
2023,2023-04-06,Thursday,15,03:10 PM,Property Damage,No Injuries,0,0,0,0,0,2,Angle,15,N,N,Failing to Reduce Speed to Avoid Crash,Unable to Determine,Daylight,Clear,Dry,N,,,,,Stop Sign,Functioning Properly,N,2,41.9019572,-87.7790175,ok,(UNK),1,2301956,2023,,28,18,50000 and OVER,9,4295,Oak Park,C,Urban Major Collector,,16,6,12137678,4,Cook,0,23,,,4,N,No,(UNK),202301107846,City,1,2.3499999,N,,,,(UNK),27623,(N/A),(UNK),No Defects,1,1,Major Collector,5,1394,X002979757,Not Toll,73,2,4,Not Divided,1,2946572.40938514,1915843.53776033,41.90194934,-87.77901166,,Urban,1,N,(N/A),Y,(N/A)
2023,2023-04-06,Thursday,15,03:57 PM,Injury,B Injury Crash,1,0,0,1,0,4,Front to Rear,11,N,N,Failing to Reduce Speed to Avoid Crash,(N/A),Daylight,Clear,Dry,N,,,,,No Controls,No Controls,N,3,41.888428,-87.7879611,ok,(UNK),1,2301958,2023,,28,99,50000 and OVER,9,4295,Oak Park,C,Urban Major Collector,,16,6,12137679,4,Cook,2,23,,,4,N,Yes,(UNK),202301107847,City,1,0.69999999,N,,,,(UNK),27684,(N/A),(UNK),No Defects,1,1,Major Collector,5,1405,X002979758,Not Toll,73,1,1,Not Divided,1,2944274.31310523,1910845.55506464,41.88842013,-87.78795525,,Urban,1,N,(N/A),Y,(N/A)
2023,2023-04-10,Monday,17,05:24 PM,Injury,B Injury Crash,2,0,0,2,0,1,Pedestrian,1,Y,N,Failing to Yield Right of Way,(N/A),Daylight,Clear,Dry,Y,,,,,No Controls,No Controls,N,1,41.8800369,-87.7828381,ok,(UNK),1,2302060,2023,,2,99,50000 and OVER,9,4295,Oak Park,C,Urban Local Road or Street,,16,10,12139759,4,Cook,2,23,,,1,N,No,Free Flow,202301109317,City,1,4.21000004,N,,,,(UNK),27809,(N/A),(UNK),No Defects,1,1,Local Road or Street,7,1419,X002981115,Not Toll,73,1,1,"Divided, No Median Barrier",2,2945754.30194164,1907826.4251155,41.88002906,-87.78283229,,Urban,1,N,(N/A),Y,(N/A)
2023,2023-04-10,Monday,20,08:27 PM,Property Damage,No Injuries,0,0,0,0,0,2,Parked Motor Vehicle,9,N,N,Equipment-Vehicle Condition,Unable to Determine,Darkness / Lighted Road,Clear,Dry,N,,,,,No Controls,No Controls,N,2,41.8738796,-87.7793216,ok,(UNK),1,2302070,2023,,10,18,50000 and OVER,9,4295,Oak Park,C,Urban Minor Collector,,16,10,12139760,4,Cook,0,23,,,1,N,No,(UNK),202301109318,City,5,0.98000002,N,,,,(UNK),27810,(N/A),(UNK),No Defects,1,1,Minor Collector,6,3794,X002981116,Not Toll,73,1,1,Not Divided,1,2946774.43211219,1905609.22653862,41.87387177,-87.77931579,,Urban,1,N,(N/A),Y,(N/A)
2023,2023-05-11,Thursday,7,07:17 AM,Property Damage,No Injuries,0,0,0,0,0,2,Turning,10,N,N,Improper Turning/No Signal,Driving Skills/Knowledge/Experience,Daylight,Clear,Dry,Y,,,,,Traffic Signal,Functioning Properly,Y,2,41.8736416,-87.8045258,ok,Partial Access Control,1,2302787,2023,,6,15,50000 and OVER,9,4295,Oak Park,C,Urban InterState,,16,11,12177208,5,Cook,0,23,,,4,N,No,Free Flow,202301144861,City,1,0.20999999,Y,,,,(UNK),28143,(N/A),(UNK),No Defects,1,1,InterState,1,290,X003014140,Not Toll,73,3,4,Divided With Median Barrier,3,2939912.07096786,1905332.46877117,41.87363377,-87.80451997,,Urban,1,N,(N/A),Y,(N/A)
2023,2023-05-11,Thursday,17,05:02 PM,Property Damage,No Injuries,0,0,0,0,0,2,Angle,15,N,N,Failing to Yield Right of Way,Disregarding Stop Sign,Daylight,Clear,Dry,Y,,,,,Stop Sign,Functioning Properly,N,2,41.8706377,-87.7939367,ok,(UNK),1,2302798,2023,,2,23,50000 and OVER,9,4295,Oak Park,C,Urban Major Collector,,16,11,12177215,5,Cook,0,23,,,4,N,No,Free Flow,202301144868,City,1,6.78999996,N,,,,(UNK),28144,(N/A),(UNK),No Defects,1,1,Major Collector,5,2775,X003014147,Not Toll,73,2,4,Not Divided,1,2942826.45156973,1904317.39627657,41.8706299,-87.7939309,,Urban,1,N,(N/A),Y,(N/A)
2023,2023-05-11,Thursday,21,09:38 PM,Property Damage,No Injuries,0,0,0,0,0,2,Fixed Object,6,N,N,Driving Skills/Knowledge/Experience,Driving Skills/Knowledge/Experience,Darkness / Lighted Road,Clear,Dry,N,,,,,No Controls,No Controls,Y,1,41.9091074,-87.7887463,ok,(UNK),1,2302808,2023,,15,15,50000 and OVER,9,4295,Oak Park,C,Urban Other Principal Arte,,16,11,12177233,5,Cook,0,23,TREE,,4,N,Yes,Slow,202301144883,City,5,6.80000019,Y,,,,(UNK),28145,(N/A),(UNK),No Defects,1,1,Other Principal Arterial,3,307,X003014162,Not Toll,73,1,1,Not Divided,1,2943851.50535462,1918375.60020306,41.90909952,-87.78874047,,Urban,1,N,(N/A),Y,(N/A)
2023,2023-04-07,Friday,17,05:35 PM,Property Damage,No Injuries,0,0,0,0,0,4,Turning,10,N,N,Failing to Yield Right of Way,Failing to Reduce Speed to Avoid Crash,Daylight,Clear,Dry,N,,,,,No Controls,No Controls,N,2,41.8798689,-87.7844362,ok,(UNK),1,2301987,2023,,2,28,50000 and OVER,9,4295,Oak Park,C,Urban Minor Arterial,,16,7,12139670,4,Cook,0,23,,,5,N,No,(UNK),202301109196,City,1,4.11000013,N,,,,(UNK),28395,(N/A),(UNK),No Defects,1,1,Minor Arterial,4,1419,X002981028,Not Toll,73,1,1,"Divided, No Median Barrier",2,2945320.77253871,1907753.09603365,41.87986102,-87.78443041,,Urban,1,N,(N/A),Y,(N/A)
2023,2023-04-09,Sunday,13,01:26 PM,Property Damage,No Injuries,0,0,0,0,0,3,Front to Rear,11,N,N,Distraction - From Inside Vehicle,Following Too Closely,Daylight,Clear,Dry,Y,,,,,Traffic Signal,Functioning Properly,N,2,41.8814968,-87.7999233,ok,(UNK),1,2302023,2023,,41,3,50000 and OVER,9,4295,Oak Park,C,Urban Major Collector,,16,9,12139720,4,Cook,0,23,,,7,N,No,Stopped,202301109269,City,1,0.25,N,,,,(UNK),28397,(N/A),(UNK),No Defects,1,1,Major Collector,5,5,X002981078,Not Toll,73,3,4,Not Divided,1,2941086.65449429,1908229.60364366,41.88148899,-87.79991748,,Urban,1,N,(N/A),Y,(N/A)
2023,2023-04-08,Saturday,15,03:38 PM,Property Damage,No Injuries,0,0,0,0,0,3,Turning,10,N,N,Improper Turning/No Signal,(N/A),Daylight,Clear,Dry,Y,,,,,Traffic Signal,Functioning Properly,N,2,41.8796277,-87.8023284,ok,(UNK),1,2302006,2023,,6,99,50000 and OVER,9,4295,Oak Park,C,Urban Minor Arterial,,16,8,12139708,4,Cook,0,23,,,6,N,No,Free Flow,202301109251,City,1,3.19000006,N,,,,(UNK),28422,(N/A),(UNK),No Defects,1,1,Minor Arterial,4,1419,X002981066,Not Toll,73,3,4,Other,8,2940450.44995451,1907530.38470253,41.87961983,-87.80232255,,Urban,1,N,(N/A),Y,(N/A)
2023,2023-04-09,Sunday,18,06:28 PM,Injury,B Injury Crash,2,0,0,2,0,0,Fixed Object,6,N,N,Failing to Reduce Speed to Avoid Crash,(N/A),Daylight,Clear,Dry,N,,,,,Stop Sign,Functioning Properly,N,1,41.8960631,-87.7928659,ok,(UNK),1,2302030,2023,,28,99,50000 and OVER,9,4295,Oak Park,C,Urban Local Road or Street,,16,9,12139740,4,Cook,2,23,HOUSE,,7,N,No,Slow,202301109291,City,1,0,N,,,,(UNK),28423,(N/A),(UNK),No Defects,1,1,Local Road or Street,7,,X002981096,Not Toll,73,2,4,Not Divided,1,2942861.69113486,1913590.94963207,41.8960553,-87.79286008,,Urban,1,N,(N/A),Y,(N/A)
2023,2023-04-07,Friday,13,01:12 PM,Injury,B Injury Crash,1,0,0,1,0,2,Angle,15,N,N,Failing to Reduce Speed to Avoid Crash,(N/A),Daylight,Clear,Dry,Y,,,,,Stop Sign,Functioning Properly,N,2,41.8999203,-87.7838018,ok,(UNK),1,2301980,2023,,28,99,50000 and OVER,9,4295,Oak Park,C,Urban Local Road or Street,,16,7,12139664,4,Cook,2,23,,,5,N,No,Slow,202301109189,City,1,0,N,,,,(UNK),28571,(N/A),(UNK),No Defects,1,1,Local Road or Street,7,,X002981022,Not Toll,73,2,4,Not Divided,1,2945290.52697451,1915065.03185805,41.89991248,-87.78379597,,Urban,1,N,(N/A),Y,(N/A)
2023,2023-05-06,Saturday,20,08:00 PM,Property Damage,No Injuries,0,0,0,0,0,3,Turning,10,N,N,Improper Turning/No Signal,(N/A),Darkness,Clear,Dry,N,,,,,No Controls,No Controls,N,2,41.8799403,-87.7809371,ok,(UNK),1,2302687,2023,,6,99,50000 and OVER,9,4295,Oak Park,C,Urban Minor Arterial,,16,6,12173211,5,Cook,0,23,,,6,N,No,Slow,202301141096,City,4,4.30000019,N,,,,(UNK),28870,(N/A),(UNK),No Defects,1,1,Minor Arterial,4,1419,X003010381,Not Toll,73,1,1,"Divided, No Median Barrier",2,2946272.98246116,1907805.61608988,41.87993246,-87.78093135,,Urban,1,N,(N/A),Y,(N/A)
2023,2023-05-17,Wednesday,6,06:38 AM,Property Damage,No Injuries,0,0,0,0,0,2,Angle,15,N,N,Disregarding Traffic Signals,(N/A),Daylight,Clear,Dry,Y,,,,,Traffic Signal,Functioning Properly,N,2,41.8796276,-87.8023283,ok,(UNK),1,2302926,2023,,25,99,50000 and OVER,9,4295,Oak Park,C,Urban Minor Arterial,,16,17,12183125,5,Cook,0,23,,,3,N,No,Free Flow,202301150340,City,1,3.19000006,N,,,,(UNK),28880,(N/A),(UNK),No Defects,1,1,Minor Arterial,4,1419,X003019471,Not Toll,73,3,4,Four Way,14,2940450.45153268,1907530.35173362,41.87961974,-87.80232255,,Urban,1,N,(N/A),Y,(N/A)
2023,2023-05-08,Monday,5,05:46 AM,Property Damage,No Injuries,0,0,0,0,0,1,Parked Motor Vehicle,9,N,N,Failing to Reduce Speed to Avoid Crash,Unable to Determine,Darkness,Clear,Unknown,N,,,,,No Controls,No Controls,Y,2,41.8814785,-87.8010713,ok,(UNK),1,2302709,2023,,28,18,50000 and OVER,9,4295,Oak Park,C,Urban Major Collector,,16,8,12173247,5,Cook,0,23,,,1,N,No,Free Flow,202301141132,City,4,0.19,N,,,,(UNK),28930,(N/A),(UNK),No Defects,1,9,Major Collector,5,5,X003010417,Not Toll,73,1,1,"Divided, No Median Barrier",2,2940774.18158694,1908214.29866799,41.88147066,-87.80106555,,Urban,1,N,(N/A),Y,(N/A)
2023,2023-05-14,Sunday,13,01:25 PM,Property Damage,No Injuries,0,0,0,0,0,4,Front to Rear,11,N,N,Failing to Reduce Speed to Avoid Crash,Following Too Closely,Daylight,Clear,Dry,N,,,,,Other,Functioning Properly,N,2,41.871527,-87.7791115,ok,Partial Access Control,3,03-23-08526,2023,,28,3,50000 and OVER,9,4295,Oak Park,C,Urban InterState,,16,14,12182870,5,Cook,0,23,,,7,N,No,(UNK),202301149983,ISP,1,8.97000027,Y,,,,(UNK),28988,(N/A),(UNK),No Defects,1,1,InterState,1,290,X003019227,Not Toll,73,13,4,Divided With Median Barrier,3,2946855.5,1904753.5,41.8715192,-87.77910575,,Urban,1,N,(N/A),Y,(N/A)
2023,2023-05-13,Saturday,1,01:15 AM,Injury,B Injury Crash,2,0,0,2,0,0,Fixed Object,6,N,N,Failing to Reduce Speed to Avoid Crash,Improper Lane Usage,Darkness / Lighted Road,Rain,Wet,N,,,,,Other,Functioning Properly,N,1,41.8726538,-87.7957989,ok,Partial Access Control,3,03-23-08431,2023,,28,20,50000 and OVER,9,4295,Oak Park,C,Urban InterState,,16,13,12182973,5,Cook,2,23,,,6,N,No,(UNK),202301150181,ISP,5,8.10000038,Y,,,,(UNK),29074,(N/A),(UNK),No Defects,1,2,InterState,1,290,X003019325,Not Toll,,13,4,Divided With Median Barrier,3,2942298.91578617,1905038.05155578,41.87264593,-87.79579313,,Urban,2,N,(N/A),Y,(N/A)