crash_year,crash_date,day_of_week,crash_hour,time_of_crash,crash_severity,crash_injury_severity,total_injured,total_fatals,a_injuries,b_injuries,c_injuries,no_injuries,type_of_first_crash,collision_type_code,pedestrian_involved,pedalcyclist_involved,cause1,cause2,lighting_cond,weather_cond,road_surface_cond,intersection_related,is_intersection,highway_or_street_name,at_intersection_with,address_no,traffic_control_device,traffic_control_device_cond,hit_and_run,number_of_vehicles,latitude,longitude,location_status,access_control,agency_code,agency_report_number,agency_report_year,alignment_code,cause1_code,cause2_code,city_class,city_class_code,city_code,city_name,city_township_flag,class_of_trafficway,class_of_trafficway_code,county_code,crash_day,crash_id,crash_month,crash_report_county,crash_severity_cd,crash_yr_source,damaged_property1,damaged_property2,day_of_week_code,did_crash_occur_in_work_zone,did_involve_secondary_crash,flow_condition,icn,investigating_agency_descrip,light_condition_code,mile_station,nhs,non_intersection_direction,non_intersection_distance,non_intersection_units,number_of_lanes,objectid,railroad_crossing_number,road_alignment,road_defects,road_defects_code,road_surface_condition_code,roadway_functional_class,roadway_functional_class_code,route_number,sfe,toll,township,traffic_control_device_code,traffic_control_device_cond_code,trafficway_descrip,trafficway_description_code,ts_crash_coordinate_x,ts_crash_coordinate_y,ts_crash_latitude,ts_crash_longitude,type_report,urban_rural,weather_code,were_workers_present,work_zone,work_zone_related,work_zone_type
2023,2023-05-09,Tuesday,18,06:31 PM,Property Damage,No Injuries,0,0,0,0,0,2,Front to Rear,11,N,N,Failing to Reduce Speed to Avoid Crash,Following Too Closely,Daylight,Clear,Dry,N,,,,,Other Regualtory Sig,Functioning Properly,N,2,41.8728108,-87.7974225,ok,Partial Access Control,3,03-23-08184,2023,,28,3,50000 and OVER,9,4295,Oak Park,C,Urban InterState,,16,9,12182952,5,Cook,0,23,,,2,N,No,(UNK),202301150162,ISP,1,8.02999973,Y,,,,(UNK),29122,(N/A),(UNK),No Defects,1,1,InterState,1,290,X003019306,Not Toll,,10,4,Divided With Median Barrier,3,2941855.13011246,1905083.07401219,41.872803,-87.79741668,,Urban,1,N,(N/A),Y,(N/A)
2023,2023-05-16,Tuesday,22,10:15 PM,Property Damage,No Injuries,0,0,0,0,0,1,Parked Motor Vehicle,9,N,N,Physical Condition of Driver,Failing to Reduce Speed to Avoid Crash,Darkness / Lighted Road,Clear,Dry,N,,,,,No Controls,No Controls,N,3,41.8815689,-87.7956362,ok,(UNK),1,2302924,2023,,17,28,50000 and OVER,9,4295,Oak Park,C,Urban Major Collector,,16,16,12183122,5,Cook,0,23,,,2,N,No,Free Flow,202301150337,City,5,0.47,N,,,,(UNK),29270,(N/A),(UNK),No Defects,1,1,Major Collector,5,5,X003019468,Not Toll,73,1,1,Not Divided,1,2942253.44627568,1908288.12188422,41.88156109,-87.79563038,,Urban,1,N,(N/A),Y,(N/A)
2023,2023-03-27,Monday,16,04:09 PM,Property Damage,No Injuries,0,0,0,0,0,2,Angle,15,N,N,Failing to Yield Right of Way,Failing to Reduce Speed to Avoid Crash,Daylight,Clear,Dry,Y,,,,,Stop Sign,No Controls,N,2,41.8704892,-87.8043962,ok,(UNK),1,23-00852,2023,,2,28,50000 and OVER,9,4295,Oak Park,C,Urban Other Principal Arte,,16,27,12136405,3,Cook,0,23,,,1,N,No,Free Flow,202301106609,City,1,20.30999947,Y,,,,(UNK),29857,(N/A),(UNK),No Defects,1,1,Other Principal Arterial,3,348,X002978527,Not Toll,73,2,1,"Divided, No Median Barrier",2,2939978.98876934,1904184.64675826,41.87048136,-87.80439042,,Urban,1,N,(N/A),Y,(N/A)
2023,2023-03-29,Wednesday,15,03:45 PM,Property Damage,No Injuries,0,0,0,0,0,2,Front to Rear,11,N,N,Failing to Reduce Speed to Avoid Crash,Improper Lane Usage,Daylight,Clear,Dry,N,,,,,No Controls,No Controls,N,2,41.8734924,-87.8032351,ok,Partial Access Control,3,03-23-05505,2023,,28,20,50000 and OVER,9,4295,Oak Park,C,Urban InterState,,16,29,12135020,3,Cook,0,23,,,3,N,No,(UNK),202301105268,ISP,1,0.04,Y,,,,(UNK),30042,(N/A),(UNK),No Defects,1,1,InterState,1,290,X002977187,Not Toll,,1,1,Divided With Median Barrier,3,2940265.09291543,1905287.78171858,41.87348457,-87.80322934,,Urban,1,N,(N/A),Y,(N/A)
2023,2023-04-10,Monday,15,03:23 PM,Property Damage,No Injuries,0,0,0,0,0,2,Angle,15,N,N,Failing to Yield Right of Way,(N/A),Daylight,Clear,Dry,Y,,,,,Stop Sign,Functioning Properly,N,2,41.8979824,-87.7992437,ok,(UNK),1,2302056,2023,,2,99,50000 and OVER,9,4295,Oak Park,C,Urban Local Road or Street,,16,10,12139745,4,Cook,0,23,,,1,N,No,Slow,202301109297,City,1,0,N,,,,(UNK),30110,(N/A),(UNK),No Defects,1,1,Local Road or Street,7,,X002981101,Not Toll,73,2,4,Four Way,14,2941105.89791794,1914242.37479892,41.8979746,-87.79923786,,Urban,1,N,(N/A),Y,(N/A)
2023,2023-05-11,Thursday,21,09:31 PM,Injury,B Injury Crash,1,0,0,1,0,1,Angle,15,N,N,Disregarding Other Traffic Signs,Failing to Yield Right of Way,Darkness / Lighted Road,Clear,Dry,Y,,,,,Stop Sign,Functioning Properly,N,2,41.8999203,-87.7838019,ok,(UNK),1,2302803,2023,,24,2,50000 and OVER,9,4295,Oak Park,C,Urban Local Road or Street,,16,11,12177228,5,Cook,2,23,,,4,N,No,Free Flow,202301144879,City,5,0,N,,,,(UNK),30522,(N/A),(UNK),No Defects,1,1,Local Road or Street,7,,X003014158,Not Toll,73,2,4,T-Intersection,15,2945290.50259832,1915065.03171461,41.89991248,-87.78379606,,Urban,1,N,(N/A),Y,(N/A)
2023,2023-04-05,Wednesday,17,05:35 PM,Property Damage,No Injuries,0,0,0,0,0,3,Front to Rear,11,N,N,Failing to Reduce Speed to Avoid Crash,Following Too Closely,Daylight,Clear,Dry,N,,,,,Other,Functioning Properly,N,3,41.871221,-87.7787183,ok,Partial Access Control,3,03-23-05939,2023,,28,3,50000 and OVER,9,4295,Oak Park,C,Urban InterState,,16,5,12135043,4,Cook,0,23,,,3,N,No,(UNK),202301105291,ISP,1,8.98999977,Y,,,,(UNK),30739,(N/A),(UNK),No Defects,1,1,InterState,1,290,X002977210,Not Toll,73,13,4,Divided With Median Barrier,3,2946965.70710191,1904644.95282844,41.87121315,-87.77871253,,Urban,1,N,(N/A),Y,(N/A)
2023,2023-06-13,Tuesday,8,08:20 AM,Property Damage,No Injuries,0,0,0,0,0,3,Sideswipe Same Direction,12,N,N,Failing to Reduce Speed to Avoid Crash,Improper Lane Usage,Daylight,Clear,Dry,N,,,,,Other,Functioning Properly,N,2,41.8722666,-87.7879028,ok,Partial Access Control,3,03-23-10578,2023,,28,20,50000 and OVER,9,4295,Oak Park,C,Urban InterState,,16,13,12216249,6,Cook,0,23,,,2,N,No,(UNK),202301182432,ISP,1,8.51000023,Y,,,,(UNK),31132,(N/A),(UNK),No Defects,1,1,InterState,1,290,X003049409,Not Toll,73,13,4,Divided With Median Barrier,3,2944453.5,1904956.5,41.87225878,-87.78789701,,Urban,1,N,(N/A),Y,(N/A)
2023,2023-05-16,Tuesday,19,07:49 PM,Property Damage,No Injuries,0,0,0,0,0,5,Front to Rear,11,N,N,Failing to Reduce Speed to Avoid Crash,Following Too Closely,Dusk,Clear,Dry,N,,,,,Other,Functioning Properly,N,3,41.8729948,-87.7992556,ok,Partial Access Control,3,03-23-08685,2023,,28,3,50000 and OVER,9,4295,Oak Park,C,Urban InterState,,16,16,12183323,5,Cook,0,23,,,2,N,No,(UNK),202301150477,ISP,3,7.94000006,Y,,,,(UNK),31714,(N/A),(UNK),No Defects,1,1,InterState,1,290,X003019609,Not Toll,73,13,4,Divided With Median Barrier,3,2941353.98373828,1905136.3344768,41.87298698,-87.79924983,,Urban,1,N,(N/A),Y,(N/A)
2023,2023-04-14,Friday,12,12:26 PM,Property Damage,No Injuries,0,0,0,0,0,5,Front to Rear,11,N,N,Failing to Reduce Speed to Avoid Crash,Following Too Closely,Daylight,Clear,Dry,Y,,,,,No Controls,No Controls,N,4,41.8747893,-87.8045562,ok,Partial Access Control,1,23-01043,2023,,28,3,50000 and OVER,9,4295,Oak Park,C,Urban InterState,,16,14,12144697,4,Cook,0,23,,,5,N,No,Stopped,202301113811,City,1,20.01000023,Y,,,,(UNK),31999,(N/A),(UNK),No Defects,1,1,InterState,1,348,X002985450,Not Toll,73,1,1,Divided With Median Barrier,3,2939892.25641302,1905750.46160655,41.87478141,-87.80455044,,Urban,1,N,(N/A),Y,(N/A)
2023,2023-04-13,Thursday,16,04:53 PM,Property Damage,No Injuries,0,0,0,0,0,2,Turning,10,N,N,Failing to Yield Right of Way,Improper Turning/No Signal,Daylight,Clear,Dry,Y,,,,,Stop Sign,Functioning Properly,N,2,41.8777878,-87.8046548,ok,(UNK),1,23-01028,2023,,2,6,50000 and OVER,9,4295,Oak Park,C,Urban Other Principal Arte,,16,13,12144699,4,Cook,0,23,,,4,N,No,Slow,202301113813,City,1,19.79999924,Y,,,,(UNK),32000,(N/A),(UNK),No Defects,1,1,Other Principal Arterial,3,348,X002985452,Not Toll,73,2,4,Not Divided,1,2939835.31714067,1906842.42818809,41.87777991,-87.80464903,,Urban,1,N,(N/A),Y,(N/A)
2023,2023-05-10,Wednesday,7,07:21 AM,Property Damage,No Injuries,0,0,0,0,0,4,Sideswipe Same Direction,12,N,N,Improper Lane Usage,Unable to Determine,Daylight,Clear,Dry,Y,,,,,Traffic Signal,Functioning Properly,N,2,41.8813878,-87.8047875,ok,(UNK),1,23-01342,2023,,20,18,50000 and OVER,9,4295,Oak Park,C,Urban Other Principal Arte,,16,10,12174505,5,Cook,0,23,,,3,N,No,Free Flow,202301142345,City,1,19.55999947,Y,,,,(UNK),32472,(N/A),(UNK),No Defects,1,1,Other Principal Arterial,3,348,X003011617,Not Toll,73,3,4,"Divided, No Median Barrier",2,2939763.06624421,1908153.3601982,41.88137997,-87.80478168,,Urban,1,N,(N/A),Y,(N/A)
2023,2023-04-14,Friday,14,02:46 PM,Property Damage,No Injuries,0,0,0,0,0,2,Rear to Front,18,N,N,Improper Backing,Following Too Closely,Daylight,Clear,Dry,Y,,,,,Traffic Signal,Functioning Properly,Y,2,41.8736414,-87.8045243,ok,Partial Access Control,1,23-01045,2023,,30,3,50000 and OVER,9,4295,Oak Park,C,Urban InterState,,16,14,12179593,4,Cook,0,23,,,5,N,No,Slow,202301147149,City,1,20.07999992,Y,,,,(UNK),32484,(N/A),(UNK),No Defects,1,1,InterState,1,348,X003016449,Not Toll,73,3,4,Divided With Median Barrier,3,2939912.48296259,1905332.41347454,41.87363359,-87.80451846,,Urban,1,N,(N/A),Y,(N/A)
2023,2023-05-03,Wednesday,13,01:00 PM,Property Damage,No Injuries,0,0,0,0,0,2,Front to Rear,11,N,N,Following Too Closely,Driving Skills/Knowledge/Experience,Daylight,Unknown,Unknown,N,,,,,No Controls,No Controls,N,2,41.8756086,-87.8045848,ok,(UNK),1,23-01325,2023,,3,15,50000 and OVER,9,4295,Oak Park,C,Urban Other Principal Arte,,16,3,12177821,5,Cook,0,23,,,3,N,No,Stopped,202301145437,City,1,19.95999908,Y,,,,(UNK),32662,(N/A),(UNK),No Defects,1,9,Other Principal Arterial,3,348,X003014722,Not Toll,73,1,1,Not Divided,1,2939876.24869686,1906048.81314193,41.87560071,-87.80457903,,Urban,9,N,(N/A),Y,(N/A)
2023,2023-06-08,Thursday,4,04:02 AM,Injury,C Injury Crash,1,0,0,0,1,3,Angle,15,N,N,Failing to Yield Right of Way,Unable to Determine,Daylight,Clear,Dry,Y,,,,,No Controls,No Controls,N,2,41.8704892,-87.8043962,ok,(UNK),1,23-01678,2023,,2,18,50000 and OVER,9,4295,Oak Park,C,Urban Other Principal Arte,,16,8,12211088,6,Cook,1,23,,,4,N,No,Slow,202301177696,City,1,20.30999947,Y,,,,(UNK),33252,(N/A),(UNK),No Defects,1,1,Other Principal Arterial,3,348,X003044774,Not Toll,73,1,1,"Divided, No Median Barrier",2,2939978.98876934,1904184.64675826,41.87048136,-87.80439042,,Urban,1,N,(N/A),Y,(N/A)
2023,2023-06-02,Friday,16,04:04 PM,Property Damage,No Injuries,0,0,0,0,0,2,Angle,15,N,N,Failing to Yield Right of Way,(N/A),Daylight,Clear,Dry,Y,,,,,Stop Sign,Functioning Properly,N,2,41.8780754,-87.7843844,ok,(UNK),1,2303318,2023,,2,99,50000 and OVER,9,4295,Oak Park,C,Urban Major Collector,,16,2,12205959,6,Cook,0,23,,,5,N,No,Free Flow,202301173256,City,1,1.64999998,N,,,,(UNK),33272,(N/A),(UNK),No Defects,1,1,Major Collector,5,2783,X003040444,Not Toll,73,2,4,"Divided, No Median Barrier",2,2945353.02051197,1907099.91341203,41.87806755,-87.78437865,,Urban,1,N,(N/A),Y,(N/A)
2023,2023-04-11,Tuesday,9,09:30 AM,Property Damage,No Injuries,0,0,0,0,0,1,Parked Motor Vehicle,9,N,N,Failing to Reduce Speed to Avoid Crash,(N/A),Daylight,Clear,Dry,N,,,,,No Controls,No Controls,N,2,41.8708164,-87.7991957,ok,(UNK),1,2302076,2023,,28,99,50000 and OVER,9,4295,Oak Park,C,Urban Local Road or Street,,16,11,12142015,4,Cook,0,23,,,2,N,No,Free Flow,202301111590,City,1,0,N,,,,(UNK),33409,(N/A),(UNK),No Defects,1,1,Local Road or Street,7,,X002983241,Not Toll,73,1,1,Not Divided,1,2941392.21985191,1904342.91828756,41.87080853,-87.79918988,,Urban,1,N,(N/A),Y,(N/A)
2023,2023-04-07,Friday,22,10:35 PM,Property Damage,No Injuries,0,0,0,0,0,2,Rear to Front,18,N,N,Following Too Closely,(N/A),Darkness / Lighted Road,Clear,Dry,Y,,,,,Traffic Signal,Functioning Properly,N,2,41.8817219,-87.7845159,ok,(UNK),1,2301990,2023,,3,99,50000 and OVER,9,4295,Oak Park,C,Urban Major Collector,,16,7,12142010,4,Cook,0,23,,,5,N,No,Slow,202301111585,City,5,1.02999997,N,,,,(UNK),33873,(N/A),(UNK),No Defects,1,1,Major Collector,5,5,X002983236,Not Toll,73,3,4,Four Way,14,2945280.32357143,1908427.78837315,41.88171409,-87.78451007,,Urban,1,N,(N/A),Y,(N/A)
2023,2023-06-02,Friday,10,10:00 AM,Property Damage,No Injuries,0,0,0,0,0,2,Turning,10,N,N,Unable to Determine,(N/A),Daylight,Clear,Dry,Y,,,,,Stop Sign,Functioning Properly,N,2,41.8781717,-87.804665,ok,(UNK),1,2303325,2023,,18,99,50000 and OVER,9,4295,Oak Park,C,Urban Other Principal Arte,,16,2,12205965,6,Cook,0,23,,,5,N,No,Free Flow,202301173263,City,1,19.78000069,Y,,,,(UNK),34039,(N/A),(UNK),No Defects,1,1,Other Principal Arterial,3,348,X003040450,Not Toll,73,2,4,"Divided, No Median Barrier",2,2939828.70162551,1906982.28184824,41.87816389,-87.80465917,,Urban,1,N,(N/A),Y,(N/A)
2023,2023-04-12,Wednesday,12,12:29 PM,Property Damage,No Injuries,0,0,0,0,0,1,Parked Motor Vehicle,9,N,N,Failing to Yield Right of Way,Failing to Reduce Speed to Avoid Crash,Daylight,Clear,Dry,N,,,,,No Controls,No Controls,N,2,41.8885988,-87.7926974,ok,(UNK),1,2302115,2023,,2,28,50000 and OVER,9,4295,Oak Park,C,Urban Major Collector,,16,12,12142045,4,Cook,0,23,,,3,N,No,Slow,202301111619,City,1,0.44999999,N,,,,(UNK),34261,(N/A),(UNK),No Defects,1,1,Major Collector,5,1405,X002983269,Not Toll,73,1,1,Alley,12,2942982.86352738,1910872.05833657,41.88859092,-87.79269161,,Urban,1,N,(N/A),Y,(N/A)
2023,2023-04-12,Wednesday,8,08:14 AM,Property Damage,No Injuries,0,0,0,0,0,2,Front to Rear,11,N,N,Following Too Closely,Failing to Reduce Speed to Avoid Crash,Daylight,Clear,Dry,N,,,,,No Controls,No Controls,N,2,41.8651866,-87.7925139,ok,(UNK),1,2302106,2023,,3,28,50000 and OVER,9,4295,Oak Park,C,Urban Other Principal Arte,,16,12,12146439,4,Cook,0,23,,,3,N,No,Stopped,202301115455,City,1,6.5999999,Y,,,,(UNK),34566,(N/A),(UNK),No Defects,1,1,Other Principal Arterial,3,347,X002987104,Not Toll,52,1,1,Two-way Continuous Left-Tur,4,2943268.95033489,1902341.6410193,41.86517881,-87.79250815,,Urban,1,N,(N/A),Y,(N/A)
2023,2023-04-14,Friday,2,02:25 AM,Property Damage,No Injuries,0,0,0,0,0,1,Parked Motor Vehicle,9,N,N,Driving On Wrong Side/Wrong Way,Failing to Reduce Speed to Avoid Crash,Darkness / Lighted Road,Clear,Dry,N,,,,,No Controls,No Controls,N,2,41.8881778,-87.7798058,ok,(UNK),1,2302152,2023,,5,28,50000 and OVER,9,4295,Oak Park,C,Urban Major Collector,,16,14,12146448,4,Cook,0,23,,,5,N,Yes,Free Flow,202301115464,City,5,1.45000005,N,,,,(UNK),34568,(N/A),(UNK),No Defects,1,1,Major Collector,5,3559,X002987113,Not Toll,73,1,1,Not Divided,1,2946497.55578467,1910816.10232735,41.88817,-87.7798,,Urban,1,N,(N/A),Y,(N/A)
2023,2023-04-12,Wednesday,12,12:19 PM,Property Damage,No Injuries,0,0,0,0,0,3,Turning,10,N,N,Improper Turning/No Signal,Driving Skills/Knowledge/Experience,Daylight,Clear,Dry,Y,,,,,No Controls,No Controls,N,2,41.8704675,-87.8035448,ok,(UNK),1,2302114,2023,,6,15,50000 and OVER,9,4295,Oak Park,C,Urban Local Road or Street,,16,12,12146440,4,Cook,0,23,,,3,N,No,Free Flow,202301115456,City,1,0,N,,,,(UNK),34804,(N/A),(UNK),No Defects,1,1,Local Road or Street,7,,X002987105,Not Toll,73,1,1,"Divided, No Median Barrier",2,2940211.11883866,1904183.11142874,41.87045962,-87.80353899,,Urban,1,N,(N/A),Y,(N/A)
2023,2023-04-03,Monday,20,08:40 PM,Property Damage,No Injuries,0,0,0,0,0,2,Sideswipe Same Direction,12,N,N,Improper Lane Usage,Failing to Reduce Speed to Avoid Crash,Darkness / Lighted Road,Clear,Dry,N,,,,,Other,Functioning Properly,N,2,41.870985,-87.7749652,ok,Partial Access Control,3,03-23-05820,2023,,20,28,50000 and OVER,9,4295,Oak Park,C,Urban InterState,,16,3,12138606,4,Cook,0,23,,,1,N,No,(UNK),202301108118,ISP,5,9.18000031,Y,,,,(UNK),34894,(N/A),(UNK),No Defects,1,1,InterState,1,290,X002980012,Not Toll,73,13,4,Divided With Median Barrier,3,2947990.36320004,1904587.42442028,41.87097715,-87.77495943,,Urban,1,N,(N/A),Y,(N/A)
2023,2023-05-10,Wednesday,16,04:14 PM,Property Damage,No Injuries,0,0,0,0,0,2,Front to Rear,11,N,N,Failing to Reduce Speed to Avoid Crash,Following Too Closely,Unknown,Unknown,Unknown,N,,,,,No Controls,No Controls,Y,2,41.8799652,-87.7893481,ok,(UNK),1,2302770,2023,,28,3,50000 and OVER,9,4295,Oak Park,C,Urban Minor Collector,,16,10,12176061,5,Cook,0,23,,,3,N,No,(UNK),202301143810,City,9,0.60000002,N,,,,(UNK),35165,(N/A),(UNK),No Defects,1,9,Minor Collector,6,2779,X003013064,Not Toll,73,1,1,"Divided, No Median Barrier",2,2943982.09410092,1907751.10666168,41.8799574,-87.7893423,,Urban,9,N,(N/A),Y,(N/A)
2023,2023-05-10,Wednesday,14,02:00 PM,Property Damage,No Injuries,0,0,0,0,0,3,Sideswipe Same Direction,12,N,N,Failing to Yield Right of Way,Unable to Determine,Daylight,Clear,Dry,Y,,,,,Traffic Signal,Functioning Properly,N,2,41.8736416,-87.8045258,ok,Partial Access Control,1,2302765,2023,,2,18,50000 and OVER,9,4295,Oak Park,C,Urban InterState,,16,10,12176043,5,Cook,0,23,,,3,N,No,Free Flow,202301143796,City,1,0.20999999,Y,,,,(UNK),35236,(N/A),(UNK),No Defects,1,1,InterState,1,290,X003013051,Not Toll,73,3,4,Not Divided,1,2939912.062394,1905332.46992192,41.87363377,-87.80452,,Urban,1,N,(N/A),Y,(N/A)
2023,2023-05-10,Wednesday,14,02:13 PM,Property Damage,No Injuries,0,0,0,0,0,1,Parked Motor Vehicle,9,N,N,Unable to Determine,(N/A),Daylight,Clear,Dry,N,,,,,No Controls,No Controls,Y,2,41.8753022,-87.7916383,ok,(UNK),1,2302766,2023,,18,99,50000 and OVER,9,4295,Oak Park,C,Urban Local Road or Street,,16,10,12176058,5,Cook,0,23,,,3,N,No,Free Flow,202301143809,City,1,0,N,,,,(UNK),35237,(N/A),(UNK),No Defects,1,1,Local Road or Street,7,,X003013063,Not Toll,73,1,1,Not Divided,1,2943405.42345308,1906034.51601276,41.87529432,-87.79163253,,Urban,1,N,(N/A),Y,(N/A)
2023,2023-05-16,Tuesday,13,01:30 PM,Property Damage,No Injuries,0,0,0,0,0,2,Front to Rear,11,N,N,Failing to Reduce Speed to Avoid Crash,Following Too Closely,Daylight,Clear,Dry,N,,,,,Other,Functioning Properly,N,2,41.8726195,-87.7946369,ok,(UNK),3,03-23-08695,2023,,28,3,50000 and OVER,9,4295,Oak Park,C,Rural (UNK),,16,16,12183297,5,Cook,0,23,,,2,N,No,(UNK),202301150473,ISP,1,0,N,,,,(UNK),35316,(N/A),(UNK),No Defects,1,1,(UNK),0,,X003019605,No Toll,,13,4,Divided With Median Barrier,3,2942615.75462539,1905034.30947798,41.87261166,-87.79463114,,Rural,1,N,(N/A),Y,(N/A)
2023,2023-05-26,Friday,16,04:36 PM,Property Damage,No Injuries,0,0,0,0,0,3,Turning,10,N,N,Failing to Yield Right of Way,Driving Skills/Knowledge/Experience,Daylight,Clear,Dry,N,,,,,Stop Sign,Functioning Properly,N,2,41.8919372,-87.8051544,ok,(UNK),1,2300652,2023,,2,15,50000 and OVER,9,4295,Oak Park,C,Urban Other Principal Arte,,16,26,12201106,5,Cook,0,23,,,5,N,No,Free Flow,202301168597,City,1,18.81999969,Y,,,,(UNK),36022,(N/A),(UNK),No Defects,1,1,Other Principal Arterial,3,348,X003035911,Not Toll,73,2,4,"Divided, No Median Barrier",2,2939557.2994379,1911994.99858298,41.89192935,-87.80514857,,Urban,1,N,(N/A),Y,(N/A)
2023,2023-05-15,Monday,12,12:10 PM,Property Damage,No Injuries,0,0,0,0,0,2,Front to Rear,11,N,N,Following Too Closely,Driving Skills/Knowledge/Experience,Daylight,Clear,Dry,N,,,,,Traffic Signal,Functioning Properly,N,2,41.8798058,-87.7955874,ok,(UNK),1,2302879,2023,,3,15,50000 and OVER,9,4295,Oak Park,C,Urban Minor Arterial,,16,15,12181796,5,Cook,0,23,,,1,N,No,Slow,202301148937,City,1,0,N,,,,(UNK),36068,(N/A),(UNK),No Defects,1,1,Minor Arterial,4,,X003018207,Not Toll,73,3,4,"Divided, No Median Barrier",2,2942284.47904688,1907645.96751846,41.87979795,-87.79558165,,Urban,1,N,(N/A),Y,(N/A)
2023,2023-05-31,Wednesday,16,04:29 PM,Property Damage,No Injuries,0,0,0,0,0,1,Parked Motor Vehicle,9,N,N,Unable to Determine,Driving Skills/Knowledge/Experience,Daylight,Clear,Dry,N,,,,,No Controls,No Controls,Y,2,41.879735,-87.7947408,ok,(UNK),1,2303261,2023,,18,15,50000 and OVER,9,4295,Oak Park,C,Urban Minor Arterial,,16,31,12201257,5,Cook,0,23,,,3,N,No,Free Flow,202301168746,City,1,3.57999992,N,,,,(UNK),36126,(N/A),(UNK),No Defects,1,1,Minor Arterial,4,1419,X003036054,Not Toll,73,1,1,Parking Lot,7,2942515.764684,1907626.54209118,41.87972715,-87.79473502,,Urban,1,N,(N/A),Y,(N/A)
2023,2023-05-29,Monday,13,01:46 PM,Injury,A Injury Crash,2,0,1,1,0,5,Sideswipe Same Direction,12,N,N,Improper Overtaking/Passing,Following Too Closely,Daylight,Clear,Dry,N,,,,,Other,Functioning Properly,N,2,41.8713154,-87.7773093,ok,Partial Access Control,3,03-23-09527,2023,,4,3,50000 and OVER,9,4295,Oak Park,C,Urban InterState,,16,29,12197910,5,Cook,3,23,,,1,N,No,(UNK),202301165321,ISP,1,0.09,Y,,,,(UNK),36282,(N/A),(UNK),No Defects,1,1,InterState,1,290,X003033043,Not Toll,,13,4,Divided With Median Barrier,3,2947348.53906365,1904690.03911823,41.87130755,-87.77730349,,Urban,1,N,(N/A),Y,(N/A)
2023,2023-05-25,Thursday,7,07:17 AM,Property Damage,No Injuries,0,0,0,0,0,2,Sideswipe Same Direction,12,N,N,Improper Overtaking/Passing,Failing to Reduce Speed to Avoid Crash,Daylight,Clear,Dry,Y,,,,,Traffic Signal,Functioning Properly,Y,2,41.9087836,-87.8057837,ok,(UNK),1,2300644,2023,,4,28,50000 and OVER,9,4295,Oak Park,C,Urban Other Principal Arte,,16,25,12197944,5,Cook,0,23,,,4,N,No,Slow,202301165357,City,1,17.65999985,Y,,,,(UNK),36286,(N/A),(UNK),No Defects,1,1,Other Principal Arterial,3,348,X003033077,Not Toll,73,3,4,Divided With Median Barrier,3,2939216.89847278,1918129.41465994,41.90877571,-87.80577792,,Urban,1,N,(N/A),Y,(N/A)
2023,2023-05-31,Wednesday,14,02:50 PM,Property Damage,No Injuries,0,0,0,0,0,2,Front to Front,14,N,N,Disregarding Stop Sign,Driving Skills/Knowledge/Experience,Daylight,Cloudy/Overcast,Dry,Y,,,,,Stop Sign,Functioning Properly,N,2,41.8763398,-87.779455,ok,(UNK),1,2303254,2023,,23,15,50000 and OVER,9,4295,Oak Park,C,Urban Minor Collector,,16,31,12201222,5,Cook,0,23,,,3,N,No,Slow,202301168713,City,1,0.81,N,,,,(UNK),36312,(N/A),(UNK),No Defects,1,1,Minor Collector,6,3794,X003036020,Not Toll,73,2,4,T-Intersection,15,2946713.15371772,1906504.76481256,41.87633198,-87.77944917,,Urban,8,N,(N/A),Y,(N/A)
2023,2023-05-26,Friday,14,02:50 PM,Property Damage,No Injuries,0,0,0,0,0,2,Front to Rear,11,N,N,Following Too Closely,Failing to Reduce Speed to Avoid Crash,Daylight,Clear,Dry,N,,,,,Other,Functioning Properly,N,2,41.8712293,-87.7742958,ok,Partial Access Control,3,03-23-09624,2023,,3,28,50000 and OVER,9,4295,Oak Park,C,Urban InterState,,16,26,12203072,5,Cook,0,23,,,5,N,No,(UNK),202301170440,ISP,1,9.21000004,Y,,,,(UNK),36412,(N/A),(UNK),No Defects,1,1,InterState,1,290,X003037633,Not Toll,,13,4,Divided With Median Barrier,3,2948170.2192223,1904681.52006975,41.87122141,-87.77429,,Urban,1,N,(N/A),Y,(N/A)
2023,2023-05-31,Wednesday,9,09:10 AM,Property Damage,No Injuries,0,0,0,0,0,2,Front to Rear,11,N,N,Failing to Reduce Speed to Avoid Crash,Following Too Closely,Daylight,Clear,Dry,N,,,,,Other Regualtory Sig,Functioning Properly,N,2,41.8714676,-87.7818589,ok,Partial Access Control,3,03-23-09666,2023,,28,3,50000 and OVER,9,4295,Oak Park,C,Urban InterState,,16,31,12203111,5,Cook,0,23,,,3,N,No,(UNK),202301170477,ISP,1,8.82999992,Y,,,,(UNK),36609,(N/A),(UNK),No Defects,1,1,InterState,1,290,X003037671,Not Toll,,10,4,Divided With Median Barrier,3,2946107.78230204,1904711.01977798,41.87145974,-87.78185313,,Urban,1,N,(N/A),Y,(N/A)