crash_year,crash_date,day_of_week,crash_hour,time_of_crash,crash_severity,crash_injury_severity,total_injured,total_fatals,a_injuries,b_injuries,c_injuries,no_injuries,type_of_first_crash,collision_type_code,pedestrian_involved,pedalcyclist_involved,cause1,cause2,lighting_cond,weather_cond,road_surface_cond,intersection_related,is_intersection,highway_or_street_name,at_intersection_with,address_no,traffic_control_device,traffic_control_device_cond,hit_and_run,number_of_vehicles,latitude,longitude,location_status,access_control,agency_code,agency_report_number,agency_report_year,alignment_code,cause1_code,cause2_code,city_class,city_class_code,city_code,city_name,city_township_flag,class_of_trafficway,class_of_trafficway_code,county_code,crash_day,crash_id,crash_month,crash_report_county,crash_severity_cd,crash_yr_source,damaged_property1,damaged_property2,day_of_week_code,did_crash_occur_in_work_zone,did_involve_secondary_crash,flow_condition,icn,investigating_agency_descrip,light_condition_code,mile_station,nhs,non_intersection_direction,non_intersection_distance,non_intersection_units,number_of_lanes,objectid,railroad_crossing_number,road_alignment,road_defects,road_defects_code,road_surface_condition_code,roadway_functional_class,roadway_functional_class_code,route_number,sfe,toll,township,traffic_control_device_code,traffic_control_device_cond_code,trafficway_descrip,trafficway_description_code,ts_crash_coordinate_x,ts_crash_coordinate_y,ts_crash_latitude,ts_crash_longitude,type_report,urban_rural,weather_code,were_workers_present,work_zone,work_zone_related,work_zone_type
2023,2023-05-31,Wednesday,15,03:45 PM,Property Damage,No Injuries,0,0,0,0,0,2,Turning,10,N,N,Improper Overtaking/Passing,Driving Skills/Knowledge/Experience,Daylight,Clear,Dry,Y,,,,,Traffic Signal,Functioning Properly,N,2,41.8817212,-87.7845159,ok,(UNK),1,2303257,2023,,4,15,50000 and OVER,9,4295,Oak Park,C,Urban Major Collector,,16,31,12201234,5,Cook,0,23,,,3,N,No,Free Flow,202301168725,City,1,1.02999997,N,,,,(UNK),36628,(N/A),(UNK),No Defects,1,1,Major Collector,5,5,X003036033,Not Toll,73,3,4,T-Intersection,15,2945280.33449246,1908427.51888365,41.88171335,-87.78451006,,Urban,1,N,(N/A),Y,(N/A)
2023,2023-04-12,Wednesday,13,01:30 PM,Property Damage,No Injuries,0,0,0,0,0,2,Sideswipe Same Direction,12,N,N,Improper Lane Usage,Failing to Yield Right of Way,Daylight,Clear,Dry,N,,,,,Other,Functioning Properly,N,2,41.8712525,-87.7792174,ok,Partial Access Control,3,03-23-06440,2023,,20,2,50000 and OVER,9,4295,Oak Park,C,Urban InterState,,16,12,12144968,4,Cook,0,23,,,3,N,No,(UNK),202301114066,ISP,1,8.96000004,Y,,,,(UNK),37010,(N/A),(UNK),No Defects,1,1,InterState,1,290,X002985712,Not Toll,73,13,4,Divided With Median Barrier,3,2946829.45260976,1904652.66245879,41.87124469,-87.7792116,,Urban,1,N,(N/A),Y,(N/A)
2023,2023-05-09,Tuesday,7,07:45 AM,Injury,B Injury Crash,1,0,0,1,0,1,Sideswipe Same Direction,12,N,N,Improper Lane Usage,Operating Vehicle In Reckless Manner,Daylight,Clear,Dry,N,,,,,Other,Functioning Properly,N,2,41.873156,-87.7984808,ok,Partial Access Control,3,03-23-08132,2023,,20,50,50000 and OVER,9,4295,Oak Park,C,Urban InterState,,16,9,12181765,5,Cook,2,23,,,2,N,No,(UNK),202301148910,ISP,1,0,Y,,,,(UNK),37280,(N/A),(UNK),No Defects,1,1,InterState,1,290,X003018180,Not Toll,73,13,4,Divided With Median Barrier,3,2941563.4109908,1905200.88907156,41.87314814,-87.79847497,,Urban,1,N,(N/A),Y,(N/A)
2023,2023-05-17,Wednesday,5,05:33 AM,Property Damage,No Injuries,0,0,0,0,0,3,Turning,10,N,N,Disregarding Traffic Signals,(N/A),Darkness / Lighted Road,Clear,Dry,Y,,,,,Traffic Signal,Functioning Properly,Y,2,41.8736416,-87.8045258,ok,Partial Access Control,1,2301684,2023,,25,99,50000 and OVER,9,4295,Oak Park,C,Urban InterState,,16,17,12198067,5,Cook,0,23,,,3,N,No,Free Flow,202301165522,City,5,0.20999999,Y,,,,(UNK),37401,(N/A),(UNK),No Defects,1,1,InterState,1,290,X003033189,Not Toll,73,3,4,Divided With Median Barrier,3,2939912.062394,1905332.46992192,41.87363377,-87.80452,,Urban,1,N,(N/A),Y,(N/A)
2023,2023-04-13,Thursday,6,06:08 AM,Property Damage,No Injuries,0,0,0,0,0,3,Turning,10,N,N,Failing to Yield Right of Way,Unable to Determine,Daylight,Clear,Dry,N,,,,,No Controls,No Controls,N,2,41.8757138,-87.8045879,ok,(UNK),1,23-01022,2023,,2,18,50000 and OVER,9,4295,Oak Park,C,Urban Other Principal Arte,,16,13,12142452,4,Cook,0,23,,,4,N,No,Free Flow,202301111659,City,1,19.95000076,Y,,,,(UNK),37630,(N/A),(UNK),No Defects,1,1,Other Principal Arterial,3,348,X002983310,Not Toll,73,1,1,Not Divided,1,2939874.35902416,1906087.15622748,41.87570599,-87.80458209,,Urban,1,N,(N/A),Y,(N/A)
2023,2023-06-09,Friday,16,04:00 PM,Property Damage,No Injuries,0,0,0,0,0,2,Sideswipe Same Direction,12,N,N,Improper Lane Usage,Improper Overtaking/Passing,Daylight,Clear,Dry,N,,,,,Other,Functioning Properly,Y,2,41.8735569,-87.8021208,ok,Partial Access Control,3,03-23-10328,2023,,20,4,50000 and OVER,9,4295,Oak Park,C,Urban InterState,,16,9,12216895,6,Cook,0,23,,,5,N,No,(UNK),202301183039,ISP,1,7.80999994,Y,,,,(UNK),38157,(N/A),(UNK),No Defects,1,1,InterState,1,290,X003049973,Not Toll,73,13,4,Divided With Median Barrier,3,2940567.95726457,1905319.65924131,41.8735491,-87.80211499,,Urban,1,N,(N/A),Y,(N/A)
2023,2023-04-14,Friday,7,07:52 AM,Property Damage,No Injuries,0,0,0,0,0,2,Front to Rear,11,N,N,Distraction - From Inside Vehicle,Unable to Determine,Daylight,Clear,Dry,N,,,,,Stop Sign,Functioning Properly,N,2,41.8754184,-87.7997183,ok,(UNK),1,2302153,2023,,41,18,50000 and OVER,9,4295,Oak Park,C,Urban Local Road or Street,,16,14,12146620,4,Cook,0,23,,,5,N,No,Stopped,202301115634,City,1,0,N,,,,(UNK),38710,(N/A),(UNK),No Defects,1,1,Local Road or Street,7,,X002987276,Not Toll,73,2,4,Four Way,14,2941203.59394981,1906016.03412526,41.87541051,-87.79971252,,Urban,1,N,(N/A),Y,(N/A)
2023,2023-05-15,Monday,13,01:17 PM,Property Damage,No Injuries,0,0,0,0,0,2,Rear to Front,18,N,N,Failing to Reduce Speed to Avoid Crash,(N/A),Daylight,Clear,Dry,Y,,,,,Unknown,No Controls,N,2,41.8797786,-87.7893919,ok,(UNK),1,2302885,2023,,28,99,50000 and OVER,9,4295,Oak Park,C,Urban Minor Arterial,,16,15,12181812,5,Cook,0,23,,,1,N,No,Stopped,202301148952,City,1,3.8599999,N,,,,(UNK),38783,(N/A),(UNK),No Defects,1,1,Minor Arterial,4,1419,X003018222,Not Toll,73,99,1,"Divided, No Median Barrier",2,2943972.03660453,1907682.76982704,41.87977079,-87.78938615,,Urban,1,N,(N/A),Y,(N/A)
2023,2023-05-15,Monday,16,04:57 PM,Property Damage,No Injuries,0,0,0,0,0,2,Turning,10,N,N,Failing to Reduce Speed to Avoid Crash,(N/A),Daylight,Clear,Unknown,Y,,,,,Traffic Signal,Unknown,N,2,41.879718,-87.7942755,ok,(UNK),1,2302888,2023,,28,99,50000 and OVER,9,4295,Oak Park,C,Urban Minor Arterial,,16,15,12181816,5,Cook,0,23,,,1,N,No,(UNK),202301148956,City,1,3.5999999,N,,,,(UNK),38902,(N/A),(UNK),No Defects,1,9,Minor Arterial,4,1419,X003018226,Not Toll,73,3,9,"Divided, No Median Barrier",2,2942642.6652796,1907623.84038988,41.87971012,-87.79426968,,Urban,1,N,(N/A),Y,(N/A)
2023,2023-04-16,Sunday,11,11:01 AM,Injury,C Injury Crash,2,0,0,0,2,4,Angle,15,N,N,Failing to Yield Right of Way,Unable to Determine,Daylight,Rain,Wet,Y,,,,,Other,Functioning Properly,N,2,41.8946179,-87.7816359,ok,(UNK),1,2302214,2023,,2,18,50000 and OVER,9,4295,Oak Park,C,Urban Minor Arterial,,16,16,12148136,4,Cook,1,23,,,7,N,No,Slow,202301116859,City,1,3.78999996,N,,,,(UNK),39046,(N/A),(UNK),No Defects,1,2,Minor Arterial,4,1398,X002988471,Not Toll,73,13,4,"Divided, No Median Barrier",2,2945933.95043051,1913149.12063276,41.89461006,-87.78163007,,Urban,2,N,(N/A),Y,(N/A)
2023,2023-04-14,Friday,9,09:55 AM,Property Damage,No Injuries,0,0,0,0,0,1,Fixed Object,6,N,N,Failing to Reduce Speed to Avoid Crash,Driving Skills/Knowledge/Experience,Daylight,Clear,Dry,N,,,,,Traffic Signal,Functioning Properly,N,1,41.8869833,-87.7846457,ok,(UNK),1,2302157,2023,,28,15,50000 and OVER,9,4295,Oak Park,C,Urban Major Collector,,16,14,12146643,4,Cook,0,23,VIADUCT,,5,N,No,Free Flow,202301115648,City,1,1.02999997,N,,,,(UNK),39113,(N/A),(UNK),No Defects,1,1,Major Collector,5,2783,X002987291,Not Toll,73,3,4,Not Divided,1,2945191.71427916,1910344.14733938,41.88697546,-87.78463991,,Urban,1,N,(N/A),Y,(N/A)
2023,2023-04-11,Tuesday,12,12:15 PM,Property Damage,No Injuries,0,0,0,0,0,3,Front to Rear,11,N,N,Following Too Closely,Driving Skills/Knowledge/Experience,Daylight,Clear,Dry,N,,,,,Other,Functioning Properly,N,2,41.8715326,-87.7792294,ok,Partial Access Control,3,03-23-06332,2023,,3,15,50000 and OVER,9,4295,Oak Park,C,Urban Minor Collector,,16,11,12149843,4,Cook,0,23,,,2,N,No,(UNK),202301118157,ISP,1,1.13999999,N,,,,(UNK),39214,(N/A),(UNK),No Defects,1,1,Minor Collector,6,3794,X002989764,Not Toll,73,13,4,Divided With Median Barrier,3,2946823.35500184,1904754.63479151,41.87152476,-87.77922356,,Urban,1,N,(N/A),Y,(N/A)
2023,2023-06-02,Friday,14,02:15 PM,Property Damage,No Injuries,0,0,0,0,0,2,Sideswipe Same Direction,12,N,N,Improper Lane Usage,Failing to Reduce Speed to Avoid Crash,Daylight,Clear,Dry,N,,,,,No Controls,Functioning Properly,Y,2,41.8734732,-87.8013628,ok,Partial Access Control,3,03-23-10236,2023,,20,28,50000 and OVER,9,4295,Oak Park,C,Urban InterState,,16,2,12218608,6,Cook,0,23,,,5,N,No,(UNK),202301184655,ISP,1,7.84000015,Y,,,,(UNK),39562,(N/A),(UNK),No Defects,1,1,InterState,1,290,X003051598,Not Toll,73,1,4,Divided With Median Barrier,3,2940775.25218911,1905294.83778124,41.87346537,-87.80135699,,Urban,1,N,(N/A),Y,(N/A)
2023,2023-04-17,Monday,7,07:36 AM,Property Damage,No Injuries,0,0,0,0,0,3,Front to Rear,11,N,N,Unable to Determine,Unable to Determine,Daylight,Snow,Wet,N,,,,,Traffic Signal,Functioning Properly,Y,2,41.8796252,-87.8024927,ok,(UNK),1,2302226,2023,,18,18,50000 and OVER,9,4295,Oak Park,C,Urban Minor Arterial,,16,17,12148177,4,Cook,0,23,,,1,N,No,Stopped,202301116898,City,1,3.18000007,N,,,,(UNK),39791,(N/A),(UNK),No Defects,1,2,Minor Arterial,4,1419,X002988510,Not Toll,73,3,4,Not Divided,1,2940405.71483377,1907528.23132547,41.87961731,-87.8024869,,Urban,3,N,(N/A),Y,(N/A)
2023,2023-04-17,Monday,13,01:54 PM,Property Damage,No Injuries,0,0,0,0,0,1,Fixed Object,6,N,N,Improper Backing,(N/A),Daylight,Cloudy/Overcast,Dry,N,,,,,No Controls,No Controls,N,1,41.887883,-87.8039586,ok,(UNK),1,2302234,2023,,30,99,50000 and OVER,9,4295,Oak Park,C,Urban Local Road or Street,,16,17,12148184,4,Cook,0,23,UTILITY/LIGHT POLE,,1,N,No,Free Flow,202301116905,City,1,0,N,,,,(UNK),39792,(N/A),(UNK),No Defects,1,1,Local Road or Street,7,,X002988516,Not Toll,73,1,1,Not Divided,1,2939923.59091329,1910526.54222073,41.88787516,-87.80395282,,Urban,8,N,(N/A),Y,(N/A)
2023,2023-04-17,Monday,7,07:58 AM,Property Damage,No Injuries,0,0,0,0,0,3,Turning,10,N,N,Failing to Yield Right of Way,Failing to Reduce Speed to Avoid Crash,Daylight,Rain,Wet,Y,,,,,No Controls,No Controls,N,2,41.9071934,-87.7949935,ok,(UNK),1,2302227,2023,,2,28,50000 and OVER,9,4295,Oak Park,C,Urban Major Collector,,16,17,12148182,4,Cook,0,23,,,1,N,No,Free Flow,202301116903,City,1,4.23000002,N,,,,(UNK),39830,(N/A),(UNK),No Defects,1,2,Major Collector,5,2775,X002988514,Not Toll,73,1,1,Not Divided,1,2942170.21563682,1917630.99681383,41.90718554,-87.79498768,,Urban,2,N,(N/A),Y,(N/A)
2023,2023-04-17,Monday,22,10:04 PM,Property Damage,No Injuries,0,0,0,0,0,1,Parked Motor Vehicle,9,N,N,Improper Lane Usage,Failing to Reduce Speed to Avoid Crash,Darkness / Lighted Road,Clear,Dry,N,,,,,No Controls,No Controls,N,2,41.8816607,-87.7881583,ok,(UNK),1,2302246,2023,,20,28,50000 and OVER,9,4295,Oak Park,C,Urban Major Collector,,16,17,12148200,4,Cook,0,23,,,1,N,No,Free Flow,202301116921,City,5,0.85000002,N,,,,(UNK),39831,(N/A),(UNK),No Defects,1,1,Major Collector,5,5,X002988532,Not Toll,73,1,1,Not Divided,1,2944289.00140442,1908377.93587893,41.88165283,-87.78815246,,Urban,1,N,(N/A),Y,(N/A)
2023,2023-04-14,Friday,20,08:11 PM,Property Damage,No Injuries,0,0,0,0,0,1,Parked Motor Vehicle,9,N,N,Improper Lane Usage,(N/A),Darkness,Clear,Dry,N,,,,,Traffic Signal,Functioning Properly,N,2,41.8799384,-87.7795384,ok,(UNK),1,2302170,2023,,20,99,50000 and OVER,9,4295,Oak Park,C,Urban Minor Arterial,,16,14,12146692,4,Cook,0,23,,,5,N,No,Slow,202301115692,City,4,0.55000001,N,,,,(UNK),40003,(N/A),(UNK),No Defects,1,1,Minor Arterial,4,3794,X002987329,Not Toll,73,3,4,Not Divided,1,2946653.92465353,1907815.50162173,41.87993051,-87.77953265,,Urban,1,N,(N/A),Y,(N/A)
2023,2023-04-14,Friday,23,11:11 PM,Property Damage,No Injuries,0,0,0,0,0,2,Front to Rear,11,N,N,Failing to Reduce Speed to Avoid Crash,(N/A),Darkness / Lighted Road,Clear,Dry,Y,,,,,Traffic Signal,Functioning Properly,N,2,41.8817181,-87.7845158,ok,(UNK),1,2302174,2023,,28,99,50000 and OVER,9,4295,Oak Park,C,Urban Major Collector,,16,14,12146915,4,Cook,0,23,,,5,N,No,Stopped,202301115771,City,5,1.02999997,N,,,,(UNK),40200,(N/A),(UNK),No Defects,1,1,Major Collector,5,5,X002987397,Not Toll,73,3,4,"Divided, No Median Barrier",2,2945280.38034297,1908426.38746777,41.88171025,-87.78451001,,Urban,1,N,(N/A),Y,(N/A)
2023,2023-06-09,Friday,14,02:20 PM,Property Damage,No Injuries,0,0,0,0,0,2,Sideswipe Same Direction,12,N,N,Improper Lane Usage,Failing to Reduce Speed to Avoid Crash,Daylight,Clear,Dry,N,,,,,Other Regualtory Sig,Functioning Properly,Y,2,41.8734675,-87.8041048,ok,Partial Access Control,3,03-23-10300,2023,,20,28,50000 and OVER,9,4295,Oak Park,C,Urban InterState,,16,9,12217142,6,Cook,0,23,,,5,N,No,(UNK),202301183275,ISP,1,7.71999979,Y,,,,(UNK),40370,(N/A),(UNK),No Defects,1,1,InterState,1,290,X003050212,Not Toll,73,10,4,Divided With Median Barrier,3,2940028.46777097,1905272.18537444,41.87345968,-87.80409903,,Urban,1,N,(N/A),Y,(N/A)
2023,2023-05-12,Friday,9,09:25 AM,Property Damage,No Injuries,0,0,0,0,0,4,Fixed Object,6,N,N,Improper Lane Usage,Failing to Reduce Speed to Avoid Crash,Daylight,Rain,Wet,N,,,,,No Controls,No Controls,N,2,41.8736137,-87.8026758,ok,Partial Access Control,3,03-23-08361,2023,,20,28,50000 and OVER,9,4295,Oak Park,C,Urban InterState,,16,12,12186679,5,Cook,0,23,,,5,N,No,(UNK),202301153839,ISP,1,7.78000021,Y,,,,(UNK),40508,(N/A),(UNK),No Defects,1,2,InterState,1,290,X003022576,Not Toll,73,1,1,Divided With Median Barrier,3,2940416.23247451,1905336.19115678,41.8736059,-87.80266995,,Urban,2,N,(N/A),Y,(N/A)
2023,2023-03-09,Thursday,15,03:59 PM,Property Damage,No Injuries,0,0,0,0,0,2,Front to Front,14,N,N,Failing to Reduce Speed to Avoid Crash,Unable to Determine,Daylight,Clear,Dry,N,,,,,No Controls,No Controls,N,2,41.879747,-87.7962155,ok,(UNK),1,2301355,2023,,28,18,50000 and OVER,9,4295,Oak Park,C,Urban Minor Arterial,,16,9,12151787,3,Cook,0,23,,,4,N,No,Slow,202301120291,City,1,3.5,N,,,,(UNK),41350,(N/A),(UNK),No Defects,1,1,Minor Arterial,4,1419,X002991598,Not Toll,73,1,1,Not Divided,1,2942114.01377613,1907619.81978702,41.87973917,-87.79620975,,Urban,1,N,(N/A),Y,(N/A)
2023,2023-04-15,Saturday,10,10:36 AM,Property Damage,No Injuries,0,0,0,0,0,2,Front to Rear,11,N,N,Following Too Closely,Driving Skills/Knowledge/Experience,Daylight,Clear,Dry,N,,,,,Other Warning Sign,Functioning Properly,N,2,41.8720742,-87.7890732,ok,Partial Access Control,3,03-23-06620,2023,,3,15,50000 and OVER,9,4295,Oak Park,C,Urban InterState,,16,15,12149885,4,Cook,0,23,,,6,N,No,(UNK),202301118195,ISP,1,8.44999981,Y,,,,(UNK),41363,(N/A),(UNK),No Defects,1,1,InterState,1,290,X002989802,Not Toll,73,11,4,Divided With Median Barrier,3,2944136.66988269,1904877.54050784,41.87206636,-87.78906737,,Urban,1,N,(N/A),Y,(N/A)
2023,2023-04-20,Thursday,10,10:34 AM,Property Damage,No Injuries,0,0,0,0,0,1,Parked Motor Vehicle,9,N,N,Unable to Determine,Driving Skills/Knowledge/Experience,Daylight,Clear,Dry,N,,,,,No Controls,No Controls,Y,2,41.9060909,-87.7859514,ok,(UNK),1,2302312,2023,,18,15,50000 and OVER,9,4295,Oak Park,C,Urban Local Road or Street,,16,20,12151795,4,Cook,0,23,,,4,N,No,Free Flow,202301120310,City,1,0,N,,,,(UNK),41429,(N/A),(UNK),No Defects,1,1,Local Road or Street,7,,X002991605,Not Toll,73,1,1,Other,8,2944642.82999561,1917297.46759051,41.90608309,-87.78594564,,Urban,1,N,(N/A),Y,(N/A)
2023,2023-04-20,Thursday,14,02:34 PM,Property Damage,No Injuries,0,0,0,0,0,2,Sideswipe Same Direction,12,N,N,Improper Lane Usage,Improper Overtaking/Passing,Daylight,Clear,Dry,N,,,,,Other,Functioning Properly,Y,2,41.8715348,-87.7792294,ok,Partial Access Control,3,03-23-06983,2023,,20,4,50000 and OVER,9,4295,Oak Park,C,Urban Minor Collector,,16,20,12151807,4,Cook,0,23,,,4,N,No,(UNK),202301120331,ISP,1,1.13999999,N,,,,(UNK),41439,(N/A),(UNK),No Defects,1,1,Minor Collector,6,3794,X002991617,Not Toll,73,13,4,Divided With Median Barrier,3,2946823.31629725,1904755.44333685,41.87152698,-87.77922362,,Urban,1,N,(N/A),Y,(N/A)
2023,2023-04-20,Thursday,8,08:05 AM,Injury,B Injury Crash,1,0,0,1,0,1,Pedalcyclist,2,N,Y,Failing to Reduce Speed to Avoid Crash,(N/A),Daylight,Clear,Dry,Y,,,,,Stop Sign,Functioning Properly,Y,1,41.8945279,-87.788126,ok,(UNK),1,2302308,2023,,28,99,50000 and OVER,9,4295,Oak Park,C,Urban Minor Arterial,,16,20,12151792,4,Cook,2,23,,,4,N,No,Slow,202301120303,City,1,3.45000005,N,,,,(UNK),41713,(N/A),(UNK),No Defects,1,1,Minor Arterial,4,1398,X002991602,Not Toll,73,2,4,Not Divided,1,2944167.75014087,1913067.23311275,41.89452004,-87.78812018,,Urban,1,N,(N/A),Y,(N/A)
2023,2023-04-15,Saturday,13,01:52 PM,Property Damage,No Injuries,0,0,0,0,0,3,Angle,15,N,N,Disregarding Stop Sign,(N/A),Daylight,Clear,Dry,Y,,,,,Stop Sign,Functioning Properly,N,2,41.8944182,-87.7946758,ok,(UNK),1,2302183,2023,,23,99,50000 and OVER,9,4295,Oak Park,C,Urban Minor Arterial,,16,15,12146919,4,Cook,0,23,,,6,N,No,Slow,202301115775,City,1,3.0999999,N,,,,(UNK),41867,(N/A),(UNK),No Defects,1,1,Minor Arterial,4,1398,X002987401,Not Toll,73,2,4,Four Way,14,2942385.48400831,1912977.85307566,41.89441032,-87.79467,,Urban,1,N,(N/A),Y,(N/A)
2023,2023-04-15,Saturday,0,00:44 AM,Property Damage,No Injuries,0,0,0,0,0,3,Front to Rear,11,N,N,Failing to Reduce Speed to Avoid Crash,Driving Skills/Knowledge/Experience,Darkness / Lighted Road,Clear,Dry,N,,,,,Other Regualtory Sig,Functioning Properly,N,2,41.872637,-87.7939989,ok,Partial Access Control,3,03-23-06598,2023,,28,15,50000 and OVER,9,4295,Oak Park,C,Urban Major Collector,,16,15,12151856,4,Cook,0,23,,,6,N,No,(UNK),202301120383,ISP,5,6.63999987,N,,,,(UNK),41902,(N/A),(UNK),No Defects,1,1,Major Collector,5,2775,X002991666,Not Toll,73,10,4,Divided With Median Barrier,3,2942789.34879453,1905045.49067401,41.87262915,-87.79399315,,Urban,1,N,(N/A),Y,(N/A)
2023,2023-04-13,Thursday,0,00:25 AM,Property Damage,No Injuries,0,0,0,0,0,2,Front to Rear,11,N,N,Following Too Closely,Failing to Reduce Speed to Avoid Crash,Darkness / Lighted Road,Clear,Dry,N,,,,,Delineators,Functioning Properly,N,2,41.8716516,-87.7838907,ok,Partial Access Control,3,03-23-06457,2023,,3,28,50000 and OVER,9,4295,Oak Park,C,Urban InterState,,16,13,12151881,4,Cook,0,23,,,4,Y,No,(UNK),202301120409,ISP,5,8.72000027,Y,,,,(UNK),41905,(N/A),(UNK),No Defects,1,1,InterState,1,290,X002991690,Not Toll,,14,4,Divided With Median Barrier,3,2945552.51442292,1904762.70270913,41.87164376,-87.7838849,,Urban,1,Y,Construction,Y,Construction Work Zone
2023,2023-04-15,Saturday,15,03:31 PM,Property Damage,No Injuries,0,0,0,0,0,1,Parked Motor Vehicle,9,N,N,Improper Lane Usage,Failing to Reduce Speed to Avoid Crash,Daylight,Clear,Dry,N,,,,,No Controls,No Controls,N,3,41.9091337,-87.7863305,ok,(UNK),1,2302187,2023,,20,28,50000 and OVER,9,4295,Oak Park,C,Urban Other Principal Arte,,16,15,12146971,4,Cook,0,23,,,6,N,Yes,Free Flow,202301115793,City,1,6.92000008,Y,,,,(UNK),42052,(N/A),(UNK),No Defects,1,1,Other Principal Arterial,3,307,X002987419,Not Toll,73,1,1,Not Divided,1,2944508.86239942,1918403.45926143,41.90912589,-87.78632466,,Urban,1,N,(N/A),Y,(N/A)
2023,2023-04-14,Friday,21,09:56 PM,Property Damage,No Injuries,0,0,0,0,0,1,Parked Motor Vehicle,9,N,N,Evasive Action Due to Animal / Object / Non-Motorist,Driving Skills/Knowledge/Experience,Darkness / Lighted Road,Clear,Dry,N,,,,,No Controls,No Controls,N,2,41.8842787,-87.794382,ok,(UNK),1,2302172,2023,,32,15,50000 and OVER,9,4295,Oak Park,C,Urban Major Collector,,16,14,12146914,4,Cook,0,23,,,5,N,No,Free Flow,202301115770,City,5,5.82999992,N,,,,(UNK),42080,(N/A),(UNK),No Defects,1,1,Major Collector,5,2775,X002987396,Not Toll,73,1,1,"Divided, No Median Barrier",2,2942567.70259737,1909285.04480593,41.88427083,-87.79437615,,Urban,1,N,(N/A),Y,(N/A)
2023,2023-04-15,Saturday,14,02:24 PM,Property Damage,No Injuries,0,0,0,0,0,6,Front to Rear,11,N,N,Failing to Reduce Speed to Avoid Crash,Unable to Determine,Daylight,Clear,Dry,Y,,,,,No Controls,No Controls,N,3,41.8797479,-87.7962156,ok,(UNK),1,2302184,2023,,28,18,50000 and OVER,9,4295,Oak Park,C,Urban Minor Arterial,,16,15,12146923,4,Cook,0,23,,,6,N,No,Free Flow,202301115779,City,1,3.5,N,,,,(UNK),42111,(N/A),(UNK),No Defects,1,1,Minor Arterial,4,1419,X002987405,Not Toll,73,1,1,Not Divided,1,2942113.99860692,1907620.12577967,41.87974001,-87.79620977,,Urban,1,N,(N/A),Y,(N/A)
2023,2023-05-26,Friday,8,08:52 AM,Property Damage,No Injuries,0,0,0,0,0,2,Front to Rear,11,N,N,Failing to Reduce Speed to Avoid Crash,Following Too Closely,Daylight,Clear,Dry,N,,,,,Other,Other,N,2,41.8713165,-87.7757601,ok,Partial Access Control,3,03-23-09295,2023,,28,3,50000 and OVER,9,4295,Oak Park,C,Urban InterState,,16,26,12198012,5,Cook,0,23,,,5,N,No,(UNK),202301165433,ISP,1,9.13000011,Y,,,,(UNK),42298,(N/A),(UNK),No Defects,1,1,InterState,1,290,X003033137,Not Toll,73,13,7,Divided With Median Barrier,3,2947770.49590208,1904702.20572803,41.87130868,-87.77575428,,Urban,1,N,(N/A),Y,(N/A)
2023,2023-05-31,Wednesday,15,03:16 PM,Property Damage,No Injuries,0,0,0,0,0,2,Turning,10,N,N,Failing to Yield Right of Way,Failing to Reduce Speed to Avoid Crash,Daylight,Cloudy/Overcast,Wet,Y,,,,,Traffic Signal,Functioning Properly,N,2,41.8869842,-87.7846457,ok,(UNK),1,2303255,2023,,2,28,50000 and OVER,9,4295,Oak Park,C,Urban Major Collector,,16,31,12201228,5,Cook,0,23,,,3,N,No,Free Flow,202301168719,City,1,1.02999997,N,,,,(UNK),42330,(N/A),(UNK),No Defects,1,2,Major Collector,5,2783,X003036026,Not Toll,73,3,4,Not Divided,1,2945191.70008163,1910344.4848213,41.88697639,-87.78463993,,Urban,8,N,(N/A),Y,(N/A)
2023,2023-05-24,Wednesday,20,08:45 PM,Property Damage,No Injuries,0,0,0,0,0,2,Angle,15,N,N,Failing to Yield Right of Way,(N/A),Darkness / Lighted Road,Clear,Dry,Y,,,,,Stop Sign,Unknown,N,2,41.8930479,-87.8051847,ok,(UNK),1,2303098,2023,,2,99,50000 and OVER,9,4295,Oak Park,C,Urban Other Principal Arte,,16,24,12198146,5,Cook,0,23,,,3,N,No,Free Flow,202301165615,City,5,18.75,Y,,,,(UNK),42587,(N/A),(UNK),No Defects,1,1,Other Principal Arterial,3,348,X003033233,Not Toll,73,2,9,"Divided, No Median Barrier",2,2939537.88989268,1912399.51727596,41.89304002,-87.80517892,,Urban,1,N,(N/A),Y,(N/A)
2023,2023-05-31,Wednesday,9,09:11 AM,Property Damage,No Injuries,0,0,0,0,0,3,Front to Rear,11,N,N,Following Too Closely,Failing to Reduce Speed to Avoid Crash,Daylight,Clear,Dry,N,,,,,Other Warning Sign,Functioning Properly,N,3,41.8712679,-87.7794893,ok,Partial Access Control,3,03-23-09669,2023,,3,28,50000 and OVER,9,4295,Oak Park,C,Urban InterState,,16,31,12200174,5,Cook,0,23,,,3,N,No,(UNK),202301167688,ISP,1,8.94999981,Y,,,,(UNK),42671,(N/A),(UNK),No Defects,1,1,InterState,1,290,X003035017,Not Toll,,11,4,Divided With Median Barrier,3,2946755.23999612,1904656.210903,41.87126008,-87.77948349,,Urban,1,N,(N/A),Y,(N/A)