crash_year,crash_date,day_of_week,crash_hour,time_of_crash,crash_severity,crash_injury_severity,total_injured,total_fatals,a_injuries,b_injuries,c_injuries,no_injuries,type_of_first_crash,collision_type_code,pedestrian_involved,pedalcyclist_involved,cause1,cause2,lighting_cond,weather_cond,road_surface_cond,intersection_related,is_intersection,highway_or_street_name,at_intersection_with,address_no,traffic_control_device,traffic_control_device_cond,hit_and_run,number_of_vehicles,latitude,longitude,location_status,access_control,agency_code,agency_report_number,agency_report_year,alignment_code,cause1_code,cause2_code,city_class,city_class_code,city_code,city_name,city_township_flag,class_of_trafficway,class_of_trafficway_code,county_code,crash_day,crash_id,crash_month,crash_report_county,crash_severity_cd,crash_yr_source,damaged_property1,damaged_property2,day_of_week_code,did_crash_occur_in_work_zone,did_involve_secondary_crash,flow_condition,icn,investigating_agency_descrip,light_condition_code,mile_station,nhs,non_intersection_direction,non_intersection_distance,non_intersection_units,number_of_lanes,objectid,railroad_crossing_number,road_alignment,road_defects,road_defects_code,road_surface_condition_code,roadway_functional_class,roadway_functional_class_code,route_number,sfe,toll,township,traffic_control_device_code,traffic_control_device_cond_code,trafficway_descrip,trafficway_description_code,ts_crash_coordinate_x,ts_crash_coordinate_y,ts_crash_latitude,ts_crash_longitude,type_report,urban_rural,weather_code,were_workers_present,work_zone,work_zone_related,work_zone_type
2023,2023-05-28,Sunday,11,11:20 AM,Property Damage,No Injuries,0,0,0,0,0,5,Turning,10,N,N,Driving Skills/Knowledge/Experience,Improper Lane Usage,Daylight,Clear,Dry,Y,,,,,No Controls,Functioning Properly,N,2,41.8736416,-87.8045258,ok,Partial Access Control,1,2303177,2023,,15,20,50000 and OVER,9,4295,Oak Park,C,Urban InterState,,16,28,12202587,5,Cook,0,23,,,7,N,No,Free Flow,202301169893,City,1,0.20999999,Y,,,,(UNK),43047,(N/A),(UNK),No Defects,1,1,InterState,1,290,X003037195,Not Toll,73,1,4,Divided With Median Barrier,3,2939912.062394,1905332.46992192,41.87363377,-87.80452,,Urban,1,N,(N/A),Y,(N/A)
2023,2023-06-01,Thursday,10,10:28 AM,Property Damage,No Injuries,0,0,0,0,0,8,Angle,15,N,N,Failing to Yield Right of Way,Failing to Reduce Speed to Avoid Crash,Daylight,Clear,Dry,Y,,,,,Stop Sign,Functioning Properly,N,2,41.8852151,-87.7846043,ok,(UNK),1,2303278,2023,,2,28,50000 and OVER,9,4295,Oak Park,C,Urban Major Collector,,16,1,12202604,6,Cook,0,23,,,4,N,No,(UNK),202301169911,City,1,1.14999998,N,,,,(UNK),43048,(N/A),(UNK),No Defects,1,1,Major Collector,5,2783,X003037211,Not Toll,73,2,4,"Divided, No Median Barrier",2,2945220.88507507,1909700.11023132,41.8852073,-87.78459851,,Urban,1,N,(N/A),Y,(N/A)
2023,2023-06-01,Thursday,13,01:01 PM,Property Damage,No Injuries,0,0,0,0,0,3,Turning,10,N,N,Improper Overtaking/Passing,Failing to Reduce Speed to Avoid Crash,Daylight,Clear,Dry,Y,,,,,No Controls,Functioning Properly,N,2,41.8819176,-87.7796163,ok,(UNK),1,2303280,2023,,4,28,50000 and OVER,9,4295,Oak Park,C,Urban Major Collector,,16,1,12202609,6,Cook,0,23,,,4,N,No,(UNK),202301169915,City,1,1.29999995,N,,,,(UNK),43057,(N/A),(UNK),No Defects,1,1,Major Collector,5,5,X003037215,Not Toll,73,1,4,"Divided, No Median Barrier",2,2946612.65029381,1908536.20020513,41.88190979,-87.7796105,,Urban,1,N,(N/A),Y,(N/A)
2023,2023-06-03,Saturday,11,11:52 AM,Property Damage,No Injuries,0,0,0,0,0,5,Front to Rear,11,N,N,Failing to Reduce Speed to Avoid Crash,Following Too Closely,Daylight,Clear,Dry,N,,,,,No Controls,No Controls,N,2,41.881698,-87.7845149,ok,(UNK),1,2303337,2023,,28,3,50000 and OVER,9,4295,Oak Park,C,Urban Major Collector,,16,3,12205971,6,Cook,0,23,,,6,N,No,(UNK),202301173269,City,1,1.39999998,N,,,,(UNK),43285,(N/A),(UNK),No Defects,1,1,Major Collector,5,2783,X003040456,Not Toll,73,1,1,"Divided, No Median Barrier",2,2945280.8176091,1908419.06971981,41.88169015,-87.78450915,,Urban,1,N,(N/A),Y,(N/A)
2023,2023-06-15,Thursday,12,12:05 PM,Property Damage,No Injuries,0,0,0,0,0,2,Sideswipe Same Direction,12,N,N,Failing to Yield Right of Way,Unable to Determine,Daylight,Clear,Dry,Y,,,,,Traffic Signal,Functioning Properly,N,2,41.8736416,-87.8045258,ok,Partial Access Control,1,23-01771,2023,,2,18,50000 and OVER,9,4295,Oak Park,C,Urban InterState,,16,15,12219621,6,Cook,0,23,,,4,N,No,Free Flow,202301185291,City,1,0.20999999,Y,,,,(UNK),43921,(N/A),(UNK),No Defects,1,1,InterState,1,290,X003052238,Not Toll,73,3,4,Divided With Median Barrier,3,2939912.062394,1905332.46992192,41.87363377,-87.80452,,Urban,1,N,(N/A),Y,(N/A)
2023,2023-05-10,Wednesday,11,11:30 AM,Property Damage,No Injuries,0,0,0,0,0,2,Front to Rear,11,N,N,Following Too Closely,Failing to Reduce Speed to Avoid Crash,Daylight,Clear,Dry,N,,,,,Other,Functioning Properly,N,2,41.8715213,-87.7790549,ok,Partial Access Control,3,03-23-08235,2023,,3,28,50000 and OVER,9,4295,Oak Park,C,Urban InterState,,16,10,12175094,5,Cook,0,23,,,3,N,No,(UNK),202301142896,ISP,1,8.97000027,Y,,,,(UNK),44148,(N/A),(UNK),No Defects,1,1,InterState,1,290,X003012149,Not Toll,73,13,4,Divided With Median Barrier,3,2946870.99841998,1904751.82811341,41.87151343,-87.77904906,,Urban,1,N,(N/A),Y,(N/A)
2023,2023-06-06,Tuesday,17,05:10 PM,Injury,B Injury Crash,2,0,0,2,0,0,Angle,15,N,N,Failing to Yield Right of Way,Disregarding Other Traffic Signs,Daylight,Clear,Dry,Y,,,,,Traffic Signal,Functioning Properly,N,2,41.9070578,-87.8057269,ok,(UNK),1,2300701,2023,,2,24,50000 and OVER,9,4295,Oak Park,C,Urban Other Principal Arte,,16,6,12209645,6,Cook,2,23,,,2,N,No,Free Flow,202301176609,City,1,17.78000069,Y,,,,(UNK),44478,(N/A),(UNK),No Defects,1,1,Other Principal Arterial,3,348,X003043687,Not Toll,73,3,4,Not Divided,1,2939249.69048728,1917500.95077112,41.90704998,-87.80572108,,Urban,1,N,(N/A),Y,(N/A)
2023,2023-03-29,Wednesday,8,08:19 AM,Property Damage,No Injuries,0,0,0,0,0,4,Sideswipe Same Direction,12,N,N,Operating Vehicle In Reckless Manner,Failing to Reduce Speed to Avoid Crash,Daylight,Clear,Dry,N,,,,,Traffic Signal,Functioning Properly,Y,2,41.908508,-87.8057675,ok,(UNK),1,2301753,2023,,50,28,50000 and OVER,9,4295,Oak Park,C,Urban Other Principal Arte,,16,29,12180037,3,Cook,0,23,,,3,N,No,Free Flow,202301147562,City,1,17.68000031,Y,,,,(UNK),44647,(N/A),(UNK),No Defects,1,1,Other Principal Arterial,3,348,X003016856,Not Toll,73,3,4,Not Divided,1,2939224.09202391,1918029.13369069,41.9085002,-87.80576165,,Urban,1,N,(N/A),Y,(N/A)
2023,2023-04-14,Friday,22,10:00 PM,Property Damage,No Injuries,0,0,0,0,0,2,Front to Rear,11,N,N,Following Too Closely,Under Influence of Alcohol/Drugs,Darkness / Lighted Road,Clear,Dry,N,,,,,Other Regualtory Sig,Functioning Properly,N,2,41.8743444,-87.7905033,ok,(UNK),3,03-23-06589,2023,,3,8,50000 and OVER,9,4295,Oak Park,C,Urban Local Road or Street,,16,14,12153647,4,Cook,0,23,,,5,N,No,(UNK),202301122240,ISP,5,0,N,,,,(UNK),44807,(N/A),(UNK),No Defects,1,1,Local Road or Street,7,,X002993403,Not Toll,,10,4,Divided With Median Barrier,3,2943724.21618302,1905694.04894424,41.87433655,-87.79049754,,Urban,1,N,(N/A),Y,(N/A)
2023,2023-04-11,Tuesday,12,12:15 PM,Property Damage,No Injuries,0,0,0,0,0,2,Front to Rear,11,N,N,Failing to Reduce Speed to Avoid Crash,Following Too Closely,Daylight,Clear,Dry,N,,,,,Delineators,Functioning Properly,N,2,41.8712246,-87.7742958,ok,Partial Access Control,3,03-23-06424,2023,,28,3,50000 and OVER,9,4295,Oak Park,C,Urban Minor Arterial,,16,11,12144337,4,Cook,0,23,,,2,N,No,(UNK),202301113459,ISP,1,8.35000038,N,,,,(UNK),45128,(N/A),(UNK),No Defects,1,1,Minor Arterial,4,2790,X002985097,Not Toll,,14,4,Divided With Median Barrier,3,2948170.26686332,1904679.81279948,41.87121672,-87.77429,,Urban,1,N,(N/A),Y,(N/A)
2023,2023-05-06,Saturday,17,05:10 PM,Property Damage,No Injuries,0,0,0,0,0,4,Sideswipe Same Direction,12,N,N,Improper Lane Usage,Driving Skills/Knowledge/Experience,Daylight,Clear,Dry,N,,,,,Traffic Signal,Functioning Properly,N,2,41.8736416,-87.8045256,ok,Partial Access Control,1,23-01308,2023,,20,15,50000 and OVER,9,4295,Oak Park,C,Urban InterState,,16,6,12175174,5,Cook,0,23,,,6,N,No,Slow,202301142973,City,1,0.20999999,Y,,,,(UNK),45506,(N/A),(UNK),No Defects,1,1,InterState,1,290,X003012226,Not Toll,73,3,4,Divided With Median Barrier,3,2939912.11010539,1905332.46351825,41.87363375,-87.80451983,,Urban,1,N,(N/A),Y,(N/A)
2023,2023-06-06,Tuesday,5,05:35 AM,Property Damage,No Injuries,0,0,0,0,0,2,Front to Rear,11,N,N,Failing to Reduce Speed to Avoid Crash,Driving Skills/Knowledge/Experience,Dawn,Clear,Dry,N,,,,,Traffic Signal,Functioning Properly,N,2,41.8716533,-87.7809139,ok,Partial Access Control,3,03-23-10074,2023,,28,15,50000 and OVER,9,4295,Oak Park,C,Urban InterState,,16,6,12207614,6,Cook,0,23,,,2,N,No,(UNK),202301174682,ISP,2,0.16,Y,,,,(UNK),45723,(N/A),(UNK),No Defects,1,1,InterState,1,290,X003041773,Not Toll,73,3,4,Ramp,11,2946363.31290612,1904785.8707234,41.8716455,-87.78090806,,Urban,1,N,(N/A),Y,(N/A)
2023,2023-06-08,Thursday,17,05:07 PM,Injury,B Injury Crash,3,0,0,1,2,3,Front to Rear,11,N,N,Failing to Reduce Speed to Avoid Crash,Driving Skills/Knowledge/Experience,Daylight,Clear,Dry,Y,,,,,Traffic Signal,Functioning Properly,N,4,41.8832478,-87.8048569,ok,(UNK),1,23-01681,2023,,28,15,50000 and OVER,9,4295,Oak Park,C,Urban Other Principal Arte,,16,8,12211086,6,Cook,2,23,,,4,N,Yes,Stopped,202301177694,City,1,19.43000031,Y,,,,(UNK),45772,(N/A),(UNK),No Defects,1,1,Other Principal Arterial,3,348,X003044772,Not Toll,73,3,4,"Divided, No Median Barrier",2,2939725.49933396,1908830.66187822,41.88323998,-87.80485109,,Urban,1,N,(N/A),Y,(N/A)
2023,2023-06-02,Friday,16,04:40 PM,Property Damage,No Injuries,0,0,0,0,0,2,Angle,15,N,N,Operating Vehicle In Reckless Manner,Driving Skills/Knowledge/Experience,Daylight,Clear,Dry,Y,,,,,No Controls,No Controls,Y,2,41.8796678,-87.8047358,ok,(UNK),1,23-01601,2023,,50,15,50000 and OVER,9,4295,Oak Park,C,Urban Other Principal Arte,,16,2,12207731,6,Cook,0,23,,,5,N,No,Stopped,202301174785,City,1,19.68000031,Y,,,,(UNK),45825,(N/A),(UNK),No Defects,1,1,Other Principal Arterial,3,348,X003041877,Not Toll,73,1,1,Not Divided,1,2939794.39989967,1907526.95962743,41.87966,-87.80473,,Urban,1,N,(N/A),Y,(N/A)
2023,2023-06-01,Thursday,17,05:32 PM,Property Damage,No Injuries,0,0,0,0,0,3,Angle,15,N,N,Disregarding Stop Sign,Failing to Reduce Speed to Avoid Crash,Daylight,Clear,Dry,Y,,,,,Stop Sign,Functioning Properly,Y,3,41.8982445,-87.7833786,ok,(UNK),1,2303286,2023,,23,28,50000 and OVER,9,4295,Oak Park,C,Urban Local Road or Street,,16,1,12202701,6,Cook,0,23,,,4,N,No,Free Flow,202301170102,City,1,0,N,,,,(UNK),45894,(N/A),(UNK),No Defects,1,1,Local Road or Street,7,,X003037304,Not Toll,73,2,4,Four Way,14,2945422.70175805,1914457.51596652,41.89823662,-87.78337284,,Urban,1,N,(N/A),Y,(N/A)
2023,2023-05-24,Wednesday,8,08:00 AM,Property Damage,No Injuries,0,0,0,0,0,3,Front to Rear,11,N,N,Failing to Reduce Speed to Avoid Crash,(N/A),Daylight,Unknown,Unknown,N,,,,,No Controls,No Controls,N,2,41.9017096,-87.7948558,ok,(UNK),1,2303102,2023,,28,99,50000 and OVER,9,4295,Oak Park,C,Urban Major Collector,,16,24,12198156,5,Cook,0,23,,,3,N,No,(UNK),202301165627,City,1,1.53999996,N,,,,(UNK),46050,(N/A),(UNK),No Defects,1,9,Major Collector,5,1394,X003033243,Not Toll,73,1,1,"Divided, No Median Barrier",2,2942262.96686451,1915633.63253248,41.90170175,-87.79485004,,Urban,9,N,(N/A),Y,(N/A)
2023,2023-05-23,Tuesday,8,08:43 AM,Property Damage,No Injuries,0,0,0,0,0,2,Sideswipe Same Direction,12,N,N,Failing to Reduce Speed to Avoid Crash,(N/A),Daylight,Clear,Dry,N,,,,,No Controls,No Controls,Y,2,41.9091879,-87.7808057,ok,(UNK),1,2303051,2023,,28,99,50000 and OVER,9,4295,Oak Park,C,Urban Other Principal Arte,,16,23,12191564,5,Cook,0,23,,,2,N,No,(UNK),202301158907,City,1,7.21000004,Y,,,,(UNK),46098,(N/A),(UNK),No Defects,1,1,Other Principal Arterial,3,307,X003027148,Not Toll,73,1,1,"Divided, No Median Barrier",2,2946012.24835634,1918464.99811876,41.90918004,-87.78079986,,Urban,1,N,(N/A),Y,(N/A)
2023,2023-05-24,Wednesday,14,02:57 PM,Property Damage,No Injuries,0,0,0,0,0,3,Angle,15,N,N,Failing to Yield Right of Way,Failing to Reduce Speed to Avoid Crash,Daylight,Clear,Dry,Y,,,,,Stop Sign,Functioning Properly,N,2,41.9017678,-87.7912105,ok,(UNK),1,2303085,2023,,2,28,50000 and OVER,9,4295,Oak Park,C,Urban Major Collector,,16,24,12198140,5,Cook,0,23,,,3,N,No,Slow,202301165609,City,1,1.73000002,N,,,,(UNK),46126,(N/A),(UNK),No Defects,1,1,Major Collector,5,1394,X003033227,Not Toll,73,2,4,Four Way,14,2943254.82346847,1915682.31719409,41.90175995,-87.79120466,,Urban,1,N,(N/A),Y,(N/A)
2023,2023-05-15,Monday,17,05:15 PM,Property Damage,No Injuries,0,0,0,0,0,4,Turning,10,N,N,Failing to Yield Right of Way,Failing to Reduce Speed to Avoid Crash,Daylight,Clear,Dry,Y,,,,,Stop Sign,Functioning Properly,N,2,41.9092375,-87.7769096,ok,(UNK),1,2302891,2023,,2,28,50000 and OVER,9,4295,Oak Park,C,Urban Other Principal Arte,,16,15,12198128,5,Cook,0,23,,,1,N,No,Slow,202301165593,City,1,7.40999985,Y,,,,(UNK),46171,(N/A),(UNK),No Defects,1,1,Other Principal Arterial,3,307,X003033214,Not Toll,73,2,4,"Divided, No Median Barrier",2,2947072.32419608,1918512.61123336,41.90922963,-87.77690376,,Urban,1,N,(N/A),Y,(N/A)
2023,2023-05-24,Wednesday,16,04:22 PM,Property Damage,No Injuries,0,0,0,0,0,1,Fixed Object,6,N,N,Failing to Reduce Speed to Avoid Crash,(N/A),Daylight,Clear,Dry,N,,,,,No Controls,No Controls,Y,1,41.8873282,-87.793758,ok,(UNK),1,2303090,2023,,28,99,50000 and OVER,9,4295,Oak Park,C,Urban Local Road or Street,,16,24,12198143,5,Cook,0,23,PARKING GARAGE GATE,,3,N,No,Free Flow,202301165612,City,1,0,N,,,,(UNK),46172,(N/A),(UNK),No Defects,1,1,Local Road or Street,7,,X003033230,Not Toll,73,1,1,Not Divided,1,2942706.88132596,1910401.046579,41.88732035,-87.79375217,,Urban,1,N,(N/A),Y,(N/A)
2023,2023-05-23,Tuesday,8,08:57 AM,Property Damage,No Injuries,0,0,0,0,0,1,Parked Motor Vehicle,9,N,N,Failing to Reduce Speed to Avoid Crash,(N/A),Daylight,Clear,Dry,N,,,,,No Controls,No Controls,N,2,41.9091879,-87.7808057,ok,(UNK),1,2303053,2023,,28,99,50000 and OVER,9,4295,Oak Park,C,Urban Other Principal Arte,,16,23,12191568,5,Cook,0,23,,,2,N,No,(UNK),202301159026,City,1,7.21000004,Y,,,,(UNK),46228,(N/A),(UNK),No Defects,1,1,Other Principal Arterial,3,307,X003027152,Not Toll,73,1,1,"Divided, No Median Barrier",2,2946012.24835634,1918464.99811876,41.90918004,-87.78079986,,Urban,1,N,(N/A),Y,(N/A)
2023,2023-06-03,Saturday,17,05:44 PM,Property Damage,No Injuries,0,0,0,0,0,3,Front to Rear,11,N,N,Following Too Closely,Unable to Determine,Daylight,Clear,Dry,N,,,,,No Controls,No Controls,N,3,41.8946163,-87.7817261,ok,(UNK),1,2303346,2023,,3,18,50000 and OVER,9,4295,Oak Park,C,Urban Minor Arterial,,16,3,12205986,6,Cook,0,23,,,6,N,Yes,Slow,202301173284,City,1,3.78999996,N,,,,(UNK),46421,(N/A),(UNK),No Defects,1,1,Minor Arterial,4,1398,X003040470,Not Toll,73,1,1,"Divided, No Median Barrier",2,2945909.39145166,1913147.86664586,41.89460849,-87.78172032,,Urban,1,N,(N/A),Y,(N/A)
2023,2023-06-05,Monday,13,01:11 PM,Property Damage,No Injuries,0,0,0,0,0,1,Parked Motor Vehicle,9,N,N,Failing to Yield Right of Way,Unable to Determine,Daylight,Clear,Dry,Y,,,,,Stop Sign,No Controls,N,2,41.8715882,-87.7890758,ok,(UNK),1,2303376,2023,,2,18,50000 and OVER,9,4295,Oak Park,C,Urban Minor Collector,,16,5,12207748,6,Cook,0,23,,,1,N,No,Free Flow,202301174803,City,1,0.25,N,,,,(UNK),46574,(N/A),(UNK),No Defects,1,1,Minor Collector,6,290,X003041894,Not Toll,73,2,1,Not Divided,1,2944140.86259882,1904700.41165192,41.87158035,-87.78907,,Urban,1,N,(N/A),Y,(N/A)
2023,2023-06-04,Sunday,17,05:15 PM,Property Damage,No Injuries,0,0,0,0,0,3,Turning,10,N,N,Failing to Yield Right of Way,(N/A),Daylight,Clear,Dry,N,,,,,No Controls,No Controls,Y,2,41.8798676,-87.7845989,ok,(UNK),1,2303388,2023,,2,99,50000 and OVER,9,4295,Oak Park,C,Urban Minor Arterial,,16,4,12207760,6,Cook,0,23,,,7,N,No,Free Flow,202301174815,City,1,4.0999999,N,,,,(UNK),46738,(N/A),(UNK),No Defects,1,1,Minor Arterial,4,1419,X003041906,Not Toll,73,1,1,Not Divided,1,2945276.47503102,1907751.4127332,41.87985978,-87.78459311,,Urban,1,N,(N/A),Y,(N/A)
2023,2023-05-24,Wednesday,6,06:30 AM,Property Damage,No Injuries,0,0,0,0,0,2,Front to Rear,11,N,N,Following Too Closely,Failing to Reduce Speed to Avoid Crash,Daylight,Clear,Dry,N,,,,,Other,Functioning Properly,N,2,41.8731041,-87.8004874,ok,Partial Access Control,3,03-23-09154,2023,,3,28,50000 and OVER,9,4295,Oak Park,C,Urban InterState,,16,24,12191392,5,Cook,0,23,,,3,N,No,(UNK),202301158697,ISP,1,7.88999987,Y,,,,(UNK),47050,(N/A),(UNK),No Defects,1,1,InterState,1,290,X003026982,Not Toll,,13,4,Divided With Median Barrier,3,2941017.38386612,1905166.90187454,41.87309626,-87.80048162,,Urban,1,N,(N/A),Y,(N/A)
2023,2023-04-21,Friday,15,03:39 PM,Property Damage,No Injuries,0,0,0,0,0,2,Front to Rear,11,N,N,Following Too Closely,Failing to Reduce Speed to Avoid Crash,Darkness / Lighted Road,Clear,Dry,N,,,,,No Controls,No Controls,N,2,41.8716338,-87.7836936,ok,Partial Access Control,3,03-23-07062,2023,,3,28,50000 and OVER,9,4295,Oak Park,C,Urban InterState,,16,21,12153645,4,Cook,0,23,,,5,N,No,(UNK),202301122238,ISP,5,8.72999954,Y,,,,(UNK),47083,(N/A),(UNK),No Defects,1,1,InterState,1,290,X002993401,Not Toll,,1,1,Divided With Median Barrier,3,2945606.37588833,1904757.68883283,41.87162591,-87.78368781,,Urban,1,N,(N/A),Y,(N/A)
2023,2023-06-10,Saturday,13,01:00 PM,Property Damage,No Injuries,0,0,0,0,0,2,Turning,10,N,N,Failing to Yield Right of Way,Unable to Determine,Daylight,Clear,Dry,Y,,,,,Traffic Signal,Functioning Properly,N,2,41.8942455,-87.8028164,ok,(UNK),1,2303522,2023,,2,18,50000 and OVER,9,4295,Oak Park,C,Urban Minor Arterial,,16,10,12214784,6,Cook,0,23,,,6,N,No,Slow,202301181276,City,1,2.67000008,N,,,,(UNK),47146,(N/A),(UNK),No Defects,1,1,Minor Arterial,4,1398,X003048261,Not Toll,73,3,4,Four Way,14,2940170.70443086,1912853.71473073,41.89423763,-87.80281063,,Urban,1,N,(N/A),Y,(N/A)
2023,2023-04-17,Monday,17,05:20 PM,Property Damage,No Injuries,0,0,0,0,0,3,Front to Rear,11,N,N,Failing to Reduce Speed to Avoid Crash,Following Too Closely,Daylight,Clear,Wet,N,,,,,Other Warning Sign,Functioning Properly,Y,2,41.8712761,-87.7794992,ok,Partial Access Control,3,03-23-06804,2023,,28,3,50000 and OVER,9,4295,Oak Park,C,Urban InterState,,16,17,12148689,4,Cook,0,23,,,1,N,No,(UNK),202301117368,ISP,1,8.94999981,Y,,,,(UNK),47833,(N/A),(UNK),No Defects,1,2,InterState,1,290,X002988984,Not Toll,73,11,4,Divided With Median Barrier,3,2946752.46800085,1904659.12053649,41.87126827,-87.77949336,,Urban,1,N,(N/A),Y,(N/A)
2023,2023-06-10,Saturday,17,05:45 PM,Property Damage,No Injuries,0,0,0,0,0,1,Parked Motor Vehicle,9,N,N,Improper Lane Usage,Failing to Reduce Speed to Avoid Crash,Darkness / Lighted Road,Clear,Dry,N,,,,,Traffic Signal,Functioning Properly,Y,2,41.88865,-87.802258,ok,(UNK),1,2303513,2023,,20,28,50000 and OVER,9,4295,Oak Park,C,Urban Major Collector,,16,10,12214730,6,Cook,0,23,,,6,N,No,Free Flow,202301181272,City,5,0,N,,,,(UNK),48118,(N/A),(UNK),No Defects,1,1,Major Collector,5,,X003048257,Not Toll,73,3,4,Not Divided,1,2940378.97750976,1910818.82637538,41.88864219,-87.80225218,,Urban,1,N,(N/A),Y,(N/A)
2023,2023-06-12,Monday,10,10:36 AM,Property Damage,No Injuries,0,0,0,0,0,2,Parked Motor Vehicle,9,N,N,Under Influence of Alcohol/Drugs,Failing to Reduce Speed to Avoid Crash,Daylight,Clear,Dry,Y,,,,,No Controls,No Controls,N,2,41.8853472,-87.7764544,ok,(UNK),1,2303541,2023,,8,28,50000 and OVER,9,4295,Oak Park,C,Urban Local Road or Street,,16,12,12216284,6,Cook,0,23,,,1,N,No,(UNK),202301182467,City,1,0,N,,,,(UNK),48131,(N/A),(UNK),No Defects,1,1,Local Road or Street,7,,X003049441,Not Toll,73,1,1,"Divided, No Median Barrier",2,2947438.89296851,1909809.98301819,41.88533937,-87.77644865,,Urban,1,N,(N/A),Y,(N/A)
2023,2023-04-14,Friday,22,10:35 PM,Property Damage,No Injuries,0,0,0,0,0,6,Front to Rear,11,N,N,Following Too Closely,Failing to Reduce Speed to Avoid Crash,Darkness / Lighted Road,Clear,Dry,N,,,,,Other Regualtory Sig,Functioning Properly,N,2,41.8712671,-87.7749937,ok,Partial Access Control,3,03-23-06593,2023,,3,28,50000 and OVER,9,4295,Oak Park,C,Urban InterState,,16,14,12150464,4,Cook,0,23,,,5,N,No,(UNK),202301118709,ISP,5,9.17000008,Y,,,,(UNK),49253,(N/A),(UNK),No Defects,1,1,InterState,1,290,X002990325,Not Toll,73,10,4,Divided With Median Barrier,3,2947979.74588322,1904690.01031918,41.87125925,-87.77498789,,Urban,1,N,(N/A),Y,(N/A)
2023,2023-04-25,Tuesday,8,08:57 AM,Property Damage,No Injuries,0,0,0,0,0,2,Angle,15,N,N,Unable to Determine,Unable to Determine,Daylight,Rain,Wet,Y,,,,,No Controls,No Controls,N,2,41.8833151,-87.7927061,ok,(UNK),1,2302420,2023,,18,18,50000 and OVER,9,4295,Oak Park,C,Urban Local Road or Street,,16,25,12157436,4,Cook,0,23,,,2,N,No,Slow,202301125981,City,1,0,N,,,,(UNK),49283,(N/A),(UNK),No Defects,1,2,Local Road or Street,7,,X002996630,Not Toll,73,1,1,"Divided, No Median Barrier",2,2943033.80170535,1908946.54161441,41.88330729,-87.79270026,,Urban,2,N,(N/A),Y,(N/A)
2023,2023-04-25,Tuesday,13,01:05 PM,Property Damage,No Injuries,0,0,0,0,0,2,Angle,15,N,N,Unable to Determine,Unable to Determine,Daylight,Clear,Dry,Y,,,,,No Controls,No Controls,N,2,41.8885678,-87.8050258,ok,(UNK),1,2302428,2023,,18,18,50000 and OVER,9,4295,Oak Park,C,Urban Other Principal Arte,,16,25,12157452,4,Cook,0,23,,,2,N,No,Free Flow,202301126007,City,1,19.05999947,Y,,,,(UNK),49523,(N/A),(UNK),No Defects,1,1,Other Principal Arterial,3,348,X002996646,Not Toll,73,1,1,T-Intersection,15,2939626.11874017,1910768.10734459,41.88856,-87.80502,,Urban,1,N,(N/A),Y,(N/A)
2023,2023-04-25,Tuesday,15,03:20 PM,Property Damage,No Injuries,0,0,0,0,0,5,Front to Rear,11,N,N,Following Too Closely,Failing to Reduce Speed to Avoid Crash,Daylight,Clear,Dry,Y,,,,,No Controls,No Controls,N,2,41.8944989,-87.7897701,ok,(UNK),1,2302431,2023,,3,28,50000 and OVER,9,4295,Oak Park,C,Urban Minor Arterial,,16,25,12157457,4,Cook,0,23,,,2,N,No,Slow,202301126013,City,1,3.36999989,N,,,,(UNK),49673,(N/A),(UNK),No Defects,1,1,Minor Arterial,4,1398,X002996651,Not Toll,73,1,1,Not Divided,1,2943720.37596636,1913044.26502315,41.89449107,-87.78976433,,Urban,1,N,(N/A),Y,(N/A)
2023,2023-04-17,Monday,9,09:30 AM,Property Damage,No Injuries,0,0,0,0,0,2,Front to Rear,11,N,N,Following Too Closely,Failing to Reduce Speed to Avoid Crash,Daylight,Clear,Wet,N,,,,,Other,Functioning Properly,Y,2,41.8717267,-87.7817172,ok,Partial Access Control,3,03-23-06765,2023,,3,28,50000 and OVER,9,4295,Oak Park,C,Urban InterState,,16,17,12150625,4,Cook,0,23,,,1,N,No,(UNK),202301118864,ISP,1,8.82999992,Y,,,,(UNK),49774,(N/A),(UNK),No Defects,1,2,InterState,1,290,X002990474,Not Toll,73,13,4,"Divided, No Median Barrier",2,2946143.75231176,1904806.52113606,41.87171886,-87.78171143,,Urban,1,N,(N/A),Y,(N/A)
2023,2023-04-16,Sunday,15,03:10 PM,Injury,B Injury Crash,2,0,0,2,0,1,Front to Front,14,N,N,Operating Vehicle In Reckless Manner,Driving On Wrong Side/Wrong Way,Daylight,Clear,Dry,Y,,,,,Traffic Signal,Functioning Properly,Y,3,41.8759848,-87.804596,ok,(UNK),1,23-1073,2023,,50,5,50000 and OVER,9,4295,Oak Park,C,Urban Other Principal Arte,,16,16,12153923,4,Cook,2,23,,,7,N,No,Free Flow,202301122503,City,1,19.93000031,Y,,,,(UNK),49872,(N/A),(UNK),No Defects,1,1,Other Principal Arterial,3,348,X002993672,Not Toll,73,3,4,"Divided, No Median Barrier",2,2939869.42921244,1906185.85661828,41.875977,-87.80459021,,Urban,1,N,(N/A),Y,(N/A)
2023,2023-06-14,Wednesday,10,10:18 AM,Property Damage,No Injuries,0,0,0,0,0,3,Front to Rear,11,N,N,Following Too Closely,Failing to Reduce Speed to Avoid Crash,Daylight,Clear,Dry,N,,,,,Other,Functioning Properly,N,2,41.8733546,-87.8029456,ok,Partial Access Control,3,03-23-10670,2023,,3,28,50000 and OVER,9,4295,Oak Park,C,Urban InterState,,16,14,12219741,6,Cook,0,23,,,3,N,No,(UNK),202301185409,ISP,1,7.76999998,Y,,,,(UNK),50817,(N/A),(UNK),No Defects,1,1,InterState,1,290,X003052355,Not Toll,73,13,4,Divided With Median Barrier,3,2940345.34125148,1905239.72607311,41.87334674,-87.80293979,,Urban,1,N,(N/A),Y,(N/A)