crash_year,crash_date,day_of_week,crash_hour,time_of_crash,crash_severity,crash_injury_severity,total_injured,total_fatals,a_injuries,b_injuries,c_injuries,no_injuries,type_of_first_crash,collision_type_code,pedestrian_involved,pedalcyclist_involved,cause1,cause2,lighting_cond,weather_cond,road_surface_cond,intersection_related,is_intersection,highway_or_street_name,at_intersection_with,address_no,traffic_control_device,traffic_control_device_cond,hit_and_run,number_of_vehicles,latitude,longitude,location_status,access_control,agency_code,agency_report_number,agency_report_year,alignment_code,cause1_code,cause2_code,city_class,city_class_code,city_code,city_name,city_township_flag,class_of_trafficway,class_of_trafficway_code,county_code,crash_day,crash_id,crash_month,crash_report_county,crash_severity_cd,crash_yr_source,damaged_property1,damaged_property2,day_of_week_code,did_crash_occur_in_work_zone,did_involve_secondary_crash,flow_condition,icn,investigating_agency_descrip,light_condition_code,mile_station,nhs,non_intersection_direction,non_intersection_distance,non_intersection_units,number_of_lanes,objectid,railroad_crossing_number,road_alignment,road_defects,road_defects_code,road_surface_condition_code,roadway_functional_class,roadway_functional_class_code,route_number,sfe,toll,township,traffic_control_device_code,traffic_control_device_cond_code,trafficway_descrip,trafficway_description_code,ts_crash_coordinate_x,ts_crash_coordinate_y,ts_crash_latitude,ts_crash_longitude,type_report,urban_rural,weather_code,were_workers_present,work_zone,work_zone_related,work_zone_type
2023,2023-04-21,Friday,16,04:45 PM,Property Damage,No Injuries,0,0,0,0,0,2,Sideswipe Same Direction,12,N,N,Improper Overtaking/Passing,Improper Lane Usage,Daylight,Clear,Dry,N,,,,,Other Regualtory Sig,Functioning Properly,Y,2,41.8735897,-87.8042356,ok,Partial Access Control,3,03-23-07064,2023,,4,20,50000 and OVER,9,4295,Oak Park,C,Urban InterState,,16,21,12155968,4,Cook,0,23,,,5,N,No,(UNK),202301124256,ISP,1,0,Y,,,,(UNK),51843,(N/A),(UNK),No Defects,1,1,InterState,1,,X002995230,Not Toll,,10,4,Ramp,11,2939991.63840659,1905315.72064016,41.87358184,-87.80422975,,Urban,1,N,(N/A),Y,(N/A)
2023,2023-04-18,Tuesday,16,04:21 PM,Property Damage,No Injuries,0,0,0,0,0,3,Sideswipe Same Direction,12,N,N,Failing to Reduce Speed to Avoid Crash,(N/A),Daylight,Clear,Dry,N,,,,,No Controls,No Controls,N,2,41.8918492,-87.8040369,ok,(UNK),1,2302268,2023,,28,99,50000 and OVER,9,4295,Oak Park,C,Urban Local Road or Street,,16,18,12150714,4,Cook,0,23,,,2,N,No,Stopped,202301118956,City,1,0,N,,,,(UNK),52223,(N/A),(UNK),No Defects,1,1,Local Road or Street,7,,X002990561,Not Toll,73,1,1,Not Divided,1,2939862.4492936,1911971.31595099,41.89184137,-87.80403113,,Urban,1,N,(N/A),Y,(N/A)
2023,2023-04-19,Wednesday,13,01:18 PM,Property Damage,No Injuries,0,0,0,0,0,3,Turning,10,N,N,Improper Turning/No Signal,Driving Skills/Knowledge/Experience,Daylight,Clear,Dry,Y,,,,,Traffic Signal,Functioning Properly,N,2,41.8737777,-87.8045294,ok,Partial Access Control,1,2302290,2023,,6,15,50000 and OVER,9,4295,Oak Park,C,Urban Other Principal Arte,,16,19,12150798,4,Cook,0,23,,,3,N,No,Free Flow,202301119062,City,1,20.07999992,Y,,,,(UNK),52301,(N/A),(UNK),No Defects,1,1,Other Principal Arterial,3,348,X002990642,Not Toll,73,3,4,Divided With Median Barrier,3,2939909.72537589,1905382.01791397,41.87376981,-87.80452357,,Urban,1,N,(N/A),Y,(N/A)
2023,2023-04-13,Thursday,22,10:36 PM,Injury,B Injury Crash,1,0,0,1,0,4,Front to Rear,11,N,N,Following Too Closely,Failing to Reduce Speed to Avoid Crash,Darkness / Lighted Road,Clear,Dry,N,,,,,Delineators,Functioning Properly,N,5,41.871313,-87.7800437,ok,Partial Access Control,3,03-23-06521,2023,,3,28,50000 and OVER,9,4295,Oak Park,C,Urban InterState,,16,13,12147787,4,Cook,2,23,,,4,N,Yes,(UNK),202301116528,ISP,5,8.92000008,Y,,,,(UNK),52388,(N/A),(UNK),No Defects,1,1,InterState,1,290,X002988148,Not Toll,,14,4,Divided With Median Barrier,3,2946603.75927204,1904668.43654671,41.87130516,-87.78003795,,Urban,1,N,(N/A),Y,(N/A)
2023,2023-04-17,Monday,10,10:22 AM,Property Damage,No Injuries,0,0,0,0,0,2,Front to Rear,11,N,N,Failing to Reduce Speed to Avoid Crash,Driving Skills/Knowledge/Experience,Daylight,Snow,Snow or Slush,N,,,,,No Controls,No Controls,N,2,41.8729577,-87.7989543,ok,Partial Access Control,3,03-23-06771,2023,,28,15,50000 and OVER,9,4295,Oak Park,C,Urban InterState,,16,17,12149117,4,Cook,0,23,,,1,N,No,(UNK),202301117773,ISP,1,7.96000004,Y,,,,(UNK),52397,(N/A),(UNK),No Defects,1,3,InterState,1,290,X002989387,Not Toll,,1,1,Divided With Median Barrier,3,2941436.41684102,1905125.05795546,41.87294982,-87.79894855,,Urban,3,N,(N/A),Y,(N/A)
2023,2023-04-15,Saturday,3,03:45 AM,Property Damage,No Injuries,0,0,0,0,0,2,Front to Rear,11,N,N,Failing to Reduce Speed to Avoid Crash,Driving Skills/Knowledge/Experience,Darkness / Lighted Road,Clear,Dry,N,,,,,No Controls,No Controls,N,2,41.8737763,-87.8045293,ok,Partial Access Control,3,03-23-06776,2023,,28,15,50000 and OVER,9,4295,Oak Park,C,Urban Other Principal Arte,,16,15,12149154,4,Cook,0,23,,,6,N,No,(UNK),202301117809,ISP,5,20.07999992,Y,,,,(UNK),52446,(N/A),(UNK),No Defects,1,1,Other Principal Arterial,3,348,X002989423,Not Toll,73,1,1,Ramp,11,2939909.74925061,1905381.51175634,41.87376842,-87.80452353,,Urban,1,N,(N/A),Y,(N/A)
2023,2023-04-19,Wednesday,9,09:15 AM,Injury,B Injury Crash,1,0,0,1,0,1,Angle,15,N,N,Failing to Yield Right of Way,Failing to Reduce Speed to Avoid Crash,Daylight,Cloudy/Overcast,Dry,Y,,,,,Stop Sign,Functioning Properly,N,2,41.8706377,-87.793937,ok,(UNK),1,2302282,2023,,2,28,50000 and OVER,9,4295,Oak Park,C,Urban Major Collector,,16,19,12150744,4,Cook,2,23,,,3,N,No,Free Flow,202301118988,City,1,6.78999996,N,,,,(UNK),52492,(N/A),(UNK),No Defects,1,1,Major Collector,5,2775,X002990589,Not Toll,73,2,4,Not Divided,1,2942826.35814016,1904317.39147941,41.8706299,-87.79393125,,Urban,8,N,(N/A),Y,(N/A)
2023,2023-04-19,Wednesday,10,10:32 AM,Property Damage,No Injuries,0,0,0,0,0,1,Fixed Object,6,N,N,Failing to Reduce Speed to Avoid Crash,Unable to Determine,Daylight,Clear,Dry,N,,,,,No Controls,No Controls,N,1,41.8983078,-87.7786914,ok,(UNK),1,2302285,2023,,28,18,50000 and OVER,9,4295,Oak Park,C,Urban Local Road or Street,,16,19,12150758,4,Cook,0,23,FIRE HYDRANT,VILLAGE TREE,3,N,Yes,Free Flow,202301119008,City,1,0,N,,,,(UNK),52934,(N/A),(UNK),No Defects,1,1,Local Road or Street,7,,X002990603,Not Toll,73,1,1,Not Divided,1,2946698.20924368,1914516.08855105,41.89829992,-87.77868563,,Urban,1,N,(N/A),Y,(N/A)
2023,2023-05-12,Friday,16,04:21 PM,Property Damage,No Injuries,0,0,0,0,0,2,Front to Front,14,N,N,Improper Lane Usage,(N/A),Unknown,Unknown,Dry,N,,,,,Stop Sign,Functioning Properly,N,2,41.8761849,-87.7916763,ok,(UNK),1,2302823,2023,,20,99,50000 and OVER,9,4295,Oak Park,C,Urban Local Road or Street,,16,12,12180660,5,Cook,0,23,,,5,N,No,Slow,202301147857,City,9,0,N,,,,(UNK),54027,(N/A),(UNK),No Defects,1,1,Local Road or Street,7,,X003017141,Not Toll,73,2,4,Not Divided,1,2943386.18223186,1906355.9079003,41.87617704,-87.79167048,,Urban,9,N,(N/A),Y,(N/A)
2023,2023-05-12,Friday,21,09:23 PM,Property Damage,No Injuries,0,0,0,0,0,2,Front to Rear,11,N,N,Following Too Closely,(N/A),Darkness / Lighted Road,Rain,Wet,N,,,,,Traffic Signal,Functioning Properly,N,2,41.8798724,-87.7842321,ok,(UNK),1,2302832,2023,,3,99,50000 and OVER,9,4295,Oak Park,C,Urban Minor Arterial,,16,12,12180690,5,Cook,0,23,,,5,N,No,Slow,202301147884,City,5,4.11999989,N,,,,(UNK),54030,(N/A),(UNK),No Defects,1,2,Minor Arterial,4,1419,X003017168,Not Toll,73,3,4,"Divided, No Median Barrier",2,2945376.31222842,1907755.91333039,41.87986451,-87.78422635,,Urban,2,N,(N/A),Y,(N/A)
2023,2023-05-12,Friday,13,01:48 PM,Property Damage,No Injuries,0,0,0,0,0,1,Parked Motor Vehicle,9,N,N,Improper Lane Usage,(N/A),Unknown,Unknown,Unknown,N,,,,,No Controls,No Controls,Y,2,41.8918381,-87.8049541,ok,(UNK),1,2302819,2023,,20,99,50000 and OVER,9,4295,Oak Park,C,Urban Local Road or Street,,16,12,12180659,5,Cook,0,23,,,5,N,No,Free Flow,202301147856,City,9,0,N,,,,(UNK),54050,(N/A),(UNK),No Defects,1,9,Local Road or Street,7,,X003017140,Not Toll,73,1,1,Not Divided,1,2939612.81409877,1911960.40036024,41.89183029,-87.80494834,,Urban,9,N,(N/A),Y,(N/A)
2023,2023-05-13,Saturday,14,02:40 PM,Injury,B Injury Crash,1,0,0,1,0,1,Front to Rear,11,N,N,Distraction - From Inside Vehicle,Failing to Reduce Speed to Avoid Crash,Daylight,Cloudy/Overcast,Dry,Y,,,,,Traffic Signal,Functioning Properly,N,2,41.8903612,-87.7847744,ok,(UNK),1,2302843,2023,,41,28,50000 and OVER,9,4295,Oak Park,C,Urban Major Collector,,16,13,12180716,5,Cook,2,23,,,6,N,No,Slow,202301147908,City,1,0.79000002,N,,,,(UNK),54052,(N/A),(UNK),No Defects,1,1,Major Collector,5,2783,X003017192,Not Toll,73,3,4,Not Divided,1,2945122.47567322,1911574.13384,41.89035333,-87.78476863,,Urban,8,N,(N/A),Y,(N/A)
2023,2023-05-13,Saturday,20,08:47 PM,Property Damage,No Injuries,0,0,0,0,0,2,Parked Motor Vehicle,9,N,N,Distraction - From Inside Vehicle,(N/A),Darkness / Lighted Road,Clear,Dry,N,,,,,No Controls,No Controls,N,2,41.8867739,-87.802461,ok,(UNK),1,2302851,2023,,41,99,50000 and OVER,9,4295,Oak Park,C,Urban Local Road or Street,,16,13,12180746,5,Cook,0,23,LIGHT POST,,6,N,Yes,Free Flow,202301147936,City,5,0,N,,,,(UNK),54091,(N/A),(UNK),No Defects,1,1,Local Road or Street,7,,X003017219,Not Toll,73,1,1,Not Divided,1,2940342.54993488,1910133.59162147,41.88676602,-87.80245517,,Urban,1,N,(N/A),Y,(N/A)
2023,2023-05-17,Wednesday,4,04:57 AM,Property Damage,No Injuries,0,0,0,0,0,2,Sideswipe Same Direction,12,N,N,Improper Lane Usage,Failing to Yield Right of Way,Dawn,Clear,Dry,N,,,,,Delineators,Functioning Properly,N,2,41.8726451,-87.7768709,ok,(UNK),3,03-23-08694,2023,,20,2,50000 and OVER,9,4295,Oak Park,C,Urban Local Road or Street,,16,17,12184211,5,Cook,0,23,,,3,N,No,(UNK),202301151269,ISP,2,0,N,,,,(UNK),54120,(N/A),(UNK),No Defects,1,1,Local Road or Street,7,,X003020409,Not Toll,,14,4,Divided With Median Barrier,3,2947454.44274412,1905177.91969641,41.87263722,-87.77686512,,Urban,1,N,(N/A),Y,(N/A)
2023,2023-06-17,Saturday,12,12:05 PM,Property Damage,No Injuries,0,0,0,0,0,5,Turning,10,N,N,Following Too Closely,Failing to Reduce Speed to Avoid Crash,Daylight,Clear,Dry,Y,,,,,Traffic Signal,Functioning Properly,N,2,41.8905579,-87.8051144,ok,(UNK),1,2303676,2023,,3,28,50000 and OVER,9,4295,Oak Park,C,Urban Other Principal Arte,,16,17,12225026,6,Cook,0,23,,,6,N,No,Free Flow,202301190258,City,1,18.92000008,Y,,,,(UNK),54367,(N/A),(UNK),No Defects,1,1,Other Principal Arterial,3,348,X003057079,Not Toll,73,3,4,Not Divided,1,2939582.01967468,1911492.64240557,41.89055002,-87.80510861,,Urban,1,N,(N/A),Y,(N/A)
2023,2023-06-19,Monday,21,09:37 PM,Property Damage,No Injuries,0,0,0,0,0,1,Parked Motor Vehicle,9,N,N,Driving Skills/Knowledge/Experience,Unable to Determine,Darkness / Lighted Road,Clear,Dry,N,,,,,No Controls,No Controls,Y,2,41.879153,-87.8047115,ok,(UNK),1,2303727,2023,,15,18,50000 and OVER,9,4295,Oak Park,C,Urban Other Principal Arte,,16,19,12225220,6,Cook,0,23,,,1,N,No,Free Flow,202301190317,City,5,19.70999908,Y,,,,(UNK),54655,(N/A),(UNK),No Defects,1,1,Other Principal Arterial,3,348,X003057126,Not Toll,73,1,1,Parking Lot,7,2939806.19852307,1907339.51259778,41.87914512,-87.80470565,,Urban,1,N,(N/A),Y,(N/A)
2023,2023-06-15,Thursday,13,01:59 PM,Property Damage,No Injuries,0,0,0,0,0,1,Parked Motor Vehicle,9,N,N,Unable to Determine,Failing to Reduce Speed to Avoid Crash,Daylight,Clear,Dry,N,,,,,No Controls,No Controls,Y,2,41.9016457,-87.7989871,ok,(UNK),1,2303615,2023,,18,28,50000 and OVER,9,4295,Oak Park,C,Urban Major Collector,,16,15,12220585,6,Cook,0,23,,,4,N,No,Free Flow,202301186211,City,1,1.33000004,N,,,,(UNK),54707,(N/A),(UNK),No Defects,1,1,Major Collector,5,1394,X003053144,Not Toll,73,1,1,Not Divided,1,2941138.89911118,1915579.26731336,41.90163786,-87.79898125,,Urban,1,N,(N/A),Y,(N/A)
2023,2023-06-15,Thursday,15,03:27 PM,Property Damage,No Injuries,0,0,0,0,0,2,Sideswipe Same Direction,12,N,N,Failing to Yield Right of Way,Failing to Reduce Speed to Avoid Crash,Daylight,Clear,Dry,N,,,,,No Controls,No Controls,N,3,41.9089335,-87.7993929,ok,(UNK),1,2303619,2023,,2,28,50000 and OVER,9,4295,Oak Park,C,Urban Other Principal Arte,,16,15,12220592,6,Cook,0,23,,,4,N,No,Free Flow,202301186220,City,1,6.25,Y,,,,(UNK),54708,(N/A),(UNK),No Defects,1,1,Other Principal Arterial,3,307,X003053151,Not Toll,73,1,1,"Divided, No Median Barrier",2,2940955.07227526,1918232.02740751,41.90892565,-87.79938712,,Urban,1,N,(N/A),Y,(N/A)
2023,2023-06-01,Thursday,19,07:30 PM,Property Damage,No Injuries,0,0,0,0,0,2,Angle,15,N,N,Failing to Yield Right of Way,Failing to Reduce Speed to Avoid Crash,Daylight,Clear,Unknown,N,,,,,Traffic Signal,Functioning Properly,Y,2,41.9090326,-87.7951389,ok,(UNK),1,2303291,2023,,2,28,50000 and OVER,9,4295,Oak Park,C,Urban Other Principal Arte,,16,1,12202765,6,Cook,0,23,,,4,N,No,Slow,202301170158,City,1,6.48000002,Y,,,,(UNK),54842,(N/A),(UNK),Unknown,99,9,Other Principal Arterial,3,307,X003037361,Not Toll,73,3,4,"Divided, No Median Barrier",2,2942112.08001806,1918300.16250117,41.90902479,-87.79513312,,Urban,1,N,(N/A),N,(N/A)
2023,2023-06-19,Monday,22,10:09 PM,Property Damage,No Injuries,0,0,0,0,0,2,Parked Motor Vehicle,9,N,N,Unable to Determine,Unable to Determine,Darkness / Lighted Road,Clear,Dry,N,,,,,No Controls,No Controls,N,4,41.8867949,-87.7813889,ok,(UNK),1,2303728,2023,,18,18,50000 and OVER,9,4295,Oak Park,C,Urban Local Road or Street,,16,19,12225224,6,Cook,0,23,,,1,N,Yes,Free Flow,202301190323,City,5,0,N,,,,(UNK),54858,(N/A),(UNK),No Defects,1,1,Local Road or Street,7,,X003057130,Not Toll,73,1,1,Not Divided,1,2946080.48803723,1910300.15277644,41.8867871,-87.78138309,,Urban,1,N,(N/A),Y,(N/A)
2023,2023-04-14,Friday,10,10:46 AM,Property Damage,No Injuries,0,0,0,0,0,2,Turning,10,N,N,Failing to Yield Right of Way,Unable to Determine,Daylight,Clear,Dry,N,,,,,No Controls,No Controls,N,2,41.8797246,-87.8047365,ok,(UNK),1,23-01041,2023,,2,18,50000 and OVER,9,4295,Oak Park,C,Urban Other Principal Arte,,16,14,12152972,4,Cook,0,23,,,5,N,No,Free Flow,202301121579,City,1,19.68000031,Y,,,,(UNK),55263,(N/A),(UNK),No Defects,1,1,Other Principal Arterial,3,348,X002992731,Not Toll,73,1,1,"Divided, No Median Barrier",2,2939793.62735158,1907547.62129124,41.87971671,-87.80473075,,Urban,1,N,(N/A),Y,(N/A)
2023,2023-04-13,Thursday,19,07:05 PM,Property Damage,No Injuries,0,0,0,0,0,2,Front to Rear,11,N,N,Failing to Reduce Speed to Avoid Crash,Following Too Closely,Darkness / Lighted Road,Clear,Dry,Y,,,,,Traffic Signal,Functioning Properly,Y,2,41.8736416,-87.8045254,ok,Partial Access Control,3,03-23-07033,2023,,28,3,50000 and OVER,9,4295,Oak Park,C,Urban InterState,,16,13,12156192,4,Cook,0,23,,,4,N,No,(UNK),202301124519,ISP,5,0.20999999,Y,,,,(UNK),56098,(N/A),(UNK),No Defects,1,1,InterState,1,290,X002995441,Not Toll,73,3,4,Divided With Median Barrier,3,2939912.18028225,1905332.45409934,41.87363372,-87.80451957,,Urban,1,N,(N/A),Y,(N/A)
2023,2023-04-24,Monday,19,07:41 PM,Property Damage,No Injuries,0,0,0,0,0,4,Front to Rear,11,N,N,Following Too Closely,Driving Skills/Knowledge/Experience,Dusk,Cloudy/Overcast,Dry,N,,,,,Traffic Signal,Functioning Properly,N,3,41.8942278,-87.8047624,ok,(UNK),1,2302412,2023,,3,15,50000 and OVER,9,4295,Oak Park,C,Urban Minor Arterial,,16,24,12156292,4,Cook,0,23,,,1,N,Yes,Stopped,202301124673,City,3,2.57999992,N,,,,(UNK),56108,(N/A),(UNK),No Defects,1,1,Minor Arterial,4,1398,X002995534,Not Toll,73,3,4,Not Divided,1,2939641.03982849,1912832.69288987,41.89422,-87.80475659,,Urban,8,N,(N/A),Y,(N/A)
2023,2023-04-24,Monday,20,08:35 PM,Property Damage,No Injuries,0,0,0,0,0,2,Turning,10,N,N,Driving Skills/Knowledge/Experience,(N/A),Darkness / Lighted Road,Clear,Dry,Y,,,,,Traffic Signal,Functioning Properly,N,2,41.8944178,-87.7946758,ok,(UNK),1,2302416,2023,,15,99,50000 and OVER,9,4295,Oak Park,C,Urban Minor Arterial,,16,24,12156360,4,Cook,0,23,,,1,N,Yes,Slow,202301124781,City,5,3.0999999,N,,,,(UNK),56335,(N/A),(UNK),No Defects,1,1,Minor Arterial,4,1398,X002995601,Not Toll,73,3,4,Not Divided,1,2942385.48984655,1912977.70490448,41.89440991,-87.79467,,Urban,1,N,(N/A),Y,(N/A)
2023,2023-04-24,Monday,18,06:29 PM,Property Damage,No Injuries,0,0,0,0,0,2,Sideswipe Same Direction,12,N,N,Improper Lane Usage,Failing to Reduce Speed to Avoid Crash,Daylight,Unknown,Unknown,N,,,,,Traffic Signal,Unknown,Y,2,41.8713578,-87.7743049,ok,(UNK),1,2302409,2023,,20,28,50000 and OVER,9,4295,Oak Park,C,Urban Minor Arterial,,16,24,12156285,4,Cook,0,23,,,1,N,No,Stopped,202301124662,City,1,8.35000038,N,,,,(UNK),56589,(N/A),(UNK),No Defects,1,9,Minor Arterial,4,2790,X002995527,Not Toll,,3,9,"Divided, No Median Barrier",2,2948166.43824445,1904728.29075521,41.87134994,-87.77429909,,Urban,9,N,(N/A),Y,(N/A)
2023,2023-04-20,Thursday,7,07:58 AM,Property Damage,No Injuries,0,0,0,0,0,3,Rear to Side,16,N,N,Improper Backing,Driving Skills/Knowledge/Experience,Daylight,Clear,Dry,N,,,,,No Controls,No Controls,N,2,41.8978297,-87.7977812,ok,(UNK),1,2302306,2023,,30,15,50000 and OVER,9,4295,Oak Park,C,Urban Local Road or Street,,16,20,12151145,4,Cook,0,23,,,4,N,No,Free Flow,202301119512,City,1,0,N,,,,(UNK),57024,(N/A),(UNK),No Defects,1,1,Local Road or Street,7,,X002990980,Not Toll,73,1,1,Other,8,2941505.59823857,1914197.70632904,41.89782185,-87.79777544,,Urban,1,N,(N/A),Y,(N/A)
2023,2023-06-09,Friday,16,04:17 PM,Property Damage,No Injuries,0,0,0,0,0,3,Front to Rear,11,N,N,Following Too Closely,Driving Skills/Knowledge/Experience,Daylight,Clear,Dry,N,,,,,No Controls,No Controls,N,3,41.8886113,-87.8050278,ok,(UNK),1,2300720,2023,,3,15,50000 and OVER,9,4295,Oak Park,C,Urban Other Principal Arte,,16,9,12214355,6,Cook,0,23,,,5,N,No,Slow,202301180948,City,1,19.05999947,Y,,,,(UNK),57300,(N/A),(UNK),No Defects,1,1,Other Principal Arterial,3,348,X003047930,Not Toll,73,1,1,Not Divided,1,2939625.14833526,1910783.91522943,41.88860342,-87.80502196,,Urban,1,N,(N/A),Y,(N/A)
2023,2023-06-04,Sunday,20,08:52 PM,Injury,B Injury Crash,1,0,0,1,0,1,Front to Rear,11,N,N,Failing to Reduce Speed to Avoid Crash,(N/A),Darkness / Lighted Road,Clear,Dry,Y,,,,,Traffic Signal,No Controls,N,2,41.8736416,-87.8045258,ok,Partial Access Control,1,23-01635,2023,,28,99,50000 and OVER,9,4295,Oak Park,C,Urban InterState,,16,4,12207719,6,Cook,2,23,,,7,N,No,Free Flow,202301174773,City,5,0.20999999,Y,,,,(UNK),57328,(N/A),(UNK),No Defects,1,1,InterState,1,290,X003041865,Not Toll,73,3,1,"Divided, No Median Barrier",2,2939912.062394,1905332.46992192,41.87363377,-87.80452,,Urban,1,N,(N/A),Y,(N/A)
2023,2023-05-05,Friday,15,03:18 PM,Property Damage,No Injuries,0,0,0,0,0,2,Sideswipe Opposite Direction,13,N,N,Driving On Wrong Side/Wrong Way,Failing to Reduce Speed to Avoid Crash,Daylight,Clear,Dry,N,,,,,No Controls,No Controls,N,2,41.8983498,-87.776462,ok,(UNK),1,2302646,2023,,5,28,50000 and OVER,9,4295,Oak Park,C,Urban Local Road or Street,,16,5,12180652,5,Cook,0,23,,,5,N,No,Slow,202301147849,City,1,0,N,,,,(UNK),57463,(N/A),(UNK),No Defects,1,1,Local Road or Street,7,,X003017133,Not Toll,73,1,1,T-Intersection,15,2947304.77879899,1914548.33665982,41.898342,-87.77645616,,Urban,1,N,(N/A),Y,(N/A)
2023,2023-05-14,Sunday,13,01:01 PM,Property Damage,No Injuries,0,0,0,0,0,1,Parked Motor Vehicle,9,N,N,Failing to Reduce Speed to Avoid Crash,Unable to Determine,Daylight,Clear,Dry,N,,,,,No Controls,No Controls,N,2,41.9043624,-87.8040851,ok,(UNK),1,2302862,2023,,28,18,50000 and OVER,9,4295,Oak Park,C,Urban Local Road or Street,,16,14,12180756,5,Cook,0,23,,,7,N,No,Free Flow,202301147946,City,1,0,N,,,,(UNK),57473,(N/A),(UNK),No Defects,1,1,Local Road or Street,7,,X003017229,Not Toll,73,1,1,Not Divided,1,2939723.70145404,1916530.97976584,41.90435451,-87.80407926,,Urban,1,N,(N/A),Y,(N/A)
2023,2023-05-10,Wednesday,16,04:39 PM,Property Damage,No Injuries,0,0,0,0,0,5,Angle,15,N,N,Vision Obscured,(N/A),Daylight,Clear,Dry,Y,,,,,Stop Sign,Functioning Properly,N,2,41.8881778,-87.7798058,ok,(UNK),1,2302771,2023,,14,99,50000 and OVER,9,4295,Oak Park,C,Urban Major Collector,,16,10,12180653,5,Cook,0,23,,,3,N,No,Slow,202301147850,City,1,1.45000005,N,,,,(UNK),57478,(N/A),(UNK),No Defects,1,1,Major Collector,5,3559,X003017134,Not Toll,73,2,4,Four Way,14,2946497.55578467,1910816.10232735,41.88817,-87.7798,,Urban,1,N,(N/A),Y,(N/A)
2023,2023-05-13,Saturday,15,03:50 PM,Property Damage,No Injuries,0,0,0,0,0,5,Turning,10,N,N,Failing to Reduce Speed to Avoid Crash,Failing to Yield Right of Way,Daylight,Clear,Dry,Y,,,,,Traffic Signal,No Controls,Y,2,41.8719978,-87.7939858,ok,(UNK),1,2302847,2023,,28,2,50000 and OVER,9,4295,Oak Park,C,Urban Major Collector,,16,13,12180743,5,Cook,0,23,,,6,N,No,(UNK),202301147934,City,1,0,N,,,,(UNK),57513,(N/A),(UNK),No Defects,1,1,Major Collector,5,290,X003017217,Not Toll,73,3,1,Not Divided,1,2942799.37092384,1904812.67043659,41.87199,-87.79398,,Urban,1,N,(N/A),Y,(N/A)
2023,2023-05-17,Wednesday,8,08:04 AM,Property Damage,No Injuries,0,0,0,0,0,2,Turning,10,N,N,Failing to Yield Right of Way,Failing to Reduce Speed to Avoid Crash,Daylight,Clear,Dry,Y,,,,,Stop Sign,Functioning Properly,N,2,41.8873992,-87.7895456,ok,(UNK),1,2302928,2023,,2,28,50000 and OVER,9,4295,Oak Park,C,Urban Minor Collector,,16,17,12184444,5,Cook,0,23,,,3,N,No,Free Flow,202301151480,City,1,0.08,N,,,,(UNK),57559,(N/A),(UNK),No Defects,1,1,Minor Collector,6,2779,X003020618,Not Toll,73,2,4,Not Divided,1,2943853.23193264,1910458.70291414,41.8873914,-87.78953978,,Urban,1,N,(N/A),Y,(N/A)
2023,2023-05-14,Sunday,13,01:27 PM,Property Damage,No Injuries,0,0,0,0,0,3,Angle,15,N,N,Failing to Yield Right of Way,Unable to Determine,Daylight,Clear,Dry,Y,,,,,Stop Sign,Functioning Properly,N,2,41.896397,-87.7849557,ok,(UNK),1,2302863,2023,,2,18,50000 and OVER,9,4295,Oak Park,C,Urban Major Collector,,16,14,12180766,5,Cook,0,23,,,7,N,No,Free Flow,202301147956,City,1,0.38,N,,,,(UNK),57588,(N/A),(UNK),No Defects,1,1,Major Collector,5,2783,X003017239,Not Toll,73,2,4,Not Divided,1,2945012.02055161,1913772.33129274,41.89638915,-87.78494992,,Urban,1,N,(N/A),Y,(N/A)
2023,2023-05-20,Saturday,0,00:20 AM,Property Damage,No Injuries,0,0,0,0,0,5,Front to Rear,11,N,N,Failing to Reduce Speed to Avoid Crash,Following Too Closely,Darkness / Lighted Road,Clear,Dry,N,,,,,Traffic Signal,Functioning Properly,N,3,41.8737285,-87.8056049,ok,Partial Access Control,3,03-23-08875,2023,,28,3,50000 and OVER,9,4295,Oak Park,C,Urban InterState,,16,20,12187485,5,Cook,0,23,,,6,N,No,(UNK),202301154604,ISP,5,0.18000001,Y,,,,(UNK),57710,(N/A),(UNK),No Defects,1,1,InterState,1,290,X003023348,Not Toll,,3,4,Ramp,11,2939617.27969021,1905356.0380642,41.87372065,-87.8055991,,Urban,1,N,(N/A),Y,(N/A)
2023,2023-05-14,Sunday,6,06:26 AM,Property Damage,No Injuries,0,0,0,0,0,2,Front to Rear,11,N,N,Following Too Closely,Failing to Reduce Speed to Avoid Crash,Daylight,Clear,Dry,N,,,,,No Controls,No Controls,N,2,41.87355,-87.7768652,ok,(UNK),1,2302856,2023,,3,28,50000 and OVER,9,4295,Oak Park,C,Urban Local Road or Street,,16,14,12180751,5,Cook,0,23,TREE,,7,N,Yes,Free Flow,202301147941,City,1,0,N,,,,(UNK),57842,(N/A),(UNK),No Defects,1,1,Local Road or Street,7,,X003017224,Not Toll,73,1,1,Not Divided,1,2947446.81157787,1905507.72061631,41.87354211,-87.77685941,,Urban,1,N,(N/A),Y,(N/A)