crash_year,crash_date,day_of_week,crash_hour,time_of_crash,crash_severity,crash_injury_severity,total_injured,total_fatals,a_injuries,b_injuries,c_injuries,no_injuries,type_of_first_crash,collision_type_code,pedestrian_involved,pedalcyclist_involved,cause1,cause2,lighting_cond,weather_cond,road_surface_cond,intersection_related,is_intersection,highway_or_street_name,at_intersection_with,address_no,traffic_control_device,traffic_control_device_cond,hit_and_run,number_of_vehicles,latitude,longitude,location_status,access_control,agency_code,agency_report_number,agency_report_year,alignment_code,cause1_code,cause2_code,city_class,city_class_code,city_code,city_name,city_township_flag,class_of_trafficway,class_of_trafficway_code,county_code,crash_day,crash_id,crash_month,crash_report_county,crash_severity_cd,crash_yr_source,damaged_property1,damaged_property2,day_of_week_code,did_crash_occur_in_work_zone,did_involve_secondary_crash,flow_condition,icn,investigating_agency_descrip,light_condition_code,mile_station,nhs,non_intersection_direction,non_intersection_distance,non_intersection_units,number_of_lanes,objectid,railroad_crossing_number,road_alignment,road_defects,road_defects_code,road_surface_condition_code,roadway_functional_class,roadway_functional_class_code,route_number,sfe,toll,township,traffic_control_device_code,traffic_control_device_cond_code,trafficway_descrip,trafficway_description_code,ts_crash_coordinate_x,ts_crash_coordinate_y,ts_crash_latitude,ts_crash_longitude,type_report,urban_rural,weather_code,were_workers_present,work_zone,work_zone_related,work_zone_type
2023,2023-05-16,Tuesday,8,08:00 AM,Property Damage,No Injuries,0,0,0,0,0,1,Parked Motor Vehicle,9,N,N,Unable to Determine,Unable to Determine,Unknown,Unknown,Unknown,N,,,,,No Controls,No Controls,Y,2,41.8727764,-87.7758327,ok,(UNK),1,2302932,2023,,18,18,50000 and OVER,9,4295,Oak Park,C,Urban Local Road or Street,,16,16,12184494,5,Cook,0,23,,,2,N,No,Free Flow,202301151531,City,9,0,N,,,,(UNK),57850,(N/A),(UNK),No Defects,1,9,Local Road or Street,7,,X003020666,Not Toll,73,1,1,Not Divided,1,2947735.8880384,1905233.6436505,41.87276851,-87.77582691,,Urban,9,N,(N/A),Y,(N/A)
2023,2023-05-17,Wednesday,16,04:31 PM,Property Damage,No Injuries,0,0,0,0,0,2,Turning,10,N,N,Failing to Yield Right of Way,Driving Skills/Knowledge/Experience,Daylight,Clear,Dry,Y,,,,,Stop Sign,Functioning Properly,N,2,41.9089308,-87.7995962,ok,(UNK),1,2302938,2023,,2,15,50000 and OVER,9,4295,Oak Park,C,Urban Other Principal Arte,,16,17,12184511,5,Cook,0,23,,,3,N,No,Free Flow,202301151548,City,1,6.23999977,Y,,,,(UNK),57895,(N/A),(UNK),No Defects,1,1,Other Principal Arterial,3,307,X003020683,Not Toll,73,2,4,Divided With Median Barrier,3,2940899.75778725,1918229.52018713,41.90892296,-87.79959042,,Urban,1,N,(N/A),Y,(N/A)
2023,2023-05-26,Friday,7,07:37 AM,Property Damage,No Injuries,0,0,0,0,0,1,Parked Motor Vehicle,9,N,N,Failing to Reduce Speed to Avoid Crash,(N/A),Unknown,Unknown,Unknown,N,,,,,No Controls,No Controls,N,2,41.8859542,-87.7829874,ok,(UNK),1,2303123,2023,,28,99,50000 and OVER,9,4295,Oak Park,C,Urban Local Road or Street,,16,26,12198232,5,Cook,0,23,,,5,N,No,(UNK),202301165710,City,9,0,N,,,,(UNK),57910,(N/A),(UNK),Worn Surface,8,9,Local Road or Street,7,,X003033309,Not Toll,73,1,1,Alley,12,2945653.70279184,1909981.67885011,41.88594638,-87.78298164,,Urban,9,N,(N/A),N,(N/A)
2023,2023-05-26,Friday,16,04:15 PM,Property Damage,No Injuries,0,0,0,0,0,3,Turning,10,N,N,Failing to Yield Right of Way,Unable to Determine,Daylight,Clear,Dry,Y,,,,,No Controls,No Controls,N,2,41.8704892,-87.8043962,ok,(UNK),1,2303146,2023,,2,18,50000 and OVER,9,4295,Oak Park,C,Urban Other Principal Arte,,16,26,12198239,5,Cook,0,23,,,5,N,No,(UNK),202301165717,City,1,20.30999947,Y,,,,(UNK),57911,(N/A),(UNK),No Defects,1,1,Other Principal Arterial,3,348,X003033316,Not Toll,73,1,1,Not Divided,1,2939978.98876934,1904184.64675826,41.87048136,-87.80439042,,Urban,1,N,(N/A),Y,(N/A)
2023,2023-05-26,Friday,18,06:14 PM,Property Damage,No Injuries,0,0,0,0,0,4,Angle,15,N,N,Failing to Reduce Speed to Avoid Crash,Failing to Yield Right of Way,Dusk,Clear,Dry,Y,,,,,Stop Sign,Functioning Properly,N,2,41.9074719,-87.7768449,ok,(UNK),1,2303152,2023,,28,2,50000 and OVER,9,4295,Oak Park,C,Urban Local Road or Street,,16,26,12198257,5,Cook,0,23,,,5,N,No,Free Flow,202301165744,City,3,0,N,,,,(UNK),57913,(N/A),(UNK),No Defects,1,1,Local Road or Street,7,,X003033332,Not Toll,73,2,4,Four Way,14,2947107.87323151,1917869.69023104,41.90746405,-87.77683906,,Urban,1,N,(N/A),Y,(N/A)
2023,2023-05-26,Friday,18,06:43 PM,Property Damage,No Injuries,0,0,0,0,0,2,Front to Rear,11,N,N,Following Too Closely,(N/A),Daylight,Clear,Dry,N,,,,,No Controls,No Controls,N,2,41.8798579,-87.7859108,ok,(UNK),1,2303156,2023,,3,99,50000 and OVER,9,4295,Oak Park,C,Urban Minor Arterial,,16,26,12198269,5,Cook,0,23,,,5,N,No,Free Flow,202301165788,City,1,4.03999996,N,,,,(UNK),58004,(N/A),(UNK),No Defects,1,1,Minor Arterial,4,1419,X003033337,Not Toll,73,1,1,"Divided, No Median Barrier",2,2944919.29788013,1907737.95124892,41.87985006,-87.78590498,,Urban,1,N,(N/A),Y,(N/A)
2023,2023-05-31,Wednesday,11,11:20 AM,Property Damage,No Injuries,0,0,0,0,0,4,Front to Front,14,N,N,Disregarding Stop Sign,Failing to Reduce Speed to Avoid Crash,Daylight,Clear,Dry,Y,,,,,Stop Sign,Functioning Properly,N,2,41.8727266,-87.7792772,ok,(UNK),1,2303246,2023,,23,28,50000 and OVER,9,4295,Oak Park,C,Urban Minor Collector,,16,31,12200498,5,Cook,0,23,,,3,N,No,(UNK),202301168017,City,1,1.05999994,N,,,,(UNK),58105,(N/A),(UNK),No Defects,1,1,Minor Collector,6,3794,X003035325,Not Toll,73,2,4,"Divided, No Median Barrier",2,2946798.21849746,1905189.38914464,41.87271877,-87.77927139,,Urban,1,N,(N/A),Y,(N/A)
2023,2023-06-07,Wednesday,6,06:26 AM,Property Damage,No Injuries,0,0,0,0,0,2,Angle,15,N,N,Failing to Yield Right of Way,Failing to Reduce Speed to Avoid Crash,Daylight,Clear,Dry,Y,,,,,Stop Sign,Functioning Properly,N,2,41.9073375,-87.7833047,ok,(UNK),1,2303419,2023,,2,28,50000 and OVER,9,4295,Oak Park,C,Urban Major Collector,,16,7,12210348,6,Cook,0,23,,,3,N,No,Free Flow,202301176990,City,1,0.13,N,,,,(UNK),58188,(N/A),(UNK),No Defects,1,1,Major Collector,5,2783,X003044070,Not Toll,73,2,4,Not Divided,1,2945350.71217412,1917771.76807844,41.90732968,-87.78329892,,Urban,1,N,(N/A),Y,(N/A)
2023,2023-06-07,Wednesday,15,03:00 PM,Property Damage,No Injuries,0,0,0,0,0,3,Front to Rear,11,N,N,Failing to Yield Right of Way,Unable to Determine,Daylight,Clear,Dry,Y,,,,,Traffic Signal,Functioning Properly,N,2,41.8727266,-87.7792773,ok,(UNK),1,2303436,2023,,2,18,50000 and OVER,9,4295,Oak Park,C,Urban Minor Collector,,16,7,12210398,6,Cook,0,23,,,3,N,No,Free Flow,202301177038,City,1,1.05999994,N,,,,(UNK),58192,(N/A),(UNK),No Defects,1,1,Minor Collector,6,3794,X003044117,Not Toll,73,3,4,Four Way,14,2946798.18810843,1905189.3877104,41.87271876,-87.7792715,,Urban,1,N,(N/A),Y,(N/A)
2023,2023-05-17,Wednesday,17,05:19 PM,Property Damage,No Injuries,0,0,0,0,0,2,Turning,10,N,N,Failing to Yield Right of Way,Improper Turning/No Signal,Daylight,Clear,Dry,N,,,,,Traffic Signal,Functioning Properly,N,2,41.8882703,-87.7846936,ok,(UNK),1,2302941,2023,,2,6,50000 and OVER,9,4295,Oak Park,C,Urban Major Collector,,16,17,12184518,5,Cook,0,23,,,3,N,No,Slow,202301151554,City,1,0.93000001,N,,,,(UNK),58461,(N/A),(UNK),No Defects,1,1,Major Collector,5,2783,X003020689,Not Toll,73,3,4,"Divided, No Median Barrier",2,2945165.63469826,1910812.77907135,41.88826242,-87.78468785,,Urban,1,N,(N/A),Y,(N/A)
2023,2023-05-12,Friday,17,05:20 PM,Injury,A Injury Crash,1,0,1,0,0,1,Angle,15,N,N,Failing to Yield Right of Way,Unable to Determine,Daylight,Rain,Wet,Y,,,,,No Controls,No Controls,N,2,41.879868,-87.7844362,ok,(UNK),1,2302829,2023,,2,18,50000 and OVER,9,4295,Oak Park,C,Urban Minor Arterial,,16,12,12180679,5,Cook,3,23,,,5,N,No,(UNK),202301147876,City,1,4.11000013,N,,,,(UNK),58778,(N/A),(UNK),No Defects,1,2,Minor Arterial,4,1419,X003017160,Not Toll,73,1,1,"Divided, No Median Barrier",2,2945320.78859654,1907752.7888954,41.87986018,-87.78443038,,Urban,2,N,(N/A),Y,(N/A)
2023,2023-04-26,Wednesday,17,05:25 PM,Property Damage,No Injuries,0,0,0,0,0,2,Front to Rear,11,N,N,Failing to Reduce Speed to Avoid Crash,Driving Skills/Knowledge/Experience,Daylight,Clear,Dry,N,,,,,Other Regualtory Sig,Functioning Properly,N,2,41.8712599,-87.774848,ok,Partial Access Control,3,03-23-07344,2023,,28,15,50000 and OVER,9,4295,Oak Park,C,Urban InterState,,16,26,12160047,4,Cook,0,23,,,3,N,No,(UNK),202301128843,ISP,1,9.18000031,Y,,,,(UNK),59278,(N/A),(UNK),No Defects,1,1,InterState,1,290,X002998933,Not Toll,73,10,4,Divided With Median Barrier,3,2948019.5,1904688.5,41.87125207,-87.7748422,,Urban,1,N,(N/A),Y,(N/A)
2023,2023-04-26,Wednesday,14,02:48 PM,Property Damage,No Injuries,0,0,0,0,0,3,Front to Rear,11,N,N,Following Too Closely,Failing to Reduce Speed to Avoid Crash,Daylight,Clear,Dry,N,,,,,No Controls,No Controls,N,3,41.8737816,-87.8045295,ok,Partial Access Control,3,03-23-07338,2023,,3,28,50000 and OVER,9,4295,Oak Park,C,Urban Other Principal Arte,,16,26,12158313,4,Cook,0,23,,,3,N,No,(UNK),202301127064,ISP,1,20.07999992,Y,,,,(UNK),59372,(N/A),(UNK),No Defects,1,1,Other Principal Arterial,3,348,X002997446,Not Toll,73,1,1,Divided With Median Barrier,3,2939909.65733857,1905383.46025031,41.87377377,-87.80452367,,Urban,1,N,(N/A),Y,(N/A)
2023,2023-04-26,Wednesday,20,08:17 PM,Property Damage,No Injuries,0,0,0,0,0,2,Front to Rear,11,N,N,Following Too Closely,Unable to Determine,Darkness / Lighted Road,Clear,Dry,N,,,,,No Controls,No Controls,N,2,41.8850708,-87.8049028,ok,(UNK),1,23- 01200,2023,,3,18,50000 and OVER,9,4295,Oak Park,C,Urban Other Principal Arte,,16,26,12158139,4,Cook,0,23,,,3,N,No,Free Flow,202301126904,City,5,19.29999924,Y,,,,(UNK),59426,(N/A),(UNK),No Defects,1,1,Other Principal Arterial,3,348,X002997283,Not Toll,73,1,1,"Divided, No Median Barrier",2,2939694.70273568,1909494.64195187,41.88506295,-87.80489701,,Urban,1,N,(N/A),Y,(N/A)
2023,2023-04-26,Wednesday,12,12:55 PM,Property Damage,No Injuries,0,0,0,0,0,2,Front to Rear,11,N,N,Following Too Closely,Failing to Reduce Speed to Avoid Crash,Daylight,Clear,Dry,N,,,,,No Controls,No Controls,Y,2,41.8735077,-87.8045173,ok,Partial Access Control,3,03-23-07334,2023,,3,28,50000 and OVER,9,4295,Oak Park,C,Urban InterState,,16,26,12158312,4,Cook,0,23,,,3,N,No,(UNK),202301127063,ISP,1,7.69999981,Y,,,,(UNK),59769,(N/A),(UNK),No Defects,1,1,InterState,1,290,X002997445,Not Toll,73,1,1,Divided With Median Barrier,3,2939915.72883395,1905283.7339178,41.87349986,-87.80451147,,Urban,1,N,(N/A),Y,(N/A)
2023,2023-05-26,Friday,18,06:43 PM,Property Damage,No Injuries,0,0,0,0,0,9,Front to Rear,11,N,N,Unable to Determine,Unable to Determine,Daylight,Clear,Dry,N,,,,,No Controls,No Controls,Y,4,41.8798605,-87.7857198,ok,(UNK),1,2303155,2023,,18,18,50000 and OVER,9,4295,Oak Park,C,Urban Minor Arterial,,16,26,12198263,5,Cook,0,23,,,5,N,No,Stopped,202301165750,City,1,4.05000019,N,,,,(UNK),59985,(N/A),(UNK),No Defects,1,1,Minor Arterial,4,1419,X003033337,Not Toll,73,1,1,"Divided, No Median Barrier",2,2944971.27239909,1907740.34016832,41.87985265,-87.78571404,,Urban,1,N,(N/A),Y,(N/A)
2023,2023-06-07,Wednesday,18,06:34 PM,Property Damage,No Injuries,0,0,0,0,0,2,Rear to Front,18,N,N,Improper Backing,Failing to Reduce Speed to Avoid Crash,Daylight,Clear,Dry,N,,,,,Stop Sign,Functioning Properly,Y,2,41.9071938,-87.794958,ok,(UNK),1,2303441,2023,,30,28,50000 and OVER,9,4295,Oak Park,C,Urban Major Collector,,16,7,12210450,6,Cook,0,23,,,3,N,No,Free Flow,202301177085,City,1,0,N,,,,(UNK),60176,(N/A),(UNK),No Defects,1,1,Major Collector,5,,X003044165,Not Toll,73,2,4,Not Divided,1,2942179.8741526,1917631.42467317,41.90718598,-87.79495218,,Urban,1,N,(N/A),Y,(N/A)
2023,2023-05-20,Saturday,22,10:55 PM,Property Damage,No Injuries,0,0,0,0,0,3,Front to Rear,11,N,N,Following Too Closely,Failing to Reduce Speed to Avoid Crash,Darkness / Lighted Road,Clear,Dry,N,,,,,No Controls,No Controls,N,2,41.8729275,-87.7986359,ok,Partial Access Control,3,03-23-08946,2023,,3,28,50000 and OVER,9,4295,Oak Park,C,Urban InterState,,16,20,12187508,5,Cook,0,23,,,6,N,No,(UNK),202301154627,ISP,5,7.96999979,Y,,,,(UNK),60410,(N/A),(UNK),No Defects,1,1,InterState,1,290,X003023371,Not Toll,,1,1,Not Divided,1,2941523.44402863,1905116.44128231,41.87291961,-87.79863015,,Urban,1,N,(N/A),Y,(N/A)
2023,2023-05-10,Wednesday,10,10:15 AM,Property Damage,No Injuries,0,0,0,0,0,2,Front to Rear,11,N,N,Following Too Closely,Failing to Reduce Speed to Avoid Crash,Daylight,Clear,Dry,N,,,,,Delineators,Functioning Properly,Y,2,41.8715219,-87.7789942,ok,Partial Access Control,3,03-23-08229,2023,,3,28,50000 and OVER,9,4295,Oak Park,C,Urban InterState,,16,10,12178995,5,Cook,0,23,,,3,N,No,(UNK),202301146568,ISP,1,8.97000027,Y,,,,(UNK),60497,(N/A),(UNK),No Defects,1,1,InterState,1,290,X003015863,Not Toll,73,14,4,Divided With Median Barrier,3,2946887.5,1904752.5,41.87151401,-87.77898846,,Urban,1,N,(N/A),Y,(N/A)
2023,2023-04-20,Thursday,16,04:09 PM,Property Damage,No Injuries,0,0,0,0,0,4,Front to Rear,11,N,N,Following Too Closely,Driving Skills/Knowledge/Experience,Daylight,Clear,Dry,N,,,,,Traffic Signal,Functioning Properly,N,2,41.8776235,-87.8046495,ok,(UNK),1,23-01126,2023,,3,15,50000 and OVER,9,4295,Oak Park,C,Urban Other Principal Arte,,16,20,12151282,4,Cook,0,23,,,4,N,No,Stopped,202301119648,City,1,19.80999947,Y,,,,(UNK),60583,(N/A),(UNK),No Defects,1,1,Other Principal Arterial,3,348,X002991115,Not Toll,73,3,4,"Divided, No Median Barrier",2,2939838.43088028,1906782.61146677,41.87761565,-87.80464365,,Urban,1,N,(N/A),Y,(N/A)
2023,2023-04-24,Monday,22,10:33 PM,Property Damage,No Injuries,0,0,0,0,0,4,Fixed Object,6,N,N,Failing to Reduce Speed to Avoid Crash,(N/A),Darkness / Lighted Road,Clear,Dry,N,,,,,Other,Functioning Properly,N,1,,,missing,(UNK),1,2302418,2023,,28,99,50000 and OVER,9,4295,Oak Park,C,(UNK),8,16,24,12156375,4,Cook,0,23,UTILITY POLE,,1,N,No,Free Flow,202301124802,City,5,0,N,,,,(UNK),60720,(N/A),(UNK),No Defects,1,1,(UNK),0,0,X002995616,No Toll,,13,4,Alley,12,0,0,,,,(UNK),1,N,(N/A),Y,(N/A)
2023,2023-04-27,Thursday,8,08:06 AM,Injury,A Injury Crash,1,0,1,0,0,3,Pedalcyclist,2,N,Y,Failing to Yield Right of Way,Driving Skills/Knowledge/Experience,Daylight,Clear,Dry,N,,,,,Stop Sign,Functioning Properly,N,1,41.8763398,-87.7794566,ok,(UNK),1,2302461,2023,,2,15,50000 and OVER,9,4295,Oak Park,C,Urban Minor Collector,,16,27,12160004,4,Cook,3,23,BICYCLE,,4,N,No,Free Flow,202301128796,City,1,0.81,N,,,,(UNK),60737,(N/A),(UNK),No Defects,1,1,Minor Collector,6,3794,X002998892,Not Toll,73,2,4,"Divided, No Median Barrier",2,2946712.70314629,1906504.74518544,41.87633196,-87.77945083,,Urban,1,N,(N/A),Y,(N/A)
2023,2023-04-25,Tuesday,20,08:40 PM,Property Damage,No Injuries,0,0,0,0,0,2,Sideswipe Same Direction,12,N,N,Improper Overtaking/Passing,Improper Lane Usage,Darkness / Lighted Road,Clear,Dry,N,,,,,Other Regualtory Sig,Functioning Properly,N,2,41.8735836,-87.8035613,ok,Partial Access Control,3,03-23-07304,2023,,4,20,50000 and OVER,9,4295,Oak Park,C,Urban InterState,,16,25,12160043,4,Cook,0,23,,,2,N,No,(UNK),202301128839,ISP,5,0.2,Y,,,,(UNK),60979,(N/A),(UNK),No Defects,1,1,InterState,1,290,X002998929,Not Toll,73,10,4,Divided With Median Barrier,3,2940175.34457818,1905318.55853858,41.87357575,-87.80355549,,Urban,1,N,(N/A),Y,(N/A)
2023,2023-06-05,Monday,11,11:47 AM,Injury,B Injury Crash,1,0,0,1,0,5,Turning,10,N,N,Disregarding Traffic Signals,Failing to Reduce Speed to Avoid Crash,Daylight,Clear,Dry,Y,,,,,Traffic Signal,Functioning Properly,N,3,41.8905578,-87.8051158,ok,(UNK),1,2303373,2023,,25,28,50000 and OVER,9,4295,Oak Park,C,Urban Other Principal Arte,,16,5,12207715,6,Cook,2,23,,,1,N,Yes,Free Flow,202301174770,City,1,18.92000008,Y,,,,(UNK),62035,(N/A),(UNK),No Defects,1,1,Other Principal Arterial,3,348,X003041862,Not Toll,73,3,4,Two-way Continuous Left-Tur,4,2939581.64245117,1911492.62558059,41.89055,-87.80511,,Urban,1,N,(N/A),Y,(N/A)
2023,2023-05-19,Friday,5,05:35 AM,Property Damage,No Injuries,0,0,0,0,0,2,Sideswipe Same Direction,12,N,N,Improper Lane Usage,Failing to Reduce Speed to Avoid Crash,Dawn,Clear,Dry,N,,,,,Delineators,Functioning Properly,Y,2,41.8712337,-87.7744696,ok,Partial Access Control,3,03-23-08824,2023,,20,28,50000 and OVER,9,4295,Oak Park,C,Urban InterState,,16,19,12190067,5,Cook,0,23,,,5,N,No,(UNK),202301157211,ISP,2,9.19999981,Y,,,,(UNK),62140,(N/A),(UNK),No Defects,1,1,InterState,1,290,X003025748,Not Toll,73,14,4,Divided With Median Barrier,3,2948122.84346103,1904681.82959049,41.87122588,-87.77446377,,Urban,1,N,(N/A),Y,(N/A)
2023,2023-05-23,Tuesday,14,02:56 PM,Property Damage,No Injuries,0,0,0,0,0,2,Front to Rear,11,N,N,Failing to Reduce Speed to Avoid Crash,(N/A),Daylight,Clear,Dry,Y,,,,,Traffic Signal,Functioning Properly,N,2,41.8719006,-87.7939823,ok,(UNK),1,2303060,2023,,28,99,50000 and OVER,9,4295,Oak Park,C,Urban Major Collector,,16,23,12191943,5,Cook,0,23,,,2,N,No,Stopped,202301159416,City,1,6.69999981,N,,,,(UNK),62460,(N/A),(UNK),No Defects,1,1,Major Collector,5,2775,X003027496,Not Toll,73,3,4,Not Divided,1,2942801.30454536,1904777.24516865,41.87189272,-87.7939765,,Urban,1,N,(N/A),Y,(N/A)
2023,2023-04-28,Friday,16,04:32 PM,Injury,B Injury Crash,1,0,0,1,0,2,Front to Rear,11,N,N,Failing to Reduce Speed to Avoid Crash,Following Too Closely,Daylight,Clear,Dry,Y,,,,,No Controls,No Controls,N,3,41.8801059,-87.7779379,ok,(UNK),1,2302501,2023,,28,3,50000 and OVER,9,4295,Oak Park,C,Urban Minor Arterial,,16,28,12163094,4,Cook,2,23,,,5,N,No,(UNK),202301132026,City,1,4.46000004,N,,,,(UNK),63493,(N/A),(UNK),No Defects,1,1,Minor Arterial,4,1419,X003001739,Not Toll,73,1,1,"Divided, No Median Barrier",2,2947088.12648459,1907888.70529736,41.88009809,-87.77793207,,Urban,1,N,(N/A),Y,(N/A)
2023,2023-04-22,Saturday,18,06:34 PM,Injury,B Injury Crash,1,0,0,1,0,1,Angle,15,N,N,Failing to Yield Right of Way,Driving Skills/Knowledge/Experience,Daylight,Cloudy/Overcast,Dry,Y,,,,,Stop Sign,Functioning Properly,N,2,41.8998348,-87.7883139,ok,(UNK),1,2302368,2023,,2,15,50000 and OVER,9,4295,Oak Park,C,Urban Local Road or Street,,16,22,12158600,4,Cook,2,23,,,6,N,No,Free Flow,202301127397,City,1,0,N,,,,(UNK),63638,(N/A),(UNK),No Defects,1,1,Local Road or Street,7,,X002997726,Not Toll,73,2,4,Not Divided,1,2944062.93108761,1914999.7669615,41.89982698,-87.78830814,,Urban,8,N,(N/A),Y,(N/A)
2023,2023-04-29,Saturday,2,02:12 AM,Property Damage,No Injuries,0,0,0,0,0,1,Parked Motor Vehicle,9,N,N,Failing to Reduce Speed to Avoid Crash,Driving On Wrong Side/Wrong Way,Darkness / Lighted Road,Clear,Dry,N,,,,,No Controls,No Controls,Y,3,41.8671263,-87.79383,ok,(UNK),1,2302508,2023,,28,5,50000 and OVER,9,4295,Oak Park,C,Urban Major Collector,,16,29,12163120,4,Cook,0,23,,,6,N,Yes,Free Flow,202301132054,City,5,7.03000021,N,,,,(UNK),63756,(N/A),(UNK),No Defects,1,1,Major Collector,5,2775,X003001764,Not Toll,73,1,1,"Divided, No Median Barrier",2,2942890.9111695,1903038.58207898,41.8671185,-87.79382418,,Urban,1,N,(N/A),Y,(N/A)
2023,2023-04-28,Friday,9,09:02 AM,Property Damage,No Injuries,0,0,0,0,0,3,Turning,10,N,N,Improper Turning/No Signal,Driving Skills/Knowledge/Experience,Daylight,Clear,Dry,N,,,,,No Controls,No Controls,N,2,41.880018,-87.7838504,ok,(UNK),1,2302485,2023,,6,15,50000 and OVER,9,4295,Oak Park,C,Urban Minor Arterial,,16,28,12163091,4,Cook,0,23,,,5,N,No,Slow,202301132017,City,1,0,N,,,,(UNK),63784,(N/A),(UNK),No Defects,1,1,Minor Arterial,4,,X003001736,Not Toll,73,1,1,"Divided, No Median Barrier",2,2945478.79218787,1907811.88186376,41.88001017,-87.78384464,,Urban,1,N,(N/A),Y,(N/A)
2023,2023-04-29,Saturday,13,01:47 PM,Property Damage,No Injuries,0,0,0,0,0,2,Angle,15,N,N,Failing to Yield Right of Way,Failing to Reduce Speed to Avoid Crash,Daylight,Cloudy/Overcast,Wet,Y,,,,,Stop Sign,Functioning Properly,N,2,41.8915478,-87.7945958,ok,(UNK),1,2302515,2023,,2,28,50000 and OVER,9,4295,Oak Park,C,Urban Major Collector,,16,29,12163132,4,Cook,0,23,,,6,N,No,Free Flow,202301132065,City,1,5.32000017,N,,,,(UNK),63912,(N/A),(UNK),No Defects,1,2,Major Collector,5,2775,X003001775,Not Toll,73,2,4,Not Divided,1,2942436.20039034,1911932.45573768,41.89154,-87.79459,,Urban,8,N,(N/A),Y,(N/A)
2023,2023-06-11,Sunday,21,09:21 PM,Property Damage,No Injuries,0,0,0,0,0,1,Fixed Object,6,N,N,Improper Lane Usage,Failing to Reduce Speed to Avoid Crash,Darkness,Clear,Dry,Y,,,,,No Controls,No Controls,N,1,41.8726482,-87.7927658,ok,(UNK),1,2303532,2023,,20,28,50000 and OVER,9,4295,Oak Park,C,Urban Local Road or Street,,16,11,12214953,6,Cook,0,23,NO PARKING SIGN,,7,N,No,(UNK),202301181284,City,4,0.06,N,,,,(UNK),64110,(N/A),(UNK),No Defects,1,1,Local Road or Street,7,290,X003048269,Not Toll,73,1,1,Not Divided,1,2943125.10373767,1905058.87854982,41.87264039,-87.79276002,,Urban,1,N,(N/A),Y,(N/A)
2023,2023-06-17,Saturday,1,01:00 AM,Property Damage,No Injuries,0,0,0,0,0,1,Parked Motor Vehicle,9,N,N,Failing to Reduce Speed to Avoid Crash,Driving Skills/Knowledge/Experience,Darkness / Lighted Road,Clear,Dry,N,,,,,No Controls,No Controls,N,2,41.8997147,-87.8053552,ok,(UNK),1,2303703,2023,,28,15,50000 and OVER,9,4295,Oak Park,C,Urban Local Road or Street,,16,17,12225204,6,Cook,0,23,,,6,N,No,Free Flow,202301190296,City,5,0,N,,,,(UNK),65016,(N/A),(UNK),No Defects,1,1,Local Road or Street,7,,X003057112,Not Toll,73,1,1,Not Divided,1,2939424.57048164,1914827.75455435,41.89970684,-87.80534939,,Urban,1,N,(N/A),Y,(N/A)
2023,2023-06-17,Saturday,18,06:43 PM,Property Damage,No Injuries,0,0,0,0,0,2,Sideswipe Opposite Direction,13,N,N,Unable to Determine,Driving Skills/Knowledge/Experience,Daylight,Clear,Dry,Y,,,,,Traffic Signal,Functioning Properly,N,2,41.8707241,-87.7890474,ok,(UNK),1,2303683,2023,,18,15,50000 and OVER,9,4295,Oak Park,C,Urban Minor Collector,,16,17,12225135,6,Cook,0,23,,,6,N,No,Slow,202301190263,City,1,1.24000001,N,,,,(UNK),65112,(N/A),(UNK),No Defects,1,1,Minor Collector,6,2779,X003057084,Not Toll,73,3,4,Not Divided,1,2944157.31034955,1904385.72949491,41.87071624,-87.78904165,,Urban,1,N,(N/A),Y,(N/A)
2023,2023-06-19,Monday,22,10:41 PM,Property Damage,No Injuries,0,0,0,0,0,1,Parked Motor Vehicle,9,N,N,Driving Skills/Knowledge/Experience,Unable to Determine,Darkness / Lighted Road,Clear,Dry,Y,,,,,No Controls,No Controls,N,3,41.8816708,-87.7877674,ok,(UNK),1,2303729,2023,,15,18,50000 and OVER,9,4295,Oak Park,C,Urban Major Collector,,16,19,12225327,6,Cook,0,23,,,1,N,No,Slow,202301190420,City,5,0.87,N,,,,(UNK),65289,(N/A),(UNK),No Defects,1,1,Major Collector,5,5,X003057225,Not Toll,73,1,1,Not Divided,1,2944395.34841606,1908384.58976097,41.88166299,-87.78776158,,Urban,1,N,(N/A),Y,(N/A)
2023,2023-01-17,Tuesday,9,09:08 AM,Property Damage,No Injuries,0,0,0,0,0,1,Parked Motor Vehicle,9,N,N,Failing to Reduce Speed to Avoid Crash,(N/A),Unknown,Clear,Unknown,N,,,,,No Controls,No Controls,Y,2,41.8825829,-87.8024085,ok,(UNK),1,2300313,2023,,28,99,50000 and OVER,9,4295,Oak Park,C,Urban Local Road or Street,,16,17,12043724,1,Cook,0,23,,,2,N,No,Free Flow,202301022447,City,9,0,N,,,,(UNK),65496,(N/A),(UNK),No Defects,1,9,Local Road or Street,7,,X002897227,Not Toll,73,1,1,Not Divided,1,2940398.92800403,1908606.70786168,41.88257502,-87.80240274,,Urban,1,N,(N/A),Y,(N/A)
2023,2023-06-14,Wednesday,18,06:34 PM,Property Damage,No Injuries,0,0,0,0,0,1,Parked Motor Vehicle,9,N,N,Unable to Determine,(N/A),Daylight,Clear,Dry,N,,,,,No Controls,No Controls,N,2,41.8726375,-87.7836774,ok,(UNK),1,2303590,2023,,18,99,50000 and OVER,9,4295,Oak Park,C,Urban Local Road or Street,,16,14,12225381,6,Cook,0,23,,,3,N,No,Free Flow,202301190474,City,1,0,N,,,,(UNK),65781,(N/A),(UNK),No Defects,1,1,Local Road or Street,7,,X003057276,Not Toll,73,1,1,Not Divided,1,2945600.6299582,1905123.58939349,41.87262964,-87.78367161,,Urban,1,N,(N/A),Y,(N/A)