crash_year,crash_date,day_of_week,crash_hour,time_of_crash,crash_severity,crash_injury_severity,total_injured,total_fatals,a_injuries,b_injuries,c_injuries,no_injuries,type_of_first_crash,collision_type_code,pedestrian_involved,pedalcyclist_involved,cause1,cause2,lighting_cond,weather_cond,road_surface_cond,intersection_related,is_intersection,highway_or_street_name,at_intersection_with,address_no,traffic_control_device,traffic_control_device_cond,hit_and_run,number_of_vehicles,latitude,longitude,location_status,access_control,agency_code,agency_report_number,agency_report_year,alignment_code,cause1_code,cause2_code,city_class,city_class_code,city_code,city_name,city_township_flag,class_of_trafficway,class_of_trafficway_code,county_code,crash_day,crash_id,crash_month,crash_report_county,crash_severity_cd,crash_yr_source,damaged_property1,damaged_property2,day_of_week_code,did_crash_occur_in_work_zone,did_involve_secondary_crash,flow_condition,icn,investigating_agency_descrip,light_condition_code,mile_station,nhs,non_intersection_direction,non_intersection_distance,non_intersection_units,number_of_lanes,objectid,railroad_crossing_number,road_alignment,road_defects,road_defects_code,road_surface_condition_code,roadway_functional_class,roadway_functional_class_code,route_number,sfe,toll,township,traffic_control_device_code,traffic_control_device_cond_code,trafficway_descrip,trafficway_description_code,ts_crash_coordinate_x,ts_crash_coordinate_y,ts_crash_latitude,ts_crash_longitude,type_report,urban_rural,weather_code,were_workers_present,work_zone,work_zone_related,work_zone_type
2023,2023-06-22,Thursday,17,05:37 PM,Property Damage,No Injuries,0,0,0,0,0,2,Turning,10,N,N,Improper Turning/No Signal,Driving Skills/Knowledge/Experience,Daylight,Clear,Dry,N,,,,,No Controls,No Controls,N,2,41.8798796,-87.7838381,ok,(UNK),1,2303796,2023,,6,15,50000 and OVER,9,4295,Oak Park,C,Urban Minor Arterial,,16,22,12229061,6,Cook,0,23,,,4,N,No,Free Flow,202301193796,City,1,4.13999987,N,,,,(UNK),65880,(N/A),(UNK),No Defects,1,1,Minor Arterial,4,1419,X003060465,Not Toll,73,1,1,Not Divided,1,2945483.54968786,1907761.52788317,41.87987174,-87.78383231,,Urban,1,N,(N/A),Y,(N/A)
2023,2023-06-13,Tuesday,16,04:44 PM,Property Damage,No Injuries,0,0,0,0,0,2,Angle,15,N,N,Failing to Yield Right of Way,Disregarding Stop Sign,Daylight,Rain,Wet,Y,,,,,Stop Sign,Functioning Properly,N,2,41.9056314,-87.7901088,ok,(UNK),1,2303565,2023,,2,23,50000 and OVER,9,4295,Oak Park,C,Urban Local Road or Street,,16,13,12218946,6,Cook,0,23,LIGHT POLE,,2,N,Yes,Free Flow,202301184972,City,1,0,N,,,,(UNK),65905,(N/A),(UNK),No Defects,1,2,Local Road or Street,7,,X003051919,Not Toll,73,2,4,Not Divided,1,2943515.71120978,1917098.6196101,41.9056236,-87.79010303,,Urban,2,N,(N/A),Y,(N/A)
2023,2023-06-14,Wednesday,9,09:55 AM,Property Damage,No Injuries,0,0,0,0,0,1,Parked Motor Vehicle,9,N,N,Failing to Reduce Speed to Avoid Crash,(N/A),Unknown,Unknown,Unknown,N,,,,,No Controls,No Controls,Y,2,41.8853579,-87.7757907,ok,(UNK),1,2303576,2023,,28,99,50000 and OVER,9,4295,Oak Park,C,Urban Local Road or Street,,16,14,12218975,6,Cook,0,23,,,3,N,No,(UNK),202301185001,City,9,0,N,,,,(UNK),66202,(N/A),(UNK),No Defects,1,9,Local Road or Street,7,,X003051946,Not Toll,73,1,1,"Divided, No Median Barrier",2,2947619.54660618,1909818.93197752,41.8853501,-87.77578486,,Urban,9,N,(N/A),Y,(N/A)
2023,2023-09-21,Thursday,23,11:45 PM,Property Damage,No Injuries,0,0,0,0,0,2,Angle,15,N,N,Disregarding Stop Sign,Failing to Yield Right of Way,Darkness / Lighted Road,Freezing Rain or,Wet,Y,,,,,Stop Sign,Functioning Properly,Y,2,41.8706377,-87.7939395,ok,(UNK),1,2305968,2023,,23,2,50000 and OVER,9,4295,Oak Park,C,Urban Major Collector,,16,21,12343752,9,Cook,0,23,,,4,N,No,Free Flow,202301303522,City,5,6.78999996,N,,,,(UNK),66318,(N/A),(UNK),No Defects,1,2,Major Collector,5,2775,X003162667,Not Toll,73,2,4,Not Divided,1,2942825.70194985,1904317.35778731,41.87062985,-87.79393366,,Urban,10,N,(N/A),Y,(N/A)
2023,2023-09-22,Friday,7,07:55 AM,Property Damage,No Injuries,0,0,0,0,0,1,Parked Motor Vehicle,9,N,N,Failing to Reduce Speed to Avoid Crash,Unable to Determine,Daylight,Clear,Dry,N,,,,,No Controls,No Controls,N,3,41.8980642,-87.7944119,ok,(UNK),1,2305974,2023,,28,18,50000 and OVER,9,4295,Oak Park,C,Urban Local Road or Street,,16,22,12343803,9,Cook,0,23,,,5,N,No,Free Flow,202301303570,City,1,0,N,,,,(UNK),66342,(N/A),(UNK),No Defects,1,1,Local Road or Street,7,,X003162712,Not Toll,73,1,1,Not Divided,1,2942420.58850244,1914308.52613805,41.89805636,-87.79440608,,Urban,1,N,(N/A),Y,(N/A)
2023,2023-03-22,Wednesday,1,01:44 AM,Injury,B Injury Crash,1,0,0,1,0,1,Front to Rear,11,N,N,Under Influence of Alcohol/Drugs,Under Influence of Alcohol/Drugs,Darkness / Lighted Road,Clear,Dry,Y,,,,,Traffic Signal,Functioning Properly,N,2,41.887107,-87.8049778,ok,(UNK),1,2300343,2023,,8,8,50000 and OVER,9,4295,Oak Park,C,Urban Other Principal Arte,,16,22,12122420,3,Cook,2,23,,,3,N,No,Free Flow,202301093931,City,5,19.15999985,Y,,,,(UNK),66819,(N/A),(UNK),No Defects,1,1,Other Principal Arterial,3,348,X002965986,Not Toll,73,3,4,"Divided, No Median Barrier",2,2939653.84539076,1910236.11464217,41.88709917,-87.80497201,,Urban,1,N,(N/A),Y,(N/A)
2023,2023-03-17,Friday,15,03:55 PM,Injury,B Injury Crash,1,0,0,1,0,6,Front to Rear,11,N,N,Failing to Reduce Speed to Avoid Crash,Unable to Determine,Daylight,Clear,Dry,N,,,,,Traffic Signal,Functioning Properly,Y,6,41.9084825,-87.7949669,ok,(UNK),1,2301526,2023,,28,18,50000 and OVER,9,4295,Oak Park,C,Urban Major Collector,,16,17,12116267,3,Cook,2,23,FENCE,,5,N,Yes,Slow,202301088515,City,1,4.1500001,N,,,,(UNK),66900,(N/A),(UNK),No Defects,1,1,Major Collector,5,2775,X002960611,Not Toll,73,3,4,Not Divided,1,2942164.45398105,1918100.98046981,41.90847466,-87.7949611,,Urban,1,N,(N/A),Y,(N/A)
2023,2023-06-01,Thursday,22,10:40 PM,Property Damage,No Injuries,0,0,0,0,0,1,Parked Motor Vehicle,9,N,N,Under Influence of Alcohol/Drugs,Failing to Reduce Speed to Avoid Crash,Darkness / Lighted Road,Clear,Dry,N,,,,,No Controls,No Controls,N,2,41.8722495,-87.8020089,ok,(UNK),1,2303293,2023,,8,28,50000 and OVER,9,4295,Oak Park,C,Urban Local Road or Street,,16,1,12202811,6,Cook,0,23,,,4,N,No,(UNK),202301170197,City,5,0,N,,,,(UNK),67116,(N/A),(UNK),No Defects,1,1,Local Road or Street,7,,X003037395,Not Toll,73,1,1,Not Divided,1,2940611.55864983,1904844.05936488,41.8722417,-87.80200312,,Urban,1,N,(N/A),Y,(N/A)
2023,2023-06-22,Thursday,15,03:35 PM,Property Damage,No Injuries,0,0,0,0,0,1,Parked Motor Vehicle,9,N,N,Improper Backing,Driving Skills/Knowledge/Experience,Daylight,Clear,Dry,N,,,,,No Controls,No Controls,N,2,41.8847937,-87.7944049,ok,(UNK),1,2303791,2023,,30,15,50000 and OVER,9,4295,Oak Park,C,Urban Major Collector,,16,22,12229060,6,Cook,0,23,,,4,N,No,Free Flow,202301193795,City,1,5.80000019,N,,,,(UNK),67220,(N/A),(UNK),No Defects,1,1,Major Collector,5,2775,X003060464,Not Toll,73,1,1,Parking Lot,7,2942556.25871889,1909472.54787317,41.88478583,-87.79439911,,Urban,1,N,(N/A),Y,(N/A)
2023,2023-06-14,Wednesday,21,09:13 PM,Property Damage,No Injuries,0,0,0,0,0,5,Angle,15,N,N,Unable to Determine,(N/A),Darkness / Lighted Road,Clear,Dry,Y,,,,,Stop Sign,Functioning Properly,N,2,41.9017886,-87.7899942,ok,(UNK),1,2303593,2023,,18,99,50000 and OVER,9,4295,Oak Park,C,Urban Major Collector,,16,14,12219011,6,Cook,0,23,,,3,N,No,(UNK),202301185035,City,5,1.78999996,N,,,,(UNK),67236,(N/A),(UNK),No Defects,1,1,Major Collector,5,1394,X003051980,Not Toll,73,2,4,Four Way,14,2943585.74694683,1915699.06797239,41.90178073,-87.78998836,,Urban,1,N,(N/A),Y,(N/A)
2023,2023-06-02,Friday,2,02:54 AM,Property Damage,No Injuries,0,0,0,0,0,1,Parked Motor Vehicle,9,N,N,Equipment-Vehicle Condition,Unable to Determine,Darkness / Lighted Road,Clear,Dry,N,,,,,No Controls,No Controls,N,2,41.9063064,-87.7901277,ok,(UNK),1,2303299,2023,,10,18,50000 and OVER,9,4295,Oak Park,C,Urban Local Road or Street,,16,2,12202836,6,Cook,0,23,,,5,N,No,Slow,202301170219,City,5,0,N,,,,(UNK),67267,(N/A),(UNK),No Defects,1,1,Local Road or Street,7,,X003037416,Not Toll,73,1,1,Not Divided,1,2943503.75829808,1917344.44752982,41.90629856,-87.79012189,,Urban,1,N,(N/A),Y,(N/A)
2023,2023-09-22,Friday,10,10:59 AM,Property Damage,No Injuries,0,0,0,0,0,2,Parked Motor Vehicle,9,N,N,Improper Lane Usage,(N/A),Daylight,Clear,Dry,N,,,,,No Controls,Functioning Properly,N,2,41.8886404,-87.7942391,ok,(UNK),1,2305980,2023,,20,99,50000 and OVER,9,4295,Oak Park,C,Urban Major Collector,,16,22,12343811,9,Cook,0,23,,,5,N,No,Free Flow,202301303577,City,1,0.37,N,,,,(UNK),67563,(N/A),(UNK),No Defects,1,1,Major Collector,5,1405,X003162717,Not Toll,73,1,4,Not Divided,1,2942562.62984805,1910875.60323188,41.88863252,-87.79423333,,Urban,1,N,(N/A),Y,(N/A)
2023,2023-09-22,Friday,15,03:54 PM,Property Damage,No Injuries,0,0,0,0,0,2,Front to Rear,11,N,N,Following Too Closely,Equipment-Vehicle Condition,Daylight,Clear,Dry,N,,,,,No Controls,No Controls,N,2,41.8842979,-87.8048807,ok,(UNK),1,23-02922,2023,,3,10,50000 and OVER,9,4295,Oak Park,C,Urban Other Principal Arte,,16,22,12342079,9,Cook,0,23,,,5,N,No,Slow,202301302156,City,1,19.36000061,Y,,,,(UNK),67849,(N/A),(UNK),No Defects,1,1,Other Principal Arterial,3,348,X003161307,Not Toll,73,1,1,"Divided, No Median Barrier",2,2939708.47446114,1909213.16614417,41.8842901,-87.80487492,,Urban,1,N,(N/A),Y,(N/A)
2023,2023-06-01,Thursday,23,11:20 PM,Property Damage,No Injuries,0,0,0,0,0,3,Sideswipe Same Direction,12,N,N,Improper Lane Usage,Failing to Reduce Speed to Avoid Crash,Darkness / Lighted Road,Clear,Dry,N,,,,,Stop Sign,Functioning Properly,N,2,41.8982408,-87.7833785,ok,(UNK),1,2303298,2023,,20,28,50000 and OVER,9,4295,Oak Park,C,Urban Local Road or Street,,16,1,12202831,6,Cook,0,23,,,4,N,No,(UNK),202301170216,City,5,0,N,,,,(UNK),68567,(N/A),(UNK),No Defects,1,1,Local Road or Street,7,,X003037413,Not Toll,73,2,4,"Divided, No Median Barrier",2,2945422.77326933,1914456.17295211,41.89823293,-87.78337271,,Urban,1,N,(N/A),Y,(N/A)
2023,2023-06-23,Friday,5,05:36 AM,Property Damage,No Injuries,0,0,0,0,0,6,Sideswipe Opposite Direction,13,N,N,Equipment-Vehicle Condition,(N/A),Daylight,Clear,Dry,N,,,,,No Controls,No Controls,N,2,41.8684364,-87.8043263,ok,(UNK),1,2303804,2023,,10,99,50000 and OVER,9,4295,Oak Park,C,Urban Other Principal Arte,,16,23,12229150,6,Cook,0,23,,,5,N,No,Free Flow,202301193890,City,1,20.45999908,Y,,,,(UNK),69010,(N/A),(UNK),No Defects,1,1,Other Principal Arterial,3,348,X003060551,Not Toll,73,1,1,"Divided, No Median Barrier",2,2940018.63192293,1903437.08818402,41.86842854,-87.8043205,,Urban,1,N,(N/A),Y,(N/A)
2023,2023-06-17,Saturday,2,02:30 AM,Property Damage,No Injuries,0,0,0,0,0,2,Front to Rear,11,N,N,Failing to Reduce Speed to Avoid Crash,Following Too Closely,Daylight,Clear,Dry,N,,,,,No Controls,No Controls,N,2,41.8729362,-87.7987285,ok,Partial Access Control,3,03-23-10881,2023,,28,3,50000 and OVER,9,4295,Oak Park,C,Urban InterState,,16,17,12224190,6,Cook,0,23,,,6,N,No,(UNK),202301189471,ISP,1,7.96999979,Y,,,,(UNK),69052,(N/A),(UNK),No Defects,1,1,InterState,1,290,X003056593,Not Toll,,1,1,Divided With Median Barrier,3,2941498.13508706,1905118.94711895,41.87292839,-87.79872274,,Urban,1,N,(N/A),Y,(N/A)
2023,2023-09-20,Wednesday,14,02:25 PM,Property Damage,No Injuries,0,0,0,0,0,3,Front to Rear,11,N,N,Failing to Reduce Speed to Avoid Crash,(N/A),Daylight,Clear,Dry,N,,,,,Delineators,Functioning Properly,N,3,41.8726666,-87.7943549,ok,Partial Access Control,3,03-23-17573,2023,,28,99,50000 and OVER,9,4295,Oak Park,C,Urban InterState,,16,20,12343932,9,Cook,0,23,,,3,N,No,(UNK),202301303697,ISP,1,8.17000008,Y,,,,(UNK),69442,(N/A),(UNK),No Defects,1,1,InterState,1,290,X003162834,Not Toll,73,14,4,Divided With Median Barrier,3,2942692.11184335,1905053.59387124,41.87265875,-87.79434905,,Urban,1,N,(N/A),Y,(N/A)
2023,2023-09-26,Tuesday,8,08:36 AM,Property Damage,No Injuries,0,0,0,0,0,2,Angle,15,N,N,Driving Skills/Knowledge/Experience,(N/A),Daylight,Rain,Wet,N,,,,,No Controls,No Controls,N,2,41.8985776,-87.8054079,ok,(UNK),1,2301222,2023,,15,99,50000 and OVER,9,4295,Oak Park,C,Urban Other Principal Arte,,16,26,12345976,9,Cook,0,23,,,2,N,No,Slow,202301305667,City,1,18.36000061,Y,,,,(UNK),69470,(N/A),(UNK),No Defects,1,2,Other Principal Arterial,3,348,X003164720,Not Toll,73,1,1,"Divided, No Median Barrier",2,2939421.63481782,1914412.98149044,41.89856975,-87.80540209,,Urban,2,N,(N/A),Y,(N/A)
2023,2023-03-05,Sunday,4,04:46 AM,Property Damage,No Injuries,0,0,0,0,0,1,Parked Motor Vehicle,9,N,N,Driving Skills/Knowledge/Experience,Unable to Determine,Darkness / Lighted Road,Clear,Dry,N,,,,,No Controls,No Controls,Y,2,41.8781121,-87.799812,ok,(UNK),1,2301280,2023,,15,18,50000 and OVER,9,4295,Oak Park,C,Urban Local Road or Street,,16,5,12100739,3,Cook,0,23,,,7,N,No,Slow,202301073831,City,5,0,N,,,,(UNK),69678,(N/A),(UNK),No Defects,1,1,Local Road or Street,7,,X002946575,Not Toll,73,1,1,Not Divided,1,2941150.98915691,1906996.97884352,41.87810425,-87.79980622,,Urban,1,N,(N/A),Y,(N/A)
2023,2023-03-03,Friday,14,02:30 PM,Property Damage,No Injuries,0,0,0,0,0,1,Other Object,7,N,N,(N/A),(N/A),Unknown,Unknown,Unknown,N,,,,,No Controls,No Controls,N,1,41.8885773,-87.792152,ok,(UNK),1,2301270,2023,,99,99,50000 and OVER,9,4295,Oak Park,C,Urban Major Collector,,16,3,12100703,3,Cook,0,23,YELLOW CEMENT POST,,5,N,No,(UNK),202301073789,City,9,0.47999999,N,,,,(UNK),69741,(N/A),(UNK),Unknown,99,9,Major Collector,5,1405,X002946540,Not Toll,73,1,1,Parking Lot,7,2943131.6022972,1910868.35624838,41.88856948,-87.79214618,,Urban,9,N,(N/A),N,(N/A)
2023,2023-01-10,Tuesday,9,09:38 AM,Property Damage,No Injuries,0,0,0,0,0,2,Sideswipe Same Direction,12,N,N,Improper Lane Usage,Driving Skills/Knowledge/Experience,Daylight,Clear,Dry,N,,,,,Other,Functioning Properly,N,2,41.8724919,-87.7939887,ok,Partial Access Control,3,03-23-00504,2023,,20,15,50000 and OVER,9,4295,Oak Park,C,Urban InterState,,16,10,12036225,1,Cook,0,23,,,2,N,No,(UNK),202301016425,ISP,1,8.18999958,Y,,,,(UNK),69765,(N/A),(UNK),No Defects,1,1,InterState,1,290,X002890711,Not Toll,73,13,4,Divided With Median Barrier,3,2942793.60400496,1904992.69803986,41.87248407,-87.79398289,,Urban,1,N,(N/A),Y,(N/A)
2023,2023-01-08,Sunday,21,09:15 PM,Property Damage,No Injuries,0,0,0,0,0,2,Front to Rear,11,N,N,Failing to Reduce Speed to Avoid Crash,Following Too Closely,Darkness / Lighted Road,Clear,Dry,N,,,,,Other Regualtory Sig,Functioning Properly,N,2,41.8722847,-87.7882097,ok,Partial Access Control,3,03-23-00420,2023,,28,3,50000 and OVER,9,4295,Oak Park,C,Urban InterState,,16,8,12034434,1,Cook,0,23,,,7,N,No,(UNK),202301015009,ISP,5,8.5,Y,,,,(UNK),70018,(N/A),(UNK),No Defects,1,1,InterState,1,290,X002889059,Not Toll,73,10,4,Divided With Median Barrier,3,2944369.74207398,1904960.76056803,41.87227683,-87.78820386,,Urban,1,N,(N/A),Y,(N/A)
2023,2023-06-19,Monday,1,01:05 AM,Injury,C Injury Crash,1,0,0,0,1,2,Sideswipe Same Direction,12,N,N,Disregarding Traffic Signals,Failing to Reduce Speed to Avoid Crash,Darkness / Lighted Road,Clear,Dry,Y,,,,,Traffic Signal,Functioning Properly,Y,3,41.8832478,-87.8048565,ok,(UNK),1,23-01810,2023,,25,28,50000 and OVER,9,4295,Oak Park,C,Urban Other Principal Arte,,16,19,12223023,6,Cook,1,23,,,1,N,Yes,Stopped,202301188449,City,5,19.43000031,Y,,,,(UNK),71034,(N/A),(UNK),No Defects,1,1,Other Principal Arterial,3,348,X003055478,Not Toll,73,3,4,Divided With Median Barrier,3,2939725.61106703,1908830.66749878,41.88323999,-87.80485068,,Urban,1,N,(N/A),Y,(N/A)
2023,2023-06-15,Thursday,12,12:55 PM,Injury,B Injury Crash,1,0,0,1,0,4,Angle,15,N,N,Failing to Yield Right of Way,(N/A),Daylight,Clear,Dry,N,,,,,Stop Sign,Functioning Properly,N,2,41.8922092,-87.8051673,ok,(UNK),1,2300745,2023,,2,99,50000 and OVER,9,4295,Oak Park,C,Urban Other Principal Arte,,16,15,12223069,6,Cook,2,23,,,4,N,No,Stopped,202301188483,City,1,18.80999947,Y,,,,(UNK),71680,(N/A),(UNK),No Defects,1,1,Other Principal Arterial,3,348,X003055525,Not Toll,73,2,4,"Divided, No Median Barrier",2,2939551.04630574,1912094.00576683,41.89220131,-87.80516151,,Urban,1,N,(N/A),Y,(N/A)
2023,2023-02-17,Friday,8,08:18 AM,Property Damage,No Injuries,0,0,0,0,0,2,Turning,10,N,N,Improper Lane Usage,Unable to Determine,Daylight,Clear,Snow or Slush,Y,,,,,Traffic Signal,Functioning Properly,N,2,41.8736413,-87.8045231,ok,Partial Access Control,1,23-00438,2023,,20,18,50000 and OVER,9,4295,Oak Park,C,Urban InterState,,16,17,12080480,2,Cook,0,23,,,5,N,No,Free Flow,202301054151,City,1,0.20999999,Y,,,,(UNK),72427,(N/A),(UNK),No Defects,1,3,InterState,1,290,X002928734,Not Toll,73,3,4,Divided With Median Barrier,3,2939912.7886495,1905332.37244622,41.87363345,-87.80451735,,Urban,1,N,(N/A),Y,(N/A)
2023,2023-02-11,Saturday,11,11:28 AM,Property Damage,No Injuries,0,0,0,0,0,2,Angle,15,N,N,Failing to Yield Right of Way,Failing to Reduce Speed to Avoid Crash,Daylight,Clear,Dry,Y,,,,,No Controls,No Controls,N,2,41.8854023,-87.8049138,ok,(UNK),1,23-00388,2023,,2,28,50000 and OVER,9,4295,Oak Park,C,Urban Other Principal Arte,,16,11,12073853,2,Cook,0,23,,,6,N,No,Slow,202301048055,City,1,19.28000069,Y,,,,(UNK),72451,(N/A),(UNK),No Defects,1,1,Other Principal Arterial,3,348,X002922869,Not Toll,73,1,1,Four Way,14,2939688.37928176,1909615.37211949,41.88539448,-87.80490801,,Urban,1,N,(N/A),Y,(N/A)
2023,2023-02-07,Tuesday,18,06:54 PM,Property Damage,No Injuries,0,0,0,0,0,2,Sideswipe Same Direction,12,N,N,Driving Skills/Knowledge/Experience,Failing to Reduce Speed to Avoid Crash,Darkness,Clear,Dry,N,,,,,No Controls,No Controls,N,2,41.8812675,-87.8047803,ok,(UNK),1,23-00351,2023,,15,28,50000 and OVER,9,4295,Oak Park,C,Urban Other Principal Arte,,16,7,12075804,2,Cook,0,23,,,2,N,No,Free Flow,202301049902,City,4,19.56999969,Y,,,,(UNK),72467,(N/A),(UNK),No Defects,1,1,Other Principal Arterial,3,348,X002924750,Not Toll,73,1,1,"Divided, No Median Barrier",2,2939766.24308431,1908109.56598119,41.88125964,-87.80477445,,Urban,1,N,(N/A),Y,(N/A)
2023,2023-02-02,Thursday,18,06:18 PM,Property Damage,No Injuries,0,0,0,0,0,2,Turning,10,N,N,Failing to Yield Right of Way,Vision Obscured,Darkness / Lighted Road,Clear,Dry,Y,,,,,Stop Sign,Functioning Properly,N,2,41.879608,-87.8038458,ok,(UNK),1,2300640,2023,,2,14,50000 and OVER,9,4295,Oak Park,C,Urban Minor Arterial,,16,2,12067400,2,Cook,0,23,,,4,N,No,Stopped,202301042552,City,5,3.1099999,N,,,,(UNK),72629,(N/A),(UNK),No Defects,1,1,Minor Arterial,4,1419,X002917470,Not Toll,73,2,4,"Divided, No Median Barrier",2,2940037.38226591,1907511.82745389,41.87960016,-87.80384001,,Urban,1,N,(N/A),Y,(N/A)
2023,2023-01-27,Friday,21,09:30 PM,Injury,B Injury Crash,3,0,0,3,0,4,Fixed Object,6,N,N,Improper Lane Usage,Improper Overtaking/Passing,Darkness / Lighted Road,Clear,Wet,N,,,,,Other,Functioning Properly,Y,5,41.8721998,-87.7904558,ok,Partial Access Control,3,03-23-01603,2023,,20,4,50000 and OVER,9,4295,Oak Park,C,Urban InterState,,16,27,12080426,1,Cook,2,23,,,5,N,No,(UNK),202301054099,ISP,5,8.38000011,Y,,,,(UNK),72667,(N/A),(UNK),No Defects,1,2,InterState,1,290,X002928676,Not Toll,,13,4,Divided With Median Barrier,3,2943758.81450158,1904912.88042251,41.87219196,-87.79044999,,Urban,1,N,(N/A),Y,(N/A)
2023,2023-02-16,Thursday,20,08:35 PM,Property Damage,No Injuries,0,0,0,0,0,1,Parked Motor Vehicle,9,N,N,Driving Skills/Knowledge/Experience,(N/A),Darkness / Lighted Road,Blowing Snow,Snow or Slush,N,,,,,No Controls,No Controls,Y,2,41.8937415,-87.7848488,ok,(UNK),1,2300959,2023,,15,99,50000 and OVER,9,4295,Oak Park,C,Urban Major Collector,,16,16,12080590,2,Cook,0,23,,,4,N,No,(UNK),202301054259,City,5,0.56,N,,,,(UNK),73110,(N/A),(UNK),No Defects,1,3,Major Collector,5,2783,X002928842,Not Toll,73,1,1,Not Divided,1,2945068.00647866,1912805.41403267,41.89373362,-87.78484302,,Urban,11,N,(N/A),Y,(N/A)
2023,2023-12-19,Tuesday,15,03:45 PM,Property Damage,No Injuries,0,0,0,0,0,2,Angle,15,N,N,Failing to Yield Right of Way,(N/A),Dusk,Clear,Dry,Y,,,,,Stop Sign,Functioning Properly,N,2,41.8946286,-87.7799858,ok,(UNK),1,2307977,2023,,2,99,50000 and OVER,9,4295,Oak Park,C,Urban Minor Arterial,,16,19,12457874,12,Cook,0,23,,,2,N,No,Free Flow,202301411395,City,3,1,N,,,,(UNK),73521,(N/A),(UNK),No Defects,1,1,Minor Arterial,4,3559,X003263613,Not Toll,73,2,4,"Divided, No Median Barrier",2,2946383.11374713,1913165.50359498,41.89462072,-87.77998002,,Urban,1,N,(N/A),Y,(N/A)
2023,2023-12-12,Tuesday,18,06:23 PM,Property Damage,No Injuries,0,0,0,0,0,2,Sideswipe Same Direction,12,N,N,Driving Skills/Knowledge/Experience,Unable to Determine,Darkness / Lighted Road,Clear,Dry,N,,,,,No Controls,No Controls,N,2,41.879159,-87.8047117,ok,(UNK),1,23-03820,2023,,15,18,50000 and OVER,9,4295,Oak Park,C,Urban Other Principal Arte,,16,12,12460775,12,Cook,0,23,,,2,N,No,Free Flow,202301414258,City,5,19.70999908,Y,,,,(UNK),73696,(N/A),(UNK),No Defects,1,1,Other Principal Arterial,3,348,X003266069,Not Toll,73,1,1,Not Divided,1,2939806.05932671,1907341.72403745,41.8791512,-87.80470594,,Urban,1,N,(N/A),Y,(N/A)
2023,2023-06-22,Thursday,6,06:40 AM,Injury,B Injury Crash,1,0,0,1,0,0,Overturned,5,N,N,Equipment-Vehicle Condition,Improper Lane Usage,Daylight,Clear,Dry,N,,,,,Other,Functioning Properly,N,1,41.8726362,-87.7939989,ok,Partial Access Control,3,03-23-11173,2023,,10,20,50000 and OVER,9,4295,Oak Park,C,Urban InterState,,16,22,12231062,6,Cook,2,23,,,4,N,No,(UNK),202301195811,ISP,1,8.18999958,Y,,,,(UNK),73977,(N/A),(UNK),No Defects,1,1,InterState,1,290,X003062387,Not Toll,73,13,4,Divided With Median Barrier,3,2942789.36721904,1905045.19195108,41.87262833,-87.79399311,,Urban,1,N,(N/A),Y,(N/A)
2023,2023-06-16,Friday,13,01:30 PM,Property Damage,No Injuries,0,0,0,0,0,2,Front to Rear,11,N,N,Following Too Closely,Driving Skills/Knowledge/Experience,Daylight,Clear,Dry,N,,,,,Traffic Signal,Functioning Properly,N,2,41.8793541,-87.804721,ok,(UNK),1,23-01789,2023,,3,15,50000 and OVER,9,4295,Oak Park,C,Urban Other Principal Arte,,16,16,12221245,6,Cook,0,23,,,5,N,No,Slow,202301186827,City,1,19.70000076,Y,,,,(UNK),74004,(N/A),(UNK),No Defects,1,1,Other Principal Arterial,3,348,X003053749,Not Toll,73,3,4,"Divided, No Median Barrier",2,2939801.58985299,1907412.73143751,41.87934624,-87.80471516,,Urban,1,N,(N/A),Y,(N/A)
2023,2023-06-07,Wednesday,0,00:26 AM,Injury,A Injury Crash,2,0,1,1,0,0,Fixed Object,6,N,N,Under Influence of Alcohol/Drugs,Failing to Reduce Speed to Avoid Crash,Darkness / Lighted Road,Clear,Dry,N,,,,,Other,Functioning Properly,N,1,41.8716697,-87.7841845,ok,Partial Access Control,3,03-23-10131,2023,,8,28,50000 and OVER,9,4295,Oak Park,C,Urban InterState,,16,7,12224378,6,Cook,3,23,,,3,N,No,(UNK),202301189648,ISP,5,8.71000004,Y,,,,(UNK),74021,(N/A),(UNK),No Defects,1,1,InterState,1,290,X003056752,Not Toll,73,13,4,Divided With Median Barrier,3,2945472.2981926,1904767.07200414,41.87166185,-87.78417873,,Urban,1,N,(N/A),Y,(N/A)
2023,2023-05-25,Thursday,15,03:46 PM,Injury,B Injury Crash,4,0,0,4,0,2,Angle,15,N,N,Failing to Yield Right of Way,Failing to Reduce Speed to Avoid Crash,Daylight,Clear,Dry,Y,,,,,Stop Sign,Functioning Properly,N,2,41.8916259,-87.7912222,ok,(UNK),1,2303112,2023,,2,28,50000 and OVER,9,4295,Oak Park,C,Urban Local Road or Street,,16,25,12227607,5,Cook,2,23,,,4,N,No,Free Flow,202301192599,City,1,0,N,,,,(UNK),74298,(N/A),(UNK),No Defects,1,1,Local Road or Street,7,,X003059369,Not Toll,73,2,4,Four Way,14,2943354.0058375,1911986.34000426,41.89161809,-87.79121642,,Urban,1,N,(N/A),Y,(N/A)