crash_year,crash_date,day_of_week,crash_hour,time_of_crash,crash_severity,crash_injury_severity,total_injured,total_fatals,a_injuries,b_injuries,c_injuries,no_injuries,type_of_first_crash,collision_type_code,pedestrian_involved,pedalcyclist_involved,cause1,cause2,lighting_cond,weather_cond,road_surface_cond,intersection_related,is_intersection,highway_or_street_name,at_intersection_with,address_no,traffic_control_device,traffic_control_device_cond,hit_and_run,number_of_vehicles,latitude,longitude,location_status,access_control,agency_code,agency_report_number,agency_report_year,alignment_code,cause1_code,cause2_code,city_class,city_class_code,city_code,city_name,city_township_flag,class_of_trafficway,class_of_trafficway_code,county_code,crash_day,crash_id,crash_month,crash_report_county,crash_severity_cd,crash_yr_source,damaged_property1,damaged_property2,day_of_week_code,did_crash_occur_in_work_zone,did_involve_secondary_crash,flow_condition,icn,investigating_agency_descrip,light_condition_code,mile_station,nhs,non_intersection_direction,non_intersection_distance,non_intersection_units,number_of_lanes,objectid,railroad_crossing_number,road_alignment,road_defects,road_defects_code,road_surface_condition_code,roadway_functional_class,roadway_functional_class_code,route_number,sfe,toll,township,traffic_control_device_code,traffic_control_device_cond_code,trafficway_descrip,trafficway_description_code,ts_crash_coordinate_x,ts_crash_coordinate_y,ts_crash_latitude,ts_crash_longitude,type_report,urban_rural,weather_code,were_workers_present,work_zone,work_zone_related,work_zone_type
2023,2023-09-28,Thursday,11,11:08 AM,Property Damage,No Injuries,0,0,0,0,0,2,Front to Rear,11,N,N,Failing to Reduce Speed to Avoid Crash,Following Too Closely,Daylight,Clear,Dry,N,,,,,Other,Other,N,2,41.8712045,-87.7784572,ok,Partial Access Control,3,03-23-18185,2023,,28,3,50000 and OVER,9,4295,Oak Park,C,Urban InterState,,16,28,12350439,9,Cook,0,23,,,4,N,No,(UNK),202301309280,ISP,1,9,Y,,,,(UNK),74670,(N/A),(UNK),No Defects,1,1,InterState,1,290,X003168195,Not Toll,73,13,7,Divided With Median Barrier,3,2947036.99814573,1904640.91899743,41.87119665,-87.77845141,,Urban,1,N,(N/A),Y,(N/A)
2023,2023-06-12,Monday,3,03:00 AM,Property Damage,No Injuries,0,0,0,0,0,2,Front to Rear,11,N,N,Failing to Reduce Speed to Avoid Crash,Following Too Closely,Darkness / Lighted Road,Clear,Dry,Y,,,,,Other,Functioning Properly,N,2,41.8736416,-87.8045258,ok,Partial Access Control,3,03-23-10501,2023,,28,3,50000 and OVER,9,4295,Oak Park,C,Urban InterState,,16,12,12226147,6,Cook,0,23,,,1,N,No,(UNK),202301191206,ISP,5,0.20999999,Y,,,,(UNK),76906,(N/A),(UNK),No Defects,1,1,InterState,1,290,X003057998,Not Toll,73,13,4,Ramp,11,2939912.062394,1905332.46992192,41.87363377,-87.80452,,Urban,1,N,(N/A),Y,(N/A)
2023,2023-06-18,Sunday,19,07:25 PM,Property Damage,No Injuries,0,0,0,0,0,2,Parked Motor Vehicle,9,N,N,Improper Lane Usage,Failing to Reduce Speed to Avoid Crash,Daylight,Clear,Dry,N,,,,,Other Regualtory Sig,Functioning Properly,Y,2,41.8720359,-87.7884443,ok,Partial Access Control,3,03-23-10962,2023,,20,28,50000 and OVER,9,4295,Oak Park,C,Urban InterState,,16,18,12231333,6,Cook,0,23,,,7,N,No,(UNK),202301196071,ISP,1,8.47999954,Y,,,,(UNK),77061,(N/A),(UNK),No Defects,1,1,InterState,1,290,X003062651,Not Toll,,10,4,Divided With Median Barrier,3,2944308.33909787,1904868.33752583,41.87202807,-87.78843852,,Urban,1,N,(N/A),Y,(N/A)
2023,2023-06-20,Tuesday,15,03:15 PM,Property Damage,No Injuries,0,0,0,0,0,2,Sideswipe Same Direction,12,N,N,Improper Lane Usage,Driving Skills/Knowledge/Experience,Daylight,Clear,Dry,N,,,,,Delineators,Functioning Properly,N,2,41.8715932,-87.7800694,ok,Partial Access Control,3,03-23-11065,2023,,20,15,50000 and OVER,9,4295,Oak Park,C,Urban InterState,,16,20,12226185,6,Cook,0,23,,,2,N,No,(UNK),202301191242,ISP,1,8.92000008,Y,,,,(UNK),77081,(N/A),(UNK),No Defects,1,1,InterState,1,290,X003058036,Not Toll,73,14,4,Divided With Median Barrier,3,2946593.92036553,1904770.33142236,41.87158531,-87.78006365,,Urban,1,N,(N/A),Y,(N/A)
2023,2023-06-21,Wednesday,8,08:32 AM,Property Damage,No Injuries,0,0,0,0,0,2,Angle,15,N,N,Failing to Yield Right of Way,Failing to Reduce Speed to Avoid Crash,Daylight,Clear,Dry,N,,,,,No Controls,No Controls,N,2,41.8942278,-87.8052238,ok,(UNK),1,2303759,2023,,2,28,50000 and OVER,9,4295,Oak Park,C,Urban Other Principal Arte,,16,21,12228085,6,Cook,0,23,,,3,N,No,Free Flow,202301192806,City,1,18.67000008,Y,,,,(UNK),77296,(N/A),(UNK),No Defects,1,1,Other Principal Arterial,3,348,X003059540,Not Toll,73,1,1,"Divided, No Median Barrier",2,2939515.40788599,1912829.23242071,41.89422,-87.805218,,Urban,1,N,(N/A),Y,(N/A)
2023,2023-09-28,Thursday,8,08:53 AM,Property Damage,No Injuries,0,0,0,0,0,2,Front to Rear,11,N,N,Failing to Reduce Speed to Avoid Crash,Following Too Closely,Daylight,Clear,Dry,N,,,,,Other,Other,N,2,41.8733628,-87.8030302,ok,Partial Access Control,3,03-23-18179,2023,,28,3,50000 and OVER,9,4295,Oak Park,C,Urban InterState,,16,28,12350438,9,Cook,0,23,,,4,N,No,(UNK),202301309279,ISP,1,7.76999998,Y,,,,(UNK),77570,(N/A),(UNK),No Defects,1,1,InterState,1,290,X003168194,Not Toll,73,13,7,Divided With Median Barrier,3,2940322.22268235,1905242.09425047,41.87335498,-87.80302436,,Urban,1,N,(N/A),Y,(N/A)
2023,2023-09-28,Thursday,9,09:21 AM,Property Damage,No Injuries,0,0,0,0,0,3,Front to Rear,11,N,N,Failing to Reduce Speed to Avoid Crash,Following Too Closely,Daylight,Clear,Dry,N,,,,,Other,Other,N,3,41.8712341,-87.7789255,ok,Partial Access Control,3,03-23-18176,2023,,28,3,50000 and OVER,9,4295,Oak Park,C,Urban InterState,,16,28,12350437,9,Cook,0,23,,,4,N,No,(UNK),202301309278,ISP,1,8.97999954,Y,,,,(UNK),77587,(N/A),(UNK),No Defects,1,1,InterState,1,290,X003168193,Not Toll,73,13,7,Divided With Median Barrier,3,2946909.13863481,1904648.15361811,41.87122625,-87.77891973,,Urban,1,N,(N/A),Y,(N/A)
2023,2023-09-28,Thursday,21,09:10 PM,Property Damage,No Injuries,0,0,0,0,0,2,Front to Rear,11,N,N,Failing to Reduce Speed to Avoid Crash,Disregarding Traffic Signals,Darkness / Lighted Road,Clear,Dry,N,,,,,Traffic Signal,Functioning Properly,Y,2,41.8711438,-87.7746395,ok,Partial Access Control,3,03-23-18226,2023,,28,25,50000 and OVER,9,4295,Oak Park,C,Urban InterState,,16,28,12354132,9,Cook,0,23,,,4,N,No,(UNK),202301312771,ISP,5,0.01,Y,,,,(UNK),78395,(N/A),(UNK),No Defects,1,1,InterState,1,290,X003171560,Not Toll,73,3,4,Divided With Median Barrier,3,2948077.45623761,1904647.78185265,41.87113599,-87.77463376,,Urban,1,N,(N/A),Y,(N/A)
2023,2023-01-09,Monday,14,02:59 PM,Injury,A Injury Crash,1,0,1,0,0,3,Pedestrian,1,Y,N,Failing to Yield Right of Way,Unable to Determine,Daylight,Clear,Dry,Y,,,,,Traffic Signal,Functioning Properly,N,1,41.8689677,-87.7840958,ok,(UNK),1,2300164,2023,,2,18,50000 and OVER,9,4295,Oak Park,C,Urban Major Collector,,16,9,12045846,1,Cook,3,23,,,1,N,No,Free Flow,202301023758,City,1,2.27999997,N,,,,(UNK),78764,(N/A),(UNK),No Defects,1,1,Major Collector,5,2783,X002898589,Not Toll,73,3,4,Four Way,14,2945523.81373545,1903783.07842117,41.86895983,-87.78408999,,Urban,1,N,(N/A),Y,(N/A)
2023,2023-01-15,Sunday,16,04:38 PM,Property Damage,No Injuries,0,0,0,0,0,3,Sideswipe Same Direction,12,N,N,Failing to Yield Right of Way,Driving Skills/Knowledge/Experience,Daylight,Clear,Dry,N,,,,,No Controls,No Controls,N,2,41.9021435,-87.7841474,ok,(UNK),1,2300284,2023,,2,15,50000 and OVER,9,4295,Oak Park,C,Urban Major Collector,,16,15,12042630,1,Cook,0,23,,,7,N,No,Free Flow,202301021477,City,1,0.49000001,N,,,,(UNK),79114,(N/A),(UNK),No Defects,1,1,Major Collector,5,2783,X002896215,Not Toll,73,1,1,Not Divided,1,2945173.90904885,1915872.58763917,41.90213566,-87.78414162,,Urban,1,N,(N/A),Y,(N/A)
2023,2023-02-20,Monday,18,06:40 PM,Property Damage,No Injuries,0,0,0,0,0,2,Front to Rear,11,N,N,Following Too Closely,Distraction - From Inside Vehicle,Darkness / Lighted Road,Clear,Dry,Y,,,,,Traffic Signal,Functioning Properly,Y,2,41.8736415,-87.8045248,ok,Partial Access Control,1,23-00476,2023,,3,41,50000 and OVER,9,4295,Oak Park,C,Urban InterState,,16,20,12111008,2,Cook,0,23,,,1,N,No,Stopped,202301083486,City,5,0.20999999,Y,,,,(UNK),79166,(N/A),(UNK),No Defects,1,1,InterState,1,290,X002955802,Not Toll,73,3,4,Two-way Continuous Left-Tur,4,2939912.34566119,1905332.4319027,41.87363365,-87.80451897,,Urban,1,N,(N/A),Y,(N/A)
2023,2023-03-15,Wednesday,9,09:28 AM,Property Damage,No Injuries,0,0,0,0,0,2,Front to Rear,11,N,N,Failing to Reduce Speed to Avoid Crash,Following Too Closely,Daylight,Clear,Dry,N,,,,,Other Regualtory Sig,Functioning Properly,N,2,41.8709626,-87.7746053,ok,Partial Access Control,3,03-23-04528,2023,,28,3,50000 and OVER,9,4295,Oak Park,C,Urban InterState,,16,15,12115787,3,Cook,0,23,,,3,N,No,(UNK),202301088048,ISP,1,9.18999958,Y,,,,(UNK),79205,(N/A),(UNK),No Defects,1,1,InterState,1,290,X002960157,Not Toll,73,10,4,Divided With Median Barrier,3,2948088.63903804,1904581.9949284,41.87095475,-87.77459946,,Urban,1,N,(N/A),Y,(N/A)
2023,2023-03-15,Wednesday,19,07:06 PM,Property Damage,No Injuries,0,0,0,0,0,2,Sideswipe Opposite Direction,13,N,N,Failing to Reduce Speed to Avoid Crash,(N/A),Darkness / Lighted Road,Clear,Dry,N,,,,,Traffic Signal,Functioning Properly,Y,2,41.8816374,-87.7894057,ok,(UNK),1,2301483,2023,,28,99,50000 and OVER,9,4295,Oak Park,C,Urban Major Collector,,16,15,12111084,3,Cook,0,23,,,3,N,No,Slow,202301083563,City,5,0.79000002,N,,,,(UNK),79341,(N/A),(UNK),No Defects,1,1,Major Collector,5,5,X002955871,Not Toll,73,3,4,Not Divided,1,2943949.50952845,1908360.04272682,41.88162958,-87.78939994,,Urban,1,N,(N/A),Y,(N/A)
2023,2023-03-15,Wednesday,17,05:12 PM,Property Damage,No Injuries,0,0,0,0,0,4,Front to Rear,11,N,N,Following Too Closely,Failing to Reduce Speed to Avoid Crash,Daylight,Clear,Dry,N,,,,,Traffic Signal,Functioning Properly,N,2,41.9015578,-87.8055256,ok,(UNK),1,2301474,2023,,3,28,50000 and OVER,9,4295,Oak Park,C,Urban Other Principal Arte,,16,15,12111079,3,Cook,0,23,,,3,N,No,Free Flow,202301083552,City,1,18.15999985,Y,,,,(UNK),79348,(N/A),(UNK),No Defects,1,1,Other Principal Arterial,3,348,X002955867,Not Toll,73,3,4,Not Divided,1,2939359.6927566,1915498.15456297,41.90154998,-87.80551975,,Urban,1,N,(N/A),Y,(N/A)
2023,2023-06-23,Friday,17,05:05 PM,Property Damage,No Injuries,0,0,0,0,0,6,Front to Rear,11,N,N,Following Too Closely,Failing to Reduce Speed to Avoid Crash,Daylight,Clear,Dry,N,,,,,Delineators,Functioning Properly,Y,3,41.8712811,-87.775191,ok,Partial Access Control,3,03-23-11296,2023,,3,28,50000 and OVER,9,4295,Oak Park,C,Urban InterState,,16,23,12231420,6,Cook,0,23,,,5,N,No,(UNK),202301196155,ISP,1,9.15999985,Y,,,,(UNK),79720,(N/A),(UNK),No Defects,1,1,InterState,1,290,X003062735,Not Toll,73,14,4,Divided With Median Barrier,3,2947925.84491979,1904693.62299465,41.87127327,-87.77518526,,Urban,1,N,(N/A),Y,(N/A)
2023,2023-06-20,Tuesday,19,07:56 PM,Property Damage,No Injuries,0,0,0,0,0,2,Front to Rear,11,N,N,Following Too Closely,Unable to Determine,Daylight,Clear,Dry,Y,,,,,Traffic Signal,Functioning Properly,N,2,41.8796894,-87.8047361,ok,(UNK),1,2303752,2023,,3,18,50000 and OVER,9,4295,Oak Park,C,Urban Other Principal Arte,,16,20,12226335,6,Cook,0,23,,,2,N,No,Stopped,202301191383,City,1,19.68000031,Y,,,,(UNK),80367,(N/A),(UNK),No Defects,1,1,Other Principal Arterial,3,348,X003058169,Not Toll,73,3,4,Not Divided,1,2939794.10644451,1907534.80803432,41.87968154,-87.80473028,,Urban,1,N,(N/A),Y,(N/A)
2023,2023-10-03,Tuesday,8,08:20 AM,Property Damage,No Injuries,0,0,0,0,0,2,Front to Rear,11,N,N,Failing to Reduce Speed to Avoid Crash,Following Too Closely,Daylight,Clear,Dry,N,,,,,Other,Functioning Properly,N,2,41.8726165,-87.7792634,ok,(UNK),3,03-23-18523,2023,,28,3,50000 and OVER,9,4295,Oak Park,C,Urban Minor Collector,,16,3,12355707,10,Cook,0,23,,,2,N,No,(UNK),202301314238,ISP,1,1.07000005,N,,,,(UNK),81045,(N/A),(UNK),No Defects,1,1,Minor Collector,6,3794,X003172993,Not Toll,,13,4,Divided With Median Barrier,3,2946803.08752027,1905149.37562973,41.87261652,-87.7792634,,Urban,1,N,(N/A),Y,(N/A)
2023,2023-10-03,Tuesday,3,03:00 AM,Property Damage,No Injuries,0,0,0,0,0,3,Front to Rear,11,N,N,Following Too Closely,Driving Skills/Knowledge/Experience,Daylight,Clear,Dry,N,,,,,Traffic Signal,Functioning Properly,N,2,41.8736416,-87.8045258,ok,Partial Access Control,1,23-03048,2023,,3,15,50000 and OVER,9,4295,Oak Park,C,Urban InterState,,16,3,12355955,10,Cook,0,23,,,2,N,No,Slow,202301314484,City,1,0.20999999,Y,,,,(UNK),81182,(N/A),(UNK),No Defects,1,1,InterState,1,290,X003173213,Not Toll,73,3,4,Divided With Median Barrier,3,2939912.062394,1905332.46992192,41.87363377,-87.80452,,Urban,1,N,(N/A),Y,(N/A)
2023,2023-10-04,Wednesday,12,12:43 PM,Property Damage,No Injuries,0,0,0,0,0,4,Sideswipe Same Direction,12,N,N,Driving Skills/Knowledge/Experience,Unable to Determine,Daylight,Clear,Dry,N,,,,,No Controls,No Controls,N,2,41.8927302,-87.7946217,ok,(UNK),1,2306292,2023,,15,18,50000 and OVER,9,4295,Oak Park,C,Urban Major Collector,,16,4,12357397,10,Cook,0,23,,,3,N,No,Slow,202301315852,City,1,5.23999977,N,,,,(UNK),81218,(N/A),(UNK),No Defects,1,1,Major Collector,5,2775,X003174558,Not Toll,73,1,1,Not Divided,1,2942417.23174055,1912363.1484749,41.8927224,-87.79461589,,Urban,1,N,(N/A),Y,(N/A)
2023,2023-03-17,Friday,9,09:49 AM,Property Damage,No Injuries,0,0,0,0,0,3,Sideswipe Same Direction,12,N,N,Improper Lane Usage,(N/A),Daylight,Clear,Dry,N,,,,,Other,Functioning Properly,N,3,41.8724928,-87.7939924,ok,Partial Access Control,3,03-23-04669,2023,,20,99,50000 and OVER,9,4295,Oak Park,C,Urban InterState,,16,17,12117478,3,Cook,0,23,,,5,N,No,(UNK),202301089491,ISP,1,8.18999958,Y,,,,(UNK),81634,(N/A),(UNK),No Defects,1,1,InterState,1,290,X002961601,Not Toll,73,13,4,Divided With Median Barrier,3,2942792.58588051,1904993.00786088,41.872485,-87.7939866,,Urban,1,N,(N/A),Y,(N/A)
2023,2023-06-16,Friday,8,08:37 AM,Injury,B Injury Crash,1,0,0,1,0,1,Pedalcyclist,2,N,Y,Failing to Yield Right of Way,(N/A),Daylight,Clear,Dry,Y,,,,,Pedestrian Crossing,Functioning Properly,N,1,41.8885678,-87.8050262,ok,(UNK),1,2303639,2023,,2,99,50000 and OVER,9,4295,Oak Park,C,Urban Other Principal Arte,,16,16,12224709,6,Cook,2,23,BUILDING`S WINDOW,,5,N,No,Free Flow,202301189962,City,1,19.05999947,Y,,,,(UNK),81681,(N/A),(UNK),No Defects,1,1,Other Principal Arterial,3,348,X003056901,Not Toll,73,17,4,"Divided, No Median Barrier",2,2939626.01253814,1910768.10174857,41.88855999,-87.80502039,,Urban,1,N,(N/A),Y,(N/A)
2023,2023-11-20,Monday,13,01:52 PM,Property Damage,No Injuries,0,0,0,0,0,2,Angle,15,N,N,Disregarding Traffic Signals,Failing to Reduce Speed to Avoid Crash,Daylight,Clear,Dry,Y,,,,,Traffic Signal,Functioning Properly,Y,2,41.8817204,-87.7845158,ok,(UNK),1,2307340,2023,,25,28,50000 and OVER,9,4295,Oak Park,C,Urban Major Collector,,16,20,12422330,11,Cook,0,23,,,1,N,No,Free Flow,202301377826,City,1,1.02999997,N,,,,(UNK),82201,(N/A),(UNK),No Defects,1,1,Major Collector,5,5,X003232143,Not Toll,73,3,4,Four Way,14,2945280.34673611,1908427.21675711,41.88171252,-87.78451004,,Urban,1,N,(N/A),Y,(N/A)
2023,2023-11-20,Monday,16,04:41 PM,Property Damage,No Injuries,0,0,0,0,0,2,Sideswipe Same Direction,12,N,N,Improper Lane Usage,Failing to Reduce Speed to Avoid Crash,Darkness / Lighted Road,Rain,Wet,N,,,,,No Controls,No Controls,N,2,41.868773,-87.8043381,ok,(UNK),1,2307348,2023,,20,28,50000 and OVER,9,4295,Oak Park,C,Urban Other Principal Arte,,16,20,12422333,11,Cook,0,23,,,1,N,No,Free Flow,202301377828,City,5,20.44000053,Y,,,,(UNK),82271,(N/A),(UNK),No Defects,1,2,Other Principal Arterial,3,348,X003232145,Not Toll,73,1,1,"Divided, No Median Barrier",2,2940012.03476044,1903559.66825546,41.86876516,-87.80433232,,Urban,2,N,(N/A),Y,(N/A)
2023,2023-11-19,Sunday,14,02:28 PM,Injury,B Injury Crash,1,0,0,1,0,1,Pedalcyclist,2,N,Y,Disregarding Stop Sign,Failing to Yield Right of Way,Daylight,Clear,Dry,Y,,,,,Stop Sign,Functioning Properly,Y,1,41.8916258,-87.791227,ok,(UNK),1,2307312,2023,,23,2,50000 and OVER,9,4295,Oak Park,C,Urban Local Road or Street,,16,19,12420933,11,Cook,2,23,SURLY CROSSCHECK BICYCLE,,7,N,No,Slow,202301376164,City,1,0,N,,,,(UNK),82381,(N/A),(UNK),No Defects,1,1,Local Road or Street,7,,X003230817,Not Toll,73,2,4,Four Way,14,2943352.70198087,1911986.26345511,41.89161798,-87.79122121,,Urban,1,N,(N/A),Y,(N/A)
2023,2023-11-23,Thursday,12,12:23 PM,Property Damage,No Injuries,0,0,0,0,0,2,Front to Rear,11,N,N,Improper Backing,Failing to Reduce Speed to Avoid Crash,Daylight,Clear,Dry,N,,,,,Other,Functioning Properly,N,2,41.8734928,-87.804364,ok,Partial Access Control,3,03-23-22255,2023,,30,28,50000 and OVER,9,4295,Oak Park,C,Urban InterState,,16,23,12424529,11,Cook,0,23,,,4,N,No,(UNK),202301380152,ISP,1,7.71000004,Y,,,,(UNK),82413,(N/A),(UNK),No Defects,1,1,InterState,1,290,X003234208,Not Toll,73,13,4,Divided With Median Barrier,3,2939957.61503046,1905279.44325683,41.87348493,-87.80435824,,Urban,1,N,(N/A),Y,(N/A)
2023,2023-11-20,Monday,15,03:50 PM,Property Damage,No Injuries,0,0,0,0,0,7,Sideswipe Opposite Direction,13,N,N,Improper Lane Usage,Unable to Determine,Daylight,Rain,Wet,N,,,,,No Controls,No Controls,N,4,41.8898145,-87.7847546,ok,(UNK),1,2307346,2023,,20,18,50000 and OVER,9,4295,Oak Park,C,Urban Major Collector,,16,20,12422324,11,Cook,0,23,,,1,N,No,Slow,202301377819,City,1,0.82999998,N,,,,(UNK),82466,(N/A),(UNK),No Defects,1,2,Major Collector,5,2783,X003232138,Not Toll,73,1,1,"Divided, No Median Barrier",2,2945133.39592575,1911375.07007882,41.88980667,-87.78474885,,Urban,2,N,(N/A),Y,(N/A)
2023,2023-11-26,Sunday,8,08:45 AM,Property Damage,No Injuries,0,0,0,0,0,2,Angle,15,N,N,Failing to Reduce Speed to Avoid Crash,Unable to Determine,Daylight,Snow,Wet,Y,,,,,Traffic Signal,Functioning Properly,Y,2,41.8799384,-87.779542,ok,(UNK),1,2307449,2023,,28,18,50000 and OVER,9,4295,Oak Park,C,Urban Minor Arterial,,16,26,12427412,11,Cook,0,23,,,7,N,No,Slow,202301382793,City,1,0.55000001,N,,,,(UNK),82618,(N/A),(UNK),Unknown,99,2,Minor Arterial,4,3794,X003236694,Not Toll,73,3,4,Not Divided,1,2946652.95434857,1907815.47902917,41.87993052,-87.77953621,,Urban,3,N,(N/A),N,(N/A)
2023,2023-06-22,Thursday,12,12:20 PM,Property Damage,No Injuries,0,0,0,0,0,2,Sideswipe Same Direction,12,N,N,Driving Skills/Knowledge/Experience,Failing to Yield Right of Way,Daylight,Clear,Dry,N,,,,,Other,Functioning Properly,N,2,41.8866481,-87.8049505,ok,(UNK),1,23-01848,2023,,15,2,50000 and OVER,9,4295,Oak Park,C,Urban Other Principal Arte,,16,22,12228502,6,Cook,0,23,,,4,N,No,Free Flow,202301193229,City,1,19.19000053,Y,,,,(UNK),82780,(N/A),(UNK),No Defects,1,1,Other Principal Arterial,3,348,X003059927,Not Toll,73,13,4,Divided With Median Barrier,3,2939665.88751809,1910069.07743814,41.88664024,-87.8049447,,Urban,1,N,(N/A),Y,(N/A)
2023,2023-06-27,Tuesday,11,11:15 AM,Property Damage,No Injuries,0,0,0,0,0,4,Angle,15,N,N,Unable to Determine,Unable to Determine,Daylight,Fog/Smoke/Haze,Dry,N,,,,,No Controls,No Controls,N,2,41.890495,-87.7764236,ok,(UNK),1,2303899,2023,,18,18,50000 and OVER,9,4295,Oak Park,C,Urban Local Road or Street,,16,27,12235126,6,Cook,0,23,,,2,N,No,Free Flow,202301200172,City,1,0,N,,,,(UNK),82900,(N/A),(UNK),No Defects,1,1,Local Road or Street,7,,X003066119,Not Toll,73,1,1,Not Divided,1,2947395.0219642,1911686.17677853,41.89048718,-87.77641776,,Urban,4,N,(N/A),Y,(N/A)
2023,2023-06-17,Saturday,13,01:23 PM,Property Damage,No Injuries,0,0,0,0,0,2,Angle,15,N,N,Failing to Yield Right of Way,Failing to Reduce Speed to Avoid Crash,Daylight,Clear,Dry,Y,,,,,Stop Sign,Functioning Properly,N,2,41.8669877,-87.7938261,ok,(UNK),1,2303677,2023,,2,28,50000 and OVER,9,4295,Oak Park,C,Urban Major Collector,,16,17,12224823,6,Cook,0,23,,,6,N,No,Free Flow,202301190173,City,1,7.03999996,N,,,,(UNK),83027,(N/A),(UNK),No Defects,1,1,Major Collector,5,2775,X003057012,Not Toll,73,2,4,Four Way,14,2942893.37057675,1902988.09887901,41.86697989,-87.79382028,,Urban,1,N,(N/A),Y,(N/A)
2023,2023-09-24,Sunday,1,01:45 AM,Property Damage,No Injuries,0,0,0,0,0,2,Front to Rear,11,N,N,Following Too Closely,Failing to Reduce Speed to Avoid Crash,Darkness / Lighted Road,Clear,Dry,N,,,,,Other Regualtory Sig,Functioning Properly,Y,2,41.8705254,-87.798996,ok,(UNK),3,03-23-17855,2023,,3,28,50000 and OVER,9,4295,Oak Park,C,Urban Local Road or Street,,16,24,12352784,9,Cook,0,23,,,7,N,No,(UNK),202301311621,ISP,5,0,N,,,,(UNK),83282,(N/A),(UNK),No Defects,1,1,Local Road or Street,7,,X003170447,Not Toll,,10,4,Divided With Median Barrier,3,2941449.54420014,1904238.37054601,41.87052536,-87.79899596,,Urban,1,N,(N/A),Y,(N/A)
2023,2023-12-27,Wednesday,8,08:47 AM,Property Damage,No Injuries,0,0,0,0,0,2,Turning,10,N,N,Improper Turning/No Signal,Failing to Yield Right of Way,Daylight,Clear,Dry,Y,,,,,No Controls,No Controls,N,2,41.8816079,-87.7910524,ok,(UNK),1,2308134,2023,,6,2,50000 and OVER,9,4295,Oak Park,C,Urban Major Collector,,16,27,12469165,12,Cook,0,23,,,3,N,No,Slow,202301422898,City,1,0.70999998,N,,,,(UNK),83789,(N/A),(UNK),No Defects,1,1,Major Collector,5,5,X003273869,Not Toll,73,1,1,"Divided, No Median Barrier",2,2943501.37623318,1908336.84352089,41.88160001,-87.79104657,,Urban,1,N,(N/A),Y,(N/A)
2023,2023-06-21,Wednesday,15,03:30 PM,Property Damage,No Injuries,0,0,0,0,0,2,Turning,10,N,N,Failing to Yield Right of Way,Improper Turning/No Signal,Daylight,Clear,Dry,Y,,,,,Traffic Signal,Functioning Properly,Y,2,41.879952,-87.8047395,ok,(UNK),1,23-01835,2023,,2,6,50000 and OVER,9,4295,Oak Park,C,Urban Other Principal Arte,,16,21,12234980,6,Cook,0,23,,,3,N,No,Slow,202301199878,City,1,19.65999985,Y,,,,(UNK),83838,(N/A),(UNK),No Defects,1,1,Other Principal Arterial,3,348,X003065982,Not Toll,73,3,4,"Divided, No Median Barrier",2,2939790.52844287,1907630.50106349,41.8799442,-87.80473374,,Urban,1,N,(N/A),Y,(N/A)
2023,2023-06-27,Tuesday,7,07:31 AM,Property Damage,No Injuries,0,0,0,0,0,2,Rear to Front,18,N,N,Failing to Reduce Speed to Avoid Crash,Unable to Determine,Daylight,Clear,Dry,N,,,,,Traffic Signal,Functioning Properly,N,2,41.8728694,-87.8044911,ok,(UNK),1,2303894,2023,,28,18,50000 and OVER,9,4295,Oak Park,C,Urban Other Principal Arte,,16,27,12235088,6,Cook,0,23,,,2,N,No,Stopped,202301200131,City,1,20.13999939,Y,,,,(UNK),83853,(N/A),(UNK),No Defects,1,1,Other Principal Arterial,3,348,X003066083,Not Toll,73,3,4,Not Divided,1,2939929.27346218,1905051.30395284,41.87286151,-87.80448526,,Urban,1,N,(N/A),Y,(N/A)
2023,2023-06-21,Wednesday,16,04:37 PM,Property Damage,No Injuries,0,0,0,0,0,2,Turning,10,N,N,Failing to Reduce Speed to Avoid Crash,Driving Skills/Knowledge/Experience,Daylight,Clear,Dry,N,,,,,No Controls,No Controls,N,2,41.8754725,-87.8045809,ok,(UNK),1,23-01836,2023,,28,15,50000 and OVER,9,4295,Oak Park,C,Urban Other Principal Arte,,16,21,12228601,6,Cook,0,23,,,3,N,No,Slow,202301193322,City,1,19.95999908,Y,,,,(UNK),83891,(N/A),(UNK),No Defects,1,1,Other Principal Arterial,3,348,X003060022,Not Toll,73,1,1,"Divided, No Median Barrier",2,2939878.68994817,1905999.27805168,41.8754647,-87.80457508,,Urban,1,N,(N/A),Y,(N/A)
2023,2023-06-17,Saturday,11,11:15 AM,Property Damage,No Injuries,0,0,0,0,0,1,Fixed Object,6,N,N,Unable to Determine,(N/A),Daylight,Clear,Dry,N,,,,,No Controls,No Controls,Y,1,,,missing,(UNK),1,2303673,2023,,18,99,50000 and OVER,9,4295,Oak Park,C,(UNK),8,16,17,12224822,6,Cook,0,23,SINGLE FAMILY RESIDENCE,SINGLE FAMILY RESIDENCE,6,N,No,Slow,202301190172,City,1,0,N,,,,(UNK),83951,(N/A),(UNK),No Defects,1,1,(UNK),0,0,X003057011,No Toll,,1,1,Unknown,9,0,0,,,,(UNK),1,N,(N/A),Y,(N/A)