crash_year,crash_date,day_of_week,crash_hour,time_of_crash,crash_severity,crash_injury_severity,total_injured,total_fatals,a_injuries,b_injuries,c_injuries,no_injuries,type_of_first_crash,collision_type_code,pedestrian_involved,pedalcyclist_involved,cause1,cause2,lighting_cond,weather_cond,road_surface_cond,intersection_related,is_intersection,highway_or_street_name,at_intersection_with,address_no,traffic_control_device,traffic_control_device_cond,hit_and_run,number_of_vehicles,latitude,longitude,location_status,access_control,agency_code,agency_report_number,agency_report_year,alignment_code,cause1_code,cause2_code,city_class,city_class_code,city_code,city_name,city_township_flag,class_of_trafficway,class_of_trafficway_code,county_code,crash_day,crash_id,crash_month,crash_report_county,crash_severity_cd,crash_yr_source,damaged_property1,damaged_property2,day_of_week_code,did_crash_occur_in_work_zone,did_involve_secondary_crash,flow_condition,icn,investigating_agency_descrip,light_condition_code,mile_station,nhs,non_intersection_direction,non_intersection_distance,non_intersection_units,number_of_lanes,objectid,railroad_crossing_number,road_alignment,road_defects,road_defects_code,road_surface_condition_code,roadway_functional_class,roadway_functional_class_code,route_number,sfe,toll,township,traffic_control_device_code,traffic_control_device_cond_code,trafficway_descrip,trafficway_description_code,ts_crash_coordinate_x,ts_crash_coordinate_y,ts_crash_latitude,ts_crash_longitude,type_report,urban_rural,weather_code,were_workers_present,work_zone,work_zone_related,work_zone_type
2023,2023-06-16,Friday,12,12:55 PM,Property Damage,No Injuries,0,0,0,0,0,5,Front to Rear,11,N,N,Failing to Reduce Speed to Avoid Crash,Unable to Determine,Daylight,Clear,Dry,Y,,,,,No Controls,No Controls,N,2,41.9089499,-87.7981126,ok,(UNK),1,2303648,2023,,28,18,50000 and OVER,9,4295,Oak Park,C,Urban Other Principal Arte,,16,16,12224785,6,Cook,0,23,,,5,N,No,Slow,202301190135,City,1,6.32000017,Y,,,,(UNK),84003,(N/A),(UNK),No Defects,1,1,Other Principal Arterial,3,307,X003056974,Not Toll,73,1,1,Not Divided,1,2941303.43788161,1918247.62658579,41.90894204,-87.79810678,,Urban,1,N,(N/A),Y,(N/A)
2023,2023-06-16,Friday,14,02:52 PM,Property Damage,No Injuries,0,0,0,0,0,2,Angle,15,N,N,Failing to Yield Right of Way,Failing to Reduce Speed to Avoid Crash,Daylight,Cloudy/Overcast,Dry,N,,,,,No Controls,No Controls,N,2,41.8929197,-87.7946259,ok,(UNK),1,2303652,2023,,2,28,50000 and OVER,9,4295,Oak Park,C,Urban Major Collector,,16,16,12224898,6,Cook,0,23,,,5,N,No,Free Flow,202301190226,City,1,5.23000002,N,,,,(UNK),84012,(N/A),(UNK),No Defects,1,1,Major Collector,5,2775,X003057062,Not Toll,73,1,1,Not Divided,1,2942414.18747172,1912432.1420168,41.89291181,-87.79462006,,Urban,8,N,(N/A),Y,(N/A)
2023,2023-06-28,Wednesday,9,09:43 AM,Injury,B Injury Crash,1,0,0,1,0,1,Pedestrian,1,Y,N,(N/A),(N/A),Daylight,Clear,Dry,Y,,,,,No Controls,No Controls,Y,1,41.8840276,-87.7764149,ok,(UNK),1,2303922,2023,,99,99,50000 and OVER,9,4295,Oak Park,C,Urban Local Road or Street,,16,28,12235247,6,Cook,2,23,,,3,N,No,Free Flow,202301200319,City,1,0,N,,,,(UNK),84090,(N/A),(UNK),No Defects,1,1,Local Road or Street,7,,X003066237,Not Toll,73,1,1,Not Divided,1,2947463.05081889,1909329.40473381,41.8840198,-87.77640915,,Urban,1,N,(N/A),Y,(N/A)
2023,2023-12-28,Thursday,14,02:45 PM,Property Damage,No Injuries,0,0,0,0,0,2,Turning,10,N,N,Failing to Yield Right of Way,Failing to Reduce Speed to Avoid Crash,Daylight,Rain,Wet,N,,,,,Traffic Signal,Functioning Properly,N,2,41.8947109,-87.7757018,ok,(UNK),1,2308167,2023,,2,28,50000 and OVER,9,4295,Oak Park,C,Urban Minor Arterial,,16,28,12469161,12,Cook,0,23,,,4,N,No,Free Flow,202301422894,City,1,4.0999999,N,,,,(UNK),84204,(N/A),(UNK),No Defects,1,2,Minor Arterial,4,1398,X003273865,Not Toll,73,3,4,Two-way Continuous Left-Tur,4,2947548.71065593,1913228.01619304,41.89470309,-87.77569603,,Urban,2,N,(N/A),Y,(N/A)
2023,2023-12-28,Thursday,18,06:19 PM,Injury,C Injury Crash,1,0,0,0,1,2,Pedestrian,1,Y,N,Failing to Yield Right of Way,Failing to Reduce Speed to Avoid Crash,Darkness / Lighted Road,Rain,Wet,Y,,,,,Stop Sign,Functioning Properly,N,1,41.8881787,-87.7798058,ok,(UNK),1,2308170,2023,,2,28,50000 and OVER,9,4295,Oak Park,C,Urban Major Collector,,16,28,12469163,12,Cook,1,23,,,4,N,No,Free Flow,202301422896,City,5,1.45000005,N,,,,(UNK),84259,(N/A),(UNK),No Defects,1,2,Major Collector,5,3559,X003273867,Not Toll,73,2,4,Not Divided,1,2946497.54234508,1910816.42908557,41.8881709,-87.77980002,,Urban,2,N,(N/A),Y,(N/A)
2023,2023-12-28,Thursday,14,02:40 PM,Property Damage,No Injuries,0,0,0,0,0,1,Animal,4,N,N,Failing to Yield Right of Way,Failing to Reduce Speed to Avoid Crash,Darkness / Lighted Road,Rain,Wet,N,,,,,Stop Sign,Functioning Properly,Y,1,41.8868189,-87.798607,ok,(UNK),1,2308176,2023,,2,28,50000 and OVER,9,4295,Oak Park,C,Urban Local Road or Street,,16,28,12469159,12,Cook,0,23,DOG,,4,N,No,Slow,202301422891,City,5,0,N,,,,(UNK),84355,(N/A),(UNK),No Defects,1,2,Local Road or Street,7,,X003273863,Not Toll,73,2,4,Not Divided,1,2941391.56035949,1910178.96897112,41.88681109,-87.79860125,,Urban,2,N,(N/A),Y,(N/A)
2023,2023-12-24,Sunday,20,08:08 PM,Property Damage,No Injuries,0,0,0,0,0,4,Turning,10,N,N,(N/A),(N/A),Daylight,Clear,Dry,Y,,,,,Traffic Signal,Functioning Properly,N,2,41.873508,-87.8045199,ok,Partial Access Control,1,2308098,2023,,99,99,50000 and OVER,9,4295,Oak Park,C,Urban InterState,,16,24,12465606,12,Cook,0,23,,,7,N,No,Free Flow,202301419480,City,1,7.69999981,Y,,,,(UNK),84494,(N/A),(UNK),No Defects,1,1,InterState,1,290,X003270644,Not Toll,73,3,4,Other,8,2939915.02320961,1905283.80616507,41.87350011,-87.80451405,,Urban,1,N,(N/A),Y,(N/A)
2023,2023-06-16,Friday,11,11:38 AM,Property Damage,No Injuries,0,0,0,0,0,3,Sideswipe Same Direction,12,N,N,Failing to Yield Right of Way,(N/A),Daylight,Clear,Dry,N,,,,,No Controls,No Controls,N,2,41.8727452,-87.7779881,ok,(UNK),1,2303647,2023,,2,99,50000 and OVER,9,4295,Oak Park,C,Urban Local Road or Street,,16,16,12224896,6,Cook,0,23,,,5,N,No,Slow,202301190224,City,1,0,N,,,,(UNK),84562,(N/A),(UNK),No Defects,1,1,Local Road or Street,7,,X003057060,Not Toll,73,1,1,Not Divided,1,2947149.1350967,1905205.95098487,41.87273739,-87.77798232,,Urban,1,N,(N/A),Y,(N/A)
2023,2023-06-27,Tuesday,22,10:30 PM,Property Damage,No Injuries,0,0,0,0,0,5,Turning,10,N,N,Driving Skills/Knowledge/Experience,Driving Skills/Knowledge/Experience,Darkness / Lighted Road,Clear,Dry,Y,,,,,No Controls,No Controls,N,2,41.9057588,-87.7834248,ok,(UNK),1,2303915,2023,,15,15,50000 and OVER,9,4295,Oak Park,C,Urban Major Collector,,16,27,12235192,6,Cook,0,23,,,2,N,Yes,Slow,202301200252,City,5,0.23999999,N,,,,(UNK),84878,(N/A),(UNK),No Defects,1,1,Major Collector,5,2783,X003066183,Not Toll,73,1,1,Not Divided,1,2945334.00376914,1917195.5384356,41.90575095,-87.78341905,,Urban,1,N,(N/A),Y,(N/A)
2023,2023-12-26,Tuesday,18,06:15 PM,Property Damage,No Injuries,0,0,0,0,0,2,Sideswipe Same Direction,12,N,N,Improper Overtaking/Passing,Unable to Determine,Darkness / Lighted Road,Clear,Dry,N,,,,,No Controls,No Controls,N,2,41.887107,-87.8049778,ok,(UNK),1,2308129,2023,,4,18,50000 and OVER,9,4295,Oak Park,C,Urban Other Principal Arte,,16,26,12476625,12,Cook,0,23,,,2,N,No,Free Flow,202301427041,City,5,19.15999985,Y,,,,(UNK),85201,(N/A),(UNK),No Defects,1,1,Other Principal Arterial,3,348,X003280274,Not Toll,73,1,1,"Divided, No Median Barrier",2,2939653.84539076,1910236.11464217,41.88709917,-87.80497201,,Urban,1,N,(N/A),Y,(N/A)
2023,2023-12-09,Saturday,22,10:45 PM,Property Damage,No Injuries,0,0,0,0,0,5,Sideswipe Same Direction,12,N,N,Failing to Yield Right of Way,(N/A),Darkness / Lighted Road,Clear,Unknown,N,,,,,Traffic Signal,Functioning Properly,N,2,41.8738197,-87.8045305,ok,(UNK),1,23-03791,2023,,2,99,50000 and OVER,9,4295,Oak Park,C,Urban Other Principal Arte,,16,9,12460779,12,Cook,0,23,,,6,N,No,Free Flow,202301414263,City,5,20.07999992,Y,,,,(UNK),85278,(N/A),(UNK),No Defects,1,9,Other Principal Arterial,3,348,X003266073,Not Toll,73,3,4,Divided With Median Barrier,3,2939909.00331328,1905397.32505948,41.87381184,-87.80452467,,Urban,1,N,(N/A),Y,(N/A)
2023,2023-12-14,Thursday,4,04:55 AM,Property Damage,No Injuries,0,0,0,0,0,2,Front to Rear,11,N,N,Following Too Closely,Driving Skills/Knowledge/Experience,Darkness / Lighted Road,Clear,Dry,N,,,,,Other,Functioning Properly,N,2,41.8731879,-87.7987974,ok,Partial Access Control,3,03-23-23578,2023,,3,15,50000 and OVER,9,4295,Oak Park,C,Urban InterState,,16,14,12460918,12,Cook,0,23,,,4,N,No,(UNK),202301414431,ISP,5,0.01,Y,,,,(UNK),85288,(N/A),(UNK),No Defects,1,1,InterState,1,290,X003266202,Not Toll,,13,4,Divided With Median Barrier,3,2941476.84008861,1905210.13036068,41.87318787,-87.79879743,,Urban,1,N,(N/A),Y,(N/A)
2023,2023-12-22,Friday,11,11:01 AM,Injury,B Injury Crash,1,0,0,1,0,0,Parked Motor Vehicle,9,N,N,Improper Lane Usage,Physical Condition of Driver,Daylight,Rain,Wet,N,,,,,No Controls,No Controls,N,3,41.8983236,-87.7774948,ok,(UNK),1,2308045,2023,,20,17,50000 and OVER,9,4295,Oak Park,C,Urban Local Road or Street,,16,22,12465589,12,Cook,2,23,,,5,N,Yes,Free Flow,202301419468,City,1,0,N,,,,(UNK),85301,(N/A),(UNK),No Defects,1,2,Local Road or Street,7,,X003270632,Not Toll,73,1,1,"Divided, No Median Barrier",2,2947023.82910732,1914530.93739027,41.89831576,-87.77748905,,Urban,2,N,(N/A),Y,(N/A)
2023,2023-10-03,Tuesday,19,07:00 PM,Property Damage,No Injuries,0,0,0,0,0,1,Parked Motor Vehicle,9,N,N,Failing to Reduce Speed to Avoid Crash,Improper Lane Usage,Darkness / Lighted Road,Clear,Dry,N,,,,,No Controls,No Controls,Y,2,41.8650966,-87.803365,ok,(UNK),1,2306281,2023,,28,20,50000 and OVER,9,4295,Oak Park,C,Urban Other Principal Arte,,16,3,12355995,10,Cook,0,23,,,2,N,No,Free Flow,202301314524,City,5,0,Y,,,,(UNK),85375,(N/A),(UNK),No Defects,1,1,Other Principal Arterial,3,,X003173252,Not Toll,73,1,1,Not Divided,1,2940314.00080373,1902227.21551127,41.86508873,-87.8033592,,Urban,1,N,(N/A),Y,(N/A)
2023,2023-10-05,Thursday,7,07:15 AM,Property Damage,No Injuries,0,0,0,0,0,3,Sideswipe Same Direction,12,N,N,Improper Overtaking/Passing,Improper Lane Usage,Daylight,Clear,Wet,N,,,,,Other Regualtory Sig,Functioning Properly,N,2,41.8734743,-87.8041744,ok,Partial Access Control,3,03-23-18674,2023,,4,20,50000 and OVER,9,4295,Oak Park,C,Urban InterState,,16,5,12359732,10,Cook,0,23,,,4,N,No,(UNK),202301317643,ISP,1,7.71999979,Y,,,,(UNK),85467,(N/A),(UNK),No Defects,1,2,InterState,1,290,X003176199,Not Toll,73,10,4,Divided With Median Barrier,3,2940009.46232595,1905274.13221918,41.87346645,-87.80416856,,Urban,1,N,(N/A),Y,(N/A)
2023,2023-11-17,Friday,20,08:25 PM,Injury,B Injury Crash,3,0,0,3,0,1,Front to Rear,11,N,N,Following Too Closely,Failing to Reduce Speed to Avoid Crash,Darkness / Lighted Road,Clear,Dry,N,,,,,Stop Sign,Functioning Properly,N,3,41.9090849,-87.7904794,ok,(UNK),1,2307269,2023,,3,28,50000 and OVER,9,4295,Oak Park,C,Urban Other Principal Arte,,16,17,12420929,11,Cook,2,23,,,5,N,No,Free Flow,202301376158,City,5,6.71000004,Y,,,,(UNK),85790,(N/A),(UNK),No Defects,1,1,Other Principal Arterial,3,307,X003230814,Not Toll,73,2,4,"Divided, No Median Barrier",2,2943379.95295643,1918354.34008948,41.90907708,-87.79047358,,Urban,1,N,(N/A),Y,(N/A)
2023,2023-10-06,Friday,14,02:48 PM,Property Damage,No Injuries,0,0,0,0,0,3,Angle,15,N,N,Failing to Yield Right of Way,Driving Skills/Knowledge/Experience,Daylight,Rain,Wet,N,,,,,No Controls,No Controls,N,2,41.8803159,-87.8047443,ok,(UNK),1,23-3084,2023,,2,15,50000 and OVER,9,4295,Oak Park,C,Urban Other Principal Arte,,16,6,12360092,10,Cook,0,23,,,5,N,No,Slow,202301317979,City,1,19.62999916,Y,,,,(UNK),86288,(N/A),(UNK),No Defects,1,2,Other Principal Arterial,3,348,X003176542,Not Toll,73,1,1,"Divided, No Median Barrier",2,2939785.57209717,1907763.05766348,41.88030805,-87.80473854,,Urban,2,N,(N/A),Y,(N/A)
2023,2023-10-02,Monday,20,08:40 PM,Property Damage,No Injuries,0,0,0,0,0,2,Front to Rear,11,N,N,Failing to Reduce Speed to Avoid Crash,(N/A),Daylight,Clear,Dry,N,,,,,No Controls,No Controls,N,2,41.8654648,-87.7839786,ok,(UNK),1,2306267,2023,,28,99,50000 and OVER,9,4295,Oak Park,C,Urban Major Collector,,16,2,12355988,10,Cook,0,23,,,1,N,No,Free Flow,202301314517,City,1,2.52999997,N,,,,(UNK),86295,(N/A),(UNK),No Defects,1,1,Major Collector,5,2783,X003173245,Not Toll,73,1,1,"Divided, No Median Barrier",2,2945591.17877559,1902507.47028351,41.865457,-87.78397282,,Urban,1,N,(N/A),Y,(N/A)
2023,2023-06-26,Monday,1,01:20 AM,Property Damage,No Injuries,0,0,0,0,0,4,Front to Rear,11,N,N,Following Too Closely,Failing to Reduce Speed to Avoid Crash,Darkness / Lighted Road,Clear,Dry,N,,,,,Other,Functioning Properly,Y,2,41.8715498,-87.7794492,ok,Partial Access Control,3,03-23-11460,2023,,3,28,50000 and OVER,9,4295,Oak Park,C,Urban InterState,,16,26,12236948,6,Cook,0,23,,,1,N,No,(UNK),202301201727,ISP,5,8.94999981,Y,,,,(UNK),86781,(N/A),(UNK),No Defects,1,1,InterState,1,290,X003067559,Not Toll,73,13,4,Divided With Median Barrier,3,2946763.29233512,1904759.22727273,41.87154194,-87.77944343,,Urban,1,N,(N/A),Y,(N/A)
2023,2023-06-27,Tuesday,15,03:06 PM,Injury,B Injury Crash,2,0,0,2,0,0,Front to Rear,11,N,N,Following Too Closely,Failing to Reduce Speed to Avoid Crash,Daylight,Clear,Dry,N,,,,,Traffic Signal,Functioning Properly,N,2,41.8944237,-87.7943089,ok,(UNK),1,2303910,2023,,3,28,50000 and OVER,9,4295,Oak Park,C,Urban Minor Arterial,,16,27,12235178,6,Cook,2,23,,,2,N,No,Slow,202301200233,City,1,3.11999989,N,,,,(UNK),86821,(N/A),(UNK),No Defects,1,1,Minor Arterial,4,1398,X003066169,Not Toll,73,3,4,"Divided, No Median Barrier",2,2942485.32141277,1912982.64486488,41.89441589,-87.79430312,,Urban,1,N,(N/A),Y,(N/A)
2023,2023-06-25,Sunday,21,09:00 PM,Injury,B Injury Crash,3,0,0,3,0,7,Front to Rear,11,N,N,Following Too Closely,Failing to Reduce Speed to Avoid Crash,Darkness / Lighted Road,Clear,Dry,N,,,,,Other,Functioning Properly,N,3,41.8709543,-87.774472,ok,Partial Access Control,3,03-23-11452,2023,,3,28,50000 and OVER,9,4295,Oak Park,C,Urban InterState,,16,25,12235527,6,Cook,2,23,,,7,N,No,(UNK),202301200583,ISP,5,9.19999981,Y,,,,(UNK),87040,(N/A),(UNK),No Defects,1,1,InterState,1,290,X003066505,Not Toll,73,13,4,Divided With Median Barrier,3,2948125.01295267,1904579.98536147,41.87094646,-87.77446623,,Urban,1,N,(N/A),Y,(N/A)
2023,2023-01-13,Friday,12,12:44 PM,Injury,A Injury Crash,3,0,2,1,0,0,Front to Front,14,N,N,Failing to Reduce Speed to Avoid Crash,Unable to Determine,Daylight,Cloudy/Overcast,Dry,N,,,,,No Controls,No Controls,N,2,41.8993543,-87.7752824,ok,(UNK),1,2300252,2023,,28,18,50000 and OVER,9,4295,Oak Park,C,Urban Minor Arterial,,16,13,12042580,1,Cook,3,23,TREE,,5,N,Yes,Free Flow,202301021446,City,1,6.28000021,N,,,,(UNK),87744,(N/A),(UNK),No Defects,1,1,Minor Arterial,4,2790,X002896181,Not Toll,,1,1,"Divided, No Median Barrier",2,2947615.72668271,1914923.35050794,41.8993465,-87.77527658,,Urban,8,N,(N/A),Y,(N/A)
2023,2023-01-17,Tuesday,10,10:45 AM,Injury,C Injury Crash,1,0,0,0,1,1,Turning,10,N,N,Improper Backing,Unable to Determine,Daylight,Cloudy/Overcast,Dry,N,,,,,Stop Sign,Functioning Properly,Y,2,41.887228,-87.8007258,ok,(UNK),1,2300321,2023,,30,18,50000 and OVER,9,4295,Oak Park,C,Urban Major Collector,,16,17,12044119,1,Cook,1,23,,,2,N,No,Free Flow,202301022803,City,1,0.2,N,,,,(UNK),88118,(N/A),(UNK),No Defects,1,1,Major Collector,5,1405,X002897590,Not Toll,73,2,4,Not Divided,1,2940810.50088584,1910312.12302034,41.88722018,-87.80071996,,Urban,8,N,(N/A),Y,(N/A)
2023,2023-01-16,Monday,15,03:00 PM,Property Damage,No Injuries,0,0,0,0,0,2,Front to Rear,11,N,N,Failing to Reduce Speed to Avoid Crash,Driving Skills/Knowledge/Experience,Daylight,Clear,Dry,N,,,,,Other,Functioning Properly,N,2,41.8734274,-87.8036934,ok,Partial Access Control,3,03-23-01004,2023,,28,15,50000 and OVER,9,4295,Oak Park,C,Urban InterState,,16,16,12044122,1,Cook,0,23,,,1,N,No,(UNK),202301022805,ISP,1,7.73999977,Y,,,,(UNK),88353,(N/A),(UNK),No Defects,1,1,InterState,1,290,X002897593,Not Toll,73,13,4,Divided With Median Barrier,3,2940140.92990317,1905260.66518591,41.8734196,-87.8036876,,Urban,1,N,(N/A),Y,(N/A)
2023,2023-09-30,Saturday,18,06:06 PM,Injury,B Injury Crash,1,0,0,1,0,1,Pedestrian,1,Y,N,Failing to Yield Right of Way,Failing to Reduce Speed to Avoid Crash,Daylight,Clear,Dry,N,,,,,Other Warning Sign,Functioning Properly,Y,1,41.8797555,-87.7953374,ok,(UNK),1,2306214,2023,,2,28,50000 and OVER,9,4295,Oak Park,C,Urban Minor Arterial,,16,30,12354471,9,Cook,2,23,,,6,N,No,Free Flow,202301313084,City,1,3.53999996,N,,,,(UNK),88647,(N/A),(UNK),No Defects,1,1,Minor Arterial,4,1419,X003171870,Not Toll,73,11,4,"Divided, No Median Barrier",2,2942353.07916619,1907629.51969835,41.87974765,-87.79533162,,Urban,1,N,(N/A),Y,(N/A)
2023,2023-06-29,Thursday,17,05:40 PM,Property Damage,No Injuries,0,0,0,0,0,5,Front to Rear,11,N,N,Following Too Closely,Driving Skills/Knowledge/Experience,Daylight,Clear,Dry,N,,,,,No Controls,No Controls,N,3,41.8834466,-87.7845461,ok,(UNK),1,2303960,2023,,3,15,50000 and OVER,9,4295,Oak Park,C,Urban Major Collector,,16,29,12237458,6,Cook,0,23,,,4,N,Yes,Stopped,202301202221,City,1,1.27999997,N,,,,(UNK),88786,(N/A),(UNK),No Defects,1,1,Major Collector,5,2783,X003068049,Not Toll,73,1,1,"Divided, No Median Barrier",2,2945254.63532622,1909056.04772929,41.88343872,-87.7845403,,Urban,1,N,(N/A),Y,(N/A)
2023,2023-06-29,Thursday,17,05:00 PM,Property Damage,No Injuries,0,0,0,0,0,2,Turning,10,N,N,Failing to Reduce Speed to Avoid Crash,Unable to Determine,Daylight,Clear,Dry,Y,,,,,Stop Sign,Functioning Properly,N,2,41.898282,-87.780115,ok,(UNK),1,2303959,2023,,28,18,50000 and OVER,9,4295,Oak Park,C,Urban Local Road or Street,,16,29,12237433,6,Cook,0,23,,,4,N,No,Slow,202301202195,City,1,0.75,N,,,,(UNK),88845,(N/A),(UNK),No Defects,1,1,Local Road or Street,7,3559,X003068025,Not Toll,73,2,4,Four Way,14,2946310.87576045,1914495.92115345,41.89827419,-87.78010923,,Urban,1,N,(N/A),Y,(N/A)
2023,2023-06-22,Thursday,16,04:40 PM,Property Damage,No Injuries,0,0,0,0,0,3,Front to Rear,11,N,N,Failing to Reduce Speed to Avoid Crash,Following Too Closely,Daylight,Clear,Dry,N,,,,,Other Regualtory Sig,Functioning Properly,N,3,41.871841,-87.7830148,ok,Partial Access Control,3,03-23-11211,2023,,28,3,50000 and OVER,9,4295,Oak Park,C,Urban InterState,,16,22,12237505,6,Cook,0,23,,,4,N,No,(UNK),202301202264,ISP,1,8.77000046,Y,,,,(UNK),88978,(N/A),(UNK),No Defects,1,1,InterState,1,290,X003068091,Not Toll,73,10,4,Divided With Median Barrier,3,2945789.15775401,1904838.36096257,41.87183319,-87.78300904,,Urban,1,N,(N/A),Y,(N/A)
2023,2023-06-21,Wednesday,14,02:05 PM,Property Damage,No Injuries,0,0,0,0,0,2,Front to Rear,11,N,N,Failing to Reduce Speed to Avoid Crash,Following Too Closely,Daylight,Clear,Dry,N,,,,,No Controls,No Controls,N,2,41.873602,-87.8025278,ok,Partial Access Control,3,03-23-11141,2023,,28,3,50000 and OVER,9,4295,Oak Park,C,Urban InterState,,16,21,12238529,6,Cook,0,23,,,3,N,No,(UNK),202301203230,ISP,1,7.78999996,Y,,,,(UNK),89323,(N/A),(UNK),No Defects,1,1,InterState,1,290,X003069054,Not Toll,73,1,1,Divided With Median Barrier,3,2940456.65494771,1905333.03022312,41.87359417,-87.80252197,,Urban,1,N,(N/A),Y,(N/A)
2023,2023-06-24,Saturday,21,09:30 PM,Property Damage,No Injuries,0,0,0,0,0,3,Sideswipe Same Direction,12,N,N,(N/A),(N/A),Unknown,Unknown,Unknown,N,,,,,Traffic Signal,Unknown,Y,2,41.8796792,-87.7998665,ok,(UNK),1,2303851,2023,,99,99,50000 and OVER,9,4295,Oak Park,C,Urban Minor Arterial,,16,24,12233689,6,Cook,0,23,,,6,N,No,(UNK),202301198363,City,9,3.31999993,N,,,,(UNK),89355,(N/A),(UNK),No Defects,1,9,Minor Arterial,4,1419,X003064768,Not Toll,73,3,9,"Divided, No Median Barrier",2,2941120.38883641,1907567.6618708,41.87967139,-87.79986072,,Urban,9,N,(N/A),Y,(N/A)
2023,2023-09-22,Friday,15,03:37 PM,Injury,B Injury Crash,1,0,0,1,0,1,Pedestrian,1,Y,N,Failing to Yield Right of Way,Failing to Reduce Speed to Avoid Crash,Daylight,Cloudy/Overcast,Dry,N,,,,,Stop Sign,Functioning Properly,N,1,41.8706378,-87.7939329,ok,(UNK),1,2305989,2023,,2,28,50000 and OVER,9,4295,Oak Park,C,Urban Major Collector,,16,22,12354340,9,Cook,2,23,,,5,N,No,Slow,202301312958,City,1,6.78999996,N,,,,(UNK),89626,(N/A),(UNK),No Defects,1,1,Major Collector,5,2775,X003171743,Not Toll,73,2,4,Not Divided,1,2942827.47836453,1904317.44899773,41.87062997,-87.79392713,,Urban,8,N,(N/A),Y,(N/A)
2023,2023-09-29,Friday,17,05:36 PM,Property Damage,No Injuries,0,0,0,0,0,1,Fixed Object,6,N,N,Distraction - From Outside Vehicle,Failing to Reduce Speed to Avoid Crash,Daylight,Clear,Dry,Y,,,,,No Controls,No Controls,N,1,41.876385,-87.7756017,ok,(UNK),1,2306187,2023,,40,28,50000 and OVER,9,4295,Oak Park,C,Urban Local Road or Street,,16,29,12354385,9,Cook,0,23,TREE,,5,N,No,Free Flow,202301313002,City,1,0,N,,,,(UNK),89658,(N/A),(UNK),No Defects,1,1,Local Road or Street,7,,X003171787,Not Toll,73,1,1,Not Divided,1,2947762.14797872,1906550.46032623,41.87637717,-87.77559592,,Urban,1,N,(N/A),Y,(N/A)
2023,2023-09-30,Saturday,12,12:06 PM,Injury,B Injury Crash,2,0,0,1,1,0,Angle,15,N,N,Failing to Yield Right of Way,(N/A),Daylight,Clear,Dry,Y,,,,,Stop Sign,Functioning Properly,N,2,41.8903612,-87.7847758,ok,(UNK),1,2306204,2023,,2,99,50000 and OVER,9,4295,Oak Park,C,Urban Major Collector,,16,30,12354417,9,Cook,2,23,,,6,N,No,Free Flow,202301313033,City,1,0.79000002,N,,,,(UNK),89660,(N/A),(UNK),No Defects,1,1,Major Collector,5,2783,X003171817,Not Toll,73,2,4,Not Divided,1,2945122.11401612,1911574.11600928,41.89035331,-87.78476996,,Urban,1,N,(N/A),Y,(N/A)
2023,2023-09-29,Friday,19,07:01 PM,Injury,C Injury Crash,1,0,0,0,1,1,Parked Motor Vehicle,9,N,N,Improper Lane Usage,(N/A),Darkness,Clear,Dry,N,,,,,No Controls,No Controls,N,2,41.8815193,-87.7984462,ok,(UNK),1,2306192,2023,,20,99,50000 and OVER,9,4295,Oak Park,C,Urban Major Collector,,16,29,12354396,9,Cook,1,23,,,5,N,No,Free Flow,202301313011,City,4,0.33000001,N,,,,(UNK),89825,(N/A),(UNK),No Defects,1,1,Major Collector,5,5,X003171796,Not Toll,73,1,1,Not Divided,1,2941488.69598968,1908248.8891283,41.88151145,-87.79844036,,Urban,1,N,(N/A),Y,(N/A)
2023,2023-09-30,Saturday,11,11:41 AM,Property Damage,No Injuries,0,0,0,0,0,1,Parked Motor Vehicle,9,N,N,Improper Lane Usage,Unable to Determine,Daylight,Clear,Dry,N,,,,,No Controls,No Controls,N,3,41.8815865,-87.794423,ok,(UNK),1,2306203,2023,,20,18,50000 and OVER,9,4295,Oak Park,C,Urban Major Collector,,16,30,12354413,9,Cook,0,23,,,6,N,Yes,(UNK),202301313029,City,1,0.54000002,N,,,,(UNK),89826,(N/A),(UNK),No Defects,1,1,Major Collector,5,5,X003171813,Not Toll,73,1,1,"Divided, No Median Barrier",2,2942583.67094698,1908303.66306975,41.88157867,-87.79441715,,Urban,1,N,(N/A),Y,(N/A)
2023,2023-11-17,Friday,23,11:20 PM,Property Damage,No Injuries,0,0,0,0,0,1,Parked Motor Vehicle,9,N,N,Failing to Reduce Speed to Avoid Crash,Unable to Determine,Darkness / Lighted Road,Clear,Dry,N,,,,,No Controls,No Controls,Y,2,41.8928094,-87.8027649,ok,(UNK),1,2307272,2023,,28,18,50000 and OVER,9,4295,Oak Park,C,Urban Local Road or Street,,16,17,12420923,11,Cook,0,23,,,5,N,No,Free Flow,202301376152,City,5,0,N,,,,(UNK),89971,(N/A),(UNK),No Defects,1,1,Local Road or Street,7,,X003230809,Not Toll,73,1,1,Not Divided,1,2940199.1676292,1912330.76161493,41.89280153,-87.80275908,,Urban,1,N,(N/A),Y,(N/A)
2023,2023-11-17,Friday,14,02:20 PM,Property Damage,No Injuries,0,0,0,0,0,2,Sideswipe Same Direction,12,N,N,Improper Overtaking/Passing,(N/A),Daylight,Clear,Dry,Y,,,,,Traffic Signal,Functioning Properly,Y,2,41.8797192,-87.7942755,ok,(UNK),1,2307287,2023,,4,99,50000 and OVER,9,4295,Oak Park,C,Urban Minor Arterial,,16,17,12420932,11,Cook,0,23,,,5,N,No,Slow,202301376163,City,1,3.5999999,N,,,,(UNK),89973,(N/A),(UNK),No Defects,1,1,Minor Arterial,4,1419,X003230816,Not Toll,73,3,4,Four Way,14,2942642.63533193,1907624.28986813,41.87971136,-87.79426975,,Urban,1,N,(N/A),Y,(N/A)