crash_year,crash_date,day_of_week,crash_hour,time_of_crash,crash_severity,crash_injury_severity,total_injured,total_fatals,a_injuries,b_injuries,c_injuries,no_injuries,type_of_first_crash,collision_type_code,pedestrian_involved,pedalcyclist_involved,cause1,cause2,lighting_cond,weather_cond,road_surface_cond,intersection_related,is_intersection,highway_or_street_name,at_intersection_with,address_no,traffic_control_device,traffic_control_device_cond,hit_and_run,number_of_vehicles,latitude,longitude,location_status,access_control,agency_code,agency_report_number,agency_report_year,alignment_code,cause1_code,cause2_code,city_class,city_class_code,city_code,city_name,city_township_flag,class_of_trafficway,class_of_trafficway_code,county_code,crash_day,crash_id,crash_month,crash_report_county,crash_severity_cd,crash_yr_source,damaged_property1,damaged_property2,day_of_week_code,did_crash_occur_in_work_zone,did_involve_secondary_crash,flow_condition,icn,investigating_agency_descrip,light_condition_code,mile_station,nhs,non_intersection_direction,non_intersection_distance,non_intersection_units,number_of_lanes,objectid,railroad_crossing_number,road_alignment,road_defects,road_defects_code,road_surface_condition_code,roadway_functional_class,roadway_functional_class_code,route_number,sfe,toll,township,traffic_control_device_code,traffic_control_device_cond_code,trafficway_descrip,trafficway_description_code,ts_crash_coordinate_x,ts_crash_coordinate_y,ts_crash_latitude,ts_crash_longitude,type_report,urban_rural,weather_code,were_workers_present,work_zone,work_zone_related,work_zone_type
2023,2023-09-30,Saturday,13,01:42 PM,Property Damage,No Injuries,0,0,0,0,0,2,Rear to Front,18,N,N,Following Too Closely,Driving Skills/Knowledge/Experience,Daylight,Clear,Dry,N,,,,,No Controls,No Controls,N,3,41.885468,-87.774811,ok,(UNK),1,2306207,2023,,3,15,50000 and OVER,9,4295,Oak Park,C,Urban Minor Arterial,,16,30,12354427,9,Cook,0,23,,,6,N,Yes,Slow,202301313043,City,1,7.30999994,N,,,,(UNK),90481,(N/A),(UNK),No Defects,1,1,Minor Arterial,4,2790,X003171827,Not Toll,,1,1,"Divided, No Median Barrier",2,2947885.21054332,1909866.49215452,41.8854602,-87.77480518,,Urban,1,N,(N/A),Y,(N/A)
2023,2023-12-23,Saturday,20,08:52 PM,Property Damage,No Injuries,0,0,0,0,0,3,Turning,10,N,N,Failing to Yield Right of Way,Failing to Reduce Speed to Avoid Crash,Darkness / Lighted Road,Rain,Wet,Y,,,,,Traffic Signal,Functioning Properly,N,2,41.8727909,-87.7744057,ok,(UNK),1,2308078,2023,,2,28,50000 and OVER,9,4295,Oak Park,C,Urban Minor Arterial,,16,23,12465580,12,Cook,0,23,,,6,N,No,Free Flow,202301419462,City,5,8.23999977,N,,,,(UNK),90623,(N/A),(UNK),No Defects,1,2,Minor Arterial,4,2790,X003270626,Not Toll,,3,4,Four Way,14,2948124.40640716,1905249.770467,41.87278303,-87.77439994,,Urban,2,N,(N/A),Y,(N/A)
2023,2023-12-22,Friday,18,06:45 PM,Property Damage,No Injuries,0,0,0,0,0,2,Front to Rear,11,N,N,Failing to Reduce Speed to Avoid Crash,Unable to Determine,Darkness / Lighted Road,Rain,Wet,Y,,,,,No Controls,No Controls,N,2,41.8943898,-87.7961502,ok,(UNK),1,2308059,2023,,28,18,50000 and OVER,9,4295,Oak Park,C,Urban Minor Arterial,,16,22,12465601,12,Cook,0,23,,,5,N,No,Slow,202301419477,City,5,3.01999998,N,,,,(UNK),90744,(N/A),(UNK),No Defects,1,2,Minor Arterial,4,1398,X003270641,Not Toll,73,1,1,Not Divided,1,2941984.31149497,1912956.42159572,41.89438197,-87.79614445,,Urban,2,N,(N/A),Y,(N/A)
2023,2023-12-22,Friday,19,07:07 PM,Property Damage,No Injuries,0,0,0,0,0,2,Front to Rear,11,N,N,Failing to Reduce Speed to Avoid Crash,(N/A),Darkness / Lighted Road,Rain,Wet,N,,,,,Traffic Signal,Functioning Properly,N,2,41.8723144,-87.8043465,ok,(UNK),1,2308060,2023,,28,99,50000 and OVER,9,4295,Oak Park,C,Urban Local Road or Street,,16,22,12465600,12,Cook,0,23,,,5,N,No,Slow,202301419476,City,5,0,N,,,,(UNK),90777,(N/A),(UNK),No Defects,1,2,Local Road or Street,7,,X003270640,Not Toll,73,3,4,"Divided, No Median Barrier",2,2939974.22117764,1904850.15255316,41.87230655,-87.80434068,,Urban,2,N,(N/A),Y,(N/A)
2023,2023-12-23,Saturday,13,01:26 PM,Property Damage,No Injuries,0,0,0,0,0,2,Turning,10,N,N,Failing to Yield Right of Way,Failing to Reduce Speed to Avoid Crash,Daylight,Clear,Wet,N,,,,,No Controls,No Controls,N,2,41.8816274,-87.7796043,ok,(UNK),1,2308068,2023,,2,28,50000 and OVER,9,4295,Oak Park,C,Urban Local Road or Street,,16,23,12465603,12,Cook,0,23,,,6,N,No,Free Flow,202301419478,City,1,0.44999999,N,,,,(UNK),90778,(N/A),(UNK),No Defects,1,2,Local Road or Street,7,3794,X003270642,Not Toll,73,1,1,"Divided, No Median Barrier",2,2946618.84869633,1908430.51503937,41.88161953,-87.77959855,,Urban,1,N,(N/A),Y,(N/A)
2023,2023-12-22,Friday,14,02:12 PM,Injury,C Injury Crash,2,0,0,0,2,1,Angle,15,N,N,Disregarding Other Traffic Signs,(N/A),Daylight,Rain,Wet,Y,,,,,Other,Functioning Properly,N,2,41.9071934,-87.7949935,ok,(UNK),1,2308052,2023,,24,99,50000 and OVER,9,4295,Oak Park,C,Urban Major Collector,,16,22,12465591,12,Cook,1,23,,,5,N,No,Slow,202301419469,City,1,4.23000002,N,,,,(UNK),90818,(N/A),(UNK),No Defects,1,2,Major Collector,5,2775,X003270633,Not Toll,73,13,4,Four Way,14,2942170.21391232,1917630.99673744,41.90718554,-87.79498768,,Urban,2,N,(N/A),Y,(N/A)
2023,2023-12-23,Saturday,15,03:03 PM,Property Damage,No Injuries,0,0,0,0,0,3,Front to Rear,11,N,N,Evasive Action Due to Animal / Object / Non-Motorist,(N/A),Daylight,Rain,Dry,Y,,,,,Traffic Signal,Functioning Properly,Y,3,41.8878578,-87.8049958,ok,(UNK),1,2308072,2023,,32,99,50000 and OVER,9,4295,Oak Park,C,Urban Other Principal Arte,,16,23,12465610,12,Cook,0,23,,,6,N,No,Slow,202301419482,City,1,19.11000061,Y,,,,(UNK),90819,(N/A),(UNK),No Defects,1,1,Other Principal Arterial,3,348,X003270646,Not Toll,73,3,4,"Divided, No Median Barrier",2,2939641.41234475,1910509.59539443,41.88785,-87.80499,,Urban,2,N,(N/A),Y,(N/A)
2023,2023-09-29,Friday,15,03:28 PM,Property Damage,No Injuries,0,0,0,0,0,4,Front to Rear,11,N,N,Failing to Yield Right of Way,(N/A),Daylight,Clear,Dry,Y,,,,,Stop Sign,Functioning Properly,N,2,41.8816105,-87.7910524,ok,(UNK),1,2306184,2023,,2,99,50000 and OVER,9,4295,Oak Park,C,Urban Major Collector,,16,29,12354379,9,Cook,0,23,,,5,N,No,Slow,202301312996,City,1,0.70999998,N,,,,(UNK),91143,(N/A),(UNK),No Defects,1,1,Major Collector,5,5,X003171781,Not Toll,73,2,4,Four Way,14,2943501.33050249,1908337.81706488,41.88160268,-87.79104664,,Urban,1,N,(N/A),Y,(N/A)
2023,2023-09-30,Saturday,8,08:25 AM,Property Damage,No Injuries,0,0,0,0,0,2,Turning,10,N,N,Improper Overtaking/Passing,(N/A),Daylight,Clear,Dry,Y,,,,,Stop Sign,Functioning Properly,N,2,41.9058088,-87.7821648,ok,(UNK),1,2306199,2023,,4,99,50000 and OVER,9,4295,Oak Park,C,Urban Local Road or Street,,16,30,12354412,9,Cook,0,23,,,6,N,No,Free Flow,202301313027,City,1,0,N,,,,(UNK),91145,(N/A),(UNK),No Defects,1,1,Local Road or Street,7,,X003171812,Not Toll,73,2,4,Four Way,14,2945676.52986767,1917223.28144209,41.90580091,-87.78215897,,Urban,1,N,(N/A),Y,(N/A)
2023,2023-10-01,Sunday,16,04:27 PM,Property Damage,No Injuries,0,0,0,0,0,3,Front to Rear,11,N,N,Failing to Yield Right of Way,Failing to Reduce Speed to Avoid Crash,Daylight,Clear,Dry,Y,,,,,Traffic Signal,Functioning Properly,Y,3,41.8978908,-87.8053853,ok,(UNK),1,2306230,2023,,2,28,50000 and OVER,9,4295,Oak Park,C,Urban Other Principal Arte,,16,1,12354476,10,Cook,0,23,,,7,N,No,Slow,202301313088,City,1,18.40999985,Y,,,,(UNK),91414,(N/A),(UNK),No Defects,1,1,Other Principal Arterial,3,348,X003171873,Not Toll,73,3,4,"Divided, No Median Barrier",2,2939434.68615053,1914162.88572757,41.89788299,-87.80537947,,Urban,1,N,(N/A),Y,(N/A)
2023,2023-10-01,Sunday,20,08:30 PM,Property Damage,No Injuries,0,0,0,0,0,1,Fixed Object,6,N,N,Driving Skills/Knowledge/Experience,(N/A),Darkness,Clear,Dry,N,,,,,No Controls,No Controls,N,1,41.8874548,-87.7846651,ok,(UNK),1,2306234,2023,,15,99,50000 and OVER,9,4295,Oak Park,C,Urban Major Collector,,16,1,12354483,10,Cook,0,23,VIADUCT,,7,N,No,Free Flow,202301313093,City,4,0.99000001,N,,,,(UNK),91415,(N/A),(UNK),No Defects,1,1,Major Collector,5,2783,X003171878,Not Toll,73,1,1,Not Divided,1,2945181.67258967,1910515.83029009,41.88744698,-87.78465926,,Urban,1,N,(N/A),Y,(N/A)
2023,2023-11-20,Monday,17,05:38 PM,Injury,B Injury Crash,1,0,0,1,0,0,Fixed Object,6,N,N,Failing to Reduce Speed to Avoid Crash,Weather,Darkness / Lighted Road,Rain,Wet,Y,,,,,Traffic Signal,Functioning Properly,N,1,41.8710579,-87.7742961,ok,Partial Access Control,3,03-23-22049,2023,,28,11,50000 and OVER,9,4295,Oak Park,C,Urban InterState,,16,20,12427652,11,Cook,2,23,,,1,N,No,(UNK),202301383008,ISP,5,0,Y,,,,(UNK),91891,(N/A),(UNK),No Defects,1,2,InterState,1,290,X003236888,Not Toll,,3,4,Ramp,11,2948171.88730831,1904619.06069781,41.87105002,-87.77429027,,Urban,2,N,(N/A),Y,(N/A)
2023,2023-06-28,Wednesday,10,10:37 AM,Property Damage,No Injuries,0,0,0,0,0,2,Sideswipe Same Direction,12,N,N,Improper Overtaking/Passing,Driving Skills/Knowledge/Experience,Daylight,Fog/Smoke/Haze,Dry,N,,,,,No Controls,No Controls,N,2,41.8731781,-87.798658,ok,Partial Access Control,3,03-23-11618,2023,,4,15,50000 and OVER,9,4295,Oak Park,C,Urban InterState,,16,28,12237767,6,Cook,0,23,,,3,N,No,(UNK),202301202514,ISP,1,0.01,Y,,,,(UNK),92057,(N/A),(UNK),No Defects,1,1,InterState,1,290,X003068337,Not Toll,,1,1,Divided With Median Barrier,3,2941514.92629719,1905207.63346009,41.8731703,-87.79865216,,Urban,4,N,(N/A),Y,(N/A)
2023,2023-06-24,Saturday,15,03:25 PM,Property Damage,No Injuries,0,0,0,0,0,5,Front to Rear,11,N,N,Following Too Closely,Driving Skills/Knowledge/Experience,Daylight,Clear,Dry,N,,,,,Traffic Signal,Functioning Properly,N,2,41.8710478,-87.7841758,ok,(UNK),1,2303840,2023,,3,15,50000 and OVER,9,4295,Oak Park,C,Urban Major Collector,,16,24,12232243,6,Cook,0,23,,,6,N,No,Stopped,202301196969,City,1,0,N,,,,(UNK),92109,(N/A),(UNK),No Defects,1,1,Major Collector,5,290,X003063501,Not Toll,73,3,4,"Divided, No Median Barrier",2,2945480.96989134,1904540.52399926,41.87104,-87.78417,,Urban,1,N,(N/A),Y,(N/A)
2023,2023-06-02,Friday,4,04:37 AM,Property Damage,No Injuries,0,0,0,0,0,1,Parked Motor Vehicle,9,N,N,Distraction - From Inside Vehicle,Driving Skills/Knowledge/Experience,Dawn,Clear,Dry,N,,,,,No Controls,No Controls,N,4,41.8815789,-87.7925786,ok,(UNK),1,2303302,2023,,41,15,50000 and OVER,9,4295,Oak Park,C,Urban Major Collector,,16,2,12233815,6,Cook,0,23,,,5,N,Yes,Free Flow,202301198543,City,2,0.63,N,,,,(UNK),92247,(N/A),(UNK),No Defects,1,1,Major Collector,5,5,X003064883,Not Toll,73,1,1,Not Divided,1,2943086.02480215,1908314.79309928,41.88157108,-87.7925728,,Urban,1,N,(N/A),Y,(N/A)
2023,2023-06-25,Sunday,6,06:34 AM,Injury,C Injury Crash,1,0,0,0,1,0,Parked Motor Vehicle,9,N,N,Under Influence of Alcohol/Drugs,(N/A),Daylight,Clear,Dry,N,,,,,No Controls,No Controls,N,2,41.9083665,-87.7807815,ok,(UNK),1,2303847,2023,,8,99,50000 and OVER,9,4295,Oak Park,C,Urban Local Road or Street,,16,25,12236009,6,Cook,1,23,,,7,N,No,Free Flow,202301201094,City,1,0.06,N,,,,(UNK),92870,(N/A),(UNK),No Defects,1,1,Local Road or Street,7,3559,X003066958,Not Toll,73,1,1,Not Divided,1,2946027.16170937,1918165.84063931,41.90835862,-87.78077568,,Urban,1,N,(N/A),Y,(N/A)
2023,2023-06-30,Friday,11,11:42 AM,Property Damage,No Injuries,0,0,0,0,0,2,Front to Rear,11,N,N,Failing to Reduce Speed to Avoid Crash,(N/A),Daylight,Clear,Dry,N,,,,,Other,Functioning Properly,N,2,41.8735084,-87.8045249,ok,Partial Access Control,3,03-23-11744,2023,,28,99,50000 and OVER,9,4295,Oak Park,C,Urban InterState,,16,30,12240137,6,Cook,0,23,,,5,N,No,(UNK),202301204758,ISP,1,7.69999981,Y,,,,(UNK),93156,(N/A),(UNK),No Defects,1,1,InterState,1,290,X003070603,Not Toll,73,13,4,Divided With Median Barrier,3,2939913.64527683,1905283.94472545,41.8735006,-87.8045191,,Urban,1,N,(N/A),Y,(N/A)
2023,2023-03-04,Saturday,9,09:33 AM,Property Damage,No Injuries,0,0,0,0,0,3,Sideswipe Same Direction,12,N,N,Failing to Reduce Speed to Avoid Crash,Failing to Yield Right of Way,Daylight,Clear,Dry,N,,,,,No Controls,No Controls,N,2,41.8800012,-87.7762857,ok,(UNK),1,2301265,2023,,28,2,50000 and OVER,9,4295,Oak Park,C,Urban Minor Arterial,,16,4,12100699,3,Cook,0,23,,,6,N,No,(UNK),202301073786,City,1,4.53999996,N,,,,(UNK),93785,(N/A),(UNK),No Defects,1,1,Minor Arterial,4,1419,X002946537,Not Toll,73,1,1,"Divided, No Median Barrier",2,2947539.15039519,1907863.07528627,41.87999336,-87.77627987,,Urban,1,N,(N/A),Y,(N/A)
2023,2023-03-05,Sunday,22,10:21 PM,Property Damage,No Injuries,0,0,0,0,0,3,Fixed Object,6,N,N,Unable to Determine,(N/A),Darkness,Rain,Wet,Y,,,,,No Controls,No Controls,N,2,41.882098,-87.7763571,ok,(UNK),1,2301293,2023,,18,99,50000 and OVER,9,4295,Oak Park,C,Urban Major Collector,,16,5,12100756,3,Cook,0,23,FIRE HYDRANT,,7,N,No,(UNK),202301073851,City,4,1.46000004,N,,,,(UNK),93825,(N/A),(UNK),No Defects,1,2,Major Collector,5,5,X002946592,Not Toll,73,1,1,Not Divided,1,2947498.38956086,1908626.63480762,41.88209013,-87.77635135,,Urban,2,N,(N/A),Y,(N/A)
2023,2023-06-25,Sunday,2,02:18 AM,Property Damage,No Injuries,0,0,0,0,0,2,Fixed Object,6,N,N,Weather,Driving Skills/Knowledge/Experience,Darkness / Lighted Road,Rain,Wet,N,,,,,No Controls,No Controls,N,1,41.8798831,-87.7836454,ok,(UNK),1,2303845,2023,,11,15,50000 and OVER,9,4295,Oak Park,C,Urban Minor Arterial,,16,25,12232356,6,Cook,0,23,,,7,N,No,Free Flow,202301196975,City,5,4.15999985,N,,,,(UNK),94438,(N/A),(UNK),No Defects,1,2,Minor Arterial,4,1419,X003063506,Not Toll,73,1,1,Divided With Median Barrier,3,2945536.00553943,1907764.2742756,41.87987528,-87.78363957,,Urban,2,N,(N/A),Y,(N/A)
2023,2023-06-25,Sunday,13,01:39 PM,Property Damage,No Injuries,0,0,0,0,0,3,Angle,15,N,N,Failing to Yield Right of Way,(N/A),Daylight,Cloudy/Overcast,Dry,Y,,,,,Stop Sign,Functioning Properly,N,2,41.8930989,-87.7848363,ok,(UNK),1,2303854,2023,,2,99,50000 and OVER,9,4295,Oak Park,C,Urban Major Collector,,16,25,12232391,6,Cook,0,23,,,7,N,No,Free Flow,202301197014,City,1,0.60000002,N,,,,(UNK),94558,(N/A),(UNK),No Defects,1,1,Major Collector,5,2783,X003063538,Not Toll,73,2,4,"Divided, No Median Barrier",2,2945077.92719988,1912571.32790243,41.89309101,-87.78483047,,Urban,8,N,(N/A),Y,(N/A)
2023,2023-06-23,Friday,21,09:00 PM,Property Damage,No Injuries,0,0,0,0,0,1,Parked Motor Vehicle,9,N,N,Failing to Reduce Speed to Avoid Crash,(N/A),Unknown,Unknown,Unknown,N,,,,,No Controls,No Controls,Y,2,41.8738072,-87.7793188,ok,(UNK),1,2303827,2023,,28,99,50000 and OVER,9,4295,Oak Park,C,Urban Minor Collector,,16,23,12232219,6,Cook,0,23,,,5,N,No,Free Flow,202301196951,City,9,0.99000001,N,,,,(UNK),94600,(N/A),(UNK),No Defects,1,9,Minor Collector,6,3794,X003063485,Not Toll,73,1,1,"Divided, No Median Barrier",2,2946775.92343351,1905582.8430154,41.87379931,-87.77931301,,Urban,9,N,(N/A),Y,(N/A)
2023,2023-06-29,Thursday,14,02:30 PM,Property Damage,No Injuries,0,0,0,0,0,2,Front to Rear,11,N,N,Failing to Reduce Speed to Avoid Crash,Following Too Closely,Daylight,Blowing Snow,Dry,N,,,,,Other,Functioning Properly,N,2,41.8726019,-87.7936295,ok,Partial Access Control,3,03-23-11690,2023,,28,3,50000 and OVER,9,4295,Oak Park,C,Urban InterState,,16,29,12240138,6,Cook,0,23,,,4,N,No,(UNK),202301204759,ISP,1,8.21000004,Y,,,,(UNK),94702,(N/A),(UNK),No Defects,1,1,InterState,1,290,X003070604,Not Toll,73,13,4,Divided With Median Barrier,3,2942890.33333333,1905035.5,41.8725941,-87.79362368,,Urban,11,N,(N/A),Y,(N/A)
2023,2023-10-02,Monday,17,05:56 PM,Property Damage,No Injuries,0,0,0,0,0,2,Front to Rear,11,N,N,Following Too Closely,Failing to Reduce Speed to Avoid Crash,Darkness / Lighted Road,Clear,Dry,N,,,,,Traffic Signal,Functioning Properly,N,2,41.8970629,-87.805346,ok,(UNK),1,2306253,2023,,3,28,50000 and OVER,9,4295,Oak Park,C,Urban Other Principal Arte,,16,2,12354696,10,Cook,0,23,,,1,N,No,Slow,202301313267,City,5,18.46999931,Y,,,,(UNK),94815,(N/A),(UNK),No Defects,1,1,Other Principal Arterial,3,348,X003172042,Not Toll,73,3,4,"Divided, No Median Barrier",2,2939453.67420317,1913861.47386126,41.89705508,-87.80534024,,Urban,1,N,(N/A),Y,(N/A)
2023,2023-10-02,Monday,18,06:10 PM,Property Damage,No Injuries,0,0,0,0,0,4,Turning,10,N,N,Failing to Yield Right of Way,Unable to Determine,Daylight,Clear,Dry,Y,,,,,Traffic Signal,Functioning Properly,Y,2,41.8948359,-87.7751571,ok,(UNK),1,2306255,2023,,2,18,50000 and OVER,9,4295,Oak Park,C,Urban Minor Arterial,,16,2,12354711,10,Cook,0,23,,,1,N,No,Slow,202301313281,City,1,6.6500001,N,,,,(UNK),95201,(N/A),(UNK),No Defects,1,1,Minor Arterial,4,2790,X003172056,Not Toll,,3,4,Not Divided,1,2947695.75394953,1913277.70060957,41.89482808,-87.77515131,,Urban,1,N,(N/A),Y,(N/A)
2023,2023-02-26,Sunday,17,05:22 PM,Property Damage,No Injuries,0,0,0,0,0,4,Front to Front,14,N,N,Driving On Wrong Side/Wrong Way,Driving Skills/Knowledge/Experience,Daylight,Clear,Dry,N,,,,,No Controls,No Controls,Y,2,41.8869314,-87.7748513,ok,(UNK),1,2301165,2023,,5,15,50000 and OVER,9,4295,Oak Park,C,Urban Minor Arterial,,16,26,12092928,2,Cook,0,23,,,7,N,No,Free Flow,202301065568,City,1,7.21000004,N,,,,(UNK),96574,(N/A),(UNK),No Defects,1,1,Minor Arterial,4,2790,X002939753,Not Toll,,1,1,"Divided, No Median Barrier",2,2947859.34986445,1910399.45745408,41.88692355,-87.77484553,,Urban,1,N,(N/A),Y,(N/A)
2023,2023-02-24,Friday,15,03:39 PM,Injury,A Injury Crash,1,0,1,0,0,2,Angle,15,N,N,Failing to Yield Right of Way,Failing to Reduce Speed to Avoid Crash,Daylight,Clear,Dry,Y,,,,,Stop Sign,Functioning Properly,N,3,41.8946301,-87.7799858,ok,(UNK),1,2301120,2023,,2,28,50000 and OVER,9,4295,Oak Park,C,Urban Minor Arterial,,16,24,12092827,2,Cook,3,23,,,5,N,No,Free Flow,202301065451,City,1,1,N,,,,(UNK),96590,(N/A),(UNK),No Defects,1,1,Minor Arterial,4,3559,X002939666,Not Toll,73,2,4,Four Way,14,2946383.08862046,1913166.07343171,41.89462228,-87.77998005,,Urban,1,N,(N/A),Y,(N/A)
2023,2023-02-24,Friday,17,05:30 PM,Property Damage,No Injuries,0,0,0,0,0,2,Turning,10,N,N,Failing to Reduce Speed to Avoid Crash,Disregarding Stop Sign,Dusk,Clear,Dry,Y,,,,,Stop Sign,Functioning Properly,Y,2,41.8707778,-87.7792158,ok,(UNK),1,2301122,2023,,28,23,50000 and OVER,9,4295,Oak Park,C,Urban Minor Collector,,16,24,12092832,2,Cook,0,23,,,5,N,No,Free Flow,202301065453,City,3,0,N,,,,(UNK),96591,(N/A),(UNK),No Defects,1,1,Minor Collector,6,290,X002939667,Not Toll,73,2,4,"Divided, No Median Barrier",2,2946834.70176392,1904479.68816293,41.87077,-87.77921,,Urban,1,N,(N/A),Y,(N/A)
2023,2023-01-23,Monday,9,09:40 AM,Property Damage,No Injuries,0,0,0,0,0,4,Front to Rear,11,N,N,Failing to Reduce Speed to Avoid Crash,Following Too Closely,Daylight,Clear,Dry,N,,,,,Other,Functioning Properly,N,3,41.8720682,-87.7856445,ok,Partial Access Control,3,03-23-01291,2023,,28,3,50000 and OVER,9,4295,Oak Park,C,Urban InterState,,16,23,12053023,1,Cook,0,23,,,1,N,No,(UNK),202301029925,ISP,1,8.63000011,Y,,,,(UNK),97434,(N/A),(UNK),No Defects,1,1,InterState,1,290,X002904983,Not Toll,73,13,4,Divided With Median Barrier,3,2945070.6165786,1904901.25785997,41.87206036,-87.78563867,,Urban,1,N,(N/A),Y,(N/A)
2023,2023-01-25,Wednesday,18,06:13 PM,Injury,A Injury Crash,1,0,1,0,0,1,Pedestrian,1,Y,N,Failing to Yield Right of Way,Failing to Reduce Speed to Avoid Crash,Darkness / Lighted Road,Snow,Ice,N,,,,,Pedestrian Crossing,Functioning Properly,N,1,41.8886533,-87.8016457,ok,(UNK),1,2300496,2023,,2,28,50000 and OVER,9,4295,Oak Park,C,Urban Major Collector,,16,25,12053049,1,Cook,3,23,DOG,,3,N,No,Slow,202301029950,City,5,0,N,,,,(UNK),97461,(N/A),(UNK),No Defects,1,4,Major Collector,5,,X002905009,Not Toll,73,17,4,Not Divided,1,2940545.66513609,1910824.60220336,41.88864543,-87.80163992,,Urban,3,N,(N/A),Y,(N/A)
2023,2023-11-20,Monday,17,05:04 PM,Injury,B Injury Crash,1,0,0,1,0,1,Pedalcyclist,2,N,Y,Failing to Reduce Speed to Avoid Crash,Unable to Determine,Darkness,Rain,Wet,Y,,,,,Stop Sign,Functioning Properly,N,1,41.8982873,-87.7801153,ok,(UNK),1,2307349,2023,,28,18,50000 and OVER,9,4295,Oak Park,C,Urban Local Road or Street,,16,20,12422700,11,Cook,2,23,,,1,N,No,Slow,202301378237,City,4,0.75,N,,,,(UNK),97547,(N/A),(UNK),No Defects,1,2,Local Road or Street,7,3559,X003232147,Not Toll,73,2,4,T-Intersection,15,2946310.75148353,1914497.8437478,41.89827947,-87.78010949,,Urban,2,N,(N/A),Y,(N/A)
2023,2023-02-23,Thursday,22,10:09 PM,Injury,C Injury Crash,1,0,0,0,1,3,Angle,15,N,N,Failing to Yield Right of Way,Failing to Reduce Speed to Avoid Crash,Darkness / Lighted Road,Clear,Dry,Y,,,,,Stop Sign,No Controls,N,2,41.8779439,-87.7941767,ok,(UNK),1,2301102,2023,,2,28,50000 and OVER,9,4295,Oak Park,C,Urban Major Collector,,16,23,12092818,2,Cook,1,23,STOP SIGN,,4,N,No,Free Flow,202301065442,City,5,6.28999996,N,,,,(UNK),97981,(N/A),(UNK),No Defects,1,1,Major Collector,5,2775,X002939657,Not Toll,73,2,1,Not Divided,1,2942687.45674871,1906978.07624345,41.87793604,-87.79417087,,Urban,1,N,(N/A),Y,(N/A)
2023,2023-02-26,Sunday,16,04:52 PM,Property Damage,No Injuries,0,0,0,0,0,2,Front to Rear,11,N,N,(N/A),(N/A),Daylight,Clear,Unknown,N,,,,,No Controls,No Controls,N,2,41.8653678,-87.7817043,ok,(UNK),1,2301164,2023,,99,99,50000 and OVER,9,4295,Oak Park,C,Urban Other Principal Arte,,16,26,12092925,2,Cook,0,23,,,7,N,No,(UNK),202301065563,City,1,7.15999985,Y,,,,(UNK),98021,(N/A),(UNK),Unknown,99,9,Other Principal Arterial,3,347,X002939750,Not Toll,52,1,1,Unknown,9,2946211.692774,1902489.33399058,41.86536,-87.78169849,,Urban,1,N,(N/A),N,(N/A)
2023,2023-02-27,Monday,15,03:25 PM,Property Damage,No Injuries,0,0,0,0,0,2,Front to Rear,11,N,N,Physical Condition of Driver,Failing to Reduce Speed to Avoid Crash,Daylight,Clear,Dry,Y,,,,,Traffic Signal,Functioning Properly,N,2,41.879627,-87.8023283,ok,(UNK),1,2301180,2023,,17,28,50000 and OVER,9,4295,Oak Park,C,Urban Minor Arterial,,16,27,12092947,2,Cook,0,23,,,1,N,No,Stopped,202301065597,City,1,3.19000006,N,,,,(UNK),98076,(N/A),(UNK),No Defects,1,1,Minor Arterial,4,1419,X002939771,Not Toll,73,3,4,Four Way,14,2940450.46159849,1907530.14145358,41.87961916,-87.80232253,,Urban,1,N,(N/A),Y,(N/A)
2023,2023-02-25,Saturday,3,03:34 AM,Property Damage,No Injuries,0,0,0,0,0,3,Parked Motor Vehicle,9,N,N,Operating Vehicle In Reckless Manner,Had Been Drinking,Darkness / Lighted Road,Clear,Wet,N,,,,,No Controls,No Controls,Y,4,41.8946875,-87.7772925,ok,(UNK),1,2301130,2023,,50,19,50000 and OVER,9,4295,Oak Park,C,Urban Minor Arterial,,16,25,12092876,2,Cook,0,23,,,6,N,Yes,Free Flow,202301065499,City,5,4.01000023,N,,,,(UNK),98119,(N/A),(UNK),No Defects,1,2,Minor Arterial,4,1398,X002939704,Not Toll,73,1,1,Not Divided,1,2947115.83477495,1913207.41734618,41.89467969,-87.77728674,,Urban,1,N,(N/A),Y,(N/A)
2023,2023-02-27,Monday,14,02:17 PM,Property Damage,No Injuries,0,0,0,0,0,1,Parked Motor Vehicle,9,N,N,Improper Backing,Driving Skills/Knowledge/Experience,Daylight,Clear,Dry,N,,,,,No Controls,No Controls,Y,2,41.8864682,-87.7879057,ok,(UNK),1,2301179,2023,,30,15,50000 and OVER,9,4295,Oak Park,C,Urban Local Road or Street,,16,27,12092944,2,Cook,0,23,,,1,N,No,Free Flow,202301065593,City,1,0,N,,,,(UNK),98124,(N/A),(UNK),No Defects,1,1,Local Road or Street,7,,X002939768,Not Toll,73,1,1,Parking Lot,7,2944309.20460146,1910131.78821334,41.88646034,-87.78789986,,Urban,1,N,(N/A),Y,(N/A)