crash_year,crash_date,day_of_week,crash_hour,time_of_crash,crash_severity,crash_injury_severity,total_injured,total_fatals,a_injuries,b_injuries,c_injuries,no_injuries,type_of_first_crash,collision_type_code,pedestrian_involved,pedalcyclist_involved,cause1,cause2,lighting_cond,weather_cond,road_surface_cond,intersection_related,is_intersection,highway_or_street_name,at_intersection_with,address_no,traffic_control_device,traffic_control_device_cond,hit_and_run,number_of_vehicles,latitude,longitude,location_status,access_control,agency_code,agency_report_number,agency_report_year,alignment_code,cause1_code,cause2_code,city_class,city_class_code,city_code,city_name,city_township_flag,class_of_trafficway,class_of_trafficway_code,county_code,crash_day,crash_id,crash_month,crash_report_county,crash_severity_cd,crash_yr_source,damaged_property1,damaged_property2,day_of_week_code,did_crash_occur_in_work_zone,did_involve_secondary_crash,flow_condition,icn,investigating_agency_descrip,light_condition_code,mile_station,nhs,non_intersection_direction,non_intersection_distance,non_intersection_units,number_of_lanes,objectid,railroad_crossing_number,road_alignment,road_defects,road_defects_code,road_surface_condition_code,roadway_functional_class,roadway_functional_class_code,route_number,sfe,toll,township,traffic_control_device_code,traffic_control_device_cond_code,trafficway_descrip,trafficway_description_code,ts_crash_coordinate_x,ts_crash_coordinate_y,ts_crash_latitude,ts_crash_longitude,type_report,urban_rural,weather_code,were_workers_present,work_zone,work_zone_related,work_zone_type
2023,2023-03-13,Monday,7,07:34 AM,Property Damage,No Injuries,0,0,0,0,0,2,Front to Rear,11,N,N,Following Too Closely,Failing to Reduce Speed to Avoid Crash,Daylight,Snow,Wet,N,,,,,No Controls,No Controls,N,2,41.8730811,-87.7978591,ok,Partial Access Control,3,03-23-04358,2023,,3,28,50000 and OVER,9,4295,Oak Park,C,Urban InterState,,16,13,12109702,3,Cook,0,23,,,1,N,No,(UNK),202301082269,ISP,1,8.01000023,Y,,,,(UNK),98282,(N/A),(UNK),No Defects,1,2,InterState,1,290,X002954561,Not Toll,73,1,1,Divided With Median Barrier,3,2941733.4743357,1905178.27258725,41.87307325,-87.79785335,,Urban,3,N,(N/A),Y,(N/A)
2023,2023-02-27,Monday,7,07:47 AM,Injury,C Injury Crash,1,0,0,0,1,1,Pedestrian,1,Y,N,Failing to Yield Right of Way,Unable to Determine,Daylight,Rain,Wet,Y,,,,,Stop Sign,Functioning Properly,N,1,41.8905899,-87.8026724,ok,(UNK),1,2301173,2023,,2,18,50000 and OVER,9,4295,Oak Park,C,Urban Local Road or Street,,16,27,12092931,2,Cook,1,23,,,1,N,No,Slow,202301065571,City,1,0.57999998,N,,,,(UNK),98304,(N/A),(UNK),No Defects,1,2,Local Road or Street,7,1405,X002939756,Not Toll,73,2,4,Not Divided,1,2940246.65629953,1911522.62589404,41.89058202,-87.80266656,,Urban,2,N,(N/A),Y,(N/A)
2023,2023-03-17,Friday,18,06:54 PM,Injury,C Injury Crash,1,0,0,0,1,2,Turning,10,N,N,Improper Overtaking/Passing,Following Too Closely,Dusk,Clear,Dry,Y,,,,,No Controls,No Controls,N,2,41.8762092,-87.7880005,ok,(UNK),1,2301530,2023,,4,3,50000 and OVER,9,4295,Oak Park,C,Urban Local Road or Street,,16,17,12115055,3,Cook,1,23,,,5,N,No,Free Flow,202301087339,City,3,0,N,,,,(UNK),98410,(N/A),(UNK),No Defects,1,1,Local Road or Street,7,,X002959500,Not Toll,73,1,1,Not Divided,1,2944387.05003928,1906392.51017814,41.87620136,-87.78799472,,Urban,1,N,(N/A),Y,(N/A)
2023,2023-06-30,Friday,8,08:03 AM,Property Damage,No Injuries,0,0,0,0,0,2,Sideswipe Opposite Direction,13,N,N,Failing to Reduce Speed to Avoid Crash,(N/A),Daylight,Clear,Dry,N,,,,,No Controls,No Controls,N,2,41.8817178,-87.7844858,ok,(UNK),1,2303966,2023,,28,99,50000 and OVER,9,4295,Oak Park,C,Urban Major Collector,,16,30,12242107,6,Cook,0,23,,,5,N,No,(UNK),202301206763,City,1,1.02999997,N,,,,(UNK),98675,(N/A),(UNK),No Defects,1,1,Major Collector,5,5,X003072467,Not Toll,,1,1,"Divided, No Median Barrier",2,2945288.55435417,1908426.52439756,41.88171,-87.78448,,Urban,1,N,(N/A),Y,(N/A)
2023,2023-07-02,Sunday,5,05:38 AM,Injury,C Injury Crash,1,0,0,0,1,4,Angle,15,N,N,Disregarding Traffic Signals,Failing to Reduce Speed to Avoid Crash,Darkness / Lighted Road,Rain,Wet,Y,,,,,Traffic Signal,Functioning Properly,Y,2,41.8885678,-87.805026,ok,(UNK),1,2304013,2023,,25,28,50000 and OVER,9,4295,Oak Park,C,Urban Other Principal Arte,,16,2,12242207,7,Cook,1,23,LIGHT POLE,,7,N,No,Slow,202301206885,City,5,19.05999947,Y,,,,(UNK),98681,(N/A),(UNK),No Defects,1,2,Other Principal Arterial,3,348,X003072565,Not Toll,73,3,4,"Divided, No Median Barrier",2,2939626.066918,1910768.10461396,41.88856,-87.80502019,,Urban,2,N,(N/A),Y,(N/A)
2023,2023-07-01,Saturday,15,03:33 PM,Injury,C Injury Crash,1,0,0,0,1,1,Angle,15,N,N,Failing to Yield Right of Way,Failing to Reduce Speed to Avoid Crash,Daylight,Cloudy/Overcast,Dry,Y,,,,,Stop Sign,Functioning Properly,N,2,41.8704085,-87.7742824,ok,(UNK),1,2304005,2023,,2,28,50000 and OVER,9,4295,Oak Park,C,Urban Minor Arterial,,16,1,12242203,7,Cook,1,23,TREE,TREE,6,N,No,Slow,202301206880,City,1,8.40999985,N,,,,(UNK),98732,(N/A),(UNK),No Defects,1,1,Minor Arterial,4,2790,X003072561,Not Toll,,2,4,Not Divided,1,2948182.20661253,1904382.52367857,41.87040065,-87.77427661,,Urban,8,N,(N/A),Y,(N/A)
2023,2023-06-30,Friday,10,10:36 AM,Property Damage,No Injuries,0,0,0,0,0,1,Parked Motor Vehicle,9,N,N,Unable to Determine,(N/A),Unknown,Unknown,Dry,N,,,,,No Controls,Functioning Properly,Y,2,41.887308,-87.7945259,ok,(UNK),1,2303968,2023,,18,99,50000 and OVER,9,4295,Oak Park,C,Urban Major Collector,,16,30,12242148,6,Cook,0,23,,,5,N,No,Free Flow,202301206812,City,9,0,N,,,,(UNK),98841,(N/A),(UNK),No Defects,1,1,Major Collector,5,,X003072507,Not Toll,73,1,4,Parking Lot,7,2942497.97876523,1910387.90208581,41.88730015,-87.79452007,,Urban,9,N,(N/A),Y,(N/A)
2023,2023-09-22,Friday,13,01:46 PM,Property Damage,No Injuries,0,0,0,0,0,2,Sideswipe Same Direction,12,N,N,Improper Lane Usage,Following Too Closely,Daylight,Clear,Dry,N,,,,,Other,Functioning Properly,Y,2,41.8712155,-87.7742958,ok,Partial Access Control,3,03-23-17723,2023,,20,3,50000 and OVER,9,4295,Oak Park,C,Urban Minor Arterial,,16,22,12354859,9,Cook,0,23,,,5,N,No,(UNK),202301313420,ISP,1,8.35000038,N,,,,(UNK),99001,(N/A),(UNK),No Defects,1,1,Minor Arterial,4,2790,X003172187,Not Toll,,13,4,Divided With Median Barrier,3,2948170.35856374,1904676.52393833,41.8712077,-87.77429,,Urban,1,N,(N/A),Y,(N/A)
2023,2023-10-02,Monday,16,04:10 PM,Property Damage,No Injuries,0,0,0,0,0,3,Sideswipe Same Direction,12,N,N,Improper Lane Usage,Improper Overtaking/Passing,Daylight,Clear,Dry,N,,,,,No Controls,Functioning Properly,Y,2,41.8735648,-87.8040634,ok,Partial Access Control,3,03-23-18499,2023,,20,4,50000 and OVER,9,4295,Oak Park,C,Urban InterState,,16,2,12354868,10,Cook,0,23,,,1,N,No,(UNK),202301313430,ISP,1,0,Y,,,,(UNK),99003,(N/A),(UNK),No Defects,1,1,InterState,1,,X003172196,Not Toll,,1,4,Ramp,11,2940038.78151315,1905307.96028161,41.87356484,-87.80406338,,Urban,1,N,(N/A),Y,(N/A)
2023,2023-06-30,Friday,15,03:40 PM,Injury,B Injury Crash,1,0,0,1,0,1,Pedestrian,1,Y,N,Failing to Yield Right of Way,Unable to Determine,Daylight,Clear,Dry,N,,,,,Traffic Signal,Functioning Properly,N,1,41.8869849,-87.7846457,ok,(UNK),1,2303986,2023,,2,18,50000 and OVER,9,4295,Oak Park,C,Urban Major Collector,,16,30,12242174,6,Cook,2,23,DOG,,5,N,No,Slow,202301206842,City,1,1.02999997,N,,,,(UNK),99016,(N/A),(UNK),No Defects,1,1,Major Collector,5,2783,X003072532,Not Toll,73,3,4,"Divided, No Median Barrier",2,2945191.68958168,1910344.7343001,41.88697707,-87.78463994,,Urban,1,N,(N/A),Y,(N/A)
2023,2023-06-30,Friday,16,04:12 PM,Property Damage,No Injuries,0,0,0,0,0,1,Fixed Object,6,N,N,Failing to Reduce Speed to Avoid Crash,(N/A),Daylight,Clear,Dry,N,,,,,No Controls,No Controls,N,1,41.8875637,-87.7765221,ok,(UNK),1,2303988,2023,,28,99,50000 and OVER,9,4295,Oak Park,C,Urban Local Road or Street,,16,30,12242188,6,Cook,0,23,VIADUCT,,5,N,No,Free Flow,202301206858,City,1,0,N,,,,(UNK),99017,(N/A),(UNK),No Defects,1,1,Local Road or Street,7,,X003072546,Not Toll,73,1,1,Not Divided,1,2947397.96860603,1910617.20608821,41.88755587,-87.77651627,,Urban,1,N,(N/A),Y,(N/A)
2023,2023-07-02,Sunday,5,05:00 AM,Property Damage,No Injuries,0,0,0,0,0,2,Sideswipe Same Direction,12,N,N,Following Too Closely,Failing to Reduce Speed to Avoid Crash,Darkness / Lighted Road,Rain,Wet,N,,,,,Other,Functioning Properly,Y,2,41.873754,-87.8042484,ok,Partial Access Control,3,03-23-12009,2023,,3,28,50000 and OVER,9,4295,Oak Park,C,Urban InterState,,16,2,12240607,7,Cook,0,23,,,7,N,No,(UNK),202301205244,ISP,5,7.71000004,Y,,,,(UNK),99216,(N/A),(UNK),No Defects,1,2,InterState,1,290,X003071012,Not Toll,73,13,4,Divided With Median Barrier,3,2939986.5,1905375.5,41.87374614,-87.80424256,,Urban,2,N,(N/A),Y,(N/A)
2023,2023-10-02,Monday,10,10:19 AM,Property Damage,No Injuries,0,0,0,0,0,3,Angle,15,N,N,Failing to Yield Right of Way,Failing to Reduce Speed to Avoid Crash,Daylight,Clear,Dry,Y,,,,,Stop Sign,Functioning Properly,N,2,41.9072713,-87.7886923,ok,(UNK),1,2306242,2023,,2,28,50000 and OVER,9,4295,Oak Park,C,Urban Local Road or Street,,16,2,12354672,10,Cook,0,23,,,1,N,No,Slow,202301313246,City,1,0,N,,,,(UNK),99344,(N/A),(UNK),No Defects,1,1,Local Road or Street,7,,X003172020,Not Toll,73,2,4,Four Way,14,2943884.76802909,1917706.88976486,41.9072634,-87.78868646,,Urban,1,N,(N/A),Y,(N/A)
2023,2023-07-04,Tuesday,17,05:31 PM,Property Damage,No Injuries,0,0,0,0,0,2,Angle,15,N,N,Failing to Yield Right of Way,(N/A),Daylight,Clear,Dry,Y,,,,,Stop Sign,Functioning Properly,N,2,41.9071934,-87.7949959,ok,(UNK),1,2304070,2023,,2,99,50000 and OVER,9,4295,Oak Park,C,Urban Major Collector,,16,4,12248740,7,Cook,0,23,,,2,N,No,Free Flow,202301213502,City,1,4.23000002,N,,,,(UNK),99888,(N/A),(UNK),No Defects,1,1,Major Collector,5,2775,X003078382,Not Toll,73,2,4,Not Divided,1,2942169.55145472,1917630.96739145,41.90718551,-87.79499012,,Urban,1,N,(N/A),Y,(N/A)
2023,2023-07-05,Wednesday,18,06:30 PM,Injury,C Injury Crash,1,0,0,0,1,3,Pedalcyclist,2,N,Y,Failing to Yield Right of Way,Failing to Reduce Speed to Avoid Crash,Daylight,Cloudy/Overcast,Dry,Y,,,,,No Controls,No Controls,N,1,41.8942779,-87.8019233,ok,(UNK),1,2304094,2023,,2,28,50000 and OVER,9,4295,Oak Park,C,Urban Minor Arterial,,16,5,12243725,7,Cook,1,23,,,3,N,No,Free Flow,202301208525,City,1,2.72000003,N,,,,(UNK),99945,(N/A),(UNK),No Defects,1,1,Minor Arterial,4,1398,X003074001,Not Toll,73,1,1,T-Intersection,15,2940413.56819358,1912872.23793878,41.89427006,-87.80191747,,Urban,8,N,(N/A),Y,(N/A)
2023,2023-11-13,Monday,15,03:50 PM,Property Damage,No Injuries,0,0,0,0,0,4,Front to Rear,11,N,N,Following Too Closely,Failing to Reduce Speed to Avoid Crash,Daylight,Clear,Dry,N,,,,,Other,Functioning Properly,N,2,41.8718309,-87.7829111,ok,Partial Access Control,3,03-23-21540,2023,,3,28,50000 and OVER,9,4295,Oak Park,C,Urban InterState,,16,13,12419322,11,Cook,0,23,,,1,N,No,(UNK),202301374664,ISP,1,8.77000046,Y,,,,(UNK),100112,(N/A),(UNK),No Defects,1,1,InterState,1,290,X003229511,Not Toll,73,13,4,Divided With Median Barrier,3,2945817.50930062,1904835.46944008,41.8718231,-87.78290533,,Urban,1,N,(N/A),Y,(N/A)
2023,2023-11-20,Monday,12,12:55 PM,Property Damage,No Injuries,0,0,0,0,0,1,Parked Motor Vehicle,9,N,N,Failing to Reduce Speed to Avoid Crash,Unable to Determine,Daylight,Cloudy/Overcast,Dry,N,,,,,No Controls,No Controls,N,4,41.8650743,-87.8009758,ok,(UNK),1,2307337,2023,,28,18,50000 and OVER,9,4295,Oak Park,C,Urban Other Principal Arte,,16,20,12421287,11,Cook,0,23,,,1,N,No,Free Flow,202301376623,City,1,6.15999985,Y,,,,(UNK),100235,(N/A),(UNK),No Defects,1,1,Other Principal Arterial,3,347,X003231158,Not Toll,52,1,1,Two-way Continuous Left-Tur,4,2940965.03780692,1902237.02320657,41.86506643,-87.80097005,,Urban,8,N,(N/A),Y,(N/A)
2023,2023-11-05,Sunday,17,05:25 PM,Property Damage,No Injuries,0,0,0,0,0,2,Front to Rear,11,N,N,Following Too Closely,Failing to Reduce Speed to Avoid Crash,Darkness / Lighted Road,Unknown,Unknown,N,,,,,Traffic Signal,Unknown,N,2,41.8802085,-87.7746761,ok,(UNK),1,2308013,2023,,3,28,50000 and OVER,9,4295,Oak Park,C,Urban Minor Arterial,,16,5,12465613,11,Cook,0,23,,,7,N,No,Slow,202301419484,City,5,7.6500001,N,,,,(UNK),100525,(N/A),(UNK),Unknown,99,9,Minor Arterial,4,2790,X003270648,Not Toll,,3,9,"Divided, No Median Barrier",2,2947975.40235816,1907950.83800349,41.88020065,-87.77467026,,Urban,9,N,(N/A),N,(N/A)
2023,2023-07-07,Friday,8,08:32 AM,Property Damage,No Injuries,0,0,0,0,0,2,Angle,15,N,N,Failing to Reduce Speed to Avoid Crash,(N/A),Daylight,Clear,Dry,N,,,,,No Controls,No Controls,N,2,41.879942,-87.7806134,ok,(UNK),1,2304127,2023,,28,99,50000 and OVER,9,4295,Oak Park,C,Urban Minor Arterial,,16,7,12248854,7,Cook,0,23,,,5,N,No,Free Flow,202301213514,City,1,4.32000017,N,,,,(UNK),100642,(N/A),(UNK),No Defects,1,1,Minor Arterial,4,1419,X003078395,Not Toll,73,1,1,Other,8,2946361.13742467,1907808.68436911,41.87993415,-87.7806076,,Urban,1,N,(N/A),Y,(N/A)
2023,2023-06-30,Friday,13,01:46 PM,Property Damage,No Injuries,0,0,0,0,0,1,Parked Motor Vehicle,9,N,N,Failing to Reduce Speed to Avoid Crash,Unable to Determine,Daylight,Clear,Dry,N,,,,,No Controls,No Controls,Y,2,41.879455,-87.8038384,ok,(UNK),1,2303977,2023,,28,18,50000 and OVER,9,4295,Oak Park,C,Urban Local Road or Street,,16,30,12242160,6,Cook,0,23,,,5,N,No,Free Flow,202301206826,City,1,0,N,,,,(UNK),100836,(N/A),(UNK),No Defects,1,1,Local Road or Street,7,,X003072519,Not Toll,73,1,1,Parking Lot,7,2940040.93206996,1907456.12467241,41.87944715,-87.80383261,,Urban,1,N,(N/A),Y,(N/A)
2023,2023-06-30,Friday,21,09:30 PM,Property Damage,No Injuries,0,0,0,0,0,1,Parked Motor Vehicle,9,N,N,Unable to Determine,(N/A),Darkness / Lighted Road,Cloudy/Overcast,Dry,N,,,,,No Controls,No Controls,Y,2,41.86631,-87.7901357,ok,(UNK),1,2303992,2023,,18,99,50000 and OVER,9,4295,Oak Park,C,Urban Local Road or Street,,16,30,12242194,6,Cook,0,23,,,5,N,No,Free Flow,202301206868,City,5,0,N,,,,(UNK),100839,(N/A),(UNK),No Defects,1,1,Local Road or Street,7,,X003072552,Not Toll,73,1,1,"Divided, No Median Barrier",2,2943905.46303169,1902768.9551276,41.86630218,-87.79012986,,Urban,8,N,(N/A),Y,(N/A)
2023,2023-12-23,Saturday,21,09:40 PM,Property Damage,No Injuries,0,0,0,0,0,2,Angle,15,N,N,Failing to Yield Right of Way,Weather,Darkness / Lighted Road,Fog/Smoke/Haze,Wet,Y,,,,,Stop Sign,Functioning Properly,N,2,41.9015567,-87.8039844,ok,(UNK),1,2308081,2023,,2,11,50000 and OVER,9,4295,Oak Park,C,Urban Major Collector,,16,23,12465577,12,Cook,0,23,,,6,N,No,Free Flow,202301419460,City,5,1.08000004,N,,,,(UNK),101287,(N/A),(UNK),No Defects,1,2,Major Collector,5,1394,X003270623,Not Toll,73,2,4,Other,8,2939779.27669868,1915509.30119963,41.90154885,-87.80397861,,Urban,4,N,(N/A),Y,(N/A)
2023,2023-12-22,Friday,16,04:30 PM,Property Damage,No Injuries,0,0,0,0,0,2,Front to Rear,11,N,N,Following Too Closely,Weather,Darkness / Lighted Road,Rain,Wet,N,,,,,No Controls,No Controls,N,2,41.8819831,-87.7794444,ok,(UNK),1,2308057,2023,,3,11,50000 and OVER,9,4295,Oak Park,C,Urban Major Collector,,16,22,12465592,12,Cook,0,23,,,5,N,No,(UNK),202301419470,City,5,1.30999994,N,,,,(UNK),101288,(N/A),(UNK),No Defects,1,2,Major Collector,5,5,X003270634,Not Toll,73,1,1,"Divided, No Median Barrier",2,2946658.79229866,1908561.36245706,41.88197527,-87.77943863,,Urban,2,N,(N/A),Y,(N/A)
2023,2023-12-19,Tuesday,11,11:30 AM,Property Damage,No Injuries,0,0,0,0,0,2,Front to Rear,11,N,N,Following Too Closely,(N/A),Daylight,Clear,Dry,N,,,,,No Controls,No Controls,N,2,41.8942964,-87.801095,ok,(UNK),1,2307972,2023,,3,99,50000 and OVER,9,4295,Oak Park,C,Urban Minor Arterial,,16,19,12465611,12,Cook,0,23,,,2,N,No,Slow,202301419483,City,1,2.75999999,N,,,,(UNK),101289,(N/A),(UNK),No Defects,1,1,Minor Arterial,4,1398,X003270647,Not Toll,73,1,1,"Divided, No Median Barrier",2,2940638.89821239,1912885.21595872,41.8942886,-87.80108921,,Urban,1,N,(N/A),Y,(N/A)
2023,2023-12-24,Sunday,16,04:50 PM,Injury,B Injury Crash,1,0,0,1,0,0,Fixed Object,6,N,N,Improper Lane Usage,Failing to Reduce Speed to Avoid Crash,Darkness / Lighted Road,Clear,Dry,N,,,,,Other Regualtory Sig,Functioning Properly,N,1,41.8705309,-87.7890404,ok,(UNK),3,03-23-24311,2023,,20,28,50000 and OVER,9,4295,Oak Park,C,Urban Minor Collector,,16,24,12464195,12,Cook,2,23,,,7,N,No,(UNK),202301418137,ISP,5,1.25,N,,,,(UNK),101342,(N/A),(UNK),No Defects,1,1,Minor Collector,6,2779,X003269341,Not Toll,73,10,4,Divided With Median Barrier,3,2944161.19220596,1904315.37398145,41.87052303,-87.78903457,,Urban,1,N,(N/A),Y,(N/A)
2023,2023-07-05,Wednesday,18,06:07 PM,Property Damage,No Injuries,0,0,0,0,0,2,Turning,10,N,N,Failing to Yield Right of Way,(N/A),Daylight,Cloudy/Overcast,Dry,Y,,,,,Stop Sign,Functioning Properly,N,3,41.8727795,-87.7756147,ok,(UNK),1,2304093,2023,,2,99,50000 and OVER,9,4295,Oak Park,C,Urban Local Road or Street,,16,5,12243721,7,Cook,0,23,,,3,N,Yes,Free Flow,202301208517,City,1,0,N,,,,(UNK),101516,(N/A),(UNK),No Defects,1,1,Local Road or Street,7,,X003073997,Not Toll,73,2,4,"Divided, No Median Barrier",2,2947795.23244062,1905236.44450742,41.87277166,-87.77560891,,Urban,8,N,(N/A),Y,(N/A)
2023,2023-06-30,Friday,15,03:01 PM,Property Damage,No Injuries,0,0,0,0,0,4,Front to Rear,11,N,N,Physical Condition of Driver,Failing to Reduce Speed to Avoid Crash,Daylight,Clear,Dry,Y,,,,,Traffic Signal,Functioning Properly,N,2,41.9017075,-87.7948558,ok,(UNK),1,2303983,2023,,17,28,50000 and OVER,9,4295,Oak Park,C,Urban Major Collector,,16,30,12242168,6,Cook,0,23,,,5,N,No,Free Flow,202301206835,City,1,1.53999996,N,,,,(UNK),101530,(N/A),(UNK),No Defects,1,1,Major Collector,5,1394,X003072526,Not Toll,73,3,4,Not Divided,1,2942263.00134408,1915632.86504307,41.90169964,-87.79484999,,Urban,1,N,(N/A),Y,(N/A)
2023,2023-03-12,Sunday,3,03:31 AM,Property Damage,No Injuries,0,0,0,0,0,3,Front to Rear,11,N,N,Following Too Closely,Failing to Reduce Speed to Avoid Crash,Darkness / Lighted Road,Rain,Wet,N,,,,,No Controls,No Controls,Y,2,41.8710327,-87.775732,ok,Partial Access Control,3,03-23-04272,2023,,3,28,50000 and OVER,9,4295,Oak Park,C,Urban InterState,,16,12,12113204,3,Cook,0,23,,,7,N,No,(UNK),202301085547,ISP,5,9.14000034,Y,,,,(UNK),101944,(N/A),(UNK),No Defects,1,2,InterState,1,290,X002957687,Not Toll,73,1,1,Divided With Median Barrier,3,2947781.01455092,1904598.99040448,41.87102486,-87.77572625,,Urban,2,N,(N/A),Y,(N/A)
2023,2023-12-20,Wednesday,17,05:01 PM,Property Damage,No Injuries,0,0,0,0,0,2,Angle,15,N,N,Unable to Determine,Unable to Determine,Darkness / Lighted Road,Clear,Dry,Y,,,,,Stop Sign,Functioning Properly,N,2,41.8761883,-87.7892159,ok,(UNK),1,2308000,2023,,18,18,50000 and OVER,9,4295,Oak Park,C,Urban Minor Collector,,16,20,12459620,12,Cook,0,23,,,3,N,No,Stopped,202301413079,City,5,0.87,N,,,,(UNK),102606,(N/A),(UNK),No Defects,1,1,Minor Collector,6,2779,X003265006,Not Toll,73,2,4,Four Way,14,2944056.24274319,1906375.72418421,41.87618048,-87.78921011,,Urban,1,N,(N/A),Y,(N/A)
2023,2023-12-20,Wednesday,13,01:30 PM,Property Damage,No Injuries,0,0,0,0,0,2,Front to Rear,11,N,N,Failing to Reduce Speed to Avoid Crash,Unable to Determine,Daylight,Clear,Dry,Y,,,,,Stop Sign,Functioning Properly,Y,2,41.887228,-87.8007258,ok,(UNK),1,2308023,2023,,28,18,50000 and OVER,9,4295,Oak Park,C,Urban Major Collector,,16,20,12460882,12,Cook,0,23,,,3,N,No,Stopped,202301414382,City,1,0.2,N,,,,(UNK),102729,(N/A),(UNK),No Defects,1,1,Major Collector,5,1405,X003266170,Not Toll,73,2,4,Divided With Median Barrier,3,2940810.50088584,1910312.12302034,41.88722018,-87.80071996,,Urban,1,N,(N/A),Y,(N/A)
2023,2023-12-20,Wednesday,16,04:30 PM,Property Damage,No Injuries,0,0,0,0,0,3,Front to Rear,11,N,N,Failing to Reduce Speed to Avoid Crash,Unable to Determine,Darkness / Lighted Road,Clear,Dry,N,,,,,Traffic Signal,Functioning Properly,Y,3,41.8944032,-87.7953964,ok,(UNK),1,2307999,2023,,28,18,50000 and OVER,9,4295,Oak Park,C,Urban Minor Arterial,,16,20,12459618,12,Cook,0,23,,,3,N,No,Slow,202301413077,City,5,3.05999994,N,,,,(UNK),102913,(N/A),(UNK),No Defects,1,1,Minor Arterial,4,1398,X003265004,Not Toll,73,3,4,Two-way Continuous Left-Tur,4,2942189.43103572,1912966.97378578,41.89439536,-87.79539061,,Urban,1,N,(N/A),Y,(N/A)
2023,2023-06-26,Monday,0,00:49 AM,Injury,B Injury Crash,1,0,0,1,0,1,Front to Rear,11,N,N,Failing to Reduce Speed to Avoid Crash,Following Too Closely,Darkness / Lighted Road,Clear,Dry,N,,,,,Other,Functioning Properly,Y,2,41.8720255,-87.7851737,ok,Partial Access Control,3,03-23-11459,2023,,28,3,50000 and OVER,9,4295,Oak Park,C,Urban InterState,,16,26,12240854,6,Cook,2,23,,,1,N,No,(UNK),202301205532,ISP,5,8.65999985,Y,,,,(UNK),103118,(N/A),(UNK),No Defects,1,1,InterState,1,290,X003071249,Not Toll,73,13,4,Divided With Median Barrier,3,2945199.2737406,1904889.23917516,41.87201762,-87.7851679,,Urban,1,N,(N/A),Y,(N/A)
2023,2023-07-06,Thursday,9,09:39 AM,Property Damage,No Injuries,0,0,0,0,0,3,Turning,10,N,N,Failing to Yield Right of Way,Failing to Reduce Speed to Avoid Crash,Daylight,Clear,Dry,N,,,,,Stop Sign,Functioning Properly,N,2,41.8781717,-87.8046652,ok,(UNK),1,2304101,2023,,2,28,50000 and OVER,9,4295,Oak Park,C,Urban Other Principal Arte,,16,6,12245816,7,Cook,0,23,,,4,N,No,Free Flow,202301210574,City,1,19.78000069,Y,,,,(UNK),103267,(N/A),(UNK),No Defects,1,1,Other Principal Arterial,3,348,X003075608,Not Toll,73,2,4,"Divided, No Median Barrier",2,2939828.64434658,1906982.27941358,41.87816389,-87.80465938,,Urban,1,N,(N/A),Y,(N/A)
2023,2023-07-03,Monday,23,11:27 PM,Property Damage,No Injuries,0,0,0,0,0,1,Parked Motor Vehicle,9,N,N,Improper Lane Usage,Failing to Reduce Speed to Avoid Crash,Darkness / Lighted Road,Cloudy/Overcast,Dry,N,,,,,No Controls,No Controls,N,2,41.8790562,-87.7844131,ok,(UNK),1,2304051,2023,,20,28,50000 and OVER,9,4295,Oak Park,C,Urban Major Collector,,16,3,12243705,7,Cook,0,23,TREE,,1,N,Yes,Free Flow,202301208495,City,5,1.58000004,N,,,,(UNK),103331,(N/A),(UNK),No Defects,1,1,Major Collector,5,2783,X003073981,Not Toll,73,1,1,"Divided, No Median Barrier",2,2945335.2970004,1907457.13051364,41.87904838,-87.78440728,,Urban,8,N,(N/A),Y,(N/A)
2023,2023-07-01,Saturday,17,05:15 PM,Property Damage,No Injuries,0,0,0,0,0,2,Front to Rear,11,N,N,Failing to Yield Right of Way,(N/A),Dusk,Rain,Wet,N,,,,,Traffic Signal,Functioning Properly,Y,2,41.8945149,-87.7848647,ok,(UNK),1,2304057,2023,,2,99,50000 and OVER,9,4295,Oak Park,C,Urban Major Collector,,16,1,12242558,7,Cook,0,23,,,6,N,No,Slow,202301207252,City,3,0.5,N,,,,(UNK),103488,(N/A),(UNK),No Defects,1,2,Major Collector,5,2783,X003072901,Not Toll,73,3,4,Four Way,14,2945055.85121738,1913087.13802161,41.89450703,-87.78485891,,Urban,2,N,(N/A),Y,(N/A)
2023,2023-12-20,Wednesday,9,09:50 AM,Property Damage,No Injuries,0,0,0,0,0,2,Turning,10,N,N,Improper Turning/No Signal,Failing to Reduce Speed to Avoid Crash,Daylight,Clear,Dry,N,,,,,No Controls,No Controls,N,2,41.8816317,-87.7897481,ok,(UNK),1,2307988,2023,,6,28,50000 and OVER,9,4295,Oak Park,C,Urban Major Collector,,16,20,12459593,12,Cook,0,23,,,3,N,No,Slow,202301413047,City,1,0.76999998,N,,,,(UNK),103702,(N/A),(UNK),No Defects,1,1,Major Collector,5,5,X003264979,Not Toll,73,1,1,"Divided, No Median Barrier",2,2943856.32191121,1908355.3679207,41.88162384,-87.78974233,,Urban,1,N,(N/A),Y,(N/A)
2023,2023-12-20,Wednesday,17,05:10 PM,Injury,C Injury Crash,1,0,0,0,1,1,Pedalcyclist,2,N,Y,Improper Overtaking/Passing,Failing to Reduce Speed to Avoid Crash,Darkness / Lighted Road,Clear,Dry,Y,,,,,Stop Sign,Functioning Properly,Y,1,41.8917252,-87.7848024,ok,(UNK),1,2308002,2023,,4,28,50000 and OVER,9,4295,Oak Park,C,Urban Major Collector,,16,20,12459623,12,Cook,1,23,,,3,N,No,Stopped,202301413084,City,5,0.69999999,N,,,,(UNK),103738,(N/A),(UNK),No Defects,1,1,Major Collector,5,2783,X003265009,Not Toll,73,2,4,"Divided, No Median Barrier",2,2945101.04674518,1912070.99062587,41.89171733,-87.78479663,,Urban,1,N,(N/A),Y,(N/A)