crash_year,crash_date,day_of_week,crash_hour,time_of_crash,crash_severity,crash_injury_severity,total_injured,total_fatals,a_injuries,b_injuries,c_injuries,no_injuries,type_of_first_crash,collision_type_code,pedestrian_involved,pedalcyclist_involved,cause1,cause2,lighting_cond,weather_cond,road_surface_cond,intersection_related,is_intersection,highway_or_street_name,at_intersection_with,address_no,traffic_control_device,traffic_control_device_cond,hit_and_run,number_of_vehicles,latitude,longitude,location_status,access_control,agency_code,agency_report_number,agency_report_year,alignment_code,cause1_code,cause2_code,city_class,city_class_code,city_code,city_name,city_township_flag,class_of_trafficway,class_of_trafficway_code,county_code,crash_day,crash_id,crash_month,crash_report_county,crash_severity_cd,crash_yr_source,damaged_property1,damaged_property2,day_of_week_code,did_crash_occur_in_work_zone,did_involve_secondary_crash,flow_condition,icn,investigating_agency_descrip,light_condition_code,mile_station,nhs,non_intersection_direction,non_intersection_distance,non_intersection_units,number_of_lanes,objectid,railroad_crossing_number,road_alignment,road_defects,road_defects_code,road_surface_condition_code,roadway_functional_class,roadway_functional_class_code,route_number,sfe,toll,township,traffic_control_device_code,traffic_control_device_cond_code,trafficway_descrip,trafficway_description_code,ts_crash_coordinate_x,ts_crash_coordinate_y,ts_crash_latitude,ts_crash_longitude,type_report,urban_rural,weather_code,were_workers_present,work_zone,work_zone_related,work_zone_type
2023,2023-09-23,Saturday,12,12:01 PM,Property Damage,No Injuries,0,0,0,0,0,2,Sideswipe Same Direction,12,N,N,Improper Overtaking/Passing,Unable to Determine,Daylight,Clear,Dry,N,,,,,Traffic Signal,Functioning Properly,Y,2,41.8737364,-87.8045283,ok,Partial Access Control,1,23-02935,2023,,4,18,50000 and OVER,9,4295,Oak Park,C,Urban Other Principal Arte,,16,23,12360837,9,Cook,0,23,,,6,N,No,Free Flow,202301318685,City,1,20.07999992,Y,,,,(UNK),104068,(N/A),(UNK),No Defects,1,1,Other Principal Arterial,3,348,X003177266,Not Toll,73,3,4,"Divided, No Median Barrier",2,2939910.43459436,1905366.98152246,41.87372853,-87.80452249,,Urban,1,N,(N/A),Y,(N/A)
2023,2023-10-04,Wednesday,15,03:05 PM,Property Damage,No Injuries,0,0,0,0,0,1,Parked Motor Vehicle,9,N,N,Failing to Reduce Speed to Avoid Crash,(N/A),Unknown,Unknown,Dry,N,,,,,No Controls,No Controls,Y,2,41.9031719,-87.7884129,ok,(UNK),1,2306297,2023,,28,99,50000 and OVER,9,4295,Oak Park,C,Urban Local Road or Street,,16,4,12358145,10,Cook,0,23,,,3,N,No,Free Flow,202301316148,City,9,0,N,,,,(UNK),104210,(N/A),(UNK),No Defects,1,1,Local Road or Street,7,,X003174804,Not Toll,73,1,1,Not Divided,1,2944002.25980271,1916215.11269049,41.90316405,-87.78840709,,Urban,9,N,(N/A),Y,(N/A)
2023,2023-07-05,Wednesday,6,06:27 AM,Property Damage,No Injuries,0,0,0,0,0,2,Front to Rear,11,N,N,Failing to Reduce Speed to Avoid Crash,Unable to Determine,Daylight,Clear,Dry,N,,,,,No Controls,No Controls,Y,2,41.9090329,-87.795125,ok,(UNK),1,2304078,2023,,28,18,50000 and OVER,9,4295,Oak Park,C,Urban Other Principal Arte,,16,5,12243713,7,Cook,0,23,,,3,N,No,Free Flow,202301208507,City,1,6.48000002,Y,,,,(UNK),104653,(N/A),(UNK),No Defects,1,1,Other Principal Arterial,3,307,X003073989,Not Toll,73,1,1,Not Divided,1,2942115.87740056,1918300.36202961,41.90902505,-87.79511916,,Urban,1,N,(N/A),Y,(N/A)
2023,2023-09-23,Saturday,12,12:01 PM,Property Damage,No Injuries,0,0,0,0,0,2,Sideswipe Same Direction,12,N,N,Improper Overtaking/Passing,Unable to Determine,Daylight,Clear,Dry,N,,,,,Traffic Signal,Functioning Properly,Y,2,41.8737364,-87.8045283,ok,Partial Access Control,1,23-02935,2023,,4,18,50000 and OVER,9,4295,Oak Park,C,Urban Other Principal Arte,,16,23,12360837,9,Cook,0,23,,,6,N,No,Free Flow,202301318685,City,1,20.07999992,Y,,,,(UNK),104849,(N/A),(UNK),No Defects,1,1,Other Principal Arterial,3,348,X003177266,Not Toll,73,3,4,"Divided, No Median Barrier",2,2939910.43459436,1905366.98152246,41.87372853,-87.80452249,,Urban,1,N,(N/A),Y,(N/A)
2023,2023-10-04,Wednesday,15,03:05 PM,Property Damage,No Injuries,0,0,0,0,0,1,Parked Motor Vehicle,9,N,N,Failing to Reduce Speed to Avoid Crash,(N/A),Unknown,Unknown,Dry,N,,,,,No Controls,No Controls,Y,2,41.9031719,-87.7884129,ok,(UNK),1,2306297,2023,,28,99,50000 and OVER,9,4295,Oak Park,C,Urban Local Road or Street,,16,4,12358145,10,Cook,0,23,,,3,N,No,Free Flow,202301316148,City,9,0,N,,,,(UNK),105024,(N/A),(UNK),No Defects,1,1,Local Road or Street,7,,X003174804,Not Toll,73,1,1,Not Divided,1,2944002.25980271,1916215.11269049,41.90316405,-87.78840709,,Urban,9,N,(N/A),Y,(N/A)
2023,2023-07-05,Wednesday,6,06:27 AM,Property Damage,No Injuries,0,0,0,0,0,2,Front to Rear,11,N,N,Failing to Reduce Speed to Avoid Crash,Unable to Determine,Daylight,Clear,Dry,N,,,,,No Controls,No Controls,Y,2,41.9090329,-87.795125,ok,(UNK),1,2304078,2023,,28,18,50000 and OVER,9,4295,Oak Park,C,Urban Other Principal Arte,,16,5,12243713,7,Cook,0,23,,,3,N,No,Free Flow,202301208507,City,1,6.48000002,Y,,,,(UNK),105567,(N/A),(UNK),No Defects,1,1,Other Principal Arterial,3,307,X003073989,Not Toll,73,1,1,Not Divided,1,2942115.87740056,1918300.36202961,41.90902505,-87.79511916,,Urban,1,N,(N/A),Y,(N/A)
2023,2023-07-05,Wednesday,11,11:10 AM,Property Damage,No Injuries,0,0,0,0,0,2,Turning,10,N,N,Failing to Yield Right of Way,Failing to Reduce Speed to Avoid Crash,Daylight,Clear,Dry,Y,,,,,No Controls,No Controls,N,2,41.8705015,-87.7755171,ok,(UNK),1,2304086,2023,,2,28,50000 and OVER,9,4295,Oak Park,C,Urban Local Road or Street,,16,5,12243717,7,Cook,0,23,,,3,N,No,Free Flow,202301208511,City,1,0.19,N,,,,(UNK),105921,(N/A),(UNK),No Defects,1,1,Local Road or Street,7,290,X003073993,Not Toll,73,1,1,T-Intersection,15,2947844.95331252,1904407.02555081,41.87049361,-87.77551131,,Urban,1,N,(N/A),Y,(N/A)
2023,2023-07-05,Wednesday,11,11:10 AM,Property Damage,No Injuries,0,0,0,0,0,2,Turning,10,N,N,Failing to Yield Right of Way,Failing to Reduce Speed to Avoid Crash,Daylight,Clear,Dry,Y,,,,,No Controls,No Controls,N,2,41.8705015,-87.7755171,ok,(UNK),1,2304086,2023,,2,28,50000 and OVER,9,4295,Oak Park,C,Urban Local Road or Street,,16,5,12243717,7,Cook,0,23,,,3,N,No,Free Flow,202301208511,City,1,0.19,N,,,,(UNK),105990,(N/A),(UNK),No Defects,1,1,Local Road or Street,7,290,X003073993,Not Toll,73,1,1,T-Intersection,15,2947844.95331252,1904407.02555081,41.87049361,-87.77551131,,Urban,1,N,(N/A),Y,(N/A)
2023,2023-10-07,Saturday,1,01:05 AM,Property Damage,No Injuries,0,0,0,0,0,2,Front to Rear,11,N,N,Failing to Reduce Speed to Avoid Crash,Following Too Closely,Daylight,Clear,Dry,N,,,,,Other,Functioning Properly,N,2,41.8726344,-87.7939988,ok,Partial Access Control,3,03-23-18993,2023,,28,3,50000 and OVER,9,4295,Oak Park,C,Urban Major Collector,,16,7,12363171,10,Cook,0,23,,,6,N,No,(UNK),202301321007,ISP,1,6.63999987,N,,,,(UNK),106329,(N/A),(UNK),No Defects,1,1,Major Collector,5,2775,X003179514,Not Toll,73,13,4,Divided With Median Barrier,3,2942789.40644932,1905044.55590887,41.87262659,-87.79399303,,Urban,1,N,(N/A),Y,(N/A)
2023,2023-07-08,Saturday,18,06:06 PM,Property Damage,No Injuries,0,0,0,0,0,1,Parked Motor Vehicle,9,N,N,Equipment-Vehicle Condition,Failing to Reduce Speed to Avoid Crash,Daylight,Clear,Dry,N,,,,,No Controls,No Controls,N,2,41.8685285,-87.7901864,ok,(UNK),1,2304168,2023,,10,28,50000 and OVER,9,4295,Oak Park,C,Urban Local Road or Street,,16,8,12249254,7,Cook,0,23,,,6,N,No,Free Flow,202301213692,City,1,0,N,,,,(UNK),107156,(N/A),(UNK),No Defects,1,1,Local Road or Street,7,,X003078545,Not Toll,73,1,1,Not Divided,1,2943869.24366497,1903577.03935832,41.8685207,-87.79018061,,Urban,1,N,(N/A),Y,(N/A)
2023,2023-02-21,Tuesday,7,07:37 AM,Property Damage,No Injuries,0,0,0,0,0,2,Front to Rear,11,N,N,Following Too Closely,Failing to Reduce Speed to Avoid Crash,Daylight,Clear,Dry,N,,,,,Other Warning Sign,Functioning Properly,N,2,41.8733373,-87.8027683,ok,Partial Access Control,3,03-23-03106,2023,,3,28,50000 and OVER,9,4295,Oak Park,C,Urban InterState,,16,21,12084282,2,Cook,0,23,,,2,N,No,(UNK),202301057741,ISP,1,7.78000021,Y,,,,(UNK),107450,(N/A),(UNK),No Defects,1,1,InterState,1,290,X002932403,Not Toll,73,11,4,Divided With Median Barrier,3,2940393.79508744,1905234.7626484,41.87332947,-87.80276253,,Urban,1,N,(N/A),Y,(N/A)
2023,2023-02-13,Monday,16,04:46 PM,Property Damage,No Injuries,0,0,0,0,0,2,Sideswipe Same Direction,12,N,N,Improper Lane Usage,Failing to Reduce Speed to Avoid Crash,Daylight,Clear,Dry,N,,,,,Traffic Signal,Functioning Properly,Y,2,41.8942978,-87.7848603,ok,(UNK),1,2300884,2023,,20,28,50000 and OVER,9,4295,Oak Park,C,Urban Major Collector,,16,13,12078106,2,Cook,0,23,,,1,N,No,Slow,202301051832,City,1,0.51999998,N,,,,(UNK),107752,(N/A),(UNK),No Defects,1,1,Major Collector,5,2783,X002926514,Not Toll,73,3,4,"Divided, No Median Barrier",2,2945059.26221968,1913008.08080074,41.89428999,-87.78485445,,Urban,1,N,(N/A),Y,(N/A)
2023,2023-02-14,Tuesday,10,10:59 AM,Property Damage,No Injuries,0,0,0,0,0,4,Turning,10,N,N,Improper Backing,(N/A),Daylight,Cloudy/Overcast,Dry,N,,,,,No Controls,No Controls,N,2,41.8759864,-87.7781737,ok,(UNK),1,2300901,2023,,30,99,50000 and OVER,9,4295,Oak Park,C,Urban Local Road or Street,,16,14,12078115,2,Cook,0,23,,,2,N,No,Free Flow,202301051842,City,1,0,N,,,,(UNK),108107,(N/A),(UNK),No Defects,1,1,Local Road or Street,7,,X002926522,Not Toll,73,1,1,Not Divided,1,2947065.7125569,1906385.67891203,41.87597854,-87.77816786,,Urban,8,N,(N/A),Y,(N/A)
2023,2023-02-10,Friday,13,01:47 PM,Injury,C Injury Crash,2,0,0,0,2,1,Angle,15,N,N,Failing to Yield Right of Way,Unable to Determine,Daylight,Clear,Dry,Y,,,,,Stop Sign,Functioning Properly,Y,2,41.8761888,-87.7892159,ok,(UNK),1,2300826,2023,,2,18,50000 and OVER,9,4295,Oak Park,C,Urban Minor Collector,,16,10,12078130,2,Cook,1,23,,,5,N,No,Slow,202301051856,City,1,0.87,N,,,,(UNK),108108,(N/A),(UNK),No Defects,1,1,Minor Collector,6,2779,X002926536,Not Toll,73,2,4,Four Way,14,2944056.23154802,1906375.9084996,41.87618098,-87.78921013,,Urban,1,N,(N/A),Y,(N/A)
2023,2023-02-10,Friday,12,12:46 PM,Property Damage,No Injuries,0,0,0,0,0,3,Parked Motor Vehicle,9,N,N,Failing to Reduce Speed to Avoid Crash,Unable to Determine,Daylight,Clear,Dry,N,,,,,No Controls,No Controls,N,2,41.8817736,-87.7805067,ok,(UNK),1,2300823,2023,,28,18,50000 and OVER,9,4295,Oak Park,C,Urban Major Collector,,16,10,12076532,2,Cook,0,23,,,5,N,No,Free Flow,202301050686,City,1,1.25,N,,,,(UNK),108293,(N/A),(UNK),No Defects,1,1,Major Collector,5,5,X002925419,Not Toll,73,1,1,"Divided, No Median Barrier",2,2946371.63247856,1908476.94979129,41.88176572,-87.78050088,,Urban,1,N,(N/A),Y,(N/A)
2023,2023-02-11,Saturday,12,12:42 PM,Injury,C Injury Crash,1,0,0,0,1,2,Angle,15,N,N,Disregarding Traffic Signals,Failing to Reduce Speed to Avoid Crash,Daylight,Clear,Dry,Y,,,,,Traffic Signal,Functioning Properly,Y,2,41.8945678,-87.7848668,ok,(UNK),1,2300847,2023,,25,28,50000 and OVER,9,4295,Oak Park,C,Urban Minor Arterial,,16,11,12076557,2,Cook,1,23,,,6,N,No,Free Flow,202301050711,City,1,0.5,N,,,,(UNK),108296,(N/A),(UNK),No Defects,1,1,Minor Arterial,4,2783,X002925441,Not Toll,73,3,4,"Divided, No Median Barrier",2,2945054.7477039,1913106.42063286,41.89455998,-87.784861,,Urban,1,N,(N/A),Y,(N/A)
2023,2023-02-14,Tuesday,9,09:57 AM,Injury,B Injury Crash,3,0,0,3,0,2,Front to Rear,11,N,N,Failing to Reduce Speed to Avoid Crash,(N/A),Daylight,Clear,Dry,Y,,,,,Traffic Signal,Functioning Properly,N,2,41.8795305,-87.8047293,ok,(UNK),1,2300897,2023,,28,99,50000 and OVER,9,4295,Oak Park,C,Urban Other Principal Arte,,16,14,12078112,2,Cook,2,23,,,2,N,No,Stopped,202301051838,City,1,19.69000053,Y,,,,(UNK),108380,(N/A),(UNK),No Defects,1,1,Other Principal Arterial,3,348,X002926520,Not Toll,73,3,4,"Divided, No Median Barrier",2,2939797.54686706,1907476.96314306,41.87952267,-87.80472351,,Urban,1,N,(N/A),Y,(N/A)
2023,2023-02-10,Friday,9,09:15 AM,Property Damage,No Injuries,0,0,0,0,0,1,Parked Motor Vehicle,9,N,N,Unable to Determine,(N/A),Unknown,Unknown,Unknown,N,,,,,No Controls,No Controls,Y,2,41.8884059,-87.7870746,ok,(UNK),1,2300819,2023,,18,99,50000 and OVER,9,4295,Oak Park,C,Urban Major Collector,,16,10,12076526,2,Cook,0,23,,,5,N,No,Free Flow,202301050680,City,9,0.74000001,N,,,,(UNK),108557,(N/A),(UNK),No Defects,1,9,Major Collector,5,1405,X002925413,Not Toll,73,1,1,Parking Lot,7,2944515.90735964,1910844.22160863,41.88839809,-87.78706885,,Urban,9,N,(N/A),Y,(N/A)
2023,2023-02-12,Sunday,21,09:50 PM,Property Damage,No Injuries,0,0,0,0,0,5,Rear to Front,18,N,N,Following Too Closely,(N/A),Darkness / Lighted Road,Clear,Dry,N,,,,,No Controls,No Controls,N,2,41.8797019,-87.7893397,ok,(UNK),1,2300870,2023,,3,99,50000 and OVER,9,4295,Oak Park,C,Urban Minor Collector,,16,12,12076563,2,Cook,0,23,,,7,N,No,(UNK),202301050716,City,5,0.62,N,,,,(UNK),108574,(N/A),(UNK),No Defects,1,1,Minor Collector,6,2779,X002925447,Not Toll,73,1,1,Not Divided,1,2943987.03930822,1907655.20572239,41.87969407,-87.78933391,,Urban,1,N,(N/A),Y,(N/A)
2023,2023-07-10,Monday,2,02:02 AM,Property Damage,No Injuries,0,0,0,0,0,1,Fixed Object,6,N,N,Driving Skills/Knowledge/Experience,Driving Skills/Knowledge/Experience,Darkness / Lighted Road,Clear,Dry,N,,,,,No Controls,No Controls,N,1,41.8957894,-87.7849259,ok,(UNK),1,2304190,2023,,15,15,50000 and OVER,9,4295,Oak Park,C,Urban Major Collector,,16,10,12249335,7,Cook,0,23,TREE,,1,N,Yes,Slow,202301213779,City,5,0.41999999,N,,,,(UNK),108751,(N/A),(UNK),No Defects,1,1,Major Collector,5,2783,X003078620,Not Toll,73,1,1,Not Divided,1,2945026.30420472,1913551.12609828,41.89578152,-87.78492005,,Urban,1,N,(N/A),Y,(N/A)
2023,2023-02-26,Sunday,6,06:47 AM,Property Damage,No Injuries,0,0,0,0,0,1,Parked Motor Vehicle,9,N,N,Improper Lane Usage,Failing to Reduce Speed to Avoid Crash,Daylight,Clear,Dry,N,,,,,Stop Sign,Functioning Properly,N,2,41.9033792,-87.8041543,ok,(UNK),1,2301149,2023,,20,28,50000 and OVER,9,4295,Oak Park,C,Urban Local Road or Street,,16,26,12092884,2,Cook,0,23,,,7,N,No,Free Flow,202301065511,City,1,0,N,,,,(UNK),108936,(N/A),(UNK),No Defects,1,1,Local Road or Street,7,,X002939712,Not Toll,73,2,4,Not Divided,1,2939714.72348824,1916172.16914539,41.90337132,-87.8041485,,Urban,1,N,(N/A),Y,(N/A)
2023,2023-02-26,Sunday,15,03:36 PM,Property Damage,No Injuries,0,0,0,0,0,2,Front to Rear,11,N,N,Following Too Closely,Driving Skills/Knowledge/Experience,Daylight,Clear,Dry,N,,,,,No Controls,No Controls,N,2,41.8691167,-87.7742557,ok,(UNK),1,2301159,2023,,3,15,50000 and OVER,9,4295,Oak Park,C,Urban Minor Arterial,,16,26,12092918,2,Cook,0,23,,,7,N,No,Slow,202301065552,City,1,8.47000027,N,,,,(UNK),108939,(N/A),(UNK),No Defects,1,1,Minor Arterial,4,2790,X002939745,Not Toll,,1,1,"Divided, No Median Barrier",2,2948202.59479627,1903911.96297797,41.86910883,-87.77424996,,Urban,1,N,(N/A),Y,(N/A)
2023,2023-11-22,Wednesday,12,12:16 PM,Property Damage,No Injuries,0,0,0,0,0,6,Front to Rear,11,N,N,Failing to Yield Right of Way,Failing to Reduce Speed to Avoid Crash,Daylight,Clear,Dry,Y,,,,,Traffic Signal,Functioning Properly,N,2,41.8798692,-87.7844362,ok,(UNK),1,2307381,2023,,2,28,50000 and OVER,9,4295,Oak Park,C,Urban Minor Arterial,,16,22,12428064,11,Cook,0,23,,,3,N,No,Free Flow,202301383394,City,1,4.11000013,N,,,,(UNK),108968,(N/A),(UNK),No Defects,1,1,Minor Arterial,4,1419,X003237258,Not Toll,73,3,4,Four Way,14,2945320.76598138,1907753.2053311,41.87986132,-87.78443042,,Urban,1,N,(N/A),Y,(N/A)
2023,2023-11-22,Wednesday,19,07:18 PM,Property Damage,No Injuries,0,0,0,0,0,4,Angle,15,N,N,Failing to Yield Right of Way,Failing to Reduce Speed to Avoid Crash,Darkness / Lighted Road,Clear,Dry,Y,,,,,Stop Sign,Functioning Properly,Y,2,41.8932048,-87.7783388,ok,(UNK),1,2307395,2023,,2,28,50000 and OVER,9,4295,Oak Park,C,Urban Local Road or Street,,16,22,12428082,11,Cook,0,23,,,3,N,No,Free Flow,202301383415,City,5,0,N,,,,(UNK),108971,(N/A),(UNK),No Defects,1,1,Local Road or Street,7,,X003237276,Not Toll,73,2,4,Four Way,14,2946846.00481111,1912659.14603323,41.89319696,-87.77833302,,Urban,1,N,(N/A),Y,(N/A)
2023,2023-11-22,Wednesday,20,08:42 PM,Property Damage,No Injuries,0,0,0,0,0,2,Turning,10,N,N,Improper Lane Usage,Failing to Reduce Speed to Avoid Crash,Darkness / Lighted Road,Clear,Dry,Y,,,,,Stop Sign,Functioning Properly,N,2,41.9091371,-87.7860147,ok,(UNK),1,2307396,2023,,20,28,50000 and OVER,9,4295,Oak Park,C,Urban Other Principal Arte,,16,22,12428090,11,Cook,0,23,,,3,N,No,Slow,202301383416,City,5,6.94000006,Y,,,,(UNK),108996,(N/A),(UNK),No Defects,1,1,Other Principal Arterial,3,307,X003237277,Not Toll,73,2,4,"Divided, No Median Barrier",2,2944594.77579759,1918407.08123984,41.90912928,-87.78600892,,Urban,1,N,(N/A),Y,(N/A)
2023,2023-07-04,Tuesday,19,07:16 PM,Property Damage,No Injuries,0,0,0,0,0,2,Front to Rear,11,N,N,Failing to Reduce Speed to Avoid Crash,(N/A),Daylight,Clear,Dry,N,,,,,Traffic Signal,Functioning Properly,Y,2,41.8944171,-87.7947116,ok,(UNK),1,2304073,2023,,28,99,50000 and OVER,9,4295,Oak Park,C,Urban Minor Arterial,,16,4,12242645,7,Cook,0,23,,,2,N,No,Stopped,202301207349,City,1,3.0999999,N,,,,(UNK),109209,(N/A),(UNK),No Defects,1,1,Minor Arterial,4,1398,X003072986,Not Toll,73,3,4,Not Divided,1,2942375.75752146,1912977.20165965,41.89440927,-87.79470577,,Urban,1,N,(N/A),Y,(N/A)
2023,2023-07-03,Monday,13,01:21 PM,Property Damage,No Injuries,0,0,0,0,0,1,Parked Motor Vehicle,9,N,N,Unable to Determine,Driving Skills/Knowledge/Experience,Daylight,Clear,Dry,N,,,,,Stop Sign,Functioning Properly,Y,2,41.8982534,-87.7825765,ok,(UNK),1,2304034,2023,,18,15,50000 and OVER,9,4295,Oak Park,C,Urban Local Road or Street,,16,3,12242556,7,Cook,0,23,,,1,N,No,Stopped,202301207249,City,1,0,N,,,,(UNK),109230,(N/A),(UNK),No Defects,1,1,Local Road or Street,7,,X003072899,Not Toll,73,2,4,Not Divided,1,2945641.01286099,1914466.82685512,41.89824551,-87.78257066,,Urban,1,N,(N/A),Y,(N/A)
2023,2023-07-01,Saturday,12,12:39 PM,Property Damage,No Injuries,0,0,0,0,0,3,Front to Rear,11,N,N,Failing to Reduce Speed to Avoid Crash,(N/A),Daylight,Clear,Dry,N,,,,,Other,Functioning Properly,N,2,41.87349,-87.804336,ok,Partial Access Control,3,03-23-11831,2023,,28,99,50000 and OVER,9,4295,Oak Park,C,Urban InterState,,16,1,12247641,7,Cook,0,23,,,6,N,No,(UNK),202301212427,ISP,1,7.71000004,Y,,,,(UNK),109297,(N/A),(UNK),No Defects,1,1,InterState,1,290,X003077370,Not Toll,73,13,4,Divided With Median Barrier,3,2939965.28597738,1905278.65747452,41.8734822,-87.80433017,,Urban,1,N,(N/A),Y,(N/A)
2023,2023-07-05,Wednesday,0,00:52 AM,Property Damage,No Injuries,0,0,0,0,0,1,Parked Motor Vehicle,9,N,N,Road Construction/Maintenance,Failing to Reduce Speed to Avoid Crash,Darkness / Lighted Road,Clear,Dry,N,,,,,No Controls,No Controls,N,2,41.8816971,-87.7861453,ok,(UNK),1,2304077,2023,,13,28,50000 and OVER,9,4295,Oak Park,C,Urban Major Collector,,16,5,12242648,7,Cook,0,23,,,3,Y,No,(UNK),202301207353,City,5,0.94999999,N,,,,(UNK),109420,(N/A),(UNK),Shoulders,6,1,Major Collector,5,5,X003072989,Not Toll,73,1,1,Not Divided,1,2944836.82362524,1908406.42295491,41.88168927,-87.78613952,,Urban,1,N,Construction,N,Construction Work Zone
2023,2023-10-03,Tuesday,18,06:47 PM,Property Damage,No Injuries,0,0,0,0,0,2,Sideswipe Same Direction,12,N,N,Improper Lane Usage,Failing to Reduce Speed to Avoid Crash,Darkness / Lighted Road,Clear,Dry,N,,,,,No Controls,No Controls,Y,2,41.8727713,-87.7969388,ok,Partial Access Control,3,03-23-18573,2023,,20,28,50000 and OVER,9,4295,Oak Park,C,Urban InterState,,16,3,12364806,10,Cook,0,23,,,2,N,No,(UNK),202301322332,ISP,5,8.05000019,Y,,,,(UNK),110044,(N/A),(UNK),No Defects,1,1,InterState,1,290,X003180743,Not Toll,73,1,1,Ramp,11,2941987.26600084,1905072.28602759,41.87276342,-87.796933,,Urban,1,N,(N/A),Y,(N/A)
2023,2023-11-19,Sunday,11,11:43 AM,Property Damage,No Injuries,0,0,0,0,0,2,Front to Rear,11,N,N,Failing to Reduce Speed to Avoid Crash,(N/A),Daylight,Clear,Dry,N,,,,,Traffic Signal,Functioning Properly,N,2,41.8918859,-87.7750453,ok,(UNK),1,2307305,2023,,28,99,50000 and OVER,9,4295,Oak Park,C,Urban Minor Arterial,,16,19,12422998,11,Cook,0,23,,,7,N,No,Stopped,202301378599,City,1,6.86000013,N,,,,(UNK),110144,(N/A),(UNK),No Defects,1,1,Minor Arterial,4,2790,X003232760,Not Toll,,3,4,Not Divided,1,2947756.18900622,1912203.51782955,41.8918781,-87.77503947,,Urban,1,N,(N/A),Y,(N/A)
2023,2023-11-22,Wednesday,17,05:42 PM,Property Damage,No Injuries,0,0,0,0,0,3,Sideswipe Same Direction,12,N,N,Improper Overtaking/Passing,Under Influence of Alcohol/Drugs,Daylight,Clear,Dry,Y,,,,,Traffic Signal,Functioning Properly,N,2,41.8947223,-87.7751558,ok,(UNK),1,2307392,2023,,4,8,50000 and OVER,9,4295,Oak Park,C,Urban Minor Arterial,,16,22,12428080,11,Cook,0,23,,,3,N,No,Slow,202301383412,City,1,4.13000011,N,,,,(UNK),110293,(N/A),(UNK),No Defects,1,1,Minor Arterial,4,1398,X003237274,Not Toll,,3,4,One-Way,10,2947697.25295874,1913236.29039194,41.89471442,-87.77515005,,Urban,1,N,(N/A),Y,(N/A)
2023,2023-11-24,Friday,17,05:52 PM,Injury,C Injury Crash,1,0,0,0,1,2,Front to Rear,11,N,N,Failing to Reduce Speed to Avoid Crash,Unable to Determine,Darkness / Lighted Road,Clear,Dry,N,,,,,No Controls,No Controls,N,2,41.88669,-87.7846401,ok,(UNK),1,2307420,2023,,28,18,50000 and OVER,9,4295,Oak Park,C,Urban Major Collector,,16,24,12428165,11,Cook,1,23,,,5,N,No,Free Flow,202301383476,City,5,1.04999995,N,,,,(UNK),110300,(N/A),(UNK),No Defects,1,1,Major Collector,5,2783,X003237330,Not Toll,73,1,1,"Divided, No Median Barrier",2,2945196.20422775,1910237.30187156,41.88668215,-87.78463433,,Urban,1,N,(N/A),Y,(N/A)
2023,2023-11-25,Saturday,18,06:33 PM,Property Damage,No Injuries,0,0,0,0,0,2,Angle,15,N,N,Failing to Yield Right of Way,(N/A),Darkness / Lighted Road,Clear,Dry,Y,,,,,Stop Sign,Functioning Properly,N,2,41.9037944,-87.7841774,ok,(UNK),1,2307441,2023,,2,99,50000 and OVER,9,4295,Oak Park,C,Urban Major Collector,,16,25,12428192,11,Cook,0,23,,,6,N,No,Free Flow,202301383506,City,5,0.38,N,,,,(UNK),110333,(N/A),(UNK),No Defects,1,1,Major Collector,5,2783,X003237355,Not Toll,73,2,4,"Divided, No Median Barrier",2,2945149.03025965,1916473.98451773,41.90378657,-87.7841716,,Urban,1,N,(N/A),Y,(N/A)
2023,2023-11-23,Thursday,15,03:56 PM,Property Damage,No Injuries,0,0,0,0,0,3,Turning,10,N,N,Improper Turning/No Signal,(N/A),Daylight,Clear,Dry,Y,,,,,Traffic Signal,Functioning Properly,N,2,41.8736415,-87.804525,ok,Partial Access Control,1,2307407,2023,,6,99,50000 and OVER,9,4295,Oak Park,C,Urban InterState,,16,23,12428103,11,Cook,0,23,,,4,N,No,Free Flow,202301383428,City,1,0.20999999,Y,,,,(UNK),110339,(N/A),(UNK),No Defects,1,1,InterState,1,290,X003237289,Not Toll,73,3,4,Four Way,14,2939912.27839808,1905332.44093054,41.87363368,-87.80451921,,Urban,1,N,(N/A),Y,(N/A)
2023,2023-11-25,Saturday,6,06:50 AM,Property Damage,No Injuries,0,0,0,0,0,2,Turning,10,N,N,Improper Turning/No Signal,(N/A),Daylight,Clear,Dry,Y,,,,,Traffic Signal,Functioning Properly,Y,2,41.8736416,-87.8045258,ok,Partial Access Control,1,2307436,2023,,6,99,50000 and OVER,9,4295,Oak Park,C,Urban InterState,,16,25,12428171,11,Cook,0,23,,,6,N,No,(UNK),202301383483,City,1,0.20999999,Y,,,,(UNK),110343,(N/A),(UNK),No Defects,1,1,InterState,1,290,X003237336,Not Toll,73,3,4,Divided With Median Barrier,3,2939912.062394,1905332.46992192,41.87363377,-87.80452,,Urban,1,N,(N/A),Y,(N/A)