crash_year,crash_date,day_of_week,crash_hour,time_of_crash,crash_severity,crash_injury_severity,total_injured,total_fatals,a_injuries,b_injuries,c_injuries,no_injuries,type_of_first_crash,collision_type_code,pedestrian_involved,pedalcyclist_involved,cause1,cause2,lighting_cond,weather_cond,road_surface_cond,intersection_related,is_intersection,highway_or_street_name,at_intersection_with,address_no,traffic_control_device,traffic_control_device_cond,hit_and_run,number_of_vehicles,latitude,longitude,location_status,access_control,agency_code,agency_report_number,agency_report_year,alignment_code,cause1_code,cause2_code,city_class,city_class_code,city_code,city_name,city_township_flag,class_of_trafficway,class_of_trafficway_code,county_code,crash_day,crash_id,crash_month,crash_report_county,crash_severity_cd,crash_yr_source,damaged_property1,damaged_property2,day_of_week_code,did_crash_occur_in_work_zone,did_involve_secondary_crash,flow_condition,icn,investigating_agency_descrip,light_condition_code,mile_station,nhs,non_intersection_direction,non_intersection_distance,non_intersection_units,number_of_lanes,objectid,railroad_crossing_number,road_alignment,road_defects,road_defects_code,road_surface_condition_code,roadway_functional_class,roadway_functional_class_code,route_number,sfe,toll,township,traffic_control_device_code,traffic_control_device_cond_code,trafficway_descrip,trafficway_description_code,ts_crash_coordinate_x,ts_crash_coordinate_y,ts_crash_latitude,ts_crash_longitude,type_report,urban_rural,weather_code,were_workers_present,work_zone,work_zone_related,work_zone_type
2023,2023-11-24,Friday,15,03:12 PM,Injury,B Injury Crash,1,0,0,1,0,1,Pedalcyclist,2,N,Y,Improper Lane Usage,(N/A),Daylight,Clear,Dry,N,,,,,No Controls,No Controls,N,1,41.9089344,-87.7993214,ok,(UNK),1,2307415,2023,,20,99,50000 and OVER,9,4295,Oak Park,C,Urban Other Principal Arte,,16,24,12428163,11,Cook,2,23,,,5,N,No,Free Flow,202301383474,City,1,6.25,Y,,,,(UNK),110371,(N/A),(UNK),No Defects,1,1,Other Principal Arterial,3,307,X003237328,Not Toll,73,1,1,"Divided, No Median Barrier",2,2940974.5237535,1918232.88685798,41.90892653,-87.79931563,,Urban,1,N,(N/A),Y,(N/A)
2023,2023-11-26,Sunday,16,04:39 PM,Injury,A Injury Crash,1,0,1,0,0,1,Pedestrian,1,Y,N,Failing to Yield Right of Way,(N/A),Darkness / Lighted Road,Clear,Wet,Y,,,,,Pedestrian Crossing,Functioning Properly,N,1,41.8917251,-87.7848075,ok,(UNK),1,2307457,2023,,2,99,50000 and OVER,9,4295,Oak Park,C,Urban Major Collector,,16,26,12428202,11,Cook,3,23,,,7,N,No,Free Flow,202301383516,City,5,0.69999999,N,,,,(UNK),110375,(N/A),(UNK),No Defects,1,2,Major Collector,5,2783,X003237364,Not Toll,73,17,4,"Divided, No Median Barrier",2,2945099.67740168,1912070.92870229,41.89171727,-87.78480166,,Urban,1,N,(N/A),Y,(N/A)
2023,2023-11-22,Wednesday,17,05:13 PM,Property Damage,No Injuries,0,0,0,0,0,2,Turning,10,N,N,Failing to Yield Right of Way,Driving Skills/Knowledge/Experience,Darkness / Lighted Road,Cloudy/Overcast,Dry,Y,,,,,Stop Sign,Functioning Properly,N,2,41.9070578,-87.8057268,ok,(UNK),1,2307391,2023,,2,15,50000 and OVER,9,4295,Oak Park,C,Urban Other Principal Arte,,16,22,12428069,11,Cook,0,23,,,3,N,No,Free Flow,202301383399,City,5,17.78000069,Y,,,,(UNK),110394,(N/A),(UNK),No Defects,1,1,Other Principal Arterial,3,348,X003237263,Not Toll,73,2,4,Not Divided,1,2939249.70058196,1917500.95128164,41.90704998,-87.80572104,,Urban,8,N,(N/A),Y,(N/A)
2023,2023-11-25,Saturday,18,06:55 PM,Property Damage,No Injuries,0,0,0,0,0,3,Angle,15,N,N,Failing to Yield Right of Way,Driving Skills/Knowledge/Experience,Darkness / Lighted Road,Clear,Dry,N,,,,,Stop Sign,Functioning Properly,N,2,41.8905591,-87.8050185,ok,(UNK),1,2307442,2023,,2,15,50000 and OVER,9,4295,Oak Park,C,Urban Local Road or Street,,16,25,12428194,11,Cook,0,23,,,6,N,No,Free Flow,202301383509,City,5,0.69999999,N,,,,(UNK),110403,(N/A),(UNK),No Defects,1,1,Local Road or Street,7,1405,X003237357,Not Toll,73,2,4,"Divided, No Median Barrier",2,2939608.11441917,1911493.80628685,41.89055124,-87.80501274,,Urban,1,N,(N/A),Y,(N/A)
2023,2023-10-02,Monday,19,07:30 PM,Property Damage,No Injuries,0,0,0,0,0,2,Front to Rear,11,N,N,Following Too Closely,Failing to Reduce Speed to Avoid Crash,Darkness / Lighted Road,Clear,Dry,N,,,,,Delineators,Functioning Properly,N,2,41.8727651,-87.7951502,ok,Partial Access Control,3,03-23-18496,2023,,3,28,50000 and OVER,9,4295,Oak Park,C,Urban InterState,,16,2,12355021,10,Cook,0,23,,,1,N,No,(UNK),202301313596,ISP,5,8.13000011,Y,,,,(UNK),110951,(N/A),(UNK),No Defects,1,1,InterState,1,290,X003172339,Not Toll,73,14,4,Divided With Median Barrier,3,2942474.5,1905083.5,41.87275725,-87.79514437,,Urban,1,N,(N/A),Y,(N/A)
2023,2023-01-23,Monday,17,05:42 PM,Property Damage,No Injuries,0,0,0,0,0,2,Rear to Side,16,N,N,Driving Skills/Knowledge/Experience,Failing to Reduce Speed to Avoid Crash,Darkness / Lighted Road,Clear,Dry,Y,,,,,Traffic Signal,No Controls,N,2,41.8781777,-87.8046655,ok,(UNK),1,23-00218,2023,,15,28,50000 and OVER,9,4295,Oak Park,C,Urban Other Principal Arte,,16,23,12050115,1,Cook,0,23,,,1,N,No,Slow,202301027292,City,5,19.78000069,Y,,,,(UNK),111224,(N/A),(UNK),No Defects,1,1,Other Principal Arterial,3,348,X002902265,Not Toll,73,3,1,"Divided, No Median Barrier",2,2939828.49136692,1906984.44955759,41.87816985,-87.80465973,,Urban,1,N,(N/A),Y,(N/A)
2023,2023-01-23,Monday,11,11:20 AM,Injury,C Injury Crash,1,0,0,0,1,1,Turning,10,N,N,Failing to Yield Right of Way,Failing to Reduce Speed to Avoid Crash,Daylight,Clear,Dry,N,,,,,Stop Sign,Functioning Properly,N,2,41.9092084,-87.7794444,ok,(UNK),1,2300498,2023,,2,28,50000 and OVER,9,4295,Oak Park,C,Urban Other Principal Arte,,16,23,12053056,1,Cook,1,23,,,1,N,No,Free Flow,202301029957,City,1,7.28000021,Y,,,,(UNK),111273,(N/A),(UNK),No Defects,1,1,Other Principal Arterial,3,307,X002905016,Not Toll,73,2,4,"Divided, No Median Barrier",2,2946382.60343676,1918482.79369274,41.90920056,-87.77943858,,Urban,1,N,(N/A),Y,(N/A)
2023,2023-01-14,Saturday,18,06:18 PM,Injury,B Injury Crash,3,0,0,3,0,2,Front to Rear,11,N,N,Failing to Reduce Speed to Avoid Crash,Following Too Closely,Darkness / Lighted Road,Clear,Dry,N,,,,,Other,Functioning Properly,N,3,41.8723625,-87.7890416,ok,Partial Access Control,3,03-23-00778,2023,,28,3,50000 and OVER,9,4295,Oak Park,C,Urban InterState,,16,14,12050174,1,Cook,2,23,,,6,N,No,(UNK),202301027344,ISP,5,22.32999992,Y,,,,(UNK),112656,(N/A),(UNK),No Defects,1,1,InterState,1,9290,X002902321,Not Toll,73,13,4,Divided With Median Barrier,3,2944142.35616822,1904982.8240478,41.87235461,-87.78903581,,Urban,1,N,(N/A),Y,(N/A)
2023,2023-06-26,Monday,17,05:30 PM,Property Damage,No Injuries,0,0,0,0,0,4,Angle,15,N,N,Failing to Yield Right of Way,Failing to Reduce Speed to Avoid Crash,Daylight,Cloudy/Overcast,Dry,Y,,,,,Stop Sign,Functioning Properly,N,2,41.8671371,-87.7840158,ok,(UNK),1,2303880,2023,,2,28,50000 and OVER,9,4295,Oak Park,C,Urban Major Collector,,16,26,12242984,6,Cook,0,23,V.O.P. TREE,,1,N,No,Stopped,202301207754,City,1,2.41000009,N,,,,(UNK),114240,(N/A),(UNK),No Defects,1,1,Major Collector,5,2783,X003073308,Not Toll,73,2,4,Not Divided,1,2945564.13255479,1903116.59898131,41.86712928,-87.78400998,,Urban,8,N,(N/A),Y,(N/A)
2023,2023-10-07,Saturday,12,12:06 PM,Property Damage,No Injuries,0,0,0,0,0,3,Front to Rear,11,N,N,Improper Lane Usage,Driving Skills/Knowledge/Experience,Daylight,Clear,Dry,N,,,,,Other Warning Sign,Functioning Properly,Y,2,41.870959,-87.7745474,ok,Partial Access Control,3,03-23-18845,2023,,20,15,50000 and OVER,9,4295,Oak Park,C,Urban InterState,,16,7,12368553,10,Cook,0,23,,,6,N,No,(UNK),202301326250,ISP,1,9.19999981,Y,,,,(UNK),114508,(N/A),(UNK),No Defects,1,1,InterState,1,290,X003184036,Not Toll,73,11,4,Divided With Median Barrier,3,2948104.42291715,1904581.12290894,41.87095115,-87.77454165,,Urban,1,N,(N/A),Y,(N/A)
2023,2023-10-07,Saturday,11,11:10 AM,Property Damage,No Injuries,0,0,0,0,0,3,Front to Rear,11,N,N,Failing to Reduce Speed to Avoid Crash,Following Too Closely,Daylight,Clear,Dry,N,,,,,Other,Functioning Properly,N,2,41.872074,-87.785709,ok,Partial Access Control,3,03-23-18849,2023,,28,3,50000 and OVER,9,4295,Oak Park,C,Urban InterState,,16,7,12363529,10,Cook,0,23,,,6,N,No,(UNK),202301321344,ISP,1,8.63000011,Y,,,,(UNK),114611,(N/A),(UNK),No Defects,1,1,InterState,1,290,X003179856,Not Toll,73,13,4,Divided With Median Barrier,3,2945052.99464993,1904902.87972259,41.87206615,-87.78570316,,Urban,1,N,(N/A),Y,(N/A)
2023,2023-10-08,Sunday,0,00:20 AM,Property Damage,No Injuries,0,0,0,0,0,3,Front to Rear,11,N,N,Failing to Reduce Speed to Avoid Crash,Improper Lane Usage,Darkness / Lighted Road,Clear,Dry,N,,,,,Other,Functioning Properly,N,2,41.8716162,-87.7835805,ok,Partial Access Control,3,03-23-18888,2023,,28,20,50000 and OVER,9,4295,Oak Park,C,Urban InterState,,16,8,12364948,10,Cook,0,23,,,7,N,No,(UNK),202301322467,ISP,5,8.73999977,Y,,,,(UNK),114930,(N/A),(UNK),No Defects,1,1,InterState,1,290,X003180885,Not Toll,,13,4,Divided With Median Barrier,3,2945637.37132748,1904752.14290577,41.87161619,-87.78358047,,Urban,1,N,(N/A),Y,(N/A)
2023,2023-12-22,Friday,7,07:30 AM,Property Damage,No Injuries,0,0,0,0,0,2,Front to Rear,11,N,N,Following Too Closely,Failing to Reduce Speed to Avoid Crash,Daylight,Unknown,Unknown,N,,,,,Other Warning Sign,Functioning Properly,N,2,41.8734295,-87.8037145,ok,Partial Access Control,3,03-23-24560,2023,,3,28,50000 and OVER,9,4295,Oak Park,C,Urban InterState,,16,22,12469396,12,Cook,0,23,,,5,N,No,(UNK),202301423113,ISP,1,7.73999977,Y,,,,(UNK),115127,(N/A),(UNK),No Defects,1,9,InterState,1,290,X003274079,Not Toll,73,11,4,Divided With Median Barrier,3,2940135.16764076,1905261.25544992,41.87342165,-87.80370868,,Urban,9,N,(N/A),Y,(N/A)
2023,2023-12-23,Saturday,11,11:10 AM,Property Damage,No Injuries,0,0,0,0,0,2,Rear to Front,18,N,N,Operating Vehicle In Reckless Manner,(N/A),Daylight,Clear,Dry,N,,,,,No Controls,No Controls,Y,2,41.8860933,-87.7748288,ok,(UNK),1,2400299,2024,,50,99,50000 and OVER,9,4295,Oak Park,C,Urban Minor Arterial,,16,23,12498814,12,Cook,0,23,,,6,N,No,Free Flow,202301428773,City,1,7.26999998,N,,,,(UNK),115457,(N/A),(UNK),No Defects,1,1,Minor Arterial,4,2790,X003299725,Not Toll,,1,1,Not Divided,1,2947873.99516295,1910094.1930698,41.88608541,-87.77482303,,Urban,1,N,(N/A),Y,(N/A)
2023,2023-10-13,Friday,23,11:34 PM,Property Damage,No Injuries,0,0,0,0,0,2,Turning,10,N,N,Improper Turning/No Signal,Unable to Determine,Darkness / Lighted Road,Rain,Wet,N,,,,,No Controls,No Controls,N,2,41.8736415,-87.8045249,ok,Partial Access Control,1,23-03177,2023,,6,18,50000 and OVER,9,4295,Oak Park,C,Urban InterState,,16,13,12370206,10,Cook,0,23,,,5,N,No,Free Flow,202301327971,City,5,0.20999999,Y,,,,(UNK),115579,(N/A),(UNK),No Defects,1,2,InterState,1,290,X003185629,Not Toll,73,1,1,Divided With Median Barrier,3,2939912.31383829,1905332.43617387,41.87363366,-87.80451908,,Urban,2,N,(N/A),Y,(N/A)
2023,2023-11-18,Saturday,18,06:40 PM,Property Damage,No Injuries,0,0,0,0,0,3,Front to Rear,11,N,N,Failing to Reduce Speed to Avoid Crash,Following Too Closely,Darkness / Lighted Road,Clear,Dry,N,,,,,No Controls,Functioning Properly,N,3,41.8731957,-87.7988617,ok,Partial Access Control,3,03-23-21921,2023,,28,3,50000 and OVER,9,4295,Oak Park,C,Urban InterState,,16,18,12421695,11,Cook,0,23,,,6,N,No,(UNK),202301377150,ISP,5,0.02,Y,,,,(UNK),115983,(N/A),(UNK),No Defects,1,1,InterState,1,290,X003231532,Not Toll,,1,4,Divided With Median Barrier,3,2941459.24742574,1905212.4816612,41.87319565,-87.79886174,,Urban,1,N,(N/A),Y,(N/A)
2023,2023-11-21,Tuesday,14,02:10 PM,Property Damage,No Injuries,0,0,0,0,0,2,Sideswipe Same Direction,12,N,N,Improper Overtaking/Passing,Failing to Reduce Speed to Avoid Crash,Daylight,Cloudy/Overcast,Dry,N,,,,,Other Regualtory Sig,Functioning Properly,N,2,41.8712262,-87.7744354,ok,Partial Access Control,3,03-23-22121,2023,,4,28,50000 and OVER,9,4295,Oak Park,C,Urban InterState,,16,21,12426909,11,Cook,0,23,,,2,N,No,(UNK),202301382276,ISP,1,9.19999981,Y,,,,(UNK),115999,(N/A),(UNK),No Defects,1,1,InterState,1,290,X003236201,Not Toll,73,10,4,Divided With Median Barrier,3,2948132.23529412,1904679.34491979,41.87121835,-87.77442957,,Urban,8,N,(N/A),Y,(N/A)
2023,2023-11-18,Saturday,22,10:35 PM,Property Damage,No Injuries,0,0,0,0,0,4,Sideswipe Same Direction,12,N,N,Improper Overtaking/Passing,Improper Lane Usage,Darkness / Lighted Road,Clear,Dry,N,,,,,Other,Functioning Properly,N,2,41.8712577,-87.7794547,ok,Partial Access Control,3,03-23-21934,2023,,4,20,50000 and OVER,9,4295,Oak Park,C,Urban InterState,,16,18,12426869,11,Cook,0,23,,,6,N,No,(UNK),202301382232,ISP,5,8.94999981,Y,,,,(UNK),116050,(N/A),(UNK),No Defects,1,1,InterState,1,290,X003236161,Not Toll,,13,4,Divided With Median Barrier,3,2946764.76790977,1904652.76075556,41.87125774,-87.77945468,,Urban,1,N,(N/A),Y,(N/A)
2023,2023-11-18,Saturday,17,05:13 PM,Property Damage,No Injuries,0,0,0,0,0,3,Front to Rear,11,N,N,Failing to Reduce Speed to Avoid Crash,Following Too Closely,Daylight,Clear,Dry,N,,,,,Other,Functioning Properly,N,3,41.8723797,-87.789313,ok,Partial Access Control,3,03-23-21914,2023,,28,3,50000 and OVER,9,4295,Oak Park,C,Urban InterState,,16,18,12421694,11,Cook,0,23,,,6,N,No,(UNK),202301377149,ISP,1,8.42000008,Y,,,,(UNK),116127,(N/A),(UNK),No Defects,1,1,InterState,1,290,X003231531,Not Toll,73,13,4,Divided With Median Barrier,3,2944068.25270806,1904987.06472919,41.87237187,-87.78930723,,Urban,1,N,(N/A),Y,(N/A)
2023,2023-11-24,Friday,9,09:44 AM,Property Damage,No Injuries,0,0,0,0,0,2,Angle,15,N,N,Unable to Determine,Failing to Reduce Speed to Avoid Crash,Daylight,Clear,Dry,N,,,,,Stop Sign,Functioning Properly,N,2,41.8905913,-87.8026724,ok,(UNK),1,2307411,2023,,18,28,50000 and OVER,9,4295,Oak Park,C,Urban Local Road or Street,,16,24,12428108,11,Cook,0,23,,,5,N,Yes,Free Flow,202301383435,City,1,0.57999998,N,,,,(UNK),116209,(N/A),(UNK),No Defects,1,1,Local Road or Street,7,1405,X003237294,Not Toll,73,2,4,Not Divided,1,2940246.62508961,1911523.15524049,41.89058348,-87.80266662,,Urban,1,N,(N/A),Y,(N/A)
2023,2023-11-19,Sunday,18,06:36 PM,Property Damage,No Injuries,0,0,0,0,0,3,Front to Rear,11,N,N,Failing to Reduce Speed to Avoid Crash,(N/A),Darkness / Lighted Road,Clear,Dry,Y,,,,,Traffic Signal,Functioning Properly,Y,2,41.8821301,-87.7747258,ok,(UNK),1,2307316,2023,,28,99,50000 and OVER,9,4295,Oak Park,C,Urban Minor Arterial,,16,19,12423011,11,Cook,0,23,,,7,N,No,Stopped,202301378620,City,5,1.53999996,N,,,,(UNK),116295,(N/A),(UNK),No Defects,1,1,Minor Arterial,4,5,X003232772,Not Toll,,3,4,"Divided, No Median Barrier",2,2947942.31593217,1908650.73007354,41.88212226,-87.77472005,,Urban,1,N,(N/A),Y,(N/A)
2023,2023-01-24,Tuesday,13,01:00 PM,Property Damage,No Injuries,0,0,0,0,0,1,Parked Motor Vehicle,9,N,N,Unable to Determine,(N/A),Daylight,Clear,Dry,N,,,,,No Controls,No Controls,Y,2,41.8803726,-87.7956031,ok,(UNK),1,2300478,2023,,18,99,50000 and OVER,9,4295,Oak Park,C,Urban Local Road or Street,,16,24,12051793,1,Cook,0,23,,,2,N,No,Slow,202301028809,City,1,0,N,,,,(UNK),116391,(N/A),(UNK),No Defects,1,1,Local Road or Street,7,,X002903810,Not Toll,73,1,1,Not Divided,1,2942274.50357511,1907852.38778055,41.88036471,-87.79559731,,Urban,1,N,(N/A),Y,(N/A)
2023,2023-01-19,Thursday,16,04:47 PM,Property Damage,No Injuries,0,0,0,0,0,2,Angle,15,N,N,Failing to Yield Right of Way,Unable to Determine,Daylight,Rain,Wet,Y,,,,,No Controls,No Controls,N,2,41.8946704,-87.7783859,ok,(UNK),1,2300368,2023,,2,18,50000 and OVER,9,4295,Oak Park,C,Urban Minor Arterial,,16,19,12046641,1,Cook,0,23,,,4,N,No,Free Flow,202301024461,City,1,3.96000004,N,,,,(UNK),116467,(N/A),(UNK),No Defects,1,2,Minor Arterial,4,1398,X002899329,Not Toll,73,1,1,Not Divided,1,2946818.3042208,1913192.87768321,41.89466255,-87.77838012,,Urban,2,N,(N/A),Y,(N/A)
2023,2023-01-19,Thursday,8,08:51 AM,Property Damage,No Injuries,0,0,0,0,0,3,Angle,15,N,N,Failing to Reduce Speed to Avoid Crash,Driving On Wrong Side/Wrong Way,Daylight,Cloudy/Overcast,Wet,N,,,,,No Controls,No Controls,Y,2,41.8914497,-87.7945913,ok,(UNK),1,2300356,2023,,28,5,50000 and OVER,9,4295,Oak Park,C,Urban Major Collector,,16,19,12046632,1,Cook,0,23,,,4,N,No,Free Flow,202301024454,City,1,5.32999992,N,,,,(UNK),116671,(N/A),(UNK),No Defects,1,2,Major Collector,5,2775,X002899322,Not Toll,73,1,1,Not Divided,1,2942438.40496484,1911896.71302306,41.89144183,-87.79458554,,Urban,8,N,(N/A),Y,(N/A)
2023,2023-07-07,Friday,18,06:00 PM,Property Damage,No Injuries,0,0,0,0,0,2,Front to Rear,11,N,N,Failing to Reduce Speed to Avoid Crash,(N/A),Daylight,Clear,Dry,N,,,,,Delineators,Functioning Properly,N,2,41.8737604,-87.8043433,ok,Partial Access Control,3,03-23-12289,2023,,28,99,50000 and OVER,9,4295,Oak Park,C,Urban InterState,,16,7,12247926,7,Cook,0,23,,,5,N,No,(UNK),202301212698,ISP,1,7.71000004,Y,,,,(UNK),117039,(N/A),(UNK),No Defects,1,1,InterState,1,290,X003077646,Not Toll,73,14,4,Divided With Median Barrier,3,2939960.56892338,1905377.14334874,41.87375261,-87.80433753,,Urban,1,N,(N/A),Y,(N/A)
2023,2023-07-11,Tuesday,7,07:24 AM,Property Damage,No Injuries,0,0,0,0,0,3,Angle,15,N,N,Failing to Yield Right of Way,(N/A),Daylight,Clear,Dry,Y,,,,,Stop Sign,Functioning Properly,N,2,41.8706377,-87.7939368,ok,(UNK),1,2304226,2023,,2,99,50000 and OVER,9,4295,Oak Park,C,Urban Major Collector,,16,11,12252851,7,Cook,0,23,,,2,N,No,Free Flow,202301217475,City,1,6.78999996,N,,,,(UNK),117088,(N/A),(UNK),No Defects,1,1,Major Collector,5,2775,X003081877,Not Toll,73,2,4,Four Way,14,2942826.4223104,1904317.39477424,41.8706299,-87.79393101,,Urban,1,N,(N/A),Y,(N/A)
2023,2023-07-11,Tuesday,10,10:34 AM,Property Damage,No Injuries,0,0,0,0,0,2,Angle,15,N,N,Failing to Yield Right of Way,Failing to Reduce Speed to Avoid Crash,Daylight,Clear,Dry,Y,,,,,Stop Sign,Functioning Properly,N,2,41.8689114,-87.7889869,ok,(UNK),1,2304230,2023,,2,28,50000 and OVER,9,4295,Oak Park,C,Urban Minor Collector,,16,11,12252852,7,Cook,0,23,,,2,N,No,Free Flow,202301217476,City,1,1.37,N,,,,(UNK),117089,(N/A),(UNK),No Defects,1,1,Minor Collector,6,2779,X003081878,Not Toll,73,2,4,Four Way,14,2944192.10571881,1903725.62025138,41.86890358,-87.78898112,,Urban,1,N,(N/A),Y,(N/A)
2023,2023-07-08,Saturday,10,10:28 AM,Property Damage,No Injuries,0,0,0,0,0,1,Fixed Object,6,N,N,Unable to Determine,(N/A),Daylight,Clear,Unknown,N,,,,,No Controls,No Controls,Y,1,41.8873636,-87.7944775,ok,(UNK),1,2304152,2023,,18,99,50000 and OVER,9,4295,Oak Park,C,Urban Major Collector,,16,8,12252840,7,Cook,0,23,BUILDING,PLANTER,6,N,Yes,(UNK),202301217465,City,1,5.61999989,N,,,,(UNK),117514,(N/A),(UNK),No Defects,1,9,Major Collector,5,2775,X003081867,Not Toll,73,1,1,Other,8,2942510.59974486,1910408.51271062,41.88735571,-87.79447166,,Urban,1,N,(N/A),Y,(N/A)
2023,2023-07-10,Monday,18,06:30 PM,Property Damage,No Injuries,0,0,0,0,0,1,Parked Motor Vehicle,9,N,N,Failing to Reduce Speed to Avoid Crash,(N/A),Unknown,Unknown,Unknown,N,,,,,No Controls,No Controls,Y,2,41.8885986,-87.7926974,ok,(UNK),1,2304232,2023,,28,99,50000 and OVER,9,4295,Oak Park,C,Urban Major Collector,,16,10,12252872,7,Cook,0,23,,,1,N,No,Free Flow,202301217480,City,9,0.44999999,N,,,,(UNK),117517,(N/A),(UNK),Unknown,99,9,Major Collector,5,1405,X003081882,Not Toll,73,1,1,"Divided, No Median Barrier",2,2942982.86697236,1910871.98668033,41.88859072,-87.7926916,,Urban,9,N,(N/A),N,(N/A)
2023,2023-01-19,Thursday,17,05:39 PM,Property Damage,No Injuries,0,0,0,0,0,4,Angle,15,N,N,Failing to Reduce Speed to Avoid Crash,Unable to Determine,Darkness / Lighted Road,Rain,Wet,N,,,,,Traffic Signal,Functioning Properly,N,2,41.886982,-87.7847159,ok,(UNK),1,2300370,2023,,28,18,50000 and OVER,9,4295,Oak Park,C,Urban Local Road or Street,,16,19,12046642,1,Cook,0,23,,,4,N,No,Slow,202301024462,City,5,0,N,,,,(UNK),117738,(N/A),(UNK),No Defects,1,2,Local Road or Street,7,,X002899330,Not Toll,73,3,4,Not Divided,1,2945172.60819617,1910343.12862646,41.88697412,-87.78471013,,Urban,2,N,(N/A),Y,(N/A)
2023,2023-10-13,Friday,14,02:20 PM,Property Damage,No Injuries,0,0,0,0,0,2,Turning,10,N,N,Failing to Reduce Speed to Avoid Crash,Driving Skills/Knowledge/Experience,Daylight,Rain,Wet,Y,,,,,No Controls,No Controls,Y,2,41.87231,-87.8044661,ok,(UNK),1,23-03172,2023,,28,15,50000 and OVER,9,4295,Oak Park,C,Urban Other Principal Arte,,16,13,12370208,10,Cook,0,23,,,5,N,No,Free Flow,202301327973,City,1,20.18000031,Y,,,,(UNK),118208,(N/A),(UNK),No Defects,1,2,Other Principal Arterial,3,348,X003185631,Not Toll,73,1,1,"Divided, No Median Barrier",2,2939941.67826524,1904847.65959978,41.87230217,-87.80446032,,Urban,2,N,(N/A),Y,(N/A)
2023,2023-11-24,Friday,13,01:00 PM,Injury,B Injury Crash,1,0,0,1,0,3,Sideswipe Opposite Direction,13,N,N,(N/A),Unable to Determine,Daylight,Clear,Dry,N,,,,,No Controls,No Controls,N,4,41.8798564,-87.786024,ok,(UNK),1,2307413,2023,,99,18,50000 and OVER,9,4295,Oak Park,C,Urban Minor Arterial,,16,24,12428157,11,Cook,2,23,,,5,N,Yes,Free Flow,202301383467,City,1,4.03000021,N,,,,(UNK),118858,(N/A),(UNK),No Defects,1,1,Minor Arterial,4,1419,X003237322,Not Toll,73,1,1,Two-way Continuous Left-Tur,4,2944888.46660213,1907736.53414224,41.87984852,-87.78601825,,Urban,1,N,(N/A),Y,(N/A)
2023,2023-06-23,Friday,0,00:15 AM,Injury,B Injury Crash,2,0,0,2,0,2,Front to Rear,11,N,N,Failing to Reduce Speed to Avoid Crash,Driving Skills/Knowledge/Experience,Darkness / Lighted Road,Clear,Dry,N,,,,,No Controls,Other,Y,2,41.8719076,-87.7838252,ok,Partial Access Control,3,03-23-11228,2023,,28,15,50000 and OVER,9,4295,Oak Park,C,Urban InterState,,16,23,12244602,6,Cook,2,23,,,5,N,No,(UNK),202301209142,ISP,5,8.72999954,Y,,,,(UNK),119563,(N/A),(UNK),No Defects,1,1,InterState,1,290,X003074448,Not Toll,73,1,7,Divided With Median Barrier,3,2945567.75730838,1904856.47388592,41.87189972,-87.78381942,,Urban,1,N,(N/A),Y,(N/A)
2023,2023-06-18,Sunday,14,02:40 PM,Property Damage,No Injuries,0,0,0,0,0,2,Sideswipe Same Direction,12,N,N,Improper Lane Usage,(N/A),Daylight,Clear,Dry,N,,,,,No Controls,No Controls,N,2,41.873714,-87.8045277,ok,(UNK),1,23-01806,2023,,20,99,50000 and OVER,9,4295,Oak Park,C,Urban Other Principal Arte,,16,18,12248122,6,Cook,0,23,,,7,N,No,Free Flow,202301212887,City,1,20.07999992,Y,,,,(UNK),119650,(N/A),(UNK),No Defects,1,1,Other Principal Arterial,3,348,X003077837,Not Toll,73,1,1,Divided With Median Barrier,3,2939910.81918905,1905358.82758386,41.87370614,-87.8045219,,Urban,1,N,(N/A),Y,(N/A)
2023,2023-07-12,Wednesday,15,03:24 PM,Property Damage,No Injuries,0,0,0,0,0,4,Turning,10,N,N,Improper Turning/No Signal,Failing to Reduce Speed to Avoid Crash,Daylight,Rain,Wet,Y,,,,,No Controls,No Controls,Y,2,41.9073375,-87.7833056,ok,(UNK),1,2304268,2023,,6,28,50000 and OVER,9,4295,Oak Park,C,Urban Major Collector,,16,12,12253152,7,Cook,0,23,,,3,N,No,Free Flow,202301217510,City,1,0.13,N,,,,(UNK),119906,(N/A),(UNK),No Defects,1,2,Major Collector,5,2783,X003081911,Not Toll,73,1,1,Four Way,14,2945350.46733913,1917771.75713623,41.90732967,-87.78329982,,Urban,2,N,(N/A),Y,(N/A)
2023,2023-07-12,Wednesday,10,10:06 AM,Property Damage,No Injuries,0,0,0,0,0,2,Sideswipe Same Direction,12,N,N,Failing to Reduce Speed to Avoid Crash,(N/A),Daylight,Rain,Wet,N,,,,,No Controls,No Controls,Y,2,41.8870978,-87.7748558,ok,(UNK),1,2304259,2023,,28,99,50000 and OVER,9,4295,Oak Park,C,Urban Minor Arterial,,16,12,12253131,7,Cook,0,23,,,3,N,No,(UNK),202301217490,City,1,7.19999981,N,,,,(UNK),119997,(N/A),(UNK),Other,10,2,Minor Arterial,4,2790,X003081892,Not Toll,,1,1,Not Divided,1,2947856.44151834,1910460.08171393,41.88709,-87.77485,,Urban,2,N,(N/A),N,(N/A)
2023,2023-10-04,Wednesday,3,03:17 AM,Property Damage,No Injuries,0,0,0,0,0,4,Front to Rear,11,N,N,Failing to Reduce Speed to Avoid Crash,Improper Lane Usage,Darkness / Lighted Road,Clear,Dry,N,,,,,Other,Functioning Properly,Y,2,41.8713236,-87.8330969,outside_oak_park,Partial Access Control,3,03-23-18592,2023,,28,20,50000 and OVER,9,4295,Oak Park,C,Urban InterState,,16,4,12363528,10,Cook,0,23,PORTABLE ARROW BOARD,,3,N,No,(UNK),202301321343,ISP,5,6.21000004,Y,,,,(UNK),120463,(N/A),(UNK),No Defects,1,1,InterState,1,290,X003179855,Not Toll,,13,4,Divided With Median Barrier,3,2932153.25052757,1904274.76986675,41.87132358,-87.83309689,,Urban,1,N,(N/A),Y,(N/A)