crash_year,crash_date,day_of_week,crash_hour,time_of_crash,crash_severity,crash_injury_severity,total_injured,total_fatals,a_injuries,b_injuries,c_injuries,no_injuries,type_of_first_crash,collision_type_code,pedestrian_involved,pedalcyclist_involved,cause1,cause2,lighting_cond,weather_cond,road_surface_cond,intersection_related,is_intersection,highway_or_street_name,at_intersection_with,address_no,traffic_control_device,traffic_control_device_cond,hit_and_run,number_of_vehicles,latitude,longitude,location_status,access_control,agency_code,agency_report_number,agency_report_year,alignment_code,cause1_code,cause2_code,city_class,city_class_code,city_code,city_name,city_township_flag,class_of_trafficway,class_of_trafficway_code,county_code,crash_day,crash_id,crash_month,crash_report_county,crash_severity_cd,crash_yr_source,damaged_property1,damaged_property2,day_of_week_code,did_crash_occur_in_work_zone,did_involve_secondary_crash,flow_condition,icn,investigating_agency_descrip,light_condition_code,mile_station,nhs,non_intersection_direction,non_intersection_distance,non_intersection_units,number_of_lanes,objectid,railroad_crossing_number,road_alignment,road_defects,road_defects_code,road_surface_condition_code,roadway_functional_class,roadway_functional_class_code,route_number,sfe,toll,township,traffic_control_device_code,traffic_control_device_cond_code,trafficway_descrip,trafficway_description_code,ts_crash_coordinate_x,ts_crash_coordinate_y,ts_crash_latitude,ts_crash_longitude,type_report,urban_rural,weather_code,were_workers_present,work_zone,work_zone_related,work_zone_type
2023,2023-07-10,Monday,8,08:02 AM,Injury,B Injury Crash,1,0,0,1,0,1,Angle,15,N,N,Disregarding Stop Sign,(N/A),Daylight,Clear,Dry,Y,,,,,Stop Sign,Functioning Properly,N,2,41.8946279,-87.7799858,ok,(UNK),1,2304193,2023,,23,99,50000 and OVER,9,4295,Oak Park,C,Urban Minor Arterial,,16,10,12250329,7,Cook,2,23,METAL STREET SIGN POLE,,1,N,No,Free Flow,202301214815,City,1,1,N,,,,(UNK),121188,(N/A),(UNK),No Defects,1,1,Minor Arterial,4,3559,X003079550,Not Toll,73,2,4,Not Divided,1,2946383.12486958,1913165.25135384,41.89462002,-87.77998,,Urban,1,N,(N/A),Y,(N/A)
2023,2023-02-10,Friday,7,07:00 AM,Property Damage,No Injuries,0,0,0,0,0,3,Front to Rear,11,N,N,Failing to Reduce Speed to Avoid Crash,Following Too Closely,Daylight,Clear,Dry,Y,,,,,No Controls,No Controls,N,2,41.9087836,-87.8057824,ok,(UNK),1,2300830,2023,,28,3,50000 and OVER,9,4295,Oak Park,C,Urban Other Principal Arte,,16,10,12076536,2,Cook,0,23,,,5,N,No,Free Flow,202301050691,City,1,17.65999985,Y,,,,(UNK),121385,(N/A),(UNK),No Defects,1,1,Other Principal Arterial,3,348,X002925423,Not Toll,73,1,1,Divided With Median Barrier,3,2939217.25014267,1918129.42874401,41.90877572,-87.80577663,,Urban,1,N,(N/A),Y,(N/A)
2023,2023-02-09,Thursday,12,12:50 PM,Property Damage,No Injuries,0,0,0,0,0,2,Sideswipe Same Direction,12,N,N,Improper Overtaking/Passing,Unable to Determine,Daylight,Rain,Wet,Y,,,,,Traffic Signal,Functioning Properly,N,2,41.8796677,-87.8047388,ok,(UNK),1,2300822,2023,,4,18,50000 and OVER,9,4295,Oak Park,C,Urban Other Principal Arte,,16,9,12076530,2,Cook,0,23,,,4,N,No,Slow,202301050684,City,1,19.68000031,Y,,,,(UNK),121441,(N/A),(UNK),No Defects,1,2,Other Principal Arterial,3,348,X002925417,Not Toll,73,3,4,Four Way,14,2939793.58932325,1907526.89603485,41.87965989,-87.80473298,,Urban,2,N,(N/A),Y,(N/A)
2023,2023-12-25,Monday,13,01:15 PM,Property Damage,No Injuries,0,0,0,0,0,7,Sideswipe Same Direction,12,N,N,Improper Lane Usage,Failing to Reduce Speed to Avoid Crash,Daylight,Clear,Wet,N,,,,,Other,Functioning Properly,Y,2,41.8710517,-87.7760369,ok,Partial Access Control,3,03-23-24334,2023,,20,28,50000 and OVER,9,4295,Oak Park,C,Urban InterState,,16,25,12470962,12,Cook,0,23,,,1,N,No,(UNK),202301424394,ISP,1,9.11999989,Y,,,,(UNK),121473,(N/A),(UNK),No Defects,1,2,InterState,1,290,X003275377,Not Toll,73,13,4,Ramp,11,2947697.77953523,1904603.58892891,41.87104383,-87.77603113,,Urban,1,N,(N/A),Y,(N/A)
2023,2023-06-24,Saturday,10,10:00 AM,Property Damage,No Injuries,0,0,0,0,0,2,Turning,10,N,N,Failing to Reduce Speed to Avoid Crash,Driving Skills/Knowledge/Experience,Daylight,Clear,Dry,N,,,,,Other Regualtory Sig,Functioning Properly,N,2,41.8753687,-87.8028237,ok,(UNK),3,03-23-11479,2023,,28,15,50000 and OVER,9,4295,Oak Park,C,Urban Local Road or Street,,16,24,12244690,6,Cook,0,23,,,6,N,No,(UNK),202301209246,ISP,1,0,N,,,,(UNK),121808,(N/A),(UNK),No Defects,1,1,Local Road or Street,7,,X003074535,Not Toll,,10,4,Divided With Median Barrier,3,2940358.30970705,1905974.62750099,41.87536088,-87.80281792,,Urban,1,N,(N/A),Y,(N/A)
2023,2023-12-25,Monday,18,06:46 PM,Property Damage,No Injuries,0,0,0,0,0,5,Turning,10,N,N,Weather,(N/A),Darkness / Lighted Road,Rain,Wet,Y,,,,,Traffic Signal,Functioning Properly,N,2,41.8735079,-87.8045198,ok,Partial Access Control,1,2308109,2023,,11,99,50000 and OVER,9,4295,Oak Park,C,Urban InterState,,16,25,12466174,12,Cook,0,23,,,1,N,No,Free Flow,202301419926,City,5,7.69999981,Y,,,,(UNK),121923,(N/A),(UNK),No Defects,1,2,InterState,1,290,X003271081,Not Toll,73,3,4,Other,8,2939915.04139067,1905283.80433685,41.87350011,-87.80451399,,Urban,2,N,(N/A),Y,(N/A)
2023,2023-12-15,Friday,1,01:45 AM,Property Damage,No Injuries,0,0,0,0,0,2,Sideswipe Same Direction,12,N,N,Improper Lane Usage,Failing to Reduce Speed to Avoid Crash,Darkness / Lighted Road,Clear,Dry,N,,,,,Other,Functioning Properly,Y,2,41.8716966,-87.7844919,ok,Partial Access Control,3,03-23-23657,2023,,20,28,50000 and OVER,9,4295,Oak Park,C,Urban InterState,,16,15,12453266,12,Cook,0,23,,,5,Y,No,(UNK),202301406438,ISP,5,8.68999958,Y,,,,(UNK),121946,(N/A),(UNK),No Defects,1,1,InterState,1,290,X003259318,Not Toll,,13,4,Divided With Median Barrier,3,2945388.30114783,1904774.56310406,41.87169663,-87.78449191,,Urban,1,Y,Construction,Y,Construction Work Zone
2023,2023-12-26,Tuesday,13,01:40 PM,Injury,C Injury Crash,1,0,0,0,1,1,Parked Motor Vehicle,9,N,N,Improper Backing,Failing to Reduce Speed to Avoid Crash,Daylight,Clear,Wet,N,,,,,Stop Sign,Functioning Properly,N,2,41.8904983,-87.7766118,ok,(UNK),1,2308121,2023,,30,28,50000 and OVER,9,4295,Oak Park,C,Urban Local Road or Street,,16,26,12466176,12,Cook,1,23,,,2,N,No,Stopped,202301420674,City,1,0,N,,,,(UNK),122051,(N/A),(UNK),No Defects,1,2,Local Road or Street,7,,X003271083,Not Toll,73,2,4,Not Divided,1,2947343.72409376,1911685.95354555,41.89049048,-87.77660603,,Urban,1,N,(N/A),Y,(N/A)
2023,2023-12-26,Tuesday,18,06:10 PM,Property Damage,No Injuries,0,0,0,0,0,2,Front to Rear,11,N,N,Following Too Closely,Failing to Reduce Speed to Avoid Crash,Darkness / Lighted Road,Clear,Dry,N,,,,,Other,Functioning Properly,N,2,41.8734878,-87.8043128,ok,Partial Access Control,3,03-23-24405,2023,,3,28,50000 and OVER,9,4295,Oak Park,C,Urban InterState,,16,26,12470968,12,Cook,0,23,,,2,N,No,(UNK),202301424399,ISP,5,7.71000004,Y,,,,(UNK),122115,(N/A),(UNK),No Defects,1,1,InterState,1,290,X003275383,Not Toll,73,13,4,Divided With Median Barrier,3,2939971.62260939,1905278.00837429,41.87347994,-87.80430699,,Urban,1,N,(N/A),Y,(N/A)
2023,2023-10-06,Friday,9,09:54 AM,Property Damage,No Injuries,0,0,0,0,0,1,Fixed Object,6,N,N,Disregarding Other Traffic Signs,(N/A),Daylight,Clear,Dry,N,,,,,Other Regualtory Sig,Functioning Properly,N,1,41.8872559,-87.784659,ok,(UNK),1,2306352,2023,,24,99,50000 and OVER,9,4295,Oak Park,C,Urban Major Collector,,16,6,12363787,10,Cook,0,23,UNDERSIDE OF RAILWAY BRIDGE,,5,N,No,Free Flow,202301321596,City,1,1.00999999,N,,,,(UNK),122285,(N/A),(UNK),No Defects,1,1,Major Collector,5,2783,X003180073,Not Toll,73,10,4,Divided With Median Barrier,3,2945185.32752364,1910443.3973021,41.88724809,-87.78465324,,Urban,1,N,(N/A),Y,(N/A)
2023,2023-10-09,Monday,12,12:04 PM,Property Damage,No Injuries,0,0,0,0,0,3,Angle,15,N,N,Disregarding Stop Sign,Failing to Yield Right of Way,Daylight,Clear,Dry,Y,,,,,Stop Sign,Functioning Properly,N,2,41.8854023,-87.8049143,ok,(UNK),1,23-03117,2023,,23,2,50000 and OVER,9,4295,Oak Park,C,Urban Other Principal Arte,,16,9,12363668,10,Cook,0,23,,,1,N,No,Free Flow,202301321481,City,1,19.28000069,Y,,,,(UNK),122372,(N/A),(UNK),No Defects,1,1,Other Principal Arterial,3,348,X003179977,Not Toll,73,2,4,"Divided, No Median Barrier",2,2939688.24843539,1909615.3639065,41.88539446,-87.80490849,,Urban,1,N,(N/A),Y,(N/A)
2023,2023-10-06,Friday,8,08:31 AM,Property Damage,No Injuries,0,0,0,0,0,4,Front to Rear,11,N,N,Failing to Reduce Speed to Avoid Crash,Following Too Closely,Daylight,Clear,Dry,N,,,,,Other,Functioning Properly,N,4,41.8714425,-87.7777655,ok,Partial Access Control,3,03-23-18744,2023,,28,3,50000 and OVER,9,4295,Oak Park,C,Urban InterState,,16,6,12363717,10,Cook,0,23,,,5,N,No,(UNK),202301321528,ISP,1,9.02999973,Y,,,,(UNK),122498,(N/A),(UNK),No Defects,1,1,InterState,1,290,X003180007,Not Toll,73,13,4,Divided With Median Barrier,3,2947222.98478864,1904732.88509908,41.87143462,-87.77775972,,Urban,1,N,(N/A),Y,(N/A)
2023,2023-10-11,Wednesday,15,03:35 PM,Property Damage,No Injuries,0,0,0,0,0,2,Rear to Front,18,N,N,Unable to Determine,Unable to Determine,Daylight,Clear,Dry,N,,,,,Traffic Signal,Functioning Properly,Y,2,41.8800911,-87.7844458,ok,(UNK),1,2306451,2023,,18,18,50000 and OVER,9,4295,Oak Park,C,Urban Major Collector,,16,11,12367364,10,Cook,0,23,,,3,N,No,Slow,202301325042,City,1,1.5,N,,,,(UNK),123364,(N/A),(UNK),No Defects,1,1,Major Collector,5,2783,X003182942,Not Toll,73,3,4,Not Divided,1,2945315.91834187,1907834.00598401,41.88008324,-87.78443998,,Urban,1,N,(N/A),Y,(N/A)
2023,2023-10-09,Monday,14,02:29 PM,Property Damage,No Injuries,0,0,0,0,0,2,Rear to Front,18,N,N,Following Too Closely,Driving Skills/Knowledge/Experience,Daylight,Clear,Dry,Y,,,,,Traffic Signal,Functioning Properly,Y,2,41.8799072,-87.7893461,ok,(UNK),1,2306406,2023,,3,15,50000 and OVER,9,4295,Oak Park,C,Urban Minor Collector,,16,9,12365584,10,Cook,0,23,,,1,N,No,Free Flow,202301323180,City,1,0.60000002,N,,,,(UNK),123419,(N/A),(UNK),No Defects,1,1,Minor Collector,6,2779,X003181475,Not Toll,73,3,4,Two-way Continuous Left-Tur,4,2943983.22539336,1907729.96522159,41.87989935,-87.7893403,,Urban,1,N,(N/A),Y,(N/A)
2023,2023-10-09,Monday,16,04:47 PM,Property Damage,No Injuries,0,0,0,0,0,3,Angle,15,N,N,Failing to Yield Right of Way,Unable to Determine,Daylight,Clear,Dry,N,,,,,No Controls,No Controls,N,2,41.8946644,-87.7784966,ok,(UNK),1,2306413,2023,,2,18,50000 and OVER,9,4295,Oak Park,C,Urban Minor Arterial,,16,9,12365627,10,Cook,0,23,,,1,N,No,Free Flow,202301323207,City,1,3.95000005,N,,,,(UNK),123490,(N/A),(UNK),No Defects,1,1,Minor Arterial,4,1398,X003181491,Not Toll,73,1,1,Not Divided,1,2946788.2326849,1913189.85009216,41.89465655,-87.77849079,,Urban,1,N,(N/A),Y,(N/A)
2023,2023-10-06,Friday,15,03:33 PM,Property Damage,No Injuries,0,0,0,0,0,2,Front to Rear,11,N,N,Following Too Closely,Failing to Reduce Speed to Avoid Crash,Daylight,Clear,Dry,Y,,,,,No Controls,No Controls,N,2,41.9089494,-87.7981126,ok,(UNK),1,2306361,2023,,3,28,50000 and OVER,9,4295,Oak Park,C,Urban Other Principal Arte,,16,6,12363885,10,Cook,0,23,,,5,N,No,Free Flow,202301321666,City,1,6.32000017,Y,,,,(UNK),123512,(N/A),(UNK),No Defects,1,1,Other Principal Arterial,3,307,X003180141,Not Toll,73,1,1,Not Divided,1,2941303.44764434,1918247.43449986,41.90894151,-87.79810676,,Urban,1,N,(N/A),Y,(N/A)
2023,2023-07-08,Saturday,21,09:45 PM,Property Damage,No Injuries,0,0,0,0,0,2,Front to Rear,11,N,N,Failing to Reduce Speed to Avoid Crash,Following Too Closely,Darkness / Lighted Road,Clear,Dry,N,,,,,No Controls,Functioning Properly,N,2,41.8731119,-87.8004563,ok,Partial Access Control,3,03-23-12376,2023,,28,3,50000 and OVER,9,4295,Oak Park,C,Urban InterState,,16,8,12254894,7,Cook,0,23,,,6,N,No,(UNK),202301219174,ISP,5,7.88999987,Y,,,,(UNK),123855,(N/A),(UNK),No Defects,1,1,InterState,1,290,X003083545,Not Toll,73,1,4,Divided With Median Barrier,3,2941025.77244723,1905169.9839765,41.87310408,-87.80045053,,Urban,1,N,(N/A),Y,(N/A)
2023,2023-07-14,Friday,0,00:00 AM,Property Damage,No Injuries,0,0,0,0,0,3,Turning,10,N,N,Improper Turning/No Signal,Unable to Determine,Darkness,Clear,Dry,Y,,,,,Traffic Signal,Functioning Properly,N,2,41.8736409,-87.8045202,ok,Partial Access Control,1,23-02079,2023,,6,18,50000 and OVER,9,4295,Oak Park,C,Urban InterState,,16,14,12254880,7,Cook,0,23,,,5,N,No,Free Flow,202301219160,City,4,0.20999999,Y,,,,(UNK),123943,(N/A),(UNK),No Defects,1,1,InterState,1,290,X003083531,Not Toll,73,3,4,Divided With Median Barrier,3,2939913.59366825,1905332.26439916,41.87363309,-87.8045144,,Urban,1,N,(N/A),Y,(N/A)
2023,2023-11-24,Friday,21,09:10 PM,Property Damage,No Injuries,0,0,0,0,0,1,Fixed Object,6,N,N,Failing to Reduce Speed to Avoid Crash,Driving Skills/Knowledge/Experience,Darkness / Lighted Road,Clear,Dry,N,,,,,Other Regualtory Sig,Functioning Properly,N,1,41.8733702,-87.803106,ok,Partial Access Control,3,03-23-22327,2023,,28,15,50000 and OVER,9,4295,Oak Park,C,Urban InterState,,16,24,12430962,11,Cook,0,23,,,5,N,No,(UNK),202301386512,ISP,5,7.76999998,Y,,,,(UNK),124186,(N/A),(UNK),No Defects,1,1,InterState,1,290,X003239876,Not Toll,73,10,4,Divided With Median Barrier,3,2940301.50338446,1905244.2166557,41.87336237,-87.80310016,,Urban,1,N,(N/A),Y,(N/A)
2023,2023-11-22,Wednesday,17,05:29 PM,Injury,B Injury Crash,4,0,0,2,2,0,Front to Rear,11,N,N,Distraction - From Inside Vehicle,Unable to Determine,Darkness / Lighted Road,Clear,Dry,N,,,,,No Controls,No Controls,N,2,41.8718445,-87.8044481,ok,(UNK),1,23-03611,2023,,41,18,50000 and OVER,9,4295,Oak Park,C,Urban Other Principal Arte,,16,22,12423309,11,Cook,2,23,,,3,N,No,Stopped,202301378905,City,5,20.20999908,Y,,,,(UNK),124235,(N/A),(UNK),No Defects,1,1,Other Principal Arterial,3,348,X003233046,Not Toll,73,1,1,"Divided, No Median Barrier",2,2939951.26302217,1904678.14391014,41.87183663,-87.80444228,,Urban,1,N,(N/A),Y,(N/A)
2023,2023-11-23,Thursday,19,07:15 PM,Property Damage,No Injuries,0,0,0,0,0,4,Front to Rear,11,N,N,Following Too Closely,Failing to Reduce Speed to Avoid Crash,Darkness,Clear,Dry,N,,,,,Other Regualtory Sig,Functioning Properly,N,2,41.8735071,-87.8045115,ok,Partial Access Control,3,03-23-22297,2023,,3,28,50000 and OVER,9,4295,Oak Park,C,Urban InterState,,16,23,12426904,11,Cook,0,23,,,4,N,No,(UNK),202301382271,ISP,4,7.69999981,Y,,,,(UNK),125416,(N/A),(UNK),No Defects,1,1,InterState,1,290,X003236196,Not Toll,73,10,4,Divided With Median Barrier,3,2939917.30257579,1905283.57270973,41.8734993,-87.80450572,,Urban,1,N,(N/A),Y,(N/A)
2023,2023-01-08,Sunday,1,01:32 AM,Property Damage,No Injuries,0,0,0,0,0,1,Other Object,7,N,N,(N/A),(N/A),Darkness,Clear,Dry,N,,,,,Unknown,Unknown,Y,1,41.8757174,-87.804588,ok,(UNK),1,23-00066,2023,,99,99,50000 and OVER,9,4295,Oak Park,C,Urban Other Principal Arte,,16,8,12044633,1,Cook,0,23,,,7,N,No,Free Flow,202301023260,City,4,19.95000076,Y,,,,(UNK),125871,(N/A),(UNK),Unknown,99,1,Other Principal Arterial,3,348,X002898091,Not Toll,73,99,9,Unknown,9,2939874.29454969,1906088.46447011,41.87570958,-87.80458219,,Urban,1,N,(N/A),N,(N/A)
2023,2023-01-20,Friday,8,08:00 AM,Property Damage,No Injuries,0,0,0,0,0,2,Turning,10,N,N,Failing to Yield Right of Way,Failing to Reduce Speed to Avoid Crash,Daylight,Cloudy/Overcast,Dry,N,,,,,Traffic Signal,Functioning Properly,N,2,41.8947461,-87.7751561,ok,(UNK),1,2300379,2023,,2,28,50000 and OVER,9,4295,Oak Park,C,Urban Minor Arterial,,16,20,12048971,1,Cook,0,23,,,5,N,No,Stopped,202301026573,City,1,6.65999985,N,,,,(UNK),126011,(N/A),(UNK),No Defects,1,1,Minor Arterial,4,2790,X002901512,Not Toll,,3,4,Not Divided,1,2947696.9388801,1913244.96683286,41.89473823,-87.77515031,,Urban,8,N,(N/A),Y,(N/A)
2023,2023-01-20,Friday,10,10:58 AM,Property Damage,No Injuries,0,0,0,0,0,1,Other Object,7,N,N,Unable to Determine,(N/A),Unknown,Unknown,Unknown,Y,,,,,Stop Sign,Functioning Properly,Y,1,41.8782656,-87.7987681,ok,(UNK),1,2300384,2023,,18,99,50000 and OVER,9,4295,Oak Park,C,Urban Local Road or Street,,16,20,12048973,1,Cook,0,23,CONCRETE LIGHT POLE,,5,N,No,(UNK),202301026575,City,9,0,N,,,,(UNK),126012,(N/A),(UNK),No Defects,1,9,Local Road or Street,7,,X002901514,Not Toll,73,2,4,Not Divided,1,2941433.75534559,1907060.75003659,41.87825771,-87.79876229,,Urban,9,N,(N/A),Y,(N/A)
2023,2023-01-26,Thursday,17,05:42 PM,Injury,B Injury Crash,1,0,0,1,0,1,Pedestrian,1,Y,N,Failing to Yield Right of Way,Failing to Reduce Speed to Avoid Crash,Darkness / Lighted Road,Snow,Wet,Y,,,,,Traffic Signal,Functioning Properly,N,1,41.8796748,-87.8047359,ok,(UNK),1,23-00252,2023,,2,28,50000 and OVER,9,4295,Oak Park,C,Urban Other Principal Arte,,16,26,12054771,1,Cook,2,23,,,4,N,No,Free Flow,202301031157,City,5,19.68000031,Y,,,,(UNK),126139,(N/A),(UNK),No Defects,1,2,Other Principal Arterial,3,348,X002906094,Not Toll,73,3,4,Four Way,14,2939794.30518645,1907529.49271584,41.87966695,-87.80473009,,Urban,3,N,(N/A),Y,(N/A)
2023,2023-10-05,Thursday,15,03:46 PM,Property Damage,No Injuries,0,0,0,0,0,1,Parked Motor Vehicle,9,N,N,Driving Skills/Knowledge/Experience,(N/A),Daylight,Clear,Dry,N,,,,,No Controls,No Controls,N,2,41.873815,-87.7928129,ok,(UNK),1,2306328,2023,,15,99,50000 and OVER,9,4295,Oak Park,C,Urban Local Road or Street,,16,5,12362810,10,Cook,0,23,,,4,N,No,Free Flow,202301320665,City,1,0,N,,,,(UNK),126222,(N/A),(UNK),No Defects,1,1,Local Road or Street,7,,X003179168,Not Toll,73,1,1,Parking Lot,7,2943100.5160053,1905483.71232891,41.87380716,-87.79280709,,Urban,1,N,(N/A),Y,(N/A)
2023,2023-10-07,Saturday,12,12:23 PM,Property Damage,No Injuries,0,0,0,0,0,2,Sideswipe Same Direction,12,N,N,Unable to Determine,(N/A),Daylight,Clear,Dry,N,,,,,No Controls,No Controls,N,2,41.875572,-87.7940915,ok,(UNK),1,2306373,2023,,18,99,50000 and OVER,9,4295,Oak Park,C,Urban Major Collector,,16,7,12363925,10,Cook,0,23,,,6,N,No,Free Flow,202301321709,City,1,6.44999981,N,,,,(UNK),126288,(N/A),(UNK),No Defects,1,1,Major Collector,5,2775,X003180180,Not Toll,73,1,1,"Divided, No Median Barrier",2,2942734.54603278,1906114.34702105,41.87556412,-87.79408575,,Urban,1,N,(N/A),Y,(N/A)
2023,2023-10-06,Friday,12,12:30 PM,Property Damage,No Injuries,0,0,0,0,0,1,Parked Motor Vehicle,9,N,N,Improper Backing,(N/A),Unknown,Unknown,Unknown,N,,,,,No Controls,No Controls,Y,2,41.8672877,-87.7753143,ok,(UNK),1,2306356,2023,,30,99,50000 and OVER,9,4295,Oak Park,C,Urban Local Road or Street,,16,6,12363876,10,Cook,0,23,,,5,N,No,(UNK),202301321657,City,9,0,N,,,,(UNK),126296,(N/A),(UNK),No Defects,1,9,Local Road or Street,7,,X003180133,Not Toll,73,1,1,Not Divided,1,2947932.83494451,1903237.40734109,41.86727984,-87.77530852,,Urban,9,N,(N/A),Y,(N/A)
2023,2023-01-19,Thursday,19,07:17 PM,Property Damage,No Injuries,0,0,0,0,0,2,Sideswipe Same Direction,12,N,N,Failing to Reduce Speed to Avoid Crash,Unable to Determine,Darkness / Lighted Road,Rain,Wet,N,,,,,Traffic Signal,Functioning Properly,Y,2,41.8848684,-87.7944082,ok,(UNK),1,2300375,2023,,28,18,50000 and OVER,9,4295,Oak Park,C,Urban Major Collector,,16,19,12046644,1,Cook,0,23,,,4,N,No,Free Flow,202301024464,City,5,5.78999996,N,,,,(UNK),126490,(N/A),(UNK),No Defects,1,2,Major Collector,5,2775,X002899332,Not Toll,73,3,4,Not Divided,1,2942554.59721591,1909499.77089085,41.8848606,-87.79440245,,Urban,2,N,(N/A),Y,(N/A)
2023,2023-01-18,Wednesday,12,12:28 PM,Property Damage,No Injuries,0,0,0,0,0,2,Sideswipe Same Direction,12,N,N,Failing to Yield Right of Way,Unable to Determine,Daylight,Clear,Dry,N,,,,,No Controls,No Controls,N,2,41.8779968,-87.7909912,ok,(UNK),1,2300337,2023,,2,18,50000 and OVER,9,4295,Oak Park,C,Urban Local Road or Street,,16,18,12044748,1,Cook,0,23,,,3,N,No,Free Flow,202301023367,City,1,0,N,,,,(UNK),126556,(N/A),(UNK),No Defects,1,1,Local Road or Street,7,,X002898188,Not Toll,73,1,1,Not Divided,1,2943554.47616559,1907021.37284874,41.87798896,-87.79098541,,Urban,1,N,(N/A),Y,(N/A)
2023,2023-01-23,Monday,7,07:37 AM,Property Damage,No Injuries,0,0,0,0,0,2,Angle,15,N,N,Failing to Yield Right of Way,Failing to Reduce Speed to Avoid Crash,Dawn,Cloudy/Overcast,Dry,Y,,,,,Stop Sign,Functioning Properly,N,2,41.9072233,-87.7925842,ok,(UNK),1,2300439,2023,,2,28,50000 and OVER,9,4295,Oak Park,C,Urban Local Road or Street,,16,23,12050526,1,Cook,0,23,,,1,N,No,Free Flow,202301027665,City,2,0,N,,,,(UNK),126691,(N/A),(UNK),No Defects,1,1,Local Road or Street,7,,X002902656,Not Toll,73,2,4,Not Divided,1,2942825.78508514,1917660.03768555,41.90721541,-87.79257837,,Urban,8,N,(N/A),Y,(N/A)
2023,2023-01-09,Monday,16,04:15 PM,Property Damage,No Injuries,0,0,0,0,0,3,Rear to Front,18,N,N,Improper Backing,Operating Vehicle In Reckless Manner,Daylight,Clear,Dry,N,,,,,No Controls,No Controls,N,2,41.8830719,-87.8048492,ok,(UNK),1,23-00083,2023,,30,50,50000 and OVER,9,4295,Oak Park,C,Urban Other Principal Arte,,16,9,12039486,1,Cook,0,23,,,1,N,No,Free Flow,202301018554,City,1,19.44000053,Y,,,,(UNK),126759,(N/A),(UNK),No Defects,1,1,Other Principal Arterial,3,348,X002893275,Not Toll,73,1,1,"Divided, No Median Barrier",2,2939729.3656269,1908766.60553137,41.88306405,-87.80484338,,Urban,1,N,(N/A),Y,(N/A)
2023,2023-07-01,Saturday,22,10:35 PM,Injury,B Injury Crash,1,0,0,1,0,2,Front to Rear,11,N,N,Failing to Reduce Speed to Avoid Crash,(N/A),Darkness / Lighted Road,Unknown,Unknown,Y,,,,,Traffic Signal,Functioning Properly,N,2,41.9087836,-87.8057849,ok,(UNK),1,2300834,2023,,28,99,50000 and OVER,9,4295,Oak Park,C,Urban Other Principal Arte,,16,1,12248428,7,Cook,2,23,,,6,N,No,Free Flow,202301213198,City,5,17.65999985,Y,,,,(UNK),126996,(N/A),(UNK),No Defects,1,9,Other Principal Arterial,3,348,X003078127,Not Toll,73,3,4,Not Divided,1,2939216.5752242,1918129.40410666,41.90877571,-87.80577911,,Urban,9,N,(N/A),Y,(N/A)
2023,2023-07-15,Saturday,22,10:05 PM,Property Damage,No Injuries,0,0,0,0,0,4,Front to Rear,11,N,N,Following Too Closely,Failing to Reduce Speed to Avoid Crash,Darkness / Lighted Road,Clear,Dry,N,,,,,Other Regualtory Sig,Functioning Properly,N,2,41.8716341,-87.783697,ok,Partial Access Control,3,03-23-12845,2023,,3,28,50000 and OVER,9,4295,Oak Park,C,Urban InterState,,16,15,12256818,7,Cook,0,23,,,6,N,No,(UNK),202301221120,ISP,5,8.72999954,Y,,,,(UNK),127472,(N/A),(UNK),No Defects,1,1,InterState,1,290,X003085418,Not Toll,,10,4,Divided With Median Barrier,3,2945605.45613949,1904757.77444969,41.87162622,-87.78369118,,Urban,1,N,(N/A),Y,(N/A)
2023,2023-10-09,Monday,14,02:58 PM,Injury,B Injury Crash,1,0,0,1,0,1,Pedalcyclist,2,N,Y,Disregarding Traffic Signals,Failing to Yield Right of Way,Daylight,Clear,Dry,Y,,,,,Traffic Signal,Functioning Properly,N,1,41.8869833,-87.7846457,ok,(UNK),1,2306408,2023,,25,2,50000 and OVER,9,4295,Oak Park,C,Urban Major Collector,,16,9,12365613,10,Cook,2,23,,,1,N,No,Free Flow,202301323199,City,1,1.02999997,N,,,,(UNK),127871,(N/A),(UNK),No Defects,1,1,Major Collector,5,2783,X003181489,Not Toll,73,3,4,Four Way,14,2945191.71367163,1910344.16179691,41.8869755,-87.78463991,,Urban,1,N,(N/A),Y,(N/A)
2023,2023-10-10,Tuesday,8,08:41 AM,Property Damage,No Injuries,0,0,0,0,0,4,Turning,10,N,N,Failing to Reduce Speed to Avoid Crash,Unable to Determine,Daylight,Clear,Dry,Y,,,,,Stop Sign,Functioning Properly,N,2,41.9090879,-87.7902054,ok,(UNK),1,2306423,2023,,28,18,50000 and OVER,9,4295,Oak Park,C,Urban Other Principal Arte,,16,10,12365649,10,Cook,0,23,,,2,N,No,Free Flow,202301323220,City,1,6.71999979,Y,,,,(UNK),127873,(N/A),(UNK),No Defects,1,1,Other Principal Arterial,3,307,X003181499,Not Toll,73,2,4,Not Divided,1,2943454.50144656,1918357.48666258,41.90908004,-87.79019961,,Urban,1,N,(N/A),Y,(N/A)