crash_year,crash_date,day_of_week,crash_hour,time_of_crash,crash_severity,crash_injury_severity,total_injured,total_fatals,a_injuries,b_injuries,c_injuries,no_injuries,type_of_first_crash,collision_type_code,pedestrian_involved,pedalcyclist_involved,cause1,cause2,lighting_cond,weather_cond,road_surface_cond,intersection_related,is_intersection,highway_or_street_name,at_intersection_with,address_no,traffic_control_device,traffic_control_device_cond,hit_and_run,number_of_vehicles,latitude,longitude,location_status,access_control,agency_code,agency_report_number,agency_report_year,alignment_code,cause1_code,cause2_code,city_class,city_class_code,city_code,city_name,city_township_flag,class_of_trafficway,class_of_trafficway_code,county_code,crash_day,crash_id,crash_month,crash_report_county,crash_severity_cd,crash_yr_source,damaged_property1,damaged_property2,day_of_week_code,did_crash_occur_in_work_zone,did_involve_secondary_crash,flow_condition,icn,investigating_agency_descrip,light_condition_code,mile_station,nhs,non_intersection_direction,non_intersection_distance,non_intersection_units,number_of_lanes,objectid,railroad_crossing_number,road_alignment,road_defects,road_defects_code,road_surface_condition_code,roadway_functional_class,roadway_functional_class_code,route_number,sfe,toll,township,traffic_control_device_code,traffic_control_device_cond_code,trafficway_descrip,trafficway_description_code,ts_crash_coordinate_x,ts_crash_coordinate_y,ts_crash_latitude,ts_crash_longitude,type_report,urban_rural,weather_code,were_workers_present,work_zone,work_zone_related,work_zone_type
2023,2023-10-05,Thursday,14,02:52 PM,Property Damage,No Injuries,0,0,0,0,0,2,Angle,15,N,N,Disregarding Stop Sign,Failing to Yield Right of Way,Daylight,Clear,Dry,Y,,,,,Stop Sign,Functioning Properly,N,2,41.9055978,-87.7925287,ok,(UNK),1,2306325,2023,,23,2,50000 and OVER,9,4295,Oak Park,C,Urban Local Road or Street,,16,5,12362809,10,Cook,0,23,,,4,N,No,Free Flow,202301320664,City,1,0,N,,,,(UNK),127888,(N/A),(UNK),No Defects,1,1,Local Road or Street,7,,X003179167,Not Toll,73,2,4,Not Divided,1,2942857.27759843,1917068.09137381,41.90558991,-87.79252294,,Urban,1,N,(N/A),Y,(N/A)
2023,2023-01-12,Thursday,9,09:40 AM,Property Damage,No Injuries,0,0,0,0,0,2,Fixed Object,6,N,N,Improper Lane Usage,Equipment-Vehicle Condition,Daylight,Clear,Dry,N,,,,,No Controls,No Controls,N,2,41.8711359,-87.7744681,ok,Partial Access Control,3,03-23-00640,2023,,20,10,50000 and OVER,9,4295,Oak Park,C,Urban InterState,,16,12,12044654,1,Cook,0,23,,,4,N,No,(UNK),202301023278,ISP,1,0,Y,,,,(UNK),128047,(N/A),(UNK),No Defects,1,1,InterState,1,,X002898112,Not Toll,73,1,1,Ramp,11,2948124.22738535,1904646.17812396,41.87112802,-87.77446234,,Urban,1,N,(N/A),Y,(N/A)
2023,2023-10-07,Saturday,16,04:00 PM,Property Damage,No Injuries,0,0,0,0,0,3,Fixed Object,6,N,N,Animal,Unable to Determine,Daylight,Clear,Dry,N,,,,,No Controls,No Controls,N,1,,,missing,(UNK),1,2306380,2023,,21,18,50000 and OVER,9,4295,Oak Park,C,(UNK),8,16,7,12364142,10,Cook,0,23,COMCATS UTILITY POLE,,6,N,No,Free Flow,202301321748,City,1,0,N,,,,(UNK),128206,(N/A),(UNK),No Defects,1,1,(UNK),0,0,X003180218,No Toll,,1,1,Alley,12,0,0,,,,(UNK),1,N,(N/A),Y,(N/A)
2023,2023-10-07,Saturday,13,01:18 PM,Property Damage,No Injuries,0,0,0,0,0,2,Pedalcyclist,2,N,Y,Driving Skills/Knowledge/Experience,(N/A),Daylight,Clear,Dry,Y,,,,,Stop Sign,Functioning Properly,N,1,41.8761722,-87.7904458,ok,(UNK),1,2306375,2023,,15,99,50000 and OVER,9,4295,Oak Park,C,Urban Local Road or Street,,16,7,12363942,10,Cook,0,23,,,6,N,No,Free Flow,202301321724,City,1,0,N,,,,(UNK),128326,(N/A),(UNK),No Defects,1,1,Local Road or Street,7,,X003180195,Not Toll,73,2,4,T-Intersection,15,2943721.44792479,1906360.58355639,41.8761644,-87.79043996,,Urban,1,N,(N/A),Y,(N/A)
2023,2023-10-13,Friday,13,01:40 PM,Property Damage,No Injuries,0,0,0,0,0,1,Parked Motor Vehicle,9,N,N,(N/A),(N/A),Daylight,Rain,Wet,N,,,,,No Controls,No Controls,N,3,41.908947,-87.7983033,ok,(UNK),1,JG462101,2023,,99,99,50000 and OVER,9,4295,Oak Park,C,Urban Other Principal Arte,,16,13,12368986,10,Cook,0,23,,,5,N,Yes,Free Flow,202301326793,City,1,6.30999994,Y,,,,(UNK),128347,(N/A),(UNK),Unknown,99,2,Other Principal Arterial,3,307,X003184450,Not Toll,73,1,1,Divided With Median Barrier,3,2941251.56064213,1918245.12739556,41.90893911,-87.79829746,,Urban,2,N,(N/A),N,(N/A)
2023,2023-10-10,Tuesday,18,06:50 PM,Property Damage,No Injuries,0,0,0,0,0,2,Angle,15,N,N,Failing to Reduce Speed to Avoid Crash,Unable to Determine,Dusk,Clear,Dry,Y,,,,,Stop Sign,Functioning Properly,N,2,41.8816683,-87.7877673,ok,(UNK),1,2306453,2023,,28,18,50000 and OVER,9,4295,Oak Park,C,Urban Major Collector,,16,10,12367366,10,Cook,0,23,,,2,N,No,Free Flow,202301324967,City,3,0.87,N,,,,(UNK),128422,(N/A),(UNK),No Defects,1,1,Major Collector,5,5,X003182944,Not Toll,73,2,4,Not Divided,1,2944395.3972305,1908383.67144373,41.88166047,-87.7877615,,Urban,1,N,(N/A),Y,(N/A)
2023,2023-10-05,Thursday,9,09:56 AM,Property Damage,No Injuries,0,0,0,0,0,2,Sideswipe Same Direction,12,N,N,(N/A),(N/A),Daylight,Rain,Wet,N,,,,,Traffic Signal,Functioning Properly,N,2,41.8795996,-87.8047326,ok,(UNK),1,2306310,2023,,99,99,50000 and OVER,9,4295,Oak Park,C,Urban Other Principal Arte,,16,5,12362797,10,Cook,0,23,,,4,N,No,Slow,202301320653,City,1,19.68000031,Y,,,,(UNK),128602,(N/A),(UNK),No Defects,1,2,Other Principal Arterial,3,348,X003179156,Not Toll,73,3,4,"Divided, No Median Barrier",2,2939795.9629524,1907502.12710402,41.87959179,-87.80472677,,Urban,2,N,(N/A),Y,(N/A)
2023,2023-10-08,Sunday,1,01:42 AM,Injury,B Injury Crash,1,0,0,1,0,1,Front to Rear,11,N,N,Following Too Closely,Unable to Determine,Darkness / Lighted Road,Clear,Dry,Y,,,,,Traffic Signal,Functioning Properly,N,2,41.8719979,-87.7939866,ok,(UNK),1,2306385,2023,,3,18,50000 and OVER,9,4295,Oak Park,C,Urban Major Collector,,16,8,12364256,10,Cook,2,23,,,7,N,No,Slow,202301321759,City,5,0,N,,,,(UNK),128607,(N/A),(UNK),No Defects,1,1,Major Collector,5,290,X003180229,Not Toll,73,3,4,"Divided, No Median Barrier",2,2942799.1413545,1904812.69757376,41.87199009,-87.79398084,,Urban,1,N,(N/A),Y,(N/A)
2023,2023-10-11,Wednesday,12,12:30 PM,Property Damage,No Injuries,0,0,0,0,0,1,Parked Motor Vehicle,9,N,N,Failing to Reduce Speed to Avoid Crash,Improper Lane Usage,Daylight,Clear,Dry,N,,,,,No Controls,No Controls,Y,5,41.8727498,-87.7776718,ok,(UNK),1,2306448,2023,,28,20,50000 and OVER,9,4295,Oak Park,C,Urban Local Road or Street,,16,11,12367339,10,Cook,0,23,,,3,N,No,Free Flow,202301324938,City,1,0,N,,,,(UNK),128773,(N/A),(UNK),No Defects,1,1,Local Road or Street,7,,X003182919,Not Toll,73,1,1,"Divided, No Median Barrier",2,2947235.22840838,1905210.01427119,41.87274196,-87.77766606,,Urban,1,N,(N/A),Y,(N/A)
2023,2023-10-09,Monday,17,05:00 PM,Property Damage,No Injuries,0,0,0,0,0,2,Turning,10,N,N,Improper Turning/No Signal,(N/A),Daylight,Clear,Dry,N,,,,,Traffic Signal,Functioning Properly,N,2,41.8720371,-87.7743551,ok,(UNK),1,JG457992,2023,,6,99,50000 and OVER,9,4295,Oak Park,C,Urban Minor Arterial,,16,9,12364345,10,Cook,0,23,,,1,N,No,(UNK),202301321867,City,1,8.30000019,N,,,,(UNK),128789,(N/A),(UNK),No Defects,1,1,Minor Arterial,4,2790,X003180316,Not Toll,,3,4,Not Divided,1,2948145.84659965,1904975.44893208,41.87202921,-87.77434934,,Urban,1,N,(N/A),Y,(N/A)
2023,2023-07-19,Wednesday,14,02:19 PM,Injury,C Injury Crash,1,0,0,0,1,2,Front to Rear,11,N,N,Failing to Reduce Speed to Avoid Crash,(N/A),Daylight,Clear,Dry,Y,,,,,Traffic Signal,Functioning Properly,N,3,41.8942278,-87.8052258,ok,(UNK),1,2304436,2023,,28,99,50000 and OVER,9,4295,Oak Park,C,Urban Other Principal Arte,,16,19,12262381,7,Cook,1,23,,,3,N,Yes,Stopped,202301225681,City,1,18.67000008,Y,,,,(UNK),129276,(N/A),(UNK),No Defects,1,1,Other Principal Arterial,3,348,X003089921,Not Toll,73,3,4,Other,8,2939514.862401,1912829.2173956,41.89422,-87.80522,,Urban,1,N,(N/A),Y,(N/A)
2023,2023-07-19,Wednesday,17,05:28 PM,Property Damage,No Injuries,0,0,0,0,0,2,Angle,15,N,N,Failing to Yield Right of Way,Failing to Reduce Speed to Avoid Crash,Daylight,Clear,Dry,Y,,,,,Stop Sign,Functioning Properly,Y,2,41.898209,-87.7866287,ok,(UNK),1,2304444,2023,,2,28,50000 and OVER,9,4295,Oak Park,C,Urban Local Road or Street,,16,19,12262406,7,Cook,0,23,,,3,N,No,Free Flow,202301225705,City,1,0,N,,,,(UNK),129278,(N/A),(UNK),No Defects,1,1,Local Road or Street,7,,X003089944,Not Toll,73,2,4,Four Way,14,2944538.18162495,1914420.00798302,41.89820114,-87.78662294,,Urban,1,N,(N/A),Y,(N/A)
2023,2023-07-14,Friday,15,03:42 PM,Property Damage,No Injuries,0,0,0,0,0,5,Sideswipe Same Direction,12,N,N,Operating Vehicle In Reckless Manner,Driving Skills/Knowledge/Experience,Daylight,Clear,Dry,Y,,,,,Traffic Signal,Functioning Properly,Y,4,41.8813878,-87.8047868,ok,(UNK),1,23-02083,2023,,50,15,50000 and OVER,9,4295,Oak Park,C,Urban Other Principal Arte,,16,14,12255387,7,Cook,0,23,,,5,N,Yes,Stopped,202301219647,City,1,19.55999947,Y,,,,(UNK),129307,(N/A),(UNK),No Defects,1,1,Other Principal Arterial,3,348,X003084018,Not Toll,73,3,4,"Divided, No Median Barrier",2,2939763.2614533,1908153.37031333,41.88137998,-87.80478097,,Urban,1,N,(N/A),Y,(N/A)
2023,2023-02-15,Wednesday,19,07:04 PM,Property Damage,No Injuries,0,0,0,0,0,3,Front to Rear,11,N,N,Failing to Reduce Speed to Avoid Crash,Following Too Closely,Darkness / Lighted Road,Clear,Dry,N,,,,,Other Regualtory Sig,Functioning Properly,N,3,41.8737796,-87.8045294,ok,Partial Access Control,3,03-23-02773,2023,,28,3,50000 and OVER,9,4295,Oak Park,C,Urban InterState,,16,15,12081272,2,Cook,0,23,,,3,N,No,(UNK),202301054889,ISP,5,7.69999981,Y,,,,(UNK),129751,(N/A),(UNK),No Defects,1,1,InterState,1,290,X002929482,Not Toll,73,10,4,Divided With Median Barrier,3,2939909.69250093,1905382.71483656,41.87377172,-87.80452362,,Urban,1,N,(N/A),Y,(N/A)
2023,2023-11-21,Tuesday,18,06:45 PM,Property Damage,No Injuries,0,0,0,0,0,2,Sideswipe Same Direction,12,N,N,Improper Lane Usage,Failing to Reduce Speed to Avoid Crash,Darkness / Lighted Road,Clear,Dry,N,,,,,Other Regualtory Sig,Functioning Properly,N,2,41.8712487,-87.7747266,ok,Partial Access Control,3,03-23-22141,2023,,20,28,50000 and OVER,9,4295,Oak Park,C,Urban InterState,,16,21,12430965,11,Cook,0,23,,,2,N,No,(UNK),202301386515,ISP,5,9.18999958,Y,,,,(UNK),130307,(N/A),(UNK),No Defects,1,1,InterState,1,290,X003239879,Not Toll,73,10,4,Divided With Median Barrier,3,2948052.67023173,1904685.34135472,41.87124087,-87.77472084,,Urban,1,N,(N/A),Y,(N/A)
2023,2023-10-08,Sunday,9,09:58 AM,Property Damage,No Injuries,0,0,0,0,0,4,Turning,10,N,N,Failing to Yield Right of Way,Unable to Determine,Daylight,Clear,Dry,Y,,,,,Stop Sign,Functioning Properly,N,2,41.8820663,-87.7779801,ok,(UNK),1,2306387,2023,,2,18,50000 and OVER,9,4295,Oak Park,C,Urban Major Collector,,16,8,12364257,10,Cook,0,23,,,7,N,No,Free Flow,202301321760,City,1,1.38,N,,,,(UNK),130523,(N/A),(UNK),No Defects,1,1,Major Collector,5,5,X003180230,Not Toll,73,2,4,Not Divided,1,2947056.72517902,1908602.78170495,41.88205846,-87.77797432,,Urban,1,N,(N/A),Y,(N/A)
2023,2023-02-24,Friday,8,08:17 AM,Injury,C Injury Crash,1,0,0,0,1,3,Parked Motor Vehicle,9,N,N,Failing to Reduce Speed to Avoid Crash,(N/A),Daylight,Clear,Dry,N,,,,,No Controls,No Controls,N,2,41.8824386,-87.7943358,ok,(UNK),1,2301105,2023,,28,99,50000 and OVER,9,4295,Oak Park,C,Urban Major Collector,,16,24,12100691,2,Cook,1,23,,,5,N,No,Slow,202301073774,City,1,5.96000004,N,,,,(UNK),130709,(N/A),(UNK),No Defects,1,1,Major Collector,5,2775,X002946530,Not Toll,73,1,1,Not Divided,1,2942598.81758749,1908614.81712799,41.88243071,-87.79433,,Urban,1,N,(N/A),Y,(N/A)
2023,2023-03-04,Saturday,11,11:18 AM,Property Damage,No Injuries,0,0,0,0,0,2,Turning,10,N,N,Failing to Yield Right of Way,Unable to Determine,Darkness / Lighted Road,Clear,Dry,Y,,,,,Traffic Signal,Functioning Properly,N,2,41.865248,-87.7888498,ok,(UNK),1,2301285,2023,,2,18,50000 and OVER,9,4295,Oak Park,C,Urban Other Principal Arte,,16,4,12100742,3,Cook,0,23,,,6,N,No,Free Flow,202301073834,City,5,6.78000021,Y,,,,(UNK),130714,(N/A),(UNK),No Defects,1,1,Other Principal Arterial,3,347,X002946578,Not Toll,52,3,4,Not Divided,1,2944266.4638833,1902391.62543002,41.86524012,-87.78884396,,Urban,1,N,(N/A),Y,(N/A)
2023,2023-03-01,Wednesday,10,10:35 AM,Injury,B Injury Crash,1,0,0,1,0,1,Front to Rear,11,N,N,Failing to Reduce Speed to Avoid Crash,(N/A),Daylight,Clear,Dry,N,,,,,Traffic Signal,Functioning Properly,N,2,41.8757452,-87.80372,ok,(UNK),1,2301219,2023,,28,99,50000 and OVER,9,4295,Oak Park,C,Urban Local Road or Street,,16,1,12096369,3,Cook,2,23,,,3,N,No,Stopped,202301069418,City,1,0,N,,,,(UNK),130804,(N/A),(UNK),No Defects,1,1,Local Road or Street,7,,X002942796,Not Toll,73,3,4,"Divided, No Median Barrier",2,2940110.41646635,1906105.1042013,41.87573738,-87.80371421,,Urban,1,N,(N/A),Y,(N/A)
2023,2023-02-10,Friday,9,09:15 AM,Property Damage,No Injuries,0,0,0,0,0,2,Front to Rear,11,N,N,Following Too Closely,Failing to Reduce Speed to Avoid Crash,Daylight,Clear,Dry,N,,,,,Traffic Signal,Functioning Properly,Y,2,41.8711687,-87.7751686,ok,Partial Access Control,3,03-23-03131,2023,,3,28,50000 and OVER,9,4295,Oak Park,C,Urban InterState,,16,10,12100986,2,Cook,0,23,,,5,N,No,(UNK),202301074159,ISP,1,0,Y,,,,(UNK),130854,(N/A),(UNK),No Defects,1,1,InterState,1,,X002946795,Not Toll,73,3,4,Ramp,11,2947933.09713818,1904652.83941135,41.87116089,-87.77516282,,Urban,1,N,(N/A),Y,(N/A)
2023,2023-03-03,Friday,13,01:27 PM,Injury,A Injury Crash,1,0,1,0,0,3,Front to Front,14,N,N,Under Influence of Alcohol/Drugs,Driving On Wrong Side/Wrong Way,Daylight,Clear,Dry,Y,,,,,Traffic Signal,Functioning Properly,N,3,41.9087836,-87.8057839,ok,(UNK),1,2300270,2023,,8,5,50000 and OVER,9,4295,Oak Park,C,Urban Other Principal Arte,,16,3,12098986,3,Cook,3,23,,,5,N,Yes,Free Flow,202301072305,City,1,17.65999985,Y,,,,(UNK),130867,(N/A),(UNK),No Defects,1,1,Other Principal Arterial,3,348,X002945318,Not Toll,73,3,4,Unknown,9,2939216.84470415,1918129.41290453,41.90877571,-87.80577812,,Urban,1,N,(N/A),Y,(N/A)
2023,2023-02-26,Sunday,11,11:35 AM,Property Damage,No Injuries,0,0,0,0,0,2,Front to Rear,11,N,N,Following Too Closely,Failing to Reduce Speed to Avoid Crash,Daylight,Clear,Dry,N,,,,,Other,Functioning Properly,N,2,41.8712944,-87.7753913,ok,Partial Access Control,3,03-23-03462,2023,,3,28,50000 and OVER,9,4295,Oak Park,C,Urban InterState,,16,26,12094490,2,Cook,0,23,,,7,N,Yes,(UNK),202301067486,ISP,1,9.14999962,Y,,,,(UNK),130903,(N/A),(UNK),No Defects,1,1,InterState,1,290,X002941178,Not Toll,73,13,4,Two-way Continuous Left-Tur,4,2947871.1656204,1904696.9444119,41.87128656,-87.77538551,,Urban,1,N,(N/A),Y,(N/A)
2023,2023-03-03,Friday,12,12:02 PM,Property Damage,No Injuries,0,0,0,0,0,3,Front to Rear,11,N,N,Failing to Reduce Speed to Avoid Crash,Driving Skills/Knowledge/Experience,Daylight,Cloudy/Overcast,Dry,N,,,,,Traffic Signal,Functioning Properly,N,2,41.8980063,-87.794793,ok,(UNK),1,2301252,2023,,28,15,50000 and OVER,9,4295,Oak Park,C,Urban Major Collector,,16,3,12099051,3,Cook,0,23,,,5,N,No,Stopped,202301072379,City,1,4.86000013,N,,,,(UNK),131050,(N/A),(UNK),No Defects,1,1,Major Collector,5,2775,X002945364,Not Toll,73,3,4,Not Divided,1,2942317.40914953,1914284.57165663,41.8979985,-87.79478719,,Urban,8,N,(N/A),Y,(N/A)
2023,2023-03-05,Sunday,9,09:57 AM,Property Damage,No Injuries,0,0,0,0,0,2,Front to Rear,11,N,N,Following Too Closely,(N/A),Daylight,Clear,Dry,N,,,,,Traffic Signal,Functioning Properly,N,2,41.8886758,-87.7969307,ok,(UNK),1,2301283,2023,,3,99,50000 and OVER,9,4295,Oak Park,C,Urban Major Collector,,16,5,12099069,3,Cook,0,23,,,7,N,No,Slow,202301072402,City,1,0.2,N,,,,(UNK),131052,(N/A),(UNK),No Defects,1,1,Major Collector,5,1405,X002945372,Not Toll,73,3,4,"Divided, No Median Barrier",2,2941829.34830647,1910868.25892208,41.88866797,-87.79692491,,Urban,1,N,(N/A),Y,(N/A)
2023,2023-03-05,Sunday,12,12:15 PM,Property Damage,No Injuries,0,0,0,0,0,2,Sideswipe Same Direction,12,N,N,Improper Lane Usage,Failing to Reduce Speed to Avoid Crash,Daylight,Clear,Dry,N,,,,,Traffic Signal,Functioning Properly,Y,2,41.8800064,-87.7844421,ok,(UNK),1,2301284,2023,,20,28,50000 and OVER,9,4295,Oak Park,C,Urban Major Collector,,16,5,12099082,3,Cook,0,23,,,7,N,No,Slow,202301072423,City,1,1.50999999,N,,,,(UNK),131073,(N/A),(UNK),No Defects,1,1,Major Collector,5,2783,X002945385,Not Toll,73,3,4,Four Way,14,2945317.76779731,1907803.17901185,41.87999857,-87.78443633,,Urban,1,N,(N/A),Y,(N/A)
2023,2023-03-04,Saturday,7,07:05 AM,Property Damage,No Injuries,0,0,0,0,0,2,Angle,15,N,N,Failing to Yield Right of Way,Failing to Reduce Speed to Avoid Crash,Daylight,Clear,Dry,N,,,,,Stop Sign,Functioning Properly,N,2,41.8817789,-87.781243,ok,(UNK),1,2301263,2023,,2,28,50000 and OVER,9,4295,Oak Park,C,Urban Major Collector,,16,4,12099252,3,Cook,0,23,,,6,N,No,Free Flow,202301072618,City,1,1.21000004,N,,,,(UNK),131153,(N/A),(UNK),No Defects,1,1,Major Collector,5,5,X002945542,Not Toll,73,2,4,Four Way,14,2946171.05840177,1908473.31193225,41.88177104,-87.78123719,,Urban,1,N,(N/A),Y,(N/A)
2023,2023-11-29,Wednesday,20,08:45 PM,Property Damage,No Injuries,0,0,0,0,0,2,Turning,10,N,N,Unable to Determine,Unable to Determine,Darkness / Lighted Road,Unknown,Unknown,Y,,,,,Unknown,Unknown,N,2,41.8710579,-87.774296,ok,Partial Access Control,1,JG522558,2023,,18,18,50000 and OVER,9,4295,Oak Park,C,Urban InterState,,16,29,12433046,11,Cook,0,23,,,3,N,No,Free Flow,202301388334,City,5,0,Y,,,,(UNK),131433,(N/A),(UNK),Unknown,99,9,InterState,1,290,X003241711,Not Toll,,99,9,"Divided, No Median Barrier",2,2948171.91596634,1904619.05912875,41.87105001,-87.77429017,,Urban,9,N,(N/A),N,(N/A)
2023,2023-07-21,Friday,7,07:20 AM,Property Damage,No Injuries,0,0,0,0,0,4,Front to Rear,11,N,N,Driving Skills/Knowledge/Experience,(N/A),Daylight,Clear,Dry,N,,,,,Other,Functioning Properly,N,2,41.8717871,-87.7823957,ok,Partial Access Control,3,03-23-13218,2023,,15,99,50000 and OVER,9,4295,Oak Park,C,Urban InterState,,16,21,12265736,7,Cook,0,23,,,5,N,No,(UNK),202301228894,ISP,1,8.80000019,Y,,,,(UNK),131566,(N/A),(UNK),No Defects,1,1,InterState,1,290,X003093156,Not Toll,73,13,4,Divided With Median Barrier,3,2945958.33031704,1904823.37708058,41.87177921,-87.78238995,,Urban,1,N,(N/A),Y,(N/A)
2023,2023-07-20,Thursday,18,06:08 PM,Property Damage,No Injuries,0,0,0,0,0,4,Turning,10,N,N,Failing to Yield Right of Way,Failing to Reduce Speed to Avoid Crash,Daylight,Clear,Dry,N,,,,,No Controls,No Controls,N,2,41.9085779,-87.8057713,ok,(UNK),1,2300910,2023,,2,28,50000 and OVER,9,4295,Oak Park,C,Urban Other Principal Arte,,16,20,12265836,7,Cook,0,23,,,4,N,No,Slow,202301228988,City,1,17.67000008,Y,,,,(UNK),131573,(N/A),(UNK),No Defects,1,1,Other Principal Arterial,3,348,X003093251,Not Toll,73,1,1,"Divided, No Median Barrier",2,2939222.33236018,1918054.56969998,41.90857008,-87.80576554,,Urban,1,N,(N/A),Y,(N/A)
2023,2023-03-06,Monday,15,03:45 PM,Property Damage,No Injuries,0,0,0,0,0,2,Front to Rear,11,N,N,Failing to Reduce Speed to Avoid Crash,Unable to Determine,Daylight,Clear,Dry,Y,,,,,Traffic Signal,Functioning Properly,Y,2,41.8719978,-87.7939858,ok,(UNK),1,2301299,2023,,28,18,50000 and OVER,9,4295,Oak Park,C,Urban Major Collector,,16,6,12101142,3,Cook,0,23,,,1,N,No,Free Flow,202301074362,City,1,0,N,,,,(UNK),131605,(N/A),(UNK),No Defects,1,1,Major Collector,5,290,X002946938,Not Toll,73,3,4,"Divided, No Median Barrier",2,2942799.37092384,1904812.67043659,41.87199,-87.79398,,Urban,1,N,(N/A),Y,(N/A)
2023,2023-03-03,Friday,23,11:08 PM,Property Damage,No Injuries,0,0,0,0,0,1,Parked Motor Vehicle,9,N,N,Improper Lane Usage,(N/A),Darkness / Lighted Road,Clear,Dry,N,,,,,No Controls,No Controls,Y,2,41.8796271,-87.8023283,ok,(UNK),1,2301261,2023,,20,99,50000 and OVER,9,4295,Oak Park,C,Urban Minor Arterial,,16,3,12099062,3,Cook,0,23,,,5,N,No,Stopped,202301072392,City,5,3.19000006,N,,,,(UNK),131608,(N/A),(UNK),No Defects,1,1,Minor Arterial,4,1419,X002945369,Not Toll,73,1,1,Not Divided,1,2940450.46031793,1907530.16820501,41.87961924,-87.80232253,,Urban,1,N,(N/A),Y,(N/A)
2023,2023-03-05,Sunday,14,02:55 PM,Property Damage,No Injuries,0,0,0,0,0,1,Other Object,7,N,N,Failing to Reduce Speed to Avoid Crash,(N/A),Unknown,Unknown,Dry,N,,,,,No Controls,No Controls,Y,1,41.9074837,-87.7759759,ok,(UNK),1,2301286,2023,,28,99,50000 and OVER,9,4295,Oak Park,C,Urban Local Road or Street,,16,5,12099089,3,Cook,0,23,FENCE,,7,N,No,Slow,202301072430,City,9,0,N,,,,(UNK),131646,(N/A),(UNK),No Defects,1,1,Local Road or Street,7,,X002945391,Not Toll,73,1,1,Roundabout,18,2947344.29756839,1917880.57543511,41.90747583,-87.77597012,,Urban,9,N,(N/A),Y,(N/A)
2023,2023-03-03,Friday,16,04:25 PM,Property Damage,No Injuries,0,0,0,0,0,2,Front to Rear,11,N,N,Following Too Closely,Failing to Reduce Speed to Avoid Crash,Daylight,Clear,Dry,Y,,,,,Traffic Signal,Functioning Properly,N,2,41.8736416,-87.8045258,ok,Partial Access Control,3,03-23-03749,2023,,3,28,50000 and OVER,9,4295,Oak Park,C,Urban InterState,,16,3,12097959,3,Cook,0,23,,,5,N,No,(UNK),202301071310,ISP,1,0.20999999,Y,,,,(UNK),131695,(N/A),(UNK),No Defects,1,1,InterState,1,290,X002944333,Not Toll,73,3,4,Ramp,11,2939912.062394,1905332.46992192,41.87363377,-87.80452,,Urban,1,N,(N/A),Y,(N/A)
2023,2023-07-21,Friday,8,08:53 AM,Injury,C Injury Crash,1,0,0,0,1,2,Front to Rear,11,N,N,Following Too Closely,Failing to Reduce Speed to Avoid Crash,Daylight,Clear,Dry,N,,,,,No Controls,No Controls,N,2,41.9063162,-87.8057014,ok,(UNK),1,2300914,2023,,3,28,50000 and OVER,9,4295,Oak Park,C,Urban Other Principal Arte,,16,21,12265837,7,Cook,1,23,,,5,N,No,Slow,202301228989,City,1,17.82999992,Y,,,,(UNK),131862,(N/A),(UNK),No Defects,1,1,Other Principal Arterial,3,348,X003093252,Not Toll,73,1,1,Not Divided,1,2939264.0829266,1917230.86775874,41.90630832,-87.80569555,,Urban,1,N,(N/A),Y,(N/A)
2023,2023-11-30,Thursday,13,01:54 PM,Property Damage,No Injuries,0,0,0,0,0,6,Angle,15,N,N,Failing to Reduce Speed to Avoid Crash,(N/A),Daylight,Clear,Dry,Y,,,,,Traffic Signal,Functioning Properly,N,2,41.9015578,-87.8055262,ok,(UNK),1,2301514,2023,,28,99,50000 and OVER,9,4295,Oak Park,C,Urban Other Principal Arte,,16,30,12433252,11,Cook,0,23,,,4,N,No,Free Flow,202301388470,City,1,18.15999985,Y,,,,(UNK),132009,(N/A),(UNK),No Defects,1,1,Other Principal Arterial,3,348,X003241839,Not Toll,73,3,4,Four Way,14,2939359.50823588,1915498.15180298,41.90154999,-87.80552043,,Urban,1,N,(N/A),Y,(N/A)
2023,2023-12-01,Friday,12,12:19 PM,Property Damage,No Injuries,0,0,0,0,0,3,Front to Rear,11,N,N,Failing to Reduce Speed to Avoid Crash,Weather,Daylight,Rain,Wet,N,,,,,No Controls,No Controls,N,2,41.8754155,-87.7940872,ok,(UNK),1,2307567,2023,,28,11,50000 and OVER,9,4295,Oak Park,C,Urban Major Collector,,16,1,12434380,12,Cook,0,23,,,5,N,No,Slow,202301389526,City,1,6.46000004,N,,,,(UNK),132046,(N/A),(UNK),No Defects,1,2,Major Collector,5,2775,X003242873,Not Toll,73,1,1,Not Divided,1,2942737.29961575,1906057.37319628,41.87540769,-87.79408143,,Urban,2,N,(N/A),Y,(N/A)
2023,2023-07-12,Wednesday,16,04:14 PM,Property Damage,No Injuries,0,0,0,0,0,1,Parked Motor Vehicle,9,N,N,Failing to Reduce Speed to Avoid Crash,Following Too Closely,Daylight,Cloudy/Overcast,Wet,N,,,,,Traffic Signal,Functioning Properly,N,2,41.8943398,-87.7990012,ok,(UNK),1,2304270,2023,,28,3,50000 and OVER,9,4295,Oak Park,C,Urban Minor Arterial,,16,12,12257127,7,Cook,0,23,,,3,N,No,Slow,202301221399,City,1,2.88000011,N,,,,(UNK),132862,(N/A),(UNK),No Defects,1,2,Minor Arterial,4,1398,X003085682,Not Toll,73,3,4,"Divided, No Median Barrier",2,2941208.55159377,1912916.74854773,41.89433196,-87.79899544,,Urban,8,N,(N/A),Y,(N/A)