crash_year,crash_date,day_of_week,crash_hour,time_of_crash,crash_severity,crash_injury_severity,total_injured,total_fatals,a_injuries,b_injuries,c_injuries,no_injuries,type_of_first_crash,collision_type_code,pedestrian_involved,pedalcyclist_involved,cause1,cause2,lighting_cond,weather_cond,road_surface_cond,intersection_related,is_intersection,highway_or_street_name,at_intersection_with,address_no,traffic_control_device,traffic_control_device_cond,hit_and_run,number_of_vehicles,latitude,longitude,location_status,access_control,agency_code,agency_report_number,agency_report_year,alignment_code,cause1_code,cause2_code,city_class,city_class_code,city_code,city_name,city_township_flag,class_of_trafficway,class_of_trafficway_code,county_code,crash_day,crash_id,crash_month,crash_report_county,crash_severity_cd,crash_yr_source,damaged_property1,damaged_property2,day_of_week_code,did_crash_occur_in_work_zone,did_involve_secondary_crash,flow_condition,icn,investigating_agency_descrip,light_condition_code,mile_station,nhs,non_intersection_direction,non_intersection_distance,non_intersection_units,number_of_lanes,objectid,railroad_crossing_number,road_alignment,road_defects,road_defects_code,road_surface_condition_code,roadway_functional_class,roadway_functional_class_code,route_number,sfe,toll,township,traffic_control_device_code,traffic_control_device_cond_code,trafficway_descrip,trafficway_description_code,ts_crash_coordinate_x,ts_crash_coordinate_y,ts_crash_latitude,ts_crash_longitude,type_report,urban_rural,weather_code,were_workers_present,work_zone,work_zone_related,work_zone_type
2023,2023-10-05,Thursday,20,08:56 PM,Property Damage,No Injuries,0,0,0,0,0,2,Sideswipe Same Direction,12,N,N,Failing to Reduce Speed to Avoid Crash,(N/A),Darkness / Lighted Road,Clear,Dry,N,,,,,Traffic Signal,Functioning Properly,N,2,41.8905578,-87.8051158,ok,(UNK),1,2306341,2023,,28,99,50000 and OVER,9,4295,Oak Park,C,Urban Other Principal Arte,,16,5,12362904,10,Cook,0,23,,,4,N,No,Free Flow,202301320755,City,5,18.92000008,Y,,,,(UNK),133440,(N/A),(UNK),No Defects,1,1,Other Principal Arterial,3,348,X003179260,Not Toll,73,3,4,Not Divided,1,2939581.64875098,1911492.62586158,41.89055,-87.80510998,,Urban,1,N,(N/A),Y,(N/A)
2023,2023-10-05,Thursday,19,07:41 PM,Property Damage,No Injuries,0,0,0,0,0,2,Turning,10,N,N,Failing to Yield Right of Way,Failing to Reduce Speed to Avoid Crash,Darkness / Lighted Road,Clear,Dry,Y,,,,,Traffic Signal,Functioning Properly,N,2,41.8942278,-87.8052251,ok,(UNK),1,2306337,2023,,2,28,50000 and OVER,9,4295,Oak Park,C,Urban Other Principal Arte,,16,5,12362891,10,Cook,0,23,,,4,N,No,Free Flow,202301320742,City,5,18.67000008,Y,,,,(UNK),133506,(N/A),(UNK),No Defects,1,1,Other Principal Arterial,3,348,X003179247,Not Toll,73,3,4,Not Divided,1,2939515.05859781,1912829.22279974,41.89422,-87.80521928,,Urban,1,N,(N/A),Y,(N/A)
2023,2023-10-07,Saturday,0,00:35 AM,Injury,B Injury Crash,2,0,0,2,0,1,Sideswipe Same Direction,12,N,N,Failing to Reduce Speed to Avoid Crash,Improper Overtaking/Passing,Darkness / Lighted Road,Clear,Dry,N,,,,,Other,Functioning Properly,N,2,41.8728643,-87.7960839,ok,Partial Access Control,3,03-23-18814,2023,,28,4,50000 and OVER,9,4295,Oak Park,C,Urban InterState,,16,7,12367507,10,Cook,2,23,,,6,N,No,(UNK),202301325159,ISP,5,8.09000015,Y,,,,(UNK),133518,(N/A),(UNK),No Defects,1,1,InterState,1,290,X003183075,Not Toll,73,13,4,Divided With Median Barrier,3,2942219.17458677,1905112.63830692,41.87285649,-87.79607812,,Urban,1,N,(N/A),Y,(N/A)
2023,2023-12-12,Tuesday,12,12:41 PM,Injury,B Injury Crash,1,0,0,1,0,1,Pedestrian,1,Y,N,Failing to Yield Right of Way,(N/A),Daylight,Clear,Dry,Y,,,,,Traffic Signal,Functioning Properly,N,1,41.8797198,-87.7942756,ok,(UNK),1,2307818,2023,,2,99,50000 and OVER,9,4295,Oak Park,C,Urban Minor Arterial,,16,12,12466100,12,Cook,2,23,,,2,N,No,Slow,202301419865,City,1,3.5999999,N,,,,(UNK),133658,(N/A),(UNK),No Defects,1,1,Minor Arterial,4,1419,X003271021,Not Toll,73,3,4,Four Way,14,2942642.62436948,1907624.5015455,41.87971194,-87.79426977,,Urban,1,N,(N/A),Y,(N/A)
2023,2023-12-26,Tuesday,17,05:55 PM,Property Damage,No Injuries,0,0,0,0,0,2,Parked Motor Vehicle,9,N,N,Driving Skills/Knowledge/Experience,Improper Backing,Darkness / Lighted Road,Cloudy/Overcast,Wet,N,,,,,No Controls,No Controls,N,3,41.8867764,-87.8023577,ok,(UNK),1,2308128,2023,,15,30,50000 and OVER,9,4295,Oak Park,C,Urban Local Road or Street,,16,26,12466182,12,Cook,0,23,,,2,N,Yes,Free Flow,202301419933,City,5,0,N,,,,(UNK),133662,(N/A),(UNK),No Defects,1,2,Local Road or Street,7,,X003271089,Not Toll,73,1,1,Parking Lot,7,2940370.65813921,1910135.29253455,41.88676856,-87.80235186,,Urban,8,N,(N/A),Y,(N/A)
2023,2023-12-25,Monday,13,01:56 PM,Property Damage,No Injuries,0,0,0,0,0,3,Front to Rear,11,N,N,Failing to Reduce Speed to Avoid Crash,Unable to Determine,Daylight,Cloudy/Overcast,Dry,N,,,,,No Controls,No Controls,N,2,41.8702196,-87.7742785,ok,(UNK),1,2308105,2023,,28,18,50000 and OVER,9,4295,Oak Park,C,Urban Minor Arterial,,16,25,12466173,12,Cook,0,23,,,1,N,No,Stopped,202301419925,City,1,8.42000008,N,,,,(UNK),133745,(N/A),(UNK),No Defects,1,1,Minor Arterial,4,2790,X003271080,Not Toll,,1,1,"Divided, No Median Barrier",2,2948185.1875938,1904313.70306231,41.87021172,-87.77427272,,Urban,8,N,(N/A),Y,(N/A)
2023,2023-12-13,Wednesday,18,06:27 PM,Injury,B Injury Crash,1,0,0,1,0,3,Front to Rear,11,N,N,Failing to Reduce Speed to Avoid Crash,(N/A),Darkness / Lighted Road,Clear,Dry,N,,,,,Other,Functioning Properly,Y,3,41.8719563,-87.7841936,ok,Partial Access Control,3,03-23-23559,2023,,28,99,50000 and OVER,9,4295,Oak Park,C,Urban Major Collector,,16,13,12470957,12,Cook,2,23,,,3,N,No,(UNK),202301424390,ISP,5,2.06999993,N,,,,(UNK),133952,(N/A),(UNK),No Defects,1,1,Major Collector,5,2783,X003275372,Not Toll,73,13,4,Not Divided,1,2945466.9128666,1904871.46264968,41.8719485,-87.78418785,,Urban,1,N,(N/A),Y,(N/A)
2023,2023-12-30,Saturday,2,02:31 AM,Property Damage,No Injuries,0,0,0,0,0,7,Front to Front,14,N,N,Improper Lane Usage,(N/A),Darkness / Lighted Road,Clear,Dry,N,,,,,No Controls,No Controls,Y,3,41.9068919,-87.7755208,ok,(UNK),1,2308186,2023,,20,99,50000 and OVER,9,4295,Oak Park,C,Urban Minor Arterial,,16,30,12472560,12,Cook,0,23,,,6,N,Yes,Slow,202301425572,City,5,5.71999979,N,,,,(UNK),134055,(N/A),(UNK),No Defects,1,1,Minor Arterial,4,2790,X003276893,Not Toll,,1,1,Not Divided,1,2947474.20129301,1917668.37373208,41.90688405,-87.77551502,,Urban,1,N,(N/A),Y,(N/A)
2023,2023-12-22,Friday,11,11:49 AM,Property Damage,No Injuries,0,0,0,0,0,2,Front to Rear,11,N,N,Failing to Reduce Speed to Avoid Crash,Distraction - From Outside Vehicle,Daylight,Rain,Wet,N,,,,,Other,Functioning Properly,N,2,41.8724015,-87.7908944,ok,Partial Access Control,3,03-23-24147,2023,,28,40,50000 and OVER,9,4295,Oak Park,C,Urban InterState,,16,22,12467980,12,Cook,0,23,,,5,N,No,(UNK),202301421750,ISP,1,8.35000038,Y,,,,(UNK),134132,(N/A),(UNK),No Defects,1,2,InterState,1,290,X003272770,Not Toll,73,13,4,Divided With Median Barrier,3,2943637.30684309,1904983.06372816,41.87239363,-87.79088862,,Urban,2,N,(N/A),Y,(N/A)
2023,2023-12-28,Thursday,11,11:18 AM,Property Damage,No Injuries,0,0,0,0,0,2,Turning,10,N,N,Weather,Driving Skills/Knowledge/Experience,Daylight,Rain,Wet,N,,,,,Traffic Signal,Functioning Properly,N,2,41.8712252,-87.7742958,ok,Partial Access Control,1,2308156,2023,,11,15,50000 and OVER,9,4295,Oak Park,C,Urban Minor Arterial,,16,28,12468014,12,Cook,0,23,,,4,N,Yes,Free Flow,202301421782,City,1,8.35000038,N,,,,(UNK),134135,(N/A),(UNK),No Defects,1,2,Minor Arterial,4,2790,X003272800,Not Toll,,3,4,T-Intersection,15,2948170.2601679,1904680.05273757,41.87121738,-87.77429,,Urban,2,N,(N/A),Y,(N/A)
2023,2023-12-30,Saturday,20,08:30 PM,Property Damage,No Injuries,0,0,0,0,0,2,Sideswipe Same Direction,12,N,N,Improper Overtaking/Passing,Failing to Reduce Speed to Avoid Crash,Darkness / Lighted Road,Other,Unknown,N,,,,,Traffic Signal,Functioning Properly,Y,2,41.8712751,-87.7742986,ok,Partial Access Control,1,2308206,2023,,4,28,50000 and OVER,9,4295,Oak Park,C,Urban Minor Arterial,,16,30,12472615,12,Cook,0,23,,,6,N,No,Slow,202301425612,City,5,8.35000038,N,,,,(UNK),134251,(N/A),(UNK),No Defects,1,9,Minor Arterial,4,2790,X003276937,Not Toll,,3,4,"Divided, No Median Barrier",2,2948168.98327432,1904698.22170335,41.8712673,-87.77429283,,Urban,7,N,(N/A),Y,(N/A)
2023,2023-12-26,Tuesday,6,06:46 AM,Property Damage,No Injuries,0,0,0,0,0,1,Parked Motor Vehicle,9,N,N,Improper Overtaking/Passing,Driving Skills/Knowledge/Experience,Darkness / Lighted Road,Clear,Dry,N,,,,,Traffic Signal,Functioning Properly,N,2,41.887107,-87.804978,ok,(UNK),1,2308129,2023,,4,15,50000 and OVER,9,4295,Oak Park,C,Urban Other Principal Arte,,16,26,12468013,12,Cook,0,23,,,2,N,No,Free Flow,202301421781,City,5,19.15999985,Y,,,,(UNK),134302,(N/A),(UNK),No Defects,1,1,Other Principal Arterial,3,348,X003272799,Not Toll,73,3,4,"Divided, No Median Barrier",2,2939653.80274356,1910236.11426698,41.88709917,-87.80497217,,Urban,1,N,(N/A),Y,(N/A)
2023,2023-02-24,Friday,23,11:17 PM,Fatal,Fatal Crash,0,1,0,0,0,1,Pedestrian,1,Y,N,(N/A),(N/A),Darkness / Lighted Road,Snow,Snow or Slush,Y,,,,,Traffic Signal,Functioning Properly,Y,1,41.8796674,-87.8047358,ok,(UNK),1,2301128,2023,,99,99,50000 and OVER,9,4295,Oak Park,C,Urban Other Principal Arte,,16,24,12092870,2,Cook,4,23,,,5,N,No,Free Flow,202301080189,City,5,19.68000031,Y,,,,(UNK),134914,(N/A),(UNK),No Defects,1,3,Other Principal Arterial,3,348,X002939698,Not Toll,73,3,4,Not Divided,1,2939794.40898298,1907526.81531915,41.8796596,-87.80472998,,Urban,3,N,(N/A),Y,(N/A)
2023,2023-02-26,Sunday,9,09:53 AM,Property Damage,No Injuries,0,0,0,0,0,1,Parked Motor Vehicle,9,N,N,Failing to Reduce Speed to Avoid Crash,Unable to Determine,Daylight,Clear,Dry,N,,,,,No Controls,No Controls,Y,2,41.9034875,-87.7802744,ok,(UNK),1,2301152,2023,,28,18,50000 and OVER,9,4295,Oak Park,C,Urban Local Road or Street,,16,26,12092887,2,Cook,0,23,,,7,N,No,Free Flow,202301065515,City,1,0.38999999,N,,,,(UNK),134915,(N/A),(UNK),No Defects,1,1,Local Road or Street,7,3559,X002939715,Not Toll,73,1,1,Not Divided,1,2946214.70254757,1916391.67058685,41.9034796,-87.78026855,,Urban,1,N,(N/A),Y,(N/A)
2023,2023-11-28,Tuesday,19,07:53 PM,Property Damage,No Injuries,0,0,0,0,0,0,Parked Motor Vehicle,9,N,N,Failing to Reduce Speed to Avoid Crash,Unable to Determine,Darkness / Lighted Road,Clear,Dry,N,,,,,No Controls,No Controls,N,2,41.8797665,-87.7782931,ok,(UNK),1,2307505,2023,,28,18,50000 and OVER,9,4295,Oak Park,C,Urban Local Road or Street,,16,28,12430206,11,Cook,0,23,,,2,N,No,Free Flow,202301385647,City,5,0,N,,,,(UNK),135024,(N/A),(UNK),No Defects,1,1,Local Road or Street,7,,X003239207,Not Toll,73,1,1,Not Divided,1,2946994.83694646,1907762.31735186,41.87975866,-87.77828727,,Urban,1,N,(N/A),Y,(N/A)
2023,2023-11-30,Thursday,10,10:18 AM,Property Damage,No Injuries,0,0,0,0,0,2,Front to Rear,11,N,N,Failing to Reduce Speed to Avoid Crash,Following Too Closely,Daylight,Clear,Dry,N,,,,,Other,Other,N,2,41.8713228,-87.7758228,ok,Partial Access Control,3,03-23-22643,2023,,28,3,50000 and OVER,9,4295,Oak Park,C,Urban InterState,,16,30,12436020,11,Cook,0,23,,,4,N,No,(UNK),202301391218,ISP,1,9.13000011,Y,,,,(UNK),135105,(N/A),(UNK),No Defects,1,1,InterState,1,290,X003244464,Not Toll,73,13,7,Divided With Median Barrier,3,2947753.35167536,1904704.02318879,41.87131497,-87.77581699,,Urban,1,N,(N/A),Y,(N/A)
2023,2023-11-30,Thursday,12,12:59 PM,Property Damage,No Injuries,0,0,0,0,0,1,Parked Motor Vehicle,9,N,N,Physical Condition of Driver,(N/A),Daylight,Clear,Dry,N,,,,,Stop Sign,Functioning Properly,N,3,41.891098,-87.8026937,ok,(UNK),1,2307543,2023,,17,99,50000 and OVER,9,4295,Oak Park,C,Urban Local Road or Street,,16,30,12433264,11,Cook,0,23,,,4,N,No,Slow,202301388481,City,1,0,N,,,,(UNK),135130,(N/A),(UNK),No Defects,1,1,Local Road or Street,7,,X003241850,Not Toll,73,2,4,Not Divided,1,2940235.74716655,1911707.65395623,41.8910902,-87.80268787,,Urban,1,N,(N/A),Y,(N/A)
2023,2023-01-20,Friday,19,07:30 PM,Property Damage,No Injuries,0,0,0,0,0,2,Front to Rear,11,N,N,Failing to Reduce Speed to Avoid Crash,(N/A),Darkness / Lighted Road,Clear,Dry,Y,,,,,No Controls,No Controls,Y,2,41.8727794,-87.7756189,ok,(UNK),1,2300396,2023,,28,99,50000 and OVER,9,4295,Oak Park,C,Urban Local Road or Street,,16,20,12048979,1,Cook,0,23,,,5,N,No,Free Flow,202301026581,City,5,0,N,,,,(UNK),135160,(N/A),(UNK),No Defects,1,1,Local Road or Street,7,,X002901520,Not Toll,73,1,1,Not Divided,1,2947794.08838908,1905236.39051216,41.87277159,-87.77561312,,Urban,1,N,(N/A),Y,(N/A)
2023,2023-01-22,Sunday,11,11:53 AM,Property Damage,No Injuries,0,0,0,0,0,3,Sideswipe Same Direction,12,N,N,Improper Overtaking/Passing,(N/A),Daylight,Snow,Snow or Slush,N,,,,,Traffic Signal,Functioning Properly,N,2,41.8765853,-87.7745169,ok,(UNK),1,2300429,2023,,4,99,50000 and OVER,9,4295,Oak Park,C,Urban Minor Arterial,,16,22,12049003,1,Cook,0,23,,,7,N,No,Slow,202301026597,City,1,7.92999983,N,,,,(UNK),135303,(N/A),(UNK),No Defects,1,3,Minor Arterial,4,2790,X002901538,Not Toll,,3,4,"Divided, No Median Barrier",2,2948055.56334727,1906631.69746995,41.87657749,-87.77451112,,Urban,3,N,(N/A),Y,(N/A)
2023,2023-01-21,Saturday,12,12:37 PM,Property Damage,No Injuries,0,0,0,0,0,2,Sideswipe Same Direction,12,N,N,Improper Lane Usage,Unable to Determine,Daylight,Cloudy/Overcast,Dry,Y,,,,,Traffic Signal,Functioning Properly,N,2,41.8763969,-87.7745058,ok,(UNK),1,2300411,2023,,20,18,50000 and OVER,9,4295,Oak Park,C,Urban Minor Arterial,,16,21,12048988,1,Cook,0,23,,,6,N,No,Slow,202301026588,City,1,0,N,,,,(UNK),135404,(N/A),(UNK),No Defects,1,1,Minor Arterial,4,1422,X002901527,Not Toll,,3,4,"Divided, No Median Barrier",2,2948060.51294691,1906563.10435387,41.87638903,-87.77449998,,Urban,8,N,(N/A),Y,(N/A)
2023,2023-01-22,Sunday,15,03:44 PM,Property Damage,No Injuries,0,0,0,0,0,2,Angle,15,N,N,Disregarding Traffic Signals,Failing to Yield Right of Way,Dusk,Cloudy/Overcast,Wet,Y,,,,,Traffic Signal,Functioning Properly,N,2,41.8880195,-87.7748859,ok,(UNK),1,2300432,2023,,25,2,50000 and OVER,9,4295,Oak Park,C,Urban Minor Arterial,,16,22,12049013,1,Cook,0,23,,,7,N,No,Free Flow,202301027046,City,3,1.35000002,N,,,,(UNK),135405,(N/A),(UNK),No Defects,1,2,Minor Arterial,4,1405,X002901546,Not Toll,,3,4,Not Divided,1,2947838.88098014,1910795.71768336,41.88801164,-87.77488009,,Urban,8,N,(N/A),Y,(N/A)
2023,2023-01-21,Saturday,19,07:47 PM,Property Damage,No Injuries,0,0,0,0,0,3,Turning,10,N,N,Improper Turning/No Signal,Improper Lane Usage,Darkness / Lighted Road,Clear,Dry,Y,,,,,Stop Sign,Functioning Properly,N,2,41.8706814,-87.7779845,ok,(UNK),1,2300418,2023,,6,20,50000 and OVER,9,4295,Oak Park,C,Urban Local Road or Street,,16,21,12048992,1,Cook,0,23,,,6,N,No,Free Flow,202301026592,City,5,0.07,N,,,,(UNK),135436,(N/A),(UNK),No Defects,1,1,Local Road or Street,7,290,X002901531,Not Toll,73,2,4,T-Intersection,15,2947171.05721389,1904453.87514511,41.87067355,-87.77797871,,Urban,1,N,(N/A),Y,(N/A)
2023,2023-01-22,Sunday,15,03:41 PM,Property Damage,No Injuries,0,0,0,0,0,2,Rear to Front,18,N,N,Improper Backing,Failing to Reduce Speed to Avoid Crash,Daylight,Snow,Wet,Y,,,,,No Controls,No Controls,Y,2,41.8882278,-87.7814359,ok,(UNK),1,2300431,2023,,30,28,50000 and OVER,9,4295,Oak Park,C,Urban Major Collector,,16,22,12049011,1,Cook,0,23,,,7,N,No,(UNK),202301026604,City,1,1.00999999,N,,,,(UNK),135519,(N/A),(UNK),No Defects,1,2,Major Collector,5,1405,X002901544,Not Toll,73,1,1,"Divided, No Median Barrier",2,2946053.16588934,1910821.97471735,41.88822,-87.7814301,,Urban,3,N,(N/A),Y,(N/A)
2023,2023-01-13,Friday,19,07:24 PM,Property Damage,No Injuries,0,0,0,0,0,3,Turning,10,N,N,Failing to Reduce Speed to Avoid Crash,Driving Skills/Knowledge/Experience,Darkness / Lighted Road,Clear,Dry,Y,,,,,Traffic Signal,Functioning Properly,N,2,41.8832552,-87.8039602,ok,(UNK),1,23-00126,2023,,28,15,50000 and OVER,9,4295,Oak Park,C,Urban Local Road or Street,,16,13,12039685,1,Cook,0,23,,,5,N,No,Slow,202301018734,City,5,0,N,,,,(UNK),135673,(N/A),(UNK),No Defects,1,1,Local Road or Street,7,,X002893465,Not Toll,73,3,4,"Divided, No Median Barrier",2,2939969.61977744,1908840.06309359,41.88324732,-87.80395439,,Urban,1,N,(N/A),Y,(N/A)
2023,2023-07-22,Saturday,1,01:39 AM,Property Damage,No Injuries,0,0,0,0,0,2,Front to Rear,11,N,N,Under Influence of Alcohol/Drugs,Following Too Closely,Darkness,Clear,Dry,N,,,,,No Controls,No Controls,N,2,41.883515,-87.8048608,ok,(UNK),1,23-02190,2023,,8,3,50000 and OVER,9,4295,Oak Park,C,Urban Other Principal Arte,,16,22,12264291,7,Cook,0,23,,,6,N,No,Free Flow,202301227511,City,4,19.40999985,Y,,,,(UNK),136003,(N/A),(UNK),No Defects,1,1,Other Principal Arterial,3,348,X003091734,Not Toll,73,1,1,Parking Lot,7,2939721.74352373,1908927.98688731,41.88350713,-87.80485504,,Urban,1,N,(N/A),Y,(N/A)
2023,2023-03-06,Monday,15,03:39 PM,Property Damage,No Injuries,0,0,0,0,0,2,Parked Motor Vehicle,9,N,N,Improper Backing,Driving Skills/Knowledge/Experience,Daylight,Clear,Dry,N,,,,,No Controls,No Controls,N,2,41.8886085,-87.7930609,ok,(UNK),1,2301297,2023,,30,15,50000 and OVER,9,4295,Oak Park,C,Urban Major Collector,,16,6,12101136,3,Cook,0,23,,,1,N,No,Stopped,202301074354,City,1,0.43000001,N,,,,(UNK),136155,(N/A),(UNK),No Defects,1,1,Major Collector,5,1405,X002946932,Not Toll,73,1,1,"Divided, No Median Barrier",2,2942883.77937697,1910872.87621346,41.88860068,-87.79305512,,Urban,1,N,(N/A),Y,(N/A)
2023,2023-07-14,Friday,18,06:12 PM,Injury,B Injury Crash,1,0,0,1,0,1,Pedalcyclist,2,N,Y,Unable to Determine,(N/A),Daylight,Clear,Dry,N,,,,,No Controls,No Controls,N,1,41.8754208,-87.7995324,ok,(UNK),1,2304320,2023,,18,99,50000 and OVER,9,4295,Oak Park,C,Urban Local Road or Street,,16,14,12258634,7,Cook,2,23,,,5,N,No,Free Flow,202301222652,City,1,0,N,,,,(UNK),136345,(N/A),(UNK),No Defects,1,1,Local Road or Street,7,,X003086926,Not Toll,73,1,1,Not Divided,1,2941254.20553336,1906018.33726321,41.87541299,-87.7995266,,Urban,1,N,(N/A),Y,(N/A)
2023,2023-07-17,Monday,13,01:26 PM,Injury,B Injury Crash,2,0,0,2,0,1,Angle,15,N,N,Disregarding Other Traffic Signs,(N/A),Daylight,Clear,Dry,N,,,,,Other Regualtory Sig,Functioning Properly,N,2,41.888428,-87.7879605,ok,(UNK),1,2304365,2023,,24,99,50000 and OVER,9,4295,Oak Park,C,Urban Major Collector,,16,17,12258621,7,Cook,2,23,,,1,N,No,Free Flow,202301222635,City,1,0.69999999,N,,,,(UNK),136622,(N/A),(UNK),No Defects,1,1,Major Collector,5,1405,X003086914,Not Toll,73,10,4,"Divided, No Median Barrier",2,2944274.45883332,1910845.55435916,41.88842011,-87.78795472,,Urban,1,N,(N/A),Y,(N/A)
2023,2023-07-17,Monday,14,02:44 PM,Property Damage,No Injuries,0,0,0,0,0,2,Front to Rear,11,N,N,Failing to Reduce Speed to Avoid Crash,Driving Skills/Knowledge/Experience,Daylight,Clear,Dry,N,,,,,No Controls,No Controls,Y,2,41.8798214,-87.7881304,ok,(UNK),1,2304369,2023,,28,15,50000 and OVER,9,4295,Oak Park,C,Urban Minor Arterial,,16,17,12258628,7,Cook,0,23,,,1,N,No,Stopped,202301222643,City,1,3.92000008,N,,,,(UNK),136623,(N/A),(UNK),No Defects,1,1,Minor Arterial,4,1419,X003086920,Not Toll,73,1,1,Divided With Median Barrier,3,2944315.18007991,1907707.8621979,41.87981351,-87.78812459,,Urban,1,N,(N/A),Y,(N/A)
2023,2023-07-17,Monday,17,05:05 PM,Property Damage,No Injuries,0,0,0,0,0,2,Sideswipe Same Direction,12,N,N,Failing to Reduce Speed to Avoid Crash,(N/A),Daylight,Clear,Dry,N,,,,,No Controls,No Controls,Y,2,41.9092379,-87.7772143,ok,(UNK),1,2304375,2023,,28,99,50000 and OVER,9,4295,Oak Park,C,Urban Other Principal Arte,,16,17,12258653,7,Cook,0,23,,,1,N,No,Free Flow,202301222675,City,1,7.38999987,Y,,,,(UNK),136626,(N/A),(UNK),No Defects,1,1,Other Principal Arterial,3,307,X003086945,Not Toll,73,1,1,Not Divided,1,2946989.35316088,1918510.43359497,41.90923,-87.77720855,,Urban,1,N,(N/A),Y,(N/A)
2023,2023-07-17,Monday,16,04:18 PM,Property Damage,No Injuries,0,0,0,0,0,2,Front to Rear,11,N,N,Following Too Closely,Failing to Reduce Speed to Avoid Crash,Daylight,Clear,Dry,N,,,,,Traffic Signal,Functioning Properly,N,3,41.8892746,-87.7975202,ok,(UNK),1,2304372,2023,,3,28,50000 and OVER,9,4295,Oak Park,C,Urban Local Road or Street,,16,17,12258643,7,Cook,0,23,,,1,N,No,Free Flow,202301222666,City,1,0,N,,,,(UNK),136816,(N/A),(UNK),No Defects,1,1,Local Road or Street,7,,X003086935,Not Toll,73,3,4,Not Divided,1,2941662.79479598,1911082.04600051,41.8892668,-87.79751442,,Urban,1,N,(N/A),Y,(N/A)
2023,2023-10-10,Tuesday,11,11:28 AM,Property Damage,No Injuries,0,0,0,0,0,3,Front to Rear,11,N,N,Driving Skills/Knowledge/Experience,Failing to Reduce Speed to Avoid Crash,Daylight,Clear,Dry,Y,,,,,Traffic Signal,Functioning Properly,N,3,41.9089314,-87.8057869,ok,(UNK),1,JG458073,2023,,15,28,50000 and OVER,9,4295,Oak Park,C,Urban Other Principal Arte,,16,10,12364448,10,Cook,0,23,,,2,N,No,Stopped,202301321981,City,1,17.64999962,Y,,,,(UNK),136945,(N/A),(UNK),No Defects,1,1,Other Principal Arterial,3,348,X003180411,Not Toll,73,3,4,Four Way,14,2939214.56185297,1918183.2622384,41.90892354,-87.80578105,,Urban,1,N,(N/A),Y,(N/A)
2023,2023-11-30,Thursday,14,02:57 PM,Property Damage,No Injuries,0,0,0,0,0,2,Turning,10,N,N,Failing to Yield Right of Way,Improper Overtaking/Passing,Daylight,Clear,Dry,N,,,,,No Controls,No Controls,N,2,41.9018013,-87.8055353,ok,(UNK),1,2307544,2023,,2,4,50000 and OVER,9,4295,Oak Park,C,Urban Other Principal Arte,,16,30,12433266,11,Cook,0,23,,,4,N,No,Free Flow,202301388483,City,1,18.13999939,Y,,,,(UNK),137160,(N/A),(UNK),No Defects,1,1,Other Principal Arterial,3,348,X003241852,Not Toll,73,1,1,Not Divided,1,2939354.604376,1915586.81588003,41.90179348,-87.80552947,,Urban,1,N,(N/A),Y,(N/A)
2023,2023-10-14,Saturday,17,05:50 PM,Injury,B Injury Crash,2,0,0,2,0,3,Front to Rear,11,N,N,Failing to Reduce Speed to Avoid Crash,Following Too Closely,Daylight,Clear,Dry,N,,,,,Other,Functioning Properly,N,2,41.8723301,-87.7887155,ok,Partial Access Control,3,03-23-19394,2023,,28,3,50000 and OVER,9,4295,Oak Park,C,Urban InterState,,16,14,12371851,10,Cook,2,23,,,6,N,No,(UNK),202301329534,ISP,1,8.47000027,Y,,,,(UNK),137545,(N/A),(UNK),No Defects,1,1,InterState,1,290,X003187169,Not Toll,73,13,4,Divided With Median Barrier,3,2944231.5,1904973.5,41.87232227,-87.78870972,,Urban,1,N,(N/A),Y,(N/A)
2023,2023-10-05,Thursday,21,09:05 PM,Property Damage,No Injuries,0,0,0,0,0,2,Sideswipe Same Direction,12,N,N,Driving Skills/Knowledge/Experience,Driving Skills/Knowledge/Experience,Darkness / Lighted Road,Clear,Dry,Y,,,,,No Controls,No Controls,N,2,41.873777,-87.8045294,ok,Partial Access Control,1,2306342,2023,,15,15,50000 and OVER,9,4295,Oak Park,C,Urban Other Principal Arte,,16,5,12362905,10,Cook,0,23,,,4,N,Yes,Slow,202301320756,City,5,20.07999992,Y,,,,(UNK),137575,(N/A),(UNK),No Defects,1,1,Other Principal Arterial,3,348,X003179261,Not Toll,73,1,1,Not Divided,1,2939909.73600677,1905381.79254407,41.87376919,-87.80452355,,Urban,1,N,(N/A),Y,(N/A)
2023,2023-10-15,Sunday,14,02:40 PM,Property Damage,No Injuries,0,0,0,0,0,4,Front to Rear,11,N,N,(N/A),(N/A),Unknown,Unknown,Unknown,Y,,,,,Traffic Signal,Functioning Properly,Y,2,41.9092396,-87.7755472,ok,(UNK),1,JG464680,2023,,99,99,50000 and OVER,9,4295,Oak Park,C,Urban Other Principal Arte,,16,15,12371045,10,Cook,0,23,,,7,N,No,Stopped,202301328787,City,9,7.48000002,Y,,,,(UNK),137956,(N/A),(UNK),Unknown,99,9,Other Principal Arterial,3,307,X003186449,Not Toll,,3,4,Not Divided,1,2947443.16469999,1918523.72481812,41.90923175,-87.77554138,,Urban,9,N,(N/A),N,(N/A)