crash_year,crash_date,day_of_week,crash_hour,time_of_crash,crash_severity,crash_injury_severity,total_injured,total_fatals,a_injuries,b_injuries,c_injuries,no_injuries,type_of_first_crash,collision_type_code,pedestrian_involved,pedalcyclist_involved,cause1,cause2,lighting_cond,weather_cond,road_surface_cond,intersection_related,is_intersection,highway_or_street_name,at_intersection_with,address_no,traffic_control_device,traffic_control_device_cond,hit_and_run,number_of_vehicles,latitude,longitude,location_status,access_control,agency_code,agency_report_number,agency_report_year,alignment_code,cause1_code,cause2_code,city_class,city_class_code,city_code,city_name,city_township_flag,class_of_trafficway,class_of_trafficway_code,county_code,crash_day,crash_id,crash_month,crash_report_county,crash_severity_cd,crash_yr_source,damaged_property1,damaged_property2,day_of_week_code,did_crash_occur_in_work_zone,did_involve_secondary_crash,flow_condition,icn,investigating_agency_descrip,light_condition_code,mile_station,nhs,non_intersection_direction,non_intersection_distance,non_intersection_units,number_of_lanes,objectid,railroad_crossing_number,road_alignment,road_defects,road_defects_code,road_surface_condition_code,roadway_functional_class,roadway_functional_class_code,route_number,sfe,toll,township,traffic_control_device_code,traffic_control_device_cond_code,trafficway_descrip,trafficway_description_code,ts_crash_coordinate_x,ts_crash_coordinate_y,ts_crash_latitude,ts_crash_longitude,type_report,urban_rural,weather_code,were_workers_present,work_zone,work_zone_related,work_zone_type
2023,2023-07-14,Friday,15,03:00 PM,Property Damage,No Injuries,0,0,0,0,0,2,Sideswipe Same Direction,12,N,N,Improper Lane Usage,Failing to Reduce Speed to Avoid Crash,Daylight,Clear,Dry,N,,,,,Other,Functioning Properly,Y,2,41.8713019,-87.7799076,ok,Partial Access Control,3,03-23-12872,2023,,20,28,50000 and OVER,9,4295,Oak Park,C,Urban InterState,,16,14,12260581,7,Cook,0,23,,,5,N,No,(UNK),202301224505,ISP,1,8.93000031,Y,,,,(UNK),138326,(N/A),(UNK),No Defects,1,1,InterState,1,290,X003088744,Not Toll,,13,4,Divided With Median Barrier,3,2946640.94711921,1904665.43511327,41.8712941,-87.77990184,,Urban,1,N,(N/A),Y,(N/A)
2023,2023-07-22,Saturday,7,07:25 AM,Property Damage,No Injuries,0,0,0,0,0,5,Front to Rear,11,N,N,Failing to Reduce Speed to Avoid Crash,Unable to Determine,Daylight,Cloudy/Overcast,Dry,N,,,,,Traffic Signal,Functioning Properly,N,2,41.8757004,-87.8045875,ok,(UNK),1,23-02200,2023,,28,18,50000 and OVER,9,4295,Oak Park,C,Urban Other Principal Arte,,16,22,12264623,7,Cook,0,23,,,6,N,No,Stopped,202301227824,City,1,19.95000076,Y,,,,(UNK),138512,(N/A),(UNK),No Defects,1,1,Other Principal Arterial,3,348,X003092052,Not Toll,73,3,4,Divided With Median Barrier,3,2939874.60037192,1906082.25907382,41.87569254,-87.8045817,,Urban,8,N,(N/A),Y,(N/A)
2023,2023-07-13,Thursday,19,07:31 PM,Injury,B Injury Crash,2,0,0,2,0,0,Front to Rear,11,N,N,Failing to Reduce Speed to Avoid Crash,Unable to Determine,Daylight,Clear,Dry,Y,,,,,No Controls,No Controls,N,2,41.8834466,-87.7845458,ok,(UNK),1,2304299,2023,,28,18,50000 and OVER,9,4295,Oak Park,C,Urban Major Collector,,16,13,12257457,7,Cook,2,23,,,4,N,No,Free Flow,202301221544,City,1,1.27999997,N,,,,(UNK),138602,(N/A),(UNK),No Defects,1,1,Major Collector,5,2783,X003085825,Not Toll,73,1,1,Four Way,14,2945254.70854571,1909056.05599601,41.88343874,-87.78454004,,Urban,1,N,(N/A),Y,(N/A)
2023,2023-07-20,Thursday,14,02:58 PM,Property Damage,No Injuries,0,0,0,0,0,2,Angle,15,N,N,Failing to Yield Right of Way,(N/A),Daylight,Clear,Dry,Y,,,,,Stop Sign,Functioning Properly,N,2,41.8944585,-87.7912957,ok,(UNK),1,2304465,2023,,2,99,50000 and OVER,9,4295,Oak Park,C,Urban Minor Arterial,,16,20,12263169,7,Cook,0,23,,,4,N,No,Slow,202301226424,City,1,3.27999997,N,,,,(UNK),138702,(N/A),(UNK),No Defects,1,1,Minor Arterial,4,1398,X003090672,Not Toll,73,2,4,Four Way,14,2943305.4117856,1913018.04111942,41.89445069,-87.79128987,,Urban,1,N,(N/A),Y,(N/A)
2023,2023-07-14,Friday,21,09:42 PM,Property Damage,No Injuries,0,0,0,0,0,2,Angle,15,N,N,Failing to Reduce Speed to Avoid Crash,Weather,Darkness / Lighted Road,Rain,Wet,Y,,,,,Stop Sign,Functioning Properly,N,2,41.8763833,-87.7757512,ok,(UNK),1,2304325,2023,,28,11,50000 and OVER,9,4295,Oak Park,C,Urban Local Road or Street,,16,14,12257628,7,Cook,0,23,,,5,N,No,Free Flow,202301221703,City,5,0,N,,,,(UNK),138759,(N/A),(UNK),No Defects,1,2,Local Road or Street,7,,X003085983,Not Toll,73,2,4,Four Way,14,2947721.46274689,1906548.6880522,41.87637542,-87.77574537,,Urban,2,N,(N/A),Y,(N/A)
2023,2023-02-10,Friday,20,08:28 PM,Property Damage,No Injuries,0,0,0,0,0,1,Parked Motor Vehicle,9,N,N,Improper Lane Usage,(N/A),Darkness,Clear,Dry,Y,,,,,No Controls,No Controls,N,2,41.8797203,-87.7942756,ok,(UNK),1,2300835,2023,,20,99,50000 and OVER,9,4295,Oak Park,C,Urban Minor Arterial,,16,10,12079211,2,Cook,0,23,,,5,N,No,(UNK),202301053011,City,4,3.5999999,N,,,,(UNK),139451,(N/A),(UNK),No Defects,1,1,Minor Arterial,4,1419,X002927553,Not Toll,73,1,1,Not Divided,1,2942642.61542238,1907624.67430794,41.87971241,-87.79426978,,Urban,1,N,(N/A),Y,(N/A)
2023,2023-12-02,Saturday,23,11:59 PM,Property Damage,No Injuries,0,0,0,0,0,1,Parked Motor Vehicle,9,N,N,Driving Skills/Knowledge/Experience,Driving Skills/Knowledge/Experience,Darkness / Lighted Road,Clear,Wet,N,,,,,No Controls,No Controls,N,2,41.9051203,-87.8056576,ok,(UNK),1,2307599,2023,,15,15,50000 and OVER,9,4295,Oak Park,C,Urban Other Principal Arte,,16,2,12438180,12,Cook,0,23,,,6,N,Yes,Slow,202301392777,City,5,17.90999985,Y,,,,(UNK),139815,(N/A),(UNK),No Defects,1,2,Other Principal Arterial,3,348,X003246172,Not Toll,73,1,1,Not Divided,1,2939287.99770976,1916795.39816675,41.90511245,-87.80565179,,Urban,1,N,(N/A),Y,(N/A)
2023,2023-12-02,Saturday,1,01:47 AM,Injury,B Injury Crash,1,0,0,1,0,1,Fixed Object,6,N,N,Physical Condition of Driver,Failing to Reduce Speed to Avoid Crash,Darkness / Lighted Road,Rain,Dry,N,,,,,No Controls,No Controls,N,1,41.8860556,-87.8040863,ok,(UNK),1,2307581,2023,,17,28,50000 and OVER,9,4295,Oak Park,C,Urban Local Road or Street,,16,2,12438182,12,Cook,2,23,CURB/LIGHTPOLE,,6,N,No,Free Flow,202301392779,City,5,0,N,,,,(UNK),139816,(N/A),(UNK),No Defects,1,1,Local Road or Street,7,,X003246174,Not Toll,73,1,1,Other,8,2939907.16928941,1909859.64517964,41.88604775,-87.80408049,,Urban,2,N,(N/A),Y,(N/A)
2023,2023-11-25,Saturday,14,02:40 PM,Property Damage,No Injuries,0,0,0,0,0,2,Front to Rear,11,N,N,Failing to Reduce Speed to Avoid Crash,Following Too Closely,Unknown,Unknown,Unknown,N,,,,,No Controls,No Controls,N,2,41.8734699,-87.8041292,ok,Partial Access Control,3,03-23-22401,2023,,28,3,50000 and OVER,9,4295,Oak Park,C,Urban InterState,,16,25,12430271,11,Cook,0,23,,,6,N,No,(UNK),202301385701,ISP,9,7.71999979,Y,,,,(UNK),139840,(N/A),(UNK),Unknown,99,9,InterState,1,290,X003239259,Not Toll,73,1,1,Divided With Median Barrier,3,2940021.80029237,1905272.86836532,41.87346206,-87.80412342,,Urban,9,N,(N/A),N,(N/A)
2023,2023-11-06,Monday,14,02:30 PM,Injury,B Injury Crash,1,0,0,1,0,1,Turning,10,N,N,Failing to Reduce Speed to Avoid Crash,Unable to Determine,Daylight,Clear,Dry,Y,,,,,Stop Sign,Functioning Properly,Y,2,41.86889,-87.790199,ok,(UNK),1,2307035,2023,,28,18,50000 and OVER,9,4295,Oak Park,C,Urban Local Road or Street,,16,6,12433242,11,Cook,2,23,,,1,N,No,Free Flow,202301388461,City,1,0,N,,,,(UNK),139999,(N/A),(UNK),No Defects,1,1,Local Road or Street,7,,X003241830,Not Toll,73,2,4,Four Way,14,2943862.17905018,1903708.67180345,41.86888217,-87.79019315,,Urban,1,N,(N/A),Y,(N/A)
2023,2023-11-10,Friday,8,08:27 AM,Injury,B Injury Crash,1,0,0,1,0,1,Angle,15,N,N,Failing to Yield Right of Way,Failing to Reduce Speed to Avoid Crash,Daylight,Clear,Dry,Y,,,,,Stop Sign,Functioning Properly,N,2,41.8744487,-87.7842735,ok,(UNK),1,2307105,2023,,2,28,50000 and OVER,9,4295,Oak Park,C,Urban Major Collector,,16,10,12433249,11,Cook,2,23,,,5,N,No,Free Flow,202301388467,City,1,1.89999998,N,,,,(UNK),140000,(N/A),(UNK),No Defects,1,1,Major Collector,5,2783,X003241836,Not Toll,73,2,4,Four Way,14,2945419.94713122,1905779.1358735,41.8744409,-87.78426768,,Urban,1,N,(N/A),Y,(N/A)
2023,2023-12-01,Friday,18,06:07 PM,Property Damage,No Injuries,0,0,0,0,0,2,Front to Rear,11,N,N,Failing to Reduce Speed to Avoid Crash,Equipment-Vehicle Condition,Daylight,Rain,Wet,N,,,,,No Controls,No Controls,N,3,41.8773528,-87.7843777,ok,(UNK),1,2307575,2023,,28,10,50000 and OVER,9,4295,Oak Park,C,Urban Major Collector,,16,1,12438186,12,Cook,0,23,,,5,N,No,Slow,202301392783,City,1,1.70000005,N,,,,(UNK),140054,(N/A),(UNK),No Defects,1,2,Major Collector,5,2783,X003246178,Not Toll,73,1,1,Not Divided,1,2945362.17149185,1906836.62229941,41.87734491,-87.7843719,,Urban,2,N,(N/A),Y,(N/A)
2023,2023-11-27,Monday,7,07:52 AM,Property Damage,No Injuries,0,0,0,0,0,3,Sideswipe Same Direction,12,N,N,Failing to Reduce Speed to Avoid Crash,(N/A),Daylight,Clear,Dry,N,,,,,No Controls,No Controls,N,2,41.8669458,-87.796221,ok,(UNK),1,2307464,2023,,28,99,50000 and OVER,9,4295,Oak Park,C,Urban Local Road or Street,,16,27,12428790,11,Cook,0,23,,,1,N,No,Slow,202301384065,City,1,0,N,,,,(UNK),140112,(N/A),(UNK),No Defects,1,1,Local Road or Street,7,,X003237894,Not Toll,73,1,1,Not Divided,1,2942241.43767376,1902954.7904875,41.86693797,-87.79621517,,Urban,1,N,(N/A),Y,(N/A)
2023,2023-12-02,Saturday,22,10:34 PM,Property Damage,No Injuries,0,0,0,0,0,4,Sideswipe Same Direction,12,N,N,Unable to Determine,(N/A),Darkness / Lighted Road,Rain,Wet,N,,,,,No Controls,No Controls,Y,3,41.8778742,-87.7941738,ok,(UNK),1,2307595,2023,,18,99,50000 and OVER,9,4295,Oak Park,C,Urban Major Collector,,16,2,12438204,12,Cook,0,23,,,6,N,Yes,Free Flow,202301392802,City,5,6.28999996,N,,,,(UNK),140137,(N/A),(UNK),No Defects,1,2,Major Collector,5,2775,X003246196,Not Toll,73,1,1,"Divided, No Median Barrier",2,2942688.95179948,1906952.70642191,41.87786636,-87.79416796,,Urban,2,N,(N/A),Y,(N/A)
2023,2023-11-29,Wednesday,4,04:15 AM,Property Damage,No Injuries,0,0,0,0,0,3,Sideswipe Same Direction,12,N,N,Improper Lane Usage,Driving Skills/Knowledge/Experience,Darkness,Clear,Dry,N,,,,,Traffic Signal,Functioning Properly,N,2,41.8736416,-87.8045253,ok,Partial Access Control,1,23-03664,2023,,20,15,50000 and OVER,9,4295,Oak Park,C,Urban InterState,,16,29,12431433,11,Cook,0,23,,,3,N,No,Free Flow,202301386953,City,4,0.20999999,Y,,,,(UNK),140585,(N/A),(UNK),No Defects,1,1,InterState,1,290,X003240322,Not Toll,73,3,4,"Divided, No Median Barrier",2,2939912.19915803,1905332.45156589,41.87363371,-87.8045195,,Urban,1,N,(N/A),Y,(N/A)
2023,2023-07-20,Thursday,10,10:32 AM,Injury,C Injury Crash,1,0,0,0,1,2,Front to Rear,11,N,N,Failing to Reduce Speed to Avoid Crash,Unable to Determine,Daylight,Clear,Dry,Y,,,,,Traffic Signal,Functioning Properly,N,3,41.8814973,-87.7999233,ok,(UNK),1,2304456,2023,,28,18,50000 and OVER,9,4295,Oak Park,C,Urban Major Collector,,16,20,12263131,7,Cook,1,23,,,4,N,Yes,Slow,202301226389,City,1,0.25,N,,,,(UNK),140655,(N/A),(UNK),No Defects,1,1,Major Collector,5,5,X003090637,Not Toll,73,3,4,"Divided, No Median Barrier",2,2941086.64545017,1908229.77548143,41.88148946,-87.7999175,,Urban,1,N,(N/A),Y,(N/A)
2023,2023-07-20,Thursday,11,11:50 AM,Injury,B Injury Crash,1,0,0,1,0,3,Front to Rear,11,N,N,Following Too Closely,Failing to Reduce Speed to Avoid Crash,Daylight,Clear,Dry,N,,,,,Traffic Signal,Functioning Properly,N,2,41.8998514,-87.80545,ok,(UNK),1,2304466,2023,,3,28,50000 and OVER,9,4295,Oak Park,C,Urban Other Principal Arte,,16,20,12263181,7,Cook,2,23,,,4,N,No,Slow,202301226433,City,1,18.27000046,Y,,,,(UNK),140659,(N/A),(UNK),No Defects,1,1,Other Principal Arterial,3,348,X003090683,Not Toll,73,3,4,Not Divided,1,2939397.39904581,1914876.85436423,41.89984352,-87.80544416,,Urban,1,N,(N/A),Y,(N/A)
2023,2023-07-22,Saturday,10,10:31 AM,Property Damage,No Injuries,0,0,0,0,0,7,Angle,15,N,N,Disregarding Traffic Signals,Failing to Reduce Speed to Avoid Crash,Daylight,Clear,Dry,Y,,,,,Traffic Signal,Functioning Properly,N,3,41.8719979,-87.7939862,ok,(UNK),1,2304504,2023,,25,28,50000 and OVER,9,4295,Oak Park,C,Urban Major Collector,,16,22,12267633,7,Cook,0,23,,,6,N,Yes,Free Flow,202301230583,City,1,0,N,,,,(UNK),140746,(N/A),(UNK),No Defects,1,1,Major Collector,5,290,X003094692,Not Toll,73,3,4,"Divided, No Median Barrier",2,2942799.24966439,1904812.68477055,41.87199005,-87.79398044,,Urban,1,N,(N/A),Y,(N/A)
2023,2023-07-24,Monday,13,01:17 PM,Property Damage,No Injuries,0,0,0,0,0,2,Angle,15,N,N,Failing to Yield Right of Way,(N/A),Daylight,Clear,Dry,N,,,,,No Controls,No Controls,N,2,41.8727136,-87.7801765,ok,(UNK),1,2304546,2023,,2,99,50000 and OVER,9,4295,Oak Park,C,Urban Local Road or Street,,16,24,12267667,7,Cook,0,23,,,1,N,No,Free Flow,202301230614,City,1,0,N,,,,(UNK),140749,(N/A),(UNK),No Defects,1,1,Local Road or Street,7,,X003094720,Not Toll,73,1,1,Other,8,2946553.41140931,1905177.8350252,41.87270576,-87.78017067,,Urban,1,N,(N/A),Y,(N/A)
2023,2023-07-16,Sunday,19,07:07 PM,Property Damage,No Injuries,0,0,0,0,0,1,Parked Motor Vehicle,9,N,N,Improper Overtaking/Passing,Driving Skills/Knowledge/Experience,Daylight,Clear,Dry,N,,,,,No Controls,No Controls,N,2,41.879854,-87.7861944,ok,(UNK),1,2304350,2023,,4,15,50000 and OVER,9,4295,Oak Park,C,Urban Minor Arterial,,16,16,12257712,7,Cook,0,23,,,7,N,No,Free Flow,202301221785,City,1,4.01999998,N,,,,(UNK),140822,(N/A),(UNK),No Defects,1,1,Minor Arterial,4,1419,X003086064,Not Toll,73,1,1,Divided With Median Barrier,3,2944842.10178154,1907734.40306298,41.8798462,-87.78618858,,Urban,1,N,(N/A),Y,(N/A)
2023,2023-07-16,Sunday,3,03:08 AM,Injury,C Injury Crash,1,0,0,0,1,3,Angle,15,N,N,Disregarding Traffic Signals,(N/A),Darkness / Lighted Road,Clear,Dry,Y,,,,,Traffic Signal,Functioning Properly,N,2,41.8813878,-87.8047865,ok,(UNK),1,2304340,2023,,25,99,50000 and OVER,9,4295,Oak Park,C,Urban Other Principal Arte,,16,16,12257707,7,Cook,1,23,,,7,N,No,(UNK),202301221781,City,5,19.55999947,Y,,,,(UNK),140852,(N/A),(UNK),No Defects,1,1,Other Principal Arterial,3,348,X003086060,Not Toll,73,3,4,Not Divided,1,2939763.34740305,1908153.37476698,41.88137999,-87.80478065,,Urban,1,N,(N/A),Y,(N/A)
2023,2023-07-15,Saturday,15,03:35 PM,Property Damage,No Injuries,0,0,0,0,0,2,Fixed Object,6,N,N,Failing to Reduce Speed to Avoid Crash,Improper Backing,Daylight,Clear,Dry,N,,,,,No Controls,No Controls,Y,1,41.8669773,-87.7925865,ok,(UNK),1,2304335,2023,,28,30,50000 and OVER,9,4295,Oak Park,C,Urban Local Road or Street,,16,15,12257648,7,Cook,0,23,FENCE,,6,N,No,Free Flow,202301221723,City,1,0,N,,,,(UNK),140951,(N/A),(UNK),No Defects,1,1,Local Road or Street,7,,X003086002,Not Toll,73,1,1,"Divided, No Median Barrier",2,2943231.12724211,1902993.64785522,41.86696948,-87.79258071,,Urban,1,N,(N/A),Y,(N/A)
2023,2023-07-24,Monday,11,11:45 AM,Property Damage,No Injuries,0,0,0,0,0,1,Parked Motor Vehicle,9,N,N,Improper Overtaking/Passing,Driving Skills/Knowledge/Experience,Daylight,Clear,Dry,N,,,,,No Controls,No Controls,Y,2,41.8780065,-87.7843848,ok,(UNK),1,2304542,2023,,4,15,50000 and OVER,9,4295,Oak Park,C,Urban Major Collector,,16,24,12267662,7,Cook,0,23,,,1,N,No,Free Flow,202301230611,City,1,1.64999998,N,,,,(UNK),141166,(N/A),(UNK),No Defects,1,1,Major Collector,5,2783,X003094718,Not Toll,73,1,1,"Divided, No Median Barrier",2,2945353.62047318,1907074.79365861,41.87799862,-87.78437901,,Urban,1,N,(N/A),Y,(N/A)
2023,2023-07-15,Saturday,12,12:26 PM,Injury,A Injury Crash,1,0,1,0,0,3,Angle,15,N,N,Failing to Yield Right of Way,(N/A),Daylight,Clear,Dry,Y,,,,,Stop Sign,Functioning Properly,N,2,41.8903612,-87.7847752,ok,(UNK),1,2304332,2023,,2,99,50000 and OVER,9,4295,Oak Park,C,Urban Major Collector,,16,15,12257638,7,Cook,3,23,FENCE,,6,N,Yes,Free Flow,202301221713,City,1,0.79000002,N,,,,(UNK),141689,(N/A),(UNK),No Defects,1,1,Major Collector,5,2783,X003085992,Not Toll,73,2,4,"Divided, No Median Barrier",2,2945122.26062804,1911574.12323766,41.89035332,-87.78476942,,Urban,1,N,(N/A),Y,(N/A)
2023,2023-07-19,Wednesday,10,10:00 AM,Property Damage,No Injuries,0,0,0,0,0,2,Front to Rear,11,N,N,Following Too Closely,Failing to Reduce Speed to Avoid Crash,Daylight,Clear,Dry,N,,,,,Other,Functioning Properly,N,2,41.8734933,-87.8043699,ok,Partial Access Control,3,03-23-13071,2023,,3,28,50000 and OVER,9,4295,Oak Park,C,Urban InterState,,16,19,12267417,7,Cook,0,23,,,3,N,No,(UNK),202301230385,ISP,1,7.71000004,Y,,,,(UNK),141737,(N/A),(UNK),No Defects,1,1,InterState,1,290,X003094497,Not Toll,73,13,4,Divided With Median Barrier,3,2939956.0064717,1905279.60803141,41.87348551,-87.80436412,,Urban,1,N,(N/A),Y,(N/A)
2023,2023-07-21,Friday,14,02:32 PM,Property Damage,No Injuries,0,0,0,0,0,2,Sideswipe Same Direction,12,N,N,Improper Lane Usage,(N/A),Daylight,Clear,Dry,Y,,,,,Traffic Signal,Functioning Properly,Y,2,41.8885678,-87.8050258,ok,(UNK),1,2304492,2023,,20,99,50000 and OVER,9,4295,Oak Park,C,Urban Other Principal Arte,,16,21,12267583,7,Cook,0,23,,,5,N,No,Free Flow,202301230632,City,1,19.05999947,Y,,,,(UNK),141803,(N/A),(UNK),No Defects,1,1,Other Principal Arterial,3,348,X003094643,Not Toll,73,3,4,"Divided, No Median Barrier",2,2939626.11874017,1910768.10734459,41.88856,-87.80502,,Urban,1,N,(N/A),Y,(N/A)
2023,2023-09-20,Wednesday,20,08:56 PM,Injury,C Injury Crash,1,0,0,0,1,2,Front to Rear,11,N,N,Unable to Determine,(N/A),Darkness / Lighted Road,Clear,Dry,N,,,,,No Controls,No Controls,Y,2,41.8740339,-87.8045352,ok,(UNK),1,2305934,2023,,18,99,50000 and OVER,9,4295,Oak Park,C,Urban Other Principal Arte,,16,20,12374048,9,Cook,1,23,,,3,N,No,Slow,202301331633,City,5,20.05999947,Y,,,,(UNK),142201,(N/A),(UNK),No Defects,1,1,Other Principal Arterial,3,348,X003188800,Not Toll,73,1,1,Not Divided,1,2939905.57261251,1905475.35936555,41.87402607,-87.80452938,,Urban,1,N,(N/A),Y,(N/A)
2023,2023-10-07,Saturday,16,04:37 PM,Property Damage,No Injuries,0,0,0,0,0,3,Front to Rear,11,N,N,Following Too Closely,Failing to Reduce Speed to Avoid Crash,Daylight,Clear,Dry,N,,,,,No Controls,No Controls,N,3,41.8721814,-87.7903189,ok,Partial Access Control,3,03-23-18863,2023,,3,28,50000 and OVER,9,4295,Oak Park,C,Urban InterState,,16,7,12368155,10,Cook,0,23,,,6,N,No,(UNK),202301325836,ISP,1,8.38000011,Y,,,,(UNK),142296,(N/A),(UNK),No Defects,1,1,InterState,1,290,X003183655,Not Toll,,1,1,Divided With Median Barrier,3,2943796.27867607,1904907.21828615,41.87218144,-87.79031892,,Urban,1,N,(N/A),Y,(N/A)
2023,2023-02-15,Wednesday,18,06:15 PM,Property Damage,No Injuries,0,0,0,0,0,1,Fixed Object,6,N,N,Failing to Reduce Speed to Avoid Crash,Unable to Determine,Darkness / Lighted Road,Clear,Dry,Y,,,,,Stop Sign,Functioning Properly,Y,1,41.9019688,-87.7778142,ok,(UNK),1,2300935,2023,,28,18,50000 and OVER,9,4295,Oak Park,C,Urban Major Collector,,16,15,12079223,2,Cook,0,23,FIRE HYDRANT,,3,N,No,Slow,202301052976,City,5,2.43000007,N,,,,(UNK),142609,(N/A),(UNK),No Defects,1,1,Major Collector,5,1394,X002927565,Not Toll,73,2,4,One-Way,10,2946899.85942454,1915856.88474132,41.90196092,-87.77780845,,Urban,1,N,(N/A),Y,(N/A)
2023,2023-02-15,Wednesday,18,06:00 PM,Property Damage,No Injuries,0,0,0,0,0,2,Sideswipe Same Direction,12,N,N,Improper Overtaking/Passing,Driving Skills/Knowledge/Experience,Darkness / Lighted Road,Clear,Dry,N,,,,,Traffic Signal,Functioning Properly,N,2,41.8828853,-87.8048422,ok,(UNK),1,2300933,2023,,4,15,50000 and OVER,9,4295,Oak Park,C,Urban Other Principal Arte,,16,15,12079218,2,Cook,0,23,,,3,N,No,Free Flow,202301052971,City,5,19.45999908,Y,,,,(UNK),142629,(N/A),(UNK),No Defects,1,1,Other Principal Arterial,3,348,X002927560,Not Toll,73,3,4,"Divided, No Median Barrier",2,2939733.14970545,1908698.67189022,41.88287748,-87.80483636,,Urban,1,N,(N/A),Y,(N/A)
2023,2023-12-01,Friday,18,06:29 PM,Injury,C Injury Crash,1,0,0,0,1,4,Turning,10,N,N,Disregarding Traffic Signals,Failing to Reduce Speed to Avoid Crash,Darkness / Lighted Road,Rain,Wet,Y,,,,,Traffic Signal,Functioning Properly,N,2,41.8763978,-87.7745058,ok,(UNK),1,2307576,2023,,25,28,50000 and OVER,9,4295,Oak Park,C,Urban Minor Arterial,,16,1,12438202,12,Cook,1,23,,,5,N,No,Free Flow,202301392799,City,5,0,N,,,,(UNK),142722,(N/A),(UNK),No Defects,1,2,Minor Arterial,4,1422,X003246194,Not Toll,,3,4,"Divided, No Median Barrier",2,2948060.49872131,1906563.43671449,41.87638994,-87.7745,,Urban,2,N,(N/A),Y,(N/A)
2023,2023-12-03,Sunday,9,09:58 AM,Property Damage,No Injuries,0,0,0,0,0,2,Angle,15,N,N,Disregarding Stop Sign,Driving Skills/Knowledge/Experience,Daylight,Clear,Wet,N,,,,,Stop Sign,Functioning Properly,Y,2,41.8761884,-87.7892159,ok,(UNK),1,2307603,2023,,23,15,50000 and OVER,9,4295,Oak Park,C,Urban Minor Collector,,16,3,12438195,12,Cook,0,23,,,7,N,No,Free Flow,202301392792,City,1,0.87,N,,,,(UNK),142826,(N/A),(UNK),No Defects,1,2,Minor Collector,6,2779,X003246187,Not Toll,73,2,4,T-Intersection,15,2944056.24077219,1906375.75663436,41.87618057,-87.78921011,,Urban,1,N,(N/A),Y,(N/A)
2023,2023-07-05,Wednesday,8,08:25 AM,Property Damage,No Injuries,0,0,0,0,0,2,Front to Rear,11,N,N,Failing to Reduce Speed to Avoid Crash,Following Too Closely,Daylight,Clear,Dry,N,,,,,Other Regualtory Sig,Functioning Properly,N,2,41.873779,-87.8045294,ok,Partial Access Control,3,03-23-12104,2023,,28,3,50000 and OVER,9,4295,Oak Park,C,Urban Other Principal Arte,,16,5,12257808,7,Cook,0,23,,,3,N,No,(UNK),202301221873,ISP,1,20.07999992,Y,,,,(UNK),143280,(N/A),(UNK),No Defects,1,1,Other Principal Arterial,3,348,X003086154,Not Toll,73,10,4,Divided With Median Barrier,3,2939909.70218522,1905382.5095374,41.87377116,-87.80452361,,Urban,1,N,(N/A),Y,(N/A)
2023,2023-07-17,Monday,8,08:57 AM,Injury,B Injury Crash,1,0,0,1,0,2,Pedalcyclist,2,N,Y,Failing to Yield Right of Way,Failing to Reduce Speed to Avoid Crash,Daylight,Clear,Dry,Y,,,,,Stop Sign,Functioning Properly,N,1,41.8651407,-87.7963323,ok,(UNK),1,2304358,2023,,2,28,50000 and OVER,9,4295,Oak Park,C,Urban Other Principal Arte,,16,17,12261132,7,Cook,2,23,,,1,N,No,Slow,202301225028,City,1,6.4000001,Y,,,,(UNK),143337,(N/A),(UNK),No Defects,1,1,Other Principal Arterial,3,347,X003089276,Not Toll,52,2,4,Not Divided,1,2942229.27395037,1902296.12452723,41.86513282,-87.79632654,,Urban,1,N,(N/A),Y,(N/A)
2023,2023-02-21,Tuesday,13,01:09 PM,Property Damage,No Injuries,0,0,0,0,0,2,Front to Rear,11,N,N,Following Too Closely,(N/A),Daylight,Clear,Dry,Y,,,,,No Controls,No Controls,N,2,41.9088915,-87.8026734,ok,(UNK),1,2301044,2023,,3,99,50000 and OVER,9,4295,Oak Park,C,Urban Other Principal Arte,,16,21,12086074,2,Cook,0,23,,,2,N,No,Free Flow,202301059068,City,1,6.07999992,Y,,,,(UNK),143899,(N/A),(UNK),No Defects,1,1,Other Principal Arterial,3,307,X002933624,Not Toll,73,1,1,Four Way,14,2940062.49480012,1918192.07538702,41.90888363,-87.8026676,,Urban,1,N,(N/A),Y,(N/A)
2023,2023-02-22,Wednesday,17,05:39 PM,Injury,A Injury Crash,1,0,1,0,0,1,Pedestrian,1,Y,N,Failing to Yield Right of Way,Improper Turning/No Signal,Daylight,Rain,Wet,Y,,,,,Stop Sign,Functioning Properly,Y,1,41.8672458,-87.7778553,ok,(UNK),1,2301072,2023,,2,6,50000 and OVER,9,4295,Oak Park,C,Urban Local Road or Street,,16,22,12087836,2,Cook,3,23,,,3,N,No,Free Flow,202301060652,City,1,0,N,,,,(UNK),143970,(N/A),(UNK),No Defects,1,2,Local Road or Street,7,,X002935031,Not Toll,73,2,4,Not Divided,1,2947241.12210878,1903202.86702577,41.86723797,-87.77784946,,Urban,2,N,(N/A),Y,(N/A)