crash_year,crash_date,day_of_week,crash_hour,time_of_crash,crash_severity,crash_injury_severity,total_injured,total_fatals,a_injuries,b_injuries,c_injuries,no_injuries,type_of_first_crash,collision_type_code,pedestrian_involved,pedalcyclist_involved,cause1,cause2,lighting_cond,weather_cond,road_surface_cond,intersection_related,is_intersection,highway_or_street_name,at_intersection_with,address_no,traffic_control_device,traffic_control_device_cond,hit_and_run,number_of_vehicles,latitude,longitude,location_status,access_control,agency_code,agency_report_number,agency_report_year,alignment_code,cause1_code,cause2_code,city_class,city_class_code,city_code,city_name,city_township_flag,class_of_trafficway,class_of_trafficway_code,county_code,crash_day,crash_id,crash_month,crash_report_county,crash_severity_cd,crash_yr_source,damaged_property1,damaged_property2,day_of_week_code,did_crash_occur_in_work_zone,did_involve_secondary_crash,flow_condition,icn,investigating_agency_descrip,light_condition_code,mile_station,nhs,non_intersection_direction,non_intersection_distance,non_intersection_units,number_of_lanes,objectid,railroad_crossing_number,road_alignment,road_defects,road_defects_code,road_surface_condition_code,roadway_functional_class,roadway_functional_class_code,route_number,sfe,toll,township,traffic_control_device_code,traffic_control_device_cond_code,trafficway_descrip,trafficway_description_code,ts_crash_coordinate_x,ts_crash_coordinate_y,ts_crash_latitude,ts_crash_longitude,type_report,urban_rural,weather_code,were_workers_present,work_zone,work_zone_related,work_zone_type
2023,2023-02-22,Wednesday,5,05:30 AM,Property Damage,No Injuries,0,0,0,0,0,1,Parked Motor Vehicle,9,N,N,Physical Condition of Driver,Driving Skills/Knowledge/Experience,Darkness / Lighted Road,Clear,Dry,N,,,,,No Controls,No Controls,N,3,41.9081829,-87.7755686,ok,(UNK),1,2301055,2023,,17,15,50000 and OVER,9,4295,Oak Park,C,Urban Minor Arterial,,16,22,12087717,2,Cook,0,23,,,3,N,Yes,Free Flow,202301060526,City,5,5.63000011,N,,,,(UNK),144000,(N/A),(UNK),No Defects,1,1,Minor Arterial,4,2790,X002934919,Not Toll,,1,1,"Divided, No Median Barrier",2,2947448.06996894,1918138.49601562,41.9081751,-87.77556281,,Urban,1,N,(N/A),Y,(N/A)
2023,2023-12-30,Saturday,11,11:36 AM,Property Damage,No Injuries,0,0,0,0,0,1,Fixed Object,6,N,N,Failing to Reduce Speed to Avoid Crash,Disregarding Traffic Signals,Daylight,Clear,Dry,Y,,,,,Traffic Signal,Functioning Properly,N,1,41.8726278,-87.7842297,ok,(UNK),1,2308191,2023,,28,25,50000 and OVER,9,4295,Oak Park,C,Urban Major Collector,,16,30,12472566,12,Cook,0,23,TRAFFIC SIGNAL,,6,N,No,Free Flow,202301425577,City,1,0.2,N,,,,(UNK),144101,(N/A),(UNK),No Defects,1,1,Major Collector,5,290,X003276898,Not Toll,73,3,4,Not Divided,1,2945450.28946077,1905115.8851916,41.87261997,-87.78422394,,Urban,1,N,(N/A),Y,(N/A)
2023,2023-12-28,Thursday,22,10:30 PM,Property Damage,No Injuries,0,0,0,0,0,1,Fixed Object,6,N,N,Unable to Determine,Unable to Determine,Darkness / Lighted Road,Rain,Wet,N,,,,,Traffic Signal,Functioning Properly,Y,1,41.8819185,-87.7796141,ok,(UNK),1,2308175,2023,,18,18,50000 and OVER,9,4295,Oak Park,C,Urban Major Collector,,16,28,12468017,12,Cook,0,23,CROSSWALK LIGHT POLE,,4,N,No,Free Flow,202301421785,City,5,1.29999995,N,,,,(UNK),144141,(N/A),(UNK),No Defects,1,2,Major Collector,5,5,X003272803,Not Toll,73,3,4,Not Divided,1,2946613.24749751,1908536.5437495,41.88191069,-87.77960827,,Urban,2,N,(N/A),Y,(N/A)
2023,2023-10-18,Wednesday,12,12:23 PM,Property Damage,No Injuries,0,0,0,0,0,4,Front to Rear,11,N,N,Following Too Closely,Failing to Reduce Speed to Avoid Crash,Daylight,Clear,Dry,Y,,,,,Traffic Signal,Functioning Properly,N,3,41.8759848,-87.8045981,ok,(UNK),1,23-03231,2023,,3,28,50000 and OVER,9,4295,Oak Park,C,Urban Other Principal Arte,,16,18,12375883,10,Cook,0,23,,,3,N,No,Stopped,202301333734,City,1,19.93000031,Y,,,,(UNK),144508,(N/A),(UNK),No Defects,1,1,Other Principal Arterial,3,348,X003190510,Not Toll,73,3,4,"Divided, No Median Barrier",2,2939868.85179451,1906185.82430549,41.87597695,-87.80459233,,Urban,1,N,(N/A),Y,(N/A)
2023,2023-01-10,Tuesday,21,09:30 PM,Injury,B Injury Crash,1,0,0,1,0,1,Parked Motor Vehicle,9,N,N,Improper Lane Usage,Failing to Reduce Speed to Avoid Crash,Darkness / Lighted Road,Clear,Dry,N,,,,,Other,Functioning Properly,N,2,41.8723681,-87.7890872,ok,Partial Access Control,3,03-23-00559,2023,,20,28,50000 and OVER,9,4295,Oak Park,C,Urban InterState,,16,10,12052524,1,Cook,2,23,,,2,N,No,(UNK),202301029472,ISP,5,1.13999999,Y,,,,(UNK),144638,(N/A),(UNK),No Defects,1,1,InterState,1,2779,X002904508,Not Toll,73,13,4,Divided With Median Barrier,3,2944129.88601703,1904984.52455603,41.87236022,-87.78908138,,Urban,1,N,(N/A),Y,(N/A)
2023,2023-02-22,Wednesday,7,07:45 AM,Property Damage,No Injuries,0,0,0,0,0,2,Front to Rear,11,N,N,Following Too Closely,Operating Vehicle In Reckless Manner,Daylight,Clear,Wet,Y,,,,,Traffic Signal,Functioning Properly,N,2,41.8736416,-87.8045258,ok,Partial Access Control,1,2301063,2023,,3,50,50000 and OVER,9,4295,Oak Park,C,Urban InterState,,16,22,12087755,2,Cook,0,23,,,3,N,No,Free Flow,202301060571,City,1,0.20999999,Y,,,,(UNK),144803,(N/A),(UNK),No Defects,1,2,InterState,1,290,X002934953,Not Toll,73,3,4,Divided With Median Barrier,3,2939912.062394,1905332.46992192,41.87363377,-87.80452,,Urban,1,N,(N/A),Y,(N/A)
2023,2023-01-26,Thursday,15,03:51 PM,Property Damage,No Injuries,0,0,0,0,0,2,Turning,10,N,N,Failing to Yield Right of Way,Disregarding Stop Sign,Daylight,Snow,Wet,Y,,,,,Stop Sign,Functioning Properly,Y,2,41.8669856,-87.793826,ok,(UNK),1,2300513,2023,,2,23,50000 and OVER,9,4295,Oak Park,C,Urban Major Collector,,16,26,12055175,1,Cook,0,23,,,4,N,No,Free Flow,202301031529,City,1,7.03999996,N,,,,(UNK),144879,(N/A),(UNK),No Defects,1,2,Major Collector,5,2775,X002906479,Not Toll,73,2,4,Four Way,14,2942893.40852574,1902987.3198978,41.86697775,-87.79382022,,Urban,3,N,(N/A),Y,(N/A)
2023,2023-01-07,Saturday,2,02:50 AM,Injury,B Injury Crash,1,0,0,1,0,4,Front to Rear,11,N,N,Following Too Closely,Improper Lane Usage,Darkness / Lighted Road,Clear,Dry,N,,,,,Other,Functioning Properly,N,3,41.8709433,-87.7742959,ok,Partial Access Control,3,03-23-00335,2023,,3,20,50000 and OVER,9,4295,Oak Park,C,Urban InterState,,16,7,12039999,1,Cook,2,23,,,6,N,No,(UNK),202301019008,ISP,5,9.21000004,Y,,,,(UNK),144980,(N/A),(UNK),No Defects,1,1,InterState,1,290,X002893768,Not Toll,,13,4,Divided With Median Barrier,3,2948173.10525044,1904577.32838347,41.8709355,-87.77429007,,Urban,1,N,(N/A),Y,(N/A)
2023,2023-07-18,Tuesday,8,08:13 AM,Injury,B Injury Crash,1,0,0,1,0,2,Angle,15,N,N,Failing to Yield Right of Way,(N/A),Daylight,Clear,Dry,N,,,,,No Controls,No Controls,N,3,41.8797119,-87.7844317,ok,(UNK),1,2304393,2023,,2,99,50000 and OVER,9,4295,Oak Park,C,Urban Major Collector,,16,18,12261140,7,Cook,2,23,,,2,N,Yes,Stopped,202301225035,City,1,1.52999997,N,,,,(UNK),145881,(N/A),(UNK),No Defects,1,1,Major Collector,5,2783,X003089283,Not Toll,73,1,1,"Divided, No Median Barrier",2,2945323.57890702,1907695.92676982,41.87970405,-87.78442594,,Urban,1,N,(N/A),Y,(N/A)
2023,2023-07-18,Tuesday,14,02:30 PM,Property Damage,No Injuries,0,0,0,0,0,2,Sideswipe Same Direction,12,N,N,Improper Overtaking/Passing,Failing to Reduce Speed to Avoid Crash,Daylight,Clear,Dry,N,,,,,No Controls,No Controls,N,2,41.870603,-87.7768758,ok,(UNK),1,2304407,2023,,4,28,50000 and OVER,9,4295,Oak Park,C,Urban Local Road or Street,,16,18,12261176,7,Cook,0,23,,,2,N,Yes,(UNK),202301225070,City,1,0.13,N,,,,(UNK),145884,(N/A),(UNK),No Defects,1,1,Local Road or Street,7,290,X003089317,Not Toll,73,1,1,Not Divided,1,2947473.83979022,1904433.70364649,41.87059512,-87.77687002,,Urban,1,N,(N/A),Y,(N/A)
2023,2023-07-19,Wednesday,11,11:08 AM,Property Damage,No Injuries,0,0,0,0,0,4,Front to Rear,11,N,N,Failing to Reduce Speed to Avoid Crash,(N/A),Daylight,Clear,Dry,N,,,,,Traffic Signal,Functioning Properly,N,2,41.8885247,-87.805024,ok,(UNK),1,2304430,2023,,28,99,50000 and OVER,9,4295,Oak Park,C,Urban Other Principal Arte,,16,19,12261208,7,Cook,0,23,,,3,N,No,Stopped,202301225102,City,1,19.05999947,Y,,,,(UNK),145885,(N/A),(UNK),No Defects,1,1,Other Principal Arterial,3,348,X003089347,Not Toll,73,3,4,Not Divided,1,2939627.04751366,1910752.40803419,41.88851688,-87.80501818,,Urban,1,N,(N/A),Y,(N/A)
2023,2023-12-20,Wednesday,8,08:22 AM,Property Damage,No Injuries,0,0,0,0,0,2,Turning,10,N,N,Failing to Yield Right of Way,Failing to Reduce Speed to Avoid Crash,Daylight,Clear,Dry,N,,,,,No Controls,No Controls,N,2,41.887072,-87.7795725,ok,(UNK),1,2307984,2023,,2,28,50000 and OVER,9,4295,Oak Park,C,Urban Local Road or Street,,16,20,12468186,12,Cook,0,23,,,3,N,No,Slow,202301421948,City,1,0,N,,,,(UNK),145985,(N/A),(UNK),No Defects,1,1,Local Road or Street,7,,X003272964,Not Toll,73,1,1,Alley,12,2946572.29532894,1910414.88590866,41.88706417,-87.77956672,,Urban,1,N,(N/A),Y,(N/A)
2023,2023-07-18,Tuesday,17,05:11 PM,Property Damage,No Injuries,0,0,0,0,0,2,Angle,15,N,N,Failing to Yield Right of Way,Failing to Reduce Speed to Avoid Crash,Daylight,Clear,Dry,Y,,,,,Stop Sign,Functioning Properly,Y,2,41.8982444,-87.7833786,ok,(UNK),1,2304409,2023,,2,28,50000 and OVER,9,4295,Oak Park,C,Urban Local Road or Street,,16,18,12261185,7,Cook,0,23,,,2,N,No,Free Flow,202301225079,City,1,0,N,,,,(UNK),146695,(N/A),(UNK),No Defects,1,1,Local Road or Street,7,,X003089326,Not Toll,73,2,4,Not Divided,1,2945422.70280592,1914457.49628693,41.89823656,-87.78337283,,Urban,1,N,(N/A),Y,(N/A)
2023,2023-11-30,Thursday,20,08:51 PM,Property Damage,No Injuries,0,0,0,0,0,2,Angle,15,N,N,Failing to Yield Right of Way,Failing to Reduce Speed to Avoid Crash,Darkness,Rain,Wet,Y,,,,,Stop Sign,Functioning Properly,N,2,41.8781628,-87.7794934,ok,(UNK),1,2307556,2023,,2,28,50000 and OVER,9,4295,Oak Park,C,Urban Minor Collector,,16,30,12433415,11,Cook,0,23,,,4,N,No,(UNK),202301388593,City,4,0.68000001,N,,,,(UNK),147003,(N/A),(UNK),No Defects,1,2,Minor Collector,6,3794,X003241957,Not Toll,73,2,4,Not Divided,1,2946684.20206266,1907168.80057846,41.87815496,-87.7794876,,Urban,2,N,(N/A),Y,(N/A)
2023,2023-12-05,Tuesday,11,11:02 AM,Property Damage,No Injuries,0,0,0,0,0,2,Sideswipe Same Direction,12,N,N,Improper Lane Usage,Failing to Reduce Speed to Avoid Crash,Daylight,Cloudy/Overcast,Wet,N,,,,,No Controls,No Controls,N,3,41.9000434,-87.7838068,ok,(UNK),1,2307655,2023,,20,28,50000 and OVER,9,4295,Oak Park,C,Urban Local Road or Street,,16,5,12439770,12,Cook,0,23,,,2,N,Yes,Slow,202301394269,City,1,0,N,,,,(UNK),147104,(N/A),(UNK),No Defects,1,2,Local Road or Street,7,,X003247631,Not Toll,73,1,1,Not Divided,1,2945287.90326806,1915109.82563529,41.9000355,-87.78380103,,Urban,8,N,(N/A),Y,(N/A)
2023,2023-10-02,Monday,11,11:46 AM,Injury,B Injury Crash,1,0,0,1,0,3,Sideswipe Same Direction,12,N,N,Driving On Wrong Side/Wrong Way,Failing to Yield Right of Way,Darkness / Lighted Road,Clear,Dry,N,,,,,Delineators,Functioning Properly,Y,3,41.870583,-87.7779445,ok,(UNK),3,03-23-18507,2023,,5,2,50000 and OVER,9,4295,Oak Park,C,Urban Local Road or Street,,16,2,12366504,10,Cook,2,23,,,1,N,Yes,(UNK),202301324165,ISP,5,0,N,,,,(UNK),147458,(N/A),(UNK),No Defects,1,1,Local Road or Street,7,,X003182312,Not Toll,,14,4,Divided With Median Barrier,3,2947182.94363347,1904418.32380384,41.870583,-87.77794453,,Urban,1,N,(N/A),Y,(N/A)
2023,2023-12-15,Friday,9,09:45 AM,Property Damage,No Injuries,0,0,0,0,0,3,Fixed Object,6,N,N,Unable to Determine,(N/A),Daylight,Clear,Dry,N,,,,,No Controls,No Controls,N,1,41.8866438,-87.8049503,ok,(UNK),1,23-03859,2023,,18,99,50000 and OVER,9,4295,Oak Park,C,Urban Other Principal Arte,,16,15,12481678,12,Cook,0,23,,,5,N,No,Free Flow,202301427761,City,1,19.19000053,Y,,,,(UNK),147739,(N/A),(UNK),No Defects,1,1,Other Principal Arterial,3,348,X003284539,Not Toll,73,1,1,Divided With Median Barrier,3,2939665.99881953,1910067.53354654,41.886636,-87.80494445,,Urban,1,N,(N/A),Y,(N/A)
2023,2023-12-05,Tuesday,7,07:23 AM,Property Damage,No Injuries,0,0,0,0,0,2,Turning,10,N,N,Failing to Yield Right of Way,Failing to Reduce Speed to Avoid Crash,Daylight,Snow,Wet,Y,,,,,Stop Sign,Functioning Properly,N,2,41.8704879,-87.774284,ok,(UNK),1,2307646,2023,,2,28,50000 and OVER,9,4295,Oak Park,C,Urban Minor Arterial,,16,5,12439767,12,Cook,0,23,,,2,N,No,Free Flow,202301394266,City,1,8.39999962,N,,,,(UNK),147830,(N/A),(UNK),No Defects,1,2,Minor Arterial,4,2790,X003247628,Not Toll,,2,4,Not Divided,1,2948180.95349761,1904411.45409838,41.87048007,-87.77427825,,Urban,3,N,(N/A),Y,(N/A)
2023,2023-11-27,Monday,7,07:47 AM,Property Damage,No Injuries,0,0,0,0,0,3,Sideswipe Same Direction,12,N,N,Improper Overtaking/Passing,Driving Skills/Knowledge/Experience,Daylight,Clear,Dry,N,,,,,No Controls,No Controls,N,2,41.8729564,-87.799018,ok,Partial Access Control,3,03-23-22443,2023,,4,15,50000 and OVER,9,4295,Oak Park,C,Urban InterState,,16,27,12431611,11,Cook,0,23,,,1,N,No,(UNK),202301387117,ISP,1,7.94999981,Y,,,,(UNK),147889,(N/A),(UNK),No Defects,1,1,InterState,1,290,X003240487,Not Toll,,1,1,Divided With Median Barrier,3,2941419.08408427,1905124.12334646,41.87295641,-87.79901803,,Urban,1,N,(N/A),Y,(N/A)
2023,2023-12-05,Tuesday,9,09:54 AM,Property Damage,No Injuries,0,0,0,0,0,2,Front to Rear,11,N,N,Following Too Closely,Failing to Reduce Speed to Avoid Crash,Daylight,Cloudy/Overcast,Wet,N,,,,,No Controls,No Controls,N,2,41.8797167,-87.7938078,ok,(UNK),1,2307652,2023,,3,28,50000 and OVER,9,4295,Oak Park,C,Urban Minor Arterial,,16,5,12439769,12,Cook,0,23,,,2,N,No,Free Flow,202301394268,City,1,3.61999989,N,,,,(UNK),148094,(N/A),(UNK),No Defects,1,2,Minor Arterial,4,1419,X003247630,Not Toll,73,1,1,Two-way Continuous Left-Tur,4,2942770.04183796,1907626.88833837,41.87970882,-87.79380202,,Urban,8,N,(N/A),Y,(N/A)
2023,2023-07-18,Tuesday,18,06:48 PM,Property Damage,No Injuries,0,0,0,0,0,2,Angle,15,N,N,Failing to Reduce Speed to Avoid Crash,Unable to Determine,Daylight,Clear,Dry,Y,,,,,Traffic Signal,Unknown,N,2,41.8980598,-87.7947958,ok,(UNK),1,2304414,2023,,28,18,50000 and OVER,9,4295,Oak Park,C,Urban Major Collector,,16,18,12261197,7,Cook,0,23,,,2,N,No,Free Flow,202301225090,City,1,4.86000013,N,,,,(UNK),148266,(N/A),(UNK),No Defects,1,1,Major Collector,5,2775,X003089337,Not Toll,73,3,9,Not Divided,1,2942316.10435203,1914304.01948155,41.89805192,-87.79479,,Urban,1,N,(N/A),Y,(N/A)
2023,2023-12-31,Sunday,14,02:00 PM,Property Damage,No Injuries,0,0,0,0,0,6,Turning,10,N,N,Improper Overtaking/Passing,(N/A),Daylight,Clear,Dry,Y,,,,,Traffic Signal,Functioning Properly,N,2,41.9087836,-87.8057828,ok,(UNK),1,JH102061,2023,,4,99,50000 and OVER,9,4295,Oak Park,C,Urban Other Principal Arte,,16,31,12472753,12,Cook,0,23,,,7,N,No,(UNK),202301425670,City,1,17.65999985,Y,,,,(UNK),149057,(N/A),(UNK),No Defects,1,1,Other Principal Arterial,3,348,X003277061,Not Toll,73,3,4,"Divided, No Median Barrier",2,2939217.15400692,1918129.42300251,41.90877572,-87.80577698,,Urban,1,N,(N/A),Y,(N/A)
2023,2023-12-01,Friday,8,08:31 AM,Injury,B Injury Crash,1,0,0,1,0,1,Front to Front,14,N,N,Improper Lane Usage,Unable to Determine,Daylight,Rain,Wet,N,,,,,Traffic Signal,Functioning Properly,N,2,41.9016117,-87.8055279,ok,(UNK),1,2301517,2023,,20,18,50000 and OVER,9,4295,Oak Park,C,Urban Other Principal Arte,,16,1,12436549,12,Cook,2,23,,,5,N,No,Free Flow,202301391687,City,1,18.15999985,Y,,,,(UNK),150706,(N/A),(UNK),No Defects,1,2,Other Principal Arterial,3,348,X003244919,Not Toll,73,3,4,Not Divided,1,2939358.51410933,1915517.78260149,41.90160389,-87.8055221,,Urban,2,N,(N/A),Y,(N/A)
2023,2023-12-02,Saturday,21,09:25 PM,Property Damage,No Injuries,0,0,0,0,0,3,Front to Rear,11,N,N,Failing to Reduce Speed to Avoid Crash,Improper Lane Usage,Darkness / Lighted Road,Rain,Wet,N,,,,,Other,Functioning Properly,Y,3,41.8709827,-87.7749287,ok,Partial Access Control,3,03-23-22830,2023,,28,20,50000 and OVER,9,4295,Oak Park,C,Urban InterState,,16,2,12438337,12,Cook,0,23,,,6,N,No,(UNK),202301392923,ISP,5,9.18000031,Y,,,,(UNK),150764,(N/A),(UNK),No Defects,1,2,InterState,1,290,X003246310,Not Toll,73,13,4,Divided With Median Barrier,3,2948000.33469653,1904586.87352028,41.87097488,-87.77492291,,Urban,2,N,(N/A),Y,(N/A)
2023,2023-12-30,Saturday,20,08:30 PM,Property Damage,No Injuries,0,0,0,0,0,2,Front to Rear,11,N,N,Failing to Reduce Speed to Avoid Crash,(N/A),Darkness / Lighted Road,Clear,Dry,N,,,,,Delineators,Functioning Properly,Y,2,41.8725205,-87.7942913,ok,Partial Access Control,3,03-23-24641,2023,,28,99,50000 and OVER,9,4295,Oak Park,C,Urban InterState,,16,30,12492471,12,Cook,0,23,,,6,N,No,(UNK),202301428406,ISP,5,8.18000031,Y,,,,(UNK),150960,(N/A),(UNK),No Defects,1,1,InterState,1,290,X003293927,Not Toll,73,14,4,Divided With Median Barrier,3,2942710.88466671,1905000.83180999,41.87251265,-87.79428553,,Urban,1,N,(N/A),Y,(N/A)
2023,2023-03-25,Saturday,0,00:51 AM,Property Damage,No Injuries,0,0,0,0,0,1,Parked Motor Vehicle,9,N,N,Unable to Determine,Unable to Determine,Darkness / Lighted Road,Rain,Wet,N,,,,,No Controls,No Controls,Y,2,41.8706346,-87.7841504,ok,(UNK),1,2301683,2023,,18,18,50000 and OVER,9,4295,Oak Park,C,Urban Major Collector,,16,25,12122537,3,Cook,0,23,,,6,N,No,Free Flow,202301094042,City,5,2.16000009,N,,,,(UNK),151168,(N/A),(UNK),No Defects,1,2,Major Collector,5,2783,X002966098,Not Toll,73,1,1,Not Divided,1,2945492.05628805,1904390.13869856,41.8706268,-87.78414465,,Urban,2,N,(N/A),Y,(N/A)
2023,2023-08-01,Tuesday,8,08:38 AM,Injury,B Injury Crash,1,0,0,1,0,1,Front to Rear,11,N,N,Failing to Reduce Speed to Avoid Crash,Following Too Closely,Daylight,Clear,Dry,N,,,,,Other,Functioning Properly,N,2,41.8716337,-87.7836929,ok,Partial Access Control,3,03-23-13997,2023,,28,3,50000 and OVER,9,4295,Oak Park,C,Urban InterState,,16,1,12276955,8,Cook,2,23,,,2,N,No,(UNK),202301239147,ISP,1,8.72999954,Y,,,,(UNK),151990,(N/A),(UNK),No Defects,1,1,InterState,1,290,X003103013,Not Toll,,13,4,Divided With Median Barrier,3,2945606.57502679,1904757.67029558,41.87162585,-87.78368709,,Urban,1,N,(N/A),Y,(N/A)
2023,2023-07-09,Sunday,5,05:08 AM,Property Damage,No Injuries,0,0,0,0,0,3,Front to Rear,11,N,N,Failing to Reduce Speed to Avoid Crash,(N/A),Daylight,Clear,Dry,N,,,,,Traffic Signal,Functioning Properly,N,2,41.8817181,-87.7845158,ok,(UNK),1,2304175,2023,,28,99,50000 and OVER,9,4295,Oak Park,C,Urban Major Collector,,16,9,12271955,7,Cook,0,23,,,7,N,No,Free Flow,202301234505,City,1,1.02999997,N,,,,(UNK),152913,(N/A),(UNK),No Defects,1,1,Major Collector,5,5,X003098419,Not Toll,73,3,4,"Divided, No Median Barrier",2,2945280.38075241,1908426.37736428,41.88171022,-87.78451001,,Urban,1,N,(N/A),Y,(N/A)
2023,2023-03-17,Friday,11,11:36 AM,Property Damage,No Injuries,0,0,0,0,0,2,Turning,10,N,N,Failing to Reduce Speed to Avoid Crash,Unable to Determine,Daylight,Clear,Dry,Y,,,,,Stop Sign,Functioning Properly,N,2,41.8997144,-87.8054454,ok,(UNK),1,2301520,2023,,28,18,50000 and OVER,9,4295,Oak Park,C,Urban Other Principal Arte,,16,17,12115096,3,Cook,0,23,,,5,N,No,Slow,202301087381,City,1,18.28000069,Y,,,,(UNK),153469,(N/A),(UNK),No Defects,1,1,Other Principal Arterial,3,348,X002959494,Not Toll,73,2,4,Not Divided,1,2939400.01912675,1914826.96963368,41.89970654,-87.80543958,,Urban,1,N,(N/A),Y,(N/A)
2023,2023-03-22,Wednesday,8,08:01 AM,Property Damage,No Injuries,0,0,0,0,0,2,Front to Rear,11,N,N,Following Too Closely,(N/A),Daylight,Clear,Dry,N,,,,,No Controls,No Controls,N,2,41.8710564,-87.7761133,ok,Partial Access Control,2,SH-23-00104791,2023,,3,99,50000 and OVER,9,4295,Oak Park,C,Urban InterState,,16,22,12118257,3,Cook,0,23,,,3,N,No,Slow,202301090319,County,1,9.11999989,Y,,,,(UNK),153636,(N/A),(UNK),Unknown,99,1,InterState,1,290,X002962338,Not Toll,73,1,1,Other,8,2947676.93762815,1904604.74039165,41.87104858,-87.77610747,,Urban,1,N,(N/A),N,(N/A)
2023,2023-10-22,Sunday,18,06:13 PM,Property Damage,No Injuries,0,0,0,0,0,2,Front to Rear,11,N,N,Following Too Closely,Failing to Reduce Speed to Avoid Crash,Darkness / Lighted Road,Clear,Dry,N,,,,,No Controls,Functioning Properly,N,2,41.8734241,-87.803659,ok,Partial Access Control,3,03-23-19935,2023,,3,28,50000 and OVER,9,4295,Oak Park,C,Urban InterState,,16,22,12380942,10,Cook,0,23,,,7,N,No,(UNK),202301338830,ISP,5,7.73999977,Y,,,,(UNK),153943,(N/A),(UNK),No Defects,1,1,InterState,1,290,X003194948,Not Toll,73,1,4,Divided With Median Barrier,3,2940150.3367561,1905259.70158405,41.87341625,-87.80365319,,Urban,1,N,(N/A),Y,(N/A)
2023,2023-10-22,Sunday,18,06:56 PM,Property Damage,No Injuries,0,0,0,0,0,2,Sideswipe Same Direction,12,N,N,Improper Overtaking/Passing,Improper Lane Usage,Darkness / Lighted Road,Clear,Dry,N,,,,,No Controls,Functioning Properly,N,2,41.8731787,-87.7987215,ok,Partial Access Control,3,03-23-19940,2023,,4,20,50000 and OVER,9,4295,Oak Park,C,Urban InterState,,16,22,12380943,10,Cook,0,23,,,7,N,No,(UNK),202301338831,ISP,5,0.01,Y,,,,(UNK),154022,(N/A),(UNK),No Defects,1,1,InterState,1,290,X003194949,Not Toll,,1,4,Divided With Median Barrier,3,2941497.62153532,1905207.35288938,41.87317869,-87.79872147,,Urban,1,N,(N/A),Y,(N/A)
2023,2023-07-28,Friday,22,10:18 PM,Property Damage,No Injuries,0,0,0,0,0,3,Sideswipe Same Direction,12,N,N,Improper Overtaking/Passing,Failing to Yield Right of Way,Darkness / Lighted Road,Rain,Wet,Y,,,,,No Controls,No Controls,N,2,41.870596,-87.776783,ok,(UNK),1,2304657,2023,,4,2,50000 and OVER,9,4295,Oak Park,C,Urban Local Road or Street,,16,28,12277033,7,Cook,0,23,,,5,N,No,Free Flow,202301239230,City,5,0.13,N,,,,(UNK),154673,(N/A),(UNK),No Defects,1,2,Local Road or Street,7,290,X003103091,Not Toll,73,1,1,Not Divided,1,2947499.18897942,1904431.87387172,41.87058817,-87.77677721,,Urban,2,N,(N/A),Y,(N/A)
2023,2023-02-14,Tuesday,6,06:30 AM,Property Damage,No Injuries,0,0,0,0,0,2,Front to Rear,11,N,N,Driving Skills/Knowledge/Experience,Physical Condition of Driver,Daylight,Clear,Dry,N,,,,,Traffic Signal,Functioning Properly,N,2,41.8832466,-87.8049295,ok,(UNK),1,23-00409,2023,,15,17,50000 and OVER,9,4295,Oak Park,C,Urban Other Principal Arte,,16,14,12079416,2,Cook,0,23,,,2,N,No,Stopped,202301053234,City,1,4.28000021,Y,,,,(UNK),154871,(N/A),(UNK),No Defects,1,1,Other Principal Arterial,3,1411,X002927743,Not Toll,73,3,4,Not Divided,1,2939705.72671177,1908829.66724848,41.88323875,-87.80492375,,Urban,1,N,(N/A),Y,(N/A)
2023,2023-02-07,Tuesday,9,09:04 AM,Property Damage,No Injuries,0,0,0,0,0,2,Turning,10,N,N,Improper Turning/No Signal,Unable to Determine,Daylight,Cloudy/Overcast,Dry,Y,,,,,Traffic Signal,Functioning Properly,N,2,41.87231,-87.8044675,ok,(UNK),1,23-00346,2023,,6,18,50000 and OVER,9,4295,Oak Park,C,Urban Other Principal Arte,,16,7,12079420,2,Cook,0,23,,,2,N,No,Free Flow,202301053167,City,1,20.18000031,Y,,,,(UNK),154872,(N/A),(UNK),No Defects,1,1,Other Principal Arterial,3,348,X002927747,Not Toll,73,3,4,Divided With Median Barrier,3,2939941.29103619,1904847.64955151,41.87230218,-87.80446174,,Urban,8,N,(N/A),Y,(N/A)
2023,2023-02-22,Wednesday,12,12:46 PM,Property Damage,No Injuries,0,0,0,0,0,1,Fixed Object,6,N,N,Equipment-Vehicle Condition,Unable to Determine,Daylight,Rain,Wet,Y,,,,,Stop Sign,Functioning Properly,Y,1,41.8869066,-87.7927789,ok,(UNK),1,2301065,2023,,10,18,50000 and OVER,9,4295,Oak Park,C,Urban Local Road or Street,,16,22,12087771,2,Cook,0,23,BRIDGE SUPPORT (METAL),,3,N,No,Free Flow,202301060587,City,1,0,N,,,,(UNK),154982,(N/A),(UNK),No Defects,1,2,Local Road or Street,7,,X002934969,Not Toll,73,2,4,Not Divided,1,2942977.73998967,1910254.79252754,41.88689877,-87.79277311,,Urban,2,N,(N/A),Y,(N/A)