crash_year,crash_date,day_of_week,crash_hour,time_of_crash,crash_severity,crash_injury_severity,total_injured,total_fatals,a_injuries,b_injuries,c_injuries,no_injuries,type_of_first_crash,collision_type_code,pedestrian_involved,pedalcyclist_involved,cause1,cause2,lighting_cond,weather_cond,road_surface_cond,intersection_related,is_intersection,highway_or_street_name,at_intersection_with,address_no,traffic_control_device,traffic_control_device_cond,hit_and_run,number_of_vehicles,latitude,longitude,location_status,access_control,agency_code,agency_report_number,agency_report_year,alignment_code,cause1_code,cause2_code,city_class,city_class_code,city_code,city_name,city_township_flag,class_of_trafficway,class_of_trafficway_code,county_code,crash_day,crash_id,crash_month,crash_report_county,crash_severity_cd,crash_yr_source,damaged_property1,damaged_property2,day_of_week_code,did_crash_occur_in_work_zone,did_involve_secondary_crash,flow_condition,icn,investigating_agency_descrip,light_condition_code,mile_station,nhs,non_intersection_direction,non_intersection_distance,non_intersection_units,number_of_lanes,objectid,railroad_crossing_number,road_alignment,road_defects,road_defects_code,road_surface_condition_code,roadway_functional_class,roadway_functional_class_code,route_number,sfe,toll,township,traffic_control_device_code,traffic_control_device_cond_code,trafficway_descrip,trafficway_description_code,ts_crash_coordinate_x,ts_crash_coordinate_y,ts_crash_latitude,ts_crash_longitude,type_report,urban_rural,weather_code,were_workers_present,work_zone,work_zone_related,work_zone_type
2023,2023-12-01,Friday,18,06:45 PM,Property Damage,No Injuries,0,0,0,0,0,2,Front to Rear,11,N,N,Failing to Reduce Speed to Avoid Crash,Following Too Closely,Darkness / Lighted Road,Rain,Wet,N,,,,,Other Regualtory Sig,Functioning Properly,N,2,41.8728818,-87.7980897,ok,Partial Access Control,3,03-23-22740,2023,,28,3,50000 and OVER,9,4295,Oak Park,C,Urban InterState,,16,1,12434954,12,Cook,0,23,,,5,N,No,(UNK),202301390185,ISP,5,8,Y,,,,(UNK),155670,(N/A),(UNK),No Defects,1,2,InterState,1,290,X003243431,Not Toll,73,10,4,Divided With Median Barrier,3,2941672.68298441,1905103.91853355,41.87287397,-87.7980839,,Urban,2,N,(N/A),Y,(N/A)
2023,2023-11-29,Wednesday,8,08:09 AM,Property Damage,No Injuries,0,0,0,0,0,4,Turning,10,N,N,Failing to Yield Right of Way,Improper Lane Usage,Daylight,Clear,Dry,Y,,,,,No Controls,No Controls,N,2,41.9039095,-87.7754158,ok,(UNK),1,2307508,2023,,2,20,50000 and OVER,9,4295,Oak Park,C,Urban Minor Arterial,,16,29,12430609,11,Cook,0,23,,,3,N,No,Slow,202301386163,City,1,5.92999983,N,,,,(UNK),156033,(N/A),(UNK),No Defects,1,1,Minor Arterial,4,2790,X003239574,Not Toll,,1,1,Not Divided,1,2947533.0913125,1916582.3287668,41.90390166,-87.77541005,,Urban,1,N,(N/A),Y,(N/A)
2023,2023-11-29,Wednesday,13,01:57 PM,Property Damage,No Injuries,0,0,0,0,0,1,Parked Motor Vehicle,9,N,N,Improper Overtaking/Passing,Unable to Determine,Daylight,Clear,Dry,N,,,,,No Controls,No Controls,N,2,41.8845387,-87.7943935,ok,(UNK),1,2307517,2023,,4,18,50000 and OVER,9,4295,Oak Park,C,Urban Major Collector,,16,29,12431973,11,Cook,0,23,,,3,N,No,Slow,202301387336,City,1,5.82000017,N,,,,(UNK),156061,(N/A),(UNK),No Defects,1,1,Major Collector,5,2775,X003240709,Not Toll,73,1,1,"Divided, No Median Barrier",2,2942561.92398336,1909379.72493158,41.88453088,-87.79438775,,Urban,1,N,(N/A),Y,(N/A)
2023,2023-07-29,Saturday,13,01:15 PM,Property Damage,No Injuries,0,0,0,0,0,2,Front to Rear,11,N,N,Failing to Reduce Speed to Avoid Crash,Following Too Closely,Daylight,Clear,Dry,N,,,,,Other,Functioning Properly,N,2,41.873522,-87.8017957,ok,Partial Access Control,3,03-23-13809,2023,,28,3,50000 and OVER,9,4295,Oak Park,C,Urban InterState,,16,29,12274993,7,Cook,0,23,,,6,N,No,(UNK),202301237316,ISP,1,7.82000017,Y,,,,(UNK),157117,(N/A),(UNK),No Defects,1,1,InterState,1,290,X003101212,Not Toll,73,13,4,Divided With Median Barrier,3,2940656.83823463,1905309.37865763,41.87351419,-87.80178995,,Urban,1,N,(N/A),Y,(N/A)
2023,2023-07-29,Saturday,13,01:36 PM,Property Damage,No Injuries,0,0,0,0,0,2,Turning,10,N,N,Failing to Reduce Speed to Avoid Crash,(N/A),Daylight,Clear,Dry,N,,,,,Stop Sign,Functioning Properly,Y,2,41.8946169,-87.781695,ok,(UNK),1,2304663,2023,,28,99,50000 and OVER,9,4295,Oak Park,C,Urban Minor Arterial,,16,29,12277035,7,Cook,0,23,,,6,N,No,Slow,202301239232,City,1,3.78999996,N,,,,(UNK),157438,(N/A),(UNK),No Defects,1,1,Minor Arterial,4,1398,X003103093,Not Toll,73,2,4,"Divided, No Median Barrier",2,2945917.85130276,1913148.31446281,41.89460908,-87.78168923,,Urban,1,N,(N/A),Y,(N/A)
2023,2023-07-30,Sunday,14,02:35 PM,Property Damage,No Injuries,0,0,0,0,0,3,Pedalcyclist,2,N,Y,Failing to Reduce Speed to Avoid Crash,(N/A),Daylight,Clear,Dry,Y,,,,,Traffic Signal,Functioning Properly,N,1,41.8797797,-87.7893417,ok,(UNK),1,2304687,2023,,28,99,50000 and OVER,9,4295,Oak Park,C,Urban Minor Arterial,,16,30,12277056,7,Cook,0,23,,,7,N,No,Free Flow,202301239253,City,1,3.8599999,N,,,,(UNK),157669,(N/A),(UNK),No Defects,1,1,Minor Arterial,4,1419,X003103114,Not Toll,73,3,4,Four Way,14,2943985.70894347,1907683.55075283,41.87977189,-87.78933591,,Urban,1,N,(N/A),Y,(N/A)
2023,2023-08-01,Tuesday,12,12:17 PM,Property Damage,No Injuries,0,0,0,0,0,3,Front to Rear,11,N,N,Failing to Reduce Speed to Avoid Crash,(N/A),Daylight,Clear,Dry,N,,,,,Traffic Signal,Functioning Properly,N,2,41.8883861,-87.784698,ok,(UNK),1,2304715,2023,,28,99,50000 and OVER,9,4295,Oak Park,C,Urban Major Collector,,16,1,12278576,8,Cook,0,23,,,2,N,No,Stopped,202301240876,City,1,0.93000001,N,,,,(UNK),158052,(N/A),(UNK),No Defects,1,1,Major Collector,5,2783,X003104428,Not Toll,73,3,4,Not Divided,1,2945163.28049357,1910854.97215844,41.8883783,-87.78469219,,Urban,1,N,(N/A),Y,(N/A)
2023,2023-02-06,Monday,7,07:06 AM,Property Damage,No Injuries,0,0,0,0,0,8,Front to Rear,11,N,N,Following Too Closely,Failing to Reduce Speed to Avoid Crash,Darkness / Lighted Road,Clear,Dry,Y,,,,,Traffic Signal,Functioning Properly,N,2,41.8759848,-87.8045961,ok,(UNK),1,23-00340,2023,,3,28,50000 and OVER,9,4295,Oak Park,C,Urban Other Principal Arte,,16,6,12079421,2,Cook,0,23,,,1,N,No,Slow,202301053168,City,5,19.93000031,Y,,,,(UNK),158158,(N/A),(UNK),No Defects,1,1,Other Principal Arterial,3,348,X002927748,Not Toll,73,3,4,Four Way,14,2939869.40596207,1906185.85531717,41.875977,-87.80459029,,Urban,1,N,(N/A),Y,(N/A)
2023,2023-02-22,Wednesday,7,07:49 AM,Property Damage,No Injuries,0,0,0,0,0,1,Parked Motor Vehicle,9,N,N,Improper Lane Usage,(N/A),Daylight,Rain,Wet,N,,,,,No Controls,No Controls,N,2,41.879986,-87.7771075,ok,(UNK),1,2301058,2023,,20,99,50000 and OVER,9,4295,Oak Park,C,Urban Minor Arterial,,16,22,12087747,2,Cook,0,23,,,3,N,No,Free Flow,202301060560,City,1,4.5,N,,,,(UNK),158311,(N/A),(UNK),No Defects,1,2,Minor Arterial,4,1419,X002934946,Not Toll,73,1,1,Not Divided,1,2947315.48188395,1907851.28068681,41.87997811,-87.77710172,,Urban,2,N,(N/A),Y,(N/A)
2023,2023-02-14,Tuesday,8,08:31 AM,Property Damage,No Injuries,0,0,0,0,0,5,Front to Rear,11,N,N,Following Too Closely,Failing to Reduce Speed to Avoid Crash,Daylight,Clear,Dry,N,,,,,Other,Functioning Properly,Y,5,41.8711891,-87.7782142,ok,Partial Access Control,3,03-23-02678,2023,,3,28,50000 and OVER,9,4295,Oak Park,C,Urban InterState,,16,14,12081747,2,Cook,0,23,,,2,N,No,(UNK),202301055339,ISP,1,9.01000023,Y,,,,(UNK),158321,(N/A),(UNK),No Defects,1,1,InterState,1,290,X002929949,Not Toll,73,13,4,Divided With Median Barrier,3,2947103.3421823,1904637.16508084,41.87118129,-87.77820841,,Urban,1,N,(N/A),Y,(N/A)
2023,2023-02-21,Tuesday,8,08:03 AM,Property Damage,No Injuries,0,0,0,0,0,2,Angle,15,N,N,Failing to Yield Right of Way,(N/A),Daylight,Clear,Dry,Y,,,,,Stop Sign,Functioning Properly,N,2,41.8744488,-87.7842727,ok,(UNK),1,2301037,2023,,2,99,50000 and OVER,9,4295,Oak Park,C,Urban Major Collector,,16,21,12087709,2,Cook,0,23,,,2,N,No,Free Flow,202301060518,City,1,1.89999998,N,,,,(UNK),158985,(N/A),(UNK),No Defects,1,1,Major Collector,5,2783,X002934912,Not Toll,73,2,4,Four Way,14,2945420.14449301,1905779.14546385,41.87444091,-87.78426695,,Urban,1,N,(N/A),Y,(N/A)
2023,2023-08-01,Tuesday,17,05:09 PM,Property Damage,No Injuries,0,0,0,0,0,1,Parked Motor Vehicle,9,N,N,Failing to Reduce Speed to Avoid Crash,Following Too Closely,Darkness,Clear,Dry,N,,,,,No Controls,No Controls,Y,2,41.8887656,-87.7765588,ok,(UNK),1,2304728,2023,,28,3,50000 and OVER,9,4295,Oak Park,C,Urban Local Road or Street,,16,1,12278725,8,Cook,0,23,,,2,N,No,Free Flow,202301240915,City,4,0,N,,,,(UNK),159594,(N/A),(UNK),No Defects,1,1,Local Road or Street,7,,X003104457,Not Toll,73,1,1,One-Way,10,2947375.75319545,1911054.90087944,41.88875771,-87.77655303,,Urban,1,N,(N/A),Y,(N/A)
2023,2023-08-01,Tuesday,9,09:30 AM,Property Damage,No Injuries,0,0,0,0,0,4,Front to Rear,11,N,N,Failing to Reduce Speed to Avoid Crash,Unable to Determine,Daylight,Clear,Dry,N,,,,,No Controls,No Controls,N,3,41.8650456,-87.8029758,ok,(UNK),1,2304709,2023,,28,18,50000 and OVER,9,4295,Oak Park,C,Urban Other Principal Arte,,16,1,12277177,8,Cook,0,23,,,2,N,Yes,Stopped,202301239378,City,1,6.05000019,Y,,,,(UNK),159670,(N/A),(UNK),No Defects,1,1,Other Principal Arterial,3,347,X003103223,Not Toll,52,1,1,"Divided, No Median Barrier",2,2940420.54224631,1902211.56847506,41.86503778,-87.80296996,,Urban,1,N,(N/A),Y,(N/A)
2023,2023-08-01,Tuesday,14,02:22 PM,Property Damage,No Injuries,0,0,0,0,0,2,Rear to Side,16,N,N,Failing to Reduce Speed to Avoid Crash,Unable to Determine,Daylight,Clear,Dry,N,,,,,No Controls,No Controls,N,2,,,missing,(UNK),1,2304721,2023,,28,18,50000 and OVER,9,4295,Oak Park,C,(UNK),8,16,1,12278705,8,Cook,0,23,,,2,N,No,Free Flow,202301240893,City,1,0,N,,,,(UNK),159933,(N/A),(UNK),No Defects,1,1,(UNK),0,0,X003104439,No Toll,,1,1,Alley,12,0,0,,,,(UNK),1,N,(N/A),Y,(N/A)
2023,2023-03-15,Wednesday,9,09:02 AM,Injury,B Injury Crash,1,0,0,1,0,0,Parked Motor Vehicle,9,N,N,Texting,Failing to Reduce Speed to Avoid Crash,Daylight,Clear,Dry,N,,,,,No Controls,No Controls,N,2,41.8815868,-87.7941505,ok,(UNK),1,2301460,2023,,44,28,50000 and OVER,9,4295,Oak Park,C,Urban Major Collector,,16,15,12115095,3,Cook,2,23,,,3,N,No,Free Flow,202301087380,City,1,0.55000001,N,,,,(UNK),160123,(N/A),(UNK),No Defects,1,1,Major Collector,5,5,X002957004,Not Toll,73,1,1,"Divided, No Median Barrier",2,2942657.87683894,1908305.80339499,41.88157891,-87.79414466,,Urban,1,N,(N/A),Y,(N/A)
2023,2023-12-14,Thursday,8,08:45 AM,Property Damage,No Injuries,0,0,0,0,0,3,Front to Rear,11,N,N,Following Too Closely,Failing to Reduce Speed to Avoid Crash,Daylight,Clear,Dry,N,,,,,Other,Functioning Properly,N,3,41.8718617,-87.7833286,ok,Partial Access Control,3,03-23-23583,2023,,3,28,50000 and OVER,9,4295,Oak Park,C,Urban InterState,,16,14,12470045,12,Cook,0,23,,,4,N,No,(UNK),202301423742,ISP,1,8.75,Y,,,,(UNK),160288,(N/A),(UNK),No Defects,1,1,InterState,1,290,X003274698,Not Toll,73,13,4,Divided With Median Barrier,3,2945703.5,1904843.5,41.87185381,-87.78332276,,Urban,1,N,(N/A),Y,(N/A)
2023,2023-12-29,Friday,17,05:28 PM,Property Damage,No Injuries,0,0,0,0,0,2,Turning,10,N,N,Unable to Determine,Unable to Determine,Darkness / Lighted Road,Clear,Wet,Y,,,,,Traffic Signal,Functioning Properly,Y,2,41.909148,-87.7850158,ok,(UNK),1,JG559090,2023,,18,18,50000 and OVER,9,4295,Oak Park,C,Urban Other Principal Arte,,16,29,12469754,12,Cook,0,23,,,5,N,No,Free Flow,202301423469,City,5,6.98999977,Y,,,,(UNK),160449,(N/A),(UNK),No Defects,1,2,Other Principal Arterial,3,307,X003274428,Not Toll,73,3,4,Not Divided,1,2944866.58690804,1918418.58425829,41.90914012,-87.78501,,Urban,1,N,(N/A),Y,(N/A)
2023,2023-08-01,Tuesday,12,12:48 PM,Property Damage,No Injuries,0,0,0,0,0,2,Rear to Front,18,N,N,Improper Backing,Unable to Determine,Daylight,Clear,Dry,N,,,,,No Controls,Functioning Properly,N,2,41.8761156,-87.7942181,ok,(UNK),1,2304717,2023,,30,18,50000 and OVER,9,4295,Oak Park,C,Urban Local Road or Street,,16,1,12278701,8,Cook,0,23,,,2,N,No,Stopped,202301240887,City,1,0,N,,,,(UNK),161197,(N/A),(UNK),No Defects,1,1,Local Road or Street,7,,X003104435,Not Toll,73,1,4,"Divided, No Median Barrier",2,2942694.61185612,1906311.52024321,41.8761078,-87.79421226,,Urban,1,N,(N/A),Y,(N/A)
2023,2023-08-02,Wednesday,14,02:45 PM,Property Damage,No Injuries,0,0,0,0,0,1,Fixed Object,6,N,N,Failing to Reduce Speed to Avoid Crash,Unable to Determine,Daylight,Clear,Dry,N,,,,,Other Warning Sign,Functioning Properly,N,1,41.8872102,-87.7944691,ok,(UNK),1,2304749,2023,,28,18,50000 and OVER,9,4295,Oak Park,C,Urban Major Collector,,16,2,12278737,8,Cook,0,23,BRIDGE,VILLAGE PROPERTY,3,N,No,Slow,202301240927,City,1,5.63000011,N,,,,(UNK),161200,(N/A),(UNK),No Defects,1,1,Major Collector,5,2775,X003104468,Not Toll,73,11,4,Four Way,14,2942514.43285263,1910352.67977829,41.88720232,-87.79446326,,Urban,1,N,(N/A),Y,(N/A)
2023,2023-07-25,Tuesday,8,08:59 AM,Injury,B Injury Crash,1,0,0,1,0,0,Parked Motor Vehicle,9,N,N,Unable to Determine,Unable to Determine,Daylight,Clear,Dry,N,,,,,No Controls,No Controls,N,2,41.8959442,-87.7784294,ok,(UNK),1,2304561,2023,,18,18,50000 and OVER,9,4295,Oak Park,C,Urban Local Road or Street,,16,25,12269037,7,Cook,2,23,,,2,N,No,Slow,202301231853,City,1,0,N,,,,(UNK),161452,(N/A),(UNK),No Defects,1,1,Local Road or Street,7,,X003095934,Not Toll,73,1,1,"Divided, No Median Barrier",2,2946793.53822327,1913656.73927723,41.89593633,-87.7784236,,Urban,1,N,(N/A),Y,(N/A)
2023,2023-12-27,Wednesday,8,08:40 AM,Property Damage,No Injuries,0,0,0,0,0,2,Sideswipe Same Direction,12,N,N,Improper Overtaking/Passing,(N/A),Daylight,Clear,Dry,N,,,,,No Controls,No Controls,N,2,41.882108,-87.7755289,ok,(UNK),1,2308133,2023,,4,99,50000 and OVER,9,4295,Oak Park,C,Urban Major Collector,,16,27,12466861,12,Cook,0,23,,,3,N,No,Free Flow,202301420675,City,1,1.5,N,,,,(UNK),161603,(N/A),(UNK),No Defects,1,1,Major Collector,5,5,X003271698,Not Toll,73,1,1,"Divided, No Median Barrier",2,2947723.85572913,1908636.58209338,41.88210017,-87.77552306,,Urban,1,N,(N/A),Y,(N/A)
2023,2023-12-26,Tuesday,1,01:25 AM,Property Damage,No Injuries,0,0,0,0,0,3,Front to Rear,11,N,N,Following Too Closely,Failing to Reduce Speed to Avoid Crash,Darkness / Lighted Road,Rain,Wet,Y,,,,,Traffic Signal,Functioning Properly,N,3,41.8736416,-87.8045258,ok,Partial Access Control,3,03-23-24362,2023,,3,28,50000 and OVER,9,4295,Oak Park,C,Urban InterState,,16,26,12471668,12,Cook,0,23,,,2,N,No,(UNK),202301424968,ISP,5,0.20999999,Y,,,,(UNK),161624,(N/A),(UNK),No Defects,1,2,InterState,1,290,X003276065,Not Toll,73,3,4,Divided With Median Barrier,3,2939912.062394,1905332.46992192,41.87363377,-87.80452,,Urban,2,N,(N/A),Y,(N/A)
2023,2023-07-22,Saturday,8,08:15 AM,Property Damage,No Injuries,0,0,0,0,0,2,Sideswipe Same Direction,12,N,N,Improper Lane Usage,Driving Skills/Knowledge/Experience,Daylight,Unknown,Dry,N,,,,,Other Regualtory Sig,Functioning Properly,Y,2,41.8733104,-87.8007345,ok,Partial Access Control,3,03-23-13381,2023,,20,15,50000 and OVER,9,4295,Oak Park,C,Urban InterState,,16,22,12270790,7,Cook,0,23,,,6,N,No,(UNK),202301233343,ISP,1,0.09,Y,,,,(UNK),161924,(N/A),(UNK),No Defects,1,1,InterState,1,290,X003097334,Not Toll,,10,4,Divided With Median Barrier,3,2940948.02624102,1905240.20815389,41.87330251,-87.80072866,,Urban,9,N,(N/A),Y,(N/A)
2023,2023-07-25,Tuesday,16,04:56 PM,Property Damage,No Injuries,0,0,0,0,0,1,Parked Motor Vehicle,9,N,N,Unable to Determine,(N/A),Daylight,Clear,Dry,N,,,,,No Controls,Functioning Properly,Y,2,41.8883445,-87.785154,ok,(UNK),1,2304574,2023,,18,99,50000 and OVER,9,4295,Oak Park,C,Urban Major Collector,,16,25,12269160,7,Cook,0,23,,,2,N,No,Free Flow,202301231971,City,1,0.82999998,N,,,,(UNK),162039,(N/A),(UNK),No Defects,1,1,Major Collector,5,1405,X003096052,Not Toll,73,1,4,Parking Lot,7,2945039.52937824,1910836.35575351,41.88833667,-87.7851482,,Urban,1,N,(N/A),Y,(N/A)
2023,2023-07-21,Friday,15,03:00 PM,Property Damage,No Injuries,0,0,0,0,0,2,Front to Rear,11,N,N,Following Too Closely,Failing to Reduce Speed to Avoid Crash,Daylight,Clear,Dry,N,,,,,Other Regualtory Sig,Functioning Properly,N,2,41.8737614,-87.8043435,ok,Partial Access Control,3,03-23-13247,2023,,3,28,50000 and OVER,9,4295,Oak Park,C,Urban InterState,,16,21,12271135,7,Cook,0,23,,,5,N,No,(UNK),202301233661,ISP,1,7.71000004,Y,,,,(UNK),162235,(N/A),(UNK),No Defects,1,1,InterState,1,290,X003097658,Not Toll,73,10,4,Divided With Median Barrier,3,2939960.5,1905377.5,41.87375359,-87.80433775,,Urban,1,N,(N/A),Y,(N/A)
2023,2023-03-13,Monday,18,06:04 PM,Property Damage,No Injuries,0,0,0,0,0,4,Sideswipe Same Direction,12,N,N,Improper Overtaking/Passing,Driving Skills/Knowledge/Experience,Darkness / Lighted Road,Clear,Dry,N,,,,,Traffic Signal,Functioning Properly,N,2,41.8795439,-87.8047299,ok,(UNK),1,2301435,2023,,4,15,50000 and OVER,9,4295,Oak Park,C,Urban Other Principal Arte,,16,13,12108672,3,Cook,0,23,,,1,N,No,Free Flow,202301081316,City,5,19.69000053,Y,,,,(UNK),162474,(N/A),(UNK),No Defects,1,1,Other Principal Arterial,3,348,X002953590,Not Toll,73,3,4,"Divided, No Median Barrier",2,2939797.23945908,1907481.8469936,41.87953608,-87.80472414,,Urban,1,N,(N/A),Y,(N/A)
2023,2023-02-25,Saturday,21,09:00 PM,Property Damage,No Injuries,0,0,0,0,0,5,Sideswipe Same Direction,12,N,N,Improper Lane Usage,Failing to Reduce Speed to Avoid Crash,Darkness / Lighted Road,Clear,Dry,N,,,,,Other Regualtory Sig,Functioning Properly,N,3,41.8719891,-87.7845794,ok,Partial Access Control,3,03-23-03417,2023,,20,28,50000 and OVER,9,4295,Oak Park,C,Urban InterState,,16,25,12100275,2,Cook,0,23,,,6,N,No,(UNK),202301073360,ISP,5,8.68999958,Y,,,,(UNK),162538,(N/A),(UNK),No Defects,1,1,InterState,1,290,X002946148,Not Toll,73,10,4,Divided With Median Barrier,3,2945361.5,1904880.5,41.87198131,-87.78457365,,Urban,1,N,(N/A),Y,(N/A)
2023,2023-12-04,Monday,7,07:55 AM,Injury,C Injury Crash,1,0,0,0,1,1,Pedestrian,1,Y,N,Failing to Yield Right of Way,Unable to Determine,Daylight,Clear,Dry,Y,,,,,Traffic Signal,Functioning Properly,Y,1,41.87231,-87.8044659,ok,(UNK),1,23-03715,2023,,2,18,50000 and OVER,9,4295,Oak Park,C,Urban Other Principal Arte,,16,4,12438840,12,Cook,1,23,,,1,N,No,Free Flow,202301393376,City,1,20.18000031,Y,,,,(UNK),162718,(N/A),(UNK),No Defects,1,1,Other Principal Arterial,3,348,X003246751,Not Toll,73,3,4,"Divided, No Median Barrier",2,2939941.73917192,1904847.66118026,41.87230217,-87.8044601,,Urban,1,N,(N/A),Y,(N/A)
2023,2023-11-29,Wednesday,10,10:10 AM,Property Damage,No Injuries,0,0,0,0,0,2,Sideswipe Same Direction,12,N,N,Failing to Yield Right of Way,Unable to Determine,Daylight,Clear,Dry,N,,,,,Traffic Signal,Functioning Properly,N,2,41.8945665,-87.7849393,ok,(UNK),1,2307511,2023,,2,18,50000 and OVER,9,4295,Oak Park,C,Urban Minor Arterial,,16,29,12431956,11,Cook,0,23,,,3,N,No,Free Flow,202301387320,City,1,3.63000011,N,,,,(UNK),162793,(N/A),(UNK),No Defects,1,1,Minor Arterial,4,1398,X003240693,Not Toll,73,3,4,"Divided, No Median Barrier",2,2945035.01224389,1913105.39677783,41.89455868,-87.78493353,,Urban,1,N,(N/A),Y,(N/A)
2023,2023-03-15,Wednesday,8,08:15 AM,Property Damage,No Injuries,0,0,0,0,0,3,Sideswipe Same Direction,12,N,N,Unable to Determine,(N/A),Unknown,Unknown,Unknown,N,,,,,Unknown,Unknown,N,2,41.9089524,-87.8045122,ok,(UNK),1,JG186742,2023,,18,99,50000 and OVER,9,4295,Oak Park,C,Urban Other Principal Arte,,16,15,12110400,3,Cook,0,23,,,3,N,No,(UNK),202301082923,City,9,5.98000002,Y,,,,(UNK),162905,(N/A),(UNK),Unknown,99,9,Other Principal Arterial,3,307,X002955225,Not Toll,,99,9,Not Divided,1,2939561.3335535,1918200.48084544,41.90894456,-87.80450639,,Urban,9,N,(N/A),N,(N/A)
2023,2023-03-11,Saturday,21,09:45 PM,Property Damage,No Injuries,0,0,0,0,0,2,Turning,10,N,N,Failing to Yield Right of Way,Improper Turning/No Signal,Darkness / Lighted Road,Snow,Snow or Slush,Y,,,,,Traffic Signal,Functioning Properly,N,2,41.8736413,-87.8045231,ok,Partial Access Control,1,2301396,2023,,2,6,50000 and OVER,9,4295,Oak Park,C,Urban InterState,,16,11,12108642,3,Cook,0,23,,,6,N,No,Free Flow,202301081288,City,5,20.06999969,Y,,,,(UNK),162932,(N/A),(UNK),No Defects,1,3,InterState,1,348,X002953565,Not Toll,73,3,4,Other,8,2939912.79386162,1905332.37174666,41.87363345,-87.80451733,,Urban,3,N,(N/A),Y,(N/A)
2023,2023-07-25,Tuesday,11,11:24 AM,Injury,B Injury Crash,1,0,0,1,0,2,Angle,15,N,N,Failing to Yield Right of Way,Failing to Reduce Speed to Avoid Crash,Daylight,Clear,Dry,Y,,,,,Stop Sign,Functioning Properly,N,2,41.8832551,-87.8039602,ok,(UNK),1,2304564,2023,,2,28,50000 and OVER,9,4295,Oak Park,C,Urban Local Road or Street,,16,25,12269066,7,Cook,2,23,,,2,N,No,Free Flow,202301231882,City,1,0,N,,,,(UNK),163224,(N/A),(UNK),No Defects,1,1,Local Road or Street,7,,X003095963,Not Toll,73,2,4,Not Divided,1,2939969.62051332,1908840.04983794,41.88324729,-87.80395439,,Urban,1,N,(N/A),Y,(N/A)
2023,2023-07-25,Tuesday,13,01:00 PM,Property Damage,No Injuries,0,0,0,0,0,2,Front to Rear,11,N,N,Failing to Reduce Speed to Avoid Crash,Unable to Determine,Daylight,Clear,Dry,N,,,,,Traffic Signal,Functioning Properly,N,2,41.9090811,-87.7908288,ok,(UNK),1,2304569,2023,,28,18,50000 and OVER,9,4295,Oak Park,C,Urban Other Principal Arte,,16,25,12269075,7,Cook,0,23,,,2,N,No,Stopped,202301231891,City,1,6.69000006,Y,,,,(UNK),163402,(N/A),(UNK),No Defects,1,1,Other Principal Arterial,3,307,X003095972,Not Toll,73,3,4,Not Divided,1,2943284.87288552,1918350.3111562,41.90907326,-87.79082301,,Urban,1,N,(N/A),Y,(N/A)
2023,2023-10-04,Wednesday,14,02:48 PM,Property Damage,No Injuries,0,0,0,0,0,2,Angle,15,N,N,Failing to Yield Right of Way,Failing to Reduce Speed to Avoid Crash,Daylight,Clear,Dry,Y,,,,,Stop Sign,Functioning Properly,N,2,41.9072533,-87.7901536,ok,(UNK),1,2306295,2023,,2,28,50000 and OVER,9,4295,Oak Park,C,Urban Local Road or Street,,16,4,12376745,10,Cook,0,23,,,3,N,No,Free Flow,202301334612,City,1,0,N,,,,(UNK),163911,(N/A),(UNK),No Defects,1,1,Local Road or Street,7,,X003191286,Not Toll,73,2,4,Not Divided,1,2943487.13076602,1917689.31757256,41.90724546,-87.79014783,,Urban,1,N,(N/A),Y,(N/A)
2023,2023-10-23,Monday,7,07:00 AM,Property Damage,No Injuries,0,0,0,0,0,2,Sideswipe Same Direction,12,N,N,Improper Overtaking/Passing,Failing to Yield Right of Way,Daylight,Clear,Dry,N,,,,,No Controls,No Controls,N,2,41.8735642,-87.8045223,ok,(UNK),1,23-03291,2023,,4,2,50000 and OVER,9,4295,Oak Park,C,Urban Other Principal Arte,,16,23,12382974,10,Cook,0,23,,,1,N,No,Free Flow,202301341012,City,1,20.10000038,Y,,,,(UNK),164156,(N/A),(UNK),No Defects,1,1,Other Principal Arterial,3,348,X003196880,Not Toll,73,1,1,Divided With Median Barrier,3,2939913.78802501,1905304.27961096,41.87355634,-87.80451652,,Urban,1,N,(N/A),Y,(N/A)
2023,2023-10-21,Saturday,21,09:49 PM,Property Damage,No Injuries,0,0,0,0,0,2,Front to Rear,11,N,N,Failing to Reduce Speed to Avoid Crash,Weather,Darkness / Lighted Road,Rain,Wet,Y,,,,,No Controls,No Controls,N,2,41.8777877,-87.8046575,ok,(UNK),1,23-03278,2023,,28,11,50000 and OVER,9,4295,Oak Park,C,Urban Other Principal Arte,,16,21,12383010,10,Cook,0,23,,,6,N,No,Slow,202301341048,City,5,19.79999924,Y,,,,(UNK),164159,(N/A),(UNK),No Defects,1,2,Other Principal Arterial,3,348,X003196915,Not Toll,73,1,1,Not Divided,1,2939834.59796683,1906842.3959738,41.87777987,-87.80465167,,Urban,2,N,(N/A),Y,(N/A)
2023,2023-10-15,Sunday,13,01:02 PM,Property Damage,No Injuries,0,0,0,0,0,2,Sideswipe Same Direction,12,N,N,Improper Lane Usage,Driving Skills/Knowledge/Experience,Daylight,Clear,Dry,N,,,,,Traffic Signal,Functioning Properly,N,2,41.8812085,-87.8047775,ok,(UNK),1,23-03198,2023,,20,15,50000 and OVER,9,4295,Oak Park,C,Urban Other Principal Arte,,16,15,12372643,10,Cook,0,23,,,7,N,No,Free Flow,202301330150,City,1,19.56999969,Y,,,,(UNK),164357,(N/A),(UNK),No Defects,1,1,Other Principal Arterial,3,348,X003187543,Not Toll,73,3,4,"Divided, No Median Barrier",2,2939767.57659759,1908088.07924924,41.88120063,-87.80477173,,Urban,1,N,(N/A),Y,(N/A)