crash_year,crash_date,day_of_week,crash_hour,time_of_crash,crash_severity,crash_injury_severity,total_injured,total_fatals,a_injuries,b_injuries,c_injuries,no_injuries,type_of_first_crash,collision_type_code,pedestrian_involved,pedalcyclist_involved,cause1,cause2,lighting_cond,weather_cond,road_surface_cond,intersection_related,is_intersection,highway_or_street_name,at_intersection_with,address_no,traffic_control_device,traffic_control_device_cond,hit_and_run,number_of_vehicles,latitude,longitude,location_status,access_control,agency_code,agency_report_number,agency_report_year,alignment_code,cause1_code,cause2_code,city_class,city_class_code,city_code,city_name,city_township_flag,class_of_trafficway,class_of_trafficway_code,county_code,crash_day,crash_id,crash_month,crash_report_county,crash_severity_cd,crash_yr_source,damaged_property1,damaged_property2,day_of_week_code,did_crash_occur_in_work_zone,did_involve_secondary_crash,flow_condition,icn,investigating_agency_descrip,light_condition_code,mile_station,nhs,non_intersection_direction,non_intersection_distance,non_intersection_units,number_of_lanes,objectid,railroad_crossing_number,road_alignment,road_defects,road_defects_code,road_surface_condition_code,roadway_functional_class,roadway_functional_class_code,route_number,sfe,toll,township,traffic_control_device_code,traffic_control_device_cond_code,trafficway_descrip,trafficway_description_code,ts_crash_coordinate_x,ts_crash_coordinate_y,ts_crash_latitude,ts_crash_longitude,type_report,urban_rural,weather_code,were_workers_present,work_zone,work_zone_related,work_zone_type
2023,2023-01-31,Tuesday,10,10:40 AM,Property Damage,No Injuries,0,0,0,0,0,2,Front to Rear,11,N,N,Failing to Reduce Speed to Avoid Crash,Following Too Closely,Daylight,Clear,Dry,N,,,,,Other,Functioning Properly,N,2,41.8715425,-87.7826703,ok,Partial Access Control,3,03-23-01856,2023,,28,3,50000 and OVER,9,4295,Oak Park,C,Urban InterState,,16,31,12062131,1,Cook,0,23,,,2,N,No,(UNK),202301037811,ISP,1,8.78999996,Y,,,,(UNK),164452,(N/A),(UNK),No Defects,1,1,InterState,1,290,X002912807,Not Toll,73,13,4,Divided With Median Barrier,3,2945886.03215651,1904732.1845831,41.87153468,-87.78266448,,Urban,1,N,(N/A),Y,(N/A)
2023,2023-07-27,Thursday,18,06:00 PM,Property Damage,No Injuries,0,0,0,0,0,2,Front to Rear,11,N,N,Failing to Reduce Speed to Avoid Crash,Following Too Closely,Daylight,Clear,Dry,N,,,,,Other,Functioning Properly,N,2,41.8735383,-87.8037284,ok,Partial Access Control,3,03-23-13670,2023,,28,3,50000 and OVER,9,4295,Oak Park,C,Urban InterState,,16,27,12272745,7,Cook,0,23,,,4,N,No,(UNK),202301235244,ISP,1,0.03,Y,,,,(UNK),164886,(N/A),(UNK),No Defects,1,1,InterState,1,290,X003099171,Not Toll,,13,4,Divided With Median Barrier,3,2940130.29476732,1905300.79135216,41.87353043,-87.80372256,,Urban,1,N,(N/A),Y,(N/A)
2023,2023-10-12,Thursday,6,06:38 AM,Property Damage,No Injuries,0,0,0,0,0,2,Front to Rear,11,N,N,Failing to Yield Right of Way,Unable to Determine,Daylight,Rain,Wet,Y,,,,,No Controls,No Controls,N,2,41.8942459,-87.8028165,ok,(UNK),1,2306457,2023,,2,18,50000 and OVER,9,4295,Oak Park,C,Urban Minor Arterial,,16,12,12372963,10,Cook,0,23,,,4,N,No,Free Flow,202301330511,City,1,2.67000008,N,,,,(UNK),165415,(N/A),(UNK),No Defects,1,2,Minor Arterial,4,1398,X003187835,Not Toll,73,1,1,Not Divided,1,2940170.695735,1912853.87449851,41.89423806,-87.80281065,,Urban,2,N,(N/A),Y,(N/A)
2023,2023-01-27,Friday,23,11:30 PM,Property Damage,No Injuries,0,0,0,0,0,2,Sideswipe Same Direction,12,N,N,Improper Overtaking/Passing,Improper Lane Usage,Darkness / Lighted Road,Clear,Dry,N,,,,,No Controls,No Controls,Y,2,41.8732802,-87.7995872,ok,Partial Access Control,3,03-23-01611,2023,,4,20,50000 and OVER,9,4295,Oak Park,C,Urban InterState,,16,27,12057016,1,Cook,0,23,,,5,N,No,(UNK),202301033218,ISP,5,320.1499939,Y,,,,(UNK),165963,(N/A),(UNK),No Defects,1,1,InterState,1,5110,X002908203,Not Toll,73,1,1,Divided With Median Barrier,3,2941260.814082,1905237.82647059,41.87327232,-87.79958137,,Urban,1,N,(N/A),Y,(N/A)
2023,2023-01-26,Thursday,7,07:30 AM,Property Damage,No Injuries,0,0,0,0,0,4,Rear to Front,18,N,N,Following Too Closely,Weather,Daylight,Snow,Ice,N,,,,,Stop Sign,Functioning Properly,N,3,41.8833273,-87.7999845,ok,(UNK),1,2300502,2023,,3,11,50000 and OVER,9,4295,Oak Park,C,Urban Local Road or Street,,16,26,12058665,1,Cook,0,23,,,4,N,No,Slow,202301034742,City,1,0,N,,,,(UNK),166021,(N/A),(UNK),No Defects,1,4,Local Road or Street,7,,X002909760,Not Toll,73,2,4,Not Divided,1,2941051.57038524,1908896.19909122,41.88331946,-87.79997872,,Urban,3,N,(N/A),Y,(N/A)
2023,2023-01-26,Thursday,5,05:45 AM,Property Damage,No Injuries,0,0,0,0,0,2,Turning,10,N,N,Unable to Determine,(N/A),Darkness / Lighted Road,Snow,Snow or Slush,Y,,,,,Traffic Signal,Functioning Properly,N,2,41.8762744,-87.7843671,ok,(UNK),1,2300501,2023,,18,99,50000 and OVER,9,4295,Oak Park,C,Urban Major Collector,,16,26,12099195,1,Cook,0,23,,,4,N,No,Free Flow,202301072552,City,5,1.77999997,N,,,,(UNK),166351,(N/A),(UNK),No Defects,1,3,Major Collector,5,2783,X002945488,Not Toll,73,3,4,Not Divided,1,2945375.95964398,1906443.74728972,41.8762666,-87.78436135,,Urban,3,N,(N/A),Y,(N/A)
2023,2023-12-05,Tuesday,8,08:41 AM,Property Damage,No Injuries,0,0,0,0,0,3,Front to Front,14,N,N,Driving On Wrong Side/Wrong Way,Failing to Yield Right of Way,Daylight,Snow,Wet,N,,,,,No Controls,No Controls,N,2,41.8864803,-87.8049432,ok,(UNK),1,23-03729,2023,,5,2,50000 and OVER,9,4295,Oak Park,C,Urban Other Principal Arte,,16,5,12438977,12,Cook,0,23,,,2,N,No,Slow,202301393511,City,1,19.20999908,Y,,,,(UNK),167212,(N/A),(UNK),No Defects,1,2,Other Principal Arterial,3,348,X003246883,Not Toll,73,1,1,Not Divided,1,2939669.55007305,1910007.9973229,41.88647248,-87.80493743,,Urban,3,N,(N/A),Y,(N/A)
2023,2023-08-03,Thursday,18,06:20 PM,Property Damage,No Injuries,0,0,0,0,0,3,Turning,10,N,N,Improper Lane Usage,Vision Obscured,Daylight,Clear,Dry,Y,,,,,No Controls,No Controls,N,2,41.8777878,-87.8046548,ok,(UNK),1,23-02321,2023,,20,14,50000 and OVER,9,4295,Oak Park,C,Urban Other Principal Arte,,16,3,12279419,8,Cook,0,23,,,4,N,No,Slow,202301241640,City,1,19.79999924,Y,,,,(UNK),168628,(N/A),(UNK),No Defects,1,1,Other Principal Arterial,3,348,X003105106,Not Toll,73,1,1,"Divided, No Median Barrier",2,2939835.31714067,1906842.42818809,41.87777991,-87.80464903,,Urban,1,N,(N/A),Y,(N/A)
2023,2023-07-22,Saturday,14,02:05 PM,Property Damage,No Injuries,0,0,0,0,0,2,Front to Rear,11,N,N,Improper Lane Usage,Driving Skills/Knowledge/Experience,Daylight,Clear,Dry,Y,,,,,Traffic Signal,Functioning Properly,Y,2,41.87231,-87.8044679,ok,(UNK),1,23-02197,2023,,20,15,50000 and OVER,9,4295,Oak Park,C,Urban Other Principal Arte,,16,22,12279430,7,Cook,0,23,,,6,N,No,Stopped,202301241650,City,1,20.18000031,Y,,,,(UNK),168630,(N/A),(UNK),No Defects,1,1,Other Principal Arterial,3,348,X003105116,Not Toll,73,3,4,Not Divided,1,2939941.18278506,1904847.64674249,41.87230218,-87.80446214,,Urban,1,N,(N/A),Y,(N/A)
2023,2023-10-13,Friday,11,11:58 AM,Property Damage,No Injuries,0,0,0,0,0,2,Front to Rear,11,N,N,Failing to Reduce Speed to Avoid Crash,Unable to Determine,Daylight,Rain,Wet,Y,,,,,Pedestrian Crossing,Functioning Properly,N,2,41.8883878,-87.786346,ok,(UNK),1,2306475,2023,,28,18,50000 and OVER,9,4295,Oak Park,C,Urban Major Collector,,16,13,12372987,10,Cook,0,23,,,5,N,No,Free Flow,202301330537,City,1,0.76999998,N,,,,(UNK),168924,(N/A),(UNK),No Defects,1,2,Major Collector,5,1405,X003187859,Not Toll,73,17,4,Not Divided,1,2944714.49996759,1910843.12458301,41.88837998,-87.78634022,,Urban,2,N,(N/A),Y,(N/A)
2023,2023-10-08,Sunday,16,04:00 PM,Property Damage,No Injuries,0,0,0,0,0,5,Front to Rear,11,N,N,Following Too Closely,Driving Skills/Knowledge/Experience,Daylight,Clear,Dry,N,,,,,Other Regualtory Sig,Functioning Properly,N,2,41.8723028,-87.8034628,ok,(UNK),3,03-23-18937,2023,,3,15,50000 and OVER,9,4295,Oak Park,C,Urban Local Road or Street,,16,8,12380014,10,Cook,0,23,,,7,N,No,(UNK),202301338019,ISP,1,0,N,,,,(UNK),168937,(N/A),(UNK),No Defects,1,1,Local Road or Street,7,,X003194200,Not Toll,,10,4,Divided With Median Barrier,3,2940215.03146604,1904852.55865481,41.87230281,-87.80346279,,Urban,1,N,(N/A),Y,(N/A)
2023,2023-10-12,Thursday,7,07:40 AM,Property Damage,No Injuries,0,0,0,0,0,2,Front to Rear,11,N,N,Failing to Reduce Speed to Avoid Crash,(N/A),Daylight,Rain,Wet,Y,,,,,Traffic Signal,Functioning Properly,N,2,41.8760612,-87.7941051,ok,(UNK),1,2306460,2023,,28,99,50000 and OVER,9,4295,Oak Park,C,Urban Major Collector,,16,12,12372972,10,Cook,0,23,,,4,N,No,Stopped,202301330520,City,1,6.40999985,N,,,,(UNK),168984,(N/A),(UNK),No Defects,1,2,Major Collector,5,2775,X003187844,Not Toll,73,3,4,"Divided, No Median Barrier",2,2942725.93399055,1906292.53703414,41.87605337,-87.79409927,,Urban,2,N,(N/A),Y,(N/A)
2023,2023-10-12,Thursday,12,12:31 PM,Property Damage,No Injuries,0,0,0,0,0,2,Turning,10,N,N,Improper Turning/No Signal,Failing to Reduce Speed to Avoid Crash,Daylight,Rain,Wet,Y,,,,,Traffic Signal,Functioning Properly,N,2,41.8737769,-87.8045294,ok,Partial Access Control,1,2306463,2023,,6,28,50000 and OVER,9,4295,Oak Park,C,Urban Other Principal Arte,,16,12,12372974,10,Cook,0,23,,,4,N,No,Free Flow,202301330522,City,1,20.07999992,Y,,,,(UNK),168985,(N/A),(UNK),No Defects,1,2,Other Principal Arterial,3,348,X003187846,Not Toll,73,3,4,Four Way,14,2939909.73846247,1905381.74047989,41.87376905,-87.80452355,,Urban,2,N,(N/A),Y,(N/A)
2023,2023-10-16,Monday,14,02:18 PM,Property Damage,No Injuries,0,0,0,0,0,2,Sideswipe Same Direction,12,N,N,Improper Overtaking/Passing,Failing to Yield Right of Way,Daylight,Clear,Dry,N,,,,,No Controls,No Controls,Y,2,41.8668763,-87.8042756,ok,(UNK),1,23-03215,2023,,4,2,50000 and OVER,9,4295,Oak Park,C,Urban Other Principal Arte,,16,16,12374473,10,Cook,0,23,,,1,N,No,Free Flow,202301332174,City,1,20.55999947,Y,,,,(UNK),169152,(N/A),(UNK),No Defects,1,1,Other Principal Arterial,3,348,X003189206,Not Toll,73,1,1,"Divided, No Median Barrier",2,2940048.10255566,1902868.94342876,41.86686845,-87.80426977,,Urban,1,N,(N/A),Y,(N/A)
2023,2023-10-19,Thursday,12,12:20 PM,Property Damage,No Injuries,0,0,0,0,0,3,Angle,15,N,N,Following Too Closely,Failing to Reduce Speed to Avoid Crash,Daylight,Cloudy/Overcast,Dry,Y,,,,,Traffic Signal,Functioning Properly,N,2,41.8885678,-87.8050258,ok,(UNK),1,2306610,2023,,3,28,50000 and OVER,9,4295,Oak Park,C,Urban Other Principal Arte,,16,19,12381742,10,Cook,0,23,,,4,N,No,Stopped,202301339647,City,1,19.05999947,Y,,,,(UNK),169588,(N/A),(UNK),No Defects,1,1,Other Principal Arterial,3,348,X003195725,Not Toll,73,3,4,Two-way Continuous Left-Tur,4,2939626.10752894,1910768.10675385,41.88856,-87.80502004,,Urban,8,N,(N/A),Y,(N/A)
2023,2023-08-07,Monday,15,03:23 PM,Property Damage,No Injuries,0,0,0,0,0,2,Front to Rear,11,N,N,Following Too Closely,Failing to Reduce Speed to Avoid Crash,Daylight,Clear,Dry,N,,,,,Traffic Signal,Functioning Properly,Y,2,41.8815878,-87.7943358,ok,(UNK),1,2304864,2023,,3,28,50000 and OVER,9,4295,Oak Park,C,Urban Major Collector,,16,7,12285947,8,Cook,0,23,,,1,N,No,(UNK),202301248068,City,1,0.54000002,N,,,,(UNK),170082,(N/A),(UNK),No Defects,1,1,Major Collector,5,5,X003110845,Not Toll,73,3,4,"Divided, No Median Barrier",2,2942607.39236976,1908304.79661828,41.88157998,-87.79433,,Urban,1,N,(N/A),Y,(N/A)
2023,2023-07-27,Thursday,13,01:01 PM,Injury,B Injury Crash,2,0,0,2,0,1,Angle,15,N,N,Failing to Yield Right of Way,(N/A),Daylight,Clear,Dry,N,,,,,No Controls,No Controls,N,2,41.8901497,-87.7995357,ok,(UNK),1,2304619,2023,,2,99,50000 and OVER,9,4295,Oak Park,C,Urban Local Road or Street,,16,27,12276084,7,Cook,2,23,,,4,N,No,Free Flow,202301238353,City,1,0,N,,,,(UNK),170100,(N/A),(UNK),No Defects,1,1,Local Road or Street,7,,X003102237,Not Toll,73,1,1,Not Divided,1,2941105.17367524,1911385.77384932,41.89014184,-87.79952991,,Urban,1,N,(N/A),Y,(N/A)
2023,2023-07-28,Friday,1,01:32 AM,Injury,C Injury Crash,1,0,0,0,1,0,Fixed Object,6,N,N,Failing to Reduce Speed to Avoid Crash,(N/A),Darkness / Lighted Road,Cloudy/Overcast,Dry,Y,,,,,No Controls,No Controls,Y,1,41.8723192,-87.8020114,ok,(UNK),1,2304632,2023,,28,99,50000 and OVER,9,4295,Oak Park,C,Urban Local Road or Street,,16,28,12276091,7,Cook,1,23,TREE,,5,N,No,Free Flow,202301238360,City,5,0,N,,,,(UNK),170282,(N/A),(UNK),No Defects,1,1,Local Road or Street,7,,X003102244,Not Toll,73,1,1,"Divided, No Median Barrier",2,2940610.19124709,1904869.4104806,41.87231132,-87.80200557,,Urban,8,N,(N/A),Y,(N/A)
2023,2023-07-28,Friday,7,07:26 AM,Property Damage,No Injuries,0,0,0,0,0,2,Turning,10,N,N,Failing to Yield Right of Way,Failing to Reduce Speed to Avoid Crash,Daylight,Rain,Wet,Y,,,,,Traffic Signal,Functioning Properly,N,2,41.8980586,-87.7947958,ok,(UNK),1,2304636,2023,,2,28,50000 and OVER,9,4295,Oak Park,C,Urban Major Collector,,16,28,12276198,7,Cook,0,23,,,5,N,No,Slow,202301238471,City,1,4.86000013,N,,,,(UNK),170318,(N/A),(UNK),No Defects,1,2,Major Collector,5,2775,X003102345,Not Toll,73,3,4,Not Divided,1,2942316.11612697,1914303.59379406,41.89805076,-87.79479,,Urban,2,N,(N/A),Y,(N/A)
2023,2023-01-28,Saturday,10,10:00 AM,Property Damage,No Injuries,0,0,0,0,0,1,Parked Motor Vehicle,9,N,N,Failing to Reduce Speed to Avoid Crash,Unable to Determine,Daylight,Clear,Unknown,N,,,,,No Controls,No Controls,Y,2,41.8907636,-87.7960614,ok,(UNK),1,2300569,2023,,28,18,50000 and OVER,9,4295,Oak Park,C,Urban Local Road or Street,,16,28,12060356,1,Cook,0,23,,,6,N,No,Free Flow,202301036128,City,1,0,N,,,,(UNK),170668,(N/A),(UNK),No Defects,1,9,Local Road or Street,7,,X002911160,Not Toll,73,1,1,Not Divided,1,2942045.02446476,1911635.61374233,41.89075572,-87.79605563,,Urban,1,N,(N/A),Y,(N/A)
2023,2023-01-28,Saturday,10,10:36 AM,Property Damage,No Injuries,0,0,0,0,0,3,Front to Rear,11,N,N,Failing to Reduce Speed to Avoid Crash,(N/A),Daylight,Snow,Wet,N,,,,,No Controls,No Controls,N,3,41.8797096,-87.7746591,ok,(UNK),1,2300546,2023,,28,99,50000 and OVER,9,4295,Oak Park,C,Urban Minor Arterial,,16,28,12060330,1,Cook,0,23,,,6,N,Yes,Slow,202301036102,City,1,7.67999983,N,,,,(UNK),170733,(N/A),(UNK),No Defects,1,2,Minor Arterial,4,2790,X002911134,Not Toll,,1,1,"Divided, No Median Barrier",2,2947985.08797846,1907769.16728985,41.87970178,-87.77465331,,Urban,3,N,(N/A),Y,(N/A)
2023,2023-01-27,Friday,15,03:40 PM,Property Damage,No Injuries,0,0,0,0,0,2,Front to Rear,11,N,N,Following Too Closely,Failing to Reduce Speed to Avoid Crash,Daylight,Clear,Dry,N,,,,,Other,Functioning Properly,N,2,,,missing,(UNK),3,03-23-01595,2023,,3,28,50000 and OVER,9,4295,Oak Park,C,(UNK),8,16,27,12060485,1,Cook,0,23,,,5,N,No,(UNK),202301036257,ISP,1,0,N,,,,(UNK),170993,(N/A),(UNK),No Defects,1,1,(UNK),0,0,X002911280,No Toll,73,13,4,Divided With Median Barrier,3,0,0,,,,(UNK),1,N,(N/A),Y,(N/A)
2023,2023-08-01,Tuesday,15,03:26 PM,Property Damage,No Injuries,0,0,0,0,0,2,Sideswipe Same Direction,12,N,N,Improper Lane Usage,Failing to Yield Right of Way,Daylight,Clear,Dry,Y,,,,,Traffic Signal,Functioning Properly,N,2,41.8736416,-87.8045257,ok,Partial Access Control,1,23-02294,2023,,20,2,50000 and OVER,9,4295,Oak Park,C,Urban InterState,,16,1,12279433,8,Cook,0,23,,,2,N,No,Slow,202301241653,City,1,0.20999999,Y,,,,(UNK),171283,(N/A),(UNK),No Defects,1,1,InterState,1,290,X003105119,Not Toll,73,3,4,Divided With Median Barrier,3,2939912.08586842,1905332.46677126,41.87363376,-87.80451992,,Urban,1,N,(N/A),Y,(N/A)
2023,2023-08-04,Friday,17,05:11 PM,Injury,C Injury Crash,3,0,0,0,3,3,Sideswipe Same Direction,12,N,N,Improper Overtaking/Passing,Improper Turning/No Signal,Daylight,Clear,Dry,Y,,,,,Traffic Signal,Functioning Properly,N,2,41.8885678,-87.8050264,ok,(UNK),1,2300979,2023,,4,6,50000 and OVER,9,4295,Oak Park,C,Urban Other Principal Arte,,16,4,12282736,8,Cook,1,23,,,5,N,No,Free Flow,202301245044,City,1,19.05999947,Y,,,,(UNK),171376,(N/A),(UNK),No Defects,1,1,Other Principal Arterial,3,348,X003108300,Not Toll,73,3,4,"Divided, No Median Barrier",2,2939625.95886381,1910768.09892035,41.88855999,-87.80502059,,Urban,1,N,(N/A),Y,(N/A)
2023,2023-08-07,Monday,17,05:21 PM,Injury,B Injury Crash,1,0,0,1,0,2,Pedalcyclist,2,N,Y,Failing to Yield Right of Way,Failing to Reduce Speed to Avoid Crash,Daylight,Clear,Dry,Y,,,,,Pedestrian Crossing,Functioning Properly,N,1,41.8943579,-87.7976657,ok,(UNK),1,2304871,2023,,2,28,50000 and OVER,9,4295,Oak Park,C,Urban Minor Arterial,,16,7,12285957,8,Cook,2,23,,,1,N,No,(UNK),202301248078,City,1,2.94000006,N,,,,(UNK),171419,(N/A),(UNK),No Defects,1,1,Minor Arterial,4,1398,X003110854,Not Toll,73,17,4,"Divided, No Median Barrier",2,2941572.00034709,1912933.37499568,41.89435002,-87.79765993,,Urban,1,N,(N/A),Y,(N/A)
2023,2023-08-07,Monday,7,07:49 AM,Injury,B Injury Crash,1,0,0,1,0,3,Front to Rear,11,N,N,Following Too Closely,(N/A),Daylight,Clear,Dry,N,,,,,No Controls,No Controls,N,3,41.8704891,-87.7841457,ok,(UNK),1,2304854,2023,,3,99,50000 and OVER,9,4295,Oak Park,C,Urban Major Collector,,16,7,12285939,8,Cook,2,23,,,1,N,No,Slow,202301248061,City,1,2.17000008,N,,,,(UNK),171515,(N/A),(UNK),No Defects,1,1,Major Collector,5,2783,X003110838,Not Toll,73,1,1,Not Divided,1,2945494.82949116,1904337.12662799,41.87048123,-87.78413988,,Urban,1,N,(N/A),Y,(N/A)
2023,2023-08-07,Monday,15,03:00 PM,Property Damage,No Injuries,0,0,0,0,0,2,Sideswipe Same Direction,12,N,N,(N/A),(N/A),Daylight,Clear,Dry,N,,,,,No Controls,No Controls,Y,2,41.8735878,-87.8045234,ok,Partial Access Control,1,2304866,2023,,99,99,50000 and OVER,9,4295,Oak Park,C,Urban InterState,,16,7,12285948,8,Cook,0,23,,,1,N,No,Free Flow,202301248070,City,1,20.09000015,Y,,,,(UNK),171516,(N/A),(UNK),No Defects,1,1,InterState,1,348,X003110846,Not Toll,73,1,1,Not Divided,1,2939913.26110628,1905312.88747835,41.87357999,-87.80451758,,Urban,1,N,(N/A),Y,(N/A)
2023,2023-11-09,Thursday,19,07:00 PM,Property Damage,No Injuries,0,0,0,0,0,2,Sideswipe Same Direction,12,N,N,Improper Lane Usage,Failing to Yield Right of Way,Darkness / Lighted Road,Clear,Dry,N,,,,,Other,Functioning Properly,Y,2,41.872642,-87.7939992,ok,Partial Access Control,3,03-23-21334,2023,,20,2,50000 and OVER,9,4295,Oak Park,C,Urban InterState,,16,9,12413774,11,Cook,0,23,,,4,N,No,(UNK),202301369268,ISP,5,6.63999987,Y,,,,(UNK),171635,(N/A),(UNK),No Defects,1,1,InterState,1,2775,X003224573,Not Toll,73,13,4,Divided With Median Barrier,3,2942789.23727596,1905047.29876305,41.87263412,-87.79399337,,Urban,1,N,(N/A),Y,(N/A)
2023,2023-02-16,Thursday,8,08:37 AM,Property Damage,No Injuries,0,0,0,0,0,2,Front to Rear,11,N,N,Failing to Reduce Speed to Avoid Crash,Following Too Closely,Daylight,Sleet/Hail,Wet,N,,,,,Other,Functioning Properly,N,2,41.8730092,-87.7995258,ok,Partial Access Control,3,03-23-02792,2023,,28,3,50000 and OVER,9,4295,Oak Park,C,Urban InterState,,16,16,12081784,2,Cook,0,23,,,4,N,No,(UNK),202301055371,ISP,1,7.92999983,Y,,,,(UNK),172361,(N/A),(UNK),No Defects,1,2,InterState,1,290,X002929985,Not Toll,,13,4,Divided With Median Barrier,3,2941280.24624838,1905139.55325792,41.87300138,-87.79952002,,Urban,5,N,(N/A),Y,(N/A)
2023,2023-10-16,Monday,8,08:11 AM,Property Damage,No Injuries,0,0,0,0,0,1,Fixed Object,6,N,N,Improper Lane Usage,(N/A),Daylight,Rain,Wet,N,,,,,No Controls,No Controls,N,1,41.8867404,-87.8038228,ok,(UNK),1,2306538,2023,,20,99,50000 and OVER,9,4295,Oak Park,C,Urban Local Road or Street,,16,16,12376987,10,Cook,0,23,DUMPSTER,,1,N,No,Free Flow,202301334714,City,1,0,N,,,,(UNK),172507,(N/A),(UNK),No Defects,1,2,Local Road or Street,7,,X003191355,Not Toll,73,1,1,Alley,12,2939972.05835514,1910111.17202343,41.88673254,-87.80381696,,Urban,2,N,(N/A),Y,(N/A)
2023,2023-10-16,Monday,19,07:22 PM,Property Damage,No Injuries,0,0,0,0,0,2,Rear to Side,16,N,N,Improper Backing,Failing to Reduce Speed to Avoid Crash,Dusk,Clear,Dry,N,,,,,No Controls,No Controls,Y,2,41.8873222,-87.7939868,ok,(UNK),1,2306557,2023,,30,28,50000 and OVER,9,4295,Oak Park,C,Urban Local Road or Street,,16,16,12376998,10,Cook,0,23,,,1,N,No,Free Flow,202301334727,City,3,0,N,,,,(UNK),172509,(N/A),(UNK),No Defects,1,1,Local Road or Street,7,,X003191366,Not Toll,73,1,1,Parking Lot,7,2942644.6225993,1910397.12915852,41.88731433,-87.79398102,,Urban,1,N,(N/A),Y,(N/A)
2023,2023-10-21,Saturday,17,05:46 PM,Property Damage,No Injuries,0,0,0,0,0,3,Turning,10,N,N,Failing to Yield Right of Way,(UNK),Dusk,Clear,Dry,N,,,,,No Controls,No Controls,N,2,41.8810367,-87.8047696,ok,(UNK),1,23-03277,2023,,2,75,50000 and OVER,9,4295,Oak Park,C,Urban Other Principal Arte,,16,21,12385137,10,Cook,0,23,,,6,N,Yes,Slow,202301343035,City,3,19.57999992,Y,,,,(UNK),172617,(N/A),(UNK),No Defects,1,1,Other Principal Arterial,3,348,X003198897,Not Toll,73,1,1,Not Divided,1,2939771.45844078,1908025.53159721,41.88102883,-87.8047638,,Urban,1,N,(N/A),Y,(N/A)
2023,2023-10-22,Sunday,14,02:15 PM,Property Damage,No Injuries,0,0,0,0,0,2,Front to Rear,11,N,N,Following Too Closely,Failing to Reduce Speed to Avoid Crash,Daylight,Clear,Dry,N,,,,,Delineators,Functioning Properly,N,2,41.8735075,-87.8045148,ok,Partial Access Control,3,03-23-19913,2023,,3,28,50000 and OVER,9,4295,Oak Park,C,Urban InterState,,16,22,12381698,10,Cook,0,23,,,7,N,No,(UNK),202301339606,ISP,1,7.69999981,Y,,,,(UNK),172747,(N/A),(UNK),No Defects,1,1,InterState,1,290,X003195682,Not Toll,73,14,4,Divided With Median Barrier,3,2939916.41433244,1905283.66369797,41.87349962,-87.80450897,,Urban,1,N,(N/A),Y,(N/A)
2023,2023-10-25,Wednesday,17,05:56 PM,Property Damage,No Injuries,0,0,0,0,0,2,Other Object,7,N,N,(UNK),Failing to Reduce Speed to Avoid Crash,Dusk,Cloudy/Overcast,Dry,N,,,,,No Controls,No Controls,N,2,41.8811073,-87.8047729,ok,(UNK),1,23-03319,2023,,75,28,50000 and OVER,9,4295,Oak Park,C,Urban Other Principal Arte,,16,25,12385135,10,Cook,0,23,,,3,N,No,Slow,202301343033,City,3,19.57999992,Y,,,,(UNK),172750,(N/A),(UNK),No Defects,1,1,Other Principal Arterial,3,348,X003198895,Not Toll,73,1,1,Not Divided,1,2939769.86231785,1908051.24972569,41.88109947,-87.80476706,,Urban,8,N,(N/A),Y,(N/A)
2023,2023-10-21,Saturday,10,10:23 AM,Injury,A Injury Crash,1,0,1,0,0,1,Pedestrian,1,Y,N,Failing to Yield Right of Way,Unable to Determine,Daylight,Clear,Dry,Y,,,,,Traffic Signal,Functioning Properly,N,1,41.8885994,-87.7926974,ok,(UNK),1,2306656,2023,,2,18,50000 and OVER,9,4295,Oak Park,C,Urban Major Collector,,16,21,12381695,10,Cook,3,23,,,6,N,No,Slow,202301339603,City,1,0.44999999,N,,,,(UNK),172777,(N/A),(UNK),No Defects,1,1,Major Collector,5,1405,X003195679,Not Toll,73,3,4,Not Divided,1,2942982.8525923,1910872.28578607,41.88859154,-87.79269162,,Urban,1,N,(N/A),Y,(N/A)
2023,2023-10-20,Friday,7,07:28 AM,Property Damage,No Injuries,0,0,0,0,0,2,Turning,10,N,N,Following Too Closely,Failing to Reduce Speed to Avoid Crash,Daylight,Clear,Dry,Y,,,,,No Controls,No Controls,Y,2,41.8780754,-87.7843856,ok,(UNK),1,2306625,2023,,3,28,50000 and OVER,9,4295,Oak Park,C,Urban Major Collector,,16,20,12381776,10,Cook,0,23,,,5,N,No,Free Flow,202301339683,City,1,1.64999998,N,,,,(UNK),172819,(N/A),(UNK),No Defects,1,1,Major Collector,5,2783,X003195758,Not Toll,73,1,1,Four Way,14,2945352.69903751,1907099.89709258,41.87806753,-87.78437983,,Urban,1,N,(N/A),Y,(N/A)
2023,2023-02-18,Saturday,8,08:08 AM,Property Damage,No Injuries,0,0,0,0,0,1,Parked Motor Vehicle,9,N,N,Failing to Reduce Speed to Avoid Crash,Unable to Determine,Daylight,Clear,Dry,N,,,,,No Controls,No Controls,N,2,41.8687266,-87.7989253,ok,(UNK),1,2300987,2023,,28,18,50000 and OVER,9,4295,Oak Park,C,Urban Local Road or Street,,16,18,12085305,2,Cook,0,23,,,6,N,No,Free Flow,202301058353,City,1,0,N,,,,(UNK),172906,(N/A),(UNK),No Defects,1,1,Local Road or Street,7,,X002932906,Not Toll,73,1,1,Not Divided,1,2941486.88641683,1903583.40561133,41.86871877,-87.79891948,,Urban,1,N,(N/A),Y,(N/A)