crash_year,crash_date,day_of_week,crash_hour,time_of_crash,crash_severity,crash_injury_severity,total_injured,total_fatals,a_injuries,b_injuries,c_injuries,no_injuries,type_of_first_crash,collision_type_code,pedestrian_involved,pedalcyclist_involved,cause1,cause2,lighting_cond,weather_cond,road_surface_cond,intersection_related,is_intersection,highway_or_street_name,at_intersection_with,address_no,traffic_control_device,traffic_control_device_cond,hit_and_run,number_of_vehicles,latitude,longitude,location_status,access_control,agency_code,agency_report_number,agency_report_year,alignment_code,cause1_code,cause2_code,city_class,city_class_code,city_code,city_name,city_township_flag,class_of_trafficway,class_of_trafficway_code,county_code,crash_day,crash_id,crash_month,crash_report_county,crash_severity_cd,crash_yr_source,damaged_property1,damaged_property2,day_of_week_code,did_crash_occur_in_work_zone,did_involve_secondary_crash,flow_condition,icn,investigating_agency_descrip,light_condition_code,mile_station,nhs,non_intersection_direction,non_intersection_distance,non_intersection_units,number_of_lanes,objectid,railroad_crossing_number,road_alignment,road_defects,road_defects_code,road_surface_condition_code,roadway_functional_class,roadway_functional_class_code,route_number,sfe,toll,township,traffic_control_device_code,traffic_control_device_cond_code,trafficway_descrip,trafficway_description_code,ts_crash_coordinate_x,ts_crash_coordinate_y,ts_crash_latitude,ts_crash_longitude,type_report,urban_rural,weather_code,were_workers_present,work_zone,work_zone_related,work_zone_type
2023,2023-07-31,Monday,19,07:15 PM,Property Damage,No Injuries,0,0,0,0,0,2,Sideswipe Same Direction,12,N,N,Improper Lane Usage,Driving Skills/Knowledge/Experience,Dusk,Clear,Dry,N,,,,,Other Regualtory Sig,Functioning Properly,Y,2,41.8734763,-87.8041951,ok,Partial Access Control,3,03-23-13978,2023,,20,15,50000 and OVER,9,4295,Oak Park,C,Urban InterState,,16,31,12277998,7,Cook,0,23,,,1,N,No,(UNK),202301240402,ISP,3,7.71999979,Y,,,,(UNK),173039,(N/A),(UNK),No Defects,1,1,InterState,1,290,X003103988,Not Toll,73,10,4,Not Divided,1,2940003.7816542,1905274.71412535,41.87346848,-87.80418934,,Urban,1,N,(N/A),Y,(N/A)
2023,2023-08-07,Monday,16,04:40 PM,Property Damage,No Injuries,0,0,0,0,0,3,Front to Rear,11,N,N,Failing to Reduce Speed to Avoid Crash,(N/A),Daylight,Clear,Dry,N,,,,,No Controls,No Controls,N,2,41.8942278,-87.8039458,ok,(UNK),1,2304868,2023,,28,99,50000 and OVER,9,4295,Oak Park,C,Urban Minor Arterial,,16,7,12285949,8,Cook,0,23,,,1,N,No,Stopped,202301248071,City,1,2.61999989,N,,,,(UNK),173739,(N/A),(UNK),No Defects,1,1,Minor Arterial,4,1398,X003110847,Not Toll,73,1,1,Not Divided,1,2939863.37909242,1912838.81711393,41.89422,-87.80394,,Urban,1,N,(N/A),Y,(N/A)
2023,2023-08-05,Saturday,10,10:40 AM,Property Damage,No Injuries,0,0,0,0,0,3,Front to Rear,11,N,N,Following Too Closely,(N/A),Darkness / Lighted Road,Rain,Wet,N,,,,,Delineators,Functioning Properly,N,2,41.873508,-87.8045199,ok,Partial Access Control,3,03-23-14326,2023,,3,99,50000 and OVER,9,4295,Oak Park,C,Urban InterState,,16,5,12282510,8,Cook,0,23,,,6,N,No,(UNK),202301244809,ISP,5,7.69999981,Y,,,,(UNK),173966,(N/A),(UNK),No Defects,1,2,InterState,1,290,X003108077,Not Toll,73,14,4,Divided With Median Barrier,3,2939914.99737004,1905283.80876342,41.87350012,-87.80451415,,Urban,2,N,(N/A),Y,(N/A)
2023,2023-10-13,Friday,12,12:41 PM,Injury,B Injury Crash,1,0,0,1,0,3,Angle,15,N,N,Disregarding Traffic Signals,Failing to Yield Right of Way,Daylight,Rain,Wet,Y,,,,,Traffic Signal,Functioning Properly,N,2,41.8726278,-87.7842258,ok,(UNK),1,2306480,2023,,25,2,50000 and OVER,9,4295,Oak Park,C,Urban Major Collector,,16,13,12376946,10,Cook,2,23,,,5,N,No,Free Flow,202301334658,City,1,0.2,N,,,,(UNK),174032,(N/A),(UNK),No Defects,1,2,Major Collector,5,290,X003191317,Not Toll,73,3,4,Four Way,14,2945451.36135475,1905115.92671984,41.87262,-87.78422,,Urban,2,N,(N/A),Y,(N/A)
2023,2023-10-18,Wednesday,16,04:51 PM,Injury,B Injury Crash,1,0,0,1,0,1,Pedalcyclist,2,N,Y,Improper Lane Usage,Failing to Yield Right of Way,Daylight,Clear,Dry,Y,,,,,Traffic Signal,Functioning Properly,N,1,41.8886778,-87.800177,ok,(UNK),1,2306599,2023,,20,2,50000 and OVER,9,4295,Oak Park,C,Urban Major Collector,,16,18,12377012,10,Cook,2,23,,,3,N,No,Free Flow,202301334754,City,1,0,N,,,,(UNK),174036,(N/A),(UNK),No Defects,1,1,Major Collector,5,1405,X003191380,Not Toll,73,3,4,T-Intersection,15,2940945.34199415,1910844.5727366,41.88866996,-87.80017125,,Urban,1,N,(N/A),Y,(N/A)
2023,2023-10-14,Saturday,8,08:40 AM,Property Damage,No Injuries,0,0,0,0,0,2,Turning,10,N,N,Failing to Yield Right of Way,Unable to Determine,Daylight,Rain,Wet,Y,,,,,Traffic Signal,Functioning Properly,N,2,41.8796678,-87.8047347,ok,(UNK),1,2306499,2023,,2,18,50000 and OVER,9,4295,Oak Park,C,Urban Other Principal Arte,,16,14,12376968,10,Cook,0,23,,,6,N,No,Slow,202301334683,City,1,19.68000031,Y,,,,(UNK),174040,(N/A),(UNK),No Defects,1,2,Other Principal Arterial,3,348,X003191338,Not Toll,73,3,4,Not Divided,1,2939794.71464185,1907526.93533375,41.87965991,-87.80472885,,Urban,2,N,(N/A),Y,(N/A)
2023,2023-10-17,Tuesday,7,07:51 AM,Property Damage,No Injuries,0,0,0,0,0,14,Parked Motor Vehicle,9,N,N,Failing to Reduce Speed to Avoid Crash,(N/A),Daylight,Clear,Unknown,N,,,,,No Controls,No Controls,N,2,41.8820986,-87.7762834,ok,(UNK),1,2306562,2023,,28,99,50000 and OVER,9,4295,Oak Park,C,Urban Major Collector,,16,17,12377002,10,Cook,0,23,,,2,N,No,Free Flow,202301334733,City,1,1.46000004,N,,,,(UNK),174042,(N/A),(UNK),No Defects,1,9,Major Collector,5,5,X003191370,Not Toll,73,1,1,Not Divided,1,2947518.47673229,1908627.42945745,41.88209077,-87.77627756,,Urban,1,N,(N/A),Y,(N/A)
2023,2023-10-19,Thursday,7,07:43 AM,Property Damage,No Injuries,0,0,0,0,0,2,Sideswipe Same Direction,12,N,N,Failing to Reduce Speed to Avoid Crash,(N/A),Daylight,Clear,Wet,N,,,,,No Controls,No Controls,N,2,41.8851564,-87.7797034,ok,(UNK),1,2306605,2023,,28,99,50000 and OVER,9,4295,Oak Park,C,Urban Local Road or Street,,16,19,12377017,10,Cook,0,23,,,4,N,No,Slow,202301334763,City,1,0.20999999,N,,,,(UNK),174044,(N/A),(UNK),No Defects,1,2,Local Road or Street,7,3794,X003191385,Not Toll,73,1,1,"Divided, No Median Barrier",2,2946556.08897312,1909715.79721122,41.88514853,-87.77969758,,Urban,1,N,(N/A),Y,(N/A)
2023,2023-10-13,Friday,20,08:06 PM,Property Damage,No Injuries,0,0,0,0,0,4,Front to Rear,11,N,N,Following Too Closely,Unable to Determine,Darkness / Lighted Road,Clear,Wet,N,,,,,Traffic Signal,Functioning Properly,Y,2,41.872738,-87.7842288,ok,(UNK),1,2306495,2023,,3,18,50000 and OVER,9,4295,Oak Park,C,Urban Major Collector,,16,13,12376950,10,Cook,0,23,,,5,N,No,Stopped,202301334662,City,5,2.01999998,N,,,,(UNK),174296,(N/A),(UNK),No Defects,1,2,Major Collector,5,2783,X003191321,Not Toll,73,3,4,"Divided, No Median Barrier",2,2945449.42713981,1905156.03944442,41.87273014,-87.78422301,,Urban,1,N,(N/A),Y,(N/A)
2023,2023-10-21,Saturday,6,06:30 AM,Injury,B Injury Crash,2,0,0,2,0,2,Front to Rear,11,N,N,Following Too Closely,Failing to Reduce Speed to Avoid Crash,Darkness / Lighted Road,Clear,Dry,N,,,,,Other,Functioning Properly,N,3,41.8721396,-87.7864954,ok,Partial Access Control,3,03-23-19822,2023,,3,28,50000 and OVER,9,4295,Oak Park,C,Urban InterState,,16,21,12385320,10,Cook,2,23,,,6,N,No,(UNK),202301343213,ISP,5,8.57999992,Y,,,,(UNK),174311,(N/A),(UNK),No Defects,1,1,InterState,1,290,X003199074,Not Toll,73,13,4,Divided With Median Barrier,3,2944838.1160502,1904920.85535007,41.87213179,-87.78648963,,Urban,1,N,(N/A),Y,(N/A)
2023,2023-10-22,Sunday,0,00:28 AM,Property Damage,No Injuries,0,0,0,0,0,3,Rear to Side,16,N,N,Disregarding Traffic Signals,Failing to Reduce Speed to Avoid Crash,Darkness / Lighted Road,Clear,Dry,Y,,,,,Traffic Signal,Functioning Properly,N,2,41.8719978,-87.7939858,ok,(UNK),1,2306672,2023,,25,28,50000 and OVER,9,4295,Oak Park,C,Urban Major Collector,,16,22,12383390,10,Cook,0,23,,,7,N,Yes,Free Flow,202301341421,City,5,0,N,,,,(UNK),174368,(N/A),(UNK),No Defects,1,1,Major Collector,5,290,X003197268,Not Toll,73,3,4,"Divided, No Median Barrier",2,2942799.37092384,1904812.67043659,41.87199,-87.79398,,Urban,1,N,(N/A),Y,(N/A)
2023,2023-10-18,Wednesday,5,05:41 AM,Property Damage,No Injuries,0,0,0,0,0,1,Animal,4,N,N,Animal,(N/A),Darkness / Lighted Road,Cloudy/Overcast,Dry,N,,,,,No Controls,No Controls,N,1,41.9033578,-87.8055958,ok,(UNK),1,2306582,2023,,21,99,50000 and OVER,9,4295,Oak Park,C,Urban Other Principal Arte,,16,18,12377007,10,Cook,0,23,,,3,N,No,Free Flow,202301334745,City,5,18.03000069,Y,,,,(UNK),174374,(N/A),(UNK),No Defects,1,1,Other Principal Arterial,3,348,X003191375,Not Toll,73,1,1,"Divided, No Median Barrier",2,2939322.50608414,1916153.56686147,41.90334994,-87.80559,,Urban,8,N,(N/A),Y,(N/A)
2023,2023-10-08,Sunday,1,01:27 AM,Property Damage,No Injuries,0,0,0,0,0,3,Sideswipe Same Direction,12,N,N,Failing to Reduce Speed to Avoid Crash,Improper Lane Usage,Darkness / Lighted Road,Unknown,Unknown,N,,,,,Other,Functioning Properly,Y,2,41.871561,-87.7796867,ok,Partial Access Control,3,03-23-19133,2023,,28,20,50000 and OVER,9,4295,Oak Park,C,Urban InterState,,16,8,12373302,10,Cook,0,23,,,7,N,No,(UNK),202301330799,ISP,5,8.93000031,Y,,,,(UNK),174412,(N/A),(UNK),No Defects,1,9,InterState,1,290,X003188118,Not Toll,73,13,4,Divided With Median Barrier,3,2946698.5,1904761.5,41.87155311,-87.77968089,,Urban,9,N,(N/A),Y,(N/A)
2023,2023-12-01,Friday,19,07:25 PM,Property Damage,No Injuries,0,0,0,0,0,2,Turning,10,N,N,Failing to Yield Right of Way,Unable to Determine,Darkness / Lighted Road,Rain,Wet,Y,,,,,Traffic Signal,Functioning Properly,N,2,41.8759847,-87.804601,ok,(UNK),1,23-03693,2023,,2,18,50000 and OVER,9,4295,Oak Park,C,Urban Other Principal Arte,,16,1,12439085,12,Cook,0,23,,,5,N,No,Free Flow,202301393624,City,5,19.93000031,Y,,,,(UNK),174944,(N/A),(UNK),No Defects,1,2,Other Principal Arterial,3,348,X003246987,Not Toll,73,3,4,"Divided, No Median Barrier",2,2939868.06650294,1906185.78035993,41.87597689,-87.80459521,,Urban,2,N,(N/A),Y,(N/A)
2023,2023-08-03,Thursday,19,07:30 PM,Property Damage,No Injuries,0,0,0,0,0,2,Angle,15,N,N,Disregarding Stop Sign,Failing to Yield Right of Way,Daylight,Clear,Dry,Y,,,,,Stop Sign,Functioning Properly,N,2,41.8707779,-87.7792171,ok,(UNK),1,2304780,2023,,23,2,50000 and OVER,9,4295,Oak Park,C,Urban Minor Collector,,16,3,12282989,8,Cook,0,23,,,4,N,No,Slow,202301245333,City,1,0,N,,,,(UNK),175728,(N/A),(UNK),No Defects,1,1,Minor Collector,6,290,X003108535,Not Toll,73,2,4,Four Way,14,2946834.35209706,1904479.69369798,41.87077004,-87.77921128,,Urban,1,N,(N/A),Y,(N/A)
2023,2023-08-04,Friday,8,08:51 AM,Property Damage,No Injuries,0,0,0,0,0,1,Parked Motor Vehicle,9,N,N,Unable to Determine,Driving Skills/Knowledge/Experience,Daylight,Clear,Dry,N,,,,,No Controls,No Controls,N,2,41.8810094,-87.8023658,ok,(UNK),1,2304789,2023,,18,15,50000 and OVER,9,4295,Oak Park,C,Urban Local Road or Street,,16,4,12282994,8,Cook,0,23,,,5,N,No,Free Flow,202301245338,City,1,0,N,,,,(UNK),175833,(N/A),(UNK),No Defects,1,1,Local Road or Street,7,,X003108540,Not Toll,73,1,1,Not Divided,1,2940426.36020643,1908033.63296144,41.88100157,-87.80236004,,Urban,1,N,(N/A),Y,(N/A)
2023,2023-08-04,Friday,12,12:57 PM,Property Damage,No Injuries,0,0,0,0,0,2,Front to Rear,11,N,N,Following Too Closely,Failing to Reduce Speed to Avoid Crash,Daylight,Clear,Unknown,N,,,,,No Controls,No Controls,Y,2,41.8817184,-87.7845158,ok,(UNK),1,2304796,2023,,3,28,50000 and OVER,9,4295,Oak Park,C,Urban Major Collector,,16,4,12283011,8,Cook,0,23,,,5,N,No,(UNK),202301245350,City,1,1.02999997,N,,,,(UNK),175855,(N/A),(UNK),No Defects,1,9,Major Collector,5,5,X003108548,Not Toll,73,1,1,"Divided, No Median Barrier",2,2945280.37565442,1908426.50316325,41.88171057,-87.78451001,,Urban,1,N,(N/A),Y,(N/A)
2023,2023-01-28,Saturday,5,05:20 AM,Injury,B Injury Crash,1,0,0,1,0,0,Fixed Object,6,N,N,Unable to Determine,(N/A),Darkness / Lighted Road,Snow,Snow or Slush,N,,,,,No Controls,No Controls,N,1,41.8799224,-87.782015,ok,(UNK),1,2300544,2023,,18,99,50000 and OVER,9,4295,Oak Park,C,Urban Minor Arterial,,16,28,12060326,1,Cook,2,23,BARRICADE,,6,N,No,(UNK),202301036097,City,5,4.25,N,,,,(UNK),176013,(N/A),(UNK),No Defects,1,3,Minor Arterial,4,1419,X002911130,Not Toll,73,1,1,"Divided, No Median Barrier",2,2945979.62523413,1907790.92638467,41.87991455,-87.78200919,,Urban,3,N,(N/A),Y,(N/A)
2023,2023-08-05,Saturday,13,01:09 PM,Property Damage,No Injuries,0,0,0,0,0,5,Angle,15,N,N,Disregarding Stop Sign,Failing to Yield Right of Way,Daylight,Rain,Wet,Y,,,,,Stop Sign,Functioning Properly,N,2,41.8834466,-87.7845453,ok,(UNK),1,2304823,2023,,23,2,50000 and OVER,9,4295,Oak Park,C,Urban Major Collector,,16,5,12283253,8,Cook,0,23,,,6,N,No,Free Flow,202301245376,City,1,1.27999997,N,,,,(UNK),177255,(N/A),(UNK),No Defects,1,2,Major Collector,5,2783,X003108569,Not Toll,73,2,4,"Divided, No Median Barrier",2,2945254.85896069,1909056.07297834,41.88343878,-87.78453948,,Urban,2,N,(N/A),Y,(N/A)
2023,2023-08-05,Saturday,19,07:44 PM,Injury,B Injury Crash,1,0,0,1,0,1,Pedalcyclist,2,N,Y,Disregarding Stop Sign,Failing to Yield Right of Way,Dusk,Clear,Dry,Y,,,,,Stop Sign,Functioning Properly,N,1,41.8945279,-87.788126,ok,(UNK),1,2304834,2023,,23,2,50000 and OVER,9,4295,Oak Park,C,Urban Minor Arterial,,16,5,12283362,8,Cook,2,23,,,6,N,No,Slow,202301245493,City,3,3.45000005,N,,,,(UNK),177315,(N/A),(UNK),No Defects,1,1,Minor Arterial,4,1398,X003108671,Not Toll,73,2,4,Four Way,14,2944167.75046119,1913067.22630638,41.89452002,-87.78812018,,Urban,1,N,(N/A),Y,(N/A)
2023,2023-12-28,Thursday,15,03:31 PM,Property Damage,No Injuries,0,0,0,0,0,5,Front to Rear,11,N,N,Failing to Reduce Speed to Avoid Crash,Physical Condition of Driver,Daylight,Rain,Wet,N,,,,,Other,Functioning Properly,N,2,41.8712327,-87.7744217,ok,Partial Access Control,3,03-23-24490,2023,,28,17,50000 and OVER,9,4295,Oak Park,C,Urban InterState,,16,28,12471621,12,Cook,0,23,,,4,N,No,(UNK),202301424938,ISP,1,9.19999981,Y,,,,(UNK),177333,(N/A),(UNK),No Defects,1,2,InterState,1,290,X003276019,Not Toll,73,13,4,Divided With Median Barrier,3,2948135.89037433,1904681.8315508,41.87122488,-87.77441591,,Urban,2,N,(N/A),Y,(N/A)
2023,2023-12-27,Wednesday,8,08:43 AM,Property Damage,No Injuries,0,0,0,0,0,2,Angle,15,N,N,Failing to Yield Right of Way,Unable to Determine,Dusk,Clear,Dry,Y,,,,,Stop Sign,Functioning Properly,N,2,41.885162,-87.7878708,ok,(UNK),1,2308136,2023,,2,18,50000 and OVER,9,4295,Oak Park,C,Urban Local Road or Street,,16,27,12466862,12,Cook,0,23,,,3,N,No,Stopped,202301420676,City,3,0,N,,,,(UNK),177379,(N/A),(UNK),No Defects,1,1,Local Road or Street,7,,X003271699,Not Toll,73,2,4,Four Way,14,2944331.8872807,1909656.07214021,41.8851542,-87.78786505,,Urban,1,N,(N/A),Y,(N/A)
2023,2023-10-20,Friday,12,12:10 PM,Property Damage,No Injuries,0,0,0,0,0,3,Turning,10,N,N,Disregarding Traffic Signals,Improper Turning/No Signal,Daylight,Clear,Dry,N,,,,,Traffic Signal,Functioning Properly,N,2,41.873508,-87.8045205,ok,Partial Access Control,1,2306634,2023,,25,6,50000 and OVER,9,4295,Oak Park,C,Urban InterState,,16,20,12381779,10,Cook,0,23,,,5,N,No,Free Flow,202301339686,City,1,7.69999981,Y,,,,(UNK),177743,(N/A),(UNK),No Defects,1,1,InterState,1,290,X003195761,Not Toll,73,3,4,Four Way,14,2939914.83680014,1905283.8249098,41.87350018,-87.80451474,,Urban,1,N,(N/A),Y,(N/A)
2023,2023-10-21,Saturday,11,11:05 AM,Property Damage,No Injuries,0,0,0,0,0,1,Parked Motor Vehicle,9,N,N,Failing to Reduce Speed to Avoid Crash,Unable to Determine,Daylight,Clear,Dry,N,,,,,No Controls,No Controls,N,2,41.8700459,-87.7791862,ok,(UNK),1,2306657,2023,,28,18,50000 and OVER,9,4295,Oak Park,C,Urban Minor Collector,,16,21,12381825,10,Cook,0,23,,,6,N,No,Free Flow,202301339735,City,1,1.23000002,N,,,,(UNK),177992,(N/A),(UNK),No Defects,1,1,Minor Collector,6,3794,X003195807,Not Toll,73,1,1,Not Divided,1,2946850.18083058,1904213.17906339,41.87003806,-87.77918042,,Urban,1,N,(N/A),Y,(N/A)
2023,2023-10-20,Friday,16,04:02 PM,Property Damage,No Injuries,0,0,0,0,0,2,Angle,15,N,N,Failing to Reduce Speed to Avoid Crash,Failing to Yield Right of Way,Daylight,Clear,Dry,Y,,,,,Stop Sign,Functioning Properly,N,2,41.867138,-87.7840158,ok,(UNK),1,2306639,2023,,28,2,50000 and OVER,9,4295,Oak Park,C,Urban Major Collector,,16,20,12381784,10,Cook,0,23,,,5,N,No,Free Flow,202301339691,City,1,2.41000009,N,,,,(UNK),178011,(N/A),(UNK),No Defects,1,1,Major Collector,5,2783,X003195766,Not Toll,73,2,4,"Divided, No Median Barrier",2,2945564.11790701,1903116.91050756,41.86713014,-87.78401001,,Urban,1,N,(N/A),Y,(N/A)
2023,2023-10-21,Saturday,16,04:12 PM,Property Damage,No Injuries,0,0,0,0,0,2,Rear to Front,18,N,N,Following Too Closely,Driving Skills/Knowledge/Experience,Daylight,Clear,Dry,N,,,,,Traffic Signal,Functioning Properly,N,2,41.8719978,-87.7939858,ok,(UNK),1,2306665,2023,,3,15,50000 and OVER,9,4295,Oak Park,C,Urban Major Collector,,16,21,12381855,10,Cook,0,23,,,6,N,No,Free Flow,202301339769,City,1,0,N,,,,(UNK),178068,(N/A),(UNK),No Defects,1,1,Major Collector,5,290,X003195828,Not Toll,73,3,4,Not Divided,1,2942799.37092384,1904812.67043659,41.87199,-87.79398,,Urban,1,N,(N/A),Y,(N/A)
2023,2023-10-21,Saturday,1,01:23 AM,Injury,B Injury Crash,2,0,0,2,0,0,Front to Rear,11,N,N,Failing to Reduce Speed to Avoid Crash,Following Too Closely,Darkness / Lighted Road,Clear,Dry,N,,,,,Traffic Signal,Functioning Properly,N,2,41.8905579,-87.8051151,ok,(UNK),1,2306654,2023,,28,3,50000 and OVER,9,4295,Oak Park,C,Urban Other Principal Arte,,16,21,12381824,10,Cook,2,23,,,6,N,No,Stopped,202301339732,City,5,18.92000008,Y,,,,(UNK),178235,(N/A),(UNK),No Defects,1,1,Other Principal Arterial,3,348,X003195806,Not Toll,73,3,4,Not Divided,1,2939581.83204571,1911492.63403692,41.89055001,-87.8051093,,Urban,1,N,(N/A),Y,(N/A)
2023,2023-08-15,Tuesday,2,02:36 AM,Property Damage,No Injuries,0,0,0,0,0,1,Parked Motor Vehicle,9,N,N,Weather,(N/A),Darkness / Lighted Road,Rain,Wet,N,,,,,No Controls,No Controls,N,2,41.9021499,-87.7841477,ok,(UNK),1,2305045,2023,,11,99,50000 and OVER,9,4295,Oak Park,C,Urban Major Collector,,16,15,12291696,8,Cook,0,23,,,2,N,No,Free Flow,202301253822,City,5,0.49000001,N,,,,(UNK),179152,(N/A),(UNK),No Defects,1,2,Major Collector,5,2783,X003116197,Not Toll,73,1,1,Not Divided,1,2945173.76448887,1915874.9266507,41.90214209,-87.78414191,,Urban,2,N,(N/A),Y,(N/A)
2023,2023-08-06,Sunday,15,03:39 PM,Injury,B Injury Crash,3,0,0,3,0,1,Turning,10,N,N,Failing to Yield Right of Way,Disregarding Traffic Signals,Daylight,Clear,Dry,Y,,,,,Traffic Signal,Functioning Properly,N,2,41.8798687,-87.7844362,ok,(UNK),1,2304847,2023,,2,25,50000 and OVER,9,4295,Oak Park,C,Urban Minor Arterial,,16,6,12283514,8,Cook,2,23,,,7,N,No,(UNK),202301245682,City,1,4.11000013,N,,,,(UNK),179199,(N/A),(UNK),No Defects,1,1,Minor Arterial,4,1419,X003108811,Not Toll,73,3,4,"Divided, No Median Barrier",2,2945320.7751957,1907753.05174704,41.8798609,-87.78443041,,Urban,1,N,(N/A),Y,(N/A)
2023,2023-08-14,Monday,8,08:53 AM,Property Damage,No Injuries,0,0,0,0,0,1,Fixed Object,6,N,N,Physical Condition of Driver,Improper Lane Usage,Daylight,Cloudy/Overcast,Dry,Y,,,,,Pedestrian Crossing,Functioning Properly,N,1,41.8798216,-87.7881304,ok,(UNK),1,2305020,2023,,17,20,50000 and OVER,9,4295,Oak Park,C,Urban Minor Arterial,,16,14,12291591,8,Cook,0,23,CROSSWALK SIGN / POLE,,1,N,No,Free Flow,202301253697,City,1,3.92000008,N,,,,(UNK),179352,(N/A),(UNK),No Defects,1,1,Minor Arterial,4,1419,X003116123,Not Toll,73,17,4,Divided With Median Barrier,3,2944315.17434438,1907707.95160275,41.87981375,-87.7881246,,Urban,8,N,(N/A),Y,(N/A)
2023,2023-08-14,Monday,12,12:11 PM,Property Damage,No Injuries,0,0,0,0,0,2,Angle,15,N,N,Failing to Yield Right of Way,Failing to Reduce Speed to Avoid Crash,Daylight,Rain,Wet,N,,,,,Traffic Signal,Functioning Properly,Y,2,41.8796678,-87.8047358,ok,(UNK),1,2305029,2023,,2,28,50000 and OVER,9,4295,Oak Park,C,Urban Other Principal Arte,,16,14,12291626,8,Cook,0,23,,,1,N,No,Slow,202301253727,City,1,19.68000031,Y,,,,(UNK),179492,(N/A),(UNK),Unknown,99,2,Other Principal Arterial,3,348,X003116135,Not Toll,73,3,4,"Divided, No Median Barrier",2,2939794.3950226,1907526.9592448,41.87966,-87.80473002,,Urban,2,N,(N/A),N,(N/A)
2023,2023-08-14,Monday,22,10:11 PM,Injury,B Injury Crash,1,0,0,1,0,1,Pedalcyclist,2,N,Y,Unable to Determine,(N/A),Darkness / Lighted Road,Rain,Wet,N,,,,,No Controls,No Controls,Y,1,41.9092043,-87.7797011,ok,(UNK),1,2305042,2023,,18,99,50000 and OVER,9,4295,Oak Park,C,Urban Other Principal Arte,,16,14,12291690,8,Cook,2,23,,,1,N,No,Free Flow,202301253813,City,5,7.26999998,Y,,,,(UNK),179496,(N/A),(UNK),No Defects,1,2,Other Principal Arterial,3,307,X003116194,Not Toll,73,1,1,"Divided, No Median Barrier",2,2946312.77177966,1918479.33424492,41.90919641,-87.77969526,,Urban,2,N,(N/A),Y,(N/A)
2023,2023-07-28,Friday,18,06:23 PM,Property Damage,No Injuries,0,0,0,0,0,2,Front to Rear,11,N,N,Following Too Closely,Failing to Reduce Speed to Avoid Crash,Dawn,Rain,Wet,N,,,,,Traffic Signal,Other,Y,2,41.8715326,-87.7792294,ok,Partial Access Control,3,03-23-14442,2023,,3,28,50000 and OVER,9,4295,Oak Park,C,Urban Minor Collector,,16,28,12286626,7,Cook,0,23,,,5,N,No,(UNK),202301248819,ISP,2,1.13999999,N,,,,(UNK),179933,(N/A),(UNK),No Defects,1,2,Minor Collector,6,3794,X003111433,Not Toll,73,3,7,Divided With Median Barrier,3,2946823.35500184,1904754.63479151,41.87152476,-87.77922356,,Urban,2,N,(N/A),Y,(N/A)
2023,2023-01-28,Saturday,12,12:31 PM,Property Damage,No Injuries,0,0,0,0,0,5,Front to Rear,11,N,N,Failing to Reduce Speed to Avoid Crash,Unable to Determine,Daylight,Snow,Snow or Slush,N,,,,,No Controls,No Controls,N,5,41.8945898,-87.7831441,ok,(UNK),1,2300549,2023,,28,18,50000 and OVER,9,4295,Oak Park,C,Urban Minor Arterial,,16,28,12060332,1,Cook,0,23,,,6,N,Yes,Free Flow,202301036104,City,1,3.72000003,N,,,,(UNK),180212,(N/A),(UNK),No Defects,1,3,Minor Arterial,4,1398,X002911136,Not Toll,73,1,1,Not Divided,1,2945523.56790177,1913127.44291691,41.89458191,-87.78313834,,Urban,3,N,(N/A),Y,(N/A)
2023,2023-01-30,Monday,11,11:20 AM,Property Damage,No Injuries,0,0,0,0,0,2,Front to Rear,11,N,N,Failing to Reduce Speed to Avoid Crash,Driving Skills/Knowledge/Experience,Daylight,Clear,Wet,Y,,,,,Traffic Signal,Functioning Properly,N,2,41.8885678,-87.8050261,ok,(UNK),1,2300128,2023,,28,15,50000 and OVER,9,4295,Oak Park,C,Urban Other Principal Arte,,16,30,12060620,1,Cook,0,23,,,1,N,No,Stopped,202301036391,City,1,19.05999947,Y,,,,(UNK),180292,(N/A),(UNK),No Defects,1,2,Other Principal Arterial,3,348,X002911400,Not Toll,73,3,4,Not Divided,1,2939626.03691084,1910768.10303282,41.88855999,-87.8050203,,Urban,1,N,(N/A),Y,(N/A)
2023,2023-01-12,Thursday,15,03:00 PM,Property Damage,No Injuries,0,0,0,0,0,2,Sideswipe Same Direction,12,N,N,Improper Overtaking/Passing,Failing to Reduce Speed to Avoid Crash,Daylight,Clear,Dry,N,,,,,Traffic Signal,Functioning Properly,Y,2,41.888074,-87.7748889,ok,(UNK),1,2300344,2023,,4,28,50000 and OVER,9,4295,Oak Park,C,Urban Minor Arterial,,16,12,12044903,1,Cook,0,23,,,4,N,No,Stopped,202301023383,City,1,7.13000011,N,,,,(UNK),180303,(N/A),(UNK),No Defects,1,1,Minor Arterial,4,2790,X002898206,Not Toll,,3,4,"Divided, No Median Barrier",2,2947837.50200468,1910815.56453067,41.88806617,-87.77488312,,Urban,1,N,(N/A),Y,(N/A)