crash_year,crash_date,day_of_week,crash_hour,time_of_crash,crash_severity,crash_injury_severity,total_injured,total_fatals,a_injuries,b_injuries,c_injuries,no_injuries,type_of_first_crash,collision_type_code,pedestrian_involved,pedalcyclist_involved,cause1,cause2,lighting_cond,weather_cond,road_surface_cond,intersection_related,is_intersection,highway_or_street_name,at_intersection_with,address_no,traffic_control_device,traffic_control_device_cond,hit_and_run,number_of_vehicles,latitude,longitude,location_status,access_control,agency_code,agency_report_number,agency_report_year,alignment_code,cause1_code,cause2_code,city_class,city_class_code,city_code,city_name,city_township_flag,class_of_trafficway,class_of_trafficway_code,county_code,crash_day,crash_id,crash_month,crash_report_county,crash_severity_cd,crash_yr_source,damaged_property1,damaged_property2,day_of_week_code,did_crash_occur_in_work_zone,did_involve_secondary_crash,flow_condition,icn,investigating_agency_descrip,light_condition_code,mile_station,nhs,non_intersection_direction,non_intersection_distance,non_intersection_units,number_of_lanes,objectid,railroad_crossing_number,road_alignment,road_defects,road_defects_code,road_surface_condition_code,roadway_functional_class,roadway_functional_class_code,route_number,sfe,toll,township,traffic_control_device_code,traffic_control_device_cond_code,trafficway_descrip,trafficway_description_code,ts_crash_coordinate_x,ts_crash_coordinate_y,ts_crash_latitude,ts_crash_longitude,type_report,urban_rural,weather_code,were_workers_present,work_zone,work_zone_related,work_zone_type
2023,2023-08-06,Sunday,14,02:39 PM,Property Damage,No Injuries,0,0,0,0,0,1,Parked Motor Vehicle,9,N,N,Failing to Reduce Speed to Avoid Crash,(N/A),Daylight,Unknown,Unknown,N,,,,,No Controls,No Controls,Y,2,41.8797597,-87.7902323,ok,(UNK),1,2304846,2023,,28,99,50000 and OVER,9,4295,Oak Park,C,Urban Minor Arterial,,16,6,12283502,8,Cook,0,23,,,7,N,No,(UNK),202301245668,City,1,3.80999994,N,,,,(UNK),180381,(N/A),(UNK),No Defects,1,9,Minor Arterial,4,1419,X003108800,Not Toll,73,1,1,Parking Lot,7,2943743.37637919,1907669.53171,41.87975186,-87.79022647,,Urban,9,N,(N/A),Y,(N/A)
2023,2023-08-06,Sunday,4,04:54 AM,Property Damage,No Injuries,0,0,0,0,0,4,Front to Rear,11,N,N,Operating Vehicle In Reckless Manner,(N/A),Darkness / Lighted Road,Rain,Wet,N,,,,,No Controls,No Controls,Y,2,41.8798969,-87.783034,ok,(UNK),1,2304841,2023,,50,99,50000 and OVER,9,4295,Oak Park,C,Urban Minor Arterial,,16,6,12283486,8,Cook,0,23,BENCH,BENCH,7,N,Yes,(UNK),202301245645,City,5,4.19000006,N,,,,(UNK),180492,(N/A),(UNK),No Defects,1,2,Minor Arterial,4,1419,X003108784,Not Toll,73,1,1,"Divided, No Median Barrier",2,2945702.36969258,1907773.90914746,41.87988902,-87.78302819,,Urban,2,N,(N/A),Y,(N/A)
2023,2023-08-03,Thursday,18,06:45 PM,Property Damage,No Injuries,0,0,0,0,0,2,Sideswipe Same Direction,12,N,N,Failing to Yield Right of Way,Unable to Determine,Daylight,Clear,Dry,N,,,,,Other,Functioning Properly,N,2,41.8865606,-87.8049986,ok,(UNK),1,23-02328,2023,,2,18,50000 and OVER,9,4295,Oak Park,C,Urban Major Collector,,16,3,12279913,8,Cook,0,23,,,4,N,No,Free Flow,202301242178,City,1,0,N,,,,(UNK),180749,(N/A),(UNK),No Defects,1,1,Major Collector,5,1047,X003105575,Not Toll,73,13,4,Not Divided,1,2939653.67340532,1910036.81757554,41.88655271,-87.80499278,,Urban,1,N,(N/A),Y,(N/A)
2023,2023-08-03,Thursday,12,12:15 PM,Property Damage,No Injuries,0,0,0,0,0,2,Rear to Rear,17,N,N,Improper Backing,Driving Skills/Knowledge/Experience,Daylight,Clear,Dry,N,,,,,No Controls,No Controls,N,2,41.865319,-87.7848174,ok,(UNK),1,2304770,2023,,30,15,50000 and OVER,9,4295,Oak Park,C,Urban Other Principal Arte,,16,3,12279938,8,Cook,0,23,,,4,N,No,Free Flow,202301242210,City,1,7,Y,,,,(UNK),180752,(N/A),(UNK),No Defects,1,1,Other Principal Arterial,3,347,X003105599,Not Toll,52,1,1,Parking Lot,7,2945364.17999028,1902447.98638337,41.86531118,-87.78481156,,Urban,1,N,(N/A),Y,(N/A)
2023,2023-10-28,Saturday,17,05:30 PM,Property Damage,No Injuries,0,0,0,0,0,2,Front to Rear,11,N,N,Following Too Closely,Failing to Reduce Speed to Avoid Crash,Daylight,Cloudy/Overcast,Dry,N,,,,,Other Regualtory Sig,Functioning Properly,N,2,41.8734846,-87.8042797,ok,Partial Access Control,3,03-23-20439,2023,,3,28,50000 and OVER,9,4295,Oak Park,C,Urban InterState,,16,28,12389590,10,Cook,0,23,,,6,N,No,(UNK),202301347095,ISP,1,7.71000004,Y,,,,(UNK),181204,(N/A),(UNK),No Defects,1,1,InterState,1,290,X003202981,Not Toll,73,10,4,Divided With Median Barrier,3,2939980.66209539,1905277.08240409,41.87347672,-87.80427392,,Urban,8,N,(N/A),Y,(N/A)
2023,2023-03-08,Wednesday,20,08:32 PM,Property Damage,No Injuries,0,0,0,0,0,1,Parked Motor Vehicle,9,N,N,Failing to Reduce Speed to Avoid Crash,Improper Backing,Darkness / Lighted Road,Clear,Dry,N,,,,,Stop Sign,Functioning Properly,N,2,41.8816561,-87.7861442,ok,(UNK),1,2301342,2023,,28,30,50000 and OVER,9,4295,Oak Park,C,Urban Local Road or Street,,16,8,12103028,3,Cook,0,23,,,3,N,No,Free Flow,202301076151,City,5,0,N,,,,(UNK),181471,(N/A),(UNK),No Defects,1,1,Local Road or Street,7,,X002948537,Not Toll,73,2,4,"Divided, No Median Barrier",2,2944837.55084123,1908391.48035665,41.88164824,-87.78613837,,Urban,1,N,(N/A),Y,(N/A)
2023,2023-08-08,Tuesday,7,07:57 AM,Injury,B Injury Crash,2,0,0,2,0,1,Front to Rear,11,N,N,Failing to Reduce Speed to Avoid Crash,(N/A),Daylight,Clear,Dry,Y,,,,,Traffic Signal,Functioning Properly,N,3,41.887107,-87.8049782,ok,(UNK),1,2300992,2023,,28,99,50000 and OVER,9,4295,Oak Park,C,Urban Other Principal Arte,,16,8,12284936,8,Cook,2,23,,,2,N,Yes,Slow,202301247236,City,1,19.15999985,Y,,,,(UNK),181740,(N/A),(UNK),No Defects,1,1,Other Principal Arterial,3,348,X003110064,Not Toll,73,3,4,"Divided, No Median Barrier",2,2939653.73875922,1910236.11370408,41.88709918,-87.8049724,,Urban,1,N,(N/A),Y,(N/A)
2023,2023-08-11,Friday,12,12:30 PM,Property Damage,No Injuries,0,0,0,0,0,7,Front to Rear,11,N,N,Failing to Reduce Speed to Avoid Crash,Driving Skills/Knowledge/Experience,Daylight,Clear,Dry,N,,,,,Other,Functioning Properly,N,4,41.8712363,-87.774503,ok,Partial Access Control,3,03-23-14684,2023,,28,15,50000 and OVER,9,4295,Oak Park,C,Urban InterState,,16,11,12293176,8,Cook,0,23,,,5,N,No,(UNK),202301255443,ISP,1,9.19999981,Y,,,,(UNK),182263,(N/A),(UNK),No Defects,1,1,InterState,1,290,X003117604,Not Toll,73,13,4,Divided With Median Barrier,3,2948113.70267951,1904682.52606118,41.87122849,-87.77449723,,Urban,1,N,(N/A),Y,(N/A)
2023,2023-10-23,Monday,13,01:56 PM,Property Damage,No Injuries,0,0,0,0,0,2,Angle,15,N,N,Failing to Reduce Speed to Avoid Crash,Unable to Determine,Daylight,Clear,Dry,N,,,,,No Controls,No Controls,N,2,41.8803189,-87.7779425,ok,(UNK),1,2306702,2023,,28,18,50000 and OVER,9,4295,Oak Park,C,Urban Local Road or Street,,16,23,12385779,10,Cook,0,23,,,1,N,No,Free Flow,202301343527,City,1,0,N,,,,(UNK),182807,(N/A),(UNK),No Defects,1,1,Local Road or Street,7,,X003199383,Not Toll,73,1,1,"Divided, No Median Barrier",2,2947084.71488211,1907966.28630224,41.88031107,-87.77793666,,Urban,1,N,(N/A),Y,(N/A)
2023,2023-10-25,Wednesday,7,07:39 AM,Property Damage,No Injuries,0,0,0,0,0,2,Front to Rear,11,N,N,Failing to Reduce Speed to Avoid Crash,Following Too Closely,Daylight,Rain,Wet,N,,,,,Other Warning Sign,Functioning Properly,N,2,41.8725571,-87.7946791,ok,Partial Access Control,3,03-23-20114,2023,,28,3,50000 and OVER,9,4295,Oak Park,C,Urban InterState,,16,25,12385870,10,Cook,0,23,,,3,N,No,(UNK),202301343618,ISP,1,8.15999985,Y,,,,(UNK),182833,(N/A),(UNK),No Defects,1,2,InterState,1,290,X003199470,Not Toll,73,11,4,Divided With Median Barrier,3,2942604.91103495,1905011.26717032,41.8725493,-87.79467326,,Urban,2,N,(N/A),Y,(N/A)
2023,2023-10-23,Monday,18,06:26 PM,Property Damage,No Injuries,0,0,0,0,0,3,Sideswipe Same Direction,12,N,N,Failing to Yield Right of Way,Improper Lane Usage,Darkness / Lighted Road,Clear,Dry,N,,,,,No Controls,No Controls,N,2,41.8800057,-87.7844421,ok,(UNK),1,2306715,2023,,2,20,50000 and OVER,9,4295,Oak Park,C,Urban Major Collector,,16,23,12385822,10,Cook,0,23,,,1,N,No,Free Flow,202301343572,City,5,1.50999999,N,,,,(UNK),182913,(N/A),(UNK),No Defects,1,1,Major Collector,5,2783,X003199425,Not Toll,73,1,1,"Divided, No Median Barrier",2,2945317.78451549,1907802.90035097,41.87999781,-87.7844363,,Urban,1,N,(N/A),Y,(N/A)
2023,2023-10-22,Sunday,13,01:25 PM,Property Damage,No Injuries,0,0,0,0,0,4,Turning,10,N,N,Disregarding Traffic Signals,Driving Skills/Knowledge/Experience,Daylight,Clear,Dry,Y,,,,,Traffic Signal,Functioning Properly,N,2,41.8800753,-87.7795432,ok,(UNK),1,2306677,2023,,25,15,50000 and OVER,9,4295,Oak Park,C,Urban Local Road or Street,,16,22,12383401,10,Cook,0,23,,,7,N,No,Free Flow,202301341432,City,1,0.54000002,N,,,,(UNK),182972,(N/A),(UNK),No Defects,1,1,Local Road or Street,7,3794,X003197279,Not Toll,73,3,4,T-Intersection,15,2946651.25259314,1907865.36169588,41.88006743,-87.77953736,,Urban,1,N,(N/A),Y,(N/A)
2023,2023-10-23,Monday,8,08:11 AM,Property Damage,No Injuries,0,0,0,0,0,1,Parked Motor Vehicle,9,N,N,Improper Backing,(N/A),Dawn,Clear,Dry,N,,,,,Stop Sign,Functioning Properly,Y,2,41.9072533,-87.790153,ok,(UNK),1,2306691,2023,,30,99,50000 and OVER,9,4295,Oak Park,C,Urban Local Road or Street,,16,23,12383403,10,Cook,0,23,,,1,N,No,Slow,202301341434,City,2,0,N,,,,(UNK),182973,(N/A),(UNK),No Defects,1,1,Local Road or Street,7,,X003197281,Not Toll,73,2,4,Not Divided,1,2943487.29134629,1917689.32466885,41.90724546,-87.79014724,,Urban,1,N,(N/A),Y,(N/A)
2023,2023-10-23,Monday,12,12:33 PM,Injury,C Injury Crash,1,0,0,0,1,1,Angle,15,N,N,Failing to Yield Right of Way,Failing to Reduce Speed to Avoid Crash,Daylight,Clear,Dry,Y,,,,,Stop Sign,Functioning Properly,N,2,41.8754176,-87.7997183,ok,(UNK),1,2306698,2023,,2,28,50000 and OVER,9,4295,Oak Park,C,Urban Local Road or Street,,16,23,12383416,10,Cook,1,23,,,1,N,No,Stopped,202301341446,City,1,0,N,,,,(UNK),182974,(N/A),(UNK),No Defects,1,1,Local Road or Street,7,,X003197293,Not Toll,73,2,4,Four Way,14,2941203.60803313,1906015.77150752,41.87540979,-87.79971249,,Urban,1,N,(N/A),Y,(N/A)
2023,2023-01-26,Thursday,14,02:45 PM,Property Damage,No Injuries,0,0,0,0,0,2,Front to Rear,11,N,N,Failing to Reduce Speed to Avoid Crash,Following Too Closely,Daylight,Snow,Wet,N,,,,,Other Regualtory Sig,Functioning Properly,N,2,41.8737158,-87.8038297,ok,Partial Access Control,3,03-23-01499,2023,,28,3,50000 and OVER,9,4295,Oak Park,C,Urban InterState,,16,26,12054687,1,Cook,0,23,,,4,N,No,(UNK),202301031078,ISP,1,7.73000002,Y,,,,(UNK),183685,(N/A),(UNK),No Defects,1,2,InterState,1,290,X002906010,Not Toll,73,10,4,Divided With Median Barrier,3,2940100.91763945,1905364.7167281,41.87370793,-87.80382388,,Urban,3,N,(N/A),Y,(N/A)
2023,2023-08-03,Thursday,22,10:09 PM,Property Damage,No Injuries,0,0,0,0,0,1,Parked Motor Vehicle,9,N,N,Unable to Determine,Unable to Determine,Darkness / Lighted Road,Clear,Dry,N,,,,,No Controls,No Controls,N,2,41.8872511,-87.797125,ok,(UNK),1,2304783,2023,,18,18,50000 and OVER,9,4295,Oak Park,C,Urban Local Road or Street,,16,3,12279945,8,Cook,0,23,,,4,N,No,Free Flow,202301242218,City,5,0,N,,,,(UNK),183963,(N/A),(UNK),No Defects,1,1,Local Road or Street,7,,X003105605,Not Toll,73,1,1,One-Way,10,2941790.78602014,1910347.61552894,41.88724329,-87.7971192,,Urban,1,N,(N/A),Y,(N/A)
2023,2023-07-30,Sunday,13,01:39 PM,Property Damage,No Injuries,0,0,0,0,0,2,Front to Rear,11,N,N,Following Too Closely,Failing to Reduce Speed to Avoid Crash,Daylight,Clear,Dry,N,,,,,Traffic Signal,Functioning Properly,N,2,41.8944473,-87.7928058,ok,(UNK),1,2304685,2023,,3,28,50000 and OVER,9,4295,Oak Park,C,Urban Minor Arterial,,16,30,12279893,7,Cook,0,23,,,7,N,No,Slow,202301242150,City,1,3.20000005,N,,,,(UNK),183978,(N/A),(UNK),No Defects,1,1,Minor Arterial,4,1398,X003105557,Not Toll,73,3,4,Not Divided,1,2942894.35283495,1913002.57135419,41.89443949,-87.79279999,,Urban,1,N,(N/A),Y,(N/A)
2023,2023-08-03,Thursday,7,07:07 AM,Property Damage,No Injuries,0,0,0,0,0,2,Turning,10,N,N,Failing to Yield Right of Way,Failing to Reduce Speed to Avoid Crash,Daylight,Clear,Dry,Y,,,,,Stop Sign,Functioning Properly,N,2,41.8815687,-87.7956362,ok,(UNK),1,2304764,2023,,2,28,50000 and OVER,9,4295,Oak Park,C,Urban Major Collector,,16,3,12279911,8,Cook,0,23,,,4,N,No,Free Flow,202301242175,City,1,0.47,N,,,,(UNK),183980,(N/A),(UNK),No Defects,1,1,Major Collector,5,5,X003105573,Not Toll,73,2,4,Not Divided,1,2942253.45040537,1908288.03642983,41.88156086,-87.79563038,,Urban,1,N,(N/A),Y,(N/A)
2023,2023-08-03,Thursday,8,08:20 AM,Injury,C Injury Crash,1,0,0,0,1,1,Pedestrian,1,Y,N,Distraction - From Outside Vehicle,Failing to Yield Right of Way,Daylight,Clear,Dry,Y,,,,,Stop Sign,Functioning Properly,N,1,41.8781815,-87.8037966,ok,(UNK),1,2304765,2023,,40,2,50000 and OVER,9,4295,Oak Park,C,Urban Local Road or Street,,16,3,12279928,8,Cook,1,23,,,4,N,Yes,Free Flow,202301242199,City,1,0,N,,,,(UNK),184031,(N/A),(UNK),No Defects,1,1,Local Road or Street,7,,X003105589,Not Toll,73,2,4,Not Divided,1,2940065.09353478,1906992.34417407,41.87817363,-87.80379083,,Urban,1,N,(N/A),Y,(N/A)
2023,2023-08-09,Wednesday,15,03:30 PM,Property Damage,No Injuries,0,0,0,0,0,2,Turning,10,N,N,Failing to Yield Right of Way,(N/A),Daylight,Cloudy/Overcast,Dry,Y,,,,,Traffic Signal,Functioning Properly,N,2,41.8815877,-87.7943358,ok,(UNK),1,2304916,2023,,2,99,50000 and OVER,9,4295,Oak Park,C,Urban Major Collector,,16,9,12287711,8,Cook,0,23,,,3,N,No,Slow,202301249918,City,1,0.54000002,N,,,,(UNK),184186,(N/A),(UNK),No Defects,1,1,Major Collector,5,5,X003112457,Not Toll,73,3,4,"Divided, No Median Barrier",2,2942607.39478722,1908304.74993942,41.88157985,-87.79433,,Urban,8,N,(N/A),Y,(N/A)
2023,2023-08-03,Thursday,9,09:02 AM,Property Damage,No Injuries,0,0,0,0,0,2,Rear to Rear,17,N,N,Failing to Reduce Speed to Avoid Crash,Driving Skills/Knowledge/Experience,Daylight,Clear,Dry,Y,,,,,Traffic Signal,Functioning Properly,N,2,41.8800056,-87.7844421,ok,(UNK),1,2304766,2023,,28,15,50000 and OVER,9,4295,Oak Park,C,Urban Major Collector,,16,3,12279936,8,Cook,0,23,,,4,N,No,Stopped,202301242208,City,1,1.50999999,N,,,,(UNK),184287,(N/A),(UNK),No Defects,1,1,Major Collector,5,2783,X003105597,Not Toll,73,3,4,Two-way Continuous Left-Tur,4,2945317.78544709,1907802.88482311,41.87999777,-87.7844363,,Urban,1,N,(N/A),Y,(N/A)
2023,2023-08-05,Saturday,17,05:37 PM,Property Damage,No Injuries,0,0,0,0,0,5,Front to Rear,11,N,N,Failing to Reduce Speed to Avoid Crash,Following Too Closely,Daylight,Clear,Dry,N,,,,,Traffic Signal,Functioning Properly,Y,3,41.8736061,-87.803792,ok,Partial Access Control,3,03-23-14315,2023,,28,3,50000 and OVER,9,4295,Oak Park,C,Urban InterState,,16,5,12293366,8,Cook,0,23,,,6,N,No,(UNK),202301255642,ISP,1,0.20999999,Y,,,,(UNK),184483,(N/A),(UNK),No Defects,1,1,InterState,1,290,X003117786,Not Toll,,3,4,Not Divided,1,2940112.28463381,1905325.031016,41.8736061,-87.80379199,,Urban,1,N,(N/A),Y,(N/A)
2023,2023-08-11,Friday,14,02:55 PM,Property Damage,No Injuries,0,0,0,0,0,2,Front to Rear,11,N,N,Following Too Closely,Failing to Reduce Speed to Avoid Crash,Daylight,Clear,Dry,N,,,,,Other,Functioning Properly,N,2,41.8737819,-87.8045295,ok,Partial Access Control,3,03-23-14690,2023,,3,28,50000 and OVER,9,4295,Oak Park,C,Urban Other Principal Arte,,16,11,12293301,8,Cook,0,23,,,5,N,No,(UNK),202301255575,ISP,1,20.07999992,Y,,,,(UNK),184492,(N/A),(UNK),No Defects,1,1,Other Principal Arterial,3,348,X003117726,Not Toll,73,13,4,Divided With Median Barrier,3,2939909.65289813,1905383.55438405,41.87377403,-87.80452368,,Urban,1,N,(N/A),Y,(N/A)
2023,2023-07-24,Monday,17,05:15 PM,Property Damage,No Injuries,0,0,0,0,0,3,Front to Rear,11,N,N,Failing to Reduce Speed to Avoid Crash,Physical Condition of Driver,Daylight,Clear,Dry,N,,,,,Other,Functioning Properly,N,2,41.8726341,-87.7939988,ok,Partial Access Control,3,03-23-13458,2023,,28,17,50000 and OVER,9,4295,Oak Park,C,Urban Major Collector,,16,24,12280019,7,Cook,0,23,,,1,N,No,(UNK),202301242315,ISP,1,6.63999987,N,,,,(UNK),184589,(N/A),(UNK),No Defects,1,1,Major Collector,5,2775,X003105674,Not Toll,73,13,4,Divided With Median Barrier,3,2942789.41402908,1905044.43301842,41.87262625,-87.79399301,,Urban,1,N,(N/A),Y,(N/A)
2023,2023-10-23,Monday,8,08:25 AM,Property Damage,No Injuries,0,0,0,0,0,3,Parked Motor Vehicle,9,N,N,Unable to Determine,Unable to Determine,Daylight,Clear,Dry,N,,,,,No Controls,No Controls,Y,4,41.8916174,-87.7915929,ok,(UNK),1,2306692,2023,,18,18,50000 and OVER,9,4295,Oak Park,C,Urban Local Road or Street,,16,23,12383406,10,Cook,0,23,,,1,N,No,Slow,202301341437,City,1,0,N,,,,(UNK),184790,(N/A),(UNK),No Defects,1,1,Local Road or Street,7,,X003197284,Not Toll,73,1,1,Not Divided,1,2943253.14747472,1911980.41861817,41.89160951,-87.79158714,,Urban,1,N,(N/A),Y,(N/A)
2023,2023-10-24,Tuesday,8,08:30 AM,Injury,A Injury Crash,2,0,1,0,1,0,Pedestrian,1,Y,N,Failing to Yield Right of Way,Improper Lane Usage,Daylight,Clear,Dry,Y,,,,,Stop Sign,Functioning Properly,N,1,41.8650401,-87.8033631,ok,(UNK),1,2306725,2023,,2,20,50000 and OVER,9,4295,Oak Park,C,Urban Other Principal Arte,,16,24,12385865,10,Cook,3,23,,,2,N,No,Stopped,202301343613,City,1,6.03000021,Y,,,,(UNK),184999,(N/A),(UNK),No Defects,1,1,Other Principal Arterial,3,347,X003199465,Not Toll,52,2,4,"Divided, No Median Barrier",2,2940315.08927693,1902206.63878063,41.86503223,-87.80335729,,Urban,1,N,(N/A),Y,(N/A)
2023,2023-10-25,Wednesday,8,08:40 AM,Property Damage,No Injuries,0,0,0,0,0,1,Parked Motor Vehicle,9,N,N,Failing to Reduce Speed to Avoid Crash,(N/A),Daylight,Rain,Wet,N,,,,,No Controls,No Controls,N,2,41.8691932,-87.7889962,ok,(UNK),1,2306752,2023,,28,99,50000 and OVER,9,4295,Oak Park,C,Urban Minor Collector,,16,25,12385889,10,Cook,0,23,,,3,N,No,Slow,202301343636,City,1,1.35000002,N,,,,(UNK),185255,(N/A),(UNK),No Defects,1,2,Minor Collector,6,2779,X003199489,Not Toll,73,1,1,Not Divided,1,2944186.72609628,1903828.250207,41.8691854,-87.78899042,,Urban,2,N,(N/A),Y,(N/A)
2023,2023-10-24,Tuesday,15,03:56 PM,Property Damage,No Injuries,0,0,0,0,0,2,Turning,10,N,N,Failing to Yield Right of Way,Failing to Reduce Speed to Avoid Crash,Daylight,Clear,Dry,Y,,,,,Stop Sign,Functioning Properly,N,2,41.8868319,-87.8001183,ok,(UNK),1,2306740,2023,,2,28,50000 and OVER,9,4295,Oak Park,C,Urban Local Road or Street,,16,24,12385874,10,Cook,0,23,,,2,N,No,Slow,202301343622,City,1,0,N,,,,(UNK),185348,(N/A),(UNK),No Defects,1,1,Local Road or Street,7,,X003199474,Not Toll,73,2,4,Four Way,14,2940979.89802293,1910172.32122273,41.88682402,-87.80011251,,Urban,1,N,(N/A),Y,(N/A)
2023,2023-10-24,Tuesday,16,04:53 PM,Property Damage,No Injuries,0,0,0,0,0,3,Front to Rear,11,N,N,Failing to Reduce Speed to Avoid Crash,(N/A),Daylight,Cloudy/Overcast,Dry,N,,,,,Traffic Signal,Functioning Properly,N,3,41.8886417,-87.7926986,ok,(UNK),1,2306743,2023,,28,99,50000 and OVER,9,4295,Oak Park,C,Urban Major Collector,,16,24,12385876,10,Cook,0,23,,,2,N,Yes,Free Flow,202301343624,City,1,0,N,,,,(UNK),185349,(N/A),(UNK),No Defects,1,1,Major Collector,5,,X003199476,Not Toll,73,3,4,Not Divided,1,2942982.11113016,1910887.70819458,41.88863389,-87.79269278,,Urban,8,N,(N/A),Y,(N/A)
2023,2023-08-03,Thursday,11,11:50 AM,Property Damage,No Injuries,0,0,0,0,0,2,Front to Rear,11,N,N,Failing to Yield Right of Way,Failing to Reduce Speed to Avoid Crash,Daylight,Clear,Dry,N,,,,,Other,Functioning Properly,Y,2,41.871948,-87.7841932,ok,Partial Access Control,3,03-23-14137,2023,,2,28,50000 and OVER,9,4295,Oak Park,C,Urban Major Collector,,16,3,12292098,8,Cook,0,23,,,4,N,No,(UNK),202301254305,ISP,1,2.06999993,N,,,,(UNK),185690,(N/A),(UNK),No Defects,1,1,Major Collector,5,2783,X003116584,Not Toll,73,13,4,Divided With Median Barrier,3,2945467.10697206,1904868.41138293,41.87194012,-87.78418745,,Urban,1,N,(N/A),Y,(N/A)
2023,2023-08-09,Wednesday,22,10:28 PM,Property Damage,No Injuries,0,0,0,0,0,3,Angle,15,N,N,Disregarding Traffic Signals,(N/A),Darkness / Lighted Road,Clear,Dry,Y,,,,,Traffic Signal,Functioning Properly,N,2,41.9020082,-87.7753558,ok,(UNK),1,2304924,2023,,25,99,50000 and OVER,9,4295,Oak Park,C,Urban Minor Arterial,,16,9,12287713,8,Cook,0,23,,,3,N,No,Free Flow,202301249920,City,5,2.56999993,N,,,,(UNK),185772,(N/A),(UNK),No Defects,1,1,Minor Arterial,4,1394,X003112459,Not Toll,,3,4,"Divided, No Median Barrier",2,2947568.76068647,1915889.90590219,41.90200034,-87.77535001,,Urban,1,N,(N/A),Y,(N/A)
2023,2023-12-26,Tuesday,14,02:58 PM,Property Damage,No Injuries,0,0,0,0,0,2,Front to Rear,11,N,N,Failing to Yield Right of Way,Improper Turning/No Signal,Daylight,Rain,Wet,Y,,,,,Traffic Signal,Functioning Properly,N,2,41.8761304,-87.8046005,ok,(UNK),1,23-03972,2023,,2,6,50000 and OVER,9,4295,Oak Park,C,Urban Other Principal Arte,,16,26,12468712,12,Cook,0,23,,,2,N,No,Slow,202301422455,City,1,19.92000008,Y,,,,(UNK),185992,(N/A),(UNK),No Defects,1,2,Other Principal Arterial,3,348,X003273452,Not Toll,73,3,4,"Divided, No Median Barrier",2,2939866.73523665,1906238.86856824,41.87612256,-87.80459473,,Urban,2,N,(N/A),Y,(N/A)
2023,2023-10-11,Wednesday,17,05:20 PM,Property Damage,No Injuries,0,0,0,0,0,2,Sideswipe Same Direction,12,N,N,Improper Overtaking/Passing,Improper Lane Usage,Daylight,Clear,Dry,N,,,,,Other,Functioning Properly,Y,2,41.8731484,-87.7984709,ok,Partial Access Control,3,03-23-19141,2023,,4,20,50000 and OVER,9,4295,Oak Park,C,Urban InterState,,16,11,12382301,10,Cook,0,23,,,3,N,No,(UNK),202301340330,ISP,1,0,Y,,,,(UNK),186180,(N/A),(UNK),No Defects,1,1,InterState,1,290,X003196252,Not Toll,,13,4,Divided With Median Barrier,3,2941566.17217666,1905198.1911296,41.87314838,-87.79847091,,Urban,1,N,(N/A),Y,(N/A)
2023,2023-07-21,Friday,9,09:44 AM,Property Damage,No Injuries,0,0,0,0,0,1,Parked Motor Vehicle,9,N,N,Failing to Reduce Speed to Avoid Crash,(N/A),Unknown,Unknown,Dry,N,,,,,No Controls,No Controls,Y,2,41.8849037,-87.8040218,ok,(UNK),1,2304485,2023,,28,99,50000 and OVER,9,4295,Oak Park,C,Urban Local Road or Street,,16,21,12295066,7,Cook,0,23,,,5,N,No,Free Flow,202301257425,City,9,0,N,,,,(UNK),186348,(N/A),(UNK),No Defects,1,1,Local Road or Street,7,,X003119385,Not Toll,73,1,1,Not Divided,1,2939936.2950877,1909440.35197836,41.88489584,-87.804016,,Urban,9,N,(N/A),Y,(N/A)
2023,2023-08-16,Wednesday,13,01:55 PM,Property Damage,No Injuries,0,0,0,0,0,2,Turning,10,N,N,Improper Turning/No Signal,(N/A),Daylight,Clear,Dry,Y,,,,,Traffic Signal,Functioning Properly,Y,2,41.8735079,-87.8045197,ok,Partial Access Control,1,2305085,2023,,6,99,50000 and OVER,9,4295,Oak Park,C,Urban InterState,,16,16,12295084,8,Cook,0,23,,,3,N,No,Slow,202301257445,City,1,7.69999981,Y,,,,(UNK),186350,(N/A),(UNK),No Defects,1,1,InterState,1,290,X003119402,Not Toll,73,3,4,Four Way,14,2939915.07551581,1905283.8008412,41.87350009,-87.80451386,,Urban,1,N,(N/A),Y,(N/A)
2023,2023-12-29,Friday,15,03:25 PM,Injury,B Injury Crash,2,0,0,2,0,5,Turning,10,N,N,Failing to Yield Right of Way,Improper Turning/No Signal,Dusk,Clear,Wet,N,,,,,Other,Functioning Properly,N,2,41.908916,-87.8008047,ok,(UNK),1,2301621,2023,,2,6,50000 and OVER,9,4295,Oak Park,C,Urban Other Principal Arte,,16,29,12472191,12,Cook,2,23,,,5,N,No,Free Flow,202301425347,City,3,6.17999983,Y,,,,(UNK),187329,(N/A),(UNK),No Defects,1,2,Other Principal Arterial,3,307,X003276546,Not Toll,73,13,4,"Divided, No Median Barrier",2,2940570.92646431,1918215.05447819,41.90890818,-87.80079895,,Urban,1,N,(N/A),Y,(N/A)
2023,2023-11-16,Thursday,20,08:00 PM,Property Damage,No Injuries,0,0,0,0,0,2,Parked Motor Vehicle,9,N,N,Unable to Determine,(N/A),Darkness / Lighted Road,Clear,Dry,N,,,,,No Controls,No Controls,N,2,41.8885828,-87.8045874,ok,(UNK),1,2307638,2023,,18,99,50000 and OVER,9,4295,Oak Park,C,Urban Major Collector,,16,16,12441128,11,Cook,0,23,,,4,N,No,Free Flow,202301395512,City,5,0,N,,,,(UNK),188120,(N/A),(UNK),No Defects,1,1,Major Collector,5,,X003248867,Not Toll,73,1,1,Not Divided,1,2939745.3555287,1910776.82942896,41.88857491,-87.80458157,,Urban,1,N,(N/A),Y,(N/A)