crash_year,crash_date,day_of_week,crash_hour,time_of_crash,crash_severity,crash_injury_severity,total_injured,total_fatals,a_injuries,b_injuries,c_injuries,no_injuries,type_of_first_crash,collision_type_code,pedestrian_involved,pedalcyclist_involved,cause1,cause2,lighting_cond,weather_cond,road_surface_cond,intersection_related,is_intersection,highway_or_street_name,at_intersection_with,address_no,traffic_control_device,traffic_control_device_cond,hit_and_run,number_of_vehicles,latitude,longitude,location_status,access_control,agency_code,agency_report_number,agency_report_year,alignment_code,cause1_code,cause2_code,city_class,city_class_code,city_code,city_name,city_township_flag,class_of_trafficway,class_of_trafficway_code,county_code,crash_day,crash_id,crash_month,crash_report_county,crash_severity_cd,crash_yr_source,damaged_property1,damaged_property2,day_of_week_code,did_crash_occur_in_work_zone,did_involve_secondary_crash,flow_condition,icn,investigating_agency_descrip,light_condition_code,mile_station,nhs,non_intersection_direction,non_intersection_distance,non_intersection_units,number_of_lanes,objectid,railroad_crossing_number,road_alignment,road_defects,road_defects_code,road_surface_condition_code,roadway_functional_class,roadway_functional_class_code,route_number,sfe,toll,township,traffic_control_device_code,traffic_control_device_cond_code,trafficway_descrip,trafficway_description_code,ts_crash_coordinate_x,ts_crash_coordinate_y,ts_crash_latitude,ts_crash_longitude,type_report,urban_rural,weather_code,were_workers_present,work_zone,work_zone_related,work_zone_type
2023,2023-08-06,Sunday,1,01:00 AM,Property Damage,No Injuries,0,0,0,0,0,6,Front to Rear,11,N,N,Weather,(N/A),Darkness / Lighted Road,Rain,Wet,Y,,,,,Traffic Signal,Functioning Properly,N,2,41.8719978,-87.7939858,ok,(UNK),1,2304839,2023,,11,99,50000 and OVER,9,4295,Oak Park,C,Urban Major Collector,,16,6,12290560,8,Cook,0,23,,,7,N,No,Stopped,202301252636,City,5,0,N,,,,(UNK),188280,(N/A),(UNK),No Defects,1,2,Major Collector,5,290,X003115133,Not Toll,73,3,4,Not Divided,1,2942799.37092384,1904812.67043659,41.87199,-87.79398,,Urban,2,N,(N/A),Y,(N/A)
2023,2023-08-10,Thursday,17,05:57 PM,Property Damage,No Injuries,0,0,0,0,0,2,Sideswipe Same Direction,12,N,N,Failing to Reduce Speed to Avoid Crash,Unable to Determine,Daylight,Clear,Dry,Y,,,,,No Controls,No Controls,Y,2,41.9091779,-87.7821058,ok,(UNK),1,2304940,2023,,28,18,50000 and OVER,9,4295,Oak Park,C,Urban Other Principal Arte,,16,10,12290596,8,Cook,0,23,,,4,N,No,Free Flow,202301252671,City,1,7.13999987,Y,,,,(UNK),188357,(N/A),(UNK),No Defects,1,1,Other Principal Arterial,3,307,X003115168,Not Toll,73,1,1,Not Divided,1,2945658.43246292,1918451.49322451,41.90917,-87.7821,,Urban,1,N,(N/A),Y,(N/A)
2023,2023-08-09,Wednesday,0,00:47 AM,Property Damage,No Injuries,0,0,0,0,0,3,Angle,15,N,N,Failing to Reduce Speed to Avoid Crash,Disregarding Stop Sign,Darkness / Lighted Road,Clear,Dry,Y,,,,,Stop Sign,Functioning Properly,Y,2,41.8946678,-87.7783858,ok,(UNK),1,2304894,2023,,28,23,50000 and OVER,9,4295,Oak Park,C,Urban Minor Arterial,,16,9,12290571,8,Cook,0,23,,,3,N,No,Free Flow,202301252647,City,5,3.96000004,N,,,,(UNK),188374,(N/A),(UNK),No Defects,1,1,Minor Arterial,4,1398,X003115144,Not Toll,73,2,4,"Divided, No Median Barrier",2,2946818.3555651,1913191.91601603,41.89465991,-87.77838003,,Urban,1,N,(N/A),Y,(N/A)
2023,2023-08-03,Thursday,17,05:10 PM,Injury,B Injury Crash,1,0,0,1,0,5,Front to Rear,11,N,N,Physical Condition of Driver,Failing to Reduce Speed to Avoid Crash,Daylight,Clear,Dry,N,,,,,Other Regualtory Sig,Functioning Properly,N,3,41.8733356,-87.8027508,ok,Partial Access Control,3,03-23-14162,2023,,17,28,50000 and OVER,9,4295,Oak Park,C,Urban InterState,,16,3,12293514,8,Cook,2,23,,,4,N,No,(UNK),202301255797,ISP,1,7.78000021,Y,,,,(UNK),188456,(N/A),(UNK),No Defects,1,1,InterState,1,290,X003117927,Not Toll,73,10,4,Divided With Median Barrier,3,2940398.58038337,1905234.27246108,41.87332777,-87.80274502,,Urban,1,N,(N/A),Y,(N/A)
2023,2023-12-05,Tuesday,18,06:10 PM,Property Damage,No Injuries,0,0,0,0,0,2,Angle,15,N,N,Failing to Reduce Speed to Avoid Crash,Failing to Yield Right of Way,Darkness / Lighted Road,Rain,Wet,Y,,,,,Stop Sign,Functioning Properly,N,2,41.8725457,-87.7890957,ok,(UNK),1,2307673,2023,,28,2,50000 and OVER,9,4295,Oak Park,C,Urban Minor Collector,,16,5,12441130,12,Cook,0,23,,,2,N,No,Slow,202301395514,City,5,0.25999999,N,,,,(UNK),188738,(N/A),(UNK),No Defects,1,2,Minor Collector,6,290,X003248869,Not Toll,73,2,4,Four Way,14,2944125.77161029,1905049.20367529,41.87253788,-87.7890899,,Urban,2,N,(N/A),Y,(N/A)
2023,2023-12-06,Wednesday,13,01:00 PM,Property Damage,No Injuries,0,0,0,0,0,2,Sideswipe Same Direction,12,N,N,Failing to Yield Right of Way,Improper Lane Usage,Daylight,Clear,Dry,N,,,,,Other Regualtory Sig,Functioning Properly,N,2,41.8712639,-87.7795304,ok,Partial Access Control,3,03-23-23079,2023,,2,20,50000 and OVER,9,4295,Oak Park,C,Urban InterState,,16,6,12441180,12,Cook,0,23,,,3,N,No,(UNK),202301395561,ISP,1,8.93999958,Y,,,,(UNK),188743,(N/A),(UNK),No Defects,1,1,InterState,1,290,X003248917,Not Toll,,10,4,Divided With Median Barrier,3,2946744.08620638,1904654.42986056,41.8712639,-87.77953038,,Urban,1,N,(N/A),Y,(N/A)
2023,2023-11-10,Friday,17,05:30 PM,Property Damage,No Injuries,0,0,0,0,0,2,Turning,10,N,N,Disregarding Traffic Signals,Improper Turning/No Signal,Daylight,Clear,Dry,Y,,,,,Traffic Signal,Functioning Properly,Y,2,41.8719978,-87.7939858,ok,(UNK),1,2307167,2023,,25,6,50000 and OVER,9,4295,Oak Park,C,Urban Major Collector,,16,10,12414212,11,Cook,0,23,,,5,N,No,Free Flow,202301369696,City,1,0,N,,,,(UNK),188904,(N/A),(UNK),No Defects,1,1,Major Collector,5,290,X003224984,Not Toll,73,3,4,Four Way,14,2942799.37092384,1904812.67043659,41.87199,-87.79398,,Urban,1,N,(N/A),Y,(N/A)
2023,2023-07-28,Friday,7,07:15 AM,Property Damage,No Injuries,0,0,0,0,0,2,Front to Rear,11,N,N,Weather,Failing to Reduce Speed to Avoid Crash,Daylight,Rain,Wet,N,,,,,Traffic Signal,Functioning Properly,N,2,41.87126,-87.774912,ok,Partial Access Control,3,03-23-13795,2023,,11,28,50000 and OVER,9,4295,Oak Park,C,Urban InterState,,16,28,12293549,7,Cook,0,23,,,5,N,No,(UNK),202301255836,ISP,1,9.18000031,Y,,,,(UNK),189123,(N/A),(UNK),No Defects,1,2,InterState,1,290,X003117961,Not Toll,73,3,4,Ramp,11,2948002.06149733,1904688.02941176,41.87125211,-87.77490623,,Urban,2,N,(N/A),Y,(N/A)
2023,2023-08-06,Sunday,0,00:40 AM,Property Damage,No Injuries,0,0,0,0,0,2,Turning,10,N,N,Disregarding Traffic Signals,Failing to Reduce Speed to Avoid Crash,Darkness / Lighted Road,Rain,Wet,Y,,,,,Traffic Signal,Functioning Properly,Y,2,41.8736414,-87.8045238,ok,Partial Access Control,3,03-23-14332,2023,,25,28,50000 and OVER,9,4295,Oak Park,C,Urban InterState,,16,6,12293645,8,Cook,0,23,,,7,N,No,(UNK),202301255936,ISP,5,0.20999999,Y,,,,(UNK),189222,(N/A),(UNK),No Defects,1,2,InterState,1,290,X003118055,Not Toll,73,3,4,Four Way,14,2939912.62013265,1905332.39506401,41.87363353,-87.80451796,,Urban,2,N,(N/A),Y,(N/A)
2023,2023-08-17,Thursday,15,03:15 PM,Property Damage,No Injuries,0,0,0,0,0,2,Front to Rear,11,N,N,Failing to Reduce Speed to Avoid Crash,(N/A),Daylight,Clear,Dry,Y,,,,,No Controls,No Controls,N,2,41.8800304,-87.7832365,ok,(UNK),1,2305121,2023,,28,99,50000 and OVER,9,4295,Oak Park,C,Urban Local Road or Street,,16,17,12297073,8,Cook,0,23,,,4,N,No,Stopped,202301258878,City,1,4.17999983,N,,,,(UNK),189232,(N/A),(UNK),No Defects,1,1,Local Road or Street,7,1419,X003120657,Not Toll,73,1,1,Other,8,2945645.86293319,1907821.02414999,41.88002251,-87.78323071,,Urban,1,N,(N/A),Y,(N/A)
2023,2023-08-17,Thursday,16,04:52 PM,Property Damage,No Injuries,0,0,0,0,0,2,Front to Rear,11,N,N,Following Too Closely,Failing to Reduce Speed to Avoid Crash,Daylight,Clear,Dry,Y,,,,,Traffic Signal,Functioning Properly,N,2,41.8943579,-87.7976657,ok,(UNK),1,2305123,2023,,3,28,50000 and OVER,9,4295,Oak Park,C,Urban Minor Arterial,,16,17,12297088,8,Cook,0,23,,,4,N,No,Slow,202301258893,City,1,2.94000006,N,,,,(UNK),189234,(N/A),(UNK),No Defects,1,1,Minor Arterial,4,1398,X003120672,Not Toll,73,3,4,"Divided, No Median Barrier",2,2941572.00034709,1912933.37499568,41.89435002,-87.79765993,,Urban,1,N,(N/A),Y,(N/A)
2023,2023-08-17,Thursday,10,10:13 AM,Property Damage,No Injuries,0,0,0,0,0,1,Parked Motor Vehicle,9,N,N,Improper Lane Usage,Driving Skills/Knowledge/Experience,Daylight,Rain,Wet,N,,,,,No Controls,No Controls,N,2,41.8884013,-87.8024274,ok,(UNK),1,2305109,2023,,20,15,50000 and OVER,9,4295,Oak Park,C,Urban Local Road or Street,,16,17,12297043,8,Cook,0,23,,,4,N,No,Free Flow,202301258851,City,1,0,N,,,,(UNK),189395,(N/A),(UNK),No Defects,1,2,Local Road or Street,7,,X003120630,Not Toll,73,1,1,Not Divided,1,2940335.34205345,1910726.90981053,41.88839345,-87.80242161,,Urban,2,N,(N/A),Y,(N/A)
2023,2023-03-09,Thursday,4,04:14 AM,Property Damage,No Injuries,0,0,0,0,0,2,Sideswipe Same Direction,12,N,N,Following Too Closely,Driving Skills/Knowledge/Experience,Darkness,Clear,Dry,N,,,,,No Controls,No Controls,N,2,41.8757196,-87.8045881,ok,(UNK),1,23-00651,2023,,3,15,50000 and OVER,9,4295,Oak Park,C,Urban Other Principal Arte,,16,9,12102942,3,Cook,0,23,,,4,N,No,Free Flow,202301076069,City,4,19.95000076,Y,,,,(UNK),190255,(N/A),(UNK),No Defects,1,1,Other Principal Arterial,3,348,X002948458,Not Toll,73,1,1,"Divided, No Median Barrier",2,2939874.25523205,1906089.26225886,41.87571177,-87.80458226,,Urban,1,N,(N/A),Y,(N/A)
2023,2023-03-09,Thursday,15,03:23 PM,Injury,B Injury Crash,2,0,0,2,0,1,Angle,15,N,N,Failing to Yield Right of Way,Failing to Reduce Speed to Avoid Crash,Daylight,Cloudy/Overcast,Dry,Y,,,,,Stop Sign,Functioning Properly,N,2,41.8816085,-87.7910524,ok,(UNK),1,2301353,2023,,2,28,50000 and OVER,9,4295,Oak Park,C,Urban Major Collector,,16,9,12104211,3,Cook,2,23,LIGHT POLE,,4,N,No,Slow,202301077268,City,1,0.70999998,N,,,,(UNK),190663,(N/A),(UNK),No Defects,1,1,Major Collector,5,5,X002949648,Not Toll,73,2,4,Not Divided,1,2943501.36462466,1908337.09065047,41.88160069,-87.79104659,,Urban,8,N,(N/A),Y,(N/A)
2023,2023-08-15,Tuesday,5,05:51 AM,Property Damage,No Injuries,0,0,0,0,0,2,Turning,10,N,N,Failing to Reduce Speed to Avoid Crash,(N/A),Darkness / Lighted Road,Rain,Wet,N,,,,,No Controls,No Controls,Y,2,41.8814241,-87.8033903,ok,(UNK),1,2305046,2023,,28,99,50000 and OVER,9,4295,Oak Park,C,Urban Major Collector,,16,15,12293736,8,Cook,0,23,,,2,N,No,Slow,202301256018,City,5,0.07,N,,,,(UNK),191013,(N/A),(UNK),No Defects,1,2,Major Collector,5,5,X003118135,Not Toll,73,1,1,"Divided, No Median Barrier",2,2940143.19439652,1908177.04779192,41.88141621,-87.80338453,,Urban,2,N,(N/A),Y,(N/A)
2023,2023-08-16,Wednesday,15,03:29 PM,Property Damage,No Injuries,0,0,0,0,0,6,Angle,15,N,N,Failing to Yield Right of Way,Unable to Determine,Daylight,Clear,Dry,Y,,,,,Stop Sign,Functioning Properly,N,2,41.8930989,-87.7848355,ok,(UNK),1,2305087,2023,,2,18,50000 and OVER,9,4295,Oak Park,C,Urban Major Collector,,16,16,12295123,8,Cook,0,23,,,3,N,No,Free Flow,202301257490,City,1,0.60000002,N,,,,(UNK),191050,(N/A),(UNK),No Defects,1,1,Major Collector,5,2783,X003119438,Not Toll,73,2,4,Unknown Intersection Type,22,2945078.1292428,1912571.3379411,41.89309102,-87.78482973,,Urban,1,N,(N/A),Y,(N/A)
2023,2023-08-09,Wednesday,7,07:11 AM,Property Damage,No Injuries,0,0,0,0,0,2,Sideswipe Same Direction,12,N,N,Failing to Yield Right of Way,(N/A),Daylight,Clear,Dry,N,,,,,No Controls,No Controls,N,2,41.8864453,-87.8049423,ok,(UNK),1,2304899,2023,,2,99,50000 and OVER,9,4295,Oak Park,C,Urban Other Principal Arte,,16,9,12287660,8,Cook,0,23,,,3,N,No,Free Flow,202301249867,City,1,19.20999908,Y,,,,(UNK),191051,(N/A),(UNK),No Defects,1,1,Other Principal Arterial,3,348,X003112416,Not Toll,73,1,1,Not Divided,1,2939670.15201177,1909995.25137276,41.88643749,-87.80493651,,Urban,1,N,(N/A),Y,(N/A)
2023,2023-10-28,Saturday,21,09:30 PM,Property Damage,No Injuries,0,0,0,0,0,2,Front to Rear,11,N,N,Distraction - From Outside Vehicle,(N/A),Darkness / Lighted Road,Clear,Dry,Y,,,,,Traffic Signal,Functioning Properly,N,2,41.8947282,-87.7751559,ok,(UNK),1,JG483380,2023,,40,99,50000 and OVER,9,4295,Oak Park,C,Urban Minor Arterial,,16,28,12389883,10,Cook,0,23,,,6,N,No,Stopped,202301347384,City,5,4.13000011,N,,,,(UNK),191822,(N/A),(UNK),No Defects,1,1,Minor Arterial,4,1398,X003203269,Not Toll,,3,4,Four Way,14,2947697.17470972,1913238.45202579,41.89472035,-87.77515012,,Urban,1,N,(N/A),Y,(N/A)
2023,2023-02-17,Friday,18,06:05 PM,Property Damage,No Injuries,0,0,0,0,0,2,Front to Rear,11,N,N,Following Too Closely,Failing to Reduce Speed to Avoid Crash,Darkness / Lighted Road,Clear,Dry,N,,,,,Other,Functioning Properly,N,2,41.8732366,-87.7992097,ok,Partial Access Control,3,03-23-02928,2023,,3,28,50000 and OVER,9,4295,Oak Park,C,Urban InterState,,16,17,12088395,2,Cook,0,23,,,5,N,No,(UNK),202301061157,ISP,5,7.94999981,Y,,,,(UNK),192448,(N/A),(UNK),No Defects,1,1,InterState,1,290,X002935542,Not Toll,73,13,4,Divided With Median Barrier,3,2941364.05257172,1905224.8047602,41.8732288,-87.79920393,,Urban,1,N,(N/A),Y,(N/A)
2023,2023-02-17,Friday,23,11:08 PM,Property Damage,No Injuries,0,0,0,0,0,2,Turning,10,N,N,Failing to Yield Right of Way,(N/A),Darkness / Lighted Road,Clear,Dry,Y,,,,,Police/Flagman,Functioning Properly,N,2,41.8736416,-87.8045257,ok,Partial Access Control,1,2300984,2023,,2,99,50000 and OVER,9,4295,Oak Park,C,Urban InterState,,16,17,12085300,2,Cook,0,23,,,5,N,No,Free Flow,202301058349,City,5,0.20999999,Y,,,,(UNK),192702,(N/A),(UNK),No Defects,1,1,InterState,1,290,X002932902,Not Toll,73,5,4,Four Way,14,2939912.09525253,1905332.46551176,41.87363376,-87.80451988,,Urban,1,N,(N/A),Y,(N/A)
2023,2023-08-05,Saturday,22,10:25 PM,Property Damage,No Injuries,0,0,0,0,0,3,Front to Rear,11,N,N,Failing to Reduce Speed to Avoid Crash,Following Too Closely,Darkness / Lighted Road,Clear,Dry,N,,,,,Other,Functioning Properly,N,2,41.8715446,-87.7793879,ok,Partial Access Control,3,03-23-14324,2023,,28,3,50000 and OVER,9,4295,Oak Park,C,Urban InterState,,16,5,12285261,8,Cook,0,23,,,6,N,No,(UNK),202301247581,ISP,5,8.94999981,Y,,,,(UNK),192977,(N/A),(UNK),No Defects,1,1,InterState,1,290,X003110376,Not Toll,73,13,4,Divided With Median Barrier,3,2946780.04667108,1904757.81684891,41.87153679,-87.77938211,,Urban,1,N,(N/A),Y,(N/A)
2023,2023-02-19,Sunday,16,04:30 PM,Property Damage,No Injuries,0,0,0,0,0,2,Sideswipe Same Direction,12,N,N,Improper Overtaking/Passing,Driving Skills/Knowledge/Experience,Daylight,Clear,Dry,N,,,,,No Controls,No Controls,N,2,41.8775908,-87.8046484,ok,(UNK),1,23-00461,2023,,4,15,50000 and OVER,9,4295,Oak Park,C,Urban Other Principal Arte,,16,19,12083735,2,Cook,0,23,,,7,N,No,Free Flow,202301057208,City,1,19.80999947,Y,,,,(UNK),193508,(N/A),(UNK),No Defects,1,1,Other Principal Arterial,3,348,X002931864,Not Toll,73,1,1,"Divided, No Median Barrier",2,2939839.05123169,1906770.69416076,41.87758293,-87.80464258,,Urban,1,N,(N/A),Y,(N/A)
2023,2023-03-21,Tuesday,16,04:37 PM,Property Damage,No Injuries,0,0,0,0,0,2,Angle,15,N,N,Disregarding Stop Sign,(N/A),Daylight,Clear,Dry,Y,,,,,Stop Sign,Functioning Properly,N,2,41.8982083,-87.7866287,ok,(UNK),1,2301604,2023,,23,99,50000 and OVER,9,4295,Oak Park,C,Urban Local Road or Street,,16,21,12117590,3,Cook,0,23,,,2,N,No,Free Flow,202301089610,City,1,0,N,,,,(UNK),194096,(N/A),(UNK),No Defects,1,1,Local Road or Street,7,,X002961710,Not Toll,73,2,4,"Divided, No Median Barrier",2,2944538.19404666,1914419.76782982,41.89820048,-87.78662292,,Urban,1,N,(N/A),Y,(N/A)
2023,2023-03-15,Wednesday,10,10:55 AM,Injury,A Injury Crash,2,0,1,1,0,2,Front to Front,14,N,N,Improper Lane Usage,(N/A),Daylight,Clear,Dry,N,,,,,No Controls,No Controls,N,2,41.8870115,-87.7829277,ok,(UNK),1,2301462,2023,,20,99,50000 and OVER,9,4295,Oak Park,C,Urban Local Road or Street,,16,15,12111088,3,Cook,3,23,,,3,N,No,(UNK),202301083572,City,1,0,N,,,,(UNK),194207,(N/A),(UNK),No Defects,1,1,Local Road or Street,7,,X002955875,Not Toll,73,1,1,Not Divided,1,2945659.25790816,1910367.43797286,41.8870037,-87.78292191,,Urban,1,N,(N/A),Y,(N/A)
2023,2023-10-24,Tuesday,23,11:00 PM,Property Damage,No Injuries,0,0,0,0,0,3,Front to Rear,11,N,N,Following Too Closely,Failing to Reduce Speed to Avoid Crash,Darkness / Lighted Road,Clear,Dry,N,,,,,Other,Functioning Properly,Y,3,41.8726222,-87.7938117,ok,Partial Access Control,3,03-23-20097,2023,,3,28,50000 and OVER,9,4295,Oak Park,C,Urban InterState,,16,24,12391576,10,Cook,0,23,,,2,N,No,(UNK),202301348812,ISP,5,320.41000366,Y,,,,(UNK),194453,(N/A),(UNK),No Defects,1,1,InterState,1,5110,X003204689,Not Toll,73,13,4,Divided With Median Barrier,3,2942840.5,1905041.5,41.87261433,-87.79380589,,Urban,1,N,(N/A),Y,(N/A)
2023,2023-01-14,Saturday,22,10:40 PM,Property Damage,No Injuries,0,0,0,0,0,3,Front to Rear,11,N,N,Failing to Reduce Speed to Avoid Crash,Following Too Closely,Darkness / Lighted Road,Clear,Dry,Y,,,,,Traffic Signal,Functioning Properly,Y,3,41.8736499,-87.804526,ok,Partial Access Control,3,03-23-00966,2023,,28,3,50000 and OVER,9,4295,Oak Park,C,Urban InterState,,16,14,12054714,1,Cook,0,23,,,6,N,No,(UNK),202301031104,ISP,5,0.20999999,Y,,,,(UNK),194497,(N/A),(UNK),No Defects,1,1,InterState,1,290,X002906037,Not Toll,73,3,4,Divided With Median Barrier,3,2939911.92076373,1905335.47267931,41.87364202,-87.80452022,,Urban,1,N,(N/A),Y,(N/A)
2023,2023-10-26,Thursday,16,04:15 PM,Property Damage,No Injuries,0,0,0,0,0,2,Sideswipe Same Direction,12,N,N,Unable to Determine,Unable to Determine,Daylight,Rain,Wet,Y,,,,,Traffic Signal,Functioning Properly,Y,2,41.8801555,-87.7746747,ok,(UNK),1,JG479662,2023,,18,18,50000 and OVER,9,4295,Oak Park,C,Urban Minor Arterial,,16,26,12386348,10,Cook,0,23,,,4,N,No,Stopped,202301344047,City,1,7.6500001,N,,,,(UNK),194623,(N/A),(UNK),No Defects,1,2,Minor Arterial,4,2790,X003199906,Not Toll,,3,4,Divided With Median Barrier,3,2947976.31479249,1907931.53852419,41.88014767,-87.77466889,,Urban,2,N,(N/A),Y,(N/A)
2023,2023-08-13,Sunday,15,03:09 PM,Property Damage,No Injuries,0,0,0,0,0,2,Front to Rear,11,N,N,Failing to Reduce Speed to Avoid Crash,(N/A),Daylight,Cloudy/Overcast,Dry,Y,,,,,Pedestrian Crossing,Functioning Properly,N,2,41.8801386,-87.7758871,ok,(UNK),1,2305008,2023,,28,99,50000 and OVER,9,4295,Oak Park,C,Urban Local Road or Street,,16,13,12291060,8,Cook,0,23,,,7,N,No,Slow,202301253141,City,1,4.55999994,N,,,,(UNK),194891,(N/A),(UNK),No Defects,1,1,Local Road or Street,7,1419,X003115624,Not Toll,73,17,4,Divided With Median Barrier,3,2947646.31103309,1907916.17046317,41.88013075,-87.77588126,,Urban,8,N,(N/A),Y,(N/A)
2023,2023-08-13,Sunday,21,09:25 PM,Property Damage,No Injuries,0,0,0,0,0,7,Sideswipe Same Direction,12,N,N,Improper Lane Usage,Failing to Reduce Speed to Avoid Crash,Darkness / Lighted Road,Clear,Dry,N,,,,,No Controls,No Controls,N,2,41.8962679,-87.805335,ok,(UNK),1,2305014,2023,,20,28,50000 and OVER,9,4295,Oak Park,C,Urban Other Principal Arte,,16,13,12291062,8,Cook,0,23,,,7,N,No,Free Flow,202301253143,City,5,18.52000046,Y,,,,(UNK),194892,(N/A),(UNK),No Defects,1,1,Other Principal Arterial,3,348,X003115626,Not Toll,73,1,1,Not Divided,1,2939464.6540025,1913571.81797659,41.89626001,-87.80532922,,Urban,1,N,(N/A),Y,(N/A)
2023,2023-10-25,Wednesday,20,08:00 PM,Property Damage,No Injuries,0,0,0,0,0,3,Sideswipe Same Direction,12,N,N,Unable to Determine,(N/A),Darkness / Lighted Road,Rain,Wet,N,,,,,No Controls,No Controls,Y,3,41.8710033,-87.7742947,ok,Partial Access Control,1,JG479502,2023,,18,99,50000 and OVER,9,4295,Oak Park,C,Urban InterState,,16,25,12386469,10,Cook,0,23,,,3,N,No,Free Flow,202301344159,City,5,8.36999989,Y,,,,(UNK),196517,(N/A),(UNK),No Defects,1,2,InterState,1,2790,X003200019,Not Toll,,1,1,"Divided, No Median Barrier",2,2948172.82124449,1904599.20172959,41.87099549,-87.77428888,,Urban,2,N,(N/A),Y,(N/A)
2023,2023-08-18,Friday,21,09:09 PM,Injury,B Injury Crash,1,0,0,1,0,1,Pedalcyclist,2,N,Y,Failing to Yield Right of Way,Unable to Determine,Darkness / Lighted Road,Clear,Dry,Y,,,,,Stop Sign,Functioning Properly,N,1,41.8800096,-87.7758823,ok,(UNK),1,2305151,2023,,2,18,50000 and OVER,9,4295,Oak Park,C,Urban Minor Arterial,,16,18,12300569,8,Cook,2,23,BICYCLE,,5,N,No,Free Flow,202301262241,City,5,4.55999994,N,,,,(UNK),197099,(N/A),(UNK),No Defects,1,1,Minor Arterial,4,1419,X003123904,Not Toll,73,2,4,Unknown Intersection Type,22,2947648.91007084,1907869.18209428,41.88000172,-87.77587653,,Urban,1,N,(N/A),Y,(N/A)
2023,2023-12-08,Friday,16,04:30 PM,Property Damage,No Injuries,0,0,0,0,0,1,Fixed Object,6,N,N,Road Construction/Maintenance,(N/A),Daylight,Clear,Dry,N,,,,,No Controls,No Controls,N,1,41.8770465,-87.8037568,ok,(UNK),1,2307739,2023,,13,99,50000 and OVER,9,4295,Oak Park,C,Urban Local Road or Street,,16,8,12443800,12,Cook,0,23,,,5,N,No,Free Flow,202301397931,City,1,0,N,,,,(UNK),197257,(N/A),(UNK),Other,10,1,Local Road or Street,7,,X003251216,Not Toll,73,1,1,Other,8,2940087.32378209,1906579.03540247,41.87703865,-87.80375104,,Urban,1,N,(N/A),N,(N/A)
2023,2023-12-08,Friday,18,06:55 PM,Property Damage,No Injuries,0,0,0,0,0,2,Turning,10,N,N,Failing to Yield Right of Way,Vision Obscured,Darkness / Lighted Road,Clear,Dry,Y,,,,,Stop Sign,Functioning Properly,N,2,41.8777877,-87.8046576,ok,(UNK),1,23-03772,2023,,2,14,50000 and OVER,9,4295,Oak Park,C,Urban Other Principal Arte,,16,8,12443545,12,Cook,0,23,,,5,N,No,Free Flow,202301397709,City,5,19.79999924,Y,,,,(UNK),197283,(N/A),(UNK),No Defects,1,1,Other Principal Arterial,3,348,X003250991,Not Toll,73,2,4,Not Divided,1,2939834.56959136,1906842.39470277,41.87777987,-87.80465178,,Urban,1,N,(N/A),Y,(N/A)
2023,2023-12-06,Wednesday,17,05:09 PM,Injury,B Injury Crash,1,0,0,1,0,2,Turning,10,N,N,Failing to Yield Right of Way,Failing to Reduce Speed to Avoid Crash,Darkness / Lighted Road,Clear,Dry,Y,,,,,No Controls,No Controls,N,2,41.8799436,-87.7807979,ok,(UNK),1,2307698,2023,,2,28,50000 and OVER,9,4295,Oak Park,C,Urban Minor Arterial,,16,6,12442590,12,Cook,2,23,,,3,N,No,Slow,202301396797,City,5,4.30999994,N,,,,(UNK),197310,(N/A),(UNK),No Defects,1,1,Minor Arterial,4,1419,X003250112,Not Toll,73,1,1,"Divided, No Median Barrier",2,2946310.88205984,1907807.88476773,41.87993579,-87.78079207,,Urban,1,N,(N/A),Y,(N/A)
2023,2023-12-07,Thursday,15,03:14 PM,Property Damage,No Injuries,0,0,0,0,0,1,Parked Motor Vehicle,9,N,N,Failing to Reduce Speed to Avoid Crash,Unable to Determine,Daylight,Clear,Dry,N,,,,,No Controls,No Controls,N,2,41.8916805,-87.7882295,ok,(UNK),1,2307714,2023,,28,18,50000 and OVER,9,4295,Oak Park,C,Urban Local Road or Street,,16,7,12442592,12,Cook,0,23,,,4,N,No,Free Flow,202301396799,City,1,0,N,,,,(UNK),197386,(N/A),(UNK),No Defects,1,1,Local Road or Street,7,,X003250114,Not Toll,73,1,1,Not Divided,1,2944168.32874201,1912028.81174209,41.89167266,-87.78822375,,Urban,1,N,(N/A),Y,(N/A)
2023,2023-12-06,Wednesday,17,05:30 PM,Property Damage,No Injuries,0,0,0,0,0,3,Front to Rear,11,N,N,Failing to Reduce Speed to Avoid Crash,Driving Skills/Knowledge/Experience,Darkness / Lighted Road,Clear,Dry,N,,,,,No Controls,No Controls,N,3,41.9071241,-87.8057274,ok,(UNK),1,2301537,2023,,28,15,50000 and OVER,9,4295,Oak Park,C,Urban Other Principal Arte,,16,6,12442594,12,Cook,0,23,,,3,N,Yes,Free Flow,202301396802,City,5,17.78000069,Y,,,,(UNK),197387,(N/A),(UNK),No Defects,1,1,Other Principal Arterial,3,348,X003250116,Not Toll,73,1,1,"Divided, No Median Barrier",2,2939248.89200451,1917525.10445288,41.90711627,-87.80572157,,Urban,1,N,(N/A),Y,(N/A)