crash_year,crash_date,day_of_week,crash_hour,time_of_crash,crash_severity,crash_injury_severity,total_injured,total_fatals,a_injuries,b_injuries,c_injuries,no_injuries,type_of_first_crash,collision_type_code,pedestrian_involved,pedalcyclist_involved,cause1,cause2,lighting_cond,weather_cond,road_surface_cond,intersection_related,is_intersection,highway_or_street_name,at_intersection_with,address_no,traffic_control_device,traffic_control_device_cond,hit_and_run,number_of_vehicles,latitude,longitude,location_status,access_control,agency_code,agency_report_number,agency_report_year,alignment_code,cause1_code,cause2_code,city_class,city_class_code,city_code,city_name,city_township_flag,class_of_trafficway,class_of_trafficway_code,county_code,crash_day,crash_id,crash_month,crash_report_county,crash_severity_cd,crash_yr_source,damaged_property1,damaged_property2,day_of_week_code,did_crash_occur_in_work_zone,did_involve_secondary_crash,flow_condition,icn,investigating_agency_descrip,light_condition_code,mile_station,nhs,non_intersection_direction,non_intersection_distance,non_intersection_units,number_of_lanes,objectid,railroad_crossing_number,road_alignment,road_defects,road_defects_code,road_surface_condition_code,roadway_functional_class,roadway_functional_class_code,route_number,sfe,toll,township,traffic_control_device_code,traffic_control_device_cond_code,trafficway_descrip,trafficway_description_code,ts_crash_coordinate_x,ts_crash_coordinate_y,ts_crash_latitude,ts_crash_longitude,type_report,urban_rural,weather_code,were_workers_present,work_zone,work_zone_related,work_zone_type
2023,2023-03-11,Saturday,20,08:08 PM,Injury,B Injury Crash,1,0,0,1,0,1,Pedestrian,1,Y,N,Failing to Yield Right of Way,Failing to Reduce Speed to Avoid Crash,Darkness / Lighted Road,Rain,Wet,N,,,,,No Controls,No Controls,N,1,41.8982985,-87.7850082,ok,(UNK),1,2301394,2023,,2,28,50000 and OVER,9,4295,Oak Park,C,Urban Major Collector,,16,11,12108629,3,Cook,2,23,,,6,N,No,Slow,202301081276,City,5,0.25,N,,,,(UNK),197730,(N/A),(UNK),No Defects,1,2,Major Collector,5,2783,X002953552,Not Toll,73,1,1,"Divided, No Median Barrier",2,2944978.48310152,1914464.86416085,41.89829061,-87.78500241,,Urban,2,N,(N/A),Y,(N/A)
2023,2023-08-18,Friday,21,09:55 PM,Property Damage,No Injuries,0,0,0,0,0,3,Front to Rear,11,N,N,Improper Overtaking/Passing,Improper Lane Usage,Darkness / Lighted Road,Clear,Dry,N,,,,,Other,Functioning Properly,Y,2,41.8718501,-87.7863196,ok,Partial Access Control,3,03-23-15220,2023,,4,20,50000 and OVER,9,4295,Oak Park,C,Urban InterState,,16,18,12298882,8,Cook,0,23,,,5,N,No,(UNK),202301260711,ISP,5,8.60000038,Y,,,,(UNK),197879,(N/A),(UNK),No Defects,1,1,InterState,1,290,X003122379,Not Toll,,13,4,Divided With Median Barrier,3,2944888.9393045,1904816.68008636,41.87185012,-87.78631958,,Urban,1,N,(N/A),Y,(N/A)
2023,2023-08-20,Sunday,2,02:20 AM,Property Damage,No Injuries,0,0,0,0,0,2,Front to Rear,11,N,N,(N/A),(N/A),Darkness / Lighted Road,Clear,Dry,N,,,,,Traffic Signal,Functioning Properly,N,2,41.8734913,-87.8043493,ok,Partial Access Control,1,2305177,2023,,99,99,50000 and OVER,9,4295,Oak Park,C,Urban InterState,,16,20,12300638,8,Cook,0,23,,,7,N,No,Stopped,202301262313,City,5,7.71000004,Y,,,,(UNK),198182,(N/A),(UNK),No Defects,1,1,InterState,1,290,X003123966,Not Toll,73,3,4,Divided With Median Barrier,3,2939961.65143977,1905279.02978258,41.87348349,-87.80434347,,Urban,1,N,(N/A),Y,(N/A)
2023,2023-08-18,Friday,19,07:38 PM,Property Damage,No Injuries,0,0,0,0,0,2,Turning,10,N,N,Failing to Yield Right of Way,Unable to Determine,Darkness / Lighted Road,Clear,Dry,N,,,,,No Controls,No Controls,N,2,41.8988499,-87.7850247,ok,(UNK),1,2305150,2023,,2,18,50000 and OVER,9,4295,Oak Park,C,Urban Major Collector,,16,18,12300534,8,Cook,0,23,,,5,N,No,Free Flow,202301262207,City,5,0.20999999,N,,,,(UNK),198194,(N/A),(UNK),No Defects,1,1,Major Collector,5,2783,X003123867,Not Toll,73,1,1,Not Divided,1,2944968.40624448,1914665.6977912,41.89884206,-87.78501892,,Urban,1,N,(N/A),Y,(N/A)
2023,2023-12-06,Wednesday,13,01:54 PM,Property Damage,No Injuries,0,0,0,0,0,2,Angle,15,N,N,Failing to Reduce Speed to Avoid Crash,Disregarding Traffic Signals,Daylight,Clear,Unknown,Y,,,,,Traffic Signal,Unknown,N,2,41.8816375,-87.7894057,ok,(UNK),1,2307693,2023,,28,25,50000 and OVER,9,4295,Oak Park,C,Urban Major Collector,,16,6,12441131,12,Cook,0,23,,,3,N,No,Free Flow,202301395515,City,1,0.79000002,N,,,,(UNK),198448,(N/A),(UNK),No Defects,1,9,Major Collector,5,5,X003248870,Not Toll,73,3,9,"Divided, No Median Barrier",2,2943949.50849173,1908360.06210093,41.88162963,-87.78939994,,Urban,1,N,(N/A),Y,(N/A)
2023,2023-12-11,Monday,15,03:09 PM,Injury,B Injury Crash,2,0,0,2,0,5,Angle,15,N,N,Failing to Yield Right of Way,Disregarding Stop Sign,Daylight,Clear,Dry,Y,,,,,Stop Sign,Functioning Properly,N,2,41.8962229,-87.7946957,ok,(UNK),1,2307799,2023,,2,23,50000 and OVER,9,4295,Oak Park,C,Urban Major Collector,,16,11,12449005,12,Cook,2,23,,,1,N,No,Free Flow,202301402452,City,1,4.98999977,N,,,,(UNK),198476,(N/A),(UNK),No Defects,1,1,Major Collector,5,2775,X003255585,Not Toll,73,2,4,Four Way,14,2942361.86307182,1913635.36608572,41.89621501,-87.79468995,,Urban,1,N,(N/A),Y,(N/A)
2023,2023-01-09,Monday,11,11:17 AM,Property Damage,No Injuries,0,0,0,0,0,2,Front to Rear,11,N,N,Following Too Closely,Unable to Determine,Daylight,Clear,Dry,Y,,,,,Traffic Signal,Functioning Properly,Y,2,41.8736433,-87.8045258,ok,Partial Access Control,1,23-00081,2023,,3,18,50000 and OVER,9,4295,Oak Park,C,Urban InterState,,16,9,12059432,1,Cook,0,23,,,1,N,No,Stopped,202301035279,City,1,0.20999999,Y,,,,(UNK),198771,(N/A),(UNK),No Defects,1,1,InterState,1,290,X002910292,Not Toll,73,3,4,Divided With Median Barrier,3,2939912.03421581,1905333.06733857,41.87363541,-87.80452004,,Urban,1,N,(N/A),Y,(N/A)
2023,2023-10-11,Wednesday,20,08:00 PM,Property Damage,No Injuries,0,0,0,0,0,2,Front to Rear,11,N,N,Failing to Reduce Speed to Avoid Crash,Following Too Closely,Darkness / Lighted Road,Rain,Wet,N,,,,,No Controls,No Controls,Y,2,41.8735082,-87.804522,ok,Partial Access Control,3,03-23-19153,2023,,28,3,50000 and OVER,9,4295,Oak Park,C,Urban InterState,,16,11,12386426,10,Cook,0,23,,,3,N,No,(UNK),202301344119,ISP,5,7.69999981,Y,,,,(UNK),199295,(N/A),(UNK),No Defects,1,2,InterState,1,290,X003199978,Not Toll,73,1,1,Divided With Median Barrier,3,2939914.43616622,1905283.86519622,41.87350032,-87.8045162,,Urban,2,N,(N/A),Y,(N/A)
2023,2023-01-29,Sunday,3,03:00 AM,Property Damage,No Injuries,0,0,0,0,0,2,Fixed Object,6,N,N,Failing to Reduce Speed to Avoid Crash,Improper Lane Usage,Darkness / Lighted Road,Snow,Snow or Slush,N,,,,,Other,Functioning Properly,N,1,41.8712444,-87.7773519,ok,Partial Access Control,3,03-23-01698,2023,,28,20,50000 and OVER,9,4295,Oak Park,C,Urban InterState,,16,29,12059508,1,Cook,0,23,,,7,N,No,(UNK),202301035351,ISP,5,0,Y,,,,(UNK),199573,(N/A),(UNK),No Defects,1,3,InterState,1,,X002910364,Not Toll,,13,4,Divided With Median Barrier,3,2947337.64643686,1904663.85809726,41.8712366,-87.77734613,,Urban,3,N,(N/A),Y,(N/A)
2023,2023-01-31,Tuesday,23,11:34 PM,Property Damage,No Injuries,0,0,0,0,0,2,Angle,15,N,N,Failing to Yield Right of Way,Disregarding Stop Sign,Darkness,Clear,Dry,Y,,,,,Stop Sign,Functioning Properly,Y,2,41.8761888,-87.7892159,ok,(UNK),1,2300602,2023,,2,23,50000 and OVER,9,4295,Oak Park,C,Urban Minor Collector,,16,31,12062928,1,Cook,0,23,,,2,N,No,(UNK),202301038567,City,4,0.87,N,,,,(UNK),199773,(N/A),(UNK),No Defects,1,1,Minor Collector,6,2779,X002913560,Not Toll,73,2,4,T-Intersection,15,2944056.23154306,1906375.90858123,41.87618098,-87.78921013,,Urban,1,N,(N/A),Y,(N/A)
2023,2023-01-27,Friday,22,10:30 PM,Property Damage,No Injuries,0,0,0,0,0,2,Front to Rear,11,N,N,Failing to Reduce Speed to Avoid Crash,Following Too Closely,Darkness / Lighted Road,Clear,Ice,N,,,,,Other,Functioning Properly,N,2,41.8720799,-87.7890734,ok,Partial Access Control,3,03-23-01606,2023,,28,3,50000 and OVER,9,4295,Oak Park,C,Urban InterState,,16,27,12059507,1,Cook,0,23,,,5,N,No,(UNK),202301035350,ISP,5,8.44999981,Y,,,,(UNK),199856,(N/A),(UNK),No Defects,1,4,InterState,1,290,X002910363,Not Toll,73,13,4,Divided With Median Barrier,3,2944136.55870231,1904879.63096198,41.8720721,-87.78906757,,Urban,1,N,(N/A),Y,(N/A)
2023,2023-08-19,Saturday,17,05:23 PM,Property Damage,No Injuries,0,0,0,0,0,3,Sideswipe Same Direction,12,N,N,Failing to Reduce Speed to Avoid Crash,Unable to Determine,Daylight,Clear,Dry,N,,,,,No Controls,No Controls,N,2,41.9092124,-87.7791906,ok,(UNK),1,2305172,2023,,28,18,50000 and OVER,9,4295,Oak Park,C,Urban Other Principal Arte,,16,19,12300634,8,Cook,0,23,,,6,N,No,Free Flow,202301262309,City,1,7.28999996,Y,,,,(UNK),200500,(N/A),(UNK),No Defects,1,1,Other Principal Arterial,3,307,X003123962,Not Toll,73,1,1,Not Divided,1,2946451.65678297,1918486.16788621,41.90920454,-87.77918476,,Urban,1,N,(N/A),Y,(N/A)
2023,2023-08-05,Saturday,17,05:37 PM,Property Damage,No Injuries,0,0,0,0,0,2,Sideswipe Same Direction,12,N,N,Improper Lane Usage,Driving Skills/Knowledge/Experience,Daylight,Clear,Dry,N,,,,,Traffic Signal,Functioning Properly,Y,2,41.8735287,-87.803705,ok,Partial Access Control,3,03-23-14319,2023,,20,15,50000 and OVER,9,4295,Oak Park,C,Urban InterState,,16,5,12293158,8,Cook,0,23,,,6,N,No,(UNK),202301255426,ISP,1,0.03,Y,,,,(UNK),200685,(N/A),(UNK),No Defects,1,1,InterState,1,290,X003117587,Not Toll,,3,4,Ramp,11,2940136.75668218,1905297.48342835,41.87352871,-87.80370499,,Urban,1,N,(N/A),Y,(N/A)
2023,2023-11-01,Wednesday,8,08:19 AM,Property Damage,No Injuries,0,0,0,0,0,2,Angle,15,N,N,Failing to Yield Right of Way,Weather,Daylight,Clear,Wet,N,,,,,No Controls,No Controls,N,2,41.9017191,-87.7945819,ok,(UNK),1,2306897,2023,,2,11,50000 and OVER,9,4295,Oak Park,C,Urban Major Collector,,16,1,12397175,11,Cook,0,23,,,3,N,No,Slow,202301354033,City,1,1.54999995,N,,,,(UNK),201300,(N/A),(UNK),No Defects,1,2,Major Collector,5,1394,X003209666,Not Toll,73,1,1,Alley,12,2942337.45452707,1915639.15099059,41.90171123,-87.79457609,,Urban,1,N,(N/A),Y,(N/A)
2023,2023-11-01,Wednesday,0,00:00 AM,Property Damage,No Injuries,0,0,0,0,0,1,Parked Motor Vehicle,9,N,N,Failing to Reduce Speed to Avoid Crash,Unable to Determine,Darkness / Lighted Road,Snow,Wet,N,,,,,No Controls,No Controls,Y,2,41.9092379,-87.777255,ok,(UNK),1,2306915,2023,,28,18,50000 and OVER,9,4295,Oak Park,C,Urban Other Principal Arte,,16,1,12397211,11,Cook,0,23,,,3,N,No,Free Flow,202301354067,City,5,7.38999987,Y,,,,(UNK),201303,(N/A),(UNK),No Defects,1,2,Other Principal Arterial,3,307,X003209699,Not Toll,73,1,1,Not Divided,1,2946978.28868871,1918510.12519294,41.90923,-87.77724919,,Urban,3,N,(N/A),Y,(N/A)
2023,2023-12-13,Wednesday,13,01:29 PM,Injury,B Injury Crash,1,0,0,1,0,1,Front to Rear,11,N,N,Failing to Reduce Speed to Avoid Crash,(N/A),Daylight,Clear,Dry,N,,,,,Traffic Signal,Functioning Properly,N,2,41.8885678,-87.8050258,ok,(UNK),1,2307853,2023,,28,99,50000 and OVER,9,4295,Oak Park,C,Urban Other Principal Arte,,16,13,12472283,12,Cook,2,23,,,3,N,No,Slow,202301425402,City,1,19.05999947,Y,,,,(UNK),201808,(N/A),(UNK),No Defects,1,1,Other Principal Arterial,3,348,X003276634,Not Toll,73,3,4,Four Way,14,2939626.11874017,1910768.10734459,41.88856,-87.80502,,Urban,1,N,(N/A),Y,(N/A)
2023,2023-12-20,Wednesday,13,01:42 PM,Property Damage,No Injuries,0,0,0,0,0,3,Turning,10,N,N,Failing to Yield Right of Way,Improper Turning/No Signal,Daylight,Clear,Dry,Y,,,,,Traffic Signal,Functioning Properly,N,2,41.8736415,-87.8045245,ok,Partial Access Control,3,03-23-24042,2023,,2,6,50000 and OVER,9,4295,Oak Park,C,Urban InterState,,16,20,12473748,12,Cook,0,23,,,3,N,No,(UNK),202301426134,ISP,1,0.20999999,Y,,,,(UNK),202046,(N/A),(UNK),No Defects,1,1,InterState,1,290,X003277849,Not Toll,73,3,4,Unknown Intersection Type,22,2939912.42111873,1905332.42177503,41.87363361,-87.80451869,,Urban,1,N,(N/A),Y,(N/A)
2023,2023-11-01,Wednesday,15,03:48 PM,Property Damage,No Injuries,0,0,0,0,0,2,Parked Motor Vehicle,9,N,N,Failing to Reduce Speed to Avoid Crash,Driving Skills/Knowledge/Experience,Daylight,Clear,Dry,N,,,,,No Controls,No Controls,N,2,41.8918328,-87.7762841,ok,(UNK),1,2306911,2023,,28,15,50000 and OVER,9,4295,Oak Park,C,Urban Local Road or Street,,16,1,12397207,11,Cook,0,23,,,3,N,No,Free Flow,202301354063,City,1,0,N,,,,(UNK),202249,(N/A),(UNK),No Defects,1,1,Local Road or Street,7,,X003209695,Not Toll,73,1,1,One-Way,10,2947419.39917214,1912174.7365517,41.89182493,-87.77627833,,Urban,1,N,(N/A),Y,(N/A)
2023,2023-11-01,Wednesday,4,04:25 AM,Property Damage,No Injuries,0,0,0,0,0,2,Angle,15,N,N,Driving Skills/Knowledge/Experience,Driving Skills/Knowledge/Experience,Darkness / Lighted Road,Clear,Wet,Y,,,,,Stop Sign,Functioning Properly,N,2,41.9072233,-87.7925827,ok,(UNK),1,2306895,2023,,15,15,50000 and OVER,9,4295,Oak Park,C,Urban Local Road or Street,,16,1,12397172,11,Cook,0,23,,,3,N,Yes,Slow,202301354030,City,5,0,N,,,,(UNK),202399,(N/A),(UNK),No Defects,1,2,Local Road or Street,7,,X003209663,Not Toll,73,2,4,Not Divided,1,2942826.18611876,1917660.05545092,41.90721543,-87.79257689,,Urban,1,N,(N/A),Y,(N/A)
2023,2023-12-09,Saturday,3,03:40 AM,Property Damage,No Injuries,0,0,0,0,0,1,Fixed Object,6,N,N,Weather,Driving Skills/Knowledge/Experience,Darkness / Lighted Road,Rain,Wet,N,,,,,Other Regualtory Sig,Functioning Properly,N,1,41.871355,-87.7802192,ok,Partial Access Control,3,03-23-23262,2023,,11,15,50000 and OVER,9,4295,Oak Park,C,Urban InterState,,16,9,12445451,12,Cook,0,23,,,6,N,No,(UNK),202301399508,ISP,5,8.90999985,Y,,,,(UNK),202547,(N/A),(UNK),No Defects,1,2,InterState,1,290,X003252806,Not Toll,73,10,4,Ramp,11,2946555.54057856,1904682.41113552,41.87134716,-87.78021342,,Urban,2,N,(N/A),Y,(N/A)
2023,2023-11-02,Thursday,11,11:04 AM,Property Damage,No Injuries,0,0,0,0,0,2,Turning,10,N,N,Failing to Yield Right of Way,Failing to Reduce Speed to Avoid Crash,Daylight,Clear,Dry,Y,,,,,Stop Sign,Functioning Properly,N,2,41.8704094,-87.7742824,ok,(UNK),1,2306931,2023,,2,28,50000 and OVER,9,4295,Oak Park,C,Urban Minor Arterial,,16,2,12397326,11,Cook,0,23,,,4,N,No,Free Flow,202301354184,City,1,8.40999985,N,,,,(UNK),202999,(N/A),(UNK),No Defects,1,1,Minor Arterial,4,2790,X003209809,Not Toll,,2,4,Four Way,14,2948182.19157228,1904382.87090994,41.8704016,-87.77427663,,Urban,1,N,(N/A),Y,(N/A)
2023,2023-08-10,Thursday,13,01:45 PM,Property Damage,No Injuries,0,0,0,0,0,2,Front to Rear,11,N,N,Following Too Closely,Driving Skills/Knowledge/Experience,Daylight,Clear,Dry,Y,,,,,Traffic Signal,Functioning Properly,N,2,41.8796677,-87.8047346,ok,(UNK),1,23-02493,2023,,3,15,50000 and OVER,9,4295,Oak Park,C,Urban Other Principal Arte,,16,10,12297783,8,Cook,0,23,,,4,N,No,Slow,202301259550,City,1,19.68000031,Y,,,,(UNK),203104,(N/A),(UNK),No Defects,1,1,Other Principal Arterial,3,348,X003121326,Not Toll,73,3,4,Four Way,14,2939794.73102499,1907526.9340692,41.8796599,-87.80472879,,Urban,1,N,(N/A),Y,(N/A)
2023,2023-10-25,Wednesday,7,07:45 AM,Property Damage,No Injuries,0,0,0,0,0,2,Turning,10,N,N,Improper Lane Usage,Driving Skills/Knowledge/Experience,Daylight,Rain,Wet,N,,,,,Traffic Signal,Functioning Properly,N,2,41.8808669,-87.8047618,ok,(UNK),1,23-03312,2023,,20,15,50000 and OVER,9,4295,Oak Park,C,Urban Other Principal Arte,,16,25,12384222,10,Cook,0,23,,,3,N,No,Free Flow,202301342189,City,1,19.60000038,Y,,,,(UNK),203363,(N/A),(UNK),No Defects,1,2,Other Principal Arterial,3,348,X003198044,Not Toll,73,3,4,Not Divided,1,2939775.29439631,1907963.72332742,41.88085906,-87.80475597,,Urban,2,N,(N/A),Y,(N/A)
2023,2023-11-02,Thursday,13,01:03 PM,Property Damage,No Injuries,0,0,0,0,0,3,Angle,15,N,N,Failing to Yield Right of Way,(N/A),Daylight,Clear,Dry,Y,,,,,Stop Sign,Functioning Properly,N,2,41.8904657,-87.7782543,ok,(UNK),1,2306936,2023,,2,99,50000 and OVER,9,4295,Oak Park,C,Urban Local Road or Street,,16,2,12397329,11,Cook,0,23,,,4,N,No,Free Flow,202301354187,City,1,0,N,,,,(UNK),203422,(N/A),(UNK),No Defects,1,1,Local Road or Street,7,,X003209812,Not Toll,73,2,4,Not Divided,1,2946896.82887919,1911661.61452233,41.89045789,-87.77824846,,Urban,1,N,(N/A),Y,(N/A)
2023,2023-03-21,Tuesday,14,02:20 PM,Property Damage,No Injuries,0,0,0,0,0,2,Front to Rear,11,N,N,Following Too Closely,Failing to Reduce Speed to Avoid Crash,Daylight,Clear,Dry,N,,,,,Other Regualtory Sig,Functioning Properly,N,2,41.8715457,-87.7794256,ok,Partial Access Control,3,03-23-04930,2023,,3,28,50000 and OVER,9,4295,Oak Park,C,Urban InterState,,16,21,12122260,3,Cook,0,23,,,2,N,No,(UNK),202301093793,ISP,1,8.94999981,Y,,,,(UNK),203818,(N/A),(UNK),No Defects,1,1,InterState,1,290,X002965849,Not Toll,73,10,4,Divided With Median Barrier,3,2946769.76203209,1904757.93493761,41.8715379,-87.77941983,,Urban,1,N,(N/A),Y,(N/A)
2023,2023-03-19,Sunday,21,09:55 PM,Property Damage,No Injuries,0,0,0,0,0,2,Front to Rear,11,N,N,Following Too Closely,Driving Skills/Knowledge/Experience,Darkness / Lighted Road,Clear,Dry,N,,,,,Other Regualtory Sig,Unknown,Y,2,41.8717495,-87.7850334,ok,Partial Access Control,3,03-23-04866,2023,,3,15,50000 and OVER,9,4295,Oak Park,C,Urban InterState,,16,19,12116157,3,Cook,0,23,,,7,N,No,(UNK),202301088399,ISP,5,8.65999985,Y,,,,(UNK),203833,(N/A),(UNK),No Defects,1,1,InterState,1,290,X002960504,Not Toll,,10,9,Divided With Median Barrier,3,2945240.29069127,1904789.72058449,41.87174162,-87.78502756,,Urban,1,N,(N/A),Y,(N/A)
2023,2023-03-12,Sunday,8,08:07 AM,Property Damage,No Injuries,0,0,0,0,0,2,Front to Rear,11,N,N,Improper Lane Usage,Failing to Reduce Speed to Avoid Crash,Daylight,Rain,Snow or Slush,N,,,,,Delineators,Functioning Properly,N,2,41.872635,-87.7939989,ok,Partial Access Control,3,03-23-04290,2023,,20,28,50000 and OVER,9,4295,Oak Park,C,Urban InterState,,16,12,12112129,3,Cook,0,23,,,7,N,No,(UNK),202301084541,ISP,1,8.18999958,Y,,,,(UNK),204011,(N/A),(UNK),No Defects,1,3,InterState,1,290,X002956664,Not Toll,73,14,4,Divided With Median Barrier,3,2942789.39359626,1905044.76429534,41.87262716,-87.79399306,,Urban,2,N,(N/A),Y,(N/A)
2023,2023-12-07,Thursday,12,12:47 PM,Property Damage,No Injuries,0,0,0,0,0,2,Front to Rear,11,N,N,Following Too Closely,Failing to Reduce Speed to Avoid Crash,Daylight,Clear,Dry,N,,,,,Traffic Signal,Functioning Properly,N,2,41.9091383,-87.7859093,ok,(UNK),1,2307711,2023,,3,28,50000 and OVER,9,4295,Oak Park,C,Urban Other Principal Arte,,16,7,12442883,12,Cook,0,23,,,4,N,No,Slow,202301397059,City,1,6.94999981,Y,,,,(UNK),204096,(N/A),(UNK),No Defects,1,1,Other Principal Arterial,3,307,X003250371,Not Toll,73,3,4,"Divided, No Median Barrier",2,2944623.45224114,1918408.29013469,41.90913041,-87.78590354,,Urban,1,N,(N/A),Y,(N/A)
2023,2023-12-07,Thursday,17,05:02 PM,Property Damage,No Injuries,0,0,0,0,0,1,Parked Motor Vehicle,9,N,N,Failing to Reduce Speed to Avoid Crash,Unable to Determine,Darkness / Lighted Road,Clear,Dry,N,,,,,No Controls,No Controls,Y,2,41.8725778,-87.7917838,ok,(UNK),1,2307718,2023,,28,18,50000 and OVER,9,4295,Oak Park,C,Urban Local Road or Street,,16,7,12442887,12,Cook,0,23,,,4,N,No,Free Flow,202301397062,City,5,0.11,N,,,,(UNK),204097,(N/A),(UNK),No Defects,1,1,Local Road or Street,7,290,X003250374,Not Toll,73,1,1,Not Divided,1,2943393.27863019,1905040.62981831,41.87257001,-87.79177803,,Urban,1,N,(N/A),Y,(N/A)
2023,2023-12-07,Thursday,17,05:23 PM,Property Damage,No Injuries,0,0,0,0,0,2,Sideswipe Same Direction,12,N,N,Improper Overtaking/Passing,Failing to Reduce Speed to Avoid Crash,Daylight,Clear,Dry,Y,,,,,Traffic Signal,Functioning Properly,Y,2,41.8759848,-87.8045958,ok,(UNK),1,2307725,2023,,4,28,50000 and OVER,9,4295,Oak Park,C,Urban Other Principal Arte,,16,7,12442889,12,Cook,0,23,,,4,N,No,Slow,202301397064,City,1,19.93000031,Y,,,,(UNK),204118,(N/A),(UNK),No Defects,1,1,Other Principal Arterial,3,348,X003250376,Not Toll,73,3,4,Four Way,14,2939869.49456576,1906185.86027551,41.875977,-87.80458997,,Urban,1,N,(N/A),Y,(N/A)
2023,2023-12-08,Friday,6,06:27 AM,Property Damage,No Injuries,0,0,0,0,0,2,Angle,15,N,N,Failing to Reduce Speed to Avoid Crash,Failing to Yield Right of Way,Dawn,Clear,Dry,Y,,,,,No Controls,No Controls,N,2,41.8799287,-87.7893468,ok,(UNK),1,2307731,2023,,28,2,50000 and OVER,9,4295,Oak Park,C,Urban Minor Collector,,16,8,12443799,12,Cook,0,23,,,5,N,No,Free Flow,202301397930,City,2,0.60000002,N,,,,(UNK),204336,(N/A),(UNK),No Defects,1,1,Minor Collector,6,2779,X003251215,Not Toll,73,1,1,Alley,12,2943982.80681799,1907737.78750186,41.87992083,-87.78934104,,Urban,1,N,(N/A),Y,(N/A)
2023,2023-12-07,Thursday,11,11:38 AM,Property Damage,No Injuries,0,0,0,0,0,5,Angle,15,N,N,Failing to Reduce Speed to Avoid Crash,Disregarding Traffic Signals,Daylight,Clear,Dry,Y,,,,,Traffic Signal,Functioning Properly,N,3,41.8688215,-87.7938764,ok,(UNK),1,2307709,2023,,28,25,50000 and OVER,9,4295,Oak Park,C,Urban Major Collector,,16,7,12443796,12,Cook,0,23,,,4,N,Yes,Free Flow,202301397928,City,1,6.90999985,N,,,,(UNK),204341,(N/A),(UNK),No Defects,1,1,Major Collector,5,2775,X003251213,Not Toll,73,3,4,"Divided, No Median Barrier",2,2942861.17987155,1903655.98835451,41.86881368,-87.79387061,,Urban,1,N,(N/A),Y,(N/A)
2023,2023-11-05,Sunday,9,09:00 AM,Property Damage,No Injuries,0,0,0,0,0,2,Front to Rear,11,N,N,Failing to Reduce Speed to Avoid Crash,Following Too Closely,Daylight,Clear,Dry,N,,,,,Traffic Signal,Functioning Properly,Y,2,41.8733927,-87.8022652,ok,Partial Access Control,3,03-23-21035,2023,,28,3,50000 and OVER,9,4295,Oak Park,C,Urban InterState,,16,5,12398646,11,Cook,0,23,,,7,N,No,(UNK),202301355467,ISP,1,0.07,Y,,,,(UNK),204684,(N/A),(UNK),No Defects,1,1,InterState,1,290,X003211082,Not Toll,,3,4,Divided With Median Barrier,3,2940530.26772585,1905258.73114285,41.87339273,-87.80226522,,Urban,1,N,(N/A),Y,(N/A)
2023,2023-10-18,Wednesday,7,07:44 AM,Property Damage,No Injuries,0,0,0,0,0,2,Front to Rear,11,N,N,Failing to Reduce Speed to Avoid Crash,Following Too Closely,Daylight,Clear,Dry,N,,,,,Other,Other,N,2,41.8730559,-87.7998816,ok,Partial Access Control,3,03-23-19595,2023,,28,3,50000 and OVER,9,4295,Oak Park,C,Urban InterState,,16,18,12384227,10,Cook,0,23,,,3,N,No,(UNK),202301342194,ISP,1,7.92000008,Y,,,,(UNK),204809,(N/A),(UNK),No Defects,1,1,InterState,1,290,X003198049,Not Toll,73,13,7,Divided With Median Barrier,3,2941182.86204369,1905153.87853932,41.87304803,-87.79987585,,Urban,1,N,(N/A),Y,(N/A)
2023,2023-11-02,Thursday,7,07:48 AM,Property Damage,No Injuries,0,0,0,0,0,3,Sideswipe Same Direction,12,N,N,Failing to Reduce Speed to Avoid Crash,(N/A),Daylight,Clear,Dry,N,,,,,No Controls,No Controls,N,2,41.8798218,-87.7880024,ok,(UNK),1,2306927,2023,,28,99,50000 and OVER,9,4295,Oak Park,C,Urban Minor Arterial,,16,2,12397323,11,Cook,0,23,,,4,N,No,(UNK),202301354181,City,1,3.93000007,N,,,,(UNK),204822,(N/A),(UNK),No Defects,1,1,Minor Arterial,4,1419,X003209806,Not Toll,73,1,1,"Divided, No Median Barrier",2,2944350.03843316,1907708.99178726,41.87981395,-87.78799657,,Urban,1,N,(N/A),Y,(N/A)
2023,2023-11-02,Thursday,0,00:26 AM,Property Damage,No Injuries,0,0,0,0,0,1,Parked Motor Vehicle,9,N,N,Failing to Reduce Speed to Avoid Crash,(N/A),Darkness / Lighted Road,Clear,Dry,Y,,,,,No Controls,No Controls,N,2,41.8799075,-87.7893461,ok,(UNK),1,2306921,2023,,28,99,50000 and OVER,9,4295,Oak Park,C,Urban Minor Arterial,,16,2,12397245,11,Cook,0,23,,,4,N,No,Free Flow,202301354101,City,5,0.60000002,N,,,,(UNK),204886,(N/A),(UNK),No Defects,1,1,Minor Arterial,4,2779,X003209731,Not Toll,73,1,1,Not Divided,1,2943983.21880257,1907730.08838982,41.87989968,-87.78934031,,Urban,1,N,(N/A),Y,(N/A)