crash_year,crash_date,day_of_week,crash_hour,time_of_crash,crash_severity,crash_injury_severity,total_injured,total_fatals,a_injuries,b_injuries,c_injuries,no_injuries,type_of_first_crash,collision_type_code,pedestrian_involved,pedalcyclist_involved,cause1,cause2,lighting_cond,weather_cond,road_surface_cond,intersection_related,is_intersection,highway_or_street_name,at_intersection_with,address_no,traffic_control_device,traffic_control_device_cond,hit_and_run,number_of_vehicles,latitude,longitude,location_status,access_control,agency_code,agency_report_number,agency_report_year,alignment_code,cause1_code,cause2_code,city_class,city_class_code,city_code,city_name,city_township_flag,class_of_trafficway,class_of_trafficway_code,county_code,crash_day,crash_id,crash_month,crash_report_county,crash_severity_cd,crash_yr_source,damaged_property1,damaged_property2,day_of_week_code,did_crash_occur_in_work_zone,did_involve_secondary_crash,flow_condition,icn,investigating_agency_descrip,light_condition_code,mile_station,nhs,non_intersection_direction,non_intersection_distance,non_intersection_units,number_of_lanes,objectid,railroad_crossing_number,road_alignment,road_defects,road_defects_code,road_surface_condition_code,roadway_functional_class,roadway_functional_class_code,route_number,sfe,toll,township,traffic_control_device_code,traffic_control_device_cond_code,trafficway_descrip,trafficway_description_code,ts_crash_coordinate_x,ts_crash_coordinate_y,ts_crash_latitude,ts_crash_longitude,type_report,urban_rural,weather_code,were_workers_present,work_zone,work_zone_related,work_zone_type
2023,2023-08-14,Monday,13,01:06 PM,Property Damage,No Injuries,0,0,0,0,0,2,Sideswipe Same Direction,12,N,N,Improper Lane Usage,Following Too Closely,Daylight,Rain,Wet,N,,,,,Other,Functioning Properly,N,2,41.8715321,-87.7792293,ok,Partial Access Control,3,03-23-14895,2023,,20,3,50000 and OVER,9,4295,Oak Park,C,Urban Minor Collector,,16,14,12294783,8,Cook,0,23,,,1,N,No,(UNK),202301257129,ISP,1,1.13999999,N,,,,(UNK),204899,(N/A),(UNK),No Defects,1,2,Minor Collector,6,3794,X003119120,Not Toll,73,13,4,Divided With Median Barrier,3,2946823.36405879,1904754.44561583,41.87152424,-87.77922354,,Urban,2,N,(N/A),Y,(N/A)
2023,2023-12-10,Sunday,12,12:36 PM,Property Damage,No Injuries,0,0,0,0,0,1,Parked Motor Vehicle,9,N,N,Failing to Reduce Speed to Avoid Crash,Unable to Determine,Daylight,Cloudy/Overcast,Dry,N,,,,,No Controls,No Controls,N,2,41.8886424,-87.7943152,ok,(UNK),1,2307772,2023,,28,18,50000 and OVER,9,4295,Oak Park,C,Urban Major Collector,,16,10,12445558,12,Cook,0,23,,,7,N,No,Free Flow,202301399613,City,1,0.36000001,N,,,,(UNK),205211,(N/A),(UNK),No Defects,1,1,Major Collector,5,1405,X003252913,Not Toll,73,1,1,Not Divided,1,2942541.90326743,1910875.77923016,41.88863458,-87.79430937,,Urban,8,N,(N/A),Y,(N/A)
2023,2023-08-16,Wednesday,9,09:58 AM,Injury,B Injury Crash,1,0,0,1,0,1,Pedestrian,1,Y,N,Improper Backing,Vision Obscured,Daylight,Clear,Dry,N,,,,,No Controls,No Controls,N,1,41.8832341,-87.8024262,ok,(UNK),1,2305076,2023,,30,14,50000 and OVER,9,4295,Oak Park,C,Urban Local Road or Street,,16,16,12304387,8,Cook,2,23,,,3,N,No,Free Flow,202301265788,City,1,0,N,,,,(UNK),205902,(N/A),(UNK),No Defects,1,1,Local Road or Street,7,,X003127360,Not Toll,73,1,1,Not Divided,1,2940387.57338485,1908843.91270734,41.8832263,-87.80242041,,Urban,1,N,(N/A),Y,(N/A)
2023,2023-08-22,Tuesday,7,07:22 AM,Property Damage,No Injuries,0,0,0,0,0,2,Front to Rear,11,N,N,Following Too Closely,Unable to Determine,Daylight,Clear,Dry,N,,,,,Traffic Signal,Functioning Properly,N,2,41.8795589,-87.8047306,ok,(UNK),1,2305222,2023,,3,18,50000 and OVER,9,4295,Oak Park,C,Urban Other Principal Arte,,16,22,12304398,8,Cook,0,23,,,2,N,No,Stopped,202301265798,City,1,19.69000053,Y,,,,(UNK),205904,(N/A),(UNK),No Defects,1,1,Other Principal Arterial,3,348,X003127370,Not Toll,73,3,4,"Divided, No Median Barrier",2,2939796.89684299,1907487.29020222,41.87955104,-87.80472485,,Urban,1,N,(N/A),Y,(N/A)
2023,2023-12-28,Thursday,9,09:25 AM,Property Damage,No Injuries,0,0,0,0,0,2,Sideswipe Same Direction,12,N,N,Improper Lane Usage,(N/A),Daylight,Clear,Wet,N,,,,,No Controls,No Controls,N,2,41.8757043,-87.8045876,ok,(UNK),1,23-03992,2023,,20,99,50000 and OVER,9,4295,Oak Park,C,Urban Other Principal Arte,,16,28,12467207,12,Cook,0,23,,,4,N,No,Free Flow,202301421010,City,1,19.95000076,Y,,,,(UNK),206057,(N/A),(UNK),No Defects,1,2,Other Principal Arterial,3,348,X003272030,Not Toll,73,1,1,Not Divided,1,2939874.52937528,1906083.69965675,41.8756965,-87.80458181,,Urban,1,N,(N/A),Y,(N/A)
2023,2023-02-18,Saturday,17,05:56 PM,Property Damage,No Injuries,0,0,0,0,0,2,Front to Rear,11,N,N,Following Too Closely,Driving Skills/Knowledge/Experience,Darkness,Clear,Dry,N,,,,,No Controls,No Controls,N,2,41.8775747,-87.8046479,ok,(UNK),1,23-00451,2023,,3,15,50000 and OVER,9,4295,Oak Park,C,Urban Other Principal Arte,,16,18,12082106,2,Cook,0,23,,,6,N,No,Free Flow,202301055680,City,4,19.81999969,Y,,,,(UNK),206103,(N/A),(UNK),No Defects,1,1,Other Principal Arterial,3,348,X002930303,Not Toll,73,1,1,"Divided, No Median Barrier",2,2939839.35554427,1906764.84814172,41.87756688,-87.80464205,,Urban,1,N,(N/A),Y,(N/A)
2023,2023-12-22,Friday,14,02:59 PM,Property Damage,No Injuries,0,0,0,0,0,6,Front to Rear,11,N,N,Failing to Reduce Speed to Avoid Crash,Physical Condition of Driver,Daylight,Rain,Wet,N,,,,,Other,Functioning Properly,N,2,41.8715267,-87.7792292,ok,Partial Access Control,3,03-23-24163,2023,,28,17,50000 and OVER,9,4295,Oak Park,C,Urban Minor Collector,,16,22,12473781,12,Cook,0,23,,,5,N,No,(UNK),202301426150,ISP,1,1.13999999,N,,,,(UNK),207577,(N/A),(UNK),No Defects,1,2,Minor Collector,6,3794,X003277880,Not Toll,73,13,4,Divided With Median Barrier,3,2946823.45730469,1904752.49795592,41.8715189,-87.7792234,,Urban,2,N,(N/A),Y,(N/A)
2023,2023-01-24,Tuesday,10,10:15 AM,Property Damage,No Injuries,0,0,0,0,0,2,Sideswipe Same Direction,12,N,N,Improper Overtaking/Passing,Driving Skills/Knowledge/Experience,Daylight,Clear,Dry,N,,,,,No Controls,No Controls,N,2,41.871235,-87.7789393,ok,Partial Access Control,3,03-23-01356,2023,,4,15,50000 and OVER,9,4295,Oak Park,C,Urban InterState,,16,24,12058039,1,Cook,0,23,,,2,N,No,(UNK),202301034174,ISP,1,8.97000027,Y,,,,(UNK),207795,(N/A),(UNK),No Defects,1,1,InterState,1,290,X002909191,Not Toll,73,1,1,Divided With Median Barrier,3,2946905.3792716,1904648.36633257,41.87122712,-87.7789335,,Urban,1,N,(N/A),Y,(N/A)
2023,2023-03-12,Sunday,9,09:49 AM,Injury,B Injury Crash,1,0,0,1,0,3,Angle,15,N,N,Failing to Yield Right of Way,Failing to Reduce Speed to Avoid Crash,Daylight,Snow,Wet,Y,,,,,No Controls,No Controls,N,2,41.8886788,-87.7975058,ok,(UNK),1,2301400,2023,,2,28,50000 and OVER,9,4295,Oak Park,C,Urban Major Collector,,16,12,12108663,3,Cook,2,23,,,7,N,No,(UNK),202301081309,City,1,0.17,N,,,,(UNK),208222,(N/A),(UNK),No Defects,1,2,Major Collector,5,1405,X002953582,Not Toll,73,1,1,"Divided, No Median Barrier",2,2941672.73288586,1910865.01971231,41.88867096,-87.79749995,,Urban,3,N,(N/A),Y,(N/A)
2023,2023-03-10,Friday,15,03:10 PM,Property Damage,No Injuries,0,0,0,0,0,3,Front to Rear,11,N,N,Failing to Reduce Speed to Avoid Crash,Following Too Closely,Daylight,Clear,Dry,N,,,,,No Controls,No Controls,N,3,41.8737604,-87.8043355,ok,Partial Access Control,3,03-23-04386,2023,,28,3,50000 and OVER,9,4295,Oak Park,C,Urban InterState,,16,10,12116945,3,Cook,0,23,,,5,N,No,(UNK),202301088985,ISP,1,7.71000004,Y,,,,(UNK),208464,(N/A),(UNK),No Defects,1,1,InterState,1,290,X002961087,Not Toll,73,1,1,Divided With Median Barrier,3,2939962.70454545,1905377.18939394,41.87375257,-87.80432969,,Urban,1,N,(N/A),Y,(N/A)
2023,2023-02-13,Monday,21,09:01 PM,Fatal,Fatal Crash,0,1,0,0,0,2,Pedestrian,1,Y,N,Disregarding Traffic Signals,Failing to Reduce Speed to Avoid Crash,Darkness / Lighted Road,Clear,Dry,Y,,,,,Traffic Signal,Functioning Properly,N,1,41.9090363,-87.7949541,ok,(UNK),1,JG151773,23,,25,28,50000 and OVER,9,4295,Oak Park,C,Urban Other Principal Arte,,16,13,12108796,2,Cook,4,23,,,1,N,No,Slow,202301083624,City,5,6.48999977,Y,,,,(UNK),208531,(N/A),(UNK),No Defects,1,1,Other Principal Arterial,3,307,X002925107,Not Toll,73,3,4,Four Way,14,2942162.35328481,1918302.89890346,41.90902848,-87.79494831,,Urban,1,N,(N/A),Y,(N/A)
2023,2023-03-16,Thursday,7,07:40 AM,Property Damage,No Injuries,0,0,0,0,0,2,Turning,10,N,N,Failing to Yield Right of Way,(N/A),Daylight,Clear,Dry,Y,,,,,Traffic Signal,Functioning Properly,N,2,41.9091478,-87.7850158,ok,(UNK),1,JG187540,2023,,2,99,50000 and OVER,9,4295,Oak Park,C,Urban Other Principal Arte,,16,16,12111337,3,Cook,0,23,,,4,N,No,Free Flow,202301083623,City,1,6.98999977,Y,,,,(UNK),208728,(N/A),(UNK),No Defects,1,1,Other Principal Arterial,3,307,X002955907,Not Toll,73,3,4,Four Way,14,2944866.58923034,1918418.54020642,41.90914,-87.78501,,Urban,1,N,(N/A),Y,(N/A)
2023,2023-08-22,Tuesday,12,12:55 PM,Property Damage,No Injuries,0,0,0,0,0,3,Front to Rear,11,N,N,Failing to Reduce Speed to Avoid Crash,(N/A),Daylight,Clear,Dry,Y,,,,,Traffic Signal,Functioning Properly,N,2,41.8886778,-87.7971557,ok,(UNK),1,2305255,2023,,28,99,50000 and OVER,9,4295,Oak Park,C,Urban Major Collector,,16,22,12304666,8,Cook,0,23,,,2,N,No,Stopped,202301266087,City,1,0.19,N,,,,(UNK),209075,(N/A),(UNK),No Defects,1,1,Major Collector,5,1405,X003127617,Not Toll,73,3,4,Not Divided,1,2941768.05388998,1910867.30432094,41.88867,-87.79714993,,Urban,1,N,(N/A),Y,(N/A)
2023,2023-10-25,Wednesday,8,08:50 AM,Property Damage,No Injuries,0,0,0,0,0,3,Sideswipe Same Direction,12,N,N,Improper Lane Usage,Failing to Reduce Speed to Avoid Crash,Daylight,Rain,Wet,N,,,,,Other,Functioning Properly,N,2,41.8726579,-87.7942142,ok,Partial Access Control,3,03-23-20123,2023,,20,28,50000 and OVER,9,4295,Oak Park,C,Urban InterState,,16,25,12392247,10,Cook,0,23,,,3,N,No,(UNK),202301349463,ISP,1,8.18000031,Y,,,,(UNK),209113,(N/A),(UNK),No Defects,1,2,InterState,1,290,X003205330,Not Toll,73,13,4,Divided With Median Barrier,3,2942730.5,1905051.5,41.87265009,-87.79420843,,Urban,2,N,(N/A),Y,(N/A)
2023,2023-11-02,Thursday,15,03:48 PM,Property Damage,No Injuries,0,0,0,0,0,4,Angle,15,N,N,Failing to Yield Right of Way,Unable to Determine,Daylight,Clear,Dry,Y,,,,,Stop Sign,Functioning Properly,N,2,41.9019377,-87.7802263,ok,(UNK),1,2306940,2023,,2,18,50000 and OVER,9,4295,Oak Park,C,Urban Major Collector,,16,2,12397330,11,Cook,0,23,,,4,N,No,Free Flow,202301354188,City,1,0.5,N,,,,(UNK),209315,(N/A),(UNK),No Defects,1,1,Major Collector,5,3559,X003209813,Not Toll,73,2,4,"Divided, No Median Barrier",2,2946243.50637634,1915827.27653105,41.90192986,-87.78022049,,Urban,1,N,(N/A),Y,(N/A)
2023,2023-11-02,Thursday,22,10:27 PM,Injury,B Injury Crash,1,0,0,1,0,2,Turning,10,N,N,Operating Vehicle In Reckless Manner,Improper Overtaking/Passing,Darkness / Lighted Road,Clear,Dry,Y,,,,,Traffic Signal,Functioning Properly,N,2,41.8798679,-87.7844362,ok,(UNK),1,2306947,2023,,50,4,50000 and OVER,9,4295,Oak Park,C,Urban Minor Arterial,,16,2,12397333,11,Cook,2,23,STREET LIGHT POLE,,4,N,Yes,Stopped,202301354191,City,5,4.11000013,N,,,,(UNK),209316,(N/A),(UNK),No Defects,1,1,Minor Arterial,4,1419,X003209816,Not Toll,73,3,4,Two-way Continuous Left-Tur,4,2945320.79024975,1907752.75520561,41.87986008,-87.78443038,,Urban,1,N,(N/A),Y,(N/A)
2023,2023-11-01,Wednesday,4,04:45 AM,Property Damage,No Injuries,0,0,0,0,0,3,Front to Rear,11,N,N,Following Too Closely,Weather,Darkness,Snow,Ice,N,,,,,Traffic Signal,Functioning Properly,N,3,41.87358,-87.804523,ok,(UNK),1,23-03391,2023,,3,11,50000 and OVER,9,4295,Oak Park,C,Urban Other Principal Arte,,16,1,12393616,11,Cook,0,23,,,3,N,Yes,Free Flow,202301350894,City,4,20.09000015,Y,,,,(UNK),209369,(N/A),(UNK),No Defects,1,4,Other Principal Arterial,3,348,X003206642,Not Toll,73,3,4,"Divided, No Median Barrier",2,2939913.43460404,1905310.05317844,41.8735722,-87.80451723,,Urban,3,N,(N/A),Y,(N/A)
2023,2023-10-26,Thursday,14,02:34 PM,Injury,B Injury Crash,2,0,0,1,1,1,Angle,15,N,N,Failing to Yield Right of Way,Failing to Reduce Speed to Avoid Crash,Daylight,Rain,Wet,Y,,,,,Stop Sign,Functioning Properly,N,2,41.893152,-87.7815852,ok,(UNK),1,2306781,2023,,2,28,50000 and OVER,9,4295,Oak Park,C,Urban Local Road or Street,,16,26,12390531,10,Cook,2,23,,,4,N,No,Free Flow,202301347989,City,1,0,N,,,,(UNK),209385,(N/A),(UNK),No Defects,1,2,Local Road or Street,7,,X003203869,Not Toll,73,2,4,Not Divided,1,2945962.59411543,1912615.2836386,41.89314411,-87.78157944,,Urban,2,N,(N/A),Y,(N/A)
2023,2023-08-22,Tuesday,15,03:37 PM,Property Damage,No Injuries,0,0,0,0,0,2,Parked Motor Vehicle,9,N,N,Operating Vehicle In Reckless Manner,(N/A),Daylight,Clear,Dry,N,,,,,No Controls,No Controls,N,2,41.8796802,-87.7998665,ok,(UNK),1,2305238,2023,,50,99,50000 and OVER,9,4295,Oak Park,C,Urban Minor Arterial,,16,22,12304572,8,Cook,0,23,,,2,N,No,(UNK),202301265974,City,1,3.31999993,N,,,,(UNK),209814,(N/A),(UNK),Worn Surface,8,1,Minor Arterial,4,1419,X003127528,Not Toll,73,1,1,Not Divided,1,2941120.3719529,1907568.01713248,41.87967236,-87.79986074,,Urban,1,N,(N/A),N,(N/A)
2023,2023-08-22,Tuesday,19,07:44 PM,Property Damage,No Injuries,0,0,0,0,0,1,Parked Motor Vehicle,9,N,N,Failing to Reduce Speed to Avoid Crash,(N/A),Daylight,Clear,Dry,N,,,,,No Controls,No Controls,Y,2,41.8670946,-87.7913534,ok,(UNK),1,2305245,2023,,28,99,50000 and OVER,9,4295,Oak Park,C,Urban Local Road or Street,,16,22,12304611,8,Cook,0,23,,,2,N,No,Free Flow,202301266035,City,1,0,N,,,,(UNK),209839,(N/A),(UNK),No Defects,1,1,Local Road or Street,7,,X003127563,Not Toll,73,1,1,Not Divided,1,2943565.84319179,1903045.66642125,41.86708671,-87.79134758,,Urban,1,N,(N/A),Y,(N/A)
2023,2023-08-24,Thursday,10,10:06 AM,Property Damage,No Injuries,0,0,0,0,0,3,Front to Rear,11,N,N,Following Too Closely,Failing to Reduce Speed to Avoid Crash,Daylight,Clear,Dry,N,,,,,Other,Functioning Properly,Y,3,41.8710208,-87.7755402,ok,Partial Access Control,3,03-23-15600,2023,,3,28,50000 and OVER,9,4295,Oak Park,C,Urban InterState,,16,24,12304556,8,Cook,0,23,,,4,N,No,(UNK),202301265959,ISP,1,9.14999962,Y,,,,(UNK),209897,(N/A),(UNK),No Defects,1,1,InterState,1,290,X003127514,Not Toll,73,13,4,Divided With Median Barrier,3,2947833.38578626,1904596.09702598,41.87101293,-87.77553442,,Urban,1,N,(N/A),Y,(N/A)
2023,2023-08-12,Saturday,18,06:34 PM,Property Damage,No Injuries,0,0,0,0,0,2,Sideswipe Same Direction,12,N,N,Improper Lane Usage,(N/A),Daylight,Clear,Dry,N,,,,,Delineators,Functioning Properly,N,2,41.8724353,-87.7933287,ok,Partial Access Control,3,03-23-14779,2023,,20,99,50000 and OVER,9,4295,Oak Park,C,Urban InterState,,16,12,12304748,8,Cook,0,23,,,6,N,No,(UNK),202301266169,ISP,1,8.22999954,Y,,,,(UNK),210308,(N/A),(UNK),No Defects,1,1,InterState,1,290,X003127695,Not Toll,73,14,4,Divided With Median Barrier,3,2942973.92914871,1904977.0435445,41.87242747,-87.79332293,,Urban,1,N,(N/A),Y,(N/A)
2023,2023-11-02,Thursday,16,04:15 PM,Property Damage,No Injuries,0,0,0,0,0,2,Front to Rear,11,N,N,Following Too Closely,Failing to Reduce Speed to Avoid Crash,Daylight,Clear,Dry,N,,,,,Other Warning Sign,Functioning Properly,N,2,41.8732146,-87.7989953,ok,Partial Access Control,3,03-23-20865,2023,,3,28,50000 and OVER,9,4295,Oak Park,C,Urban InterState,,16,2,12398836,11,Cook,0,23,,,4,N,No,(UNK),202301355651,ISP,1,320.17001343,Y,,,,(UNK),210444,(N/A),(UNK),No Defects,1,1,InterState,1,5110,X003211269,Not Toll,73,11,4,Divided With Median Barrier,3,2941422.6801218,1905218.38023686,41.87320675,-87.7989895,,Urban,1,N,(N/A),Y,(N/A)
2023,2023-03-16,Thursday,7,07:45 AM,Property Damage,No Injuries,0,0,0,0,0,2,Front to Rear,11,N,N,Following Too Closely,Failing to Reduce Speed to Avoid Crash,Daylight,Clear,Dry,N,,,,,Other,Functioning Properly,Y,2,41.8733162,-87.8027177,ok,Partial Access Control,3,03-23-04594,2023,,3,28,50000 and OVER,9,4295,Oak Park,C,Urban InterState,,16,16,12117455,3,Cook,0,23,,,4,N,No,(UNK),202301089469,ISP,1,7.78000021,Y,,,,(UNK),210960,(N/A),(UNK),No Defects,1,1,InterState,1,290,X002961578,Not Toll,,13,4,Divided With Median Barrier,3,2940407.80706033,1905227.46408562,41.8733084,-87.80271186,,Urban,1,N,(N/A),Y,(N/A)
2023,2023-08-18,Friday,20,08:00 PM,Property Damage,No Injuries,0,0,0,0,0,3,Front to Rear,11,N,N,Failing to Reduce Speed to Avoid Crash,(N/A),Darkness / Lighted Road,Clear,Dry,N,,,,,Delineators,Functioning Properly,N,2,41.8734495,-87.8039197,ok,Partial Access Control,3,03-23-15215,2023,,28,99,50000 and OVER,9,4295,Oak Park,C,Urban InterState,,16,18,12304755,8,Cook,0,23,,,5,N,No,(UNK),202301266176,ISP,5,7.73000002,Y,,,,(UNK),211373,(N/A),(UNK),No Defects,1,1,InterState,1,290,X003127702,Not Toll,73,14,4,Divided With Median Barrier,3,2940079.06698566,1905267.00218538,41.87344165,-87.80391392,,Urban,1,N,(N/A),Y,(N/A)
2023,2023-08-22,Tuesday,14,02:50 PM,Injury,B Injury Crash,1,0,0,1,0,1,Angle,15,N,N,Failing to Yield Right of Way,Driving Skills/Knowledge/Experience,Daylight,Clear,Dry,Y,,,,,Traffic Signal,Functioning Properly,N,2,41.9015578,-87.8055253,ok,(UNK),1,2305236,2023,,2,15,50000 and OVER,9,4295,Oak Park,C,Urban Other Principal Arte,,16,22,12304551,8,Cook,2,23,TRAFFIC SIGNAL POLE,,2,N,No,Free Flow,202301265954,City,1,18.15999985,Y,,,,(UNK),211930,(N/A),(UNK),No Defects,1,1,Other Principal Arterial,3,348,X003127509,Not Toll,73,3,4,Two-way Continuous Left-Tur,4,2939359.75941012,1915498.15025638,41.90154997,-87.80551951,,Urban,1,N,(N/A),Y,(N/A)
2023,2023-11-25,Saturday,18,06:30 PM,Property Damage,No Injuries,0,0,0,0,0,2,Front to Rear,11,N,N,Failing to Reduce Speed to Avoid Crash,Driving Skills/Knowledge/Experience,Darkness / Lighted Road,Clear,Dry,N,,,,,Other,Functioning Properly,N,2,41.8735085,-87.8045253,ok,Partial Access Control,3,03-23-22364,2023,,28,15,50000 and OVER,9,4295,Oak Park,C,Urban InterState,,16,25,12441380,11,Cook,0,23,,,6,N,No,(UNK),202301395747,ISP,5,7.69999981,Y,,,,(UNK),212370,(N/A),(UNK),No Defects,1,1,InterState,1,290,X003249094,Not Toll,73,13,4,Divided With Median Barrier,3,2939913.54572674,1905283.95473588,41.87350063,-87.80451946,,Urban,1,N,(N/A),Y,(N/A)
2023,2023-12-03,Sunday,4,04:30 AM,Property Damage,No Injuries,0,0,0,0,0,3,Front to Rear,11,N,N,Failing to Reduce Speed to Avoid Crash,Improper Lane Usage,Darkness / Lighted Road,Rain,Wet,N,,,,,Other,Functioning Properly,N,2,41.8709565,-87.7745073,ok,Partial Access Control,3,03-23-22852,2023,,28,20,50000 and OVER,9,4295,Oak Park,C,Urban InterState,,16,3,12441367,12,Cook,0,23,,,7,N,No,(UNK),202301395736,ISP,5,9.19999981,Y,,,,(UNK),212404,(N/A),(UNK),No Defects,1,2,InterState,1,290,X003249082,Not Toll,73,13,4,Divided With Median Barrier,3,2948115.3904432,1904580.51698082,41.87094865,-87.77450147,,Urban,2,N,(N/A),Y,(N/A)
2023,2023-02-02,Thursday,20,08:15 PM,Injury,B Injury Crash,2,0,0,2,0,0,Angle,15,N,N,Operating Vehicle In Reckless Manner,Disregarding Stop Sign,Darkness / Lighted Road,Clear,Dry,Y,,,,,Stop Sign,Functioning Properly,Y,4,41.8815686,-87.7956362,ok,(UNK),1,2300647,2023,,50,23,50000 and OVER,9,4295,Oak Park,C,Urban Major Collector,,16,2,12064700,2,Cook,2,23,PARKING SIGN & POLE,,4,N,Yes,Free Flow,202301039921,City,5,0.47,N,,,,(UNK),213091,(N/A),(UNK),No Defects,1,1,Major Collector,5,5,X002914910,Not Toll,73,2,4,Four Way,14,2942253.45219899,1908287.99931496,41.88156076,-87.79563037,,Urban,1,N,(N/A),Y,(N/A)
2023,2023-02-02,Thursday,20,08:15 PM,Property Damage,No Injuries,0,0,0,0,0,1,Parked Motor Vehicle,9,N,N,Operating Vehicle In Reckless Manner,(N/A),Darkness / Lighted Road,Clear,Dry,N,,,,,Stop Sign,Functioning Properly,Y,2,41.8833952,-87.7969898,ok,(UNK),1,2300652,2023,,50,99,50000 and OVER,9,4295,Oak Park,C,Urban Local Road or Street,,16,2,12064711,2,Cook,0,23,,,4,N,No,Free Flow,202301040118,City,5,0,N,,,,(UNK),213188,(N/A),(UNK),No Defects,1,1,Local Road or Street,7,,X002914918,Not Toll,73,2,4,Four Way,14,2941866.4358133,1908943.44863952,41.88338733,-87.79698396,,Urban,1,N,(N/A),Y,(N/A)
2023,2023-02-26,Sunday,23,11:32 PM,Property Damage,No Injuries,0,0,0,0,0,2,Fixed Object,6,N,N,Failing to Reduce Speed to Avoid Crash,Driving Skills/Knowledge/Experience,Darkness / Lighted Road,Clear,Dry,N,,,,,Other,Functioning Properly,Y,1,41.8734383,-87.801063,ok,Partial Access Control,3,03-23-03492,2023,,28,15,50000 and OVER,9,4295,Oak Park,C,Urban InterState,,16,26,12094933,2,Cook,0,23,,,7,N,No,(UNK),202301067921,ISP,5,7.86000013,Y,,,,(UNK),213222,(N/A),(UNK),No Defects,1,1,InterState,1,290,X002941615,Not Toll,73,13,4,Divided With Median Barrier,3,2940857.25827746,1905284.37356474,41.87343048,-87.80105719,,Urban,1,N,(N/A),Y,(N/A)
2023,2023-10-27,Friday,21,09:39 PM,Property Damage,No Injuries,0,0,0,0,0,2,Fixed Object,6,N,N,Failing to Reduce Speed to Avoid Crash,Unable to Determine,Darkness / Lighted Road,Rain,Wet,N,,,,,Traffic Signal,Functioning Properly,N,1,41.8802096,-87.8047429,ok,(UNK),1,23-03338,2023,,28,18,50000 and OVER,9,4295,Oak Park,C,Urban Other Principal Arte,,16,27,12389004,10,Cook,0,23,BUILDING STRUCTURE (PATIO AREA),,5,N,No,Free Flow,202301346532,City,5,19.63999939,Y,,,,(UNK),213406,(N/A),(UNK),No Defects,1,2,Other Principal Arterial,3,348,X003202408,Not Toll,73,3,4,"Divided, No Median Barrier",2,2939787.01966542,1907724.34270347,41.88020179,-87.80473714,,Urban,2,N,(N/A),Y,(N/A)
2023,2023-12-07,Thursday,9,09:35 AM,Property Damage,No Injuries,0,0,0,0,0,2,Front to Rear,11,N,N,Failing to Reduce Speed to Avoid Crash,Following Too Closely,Daylight,Clear,Dry,N,,,,,Other,Functioning Properly,Y,2,41.8734687,-87.8041168,ok,Partial Access Control,3,03-23-23132,2023,,28,3,50000 and OVER,9,4295,Oak Park,C,Urban InterState,,16,7,12441534,12,Cook,0,23,,,4,N,No,(UNK),202301395771,ISP,1,7.71999979,Y,,,,(UNK),213825,(N/A),(UNK),No Defects,1,1,InterState,1,290,X003249116,Not Toll,73,13,4,Divided With Median Barrier,3,2940025.19480626,1905272.52064437,41.87346085,-87.804111,,Urban,1,N,(N/A),Y,(N/A)
2023,2023-12-04,Monday,13,01:20 PM,Property Damage,No Injuries,0,0,0,0,0,2,Front to Rear,11,N,N,Following Too Closely,Failing to Reduce Speed to Avoid Crash,Daylight,Clear,Dry,N,,,,,Other,Functioning Properly,N,2,41.8712688,-87.7749963,ok,Partial Access Control,3,03-23-22931,2023,,3,28,50000 and OVER,9,4295,Oak Park,C,Urban InterState,,16,4,12443252,12,Cook,0,23,,,1,N,No,(UNK),202301397424,ISP,1,9.18000031,Y,,,,(UNK),213877,(N/A),(UNK),No Defects,1,1,InterState,1,290,X003250711,Not Toll,73,13,4,Divided With Median Barrier,3,2947979.00658436,1904690.5984442,41.87126092,-87.77499054,,Urban,1,N,(N/A),Y,(N/A)
2023,2023-12-11,Monday,8,08:45 AM,Property Damage,No Injuries,0,0,0,0,0,2,Front to Rear,11,N,N,Failing to Reduce Speed to Avoid Crash,(N/A),Daylight,Clear,Dry,N,,,,,No Controls,No Controls,N,2,41.883947,-87.7747647,ok,(UNK),1,2307789,2023,,28,99,50000 and OVER,9,4295,Oak Park,C,Urban Minor Arterial,,16,11,12447544,12,Cook,0,23,,,1,N,No,Free Flow,202301401115,City,1,7.42000008,N,,,,(UNK),213897,(N/A),(UNK),No Defects,1,1,Minor Arterial,4,2790,X003254261,Not Toll,,1,1,Not Divided,1,2947913.26822044,1909312.53507759,41.88393913,-87.77475891,,Urban,1,N,(N/A),Y,(N/A)
2023,2023-11-11,Saturday,17,05:32 PM,Property Damage,No Injuries,0,0,0,0,0,1,Parked Motor Vehicle,9,N,N,Distraction - From Inside Vehicle,Improper Lane Usage,Darkness / Lighted Road,Clear,Dry,N,,,,,No Controls,No Controls,N,3,41.881705,-87.7855729,ok,(UNK),1,2307136,2023,,41,20,50000 and OVER,9,4295,Oak Park,C,Urban Major Collector,,16,11,12414443,11,Cook,0,23,,,6,N,No,Free Flow,202301369976,City,5,0.98000002,N,,,,(UNK),213970,(N/A),(UNK),No Defects,1,1,Major Collector,5,5,X003225205,Not Toll,73,1,1,Not Divided,1,2944992.64043789,1908413.60713941,41.88169711,-87.78556707,,Urban,1,N,(N/A),Y,(N/A)