crash_year,crash_date,day_of_week,crash_hour,time_of_crash,crash_severity,crash_injury_severity,total_injured,total_fatals,a_injuries,b_injuries,c_injuries,no_injuries,type_of_first_crash,collision_type_code,pedestrian_involved,pedalcyclist_involved,cause1,cause2,lighting_cond,weather_cond,road_surface_cond,intersection_related,is_intersection,highway_or_street_name,at_intersection_with,address_no,traffic_control_device,traffic_control_device_cond,hit_and_run,number_of_vehicles,latitude,longitude,location_status,access_control,agency_code,agency_report_number,agency_report_year,alignment_code,cause1_code,cause2_code,city_class,city_class_code,city_code,city_name,city_township_flag,class_of_trafficway,class_of_trafficway_code,county_code,crash_day,crash_id,crash_month,crash_report_county,crash_severity_cd,crash_yr_source,damaged_property1,damaged_property2,day_of_week_code,did_crash_occur_in_work_zone,did_involve_secondary_crash,flow_condition,icn,investigating_agency_descrip,light_condition_code,mile_station,nhs,non_intersection_direction,non_intersection_distance,non_intersection_units,number_of_lanes,objectid,railroad_crossing_number,road_alignment,road_defects,road_defects_code,road_surface_condition_code,roadway_functional_class,roadway_functional_class_code,route_number,sfe,toll,township,traffic_control_device_code,traffic_control_device_cond_code,trafficway_descrip,trafficway_description_code,ts_crash_coordinate_x,ts_crash_coordinate_y,ts_crash_latitude,ts_crash_longitude,type_report,urban_rural,weather_code,were_workers_present,work_zone,work_zone_related,work_zone_type
2023,2023-12-31,Sunday,23,11:29 PM,Property Damage,No Injuries,0,0,0,0,0,6,Turning,10,N,N,Failing to Yield Right of Way,Disregarding Traffic Signals,Darkness / Lighted Road,Clear,Dry,Y,,,,,Traffic Signal,Functioning Properly,N,2,41.8736416,-87.8045258,ok,Partial Access Control,1,23-04023,2023,,2,25,50000 and OVER,9,4295,Oak Park,C,Urban InterState,,16,31,12475063,12,Cook,0,23,,,7,N,No,Free Flow,202301426601,City,5,0.20999999,Y,,,,(UNK),214231,(N/A),(UNK),No Defects,1,1,InterState,1,290,X003278821,Not Toll,73,3,4,Divided With Median Barrier,3,2939912.062394,1905332.46992192,41.87363377,-87.80452,,Urban,1,N,(N/A),Y,(N/A)
2023,2023-10-29,Sunday,2,02:09 AM,Property Damage,No Injuries,0,0,0,0,0,1,Parked Motor Vehicle,9,N,N,Failing to Reduce Speed to Avoid Crash,Failing to Reduce Speed to Avoid Crash,Darkness / Lighted Road,Clear,Wet,N,,,,,No Controls,No Controls,Y,3,41.8661787,-87.7839945,ok,(UNK),1,2306832,2023,,28,28,50000 and OVER,9,4295,Oak Park,C,Urban Major Collector,,16,29,12393845,10,Cook,0,23,TREE,,7,N,Yes,Free Flow,202301351113,City,5,2.48000002,N,,,,(UNK),214272,(N/A),(UNK),No Defects,1,2,Major Collector,5,2783,X003206848,Not Toll,73,1,1,Not Divided,1,2945579.63340861,1902767.49235477,41.86617086,-87.78398869,,Urban,1,N,(N/A),Y,(N/A)
2023,2023-10-29,Sunday,11,11:18 AM,Property Damage,No Injuries,0,0,0,0,0,3,Front to Rear,11,N,N,Failing to Reduce Speed to Avoid Crash,Physical Condition of Driver,Daylight,Clear,Dry,Y,,,,,Stop Sign,Functioning Properly,N,2,41.9017873,-87.7899941,ok,(UNK),1,2306838,2023,,28,17,50000 and OVER,9,4295,Oak Park,C,Urban Major Collector,,16,29,12393925,10,Cook,0,23,,,7,N,No,Stopped,202301351179,City,1,1.78999996,N,,,,(UNK),214440,(N/A),(UNK),No Defects,1,1,Major Collector,5,1394,X003206905,Not Toll,73,2,4,Not Divided,1,2943585.77168778,1915698.58483791,41.90177941,-87.78998832,,Urban,1,N,(N/A),Y,(N/A)
2023,2023-10-31,Tuesday,15,03:06 PM,Property Damage,No Injuries,0,0,0,0,0,1,Parked Motor Vehicle,9,N,N,(N/A),Driving Skills/Knowledge/Experience,Unknown,Clear,Dry,N,,,,,No Controls,No Controls,Y,2,41.8828811,-87.7828984,ok,(UNK),1,2306875,2023,,99,15,50000 and OVER,9,4295,Oak Park,C,Urban Local Road or Street,,16,31,12393943,10,Cook,0,23,,,2,N,No,Free Flow,202301351198,City,9,0,N,,,,(UNK),214441,(N/A),(UNK),No Defects,1,1,Local Road or Street,7,,X003206924,Not Toll,73,1,1,Not Divided,1,2945709.08491055,1908862.4420768,41.88287324,-87.78289256,,Urban,1,N,(N/A),Y,(N/A)
2023,2023-10-28,Saturday,13,01:52 PM,Property Damage,No Injuries,0,0,0,0,0,3,Parked Motor Vehicle,9,N,N,Failing to Reduce Speed to Avoid Crash,Equipment-Vehicle Condition,Daylight,Clear,Dry,N,,,,,No Controls,No Controls,Y,4,41.8800241,-87.7834951,ok,(UNK),1,2306818,2023,,28,10,50000 and OVER,9,4295,Oak Park,C,Urban Minor Arterial,,16,28,12393803,10,Cook,0,23,,,6,N,Yes,Free Flow,202301351071,City,1,0,N,,,,(UNK),214532,(N/A),(UNK),No Defects,1,1,Minor Arterial,4,,X003206808,Not Toll,73,1,1,"Divided, No Median Barrier",2,2945575.49334523,1907816.7971597,41.88001629,-87.78348933,,Urban,1,N,(N/A),Y,(N/A)
2023,2023-08-23,Wednesday,13,01:57 PM,Injury,A Injury Crash,2,0,1,0,1,3,Angle,15,N,N,Disregarding Stop Sign,(N/A),Daylight,Clear,Dry,Y,,,,,Stop Sign,Functioning Properly,Y,4,41.8813878,-87.804786,ok,(UNK),1,2305257,2023,,23,99,50000 and OVER,9,4295,Oak Park,C,Urban Other Principal Arte,,16,23,12304754,8,Cook,3,23,,,3,N,No,Slow,202301266175,City,1,19.55999947,Y,,,,(UNK),215003,(N/A),(UNK),No Defects,1,1,Other Principal Arterial,3,348,X003127701,Not Toll,73,2,4,Four Way,14,2939763.46821756,1908153.38102722,41.88138,-87.80478021,,Urban,1,N,(N/A),Y,(N/A)
2023,2023-11-29,Wednesday,13,01:14 PM,Property Damage,No Injuries,0,0,0,0,0,3,Turning,10,N,N,Failing to Yield Right of Way,Unable to Determine,Daylight,Clear,Dry,Y,,,,,Stop Sign,Functioning Properly,N,2,41.8704892,-87.8043962,ok,(UNK),1,23-03670,2023,,2,18,50000 and OVER,9,4295,Oak Park,C,Urban Other Principal Arte,,16,29,12450900,11,Cook,0,23,,,3,N,No,Free Flow,202301404165,City,1,20.30999947,Y,,,,(UNK),215209,(N/A),(UNK),No Defects,1,1,Other Principal Arterial,3,348,X003257267,Not Toll,73,2,4,"Divided, No Median Barrier",2,2939978.98876934,1904184.64675826,41.87048136,-87.80439042,,Urban,1,N,(N/A),Y,(N/A)
2023,2023-12-10,Sunday,17,05:25 PM,Property Damage,No Injuries,0,0,0,0,0,3,Sideswipe Same Direction,12,N,N,Failing to Reduce Speed to Avoid Crash,Unable to Determine,Daylight,Clear,Dry,N,,,,,No Controls,No Controls,Y,2,41.8814514,-87.8025209,ok,(UNK),1,2307778,2023,,28,18,50000 and OVER,9,4295,Oak Park,C,Urban Major Collector,,16,10,12447543,12,Cook,0,23,,,7,N,No,Free Flow,202301401114,City,1,0.11,N,,,,(UNK),215291,(N/A),(UNK),No Defects,1,1,Major Collector,5,5,X003254260,Not Toll,73,1,1,Not Divided,1,2940379.68392423,1908193.5349308,41.88144355,-87.80251514,,Urban,1,N,(N/A),Y,(N/A)
2023,2023-12-11,Monday,13,01:57 PM,Property Damage,No Injuries,0,0,0,0,0,2,Turning,10,N,N,Failing to Reduce Speed to Avoid Crash,Unable to Determine,Daylight,Clear,Dry,Y,,,,,Traffic Signal,Functioning Properly,Y,2,41.8796677,-87.8047389,ok,(UNK),1,2307795,2023,,28,18,50000 and OVER,9,4295,Oak Park,C,Urban Other Principal Arte,,16,11,12447545,12,Cook,0,23,,,1,N,No,Stopped,202301401116,City,1,19.68000031,Y,,,,(UNK),215292,(N/A),(UNK),No Defects,1,1,Other Principal Arterial,3,348,X003254262,Not Toll,73,3,4,Not Divided,1,2939793.54689188,1907526.89270595,41.87965988,-87.80473314,,Urban,1,N,(N/A),Y,(N/A)
2023,2023-08-19,Saturday,16,04:57 PM,Property Damage,No Injuries,0,0,0,0,0,5,Sideswipe Same Direction,12,N,N,Under Influence of Alcohol/Drugs,Improper Lane Usage,Daylight,Clear,Dry,N,,,,,Other,Functioning Properly,N,2,41.871294,-87.7799005,ok,Partial Access Control,3,03-23-15269,2023,,8,20,50000 and OVER,9,4295,Oak Park,C,Urban InterState,,16,19,12299990,8,Cook,0,23,,,6,N,No,(UNK),202301261685,ISP,1,8.93000031,Y,,,,(UNK),215479,(N/A),(UNK),No Defects,1,1,InterState,1,290,X003123351,Not Toll,,13,4,Divided With Median Barrier,3,2946642.95844024,1904662.59158553,41.87129399,-87.77990054,,Urban,1,N,(N/A),Y,(N/A)
2023,2023-10-29,Sunday,14,02:11 PM,Property Damage,No Injuries,0,0,0,0,0,2,Front to Rear,11,N,N,Following Too Closely,(N/A),Daylight,Freezing Rain or,Wet,N,,,,,No Controls,No Controls,N,2,41.8650631,-87.8017557,ok,(UNK),1,2306841,2023,,3,99,50000 and OVER,9,4295,Oak Park,C,Urban Other Principal Arte,,16,29,12393927,10,Cook,0,23,,,7,N,No,Slow,202301351181,City,1,6.11999989,Y,,,,(UNK),215939,(N/A),(UNK),No Defects,1,2,Other Principal Arterial,3,347,X003206907,Not Toll,52,1,1,Four Way,14,2940752.71972504,1902227.0974974,41.86505526,-87.80174988,,Urban,10,N,(N/A),Y,(N/A)
2023,2023-08-25,Friday,5,05:35 AM,Property Damage,No Injuries,0,0,0,0,0,2,Front to Rear,11,N,N,Failing to Reduce Speed to Avoid Crash,Following Too Closely,Dawn,Clear,Dry,N,,,,,Other,Functioning Properly,N,2,41.8734911,-87.8043471,ok,Partial Access Control,3,03-23-15664,2023,,28,3,50000 and OVER,9,4295,Oak Park,C,Urban InterState,,16,25,12306699,8,Cook,0,23,,,5,N,No,(UNK),202301268013,ISP,2,7.71000004,Y,,,,(UNK),217088,(N/A),(UNK),No Defects,1,1,InterState,1,290,X003129526,Not Toll,73,13,4,Divided With Median Barrier,3,2939962.24077642,1905278.9694132,41.87348328,-87.80434131,,Urban,1,N,(N/A),Y,(N/A)
2023,2023-08-23,Wednesday,14,02:14 PM,Property Damage,No Injuries,0,0,0,0,0,2,Turning,10,N,N,Improper Turning/No Signal,Unable to Determine,Daylight,Clear,Dry,Y,,,,,Stop Sign,Functioning Properly,N,2,41.870489,-87.8043954,ok,(UNK),1,2305258,2023,,6,18,50000 and OVER,9,4295,Oak Park,C,Urban Other Principal Arte,,16,23,12305396,8,Cook,0,23,,,3,N,No,Free Flow,202301266786,City,1,20.30999947,Y,,,,(UNK),217159,(N/A),(UNK),No Defects,1,1,Other Principal Arterial,3,348,X003128307,Not Toll,73,2,4,Four Way,14,2939979.2267938,1904184.57584893,41.87048115,-87.80438955,,Urban,1,N,(N/A),Y,(N/A)
2023,2023-10-29,Sunday,15,03:08 PM,Property Damage,No Injuries,0,0,0,0,0,3,Sideswipe Same Direction,12,N,N,Improper Lane Usage,Failing to Reduce Speed to Avoid Crash,Daylight,Rain,Wet,N,,,,,Other Regualtory Sig,Functioning Properly,N,2,41.8712678,-87.7749652,ok,Partial Access Control,3,03-23-20496,2023,,20,28,50000 and OVER,9,4295,Oak Park,C,Urban InterState,,16,29,12397616,10,Cook,0,23,,,7,N,No,(UNK),202301354464,ISP,1,9.17000008,Y,,,,(UNK),217450,(N/A),(UNK),No Defects,1,2,InterState,1,290,X003210079,Not Toll,73,10,4,Divided With Median Barrier,3,2947987.5,1904690.5,41.87126,-87.77495939,,Urban,2,N,(N/A),Y,(N/A)
2023,2023-12-30,Saturday,10,10:05 AM,Injury,C Injury Crash,1,0,0,0,1,1,Turning,10,N,N,Improper Turning/No Signal,Driving Skills/Knowledge/Experience,Daylight,Clear,Dry,N,,,,,Traffic Signal,Functioning Properly,Y,2,41.8735614,-87.8045222,ok,(UNK),1,23-04014,2023,,6,15,50000 and OVER,9,4295,Oak Park,C,Urban Other Principal Arte,,16,30,12470701,12,Cook,1,23,,,6,N,No,Free Flow,202301424181,City,1,20.10000038,Y,,,,(UNK),217806,(N/A),(UNK),No Defects,1,1,Other Principal Arterial,3,348,X003275126,Not Toll,73,3,4,Divided With Median Barrier,3,2939913.84961687,1905303.27343191,41.87355358,-87.80451639,,Urban,1,N,(N/A),Y,(N/A)
2023,2023-10-31,Tuesday,16,04:22 PM,Property Damage,No Injuries,0,0,0,0,0,2,Angle,15,N,N,Failing to Yield Right of Way,Failing to Reduce Speed to Avoid Crash,Daylight,Clear,Wet,Y,,,,,Stop Sign,Functioning Properly,N,2,41.8944582,-87.7912957,ok,(UNK),1,2306882,2023,,2,28,50000 and OVER,9,4295,Oak Park,C,Urban Minor Arterial,,16,31,12394149,10,Cook,0,23,,,2,N,No,Free Flow,202301351393,City,1,3.27999997,N,,,,(UNK),218031,(N/A),(UNK),No Defects,1,2,Minor Arterial,4,1398,X003207106,Not Toll,73,2,4,Not Divided,1,2943305.41820497,1913017.90576162,41.89445032,-87.79128986,,Urban,1,N,(N/A),Y,(N/A)
2023,2023-10-31,Tuesday,19,07:55 PM,Injury,C Injury Crash,1,0,0,0,1,4,Turning,10,N,N,Failing to Yield Right of Way,Failing to Reduce Speed to Avoid Crash,Darkness / Lighted Road,Snow,Wet,Y,,,,,Stop Sign,Functioning Properly,N,3,41.9018568,-87.7867445,ok,(UNK),1,2306891,2023,,2,28,50000 and OVER,9,4295,Oak Park,C,Urban Major Collector,,16,31,12394173,10,Cook,1,23,,,2,N,Yes,Free Flow,202301351417,City,5,1.95000005,N,,,,(UNK),218058,(N/A),(UNK),No Defects,1,2,Major Collector,5,1394,X003207129,Not Toll,73,2,4,Four Way,14,2944469.77189442,1915748.48134677,41.90184899,-87.78673868,,Urban,3,N,(N/A),Y,(N/A)
2023,2023-10-25,Wednesday,18,06:28 PM,Property Damage,No Injuries,0,0,0,0,0,2,Turning,10,N,N,Failing to Yield Right of Way,Failing to Reduce Speed to Avoid Crash,Darkness / Lighted Road,Rain,Wet,N,,,,,No Controls,No Controls,N,2,41.8656084,-87.7839818,ok,(UNK),1,2306759,2023,,2,28,50000 and OVER,9,4295,Oak Park,C,Urban Major Collector,,16,25,12387722,10,Cook,0,23,,,3,N,No,Slow,202301345310,City,5,2.51999998,N,,,,(UNK),218068,(N/A),(UNK),No Defects,1,2,Major Collector,5,2783,X003201172,Not Toll,73,1,1,Not Divided,1,2945588.85657636,1902559.77031463,41.86560058,-87.78397601,,Urban,2,N,(N/A),Y,(N/A)
2023,2023-10-31,Tuesday,15,03:38 PM,Property Damage,No Injuries,0,0,0,0,0,2,Fixed Object,6,N,N,Unable to Determine,Unable to Determine,Daylight,Blowing Snow,Wet,Y,,,,,Stop Sign,Functioning Properly,N,2,41.8931785,-87.7799659,ok,(UNK),1,2306879,2023,,18,18,50000 and OVER,9,4295,Oak Park,C,Urban Local Road or Street,,16,31,12394116,10,Cook,0,23,,,2,N,No,Free Flow,202301351364,City,1,1.10000002,N,,,,(UNK),218086,(N/A),(UNK),No Defects,1,2,Local Road or Street,7,3559,X003207077,Not Toll,73,2,4,Not Divided,1,2946403.23153365,1912637.21063225,41.89317062,-87.77996015,,Urban,11,N,(N/A),Y,(N/A)
2023,2023-10-26,Thursday,10,10:38 AM,Property Damage,No Injuries,0,0,0,0,0,2,Angle,15,N,N,Failing to Reduce Speed to Avoid Crash,Unable to Determine,Daylight,Clear,Dry,Y,,,,,Traffic Signal,Functioning Properly,N,2,41.8719978,-87.7939858,ok,(UNK),1,2306775,2023,,28,18,50000 and OVER,9,4295,Oak Park,C,Urban Major Collector,,16,26,12387751,10,Cook,0,23,,,4,N,No,Free Flow,202301345337,City,1,0,N,,,,(UNK),218294,(N/A),(UNK),No Defects,1,1,Major Collector,5,290,X003201199,Not Toll,73,3,4,Not Divided,1,2942799.37092384,1904812.67043659,41.87199,-87.79398,,Urban,1,N,(N/A),Y,(N/A)
2023,2023-10-21,Saturday,20,08:20 PM,Property Damage,No Injuries,0,0,0,0,0,2,Front to Rear,11,N,N,Failing to Reduce Speed to Avoid Crash,Following Too Closely,Darkness / Lighted Road,Rain,Wet,N,,,,,Other Regualtory Sig,Functioning Properly,N,2,41.8734588,-87.8040149,ok,Partial Access Control,3,03-23-19864,2023,,28,3,50000 and OVER,9,4295,Oak Park,C,Urban InterState,,16,21,12387775,10,Cook,0,23,,,6,N,No,(UNK),202301345360,ISP,5,7.71999979,Y,,,,(UNK),218329,(N/A),(UNK),No Defects,1,2,InterState,1,290,X003201222,Not Toll,73,10,4,Divided With Median Barrier,3,2940053.05578959,1905269.66667233,41.87345092,-87.80400908,,Urban,2,N,(N/A),Y,(N/A)
2023,2023-10-25,Wednesday,12,12:20 PM,Property Damage,No Injuries,0,0,0,0,0,2,Angle,15,N,N,Failing to Yield Right of Way,(N/A),Daylight,Clear,Wet,N,,,,,No Controls,No Controls,N,3,41.8815647,-87.795855,ok,(UNK),1,2306754,2023,,2,99,50000 and OVER,9,4295,Oak Park,C,Urban Major Collector,,16,25,12387697,10,Cook,0,23,,,3,N,Yes,Free Flow,202301345287,City,1,0.46000001,N,,,,(UNK),218408,(N/A),(UNK),No Defects,1,2,Major Collector,5,5,X003201150,Not Toll,73,1,1,"Divided, No Median Barrier",2,2942193.88609385,1908284.91269347,41.88155681,-87.79584924,,Urban,1,N,(N/A),Y,(N/A)
2023,2023-02-01,Wednesday,9,09:10 AM,Property Damage,No Injuries,0,0,0,0,0,1,Fixed Object,6,N,N,Unable to Determine,Unable to Determine,Unknown,Unknown,Unknown,N,,,,,No Controls,No Controls,Y,1,,,missing,(UNK),1,2300605,2023,,18,18,50000 and OVER,9,4295,Oak Park,C,(UNK),8,16,1,12064642,2,Cook,0,23,GARAGE,,3,N,No,Free Flow,202301039873,City,9,0,N,,,,(UNK),219098,(N/A),(UNK),No Defects,1,9,(UNK),0,0,X002914862,No Toll,,1,1,Alley,12,0,0,,,,(UNK),9,N,(N/A),Y,(N/A)
2023,2023-12-12,Tuesday,5,05:43 AM,Property Damage,No Injuries,0,0,0,0,0,2,Sideswipe Same Direction,12,N,N,Improper Lane Usage,Failing to Reduce Speed to Avoid Crash,Darkness / Lighted Road,Clear,Dry,N,,,,,Other Warning Sign,Functioning Properly,N,2,41.8734793,-87.8042262,ok,Partial Access Control,3,03-23-23441,2023,,20,28,50000 and OVER,9,4295,Oak Park,C,Urban InterState,,16,12,12447643,12,Cook,0,23,,,2,N,No,(UNK),202301401205,ISP,5,7.71000004,Y,,,,(UNK),219622,(N/A),(UNK),No Defects,1,1,InterState,1,290,X003254350,Not Toll,73,11,4,Divided With Median Barrier,3,2939995.30358747,1905275.58258592,41.8734715,-87.80422036,,Urban,1,N,(N/A),Y,(N/A)
2023,2023-12-12,Tuesday,22,10:46 PM,Property Damage,No Injuries,0,0,0,0,0,2,Angle,15,N,N,Disregarding Traffic Signals,(N/A),Darkness / Lighted Road,Clear,Dry,Y,,,,,Traffic Signal,Functioning Properly,N,2,41.8799384,-87.7795371,ok,(UNK),1,2307840,2023,,25,99,50000 and OVER,9,4295,Oak Park,C,Urban Minor Arterial,,16,12,12449495,12,Cook,0,23,,,2,N,No,Slow,202301402902,City,5,0.55000001,N,,,,(UNK),219790,(N/A),(UNK),No Defects,1,1,Minor Arterial,4,3794,X003256016,Not Toll,73,3,4,Four Way,14,2946654.27838588,1907815.51630489,41.87993052,-87.77953135,,Urban,1,N,(N/A),Y,(N/A)
2023,2023-02-08,Wednesday,23,11:20 PM,Injury,B Injury Crash,2,0,0,1,1,1,Sideswipe Opposite Direction,13,N,N,Driving On Wrong Side/Wrong Way,Improper Lane Usage,Darkness / Lighted Road,Rain,Wet,N,,,,,Traffic Signal,Functioning Properly,N,3,41.9087836,-87.8057831,ok,(UNK),1,2300171,2023,,5,20,50000 and OVER,9,4295,Oak Park,C,Urban Other Principal Arte,,16,8,12071234,2,Cook,2,23,,,3,N,No,Free Flow,202301045838,City,5,17.65999985,Y,,,,(UNK),220174,(N/A),(UNK),No Defects,1,2,Other Principal Arterial,3,348,X002920784,Not Toll,73,3,4,Divided With Median Barrier,3,2939217.07785685,1918129.4205164,41.90877571,-87.80577726,,Urban,2,N,(N/A),Y,(N/A)
2023,2023-02-02,Thursday,20,08:39 PM,Property Damage,No Injuries,0,0,0,0,0,2,Front to Rear,11,N,N,Failing to Reduce Speed to Avoid Crash,Following Too Closely,Darkness,Clear,Dry,Y,,,,,Traffic Signal,Functioning Properly,N,2,41.8799384,-87.7795442,ok,(UNK),1,2300648,2023,,28,3,50000 and OVER,9,4295,Oak Park,C,Urban Minor Arterial,,16,2,12071259,2,Cook,0,23,,,4,N,No,(UNK),202301045862,City,4,0.55000001,N,,,,(UNK),220177,(N/A),(UNK),No Defects,1,1,Minor Arterial,4,3794,X002920807,Not Toll,73,3,4,Not Divided,1,2946652.35580842,1907815.46509277,41.87993053,-87.77953841,,Urban,1,N,(N/A),Y,(N/A)
2023,2023-08-25,Friday,20,08:40 PM,Injury,B Injury Crash,1,0,0,1,0,0,Overturned,5,N,N,Driving Skills/Knowledge/Experience,Equipment-Vehicle Condition,Darkness / Lighted Road,Clear,Dry,N,,,,,Delineators,Functioning Properly,N,1,41.8710331,-87.7757381,ok,Partial Access Control,3,03-23-15726,2023,,15,10,50000 and OVER,9,4295,Oak Park,C,Urban InterState,,16,25,12311881,8,Cook,2,23,,,5,N,No,(UNK),202301273113,ISP,5,9.14000034,Y,,,,(UNK),220310,(N/A),(UNK),No Defects,1,1,InterState,1,290,X003134436,Not Toll,73,14,4,Divided With Median Barrier,3,2947779.35615764,1904599.08202652,41.87102524,-87.77573232,,Urban,1,N,(N/A),Y,(N/A)
2023,2023-08-25,Friday,12,12:20 PM,Property Damage,No Injuries,0,0,0,0,0,2,Sideswipe Same Direction,12,N,N,Driving Skills/Knowledge/Experience,Failing to Reduce Speed to Avoid Crash,Daylight,Clear,Dry,N,,,,,No Controls,No Controls,N,2,41.9000452,-87.8054586,ok,(UNK),1,23-02591,2023,,15,28,50000 and OVER,9,4295,Oak Park,C,Urban Other Principal Arte,,16,25,12306843,8,Cook,0,23,,,5,N,No,Free Flow,202301268150,City,1,18.26000023,Y,,,,(UNK),220368,(N/A),(UNK),No Defects,1,1,Other Principal Arterial,3,348,X003129666,Not Toll,73,1,1,"Divided, No Median Barrier",2,2939393.10768433,1914947.43928823,41.90003739,-87.80545277,,Urban,1,N,(N/A),Y,(N/A)
2023,2023-08-24,Thursday,14,02:43 PM,Injury,B Injury Crash,2,0,0,2,0,3,Turning,10,N,N,Failing to Yield Right of Way,Improper Turning/No Signal,Daylight,Clear,Dry,Y,,,,,Traffic Signal,Functioning Properly,N,3,41.8832478,-87.8048582,ok,(UNK),1,23-02571,2023,,2,6,50000 and OVER,9,4295,Oak Park,C,Urban Other Principal Arte,,16,24,12306856,8,Cook,2,23,GAS PUMP STATION,,4,N,Yes,Slow,202301268163,City,1,19.43000031,Y,,,,(UNK),220369,(N/A),(UNK),No Defects,1,1,Other Principal Arterial,3,348,X003129679,Not Toll,73,3,4,"Divided, No Median Barrier",2,2939725.15679377,1908830.64464729,41.88323996,-87.80485235,,Urban,1,N,(N/A),Y,(N/A)
2023,2023-01-12,Thursday,13,01:15 PM,Injury,C Injury Crash,1,0,0,0,1,1,Front to Rear,11,N,N,Following Too Closely,Driving Skills/Knowledge/Experience,Daylight,Cloudy/Overcast,Dry,N,,,,,No Controls,No Controls,N,2,41.8660196,-87.8042459,ok,(UNK),1,23-00115,2023,,3,15,50000 and OVER,9,4295,Oak Park,C,Urban Other Principal Arte,,16,12,12045230,1,Cook,1,23,,,4,N,No,Free Flow,202301023476,City,1,20.62000084,Y,,,,(UNK),220682,(N/A),(UNK),No Defects,1,1,Other Principal Arterial,3,348,X002898303,Not Toll,73,1,1,Not Divided,1,2940064.79132721,1902556.9747458,41.86601176,-87.80424006,,Urban,8,N,(N/A),Y,(N/A)
2023,2023-02-07,Tuesday,15,03:06 PM,Property Damage,No Injuries,0,0,0,0,0,3,Front to Rear,11,N,N,Failing to Reduce Speed to Avoid Crash,(N/A),Daylight,Cloudy/Overcast,Dry,Y,,,,,Traffic Signal,Functioning Properly,N,2,41.9087517,-87.805781,ok,(UNK),1,2300755,2023,,28,99,50000 and OVER,9,4295,Oak Park,C,Urban Other Principal Arte,,16,7,12071275,2,Cook,0,23,,,2,N,No,Stopped,202301045877,City,1,17.65999985,Y,,,,(UNK),220724,(N/A),(UNK),No Defects,1,1,Other Principal Arterial,3,348,X002920822,Not Toll,73,3,4,Not Divided,1,2939217.95732253,1918117.81104346,41.90874381,-87.80577521,,Urban,8,N,(N/A),Y,(N/A)
2023,2023-01-30,Monday,15,03:26 PM,Property Damage,No Injuries,0,0,0,0,0,2,Sideswipe Same Direction,12,N,N,Improper Lane Usage,Failing to Reduce Speed to Avoid Crash,Daylight,Clear,Dry,Y,,,,,No Controls,No Controls,N,2,41.8869817,-87.7846457,ok,(UNK),1,2300583,2023,,20,28,50000 and OVER,9,4295,Oak Park,C,Urban Major Collector,,16,30,12061693,1,Cook,0,23,,,1,N,No,Slow,202301037404,City,1,1.02999997,N,,,,(UNK),220763,(N/A),(UNK),No Defects,1,1,Major Collector,5,2783,X002912424,Not Toll,73,1,1,"Divided, No Median Barrier",2,2945191.73861276,1910343.56826357,41.88697387,-87.78463988,,Urban,1,N,(N/A),Y,(N/A)
2023,2023-08-23,Wednesday,20,08:26 PM,Property Damage,No Injuries,0,0,0,0,0,2,Sideswipe Same Direction,12,N,N,Driving Skills/Knowledge/Experience,Unable to Determine,Dusk,Clear,Dry,N,,,,,No Controls,No Controls,N,2,41.873779,-87.8045294,ok,Partial Access Control,1,23-02566,2023,,15,18,50000 and OVER,9,4295,Oak Park,C,Urban Other Principal Arte,,16,23,12306846,8,Cook,0,23,,,3,N,No,Free Flow,202301268153,City,3,20.07999992,Y,,,,(UNK),220923,(N/A),(UNK),No Defects,1,1,Other Principal Arterial,3,348,X003129669,Not Toll,73,1,1,"Divided, No Median Barrier",2,2939909.70218522,1905382.5095374,41.87377116,-87.80452361,,Urban,1,N,(N/A),Y,(N/A)
2023,2023-08-20,Sunday,6,06:10 AM,Injury,B Injury Crash,3,0,0,3,0,0,Front to Rear,11,N,N,Under Influence of Alcohol/Drugs,Failing to Reduce Speed to Avoid Crash,Daylight,Clear,Dry,N,,,,,Other,Functioning Properly,N,2,41.8721245,-87.7896099,ok,Partial Access Control,3,03-23-15306,2023,,8,28,50000 and OVER,9,4295,Oak Park,C,Urban InterState,,16,20,12306870,8,Cook,2,23,,,7,N,No,(UNK),202301268177,ISP,1,8.42000008,Y,,,,(UNK),220933,(N/A),(UNK),No Defects,1,1,InterState,1,290,X003129693,Not Toll,,13,4,Divided With Median Barrier,3,2943989.96625591,1904891.81803401,41.87212449,-87.78960992,,Urban,1,N,(N/A),Y,(N/A)
2023,2023-08-16,Wednesday,11,11:59 AM,Property Damage,No Injuries,0,0,0,0,0,3,Angle,15,N,N,Failing to Yield Right of Way,Unable to Determine,Daylight,Clear,Dry,Y,,,,,Traffic Signal,Functioning Properly,N,2,41.9090576,-87.792644,ok,(UNK),1,2305080,2023,,2,18,50000 and OVER,9,4295,Oak Park,C,Urban Other Principal Arte,,16,16,12302181,8,Cook,0,23,,,3,N,No,Slow,202301263819,City,1,6.5999999,Y,,,,(UNK),220945,(N/A),(UNK),No Defects,1,1,Other Principal Arterial,3,307,X003125414,Not Toll,73,3,4,Not Divided,1,2942790.97888025,1918328.04596484,41.90904972,-87.79263823,,Urban,1,N,(N/A),Y,(N/A)