crash_year,crash_date,day_of_week,crash_hour,time_of_crash,crash_severity,crash_injury_severity,total_injured,total_fatals,a_injuries,b_injuries,c_injuries,no_injuries,type_of_first_crash,collision_type_code,pedestrian_involved,pedalcyclist_involved,cause1,cause2,lighting_cond,weather_cond,road_surface_cond,intersection_related,is_intersection,highway_or_street_name,at_intersection_with,address_no,traffic_control_device,traffic_control_device_cond,hit_and_run,number_of_vehicles,latitude,longitude,location_status,access_control,agency_code,agency_report_number,agency_report_year,alignment_code,cause1_code,cause2_code,city_class,city_class_code,city_code,city_name,city_township_flag,class_of_trafficway,class_of_trafficway_code,county_code,crash_day,crash_id,crash_month,crash_report_county,crash_severity_cd,crash_yr_source,damaged_property1,damaged_property2,day_of_week_code,did_crash_occur_in_work_zone,did_involve_secondary_crash,flow_condition,icn,investigating_agency_descrip,light_condition_code,mile_station,nhs,non_intersection_direction,non_intersection_distance,non_intersection_units,number_of_lanes,objectid,railroad_crossing_number,road_alignment,road_defects,road_defects_code,road_surface_condition_code,roadway_functional_class,roadway_functional_class_code,route_number,sfe,toll,township,traffic_control_device_code,traffic_control_device_cond_code,trafficway_descrip,trafficway_description_code,ts_crash_coordinate_x,ts_crash_coordinate_y,ts_crash_latitude,ts_crash_longitude,type_report,urban_rural,weather_code,were_workers_present,work_zone,work_zone_related,work_zone_type
2023,2023-08-23,Wednesday,16,04:23 PM,Property Damage,No Injuries,0,0,0,0,0,3,Sideswipe Same Direction,12,N,N,Failing to Yield Right of Way,Failing to Reduce Speed to Avoid Crash,Daylight,Clear,Unknown,N,,,,,No Controls,No Controls,N,2,41.8886479,-87.7945158,ok,(UNK),1,2305263,2023,,2,28,50000 and OVER,9,4295,Oak Park,C,Urban Major Collector,,16,23,12305499,8,Cook,0,23,,,3,N,No,(UNK),202301266893,City,1,0.34999999,N,,,,(UNK),221018,(N/A),(UNK),Unknown,99,9,Major Collector,5,1405,X003128409,Not Toll,73,1,1,"Divided, No Median Barrier",2,2942487.21429462,1910876.25973866,41.88864004,-87.79451,,Urban,1,N,(N/A),N,(N/A)
2023,2023-10-06,Friday,10,10:00 AM,Property Damage,No Injuries,0,0,0,0,0,1,Fixed Object,6,N,N,Improper Backing,Failing to Reduce Speed to Avoid Crash,Daylight,Unknown,Unknown,N,,,,,No Controls,No Controls,N,1,41.8721038,-87.8036003,ok,(UNK),1,2306774,2023,,30,28,50000 and OVER,9,4295,Oak Park,C,Urban Local Road or Street,,16,6,12387734,10,Cook,0,23,LIGHT POLE,,5,N,No,Free Flow,202301345321,City,1,0,N,,,,(UNK),221128,(N/A),(UNK),Unknown,99,9,Local Road or Street,7,,X003201183,Not Toll,73,1,1,Other,8,2940179.5625512,1904779.00954608,41.87209597,-87.80359454,,Urban,9,N,(N/A),N,(N/A)
2023,2023-12-02,Saturday,10,10:30 AM,Property Damage,No Injuries,0,0,0,0,0,2,Sideswipe Same Direction,12,N,N,Unable to Determine,Unable to Determine,Daylight,Unknown,Unknown,N,,,,,Traffic Signal,Functioning Properly,Y,2,41.873738,-87.8045283,ok,(UNK),1,23-03764,2023,,18,18,50000 and OVER,9,4295,Oak Park,C,Urban Other Principal Arte,,16,2,12446065,12,Cook,0,23,,,6,N,No,Free Flow,202301399950,City,1,20.07999992,Y,,,,(UNK),221366,(N/A),(UNK),No Defects,1,9,Other Principal Arterial,3,348,X003253215,Not Toll,73,3,4,Divided With Median Barrier,3,2939910.40624094,1905367.58265401,41.87373018,-87.80452253,,Urban,9,N,(N/A),Y,(N/A)
2023,2023-12-12,Tuesday,15,03:00 PM,Property Damage,No Injuries,0,0,0,0,0,2,Front to Rear,11,N,N,Following Too Closely,Failing to Reduce Speed to Avoid Crash,Daylight,Clear,Dry,Y,,,,,Traffic Signal,Functioning Properly,N,2,41.8944171,-87.7946758,ok,(UNK),1,2307824,2023,,3,28,50000 and OVER,9,4295,Oak Park,C,Urban Minor Arterial,,16,12,12449465,12,Cook,0,23,,,2,N,No,Stopped,202301402877,City,1,3.0999999,N,,,,(UNK),221474,(N/A),(UNK),No Defects,1,1,Minor Arterial,4,1398,X003255990,Not Toll,73,3,4,Four Way,14,2942385.50252814,1912977.46381815,41.89440925,-87.79466998,,Urban,1,N,(N/A),Y,(N/A)
2023,2023-12-06,Wednesday,7,07:01 AM,Property Damage,No Injuries,0,0,0,0,0,2,Sideswipe Same Direction,12,N,N,Unable to Determine,Unable to Determine,Daylight,Clear,Dry,N,,,,,No Controls,No Controls,Y,2,41.8727795,-87.7756144,ok,(UNK),1,2307683,2023,,18,18,50000 and OVER,9,4295,Oak Park,C,Urban Local Road or Street,,16,6,12449753,12,Cook,0,23,,,3,N,No,Free Flow,202301403140,City,1,0,N,,,,(UNK),221690,(N/A),(UNK),No Defects,1,1,Local Road or Street,7,,X003256257,Not Toll,73,1,1,"Divided, No Median Barrier",2,2947795.30264267,1905236.44782065,41.87277166,-87.77560865,,Urban,1,N,(N/A),Y,(N/A)
2023,2023-03-12,Sunday,15,03:55 PM,Property Damage,No Injuries,0,0,0,0,0,11,Rear to Front,18,N,N,Failing to Reduce Speed to Avoid Crash,Following Too Closely,Daylight,Rain,Wet,N,,,,,Other Regualtory Sig,Functioning Properly,Y,4,41.8719264,-87.7839635,ok,Partial Access Control,3,03-23-04322,2023,,28,3,50000 and OVER,9,4295,Oak Park,C,Urban InterState,,16,12,12108227,3,Cook,0,23,,,7,N,No,(UNK),202301080868,ISP,1,8.72000027,Y,,,,(UNK),221916,(N/A),(UNK),No Defects,1,2,InterState,1,290,X002953159,Not Toll,73,10,4,Divided With Median Barrier,3,2945529.9144385,1904862.28074866,41.87191852,-87.78395766,,Urban,2,N,(N/A),Y,(N/A)
2023,2023-08-18,Friday,1,01:00 AM,Property Damage,No Injuries,0,0,0,0,0,2,Front to Rear,11,N,N,Failing to Reduce Speed to Avoid Crash,Following Too Closely,Darkness / Lighted Road,Clear,Dry,N,,,,,No Controls,No Controls,N,2,41.8732411,-87.7992405,ok,Partial Access Control,3,03-23-15208,2023,,28,3,50000 and OVER,9,4295,Oak Park,C,Urban InterState,,16,18,12306891,8,Cook,0,23,,,5,N,No,(UNK),202301268197,ISP,5,7.94000006,Y,,,,(UNK),222105,(N/A),(UNK),No Defects,1,1,InterState,1,290,X003129713,Not Toll,73,1,1,Divided With Median Barrier,3,2941355.61848401,1905226.20528739,41.87323328,-87.79923473,,Urban,1,N,(N/A),Y,(N/A)
2023,2023-08-22,Tuesday,18,06:33 PM,Property Damage,No Injuries,0,0,0,0,0,7,Sideswipe Same Direction,12,N,N,Following Too Closely,(N/A),Daylight,Clear,Dry,N,,,,,Pedestrian Crossing,Functioning Properly,Y,4,41.8797522,-87.7952418,ok,(UNK),1,2305242,2023,,3,99,50000 and OVER,9,4295,Oak Park,C,Urban Minor Arterial,,16,22,12305741,8,Cook,0,23,,,2,N,No,Slow,202301267112,City,1,3.54999995,N,,,,(UNK),222841,(N/A),(UNK),No Defects,1,1,Minor Arterial,4,1419,X003128628,Not Toll,73,17,4,Four Way,14,2942379.15642647,1907629.0424104,41.87974436,-87.79523599,,Urban,1,N,(N/A),Y,(N/A)
2023,2023-10-30,Monday,13,01:00 PM,Property Damage,No Injuries,0,0,0,0,0,3,Sideswipe Same Direction,12,N,N,Improper Lane Usage,(N/A),Daylight,Clear,Dry,N,,,,,Other,Functioning Properly,N,2,41.8723995,-87.7906259,ok,Partial Access Control,3,03-23-20548,2023,,20,99,50000 and OVER,9,4295,Oak Park,C,Urban InterState,,16,30,12399240,10,Cook,0,23,,,1,N,No,(UNK),202301356030,ISP,1,8.36999989,Y,,,,(UNK),223149,(N/A),(UNK),No Defects,1,1,InterState,1,290,X003211664,Not Toll,73,13,4,Divided With Median Barrier,3,2943710.45834919,1904984.38139659,41.87239169,-87.79062012,,Urban,1,N,(N/A),Y,(N/A)
2023,2023-10-27,Friday,7,07:04 AM,Property Damage,No Injuries,0,0,0,0,0,3,Front to Rear,11,N,N,Failing to Reduce Speed to Avoid Crash,Following Too Closely,Daylight,Clear,Dry,N,,,,,Other,Other,N,3,41.8733721,-87.8031258,ok,Partial Access Control,3,03-23-20304,2023,,28,3,50000 and OVER,9,4295,Oak Park,C,Urban InterState,,16,27,12392811,10,Cook,0,23,,,5,N,No,(UNK),202301350108,ISP,1,7.76000023,Y,,,,(UNK),223462,(N/A),(UNK),No Defects,1,1,InterState,1,290,X003205859,Not Toll,73,13,7,Divided With Median Barrier,3,2940296.07515726,1905244.77270243,41.8733643,-87.80312002,,Urban,1,N,(N/A),Y,(N/A)
2023,2023-08-24,Thursday,14,02:00 PM,Property Damage,No Injuries,0,0,0,0,0,2,Sideswipe Opposite Direction,13,N,N,Driving On Wrong Side/Wrong Way,Unable to Determine,Daylight,Clear,Dry,Y,,,,,No Controls,No Controls,N,2,41.8962679,-87.8053316,ok,(UNK),1,2305288,2023,,5,18,50000 and OVER,9,4295,Oak Park,C,Urban Other Principal Arte,,16,24,12305661,8,Cook,0,23,,,4,N,No,Free Flow,202301267037,City,1,18.52000046,Y,,,,(UNK),223680,(N/A),(UNK),No Defects,1,1,Other Principal Arterial,3,348,X003128553,Not Toll,73,1,1,Four Way,14,2939465.57745224,1913571.86638215,41.89626008,-87.80532582,,Urban,1,N,(N/A),Y,(N/A)
2023,2023-08-25,Friday,15,03:53 PM,Injury,C Injury Crash,1,0,0,0,1,2,Pedestrian,1,Y,N,Failing to Yield Right of Way,(N/A),Daylight,Clear,Dry,N,,,,,No Controls,No Controls,N,1,41.888666,-87.7960832,ok,(UNK),1,2305326,2023,,2,99,50000 and OVER,9,4295,Oak Park,C,Urban Major Collector,,16,25,12308958,8,Cook,1,23,,,5,N,No,(UNK),202301270290,City,1,0.25999999,N,,,,(UNK),223703,(N/A),(UNK),No Defects,1,1,Major Collector,5,1405,X003131690,Not Toll,73,1,1,"Divided, No Median Barrier",2,2942060.21997187,1910871.06107954,41.88865816,-87.79607742,,Urban,1,N,(N/A),Y,(N/A)
2023,2023-08-28,Monday,12,12:35 PM,Property Damage,No Injuries,0,0,0,0,0,2,Front to Rear,11,N,N,Following Too Closely,Driving Skills/Knowledge/Experience,Daylight,Clear,Dry,N,,,,,Traffic Signal,Functioning Properly,Y,2,41.8796678,-87.8047353,ok,(UNK),1,2305379,2023,,3,15,50000 and OVER,9,4295,Oak Park,C,Urban Other Principal Arte,,16,28,12310345,8,Cook,0,23,,,1,N,Yes,Stopped,202301271625,City,1,19.68000031,Y,,,,(UNK),223736,(N/A),(UNK),No Defects,1,1,Other Principal Arterial,3,348,X003132997,Not Toll,73,3,4,Two-way Continuous Left-Tur,4,2939794.52888862,1907526.94967129,41.87965996,-87.80472953,,Urban,1,N,(N/A),Y,(N/A)
2023,2023-08-14,Monday,18,06:00 PM,Property Damage,No Injuries,0,0,0,0,0,2,Front to Rear,11,N,N,Following Too Closely,Failing to Reduce Speed to Avoid Crash,Daylight,Clear,Wet,Y,,,,,Traffic Signal,Functioning Properly,Y,2,41.8736416,-87.8045258,ok,Partial Access Control,3,03-23-15025,2023,,3,28,50000 and OVER,9,4295,Oak Park,C,Urban InterState,,16,14,12312210,8,Cook,0,23,,,1,N,No,(UNK),202301273420,ISP,1,0.20999999,Y,,,,(UNK),224237,(N/A),(UNK),No Defects,1,2,InterState,1,290,X003134746,Not Toll,73,3,4,Ramp,11,2939912.062394,1905332.46992192,41.87363377,-87.80452,,Urban,1,N,(N/A),Y,(N/A)
2023,2023-08-25,Friday,14,02:04 PM,Property Damage,No Injuries,0,0,0,0,0,1,Parked Motor Vehicle,9,N,N,Improper Lane Usage,Failing to Reduce Speed to Avoid Crash,Daylight,Clear,Dry,N,,,,,No Controls,No Controls,Y,2,41.8820929,-87.776578,ok,(UNK),1,2305320,2023,,20,28,50000 and OVER,9,4295,Oak Park,C,Urban Major Collector,,16,25,12308935,8,Cook,0,23,,,5,N,No,Free Flow,202301270268,City,1,1.45000005,N,,,,(UNK),224273,(N/A),(UNK),No Defects,1,1,Major Collector,5,5,X003131671,Not Toll,73,1,1,"Divided, No Median Barrier",2,2947438.28973337,1908623.11202412,41.88208506,-87.77657222,,Urban,1,N,(N/A),Y,(N/A)
2023,2023-08-26,Saturday,20,08:32 PM,Property Damage,No Injuries,0,0,0,0,0,1,Parked Motor Vehicle,9,N,N,Unable to Determine,Unable to Determine,Darkness / Lighted Road,Clear,Dry,N,,,,,No Controls,No Controls,Y,6,41.8815167,-87.7985372,ok,(UNK),1,2305340,2023,,18,18,50000 and OVER,9,4295,Oak Park,C,Urban Major Collector,,16,26,12309084,8,Cook,0,23,,,6,N,No,Free Flow,202301270418,City,5,0.33000001,N,,,,(UNK),224435,(N/A),(UNK),No Defects,1,1,Major Collector,5,5,X003131809,Not Toll,73,1,1,Not Divided,1,2941463.91896309,1908247.2683888,41.88150888,-87.79853144,,Urban,1,N,(N/A),Y,(N/A)
2023,2023-08-28,Monday,23,11:09 PM,Injury,B Injury Crash,1,0,0,1,0,1,Pedestrian,1,Y,N,Failing to Yield Right of Way,(N/A),Darkness / Lighted Road,Clear,Dry,Y,,,,,Traffic Signal,Functioning Properly,N,1,41.8815886,-87.7943358,ok,(UNK),1,2305392,2023,,2,99,50000 and OVER,9,4295,Oak Park,C,Urban Major Collector,,16,28,12310382,8,Cook,2,23,,,1,N,No,Free Flow,202301271662,City,5,0.54000002,N,,,,(UNK),224643,(N/A),(UNK),No Defects,1,1,Major Collector,5,5,X003133034,Not Toll,73,3,4,Two-way Continuous Left-Tur,4,2942607.38437358,1908305.0791103,41.88158075,-87.79433,,Urban,1,N,(N/A),Y,(N/A)
2023,2023-08-25,Friday,23,11:18 PM,Property Damage,No Injuries,0,0,0,0,0,2,Angle,15,N,N,Improper Overtaking/Passing,(N/A),Darkness / Lighted Road,Clear,Dry,N,,,,,No Controls,No Controls,N,2,41.8938174,-87.8052165,ok,(UNK),1,2305336,2023,,4,99,50000 and OVER,9,4295,Oak Park,C,Urban Other Principal Arte,,16,25,12309037,8,Cook,0,23,,,5,N,No,Stopped,202301270369,City,5,18.70000076,Y,,,,(UNK),224921,(N/A),(UNK),No Defects,1,1,Other Principal Arterial,3,348,X003131763,Not Toll,73,1,1,"Divided, No Median Barrier",2,2939521.52195276,1912679.69634059,41.89380951,-87.80521067,,Urban,1,N,(N/A),Y,(N/A)
2023,2023-08-28,Monday,23,11:40 PM,Property Damage,No Injuries,0,0,0,0,0,2,Turning,10,N,N,Failing to Yield Right of Way,Driving Skills/Knowledge/Experience,Darkness / Lighted Road,Clear,Dry,N,,,,,Traffic Signal,Functioning Properly,N,2,41.8737781,-87.8045294,ok,Partial Access Control,1,2305393,2023,,2,15,50000 and OVER,9,4295,Oak Park,C,Urban Other Principal Arte,,16,28,12310438,8,Cook,0,23,,,1,N,No,Free Flow,202301271718,City,5,20.07999992,Y,,,,(UNK),224947,(N/A),(UNK),No Defects,1,1,Other Principal Arterial,3,348,X003133088,Not Toll,73,3,4,Two-way Continuous Left-Tur,4,2939909.7178219,1905382.17805236,41.87377025,-87.80452358,,Urban,1,N,(N/A),Y,(N/A)
2023,2023-02-25,Saturday,23,11:17 PM,Injury,B Injury Crash,3,0,0,3,0,1,Fixed Object,6,N,N,Failing to Reduce Speed to Avoid Crash,Improper Lane Usage,Darkness / Lighted Road,Clear,Dry,N,,,,,No Controls,No Controls,N,2,41.8997144,-87.8054454,ok,(UNK),1,2300238,2023,,28,20,50000 and OVER,9,4295,Oak Park,C,Urban Other Principal Arte,,16,25,12091545,2,Cook,2,23,PARK WAY GRASS,,6,N,No,Free Flow,202301064189,City,5,18.28000069,Y,,,,(UNK),225259,(N/A),(UNK),No Defects,1,1,Other Principal Arterial,3,348,X002938573,Not Toll,73,1,1,"Divided, No Median Barrier",2,2939400.01912675,1914826.96963368,41.89970654,-87.80543958,,Urban,1,N,(N/A),Y,(N/A)
2023,2023-02-11,Saturday,15,03:45 PM,Property Damage,No Injuries,0,0,0,0,0,4,Angle,15,N,N,Disregarding Stop Sign,Failing to Reduce Speed to Avoid Crash,Daylight,Clear,Dry,Y,,,,,Stop Sign,Functioning Properly,N,2,41.8833638,-87.7894654,ok,(UNK),1,2300849,2023,,23,28,50000 and OVER,9,4295,Oak Park,C,Urban Minor Collector,,16,11,12087200,2,Cook,0,23,,,6,N,No,Free Flow,202301060255,City,1,0.37,N,,,,(UNK),225382,(N/A),(UNK),No Defects,1,1,Minor Collector,6,2779,X002934674,Not Toll,73,2,4,Four Way,14,2943915.83440823,1908988.70558107,41.88335592,-87.78945957,,Urban,1,N,(N/A),Y,(N/A)
2023,2023-12-12,Tuesday,14,02:00 PM,Property Damage,No Injuries,0,0,0,0,0,2,Front to Rear,11,N,N,Following Too Closely,Failing to Reduce Speed to Avoid Crash,Daylight,Clear,Dry,N,,,,,Delineators,Functioning Properly,N,2,41.8737846,-87.8045296,ok,Partial Access Control,3,03-23-23480,2023,,3,28,50000 and OVER,9,4295,Oak Park,C,Urban Other Principal Arte,,16,12,12449578,12,Cook,0,23,,,2,N,No,(UNK),202301402969,ISP,1,20.07999992,Y,,,,(UNK),225734,(N/A),(UNK),No Defects,1,1,Other Principal Arterial,3,348,X003256087,Not Toll,73,14,4,Divided With Median Barrier,3,2939909.60583126,1905384.55216383,41.87377677,-87.80452375,,Urban,1,N,(N/A),Y,(N/A)
2023,2023-12-08,Friday,5,05:54 AM,Property Damage,No Injuries,0,0,0,0,0,2,Sideswipe Same Direction,12,N,N,Evasive Action Due to Animal / Object / Non-Motorist,(N/A),Darkness / Lighted Road,Clear,Dry,N,,,,,No Controls,No Controls,N,2,41.8795574,-87.8047306,ok,(UNK),1,23-03756,2023,,32,99,50000 and OVER,9,4295,Oak Park,C,Urban Other Principal Arte,,16,8,12449605,12,Cook,0,23,,,5,N,No,Free Flow,202301402995,City,5,19.69000053,Y,,,,(UNK),225737,(N/A),(UNK),No Defects,1,1,Other Principal Arterial,3,348,X003256114,Not Toll,73,1,1,"Divided, No Median Barrier",2,2939796.93094596,1907486.74840168,41.87954955,-87.80472478,,Urban,1,N,(N/A),Y,(N/A)
2023,2023-12-12,Tuesday,14,02:25 PM,Property Damage,No Injuries,0,0,0,0,0,2,Sideswipe Same Direction,12,N,N,Improper Overtaking/Passing,Unable to Determine,Daylight,Clear,Dry,Y,,,,,Traffic Signal,Functioning Properly,N,2,41.8813878,-87.8047858,ok,(UNK),1,23-03814,2023,,4,18,50000 and OVER,9,4295,Oak Park,C,Urban Other Principal Arte,,16,12,12449604,12,Cook,0,23,,,2,N,No,Free Flow,202301402994,City,1,19.55999947,Y,,,,(UNK),225792,(N/A),(UNK),No Defects,1,1,Other Principal Arterial,3,348,X003256113,Not Toll,73,3,4,"Divided, No Median Barrier",2,2939763.52364909,1908153.38389951,41.88138,-87.80478,,Urban,1,N,(N/A),Y,(N/A)
2023,2023-02-07,Tuesday,20,08:08 PM,Property Damage,No Injuries,0,0,0,0,0,1,Parked Motor Vehicle,9,N,N,Improper Backing,Driving Skills/Knowledge/Experience,Darkness / Lighted Road,Clear,Dry,N,,,,,No Controls,No Controls,N,2,41.8946136,-87.781874,ok,(UNK),1,2300766,2023,,30,15,50000 and OVER,9,4295,Oak Park,C,Urban Minor Arterial,,16,7,12071295,2,Cook,0,23,,,2,N,No,Free Flow,202301045897,City,5,3.77999997,N,,,,(UNK),225819,(N/A),(UNK),No Defects,1,1,Minor Arterial,4,1398,X002920843,Not Toll,73,1,1,Parking Lot,7,2945869.15511368,1913145.73676035,41.89460572,-87.7818682,,Urban,1,N,(N/A),Y,(N/A)
2023,2023-02-07,Tuesday,7,07:41 AM,Property Damage,No Injuries,0,0,0,0,0,3,Angle,15,N,N,Failing to Yield Right of Way,Driving Skills/Knowledge/Experience,Daylight,Cloudy/Overcast,Dry,Y,,,,,Stop Sign,Functioning Properly,N,2,41.903709,-87.7900545,ok,(UNK),1,2300741,2023,,2,15,50000 and OVER,9,4295,Oak Park,C,Urban Local Road or Street,,16,7,12071260,2,Cook,0,23,,,2,N,No,Free Flow,202301045863,City,1,0,N,,,,(UNK),225956,(N/A),(UNK),No Defects,1,1,Local Road or Street,7,,X002920808,Not Toll,73,2,4,Not Divided,1,2943549.93141205,1916398.4642611,41.90370119,-87.79004866,,Urban,8,N,(N/A),Y,(N/A)
2023,2023-02-07,Tuesday,17,05:40 PM,Property Damage,No Injuries,0,0,0,0,0,4,Front to Front,14,N,N,Distraction - From Inside Vehicle,Unable to Determine,Darkness / Lighted Road,Clear,Dry,N,,,,,No Controls,No Controls,N,2,41.8816748,-87.787389,ok,(UNK),1,2300762,2023,,41,18,50000 and OVER,9,4295,Oak Park,C,Urban Major Collector,,16,7,12071292,2,Cook,0,23,,,2,N,No,Free Flow,202301045894,City,5,0.88999999,N,,,,(UNK),225960,(N/A),(UNK),No Defects,1,1,Major Collector,5,5,X002920840,Not Toll,73,1,1,"Divided, No Median Barrier",2,2944498.34265164,1908388.90812113,41.881667,-87.78738324,,Urban,1,N,(N/A),Y,(N/A)
2023,2023-01-31,Tuesday,8,08:24 AM,Property Damage,No Injuries,0,0,0,0,0,2,Other Object,7,N,N,Equipment-Vehicle Condition,Failing to Reduce Speed to Avoid Crash,Daylight,Clear,Dry,N,,,,,Traffic Signal,Functioning Properly,N,1,41.8947172,-87.7751558,ok,(UNK),1,2300589,2023,,10,28,50000 and OVER,9,4295,Oak Park,C,Urban Minor Arterial,,16,31,12061705,1,Cook,0,23,CEMENT GARBAGE CAN,CTA BUS STOP SIGN,2,N,No,Free Flow,202301037418,City,1,4.13000011,N,,,,(UNK),225993,(N/A),(UNK),No Defects,1,1,Minor Arterial,4,1398,X002912434,Not Toll,,3,4,Not Divided,1,2947697.32745963,1913234.44666466,41.89470936,-87.77514997,,Urban,1,N,(N/A),Y,(N/A)
2023,2023-02-01,Wednesday,3,03:49 AM,Injury,B Injury Crash,3,0,0,3,0,0,Angle,15,N,N,Disregarding Traffic Signals,(N/A),Darkness / Lighted Road,Clear,Dry,Y,,,,,Traffic Signal,Functioning Properly,Y,2,41.8944181,-87.7946758,ok,(UNK),1,2300603,2023,,25,99,50000 and OVER,9,4295,Oak Park,C,Urban Minor Arterial,,16,1,12061723,2,Cook,2,23,TRAFFIC LIGHT POLE,,3,N,Yes,Free Flow,202301037434,City,5,3.0999999,N,,,,(UNK),226029,(N/A),(UNK),No Defects,1,1,Minor Arterial,4,1398,X002912450,Not Toll,73,3,4,"Divided, No Median Barrier",2,2942385.48475195,1912977.8323758,41.89441026,-87.79467,,Urban,1,N,(N/A),Y,(N/A)
2023,2023-02-20,Monday,17,05:55 PM,Property Damage,No Injuries,0,0,0,0,0,2,Front to Rear,11,N,N,Failing to Reduce Speed to Avoid Crash,(N/A),Daylight,Clear,Dry,Y,,,,,Other Regualtory Sig,Functioning Properly,N,2,41.8736416,-87.8045258,ok,Partial Access Control,3,03-23-03118,2023,,28,99,50000 and OVER,9,4295,Oak Park,C,Urban InterState,,16,20,12085743,2,Cook,0,23,,,1,N,No,(UNK),202301058761,ISP,1,0.20999999,Y,,,,(UNK),226192,(N/A),(UNK),No Defects,1,1,InterState,1,290,X002933326,Not Toll,73,10,4,Ramp,11,2939912.062394,1905332.46992192,41.87363377,-87.80452,,Urban,1,N,(N/A),Y,(N/A)
2023,2023-11-02,Thursday,19,07:50 PM,Injury,C Injury Crash,3,0,0,0,3,4,Front to Rear,11,N,N,Improper Backing,Driving Skills/Knowledge/Experience,Darkness / Lighted Road,Clear,Dry,Y,,,,,Stop Sign,Functioning Properly,Y,2,41.8854023,-87.8049145,ok,(UNK),1,23-03411,2023,,30,15,50000 and OVER,9,4295,Oak Park,C,Urban Other Principal Arte,,16,2,12398183,11,Cook,1,23,,,4,N,No,Stopped,202301355020,City,5,19.28000069,Y,,,,(UNK),226558,(N/A),(UNK),No Defects,1,1,Other Principal Arterial,3,348,X003210632,Not Toll,73,2,4,T-Intersection,15,2939688.18062392,1909615.35965009,41.88539446,-87.80490874,,Urban,1,N,(N/A),Y,(N/A)
2023,2023-11-01,Wednesday,11,11:23 AM,Property Damage,No Injuries,0,0,0,0,0,4,Turning,10,N,N,Improper Lane Usage,Operating Vehicle In Reckless Manner,Daylight,Clear,Unknown,Y,,,,,Traffic Signal,Functioning Properly,N,3,41.9089143,-87.8057864,ok,(UNK),1,JG487145,2023,,20,50,50000 and OVER,9,4295,Oak Park,C,Urban Other Principal Arte,,16,1,12394322,11,Cook,0,23,,,3,N,Yes,(UNK),202301351549,City,1,17.64999962,Y,,,,(UNK),226776,(N/A),(UNK),Unknown,99,9,Other Principal Arterial,3,348,X003207263,Not Toll,73,3,4,Four Way,14,2939214.86158209,1918177.03701787,41.90890645,-87.80578058,,Urban,1,N,(N/A),N,(N/A)
2023,2023-03-10,Friday,16,04:30 PM,Property Damage,No Injuries,0,0,0,0,0,2,Front to Rear,11,N,N,Following Too Closely,Failing to Reduce Speed to Avoid Crash,Daylight,Clear,Dry,N,,,,,Other Regualtory Sig,Functioning Properly,N,2,41.8726356,-87.7939989,ok,Partial Access Control,3,03-23-04184,2023,,3,28,50000 and OVER,9,4295,Oak Park,C,Urban InterState,,16,10,12108222,3,Cook,0,23,,,5,N,No,(UNK),202301080864,ISP,1,8.18999958,Y,,,,(UNK),226984,(N/A),(UNK),No Defects,1,1,InterState,1,290,X002953155,Not Toll,73,10,4,Divided With Median Barrier,3,2942789.38035982,1905044.97889747,41.87262775,-87.79399308,,Urban,1,N,(N/A),Y,(N/A)
2023,2023-03-09,Thursday,22,10:18 PM,Injury,B Injury Crash,1,0,0,1,0,1,Angle,15,N,N,Disregarding Traffic Signals,(N/A),Darkness / Lighted Road,Rain,Wet,Y,,,,,Traffic Signal,Functioning Properly,Y,2,41.8798695,-87.7844362,ok,(UNK),1,2301360,2023,,25,99,50000 and OVER,9,4295,Oak Park,C,Urban Minor Arterial,,16,9,12104387,3,Cook,2,23,,,4,N,No,Free Flow,202301077434,City,5,4.11000013,N,,,,(UNK),227108,(N/A),(UNK),No Defects,1,2,Minor Arterial,4,1419,X002949666,Not Toll,73,3,4,Two-way Continuous Left-Tur,4,2945320.75766053,1907753.34402283,41.8798617,-87.78443044,,Urban,2,N,(N/A),Y,(N/A)
2023,2023-11-30,Thursday,8,08:00 AM,Property Damage,No Injuries,0,0,0,0,0,2,Front to Rear,11,N,N,Following Too Closely,Failing to Reduce Speed to Avoid Crash,Daylight,Clear,Dry,N,,,,,Traffic Signal,Functioning Properly,N,2,41.8755274,-87.8045825,ok,(UNK),1,23-03677,2023,,3,28,50000 and OVER,9,4295,Oak Park,C,Urban Other Principal Arte,,16,30,12446061,11,Cook,0,23,,,4,N,No,Stopped,202301399946,City,1,19.95999908,Y,,,,(UNK),227174,(N/A),(UNK),No Defects,1,1,Other Principal Arterial,3,348,X003253211,Not Toll,73,3,4,Divided With Median Barrier,3,2939877.70485707,1906019.26639792,41.87551958,-87.80457667,,Urban,1,N,(N/A),Y,(N/A)
2023,2023-12-09,Saturday,15,03:06 PM,Property Damage,No Injuries,0,0,0,0,0,6,Front to Rear,11,N,N,Failing to Yield Right of Way,Unable to Determine,Daylight,Clear,Dry,Y,,,,,No Controls,No Controls,N,3,41.8704892,-87.8043962,ok,(UNK),1,23-03781,2023,,2,18,50000 and OVER,9,4295,Oak Park,C,Urban Other Principal Arte,,16,9,12444303,12,Cook,0,23,,,6,N,Yes,Slow,202301398413,City,1,20.30999947,Y,,,,(UNK),227277,(N/A),(UNK),No Defects,1,1,Other Principal Arterial,3,348,X003251704,Not Toll,73,1,1,"Divided, No Median Barrier",2,2939978.98876934,1904184.64675826,41.87048136,-87.80439042,,Urban,1,N,(N/A),Y,(N/A)