crash_year,crash_date,day_of_week,crash_hour,time_of_crash,crash_severity,crash_injury_severity,total_injured,total_fatals,a_injuries,b_injuries,c_injuries,no_injuries,type_of_first_crash,collision_type_code,pedestrian_involved,pedalcyclist_involved,cause1,cause2,lighting_cond,weather_cond,road_surface_cond,intersection_related,is_intersection,highway_or_street_name,at_intersection_with,address_no,traffic_control_device,traffic_control_device_cond,hit_and_run,number_of_vehicles,latitude,longitude,location_status,access_control,agency_code,agency_report_number,agency_report_year,alignment_code,cause1_code,cause2_code,city_class,city_class_code,city_code,city_name,city_township_flag,class_of_trafficway,class_of_trafficway_code,county_code,crash_day,crash_id,crash_month,crash_report_county,crash_severity_cd,crash_yr_source,damaged_property1,damaged_property2,day_of_week_code,did_crash_occur_in_work_zone,did_involve_secondary_crash,flow_condition,icn,investigating_agency_descrip,light_condition_code,mile_station,nhs,non_intersection_direction,non_intersection_distance,non_intersection_units,number_of_lanes,objectid,railroad_crossing_number,road_alignment,road_defects,road_defects_code,road_surface_condition_code,roadway_functional_class,roadway_functional_class_code,route_number,sfe,toll,township,traffic_control_device_code,traffic_control_device_cond_code,trafficway_descrip,trafficway_description_code,ts_crash_coordinate_x,ts_crash_coordinate_y,ts_crash_latitude,ts_crash_longitude,type_report,urban_rural,weather_code,were_workers_present,work_zone,work_zone_related,work_zone_type
2023,2023-10-24,Tuesday,15,03:25 PM,Property Damage,No Injuries,0,0,0,0,0,3,Front to Rear,11,N,N,Following Too Closely,Unable to Determine,Daylight,Clear,Dry,N,,,,,No Controls,No Controls,N,3,41.8911892,-87.7945821,ok,(UNK),1,2306737,2023,,3,18,50000 and OVER,9,4295,Oak Park,C,Urban Major Collector,,16,24,12402639,10,Cook,0,23,,,2,N,Yes,Slow,202301358920,City,1,5.3499999,N,,,,(UNK),227585,(N/A),(UNK),No Defects,1,1,Major Collector,5,2775,X003214540,Not Toll,73,1,1,"Divided, No Median Barrier",2,2942443.54079119,1911801.85558959,41.89118134,-87.79457632,,Urban,1,N,(N/A),Y,(N/A)
2023,2023-08-20,Sunday,22,10:54 PM,Fatal,Fatal Crash,0,1,0,0,0,0,Fixed Object,6,N,N,Operating Vehicle In Reckless Manner,Had Been Drinking,Darkness / Lighted Road,Clear,Dry,N,,,,,No Controls,No Controls,N,1,41.8732638,-87.8020143,ok,Partial Access Control,3,03-23-15360,2023,,50,19,50000 and OVER,9,4295,Oak Park,C,Urban InterState,,16,20,12312278,8,Cook,4,23,,,7,N,No,Free Flow,202301288914,ISP,5,7.82000017,Y,,,,(UNK),227884,(N/A),(UNK),No Defects,1,1,InterState,1,290,X003134812,Not Toll,73,1,1,Divided With Median Barrier,3,2940599.91698529,1905213.64411155,41.87325599,-87.80200846,,Urban,1,N,(N/A),Y,(N/A)
2023,2023-09-01,Friday,19,07:13 PM,Property Damage,No Injuries,0,0,0,0,0,3,Rear to Front,18,N,N,Improper Backing,Driving Skills/Knowledge/Experience,Dusk,Clear,Dry,Y,,,,,Stop Sign,Functioning Properly,N,2,41.8687184,-87.8043366,ok,(UNK),1,23-02680,2023,,30,15,50000 and OVER,9,4295,Oak Park,C,Urban Other Principal Arte,,16,1,12315322,9,Cook,0,23,,,5,N,No,Stopped,202301276369,City,3,20.44000053,Y,,,,(UNK),228312,(N/A),(UNK),No Defects,1,1,Other Principal Arterial,3,348,X003137668,Not Toll,73,2,4,Not Divided,1,2940012.99588452,1903539.77711229,41.86871054,-87.8043308,,Urban,1,N,(N/A),Y,(N/A)
2023,2023-08-25,Friday,7,07:37 AM,Property Damage,No Injuries,0,0,0,0,0,3,Sideswipe Same Direction,12,N,N,Failing to Yield Right of Way,Disregarding Stop Sign,Daylight,Clear,Dry,Y,,,,,Stop Sign,Functioning Properly,N,2,41.9070578,-87.8057258,ok,(UNK),1,2301069,2023,,2,23,50000 and OVER,9,4295,Oak Park,C,Urban Other Principal Arte,,16,25,12305881,8,Cook,0,23,,,5,N,No,Free Flow,202301267252,City,1,17.78000069,Y,,,,(UNK),228430,(N/A),(UNK),No Defects,1,1,Other Principal Arterial,3,348,X003128760,Not Toll,73,2,4,Four Way,14,2939249.98366567,1917500.96559801,41.90705,-87.80572,,Urban,1,N,(N/A),Y,(N/A)
2023,2023-02-21,Tuesday,8,08:36 AM,Property Damage,No Injuries,0,0,0,0,0,2,Front to Rear,11,N,N,Following Too Closely,Failing to Reduce Speed to Avoid Crash,Daylight,Clear,Dry,N,,,,,Other Warning Sign,Functioning Properly,N,2,41.8723823,-87.7893741,ok,Partial Access Control,3,03-23-03110,2023,,3,28,50000 and OVER,9,4295,Oak Park,C,Urban InterState,,16,21,12085745,2,Cook,0,23,,,2,N,No,(UNK),202301058763,ISP,1,8.43000031,Y,,,,(UNK),228773,(N/A),(UNK),No Defects,1,1,InterState,1,290,X002933328,Not Toll,73,11,4,Divided With Median Barrier,3,2944051.60160428,1904987.56417112,41.8723745,-87.78936827,,Urban,1,N,(N/A),Y,(N/A)
2023,2023-12-05,Tuesday,6,06:19 AM,Property Damage,No Injuries,0,0,0,0,0,2,Angle,15,N,N,Physical Condition of Driver,Failing to Reduce Speed to Avoid Crash,Darkness / Lighted Road,Snow,Wet,Y,,,,,Traffic Signal,Functioning Properly,N,2,41.8736416,-87.8045258,ok,Partial Access Control,3,03-23-22981,2023,,17,28,50000 and OVER,9,4295,Oak Park,C,Urban InterState,,16,5,12456235,12,Cook,0,23,,,2,N,No,(UNK),202301409460,ISP,5,0.20999999,Y,,,,(UNK),229207,(N/A),(UNK),No Defects,1,2,InterState,1,290,X003262125,Not Toll,73,3,4,Four Way,14,2939912.062394,1905332.46992192,41.87363377,-87.80452,,Urban,3,N,(N/A),Y,(N/A)
2023,2023-11-02,Thursday,21,09:42 PM,Property Damage,No Injuries,0,0,0,0,0,2,Front to Rear,11,N,N,Following Too Closely,(N/A),Daylight,Clear,Dry,Y,,,,,Traffic Signal,Functioning Properly,N,2,41.9091583,-87.7850161,ok,(UNK),1,JG489673,2023,,3,99,50000 and OVER,9,4295,Oak Park,C,Urban Other Principal Arte,,16,2,12404063,11,Cook,0,23,,,4,N,No,Free Flow,202301360340,City,1,6.98999977,Y,,,,(UNK),229842,(N/A),(UNK),No Defects,1,1,Other Principal Arterial,3,307,X003215906,Not Toll,73,3,4,"Divided, No Median Barrier",2,2944866.389126,1918422.33600297,41.90915042,-87.78501035,,Urban,1,N,(N/A),Y,(N/A)
2023,2023-11-02,Thursday,19,07:15 PM,Property Damage,No Injuries,0,0,0,0,0,2,Front to Rear,11,N,N,Following Too Closely,Driving Skills/Knowledge/Experience,Darkness / Lighted Road,Clear,Dry,N,,,,,No Controls,No Controls,N,2,41.8736869,-87.8035515,ok,Partial Access Control,3,03-23-20907,2023,,3,15,50000 and OVER,9,4295,Oak Park,C,Urban InterState,,16,2,12402686,11,Cook,0,23,,,4,N,No,(UNK),202301358963,ISP,5,7.73999977,Y,,,,(UNK),230030,(N/A),(UNK),No Defects,1,1,InterState,1,290,X003214583,Not Toll,73,1,1,Divided With Median Barrier,3,2940176.96819011,1905356.26615502,41.87367902,-87.80354572,,Urban,1,N,(N/A),Y,(N/A)
2023,2023-11-05,Sunday,4,04:46 AM,Property Damage,No Injuries,0,0,0,0,0,1,Parked Motor Vehicle,9,N,N,Failing to Reduce Speed to Avoid Crash,(N/A),Darkness,Clear,Dry,N,,,,,No Controls,No Controls,N,2,41.8672612,-87.7741849,ok,(UNK),1,2307002,2023,,28,99,50000 and OVER,9,4295,Oak Park,C,Urban Minor Arterial,,16,5,12402649,11,Cook,0,23,,,7,N,No,(UNK),202301358927,City,4,8.59000015,N,,,,(UNK),230060,(N/A),(UNK),No Defects,1,1,Minor Arterial,4,2790,X003214547,Not Toll,,1,1,Not Divided,1,2948240.74485105,1903236.31724968,41.86725332,-87.77417912,,Urban,1,N,(N/A),Y,(N/A)
2023,2023-10-22,Sunday,4,04:24 AM,Property Damage,No Injuries,0,0,0,0,0,4,Front to Rear,11,N,N,Following Too Closely,Under Influence of Alcohol/Drugs,Darkness / Lighted Road,Clear,Dry,N,,,,,Traffic Signal,Functioning Properly,N,3,41.8736092,-87.8026314,ok,Partial Access Control,3,03-23-19885,2023,,3,8,50000 and OVER,9,4295,Oak Park,C,Urban InterState,,16,22,12402618,10,Cook,0,23,,,7,N,No,(UNK),202301358898,ISP,5,7.78999996,Y,,,,(UNK),230082,(N/A),(UNK),No Defects,1,1,InterState,1,290,X003214519,Not Toll,73,3,4,Ramp,11,2940428.36070013,1905334.85475561,41.87360132,-87.80262559,,Urban,1,N,(N/A),Y,(N/A)
2023,2023-08-30,Wednesday,15,03:00 PM,Property Damage,No Injuries,0,0,0,0,0,2,Front to Rear,11,N,N,Following Too Closely,Failing to Reduce Speed to Avoid Crash,Daylight,Clear,Dry,N,,,,,Other,Functioning Properly,N,2,41.8737776,-87.8045294,ok,Partial Access Control,3,03-23-16292,2023,,3,28,50000 and OVER,9,4295,Oak Park,C,Urban Other Principal Arte,,16,30,12315428,8,Cook,0,23,,,3,N,No,(UNK),202301276472,ISP,1,20.07999992,Y,,,,(UNK),230402,(N/A),(UNK),No Defects,1,1,Other Principal Arterial,3,348,X003137772,Not Toll,73,13,4,Divided With Median Barrier,3,2939909.72680705,1905381.98757455,41.87376973,-87.80452357,,Urban,1,N,(N/A),Y,(N/A)
2023,2023-08-30,Wednesday,15,03:39 PM,Property Damage,No Injuries,0,0,0,0,0,1,Parked Motor Vehicle,9,N,N,Improper Backing,Driving Skills/Knowledge/Experience,Daylight,Clear,Dry,N,,,,,No Controls,No Controls,N,3,41.8887354,-87.7879703,ok,(UNK),1,2305438,2023,,30,15,50000 and OVER,9,4295,Oak Park,C,Urban Local Road or Street,,16,30,12314033,8,Cook,0,23,,,3,N,No,Free Flow,202301275132,City,1,0,N,,,,(UNK),230417,(N/A),(UNK),No Defects,1,1,Local Road or Street,7,,X003136434,Not Toll,73,1,1,Parking Lot,7,2944268.69308035,1910957.51151008,41.88872754,-87.78796448,,Urban,1,N,(N/A),Y,(N/A)
2023,2023-08-31,Thursday,16,04:32 PM,Injury,C Injury Crash,1,0,0,0,1,4,Turning,10,N,N,Failing to Yield Right of Way,Vision Obscured,Daylight,Clear,Dry,Y,,,,,Stop Sign,Functioning Properly,N,2,41.9091364,-87.7860147,ok,(UNK),1,2305464,2023,,2,14,50000 and OVER,9,4295,Oak Park,C,Urban Other Principal Arte,,16,31,12314064,8,Cook,1,23,TRAFFIC SIGN/POLE,,4,N,No,Free Flow,202301275163,City,1,6.94000006,Y,,,,(UNK),230544,(N/A),(UNK),No Defects,1,1,Other Principal Arterial,3,307,X003136465,Not Toll,73,2,4,"Divided, No Median Barrier",2,2944594.78783839,1918406.80320642,41.90912852,-87.78600891,,Urban,1,N,(N/A),Y,(N/A)
2023,2023-12-18,Monday,18,06:37 PM,Property Damage,No Injuries,0,0,0,0,0,4,Front to Rear,11,N,N,Following Too Closely,Driving Skills/Knowledge/Experience,Darkness / Lighted Road,Clear,Dry,N,,,,,No Controls,No Controls,N,2,41.8852817,-87.8049103,ok,(UNK),1,23-03904,2023,,3,15,50000 and OVER,9,4295,Oak Park,C,Urban Other Principal Arte,,16,18,12456270,12,Cook,0,23,,,1,N,No,Free Flow,202301409503,City,5,19.29000092,Y,,,,(UNK),230778,(N/A),(UNK),No Defects,1,1,Other Principal Arterial,3,348,X003262160,Not Toll,73,1,1,Not Divided,1,2939690.55341922,1909571.44160678,41.88527385,-87.80490447,,Urban,1,N,(N/A),Y,(N/A)
2023,2023-12-16,Saturday,12,12:35 PM,Injury,C Injury Crash,1,0,0,0,1,1,Front to Rear,11,N,N,Following Too Closely,Driving Skills/Knowledge/Experience,Dawn,Rain,Wet,N,,,,,Other Regualtory Sig,Functioning Properly,N,2,41.8735082,-87.8045229,ok,Partial Access Control,3,03-23-23921,2023,,3,15,50000 and OVER,9,4295,Oak Park,C,Urban InterState,,16,16,12456331,12,Cook,1,23,,,6,N,No,(UNK),202301409576,ISP,2,7.69999981,Y,,,,(UNK),230783,(N/A),(UNK),No Defects,1,2,InterState,1,290,X003262208,Not Toll,73,10,4,Divided With Median Barrier,3,2939914.18655754,1905283.89029605,41.87350041,-87.80451712,,Urban,2,N,(N/A),Y,(N/A)
2023,2023-08-30,Wednesday,15,03:12 PM,Injury,A Injury Crash,1,0,1,0,0,1,Pedestrian,1,Y,N,Failing to Reduce Speed to Avoid Crash,Unable to Determine,Daylight,Clear,Dry,Y,,,,,Other,No Controls,Y,1,41.877629,-87.7745776,ok,(UNK),1,2305436,2023,,28,18,50000 and OVER,9,4295,Oak Park,C,Urban Minor Arterial,,16,30,12312847,8,Cook,3,23,,,3,N,No,Free Flow,202301274013,City,1,7.8499999,N,,,,(UNK),231388,(N/A),(UNK),No Defects,1,1,Minor Arterial,4,2790,X003135327,Not Toll,,13,1,Not Divided,1,2948028.41854672,1907011.55859373,41.87762113,-87.77457185,,Urban,1,N,(N/A),Y,(N/A)
2023,2023-08-30,Wednesday,19,07:07 PM,Property Damage,No Injuries,0,0,0,0,0,3,Front to Rear,11,N,N,Weather,Failing to Reduce Speed to Avoid Crash,Daylight,Clear,Dry,Y,,,,,No Controls,No Controls,N,3,41.8727704,-87.7939184,ok,(UNK),1,2305447,2023,,11,28,50000 and OVER,9,4295,Oak Park,C,Urban Major Collector,,16,30,12312877,8,Cook,0,23,,,3,N,No,Stopped,202301274213,City,1,0,N,,,,(UNK),231391,(N/A),(UNK),No Defects,1,1,Major Collector,5,290,X003135356,Not Toll,73,1,1,"Divided, No Median Barrier",2,2942809.93276998,1905094.70074486,41.87276253,-87.79391264,,Urban,1,N,(N/A),Y,(N/A)
2023,2023-08-31,Thursday,6,06:44 AM,Injury,C Injury Crash,1,0,0,0,1,5,Angle,15,N,N,Failing to Yield Right of Way,Unable to Determine,Daylight,Clear,Dry,Y,,,,,Stop Sign,Functioning Properly,N,2,41.903876,-87.7778745,ok,(UNK),1,2305452,2023,,2,18,50000 and OVER,9,4295,Oak Park,C,Urban Local Road or Street,,16,31,12314038,8,Cook,1,23,,,4,N,No,Free Flow,202301275137,City,1,0,N,,,,(UNK),231514,(N/A),(UNK),No Defects,1,1,Local Road or Street,7,,X003136439,Not Toll,73,2,4,Not Divided,1,2946864.0867611,1916551.46687999,41.90386817,-87.77786872,,Urban,1,N,(N/A),Y,(N/A)
2023,2023-11-01,Wednesday,9,09:07 AM,Property Damage,No Injuries,0,0,0,0,0,4,Front to Rear,11,N,N,Failing to Reduce Speed to Avoid Crash,Physical Condition of Driver,Daylight,Clear,Dry,N,,,,,Other,Functioning Properly,N,4,41.8724886,-87.7939923,ok,Partial Access Control,3,03-23-20738,2023,,28,17,50000 and OVER,9,4295,Oak Park,C,Urban InterState,,16,1,12402502,11,Cook,0,23,,,3,N,No,(UNK),202301358791,ISP,1,8.18999958,Y,,,,(UNK),232238,(N/A),(UNK),No Defects,1,1,InterState,1,290,X003214419,Not Toll,73,13,4,Divided With Median Barrier,3,2942792.64913211,1904991.46801211,41.87248077,-87.79398652,,Urban,1,N,(N/A),Y,(N/A)
2023,2023-11-03,Friday,13,01:37 PM,Property Damage,No Injuries,0,0,0,0,0,2,Turning,10,N,N,Failing to Reduce Speed to Avoid Crash,(N/A),Daylight,Cloudy/Overcast,Dry,Y,,,,,Traffic Signal,Functioning Properly,N,2,41.87231,-87.8044659,ok,(UNK),1,2306959,2023,,28,99,50000 and OVER,9,4295,Oak Park,C,Urban Other Principal Arte,,16,3,12399859,11,Cook,0,23,,,5,N,No,Slow,202301356283,City,1,20.18000031,Y,,,,(UNK),232622,(N/A),(UNK),No Defects,1,1,Other Principal Arterial,3,348,X003211915,Not Toll,73,3,4,Not Divided,1,2939941.73917192,1904847.66118026,41.87230217,-87.8044601,,Urban,8,N,(N/A),Y,(N/A)
2023,2023-08-29,Tuesday,19,07:05 PM,Injury,B Injury Crash,1,0,0,1,0,0,Overturned,5,N,N,Improper Lane Usage,Failing to Reduce Speed to Avoid Crash,Dusk,Clear,Dry,N,,,,,Delineators,Functioning Properly,N,1,41.8726681,-87.794364,ok,Partial Access Control,3,03-23-16012,2023,,20,28,50000 and OVER,9,4295,Oak Park,C,Urban InterState,,16,29,12313051,8,Cook,2,23,,,2,N,No,(UNK),202301274216,ISP,3,8.17000008,Y,,,,(UNK),232737,(N/A),(UNK),No Defects,1,1,InterState,1,290,X003135519,Not Toll,73,14,4,Divided With Median Barrier,3,2942689.61756935,1905054.09313078,41.8726603,-87.79435815,,Urban,1,N,(N/A),Y,(N/A)
2023,2023-08-31,Thursday,9,09:24 AM,Property Damage,No Injuries,0,0,0,0,0,2,Turning,10,N,N,Improper Overtaking/Passing,Failing to Reduce Speed to Avoid Crash,Daylight,Clear,Dry,N,,,,,No Controls,No Controls,Y,2,41.9053305,-87.7925201,ok,(UNK),1,2305453,2023,,4,28,50000 and OVER,9,4295,Oak Park,C,Urban Local Road or Street,,16,31,12314042,8,Cook,0,23,,,4,N,No,Slow,202301275141,City,1,0,N,,,,(UNK),232882,(N/A),(UNK),No Defects,1,1,Local Road or Street,7,,X003136443,Not Toll,73,1,1,Not Divided,1,2942862.32251054,1916970.75625638,41.90532264,-87.79251431,,Urban,1,N,(N/A),Y,(N/A)
2023,2023-08-31,Thursday,18,06:59 PM,Property Damage,No Injuries,0,0,0,0,0,3,Front to Rear,11,N,N,Failing to Reduce Speed to Avoid Crash,Unable to Determine,Dusk,Clear,Dry,N,,,,,No Controls,No Controls,N,2,41.8820582,-87.7783432,ok,(UNK),1,2305467,2023,,28,18,50000 and OVER,9,4295,Oak Park,C,Urban Major Collector,,16,31,12314072,8,Cook,0,23,,,4,N,No,Free Flow,202301275172,City,3,1.36000001,N,,,,(UNK),232885,(N/A),(UNK),No Defects,1,1,Major Collector,5,5,X003136473,Not Toll,73,1,1,Not Divided,1,2946957.93663191,1908597.09014399,41.8820504,-87.77833737,,Urban,1,N,(N/A),Y,(N/A)
2023,2023-08-31,Thursday,12,12:37 PM,Property Damage,No Injuries,0,0,0,0,0,1,Fixed Object,6,N,N,Failing to Reduce Speed to Avoid Crash,Unable to Determine,Daylight,Clear,Dry,Y,,,,,No Controls,No Controls,N,1,41.9091369,-87.7860147,ok,(UNK),1,2305457,2023,,28,18,50000 and OVER,9,4295,Oak Park,C,Urban Other Principal Arte,,16,31,12314055,8,Cook,0,23,SURF`S UP SIGN,SURF`S UP SIGN,4,N,Yes,Free Flow,202301275154,City,1,6.94000006,Y,,,,(UNK),232970,(N/A),(UNK),No Defects,1,1,Other Principal Arterial,3,307,X003136456,Not Toll,73,1,1,Four Way,14,2944594.77951727,1918406.99534878,41.90912904,-87.78600892,,Urban,1,N,(N/A),Y,(N/A)
2023,2023-08-25,Friday,23,11:25 PM,Property Damage,No Injuries,0,0,0,0,0,2,Front to Rear,11,N,N,Failing to Reduce Speed to Avoid Crash,Following Too Closely,Darkness / Lighted Road,Clear,Dry,N,,,,,Other,Functioning Properly,N,2,41.8729515,-87.7989658,ok,Partial Access Control,3,03-23-15763,2023,,28,3,50000 and OVER,9,4295,Oak Park,C,Urban InterState,,16,25,12310858,8,Cook,0,23,,,5,N,No,(UNK),202301272114,ISP,5,7.96000004,Y,,,,(UNK),233024,(N/A),(UNK),No Defects,1,1,InterState,1,290,X003133477,Not Toll,,13,4,Divided With Median Barrier,3,2941433.36601755,1905122.70923933,41.87295145,-87.79896578,,Urban,1,N,(N/A),Y,(N/A)
2023,2023-01-02,Monday,2,02:30 AM,Property Damage,No Injuries,0,0,0,0,0,2,Front to Rear,11,N,N,Failing to Reduce Speed to Avoid Crash,(N/A),Darkness / Lighted Road,Clear,Dry,N,,,,,No Controls,No Controls,Y,2,41.8726648,-87.7943036,ok,Partial Access Control,3,03-23-00063,2023,,28,99,50000 and OVER,9,4295,Oak Park,C,Urban InterState,,16,2,12026128,1,Cook,0,23,,,1,N,No,(UNK),202301010654,ISP,5,22.05999947,Y,,,,(UNK),233253,(N/A),(UNK),No Defects,1,1,InterState,1,9290,X002882434,Not Toll,73,1,1,Divided With Median Barrier,3,2942706.0869983,1905053.32758296,41.87265696,-87.79429781,,Urban,1,N,(N/A),Y,(N/A)
2023,2023-09-01,Friday,0,00:47 AM,Injury,C Injury Crash,1,0,0,0,1,2,Angle,15,N,N,Disregarding Traffic Signals,Failing to Reduce Speed to Avoid Crash,Darkness,Clear,Dry,Y,,,,,Traffic Signal,Functioning Properly,Y,2,41.8726278,-87.784226,ok,(UNK),1,2305470,2023,,25,28,50000 and OVER,9,4295,Oak Park,C,Urban Major Collector,,16,1,12314155,9,Cook,1,23,,,5,N,No,(UNK),202301275256,City,4,0.2,N,,,,(UNK),233389,(N/A),(UNK),No Defects,1,1,Major Collector,5,290,X003136551,Not Toll,73,3,4,T-Intersection,15,2945451.31368422,1905115.92487295,41.87262,-87.78422018,,Urban,1,N,(N/A),Y,(N/A)
2023,2023-09-01,Friday,22,10:39 PM,Property Damage,No Injuries,0,0,0,0,0,4,Sideswipe Same Direction,12,N,N,Driving Skills/Knowledge/Experience,Failing to Reduce Speed to Avoid Crash,Darkness / Lighted Road,Clear,Dry,N,,,,,No Controls,No Controls,N,3,41.891322,-87.7950039,ok,(UNK),1,2305492,2023,,15,28,50000 and OVER,9,4295,Oak Park,C,Urban Local Road or Street,,16,1,12318701,9,Cook,0,23,,,5,N,No,Free Flow,202301279608,City,5,0,N,,,,(UNK),233557,(N/A),(UNK),No Defects,1,1,Local Road or Street,7,,X003140850,Not Toll,73,1,1,"Divided, No Median Barrier",2,2942327.35561842,1911847.06356059,41.89131411,-87.7949981,,Urban,1,N,(N/A),Y,(N/A)
2023,2023-01-03,Tuesday,13,01:00 PM,Property Damage,No Injuries,0,0,0,0,0,2,Sideswipe Same Direction,12,N,N,Improper Lane Usage,Driving Skills/Knowledge/Experience,Daylight,Cloudy/Overcast,Wet,N,,,,,Other,Functioning Properly,Y,2,41.8709622,-87.7745992,ok,Partial Access Control,3,03-23-00141,2023,,20,15,50000 and OVER,9,4295,Oak Park,C,Urban InterState,,16,3,12029322,1,Cook,0,23,,,2,N,No,(UNK),202301011997,ISP,1,9.18999958,Y,,,,(UNK),233777,(N/A),(UNK),No Defects,1,2,InterState,1,290,X002885101,Not Toll,73,13,4,Divided With Median Barrier,3,2948090.28730091,1904581.90386604,41.87095437,-87.77459342,,Urban,8,N,(N/A),Y,(N/A)
2023,2023-09-03,Sunday,15,03:35 PM,Property Damage,No Injuries,0,0,0,0,0,3,Front to Rear,11,N,N,Following Too Closely,Failing to Reduce Speed to Avoid Crash,Daylight,Clear,Dry,N,,,,,Traffic Signal,Functioning Properly,N,3,41.8735698,-87.804112,ok,Partial Access Control,3,03-23-16371,2023,,3,28,50000 and OVER,9,4295,Oak Park,C,Urban InterState,,16,3,12317330,9,Cook,0,23,,,7,N,No,(UNK),202301278303,ISP,1,0,Y,,,,(UNK),233892,(N/A),(UNK),No Defects,1,1,InterState,1,,X003139624,Not Toll,,3,4,Ramp,11,2940025.48548824,1905309.40589794,41.87356981,-87.80411201,,Urban,1,N,(N/A),Y,(N/A)
2023,2023-09-02,Saturday,19,07:05 PM,Property Damage,No Injuries,0,0,0,0,0,4,Fixed Object,6,N,N,Under Influence of Alcohol/Drugs,Failing to Reduce Speed to Avoid Crash,Darkness / Lighted Road,Clear,Dry,Y,,,,,Traffic Signal,Functioning Properly,N,1,41.8727882,-87.7940058,ok,(UNK),1,2305506,2023,,8,28,50000 and OVER,9,4295,Oak Park,C,Urban Major Collector,,16,2,12318708,9,Cook,0,23,LIGHT POLE,,6,N,No,Free Flow,202301279614,City,5,0.5,N,,,,(UNK),234031,(N/A),(UNK),No Defects,1,1,Major Collector,5,290,X003140855,Not Toll,73,3,4,Not Divided,1,2942785.95539588,1905100.52571819,41.87278032,-87.79400001,,Urban,1,N,(N/A),Y,(N/A)
2023,2023-11-07,Tuesday,10,10:43 AM,Property Damage,No Injuries,0,0,0,0,0,1,Parked Motor Vehicle,9,N,N,Failing to Reduce Speed to Avoid Crash,(N/A),Unknown,Unknown,Unknown,N,,,,,No Controls,No Controls,Y,2,41.8818574,-87.7747188,ok,(UNK),1,2307054,2023,,28,99,50000 and OVER,9,4295,Oak Park,C,Urban Minor Arterial,,16,7,12404288,11,Cook,0,23,,,2,N,No,(UNK),202301360540,City,9,7.55999994,N,,,,(UNK),234256,(N/A),(UNK),Unknown,99,9,Minor Arterial,4,2790,X003216115,Not Toll,,1,1,"Divided, No Median Barrier",2,2947947.00930225,1908551.39844683,41.88184954,-87.77471299,,Urban,9,N,(N/A),N,(N/A)
2023,2023-11-02,Thursday,1,01:30 AM,Injury,B Injury Crash,1,0,0,1,0,1,Front to Rear,11,N,N,Failing to Reduce Speed to Avoid Crash,Following Too Closely,Darkness / Lighted Road,Clear,Dry,N,,,,,Other,Functioning Properly,Y,2,41.8717111,-87.7846641,ok,Partial Access Control,3,03-23-20808,2023,,28,3,50000 and OVER,9,4295,Oak Park,C,Urban InterState,,16,2,12400964,11,Cook,2,23,,,4,N,No,(UNK),202301357301,ISP,5,8.68000031,Y,,,,(UNK),234272,(N/A),(UNK),No Defects,1,1,InterState,1,290,X003212935,Not Toll,,13,4,Divided With Median Barrier,3,2945341.24554752,1904778.53138778,41.87171109,-87.78466414,,Urban,1,N,(N/A),Y,(N/A)
2023,2023-11-03,Friday,17,05:36 PM,Property Damage,No Injuries,0,0,0,0,0,2,Turning,10,N,N,Failing to Yield Right of Way,Failing to Reduce Speed to Avoid Crash,Darkness / Lighted Road,Cloudy/Overcast,Dry,N,,,,,Traffic Signal,Functioning Properly,N,2,41.894569,-87.7847718,ok,(UNK),1,2306969,2023,,2,28,50000 and OVER,9,4295,Oak Park,C,Urban Minor Arterial,,16,3,12399870,11,Cook,0,23,,,5,N,No,Slow,202301356294,City,5,3.63000011,N,,,,(UNK),234360,(N/A),(UNK),No Defects,1,1,Minor Arterial,4,1398,X003211926,Not Toll,73,3,4,"Divided, No Median Barrier",2,2945080.58999783,1913107.56822148,41.89456116,-87.78476604,,Urban,8,N,(N/A),Y,(N/A)
2023,2023-11-04,Saturday,8,08:51 AM,Property Damage,No Injuries,0,0,0,0,0,2,Front to Rear,11,N,N,Failing to Reduce Speed to Avoid Crash,Following Too Closely,Daylight,Clear,Wet,N,,,,,No Controls,No Controls,N,2,41.8800075,-87.7845493,ok,(UNK),1,2306977,2023,,28,3,50000 and OVER,9,4295,Oak Park,C,Urban Minor Arterial,,16,4,12399907,11,Cook,0,23,,,6,N,No,Slow,202301356334,City,1,4.0999999,N,,,,(UNK),234385,(N/A),(UNK),No Defects,1,2,Minor Arterial,4,1419,X003211963,Not Toll,73,1,1,"Divided, No Median Barrier",2,2945288.57490619,1907802.7459103,41.87999961,-87.78454349,,Urban,1,N,(N/A),Y,(N/A)
2023,2023-11-04,Saturday,14,02:52 PM,Injury,C Injury Crash,1,0,0,0,1,1,Pedestrian,1,Y,N,Failing to Yield Right of Way,Unable to Determine,Daylight,Clear,Dry,Y,,,,,Other,Functioning Properly,Y,1,41.8880794,-87.7765378,ok,(UNK),1,2306990,2023,,2,18,50000 and OVER,9,4295,Oak Park,C,Urban Major Collector,,16,4,12399943,11,Cook,1,23,,,6,N,No,Free Flow,202301356370,City,1,1.25999999,N,,,,(UNK),234388,(N/A),(UNK),No Defects,1,1,Major Collector,5,1405,X003211999,Not Toll,73,13,4,Not Divided,1,2947388.43727546,1910804.99307065,41.88807151,-87.77653204,,Urban,1,N,(N/A),Y,(N/A)