crash_year,crash_date,day_of_week,crash_hour,time_of_crash,crash_severity,crash_injury_severity,total_injured,total_fatals,a_injuries,b_injuries,c_injuries,no_injuries,type_of_first_crash,collision_type_code,pedestrian_involved,pedalcyclist_involved,cause1,cause2,lighting_cond,weather_cond,road_surface_cond,intersection_related,is_intersection,highway_or_street_name,at_intersection_with,address_no,traffic_control_device,traffic_control_device_cond,hit_and_run,number_of_vehicles,latitude,longitude,location_status,access_control,agency_code,agency_report_number,agency_report_year,alignment_code,cause1_code,cause2_code,city_class,city_class_code,city_code,city_name,city_township_flag,class_of_trafficway,class_of_trafficway_code,county_code,crash_day,crash_id,crash_month,crash_report_county,crash_severity_cd,crash_yr_source,damaged_property1,damaged_property2,day_of_week_code,did_crash_occur_in_work_zone,did_involve_secondary_crash,flow_condition,icn,investigating_agency_descrip,light_condition_code,mile_station,nhs,non_intersection_direction,non_intersection_distance,non_intersection_units,number_of_lanes,objectid,railroad_crossing_number,road_alignment,road_defects,road_defects_code,road_surface_condition_code,roadway_functional_class,roadway_functional_class_code,route_number,sfe,toll,township,traffic_control_device_code,traffic_control_device_cond_code,trafficway_descrip,trafficway_description_code,ts_crash_coordinate_x,ts_crash_coordinate_y,ts_crash_latitude,ts_crash_longitude,type_report,urban_rural,weather_code,were_workers_present,work_zone,work_zone_related,work_zone_type
2023,2023-10-27,Friday,17,05:00 PM,Property Damage,No Injuries,0,0,0,0,0,2,Front to Rear,11,N,N,Failing to Reduce Speed to Avoid Crash,(N/A),Unknown,Clear,Unknown,N,,,,,No Controls,No Controls,Y,2,41.8796253,-87.802483,ok,(UNK),1,2307010,2023,,28,99,50000 and OVER,9,4295,Oak Park,C,Urban Minor Arterial,,16,27,12399974,10,Cook,0,23,,,5,N,No,Stopped,202301356405,City,9,3.18000007,N,,,,(UNK),234400,(N/A),(UNK),Unknown,99,9,Minor Arterial,4,1419,X003212029,Not Toll,73,1,1,"Divided, No Median Barrier",2,2940408.36271833,1907528.34966413,41.87961743,-87.80247718,,Urban,1,N,(N/A),N,(N/A)
2023,2023-11-04,Saturday,2,02:08 AM,Property Damage,No Injuries,0,0,0,0,0,3,Parked Motor Vehicle,9,N,N,Improper Backing,(N/A),Darkness / Lighted Road,Cloudy/Overcast,Wet,N,,,,,No Controls,No Controls,Y,3,41.8814976,-87.7999233,ok,(UNK),1,2306973,2023,,30,99,50000 and OVER,9,4295,Oak Park,C,Urban Major Collector,,16,4,12399903,11,Cook,0,23,"STREET SIGN- NO PARKING""""",,6,N,Yes,Free Flow,202301356330,City,5,0.25,N,,,,(UNK),234570,(N/A),(UNK),No Defects,1,2,Major Collector,5,5,X003211959,Not Toll,73,1,1,"Divided, No Median Barrier",2,2941086.63983747,1908229.88212232,41.88148976,-87.79991751,,Urban,8,N,(N/A),Y,(N/A)
2023,2023-11-04,Saturday,15,03:09 PM,Property Damage,No Injuries,0,0,0,0,0,2,Sideswipe Opposite Direction,13,N,N,Failing to Reduce Speed to Avoid Crash,Unable to Determine,Daylight,Clear,Dry,N,,,,,No Controls,No Controls,N,2,41.8689856,-87.7829333,ok,(UNK),1,2306992,2023,,28,18,50000 and OVER,9,4295,Oak Park,C,Urban Local Road or Street,,16,4,12399947,11,Cook,0,23,,,6,N,No,Free Flow,202301356374,City,1,0,N,,,,(UNK),234608,(N/A),(UNK),No Defects,1,1,Local Road or Street,7,,X003212003,Not Toll,73,1,1,"Divided, No Median Barrier",2,2945840.26793768,1903798.40872554,41.86897776,-87.78292754,,Urban,1,N,(N/A),Y,(N/A)
2023,2023-11-05,Sunday,16,04:02 PM,Property Damage,No Injuries,0,0,0,0,0,3,Front to Rear,11,N,N,Failing to Reduce Speed to Avoid Crash,Unable to Determine,Dusk,Clear,Dry,Y,,,,,Traffic Signal,Functioning Properly,N,3,41.898237,-87.7850064,ok,(UNK),1,2307016,2023,,28,18,50000 and OVER,9,4295,Oak Park,C,Urban Major Collector,,16,5,12399981,11,Cook,0,23,,,7,N,No,Stopped,202301356413,City,3,0.25,N,,,,(UNK),234612,(N/A),(UNK),No Defects,1,1,Major Collector,5,2783,X003212036,Not Toll,73,3,4,"Divided, No Median Barrier",2,2944979.60700754,1914442.46450548,41.8982291,-87.78500057,,Urban,1,N,(N/A),Y,(N/A)
2023,2023-12-12,Tuesday,8,08:13 AM,Injury,C Injury Crash,1,0,0,0,1,1,Angle,15,N,N,Failing to Yield Right of Way,Failing to Reduce Speed to Avoid Crash,Daylight,Clear,Dry,Y,,,,,Stop Sign,Functioning Properly,N,2,41.8997144,-87.8054485,ok,(UNK),1,2307812,2023,,2,28,50000 and OVER,9,4295,Oak Park,C,Urban Other Principal Arte,,16,12,12456421,12,Cook,1,23,CURB,,2,N,No,Free Flow,202301409675,City,1,18.28000069,Y,,,,(UNK),234800,(N/A),(UNK),No Defects,1,1,Other Principal Arterial,3,348,X003262285,Not Toll,73,2,4,Not Divided,1,2939399.16232688,1914826.95065021,41.89970655,-87.80544273,,Urban,1,N,(N/A),Y,(N/A)
2023,2023-09-01,Friday,18,06:25 PM,Property Damage,No Injuries,0,0,0,0,0,2,Fixed Object,6,N,N,Failing to Reduce Speed to Avoid Crash,Unable to Determine,Daylight,Clear,Dry,N,,,,,No Controls,No Controls,Y,1,41.8887667,-87.8001782,ok,(UNK),1,2305490,2023,,28,18,50000 and OVER,9,4295,Oak Park,C,Urban Local Road or Street,,16,1,12318699,9,Cook,0,23,SECURITY CAMERA,SIGN,5,N,Yes,Slow,202301279606,City,1,0.31999999,N,,,,(UNK),234896,(N/A),(UNK),No Defects,1,1,Local Road or Street,7,1405,X003140848,Not Toll,73,1,1,Other,8,2940944.12697557,1910876.9571581,41.88875885,-87.80017243,,Urban,1,N,(N/A),Y,(N/A)
2023,2023-09-03,Sunday,4,04:59 AM,Property Damage,No Injuries,0,0,0,0,0,1,Parked Motor Vehicle,9,N,N,Failing to Reduce Speed to Avoid Crash,Unable to Determine,Darkness / Lighted Road,Clear,Dry,N,,,,,No Controls,No Controls,N,3,41.883423,-87.7956902,ok,(UNK),1,2305513,2023,,28,18,50000 and OVER,9,4295,Oak Park,C,Urban Local Road or Street,,16,3,12318732,9,Cook,0,23,,,7,N,No,Free Flow,202301279639,City,5,0,N,,,,(UNK),234898,(N/A),(UNK),No Defects,1,1,Local Road or Street,7,,X003140879,Not Toll,73,1,1,"Divided, No Median Barrier",2,2942220.07020975,1908963.35664601,41.88341512,-87.79568436,,Urban,1,N,(N/A),Y,(N/A)
2023,2023-08-30,Wednesday,2,02:27 AM,Injury,B Injury Crash,1,0,0,1,0,0,Fixed Object,6,N,N,Improper Lane Usage,Failing to Reduce Speed to Avoid Crash,Darkness / Lighted Road,Clear,Dry,N,,,,,No Controls,Functioning Properly,N,1,41.8917662,-87.8051488,ok,(UNK),1,2301090,2023,,20,28,50000 and OVER,9,4295,Oak Park,C,Urban Other Principal Arte,,16,30,12311215,8,Cook,2,23,VILLAGE UTILITY POLE,,3,N,No,Free Flow,202301272441,City,5,18.82999992,Y,,,,(UNK),234954,(N/A),(UNK),No Defects,1,1,Other Principal Arterial,3,348,X003133814,Not Toll,73,1,4,"Divided, No Median Barrier",2,2939560.5355687,1911932.73357616,41.89175838,-87.80514298,,Urban,1,N,(N/A),Y,(N/A)
2023,2023-09-02,Saturday,22,10:01 PM,Injury,B Injury Crash,3,0,0,2,1,3,Turning,10,N,N,Improper Lane Usage,Failing to Reduce Speed to Avoid Crash,Darkness / Lighted Road,Clear,Dry,N,,,,,No Controls,No Controls,N,3,41.9090577,-87.7926284,ok,(UNK),1,2305509,2023,,20,28,50000 and OVER,9,4295,Oak Park,C,Urban Other Principal Arte,,16,2,12318721,9,Cook,2,23,,,6,N,Yes,Free Flow,202301279628,City,5,6.5999999,Y,,,,(UNK),235034,(N/A),(UNK),No Defects,1,1,Other Principal Arterial,3,307,X003140868,Not Toll,73,1,1,"Divided, No Median Barrier",2,2942795.2277872,1918328.22431092,41.90904989,-87.79262261,,Urban,1,N,(N/A),Y,(N/A)
2023,2023-08-24,Thursday,19,07:15 PM,Property Damage,No Injuries,0,0,0,0,0,3,Sideswipe Same Direction,12,N,N,Improper Lane Usage,Failing to Reduce Speed to Avoid Crash,Daylight,Clear,Dry,N,,,,,Other,Functioning Properly,N,2,41.8709816,-87.7749108,ok,Partial Access Control,3,03-23-15639,2023,,20,28,50000 and OVER,9,4295,Oak Park,C,Urban InterState,,16,24,12317576,8,Cook,0,23,,,4,N,No,(UNK),202301278523,ISP,1,9.18000031,Y,,,,(UNK),235118,(N/A),(UNK),No Defects,1,1,InterState,1,290,X003139845,Not Toll,73,13,4,Divided With Median Barrier,3,2948005.21467447,1904586.60391382,41.87097376,-87.77490503,,Urban,1,N,(N/A),Y,(N/A)
2023,2023-11-08,Wednesday,11,11:50 AM,Property Damage,No Injuries,0,0,0,0,0,2,Sideswipe Opposite Direction,13,N,N,Improper Overtaking/Passing,Driving Skills/Knowledge/Experience,Daylight,Clear,Dry,N,,,,,No Controls,No Controls,N,2,41.8717509,-87.7909254,ok,(UNK),1,2307073,2023,,4,15,50000 and OVER,9,4295,Oak Park,C,Urban Local Road or Street,,16,8,12405755,11,Cook,0,23,,,3,N,No,Free Flow,202301361682,City,1,0.16,N,,,,(UNK),235486,(N/A),(UNK),No Defects,1,1,Local Road or Street,7,290,X003217228,Not Toll,73,1,1,Not Divided,1,2943635.43782972,1904745.73049471,41.87174301,-87.79091959,,Urban,1,N,(N/A),Y,(N/A)
2023,2023-11-07,Tuesday,18,06:04 PM,Property Damage,No Injuries,0,0,0,0,0,2,Parked Motor Vehicle,9,N,N,Failing to Reduce Speed to Avoid Crash,Unable to Determine,Darkness / Lighted Road,Clear,Dry,Y,,,,,No Controls,No Controls,N,2,41.8705017,-87.7755215,ok,(UNK),1,2307066,2023,,28,18,50000 and OVER,9,4295,Oak Park,C,Urban Local Road or Street,,16,7,12404310,11,Cook,0,23,,,2,N,No,Free Flow,202301360560,City,5,0.19,N,,,,(UNK),235679,(N/A),(UNK),No Defects,1,1,Local Road or Street,7,290,X003216136,Not Toll,73,1,1,Not Divided,1,2947843.74525205,1904407.08981696,41.87049388,-87.77551574,,Urban,1,N,(N/A),Y,(N/A)
2023,2023-12-16,Saturday,16,04:15 PM,Property Damage,No Injuries,0,0,0,0,0,2,Front to Rear,11,N,N,Failing to Reduce Speed to Avoid Crash,Following Too Closely,Daylight,Rain,Wet,N,,,,,Other,Functioning Properly,N,2,41.8723312,-87.7921149,ok,Partial Access Control,3,03-23-23926,2023,,28,3,50000 and OVER,9,4295,Oak Park,C,Urban InterState,,16,16,12456353,12,Cook,0,23,,,6,N,No,(UNK),202301409602,ISP,1,8.28999996,Y,,,,(UNK),235857,(N/A),(UNK),No Defects,1,2,InterState,1,290,X003262228,Not Toll,73,13,4,Divided With Median Barrier,3,2943305.60423709,1904948.24996628,41.87232335,-87.79210906,,Urban,2,N,(N/A),Y,(N/A)
2023,2023-12-09,Saturday,21,09:40 PM,Property Damage,No Injuries,0,0,0,0,0,3,Sideswipe Same Direction,12,N,N,Improper Lane Usage,Failing to Reduce Speed to Avoid Crash,Darkness / Lighted Road,Clear,Dry,N,,,,,Other Regualtory Sig,Functioning Properly,Y,2,41.8734136,-87.8035513,ok,Partial Access Control,3,03-23-23312,2023,,20,28,50000 and OVER,9,4295,Oak Park,C,Urban InterState,,16,9,12447885,12,Cook,0,23,,,6,N,No,(UNK),202301401415,ISP,5,7.75,Y,,,,(UNK),235940,(N/A),(UNK),No Defects,1,1,InterState,1,290,X003254550,Not Toll,73,10,4,Divided With Median Barrier,3,2940179.78040934,1905256.68548939,41.87340575,-87.80354547,,Urban,1,N,(N/A),Y,(N/A)
2023,2023-12-04,Monday,3,03:12 AM,Property Damage,No Injuries,0,0,0,0,0,1,Parked Motor Vehicle,9,N,N,Failing to Reduce Speed to Avoid Crash,(N/A),Darkness / Lighted Road,Clear,Dry,N,,,,,No Controls,No Controls,N,2,41.8727661,-87.7765438,ok,(UNK),1,2307614,2023,,28,99,50000 and OVER,9,4295,Oak Park,C,Urban Local Road or Street,,16,4,12452919,12,Cook,0,23,,,1,N,No,(UNK),202301406231,City,5,0,N,,,,(UNK),236008,(N/A),(UNK),No Defects,1,1,Local Road or Street,7,,X003259134,Not Toll,73,1,1,Not Divided,1,2947542.30116313,1905224.50699827,41.87275825,-87.77653804,,Urban,1,N,(N/A),Y,(N/A)
2023,2023-12-17,Sunday,14,02:59 PM,Injury,B Injury Crash,1,0,0,1,0,1,Pedestrian,1,Y,N,Failing to Yield Right of Way,Unable to Determine,Daylight,Clear,Dry,Y,,,,,Traffic Signal,Functioning Properly,N,1,41.8865621,-87.8049468,ok,(UNK),1,23-03891,2023,,2,18,50000 and OVER,9,4295,Oak Park,C,Urban Other Principal Arte,,16,17,12453021,12,Cook,2,23,,,7,N,No,Free Flow,202301406344,City,1,19.20000076,Y,,,,(UNK),236039,(N/A),(UNK),No Defects,1,1,Other Principal Arterial,3,348,X003259235,Not Toll,73,3,4,"Divided, No Median Barrier",2,2939667.76763903,1910037.76115157,41.88655423,-87.80494097,,Urban,1,N,(N/A),Y,(N/A)
2023,2023-12-09,Saturday,19,07:03 PM,Property Damage,No Injuries,0,0,0,0,0,2,Turning,10,N,N,Improper Lane Usage,(N/A),Darkness / Lighted Road,Clear,Dry,Y,,,,,Traffic Signal,Functioning Properly,N,2,41.8735079,-87.8045194,ok,Partial Access Control,1,2307760,2023,,20,99,50000 and OVER,9,4295,Oak Park,C,Urban InterState,,16,9,12446661,12,Cook,0,23,,,6,N,No,Free Flow,202301400280,City,5,7.69999981,Y,,,,(UNK),236843,(N/A),(UNK),No Defects,1,1,InterState,1,290,X003253436,Not Toll,73,3,4,Other,8,2939915.14200524,1905283.79403028,41.87350007,-87.80451362,,Urban,1,N,(N/A),Y,(N/A)
2023,2023-01-23,Monday,19,07:02 PM,Property Damage,No Injuries,0,0,0,0,0,2,Sideswipe Same Direction,12,N,N,Improper Lane Usage,Physical Condition of Driver,Darkness / Lighted Road,Clear,Dry,Y,,,,,Traffic Signal,Functioning Properly,Y,2,41.8736415,-87.8045258,ok,Partial Access Control,1,23-00220,2023,,20,17,50000 and OVER,9,4295,Oak Park,C,Urban InterState,,16,23,12066206,1,Cook,0,23,,,1,N,Yes,Free Flow,202301041423,City,5,0.20999999,Y,,,,(UNK),236900,(N/A),(UNK),No Defects,1,1,InterState,1,290,X002916341,Not Toll,73,3,4,Divided With Median Barrier,3,2939912.06592644,1905332.41221517,41.87363361,-87.80451999,,Urban,1,N,(N/A),Y,(N/A)
2023,2023-12-09,Saturday,0,00:38 AM,Property Damage,No Injuries,0,0,0,0,0,1,Parked Motor Vehicle,9,N,N,Driving Skills/Knowledge/Experience,Driving Skills/Knowledge/Experience,Darkness / Lighted Road,Clear,Dry,N,,,,,No Controls,No Controls,N,2,41.900806,-87.7978743,ok,(UNK),1,2307743,2023,,15,15,50000 and OVER,9,4295,Oak Park,C,Urban Local Road or Street,,16,9,12446659,12,Cook,0,23,PARKWAY GRASS/TREE,,6,N,Yes,Slow,202301400278,City,5,0,N,,,,(UNK),237207,(N/A),(UNK),No Defects,1,1,Local Road or Street,7,,X003253434,Not Toll,73,1,1,Not Divided,1,2941450.28687703,1915281.62328625,41.90079814,-87.79786854,,Urban,1,N,(N/A),Y,(N/A)
2023,2023-12-19,Tuesday,8,08:41 AM,Property Damage,No Injuries,0,0,0,0,0,2,Turning,10,N,N,Unable to Determine,Unable to Determine,Daylight,Clear,Dry,Y,,,,,Traffic Signal,Functioning Properly,N,2,41.8736416,-87.8045258,ok,Partial Access Control,1,23-03909,2023,,18,18,50000 and OVER,9,4295,Oak Park,C,Urban InterState,,16,19,12456269,12,Cook,0,23,,,2,N,No,Free Flow,202301409502,City,1,0.20999999,Y,,,,(UNK),237222,(N/A),(UNK),No Defects,1,1,InterState,1,290,X003262159,Not Toll,73,3,4,Divided With Median Barrier,3,2939912.062394,1905332.46992192,41.87363377,-87.80452,,Urban,1,N,(N/A),Y,(N/A)
2023,2023-12-06,Wednesday,18,06:00 PM,Property Damage,No Injuries,0,0,0,0,0,2,Front to Rear,11,N,N,Failing to Reduce Speed to Avoid Crash,Following Too Closely,Darkness / Lighted Road,Clear,Dry,N,,,,,No Controls,No Controls,N,2,41.8734151,-87.8035668,ok,Partial Access Control,3,03-23-23471,2023,,28,3,50000 and OVER,9,4295,Oak Park,C,Urban InterState,,16,6,12456286,12,Cook,0,23,,,3,N,No,(UNK),202301409525,ISP,5,7.73999977,Y,,,,(UNK),237223,(N/A),(UNK),No Defects,1,1,InterState,1,290,X003262169,Not Toll,73,1,1,Divided With Median Barrier,3,2940175.54218142,1905257.11963717,41.87340726,-87.80356098,,Urban,1,N,(N/A),Y,(N/A)
2023,2023-12-14,Thursday,7,07:00 AM,Property Damage,No Injuries,0,0,0,0,0,2,Front to Rear,11,N,N,Following Too Closely,Failing to Reduce Speed to Avoid Crash,Dawn,Clear,Dry,N,,,,,Other,Functioning Properly,Y,2,41.8721259,-87.7896277,ok,Partial Access Control,3,03-23-23849,2023,,3,28,50000 and OVER,9,4295,Oak Park,C,Urban InterState,,16,14,12456367,12,Cook,0,23,,,4,N,No,(UNK),202301409617,ISP,2,8.42000008,Y,,,,(UNK),237228,(N/A),(UNK),No Defects,1,1,InterState,1,290,X003262241,Not Toll,,13,4,Divided With Median Barrier,3,2943985.11997293,1904892.20334598,41.87212592,-87.78962766,,Urban,1,N,(N/A),Y,(N/A)
2023,2023-12-11,Monday,22,10:10 PM,Property Damage,No Injuries,0,0,0,0,0,2,Front to Rear,11,N,N,Following Too Closely,Failing to Reduce Speed to Avoid Crash,Darkness / Lighted Road,Clear,Dry,N,,,,,Delineators,Functioning Properly,Y,2,41.8721178,-87.7895264,ok,Partial Access Control,3,03-23-23437,2023,,3,28,50000 and OVER,9,4295,Oak Park,C,Urban InterState,,16,11,12449751,12,Cook,0,23,attenuator,,1,N,No,(UNK),202301403139,ISP,5,8.43000031,Y,,,,(UNK),237255,(N/A),(UNK),No Defects,1,1,InterState,1,290,X003256256,Not Toll,,14,4,Divided With Median Barrier,3,2944012.77143704,1904890.00488297,41.87211779,-87.78952644,,Urban,1,N,(N/A),Y,(N/A)
2023,2023-03-19,Sunday,12,12:48 PM,Injury,C Injury Crash,1,0,0,0,1,5,Front to Rear,11,N,N,Failing to Reduce Speed to Avoid Crash,Unable to Determine,Daylight,Clear,Dry,N,,,,,No Controls,No Controls,N,2,41.9092341,-87.7782938,ok,(UNK),1,2301557,2023,,28,18,50000 and OVER,9,4295,Oak Park,C,Urban Other Principal Arte,,16,19,12116358,3,Cook,1,23,,,7,N,No,Free Flow,202301088603,City,1,7.34000015,Y,,,,(UNK),237896,(N/A),(UNK),No Defects,1,1,Other Principal Arterial,3,307,X002960699,Not Toll,73,1,1,Not Divided,1,2946695.53476683,1918500.86855304,41.90922622,-87.77828805,,Urban,1,N,(N/A),Y,(N/A)
2023,2023-09-08,Friday,10,10:51 AM,Injury,B Injury Crash,1,0,0,1,0,1,Pedalcyclist,2,N,Y,Failing to Yield Right of Way,(N/A),Daylight,Cloudy/Overcast,Wet,Y,,,,,Traffic Signal,Functioning Properly,N,1,41.9015578,-87.8055273,ok,(UNK),1,2301142,2023,,2,99,50000 and OVER,9,4295,Oak Park,C,Urban Other Principal Arte,,16,8,12322620,9,Cook,2,23,BICYCLE,,5,N,No,Stopped,202301284143,City,1,18.15999985,Y,,,,(UNK),238185,(N/A),(UNK),No Defects,1,2,Other Principal Arterial,3,348,X003144510,Not Toll,73,3,4,Four Way,14,2939359.229226,1915498.13489857,41.90154996,-87.80552146,,Urban,8,N,(N/A),Y,(N/A)
2023,2023-09-05,Tuesday,19,07:11 PM,Property Damage,No Injuries,0,0,0,0,0,2,Front to Rear,11,N,N,Following Too Closely,Driving Skills/Knowledge/Experience,Darkness / Lighted Road,Clear,Dry,Y,,,,,Traffic Signal,Functioning Properly,N,2,41.9087836,-87.8057834,ok,(UNK),1,2301131,2023,,3,15,50000 and OVER,9,4295,Oak Park,C,Urban Other Principal Arte,,16,5,12319312,9,Cook,0,23,,,2,N,No,Free Flow,202301280287,City,5,17.65999985,Y,,,,(UNK),238420,(N/A),(UNK),No Defects,1,1,Other Principal Arterial,3,348,X003141421,Not Toll,73,3,4,Not Divided,1,2939216.97607255,1918129.41719339,41.90877571,-87.80577763,,Urban,1,N,(N/A),Y,(N/A)
2023,2023-09-05,Tuesday,16,04:25 PM,Property Damage,No Injuries,0,0,0,0,0,3,Sideswipe Same Direction,12,N,N,Improper Lane Usage,Failing to Reduce Speed to Avoid Crash,Daylight,Clear,Dry,N,,,,,Delineators,Functioning Properly,N,3,41.8734695,-87.8041253,ok,Partial Access Control,3,03-23-16486,2023,,20,28,50000 and OVER,9,4295,Oak Park,C,Urban InterState,,16,5,12322685,9,Cook,0,23,,,2,N,No,(UNK),202301284213,ISP,1,7.71999979,Y,,,,(UNK),238473,(N/A),(UNK),No Defects,1,1,InterState,1,290,X003144572,Not Toll,73,14,4,Divided With Median Barrier,3,2940022.88391781,1905272.7573629,41.87346167,-87.80411946,,Urban,1,N,(N/A),Y,(N/A)
2023,2023-08-24,Thursday,13,01:37 PM,Property Damage,No Injuries,0,0,0,0,0,3,Front to Rear,11,N,N,Failing to Reduce Speed to Avoid Crash,Driving Skills/Knowledge/Experience,Daylight,Clear,Dry,Y,,,,,Traffic Signal,Functioning Properly,N,2,41.9017081,-87.7948558,ok,(UNK),1,2305285,2023,,28,15,50000 and OVER,9,4295,Oak Park,C,Urban Major Collector,,16,24,12305913,8,Cook,0,23,,,4,N,No,Free Flow,202301267273,City,1,1.53999996,N,,,,(UNK),238972,(N/A),(UNK),Other,10,1,Major Collector,5,1394,X003128781,Not Toll,73,3,4,Not Divided,1,2942262.99045093,1915633.0999226,41.90170028,-87.79485001,,Urban,1,N,(N/A),N,(N/A)
2023,2023-08-24,Thursday,11,11:14 AM,Property Damage,No Injuries,0,0,0,0,0,3,Sideswipe Same Direction,12,N,N,Failing to Yield Right of Way,Unable to Determine,Daylight,Clear,Dry,N,,,,,No Controls,No Controls,N,2,41.9055309,-87.79132,ok,(UNK),1,2305281,2023,,2,18,50000 and OVER,9,4295,Oak Park,C,Urban Local Road or Street,,16,24,12305865,8,Cook,0,23,,,4,N,No,Free Flow,202301267237,City,1,0,N,,,,(UNK),239003,(N/A),(UNK),No Defects,1,1,Local Road or Street,7,,X003128745,Not Toll,73,1,1,Not Divided,1,2943187.00394366,1917052.85551832,41.90552309,-87.79131421,,Urban,1,N,(N/A),Y,(N/A)
2023,2023-08-24,Thursday,15,03:39 PM,Injury,B Injury Crash,2,0,0,2,0,2,Front to Rear,11,N,N,Failing to Reduce Speed to Avoid Crash,(N/A),Daylight,Clear,Dry,Y,,,,,No Controls,No Controls,Y,2,41.8883279,-87.7846951,ok,(UNK),1,2305291,2023,,28,99,50000 and OVER,9,4295,Oak Park,C,Urban Major Collector,,16,24,12305965,8,Cook,2,23,,,4,N,No,(UNK),202301267316,City,1,0.93000001,N,,,,(UNK),239007,(N/A),(UNK),No Defects,1,1,Major Collector,5,2783,X003128825,Not Toll,73,1,1,"Divided, No Median Barrier",2,2945164.64729438,1910833.75128882,41.88832,-87.78468934,,Urban,1,N,(N/A),Y,(N/A)
2023,2023-11-08,Wednesday,10,10:35 AM,Injury,C Injury Crash,1,0,0,0,1,1,Front to Rear,11,N,N,Unable to Determine,(N/A),Daylight,Rain,Wet,N,,,,,No Controls,No Controls,Y,2,41.8735636,-87.8045223,ok,Partial Access Control,1,23-03469,2023,,18,99,50000 and OVER,9,4295,Oak Park,C,Urban InterState,,16,8,12402870,11,Cook,1,23,,,3,N,No,Free Flow,202301359135,City,1,20.10000038,Y,,,,(UNK),239358,(N/A),(UNK),No Defects,1,2,InterState,1,348,X003214764,Not Toll,73,1,1,Not Divided,1,2939913.80116381,1905304.06497244,41.87355575,-87.80451649,,Urban,2,N,(N/A),Y,(N/A)
2023,2023-11-10,Friday,2,02:19 AM,Property Damage,No Injuries,0,0,0,0,0,1,Animal,4,N,N,Animal,Failing to Reduce Speed to Avoid Crash,Darkness / Lighted Road,Clear,Dry,N,,,,,No Controls,No Controls,N,1,41.8712441,-87.7746425,ok,Partial Access Control,3,03-23-21345,2023,,21,28,50000 and OVER,9,4295,Oak Park,C,Urban InterState,,16,10,12407502,11,Cook,0,23,,,5,N,No,(UNK),202301363276,ISP,5,9.18999958,Y,,,,(UNK),239443,(N/A),(UNK),No Defects,1,1,InterState,1,290,X003218847,Not Toll,73,1,1,Divided With Median Barrier,3,2948075.63547237,1904684.31283422,41.87123629,-87.7746367,,Urban,1,N,(N/A),Y,(N/A)
2023,2023-02-25,Saturday,21,09:02 PM,Property Damage,No Injuries,0,0,0,0,0,2,Front to Rear,11,N,N,Failing to Reduce Speed to Avoid Crash,Following Too Closely,Darkness / Lighted Road,Clear,Dry,N,,,,,Other,Functioning Properly,Y,2,41.8736236,-87.8028073,ok,Partial Access Control,3,03-23-03429,2023,,28,3,50000 and OVER,9,4295,Oak Park,C,Urban InterState,,16,25,12095113,2,Cook,0,23,,,6,N,No,(UNK),202301068132,ISP,5,7.78000021,Y,,,,(UNK),240856,(N/A),(UNK),No Defects,1,1,InterState,1,290,X002941758,Not Toll,73,13,4,Divided With Median Barrier,3,2940380.31202785,1905338.79511417,41.87361575,-87.80280147,,Urban,1,N,(N/A),Y,(N/A)
2023,2023-09-05,Tuesday,15,03:39 PM,Property Damage,No Injuries,0,0,0,0,0,2,Turning,10,N,N,Unable to Determine,Driving Skills/Knowledge/Experience,Daylight,Clear,Dry,Y,,,,,Stop Sign,Functioning Properly,N,2,41.8997144,-87.8054511,ok,(UNK),1,2301128,2023,,18,15,50000 and OVER,9,4295,Oak Park,C,Urban Other Principal Arte,,16,5,12319309,9,Cook,0,23,,,2,N,No,Slow,202301280284,City,1,18.28000069,Y,,,,(UNK),241027,(N/A),(UNK),No Defects,1,1,Other Principal Arterial,3,348,X003141418,Not Toll,73,2,4,Not Divided,1,2939398.46819979,1914826.93527096,41.89970656,-87.80544528,,Urban,1,N,(N/A),Y,(N/A)
2023,2023-08-24,Thursday,14,02:21 PM,Property Damage,No Injuries,0,0,0,0,0,2,Angle,15,N,N,Failing to Yield Right of Way,(N/A),Daylight,Clear,Dry,Y,,,,,Stop Sign,Functioning Properly,N,2,41.8854024,-87.8049126,ok,(UNK),1,2305289,2023,,2,99,50000 and OVER,9,4295,Oak Park,C,Urban Other Principal Arte,,16,24,12305957,8,Cook,0,23,,,4,N,No,Slow,202301267311,City,1,19.28000069,Y,,,,(UNK),241371,(N/A),(UNK),No Defects,1,1,Other Principal Arterial,3,348,X003128819,Not Toll,73,2,4,Four Way,14,2939688.70942687,1909615.39284211,41.88539451,-87.8049068,,Urban,1,N,(N/A),Y,(N/A)
2023,2023-08-24,Thursday,16,04:06 PM,Injury,C Injury Crash,1,0,0,0,1,2,Front to Rear,11,N,N,Failing to Reduce Speed to Avoid Crash,(N/A),Daylight,Clear,Dry,Y,,,,,No Controls,No Controls,Y,2,41.8819179,-87.7796157,ok,(UNK),1,2305293,2023,,28,99,50000 and OVER,9,4295,Oak Park,C,Urban Major Collector,,16,24,12305972,8,Cook,1,23,,,4,N,No,Free Flow,202301267341,City,1,1.29999995,N,,,,(UNK),241372,(N/A),(UNK),No Defects,1,1,Major Collector,5,5,X003128831,Not Toll,73,1,1,Other,8,2946612.82117735,1908536.3000635,41.88191005,-87.77960986,,Urban,1,N,(N/A),Y,(N/A)