crash_year,crash_date,day_of_week,crash_hour,time_of_crash,crash_severity,crash_injury_severity,total_injured,total_fatals,a_injuries,b_injuries,c_injuries,no_injuries,type_of_first_crash,collision_type_code,pedestrian_involved,pedalcyclist_involved,cause1,cause2,lighting_cond,weather_cond,road_surface_cond,intersection_related,is_intersection,highway_or_street_name,at_intersection_with,address_no,traffic_control_device,traffic_control_device_cond,hit_and_run,number_of_vehicles,latitude,longitude,location_status,access_control,agency_code,agency_report_number,agency_report_year,alignment_code,cause1_code,cause2_code,city_class,city_class_code,city_code,city_name,city_township_flag,class_of_trafficway,class_of_trafficway_code,county_code,crash_day,crash_id,crash_month,crash_report_county,crash_severity_cd,crash_yr_source,damaged_property1,damaged_property2,day_of_week_code,did_crash_occur_in_work_zone,did_involve_secondary_crash,flow_condition,icn,investigating_agency_descrip,light_condition_code,mile_station,nhs,non_intersection_direction,non_intersection_distance,non_intersection_units,number_of_lanes,objectid,railroad_crossing_number,road_alignment,road_defects,road_defects_code,road_surface_condition_code,roadway_functional_class,roadway_functional_class_code,route_number,sfe,toll,township,traffic_control_device_code,traffic_control_device_cond_code,trafficway_descrip,trafficway_description_code,ts_crash_coordinate_x,ts_crash_coordinate_y,ts_crash_latitude,ts_crash_longitude,type_report,urban_rural,weather_code,were_workers_present,work_zone,work_zone_related,work_zone_type
2023,2023-12-13,Wednesday,18,06:55 PM,Property Damage,No Injuries,0,0,0,0,0,2,Front to Rear,11,N,N,Following Too Closely,Failing to Reduce Speed to Avoid Crash,Darkness / Lighted Road,Clear,Dry,N,,,,,Other Regualtory Sig,Functioning Properly,N,2,41.8711278,-87.7742951,ok,Partial Access Control,3,03-23-23558,2023,,3,28,50000 and OVER,9,4295,Oak Park,C,Urban InterState,,16,13,12452993,12,Cook,0,23,,,3,N,No,(UNK),202301406312,ISP,5,0,Y,,,,(UNK),242805,(N/A),(UNK),No Defects,1,1,InterState,1,290,X003259207,Not Toll,,10,4,Ramp,11,2948171.45193209,1904644.55548967,41.87111996,-87.77428926,,Urban,1,N,(N/A),Y,(N/A)
2023,2023-09-07,Thursday,13,01:54 PM,Injury,C Injury Crash,1,0,0,0,1,3,Turning,10,N,N,Failing to Yield Right of Way,Driving Skills/Knowledge/Experience,Daylight,Clear,Dry,N,,,,,No Controls,No Controls,N,2,41.8796327,-87.8042872,ok,(UNK),1,23-02753,2023,,2,15,50000 and OVER,9,4295,Oak Park,C,Urban Minor Arterial,,16,7,12323133,9,Cook,1,23,,,4,N,No,Free Flow,202301284664,City,1,3.08999991,N,,,,(UNK),243174,(N/A),(UNK),No Defects,1,1,Minor Arterial,4,1419,X003145010,Not Toll,73,1,1,"Divided, No Median Barrier",2,2939916.92146414,1907517.50268211,41.87962482,-87.80428141,,Urban,1,N,(N/A),Y,(N/A)
2023,2023-03-11,Saturday,19,07:40 PM,Property Damage,No Injuries,0,0,0,0,0,2,Front to Rear,11,N,N,Following Too Closely,(N/A),Darkness / Lighted Road,Snow,Snow or Slush,N,,,,,Other,Functioning Properly,Y,2,,,missing,(UNK),3,03-23-04670,2023,,3,99,50000 and OVER,9,4295,Oak Park,C,(UNK),8,16,11,12112658,3,Cook,0,23,,,6,N,No,(UNK),202301085046,ISP,5,0,N,,,,(UNK),244191,(N/A),(UNK),No Defects,1,3,(UNK),0,0,X002957162,No Toll,,13,4,Divided With Median Barrier,3,0,0,,,,(UNK),3,N,(N/A),Y,(N/A)
2023,2023-03-19,Sunday,15,03:15 PM,Property Damage,No Injuries,0,0,0,0,0,1,Parked Motor Vehicle,9,N,N,Failing to Reduce Speed to Avoid Crash,(N/A),Daylight,Clear,Dry,N,,,,,No Controls,No Controls,Y,2,41.8761346,-87.7929542,ok,(UNK),1,2301560,2023,,28,99,50000 and OVER,9,4295,Oak Park,C,Urban Local Road or Street,,16,19,12116371,3,Cook,0,23,,,7,N,No,Free Flow,202301088616,City,1,0,N,,,,(UNK),244345,(N/A),(UNK),No Defects,1,1,Local Road or Street,7,,X002960711,Not Toll,73,1,1,Not Divided,1,2943038.64965808,1906327.96608698,41.87612679,-87.79294836,,Urban,1,N,(N/A),Y,(N/A)
2023,2023-11-06,Monday,14,02:20 PM,Property Damage,No Injuries,0,0,0,0,0,3,Front to Rear,11,N,N,Failing to Reduce Speed to Avoid Crash,Following Too Closely,Daylight,Clear,Dry,N,,,,,Other Regualtory Sig,Functioning Properly,Y,3,41.8736962,-87.8035232,ok,Partial Access Control,3,03-23-21108,2023,,28,3,50000 and OVER,9,4295,Oak Park,C,Urban InterState,,16,6,12406092,11,Cook,0,23,,,1,N,No,(UNK),202301361990,ISP,1,7.75,Y,,,,(UNK),244793,(N/A),(UNK),No Defects,1,1,InterState,1,290,X003217541,Not Toll,73,10,4,Divided With Median Barrier,3,2940184.57777846,1905359.86678651,41.87368832,-87.80351744,,Urban,1,N,(N/A),Y,(N/A)
2023,2023-12-15,Friday,8,08:01 AM,Property Damage,No Injuries,0,0,0,0,0,2,Sideswipe Same Direction,12,N,N,Failing to Yield Right of Way,(N/A),Daylight,Clear,Dry,N,,,,,Traffic Signal,Functioning Properly,N,2,41.8884848,-87.7901168,ok,(UNK),1,2307888,2023,,2,99,50000 and OVER,9,4295,Oak Park,C,Urban Major Collector,,16,15,12453752,12,Cook,0,23,,,5,N,No,Stopped,202301406942,City,1,0.58999997,N,,,,(UNK),245846,(N/A),(UNK),No Defects,1,1,Major Collector,5,1405,X003259793,Not Toll,73,3,4,Not Divided,1,2943686.70928821,1910850.0027509,41.88847699,-87.79011104,,Urban,1,N,(N/A),Y,(N/A)
2023,2023-02-01,Wednesday,13,01:55 PM,Property Damage,No Injuries,0,0,0,0,0,2,Angle,15,N,N,Failing to Yield Right of Way,(N/A),Daylight,Clear,Dry,Y,,,,,Stop Sign,Functioning Properly,N,2,41.9018579,-87.7867445,ok,(UNK),1,2300610,2023,,2,99,50000 and OVER,9,4295,Oak Park,C,Urban Major Collector,,16,1,12063578,2,Cook,0,23,,,3,N,No,Slow,202301038892,City,1,1.95000005,N,,,,(UNK),246130,(N/A),(UNK),No Defects,1,1,Major Collector,5,1394,X002913868,Not Toll,73,2,4,Not Divided,1,2944469.75303184,1915748.86263844,41.90185003,-87.78673871,,Urban,1,N,(N/A),Y,(N/A)
2023,2023-12-13,Wednesday,18,06:28 PM,Property Damage,No Injuries,0,0,0,0,0,2,Sideswipe Same Direction,12,N,N,Improper Lane Usage,Failing to Reduce Speed to Avoid Crash,Darkness / Lighted Road,Clear,Dry,Y,,,,,Traffic Signal,Functioning Properly,Y,2,41.8709444,-87.7742935,ok,Partial Access Control,1,2307859,2023,,20,28,50000 and OVER,9,4295,Oak Park,C,Urban InterState,,16,13,12451620,12,Cook,0,23,,,3,N,No,Stopped,202301404837,City,5,9.21000004,Y,,,,(UNK),247362,(N/A),(UNK),No Defects,1,1,InterState,1,290,X003257939,Not Toll,,3,4,"Divided, No Median Barrier",2,2948173.75116782,1904577.73287935,41.87093655,-87.77428766,,Urban,1,N,(N/A),Y,(N/A)
2023,2023-12-13,Wednesday,21,09:41 PM,Injury,B Injury Crash,1,0,0,1,0,2,Angle,15,N,N,Disregarding Traffic Signals,(N/A),Darkness / Lighted Road,Clear,Dry,Y,,,,,Traffic Signal,Functioning Properly,N,3,41.8762745,-87.7843669,ok,(UNK),1,2307862,2023,,25,99,50000 and OVER,9,4295,Oak Park,C,Urban Major Collector,,16,13,12451622,12,Cook,2,23,,,3,N,No,Free Flow,202301404839,City,5,1.77999997,N,,,,(UNK),247363,(N/A),(UNK),No Defects,1,1,Major Collector,5,2783,X003257941,Not Toll,73,3,4,Four Way,14,2945376.02483301,1906443.7506549,41.87626661,-87.78436111,,Urban,1,N,(N/A),Y,(N/A)
2023,2023-09-08,Friday,13,01:57 PM,Property Damage,No Injuries,0,0,0,0,0,2,Front to Rear,11,N,N,Failing to Reduce Speed to Avoid Crash,Driving Skills/Knowledge/Experience,Daylight,Clear,Dry,N,,,,,No Controls,No Controls,N,2,41.89688,-87.8053436,ok,(UNK),1,2301143,2023,,28,15,50000 and OVER,9,4295,Oak Park,C,Urban Other Principal Arte,,16,8,12324867,9,Cook,0,23,,,5,N,No,Slow,202301286317,City,1,18.47999954,Y,,,,(UNK),247703,(N/A),(UNK),No Defects,1,1,Other Principal Arterial,3,348,X003146666,Not Toll,73,1,1,Not Divided,1,2939456.18785948,1913794.83171879,41.89687216,-87.80533775,,Urban,1,N,(N/A),Y,(N/A)
2023,2023-09-03,Sunday,22,10:04 PM,Property Damage,No Injuries,0,0,0,0,0,1,Parked Motor Vehicle,9,N,N,Distraction - From Inside Vehicle,(N/A),Darkness / Lighted Road,Clear,Dry,N,,,,,No Controls,No Controls,N,2,41.8682993,-87.7938629,ok,(UNK),1,2305538,2023,,41,99,50000 and OVER,9,4295,Oak Park,C,Urban Major Collector,,16,3,12320005,9,Cook,0,23,,,7,N,No,Free Flow,202301281130,City,5,6.94999981,N,,,,(UNK),247906,(N/A),(UNK),No Defects,1,1,Major Collector,5,2775,X003142066,Not Toll,73,1,1,"Divided, No Median Barrier",2,2942870.13184967,1903465.76612919,41.86829141,-87.79385707,,Urban,1,N,(N/A),Y,(N/A)
2023,2023-09-07,Thursday,19,07:35 PM,Property Damage,No Injuries,0,0,0,0,0,1,Fixed Object,6,N,N,Physical Condition of Driver,Unable to Determine,Darkness / Lighted Road,Clear,Dry,N,,,,,Other,Functioning Properly,N,1,41.8719357,-87.7841218,ok,Partial Access Control,3,03-23-16626,2023,,17,18,50000 and OVER,9,4295,Oak Park,C,Urban InterState,,16,7,12323653,9,Cook,0,23,,,4,N,No,(UNK),202301285158,ISP,5,22.59000015,Y,,,,(UNK),247999,(N/A),(UNK),No Defects,1,1,InterState,1,9290,X003145507,Not Toll,73,13,4,Divided With Median Barrier,3,2945486.69759538,1904864.46544458,41.87192781,-87.78411598,,Urban,1,N,(N/A),Y,(N/A)
2023,2023-09-04,Monday,15,03:28 PM,Injury,B Injury Crash,2,0,0,2,0,3,Angle,15,N,N,Disregarding Traffic Signals,Improper Lane Usage,Daylight,Clear,Dry,Y,,,,,Traffic Signal,Functioning Properly,Y,3,41.8759848,-87.8045983,ok,(UNK),1,2305549,2023,,25,20,50000 and OVER,9,4295,Oak Park,C,Urban Other Principal Arte,,16,4,12320099,9,Cook,2,23,,,1,N,Yes,Free Flow,202301281241,City,1,19.93000031,Y,,,,(UNK),248169,(N/A),(UNK),No Defects,1,1,Other Principal Arterial,3,348,X003142159,Not Toll,73,3,4,Four Way,14,2939868.79951754,1906185.82138003,41.87597695,-87.80459252,,Urban,1,N,(N/A),Y,(N/A)
2023,2023-09-03,Sunday,12,12:09 PM,Property Damage,No Injuries,0,0,0,0,0,3,Sideswipe Same Direction,12,N,N,Failing to Yield Right of Way,Unable to Determine,Daylight,Clear,Dry,Y,,,,,Traffic Signal,Functioning Properly,Y,2,41.9087836,-87.8057857,ok,(UNK),1,2305527,2023,,2,18,50000 and OVER,9,4295,Oak Park,C,Urban Other Principal Arte,,16,3,12319989,9,Cook,0,23,,,7,N,No,Slow,202301281113,City,1,17.65999985,Y,,,,(UNK),248181,(N/A),(UNK),No Defects,1,1,Other Principal Arterial,3,348,X003142051,Not Toll,73,3,4,Not Divided,1,2939216.3558099,1918129.39694332,41.9087757,-87.80577991,,Urban,1,N,(N/A),Y,(N/A)
2023,2023-09-08,Friday,10,10:35 AM,Injury,A Injury Crash,1,0,1,0,0,7,Front to Rear,11,N,N,Failing to Reduce Speed to Avoid Crash,Following Too Closely,Unknown,Clear,Unknown,Y,,,,,Traffic Signal,Unknown,N,7,41.8736416,-87.8045258,ok,Partial Access Control,1,23-02763,2023,,28,3,50000 and OVER,9,4295,Oak Park,C,Urban InterState,,16,8,12323329,9,Cook,3,23,,,5,N,Yes,Free Flow,202301284850,City,9,0.20999999,Y,,,,(UNK),248413,(N/A),(UNK),Unknown,99,9,InterState,1,290,X003145198,Not Toll,73,3,9,Divided With Median Barrier,3,2939912.062394,1905332.46992192,41.87363377,-87.80452,,Urban,1,N,(N/A),N,(N/A)
2023,2023-09-05,Tuesday,8,08:13 AM,Property Damage,No Injuries,0,0,0,0,0,2,Angle,15,N,N,Failing to Reduce Speed to Avoid Crash,Driving Skills/Knowledge/Experience,Daylight,Clear,Dry,N,,,,,Traffic Signal,Functioning Properly,N,2,41.8944402,-87.794676,ok,(UNK),1,2305558,2023,,28,15,50000 and OVER,9,4295,Oak Park,C,Urban Minor Arterial,,16,5,12320125,9,Cook,0,23,,,2,N,No,Stopped,202301281275,City,1,5.11999989,N,,,,(UNK),248468,(N/A),(UNK),No Defects,1,1,Minor Arterial,4,2775,X003142185,Not Toll,73,3,4,Not Divided,1,2942385.19571399,1912985.878053,41.89443235,-87.79467025,,Urban,1,N,(N/A),Y,(N/A)
2023,2023-09-05,Tuesday,15,03:32 PM,Property Damage,No Injuries,0,0,0,0,0,2,Angle,15,N,N,Failing to Yield Right of Way,(N/A),Daylight,Clear,Dry,N,,,,,No Controls,No Controls,N,2,41.8799383,-87.7810551,ok,(UNK),1,2305571,2023,,2,99,50000 and OVER,9,4295,Oak Park,C,Urban Minor Arterial,,16,5,12320150,9,Cook,0,23,,,2,N,No,Free Flow,202301281307,City,1,4.30000019,N,,,,(UNK),248470,(N/A),(UNK),No Defects,1,1,Minor Arterial,4,1419,X003142209,Not Toll,73,1,1,"Divided, No Median Barrier",2,2946240.86881571,1907804.0086551,41.8799305,-87.78104934,,Urban,1,N,(N/A),Y,(N/A)
2023,2023-11-03,Friday,15,03:30 PM,Property Damage,No Injuries,0,0,0,0,0,2,Sideswipe Same Direction,12,N,N,Improper Lane Usage,Improper Overtaking/Passing,Daylight,Clear,Dry,N,,,,,Other,Functioning Properly,Y,2,41.8734788,-87.8042211,ok,Partial Access Control,3,03-23-20949,2023,,20,4,50000 and OVER,9,4295,Oak Park,C,Urban InterState,,16,3,12406213,11,Cook,0,23,,,5,N,No,(UNK),202301362107,ISP,1,7.71000004,Y,,,,(UNK),248600,(N/A),(UNK),No Defects,1,1,InterState,1,290,X003217659,Not Toll,73,13,4,Divided With Median Barrier,3,2939996.69210772,1905275.44035124,41.87347101,-87.80421528,,Urban,1,N,(N/A),Y,(N/A)
2023,2023-01-04,Wednesday,16,04:18 PM,Property Damage,No Injuries,0,0,0,0,0,3,Front to Front,14,N,N,Failing to Reduce Speed to Avoid Crash,Unable to Determine,Darkness / Lighted Road,Rain,Wet,Y,,,,,Stop Sign,Functioning Properly,N,2,41.8982827,-87.7801161,ok,(UNK),1,2300070,2023,,28,18,50000 and OVER,9,4295,Oak Park,C,Urban Local Road or Street,,16,4,12036444,1,Cook,0,23,,,3,N,No,Free Flow,202301016574,City,5,0.75,N,,,,(UNK),249032,(N/A),(UNK),No Defects,1,2,Local Road or Street,7,3559,X002890893,Not Toll,73,2,4,Not Divided,1,2946310.58252025,1914496.15335349,41.89827485,-87.78011029,,Urban,2,N,(N/A),Y,(N/A)
2023,2023-01-04,Wednesday,21,09:50 PM,Property Damage,No Injuries,0,0,0,0,0,2,Sideswipe Same Direction,12,N,N,Improper Lane Usage,(N/A),Darkness / Lighted Road,Clear,Dry,N,,,,,Other,Functioning Properly,N,2,41.8737763,-87.8045293,ok,Partial Access Control,3,03-23-00213,2023,,20,99,50000 and OVER,9,4295,Oak Park,C,Urban InterState,,16,4,12032972,1,Cook,0,23,,,3,N,No,(UNK),202301014347,ISP,5,20.07999992,Y,,,,(UNK),249089,(N/A),(UNK),No Defects,1,1,InterState,1,348,X002888174,Not Toll,73,13,4,Divided With Median Barrier,3,2939909.74859059,1905381.52574978,41.87376846,-87.80452353,,Urban,1,N,(N/A),Y,(N/A)
2023,2023-09-05,Tuesday,7,07:13 AM,Injury,B Injury Crash,1,0,0,1,0,2,Front to Rear,11,N,N,Failing to Reduce Speed to Avoid Crash,Unable to Determine,Dawn,Clear,Dry,N,,,,,No Controls,No Controls,N,3,41.9001162,-87.7752948,ok,(UNK),1,2305555,2023,,28,18,50000 and OVER,9,4295,Oak Park,C,Urban Minor Arterial,,16,5,12320123,9,Cook,2,23,,,2,N,No,Stopped,202301281271,City,2,6.21999979,N,,,,(UNK),249244,(N/A),(UNK),No Defects,1,1,Minor Arterial,4,2790,X003142183,Not Toll,,1,1,Not Divided,1,2947604.60174518,1915200.89108138,41.90010835,-87.775289,,Urban,1,N,(N/A),Y,(N/A)
2023,2023-09-01,Friday,15,03:16 PM,Property Damage,No Injuries,0,0,0,0,0,2,Angle,15,N,N,Failing to Yield Right of Way,Unable to Determine,Daylight,Clear,Dry,N,,,,,No Controls,No Controls,N,2,41.8689129,-87.7888042,ok,(UNK),1,2305482,2023,,2,18,50000 and OVER,9,4295,Oak Park,C,Urban Local Road or Street,,16,1,12318692,9,Cook,0,23,,,5,N,No,Free Flow,202301279598,City,1,0,N,,,,(UNK),249447,(N/A),(UNK),No Defects,1,1,Local Road or Street,7,,X003140841,Not Toll,73,1,1,Not Divided,1,2944241.86093967,1903727.52255916,41.86890502,-87.7887984,,Urban,1,N,(N/A),Y,(N/A)
2023,2023-09-01,Friday,15,03:30 PM,Property Damage,No Injuries,0,0,0,0,0,1,Parked Motor Vehicle,9,N,N,Failing to Reduce Speed to Avoid Crash,Unable to Determine,Daylight,Clear,Dry,N,,,,,No Controls,No Controls,Y,2,41.8652781,-87.7963388,ok,(UNK),1,2305484,2023,,28,18,50000 and OVER,9,4295,Oak Park,C,Urban Local Road or Street,,16,1,12318693,9,Cook,0,23,,,5,N,No,Free Flow,202301279599,City,1,0,N,,,,(UNK),249633,(N/A),(UNK),No Defects,1,1,Local Road or Street,7,,X003140842,Not Toll,73,1,1,Not Divided,1,2942226.13835501,1902346.16935565,41.86527028,-87.79633297,,Urban,1,N,(N/A),Y,(N/A)
2023,2023-09-01,Friday,13,01:05 PM,Property Damage,No Injuries,0,0,0,0,0,2,Angle,15,N,N,Failing to Yield Right of Way,Unable to Determine,Daylight,Clear,Dry,Y,,,,,Stop Sign,Functioning Properly,N,2,41.8723192,-87.8020114,ok,(UNK),1,2305479,2023,,2,18,50000 and OVER,9,4295,Oak Park,C,Urban Local Road or Street,,16,1,12318664,9,Cook,0,23,,,5,N,No,Free Flow,202301279566,City,1,0,N,,,,(UNK),249651,(N/A),(UNK),No Defects,1,1,Local Road or Street,7,,X003140813,Not Toll,73,2,4,T-Intersection,15,2940610.19124709,1904869.4104806,41.87231132,-87.80200557,,Urban,1,N,(N/A),Y,(N/A)
2023,2023-09-13,Wednesday,9,09:44 AM,Injury,B Injury Crash,2,0,0,2,0,0,Turning,10,N,N,Disregarding Traffic Signals,Operating Vehicle In Reckless Manner,Daylight,Clear,Dry,Y,,,,,Traffic Signal,Functioning Properly,N,2,41.8885678,-87.8050258,ok,(UNK),1,2301162,2023,,25,50,50000 and OVER,9,4295,Oak Park,C,Urban Other Principal Arte,,16,13,12329832,9,Cook,2,23,,,3,N,No,Slow,202301291223,City,1,19.05999947,Y,,,,(UNK),249746,(N/A),(UNK),No Defects,1,1,Other Principal Arterial,3,348,X003150678,Not Toll,73,3,4,Not Divided,1,2939626.11874017,1910768.10734459,41.88856,-87.80502,,Urban,1,N,(N/A),Y,(N/A)
2023,2023-09-08,Friday,16,04:49 PM,Property Damage,No Injuries,0,0,0,0,0,2,Sideswipe Same Direction,12,N,N,Improper Lane Usage,Failing to Reduce Speed to Avoid Crash,Daylight,Clear,Dry,N,,,,,No Controls,No Controls,N,2,41.8716837,-87.7843531,ok,Partial Access Control,3,03-23-16695,2023,,20,28,50000 and OVER,9,4295,Oak Park,C,Urban InterState,,16,8,12326573,9,Cook,0,23,,,5,N,No,(UNK),202301287476,ISP,1,8.69999981,Y,,,,(UNK),249855,(N/A),(UNK),No Defects,1,1,InterState,1,290,X003147624,Not Toll,73,1,1,Divided With Median Barrier,3,2945426.24263322,1904770.89999787,41.87167585,-87.7843473,,Urban,1,N,(N/A),Y,(N/A)
2023,2023-02-03,Friday,22,10:54 PM,Property Damage,No Injuries,0,0,0,0,0,2,Turning,10,N,N,Driving Skills/Knowledge/Experience,Failing to Reduce Speed to Avoid Crash,Darkness,Clear,Dry,N,,,,,Traffic Signal,Functioning Properly,N,2,41.8735876,-87.8045234,ok,Partial Access Control,1,23-00314,2023,,15,28,50000 and OVER,9,4295,Oak Park,C,Urban InterState,,16,3,12065578,2,Cook,0,23,,,5,N,No,Free Flow,202301040828,City,4,20.09000015,Y,,,,(UNK),250280,(N/A),(UNK),No Defects,1,1,InterState,1,348,X002915733,Not Toll,73,3,4,Divided With Median Barrier,3,2939913.26584958,1905312.80999062,41.87357977,-87.80451757,,Urban,1,N,(N/A),Y,(N/A)
2023,2023-11-12,Sunday,0,00:38 AM,Injury,C Injury Crash,2,0,0,0,2,1,Sideswipe Opposite Direction,13,N,N,Driving On Wrong Side/Wrong Way,Driving Skills/Knowledge/Experience,Darkness / Lighted Road,Clear,Dry,N,,,,,No Controls,No Controls,N,2,41.8763988,-87.7745058,ok,(UNK),1,2307139,2023,,5,15,50000 and OVER,9,4295,Oak Park,C,Urban Minor Arterial,,16,12,12411291,11,Cook,1,23,,,7,N,No,Free Flow,202301366738,City,5,0,N,,,,(UNK),250371,(N/A),(UNK),No Defects,1,1,Minor Arterial,4,1422,X003222298,Not Toll,,1,1,Not Divided,1,2948060.4739641,1906563.78721707,41.87639091,-87.77450006,,Urban,1,N,(N/A),Y,(N/A)
2023,2023-11-12,Sunday,14,02:55 PM,Injury,B Injury Crash,1,0,0,1,0,1,Front to Rear,11,N,N,Failing to Reduce Speed to Avoid Crash,(N/A),Daylight,Clear,Dry,N,,,,,Traffic Signal,Functioning Properly,N,2,41.8797202,-87.7943097,ok,(UNK),1,2307151,2023,,28,99,50000 and OVER,9,4295,Oak Park,C,Urban Minor Arterial,,16,12,12411287,11,Cook,2,23,,,7,N,No,Slow,202301366734,City,1,3.5999999,N,,,,(UNK),250523,(N/A),(UNK),No Defects,1,1,Minor Arterial,4,1419,X003222294,Not Toll,73,3,4,"Divided, No Median Barrier",2,2942633.31711602,1907624.39054771,41.87971234,-87.79430393,,Urban,1,N,(N/A),Y,(N/A)
2023,2023-11-10,Friday,11,11:30 AM,Property Damage,No Injuries,0,0,0,0,0,3,Turning,10,N,N,Failing to Yield Right of Way,Failing to Reduce Speed to Avoid Crash,Daylight,Clear,Dry,N,,,,,Traffic Signal,Functioning Properly,N,2,41.8885974,-87.7926635,ok,(UNK),1,2307111,2023,,2,28,50000 and OVER,9,4295,Oak Park,C,Urban Major Collector,,16,10,12407709,11,Cook,0,23,,,5,N,No,Slow,202301363471,City,1,0.44999999,N,,,,(UNK),250530,(N/A),(UNK),No Defects,1,1,Major Collector,5,1405,X003219053,Not Toll,73,3,4,"Divided, No Median Barrier",2,2942992.12169293,1910871.80591643,41.88858952,-87.79265766,,Urban,1,N,(N/A),Y,(N/A)
2023,2023-11-10,Friday,8,08:47 AM,Property Damage,No Injuries,0,0,0,0,0,5,Front to Rear,11,N,N,Failing to Reduce Speed to Avoid Crash,(N/A),Daylight,Clear,Dry,N,,,,,No Controls,No Controls,N,3,41.870496,-87.7841459,ok,(UNK),1,2307106,2023,,28,99,50000 and OVER,9,4295,Oak Park,C,Urban Major Collector,,16,10,12407710,11,Cook,0,23,,,5,N,No,Stopped,202301363472,City,1,2.17000008,N,,,,(UNK),250531,(N/A),(UNK),No Defects,1,1,Major Collector,5,2783,X003219054,Not Toll,73,1,1,Not Divided,1,2945494.69673903,1904339.66429469,41.8704882,-87.78414011,,Urban,1,N,(N/A),Y,(N/A)
2023,2023-11-13,Monday,14,02:58 PM,Property Damage,No Injuries,0,0,0,0,0,1,Parked Motor Vehicle,9,N,N,Failing to Reduce Speed to Avoid Crash,Unable to Determine,Daylight,Clear,Dry,N,,,,,No Controls,No Controls,N,2,41.8832565,-87.8035924,ok,(UNK),1,2307170,2023,,28,18,50000 and OVER,9,4295,Oak Park,C,Urban Local Road or Street,,16,13,12412759,11,Cook,0,23,,,1,N,No,Free Flow,202301368089,City,1,0,N,,,,(UNK),250601,(N/A),(UNK),No Defects,1,1,Local Road or Street,7,,X003223657,Not Toll,73,1,1,Not Divided,1,2940069.753292,1908843.31010235,41.88324866,-87.80358665,,Urban,1,N,(N/A),Y,(N/A)
2023,2023-09-07,Thursday,11,11:40 AM,Property Damage,No Injuries,0,0,0,0,0,2,Front to Rear,11,N,N,Following Too Closely,Driving Skills/Knowledge/Experience,Daylight,Cloudy/Overcast,Dry,N,,,,,No Controls,No Controls,N,2,41.8766904,-87.8046189,ok,(UNK),1,23-02752,2023,,3,15,50000 and OVER,9,4295,Oak Park,C,Urban Other Principal Arte,,16,7,12321251,9,Cook,0,23,,,4,N,No,Slow,202301282574,City,1,19.87999916,Y,,,,(UNK),251107,(N/A),(UNK),No Defects,1,1,Other Principal Arterial,3,348,X003143244,Not Toll,73,1,1,"Divided, No Median Barrier",2,2939856.12011376,1906442.79115923,41.87668252,-87.80461308,,Urban,8,N,(N/A),Y,(N/A)
2023,2023-09-08,Friday,8,08:33 AM,Property Damage,No Injuries,0,0,0,0,0,4,Angle,15,N,N,Failing to Yield Right of Way,Unable to Determine,Daylight,Rain,Wet,Y,,,,,Stop Sign,Functioning Properly,N,2,41.9074195,-87.7807489,ok,(UNK),1,2305630,2023,,2,18,50000 and OVER,9,4295,Oak Park,C,Urban Local Road or Street,,16,8,12325211,9,Cook,0,23,,,5,N,No,Slow,202301286717,City,1,0.12,N,,,,(UNK),251115,(N/A),(UNK),No Defects,1,2,Local Road or Street,7,3559,X003146993,Not Toll,73,2,4,Four Way,14,2946045.63985134,1917820.99077614,41.90741165,-87.78074308,,Urban,2,N,(N/A),Y,(N/A)
2023,2023-09-08,Friday,14,02:59 PM,Property Damage,No Injuries,0,0,0,0,0,1,Parked Motor Vehicle,9,N,N,Unable to Determine,(N/A),Daylight,Unknown,Unknown,N,,,,,No Controls,No Controls,Y,2,41.8796105,-87.8036415,ok,(UNK),1,2305639,2023,,18,99,50000 and OVER,9,4295,Oak Park,C,Urban Minor Arterial,,16,8,12325222,9,Cook,0,23,,,5,N,No,Free Flow,202301286728,City,1,3.11999989,N,,,,(UNK),251117,(N/A),(UNK),No Defects,1,9,Minor Arterial,4,1419,X003147001,Not Toll,73,1,1,Not Divided,1,2940093.01196603,1907514.25607941,41.87960261,-87.80363565,,Urban,9,N,(N/A),Y,(N/A)
2023,2023-02-05,Sunday,7,07:22 AM,Property Damage,No Injuries,0,0,0,0,0,2,Front to Rear,11,N,N,Following Too Closely,Failing to Reduce Speed to Avoid Crash,Daylight,Clear,Dry,Y,,,,,Traffic Signal,Functioning Properly,N,2,41.8736416,-87.8045253,ok,Partial Access Control,3,03-23-02138,2023,,3,28,50000 and OVER,9,4295,Oak Park,C,Urban InterState,,16,5,12066431,2,Cook,0,23,,,7,N,No,(UNK),202301041634,ISP,1,0.20999999,Y,,,,(UNK),251596,(N/A),(UNK),No Defects,1,1,InterState,1,290,X002916562,Not Toll,73,3,4,Divided With Median Barrier,3,2939912.19365934,1905332.45230391,41.87363371,-87.80451952,,Urban,1,N,(N/A),Y,(N/A)
2023,2023-01-01,Sunday,15,03:11 PM,Property Damage,No Injuries,0,0,0,0,0,1,Parked Motor Vehicle,9,N,N,Unable to Determine,(N/A),Darkness / Lighted Road,Clear,Dry,N,,,,,No Controls,No Controls,Y,2,41.8777865,-87.7745838,ok,(UNK),1,2300009,2023,,18,99,50000 and OVER,9,4295,Oak Park,C,Urban Minor Arterial,,16,1,12026544,1,Cook,0,23,,,7,N,No,(UNK),202301010771,City,5,7.84000015,N,,,,(UNK),251831,(N/A),(UNK),No Defects,1,1,Minor Arterial,4,2790,X002882808,Not Toll,,1,1,Alley,12,2948025.13877783,1907068.90336283,41.87777862,-87.77457802,,Urban,1,N,(N/A),Y,(N/A)