crash_year,crash_date,day_of_week,crash_hour,time_of_crash,crash_severity,crash_injury_severity,total_injured,total_fatals,a_injuries,b_injuries,c_injuries,no_injuries,type_of_first_crash,collision_type_code,pedestrian_involved,pedalcyclist_involved,cause1,cause2,lighting_cond,weather_cond,road_surface_cond,intersection_related,is_intersection,highway_or_street_name,at_intersection_with,address_no,traffic_control_device,traffic_control_device_cond,hit_and_run,number_of_vehicles,latitude,longitude,location_status,access_control,agency_code,agency_report_number,agency_report_year,alignment_code,cause1_code,cause2_code,city_class,city_class_code,city_code,city_name,city_township_flag,class_of_trafficway,class_of_trafficway_code,county_code,crash_day,crash_id,crash_month,crash_report_county,crash_severity_cd,crash_yr_source,damaged_property1,damaged_property2,day_of_week_code,did_crash_occur_in_work_zone,did_involve_secondary_crash,flow_condition,icn,investigating_agency_descrip,light_condition_code,mile_station,nhs,non_intersection_direction,non_intersection_distance,non_intersection_units,number_of_lanes,objectid,railroad_crossing_number,road_alignment,road_defects,road_defects_code,road_surface_condition_code,roadway_functional_class,roadway_functional_class_code,route_number,sfe,toll,township,traffic_control_device_code,traffic_control_device_cond_code,trafficway_descrip,trafficway_description_code,ts_crash_coordinate_x,ts_crash_coordinate_y,ts_crash_latitude,ts_crash_longitude,type_report,urban_rural,weather_code,were_workers_present,work_zone,work_zone_related,work_zone_type
2023,2023-01-03,Tuesday,18,06:15 PM,Property Damage,No Injuries,0,0,0,0,0,3,Front to Rear,11,N,N,Failing to Reduce Speed to Avoid Crash,Following Too Closely,Darkness / Lighted Road,Fog/Smoke/Haze,Wet,N,,,,,Other,Functioning Properly,N,3,41.8736048,-87.8025522,ok,Partial Access Control,3,03-23-00153,2023,,28,3,50000 and OVER,9,4295,Oak Park,C,Urban InterState,,16,3,12033049,1,Cook,0,23,,,2,N,No,(UNK),202301014409,ISP,5,7.78999996,Y,,,,(UNK),251921,(N/A),(UNK),No Defects,1,2,InterState,1,290,X002888250,Not Toll,73,13,4,"Divided, No Median Barrier",2,2940449.98145119,1905333.85573175,41.87359694,-87.80254637,,Urban,4,N,(N/A),Y,(N/A)
2023,2023-09-07,Thursday,18,06:20 PM,Injury,B Injury Crash,1,0,0,1,0,1,Pedalcyclist,2,N,Y,Failing to Yield Right of Way,Failing to Reduce Speed to Avoid Crash,Dusk,Cloudy/Overcast,Dry,Y,,,,,Traffic Signal,Functioning Properly,Y,1,41.8832478,-87.8048576,ok,(UNK),1,2305622,2023,,2,28,50000 and OVER,9,4295,Oak Park,C,Urban Other Principal Arte,,16,7,12325204,9,Cook,2,23,,,4,N,No,Free Flow,202301286709,City,3,19.43000031,Y,,,,(UNK),252385,(N/A),(UNK),No Defects,1,1,Other Principal Arterial,3,348,X003146986,Not Toll,73,3,4,Not Divided,1,2939725.31774393,1908830.65274363,41.88323997,-87.80485176,,Urban,8,N,(N/A),Y,(N/A)
2023,2023-09-08,Friday,17,05:21 PM,Property Damage,No Injuries,0,0,0,0,0,2,Turning,10,N,N,Failing to Yield Right of Way,Failing to Reduce Speed to Avoid Crash,Daylight,Clear,Dry,N,,,,,No Controls,No Controls,N,2,41.865457,-87.7839784,ok,(UNK),1,2305644,2023,,2,28,50000 and OVER,9,4295,Oak Park,C,Urban Major Collector,,16,8,12325223,9,Cook,0,23,,,5,N,No,Slow,202301286729,City,1,2.52999997,N,,,,(UNK),252552,(N/A),(UNK),No Defects,1,1,Major Collector,5,2783,X003147002,Not Toll,73,1,1,"Divided, No Median Barrier",2,2945591.30569935,1902504.61173616,41.86544915,-87.78397265,,Urban,1,N,(N/A),Y,(N/A)
2023,2023-09-09,Saturday,21,09:49 PM,Property Damage,No Injuries,0,0,0,0,0,7,Front to Rear,11,N,N,Following Too Closely,Driving Skills/Knowledge/Experience,Darkness / Lighted Road,Clear,Dry,N,,,,,No Controls,No Controls,N,3,41.8665923,-87.8042656,ok,(UNK),1,23-02780,2023,,3,15,50000 and OVER,9,4295,Oak Park,C,Urban Other Principal Arte,,16,9,12323941,9,Cook,0,23,,,6,N,Yes,Slow,202301285429,City,5,20.57999992,Y,,,,(UNK),252778,(N/A),(UNK),No Defects,1,1,Other Principal Arterial,3,348,X003145782,Not Toll,73,1,1,"Divided, No Median Barrier",2,2940053.6667499,1902765.50974143,41.86658441,-87.80425981,,Urban,1,N,(N/A),Y,(N/A)
2023,2023-12-13,Wednesday,18,06:45 PM,Property Damage,No Injuries,0,0,0,0,0,2,Sideswipe Same Direction,12,N,N,(N/A),(N/A),Darkness,Clear,Dry,N,,,,,No Controls,No Controls,N,2,41.9051504,-87.8056597,ok,(UNK),1,2301565,2023,,99,99,50000 and OVER,9,4295,Oak Park,C,Urban Other Principal Arte,,16,13,12451628,12,Cook,0,23,,,3,N,No,Free Flow,202301404844,City,4,17.89999962,Y,,,,(UNK),253233,(N/A),(UNK),No Defects,1,1,Other Principal Arterial,3,348,X003257947,Not Toll,73,1,1,"Divided, No Median Barrier",2,2939287.13294073,1916806.34538399,41.90514254,-87.80565385,,Urban,1,N,(N/A),Y,(N/A)
2023,2023-03-10,Friday,1,01:20 AM,Property Damage,No Injuries,0,0,0,0,0,1,Fixed Object,6,N,N,Failing to Reduce Speed to Avoid Crash,Weather,Darkness / Lighted Road,Snow,Snow or Slush,N,,,,,Other,Functioning Properly,N,1,41.8737758,-87.8045293,ok,Partial Access Control,3,03-23-04140,2023,,28,11,50000 and OVER,9,4295,Oak Park,C,Urban InterState,,16,10,12109554,3,Cook,0,23,,,5,N,No,(UNK),202301082132,ISP,5,7.69999981,Y,,,,(UNK),253374,(N/A),(UNK),No Defects,1,3,InterState,1,290,X002954419,Not Toll,73,13,4,Divided With Median Barrier,3,2939909.75709619,1905381.34541934,41.87376796,-87.80452352,,Urban,3,N,(N/A),Y,(N/A)
2023,2023-03-07,Tuesday,15,03:38 PM,Property Damage,No Injuries,0,0,0,0,0,3,Front to Rear,11,N,N,Failing to Reduce Speed to Avoid Crash,Unable to Determine,Daylight,Clear,Dry,Y,,,,,Traffic Signal,Functioning Properly,N,3,41.8907923,-87.8051175,ok,(UNK),1,2300281,2023,,28,18,50000 and OVER,9,4295,Oak Park,C,Urban Other Principal Arte,,16,7,12101668,3,Cook,0,23,,,2,N,No,Stopped,202301074921,City,1,18.89999962,Y,,,,(UNK),253497,(N/A),(UNK),No Defects,1,1,Other Principal Arterial,3,348,X002947456,Not Toll,73,3,4,Other,8,2939578.83954139,1911578.04129001,41.89078442,-87.80511166,,Urban,1,N,(N/A),Y,(N/A)
2023,2023-11-03,Friday,14,02:23 PM,Property Damage,No Injuries,0,0,0,0,0,2,Front to Rear,11,N,N,Failing to Reduce Speed to Avoid Crash,Following Too Closely,Daylight,Clear,Dry,N,,,,,Other,Functioning Properly,N,2,41.8732542,-87.7993029,ok,Partial Access Control,3,03-23-20925,2023,,28,3,50000 and OVER,9,4295,Oak Park,C,Urban InterState,,16,3,12404841,11,Cook,0,23,,,5,N,Yes,(UNK),202301361068,ISP,1,7.94000006,Y,,,,(UNK),253865,(N/A),(UNK),No Defects,1,1,InterState,1,290,X003216647,Not Toll,73,13,4,Divided With Median Barrier,3,2941338.5,1905230.5,41.87324635,-87.7992971,,Urban,1,N,(N/A),Y,(N/A)
2023,2023-11-10,Friday,10,10:10 AM,Property Damage,No Injuries,0,0,0,0,0,3,Turning,10,N,N,Improper Lane Usage,Unable to Determine,Daylight,Clear,Dry,Y,,,,,Traffic Signal,Functioning Properly,Y,2,41.8736416,-87.8045258,ok,Partial Access Control,1,2307110,2023,,20,18,50000 and OVER,9,4295,Oak Park,C,Urban InterState,,16,10,12411289,11,Cook,0,23,,,5,N,No,Slow,202301366736,City,1,0.20999999,Y,,,,(UNK),254111,(N/A),(UNK),No Defects,1,1,InterState,1,290,X003222296,Not Toll,73,3,4,Not Divided,1,2939912.062394,1905332.46992192,41.87363377,-87.80452,,Urban,1,N,(N/A),Y,(N/A)
2023,2023-03-03,Friday,4,04:32 AM,Property Damage,No Injuries,0,0,0,0,0,1,Fixed Object,6,N,N,Driving Skills/Knowledge/Experience,Unable to Determine,Darkness / Lighted Road,Clear,Dry,N,,,,,No Controls,No Controls,N,1,41.8882832,-87.7832321,ok,(UNK),1,2301245,2023,,15,18,50000 and OVER,9,4295,Oak Park,C,Urban Major Collector,,16,3,12096795,3,Cook,0,23,GAS STATION,,5,N,No,Slow,202301070164,City,5,0.92000002,N,,,,(UNK),255097,(N/A),(UNK),No Defects,1,1,Major Collector,5,1405,X002943193,Not Toll,73,1,1,Not Divided,1,2945563.47713235,1910828.55710339,41.88827538,-87.78322635,,Urban,1,N,(N/A),Y,(N/A)
2023,2023-12-19,Tuesday,9,09:29 AM,Property Damage,No Injuries,0,0,0,0,0,2,Sideswipe Same Direction,12,N,N,Failing to Yield Right of Way,Improper Lane Usage,Daylight,Clear,Dry,Y,,,,,Other,Functioning Properly,Y,2,41.8736416,-87.8045257,ok,Partial Access Control,3,03-23-23971,2023,,2,20,50000 and OVER,9,4295,Oak Park,C,Urban InterState,,16,19,12456919,12,Cook,0,23,,,2,N,No,(UNK),202301410464,ISP,1,0.20999999,Y,,,,(UNK),255681,(N/A),(UNK),No Defects,1,1,InterState,1,290,X003262753,Not Toll,73,13,4,Divided With Median Barrier,3,2939912.08998324,1905332.46621898,41.87363376,-87.8045199,,Urban,1,N,(N/A),Y,(N/A)
2023,2023-12-14,Thursday,12,12:35 PM,Property Damage,No Injuries,0,0,0,0,0,2,Sideswipe Same Direction,12,N,N,Improper Lane Usage,Driving Skills/Knowledge/Experience,Daylight,Clear,Dry,Y,,,,,Traffic Signal,Functioning Properly,N,2,41.8885678,-87.8050258,ok,(UNK),1,2301572,2023,,20,15,50000 and OVER,9,4295,Oak Park,C,Urban Other Principal Arte,,16,14,12451875,12,Cook,0,23,,,4,N,No,Free Flow,202301405055,City,1,19.05999947,Y,,,,(UNK),255700,(N/A),(UNK),No Defects,1,1,Other Principal Arterial,3,348,X003258150,Not Toll,73,3,4,Four Way,14,2939626.11874017,1910768.10734459,41.88856,-87.80502,,Urban,1,N,(N/A),Y,(N/A)
2023,2023-12-14,Thursday,18,06:28 PM,Property Damage,No Injuries,0,0,0,0,0,5,Sideswipe Same Direction,12,N,N,Failing to Yield Right of Way,Driving Skills/Knowledge/Experience,Darkness / Lighted Road,Clear,Dry,N,,,,,No Controls,No Controls,N,2,41.8910332,-87.8051248,ok,(UNK),1,23-03850,2023,,2,15,50000 and OVER,9,4295,Oak Park,C,Urban Other Principal Arte,,16,14,12457061,12,Cook,0,23,,,4,N,No,Free Flow,202301410606,City,5,18.87999916,Y,,,,(UNK),255729,(N/A),(UNK),No Defects,1,1,Other Principal Arterial,3,348,X003262879,Not Toll,73,1,1,Not Divided,1,2939574.41017632,1911665.78561861,41.89102535,-87.80511904,,Urban,1,N,(N/A),Y,(N/A)
2023,2023-01-01,Sunday,21,09:03 PM,Property Damage,No Injuries,0,0,0,0,0,3,Front to Rear,11,N,N,Failing to Reduce Speed to Avoid Crash,Unable to Determine,Darkness,Clear,Dry,Y,,,,,No Controls,No Controls,Y,2,41.8965178,-87.7751959,ok,(UNK),1,2300015,2023,,28,18,50000 and OVER,9,4295,Oak Park,C,Urban Minor Arterial,,16,1,12028317,1,Cook,0,23,,,7,N,No,Free Flow,202301011435,City,4,0,N,,,,(UNK),255947,(N/A),(UNK),No Defects,1,1,Minor Arterial,4,,X002884208,Not Toll,,1,1,Not Divided,1,2947668.10427991,1913890.33089942,41.89651,-87.77519008,,Urban,1,N,(N/A),Y,(N/A)
2023,2023-02-05,Sunday,7,07:00 AM,Injury,B Injury Crash,2,0,0,2,0,1,Sideswipe Same Direction,12,N,N,Improper Overtaking/Passing,(N/A),Daylight,Clear,Dry,N,,,,,No Controls,No Controls,Y,2,41.8728999,-87.7983459,ok,Partial Access Control,3,03-23-02139,2023,,4,99,50000 and OVER,9,4295,Oak Park,C,Urban InterState,,16,5,12066606,2,Cook,2,23,,,7,N,No,(UNK),202301041799,ISP,1,0,Y,,,,(UNK),256320,(N/A),(UNK),No Defects,1,1,InterState,1,,X002916735,Not Toll,,1,1,Divided With Median Barrier,3,2941602.71840223,1905108.59251247,41.87289208,-87.79834011,,Urban,1,N,(N/A),Y,(N/A)
2023,2023-02-08,Wednesday,7,07:40 AM,Property Damage,No Injuries,0,0,0,0,0,2,Front to Rear,11,N,N,Failing to Reduce Speed to Avoid Crash,Driving Skills/Knowledge/Experience,Daylight,Clear,Dry,N,,,,,Other,Functioning Properly,N,2,41.8722147,-87.7873803,ok,Partial Access Control,3,03-23-02288,2023,,28,15,50000 and OVER,9,4295,Oak Park,C,Urban InterState,,16,8,12071917,2,Cook,0,23,,,3,N,No,(UNK),202301046127,ISP,1,8.53999996,Y,,,,(UNK),256326,(N/A),(UNK),No Defects,1,1,InterState,1,290,X002921045,Not Toll,73,13,4,Divided With Median Barrier,3,2944596.33900216,1904941.5122866,41.87220682,-87.78737452,,Urban,1,N,(N/A),Y,(N/A)
2023,2023-09-09,Saturday,13,01:48 PM,Injury,C Injury Crash,1,0,0,0,1,4,Front to Rear,11,N,N,Equipment-Vehicle Condition,(N/A),Daylight,Clear,Dry,N,,,,,Traffic Signal,Functioning Properly,N,2,41.8985097,-87.7752686,ok,(UNK),1,2305659,2023,,10,99,50000 and OVER,9,4295,Oak Park,C,Urban Minor Arterial,,16,9,12325551,9,Cook,1,23,,,6,N,No,Slow,202301287088,City,1,6.3499999,N,,,,(UNK),256589,(N/A),(UNK),No Defects,1,1,Minor Arterial,4,2790,X003147301,Not Toll,,3,4,"Divided, No Median Barrier",2,2947628.0613928,1914615.63161455,41.8985018,-87.7752628,,Urban,1,N,(N/A),Y,(N/A)
2023,2023-09-09,Saturday,11,11:36 AM,Injury,C Injury Crash,1,0,0,0,1,1,Turning,10,N,N,Improper Turning/No Signal,Failing to Yield Right of Way,Daylight,Clear,Dry,N,,,,,No Controls,No Controls,N,2,41.8832478,-87.8048584,ok,(UNK),1,2305654,2023,,6,2,50000 and OVER,9,4295,Oak Park,C,Urban Other Principal Arte,,16,9,12325547,9,Cook,1,23,,,6,N,No,Free Flow,202301287082,City,1,19.43000031,Y,,,,(UNK),256805,(N/A),(UNK),No Defects,1,1,Other Principal Arterial,3,348,X003147297,Not Toll,73,1,1,"Divided, No Median Barrier",2,2939725.08695389,1908830.64113411,41.88323996,-87.80485261,,Urban,1,N,(N/A),Y,(N/A)
2023,2023-09-10,Sunday,18,06:54 PM,Property Damage,No Injuries,0,0,0,0,0,3,Sideswipe Same Direction,12,N,N,Failing to Reduce Speed to Avoid Crash,Unable to Determine,Dusk,Clear,Dry,N,,,,,No Controls,No Controls,Y,2,41.8881349,-87.7780575,ok,(UNK),1,2305677,2023,,28,18,50000 and OVER,9,4295,Oak Park,C,Urban Major Collector,,16,10,12325562,9,Cook,0,23,,,7,N,No,Free Flow,202301287105,City,3,1.19000006,N,,,,(UNK),256832,(N/A),(UNK),No Defects,1,1,Major Collector,5,1405,X003147312,Not Toll,73,1,1,Divided With Median Barrier,3,2946974.06644581,1910813.71652061,41.88812708,-87.77805169,,Urban,1,N,(N/A),Y,(N/A)
2023,2023-01-03,Tuesday,19,07:43 PM,Injury,C Injury Crash,1,0,0,0,1,1,Sideswipe Same Direction,12,N,N,Weather,Failing to Reduce Speed to Avoid Crash,Darkness / Lighted Road,Fog/Smoke/Haze,Wet,Y,,,,,No Controls,No Controls,N,2,41.907438,-87.7755458,ok,(UNK),1,2300061,2023,,11,28,50000 and OVER,9,4295,Oak Park,C,Urban Minor Arterial,,16,3,12028413,1,Cook,1,23,,,2,N,No,Free Flow,202301011491,City,5,5.67999983,N,,,,(UNK),257172,(N/A),(UNK),No Defects,1,2,Minor Arterial,4,2790,X002884300,Not Toll,,1,1,Not Divided,1,2947461.85005071,1917867.18754687,41.90743013,-87.77554001,,Urban,4,N,(N/A),Y,(N/A)
2023,2023-02-05,Sunday,16,04:39 PM,Property Damage,No Injuries,0,0,0,0,0,2,Angle,15,N,N,Failing to Reduce Speed to Avoid Crash,(N/A),Dusk,Clear,Dry,N,,,,,Stop Sign,Functioning Properly,N,2,41.8882578,-87.7824061,ok,(UNK),1,2300716,2023,,28,99,50000 and OVER,9,4295,Oak Park,C,Urban Major Collector,,16,5,12070156,2,Cook,0,23,,,7,N,No,Stopped,202301044859,City,3,0.95999998,N,,,,(UNK),257552,(N/A),(UNK),No Defects,1,1,Major Collector,5,1405,X002919786,Not Toll,73,2,4,Not Divided,1,2945788.6660029,1910825.54220735,41.88824995,-87.78240032,,Urban,1,N,(N/A),Y,(N/A)
2023,2023-02-03,Friday,7,07:55 AM,Property Damage,No Injuries,0,0,0,0,0,3,Front to Rear,11,N,N,Failing to Reduce Speed to Avoid Crash,Unable to Determine,Daylight,Clear,Dry,Y,,,,,No Controls,No Controls,Y,2,41.9090576,-87.7926443,ok,(UNK),1,2300658,2023,,28,18,50000 and OVER,9,4295,Oak Park,C,Urban Other Principal Arte,,16,3,12070104,2,Cook,0,23,,,5,N,No,Free Flow,202301044809,City,1,6.5999999,Y,,,,(UNK),257626,(N/A),(UNK),No Defects,1,1,Other Principal Arterial,3,307,X002919742,Not Toll,73,1,1,Unknown Intersection Type,22,2942790.90757809,1918328.04297341,41.90904972,-87.79263849,,Urban,1,N,(N/A),Y,(N/A)
2023,2023-02-04,Saturday,15,03:11 PM,Property Damage,No Injuries,0,0,0,0,0,2,Turning,10,N,N,Failing to Yield Right of Way,Failing to Reduce Speed to Avoid Crash,Daylight,Clear,Dry,N,,,,,No Controls,No Controls,N,2,41.9085131,-87.8057677,ok,(UNK),1,2300697,2023,,2,28,50000 and OVER,9,4295,Oak Park,C,Urban Other Principal Arte,,16,4,12070131,2,Cook,0,23,,,6,N,No,Free Flow,202301044834,City,1,17.68000031,Y,,,,(UNK),257627,(N/A),(UNK),No Defects,1,1,Other Principal Arterial,3,348,X002919761,Not Toll,73,1,1,"Divided, No Median Barrier",2,2939223.96358831,1918030.99023244,41.9085053,-87.80576194,,Urban,1,N,(N/A),Y,(N/A)
2023,2023-02-05,Sunday,12,12:42 PM,Property Damage,No Injuries,0,0,0,0,0,3,Turning,10,N,N,Improper Turning/No Signal,Improper Lane Usage,Daylight,Clear,Dry,Y,,,,,No Controls,No Controls,N,2,41.90893,-87.7995962,ok,(UNK),1,2300711,2023,,6,20,50000 and OVER,9,4295,Oak Park,C,Urban Other Principal Arte,,16,5,12070138,2,Cook,0,23,,,7,N,No,Free Flow,202301044841,City,1,6.23999977,Y,,,,(UNK),257628,(N/A),(UNK),No Defects,1,1,Other Principal Arterial,3,307,X002919768,Not Toll,73,1,1,T-Intersection,15,2940899.77291754,1918229.21666691,41.90892213,-87.7995904,,Urban,1,N,(N/A),Y,(N/A)
2023,2023-02-10,Friday,17,05:36 PM,Property Damage,No Injuries,0,0,0,0,0,3,Turning,10,N,N,Failing to Yield Right of Way,Driving Skills/Knowledge/Experience,Darkness / Lighted Road,Clear,Dry,N,,,,,Stop Sign,Functioning Properly,N,3,41.8799496,-87.8047395,ok,(UNK),1,23-00378,2023,,2,15,50000 and OVER,9,4295,Oak Park,C,Urban Other Principal Arte,,16,10,12073381,2,Cook,0,23,,,5,N,Yes,Free Flow,202301047603,City,5,19.65999985,Y,,,,(UNK),257664,(N/A),(UNK),No Defects,1,1,Other Principal Arterial,3,348,X002922407,Not Toll,73,2,4,"Divided, No Median Barrier",2,2939790.5615928,1907629.61447421,41.87994177,-87.80473371,,Urban,1,N,(N/A),Y,(N/A)
2023,2023-02-03,Friday,8,08:50 AM,Property Damage,No Injuries,0,0,0,0,0,1,Parked Motor Vehicle,9,N,N,Improper Backing,(N/A),Daylight,Unknown,Dry,N,,,,,No Controls,No Controls,Y,2,41.8725052,-87.7854409,ok,(UNK),1,2300729,2023,,30,99,50000 and OVER,9,4295,Oak Park,C,Rural (UNK),,16,3,12070161,2,Cook,0,23,,,5,N,No,Free Flow,202301045942,City,1,0,N,,,,(UNK),258029,(N/A),(UNK),No Defects,1,1,(UNK),0,,X002919791,No Toll,73,1,1,Not Divided,1,2945121.64523699,1905062.04984816,41.87249737,-87.7854351,,Rural,9,N,(N/A),Y,(N/A)
2023,2023-02-26,Sunday,16,04:00 PM,Property Damage,No Injuries,0,0,0,0,0,2,Sideswipe Same Direction,12,N,N,Improper Lane Usage,Failing to Reduce Speed to Avoid Crash,Daylight,Clear,Dry,N,,,,,No Controls,Functioning Properly,N,2,41.8730983,-87.8004295,ok,Partial Access Control,3,03-23-03475,2023,,20,28,50000 and OVER,9,4295,Oak Park,C,Urban InterState,,16,26,12096982,2,Cook,0,23,,,7,N,No,(UNK),202301070376,ISP,1,7.88999987,Y,,,,(UNK),258135,(N/A),(UNK),No Defects,1,1,InterState,1,290,X002943372,Not Toll,,1,4,Divided With Median Barrier,3,2941033.22987125,1905165.22499265,41.87309046,-87.80042366,,Urban,1,N,(N/A),Y,(N/A)
2023,2023-09-12,Tuesday,8,08:10 AM,Property Damage,No Injuries,0,0,0,0,0,5,Front to Rear,11,N,N,Following Too Closely,Failing to Reduce Speed to Avoid Crash,Daylight,Clear,Dry,N,,,,,Other,Functioning Properly,Y,5,41.8712677,-87.7749757,ok,Partial Access Control,3,03-23-16943,2023,,3,28,50000 and OVER,9,4295,Oak Park,C,Urban InterState,,16,12,12331789,9,Cook,0,23,,,2,N,No,(UNK),202301292586,ISP,1,9.17000008,Y,,,,(UNK),258379,(N/A),(UNK),No Defects,1,1,InterState,1,290,X003151966,Not Toll,73,13,4,Divided With Median Barrier,3,2947984.62566845,1904690.38235294,41.87125989,-87.77496995,,Urban,1,N,(N/A),Y,(N/A)
2023,2023-09-09,Saturday,14,02:30 PM,Property Damage,No Injuries,0,0,0,0,0,3,Parked Motor Vehicle,9,N,N,Failing to Reduce Speed to Avoid Crash,(N/A),Daylight,Clear,Unknown,N,,,,,No Controls,No Controls,N,2,41.8798564,-87.7860203,ok,(UNK),1,2305663,2023,,28,99,50000 and OVER,9,4295,Oak Park,C,Urban Minor Arterial,,16,9,12325559,9,Cook,0,23,,,6,N,No,Free Flow,202301287102,City,1,4.03000021,N,,,,(UNK),258506,(N/A),(UNK),No Defects,1,9,Minor Arterial,4,1419,X003147309,Not Toll,73,1,1,Alley,12,2944889.49712508,1907736.58150845,41.87984857,-87.78601446,,Urban,1,N,(N/A),Y,(N/A)
2023,2023-09-11,Monday,13,01:40 PM,Property Damage,No Injuries,0,0,0,0,0,1,Parked Motor Vehicle,9,N,N,Unable to Determine,Unable to Determine,Daylight,Rain,Wet,N,,,,,No Controls,No Controls,Y,2,41.9033598,-87.8054606,ok,(UNK),1,2305693,2023,,18,18,50000 and OVER,9,4295,Oak Park,C,Urban Local Road or Street,,16,11,12328670,9,Cook,0,23,,,1,N,No,Free Flow,202301289910,City,1,0,N,,,,(UNK),258702,(N/A),(UNK),No Defects,1,2,Local Road or Street,7,,X003149607,Not Toll,73,1,1,Not Divided,1,2939359.29572343,1916155.33158183,41.903352,-87.80545479,,Urban,2,N,(N/A),Y,(N/A)
2023,2023-11-04,Saturday,11,11:50 AM,Property Damage,No Injuries,0,0,0,0,0,3,Front to Rear,11,N,N,Following Too Closely,Failing to Reduce Speed to Avoid Crash,Daylight,Clear,Dry,N,,,,,Other,Functioning Properly,Y,3,41.8713057,-87.7755705,ok,Partial Access Control,3,03-23-20987,2023,,3,28,50000 and OVER,9,4295,Oak Park,C,Urban InterState,,16,4,12411558,11,Cook,0,23,,,6,N,No,(UNK),202301366970,ISP,1,9.14000034,Y,,,,(UNK),258817,(N/A),(UNK),No Defects,1,1,InterState,1,290,X003222525,Not Toll,73,13,4,Divided With Median Barrier,3,2947822.25463458,1904699.7131016,41.87129789,-87.77556466,,Urban,1,N,(N/A),Y,(N/A)
2023,2023-09-11,Monday,9,09:09 AM,Property Damage,No Injuries,0,0,0,0,0,2,Turning,10,N,N,Failing to Yield Right of Way,(N/A),Daylight,Rain,Wet,N,,,,,No Controls,No Controls,Y,2,41.8946746,-87.7779922,ok,(UNK),1,2305689,2023,,2,99,50000 and OVER,9,4295,Oak Park,C,Urban Minor Arterial,,16,11,12328659,9,Cook,0,23,,,1,N,No,Slow,202301289892,City,1,3.98000002,N,,,,(UNK),259198,(N/A),(UNK),No Defects,1,2,Minor Arterial,4,1398,X003149597,Not Toll,73,1,1,Not Divided,1,2946925.45491793,1913197.38778354,41.89466673,-87.77798643,,Urban,2,N,(N/A),Y,(N/A)
2023,2023-08-12,Saturday,16,04:44 PM,Property Damage,No Injuries,0,0,0,0,0,1,Fixed Object,6,N,N,Improper Backing,(N/A),Daylight,Clear,Dry,N,,,,,No Controls,No Controls,N,1,41.8879001,-87.8032549,ok,(UNK),1,2305400,2023,,30,99,50000 and OVER,9,4295,Oak Park,C,Urban Local Road or Street,,16,12,12328632,8,Cook,0,23,FENCE & RAISED CONCRETE PLANTR,,6,N,No,Free Flow,202301289858,City,1,0,N,,,,(UNK),259217,(N/A),(UNK),No Defects,1,1,Local Road or Street,7,,X003149569,Not Toll,73,1,1,Other,8,2940115.05950202,1910538.04126878,41.88789222,-87.80324905,,Urban,1,N,(N/A),Y,(N/A)
2023,2023-09-14,Thursday,0,00:28 AM,Injury,B Injury Crash,2,0,0,2,0,0,Front to Rear,11,N,N,Failing to Reduce Speed to Avoid Crash,Physical Condition of Driver,Darkness / Lighted Road,Clear,Dry,N,,,,,Delineators,Functioning Properly,N,2,41.8715399,-87.7793876,ok,Partial Access Control,3,03-23-17080,2023,,28,17,50000 and OVER,9,4295,Oak Park,C,Urban InterState,,16,14,12331760,9,Cook,2,23,,,4,N,No,(UNK),202301292553,ISP,5,8.94999981,Y,,,,(UNK),259464,(N/A),(UNK),No Defects,1,1,InterState,1,290,X003151941,Not Toll,73,14,4,Divided With Median Barrier,3,2946780.17694848,1904756.08599736,41.87153204,-87.77938181,,Urban,1,N,(N/A),Y,(N/A)
2023,2023-12-14,Thursday,10,10:01 AM,Property Damage,No Injuries,0,0,0,0,0,2,Sideswipe Same Direction,12,N,N,Improper Lane Usage,Disregarding Road Markings,Daylight,Clear,Dry,Y,,,,,Traffic Signal,Functioning Properly,Y,2,41.8942278,-87.8052258,ok,(UNK),1,2301570,2023,,20,26,50000 and OVER,9,4295,Oak Park,C,Urban Other Principal Arte,,16,14,12453787,12,Cook,0,23,,,4,N,No,Free Flow,202301406994,City,1,18.67000008,Y,,,,(UNK),259601,(N/A),(UNK),No Defects,1,1,Other Principal Arterial,3,348,X003259827,Not Toll,73,3,4,Four Way,14,2939514.86758942,1912829.21753851,41.89422,-87.80521998,,Urban,1,N,(N/A),Y,(N/A)
2023,2023-01-09,Monday,7,07:20 AM,Property Damage,No Injuries,0,0,0,0,0,2,Sideswipe Same Direction,12,N,N,Failing to Reduce Speed to Avoid Crash,Improper Lane Usage,Daylight,Clear,Dry,N,,,,,Other,Functioning Properly,N,2,41.8737956,-87.8045298,ok,Partial Access Control,3,03-23-00438,2023,,28,20,50000 and OVER,9,4295,Oak Park,C,Urban InterState,,16,9,12035292,1,Cook,0,23,,,1,N,No,(UNK),202301015661,ISP,1,20.07999992,Y,,,,(UNK),259758,(N/A),(UNK),No Defects,1,1,InterState,1,348,X002889834,Not Toll,73,13,4,Divided With Median Barrier,3,2939909.41756377,1905388.54328295,41.87378773,-87.80452404,,Urban,1,N,(N/A),Y,(N/A)