crash_year,crash_date,day_of_week,crash_hour,time_of_crash,crash_severity,crash_injury_severity,total_injured,total_fatals,a_injuries,b_injuries,c_injuries,no_injuries,type_of_first_crash,collision_type_code,pedestrian_involved,pedalcyclist_involved,cause1,cause2,lighting_cond,weather_cond,road_surface_cond,intersection_related,is_intersection,highway_or_street_name,at_intersection_with,address_no,traffic_control_device,traffic_control_device_cond,hit_and_run,number_of_vehicles,latitude,longitude,location_status,access_control,agency_code,agency_report_number,agency_report_year,alignment_code,cause1_code,cause2_code,city_class,city_class_code,city_code,city_name,city_township_flag,class_of_trafficway,class_of_trafficway_code,county_code,crash_day,crash_id,crash_month,crash_report_county,crash_severity_cd,crash_yr_source,damaged_property1,damaged_property2,day_of_week_code,did_crash_occur_in_work_zone,did_involve_secondary_crash,flow_condition,icn,investigating_agency_descrip,light_condition_code,mile_station,nhs,non_intersection_direction,non_intersection_distance,non_intersection_units,number_of_lanes,objectid,railroad_crossing_number,road_alignment,road_defects,road_defects_code,road_surface_condition_code,roadway_functional_class,roadway_functional_class_code,route_number,sfe,toll,township,traffic_control_device_code,traffic_control_device_cond_code,trafficway_descrip,trafficway_description_code,ts_crash_coordinate_x,ts_crash_coordinate_y,ts_crash_latitude,ts_crash_longitude,type_report,urban_rural,weather_code,were_workers_present,work_zone,work_zone_related,work_zone_type
2023,2023-01-02,Monday,14,02:08 PM,Property Damage,No Injuries,0,0,0,0,0,1,Parked Motor Vehicle,9,N,N,Failing to Reduce Speed to Avoid Crash,(N/A),Daylight,Clear,Dry,N,,,,,No Controls,No Controls,Y,2,41.8881961,-87.7765414,ok,(UNK),1,2300028,2023,,28,99,50000 and OVER,9,4295,Oak Park,C,Urban Local Road or Street,,16,2,12028349,1,Cook,0,23,,,1,N,No,Free Flow,202301011450,City,1,0,N,,,,(UNK),259931,(N/A),(UNK),No Defects,1,1,Local Road or Street,7,,X002884240,Not Toll,73,1,1,Not Divided,1,2947386.27847992,1910847.52669254,41.8881883,-87.77653562,,Urban,1,N,(N/A),Y,(N/A)
2023,2023-01-02,Monday,16,04:50 PM,Property Damage,No Injuries,0,0,0,0,0,1,Parked Motor Vehicle,9,N,N,Unable to Determine,(N/A),Darkness / Lighted Road,Clear,Dry,N,,,,,No Controls,No Controls,Y,2,41.881343,-87.7910447,ok,(UNK),1,2300031,2023,,18,99,50000 and OVER,9,4295,Oak Park,C,Urban Local Road or Street,,16,2,12028369,1,Cook,0,23,,,1,N,No,Free Flow,202301011461,City,5,0,N,,,,(UNK),260149,(N/A),(UNK),No Defects,1,1,Local Road or Street,7,,X002884259,Not Toll,73,1,1,Not Divided,1,2943506.14900104,1908240.3805064,41.88133514,-87.79103886,,Urban,1,N,(N/A),Y,(N/A)
2023,2023-03-11,Saturday,2,02:27 AM,Injury,C Injury Crash,1,0,0,0,1,0,Fixed Object,6,N,N,Failing to Reduce Speed to Avoid Crash,(N/A),Darkness / Lighted Road,Clear,Wet,Y,,,,,No Controls,No Controls,N,1,41.9052424,-87.8025817,ok,(UNK),1,2301385,2023,,28,99,50000 and OVER,9,4295,Oak Park,C,Urban Local Road or Street,,16,11,12106867,3,Cook,1,23,,,6,N,Yes,Free Flow,202301079796,City,5,0,N,,,,(UNK),260447,(N/A),(UNK),No Defects,1,2,Local Road or Street,7,,X002952201,Not Toll,73,1,1,Not Divided,1,2940124.12926076,1916862.95511055,41.90523452,-87.80257589,,Urban,1,N,(N/A),Y,(N/A)
2023,2023-11-14,Tuesday,17,05:11 PM,Property Damage,No Injuries,0,0,0,0,0,1,Parked Motor Vehicle,9,N,N,Failing to Reduce Speed to Avoid Crash,(N/A),Darkness / Lighted Road,Clear,Dry,N,,,,,No Controls,No Controls,N,2,41.8870071,-87.7831653,ok,(UNK),1,2307187,2023,,28,99,50000 and OVER,9,4295,Oak Park,C,Urban Local Road or Street,,16,14,12414540,11,Cook,0,23,,,2,N,No,Free Flow,202301370185,City,5,0,N,,,,(UNK),260662,(N/A),(UNK),No Defects,1,1,Local Road or Street,7,,X003225289,Not Toll,73,1,1,"Divided, No Median Barrier",2,2945594.60375303,1910364.00176379,41.88699921,-87.78315951,,Urban,1,N,(N/A),Y,(N/A)
2023,2023-11-10,Friday,0,00:02 AM,Property Damage,No Injuries,0,0,0,0,0,2,Front to Rear,11,N,N,Following Too Closely,Failing to Reduce Speed to Avoid Crash,Darkness / Lighted Road,Clear,Dry,N,,,,,Other,Functioning Properly,Y,2,41.8737586,-87.8043457,ok,Partial Access Control,3,03-23-21342,2023,,3,28,50000 and OVER,9,4295,Oak Park,C,Urban InterState,,16,10,12406878,11,Cook,0,23,,,5,N,No,(UNK),202301362685,ISP,5,7.71000004,Y,,,,(UNK),261036,(N/A),(UNK),No Defects,1,1,InterState,1,290,X003218249,Not Toll,73,13,4,Divided With Median Barrier,3,2939959.93048128,1905376.46791444,41.8737508,-87.80433994,,Urban,1,N,(N/A),Y,(N/A)
2023,2023-09-11,Monday,12,12:40 PM,Property Damage,No Injuries,0,0,0,0,0,1,Parked Motor Vehicle,9,N,N,Weather,Improper Turning/No Signal,Daylight,Rain,Wet,N,,,,,Traffic Signal,Functioning Properly,N,2,41.8942278,-87.8051267,ok,(UNK),1,2305691,2023,,11,6,50000 and OVER,9,4295,Oak Park,C,Urban Minor Arterial,,16,11,12328668,9,Cook,0,23,,,1,N,No,Free Flow,202301289908,City,1,2.55999994,N,,,,(UNK),261211,(N/A),(UNK),No Defects,1,2,Minor Arterial,4,1398,X003149605,Not Toll,73,3,4,Not Divided,1,2939541.83910453,1912829.96045543,41.89422,-87.80512092,,Urban,2,N,(N/A),Y,(N/A)
2023,2023-09-11,Monday,14,02:07 PM,Injury,B Injury Crash,1,0,0,1,0,2,Pedestrian,1,Y,N,Unable to Determine,Unable to Determine,Daylight,Rain,Wet,Y,,,,,No Controls,No Controls,N,1,41.881757,-87.7828987,ok,(UNK),1,2305694,2023,,18,18,50000 and OVER,9,4295,Oak Park,C,Urban Major Collector,,16,11,12328695,9,Cook,2,23,,,1,N,No,Slow,202301289950,City,1,1.12,N,,,,(UNK),261310,(N/A),(UNK),No Defects,1,2,Major Collector,5,5,X003149631,Not Toll,73,1,1,"Divided, No Median Barrier",2,2945720.38026743,1908452.81809141,41.8817492,-87.78289288,,Urban,2,N,(N/A),Y,(N/A)
2023,2023-09-11,Monday,16,04:27 PM,Injury,C Injury Crash,2,0,0,0,2,2,Front to Rear,11,N,N,Failing to Reduce Speed to Avoid Crash,Unable to Determine,Daylight,Rain,Wet,N,,,,,No Controls,No Controls,N,3,41.8800038,-87.7761624,ok,(UNK),1,2305701,2023,,28,18,50000 and OVER,9,4295,Oak Park,C,Urban Minor Arterial,,16,11,12328749,9,Cook,1,23,,,1,N,Yes,Slow,202301290121,City,1,4.55000019,N,,,,(UNK),261317,(N/A),(UNK),No Defects,1,2,Minor Arterial,4,1419,X003149679,Not Toll,73,1,1,Divided With Median Barrier,3,2947572.70445558,1907864.95973595,41.87999596,-87.77615656,,Urban,2,N,(N/A),Y,(N/A)
2023,2023-09-11,Monday,11,11:43 AM,Property Damage,No Injuries,0,0,0,0,0,4,Front to Rear,11,N,N,Failing to Reduce Speed to Avoid Crash,Weather,Daylight,Rain,Wet,N,,,,,Traffic Signal,Functioning Properly,N,2,41.873489,-87.8032791,ok,Partial Access Control,3,03-23-16881,2023,,28,11,50000 and OVER,9,4295,Oak Park,C,Urban InterState,,16,11,12328693,9,Cook,0,23,,,1,N,No,(UNK),202301289947,ISP,1,0.04,Y,,,,(UNK),261814,(N/A),(UNK),No Defects,1,2,InterState,1,290,X003149629,Not Toll,,3,4,Ramp,11,2940253.16464348,1905286.20821884,41.87348901,-87.80327906,,Urban,2,N,(N/A),Y,(N/A)
2023,2023-09-14,Thursday,13,01:53 PM,Property Damage,No Injuries,0,0,0,0,0,2,Sideswipe Same Direction,12,N,N,Failing to Yield Right of Way,Driving Skills/Knowledge/Experience,Daylight,Clear,Dry,N,,,,,No Controls,No Controls,N,2,41.8844507,-87.8040049,ok,(UNK),1,2305773,2023,,2,15,50000 and OVER,9,4295,Oak Park,C,Urban Local Road or Street,,16,14,12331883,9,Cook,0,23,,,4,N,No,Free Flow,202301292680,City,1,0,N,,,,(UNK),261910,(N/A),(UNK),No Defects,1,1,Local Road or Street,7,,X003152058,Not Toll,73,1,1,Not Divided,1,2939945.45163097,1909275.41207376,41.88444288,-87.80399907,,Urban,1,N,(N/A),Y,(N/A)
2023,2023-09-11,Monday,15,03:19 PM,Property Damage,No Injuries,0,0,0,0,0,4,Front to Front,14,N,N,Disregarding Stop Sign,Driving Skills/Knowledge/Experience,Daylight,Rain,Wet,Y,,,,,Stop Sign,Functioning Properly,N,3,41.8704091,-87.7742824,ok,(UNK),1,2305697,2023,,23,15,50000 and OVER,9,4295,Oak Park,C,Urban Minor Arterial,,16,11,12328729,9,Cook,0,23,,,1,N,Yes,Free Flow,202301289997,City,1,8.40999985,N,,,,(UNK),261948,(N/A),(UNK),No Defects,1,2,Minor Arterial,4,2790,X003149661,Not Toll,,2,4,Four Way,14,2948182.19671394,1904382.75220539,41.87040128,-87.77427663,,Urban,2,N,(N/A),Y,(N/A)
2023,2023-02-24,Friday,21,09:30 PM,Property Damage,No Injuries,0,0,0,0,0,2,Sideswipe Opposite Direction,13,N,N,Driving Skills/Knowledge/Experience,(N/A),Darkness / Lighted Road,Snow,Snow or Slush,N,,,,,No Controls,No Controls,Y,2,41.9063411,-87.8057022,ok,(UNK),1,2301124,2023,,15,99,50000 and OVER,9,4295,Oak Park,C,Urban Other Principal Arte,,16,24,12091880,2,Cook,0,23,,,5,N,No,Slow,202301064420,City,5,17.82999992,Y,,,,(UNK),262198,(N/A),(UNK),No Defects,1,3,Other Principal Arterial,3,348,X002938772,Not Toll,73,1,1,Not Divided,1,2939263.60898397,1917239.9469457,41.90633325,-87.80569637,,Urban,3,N,(N/A),Y,(N/A)
2023,2023-02-24,Friday,21,09:30 PM,Property Damage,No Injuries,0,0,0,0,0,2,Sideswipe Same Direction,12,N,N,Improper Overtaking/Passing,Improper Lane Usage,Darkness / Lighted Road,Clear,Dry,N,,,,,Other Regualtory Sig,Functioning Properly,Y,2,41.8713564,-87.7764047,ok,Partial Access Control,3,03-23-03552,2023,,4,20,50000 and OVER,9,4295,Oak Park,C,Urban InterState,,16,24,12097138,2,Cook,0,23,,,5,N,Yes,(UNK),202301070527,ISP,5,9.10000038,Y,,,,(UNK),262304,(N/A),(UNK),No Defects,1,1,InterState,1,290,X002943524,Not Toll,73,10,4,Divided With Median Barrier,3,2947594.51879949,1904711.86296001,41.87134861,-87.77639887,,Urban,1,N,(N/A),Y,(N/A)
2023,2023-01-03,Tuesday,17,05:45 PM,Property Damage,No Injuries,0,0,0,0,0,3,Front to Rear,11,N,N,Following Too Closely,Failing to Reduce Speed to Avoid Crash,Darkness / Lighted Road,Clear,Wet,Y,,,,,No Controls,No Controls,N,2,41.8817778,-87.7812417,ok,(UNK),1,2300058,2023,,3,28,50000 and OVER,9,4295,Oak Park,C,Urban Major Collector,,16,3,12028412,1,Cook,0,23,,,2,N,No,Stopped,202301011490,City,5,1.21000004,N,,,,(UNK),262537,(N/A),(UNK),No Defects,1,2,Major Collector,5,5,X002884299,Not Toll,73,1,1,Not Divided,1,2946171.41098354,1908472.91870216,41.88176994,-87.78123593,,Urban,1,N,(N/A),Y,(N/A)
2023,2023-01-10,Tuesday,7,07:10 AM,Property Damage,No Injuries,0,0,0,0,0,2,Front to Rear,11,N,N,Failing to Reduce Speed to Avoid Crash,Following Too Closely,Daylight,Clear,Dry,N,,,,,Other,Functioning Properly,N,2,41.8734667,-87.8040965,ok,Partial Access Control,3,03-23-00495,2023,,28,3,50000 and OVER,9,4295,Oak Park,C,Urban InterState,,16,10,12035396,1,Cook,0,23,,,2,N,No,(UNK),202301015751,ISP,1,7.71999979,Y,,,,(UNK),262647,(N/A),(UNK),No Defects,1,1,InterState,1,290,X002889932,Not Toll,73,13,4,Divided With Median Barrier,3,2940030.75111988,1905271.95147696,41.87345887,-87.80409068,,Urban,1,N,(N/A),Y,(N/A)
2023,2023-01-07,Saturday,8,08:52 AM,Property Damage,No Injuries,0,0,0,0,0,1,Parked Motor Vehicle,9,N,N,Failing to Reduce Speed to Avoid Crash,Unable to Determine,Darkness / Lighted Road,Clear,Dry,N,,,,,No Controls,No Controls,Y,2,41.8688644,-87.7914903,ok,(UNK),1,2300111,2023,,28,18,50000 and OVER,9,4295,Oak Park,C,Urban Local Road or Street,,16,7,12033439,1,Cook,0,23,,,6,N,No,Free Flow,202301014680,City,5,0,N,,,,(UNK),262912,(N/A),(UNK),No Defects,1,1,Local Road or Street,7,,X002888613,Not Toll,73,1,1,"Divided, No Median Barrier",2,2943510.67994528,1903689.60545703,41.86885658,-87.79148454,,Urban,1,N,(N/A),Y,(N/A)
2023,2023-12-13,Wednesday,13,01:12 PM,Property Damage,No Injuries,0,0,0,0,0,2,Sideswipe Same Direction,12,N,N,Failing to Reduce Speed to Avoid Crash,Unable to Determine,Daylight,Clear,Dry,N,,,,,No Controls,No Controls,N,2,41.9092379,-87.7775679,ok,(UNK),1,2307851,2023,,28,18,50000 and OVER,9,4295,Oak Park,C,Urban Other Principal Arte,,16,13,12451621,12,Cook,0,23,,,3,N,No,Free Flow,202301404838,City,1,7.36999989,Y,,,,(UNK),263080,(N/A),(UNK),No Defects,1,1,Other Principal Arterial,3,307,X003257940,Not Toll,73,1,1,Not Divided,1,2946893.10571756,1918507.75087259,41.90923,-87.77756212,,Urban,1,N,(N/A),Y,(N/A)
2023,2023-12-12,Tuesday,12,12:51 PM,Property Damage,No Injuries,0,0,0,0,0,2,Front to Rear,11,N,N,Failing to Reduce Speed to Avoid Crash,Unable to Determine,Daylight,Clear,Dry,N,,,,,No Controls,No Controls,N,2,41.8943125,-87.8001751,ok,(UNK),1,2307819,2023,,28,18,50000 and OVER,9,4295,Oak Park,C,Urban Minor Arterial,,16,12,12451623,12,Cook,0,23,,,2,N,No,Slow,202301404840,City,1,2.80999994,N,,,,(UNK),263081,(N/A),(UNK),No Defects,1,1,Minor Arterial,4,1398,X003257942,Not Toll,73,1,1,Not Divided,1,2940889.20710359,1912897.98971754,41.89430469,-87.80016931,,Urban,1,N,(N/A),Y,(N/A)
2023,2023-12-11,Monday,18,06:30 PM,Property Damage,No Injuries,0,0,0,0,0,2,Front to Rear,11,N,N,Following Too Closely,Failing to Reduce Speed to Avoid Crash,Darkness / Lighted Road,Clear,Dry,N,,,,,Delineators,Functioning Properly,N,2,41.8732829,-87.7996286,ok,Partial Access Control,3,03-23-23427,2023,,3,28,50000 and OVER,9,4295,Oak Park,C,Urban InterState,,16,11,12453899,12,Cook,0,23,,,1,N,No,(UNK),202301407120,ISP,5,7.92000008,Y,,,,(UNK),263250,(N/A),(UNK),No Defects,1,1,InterState,1,290,X003259934,Not Toll,73,14,4,Divided With Median Barrier,3,2941249.5,1905238.5,41.87327502,-87.79962281,,Urban,1,N,(N/A),Y,(N/A)
2023,2023-12-09,Saturday,21,09:00 PM,Property Damage,No Injuries,0,0,0,0,0,2,Sideswipe Same Direction,12,N,N,Improper Lane Usage,Failing to Yield Right of Way,Darkness,Clear,Dry,N,,,,,No Controls,No Controls,Y,2,41.8732743,-87.7996142,ok,Partial Access Control,3,03-23-23465,2023,,20,2,50000 and OVER,9,4295,Oak Park,C,Urban InterState,,16,9,12448820,12,Cook,0,23,,,6,N,No,(UNK),202301402274,ISP,4,7.92999983,Y,,,,(UNK),263692,(N/A),(UNK),Worn Surface,8,1,InterState,1,290,X003255409,Not Toll,73,1,1,"Divided, No Median Barrier",2,2941253.5,1905235.5,41.8732665,-87.79960844,,Urban,1,N,(N/A),N,(N/A)
2023,2023-12-19,Tuesday,16,04:14 PM,Property Damage,No Injuries,0,0,0,0,0,3,Turning,10,N,N,Failing to Yield Right of Way,Driving Skills/Knowledge/Experience,Daylight,Clear,Dry,Y,,,,,No Controls,No Controls,N,2,41.8854023,-87.8049131,ok,(UNK),1,23-03913,2023,,2,15,50000 and OVER,9,4295,Oak Park,C,Urban Other Principal Arte,,16,19,12457141,12,Cook,0,23,,,2,N,No,Free Flow,202301410690,City,1,19.28000069,Y,,,,(UNK),263908,(N/A),(UNK),No Defects,1,1,Other Principal Arterial,3,348,X003262958,Not Toll,73,1,1,Not Divided,1,2939688.57004348,1909615.38409326,41.88539449,-87.80490731,,Urban,1,N,(N/A),Y,(N/A)
2023,2023-11-03,Friday,14,02:23 PM,Property Damage,No Injuries,0,0,0,0,0,3,Front to Rear,11,N,N,Following Too Closely,Failing to Reduce Speed to Avoid Crash,Daylight,Cloudy/Overcast,Dry,N,,,,,Other Regualtory Sig,Functioning Properly,N,2,41.8737536,-87.8040942,ok,Partial Access Control,3,03-23-20926,2023,,3,28,50000 and OVER,9,4295,Oak Park,C,Urban InterState,,16,3,12408213,11,Cook,0,23,,,5,N,No,(UNK),202301363952,ISP,1,7.71999979,Y,,,,(UNK),264253,(N/A),(UNK),No Defects,1,1,InterState,1,290,X003219538,Not Toll,73,10,4,Divided With Median Barrier,3,2940028.5,1905376.5,41.87374571,-87.80408837,,Urban,8,N,(N/A),Y,(N/A)
2023,2023-09-12,Tuesday,9,09:51 AM,Property Damage,No Injuries,0,0,0,0,0,2,Rear to Front,18,N,N,Distraction - From Outside Vehicle,(N/A),Daylight,Clear,Dry,N,,,,,Traffic Signal,Functioning Properly,N,2,41.8798893,-87.7833068,ok,(UNK),1,2305719,2023,,40,99,50000 and OVER,9,4295,Oak Park,C,Urban Minor Arterial,,16,12,12328789,9,Cook,0,23,,,2,N,No,Stopped,202301290177,City,1,4.17000008,N,,,,(UNK),264362,(N/A),(UNK),No Defects,1,1,Minor Arterial,4,1419,X003149711,Not Toll,73,3,4,"Divided, No Median Barrier",2,2945628.13578391,1907769.09787104,41.87988148,-87.78330105,,Urban,1,N,(N/A),Y,(N/A)
2023,2023-09-11,Monday,13,01:07 PM,Property Damage,No Injuries,0,0,0,0,0,4,Front to Rear,11,N,N,Failing to Reduce Speed to Avoid Crash,Weather,Daylight,Rain,Wet,N,,,,,No Controls,No Controls,N,4,41.8712313,-87.7788807,ok,Partial Access Control,3,03-23-16886,2023,,28,11,50000 and OVER,9,4295,Oak Park,C,Urban InterState,,16,11,12328692,9,Cook,0,23,,,1,N,No,(UNK),202301289946,ISP,1,8.97999954,Y,,,,(UNK),264564,(N/A),(UNK),No Defects,1,2,InterState,1,290,X003149628,Not Toll,73,1,1,Divided With Median Barrier,3,2946921.38461167,1904647.46070917,41.87122341,-87.77887487,,Urban,2,N,(N/A),Y,(N/A)
2023,2023-09-12,Tuesday,15,03:23 PM,Property Damage,No Injuries,0,0,0,0,0,4,Angle,15,N,N,Failing to Yield Right of Way,Driving Skills/Knowledge/Experience,Daylight,Clear,Dry,Y,,,,,Stop Sign,Functioning Properly,N,2,41.8944482,-87.7928058,ok,(UNK),1,2305725,2023,,2,15,50000 and OVER,9,4295,Oak Park,C,Urban Minor Arterial,,16,12,12328792,9,Cook,0,23,,,2,N,No,Free Flow,202301290184,City,1,3.20000005,N,,,,(UNK),264573,(N/A),(UNK),No Defects,1,1,Minor Arterial,4,1398,X003149714,Not Toll,73,2,4,Four Way,14,2942894.33874997,1913002.87880229,41.89444033,-87.79280001,,Urban,1,N,(N/A),Y,(N/A)
2023,2023-09-10,Sunday,12,12:00 PM,Property Damage,No Injuries,0,0,0,0,0,2,Sideswipe Same Direction,12,N,N,Improper Lane Usage,Driving Skills/Knowledge/Experience,Daylight,Clear,Dry,N,,,,,Other Regualtory Sig,Functioning Properly,Y,2,41.8737825,-87.8045295,ok,Partial Access Control,3,03-23-16817,2023,,20,15,50000 and OVER,9,4295,Oak Park,C,Urban InterState,,16,10,12328841,9,Cook,0,23,,,7,N,Yes,(UNK),202301290243,ISP,1,7.69999981,Y,,,,(UNK),264646,(N/A),(UNK),No Defects,1,1,InterState,1,290,X003149753,Not Toll,73,10,4,Divided With Median Barrier,3,2939909.64268425,1905383.77091012,41.87377462,-87.8045237,,Urban,1,N,(N/A),Y,(N/A)
2023,2023-09-10,Sunday,4,04:45 AM,Property Damage,No Injuries,0,0,0,0,0,3,Front to Rear,11,N,N,Under Influence of Alcohol/Drugs,Failing to Reduce Speed to Avoid Crash,Darkness / Lighted Road,Clear,Dry,N,,,,,Traffic Signal,Functioning Properly,N,2,41.8717476,-87.8020454,ok,(UNK),3,03-23-16797,2023,,8,28,50000 and OVER,9,4295,Oak Park,C,Urban Local Road or Street,,16,10,12333728,9,Cook,0,23,,,7,N,No,(UNK),202301294469,ISP,5,0,N,,,,(UNK),264671,(N/A),(UNK),No Defects,1,1,Local Road or Street,7,,X003153838,Not Toll,,3,4,Ramp,11,2940606.66825227,1904660.88443375,41.87174764,-87.80204538,,Urban,1,N,(N/A),Y,(N/A)
2023,2023-09-14,Thursday,9,09:57 AM,Property Damage,No Injuries,0,0,0,0,0,1,Parked Motor Vehicle,9,N,N,Driving Skills/Knowledge/Experience,(N/A),Daylight,Clear,Dry,N,,,,,No Controls,No Controls,Y,2,41.8872963,-87.795012,ok,(UNK),1,2305768,2023,,15,99,50000 and OVER,9,4295,Oak Park,C,Urban Local Road or Street,,16,14,12331878,9,Cook,0,23,,,4,N,No,Free Flow,202301292675,City,1,0,N,,,,(UNK),264982,(N/A),(UNK),No Defects,1,1,Local Road or Street,7,,X003152053,Not Toll,73,1,1,One-Way,10,2942365.73009719,1910379.9970558,41.8872885,-87.79500616,,Urban,1,N,(N/A),Y,(N/A)
2023,2023-09-13,Wednesday,17,05:30 PM,Property Damage,No Injuries,0,0,0,0,0,2,Front to Rear,11,N,N,Failing to Reduce Speed to Avoid Crash,Following Too Closely,Daylight,Clear,Dry,N,,,,,Traffic Signal,Functioning Properly,N,2,41.87356,-87.8040159,ok,Partial Access Control,3,03-23-17093,2023,,28,3,50000 and OVER,9,4295,Oak Park,C,Urban InterState,,16,13,12330767,9,Cook,0,23,,,3,N,No,(UNK),202301291577,ISP,1,0,Y,,,,(UNK),265199,(N/A),(UNK),No Defects,1,1,InterState,1,,X003150996,Not Toll,,3,4,Divided With Median Barrier,3,2940051.75383852,1905306.54986716,41.87355999,-87.80401593,,Urban,1,N,(N/A),Y,(N/A)
2023,2023-09-13,Wednesday,14,02:33 PM,Injury,C Injury Crash,1,0,0,0,1,1,Angle,15,N,N,Disregarding Traffic Signals,Failing to Reduce Speed to Avoid Crash,Daylight,Clear,Dry,Y,,,,,Traffic Signal,Functioning Properly,N,2,41.8819186,-87.7796139,ok,(UNK),1,2305746,2023,,25,28,50000 and OVER,9,4295,Oak Park,C,Urban Major Collector,,16,13,12330820,9,Cook,1,23,,,3,N,No,Free Flow,202301291642,City,1,1.29999995,N,,,,(UNK),265271,(N/A),(UNK),No Defects,1,1,Major Collector,5,5,X003151048,Not Toll,73,3,4,Not Divided,1,2946613.30213448,1908536.57498017,41.88191077,-87.77960807,,Urban,1,N,(N/A),Y,(N/A)
2023,2023-11-09,Thursday,10,10:54 AM,Property Damage,No Injuries,0,0,0,0,0,3,Front to Rear,11,N,N,Failing to Reduce Speed to Avoid Crash,Driving Skills/Knowledge/Experience,Daylight,Clear,Dry,N,,,,,No Controls,No Controls,N,3,41.8718418,-87.7830319,ok,Partial Access Control,3,03-23-21289,2023,,28,15,50000 and OVER,9,4295,Oak Park,C,Urban InterState,,16,9,12413012,11,Cook,0,23,,,4,N,No,(UNK),202301368327,ISP,1,8.77000046,Y,,,,(UNK),265588,(N/A),(UNK),No Defects,1,1,InterState,1,290,X003223887,Not Toll,73,1,1,Divided With Median Barrier,3,2945784.5,1904838.5,41.87183393,-87.78302612,,Urban,1,N,(N/A),Y,(N/A)
2023,2023-11-04,Saturday,9,09:17 AM,Property Damage,No Injuries,0,0,0,0,0,2,Front to Rear,11,N,N,Following Too Closely,(N/A),Daylight,Clear,Dry,Y,,,,,Traffic Signal,Functioning Properly,N,2,41.9089215,-87.8057866,ok,(UNK),1,JG490986,2023,,3,99,50000 and OVER,9,4295,Oak Park,C,Urban Other Principal Arte,,16,4,12403676,11,Cook,0,23,,,6,N,No,(UNK),202301361304,City,1,17.64999962,Y,,,,(UNK),265933,(N/A),(UNK),Unknown,99,1,Other Principal Arterial,3,348,X003215539,Not Toll,73,3,4,Four Way,14,2939214.73480726,1918179.670095,41.90891368,-87.80578078,,Urban,1,N,(N/A),N,(N/A)
2023,2023-09-15,Friday,3,03:30 AM,Property Damage,No Injuries,0,0,0,0,0,2,Sideswipe Same Direction,12,N,N,Improper Lane Usage,Driving Skills/Knowledge/Experience,Darkness / Lighted Road,Clear,Dry,N,,,,,Other Regualtory Sig,Unknown,N,2,41.8729078,-87.798358,ok,Partial Access Control,3,03-23-17166,2023,,20,15,50000 and OVER,9,4295,Oak Park,C,Urban InterState,,16,15,12332123,9,Cook,0,23,,,5,N,No,(UNK),202301292916,ISP,5,7.98000002,Y,,,,(UNK),267275,(N/A),(UNK),Unknown,99,1,InterState,1,290,X003152285,Not Toll,73,10,9,Divided With Median Barrier,3,2941599.35451205,1905111.35766771,41.87289992,-87.79835217,,Urban,1,N,(N/A),N,(N/A)
2023,2023-09-11,Monday,17,05:49 PM,Property Damage,No Injuries,0,0,0,0,0,2,Front to Front,14,N,N,Disregarding Stop Sign,Driving Skills/Knowledge/Experience,Daylight,Clear,Wet,Y,,,,,Stop Sign,Functioning Properly,N,2,41.8715867,-87.7890758,ok,(UNK),1,2305705,2023,,23,15,50000 and OVER,9,4295,Oak Park,C,Urban Minor Collector,,16,11,12328751,9,Cook,0,23,,,1,N,No,Free Flow,202301290126,City,1,0.25,N,,,,(UNK),267284,(N/A),(UNK),No Defects,1,2,Minor Collector,6,290,X003149681,Not Toll,73,2,4,Four Way,14,2944140.88746828,1904699.87095581,41.87157887,-87.78906996,,Urban,1,N,(N/A),Y,(N/A)
2023,2023-09-11,Monday,17,05:16 PM,Injury,A Injury Crash,1,0,1,0,0,1,Pedestrian,1,Y,N,Failing to Yield Right of Way,Failing to Reduce Speed to Avoid Crash,Daylight,Rain,Wet,Y,,,,,Traffic Signal,Functioning Properly,Y,1,41.9091652,-87.7833533,ok,(UNK),1,2305706,2023,,2,28,50000 and OVER,9,4295,Oak Park,C,Urban Other Principal Arte,,16,11,12328753,9,Cook,3,23,,,1,N,No,Free Flow,202301290128,City,1,7.07000017,Y,,,,(UNK),267285,(N/A),(UNK),No Defects,1,2,Other Principal Arterial,3,307,X003149683,Not Toll,73,3,4,Four Way,14,2945318.98223547,1918437.44609176,41.90915737,-87.78334746,,Urban,2,N,(N/A),Y,(N/A)
2023,2023-09-15,Friday,7,07:19 AM,Property Damage,No Injuries,0,0,0,0,0,3,Sideswipe Same Direction,12,N,N,Failing to Reduce Speed to Avoid Crash,(N/A),Daylight,Clear,Dry,N,,,,,No Controls,No Controls,N,2,41.8794425,-87.7844241,ok,(UNK),1,2305798,2023,,28,99,50000 and OVER,9,4295,Oak Park,C,Urban Major Collector,,16,15,12335671,9,Cook,0,23,,,5,N,No,Slow,202301296203,City,1,1.54999995,N,,,,(UNK),267368,(N/A),(UNK),No Defects,1,1,Major Collector,5,2783,X003155526,Not Toll,73,1,1,"Divided, No Median Barrier",2,2945328.39303811,1907597.8223732,41.87943468,-87.78441827,,Urban,1,N,(N/A),Y,(N/A)
2023,2023-09-14,Thursday,7,07:38 AM,Property Damage,No Injuries,0,0,0,0,0,2,Front to Rear,11,N,N,Vision Obscured,Failing to Reduce Speed to Avoid Crash,Daylight,Clear,Dry,N,,,,,No Controls,No Controls,N,2,41.8766587,-87.7745213,ok,(UNK),1,2305763,2023,,14,28,50000 and OVER,9,4295,Oak Park,C,Urban Minor Arterial,,16,14,12330874,9,Cook,0,23,,,4,N,No,Stopped,202301291695,City,1,7.92000008,N,,,,(UNK),267441,(N/A),(UNK),No Defects,1,1,Minor Arterial,4,2790,X003151099,Not Toll,,1,1,"Divided, No Median Barrier",2,2948053.6322478,1906658.40316863,41.87665086,-87.77451548,,Urban,1,N,(N/A),Y,(N/A)