crash_year,crash_date,day_of_week,crash_hour,time_of_crash,crash_severity,crash_injury_severity,total_injured,total_fatals,a_injuries,b_injuries,c_injuries,no_injuries,type_of_first_crash,collision_type_code,pedestrian_involved,pedalcyclist_involved,cause1,cause2,lighting_cond,weather_cond,road_surface_cond,intersection_related,is_intersection,highway_or_street_name,at_intersection_with,address_no,traffic_control_device,traffic_control_device_cond,hit_and_run,number_of_vehicles,latitude,longitude,location_status,access_control,agency_code,agency_report_number,agency_report_year,alignment_code,cause1_code,cause2_code,city_class,city_class_code,city_code,city_name,city_township_flag,class_of_trafficway,class_of_trafficway_code,county_code,crash_day,crash_id,crash_month,crash_report_county,crash_severity_cd,crash_yr_source,damaged_property1,damaged_property2,day_of_week_code,did_crash_occur_in_work_zone,did_involve_secondary_crash,flow_condition,icn,investigating_agency_descrip,light_condition_code,mile_station,nhs,non_intersection_direction,non_intersection_distance,non_intersection_units,number_of_lanes,objectid,railroad_crossing_number,road_alignment,road_defects,road_defects_code,road_surface_condition_code,roadway_functional_class,roadway_functional_class_code,route_number,sfe,toll,township,traffic_control_device_code,traffic_control_device_cond_code,trafficway_descrip,trafficway_description_code,ts_crash_coordinate_x,ts_crash_coordinate_y,ts_crash_latitude,ts_crash_longitude,type_report,urban_rural,weather_code,were_workers_present,work_zone,work_zone_related,work_zone_type
2023,2023-09-12,Tuesday,14,02:14 PM,Property Damage,No Injuries,0,0,0,0,0,2,Rear to Side,16,N,N,Unable to Determine,Unable to Determine,Daylight,Clear,Dry,N,,,,,No Controls,No Controls,N,2,41.872058,-87.8044563,ok,(UNK),1,23-02806,2023,,18,18,50000 and OVER,9,4295,Oak Park,C,Urban Other Principal Arte,,16,12,12331027,9,Cook,0,23,,,2,N,No,Free Flow,202301291853,City,1,20.20000076,Y,,,,(UNK),267485,(N/A),(UNK),No Defects,1,1,Other Principal Arterial,3,348,X003151247,Not Toll,73,1,1,Parking Lot,7,2939946.89580217,1904755.87709496,41.87205011,-87.80445045,,Urban,1,N,(N/A),Y,(N/A)
2023,2023-01-06,Friday,17,05:41 PM,Property Damage,No Injuries,0,0,0,0,0,3,Angle,15,N,N,Failing to Yield Right of Way,Driving Skills/Knowledge/Experience,Darkness / Lighted Road,Clear,Dry,N,,,,,Stop Sign,Functioning Properly,N,2,41.8981539,-87.7898791,ok,(UNK),1,2300108,2023,,2,15,50000 and OVER,9,4295,Oak Park,C,Urban Local Road or Street,,16,6,12033435,1,Cook,0,23,,,5,N,No,Free Flow,202301014676,City,5,0,N,,,,(UNK),267634,(N/A),(UNK),No Defects,1,1,Local Road or Street,7,,X002888610,Not Toll,73,2,4,Not Divided,1,2943653.79994437,1914375.38968762,41.89814606,-87.78987325,,Urban,1,N,(N/A),Y,(N/A)
2023,2023-09-13,Wednesday,17,05:05 PM,Property Damage,No Injuries,0,0,0,0,0,1,Parked Motor Vehicle,9,N,N,Improper Overtaking/Passing,Driving Skills/Knowledge/Experience,Daylight,Clear,Dry,N,,,,,No Controls,No Controls,Y,2,41.8719022,-87.7792415,ok,(UNK),1,2305754,2023,,4,15,50000 and OVER,9,4295,Oak Park,C,Urban Minor Collector,,16,13,12330839,9,Cook,0,23,,,3,N,No,Free Flow,202301291660,City,1,1.12,N,,,,(UNK),268400,(N/A),(UNK),No Defects,1,1,Minor Collector,6,3794,X003151066,Not Toll,73,1,1,Not Divided,1,2946816.29314261,1904889.22801776,41.87189435,-87.77923572,,Urban,1,N,(N/A),Y,(N/A)
2023,2023-09-14,Thursday,11,11:33 AM,Property Damage,No Injuries,0,0,0,0,0,2,Front to Rear,11,N,N,Failing to Reduce Speed to Avoid Crash,Following Too Closely,Daylight,Clear,Dry,N,,,,,Other Warning Sign,Functioning Properly,N,2,41.8712703,-87.7749999,ok,Partial Access Control,3,03-23-17101,2023,,28,3,50000 and OVER,9,4295,Oak Park,C,Urban InterState,,16,14,12330892,9,Cook,0,23,,,4,N,No,(UNK),202301291714,ISP,1,9.17000008,Y,,,,(UNK),268404,(N/A),(UNK),No Defects,1,1,InterState,1,290,X003151117,Not Toll,73,11,4,Divided With Median Barrier,3,2947978.00766488,1904691.13199643,41.87126246,-87.77499415,,Urban,1,N,(N/A),Y,(N/A)
2023,2023-09-05,Tuesday,17,05:30 PM,Property Damage,No Injuries,0,0,0,0,0,4,Rear to Front,18,N,N,Distraction - From Inside Vehicle,Unable to Determine,Dusk,Clear,Dry,Y,,,,,Traffic Signal,Functioning Properly,N,2,41.8886466,-87.7945158,ok,(UNK),1,2305779,2023,,41,18,50000 and OVER,9,4295,Oak Park,C,Urban Major Collector,,16,5,12335631,9,Cook,0,23,,,2,N,No,Stopped,202301296159,City,3,0.34999999,N,,,,(UNK),268657,(N/A),(UNK),No Defects,1,1,Major Collector,5,1405,X003155488,Not Toll,73,3,4,T-Intersection,15,2942487.23853641,1910875.77390711,41.88863871,-87.79450996,,Urban,1,N,(N/A),Y,(N/A)
2023,2023-09-15,Friday,9,09:02 AM,Property Damage,No Injuries,0,0,0,0,0,2,Turning,10,N,N,Failing to Reduce Speed to Avoid Crash,(N/A),Daylight,Clear,Dry,Y,,,,,Traffic Signal,Functioning Properly,N,2,41.8816387,-87.7894058,ok,(UNK),1,2305802,2023,,28,99,50000 and OVER,9,4295,Oak Park,C,Urban Major Collector,,16,15,12335681,9,Cook,0,23,,,5,N,No,Free Flow,202301296213,City,1,0.79000002,N,,,,(UNK),268660,(N/A),(UNK),No Defects,1,1,Major Collector,5,5,X003155536,Not Toll,73,3,4,Four Way,14,2943949.48512476,1908360.49851922,41.88163083,-87.78939998,,Urban,1,N,(N/A),Y,(N/A)
2023,2023-01-09,Monday,20,08:35 PM,Property Damage,No Injuries,0,0,0,0,0,4,Front to Rear,11,N,N,Following Too Closely,Failing to Reduce Speed to Avoid Crash,Darkness / Lighted Road,Clear,Dry,N,,,,,Other Regualtory Sig,Functioning Properly,Y,3,41.8735614,-87.8032913,ok,Partial Access Control,3,03-23-00482,2023,,3,28,50000 and OVER,9,4295,Oak Park,C,Urban InterState,,16,9,12035532,1,Cook,0,23,,,1,N,Yes,(UNK),202301015852,ISP,5,0,Y,,,,(UNK),268675,(N/A),(UNK),No Defects,1,1,InterState,1,,X002890051,Not Toll,73,10,4,Divided With Median Barrier,3,2940249.10837492,1905312.50523581,41.87355358,-87.80328548,,Urban,1,N,(N/A),Y,(N/A)
2023,2023-02-09,Thursday,14,02:11 PM,Property Damage,No Injuries,0,0,0,0,0,2,Front to Rear,11,N,N,Failing to Reduce Speed to Avoid Crash,Driving Skills/Knowledge/Experience,Daylight,Rain,Wet,N,,,,,Traffic Signal,Functioning Properly,N,2,41.8817967,-87.7943358,ok,(UNK),1,2300806,2023,,28,15,50000 and OVER,9,4295,Oak Park,C,Urban Major Collector,,16,9,12075327,2,Cook,0,23,,,4,N,No,Stopped,202301049467,City,1,6.01000023,N,,,,(UNK),268814,(N/A),(UNK),No Defects,1,2,Major Collector,5,2775,X002924307,Not Toll,73,3,4,"Divided, No Median Barrier",2,2942605.28712118,1908380.90670696,41.88178883,-87.79433,,Urban,2,N,(N/A),Y,(N/A)
2023,2023-02-09,Thursday,14,02:51 PM,Property Damage,No Injuries,0,0,0,0,0,3,Angle,15,N,N,Failing to Yield Right of Way,(N/A),Daylight,Rain,Wet,Y,,,,,Stop Sign,Functioning Properly,N,2,41.8763573,-87.7781848,ok,(UNK),1,2300807,2023,,2,99,50000 and OVER,9,4295,Oak Park,C,Urban Local Road or Street,,16,9,12075336,2,Cook,0,23,,,4,N,No,Free Flow,202301049474,City,1,0,N,,,,(UNK),268816,(N/A),(UNK),No Defects,1,2,Local Road or Street,7,,X002924314,Not Toll,73,2,4,Not Divided,1,2947058.90043687,1906520.77859052,41.8763495,-87.77817905,,Urban,2,N,(N/A),Y,(N/A)
2023,2023-02-07,Tuesday,15,03:30 PM,Property Damage,No Injuries,0,0,0,0,0,2,Front to Rear,11,N,N,Following Too Closely,Failing to Reduce Speed to Avoid Crash,Daylight,Cloudy/Overcast,Unknown,Y,,,,,Traffic Signal,Functioning Properly,N,2,41.9089962,-87.7949553,ok,(UNK),1,2300757,2023,,3,28,50000 and OVER,9,4295,Oak Park,C,Urban Other Principal Arte,,16,7,12070389,2,Cook,0,23,,,2,N,No,Slow,202301045070,City,1,4.11000013,Y,,,,(UNK),269616,(N/A),(UNK),Unknown,99,9,Other Principal Arterial,3,2775,X002919999,Not Toll,73,3,4,"Divided, No Median Barrier",2,2942162.42643326,1918288.27345897,41.90898837,-87.79494952,,Urban,8,N,(N/A),N,(N/A)
2023,2023-11-11,Saturday,9,09:10 AM,Property Damage,No Injuries,0,0,0,0,0,5,Front to Rear,11,N,N,Failing to Reduce Speed to Avoid Crash,Following Too Closely,Daylight,Clear,Dry,N,,,,,No Controls,No Controls,N,2,41.9012861,-87.8055137,ok,(UNK),1,2301432,2023,,28,3,50000 and OVER,9,4295,Oak Park,C,Urban Other Principal Arte,,16,11,12409975,11,Cook,0,23,,,6,N,No,Slow,202301365646,City,1,18.18000031,Y,,,,(UNK),270721,(N/A),(UNK),No Defects,1,1,Other Principal Arterial,3,348,X003221227,Not Toll,73,1,1,Not Divided,1,2939365.64095148,1915399.21601757,41.90127824,-87.80550792,,Urban,1,N,(N/A),Y,(N/A)
2023,2023-10-31,Tuesday,8,08:30 AM,Property Damage,No Injuries,0,0,0,0,0,4,Angle,15,N,N,Failing to Yield Right of Way,(N/A),Daylight,Clear,Dry,Y,,,,,No Controls,No Controls,N,2,41.8704892,-87.8043962,ok,(UNK),1,23-03378,2023,,2,99,50000 and OVER,9,4295,Oak Park,C,Urban Other Principal Arte,,16,31,12410179,10,Cook,0,23,,,2,N,No,Slow,202301365751,City,1,20.30999947,Y,,,,(UNK),270765,(N/A),(UNK),No Defects,1,1,Other Principal Arterial,3,348,X003221326,Not Toll,73,1,1,"Divided, No Median Barrier",2,2939978.98876934,1904184.64675826,41.87048136,-87.80439042,,Urban,1,N,(N/A),Y,(N/A)
2023,2023-11-09,Thursday,10,10:14 AM,Property Damage,No Injuries,0,0,0,0,0,1,Parked Motor Vehicle,9,N,N,Failing to Reduce Speed to Avoid Crash,Unable to Determine,Daylight,Clear,Dry,N,,,,,No Controls,No Controls,N,2,41.8964872,-87.7785225,ok,(UNK),1,2307087,2023,,28,18,50000 and OVER,9,4295,Oak Park,C,Urban Local Road or Street,,16,9,12407168,11,Cook,0,23,,,4,N,No,Free Flow,202301362962,City,1,0,N,,,,(UNK),270828,(N/A),(UNK),No Defects,1,1,Local Road or Street,7,,X003218526,Not Toll,73,1,1,Not Divided,1,2946762.66714399,1913853.91079766,41.89647933,-87.77851674,,Urban,1,N,(N/A),Y,(N/A)
2023,2023-11-16,Thursday,2,02:01 AM,Property Damage,No Injuries,0,0,0,0,0,1,Parked Motor Vehicle,9,N,N,(N/A),(N/A),Daylight,Clear,Dry,N,,,,,No Controls,No Controls,Y,2,41.8810961,-87.7746991,ok,(UNK),1,2307221,2023,,99,99,50000 and OVER,9,4295,Oak Park,C,Urban Minor Arterial,,16,16,12416584,11,Cook,0,23,,,4,N,No,Stopped,202301372018,City,1,7.5999999,N,,,,(UNK),270983,(N/A),(UNK),No Defects,1,1,Minor Arterial,4,2790,X003226886,Not Toll,,1,1,"Divided, No Median Barrier",2,2947960.11749631,1908274.13830043,41.8810883,-87.77469327,,Urban,1,N,(N/A),Y,(N/A)
2023,2023-12-16,Saturday,10,10:50 AM,Injury,B Injury Crash,1,0,0,1,0,1,Turning,10,N,N,Failing to Yield Right of Way,Unable to Determine,Daylight,Rain,Wet,Y,,,,,Traffic Signal,Functioning Properly,N,2,41.8983679,-87.7752663,ok,(UNK),1,2307920,2023,,2,18,50000 and OVER,9,4295,Oak Park,C,Urban Minor Arterial,,16,16,12455594,12,Cook,2,23,,,6,N,No,Free Flow,202301408815,City,1,6.36000013,N,,,,(UNK),271337,(N/A),(UNK),No Defects,1,2,Minor Arterial,4,2790,X003261545,Not Toll,,3,4,Not Divided,1,2947630.13094734,1914564.00198376,41.89836008,-87.77526049,,Urban,2,N,(N/A),Y,(N/A)
2023,2023-03-01,Wednesday,18,06:08 PM,Property Damage,No Injuries,0,0,0,0,0,2,Sideswipe Same Direction,12,N,N,Improper Lane Usage,Improper Overtaking/Passing,Darkness,Clear,Dry,Y,,,,,No Controls,Functioning Properly,Y,2,41.8907923,-87.8051222,ok,(UNK),1,2300259,2023,,20,4,50000 and OVER,9,4295,Oak Park,C,Urban Other Principal Arte,,16,1,12101666,3,Cook,0,23,,,3,N,No,Free Flow,202301074919,City,4,18.89999962,Y,,,,(UNK),271644,(N/A),(UNK),No Defects,1,1,Other Principal Arterial,3,348,X002947454,Not Toll,73,1,4,"Divided, No Median Barrier",2,2939577.55227604,1911578.01421879,41.89078445,-87.80511638,,Urban,1,N,(N/A),Y,(N/A)
2023,2023-09-19,Tuesday,18,06:59 PM,Property Damage,No Injuries,0,0,0,0,0,2,Angle,15,N,N,Failing to Yield Right of Way,(N/A),Darkness / Lighted Road,Rain,Wet,Y,,,,,No Controls,No Controls,N,2,41.9017679,-87.7912045,ok,(UNK),1,2305909,2023,,2,99,50000 and OVER,9,4295,Oak Park,C,Urban Major Collector,,16,19,12339237,9,Cook,0,23,,,2,N,No,Slow,202301299510,City,5,1.73000002,N,,,,(UNK),271844,(N/A),(UNK),No Defects,1,2,Major Collector,5,1394,X003158812,Not Toll,73,1,1,Four Way,14,2943256.45315482,1915682.38947847,41.90176002,-87.79119867,,Urban,2,N,(N/A),Y,(N/A)
2023,2023-01-31,Tuesday,8,08:05 AM,Property Damage,No Injuries,0,0,0,0,0,1,Parked Motor Vehicle,9,N,N,Improper Lane Usage,(N/A),Daylight,Clear,Dry,N,,,,,Other,Functioning Properly,N,2,41.8736162,-87.8027121,ok,Partial Access Control,3,03-23-01839,2023,,20,99,50000 and OVER,9,4295,Oak Park,C,Urban InterState,,16,31,12068838,1,Cook,0,23,,,2,N,No,(UNK),202301043662,ISP,1,7.78000021,Y,,,,(UNK),272086,(N/A),(UNK),No Defects,1,1,InterState,1,290,X002918569,Not Toll,73,13,4,Divided With Median Barrier,3,2940406.30651696,1905336.82748332,41.87360839,-87.80270631,,Urban,1,N,(N/A),Y,(N/A)
2023,2023-09-06,Wednesday,8,08:30 AM,Property Damage,No Injuries,0,0,0,0,0,2,Front to Rear,11,N,N,Following Too Closely,Failing to Reduce Speed to Avoid Crash,Daylight,Rain,Wet,N,,,,,No Controls,No Controls,N,2,41.8735796,-87.8042076,ok,Partial Access Control,3,03-23-16823,2023,,3,28,50000 and OVER,9,4295,Oak Park,C,Urban InterState,,16,6,12332802,9,Cook,0,23,,,3,N,No,(UNK),202301293576,ISP,1,0,Y,,,,(UNK),272468,(N/A),(UNK),No Defects,1,2,InterState,1,,X003152941,Not Toll,,1,1,Divided With Median Barrier,3,2939999.36103089,1905312.24631386,41.87357957,-87.80420757,,Urban,2,N,(N/A),Y,(N/A)
2023,2023-12-18,Monday,20,08:14 PM,Property Damage,No Injuries,0,0,0,0,0,1,Fixed Object,6,N,N,Failing to Reduce Speed to Avoid Crash,Unable to Determine,Darkness / Lighted Road,Clear,Dry,N,,,,,No Controls,No Controls,Y,1,41.8886531,-87.8026264,ok,(UNK),1,2307965,2023,,28,18,50000 and OVER,9,4295,Oak Park,C,Urban Major Collector,,16,18,12455628,12,Cook,0,23,PLANTER,,1,N,No,Free Flow,202301408852,City,5,0,N,,,,(UNK),272608,(N/A),(UNK),No Defects,1,1,Major Collector,5,,X003261578,Not Toll,73,1,1,Not Divided,1,2940278.63448276,1910817.17501297,41.88864525,-87.80262057,,Urban,1,N,(N/A),Y,(N/A)
2023,2023-12-14,Thursday,23,11:35 PM,Injury,C Injury Crash,2,0,0,0,2,3,Sideswipe Same Direction,12,N,N,Improper Lane Usage,Failing to Reduce Speed to Avoid Crash,Darkness / Lighted Road,Clear,Dry,N,,,,,Other,Functioning Properly,Y,2,41.8728289,-87.7976842,ok,Partial Access Control,3,03-23-32365,2023,,20,28,50000 and OVER,9,4295,Oak Park,C,Urban InterState,,16,14,12460290,12,Cook,1,23,,,4,N,No,(UNK),202301413741,ISP,5,8.02000046,Y,,,,(UNK),272665,(N/A),(UNK),No Defects,1,1,InterState,1,290,X003265629,Not Toll,,13,4,Divided With Median Barrier,3,2941783.66959032,1905087.67782126,41.87282888,-87.79768417,,Urban,1,N,(N/A),Y,(N/A)
2023,2023-12-17,Sunday,6,06:42 AM,Injury,B Injury Crash,1,0,0,1,0,1,Fixed Object,6,N,N,Improper Lane Usage,Unable to Determine,Dawn,Clear,Wet,N,,,,,No Controls,No Controls,N,1,41.9018056,-87.7753492,ok,(UNK),1,2307933,2023,,20,18,50000 and OVER,9,4295,Oak Park,C,Urban Minor Arterial,,16,17,12455591,12,Cook,2,23,LIGHT POLE/TREE,,7,N,Yes,Free Flow,202301408812,City,2,6.07999992,N,,,,(UNK),272821,(N/A),(UNK),No Defects,1,2,Minor Arterial,4,2790,X003261542,Not Toll,,1,1,Not Divided,1,2947572.62859416,1915816.11948548,41.90179773,-87.77534337,,Urban,1,N,(N/A),Y,(N/A)
2023,2023-12-18,Monday,0,00:08 AM,Property Damage,No Injuries,0,0,0,0,0,2,Angle,15,N,N,Failing to Yield Right of Way,Failing to Reduce Speed to Avoid Crash,Darkness,Clear,Dry,Y,,,,,Stop Sign,Functioning Properly,N,2,41.8798758,-87.7910019,ok,(UNK),1,2307947,2023,,2,28,50000 and OVER,9,4295,Oak Park,C,Urban Local Road or Street,,16,18,12455602,12,Cook,0,23,,,1,N,No,Free Flow,202301408822,City,4,0,N,,,,(UNK),272860,(N/A),(UNK),No Defects,1,1,Local Road or Street,7,,X003261552,Not Toll,73,2,4,Not Divided,1,2943532.58829932,1907706.04891533,41.879868,-87.79099615,,Urban,1,N,(N/A),Y,(N/A)
2023,2023-12-15,Friday,23,11:29 PM,Property Damage,No Injuries,0,0,0,0,0,6,Front to Rear,11,N,N,Following Too Closely,Under Influence of Alcohol/Drugs,Darkness / Lighted Road,Clear,Dry,Y,,,,,Traffic Signal,Functioning Properly,N,2,41.9087835,-87.8057935,ok,(UNK),1,2307914,2023,,3,8,50000 and OVER,9,4295,Oak Park,C,Urban Other Principal Arte,,16,15,12455620,12,Cook,0,23,,,5,N,No,Slow,202301408844,City,5,17.65999985,Y,,,,(UNK),272862,(N/A),(UNK),No Defects,1,1,Other Principal Arterial,3,348,X003261570,Not Toll,73,3,4,"Divided, No Median Barrier",2,2939214.22660164,1918129.32742985,41.90877567,-87.80578774,,Urban,1,N,(N/A),Y,(N/A)
2023,2023-01-07,Saturday,16,04:57 PM,Property Damage,No Injuries,0,0,0,0,0,1,Parked Motor Vehicle,9,N,N,Failing to Reduce Speed to Avoid Crash,Unable to Determine,Darkness / Lighted Road,Clear,Dry,N,,,,,No Controls,No Controls,N,2,41.8859459,-87.7944339,ok,(UNK),1,2300127,2023,,28,18,50000 and OVER,9,4295,Oak Park,C,Urban Major Collector,,16,7,12033574,1,Cook,0,23,,,6,N,No,Free Flow,202301014698,City,5,5.71999979,N,,,,(UNK),272967,(N/A),(UNK),No Defects,1,1,Major Collector,5,2775,X002888631,Not Toll,73,1,1,Not Divided,1,2942536.76494656,1909892.23320887,41.88593809,-87.79442805,,Urban,1,N,(N/A),Y,(N/A)
2023,2023-03-14,Tuesday,19,07:30 PM,Property Damage,No Injuries,0,0,0,0,0,6,Front to Rear,11,N,N,Failing to Reduce Speed to Avoid Crash,Following Too Closely,Daylight,Clear,Dry,N,,,,,Other Regualtory Sig,Functioning Properly,N,2,41.873483,-87.8042633,ok,Partial Access Control,3,03-23-04545,2023,,28,3,50000 and OVER,9,4295,Oak Park,C,Urban InterState,,16,14,12115788,3,Cook,0,23,,,2,N,No,(UNK),202301088049,ISP,1,7.71000004,Y,,,,(UNK),273094,(N/A),(UNK),No Defects,1,1,InterState,1,290,X002960158,Not Toll,73,10,4,Divided With Median Barrier,3,2939985.16045918,1905276.62160899,41.87347512,-87.80425747,,Urban,1,N,(N/A),Y,(N/A)
2023,2023-03-14,Tuesday,7,07:30 AM,Property Damage,No Injuries,0,0,0,0,0,2,Front to Rear,11,N,N,Following Too Closely,Failing to Reduce Speed to Avoid Crash,Dawn,Clear,Dry,N,,,,,No Controls,No Controls,N,2,41.8712335,-87.7744449,ok,Partial Access Control,3,03-23-04542,2023,,3,28,50000 and OVER,9,4295,Oak Park,C,Urban InterState,,16,14,12115806,3,Cook,0,23,,,2,N,No,(UNK),202301088067,ISP,2,9.19999981,Y,,,,(UNK),273096,(N/A),(UNK),No Defects,1,1,InterState,1,290,X002960176,Not Toll,73,1,1,"Divided, No Median Barrier",2,2948129.56595366,1904681.92780749,41.87122563,-87.7744391,,Urban,1,N,(N/A),Y,(N/A)
2023,2023-09-07,Thursday,10,10:40 AM,Property Damage,No Injuries,0,0,0,0,0,2,Sideswipe Same Direction,12,N,N,Improper Lane Usage,Operating Vehicle In Reckless Manner,Daylight,Clear,Dry,N,,,,,Other,Functioning Properly,Y,2,41.8709676,-87.7746855,ok,Partial Access Control,3,03-23-16593,2023,,20,50,50000 and OVER,9,4295,Oak Park,C,Urban InterState,,16,7,12327825,9,Cook,0,23,,,4,N,No,(UNK),202301288996,ISP,1,9.18999958,Y,,,,(UNK),273456,(N/A),(UNK),No Defects,1,1,InterState,1,290,X003148790,Not Toll,73,13,4,Divided With Median Barrier,3,2948066.71796601,1904583.20601228,41.87095975,-87.77467975,,Urban,1,N,(N/A),Y,(N/A)
2023,2023-09-19,Tuesday,17,05:43 PM,Property Damage,No Injuries,0,0,0,0,0,1,Parked Motor Vehicle,9,N,N,Unable to Determine,Unable to Determine,Daylight,Unknown,Wet,N,,,,,No Controls,No Controls,Y,2,41.8837047,-87.803977,ok,(UNK),1,2305907,2023,,18,18,50000 and OVER,9,4295,Oak Park,C,Urban Local Road or Street,,16,19,12339232,9,Cook,0,23,,,2,N,No,Free Flow,202301299506,City,1,0,N,,,,(UNK),273610,(N/A),(UNK),No Defects,1,2,Local Road or Street,7,,X003158808,Not Toll,73,1,1,Not Divided,1,2939960.53300848,1909003.74613,41.88369683,-87.80397119,,Urban,9,N,(N/A),Y,(N/A)
2023,2023-09-20,Wednesday,13,01:01 PM,Property Damage,No Injuries,0,0,0,0,0,1,Parked Motor Vehicle,9,N,N,Unable to Determine,(N/A),Daylight,Clear,Dry,N,,,,,No Controls,No Controls,N,2,41.8931482,-87.7880903,ok,(UNK),1,2305920,2023,,18,99,50000 and OVER,9,4295,Oak Park,C,Urban Local Road or Street,,16,20,12339251,9,Cook,0,23,,,3,N,No,Free Flow,202301299523,City,1,0,N,,,,(UNK),273812,(N/A),(UNK),No Defects,1,1,Local Road or Street,7,,X003158824,Not Toll,73,1,1,Alley,12,2944191.39924851,1912564.73392991,41.89314039,-87.78808454,,Urban,1,N,(N/A),Y,(N/A)
2023,2023-11-16,Thursday,17,05:52 PM,Property Damage,No Injuries,0,0,0,0,0,2,Turning,10,N,N,Failing to Yield Right of Way,(N/A),Darkness / Lighted Road,Clear,Dry,Y,,,,,Traffic Signal,Functioning Properly,N,2,41.8886004,-87.7926975,ok,(UNK),1,2307237,2023,,2,99,50000 and OVER,9,4295,Oak Park,C,Urban Major Collector,,16,16,12416597,11,Cook,0,23,,,4,N,No,Free Flow,202301372036,City,5,0.44999999,N,,,,(UNK),274102,(N/A),(UNK),No Defects,1,1,Major Collector,5,1405,X003226899,Not Toll,73,3,4,Not Divided,1,2942982.83483566,1910872.65512411,41.88859256,-87.79269165,,Urban,1,N,(N/A),Y,(N/A)
2023,2023-11-05,Sunday,20,08:55 PM,Property Damage,No Injuries,0,0,0,0,0,2,Sideswipe Same Direction,12,N,N,Failing to Reduce Speed to Avoid Crash,Improper Lane Usage,Darkness / Lighted Road,Clear,Dry,N,,,,,No Controls,No Controls,Y,2,41.8737585,-87.8043492,ok,Partial Access Control,3,03-23-21067,2023,,28,20,50000 and OVER,9,4295,Oak Park,C,Urban InterState,,16,5,12408599,11,Cook,0,23,,,7,N,No,(UNK),202301364325,ISP,5,7.71000004,Y,,,,(UNK),274533,(N/A),(UNK),No Defects,1,1,InterState,1,290,X003219916,Not Toll,73,1,1,Divided With Median Barrier,3,2939958.98484848,1905376.37344029,41.87375061,-87.80434342,,Urban,1,N,(N/A),Y,(N/A)
2023,2023-11-06,Monday,1,01:21 AM,Property Damage,No Injuries,0,0,0,0,0,1,Parked Motor Vehicle,9,N,N,Failing to Reduce Speed to Avoid Crash,Driving Skills/Knowledge/Experience,Darkness / Lighted Road,Clear,Dry,N,,,,,No Controls,No Controls,N,3,41.8821302,-87.7747258,ok,(UNK),1,2307023,2023,,28,15,50000 and OVER,9,4295,Oak Park,C,Urban Minor Arterial,,16,6,12410162,11,Cook,0,23,,,1,N,Yes,Free Flow,202301365731,City,5,1.53999996,N,,,,(UNK),274598,(N/A),(UNK),No Defects,1,1,Minor Arterial,4,5,X003221309,Not Toll,,1,1,Not Divided,1,2947942.31505559,1908650.750045,41.88212232,-87.77472005,,Urban,1,N,(N/A),Y,(N/A)
2023,2023-02-25,Saturday,20,08:38 PM,Injury,B Injury Crash,1,0,0,1,0,1,Sideswipe Same Direction,12,N,N,Improper Lane Usage,Failing to Reduce Speed to Avoid Crash,Darkness / Lighted Road,Clear,Dry,N,,,,,Other,Functioning Properly,N,2,41.8722032,-87.7872638,ok,Partial Access Control,3,03-23-03418,2023,,20,28,50000 and OVER,9,4295,Oak Park,C,Urban InterState,,16,25,12095753,2,Cook,2,23,,,6,N,No,(UNK),202301068789,ISP,5,8.53999996,Y,,,,(UNK),275205,(N/A),(UNK),No Defects,1,1,InterState,1,290,X002942233,Not Toll,73,13,4,Divided With Median Barrier,3,2944628.18712021,1904938.21175693,41.87219535,-87.78725801,,Urban,1,N,(N/A),Y,(N/A)
2023,2023-11-13,Monday,10,10:08 AM,Property Damage,No Injuries,0,0,0,0,0,2,Sideswipe Same Direction,12,N,N,Improper Lane Usage,Failing to Reduce Speed to Avoid Crash,Daylight,Clear,Dry,N,,,,,Other Warning Sign,Functioning Properly,N,2,41.8712692,-87.7750237,ok,Partial Access Control,3,03-23-21516,2023,,20,28,50000 and OVER,9,4295,Oak Park,C,Urban InterState,,16,13,12410512,11,Cook,0,23,,,1,N,No,(UNK),202301365992,ISP,1,9.17000008,Y,,,,(UNK),275305,(N/A),(UNK),No Defects,1,1,InterState,1,290,X003221548,Not Toll,73,11,4,Divided With Median Barrier,3,2947971.56022114,1904690.54973024,41.87126135,-87.77501786,,Urban,1,N,(N/A),Y,(N/A)
2023,2023-02-05,Sunday,11,11:05 AM,Property Damage,No Injuries,0,0,0,0,0,5,Angle,15,N,N,Unable to Determine,(N/A),Daylight,Clear,Dry,Y,,,,,Traffic Signal,Functioning Properly,N,2,41.8761194,-87.794107,ok,(UNK),1,2300710,2023,,18,99,50000 and OVER,9,4295,Oak Park,C,Urban Major Collector,,16,5,12068808,2,Cook,0,23,,,7,N,No,Free Flow,202301043635,City,1,6.40999985,N,,,,(UNK),277372,(N/A),(UNK),No Defects,1,1,Major Collector,5,2775,X002918542,Not Toll,73,3,4,Four Way,14,2942724.82065792,1906313.71832823,41.87611153,-87.7941012,,Urban,1,N,(N/A),Y,(N/A)