crash_year,crash_date,day_of_week,crash_hour,time_of_crash,crash_severity,crash_injury_severity,total_injured,total_fatals,a_injuries,b_injuries,c_injuries,no_injuries,type_of_first_crash,collision_type_code,pedestrian_involved,pedalcyclist_involved,cause1,cause2,lighting_cond,weather_cond,road_surface_cond,intersection_related,is_intersection,highway_or_street_name,at_intersection_with,address_no,traffic_control_device,traffic_control_device_cond,hit_and_run,number_of_vehicles,latitude,longitude,location_status,access_control,agency_code,agency_report_number,agency_report_year,alignment_code,cause1_code,cause2_code,city_class,city_class_code,city_code,city_name,city_township_flag,class_of_trafficway,class_of_trafficway_code,county_code,crash_day,crash_id,crash_month,crash_report_county,crash_severity_cd,crash_yr_source,damaged_property1,damaged_property2,day_of_week_code,did_crash_occur_in_work_zone,did_involve_secondary_crash,flow_condition,icn,investigating_agency_descrip,light_condition_code,mile_station,nhs,non_intersection_direction,non_intersection_distance,non_intersection_units,number_of_lanes,objectid,railroad_crossing_number,road_alignment,road_defects,road_defects_code,road_surface_condition_code,roadway_functional_class,roadway_functional_class_code,route_number,sfe,toll,township,traffic_control_device_code,traffic_control_device_cond_code,trafficway_descrip,trafficway_description_code,ts_crash_coordinate_x,ts_crash_coordinate_y,ts_crash_latitude,ts_crash_longitude,type_report,urban_rural,weather_code,were_workers_present,work_zone,work_zone_related,work_zone_type
2023,2023-03-25,Saturday,16,04:38 PM,Property Damage,No Injuries,0,0,0,0,0,3,Front to Rear,11,N,N,Following Too Closely,Failing to Reduce Speed to Avoid Crash,Daylight,Clear,Dry,N,,,,,Other Regualtory Sig,Functioning Properly,Y,3,41.8736435,-87.8040936,ok,Partial Access Control,3,03-23-05234,2023,,3,28,50000 and OVER,9,4295,Oak Park,C,Urban InterState,,16,25,12121329,3,Cook,0,23,,,6,N,No,(UNK),202301092967,ISP,1,0,Y,,,,(UNK),278567,(N/A),(UNK),No Defects,1,1,InterState,1,,X002965010,Not Toll,,10,4,Divided With Median Barrier,3,2940029.76862596,1905336.40673413,41.87363568,-87.80408777,,Urban,1,N,(N/A),Y,(N/A)
2023,2023-09-17,Sunday,11,11:25 AM,Property Damage,No Injuries,0,0,0,0,0,2,Front to Rear,11,N,N,Following Too Closely,(N/A),Daylight,Clear,Dry,Y,,,,,Traffic Signal,Unknown,N,2,41.9089219,-87.8057866,ok,(UNK),1,JG427845,2023,,3,99,50000 and OVER,9,4295,Oak Park,C,Urban Other Principal Arte,,16,17,12333936,9,Cook,0,23,,,7,N,No,Free Flow,202301294669,City,1,17.64999962,Y,,,,(UNK),279615,(N/A),(UNK),No Defects,1,1,Other Principal Arterial,3,348,X003154040,Not Toll,73,3,9,Not Divided,1,2939214.72849199,1918179.80125883,41.90891404,-87.80578079,,Urban,1,N,(N/A),Y,(N/A)
2023,2023-09-16,Saturday,14,02:25 PM,Property Damage,No Injuries,0,0,0,0,0,4,Front to Rear,11,N,N,Physical Condition of Driver,Following Too Closely,Daylight,Rain,Wet,Y,,,,,Traffic Signal,Functioning Properly,Y,2,41.8796677,-87.8047335,ok,(UNK),1,23-02852,2023,,17,3,50000 and OVER,9,4295,Oak Park,C,Urban Other Principal Arte,,16,16,12333372,9,Cook,0,23,,,6,N,Yes,Stopped,202301295517,City,1,19.68000031,Y,,,,(UNK),279804,(N/A),(UNK),No Defects,1,2,Other Principal Arterial,3,348,X003153493,Not Toll,73,3,4,Not Divided,1,2939795.03286115,1907526.91077168,41.87965982,-87.80472768,,Urban,2,N,(N/A),Y,(N/A)
2023,2023-01-07,Saturday,19,07:05 PM,Property Damage,No Injuries,0,0,0,0,0,4,Sideswipe Same Direction,12,N,N,Improper Lane Usage,Improper Overtaking/Passing,Darkness / Lighted Road,Cloudy/Overcast,Dry,N,,,,,No Controls,No Controls,Y,2,41.9091221,-87.787413,ok,(UNK),1,2300129,2023,,20,4,50000 and OVER,9,4295,Oak Park,C,Urban Other Principal Arte,,16,7,12033768,1,Cook,0,23,,,6,N,No,Free Flow,202301014701,City,5,6.86999989,Y,,,,(UNK),279904,(N/A),(UNK),No Defects,1,1,Other Principal Arterial,3,307,X002888633,Not Toll,73,1,1,"Divided, No Median Barrier",2,2944214.29405798,1918391.0411581,41.90911426,-87.7874072,,Urban,8,N,(N/A),Y,(N/A)
2023,2023-01-14,Saturday,13,01:14 PM,Property Damage,No Injuries,0,0,0,0,0,4,Turning,10,N,N,Improper Turning/No Signal,Unable to Determine,Daylight,Clear,Dry,Y,,,,,Stop Sign,Functioning Properly,N,2,41.8723109,-87.8044659,ok,(UNK),1,23-00132,2023,,6,18,50000 and OVER,9,4295,Oak Park,C,Urban Other Principal Arte,,16,14,12040188,1,Cook,0,23,,,6,N,No,Free Flow,202301019180,City,1,20.18000031,Y,,,,(UNK),279979,(N/A),(UNK),No Defects,1,1,Other Principal Arterial,3,348,X002893949,Not Toll,73,2,4,"Divided, No Median Barrier",2,2939941.72044245,1904847.96714933,41.87230301,-87.80446014,,Urban,1,N,(N/A),Y,(N/A)
2023,2023-01-05,Thursday,16,04:45 PM,Property Damage,No Injuries,0,0,0,0,0,2,Front to Rear,11,N,N,Following Too Closely,Failing to Reduce Speed to Avoid Crash,Darkness / Lighted Road,Freezing Rain or,Wet,N,,,,,Traffic Signal,Functioning Properly,N,2,41.8815747,-87.7951969,ok,(UNK),1,2300089,2023,,3,28,50000 and OVER,9,4295,Oak Park,C,Urban Major Collector,,16,5,12030941,1,Cook,0,23,,,4,N,No,Slow,202301012788,City,5,0.49000001,N,,,,(UNK),280082,(N/A),(UNK),No Defects,1,2,Major Collector,5,5,X002886261,Not Toll,73,3,4,Not Divided,1,2942373.02675264,1908293.52976048,41.88156686,-87.79519107,,Urban,10,N,(N/A),Y,(N/A)
2023,2023-01-05,Thursday,14,02:55 PM,Property Damage,No Injuries,0,0,0,0,0,3,Angle,15,N,N,Failing to Reduce Speed to Avoid Crash,Unable to Determine,Daylight,Clear,Dry,N,,,,,No Controls,No Controls,Y,2,41.9039033,-87.7757696,ok,(UNK),1,2300086,2023,,28,18,50000 and OVER,9,4295,Oak Park,C,Urban Local Road or Street,,16,5,12030936,1,Cook,0,23,,,4,N,No,Free Flow,202301012785,City,1,0,N,,,,(UNK),280154,(N/A),(UNK),No Defects,1,1,Local Road or Street,7,,X002886257,Not Toll,73,1,1,Not Divided,1,2947436.85309198,1916577.37416178,41.90389543,-87.77576379,,Urban,1,N,(N/A),Y,(N/A)
2023,2023-01-08,Sunday,14,02:00 PM,Injury,B Injury Crash,1,0,0,1,0,1,Turning,10,N,N,Improper Lane Usage,(N/A),Daylight,Clear,Dry,Y,,,,,Stop Sign,Functioning Properly,N,2,41.8727438,-87.7780655,ok,(UNK),1,2300137,2023,,20,99,50000 and OVER,9,4295,Oak Park,C,Urban Local Road or Street,,16,8,12033924,1,Cook,2,23,,,7,N,No,Free Flow,202301014711,City,1,0,N,,,,(UNK),280175,(N/A),(UNK),No Defects,1,1,Local Road or Street,7,,X002888645,Not Toll,73,2,4,Not Divided,1,2947128.07448349,1905204.85787004,41.87273601,-87.77805969,,Urban,1,N,(N/A),Y,(N/A)
2023,2023-09-16,Saturday,8,08:29 AM,Property Damage,No Injuries,0,0,0,0,0,2,Sideswipe Same Direction,12,N,N,Unable to Determine,(N/A),Daylight,Clear,Dry,N,,,,,No Controls,No Controls,N,2,41.8678054,-87.8043057,ok,(UNK),1,2305829,2023,,18,99,50000 and OVER,9,4295,Oak Park,C,Urban Other Principal Arte,,16,16,12336467,9,Cook,0,23,,,6,N,No,Free Flow,202301296926,City,1,20.5,Y,,,,(UNK),280282,(N/A),(UNK),No Defects,1,1,Other Principal Arterial,3,348,X003156249,Not Toll,73,1,1,"Divided, No Median Barrier",2,2940030.56797123,1903207.29573146,41.86779754,-87.80429992,,Urban,1,N,(N/A),Y,(N/A)
2023,2023-09-16,Saturday,10,10:50 AM,Property Damage,No Injuries,0,0,0,0,0,1,Parked Motor Vehicle,9,N,N,Failing to Reduce Speed to Avoid Crash,(N/A),Daylight,Clear,Dry,N,,,,,No Controls,No Controls,N,2,41.8765134,-87.7757564,ok,(UNK),1,2305831,2023,,28,99,50000 and OVER,9,4295,Oak Park,C,Urban Local Road or Street,,16,16,12336483,9,Cook,0,23,,,6,N,No,Free Flow,202301296939,City,1,0,N,,,,(UNK),280306,(N/A),(UNK),No Defects,1,1,Local Road or Street,7,,X003156262,Not Toll,73,1,1,"Divided, No Median Barrier",2,2947718.72021858,1906596.08599192,41.87650559,-87.77575059,,Urban,1,N,(N/A),Y,(N/A)
2023,2023-09-16,Saturday,18,06:08 PM,Property Damage,No Injuries,0,0,0,0,0,2,Rear to Front,18,N,N,Improper Backing,Failing to Reduce Speed to Avoid Crash,Daylight,Cloudy/Overcast,Dry,N,,,,,Traffic Signal,Functioning Properly,N,2,41.9020094,-87.7753558,ok,(UNK),1,2305843,2023,,30,28,50000 and OVER,9,4295,Oak Park,C,Urban Minor Arterial,,16,16,12336487,9,Cook,0,23,,,6,N,No,Stopped,202301296943,City,1,2.56999993,N,,,,(UNK),280307,(N/A),(UNK),No Defects,1,1,Minor Arterial,4,1394,X003156266,Not Toll,,3,4,Not Divided,1,2947568.73840542,1915890.32876196,41.9020015,-87.77535005,,Urban,8,N,(N/A),Y,(N/A)
2023,2023-11-15,Wednesday,16,04:45 PM,Property Damage,No Injuries,0,0,0,0,0,2,Rear to Front,18,N,N,Unable to Determine,(N/A),Daylight,Clear,Dry,Y,,,,,No Controls,No Controls,N,2,41.9090498,-87.7949379,ok,(UNK),1,JG505774,2023,,18,99,50000 and OVER,9,4295,Oak Park,C,Urban Other Principal Arte,,16,15,12415426,11,Cook,0,23,,,3,N,No,Stopped,202301370764,City,1,6.48999977,Y,,,,(UNK),280911,(N/A),(UNK),No Defects,1,1,Other Principal Arterial,3,307,X003225835,Not Toll,73,1,1,"Divided, No Median Barrier",2,2942166.62217217,1918307.93797398,41.90904197,-87.79493212,,Urban,1,N,(N/A),Y,(N/A)
2023,2023-11-16,Thursday,7,07:53 AM,Property Damage,No Injuries,0,0,0,0,0,2,Sideswipe Same Direction,12,N,N,Improper Lane Usage,Failing to Reduce Speed to Avoid Crash,Daylight,Clear,Dry,N,,,,,No Controls,Functioning Properly,N,2,41.8737613,-87.8043462,ok,Partial Access Control,3,03-23-21737,2023,,20,28,50000 and OVER,9,4295,Oak Park,C,Urban InterState,,16,16,12415389,11,Cook,0,23,,,4,N,No,(UNK),202301370727,ISP,1,7.71000004,Y,,,,(UNK),281517,(N/A),(UNK),No Defects,1,1,InterState,1,290,X003225797,Not Toll,73,1,4,Divided With Median Barrier,3,2939959.76665829,1905377.42020209,41.87375343,-87.80434045,,Urban,1,N,(N/A),Y,(N/A)
2023,2023-09-18,Monday,12,12:22 PM,Property Damage,No Injuries,0,0,0,0,0,2,Turning,10,N,N,Unable to Determine,Unable to Determine,Daylight,Clear,Dry,Y,,,,,Stop Sign,Functioning Properly,N,2,41.8669836,-87.793826,ok,(UNK),1,2305879,2023,,18,18,50000 and OVER,9,4295,Oak Park,C,Urban Major Collector,,16,18,12336546,9,Cook,0,23,,,1,N,No,Free Flow,202301296999,City,1,7.03999996,N,,,,(UNK),282088,(N/A),(UNK),No Defects,1,1,Major Collector,5,2775,X003156322,Not Toll,73,2,4,Not Divided,1,2942893.44341573,1902986.6035119,41.86697578,-87.79382016,,Urban,1,N,(N/A),Y,(N/A)
2023,2023-09-18,Monday,13,01:20 PM,Property Damage,No Injuries,0,0,0,0,0,3,Front to Rear,11,N,N,Failing to Reduce Speed to Avoid Crash,Unable to Determine,Daylight,Cloudy/Overcast,Dry,N,,,,,Traffic Signal,Functioning Properly,N,2,41.8885678,-87.8050273,ok,(UNK),1,2305880,2023,,28,18,50000 and OVER,9,4295,Oak Park,C,Urban Other Principal Arte,,16,18,12336549,9,Cook,0,23,,,1,N,No,Slow,202301297004,City,1,19.05999947,Y,,,,(UNK),282089,(N/A),(UNK),No Defects,1,1,Other Principal Arterial,3,348,X003156325,Not Toll,73,3,4,Four Way,14,2939625.72172031,1910768.08642473,41.88855997,-87.80502146,,Urban,8,N,(N/A),Y,(N/A)
2023,2023-09-15,Friday,5,05:44 AM,Property Damage,No Injuries,0,0,0,0,0,2,Front to Rear,11,N,N,Failing to Reduce Speed to Avoid Crash,Following Too Closely,Dawn,Clear,Dry,Y,,,,,Pedestrian Crossing,Functioning Properly,N,2,41.8797216,-87.7973794,ok,(UNK),1,2305797,2023,,28,3,50000 and OVER,9,4295,Oak Park,C,Urban Minor Arterial,,16,15,12336418,9,Cook,0,23,,,5,N,No,Stopped,202301296883,City,2,3.44000006,N,,,,(UNK),282295,(N/A),(UNK),No Defects,1,1,Minor Arterial,4,1419,X003156204,Not Toll,73,17,4,Not Divided,1,2941797.31855541,1907601.7928922,41.87971373,-87.79737355,,Urban,1,N,(N/A),Y,(N/A)
2023,2023-09-17,Sunday,19,07:14 PM,Property Damage,No Injuries,0,0,0,0,0,2,Parked Motor Vehicle,9,N,N,Distraction - From Inside Vehicle,Failing to Reduce Speed to Avoid Crash,Darkness / Lighted Road,Cloudy/Overcast,Unknown,N,,,,,No Controls,No Controls,N,2,41.8979237,-87.8020205,ok,(UNK),1,2305862,2023,,41,28,50000 and OVER,9,4295,Oak Park,C,Urban Local Road or Street,,16,17,12336536,9,Cook,0,23,,,7,N,No,Slow,202301296990,City,5,0,N,,,,(UNK),282360,(N/A),(UNK),No Defects,1,9,Local Road or Street,7,,X003156313,Not Toll,73,1,1,Not Divided,1,2940350.44527497,1914200.11770053,41.89791589,-87.80201474,,Urban,8,N,(N/A),Y,(N/A)
2023,2023-09-15,Friday,22,10:47 PM,Property Damage,No Injuries,0,0,0,0,0,2,Front to Rear,11,N,N,Unable to Determine,(N/A),Darkness / Lighted Road,Clear,Dry,Y,,,,,Traffic Signal,Functioning Properly,N,2,41.8735079,-87.8045189,ok,Partial Access Control,1,2305823,2023,,18,99,50000 and OVER,9,4295,Oak Park,C,Urban InterState,,16,15,12336466,9,Cook,0,23,,,5,N,No,Stopped,202301296925,City,5,7.69999981,Y,,,,(UNK),282529,(N/A),(UNK),No Defects,1,1,InterState,1,290,X003156248,Not Toll,73,3,4,Divided With Median Barrier,3,2939915.29244011,1905283.77862031,41.87350002,-87.80451307,,Urban,1,N,(N/A),Y,(N/A)
2023,2023-09-20,Wednesday,13,01:50 PM,Property Damage,No Injuries,0,0,0,0,0,2,Front to Rear,11,N,N,Following Too Closely,Failing to Reduce Speed to Avoid Crash,Daylight,Clear,Dry,N,,,,,No Controls,No Controls,Y,2,41.8713403,-87.7761225,ok,Partial Access Control,3,03-23-17955,2023,,3,28,50000 and OVER,9,4295,Oak Park,C,Urban InterState,,16,20,12346213,9,Cook,0,23,,,3,N,No,(UNK),202301305895,ISP,1,9.11999989,Y,,,,(UNK),282802,(N/A),(UNK),No Defects,1,1,InterState,1,290,X003164944,Not Toll,73,1,1,Divided With Median Barrier,3,2947671.52689719,1904708.11894467,41.87133246,-87.77611675,,Urban,1,N,(N/A),Y,(N/A)
2023,2023-12-17,Sunday,12,12:58 PM,Property Damage,No Injuries,0,0,0,0,0,2,Sideswipe Same Direction,12,N,N,Improper Lane Usage,Failing to Reduce Speed to Avoid Crash,Daylight,Clear,Dry,N,,,,,Delineators,Functioning Properly,N,2,41.8735075,-87.8045148,ok,Partial Access Control,3,03-23-23859,2023,,20,28,50000 and OVER,9,4295,Oak Park,C,Urban InterState,,16,17,12462498,12,Cook,0,23,,,7,N,No,(UNK),202301416402,ISP,1,7.69999981,Y,,,,(UNK),283159,(N/A),(UNK),No Defects,1,1,InterState,1,290,X003267678,Not Toll,73,14,4,Divided With Median Barrier,3,2939916.41433244,1905283.66369797,41.87349962,-87.80450897,,Urban,1,N,(N/A),Y,(N/A)
2023,2023-12-15,Friday,13,01:51 PM,Property Damage,No Injuries,0,0,0,0,0,3,Angle,15,N,N,Disregarding Stop Sign,Failing to Reduce Speed to Avoid Crash,Daylight,Clear,Dry,Y,,,,,Stop Sign,Functioning Properly,N,3,41.9017678,-87.7912069,ok,(UNK),1,2307899,2023,,23,28,50000 and OVER,9,4295,Oak Park,C,Urban Major Collector,,16,15,12455586,12,Cook,0,23,,,5,N,Yes,Free Flow,202301408807,City,1,1.73000002,N,,,,(UNK),283308,(N/A),(UNK),No Defects,1,1,Major Collector,5,1394,X003261537,Not Toll,73,2,4,Not Divided,1,2943255.78817498,1915682.35848734,41.90175999,-87.79120111,,Urban,1,N,(N/A),Y,(N/A)
2023,2023-12-21,Thursday,9,09:39 AM,Property Damage,No Injuries,0,0,0,0,0,2,Turning,10,N,N,Failing to Yield Right of Way,Failing to Reduce Speed to Avoid Crash,Daylight,Clear,Dry,Y,,,,,No Controls,No Controls,N,2,41.8671403,-87.7840159,ok,(UNK),1,2308010,2023,,2,28,50000 and OVER,9,4295,Oak Park,C,Urban Major Collector,,16,21,12460522,12,Cook,0,23,,,4,N,Yes,Free Flow,202301413978,City,1,2.41000009,N,,,,(UNK),283400,(N/A),(UNK),No Defects,1,1,Major Collector,5,2783,X003265841,Not Toll,73,1,1,"Divided, No Median Barrier",2,2945564.06736381,1903117.74591126,41.86713243,-87.78401011,,Urban,1,N,(N/A),Y,(N/A)
2023,2023-12-15,Friday,19,07:51 PM,Property Damage,No Injuries,0,0,0,0,0,5,Turning,10,N,N,Failing to Yield Right of Way,Failing to Reduce Speed to Avoid Crash,Darkness / Lighted Road,Clear,Dry,Y,,,,,Stop Sign,Functioning Properly,N,2,41.8779391,-87.7941764,ok,(UNK),1,2307909,2023,,2,28,50000 and OVER,9,4295,Oak Park,C,Urban Major Collector,,16,15,12455605,12,Cook,0,23,,,5,N,No,Free Flow,202301408825,City,5,6.28999996,N,,,,(UNK),283409,(N/A),(UNK),No Defects,1,1,Major Collector,5,2775,X003261555,Not Toll,73,2,4,Four Way,14,2942687.57661709,1906976.33166068,41.87793124,-87.79417061,,Urban,1,N,(N/A),Y,(N/A)
2023,2023-12-15,Friday,15,03:05 PM,Property Damage,No Injuries,0,0,0,0,0,2,Parked Motor Vehicle,9,N,N,Failing to Yield Right of Way,(N/A),Daylight,Clear,Dry,N,,,,,No Controls,No Controls,N,2,41.903057,-87.7827216,ok,(UNK),1,2307902,2023,,2,99,50000 and OVER,9,4295,Oak Park,C,Urban Local Road or Street,,16,15,12455589,12,Cook,0,23,,,5,N,No,Free Flow,202301408810,City,1,0,N,,,,(UNK),283505,(N/A),(UNK),No Defects,1,1,Local Road or Street,7,,X003261540,Not Toll,73,1,1,Not Divided,1,2945552.83012258,1916216.27454609,41.90304916,-87.78271579,,Urban,1,N,(N/A),Y,(N/A)
2023,2023-12-17,Sunday,3,03:28 AM,Property Damage,No Injuries,0,0,0,0,0,3,Front to Rear,11,N,N,Following Too Closely,Failing to Reduce Speed to Avoid Crash,Darkness,Rain,Wet,Y,,,,,Traffic Signal,Functioning Properly,Y,2,41.8763975,-87.7745058,ok,(UNK),1,2307931,2023,,3,28,50000 and OVER,9,4295,Oak Park,C,Urban Minor Arterial,,16,17,12455607,12,Cook,0,23,,,7,N,No,Slow,202301408827,City,4,0,N,,,,(UNK),283507,(N/A),(UNK),No Defects,1,2,Minor Arterial,4,1422,X003261557,Not Toll,,3,4,Not Divided,1,2948060.50365163,1906563.32152457,41.87638963,-87.77449999,,Urban,2,N,(N/A),Y,(N/A)
2023,2023-12-21,Thursday,12,12:00 PM,Property Damage,No Injuries,0,0,0,0,0,2,Front to Rear,11,N,N,Following Too Closely,Failing to Reduce Speed to Avoid Crash,Daylight,Cloudy/Overcast,Unknown,N,,,,,Traffic Signal,Unknown,N,2,41.8821262,-87.7747942,ok,(UNK),1,2308011,2023,,3,28,50000 and OVER,9,4295,Oak Park,C,Urban Minor Arterial,,16,21,12460523,12,Cook,0,23,,,4,N,No,Slow,202301413979,City,1,1.53999996,N,,,,(UNK),283582,(N/A),(UNK),Unknown,99,9,Minor Arterial,4,5,X003265842,Not Toll,,3,9,"Divided, No Median Barrier",2,2947923.73594742,1908648.77066999,41.88211831,-87.77478842,,Urban,8,N,(N/A),N,(N/A)
2023,2023-12-15,Friday,0,00:30 AM,Property Damage,No Injuries,0,0,0,0,0,1,Parked Motor Vehicle,9,N,N,Driving Skills/Knowledge/Experience,(N/A),Darkness / Lighted Road,Clear,Dry,N,,,,,No Controls,No Controls,N,2,41.8830389,-87.7999749,ok,(UNK),1,2307889,2023,,15,99,50000 and OVER,9,4295,Oak Park,C,Urban Local Road or Street,,16,15,12455584,12,Cook,0,23,,,5,N,No,Free Flow,202301408805,City,5,0,N,,,,(UNK),283749,(N/A),(UNK),No Defects,1,1,Local Road or Street,7,,X003261535,Not Toll,73,1,1,Not Divided,1,2941057.09858628,1908791.16368353,41.88303103,-87.79996907,,Urban,1,N,(N/A),Y,(N/A)
2023,2023-12-16,Saturday,13,01:46 PM,Injury,C Injury Crash,2,0,0,0,2,0,Front to Rear,11,N,N,Following Too Closely,Distraction - From Inside Vehicle,Daylight,Rain,Wet,N,,,,,No Controls,No Controls,N,2,41.875421,-87.7995212,ok,(UNK),1,2307925,2023,,3,41,50000 and OVER,9,4295,Oak Park,C,Urban Local Road or Street,,16,16,12455625,12,Cook,1,23,,,6,N,No,Free Flow,202301408849,City,1,0,N,,,,(UNK),283895,(N/A),(UNK),No Defects,1,2,Local Road or Street,7,,X003261575,Not Toll,73,1,1,Not Divided,1,2941257.24899788,1906018.48422258,41.87541317,-87.79951542,,Urban,2,N,(N/A),Y,(N/A)
2023,2023-03-02,Thursday,15,03:15 PM,Property Damage,No Injuries,0,0,0,0,0,2,Front to Rear,11,N,N,Failing to Reduce Speed to Avoid Crash,Improper Lane Usage,Daylight,Clear,Dry,N,,,,,Other Regualtory Sig,Functioning Properly,N,2,41.8716539,-87.7839967,ok,Partial Access Control,3,03-23-03711,2023,,28,20,50000 and OVER,9,4295,Oak Park,C,Urban InterState,,16,2,12097202,3,Cook,0,23,,,4,N,No,(UNK),202301070589,ISP,1,8.72000027,Y,,,,(UNK),284113,(N/A),(UNK),No Defects,1,1,InterState,1,290,X002943586,Not Toll,73,10,4,Divided With Median Barrier,3,2945523.62349341,1904762.74542211,41.87164608,-87.78399088,,Urban,1,N,(N/A),Y,(N/A)
2023,2023-02-28,Tuesday,17,05:34 PM,Property Damage,No Injuries,0,0,0,0,0,2,Front to Rear,11,N,N,Unable to Determine,Unable to Determine,Dusk,Cloudy/Overcast,Dry,N,,,,,No Controls,No Controls,N,2,41.8881801,-87.7798783,ok,(UNK),1,2301203,2023,,18,18,50000 and OVER,9,4295,Oak Park,C,Urban Major Collector,,16,28,12094073,2,Cook,0,23,,,2,N,No,Free Flow,202301066937,City,3,1.09000003,N,,,,(UNK),284235,(N/A),(UNK),No Defects,1,1,Major Collector,5,1405,X002940799,Not Toll,73,1,1,Not Divided,1,2946477.79405715,1910816.39170777,41.8881723,-87.77987249,,Urban,8,N,(N/A),Y,(N/A)
2023,2023-02-14,Tuesday,1,01:46 AM,Injury,B Injury Crash,1,0,0,1,0,1,Sideswipe Same Direction,12,N,N,Failing to Reduce Speed to Avoid Crash,Improper Lane Usage,Darkness / Lighted Road,Clear,Dry,N,,,,,No Controls,Functioning Properly,N,2,41.8726405,-87.7956613,ok,Partial Access Control,3,03-23-02665,2023,,28,20,50000 and OVER,9,4295,Oak Park,C,Urban InterState,,16,14,12080061,2,Cook,2,23,,,2,N,No,(UNK),202301053750,ISP,5,8.10999966,Y,,,,(UNK),284376,(N/A),(UNK),No Defects,1,1,InterState,1,290,X002928333,Not Toll,,1,4,Divided With Median Barrier,3,2942336.53945253,1905034.23499601,41.87263262,-87.79565549,,Urban,1,N,(N/A),Y,(N/A)
2023,2023-01-17,Tuesday,16,04:44 PM,Property Damage,No Injuries,0,0,0,0,0,3,Sideswipe Same Direction,12,N,N,Failing to Yield Right of Way,Failing to Reduce Speed to Avoid Crash,Darkness / Lighted Road,Clear,Dry,N,,,,,Traffic Signal,Functioning Properly,Y,2,41.894717,-87.7752245,ok,(UNK),1,2300325,2023,,2,28,50000 and OVER,9,4295,Oak Park,C,Urban Minor Arterial,,16,17,12043734,1,Cook,0,23,,,2,N,No,Free Flow,202301022456,City,5,4.13000011,N,,,,(UNK),284482,(N/A),(UNK),No Defects,1,1,Minor Arterial,4,1398,X002897236,Not Toll,73,3,4,"Divided, No Median Barrier",2,2947678.6220051,1913233.84176341,41.89470913,-87.77521867,,Urban,1,N,(N/A),Y,(N/A)
2023,2023-09-05,Tuesday,12,12:31 PM,Property Damage,No Injuries,0,0,0,0,0,2,Front to Rear,11,N,N,Failing to Reduce Speed to Avoid Crash,Driving Skills/Knowledge/Experience,Daylight,Clear,Dry,N,,,,,Other,Functioning Properly,N,2,41.8709437,-87.7742934,ok,Partial Access Control,3,03-23-16468,2023,,28,15,50000 and OVER,9,4295,Oak Park,C,Urban InterState,,16,5,12337958,9,Cook,0,23,,,2,N,No,(UNK),202301298323,ISP,1,9.21000004,Y,,,,(UNK),284951,(N/A),(UNK),No Defects,1,1,InterState,1,290,X003157654,Not Toll,,13,4,Divided With Median Barrier,3,2948173.76201295,1904577.48250122,41.87093587,-87.77428765,,Urban,1,N,(N/A),Y,(N/A)
2023,2023-09-19,Tuesday,11,11:45 AM,Property Damage,No Injuries,0,0,0,0,0,2,Sideswipe Same Direction,12,N,N,Improper Turning/No Signal,Driving Skills/Knowledge/Experience,Daylight,Rain,Wet,N,,,,,No Controls,No Controls,N,2,41.8848028,-87.8048933,ok,(UNK),1,23-02878,2023,,6,15,50000 and OVER,9,4295,Oak Park,C,Urban Other Principal Arte,,16,19,12336816,9,Cook,0,23,,,2,N,No,Free Flow,202301297247,City,1,19.31999969,Y,,,,(UNK),285070,(N/A),(UNK),No Defects,1,2,Other Principal Arterial,3,348,X003156568,Not Toll,73,1,1,"Divided, No Median Barrier",2,2939699.97623873,1909397.03473922,41.88479491,-87.80488752,,Urban,2,N,(N/A),Y,(N/A)
2023,2023-11-16,Thursday,8,08:29 AM,Property Damage,No Injuries,0,0,0,0,0,3,Sideswipe Same Direction,12,N,N,Improper Lane Usage,(N/A),Daylight,Clear,Dry,Y,,,,,No Controls,No Controls,N,2,41.9052131,-87.805667,ok,(UNK),1,2301451,2023,,20,99,50000 and OVER,9,4295,Oak Park,C,Urban Other Principal Arte,,16,16,12415901,11,Cook,0,23,,,4,N,No,Free Flow,202301371179,City,1,17.89999962,Y,,,,(UNK),285861,(N/A),(UNK),No Defects,1,1,Other Principal Arterial,3,348,X003226254,Not Toll,73,1,1,Four Way,14,2939284.4925146,1916829.13321755,41.90520522,-87.80566124,,Urban,1,N,(N/A),Y,(N/A)
2023,2023-11-21,Tuesday,17,05:41 PM,Property Damage,No Injuries,0,0,0,0,0,2,Sideswipe Same Direction,12,N,N,Improper Overtaking/Passing,Failing to Reduce Speed to Avoid Crash,Daylight,Clear,Dry,N,,,,,Stop Sign,Functioning Properly,Y,2,41.8814551,-87.8023779,ok,(UNK),1,2307367,2023,,4,28,50000 and OVER,9,4295,Oak Park,C,Urban Major Collector,,16,21,12423618,11,Cook,0,23,,,2,N,No,Stopped,202301379188,City,1,0.12,N,,,,(UNK),286301,(N/A),(UNK),No Defects,1,1,Major Collector,5,5,X003233331,Not Toll,73,2,4,Not Divided,1,2940418.59055811,1908195.94524367,41.88144722,-87.80237214,,Urban,1,N,(N/A),Y,(N/A)