crash_year,crash_date,day_of_week,crash_hour,time_of_crash,crash_severity,crash_injury_severity,total_injured,total_fatals,a_injuries,b_injuries,c_injuries,no_injuries,type_of_first_crash,collision_type_code,pedestrian_involved,pedalcyclist_involved,cause1,cause2,lighting_cond,weather_cond,road_surface_cond,intersection_related,is_intersection,highway_or_street_name,at_intersection_with,address_no,traffic_control_device,traffic_control_device_cond,hit_and_run,number_of_vehicles,latitude,longitude,location_status,access_control,agency_code,agency_report_number,agency_report_year,alignment_code,cause1_code,cause2_code,city_class,city_class_code,city_code,city_name,city_township_flag,class_of_trafficway,class_of_trafficway_code,county_code,crash_day,crash_id,crash_month,crash_report_county,crash_severity_cd,crash_yr_source,damaged_property1,damaged_property2,day_of_week_code,did_crash_occur_in_work_zone,did_involve_secondary_crash,flow_condition,icn,investigating_agency_descrip,light_condition_code,mile_station,nhs,non_intersection_direction,non_intersection_distance,non_intersection_units,number_of_lanes,objectid,railroad_crossing_number,road_alignment,road_defects,road_defects_code,road_surface_condition_code,roadway_functional_class,roadway_functional_class_code,route_number,sfe,toll,township,traffic_control_device_code,traffic_control_device_cond_code,trafficway_descrip,trafficway_description_code,ts_crash_coordinate_x,ts_crash_coordinate_y,ts_crash_latitude,ts_crash_longitude,type_report,urban_rural,weather_code,were_workers_present,work_zone,work_zone_related,work_zone_type
2023,2023-01-07,Saturday,14,02:29 PM,Property Damage,No Injuries,0,0,0,0,0,4,Front to Rear,11,N,N,Failing to Reduce Speed to Avoid Crash,Following Too Closely,Daylight,Clear,Dry,N,,,,,No Controls,Functioning Properly,N,3,41.8729237,-87.7985227,ok,Partial Access Control,3,03-23-00797,2023,,28,3,50000 and OVER,9,4295,Oak Park,C,Urban InterState,,16,7,12040526,1,Cook,0,23,,,6,N,No,(UNK),202301019491,ISP,1,7.98000002,Y,,,,(UNK),286561,(N/A),(UNK),No Defects,1,1,InterState,1,290,X002894286,Not Toll,73,1,4,Divided With Median Barrier,3,2941554.3266385,1905115.9257213,41.87291586,-87.7985169,,Urban,1,N,(N/A),Y,(N/A)
2023,2023-11-17,Friday,17,05:46 PM,Property Damage,No Injuries,0,0,0,0,0,2,Front to Rear,11,N,N,Failing to Reduce Speed to Avoid Crash,Unable to Determine,Darkness / Lighted Road,Clear,Dry,N,,,,,No Controls,No Controls,N,2,41.8944341,-87.7848631,ok,(UNK),1,2307264,2023,,28,18,50000 and OVER,9,4295,Oak Park,C,Urban Major Collector,,16,17,12417216,11,Cook,0,23,,,5,N,No,Stopped,202301372633,City,5,0.50999999,N,,,,(UNK),286734,(N/A),(UNK),No Defects,1,1,Major Collector,5,2783,X003227479,Not Toll,73,1,1,"Divided, No Median Barrier",2,2945057.12077779,1913057.71326341,41.89442625,-87.78485725,,Urban,1,N,(N/A),Y,(N/A)
2023,2023-11-20,Monday,17,05:30 PM,Property Damage,No Injuries,0,0,0,0,0,2,Angle,15,N,N,Failing to Yield Right of Way,(N/A),Darkness / Lighted Road,Freezing Rain or,Dry,Y,,,,,No Controls,No Controls,N,2,41.9070578,-87.8057278,ok,(UNK),1,2307352,2023,,2,99,50000 and OVER,9,4295,Oak Park,C,Urban Other Principal Arte,,16,20,12423619,11,Cook,0,23,,,1,N,No,Slow,202301379189,City,5,17.78000069,Y,,,,(UNK),287024,(N/A),(UNK),No Defects,1,1,Other Principal Arterial,3,348,X003233332,Not Toll,73,1,1,Not Divided,1,2939249.4290155,1917500.93754773,41.90704996,-87.80572204,,Urban,10,N,(N/A),Y,(N/A)
2023,2023-11-21,Tuesday,15,03:49 PM,Property Damage,No Injuries,0,0,0,0,0,1,Parked Motor Vehicle,9,N,N,Improper Lane Usage,Failing to Reduce Speed to Avoid Crash,Daylight,Clear,Dry,N,,,,,No Controls,No Controls,N,2,41.8702132,-87.793918,ok,(UNK),1,2307363,2023,,20,28,50000 and OVER,9,4295,Oak Park,C,Urban Major Collector,,16,21,12423620,11,Cook,0,23,,,2,N,No,Free Flow,202301379190,City,1,6.82000017,N,,,,(UNK),287025,(N/A),(UNK),No Defects,1,1,Major Collector,5,2775,X003233333,Not Toll,73,1,1,"Divided, No Median Barrier",2,2942835.81892221,1904162.81567442,41.87020533,-87.79391222,,Urban,1,N,(N/A),Y,(N/A)
2023,2023-03-13,Monday,8,08:02 AM,Property Damage,No Injuries,0,0,0,0,0,2,Front to Rear,11,N,N,Following Too Closely,Failing to Reduce Speed to Avoid Crash,Daylight,Clear,Wet,N,,,,,No Controls,No Controls,N,2,41.8731612,-87.7985182,ok,Partial Access Control,3,03-23-04361,2023,,3,28,50000 and OVER,9,4295,Oak Park,C,Urban InterState,,16,13,12109703,3,Cook,0,23,,,1,N,No,(UNK),202301082270,ISP,1,0,Y,,,,(UNK),287114,(N/A),(UNK),No Defects,1,2,InterState,1,290,X002954562,Not Toll,,1,1,Divided With Median Barrier,3,2941553.16835768,1905202.52243424,41.87315339,-87.79851238,,Urban,1,N,(N/A),Y,(N/A)
2023,2023-03-07,Tuesday,12,12:33 PM,Injury,B Injury Crash,1,0,0,1,0,1,Angle,15,N,N,Failing to Yield Right of Way,Driving Skills/Knowledge/Experience,Daylight,Clear,Dry,Y,,,,,Stop Sign,Functioning Properly,N,2,41.8945388,-87.7865225,ok,(UNK),1,2301319,2023,,2,15,50000 and OVER,9,4295,Oak Park,C,Urban Minor Arterial,,16,7,12101899,3,Cook,2,23,,,2,N,No,Free Flow,202301075165,City,1,3.53999996,N,,,,(UNK),287224,(N/A),(UNK),No Defects,1,1,Minor Arterial,4,1398,X002947651,Not Toll,73,2,4,Not Divided,1,2944604.24244383,1913083.31356446,41.89453092,-87.78651666,,Urban,1,N,(N/A),Y,(N/A)
2023,2023-03-09,Thursday,5,05:04 AM,Injury,B Injury Crash,1,0,0,1,0,1,Angle,15,N,N,Failing to Yield Right of Way,(N/A),Darkness / Lighted Road,Clear,Dry,Y,,,,,Stop Sign,Functioning Properly,N,2,41.9019383,-87.7802263,ok,(UNK),1,2301346,2023,,2,99,50000 and OVER,9,4295,Oak Park,C,Urban Major Collector,,16,9,12109846,3,Cook,2,23,,,4,N,No,Free Flow,202301082399,City,5,0.5,N,,,,(UNK),287283,(N/A),(UNK),No Defects,1,1,Major Collector,5,3559,X002954698,Not Toll,73,2,4,T-Intersection,15,2946243.49423096,1915827.50258158,41.90193048,-87.78022051,,Urban,1,N,(N/A),Y,(N/A)
2023,2023-03-14,Tuesday,16,04:48 PM,Property Damage,No Injuries,0,0,0,0,0,4,Front to Rear,11,N,N,Following Too Closely,Failing to Reduce Speed to Avoid Crash,Daylight,Clear,Dry,N,,,,,Traffic Signal,Functioning Properly,N,2,41.8813885,-87.7845016,ok,(UNK),1,2301451,2023,,3,28,50000 and OVER,9,4295,Oak Park,C,Urban Major Collector,,16,14,12109882,3,Cook,0,23,,,2,N,No,Stopped,202301082435,City,1,1.41999996,N,,,,(UNK),287287,(N/A),(UNK),No Defects,1,1,Major Collector,5,2783,X002954729,Not Toll,73,3,4,Not Divided,1,2945287.57798482,1908306.38686778,41.88138066,-87.78449582,,Urban,1,N,(N/A),Y,(N/A)
2023,2023-03-15,Wednesday,8,08:30 AM,Property Damage,No Injuries,0,0,0,0,0,3,Front to Rear,11,N,N,Failing to Yield Right of Way,(N/A),Daylight,Clear,Dry,N,,,,,Traffic Signal,Functioning Properly,N,2,41.9089502,-87.8042692,ok,(UNK),1,JG186182,2023,,2,99,50000 and OVER,9,4295,Oak Park,C,Urban Other Principal Arte,,16,15,12109909,3,Cook,0,23,,,3,N,No,Free Flow,202301082460,City,1,6,Y,,,,(UNK),287315,(N/A),(UNK),No Defects,1,1,Other Principal Arterial,3,307,X002954756,Not Toll,,3,4,Four Way,14,2939627.5,1918201.5,41.90894236,-87.80426341,,Urban,1,N,(N/A),Y,(N/A)
2023,2023-02-01,Wednesday,15,03:45 PM,Property Damage,No Injuries,0,0,0,0,0,2,Front to Rear,11,N,N,(N/A),Unable to Determine,Daylight,Clear,Dry,N,,,,,No Controls,No Controls,Y,2,41.9003927,-87.805474,ok,(UNK),1,23-00338,2023,,99,18,50000 and OVER,9,4295,Oak Park,C,Urban Other Principal Arte,,16,1,12070889,2,Cook,0,23,,,3,N,No,Free Flow,202301045526,City,1,18.23999977,Y,,,,(UNK),287451,(N/A),(UNK),No Defects,1,1,Other Principal Arterial,3,348,X002920470,Not Toll,73,1,1,"Divided, No Median Barrier",2,2939385.41752799,1915073.92807376,41.90038481,-87.80546821,,Urban,1,N,(N/A),Y,(N/A)
2023,2023-03-14,Tuesday,7,07:49 AM,Injury,B Injury Crash,1,0,0,1,0,2,Pedalcyclist,2,N,Y,Failing to Yield Right of Way,(N/A),Daylight,Clear,Dry,N,,,,,No Controls,No Controls,N,1,41.8884104,-87.787961,ok,(UNK),1,2301440,2023,,2,99,50000 and OVER,9,4295,Oak Park,C,Urban Major Collector,,16,14,12109840,3,Cook,2,23,,,2,N,No,(UNK),202301082394,City,1,0,N,,,,(UNK),287554,(N/A),(UNK),No Defects,1,1,Major Collector,5,,X002954693,Not Toll,73,1,1,"Divided, No Median Barrier",2,2944274.50001523,1910839.15295689,41.88840256,-87.78795522,,Urban,1,N,(N/A),Y,(N/A)
2023,2023-03-04,Saturday,3,03:55 AM,Injury,C Injury Crash,1,0,0,0,1,3,Front to Rear,11,N,N,Under Influence of Alcohol/Drugs,Failing to Reduce Speed to Avoid Crash,Darkness / Lighted Road,Clear,Dry,N,,,,,Other,Functioning Properly,N,2,41.8713679,-87.7766101,ok,Partial Access Control,3,03-23-03778,2023,,8,28,50000 and OVER,9,4295,Oak Park,C,Urban InterState,,16,4,12104888,3,Cook,1,23,,,6,N,No,(UNK),202301077897,ISP,5,9.09000015,Y,,,,(UNK),287710,(N/A),(UNK),No Defects,1,1,InterState,1,290,X002950284,Not Toll,73,13,4,Divided With Median Barrier,3,2947538.45676726,1904714.46945716,41.87136003,-87.77660427,,Urban,1,N,(N/A),Y,(N/A)
2023,2023-09-11,Monday,2,02:18 AM,Property Damage,No Injuries,0,0,0,0,0,2,Front to Rear,11,N,N,Following Too Closely,Failing to Reduce Speed to Avoid Crash,Darkness / Lighted Road,Clear,Dry,N,,,,,Delineators,Functioning Properly,N,2,41.8737767,-87.8045293,ok,Partial Access Control,3,03-23-16843,2023,,3,28,50000 and OVER,9,4295,Oak Park,C,Urban InterState,,16,11,12341427,9,Cook,0,23,,,1,N,No,(UNK),202301301554,ISP,5,7.69999981,Y,,,,(UNK),287863,(N/A),(UNK),No Defects,1,1,InterState,1,290,X003160718,Not Toll,73,14,4,Divided With Median Barrier,3,2939909.74155306,1905381.6749552,41.87376887,-87.80452355,,Urban,1,N,(N/A),Y,(N/A)
2023,2023-09-10,Sunday,7,07:10 AM,Property Damage,No Injuries,0,0,0,0,0,2,Front to Rear,11,N,N,Failing to Reduce Speed to Avoid Crash,Driving Skills/Knowledge/Experience,Daylight,Clear,Dry,N,,,,,Traffic Signal,Functioning Properly,Y,2,41.8713416,-87.7777316,ok,Partial Access Control,3,03-23-16805,2023,,28,15,50000 and OVER,9,4295,Oak Park,C,Urban InterState,,16,10,12338261,9,Cook,0,23,,,7,N,No,(UNK),202301298591,ISP,1,0.1,Y,,,,(UNK),287967,(N/A),(UNK),No Defects,1,1,InterState,1,290,X003157905,Not Toll,,3,4,Ramp,11,2947233.25583729,1904696.38584559,41.8713416,-87.77773156,,Urban,1,N,(N/A),Y,(N/A)
2023,2023-02-23,Thursday,17,05:11 PM,Property Damage,No Injuries,0,0,0,0,0,5,Turning,10,N,N,Unable to Determine,(N/A),Daylight,Clear,Dry,Y,,,,,Stop Sign,Functioning Properly,N,2,41.8867455,-87.8025001,ok,(UNK),1,2301097,2023,,18,99,50000 and OVER,9,4295,Oak Park,C,Urban Local Road or Street,,16,23,12092817,2,Cook,0,23,,,4,N,No,Stopped,202301065437,City,1,0,N,,,,(UNK),288322,(N/A),(UNK),No Defects,1,1,Local Road or Street,7,,X002939656,Not Toll,73,2,4,Not Divided,1,2940332.17117709,1910122.97301148,41.88673769,-87.80249433,,Urban,1,N,(N/A),Y,(N/A)
2023,2023-01-10,Tuesday,12,12:29 PM,Property Damage,No Injuries,0,0,0,0,0,2,Turning,10,N,N,Failing to Reduce Speed to Avoid Crash,(N/A),Darkness / Lighted Road,Clear,Dry,Y,,,,,Stop Sign,Functioning Properly,N,2,41.8704121,-87.7742825,ok,(UNK),1,2300191,2023,,28,99,50000 and OVER,9,4295,Oak Park,C,Urban Minor Arterial,,16,10,12036109,1,Cook,0,23,,,2,N,No,Free Flow,202301016335,City,5,8.40999985,N,,,,(UNK),288508,(N/A),(UNK),No Defects,1,1,Minor Arterial,4,2790,X002890628,Not Toll,,2,4,Not Divided,1,2948182.14966657,1904383.83837902,41.87040426,-87.77427669,,Urban,1,N,(N/A),Y,(N/A)
2023,2023-09-23,Saturday,14,02:16 PM,Injury,B Injury Crash,1,0,0,1,0,1,Pedestrian,1,Y,N,Failing to Yield Right of Way,Failing to Reduce Speed to Avoid Crash,Daylight,Clear,Dry,Y,,,,,Stop Sign,Functioning Properly,Y,1,41.8833951,-87.7970308,ok,(UNK),1,2306012,2023,,2,28,50000 and OVER,9,4295,Oak Park,C,Urban Local Road or Street,,16,23,12346857,9,Cook,2,23,,,6,N,No,Free Flow,202301306522,City,1,0,N,,,,(UNK),289006,(N/A),(UNK),No Defects,1,1,Local Road or Street,7,,X003165560,Not Toll,73,2,4,Four Way,14,2941855.26669941,1908943.11064586,41.88338725,-87.79702498,,Urban,1,N,(N/A),Y,(N/A)
2023,2023-03-24,Friday,13,01:42 PM,Property Damage,No Injuries,0,0,0,0,0,2,Sideswipe Same Direction,12,N,N,Improper Overtaking/Passing,Driving Skills/Knowledge/Experience,Darkness,Clear,Dry,Y,,,,,Traffic Signal,Functioning Properly,N,2,41.8736416,-87.8045253,ok,Partial Access Control,1,2301667,2023,,4,15,50000 and OVER,9,4295,Oak Park,C,Urban InterState,,16,24,12122509,3,Cook,0,23,,,5,N,No,Free Flow,202301094016,City,4,0.20999999,Y,,,,(UNK),289184,(N/A),(UNK),No Defects,1,1,InterState,1,290,X002966072,Not Toll,73,3,4,Divided With Median Barrier,3,2939912.20292812,1905332.45105988,41.87363371,-87.80451949,,Urban,1,N,(N/A),Y,(N/A)
2023,2023-03-26,Sunday,11,11:11 AM,Property Damage,No Injuries,0,0,0,0,0,2,Turning,10,N,N,Improper Overtaking/Passing,Failing to Yield Right of Way,Daylight,Clear,Dry,Y,,,,,Stop Sign,Functioning Properly,N,2,41.9091222,-87.7873719,ok,(UNK),1,2301698,2023,,4,2,50000 and OVER,9,4295,Oak Park,C,Urban Other Principal Arte,,16,26,12122573,3,Cook,0,23,,,7,N,No,(UNK),202301094075,City,1,6.86999989,Y,,,,(UNK),289189,(N/A),(UNK),No Defects,1,1,Other Principal Arterial,3,307,X002966133,Not Toll,73,2,4,"Divided, No Median Barrier",2,2944225.48823723,1918391.36570625,41.9091143,-87.78736608,,Urban,1,N,(N/A),Y,(N/A)
2023,2023-03-26,Sunday,18,06:16 PM,Property Damage,No Injuries,0,0,0,0,0,5,Front to Rear,11,N,N,Failing to Reduce Speed to Avoid Crash,Distraction - From Inside Vehicle,Daylight,Clear,Wet,Y,,,,,No Controls,No Controls,N,3,41.8903181,-87.7847746,ok,(UNK),1,2301708,2023,,28,41,50000 and OVER,9,4295,Oak Park,C,Urban Major Collector,,16,26,12122581,3,Cook,0,23,,,7,N,Yes,Stopped,202301094081,City,1,0.79000002,N,,,,(UNK),289201,(N/A),(UNK),No Defects,1,2,Major Collector,5,2783,X002966141,Not Toll,73,1,1,"Divided, No Median Barrier",2,2945122.86029959,1911558.42933534,41.89031024,-87.78476882,,Urban,1,N,(N/A),Y,(N/A)
2023,2023-03-17,Friday,18,06:21 PM,Property Damage,No Injuries,0,0,0,0,0,5,Parked Motor Vehicle,9,N,N,(N/A),Failing to Reduce Speed to Avoid Crash,Daylight,Clear,Dry,N,,,,,No Controls,No Controls,N,2,41.8883488,-87.7852717,ok,(UNK),1,2301528,2023,,99,28,50000 and OVER,9,4295,Oak Park,C,Urban Major Collector,,16,17,12122612,3,Cook,0,23,,,5,N,No,Free Flow,202301094114,City,1,0.81999999,N,,,,(UNK),289221,(N/A),(UNK),No Defects,1,1,Major Collector,5,1405,X002966154,Not Toll,73,1,1,Not Divided,1,2945007.42206054,1910837.02439749,41.88834095,-87.78526595,,Urban,1,N,(N/A),Y,(N/A)
2023,2023-03-16,Thursday,13,01:00 PM,Property Damage,No Injuries,0,0,0,0,0,1,Parked Motor Vehicle,9,N,N,Failing to Reduce Speed to Avoid Crash,(N/A),Daylight,Cloudy/Overcast,Dry,N,,,,,No Controls,No Controls,Y,2,41.872152,-87.7954491,ok,(UNK),1,2301509,2023,,28,99,50000 and OVER,9,4295,Oak Park,C,Urban Local Road or Street,,16,16,12112389,3,Cook,0,23,,,4,N,No,Free Flow,202301084793,City,1,0.23999999,N,,,,(UNK),289372,(N/A),(UNK),No Defects,1,1,Local Road or Street,7,290,X002956910,Not Toll,73,1,1,Not Divided,1,2942399.24835392,1904857.84408862,41.8721442,-87.79544332,,Urban,8,N,(N/A),Y,(N/A)
2023,2023-12-16,Saturday,15,03:19 PM,Property Damage,No Injuries,0,0,0,0,0,5,Front to Rear,11,N,N,Failing to Reduce Speed to Avoid Crash,Unable to Determine,Daylight,Rain,Wet,Y,,,,,Traffic Signal,Functioning Properly,Y,5,41.8886473,-87.7945158,ok,(UNK),1,2307926,2023,,28,18,50000 and OVER,9,4295,Oak Park,C,Urban Major Collector,,16,16,12455616,12,Cook,0,23,,,6,N,Yes,Stopped,202301408838,City,1,0.34999999,N,,,,(UNK),289735,(N/A),(UNK),No Defects,1,2,Major Collector,5,1405,X003261566,Not Toll,73,3,4,Not Divided,1,2942487.22569182,1910876.03080863,41.88863941,-87.79450998,,Urban,2,N,(N/A),Y,(N/A)
2023,2023-02-09,Thursday,20,08:30 PM,Property Damage,No Injuries,0,0,0,0,0,2,Sideswipe Same Direction,12,N,N,Failing to Reduce Speed to Avoid Crash,Driving Skills/Knowledge/Experience,Darkness / Lighted Road,Clear,Wet,N,,,,,No Controls,Other,Y,2,41.8714661,-87.7818427,ok,Partial Access Control,3,03-23-02389,2023,,28,15,50000 and OVER,9,4295,Oak Park,C,Urban InterState,,16,9,12073864,2,Cook,0,23,,,4,N,No,(UNK),202301048065,ISP,5,8.82999992,Y,,,,(UNK),290408,(N/A),(UNK),No Defects,1,2,InterState,1,290,X002922880,Not Toll,,1,7,Divided With Median Barrier,3,2946112.20649115,1904710.60803949,41.87145828,-87.78183694,,Urban,1,N,(N/A),Y,(N/A)
2023,2023-01-26,Thursday,8,08:00 AM,Property Damage,No Injuries,0,0,0,0,0,2,Front to Rear,11,N,N,Failing to Reduce Speed to Avoid Crash,Weather,Daylight,Snow,Snow or Slush,Y,,,,,Traffic Signal,Functioning Properly,N,2,41.8886778,-87.7971539,ok,(UNK),1,2300505,2023,,28,11,50000 and OVER,9,4295,Oak Park,C,Urban Major Collector,,16,26,12067347,1,Cook,0,23,,,4,N,No,Stopped,202301042497,City,1,0.19,N,,,,(UNK),290500,(N/A),(UNK),No Defects,1,3,Major Collector,5,1405,X002917419,Not Toll,73,3,4,"Divided, No Median Barrier",2,2941768.55230144,1910867.31809245,41.88867,-87.7971481,,Urban,3,N,(N/A),Y,(N/A)
2023,2023-09-07,Thursday,6,06:17 AM,Injury,A Injury Crash,1,0,1,0,0,0,Front to Rear,11,N,N,Failing to Reduce Speed to Avoid Crash,Improper Lane Usage,Daylight,Clear,Dry,Y,,,,,No Controls,No Controls,N,2,41.8869922,-87.7842544,ok,(UNK),1,2305604,2023,,28,20,50000 and OVER,9,4295,Oak Park,C,Urban Local Road or Street,,16,7,12346785,9,Cook,3,23,BUILDING,PARKING SIGN,4,N,Yes,Free Flow,202301306447,City,1,0,N,,,,(UNK),290649,(N/A),(UNK),No Defects,1,1,Local Road or Street,7,,X003165488,Not Toll,73,1,1,"Divided, No Median Barrier",2,2945298.17273123,1910350.35530626,41.88698437,-87.78424864,,Urban,1,N,(N/A),Y,(N/A)
2023,2023-09-23,Saturday,10,10:40 AM,Property Damage,No Injuries,0,0,0,0,0,2,Angle,15,N,N,Unable to Determine,(N/A),Daylight,Clear,Dry,Y,,,,,Traffic Signal,Functioning Properly,N,2,41.8711274,-87.7742881,ok,Partial Access Control,1,2306006,2023,,18,99,50000 and OVER,9,4295,Oak Park,C,Urban InterState,,16,23,12346853,9,Cook,0,23,,,6,N,No,Free Flow,202301306518,City,1,0,Y,,,,(UNK),290655,(N/A),(UNK),No Defects,1,1,InterState,1,290,X003165556,Not Toll,,3,4,"Divided, No Median Barrier",2,2948173.3575046,1904644.45851149,41.87111954,-87.77428228,,Urban,1,N,(N/A),Y,(N/A)
2023,2023-01-08,Sunday,18,06:45 PM,Property Damage,No Injuries,0,0,0,0,0,1,Parked Motor Vehicle,9,N,N,Failing to Reduce Speed to Avoid Crash,Improper Lane Usage,Darkness / Lighted Road,Clear,Dry,N,,,,,Stop Sign,Functioning Properly,N,2,41.9001202,-87.7752949,ok,(UNK),1,2300148,2023,,28,20,50000 and OVER,9,4295,Oak Park,C,Urban Minor Arterial,,16,8,12034093,1,Cook,0,23,,,7,N,No,Free Flow,202301014774,City,5,6.21000004,N,,,,(UNK),291365,(N/A),(UNK),No Defects,1,1,Minor Arterial,4,2790,X002888735,Not Toll,,2,4,"Divided, No Median Barrier",2,2947604.54277586,1915202.36222469,41.90011239,-87.77528906,,Urban,1,N,(N/A),Y,(N/A)
2023,2023-11-21,Tuesday,9,09:08 AM,Injury,C Injury Crash,1,0,0,0,1,1,Front to Rear,11,N,N,Distraction - From Outside Vehicle,(N/A),Daylight,Clear,Wet,N,,,,,No Controls,No Controls,N,2,41.8665993,-87.8042659,ok,(UNK),1,23-03599,2023,,40,99,50000 and OVER,9,4295,Oak Park,C,Urban Other Principal Arte,,16,21,12423839,11,Cook,1,23,,,2,N,No,Slow,202301379393,City,1,20.57999992,Y,,,,(UNK),291657,(N/A),(UNK),No Defects,1,2,Other Principal Arterial,3,348,X003233537,Not Toll,73,1,1,"Divided, No Median Barrier",2,2940053.52898198,1902768.09226063,41.8665915,-87.80426005,,Urban,1,N,(N/A),Y,(N/A)
2023,2023-11-16,Thursday,18,06:00 PM,Injury,C Injury Crash,1,0,0,0,1,1,Pedestrian,1,Y,N,Unable to Determine,Unable to Determine,Dusk,Cloudy/Overcast,Dry,N,,,,,No Controls,No Controls,N,1,41.8862919,-87.8049383,ok,(UNK),1,23-03553,2023,,18,18,50000 and OVER,9,4295,Oak Park,C,Urban Other Principal Arte,,16,16,12416138,11,Cook,1,23,,,4,N,No,Free Flow,202301371451,City,3,19.21999931,Y,,,,(UNK),291787,(N/A),(UNK),No Defects,1,1,Other Principal Arterial,3,348,X003226471,Not Toll,73,1,1,Not Divided,1,2939672.7909614,1909939.37206327,41.88628407,-87.80493248,,Urban,8,N,(N/A),Y,(N/A)
2023,2023-11-17,Friday,16,04:03 PM,Injury,B Injury Crash,1,0,0,1,0,1,Angle,15,N,N,Failing to Yield Right of Way,Failing to Reduce Speed to Avoid Crash,Daylight,Clear,Dry,N,,,,,No Controls,No Controls,N,2,41.9089323,-87.7995963,ok,(UNK),1,2307260,2023,,2,28,50000 and OVER,9,4295,Oak Park,C,Urban Other Principal Arte,,16,17,12420287,11,Cook,2,23,,,5,N,No,Free Flow,202301375507,City,1,6.23999977,Y,,,,(UNK),291830,(N/A),(UNK),No Defects,1,1,Other Principal Arterial,3,307,X003230196,Not Toll,73,1,1,Not Divided,1,2940899.73147896,1918230.04799381,41.90892441,-87.79959046,,Urban,1,N,(N/A),Y,(N/A)
2023,2023-11-17,Friday,18,06:20 PM,Property Damage,No Injuries,0,0,0,0,0,5,Front to Rear,11,N,N,Failing to Reduce Speed to Avoid Crash,Unable to Determine,Darkness / Lighted Road,Clear,Dry,Y,,,,,No Controls,No Controls,N,2,41.8799789,-87.785689,ok,(UNK),1,2307265,2023,,28,18,50000 and OVER,9,4295,Oak Park,C,Urban Minor Arterial,,16,17,12420317,11,Cook,0,23,,,5,N,No,Stopped,202301375534,City,5,4.05000019,N,,,,(UNK),291832,(N/A),(UNK),No Defects,1,1,Minor Arterial,4,1419,X003230223,Not Toll,73,1,1,Unknown,9,2944978.47822532,1907783.73153479,41.87997108,-87.78568319,,Urban,1,N,(N/A),Y,(N/A)
2023,2023-11-23,Thursday,13,01:11 PM,Property Damage,No Injuries,0,0,0,0,0,2,Front to Rear,11,N,N,Following Too Closely,Failing to Reduce Speed to Avoid Crash,Daylight,Clear,Dry,N,,,,,Delineators,Functioning Properly,N,2,41.8726247,-87.7938166,ok,Partial Access Control,3,03-23-22257,2023,,3,28,50000 and OVER,9,4295,Oak Park,C,Urban InterState,,16,23,12423961,11,Cook,0,23,,,4,N,No,(UNK),202301379510,ISP,1,8.19999981,Y,,,,(UNK),291845,(N/A),(UNK),No Defects,1,1,InterState,1,290,X003233654,Not Toll,73,14,4,Divided With Median Barrier,3,2942839.14438503,1905042.39304813,41.87261688,-87.79381078,,Urban,1,N,(N/A),Y,(N/A)
2023,2023-11-17,Friday,11,11:44 AM,Property Damage,No Injuries,0,0,0,0,0,3,Angle,15,N,N,Failing to Yield Right of Way,Failing to Reduce Speed to Avoid Crash,Daylight,Clear,Dry,N,,,,,No Controls,No Controls,N,2,41.8799455,-87.7873318,ok,(UNK),1,2307249,2023,,2,28,50000 and OVER,9,4295,Oak Park,C,Urban Minor Arterial,,16,17,12420272,11,Cook,0,23,,,5,N,No,Slow,202301375492,City,1,3.96000004,N,,,,(UNK),291928,(N/A),(UNK),No Defects,1,1,Minor Arterial,4,1419,X003230183,Not Toll,73,1,1,"Divided, No Median Barrier",2,2944531.42117475,1907759.14460093,41.87993768,-87.78732597,,Urban,1,N,(N/A),Y,(N/A)
2023,2023-11-17,Friday,16,04:15 PM,Injury,B Injury Crash,1,0,0,1,0,1,Front to Rear,11,N,N,Following Too Closely,Failing to Reduce Speed to Avoid Crash,Darkness / Lighted Road,Clear,Dry,Y,,,,,Traffic Signal,Functioning Properly,N,2,41.8942279,-87.8052274,ok,(UNK),1,2307263,2023,,3,28,50000 and OVER,9,4295,Oak Park,C,Urban Other Principal Arte,,16,17,12420308,11,Cook,2,23,,,5,N,No,Slow,202301375527,City,5,18.67000008,Y,,,,(UNK),291931,(N/A),(UNK),No Defects,1,1,Other Principal Arterial,3,348,X003230216,Not Toll,73,3,4,Two-way Continuous Left-Tur,4,2939514.41959252,1912829.20882663,41.89422001,-87.80522163,,Urban,1,N,(N/A),Y,(N/A)
2023,2023-09-18,Monday,17,05:10 PM,Property Damage,No Injuries,0,0,0,0,0,3,Sideswipe Same Direction,12,N,N,Failing to Reduce Speed to Avoid Crash,Unable to Determine,Daylight,Clear,Dry,Y,,,,,Stop Sign,Functioning Properly,N,2,41.8669853,-87.793826,ok,(UNK),1,2305888,2023,,28,18,50000 and OVER,9,4295,Oak Park,C,Urban Major Collector,,16,18,12346811,9,Cook,0,23,,,1,N,No,Slow,202301306474,City,1,7.03999996,N,,,,(UNK),291985,(N/A),(UNK),No Defects,1,1,Major Collector,5,2775,X003165514,Not Toll,73,2,4,Four Way,14,2942893.41323954,1902987.22311077,41.86697748,-87.79382021,,Urban,1,N,(N/A),Y,(N/A)
2023,2023-09-18,Monday,11,11:14 AM,Property Damage,No Injuries,0,0,0,0,0,2,Turning,10,N,N,Failing to Yield Right of Way,(N/A),Daylight,Clear,Dry,N,,,,,No Controls,No Controls,N,2,41.8797245,-87.7844076,ok,(UNK),1,2305874,2023,,2,99,50000 and OVER,9,4295,Oak Park,C,Urban Major Collector,,16,18,12343534,9,Cook,0,23,,,1,N,No,Stopped,202301303312,City,1,0,N,,,,(UNK),291998,(N/A),(UNK),No Defects,1,1,Major Collector,5,,X003162462,Not Toll,73,1,1,"Divided, No Median Barrier",2,2945330.03416242,1907700.68724958,41.87971661,-87.78440177,,Urban,1,N,(N/A),Y,(N/A)