crash_year,crash_date,day_of_week,crash_hour,time_of_crash,crash_severity,crash_injury_severity,total_injured,total_fatals,a_injuries,b_injuries,c_injuries,no_injuries,type_of_first_crash,collision_type_code,pedestrian_involved,pedalcyclist_involved,cause1,cause2,lighting_cond,weather_cond,road_surface_cond,intersection_related,is_intersection,highway_or_street_name,at_intersection_with,address_no,traffic_control_device,traffic_control_device_cond,hit_and_run,number_of_vehicles,latitude,longitude,location_status,access_control,agency_code,agency_report_number,agency_report_year,alignment_code,cause1_code,cause2_code,city_class,city_class_code,city_code,city_name,city_township_flag,class_of_trafficway,class_of_trafficway_code,county_code,crash_day,crash_id,crash_month,crash_report_county,crash_severity_cd,crash_yr_source,damaged_property1,damaged_property2,day_of_week_code,did_crash_occur_in_work_zone,did_involve_secondary_crash,flow_condition,icn,investigating_agency_descrip,light_condition_code,mile_station,nhs,non_intersection_direction,non_intersection_distance,non_intersection_units,number_of_lanes,objectid,railroad_crossing_number,road_alignment,road_defects,road_defects_code,road_surface_condition_code,roadway_functional_class,roadway_functional_class_code,route_number,sfe,toll,township,traffic_control_device_code,traffic_control_device_cond_code,trafficway_descrip,trafficway_description_code,ts_crash_coordinate_x,ts_crash_coordinate_y,ts_crash_latitude,ts_crash_longitude,type_report,urban_rural,weather_code,were_workers_present,work_zone,work_zone_related,work_zone_type
2023,2023-09-14,Thursday,7,07:02 AM,Injury,B Injury Crash,2,0,0,2,0,1,Front to Rear,11,N,N,Failing to Reduce Speed to Avoid Crash,(N/A),Daylight,Clear,Dry,N,,,,,No Controls,No Controls,N,2,41.8797552,-87.7904301,ok,(UNK),1,2305761,2023,,28,99,50000 and OVER,9,4295,Oak Park,C,Urban Minor Arterial,,16,14,12346788,9,Cook,2,23,,,4,N,No,Free Flow,202301306450,City,1,3.79999995,N,,,,(UNK),292047,(N/A),(UNK),No Defects,1,1,Minor Arterial,4,1419,X003165491,Not Toll,73,1,1,Two-way Continuous Left-Tur,4,2943689.54733281,1907666.4153166,41.8797474,-87.79042428,,Urban,1,N,(N/A),Y,(N/A)
2023,2023-09-15,Friday,12,12:34 PM,Injury,C Injury Crash,1,0,0,0,1,1,Turning,10,N,N,Failing to Yield Right of Way,Failing to Reduce Speed to Avoid Crash,Daylight,Clear,Dry,Y,,,,,Stop Sign,Functioning Properly,N,2,41.8704082,-87.7742824,ok,(UNK),1,2305808,2023,,2,28,50000 and OVER,9,4295,Oak Park,C,Urban Minor Arterial,,16,15,12346795,9,Cook,1,23,,,5,N,No,Free Flow,202301306458,City,1,8.40999985,N,,,,(UNK),292048,(N/A),(UNK),No Defects,1,1,Minor Arterial,4,2790,X003165498,Not Toll,,2,4,Not Divided,1,2948182.2119366,1904382.40076281,41.87040031,-87.77427661,,Urban,1,N,(N/A),Y,(N/A)
2023,2023-09-23,Saturday,18,06:00 PM,Property Damage,No Injuries,0,0,0,0,0,2,Front to Rear,11,N,N,Failing to Reduce Speed to Avoid Crash,Following Too Closely,Daylight,Clear,Dry,N,,,,,Other,Functioning Properly,N,2,41.8709438,-87.7742934,ok,Partial Access Control,3,03-23-17974,2023,,28,3,50000 and OVER,9,4295,Oak Park,C,Urban InterState,,16,23,12345211,9,Cook,0,23,,,6,N,No,(UNK),202301304926,ISP,1,9.21000004,Y,,,,(UNK),292073,(N/A),(UNK),No Defects,1,1,InterState,1,290,X003164034,Not Toll,,13,4,Divided With Median Barrier,3,2948173.76076574,1904577.51129507,41.87093595,-87.77428765,,Urban,1,N,(N/A),Y,(N/A)
2023,2023-09-23,Saturday,13,01:43 PM,Property Damage,No Injuries,0,0,0,0,0,2,Turning,10,N,N,Improper Turning/No Signal,Failing to Yield Right of Way,Daylight,Clear,Dry,N,,,,,Traffic Signal,Functioning Properly,Y,2,41.8796678,-87.804738,ok,(UNK),1,2306020,2023,,6,2,50000 and OVER,9,4295,Oak Park,C,Urban Other Principal Arte,,16,23,12346888,9,Cook,0,23,,,6,N,No,Free Flow,202301306552,City,1,19.68000031,Y,,,,(UNK),292187,(N/A),(UNK),No Defects,1,1,Other Principal Arterial,3,348,X003165591,Not Toll,73,3,4,Four Way,14,2939793.80599825,1907526.91303376,41.87965992,-87.80473218,,Urban,1,N,(N/A),Y,(N/A)
2023,2023-09-21,Thursday,14,02:05 PM,Injury,B Injury Crash,2,0,0,1,1,1,Front to Front,14,N,N,Failing to Reduce Speed to Avoid Crash,(N/A),Daylight,Rain,Wet,N,,,,,No Controls,No Controls,N,3,41.8945279,-87.788126,ok,(UNK),1,2305950,2023,,28,99,50000 and OVER,9,4295,Oak Park,C,Urban Minor Arterial,,16,21,12343582,9,Cook,2,23,,,4,N,No,Free Flow,202301303354,City,1,3.45000005,N,,,,(UNK),292269,(N/A),(UNK),No Defects,1,2,Minor Arterial,4,1398,X003162503,Not Toll,73,1,1,Not Divided,1,2944167.74942067,1913067.2484156,41.89452008,-87.78812018,,Urban,2,N,(N/A),Y,(N/A)
2023,2023-09-24,Sunday,1,01:06 AM,Property Damage,No Injuries,0,0,0,0,0,2,Turning,10,N,N,Disregarding Stop Sign,(N/A),Darkness,Clear,Dry,Y,,,,,Stop Sign,Functioning Properly,N,2,41.8704157,-87.7742826,ok,(UNK),1,2306026,2023,,23,99,50000 and OVER,9,4295,Oak Park,C,Urban Minor Arterial,,16,24,12346928,9,Cook,0,23,,,7,N,No,Free Flow,202301306588,City,4,8.40999985,N,,,,(UNK),292398,(N/A),(UNK),No Defects,1,1,Minor Arterial,4,2790,X003165627,Not Toll,,2,4,Four Way,14,2948182.09263003,1904385.15517041,41.87040788,-87.77427676,,Urban,1,N,(N/A),Y,(N/A)
2023,2023-09-24,Sunday,22,10:17 PM,Property Damage,No Injuries,0,0,0,0,0,4,Angle,15,N,N,Disregarding Traffic Signals,(N/A),Darkness / Lighted Road,Clear,Dry,Y,,,,,Traffic Signal,Functioning Properly,N,2,41.8719979,-87.7939859,ok,(UNK),1,2306054,2023,,25,99,50000 and OVER,9,4295,Oak Park,C,Urban Major Collector,,16,24,12346940,9,Cook,0,23,,,7,N,No,Free Flow,202301306599,City,5,0,N,,,,(UNK),292567,(N/A),(UNK),No Defects,1,1,Major Collector,5,290,X003165638,Not Toll,73,3,4,Four Way,14,2942799.33779922,1904812.67435222,41.87199001,-87.79398012,,Urban,1,N,(N/A),Y,(N/A)
2023,2023-09-21,Thursday,15,03:50 PM,Property Damage,No Injuries,0,0,0,0,0,2,Front to Rear,11,N,N,Following Too Closely,Driving Skills/Knowledge/Experience,Daylight,Freezing Rain or,Wet,N,,,,,Traffic Signal,Functioning Properly,N,2,41.8763978,-87.7745058,ok,(UNK),1,2305954,2023,,3,15,50000 and OVER,9,4295,Oak Park,C,Urban Minor Arterial,,16,21,12343619,9,Cook,0,23,,,4,N,No,Free Flow,202301303389,City,1,0,N,,,,(UNK),292806,(N/A),(UNK),No Defects,1,2,Minor Arterial,4,1422,X003162537,Not Toll,,3,4,Two-way Continuous Left-Tur,4,2948060.49860229,1906563.43949507,41.87638995,-87.7745,,Urban,10,N,(N/A),Y,(N/A)
2023,2023-09-20,Wednesday,10,10:51 AM,Property Damage,No Injuries,0,0,0,0,0,1,Fixed Object,6,N,N,Improper Backing,Unable to Determine,Daylight,Clear,Dry,N,,,,,No Controls,No Controls,N,1,41.8886705,-87.8003909,ok,(UNK),1,2305915,2023,,30,18,50000 and OVER,9,4295,Oak Park,C,Urban Major Collector,,16,20,12346816,9,Cook,0,23,LIGHT POLE,,3,N,No,Free Flow,202301306479,City,1,0.30000001,N,,,,(UNK),292844,(N/A),(UNK),No Defects,1,1,Major Collector,5,1405,X003165519,Not Toll,73,1,1,Alley,12,2940887.17098524,1910840.29388841,41.88866263,-87.80038514,,Urban,1,N,(N/A),Y,(N/A)
2023,2023-09-22,Friday,19,07:25 PM,Property Damage,No Injuries,0,0,0,0,0,3,Turning,10,N,N,Failing to Reduce Speed to Avoid Crash,Following Too Closely,Darkness / Lighted Road,Clear,Dry,Y,,,,,Traffic Signal,Functioning Properly,N,2,41.898238,-87.7850064,ok,(UNK),1,2305993,2023,,28,3,50000 and OVER,9,4295,Oak Park,C,Urban Major Collector,,16,22,12346833,9,Cook,0,23,,,5,N,No,Slow,202301306497,City,5,0.25,N,,,,(UNK),292845,(N/A),(UNK),No Defects,1,1,Major Collector,5,2783,X003165536,Not Toll,73,3,4,"Divided, No Median Barrier",2,2944979.58806657,1914442.84200245,41.89823014,-87.7850006,,Urban,1,N,(N/A),Y,(N/A)
2023,2023-09-14,Thursday,8,08:20 AM,Injury,B Injury Crash,1,0,0,1,0,4,Pedestrian,1,Y,N,Failing to Yield Right of Way,(N/A),Daylight,Clear,Dry,Y,,,,,No Controls,Functioning Properly,N,1,41.8873417,-87.792689,ok,(UNK),1,2305765,2023,,2,99,50000 and OVER,9,4295,Oak Park,C,Urban Local Road or Street,,16,14,12343588,9,Cook,2,23,,,4,N,No,Free Flow,202301303359,City,1,0,N,,,,(UNK),292905,(N/A),(UNK),No Defects,1,1,Local Road or Street,7,,X003162508,Not Toll,73,1,4,Four Way,14,2942997.83676741,1910414.02422188,41.88733385,-87.79268319,,Urban,1,N,(N/A),Y,(N/A)
2023,2023-01-11,Wednesday,21,09:20 PM,Property Damage,No Injuries,0,0,0,0,0,2,Front to Rear,11,N,N,Following Too Closely,Failing to Reduce Speed to Avoid Crash,Darkness / Lighted Road,Clear,Dry,Y,,,,,Traffic Signal,Functioning Properly,N,2,41.8821287,-87.7747258,ok,(UNK),1,2300222,2023,,3,28,50000 and OVER,9,4295,Oak Park,C,Urban Minor Arterial,,16,11,12038805,1,Cook,0,23,,,3,N,No,Slow,202301018159,City,5,1.53999996,N,,,,(UNK),293142,(N/A),(UNK),No Defects,1,1,Minor Arterial,4,5,X002892634,Not Toll,,3,4,"Divided, No Median Barrier",2,2947942.33921132,1908650.19969523,41.88212081,-87.77472002,,Urban,1,N,(N/A),Y,(N/A)
2023,2023-01-12,Thursday,7,07:15 AM,Property Damage,No Injuries,0,0,0,0,0,2,Angle,15,N,N,Failing to Reduce Speed to Avoid Crash,Unable to Determine,Daylight,Cloudy/Overcast,Dry,N,,,,,No Controls,No Controls,N,2,,,missing,(UNK),1,2300224,2023,,28,18,50000 and OVER,9,4295,Oak Park,C,(UNK),8,16,12,12038807,1,Cook,0,23,,,4,N,No,Free Flow,202301018161,City,1,0,N,,,,(UNK),293143,(N/A),(UNK),No Defects,1,1,(UNK),0,0,X002892636,No Toll,73,1,1,Not Divided,1,0,0,,,,(UNK),8,N,(N/A),Y,(N/A)
2023,2023-01-11,Wednesday,17,05:16 PM,Property Damage,No Injuries,0,0,0,0,0,2,Angle,15,N,N,Unable to Determine,(N/A),Darkness / Lighted Road,Cloudy/Overcast,Dry,Y,,,,,Stop Sign,Functioning Properly,Y,2,41.8761875,-87.7892159,ok,(UNK),1,2300217,2023,,18,99,50000 and OVER,9,4295,Oak Park,C,Urban Minor Collector,,16,11,12038802,1,Cook,0,23,,,3,N,No,Stopped,202301018156,City,5,0.87,N,,,,(UNK),293170,(N/A),(UNK),No Defects,1,1,Minor Collector,6,2779,X002892631,Not Toll,73,2,4,Four Way,14,2944056.25683749,1906375.42465777,41.87617966,-87.78921009,,Urban,8,N,(N/A),Y,(N/A)
2023,2023-11-18,Saturday,20,08:19 PM,Property Damage,No Injuries,0,0,0,0,0,2,Sideswipe Same Direction,12,N,N,Improper Lane Usage,Failing to Reduce Speed to Avoid Crash,Darkness / Lighted Road,Clear,Dry,N,,,,,Other Warning Sign,Functioning Properly,N,2,41.872775,-87.7971271,ok,Partial Access Control,3,03-23-22022,2023,,20,28,50000 and OVER,9,4295,Oak Park,C,Urban InterState,,16,18,12424002,11,Cook,0,23,,,6,N,No,(UNK),202301379549,ISP,5,8.03999996,Y,,,,(UNK),293558,(N/A),(UNK),No Defects,1,1,InterState,1,290,X003233694,Not Toll,,11,4,Divided With Median Barrier,3,2941935.9367222,1905072.22872792,41.87277499,-87.79712712,,Urban,1,N,(N/A),Y,(N/A)
2023,2023-01-28,Saturday,3,03:35 AM,Injury,B Injury Crash,2,0,0,2,0,1,Front to Rear,11,N,N,Failing to Reduce Speed to Avoid Crash,Following Too Closely,Darkness / Lighted Road,Clear,Dry,N,,,,,Other,Functioning Properly,N,2,41.8726366,-87.7939989,ok,Partial Access Control,3,03-23-01621,2023,,28,3,50000 and OVER,9,4295,Oak Park,C,Urban InterState,,16,28,12069295,1,Cook,2,23,,,6,N,No,(UNK),202301044063,ISP,5,8.18999958,Y,,,,(UNK),293716,(N/A),(UNK),No Defects,1,1,InterState,1,290,X002918979,Not Toll,73,13,4,Divided With Median Barrier,3,2942789.35786214,1905045.34365776,41.87262875,-87.79399313,,Urban,1,N,(N/A),Y,(N/A)
2023,2023-01-15,Sunday,2,02:25 AM,Property Damage,No Injuries,0,0,0,0,0,1,Fixed Object,6,N,N,Improper Lane Usage,Failing to Reduce Speed to Avoid Crash,Darkness / Lighted Road,Clear,Dry,N,,,,,Other Regualtory Sig,Functioning Properly,Y,1,41.8726215,-87.7953597,ok,Partial Access Control,3,03-23-00805,2023,,20,28,50000 and OVER,9,4295,Oak Park,C,Urban InterState,,16,15,12041005,1,Cook,0,23,,,7,N,No,(UNK),202301019929,ISP,5,8.11999989,Y,,,,(UNK),293885,(N/A),(UNK),No Defects,1,1,InterState,1,290,X002894718,Not Toll,73,10,4,Divided With Median Barrier,3,2942418.86935421,1905029.5869348,41.87261363,-87.79535392,,Urban,1,N,(N/A),Y,(N/A)
2023,2023-09-21,Thursday,13,01:50 PM,Property Damage,No Injuries,0,0,0,0,0,4,Sideswipe Same Direction,12,N,N,Improper Overtaking/Passing,Unable to Determine,Daylight,Rain,Wet,N,,,,,Traffic Signal,Functioning Properly,N,3,41.8797188,-87.7942755,ok,(UNK),1,2305948,2023,,4,18,50000 and OVER,9,4295,Oak Park,C,Urban Minor Arterial,,16,21,12343561,9,Cook,0,23,,,4,N,Yes,Free Flow,202301303334,City,1,3.5999999,N,,,,(UNK),294125,(N/A),(UNK),No Defects,1,2,Minor Arterial,4,1419,X003162483,Not Toll,73,3,4,Two-way Continuous Left-Tur,4,2942642.64461619,1907624.13829684,41.87971094,-87.79426973,,Urban,2,N,(N/A),Y,(N/A)
2023,2023-09-23,Saturday,18,06:11 PM,Property Damage,No Injuries,0,0,0,0,0,2,Front to Rear,11,N,N,Following Too Closely,Unable to Determine,Daylight,Clear,Dry,N,,,,,Traffic Signal,Functioning Properly,Y,2,41.8797794,-87.7893417,ok,(UNK),1,2306021,2023,,3,18,50000 and OVER,9,4295,Oak Park,C,Urban Minor Arterial,,16,23,12346912,9,Cook,0,23,,,6,N,No,Stopped,202301306572,City,1,3.8599999,N,,,,(UNK),294141,(N/A),(UNK),No Defects,1,1,Minor Arterial,4,1419,X003165611,Not Toll,73,3,4,"Divided, No Median Barrier",2,2943985.71426545,1907683.43736155,41.87977158,-87.7893359,,Urban,1,N,(N/A),Y,(N/A)
2023,2023-09-25,Monday,9,09:27 AM,Property Damage,No Injuries,0,0,0,0,0,2,Angle,15,N,N,Failing to Reduce Speed to Avoid Crash,Unable to Determine,Daylight,Clear,Wet,Y,,,,,Other Regualtory Sig,Functioning Properly,N,2,41.9086441,-87.7995877,ok,(UNK),1,2306061,2023,,28,18,50000 and OVER,9,4295,Oak Park,C,Urban Local Road or Street,,16,25,12346982,9,Cook,0,23,,,1,N,No,Free Flow,202301306635,City,1,0,N,,,,(UNK),294145,(N/A),(UNK),No Defects,1,2,Local Road or Street,7,,X003165662,Not Toll,73,10,4,Not Divided,1,2940904.96357749,1918125.08977596,41.90863622,-87.7995819,,Urban,1,N,(N/A),Y,(N/A)
2023,2023-09-26,Tuesday,17,05:45 PM,Property Damage,No Injuries,0,0,0,0,0,1,Parked Motor Vehicle,9,N,N,Failing to Reduce Speed to Avoid Crash,(N/A),Daylight,Clear,Dry,N,,,,,No Controls,No Controls,Y,2,41.8890837,-87.7749433,ok,(UNK),1,2306103,2023,,28,99,50000 and OVER,9,4295,Oak Park,C,Urban Minor Arterial,,16,26,12347136,9,Cook,0,23,,,2,N,No,Free Flow,202301306796,City,1,7.05000019,N,,,,(UNK),294184,(N/A),(UNK),No Defects,1,1,Minor Arterial,4,2790,X003165806,Not Toll,,1,1,Alley,12,2947812.4228163,1911183.09221921,41.88907583,-87.77493754,,Urban,1,N,(N/A),Y,(N/A)
2023,2023-09-27,Wednesday,14,02:36 PM,Property Damage,No Injuries,0,0,0,0,0,3,Sideswipe Same Direction,12,N,N,Failing to Reduce Speed to Avoid Crash,Unable to Determine,Darkness / Lighted Road,Clear,Dry,N,,,,,No Controls,No Controls,Y,2,41.8655128,-87.7839797,ok,(UNK),1,2306129,2023,,28,18,50000 and OVER,9,4295,Oak Park,C,Urban Major Collector,,16,27,12350036,9,Cook,0,23,,,3,N,No,Free Flow,202301308891,City,5,2.52999997,N,,,,(UNK),294273,(N/A),(UNK),No Defects,1,1,Major Collector,5,2783,X003167827,Not Toll,73,1,1,"Divided, No Median Barrier",2,2945590.40309094,1902524.94007295,41.86550496,-87.78397389,,Urban,1,N,(N/A),Y,(N/A)
2023,2023-09-28,Thursday,11,11:59 AM,Injury,C Injury Crash,1,0,0,0,1,1,Turning,10,N,N,Improper Turning/No Signal,Failing to Reduce Speed to Avoid Crash,Daylight,Clear,Dry,N,,,,,Traffic Signal,Functioning Properly,N,2,41.9090768,-87.7915228,ok,(UNK),1,2306155,2023,,6,28,50000 and OVER,9,4295,Oak Park,C,Urban Other Principal Arte,,16,28,12350053,9,Cook,1,23,,,4,N,No,Slow,202301308907,City,1,6.65999985,Y,,,,(UNK),294275,(N/A),(UNK),No Defects,1,1,Other Principal Arterial,3,307,X003167840,Not Toll,73,3,4,"Divided, No Median Barrier",2,2943095.99469229,1918343.50582914,41.90906895,-87.79151702,,Urban,1,N,(N/A),Y,(N/A)
2023,2023-09-27,Wednesday,17,05:28 PM,Property Damage,No Injuries,0,0,0,0,0,3,Turning,10,N,N,Failing to Reduce Speed to Avoid Crash,Unable to Determine,Daylight,Clear,Dry,Y,,,,,Traffic Signal,Functioning Properly,N,3,41.8869848,-87.7846457,ok,(UNK),1,2306134,2023,,28,18,50000 and OVER,9,4295,Oak Park,C,Urban Major Collector,,16,27,12350040,9,Cook,0,23,,,3,N,No,Free Flow,202301308895,City,1,1.02999997,N,,,,(UNK),294480,(N/A),(UNK),No Defects,1,1,Major Collector,5,2783,X003167831,Not Toll,73,3,4,Four Way,14,2945191.69198682,1910344.67715392,41.88697691,-87.78463994,,Urban,1,N,(N/A),Y,(N/A)
2023,2023-09-15,Friday,8,08:50 AM,Property Damage,No Injuries,0,0,0,0,0,3,Angle,15,N,N,Failing to Yield Right of Way,Failing to Reduce Speed to Avoid Crash,Daylight,Clear,Dry,Y,,,,,Stop Sign,Functioning Properly,N,2,41.8816093,-87.7910524,ok,(UNK),1,2305801,2023,,2,28,50000 and OVER,9,4295,Oak Park,C,Urban Major Collector,,16,15,12343527,9,Cook,0,23,,,5,N,No,Free Flow,202301303305,City,1,0.70999998,N,,,,(UNK),294757,(N/A),(UNK),No Defects,1,1,Major Collector,5,5,X003162455,Not Toll,73,2,4,"Divided, No Median Barrier",2,2943501.35177851,1908337.36412756,41.88160144,-87.79104661,,Urban,1,N,(N/A),Y,(N/A)
2023,2023-09-24,Sunday,1,01:04 AM,Injury,C Injury Crash,1,0,0,0,1,0,Other Object,7,N,N,Road Construction/Maintenance,Driving Skills/Knowledge/Experience,Darkness / Lighted Road,Clear,Wet,Y,,,,,No Controls,No Controls,N,1,41.898306,-87.7788957,ok,(UNK),1,2306025,2023,,13,15,50000 and OVER,9,4295,Oak Park,C,Urban Local Road or Street,,16,24,12346916,9,Cook,1,23,PILE OF ROCKS,,7,N,No,Slow,202301306576,City,5,0,N,,,,(UNK),294956,(N/A),(UNK),Other,10,2,Local Road or Street,7,,X003165615,Not Toll,73,1,1,Not Divided,1,2946642.61119737,1914513.90500254,41.89829817,-87.7788899,,Urban,1,N,(N/A),N,(N/A)
2023,2023-09-09,Saturday,22,10:15 PM,Property Damage,No Injuries,0,0,0,0,0,6,Front to Rear,11,N,N,Distraction - From Outside Vehicle,Driving Skills/Knowledge/Experience,Darkness / Lighted Road,Clear,Dry,N,,,,,Other,Functioning Properly,N,2,41.8711169,-87.7770717,ok,Partial Access Control,3,03-23-16776,2023,,40,15,50000 and OVER,9,4295,Oak Park,C,Urban InterState,,16,9,12334465,9,Cook,0,23,,,6,N,No,(UNK),202301295185,ISP,5,9.06999969,Y,,,,(UNK),295003,(N/A),(UNK),No Defects,1,1,InterState,1,290,X003154561,Not Toll,73,13,4,Divided With Median Barrier,3,2947415.26553012,1904619.51579931,41.87110908,-87.77706591,,Urban,1,N,(N/A),Y,(N/A)
2023,2023-09-28,Thursday,14,02:00 PM,Property Damage,No Injuries,0,0,0,0,0,1,Parked Motor Vehicle,9,N,N,Disregarding Road Markings,(N/A),Daylight,Clear,Dry,N,,,,,No Controls,No Controls,Y,2,41.8867724,-87.8024909,ok,(UNK),1,2306165,2023,,26,99,50000 and OVER,9,4295,Oak Park,C,Urban Local Road or Street,,16,28,12350056,9,Cook,0,23,,,4,N,No,Free Flow,202301308911,City,1,0,N,,,,(UNK),295328,(N/A),(UNK),No Defects,1,1,Local Road or Street,7,,X003167843,Not Toll,73,1,1,Not Divided,1,2940334.4238945,1910132.82871618,41.88676455,-87.80248507,,Urban,1,N,(N/A),Y,(N/A)
2023,2023-02-28,Tuesday,15,03:40 PM,Property Damage,No Injuries,0,0,0,0,0,2,Front to Rear,11,N,N,Failing to Reduce Speed to Avoid Crash,(N/A),Daylight,Clear,Dry,N,,,,,Traffic Signal,Functioning Properly,Y,2,41.8811629,-87.7893894,ok,(UNK),1,2301197,2023,,28,99,50000 and OVER,9,4295,Oak Park,C,Urban Minor Collector,,16,28,12094065,2,Cook,0,23,,,2,N,No,Slow,202301066920,City,1,0.52999997,N,,,,(UNK),295437,(N/A),(UNK),No Defects,1,1,Minor Collector,6,2779,X002940791,Not Toll,73,3,4,Not Divided,1,2943958.75619071,1908187.24235831,41.88115506,-87.78938358,,Urban,1,N,(N/A),Y,(N/A)
2023,2023-02-28,Tuesday,17,05:03 PM,Property Damage,No Injuries,0,0,0,0,0,2,Angle,15,N,N,Failing to Yield Right of Way,Failing to Reduce Speed to Avoid Crash,Daylight,Clear,Dry,Y,,,,,Stop Sign,Functioning Properly,N,2,41.9015572,-87.8039844,ok,(UNK),1,2301201,2023,,2,28,50000 and OVER,9,4295,Oak Park,C,Urban Major Collector,,16,28,12094066,2,Cook,0,23,,,2,N,No,Free Flow,202301066923,City,1,1.08000004,N,,,,(UNK),295438,(N/A),(UNK),No Defects,1,1,Major Collector,5,1394,X002940792,Not Toll,73,2,4,Not Divided,1,2939779.26775028,1915509.47420165,41.90154933,-87.80397863,,Urban,1,N,(N/A),Y,(N/A)
2023,2023-03-16,Thursday,22,10:45 PM,Property Damage,No Injuries,0,0,0,0,0,3,Front to Rear,11,N,N,Failing to Reduce Speed to Avoid Crash,Following Too Closely,Darkness / Lighted Road,Rain,Wet,N,,,,,Other,Functioning Properly,N,2,41.8712706,-87.779522,ok,Partial Access Control,3,03-23-05096,2023,,28,3,50000 and OVER,9,4295,Oak Park,C,Urban InterState,,16,16,12119716,3,Cook,0,23,,,4,N,No,(UNK),202301091454,ISP,5,8.93999958,Y,,,,(UNK),297252,(N/A),(UNK),No Defects,1,2,InterState,1,290,X002963472,Not Toll,,13,4,Divided With Median Barrier,3,2946746.29477996,1904656.93282222,41.87126275,-87.77951623,,Urban,2,N,(N/A),Y,(N/A)
2023,2023-03-23,Thursday,16,04:20 PM,Property Damage,No Injuries,0,0,0,0,0,4,Front to Rear,11,N,N,Failing to Reduce Speed to Avoid Crash,Driving Skills/Knowledge/Experience,Daylight,Clear,Dry,N,,,,,Traffic Signal,Functioning Properly,N,2,41.8801572,-87.7746747,ok,(UNK),1,2301645,2023,,28,15,50000 and OVER,9,4295,Oak Park,C,Urban Minor Arterial,,16,23,12119927,3,Cook,0,23,,,4,N,No,Stopped,202301091641,City,1,7.6500001,N,,,,(UNK),298016,(N/A),(UNK),No Defects,1,1,Minor Arterial,4,2790,X002963660,Not Toll,,3,4,"Divided, No Median Barrier",2,2947976.28505039,1907932.16759209,41.88014939,-87.77466894,,Urban,1,N,(N/A),Y,(N/A)
2023,2023-03-29,Wednesday,8,08:59 AM,Injury,B Injury Crash,1,0,0,1,0,1,Angle,15,N,N,Failing to Yield Right of Way,Unable to Determine,Daylight,Cloudy/Overcast,Dry,Y,,,,,Stop Sign,Functioning Properly,N,2,41.8727266,-87.7792797,ok,(UNK),1,2301754,2023,,2,18,50000 and OVER,9,4295,Oak Park,C,Urban Minor Collector,,16,29,12126110,3,Cook,2,23,,,3,N,No,Free Flow,202301097239,City,1,1.05999994,N,,,,(UNK),298300,(N/A),(UNK),No Defects,1,1,Minor Collector,6,3794,X002969224,Not Toll,73,2,4,Four Way,14,2946797.5364514,1905189.35695427,41.87271873,-87.77927389,,Urban,8,N,(N/A),Y,(N/A)
2023,2023-04-03,Monday,16,04:02 PM,Property Damage,No Injuries,0,0,0,0,0,2,Turning,10,N,N,Failing to Yield Right of Way,Vision Obscured,Daylight,Clear,Dry,N,,,,,No Controls,No Controls,N,2,41.8650322,-87.8039127,ok,(UNK),1,2301876,2023,,2,14,50000 and OVER,9,4295,Oak Park,C,Urban Other Principal Arte,,16,3,12131395,4,Cook,0,23,,,1,N,No,Free Flow,202301102161,City,1,6,Y,,,,(UNK),298554,(N/A),(UNK),No Defects,1,1,Other Principal Arterial,3,347,X002973978,Not Toll,52,1,1,Not Divided,1,2940165.44659262,1902199.6431178,41.86502435,-87.80390692,,Urban,1,N,(N/A),Y,(N/A)
2023,2023-03-29,Wednesday,16,04:43 PM,Property Damage,No Injuries,0,0,0,0,0,2,Angle,15,N,N,Disregarding Traffic Signals,Failing to Reduce Speed to Avoid Crash,Daylight,Clear,Dry,Y,,,,,Traffic Signal,Functioning Properly,N,3,41.9015578,-87.8055273,ok,(UNK),1,2301769,2023,,25,28,50000 and OVER,9,4295,Oak Park,C,Urban Other Principal Arte,,16,29,12131356,3,Cook,0,23,,,3,N,No,Slow,202301102125,City,1,18.15999985,Y,,,,(UNK),298628,(N/A),(UNK),No Defects,1,1,Other Principal Arterial,3,348,X002973942,Not Toll,73,3,4,"Divided, No Median Barrier",2,2939359.22177461,1915498.13444712,41.90154996,-87.80552149,,Urban,1,N,(N/A),Y,(N/A)
2023,2023-04-02,Sunday,14,02:26 PM,Injury,B Injury Crash,1,0,0,1,0,2,Front to Front,14,N,N,Failing to Yield Right of Way,Disregarding Traffic Signals,Daylight,Clear,Dry,Y,,,,,Traffic Signal,Functioning Properly,N,2,41.8761149,-87.7941068,ok,(UNK),1,2301845,2023,,2,25,50000 and OVER,9,4295,Oak Park,C,Urban Major Collector,,16,2,12131388,4,Cook,2,23,,,7,N,No,Free Flow,202301102154,City,1,6.40999985,N,,,,(UNK),298632,(N/A),(UNK),No Defects,1,1,Major Collector,5,2775,X002973971,Not Toll,73,3,4,Four Way,14,2942724.91233708,1906312.08514089,41.87610705,-87.79410103,,Urban,1,N,(N/A),Y,(N/A)