crash_year,crash_date,day_of_week,crash_hour,time_of_crash,crash_severity,crash_injury_severity,total_injured,total_fatals,a_injuries,b_injuries,c_injuries,no_injuries,type_of_first_crash,collision_type_code,pedestrian_involved,pedalcyclist_involved,cause1,cause2,lighting_cond,weather_cond,road_surface_cond,intersection_related,is_intersection,highway_or_street_name,at_intersection_with,address_no,traffic_control_device,traffic_control_device_cond,hit_and_run,number_of_vehicles,latitude,longitude,location_status,access_control,agency_code,agency_report_number,agency_report_year,alignment_code,cause1_code,cause2_code,city_class,city_class_code,city_code,city_name,city_township_flag,class_of_trafficway,class_of_trafficway_code,county_code,crash_day,crash_id,crash_month,crash_report_county,crash_severity_cd,crash_yr_source,damaged_property1,damaged_property2,day_of_week_code,did_crash_occur_in_work_zone,did_involve_secondary_crash,flow_condition,icn,investigating_agency_descrip,light_condition_code,mile_station,nhs,non_intersection_direction,non_intersection_distance,non_intersection_units,number_of_lanes,objectid,railroad_crossing_number,road_alignment,road_defects,road_defects_code,road_surface_condition_code,roadway_functional_class,roadway_functional_class_code,route_number,sfe,toll,township,traffic_control_device_code,traffic_control_device_cond_code,trafficway_descrip,trafficway_description_code,ts_crash_coordinate_x,ts_crash_coordinate_y,ts_crash_latitude,ts_crash_longitude,type_report,urban_rural,weather_code,were_workers_present,work_zone,work_zone_related,work_zone_type
2023,2023-03-29,Wednesday,10,10:33 AM,Property Damage,No Injuries,0,0,0,0,0,3,Front to Rear,11,N,N,Failing to Reduce Speed to Avoid Crash,(N/A),Daylight,Blowing Snow,Wet,Y,,,,,Traffic Signal,Functioning Properly,N,2,41.8880514,-87.7846859,ok,(UNK),1,2301758,2023,,28,99,50000 and OVER,9,4295,Oak Park,C,Urban Major Collector,,16,29,12126115,3,Cook,0,23,,,3,N,No,Slow,202301097245,City,1,0.94999999,N,,,,(UNK),298933,(N/A),(UNK),No Defects,1,2,Major Collector,5,2783,X002969229,Not Toll,73,3,4,"Divided, No Median Barrier",2,2945169.94728347,1910733.08321634,41.88804357,-87.78468015,,Urban,11,N,(N/A),Y,(N/A)
2023,2023-04-01,Saturday,5,05:15 AM,Property Damage,No Injuries,0,0,0,0,0,1,Fixed Object,6,N,N,Driving Skills/Knowledge/Experience,Equipment-Vehicle Condition,Darkness / Lighted Road,Rain,Wet,N,,,,,No Controls,No Controls,N,1,41.8724911,-87.7939923,ok,Partial Access Control,3,03-23-05665,2023,,15,10,50000 and OVER,9,4295,Oak Park,C,Urban InterState,,16,1,12128646,4,Cook,0,23,,,6,N,No,(UNK),202301099453,ISP,5,8.18999958,Y,,,,(UNK),299339,(N/A),(UNK),No Defects,1,2,InterState,1,290,X002971370,Not Toll,73,1,1,Divided With Median Barrier,3,2942792.61536798,1904992.36612765,41.87248324,-87.79398655,,Urban,2,N,(N/A),Y,(N/A)
2023,2023-03-23,Thursday,8,08:04 AM,Injury,B Injury Crash,2,0,0,1,1,1,Angle,15,N,N,Failing to Yield Right of Way,Failing to Reduce Speed to Avoid Crash,Daylight,Rain,Wet,Y,,,,,Stop Sign,Functioning Properly,Y,3,41.9073375,-87.7833047,ok,(UNK),1,2301631,2023,,2,28,50000 and OVER,9,4295,Oak Park,C,Urban Major Collector,,16,23,12120285,3,Cook,2,23,,,4,N,Yes,Free Flow,202301091978,City,1,0.13,N,,,,(UNK),299860,(N/A),(UNK),No Defects,1,2,Major Collector,5,2783,X002964001,Not Toll,73,2,4,Four Way,14,2945350.72050964,1917771.76845097,41.90732968,-87.78329889,,Urban,2,N,(N/A),Y,(N/A)
2023,2023-03-28,Tuesday,13,01:13 PM,Property Damage,No Injuries,0,0,0,0,0,2,Front to Rear,11,N,N,Equipment-Vehicle Condition,(N/A),Daylight,Clear,Dry,Y,,,,,Traffic Signal,Functioning Properly,N,2,41.8832478,-87.8048564,ok,(UNK),1,23-00861,2023,,10,99,50000 and OVER,9,4295,Oak Park,C,Urban Other Principal Arte,,16,28,12124981,3,Cook,0,23,,,2,N,No,Stopped,202301096153,City,1,19.43000031,Y,,,,(UNK),299886,(N/A),(UNK),No Defects,1,1,Other Principal Arterial,3,348,X002968162,Not Toll,73,3,4,Not Divided,1,2939725.64589664,1908830.66925082,41.88323999,-87.80485055,,Urban,1,N,(N/A),Y,(N/A)
2023,2023-03-11,Saturday,1,01:30 AM,Property Damage,No Injuries,0,0,0,0,0,2,Sideswipe Same Direction,12,N,N,Improper Lane Usage,Failing to Reduce Speed to Avoid Crash,Darkness / Lighted Road,Clear,Dry,N,,,,,Other Regualtory Sig,Functioning Properly,Y,2,41.8713056,-87.775648,ok,Partial Access Control,3,03-23-04493,2023,,20,28,50000 and OVER,9,4295,Oak Park,C,Urban InterState,,16,11,12114451,3,Cook,0,23,,,6,N,No,(UNK),202301086746,ISP,5,9.14000034,Y,,,,(UNK),300009,(N/A),(UNK),No Defects,1,1,InterState,1,290,X002958907,Not Toll,73,10,4,Divided With Median Barrier,3,2947801.13957219,1904699.07566845,41.87129776,-87.77564219,,Urban,1,N,(N/A),Y,(N/A)
2024,2024-01-28,Sunday,1,01:40 AM,Property Damage,No Injuries,0,0,0,0,0,2,Turning,10,N,N,Improper Turning/No Signal,Improper Lane Usage,Darkness / Lighted Road,Rain,Wet,Y,,,,,Traffic Signal,Functioning Properly,Y,2,41.870943,-87.7742904,ok,Partial Access Control,3,03-24-01766,2024,,6,20,50000 and OVER,9,4295,Oak Park,C,Urban InterState,,16,28,12509984,1,Cook,0,24,,,7,N,No,(UNK),202401040390,ISP,5,9.21000004,Y,,,,(UNK),2033,(N/A),(UNK),No Defects,1,2,InterState,1,290,X003309215,Not Toll,,3,4,Four Way,14,2948174.58633469,1904577.25141547,41.87093517,-87.77428465,,Urban,2,N,(N/A),Y,(N/A)
2024,2024-01-30,Tuesday,16,04:43 PM,Property Damage,No Injuries,0,0,0,0,0,3,Angle,15,N,N,Failing to Yield Right of Way,Driving Skills/Knowledge/Experience,Dusk,Cloudy/Overcast,Dry,Y,,,,,Stop Sign,Functioning Properly,N,2,41.8944578,-87.7912967,ok,(UNK),1,2400558,2024,,2,15,50000 and OVER,9,4295,Oak Park,C,Urban Minor Arterial,,16,30,12510048,1,Cook,0,24,,,2,N,No,Free Flow,202401040451,City,3,3.27999997,N,,,,(UNK),2074,(N/A),(UNK),No Defects,1,1,Minor Arterial,4,1398,X003309276,Not Toll,73,2,4,Not Divided,1,2943305.1326179,1913017.77769634,41.89444999,-87.79129093,,Urban,8,N,(N/A),Y,(N/A)
2024,2024-01-29,Monday,6,06:05 AM,Property Damage,No Injuries,0,0,0,0,0,2,Turning,10,N,N,Improper Turning/No Signal,(N/A),Darkness / Lighted Road,Clear,Dry,Y,,,,,Traffic Signal,Functioning Properly,N,2,41.8735075,-87.8045198,ok,Partial Access Control,1,2400531,2024,,6,99,50000 and OVER,9,4295,Oak Park,C,Urban InterState,,16,29,12510049,1,Cook,0,24,,,1,N,No,(UNK),202401040452,City,5,7.69999981,Y,,,,(UNK),2075,(N/A),(UNK),No Defects,1,1,InterState,1,290,X003309277,Not Toll,73,3,4,Not Divided,1,2939915.0510494,1905283.64655097,41.87349967,-87.80451397,,Urban,1,N,(N/A),Y,(N/A)
2024,2024-01-30,Tuesday,11,11:06 AM,Property Damage,No Injuries,0,0,0,0,0,3,Turning,10,N,N,Failing to Yield Right of Way,Failing to Reduce Speed to Avoid Crash,Daylight,Clear,Wet,Y,,,,,No Controls,No Controls,N,2,41.8796129,-87.803846,ok,(UNK),1,2400551,2024,,2,28,50000 and OVER,9,4295,Oak Park,C,Urban Minor Arterial,,16,30,12510050,1,Cook,0,24,,,2,N,No,Free Flow,202401040453,City,1,3.1099999,N,,,,(UNK),2076,(N/A),(UNK),No Defects,1,2,Minor Arterial,4,1419,X003309278,Not Toll,73,1,1,Not Divided,1,2940037.28774095,1907513.61301925,41.87960506,-87.80384017,,Urban,1,N,(N/A),Y,(N/A)
2024,2024-01-30,Tuesday,16,04:49 PM,Injury,C Injury Crash,1,0,0,0,1,1,Angle,15,N,N,Failing to Yield Right of Way,Vision Obscured,Dusk,Clear,Dry,Y,,,,,No Controls,No Controls,N,2,41.8834465,-87.7845465,ok,(UNK),1,2400559,2024,,2,14,50000 and OVER,9,4295,Oak Park,C,Urban Major Collector,,16,30,12510051,1,Cook,1,24,,,2,N,No,Slow,202401040454,City,3,1.27999997,N,,,,(UNK),2077,(N/A),(UNK),No Defects,1,1,Major Collector,5,2783,X003309279,Not Toll,73,1,1,Not Divided,1,2945254.52477192,1909056.03524735,41.8834387,-87.78454071,,Urban,1,N,(N/A),Y,(N/A)
2024,2024-01-31,Wednesday,13,01:15 PM,Property Damage,No Injuries,0,0,0,0,0,2,Front to Rear,11,N,N,Failing to Reduce Speed to Avoid Crash,Driving Skills/Knowledge/Experience,Daylight,Clear,Dry,Y,,,,,Stop Sign,Functioning Properly,N,2,41.8815476,-87.7969672,ok,(UNK),1,2400575,2024,,28,15,50000 and OVER,9,4295,Oak Park,C,Urban Major Collector,,16,31,12510052,1,Cook,0,24,,,3,N,No,Stopped,202401040455,City,1,0.40000001,N,,,,(UNK),2078,(N/A),(UNK),No Defects,1,1,Major Collector,5,5,X003309280,Not Toll,73,2,4,Not Divided,1,2941891.16988373,1908270.32471145,41.88153974,-87.79696144,,Urban,1,N,(N/A),Y,(N/A)
2024,2024-01-31,Wednesday,13,01:22 PM,Property Damage,No Injuries,0,0,0,0,0,1,Other Object,7,N,N,Unable to Determine,Unable to Determine,Daylight,Clear,Dry,N,,,,,No Controls,No Controls,N,1,41.8761495,-87.7919619,ok,(UNK),1,2400576,2024,,18,18,50000 and OVER,9,4295,Oak Park,C,Urban Local Road or Street,,16,31,12510053,1,Cook,0,24,,,3,N,No,(UNK),202401040456,City,1,0,N,,,,(UNK),2079,(N/A),(UNK),No Defects,1,1,Local Road or Street,7,,X003309281,Not Toll,73,1,1,Not Divided,1,2943308.7516214,1906340.87773079,41.8761417,-87.79195608,,Urban,1,N,(N/A),Y,(N/A)
2024,2024-02-22,Thursday,11,11:17 AM,Property Damage,No Injuries,0,0,0,0,0,1,Parked Motor Vehicle,9,N,N,Improper Backing,Failing to Reduce Speed to Avoid Crash,Daylight,Clear,Dry,N,,,,,No Controls,No Controls,N,2,41.9089135,-87.8010085,ok,(UNK),1,2401020,2024,,30,28,50000 and OVER,9,4295,Oak Park,C,Urban Other Principal Arte,,16,22,12534351,2,Cook,0,24,,,4,N,No,Slow,202401061699,City,1,6.17000008,Y,,,,(UNK),2524,(N/A),(UNK),No Defects,1,1,Other Principal Arterial,3,307,X003330261,Not Toll,73,1,1,Parking Lot,7,2940515.4855997,1918212.60490027,41.90890566,-87.8010027,,Urban,1,N,(N/A),Y,(N/A)
2024,2024-02-22,Thursday,11,11:27 AM,Injury,B Injury Crash,1,0,0,1,0,2,Angle,15,N,N,Failing to Yield Right of Way,Driving Skills/Knowledge/Experience,Daylight,Clear,Dry,Y,,,,,Stop Sign,Functioning Properly,N,2,41.901938,-87.7802248,ok,(UNK),1,2401019,2024,,2,15,50000 and OVER,9,4295,Oak Park,C,Urban Major Collector,,16,22,12534353,2,Cook,2,24,,,4,N,No,Free Flow,202401061702,City,1,0.5,N,,,,(UNK),2525,(N/A),(UNK),No Defects,1,1,Major Collector,5,3559,X003330263,Not Toll,73,2,4,Not Divided,1,2946243.90095943,1915827.39933322,41.90193016,-87.78021903,,Urban,1,N,(N/A),Y,(N/A)
2024,2024-02-15,Thursday,15,03:30 PM,Property Damage,No Injuries,0,0,0,0,0,2,Angle,15,N,N,Failing to Yield Right of Way,Failing to Reduce Speed to Avoid Crash,Daylight,Unknown,Dry,Y,,,,,Stop Sign,Functioning Properly,N,2,41.8946672,-87.7783806,ok,(UNK),1,2401015,2024,,2,28,50000 and OVER,9,4295,Oak Park,C,Urban Minor Arterial,,16,15,12534355,2,Cook,0,24,,,4,N,No,Free Flow,202401061704,City,1,3.96000004,N,,,,(UNK),2526,(N/A),(UNK),No Defects,1,1,Minor Arterial,4,1398,X003330265,Not Toll,73,2,4,Not Divided,1,2946819.78673276,1913191.76672808,41.89465939,-87.7783748,,Urban,9,N,(N/A),Y,(N/A)
2024,2024-02-22,Thursday,20,08:46 PM,Property Damage,No Injuries,0,0,0,0,0,1,Parked Motor Vehicle,9,N,N,Failing to Reduce Speed to Avoid Crash,(N/A),Darkness / Lighted Road,Clear,Dry,N,,,,,No Controls,No Controls,Y,2,41.8969113,-87.7784624,ok,(UNK),1,2401035,2024,,28,99,50000 and OVER,9,4295,Oak Park,C,Urban Local Road or Street,,16,22,12534359,2,Cook,0,24,,,4,N,No,Free Flow,202401061708,City,5,0,N,,,,(UNK),2527,(N/A),(UNK),No Defects,1,1,Local Road or Street,7,,X003330269,Not Toll,73,1,1,Not Divided,1,2946774.73385079,1914008.94041118,41.89690349,-87.77845661,,Urban,1,N,(N/A),Y,(N/A)
2024,2024-02-09,Friday,4,04:38 AM,Injury,B Injury Crash,1,0,0,1,0,1,Turning,10,N,N,Failing to Yield Right of Way,Improper Lane Usage,Darkness / Lighted Road,Clear,Dry,Y,,,,,Traffic Signal,Functioning Properly,N,2,41.8736416,-87.8045258,ok,Partial Access Control,1,24-00418,2024,,2,20,50000 and OVER,9,4295,Oak Park,C,Urban InterState,,16,9,12523144,2,Cook,2,24,,,5,N,No,Free Flow,202401051976,City,5,0.23999999,Y,,,,(UNK),3075,(N/A),(UNK),No Defects,1,1,InterState,1,290,X003320726,Not Toll,73,3,4,Divided With Median Barrier,3,2939912.062394,1905332.46992192,41.87363377,-87.80452,,Urban,1,N,(N/A),Y,(N/A)
2024,2024-02-22,Thursday,15,03:30 PM,Property Damage,No Injuries,0,0,0,0,0,3,Turning,10,N,N,Unable to Determine,(N/A),Daylight,Clear,Dry,N,,,,,Traffic Signal,Functioning Properly,N,2,41.8799497,-87.794283,ok,(UNK),1,2401027,2024,,18,99,50000 and OVER,9,4295,Oak Park,C,Urban Major Collector,,16,22,12534787,2,Cook,0,24,,,4,N,No,(UNK),202401062088,City,1,6.1500001,N,,,,(UNK),3619,(N/A),(UNK),No Defects,1,1,Major Collector,5,2775,X003330650,Not Toll,73,3,4,"Divided, No Median Barrier",2,2942638.28739728,1907708.24464843,41.87994189,-87.79427718,,Urban,1,N,(N/A),Y,(N/A)
2024,2024-02-22,Thursday,22,10:55 PM,Injury,C Injury Crash,3,0,0,0,3,2,Turning,10,N,N,Failing to Reduce Speed to Avoid Crash,(N/A),Darkness,Clear,Dry,Y,,,,,No Controls,No Controls,N,2,41.8881778,-87.7798039,ok,(UNK),1,2401036,2024,,28,99,50000 and OVER,9,4295,Oak Park,C,Urban Major Collector,,16,22,12534817,2,Cook,1,24,STOP SIGN,,4,N,Yes,Free Flow,202401062117,City,4,1.45000005,N,,,,(UNK),3637,(N/A),(UNK),No Defects,1,1,Major Collector,5,3559,X003330675,Not Toll,73,1,1,"Divided, No Median Barrier",2,2946498.07314033,1910816.1001493,41.88816995,-87.7797981,,Urban,1,N,(N/A),Y,(N/A)
2024,2024-01-09,Tuesday,20,08:10 PM,Property Damage,No Injuries,0,0,0,0,0,2,Front to Rear,11,N,N,Failing to Reduce Speed to Avoid Crash,Following Too Closely,Darkness / Lighted Road,Rain,Wet,N,,,,,Other Regualtory Sig,Functioning Properly,Y,2,41.8728378,-87.7977769,ok,Partial Access Control,3,03-24-00485,2024,,28,3,50000 and OVER,9,4295,Oak Park,C,Urban InterState,,16,9,12496018,1,Cook,0,24,,,2,N,No,(UNK),202401028175,ISP,5,8.01000023,Y,,,,(UNK),4567,(N/A),(UNK),No Defects,1,2,InterState,1,290,X003297085,Not Toll,,10,4,Divided With Median Barrier,3,2941758.3357466,1905090.24830287,41.87283785,-87.79777685,,Urban,2,N,(N/A),Y,(N/A)
2024,2024-01-16,Tuesday,15,03:30 PM,Injury,B Injury Crash,2,0,0,2,0,1,Sideswipe Same Direction,12,N,N,Improper Lane Usage,Failing to Yield Right of Way,Daylight,Clear,Dry,N,,,,,Other Regualtory Sig,Functioning Properly,Y,2,41.8720617,-87.7888389,ok,Partial Access Control,3,03-24-00976,2024,,20,2,50000 and OVER,9,4295,Oak Park,C,Urban InterState,,16,16,12496233,1,Cook,2,24,,,2,N,No,(UNK),202401028385,ISP,1,8.46000004,Y,,,,(UNK),4735,(N/A),(UNK),No Defects,1,1,InterState,1,290,X003297295,Not Toll,,10,4,Divided With Median Barrier,3,2944200.61662565,1904874.75205217,41.87206169,-87.78883886,,Urban,1,N,(N/A),Y,(N/A)
2024,2024-01-16,Tuesday,16,04:15 PM,Property Damage,No Injuries,0,0,0,0,0,2,Front to Rear,11,N,N,Failing to Reduce Speed to Avoid Crash,Following Too Closely,Darkness / Lighted Road,Clear,Dry,N,,,,,Traffic Signal,Functioning Properly,N,2,41.8733024,-87.8014404,ok,Partial Access Control,3,03-24-00985,2024,,28,3,50000 and OVER,9,4295,Oak Park,C,Urban InterState,,16,16,12496234,1,Cook,0,24,,,2,N,No,(UNK),202401028386,ISP,5,0.1,Y,,,,(UNK),4736,(N/A),(UNK),No Defects,1,1,InterState,1,290,X003297296,Not Toll,,3,4,Ramp,11,2940755.83869506,1905232.01042981,41.87330241,-87.80144037,,Urban,1,N,(N/A),Y,(N/A)
2024,2024-01-16,Tuesday,13,01:00 PM,Property Damage,No Injuries,0,0,0,0,0,2,Front to Rear,11,N,N,Failing to Reduce Speed to Avoid Crash,Following Too Closely,Daylight,Clear,Dry,N,,,,,Other Regualtory Sig,Functioning Properly,N,2,41.8724605,-87.793622,ok,Partial Access Control,3,03-24-00968,2024,,28,3,50000 and OVER,9,4295,Oak Park,C,Urban InterState,,16,16,12496271,1,Cook,0,24,,,2,N,No,(UNK),202401028421,ISP,1,8.21000004,Y,,,,(UNK),4762,(N/A),(UNK),No Defects,1,1,InterState,1,290,X003297331,Not Toll,73,10,4,Divided With Median Barrier,3,2942893.80379508,1904983.99943513,41.87245262,-87.79361618,,Urban,1,N,(N/A),Y,(N/A)
2024,2024-02-25,Sunday,16,04:40 PM,Property Damage,No Injuries,0,0,0,0,0,3,Sideswipe Same Direction,12,N,N,Failing to Yield Right of Way,Failing to Reduce Speed to Avoid Crash,Daylight,Clear,Dry,N,,,,,Other Regualtory Sig,Functioning Properly,N,2,41.8733572,-87.8029719,ok,Partial Access Control,3,03-24-03402,2024,,2,28,50000 and OVER,9,4295,Oak Park,C,Urban InterState,,16,25,12539087,2,Cook,0,24,,,7,N,No,(UNK),202401065951,ISP,1,7.76999998,Y,,,,(UNK),4929,(N/A),(UNK),No Defects,1,1,InterState,1,290,X003334435,Not Toll,73,10,4,Divided With Median Barrier,3,2940338.13534902,1905240.46421806,41.87334931,-87.80296615,,Urban,1,N,(N/A),Y,(N/A)
2024,2024-01-06,Saturday,9,09:04 AM,Property Damage,No Injuries,0,0,0,0,0,2,Angle,15,N,N,Failing to Yield Right of Way,Failing to Reduce Speed to Avoid Crash,Daylight,Snow,Snow or Slush,Y,,,,,Stop Sign,Functioning Properly,N,2,41.9036477,-87.7936896,ok,(UNK),1,2400108,2024,,2,28,50000 and OVER,9,4295,Oak Park,C,Urban Local Road or Street,,16,6,12479242,1,Cook,0,24,,,6,N,No,Free Flow,202401014166,City,1,0,N,,,,(UNK),5327,(N/A),(UNK),No Defects,1,3,Local Road or Street,7,,X003282314,Not Toll,73,2,4,Not Divided,1,2942560.93436516,1916348.71453881,41.90363989,-87.79368376,,Urban,3,N,(N/A),Y,(N/A)
2024,2024-11-28,Thursday,16,04:31 PM,Property Damage,No Injuries,0,0,0,0,0,3,Front to Rear,11,N,N,Following Too Closely,Failing to Reduce Speed to Avoid Crash,Darkness / Lighted Road,Clear,Dry,N,,,,,Other,Functioning Properly,N,3,41.8732592,-87.7994305,ok,Partial Access Control,3,03-24-23366,2024,,3,28,50000 and OVER,9,4295,Oak Park,C,Urban InterState,,16,28,12891528,11,Cook,0,24,,,4,N,No,(UNK),202401393575,ISP,5,7.92999983,Y,,,,(UNK),5562,(N/A),(UNK),No Defects,1,1,InterState,1,290,X003644261,Not Toll,73,13,4,Divided With Median Barrier,3,2941303.68895117,1905231.37429294,41.87325139,-87.79942473,,Urban,1,N,(N/A),Y,(N/A)
2024,2024-12-01,Sunday,17,05:15 PM,Property Damage,No Injuries,0,0,0,0,0,2,Turning,10,N,N,Failing to Yield Right of Way,Improper Turning/No Signal,Daylight,Clear,Dry,Y,,,,,Traffic Signal,Functioning Properly,N,2,41.8813878,-87.8047858,ok,(UNK),1,24-03983,2024,,2,6,50000 and OVER,9,4295,Oak Park,C,Urban Other Principal Arte,,16,1,12891558,12,Cook,0,24,,,7,N,No,Slow,202401393607,City,1,19.55999947,Y,,,,(UNK),5581,(N/A),(UNK),No Defects,1,1,Other Principal Arterial,3,348,X003644290,Not Toll,73,3,4,"Divided, No Median Barrier",2,2939763.52364909,1908153.38389951,41.88138,-87.80478,,Urban,1,N,(N/A),Y,(N/A)
2024,2024-11-23,Saturday,16,04:30 PM,Property Damage,No Injuries,0,0,0,0,0,2,Sideswipe Same Direction,12,N,N,Improper Lane Usage,Driving Skills/Knowledge/Experience,Dusk,Unknown,Dry,N,,,,,Traffic Signal,Functioning Properly,Y,2,41.8736416,-87.8045258,ok,Partial Access Control,1,24-03905,2024,,20,15,50000 and OVER,9,4295,Oak Park,C,Urban InterState,,16,23,12891564,11,Cook,0,24,,,6,N,No,Stopped,202401393613,City,3,0.23999999,Y,,,,(UNK),5586,(N/A),(UNK),No Defects,1,1,InterState,1,290,X003644296,Not Toll,73,3,4,Divided With Median Barrier,3,2939912.062394,1905332.46992192,41.87363377,-87.80452,,Urban,9,N,(N/A),Y,(N/A)
2024,2024-11-30,Saturday,21,09:45 PM,Property Damage,No Injuries,0,0,0,0,0,2,Turning,10,N,N,Failing to Yield Right of Way,Improper Overtaking/Passing,Darkness / Lighted Road,Clear,Dry,Y,,,,,Delineators,Functioning Properly,N,2,41.8736416,-87.8045258,ok,Partial Access Control,3,03-24-23517,2024,,2,4,50000 and OVER,9,4295,Oak Park,C,Urban InterState,,16,30,12891945,11,Cook,0,24,,,6,N,No,(UNK),202401393962,ISP,5,0.23999999,Y,,,,(UNK),5826,(N/A),(UNK),No Defects,1,1,InterState,1,290,X003644645,Not Toll,73,14,4,Divided With Median Barrier,3,2939912.062394,1905332.46992192,41.87363377,-87.80452,,Urban,1,N,(N/A),Y,(N/A)
2024,2024-11-26,Tuesday,17,05:42 PM,Property Damage,No Injuries,0,0,0,0,0,6,Angle,15,N,N,Disregarding Road Markings,Disregarding Road Markings,Darkness / Lighted Road,Clear,Dry,N,,,,,No Controls,No Controls,N,2,41.89418,-87.80459,ok,(UNK),1,2407186,2024,,26,26,50000 and OVER,9,4295,Oak Park,C,Urban Minor Arterial,,16,26,12892356,11,Cook,0,24,,,2,N,No,(UNK),202401394339,City,5,0,N,,,,(UNK),6104,(N/A),(UNK),No Defects,1,1,Minor Arterial,4,,X003645029,Not Toll,,1,1,"Divided, No Median Barrier",2,2939688.45857201,1912816.54900917,41.89418,-87.80459,,Urban,1,N,(N/A),Y,(N/A)
2024,2024-11-28,Thursday,12,12:48 PM,Property Damage,No Injuries,0,0,0,0,0,1,Parked Motor Vehicle,9,N,N,Driving Skills/Knowledge/Experience,Following Too Closely,Darkness,Clear,Dry,N,,,,,No Controls,No Controls,Y,2,41.8663996,-87.7741565,ok,(UNK),1,2407224,2024,,15,3,50000 and OVER,9,4295,Oak Park,C,Urban Minor Arterial,,16,28,12892357,11,Cook,0,24,,,4,N,No,Free Flow,202401394340,City,4,8.64999962,N,,,,(UNK),6105,(N/A),(UNK),No Defects,1,1,Minor Arterial,4,2790,X003645030,Not Toll,,1,1,"Divided, No Median Barrier",2,2948257.23774616,1902922.54813046,41.86639171,-87.77415072,,Urban,1,N,(N/A),Y,(N/A)
2024,2024-11-27,Wednesday,17,05:20 PM,Property Damage,No Injuries,0,0,0,0,0,2,Front to Rear,11,N,N,Following Too Closely,(N/A),Darkness / Lighted Road,Clear,Dry,N,,,,,No Controls,No Controls,N,2,41.9052131,-87.805664,ok,(UNK),1,2407212,2024,,3,99,50000 and OVER,9,4295,Oak Park,C,Urban Other Principal Arte,,16,27,12892358,11,Cook,0,24,,,3,N,No,Free Flow,202401394341,City,5,17.89999962,Y,,,,(UNK),6106,(N/A),(UNK),No Defects,1,1,Other Principal Arterial,3,348,X003645031,Not Toll,73,1,1,Not Divided,1,2939285.32953695,1916829.17271559,41.90520527,-87.80565817,,Urban,1,N,(N/A),Y,(N/A)
2024,2024-11-30,Saturday,14,02:12 PM,Injury,B Injury Crash,1,0,0,1,0,2,Front to Rear,11,N,N,Failing to Reduce Speed to Avoid Crash,Following Too Closely,Daylight,Clear,Dry,N,,,,,No Controls,No Controls,N,2,41.8651354,-87.7966982,ok,(UNK),1,2407243,2024,,28,3,50000 and OVER,9,4295,Oak Park,C,Urban Other Principal Arte,,16,30,12892361,11,Cook,2,24,,,6,N,No,Slow,202401394342,City,1,6.38000011,Y,,,,(UNK),6109,(N/A),(UNK),No Defects,1,1,Other Principal Arterial,3,347,X003645032,Not Toll,52,1,1,Not Divided,1,2942129.65811592,1902291.46759522,41.86512759,-87.79669242,,Urban,1,N,(N/A),Y,(N/A)
2024,2024-11-28,Thursday,15,03:50 PM,Property Damage,No Injuries,0,0,0,0,0,1,Parked Motor Vehicle,9,N,N,Improper Backing,Failing to Reduce Speed to Avoid Crash,Daylight,Clear,Dry,N,,,,,No Controls,No Controls,N,2,41.90155,-87.80251,ok,(UNK),1,2407226,2024,,30,28,50000 and OVER,9,4295,Oak Park,C,Urban Major Collector,,16,28,12892362,11,Cook,0,24,,,4,N,No,Free Flow,202401394343,City,1,0,N,,,,(UNK),6110,(N/A),(UNK),No Defects,1,1,Major Collector,5,,X003645033,Not Toll,,1,1,Not Divided,1,2940180.74942583,1915517.92335071,41.90155,-87.80251,,Urban,1,N,(N/A),Y,(N/A)
2024,2024-11-24,Sunday,9,09:00 AM,Property Damage,No Injuries,0,0,0,0,0,5,Turning,10,N,N,Failing to Reduce Speed to Avoid Crash,(N/A),Daylight,Clear,Dry,Y,,,,,No Controls,No Controls,N,2,41.90189,-87.78024,ok,(UNK),1,2407210,2024,,28,99,50000 and OVER,9,4295,Oak Park,C,Urban Major Collector,,16,24,12892363,11,Cook,0,24,,,7,N,No,Free Flow,202401394344,City,1,0.5,N,,,,(UNK),6111,(N/A),(UNK),No Defects,1,1,Major Collector,5,3559,X003645034,Not Toll,,1,1,Not Divided,1,2946240.25721278,1915809.78757668,41.90189,-87.78024,,Urban,1,N,(N/A),Y,(N/A)
2024,2024-11-27,Wednesday,16,04:15 PM,Property Damage,No Injuries,0,0,0,0,0,3,Sideswipe Same Direction,12,N,N,Failing to Yield Right of Way,Failing to Reduce Speed to Avoid Crash,Dusk,Cloudy/Overcast,Dry,N,,,,,No Controls,No Controls,N,2,41.87958,-87.80386,ok,(UNK),1,2407211,2024,,2,28,50000 and OVER,9,4295,Oak Park,C,Urban Minor Arterial,,16,27,12892366,11,Cook,0,24,,,3,N,No,Slow,202401394346,City,3,0,N,,,,(UNK),6113,(N/A),(UNK),No Defects,1,1,Minor Arterial,4,,X003645036,Not Toll,,1,1,Two-way Continuous Left-Tur,4,2940033.79814201,1907501.51677064,41.87958,-87.80386,,Urban,8,N,(N/A),Y,(N/A)
2024,2024-11-27,Wednesday,19,07:44 PM,Property Damage,No Injuries,0,0,0,0,0,3,Sideswipe Opposite Direction,13,N,N,Failing to Reduce Speed to Avoid Crash,(N/A),Darkness / Lighted Road,Clear,Dry,N,,,,,No Controls,No Controls,N,2,41.8736416,-87.8045258,ok,Partial Access Control,1,2407219,2024,,28,99,50000 and OVER,9,4295,Oak Park,C,Urban InterState,,16,27,12892367,11,Cook,0,24,,,3,N,No,Slow,202401394347,City,5,0.23999999,Y,,,,(UNK),6114,(N/A),(UNK),No Defects,1,1,InterState,1,290,X003645037,Not Toll,73,1,1,Not Divided,1,2939912.062394,1905332.46992192,41.87363377,-87.80452,,Urban,1,N,(N/A),Y,(N/A)