crash_year,crash_date,day_of_week,crash_hour,time_of_crash,crash_severity,crash_injury_severity,total_injured,total_fatals,a_injuries,b_injuries,c_injuries,no_injuries,type_of_first_crash,collision_type_code,pedestrian_involved,pedalcyclist_involved,cause1,cause2,lighting_cond,weather_cond,road_surface_cond,intersection_related,is_intersection,highway_or_street_name,at_intersection_with,address_no,traffic_control_device,traffic_control_device_cond,hit_and_run,number_of_vehicles,latitude,longitude,location_status,access_control,agency_code,agency_report_number,agency_report_year,alignment_code,cause1_code,cause2_code,city_class,city_class_code,city_code,city_name,city_township_flag,class_of_trafficway,class_of_trafficway_code,county_code,crash_day,crash_id,crash_month,crash_report_county,crash_severity_cd,crash_yr_source,damaged_property1,damaged_property2,day_of_week_code,did_crash_occur_in_work_zone,did_involve_secondary_crash,flow_condition,icn,investigating_agency_descrip,light_condition_code,mile_station,nhs,non_intersection_direction,non_intersection_distance,non_intersection_units,number_of_lanes,objectid,railroad_crossing_number,road_alignment,road_defects,road_defects_code,road_surface_condition_code,roadway_functional_class,roadway_functional_class_code,route_number,sfe,toll,township,traffic_control_device_code,traffic_control_device_cond_code,trafficway_descrip,trafficway_description_code,ts_crash_coordinate_x,ts_crash_coordinate_y,ts_crash_latitude,ts_crash_longitude,type_report,urban_rural,weather_code,were_workers_present,work_zone,work_zone_related,work_zone_type
2024,2024-11-27,Wednesday,10,10:58 AM,Property Damage,No Injuries,0,0,0,0,0,2,Sideswipe Opposite Direction,13,N,N,Unable to Determine,(N/A),Daylight,Clear,Dry,N,,,,,No Controls,No Controls,N,2,41.88541,-87.79767,ok,(UNK),1,2407197,2024,,18,99,50000 and OVER,9,4295,Oak Park,C,Urban Local Road or Street,,16,27,12892369,11,Cook,0,24,,,3,N,No,Free Flow,202401394349,City,1,0,N,,,,(UNK),6115,(N/A),(UNK),No Defects,1,1,Local Road or Street,7,,X003645039,Not Toll,,1,1,Not Divided,1,2941660.91030725,1909672.57204077,41.88541,-87.79767,,Urban,1,N,(N/A),Y,(N/A)
2024,2024-12-01,Sunday,14,02:23 PM,Injury,B Injury Crash,1,0,0,1,0,2,Pedestrian,1,Y,N,Failing to Yield Right of Way,Failing to Reduce Speed to Avoid Crash,Daylight,Clear,Dry,Y,,,,,Traffic Signal,Functioning Properly,N,1,41.8688,-87.79385,ok,(UNK),1,2407254,2024,,2,28,50000 and OVER,9,4295,Oak Park,C,Urban Major Collector,,16,1,12892371,12,Cook,2,24,,,7,N,No,Free Flow,202401394351,City,1,0,N,,,,(UNK),6117,(N/A),(UNK),No Defects,1,1,Major Collector,5,,X003645041,Not Toll,,3,4,T-Intersection,15,2942868.58919412,1903648.3425713,41.8688,-87.79385,,Urban,1,N,(N/A),Y,(N/A)
2024,2024-11-25,Monday,8,08:13 AM,Property Damage,No Injuries,0,0,0,0,0,2,Angle,15,N,N,Failing to Yield Right of Way,Disregarding Other Traffic Signs,Daylight,Clear,Dry,Y,,,,,Other Regualtory Sig,Functioning Properly,N,2,41.905213,-87.805664,ok,(UNK),1,2401529,2024,,2,24,50000 and OVER,9,4295,Oak Park,C,Urban Other Principal Arte,,16,25,12892377,11,Cook,0,24,,,1,N,No,Free Flow,202401394357,City,1,17.89999962,Y,,,,(UNK),6121,(N/A),(UNK),No Defects,1,1,Other Principal Arterial,3,348,X003645047,Not Toll,73,10,4,Not Divided,1,2939285.33357436,1916829.12378355,41.90520513,-87.80565816,,Urban,1,N,(N/A),Y,(N/A)
2024,2024-11-29,Friday,3,03:53 AM,Injury,B Injury Crash,1,0,0,1,0,1,Front to Rear,11,N,N,Failing to Reduce Speed to Avoid Crash,(N/A),Darkness / Lighted Road,Clear,Dry,Y,,,,,Traffic Signal,Functioning Properly,Y,2,41.8711278,-87.7742958,ok,Partial Access Control,1,2407231,2024,,28,99,50000 and OVER,9,4295,Oak Park,C,Urban InterState,,16,29,12893063,11,Cook,2,24,,,5,N,No,Free Flow,202401394988,City,5,0,Y,,,,(UNK),6578,(N/A),(UNK),No Defects,1,1,InterState,1,290,X003645659,Not Toll,,3,4,Two-way Continuous Left-Tur,4,2948171.24961575,1904644.56578593,41.87112,-87.77429,,Urban,1,N,(N/A),Y,(N/A)
2024,2024-12-02,Monday,19,07:25 PM,Property Damage,No Injuries,0,0,0,0,0,5,Turning,10,N,N,Failing to Reduce Speed to Avoid Crash,Driving Skills/Knowledge/Experience,Darkness / Lighted Road,Clear,Dry,N,,,,,No Controls,No Controls,N,2,41.8918356,-87.8051511,ok,(UNK),1,2407273,2024,,28,15,50000 and OVER,9,4295,Oak Park,C,Urban Other Principal Arte,,16,2,12893079,12,Cook,0,24,,,1,N,No,Free Flow,202401395002,City,5,18.82999992,Y,,,,(UNK),6585,(N/A),(UNK),No Defects,1,1,Other Principal Arterial,3,348,X003645672,Not Toll,73,1,1,Not Divided,1,2939559.22156426,1911958.01506976,41.8918278,-87.80514525,,Urban,1,N,(N/A),Y,(N/A)
2024,2024-02-06,Tuesday,12,12:46 PM,Injury,B Injury Crash,1,0,0,1,0,2,Front to Rear,11,N,N,Physical Condition of Driver,(N/A),Daylight,Clear,Dry,Y,,,,,Traffic Signal,Functioning Properly,N,3,41.8761908,-87.7843625,ok,(UNK),1,2400694,2024,,17,99,50000 and OVER,9,4295,Oak Park,C,Urban Major Collector,,16,6,12517206,2,Cook,2,24,,,2,N,Yes,Stopped,202401046640,City,1,1.78999996,N,,,,(UNK),6873,(N/A),(UNK),No Defects,1,1,Major Collector,5,2783,X003315488,Not Toll,73,3,4,"Divided, No Median Barrier",2,2945378.07106696,1906413.28660968,41.87618292,-87.7843567,,Urban,1,N,(N/A),Y,(N/A)
2024,2024-11-20,Wednesday,22,10:10 PM,Injury,C Injury Crash,1,0,0,0,1,0,Parked Motor Vehicle,9,N,N,(N/A),(N/A),Darkness / Lighted Road,Snow,Snow or Slush,N,,,,,No Controls,No Controls,N,2,41.8751231,-87.7940791,ok,(UNK),1,2407050,2024,,99,99,50000 and OVER,9,4295,Oak Park,C,Urban Major Collector,,16,20,12893959,11,Cook,1,24,,,3,N,No,Free Flow,202401395783,City,5,6.46999979,N,,,,(UNK),7591,(N/A),(UNK),No Defects,1,3,Major Collector,5,2775,X003646455,Not Toll,73,1,1,Not Divided,1,2942742.44643479,1905950.88141095,41.8751153,-87.79407335,,Urban,3,N,(N/A),Y,(N/A)
2024,2024-02-07,Wednesday,7,07:32 AM,Injury,C Injury Crash,2,0,0,0,2,1,Angle,15,N,N,Failing to Yield Right of Way,Failing to Reduce Speed to Avoid Crash,Daylight,Clear,Dry,Y,,,,,Stop Sign,Functioning Properly,N,2,41.8946278,-87.7799865,ok,(UNK),1,2400712,2024,,2,28,50000 and OVER,9,4295,Oak Park,C,Urban Minor Arterial,,16,7,12518128,2,Cook,1,24,,,3,N,No,Slow,202401047492,City,1,1,N,,,,(UNK),8121,(N/A),(UNK),No Defects,1,1,Minor Arterial,4,3559,X003316341,Not Toll,73,2,4,"Divided, No Median Barrier",2,2946382.9308454,1913165.23599282,41.89462,-87.77998072,,Urban,1,N,(N/A),Y,(N/A)
2024,2024-02-07,Wednesday,7,07:49 AM,Injury,C Injury Crash,1,0,0,0,1,1,Front to Rear,11,N,N,Following Too Closely,Failing to Reduce Speed to Avoid Crash,Daylight,Clear,Dry,Y,,,,,Traffic Signal,Functioning Properly,N,2,41.9091644,-87.7833533,ok,(UNK),1,2400715,2024,,3,28,50000 and OVER,9,4295,Oak Park,C,Urban Other Principal Arte,,16,7,12518175,2,Cook,1,24,,,3,N,No,Slow,202401047536,City,1,7.07000017,Y,,,,(UNK),8149,(N/A),(UNK),No Defects,1,1,Other Principal Arterial,3,307,X003316389,Not Toll,73,3,4,"Divided, No Median Barrier",2,2945318.98117975,1918437.13789021,41.90915652,-87.7833475,,Urban,1,N,(N/A),Y,(N/A)
2024,2024-12-01,Sunday,19,07:20 PM,Property Damage,No Injuries,0,0,0,0,0,2,Sideswipe Same Direction,12,N,N,Failing to Reduce Speed to Avoid Crash,Following Too Closely,Darkness / Lighted Road,Clear,Dry,N,,,,,Other,Functioning Properly,Y,2,41.8737433,-87.804148,ok,Partial Access Control,3,03-24-23585,2024,,28,3,50000 and OVER,9,4295,Oak Park,C,Urban InterState,,16,1,12895576,12,Cook,0,24,,,7,N,No,(UNK),202401397283,ISP,5,7.71999979,Y,,,,(UNK),8958,(N/A),(UNK),No Defects,1,1,InterState,1,290,X003647954,Not Toll,73,13,4,Divided With Median Barrier,3,2940013.95310436,1905372.35535007,41.87373545,-87.80414216,,Urban,1,N,(N/A),Y,(N/A)
2024,2024-11-29,Friday,9,09:00 AM,Property Damage,No Injuries,0,0,0,0,0,2,Front to Rear,11,N,N,Following Too Closely,(N/A),Daylight,Clear,Dry,Y,,,,,Traffic Signal,Functioning Properly,N,2,41.8813879,-87.8047835,ok,(UNK),1,24-03956,2024,,3,99,50000 and OVER,9,4295,Oak Park,C,Urban Other Principal Arte,,16,29,12896104,11,Cook,0,24,,,5,N,No,Stopped,202401397516,City,1,19.55999947,Y,,,,(UNK),9588,(N/A),(UNK),No Defects,1,1,Other Principal Arterial,3,348,X003648190,Not Toll,73,3,4,Not Divided,1,2939764.1510982,1908153.42029237,41.88138005,-87.8047777,,Urban,1,N,(N/A),Y,(N/A)
2024,2024-11-22,Friday,9,09:06 AM,Property Damage,No Injuries,0,0,0,0,0,2,Rear to Front,18,N,N,Failing to Reduce Speed to Avoid Crash,Unable to Determine,Daylight,Clear,Dry,N,,,,,No Controls,No Controls,Y,2,41.8763978,-87.7745058,ok,(UNK),1,2407074,2024,,28,18,50000 and OVER,9,4295,Oak Park,C,Urban Minor Arterial,,16,22,12896260,11,Cook,0,24,,,5,N,No,Slow,202401397659,City,1,7.94000006,N,,,,(UNK),9690,(N/A),(UNK),No Defects,1,1,Minor Arterial,4,2790,X003648338,Not Toll,,1,1,Not Divided,1,2948060.49786875,1906563.45663317,41.87639,-87.7745,,Urban,1,N,(N/A),Y,(N/A)
2024,2024-12-04,Wednesday,12,12:29 PM,Property Damage,No Injuries,0,0,0,0,0,1,Parked Motor Vehicle,9,N,N,Unable to Determine,(N/A),Daylight,Clear,Dry,N,,,,,No Controls,No Controls,Y,2,41.8799538,-87.7789293,ok,(UNK),1,2407300,2024,,18,99,50000 and OVER,9,4295,Oak Park,C,Urban Minor Arterial,,16,4,12896867,12,Cook,0,24,,,3,N,No,Free Flow,202401398192,City,1,4.4000001,N,,,,(UNK),10097,(N/A),(UNK),No Defects,1,1,Minor Arterial,4,1419,X003648882,Not Toll,73,1,1,"Divided, No Median Barrier",2,2946819.6733266,1907825.74690316,41.87994595,-87.77892347,,Urban,1,N,(N/A),Y,(N/A)
2024,2024-12-03,Tuesday,8,08:10 AM,Injury,C Injury Crash,1,0,0,0,1,2,Turning,10,N,N,Failing to Yield Right of Way,Failing to Reduce Speed to Avoid Crash,Daylight,Clear,Dry,Y,,,,,No Controls,No Controls,N,2,41.9057583,-87.7834253,ok,(UNK),1,2407279,2024,,2,28,50000 and OVER,9,4295,Oak Park,C,Urban Major Collector,,16,3,12896870,12,Cook,1,24,,,2,N,No,Free Flow,202401398195,City,1,0.23999999,N,,,,(UNK),10098,(N/A),(UNK),No Defects,1,1,Major Collector,5,2783,X003648885,Not Toll,73,1,1,"Divided, No Median Barrier",2,2945333.87573735,1917195.35672631,41.90575046,-87.78341954,,Urban,1,N,(N/A),Y,(N/A)
2024,2024-12-04,Wednesday,14,02:57 PM,Property Damage,No Injuries,0,0,0,0,0,1,Fixed Object,6,N,N,Improper Lane Usage,Failing to Reduce Speed to Avoid Crash,Daylight,Clear,Dry,N,,,,,No Controls,No Controls,N,5,41.8732744,-87.7842435,ok,(UNK),1,2407306,2024,,20,28,50000 and OVER,9,4295,Oak Park,C,Urban Major Collector,,16,4,12896872,12,Cook,0,24,,,3,N,Yes,Free Flow,202401398197,City,1,1.98000002,N,,,,(UNK),10099,(N/A),(UNK),No Defects,1,1,Major Collector,5,2783,X003648887,Not Toll,73,1,1,Not Divided,1,2945440.00734512,1905351.39189583,41.87326651,-87.78423766,,Urban,1,N,(N/A),Y,(N/A)
2024,2024-12-04,Wednesday,10,10:33 AM,Property Damage,No Injuries,0,0,0,0,0,1,Parked Motor Vehicle,9,N,N,Failing to Reduce Speed to Avoid Crash,Unable to Determine,Unknown,Unknown,Unknown,N,,,,,No Controls,No Controls,Y,2,41.9057469,-87.7901121,ok,(UNK),1,2407298,2024,,28,18,50000 and OVER,9,4295,Oak Park,C,Urban Local Road or Street,,16,4,12896874,12,Cook,0,24,,,3,N,No,Slow,202401398505,City,9,0,N,,,,(UNK),10100,(N/A),(UNK),Unknown,99,9,Local Road or Street,7,,X003648889,Not Toll,73,1,1,Not Divided,1,2943513.66627054,1917140.67657271,41.90573908,-87.79010625,,Urban,9,N,(N/A),N,(N/A)
2024,2024-12-04,Wednesday,7,07:55 AM,Property Damage,No Injuries,0,0,0,0,0,2,Sideswipe Same Direction,12,N,N,Improper Turning/No Signal,Improper Turning/No Signal,Daylight,Clear,Dry,Y,,,,,Traffic Signal,Functioning Properly,N,2,41.8796654,-87.8047357,ok,(UNK),1,2407297,2024,,6,6,50000 and OVER,9,4295,Oak Park,C,Urban Other Principal Arte,,16,4,12896875,12,Cook,0,24,,,3,N,No,Slow,202401398199,City,1,19.68000031,Y,,,,(UNK),10101,(N/A),(UNK),No Defects,1,1,Other Principal Arterial,3,348,X003648890,Not Toll,73,3,4,"Divided, No Median Barrier",2,2939794.45639713,1907526.06204126,41.87965753,-87.80472988,,Urban,1,N,(N/A),Y,(N/A)
2024,2024-01-05,Friday,22,10:33 PM,Property Damage,No Injuries,0,0,0,0,0,7,Angle,15,N,N,Failing to Reduce Speed to Avoid Crash,(N/A),Darkness / Lighted Road,Clear,Dry,Y,,,,,Traffic Signal,Functioning Properly,N,2,41.8719978,-87.7939858,ok,(UNK),1,2400103,2024,,28,99,50000 and OVER,9,4295,Oak Park,C,Urban Major Collector,,16,5,12479841,1,Cook,0,24,,,5,N,No,Stopped,202401014615,City,5,0,N,,,,(UNK),10336,(N/A),(UNK),No Defects,1,1,Major Collector,5,290,X003282856,Not Toll,73,3,4,Four Way,14,2942799.37092384,1904812.67043659,41.87199,-87.79398,,Urban,1,N,(N/A),Y,(N/A)
2024,2024-12-04,Wednesday,16,04:57 PM,Property Damage,No Injuries,0,0,0,0,0,4,Front to Rear,11,N,N,Failing to Reduce Speed to Avoid Crash,Failing to Reduce Speed to Avoid Crash,Darkness,Clear,Dry,N,,,,,No Controls,No Controls,N,4,41.87999,-87.77793,ok,(UNK),1,2407308,2024,,28,28,50000 and OVER,9,4295,Oak Park,C,Urban Minor Arterial,,16,4,12897200,12,Cook,0,24,,,3,N,Yes,Slow,202401398497,City,4,4.46000004,N,,,,(UNK),10430,(N/A),(UNK),No Defects,1,1,Minor Arterial,4,1419,X003649188,Not Toll,,1,1,Not Divided,1,2947091.44454752,1907846.51695448,41.87999,-87.77793,,Urban,1,N,(N/A),Y,(N/A)
2024,2024-01-06,Saturday,1,01:58 AM,Property Damage,No Injuries,0,0,0,0,0,1,Parked Motor Vehicle,9,N,N,Unable to Determine,Weather,Darkness / Lighted Road,Blowing Snow,Snow or Slush,N,,,,,No Controls,No Controls,Y,3,41.8815856,-87.793952,ok,(UNK),1,2400106,2024,,18,11,50000 and OVER,9,4295,Oak Park,C,Urban Major Collector,,16,6,12479914,1,Cook,0,24,,,6,N,No,Free Flow,202401014672,City,5,0.56,N,,,,(UNK),10683,(N/A),(UNK),No Defects,1,3,Major Collector,5,5,X003282926,Not Toll,73,1,1,Not Divided,1,2942711.93601139,1908306.87333227,41.88157774,-87.7939462,,Urban,11,N,(N/A),Y,(N/A)
2024,2024-01-07,Sunday,18,06:14 PM,Injury,B Injury Crash,1,0,0,1,0,3,Turning,10,N,N,Failing to Yield Right of Way,Disregarding Traffic Signals,Darkness / Lighted Road,Clear,Dry,Y,,,,,Traffic Signal,Functioning Properly,N,2,41.8813878,-87.8047858,ok,(UNK),1,2400134,2024,,2,25,50000 and OVER,9,4295,Oak Park,C,Urban Other Principal Arte,,16,7,12479937,1,Cook,2,24,,,7,N,No,Free Flow,202401014689,City,5,19.55999947,Y,,,,(UNK),10696,(N/A),(UNK),No Defects,1,1,Other Principal Arterial,3,348,X003282948,Not Toll,73,3,4,"Divided, No Median Barrier",2,2939763.52364909,1908153.38389951,41.88138,-87.80478,,Urban,1,N,(N/A),Y,(N/A)
2024,2024-01-20,Saturday,14,02:00 PM,Property Damage,No Injuries,0,0,0,0,0,3,Front to Rear,11,N,N,Failing to Reduce Speed to Avoid Crash,Following Too Closely,Daylight,Clear,Dry,N,,,,,Other Regualtory Sig,Functioning Properly,Y,3,41.8726347,-87.7937562,ok,Partial Access Control,3,03-24-01363,2024,,28,3,50000 and OVER,9,4295,Oak Park,C,Urban InterState,,16,20,12496537,1,Cook,0,24,,,6,N,No,(UNK),202401028673,ISP,1,320.41000366,Y,,,,(UNK),11306,(N/A),(UNK),No Defects,1,1,InterState,1,5110,X003297587,Not Toll,73,10,4,Divided With Median Barrier,3,2942855.5,1905046.5,41.8726269,-87.79375036,,Urban,1,N,(N/A),Y,(N/A)
2024,2024-11-06,Wednesday,9,09:28 AM,Property Damage,No Injuries,0,0,0,0,0,1,Parked Motor Vehicle,9,N,N,Improper Overtaking/Passing,(N/A),Daylight,Cloudy/Overcast,Dry,N,,,,,No Controls,No Controls,N,2,41.89462,-87.78004,ok,(UNK),1,2406763,2024,,4,99,50000 and OVER,9,4295,Oak Park,C,Urban Minor Arterial,,16,6,12898046,11,Cook,0,24,,,3,N,No,Free Flow,202401399294,City,1,3.86999989,N,,,,(UNK),11772,(N/A),(UNK),No Defects,1,1,Minor Arterial,4,1398,X003649978,Not Toll,,1,1,Not Divided,1,2946368.44658442,1913161.97234092,41.89462,-87.78004,,Urban,8,N,(N/A),Y,(N/A)
2024,2024-12-06,Friday,1,01:56 AM,Property Damage,No Injuries,0,0,0,0,0,1,Parked Motor Vehicle,9,N,N,Failing to Reduce Speed to Avoid Crash,Unable to Determine,Darkness / Lighted Road,Clear,Dry,N,,,,,No Controls,No Controls,Y,3,41.8942446,-87.7751295,ok,(UNK),1,2407326,2024,,28,18,50000 and OVER,9,4295,Oak Park,C,Urban Minor Arterial,,16,6,12898050,12,Cook,0,24,,,5,N,Yes,Free Flow,202401399296,City,5,6.69000006,N,,,,(UNK),11775,(N/A),(UNK),No Defects,1,1,Minor Arterial,4,2790,X003649981,Not Toll,,1,1,Not Divided,1,2947709.27983025,1913062.41522526,41.89423674,-87.77512371,,Urban,1,N,(N/A),Y,(N/A)
2024,2024-12-07,Saturday,4,04:50 AM,Injury,B Injury Crash,2,0,0,2,0,1,Sideswipe Same Direction,12,N,N,Improper Lane Usage,Failing to Reduce Speed to Avoid Crash,Darkness / Lighted Road,Clear,Dry,N,,,,,Other,Functioning Properly,N,2,41.8711685,-87.777887,ok,Partial Access Control,3,03-24-23980,2024,,20,28,50000 and OVER,9,4295,Oak Park,C,Urban InterState,,16,7,12898130,12,Cook,2,24,,,6,N,No,(UNK),202401399368,ISP,5,9.02999973,Y,,,,(UNK),11832,(N/A),(UNK),No Defects,1,1,InterState,1,290,X003650059,Not Toll,73,13,4,Divided With Median Barrier,3,2947192.68482678,1904632.10984374,41.87116061,-87.77788117,,Urban,1,N,(N/A),Y,(N/A)
2024,2024-11-27,Wednesday,21,09:30 PM,Property Damage,No Injuries,0,0,0,0,0,2,Sideswipe Same Direction,12,N,N,Improper Lane Usage,Following Too Closely,Darkness / Lighted Road,Rain,Wet,N,,,,,Other,Functioning Properly,Y,2,41.8712422,-87.774546,ok,Partial Access Control,3,03-24-23766,2024,,20,3,50000 and OVER,9,4295,Oak Park,C,Urban InterState,,16,27,12898160,11,Cook,0,24,,,3,N,No,(UNK),202401399396,ISP,5,9.19999981,Y,,,,(UNK),11852,(N/A),(UNK),No Defects,1,2,InterState,1,290,X003650089,Not Toll,73,13,4,Divided With Median Barrier,3,2948101.93974279,1904684.34833492,41.87123438,-87.7745402,,Urban,2,N,(N/A),Y,(N/A)
2024,2024-12-07,Saturday,12,12:00 PM,Property Damage,No Injuries,0,0,0,0,0,2,Sideswipe Same Direction,12,N,N,Failing to Yield Right of Way,(N/A),Daylight,Clear,Dry,N,,,,,No Controls,No Controls,N,2,41.8894891,-87.7863776,ok,(UNK),1,2407356,2024,,2,99,50000 and OVER,9,4295,Oak Park,C,Urban Local Road or Street,,16,7,12898898,12,Cook,0,24,,,6,N,No,Free Flow,202401400214,City,1,0,N,,,,(UNK),12879,(N/A),(UNK),No Defects,1,1,Local Road or Street,7,,X003650814,Not Toll,73,1,1,Not Divided,1,2944694.7598209,1911244.20035907,41.88948122,-87.7863718,,Urban,1,N,(N/A),Y,(N/A)
2024,2024-12-07,Saturday,13,01:27 PM,Property Damage,No Injuries,0,0,0,0,0,2,Turning,10,N,N,Failing to Yield Right of Way,Failing to Reduce Speed to Avoid Crash,Daylight,Clear,Dry,Y,,,,,Stop Sign,Functioning Properly,N,2,41.8943878,-87.7961535,ok,(UNK),1,2407361,2024,,2,28,50000 and OVER,9,4295,Oak Park,C,Urban Minor Arterial,,16,7,12898899,12,Cook,0,24,,,6,N,No,Free Flow,202401400215,City,1,3.01999998,N,,,,(UNK),12880,(N/A),(UNK),No Defects,1,1,Minor Arterial,4,1398,X003650815,Not Toll,73,2,4,T-Intersection,15,2941983.4403567,1912955.66644886,41.89437997,-87.79614772,,Urban,1,N,(N/A),Y,(N/A)
2024,2024-12-03,Tuesday,8,08:20 AM,Property Damage,No Injuries,0,0,0,0,0,2,Sideswipe Same Direction,12,N,N,Improper Lane Usage,(N/A),Daylight,Clear,Dry,N,,,,,Other,Functioning Properly,Y,2,41.873309,-87.8024772,ok,Partial Access Control,3,03-24-23701,2024,,20,99,50000 and OVER,9,4295,Oak Park,C,Urban InterState,,16,3,12899182,12,Cook,0,24,,,2,N,No,(UNK),202401400480,ISP,1,7.80000019,Y,,,,(UNK),13077,(N/A),(UNK),No Defects,1,1,InterState,1,290,X003651088,Not Toll,73,13,4,Divided With Median Barrier,3,2940473.36293711,1905226.61202373,41.87330111,-87.80247144,,Urban,1,N,(N/A),Y,(N/A)
2024,2024-12-03,Tuesday,12,12:16 PM,Injury,C Injury Crash,1,0,0,0,1,1,Angle,15,N,N,Disregarding Stop Sign,Failing to Yield Right of Way,Daylight,Clear,Dry,Y,,,,,Stop Sign,Functioning Properly,N,2,41.9073366,-87.7833051,ok,(UNK),1,2407283,2024,,23,2,50000 and OVER,9,4295,Oak Park,C,Urban Major Collector,,16,3,12899883,12,Cook,1,24,,,2,N,No,Free Flow,202401401134,City,1,0.13,N,,,,(UNK),13577,(N/A),(UNK),No Defects,1,1,Major Collector,5,2783,X003651747,Not Toll,73,2,4,"Divided, No Median Barrier",2,2945350.61520298,1917771.42347763,41.90732874,-87.78329931,,Urban,1,N,(N/A),Y,(N/A)
2024,2024-02-26,Monday,12,12:33 PM,Property Damage,No Injuries,0,0,0,0,0,2,Front to Rear,11,N,N,Failing to Reduce Speed to Avoid Crash,Following Too Closely,Daylight,Clear,Dry,Y,,,,,No Controls,No Controls,N,2,41.8884678,-87.7895953,ok,(UNK),1,2401093,2024,,28,3,50000 and OVER,9,4295,Oak Park,C,Urban Major Collector,,16,26,12539592,2,Cook,0,24,,,1,N,No,Stopped,202401066420,City,1,0,N,,,,(UNK),13685,(N/A),(UNK),No Defects,1,1,Major Collector,5,2779,X003334909,Not Toll,73,1,1,Not Divided,1,2943828.89511607,1910847.74203319,41.88845999,-87.78958951,,Urban,1,N,(N/A),Y,(N/A)
2024,2024-02-26,Monday,17,05:42 PM,Property Damage,No Injuries,0,0,0,0,0,2,Angle,15,N,N,Failing to Yield Right of Way,Driving Skills/Knowledge/Experience,Darkness / Lighted Road,Clear,Dry,N,,,,,No Controls,No Controls,N,2,41.8832966,-87.8011773,ok,(UNK),1,2401101,2024,,2,15,50000 and OVER,9,4295,Oak Park,C,Urban Local Road or Street,,16,26,12539593,2,Cook,0,24,,,1,N,No,Free Flow,202401066421,City,5,0,N,,,,(UNK),13686,(N/A),(UNK),No Defects,1,1,Local Road or Street,7,,X003334910,Not Toll,73,1,1,"Divided, No Median Barrier",2,2940727.06423816,1908876.05769426,41.88328878,-87.80117147,,Urban,1,N,(N/A),Y,(N/A)
2024,2024-02-26,Monday,20,08:42 PM,Injury,B Injury Crash,1,0,0,1,0,1,Turning,10,N,N,Improper Turning/No Signal,(N/A),Darkness,Clear,Dry,Y,,,,,No Controls,No Controls,N,2,41.865027,-87.8042158,ok,(UNK),1,2401104,2024,,6,99,50000 and OVER,9,4295,Oak Park,C,Urban Other Principal Arte,,16,26,12539594,2,Cook,2,24,,,1,N,No,Slow,202401066422,City,4,5.98999977,Y,,,,(UNK),13687,(N/A),(UNK),No Defects,1,1,Other Principal Arterial,3,347,X003334911,Not Toll,52,1,1,"Divided, No Median Barrier",2,2940082.94731714,1902195.48702634,41.86501918,-87.80420997,,Urban,1,N,(N/A),Y,(N/A)
2024,2024-11-24,Sunday,13,01:32 PM,Property Damage,No Injuries,0,0,0,0,0,3,Fixed Object,6,N,N,Under Influence of Alcohol/Drugs,Improper Lane Usage,Daylight,Clear,Dry,N,,,,,Other,Other,N,2,41.8737097,-87.8037983,ok,Partial Access Control,3,03-24-23074,2024,,8,20,50000 and OVER,9,4295,Oak Park,C,Urban InterState,,16,24,12900320,11,Cook,0,24,,,7,N,No,(UNK),202401401499,ISP,1,7.73000002,Y,,,,(UNK),13917,(N/A),(UNK),No Defects,1,1,InterState,1,290,X003651795,Not Toll,73,13,7,Divided With Median Barrier,3,2940109.52254182,1905362.74485944,41.87370188,-87.80379251,,Urban,1,N,(N/A),Y,(N/A)
2024,2024-02-22,Thursday,10,10:25 AM,Property Damage,No Injuries,0,0,0,0,0,2,Front to Rear,11,N,N,Following Too Closely,Failing to Reduce Speed to Avoid Crash,Daylight,Clear,Dry,N,,,,,No Controls,Functioning Properly,Y,2,41.8716541,-87.7809167,ok,Partial Access Control,3,03-24-03159,2024,,3,28,50000 and OVER,9,4295,Oak Park,C,Urban InterState,,16,22,12539690,2,Cook,0,24,,,4,N,No,(UNK),202401066512,ISP,1,0.16,Y,,,,(UNK),14044,(N/A),(UNK),No Defects,1,1,InterState,1,290,X003335002,Not Toll,73,1,4,"Divided, No Median Barrier",2,2946362.53183486,1904786.10609099,41.87164621,-87.7809109,,Urban,1,N,(N/A),Y,(N/A)
2024,2024-12-08,Sunday,15,03:49 PM,Property Damage,No Injuries,0,0,0,0,0,2,Turning,10,N,N,Improper Lane Usage,Improper Lane Usage,Daylight,Clear,Dry,Y,,,,,Traffic Signal,Functioning Properly,N,2,41.8736411,-87.8045213,ok,Partial Access Control,1,24-04045,2024,,20,20,50000 and OVER,9,4295,Oak Park,C,Urban InterState,,16,8,12900944,12,Cook,0,24,,,7,N,No,Free Flow,202401401825,City,1,0.23999999,Y,,,,(UNK),14904,(N/A),(UNK),No Defects,1,1,InterState,1,290,X003652454,Not Toll,73,3,4,Divided With Median Barrier,3,2939913.29879072,1905332.30397668,41.87363322,-87.80451548,,Urban,1,N,(N/A),Y,(N/A)
2024,2024-12-08,Sunday,20,08:34 PM,Injury,C Injury Crash,1,0,0,0,1,1,Pedestrian,1,Y,N,Unable to Determine,(N/A),Darkness / Lighted Road,Clear,Dry,Y,,,,,Traffic Signal,Functioning Properly,N,1,41.8865611,-87.8049454,ok,(UNK),1,24-04047,2024,,18,99,50000 and OVER,9,4295,Oak Park,C,Urban Other Principal Arte,,16,8,12900946,12,Cook,1,24,,,7,N,No,Free Flow,202401401827,City,5,19.20000076,Y,,,,(UNK),14906,(N/A),(UNK),No Defects,1,1,Other Principal Arterial,3,348,X003652456,Not Toll,73,3,4,"Divided, No Median Barrier",2,2939668.16057948,1910037.41961283,41.88655326,-87.80493956,,Urban,1,N,(N/A),Y,(N/A)