crash_year,crash_date,day_of_week,crash_hour,time_of_crash,crash_severity,crash_injury_severity,total_injured,total_fatals,a_injuries,b_injuries,c_injuries,no_injuries,type_of_first_crash,collision_type_code,pedestrian_involved,pedalcyclist_involved,cause1,cause2,lighting_cond,weather_cond,road_surface_cond,intersection_related,is_intersection,highway_or_street_name,at_intersection_with,address_no,traffic_control_device,traffic_control_device_cond,hit_and_run,number_of_vehicles,latitude,longitude,location_status,access_control,agency_code,agency_report_number,agency_report_year,alignment_code,cause1_code,cause2_code,city_class,city_class_code,city_code,city_name,city_township_flag,class_of_trafficway,class_of_trafficway_code,county_code,crash_day,crash_id,crash_month,crash_report_county,crash_severity_cd,crash_yr_source,damaged_property1,damaged_property2,day_of_week_code,did_crash_occur_in_work_zone,did_involve_secondary_crash,flow_condition,icn,investigating_agency_descrip,light_condition_code,mile_station,nhs,non_intersection_direction,non_intersection_distance,non_intersection_units,number_of_lanes,objectid,railroad_crossing_number,road_alignment,road_defects,road_defects_code,road_surface_condition_code,roadway_functional_class,roadway_functional_class_code,route_number,sfe,toll,township,traffic_control_device_code,traffic_control_device_cond_code,trafficway_descrip,trafficway_description_code,ts_crash_coordinate_x,ts_crash_coordinate_y,ts_crash_latitude,ts_crash_longitude,type_report,urban_rural,weather_code,were_workers_present,work_zone,work_zone_related,work_zone_type
2024,2024-12-06,Friday,10,10:00 AM,Property Damage,No Injuries,0,0,0,0,0,1,Parked Motor Vehicle,9,N,N,Improper Backing,Driving Skills/Knowledge/Experience,Daylight,Clear,Dry,N,,,,,No Controls,No Controls,N,2,41.88789,-87.80397,ok,(UNK),1,2407330,2024,,30,15,50000 and OVER,9,4295,Oak Park,C,Urban Local Road or Street,,16,6,12901012,12,Cook,0,24,,,5,N,No,Free Flow,202401401886,City,1,0,N,,,,(UNK),14947,(N/A),(UNK),No Defects,1,1,Local Road or Street,7,,X003652516,Not Toll,,1,1,Not Divided,1,2939920.42179807,1910529.00670698,41.88789,-87.80397,,Urban,1,N,(N/A),Y,(N/A)
2024,2024-12-06,Friday,12,12:42 PM,Property Damage,No Injuries,0,0,0,0,0,2,Front to Rear,11,N,N,Failing to Reduce Speed to Avoid Crash,Unable to Determine,Daylight,Clear,Dry,N,,,,,No Controls,No Controls,N,2,41.89467,-87.77914,ok,(UNK),1,2407333,2024,,28,18,50000 and OVER,9,4295,Oak Park,C,Urban Minor Arterial,,16,6,12901014,12,Cook,0,24,,,5,N,No,Free Flow,202401401888,City,1,0,N,,,,(UNK),14948,(N/A),(UNK),No Defects,1,1,Minor Arterial,4,,X003652518,Not Toll,,1,1,Not Divided,1,2946612.98898085,1913187.01470377,41.89467,-87.77914,,Urban,1,N,(N/A),Y,(N/A)
2024,2024-12-06,Friday,14,02:33 PM,Property Damage,No Injuries,0,0,0,0,0,4,Turning,10,N,N,Improper Turning/No Signal,(N/A),Daylight,Clear,Dry,Y,,,,,No Controls,No Controls,N,2,41.8886,-87.79453,ok,(UNK),1,2407335,2024,,6,99,50000 and OVER,9,4295,Oak Park,C,Urban Major Collector,,16,6,12901015,12,Cook,0,24,,,5,N,No,Free Flow,202401401889,City,1,5.53000021,N,,,,(UNK),14949,(N/A),(UNK),No Defects,1,1,Major Collector,5,2775,X003652519,Not Toll,,1,1,Not Divided,1,2942483.83085939,1910858.70087605,41.8886,-87.79453,,Urban,1,N,(N/A),Y,(N/A)
2024,2024-12-06,Friday,18,06:15 PM,Property Damage,No Injuries,0,0,0,0,0,3,Sideswipe Same Direction,12,N,N,Driving Skills/Knowledge/Experience,(N/A),Darkness / Lighted Road,Clear,Dry,N,,,,,No Controls,No Controls,N,2,41.87539,-87.79864,ok,(UNK),1,2407340,2024,,15,99,50000 and OVER,9,4295,Oak Park,C,Urban Local Road or Street,,16,6,12901018,12,Cook,0,24,,,5,N,No,Free Flow,202401401892,City,5,0,N,,,,(UNK),14950,(N/A),(UNK),No Defects,1,1,Local Road or Street,7,,X003652522,Not Toll,,1,1,Not Divided,1,2941497.56862895,1906013.80763592,41.87539,-87.79864,,Urban,1,N,(N/A),Y,(N/A)
2024,2024-12-06,Friday,17,05:35 PM,Property Damage,No Injuries,0,0,0,0,0,1,Parked Motor Vehicle,9,N,N,Failing to Reduce Speed to Avoid Crash,Driving Skills/Knowledge/Experience,Darkness / Lighted Road,Clear,Dry,N,,,,,No Controls,No Controls,N,2,41.89291,-87.79468,ok,(UNK),1,2407341,2024,,28,15,50000 and OVER,9,4295,Oak Park,C,Urban Major Collector,,16,6,12901019,12,Cook,0,24,,,5,N,No,Free Flow,202401401893,City,5,0,N,,,,(UNK),14951,(N/A),(UNK),No Defects,1,1,Major Collector,5,,X003652523,Not Toll,,1,1,Not Divided,1,2942399.54375643,1912428.21628999,41.89291,-87.79468,,Urban,1,N,(N/A),Y,(N/A)
2024,2024-12-06,Friday,17,05:37 PM,Property Damage,No Injuries,0,0,0,0,0,2,Front to Rear,11,N,N,Failing to Reduce Speed to Avoid Crash,Unable to Determine,Darkness / Lighted Road,Clear,Dry,N,,,,,Traffic Signal,Functioning Properly,Y,2,41.8885678,-87.8050276,ok,(UNK),1,2407346,2024,,28,18,50000 and OVER,9,4295,Oak Park,C,Urban Other Principal Arte,,16,6,12901021,12,Cook,0,24,,,5,N,No,Stopped,202401401895,City,5,19.05999947,Y,,,,(UNK),14952,(N/A),(UNK),No Defects,1,1,Other Principal Arterial,3,348,X003652525,Not Toll,73,3,4,Not Divided,1,2939625.62743845,1910768.0814568,41.88855997,-87.80502181,,Urban,1,N,(N/A),Y,(N/A)
2024,2024-12-06,Friday,23,11:07 PM,Injury,C Injury Crash,3,0,0,0,3,1,Front to Rear,11,N,N,Failing to Reduce Speed to Avoid Crash,Unable to Determine,Darkness / Lighted Road,Clear,Dry,N,,,,,Traffic Signal,Functioning Properly,Y,2,41.8761,-87.7941,ok,(UNK),1,2407347,2024,,28,18,50000 and OVER,9,4295,Oak Park,C,Urban Major Collector,,16,6,12901022,12,Cook,1,24,,,5,N,No,Stopped,202401401896,City,5,6.40999985,N,,,,(UNK),14953,(N/A),(UNK),No Defects,1,1,Major Collector,5,2775,X003652526,Not Toll,,3,4,"Divided, No Median Barrier",2,2942726.92210965,1906306.70983389,41.8761,-87.7941,,Urban,1,N,(N/A),Y,(N/A)
2024,2024-12-08,Sunday,14,02:01 PM,Injury,C Injury Crash,1,0,0,0,1,1,Pedestrian,1,Y,N,Failing to Yield Right of Way,Failing to Reduce Speed to Avoid Crash,Daylight,Clear,Dry,Y,,,,,Traffic Signal,Functioning Properly,N,1,41.86893,-87.78409,ok,(UNK),1,2407378,2024,,2,28,50000 and OVER,9,4295,Oak Park,C,Urban Major Collector,,16,8,12901068,12,Cook,1,24,,,7,N,No,Free Flow,202401401938,City,1,2.27999997,N,,,,(UNK),14983,(N/A),(UNK),No Defects,1,1,Major Collector,5,2783,X003652566,Not Toll,,3,4,Not Divided,1,2945525.77162057,1903769.39269944,41.86893,-87.78409,,Urban,1,N,(N/A),Y,(N/A)
2024,2024-12-08,Sunday,19,07:29 PM,Property Damage,No Injuries,0,0,0,0,0,1,Fixed Object,6,N,N,Failing to Reduce Speed to Avoid Crash,(N/A),Darkness / Lighted Road,Clear,Dry,N,,,,,No Controls,No Controls,N,1,41.876329,-87.7745044,ok,(UNK),1,2407383,2024,,28,99,50000 and OVER,9,4295,Oak Park,C,Urban Minor Arterial,,16,8,12901093,12,Cook,0,24,LIGHT POLE,,7,N,No,Slow,202401401960,City,5,7.94999981,N,,,,(UNK),14999,(N/A),(UNK),No Defects,1,1,Minor Arterial,4,2790,X003652589,Not Toll,,1,1,Not Divided,1,2948061.57142054,1906538.37465178,41.87632114,-87.77449863,,Urban,1,N,(N/A),Y,(N/A)
2024,2024-12-07,Saturday,17,05:28 PM,Property Damage,No Injuries,0,0,0,0,0,2,Sideswipe Same Direction,12,N,N,Improper Lane Usage,Failing to Reduce Speed to Avoid Crash,Darkness / Lighted Road,Clear,Dry,N,,,,,No Controls,No Controls,N,2,41.8993785,-87.8054343,ok,(UNK),1,2407367,2024,,20,28,50000 and OVER,9,4295,Oak Park,C,Urban Other Principal Arte,,16,7,12901094,12,Cook,0,24,,,6,N,No,Free Flow,202401401961,City,5,18.29999924,Y,,,,(UNK),15000,(N/A),(UNK),No Defects,1,1,Other Principal Arterial,3,348,X003652590,Not Toll,73,1,1,Not Divided,1,2939406.4057499,1914704.65171882,41.89937066,-87.80542851,,Urban,1,N,(N/A),Y,(N/A)
2024,2024-12-08,Sunday,22,10:38 PM,Property Damage,No Injuries,0,0,0,0,0,1,Angle,15,N,N,Improper Lane Usage,(N/A),Darkness / Lighted Road,Rain,Wet,N,,,,,No Controls,No Controls,Y,2,41.88702,-87.77652,ok,(UNK),1,2407386,2024,,20,99,50000 and OVER,9,4295,Oak Park,C,Urban Local Road or Street,,16,8,12901124,12,Cook,0,24,CROSS WALK SIGN,CROSS WALK SIGN,7,N,No,(UNK),202401401987,City,5,0,N,,,,(UNK),15021,(N/A),(UNK),No Defects,1,2,Local Road or Street,7,,X003652616,Not Toll,,1,1,Not Divided,1,2947404.05319187,1910419.07913718,41.88702,-87.77652,,Urban,2,N,(N/A),Y,(N/A)
2024,2024-02-01,Thursday,7,07:20 AM,Property Damage,No Injuries,0,0,0,0,0,2,Front to Rear,11,N,N,Following Too Closely,Failing to Reduce Speed to Avoid Crash,Daylight,Clear,Dry,N,,,,,Other,Functioning Properly,N,2,41.871243,-87.7745748,ok,Partial Access Control,3,03-24-01980,2024,,3,28,50000 and OVER,9,4295,Oak Park,C,Urban InterState,,16,1,12510254,2,Cook,0,24,,,4,N,No,(UNK),202401040645,ISP,1,9.19999981,Y,,,,(UNK),15490,(N/A),(UNK),No Defects,1,1,InterState,1,290,X003309470,Not Toll,73,13,4,Divided With Median Barrier,3,2948094.08781077,1904684.3997498,41.87123512,-87.774569,,Urban,1,N,(N/A),Y,(N/A)
2024,2024-01-26,Friday,16,04:27 PM,Property Damage,No Injuries,0,0,0,0,0,4,Turning,10,N,N,Failing to Yield Right of Way,(N/A),Dusk,Rain,Wet,Y,,,,,Stop Sign,Functioning Properly,N,2,41.9016678,-87.7979043,ok,(UNK),1,2400483,2024,,2,99,50000 and OVER,9,4295,Oak Park,C,Urban Major Collector,,16,26,12510720,1,Cook,0,24,,,5,N,No,Free Flow,202401040824,City,3,1.38999999,N,,,,(UNK),15706,(N/A),(UNK),No Defects,1,2,Major Collector,5,1394,X003309647,Not Toll,73,2,4,Four Way,14,2941433.45194108,1915595.47655947,41.90166,-87.7978985,,Urban,2,N,(N/A),Y,(N/A)
2024,2024-01-23,Tuesday,7,07:50 AM,Property Damage,No Injuries,0,0,0,0,0,1,Parked Motor Vehicle,9,N,N,Unable to Determine,(N/A),Unknown,Freezing Rain or,Unknown,N,,,,,No Controls,No Controls,Y,2,41.8997154,-87.8051476,ok,(UNK),1,2400561,2024,,18,99,50000 and OVER,9,4295,Oak Park,C,Urban Local Road or Street,,16,23,12510748,1,Cook,0,24,,,2,N,No,(UNK),202401040847,City,9,0,N,,,,(UNK),15717,(N/A),(UNK),No Defects,1,9,Local Road or Street,7,,X003309669,Not Toll,73,1,1,Not Divided,1,2939481.09148086,1914829.56156259,41.89970752,-87.80514177,,Urban,10,N,(N/A),Y,(N/A)
2024,2024-01-30,Tuesday,21,09:08 PM,Property Damage,No Injuries,0,0,0,0,0,1,Parked Motor Vehicle,9,N,N,Improper Overtaking/Passing,Driving Skills/Knowledge/Experience,Darkness / Lighted Road,Clear,Dry,N,,,,,No Controls,No Controls,N,2,41.8743669,-87.7940583,ok,(UNK),1,2400563,2024,,4,15,50000 and OVER,9,4295,Oak Park,C,Urban Major Collector,,16,30,12510751,1,Cook,0,24,,,2,N,No,Free Flow,202401040850,City,5,6.51999998,N,,,,(UNK),15718,(N/A),(UNK),No Defects,1,1,Major Collector,5,2775,X003309672,Not Toll,73,1,1,"Divided, No Median Barrier",2,2942755.75807004,1905675.45165135,41.87435906,-87.79405246,,Urban,1,N,(N/A),Y,(N/A)
2024,2024-01-31,Wednesday,7,07:57 AM,Property Damage,No Injuries,0,0,0,0,0,2,Sideswipe Same Direction,12,N,N,(N/A),Failing to Reduce Speed to Avoid Crash,Daylight,Cloudy/Overcast,Dry,N,,,,,Traffic Signal,Functioning Properly,N,2,41.9015905,-87.7838676,ok,(UNK),1,2400568,2024,,99,28,50000 and OVER,9,4295,Oak Park,C,Urban Local Road or Street,,16,31,12510753,1,Cook,0,24,,,3,N,No,Free Flow,202401040852,City,1,0,N,,,,(UNK),15719,(N/A),(UNK),No Defects,1,1,Local Road or Street,7,,X003309674,Not Toll,73,3,4,Not Divided,1,2945255.68469202,1915673.19078817,41.90158269,-87.78386182,,Urban,8,N,(N/A),Y,(N/A)
2024,2024-01-31,Wednesday,9,09:44 AM,Property Damage,No Injuries,0,0,0,0,0,1,Parked Motor Vehicle,9,N,N,Failing to Reduce Speed to Avoid Crash,Failing to Yield Right of Way,Daylight,Cloudy/Overcast,Dry,N,,,,,No Controls,No Controls,N,2,41.8905604,-87.8049168,ok,(UNK),1,2400570,2024,,28,2,50000 and OVER,9,4295,Oak Park,C,Urban Local Road or Street,,16,31,12510760,1,Cook,0,24,,,3,N,No,Free Flow,202401040859,City,1,0.69999999,N,,,,(UNK),15724,(N/A),(UNK),No Defects,1,1,Local Road or Street,7,1405,X003309681,Not Toll,73,1,1,Parking Lot,7,2939635.81651911,1911495.04185962,41.89055253,-87.80491095,,Urban,8,N,(N/A),Y,(N/A)
2024,2024-11-27,Wednesday,23,11:02 PM,Injury,B Injury Crash,2,0,0,2,0,1,Front to Front,14,N,N,Failing to Reduce Speed to Avoid Crash,Improper Lane Usage,Darkness / Lighted Road,Clear,Dry,N,,,,,No Controls,No Controls,N,2,41.903961,-87.7754173,ok,(UNK),1,2407220,2024,,28,20,50000 and OVER,9,4295,Oak Park,C,Urban Minor Arterial,,16,27,13006061,11,Cook,2,24,,,3,N,Yes,Free Flow,202401438207,City,5,5.92999983,N,,,,(UNK),16725,(N/A),(UNK),No Defects,1,1,Minor Arterial,4,2790,X003744335,Not Toll,,1,1,"Divided, No Median Barrier",2,2947532.16122462,1916601.06655261,41.90395311,-87.77541154,,Urban,1,N,(N/A),Y,(N/A)
2024,2024-12-09,Monday,16,04:59 PM,Property Damage,No Injuries,0,0,0,0,0,2,Front to Rear,11,N,N,Failing to Reduce Speed to Avoid Crash,Following Too Closely,Daylight,Clear,Dry,N,,,,,No Controls,No Controls,N,2,41.8905822,-87.803205,ok,(UNK),1,2407404,2024,,28,3,50000 and OVER,9,4295,Oak Park,C,Urban Local Road or Street,,16,9,12903062,12,Cook,0,24,,,1,N,No,Stopped,202401403869,City,1,0.61000001,N,,,,(UNK),17044,(N/A),(UNK),No Defects,1,1,Local Road or Street,7,1405,X003654384,Not Toll,73,1,1,Not Divided,1,2940101.70607037,1911515.82180478,41.89057432,-87.80319917,,Urban,1,N,(N/A),Y,(N/A)
2024,2024-12-09,Monday,18,06:21 PM,Property Damage,No Injuries,0,0,0,0,0,2,Angle,15,N,N,Failing to Yield Right of Way,(N/A),Darkness / Lighted Road,Clear,Dry,Y,,,,,Stop Sign,No Controls,N,2,41.8852147,-87.7846038,ok,(UNK),1,2407403,2024,,2,99,50000 and OVER,9,4295,Oak Park,C,Urban Major Collector,,16,9,12903063,12,Cook,0,24,,,1,N,No,Free Flow,202401403870,City,5,1.14999998,N,,,,(UNK),17045,(N/A),(UNK),No Defects,1,1,Major Collector,5,2783,X003654385,Not Toll,73,2,1,Not Divided,1,2945221.03155413,1909699.96873414,41.8852069,-87.78459799,,Urban,1,N,(N/A),Y,(N/A)
2024,2024-12-09,Monday,15,03:25 PM,Injury,B Injury Crash,1,0,0,1,0,3,Turning,10,N,N,Failing to Yield Right of Way,Failing to Reduce Speed to Avoid Crash,Daylight,Clear,Dry,N,,,,,Stop Sign,Functioning Properly,N,3,41.8942779,-87.8019226,ok,(UNK),1,2407399,2024,,2,28,50000 and OVER,9,4295,Oak Park,C,Urban Minor Arterial,,16,9,12903064,12,Cook,2,24,,,1,N,No,Slow,202401403871,City,1,2.72000003,N,,,,(UNK),17046,(N/A),(UNK),No Defects,1,1,Minor Arterial,4,1398,X003654386,Not Toll,73,2,4,"Divided, No Median Barrier",2,2940413.75992944,1912872.24898192,41.89427007,-87.80191677,,Urban,1,N,(N/A),Y,(N/A)
2024,2024-12-09,Monday,8,08:46 AM,Injury,C Injury Crash,1,0,0,0,1,1,Angle,15,N,N,Disregarding Stop Sign,Failing to Yield Right of Way,Daylight,Clear,Dry,Y,,,,,Stop Sign,Functioning Properly,N,2,41.8669858,-87.7938245,ok,(UNK),1,2407390,2024,,23,2,50000 and OVER,9,4295,Oak Park,C,Urban Major Collector,,16,9,12903065,12,Cook,1,24,,,1,N,No,Free Flow,202401403872,City,1,7.03999996,N,,,,(UNK),17047,(N/A),(UNK),No Defects,1,1,Major Collector,5,2775,X003654387,Not Toll,73,2,4,"Divided, No Median Barrier",2,2942893.82102809,1902987.40253555,41.86697794,-87.7938187,,Urban,1,N,(N/A),Y,(N/A)
2024,2024-12-10,Tuesday,9,09:46 AM,Injury,C Injury Crash,1,0,0,0,1,1,Angle,15,N,N,Failing to Yield Right of Way,Failing to Reduce Speed to Avoid Crash,Daylight,Clear,Dry,Y,,,,,Stop Sign,Functioning Properly,N,2,41.8815475,-87.7969731,ok,(UNK),1,2407409,2024,,2,28,50000 and OVER,9,4295,Oak Park,C,Urban Major Collector,,16,10,12903066,12,Cook,1,24,,,2,N,No,Free Flow,202401403873,City,1,0.40000001,N,,,,(UNK),17048,(N/A),(UNK),No Defects,1,1,Major Collector,5,5,X003654388,Not Toll,73,2,4,T-Intersection,15,2941889.57357378,1908270.23257541,41.88153961,-87.79696731,,Urban,1,N,(N/A),Y,(N/A)
2024,2024-12-10,Tuesday,17,05:27 PM,Property Damage,No Injuries,0,0,0,0,0,2,Sideswipe Same Direction,12,N,N,Failing to Yield Right of Way,(N/A),Darkness / Lighted Road,Clear,Dry,N,,,,,No Controls,No Controls,N,2,41.8886296,-87.8032089,ok,(UNK),1,2407416,2024,,2,99,50000 and OVER,9,4295,Oak Park,C,Urban Major Collector,,16,10,12903067,12,Cook,0,24,,,2,N,No,Free Flow,202401403874,City,5,0,N,,,,(UNK),17049,(N/A),(UNK),No Defects,1,1,Major Collector,5,,X003654389,Not Toll,73,1,1,"Divided, No Median Barrier",2,2940120.24666698,1910804.25244312,41.88862179,-87.80320309,,Urban,1,N,(N/A),Y,(N/A)
2024,2024-12-10,Tuesday,20,08:48 PM,Property Damage,No Injuries,0,0,0,0,0,5,Front to Rear,11,N,N,Failing to Reduce Speed to Avoid Crash,Unable to Determine,Darkness / Lighted Road,Clear,Dry,N,,,,,No Controls,No Controls,Y,3,41.87991,-87.78316,ok,(UNK),1,2407418,2024,,28,18,50000 and OVER,9,4295,Oak Park,C,Urban Minor Arterial,,16,10,12903495,12,Cook,0,24,,,2,N,Yes,Free Flow,202401404395,City,5,0,N,,,,(UNK),17762,(N/A),(UNK),No Defects,1,1,Minor Arterial,4,,X003654779,Not Toll,,1,1,Divided With Median Barrier,3,2945667.91812732,1907777.74172175,41.87991,-87.78316,,Urban,1,N,(N/A),Y,(N/A)
2024,2024-12-11,Wednesday,18,06:54 PM,Property Damage,No Injuries,0,0,0,0,0,2,Turning,10,N,N,Failing to Yield Right of Way,Vision Obscured,Darkness / Lighted Road,Clear,Dry,N,,,,,No Controls,No Controls,N,2,41.8756009,-87.8045846,ok,(UNK),1,24-04077,2024,,2,14,50000 and OVER,9,4295,Oak Park,C,Urban Other Principal Arte,,16,11,12904032,12,Cook,0,24,,,3,N,No,Free Flow,202401405007,City,5,19.95999908,Y,,,,(UNK),18107,(N/A),(UNK),No Defects,1,1,Other Principal Arterial,3,348,X003655263,Not Toll,73,1,1,"Divided, No Median Barrier",2,2939876.38589093,1906046.02935618,41.87559306,-87.80457881,,Urban,1,N,(N/A),Y,(N/A)
2024,2024-02-25,Sunday,21,09:12 PM,Property Damage,No Injuries,0,0,0,0,0,2,Turning,10,N,N,Improper Turning/No Signal,Failing to Reduce Speed to Avoid Crash,Darkness / Lighted Road,Clear,Dry,Y,,,,,Traffic Signal,Functioning Properly,N,2,41.8867093,-87.8049541,ok,(UNK),1,24-00612,2024,,6,28,50000 and OVER,9,4295,Oak Park,C,Urban Other Principal Arte,,16,25,12537040,2,Cook,0,24,,,7,N,No,Slow,202401063990,City,5,19.19000053,Y,,,,(UNK),18787,(N/A),(UNK),No Defects,1,1,Other Principal Arterial,3,348,X003332560,Not Toll,73,3,4,"Divided, No Median Barrier",2,2939664.28164253,1910091.35296151,41.88670144,-87.80494834,,Urban,1,N,(N/A),Y,(N/A)
2024,2024-12-12,Thursday,9,09:25 AM,Property Damage,No Injuries,0,0,0,0,0,3,Front to Rear,11,N,N,Failing to Reduce Speed to Avoid Crash,Distraction - From Inside Vehicle,Daylight,Clear,Dry,Y,,,,,No Controls,No Controls,N,2,41.9089452,-87.7984421,ok,(UNK),2,SH-24-00461562,2024,,28,41,50000 and OVER,9,4295,Oak Park,C,Urban Other Principal Arte,,16,12,12904956,12,Cook,0,24,,,4,N,No,Slow,202401405871,County,1,6.30000019,Y,,,,(UNK),18952,(N/A),(UNK),No Defects,1,1,Other Principal Arterial,3,307,X003655898,Not Toll,73,1,1,"Divided, No Median Barrier",2,2941213.78682467,1918243.4585356,41.9089374,-87.79843629,,Urban,1,N,(N/A),Y,(N/A)
2024,2024-12-07,Saturday,2,02:06 AM,Property Damage,No Injuries,0,0,0,0,0,2,Sideswipe Same Direction,12,N,N,Improper Lane Usage,Driving Skills/Knowledge/Experience,Darkness / Lighted Road,Clear,Dry,N,,,,,Other,Functioning Properly,N,2,41.8712424,-87.7746207,ok,Partial Access Control,3,03-24-23972,2024,,20,15,50000 and OVER,9,4295,Oak Park,C,Urban InterState,,16,7,12905233,12,Cook,0,24,,,6,N,No,(UNK),202401406180,ISP,5,9.18999958,Y,,,,(UNK),19172,(N/A),(UNK),No Defects,1,1,InterState,1,290,X003656167,Not Toll,73,13,4,Divided With Median Barrier,3,2948081.59389121,1904683.86161262,41.8712346,-87.77461489,,Urban,1,N,(N/A),Y,(N/A)
2024,2024-12-07,Saturday,4,04:12 AM,Property Damage,No Injuries,0,0,0,0,0,2,Sideswipe Same Direction,12,N,N,Improper Lane Usage,Driving Skills/Knowledge/Experience,Darkness / Lighted Road,Clear,Dry,N,,,,,Other,Functioning Properly,Y,2,41.8726691,-87.794331,ok,Partial Access Control,3,03-24-23978,2024,,20,15,50000 and OVER,9,4295,Oak Park,C,Urban InterState,,16,7,12905234,12,Cook,0,24,,,6,N,No,(UNK),202401406181,ISP,5,8.17000008,Y,,,,(UNK),19173,(N/A),(UNK),No Defects,1,1,InterState,1,290,X003656168,Not Toll,73,13,4,Divided With Median Barrier,3,2942698.57352941,1905054.68903743,41.87266126,-87.79432524,,Urban,1,N,(N/A),Y,(N/A)
2024,2024-12-07,Saturday,22,10:45 PM,Property Damage,No Injuries,0,0,0,0,0,3,Sideswipe Same Direction,12,N,N,Improper Lane Usage,Failing to Reduce Speed to Avoid Crash,Darkness / Lighted Road,Clear,Dry,N,,,,,Other Regualtory Sig,Functioning Properly,Y,2,41.8715075,-87.7788332,ok,Partial Access Control,3,03-24-24018,2024,,20,28,50000 and OVER,9,4295,Oak Park,C,Urban InterState,,16,7,12905245,12,Cook,0,24,,,6,N,No,(UNK),202401406191,ISP,5,8.97999954,Y,,,,(UNK),19182,(N/A),(UNK),No Defects,1,1,InterState,1,290,X003656179,Not Toll,73,10,4,Divided With Median Barrier,3,2946931.5,1904748.5,41.87149969,-87.77882745,,Urban,1,N,(N/A),Y,(N/A)
2024,2024-12-12,Thursday,12,12:30 PM,Property Damage,No Injuries,0,0,0,0,0,1,Parked Motor Vehicle,9,N,N,Unable to Determine,(N/A),Daylight,Clear,Dry,N,,,,,No Controls,No Controls,N,2,41.8792804,-87.7807708,ok,(UNK),2,SH-24-00461987,2024,,18,99,50000 and OVER,9,4295,Oak Park,C,Urban Local Road or Street,,16,12,12905263,12,Cook,0,24,,,4,N,No,Free Flow,202401406209,County,1,0,N,,,,(UNK),19195,(N/A),(UNK),No Defects,1,1,Local Road or Street,7,,X003656197,Not Toll,73,1,1,Not Divided,1,2946324.97042641,1907566.39491383,41.87927256,-87.78076502,,Urban,1,N,(N/A),Y,(N/A)
2024,2024-12-12,Thursday,15,03:30 PM,Property Damage,No Injuries,0,0,0,0,0,3,Sideswipe Opposite Direction,13,N,N,Driving On Wrong Side/Wrong Way,Physical Condition of Driver,Daylight,Clear,Dry,N,,,,,No Controls,No Controls,N,2,41.8822,-87.7842,ok,(UNK),2,SH-24-00462067,2024,,5,17,50000 and OVER,9,4295,Oak Park,C,Rural (UNK),,16,12,12905558,12,Cook,0,24,,,4,N,No,Slow,202401406503,County,1,0,N,,,,(UNK),19415,(N/A),(UNK),No Defects,1,1,(UNK),0,,X003656485,No Toll,,1,1,"Divided, No Median Barrier",2,2945361.50532283,1908604.39182281,41.8822,-87.7842,,Urban,1,N,(N/A),Y,(N/A)
2024,2024-12-12,Thursday,21,09:20 PM,Injury,C Injury Crash,1,0,0,0,1,2,Front to Rear,11,N,N,Following Too Closely,(N/A),Darkness / Lighted Road,Clear,Dry,Y,,,,,Traffic Signal,Functioning Properly,Y,2,41.8796676,-87.8047358,ok,(UNK),2,SH-24-00462466,2024,,3,99,50000 and OVER,9,4295,Oak Park,C,Urban Other Principal Arte,,16,12,12905812,12,Cook,1,24,,,4,N,No,Stopped,202401406745,County,5,19.68000031,Y,,,,(UNK),19862,(N/A),(UNK),No Defects,1,1,Other Principal Arterial,3,348,X003656721,Not Toll,73,3,4,Not Divided,1,2939794.40652617,1907526.85435087,41.87965971,-87.80472999,,Urban,1,N,(N/A),Y,(N/A)
2024,2024-12-12,Thursday,21,09:30 PM,Injury,C Injury Crash,1,0,0,0,1,2,Turning,10,N,N,Unable to Determine,(N/A),Darkness,Clear,Dry,Y,,,,,Stop Sign,No Controls,N,2,41.8931253,-87.7832166,ok,(UNK),2,SH-24-00462468,2024,,18,99,50000 and OVER,9,4295,Oak Park,C,Urban Local Road or Street,,16,12,12905835,12,Cook,1,24,,,4,N,No,Free Flow,202401406769,County,4,0,N,,,,(UNK),19878,(N/A),(UNK),No Defects,1,1,Local Road or Street,7,,X003656743,Not Toll,73,2,1,Not Divided,1,2945518.66570701,1912593.21296067,41.89311744,-87.78321082,,Urban,1,N,(N/A),Y,(N/A)
2024,2024-01-21,Sunday,18,06:08 PM,Property Damage,No Injuries,0,0,0,0,0,6,Sideswipe Opposite Direction,13,N,N,Improper Lane Usage,(N/A),Darkness / Lighted Road,Clear,Dry,N,,,,,Traffic Signal,Functioning Properly,N,4,41.8712759,-87.7742987,ok,Partial Access Control,1,2400388,2024,,20,99,50000 and OVER,9,4295,Oak Park,C,Urban Minor Arterial,,16,21,12497751,1,Cook,0,24,,,7,N,No,Stopped,202401029809,City,5,8.35000038,N,,,,(UNK),20472,(N/A),(UNK),No Defects,1,1,Minor Arterial,4,2790,X003298754,Not Toll,,3,4,"Divided, No Median Barrier",2,2948168.96079729,1904698.48726525,41.87126803,-87.77429288,,Urban,1,N,(N/A),Y,(N/A)