crash_year,crash_date,day_of_week,crash_hour,time_of_crash,crash_severity,crash_injury_severity,total_injured,total_fatals,a_injuries,b_injuries,c_injuries,no_injuries,type_of_first_crash,collision_type_code,pedestrian_involved,pedalcyclist_involved,cause1,cause2,lighting_cond,weather_cond,road_surface_cond,intersection_related,is_intersection,highway_or_street_name,at_intersection_with,address_no,traffic_control_device,traffic_control_device_cond,hit_and_run,number_of_vehicles,latitude,longitude,location_status,access_control,agency_code,agency_report_number,agency_report_year,alignment_code,cause1_code,cause2_code,city_class,city_class_code,city_code,city_name,city_township_flag,class_of_trafficway,class_of_trafficway_code,county_code,crash_day,crash_id,crash_month,crash_report_county,crash_severity_cd,crash_yr_source,damaged_property1,damaged_property2,day_of_week_code,did_crash_occur_in_work_zone,did_involve_secondary_crash,flow_condition,icn,investigating_agency_descrip,light_condition_code,mile_station,nhs,non_intersection_direction,non_intersection_distance,non_intersection_units,number_of_lanes,objectid,railroad_crossing_number,road_alignment,road_defects,road_defects_code,road_surface_condition_code,roadway_functional_class,roadway_functional_class_code,route_number,sfe,toll,township,traffic_control_device_code,traffic_control_device_cond_code,trafficway_descrip,trafficway_description_code,ts_crash_coordinate_x,ts_crash_coordinate_y,ts_crash_latitude,ts_crash_longitude,type_report,urban_rural,weather_code,were_workers_present,work_zone,work_zone_related,work_zone_type
2024,2024-01-21,Sunday,14,02:32 PM,Property Damage,No Injuries,0,0,0,0,0,2,Angle,15,N,N,Failing to Yield Right of Way,Failing to Reduce Speed to Avoid Crash,Daylight,Clear,Wet,N,,,,,No Controls,No Controls,N,2,41.8872511,-87.797125,ok,(UNK),1,2400382,2024,,2,28,50000 and OVER,9,4295,Oak Park,C,Urban Local Road or Street,,16,21,12497754,1,Cook,0,24,,,7,N,No,Free Flow,202401029812,City,1,0,N,,,,(UNK),20474,(N/A),(UNK),No Defects,1,2,Local Road or Street,7,,X003298757,Not Toll,73,1,1,One-Way,10,2941790.78582555,1910347.61997979,41.8872433,-87.7971192,,Urban,1,N,(N/A),Y,(N/A)
2024,2024-01-21,Sunday,5,05:06 AM,Property Damage,No Injuries,0,0,0,0,0,2,Sideswipe Same Direction,12,N,N,Improper Overtaking/Passing,Operating Vehicle In Reckless Manner,Darkness / Lighted Road,Clear,Snow or Slush,N,,,,,Traffic Signal,Functioning Properly,N,2,41.8710478,-87.7841758,ok,(UNK),1,2400376,2024,,4,50,50000 and OVER,9,4295,Oak Park,C,Urban Major Collector,,16,21,12497774,1,Cook,0,24,,,7,N,No,Slow,202401029831,City,5,0.23999999,N,,,,(UNK),20486,(N/A),(UNK),No Defects,1,3,Major Collector,5,290,X003298776,Not Toll,73,3,4,Four Way,14,2945480.96989134,1904540.52399926,41.87104,-87.78417,,Urban,1,N,(N/A),Y,(N/A)
2024,2024-01-19,Friday,8,08:03 AM,Property Damage,No Injuries,0,0,0,0,0,1,Parked Motor Vehicle,9,N,N,Weather,Failing to Reduce Speed to Avoid Crash,Daylight,Snow,Snow or Slush,N,,,,,No Controls,No Controls,N,2,41.8815779,-87.7926495,ok,(UNK),1,2400348,2024,,11,28,50000 and OVER,9,4295,Oak Park,C,Urban Major Collector,,16,19,12497812,1,Cook,0,24,,,5,N,No,Free Flow,202401029864,City,1,0.63,N,,,,(UNK),20506,(N/A),(UNK),No Defects,1,3,Major Collector,5,5,X003298809,Not Toll,73,1,1,Not Divided,1,2943066.73122972,1908313.89542702,41.88157008,-87.79264368,,Urban,3,N,(N/A),Y,(N/A)
2024,2024-01-22,Monday,17,05:25 PM,Property Damage,No Injuries,0,0,0,0,0,3,Front to Rear,11,N,N,Failing to Reduce Speed to Avoid Crash,Following Too Closely,Darkness / Lighted Road,Cloudy/Overcast,Wet,N,,,,,Other Regualtory Sig,Functioning Properly,Y,3,41.8712545,-87.7794153,ok,Partial Access Control,3,03-24-01500,2024,,28,3,50000 and OVER,9,4295,Oak Park,C,Urban InterState,,16,22,12498030,1,Cook,0,24,,,1,N,No,(UNK),202401030163,ISP,5,8.94999981,Y,,,,(UNK),20656,(N/A),(UNK),No Defects,1,2,InterState,1,290,X003299017,Not Toll,,10,4,Divided With Median Barrier,3,2946775.53251882,1904651.89201131,41.87125454,-87.77941528,,Urban,8,N,(N/A),Y,(N/A)
2024,2024-01-22,Monday,17,05:00 PM,Property Damage,No Injuries,0,0,0,0,0,3,Sideswipe Same Direction,12,N,N,Improper Lane Usage,Failing to Yield Right of Way,Darkness / Lighted Road,Clear,Wet,N,,,,,No Controls,No Controls,N,2,41.8711323,-87.8044208,ok,(UNK),1,24-00214,2024,,20,2,50000 and OVER,9,4295,Oak Park,C,Urban Other Principal Arte,,16,22,12498047,1,Cook,0,24,,,1,N,No,Free Flow,202401030179,City,5,20.26000023,Y,,,,(UNK),20666,(N/A),(UNK),No Defects,1,2,Other Principal Arterial,3,348,X003299035,Not Toll,73,1,1,"Divided, No Median Barrier",2,2939965.83346116,1904418.8012097,41.87112441,-87.80441503,,Urban,1,N,(N/A),Y,(N/A)
2024,2024-01-17,Wednesday,22,10:30 PM,Injury,B Injury Crash,1,0,0,1,0,2,Front to Rear,11,N,N,Improper Lane Usage,Failing to Reduce Speed to Avoid Crash,Darkness / Lighted Road,Clear,Dry,N,,,,,Other,Functioning Properly,N,3,41.8719799,-87.7878652,ok,Partial Access Control,3,03-24-01091,2024,,20,28,50000 and OVER,9,4295,Oak Park,C,Urban InterState,,16,17,12498195,1,Cook,2,24,,,3,N,No,(UNK),202401030315,ISP,5,8.51000023,Y,,,,(UNK),20767,(N/A),(UNK),No Defects,1,1,InterState,1,290,X003299174,Not Toll,,13,4,Divided With Median Barrier,3,2944466.65379919,1904852.30476329,41.87197992,-87.78786515,,Urban,1,N,(N/A),Y,(N/A)
2024,2024-01-20,Saturday,6,06:25 AM,Injury,C Injury Crash,1,0,0,0,1,1,Pedestrian,1,Y,N,Disregarding Traffic Signals,Failing to Reduce Speed to Avoid Crash,Darkness / Lighted Road,Clear,Dry,Y,,,,,Traffic Signal,Functioning Properly,N,1,41.8880178,-87.7748813,ok,(UNK),1,2400361,2024,,25,28,50000 and OVER,9,4295,Oak Park,C,Urban Minor Arterial,,16,20,12498374,1,Cook,1,24,,,6,N,No,Free Flow,202401030468,City,5,7.13000011,N,,,,(UNK),20882,(N/A),(UNK),No Defects,1,1,Minor Arterial,4,2790,X003299340,Not Toll,,3,4,Two-way Continuous Left-Tur,4,2947840.16037305,1910795.12496367,41.88800992,-87.77487546,,Urban,1,N,(N/A),Y,(N/A)
2024,2024-01-21,Sunday,16,04:51 PM,Property Damage,No Injuries,0,0,0,0,0,2,Sideswipe Same Direction,12,N,N,Unable to Determine,(N/A),Dusk,Clear,Dry,N,,,,,No Controls,No Controls,Y,2,41.9076279,-87.7755516,ok,(UNK),1,2400390,2024,,18,99,50000 and OVER,9,4295,Oak Park,C,Urban Minor Arterial,,16,21,12498377,1,Cook,0,24,,,7,N,No,Free Flow,202401030469,City,3,5.67000008,N,,,,(UNK),20883,(N/A),(UNK),No Defects,1,1,Minor Arterial,4,2790,X003299341,Not Toll,,1,1,Not Divided,1,2947458.33758223,1917936.34261138,41.90762002,-87.77554582,,Urban,1,N,(N/A),Y,(N/A)
2024,2024-01-19,Friday,21,09:55 PM,Property Damage,No Injuries,0,0,0,0,0,1,Parked Motor Vehicle,9,N,N,Failing to Reduce Speed to Avoid Crash,Weather,Darkness / Lighted Road,Snow,Snow or Slush,N,,,,,No Controls,No Controls,N,4,41.8816134,-87.7907417,ok,(UNK),1,2400360,2024,,28,11,50000 and OVER,9,4295,Oak Park,C,Urban Major Collector,,16,19,12498382,1,Cook,0,24,,,5,N,No,Free Flow,202401030472,City,5,0.73000002,N,,,,(UNK),20884,(N/A),(UNK),No Defects,1,3,Major Collector,5,5,X003299344,Not Toll,73,1,1,"Divided, No Median Barrier",2,2943585.91354619,1908341.20545612,41.88160555,-87.79073594,,Urban,3,N,(N/A),Y,(N/A)
2024,2024-02-17,Saturday,15,03:02 PM,Injury,A Injury Crash,4,0,1,2,1,0,Turning,10,N,N,Failing to Yield Right of Way,Failing to Reduce Speed to Avoid Crash,Daylight,Clear,Dry,Y,,,,,Stop Sign,Functioning Properly,N,2,41.9091359,-87.7860147,ok,(UNK),1,2400912,2024,,2,28,50000 and OVER,9,4295,Oak Park,C,Urban Other Principal Arte,,16,17,12532097,2,Cook,3,24,,,6,N,No,Slow,202401060336,City,1,6.94000006,Y,,,,(UNK),21006,(N/A),(UNK),No Defects,1,1,Other Principal Arterial,3,307,X003328896,Not Toll,73,2,4,Not Divided,1,2944594.79459333,1918406.64722847,41.90912809,-87.7860089,,Urban,1,N,(N/A),Y,(N/A)
2024,2024-12-11,Wednesday,7,07:48 AM,Property Damage,No Injuries,0,0,0,0,0,1,Parked Motor Vehicle,9,N,N,Failing to Reduce Speed to Avoid Crash,Driving Skills/Knowledge/Experience,Daylight,Clear,Dry,N,,,,,No Controls,No Controls,N,2,41.9052137,-87.805664,ok,(UNK),1,2407421,2024,,28,15,50000 and OVER,9,4295,Oak Park,C,Urban Other Principal Arte,,16,11,12906418,12,Cook,0,24,,,3,N,No,Free Flow,202401407410,City,1,17.89999962,Y,,,,(UNK),21334,(N/A),(UNK),No Defects,1,1,Other Principal Arterial,3,348,X003657286,Not Toll,73,1,1,"Divided, No Median Barrier",2,2939285.30980884,1916829.39379077,41.90520587,-87.80565822,,Urban,1,N,(N/A),Y,(N/A)
2024,2024-12-11,Wednesday,7,07:52 AM,Property Damage,No Injuries,0,0,0,0,0,2,Turning,10,N,N,Failing to Yield Right of Way,Failing to Reduce Speed to Avoid Crash,Daylight,Clear,Dry,Y,,,,,Stop Sign,Functioning Properly,N,2,41.8715878,-87.7890758,ok,(UNK),1,2407422,2024,,2,28,50000 and OVER,9,4295,Oak Park,C,Urban Minor Collector,,16,11,12906421,12,Cook,0,24,,,3,N,No,Free Flow,202401407413,City,1,0,N,,,,(UNK),21336,(N/A),(UNK),No Defects,1,1,Minor Collector,6,290,X003657289,Not Toll,73,2,4,T-Intersection,15,2944140.86561617,1904700.28417843,41.87158,-87.78907,,Urban,1,N,(N/A),Y,(N/A)
2024,2024-12-11,Wednesday,13,01:56 PM,Property Damage,No Injuries,0,0,0,0,0,1,Parked Motor Vehicle,9,N,N,Improper Overtaking/Passing,Driving Skills/Knowledge/Experience,Daylight,Cloudy/Overcast,Dry,N,,,,,No Controls,No Controls,N,2,41.89434,-87.79771,ok,(UNK),1,2407434,2024,,4,15,50000 and OVER,9,4295,Oak Park,C,Urban Minor Arterial,,16,11,12906432,12,Cook,0,24,,,3,N,No,Stopped,202401407426,City,1,0,N,,,,(UNK),21344,(N/A),(UNK),No Defects,1,1,Minor Arterial,4,,X003657300,Not Toll,,1,1,One-Way,10,2941560.12637889,1912926.53007039,41.89434,-87.79771,,Urban,8,N,(N/A),Y,(N/A)
2024,2024-12-13,Friday,9,09:30 AM,Property Damage,No Injuries,0,0,0,0,0,2,Front to Rear,11,N,N,Unable to Determine,(N/A),Daylight,Clear,Dry,Y,,,,,Traffic Signal,Functioning Properly,Y,2,41.8978923,-87.8053851,ok,(UNK),1,2401603,2024,,18,99,50000 and OVER,9,4295,Oak Park,C,Urban Other Principal Arte,,16,13,12907173,12,Cook,0,24,,,5,N,No,Free Flow,202401408148,City,1,18.40999985,Y,,,,(UNK),21860,(N/A),(UNK),No Defects,1,1,Other Principal Arterial,3,348,X003658006,Not Toll,73,3,4,Not Divided,1,2939434.72594023,1914163.40378608,41.89788441,-87.80537927,,Urban,1,N,(N/A),Y,(N/A)
2024,2024-11-17,Sunday,5,05:00 AM,Injury,B Injury Crash,1,0,0,1,0,1,Front to Rear,11,N,N,Following Too Closely,Failing to Reduce Speed to Avoid Crash,Darkness,Clear,Dry,N,,,,,Other Regualtory Sig,Functioning Properly,Y,2,41.8724613,-87.7936313,ok,Partial Access Control,3,03-24-22514,2024,,3,28,50000 and OVER,9,4295,Oak Park,C,Urban InterState,,16,17,12907428,11,Cook,2,24,,,7,N,No,(UNK),202401408394,ISP,4,8.21000004,Y,,,,(UNK),22043,(N/A),(UNK),No Defects,1,1,InterState,1,290,X003658256,Not Toll,73,10,4,Divided With Median Barrier,3,2942891.26829473,1904984.21954852,41.87245342,-87.79362546,,Urban,1,N,(N/A),Y,(N/A)
2024,2024-12-14,Saturday,18,06:30 PM,Property Damage,No Injuries,0,0,0,0,0,3,Front to Rear,11,N,N,Distraction - From Outside Vehicle,(N/A),Darkness,Rain,Wet,N,,,,,No Controls,No Controls,N,2,,,missing,(UNK),2,SH-24-00464817,2024,,40,99,50000 and OVER,9,4295,Oak Park,C,(UNK),8,16,14,12907858,12,Cook,0,24,,,6,N,No,Free Flow,202401408803,County,4,0,N,,,,(UNK),22339,(N/A),(UNK),No Defects,1,2,(UNK),0,0,X003658672,No Toll,73,1,1,Divided With Median Barrier,3,0,0,,,,(UNK),2,N,(N/A),Y,(N/A)
2024,2024-12-15,Sunday,10,10:00 AM,Property Damage,No Injuries,0,0,0,0,0,3,Turning,10,N,N,Unable to Determine,(N/A),Daylight,Clear,Dry,Y,,,,,Traffic Signal,Functioning Properly,Y,2,41.909248,-87.7755347,ok,(UNK),1,JH543536,2024,,18,99,50000 and OVER,9,4295,Oak Park,C,Urban Other Principal Arte,,16,15,12908413,12,Cook,0,24,,,7,N,No,Free Flow,202401409345,City,1,7.48000002,Y,,,,(UNK),22846,(N/A),(UNK),No Defects,1,1,Other Principal Arterial,3,307,X003659217,Not Toll,,3,4,Two-way Continuous Left-Tur,4,2947446.48001046,1918526.8948844,41.90924019,-87.77552888,,Urban,1,N,(N/A),Y,(N/A)
2024,2024-12-10,Tuesday,22,10:18 PM,Property Damage,No Injuries,0,0,0,0,0,3,Sideswipe Same Direction,12,N,N,Improper Overtaking/Passing,Improper Lane Usage,Darkness / Lighted Road,Unknown,Unknown,N,,,,,Other,Functioning Properly,Y,2,41.8736124,-87.8042853,ok,Partial Access Control,3,03-24-24315,2024,,4,20,50000 and OVER,9,4295,Oak Park,C,Urban InterState,,16,10,12908729,12,Cook,0,24,,,2,N,No,(UNK),202401409656,ISP,5,0.23,Y,,,,(UNK),23073,(N/A),(UNK),No Defects,1,9,InterState,1,290,X003659527,Not Toll,73,13,4,Ramp,11,2939977.84776241,1905323.64041861,41.87360459,-87.80427954,,Urban,9,N,(N/A),Y,(N/A)
2024,2024-12-15,Sunday,14,02:05 PM,Property Damage,No Injuries,0,0,0,0,0,2,Front to Rear,11,N,N,Failing to Reduce Speed to Avoid Crash,Following Too Closely,Daylight,Rain,Wet,Y,,,,,Other,Functioning Properly,N,2,41.8736415,-87.8045248,ok,Partial Access Control,3,03-24-24598,2024,,28,3,50000 and OVER,9,4295,Oak Park,C,Urban InterState,,16,15,12909348,12,Cook,0,24,,,7,N,No,(UNK),202401410396,ISP,1,0.23999999,Y,,,,(UNK),23686,(N/A),(UNK),No Defects,1,2,InterState,1,290,X003660118,Not Toll,73,13,4,Ramp,11,2939912.33678897,1905332.4330935,41.87363365,-87.804519,,Urban,2,N,(N/A),Y,(N/A)
2024,2024-02-18,Sunday,19,07:12 PM,Property Damage,No Injuries,0,0,0,0,0,2,Turning,10,N,N,Failing to Yield Right of Way,Driving Skills/Knowledge/Experience,Daylight,Clear,Dry,N,,,,,No Controls,No Controls,N,2,41.866357,-87.8042575,ok,(UNK),1,24-00549,2024,,2,15,50000 and OVER,9,4295,Oak Park,C,Urban Other Principal Arte,,16,18,12528722,2,Cook,0,24,,,7,N,No,Free Flow,202401057081,City,1,20.60000038,Y,,,,(UNK),24381,(N/A),(UNK),No Defects,1,1,Other Principal Arterial,3,348,X003325804,Not Toll,73,1,1,"Divided, No Median Barrier",2,2940058.23698326,1902679.83874765,41.86634915,-87.8042517,,Urban,1,N,(N/A),Y,(N/A)
2024,2024-02-15,Thursday,23,11:29 PM,Property Damage,No Injuries,0,0,0,0,0,2,Sideswipe Same Direction,12,N,N,Improper Overtaking/Passing,Failing to Reduce Speed to Avoid Crash,Darkness / Lighted Road,Clear,Dry,N,,,,,Other,Functioning Properly,Y,2,41.8726043,-87.7936373,ok,Partial Access Control,3,03-24-02805,2024,,4,28,50000 and OVER,9,4295,Oak Park,C,Urban InterState,,16,15,12529258,2,Cook,0,24,,,4,N,No,(UNK),202401057593,ISP,5,8.21000004,Y,,,,(UNK),24754,(N/A),(UNK),No Defects,1,1,InterState,1,290,X003326316,Not Toll,73,13,4,Divided With Median Barrier,3,2942888.19251337,1905036.29144385,41.87259643,-87.79363146,,Urban,1,N,(N/A),Y,(N/A)
2024,2024-12-09,Monday,15,03:53 PM,Property Damage,No Injuries,0,0,0,0,0,2,Turning,10,N,N,Failing to Reduce Speed to Avoid Crash,Unable to Determine,Daylight,Clear,Dry,Y,,,,,No Controls,No Controls,Y,2,41.88335,-87.79704,ok,(UNK),1,2407400,2024,,28,18,50000 and OVER,9,4295,Oak Park,C,Urban Local Road or Street,,16,9,12910224,12,Cook,0,24,,,1,N,No,Free Flow,202401410955,City,1,0,N,,,,(UNK),25047,(N/A),(UNK),No Defects,1,1,Local Road or Street,7,,X003660576,Not Toll,,1,1,Not Divided,1,2941853.20958358,1908926.60932151,41.88335,-87.79704,,Urban,1,N,(N/A),Y,(N/A)
2024,2024-12-14,Saturday,19,07:13 PM,Property Damage,No Injuries,0,0,0,0,0,3,Front to Rear,11,N,N,Failing to Reduce Speed to Avoid Crash,Unable to Determine,Darkness / Lighted Road,Rain,Wet,Y,,,,,Traffic Signal,Functioning Properly,N,2,41.875984,-87.8046365,ok,(UNK),1,2407488,2024,,28,18,50000 and OVER,9,4295,Oak Park,C,Urban Other Principal Arte,,16,14,12910226,12,Cook,0,24,,,6,N,No,Stopped,202401410956,City,5,0.83999997,Y,,,,(UNK),25048,(N/A),(UNK),No Defects,1,2,Other Principal Arterial,3,1462,X003660577,Not Toll,73,3,4,Not Divided,1,2939858.40265262,1906185.23956284,41.87597614,-87.80463072,,Urban,2,N,(N/A),Y,(N/A)
2024,2024-12-14,Saturday,18,06:20 PM,Property Damage,No Injuries,0,0,0,0,0,1,Parked Motor Vehicle,9,N,N,Failing to Reduce Speed to Avoid Crash,Unable to Determine,Darkness / Lighted Road,Rain,Wet,N,,,,,No Controls,No Controls,Y,2,41.88632,-87.80251,ok,(UNK),1,2407493,2024,,28,18,50000 and OVER,9,4295,Oak Park,C,Urban Local Road or Street,,16,14,12910232,12,Cook,0,24,,,6,N,No,Free Flow,202401410962,City,5,0,N,,,,(UNK),25052,(N/A),(UNK),No Defects,1,2,Local Road or Street,7,,X003660583,Not Toll,,1,1,Not Divided,1,2940333.75897191,1909967.82555798,41.88632,-87.80251,,Urban,2,N,(N/A),Y,(N/A)
2024,2024-12-13,Friday,10,10:57 AM,Property Damage,No Injuries,0,0,0,0,0,2,Front to Rear,11,N,N,Improper Lane Usage,Failing to Reduce Speed to Avoid Crash,Daylight,Clear,Dry,N,,,,,Traffic Signal,Functioning Properly,N,2,41.87975,-87.79422,ok,(UNK),1,2407449,2024,,20,28,50000 and OVER,9,4295,Oak Park,C,Urban Minor Arterial,,16,13,12910243,12,Cook,0,24,,,5,N,No,Slow,202401410973,City,1,0,N,,,,(UNK),25061,(N/A),(UNK),No Defects,1,1,Minor Arterial,4,,X003660593,Not Toll,,3,4,Not Divided,1,2942657.45214168,1907635.93221684,41.87975,-87.79422,,Urban,1,N,(N/A),Y,(N/A)
2024,2024-12-13,Friday,15,03:41 PM,Property Damage,No Injuries,0,0,0,0,0,17,Parked Motor Vehicle,9,N,N,Failing to Reduce Speed to Avoid Crash,(N/A),Dusk,Clear,Dry,N,,,,,No Controls,No Controls,N,2,41.88234,-87.79697,ok,(UNK),1,2407457,2024,,28,99,50000 and OVER,9,4295,Oak Park,C,Urban Local Road or Street,,16,13,12910244,12,Cook,0,24,,,5,N,No,Slow,202401410974,City,3,0,N,,,,(UNK),25062,(N/A),(UNK),No Defects,1,1,Local Road or Street,7,,X003660594,Not Toll,,1,1,Not Divided,1,2941882.4409886,1908559.07345332,41.88234,-87.79697,,Urban,1,N,(N/A),Y,(N/A)
2024,2024-12-13,Friday,17,05:12 PM,Property Damage,No Injuries,0,0,0,0,0,3,Front to Rear,11,N,N,Failing to Reduce Speed to Avoid Crash,(N/A),Darkness,Clear,Dry,N,,,,,No Controls,No Controls,Y,2,41.88002,-87.77589,ok,(UNK),1,2407458,2024,,28,99,50000 and OVER,9,4295,Oak Park,C,Urban Minor Arterial,,16,13,12910245,12,Cook,0,24,,,5,N,Yes,Slow,202401410976,City,4,4.55999994,N,,,,(UNK),25063,(N/A),(UNK),No Defects,1,1,Minor Arterial,4,1419,X003660595,Not Toll,,1,1,Divided With Median Barrier,3,2947646.71293802,1907872.92784776,41.88002,-87.77589,,Urban,1,N,(N/A),Y,(N/A)
2024,2024-12-13,Friday,18,06:55 PM,Property Damage,No Injuries,0,0,0,0,0,1,Parked Motor Vehicle,9,N,N,(N/A),(N/A),Darkness / Lighted Road,Clear,Dry,N,,,,,No Controls,No Controls,Y,2,41.88618,-87.79449,ok,(UNK),1,2407461,2024,,99,99,50000 and OVER,9,4295,Oak Park,C,Urban Major Collector,,16,13,12910249,12,Cook,0,24,,,5,N,No,Stopped,202401410980,City,5,0,N,,,,(UNK),25066,(N/A),(UNK),No Defects,1,1,Major Collector,5,,X003660599,Not Toll,,1,1,Not Divided,1,2942519.11517119,1909977.1090106,41.88618,-87.79449,,Urban,1,N,(N/A),Y,(N/A)
2024,2024-12-14,Saturday,13,01:10 PM,Property Damage,No Injuries,0,0,0,0,0,2,Angle,15,N,N,Failing to Yield Right of Way,Failing to Reduce Speed to Avoid Crash,Daylight,Clear,Dry,Y,,,,,Stop Sign,No Controls,N,2,41.88813,-87.77981,ok,(UNK),1,2407476,2024,,2,28,50000 and OVER,9,4295,Oak Park,C,Urban Major Collector,,16,14,12910287,12,Cook,0,24,,,6,N,No,Free Flow,202401411017,City,1,0,N,,,,(UNK),25093,(N/A),(UNK),No Defects,1,1,Major Collector,5,3794,X003660635,Not Toll,,2,1,T-Intersection,15,2946496.89635405,1910798.63417603,41.88813,-87.77981,,Urban,1,N,(N/A),Y,(N/A)
2024,2024-12-14,Saturday,15,03:08 PM,Property Damage,No Injuries,0,0,0,0,0,2,Front to Rear,11,N,N,Following Too Closely,(N/A),Daylight,Clear,Dry,Y,,,,,No Controls,No Controls,N,2,41.88171,-87.78448,ok,(UNK),1,2407481,2024,,3,99,50000 and OVER,9,4295,Oak Park,C,Urban Major Collector,,16,14,12910289,12,Cook,0,24,,,6,N,No,Slow,202401411018,City,1,1.02999997,N,,,,(UNK),25094,(N/A),(UNK),No Defects,1,1,Major Collector,5,5,X003660636,Not Toll,,1,1,"Divided, No Median Barrier",2,2945290.21212636,1908423.7088021,41.88171,-87.78448,,Urban,1,N,(N/A),Y,(N/A)
2024,2024-12-15,Sunday,20,08:48 PM,Property Damage,No Injuries,0,0,0,0,0,1,Fixed Object,6,N,N,Improper Backing,Failing to Reduce Speed to Avoid Crash,Darkness / Lighted Road,Clear,Dry,N,,,,,No Controls,No Controls,Y,1,41.9092016,-87.7798674,ok,(UNK),1,2407513,2024,,30,28,50000 and OVER,9,4295,Oak Park,C,Urban Other Principal Arte,,16,15,12910298,12,Cook,0,24,GAS PUMP # 10,,7,N,No,Free Flow,202401411024,City,5,7.26000023,Y,,,,(UNK),25097,(N/A),(UNK),No Defects,1,1,Other Principal Arterial,3,307,X003660642,Not Toll,73,1,1,Parking Lot,7,2946267.52044443,1918477.08811849,41.9091937,-87.7798616,,Urban,1,N,(N/A),Y,(N/A)
2024,2024-12-04,Wednesday,15,03:40 PM,Property Damage,No Injuries,0,0,0,0,0,3,Front to Rear,11,N,N,Following Too Closely,Failing to Reduce Speed to Avoid Crash,Daylight,Clear,Dry,N,,,,,Other Regualtory Sig,Functioning Properly,N,2,41.8723745,-87.7891361,ok,Partial Access Control,3,03-24-23793,2024,,3,28,50000 and OVER,9,4295,Oak Park,C,Urban Minor Collector,,16,4,12910491,12,Cook,0,24,,,3,N,No,(UNK),202401411248,ISP,1,320.66000366,N,,,,(UNK),25209,(N/A),(UNK),No Defects,1,1,Minor Collector,6,5110,X003660783,Not Toll,73,10,4,Divided With Median Barrier,3,2944116.5,1904986.5,41.87236665,-87.78913029,,Urban,1,N,(N/A),Y,(N/A)
2024,2024-01-09,Tuesday,19,07:30 PM,Property Damage,No Injuries,0,0,0,0,0,2,Sideswipe Same Direction,12,N,N,Improper Overtaking/Passing,Improper Lane Usage,Darkness / Lighted Road,Clear,Dry,N,,,,,Other Regualtory Sig,Functioning Properly,Y,2,41.8722456,-87.7911039,ok,Partial Access Control,3,03-24-00515,2024,,4,20,50000 and OVER,9,4295,Oak Park,C,Urban InterState,,16,9,12481896,1,Cook,0,24,,,2,N,No,(UNK),202401016266,ISP,5,8.34000015,Y,,,,(UNK),25506,(N/A),(UNK),No Defects,1,1,InterState,1,290,X003284740,Not Toll,73,10,4,Divided With Median Barrier,3,2943581.83488001,1904924.68697737,41.87223778,-87.79109806,,Urban,1,N,(N/A),Y,(N/A)
2024,2024-01-10,Wednesday,16,04:43 PM,Injury,B Injury Crash,4,0,0,4,0,1,Front to Rear,11,N,N,Following Too Closely,(N/A),Darkness / Lighted Road,Clear,Unknown,N,,,,,Traffic Signal,Functioning Properly,N,2,41.9089374,-87.8053828,ok,(UNK),1,JH111370,2024,,3,99,50000 and OVER,9,4295,Oak Park,C,Urban Other Principal Arte,,16,10,12482035,1,Cook,2,24,,,3,N,No,(UNK),202401016380,City,5,5.94999981,Y,,,,(UNK),25591,(N/A),(UNK),No Defects,1,9,Other Principal Arterial,3,307,X003284868,Not Toll,,3,4,Not Divided,1,2939324.5,1918188.5,41.9089296,-87.80537697,,Urban,1,N,(N/A),Y,(N/A)
2024,2024-01-10,Wednesday,17,05:43 PM,Property Damage,No Injuries,0,0,0,0,0,2,Front to Rear,11,N,N,Following Too Closely,Failing to Reduce Speed to Avoid Crash,Darkness / Lighted Road,Clear,Dry,N,,,,,No Controls,No Controls,N,2,41.8776056,-87.8046489,ok,(UNK),1,24-00109,2024,,3,28,50000 and OVER,9,4295,Oak Park,C,Urban Other Principal Arte,,16,10,12482105,1,Cook,0,24,,,3,N,No,Slow,202401016440,City,5,19.80999947,Y,,,,(UNK),25639,(N/A),(UNK),No Defects,1,1,Other Principal Arterial,3,348,X003284933,Not Toll,73,1,1,Four Way,14,2939838.76925555,1906776.11108392,41.87759781,-87.80464306,,Urban,1,N,(N/A),Y,(N/A)
2024,2024-12-15,Sunday,16,04:36 PM,Injury,B Injury Crash,1,0,0,1,0,4,Angle,15,N,N,Failing to Yield Right of Way,Failing to Reduce Speed to Avoid Crash,Darkness,Rain,Wet,Y,,,,,Stop Sign,Functioning Properly,N,2,41.86698,-87.79378,ok,(UNK),1,2407509,2024,,2,28,50000 and OVER,9,4295,Oak Park,C,Urban Major Collector,,16,15,12911167,12,Cook,2,24,,,7,N,No,Free Flow,202401411890,City,4,0,N,,,,(UNK),25873,(N/A),(UNK),No Defects,1,2,Major Collector,5,,X003661381,Not Toll,,2,4,T-Intersection,15,2942905.99931354,1902985.62979811,41.86698,-87.79378,,Urban,2,N,(N/A),Y,(N/A)
2024,2024-12-13,Friday,7,07:26 AM,Property Damage,No Injuries,0,0,0,0,0,2,Rear to Rear,17,N,N,Improper Backing,Unable to Determine,Daylight,Clear,Dry,N,,,,,No Controls,No Controls,N,2,41.8905783,-87.803506,ok,(UNK),1,2407445,2024,,30,18,50000 and OVER,9,4295,Oak Park,C,Urban Local Road or Street,,16,13,12911169,12,Cook,0,24,,,5,N,No,Slow,202401411892,City,1,0.62,N,,,,(UNK),25874,(N/A),(UNK),No Defects,1,1,Local Road or Street,7,1405,X003661382,Not Toll,73,1,1,Parking Lot,7,2940019.77241292,1911512.16730983,41.89057049,-87.80350021,,Urban,1,N,(N/A),Y,(N/A)