crash_year,crash_date,day_of_week,crash_hour,time_of_crash,crash_severity,crash_injury_severity,total_injured,total_fatals,a_injuries,b_injuries,c_injuries,no_injuries,type_of_first_crash,collision_type_code,pedestrian_involved,pedalcyclist_involved,cause1,cause2,lighting_cond,weather_cond,road_surface_cond,intersection_related,is_intersection,highway_or_street_name,at_intersection_with,address_no,traffic_control_device,traffic_control_device_cond,hit_and_run,number_of_vehicles,latitude,longitude,location_status,access_control,agency_code,agency_report_number,agency_report_year,alignment_code,cause1_code,cause2_code,city_class,city_class_code,city_code,city_name,city_township_flag,class_of_trafficway,class_of_trafficway_code,county_code,crash_day,crash_id,crash_month,crash_report_county,crash_severity_cd,crash_yr_source,damaged_property1,damaged_property2,day_of_week_code,did_crash_occur_in_work_zone,did_involve_secondary_crash,flow_condition,icn,investigating_agency_descrip,light_condition_code,mile_station,nhs,non_intersection_direction,non_intersection_distance,non_intersection_units,number_of_lanes,objectid,railroad_crossing_number,road_alignment,road_defects,road_defects_code,road_surface_condition_code,roadway_functional_class,roadway_functional_class_code,route_number,sfe,toll,township,traffic_control_device_code,traffic_control_device_cond_code,trafficway_descrip,trafficway_description_code,ts_crash_coordinate_x,ts_crash_coordinate_y,ts_crash_latitude,ts_crash_longitude,type_report,urban_rural,weather_code,were_workers_present,work_zone,work_zone_related,work_zone_type
2024,2024-01-06,Saturday,11,11:48 AM,Property Damage,No Injuries,0,0,0,0,0,3,Front to Rear,11,N,N,Failing to Reduce Speed to Avoid Crash,Unable to Determine,Daylight,Sleet/Hail,Snow or Slush,N,,,,,No Controls,No Controls,N,2,41.8796094,-87.8038459,ok,(UNK),1,2400113,2024,,28,18,50000 and OVER,9,4295,Oak Park,C,Urban Minor Arterial,,16,6,12482523,1,Cook,0,24,,,6,N,No,Free Flow,202401016802,City,1,3.1099999,N,,,,(UNK),26440,(N/A),(UNK),No Defects,1,3,Minor Arterial,4,1419,X003285333,Not Toll,73,1,1,"Divided, No Median Barrier",2,2940037.35592663,1907512.32499985,41.87960152,-87.80384005,,Urban,5,N,(N/A),Y,(N/A)
2024,2024-12-16,Monday,8,08:41 AM,Property Damage,No Injuries,0,0,0,0,0,1,Parked Motor Vehicle,9,N,N,Unable to Determine,(N/A),Daylight,Clear,Wet,N,,,,,No Controls,No Controls,N,2,41.88908,-87.80016,ok,(UNK),1,2407518,2024,,18,99,50000 and OVER,9,4295,Oak Park,C,Urban Local Road or Street,,16,16,12911986,12,Cook,0,24,,,1,N,No,Free Flow,202401412893,City,1,0,N,,,,(UNK),27326,(N/A),(UNK),No Defects,1,2,Local Road or Street,7,,X003662126,Not Toll,,1,1,Not Divided,1,2940945.94007789,1910991.26900054,41.88908,-87.80016,,Urban,1,N,(N/A),Y,(N/A)
2024,2024-11-23,Saturday,18,06:45 PM,Property Damage,No Injuries,0,0,0,0,0,2,Front to Rear,11,N,N,Following Too Closely,Failing to Reduce Speed to Avoid Crash,Darkness / Lighted Road,Clear,Dry,N,,,,,Other Regualtory Sig,Functioning Properly,Y,2,41.8734956,-87.8045192,ok,Partial Access Control,3,03-24-23127,2024,,3,28,50000 and OVER,9,4295,Oak Park,C,Urban InterState,,16,23,12912251,11,Cook,0,24,,,6,N,No,(UNK),202401413151,ISP,5,7.69999981,Y,,,,(UNK),27496,(N/A),(UNK),No Defects,1,1,InterState,1,290,X003662377,Not Toll,73,10,4,Divided With Median Barrier,3,2939915.31680509,1905279.30514335,41.87348775,-87.80451343,,Urban,1,N,(N/A),Y,(N/A)
2024,2024-12-17,Tuesday,20,08:47 PM,Property Damage,No Injuries,0,0,0,0,0,2,Turning,10,N,N,Failing to Yield Right of Way,Improper Turning/No Signal,Darkness / Lighted Road,Clear,Dry,N,,,,,No Controls,No Controls,N,2,41.8811132,-87.8047731,ok,(UNK),1,24-04140,2024,,2,6,50000 and OVER,9,4295,Oak Park,C,Urban Other Principal Arte,,16,17,12912386,12,Cook,0,24,,,2,N,No,Free Flow,202401413282,City,5,19.57999992,Y,,,,(UNK),27592,(N/A),(UNK),No Defects,1,1,Other Principal Arterial,3,348,X003662507,Not Toll,73,1,1,"Divided, No Median Barrier",2,2939769.72948047,1908053.39011771,41.88110535,-87.80476733,,Urban,1,N,(N/A),Y,(N/A)
2024,2024-02-08,Thursday,19,07:23 PM,Injury,C Injury Crash,1,0,0,0,1,1,Angle,15,N,N,Disregarding Traffic Signals,(N/A),Darkness,Rain,Wet,Y,,,,,Stop Sign,Functioning Properly,N,2,41.8873412,-87.7926891,ok,(UNK),1,2400751,2024,,25,99,50000 and OVER,9,4295,Oak Park,C,Urban Local Road or Street,,16,8,12519327,2,Cook,1,24,,,4,N,No,Free Flow,202401048379,City,4,0,N,,,,(UNK),27711,(N/A),(UNK),No Defects,1,2,Local Road or Street,7,,X003317233,Not Toll,73,2,4,Four Way,14,2942997.81070619,1910413.83527848,41.88733334,-87.7926833,,Urban,2,N,(N/A),Y,(N/A)
2024,2024-02-13,Tuesday,13,01:54 PM,Property Damage,No Injuries,0,0,0,0,0,1,Parked Motor Vehicle,9,N,N,Failing to Reduce Speed to Avoid Crash,Unable to Determine,Daylight,Clear,Dry,N,,,,,No Controls,No Controls,Y,2,41.867121,-87.7938298,ok,(UNK),1,2400839,2024,,28,18,50000 and OVER,9,4295,Oak Park,C,Urban Major Collector,,16,13,12524226,2,Cook,0,24,,,2,N,No,Free Flow,202401052839,City,1,7.03000021,N,,,,(UNK),27918,(N/A),(UNK),No Defects,1,1,Major Collector,5,2775,X003321587,Not Toll,73,1,1,Not Divided,1,2942891.00632911,1903036.62877843,41.86711313,-87.79382403,,Urban,1,N,(N/A),Y,(N/A)
2024,2024-01-11,Thursday,7,07:49 AM,Property Damage,No Injuries,0,0,0,0,0,2,Rear to Front,18,N,N,Following Too Closely,(N/A),Daylight,Clear,Wet,N,,,,,No Controls,No Controls,N,2,41.876162,-87.7941086,ok,(UNK),1,2400197,2024,,3,99,50000 and OVER,9,4295,Oak Park,C,Urban Major Collector,,16,11,12498703,1,Cook,0,24,,,4,N,No,Free Flow,202401030780,City,1,6.40999985,N,,,,(UNK),28154,(N/A),(UNK),No Defects,1,2,Major Collector,5,2775,X003299641,Not Toll,73,1,1,Not Divided,1,2942723.94952146,1906329.23733938,41.87615415,-87.79410282,,Urban,1,N,(N/A),Y,(N/A)
2024,2024-01-13,Saturday,9,09:04 AM,Property Damage,No Injuries,0,0,0,0,0,1,Parked Motor Vehicle,9,N,N,Unable to Determine,Failing to Reduce Speed to Avoid Crash,Darkness,Snow,Snow or Slush,N,,,,,No Controls,No Controls,Y,2,41.8992076,-87.802382,ok,(UNK),1,2400232,2024,,18,28,50000 and OVER,9,4295,Oak Park,C,Urban Local Road or Street,,16,13,12498831,1,Cook,0,24,,,6,N,No,Free Flow,202401030916,City,4,0,N,,,,(UNK),28224,(N/A),(UNK),No Defects,1,3,Local Road or Street,7,,X003299741,Not Toll,73,1,1,Not Divided,1,2940239.13650977,1914665.25985955,41.89919973,-87.80237619,,Urban,3,N,(N/A),Y,(N/A)
2024,2024-12-16,Monday,11,11:46 AM,Property Damage,No Injuries,0,0,0,0,0,4,Angle,15,N,N,Disregarding Stop Sign,Failing to Reduce Speed to Avoid Crash,Daylight,Clear,Dry,Y,,,,,Stop Sign,Functioning Properly,N,3,41.87638,-87.7794,ok,(UNK),1,2407521,2024,,23,28,50000 and OVER,9,4295,Oak Park,C,Urban Minor Collector,,16,16,12912672,12,Cook,0,24,,,1,N,Yes,Free Flow,202401413579,City,1,0,N,,,,(UNK),28387,(N/A),(UNK),No Defects,1,1,Minor Collector,6,,X003662782,Not Toll,,2,4,Divided With Median Barrier,3,2946727.71704537,1906519.82049796,41.87638,-87.7794,,Urban,1,N,(N/A),Y,(N/A)
2024,2024-12-13,Friday,10,10:00 AM,Property Damage,No Injuries,0,0,0,0,0,2,Sideswipe Same Direction,12,N,N,Improper Overtaking/Passing,Driving On Wrong Side/Wrong Way,Daylight,Clear,Dry,N,,,,,Other Regualtory Sig,Functioning Properly,Y,2,41.8726974,-87.7961628,ok,Partial Access Control,3,03-24-24383,2024,,4,5,50000 and OVER,9,4295,Oak Park,C,Urban InterState,,16,13,12912810,12,Cook,0,24,,,5,N,No,(UNK),202401413696,ISP,1,8.09000015,Y,,,,(UNK),28456,(N/A),(UNK),No Defects,1,1,InterState,1,290,X003662889,Not Toll,73,10,4,Divided With Median Barrier,3,2942199.3591777,1905051.20238527,41.87268954,-87.79615704,,Urban,1,N,(N/A),Y,(N/A)
2024,2024-12-06,Friday,8,08:06 AM,Property Damage,No Injuries,0,0,0,0,0,1,Turning,10,N,N,Improper Turning/No Signal,Failing to Reduce Speed to Avoid Crash,Daylight,Clear,Dry,N,,,,,No Controls,No Controls,N,2,41.9085148,-87.7755782,ok,(UNK),1,2407328,2024,,6,28,50000 and OVER,9,4295,Oak Park,C,Urban Minor Arterial,,16,6,12912943,12,Cook,0,24,,,5,N,No,Free Flow,202401413854,City,1,5.61000013,N,,,,(UNK),28550,(N/A),(UNK),No Defects,1,1,Minor Arterial,4,2790,X003663012,Not Toll,,1,1,Not Divided,1,2947442.09648691,1918259.34299116,41.90850691,-87.77557237,,Urban,1,N,(N/A),Y,(N/A)
2024,2024-12-11,Wednesday,9,09:53 AM,Property Damage,No Injuries,0,0,0,0,0,2,Rear to Front,18,N,N,Equipment-Vehicle Condition,Unable to Determine,Daylight,Cloudy/Overcast,Dry,N,,,,,No Controls,No Controls,N,2,41.88344,-87.78453,ok,(UNK),1,2407425,2024,,10,18,50000 and OVER,9,4295,Oak Park,C,Urban Major Collector,,16,11,12912944,12,Cook,0,24,,,3,N,No,Slow,202401413855,City,1,1.27999997,N,,,,(UNK),28551,(N/A),(UNK),No Defects,1,1,Major Collector,5,2783,X003663013,Not Toll,,1,1,Not Divided,1,2945259.08645242,1909053.77496102,41.88344,-87.78453,,Urban,8,N,(N/A),Y,(N/A)
2024,2024-12-14,Saturday,20,08:27 PM,Property Damage,No Injuries,0,0,0,0,0,5,Rear to Front,18,N,N,Unable to Determine,(N/A),Darkness / Lighted Road,Rain,Dry,Y,,,,,No Controls,No Controls,Y,2,41.8763978,-87.7745058,ok,(UNK),1,2407494,2024,,18,99,50000 and OVER,9,4295,Oak Park,C,Urban Minor Arterial,,16,14,12912946,12,Cook,0,24,,,6,N,No,Free Flow,202401413858,City,5,7.94000006,N,,,,(UNK),28552,(N/A),(UNK),No Defects,1,1,Minor Arterial,4,2790,X003663014,Not Toll,,1,1,Not Divided,1,2948060.49786875,1906563.45663317,41.87639,-87.7745,,Urban,2,N,(N/A),Y,(N/A)
2024,2024-12-14,Saturday,18,06:48 PM,Property Damage,No Injuries,0,0,0,0,0,2,Parked Motor Vehicle,9,N,N,Failing to Reduce Speed to Avoid Crash,Unable to Determine,Darkness / Lighted Road,Rain,Wet,N,,,,,No Controls,No Controls,N,3,41.8983649,-87.7754625,ok,(UNK),1,2407487,2024,,28,18,50000 and OVER,9,4295,Oak Park,C,Urban Local Road or Street,,16,14,12912998,12,Cook,0,24,,,6,N,No,Free Flow,202401413916,City,5,0,N,,,,(UNK),28577,(N/A),(UNK),No Defects,1,2,Local Road or Street,7,,X003663061,Not Toll,73,1,1,Not Divided,1,2947576.74608961,1914561.4172626,41.89835707,-87.77545668,,Urban,2,N,(N/A),Y,(N/A)
2024,2024-12-17,Tuesday,13,01:32 PM,Property Damage,No Injuries,0,0,0,0,0,1,Parked Motor Vehicle,9,N,N,Improper Backing,Driving Skills/Knowledge/Experience,Daylight,Cloudy/Overcast,Dry,N,,,,,No Controls,No Controls,N,2,41.89018,-87.7946,ok,(UNK),1,2407542,2024,,30,15,50000 and OVER,9,4295,Oak Park,C,Urban Major Collector,,16,17,12913038,12,Cook,0,24,,,2,N,No,Free Flow,202401413961,City,1,0,N,,,,(UNK),28609,(N/A),(UNK),No Defects,1,1,Major Collector,5,,X003663100,Not Toll,,1,1,Not Divided,1,2942448.8442952,1911433.95529796,41.89018,-87.7946,,Urban,8,N,(N/A),Y,(N/A)
2024,2024-01-23,Tuesday,16,04:55 PM,Property Damage,No Injuries,0,0,0,0,0,2,Front to Rear,11,N,N,Failing to Reduce Speed to Avoid Crash,Following Too Closely,Darkness / Lighted Road,Clear,Wet,N,,,,,Other Regualtory Sig,Functioning Properly,Y,2,41.8719572,-87.7843603,ok,Partial Access Control,3,03-24-01557,2024,,28,3,50000 and OVER,9,4295,Oak Park,C,Urban InterState,,16,23,12499681,1,Cook,0,24,,,2,N,No,(UNK),202401031667,ISP,5,320.91000366,Y,,,,(UNK),29475,(N/A),(UNK),No Defects,1,2,InterState,1,5110,X003300521,Not Toll,73,10,4,Divided With Median Barrier,3,2945421.5,1904870.5,41.87194932,-87.78435455,,Urban,1,N,(N/A),Y,(N/A)
2024,2024-02-01,Thursday,7,07:57 AM,Property Damage,No Injuries,0,0,0,0,0,2,Sideswipe Same Direction,12,N,N,Improper Lane Usage,Failing to Reduce Speed to Avoid Crash,Daylight,Clear,Dry,N,,,,,No Controls,No Controls,N,2,41.8930478,-87.8051858,ok,(UNK),1,2400591,2024,,20,28,50000 and OVER,9,4295,Oak Park,C,Urban Other Principal Arte,,16,1,12512059,2,Cook,0,24,,,4,N,No,Free Flow,202401042023,City,1,18.75,Y,,,,(UNK),30684,(N/A),(UNK),No Defects,1,1,Other Principal Arterial,3,348,X003310854,Not Toll,73,1,1,Not Divided,1,2939537.59496709,1912399.50303192,41.89304,-87.80518,,Urban,1,N,(N/A),Y,(N/A)
2024,2024-02-01,Thursday,15,03:20 PM,Property Damage,No Injuries,0,0,0,0,0,3,Angle,15,N,N,Disregarding Stop Sign,Failing to Yield Right of Way,Daylight,Clear,Dry,Y,,,,,Stop Sign,Functioning Properly,N,2,41.8715878,-87.7890758,ok,(UNK),1,2400602,2024,,23,2,50000 and OVER,9,4295,Oak Park,C,Urban Minor Collector,,16,1,12512072,2,Cook,0,24,,,4,N,No,Free Flow,202401042035,City,1,0,N,,,,(UNK),30696,(N/A),(UNK),No Defects,1,1,Minor Collector,6,290,X003310866,Not Toll,73,2,4,Not Divided,1,2944140.86561617,1904700.28417843,41.87158,-87.78907,,Urban,1,N,(N/A),Y,(N/A)
2024,2024-02-01,Thursday,15,03:28 PM,Property Damage,No Injuries,0,0,0,0,0,4,Front to Rear,11,N,N,Failing to Reduce Speed to Avoid Crash,Following Too Closely,Daylight,Clear,Dry,N,,,,,No Controls,No Controls,N,3,41.8944464,-87.7928967,ok,(UNK),1,2400603,2024,,28,3,50000 and OVER,9,4295,Oak Park,C,Urban Minor Arterial,,16,1,12512073,2,Cook,0,24,,,4,N,No,Slow,202401042036,City,1,3.20000005,N,,,,(UNK),30697,(N/A),(UNK),No Defects,1,1,Minor Arterial,4,1398,X003310867,Not Toll,73,1,1,"Divided, No Median Barrier",2,2942869.61008202,1913001.54141222,41.89443854,-87.7928909,,Urban,1,N,(N/A),Y,(N/A)
2024,2024-02-01,Thursday,18,06:56 PM,Property Damage,No Injuries,0,0,0,0,0,2,Angle,15,N,N,Failing to Reduce Speed to Avoid Crash,Unable to Determine,Darkness / Lighted Road,Clear,Dry,Y,,,,,Stop Sign,Functioning Properly,N,2,41.8707779,-87.7792173,ok,(UNK),1,2400614,2024,,28,18,50000 and OVER,9,4295,Oak Park,C,Urban Minor Collector,,16,1,12512088,2,Cook,0,24,,,4,N,No,Free Flow,202401042050,City,5,0,N,,,,(UNK),30706,(N/A),(UNK),No Defects,1,1,Minor Collector,6,290,X003310881,Not Toll,73,2,4,"Divided, No Median Barrier",2,2946834.29359645,1904479.69462402,41.87077005,-87.7792115,,Urban,1,N,(N/A),Y,(N/A)
2024,2024-12-17,Tuesday,18,06:01 PM,Property Damage,No Injuries,0,0,0,0,0,3,Sideswipe Same Direction,12,N,N,Failing to Reduce Speed to Avoid Crash,Driving Skills/Knowledge/Experience,Darkness / Lighted Road,Clear,Dry,N,,,,,Traffic Signal,Functioning Properly,N,2,41.8736416,-87.8045258,ok,Partial Access Control,1,2407549,2024,,28,15,50000 and OVER,9,4295,Oak Park,C,Urban InterState,,16,17,12914088,12,Cook,0,24,,,2,N,No,Slow,202401415152,City,5,20.09000015,Y,,,,(UNK),31042,(N/A),(UNK),No Defects,1,1,InterState,1,348,X003664099,Not Toll,73,3,4,Not Divided,1,2939912.062394,1905332.46992192,41.87363377,-87.80452,,Urban,1,N,(N/A),Y,(N/A)
2024,2024-12-17,Tuesday,12,12:12 PM,Property Damage,No Injuries,0,0,0,0,0,2,Turning,10,N,N,Failing to Yield Right of Way,Failing to Reduce Speed to Avoid Crash,Daylight,Clear,Dry,Y,,,,,No Controls,No Controls,N,2,41.894667,-87.7783886,ok,(UNK),1,2407538,2024,,2,28,50000 and OVER,9,4295,Oak Park,C,Urban Minor Arterial,,16,17,12914089,12,Cook,0,24,,,2,N,No,Free Flow,202401415153,City,1,3.96000004,N,,,,(UNK),31043,(N/A),(UNK),No Defects,1,1,Minor Arterial,4,1398,X003664100,Not Toll,73,1,1,T-Intersection,15,2946817.60128093,1913191.63400112,41.89465919,-87.77838283,,Urban,1,N,(N/A),Y,(N/A)
2024,2024-12-17,Tuesday,13,01:55 PM,Injury,B Injury Crash,1,0,0,1,0,1,Front to Rear,11,N,N,Failing to Reduce Speed to Avoid Crash,(N/A),Daylight,Clear,Dry,N,,,,,Traffic Signal,Functioning Properly,N,2,41.8798694,-87.7844362,ok,(UNK),1,2407543,2024,,28,99,50000 and OVER,9,4295,Oak Park,C,Urban Minor Arterial,,16,17,12914093,12,Cook,2,24,,,2,N,No,Free Flow,202401415157,City,1,4.11000013,N,,,,(UNK),31047,(N/A),(UNK),No Defects,1,1,Minor Arterial,4,1419,X003664104,Not Toll,73,3,4,"Divided, No Median Barrier",2,2945320.76105386,1907753.28746286,41.87986154,-87.78443043,,Urban,1,N,(N/A),Y,(N/A)
2024,2024-12-17,Tuesday,15,03:31 PM,Property Damage,No Injuries,0,0,0,0,0,3,Parked Motor Vehicle,9,N,N,Improper Lane Usage,Driving Skills/Knowledge/Experience,Daylight,Cloudy/Overcast,Dry,N,,,,,No Controls,No Controls,N,2,41.8878046,-87.7971369,ok,(UNK),1,2407544,2024,,20,15,50000 and OVER,9,4295,Oak Park,C,Urban Local Road or Street,,16,17,12914094,12,Cook,0,24,,,2,N,No,Free Flow,202401415158,City,1,0,N,,,,(UNK),31048,(N/A),(UNK),No Defects,1,1,Local Road or Street,7,,X003664105,Not Toll,73,1,1,Not Divided,1,2941781.97164886,1910549.23122581,41.88779679,-87.7971311,,Urban,8,N,(N/A),Y,(N/A)
2024,2024-12-17,Tuesday,15,03:48 PM,Property Damage,No Injuries,0,0,0,0,0,5,Parked Motor Vehicle,9,N,N,Improper Lane Usage,(N/A),Daylight,Clear,Dry,N,,,,,No Controls,No Controls,N,2,41.8833859,-87.7973975,ok,(UNK),1,2407546,2024,,20,99,50000 and OVER,9,4295,Oak Park,C,Urban Local Road or Street,,16,17,12914097,12,Cook,0,24,,,2,N,No,Slow,202401415161,City,1,0,N,,,,(UNK),31049,(N/A),(UNK),No Defects,1,1,Local Road or Street,7,,X003664107,Not Toll,73,1,1,Not Divided,1,2941755.48340406,1908936.99239341,41.88337803,-87.79739173,,Urban,1,N,(N/A),Y,(N/A)
2024,2024-12-18,Wednesday,10,10:00 AM,Property Damage,No Injuries,0,0,0,0,0,2,Turning,10,N,N,Failing to Yield Right of Way,Failing to Reduce Speed to Avoid Crash,Daylight,Clear,Dry,N,,,,,No Controls,No Controls,N,2,41.8815397,-87.7973179,ok,(UNK),1,2407560,2024,,2,28,50000 and OVER,9,4295,Oak Park,C,Urban Major Collector,,16,18,12915063,12,Cook,0,24,,,3,N,No,Free Flow,202401415872,City,1,0.38,N,,,,(UNK),31659,(N/A),(UNK),No Defects,1,1,Major Collector,5,5,X003664726,Not Toll,73,1,1,T-Intersection,15,2941795.74173776,1908264.81457438,41.88153186,-87.79731214,,Urban,1,N,(N/A),Y,(N/A)
2024,2024-12-19,Thursday,14,02:00 PM,Property Damage,No Injuries,0,0,0,0,0,2,Front to Rear,11,N,N,Failing to Reduce Speed to Avoid Crash,Unable to Determine,Daylight,Clear,Dry,N,,,,,No Controls,No Controls,Y,2,41.9089853,-87.8017075,ok,(UNK),1,JH548895,2024,,28,18,50000 and OVER,9,4295,Oak Park,C,Urban Other Principal Arte,,16,19,12915337,12,Cook,0,24,,,4,N,No,Free Flow,202401416138,City,1,6.13000011,Y,,,,(UNK),31834,(N/A),(UNK),No Defects,1,1,Other Principal Arterial,3,307,X003664985,Not Toll,,1,1,"Divided, No Median Barrier",2,2940324.5,1918233.5,41.90897741,-87.80170165,,Urban,1,N,(N/A),Y,(N/A)
2024,2024-12-19,Thursday,12,12:30 PM,Property Damage,No Injuries,0,0,0,0,0,1,Fixed Object,6,N,N,Disregarding Other Traffic Signs,Failing to Reduce Speed to Avoid Crash,Daylight,Cloudy/Overcast,Dry,N,,,,,Other Regualtory Sig,Functioning Properly,N,1,41.8871221,-87.7846544,ok,(UNK),1,2407586,2024,,24,28,50000 and OVER,9,4295,Oak Park,C,Urban Major Collector,,16,19,12917234,12,Cook,0,24,TRAIN OVERPASS,,4,N,No,Free Flow,202401418133,City,1,1.01999998,N,,,,(UNK),33151,(N/A),(UNK),No Defects,1,1,Major Collector,5,2783,X003666776,Not Toll,73,10,4,Other,8,2945187.9336352,1910394.64316104,41.88711421,-87.78464864,,Urban,8,N,(N/A),Y,(N/A)
2024,2024-12-19,Thursday,9,09:23 AM,Property Damage,No Injuries,0,0,0,0,0,2,Sideswipe Same Direction,12,N,N,Improper Overtaking/Passing,Unable to Determine,Daylight,Cloudy/Overcast,Dry,Y,,,,,Traffic Signal,Functioning Properly,N,2,41.8942278,-87.8052237,ok,(UNK),1,2407582,2024,,4,18,50000 and OVER,9,4295,Oak Park,C,Urban Other Principal Arte,,16,19,12917235,12,Cook,0,24,,,4,N,No,Slow,202401418134,City,1,18.67000008,Y,,,,(UNK),33152,(N/A),(UNK),No Defects,1,1,Other Principal Arterial,3,348,X003666777,Not Toll,73,3,4,Four Way,14,2939515.42776609,1912829.2329683,41.89422,-87.80521792,,Urban,8,N,(N/A),Y,(N/A)
2024,2024-12-19,Thursday,17,05:10 PM,Property Damage,No Injuries,0,0,0,0,0,2,Rear to Side,16,N,N,Improper Backing,(N/A),Darkness,Clear,Dry,N,,,,,No Controls,No Controls,N,2,41.8872083,-87.8015561,ok,(UNK),1,2407593,2024,,30,99,50000 and OVER,9,4295,Oak Park,C,Urban Major Collector,,16,19,12917236,12,Cook,0,24,,,4,N,No,Slow,202401418135,City,4,0.16,N,,,,(UNK),33153,(N/A),(UNK),No Defects,1,1,Major Collector,5,1405,X003666778,Not Toll,73,1,1,One-Way,10,2940584.59341205,1910298.69471708,41.88720044,-87.80155029,,Urban,1,N,(N/A),Y,(N/A)
2024,2024-12-19,Thursday,18,06:05 PM,Property Damage,No Injuries,0,0,0,0,0,2,Front to Rear,11,N,N,Following Too Closely,Failing to Reduce Speed to Avoid Crash,Darkness / Lighted Road,Snow,Snow or Slush,N,,,,,No Controls,No Controls,N,2,41.8799234,-87.7819568,ok,(UNK),1,2407596,2024,,3,28,50000 and OVER,9,4295,Oak Park,C,Urban Minor Arterial,,16,19,12917237,12,Cook,0,24,,,4,N,No,Slow,202401418136,City,5,4.25,N,,,,(UNK),33154,(N/A),(UNK),No Defects,1,3,Minor Arterial,4,1419,X003666779,Not Toll,73,1,1,Not Divided,1,2945995.4616959,1907791.72452694,41.87991553,-87.78195101,,Urban,3,N,(N/A),Y,(N/A)
2024,2024-12-22,Sunday,1,01:45 AM,Property Damage,No Injuries,0,0,0,0,0,2,Turning,10,N,N,Failing to Yield Right of Way,(N/A),Darkness / Lighted Road,Clear,Dry,N,,,,,Stop Sign,Functioning Properly,N,2,41.8706418,-87.7742872,ok,(UNK),1,JH551600,2024,,2,99,50000 and OVER,9,4295,Oak Park,C,Urban Minor Arterial,,16,22,12918109,12,Cook,0,24,,,7,N,No,Free Flow,202401418972,City,5,8.39000034,N,,,,(UNK),33790,(N/A),(UNK),No Defects,1,1,Minor Arterial,4,2790,X003667609,Not Toll,,2,4,Not Divided,1,2948178.52583295,1904467.50111895,41.87063394,-87.77428142,,Urban,1,N,(N/A),Y,(N/A)
2024,2024-12-21,Saturday,9,09:31 AM,Injury,C Injury Crash,1,0,0,0,1,1,Angle,15,N,N,Failing to Yield Right of Way,Failing to Reduce Speed to Avoid Crash,Daylight,Clear,Dry,Y,,,,,Stop Sign,Functioning Properly,N,2,41.8801059,-87.7779379,ok,(UNK),1,2407618,2024,,2,28,50000 and OVER,9,4295,Oak Park,C,Urban Local Road or Street,,16,21,12918205,12,Cook,1,24,LIGHT POLE,,6,N,No,Free Flow,202401419069,City,1,0,N,,,,(UNK),33860,(N/A),(UNK),No Defects,1,1,Local Road or Street,7,,X003667704,Not Toll,73,2,4,Two-way Continuous Left-Tur,4,2947088.12713177,1907888.69058034,41.88009805,-87.77793207,,Urban,1,N,(N/A),Y,(N/A)
2024,2024-01-10,Wednesday,8,08:10 AM,Property Damage,No Injuries,0,0,0,0,0,2,Front to Rear,11,N,N,Following Too Closely,Driving Skills/Knowledge/Experience,Daylight,Clear,Wet,N,,,,,No Controls,No Controls,N,2,41.8712265,-87.7742958,ok,Partial Access Control,3,03-24-00495,2024,,3,15,50000 and OVER,9,4295,Oak Park,C,Urban Minor Arterial,,16,10,12483284,1,Cook,0,24,,,3,N,No,(UNK),202401017076,ISP,1,8.35000038,N,,,,(UNK),34088,(N/A),(UNK),No Defects,1,2,Minor Arterial,4,2790,X003285640,Not Toll,,1,1,Divided With Median Barrier,3,2948170.24710538,1904680.52084782,41.87121866,-87.77429,,Urban,1,N,(N/A),Y,(N/A)
2024,2024-12-07,Saturday,18,06:20 PM,Property Damage,No Injuries,0,0,0,0,0,2,Front to Rear,11,N,N,Operating Vehicle In Reckless Manner,Improper Lane Usage,Dusk,Clear,Dry,N,,,,,No Controls,No Controls,Y,2,41.8755379,-87.8045828,ok,(UNK),1,24-04041,2024,,50,20,50000 and OVER,9,4295,Oak Park,C,Urban Other Principal Arte,,16,7,12919061,12,Cook,0,24,,,6,N,No,Free Flow,202401419745,City,3,19.95999908,Y,,,,(UNK),34750,(N/A),(UNK),No Defects,1,1,Other Principal Arterial,3,348,X003668370,Not Toll,73,1,1,"Divided, No Median Barrier",2,2939877.5163395,1906023.09158175,41.87553008,-87.80457698,,Urban,1,N,(N/A),Y,(N/A)
2024,2024-01-11,Thursday,20,08:30 PM,Property Damage,No Injuries,0,0,0,0,0,2,Sideswipe Same Direction,12,N,N,Improper Lane Usage,Driving Skills/Knowledge/Experience,Darkness / Lighted Road,Clear,Dry,Y,,,,,Traffic Signal,Functioning Properly,N,2,41.9087755,-87.8057823,ok,(UNK),1,JH112966,2024,,20,15,50000 and OVER,9,4295,Oak Park,C,Urban Other Principal Arte,,16,11,12483731,1,Cook,0,24,,,4,N,No,Slow,202401017482,City,5,5.92000008,Y,,,,(UNK),35103,(N/A),(UNK),No Defects,1,1,Other Principal Arterial,3,307,X003286071,Not Toll,73,3,4,Divided With Median Barrier,3,2939217.35690514,1918126.49010069,41.90876766,-87.80577653,,Urban,1,N,(N/A),Y,(N/A)
2024,2024-01-11,Thursday,16,04:14 PM,Property Damage,No Injuries,0,0,0,0,0,2,Front to Rear,11,N,N,Following Too Closely,Failing to Reduce Speed to Avoid Crash,Darkness / Lighted Road,Clear,Dry,N,,,,,Other,Functioning Properly,N,2,41.8735011,-87.8045195,ok,Partial Access Control,3,03-24-00598,2024,,3,28,50000 and OVER,9,4295,Oak Park,C,Urban InterState,,16,11,12483735,1,Cook,0,24,,,4,N,No,(UNK),202401017486,ISP,5,7.69999981,Y,,,,(UNK),35105,(N/A),(UNK),No Defects,1,1,InterState,1,290,X003286075,Not Toll,73,13,4,Divided With Median Barrier,3,2939915.19483379,1905281.29767698,41.87349322,-87.80451368,,Urban,1,N,(N/A),Y,(N/A)