crash_year,crash_date,day_of_week,crash_hour,time_of_crash,crash_severity,crash_injury_severity,total_injured,total_fatals,a_injuries,b_injuries,c_injuries,no_injuries,type_of_first_crash,collision_type_code,pedestrian_involved,pedalcyclist_involved,cause1,cause2,lighting_cond,weather_cond,road_surface_cond,intersection_related,is_intersection,highway_or_street_name,at_intersection_with,address_no,traffic_control_device,traffic_control_device_cond,hit_and_run,number_of_vehicles,latitude,longitude,location_status,access_control,agency_code,agency_report_number,agency_report_year,alignment_code,cause1_code,cause2_code,city_class,city_class_code,city_code,city_name,city_township_flag,class_of_trafficway,class_of_trafficway_code,county_code,crash_day,crash_id,crash_month,crash_report_county,crash_severity_cd,crash_yr_source,damaged_property1,damaged_property2,day_of_week_code,did_crash_occur_in_work_zone,did_involve_secondary_crash,flow_condition,icn,investigating_agency_descrip,light_condition_code,mile_station,nhs,non_intersection_direction,non_intersection_distance,non_intersection_units,number_of_lanes,objectid,railroad_crossing_number,road_alignment,road_defects,road_defects_code,road_surface_condition_code,roadway_functional_class,roadway_functional_class_code,route_number,sfe,toll,township,traffic_control_device_code,traffic_control_device_cond_code,trafficway_descrip,trafficway_description_code,ts_crash_coordinate_x,ts_crash_coordinate_y,ts_crash_latitude,ts_crash_longitude,type_report,urban_rural,weather_code,were_workers_present,work_zone,work_zone_related,work_zone_type
2024,2024-01-22,Monday,19,07:20 PM,Property Damage,No Injuries,0,0,0,0,0,1,Parked Motor Vehicle,9,N,N,Failing to Reduce Speed to Avoid Crash,(N/A),Darkness / Lighted Road,Freezing Rain or,Ice,N,,,,,Stop Sign,Functioning Properly,N,2,41.8878784,-87.804147,ok,(UNK),1,2400407,2024,,28,99,50000 and OVER,9,4295,Oak Park,C,Urban Local Road or Street,,16,22,12499991,1,Cook,0,24,,,1,N,No,Free Flow,202401031932,City,5,0,N,,,,(UNK),35762,(N/A),(UNK),No Defects,1,4,Local Road or Street,7,,X003300796,Not Toll,73,2,4,Not Divided,1,2939872.32836335,1910523.46354068,41.88787059,-87.80414124,,Urban,10,N,(N/A),Y,(N/A)
2024,2024-01-23,Tuesday,7,07:38 AM,Property Damage,No Injuries,0,0,0,0,0,2,Other Object,7,N,N,Failing to Reduce Speed to Avoid Crash,Weather,Daylight,Rain,Ice,N,,,,,No Controls,No Controls,N,1,41.8944478,-87.7928063,ok,(UNK),1,2400413,2024,,28,11,50000 and OVER,9,4295,Oak Park,C,Urban Minor Arterial,,16,23,12499995,1,Cook,0,24,LIGHT POLE,,2,N,No,Slow,202401031935,City,1,3.20000005,N,,,,(UNK),35763,(N/A),(UNK),No Defects,1,4,Minor Arterial,4,1398,X003300799,Not Toll,73,1,1,"Divided, No Median Barrier",2,2942894.20192811,1913002.75067244,41.89443999,-87.79280053,,Urban,2,N,(N/A),Y,(N/A)
2024,2024-01-22,Monday,22,10:39 PM,Property Damage,No Injuries,0,0,0,0,0,2,Parked Motor Vehicle,9,N,N,Failing to Reduce Speed to Avoid Crash,Weather,Darkness / Lighted Road,Freezing Rain or,Ice,N,,,,,No Controls,No Controls,N,2,41.8781123,-87.7823229,ok,(UNK),1,2400411,2024,,28,11,50000 and OVER,9,4295,Oak Park,C,Urban Local Road or Street,,16,22,12500443,1,Cook,0,24,,,1,N,No,Free Flow,202401032356,City,5,0,N,,,,(UNK),36046,(N/A),(UNK),No Defects,1,4,Local Road or Street,7,,X003301209,Not Toll,73,1,1,Not Divided,1,2945914.09861922,1907128.94862686,41.87810442,-87.78231713,,Urban,10,N,(N/A),Y,(N/A)
2024,2024-01-22,Monday,21,09:00 PM,Property Damage,No Injuries,0,0,0,0,0,1,Parked Motor Vehicle,9,N,N,Weather,Failing to Reduce Speed to Avoid Crash,Daylight,Freezing Rain or,Ice,Y,,,,,No Controls,No Controls,N,2,41.8997144,-87.8054454,ok,(UNK),1,2400415,2024,,11,28,50000 and OVER,9,4295,Oak Park,C,Urban Other Principal Arte,,16,22,12500455,1,Cook,0,24,,,1,N,No,Slow,202401032368,City,1,18.28000069,Y,,,,(UNK),36052,(N/A),(UNK),No Defects,1,4,Other Principal Arterial,3,348,X003301221,Not Toll,73,1,1,Four Way,14,2939400.01912675,1914826.96963368,41.89970654,-87.80543958,,Urban,10,N,(N/A),Y,(N/A)
2024,2024-01-23,Tuesday,13,01:59 PM,Injury,C Injury Crash,1,0,0,0,1,1,Pedestrian,1,Y,N,Failing to Yield Right of Way,Failing to Reduce Speed to Avoid Crash,Daylight,Rain,Snow or Slush,N,,,,,No Controls,No Controls,N,1,41.8885872,-87.8044556,ok,(UNK),1,2400419,2024,,2,28,50000 and OVER,9,4295,Oak Park,C,Urban Major Collector,,16,23,12500487,1,Cook,1,24,,,2,N,No,Slow,202401032398,City,1,0,N,,,,(UNK),36072,(N/A),(UNK),No Defects,1,3,Major Collector,5,,X003301251,Not Toll,73,1,1,"Divided, No Median Barrier",2,2939781.18597386,1910779.45039997,41.88857939,-87.80444982,,Urban,2,N,(N/A),Y,(N/A)
2024,2024-12-23,Monday,13,01:50 PM,Property Damage,No Injuries,0,0,0,0,0,2,Sideswipe Same Direction,12,N,N,Failing to Yield Right of Way,Improper Lane Usage,Daylight,Clear,Dry,N,,,,,Other Regualtory Sig,Functioning Properly,N,2,41.8716179,-87.780478,ok,Partial Access Control,3,03-24-25213,2024,,2,20,50000 and OVER,9,4295,Oak Park,C,Urban InterState,,16,23,12920371,12,Cook,0,24,,,1,N,No,(UNK),202401421074,ISP,1,8.89000034,Y,,,,(UNK),36738,(N/A),(UNK),No Defects,1,1,InterState,1,290,X003669614,Not Toll,73,10,4,Divided With Median Barrier,3,2946482.40196078,1904776.24688057,41.87161003,-87.78047216,,Urban,1,N,(N/A),Y,(N/A)
2024,2024-12-20,Friday,18,06:04 PM,Property Damage,No Injuries,0,0,0,0,0,2,Turning,10,N,N,Failing to Yield Right of Way,Failing to Reduce Speed to Avoid Crash,Darkness,Clear,Dry,Y,,,,,No Controls,No Controls,N,2,41.9070579,-87.8057246,ok,(UNK),1,2407612,2024,,2,28,50000 and OVER,9,4295,Oak Park,C,Urban Other Principal Arte,,16,20,12920764,12,Cook,0,24,,,5,N,No,Slow,202401421446,City,4,17.78000069,Y,,,,(UNK),37026,(N/A),(UNK),No Defects,1,1,Other Principal Arterial,3,348,X003669981,Not Toll,73,1,1,"Divided, No Median Barrier",2,2939250.32187251,1917500.97946484,41.90705001,-87.80571876,,Urban,1,N,(N/A),Y,(N/A)
2024,2024-12-20,Friday,14,02:27 PM,Injury,C Injury Crash,1,0,0,0,1,1,Angle,15,N,N,Failing to Yield Right of Way,(N/A),Daylight,Clear,Dry,Y,,,,,No Controls,No Controls,N,2,41.8943378,-87.7991461,ok,(UNK),1,2407613,2024,,2,99,50000 and OVER,9,4295,Oak Park,C,Urban Minor Arterial,,16,20,12920765,12,Cook,1,24,,,5,N,No,Slow,202401421447,City,1,2.86999989,N,,,,(UNK),37027,(N/A),(UNK),No Defects,1,1,Minor Arterial,4,1398,X003669982,Not Toll,73,1,1,Not Divided,1,2941169.12748933,1912914.94382525,41.89432999,-87.79914031,,Urban,1,N,(N/A),Y,(N/A)
2024,2024-12-21,Saturday,17,05:33 PM,Property Damage,No Injuries,0,0,0,0,0,1,Parked Motor Vehicle,9,N,N,Unable to Determine,Unable to Determine,Unknown,Unknown,Unknown,N,,,,,Stop Sign,Functioning Properly,Y,2,41.8801877,-87.7779396,ok,(UNK),1,2407630,2024,,18,18,50000 and OVER,9,4295,Oak Park,C,Urban Local Road or Street,,16,21,12920766,12,Cook,0,24,,,6,N,No,Free Flow,202401421448,City,9,0,N,,,,(UNK),37028,(N/A),(UNK),No Defects,1,9,Local Road or Street,7,,X003669983,Not Toll,73,2,4,Not Divided,1,2947086.81626475,1907918.50014385,41.88017988,-87.77793383,,Urban,9,N,(N/A),Y,(N/A)
2024,2024-12-23,Monday,23,11:08 PM,Property Damage,No Injuries,0,0,0,0,0,2,Front to Rear,11,N,N,Failing to Reduce Speed to Avoid Crash,Following Too Closely,Darkness,Clear,Dry,Y,,,,,No Controls,No Controls,N,2,41.8759845,-87.8046101,ok,(UNK),1,24-04227,2024,,28,3,50000 and OVER,9,4295,Oak Park,C,Urban Other Principal Arte,,16,23,12920806,12,Cook,0,24,,,1,N,No,Free Flow,202401421489,City,4,19.93000031,Y,,,,(UNK),37055,(N/A),(UNK),No Defects,1,1,Other Principal Arterial,3,348,X003670023,Not Toll,73,1,1,"Divided, No Median Barrier",2,2939865.60394427,1906185.6425531,41.8759767,-87.80460426,,Urban,1,N,(N/A),Y,(N/A)
2024,2024-12-20,Friday,14,02:22 PM,Property Damage,No Injuries,0,0,0,0,0,2,Turning,10,N,N,Failing to Yield Right of Way,Failing to Reduce Speed to Avoid Crash,Daylight,Clear,Dry,Y,,,,,No Controls,No Controls,N,2,41.88811,-87.77814,ok,(UNK),1,2407608,2024,,2,28,50000 and OVER,9,4295,Oak Park,C,Urban Major Collector,,16,20,12921005,12,Cook,0,24,,,5,N,No,Free Flow,202401421689,City,1,0,N,,,,(UNK),37188,(N/A),(UNK),No Defects,1,1,Major Collector,5,,X003670209,Not Toll,,1,1,"Divided, No Median Barrier",2,2946951.84881948,1910804.00620975,41.88811,-87.77814,,Urban,1,N,(N/A),Y,(N/A)
2024,2024-12-20,Friday,19,07:37 PM,Property Damage,No Injuries,0,0,0,0,0,2,Sideswipe Same Direction,12,N,N,Failing to Reduce Speed to Avoid Crash,Driving Skills/Knowledge/Experience,Darkness / Lighted Road,Clear,Dry,N,,,,,Stop Sign,No Controls,N,2,41.87905,-87.80235,ok,(UNK),1,2407615,2024,,28,15,50000 and OVER,9,4295,Oak Park,C,Urban Local Road or Street,,16,20,12921016,12,Cook,0,24,,,5,N,No,Slow,202401421701,City,5,0,N,,,,(UNK),37194,(N/A),(UNK),No Defects,1,1,Local Road or Street,7,,X003670219,Not Toll,,2,1,Not Divided,1,2940450.35647708,1907319.70646084,41.87905,-87.80235,,Urban,1,N,(N/A),Y,(N/A)
2024,2024-12-20,Friday,18,06:00 PM,Property Damage,No Injuries,0,0,0,0,0,7,Front to Rear,11,N,N,Failing to Reduce Speed to Avoid Crash,(N/A),Darkness / Lighted Road,Unknown,Wet,N,,,,,Traffic Signal,Unknown,N,2,41.9091541,-87.7843546,ok,(UNK),1,2407624,2024,,28,99,50000 and OVER,9,4295,Oak Park,C,Urban Other Principal Arte,,16,20,12921019,12,Cook,0,24,,,5,N,No,Free Flow,202401421704,City,5,7.01999998,Y,,,,(UNK),37195,(N/A),(UNK),No Defects,1,2,Other Principal Arterial,3,307,X003670222,Not Toll,73,3,9,Not Divided,1,2945046.52689256,1918425.83684819,41.9091463,-87.78434875,,Urban,9,N,(N/A),Y,(N/A)
2024,2024-12-22,Sunday,8,08:18 AM,Property Damage,No Injuries,0,0,0,0,0,1,Parked Motor Vehicle,9,N,N,Improper Lane Usage,Failing to Reduce Speed to Avoid Crash,Daylight,Clear,Dry,N,,,,,No Controls,No Controls,N,2,41.89433,-87.79683,ok,(UNK),1,2407643,2024,,20,28,50000 and OVER,9,4295,Oak Park,C,Urban Minor Arterial,,16,22,12921023,12,Cook,0,24,,,7,N,No,Free Flow,202401421707,City,1,0,N,,,,(UNK),37197,(N/A),(UNK),No Defects,1,1,Minor Arterial,4,,X003670225,Not Toll,,1,1,"Divided, No Median Barrier",2,2941799.83195607,1912929.50620993,41.89433,-87.79683,,Urban,1,N,(N/A),Y,(N/A)
2024,2024-12-23,Monday,9,09:44 AM,Property Damage,No Injuries,0,0,0,0,0,2,Sideswipe Same Direction,12,N,N,Failing to Yield Right of Way,(N/A),Daylight,Clear,Dry,N,,,,,No Controls,No Controls,N,2,41.88688,-87.79443,ok,(UNK),1,2407661,2024,,2,99,50000 and OVER,9,4295,Oak Park,C,Urban Major Collector,,16,23,12921028,12,Cook,0,24,,,1,N,No,Slow,202401421712,City,1,0,N,,,,(UNK),37200,(N/A),(UNK),No Defects,1,1,Major Collector,5,,X003670230,Not Toll,,1,1,Divided With Median Barrier,3,2942528.39829827,1910232.65394326,41.88688,-87.79443,,Urban,1,N,(N/A),Y,(N/A)
2024,2024-12-21,Saturday,23,11:31 PM,Property Damage,No Injuries,0,0,0,0,0,4,Angle,15,N,N,(N/A),(N/A),Darkness / Lighted Road,Clear,Dry,N,,,,,Traffic Signal,Functioning Properly,Y,3,41.894718,-87.7751441,ok,(UNK),1,2407637,2024,,99,99,50000 and OVER,9,4295,Oak Park,C,Urban Minor Arterial,,16,21,12922487,12,Cook,0,24,,,6,N,No,Free Flow,202401423141,City,5,6.65999985,N,,,,(UNK),38148,(N/A),(UNK),No Defects,1,1,Minor Arterial,4,2790,X003671589,Not Toll,,3,4,Two-way Continuous Left-Tur,4,2947700.48476697,1913234.82746477,41.89471016,-87.77513834,,Urban,1,N,(N/A),Y,(N/A)
2024,2024-12-23,Monday,13,01:03 PM,Property Damage,No Injuries,0,0,0,0,0,2,Rear to Front,18,N,N,Improper Backing,Unable to Determine,Daylight,Cloudy/Overcast,Dry,N,,,,,Traffic Signal,Functioning Properly,N,2,41.88856,-87.79273,ok,(UNK),1,2407668,2024,,30,18,50000 and OVER,9,4295,Oak Park,C,Urban Major Collector,,16,23,12922491,12,Cook,0,24,,,1,N,No,Stopped,202401423145,City,1,0,N,,,,(UNK),38151,(N/A),(UNK),No Defects,1,1,Major Collector,5,,X003671593,Not Toll,,3,4,Not Divided,1,2942974.37931752,1910857.68624061,41.88856,-87.79273,,Urban,8,N,(N/A),Y,(N/A)
2024,2024-12-24,Tuesday,16,04:57 PM,Property Damage,No Injuries,0,0,0,0,0,2,Sideswipe Same Direction,12,N,N,Improper Overtaking/Passing,(N/A),Darkness / Lighted Road,Clear,Dry,N,,,,,No Controls,No Controls,Y,2,41.8719742,-87.804453,ok,(UNK),1,2407688,2024,,4,99,50000 and OVER,9,4295,Oak Park,C,Urban Other Principal Arte,,16,24,12922496,12,Cook,0,24,,,2,N,Yes,Free Flow,202401423149,City,5,20.20000076,Y,,,,(UNK),38153,(N/A),(UNK),No Defects,1,1,Other Principal Arterial,3,348,X003671597,Not Toll,73,1,1,Not Divided,1,2939948.60842432,1904725.39372715,41.8719664,-87.80444725,,Urban,1,N,(N/A),Y,(N/A)
2024,2024-12-25,Wednesday,15,03:00 PM,Property Damage,No Injuries,0,0,0,0,0,2,Angle,15,N,N,Disregarding Stop Sign,Failing to Reduce Speed to Avoid Crash,Daylight,Cloudy/Overcast,Dry,Y,,,,,Stop Sign,Functioning Properly,N,2,41.87793,-87.79416,ok,(UNK),1,2407700,2024,,23,28,50000 and OVER,9,4295,Oak Park,C,Urban Major Collector,,16,25,12922497,12,Cook,0,24,,,3,N,No,Free Flow,202401423150,City,1,6.28999996,N,,,,(UNK),38154,(N/A),(UNK),No Defects,1,1,Major Collector,5,2775,X003671598,Not Toll,,2,4,"Divided, No Median Barrier",2,2942692.13659421,1906973.1430257,41.87793,-87.79416,,Urban,8,N,(N/A),Y,(N/A)
2024,2024-12-17,Tuesday,11,11:21 AM,Property Damage,No Injuries,0,0,0,0,0,4,Front to Rear,11,N,N,Following Too Closely,Failing to Reduce Speed to Avoid Crash,Daylight,Clear,Dry,N,,,,,No Controls,No Controls,N,2,41.8712358,-87.7744775,ok,Partial Access Control,3,03-24-24729,2024,,3,28,50000 and OVER,9,4295,Oak Park,C,Urban InterState,,16,17,12922954,12,Cook,0,24,,,2,N,No,(UNK),202401423606,ISP,1,9.19999981,Y,,,,(UNK),38490,(N/A),(UNK),No Defects,1,1,InterState,1,290,X003672038,Not Toll,73,1,1,Divided With Median Barrier,3,2948120.67117542,1904682.52914963,41.87122796,-87.77447167,,Urban,1,N,(N/A),Y,(N/A)
2024,2024-12-26,Thursday,12,12:50 PM,Property Damage,No Injuries,0,0,0,0,0,2,Front to Rear,11,N,N,Following Too Closely,Failing to Reduce Speed to Avoid Crash,Daylight,Cloudy/Overcast,Wet,N,,,,,No Controls,No Controls,N,2,41.87444,-87.78424,ok,(UNK),1,2407713,2024,,3,28,50000 and OVER,9,4295,Oak Park,C,Urban Major Collector,,16,26,12923863,12,Cook,0,24,,,4,N,No,Free Flow,202401424420,City,1,0,N,,,,(UNK),39209,(N/A),(UNK),No Defects,1,2,Major Collector,5,,X003672848,Not Toll,,1,1,"Divided, No Median Barrier",2,2945429.15288535,1905776.20193309,41.87444,-87.78424,,Urban,8,N,(N/A),Y,(N/A)
2024,2024-12-26,Thursday,16,04:24 PM,Property Damage,No Injuries,0,0,0,0,0,3,Turning,10,N,N,Failing to Yield Right of Way,Unable to Determine,Darkness / Lighted Road,Cloudy/Overcast,Dry,N,,,,,No Controls,No Controls,N,2,41.87989,-87.78446,ok,(UNK),1,2407722,2024,,2,18,50000 and OVER,9,4295,Oak Park,C,Urban Minor Arterial,,16,26,12923879,12,Cook,0,24,,,4,N,No,Free Flow,202401424436,City,5,0,N,,,,(UNK),39217,(N/A),(UNK),No Defects,1,1,Minor Arterial,4,,X003672864,Not Toll,,1,1,"Divided, No Median Barrier",2,2945314.07860895,1907760.61823074,41.87989,-87.78446,,Urban,8,N,(N/A),Y,(N/A)
2024,2024-01-03,Wednesday,8,08:36 AM,Property Damage,No Injuries,0,0,0,0,0,2,Front to Rear,11,N,N,Failing to Reduce Speed to Avoid Crash,Driving Skills/Knowledge/Experience,Daylight,Clear,Dry,N,,,,,Other,Functioning Properly,N,2,41.8731735,-87.7986784,ok,Partial Access Control,3,03-24-00127,2024,,28,15,50000 and OVER,9,4295,Oak Park,C,Urban InterState,,16,3,12484579,1,Cook,0,24,,,3,N,No,(UNK),202401018199,ISP,1,0.01,Y,,,,(UNK),39658,(N/A),(UNK),No Defects,1,1,InterState,1,290,X003286853,Not Toll,,13,4,Not Divided,1,2941509.40340218,1905205.77823383,41.87317348,-87.79867841,,Urban,1,N,(N/A),Y,(N/A)
2024,2024-01-19,Friday,12,12:50 PM,Property Damage,No Injuries,0,0,0,0,0,3,Front to Rear,11,N,N,Following Too Closely,Driving Skills/Knowledge/Experience,Daylight,Clear,Wet,N,,,,,Other Regualtory Sig,Functioning Properly,N,2,41.8737592,-87.8043327,ok,Partial Access Control,3,03-24-01224,2024,,3,15,50000 and OVER,9,4295,Oak Park,C,Urban InterState,,16,19,12501409,1,Cook,0,24,,,5,N,No,(UNK),202401033223,ISP,1,7.71000004,Y,,,,(UNK),40845,(N/A),(UNK),No Defects,1,2,InterState,1,290,X003302106,Not Toll,73,10,4,Divided With Median Barrier,3,2939963.47820982,1905376.7499198,41.87375131,-87.8043269,,Urban,1,N,(N/A),Y,(N/A)
2024,2024-12-28,Saturday,20,08:02 PM,Property Damage,No Injuries,0,0,0,0,0,4,Front to Rear,11,N,N,Driving On Wrong Side/Wrong Way,Failing to Reduce Speed to Avoid Crash,Darkness / Lighted Road,Clear,Dry,N,,,,,Other Regualtory Sig,Functioning Properly,N,3,41.8735057,-87.8045197,ok,Partial Access Control,3,03-24-25532,2024,,5,28,50000 and OVER,9,4295,Oak Park,C,Urban InterState,,16,28,12926130,12,Cook,0,24,,,6,N,No,(UNK),202401426482,ISP,5,7.69999981,Y,,,,(UNK),42007,(N/A),(UNK),No Defects,1,1,InterState,1,290,X003674934,Not Toll,73,10,4,Divided With Median Barrier,3,2939915.09068126,1905282.99912164,41.87349789,-87.80451389,,Urban,1,N,(N/A),Y,(N/A)
2024,2024-12-27,Friday,14,02:27 PM,Property Damage,No Injuries,0,0,0,0,0,2,Sideswipe Same Direction,12,N,N,Improper Lane Usage,(N/A),Daylight,Rain,Wet,N,,,,,No Controls,No Controls,N,2,41.89451,-87.78573,ok,(UNK),1,2407737,2024,,20,99,50000 and OVER,9,4295,Oak Park,C,Urban Minor Arterial,,16,27,12926690,12,Cook,0,24,,,5,N,No,Slow,202401427023,City,1,0,N,,,,(UNK),42411,(N/A),(UNK),No Defects,1,2,Minor Arterial,4,,X003675450,Not Toll,,1,1,"Divided, No Median Barrier",2,2944820.30129132,1913078.81949268,41.89451,-87.78573,,Urban,2,N,(N/A),Y,(N/A)
2024,2024-12-15,Sunday,17,05:00 PM,Property Damage,No Injuries,0,0,0,0,0,4,Front to Rear,11,N,N,Failing to Reduce Speed to Avoid Crash,(N/A),Darkness,Clear,Wet,N,,,,,No Controls,No Controls,N,2,41.8704904,-87.7744861,ok,(UNK),1,2407510,2024,,28,99,50000 and OVER,9,4295,Oak Park,C,Urban Local Road or Street,,16,15,12926808,12,Cook,0,24,,,7,N,No,Slow,202401427062,City,4,0.25,N,,,,(UNK),42481,(N/A),(UNK),No Defects,1,2,Local Road or Street,7,290,X003675488,Not Toll,73,1,1,Not Divided,1,2948125.8889506,1904410.82129335,41.87048255,-87.77448032,,Urban,1,N,(N/A),Y,(N/A)
2024,2024-12-21,Saturday,6,06:15 AM,Injury,B Injury Crash,2,0,0,1,1,1,Front to Front,14,N,N,Unable to Determine,(N/A),Darkness / Lighted Road,Clear,Dry,N,,,,,No Controls,No Controls,N,3,41.8777874,-87.80468,ok,(UNK),1,24-04198,2024,,18,99,50000 and OVER,9,4295,Oak Park,C,Urban Other Principal Arte,,16,21,12926818,12,Cook,2,24,,,6,N,Yes,Stopped,202401427070,City,5,0,Y,,,,(UNK),42485,(N/A),(UNK),No Defects,1,1,Other Principal Arterial,3,,X003675495,Not Toll,73,1,1,"Divided, No Median Barrier",2,2939828.47215739,1906842.12157755,41.87777958,-87.80467418,,Urban,1,N,(N/A),Y,(N/A)
2024,2024-12-26,Thursday,8,08:30 AM,Property Damage,No Injuries,0,0,0,0,0,2,Front to Rear,11,N,N,Following Too Closely,Unable to Determine,Daylight,Rain,Wet,N,,,,,Traffic Signal,Functioning Properly,N,2,41.8756633,-87.8045864,ok,(UNK),1,24-04247,2024,,3,18,50000 and OVER,9,4295,Oak Park,C,Urban Other Principal Arte,,16,26,12926821,12,Cook,0,24,,,4,N,No,Free Flow,202401427073,City,1,19.95000076,Y,,,,(UNK),42486,(N/A),(UNK),No Defects,1,2,Other Principal Arterial,3,348,X003675498,Not Toll,73,3,4,Divided With Median Barrier,3,2939875.26588971,1906068.75514498,41.87565546,-87.80458062,,Urban,2,N,(N/A),Y,(N/A)
2024,2024-12-30,Monday,19,07:16 PM,Property Damage,No Injuries,0,0,0,0,0,2,Turning,10,N,N,Failing to Yield Right of Way,Improper Overtaking/Passing,Darkness / Lighted Road,Clear,Dry,N,,,,,Stop Sign,Functioning Properly,N,2,41.8809935,-87.8047676,ok,(UNK),1,24-04290,2024,,2,4,50000 and OVER,9,4295,Oak Park,C,Urban Other Principal Arte,,16,30,12927503,12,Cook,0,24,,,1,N,No,Slow,202401427894,City,5,19.59000015,Y,,,,(UNK),42943,(N/A),(UNK),No Defects,1,1,Other Principal Arterial,3,348,X003676054,Not Toll,73,2,4,"Divided, No Median Barrier",2,2939772.43289788,1908009.83029231,41.8809857,-87.80476182,,Urban,1,N,(N/A),Y,(N/A)
2024,2024-12-30,Monday,15,03:50 PM,Property Damage,No Injuries,0,0,0,0,0,2,Sideswipe Same Direction,12,N,N,Failing to Yield Right of Way,Failing to Reduce Speed to Avoid Crash,Daylight,Clear,Dry,N,,,,,Stop Sign,Functioning Properly,N,3,41.87983,-87.78773,ok,(UNK),1,2407772,2024,,2,28,50000 and OVER,9,4295,Oak Park,C,Urban Minor Arterial,,16,30,12927882,12,Cook,0,24,,,1,N,No,Free Flow,202401428252,City,1,3.94000006,N,,,,(UNK),43193,(N/A),(UNK),No Defects,1,1,Minor Arterial,4,1419,X003676403,Not Toll,,2,4,Two-way Continuous Left-Tur,4,2944424.13326917,1907714.03777109,41.87983,-87.78773,,Urban,1,N,(N/A),Y,(N/A)
2024,2024-12-25,Wednesday,14,02:50 PM,Property Damage,No Injuries,0,0,0,0,0,4,Sideswipe Same Direction,12,N,N,Evasive Action Due to Animal / Object / Non-Motorist,(N/A),Daylight,Clear,Dry,N,,,,,Other Regualtory Sig,Functioning Properly,N,2,41.8737303,-87.8039623,ok,Partial Access Control,3,03-24-25288,2024,,32,99,50000 and OVER,9,4295,Oak Park,C,Urban InterState,,16,25,12928462,12,Cook,0,24,,,3,N,No,(UNK),202401428803,ISP,1,7.71999979,Y,,,,(UNK),43537,(N/A),(UNK),No Defects,1,1,InterState,1,290,X003676941,Not Toll,73,10,4,Divided With Median Barrier,3,2940064.6506037,1905369.00867965,41.87372244,-87.8039565,,Urban,1,N,(N/A),Y,(N/A)
2024,2024-12-13,Friday,20,08:26 PM,Injury,A Injury Crash,1,0,1,0,0,1,Other Object,7,N,N,Under Influence of Alcohol/Drugs,Unable to Determine,Darkness / Lighted Road,Clear,Dry,N,,,,,No Controls,No Controls,N,1,41.9091783,-87.7808054,ok,(UNK),1,2407462,2024,,8,18,50000 and OVER,9,4295,Oak Park,C,Urban Other Principal Arte,,16,13,12929753,12,Cook,3,24,FENCE,FENCE,5,N,Yes,Free Flow,202401429775,City,5,7.21000004,Y,,,,(UNK),44258,(N/A),(UNK),No Defects,1,1,Other Principal Arterial,3,307,X003678146,Not Toll,73,1,1,"Divided, No Median Barrier",2,2946012.42293321,1918461.49615813,41.90917042,-87.78079958,,Urban,1,N,(N/A),Y,(N/A)
2024,2024-12-31,Tuesday,18,06:39 PM,Property Damage,No Injuries,0,0,0,0,0,2,Angle,15,N,N,Physical Condition of Driver,Failing to Reduce Speed to Avoid Crash,Darkness / Lighted Road,Clear,Wet,N,,,,,Traffic Signal,Functioning Properly,N,2,41.88828,-87.7847,ok,(UNK),1,2407791,2024,,17,28,50000 and OVER,9,4295,Oak Park,C,Urban Major Collector,,16,31,12929941,12,Cook,0,24,,,2,N,No,Stopped,202401429936,City,5,0.93000001,N,,,,(UNK),44370,(N/A),(UNK),No Defects,1,2,Major Collector,5,2783,X003678322,Not Toll,,3,4,Not Divided,1,2945163.80667771,1910816.2764967,41.88828,-87.7847,,Urban,1,N,(N/A),Y,(N/A)
2024,2024-12-31,Tuesday,19,07:12 PM,Property Damage,No Injuries,0,0,0,0,0,8,Angle,15,N,N,Failing to Yield Right of Way,Failing to Reduce Speed to Avoid Crash,Darkness / Lighted Road,Clear,Wet,Y,,,,,Stop Sign,Functioning Properly,N,2,41.88511,-87.78948,ok,(UNK),1,2407792,2024,,2,28,50000 and OVER,9,4295,Oak Park,C,Urban Minor Collector,,16,31,12929942,12,Cook,0,24,,,2,N,No,(UNK),202401429937,City,5,0,N,,,,(UNK),44371,(N/A),(UNK),No Defects,1,2,Minor Collector,6,,X003678323,Not Toll,,2,4,Four Way,14,2943894.21119434,1909624.95473674,41.88511,-87.78948,,Urban,1,N,(N/A),Y,(N/A)
2024,2024-02-03,Saturday,0,00:31 AM,Injury,B Injury Crash,1,0,0,1,0,3,Front to Rear,11,N,N,Failing to Reduce Speed to Avoid Crash,Improper Lane Usage,Darkness / Lighted Road,Clear,Dry,N,,,,,Other Regualtory Sig,Functioning Properly,N,2,41.8727211,-87.7965698,ok,Partial Access Control,3,03-24-02086,2024,,28,20,50000 and OVER,9,4295,Oak Park,C,Urban InterState,,16,3,12512578,2,Cook,2,24,,,6,N,No,(UNK),202401042501,ISP,5,8.06999969,Y,,,,(UNK),45004,(N/A),(UNK),No Defects,1,1,InterState,1,290,X003311345,Not Toll,,10,4,Divided With Median Barrier,3,2942088.28339793,1905056.77257625,41.87272107,-87.79656978,,Urban,1,N,(N/A),Y,(N/A)