crash_year,crash_date,day_of_week,crash_hour,time_of_crash,crash_severity,crash_injury_severity,total_injured,total_fatals,a_injuries,b_injuries,c_injuries,no_injuries,type_of_first_crash,collision_type_code,pedestrian_involved,pedalcyclist_involved,cause1,cause2,lighting_cond,weather_cond,road_surface_cond,intersection_related,is_intersection,highway_or_street_name,at_intersection_with,address_no,traffic_control_device,traffic_control_device_cond,hit_and_run,number_of_vehicles,latitude,longitude,location_status,access_control,agency_code,agency_report_number,agency_report_year,alignment_code,cause1_code,cause2_code,city_class,city_class_code,city_code,city_name,city_township_flag,class_of_trafficway,class_of_trafficway_code,county_code,crash_day,crash_id,crash_month,crash_report_county,crash_severity_cd,crash_yr_source,damaged_property1,damaged_property2,day_of_week_code,did_crash_occur_in_work_zone,did_involve_secondary_crash,flow_condition,icn,investigating_agency_descrip,light_condition_code,mile_station,nhs,non_intersection_direction,non_intersection_distance,non_intersection_units,number_of_lanes,objectid,railroad_crossing_number,road_alignment,road_defects,road_defects_code,road_surface_condition_code,roadway_functional_class,roadway_functional_class_code,route_number,sfe,toll,township,traffic_control_device_code,traffic_control_device_cond_code,trafficway_descrip,trafficway_description_code,ts_crash_coordinate_x,ts_crash_coordinate_y,ts_crash_latitude,ts_crash_longitude,type_report,urban_rural,weather_code,were_workers_present,work_zone,work_zone_related,work_zone_type
2024,2024-12-25,Wednesday,19,07:20 PM,Property Damage,No Injuries,0,0,0,0,0,5,Sideswipe Same Direction,12,N,N,Improper Lane Usage,Failing to Reduce Speed to Avoid Crash,Darkness / Lighted Road,Clear,Dry,N,,,,,Other Regualtory Sig,Functioning Properly,Y,2,41.8737616,-87.8042187,ok,Partial Access Control,3,03-24-25309,2024,,20,28,50000 and OVER,9,4295,Oak Park,C,Urban InterState,,16,25,12931966,12,Cook,0,24,,,3,N,No,(UNK),202401430882,ISP,5,7.71999979,Y,,,,(UNK),45621,(N/A),(UNK),No Defects,1,1,InterState,1,290,X003680184,Not Toll,73,10,4,Divided With Median Barrier,3,2939994.5,1905378.5,41.87375376,-87.80421291,,Urban,1,N,(N/A),Y,(N/A)
2024,2024-12-28,Saturday,2,02:12 AM,Property Damage,No Injuries,0,0,0,0,0,3,Front to Rear,11,N,N,Following Too Closely,Failing to Reduce Speed to Avoid Crash,Darkness / Lighted Road,Rain,Wet,Y,,,,,Traffic Signal,Functioning Properly,Y,3,41.8711278,-87.7742947,ok,Partial Access Control,3,03-24-25470,2024,,3,28,50000 and OVER,9,4295,Oak Park,C,Urban InterState,,16,28,12932141,12,Cook,0,24,,,6,N,No,(UNK),202401430933,ISP,5,0,Y,,,,(UNK),45731,(N/A),(UNK),No Defects,1,2,InterState,1,290,X003680351,Not Toll,,3,4,Ramp,11,2948171.55345292,1904644.55032308,41.87111993,-87.77428889,,Urban,2,N,(N/A),Y,(N/A)
2024,2024-12-27,Friday,20,08:00 PM,Property Damage,No Injuries,0,0,0,0,0,2,Front to Rear,11,N,N,Following Too Closely,Driving Skills/Knowledge/Experience,Darkness / Lighted Road,Clear,Dry,N,,,,,Other Regualtory Sig,Functioning Properly,Y,2,41.8734373,-87.8037941,ok,Partial Access Control,3,03-24-25656,2024,,3,15,50000 and OVER,9,4295,Oak Park,C,Urban InterState,,16,27,12932323,12,Cook,0,24,,,5,N,No,(UNK),202401430982,ISP,5,7.73000002,Y,,,,(UNK),45771,(N/A),(UNK),No Defects,1,1,InterState,1,290,X003680526,Not Toll,73,10,4,Divided With Median Barrier,3,2940113.40991315,1905263.4842279,41.87342941,-87.80378828,,Urban,1,N,(N/A),Y,(N/A)
2024,2024-12-01,Sunday,12,12:00 PM,Property Damage,No Injuries,0,0,0,0,0,2,Turning,10,N,N,Unable to Determine,Unable to Determine,Daylight,Clear,Dry,Y,,,,,Traffic Signal,Functioning Properly,N,2,41.8651772,-87.7937258,ok,(UNK),1,2407263,2024,,18,18,50000 and OVER,9,4295,Oak Park,C,Urban Other Principal Arte,,16,1,12933452,12,Cook,0,24,,,7,N,No,Free Flow,202401431237,City,1,6.53000021,Y,,,,(UNK),46312,(N/A),(UNK),No Defects,1,1,Other Principal Arterial,3,347,X003681550,Not Toll,52,3,4,"Divided, No Median Barrier",2,2942938.93468774,1902329.07819758,41.86516939,-87.79371999,,Urban,1,N,(N/A),Y,(N/A)
2024,2024-02-27,Tuesday,7,07:30 AM,Property Damage,No Injuries,0,0,0,0,0,2,Front to Rear,11,N,N,Following Too Closely,Driving Skills/Knowledge/Experience,Daylight,Clear,Dry,N,,,,,No Controls,No Controls,Y,2,41.8723777,-87.7928025,ok,Partial Access Control,3,03-24-03511,2024,,3,15,50000 and OVER,9,4295,Oak Park,C,Urban InterState,,16,27,12540315,2,Cook,0,24,,,2,N,No,(UNK),202401067085,ISP,1,8.25,Y,,,,(UNK),48028,(N/A),(UNK),No Defects,1,1,InterState,1,290,X003335577,Not Toll,,1,1,Divided With Median Barrier,3,2943117.835991,1904960.01004413,41.87237769,-87.79280251,,Urban,1,N,(N/A),Y,(N/A)
2024,2024-02-28,Wednesday,8,08:49 AM,Property Damage,No Injuries,0,0,0,0,0,2,Front to Rear,11,N,N,Failing to Reduce Speed to Avoid Crash,Following Too Closely,Daylight,Clear,Dry,N,,,,,Other Warning Sign,Functioning Properly,N,2,41.8726377,-87.793999,ok,Partial Access Control,3,03-24-03568,2024,,28,3,50000 and OVER,9,4295,Oak Park,C,Urban InterState,,16,28,12540326,2,Cook,0,24,,,3,N,No,(UNK),202401067095,ISP,1,8.18999958,Y,,,,(UNK),48036,(N/A),(UNK),No Defects,1,1,InterState,1,290,X003335587,Not Toll,73,11,4,Divided With Median Barrier,3,2942789.3335979,1905045.73706217,41.87262983,-87.79399318,,Urban,1,N,(N/A),Y,(N/A)
2024,2024-02-15,Thursday,4,04:27 AM,Property Damage,No Injuries,0,0,0,0,0,2,Front to Rear,11,N,N,Following Too Closely,Improper Overtaking/Passing,Dusk,Clear,Dry,Y,,,,,Traffic Signal,Functioning Properly,Y,2,41.8759848,-87.8045958,ok,(UNK),1,24-00498,2024,,3,4,50000 and OVER,9,4295,Oak Park,C,Urban Other Principal Arte,,16,15,12540570,2,Cook,0,24,,,4,N,No,Free Flow,202401067320,City,3,19.93000031,Y,,,,(UNK),48203,(N/A),(UNK),No Defects,1,1,Other Principal Arterial,3,348,X003335826,Not Toll,73,3,4,"Divided, No Median Barrier",2,2939869.49456576,1906185.86027551,41.875977,-87.80458997,,Urban,1,N,(N/A),Y,(N/A)
2024,2024-02-14,Wednesday,13,01:33 PM,Property Damage,No Injuries,0,0,0,0,0,1,Fixed Object,6,N,N,Improper Lane Usage,Failing to Reduce Speed to Avoid Crash,Daylight,Clear,Dry,N,,,,,No Controls,No Controls,N,1,41.8857362,-87.7944289,ok,(UNK),1,2400858,2024,,20,28,50000 and OVER,9,4295,Oak Park,C,Urban Major Collector,,16,14,12525312,2,Cook,0,24,CONCRETE GARBAGE CAN,,3,N,No,(UNK),202401053859,City,1,5.73000002,N,,,,(UNK),48370,(N/A),(UNK),No Defects,1,1,Major Collector,5,2775,X003322613,Not Toll,73,1,1,Not Divided,1,2942540.23862894,1909815.84354065,41.88572836,-87.79442306,,Urban,1,N,(N/A),Y,(N/A)
2024,2024-02-15,Thursday,12,12:50 PM,Injury,C Injury Crash,1,0,0,0,1,2,Front to Rear,11,N,N,Following Too Closely,Failing to Reduce Speed to Avoid Crash,Daylight,Clear,Dry,N,,,,,No Controls,No Controls,N,2,41.875604,-87.8045847,ok,(UNK),1,24-00493,2024,,3,28,50000 and OVER,9,4295,Oak Park,C,Urban Other Principal Arte,,16,15,12525434,2,Cook,1,24,,,4,N,No,Free Flow,202401053968,City,1,19.95999908,Y,,,,(UNK),48482,(N/A),(UNK),No Defects,1,1,Other Principal Arterial,3,348,X003322709,Not Toll,73,1,1,"Divided, No Median Barrier",2,2939876.33070953,1906047.14903439,41.87559614,-87.8045789,,Urban,1,N,(N/A),Y,(N/A)
2024,2024-02-15,Thursday,14,02:36 PM,Property Damage,No Injuries,0,0,0,0,0,2,Sideswipe Same Direction,12,N,N,Failing to Yield Right of Way,Following Too Closely,Daylight,Clear,Dry,N,,,,,No Controls,No Controls,N,2,41.8758963,-87.8045932,ok,(UNK),1,24-00496,2024,,2,3,50000 and OVER,9,4295,Oak Park,C,Urban Other Principal Arte,,16,15,12525704,2,Cook,0,24,,,4,N,Yes,Slow,202401054228,City,1,19.94000053,Y,,,,(UNK),48907,(N/A),(UNK),No Defects,1,1,Other Principal Arterial,3,348,X003322963,Not Toll,73,1,1,"Divided, No Median Barrier",2,2939871.08347832,1906153.61987202,41.87588848,-87.80458739,,Urban,1,N,(N/A),Y,(N/A)
2024,2024-01-20,Saturday,9,09:00 AM,Injury,B Injury Crash,2,0,0,1,1,4,Front to Rear,11,N,N,Failing to Reduce Speed to Avoid Crash,Following Too Closely,Daylight,Clear,Dry,N,,,,,Other Warning Sign,Functioning Properly,N,4,41.8735946,-87.8025401,ok,Partial Access Control,3,03-24-01322,2024,,28,3,50000 and OVER,9,4295,Oak Park,C,Urban InterState,,16,20,12503792,1,Cook,2,24,,,6,N,No,(UNK),202401034736,ISP,1,7.78999996,Y,,,,(UNK),50054,(N/A),(UNK),No Defects,1,1,InterState,1,290,X003303623,Not Toll,73,11,4,Divided With Median Barrier,3,2940453.37911572,1905330.21818893,41.87358671,-87.80253428,,Urban,1,N,(N/A),Y,(N/A)
2024,2024-12-26,Thursday,11,11:07 AM,Property Damage,No Injuries,0,0,0,0,0,4,Front to Rear,11,N,N,Failing to Reduce Speed to Avoid Crash,Unable to Determine,Daylight,Clear,Dry,Y,,,,,No Controls,Functioning Properly,N,2,41.88865,-87.79716,ok,(UNK),1,2407710,2024,,28,18,50000 and OVER,9,4295,Oak Park,C,Urban Major Collector,,16,26,12939876,12,Cook,0,24,,,4,N,No,Free Flow,202401432181,City,1,0,N,,,,(UNK),51466,(N/A),(UNK),No Defects,1,1,Major Collector,5,,X003686681,Not Toll,,1,4,Not Divided,1,2941767.17130471,1910857.12457174,41.88865,-87.79716,,Urban,1,N,(N/A),Y,(N/A)
2024,2024-12-30,Monday,10,10:44 AM,Injury,C Injury Crash,2,0,0,0,2,1,Turning,10,N,N,Failing to Yield Right of Way,Failing to Reduce Speed to Avoid Crash,Daylight,Clear,Dry,Y,,,,,No Controls,No Controls,N,2,41.88718,-87.79862,ok,(UNK),1,2407763,2024,,2,28,50000 and OVER,9,4295,Oak Park,C,Urban Local Road or Street,,16,30,12939887,12,Cook,1,24,,,1,N,No,Free Flow,202401432183,City,1,0,N,,,,(UNK),51467,(N/A),(UNK),No Defects,1,1,Local Road or Street,7,,X003686683,Not Toll,,1,1,Not Divided,1,2941384.40078879,1910310.44867973,41.88718,-87.79862,,Urban,1,N,(N/A),Y,(N/A)
2024,2024-12-31,Tuesday,13,01:21 PM,Property Damage,No Injuries,0,0,0,0,0,5,Sideswipe Same Direction,12,N,N,Unable to Determine,(N/A),Daylight,Clear,Wet,N,,,,,No Controls,No Controls,N,2,41.8870382,-87.8049737,ok,(UNK),1,2500018,2025,,18,99,50000 and OVER,9,4295,Oak Park,C,Urban Other Principal Arte,,16,31,12939959,12,Cook,0,24,,,2,N,No,Slow,202401432190,City,1,19.15999985,Y,,,,(UNK),51471,(N/A),(UNK),Unknown,99,2,Other Principal Arterial,3,348,X003686717,Not Toll,73,1,1,Divided With Median Barrier,3,2939655.65081578,1910211.07184232,41.88703037,-87.80496792,,Urban,1,N,(N/A),N,(N/A)
2024,2024-02-04,Sunday,11,11:45 AM,Property Damage,No Injuries,0,0,0,0,0,2,Front to Rear,11,N,N,Following Too Closely,Failing to Reduce Speed to Avoid Crash,Daylight,Clear,Dry,N,,,,,Other,Functioning Properly,N,2,41.8721107,-87.7861546,ok,Partial Access Control,3,03-24-02175,2024,,3,28,50000 and OVER,9,4295,Oak Park,C,Urban InterState,,16,4,12520425,2,Cook,0,24,,,7,N,No,(UNK),202401049407,ISP,1,8.60000038,Y,,,,(UNK),51874,(N/A),(UNK),No Defects,1,1,InterState,1,290,X003318255,Not Toll,73,13,4,Divided With Median Barrier,3,2944931.24763841,1904912.90136558,41.8721029,-87.78614878,,Urban,1,N,(N/A),Y,(N/A)
2024,2024-01-27,Saturday,17,05:10 PM,Property Damage,No Injuries,0,0,0,0,0,3,Front to Rear,11,N,N,Following Too Closely,Driving Skills/Knowledge/Experience,Darkness / Lighted Road,Rain,Wet,N,,,,,Other,Functioning Properly,N,2,41.8713444,-87.7762186,ok,Partial Access Control,3,03-24-02220,2024,,3,15,50000 and OVER,9,4295,Oak Park,C,Urban InterState,,16,27,12520426,1,Cook,0,24,,,6,N,No,(UNK),202401049408,ISP,5,9.10999966,Y,,,,(UNK),51875,(N/A),(UNK),No Defects,1,2,InterState,1,290,X003318256,Not Toll,73,13,4,Divided With Median Barrier,3,2947645.31016043,1904708.87076649,41.87133652,-87.77621285,,Urban,2,N,(N/A),Y,(N/A)
2024,2024-02-14,Wednesday,12,12:00 PM,Property Damage,No Injuries,0,0,0,0,0,2,Sideswipe Same Direction,12,N,N,Improper Lane Usage,Improper Overtaking/Passing,Daylight,Clear,Dry,N,,,,,Other Regualtory Sig,Functioning Properly,Y,2,41.8737564,-87.804283,ok,Partial Access Control,3,03-24-02703,2024,,20,4,50000 and OVER,9,4295,Oak Park,C,Urban InterState,,16,14,12529736,2,Cook,0,24,,,3,N,No,(UNK),202401058046,ISP,1,7.71000004,Y,,,,(UNK),52334,(N/A),(UNK),No Defects,1,1,InterState,1,290,X003326777,Not Toll,73,10,4,Divided With Median Barrier,3,2939977.03309115,1905376.11319803,41.87374854,-87.80427723,,Urban,1,N,(N/A),Y,(N/A)
2024,2024-02-17,Saturday,11,11:30 AM,Property Damage,No Injuries,0,0,0,0,0,3,Sideswipe Same Direction,12,N,N,Distraction - From Inside Vehicle,Improper Lane Usage,Daylight,Clear,Dry,N,,,,,Other Regualtory Sig,Functioning Properly,N,2,41.8712536,-87.7747119,ok,Partial Access Control,3,03-24-02891,2024,,41,20,50000 and OVER,9,4295,Oak Park,C,Urban InterState,,16,17,12529738,2,Cook,0,24,,,6,N,No,(UNK),202401058047,ISP,1,9.18999958,Y,,,,(UNK),52336,(N/A),(UNK),No Defects,1,1,InterState,1,290,X003326778,Not Toll,73,10,4,Divided With Median Barrier,3,2948056.62938677,1904687.24985367,41.8712458,-87.77470612,,Urban,1,N,(N/A),Y,(N/A)
2024,2024-12-24,Tuesday,8,08:00 AM,Property Damage,No Injuries,0,0,0,0,0,4,Sideswipe Same Direction,12,N,N,Unable to Determine,Unable to Determine,Daylight,Cloudy/Overcast,Dry,N,,,,,Traffic Signal,Functioning Properly,Y,2,41.8800127,-87.774671,ok,(UNK),1,2407691,2024,,18,18,50000 and OVER,9,4295,Oak Park,C,Urban Minor Arterial,,16,24,12943357,12,Cook,0,24,,,2,N,No,Free Flow,202401432443,City,1,4.61999989,N,,,,(UNK),52804,(N/A),(UNK),No Defects,1,1,Minor Arterial,4,1419,X003689715,Not Toll,,3,4,Not Divided,1,2947978.77671932,1907879.51582665,41.88000483,-87.77466518,,Urban,8,N,(N/A),Y,(N/A)
2024,2024-02-15,Thursday,22,10:15 PM,Property Damage,No Injuries,0,0,0,0,0,2,Front to Rear,11,N,N,Following Too Closely,Failing to Reduce Speed to Avoid Crash,Darkness / Lighted Road,Clear,Dry,N,,,,,Other,Functioning Properly,N,2,41.8722924,-87.7883014,ok,Partial Access Control,3,03-24-02852,2024,,3,28,50000 and OVER,9,4295,Oak Park,C,Urban InterState,,16,15,12530542,2,Cook,0,24,,,4,N,Yes,(UNK),202401058789,ISP,5,8.48999977,Y,,,,(UNK),53234,(N/A),(UNK),No Defects,1,1,InterState,1,290,X003327483,Not Toll,73,13,4,Divided With Median Barrier,3,2944344.6651255,1904962.87318362,41.87228453,-87.78829564,,Urban,1,N,(N/A),Y,(N/A)
2024,2024-02-16,Friday,15,03:20 PM,Property Damage,No Injuries,0,0,0,0,0,2,Angle,15,N,N,Failing to Yield Right of Way,Failing to Reduce Speed to Avoid Crash,Daylight,Clear,Dry,Y,,,,,Stop Sign,Functioning Properly,N,2,41.8780754,-87.7843842,ok,(UNK),1,2400900,2024,,2,28,50000 and OVER,9,4295,Oak Park,C,Urban Major Collector,,16,16,12530579,2,Cook,0,24,,,5,N,No,Slow,202401058826,City,1,1.64999998,N,,,,(UNK),53254,(N/A),(UNK),No Defects,1,1,Major Collector,5,2783,X003327518,Not Toll,73,2,4,"Divided, No Median Barrier",2,2945353.09465373,1907099.9172488,41.87806755,-87.78437838,,Urban,1,N,(N/A),Y,(N/A)
2024,2024-02-16,Friday,22,10:48 PM,Injury,C Injury Crash,1,0,0,0,1,1,Angle,15,N,N,Failing to Yield Right of Way,(N/A),Darkness / Lighted Road,Clear,Dry,Y,,,,,Stop Sign,Functioning Properly,N,2,41.9017578,-87.7924213,ok,(UNK),1,2400908,2024,,2,99,50000 and OVER,9,4295,Oak Park,C,Urban Major Collector,,16,16,12530589,2,Cook,1,24,,,5,N,No,(UNK),202401058836,City,5,1.65999997,N,,,,(UNK),53258,(N/A),(UNK),No Defects,1,1,Major Collector,5,1394,X003327528,Not Toll,73,2,4,Not Divided,1,2942925.26959709,1915669.56124276,41.90175,-87.79241552,,Urban,1,N,(N/A),Y,(N/A)
2024,2024-02-17,Saturday,15,03:24 PM,Injury,C Injury Crash,1,0,0,0,1,2,Angle,15,N,N,Failing to Yield Right of Way,Failing to Reduce Speed to Avoid Crash,Daylight,Clear,Dry,Y,,,,,Stop Sign,Functioning Properly,N,2,41.8671379,-87.7840153,ok,(UNK),1,2400914,2024,,2,28,50000 and OVER,9,4295,Oak Park,C,Urban Major Collector,,16,17,12530609,2,Cook,1,24,,,6,N,No,Slow,202401058853,City,1,2.41000009,N,,,,(UNK),53268,(N/A),(UNK),No Defects,1,1,Major Collector,5,2783,X003327545,Not Toll,73,2,4,Not Divided,1,2945564.26320502,1903116.8671079,41.86713001,-87.78400948,,Urban,1,N,(N/A),Y,(N/A)
2024,2024-02-18,Sunday,0,00:46 AM,Property Damage,No Injuries,0,0,0,0,0,1,Parked Motor Vehicle,9,N,N,Cell Phone Use Other Than Texting,Driving Skills/Knowledge/Experience,Darkness / Lighted Road,Clear,Dry,N,,,,,No Controls,No Controls,N,2,41.8677658,-87.793848,ok,(UNK),1,2400920,2024,,45,15,50000 and OVER,9,4295,Oak Park,C,Urban Major Collector,,16,18,12530613,2,Cook,0,24,,,7,N,No,Slow,202401058857,City,5,6.98999977,N,,,,(UNK),53271,(N/A),(UNK),No Defects,1,1,Major Collector,5,2775,X003327549,Not Toll,73,1,1,Not Divided,1,2942879.56473966,1903271.48538772,41.86775798,-87.79384217,,Urban,1,N,(N/A),Y,(N/A)
2024,2024-02-15,Thursday,19,07:36 PM,Property Damage,No Injuries,0,0,0,0,0,2,Front to Rear,11,N,N,Failing to Reduce Speed to Avoid Crash,Following Too Closely,Darkness / Lighted Road,Clear,Dry,N,,,,,No Controls,No Controls,Y,2,41.8737543,-87.8042655,ok,Partial Access Control,3,03-24-02846,2024,,28,3,50000 and OVER,9,4295,Oak Park,C,Urban InterState,,16,15,12535570,2,Cook,0,24,,,4,N,No,(UNK),202401062809,ISP,5,7.71000004,Y,,,,(UNK),53446,(N/A),(UNK),No Defects,1,1,InterState,1,290,X003331379,Not Toll,73,1,1,Divided With Median Barrier,3,2939981.84032047,1905375.46935381,41.87374641,-87.80425966,,Urban,1,N,(N/A),Y,(N/A)
2024,2024-02-24,Saturday,2,02:30 AM,Property Damage,No Injuries,0,0,0,0,0,1,Fixed Object,6,N,N,Physical Condition of Driver,Improper Lane Usage,Darkness / Lighted Road,Clear,Ice,N,,,,,Other Regualtory Sig,Functioning Properly,N,1,41.8713435,-87.7776778,ok,Partial Access Control,3,03-24-03303,2024,,17,20,50000 and OVER,9,4295,Oak Park,C,Urban InterState,,16,24,12535691,2,Cook,0,24,,,6,N,No,(UNK),202401062928,ISP,5,0,Y,,,,(UNK),53525,(N/A),(UNK),No Defects,1,4,InterState,1,,X003331499,Not Toll,73,10,4,Divided With Median Barrier,3,2947247.88688643,1904697.49018662,41.87133567,-87.77767198,,Urban,1,N,(N/A),Y,(N/A)
2024,2024-01-21,Sunday,8,08:02 AM,Property Damage,No Injuries,0,0,0,0,0,1,Parked Motor Vehicle,9,N,N,Failing to Reduce Speed to Avoid Crash,(N/A),Daylight,Clear,Dry,N,,,,,No Controls,No Controls,N,3,41.8873737,-87.7912427,ok,(UNK),1,2400378,2024,,28,99,50000 and OVER,9,4295,Oak Park,C,Urban Local Road or Street,,16,21,12533372,1,Cook,0,24,,,7,N,No,Free Flow,202401061077,City,1,0,N,,,,(UNK),56192,(N/A),(UNK),No Defects,1,1,Local Road or Street,7,,X003329638,Not Toll,73,1,1,Not Divided,1,2943391.33719354,1910436.58433998,41.88736584,-87.79123695,,Urban,1,N,(N/A),Y,(N/A)
2024,2024-02-08,Thursday,14,02:55 PM,Property Damage,No Injuries,0,0,0,0,0,2,Front to Rear,11,N,N,Failing to Reduce Speed to Avoid Crash,Unable to Determine,Daylight,Clear,Dry,N,,,,,No Controls,No Controls,N,2,41.9090517,-87.7967238,ok,(UNK),1,2400746,2024,,28,18,50000 and OVER,9,4295,Oak Park,C,Urban Other Principal Arte,,16,8,12533395,2,Cook,0,24,,,4,N,No,Slow,202401061096,City,1,6.38999987,Y,,,,(UNK),56208,(N/A),(UNK),No Defects,1,1,Other Principal Arterial,3,307,X003329658,Not Toll,,1,1,Not Divided,1,2941680.45749823,1918295.19062926,41.90904389,-87.79671801,,Urban,1,N,(N/A),Y,(N/A)
2024,2024-02-01,Thursday,7,07:45 AM,Property Damage,No Injuries,0,0,0,0,0,1,Parked Motor Vehicle,9,N,N,Failing to Reduce Speed to Avoid Crash,Unable to Determine,Daylight,Clear,Dry,N,,,,,No Controls,No Controls,N,2,41.8884261,-87.7895929,ok,(UNK),1,2400756,2024,,28,18,50000 and OVER,9,4295,Oak Park,C,Urban Minor Collector,,16,1,12533411,2,Cook,0,24,,,4,N,No,Stopped,202401061113,City,1,0,N,,,,(UNK),56216,(N/A),(UNK),No Defects,1,1,Minor Collector,6,2779,X003329673,Not Toll,73,1,1,Not Divided,1,2943829.98066311,1910832.56747338,41.8884183,-87.78958707,,Urban,1,N,(N/A),Y,(N/A)
2024,2024-02-18,Sunday,15,03:59 PM,Injury,B Injury Crash,1,0,0,1,0,1,Pedalcyclist,2,N,Y,Failing to Reduce Speed to Avoid Crash,(N/A),Daylight,Clear,Dry,Y,,,,,Stop Sign,Functioning Properly,N,1,41.9038125,-87.7827805,ok,(UNK),1,2400931,2024,,28,99,50000 and OVER,9,4295,Oak Park,C,Urban Local Road or Street,,16,18,12533479,2,Cook,2,24,,,7,N,No,Free Flow,202401061176,City,1,0,N,,,,(UNK),56251,(N/A),(UNK),No Defects,1,1,Local Road or Street,7,,X003329737,Not Toll,73,2,4,Four Way,14,2945529.13195688,1916491.16164587,41.9038047,-87.78277471,,Urban,1,N,(N/A),Y,(N/A)
2024,2024-02-18,Sunday,15,03:57 PM,Property Damage,No Injuries,0,0,0,0,0,2,Angle,15,N,N,Failing to Yield Right of Way,(N/A),Daylight,Clear,Dry,Y,,,,,Stop Sign,Functioning Properly,N,2,41.8946977,-87.7767425,ok,(UNK),1,2400932,2024,,2,99,50000 and OVER,9,4295,Oak Park,C,Urban Minor Arterial,,16,18,12533481,2,Cook,0,24,,,7,N,No,Free Flow,202401061178,City,1,4.03999996,N,,,,(UNK),56252,(N/A),(UNK),No Defects,1,1,Minor Arterial,4,1398,X003329739,Not Toll,73,2,4,Four Way,14,2947265.48999908,1913215.30148799,41.89468987,-87.77673671,,Urban,1,N,(N/A),Y,(N/A)
2024,2024-02-21,Wednesday,8,08:40 AM,Property Damage,No Injuries,0,0,0,0,0,3,Sideswipe Same Direction,12,N,N,Improper Overtaking/Passing,Failing to Yield Right of Way,Daylight,Clear,Dry,N,,,,,No Controls,No Controls,N,2,41.8849938,-87.8049001,ok,(UNK),1,2400988,2024,,4,2,50000 and OVER,9,4295,Oak Park,C,Urban Other Principal Arte,,16,21,12533486,2,Cook,0,24,,,3,N,No,Slow,202401061182,City,1,19.30999947,Y,,,,(UNK),56255,(N/A),(UNK),No Defects,1,1,Other Principal Arterial,3,348,X003329743,Not Toll,73,1,1,Not Divided,1,2939696.21683579,1909466.6174889,41.884986,-87.80489428,,Urban,1,N,(N/A),Y,(N/A)
2024,2024-01-26,Friday,19,07:40 PM,Property Damage,No Injuries,0,0,0,0,0,3,Turning,10,N,N,Improper Lane Usage,Driving Skills/Knowledge/Experience,Darkness / Lighted Road,Rain,Wet,Y,,,,,Traffic Signal,Functioning Properly,N,2,41.8736413,-87.8045235,ok,Partial Access Control,1,24-00262,2024,,20,15,50000 and OVER,9,4295,Oak Park,C,Urban InterState,,16,26,12504495,1,Cook,0,24,,,5,N,No,Slow,202401035340,City,5,0.23999999,Y,,,,(UNK),56404,(N/A),(UNK),No Defects,1,2,InterState,1,290,X003304252,Not Toll,73,3,4,Divided With Median Barrier,3,2939912.68797403,1905332.38595856,41.8736335,-87.80451771,,Urban,2,N,(N/A),Y,(N/A)
2024,2024-01-25,Thursday,7,07:53 AM,Injury,C Injury Crash,1,0,0,0,1,1,Front to Rear,11,N,N,Failing to Reduce Speed to Avoid Crash,Unable to Determine,Daylight,Freezing Rain or,Wet,Y,,,,,No Controls,No Controls,Y,2,41.8817578,-87.7828671,ok,(UNK),1,2400450,2024,,28,18,50000 and OVER,9,4295,Oak Park,C,Urban Major Collector,,16,25,12504745,1,Cook,1,24,,,4,N,No,Slow,202401035568,City,1,1.12,N,,,,(UNK),56572,(N/A),(UNK),No Defects,1,2,Major Collector,5,5,X003304492,Not Toll,73,1,1,"Divided, No Median Barrier",2,2945728.97450792,1908453.33611412,41.88174997,-87.7828613,,Urban,10,N,(N/A),Y,(N/A)
2024,2024-11-13,Wednesday,9,09:43 AM,Property Damage,No Injuries,0,0,0,0,0,2,Fixed Object,6,N,N,Driving Skills/Knowledge/Experience,(N/A),Daylight,Clear,Dry,N,,,,,No Controls,No Controls,N,1,41.88864,-87.79599,ok,(UNK),1,2406902,2024,,15,99,50000 and OVER,9,4295,Oak Park,C,Urban Major Collector,,16,13,12949737,11,Cook,0,24,OVERHANG,,3,N,No,Free Flow,202401432859,City,1,0,N,,,,(UNK),57125,(N/A),(UNK),No Defects,1,1,Major Collector,5,,X003694627,Not Toll,,1,1,Parking Lot,7,2942085.86594634,1910862.28480677,41.88864,-87.79599,,Urban,1,N,(N/A),Y,(N/A)
2024,2024-02-21,Wednesday,18,06:15 PM,Property Damage,No Injuries,0,0,0,0,0,1,Parked Motor Vehicle,9,N,N,Failing to Reduce Speed to Avoid Crash,(N/A),Darkness / Lighted Road,Clear,Dry,N,,,,,No Controls,No Controls,N,2,41.8744818,-87.7940614,ok,(UNK),1,2401003,2024,,28,99,50000 and OVER,9,4295,Oak Park,C,Urban Major Collector,,16,21,12533650,2,Cook,0,24,,,3,N,No,Slow,202401061195,City,5,6.51999998,N,,,,(UNK),57241,(N/A),(UNK),No Defects,1,1,Major Collector,5,2775,X003329756,Not Toll,73,1,1,"Divided, No Median Barrier",2,2942753.73521996,1905717.30533772,41.87447397,-87.79405564,,Urban,1,N,(N/A),Y,(N/A)