crash_year,crash_date,day_of_week,crash_hour,time_of_crash,crash_severity,crash_injury_severity,total_injured,total_fatals,a_injuries,b_injuries,c_injuries,no_injuries,type_of_first_crash,collision_type_code,pedestrian_involved,pedalcyclist_involved,cause1,cause2,lighting_cond,weather_cond,road_surface_cond,intersection_related,is_intersection,highway_or_street_name,at_intersection_with,address_no,traffic_control_device,traffic_control_device_cond,hit_and_run,number_of_vehicles,latitude,longitude,location_status,access_control,agency_code,agency_report_number,agency_report_year,alignment_code,cause1_code,cause2_code,city_class,city_class_code,city_code,city_name,city_township_flag,class_of_trafficway,class_of_trafficway_code,county_code,crash_day,crash_id,crash_month,crash_report_county,crash_severity_cd,crash_yr_source,damaged_property1,damaged_property2,day_of_week_code,did_crash_occur_in_work_zone,did_involve_secondary_crash,flow_condition,icn,investigating_agency_descrip,light_condition_code,mile_station,nhs,non_intersection_direction,non_intersection_distance,non_intersection_units,number_of_lanes,objectid,railroad_crossing_number,road_alignment,road_defects,road_defects_code,road_surface_condition_code,roadway_functional_class,roadway_functional_class_code,route_number,sfe,toll,township,traffic_control_device_code,traffic_control_device_cond_code,trafficway_descrip,trafficway_description_code,ts_crash_coordinate_x,ts_crash_coordinate_y,ts_crash_latitude,ts_crash_longitude,type_report,urban_rural,weather_code,were_workers_present,work_zone,work_zone_related,work_zone_type
2024,2024-12-15,Sunday,11,11:45 AM,Property Damage,No Injuries,0,0,0,0,0,2,Front to Rear,11,N,N,Following Too Closely,Weather,Daylight,Fog/Smoke/Haze,Wet,Y,,,,,Traffic Signal,Functioning Properly,N,2,41.8736416,-87.8045254,ok,Partial Access Control,1,24-04113,2024,,3,11,50000 and OVER,9,4295,Oak Park,C,Urban InterState,,16,15,12952876,12,Cook,0,24,,,7,N,No,Stopped,202401433080,City,1,0.23999999,Y,,,,(UNK),57603,(N/A),(UNK),No Defects,1,2,InterState,1,290,X003697564,Not Toll,73,3,4,"Divided, No Median Barrier",2,2939912.16108324,1905332.45667617,41.87363373,-87.80451964,,Urban,4,N,(N/A),Y,(N/A)
2024,2024-01-16,Tuesday,8,08:39 AM,Property Damage,No Injuries,0,0,0,0,0,3,Front to Rear,11,N,N,Following Too Closely,Driving Skills/Knowledge/Experience,Daylight,Clear,Dry,Y,,,,,Traffic Signal,Functioning Properly,N,2,41.8759848,-87.8045958,ok,(UNK),1,24-00147,2024,,3,15,50000 and OVER,9,4295,Oak Park,C,Urban Other Principal Arte,,16,16,12488720,1,Cook,0,24,,,2,N,No,Stopped,202401022055,City,1,19.93000031,Y,,,,(UNK),57694,(N/A),(UNK),No Defects,1,1,Other Principal Arterial,3,348,X003290762,Not Toll,73,3,4,"Divided, No Median Barrier",2,2939869.49456576,1906185.86027551,41.875977,-87.80458997,,Urban,1,N,(N/A),Y,(N/A)
2024,2024-01-16,Tuesday,18,06:57 PM,Property Damage,No Injuries,0,0,0,0,0,2,Front to Rear,11,N,N,Following Too Closely,Driving Skills/Knowledge/Experience,Darkness,Clear,Dry,N,,,,,Traffic Signal,Functioning Properly,Y,2,41.8735605,-87.8045222,ok,Partial Access Control,1,24-00154,2024,,3,15,50000 and OVER,9,4295,Oak Park,C,Urban InterState,,16,16,12489511,1,Cook,0,24,,,2,N,No,Free Flow,202401022771,City,4,20.10000038,Y,,,,(UNK),58217,(N/A),(UNK),No Defects,1,1,InterState,1,348,X003291501,Not Toll,73,3,4,Divided With Median Barrier,3,2939913.87002745,1905302.93999998,41.87355266,-87.80451635,,Urban,1,N,(N/A),Y,(N/A)
2024,2024-02-10,Saturday,18,06:45 PM,Property Damage,No Injuries,0,0,0,0,0,2,Front to Rear,11,N,N,Failing to Reduce Speed to Avoid Crash,Following Too Closely,Darkness / Lighted Road,Clear,Dry,N,,,,,Other,Functioning Properly,N,2,41.8722414,-87.7879363,ok,Partial Access Control,3,03-24-02519,2024,,28,3,50000 and OVER,9,4295,Oak Park,C,Urban InterState,,16,10,12520561,2,Cook,0,24,,,6,N,No,(UNK),202401049523,ISP,5,8.51000023,Y,,,,(UNK),58558,(N/A),(UNK),No Defects,1,1,InterState,1,290,X003318372,Not Toll,73,13,4,Divided With Median Barrier,3,2944444.63106128,1904947.03944165,41.87223351,-87.78793051,,Urban,1,N,(N/A),Y,(N/A)
2024,2024-02-01,Thursday,13,01:38 PM,Property Damage,No Injuries,0,0,0,0,0,2,Turning,10,N,N,Failing to Yield Right of Way,Unable to Determine,Daylight,Clear,Dry,N,,,,,No Controls,No Controls,N,2,,,missing,(UNK),1,2400598,2024,,2,18,50000 and OVER,9,4295,Oak Park,C,(UNK),8,16,1,12520800,2,Cook,0,24,,,4,N,No,Free Flow,202401049737,City,1,0,N,,,,(UNK),58755,(N/A),(UNK),"Rut, Holes",7,1,(UNK),0,0,X003318589,No Toll,,1,1,Alley,12,0,0,,,,(UNK),1,N,(N/A),N,(N/A)
2024,2024-02-09,Friday,13,01:08 PM,Property Damage,No Injuries,0,0,0,0,0,3,Rear to Front,18,N,N,Following Too Closely,(N/A),Daylight,Clear,Dry,N,,,,,No Controls,No Controls,N,2,41.8834924,-87.784546,ok,(UNK),1,2400759,2024,,3,99,50000 and OVER,9,4295,Oak Park,C,Urban Major Collector,,16,9,12520804,2,Cook,0,24,,,5,N,No,Free Flow,202401049741,City,1,1.27999997,N,,,,(UNK),58759,(N/A),(UNK),No Defects,1,1,Major Collector,5,2783,X003318593,Not Toll,73,1,1,Not Divided,1,2945254.19862987,1909072.74125794,41.88348453,-87.78454021,,Urban,1,N,(N/A),Y,(N/A)
2024,2024-02-10,Saturday,12,12:32 PM,Property Damage,No Injuries,0,0,0,0,0,2,Sideswipe Same Direction,12,N,N,Improper Lane Usage,Operating Vehicle In Reckless Manner,Daylight,Clear,Dry,N,,,,,No Controls,No Controls,N,2,41.8797344,-87.7911792,ok,(UNK),1,2400781,2024,,20,50,50000 and OVER,9,4295,Oak Park,C,Urban Minor Arterial,,16,10,12520817,2,Cook,0,24,,,6,N,Yes,Free Flow,202401049752,City,1,3.75999999,N,,,,(UNK),58770,(N/A),(UNK),No Defects,1,1,Minor Arterial,4,1419,X003318605,Not Toll,73,1,1,Not Divided,1,2943485.74972932,1907653.18215777,41.8797266,-87.79117337,,Urban,1,N,(N/A),Y,(N/A)
2024,2024-02-10,Saturday,20,08:30 PM,Property Damage,No Injuries,0,0,0,0,0,1,Parked Motor Vehicle,9,N,N,Failing to Reduce Speed to Avoid Crash,(N/A),Unknown,Unknown,Unknown,N,,,,,No Controls,No Controls,Y,4,41.8830283,-87.8024206,ok,(UNK),1,2400792,2024,,28,99,50000 and OVER,9,4295,Oak Park,C,Urban Local Road or Street,,16,10,12521434,2,Cook,0,24,,,6,N,Yes,(UNK),202401050408,City,9,0,N,,,,(UNK),59179,(N/A),(UNK),No Defects,1,9,Local Road or Street,7,,X003319168,Not Toll,73,1,1,Not Divided,1,2940391.16156894,1908768.95337671,41.88302049,-87.80241483,,Urban,9,N,(N/A),Y,(N/A)
2024,2024-02-11,Sunday,11,11:06 AM,Property Damage,No Injuries,0,0,0,0,0,3,Front to Rear,11,N,N,Following Too Closely,Failing to Reduce Speed to Avoid Crash,Daylight,Clear,Dry,N,,,,,No Controls,No Controls,N,2,41.8798033,-87.7844343,ok,(UNK),1,2400794,2024,,3,28,50000 and OVER,9,4295,Oak Park,C,Urban Major Collector,,16,11,12521456,2,Cook,0,24,,,7,N,No,Stopped,202401050430,City,1,1.51999998,N,,,,(UNK),59196,(N/A),(UNK),No Defects,1,1,Major Collector,5,2783,X003319190,Not Toll,73,1,1,"Divided, No Median Barrier",2,2945321.9454314,1907729.21442589,41.87979545,-87.78442854,,Urban,1,N,(N/A),Y,(N/A)
2024,2024-02-11,Sunday,11,11:46 AM,Property Damage,No Injuries,0,0,0,0,0,2,Turning,10,N,N,Failing to Reduce Speed to Avoid Crash,Unable to Determine,Daylight,Clear,Dry,Y,,,,,Stop Sign,Functioning Properly,N,2,41.9073206,-87.7846662,ok,(UNK),1,2400797,2024,,28,18,50000 and OVER,9,4295,Oak Park,C,Urban Local Road or Street,,16,11,12521466,2,Cook,0,24,,,7,N,No,Free Flow,202401050437,City,1,0,N,,,,(UNK),59202,(N/A),(UNK),No Defects,1,1,Local Road or Street,7,,X003319198,Not Toll,73,2,4,Four Way,14,2944980.25662434,1917755.30143597,41.90731276,-87.7846604,,Urban,1,N,(N/A),Y,(N/A)
2024,2024-02-11,Sunday,16,04:47 PM,Property Damage,No Injuries,0,0,0,0,0,1,Parked Motor Vehicle,9,N,N,Improper Lane Usage,Failing to Reduce Speed to Avoid Crash,Unknown,Unknown,Dry,N,,,,,No Controls,No Controls,Y,2,41.8669842,-87.7939184,ok,(UNK),1,2400801,2024,,20,28,50000 and OVER,9,4295,Oak Park,C,Urban Local Road or Street,,16,11,12521499,2,Cook,0,24,,,7,N,No,(UNK),202401050467,City,9,0,N,,,,(UNK),59227,(N/A),(UNK),No Defects,1,1,Local Road or Street,7,,X003319228,Not Toll,73,1,1,Not Divided,1,2942868.2474097,1902986.12412764,41.86697638,-87.79391264,,Urban,9,N,(N/A),Y,(N/A)
2024,2024-01-01,Monday,1,01:09 AM,Property Damage,No Injuries,0,0,0,0,0,3,Angle,15,N,N,Failing to Yield Right of Way,Failing to Reduce Speed to Avoid Crash,Darkness,Clear,Dry,N,,,,,No Controls,No Controls,Y,2,41.8815824,-87.7946932,ok,(UNK),1,2400001,2024,,2,28,50000 and OVER,9,4295,Oak Park,C,Urban Major Collector,,16,1,12470861,1,Cook,0,24,,,1,N,No,(UNK),202401010126,City,4,0.51999998,N,,,,(UNK),59759,(N/A),(UNK),No Defects,1,1,Major Collector,5,5,X003275281,Not Toll,73,1,1,Not Divided,1,2942510.1128499,1908300.1244631,41.88157454,-87.79468741,,Urban,1,N,(N/A),Y,(N/A)
2024,2024-01-26,Friday,10,10:03 AM,Property Damage,No Injuries,0,0,0,0,0,2,Front to Rear,11,N,N,Failing to Reduce Speed to Avoid Crash,Following Too Closely,Daylight,Clear,Dry,N,,,,,Other,Functioning Properly,N,2,41.873778,-87.8045294,ok,Partial Access Control,3,03-24-01678,2024,,28,3,50000 and OVER,9,4295,Oak Park,C,Urban InterState,,16,26,12505630,1,Cook,0,24,,,5,N,No,(UNK),202401036401,ISP,1,7.69999981,Y,,,,(UNK),60027,(N/A),(UNK),No Defects,1,1,InterState,1,290,X003305338,Not Toll,73,13,4,Divided With Median Barrier,3,2939909.71995823,1905382.13276391,41.87377013,-87.80452358,,Urban,1,N,(N/A),Y,(N/A)
2024,2024-01-26,Friday,12,12:56 PM,Property Damage,No Injuries,0,0,0,0,0,3,Turning,10,N,N,Operating Vehicle In Reckless Manner,(N/A),Daylight,Rain,Wet,N,,,,,Traffic Signal,Functioning Properly,Y,2,41.8737805,-87.8045294,ok,(UNK),1,24-00259,2024,,50,99,50000 and OVER,9,4295,Oak Park,C,Urban Other Principal Arte,,16,26,12505655,1,Cook,0,24,,,5,N,No,Free Flow,202401036425,City,1,20.07999992,Y,,,,(UNK),60048,(N/A),(UNK),No Defects,1,2,Other Principal Arterial,3,348,X003305363,Not Toll,73,3,4,Divided With Median Barrier,3,2939909.67671707,1905383.04944176,41.87377264,-87.80452364,,Urban,2,N,(N/A),Y,(N/A)
2024,2024-01-27,Saturday,17,05:30 PM,Property Damage,No Injuries,0,0,0,0,0,3,Front to Rear,11,N,N,Following Too Closely,Failing to Reduce Speed to Avoid Crash,Darkness / Lighted Road,Rain,Wet,N,,,,,Other,Functioning Properly,Y,3,41.8730932,-87.7979936,ok,Partial Access Control,3,03-24-01745,2024,,3,28,50000 and OVER,9,4295,Oak Park,C,Urban InterState,,16,27,12505866,1,Cook,0,24,,,6,N,No,(UNK),202401036625,ISP,5,8,Y,,,,(UNK),60195,(N/A),(UNK),No Defects,1,2,InterState,1,290,X003305566,Not Toll,73,13,4,Divided With Median Barrier,3,2941696.73048128,1905181.66016043,41.87308532,-87.79798781,,Urban,2,N,(N/A),Y,(N/A)
2024,2024-01-08,Monday,9,09:46 AM,Property Damage,No Injuries,0,0,0,0,0,2,Angle,15,N,N,Failing to Yield Right of Way,Failing to Reduce Speed to Avoid Crash,Daylight,Cloudy/Overcast,Dry,N,,,,,Traffic Signal,Functioning Properly,N,2,41.8870073,-87.7846471,ok,(UNK),1,2400142,2024,,2,28,50000 and OVER,9,4295,Oak Park,C,Urban Major Collector,,16,8,12489983,1,Cook,0,24,,,1,N,No,Free Flow,202401023150,City,1,1.02999997,N,,,,(UNK),60761,(N/A),(UNK),No Defects,1,1,Major Collector,5,2783,X003291931,Not Toll,73,3,4,Not Divided,1,2945191.10622097,1910352.88793572,41.88699947,-87.78464125,,Urban,8,N,(N/A),Y,(N/A)
2024,2024-01-09,Tuesday,8,08:44 AM,Property Damage,No Injuries,0,0,0,0,0,5,Angle,15,N,N,Failing to Reduce Speed to Avoid Crash,Unable to Determine,Daylight,Rain,Wet,N,,,,,No Controls,No Controls,N,2,,,missing,(UNK),1,2400155,2024,,28,18,50000 and OVER,9,4295,Oak Park,C,(UNK),8,16,9,12490003,1,Cook,0,24,,,2,N,No,Free Flow,202401023170,City,1,0,N,,,,(UNK),60775,(N/A),(UNK),No Defects,1,2,(UNK),0,0,X003291949,No Toll,,1,1,Alley,12,0,0,,,,(UNK),2,N,(N/A),Y,(N/A)
2024,2024-01-09,Tuesday,13,01:33 PM,Property Damage,No Injuries,0,0,0,0,0,2,Front to Rear,11,N,N,Failing to Reduce Speed to Avoid Crash,Unable to Determine,Daylight,Snow,Snow or Slush,N,,,,,No Controls,No Controls,N,2,41.8873369,-87.7926104,ok,(UNK),1,2400158,2024,,28,18,50000 and OVER,9,4295,Oak Park,C,Urban Local Road or Street,,16,9,12490019,1,Cook,0,24,,,2,N,No,Slow,202401023183,City,1,0,N,,,,(UNK),60784,(N/A),(UNK),No Defects,1,3,Local Road or Street,7,,X003291965,Not Toll,73,1,1,Not Divided,1,2943019.28302443,1910412.86224092,41.88732904,-87.79260461,,Urban,3,N,(N/A),Y,(N/A)
2024,2024-01-16,Tuesday,19,07:39 PM,Property Damage,No Injuries,0,0,0,0,0,2,Front to Rear,11,N,N,Following Too Closely,(N/A),Darkness / Lighted Road,Clear,Dry,N,,,,,Traffic Signal,Functioning Properly,N,2,41.8735084,-87.8045198,ok,Partial Access Control,1,2400281,2024,,3,99,50000 and OVER,9,4295,Oak Park,C,Urban InterState,,16,16,12490025,1,Cook,0,24,,,2,N,No,Free Flow,202401023188,City,5,7.69999981,Y,,,,(UNK),60788,(N/A),(UNK),No Defects,1,1,InterState,1,290,X003291970,Not Toll,73,3,4,Two-way Continuous Left-Tur,4,2939915.03074484,1905283.97824961,41.87350058,-87.80451401,,Urban,1,N,(N/A),Y,(N/A)
2024,2024-01-08,Monday,9,09:12 AM,Injury,B Injury Crash,1,0,0,1,0,1,Sideswipe Same Direction,12,N,N,Improper Lane Usage,Failing to Reduce Speed to Avoid Crash,Daylight,Cloudy/Overcast,Dry,N,,,,,No Controls,No Controls,N,4,41.8945266,-87.7881995,ok,(UNK),1,2400141,2024,,20,28,50000 and OVER,9,4295,Oak Park,C,Urban Minor Arterial,,16,8,12490089,1,Cook,2,24,,,1,N,No,Slow,202401023254,City,1,3.45000005,N,,,,(UNK),60824,(N/A),(UNK),No Defects,1,1,Minor Arterial,4,1398,X003292022,Not Toll,73,1,1,"Divided, No Median Barrier",2,2944147.74257316,1913066.20474572,41.89451874,-87.78819371,,Urban,8,N,(N/A),Y,(N/A)
2024,2024-01-09,Tuesday,15,03:17 PM,Property Damage,No Injuries,0,0,0,0,0,2,Angle,15,N,N,Failing to Yield Right of Way,Failing to Reduce Speed to Avoid Crash,Daylight,Snow,Snow or Slush,N,,,,,Stop Sign,Functioning Properly,Y,2,41.867047,-87.7901513,ok,(UNK),1,2400162,2024,,2,28,50000 and OVER,9,4295,Oak Park,C,Urban Local Road or Street,,16,9,12490095,1,Cook,0,24,,,2,N,No,Free Flow,202401023259,City,1,0,N,,,,(UNK),60828,(N/A),(UNK),No Defects,1,3,Local Road or Street,7,,X003292027,Not Toll,73,2,4,Four Way,14,2943893.76111595,1903037.38838673,41.86703912,-87.79014551,,Urban,3,N,(N/A),Y,(N/A)
2024,2024-01-09,Tuesday,14,02:58 PM,Property Damage,No Injuries,0,0,0,0,0,2,Front to Rear,11,N,N,Unable to Determine,Unable to Determine,Daylight,Snow,Snow or Slush,Y,,,,,Stop Sign,Functioning Properly,N,2,41.8979804,-87.7991738,ok,(UNK),1,2400164,2024,,18,18,50000 and OVER,9,4295,Oak Park,C,Urban Local Road or Street,,16,9,12490110,1,Cook,0,24,,,2,N,No,Free Flow,202401023273,City,1,0,N,,,,(UNK),60839,(N/A),(UNK),No Defects,1,3,Local Road or Street,7,,X003292041,Not Toll,73,2,4,Not Divided,1,2941124.94783278,1914242.14628827,41.89797253,-87.79916797,,Urban,3,N,(N/A),Y,(N/A)
2024,2024-01-09,Tuesday,15,03:36 PM,Property Damage,No Injuries,0,0,0,0,0,2,Front to Rear,11,N,N,Weather,Failing to Reduce Speed to Avoid Crash,Daylight,Snow,Snow or Slush,N,,,,,Stop Sign,Functioning Properly,N,2,41.881698,-87.7861462,ok,(UNK),1,2400167,2024,,11,28,50000 and OVER,9,4295,Oak Park,C,Urban Major Collector,,16,9,12490117,1,Cook,0,24,,,2,N,No,Slow,202401023280,City,1,0.94999999,N,,,,(UNK),60841,(N/A),(UNK),No Defects,1,3,Major Collector,5,5,X003292048,Not Toll,73,2,4,"Divided, No Median Barrier",2,2944836.56452698,1908406.72400532,41.88169012,-87.78614044,,Urban,3,N,(N/A),Y,(N/A)
2024,2024-01-09,Tuesday,15,03:54 PM,Property Damage,No Injuries,0,0,0,0,0,2,Angle,15,N,N,Failing to Yield Right of Way,Driving Skills/Knowledge/Experience,Daylight,Blowing Snow,Snow or Slush,Y,,,,,Stop Sign,Functioning Properly,N,2,41.8944579,-87.7912931,ok,(UNK),1,2400168,2024,,2,15,50000 and OVER,9,4295,Oak Park,C,Urban Minor Arterial,,16,9,12490119,1,Cook,0,24,,,2,N,No,Free Flow,202401023282,City,1,3.27999997,N,,,,(UNK),60843,(N/A),(UNK),No Defects,1,3,Minor Arterial,4,1398,X003292050,Not Toll,73,2,4,Not Divided,1,2943306.12931998,1913017.83397158,41.89445007,-87.79128726,,Urban,11,N,(N/A),Y,(N/A)
2024,2024-01-09,Tuesday,16,04:19 PM,Property Damage,No Injuries,0,0,0,0,0,1,Parked Motor Vehicle,9,N,N,Improper Lane Usage,(N/A),Darkness / Lighted Road,Blowing Snow,Snow or Slush,N,,,,,No Controls,No Controls,Y,2,41.8707709,-87.7978605,ok,(UNK),1,2400169,2024,,20,99,50000 and OVER,9,4295,Oak Park,C,Urban Local Road or Street,,16,9,12490169,1,Cook,0,24,,,2,N,No,Free Flow,202401023422,City,5,0,N,,,,(UNK),60870,(N/A),(UNK),No Defects,1,3,Local Road or Street,7,,X003292095,Not Toll,73,1,1,Not Divided,1,2941756.36120269,1904336.40436921,41.8707631,-87.79785466,,Urban,11,N,(N/A),Y,(N/A)
2024,2024-01-09,Tuesday,20,08:10 PM,Property Damage,No Injuries,0,0,0,0,0,5,Angle,15,N,N,Failing to Reduce Speed to Avoid Crash,Weather,Darkness / Lighted Road,Freezing Rain or,Wet,Y,,,,,Stop Sign,Functioning Properly,N,2,41.890589,-87.8026693,ok,(UNK),1,2400174,2024,,28,11,50000 and OVER,9,4295,Oak Park,C,Urban Local Road or Street,,16,9,12490171,1,Cook,0,24,,,2,N,No,Stopped,202401023320,City,5,0.57999998,N,,,,(UNK),60871,(N/A),(UNK),No Defects,1,2,Local Road or Street,7,1405,X003292096,Not Toll,73,2,4,Not Divided,1,2940247.49980838,1911522.32465562,41.89058113,-87.80266349,,Urban,10,N,(N/A),Y,(N/A)
2024,2024-01-09,Tuesday,14,02:30 PM,Property Damage,No Injuries,0,0,0,0,0,5,Front to Rear,11,N,N,Weather,Following Too Closely,Daylight,Snow,Snow or Slush,N,,,,,Traffic Signal,Functioning Properly,N,2,41.8821591,-87.7747265,ok,(UNK),1,2400175,2024,,11,3,50000 and OVER,9,4295,Oak Park,C,Urban Minor Arterial,,16,9,12490176,1,Cook,0,24,,,2,N,No,Stopped,202401023438,City,1,7.55000019,N,,,,(UNK),60874,(N/A),(UNK),No Defects,1,3,Minor Arterial,4,2790,X003292100,Not Toll,,3,4,"Divided, No Median Barrier",2,2947941.85250296,1908661.28857046,41.88215125,-87.77472067,,Urban,3,N,(N/A),Y,(N/A)
2024,2024-01-09,Tuesday,16,04:08 PM,Property Damage,No Injuries,0,0,0,0,0,2,Front to Rear,11,N,N,Following Too Closely,Weather,Daylight,Snow,Snow or Slush,N,,,,,Stop Sign,Functioning Properly,N,2,41.8982821,-87.780115,ok,(UNK),1,2400180,2024,,3,11,50000 and OVER,9,4295,Oak Park,C,Urban Local Road or Street,,16,9,12490190,1,Cook,0,24,,,2,N,No,Free Flow,202401023337,City,1,0.75,N,,,,(UNK),60885,(N/A),(UNK),No Defects,1,3,Local Road or Street,7,3559,X003292114,Not Toll,73,2,4,Four Way,14,2946310.8749995,1914495.93292426,41.89827422,-87.78010924,,Urban,3,N,(N/A),Y,(N/A)
2024,2024-01-10,Wednesday,12,12:51 PM,Injury,A Injury Crash,1,0,1,0,0,1,Pedestrian,1,Y,N,Failing to Yield Right of Way,(N/A),Daylight,Clear,Wet,Y,,,,,Traffic Signal,Functioning Properly,N,1,41.879715,-87.7942753,ok,(UNK),1,2400183,2024,,2,99,50000 and OVER,9,4295,Oak Park,C,Urban Minor Arterial,,16,10,12490201,1,Cook,3,24,,,3,N,No,Free Flow,202401023347,City,1,3.5999999,N,,,,(UNK),60893,(N/A),(UNK),No Defects,1,2,Minor Arterial,4,1419,X003292125,Not Toll,73,3,4,Four Way,14,2942642.73910816,1907622.77599432,41.8797072,-87.79426952,,Urban,1,N,(N/A),Y,(N/A)
2024,2024-01-10,Wednesday,15,03:30 PM,Property Damage,No Injuries,0,0,0,0,0,3,Front to Rear,11,N,N,Failing to Reduce Speed to Avoid Crash,Driving Skills/Knowledge/Experience,Daylight,Cloudy/Overcast,Dry,N,,,,,No Controls,No Controls,N,2,41.8907755,-87.7750011,ok,(UNK),1,2400188,2024,,28,15,50000 and OVER,9,4295,Oak Park,C,Urban Minor Arterial,,16,10,12490202,1,Cook,0,24,,,3,N,No,Free Flow,202401023348,City,1,6.92999983,N,,,,(UNK),60894,(N/A),(UNK),No Defects,1,1,Minor Arterial,4,2790,X003292126,Not Toll,,1,1,Not Divided,1,2947779.51152822,1911799.18883559,41.89076766,-87.77499526,,Urban,8,N,(N/A),Y,(N/A)
2024,2024-01-10,Wednesday,15,03:27 PM,Property Damage,No Injuries,0,0,0,0,0,3,Sideswipe Same Direction,12,N,N,Improper Overtaking/Passing,Failing to Reduce Speed to Avoid Crash,Daylight,Clear,Dry,N,,,,,No Controls,No Controls,Y,2,41.8815873,-87.7943683,ok,(UNK),1,2400189,2024,,4,28,50000 and OVER,9,4295,Oak Park,C,Urban Major Collector,,16,10,12490213,1,Cook,0,24,,,3,N,No,Slow,202401023357,City,1,0.54000002,N,,,,(UNK),60900,(N/A),(UNK),No Defects,1,1,Major Collector,5,5,X003292136,Not Toll,73,1,1,"Divided, No Median Barrier",2,2942598.54965274,1908304.37882898,41.8815795,-87.79436249,,Urban,1,N,(N/A),Y,(N/A)
2024,2024-01-04,Thursday,12,12:44 PM,Property Damage,No Injuries,0,0,0,0,0,3,Rear to Front,18,N,N,Failing to Reduce Speed to Avoid Crash,(N/A),Daylight,Clear,Dry,N,,,,,Pedestrian Crossing,Functioning Properly,N,2,41.8876906,-87.7944872,ok,(UNK),1,2400070,2024,,28,99,50000 and OVER,9,4295,Oak Park,C,Urban Major Collector,,16,4,12490613,1,Cook,0,24,,,4,N,No,Stopped,202401023710,City,1,5.59000015,N,,,,(UNK),61161,(N/A),(UNK),No Defects,1,1,Major Collector,5,2775,X003292495,Not Toll,73,17,4,Not Divided,1,2942504.64434288,1910527.63081212,41.88768278,-87.79448143,,Urban,1,N,(N/A),Y,(N/A)
2024,2024-01-12,Friday,15,03:41 PM,Property Damage,No Injuries,0,0,0,0,0,1,Parked Motor Vehicle,9,N,N,Failing to Reduce Speed to Avoid Crash,Unable to Determine,Daylight,Snow,Snow or Slush,N,,,,,No Controls,No Controls,N,2,41.8700472,-87.7791863,ok,(UNK),1,2400220,2024,,28,18,50000 and OVER,9,4295,Oak Park,C,Urban Minor Collector,,16,12,12490674,1,Cook,0,24,,,5,N,No,Free Flow,202401023765,City,1,1.23000002,N,,,,(UNK),61204,(N/A),(UNK),No Defects,1,3,Minor Collector,6,3794,X003292551,Not Toll,73,1,1,Not Divided,1,2946850.15307625,1904213.65692038,41.87003937,-87.77918048,,Urban,3,N,(N/A),Y,(N/A)
2024,2024-02-14,Wednesday,13,01:22 PM,Injury,B Injury Crash,1,0,0,1,0,2,Turning,10,N,N,Failing to Yield Right of Way,(N/A),Daylight,Clear,Dry,N,,,,,No Controls,No Controls,N,2,41.8726087,-87.7860013,ok,(UNK),1,2400857,2024,,2,99,50000 and OVER,9,4295,Oak Park,C,Urban Local Road or Street,,16,14,12527198,2,Cook,2,24,,,3,N,No,Free Flow,202401055654,City,1,0.13,N,,,,(UNK),61670,(N/A),(UNK),No Defects,1,1,Local Road or Street,7,290,X003324352,Not Toll,73,1,1,Not Divided,1,2944967.95176142,1905095.51292811,41.87260082,-87.78599553,,Urban,1,N,(N/A),Y,(N/A)
2024,2024-02-05,Monday,18,06:20 PM,Property Damage,No Injuries,0,0,0,0,0,2,Front to Rear,11,N,N,Improper Lane Usage,Failing to Yield Right of Way,Darkness / Lighted Road,Clear,Dry,N,,,,,Other Regualtory Sig,Functioning Properly,Y,2,41.8717033,-87.784571,ok,Partial Access Control,3,03-24-02244,2024,,20,2,50000 and OVER,9,4295,Oak Park,C,Urban InterState,,16,5,12515548,2,Cook,0,24,,,1,N,No,(UNK),202401045147,ISP,5,8.68999958,Y,,,,(UNK),62348,(N/A),(UNK),No Defects,1,1,InterState,1,290,X003314000,Not Toll,,10,4,Divided With Median Barrier,3,2945366.68069458,1904776.38638401,41.87170328,-87.78457105,,Urban,1,N,(N/A),Y,(N/A)
2024,2024-01-30,Tuesday,13,01:00 PM,Property Damage,No Injuries,0,0,0,0,0,2,Front to Rear,11,N,N,Following Too Closely,Failing to Reduce Speed to Avoid Crash,Daylight,Unknown,Unknown,Y,,,,,Traffic Signal,Functioning Properly,N,2,41.8944179,-87.7946703,ok,(UNK),1,2400635,2024,,3,28,50000 and OVER,9,4295,Oak Park,C,Urban Minor Arterial,,16,30,12515621,1,Cook,0,24,,,2,N,No,Slow,202401045212,City,1,5.11999989,N,,,,(UNK),62390,(N/A),(UNK),No Defects,1,9,Minor Arterial,4,2775,X003314062,Not Toll,73,3,4,Two-way Continuous Left-Tur,4,2942386.97412937,1912977.80886542,41.89441009,-87.79466454,,Urban,9,N,(N/A),Y,(N/A)
2024,2024-01-02,Tuesday,6,06:53 AM,Property Damage,No Injuries,0,0,0,0,0,2,Turning,10,N,N,Improper Turning/No Signal,Unable to Determine,Daylight,Clear,Dry,Y,,,,,Traffic Signal,Functioning Properly,N,2,41.8736416,-87.8045258,ok,Partial Access Control,1,24-00015,2024,,6,18,50000 and OVER,9,4295,Oak Park,C,Urban InterState,,16,2,12472127,1,Cook,0,24,,,2,N,No,Free Flow,202401010395,City,1,0.23999999,Y,,,,(UNK),62798,(N/A),(UNK),No Defects,1,1,InterState,1,290,X003276491,Not Toll,73,3,4,Divided With Median Barrier,3,2939912.062394,1905332.46992192,41.87363377,-87.80452,,Urban,1,N,(N/A),Y,(N/A)