crash_year,crash_date,day_of_week,crash_hour,time_of_crash,crash_severity,crash_injury_severity,total_injured,total_fatals,a_injuries,b_injuries,c_injuries,no_injuries,type_of_first_crash,collision_type_code,pedestrian_involved,pedalcyclist_involved,cause1,cause2,lighting_cond,weather_cond,road_surface_cond,intersection_related,is_intersection,highway_or_street_name,at_intersection_with,address_no,traffic_control_device,traffic_control_device_cond,hit_and_run,number_of_vehicles,latitude,longitude,location_status,access_control,agency_code,agency_report_number,agency_report_year,alignment_code,cause1_code,cause2_code,city_class,city_class_code,city_code,city_name,city_township_flag,class_of_trafficway,class_of_trafficway_code,county_code,crash_day,crash_id,crash_month,crash_report_county,crash_severity_cd,crash_yr_source,damaged_property1,damaged_property2,day_of_week_code,did_crash_occur_in_work_zone,did_involve_secondary_crash,flow_condition,icn,investigating_agency_descrip,light_condition_code,mile_station,nhs,non_intersection_direction,non_intersection_distance,non_intersection_units,number_of_lanes,objectid,railroad_crossing_number,road_alignment,road_defects,road_defects_code,road_surface_condition_code,roadway_functional_class,roadway_functional_class_code,route_number,sfe,toll,township,traffic_control_device_code,traffic_control_device_cond_code,trafficway_descrip,trafficway_description_code,ts_crash_coordinate_x,ts_crash_coordinate_y,ts_crash_latitude,ts_crash_longitude,type_report,urban_rural,weather_code,were_workers_present,work_zone,work_zone_related,work_zone_type
2024,2024-01-01,Monday,2,02:02 AM,Property Damage,No Injuries,0,0,0,0,0,1,Parked Motor Vehicle,9,N,N,Improper Lane Usage,(N/A),Darkness / Lighted Road,Clear,Dry,N,,,,,No Controls,No Controls,Y,2,41.9048515,-87.794953,ok,(UNK),1,2400003,2024,,20,99,50000 and OVER,9,4295,Oak Park,C,Urban Major Collector,,16,1,12472624,1,Cook,0,24,,,1,N,No,Slow,202401010531,City,5,4.38000011,N,,,,(UNK),62898,(N/A),(UNK),No Defects,1,1,Major Collector,5,2775,X003276946,Not Toll,73,1,1,Not Divided,1,2942204.8479195,1916777.87715152,41.90484366,-87.79494718,,Urban,1,N,(N/A),Y,(N/A)
2024,2024-01-01,Monday,5,05:12 AM,Property Damage,No Injuries,0,0,0,0,0,1,Fixed Object,6,N,N,Failing to Reduce Speed to Avoid Crash,(N/A),Darkness / Lighted Road,Clear,Dry,N,,,,,Traffic Signal,Functioning Properly,N,1,41.8735089,-87.8045198,ok,Partial Access Control,1,2400006,2024,,28,99,50000 and OVER,9,4295,Oak Park,C,Urban InterState,,16,1,12472635,1,Cook,0,24,,,1,N,No,Free Flow,202401010534,City,5,7.69999981,Y,,,,(UNK),62901,(N/A),(UNK),No Defects,1,1,InterState,1,290,X003276956,Not Toll,73,3,4,Not Divided,1,2939915.02064684,1905284.14321288,41.87350104,-87.80451403,,Urban,1,N,(N/A),Y,(N/A)
2024,2024-01-01,Monday,7,07:45 AM,Injury,B Injury Crash,1,0,0,1,0,2,Turning,10,N,N,Failing to Reduce Speed to Avoid Crash,Unable to Determine,Daylight,Clear,Dry,Y,,,,,Traffic Signal,Unknown,N,2,41.8813879,-87.8047849,ok,(UNK),1,2400007,2024,,28,18,50000 and OVER,9,4295,Oak Park,C,Urban Other Principal Arte,,16,1,12472639,1,Cook,2,24,LIGHT POLE,,1,N,No,Free Flow,202401010536,City,1,19.55999947,Y,,,,(UNK),62903,(N/A),(UNK),No Defects,1,1,Other Principal Arterial,3,348,X003276959,Not Toll,73,3,9,Four Way,14,2939763.77081018,1908153.39823517,41.88138002,-87.80477909,,Urban,1,N,(N/A),Y,(N/A)
2024,2024-01-01,Monday,9,09:25 AM,Property Damage,No Injuries,0,0,0,0,0,1,Parked Motor Vehicle,9,N,N,Unable to Determine,Had Been Drinking,Daylight,Cloudy/Overcast,Dry,N,,,,,No Controls,No Controls,Y,3,41.8788852,-87.7942291,ok,(UNK),1,2400008,2024,,18,19,50000 and OVER,9,4295,Oak Park,C,Urban Major Collector,,16,1,12472643,1,Cook,0,24,,,1,N,No,Free Flow,202401010539,City,1,6.23000002,N,,,,(UNK),62905,(N/A),(UNK),No Defects,1,1,Major Collector,5,2775,X003276962,Not Toll,73,1,1,Not Divided,1,2942663.6909401,1907320.71084366,41.87887734,-87.7942233,,Urban,8,N,(N/A),Y,(N/A)
2024,2024-01-17,Wednesday,17,05:00 PM,Property Damage,No Injuries,0,0,0,0,0,3,Front to Rear,11,N,N,Weather,Following Too Closely,Darkness / Lighted Road,Clear,Other,N,,,,,No Controls,No Controls,N,3,41.8854023,-87.8049145,ok,(UNK),1,24-000164,2024,,11,3,50000 and OVER,9,4295,Oak Park,C,Urban Other Principal Arte,,16,17,12490991,1,Cook,0,24,,,3,N,No,Slow,202401024059,City,5,19.28000069,Y,,,,(UNK),63140,(N/A),(UNK),No Defects,1,6,Other Principal Arterial,3,348,X003292859,Not Toll,73,1,1,"Divided, No Median Barrier",2,2939688.18062392,1909615.35965009,41.88539446,-87.80490874,,Urban,1,N,(N/A),Y,(N/A)
2024,2024-11-20,Wednesday,19,07:22 PM,Property Damage,No Injuries,0,0,0,0,0,2,Pedestrian,1,Y,N,Failing to Reduce Speed to Avoid Crash,Improper Turning/No Signal,Darkness / Lighted Road,Clear,Dry,Y,,,,,Traffic Signal,Functioning Properly,N,1,41.8689691,-87.7840958,ok,(UNK),1,2407047,2024,,28,6,50000 and OVER,9,4295,Oak Park,C,Urban Major Collector,,16,20,12971243,11,Cook,0,24,,,3,N,No,Free Flow,202401435758,City,5,2.27999997,N,,,,(UNK),63702,(N/A),(UNK),No Defects,1,1,Major Collector,5,2783,X003713807,Not Toll,73,3,4,Four Way,14,2945523.78514955,1903783.61527374,41.86896131,-87.78409004,,Urban,1,N,(N/A),Y,(N/A)
2024,2024-01-02,Tuesday,19,07:05 PM,Injury,B Injury Crash,5,0,0,5,0,1,Turning,10,N,N,Unable to Determine,Failing to Yield Right of Way,Dusk,Clear,Dry,N,,,,,No Controls,No Controls,N,2,41.9090273,-87.7954246,ok,(UNK),1,JH102295,2024,,18,2,50000 and OVER,9,4295,Oak Park,C,Urban Other Principal Arte,,16,2,12472885,1,Cook,2,24,SOUTHEAST CORNER BUILDING DAMAGE MINOR,PAY AT PAY BOX SIGN POLE,2,N,No,(UNK),202401010667,City,3,6.46000004,Y,,,,(UNK),63718,(N/A),(UNK),No Defects,1,1,Other Principal Arterial,3,307,X003277188,Not Toll,73,1,1,Not Divided,1,2942034.36033697,1918296.07882337,41.90901949,-87.79541883,,Urban,1,N,(N/A),Y,(N/A)
2024,2024-01-02,Tuesday,14,02:47 PM,Property Damage,No Injuries,0,0,0,0,0,1,Parked Motor Vehicle,9,N,N,Failing to Reduce Speed to Avoid Crash,Unable to Determine,Daylight,Clear,Dry,N,,,,,No Controls,No Controls,Y,2,41.890291,-87.7831283,ok,(UNK),1,2400032,2024,,28,18,50000 and OVER,9,4295,Oak Park,C,Urban Local Road or Street,,16,2,12473140,1,Cook,0,24,,,2,N,No,Free Flow,202401011991,City,1,0,N,,,,(UNK),63781,(N/A),(UNK),No Defects,1,1,Local Road or Street,7,,X003277370,Not Toll,73,1,1,Not Divided,1,2945571.41291769,1911561.01272756,41.89028315,-87.78312253,,Urban,1,N,(N/A),Y,(N/A)
2024,2024-01-02,Tuesday,14,02:29 PM,Property Damage,No Injuries,0,0,0,0,0,2,Sideswipe Same Direction,12,N,N,Improper Lane Usage,Failing to Reduce Speed to Avoid Crash,Daylight,Clear,Dry,N,,,,,No Controls,No Controls,Y,2,41.872432,-87.8044714,ok,(UNK),1,2400031,2024,,20,28,50000 and OVER,9,4295,Oak Park,C,Urban Other Principal Arte,,16,2,12473141,1,Cook,0,24,,,2,N,No,(UNK),202401010750,City,1,20.17000008,Y,,,,(UNK),63782,(N/A),(UNK),No Defects,1,1,Other Principal Arterial,3,348,X003277371,Not Toll,73,1,1,"Divided, No Median Barrier",2,2939939.02068314,1904892.07105375,41.87242415,-87.80446559,,Urban,1,N,(N/A),Y,(N/A)
2024,2024-01-24,Wednesday,6,06:54 AM,Property Damage,No Injuries,0,0,0,0,0,2,Turning,10,N,N,Improper Turning/No Signal,Unable to Determine,Dawn,Freezing Rain or,Wet,Y,,,,,Traffic Signal,Functioning Properly,Y,2,41.8817179,-87.7845129,ok,(UNK),1,2400429,2024,,6,18,50000 and OVER,9,4295,Oak Park,C,Urban Major Collector,,16,24,12507099,1,Cook,0,24,,,3,N,No,Free Flow,202401037654,City,2,1.02999997,N,,,,(UNK),64334,(N/A),(UNK),No Defects,1,2,Major Collector,5,5,X003306588,Not Toll,73,3,4,Four Way,14,2945281.16449101,1908426.34411174,41.88171007,-87.78450713,,Urban,10,N,(N/A),Y,(N/A)
2024,2024-01-24,Wednesday,9,09:19 AM,Property Damage,No Injuries,0,0,0,0,0,1,Parked Motor Vehicle,9,N,N,Unable to Determine,Unable to Determine,Daylight,Freezing Rain or,Snow or Slush,N,,,,,No Controls,No Controls,Y,2,41.8903208,-87.7960506,ok,(UNK),1,2400431,2024,,18,18,50000 and OVER,9,4295,Oak Park,C,Urban Local Road or Street,,16,24,12507102,1,Cook,0,24,,,3,N,No,Free Flow,202401037657,City,1,0,N,,,,(UNK),64337,(N/A),(UNK),No Defects,1,3,Local Road or Street,7,,X003306591,Not Toll,73,1,1,Not Divided,1,2942052.42599797,1911474.33844322,41.89031294,-87.79604483,,Urban,10,N,(N/A),Y,(N/A)
2024,2024-01-24,Wednesday,13,01:05 PM,Property Damage,No Injuries,0,0,0,0,0,4,Front to Rear,11,N,N,Following Too Closely,Failing to Reduce Speed to Avoid Crash,Daylight,Cloudy/Overcast,Wet,Y,,,,,No Controls,No Controls,Y,2,41.870596,-87.7767827,ok,(UNK),1,2400442,2024,,3,28,50000 and OVER,9,4295,Oak Park,C,Urban Local Road or Street,,16,24,12507123,1,Cook,0,24,,,3,N,No,Free Flow,202401037674,City,1,0.13,N,,,,(UNK),64343,(N/A),(UNK),No Defects,1,2,Local Road or Street,7,290,X003306610,Not Toll,73,1,1,Not Divided,1,2947499.27031339,1904431.87398223,41.87058816,-87.77677691,,Urban,8,N,(N/A),Y,(N/A)
2024,2024-01-26,Friday,13,01:32 PM,Property Damage,No Injuries,0,0,0,0,0,2,Angle,15,N,N,Failing to Yield Right of Way,(N/A),Daylight,Rain,Wet,Y,,,,,Stop Sign,Functioning Properly,N,2,41.8931243,-87.7832166,ok,(UNK),1,2400479,2024,,2,99,50000 and OVER,9,4295,Oak Park,C,Urban Local Road or Street,,16,26,12507159,1,Cook,0,24,,,5,N,No,Free Flow,202401037708,City,1,0,N,,,,(UNK),64367,(N/A),(UNK),No Defects,1,2,Local Road or Street,7,,X003306644,Not Toll,73,2,4,Four Way,14,2945518.68394621,1912592.85312593,41.89311645,-87.78321079,,Urban,2,N,(N/A),Y,(N/A)
2024,2024-01-26,Friday,14,02:15 PM,Property Damage,No Injuries,0,0,0,0,0,2,Angle,15,N,N,Failing to Yield Right of Way,Failing to Reduce Speed to Avoid Crash,Daylight,Cloudy/Overcast,Wet,Y,,,,,Stop Sign,Functioning Properly,N,2,41.8980365,-87.7962513,ok,(UNK),1,2400480,2024,,2,28,50000 and OVER,9,4295,Oak Park,C,Urban Local Road or Street,,16,26,12507160,1,Cook,0,24,,,5,N,No,Slow,202401037709,City,1,0,N,,,,(UNK),64368,(N/A),(UNK),No Defects,1,2,Local Road or Street,7,,X003306645,Not Toll,73,2,4,Four Way,14,2941920.06583528,1914284.57871755,41.89802865,-87.79624548,,Urban,8,N,(N/A),Y,(N/A)
2024,2024-01-24,Wednesday,17,05:15 PM,Injury,C Injury Crash,1,0,0,0,1,1,Front to Rear,11,N,N,Following Too Closely,Failing to Reduce Speed to Avoid Crash,Darkness,Cloudy/Overcast,Wet,Y,,,,,Traffic Signal,Functioning Properly,N,2,41.9092479,-87.7755446,ok,(UNK),1,2400496,2024,,3,28,50000 and OVER,9,4295,Oak Park,C,Urban Other Principal Arte,,16,24,12507162,1,Cook,1,24,,,3,N,No,Free Flow,202401037711,City,4,7.48000002,Y,,,,(UNK),64369,(N/A),(UNK),No Defects,1,2,Other Principal Arterial,3,307,X003306647,Not Toll,,3,4,Not Divided,1,2947443.78079907,1918526.75824696,41.90924002,-87.7755388,,Urban,8,N,(N/A),Y,(N/A)
2024,2024-01-27,Saturday,20,08:56 PM,Property Damage,No Injuries,0,0,0,0,0,2,Front to Rear,11,N,N,Improper Overtaking/Passing,Following Too Closely,Darkness / Lighted Road,Freezing Rain or,Wet,Y,,,,,Traffic Signal,Functioning Properly,N,2,41.8885678,-87.8050258,ok,(UNK),1,2400506,2024,,4,3,50000 and OVER,9,4295,Oak Park,C,Urban Other Principal Arte,,16,27,12507171,1,Cook,0,24,,,6,N,No,Free Flow,202401037719,City,5,19.05999947,Y,,,,(UNK),64374,(N/A),(UNK),No Defects,1,2,Other Principal Arterial,3,348,X003306655,Not Toll,73,3,4,"Divided, No Median Barrier",2,2939626.11874017,1910768.10734459,41.88856,-87.80502,,Urban,10,N,(N/A),Y,(N/A)
2024,2024-01-28,Sunday,9,09:24 AM,Property Damage,No Injuries,0,0,0,0,0,1,Fixed Object,6,N,N,Failing to Reduce Speed to Avoid Crash,Driving Skills/Knowledge/Experience,Daylight,Clear,Wet,Y,,,,,No Controls,No Controls,N,1,41.8866193,-87.8024809,ok,(UNK),1,2400515,2024,,28,15,50000 and OVER,9,4295,Oak Park,C,Urban Local Road or Street,,16,28,12507173,1,Cook,0,24,PLANTER,PLANTER,7,N,Yes,Free Flow,202401037721,City,1,0,N,,,,(UNK),64375,(N/A),(UNK),No Defects,1,2,Local Road or Street,7,,X003306657,Not Toll,73,1,1,Not Divided,1,2940338.6649598,1910077.12853547,41.88661149,-87.80247514,,Urban,1,N,(N/A),Y,(N/A)
2024,2024-01-28,Sunday,19,07:01 PM,Property Damage,No Injuries,0,0,0,0,0,2,Turning,10,N,N,Failing to Yield Right of Way,Unable to Determine,Darkness / Lighted Road,Clear,Dry,Y,,,,,No Controls,No Controls,N,2,41.8704892,-87.8043962,ok,(UNK),1,2400529,2024,,2,18,50000 and OVER,9,4295,Oak Park,C,Urban Other Principal Arte,,16,28,12507181,1,Cook,0,24,,,7,N,No,Free Flow,202401037728,City,5,20.30999947,Y,,,,(UNK),64381,(N/A),(UNK),No Defects,1,1,Other Principal Arterial,3,348,X003306665,Not Toll,73,1,1,Not Divided,1,2939978.98876934,1904184.64675826,41.87048136,-87.80439042,,Urban,1,N,(N/A),Y,(N/A)
2024,2024-01-26,Friday,16,04:39 PM,Property Damage,No Injuries,0,0,0,0,0,2,Angle,15,N,N,Failing to Yield Right of Way,Unable to Determine,Daylight,Rain,Wet,Y,,,,,No Controls,No Controls,N,2,41.8654313,-87.7765511,ok,(UNK),1,202400003246,2024,,2,18,50000 and OVER,9,4295,Oak Park,C,Urban Other Principal Arte,,16,26,12507210,1,Cook,0,24,,,5,N,No,Free Flow,202401037756,City,1,7.42000008,Y,,,,(UNK),64395,(N/A),(UNK),No Defects,1,2,Other Principal Arterial,3,347,X003306693,Not Toll,56,1,1,"Divided, No Median Barrier",2,2947614.78139167,1902551.51801872,41.86542345,-87.77654532,,Urban,2,N,(N/A),Y,(N/A)
2024,2024-01-29,Monday,18,06:40 PM,Injury,B Injury Crash,1,0,0,1,0,2,Front to Rear,11,N,N,Failing to Reduce Speed to Avoid Crash,Distraction - From Inside Vehicle,Darkness / Lighted Road,Clear,Dry,N,,,,,Traffic Signal,Functioning Properly,Y,3,41.8946995,-87.7766078,ok,(UNK),1,2400540,2024,,28,41,50000 and OVER,9,4295,Oak Park,C,Urban Minor Arterial,,16,29,12507746,1,Cook,2,24,,,1,N,No,Stopped,202401038235,City,5,4.05000019,N,,,,(UNK),64742,(N/A),(UNK),No Defects,1,1,Minor Arterial,4,1398,X003307175,Not Toll,73,3,4,"Divided, No Median Barrier",2,2947302.15105584,1913216.9598049,41.89469162,-87.776602,,Urban,1,N,(N/A),Y,(N/A)
2024,2024-01-25,Thursday,17,05:20 PM,Injury,C Injury Crash,1,0,0,0,1,4,Front to Rear,11,N,N,Physical Condition of Driver,(N/A),Daylight,Rain,Wet,N,,,,,No Controls,No Controls,N,2,41.8924194,-87.8051689,ok,(UNK),1,2400103,2024,,17,99,50000 and OVER,9,4295,Oak Park,C,Urban Other Principal Arte,,16,25,12507747,1,Cook,1,24,,,4,N,No,Free Flow,202401038236,City,1,18.79000092,Y,,,,(UNK),64743,(N/A),(UNK),No Defects,1,2,Other Principal Arterial,3,348,X003307176,Not Toll,73,1,1,"Divided, No Median Barrier",2,2939548.50288352,1912170.60546347,41.89241153,-87.8051631,,Urban,2,N,(N/A),Y,(N/A)
2024,2024-12-28,Saturday,17,05:23 PM,Injury,B Injury Crash,1,0,0,1,0,1,Pedalcyclist,2,N,Y,Failing to Yield Right of Way,Unable to Determine,Darkness / Lighted Road,Unknown,Unknown,Y,,,,,Stop Sign,Functioning Properly,Y,1,41.87675,-87.80221,ok,(UNK),1,2407757,2024,,2,18,50000 and OVER,9,4295,Oak Park,C,Urban Local Road or Street,,16,28,12975103,12,Cook,2,24,,,6,N,No,Free Flow,202401435906,City,5,0,N,,,,(UNK),64874,(N/A),(UNK),No Defects,1,9,Local Road or Street,7,,X003717085,Not Toll,,2,4,Four Way,14,2940511.58735155,1906482.59617365,41.87675,-87.80221,,Urban,9,N,(N/A),Y,(N/A)
2024,2024-02-18,Sunday,22,10:39 PM,Injury,C Injury Crash,1,0,0,0,1,2,Angle,15,N,N,Failing to Yield Right of Way,Unable to Determine,Darkness,Clear,Dry,Y,,,,,No Controls,No Controls,N,2,41.8902195,-87.7945569,ok,(UNK),1,2400946,2024,,2,18,50000 and OVER,9,4295,Oak Park,C,Urban Major Collector,,16,18,12530644,2,Cook,1,24,,,7,N,No,Slow,202401058881,City,4,5.42000008,N,,,,(UNK),64892,(N/A),(UNK),No Defects,1,1,Major Collector,5,2775,X003327574,Not Toll,73,1,1,"Divided, No Median Barrier",2,2942460.19530904,1911448.68365346,41.89021168,-87.79455105,,Urban,1,N,(N/A),Y,(N/A)
2024,2024-02-19,Monday,11,11:16 AM,Property Damage,No Injuries,0,0,0,0,0,1,Parked Motor Vehicle,9,N,N,Failing to Reduce Speed to Avoid Crash,Unable to Determine,Unknown,Unknown,Unknown,N,,,,,No Controls,No Controls,N,2,41.8916197,-87.7945974,ok,(UNK),1,2400951,2024,,28,18,50000 and OVER,9,4295,Oak Park,C,Urban Major Collector,,16,19,12530646,2,Cook,0,24,,,1,N,No,Slow,202401058883,City,9,5.32000017,N,,,,(UNK),64894,(N/A),(UNK),Unknown,99,9,Major Collector,5,2775,X003327576,Not Toll,73,1,1,"Divided, No Median Barrier",2,2942435.04846797,1911958.6109211,41.8916118,-87.79459157,,Urban,9,N,(N/A),N,(N/A)
2024,2024-02-19,Monday,15,03:12 PM,Injury,C Injury Crash,1,0,0,0,1,1,Pedalcyclist,2,N,Y,Failing to Reduce Speed to Avoid Crash,Improper Lane Usage,Daylight,Clear,Dry,N,,,,,Traffic Signal,Functioning Properly,N,1,41.8800126,-87.7841056,ok,(UNK),1,2400959,2024,,28,20,50000 and OVER,9,4295,Oak Park,C,Urban Minor Arterial,,16,19,12530648,2,Cook,1,24,,,1,N,No,Free Flow,202401058885,City,1,4.13000011,N,,,,(UNK),64895,(N/A),(UNK),No Defects,1,1,Minor Arterial,4,1419,X003327578,Not Toll,73,3,4,Not Divided,1,2945409.35881728,1907807.97372951,41.88000475,-87.78409979,,Urban,1,N,(N/A),Y,(N/A)
2024,2024-02-20,Tuesday,13,01:00 PM,Property Damage,No Injuries,0,0,0,0,0,2,Sideswipe Same Direction,12,N,N,Improper Lane Usage,Driving Skills/Knowledge/Experience,Daylight,Clear,Dry,N,,,,,Other Regualtory Sig,Functioning Properly,N,2,41.8715473,-87.7794608,ok,Partial Access Control,3,03-24-03062,2024,,20,15,50000 and OVER,9,4295,Oak Park,C,Urban InterState,,16,20,12530831,2,Cook,0,24,,,2,N,No,(UNK),202401059070,ISP,1,8.94999981,Y,,,,(UNK),65012,(N/A),(UNK),No Defects,1,1,InterState,1,290,X003327751,Not Toll,73,10,4,Divided With Median Barrier,3,2946760.15918098,1904758.22126816,41.87153942,-87.77945503,,Urban,1,N,(N/A),Y,(N/A)
2024,2024-02-12,Monday,7,07:41 AM,Injury,A Injury Crash,1,0,1,0,0,3,Pedestrian,1,Y,N,Vision Obscured,Failing to Yield Right of Way,Daylight,Clear,Dry,Y,,,,,Stop Sign,Functioning Properly,N,1,41.9035087,-87.7963948,ok,(UNK),1,2400808,2024,,14,2,50000 and OVER,9,4295,Oak Park,C,Urban Local Road or Street,,16,12,12521588,2,Cook,3,24,,,1,N,No,Free Flow,202401050555,City,1,0,N,,,,(UNK),65371,(N/A),(UNK),No Defects,1,1,Local Road or Street,7,,X003319313,Not Toll,73,2,4,Not Divided,1,2941825.85528359,1916277.68116849,41.90350087,-87.79638903,,Urban,1,N,(N/A),Y,(N/A)
2024,2024-02-12,Monday,8,08:14 AM,Property Damage,No Injuries,0,0,0,0,0,2,Front to Rear,11,N,N,Following Too Closely,Failing to Reduce Speed to Avoid Crash,Daylight,Clear,Dry,N,,,,,No Controls,No Controls,N,2,41.8706276,-87.7742869,ok,(UNK),1,2400809,2024,,3,28,50000 and OVER,9,4295,Oak Park,C,Urban Minor Arterial,,16,12,12521712,2,Cook,0,24,,,1,N,No,Slow,202401050674,City,1,8.39999962,N,,,,(UNK),65460,(N/A),(UNK),No Defects,1,1,Minor Arterial,4,2790,X003319435,Not Toll,,1,1,Not Divided,1,2948178.74891541,1904462.35085766,41.8706198,-87.77428113,,Urban,1,N,(N/A),Y,(N/A)
2024,2024-02-12,Monday,11,11:40 AM,Property Damage,No Injuries,0,0,0,0,0,3,Angle,15,N,N,Improper Backing,Failing to Reduce Speed to Avoid Crash,Daylight,Clear,Dry,N,,,,,Stop Sign,Functioning Properly,N,2,41.9080261,-87.8041939,ok,(UNK),1,2400813,2024,,30,28,50000 and OVER,9,4295,Oak Park,C,Urban Local Road or Street,,16,12,12521781,2,Cook,0,24,,,1,N,No,Slow,202401050740,City,1,0,N,,,,(UNK),65515,(N/A),(UNK),No Defects,1,1,Local Road or Street,7,,X003319502,Not Toll,73,2,4,Not Divided,1,2939657.28943997,1917865.30521948,41.90801826,-87.80418807,,Urban,1,N,(N/A),Y,(N/A)
2024,2024-02-12,Monday,15,03:15 PM,Property Damage,No Injuries,0,0,0,0,0,2,Angle,15,N,N,Failing to Yield Right of Way,Failing to Reduce Speed to Avoid Crash,Daylight,Clear,Dry,N,,,,,No Controls,No Controls,Y,2,41.8791894,-87.7819762,ok,(UNK),1,2400819,2024,,2,28,50000 and OVER,9,4295,Oak Park,C,Urban Local Road or Street,,16,12,12521859,2,Cook,0,24,,,1,N,No,Free Flow,202401050813,City,1,0,N,,,,(UNK),65573,(N/A),(UNK),No Defects,1,1,Local Road or Street,7,,X003319579,Not Toll,73,1,1,Not Divided,1,2945997.62207729,1907524.10061128,41.87918155,-87.78197038,,Urban,1,N,(N/A),Y,(N/A)
2024,2024-01-16,Tuesday,10,10:36 AM,Injury,C Injury Crash,1,0,0,0,1,2,Angle,15,N,N,Failing to Yield Right of Way,Failing to Reduce Speed to Avoid Crash,Daylight,Clear,Dry,Y,,,,,Stop Sign,Functioning Properly,N,3,41.8671379,-87.784014,ok,(UNK),1,2400271,2024,,2,28,50000 and OVER,9,4295,Oak Park,C,Urban Major Collector,,16,16,12492046,1,Cook,1,24,,,2,N,No,Free Flow,202401024722,City,1,2.41000009,N,,,,(UNK),66083,(N/A),(UNK),No Defects,1,1,Major Collector,5,2783,X003293552,Not Toll,73,2,4,Not Divided,1,2945564.60616663,1903116.88460415,41.86713003,-87.78400822,,Urban,1,N,(N/A),Y,(N/A)
2024,2024-01-16,Tuesday,10,10:15 AM,Property Damage,No Injuries,0,0,0,0,0,2,Angle,15,N,N,Failing to Yield Right of Way,Failing to Reduce Speed to Avoid Crash,Daylight,Clear,Dry,Y,,,,,Stop Sign,Functioning Properly,N,2,41.8880784,-87.7765394,ok,(UNK),1,2400270,2024,,2,28,50000 and OVER,9,4295,Oak Park,C,Urban Major Collector,,16,16,12492060,1,Cook,0,24,,,2,N,No,Free Flow,202401024734,City,1,1.25999999,N,,,,(UNK),66093,(N/A),(UNK),No Defects,1,1,Major Collector,5,1405,X003293565,Not Toll,73,2,4,Not Divided,1,2947388.03316644,1910804.61593076,41.8880705,-87.77653356,,Urban,1,N,(N/A),Y,(N/A)
2024,2024-01-15,Monday,11,11:45 AM,Property Damage,No Injuries,0,0,0,0,0,1,Parked Motor Vehicle,9,N,N,Failing to Reduce Speed to Avoid Crash,(N/A),Unknown,Unknown,Snow or Slush,N,,,,,No Controls,No Controls,Y,2,41.8706,-87.79522,ok,(UNK),1,2400259,2024,,28,99,50000 and OVER,9,4295,Oak Park,C,Urban Local Road or Street,,16,15,12492093,1,Cook,0,24,,,1,N,No,Free Flow,202401024765,City,9,0,N,,,,(UNK),66117,(N/A),(UNK),No Defects,1,3,Local Road or Street,7,,X003293596,Not Toll,,1,1,Alley,12,2942477.2879645,1904293.97687377,41.8706,-87.79522,,Urban,9,N,(N/A),Y,(N/A)
2024,2024-01-15,Monday,9,09:19 AM,Property Damage,No Injuries,0,0,0,0,0,1,Parked Motor Vehicle,9,N,N,Unable to Determine,(N/A),Daylight,Clear,Dry,N,,,,,No Controls,No Controls,Y,2,41.8764235,-87.775753,ok,(UNK),1,2400257,2024,,18,99,50000 and OVER,9,4295,Oak Park,C,Urban Local Road or Street,,16,15,12492129,1,Cook,0,24,,,1,N,No,Free Flow,202401024792,City,1,0,N,,,,(UNK),66137,(N/A),(UNK),No Defects,1,1,Local Road or Street,7,,X003293627,Not Toll,73,1,1,"Divided, No Median Barrier",2,2947720.56117878,1906563.34326719,41.87641567,-87.77574718,,Urban,1,N,(N/A),Y,(N/A)
2024,2024-01-16,Tuesday,16,04:15 PM,Property Damage,No Injuries,0,0,0,0,0,1,Parked Motor Vehicle,9,N,N,Improper Backing,Failing to Reduce Speed to Avoid Crash,Daylight,Clear,Snow or Slush,N,,,,,Stop Sign,Functioning Properly,N,3,41.8891427,-87.7765704,ok,(UNK),1,2400276,2024,,30,28,50000 and OVER,9,4295,Oak Park,C,Urban Local Road or Street,,16,16,12492141,1,Cook,0,24,,,2,N,No,Slow,202401024803,City,1,0,N,,,,(UNK),66146,(N/A),(UNK),No Defects,1,3,Local Road or Street,7,,X003293638,Not Toll,73,2,4,One-Way,10,2947368.78172839,1911192.25605673,41.88913487,-87.77656457,,Urban,1,N,(N/A),Y,(N/A)
2024,2024-01-12,Friday,17,05:37 PM,Injury,C Injury Crash,1,0,0,0,1,1,Pedestrian,1,Y,N,Failing to Yield Right of Way,(N/A),Darkness / Lighted Road,Freezing Rain or,Wet,N,,,,,Pedestrian Crossing,Functioning Properly,N,1,41.8867666,-87.802757,ok,(UNK),1,2400224,2024,,2,99,50000 and OVER,9,4295,Oak Park,C,Urban Local Road or Street,,16,12,12492212,1,Cook,1,24,,,5,N,No,Free Flow,202401024868,City,5,0,N,,,,(UNK),66183,(N/A),(UNK),No Defects,1,2,Local Road or Street,7,,X003293704,Not Toll,73,17,4,Not Divided,1,2940262.01195433,1910128.71801814,41.88675875,-87.8027512,,Urban,10,N,(N/A),Y,(N/A)
2024,2024-01-03,Wednesday,15,03:20 PM,Property Damage,No Injuries,0,0,0,0,0,4,Front to Front,14,N,N,Distraction - From Inside Vehicle,Driving Skills/Knowledge/Experience,Daylight,Clear,Dry,Y,,,,,No Controls,No Controls,N,3,41.87231,-87.8044659,ok,(UNK),1,24-00035,2024,,41,15,50000 and OVER,9,4295,Oak Park,C,Urban Other Principal Arte,,16,3,12474103,1,Cook,0,24,,,3,N,Yes,Slow,202401011093,City,1,20.18000031,Y,,,,(UNK),66208,(N/A),(UNK),No Defects,1,1,Other Principal Arterial,3,348,X003278184,Not Toll,73,1,1,"Divided, No Median Barrier",2,2939941.73917192,1904847.66118026,41.87230217,-87.8044601,,Urban,1,N,(N/A),Y,(N/A)