crash_year,crash_date,day_of_week,crash_hour,time_of_crash,crash_severity,crash_injury_severity,total_injured,total_fatals,a_injuries,b_injuries,c_injuries,no_injuries,type_of_first_crash,collision_type_code,pedestrian_involved,pedalcyclist_involved,cause1,cause2,lighting_cond,weather_cond,road_surface_cond,intersection_related,is_intersection,highway_or_street_name,at_intersection_with,address_no,traffic_control_device,traffic_control_device_cond,hit_and_run,number_of_vehicles,latitude,longitude,location_status,access_control,agency_code,agency_report_number,agency_report_year,alignment_code,cause1_code,cause2_code,city_class,city_class_code,city_code,city_name,city_township_flag,class_of_trafficway,class_of_trafficway_code,county_code,crash_day,crash_id,crash_month,crash_report_county,crash_severity_cd,crash_yr_source,damaged_property1,damaged_property2,day_of_week_code,did_crash_occur_in_work_zone,did_involve_secondary_crash,flow_condition,icn,investigating_agency_descrip,light_condition_code,mile_station,nhs,non_intersection_direction,non_intersection_distance,non_intersection_units,number_of_lanes,objectid,railroad_crossing_number,road_alignment,road_defects,road_defects_code,road_surface_condition_code,roadway_functional_class,roadway_functional_class_code,route_number,sfe,toll,township,traffic_control_device_code,traffic_control_device_cond_code,trafficway_descrip,trafficway_description_code,ts_crash_coordinate_x,ts_crash_coordinate_y,ts_crash_latitude,ts_crash_longitude,type_report,urban_rural,weather_code,were_workers_present,work_zone,work_zone_related,work_zone_type
2024,2024-01-03,Wednesday,12,12:35 PM,Property Damage,No Injuries,0,0,0,0,0,3,Front to Rear,11,N,N,Following Too Closely,Unable to Determine,Daylight,Clear,Dry,N,,,,,No Controls,No Controls,N,3,41.8810031,-87.8047681,ok,(UNK),1,24-00032,2024,,3,18,50000 and OVER,9,4295,Oak Park,C,Urban Other Principal Arte,,16,3,12475065,1,Cook,0,24,,,3,N,No,Free Flow,202401011454,City,1,19.59000015,Y,,,,(UNK),66522,(N/A),(UNK),No Defects,1,1,Other Principal Arterial,3,348,X003278823,Not Toll,73,1,1,"Divided, No Median Barrier",2,2939772.21739109,1908013.30272626,41.88099524,-87.80476226,,Urban,1,N,(N/A),Y,(N/A)
2024,2024-01-04,Thursday,12,12:55 PM,Property Damage,No Injuries,0,0,0,0,0,2,Turning,10,N,N,Failing to Yield Right of Way,Driving Skills/Knowledge/Experience,Daylight,Clear,Dry,N,,,,,No Controls,No Controls,N,2,41.8802211,-87.8047431,ok,(UNK),1,24-00043,2024,,2,15,50000 and OVER,9,4295,Oak Park,C,Urban Other Principal Arte,,16,4,12475066,1,Cook,0,24,,,4,N,No,Free Flow,202401011455,City,1,19.63999939,Y,,,,(UNK),66523,(N/A),(UNK),No Defects,1,1,Other Principal Arterial,3,348,X003278824,Not Toll,73,1,1,"Divided, No Median Barrier",2,2939786.86371391,1907728.51359941,41.88021323,-87.80473729,,Urban,1,N,(N/A),Y,(N/A)
2024,2024-01-14,Sunday,10,10:49 AM,Injury,B Injury Crash,1,0,0,1,0,2,Turning,10,N,N,Failing to Yield Right of Way,Failing to Reduce Speed to Avoid Crash,Daylight,Clear,Dry,Y,,,,,Traffic Signal,Functioning Properly,Y,2,41.8710463,-87.7841728,ok,(UNK),1,2400245,2024,,2,28,50000 and OVER,9,4295,Oak Park,C,Urban Major Collector,,16,14,12492305,1,Cook,2,24,,,7,N,No,Free Flow,202401024946,City,1,0.23999999,N,,,,(UNK),66592,(N/A),(UNK),No Defects,1,1,Major Collector,5,290,X003293783,Not Toll,73,3,4,T-Intersection,15,2945481.79907463,1904539.96863429,41.87103841,-87.78416702,,Urban,1,N,(N/A),Y,(N/A)
2024,2024-01-14,Sunday,15,03:18 PM,Injury,B Injury Crash,1,0,0,1,0,1,Sideswipe Same Direction,12,N,N,Failing to Yield Right of Way,Improper Lane Usage,Daylight,Clear,Dry,N,,,,,No Controls,No Controls,N,2,41.8712201,-87.7939578,ok,(UNK),1,2400248,2024,,2,20,50000 and OVER,9,4295,Oak Park,C,Urban Major Collector,,16,14,12492314,1,Cook,2,24,,,7,N,No,(UNK),202401024949,City,1,6.75,N,,,,(UNK),66595,(N/A),(UNK),No Defects,1,1,Major Collector,5,2775,X003293787,Not Toll,73,1,1,Not Divided,1,2942814.82871013,1904529.47322627,41.8712123,-87.79395203,,Urban,1,N,(N/A),Y,(N/A)
2024,2024-01-14,Sunday,15,03:11 PM,Property Damage,No Injuries,0,0,0,0,0,3,Sideswipe Same Direction,12,N,N,Improper Lane Usage,Improper Overtaking/Passing,Daylight,Clear,Wet,Y,,,,,No Controls,No Controls,N,2,41.9089941,-87.7962471,ok,(UNK),1,2400249,2024,,20,4,50000 and OVER,9,4295,Oak Park,C,Urban Other Principal Arte,,16,14,12492326,1,Cook,0,24,,,7,N,No,Free Flow,202401024959,City,1,6.42000008,Y,,,,(UNK),66602,(N/A),(UNK),No Defects,1,2,Other Principal Arterial,3,307,X003293799,Not Toll,73,1,1,"Divided, No Median Barrier",2,2941810.79223188,1918277.77404523,41.90898625,-87.79624135,,Urban,1,N,(N/A),Y,(N/A)
2024,2024-01-17,Wednesday,19,07:59 PM,Property Damage,No Injuries,0,0,0,0,0,1,Parked Motor Vehicle,9,N,N,Unable to Determine,(N/A),Daylight,Clear,Dry,N,,,,,No Controls,No Controls,Y,2,41.8725813,-87.7918323,ok,(UNK),1,2400314,2024,,18,99,50000 and OVER,9,4295,Oak Park,C,Urban Local Road or Street,,16,17,12492398,1,Cook,0,24,,,3,N,No,Free Flow,202401025017,City,1,0.11,N,,,,(UNK),66646,(N/A),(UNK),No Defects,1,1,Local Road or Street,7,290,X003293861,Not Toll,73,1,1,"Divided, No Median Barrier",2,2943380.04208999,1905041.52345832,41.87257346,-87.7918265,,Urban,1,N,(N/A),Y,(N/A)
2024,2024-02-20,Tuesday,12,12:38 PM,Property Damage,No Injuries,0,0,0,0,0,1,Parked Motor Vehicle,9,N,N,Unable to Determine,(N/A),Unknown,Clear,Dry,N,,,,,No Controls,No Controls,Y,2,41.8905732,-87.8039068,ok,(UNK),1,2400969,2024,,18,99,50000 and OVER,9,4295,Oak Park,C,Urban Local Road or Street,,16,20,12531588,2,Cook,0,24,,,2,N,No,Free Flow,202401059771,City,9,0.63999999,N,,,,(UNK),67310,(N/A),(UNK),No Defects,1,1,Local Road or Street,7,1405,X003328435,Not Toll,73,1,1,Parking Lot,7,2939910.68325222,1911507.3015953,41.89056539,-87.80390103,,Urban,1,N,(N/A),Y,(N/A)
2024,2024-02-20,Tuesday,17,05:12 PM,Property Damage,No Injuries,0,0,0,0,0,2,Front to Rear,11,N,N,Failing to Reduce Speed to Avoid Crash,Unable to Determine,Darkness / Lighted Road,Clear,Dry,N,,,,,Traffic Signal,Functioning Properly,N,2,41.9091634,-87.7833533,ok,(UNK),1,2400975,2024,,28,18,50000 and OVER,9,4295,Oak Park,C,Urban Other Principal Arte,,16,20,12531597,2,Cook,0,24,,,2,N,No,Slow,202401059780,City,5,7.07000017,Y,,,,(UNK),67316,(N/A),(UNK),No Defects,1,1,Other Principal Arterial,3,307,X003328444,Not Toll,73,3,4,Not Divided,1,2945318.9845648,1918436.78933018,41.90915556,-87.78334752,,Urban,1,N,(N/A),Y,(N/A)
2024,2024-02-05,Monday,12,12:25 PM,Injury,C Injury Crash,1,0,0,0,1,1,Pedestrian,1,Y,N,Improper Backing,Failing to Reduce Speed to Avoid Crash,Daylight,Clear,Dry,N,,,,,No Controls,No Controls,N,1,41.8947141,-87.7754492,ok,(UNK),1,2400683,2024,,30,28,50000 and OVER,9,4295,Oak Park,C,Urban Minor Arterial,,16,5,12515921,2,Cook,1,24,,,1,N,No,Free Flow,202401045456,City,1,4.11000013,N,,,,(UNK),67484,(N/A),(UNK),No Defects,1,1,Minor Arterial,4,1398,X003314307,Not Toll,73,1,1,Not Divided,1,2947617.45463401,1913231.09885583,41.89470629,-87.77544343,,Urban,1,N,(N/A),Y,(N/A)
2024,2024-01-31,Wednesday,20,08:05 PM,Property Damage,No Injuries,0,0,0,0,0,2,Sideswipe Same Direction,12,N,N,Improper Lane Usage,Failing to Reduce Speed to Avoid Crash,Darkness / Lighted Road,Clear,Dry,N,,,,,Traffic Signal,Functioning Properly,Y,2,41.8736196,-87.8039241,ok,Partial Access Control,3,03-24-01965,2024,,20,28,50000 and OVER,9,4295,Oak Park,C,Urban InterState,,16,31,12515949,1,Cook,0,24,,,3,N,No,(UNK),202401045483,ISP,5,0.22,Y,,,,(UNK),67498,(N/A),(UNK),No Defects,1,1,InterState,1,290,X003314332,Not Toll,,3,4,Ramp,11,2940076.17406487,1905328.97116899,41.87361963,-87.80392407,,Urban,1,N,(N/A),Y,(N/A)
2024,2024-02-05,Monday,14,02:45 PM,Property Damage,No Injuries,0,0,0,0,0,2,Front to Rear,11,N,N,Failing to Yield Right of Way,Failing to Reduce Speed to Avoid Crash,Daylight,Clear,Dry,N,,,,,No Controls,No Controls,N,2,41.8655165,-87.7802576,ok,(UNK),1,2400695,2024,,2,28,50000 and OVER,9,4295,Oak Park,C,Urban Local Road or Street,,16,5,12516394,2,Cook,0,24,,,1,N,No,(UNK),202401045901,City,1,0,N,,,,(UNK),67769,(N/A),(UNK),No Defects,1,1,Local Road or Street,7,,X003314747,Not Toll,73,1,1,Not Divided,1,2946604.27831672,1902554.46030892,41.86550864,-87.78025176,,Urban,1,N,(N/A),Y,(N/A)
2024,2024-02-05,Monday,19,07:37 PM,Property Damage,No Injuries,0,0,0,0,0,2,Sideswipe Same Direction,12,N,N,Improper Lane Usage,Driving Skills/Knowledge/Experience,Daylight,Clear,Dry,N,,,,,Other Regualtory Sig,Functioning Properly,N,2,41.8717388,-87.7849938,ok,Partial Access Control,3,03-24-02249,2024,,20,15,50000 and OVER,9,4295,Oak Park,C,Urban InterState,,16,5,12516512,2,Cook,0,24,,,1,N,No,(UNK),202401046008,ISP,1,8.67000008,Y,,,,(UNK),67839,(N/A),(UNK),No Defects,1,1,InterState,1,290,X003314856,Not Toll,,10,4,Divided With Median Barrier,3,2945251.16845636,1904786.12801935,41.87173878,-87.78499382,,Urban,1,N,(N/A),Y,(N/A)
2024,2024-02-06,Tuesday,22,10:50 PM,Property Damage,No Injuries,0,0,0,0,0,3,Sideswipe Same Direction,12,N,N,Failing to Yield Right of Way,Unable to Determine,Darkness / Lighted Road,Unknown,Unknown,N,,,,,No Controls,No Controls,N,2,41.8720955,-87.7743591,ok,(UNK),1,JH143015,2024,,2,18,50000 and OVER,9,4295,Oak Park,C,Urban Minor Arterial,,16,6,12516753,2,Cook,0,24,,,2,N,No,Free Flow,202401046233,City,5,8.30000019,N,,,,(UNK),67995,(N/A),(UNK),Unknown,99,9,Minor Arterial,4,2790,X003315083,Not Toll,,1,1,Not Divided,1,2948144.18490707,1904996.70984472,41.87208764,-87.77435327,,Urban,9,N,(N/A),N,(N/A)
2024,2024-02-06,Tuesday,18,06:59 PM,Property Damage,No Injuries,0,0,0,0,0,1,Parked Motor Vehicle,9,N,N,Failing to Reduce Speed to Avoid Crash,Unable to Determine,Darkness / Lighted Road,Clear,Dry,N,,,,,No Controls,No Controls,Y,2,41.883264,-87.8025025,ok,(UNK),1,2400702,2024,,28,18,50000 and OVER,9,4295,Oak Park,C,Urban Local Road or Street,,16,6,12516871,2,Cook,0,24,,,2,N,No,Free Flow,202401046334,City,5,0,N,,,,(UNK),68076,(N/A),(UNK),No Defects,1,1,Local Road or Street,7,,X003315185,Not Toll,73,1,1,Not Divided,1,2940366.50035428,1908854.20930118,41.88325613,-87.80249669,,Urban,1,N,(N/A),Y,(N/A)
2024,2024-02-10,Saturday,22,10:00 PM,Property Damage,No Injuries,0,0,0,0,0,3,Turning,10,N,N,Unable to Determine,(N/A),Darkness / Lighted Road,Clear,Dry,Y,,,,,No Controls,No Controls,N,2,41.8817179,-87.7845145,ok,(UNK),1,2400795,2024,,18,99,50000 and OVER,9,4295,Oak Park,C,Urban Major Collector,,16,10,12537648,2,Cook,0,24,,,6,N,No,Free Flow,202401064544,City,5,1.02999997,N,,,,(UNK),68331,(N/A),(UNK),No Defects,1,1,Major Collector,5,5,X003333117,Not Toll,73,1,1,Not Divided,1,2945280.73345391,1908426.31813074,41.88171003,-87.78450872,,Urban,1,N,(N/A),Y,(N/A)
2024,2024-02-23,Friday,14,02:33 PM,Property Damage,No Injuries,0,0,0,0,0,3,Front to Rear,11,N,N,Following Too Closely,Failing to Reduce Speed to Avoid Crash,Daylight,Clear,Dry,N,,,,,No Controls,No Controls,N,2,41.8799272,-87.7882469,ok,(UNK),1,2401047,2024,,3,28,50000 and OVER,9,4295,Oak Park,C,Urban Minor Arterial,,16,23,12537680,2,Cook,0,24,,,5,N,No,Stopped,202401064574,City,1,3.91000009,N,,,,(UNK),68350,(N/A),(UNK),No Defects,1,1,Minor Arterial,4,1419,X003333147,Not Toll,73,1,1,"Divided, No Median Barrier",2,2944282.37615015,1907745.54737457,41.87991933,-87.78824111,,Urban,1,N,(N/A),Y,(N/A)
2024,2024-02-23,Friday,15,03:25 PM,Property Damage,No Injuries,0,0,0,0,0,6,Angle,15,N,N,Failing to Yield Right of Way,Failing to Reduce Speed to Avoid Crash,Daylight,Cloudy/Overcast,Dry,Y,,,,,Stop Sign,Functioning Properly,N,2,41.8903594,-87.784776,ok,(UNK),1,2401048,2024,,2,28,50000 and OVER,9,4295,Oak Park,C,Urban Major Collector,,16,23,12537683,2,Cook,0,24,,,5,N,No,Slow,202401064577,City,1,0.79000002,N,,,,(UNK),68352,(N/A),(UNK),No Defects,1,1,Major Collector,5,2783,X003333150,Not Toll,73,2,4,Four Way,14,2945122.07612697,1911573.48249819,41.89035157,-87.78477016,,Urban,8,N,(N/A),Y,(N/A)
2024,2024-02-24,Saturday,7,07:28 AM,Property Damage,No Injuries,0,0,0,0,0,3,Sideswipe Same Direction,12,N,N,Driving Skills/Knowledge/Experience,(N/A),Daylight,Clear,Dry,N,,,,,No Controls,No Controls,N,2,41.8704616,-87.8043956,ok,(UNK),1,2401054,2024,,15,99,50000 and OVER,9,4295,Oak Park,C,Urban Other Principal Arte,,16,24,12537686,2,Cook,0,24,FENCE,,6,N,No,Free Flow,202401064580,City,1,20.30999947,Y,,,,(UNK),68355,(N/A),(UNK),No Defects,1,1,Other Principal Arterial,3,348,X003333153,Not Toll,73,1,1,Not Divided,1,2939979.42142902,1904174.6089596,41.8704538,-87.80438984,,Urban,1,N,(N/A),Y,(N/A)
2024,2024-02-25,Sunday,0,00:24 AM,Property Damage,No Injuries,0,0,0,0,0,3,Angle,15,N,N,Disregarding Traffic Signals,(N/A),Darkness / Lighted Road,Clear,Dry,Y,,,,,Traffic Signal,Functioning Properly,N,2,41.8798078,-87.7942784,ok,(UNK),1,2401067,2024,,25,99,50000 and OVER,9,4295,Oak Park,C,Urban Major Collector,,16,25,12537701,2,Cook,0,24,,,7,N,No,Free Flow,202401064595,City,5,6.15999985,N,,,,(UNK),68365,(N/A),(UNK),No Defects,1,1,Major Collector,5,2775,X003333168,Not Toll,73,3,4,Four Way,14,2942640.96406991,1907656.56078661,41.87979997,-87.7942726,,Urban,1,N,(N/A),Y,(N/A)
2024,2024-02-25,Sunday,4,04:44 AM,Property Damage,No Injuries,0,0,0,0,0,2,Turning,10,N,N,Disregarding Traffic Signals,(N/A),Darkness / Lighted Road,Clear,Dry,Y,,,,,Traffic Signal,Functioning Properly,N,2,41.8736416,-87.8045258,ok,Partial Access Control,1,2401071,2024,,25,99,50000 and OVER,9,4295,Oak Park,C,Urban InterState,,16,25,12537702,2,Cook,0,24,,,7,N,No,Free Flow,202401064596,City,5,20.10000038,Y,,,,(UNK),68366,(N/A),(UNK),No Defects,1,1,InterState,1,348,X003333169,Not Toll,73,3,4,Two-way Continuous Left-Tur,4,2939912.062394,1905332.46992192,41.87363377,-87.80452,,Urban,1,N,(N/A),Y,(N/A)
2024,2024-02-14,Wednesday,15,03:03 PM,Property Damage,No Injuries,0,0,0,0,0,2,Front to Rear,11,N,N,Following Too Closely,Driving Skills/Knowledge/Experience,Daylight,Clear,Dry,N,,,,,No Controls,No Controls,N,2,41.8737082,-87.8037184,ok,Partial Access Control,3,03-24-02728,2024,,3,15,50000 and OVER,9,4295,Oak Park,C,Urban InterState,,16,14,12527400,2,Cook,0,24,,,3,N,No,(UNK),202401055836,ISP,1,7.73999977,Y,,,,(UNK),68662,(N/A),(UNK),No Defects,1,1,InterState,1,290,X003324545,Not Toll,73,1,1,Divided With Median Barrier,3,2940131.30748012,1905362.7988917,41.87370038,-87.80371258,,Urban,1,N,(N/A),Y,(N/A)
2024,2024-02-14,Wednesday,18,06:19 PM,Injury,B Injury Crash,1,0,0,1,0,2,Front to Rear,11,N,N,Failing to Reduce Speed to Avoid Crash,Following Too Closely,Darkness / Lighted Road,Clear,Dry,N,,,,,No Controls,Functioning Properly,N,2,41.8729758,-87.7990608,ok,Partial Access Control,3,03-24-02732,2024,,28,3,50000 and OVER,9,4295,Oak Park,C,Urban InterState,,16,14,12527552,2,Cook,2,24,,,3,N,No,(UNK),202401055982,ISP,5,7.94999981,Y,,,,(UNK),68765,(N/A),(UNK),No Defects,1,1,InterState,1,290,X003324693,Not Toll,73,1,4,Divided With Median Barrier,3,2941407.2284916,1905130.87561734,41.87296798,-87.79905504,,Urban,1,N,(N/A),Y,(N/A)
2024,2024-02-15,Thursday,19,07:35 PM,Fatal,Fatal Crash,0,1,0,0,0,1,Front to Rear,11,N,N,Improper Lane Usage,Failing to Reduce Speed to Avoid Crash,Darkness / Lighted Road,Clear,Dry,N,,,,,Other Regualtory Sig,Functioning Properly,N,2,41.8726786,-87.7944866,ok,Partial Access Control,3,03-24-02803,2024,,20,28,50000 and OVER,9,4295,Oak Park,C,Urban InterState,,16,15,12527645,2,Cook,4,24,,,4,N,No,Slow,202401061882,ISP,5,8.17000008,Y,,,,(UNK),68826,(N/A),(UNK),No Defects,1,1,InterState,1,290,X003324779,Not Toll,73,10,4,Divided With Median Barrier,3,2942656.10120833,1905056.96175693,41.87267071,-87.79448082,,Urban,1,N,(N/A),Y,(N/A)
2024,2024-01-04,Thursday,16,04:10 PM,Property Damage,No Injuries,0,0,0,0,0,2,Sideswipe Same Direction,12,N,N,Improper Lane Usage,Failing to Yield Right of Way,Dusk,Clear,Dry,N,,,,,Other,Functioning Properly,N,2,41.8718121,-87.7858667,ok,Partial Access Control,3,03-24-00215,2024,,20,2,50000 and OVER,9,4295,Oak Park,C,Urban InterState,,16,4,12475546,1,Cook,0,24,,,4,N,No,(UNK),202401011759,ISP,3,8.61999989,Y,,,,(UNK),69209,(N/A),(UNK),No Defects,1,1,InterState,1,290,X003279282,Not Toll,,13,4,Divided With Median Barrier,3,2945012.68659182,1904806.24203316,41.87181208,-87.78586666,,Urban,1,N,(N/A),Y,(N/A)
2024,2024-01-03,Wednesday,8,08:02 AM,Property Damage,No Injuries,0,0,0,0,0,2,Angle,15,N,N,Disregarding Traffic Signals,(N/A),Daylight,Freezing Rain or,Wet,Y,,,,,Traffic Signal,Functioning Properly,N,2,41.8814561,-87.8023717,ok,(UNK),1,2400044,2024,,25,99,50000 and OVER,9,4295,Oak Park,C,Urban Major Collector,,16,3,12475659,1,Cook,0,24,,,3,N,No,Free Flow,202401011835,City,1,0.12,N,,,,(UNK),69270,(N/A),(UNK),No Defects,1,2,Major Collector,5,5,X003279382,Not Toll,73,3,4,Not Divided,1,2940420.27015482,1908196.36445231,41.88144824,-87.80236593,,Urban,10,N,(N/A),Y,(N/A)
2024,2024-02-09,Friday,13,01:50 PM,Property Damage,No Injuries,0,0,0,0,0,2,Front to Rear,11,N,N,Following Too Closely,Failing to Reduce Speed to Avoid Crash,Daylight,Clear,Dry,N,,,,,Other,Functioning Properly,Y,2,41.8736489,-87.8030738,ok,Partial Access Control,3,03-24-02443,2024,,3,28,50000 and OVER,9,4295,Oak Park,C,Urban InterState,,16,9,12528059,2,Cook,0,24,,,5,N,No,(UNK),202401056452,ISP,1,7.76999998,Y,,,,(UNK),70355,(N/A),(UNK),No Defects,1,1,InterState,1,290,X003325165,Not Toll,73,13,4,Divided With Median Barrier,3,2940307.47062709,1905346.03001787,41.87364109,-87.80306798,,Urban,1,N,(N/A),Y,(N/A)
2024,2024-02-26,Monday,12,12:30 PM,Property Damage,No Injuries,0,0,0,0,0,1,Parked Motor Vehicle,9,N,N,Unable to Determine,Failing to Reduce Speed to Avoid Crash,Daylight,Clear,Dry,N,,,,,Stop Sign,Functioning Properly,N,2,41.8724503,-87.7792655,ok,(UNK),1,2401094,2024,,18,28,50000 and OVER,9,4295,Oak Park,C,Urban Minor Collector,,16,26,12538380,2,Cook,0,24,,,1,N,No,Free Flow,202401065212,City,1,1.08000004,N,,,,(UNK),70808,(N/A),(UNK),No Defects,1,1,Minor Collector,6,3794,X003333788,Not Toll,73,2,4,Not Divided,1,2946804.21229852,1905088.78055889,41.87244244,-87.77925967,,Urban,1,N,(N/A),Y,(N/A)
2024,2024-01-11,Thursday,8,08:45 AM,Property Damage,No Injuries,0,0,0,0,0,1,Parked Motor Vehicle,9,N,N,Unable to Determine,Unable to Determine,Unknown,Cloudy/Overcast,Dry,N,,,,,Stop Sign,Functioning Properly,Y,2,41.89155,-87.7945012,ok,(UNK),1,2400199,2024,,18,18,50000 and OVER,9,4295,Oak Park,C,Urban Local Road or Street,,16,11,12493297,1,Cook,0,24,,,4,N,No,Free Flow,202401025815,City,9,0,N,,,,(UNK),71129,(N/A),(UNK),No Defects,1,1,Local Road or Street,7,,X003294711,Not Toll,73,2,4,Not Divided,1,2942461.93671898,1911933.9667146,41.89154219,-87.7944954,,Urban,8,N,(N/A),Y,(N/A)
2024,2024-01-19,Friday,7,07:47 AM,Property Damage,No Injuries,0,0,0,0,0,2,Front to Rear,11,N,N,Failing to Reduce Speed to Avoid Crash,Following Too Closely,Daylight,Snow,Snow or Slush,N,,,,,No Controls,No Controls,N,2,41.8718624,-87.7864663,ok,Partial Access Control,3,03-24-01199,2024,,28,3,50000 and OVER,9,4295,Oak Park,C,Urban InterState,,16,19,12493619,1,Cook,0,24,,,5,N,No,(UNK),202401026129,ISP,1,8.59000015,Y,,,,(UNK),71353,(N/A),(UNK),No Defects,1,3,InterState,1,290,X003294998,Not Toll,,1,1,Divided With Median Barrier,3,2944848.84364079,1904820.06228815,41.87186245,-87.78646633,,Urban,3,N,(N/A),Y,(N/A)
2024,2024-01-09,Tuesday,21,09:34 PM,Property Damage,No Injuries,0,0,0,0,0,2,Front to Rear,11,N,N,Unable to Determine,(N/A),Darkness,Unknown,Wet,N,,,,,No Controls,No Controls,Y,2,41.8814127,-87.7969686,ok,(UNK),1,2400178,2024,,18,99,50000 and OVER,9,4295,Oak Park,C,Urban Local Road or Street,,16,9,12494049,1,Cook,0,24,,,2,N,No,Stopped,202401026384,City,4,0,N,,,,(UNK),71536,(N/A),(UNK),No Defects,1,2,Local Road or Street,7,,X003295258,Not Toll,73,1,1,Not Divided,1,2941892.15173062,1908221.16718325,41.88140488,-87.79696282,,Urban,9,N,(N/A),Y,(N/A)
2024,2024-01-18,Thursday,9,09:00 AM,Property Damage,No Injuries,0,0,0,0,0,2,Parked Motor Vehicle,9,N,N,Failing to Reduce Speed to Avoid Crash,Unable to Determine,Daylight,Clear,Wet,N,,,,,No Controls,No Controls,Y,2,41.8912354,-87.7975751,ok,(UNK),1,2400333,2024,,28,18,50000 and OVER,9,4295,Oak Park,C,Urban Local Road or Street,,16,18,12494072,1,Cook,0,24,,,4,N,No,Free Flow,202401026387,City,1,0,N,,,,(UNK),71538,(N/A),(UNK),No Defects,1,2,Local Road or Street,7,,X003295261,Not Toll,73,1,1,Not Divided,1,2941628.12187875,1911796.17867506,41.89122758,-87.79756926,,Urban,1,N,(N/A),Y,(N/A)
2024,2024-01-12,Friday,8,08:05 AM,Property Damage,No Injuries,0,0,0,0,0,2,Sideswipe Same Direction,12,N,N,Failing to Reduce Speed to Avoid Crash,Unable to Determine,Dawn,Snow,Snow or Slush,Y,,,,,Traffic Signal,Functioning Properly,Y,2,41.8797205,-87.7942756,ok,(UNK),1,2400334,2024,,28,18,50000 and OVER,9,4295,Oak Park,C,Urban Minor Arterial,,16,12,12494073,1,Cook,0,24,,,5,N,No,Slow,202401026388,City,2,3.5999999,N,,,,(UNK),71539,(N/A),(UNK),No Defects,1,3,Minor Arterial,4,1419,X003295262,Not Toll,73,3,4,Not Divided,1,2942642.61005928,1907624.7778656,41.8797127,-87.79426979,,Urban,3,N,(N/A),Y,(N/A)
2024,2024-01-18,Thursday,12,12:50 PM,Property Damage,No Injuries,0,0,0,0,0,2,Turning,10,N,N,Failing to Yield Right of Way,Failing to Reduce Speed to Avoid Crash,Daylight,Clear,Wet,Y,,,,,Traffic Signal,Functioning Properly,N,2,41.9015577,-87.8055239,ok,(UNK),1,2400339,2024,,2,28,50000 and OVER,9,4295,Oak Park,C,Urban Other Principal Arte,,16,18,12494074,1,Cook,0,24,,,4,N,No,Free Flow,202401026389,City,1,18.15999985,Y,,,,(UNK),71540,(N/A),(UNK),No Defects,1,2,Other Principal Arterial,3,348,X003295263,Not Toll,73,3,4,Four Way,14,2939360.13641924,1915498.12589722,41.90154987,-87.80551813,,Urban,1,N,(N/A),Y,(N/A)
2024,2024-01-12,Friday,16,04:09 PM,Injury,C Injury Crash,1,0,0,0,1,0,Fixed Object,6,N,N,Improper Lane Usage,Failing to Reduce Speed to Avoid Crash,Dusk,Rain,Wet,N,,,,,No Controls,No Controls,N,1,41.8928578,-87.8051807,ok,(UNK),1,2400048,2024,,20,28,50000 and OVER,9,4295,Oak Park,C,Urban Other Principal Arte,,16,12,12494092,1,Cook,1,24,LIGHT POLE AND FIRE HYDRANT,,5,N,No,Free Flow,202401026397,City,3,18.76000023,Y,,,,(UNK),71546,(N/A),(UNK),No Defects,1,2,Other Principal Arterial,3,348,X003295271,Not Toll,73,1,1,"Divided, No Median Barrier",2,2939540.8934408,1912330.28609053,41.89284996,-87.80517489,,Urban,2,N,(N/A),Y,(N/A)
2024,2024-01-03,Wednesday,9,09:42 AM,Property Damage,No Injuries,0,0,0,0,0,9,Front to Rear,11,N,N,Failing to Reduce Speed to Avoid Crash,Following Too Closely,Daylight,Clear,Dry,N,,,,,Other,Functioning Properly,N,3,41.8725227,-87.7943151,ok,Partial Access Control,3,03-24-00132,2024,,28,3,50000 and OVER,9,4295,Oak Park,C,Urban InterState,,16,3,12494104,1,Cook,0,24,,,3,N,No,(UNK),202401026409,ISP,1,8.17000008,Y,,,,(UNK),71553,(N/A),(UNK),No Defects,1,1,InterState,1,290,X003295282,Not Toll,73,13,4,Divided With Median Barrier,3,2942704.39862371,1905001.47049902,41.87251489,-87.79430927,,Urban,1,N,(N/A),Y,(N/A)
2024,2024-01-04,Thursday,13,01:25 PM,Property Damage,No Injuries,0,0,0,0,0,3,Sideswipe Same Direction,12,N,N,Improper Lane Usage,(N/A),Daylight,Clear,Dry,N,,,,,No Controls,No Controls,N,2,41.8796518,-87.8045318,ok,(UNK),1,2400072,2024,,20,99,50000 and OVER,9,4295,Oak Park,C,Urban Minor Arterial,,16,4,12476620,1,Cook,0,24,,,4,N,No,Slow,202401012489,City,1,3.06999993,N,,,,(UNK),71854,(N/A),(UNK),No Defects,1,1,Minor Arterial,4,1419,X003280269,Not Toll,73,1,1,"Divided, No Median Barrier",2,2939850.11122615,1907522.65949487,41.879644,-87.80452603,,Urban,1,N,(N/A),Y,(N/A)