crash_year,crash_date,day_of_week,crash_hour,time_of_crash,crash_severity,crash_injury_severity,total_injured,total_fatals,a_injuries,b_injuries,c_injuries,no_injuries,type_of_first_crash,collision_type_code,pedestrian_involved,pedalcyclist_involved,cause1,cause2,lighting_cond,weather_cond,road_surface_cond,intersection_related,is_intersection,highway_or_street_name,at_intersection_with,address_no,traffic_control_device,traffic_control_device_cond,hit_and_run,number_of_vehicles,latitude,longitude,location_status,access_control,agency_code,agency_report_number,agency_report_year,alignment_code,cause1_code,cause2_code,city_class,city_class_code,city_code,city_name,city_township_flag,class_of_trafficway,class_of_trafficway_code,county_code,crash_day,crash_id,crash_month,crash_report_county,crash_severity_cd,crash_yr_source,damaged_property1,damaged_property2,day_of_week_code,did_crash_occur_in_work_zone,did_involve_secondary_crash,flow_condition,icn,investigating_agency_descrip,light_condition_code,mile_station,nhs,non_intersection_direction,non_intersection_distance,non_intersection_units,number_of_lanes,objectid,railroad_crossing_number,road_alignment,road_defects,road_defects_code,road_surface_condition_code,roadway_functional_class,roadway_functional_class_code,route_number,sfe,toll,township,traffic_control_device_code,traffic_control_device_cond_code,trafficway_descrip,trafficway_description_code,ts_crash_coordinate_x,ts_crash_coordinate_y,ts_crash_latitude,ts_crash_longitude,type_report,urban_rural,weather_code,were_workers_present,work_zone,work_zone_related,work_zone_type
2024,2024-01-04,Thursday,10,10:43 AM,Property Damage,No Injuries,0,0,0,0,0,2,Angle,15,N,N,Failing to Yield Right of Way,(N/A),Daylight,Clear,Dry,N,,,,,No Controls,No Controls,Y,2,41.8781341,-87.8037953,ok,(UNK),1,2400065,2024,,2,99,50000 and OVER,9,4295,Oak Park,C,Urban Local Road or Street,,16,4,12476621,1,Cook,0,24,,,4,N,No,Free Flow,202401012490,City,1,0,N,,,,(UNK),71855,(N/A),(UNK),No Defects,1,1,Local Road or Street,7,,X003280270,Not Toll,73,1,1,Not Divided,1,2940065.94022576,1906975.07982203,41.87812623,-87.80378947,,Urban,1,N,(N/A),Y,(N/A)
2024,2024-01-04,Thursday,10,10:13 AM,Property Damage,No Injuries,0,0,0,0,0,1,Parked Motor Vehicle,9,N,N,Failing to Reduce Speed to Avoid Crash,Unable to Determine,Daylight,Clear,Dry,N,,,,,No Controls,No Controls,Y,2,41.8891666,-87.7749471,ok,(UNK),1,2400064,2024,,28,18,50000 and OVER,9,4295,Oak Park,C,Urban Minor Arterial,,16,4,12476623,1,Cook,0,24,,,4,N,No,Free Flow,202401012492,City,1,7.05000019,N,,,,(UNK),71856,(N/A),(UNK),No Defects,1,1,Minor Arterial,4,2790,X003280272,Not Toll,,1,1,Alley,12,2947810.55454294,1911213.26905403,41.88915872,-87.77494131,,Urban,1,N,(N/A),Y,(N/A)
2024,2024-01-04,Thursday,17,05:25 PM,Property Damage,No Injuries,0,0,0,0,0,1,Parked Motor Vehicle,9,N,N,Unable to Determine,(N/A),Unknown,Unknown,Unknown,N,,,,,No Controls,No Controls,Y,2,41.8882669,-87.7914167,ok,(UNK),1,2400076,2024,,18,99,50000 and OVER,9,4295,Oak Park,C,Urban Local Road or Street,,16,4,12476627,1,Cook,0,24,,,4,N,No,Free Flow,202401012495,City,9,0,N,,,,(UNK),71857,(N/A),(UNK),No Defects,1,9,Local Road or Street,7,,X003280276,Not Toll,73,1,1,Not Divided,1,2943334.94434968,1910760.78854293,41.88825909,-87.79141093,,Urban,9,N,(N/A),Y,(N/A)
2024,2024-10-21,Monday,14,02:54 PM,Property Damage,No Injuries,0,0,0,0,0,2,Front to Rear,11,N,N,Following Too Closely,Failing to Reduce Speed to Avoid Crash,Daylight,Clear,Dry,N,,,,,Other Regualtory Sig,Functioning Properly,N,2,41.8736047,-87.8025712,ok,Partial Access Control,3,03-24-20471,2024,,3,28,50000 and OVER,9,4295,Oak Park,C,Urban InterState,,16,21,12843330,10,Cook,0,24,,,1,N,No,(UNK),202401348595,ISP,1,7.78999996,Y,,,,(UNK),72779,(N/A),(UNK),No Defects,1,1,InterState,1,290,X003601682,Not Toll,73,10,4,Divided With Median Barrier,3,2940444.79637614,1905333.66701934,41.87359682,-87.80256542,,Urban,1,N,(N/A),Y,(N/A)
2024,2024-10-05,Saturday,15,03:57 PM,Property Damage,No Injuries,0,0,0,0,0,1,Parked Motor Vehicle,9,N,N,Failing to Reduce Speed to Avoid Crash,Driving Skills/Knowledge/Experience,Daylight,Clear,Dry,N,,,,,No Controls,No Controls,N,2,41.8795396,-87.8038425,ok,(UNK),1,2405968,2024,,28,15,50000 and OVER,9,4295,Oak Park,C,Urban Local Road or Street,,16,5,12844710,10,Cook,0,24,,,6,N,No,Slow,202401349797,City,1,0,N,,,,(UNK),74431,(N/A),(UNK),No Defects,1,1,Local Road or Street,7,,X003602853,Not Toll,73,1,1,Parking Lot,7,2940038.96983119,1907486.91033298,41.87953171,-87.8038367,,Urban,1,N,(N/A),Y,(N/A)
2024,2024-02-26,Monday,8,08:09 AM,Property Damage,No Injuries,0,0,0,0,0,2,Front to Rear,11,N,N,Following Too Closely,Failing to Reduce Speed to Avoid Crash,Daylight,Clear,Dry,N,,,,,Other,Functioning Properly,N,2,41.8734722,-87.804153,ok,Partial Access Control,3,03-24-03428,2024,,3,28,50000 and OVER,9,4295,Oak Park,C,Urban InterState,,16,26,12542554,2,Cook,0,24,,,1,N,No,(UNK),202401069020,ISP,1,7.71999979,Y,,,,(UNK),74876,(N/A),(UNK),No Defects,1,1,InterState,1,290,X003337399,Not Toll,73,13,4,Divided With Median Barrier,3,2940015.3007082,1905273.53415774,41.87346437,-87.8041472,,Urban,1,N,(N/A),Y,(N/A)
2024,2024-10-20,Sunday,9,09:00 AM,Property Damage,No Injuries,0,0,0,0,0,2,Sideswipe Same Direction,12,N,N,Improper Lane Usage,Failing to Reduce Speed to Avoid Crash,Daylight,Clear,Dry,N,,,,,Other,Functioning Properly,N,2,41.8732234,-87.8015997,ok,Partial Access Control,3,03-24-20360,2024,,20,28,50000 and OVER,9,4295,Oak Park,C,Urban InterState,,16,20,12844896,10,Cook,0,24,,,7,N,No,(UNK),202401350114,ISP,1,7.84000015,Y,,,,(UNK),75297,(N/A),(UNK),No Defects,1,1,InterState,1,290,X003603010,Not Toll,73,13,4,Divided With Median Barrier,3,2940713.2392468,1905202.02594062,41.87321557,-87.80159388,,Urban,1,N,(N/A),Y,(N/A)
2024,2024-10-26,Saturday,9,09:17 AM,Property Damage,No Injuries,0,0,0,0,0,3,Sideswipe Same Direction,12,N,N,Improper Lane Usage,Driving Skills/Knowledge/Experience,Daylight,Clear,Dry,N,,,,,No Controls,No Controls,N,2,41.8731815,-87.8011697,ok,Partial Access Control,3,03-24-20899,2024,,20,15,50000 and OVER,9,4295,Oak Park,C,Urban InterState,,16,26,12845558,10,Cook,0,24,,,6,N,No,(UNK),202401350752,ISP,1,7.86000013,Y,,,,(UNK),75731,(N/A),(UNK),No Defects,1,1,InterState,1,290,X003603603,Not Toll,73,1,1,Divided With Median Barrier,3,2940830.78329673,1905189.97493805,41.87317364,-87.80116387,,Urban,1,N,(N/A),Y,(N/A)
2024,2024-10-10,Thursday,11,11:12 AM,Property Damage,No Injuries,0,0,0,0,0,1,Parked Motor Vehicle,9,N,N,Failing to Reduce Speed to Avoid Crash,Unable to Determine,Daylight,Clear,Unknown,N,,,,,No Controls,No Controls,Y,2,41.89056,-87.80196,ok,(UNK),1,2406106,2024,,28,18,50000 and OVER,9,4295,Oak Park,C,Urban Local Road or Street,,16,10,12845843,10,Cook,0,24,,,4,N,No,Slow,202401351257,City,1,0,N,,,,(UNK),75884,(N/A),(UNK),Unknown,99,9,Local Road or Street,7,,X003603818,Not Toll,,1,1,Parking Lot,7,2940440.92785454,1911517.08885406,41.89056,-87.80196,,Urban,1,N,(N/A),N,(N/A)
2024,2024-10-10,Thursday,16,04:56 PM,Property Damage,No Injuries,0,0,0,0,0,3,Angle,15,N,N,Failing to Yield Right of Way,(N/A),Daylight,Clear,Dry,Y,,,,,Stop Sign,Functioning Properly,N,2,41.87807,-87.78437,ok,(UNK),1,2406116,2024,,2,99,50000 and OVER,9,4295,Oak Park,C,Urban Major Collector,,16,10,12845847,10,Cook,0,24,,,4,N,No,Free Flow,202401351259,City,1,1.64999998,N,,,,(UNK),75886,(N/A),(UNK),No Defects,1,1,Major Collector,5,2783,X003603820,Not Toll,,2,4,"Divided, No Median Barrier",2,2945357.00908713,1907098.05728034,41.87807,-87.78437,,Urban,1,N,(N/A),Y,(N/A)
2024,2024-10-15,Tuesday,8,08:05 AM,Property Damage,No Injuries,0,0,0,0,0,2,Turning,10,N,N,Failing to Yield Right of Way,Disregarding Traffic Signals,Daylight,Rain,Wet,Y,,,,,Traffic Signal,Functioning Properly,N,2,41.89455,-87.78491,ok,(UNK),1,2406214,2024,,2,25,50000 and OVER,9,4295,Oak Park,C,Urban Minor Arterial,,16,15,12845872,10,Cook,0,24,,,2,N,No,Free Flow,202401351263,City,1,0,N,,,,(UNK),75889,(N/A),(UNK),No Defects,1,2,Minor Arterial,4,,X003603824,Not Toll,,3,4,Not Divided,1,2945043.16421869,1913099.59636665,41.89455,-87.78491,,Urban,2,N,(N/A),Y,(N/A)
2024,2024-10-15,Tuesday,14,02:38 PM,Property Damage,No Injuries,0,0,0,0,0,2,Front to Rear,11,N,N,Following Too Closely,Weather,Daylight,Rain,Wet,Y,,,,,Traffic Signal,Functioning Properly,N,2,41.88828,-87.7847,ok,(UNK),1,2406228,2024,,3,11,50000 and OVER,9,4295,Oak Park,C,Urban Major Collector,,16,15,12845876,10,Cook,0,24,,,2,N,No,Free Flow,202401351266,City,1,0.93000001,N,,,,(UNK),75891,(N/A),(UNK),No Defects,1,2,Major Collector,5,2783,X003603827,Not Toll,,3,4,Not Divided,1,2945163.80667771,1910816.2764967,41.88828,-87.7847,,Urban,2,N,(N/A),Y,(N/A)
2024,2024-10-15,Tuesday,21,09:57 PM,Property Damage,No Injuries,0,0,0,0,0,3,Turning,10,N,N,Failing to Reduce Speed to Avoid Crash,Unable to Determine,Darkness / Lighted Road,Clear,Dry,Y,,,,,No Controls,No Controls,N,2,41.8736416,-87.8045258,ok,Partial Access Control,1,2406243,2024,,28,18,50000 and OVER,9,4295,Oak Park,C,Urban InterState,,16,15,12845880,10,Cook,0,24,,,2,N,No,Free Flow,202401351269,City,5,20.07999992,Y,,,,(UNK),75893,(N/A),(UNK),No Defects,1,1,InterState,1,348,X003603830,Not Toll,73,1,1,Divided With Median Barrier,3,2939912.062394,1905332.46992192,41.87363377,-87.80452,,Urban,1,N,(N/A),Y,(N/A)
2024,2024-10-24,Thursday,13,01:36 PM,Property Damage,No Injuries,0,0,0,0,0,1,Parked Motor Vehicle,9,N,N,Unable to Determine,(N/A),Daylight,Clear,Dry,N,,,,,No Controls,No Controls,N,2,41.87577,-87.7855369,ok,(UNK),1,2406479,2024,,18,99,50000 and OVER,9,4295,Oak Park,C,Urban Local Road or Street,,16,24,12845945,10,Cook,0,24,,,4,N,No,Slow,202401351282,City,1,0,N,,,,(UNK),75900,(N/A),(UNK),No Defects,1,1,Local Road or Street,7,,X003603843,Not Toll,73,1,1,Not Divided,1,2945062.4839948,1906251.06878078,41.87576215,-87.78553106,,Urban,1,N,(N/A),Y,(N/A)
2024,2024-10-23,Wednesday,11,11:03 AM,Injury,B Injury Crash,2,0,0,2,0,1,Angle,15,N,N,Failing to Yield Right of Way,Unable to Determine,Daylight,Clear,Dry,Y,,,,,Stop Sign,Functioning Properly,N,2,41.8881778,-87.7798046,ok,(UNK),1,2406447,2024,,2,18,50000 and OVER,9,4295,Oak Park,C,Urban Major Collector,,16,23,12845948,10,Cook,2,24,,,3,N,No,Free Flow,202401351285,City,1,1.45000005,N,,,,(UNK),75901,(N/A),(UNK),No Defects,1,1,Major Collector,5,3559,X003603846,Not Toll,73,2,4,Four Way,14,2946497.87288406,1910816.10099237,41.88816997,-87.77979884,,Urban,1,N,(N/A),Y,(N/A)
2024,2024-10-25,Friday,9,09:44 AM,Property Damage,No Injuries,0,0,0,0,0,2,Parked Motor Vehicle,9,N,N,Unable to Determine,(N/A),Daylight,Clear,Wet,N,,,,,No Controls,No Controls,Y,2,41.8738633,-87.7756556,ok,(UNK),1,2406494,2024,,18,99,50000 and OVER,9,4295,Oak Park,C,Urban Local Road or Street,,16,25,12845953,10,Cook,0,24,,,5,N,No,Free Flow,202401351290,City,1,0,N,,,,(UNK),75902,(N/A),(UNK),No Defects,1,2,Local Road or Street,7,,X003603851,Not Toll,73,1,1,Not Divided,1,2947773.07651925,1905631.08010703,41.87385543,-87.77564984,,Urban,1,N,(N/A),Y,(N/A)
2024,2024-10-26,Saturday,16,04:34 PM,Property Damage,No Injuries,0,0,0,0,0,2,Angle,15,N,N,Failing to Yield Right of Way,Failing to Reduce Speed to Avoid Crash,Daylight,Clear,Dry,Y,,,,,No Controls,No Controls,Y,2,41.8763547,-87.7781853,ok,(UNK),1,2406533,2024,,2,28,50000 and OVER,9,4295,Oak Park,C,Urban Local Road or Street,,16,26,12845958,10,Cook,0,24,,,6,N,No,Free Flow,202401351295,City,1,0,N,,,,(UNK),75905,(N/A),(UNK),No Defects,1,1,Local Road or Street,7,,X003603856,Not Toll,73,1,1,Not Divided,1,2947058.79408907,1906519.82139113,41.87634689,-87.77817954,,Urban,1,N,(N/A),Y,(N/A)
2024,2024-10-25,Friday,23,11:15 PM,Property Damage,No Injuries,0,0,0,0,0,2,Turning,10,N,N,Failing to Reduce Speed to Avoid Crash,Driving Skills/Knowledge/Experience,Darkness / Lighted Road,Clear,Dry,Y,,,,,Stop Sign,No Controls,N,2,41.8796086,-87.8038458,ok,(UNK),1,2406515,2024,,28,15,50000 and OVER,9,4295,Oak Park,C,Urban Minor Arterial,,16,25,12845964,10,Cook,0,24,,,5,N,No,Free Flow,202401351301,City,5,3.1099999,N,,,,(UNK),75907,(N/A),(UNK),No Defects,1,1,Minor Arterial,4,1419,X003603861,Not Toll,73,2,1,Not Divided,1,2940037.37116396,1907512.03716832,41.87960073,-87.80384003,,Urban,1,N,(N/A),Y,(N/A)
2024,2024-10-17,Thursday,8,08:30 AM,Property Damage,No Injuries,0,0,0,0,0,2,Sideswipe Same Direction,12,N,N,Failing to Reduce Speed to Avoid Crash,Improper Lane Usage,Daylight,Clear,Dry,N,,,,,Traffic Signal,Functioning Properly,Y,2,41.8817178,-87.784516,ok,(UNK),1,2406486,2024,,28,20,50000 and OVER,9,4295,Oak Park,C,Urban Major Collector,,16,17,12845969,10,Cook,0,24,,,4,N,No,Free Flow,202401351306,City,1,1.02999997,N,,,,(UNK),75910,(N/A),(UNK),No Defects,1,1,Major Collector,5,5,X003603866,Not Toll,73,3,4,Not Divided,1,2945280.3338722,1908426.29485659,41.88171,-87.78451019,,Urban,1,N,(N/A),Y,(N/A)
2024,2024-10-28,Monday,15,03:56 PM,Property Damage,No Injuries,0,0,0,0,0,2,Angle,15,N,N,Failing to Yield Right of Way,Unable to Determine,Daylight,Cloudy/Overcast,Dry,Y,,,,,Stop Sign,Functioning Properly,N,2,41.89627,-87.7928814,ok,(UNK),1,2406571,2024,,2,18,50000 and OVER,9,4295,Oak Park,C,Urban Local Road or Street,,16,28,12845971,10,Cook,0,24,,,1,N,No,Free Flow,202401351308,City,1,0,N,,,,(UNK),75911,(N/A),(UNK),No Defects,1,1,Local Road or Street,7,,X003603868,Not Toll,73,2,4,Four Way,14,2942855.38035391,1913666.20143887,41.89626211,-87.7928756,,Urban,8,N,(N/A),Y,(N/A)
2024,2024-10-24,Thursday,15,03:39 PM,Property Damage,No Injuries,0,0,0,0,0,1,Parked Motor Vehicle,9,N,N,Failing to Reduce Speed to Avoid Crash,(N/A),Daylight,Clear,Dry,N,,,,,No Controls,No Controls,Y,2,41.8886131,-87.7932286,ok,(UNK),1,2406484,2024,,28,99,50000 and OVER,9,4295,Oak Park,C,Urban Major Collector,,16,24,12845976,10,Cook,0,24,,,4,N,No,Free Flow,202401351313,City,1,0.41999999,N,,,,(UNK),75912,(N/A),(UNK),No Defects,1,1,Major Collector,5,1405,X003603873,Not Toll,73,1,1,Not Divided,1,2942838.06721956,1910873.264375,41.88860521,-87.79322283,,Urban,1,N,(N/A),Y,(N/A)
2024,2024-10-17,Thursday,19,07:25 PM,Property Damage,No Injuries,0,0,0,0,0,2,Sideswipe Same Direction,12,N,N,Unable to Determine,Failing to Reduce Speed to Avoid Crash,Darkness / Lighted Road,Clear,Dry,N,,,,,Other,Functioning Properly,Y,2,41.9021141,-87.8055474,ok,(UNK),1,2401335,2024,,18,28,50000 and OVER,9,4295,Oak Park,C,Urban Other Principal Arte,,16,17,12846014,10,Cook,0,24,,,4,N,No,Free Flow,202401351343,City,5,18.12000084,Y,,,,(UNK),75924,(N/A),(UNK),No Defects,1,1,Other Principal Arterial,3,348,X003603902,Not Toll,73,13,4,"Divided, No Median Barrier",2,2939348.15504641,1915700.69023609,41.90210621,-87.80554163,,Urban,1,N,(N/A),Y,(N/A)
2024,2024-10-12,Saturday,10,10:44 AM,Property Damage,No Injuries,0,0,0,0,0,2,Sideswipe Same Direction,12,N,N,Unable to Determine,(N/A),Daylight,Clear,Dry,N,,,,,No Controls,No Controls,N,2,41.8914439,-87.8051383,ok,(UNK),1,2401301,2024,,18,99,50000 and OVER,9,4295,Oak Park,C,Urban Other Principal Arte,,16,12,12846030,10,Cook,0,24,,,6,N,No,Free Flow,202401351358,City,1,18.86000061,Y,,,,(UNK),75934,(N/A),(UNK),No Defects,1,1,Other Principal Arterial,3,348,X003603918,Not Toll,73,1,1,Not Divided,1,2939566.63553511,1911815.36999958,41.8914361,-87.80513246,,Urban,1,N,(N/A),Y,(N/A)
2024,2024-10-21,Monday,9,09:42 AM,Property Damage,No Injuries,0,0,0,0,0,2,Turning,10,N,N,Failing to Yield Right of Way,Unable to Determine,Daylight,Clear,Dry,N,,,,,No Controls,No Controls,N,2,41.8919365,-87.8051543,ok,(UNK),1,2401351,2024,,2,18,50000 and OVER,9,4295,Oak Park,C,Urban Other Principal Arte,,16,21,12846033,10,Cook,0,24,,,1,N,No,(UNK),202401351361,City,1,18.81999969,Y,,,,(UNK),75937,(N/A),(UNK),No Defects,1,1,Other Principal Arterial,3,348,X003603921,Not Toll,73,1,1,"Divided, No Median Barrier",2,2939557.31286412,1911994.74026332,41.89192864,-87.80514854,,Urban,1,N,(N/A),Y,(N/A)
2024,2024-10-18,Friday,15,03:39 PM,Property Damage,No Injuries,0,0,0,0,0,3,Angle,15,N,N,Failing to Yield Right of Way,Driving Skills/Knowledge/Experience,Daylight,Clear,Dry,Y,,,,,No Controls,No Controls,N,2,41.8997144,-87.8054454,ok,(UNK),1,2401339,2024,,2,15,50000 and OVER,9,4295,Oak Park,C,Urban Other Principal Arte,,16,18,12846034,10,Cook,0,24,,,5,N,No,Free Flow,202401351362,City,1,18.28000069,Y,,,,(UNK),75938,(N/A),(UNK),No Defects,1,1,Other Principal Arterial,3,348,X003603922,Not Toll,73,1,1,Four Way,14,2939400.01912675,1914826.96963368,41.89970654,-87.80543958,,Urban,1,N,(N/A),Y,(N/A)
2024,2024-10-19,Saturday,10,10:47 AM,Property Damage,No Injuries,0,0,0,0,0,2,Turning,10,N,N,Failing to Yield Right of Way,Equipment-Vehicle Condition,Daylight,Clear,Dry,Y,,,,,No Controls,No Controls,N,2,41.9070578,-87.8057257,ok,(UNK),1,2401345,2024,,2,10,50000 and OVER,9,4295,Oak Park,C,Urban Other Principal Arte,,16,19,12846046,10,Cook,0,24,,,6,N,No,Free Flow,202401351372,City,1,17.78000069,Y,,,,(UNK),75941,(N/A),(UNK),No Defects,1,1,Other Principal Arterial,3,348,X003603933,Not Toll,73,1,1,Not Divided,1,2939250.00583559,1917500.966507,41.90705,-87.80571992,,Urban,1,N,(N/A),Y,(N/A)
2024,2024-10-24,Thursday,18,06:54 PM,Injury,B Injury Crash,1,0,0,1,0,1,Turning,10,N,N,Failing to Yield Right of Way,Driving Skills/Knowledge/Experience,Darkness / Lighted Road,Clear,Dry,Y,,,,,No Controls,No Controls,N,2,41.870489,-87.8043954,ok,(UNK),1,24-03534,2024,,2,15,50000 and OVER,9,4295,Oak Park,C,Urban Other Principal Arte,,16,24,12846129,10,Cook,2,24,,,4,N,No,Free Flow,202401351443,City,5,20.30999947,Y,,,,(UNK),75991,(N/A),(UNK),No Defects,1,1,Other Principal Arterial,3,348,X003604004,Not Toll,73,1,1,"Divided, No Median Barrier",2,2939979.22485989,1904184.57642506,41.87048115,-87.80438956,,Urban,1,N,(N/A),Y,(N/A)
2024,2024-10-26,Saturday,17,05:00 PM,Property Damage,No Injuries,0,0,0,0,0,2,Sideswipe Same Direction,12,N,N,Improper Lane Usage,Unable to Determine,Daylight,Clear,Dry,Y,,,,,Traffic Signal,Functioning Properly,Y,2,41.8832478,-87.8048558,ok,(UNK),1,24-03572,2024,,20,18,50000 and OVER,9,4295,Oak Park,C,Urban Other Principal Arte,,16,26,12846143,10,Cook,0,24,,,6,N,No,Free Flow,202401351457,City,1,19.43000031,Y,,,,(UNK),76000,(N/A),(UNK),No Defects,1,1,Other Principal Arterial,3,348,X003604017,Not Toll,73,3,4,Not Divided,1,2939725.79669042,1908830.67683626,41.88324,-87.80485,,Urban,1,N,(N/A),Y,(N/A)
2024,2024-10-27,Sunday,18,06:57 PM,Property Damage,No Injuries,0,0,0,0,0,4,Front to Rear,11,N,N,Following Too Closely,Driving Skills/Knowledge/Experience,Darkness / Lighted Road,Clear,Dry,N,,,,,Traffic Signal,Functioning Properly,N,2,41.8752768,-87.804575,ok,(UNK),1,24-03564,2024,,3,15,50000 and OVER,9,4295,Oak Park,C,Urban Other Principal Arte,,16,27,12846144,10,Cook,0,24,,,7,N,No,Free Flow,202401351458,City,5,19.97999954,Y,,,,(UNK),76001,(N/A),(UNK),No Defects,1,1,Other Principal Arterial,3,348,X003604018,Not Toll,73,3,4,"Divided, No Median Barrier",2,2939882.25673245,1905927.99859317,41.87526898,-87.80456919,,Urban,1,N,(N/A),Y,(N/A)
2024,2024-10-28,Monday,13,01:30 PM,Property Damage,No Injuries,0,0,0,0,0,2,Turning,10,N,N,Improper Lane Usage,Driving Skills/Knowledge/Experience,Daylight,Clear,Dry,N,,,,,Traffic Signal,Functioning Properly,N,2,41.8735867,-87.8045233,ok,Partial Access Control,1,24-03570,2024,,20,15,50000 and OVER,9,4295,Oak Park,C,Urban InterState,,16,28,12846157,10,Cook,0,24,,,1,N,No,Free Flow,202401351471,City,1,20.09000015,Y,,,,(UNK),76012,(N/A),(UNK),No Defects,1,1,InterState,1,348,X003604031,Not Toll,73,3,4,"Divided, No Median Barrier",2,2939913.28724812,1905312.46041907,41.87357881,-87.80451753,,Urban,1,N,(N/A),Y,(N/A)
2024,2024-02-24,Saturday,16,04:34 PM,Property Damage,No Injuries,0,0,0,0,0,1,Parked Motor Vehicle,9,N,N,Unable to Determine,(N/A),Unknown,Unknown,Unknown,N,,,,,No Controls,No Controls,Y,3,41.8832559,-87.8036824,ok,(UNK),1,2401060,2024,,18,99,50000 and OVER,9,4295,Oak Park,C,Urban Local Road or Street,,16,24,12543322,2,Cook,0,24,,,6,N,No,Slow,202401069721,City,9,0,N,,,,(UNK),76109,(N/A),(UNK),No Defects,1,9,Local Road or Street,7,,X003338115,Not Toll,73,1,1,"Divided, No Median Barrier",2,2940045.26419915,1908842.41064444,41.88324805,-87.80367659,,Urban,9,N,(N/A),Y,(N/A)
2024,2024-02-28,Wednesday,7,07:54 AM,Property Damage,No Injuries,0,0,0,0,0,2,Turning,10,N,N,Improper Overtaking/Passing,(N/A),Daylight,Clear,Dry,Y,,,,,No Controls,No Controls,N,2,41.8942778,-87.8019265,ok,(UNK),1,2401128,2024,,4,99,50000 and OVER,9,4295,Oak Park,C,Urban Minor Arterial,,16,28,12543325,2,Cook,0,24,,,3,N,No,Free Flow,202401069724,City,1,2.72000003,N,,,,(UNK),76110,(N/A),(UNK),No Defects,1,1,Minor Arterial,4,1398,X003338118,Not Toll,73,1,1,Not Divided,1,2940412.68953088,1912872.1833582,41.89426997,-87.8019207,,Urban,1,N,(N/A),Y,(N/A)
2024,2024-02-28,Wednesday,11,11:56 AM,Property Damage,No Injuries,0,0,0,0,0,2,Angle,15,N,N,Improper Turning/No Signal,Failing to Reduce Speed to Avoid Crash,Daylight,Clear,Dry,Y,,,,,No Controls,No Controls,Y,2,41.8705005,-87.775518,ok,(UNK),1,2401131,2024,,6,28,50000 and OVER,9,4295,Oak Park,C,Urban Local Road or Street,,16,28,12543326,2,Cook,0,24,,,3,N,No,Free Flow,202401069725,City,1,0.19,N,,,,(UNK),76111,(N/A),(UNK),No Defects,1,1,Local Road or Street,7,290,X003338119,Not Toll,73,1,1,Not Divided,1,2947844.70913569,1904406.66043998,41.87049263,-87.77551225,,Urban,1,N,(N/A),Y,(N/A)
2024,2024-02-28,Wednesday,14,02:50 PM,Property Damage,No Injuries,0,0,0,0,0,2,Front to Rear,11,N,N,Following Too Closely,Failing to Reduce Speed to Avoid Crash,Daylight,Clear,Dry,Y,,,,,Traffic Signal,Functioning Properly,N,2,41.8759848,-87.8045967,ok,(UNK),1,2401136,2024,,3,28,50000 and OVER,9,4295,Oak Park,C,Urban Other Principal Arte,,16,28,12543327,2,Cook,0,24,,,3,N,No,Free Flow,202401069726,City,1,19.93000031,Y,,,,(UNK),76112,(N/A),(UNK),No Defects,1,1,Other Principal Arterial,3,348,X003338120,Not Toll,73,3,4,Not Divided,1,2939869.23670551,1906185.84584543,41.87597698,-87.80459091,,Urban,1,N,(N/A),Y,(N/A)
2024,2024-02-29,Thursday,8,08:24 AM,Injury,C Injury Crash,2,0,0,0,2,1,Angle,15,N,N,Failing to Yield Right of Way,Failing to Reduce Speed to Avoid Crash,Daylight,Clear,Dry,Y,,,,,Stop Sign,Functioning Properly,N,2,41.8814079,-87.8039049,ok,(UNK),1,2401153,2024,,2,28,50000 and OVER,9,4295,Oak Park,C,Urban Major Collector,,16,29,12543330,2,Cook,1,24,,,4,N,No,Free Flow,202401069729,City,1,0.05,N,,,,(UNK),76113,(N/A),(UNK),No Defects,1,1,Major Collector,5,5,X003338123,Not Toll,73,2,4,Not Divided,1,2940003.22832041,1908167.28989626,41.88140003,-87.80389907,,Urban,1,N,(N/A),Y,(N/A)
2024,2024-03-03,Sunday,19,07:35 PM,Property Damage,No Injuries,0,0,0,0,0,3,Front to Rear,11,N,N,Failing to Reduce Speed to Avoid Crash,(N/A),Darkness / Lighted Road,Clear,Dry,N,,,,,Delineators,Functioning Properly,Y,2,41.8726454,-87.778085,ok,(UNK),3,03-24-03879,2024,,28,99,50000 and OVER,9,4295,Oak Park,C,Urban Local Road or Street,,16,3,12544903,3,Cook,0,24,,,7,N,No,(UNK),202401071329,ISP,5,0,N,,,,(UNK),77206,(N/A),(UNK),No Defects,1,1,Local Road or Street,7,,X003339651,Not Toll,,14,4,Divided With Median Barrier,3,2947123.74517027,1905168.84000414,41.87264542,-87.77808505,,Urban,1,N,(N/A),Y,(N/A)
2024,2024-03-03,Sunday,19,07:30 PM,Property Damage,No Injuries,0,0,0,0,0,2,Sideswipe Same Direction,12,N,N,Failing to Yield Right of Way,Improper Lane Usage,Darkness / Lighted Road,Clear,Dry,N,,,,,Other Regualtory Sig,Functioning Properly,Y,2,41.8732628,-87.7994296,ok,Partial Access Control,3,03-24-03876,2024,,2,20,50000 and OVER,9,4295,Oak Park,C,Urban InterState,,16,3,12544906,3,Cook,0,24,,,7,N,No,(UNK),202401071331,ISP,5,7.92999983,Y,,,,(UNK),77208,(N/A),(UNK),No Defects,1,1,InterState,1,290,X003339654,Not Toll,73,10,4,Divided With Median Barrier,3,2941303.91175305,1905232.67678141,41.87325494,-87.79942378,,Urban,1,N,(N/A),Y,(N/A)