crash_year,crash_date,day_of_week,crash_hour,time_of_crash,crash_severity,crash_injury_severity,total_injured,total_fatals,a_injuries,b_injuries,c_injuries,no_injuries,type_of_first_crash,collision_type_code,pedestrian_involved,pedalcyclist_involved,cause1,cause2,lighting_cond,weather_cond,road_surface_cond,intersection_related,is_intersection,highway_or_street_name,at_intersection_with,address_no,traffic_control_device,traffic_control_device_cond,hit_and_run,number_of_vehicles,latitude,longitude,location_status,access_control,agency_code,agency_report_number,agency_report_year,alignment_code,cause1_code,cause2_code,city_class,city_class_code,city_code,city_name,city_township_flag,class_of_trafficway,class_of_trafficway_code,county_code,crash_day,crash_id,crash_month,crash_report_county,crash_severity_cd,crash_yr_source,damaged_property1,damaged_property2,day_of_week_code,did_crash_occur_in_work_zone,did_involve_secondary_crash,flow_condition,icn,investigating_agency_descrip,light_condition_code,mile_station,nhs,non_intersection_direction,non_intersection_distance,non_intersection_units,number_of_lanes,objectid,railroad_crossing_number,road_alignment,road_defects,road_defects_code,road_surface_condition_code,roadway_functional_class,roadway_functional_class_code,route_number,sfe,toll,township,traffic_control_device_code,traffic_control_device_cond_code,trafficway_descrip,trafficway_description_code,ts_crash_coordinate_x,ts_crash_coordinate_y,ts_crash_latitude,ts_crash_longitude,type_report,urban_rural,weather_code,were_workers_present,work_zone,work_zone_related,work_zone_type
2024,2024-10-29,Tuesday,13,01:40 PM,Property Damage,No Injuries,0,0,0,0,0,2,Sideswipe Same Direction,12,N,N,Improper Lane Usage,Unable to Determine,Daylight,Clear,Dry,N,,,,,No Controls,No Controls,N,2,41.8815878,-87.7943356,ok,(UNK),1,2406591,2024,,20,18,50000 and OVER,9,4295,Oak Park,C,Urban Major Collector,,16,29,12847319,10,Cook,0,24,,,2,N,No,Free Flow,202401352475,City,1,0.54000002,N,,,,(UNK),78242,(N/A),(UNK),No Defects,1,1,Major Collector,5,5,X003605022,Not Toll,73,1,1,"Divided, No Median Barrier",2,2942607.45526142,1908304.80545287,41.88158,-87.79432977,,Urban,1,N,(N/A),Y,(N/A)
2024,2024-10-26,Saturday,4,04:22 AM,Injury,B Injury Crash,1,0,0,1,0,0,Fixed Object,6,N,N,Physical Condition of Driver,Failing to Reduce Speed to Avoid Crash,Darkness / Lighted Road,Clear,Dry,N,,,,,No Controls,No Controls,N,1,41.9016097,-87.8013136,ok,(UNK),1,2401376,2024,,17,28,50000 and OVER,9,4295,Oak Park,C,Urban Major Collector,,16,26,12847323,10,Cook,2,24,TREE,,6,N,No,(UNK),202401352478,City,5,1.21000004,N,,,,(UNK),78244,(N/A),(UNK),No Defects,1,1,Major Collector,5,1394,X003605025,Not Toll,73,1,1,"Divided, No Median Barrier",2,2940505.86350133,1915548.67964166,41.9016019,-87.80130781,,Urban,1,N,(N/A),Y,(N/A)
2024,2024-10-21,Monday,19,07:24 PM,Property Damage,No Injuries,0,0,0,0,0,3,Front to Rear,11,N,N,Following Too Closely,Failing to Reduce Speed to Avoid Crash,Darkness / Lighted Road,Clear,Dry,Y,,,,,Traffic Signal,Functioning Properly,Y,3,41.87231,-87.8044659,ok,(UNK),1,24-03502,2024,,3,28,50000 and OVER,9,4295,Oak Park,C,Urban Other Principal Arte,,16,21,12847479,10,Cook,0,24,,,1,N,No,Stopped,202401352618,City,5,20.18000031,Y,,,,(UNK),78336,(N/A),(UNK),No Defects,1,1,Other Principal Arterial,3,348,X003605169,Not Toll,73,3,4,"Divided, No Median Barrier",2,2939941.73917192,1904847.66118026,41.87230217,-87.8044601,,Urban,1,N,(N/A),Y,(N/A)
2024,2024-03-01,Friday,20,08:59 PM,Property Damage,No Injuries,0,0,0,0,0,5,Front to Rear,11,N,N,Following Too Closely,(N/A),Darkness,Clear,Dry,N,,,,,No Controls,No Controls,N,2,41.881518,-87.7984467,ok,(UNK),1,2401185,2024,,3,99,50000 and OVER,9,4295,Oak Park,C,Urban Major Collector,,16,1,12545900,3,Cook,0,24,,,5,N,No,Free Flow,202401072098,City,4,0.33000001,N,,,,(UNK),78651,(N/A),(UNK),No Defects,1,1,Major Collector,5,5,X003340421,Not Toll,73,1,1,Not Divided,1,2941488.57526227,1908248.41317257,41.88151015,-87.79844085,,Urban,1,N,(N/A),Y,(N/A)
2024,2024-03-02,Saturday,13,01:55 PM,Property Damage,No Injuries,0,0,0,0,0,3,Angle,15,N,N,Failing to Yield Right of Way,Vision Obscured,Daylight,Clear,Dry,Y,,,,,Stop Sign,Functioning Properly,N,2,41.894538,-87.7865226,ok,(UNK),1,2401194,2024,,2,14,50000 and OVER,9,4295,Oak Park,C,Urban Minor Arterial,,16,2,12545907,3,Cook,0,24,,,6,N,No,Slow,202401072106,City,1,3.53999996,N,,,,(UNK),78657,(N/A),(UNK),No Defects,1,1,Minor Arterial,4,1398,X003340428,Not Toll,73,2,4,Four Way,14,2944604.21439592,1913083.0474381,41.89453019,-87.78651679,,Urban,1,N,(N/A),Y,(N/A)
2024,2024-03-03,Sunday,3,03:58 AM,Property Damage,No Injuries,0,0,0,0,0,1,Fixed Object,6,N,N,Under Influence of Alcohol/Drugs,(N/A),Darkness / Lighted Road,Clear,Dry,N,,,,,No Controls,No Controls,N,1,41.9008191,-87.7867124,ok,(UNK),1,2401202,2024,,8,99,50000 and OVER,9,4295,Oak Park,C,Urban Local Road or Street,,16,3,12545910,3,Cook,0,24,TREE,TREE,7,N,No,Free Flow,202401072109,City,5,0,N,,,,(UNK),78658,(N/A),(UNK),No Defects,1,1,Local Road or Street,7,,X003340431,Not Toll,73,1,1,Not Divided,1,2944489.01519065,1915370.56291261,41.90081128,-87.78670655,,Urban,1,N,(N/A),Y,(N/A)
2024,2024-03-03,Sunday,4,04:25 AM,Injury,B Injury Crash,1,0,0,1,0,0,Fixed Object,6,N,N,Unable to Determine,Under Influence of Alcohol/Drugs,Darkness,Clear,Dry,N,,,,,Traffic Signal,Functioning Properly,Y,1,41.8817696,-87.780576,ok,(UNK),1,2401203,2024,,18,8,50000 and OVER,9,4295,Oak Park,C,Urban Major Collector,,16,3,12545913,3,Cook,2,24,STREET SIGN,BRICK PILLAR,7,N,No,Free Flow,202401072112,City,4,1.25,N,,,,(UNK),78660,(N/A),(UNK),No Defects,1,1,Major Collector,5,5,X003340434,Not Toll,73,3,4,Four Way,14,2946352.7984645,1908474.96756038,41.88176172,-87.78057019,,Urban,1,N,(N/A),Y,(N/A)
2024,2024-03-03,Sunday,11,11:53 AM,Property Damage,No Injuries,0,0,0,0,0,5,Front to Rear,11,N,N,Distraction - From Outside Vehicle,Failing to Reduce Speed to Avoid Crash,Daylight,Clear,Dry,N,,,,,Traffic Signal,Functioning Properly,N,2,41.8948278,-87.7946803,ok,(UNK),1,2401210,2024,,40,28,50000 and OVER,9,4295,Oak Park,C,Urban Major Collector,,16,3,12545921,3,Cook,0,24,,,7,N,No,Free Flow,202401072118,City,1,5.09000015,N,,,,(UNK),78665,(N/A),(UNK),No Defects,1,1,Major Collector,5,2775,X003340440,Not Toll,73,3,4,Not Divided,1,2942380.12273873,1913127.08968102,41.89481993,-87.79467453,,Urban,1,N,(N/A),Y,(N/A)
2024,2024-10-29,Tuesday,3,03:53 AM,Injury,C Injury Crash,2,0,0,0,2,1,Front to Front,14,N,N,Failing to Reduce Speed to Avoid Crash,Unable to Determine,Darkness / Lighted Road,Clear,Dry,N,,,,,No Controls,No Controls,N,2,41.8973341,-87.7947563,ok,(UNK),1,2406583,2024,,28,18,50000 and OVER,9,4295,Oak Park,C,Urban Major Collector,,16,29,12848713,10,Cook,1,24,,,2,N,No,Free Flow,202401353738,City,5,4.90999985,N,,,,(UNK),79865,(N/A),(UNK),No Defects,1,1,Major Collector,5,2775,X003606289,Not Toll,73,1,1,Not Divided,1,2942334.18670024,1914039.87735362,41.89732628,-87.79475045,,Urban,1,N,(N/A),Y,(N/A)
2024,2024-10-30,Wednesday,9,09:20 AM,Property Damage,No Injuries,0,0,0,0,0,3,Angle,15,N,N,Failing to Yield Right of Way,Driving Skills/Knowledge/Experience,Daylight,Clear,Dry,Y,,,,,Stop Sign,Functioning Properly,N,2,41.9091355,-87.7860147,ok,(UNK),1,2406606,2024,,2,15,50000 and OVER,9,4295,Oak Park,C,Urban Other Principal Arte,,16,30,12849334,10,Cook,0,24,,,3,N,No,Free Flow,202401354064,City,1,6.94000006,Y,,,,(UNK),80291,(N/A),(UNK),No Defects,1,1,Other Principal Arterial,3,307,X003606585,Not Toll,73,2,4,Not Divided,1,2944594.80227794,1918406.46978373,41.9091276,-87.78600889,,Urban,1,N,(N/A),Y,(N/A)
2024,2024-10-30,Wednesday,11,11:13 AM,Property Damage,No Injuries,0,0,0,0,0,2,Pedestrian,1,Y,N,Failing to Yield Right of Way,Failing to Reduce Speed to Avoid Crash,Daylight,Clear,Dry,Y,,,,,Traffic Signal,Functioning Properly,N,1,41.8814,-87.80237,ok,(UNK),1,2406610,2024,,2,28,50000 and OVER,9,4295,Oak Park,C,Urban Major Collector,,16,30,12849355,10,Cook,0,24,,,3,N,No,Free Flow,202401354067,City,1,0,N,,,,(UNK),80309,(N/A),(UNK),No Defects,1,1,Major Collector,5,,X003606588,Not Toll,,3,4,"Divided, No Median Barrier",2,2940421.30507512,1908175.9387353,41.8814,-87.80237,,Urban,1,N,(N/A),Y,(N/A)
2024,2024-10-30,Wednesday,12,12:30 PM,Injury,C Injury Crash,1,0,0,0,1,3,Turning,10,N,N,Improper Turning/No Signal,Failing to Reduce Speed to Avoid Crash,Daylight,Clear,Dry,N,,,,,Traffic Signal,Functioning Properly,N,2,41.8885863,-87.8044837,ok,(UNK),1,2406611,2024,,6,28,50000 and OVER,9,4295,Oak Park,C,Urban Major Collector,,16,30,12849363,10,Cook,1,24,,,3,N,No,Free Flow,202401354075,City,1,0,N,,,,(UNK),80313,(N/A),(UNK),No Defects,1,1,Major Collector,5,,X003606595,Not Toll,73,3,4,Not Divided,1,2939773.54451624,1910778.89143291,41.88857844,-87.80447792,,Urban,1,N,(N/A),Y,(N/A)
2024,2024-10-30,Wednesday,13,01:07 PM,Property Damage,No Injuries,0,0,0,0,0,3,Front to Rear,11,N,N,Failing to Yield Right of Way,Driving Skills/Knowledge/Experience,Daylight,Clear,Dry,N,,,,,No Controls,No Controls,N,3,41.887721,-87.8049958,ok,(UNK),1,2406612,2024,,2,15,50000 and OVER,9,4295,Oak Park,C,Urban Other Principal Arte,,16,30,12849366,10,Cook,0,24,,,3,N,No,Free Flow,202401354078,City,1,19.12000084,Y,,,,(UNK),80315,(N/A),(UNK),No Defects,1,1,Other Principal Arterial,3,348,X003606597,Not Toll,73,1,1,Not Divided,1,2939642.78613839,1910459.70990292,41.88771311,-87.80499,,Urban,1,N,(N/A),Y,(N/A)
2024,2024-10-30,Wednesday,8,08:00 AM,Property Damage,No Injuries,0,0,0,0,0,2,Turning,10,N,N,Driving Skills/Knowledge/Experience,(N/A),Daylight,Clear,Dry,N,,,,,No Controls,No Controls,N,2,41.883564,-87.8048618,ok,(UNK),1,2406618,2024,,15,99,50000 and OVER,9,4295,Oak Park,C,Urban Other Principal Arte,,16,30,12849375,10,Cook,0,24,,,3,N,No,Free Flow,202401354088,City,1,19.40999985,Y,,,,(UNK),80322,(N/A),(UNK),No Defects,1,1,Other Principal Arterial,3,348,X003606606,Not Toll,73,1,1,"Divided, No Median Barrier",2,2939720.99950312,1908945.84963234,41.88355617,-87.80485597,,Urban,1,N,(N/A),Y,(N/A)
2024,2024-03-02,Saturday,10,10:24 AM,Property Damage,No Injuries,0,0,0,0,0,2,Turning,10,N,N,Driving Skills/Knowledge/Experience,Failing to Reduce Speed to Avoid Crash,Daylight,Clear,Dry,N,,,,,Traffic Signal,Functioning Properly,Y,2,41.8735738,-87.8045227,ok,(UNK),1,24-00666,2024,,15,28,50000 and OVER,9,4295,Oak Park,C,Urban Other Principal Arte,,16,2,12546815,3,Cook,0,24,,,6,N,No,Free Flow,202401072932,City,1,20.10000038,Y,,,,(UNK),80555,(N/A),(UNK),No Defects,1,1,Other Principal Arterial,3,348,X003341210,Not Toll,73,3,4,"Divided, No Median Barrier",2,2939913.57451446,1905307.76756913,41.87356592,-87.80451695,,Urban,1,N,(N/A),Y,(N/A)
2024,2024-03-04,Monday,23,11:22 PM,Property Damage,No Injuries,0,0,0,0,0,5,Front to Rear,11,N,N,Failing to Reduce Speed to Avoid Crash,(N/A),Darkness / Lighted Road,Cloudy/Overcast,Wet,Y,,,,,Traffic Signal,Functioning Improperly,Y,2,41.8727878,-87.7940058,ok,(UNK),1,2401244,2024,,28,99,50000 and OVER,9,4295,Oak Park,C,Urban Major Collector,,16,4,12547568,3,Cook,0,24,,,1,N,No,Free Flow,202401073631,City,5,0,N,,,,(UNK),81053,(N/A),(UNK),No Defects,1,2,Major Collector,5,290,X003341888,Not Toll,73,3,3,Not Divided,1,2942785.96150184,1905100.41001859,41.87278,-87.794,,Urban,8,N,(N/A),Y,(N/A)
2024,2024-03-04,Monday,15,03:05 PM,Property Damage,No Injuries,0,0,0,0,0,1,Parked Motor Vehicle,9,N,N,Failing to Reduce Speed to Avoid Crash,Unable to Determine,Daylight,Clear,Dry,N,,,,,No Controls,No Controls,Y,2,41.8770544,-87.803757,ok,(UNK),1,2401236,2024,,28,18,50000 and OVER,9,4295,Oak Park,C,Urban Local Road or Street,,16,4,12548123,3,Cook,0,24,,,1,N,No,Slow,202401074143,City,1,0,N,,,,(UNK),82134,(N/A),(UNK),No Defects,1,1,Local Road or Street,7,,X003342382,Not Toll,73,1,1,Parking Lot,7,2940087.21352664,1906581.9102287,41.87704654,-87.80375116,,Urban,1,N,(N/A),Y,(N/A)
2024,2024-03-05,Tuesday,12,12:06 PM,Property Damage,No Injuries,0,0,0,0,0,3,Parked Motor Vehicle,9,N,N,Improper Overtaking/Passing,(N/A),Daylight,Clear,Dry,N,,,,,No Controls,No Controls,N,2,41.9091039,-87.7891903,ok,(UNK),1,2401251,2024,,4,99,50000 and OVER,9,4295,Oak Park,C,Urban Other Principal Arte,,16,5,12548217,3,Cook,0,24,,,2,N,No,Free Flow,202401074231,City,1,6.78000021,Y,,,,(UNK),82191,(N/A),(UNK),No Defects,1,1,Other Principal Arterial,3,307,X003342468,Not Toll,73,1,1,"Divided, No Median Barrier",2,2943730.67131144,1918370.99760026,41.90909609,-87.78918449,,Urban,1,N,(N/A),Y,(N/A)
2024,2024-03-05,Tuesday,14,02:43 PM,Property Damage,No Injuries,0,0,0,0,0,2,Turning,10,N,N,Failing to Yield Right of Way,Failing to Reduce Speed to Avoid Crash,Daylight,Cloudy/Overcast,Dry,Y,,,,,Stop Sign,Functioning Properly,N,2,41.8852681,-87.7813405,ok,(UNK),1,2401257,2024,,2,28,50000 and OVER,9,4295,Oak Park,C,Urban Local Road or Street,,16,5,12548227,3,Cook,0,24,,,2,N,No,Free Flow,202401074241,City,1,0,N,,,,(UNK),82198,(N/A),(UNK),No Defects,1,1,Local Road or Street,7,,X003342478,Not Toll,73,2,4,Not Divided,1,2946109.14172989,1909744.11166398,41.88526026,-87.7813347,,Urban,8,N,(N/A),Y,(N/A)
2024,2024-02-29,Thursday,9,09:40 AM,Property Damage,No Injuries,0,0,0,0,0,2,Sideswipe Same Direction,12,N,N,Improper Lane Usage,Failing to Reduce Speed to Avoid Crash,Daylight,Clear,Dry,N,,,,,Other,Functioning Properly,N,2,41.8735079,-87.8045198,ok,Partial Access Control,3,03-24-03643,2024,,20,28,50000 and OVER,9,4295,Oak Park,C,Urban InterState,,16,29,12549527,2,Cook,0,24,,,4,N,No,(UNK),202401075107,ISP,1,7.69999981,Y,,,,(UNK),83074,(N/A),(UNK),No Defects,1,1,InterState,1,290,X003343333,Not Toll,73,13,4,Divided With Median Barrier,3,2939915.04263244,1905283.78405125,41.87350005,-87.80451399,,Urban,1,N,(N/A),Y,(N/A)
2024,2024-03-06,Wednesday,15,03:27 PM,Property Damage,No Injuries,0,0,0,0,0,2,Parked Motor Vehicle,9,N,N,Improper Lane Usage,Driving Skills/Knowledge/Experience,Daylight,Clear,Dry,N,,,,,No Controls,No Controls,N,2,41.8668608,-87.7840096,ok,(UNK),1,2401282,2024,,20,15,50000 and OVER,9,4295,Oak Park,C,Urban Major Collector,,16,6,12549585,3,Cook,0,24,,,3,N,No,Free Flow,202401075155,City,1,2.43000007,N,,,,(UNK),83114,(N/A),(UNK),No Defects,1,1,Major Collector,5,2783,X003343382,Not Toll,73,1,1,Not Divided,1,2945568.6014737,1903015.95102859,41.86685297,-87.78400384,,Urban,1,N,(N/A),Y,(N/A)
2024,2024-03-06,Wednesday,15,03:50 PM,Property Damage,No Injuries,0,0,0,0,0,4,Front to Rear,11,N,N,Following Too Closely,Failing to Reduce Speed to Avoid Crash,Daylight,Clear,Dry,N,,,,,No Controls,No Controls,Y,2,41.9089677,-87.7966201,ok,(UNK),1,2401283,2024,,3,28,50000 and OVER,9,4295,Oak Park,C,Urban Other Principal Arte,,16,6,12549590,3,Cook,0,24,,,3,N,No,Slow,202401075160,City,1,6.4000001,Y,,,,(UNK),83119,(N/A),(UNK),No Defects,1,1,Other Principal Arterial,3,307,X003343387,Not Toll,73,1,1,Divided With Median Barrier,3,2941709.52698658,1918265.36202774,41.90895989,-87.79661433,,Urban,1,N,(N/A),Y,(N/A)
2024,2024-03-01,Friday,7,07:15 AM,Property Damage,No Injuries,0,0,0,0,0,2,Sideswipe Same Direction,12,N,N,Improper Lane Usage,Failing to Reduce Speed to Avoid Crash,Daylight,Clear,Dry,N,,,,,Other,Functioning Properly,N,2,41.8735104,-87.8045199,ok,Partial Access Control,3,03-24-04086,2024,,20,28,50000 and OVER,9,4295,Oak Park,C,Urban InterState,,16,1,12549686,3,Cook,0,24,,,5,N,No,(UNK),202401075249,ISP,1,7.69999981,Y,,,,(UNK),83181,(N/A),(UNK),No Defects,1,1,InterState,1,290,X003343474,Not Toll,73,13,4,Divided With Median Barrier,3,2939914.98608424,1905284.70783571,41.87350259,-87.8045141,,Urban,1,N,(N/A),Y,(N/A)
2024,2024-03-07,Thursday,10,10:40 AM,Property Damage,No Injuries,0,0,0,0,0,2,Sideswipe Same Direction,12,N,N,Improper Lane Usage,Failing to Reduce Speed to Avoid Crash,Daylight,Clear,Dry,N,,,,,Other,Functioning Properly,Y,2,41.8711532,-87.7748409,ok,Partial Access Control,3,03-24-04091,2024,,20,28,50000 and OVER,9,4295,Oak Park,C,Urban InterState,,16,7,12549781,3,Cook,0,24,,,4,N,No,(UNK),202401075338,ISP,1,0,Y,,,,(UNK),83242,(N/A),(UNK),No Defects,1,1,InterState,1,,X003343563,Not Toll,73,13,4,Ramp,11,2948022.50569344,1904649.6660434,41.87114536,-87.77483515,,Urban,1,N,(N/A),Y,(N/A)
2024,2024-10-31,Thursday,12,12:04 PM,Property Damage,No Injuries,0,0,0,0,0,2,Angle,15,N,N,Unable to Determine,Unable to Determine,Daylight,Clear,Dry,Y,,,,,No Controls,No Controls,Y,2,41.8834466,-87.7845461,ok,(UNK),1,2406641,2024,,18,18,50000 and OVER,9,4295,Oak Park,C,Urban Major Collector,,16,31,12851401,10,Cook,0,24,,,4,N,No,Slow,202401356040,City,1,1.27999997,N,,,,(UNK),83853,(N/A),(UNK),No Defects,1,1,Major Collector,5,2783,X003608470,Not Toll,73,1,1,Four Way,14,2945254.64533506,1909056.04885932,41.88343873,-87.78454027,,Urban,1,N,(N/A),Y,(N/A)
2024,2024-10-31,Thursday,13,01:20 PM,Property Damage,No Injuries,0,0,0,0,0,2,Sideswipe Same Direction,12,N,N,Improper Overtaking/Passing,Failing to Reduce Speed to Avoid Crash,Daylight,Cloudy/Overcast,Dry,N,,,,,Traffic Signal,Functioning Properly,N,2,41.8883279,-87.7846965,ok,(UNK),1,2406643,2024,,4,28,50000 and OVER,9,4295,Oak Park,C,Urban Major Collector,,16,31,12851402,10,Cook,0,24,,,4,N,No,Free Flow,202401356041,City,1,0.93000001,N,,,,(UNK),83854,(N/A),(UNK),No Defects,1,1,Major Collector,5,2783,X003608471,Not Toll,73,3,4,Two-way Continuous Left-Tur,4,2945164.28805072,1910833.75761883,41.88832005,-87.78469066,,Urban,8,N,(N/A),Y,(N/A)
2024,2024-10-30,Wednesday,17,05:40 PM,Property Damage,No Injuries,0,0,0,0,0,2,Sideswipe Same Direction,12,N,N,Failing to Yield Right of Way,Driving Skills/Knowledge/Experience,Daylight,Clear,Dry,N,,,,,No Controls,No Controls,N,2,41.8799671,-87.7863311,ok,(UNK),1,2406621,2024,,2,15,50000 and OVER,9,4295,Oak Park,C,Urban Minor Arterial,,16,30,12851404,10,Cook,0,24,,,3,N,No,Free Flow,202401356043,City,1,0,N,,,,(UNK),83855,(N/A),(UNK),No Defects,1,1,Minor Arterial,4,,X003608473,Not Toll,73,1,1,"Divided, No Median Barrier",2,2944803.72950833,1907774.5527021,41.87995921,-87.78632528,,Urban,1,N,(N/A),Y,(N/A)
2024,2024-10-31,Thursday,7,07:27 AM,Property Damage,No Injuries,0,0,0,0,0,1,Parked Motor Vehicle,9,N,N,Unable to Determine,Unable to Determine,Unknown,Clear,Dry,N,,,,,No Controls,No Controls,Y,2,41.8748326,-87.7952719,ok,(UNK),1,2406632,2024,,18,18,50000 and OVER,9,4295,Oak Park,C,Urban Local Road or Street,,16,31,12851406,10,Cook,0,24,,,4,N,No,Free Flow,202401356045,City,9,0,N,,,,(UNK),83856,(N/A),(UNK),No Defects,1,1,Local Road or Street,7,,X003608475,Not Toll,73,1,1,Not Divided,1,2942420.50914687,1905836.02307643,41.87482476,-87.79526613,,Urban,1,N,(N/A),Y,(N/A)
2024,2024-10-31,Thursday,16,04:48 PM,Injury,C Injury Crash,1,0,0,0,1,1,Pedestrian,1,Y,N,Failing to Yield Right of Way,Failing to Reduce Speed to Avoid Crash,Daylight,Clear,Dry,Y,,,,,Stop Sign,Functioning Properly,N,1,41.8690056,-87.7816246,ok,(UNK),1,2406647,2024,,2,28,50000 and OVER,9,4295,Oak Park,C,Urban Local Road or Street,,16,31,12851408,10,Cook,1,24,,,4,N,No,Slow,202401356047,City,1,0,N,,,,(UNK),83857,(N/A),(UNK),No Defects,1,1,Local Road or Street,7,,X003608477,Not Toll,73,2,4,Not Divided,1,2946196.54515134,1903815.59881245,41.86899775,-87.78161882,,Urban,1,N,(N/A),Y,(N/A)
2024,2024-03-07,Thursday,8,08:17 AM,Property Damage,No Injuries,0,0,0,0,0,1,Parked Motor Vehicle,9,N,N,Failing to Reduce Speed to Avoid Crash,Unable to Determine,Unknown,Clear,Dry,N,,,,,No Controls,No Controls,Y,3,41.894637,-87.7796144,ok,(UNK),1,2401292,2024,,28,18,50000 and OVER,9,4295,Oak Park,C,Urban Minor Arterial,,16,7,12550208,3,Cook,0,24,,,4,N,No,Free Flow,202401075735,City,9,3.8900001,N,,,,(UNK),84273,(N/A),(UNK),No Defects,1,1,Minor Arterial,4,1398,X003343967,Not Toll,73,1,1,Not Divided,1,2946484.14529971,1913171.37911787,41.89462911,-87.77960864,,Urban,1,N,(N/A),Y,(N/A)
2024,2024-03-05,Tuesday,17,05:16 PM,Property Damage,No Injuries,0,0,0,0,0,2,Turning,10,N,N,Improper Lane Usage,Failing to Reduce Speed to Avoid Crash,Dusk,Clear,Dry,Y,,,,,Traffic Signal,Functioning Properly,N,2,41.8726287,-87.7842258,ok,(UNK),1,2401260,2024,,20,28,50000 and OVER,9,4295,Oak Park,C,Urban Major Collector,,16,5,12551376,3,Cook,0,24,,,2,N,No,Slow,202401076817,City,3,0.2,N,,,,(UNK),85732,(N/A),(UNK),No Defects,1,1,Major Collector,5,290,X003345049,Not Toll,73,3,4,Not Divided,1,2945451.34575146,1905116.25030882,41.87262089,-87.78422002,,Urban,1,N,(N/A),Y,(N/A)
2024,2024-03-08,Friday,8,08:14 AM,Property Damage,No Injuries,0,0,0,0,0,2,Turning,10,N,N,Failing to Yield Right of Way,Vision Obscured,Daylight,Clear,Wet,Y,,,,,No Controls,No Controls,N,2,41.8704892,-87.8043962,ok,(UNK),1,2401314,2024,,2,14,50000 and OVER,9,4295,Oak Park,C,Urban Other Principal Arte,,16,8,12551377,3,Cook,0,24,,,5,N,No,Free Flow,202401076818,City,1,20.30999947,Y,,,,(UNK),85733,(N/A),(UNK),No Defects,1,2,Other Principal Arterial,3,348,X003345050,Not Toll,73,1,1,"Divided, No Median Barrier",2,2939978.98876934,1904184.64675826,41.87048136,-87.80439042,,Urban,1,N,(N/A),Y,(N/A)
2024,2024-03-07,Thursday,15,03:21 PM,Injury,B Injury Crash,1,0,0,1,0,1,Front to Rear,11,N,N,Improper Lane Usage,Failing to Reduce Speed to Avoid Crash,Daylight,Clear,Dry,Y,,,,,Traffic Signal,Functioning Properly,N,2,41.8907921,-87.805117,ok,(UNK),1,2400267,2024,,20,28,50000 and OVER,9,4295,Oak Park,C,Urban Other Principal Arte,,16,7,12551389,3,Cook,2,24,,,4,N,No,Free Flow,202401076820,City,1,18.89999962,Y,,,,(UNK),85734,(N/A),(UNK),No Defects,1,1,Other Principal Arterial,3,348,X003345052,Not Toll,73,3,4,"Divided, No Median Barrier",2,2939578.9720004,1911577.99737347,41.89078429,-87.80511117,,Urban,1,N,(N/A),Y,(N/A)
2024,2024-03-07,Thursday,15,03:15 PM,Injury,C Injury Crash,1,0,0,0,1,1,Front to Rear,11,N,N,Failing to Reduce Speed to Avoid Crash,Unable to Determine,Daylight,Cloudy/Overcast,Dry,Y,,,,,No Controls,No Controls,N,2,41.9052138,-87.805664,ok,(UNK),1,2400273,2024,,28,18,50000 and OVER,9,4295,Oak Park,C,Urban Other Principal Arte,,16,7,12551390,3,Cook,1,24,,,4,N,No,Free Flow,202401076821,City,1,17.89999962,Y,,,,(UNK),85735,(N/A),(UNK),No Defects,1,1,Other Principal Arterial,3,348,X003345053,Not Toll,73,1,1,"Divided, No Median Barrier",2,2939285.3064153,1916829.43181906,41.90520598,-87.80565823,,Urban,8,N,(N/A),Y,(N/A)
2024,2024-03-06,Wednesday,22,10:01 PM,Injury,B Injury Crash,1,0,0,1,0,2,Front to Rear,11,N,N,Improper Overtaking/Passing,Improper Lane Usage,Darkness / Lighted Road,Clear,Dry,N,,,,,Delineators,Functioning Properly,Y,2,41.8735717,-87.8022545,ok,Partial Access Control,3,03-24-04071,2024,,4,20,50000 and OVER,9,4295,Oak Park,C,Urban InterState,,16,6,12552066,3,Cook,2,24,,,3,N,No,(UNK),202401077466,ISP,5,7.80000019,Y,,,,(UNK),86172,(N/A),(UNK),No Defects,1,1,InterState,1,290,X003345702,Not Toll,73,14,4,Divided With Median Barrier,3,2940531.39351884,1905324.017802,41.87356381,-87.80224869,,Urban,1,N,(N/A),Y,(N/A)
2024,2024-11-03,Sunday,17,05:07 PM,Property Damage,No Injuries,0,0,0,0,0,2,Turning,10,N,N,Failing to Yield Right of Way,Improper Turning/No Signal,Darkness / Lighted Road,Freezing Rain or,Wet,N,,,,,Stop Sign,Functioning Properly,Y,2,41.8779416,-87.7941782,ok,(UNK),1,2406710,2024,,2,6,50000 and OVER,9,4295,Oak Park,C,Urban Major Collector,,16,3,12853130,11,Cook,0,24,,,7,N,No,Free Flow,202401357681,City,5,6.28999996,N,,,,(UNK),86503,(N/A),(UNK),No Defects,1,2,Major Collector,5,2775,X003610112,Not Toll,73,2,4,"Divided, No Median Barrier",2,2942687.07683655,1906977.2163161,41.87793371,-87.79417235,,Urban,10,N,(N/A),Y,(N/A)
2024,2024-10-31,Thursday,16,04:45 PM,Property Damage,No Injuries,0,0,0,0,0,3,Front to Rear,11,N,N,Following Too Closely,Failing to Reduce Speed to Avoid Crash,Daylight,Clear,Dry,N,,,,,Other Regualtory Sig,Functioning Properly,Y,3,41.8737816,-87.8045295,ok,Partial Access Control,3,03-24-21342,2024,,3,28,50000 and OVER,9,4295,Oak Park,C,Urban InterState,,16,31,12853229,10,Cook,0,24,,,4,N,No,(UNK),202401357780,ISP,1,7.69999981,Y,,,,(UNK),86579,(N/A),(UNK),No Defects,1,1,InterState,1,290,X003610205,Not Toll,73,10,4,"Divided, No Median Barrier",2,2939909.65733857,1905383.46025031,41.87377377,-87.80452367,,Urban,1,N,(N/A),Y,(N/A)