crash_year,crash_date,day_of_week,crash_hour,time_of_crash,crash_severity,crash_injury_severity,total_injured,total_fatals,a_injuries,b_injuries,c_injuries,no_injuries,type_of_first_crash,collision_type_code,pedestrian_involved,pedalcyclist_involved,cause1,cause2,lighting_cond,weather_cond,road_surface_cond,intersection_related,is_intersection,highway_or_street_name,at_intersection_with,address_no,traffic_control_device,traffic_control_device_cond,hit_and_run,number_of_vehicles,latitude,longitude,location_status,access_control,agency_code,agency_report_number,agency_report_year,alignment_code,cause1_code,cause2_code,city_class,city_class_code,city_code,city_name,city_township_flag,class_of_trafficway,class_of_trafficway_code,county_code,crash_day,crash_id,crash_month,crash_report_county,crash_severity_cd,crash_yr_source,damaged_property1,damaged_property2,day_of_week_code,did_crash_occur_in_work_zone,did_involve_secondary_crash,flow_condition,icn,investigating_agency_descrip,light_condition_code,mile_station,nhs,non_intersection_direction,non_intersection_distance,non_intersection_units,number_of_lanes,objectid,railroad_crossing_number,road_alignment,road_defects,road_defects_code,road_surface_condition_code,roadway_functional_class,roadway_functional_class_code,route_number,sfe,toll,township,traffic_control_device_code,traffic_control_device_cond_code,trafficway_descrip,trafficway_description_code,ts_crash_coordinate_x,ts_crash_coordinate_y,ts_crash_latitude,ts_crash_longitude,type_report,urban_rural,weather_code,were_workers_present,work_zone,work_zone_related,work_zone_type
2024,2024-10-31,Thursday,16,04:40 PM,Property Damage,No Injuries,0,0,0,0,0,2,Front to Rear,11,N,N,Failing to Reduce Speed to Avoid Crash,Following Too Closely,Daylight,Clear,Dry,N,,,,,Other,Functioning Properly,Y,2,41.873242,-87.7992446,ok,Partial Access Control,3,03-24-21286,2024,,28,3,50000 and OVER,9,4295,Oak Park,C,Urban InterState,,16,31,12853571,10,Cook,0,24,,,4,N,No,(UNK),202401358120,ISP,1,7.94000006,Y,,,,(UNK),86885,(N/A),(UNK),No Defects,1,1,InterState,1,290,X003610516,Not Toll,73,13,4,Divided With Median Barrier,3,2941354.5,1905226.5,41.87323418,-87.79923881,,Urban,1,N,(N/A),Y,(N/A)
2024,2024-10-30,Wednesday,7,07:00 AM,Property Damage,No Injuries,0,0,0,0,0,2,Front to Rear,11,N,N,Following Too Closely,Failing to Reduce Speed to Avoid Crash,Daylight,Clear,Dry,N,,,,,No Controls,No Controls,N,2,41.8734999,-87.8044373,ok,Partial Access Control,3,03-24-21192,2024,,3,28,50000 and OVER,9,4295,Oak Park,C,Urban InterState,,16,30,12853936,10,Cook,0,24,,,3,N,No,(UNK),202401358478,ISP,1,7.69999981,Y,,,,(UNK),87142,(N/A),(UNK),No Defects,1,1,InterState,1,290,X003610868,Not Toll,73,1,1,Divided With Median Barrier,3,2939937.60175393,1905281.49333995,41.87349207,-87.80443145,,Urban,1,N,(N/A),Y,(N/A)
2024,2024-02-29,Thursday,16,04:38 PM,Property Damage,No Injuries,0,0,0,0,0,4,Angle,15,N,N,Failing to Yield Right of Way,Vision Obscured,Daylight,Clear,Dry,Y,,,,,Stop Sign,Functioning Properly,N,2,41.8704892,-87.8043962,ok,(UNK),1,2401162,2024,,2,14,50000 and OVER,9,4295,Oak Park,C,Urban Other Principal Arte,,16,29,12553235,2,Cook,0,24,,,4,N,No,Free Flow,202401078583,City,1,20.30999947,Y,,,,(UNK),87811,(N/A),(UNK),No Defects,1,1,Other Principal Arterial,3,348,X003346833,Not Toll,73,2,4,"Divided, No Median Barrier",2,2939978.98876934,1904184.64675826,41.87048136,-87.80439042,,Urban,1,N,(N/A),Y,(N/A)
2024,2024-03-03,Sunday,19,07:20 PM,Injury,B Injury Crash,2,0,0,1,1,0,Angle,15,N,N,Disregarding Traffic Signals,Failing to Yield Right of Way,Darkness / Lighted Road,Clear,Dry,Y,,,,,Traffic Signal,Functioning Properly,N,2,41.9017079,-87.7948547,ok,(UNK),1,2401216,2024,,25,2,50000 and OVER,9,4295,Oak Park,C,Urban Major Collector,,16,3,12553238,3,Cook,2,24,,,7,N,No,(UNK),202401078585,City,5,4.5999999,N,,,,(UNK),87813,(N/A),(UNK),No Defects,1,1,Major Collector,5,2775,X003346835,Not Toll,73,3,4,Not Divided,1,2942263.28747703,1915633.0207372,41.90170004,-87.79484892,,Urban,1,N,(N/A),Y,(N/A)
2024,2024-03-08,Friday,12,12:21 PM,Injury,C Injury Crash,1,0,0,0,1,1,Turning,10,N,N,Failing to Yield Right of Way,Failing to Reduce Speed to Avoid Crash,Daylight,Rain,Wet,Y,,,,,Stop Sign,Functioning Properly,N,2,41.8801386,-87.7758871,ok,(UNK),1,2401319,2024,,2,28,50000 and OVER,9,4295,Oak Park,C,Urban Local Road or Street,,16,8,12553292,3,Cook,1,24,,,5,N,Yes,Free Flow,202401078630,City,1,0,N,,,,(UNK),87838,(N/A),(UNK),No Defects,1,2,Local Road or Street,7,,X003346880,Not Toll,73,2,4,Divided With Median Barrier,3,2947646.31103309,1907916.17046317,41.88013075,-87.77588126,,Urban,2,N,(N/A),Y,(N/A)
2024,2024-03-08,Friday,12,12:46 PM,Injury,C Injury Crash,2,0,0,0,2,0,Angle,15,N,N,Failing to Yield Right of Way,Failing to Reduce Speed to Avoid Crash,Daylight,Rain,Wet,Y,,,,,Traffic Signal,Functioning Properly,N,2,41.8761173,-87.7941072,ok,(UNK),1,2401321,2024,,2,28,50000 and OVER,9,4295,Oak Park,C,Urban Major Collector,,16,8,12553306,3,Cook,1,24,,,5,N,No,Slow,202401078643,City,1,6.40999985,N,,,,(UNK),87846,(N/A),(UNK),No Defects,1,2,Major Collector,5,2775,X003346893,Not Toll,73,3,4,"Divided, No Median Barrier",2,2942724.79938685,1906312.96328581,41.87610946,-87.79410136,,Urban,2,N,(N/A),Y,(N/A)
2024,2024-03-08,Friday,12,12:57 PM,Injury,B Injury Crash,2,0,0,2,0,2,Rear to Front,18,N,N,Failing to Reduce Speed to Avoid Crash,(N/A),Daylight,Rain,Wet,N,,,,,No Controls,No Controls,Y,3,41.9057642,-87.8056832,ok,(UNK),1,2401322,2024,,28,99,50000 and OVER,9,4295,Oak Park,C,Urban Other Principal Arte,,16,8,12553317,3,Cook,2,24,,,5,N,Yes,Slow,202401078655,City,1,17.86000061,Y,,,,(UNK),87853,(N/A),(UNK),No Defects,1,2,Other Principal Arterial,3,348,X003346904,Not Toll,73,1,1,"Divided, No Median Barrier",2,2939274.57526752,1917029.86890627,41.90575639,-87.80567735,,Urban,2,N,(N/A),Y,(N/A)
2024,2024-03-08,Friday,17,05:35 PM,Property Damage,No Injuries,0,0,0,0,0,3,Angle,15,N,N,Failing to Yield Right of Way,Unable to Determine,Daylight,Rain,Wet,Y,,,,,Stop Sign,Functioning Properly,N,2,41.8852166,-87.7846039,ok,(UNK),1,2401325,2024,,2,18,50000 and OVER,9,4295,Oak Park,C,Urban Major Collector,,16,8,12553330,3,Cook,0,24,,,5,N,No,Free Flow,202401078668,City,1,1.14999998,N,,,,(UNK),87862,(N/A),(UNK),No Defects,1,2,Major Collector,5,2783,X003346917,Not Toll,73,2,4,Four Way,14,2945220.98859582,1909700.65325079,41.88520878,-87.78459807,,Urban,2,N,(N/A),Y,(N/A)
2024,2024-03-09,Saturday,14,02:28 PM,Property Damage,No Injuries,0,0,0,0,0,2,Pedestrian,1,Y,N,Failing to Reduce Speed to Avoid Crash,(N/A),Daylight,Clear,Dry,N,,,,,No Controls,No Controls,Y,1,41.8800647,-87.7801626,ok,(UNK),1,2401336,2024,,28,99,50000 and OVER,9,4295,Oak Park,C,Urban Minor Arterial,,16,9,12553335,3,Cook,0,24,,,6,N,No,Free Flow,202401078673,City,1,4.34000015,N,,,,(UNK),87865,(N/A),(UNK),No Defects,1,1,Minor Arterial,4,1419,X003346922,Not Toll,73,1,1,Not Divided,1,2946482.66396115,1907856.80537987,41.88005683,-87.7801568,,Urban,1,N,(N/A),Y,(N/A)
2024,2024-03-11,Monday,4,04:10 AM,Property Damage,No Injuries,0,0,0,0,0,2,Sideswipe Same Direction,12,N,N,Improper Lane Usage,Failing to Reduce Speed to Avoid Crash,Darkness / Lighted Road,Clear,Dry,N,,,,,Other,Functioning Properly,Y,2,41.8736688,-87.8032907,ok,Partial Access Control,3,03-24-04301,2024,,20,28,50000 and OVER,9,4295,Oak Park,C,Urban InterState,,16,11,12554246,3,Cook,0,24,,,1,N,No,(UNK),202401079276,ISP,5,7.76000023,Y,,,,(UNK),89102,(N/A),(UNK),No Defects,1,1,InterState,1,290,X003347536,Not Toll,73,13,4,Divided With Median Barrier,3,2940248.19675629,1905351.64651401,41.87366097,-87.80328487,,Urban,1,N,(N/A),Y,(N/A)
2024,2024-03-06,Wednesday,12,12:00 PM,Property Damage,No Injuries,0,0,0,0,0,3,Front to Rear,11,N,N,Following Too Closely,Failing to Reduce Speed to Avoid Crash,Daylight,Clear,Dry,N,,,,,Other Regualtory Sig,Functioning Properly,N,3,41.871519,-87.7790268,ok,Partial Access Control,3,03-24-04038,2024,,3,28,50000 and OVER,9,4295,Oak Park,C,Urban InterState,,16,6,12554272,3,Cook,0,24,,,3,N,No,(UNK),202401079302,ISP,1,8.97000027,Y,,,,(UNK),89125,(N/A),(UNK),No Defects,1,1,InterState,1,290,X003347561,Not Toll,73,10,4,Divided With Median Barrier,3,2946878.65329768,1904751.20766488,41.87151115,-87.77902104,,Urban,1,N,(N/A),Y,(N/A)
2024,2024-11-04,Monday,9,09:45 AM,Property Damage,No Injuries,0,0,0,0,0,2,Front to Rear,11,N,N,Failing to Reduce Speed to Avoid Crash,Following Too Closely,Daylight,Cloudy/Overcast,Wet,N,,,,,Other,Functioning Properly,N,2,41.8712469,-87.7762917,ok,Partial Access Control,3,03-24-21540,2024,,28,3,50000 and OVER,9,4295,Oak Park,C,Urban InterState,,16,4,12855128,11,Cook,0,24,,,1,N,No,(UNK),202401359598,ISP,1,0,Y,,,,(UNK),89456,(N/A),(UNK),No Defects,1,2,InterState,1,,X003611894,Not Toll,73,13,4,Ramp,11,2947626.39365105,1904672.78571693,41.87123902,-87.77628593,,Urban,8,N,(N/A),Y,(N/A)
2024,2024-11-01,Friday,8,08:33 AM,Property Damage,No Injuries,0,0,0,0,0,3,Turning,10,N,N,Failing to Yield Right of Way,Unable to Determine,Daylight,Clear,Dry,Y,,,,,Stop Sign,Functioning Properly,N,2,41.87041,-87.7742824,ok,(UNK),1,2406661,2024,,2,18,50000 and OVER,9,4295,Oak Park,C,Urban Minor Arterial,,16,1,12856039,11,Cook,0,24,,,5,N,No,Free Flow,202401360535,City,1,8.40999985,N,,,,(UNK),90059,(N/A),(UNK),No Defects,1,1,Minor Arterial,4,2790,X003612766,Not Toll,,2,4,"Divided, No Median Barrier",2,2948182.18304591,1904383.06775673,41.87040214,-87.77427664,,Urban,1,N,(N/A),Y,(N/A)
2024,2024-11-01,Friday,15,03:14 PM,Injury,C Injury Crash,1,0,0,0,1,1,Pedestrian,1,Y,N,Failing to Yield Right of Way,Unable to Determine,Daylight,Clear,Dry,Y,,,,,Stop Sign,Functioning Properly,N,1,41.869,-87.7816,ok,(UNK),1,2406677,2024,,2,18,50000 and OVER,9,4295,Oak Park,C,Urban Local Road or Street,,16,1,12856042,11,Cook,1,24,,,5,N,No,Free Flow,202401360538,City,1,0,N,,,,(UNK),90060,(N/A),(UNK),No Defects,1,1,Local Road or Street,7,,X003612769,Not Toll,,2,4,Not Divided,1,2946203.3052949,1903813.74684322,41.869,-87.7816,,Urban,1,N,(N/A),Y,(N/A)
2024,2024-11-02,Saturday,14,02:46 PM,Property Damage,No Injuries,0,0,0,0,0,2,Turning,10,N,N,Cell Phone Use Other Than Texting,Failing to Reduce Speed to Avoid Crash,Daylight,Clear,Dry,N,,,,,Traffic Signal,Functioning Properly,N,2,41.88854,-87.79269,ok,(UNK),1,2406692,2024,,45,28,50000 and OVER,9,4295,Oak Park,C,Urban Local Road or Street,,16,2,12856046,11,Cook,0,24,,,6,N,No,Free Flow,202401360539,City,1,0,N,,,,(UNK),90061,(N/A),(UNK),No Defects,1,1,Local Road or Street,7,,X003612770,Not Toll,,3,4,T-Intersection,15,2942985.47318182,1910850.69936263,41.88854,-87.79269,,Urban,1,N,(N/A),Y,(N/A)
2024,2024-11-02,Saturday,20,08:36 PM,Property Damage,No Injuries,0,0,0,0,0,2,Front to Rear,11,N,N,Failing to Reduce Speed to Avoid Crash,Following Too Closely,Darkness / Lighted Road,Clear,Dry,N,,,,,No Controls,No Controls,N,2,41.9092379,-87.7770923,ok,(UNK),1,2406697,2024,,28,3,50000 and OVER,9,4295,Oak Park,C,Urban Other Principal Arte,,16,2,12856048,11,Cook,0,24,,,6,N,No,Free Flow,202401360541,City,5,7.4000001,Y,,,,(UNK),90062,(N/A),(UNK),No Defects,1,1,Other Principal Arterial,3,307,X003612772,Not Toll,73,1,1,Four Way,14,2947022.57529826,1918511.35960161,41.90923,-87.7770865,,Urban,1,N,(N/A),Y,(N/A)
2024,2024-11-02,Saturday,21,09:56 PM,Injury,B Injury Crash,1,0,0,1,0,5,Front to Front,14,N,N,Unable to Determine,(N/A),Darkness / Lighted Road,Clear,Dry,N,,,,,No Controls,No Controls,Y,5,41.8667389,-87.8042707,ok,(UNK),1,2406698,2024,,18,99,50000 and OVER,9,4295,Oak Park,C,Urban Other Principal Arte,,16,2,12856049,11,Cook,2,24,,,6,N,No,Free Flow,202401360542,City,5,20.56999969,Y,,,,(UNK),90063,(N/A),(UNK),No Defects,1,1,Other Principal Arterial,3,348,X003612773,Not Toll,73,1,1,Not Divided,1,2940050.81796832,1902818.91137991,41.86673105,-87.80426486,,Urban,1,N,(N/A),Y,(N/A)
2024,2024-03-12,Tuesday,8,08:10 AM,Property Damage,No Injuries,0,0,0,0,0,2,Sideswipe Same Direction,12,N,N,Improper Lane Usage,Failing to Reduce Speed to Avoid Crash,Daylight,Clear,Dry,N,,,,,Other,Functioning Properly,N,2,41.8736997,-87.8036453,ok,Partial Access Control,3,03-24-04362,2024,,20,28,50000 and OVER,9,4295,Oak Park,C,Urban InterState,,16,12,12555253,3,Cook,0,24,,,2,N,No,(UNK),202401080304,ISP,1,7.73999977,Y,,,,(UNK),90543,(N/A),(UNK),No Defects,1,1,InterState,1,290,X003348466,Not Toll,73,13,4,Divided With Median Barrier,3,2940151.30484797,1905360.23500249,41.87369184,-87.80363948,,Urban,1,N,(N/A),Y,(N/A)
2024,2024-03-12,Tuesday,7,07:46 AM,Property Damage,No Injuries,0,0,0,0,0,1,Parked Motor Vehicle,9,N,N,Physical Condition of Driver,Improper Lane Usage,Daylight,Clear,Dry,N,,,,,No Controls,No Controls,Y,3,41.8796249,-87.8025111,ok,(UNK),1,2401379,2024,,17,20,50000 and OVER,9,4295,Oak Park,C,Urban Minor Arterial,,16,12,12555829,3,Cook,0,24,,,2,N,No,Free Flow,202401080844,City,1,3.18000007,N,,,,(UNK),90918,(N/A),(UNK),No Defects,1,1,Minor Arterial,4,1419,X003349010,Not Toll,73,1,1,Not Divided,1,2940400.71905344,1907528.00805519,41.87961707,-87.80250526,,Urban,1,N,(N/A),Y,(N/A)
2024,2024-03-12,Tuesday,13,01:25 PM,Property Damage,No Injuries,0,0,0,0,0,4,Front to Rear,11,N,N,Distraction - From Inside Vehicle,Failing to Reduce Speed to Avoid Crash,Daylight,Clear,Dry,Y,,,,,Traffic Signal,Functioning Properly,N,2,41.8798641,-87.7851672,ok,(UNK),1,2401386,2024,,41,28,50000 and OVER,9,4295,Oak Park,C,Urban Minor Arterial,,16,12,12555837,3,Cook,0,24,,,2,N,No,Stopped,202401080851,City,1,4.07000017,N,,,,(UNK),90923,(N/A),(UNK),No Defects,1,1,Minor Arterial,4,1419,X003349018,Not Toll,73,3,4,Two-way Continuous Left-Tur,4,2945121.73952773,1907745.84880446,41.8798563,-87.78516141,,Urban,1,N,(N/A),Y,(N/A)
2024,2024-03-12,Tuesday,17,05:17 PM,Property Damage,No Injuries,0,0,0,0,0,6,Front to Rear,11,N,N,Failing to Reduce Speed to Avoid Crash,Unable to Determine,Daylight,Clear,Dry,Y,,,,,Traffic Signal,Functioning Properly,N,4,41.8818657,-87.7943358,ok,(UNK),1,2401390,2024,,28,18,50000 and OVER,9,4295,Oak Park,C,Urban Major Collector,,16,12,12555851,3,Cook,0,24,,,2,N,Yes,Stopped,202401080865,City,1,6,N,,,,(UNK),90928,(N/A),(UNK),No Defects,1,1,Major Collector,5,2775,X003349032,Not Toll,73,3,4,Not Divided,1,2942604.59132864,1908406.06356275,41.88185787,-87.79433,,Urban,1,N,(N/A),Y,(N/A)
2024,2024-03-13,Wednesday,6,06:30 AM,Property Damage,No Injuries,0,0,0,0,0,4,Front to Rear,11,N,N,Improper Overtaking/Passing,(N/A),Daylight,Clear,Dry,Y,,,,,Traffic Signal,Functioning Properly,Y,2,41.898368,-87.7752574,ok,(UNK),1,JH186100,2024,,4,99,50000 and OVER,9,4295,Oak Park,C,Urban Minor Arterial,,16,13,12555912,3,Cook,0,24,,,3,N,No,Stopped,202401080924,City,1,6.36000013,N,,,,(UNK),91003,(N/A),(UNK),No Defects,1,1,Minor Arterial,4,2790,X003349092,Not Toll,,3,4,Four Way,14,2947632.5523251,1914564.0919666,41.89836014,-87.7752516,,Urban,1,N,(N/A),Y,(N/A)
2024,2024-03-12,Tuesday,19,07:00 PM,Property Damage,No Injuries,0,0,0,0,0,2,Front to Rear,11,N,N,Following Too Closely,Failing to Reduce Speed to Avoid Crash,Daylight,Clear,Dry,N,,,,,Other,Functioning Properly,N,2,41.8729763,-87.7990661,ok,Partial Access Control,3,03-24-04413,2024,,3,28,50000 and OVER,9,4295,Oak Park,C,Urban InterState,,16,12,12556243,3,Cook,0,24,,,2,N,No,(UNK),202401081220,ISP,1,7.94999981,Y,,,,(UNK),91215,(N/A),(UNK),No Defects,1,1,InterState,1,290,X003349403,Not Toll,73,13,4,Divided With Median Barrier,3,2941405.80407717,1905131.02165385,41.87296849,-87.79906026,,Urban,1,N,(N/A),Y,(N/A)
2024,2024-10-25,Friday,11,11:37 AM,Injury,B Injury Crash,2,0,0,2,0,2,Front to Rear,11,N,N,Failing to Reduce Speed to Avoid Crash,Distraction - From Inside Vehicle,Daylight,Clear,Dry,N,,,,,Other,Functioning Properly,N,2,41.8731009,-87.800343,ok,Partial Access Control,3,03-24-20828,2024,,28,41,50000 and OVER,9,4295,Oak Park,C,Urban InterState,,16,25,12857299,10,Cook,2,24,,,5,N,No,(UNK),202401361826,ISP,1,7.88999987,Y,,,,(UNK),92361,(N/A),(UNK),No Defects,1,1,InterState,1,290,X003613929,Not Toll,73,13,4,Divided With Median Barrier,3,2941056.76480351,1905166.80651944,41.87309302,-87.80033715,,Urban,1,N,(N/A),Y,(N/A)
2024,2024-03-14,Thursday,7,07:04 AM,Property Damage,No Injuries,0,0,0,0,0,2,Sideswipe Same Direction,12,N,N,Improper Lane Usage,Driving Skills/Knowledge/Experience,Dusk,Rain,Wet,N,,,,,No Controls,No Controls,N,2,41.879325,-87.8047196,ok,(UNK),1,24-00800,2024,,20,15,50000 and OVER,9,4295,Oak Park,C,Urban Other Principal Arte,,16,14,12557284,3,Cook,0,24,,,4,N,No,Free Flow,202401081971,City,3,19.70000076,Y,,,,(UNK),92624,(N/A),(UNK),No Defects,1,2,Other Principal Arterial,3,348,X003350159,Not Toll,73,1,1,"Divided, No Median Barrier",2,2939802.25671241,1907402.13691195,41.87931714,-87.80471378,,Urban,2,N,(N/A),Y,(N/A)
2024,2024-11-03,Sunday,15,03:41 PM,Property Damage,No Injuries,0,0,0,0,0,4,Angle,15,N,N,Failing to Yield Right of Way,Unable to Determine,Daylight,Cloudy/Overcast,Dry,N,,,,,Traffic Signal,Functioning Properly,N,2,41.8942278,-87.8050115,ok,(UNK),1,2406708,2024,,2,18,50000 and OVER,9,4295,Oak Park,C,Urban Minor Arterial,,16,3,12858235,11,Cook,0,24,,,7,N,No,Free Flow,202401362858,City,1,2.55999994,N,,,,(UNK),93736,(N/A),(UNK),No Defects,1,1,Minor Arterial,4,1398,X003614812,Not Toll,73,3,4,"Divided, No Median Barrier",2,2939573.22361887,1912830.82492622,41.89422,-87.80500566,,Urban,8,N,(N/A),Y,(N/A)
2024,2024-11-04,Monday,10,10:11 AM,Injury,B Injury Crash,2,0,0,2,0,1,Turning,10,N,N,Failing to Yield Right of Way,Unable to Determine,Daylight,Clear,Dry,Y,,,,,Stop Sign,Functioning Properly,Y,2,41.89308,-87.78488,ok,(UNK),1,2406719,2024,,2,18,50000 and OVER,9,4295,Oak Park,C,Urban Major Collector,,16,4,12858244,11,Cook,2,24,,,1,N,No,Slow,202401362864,City,1,0,N,,,,(UNK),93740,(N/A),(UNK),No Defects,1,1,Major Collector,5,,X003614819,Not Toll,,2,4,"Divided, No Median Barrier",2,2945066.21127782,1912564.12691739,41.89308,-87.78488,,Urban,1,N,(N/A),Y,(N/A)
2024,2024-11-05,Tuesday,11,11:48 AM,Property Damage,No Injuries,0,0,0,0,0,2,Fixed Object,6,N,N,Driving Skills/Knowledge/Experience,Driving Skills/Knowledge/Experience,Daylight,Cloudy/Overcast,Dry,N,,,,,Other Warning Sign,Functioning Properly,N,1,41.88744,-87.78468,ok,(UNK),1,2406741,2024,,15,15,50000 and OVER,9,4295,Oak Park,C,Urban Major Collector,,16,5,12858247,11,Cook,0,24,VIADUCT,,2,N,No,Free Flow,202401362868,City,1,0.99000001,N,,,,(UNK),93741,(N/A),(UNK),No Defects,1,1,Major Collector,5,2783,X003614822,Not Toll,,11,4,Not Divided,1,2945177.75461795,1910510.31582949,41.88744,-87.78468,,Urban,8,N,(N/A),Y,(N/A)
2024,2024-11-05,Tuesday,12,12:44 PM,Property Damage,No Injuries,0,0,0,0,0,1,Sideswipe Same Direction,12,N,N,Unable to Determine,Unable to Determine,Unknown,Clear,Dry,N,,,,,No Controls,No Controls,Y,2,41.8725,-87.79087,ok,(UNK),1,2406745,2024,,18,18,50000 and OVER,9,4295,Oak Park,C,Urban Local Road or Street,,16,5,12858250,11,Cook,0,24,,,2,N,No,Free Flow,202401362874,City,9,0,N,,,,(UNK),93743,(N/A),(UNK),No Defects,1,1,Local Road or Street,7,,X003614825,Not Toll,,1,1,Not Divided,1,2943642.96392016,1905019.15185335,41.8725,-87.79087,,Urban,1,N,(N/A),Y,(N/A)
2024,2024-11-06,Wednesday,11,11:39 AM,Property Damage,No Injuries,0,0,0,0,0,1,Parked Motor Vehicle,9,N,N,Unable to Determine,Unable to Determine,Darkness,Clear,Dry,N,,,,,No Controls,No Controls,N,2,41.88159,-87.78941,ok,(UNK),1,2406766,2024,,18,18,50000 and OVER,9,4295,Oak Park,C,Urban Major Collector,,16,6,12858253,11,Cook,0,24,,,3,N,No,Free Flow,202401362876,City,4,0.5,N,,,,(UNK),93744,(N/A),(UNK),No Defects,1,1,Major Collector,5,2779,X003614828,Not Toll,,1,1,Not Divided,1,2943948.82626514,1908342.72966039,41.88159,-87.78941,,Urban,1,N,(N/A),Y,(N/A)
2024,2024-11-03,Sunday,5,05:10 AM,Property Damage,No Injuries,0,0,0,0,0,1,Fixed Object,6,N,N,Physical Condition of Driver,Improper Lane Usage,Darkness / Lighted Road,Clear,Dry,N,,,,,Other,Functioning Properly,N,1,41.8725798,-87.7933284,ok,Partial Access Control,3,03-24-21453,2024,,17,20,50000 and OVER,9,4295,Oak Park,C,Urban InterState,,16,3,12858343,11,Cook,0,24,,,7,N,No,(UNK),202401362979,ISP,5,8.22999954,Y,,,,(UNK),93798,(N/A),(UNK),No Defects,1,1,InterState,1,290,X003614914,Not Toll,73,13,4,Divided With Median Barrier,3,2942972.56700031,1905029.70152726,41.87257196,-87.79332258,,Urban,1,N,(N/A),Y,(N/A)
2024,2024-03-13,Wednesday,16,04:21 PM,Property Damage,No Injuries,0,0,0,0,0,4,Fixed Object,6,N,N,Unable to Determine,Unable to Determine,Daylight,Cloudy/Overcast,Dry,N,,,,,Traffic Signal,Functioning Properly,N,1,41.8871181,-87.7846542,ok,(UNK),1,2401412,2024,,18,18,50000 and OVER,9,4295,Oak Park,C,Urban Major Collector,,16,13,12558167,3,Cook,0,24,VIADUCT,,3,N,No,Free Flow,202401082784,City,1,1.01999998,N,,,,(UNK),93966,(N/A),(UNK),No Defects,1,1,Major Collector,5,2783,X003350993,Not Toll,73,3,4,Divided With Median Barrier,3,2945188.0434383,1910393.19801394,41.88711024,-87.78464839,,Urban,8,N,(N/A),Y,(N/A)
2024,2024-03-14,Thursday,10,10:19 AM,Property Damage,No Injuries,0,0,0,0,0,2,Front to Rear,11,N,N,Following Too Closely,(N/A),Daylight,Rain,Wet,N,,,,,No Controls,No Controls,N,2,41.9016678,-87.7979028,ok,(UNK),1,2401426,2024,,3,99,50000 and OVER,9,4295,Oak Park,C,Urban Major Collector,,16,14,12558174,3,Cook,0,24,,,4,N,No,Free Flow,202401082788,City,1,1.38999999,N,,,,(UNK),93967,(N/A),(UNK),No Defects,1,2,Major Collector,5,1394,X003350997,Not Toll,73,1,1,Not Divided,1,2941433.85527104,1915595.48770532,41.90166,-87.79789702,,Urban,2,N,(N/A),Y,(N/A)
2024,2024-03-14,Thursday,9,09:45 AM,Property Damage,No Injuries,0,0,0,0,0,3,Fixed Object,6,N,N,Improper Overtaking/Passing,Operating Vehicle In Reckless Manner,Daylight,Rain,Wet,N,,,,,Traffic Signal,Functioning Properly,N,1,41.8709112,-87.7841649,ok,(UNK),1,2401425,2024,,4,50,50000 and OVER,9,4295,Oak Park,C,Urban Major Collector,,16,14,12558175,3,Cook,0,24,FIRE HYDRANT,UTILITY LIGHT POLE,4,N,Yes,Stopped,202401082789,City,1,2.1400001,N,,,,(UNK),93968,(N/A),(UNK),No Defects,1,2,Major Collector,5,2783,X003350998,Not Toll,73,3,4,Four Way,14,2945485.3309567,1904490.80157658,41.87090333,-87.78415907,,Urban,2,N,(N/A),Y,(N/A)
2024,2024-03-13,Wednesday,14,02:40 PM,Property Damage,No Injuries,0,0,0,0,0,2,Front to Rear,11,N,N,Failing to Reduce Speed to Avoid Crash,(N/A),Daylight,Clear,Dry,N,,,,,No Controls,No Controls,N,2,41.8801551,-87.7747838,ok,(UNK),1,2401409,2024,,28,99,50000 and OVER,9,4295,Oak Park,C,Urban Minor Arterial,,16,13,12558176,3,Cook,0,24,,,3,N,No,Free Flow,202401082790,City,1,4.61000013,N,,,,(UNK),93969,(N/A),(UNK),No Defects,1,1,Minor Arterial,4,1419,X003350999,Not Toll,73,1,1,Divided With Median Barrier,3,2947946.59283704,1907930.56242007,41.88014726,-87.77477804,,Urban,1,N,(N/A),Y,(N/A)
2024,2024-03-13,Wednesday,15,03:27 PM,Property Damage,No Injuries,0,0,0,0,0,2,Turning,10,N,N,Failing to Reduce Speed to Avoid Crash,Improper Turning/No Signal,Daylight,Clear,Dry,Y,,,,,Traffic Signal,Functioning Properly,N,2,41.8799061,-87.7893461,ok,(UNK),1,2401410,2024,,28,6,50000 and OVER,9,4295,Oak Park,C,Urban Minor Collector,,16,13,12558181,3,Cook,0,24,,,3,N,No,Free Flow,202401082795,City,1,0.60000002,N,,,,(UNK),93971,(N/A),(UNK),No Defects,1,1,Minor Collector,6,2779,X003351004,Not Toll,73,3,4,Not Divided,1,2943983.24708648,1907729.55981544,41.87989823,-87.78934026,,Urban,1,N,(N/A),Y,(N/A)