crash_year,crash_date,day_of_week,crash_hour,time_of_crash,crash_severity,crash_injury_severity,total_injured,total_fatals,a_injuries,b_injuries,c_injuries,no_injuries,type_of_first_crash,collision_type_code,pedestrian_involved,pedalcyclist_involved,cause1,cause2,lighting_cond,weather_cond,road_surface_cond,intersection_related,is_intersection,highway_or_street_name,at_intersection_with,address_no,traffic_control_device,traffic_control_device_cond,hit_and_run,number_of_vehicles,latitude,longitude,location_status,access_control,agency_code,agency_report_number,agency_report_year,alignment_code,cause1_code,cause2_code,city_class,city_class_code,city_code,city_name,city_township_flag,class_of_trafficway,class_of_trafficway_code,county_code,crash_day,crash_id,crash_month,crash_report_county,crash_severity_cd,crash_yr_source,damaged_property1,damaged_property2,day_of_week_code,did_crash_occur_in_work_zone,did_involve_secondary_crash,flow_condition,icn,investigating_agency_descrip,light_condition_code,mile_station,nhs,non_intersection_direction,non_intersection_distance,non_intersection_units,number_of_lanes,objectid,railroad_crossing_number,road_alignment,road_defects,road_defects_code,road_surface_condition_code,roadway_functional_class,roadway_functional_class_code,route_number,sfe,toll,township,traffic_control_device_code,traffic_control_device_cond_code,trafficway_descrip,trafficway_description_code,ts_crash_coordinate_x,ts_crash_coordinate_y,ts_crash_latitude,ts_crash_longitude,type_report,urban_rural,weather_code,were_workers_present,work_zone,work_zone_related,work_zone_type
2024,2024-03-15,Friday,7,07:57 AM,Property Damage,No Injuries,0,0,0,0,0,3,Front to Rear,11,N,N,Following Too Closely,Failing to Reduce Speed to Avoid Crash,Daylight,Cloudy/Overcast,Dry,N,,,,,Other Regualtory Sig,Functioning Properly,N,2,41.8709795,-87.7748773,ok,Partial Access Control,3,03-24-04562,2024,,3,28,50000 and OVER,9,4295,Oak Park,C,Urban InterState,,16,15,12558436,3,Cook,0,24,,,5,N,No,(UNK),202401083044,ISP,1,9.18000031,Y,,,,(UNK),94146,(N/A),(UNK),No Defects,1,1,InterState,1,290,X003351245,Not Toll,73,10,4,Divided With Median Barrier,3,2948014.36048588,1904586.09863084,41.87097168,-87.77487153,,Urban,8,N,(N/A),Y,(N/A)
2024,2024-03-13,Wednesday,15,03:40 PM,Property Damage,No Injuries,0,0,0,0,0,3,Sideswipe Same Direction,12,N,N,Following Too Closely,Failing to Reduce Speed to Avoid Crash,Daylight,Clear,Dry,N,,,,,Other,Functioning Properly,N,3,41.8732622,-87.7994328,ok,Partial Access Control,3,03-24-04459,2024,,3,28,50000 and OVER,9,4295,Oak Park,C,Urban InterState,,16,13,12558437,3,Cook,0,24,,,3,N,No,(UNK),202401083046,ISP,1,7.92999983,Y,,,,(UNK),94147,(N/A),(UNK),No Defects,1,1,InterState,1,290,X003351246,Not Toll,73,13,4,Divided With Median Barrier,3,2941303.02673797,1905232.45543672,41.8732544,-87.79942705,,Urban,1,N,(N/A),Y,(N/A)
2024,2024-03-15,Friday,10,10:44 AM,Property Damage,No Injuries,0,0,0,0,0,1,Fixed Object,6,N,N,Driving Skills/Knowledge/Experience,Unable to Determine,Daylight,Clear,Dry,Y,,,,,Traffic Signal,Functioning Properly,N,1,41.8869849,-87.7846457,ok,(UNK),1,2401440,2024,,15,18,50000 and OVER,9,4295,Oak Park,C,Urban Major Collector,,16,15,12559182,3,Cook,0,24,VIADUCT,,5,N,No,Free Flow,202401083761,City,1,1.02999997,N,,,,(UNK),94659,(N/A),(UNK),No Defects,1,1,Major Collector,5,2783,X003351958,Not Toll,73,3,4,Not Divided,1,2945191.68923138,1910344.74262331,41.88697709,-87.78463995,,Urban,1,N,(N/A),Y,(N/A)
2024,2024-03-16,Saturday,5,05:15 AM,Property Damage,No Injuries,0,0,0,0,0,1,Fixed Object,6,N,N,Distraction â€“ Other Electronic Device (Navigation Device / DVD Player / etc.),Driving Skills/Knowledge/Experience,Darkness,Clear,Dry,Y,,,,,Other Regualtory Sig,Functioning Properly,N,1,41.8736413,-87.8045231,ok,Partial Access Control,3,03-24-04650,2024,,43,15,50000 and OVER,9,4295,Oak Park,C,Urban InterState,,16,16,12559847,3,Cook,0,24,,,6,N,No,(UNK),202401084386,ISP,4,20.06999969,Y,,,,(UNK),95858,(N/A),(UNK),No Defects,1,1,InterState,1,348,X003352594,Not Toll,73,10,4,Divided With Median Barrier,3,2939912.79595137,1905332.37146618,41.87363345,-87.80451732,,Urban,1,N,(N/A),Y,(N/A)
2024,2024-11-06,Wednesday,12,12:22 PM,Property Damage,No Injuries,0,0,0,0,0,2,Turning,10,N,N,Improper Turning/No Signal,Failing to Reduce Speed to Avoid Crash,Daylight,Cloudy/Overcast,Dry,N,,,,,No Controls,No Controls,N,2,41.9069898,-87.8057236,ok,(UNK),1,2406767,2024,,6,28,50000 and OVER,9,4295,Oak Park,C,Urban Other Principal Arte,,16,6,12860047,11,Cook,0,24,,,3,N,No,Slow,202401364331,City,1,17.78000069,Y,,,,(UNK),96487,(N/A),(UNK),No Defects,1,1,Other Principal Arterial,3,348,X003616160,Not Toll,73,1,1,"Divided, No Median Barrier",2,2939251.27752305,1917476.17730793,41.90698193,-87.80571776,,Urban,8,N,(N/A),Y,(N/A)
2024,2024-11-06,Wednesday,18,06:42 PM,Property Damage,No Injuries,0,0,0,0,0,2,Angle,15,N,N,Failing to Yield Right of Way,Failing to Reduce Speed to Avoid Crash,Darkness / Lighted Road,Clear,Dry,Y,,,,,Stop Sign,Functioning Properly,N,2,41.8796085,-87.8038458,ok,(UNK),1,2406777,2024,,2,28,50000 and OVER,9,4295,Oak Park,C,Urban Minor Arterial,,16,6,12860049,11,Cook,0,24,,,3,N,No,Slow,202401364332,City,5,3.1099999,N,,,,(UNK),96488,(N/A),(UNK),No Defects,1,1,Minor Arterial,4,1419,X003616161,Not Toll,73,2,4,Four Way,14,2940037.37291863,1907512.00402291,41.87960064,-87.80384002,,Urban,1,N,(N/A),Y,(N/A)
2024,2024-11-06,Wednesday,8,08:25 AM,Property Damage,No Injuries,0,0,0,0,0,2,Turning,10,N,N,Failing to Yield Right of Way,Failing to Reduce Speed to Avoid Crash,Daylight,Clear,Dry,N,,,,,No Controls,No Controls,Y,2,41.9092074,-87.7795078,ok,(UNK),1,2406759,2024,,2,28,50000 and OVER,9,4295,Oak Park,C,Urban Other Principal Arte,,16,6,12860050,11,Cook,0,24,,,3,N,No,Free Flow,202401364333,City,1,7.28000021,Y,,,,(UNK),96489,(N/A),(UNK),No Defects,1,1,Other Principal Arterial,3,307,X003616162,Not Toll,73,1,1,Not Divided,1,2946365.35378849,1918481.94424242,41.90919955,-87.77950198,,Urban,1,N,(N/A),Y,(N/A)
2024,2024-10-31,Thursday,13,01:40 PM,Property Damage,No Injuries,0,0,0,0,0,2,Front to Rear,11,N,N,Failing to Reduce Speed to Avoid Crash,Following Too Closely,Daylight,Clear,Dry,Y,,,,,Other,Functioning Properly,N,2,41.8736414,-87.8045242,ok,Partial Access Control,3,03-24-21478,2024,,28,3,50000 and OVER,9,4295,Oak Park,C,Urban InterState,,16,31,12860659,10,Cook,0,24,,,4,N,No,(UNK),202401364961,ISP,1,0.23999999,Y,,,,(UNK),96886,(N/A),(UNK),No Defects,1,1,InterState,1,290,X003616729,Not Toll,73,13,4,Ramp,11,2939912.48829084,1905332.4127594,41.87363358,-87.80451844,,Urban,1,N,(N/A),Y,(N/A)
2024,2024-11-06,Wednesday,19,07:05 PM,Injury,B Injury Crash,1,0,0,1,0,1,Front to Rear,11,N,N,Failing to Reduce Speed to Avoid Crash,Following Too Closely,Darkness / Lighted Road,Clear,Dry,N,,,,,Other,Functioning Properly,N,2,41.8715266,-87.7791277,ok,Partial Access Control,3,03-24-21722,2024,,28,3,50000 and OVER,9,4295,Oak Park,C,Urban InterState,,16,6,12860662,11,Cook,2,24,,,3,N,No,(UNK),202401364964,ISP,5,8.96000004,Y,,,,(UNK),96888,(N/A),(UNK),No Defects,1,1,InterState,1,290,X003616732,Not Toll,73,13,4,Divided With Median Barrier,3,2946851.09465943,1904753.23171296,41.8715188,-87.77912194,,Urban,1,N,(N/A),Y,(N/A)
2024,2024-03-15,Friday,16,04:58 PM,Property Damage,No Injuries,0,0,0,0,0,2,Front to Rear,11,N,N,Failing to Reduce Speed to Avoid Crash,Distraction - From Inside Vehicle,Daylight,Clear,Dry,N,,,,,No Controls,No Controls,N,2,41.9017709,-87.791022,ok,(UNK),1,2401448,2024,,28,41,50000 and OVER,9,4295,Oak Park,C,Urban Major Collector,,16,15,12561610,3,Cook,0,24,,,5,N,No,Free Flow,202401085896,City,1,1.74000001,N,,,,(UNK),97809,(N/A),(UNK),No Defects,1,1,Major Collector,5,1394,X003354108,Not Toll,73,1,1,Not Divided,1,2943306.10569139,1915684.85775469,41.90176302,-87.79101618,,Urban,1,N,(N/A),Y,(N/A)
2024,2024-03-15,Friday,17,05:42 PM,Injury,C Injury Crash,1,0,0,0,1,1,Angle,15,N,N,Failing to Yield Right of Way,Driving Skills/Knowledge/Experience,Daylight,Clear,Dry,Y,,,,,Stop Sign,Functioning Properly,N,2,41.8669207,-87.797726,ok,(UNK),1,2401451,2024,,2,15,50000 and OVER,9,4295,Oak Park,C,Urban Local Road or Street,,16,15,12561613,3,Cook,1,24,,,5,N,No,Free Flow,202401085899,City,1,0,N,,,,(UNK),97811,(N/A),(UNK),No Defects,1,1,Local Road or Street,7,,X003354111,Not Toll,73,2,4,Not Divided,1,2941831.7149069,1902934.30863198,41.86691283,-87.79772025,,Urban,1,N,(N/A),Y,(N/A)
2024,2024-03-16,Saturday,12,12:01 PM,Property Damage,No Injuries,0,0,0,0,0,2,Angle,15,N,N,Failing to Yield Right of Way,Failing to Reduce Speed to Avoid Crash,Daylight,Clear,Dry,Y,,,,,Stop Sign,Functioning Properly,N,2,41.8963965,-87.7849539,ok,(UNK),1,2401459,2024,,2,28,50000 and OVER,9,4295,Oak Park,C,Urban Major Collector,,16,16,12561632,3,Cook,0,24,,,6,N,No,Free Flow,202401085923,City,1,0.38,N,,,,(UNK),97827,(N/A),(UNK),No Defects,1,1,Major Collector,5,2783,X003354129,Not Toll,73,2,4,Four Way,14,2945012.51713877,1913772.17535799,41.89638868,-87.78494812,,Urban,1,N,(N/A),Y,(N/A)
2024,2024-03-16,Saturday,21,09:50 PM,Property Damage,No Injuries,0,0,0,0,0,3,Front to Rear,11,N,N,Following Too Closely,Failing to Reduce Speed to Avoid Crash,Darkness / Lighted Road,Clear,Dry,N,,,,,Delineators,Functioning Properly,N,2,41.872987,-87.7970817,ok,Partial Access Control,3,03-24-04743,2024,,3,28,50000 and OVER,9,4295,Oak Park,C,Urban InterState,,16,16,12561831,3,Cook,0,24,,,6,N,No,(UNK),202401086123,ISP,5,8.03999996,Y,,,,(UNK),97956,(N/A),(UNK),No Defects,1,1,InterState,1,290,X003354320,Not Toll,73,14,4,Ramp,11,2941946.16745022,1905149.83178383,41.87297916,-87.79707592,,Urban,1,N,(N/A),Y,(N/A)
2024,2024-03-09,Saturday,22,10:31 PM,Property Damage,No Injuries,0,0,0,0,0,1,Parked Motor Vehicle,9,N,N,Improper Lane Usage,(N/A),Darkness / Lighted Road,Clear,Dry,N,,,,,No Controls,No Controls,Y,2,41.8698728,-87.7816595,ok,(UNK),1,2401430,2024,,20,99,50000 and OVER,9,4295,Oak Park,C,Urban Local Road or Street,,16,9,12562236,3,Cook,0,24,,,6,N,No,Free Flow,202401086475,City,5,0,N,,,,(UNK),98217,(N/A),(UNK),No Defects,1,1,Local Road or Street,7,,X003354674,Not Toll,73,1,1,Not Divided,1,2946178.25146588,1904131.36406415,41.86986497,-87.78165372,,Urban,1,N,(N/A),Y,(N/A)
2024,2024-03-18,Monday,7,07:40 AM,Property Damage,No Injuries,0,0,0,0,0,3,Front to Rear,11,N,N,Following Too Closely,Failing to Reduce Speed to Avoid Crash,Daylight,Clear,Dry,N,,,,,Other,Functioning Properly,N,2,41.8709566,-87.7745083,ok,Partial Access Control,3,03-24-04788,2024,,3,28,50000 and OVER,9,4295,Oak Park,C,Urban InterState,,16,18,12562268,3,Cook,0,24,,,1,N,No,(UNK),202401086501,ISP,1,9.19999981,Y,,,,(UNK),98236,(N/A),(UNK),No Defects,1,1,InterState,1,290,X003354700,Not Toll,73,13,4,Divided With Median Barrier,3,2948115.10273617,1904580.53287591,41.87094872,-87.77450253,,Urban,1,N,(N/A),Y,(N/A)
2024,2024-11-08,Friday,10,10:30 AM,Property Damage,No Injuries,0,0,0,0,0,2,Front to Rear,11,N,N,Following Too Closely,Failing to Reduce Speed to Avoid Crash,Daylight,Clear,Dry,N,,,,,Other,Functioning Properly,Y,2,41.8734899,-87.804335,ok,Partial Access Control,3,03-24-21857,2024,,3,28,50000 and OVER,9,4295,Oak Park,C,Urban InterState,,16,8,12860799,11,Cook,0,24,,,5,N,No,(UNK),202401365093,ISP,1,7.71000004,Y,,,,(UNK),98481,(N/A),(UNK),No Defects,1,1,InterState,1,290,X003616863,Not Toll,73,13,4,Divided With Median Barrier,3,2939965.54978401,1905278.63045118,41.8734821,-87.80432921,,Urban,1,N,(N/A),Y,(N/A)
2024,2024-11-07,Thursday,6,06:39 AM,Property Damage,No Injuries,0,0,0,0,0,2,Sideswipe Same Direction,12,N,N,Improper Backing,(N/A),Unknown,Unknown,Unknown,N,,,,,No Controls,No Controls,N,2,41.8859973,-87.7957745,ok,(UNK),1,2406782,2024,,30,99,50000 and OVER,9,4295,Oak Park,C,Urban Local Road or Street,,16,7,12861249,11,Cook,0,24,,,4,N,No,Free Flow,202401365521,City,9,0,N,,,,(UNK),98808,(N/A),(UNK),Unknown,99,9,Local Road or Street,7,,X003617294,Not Toll,73,1,1,Not Divided,1,2942171.15775036,1909900.84379853,41.88598942,-87.79576875,,Urban,9,N,(N/A),N,(N/A)
2024,2024-11-06,Wednesday,15,03:22 PM,Property Damage,No Injuries,0,0,0,0,0,2,Angle,15,N,N,Failing to Yield Right of Way,Failing to Reduce Speed to Avoid Crash,Daylight,Cloudy/Overcast,Unknown,N,,,,,No Controls,No Controls,N,2,41.8883612,-87.7879596,ok,(UNK),1,2406775,2024,,2,28,50000 and OVER,9,4295,Oak Park,C,Urban Local Road or Street,,16,6,12861250,11,Cook,0,24,,,3,N,No,Slow,202401365522,City,1,0,N,,,,(UNK),98809,(N/A),(UNK),Unknown,99,9,Local Road or Street,7,,X003617295,Not Toll,73,1,1,Not Divided,1,2944275.37919145,1910821.23310047,41.88835336,-87.78795382,,Urban,8,N,(N/A),N,(N/A)
2024,2024-11-07,Thursday,6,06:36 AM,Property Damage,No Injuries,0,0,0,0,0,2,Front to Rear,11,N,N,Failing to Reduce Speed to Avoid Crash,Unable to Determine,Daylight,Clear,Dry,N,,,,,No Controls,No Controls,N,2,41.9018729,-87.7948595,ok,(UNK),1,2406781,2024,,28,18,50000 and OVER,9,4295,Oak Park,C,Urban Major Collector,,16,7,12861251,11,Cook,0,24,,,4,N,No,Free Flow,202401365523,City,1,4.59000015,N,,,,(UNK),98810,(N/A),(UNK),No Defects,1,1,Major Collector,5,2775,X003617296,Not Toll,73,1,1,Not Divided,1,2942260.33198051,1915693.13139902,41.90186509,-87.79485367,,Urban,1,N,(N/A),Y,(N/A)
2024,2024-11-07,Thursday,19,07:37 PM,Property Damage,No Injuries,0,0,0,0,0,2,Angle,15,N,N,Disregarding Stop Sign,Failing to Reduce Speed to Avoid Crash,Darkness / Lighted Road,Clear,Dry,N,,,,,Stop Sign,Functioning Properly,Y,2,41.886904,-87.792779,ok,(UNK),1,2406798,2024,,23,28,50000 and OVER,9,4295,Oak Park,C,Urban Local Road or Street,,16,7,12861253,11,Cook,0,24,,,4,N,No,Free Flow,202401365525,City,5,0,N,,,,(UNK),98811,(N/A),(UNK),No Defects,1,1,Local Road or Street,7,,X003617298,Not Toll,73,2,4,Not Divided,1,2942977.73998967,1910253.84722209,41.88689618,-87.7927732,,Urban,1,N,(N/A),Y,(N/A)
2024,2024-11-06,Wednesday,6,06:45 AM,Property Damage,No Injuries,0,0,0,0,0,2,Front to Rear,11,N,N,Failing to Reduce Speed to Avoid Crash,Following Too Closely,Daylight,Clear,Dry,N,,,,,Other Warning Sign,Functioning Properly,N,2,41.8712719,-87.7750222,ok,Partial Access Control,3,03-24-21692,2024,,28,3,50000 and OVER,9,4295,Oak Park,C,Urban InterState,,16,6,12861445,11,Cook,0,24,,,3,N,No,(UNK),202401365706,ISP,1,9.17000008,Y,,,,(UNK),98945,(N/A),(UNK),No Defects,1,1,InterState,1,290,X003617480,Not Toll,73,11,4,Divided With Median Barrier,3,2947971.93731836,1904691.56393659,41.8712641,-87.77501638,,Urban,1,N,(N/A),Y,(N/A)
2024,2024-11-10,Sunday,5,05:40 AM,Injury,B Injury Crash,1,0,0,1,0,1,Turning,10,N,N,Failing to Yield Right of Way,Unable to Determine,Dawn,Rain,Wet,Y,,,,,Traffic Signal,Functioning Properly,Y,2,41.8710578,-87.7742956,ok,Partial Access Control,1,JH502311,2024,,2,18,50000 and OVER,9,4295,Oak Park,C,Urban InterState,,16,10,12862304,11,Cook,2,24,,,7,N,No,Free Flow,202401366533,City,2,0.20999999,Y,,,,(UNK),99559,(N/A),(UNK),No Defects,1,2,InterState,1,290,X003618316,Not Toll,,3,4,Four Way,14,2948172.02470378,1904619.05296934,41.87104999,-87.77428977,,Urban,2,N,(N/A),Y,(N/A)
2024,2024-03-15,Friday,7,07:10 AM,Property Damage,No Injuries,0,0,0,0,0,2,Sideswipe Same Direction,12,N,N,Improper Lane Usage,Driving Skills/Knowledge/Experience,Daylight,Clear,Dry,Y,,,,,Traffic Signal,Functioning Properly,N,2,41.8796622,-87.8047355,ok,(UNK),1,24-00820,2024,,20,15,50000 and OVER,9,4295,Oak Park,C,Urban Other Principal Arte,,16,15,12562661,3,Cook,0,24,,,5,N,No,Slow,202401086861,City,1,19.68000031,Y,,,,(UNK),99971,(N/A),(UNK),No Defects,1,1,Other Principal Arterial,3,348,X003355070,Not Toll,73,3,4,"Divided, No Median Barrier",2,2939794.52892678,1907524.90974859,41.87965437,-87.80472973,,Urban,1,N,(N/A),Y,(N/A)
2024,2024-03-18,Monday,13,01:54 PM,Property Damage,No Injuries,0,0,0,0,0,2,Turning,10,N,N,Unable to Determine,Failing to Reduce Speed to Avoid Crash,Daylight,Cloudy/Overcast,Dry,Y,,,,,Stop Sign,Functioning Properly,N,2,41.8689108,-87.7889834,ok,(UNK),1,2401503,2024,,18,28,50000 and OVER,9,4295,Oak Park,C,Urban Minor Collector,,16,18,12563051,3,Cook,0,24,,,1,N,No,Free Flow,202401087225,City,1,1.37,N,,,,(UNK),100204,(N/A),(UNK),No Defects,1,1,Minor Collector,6,2779,X003355425,Not Toll,73,2,4,Not Divided,1,2944193.05892259,1903725.405313,41.86890292,-87.78897764,,Urban,8,N,(N/A),Y,(N/A)
2024,2024-03-01,Friday,12,12:22 PM,Injury,B Injury Crash,2,0,0,2,0,2,Sideswipe Same Direction,12,N,N,Improper Lane Usage,Improper Overtaking/Passing,Daylight,Clear,Dry,N,,,,,Other Regualtory Sig,Functioning Properly,N,2,41.8712403,-87.7745382,ok,Partial Access Control,3,03-24-03721,2024,,20,4,50000 and OVER,9,4295,Oak Park,C,Urban InterState,,16,1,12564049,3,Cook,2,24,,,5,N,No,(UNK),202401088117,ISP,1,9.19999981,Y,,,,(UNK),100805,(N/A),(UNK),No Defects,1,1,InterState,1,290,X003356317,Not Toll,73,10,4,Divided With Median Barrier,3,2948104.08318479,1904683.70155972,41.87123244,-87.7745324,,Urban,1,N,(N/A),Y,(N/A)
2024,2024-03-08,Friday,15,03:26 PM,Property Damage,No Injuries,0,0,0,0,0,3,Rear to Side,16,N,N,Failing to Yield Right of Way,(N/A),Daylight,Rain,Wet,Y,,,,,No Controls,No Controls,N,2,41.901938,-87.7802272,ok,(UNK),1,2401323,2024,,2,99,50000 and OVER,9,4295,Oak Park,C,Urban Major Collector,,16,8,12564095,3,Cook,0,24,,,5,N,No,Free Flow,202401088159,City,1,0.5,N,,,,(UNK),100832,(N/A),(UNK),No Defects,1,2,Major Collector,5,3559,X003356362,Not Toll,73,1,1,Not Divided,1,2946243.26017793,1915827.36749779,41.90193012,-87.78022139,,Urban,2,N,(N/A),Y,(N/A)
2024,2024-03-19,Tuesday,16,04:55 PM,Property Damage,No Injuries,0,0,0,0,0,2,Turning,10,N,N,Unable to Determine,(N/A),Daylight,Clear,Dry,Y,,,,,Traffic Signal,Functioning Properly,N,2,41.9090776,-87.7914254,ok,(UNK),1,2401524,2024,,18,99,50000 and OVER,9,4295,Oak Park,C,Urban Other Principal Arte,,16,19,12564108,3,Cook,0,24,,,2,N,No,Free Flow,202401088172,City,1,6.65999985,Y,,,,(UNK),100839,(N/A),(UNK),No Defects,1,1,Other Principal Arterial,3,307,X003356374,Not Toll,73,3,4,Unknown,9,2943122.50397777,1918344.53979131,41.90906977,-87.79141961,,Urban,1,N,(N/A),Y,(N/A)
2024,2024-03-19,Tuesday,7,07:40 AM,Property Damage,No Injuries,0,0,0,0,0,2,Front to Rear,11,N,N,Following Too Closely,Failing to Reduce Speed to Avoid Crash,Daylight,Clear,Dry,N,,,,,Other,Functioning Properly,N,2,41.8736403,-87.8029678,ok,Partial Access Control,3,03-24-04826,2024,,3,28,50000 and OVER,9,4295,Oak Park,C,Urban InterState,,16,19,12564471,3,Cook,0,24,,,2,N,No,(UNK),202401088539,ISP,1,7.76999998,Y,,,,(UNK),101046,(N/A),(UNK),No Defects,1,1,InterState,1,290,X003356723,Not Toll,73,13,4,Divided With Median Barrier,3,2940336.4323195,1905343.69645208,41.87363251,-87.80296196,,Urban,1,N,(N/A),Y,(N/A)
2024,2024-03-20,Wednesday,17,05:10 PM,Property Damage,No Injuries,0,0,0,0,0,4,Angle,15,N,N,Failing to Reduce Speed to Avoid Crash,(N/A),Daylight,Clear,Dry,Y,,,,,Stop Sign,Functioning Properly,Y,2,41.9052139,-87.805664,ok,(UNK),1,2401542,2024,,28,99,50000 and OVER,9,4295,Oak Park,C,Urban Other Principal Arte,,16,20,12565561,3,Cook,0,24,,,3,N,No,Free Flow,202401089304,City,1,17.89999962,Y,,,,(UNK),102490,(N/A),(UNK),No Defects,1,1,Other Principal Arterial,3,348,X003357491,Not Toll,73,2,4,"Divided, No Median Barrier",2,2939285.30268776,1916829.47359026,41.90520609,-87.80565823,,Urban,1,N,(N/A),Y,(N/A)
2024,2024-03-19,Tuesday,17,05:21 PM,Injury,C Injury Crash,2,0,0,0,2,2,Angle,15,N,N,Failing to Yield Right of Way,Failing to Reduce Speed to Avoid Crash,Daylight,Clear,Dry,Y,,,,,Stop Sign,Functioning Properly,N,2,41.9037084,-87.7900544,ok,(UNK),1,2401523,2024,,2,28,50000 and OVER,9,4295,Oak Park,C,Urban Local Road or Street,,16,19,12565578,3,Cook,1,24,,,2,N,No,Free Flow,202401089320,City,1,0,N,,,,(UNK),102501,(N/A),(UNK),No Defects,1,1,Local Road or Street,7,,X003357507,Not Toll,73,2,4,Not Divided,1,2943549.94309204,1916398.23617136,41.90370056,-87.79004864,,Urban,1,N,(N/A),Y,(N/A)
2024,2024-03-21,Thursday,5,05:50 AM,Property Damage,No Injuries,0,0,0,0,0,2,Front to Rear,11,N,N,Failing to Reduce Speed to Avoid Crash,Following Too Closely,Darkness / Lighted Road,Clear,Dry,N,,,,,Other,Functioning Properly,N,2,41.8715471,-87.7890751,ok,(UNK),3,03-24-04953,2024,,28,3,50000 and OVER,9,4295,Oak Park,C,Urban Minor Collector,,16,21,12566005,3,Cook,0,24,,,4,N,No,(UNK),202401089718,ISP,5,1.17999995,N,,,,(UNK),102804,(N/A),(UNK),No Defects,1,1,Minor Collector,6,2779,X003357912,Not Toll,,13,4,Divided With Median Barrier,3,2944141.46559549,1904685.45958738,41.87154715,-87.7890751,,Urban,1,N,(N/A),Y,(N/A)
2024,2024-11-08,Friday,12,12:17 PM,Property Damage,No Injuries,0,0,0,0,0,2,Front to Rear,11,N,N,Following Too Closely,Driving Skills/Knowledge/Experience,Daylight,Clear,Dry,N,,,,,Traffic Signal,Functioning Properly,N,2,41.8798129,-87.794097,ok,(UNK),1,2406813,2024,,3,15,50000 and OVER,9,4295,Oak Park,C,Urban Minor Arterial,,16,8,12864073,11,Cook,0,24,,,5,N,No,Free Flow,202401368232,City,1,3.6099999,N,,,,(UNK),102936,(N/A),(UNK),No Defects,1,1,Minor Arterial,4,1419,X003620019,Not Toll,73,3,4,Not Divided,1,2942690.30796738,1907659.78918817,41.87980508,-87.79409123,,Urban,1,N,(N/A),Y,(N/A)
2024,2024-11-10,Sunday,8,08:50 AM,Property Damage,No Injuries,0,0,0,0,0,3,Front to Rear,11,N,N,Unable to Determine,Unable to Determine,Daylight,Cloudy/Overcast,Wet,N,,,,,No Controls,No Controls,N,2,41.8816688,-87.7877129,ok,(UNK),1,2406847,2024,,18,18,50000 and OVER,9,4295,Oak Park,C,Urban Major Collector,,16,10,12864074,11,Cook,0,24,,,7,N,No,Free Flow,202401368233,City,1,0.87,N,,,,(UNK),102937,(N/A),(UNK),No Defects,1,2,Major Collector,5,5,X003620020,Not Toll,73,1,1,Not Divided,1,2944410.2029069,1908384.25956642,41.88166095,-87.78770711,,Urban,8,N,(N/A),Y,(N/A)
2024,2024-10-31,Thursday,18,06:35 PM,Injury,B Injury Crash,1,0,0,1,0,6,Front to Rear,11,N,N,Following Too Closely,Failing to Reduce Speed to Avoid Crash,Daylight,Clear,Dry,N,,,,,No Controls,No Controls,N,2,41.8872206,-87.8049815,ok,(UNK),1,2406648,2024,,3,28,50000 and OVER,9,4295,Oak Park,C,Urban Other Principal Arte,,16,31,12864075,10,Cook,2,24,,,4,N,No,Stopped,202401368234,City,1,19.14999962,Y,,,,(UNK),102938,(N/A),(UNK),No Defects,1,1,Other Principal Arterial,3,348,X003620021,Not Toll,73,1,1,"Divided, No Median Barrier",2,2939651.71375101,1910277.49132374,41.88721279,-87.80497565,,Urban,1,N,(N/A),Y,(N/A)
2024,2024-11-09,Saturday,9,09:50 AM,Property Damage,No Injuries,0,0,0,0,0,1,Parked Motor Vehicle,9,N,N,Driving Skills/Knowledge/Experience,Unable to Determine,Daylight,Clear,Dry,N,,,,,No Controls,No Controls,N,2,41.89032,-87.805105,ok,(UNK),1,2406833,2024,,15,18,50000 and OVER,9,4295,Oak Park,C,Urban Other Principal Arte,,16,9,12864079,11,Cook,0,24,,,6,N,No,Free Flow,202401368238,City,1,18.94000053,Y,,,,(UNK),102939,(N/A),(UNK),No Defects,1,1,Other Principal Arterial,3,348,X003620025,Not Toll,73,1,1,Parking Lot,7,2939586.95818761,1911406.0322951,41.89031216,-87.80509924,,Urban,1,N,(N/A),Y,(N/A)
2024,2024-11-08,Friday,17,05:52 PM,Injury,B Injury Crash,1,0,0,1,0,3,Sideswipe Same Direction,12,N,N,Failing to Reduce Speed to Avoid Crash,Failing to Yield Right of Way,Darkness,Clear,Dry,N,,,,,No Controls,No Controls,N,2,41.9091983,-87.7800688,ok,(UNK),1,2406822,2024,,28,2,50000 and OVER,9,4295,Oak Park,C,Urban Other Principal Arte,,16,8,12864080,11,Cook,2,24,,,5,N,No,Free Flow,202401368240,City,4,7.25,Y,,,,(UNK),102940,(N/A),(UNK),No Defects,1,1,Other Principal Arterial,3,307,X003620026,Not Toll,73,1,1,"Divided, No Median Barrier",2,2946212.72608862,1918474.36831644,41.90919043,-87.78006301,,Urban,1,N,(N/A),Y,(N/A)