crash_year,crash_date,day_of_week,crash_hour,time_of_crash,crash_severity,crash_injury_severity,total_injured,total_fatals,a_injuries,b_injuries,c_injuries,no_injuries,type_of_first_crash,collision_type_code,pedestrian_involved,pedalcyclist_involved,cause1,cause2,lighting_cond,weather_cond,road_surface_cond,intersection_related,is_intersection,highway_or_street_name,at_intersection_with,address_no,traffic_control_device,traffic_control_device_cond,hit_and_run,number_of_vehicles,latitude,longitude,location_status,access_control,agency_code,agency_report_number,agency_report_year,alignment_code,cause1_code,cause2_code,city_class,city_class_code,city_code,city_name,city_township_flag,class_of_trafficway,class_of_trafficway_code,county_code,crash_day,crash_id,crash_month,crash_report_county,crash_severity_cd,crash_yr_source,damaged_property1,damaged_property2,day_of_week_code,did_crash_occur_in_work_zone,did_involve_secondary_crash,flow_condition,icn,investigating_agency_descrip,light_condition_code,mile_station,nhs,non_intersection_direction,non_intersection_distance,non_intersection_units,number_of_lanes,objectid,railroad_crossing_number,road_alignment,road_defects,road_defects_code,road_surface_condition_code,roadway_functional_class,roadway_functional_class_code,route_number,sfe,toll,township,traffic_control_device_code,traffic_control_device_cond_code,trafficway_descrip,trafficway_description_code,ts_crash_coordinate_x,ts_crash_coordinate_y,ts_crash_latitude,ts_crash_longitude,type_report,urban_rural,weather_code,were_workers_present,work_zone,work_zone_related,work_zone_type
2024,2024-11-08,Friday,18,06:28 PM,Injury,B Injury Crash,1,0,0,1,0,1,Angle,15,N,N,Failing to Yield Right of Way,Failing to Reduce Speed to Avoid Crash,Daylight,Clear,Dry,Y,,,,,No Controls,No Controls,N,2,41.8945877,-87.7832606,ok,(UNK),1,2406824,2024,,2,28,50000 and OVER,9,4295,Oak Park,C,Urban Minor Arterial,,16,8,12864081,11,Cook,2,24,,,5,N,No,Free Flow,202401368241,City,1,3.71000004,N,,,,(UNK),102941,(N/A),(UNK),No Defects,1,1,Minor Arterial,4,1398,X003620027,Not Toll,73,1,1,"Divided, No Median Barrier",2,2945491.88078626,1913125.80027409,41.89457982,-87.78325479,,Urban,1,N,(N/A),Y,(N/A)
2024,2024-11-08,Friday,7,07:38 AM,Property Damage,No Injuries,0,0,0,0,0,3,Front to Rear,11,N,N,Failing to Reduce Speed to Avoid Crash,Driving Skills/Knowledge/Experience,Daylight,Clear,Dry,N,,,,,Traffic Signal,Functioning Properly,N,2,41.8800132,-87.7747092,ok,(UNK),1,2406804,2024,,28,15,50000 and OVER,9,4295,Oak Park,C,Urban Minor Arterial,,16,8,12864084,11,Cook,0,24,,,5,N,No,Slow,202401368244,City,1,4.61999989,N,,,,(UNK),102942,(N/A),(UNK),No Defects,1,1,Minor Arterial,4,1419,X003620030,Not Toll,,3,4,Not Divided,1,2947968.36798393,1907879.41377047,41.88000535,-87.77470338,,Urban,1,N,(N/A),Y,(N/A)
2024,2024-11-11,Monday,9,09:07 AM,Injury,B Injury Crash,1,0,0,1,0,1,Pedestrian,1,Y,N,Failing to Yield Right of Way,Failing to Yield Right of Way,Daylight,Clear,Dry,Y,,,,,Traffic Signal,Functioning Properly,N,1,41.8762745,-87.7843666,ok,(UNK),1,2406862,2024,,2,2,50000 and OVER,9,4295,Oak Park,C,Urban Major Collector,,16,11,12864085,11,Cook,2,24,,,1,N,No,Free Flow,202401368246,City,1,1.77999997,N,,,,(UNK),102943,(N/A),(UNK),No Defects,1,1,Major Collector,5,2783,X003620031,Not Toll,73,3,4,"Divided, No Median Barrier",2,2945376.10800991,1906443.75494864,41.87626661,-87.7843608,,Urban,1,N,(N/A),Y,(N/A)
2024,2024-10-29,Tuesday,19,07:15 PM,Property Damage,No Injuries,0,0,0,0,0,2,Front to Rear,11,N,N,Failing to Reduce Speed to Avoid Crash,Following Too Closely,Darkness / Lighted Road,Clear,Dry,N,,,,,Other,Functioning Properly,Y,2,41.8712477,-87.7746575,ok,Partial Access Control,3,03-24-21190,2024,,28,3,50000 and OVER,9,4295,Oak Park,C,Urban InterState,,16,29,12864231,10,Cook,0,24,,,2,N,No,(UNK),202401368405,ISP,5,9.18999958,Y,,,,(UNK),103049,(N/A),(UNK),No Defects,1,1,InterState,1,290,X003620176,Not Toll,73,13,4,Divided With Median Barrier,3,2948071.5,1904685.5,41.87123987,-87.77465175,,Urban,1,N,(N/A),Y,(N/A)
2024,2024-10-30,Wednesday,10,10:36 AM,Property Damage,No Injuries,0,0,0,0,0,2,Front to Rear,11,N,N,Failing to Reduce Speed to Avoid Crash,Following Too Closely,Daylight,Clear,Dry,N,,,,,No Controls,No Controls,N,2,41.8713757,-87.7767253,ok,Partial Access Control,3,03-24-21185,2024,,28,3,50000 and OVER,9,4295,Oak Park,C,Urban InterState,,16,30,12864329,10,Cook,0,24,,,3,N,No,(UNK),202401368509,ISP,1,9.09000015,Y,,,,(UNK),103139,(N/A),(UNK),No Defects,1,1,InterState,1,290,X003620270,Not Toll,73,1,1,Divided With Median Barrier,3,2947506.983442,1904716.45188402,41.87136787,-87.77671953,,Urban,1,N,(N/A),Y,(N/A)
2024,2024-10-29,Tuesday,6,06:10 AM,Property Damage,No Injuries,0,0,0,0,0,2,Front to Rear,11,N,N,Failing to Reduce Speed to Avoid Crash,Following Too Closely,Darkness / Lighted Road,Clear,Dry,N,,,,,Other,Functioning Properly,N,2,41.8713267,-87.7759446,ok,Partial Access Control,3,03-24-21103,2024,,28,3,50000 and OVER,9,4295,Oak Park,C,Urban InterState,,16,29,12864387,10,Cook,0,24,,,2,N,No,(UNK),202401368573,ISP,5,9.11999989,Y,,,,(UNK),103195,(N/A),(UNK),No Defects,1,1,InterState,1,290,X003620328,Not Toll,73,13,4,Divided With Median Barrier,3,2947720.14308926,1904704.50055547,41.87131882,-87.77593877,,Urban,1,N,(N/A),Y,(N/A)
2024,2024-03-21,Thursday,18,06:44 PM,Property Damage,No Injuries,0,0,0,0,0,1,Parked Motor Vehicle,9,N,N,Improper Lane Usage,(N/A),Dusk,Clear,Dry,N,,,,,No Controls,No Controls,N,2,41.8655798,-87.7963528,ok,(UNK),1,2401558,2024,,20,99,50000 and OVER,9,4295,Oak Park,C,Urban Local Road or Street,,16,21,12566353,3,Cook,0,24,,,4,N,No,Slow,202401090135,City,3,0,N,,,,(UNK),103771,(N/A),(UNK),No Defects,1,1,Local Road or Street,7,,X003358236,Not Toll,73,1,1,Not Divided,1,2942219.28421269,1902455.98886732,41.86557192,-87.79634698,,Urban,1,N,(N/A),Y,(N/A)
2024,2024-11-07,Thursday,12,12:57 PM,Property Damage,No Injuries,0,0,0,0,0,2,Other Object,7,N,N,Under Influence of Alcohol/Drugs,Failing to Reduce Speed to Avoid Crash,Daylight,Clear,Dry,N,,,,,Stop Sign,Functioning Properly,N,1,41.87789,-87.7942,ok,(UNK),1,2406791,2024,,8,28,50000 and OVER,9,4295,Oak Park,C,Urban Major Collector,,16,7,12865090,11,Cook,0,24,STOP SIGN,,4,N,No,Free Flow,202401369326,City,1,0,N,,,,(UNK),104455,(N/A),(UNK),No Defects,1,1,Major Collector,5,,X003620990,Not Toll,,2,4,T-Intersection,15,2942681.64581973,1906958.26500133,41.87789,-87.7942,,Urban,1,N,(N/A),Y,(N/A)
2024,2024-11-11,Monday,9,09:53 AM,Property Damage,No Injuries,0,0,0,0,0,2,Angle,15,N,N,Failing to Reduce Speed to Avoid Crash,Disregarding Traffic Signals,Daylight,Clear,Dry,Y,,,,,Traffic Signal,Functioning Properly,N,2,41.88856,-87.79273,ok,(UNK),1,2406864,2024,,28,25,50000 and OVER,9,4295,Oak Park,C,Urban Major Collector,,16,11,12865414,11,Cook,0,24,,,1,N,No,Slow,202401369651,City,1,0,N,,,,(UNK),104698,(N/A),(UNK),No Defects,1,1,Major Collector,5,,X003621287,Not Toll,,3,4,"Divided, No Median Barrier",2,2942974.37931752,1910857.68624061,41.88856,-87.79273,,Urban,1,N,(N/A),Y,(N/A)
2024,2024-11-12,Tuesday,7,07:21 AM,Property Damage,No Injuries,0,0,0,0,0,2,Turning,10,N,N,Turning Right On Red,Driving Skills/Knowledge/Experience,Daylight,Clear,Dry,N,,,,,Traffic Signal,Functioning Properly,Y,2,41.8736416,-87.8045258,ok,Partial Access Control,1,2406877,2024,,7,15,50000 and OVER,9,4295,Oak Park,C,Urban InterState,,16,12,12865415,11,Cook,0,24,,,2,N,No,Stopped,202401369652,City,1,0.23999999,Y,,,,(UNK),104699,(N/A),(UNK),No Defects,1,1,InterState,1,290,X003621288,Not Toll,73,3,4,Divided With Median Barrier,3,2939912.062394,1905332.46992192,41.87363377,-87.80452,,Urban,1,N,(N/A),Y,(N/A)
2024,2024-11-01,Friday,19,07:09 PM,Injury,C Injury Crash,2,0,0,0,2,3,Front to Front,14,N,N,Disregarding Other Traffic Signs,Failing to Reduce Speed to Avoid Crash,Darkness / Lighted Road,Clear,Dry,Y,,,,,Other Regualtory Sig,Functioning Properly,N,2,41.9070578,-87.8057258,ok,(UNK),1,2406681,2024,,24,28,50000 and OVER,9,4295,Oak Park,C,Urban Other Principal Arte,,16,1,12865422,11,Cook,1,24,,,5,N,No,Free Flow,202401369661,City,5,17.78000069,Y,,,,(UNK),104703,(N/A),(UNK),No Defects,1,1,Other Principal Arterial,3,348,X003621295,Not Toll,73,10,4,T-Intersection,15,2939249.98366567,1917500.96559801,41.90705,-87.80572,,Urban,1,N,(N/A),Y,(N/A)
2024,2024-03-22,Friday,6,06:30 AM,Property Damage,No Injuries,0,0,0,0,0,2,Turning,10,N,N,Disregarding Other Traffic Signs,Failing to Yield Right of Way,Daylight,Clear,Dry,N,,,,,Traffic Signal,Functioning Properly,Y,2,41.8734966,-87.8044032,ok,Partial Access Control,3,03-24-05046,2024,,24,2,50000 and OVER,9,4295,Oak Park,C,Urban InterState,,16,22,12567744,3,Cook,0,24,,,5,N,No,(UNK),202401091445,ISP,1,7.71000004,Y,,,,(UNK),105468,(N/A),(UNK),No Defects,1,1,InterState,1,290,X003359549,Not Toll,73,3,4,Ramp,11,2939946.91378585,1905280.5394512,41.87348875,-87.80439739,,Urban,1,N,(N/A),Y,(N/A)
2024,2024-03-15,Friday,18,06:30 PM,Property Damage,No Injuries,0,0,0,0,0,2,Front to Rear,11,N,N,Following Too Closely,Failing to Reduce Speed to Avoid Crash,Dusk,Clear,Dry,N,,,,,Other Regualtory Sig,Functioning Properly,Y,2,41.8733419,-87.8001443,ok,Partial Access Control,3,03-24-04615,2024,,3,28,50000 and OVER,9,4295,Oak Park,C,Urban InterState,,16,15,12567915,3,Cook,0,24,,,5,N,No,(UNK),202401091607,ISP,3,7.9000001,Y,,,,(UNK),105588,(N/A),(UNK),No Defects,1,1,InterState,1,290,X003359710,Not Toll,73,10,4,Divided With Median Barrier,3,2941108.44095984,1905256.13514271,41.87333405,-87.80013853,,Urban,1,N,(N/A),Y,(N/A)
2024,2024-03-18,Monday,20,08:45 PM,Property Damage,No Injuries,0,0,0,0,0,2,Other Object,7,N,N,Equipment-Vehicle Condition,(N/A),Darkness / Lighted Road,Clear,Dry,N,,,,,Other,Functioning Properly,Y,2,41.8735067,-87.8045197,ok,Partial Access Control,3,03-24-04843,2024,,10,99,50000 and OVER,9,4295,Oak Park,C,Urban InterState,,16,18,12568885,3,Cook,0,24,,,1,N,No,(UNK),202401092443,ISP,5,7.69999981,Y,,,,(UNK),107017,(N/A),(UNK),No Defects,1,1,InterState,1,290,X003360553,Not Toll,73,13,4,Divided With Median Barrier,3,2939915.0691293,1905283.35119626,41.87349886,-87.80451393,,Urban,1,N,(N/A),Y,(N/A)
2024,2024-03-19,Tuesday,9,09:26 AM,Property Damage,No Injuries,0,0,0,0,0,7,Front to Rear,11,N,N,Following Too Closely,Failing to Reduce Speed to Avoid Crash,Daylight,Clear,Dry,N,,,,,Other,Functioning Properly,N,2,41.873507,-87.8045197,ok,Partial Access Control,3,03-24-04846,2024,,3,28,50000 and OVER,9,4295,Oak Park,C,Urban InterState,,16,19,12568886,3,Cook,0,24,,,2,N,No,(UNK),202401092445,ISP,1,7.69999981,Y,,,,(UNK),107018,(N/A),(UNK),No Defects,1,1,InterState,1,290,X003360554,Not Toll,73,13,4,Divided With Median Barrier,3,2939915.06166293,1905283.47316756,41.8734992,-87.80451395,,Urban,1,N,(N/A),Y,(N/A)
2024,2024-11-12,Tuesday,11,11:11 AM,Property Damage,No Injuries,0,0,0,0,0,2,Angle,15,N,N,Disregarding Traffic Signals,(N/A),Daylight,Clear,Dry,Y,,,,,Traffic Signal,Functioning Properly,N,2,41.8761173,-87.7941046,ok,(UNK),1,2406882,2024,,25,99,50000 and OVER,9,4295,Oak Park,C,Urban Major Collector,,16,12,12867731,11,Cook,0,24,,,2,N,No,Free Flow,202401372165,City,1,6.40999985,N,,,,(UNK),107712,(N/A),(UNK),No Defects,1,1,Major Collector,5,2775,X003623412,Not Toll,73,3,4,"Divided, No Median Barrier",2,2942725.48181095,1906312.99590734,41.8761095,-87.79409885,,Urban,1,N,(N/A),Y,(N/A)
2024,2024-11-13,Wednesday,6,06:50 AM,Injury,C Injury Crash,2,0,0,0,2,0,Angle,15,N,N,Failing to Yield Right of Way,Failing to Reduce Speed to Avoid Crash,Daylight,Clear,Dry,Y,,,,,Stop Sign,Functioning Properly,N,2,41.8997144,-87.8054454,ok,(UNK),1,2406898,2024,,2,28,50000 and OVER,9,4295,Oak Park,C,Urban Other Principal Arte,,16,13,12867733,11,Cook,1,24,,,3,N,No,Free Flow,202401372167,City,1,18.28000069,Y,,,,(UNK),107714,(N/A),(UNK),No Defects,1,1,Other Principal Arterial,3,348,X003623414,Not Toll,73,2,4,"Divided, No Median Barrier",2,2939400.01912675,1914826.96963368,41.89970654,-87.80543958,,Urban,1,N,(N/A),Y,(N/A)
2024,2024-11-12,Tuesday,20,08:23 PM,Property Damage,No Injuries,0,0,0,0,0,3,Angle,15,N,N,Failing to Yield Right of Way,(N/A),Darkness / Lighted Road,Clear,Dry,N,,,,,Stop Sign,Functioning Properly,Y,2,41.8669857,-87.7938269,ok,(UNK),1,2406894,2024,,2,99,50000 and OVER,9,4295,Oak Park,C,Urban Major Collector,,16,12,12867736,11,Cook,0,24,,,2,N,No,Free Flow,202401372170,City,5,7.03999996,N,,,,(UNK),107716,(N/A),(UNK),No Defects,1,1,Major Collector,5,2775,X003623417,Not Toll,73,2,4,Not Divided,1,2942893.17228628,1902987.37010551,41.8669779,-87.79382108,,Urban,1,N,(N/A),Y,(N/A)
2024,2024-11-12,Tuesday,8,08:12 AM,Injury,C Injury Crash,1,0,0,0,1,1,Pedestrian,1,Y,N,Unable to Determine,(N/A),Daylight,Clear,Dry,Y,,,,,No Controls,No Controls,N,1,41.8761354,-87.7929015,ok,(UNK),1,2406879,2024,,18,99,50000 and OVER,9,4295,Oak Park,C,Urban Local Road or Street,,16,12,12867738,11,Cook,1,24,,,2,N,No,Free Flow,202401372173,City,1,0,N,,,,(UNK),107718,(N/A),(UNK),Other,10,1,Local Road or Street,7,,X003623419,Not Toll,73,1,1,"Divided, No Median Barrier",2,2943052.98986328,1906328.65158343,41.87612759,-87.79289568,,Urban,1,N,(N/A),N,(N/A)
2024,2024-11-12,Tuesday,20,08:06 PM,Property Damage,No Injuries,0,0,0,0,0,3,Angle,15,N,N,Disregarding Traffic Signals,(N/A),Darkness / Lighted Road,Clear,Dry,Y,,,,,Traffic Signal,Functioning Properly,N,2,41.871998,-87.7939873,ok,(UNK),1,2406893,2024,,25,99,50000 and OVER,9,4295,Oak Park,C,Urban Major Collector,,16,12,12867741,11,Cook,0,24,,,2,N,No,Free Flow,202401372176,City,5,0,N,,,,(UNK),107720,(N/A),(UNK),No Defects,1,1,Major Collector,5,290,X003623422,Not Toll,73,3,4,Not Divided,1,2942798.96478106,1904812.71844633,41.87199016,-87.79398149,,Urban,1,N,(N/A),Y,(N/A)
2024,2024-03-22,Friday,11,11:01 AM,Property Damage,No Injuries,0,0,0,0,0,2,Sideswipe Same Direction,12,N,N,Improper Overtaking/Passing,(N/A),Daylight,Clear,Dry,N,,,,,No Controls,No Controls,N,2,41.879939,-87.7797208,ok,(UNK),1,2401572,2024,,4,99,50000 and OVER,9,4295,Oak Park,C,Urban Minor Arterial,,16,22,12569592,3,Cook,0,24,,,5,N,No,Free Flow,202401093107,City,1,4.36000013,N,,,,(UNK),108217,(N/A),(UNK),No Defects,1,1,Minor Arterial,4,1419,X003361194,Not Toll,73,1,1,Divided With Median Barrier,3,2946604.24398122,1907814.34485784,41.87993113,-87.77971505,,Urban,1,N,(N/A),Y,(N/A)
2024,2024-03-21,Thursday,16,04:00 PM,Property Damage,No Injuries,0,0,0,0,0,1,Parked Motor Vehicle,9,N,N,Failing to Reduce Speed to Avoid Crash,(N/A),Unknown,Unknown,Unknown,N,,,,,No Controls,No Controls,Y,2,41.8886085,-87.7930618,ok,(UNK),1,2401577,2024,,28,99,50000 and OVER,9,4295,Oak Park,C,Urban Major Collector,,16,21,12569595,3,Cook,0,24,,,4,N,Yes,Free Flow,202401093110,City,9,0.43000001,N,,,,(UNK),108220,(N/A),(UNK),No Defects,1,9,Major Collector,5,1405,X003361197,Not Toll,73,1,1,Not Divided,1,2942883.55040112,1910872.87815779,41.8886007,-87.79305596,,Urban,9,N,(N/A),Y,(N/A)
2024,2024-03-23,Saturday,15,03:15 PM,Property Damage,No Injuries,0,0,0,0,0,2,Front to Rear,11,N,N,Following Too Closely,(N/A),Daylight,Clear,Dry,N,,,,,Traffic Signal,Functioning Properly,N,2,41.8886457,-87.7944363,ok,(UNK),1,2401591,2024,,3,99,50000 and OVER,9,4295,Oak Park,C,Urban Major Collector,,16,23,12569598,3,Cook,0,24,,,6,N,No,Free Flow,202401093112,City,1,0.34999999,N,,,,(UNK),108221,(N/A),(UNK),No Defects,1,1,Major Collector,5,1405,X003361199,Not Toll,73,3,4,Not Divided,1,2942508.88561517,1910876.05959721,41.88863785,-87.7944305,,Urban,1,N,(N/A),Y,(N/A)
2024,2024-03-22,Friday,16,04:05 PM,Property Damage,No Injuries,0,0,0,0,0,2,Front to Rear,11,N,N,Following Too Closely,Failing to Reduce Speed to Avoid Crash,Daylight,Snow,Wet,Y,,,,,Traffic Signal,Functioning Properly,N,2,41.8798724,-87.7844364,ok,(UNK),1,2401581,2024,,3,28,50000 and OVER,9,4295,Oak Park,C,Urban Minor Arterial,,16,22,12569606,3,Cook,0,24,,,5,N,No,Free Flow,202401093119,City,1,4.11000013,N,,,,(UNK),108226,(N/A),(UNK),No Defects,1,2,Minor Arterial,4,1419,X003361206,Not Toll,73,3,4,Not Divided,1,2945320.69596259,1907754.37240301,41.87986452,-87.78443056,,Urban,3,N,(N/A),Y,(N/A)
2024,2024-03-24,Sunday,10,10:56 AM,Property Damage,No Injuries,0,0,0,0,0,1,Parked Motor Vehicle,9,N,N,Failing to Reduce Speed to Avoid Crash,Unable to Determine,Daylight,Cloudy/Overcast,Unknown,N,,,,,No Controls,No Controls,N,2,41.8883839,-87.8007499,ok,(UNK),1,2401605,2024,,28,18,50000 and OVER,9,4295,Oak Park,C,Urban Major Collector,,16,24,12569623,3,Cook,0,24,,,7,N,No,Slow,202401093133,City,1,0.25999999,N,,,,(UNK),108235,(N/A),(UNK),Unknown,99,9,Major Collector,5,1405,X003361220,Not Toll,73,1,1,Parking Lot,7,2940792.31262823,1910733.17716253,41.88837609,-87.80074408,,Urban,8,N,(N/A),N,(N/A)
2024,2024-03-24,Sunday,14,02:14 PM,Property Damage,No Injuries,0,0,0,0,0,4,Sideswipe Same Direction,12,N,N,Failing to Reduce Speed to Avoid Crash,Failing to Yield Right of Way,Daylight,Clear,Dry,N,,,,,No Controls,No Controls,N,2,41.8968817,-87.7800462,ok,(UNK),1,2401608,2024,,28,2,50000 and OVER,9,4295,Oak Park,C,Urban Local Road or Street,,16,24,12569624,3,Cook,0,24,,,7,N,Yes,Free Flow,202401093134,City,1,0.83999997,N,,,,(UNK),108236,(N/A),(UNK),No Defects,1,1,Local Road or Street,7,3559,X003361221,Not Toll,73,1,1,Not Divided,1,2946343.83094381,1913986.14988511,41.8968739,-87.78004036,,Urban,1,N,(N/A),Y,(N/A)
2024,2024-03-15,Friday,11,11:00 AM,Property Damage,No Injuries,0,0,0,0,0,1,Parked Motor Vehicle,9,N,N,Unable to Determine,(N/A),Daylight,Clear,Dry,N,,,,,No Controls,No Controls,Y,2,41.9088874,-87.8031188,ok,(UNK),1,JH201404,2024,,18,99,50000 and OVER,9,4295,Oak Park,C,Urban Other Principal Arte,,16,15,12571239,3,Cook,0,24,,,5,N,No,Stopped,202401094642,City,1,6.05999994,Y,,,,(UNK),109299,(N/A),(UNK),No Defects,1,1,Other Principal Arterial,3,307,X003362680,Not Toll,73,1,1,Parking Lot,7,2939941.29080297,1918187.23473236,41.90887952,-87.803113,,Urban,1,N,(N/A),Y,(N/A)
2024,2024-03-26,Tuesday,11,11:38 AM,Property Damage,No Injuries,0,0,0,0,0,2,Sideswipe Same Direction,12,N,N,Improper Lane Usage,(N/A),Daylight,Rain,Wet,N,,,,,Traffic Signal,Functioning Properly,Y,2,41.8735084,-87.8045198,ok,(UNK),1,2401648,2024,,20,99,50000 and OVER,9,4295,Oak Park,C,Urban Other Principal Arte,,16,26,12571344,3,Cook,0,24,,,2,N,No,Free Flow,202401094711,City,1,20.11000061,Y,,,,(UNK),109355,(N/A),(UNK),No Defects,1,2,Other Principal Arterial,3,348,X003362750,Not Toll,73,3,4,Other,8,2939915.03155254,1905283.96505483,41.87350055,-87.80451401,,Urban,2,N,(N/A),Y,(N/A)
2024,2024-03-25,Monday,11,11:30 AM,Property Damage,No Injuries,0,0,0,0,0,2,Front to Rear,11,N,N,Following Too Closely,Failing to Reduce Speed to Avoid Crash,Daylight,Rain,Wet,N,,,,,Other Regualtory Sig,Functioning Properly,N,2,41.8735077,-87.8045198,ok,Partial Access Control,3,03-24-05271,2024,,3,28,50000 and OVER,9,4295,Oak Park,C,Urban InterState,,16,25,12571400,3,Cook,0,24,,,1,N,No,(UNK),202401094748,ISP,1,7.69999981,Y,,,,(UNK),109381,(N/A),(UNK),No Defects,1,2,InterState,1,290,X003362787,Not Toll,73,10,4,Divided With Median Barrier,3,2939915.04673018,1905283.71711016,41.87349987,-87.80451398,,Urban,2,N,(N/A),Y,(N/A)
2024,2024-03-21,Thursday,5,05:54 AM,Property Damage,No Injuries,0,0,0,0,0,2,Front to Rear,11,N,N,Following Too Closely,Failing to Reduce Speed to Avoid Crash,Dawn,Clear,Dry,N,,,,,Other,Functioning Properly,N,2,41.8730431,-87.7997507,ok,Partial Access Control,3,03-24-04954,2024,,3,28,50000 and OVER,9,4295,Oak Park,C,Urban InterState,,16,21,12572041,3,Cook,0,24,,,4,N,No,(UNK),202401095401,ISP,2,7.92000008,Y,,,,(UNK),110514,(N/A),(UNK),No Defects,1,1,InterState,1,290,X003363363,Not Toll,73,13,4,Divided With Median Barrier,3,2941218.65317818,1905150.20909283,41.87303526,-87.79974491,,Urban,1,N,(N/A),Y,(N/A)
2024,2024-03-20,Wednesday,7,07:20 AM,Property Damage,No Injuries,0,0,0,0,0,2,Front to Rear,11,N,N,Failing to Reduce Speed to Avoid Crash,Following Too Closely,Daylight,Clear,Dry,N,,,,,Other Regualtory Sig,Functioning Properly,N,2,41.8711479,-87.7747266,ok,Partial Access Control,3,03-24-04897,2024,,28,3,50000 and OVER,9,4295,Oak Park,C,Urban InterState,,16,20,12572222,3,Cook,0,24,,,3,N,No,(UNK),202401095568,ISP,1,0,Y,,,,(UNK),110632,(N/A),(UNK),No Defects,1,1,InterState,1,,X003363533,Not Toll,73,10,4,Divided With Median Barrier,3,2948053.69601716,1904648.59656319,41.87114004,-87.77472084,,Urban,1,N,(N/A),Y,(N/A)
2024,2024-03-26,Tuesday,16,04:02 PM,Property Damage,No Injuries,0,0,0,0,0,2,Turning,10,N,N,Failing to Reduce Speed to Avoid Crash,(N/A),Daylight,Cloudy/Overcast,Wet,Y,,,,,No Controls,No Controls,N,2,41.8650297,-87.8040888,ok,(UNK),1,2401658,2024,,28,99,50000 and OVER,9,4295,Oak Park,C,Urban Other Principal Arte,,16,26,12572383,3,Cook,0,24,,,2,N,No,Slow,202401095699,City,1,6,Y,,,,(UNK),110735,(N/A),(UNK),No Defects,1,2,Other Principal Arterial,3,347,X003363667,Not Toll,52,1,1,"Divided, No Median Barrier",2,2940117.51073241,1902197.40215883,41.86502182,-87.80408299,,Urban,8,N,(N/A),Y,(N/A)
2024,2024-03-20,Wednesday,9,09:45 AM,Property Damage,No Injuries,0,0,0,0,0,2,Angle,15,N,N,Failing to Reduce Speed to Avoid Crash,Unable to Determine,Daylight,Clear,Dry,Y,,,,,Stop Sign,Functioning Properly,N,2,41.8944979,-87.7897705,ok,(UNK),1,2401531,2024,,28,18,50000 and OVER,9,4295,Oak Park,C,Urban Minor Arterial,,16,20,12572782,3,Cook,0,24,,,3,N,No,Slow,202401095996,City,1,3.36999989,N,,,,(UNK),111009,(N/A),(UNK),No Defects,1,1,Minor Arterial,4,1398,X003363939,Not Toll,73,2,4,T-Intersection,15,2943720.28441648,1913043.90679449,41.8944901,-87.7897647,,Urban,1,N,(N/A),Y,(N/A)
2024,2024-03-23,Saturday,2,02:08 AM,Injury,C Injury Crash,1,0,0,0,1,1,Front to Rear,11,N,N,Following Too Closely,Failing to Reduce Speed to Avoid Crash,Darkness / Lighted Road,Clear,Wet,N,,,,,No Controls,No Controls,N,3,41.8669858,-87.7938241,ok,(UNK),1,2401584,2024,,3,28,50000 and OVER,9,4295,Oak Park,C,Urban Major Collector,,16,23,12572786,3,Cook,1,24,,,6,N,Yes,Free Flow,202401096001,City,5,7.03999996,N,,,,(UNK),111011,(N/A),(UNK),No Defects,1,2,Major Collector,5,2775,X003363943,Not Toll,73,1,1,"Divided, No Median Barrier",2,2942893.93184322,1902987.40807508,41.86697795,-87.79381829,,Urban,1,N,(N/A),Y,(N/A)
2024,2024-03-25,Monday,13,01:43 PM,Injury,C Injury Crash,1,0,0,0,1,2,Turning,10,N,N,Failing to Yield Right of Way,Vision Obscured,Daylight,Rain,Wet,Y,,,,,Traffic Signal,Functioning Properly,N,2,41.8796673,-87.8047358,ok,(UNK),1,2401628,2024,,2,14,50000 and OVER,9,4295,Oak Park,C,Urban Other Principal Arte,,16,25,12572789,3,Cook,1,24,,,1,N,No,Free Flow,202401096004,City,1,19.68000031,Y,,,,(UNK),111014,(N/A),(UNK),No Defects,1,2,Other Principal Arterial,3,348,X003363946,Not Toll,73,3,4,"Divided, No Median Barrier",2,2939794.41165122,1907526.77292819,41.87965949,-87.80472998,,Urban,2,N,(N/A),Y,(N/A)
2024,2024-03-26,Tuesday,7,07:50 AM,Property Damage,No Injuries,0,0,0,0,0,3,Front to Rear,11,N,N,Following Too Closely,Failing to Reduce Speed to Avoid Crash,Daylight,Clear,Wet,N,,,,,Stop Sign,Functioning Properly,N,2,41.8996748,-87.7947958,ok,(UNK),1,2401643,2024,,3,28,50000 and OVER,9,4295,Oak Park,C,Urban Major Collector,,16,26,12572791,3,Cook,0,24,,,2,N,No,Stopped,202401096006,City,1,4.73999977,N,,,,(UNK),111015,(N/A),(UNK),No Defects,1,2,Major Collector,5,2775,X003363948,Not Toll,73,2,4,"Divided, No Median Barrier",2,2942299.82477241,1914892.55887271,41.89966693,-87.79479,,Urban,1,N,(N/A),Y,(N/A)
2024,2024-03-27,Wednesday,8,08:00 AM,Property Damage,No Injuries,0,0,0,0,0,2,Sideswipe Same Direction,12,N,N,Improper Overtaking/Passing,Failing to Reduce Speed to Avoid Crash,Daylight,Clear,Dry,N,,,,,No Controls,No Controls,N,2,41.9091503,-87.784757,ok,(UNK),1,2401662,2024,,4,28,50000 and OVER,9,4295,Oak Park,C,Urban Other Principal Arte,,16,27,12572801,3,Cook,0,24,,,3,N,No,Slow,202401096014,City,1,7,Y,,,,(UNK),111019,(N/A),(UNK),No Defects,1,1,Other Principal Arterial,3,307,X003363956,Not Toll,73,1,1,"Divided, No Median Barrier",2,2944937.02190228,1918421.39630782,41.90914247,-87.78475117,,Urban,1,N,(N/A),Y,(N/A)