crash_year,crash_date,day_of_week,crash_hour,time_of_crash,crash_severity,crash_injury_severity,total_injured,total_fatals,a_injuries,b_injuries,c_injuries,no_injuries,type_of_first_crash,collision_type_code,pedestrian_involved,pedalcyclist_involved,cause1,cause2,lighting_cond,weather_cond,road_surface_cond,intersection_related,is_intersection,highway_or_street_name,at_intersection_with,address_no,traffic_control_device,traffic_control_device_cond,hit_and_run,number_of_vehicles,latitude,longitude,location_status,access_control,agency_code,agency_report_number,agency_report_year,alignment_code,cause1_code,cause2_code,city_class,city_class_code,city_code,city_name,city_township_flag,class_of_trafficway,class_of_trafficway_code,county_code,crash_day,crash_id,crash_month,crash_report_county,crash_severity_cd,crash_yr_source,damaged_property1,damaged_property2,day_of_week_code,did_crash_occur_in_work_zone,did_involve_secondary_crash,flow_condition,icn,investigating_agency_descrip,light_condition_code,mile_station,nhs,non_intersection_direction,non_intersection_distance,non_intersection_units,number_of_lanes,objectid,railroad_crossing_number,road_alignment,road_defects,road_defects_code,road_surface_condition_code,roadway_functional_class,roadway_functional_class_code,route_number,sfe,toll,township,traffic_control_device_code,traffic_control_device_cond_code,trafficway_descrip,trafficway_description_code,ts_crash_coordinate_x,ts_crash_coordinate_y,ts_crash_latitude,ts_crash_longitude,type_report,urban_rural,weather_code,were_workers_present,work_zone,work_zone_related,work_zone_type
2024,2024-11-13,Wednesday,18,06:46 PM,Injury,B Injury Crash,1,0,0,1,0,4,Pedestrian,1,Y,N,Failing to Yield Right of Way,(N/A),Darkness,Rain,Wet,Y,,,,,Stop Sign,Functioning Properly,N,1,41.8833604,-87.7985145,ok,(UNK),1,2406913,2024,,2,99,50000 and OVER,9,4295,Oak Park,C,Urban Local Road or Street,,16,13,12869758,11,Cook,2,24,,,3,N,No,Free Flow,202401373746,City,4,0,N,,,,(UNK),111300,(N/A),(UNK),Unknown,99,2,Local Road or Street,7,,X003624776,Not Toll,73,2,4,Not Divided,1,2941451.56548535,1908919.30760604,41.88335255,-87.79850869,,Urban,2,N,(N/A),N,(N/A)
2024,2024-11-13,Wednesday,13,01:49 PM,Property Damage,No Injuries,0,0,0,0,0,2,Turning,10,N,N,Failing to Yield Right of Way,Driving Skills/Knowledge/Experience,Daylight,Clear,Dry,Y,,,,,Traffic Signal,Functioning Properly,N,2,41.8885678,-87.8050258,ok,(UNK),1,2401457,2024,,2,15,50000 and OVER,9,4295,Oak Park,C,Urban Other Principal Arte,,16,13,12869765,11,Cook,0,24,,,3,N,No,Free Flow,202401373753,City,1,19.05999947,Y,,,,(UNK),111302,(N/A),(UNK),No Defects,1,1,Other Principal Arterial,3,348,X003624783,Not Toll,73,3,4,Not Divided,1,2939626.11874017,1910768.10734459,41.88856,-87.80502,,Urban,1,N,(N/A),Y,(N/A)
2024,2024-03-28,Thursday,10,10:16 AM,Injury,B Injury Crash,2,0,0,2,0,0,Turning,10,N,N,Failing to Yield Right of Way,Failing to Reduce Speed to Avoid Crash,Daylight,Clear,Dry,Y,,,,,Stop Sign,Functioning Properly,N,2,41.9036267,-87.7948963,ok,(UNK),1,2401685,2024,,2,28,50000 and OVER,9,4295,Oak Park,C,Urban Major Collector,,16,28,12573561,3,Cook,2,24,,,4,N,No,Free Flow,202401096711,City,1,4.46999979,N,,,,(UNK),112258,(N/A),(UNK),No Defects,1,1,Major Collector,5,2775,X003364669,Not Toll,73,2,4,"Divided, No Median Barrier",2,2942232.61566084,1916331.94322561,41.90361881,-87.79489054,,Urban,1,N,(N/A),Y,(N/A)
2024,2024-03-21,Thursday,8,08:15 AM,Property Damage,No Injuries,0,0,0,0,0,2,Sideswipe Same Direction,12,N,N,Improper Lane Usage,Improper Lane Usage,Daylight,Clear,Dry,N,,,,,No Controls,No Controls,N,2,41.8718942,-87.80445,ok,(UNK),1,24-00905,2024,,20,20,50000 and OVER,9,4295,Oak Park,C,Urban Other Principal Arte,,16,21,12573780,3,Cook,0,24,,,4,N,No,Free Flow,202401096928,City,1,20.20999908,Y,,,,(UNK),112392,(N/A),(UNK),No Defects,1,1,Other Principal Arterial,3,348,X003364865,Not Toll,73,1,1,"Divided, No Median Barrier",2,2939950.24519466,1904696.26046353,41.87188639,-87.80444419,,Urban,1,N,(N/A),Y,(N/A)
2024,2024-03-29,Friday,5,05:16 AM,Property Damage,No Injuries,0,0,0,0,0,2,Front to Rear,11,N,N,Following Too Closely,Failing to Reduce Speed to Avoid Crash,Darkness / Lighted Road,Clear,Dry,Y,,,,,Traffic Signal,Functioning Properly,Y,2,41.9017079,-87.7948546,ok,(UNK),1,2401697,2024,,3,28,50000 and OVER,9,4295,Oak Park,C,Urban Major Collector,,16,29,12574480,3,Cook,0,24,,,5,N,No,Free Flow,202401097586,City,5,4.5999999,N,,,,(UNK),112864,(N/A),(UNK),No Defects,1,1,Major Collector,5,2775,X003365534,Not Toll,73,3,4,"Divided, No Median Barrier",2,2942263.32219993,1915633.02360721,41.90170005,-87.7948488,,Urban,1,N,(N/A),Y,(N/A)
2024,2024-03-29,Friday,9,09:01 AM,Property Damage,No Injuries,0,0,0,0,0,2,Sideswipe Same Direction,12,N,N,Failing to Reduce Speed to Avoid Crash,Unable to Determine,Daylight,Clear,Dry,Y,,,,,Traffic Signal,Functioning Properly,Y,2,41.87231,-87.804467,ok,(UNK),1,2401698,2024,,28,18,50000 and OVER,9,4295,Oak Park,C,Urban Other Principal Arte,,16,29,12574481,3,Cook,0,24,,,5,N,No,Free Flow,202401097587,City,1,20.18000031,Y,,,,(UNK),112865,(N/A),(UNK),No Defects,1,1,Other Principal Arterial,3,348,X003365535,Not Toll,73,3,4,Not Divided,1,2939941.42699444,1904847.65307951,41.87230218,-87.80446125,,Urban,1,N,(N/A),Y,(N/A)
2024,2024-03-29,Friday,15,03:00 PM,Property Damage,No Injuries,0,0,0,0,0,2,Front to Rear,11,N,N,Following Too Closely,Disregarding Road Markings,Daylight,Clear,Dry,Y,,,,,Traffic Signal,Functioning Properly,N,2,41.87231,-87.8044659,ok,(UNK),1,24-00990,2024,,3,26,50000 and OVER,9,4295,Oak Park,C,Urban Other Principal Arte,,16,29,12574951,3,Cook,0,24,,,5,N,No,Slow,202401098033,City,1,20.18000031,Y,,,,(UNK),113183,(N/A),(UNK),No Defects,1,1,Other Principal Arterial,3,348,X003365985,Not Toll,73,3,4,"Divided, No Median Barrier",2,2939941.73917192,1904847.66118026,41.87230217,-87.8044601,,Urban,1,N,(N/A),Y,(N/A)
2024,2024-03-09,Saturday,16,04:10 PM,Property Damage,No Injuries,0,0,0,0,0,3,Rear to Front,18,N,N,Improper Backing,Driving Skills/Knowledge/Experience,Daylight,Clear,Dry,N,,,,,No Controls,No Controls,Y,2,41.8928887,-87.8051815,ok,(UNK),1,24-00747,2024,,30,15,50000 and OVER,9,4295,Oak Park,C,Urban Other Principal Arte,,16,9,12575468,3,Cook,0,24,,,6,N,No,Free Flow,202401098537,City,1,18.76000023,Y,,,,(UNK),113551,(N/A),(UNK),No Defects,1,1,Other Principal Arterial,3,348,X003366490,Not Toll,73,1,1,Divided With Median Barrier,3,2939540.35710519,1912341.54084461,41.89288086,-87.80517572,,Urban,1,N,(N/A),Y,(N/A)
2024,2024-03-27,Wednesday,8,08:47 AM,Injury,C Injury Crash,1,0,0,0,1,1,Turning,10,N,N,Failing to Yield Right of Way,(N/A),Daylight,Clear,Dry,Y,,,,,Stop Sign,Functioning Properly,N,2,41.9088924,-87.8026734,ok,(UNK),1,2401663,2024,,2,99,50000 and OVER,9,4295,Oak Park,C,Urban Other Principal Arte,,16,27,12576098,3,Cook,1,24,,,3,N,No,Free Flow,202401099146,City,1,6.07999992,Y,,,,(UNK),113978,(N/A),(UNK),No Defects,1,1,Other Principal Arterial,3,307,X003367097,Not Toll,73,2,4,T-Intersection,15,2940062.4748409,1918192.40095725,41.90888453,-87.80266764,,Urban,1,N,(N/A),Y,(N/A)
2024,2024-11-13,Wednesday,16,04:52 PM,Property Damage,No Injuries,0,0,0,0,0,2,Sideswipe Same Direction,12,N,N,Failing to Reduce Speed to Avoid Crash,Following Too Closely,Daylight,Clear,Dry,N,,,,,Traffic Signal,Functioning Properly,N,2,41.8703828,-87.7742819,ok,(UNK),1,2406910,2024,,28,3,50000 and OVER,9,4295,Oak Park,C,Urban Minor Arterial,,16,13,12870907,11,Cook,0,24,,,3,N,No,Free Flow,202401374925,City,1,8.40999985,N,,,,(UNK),114311,(N/A),(UNK),No Defects,1,1,Minor Arterial,4,2790,X003625837,Not Toll,,3,4,"Divided, No Median Barrier",2,2948182.61176508,1904373.17000072,41.87037497,-87.77427608,,Urban,1,N,(N/A),Y,(N/A)
2024,2024-11-14,Thursday,11,11:43 AM,Property Damage,No Injuries,0,0,0,0,0,2,Turning,10,N,N,Improper Overtaking/Passing,Failing to Reduce Speed to Avoid Crash,Daylight,Cloudy/Overcast,Dry,Y,,,,,Stop Sign,Functioning Properly,N,2,41.8654175,-87.7777865,ok,(UNK),1,2406922,2024,,4,28,50000 and OVER,9,4295,Oak Park,C,Urban Other Principal Arte,,16,14,12870908,11,Cook,0,24,,,4,N,No,Free Flow,202401374926,City,1,7.36000013,Y,,,,(UNK),114312,(N/A),(UNK),No Defects,1,1,Other Principal Arterial,3,347,X003625838,Not Toll,56,2,4,Not Divided,1,2947278.40838345,1902537.1049763,41.86540962,-87.77778068,,Urban,8,N,(N/A),Y,(N/A)
2024,2024-11-14,Thursday,18,06:37 PM,Injury,C Injury Crash,1,0,0,0,1,2,Front to Rear,11,N,N,Following Too Closely,(N/A),Darkness,Rain,Wet,Y,,,,,Pedestrian Crossing,Functioning Properly,N,2,41.894618,-87.7816287,ok,(UNK),1,2406932,2024,,3,99,50000 and OVER,9,4295,Oak Park,C,Urban Minor Arterial,,16,14,12870909,11,Cook,1,24,,,4,N,No,Free Flow,202401374927,City,4,3.78999996,N,,,,(UNK),114313,(N/A),(UNK),Unknown,99,2,Minor Arterial,4,1398,X003625839,Not Toll,73,17,4,"Divided, No Median Barrier",2,2945935.9109655,1913149.19102531,41.8946101,-87.78162286,,Urban,2,N,(N/A),N,(N/A)
2024,2024-11-15,Friday,1,01:39 AM,Property Damage,No Injuries,0,0,0,0,0,1,Fixed Object,6,N,N,Failing to Reduce Speed to Avoid Crash,Operating Vehicle In Reckless Manner,Darkness,Clear,Dry,Y,,,,,Flashing Control Sig,Functioning Properly,N,1,41.8905579,-87.8051142,ok,(UNK),1,2406937,2024,,28,50,50000 and OVER,9,4295,Oak Park,C,Urban Other Principal Arte,,16,15,12870911,11,Cook,0,24,FIRE HYDRANT,,5,N,No,Free Flow,202401374929,City,4,18.92000008,Y,,,,(UNK),114314,(N/A),(UNK),Unknown,99,1,Other Principal Arterial,3,348,X003625841,Not Toll,73,15,4,"Divided, No Median Barrier",2,2939582.07313542,1911492.64479003,41.89055002,-87.80510842,,Urban,1,N,(N/A),N,(N/A)
2024,2024-03-30,Saturday,10,10:52 AM,Property Damage,No Injuries,0,0,0,0,0,4,Turning,10,N,N,Failing to Yield Right of Way,(N/A),Daylight,Clear,Dry,N,,,,,No Controls,No Controls,N,2,41.8798049,-87.8047376,ok,(UNK),1,2401728,2024,,2,99,50000 and OVER,9,4295,Oak Park,C,Urban Other Principal Arte,,16,30,12576626,3,Cook,0,24,,,6,N,No,Free Flow,202401099593,City,1,19.67000008,Y,,,,(UNK),115060,(N/A),(UNK),No Defects,1,1,Other Principal Arterial,3,348,X003367527,Not Toll,73,1,1,"Divided, No Median Barrier",2,2939792.53345909,1907576.87725487,41.87979702,-87.80473181,,Urban,1,N,(N/A),Y,(N/A)
2024,2024-03-31,Sunday,12,12:59 PM,Property Damage,No Injuries,0,0,0,0,0,1,Parked Motor Vehicle,9,N,N,Failing to Reduce Speed to Avoid Crash,Unable to Determine,Unknown,Unknown,Unknown,N,,,,,No Controls,No Controls,Y,3,41.8983502,-87.7764221,ok,(UNK),1,2401745,2024,,28,18,50000 and OVER,9,4295,Oak Park,C,Urban Local Road or Street,,16,31,12576634,3,Cook,0,24,,,7,N,No,Free Flow,202401099603,City,9,0,N,,,,(UNK),115067,(N/A),(UNK),No Defects,1,9,Local Road or Street,7,,X003367535,Not Toll,73,1,1,Not Divided,1,2947315.63558796,1914548.77514143,41.89834237,-87.77641627,,Urban,9,N,(N/A),Y,(N/A)
2024,2024-03-26,Tuesday,17,05:00 PM,Property Damage,No Injuries,0,0,0,0,0,2,Front to Rear,11,N,N,Following Too Closely,Failing to Reduce Speed to Avoid Crash,Daylight,Clear,Dry,N,,,,,Other,Functioning Properly,N,2,41.8736443,-87.8041757,ok,Partial Access Control,3,03-24-05311,2024,,3,28,50000 and OVER,9,4295,Oak Park,C,Urban InterState,,16,26,12577280,3,Cook,0,24,,,2,N,No,(UNK),202401100268,ISP,1,0,Y,,,,(UNK),115500,(N/A),(UNK),No Defects,1,1,InterState,1,,X003368108,Not Toll,,13,4,Divided With Median Barrier,3,2940007.37867844,1905336.07501476,41.8736443,-87.80417575,,Urban,1,N,(N/A),Y,(N/A)
2024,2024-04-01,Monday,9,09:52 AM,Property Damage,No Injuries,0,0,0,0,0,3,Turning,10,N,N,Improper Turning/No Signal,Operating Vehicle In Reckless Manner,Daylight,Clear,Dry,Y,,,,,Traffic Signal,Functioning Properly,Y,2,41.8759848,-87.8045958,ok,(UNK),1,24-01016,2024,,6,50,50000 and OVER,9,4295,Oak Park,C,Urban Other Principal Arte,,16,1,12577810,4,Cook,0,24,,,1,N,No,Free Flow,202401100719,City,1,19.93000031,Y,,,,(UNK),115958,(N/A),(UNK),No Defects,1,1,Other Principal Arterial,3,348,X003368537,Not Toll,73,3,4,"Divided, No Median Barrier",2,2939869.49456576,1906185.86027551,41.875977,-87.80458997,,Urban,1,N,(N/A),Y,(N/A)
2024,2024-04-01,Monday,18,06:41 PM,Property Damage,No Injuries,0,0,0,0,0,3,Front to Rear,11,N,N,Failing to Reduce Speed to Avoid Crash,Following Too Closely,Darkness / Lighted Road,Rain,Wet,N,,,,,Traffic Signal,Functioning Properly,N,2,41.8710783,-87.784176,ok,(UNK),1,2401766,2024,,28,3,50000 and OVER,9,4295,Oak Park,C,Urban Major Collector,,16,1,12578533,4,Cook,0,24,,,1,N,No,Free Flow,202401101381,City,5,2.13000011,N,,,,(UNK),116445,(N/A),(UNK),No Defects,1,2,Major Collector,5,2783,X003369209,Not Toll,73,3,4,Not Divided,1,2945480.60680508,1904551.61995395,41.87107045,-87.7841702,,Urban,2,N,(N/A),Y,(N/A)
2024,2024-11-17,Sunday,17,05:18 PM,Property Damage,No Injuries,0,0,0,0,0,3,Front to Rear,11,N,N,Failing to Reduce Speed to Avoid Crash,Following Too Closely,Darkness / Lighted Road,Rain,Wet,Y,,,,,Traffic Signal,Functioning Properly,N,2,41.8736416,-87.8045258,ok,Partial Access Control,1,24-03819,2024,,28,3,50000 and OVER,9,4295,Oak Park,C,Urban InterState,,16,17,12872357,11,Cook,0,24,,,7,N,No,Slow,202401376278,City,5,0.23999999,Y,,,,(UNK),116817,(N/A),(UNK),No Defects,1,2,InterState,1,290,X003627243,Not Toll,73,3,4,Divided With Median Barrier,3,2939912.062394,1905332.46992192,41.87363377,-87.80452,,Urban,2,N,(N/A),Y,(N/A)
2024,2024-11-15,Friday,6,06:36 AM,Injury,A Injury Crash,1,0,1,0,0,1,Front to Rear,11,N,N,Physical Condition of Driver,(N/A),Daylight,Cloudy/Overcast,Dry,Y,,,,,Traffic Signal,Functioning Properly,N,2,41.9018951,-87.7838796,ok,(UNK),1,2406938,2024,,17,99,50000 and OVER,9,4295,Oak Park,C,Urban Major Collector,,16,15,12872716,11,Cook,3,24,PRIVATE-LANDSCAPE,"PUBLIC-TREE, SIGN",5,N,No,Stopped,202401376635,City,1,2.0999999,N,,,,(UNK),117085,(N/A),(UNK),No Defects,1,1,Major Collector,5,1394,X003625842,Not Toll,73,3,4,"Divided, No Median Barrier",2,2945249.34236047,1915784.09105193,41.90188726,-87.78387378,,Urban,8,N,(N/A),Y,(N/A)
2024,2024-03-30,Saturday,0,00:24 AM,Property Damage,No Injuries,0,0,0,0,0,1,Parked Motor Vehicle,9,N,N,Failing to Reduce Speed to Avoid Crash,Weather,Darkness / Lighted Road,Freezing Rain or,Wet,N,,,,,No Controls,No Controls,N,2,41.8650467,-87.8028738,ok,(UNK),1,2401720,2024,,28,11,50000 and OVER,9,4295,Oak Park,C,Urban Other Principal Arte,,16,30,12578986,3,Cook,0,24,,,6,N,No,Free Flow,202401101811,City,5,6.05000019,Y,,,,(UNK),117371,(N/A),(UNK),No Defects,1,2,Other Principal Arterial,3,347,X003369628,Not Toll,52,1,1,"Divided, No Median Barrier",2,2940448.2970343,1902212.73653468,41.86503889,-87.80286803,,Urban,10,N,(N/A),Y,(N/A)
2024,2024-03-30,Saturday,2,02:09 AM,Injury,A Injury Crash,1,0,1,0,0,1,Turning,10,N,N,Failing to Reduce Speed to Avoid Crash,Weather,Darkness / Lighted Road,Rain,Wet,Y,,,,,Traffic Signal,Functioning Properly,Y,2,41.8736415,-87.8045247,ok,Partial Access Control,1,2401722,2024,,28,11,50000 and OVER,9,4295,Oak Park,C,Urban InterState,,16,30,12578988,3,Cook,3,24,,,6,N,No,Slow,202401101813,City,5,20.10000038,Y,,,,(UNK),117373,(N/A),(UNK),No Defects,1,2,InterState,1,348,X003369630,Not Toll,73,3,4,Divided With Median Barrier,3,2939912.35681996,1905332.43040501,41.87363364,-87.80451892,,Urban,2,N,(N/A),Y,(N/A)
2024,2024-03-30,Saturday,11,11:11 AM,Property Damage,No Injuries,0,0,0,0,0,2,Other Object,7,N,N,Failing to Reduce Speed to Avoid Crash,Unable to Determine,Daylight,Clear,Dry,N,,,,,No Controls,No Controls,N,1,41.9015478,-87.8053801,ok,(UNK),1,2401724,2024,,28,18,50000 and OVER,9,4295,Oak Park,C,Urban Major Collector,,16,30,12578990,3,Cook,0,24,TREE,,6,N,No,Slow,202401101815,City,1,1.00999999,N,,,,(UNK),117375,(N/A),(UNK),No Defects,1,1,Major Collector,5,1394,X003369632,Not Toll,73,1,1,"Divided, No Median Barrier",2,2939399.38063278,1915495.59026592,41.90153995,-87.80537435,,Urban,1,N,(N/A),Y,(N/A)
2024,2024-03-30,Saturday,12,12:56 PM,Injury,B Injury Crash,1,0,0,1,0,1,Pedalcyclist,2,N,Y,Failing to Reduce Speed to Avoid Crash,(N/A),Daylight,Clear,Dry,Y,,,,,Traffic Signal,Functioning Properly,N,1,41.8813878,-87.8047858,ok,(UNK),1,2401730,2024,,28,99,50000 and OVER,9,4295,Oak Park,C,Urban Other Principal Arte,,16,30,12578994,3,Cook,2,24,,,6,N,No,Stopped,202401101819,City,1,19.55999947,Y,,,,(UNK),117377,(N/A),(UNK),No Defects,1,1,Other Principal Arterial,3,348,X003369636,Not Toll,73,3,4,Other,8,2939763.52364909,1908153.38389951,41.88138,-87.80478,,Urban,1,N,(N/A),Y,(N/A)
2024,2024-03-31,Sunday,16,04:56 PM,Property Damage,No Injuries,0,0,0,0,0,5,Front to Rear,11,N,N,Failing to Reduce Speed to Avoid Crash,Following Too Closely,Daylight,Clear,Dry,N,,,,,No Controls,No Controls,N,2,41.8780206,-87.784385,ok,(UNK),1,2401747,2024,,28,3,50000 and OVER,9,4295,Oak Park,C,Urban Major Collector,,16,31,12579023,3,Cook,0,24,,,7,N,No,Stopped,202401101845,City,1,1.64999998,N,,,,(UNK),117397,(N/A),(UNK),No Defects,1,1,Major Collector,5,2783,X003369662,Not Toll,73,1,1,Not Divided,1,2945353.435721,1907079.93955761,41.87801275,-87.78437916,,Urban,1,N,(N/A),Y,(N/A)
2024,2024-04-01,Monday,20,08:31 PM,Property Damage,No Injuries,0,0,0,0,0,2,Turning,10,N,N,Weather,(N/A),Darkness / Lighted Road,Rain,Wet,Y,,,,,Traffic Signal,Functioning Properly,N,2,41.8798078,-87.7942784,ok,(UNK),1,2401768,2024,,11,99,50000 and OVER,9,4295,Oak Park,C,Urban Major Collector,,16,1,12579062,4,Cook,0,24,,,1,N,No,Free Flow,202401101882,City,5,6.15999985,N,,,,(UNK),117417,(N/A),(UNK),No Defects,1,2,Major Collector,5,2775,X003369697,Not Toll,73,3,4,Two-way Continuous Left-Tur,4,2942640.96421823,1907656.55792269,41.87979996,-87.7942726,,Urban,2,N,(N/A),Y,(N/A)
2024,2024-04-03,Wednesday,7,07:20 AM,Property Damage,No Injuries,0,0,0,0,0,1,Parked Motor Vehicle,9,N,N,Unable to Determine,Unable to Determine,Darkness / Lighted Road,Freezing Rain or,Wet,N,,,,,No Controls,No Controls,Y,2,41.8874641,-87.7971296,ok,(UNK),1,2401789,2024,,18,18,50000 and OVER,9,4295,Oak Park,C,Urban Local Road or Street,,16,3,12579088,4,Cook,0,24,,,3,N,No,Free Flow,202401101909,City,5,0,N,,,,(UNK),117432,(N/A),(UNK),No Defects,1,2,Local Road or Street,7,,X003369722,Not Toll,73,1,1,Not Divided,1,2941787.39532413,1910425.1726815,41.88745621,-87.79712378,,Urban,10,N,(N/A),Y,(N/A)
2024,2024-04-03,Wednesday,19,07:40 PM,Property Damage,No Injuries,0,0,0,0,0,2,Front to Rear,11,N,N,Failing to Reduce Speed to Avoid Crash,Following Too Closely,Darkness / Lighted Road,Rain,Wet,Y,,,,,Traffic Signal,Functioning Properly,N,2,41.8736199,-87.8043467,ok,Partial Access Control,3,03-24-05819,2024,,28,3,50000 and OVER,9,4295,Oak Park,C,Urban InterState,,16,3,12579603,4,Cook,0,24,,,3,N,No,(UNK),202401102398,ISP,5,20.07999992,Y,,,,(UNK),117796,(N/A),(UNK),No Defects,1,2,InterState,1,348,X003370207,Not Toll,73,3,4,Ramp,11,2939961.07221697,1905325.89197907,41.87361204,-87.80434086,,Urban,2,N,(N/A),Y,(N/A)
2024,2024-11-13,Wednesday,5,05:57 AM,Property Damage,No Injuries,0,0,0,0,0,2,Front to Rear,11,N,N,Following Too Closely,Failing to Reduce Speed to Avoid Crash,Daylight,Clear,Dry,N,,,,,Other,Functioning Properly,N,2,41.8724965,-87.792372,ok,Partial Access Control,3,03-24-22223,2024,,3,28,50000 and OVER,9,4295,Oak Park,C,Urban InterState,,16,13,12873348,11,Cook,0,24,,,3,N,No,(UNK),202401377236,ISP,1,8.27000046,Y,,,,(UNK),118278,(N/A),(UNK),No Defects,1,1,InterState,1,290,X003628144,Not Toll,73,13,4,Divided With Median Barrier,3,2943233.90799208,1905006.53705416,41.87248862,-87.79236617,,Urban,1,N,(N/A),Y,(N/A)
2024,2024-04-03,Wednesday,16,04:43 PM,Property Damage,No Injuries,0,0,0,0,0,1,Parked Motor Vehicle,9,N,N,Unable to Determine,(N/A),Unknown,Unknown,Unknown,N,,,,,No Controls,No Controls,Y,2,41.8965156,-87.7754885,ok,(UNK),1,2401799,2024,,18,99,50000 and OVER,9,4295,Oak Park,C,Urban Local Road or Street,,16,3,12580651,4,Cook,0,24,,,3,N,No,Free Flow,202401102986,City,9,0,N,,,,(UNK),119154,(N/A),(UNK),Unknown,99,9,Local Road or Street,7,,X003370783,Not Toll,73,1,1,Not Divided,1,2947588.46199467,1913887.27617984,41.89650771,-87.77548268,,Urban,9,N,(N/A),N,(N/A)
2024,2024-04-03,Wednesday,17,05:32 PM,Property Damage,No Injuries,0,0,0,0,0,2,Turning,10,N,N,Failing to Yield Right of Way,Weather,Daylight,Rain,Wet,Y,,,,,Traffic Signal,Functioning Properly,N,2,41.8736416,-87.8045255,ok,Partial Access Control,1,2401801,2024,,2,11,50000 and OVER,9,4295,Oak Park,C,Urban InterState,,16,3,12580652,4,Cook,0,24,,,3,N,No,Free Flow,202401102987,City,1,0.23999999,Y,,,,(UNK),119155,(N/A),(UNK),No Defects,1,2,InterState,1,290,X003370784,Not Toll,73,3,4,Divided With Median Barrier,3,2939912.13382164,1905332.46033513,41.87363374,-87.80451974,,Urban,2,N,(N/A),Y,(N/A)
2024,2024-04-03,Wednesday,19,07:10 PM,Property Damage,No Injuries,0,0,0,0,0,1,Parked Motor Vehicle,9,N,N,Unable to Determine,Driving Skills/Knowledge/Experience,Daylight,Unknown,Unknown,N,,,,,Stop Sign,Functioning Properly,N,2,41.866984,-87.7939329,ok,(UNK),1,2401804,2024,,18,15,50000 and OVER,9,4295,Oak Park,C,Urban Local Road or Street,,16,3,12580654,4,Cook,0,24,,,3,N,No,Free Flow,202401102989,City,1,0,N,,,,(UNK),119156,(N/A),(UNK),No Defects,1,9,Local Road or Street,7,,X003370786,Not Toll,73,2,4,"Divided, No Median Barrier",2,2942864.29700024,1902985.92664932,41.86697613,-87.79392715,,Urban,9,N,(N/A),Y,(N/A)
2024,2024-04-04,Thursday,11,11:56 AM,Property Damage,No Injuries,0,0,0,0,0,2,Turning,10,N,N,Failing to Reduce Speed to Avoid Crash,Unable to Determine,Daylight,Rain,Wet,Y,,,,,Stop Sign,Functioning Properly,N,2,41.8871416,-87.8036344,ok,(UNK),1,2401810,2024,,28,18,50000 and OVER,9,4295,Oak Park,C,Urban Major Collector,,16,4,12581514,4,Cook,0,24,,,4,N,No,Slow,202401103788,City,1,0.06,N,,,,(UNK),119733,(N/A),(UNK),No Defects,1,2,Major Collector,5,1405,X003371584,Not Toll,73,2,4,T-Intersection,15,2940019.32137654,1910258.78323855,41.88713373,-87.8036286,,Urban,2,N,(N/A),Y,(N/A)
2024,2024-04-03,Wednesday,20,08:11 PM,Property Damage,No Injuries,0,0,0,0,0,2,Turning,10,N,N,Failing to Yield Right of Way,Improper Turning/No Signal,Darkness / Lighted Road,Freezing Rain or,Wet,N,,,,,Traffic Signal,Functioning Properly,N,2,41.9015873,-87.8055269,ok,(UNK),1,2400389,2024,,2,6,50000 and OVER,9,4295,Oak Park,C,Urban Other Principal Arte,,16,3,12581517,4,Cook,0,24,,,3,N,No,Free Flow,202401103791,City,5,18.15999985,Y,,,,(UNK),119735,(N/A),(UNK),No Defects,1,2,Other Principal Arterial,3,348,X003371587,Not Toll,73,3,4,Not Divided,1,2939359.01857611,1915508.87534549,41.90157943,-87.80552115,,Urban,10,N,(N/A),Y,(N/A)
2024,2024-11-15,Friday,20,08:11 PM,Property Damage,No Injuries,0,0,0,0,0,1,Fixed Object,6,N,N,Failing to Reduce Speed to Avoid Crash,Driving Skills/Knowledge/Experience,Darkness / Lighted Road,Clear,Dry,N,,,,,No Controls,No Controls,N,1,41.8760708,-87.7843566,ok,(UNK),1,2406960,2024,,28,15,50000 and OVER,9,4295,Oak Park,C,Urban Major Collector,,16,15,12874598,11,Cook,0,24,,,5,N,No,Free Flow,202401378240,City,5,1.78999996,N,,,,(UNK),120614,(N/A),(UNK),No Defects,1,1,Major Collector,5,2783,X003629137,Not Toll,73,1,1,Not Divided,1,2945380.8928305,1906369.60155231,41.87606292,-87.7843508,,Urban,1,N,(N/A),Y,(N/A)
2024,2024-11-15,Friday,15,03:18 PM,Property Damage,No Injuries,0,0,0,0,0,2,Angle,15,N,N,Disregarding Traffic Signals,Failing to Yield Right of Way,Daylight,Clear,Dry,Y,,,,,Traffic Signal,Functioning Properly,N,2,41.8798689,-87.7844362,ok,(UNK),1,2406955,2024,,25,2,50000 and OVER,9,4295,Oak Park,C,Urban Minor Arterial,,16,15,12874599,11,Cook,0,24,,,5,N,No,Free Flow,202401378241,City,1,4.11000013,N,,,,(UNK),120615,(N/A),(UNK),No Defects,1,1,Minor Arterial,4,1419,X003629138,Not Toll,73,3,4,"Divided, No Median Barrier",2,2945320.77270776,1907753.09321585,41.87986101,-87.78443041,,Urban,1,N,(N/A),Y,(N/A)