crash_year,crash_date,day_of_week,crash_hour,time_of_crash,crash_severity,crash_injury_severity,total_injured,total_fatals,a_injuries,b_injuries,c_injuries,no_injuries,type_of_first_crash,collision_type_code,pedestrian_involved,pedalcyclist_involved,cause1,cause2,lighting_cond,weather_cond,road_surface_cond,intersection_related,is_intersection,highway_or_street_name,at_intersection_with,address_no,traffic_control_device,traffic_control_device_cond,hit_and_run,number_of_vehicles,latitude,longitude,location_status,access_control,agency_code,agency_report_number,agency_report_year,alignment_code,cause1_code,cause2_code,city_class,city_class_code,city_code,city_name,city_township_flag,class_of_trafficway,class_of_trafficway_code,county_code,crash_day,crash_id,crash_month,crash_report_county,crash_severity_cd,crash_yr_source,damaged_property1,damaged_property2,day_of_week_code,did_crash_occur_in_work_zone,did_involve_secondary_crash,flow_condition,icn,investigating_agency_descrip,light_condition_code,mile_station,nhs,non_intersection_direction,non_intersection_distance,non_intersection_units,number_of_lanes,objectid,railroad_crossing_number,road_alignment,road_defects,road_defects_code,road_surface_condition_code,roadway_functional_class,roadway_functional_class_code,route_number,sfe,toll,township,traffic_control_device_code,traffic_control_device_cond_code,trafficway_descrip,trafficway_description_code,ts_crash_coordinate_x,ts_crash_coordinate_y,ts_crash_latitude,ts_crash_longitude,type_report,urban_rural,weather_code,were_workers_present,work_zone,work_zone_related,work_zone_type
2024,2024-11-15,Friday,19,07:12 PM,Property Damage,No Injuries,0,0,0,0,0,3,Turning,10,N,N,Improper Turning/No Signal,Failing to Reduce Speed to Avoid Crash,Darkness / Lighted Road,Clear,Dry,Y,,,,,No Controls,No Controls,N,2,41.870408,-87.7742824,ok,(UNK),1,2406957,2024,,6,28,50000 and OVER,9,4295,Oak Park,C,Urban Minor Arterial,,16,15,12874600,11,Cook,0,24,,,5,N,No,Free Flow,202401378242,City,5,8.40999985,N,,,,(UNK),120616,(N/A),(UNK),No Defects,1,1,Minor Arterial,4,2790,X003629139,Not Toll,,1,1,Not Divided,1,2948182.21481903,1904382.3342168,41.87040013,-87.7742766,,Urban,1,N,(N/A),Y,(N/A)
2024,2024-11-16,Saturday,17,05:12 PM,Injury,B Injury Crash,2,0,0,2,0,3,Angle,15,N,N,Failing to Yield Right of Way,(N/A),Darkness,Clear,Dry,Y,,,,,Stop Sign,Functioning Properly,N,2,41.8753996,-87.800919,ok,(UNK),1,2406973,2024,,2,99,50000 and OVER,9,4295,Oak Park,C,Urban Local Road or Street,,16,16,12874602,11,Cook,2,24,,,6,N,No,Free Flow,202401378244,City,4,0,N,,,,(UNK),120617,(N/A),(UNK),No Defects,1,1,Local Road or Street,7,,X003629141,Not Toll,73,2,4,T-Intersection,15,2940876.76964331,1906000.17441506,41.87539174,-87.80091319,,Urban,1,N,(N/A),Y,(N/A)
2024,2024-11-16,Saturday,13,01:45 PM,Property Damage,No Injuries,0,0,0,0,0,2,Front to Rear,11,N,N,Failing to Reduce Speed to Avoid Crash,Unable to Determine,Daylight,Clear,Dry,N,,,,,No Controls,No Controls,N,2,41.8883879,-87.786346,ok,(UNK),1,2406968,2024,,28,18,50000 and OVER,9,4295,Oak Park,C,Urban Major Collector,,16,16,12874603,11,Cook,0,24,,,6,N,No,Free Flow,202401378245,City,1,0.76999998,N,,,,(UNK),120618,(N/A),(UNK),No Defects,1,1,Major Collector,5,1405,X003629142,Not Toll,73,1,1,Not Divided,1,2944714.49919628,1910843.14025429,41.88838002,-87.78634022,,Urban,1,N,(N/A),Y,(N/A)
2024,2024-04-04,Thursday,22,10:15 PM,Property Damage,No Injuries,0,0,0,0,0,2,Front to Rear,11,N,N,Failing to Reduce Speed to Avoid Crash,Following Too Closely,Darkness / Lighted Road,Clear,Dry,N,,,,,Other,Functioning Properly,Y,2,41.8704077,-87.7743915,ok,(UNK),3,03-24-05895,2024,,28,3,50000 and OVER,9,4295,Oak Park,C,Rural (UNK),,16,4,12582468,4,Cook,0,24,,,4,N,No,(UNK),202401104677,ISP,5,0,N,,,,(UNK),121138,(N/A),(UNK),No Defects,1,1,(UNK),0,,X003372453,No Toll,,13,4,Divided With Median Barrier,3,2948152.50054055,1904381.41625754,41.87040773,-87.77439149,,Urban,1,N,(N/A),Y,(N/A)
2024,2024-04-02,Tuesday,12,12:13 PM,Property Damage,No Injuries,0,0,0,0,0,2,Sideswipe Same Direction,12,N,N,Failing to Reduce Speed to Avoid Crash,Unable to Determine,Daylight,Freezing Rain or,Wet,N,,,,,No Controls,No Controls,N,2,41.8654337,-87.7758323,ok,(UNK),1,202400013125,2024,,28,18,50000 and OVER,9,4295,Oak Park,C,Urban Other Principal Arte,,16,2,12582507,4,Cook,0,24,,,2,N,No,Free Flow,202401104714,City,1,7.44999981,Y,,,,(UNK),121165,(N/A),(UNK),No Defects,1,2,Other Principal Arterial,3,347,X003372490,Not Toll,56,1,1,"Divided, No Median Barrier",2,2947810.56358716,1902557.85909897,41.86542588,-87.77582651,,Urban,10,N,(N/A),Y,(N/A)
2024,2024-04-05,Friday,9,09:36 AM,Property Damage,No Injuries,0,0,0,0,0,1,Parked Motor Vehicle,9,N,N,Unable to Determine,Failing to Reduce Speed to Avoid Crash,Darkness,Clear,Dry,N,,,,,No Controls,No Controls,Y,2,41.8886778,-87.7973327,ok,(UNK),1,2401827,2024,,18,28,50000 and OVER,9,4295,Oak Park,C,Urban Major Collector,,16,5,12582537,4,Cook,0,24,,,5,N,No,Free Flow,202401107578,City,4,0.18000001,N,,,,(UNK),121179,(N/A),(UNK),No Defects,1,1,Major Collector,5,1405,X003372516,Not Toll,73,1,1,Parking Lot,7,2941719.86747256,1910865.97299923,41.88867,-87.79732689,,Urban,1,N,(N/A),Y,(N/A)
2024,2024-04-04,Thursday,11,11:14 AM,Property Damage,No Injuries,0,0,0,0,0,2,Front to Rear,11,N,N,Following Too Closely,Driving Skills/Knowledge/Experience,Daylight,Rain,Wet,N,,,,,No Controls,No Controls,N,2,41.8734725,-87.8041555,ok,Partial Access Control,3,03-24-05862,2024,,3,15,50000 and OVER,9,4295,Oak Park,C,Urban InterState,,16,4,12582591,4,Cook,0,24,,,4,N,No,(UNK),202401104789,ISP,1,7.71999979,Y,,,,(UNK),121210,(N/A),(UNK),No Defects,1,2,InterState,1,290,X003372568,Not Toll,73,1,1,Divided With Median Barrier,3,2940014.60672724,1905273.60524648,41.87346462,-87.80414974,,Urban,2,N,(N/A),Y,(N/A)
2024,2024-04-06,Saturday,0,00:59 AM,Property Damage,No Injuries,0,0,0,0,0,1,Fixed Object,6,N,N,Unable to Determine,(N/A),Darkness / Lighted Road,Clear,Dry,N,,,,,Stop Sign,Functioning Properly,Y,1,41.8845582,-87.7957274,ok,(UNK),1,2401860,2024,,18,99,50000 and OVER,9,4295,Oak Park,C,Urban Local Road or Street,,16,6,12583354,4,Cook,0,24,TREE ON PARKWAY,,6,N,No,Free Flow,202401105525,City,5,0,N,,,,(UNK),121737,(N/A),(UNK),No Defects,1,1,Local Road or Street,7,,X003373294,Not Toll,73,2,4,Not Divided,1,2942198.49983089,1909376.78799107,41.88455038,-87.79572157,,Urban,1,N,(N/A),Y,(N/A)
2024,2024-03-27,Wednesday,14,02:25 PM,Property Damage,No Injuries,0,0,0,0,0,2,Rear to Front,18,N,N,Improper Backing,Unable to Determine,Daylight,Clear,Dry,N,,,,,No Controls,No Controls,Y,2,41.8886551,-87.8013017,ok,(UNK),1,2401676,2024,,30,18,50000 and OVER,9,4295,Oak Park,C,Urban Major Collector,,16,27,12584812,3,Cook,0,24,,,3,N,No,Stopped,202401106638,City,1,0,N,,,,(UNK),123428,(N/A),(UNK),No Defects,1,1,Major Collector,5,,X003374398,Not Toll,73,1,1,Not Divided,1,2940639.33631962,1910827.84796704,41.88864724,-87.80129586,,Urban,1,N,(N/A),Y,(N/A)
2024,2024-04-05,Friday,13,01:04 PM,Property Damage,No Injuries,0,0,0,0,0,1,Parked Motor Vehicle,9,N,N,Unable to Determine,Failing to Reduce Speed to Avoid Crash,Unknown,Unknown,Unknown,N,,,,,Unknown,Unknown,Y,2,41.8947092,-87.7758417,ok,(UNK),1,2401833,2024,,18,28,50000 and OVER,9,4295,Oak Park,C,Urban Minor Arterial,,16,5,12584816,4,Cook,0,24,,,5,N,No,Stopped,202401106640,City,9,4.09000015,N,,,,(UNK),123430,(N/A),(UNK),Unknown,99,9,Minor Arterial,4,1398,X003374400,Not Toll,73,99,9,Unknown,9,2947510.63331043,1913226.30870361,41.89470132,-87.77583594,,Urban,9,N,(N/A),N,(N/A)
2024,2024-04-05,Friday,13,01:22 PM,Property Damage,No Injuries,0,0,0,0,0,3,Rear to Front,18,N,N,Following Too Closely,(N/A),Daylight,Clear,Dry,N,,,,,No Controls,No Controls,N,2,41.8881953,-87.784691,ok,(UNK),1,2401834,2024,,3,99,50000 and OVER,9,4295,Oak Park,C,Urban Major Collector,,16,5,12584822,4,Cook,0,24,,,5,N,No,Free Flow,202401106641,City,1,0.94,N,,,,(UNK),123431,(N/A),(UNK),No Defects,1,1,Major Collector,5,2783,X003374401,Not Toll,73,1,1,Not Divided,1,2945167.11180146,1910785.48245068,41.88818746,-87.78468521,,Urban,1,N,(N/A),Y,(N/A)
2024,2024-04-05,Friday,15,03:31 PM,Property Damage,No Injuries,0,0,0,0,0,4,Sideswipe Same Direction,12,N,N,Failing to Yield Right of Way,(N/A),Daylight,Clear,Dry,N,,,,,No Controls,No Controls,N,2,41.8942278,-87.804018,ok,(UNK),1,2401841,2024,,2,99,50000 and OVER,9,4295,Oak Park,C,Urban Minor Arterial,,16,5,12584837,4,Cook,0,24,,,5,N,No,Slow,202401106654,City,1,2.61999989,N,,,,(UNK),123439,(N/A),(UNK),No Defects,1,1,Minor Arterial,4,1398,X003374414,Not Toll,73,1,1,Not Divided,1,2939843.71603077,1912838.27550471,41.89422,-87.80401222,,Urban,1,N,(N/A),Y,(N/A)
2024,2024-04-05,Friday,17,05:08 PM,Property Damage,No Injuries,0,0,0,0,0,4,Sideswipe Same Direction,12,N,N,Operating Vehicle In Reckless Manner,Unable to Determine,Daylight,Clear,Dry,N,,,,,No Controls,No Controls,N,2,41.8687348,-87.7816156,ok,(UNK),1,2401847,2024,,50,18,50000 and OVER,9,4295,Oak Park,C,Urban Local Road or Street,,16,5,12584847,4,Cook,0,24,,,5,N,No,Free Flow,202401106664,City,1,0,N,,,,(UNK),123449,(N/A),(UNK),No Defects,1,1,Local Road or Street,7,,X003374424,Not Toll,73,1,1,Not Divided,1,2946201.73378391,1903716.98649248,41.86872696,-87.78160984,,Urban,1,N,(N/A),Y,(N/A)
2024,2024-04-05,Friday,18,06:44 PM,Property Damage,No Injuries,0,0,0,0,0,2,Sideswipe Same Direction,12,N,N,Unable to Determine,(N/A),Daylight,Clear,Dry,N,,,,,No Controls,No Controls,Y,2,41.8762991,-87.7829211,ok,(UNK),1,2401850,2024,,18,99,50000 and OVER,9,4295,Oak Park,C,Urban Local Road or Street,,16,5,12584849,4,Cook,0,24,,,5,N,No,Free Flow,202401106666,City,1,0,N,,,,(UNK),123450,(N/A),(UNK),No Defects,1,1,Local Road or Street,7,,X003374426,Not Toll,73,1,1,"Divided, No Median Barrier",2,2945769.53480631,1906463.65992434,41.87629123,-87.78291535,,Urban,1,N,(N/A),Y,(N/A)
2024,2024-11-18,Monday,15,03:30 PM,Injury,C Injury Crash,1,0,0,0,1,3,Angle,15,N,N,Unable to Determine,Unable to Determine,Dusk,Rain,Wet,Y,,,,,Traffic Signal,Functioning Properly,N,2,41.8821278,-87.7747276,ok,(UNK),1,2407003,2024,,18,18,50000 and OVER,9,4295,Oak Park,C,Urban Minor Arterial,,16,18,12876268,11,Cook,1,24,,,1,N,No,Slow,202401379785,City,3,1.53999996,N,,,,(UNK),123951,(N/A),(UNK),No Defects,1,2,Minor Arterial,4,5,X003630677,Not Toll,,3,4,"Divided, No Median Barrier",2,2947941.86001885,1908649.87586506,41.88211995,-87.77472181,,Urban,2,N,(N/A),Y,(N/A)
2024,2024-11-18,Monday,16,04:32 PM,Injury,C Injury Crash,3,0,0,0,3,2,Sideswipe Same Direction,12,N,N,Failing to Yield Right of Way,(N/A),Darkness / Lighted Road,Rain,Wet,N,,,,,No Controls,No Controls,N,2,41.8886778,-87.7997727,ok,(UNK),1,2407005,2024,,2,99,50000 and OVER,9,4295,Oak Park,C,Urban Major Collector,,16,18,12876269,11,Cook,1,24,,,1,N,No,Free Flow,202401379786,City,5,0.03,N,,,,(UNK),123952,(N/A),(UNK),No Defects,1,2,Major Collector,5,1405,X003630678,Not Toll,73,1,1,Not Divided,1,2941055.43729297,1910847.62734952,41.88867,-87.79976693,,Urban,2,N,(N/A),Y,(N/A)
2024,2024-11-18,Monday,4,04:45 AM,Property Damage,No Injuries,0,0,0,0,0,2,Front to Rear,11,N,N,Failing to Reduce Speed to Avoid Crash,(N/A),Darkness / Lighted Road,Unknown,Dry,Y,,,,,Traffic Signal,Functioning Properly,N,2,41.87231,-87.8044687,ok,(UNK),1,2407007,2024,,28,99,50000 and OVER,9,4295,Oak Park,C,Urban Other Principal Arte,,16,18,12876270,11,Cook,0,24,,,1,N,No,Stopped,202401379787,City,5,20.18000031,Y,,,,(UNK),123953,(N/A),(UNK),No Defects,1,1,Other Principal Arterial,3,348,X003630679,Not Toll,73,3,4,Divided With Median Barrier,3,2939940.96523262,1904847.64109718,41.87230218,-87.80446294,,Urban,9,N,(N/A),Y,(N/A)
2024,2024-11-19,Tuesday,17,05:30 PM,Property Damage,No Injuries,0,0,0,0,0,2,Turning,10,N,N,Following Too Closely,Failing to Reduce Speed to Avoid Crash,Darkness / Lighted Road,Clear,Dry,Y,,,,,Traffic Signal,Functioning Properly,Y,2,41.8886,-87.79453,ok,(UNK),1,2407037,2024,,3,28,50000 and OVER,9,4295,Oak Park,C,Urban Major Collector,,16,19,12876990,11,Cook,0,24,,,2,N,No,Stopped,202401380583,City,5,5.53000021,N,,,,(UNK),124440,(N/A),(UNK),No Defects,1,1,Major Collector,5,2775,X003631364,Not Toll,,3,4,Not Divided,1,2942483.83085939,1910858.70087605,41.8886,-87.79453,,Urban,1,N,(N/A),Y,(N/A)
2024,2024-04-08,Monday,7,07:51 AM,Property Damage,No Injuries,0,0,0,0,0,1,Other Object,7,N,N,Disregarding Other Traffic Signs,Unable to Determine,Daylight,Clear,Dry,Y,,,,,Traffic Signal,Functioning Properly,Y,1,41.8873094,-87.7944714,ok,(UNK),1,2401896,2024,,24,18,50000 and OVER,9,4295,Oak Park,C,Urban Major Collector,,16,8,12585643,4,Cook,0,24,VILLAGE OF OAK PARK SIGN,,1,N,No,Free Flow,202401107375,City,1,5.61999989,N,,,,(UNK),124713,(N/A),(UNK),No Defects,1,1,Major Collector,5,2775,X003375138,Not Toll,73,3,4,Not Divided,1,2942512.79401204,1910388.83428909,41.88730158,-87.79446561,,Urban,1,N,(N/A),Y,(N/A)
2024,2024-04-08,Monday,8,08:07 AM,Property Damage,No Injuries,0,0,0,0,0,2,Sideswipe Same Direction,12,N,N,Failing to Yield Right of Way,(N/A),Daylight,Clear,Dry,N,,,,,No Controls,No Controls,N,2,41.8902781,-87.7831279,ok,(UNK),1,2401897,2024,,2,99,50000 and OVER,9,4295,Oak Park,C,Urban Local Road or Street,,16,8,12585648,4,Cook,0,24,,,1,N,No,Free Flow,202401107376,City,1,0,N,,,,(UNK),124714,(N/A),(UNK),No Defects,1,1,Local Road or Street,7,,X003375139,Not Toll,73,1,1,Not Divided,1,2945571.66018074,1911556.3271219,41.89027028,-87.7831221,,Urban,1,N,(N/A),Y,(N/A)
2024,2024-04-06,Saturday,23,11:14 PM,Property Damage,No Injuries,0,0,0,0,0,2,Front to Rear,11,N,N,Failing to Reduce Speed to Avoid Crash,Under Influence of Alcohol/Drugs,Darkness / Lighted Road,Clear,Dry,N,,,,,No Controls,No Controls,Y,2,41.9007439,-87.8054896,ok,(UNK),1,2400409,2024,,28,8,50000 and OVER,9,4295,Oak Park,C,Urban Other Principal Arte,,16,6,12585662,4,Cook,0,24,,,6,N,No,Free Flow,202401107379,City,5,18.20999908,Y,,,,(UNK),124716,(N/A),(UNK),No Defects,1,1,Other Principal Arterial,3,348,X003375143,Not Toll,73,1,1,"Divided, No Median Barrier",2,2939377.6424117,1915201.81429253,41.90073606,-87.80548383,,Urban,1,N,(N/A),Y,(N/A)
2024,2024-04-08,Monday,13,01:34 PM,Property Damage,No Injuries,0,0,0,0,0,1,Fixed Object,6,N,N,Failing to Reduce Speed to Avoid Crash,(N/A),Daylight,Clear,Dry,N,,,,,No Controls,No Controls,N,1,41.9072267,-87.7923078,ok,(UNK),1,2401904,2024,,28,99,50000 and OVER,9,4295,Oak Park,C,Urban Local Road or Street,,16,8,12585886,4,Cook,0,24,ELETRIC METER/GUTTERS,GARAGE,1,N,No,Free Flow,202401107577,City,1,0,N,,,,(UNK),124838,(N/A),(UNK),No Defects,1,1,Local Road or Street,7,,X003375320,Not Toll,73,1,1,Not Divided,1,2942900.99437644,1917663.36943237,41.90721884,-87.79230196,,Urban,1,N,(N/A),Y,(N/A)
2024,2024-04-08,Monday,9,09:33 AM,Property Damage,No Injuries,0,0,0,0,0,1,Parked Motor Vehicle,9,N,N,Failing to Reduce Speed to Avoid Crash,(N/A),Unknown,Unknown,Dry,N,,,,,No Controls,No Controls,N,2,41.8884402,-87.7895939,ok,(UNK),1,2401900,2024,,28,99,50000 and OVER,9,4295,Oak Park,C,Urban Minor Collector,,16,8,12586930,4,Cook,0,24,,,1,N,No,Free Flow,202401108838,City,9,0,N,,,,(UNK),125440,(N/A),(UNK),No Defects,1,1,Minor Collector,6,2779,X003376188,Not Toll,73,1,1,Not Divided,1,2943829.57067,1910837.67521962,41.88843233,-87.78958806,,Urban,9,N,(N/A),Y,(N/A)
2024,2024-04-09,Tuesday,10,10:05 AM,Property Damage,No Injuries,0,0,0,0,0,1,Parked Motor Vehicle,9,N,N,Driving Skills/Knowledge/Experience,(N/A),Daylight,Clear,Dry,N,,,,,No Controls,No Controls,N,2,41.8886495,-87.8023537,ok,(UNK),1,2401916,2024,,15,99,50000 and OVER,9,4295,Oak Park,C,Urban Major Collector,,16,9,12586932,4,Cook,0,24,,,2,N,No,Slow,202401108485,City,1,0,N,,,,(UNK),125441,(N/A),(UNK),No Defects,1,1,Major Collector,5,,X003376189,Not Toll,73,1,1,Not Divided,1,2940352.91912591,1910817.92343648,41.88864169,-87.8023479,,Urban,1,N,(N/A),Y,(N/A)
2024,2024-04-06,Saturday,9,09:40 AM,Property Damage,No Injuries,0,0,0,0,0,3,Front to Rear,11,N,N,Following Too Closely,Driving Skills/Knowledge/Experience,Daylight,Clear,Dry,N,,,,,Other Regualtory Sig,Functioning Properly,N,3,41.8737786,-87.8045294,ok,Partial Access Control,3,03-24-05968,2024,,3,15,50000 and OVER,9,4295,Oak Park,C,Urban InterState,,16,6,12587238,4,Cook,0,24,,,6,N,No,(UNK),202401108759,ISP,1,7.69999981,Y,,,,(UNK),125663,(N/A),(UNK),No Defects,1,1,InterState,1,290,X003376458,Not Toll,73,10,4,Divided With Median Barrier,3,2939909.70884588,1905382.36833678,41.87377077,-87.8045236,,Urban,1,N,(N/A),Y,(N/A)
2024,2024-04-10,Wednesday,10,10:19 AM,Property Damage,No Injuries,0,0,0,0,0,2,Turning,10,N,N,Failing to Yield Right of Way,Failing to Reduce Speed to Avoid Crash,Daylight,Clear,Dry,Y,,,,,Traffic Signal,Functioning Properly,N,2,41.8650278,-87.8042158,ok,(UNK),1,24-01105,2024,,2,28,50000 and OVER,9,4295,Oak Park,C,Urban Other Principal Arte,,16,10,12587403,4,Cook,0,24,,,3,N,No,Free Flow,202401108917,City,1,5.98999977,Y,,,,(UNK),125770,(N/A),(UNK),No Defects,1,1,Other Principal Arterial,3,347,X003376606,Not Toll,52,3,4,"Divided, No Median Barrier",2,2940082.93081867,1902195.78557851,41.86502,-87.80421,,Urban,1,N,(N/A),Y,(N/A)
2024,2024-04-08,Monday,15,03:00 PM,Property Damage,No Injuries,0,0,0,0,0,1,Sideswipe Same Direction,12,N,N,Failing to Reduce Speed to Avoid Crash,(N/A),Daylight,Clear,Dry,N,,,,,No Controls,No Controls,N,2,41.8821045,-87.7758051,ok,(UNK),1,2401909,2024,,28,99,50000 and OVER,9,4295,Oak Park,C,Urban Major Collector,,16,8,12587427,4,Cook,0,24,,,1,N,No,Free Flow,202401108943,City,1,1.49000001,N,,,,(UNK),125789,(N/A),(UNK),No Defects,1,1,Major Collector,5,5,X003376628,Not Toll,73,1,1,Not Divided,1,2947648.64818513,1908633.21067995,41.88209667,-87.77579935,,Urban,1,N,(N/A),Y,(N/A)
2024,2024-11-20,Wednesday,16,04:50 PM,Property Damage,No Injuries,0,0,0,0,0,2,Front to Rear,11,N,N,Failing to Reduce Speed to Avoid Crash,Following Too Closely,Darkness / Lighted Road,Clear,Wet,N,,,,,Other,Functioning Properly,N,2,41.8719247,-87.7839293,ok,Partial Access Control,3,03-24-22803,2024,,28,3,50000 and OVER,9,4295,Oak Park,C,Urban InterState,,16,20,12877286,11,Cook,0,24,,,3,N,No,(UNK),202401380864,ISP,5,8.72000027,Y,,,,(UNK),126069,(N/A),(UNK),No Defects,1,2,InterState,1,290,X003631645,Not Toll,73,13,4,Divided With Median Barrier,3,2945539.22905526,1904861.91354724,41.87191681,-87.78392353,,Urban,1,N,(N/A),Y,(N/A)
2024,2024-04-08,Monday,19,07:00 PM,Property Damage,No Injuries,0,0,0,0,0,2,Front to Rear,11,N,N,Failing to Reduce Speed to Avoid Crash,Following Too Closely,Darkness / Lighted Road,Clear,Dry,N,,,,,Other Regualtory Sig,Functioning Properly,N,2,41.871326,-87.7759255,ok,Partial Access Control,3,03-24-06129,2024,,28,3,50000 and OVER,9,4295,Oak Park,C,Urban InterState,,16,8,12587890,4,Cook,0,24,,,1,N,No,(UNK),202401109427,ISP,5,9.13000011,Y,,,,(UNK),126842,(N/A),(UNK),No Defects,1,1,InterState,1,290,X003377060,Not Toll,73,10,4,Divided With Median Barrier,3,2947725.33319704,1904704.40889968,41.87131817,-87.77591974,,Urban,1,N,(N/A),Y,(N/A)
2024,2024-04-07,Sunday,13,01:00 PM,Property Damage,No Injuries,0,0,0,0,0,2,Front to Rear,11,N,N,Weather,Failing to Reduce Speed to Avoid Crash,Daylight,Rain,Wet,Y,,,,,Traffic Signal,Functioning Properly,Y,2,41.8726283,-87.7842258,ok,(UNK),1,2401891,2024,,11,28,50000 and OVER,9,4295,Oak Park,C,Urban Major Collector,,16,7,12588251,4,Cook,0,24,,,7,N,No,Slow,202401109769,City,1,0.2,N,,,,(UNK),127101,(N/A),(UNK),No Defects,1,2,Major Collector,5,290,X003377401,Not Toll,73,3,4,Not Divided,1,2945451.3534256,1905116.09115864,41.87262045,-87.78422001,,Urban,2,N,(N/A),Y,(N/A)
2024,2024-04-10,Wednesday,16,04:07 PM,Property Damage,No Injuries,0,0,0,0,0,2,Sideswipe Same Direction,12,N,N,Failing to Reduce Speed to Avoid Crash,Improper Overtaking/Passing,Daylight,Clear,Dry,N,,,,,No Controls,No Controls,N,2,41.8885666,-87.8050945,ok,(UNK),1,2400426,2024,,28,4,50000 and OVER,9,4295,Oak Park,C,Urban Minor Arterial,,16,10,12588252,4,Cook,0,24,,,3,N,No,Slow,202401109770,City,1,6.19000006,N,,,,(UNK),127102,(N/A),(UNK),No Defects,1,1,Minor Arterial,4,3537,X003377402,Not Toll,73,1,1,"Divided, No Median Barrier",2,2939607.42054672,1910767.12209498,41.88855871,-87.80508872,,Urban,1,N,(N/A),Y,(N/A)
2024,2024-04-05,Friday,13,01:50 PM,Property Damage,No Injuries,0,0,0,0,0,5,Sideswipe Same Direction,12,N,N,Improper Lane Usage,Driving Skills/Knowledge/Experience,Daylight,Clear,Wet,N,,,,,No Controls,Functioning Properly,Y,2,41.8709789,-87.7748675,ok,Partial Access Control,3,03-24-05918,2024,,20,15,50000 and OVER,9,4295,Oak Park,C,Urban InterState,,16,5,12588865,4,Cook,0,24,,,5,N,No,(UNK),202401110186,ISP,1,9.18000031,Y,,,,(UNK),127427,(N/A),(UNK),No Defects,1,2,InterState,1,290,X003377718,Not Toll,73,1,4,Divided With Median Barrier,3,2948017.04524483,1904585.95030468,41.87097107,-87.7748617,,Urban,1,N,(N/A),Y,(N/A)
2024,2024-04-01,Monday,12,12:00 PM,Injury,B Injury Crash,3,0,0,1,2,1,Turning,10,N,N,Improper Turning/No Signal,Improper Lane Usage,Daylight,Clear,Dry,N,,,,,No Controls,No Controls,N,2,41.8846684,-87.8048886,ok,(UNK),1,24-01018,2024,,6,20,50000 and OVER,9,4295,Oak Park,C,Urban Other Principal Arte,,16,1,12588926,4,Cook,2,24,,,1,N,No,Free Flow,202401110250,City,1,19.32999992,Y,,,,(UNK),127471,(N/A),(UNK),No Defects,1,1,Other Principal Arterial,3,348,X003377779,Not Toll,73,1,1,"Divided, No Median Barrier",2,2939702.61972955,1909348.10639533,41.88466055,-87.80488276,,Urban,1,N,(N/A),Y,(N/A)
2024,2024-04-10,Wednesday,15,03:05 PM,Property Damage,No Injuries,0,0,0,0,0,2,Front to Rear,11,N,N,Failing to Yield Right of Way,Failing to Reduce Speed to Avoid Crash,Daylight,Clear,Unknown,N,,,,,Traffic Signal,Functioning Properly,N,2,41.894416,-87.7947652,ok,(UNK),1,2401944,2024,,2,28,50000 and OVER,9,4295,Oak Park,C,Urban Minor Arterial,,16,10,12588931,4,Cook,0,24,,,3,N,No,Slow,202401110255,City,1,3.0999999,N,,,,(UNK),127474,(N/A),(UNK),Unknown,99,9,Minor Arterial,4,1398,X003377784,Not Toll,73,3,4,"Divided, No Median Barrier",2,2942361.17269158,1912976.401066,41.89440818,-87.79475937,,Urban,1,N,(N/A),N,(N/A)
2024,2024-04-09,Tuesday,16,04:50 PM,Property Damage,No Injuries,0,0,0,0,0,2,Sideswipe Same Direction,12,N,N,Failing to Reduce Speed to Avoid Crash,Failing to Yield Right of Way,Unknown,Unknown,Unknown,N,,,,,No Controls,No Controls,Y,2,41.8798679,-87.7845469,ok,(UNK),1,2401939,2024,,28,2,50000 and OVER,9,4295,Oak Park,C,Urban Minor Arterial,,16,9,12588939,4,Cook,0,24,,,2,N,No,Stopped,202401110262,City,9,4.0999999,N,,,,(UNK),127476,(N/A),(UNK),No Defects,1,9,Minor Arterial,4,1419,X003377791,Not Toll,73,1,1,"Divided, No Median Barrier",2,2945290.62652707,1907751.92158807,41.87986009,-87.78454114,,Urban,9,N,(N/A),Y,(N/A)
2024,2024-04-10,Wednesday,12,12:39 PM,Property Damage,No Injuries,0,0,0,0,0,2,Sideswipe Same Direction,12,N,N,Improper Lane Usage,Failing to Reduce Speed to Avoid Crash,Daylight,Clear,Dry,N,,,,,No Controls,No Controls,N,2,41.8707333,-87.7978594,ok,(UNK),1,2401934,2024,,20,28,50000 and OVER,9,4295,Oak Park,C,Urban Local Road or Street,,16,10,12588952,4,Cook,0,24,,,3,N,No,Free Flow,202401110274,City,1,0,N,,,,(UNK),127486,(N/A),(UNK),No Defects,1,1,Local Road or Street,7,,X003377799,Not Toll,73,1,1,Not Divided,1,2941757.0324613,1904322.68993282,41.87072545,-87.79785359,,Urban,1,N,(N/A),Y,(N/A)
2024,2024-04-10,Wednesday,17,05:15 PM,Property Damage,No Injuries,0,0,0,0,0,2,Turning,10,N,N,Disregarding Traffic Signals,Failing to Reduce Speed to Avoid Crash,Daylight,Clear,Dry,Y,,,,,Traffic Signal,Functioning Properly,Y,2,41.8815878,-87.7943353,ok,(UNK),1,2401946,2024,,25,28,50000 and OVER,9,4295,Oak Park,C,Urban Major Collector,,16,10,12589745,4,Cook,0,24,,,3,N,No,Free Flow,202401111028,City,1,0.54000002,N,,,,(UNK),128014,(N/A),(UNK),No Defects,1,1,Major Collector,5,5,X003378520,Not Toll,73,3,4,"Divided, No Median Barrier",2,2942607.52506795,1908304.80683447,41.88158,-87.79432951,,Urban,1,N,(N/A),Y,(N/A)