crash_year,crash_date,day_of_week,crash_hour,time_of_crash,crash_severity,crash_injury_severity,total_injured,total_fatals,a_injuries,b_injuries,c_injuries,no_injuries,type_of_first_crash,collision_type_code,pedestrian_involved,pedalcyclist_involved,cause1,cause2,lighting_cond,weather_cond,road_surface_cond,intersection_related,is_intersection,highway_or_street_name,at_intersection_with,address_no,traffic_control_device,traffic_control_device_cond,hit_and_run,number_of_vehicles,latitude,longitude,location_status,access_control,agency_code,agency_report_number,agency_report_year,alignment_code,cause1_code,cause2_code,city_class,city_class_code,city_code,city_name,city_township_flag,class_of_trafficway,class_of_trafficway_code,county_code,crash_day,crash_id,crash_month,crash_report_county,crash_severity_cd,crash_yr_source,damaged_property1,damaged_property2,day_of_week_code,did_crash_occur_in_work_zone,did_involve_secondary_crash,flow_condition,icn,investigating_agency_descrip,light_condition_code,mile_station,nhs,non_intersection_direction,non_intersection_distance,non_intersection_units,number_of_lanes,objectid,railroad_crossing_number,road_alignment,road_defects,road_defects_code,road_surface_condition_code,roadway_functional_class,roadway_functional_class_code,route_number,sfe,toll,township,traffic_control_device_code,traffic_control_device_cond_code,trafficway_descrip,trafficway_description_code,ts_crash_coordinate_x,ts_crash_coordinate_y,ts_crash_latitude,ts_crash_longitude,type_report,urban_rural,weather_code,were_workers_present,work_zone,work_zone_related,work_zone_type
2024,2024-04-09,Tuesday,16,04:33 PM,Property Damage,No Injuries,0,0,0,0,0,3,Front to Rear,11,N,N,Failing to Reduce Speed to Avoid Crash,Driving Skills/Knowledge/Experience,Daylight,Clear,Dry,Y,,,,,Traffic Signal,Functioning Properly,N,3,41.9015578,-87.8055272,ok,(UNK),1,2400421,2024,,28,15,50000 and OVER,9,4295,Oak Park,C,Urban Other Principal Arte,,16,9,12589750,4,Cook,0,24,,,2,N,No,Slow,202401111029,City,1,18.15999985,Y,,,,(UNK),128015,(N/A),(UNK),No Defects,1,1,Other Principal Arterial,3,348,X003378521,Not Toll,73,3,4,Not Divided,1,2939359.23410048,1915498.1351939,41.90154996,-87.80552144,,Urban,1,N,(N/A),Y,(N/A)
2024,2024-11-18,Monday,17,05:10 PM,Injury,C Injury Crash,2,0,0,0,2,1,Front to Rear,11,N,N,Following Too Closely,Failing to Reduce Speed to Avoid Crash,Daylight,Rain,Wet,N,,,,,No Controls,No Controls,N,3,41.8882128,-87.7748966,ok,(UNK),1,2407006,2024,,3,28,50000 and OVER,9,4295,Oak Park,C,Urban Minor Arterial,,16,18,12878863,11,Cook,1,24,,,1,N,No,Stopped,202401381970,City,1,7.11999989,N,,,,(UNK),128537,(N/A),(UNK),No Defects,1,2,Minor Arterial,4,2790,X003632753,Not Toll,,1,1,"Divided, No Median Barrier",2,2947833.99097172,1910866.0969275,41.88820499,-87.77489083,,Urban,2,N,(N/A),Y,(N/A)
2024,2024-11-18,Monday,18,06:50 PM,Injury,C Injury Crash,1,0,0,0,1,2,Front to Rear,11,N,N,Following Too Closely,Failing to Reduce Speed to Avoid Crash,Darkness / Lighted Road,Rain,Wet,N,,,,,Other Regualtory Sig,Functioning Properly,N,2,41.871381,-87.7768823,ok,Partial Access Control,3,03-24-22639,2024,,3,28,50000 and OVER,9,4295,Oak Park,C,Urban InterState,,16,18,12879130,11,Cook,1,24,,,1,N,No,(UNK),202401382222,ISP,5,9.07999992,Y,,,,(UNK),128714,(N/A),(UNK),No Defects,1,2,InterState,1,290,X003633010,Not Toll,73,10,4,Divided With Median Barrier,3,2947464.17233927,1904717.20161075,41.8713732,-87.77687651,,Urban,2,N,(N/A),Y,(N/A)
2024,2024-04-09,Tuesday,7,07:10 AM,Property Damage,No Injuries,0,0,0,0,0,2,Front to Rear,11,N,N,Failing to Reduce Speed to Avoid Crash,Following Too Closely,Daylight,Clear,Dry,N,,,,,Other,Functioning Properly,N,2,41.8734803,-87.8042357,ok,Partial Access Control,3,03-24-06157,2024,,28,3,50000 and OVER,9,4295,Oak Park,C,Urban InterState,,16,9,12591351,4,Cook,0,24,,,2,N,No,(UNK),202401112372,ISP,1,7.71000004,Y,,,,(UNK),129714,(N/A),(UNK),No Defects,1,1,InterState,1,290,X003379826,Not Toll,73,13,4,Divided With Median Barrier,3,2939992.68504011,1905275.85081985,41.87347243,-87.80422994,,Urban,1,N,(N/A),Y,(N/A)
2024,2024-04-09,Tuesday,8,08:05 AM,Property Damage,No Injuries,0,0,0,0,0,4,Front to Rear,11,N,N,Following Too Closely,Failing to Reduce Speed to Avoid Crash,Daylight,Clear,Dry,N,,,,,Other Regualtory Sig,Functioning Properly,N,4,41.8728058,-87.7974451,ok,Partial Access Control,3,03-24-06158,2024,,3,28,50000 and OVER,9,4295,Oak Park,C,Urban InterState,,16,9,12591357,4,Cook,0,24,,,2,N,No,(UNK),202401112378,ISP,1,8.02999973,Y,,,,(UNK),129719,(N/A),(UNK),No Defects,1,1,InterState,1,290,X003379832,Not Toll,,10,4,Divided With Median Barrier,3,2941849.01565549,1905081.0476555,41.87280575,-87.79744511,,Urban,1,N,(N/A),Y,(N/A)
2024,2024-04-11,Thursday,13,01:55 PM,Property Damage,No Injuries,0,0,0,0,0,3,Front to Rear,11,N,N,Following Too Closely,Unable to Determine,Daylight,Cloudy/Overcast,Dry,N,,,,,No Controls,No Controls,Y,2,41.8753836,-87.8045783,ok,(UNK),1,24-01115,2024,,3,18,50000 and OVER,9,4295,Oak Park,C,Urban Other Principal Arte,,16,11,12591468,4,Cook,0,24,,,4,N,No,Slow,202401112489,City,1,19.96999931,Y,,,,(UNK),129793,(N/A),(UNK),No Defects,1,1,Other Principal Arterial,3,348,X003379942,Not Toll,73,1,1,"Divided, No Median Barrier",2,2939880.28698098,1905966.87288142,41.87537572,-87.80457249,,Urban,8,N,(N/A),Y,(N/A)
2024,2024-04-09,Tuesday,18,06:20 PM,Property Damage,No Injuries,0,0,0,0,0,3,Front to Rear,11,N,N,Failing to Reduce Speed to Avoid Crash,Following Too Closely,Daylight,Clear,Dry,N,,,,,Delineators,Functioning Properly,N,2,41.8731828,-87.7988712,ok,Partial Access Control,3,03-24-06198,2024,,28,3,50000 and OVER,9,4295,Oak Park,C,Urban InterState,,16,9,12591611,4,Cook,0,24,,,2,N,No,(UNK),202401112628,ISP,1,7.96000004,Y,,,,(UNK),129890,(N/A),(UNK),No Defects,1,1,InterState,1,290,X003380080,Not Toll,73,14,4,Divided With Median Barrier,3,2941456.81080577,1905207.70884688,41.87317491,-87.79886536,,Urban,1,N,(N/A),Y,(N/A)
2024,2024-04-13,Saturday,14,02:15 PM,Property Damage,No Injuries,0,0,0,0,0,2,Front to Rear,11,N,N,Failing to Yield Right of Way,Improper Lane Usage,Daylight,Clear,Dry,N,,,,,Other Regualtory Sig,Functioning Properly,N,2,41.8724077,-87.7900629,ok,Partial Access Control,3,03-24-06433,2024,,2,20,50000 and OVER,9,4295,Oak Park,C,Urban InterState,,16,13,12591618,4,Cook,0,24,,,6,N,No,(UNK),202401112634,ISP,1,8.39999962,Y,,,,(UNK),129894,(N/A),(UNK),No Defects,1,1,InterState,1,290,X003380086,Not Toll,73,10,4,Divided With Median Barrier,3,2943863.7254902,1904991.61764706,41.87239989,-87.79005711,,Urban,1,N,(N/A),Y,(N/A)
2024,2024-04-09,Tuesday,7,07:00 AM,Property Damage,No Injuries,0,0,0,0,0,2,Sideswipe Same Direction,12,N,N,Improper Lane Usage,Failing to Reduce Speed to Avoid Crash,Daylight,Clear,Dry,N,,,,,Delineators,Functioning Properly,N,2,41.8736522,-87.8031149,ok,Partial Access Control,3,03-24-06394,2024,,20,28,50000 and OVER,9,4295,Oak Park,C,Urban InterState,,16,9,12591902,4,Cook,0,24,,,2,N,No,(UNK),202401112905,ISP,1,7.76000023,Y,,,,(UNK),130083,(N/A),(UNK),No Defects,1,1,InterState,1,290,X003380363,Not Toll,73,14,4,Divided With Median Barrier,3,2940296.22887377,1905346.89347578,41.87364431,-87.80310914,,Urban,1,N,(N/A),Y,(N/A)
2024,2024-04-14,Sunday,2,02:25 AM,Property Damage,No Injuries,0,0,0,0,0,2,Turning,10,N,N,(N/A),(N/A),Darkness / Lighted Road,Clear,Dry,Y,,,,,No Controls,Functioning Properly,N,2,41.8711278,-87.7742958,ok,Partial Access Control,1,JH224382,2024,,99,99,50000 and OVER,9,4295,Oak Park,C,Urban InterState,,16,14,12592042,4,Cook,0,24,,,7,N,No,Free Flow,202401113023,City,5,0,Y,,,,(UNK),130168,(N/A),(UNK),No Defects,1,1,InterState,1,290,X003380481,Not Toll,,1,4,Four Way,14,2948171.24961575,1904644.56578593,41.87112,-87.77429,,Urban,1,N,(N/A),Y,(N/A)
2024,2024-04-14,Sunday,4,04:19 AM,Property Damage,No Injuries,0,0,0,0,0,2,Turning,10,N,N,Following Too Closely,Driving Skills/Knowledge/Experience,Darkness / Lighted Road,Clear,Dry,N,,,,,Traffic Signal,Functioning Properly,Y,2,41.8735129,-87.80452,ok,Partial Access Control,1,24-01144,2024,,3,15,50000 and OVER,9,4295,Oak Park,C,Urban InterState,,16,14,12592143,4,Cook,0,24,,,7,N,No,Stopped,202401113121,City,5,7.69999981,Y,,,,(UNK),130234,(N/A),(UNK),No Defects,1,1,InterState,1,290,X003380579,Not Toll,73,3,4,Divided With Median Barrier,3,2939914.93088429,1905285.60959486,41.87350506,-87.80451421,,Urban,1,N,(N/A),Y,(N/A)
2024,2024-04-14,Sunday,9,09:23 AM,Injury,A Injury Crash,1,0,1,0,0,1,Turning,10,N,N,Following Too Closely,Driving Skills/Knowledge/Experience,Daylight,Clear,Dry,Y,,,,,Traffic Signal,Functioning Properly,N,2,41.9087839,-87.8057828,ok,(UNK),1,JH224590,2024,,3,15,50000 and OVER,9,4295,Oak Park,C,Urban Other Principal Arte,,16,14,12592242,4,Cook,3,24,,,7,N,No,Free Flow,202401113214,City,1,5.92000008,Y,,,,(UNK),130310,(N/A),(UNK),No Defects,1,1,Other Principal Arterial,3,307,X003380674,Not Toll,73,3,4,Four Way,14,2939217.14879587,1918129.53123693,41.90877601,-87.80577699,,Urban,1,N,(N/A),Y,(N/A)
2024,2024-11-21,Thursday,11,11:08 AM,Property Damage,No Injuries,0,0,0,0,0,3,Turning,10,N,N,Failing to Yield Right of Way,Improper Lane Usage,Daylight,Snow,Snow or Slush,N,,,,,Traffic Signal,Functioning Properly,N,2,41.8803475,-87.8047448,ok,(UNK),1,24-03845,2024,,2,20,50000 and OVER,9,4295,Oak Park,C,Urban Other Principal Arte,,16,21,12879619,11,Cook,0,24,,,4,N,No,Slow,202401382694,City,1,19.62999916,Y,,,,(UNK),131269,(N/A),(UNK),No Defects,1,3,Other Principal Arterial,3,348,X003633489,Not Toll,73,3,4,"Divided, No Median Barrier",2,2939785.1416376,1907774.57022951,41.88033965,-87.80473895,,Urban,3,N,(N/A),Y,(N/A)
2024,2024-11-21,Thursday,9,09:36 AM,Injury,B Injury Crash,1,0,0,1,0,4,Sideswipe Same Direction,12,N,N,Evasive Action Due to Animal / Object / Non-Motorist,Operating Vehicle In Reckless Manner,Darkness,Freezing Rain or,Dry,N,,,,,Traffic Signal,Functioning Properly,Y,2,41.8735814,-87.8045231,ok,Partial Access Control,1,24-03859,2024,,32,50,50000 and OVER,9,4295,Oak Park,C,Urban InterState,,16,21,12879646,11,Cook,2,24,,,4,N,No,Slow,202401382721,City,4,20.09000015,Y,,,,(UNK),131288,(N/A),(UNK),No Defects,1,1,InterState,1,348,X003633516,Not Toll,73,3,4,Divided With Median Barrier,3,2939913.40490672,1905310.53832082,41.87357353,-87.80451729,,Urban,10,N,(N/A),Y,(N/A)
2024,2024-11-20,Wednesday,16,04:17 PM,Property Damage,No Injuries,0,0,0,0,0,2,Sideswipe Same Direction,12,N,N,Failing to Reduce Speed to Avoid Crash,Unable to Determine,Dusk,Freezing Rain or,Wet,N,,,,,No Controls,No Controls,N,2,41.8883024,-87.7846948,ok,(UNK),1,2407041,2024,,28,18,50000 and OVER,9,4295,Oak Park,C,Urban Major Collector,,16,20,12879798,11,Cook,0,24,,,3,N,No,Free Flow,202401382850,City,3,0.93000001,N,,,,(UNK),131377,(N/A),(UNK),No Defects,1,2,Major Collector,5,2783,X003633648,Not Toll,73,1,1,Not Divided,1,2945165.00102287,1910824.48928661,41.88829458,-87.78468898,,Urban,10,N,(N/A),Y,(N/A)
2024,2024-11-19,Tuesday,7,07:17 AM,Property Damage,No Injuries,0,0,0,0,0,2,Turning,10,N,N,Failing to Yield Right of Way,Failing to Reduce Speed to Avoid Crash,Daylight,Cloudy/Overcast,Dry,Y,,,,,Traffic Signal,Functioning Properly,N,2,41.865028,-87.8042158,ok,(UNK),1,2407016,2024,,2,28,50000 and OVER,9,4295,Oak Park,C,Urban Other Principal Arte,,16,19,12879801,11,Cook,0,24,,,2,N,No,Free Flow,202401382852,City,1,5.98999977,Y,,,,(UNK),131378,(N/A),(UNK),No Defects,1,1,Other Principal Arterial,3,347,X003633650,Not Toll,52,3,4,Not Divided,1,2940082.92724955,1902195.85665387,41.86502019,-87.80421001,,Urban,8,N,(N/A),Y,(N/A)
2024,2024-11-18,Monday,15,03:30 PM,Injury,B Injury Crash,2,0,0,1,1,0,Angle,15,N,N,Failing to Yield Right of Way,Failing to Reduce Speed to Avoid Crash,Daylight,Rain,Wet,N,,,,,No Controls,No Controls,N,2,41.8654381,-87.7753161,ok,(UNK),1,2407004,2024,,2,28,50000 and OVER,9,4295,Oak Park,C,Urban Other Principal Arte,,16,18,12879802,11,Cook,2,24,,,1,N,No,Free Flow,202401382853,City,1,7.48000002,Y,,,,(UNK),131379,(N/A),(UNK),No Defects,1,2,Other Principal Arterial,3,347,X003633651,Not Toll,56,1,1,Not Divided,1,2947951.14113209,1902563.36653626,41.86543024,-87.77531028,,Urban,2,N,(N/A),Y,(N/A)
2024,2024-11-19,Tuesday,17,05:55 PM,Injury,B Injury Crash,4,0,0,4,0,1,Angle,15,N,N,Failing to Yield Right of Way,Driving Skills/Knowledge/Experience,Darkness / Lighted Road,Clear,Dry,N,,,,,Traffic Signal,Functioning Properly,N,2,41.9089756,-87.7755829,ok,(UNK),1,2407029,2024,,2,15,50000 and OVER,9,4295,Oak Park,C,Urban Minor Arterial,,16,19,12879804,11,Cook,2,24,,,2,N,No,Free Flow,202401382855,City,5,5.57999992,N,,,,(UNK),131380,(N/A),(UNK),No Defects,1,1,Minor Arterial,4,2790,X003633653,Not Toll,,3,4,"Divided, No Median Barrier",2,2947436.12450708,1918427.25251822,41.90896777,-87.7755771,,Urban,1,N,(N/A),Y,(N/A)
2024,2024-11-22,Friday,7,07:45 AM,Property Damage,No Injuries,0,0,0,0,0,2,Turning,10,N,N,Improper Overtaking/Passing,Improper Turning/No Signal,Daylight,Clear,Dry,Y,,,,,Traffic Signal,Functioning Properly,Y,2,41.9090448,-87.794944,ok,(UNK),1,JH517208,2024,,4,6,50000 and OVER,9,4295,Oak Park,C,Urban Other Principal Arte,,16,22,12880279,11,Cook,0,24,,,5,N,No,Free Flow,202401383297,City,1,6.48999977,Y,,,,(UNK),131702,(N/A),(UNK),No Defects,1,1,Other Principal Arterial,3,307,X003634098,Not Toll,73,3,4,T-Intersection,15,2942165.02628165,1918306.05415645,41.90903693,-87.79493817,,Urban,1,N,(N/A),Y,(N/A)
2024,2024-04-12,Friday,9,09:27 AM,Property Damage,No Injuries,0,0,0,0,0,2,Sideswipe Same Direction,12,N,N,Failing to Yield Right of Way,Failing to Reduce Speed to Avoid Crash,Daylight,Clear,Dry,N,,,,,No Controls,No Controls,N,2,41.8885986,-87.7926952,ok,(UNK),1,2401967,2024,,2,28,50000 and OVER,9,4295,Oak Park,C,Urban Major Collector,,16,12,12593476,4,Cook,0,24,,,5,N,No,Free Flow,202401114288,City,1,0.44999999,N,,,,(UNK),131926,(N/A),(UNK),No Defects,1,1,Major Collector,5,1405,X003381723,Not Toll,73,1,1,Not Divided,1,2942983.45907698,1910872.02025072,41.88859077,-87.79268943,,Urban,1,N,(N/A),Y,(N/A)
2024,2024-11-21,Thursday,10,10:09 AM,Property Damage,No Injuries,0,0,0,0,0,1,Parked Motor Vehicle,9,N,N,Weather,Failing to Reduce Speed to Avoid Crash,Daylight,Snow,Snow or Slush,N,,,,,No Controls,No Controls,N,2,41.8886542,-87.7950642,ok,(UNK),1,2407054,2024,,11,28,50000 and OVER,9,4295,Oak Park,C,Urban Major Collector,,16,21,12881142,11,Cook,0,24,,,4,N,No,Free Flow,202401384085,City,1,0.31999999,N,,,,(UNK),133030,(N/A),(UNK),No Defects,1,3,Major Collector,5,1405,X003634893,Not Toll,73,1,1,Not Divided,1,2942337.82409131,1910874.43041575,41.88864636,-87.79505839,,Urban,3,N,(N/A),Y,(N/A)
2024,2024-11-21,Thursday,9,09:15 AM,Property Damage,No Injuries,0,0,0,0,0,1,Parked Motor Vehicle,9,N,N,Weather,Failing to Reduce Speed to Avoid Crash,Daylight,Snow,Snow or Slush,N,,,,,No Controls,No Controls,Y,2,41.8887625,-87.7927019,ok,(UNK),1,2407057,2024,,11,28,50000 and OVER,9,4295,Oak Park,C,Urban Local Road or Street,,16,21,12881143,11,Cook,0,24,,,4,N,No,Free Flow,202401384086,City,1,0,N,,,,(UNK),133031,(N/A),(UNK),No Defects,1,3,Local Road or Street,7,,X003634894,Not Toll,73,1,1,Not Divided,1,2942979.9962994,1910931.69666306,41.88875466,-87.79269607,,Urban,3,N,(N/A),Y,(N/A)
2024,2024-11-21,Thursday,10,10:00 AM,Property Damage,No Injuries,0,0,0,0,0,2,Front to Rear,11,N,N,Weather,Following Too Closely,Daylight,Snow,Snow or Slush,N,,,,,No Controls,No Controls,Y,2,41.8882954,-87.8050143,ok,(UNK),1,2407061,2024,,11,3,50000 and OVER,9,4295,Oak Park,C,Urban Other Principal Arte,,16,21,12881144,11,Cook,0,24,,,4,N,No,Stopped,202401384575,City,1,19.07999992,Y,,,,(UNK),133032,(N/A),(UNK),No Defects,1,3,Other Principal Arterial,3,348,X003634895,Not Toll,73,1,1,Not Divided,1,2939631.98621356,1910668.92784901,41.8882876,-87.80500849,,Urban,3,N,(N/A),Y,(N/A)
2024,2024-11-21,Thursday,10,10:33 AM,Injury,C Injury Crash,1,0,0,0,1,1,Front to Rear,11,N,N,Failing to Reduce Speed to Avoid Crash,Weather,Daylight,Snow,Snow or Slush,Y,,,,,Traffic Signal,Functioning Properly,N,2,41.8813891,-87.80473,ok,(UNK),1,2407063,2024,,28,11,50000 and OVER,9,4295,Oak Park,C,Urban Other Principal Arte,,16,21,12881145,11,Cook,1,24,,,4,N,No,Stopped,202401384087,City,1,0,Y,,,,(UNK),133033,(N/A),(UNK),No Defects,1,3,Other Principal Arterial,3,5,X003634896,Not Toll,73,3,4,Not Divided,1,2939778.69473243,1908154.26384191,41.88138127,-87.80472425,,Urban,3,N,(N/A),Y,(N/A)
2024,2024-11-21,Thursday,11,11:38 AM,Property Damage,No Injuries,0,0,0,0,0,2,Turning,10,N,N,Failing to Reduce Speed to Avoid Crash,Weather,Daylight,Snow,Snow or Slush,N,,,,,Traffic Signal,Functioning Properly,N,2,41.8649739,-87.8042138,ok,(UNK),1,2407056,2024,,28,11,50000 and OVER,9,4295,Oak Park,C,Urban Other Principal Arte,,16,21,12881147,11,Cook,0,24,,,4,N,No,(UNK),202401384089,City,1,20.69000053,Y,,,,(UNK),133034,(N/A),(UNK),No Defects,1,3,Other Principal Arterial,3,348,X003634898,Not Toll,52,3,4,Not Divided,1,2940084.01533491,1902176.16044752,41.86496611,-87.80420801,,Urban,3,N,(N/A),Y,(N/A)
2024,2024-11-22,Friday,11,11:53 AM,Property Damage,No Injuries,0,0,0,0,0,1,Parked Motor Vehicle,9,N,N,Failing to Reduce Speed to Avoid Crash,Unable to Determine,Daylight,Clear,Dry,N,,,,,No Controls,No Controls,N,2,41.8807643,-87.7998988,ok,(UNK),1,2407082,2024,,28,18,50000 and OVER,9,4295,Oak Park,C,Urban Local Road or Street,,16,22,12881151,11,Cook,0,24,,,5,N,No,Slow,202401384093,City,1,0,N,,,,(UNK),133038,(N/A),(UNK),No Defects,1,1,Local Road or Street,7,,X003634902,Not Toll,73,1,1,Not Divided,1,2941100.69396083,1907962.85476075,41.8807565,-87.79989297,,Urban,1,N,(N/A),Y,(N/A)
2024,2024-11-22,Friday,7,07:02 AM,Property Damage,No Injuries,0,0,0,0,0,1,Parked Motor Vehicle,9,N,N,Failing to Reduce Speed to Avoid Crash,Unable to Determine,Unknown,Clear,Dry,N,,,,,No Controls,No Controls,Y,3,41.8944431,-87.7751405,ok,(UNK),1,2407072,2024,,28,18,50000 and OVER,9,4295,Oak Park,C,Urban Minor Arterial,,16,22,12881153,11,Cook,0,24,,,5,N,No,Free Flow,202401384095,City,9,6.67999983,N,,,,(UNK),133039,(N/A),(UNK),No Defects,1,1,Minor Arterial,4,2790,X003634904,Not Toll,,1,1,Not Divided,1,2947704.26060521,1913134.65733817,41.89443521,-87.77513473,,Urban,1,N,(N/A),Y,(N/A)
2024,2024-11-18,Monday,12,12:30 PM,Property Damage,No Injuries,0,0,0,0,0,2,Front to Rear,11,N,N,Failing to Reduce Speed to Avoid Crash,Following Too Closely,Daylight,Rain,Wet,N,,,,,Other Regualtory Sig,Functioning Properly,N,2,41.8726178,-87.7938072,ok,Partial Access Control,3,03-24-22713,2024,,28,3,50000 and OVER,9,4295,Oak Park,C,Urban InterState,,16,18,12881309,11,Cook,0,24,,,1,N,No,(UNK),202401384243,ISP,1,8.19999981,Y,,,,(UNK),133151,(N/A),(UNK),No Defects,1,2,InterState,1,290,X003635052,Not Toll,73,10,4,Divided With Median Barrier,3,2942841.76420079,1905039.9326288,41.87260994,-87.79380142,,Urban,2,N,(N/A),Y,(N/A)
2024,2024-04-15,Monday,15,03:40 PM,Property Damage,No Injuries,0,0,0,0,0,2,Angle,15,N,N,Failing to Yield Right of Way,Failing to Reduce Speed to Avoid Crash,Daylight,Clear,Dry,N,,,,,Traffic Signal,Functioning Properly,N,2,41.8884331,-87.8050201,ok,(UNK),1,2402047,2024,,2,28,50000 and OVER,9,4295,Oak Park,C,Urban Other Principal Arte,,16,15,12594894,4,Cook,0,24,,,1,N,No,Slow,202401115631,City,1,19.06999969,Y,,,,(UNK),133605,(N/A),(UNK),No Defects,1,1,Other Principal Arterial,3,348,X003383042,Not Toll,73,3,4,"Divided, No Median Barrier",2,2939629.02105859,1910719.04866838,41.88842526,-87.80501431,,Urban,1,N,(N/A),Y,(N/A)
2024,2024-04-15,Monday,11,11:00 AM,Property Damage,No Injuries,0,0,0,0,0,1,Fixed Object,6,N,N,Disregarding Other Traffic Signs,(N/A),Daylight,Clear,Dry,N,,,,,Other Warning Sign,Functioning Properly,N,1,41.8870936,-87.7846526,ok,(UNK),1,2402033,2024,,24,99,50000 and OVER,9,4295,Oak Park,C,Urban Major Collector,,16,15,12595778,4,Cook,0,24,RAILROAD VIADUCT,,1,N,No,Free Flow,202401116442,City,1,1.01999998,N,,,,(UNK),134157,(N/A),(UNK),No Defects,1,1,Major Collector,5,2783,X003383849,Not Toll,73,11,4,Divided With Median Barrier,3,2945188.72173163,1910384.27081916,41.88708571,-87.78464681,,Urban,1,N,(N/A),Y,(N/A)
2024,2024-04-16,Tuesday,7,07:24 AM,Property Damage,No Injuries,0,0,0,0,0,3,Front to Rear,11,N,N,Following Too Closely,Failing to Reduce Speed to Avoid Crash,Daylight,Clear,Dry,N,,,,,No Controls,No Controls,N,3,41.8797082,-87.7983406,ok,(UNK),1,2402059,2024,,3,28,50000 and OVER,9,4295,Oak Park,C,Urban Minor Arterial,,16,16,12596265,4,Cook,0,24,,,2,N,Yes,Slow,202401116908,City,1,3.3900001,N,,,,(UNK),134477,(N/A),(UNK),No Defects,1,1,Minor Arterial,4,1419,X003384300,Not Toll,73,1,1,"Divided, No Median Barrier",2,2941535.65434081,1907589.69214666,41.87970037,-87.79833485,,Urban,1,N,(N/A),Y,(N/A)
2024,2024-11-24,Sunday,2,02:07 AM,Property Damage,No Injuries,0,0,0,0,0,2,Fixed Object,6,N,N,Improper Lane Usage,Improper Overtaking/Passing,Darkness / Lighted Road,Clear,Dry,N,,,,,Other,Functioning Properly,N,1,41.872664,-87.7958099,ok,Partial Access Control,3,03-24-23049,2024,,20,4,50000 and OVER,9,4295,Oak Park,C,Urban InterState,,16,24,12882030,11,Cook,0,24,,,7,N,No,(UNK),202401384923,ISP,5,8.10000038,Y,,,,(UNK),135157,(N/A),(UNK),No Defects,1,1,InterState,1,290,X003635730,Not Toll,73,13,4,Divided With Median Barrier,3,2942295.81309469,1905041.70444354,41.87265619,-87.79580415,,Urban,1,N,(N/A),Y,(N/A)
2024,2024-04-16,Tuesday,14,02:42 PM,Property Damage,No Injuries,0,0,0,0,0,2,Front to Rear,11,N,N,Failing to Reduce Speed to Avoid Crash,Following Too Closely,Daylight,Clear,Dry,N,,,,,Other Regualtory Sig,Functioning Properly,N,2,41.8731954,-87.7988593,ok,Partial Access Control,3,03-24-06758,2024,,28,3,50000 and OVER,9,4295,Oak Park,C,Urban InterState,,16,16,12596890,4,Cook,0,24,,,2,N,No,(UNK),202401117484,ISP,1,0.02,Y,,,,(UNK),135618,(N/A),(UNK),No Defects,1,1,InterState,1,290,X003384873,Not Toll,,10,4,Divided With Median Barrier,3,2941459.92312239,1905212.39135251,41.87319535,-87.79885927,,Urban,1,N,(N/A),Y,(N/A)
2024,2024-04-17,Wednesday,8,08:19 AM,Property Damage,No Injuries,0,0,0,0,0,2,Angle,15,N,N,Failing to Yield Right of Way,Unable to Determine,Daylight,Rain,Wet,Y,,,,,No Controls,No Controls,N,2,41.8871071,-87.8049748,ok,(UNK),1,2400442,2024,,2,18,50000 and OVER,9,4295,Oak Park,C,Urban Other Principal Arte,,16,17,12596991,4,Cook,0,24,,,3,N,No,Stopped,202401117572,City,1,19.15999985,Y,,,,(UNK),135689,(N/A),(UNK),No Defects,1,2,Other Principal Arterial,3,348,X003384963,Not Toll,73,1,1,"Divided, No Median Barrier",2,2939654.65885172,1910236.16017188,41.88709923,-87.80496902,,Urban,2,N,(N/A),Y,(N/A)
2024,2024-04-04,Thursday,22,10:33 PM,Property Damage,No Injuries,0,0,0,0,0,2,Turning,10,N,N,Failing to Yield Right of Way,(N/A),Darkness / Lighted Road,Clear,Dry,N,,,,,No Controls,No Controls,N,2,41.8881809,-87.779902,ok,(UNK),1,2401822,2024,,2,99,50000 and OVER,9,4295,Oak Park,C,Urban Major Collector,,16,4,12597185,4,Cook,0,24,,,4,N,No,Free Flow,202401117760,City,5,1.09000003,N,,,,(UNK),135803,(N/A),(UNK),No Defects,1,1,Major Collector,5,1405,X003385150,Not Toll,73,1,1,"Divided, No Median Barrier",2,2946471.34053817,1910816.48620974,41.88817305,-87.77989616,,Urban,1,N,(N/A),Y,(N/A)