crash_year,crash_date,day_of_week,crash_hour,time_of_crash,crash_severity,crash_injury_severity,total_injured,total_fatals,a_injuries,b_injuries,c_injuries,no_injuries,type_of_first_crash,collision_type_code,pedestrian_involved,pedalcyclist_involved,cause1,cause2,lighting_cond,weather_cond,road_surface_cond,intersection_related,is_intersection,highway_or_street_name,at_intersection_with,address_no,traffic_control_device,traffic_control_device_cond,hit_and_run,number_of_vehicles,latitude,longitude,location_status,access_control,agency_code,agency_report_number,agency_report_year,alignment_code,cause1_code,cause2_code,city_class,city_class_code,city_code,city_name,city_township_flag,class_of_trafficway,class_of_trafficway_code,county_code,crash_day,crash_id,crash_month,crash_report_county,crash_severity_cd,crash_yr_source,damaged_property1,damaged_property2,day_of_week_code,did_crash_occur_in_work_zone,did_involve_secondary_crash,flow_condition,icn,investigating_agency_descrip,light_condition_code,mile_station,nhs,non_intersection_direction,non_intersection_distance,non_intersection_units,number_of_lanes,objectid,railroad_crossing_number,road_alignment,road_defects,road_defects_code,road_surface_condition_code,roadway_functional_class,roadway_functional_class_code,route_number,sfe,toll,township,traffic_control_device_code,traffic_control_device_cond_code,trafficway_descrip,trafficway_description_code,ts_crash_coordinate_x,ts_crash_coordinate_y,ts_crash_latitude,ts_crash_longitude,type_report,urban_rural,weather_code,were_workers_present,work_zone,work_zone_related,work_zone_type
2024,2024-04-17,Wednesday,17,05:15 PM,Property Damage,No Injuries,0,0,0,0,0,3,Angle,15,N,N,Failing to Yield Right of Way,(N/A),Daylight,Clear,Dry,Y,,,,,Stop Sign,Functioning Properly,N,2,41.8979878,-87.8007352,ok,(UNK),1,2402097,2024,,2,99,50000 and OVER,9,4295,Oak Park,C,Urban Local Road or Street,,16,17,12597919,4,Cook,0,24,,,3,N,No,Free Flow,202401118111,City,1,0,N,,,,(UNK),136207,(N/A),(UNK),No Defects,1,1,Local Road or Street,7,,X003385507,Not Toll,73,2,4,Not Divided,1,2940699.74080527,1914233.12741368,41.89797998,-87.80072944,,Urban,1,N,(N/A),Y,(N/A)
2024,2024-04-17,Wednesday,18,06:55 PM,Property Damage,No Injuries,0,0,0,0,0,2,Turning,10,N,N,Failing to Yield Right of Way,Improper Overtaking/Passing,Daylight,Clear,Dry,N,,,,,No Controls,No Controls,N,2,41.8854544,-87.8029315,ok,(UNK),1,2402098,2024,,2,4,50000 and OVER,9,4295,Oak Park,C,Urban Local Road or Street,,16,17,12597923,4,Cook,0,24,,,3,N,No,Slow,202401118115,City,1,0,N,,,,(UNK),136209,(N/A),(UNK),No Defects,1,1,Local Road or Street,7,,X003385511,Not Toll,73,1,1,Not Divided,1,2940227.66413303,1909649.22209756,41.88544656,-87.80292573,,Urban,1,N,(N/A),Y,(N/A)
2024,2024-04-18,Thursday,8,08:50 AM,Property Damage,No Injuries,0,0,0,0,0,2,Front to Rear,11,N,N,Following Too Closely,Failing to Reduce Speed to Avoid Crash,Daylight,Clear,Dry,N,,,,,No Controls,Functioning Properly,N,2,41.8735085,-87.8045198,ok,Partial Access Control,3,03-24-06782,2024,,3,28,50000 and OVER,9,4295,Oak Park,C,Urban InterState,,16,18,12598640,4,Cook,0,24,,,4,N,No,(UNK),202401118712,ISP,1,7.69999981,Y,,,,(UNK),136651,(N/A),(UNK),No Defects,1,1,InterState,1,290,X003386114,Not Toll,73,1,4,Divided With Median Barrier,3,2939915.03003909,1905283.98977899,41.87350061,-87.80451401,,Urban,1,N,(N/A),Y,(N/A)
2024,2024-11-22,Friday,21,09:40 PM,Property Damage,No Injuries,0,0,0,0,0,2,Front to Rear,11,N,N,Following Too Closely,Failing to Reduce Speed to Avoid Crash,Darkness / Lighted Road,Clear,Dry,N,,,,,Other Regualtory Sig,Functioning Properly,N,2,41.871245,-87.774633,ok,Partial Access Control,3,03-24-23016,2024,,3,28,50000 and OVER,9,4295,Oak Park,C,Urban InterState,,16,22,12883013,11,Cook,0,24,,,5,N,No,(UNK),202401385855,ISP,5,9.18999958,Y,,,,(UNK),137347,(N/A),(UNK),No Defects,1,1,InterState,1,290,X003636663,Not Toll,73,10,4,Divided With Median Barrier,3,2948078.21781196,1904684.70748854,41.87123718,-87.77462718,,Urban,1,N,(N/A),Y,(N/A)
2024,2024-04-16,Tuesday,7,07:45 AM,Property Damage,No Injuries,0,0,0,0,0,2,Sideswipe Same Direction,12,N,N,Improper Overtaking/Passing,Unable to Determine,Daylight,Clear,Dry,Y,,,,,Traffic Signal,Functioning Properly,N,2,41.8885741,-87.8048413,ok,(UNK),1,2402111,2024,,4,18,50000 and OVER,9,4295,Oak Park,C,Urban Other Principal Arte,,16,16,12599609,4,Cook,0,24,,,2,N,No,Slow,202401119629,City,1,19.05999947,Y,,,,(UNK),138069,(N/A),(UNK),No Defects,1,1,Other Principal Arterial,3,348,X003387026,Not Toll,73,3,4,"Divided, No Median Barrier",2,2939676.29064754,1910771.77738313,41.88856627,-87.80483552,,Urban,1,N,(N/A),Y,(N/A)
2024,2024-04-18,Thursday,4,04:42 AM,Property Damage,No Injuries,0,0,0,0,0,2,Turning,10,N,N,Improper Turning/No Signal,Improper Lane Usage,Darkness / Lighted Road,Clear,Dry,Y,,,,,Traffic Signal,Functioning Properly,N,2,41.8736416,-87.8045258,ok,Partial Access Control,1,24-01196,2024,,6,20,50000 and OVER,9,4295,Oak Park,C,Urban InterState,,16,18,12599722,4,Cook,0,24,,,4,N,No,Slow,202401119740,City,5,0.23999999,Y,,,,(UNK),138146,(N/A),(UNK),No Defects,1,1,InterState,1,290,X003387137,Not Toll,73,3,4,Divided With Median Barrier,3,2939912.062394,1905332.46992192,41.87363377,-87.80452,,Urban,1,N,(N/A),Y,(N/A)
2024,2024-03-26,Tuesday,18,06:02 PM,Property Damage,No Injuries,0,0,0,0,0,3,Turning,10,N,N,Disregarding Traffic Signals,Improper Lane Usage,Daylight,Cloudy/Overcast,Wet,Y,,,,,Traffic Signal,Functioning Properly,Y,2,41.8759848,-87.804596,ok,(UNK),1,24-00967,2024,,25,20,50000 and OVER,9,4295,Oak Park,C,Urban Other Principal Arte,,16,26,12599725,3,Cook,0,24,,,2,N,No,Slow,202401119743,City,1,19.93000031,Y,,,,(UNK),138147,(N/A),(UNK),No Defects,1,2,Other Principal Arterial,3,348,X003387140,Not Toll,73,3,4,"Divided, No Median Barrier",2,2939869.42409853,1906185.8563321,41.875977,-87.80459022,,Urban,8,N,(N/A),Y,(N/A)
2024,2024-04-19,Friday,8,08:16 AM,Property Damage,No Injuries,0,0,0,0,0,3,Front to Rear,11,N,N,Failing to Reduce Speed to Avoid Crash,Distraction - From Outside Vehicle,Daylight,Clear,Dry,N,,,,,Other,Functioning Properly,N,3,41.8719143,-87.783828,ok,Partial Access Control,3,03-24-06848,2024,,28,40,50000 and OVER,9,4295,Oak Park,C,Urban InterState,,16,19,12600417,4,Cook,0,24,,,5,N,No,(UNK),202401120508,ISP,1,8.72999954,Y,,,,(UNK),139373,(N/A),(UNK),No Defects,1,1,InterState,1,290,X003387796,Not Toll,73,13,4,Divided With Median Barrier,3,2945566.9346103,1904858.90356671,41.87190645,-87.78382219,,Urban,1,N,(N/A),Y,(N/A)
2024,2024-04-19,Friday,8,08:04 AM,Property Damage,No Injuries,0,0,0,0,0,1,Parked Motor Vehicle,9,N,N,Failing to Yield Right of Way,Failing to Reduce Speed to Avoid Crash,Daylight,Clear,Dry,N,,,,,No Controls,No Controls,N,2,41.8689169,-87.7828039,ok,(UNK),1,2402130,2024,,2,28,50000 and OVER,9,4295,Oak Park,C,Urban Local Road or Street,,16,19,12602087,4,Cook,0,24,,,5,N,No,Slow,202401121855,City,1,0,N,,,,(UNK),140494,(N/A),(UNK),No Defects,1,1,Local Road or Street,7,,X003389140,Not Toll,73,1,1,One-Way,10,2945876.21413378,1903774.35407997,41.86890907,-87.78279813,,Urban,1,N,(N/A),Y,(N/A)
2024,2024-04-19,Friday,7,07:31 AM,Property Damage,No Injuries,0,0,0,0,0,2,Turning,10,N,N,Failing to Reduce Speed to Avoid Crash,(N/A),Daylight,Clear,Dry,N,,,,,Traffic Signal,Functioning Properly,N,2,41.8759272,-87.8045941,ok,(UNK),1,2402127,2024,,28,99,50000 and OVER,9,4295,Oak Park,C,Urban Other Principal Arte,,16,19,12602123,4,Cook,0,24,,,5,N,No,Free Flow,202401121887,City,1,19.93000031,Y,,,,(UNK),140514,(N/A),(UNK),No Defects,1,1,Other Principal Arterial,3,348,X003389171,Not Toll,73,3,4,"Divided, No Median Barrier",2,2939870.52929991,1906164.86462881,41.87591936,-87.80458829,,Urban,1,N,(N/A),Y,(N/A)
2024,2024-04-19,Friday,18,06:08 PM,Property Damage,No Injuries,0,0,0,0,0,1,Parked Motor Vehicle,9,N,N,Failing to Reduce Speed to Avoid Crash,(N/A),Daylight,Clear,Dry,N,,,,,No Controls,No Controls,N,2,41.8832553,-87.8037754,ok,(UNK),1,2402151,2024,,28,99,50000 and OVER,9,4295,Oak Park,C,Urban Local Road or Street,,16,19,12602180,4,Cook,0,24,,,5,N,No,Free Flow,202401121941,City,1,0,N,,,,(UNK),140551,(N/A),(UNK),No Defects,1,1,Local Road or Street,7,,X003389222,Not Toll,73,1,1,Not Divided,1,2940019.9363866,1908841.48038126,41.88324741,-87.80376962,,Urban,1,N,(N/A),Y,(N/A)
2024,2024-11-21,Thursday,13,01:30 PM,Property Damage,No Injuries,0,0,0,0,0,2,Sideswipe Same Direction,12,N,N,Improper Overtaking/Passing,Failing to Reduce Speed to Avoid Crash,Daylight,Snow,Snow or Slush,N,,,,,Traffic Signal,Functioning Properly,N,2,41.8736414,-87.8045244,ok,Partial Access Control,1,24-03855,2024,,4,28,50000 and OVER,9,4295,Oak Park,C,Urban InterState,,16,21,12884913,11,Cook,0,24,,,4,N,No,Free Flow,202401387420,City,1,0.23999999,Y,,,,(UNK),140880,(N/A),(UNK),No Defects,1,3,InterState,1,290,X003638255,Not Toll,73,3,4,Four Way,14,2939912.43881844,1905332.41939943,41.87363361,-87.80451863,,Urban,3,N,(N/A),Y,(N/A)
2024,2024-11-23,Saturday,1,01:01 AM,Injury,B Injury Crash,2,0,0,2,0,0,Angle,15,N,N,Disregarding Traffic Signals,(N/A),Darkness,Clear,Dry,Y,,,,,Traffic Signal,Functioning Properly,N,2,41.881718,-87.784511,ok,(UNK),1,2407102,2024,,25,99,50000 and OVER,9,4295,Oak Park,C,Urban Major Collector,,16,23,12885593,11,Cook,2,24,POLE,BUILDING 330 WASHINGTON,6,N,Yes,Free Flow,202401388055,City,4,1.02999997,N,,,,(UNK),141307,(N/A),(UNK),No Defects,1,1,Major Collector,5,5,X003638818,Not Toll,73,3,4,Four Way,14,2945281.68831981,1908426.37568582,41.88171012,-87.78450521,,Urban,1,N,(N/A),Y,(N/A)
2024,2024-04-10,Wednesday,23,11:25 PM,Property Damage,No Injuries,0,0,0,0,0,1,Other Object,7,N,N,Equipment-Vehicle Condition,Physical Condition of Driver,Darkness / Lighted Road,Clear,Dry,N,,,,,No Controls,No Controls,N,1,41.8924831,-87.8051706,ok,(UNK),1,2400427,2024,,10,17,50000 and OVER,9,4295,Oak Park,C,Urban Other Principal Arte,,16,10,12602866,4,Cook,0,24,BUSHES/LANDSCAPING,,3,N,No,Free Flow,202401122542,City,5,18.79000092,Y,,,,(UNK),141726,(N/A),(UNK),No Defects,1,1,Other Principal Arterial,3,348,X003389821,Not Toll,73,1,1,"Divided, No Median Barrier",2,2939547.39742191,1912193.8030627,41.89247523,-87.80516482,,Urban,1,N,(N/A),Y,(N/A)
2024,2024-04-22,Monday,17,05:00 PM,Property Damage,No Injuries,0,0,0,0,0,2,Sideswipe Same Direction,12,N,N,Improper Lane Usage,Failing to Reduce Speed to Avoid Crash,Daylight,Clear,Dry,N,,,,,Other Regualtory Sig,Functioning Properly,Y,2,41.8732575,-87.7994042,ok,Partial Access Control,3,03-24-07024,2024,,20,28,50000 and OVER,9,4295,Oak Park,C,Urban InterState,,16,22,12602886,4,Cook,0,24,,,1,N,No,(UNK),202401122557,ISP,1,7.92999983,Y,,,,(UNK),141735,(N/A),(UNK),No Defects,1,1,InterState,1,290,X003389838,Not Toll,73,10,4,Divided With Median Barrier,3,2941310.88157199,1905230.95984148,41.8732497,-87.79939838,,Urban,1,N,(N/A),Y,(N/A)
2024,2024-04-20,Saturday,18,06:20 PM,Property Damage,No Injuries,0,0,0,0,0,2,Sideswipe Same Direction,12,N,N,Improper Overtaking/Passing,Failing to Reduce Speed to Avoid Crash,Daylight,Clear,Dry,N,,,,,No Controls,No Controls,N,2,41.8704892,-87.8043962,ok,(UNK),1,2402192,2024,,4,28,50000 and OVER,9,4295,Oak Park,C,Urban Other Principal Arte,,16,20,12604097,4,Cook,0,24,,,6,N,No,Free Flow,202401123682,City,1,20.30999947,Y,,,,(UNK),142521,(N/A),(UNK),No Defects,1,1,Other Principal Arterial,3,348,X003390956,Not Toll,73,1,1,Not Divided,1,2939978.98876934,1904184.64675826,41.87048136,-87.80439042,,Urban,1,N,(N/A),Y,(N/A)
2024,2024-04-22,Monday,18,06:19 PM,Property Damage,No Injuries,0,0,0,0,0,2,Turning,10,N,N,Failing to Yield Right of Way,Improper Lane Usage,Daylight,Clear,Dry,Y,,,,,No Controls,No Controls,Y,2,41.8668794,-87.8042755,ok,(UNK),1,2402205,2024,,2,20,50000 and OVER,9,4295,Oak Park,C,Urban Other Principal Arte,,16,22,12604098,4,Cook,0,24,,,1,N,No,Free Flow,202401123683,City,1,20.55999947,Y,,,,(UNK),142522,(N/A),(UNK),No Defects,1,1,Other Principal Arterial,3,348,X003390957,Not Toll,73,1,1,Not Divided,1,2940048.08891062,1902870.06814115,41.86687153,-87.80426971,,Urban,1,N,(N/A),Y,(N/A)
2024,2024-04-22,Monday,12,12:04 PM,Property Damage,No Injuries,0,0,0,0,0,1,Parked Motor Vehicle,9,N,N,Unable to Determine,Failing to Reduce Speed to Avoid Crash,Daylight,Clear,Dry,N,,,,,No Controls,No Controls,Y,2,41.8798224,-87.7807929,ok,(UNK),1,2402189,2024,,18,28,50000 and OVER,9,4295,Oak Park,C,Urban Local Road or Street,,16,22,12604099,4,Cook,0,24,,,1,N,No,Stopped,202401123684,City,1,0,N,,,,(UNK),142523,(N/A),(UNK),No Defects,1,1,Local Road or Street,7,,X003390958,Not Toll,73,1,1,Not Divided,1,2946313.4728078,1907763.74318144,41.87981456,-87.78078707,,Urban,1,N,(N/A),Y,(N/A)
2024,2024-04-22,Monday,20,08:10 PM,Injury,C Injury Crash,1,0,0,0,1,1,Pedalcyclist,2,N,Y,Failing to Yield Right of Way,(N/A),Darkness / Lighted Road,Clear,Dry,Y,,,,,Traffic Signal,Functioning Properly,Y,1,41.9018941,-87.7838795,ok,(UNK),1,2402207,2024,,2,99,50000 and OVER,9,4295,Oak Park,C,Urban Major Collector,,16,22,12604101,4,Cook,1,24,,,1,N,No,Slow,202401123686,City,5,2.0999999,N,,,,(UNK),142525,(N/A),(UNK),No Defects,1,1,Major Collector,5,1394,X003390960,Not Toll,73,3,4,T-Intersection,15,2945249.36393362,1915783.71382984,41.90188622,-87.78387374,,Urban,1,N,(N/A),Y,(N/A)
2024,2024-04-22,Monday,21,09:18 PM,Injury,A Injury Crash,3,0,2,1,0,0,Angle,15,N,N,Disregarding Traffic Signals,Failing to Reduce Speed to Avoid Crash,Darkness / Lighted Road,Clear,Dry,Y,,,,,Traffic Signal,Functioning Properly,N,2,41.8817178,-87.7845162,ok,(UNK),1,2402208,2024,,25,28,50000 and OVER,9,4295,Oak Park,C,Urban Major Collector,,16,22,12604103,4,Cook,3,24,,,1,N,No,Free Flow,202401123688,City,5,1.02999997,N,,,,(UNK),142527,(N/A),(UNK),No Defects,1,1,Major Collector,5,5,X003390962,Not Toll,73,3,4,Four Way,14,2945280.28711036,1908426.29279433,41.88171,-87.78451036,,Urban,1,N,(N/A),Y,(N/A)
2024,2024-04-22,Monday,15,03:53 PM,Property Damage,No Injuries,0,0,0,0,0,3,Parked Motor Vehicle,9,N,N,Improper Backing,(N/A),Daylight,Clear,Dry,N,,,,,No Controls,No Controls,N,2,41.8827156,-87.7910809,ok,(UNK),1,2402195,2024,,30,99,50000 and OVER,9,4295,Oak Park,C,Urban Local Road or Street,,16,22,12604104,4,Cook,0,24,,,1,N,No,Free Flow,202401123689,City,1,0,N,,,,(UNK),142528,(N/A),(UNK),No Defects,1,1,Local Road or Street,7,,X003390963,Not Toll,73,1,1,Not Divided,1,2943482.42470528,1908740.29572208,41.88270771,-87.79107511,,Urban,1,N,(N/A),Y,(N/A)
2024,2024-11-22,Friday,16,04:49 PM,Property Damage,No Injuries,0,0,0,0,0,4,Front to Rear,11,N,N,Failing to Reduce Speed to Avoid Crash,Distraction - From Inside Vehicle,Daylight,Clear,Dry,Y,,,,,Traffic Signal,Functioning Properly,N,3,41.8945381,-87.7865215,ok,(UNK),1,2407092,2024,,28,41,50000 and OVER,9,4295,Oak Park,C,Urban Minor Arterial,,16,22,12886259,11,Cook,0,24,,,5,N,Yes,Slow,202401388667,City,1,3.53999996,N,,,,(UNK),143269,(N/A),(UNK),No Defects,1,1,Minor Arterial,4,1398,X003639433,Not Toll,73,3,4,Four Way,14,2944604.50335819,1913083.06242696,41.89453021,-87.78651573,,Urban,1,N,(N/A),Y,(N/A)
2024,2024-11-22,Friday,7,07:39 AM,Property Damage,No Injuries,0,0,0,0,0,3,Angle,15,N,N,Failing to Yield Right of Way,Driving Skills/Knowledge/Experience,Daylight,Cloudy/Overcast,Dry,N,,,,,No Controls,No Controls,N,2,41.8870441,-87.7846494,ok,(UNK),1,2407073,2024,,2,15,50000 and OVER,9,4295,Oak Park,C,Urban Major Collector,,16,22,12886263,11,Cook,0,24,,,5,N,No,Free Flow,202401388669,City,1,1.01999998,N,,,,(UNK),143270,(N/A),(UNK),No Defects,1,1,Major Collector,5,2783,X003639435,Not Toll,73,1,1,Not Divided,1,2945190.08975483,1910366.26591066,41.88703623,-87.78464362,,Urban,8,N,(N/A),Y,(N/A)
2024,2024-11-22,Friday,14,02:26 PM,Property Damage,No Injuries,0,0,0,0,0,1,Parked Motor Vehicle,9,N,N,(N/A),Unable to Determine,Daylight,Clear,Dry,N,,,,,No Controls,No Controls,N,2,41.872631,-87.7840459,ok,(UNK),1,2407079,2024,,99,18,50000 and OVER,9,4295,Oak Park,C,Urban Local Road or Street,,16,22,12886265,11,Cook,0,24,,,5,N,No,Slow,202401388670,City,1,0,N,,,,(UNK),143271,(N/A),(UNK),No Defects,1,1,Local Road or Street,7,,X003639436,Not Toll,73,1,1,Not Divided,1,2945500.32205772,1905118.44010765,41.87262316,-87.78404013,,Urban,1,N,(N/A),Y,(N/A)
2024,2024-11-22,Friday,6,06:40 AM,Property Damage,No Injuries,0,0,0,0,0,3,Sideswipe Same Direction,12,N,N,Improper Lane Usage,Failing to Reduce Speed to Avoid Crash,Daylight,Clear,Dry,N,,,,,No Controls,No Controls,N,2,41.8727381,-87.7744022,ok,(UNK),1,2407070,2024,,20,28,50000 and OVER,9,4295,Oak Park,C,Urban Minor Arterial,,16,22,12886267,11,Cook,0,24,,,5,N,No,Free Flow,202401388671,City,1,8.23999977,N,,,,(UNK),143272,(N/A),(UNK),No Defects,1,1,Minor Arterial,4,2790,X003639437,Not Toll,,1,1,Not Divided,1,2948125.90821727,1905230.55520789,41.87273023,-87.77439639,,Urban,1,N,(N/A),Y,(N/A)
2024,2024-11-22,Friday,16,04:27 PM,Property Damage,No Injuries,0,0,0,0,0,2,Front to Rear,11,N,N,Failing to Reduce Speed to Avoid Crash,(N/A),Dusk,Clear,Dry,Y,,,,,No Controls,No Controls,Y,2,41.879667,-87.8047358,ok,(UNK),1,2407083,2024,,28,99,50000 and OVER,9,4295,Oak Park,C,Urban Other Principal Arte,,16,22,12886269,11,Cook,0,24,,,5,N,No,Free Flow,202401388672,City,3,19.68000031,Y,,,,(UNK),143273,(N/A),(UNK),No Defects,1,1,Other Principal Arterial,3,348,X003639438,Not Toll,73,1,1,Not Divided,1,2939794.41883157,1907526.65885262,41.87965917,-87.80472996,,Urban,1,N,(N/A),Y,(N/A)
2024,2024-11-24,Sunday,2,02:39 AM,Injury,B Injury Crash,2,0,0,1,1,0,Front to Rear,11,N,N,Failing to Reduce Speed to Avoid Crash,(N/A),Darkness,Clear,Dry,N,,,,,No Controls,No Controls,N,2,41.8748596,-87.7744751,ok,(UNK),1,2407120,2024,,28,99,50000 and OVER,9,4295,Oak Park,C,Urban Minor Arterial,,16,24,12886275,11,Cook,2,24,TREE,,7,N,Yes,Free Flow,202401388675,City,4,8.06999969,N,,,,(UNK),143274,(N/A),(UNK),No Defects,1,1,Minor Arterial,4,2790,X003639441,Not Toll,,1,1,Not Divided,1,2948084.48133933,1906003.11760564,41.87485174,-87.77446934,,Urban,1,N,(N/A),Y,(N/A)
2024,2024-11-24,Sunday,6,06:29 AM,Property Damage,No Injuries,0,0,0,0,0,1,Fixed Object,6,N,N,Failing to Reduce Speed to Avoid Crash,(N/A),Daylight,Clear,Dry,Y,,,,,Traffic Signal,Functioning Properly,N,1,41.8711278,-87.7742958,ok,Partial Access Control,1,2407121,2024,,28,99,50000 and OVER,9,4295,Oak Park,C,Urban InterState,,16,24,12886278,11,Cook,0,24,CONCRETE BRIDGE,,7,N,No,Free Flow,202401388676,City,1,0,Y,,,,(UNK),143275,(N/A),(UNK),No Defects,1,1,InterState,1,290,X003639442,Not Toll,,3,4,Divided With Median Barrier,3,2948171.24961575,1904644.56578593,41.87112,-87.77429,,Urban,1,N,(N/A),Y,(N/A)
2024,2024-11-22,Friday,20,08:34 PM,Property Damage,No Injuries,0,0,0,0,0,2,Turning,10,N,N,Failing to Reduce Speed to Avoid Crash,Driving Skills/Knowledge/Experience,Darkness / Lighted Road,Clear,Dry,Y,,,,,Traffic Signal,Functioning Properly,N,2,41.8815878,-87.7943371,ok,(UNK),1,2407093,2024,,28,15,50000 and OVER,9,4295,Oak Park,C,Urban Major Collector,,16,22,12886284,11,Cook,0,24,,,5,N,No,Free Flow,202401388679,City,5,0.54000002,N,,,,(UNK),143277,(N/A),(UNK),No Defects,1,1,Major Collector,5,5,X003639445,Not Toll,73,3,4,Two-way Continuous Left-Tur,4,2942607.0474484,1908304.78762635,41.88157998,-87.79433127,,Urban,1,N,(N/A),Y,(N/A)
2024,2024-11-22,Friday,16,04:38 PM,Injury,B Injury Crash,1,0,0,1,0,2,Turning,10,N,N,Improper Overtaking/Passing,Improper Lane Usage,Daylight,Clear,Dry,N,,,,,No Controls,No Controls,Y,2,41.8882837,-87.7832468,ok,(UNK),1,2407097,2024,,4,20,50000 and OVER,9,4295,Oak Park,C,Urban Major Collector,,16,22,12886296,11,Cook,2,24,,,5,N,No,Free Flow,202401388688,City,1,0.92000002,N,,,,(UNK),143280,(N/A),(UNK),No Defects,1,1,Major Collector,5,1405,X003639454,Not Toll,73,1,1,Two-way Continuous Left-Tur,4,2945559.47275189,1910828.60926008,41.88827583,-87.78324104,,Urban,1,N,(N/A),Y,(N/A)
2024,2024-11-22,Friday,5,05:39 AM,Property Damage,No Injuries,0,0,0,0,0,2,Angle,15,N,N,Disregarding Stop Sign,Failing to Reduce Speed to Avoid Crash,Darkness / Lighted Road,Cloudy/Overcast,Dry,Y,,,,,Stop Sign,Functioning Properly,Y,2,41.881518,-87.798445,ok,(UNK),1,2407069,2024,,23,28,50000 and OVER,9,4295,Oak Park,C,Urban Major Collector,,16,22,12886299,11,Cook,0,24,,,5,N,No,Free Flow,202401388691,City,5,0.33000001,N,,,,(UNK),143281,(N/A),(UNK),No Defects,1,1,Major Collector,5,5,X003639457,Not Toll,73,2,4,"Divided, No Median Barrier",2,2941489.02439204,1908248.4354326,41.88151018,-87.7984392,,Urban,8,N,(N/A),Y,(N/A)
2024,2024-11-25,Monday,16,04:05 PM,Injury,B Injury Crash,1,0,0,1,0,2,Pedalcyclist,2,N,Y,Failing to Yield Right of Way,Failing to Reduce Speed to Avoid Crash,Darkness,Clear,Dry,Y,,,,,Stop Sign,Functioning Properly,N,1,41.8654164,-87.7777864,ok,(UNK),1,2407156,2024,,2,28,50000 and OVER,9,4295,Oak Park,C,Urban Other Principal Arte,,16,25,12886301,11,Cook,2,24,,,1,N,No,Free Flow,202401388692,City,4,7.36000013,Y,,,,(UNK),143282,(N/A),(UNK),No Defects,1,1,Other Principal Arterial,3,347,X003639458,Not Toll,56,2,4,Not Divided,1,2947278.42775266,1902536.71024242,41.86540853,-87.77778065,,Urban,1,N,(N/A),Y,(N/A)
2024,2024-11-21,Thursday,17,05:21 PM,Property Damage,No Injuries,0,0,0,0,0,4,Sideswipe Same Direction,12,N,N,Failing to Reduce Speed to Avoid Crash,Unable to Determine,Darkness / Lighted Road,Rain,Wet,N,,,,,No Controls,No Controls,Y,2,41.886971,-87.7851963,ok,(UNK),1,2407065,2024,,28,18,50000 and OVER,9,4295,Oak Park,C,Urban Local Road or Street,,16,21,12886303,11,Cook,0,24,,,4,N,No,Free Flow,202401388693,City,5,0,N,,,,(UNK),143283,(N/A),(UNK),No Defects,1,2,Local Road or Street,7,,X003639459,Not Toll,73,1,1,Not Divided,1,2945041.91392064,1910335.51071341,41.88696319,-87.78519048,,Urban,2,N,(N/A),Y,(N/A)
2024,2024-11-25,Monday,8,08:24 AM,Property Damage,No Injuries,0,0,0,0,0,2,Sideswipe Same Direction,12,N,N,Improper Overtaking/Passing,Failing to Reduce Speed to Avoid Crash,Daylight,Cloudy/Overcast,Wet,N,,,,,No Controls,No Controls,N,2,41.9089055,-87.8016529,ok,(UNK),1,2407138,2024,,4,28,50000 and OVER,9,4295,Oak Park,C,Urban Other Principal Arte,,16,25,12886304,11,Cook,0,24,,,1,N,No,Free Flow,202401388694,City,1,6.13000011,Y,,,,(UNK),143284,(N/A),(UNK),No Defects,1,2,Other Principal Arterial,3,307,X003639460,Not Toll,73,1,1,Not Divided,1,2940340.14693368,1918204.85784775,41.90889769,-87.80164711,,Urban,8,N,(N/A),Y,(N/A)
2024,2024-11-22,Friday,6,06:21 AM,Property Damage,No Injuries,0,0,0,0,0,2,Front to Rear,11,N,N,Failing to Reduce Speed to Avoid Crash,Following Too Closely,Darkness / Lighted Road,Snow,Dry,N,,,,,Other,Functioning Properly,Y,2,41.8709774,-87.7748435,ok,Partial Access Control,3,03-24-23007,2024,,28,3,50000 and OVER,9,4295,Oak Park,C,Urban InterState,,16,22,12886573,11,Cook,0,24,,,5,N,No,(UNK),202401388942,ISP,5,9.18000031,Y,,,,(UNK),143451,(N/A),(UNK),No Defects,1,1,InterState,1,290,X003639706,Not Toll,73,13,4,Divided With Median Barrier,3,2948023.58186444,1904585.58917296,41.87096958,-87.77483776,,Urban,3,N,(N/A),Y,(N/A)
2024,2024-04-23,Tuesday,7,07:52 AM,Property Damage,No Injuries,0,0,0,0,0,3,Front to Rear,11,N,N,Improper Overtaking/Passing,Failing to Reduce Speed to Avoid Crash,Daylight,Clear,Dry,Y,,,,,Traffic Signal,Functioning Properly,N,2,41.8819183,-87.7796146,ok,(UNK),1,2402214,2024,,4,28,50000 and OVER,9,4295,Oak Park,C,Urban Major Collector,,16,23,12605327,4,Cook,0,24,,,2,N,No,Free Flow,202401124828,City,1,1.29999995,N,,,,(UNK),144064,(N/A),(UNK),No Defects,1,1,Major Collector,5,5,X003392092,Not Toll,73,3,4,Not Divided,1,2946613.10958464,1908536.46491805,41.88191048,-87.77960879,,Urban,1,N,(N/A),Y,(N/A)
2024,2024-04-24,Wednesday,14,02:38 PM,Property Damage,No Injuries,0,0,0,0,0,1,Parked Motor Vehicle,9,N,N,Failing to Yield Right of Way,Failing to Reduce Speed to Avoid Crash,Daylight,Clear,Dry,N,,,,,Stop Sign,Functioning Properly,N,2,41.8671607,-87.7827006,ok,(UNK),1,2402245,2024,,2,28,50000 and OVER,9,4295,Oak Park,C,Urban Local Road or Street,,16,24,12605335,4,Cook,0,24,,,3,N,No,Slow,202401124836,City,1,0,N,,,,(UNK),144069,(N/A),(UNK),No Defects,1,1,Local Road or Street,7,,X003392100,Not Toll,73,2,4,Not Divided,1,2945922.12816854,1903135.12365914,41.86715281,-87.78269486,,Urban,1,N,(N/A),Y,(N/A)