crash_year,crash_date,day_of_week,crash_hour,time_of_crash,crash_severity,crash_injury_severity,total_injured,total_fatals,a_injuries,b_injuries,c_injuries,no_injuries,type_of_first_crash,collision_type_code,pedestrian_involved,pedalcyclist_involved,cause1,cause2,lighting_cond,weather_cond,road_surface_cond,intersection_related,is_intersection,highway_or_street_name,at_intersection_with,address_no,traffic_control_device,traffic_control_device_cond,hit_and_run,number_of_vehicles,latitude,longitude,location_status,access_control,agency_code,agency_report_number,agency_report_year,alignment_code,cause1_code,cause2_code,city_class,city_class_code,city_code,city_name,city_township_flag,class_of_trafficway,class_of_trafficway_code,county_code,crash_day,crash_id,crash_month,crash_report_county,crash_severity_cd,crash_yr_source,damaged_property1,damaged_property2,day_of_week_code,did_crash_occur_in_work_zone,did_involve_secondary_crash,flow_condition,icn,investigating_agency_descrip,light_condition_code,mile_station,nhs,non_intersection_direction,non_intersection_distance,non_intersection_units,number_of_lanes,objectid,railroad_crossing_number,road_alignment,road_defects,road_defects_code,road_surface_condition_code,roadway_functional_class,roadway_functional_class_code,route_number,sfe,toll,township,traffic_control_device_code,traffic_control_device_cond_code,trafficway_descrip,trafficway_description_code,ts_crash_coordinate_x,ts_crash_coordinate_y,ts_crash_latitude,ts_crash_longitude,type_report,urban_rural,weather_code,were_workers_present,work_zone,work_zone_related,work_zone_type
2024,2024-04-24,Wednesday,11,11:13 AM,Property Damage,No Injuries,0,0,0,0,0,2,Angle,15,N,N,Failing to Yield Right of Way,Failing to Reduce Speed to Avoid Crash,Daylight,Clear,Dry,Y,,,,,Stop Sign,Functioning Properly,N,2,41.8852163,-87.7846039,ok,(UNK),1,2402237,2024,,2,28,50000 and OVER,9,4295,Oak Park,C,Urban Major Collector,,16,24,12605337,4,Cook,0,24,,,3,N,No,Free Flow,202401124838,City,1,1.14999998,N,,,,(UNK),144071,(N/A),(UNK),No Defects,1,1,Major Collector,5,2783,X003392102,Not Toll,73,2,4,"Divided, No Median Barrier",2,2945220.99560933,1909700.54149705,41.88520848,-87.78459806,,Urban,1,N,(N/A),Y,(N/A)
2024,2024-04-24,Wednesday,15,03:02 PM,Property Damage,No Injuries,0,0,0,0,0,2,Sideswipe Same Direction,12,N,N,Improper Lane Usage,(N/A),Daylight,Clear,Dry,N,,,,,No Controls,No Controls,N,2,41.8943659,-87.7946741,ok,(UNK),1,2402246,2024,,20,99,50000 and OVER,9,4295,Oak Park,C,Urban Major Collector,,16,24,12605906,4,Cook,0,24,,,3,N,No,Free Flow,202401125255,City,1,5.11999989,N,,,,(UNK),144440,(N/A),(UNK),No Defects,1,1,Major Collector,5,2775,X003392497,Not Toll,73,1,1,"Divided, No Median Barrier",2,2942386.48243671,1912958.8350381,41.8943581,-87.79466827,,Urban,1,N,(N/A),Y,(N/A)
2024,2024-04-24,Wednesday,16,04:30 PM,Property Damage,No Injuries,0,0,0,0,0,2,Turning,10,N,N,Failing to Reduce Speed to Avoid Crash,Unable to Determine,Daylight,Clear,Dry,Y,,,,,Traffic Signal,Functioning Properly,Y,2,41.8796689,-87.8047358,ok,(UNK),1,2402248,2024,,28,18,50000 and OVER,9,4295,Oak Park,C,Urban Other Principal Arte,,16,24,12605908,4,Cook,0,24,,,3,N,No,Free Flow,202401125257,City,1,19.68000031,Y,,,,(UNK),144442,(N/A),(UNK),No Defects,1,1,Other Principal Arterial,3,348,X003392499,Not Toll,73,3,4,Not Divided,1,2939794.38526954,1907527.35090777,41.87966107,-87.80473002,,Urban,1,N,(N/A),Y,(N/A)
2024,2024-11-23,Saturday,18,06:32 PM,Property Damage,No Injuries,0,0,0,0,0,3,Sideswipe Same Direction,12,N,N,Improper Overtaking/Passing,Failing to Reduce Speed to Avoid Crash,Darkness / Lighted Road,Clear,Dry,N,,,,,Other Regualtory Sig,Functioning Properly,Y,3,41.8728418,-87.7976763,ok,Partial Access Control,3,03-24-23028,2024,,4,28,50000 and OVER,9,4295,Oak Park,C,Urban InterState,,16,23,12887058,11,Cook,0,24,,,6,N,No,(UNK),202401389398,ISP,5,8.02000046,Y,,,,(UNK),144530,(N/A),(UNK),No Defects,1,1,InterState,1,290,X003640162,Not Toll,73,10,4,Divided With Median Barrier,3,2941785.69671607,1905092.45335115,41.87283398,-87.79767045,,Urban,1,N,(N/A),Y,(N/A)
2024,2024-11-23,Saturday,18,06:54 PM,Property Damage,No Injuries,0,0,0,0,0,3,Sideswipe Same Direction,12,N,N,Improper Overtaking/Passing,Improper Lane Usage,Darkness / Lighted Road,Clear,Dry,N,,,,,Other Regualtory Sig,Functioning Properly,N,2,41.8719243,-87.7839754,ok,Partial Access Control,3,03-24-23025,2024,,4,20,50000 and OVER,9,4295,Oak Park,C,Urban InterState,,16,23,12887059,11,Cook,0,24,,,6,N,No,(UNK),202401389399,ISP,5,8.72000027,Y,,,,(UNK),144531,(N/A),(UNK),No Defects,1,1,InterState,1,290,X003640163,Not Toll,73,10,4,Divided With Median Barrier,3,2945526.6751151,1904861.42248039,41.87191642,-87.78396963,,Urban,1,N,(N/A),Y,(N/A)
2024,2024-11-23,Saturday,20,08:20 PM,Property Damage,No Injuries,0,0,0,0,0,3,Front to Rear,11,N,N,Following Too Closely,Failing to Reduce Speed to Avoid Crash,Darkness / Lighted Road,Clear,Dry,N,,,,,Other Regualtory Sig,Functioning Properly,N,2,41.87332,-87.8025906,ok,Partial Access Control,3,03-24-23042,2024,,3,28,50000 and OVER,9,4295,Oak Park,C,Urban InterState,,16,23,12887060,11,Cook,0,24,,,6,N,No,(UNK),202401389401,ISP,5,7.78999996,Y,,,,(UNK),144532,(N/A),(UNK),No Defects,1,1,InterState,1,290,X003640164,Not Toll,73,10,4,Divided With Median Barrier,3,2940442.36363686,1905229.78747289,41.87331216,-87.80258484,,Urban,1,N,(N/A),Y,(N/A)
2024,2024-11-18,Monday,12,12:00 PM,Property Damage,No Injuries,0,0,0,0,0,4,Front to Rear,11,N,N,Following Too Closely,Failing to Reduce Speed to Avoid Crash,Daylight,Rain,Dry,N,,,,,Other Regualtory Sig,Functioning Properly,Y,4,41.8734722,-87.804153,ok,Partial Access Control,3,03-24-22818,2024,,3,28,50000 and OVER,9,4295,Oak Park,C,Urban InterState,,16,18,12887207,11,Cook,0,24,,,1,N,No,(UNK),202401389541,ISP,1,7.71999979,Y,,,,(UNK),144644,(N/A),(UNK),No Defects,1,1,InterState,1,290,X003640304,Not Toll,73,10,4,Divided With Median Barrier,3,2940015.30003591,1905273.53422661,41.87346437,-87.8041472,,Urban,2,N,(N/A),Y,(N/A)
2024,2024-11-27,Wednesday,3,03:35 AM,Injury,B Injury Crash,1,0,0,1,0,1,Front to Rear,11,N,N,Following Too Closely,Failing to Reduce Speed to Avoid Crash,Darkness / Lighted Road,Clear,Dry,N,,,,,Other Regualtory Sig,Functioning Properly,N,2,41.8718809,-87.7834633,ok,Partial Access Control,3,03-24-23274,2024,,3,28,50000 and OVER,9,4295,Oak Park,C,Urban InterState,,16,27,12887209,11,Cook,2,24,,,3,N,No,(UNK),202401389543,ISP,5,8.73999977,Y,,,,(UNK),144646,(N/A),(UNK),No Defects,1,1,InterState,1,290,X003640306,Not Toll,73,10,4,Divided With Median Barrier,3,2945666.61581098,1904849.51032296,41.8718731,-87.78345746,,Urban,1,N,(N/A),Y,(N/A)
2024,2024-11-26,Tuesday,8,08:41 AM,Property Damage,No Injuries,0,0,0,0,0,1,Parked Motor Vehicle,9,N,N,Improper Lane Usage,Failing to Reduce Speed to Avoid Crash,Darkness,Clear,Dry,N,,,,,No Controls,No Controls,Y,2,41.8671409,-87.783837,ok,(UNK),1,2407167,2024,,20,28,50000 and OVER,9,4295,Oak Park,C,Urban Local Road or Street,,16,26,12887372,11,Cook,0,24,,,2,N,No,Free Flow,202401389697,City,4,0,N,,,,(UNK),144769,(N/A),(UNK),No Defects,1,1,Local Road or Street,7,,X003640461,Not Toll,73,1,1,Not Divided,1,2945612.78950832,1903119.3426858,41.8671331,-87.78383122,,Urban,1,N,(N/A),Y,(N/A)
2024,2024-11-26,Tuesday,12,12:05 PM,Injury,B Injury Crash,1,0,0,1,0,3,Sideswipe Same Direction,12,N,N,Improper Lane Usage,Failing to Reduce Speed to Avoid Crash,Daylight,Clear,Dry,N,,,,,No Controls,No Controls,N,3,41.8704357,-87.8043951,ok,(UNK),1,2407177,2024,,20,28,50000 and OVER,9,4295,Oak Park,C,Urban Other Principal Arte,,16,26,12887373,11,Cook,2,24,,,2,N,Yes,Free Flow,202401389698,City,1,20.30999947,Y,,,,(UNK),144770,(N/A),(UNK),No Defects,1,1,Other Principal Arterial,3,348,X003640462,Not Toll,73,1,1,Not Divided,1,2939979.82861026,1904165.16226652,41.87042787,-87.8043893,,Urban,1,N,(N/A),Y,(N/A)
2024,2024-04-25,Thursday,20,08:56 PM,Injury,B Injury Crash,1,0,0,1,0,3,Angle,15,N,N,Failing to Yield Right of Way,(N/A),Darkness / Lighted Road,Clear,Dry,Y,,,,,No Controls,No Controls,N,2,41.8779416,-87.7941779,ok,(UNK),1,2402268,2024,,2,99,50000 and OVER,9,4295,Oak Park,C,Urban Major Collector,,16,25,12607724,4,Cook,2,24,,,4,N,No,Free Flow,202401126997,City,5,6.28999996,N,,,,(UNK),146428,(N/A),(UNK),No Defects,1,1,Major Collector,5,2775,X003394205,Not Toll,73,1,1,Four Way,14,2942687.15508953,1906977.22029973,41.87793371,-87.79417207,,Urban,1,N,(N/A),Y,(N/A)
2024,2024-04-26,Friday,0,00:24 AM,Injury,B Injury Crash,1,0,0,1,0,1,Pedestrian,1,Y,N,Unable to Determine,(N/A),Darkness / Lighted Road,Clear,Dry,Y,,,,,Traffic Signal,Functioning Properly,Y,1,41.8736413,-87.8045235,ok,Partial Access Control,1,2402271,2024,,18,99,50000 and OVER,9,4295,Oak Park,C,Urban InterState,,16,26,12607725,4,Cook,2,24,,,5,N,No,Stopped,202401126998,City,5,20.10000038,Y,,,,(UNK),146429,(N/A),(UNK),No Defects,1,1,InterState,1,348,X003394206,Not Toll,73,3,4,T-Intersection,15,2939912.68392216,1905332.38650239,41.8736335,-87.80451773,,Urban,1,N,(N/A),Y,(N/A)
2024,2024-04-23,Tuesday,7,07:25 AM,Property Damage,No Injuries,0,0,0,0,0,2,Front to Rear,11,N,N,Unable to Determine,Unable to Determine,Daylight,Cloudy/Overcast,Dry,N,,,,,No Controls,No Controls,N,2,41.8816965,-87.7862297,ok,(UNK),1,2402215,2024,,18,18,50000 and OVER,9,4295,Oak Park,C,Urban Major Collector,,16,23,12607726,4,Cook,0,24,,,2,N,No,Slow,202401126999,City,1,0.94999999,N,,,,(UNK),146430,(N/A),(UNK),No Defects,1,1,Major Collector,5,5,X003394207,Not Toll,73,1,1,Not Divided,1,2944813.86078341,1908405.54898355,41.88168862,-87.78622386,,Urban,8,N,(N/A),Y,(N/A)
2024,2024-11-21,Thursday,19,07:26 PM,Property Damage,No Injuries,0,0,0,0,0,3,Front to Rear,11,N,N,Following Too Closely,Failing to Reduce Speed to Avoid Crash,Darkness / Lighted Road,Rain,Wet,Y,,,,,Other,Functioning Properly,Y,2,41.8736197,-87.8041619,ok,Partial Access Control,3,03-24-22886,2024,,3,28,50000 and OVER,9,4295,Oak Park,C,Urban InterState,,16,21,12888286,11,Cook,0,24,,,4,N,No,(UNK),202401390662,ISP,5,0.23999999,Y,,,,(UNK),146912,(N/A),(UNK),No Defects,1,2,InterState,1,290,X003641332,Not Toll,73,13,4,Divided With Median Barrier,3,2940011.3870959,1905327.22177341,41.87361188,-87.80415613,,Urban,2,N,(N/A),Y,(N/A)
2024,2024-11-28,Thursday,16,04:33 PM,Injury,B Injury Crash,1,0,0,1,0,2,Front to Rear,11,N,N,Following Too Closely,Failing to Reduce Speed to Avoid Crash,Darkness / Lighted Road,Clear,Dry,N,,,,,Other Regualtory Sig,Functioning Properly,Y,2,41.8737786,-87.8045294,ok,Partial Access Control,3,03-24-23368,2024,,3,28,50000 and OVER,9,4295,Oak Park,C,Urban InterState,,16,28,12888335,11,Cook,2,24,,,4,N,Yes,(UNK),202401390711,ISP,5,7.69999981,Y,,,,(UNK),146948,(N/A),(UNK),No Defects,1,1,InterState,1,290,X003641381,Not Toll,73,10,4,Divided With Median Barrier,3,2939909.70981297,1905382.34783524,41.87377072,-87.80452359,,Urban,1,N,(N/A),Y,(N/A)
2024,2024-11-21,Thursday,9,09:30 AM,Property Damage,No Injuries,0,0,0,0,0,2,Front to Rear,11,N,N,Following Too Closely,Weather,Daylight,Snow,Snow or Slush,N,,,,,Other Regualtory Sig,Functioning Properly,N,2,41.8709658,-87.7746573,ok,Partial Access Control,3,03-24-22851,2024,,3,11,50000 and OVER,9,4295,Oak Park,C,Urban InterState,,16,21,12888453,11,Cook,0,24,,,4,N,No,(UNK),202401390823,ISP,1,9.18999958,Y,,,,(UNK),147033,(N/A),(UNK),No Defects,1,3,InterState,1,290,X003641494,Not Toll,73,10,4,Divided With Median Barrier,3,2948074.41918786,1904582.78053922,41.87095799,-87.77465155,,Urban,3,N,(N/A),Y,(N/A)
2024,2024-11-30,Saturday,0,00:40 AM,Property Damage,No Injuries,0,0,0,0,0,2,Turning,10,N,N,Unable to Determine,Unable to Determine,Darkness / Lighted Road,Clear,Dry,Y,,,,,Traffic Signal,Functioning Properly,N,2,41.8736414,-87.804524,ok,Partial Access Control,2,SH-24-00444031,2024,,18,18,50000 and OVER,9,4295,Oak Park,C,Urban InterState,,16,30,12888901,11,Cook,0,24,,,6,N,No,Free Flow,202401391254,County,5,0.23999999,Y,,,,(UNK),147363,(N/A),(UNK),No Defects,1,1,InterState,1,290,X003641926,Not Toll,73,3,4,Not Divided,1,2939912.56895096,1905332.40193346,41.87363355,-87.80451815,,Urban,1,N,(N/A),Y,(N/A)
2024,2024-04-26,Friday,18,06:10 PM,Property Damage,No Injuries,0,0,0,0,0,2,Turning,10,N,N,Improper Lane Usage,Improper Turning/No Signal,Daylight,Cloudy/Overcast,Unknown,Y,,,,,Traffic Signal,Functioning Properly,N,2,41.8736415,-87.8045252,ok,Partial Access Control,1,24-01321,2024,,20,6,50000 and OVER,9,4295,Oak Park,C,Urban InterState,,16,26,12608301,4,Cook,0,24,,,5,N,No,Slow,202401127544,City,1,0.23999999,Y,,,,(UNK),147576,(N/A),(UNK),No Defects,1,9,InterState,1,290,X003394755,Not Toll,73,3,4,Divided With Median Barrier,3,2939912.22460723,1905332.44815018,41.8736337,-87.80451941,,Urban,8,N,(N/A),Y,(N/A)
2024,2024-04-15,Monday,7,07:47 AM,Property Damage,No Injuries,0,0,0,0,0,2,Front to Rear,11,N,N,Following Too Closely,Failing to Reduce Speed to Avoid Crash,Daylight,Clear,Dry,N,,,,,Other,Functioning Properly,N,2,41.8713581,-87.7803029,ok,Partial Access Control,3,03-24-06565,2024,,3,28,50000 and OVER,9,4295,Oak Park,C,Urban InterState,,16,15,12608672,4,Cook,0,24,,,1,N,No,(UNK),202401127903,ISP,1,8.90999985,Y,,,,(UNK),147857,(N/A),(UNK),No Defects,1,1,InterState,1,290,X003395114,Not Toll,73,13,4,Divided With Median Barrier,3,2946532.70598694,1904682.89597545,41.87135023,-87.78029714,,Urban,1,N,(N/A),Y,(N/A)
2024,2024-04-27,Saturday,22,10:24 PM,Injury,B Injury Crash,1,0,0,1,0,1,Front to Rear,11,N,N,Following Too Closely,Improper Lane Usage,Darkness / Lighted Road,Clear,Dry,N,,,,,Other Regualtory Sig,Functioning Properly,N,2,41.871861,-87.786449,ok,Partial Access Control,3,03-24-07359,2024,,3,20,50000 and OVER,9,4295,Oak Park,C,Urban InterState,,16,27,12609055,4,Cook,2,24,,,6,N,No,(UNK),202401128278,ISP,5,8.59000015,Y,,,,(UNK),148107,(N/A),(UNK),No Defects,1,1,InterState,1,290,X003395489,Not Toll,,10,4,Divided With Median Barrier,3,2944853.58334084,1904819.66247512,41.87186099,-87.78644898,,Urban,1,N,(N/A),Y,(N/A)
2024,2024-04-23,Tuesday,16,04:10 PM,Property Damage,No Injuries,0,0,0,0,0,2,Sideswipe Same Direction,12,N,N,Improper Lane Usage,Failing to Reduce Speed to Avoid Crash,Daylight,Clear,Dry,N,,,,,Other Regualtory Sig,Functioning Properly,N,2,41.8715248,-87.779096,ok,Partial Access Control,3,03-24-07079,2024,,20,28,50000 and OVER,9,4295,Oak Park,C,Urban InterState,,16,23,12610480,4,Cook,0,24,,,2,N,No,(UNK),202401129298,ISP,1,8.97000027,Y,,,,(UNK),149506,(N/A),(UNK),No Defects,1,1,InterState,1,290,X003396509,Not Toll,73,10,4,Divided With Median Barrier,3,2946859.76382657,1904752.79463033,41.87151694,-87.77909018,,Urban,1,N,(N/A),Y,(N/A)
2024,2024-04-26,Friday,15,03:37 PM,Injury,B Injury Crash,1,0,0,1,0,1,Angle,15,N,N,Failing to Yield Right of Way,Failing to Reduce Speed to Avoid Crash,Daylight,Rain,Wet,Y,,,,,Stop Sign,Functioning Properly,N,2,41.8705449,-87.7991837,ok,(UNK),1,2402286,2024,,2,28,50000 and OVER,9,4295,Oak Park,C,Urban Local Road or Street,,16,26,12610528,4,Cook,2,24,TREE,,5,N,No,Free Flow,202401129339,City,1,0,N,,,,(UNK),149694,(N/A),(UNK),No Defects,1,2,Local Road or Street,7,,X003396550,Not Toll,73,2,4,Not Divided,1,2941398.22596365,1904244.06365346,41.87053701,-87.79917785,,Urban,2,N,(N/A),Y,(N/A)
2024,2024-04-26,Friday,17,05:34 PM,Injury,B Injury Crash,1,0,0,1,0,1,Front to Rear,11,N,N,Failing to Reduce Speed to Avoid Crash,(N/A),Daylight,Rain,Wet,N,,,,,No Controls,No Controls,N,2,41.8796936,-87.7989993,ok,(UNK),1,2402289,2024,,28,99,50000 and OVER,9,4295,Oak Park,C,Urban Minor Arterial,,16,26,12610535,4,Cook,2,24,,,5,N,No,Stopped,202401129346,City,1,3.3599999,N,,,,(UNK),149699,(N/A),(UNK),No Defects,1,2,Minor Arterial,4,1419,X003396557,Not Toll,73,1,1,Not Divided,1,2941356.42561095,1907579.41638246,41.87968576,-87.79899349,,Urban,2,N,(N/A),Y,(N/A)
2024,2024-04-26,Friday,18,06:33 PM,Property Damage,No Injuries,0,0,0,0,0,3,Angle,15,N,N,Failing to Yield Right of Way,(N/A),Daylight,Clear,Wet,N,,,,,No Controls,No Controls,N,2,41.880956,-87.7795779,ok,(UNK),1,2402290,2024,,2,99,50000 and OVER,9,4295,Oak Park,C,Urban Local Road or Street,,16,26,12610537,4,Cook,0,24,,,5,N,No,Slow,202401129348,City,1,0.49000001,N,,,,(UNK),149701,(N/A),(UNK),No Defects,1,2,Local Road or Street,7,3794,X003396559,Not Toll,73,1,1,Not Divided,1,2946632.86590549,1908186.04220067,41.88094813,-87.77957208,,Urban,1,N,(N/A),Y,(N/A)
2024,2024-04-26,Friday,22,10:47 PM,Property Damage,No Injuries,0,0,0,0,0,2,Front to Rear,11,N,N,Failing to Reduce Speed to Avoid Crash,(N/A),Darkness / Lighted Road,Clear,Dry,N,,,,,No Controls,No Controls,Y,2,41.9087295,-87.8057798,ok,(UNK),1,2402294,2024,,28,99,50000 and OVER,9,4295,Oak Park,C,Urban Other Principal Arte,,16,26,12610538,4,Cook,0,24,,,5,N,No,Free Flow,202401129349,City,5,17.67000008,Y,,,,(UNK),149702,(N/A),(UNK),No Defects,1,1,Other Principal Arterial,3,348,X003396560,Not Toll,73,1,1,Not Divided,1,2939218.51599751,1918109.73537425,41.90872163,-87.80577397,,Urban,1,N,(N/A),Y,(N/A)
2024,2024-04-28,Sunday,11,11:14 AM,Property Damage,No Injuries,0,0,0,0,0,3,Angle,15,N,N,Unable to Determine,Unable to Determine,Daylight,Cloudy/Overcast,Wet,N,,,,,No Controls,No Controls,N,2,41.8871905,-87.8023053,ok,(UNK),1,2402316,2024,,18,18,50000 and OVER,9,4295,Oak Park,C,Urban Major Collector,,16,28,12610559,4,Cook,0,24,,,7,N,No,Free Flow,202401129366,City,1,0.13,N,,,,(UNK),149712,(N/A),(UNK),No Defects,1,2,Major Collector,5,1405,X003396578,Not Toll,73,1,1,One-Way,10,2940380.76001732,1910286.57853256,41.88718263,-87.80229949,,Urban,8,N,(N/A),Y,(N/A)
2024,2024-04-28,Sunday,16,04:16 PM,Property Damage,No Injuries,0,0,0,0,0,2,Front to Rear,11,N,N,Failing to Reduce Speed to Avoid Crash,Following Too Closely,Daylight,Clear,Dry,N,,,,,Other Regualtory Sig,Functioning Properly,N,2,41.873608,-87.8026127,ok,Partial Access Control,3,03-24-07416,2024,,28,3,50000 and OVER,9,4295,Oak Park,C,Urban InterState,,16,28,12610597,4,Cook,0,24,,,7,N,No,(UNK),202401129402,ISP,1,7.78999996,Y,,,,(UNK),149739,(N/A),(UNK),No Defects,1,1,InterState,1,290,X003396613,Not Toll,73,10,4,Divided With Median Barrier,3,2940433.46881968,1905334.56330258,41.87360013,-87.80260688,,Urban,1,N,(N/A),Y,(N/A)
2024,2024-04-29,Monday,7,07:27 AM,Property Damage,No Injuries,0,0,0,0,0,3,Turning,10,N,N,Failing to Yield Right of Way,Failing to Reduce Speed to Avoid Crash,Daylight,Rain,Wet,Y,,,,,Traffic Signal,Functioning Properly,N,2,41.8762745,-87.7843658,ok,(UNK),1,2402328,2024,,2,28,50000 and OVER,9,4295,Oak Park,C,Urban Major Collector,,16,29,12611095,4,Cook,0,24,,,1,N,No,Free Flow,202401129850,City,1,1.77999997,N,,,,(UNK),150067,(N/A),(UNK),No Defects,1,2,Major Collector,5,2783,X003397067,Not Toll,73,3,4,"Divided, No Median Barrier",2,2945376.31797911,1906443.76578762,41.87626663,-87.78436003,,Urban,2,N,(N/A),Y,(N/A)
2024,2024-04-29,Monday,9,09:15 AM,Property Damage,No Injuries,0,0,0,0,0,2,Front to Rear,11,N,N,Failing to Reduce Speed to Avoid Crash,Following Too Closely,Daylight,Clear,Wet,Y,,,,,No Controls,No Controls,N,2,41.8918356,-87.8051511,ok,(UNK),1,2402330,2024,,28,3,50000 and OVER,9,4295,Oak Park,C,Urban Other Principal Arte,,16,29,12611101,4,Cook,0,24,,,1,N,No,Free Flow,202401129852,City,1,18.82999992,Y,,,,(UNK),150069,(N/A),(UNK),No Defects,1,2,Other Principal Arterial,3,348,X003397069,Not Toll,73,1,1,Not Divided,1,2939559.22156426,1911958.01506976,41.8918278,-87.80514525,,Urban,1,N,(N/A),Y,(N/A)
2024,2024-04-29,Monday,9,09:16 AM,Property Damage,No Injuries,0,0,0,0,0,2,Front to Rear,11,N,N,Following Too Closely,Failing to Reduce Speed to Avoid Crash,Daylight,Clear,Dry,N,,,,,Traffic Signal,Functioning Properly,N,2,41.8797203,-87.7943135,ok,(UNK),1,2402329,2024,,3,28,50000 and OVER,9,4295,Oak Park,C,Urban Minor Arterial,,16,29,12611102,4,Cook,0,24,,,1,N,No,Slow,202401129853,City,1,3.5999999,N,,,,(UNK),150070,(N/A),(UNK),No Defects,1,1,Minor Arterial,4,1419,X003397070,Not Toll,73,3,4,"Divided, No Median Barrier",2,2942632.28776726,1907624.40938772,41.87971247,-87.7943077,,Urban,1,N,(N/A),Y,(N/A)
2024,2024-04-29,Monday,8,08:58 AM,Injury,C Injury Crash,1,0,0,0,1,1,Other Object,7,N,N,Unable to Determine,Failing to Yield Right of Way,Darkness / Lighted Road,Rain,Wet,Y,,,,,No Controls,No Controls,Y,1,41.8820977,-87.7763526,ok,(UNK),1,2402332,2024,,18,2,50000 and OVER,9,4295,Oak Park,C,Urban Major Collector,,16,29,12611648,4,Cook,1,24,,,1,N,No,Free Flow,202401130464,City,5,1.46000004,N,,,,(UNK),150422,(N/A),(UNK),No Defects,1,2,Major Collector,5,5,X003397567,Not Toll,73,1,1,"Divided, No Median Barrier",2,2947499.62680821,1908626.57010023,41.88208985,-87.77634681,,Urban,2,N,(N/A),Y,(N/A)
2024,2024-04-29,Monday,15,03:28 PM,Property Damage,No Injuries,0,0,0,0,0,1,Parked Motor Vehicle,9,N,N,Failing to Reduce Speed to Avoid Crash,(N/A),Daylight,Clear,Unknown,N,,,,,No Controls,No Controls,N,2,41.8815505,-87.7967805,ok,(UNK),1,2402343,2024,,28,99,50000 and OVER,9,4295,Oak Park,C,Urban Major Collector,,16,29,12611653,4,Cook,0,24,,,1,N,No,Free Flow,202401130469,City,1,0.41,N,,,,(UNK),151150,(N/A),(UNK),No Defects,1,9,Major Collector,5,5,X003397572,Not Toll,73,1,1,"Divided, No Median Barrier",2,2941941.98281467,1908272.79833809,41.88154268,-87.79677475,,Urban,1,N,(N/A),Y,(N/A)
2024,2024-04-30,Tuesday,7,07:45 AM,Property Damage,No Injuries,0,0,0,0,0,2,Sideswipe Same Direction,12,N,N,(N/A),Improper Overtaking/Passing,Daylight,Clear,Dry,Y,,,,,Traffic Signal,Functioning Properly,Y,2,41.9092475,-87.7755634,ok,(UNK),1,JH244828,2024,,99,4,50000 and OVER,9,4295,Oak Park,C,Urban Other Principal Arte,,16,30,12611881,4,Cook,0,24,,,2,N,No,Stopped,202401130760,City,1,7.48000002,Y,,,,(UNK),151295,(N/A),(UNK),Unknown,99,1,Other Principal Arterial,3,307,X003397787,Not Toll,,3,4,Not Divided,1,2947438.66888866,1918526.47457795,41.90923963,-87.7755576,,Urban,1,N,(N/A),N,(N/A)
2024,2024-04-18,Thursday,2,02:30 AM,Injury,B Injury Crash,2,0,0,2,0,0,Front to Rear,11,N,N,Under Influence of Alcohol/Drugs,Failing to Reduce Speed to Avoid Crash,Darkness / Lighted Road,Clear,Dry,N,,,,,Other,Functioning Properly,N,2,41.8734624,-87.7996733,ok,(UNK),3,03-24-06767,2024,,8,28,50000 and OVER,9,4295,Oak Park,C,Urban Local Road or Street,,16,18,12612263,4,Cook,2,24,,,4,N,No,(UNK),202401131119,ISP,5,0.20999999,N,,,,(UNK),151552,(N/A),(UNK),No Defects,1,1,Local Road or Street,7,290,X003398147,Not Toll,,13,4,Divided With Median Barrier,3,2941235.51592444,1905303.5997643,41.87346243,-87.79967332,,Urban,1,N,(N/A),Y,(N/A)
2024,2024-04-18,Thursday,23,11:09 PM,Property Damage,No Injuries,0,0,0,0,0,2,Sideswipe Same Direction,12,N,N,Improper Lane Usage,Driving Skills/Knowledge/Experience,Darkness / Lighted Road,Clear,Dry,N,,,,,Other,Functioning Properly,N,2,41.8721459,-87.7898771,ok,Partial Access Control,3,03-24-06836,2024,,20,15,50000 and OVER,9,4295,Oak Park,C,Urban InterState,,16,18,12612276,4,Cook,0,24,,,4,N,No,(UNK),202401131132,ISP,5,8.40999985,Y,,,,(UNK),151563,(N/A),(UNK),No Defects,1,1,InterState,1,290,X003398160,Not Toll,,13,4,Divided With Median Barrier,3,2943916.98931061,1904897.62029778,41.87214595,-87.78987705,,Urban,1,N,(N/A),Y,(N/A)
2024,2024-04-30,Tuesday,12,12:32 PM,Property Damage,No Injuries,0,0,0,0,0,1,Parked Motor Vehicle,9,N,N,Passing Stopped School Bus,Unable to Determine,Daylight,Clear,Dry,N,,,,,No Controls,No Controls,N,2,41.8706261,-87.7945975,ok,(UNK),1,2402366,2024,,29,18,50000 and OVER,9,4295,Oak Park,C,Urban Local Road or Street,,16,30,12612447,4,Cook,0,24,,,2,N,No,Slow,202401131287,City,1,0,N,,,,(UNK),151672,(N/A),(UNK),No Defects,1,1,Local Road or Street,7,,X003398310,Not Toll,73,1,1,Not Divided,1,2942646.5766127,1904308.1605933,41.87061822,-87.79459172,,Urban,1,N,(N/A),Y,(N/A)