crash_year,crash_date,day_of_week,crash_hour,time_of_crash,crash_severity,crash_injury_severity,total_injured,total_fatals,a_injuries,b_injuries,c_injuries,no_injuries,type_of_first_crash,collision_type_code,pedestrian_involved,pedalcyclist_involved,cause1,cause2,lighting_cond,weather_cond,road_surface_cond,intersection_related,is_intersection,highway_or_street_name,at_intersection_with,address_no,traffic_control_device,traffic_control_device_cond,hit_and_run,number_of_vehicles,latitude,longitude,location_status,access_control,agency_code,agency_report_number,agency_report_year,alignment_code,cause1_code,cause2_code,city_class,city_class_code,city_code,city_name,city_township_flag,class_of_trafficway,class_of_trafficway_code,county_code,crash_day,crash_id,crash_month,crash_report_county,crash_severity_cd,crash_yr_source,damaged_property1,damaged_property2,day_of_week_code,did_crash_occur_in_work_zone,did_involve_secondary_crash,flow_condition,icn,investigating_agency_descrip,light_condition_code,mile_station,nhs,non_intersection_direction,non_intersection_distance,non_intersection_units,number_of_lanes,objectid,railroad_crossing_number,road_alignment,road_defects,road_defects_code,road_surface_condition_code,roadway_functional_class,roadway_functional_class_code,route_number,sfe,toll,township,traffic_control_device_code,traffic_control_device_cond_code,trafficway_descrip,trafficway_description_code,ts_crash_coordinate_x,ts_crash_coordinate_y,ts_crash_latitude,ts_crash_longitude,type_report,urban_rural,weather_code,were_workers_present,work_zone,work_zone_related,work_zone_type
2024,2024-04-30,Tuesday,10,10:25 AM,Property Damage,No Injuries,0,0,0,0,0,2,Angle,15,N,N,Failing to Yield Right of Way,Failing to Reduce Speed to Avoid Crash,Daylight,Clear,Dry,Y,,,,,Stop Sign,Functioning Properly,N,2,41.8726785,-87.7817401,ok,(UNK),1,2402360,2024,,2,28,50000 and OVER,9,4295,Oak Park,C,Urban Local Road or Street,,16,30,12612448,4,Cook,0,24,,,2,N,No,Free Flow,202401131288,City,1,0,N,,,,(UNK),151673,(N/A),(UNK),No Defects,1,1,Local Road or Street,7,,X003398311,Not Toll,73,2,4,Not Divided,1,2946127.89057112,1905153.2028124,41.87267067,-87.78173426,,Urban,1,N,(N/A),Y,(N/A)
2024,2024-04-30,Tuesday,15,03:45 PM,Property Damage,No Injuries,0,0,0,0,0,2,Front to Rear,11,N,N,Failing to Reduce Speed to Avoid Crash,(N/A),Daylight,Clear,Dry,N,,,,,Delineators,Functioning Properly,N,2,41.8712474,-87.774659,ok,Partial Access Control,3,03-24-07573,2024,,28,99,50000 and OVER,9,4295,Oak Park,C,Urban InterState,,16,30,12612542,4,Cook,0,24,,,2,N,No,(UNK),202401131379,ISP,1,9.18999958,Y,,,,(UNK),151733,(N/A),(UNK),No Defects,1,1,InterState,1,290,X003398399,Not Toll,73,14,4,Divided With Median Barrier,3,2948071.1026501,1904685.37267726,41.87123955,-87.77465322,,Urban,1,N,(N/A),Y,(N/A)
2024,2024-04-29,Monday,9,09:55 AM,Injury,B Injury Crash,2,0,0,1,1,0,Pedestrian,1,Y,N,Failing to Reduce Speed to Avoid Crash,Unable to Determine,Daylight,Clear,Dry,Y,,,,,Traffic Signal,Functioning Properly,N,1,41.8883278,-87.7846937,ok,(UNK),1,2402331,2024,,28,18,50000 and OVER,9,4295,Oak Park,C,Urban Major Collector,,16,29,12612846,4,Cook,2,24,,,1,N,No,Slow,202401131738,City,1,0.93000001,N,,,,(UNK),151949,(N/A),(UNK),No Defects,1,1,Major Collector,5,2783,X003398679,Not Toll,73,3,4,T-Intersection,15,2945165.03122182,1910833.74628882,41.88831996,-87.78468793,,Urban,1,N,(N/A),Y,(N/A)
2024,2024-04-30,Tuesday,5,05:19 AM,Property Damage,No Injuries,0,0,0,0,0,2,Turning,10,N,N,Failing to Yield Right of Way,(N/A),Dawn,Clear,Dry,Y,,,,,Stop Sign,Functioning Properly,N,2,41.8781821,-87.8037967,ok,(UNK),1,2402350,2024,,2,99,50000 and OVER,9,4295,Oak Park,C,Urban Local Road or Street,,16,30,12612863,4,Cook,0,24,,,2,N,No,Free Flow,202401131760,City,2,0,N,,,,(UNK),151959,(N/A),(UNK),No Defects,1,1,Local Road or Street,7,,X003398695,Not Toll,73,2,4,Not Divided,1,2940065.08196997,1906992.57998212,41.87817428,-87.80379085,,Urban,1,N,(N/A),Y,(N/A)
2024,2024-04-30,Tuesday,17,05:13 PM,Property Damage,No Injuries,0,0,0,0,0,1,Parked Motor Vehicle,9,N,N,Failing to Yield Right of Way,Failing to Reduce Speed to Avoid Crash,Daylight,Clear,Dry,N,,,,,No Controls,No Controls,N,2,41.8654077,-87.7839773,ok,(UNK),1,2402377,2024,,2,28,50000 and OVER,9,4295,Oak Park,C,Urban Major Collector,,16,30,12613020,4,Cook,0,24,,,2,N,No,Slow,202401131935,City,1,2.52999997,N,,,,(UNK),152032,(N/A),(UNK),No Defects,1,1,Major Collector,5,2783,X003398833,Not Toll,73,1,1,Parking Lot,7,2945592.10333197,1902486.64763951,41.86539983,-87.78397155,,Urban,1,N,(N/A),Y,(N/A)
2024,2024-04-30,Tuesday,18,06:14 PM,Property Damage,No Injuries,0,0,0,0,0,3,Angle,15,N,N,Failing to Yield Right of Way,Failing to Reduce Speed to Avoid Crash,Daylight,Clear,Dry,N,,,,,No Controls,No Controls,N,2,41.8800027,-87.784586,ok,(UNK),1,2402378,2024,,2,28,50000 and OVER,9,4295,Oak Park,C,Urban Minor Arterial,,16,30,12613048,4,Cook,0,24,,,2,N,No,Free Flow,202401131962,City,1,4.0999999,N,,,,(UNK),152048,(N/A),(UNK),No Defects,1,1,Minor Arterial,4,1419,X003398857,Not Toll,73,1,1,"Divided, No Median Barrier",2,2945278.62671974,1907800.72271822,41.87999482,-87.78458019,,Urban,1,N,(N/A),Y,(N/A)
2024,2024-05-01,Wednesday,16,04:01 PM,Property Damage,No Injuries,0,0,0,0,0,2,Turning,10,N,N,Unable to Determine,Unable to Determine,Daylight,Clear,Dry,Y,,,,,Traffic Signal,Functioning Properly,N,2,41.887107,-87.8049778,ok,(UNK),1,2402398,2024,,18,18,50000 and OVER,9,4295,Oak Park,C,Urban Other Principal Arte,,16,1,12613660,5,Cook,0,24,,,3,N,No,Free Flow,202401132555,City,1,19.15999985,Y,,,,(UNK),152443,(N/A),(UNK),No Defects,1,1,Other Principal Arterial,3,348,X003399410,Not Toll,73,3,4,Not Divided,1,2939653.84539076,1910236.11464217,41.88709917,-87.80497201,,Urban,1,N,(N/A),Y,(N/A)
2024,2024-05-01,Wednesday,9,09:14 AM,Property Damage,No Injuries,0,0,0,0,0,2,Parked Motor Vehicle,9,N,N,Unable to Determine,Unable to Determine,Daylight,Clear,Dry,N,,,,,No Controls,No Controls,Y,2,41.8888786,-87.792705,ok,(UNK),1,2402385,2024,,18,18,50000 and OVER,9,4295,Oak Park,C,Urban Local Road or Street,,16,1,12613663,5,Cook,0,24,,,3,N,No,Free Flow,202401132557,City,1,0,N,,,,(UNK),152445,(N/A),(UNK),No Defects,1,1,Local Road or Street,7,,X003399412,Not Toll,73,1,1,Not Divided,1,2942977.96310468,1910973.98710221,41.88887078,-87.79269924,,Urban,1,N,(N/A),Y,(N/A)
2024,2024-05-01,Wednesday,16,04:33 PM,Property Damage,No Injuries,0,0,0,0,0,4,Front to Rear,11,N,N,Failing to Reduce Speed to Avoid Crash,Unable to Determine,Daylight,Clear,Dry,Y,,,,,No Controls,No Controls,N,2,41.8796089,-87.8038458,ok,(UNK),1,2402399,2024,,28,18,50000 and OVER,9,4295,Oak Park,C,Urban Minor Arterial,,16,1,12615295,5,Cook,0,24,,,3,N,No,Slow,202401133889,City,1,3.1099999,N,,,,(UNK),153534,(N/A),(UNK),No Defects,1,1,Minor Arterial,4,1419,X003400666,Not Toll,73,1,1,"Divided, No Median Barrier",2,2940037.36480962,1907512.1572012,41.87960106,-87.80384004,,Urban,1,N,(N/A),Y,(N/A)
2024,2024-05-01,Wednesday,18,06:24 PM,Injury,C Injury Crash,1,0,0,0,1,10,Angle,15,N,N,Disregarding Traffic Signals,Failing to Reduce Speed to Avoid Crash,Daylight,Clear,Dry,Y,,,,,Traffic Signal,Functioning Properly,N,4,41.8762745,-87.7843665,ok,(UNK),1,2402400,2024,,25,28,50000 and OVER,9,4295,Oak Park,C,Urban Major Collector,,16,1,12615296,5,Cook,1,24,,,3,N,Yes,Slow,202401133890,City,1,1.77999997,N,,,,(UNK),153535,(N/A),(UNK),No Defects,1,1,Major Collector,5,2783,X003400667,Not Toll,73,3,4,Four Way,14,2945376.13812311,1906443.75650314,41.87626662,-87.78436069,,Urban,1,N,(N/A),Y,(N/A)
2024,2024-05-01,Wednesday,21,09:44 PM,Property Damage,No Injuries,0,0,0,0,0,6,Turning,10,N,N,Failing to Reduce Speed to Avoid Crash,Improper Turning/No Signal,Darkness / Lighted Road,Clear,Dry,Y,,,,,Traffic Signal,Functioning Properly,Y,3,41.8736416,-87.8045258,ok,Partial Access Control,1,2402405,2024,,28,6,50000 and OVER,9,4295,Oak Park,C,Urban InterState,,16,1,12615297,5,Cook,0,24,,,3,N,No,(UNK),202401133891,City,5,0.23999999,Y,,,,(UNK),153536,(N/A),(UNK),No Defects,1,1,InterState,1,290,X003400668,Not Toll,73,3,4,Four Way,14,2939912.062394,1905332.46992192,41.87363377,-87.80452,,Urban,1,N,(N/A),Y,(N/A)
2024,2024-05-02,Thursday,7,07:44 AM,Property Damage,No Injuries,0,0,0,0,0,2,Parked Motor Vehicle,9,N,N,Failing to Reduce Speed to Avoid Crash,(N/A),Daylight,Clear,Dry,N,,,,,No Controls,No Controls,N,2,41.879665,-87.7795314,ok,(UNK),1,2402409,2024,,28,99,50000 and OVER,9,4295,Oak Park,C,Urban Minor Collector,,16,2,12615299,5,Cook,0,24,,,4,N,No,Free Flow,202401133893,City,1,0.56999999,N,,,,(UNK),153537,(N/A),(UNK),No Defects,1,1,Minor Collector,6,3794,X003400670,Not Toll,73,1,1,Not Divided,1,2946658.61335009,1907715.92635732,41.87965712,-87.77952562,,Urban,1,N,(N/A),Y,(N/A)
2024,2024-04-26,Friday,8,08:10 AM,Injury,B Injury Crash,1,0,0,1,0,1,Front to Rear,11,N,N,Failing to Reduce Speed to Avoid Crash,Following Too Closely,Daylight,Clear,Dry,N,,,,,Other Regualtory Sig,Functioning Properly,N,2,41.8735093,-87.8045198,ok,Partial Access Control,3,03-24-07235,2024,,28,3,50000 and OVER,9,4295,Oak Park,C,Urban InterState,,16,26,12615623,4,Cook,2,24,,,5,N,No,(UNK),202401134204,ISP,1,7.69999981,Y,,,,(UNK),153751,(N/A),(UNK),No Defects,1,1,InterState,1,290,X003400956,Not Toll,73,10,4,Divided With Median Barrier,3,2939915.01135862,1905284.29494745,41.87350145,-87.80451405,,Urban,1,N,(N/A),Y,(N/A)
2024,2024-05-02,Thursday,15,03:04 PM,Property Damage,No Injuries,0,0,0,0,0,2,Angle,15,N,N,Failing to Yield Right of Way,Driving Skills/Knowledge/Experience,Daylight,Rain,Wet,Y,,,,,Stop Sign,Functioning Properly,N,2,41.8913278,-87.7945858,ok,(UNK),1,2402416,2024,,2,15,50000 and OVER,9,4295,Oak Park,C,Urban Major Collector,,16,2,12616496,5,Cook,0,24,,,4,N,No,Free Flow,202401135081,City,1,5.34000015,N,,,,(UNK),154324,(N/A),(UNK),No Defects,1,2,Major Collector,5,2775,X003401767,Not Toll,73,2,4,Not Divided,1,2942441.14066917,1911852.35911309,41.89132,-87.79458,,Urban,2,N,(N/A),Y,(N/A)
2024,2024-05-03,Friday,10,10:19 AM,Property Damage,No Injuries,0,0,0,0,0,1,Parked Motor Vehicle,9,N,N,Failing to Reduce Speed to Avoid Crash,Unable to Determine,Daylight,Clear,Dry,N,,,,,No Controls,No Controls,N,2,41.8947858,-87.7799892,ok,(UNK),1,2402429,2024,,28,18,50000 and OVER,9,4295,Oak Park,C,Urban Local Road or Street,,16,3,12616502,5,Cook,0,24,,,5,N,No,Slow,202401135087,City,1,0.99000001,N,,,,(UNK),154326,(N/A),(UNK),No Defects,1,1,Local Road or Street,7,3559,X003401773,Not Toll,73,1,1,Not Divided,1,2946380.5882355,1913222.77856502,41.89477795,-87.77998344,,Urban,1,N,(N/A),Y,(N/A)
2024,2024-05-02,Thursday,18,06:00 PM,Property Damage,No Injuries,0,0,0,0,0,2,Rear to Side,16,N,N,Improper Backing,Driving Skills/Knowledge/Experience,Daylight,Clear,Dry,N,,,,,No Controls,No Controls,N,2,41.8835717,-87.8048619,ok,(UNK),1,24-01400,2024,,30,15,50000 and OVER,9,4295,Oak Park,C,Urban Other Principal Arte,,16,2,12617516,5,Cook,0,24,,,4,N,No,Free Flow,202401136050,City,1,19.40999985,Y,,,,(UNK),155004,(N/A),(UNK),No Defects,1,1,Other Principal Arterial,3,348,X003402747,Not Toll,73,1,1,Parking Lot,7,2939720.88324021,1908948.64091901,41.88356383,-87.80485611,,Urban,1,N,(N/A),Y,(N/A)
2024,2024-05-02,Thursday,7,07:05 AM,Property Damage,No Injuries,0,0,0,0,0,2,Front to Rear,11,N,N,Following Too Closely,(N/A),Daylight,Clear,Dry,N,,,,,No Controls,No Controls,N,2,41.8756239,-87.8045853,ok,(UNK),1,24-01394,2024,,3,99,50000 and OVER,9,4295,Oak Park,C,Urban Other Principal Arte,,16,2,12619395,5,Cook,0,24,,,4,N,No,Free Flow,202401137854,City,1,19.95000076,Y,,,,(UNK),156243,(N/A),(UNK),No Defects,1,1,Other Principal Arterial,3,348,X003404369,Not Toll,73,1,1,Not Divided,1,2939875.97370155,1906054.39303345,41.87561603,-87.80457948,,Urban,1,N,(N/A),Y,(N/A)
2024,2024-04-29,Monday,14,02:40 PM,Property Damage,No Injuries,0,0,0,0,0,2,Front to Rear,11,N,N,Improper Overtaking/Passing,Improper Lane Usage,Daylight,Clear,Dry,N,,,,,Other,Functioning Properly,N,2,41.8735398,-87.8031457,ok,Partial Access Control,3,03-24-07496,2024,,4,20,50000 and OVER,9,4295,Oak Park,C,Urban InterState,,16,29,12619659,4,Cook,0,24,,,1,N,No,(UNK),202401138113,ISP,1,0.19,Y,,,,(UNK),156437,(N/A),(UNK),No Defects,1,1,InterState,1,290,X003404627,Not Toll,,13,4,Divided With Median Barrier,3,2940288.97432568,1905305.73298264,41.87353984,-87.80314571,,Urban,1,N,(N/A),Y,(N/A)
2024,2024-05-03,Friday,14,02:50 PM,Property Damage,No Injuries,0,0,0,0,0,3,Sideswipe Same Direction,12,N,N,Failing to Yield Right of Way,Failing to Reduce Speed to Avoid Crash,Daylight,Clear,Dry,N,,,,,No Controls,No Controls,N,2,41.8904469,-87.7880191,ok,(UNK),1,2402434,2024,,2,28,50000 and OVER,9,4295,Oak Park,C,Urban Local Road or Street,,16,3,12619911,5,Cook,0,24,,,5,N,No,Free Flow,202401138345,City,1,0,N,,,,(UNK),156598,(N/A),(UNK),No Defects,1,1,Local Road or Street,7,,X003404844,Not Toll,73,1,1,One-Way,10,2944238.11072616,1911580.84948686,41.89043905,-87.78801326,,Urban,1,N,(N/A),Y,(N/A)
2024,2024-05-04,Saturday,12,12:38 PM,Property Damage,No Injuries,0,0,0,0,0,2,Front to Front,14,N,N,Failing to Reduce Speed to Avoid Crash,Unable to Determine,Daylight,Clear,Dry,N,,,,,No Controls,No Controls,Y,2,,,missing,(UNK),1,2402457,2024,,28,18,50000 and OVER,9,4295,Oak Park,C,(UNK),8,16,4,12619913,5,Cook,0,24,,,6,N,No,Slow,202401138347,City,1,0,N,,,,(UNK),156599,(N/A),(UNK),No Defects,1,1,(UNK),0,0,X003404846,No Toll,,1,1,Alley,12,0,0,,,,(UNK),1,N,(N/A),Y,(N/A)
2024,2024-05-03,Friday,10,10:10 AM,Property Damage,No Injuries,0,0,0,0,0,1,Parked Motor Vehicle,9,N,N,Unable to Determine,Unable to Determine,Daylight,Unknown,Unknown,N,,,,,Stop Sign,Functioning Properly,N,2,41.8798392,-87.7820086,ok,(UNK),1,2402450,2024,,18,18,50000 and OVER,9,4295,Oak Park,C,Urban Local Road or Street,,16,3,12619914,5,Cook,0,24,,,5,N,No,Free Flow,202401138348,City,1,0,N,,,,(UNK),156600,(N/A),(UNK),No Defects,1,9,Local Road or Street,7,,X003404847,Not Toll,73,2,4,Not Divided,1,2945982.19779521,1907760.67067509,41.87983139,-87.78200284,,Urban,9,N,(N/A),Y,(N/A)
2024,2024-05-05,Sunday,14,02:55 PM,Property Damage,No Injuries,0,0,0,0,0,3,Front to Rear,11,N,N,Following Too Closely,Failing to Reduce Speed to Avoid Crash,Daylight,Clear,Dry,N,,,,,No Controls,No Controls,N,3,41.8798969,-87.7830342,ok,(UNK),1,2402475,2024,,3,28,50000 and OVER,9,4295,Oak Park,C,Urban Minor Arterial,,16,5,12619922,5,Cook,0,24,,,7,N,No,Slow,202401138354,City,1,4.19000006,N,,,,(UNK),156603,(N/A),(UNK),No Defects,1,1,Minor Arterial,4,1419,X003404854,Not Toll,73,1,1,"Divided, No Median Barrier",2,2945702.3023976,1907773.90437951,41.87988901,-87.78302844,,Urban,1,N,(N/A),Y,(N/A)
2024,2024-05-04,Saturday,12,12:43 PM,Property Damage,No Injuries,0,0,0,0,0,3,Angle,15,N,N,Failing to Yield Right of Way,Failing to Reduce Speed to Avoid Crash,Daylight,Clear,Dry,Y,,,,,Stop Sign,Functioning Properly,N,2,41.8671378,-87.784016,ok,(UNK),1,2402458,2024,,2,28,50000 and OVER,9,4295,Oak Park,C,Urban Major Collector,,16,4,12619924,5,Cook,0,24,,,6,N,No,Free Flow,202401138356,City,1,2.41000009,N,,,,(UNK),156605,(N/A),(UNK),No Defects,1,1,Major Collector,5,2783,X003404856,Not Toll,73,2,4,Not Divided,1,2945564.06889427,1903116.85740643,41.86713,-87.78401019,,Urban,1,N,(N/A),Y,(N/A)
2024,2024-05-03,Friday,15,03:23 PM,Property Damage,No Injuries,0,0,0,0,0,3,Angle,15,N,N,Failing to Yield Right of Way,Unable to Determine,Daylight,Clear,Dry,Y,,,,,Stop Sign,Functioning Properly,N,4,41.8946279,-87.779983,ok,(UNK),1,2402436,2024,,2,18,50000 and OVER,9,4295,Oak Park,C,Urban Minor Arterial,,16,3,12620456,5,Cook,0,24,,,5,N,No,Free Flow,202401139035,City,1,1,N,,,,(UNK),156929,(N/A),(UNK),No Defects,1,1,Minor Arterial,4,3559,X003405340,Not Toll,73,2,4,"Divided, No Median Barrier",2,2946383.8793632,1913165.28877714,41.89462007,-87.77997723,,Urban,1,N,(N/A),Y,(N/A)
2024,2024-05-06,Monday,7,07:48 AM,Property Damage,No Injuries,0,0,0,0,0,4,Angle,15,N,N,Unable to Determine,Unable to Determine,Daylight,Cloudy/Overcast,Dry,Y,,,,,Stop Sign,Functioning Properly,N,2,41.8851885,-87.7862436,ok,(UNK),1,2402486,2024,,18,18,50000 and OVER,9,4295,Oak Park,C,Urban Local Road or Street,,16,6,12620502,5,Cook,0,24,,,1,N,No,Free Flow,202401139077,City,1,0,N,,,,(UNK),156952,(N/A),(UNK),No Defects,1,1,Local Road or Street,7,,X003405374,Not Toll,73,2,4,Not Divided,1,2944774.73685916,1909678.00929712,41.88518067,-87.78623784,,Urban,8,N,(N/A),Y,(N/A)
2024,2024-05-06,Monday,9,09:15 AM,Injury,B Injury Crash,1,0,0,1,0,1,Angle,15,N,N,Failing to Yield Right of Way,Failing to Reduce Speed to Avoid Crash,Daylight,Clear,Dry,Y,,,,,Stop Sign,Functioning Properly,N,2,41.8946279,-87.7799847,ok,(UNK),1,2402489,2024,,2,28,50000 and OVER,9,4295,Oak Park,C,Urban Minor Arterial,,16,6,12620504,5,Cook,2,24,,,1,N,No,Slow,202401139079,City,1,1,N,,,,(UNK),156954,(N/A),(UNK),No Defects,1,1,Minor Arterial,4,3559,X003405376,Not Toll,73,2,4,"Divided, No Median Barrier",2,2946383.42481379,1913165.26116697,41.89462003,-87.7799789,,Urban,1,N,(N/A),Y,(N/A)
2024,2024-05-06,Monday,15,03:04 PM,Property Damage,No Injuries,0,0,0,0,0,2,Angle,15,N,N,Failing to Yield Right of Way,(N/A),Daylight,Clear,Dry,Y,,,,,Stop Sign,Functioning Properly,N,2,41.8704675,-87.8035433,ok,(UNK),1,2402502,2024,,2,99,50000 and OVER,9,4295,Oak Park,C,Urban Local Road or Street,,16,6,12620508,5,Cook,0,24,,,1,N,No,Free Flow,202401139084,City,1,0,N,,,,(UNK),156957,(N/A),(UNK),No Defects,1,1,Local Road or Street,7,,X003405380,Not Toll,73,2,4,Not Divided,1,2940211.53054315,1904183.13256773,41.87045965,-87.80353748,,Urban,1,N,(N/A),Y,(N/A)
2024,2024-05-06,Monday,18,06:18 PM,Property Damage,No Injuries,0,0,0,0,0,2,Turning,10,N,N,Improper Lane Usage,Failing to Reduce Speed to Avoid Crash,Daylight,Clear,Dry,Y,,,,,Traffic Signal,Functioning Properly,N,2,41.8798699,-87.7844362,ok,(UNK),1,2402506,2024,,20,28,50000 and OVER,9,4295,Oak Park,C,Urban Minor Arterial,,16,6,12620512,5,Cook,0,24,,,1,N,No,Slow,202401139088,City,1,4.11000013,N,,,,(UNK),156960,(N/A),(UNK),No Defects,1,1,Minor Arterial,4,1419,X003405384,Not Toll,73,3,4,Four Way,14,2945320.75095725,1907753.45575303,41.87986201,-87.78443045,,Urban,1,N,(N/A),Y,(N/A)
2024,2024-05-07,Tuesday,8,08:46 AM,Property Damage,No Injuries,0,0,0,0,0,1,Parked Motor Vehicle,9,N,N,Failing to Reduce Speed to Avoid Crash,(N/A),Daylight,Unknown,Unknown,N,,,,,No Controls,No Controls,Y,2,41.8942813,-87.7946712,ok,(UNK),1,2402515,2024,,28,99,50000 and OVER,9,4295,Oak Park,C,Urban Major Collector,,16,7,12621185,5,Cook,0,24,,,2,N,No,Free Flow,202401140207,City,1,5.13000011,N,,,,(UNK),157392,(N/A),(UNK),No Defects,1,9,Major Collector,5,2775,X003405998,Not Toll,73,1,1,"Divided, No Median Barrier",2,2942388.10402495,1912928.00745702,41.89427345,-87.79466545,,Urban,9,N,(N/A),Y,(N/A)
2024,2024-04-25,Thursday,7,07:45 AM,Property Damage,No Injuries,0,0,0,0,0,2,Sideswipe Same Direction,12,N,N,Improper Lane Usage,Failing to Yield Right of Way,Daylight,Clear,Dry,N,,,,,No Controls,No Controls,N,2,41.8699369,-87.8043847,ok,(UNK),1,24-01289,2024,,20,2,50000 and OVER,9,4295,Oak Park,C,Urban Other Principal Arte,,16,25,12621770,4,Cook,0,24,,,4,N,No,Free Flow,202401140479,City,1,20.35000038,Y,,,,(UNK),157767,(N/A),(UNK),No Defects,1,1,Other Principal Arterial,3,348,X003406537,Not Toll,73,1,1,"Divided, No Median Barrier",2,2939987.66104087,1903983.44817527,41.86992901,-87.80437893,,Urban,1,N,(N/A),Y,(N/A)
2024,2024-05-09,Thursday,11,11:06 AM,Property Damage,No Injuries,0,0,0,0,0,1,Parked Motor Vehicle,9,N,N,Failing to Reduce Speed to Avoid Crash,Equipment-Vehicle Condition,Daylight,Clear,Wet,N,,,,,No Controls,No Controls,N,2,41.8725548,-87.7913206,ok,(UNK),1,2402559,2024,,28,10,50000 and OVER,9,4295,Oak Park,C,Urban Local Road or Street,,16,9,12625754,5,Cook,0,24,,,4,N,No,Free Flow,202401144156,City,1,0.14,N,,,,(UNK),160414,(N/A),(UNK),No Defects,1,2,Local Road or Street,7,290,X003409868,Not Toll,73,1,1,Not Divided,1,2943519.69204757,1905035.73791336,41.87254699,-87.79131476,,Urban,1,N,(N/A),Y,(N/A)
2024,2024-05-09,Thursday,12,12:53 PM,Injury,C Injury Crash,2,0,0,0,2,0,Angle,15,N,N,Disregarding Stop Sign,Failing to Reduce Speed to Avoid Crash,Daylight,Clear,Dry,Y,,,,,Stop Sign,Functioning Properly,N,4,41.8869263,-87.7895462,ok,(UNK),1,2402560,2024,,23,28,50000 and OVER,9,4295,Oak Park,C,Urban Minor Collector,,16,9,12625756,5,Cook,1,24,,,4,N,No,Free Flow,202401144158,City,1,0.11,N,,,,(UNK),160415,(N/A),(UNK),No Defects,1,1,Minor Collector,6,2779,X003409870,Not Toll,73,2,4,T-Intersection,15,2943857.83503547,1910286.35710213,41.88691848,-87.78954042,,Urban,1,N,(N/A),Y,(N/A)
2024,2024-05-09,Thursday,18,06:46 PM,Property Damage,No Injuries,0,0,0,0,0,3,Angle,15,N,N,Failing to Yield Right of Way,(N/A),Daylight,Rain,Wet,Y,,,,,Stop Sign,No Controls,N,2,41.8704892,-87.8043962,ok,(UNK),1,2402565,2024,,2,99,50000 and OVER,9,4295,Oak Park,C,Urban Other Principal Arte,,16,9,12625759,5,Cook,0,24,,,4,N,No,Free Flow,202401144161,City,1,20.30999947,Y,,,,(UNK),160416,(N/A),(UNK),No Defects,1,2,Other Principal Arterial,3,348,X003409873,Not Toll,73,2,1,Not Divided,1,2939978.98876934,1904184.64675826,41.87048136,-87.80439042,,Urban,2,N,(N/A),Y,(N/A)
2024,2024-05-10,Friday,6,06:37 AM,Property Damage,No Injuries,0,0,0,0,0,2,Turning,10,N,N,Failing to Yield Right of Way,Driving Skills/Knowledge/Experience,Daylight,Clear,Dry,Y,,,,,Traffic Signal,Functioning Properly,N,2,41.909078,-87.7911159,ok,(UNK),1,2402571,2024,,2,15,50000 and OVER,9,4295,Oak Park,C,Urban Other Principal Arte,,16,10,12625760,5,Cook,0,24,,,5,N,No,Free Flow,202401144162,City,1,6.67999983,Y,,,,(UNK),160417,(N/A),(UNK),No Defects,1,1,Other Principal Arterial,3,307,X003409874,Not Toll,73,3,4,Not Divided,1,2943206.74957587,1918347.02683774,41.90907019,-87.79111011,,Urban,1,N,(N/A),Y,(N/A)
2024,2024-05-10,Friday,13,01:48 PM,Property Damage,No Injuries,0,0,0,0,0,2,Parked Motor Vehicle,9,N,N,Improper Backing,Failing to Reduce Speed to Avoid Crash,Daylight,Cloudy/Overcast,Dry,N,,,,,No Controls,No Controls,Y,2,,,missing,(UNK),1,2402580,2024,,30,28,50000 and OVER,9,4295,Oak Park,C,(UNK),8,16,10,12625762,5,Cook,0,24,,,5,N,No,Free Flow,202401144164,City,1,0,N,,,,(UNK),160418,(N/A),(UNK),No Defects,1,1,(UNK),0,0,X003409876,No Toll,73,1,1,Not Divided,1,0,0,,,,(UNK),8,N,(N/A),Y,(N/A)
2024,2024-05-10,Friday,11,11:16 AM,Property Damage,No Injuries,0,0,0,0,0,1,Parked Motor Vehicle,9,N,N,Failing to Reduce Speed to Avoid Crash,(N/A),Daylight,Clear,Dry,N,,,,,No Controls,No Controls,Y,2,41.8801762,-87.7779394,ok,(UNK),1,2402576,2024,,28,99,50000 and OVER,9,4295,Oak Park,C,Urban Local Road or Street,,16,10,12625764,5,Cook,0,24,,,5,N,No,Free Flow,202401144165,City,1,0,N,,,,(UNK),160419,(N/A),(UNK),No Defects,1,1,Local Road or Street,7,,X003409877,Not Toll,73,1,1,Not Divided,1,2947087.0015847,1907914.28590474,41.88016831,-87.77793358,,Urban,1,N,(N/A),Y,(N/A)
2024,2024-05-10,Friday,15,03:12 PM,Property Damage,No Injuries,0,0,0,0,0,2,Turning,10,N,N,Unable to Determine,Unable to Determine,Daylight,Clear,Dry,N,,,,,No Controls,No Controls,N,2,41.8880239,-87.7750516,ok,(UNK),1,2402584,2024,,18,18,50000 and OVER,9,4295,Oak Park,C,Urban Major Collector,,16,10,12625766,5,Cook,0,24,,,5,N,No,Free Flow,202401144166,City,1,1.34000003,N,,,,(UNK),160420,(N/A),(UNK),No Defects,1,1,Major Collector,5,1405,X003409878,Not Toll,73,1,1,"Divided, No Median Barrier",2,2947793.7040051,1910796.07177373,41.88801607,-87.77504583,,Urban,1,N,(N/A),Y,(N/A)