crash_year,crash_date,day_of_week,crash_hour,time_of_crash,crash_severity,crash_injury_severity,total_injured,total_fatals,a_injuries,b_injuries,c_injuries,no_injuries,type_of_first_crash,collision_type_code,pedestrian_involved,pedalcyclist_involved,cause1,cause2,lighting_cond,weather_cond,road_surface_cond,intersection_related,is_intersection,highway_or_street_name,at_intersection_with,address_no,traffic_control_device,traffic_control_device_cond,hit_and_run,number_of_vehicles,latitude,longitude,location_status,access_control,agency_code,agency_report_number,agency_report_year,alignment_code,cause1_code,cause2_code,city_class,city_class_code,city_code,city_name,city_township_flag,class_of_trafficway,class_of_trafficway_code,county_code,crash_day,crash_id,crash_month,crash_report_county,crash_severity_cd,crash_yr_source,damaged_property1,damaged_property2,day_of_week_code,did_crash_occur_in_work_zone,did_involve_secondary_crash,flow_condition,icn,investigating_agency_descrip,light_condition_code,mile_station,nhs,non_intersection_direction,non_intersection_distance,non_intersection_units,number_of_lanes,objectid,railroad_crossing_number,road_alignment,road_defects,road_defects_code,road_surface_condition_code,roadway_functional_class,roadway_functional_class_code,route_number,sfe,toll,township,traffic_control_device_code,traffic_control_device_cond_code,trafficway_descrip,trafficway_description_code,ts_crash_coordinate_x,ts_crash_coordinate_y,ts_crash_latitude,ts_crash_longitude,type_report,urban_rural,weather_code,were_workers_present,work_zone,work_zone_related,work_zone_type
2024,2024-05-09,Thursday,7,07:10 AM,Property Damage,No Injuries,0,0,0,0,0,3,Turning,10,N,N,Disregarding Traffic Signals,Failing to Yield Right of Way,Daylight,Rain,Wet,Y,,,,,Traffic Signal,Functioning Properly,N,2,41.9087844,-87.8057828,ok,(UNK),1,2400533,2024,,25,2,50000 and OVER,9,4295,Oak Park,C,Urban Other Principal Arte,,16,9,12625770,5,Cook,0,24,,,4,N,No,Free Flow,202401144167,City,1,5.92000008,Y,,,,(UNK),160421,(N/A),(UNK),No Defects,1,2,Other Principal Arterial,3,307,X003409879,Not Toll,73,3,4,Four Way,14,2939217.13973417,1918129.71944981,41.90877653,-87.805777,,Urban,2,N,(N/A),Y,(N/A)
2024,2024-05-10,Friday,12,12:05 PM,Property Damage,No Injuries,0,0,0,0,0,3,Turning,10,N,N,Improper Turning/No Signal,Failing to Reduce Speed to Avoid Crash,Daylight,Clear,Dry,Y,,,,,Traffic Signal,Functioning Properly,N,2,41.8736416,-87.8045258,ok,Partial Access Control,3,03-24-08291,2024,,6,28,50000 and OVER,9,4295,Oak Park,C,Urban InterState,,16,10,12625841,5,Cook,0,24,,,5,N,No,(UNK),202401144225,ISP,1,0.23999999,Y,,,,(UNK),160465,(N/A),(UNK),No Defects,1,1,InterState,1,290,X003409937,Not Toll,73,3,4,Ramp,11,2939912.062394,1905332.46992192,41.87363377,-87.80452,,Urban,1,N,(N/A),Y,(N/A)
2024,2024-05-10,Friday,22,10:43 PM,Property Damage,No Injuries,0,0,0,0,0,2,Sideswipe Same Direction,12,N,N,Failing to Reduce Speed to Avoid Crash,Improper Lane Usage,Darkness / Lighted Road,Clear,Dry,N,,,,,Other,Functioning Properly,Y,2,41.8723744,-87.7892152,ok,Partial Access Control,3,03-24-08321,2024,,28,20,50000 and OVER,9,4295,Oak Park,C,Urban InterState,,16,10,12626475,5,Cook,0,24,,,5,N,No,(UNK),202401144835,ISP,5,8.43999958,Y,,,,(UNK),160931,(N/A),(UNK),No Defects,1,1,InterState,1,290,X003410552,Not Toll,73,13,4,Divided With Median Barrier,3,2944094.96381756,1904985.87714899,41.87236658,-87.78920936,,Urban,1,N,(N/A),Y,(N/A)
2024,2024-05-11,Saturday,12,12:20 PM,Property Damage,No Injuries,0,0,0,0,0,2,Sideswipe Same Direction,12,N,N,Improper Lane Usage,Unable to Determine,Daylight,Clear,Dry,N,,,,,No Controls,No Controls,N,2,41.8867601,-87.8049572,ok,(UNK),1,24-01518,2024,,20,18,50000 and OVER,9,4295,Oak Park,C,Urban Other Principal Arte,,16,11,12627188,5,Cook,0,24,,,6,N,No,Free Flow,202401145527,City,1,19.19000053,Y,,,,(UNK),161428,(N/A),(UNK),No Defects,1,1,Other Principal Arterial,3,348,X003411247,Not Toll,73,1,1,Divided With Median Barrier,3,2939662.94787031,1910109.85541207,41.88675228,-87.80495137,,Urban,1,N,(N/A),Y,(N/A)
2024,2024-05-12,Sunday,14,02:20 PM,Property Damage,No Injuries,0,0,0,0,0,2,Front to Rear,11,N,N,Failing to Reduce Speed to Avoid Crash,(N/A),Daylight,Clear,Dry,Y,,,,,Traffic Signal,Functioning Properly,Y,2,41.88152,-87.79431,ok,(UNK),1,2402621,2024,,28,99,50000 and OVER,9,4295,Oak Park,C,Urban Major Collector,,16,12,12629044,5,Cook,0,24,,,7,N,No,Stopped,202401147102,City,1,0,N,,,,(UNK),162640,(N/A),(UNK),No Defects,1,1,Major Collector,5,,X003412664,Not Toll,,3,4,"Divided, No Median Barrier",2,2942615.10193554,1908280.2747049,41.88152,-87.79431,,Urban,1,N,(N/A),Y,(N/A)
2024,2024-05-10,Friday,14,02:39 PM,Injury,B Injury Crash,2,0,0,2,0,0,Angle,15,N,N,Failing to Reduce Speed to Avoid Crash,Failing to Yield Right of Way,Daylight,Clear,Dry,Y,,,,,No Controls,No Controls,N,2,41.87789,-87.7942,ok,(UNK),1,2402583,2024,,28,2,50000 and OVER,9,4295,Oak Park,C,Urban Major Collector,,16,10,12629051,5,Cook,2,24,STAIRS,,5,N,No,Stopped,202401147108,City,1,0,N,,,,(UNK),162645,(N/A),(UNK),No Defects,1,1,Major Collector,5,,X003412670,Not Toll,,1,1,Four Way,14,2942681.64581973,1906958.26500133,41.87789,-87.7942,,Urban,1,N,(N/A),Y,(N/A)
2024,2024-05-08,Wednesday,8,08:50 AM,Property Damage,No Injuries,0,0,0,0,0,2,Front to Rear,11,N,N,Failing to Reduce Speed to Avoid Crash,Following Too Closely,Daylight,Clear,Dry,N,,,,,Other Regualtory Sig,Functioning Properly,N,2,41.8734454,-87.8038774,ok,Partial Access Control,3,03-24-08124,2024,,28,3,50000 and OVER,9,4295,Oak Park,C,Urban InterState,,16,8,12629092,5,Cook,0,24,,,3,N,No,(UNK),202401147143,ISP,1,7.73000002,Y,,,,(UNK),162672,(N/A),(UNK),No Defects,1,1,InterState,1,290,X003412707,Not Toll,73,10,4,Divided With Median Barrier,3,2940090.63492989,1905265.81720964,41.87343753,-87.8038716,,Urban,1,N,(N/A),Y,(N/A)
2024,2024-05-11,Saturday,8,08:05 AM,Property Damage,No Injuries,0,0,0,0,0,2,Front to Rear,11,N,N,Distraction - From Inside Vehicle,Unable to Determine,Daylight,Clear,Dry,N,,,,,Traffic Signal,Functioning Properly,N,2,41.8884679,-87.7895972,ok,(UNK),1,2402595,2024,,41,18,50000 and OVER,9,4295,Oak Park,C,Urban Major Collector,,16,11,12629655,5,Cook,0,24,,,6,N,No,Free Flow,202401147704,City,1,0,N,,,,(UNK),163074,(N/A),(UNK),No Defects,1,1,Major Collector,5,2779,X003413252,Not Toll,73,3,4,Not Divided,1,2943828.3785875,1910847.74879318,41.88846005,-87.78959141,,Urban,1,N,(N/A),Y,(N/A)
2024,2024-05-13,Monday,9,09:13 AM,Property Damage,No Injuries,0,0,0,0,0,1,Parked Motor Vehicle,9,N,N,Failing to Reduce Speed to Avoid Crash,(N/A),Daylight,Clear,Dry,N,,,,,No Controls,No Controls,N,2,41.8745224,-87.7795301,ok,(UNK),1,2402631,2024,,28,99,50000 and OVER,9,4295,Oak Park,C,Urban Local Road or Street,,16,13,12629659,5,Cook,0,24,,,1,N,No,Slow,202401147708,City,1,0,N,,,,(UNK),163076,(N/A),(UNK),No Defects,1,1,Local Road or Street,7,,X003413256,Not Toll,73,1,1,Not Divided,1,2946711.12669236,1905841.87694475,41.87451452,-87.77952429,,Urban,1,N,(N/A),Y,(N/A)
2024,2024-05-12,Sunday,12,12:03 PM,Property Damage,No Injuries,0,0,0,0,0,6,Angle,15,N,N,Failing to Yield Right of Way,Failing to Reduce Speed to Avoid Crash,Daylight,Clear,Dry,Y,,,,,Stop Sign,Functioning Properly,N,2,41.881568,-87.7956326,ok,(UNK),1,4202617,2024,,2,28,50000 and OVER,9,4295,Oak Park,C,Urban Major Collector,,16,12,12629662,5,Cook,0,24,,,7,N,No,Stopped,202401147711,City,1,0.47,N,,,,(UNK),163078,(N/A),(UNK),No Defects,1,1,Major Collector,5,5,X003413259,Not Toll,73,2,4,Not Divided,1,2942254.41792998,1908287.82393086,41.8815602,-87.79562685,,Urban,1,N,(N/A),Y,(N/A)
2024,2024-05-11,Saturday,7,07:33 AM,Property Damage,No Injuries,0,0,0,0,0,3,Angle,15,N,N,Failing to Reduce Speed to Avoid Crash,Failing to Yield Right of Way,Daylight,Clear,Dry,Y,,,,,Traffic Signal,Functioning Properly,Y,2,41.87231,-87.8044659,ok,(UNK),1,2402594,2024,,28,2,50000 and OVER,9,4295,Oak Park,C,Urban Other Principal Arte,,16,11,12629665,5,Cook,0,24,,,6,N,No,Free Flow,202401147716,City,1,20.18000031,Y,,,,(UNK),163081,(N/A),(UNK),No Defects,1,1,Other Principal Arterial,3,348,X003413262,Not Toll,73,3,4,Not Divided,1,2939941.73917192,1904847.66118026,41.87230217,-87.8044601,,Urban,1,N,(N/A),Y,(N/A)
2024,2024-05-11,Saturday,15,03:05 PM,Injury,B Injury Crash,1,0,0,1,0,3,Angle,15,N,N,Failing to Yield Right of Way,Failing to Reduce Speed to Avoid Crash,Daylight,Clear,Dry,Y,,,,,Stop Sign,Functioning Properly,N,2,41.8671378,-87.7840179,ok,(UNK),1,2402604,2024,,2,28,50000 and OVER,9,4295,Oak Park,C,Urban Major Collector,,16,11,12629668,5,Cook,2,24,,,6,N,No,Free Flow,202401147719,City,1,2.41000009,N,,,,(UNK),163083,(N/A),(UNK),No Defects,1,1,Major Collector,5,2783,X003413265,Not Toll,73,2,4,Four Way,14,2945563.55556617,1903116.83330199,41.86712997,-87.78401208,,Urban,1,N,(N/A),Y,(N/A)
2024,2024-05-12,Sunday,13,01:04 PM,Property Damage,No Injuries,0,0,0,0,0,2,Angle,15,N,N,Failing to Reduce Speed to Avoid Crash,Failing to Yield Right of Way,Daylight,Clear,Dry,N,,,,,Traffic Signal,Functioning Properly,N,2,41.8727918,-87.7745942,ok,(UNK),1,2402618,2024,,28,2,50000 and OVER,9,4295,Oak Park,C,Urban Local Road or Street,,16,12,12629670,5,Cook,0,24,,,7,N,No,Free Flow,202401147720,City,1,0,N,,,,(UNK),163084,(N/A),(UNK),No Defects,1,1,Local Road or Street,7,,X003413266,Not Toll,73,3,4,"Divided, No Median Barrier",2,2948073.07431519,1905248.6871318,41.87278399,-87.77458836,,Urban,1,N,(N/A),Y,(N/A)
2024,2024-05-10,Friday,16,04:15 PM,Property Damage,No Injuries,0,0,0,0,0,5,Turning,10,N,N,Failing to Reduce Speed to Avoid Crash,Unable to Determine,Daylight,Clear,Dry,Y,,,,,Traffic Signal,Functioning Properly,N,2,41.8761174,-87.7941043,ok,(UNK),1,2402585,2024,,28,18,50000 and OVER,9,4295,Oak Park,C,Urban Major Collector,,16,10,12629675,5,Cook,0,24,,,5,N,No,Free Flow,202401147725,City,1,6.40999985,N,,,,(UNK),163087,(N/A),(UNK),No Defects,1,1,Major Collector,5,2775,X003413271,Not Toll,73,3,4,Four Way,14,2942725.57895096,1906313.00055087,41.87610951,-87.79409849,,Urban,1,N,(N/A),Y,(N/A)
2024,2024-05-10,Friday,19,07:27 PM,Property Damage,No Injuries,0,0,0,0,0,2,Sideswipe Same Direction,12,N,N,Improper Lane Usage,Driving Skills/Knowledge/Experience,Daylight,Clear,Dry,N,,,,,No Controls,No Controls,N,2,41.8799602,-87.7786751,ok,(UNK),1,2402587,2024,,20,15,50000 and OVER,9,4295,Oak Park,C,Urban Minor Arterial,,16,10,12629677,5,Cook,0,24,,,5,N,No,Free Flow,202401147727,City,1,4.42000008,N,,,,(UNK),163089,(N/A),(UNK),No Defects,1,1,Minor Arterial,4,1419,X003413273,Not Toll,73,1,1,Parking Lot,7,2946888.81797925,1907830.02388504,41.8799524,-87.77866934,,Urban,1,N,(N/A),Y,(N/A)
2024,2024-05-11,Saturday,6,06:24 AM,Injury,C Injury Crash,1,0,0,0,1,1,Front to Rear,11,N,N,Unable to Determine,Unable to Determine,Daylight,Clear,Dry,N,,,,,Stop Sign,Functioning Properly,Y,2,41.8982437,-87.7833786,ok,(UNK),1,2402592,2024,,18,18,50000 and OVER,9,4295,Oak Park,C,Urban Local Road or Street,,16,11,12629680,5,Cook,1,24,PARKING SIGN,HOUSE,6,N,No,Free Flow,202401147729,City,1,0,N,,,,(UNK),163090,(N/A),(UNK),No Defects,1,1,Local Road or Street,7,,X003413275,Not Toll,73,2,4,Not Divided,1,2945422.71570893,1914457.2539608,41.8982359,-87.78337281,,Urban,1,N,(N/A),Y,(N/A)
2024,2024-05-13,Monday,14,02:23 PM,Property Damage,No Injuries,0,0,0,0,0,2,Angle,15,N,N,Failing to Yield Right of Way,Failing to Reduce Speed to Avoid Crash,Daylight,Clear,Dry,Y,,,,,Stop Sign,Functioning Properly,N,2,41.8916842,-87.7880525,ok,(UNK),1,2402639,2024,,2,28,50000 and OVER,9,4295,Oak Park,C,Urban Local Road or Street,,16,13,12629683,5,Cook,0,24,,,1,N,No,Free Flow,202401147732,City,1,0,N,,,,(UNK),163093,(N/A),(UNK),No Defects,1,1,Local Road or Street,7,,X003413278,Not Toll,73,2,4,Not Divided,1,2944216.49472401,1912031.50696153,41.89167639,-87.78804672,,Urban,1,N,(N/A),Y,(N/A)
2024,2024-05-13,Monday,23,11:35 PM,Property Damage,No Injuries,0,0,0,0,0,2,Front to Rear,11,N,N,Failing to Reduce Speed to Avoid Crash,(N/A),Darkness / Lighted Road,Rain,Wet,N,,,,,No Controls,No Controls,N,2,41.8705216,-87.7939319,ok,(UNK),1,2402653,2024,,28,99,50000 and OVER,9,4295,Oak Park,C,Urban Major Collector,,16,13,12629684,5,Cook,0,24,,,1,N,No,Free Flow,202401147733,City,5,6.80000019,N,,,,(UNK),163094,(N/A),(UNK),No Defects,1,2,Major Collector,5,2775,X003413279,Not Toll,73,1,1,"Divided, No Median Barrier",2,2942828.92630913,1904275.10491968,41.87051375,-87.79392612,,Urban,2,N,(N/A),Y,(N/A)
2024,2024-05-13,Monday,23,11:09 PM,Injury,B Injury Crash,1,0,0,1,0,3,Angle,15,N,N,Failing to Yield Right of Way,Weather,Darkness / Lighted Road,Rain,Wet,Y,,,,,Stop Sign,Functioning Properly,N,2,41.86698,-87.79378,ok,(UNK),1,2402652,2024,,2,11,50000 and OVER,9,4295,Oak Park,C,Urban Major Collector,,16,13,12631180,5,Cook,2,24,,,1,N,No,(UNK),202401149252,City,5,0,N,,,,(UNK),164092,(N/A),(UNK),No Defects,1,2,Major Collector,5,,X003414631,Not Toll,,2,4,Four Way,14,2942905.99931354,1902985.62979811,41.86698,-87.79378,,Urban,2,N,(N/A),Y,(N/A)
2024,2024-05-14,Tuesday,7,07:51 AM,Injury,C Injury Crash,3,0,0,0,3,2,Turning,10,N,N,Failing to Yield Right of Way,Failing to Reduce Speed to Avoid Crash,Daylight,Rain,Wet,N,,,,,Stop Sign,Functioning Properly,N,3,41.8833856,-87.8048584,ok,(UNK),1,2402656,2024,,2,28,50000 and OVER,9,4295,Oak Park,C,Urban Other Principal Arte,,16,14,12631181,5,Cook,1,24,,,2,N,No,Slow,202401149253,City,1,19.42000008,Y,,,,(UNK),164093,(N/A),(UNK),No Defects,1,2,Other Principal Arterial,3,348,X003414632,Not Toll,73,2,4,"Divided, No Median Barrier",2,2939723.70601696,1908880.8705629,41.88337779,-87.8048526,,Urban,2,N,(N/A),Y,(N/A)
2024,2024-05-13,Monday,15,03:05 PM,Property Damage,No Injuries,0,0,0,0,0,2,Turning,10,N,N,Improper Lane Usage,(N/A),Daylight,Clear,Dry,N,,,,,No Controls,No Controls,N,2,41.8920739,-87.8051588,ok,(UNK),1,2400555,2024,,20,99,50000 and OVER,9,4295,Oak Park,C,Urban Other Principal Arte,,16,13,12631188,5,Cook,0,24,,,1,N,No,Slow,202401149260,City,1,18.81999969,Y,,,,(UNK),164096,(N/A),(UNK),No Defects,1,1,Other Principal Arterial,3,348,X003414639,Not Toll,73,1,1,"Divided, No Median Barrier",2,2939554.71118932,1912044.79633177,41.8920661,-87.80515303,,Urban,1,N,(N/A),Y,(N/A)
2024,2024-05-05,Sunday,12,12:00 PM,Property Damage,No Injuries,0,0,0,0,0,3,Front to Rear,11,N,N,Following Too Closely,Failing to Reduce Speed to Avoid Crash,Daylight,Clear,Dry,N,,,,,Other,Functioning Properly,Y,3,41.8734853,-87.8042871,ok,Partial Access Control,3,03-24-07925,2024,,3,28,50000 and OVER,9,4295,Oak Park,C,Urban InterState,,16,5,12631343,5,Cook,0,24,,,7,N,No,(UNK),202401149422,ISP,1,7.71000004,Y,,,,(UNK),164207,(N/A),(UNK),No Defects,1,1,InterState,1,290,X003414787,Not Toll,73,13,4,Divided With Median Barrier,3,2939978.63587059,1905277.28996277,41.87347744,-87.80428133,,Urban,1,N,(N/A),Y,(N/A)
2024,2024-05-14,Tuesday,19,07:12 PM,Property Damage,No Injuries,0,0,0,0,0,1,Parked Motor Vehicle,9,N,N,Unable to Determine,Failing to Reduce Speed to Avoid Crash,Daylight,Clear,Dry,Y,,,,,No Controls,No Controls,Y,4,41.9091687,-87.7781967,ok,(UNK),1,2402680,2024,,18,28,50000 and OVER,9,4295,Oak Park,C,Urban Other Principal Arte,,16,14,12631552,5,Cook,0,24,,,2,N,No,(UNK),202401149671,City,1,0,Y,,,,(UNK),164342,(N/A),(UNK),No Defects,1,1,Other Principal Arterial,3,,X003414972,Not Toll,73,1,1,Not Divided,1,2946722.62976492,1918477.79731581,41.90916089,-87.77819095,,Urban,1,N,(N/A),Y,(N/A)
2024,2024-04-12,Friday,11,11:01 AM,Property Damage,No Injuries,0,0,0,0,0,2,Angle,15,N,N,Failing to Reduce Speed to Avoid Crash,Unable to Determine,Daylight,Clear,Dry,Y,,,,,Traffic Signal,Functioning Properly,N,2,41.887107,-87.8049778,ok,(UNK),1,2401969,2024,,28,18,50000 and OVER,9,4295,Oak Park,C,Urban Other Principal Arte,,16,12,12631648,4,Cook,0,24,,,5,N,No,Slow,202401149780,City,1,19.15999985,Y,,,,(UNK),164407,(N/A),(UNK),No Defects,1,1,Other Principal Arterial,3,348,X003415061,Not Toll,73,3,4,"Divided, No Median Barrier",2,2939653.84539076,1910236.11464217,41.88709917,-87.80497201,,Urban,1,N,(N/A),Y,(N/A)
2024,2024-05-14,Tuesday,7,07:39 AM,Property Damage,No Injuries,0,0,0,0,0,3,Front to Rear,11,N,N,Failing to Reduce Speed to Avoid Crash,Following Too Closely,Daylight,Rain,Wet,N,,,,,Traffic Signal,Functioning Properly,N,2,41.8724468,-87.8044721,ok,(UNK),1,2402657,2024,,28,3,50000 and OVER,9,4295,Oak Park,C,Urban Other Principal Arte,,16,14,12631716,5,Cook,0,24,,,2,N,No,Free Flow,202401149882,City,1,20.17000008,Y,,,,(UNK),164440,(N/A),(UNK),No Defects,1,2,Other Principal Arterial,3,348,X003415124,Not Toll,73,3,4,Four Way,14,2939938.69122556,1904897.45315043,41.87243894,-87.80446625,,Urban,2,N,(N/A),Y,(N/A)
2024,2024-05-14,Tuesday,15,03:09 PM,Property Damage,No Injuries,0,0,0,0,0,2,Rear to Front,18,N,N,Failing to Reduce Speed to Avoid Crash,(N/A),Daylight,Cloudy/Overcast,Dry,N,,,,,No Controls,No Controls,N,2,41.90158,-87.79938,ok,(UNK),1,2402670,2024,,28,99,50000 and OVER,9,4295,Oak Park,C,Urban Major Collector,,16,14,12631732,5,Cook,0,24,,,2,N,No,Slow,202401149901,City,1,0,N,,,,(UNK),164447,(N/A),(UNK),No Defects,1,1,Major Collector,5,,X003415138,Not Toll,,1,1,"Divided, No Median Barrier",2,2941032.58225402,1915552.36731204,41.90158,-87.79938,,Urban,8,N,(N/A),Y,(N/A)
2024,2024-05-14,Tuesday,8,08:05 AM,Injury,C Injury Crash,1,0,0,0,1,1,Pedestrian,1,Y,N,Failing to Yield Right of Way,Failing to Reduce Speed to Avoid Crash,Daylight,Cloudy/Overcast,Unknown,N,,,,,No Controls,No Controls,Y,1,41.8815,-87.79843,ok,(UNK),1,2402676,2024,,2,28,50000 and OVER,9,4295,Oak Park,C,Urban Major Collector,,16,14,12631756,5,Cook,1,24,,,2,N,No,Slow,202401149927,City,1,0,N,,,,(UNK),164461,(N/A),(UNK),Unknown,99,9,Major Collector,5,,X003415160,Not Toll,,1,1,"Divided, No Median Barrier",2,2941493.29192595,1908241.9808989,41.8815,-87.79843,,Urban,8,N,(N/A),N,(N/A)
2024,2024-05-14,Tuesday,15,03:50 PM,Injury,C Injury Crash,1,0,0,0,1,1,Front to Rear,11,N,N,Failing to Reduce Speed to Avoid Crash,Unable to Determine,Daylight,Cloudy/Overcast,Dry,N,,,,,Traffic Signal,Functioning Properly,Y,2,41.88819,-87.78108,ok,(UNK),1,2402673,2024,,28,18,50000 and OVER,9,4295,Oak Park,C,Urban Major Collector,,16,14,12631764,5,Cook,1,24,,,2,N,No,Slow,202401151122,City,1,0,N,,,,(UNK),164469,(N/A),(UNK),No Defects,1,1,Major Collector,5,,X003415168,Not Toll,,3,4,Not Divided,1,2946150.46074572,1910810.87727461,41.88819,-87.78108,,Urban,8,N,(N/A),Y,(N/A)
2024,2024-05-15,Wednesday,12,12:14 PM,Property Damage,No Injuries,0,0,0,0,0,3,Turning,10,N,N,Unable to Determine,Unable to Determine,Daylight,Clear,Dry,N,,,,,No Controls,No Controls,N,2,41.8881924,-87.7846909,ok,(UNK),1,2402687,2024,,18,18,50000 and OVER,9,4295,Oak Park,C,Urban Major Collector,,16,15,12632441,5,Cook,0,24,,,3,N,No,Free Flow,202401150688,City,1,0.94,N,,,,(UNK),164900,(N/A),(UNK),No Defects,1,1,Major Collector,5,2783,X003415777,Not Toll,73,1,1,Not Divided,1,2945167.16877322,1910784.42962197,41.88818457,-87.78468511,,Urban,1,N,(N/A),Y,(N/A)
2024,2024-05-11,Saturday,16,04:45 PM,Injury,B Injury Crash,1,0,0,1,0,1,Turning,10,N,N,Improper Lane Usage,Failing to Reduce Speed to Avoid Crash,Daylight,Clear,Dry,Y,,,,,Stop Sign,Functioning Properly,N,2,41.8753628,-87.8032872,ok,(UNK),1,2402605,2024,,20,28,50000 and OVER,9,4295,Oak Park,C,Urban Local Road or Street,,16,11,12632442,5,Cook,2,24,,,6,N,No,Free Flow,202401150689,City,1,0,N,,,,(UNK),164901,(N/A),(UNK),No Defects,1,1,Local Road or Street,7,,X003415778,Not Toll,73,2,4,Other,8,2940232.12677269,1905968.98345799,41.87535494,-87.80328143,,Urban,1,N,(N/A),Y,(N/A)
2024,2024-05-14,Tuesday,18,06:51 PM,Property Damage,No Injuries,0,0,0,0,0,3,Turning,10,N,N,Improper Turning/No Signal,(N/A),Daylight,Clear,Dry,N,,,,,No Controls,No Controls,N,2,41.8875461,-87.8049919,ok,(UNK),1,2400567,2024,,6,99,50000 and OVER,9,4295,Oak Park,C,Urban Other Principal Arte,,16,14,12632447,5,Cook,0,24,,,2,N,No,Stopped,202401150694,City,1,19.12999916,Y,,,,(UNK),164903,(N/A),(UNK),No Defects,1,1,Other Principal Arterial,3,348,X003415783,Not Toll,73,1,1,Two-way Continuous Left-Tur,4,2939645.60708284,1910396.02620506,41.88753827,-87.80498608,,Urban,1,N,(N/A),Y,(N/A)
2024,2024-05-15,Wednesday,17,05:00 PM,Property Damage,No Injuries,0,0,0,0,0,2,Front to Rear,11,N,N,Unable to Determine,(N/A),Daylight,Clear,Dry,Y,,,,,Traffic Signal,Functioning Properly,N,2,41.9087917,-87.805783,ok,(UNK),1,JH265624,2024,,18,99,50000 and OVER,9,4295,Oak Park,C,Urban Other Principal Arte,,16,15,12633133,5,Cook,0,24,,,3,N,No,(UNK),202401151121,City,1,5.92000008,Y,,,,(UNK),165313,(N/A),(UNK),No Defects,1,1,Other Principal Arterial,3,307,X003416122,Not Toll,73,3,4,Not Divided,1,2939217.01162991,1918132.38019491,41.90878383,-87.8057772,,Urban,1,N,(N/A),Y,(N/A)
2024,2024-05-04,Saturday,1,01:00 AM,Property Damage,No Injuries,0,0,0,0,0,2,Sideswipe Same Direction,12,N,N,Failing to Reduce Speed to Avoid Crash,Driving Skills/Knowledge/Experience,Darkness / Lighted Road,Clear,Dry,N,,,,,Other,Functioning Properly,Y,2,41.8730401,-87.7997197,ok,Partial Access Control,3,03-24-07813,2024,,28,15,50000 and OVER,9,4295,Oak Park,C,Urban InterState,,16,4,12634046,5,Cook,0,24,,,6,N,No,(UNK),202401152090,ISP,5,7.92000008,Y,,,,(UNK),165924,(N/A),(UNK),No Defects,1,1,InterState,1,290,X003416980,Not Toll,73,13,4,Divided With Median Barrier,3,2941227.13479418,1905149.33952453,41.87303224,-87.79971388,,Urban,1,N,(N/A),Y,(N/A)
2024,2024-05-17,Friday,5,05:40 AM,Property Damage,No Injuries,0,0,0,0,0,2,Front to Rear,11,N,N,Failing to Reduce Speed to Avoid Crash,(N/A),Dawn,Clear,Dry,Y,,,,,Traffic Signal,Functioning Properly,Y,2,41.9087841,-87.8057593,ok,(UNK),1,JH266731,2024,,28,99,50000 and OVER,9,4295,Oak Park,C,Urban Other Principal Arte,,16,17,12634389,5,Cook,0,24,,,5,N,No,Slow,202401152455,City,2,5.92000008,Y,,,,(UNK),166139,(N/A),(UNK),No Defects,1,1,Other Principal Arterial,3,307,X003417302,Not Toll,73,3,4,Not Divided,1,2939223.54153817,1918129.80448366,41.90877628,-87.8057535,,Urban,1,N,(N/A),Y,(N/A)
2024,2024-05-16,Thursday,15,03:34 PM,Property Damage,No Injuries,0,0,0,0,0,2,Front to Rear,11,N,N,Failing to Reduce Speed to Avoid Crash,Driving Skills/Knowledge/Experience,Daylight,Cloudy/Overcast,Wet,N,,,,,No Controls,No Controls,N,2,41.8797468,-87.7962538,ok,(UNK),1,2402719,2024,,28,15,50000 and OVER,9,4295,Oak Park,C,Urban Minor Arterial,,16,16,12635309,5,Cook,0,24,,,4,N,No,Stopped,202401153351,City,1,3.5,N,,,,(UNK),166744,(N/A),(UNK),No Defects,1,2,Minor Arterial,4,1419,X003418155,Not Toll,73,1,1,Not Divided,1,2942103.59411456,1907619.44320506,41.87973893,-87.79624802,,Urban,8,N,(N/A),Y,(N/A)
2024,2024-05-16,Thursday,14,02:13 PM,Injury,C Injury Crash,1,0,0,0,1,1,Front to Rear,11,N,N,Failing to Reduce Speed to Avoid Crash,Failing to Yield Right of Way,Daylight,Cloudy/Overcast,Wet,N,,,,,Traffic Signal,Functioning Properly,Y,2,41.8861663,-87.804935,ok,(UNK),1,2402714,2024,,28,2,50000 and OVER,9,4295,Oak Park,C,Urban Other Principal Arte,,16,16,12635311,5,Cook,1,24,,,4,N,No,Stopped,202401153352,City,1,19.22999954,Y,,,,(UNK),166745,(N/A),(UNK),No Defects,1,2,Other Principal Arterial,3,348,X003418156,Not Toll,73,3,4,Not Divided,1,2939674.95110753,1909893.63133629,41.88615848,-87.80492917,,Urban,8,N,(N/A),Y,(N/A)
2024,2024-05-16,Thursday,11,11:22 AM,Property Damage,No Injuries,0,0,0,0,0,3,Sideswipe Same Direction,12,N,N,Unable to Determine,Unable to Determine,Daylight,Cloudy/Overcast,Dry,N,,,,,No Controls,No Controls,N,2,41.9091355,-87.7861649,ok,(UNK),1,2402708,2024,,18,18,50000 and OVER,9,4295,Oak Park,C,Urban Other Principal Arte,,16,16,12635315,5,Cook,0,24,,,4,N,No,Free Flow,202401153355,City,1,6.92999983,Y,,,,(UNK),166746,(N/A),(UNK),No Defects,1,1,Other Principal Arterial,3,307,X003418159,Not Toll,73,1,1,Not Divided,1,2944553.92457573,1918405.35887436,41.90912767,-87.78615905,,Urban,8,N,(N/A),Y,(N/A)