crash_year,crash_date,day_of_week,crash_hour,time_of_crash,crash_severity,crash_injury_severity,total_injured,total_fatals,a_injuries,b_injuries,c_injuries,no_injuries,type_of_first_crash,collision_type_code,pedestrian_involved,pedalcyclist_involved,cause1,cause2,lighting_cond,weather_cond,road_surface_cond,intersection_related,is_intersection,highway_or_street_name,at_intersection_with,address_no,traffic_control_device,traffic_control_device_cond,hit_and_run,number_of_vehicles,latitude,longitude,location_status,access_control,agency_code,agency_report_number,agency_report_year,alignment_code,cause1_code,cause2_code,city_class,city_class_code,city_code,city_name,city_township_flag,class_of_trafficway,class_of_trafficway_code,county_code,crash_day,crash_id,crash_month,crash_report_county,crash_severity_cd,crash_yr_source,damaged_property1,damaged_property2,day_of_week_code,did_crash_occur_in_work_zone,did_involve_secondary_crash,flow_condition,icn,investigating_agency_descrip,light_condition_code,mile_station,nhs,non_intersection_direction,non_intersection_distance,non_intersection_units,number_of_lanes,objectid,railroad_crossing_number,road_alignment,road_defects,road_defects_code,road_surface_condition_code,roadway_functional_class,roadway_functional_class_code,route_number,sfe,toll,township,traffic_control_device_code,traffic_control_device_cond_code,trafficway_descrip,trafficway_description_code,ts_crash_coordinate_x,ts_crash_coordinate_y,ts_crash_latitude,ts_crash_longitude,type_report,urban_rural,weather_code,were_workers_present,work_zone,work_zone_related,work_zone_type
2024,2024-05-16,Thursday,14,02:50 PM,Property Damage,No Injuries,0,0,0,0,0,2,Sideswipe Same Direction,12,N,N,Improper Overtaking/Passing,Driving Skills/Knowledge/Experience,Daylight,Cloudy/Overcast,Wet,N,,,,,Traffic Signal,Functioning Properly,N,2,41.8944179,-87.7946745,ok,(UNK),1,2402716,2024,,4,15,50000 and OVER,9,4295,Oak Park,C,Urban Minor Arterial,,16,16,12635319,5,Cook,0,24,,,4,N,No,Free Flow,202401153358,City,1,5.11999989,N,,,,(UNK),166747,(N/A),(UNK),No Defects,1,2,Minor Arterial,4,2775,X003418162,Not Toll,73,3,4,Not Divided,1,2942385.85044617,1912977.7536109,41.89441002,-87.79466867,,Urban,8,N,(N/A),Y,(N/A)
2024,2024-05-14,Tuesday,9,09:49 AM,Injury,B Injury Crash,2,0,0,1,1,1,Front to Rear,11,N,N,Failing to Reduce Speed to Avoid Crash,(N/A),Daylight,Cloudy/Overcast,Dry,N,,,,,Traffic Signal,Functioning Properly,N,3,41.8982338,-87.7851868,ok,(UNK),1,2402660,2024,,28,99,50000 and OVER,9,4295,Oak Park,C,Urban Local Road or Street,,16,14,12635323,5,Cook,2,24,,,2,N,No,Stopped,202401153360,City,1,0,N,,,,(UNK),166749,(N/A),(UNK),No Defects,1,1,Local Road or Street,7,,X003418164,Not Toll,73,3,4,"Divided, No Median Barrier",2,2944930.50296403,1914439.9352704,41.89822591,-87.78518105,,Urban,8,N,(N/A),Y,(N/A)
2024,2024-05-18,Saturday,14,02:24 PM,Property Damage,No Injuries,0,0,0,0,0,2,Turning,10,N,N,Unable to Determine,Unable to Determine,Daylight,Clear,Dry,Y,,,,,Stop Sign,Functioning Properly,N,2,41.8704892,-87.8043962,ok,(UNK),1,24-01588,2024,,18,18,50000 and OVER,9,4295,Oak Park,C,Urban Other Principal Arte,,16,18,12636035,5,Cook,0,24,,,6,N,No,Free Flow,202401154030,City,1,20.30999947,Y,,,,(UNK),167220,(N/A),(UNK),No Defects,1,1,Other Principal Arterial,3,348,X003418840,Not Toll,73,2,4,"Divided, No Median Barrier",2,2939978.98876934,1904184.64675826,41.87048136,-87.80439042,,Urban,1,N,(N/A),Y,(N/A)
2024,2024-04-26,Friday,8,08:06 AM,Property Damage,No Injuries,0,0,0,0,0,3,Front to Rear,11,N,N,Failing to Reduce Speed to Avoid Crash,Following Too Closely,Daylight,Clear,Dry,Y,,,,,Traffic Signal,Functioning Properly,N,2,41.8760036,-87.8045964,ok,(UNK),1,24-01314,2024,,28,3,50000 and OVER,9,4295,Oak Park,C,Urban Other Principal Arte,,16,26,12636909,4,Cook,0,24,,,5,N,No,Free Flow,202401154881,City,1,19.93000031,Y,,,,(UNK),167839,(N/A),(UNK),No Defects,1,1,Other Principal Arterial,3,348,X003419695,Not Toll,73,3,4,"Divided, No Median Barrier",2,2939869.13907633,1906192.68943091,41.87599576,-87.80459058,,Urban,1,N,(N/A),Y,(N/A)
2024,2024-05-20,Monday,22,10:09 PM,Injury,B Injury Crash,2,0,0,2,0,1,Sideswipe Same Direction,12,N,N,Failing to Reduce Speed to Avoid Crash,Improper Lane Usage,Darkness / Lighted Road,Clear,Dry,N,,,,,Other,Functioning Properly,Y,2,41.871244,-87.7790816,ok,Partial Access Control,3,03-24-09041,2024,,28,20,50000 and OVER,9,4295,Oak Park,C,Urban InterState,,16,20,12638906,5,Cook,2,24,,,1,N,No,(UNK),202401156704,ISP,5,8.97000027,Y,,,,(UNK),169175,(N/A),(UNK),No Defects,1,1,InterState,1,290,X003421441,Not Toll,73,13,4,Divided With Median Barrier,3,2946866.5368387,1904650.56413753,41.87123611,-87.77907577,,Urban,1,N,(N/A),Y,(N/A)
2024,2024-05-17,Friday,12,12:49 PM,Property Damage,No Injuries,0,0,0,0,0,2,Front to Rear,11,N,N,Failing to Reduce Speed to Avoid Crash,Following Too Closely,Daylight,Clear,Dry,N,,,,,No Controls,No Controls,N,2,41.9089643,-87.7969003,ok,(UNK),1,2402732,2024,,28,3,50000 and OVER,9,4295,Oak Park,C,Urban Other Principal Arte,,16,17,12639007,5,Cook,0,24,,,5,N,No,Slow,202401156794,City,1,6.38000011,Y,,,,(UNK),169244,(N/A),(UNK),No Defects,1,1,Other Principal Arterial,3,307,X003421533,Not Toll,73,1,1,Four Way,14,2941633.28131067,1918261.99312431,41.90895644,-87.79689455,,Urban,1,N,(N/A),Y,(N/A)
2024,2024-05-19,Sunday,12,12:35 PM,Property Damage,No Injuries,0,0,0,0,0,2,Turning,10,N,N,Failing to Yield Right of Way,Failing to Reduce Speed to Avoid Crash,Daylight,Clear,Dry,Y,,,,,No Controls,No Controls,N,2,41.87278,-87.77563,ok,(UNK),1,2402761,2024,,2,28,50000 and OVER,9,4295,Oak Park,C,Urban Local Road or Street,,16,19,12639008,5,Cook,0,24,,,7,N,No,Free Flow,202401156795,City,1,0,N,,,,(UNK),169245,(N/A),(UNK),No Defects,1,1,Local Road or Street,7,,X003421534,Not Toll,,1,1,Not Divided,1,2947791.06139061,1905236.51072516,41.87278,-87.77563,,Urban,1,N,(N/A),Y,(N/A)
2024,2024-05-17,Friday,15,03:16 PM,Property Damage,No Injuries,0,0,0,0,0,2,Turning,10,N,N,Improper Turning/No Signal,Failing to Yield Right of Way,Daylight,Clear,Dry,N,,,,,No Controls,No Controls,N,2,41.88865,-87.79716,ok,(UNK),1,2402738,2024,,6,2,50000 and OVER,9,4295,Oak Park,C,Urban Major Collector,,16,17,12639010,5,Cook,0,24,,,5,N,No,Free Flow,202401156797,City,1,0,N,,,,(UNK),169247,(N/A),(UNK),No Defects,1,1,Major Collector,5,,X003421536,Not Toll,,1,1,"Divided, No Median Barrier",2,2941767.17130471,1910857.12457174,41.88865,-87.79716,,Urban,1,N,(N/A),Y,(N/A)
2024,2024-05-17,Friday,21,09:19 PM,Property Damage,No Injuries,0,0,0,0,0,1,Parked Motor Vehicle,9,N,N,Failing to Reduce Speed to Avoid Crash,Unable to Determine,Darkness / Lighted Road,Clear,Dry,N,,,,,No Controls,No Controls,N,2,41.8671,-87.78644,ok,(UNK),1,2402743,2024,,28,18,50000 and OVER,9,4295,Oak Park,C,Urban Local Road or Street,,16,17,12639011,5,Cook,0,24,,,5,N,No,Free Flow,202401156798,City,5,0,N,,,,(UNK),169248,(N/A),(UNK),No Defects,1,1,Local Road or Street,7,,X003421537,Not Toll,,1,1,"Divided, No Median Barrier",2,2944904.1640525,1903084.74076344,41.8671,-87.78644,,Urban,1,N,(N/A),Y,(N/A)
2024,2024-05-17,Friday,14,02:38 PM,Property Damage,No Injuries,0,0,0,0,0,2,Turning,10,N,N,Failing to Reduce Speed to Avoid Crash,Unable to Determine,Daylight,Clear,Dry,Y,,,,,Traffic Signal,Functioning Properly,N,2,41.8886,-87.79453,ok,(UNK),1,2402737,2024,,28,18,50000 and OVER,9,4295,Oak Park,C,Urban Major Collector,,16,17,12639012,5,Cook,0,24,,,5,N,Yes,Slow,202401156799,City,1,5.53000021,N,,,,(UNK),169249,(N/A),(UNK),No Defects,1,1,Major Collector,5,2775,X003421538,Not Toll,,3,4,T-Intersection,15,2942483.83085939,1910858.70087605,41.8886,-87.79453,,Urban,1,N,(N/A),Y,(N/A)
2024,2024-05-17,Friday,16,04:39 PM,Property Damage,No Injuries,0,0,0,0,0,2,Front to Rear,11,N,N,Following Too Closely,Failing to Reduce Speed to Avoid Crash,Daylight,Clear,Dry,N,,,,,No Controls,No Controls,N,2,41.87807,-87.78437,ok,(UNK),1,2402739,2024,,3,28,50000 and OVER,9,4295,Oak Park,C,Urban Major Collector,,16,17,12639013,5,Cook,0,24,,,5,N,No,Free Flow,202401156801,City,1,1.64999998,N,,,,(UNK),169250,(N/A),(UNK),No Defects,1,1,Major Collector,5,2783,X003421539,Not Toll,,1,1,"Divided, No Median Barrier",2,2945357.00908713,1907098.05728034,41.87807,-87.78437,,Urban,1,N,(N/A),Y,(N/A)
2024,2024-04-30,Tuesday,5,05:19 AM,Property Damage,No Injuries,0,0,0,0,0,1,Parked Motor Vehicle,9,N,N,(N/A),(N/A),Dawn,Clear,Dry,N,,,,,No Controls,No Controls,Y,2,41.88684,-87.7971,ok,(UNK),1,2402347,2024,,99,99,50000 and OVER,9,4295,Oak Park,C,Urban Local Road or Street,,16,30,12639016,4,Cook,0,24,,,2,N,No,Free Flow,202401156804,City,2,0,N,,,,(UNK),169253,(N/A),(UNK),No Defects,1,1,Local Road or Street,7,,X003421542,Not Toll,,1,1,Not Divided,1,2941801.73323481,1910197.97831998,41.88684,-87.7971,,Urban,1,N,(N/A),Y,(N/A)
2024,2024-05-12,Sunday,15,03:45 PM,Property Damage,No Injuries,0,0,0,0,0,2,Front to Rear,11,N,N,Following Too Closely,Failing to Reduce Speed to Avoid Crash,Daylight,Clear,Dry,N,,,,,No Controls,No Controls,Y,2,41.8734449,-87.8038728,ok,Partial Access Control,3,03-24-08517,2024,,3,28,50000 and OVER,9,4295,Oak Park,C,Urban InterState,,16,12,12639166,5,Cook,0,24,,,7,N,No,(UNK),202401156937,ISP,1,7.73000002,Y,,,,(UNK),169346,(N/A),(UNK),No Defects,1,1,InterState,1,290,X003421675,Not Toll,73,1,1,Divided With Median Barrier,3,2940091.89351074,1905265.68828546,41.87343708,-87.80386699,,Urban,1,N,(N/A),Y,(N/A)
2024,2024-04-03,Wednesday,13,01:11 PM,Injury,A Injury Crash,2,0,1,1,0,1,Turning,10,N,N,Failing to Yield Right of Way,Failing to Reduce Speed to Avoid Crash,Daylight,Rain,Wet,Y,,,,,Traffic Signal,Functioning Properly,N,2,41.8796662,-87.8047357,ok,(UNK),1,2401796,2024,,2,28,50000 and OVER,9,4295,Oak Park,C,Urban Other Principal Arte,,16,3,12639313,4,Cook,3,24,,,3,N,No,Free Flow,202401157084,City,1,19.68000031,Y,,,,(UNK),169449,(N/A),(UNK),No Defects,1,2,Other Principal Arterial,3,348,X003421811,Not Toll,73,3,4,Two-way Continuous Left-Tur,4,2939794.43700378,1907526.37014723,41.87965838,-87.80472992,,Urban,2,N,(N/A),Y,(N/A)
2024,2024-05-20,Monday,7,07:30 AM,Property Damage,No Injuries,0,0,0,0,0,3,Front to Rear,11,N,N,Failing to Reduce Speed to Avoid Crash,(N/A),Daylight,Clear,Dry,N,,,,,Other Warning Sign,No Controls,N,3,41.87972,-87.79426,ok,(UNK),1,2402771,2024,,28,99,50000 and OVER,9,4295,Oak Park,C,Urban Minor Arterial,,16,20,12639642,5,Cook,0,24,,,1,N,No,Stopped,202401157390,City,1,3.5999999,N,,,,(UNK),169647,(N/A),(UNK),No Defects,1,1,Minor Arterial,4,1419,X003422090,Not Toll,,11,1,Not Divided,1,2942646.86089228,1907624.69837674,41.87972,-87.79426,,Urban,1,N,(N/A),Y,(N/A)
2024,2024-05-17,Friday,13,01:12 PM,Property Damage,No Injuries,0,0,0,0,0,1,Parked Motor Vehicle,9,N,N,Failing to Reduce Speed to Avoid Crash,(N/A),Daylight,Unknown,Unknown,N,,,,,No Controls,No Controls,N,2,41.87071,-87.78902,ok,(UNK),1,2402772,2024,,28,99,50000 and OVER,9,4295,Oak Park,C,Urban Minor Collector,,16,17,12639658,5,Cook,0,24,,,5,N,No,Slow,202401157408,City,1,0,N,,,,(UNK),169658,(N/A),(UNK),No Defects,1,9,Minor Collector,6,,X003422106,Not Toll,,1,1,Not Divided,1,2944164.92911663,1904380.80332713,41.87071,-87.78902,,Urban,9,N,(N/A),Y,(N/A)
2024,2024-05-20,Monday,17,05:50 PM,Property Damage,No Injuries,0,0,0,0,0,2,Front to Rear,11,N,N,Failing to Reduce Speed to Avoid Crash,(N/A),Daylight,Clear,Dry,N,,,,,No Controls,No Controls,N,2,41.87958,-87.80386,ok,(UNK),1,2402782,2024,,28,99,50000 and OVER,9,4295,Oak Park,C,Urban Minor Arterial,,16,20,12639671,5,Cook,0,24,,,1,N,No,Free Flow,202401157422,City,1,0,N,,,,(UNK),169666,(N/A),(UNK),No Defects,1,1,Minor Arterial,4,,X003422119,Not Toll,,1,1,Not Divided,1,2940033.79814201,1907501.51677064,41.87958,-87.80386,,Urban,1,N,(N/A),Y,(N/A)
2024,2024-05-20,Monday,16,04:00 PM,Property Damage,No Injuries,0,0,0,0,0,2,Angle,15,N,N,Failing to Yield Right of Way,Unable to Determine,Daylight,Clear,Dry,Y,,,,,No Controls,No Controls,N,2,41.8832478,-87.8048558,ok,(UNK),1,24-01609,2024,,2,18,50000 and OVER,9,4295,Oak Park,C,Urban Other Principal Arte,,16,20,12640045,5,Cook,0,24,,,1,N,No,Slow,202401157771,City,1,19.43000031,Y,,,,(UNK),169896,(N/A),(UNK),No Defects,1,1,Other Principal Arterial,3,348,X003422469,Not Toll,73,1,1,Driveway,13,2939725.79669042,1908830.67683626,41.88324,-87.80485,,Urban,1,N,(N/A),Y,(N/A)
2024,2024-05-21,Tuesday,15,03:16 PM,Property Damage,No Injuries,0,0,0,0,0,5,Turning,10,N,N,Failing to Yield Right of Way,(N/A),Daylight,Clear,Dry,N,,,,,No Controls,No Controls,N,2,41.87983,-87.78933,ok,(UNK),1,2402802,2024,,2,99,50000 and OVER,9,4295,Oak Park,C,Urban Minor Arterial,,16,21,12640840,5,Cook,0,24,,,2,N,No,Free Flow,202401158470,City,1,0.61000001,N,,,,(UNK),170379,(N/A),(UNK),No Defects,1,1,Minor Arterial,4,2779,X003423178,Not Toll,,1,1,Not Divided,1,2943988.38897407,1907701.95702122,41.87983,-87.78933,,Urban,1,N,(N/A),Y,(N/A)
2024,2024-05-21,Tuesday,16,04:07 PM,Injury,C Injury Crash,1,0,0,0,1,1,Front to Rear,11,N,N,Failing to Reduce Speed to Avoid Crash,(N/A),Daylight,Clear,Dry,N,,,,,No Controls,No Controls,N,2,41.885,-87.79441,ok,(UNK),1,2402804,2024,,28,99,50000 and OVER,9,4295,Oak Park,C,Urban Major Collector,,16,21,12640843,5,Cook,1,24,,,2,N,No,Slow,202401158473,City,1,5.78000021,N,,,,(UNK),170382,(N/A),(UNK),No Defects,1,1,Major Collector,5,2775,X003423181,Not Toll,,1,1,Not Divided,1,2942552.79391474,1909547.6976591,41.885,-87.79441,,Urban,1,N,(N/A),Y,(N/A)
2024,2024-05-21,Tuesday,16,04:15 PM,Property Damage,No Injuries,0,0,0,0,0,2,Front to Rear,11,N,N,Failing to Reduce Speed to Avoid Crash,(N/A),Daylight,Clear,Dry,N,,,,,Traffic Signal,Functioning Properly,N,2,41.88862,-87.80251,ok,(UNK),1,2402806,2024,,28,99,50000 and OVER,9,4295,Oak Park,C,Urban Major Collector,,16,21,12640857,5,Cook,0,24,,,2,N,No,Stopped,202401158484,City,1,0,N,,,,(UNK),170389,(N/A),(UNK),No Defects,1,1,Major Collector,5,,X003423192,Not Toll,,3,4,Not Divided,1,2940310.6547461,1910805.98793154,41.88862,-87.80251,,Urban,1,N,(N/A),Y,(N/A)
2024,2024-05-21,Tuesday,19,07:42 PM,Property Damage,No Injuries,0,0,0,0,0,2,Turning,10,N,N,Improper Overtaking/Passing,Unable to Determine,Daylight,Clear,Dry,N,,,,,No Controls,No Controls,Y,2,41.88176,-87.78121,ok,(UNK),1,2402808,2024,,4,18,50000 and OVER,9,4295,Oak Park,C,Urban Major Collector,,16,21,12640882,5,Cook,0,24,,,2,N,No,Free Flow,202401158506,City,1,0,N,,,,(UNK),170403,(N/A),(UNK),No Defects,1,1,Major Collector,5,,X003423212,Not Toll,,1,1,"Divided, No Median Barrier",2,2946180.23203983,1908466.67905227,41.88176,-87.78121,,Urban,1,N,(N/A),Y,(N/A)
2024,2024-04-02,Tuesday,21,09:10 PM,Property Damage,No Injuries,0,0,0,0,0,2,Front to Rear,11,N,N,Failing to Reduce Speed to Avoid Crash,Weather,Darkness / Lighted Road,Rain,Wet,Y,,,,,No Controls,No Controls,N,2,41.9091836,-87.7808055,ok,(UNK),1,2401786,2024,,28,11,50000 and OVER,9,4295,Oak Park,C,Urban Other Principal Arte,,16,2,12641170,4,Cook,0,24,,,2,N,No,Free Flow,202401158792,City,5,7.21000004,Y,,,,(UNK),170600,(N/A),(UNK),No Defects,1,2,Other Principal Arterial,3,307,X003423485,Not Toll,73,1,1,Not Divided,1,2946012.32595699,1918463.44147257,41.90917576,-87.78079974,,Urban,2,N,(N/A),Y,(N/A)
2024,2024-04-01,Monday,15,03:44 PM,Injury,B Injury Crash,2,0,0,2,0,1,Sideswipe Same Direction,12,N,N,Improper Lane Usage,(N/A),Daylight,Rain,Wet,N,,,,,No Controls,No Controls,N,2,41.8854023,-87.8049145,ok,(UNK),1,2401759,2024,,20,99,50000 and OVER,9,4295,Oak Park,C,Urban Other Principal Arte,,16,1,12641175,4,Cook,2,24,,,1,N,No,Free Flow,202401158797,City,1,19.28000069,Y,,,,(UNK),170604,(N/A),(UNK),No Defects,1,2,Other Principal Arterial,3,348,X003423490,Not Toll,73,1,1,"Divided, No Median Barrier",2,2939688.18062392,1909615.35965009,41.88539446,-87.80490874,,Urban,2,N,(N/A),Y,(N/A)
2024,2024-04-05,Friday,15,03:08 PM,Property Damage,No Injuries,0,0,0,0,0,3,Turning,10,N,N,Failing to Yield Right of Way,Failing to Reduce Speed to Avoid Crash,Daylight,Clear,Dry,Y,,,,,Stop Sign,Functioning Properly,N,2,41.86698,-87.79378,ok,(UNK),1,2401840,2024,,2,28,50000 and OVER,9,4295,Oak Park,C,Urban Major Collector,,16,5,12641176,4,Cook,0,24,,,5,N,No,Free Flow,202401158798,City,1,0,N,,,,(UNK),170605,(N/A),(UNK),No Defects,1,1,Major Collector,5,,X003423491,Not Toll,,2,4,Not Divided,1,2942905.99931354,1902985.62979811,41.86698,-87.79378,,Urban,1,N,(N/A),Y,(N/A)
2024,2024-04-03,Wednesday,15,03:28 PM,Injury,B Injury Crash,1,0,0,1,0,2,Front to Rear,11,N,N,Failing to Reduce Speed to Avoid Crash,Weather,Daylight,Rain,Wet,Y,,,,,Pedestrian Crossing,Functioning Properly,N,2,41.87983,-87.78773,ok,(UNK),1,2401798,2024,,28,11,50000 and OVER,9,4295,Oak Park,C,Urban Minor Arterial,,16,3,12641179,4,Cook,2,24,,,3,N,No,Slow,202401158802,City,1,3.94000006,N,,,,(UNK),170608,(N/A),(UNK),No Defects,1,2,Minor Arterial,4,1419,X003423494,Not Toll,,17,4,Unknown,9,2944424.13326917,1907714.03777109,41.87983,-87.78773,,Urban,2,N,(N/A),Y,(N/A)
2024,2024-04-04,Thursday,17,05:57 PM,Property Damage,No Injuries,0,0,0,0,0,3,Angle,15,N,N,Failing to Yield Right of Way,Driving Skills/Knowledge/Experience,Daylight,Rain,Wet,Y,,,,,Stop Sign,Functioning Properly,N,2,41.86687,-87.79774,ok,(UNK),1,2401820,2024,,2,15,50000 and OVER,9,4295,Oak Park,C,Urban Local Road or Street,,16,4,12641188,4,Cook,0,24,,,4,N,No,Free Flow,202401158811,City,1,0,N,,,,(UNK),170616,(N/A),(UNK),No Defects,1,2,Local Road or Street,7,,X003423503,Not Toll,,2,4,Four Way,14,2941828.42312906,1902915.73651894,41.86687,-87.79774,,Urban,2,N,(N/A),Y,(N/A)
2024,2024-04-05,Friday,15,03:39 PM,Injury,B Injury Crash,1,0,0,1,0,1,Angle,15,N,N,Disregarding Stop Sign,Unable to Determine,Daylight,Clear,Dry,Y,,,,,Stop Sign,Functioning Properly,N,2,41.88337,-87.78619,ok,(UNK),1,2401842,2024,,23,18,50000 and OVER,9,4295,Oak Park,C,Urban Local Road or Street,,16,5,12641189,4,Cook,2,24,,,5,N,No,Free Flow,202401158812,City,1,0,N,,,,(UNK),170617,(N/A),(UNK),No Defects,1,1,Local Road or Street,7,,X003423504,Not Toll,,2,4,Four Way,14,2944807.73510255,1909015.71497154,41.88337,-87.78619,,Urban,1,N,(N/A),Y,(N/A)
2024,2024-04-06,Saturday,15,03:27 PM,Injury,C Injury Crash,1,0,0,0,1,1,Pedalcyclist,2,N,Y,Disregarding Other Traffic Signs,Disregarding Other Traffic Signs,Daylight,Clear,Dry,Y,,,,,Traffic Signal,Functioning Properly,N,1,41.88831,-87.78474,ok,(UNK),1,2401867,2024,,24,24,50000 and OVER,9,4295,Oak Park,C,Urban Major Collector,,16,6,12641190,4,Cook,1,24,,,6,N,No,Free Flow,202401158813,City,1,0,N,,,,(UNK),170618,(N/A),(UNK),No Defects,1,1,Major Collector,5,,X003423505,Not Toll,,3,4,Not Divided,1,2945152.61087248,1910826.90655304,41.88831,-87.78474,,Urban,1,N,(N/A),Y,(N/A)
2024,2024-04-11,Thursday,8,08:57 AM,Property Damage,No Injuries,0,0,0,0,0,3,Turning,10,N,N,Failing to Reduce Speed to Avoid Crash,Unable to Determine,Daylight,Rain,Wet,Y,,,,,Stop Sign,Functioning Properly,N,2,41.87225,-87.8036,ok,(UNK),1,2401955,2024,,28,18,50000 and OVER,9,4295,Oak Park,C,Urban Local Road or Street,,16,11,12641191,4,Cook,0,24,,,4,N,No,Free Flow,202401158814,City,1,0,N,,,,(UNK),170619,(N/A),(UNK),No Defects,1,2,Local Road or Street,7,,X003423506,Not Toll,,2,4,T-Intersection,15,2940178.18827623,1904832.2849928,41.87225,-87.8036,,Urban,2,N,(N/A),Y,(N/A)
2024,2024-05-22,Wednesday,9,09:51 AM,Property Damage,No Injuries,0,0,0,0,0,1,Parked Motor Vehicle,9,N,N,Driving Skills/Knowledge/Experience,(N/A),Daylight,Clear,Dry,N,,,,,No Controls,No Controls,N,2,41.8946308,-87.7798667,ok,(UNK),1,2402816,2024,,15,99,50000 and OVER,9,4295,Oak Park,C,Urban Minor Arterial,,16,22,12641930,5,Cook,0,24,,,3,N,No,Stopped,202401159484,City,1,3.88000011,N,,,,(UNK),171099,(N/A),(UNK),No Defects,1,1,Minor Arterial,4,1398,X003424187,Not Toll,73,1,1,Four Way,14,2946415.53405639,1913167.21154165,41.89462292,-87.77986086,,Urban,1,N,(N/A),Y,(N/A)
2024,2024-04-18,Thursday,8,08:32 AM,Injury,B Injury Crash,2,0,0,1,1,2,Angle,15,N,N,Failing to Yield Right of Way,Failing to Reduce Speed to Avoid Crash,Daylight,Clear,Dry,Y,,,,,Stop Sign,Functioning Properly,N,2,41.86714,-87.784,ok,(UNK),1,2402104,2024,,2,28,50000 and OVER,9,4295,Oak Park,C,Urban Major Collector,,16,18,12642176,4,Cook,2,24,,,4,N,No,Free Flow,202401159716,City,1,2.41000009,N,,,,(UNK),171252,(N/A),(UNK),No Defects,1,1,Major Collector,5,2783,X003424419,Not Toll,,2,4,Not Divided,1,2945568.40159908,1903117.7653944,41.86714,-87.784,,Urban,1,N,(N/A),Y,(N/A)
2024,2024-04-15,Monday,15,03:18 PM,Injury,B Injury Crash,2,0,0,2,0,1,Sideswipe Same Direction,12,N,N,Improper Overtaking/Passing,Failing to Reduce Speed to Avoid Crash,Daylight,Clear,Dry,N,,,,,No Controls,No Controls,N,2,41.9089441,-87.798534,ok,(UNK),1,2402045,2024,,4,28,50000 and OVER,9,4295,Oak Park,C,Urban Other Principal Arte,,16,15,12642182,4,Cook,2,24,,,1,N,No,Free Flow,202401159722,City,1,6.30000019,Y,,,,(UNK),171255,(N/A),(UNK),No Defects,1,1,Other Principal Arterial,3,307,X003424425,Not Toll,73,1,1,"Divided, No Median Barrier",2,2941188.77730867,1918242.35350698,41.90893626,-87.7985282,,Urban,1,N,(N/A),Y,(N/A)
2024,2024-04-14,Sunday,18,06:31 PM,Property Damage,No Injuries,0,0,0,0,0,1,Parked Motor Vehicle,9,N,N,Under Influence of Alcohol/Drugs,Failing to Reduce Speed to Avoid Crash,Daylight,Clear,Dry,N,,,,,No Controls,No Controls,Y,2,41.88159,-87.78941,ok,(UNK),1,2402018,2024,,8,28,50000 and OVER,9,4295,Oak Park,C,Urban Major Collector,,16,14,12642184,4,Cook,0,24,,,7,N,No,Free Flow,202401159724,City,1,0.5,N,,,,(UNK),171257,(N/A),(UNK),No Defects,1,1,Major Collector,5,2779,X003424427,Not Toll,,1,1,Not Divided,1,2943948.82626514,1908342.72966039,41.88159,-87.78941,,Urban,1,N,(N/A),Y,(N/A)
2024,2024-04-13,Saturday,19,07:53 PM,Injury,B Injury Crash,1,0,0,1,0,1,Pedestrian,1,Y,N,Failing to Yield Right of Way,Failing to Reduce Speed to Avoid Crash,Darkness / Lighted Road,Clear,Dry,N,,,,,Traffic Signal,Functioning Properly,Y,1,41.88685,-87.79446,ok,(UNK),1,2401996,2024,,2,28,50000 and OVER,9,4295,Oak Park,C,Urban Major Collector,,16,13,12642190,4,Cook,2,24,,,6,N,No,(UNK),202401159730,City,5,5.6500001,N,,,,(UNK),171260,(N/A),(UNK),No Defects,1,1,Major Collector,5,2775,X003424433,Not Toll,,3,4,One-Way,10,2942520.53137977,1910221.49542854,41.88685,-87.79446,,Urban,1,N,(N/A),Y,(N/A)
2024,2024-05-22,Wednesday,16,04:20 PM,Property Damage,No Injuries,0,0,0,0,0,3,Angle,15,N,N,Failing to Yield Right of Way,Failing to Reduce Speed to Avoid Crash,Daylight,Clear,Dry,Y,,,,,Stop Sign,Functioning Properly,N,2,41.86694,-87.79381,ok,(UNK),1,2402824,2024,,2,28,50000 and OVER,9,4295,Oak Park,C,Urban Major Collector,,16,22,12642197,5,Cook,0,24,,,3,N,No,Free Flow,202401159735,City,1,7.03999996,N,,,,(UNK),171263,(N/A),(UNK),No Defects,1,1,Major Collector,5,2775,X003424438,Not Toll,,2,4,Not Divided,1,2942898.23060275,1902970.82709374,41.86694,-87.79381,,Urban,1,N,(N/A),Y,(N/A)
2024,2024-05-22,Wednesday,16,04:58 PM,Property Damage,No Injuries,0,0,0,0,0,2,Angle,15,N,N,Failing to Yield Right of Way,(N/A),Daylight,Clear,Dry,Y,,,,,Stop Sign,Functioning Properly,N,2,41.89463,-87.78163,ok,(UNK),1,2402826,2024,,2,99,50000 and OVER,9,4295,Oak Park,C,Urban Minor Arterial,,16,22,12642198,5,Cook,0,24,,,3,N,No,Free Flow,202401159736,City,1,3.78999996,N,,,,(UNK),171264,(N/A),(UNK),No Defects,1,1,Minor Arterial,4,1398,X003424439,Not Toll,,2,4,Four Way,14,2945935.42412566,1913153.57170828,41.89463,-87.78163,,Urban,1,N,(N/A),Y,(N/A)