crash_year,crash_date,day_of_week,crash_hour,time_of_crash,crash_severity,crash_injury_severity,total_injured,total_fatals,a_injuries,b_injuries,c_injuries,no_injuries,type_of_first_crash,collision_type_code,pedestrian_involved,pedalcyclist_involved,cause1,cause2,lighting_cond,weather_cond,road_surface_cond,intersection_related,is_intersection,highway_or_street_name,at_intersection_with,address_no,traffic_control_device,traffic_control_device_cond,hit_and_run,number_of_vehicles,latitude,longitude,location_status,access_control,agency_code,agency_report_number,agency_report_year,alignment_code,cause1_code,cause2_code,city_class,city_class_code,city_code,city_name,city_township_flag,class_of_trafficway,class_of_trafficway_code,county_code,crash_day,crash_id,crash_month,crash_report_county,crash_severity_cd,crash_yr_source,damaged_property1,damaged_property2,day_of_week_code,did_crash_occur_in_work_zone,did_involve_secondary_crash,flow_condition,icn,investigating_agency_descrip,light_condition_code,mile_station,nhs,non_intersection_direction,non_intersection_distance,non_intersection_units,number_of_lanes,objectid,railroad_crossing_number,road_alignment,road_defects,road_defects_code,road_surface_condition_code,roadway_functional_class,roadway_functional_class_code,route_number,sfe,toll,township,traffic_control_device_code,traffic_control_device_cond_code,trafficway_descrip,trafficway_description_code,ts_crash_coordinate_x,ts_crash_coordinate_y,ts_crash_latitude,ts_crash_longitude,type_report,urban_rural,weather_code,were_workers_present,work_zone,work_zone_related,work_zone_type
2024,2024-05-22,Wednesday,20,08:38 PM,Injury,C Injury Crash,1,0,0,0,1,0,Fixed Object,6,N,N,Physical Condition of Driver,Operating Vehicle In Reckless Manner,Darkness / Lighted Road,Clear,Dry,N,,,,,No Controls,No Controls,N,1,41.9069203,-87.8057213,ok,(UNK),1,2402832,2024,,17,50,50000 and OVER,9,4295,Oak Park,C,Urban Other Principal Arte,,16,22,12642210,5,Cook,1,24,FENCE,FENCE,3,N,Yes,Free Flow,202401159755,City,5,17.79000092,Y,,,,(UNK),171272,(N/A),(UNK),No Defects,1,1,Other Principal Arterial,3,348,X003424449,Not Toll,73,1,1,"Divided, No Median Barrier",2,2939252.59921353,1917450.85805149,41.90691241,-87.80571547,,Urban,1,N,(N/A),Y,(N/A)
2024,2024-05-19,Sunday,11,11:04 AM,Property Damage,No Injuries,0,0,0,0,0,2,Sideswipe Same Direction,12,N,N,Improper Lane Usage,Failing to Reduce Speed to Avoid Crash,Daylight,Clear,Dry,N,,,,,Other Warning Sign,Functioning Properly,N,2,41.8730321,-87.7996378,ok,Partial Access Control,3,03-24-08926,2024,,20,28,50000 and OVER,9,4295,Oak Park,C,Urban InterState,,16,19,12642827,5,Cook,0,24,,,7,N,No,(UNK),202401160471,ISP,1,7.92999983,Y,,,,(UNK),171690,(N/A),(UNK),No Defects,1,1,InterState,1,290,X003425036,Not Toll,73,11,4,Divided With Median Barrier,3,2941249.50933521,1905147.04559945,41.87302425,-87.79963203,,Urban,1,N,(N/A),Y,(N/A)
2024,2024-05-07,Tuesday,12,12:20 PM,Property Damage,No Injuries,0,0,0,0,0,2,Sideswipe Same Direction,12,N,N,Unable to Determine,Unable to Determine,Daylight,Clear,Dry,N,,,,,No Controls,No Controls,N,2,41.8849205,-87.8048975,ok,(UNK),1,24-01464,2024,,18,18,50000 and OVER,9,4295,Oak Park,C,Urban Other Principal Arte,,16,7,12642841,5,Cook,0,24,,,2,N,No,Free Flow,202401160484,City,1,19.30999947,Y,,,,(UNK),171701,(N/A),(UNK),No Defects,1,1,Other Principal Arterial,3,348,X003425050,Not Toll,73,1,1,"Divided, No Median Barrier",2,2939697.6604589,1909439.89748377,41.88491262,-87.80489169,,Urban,1,N,(N/A),Y,(N/A)
2024,2024-05-23,Thursday,7,07:50 AM,Property Damage,No Injuries,0,0,0,0,0,3,Front to Rear,11,N,N,Failing to Reduce Speed to Avoid Crash,Following Too Closely,Daylight,Clear,Dry,N,,,,,Other,Functioning Properly,N,3,41.8723778,-87.7892765,ok,Partial Access Control,3,03-24-09213,2024,,28,3,50000 and OVER,9,4295,Oak Park,C,Urban InterState,,16,23,12643306,5,Cook,0,24,,,4,N,No,(UNK),202401160919,ISP,1,8.43999958,Y,,,,(UNK),172013,(N/A),(UNK),No Defects,1,1,InterState,1,290,X003425492,Not Toll,73,13,4,Divided With Median Barrier,3,2944078.23083779,1904986.65686275,41.87236999,-87.78927067,,Urban,1,N,(N/A),Y,(N/A)
2024,2024-05-23,Thursday,14,02:24 PM,Property Damage,No Injuries,0,0,0,0,0,2,Sideswipe Same Direction,12,N,N,Failing to Reduce Speed to Avoid Crash,Unable to Determine,Daylight,Clear,Dry,N,,,,,No Controls,No Controls,N,2,41.8796674,-87.8047358,ok,(UNK),1,2402845,2024,,28,18,50000 and OVER,9,4295,Oak Park,C,Urban Other Principal Arte,,16,23,12643379,5,Cook,0,24,,,4,N,No,Free Flow,202401160980,City,1,19.68000031,Y,,,,(UNK),172055,(N/A),(UNK),No Defects,1,1,Other Principal Arterial,3,348,X003425554,Not Toll,73,1,1,Not Divided,1,2939794.41006078,1907526.7981959,41.87965956,-87.80472998,,Urban,1,N,(N/A),Y,(N/A)
2024,2024-05-23,Thursday,13,01:35 PM,Property Damage,No Injuries,0,0,0,0,0,2,Angle,15,N,N,Failing to Reduce Speed to Avoid Crash,Unable to Determine,Daylight,Clear,Dry,Y,,,,,Stop Sign,Functioning Properly,N,2,41.8706377,-87.7939367,ok,(UNK),1,2402842,2024,,28,18,50000 and OVER,9,4295,Oak Park,C,Urban Major Collector,,16,23,12644694,5,Cook,0,24,,,4,N,No,Free Flow,202401162228,City,1,6.78999996,N,,,,(UNK),172946,(N/A),(UNK),No Defects,1,1,Major Collector,5,2775,X003426797,Not Toll,73,2,4,Not Divided,1,2942826.45990375,1904317.39670448,41.8706299,-87.79393087,,Urban,1,N,(N/A),Y,(N/A)
2024,2024-05-23,Thursday,16,04:37 PM,Property Damage,No Injuries,0,0,0,0,0,7,Front to Rear,11,N,N,Failing to Reduce Speed to Avoid Crash,Driving Skills/Knowledge/Experience,Daylight,Clear,Dry,N,,,,,Traffic Signal,Functioning Properly,N,4,41.9014296,-87.8055201,ok,(UNK),1,2402850,2024,,28,15,50000 and OVER,9,4295,Oak Park,C,Urban Other Principal Arte,,16,23,12644695,5,Cook,0,24,,,4,N,Yes,Stopped,202401162229,City,1,18.17000008,Y,,,,(UNK),172947,(N/A),(UNK),No Defects,1,1,Other Principal Arterial,3,348,X003426798,Not Toll,73,3,4,"Divided, No Median Barrier",2,2939362.4636635,1915451.47650217,41.90142178,-87.8055143,,Urban,1,N,(N/A),Y,(N/A)
2024,2024-05-24,Friday,12,12:40 PM,Property Damage,No Injuries,0,0,0,0,0,3,Turning,10,N,N,Unable to Determine,Unable to Determine,Daylight,Rain,Wet,Y,,,,,Traffic Signal,Functioning Properly,N,2,41.8944178,-87.7946764,ok,(UNK),1,2402873,2024,,18,18,50000 and OVER,9,4295,Oak Park,C,Urban Minor Arterial,,16,24,12644698,5,Cook,0,24,,,5,N,No,Free Flow,202401162232,City,1,5.11999989,N,,,,(UNK),172950,(N/A),(UNK),No Defects,1,2,Minor Arterial,4,2775,X003426801,Not Toll,73,3,4,Not Divided,1,2942385.32714703,1912977.72695761,41.89440999,-87.79467059,,Urban,2,N,(N/A),Y,(N/A)
2024,2024-05-23,Thursday,13,01:35 PM,Injury,C Injury Crash,6,0,0,0,6,2,Front to Rear,11,N,N,Following Too Closely,Failing to Reduce Speed to Avoid Crash,Daylight,Clear,Dry,N,,,,,Stop Sign,Functioning Properly,Y,3,41.8653688,-87.7826881,ok,(UNK),1,2402870,2024,,3,28,50000 and OVER,9,4295,Oak Park,C,Urban Other Principal Arte,,16,23,12644701,5,Cook,1,24,,,4,N,No,Stopped,202401162235,City,1,7.0999999,Y,,,,(UNK),172953,(N/A),(UNK),No Defects,1,1,Other Principal Arterial,3,347,X003426804,Not Toll,52,2,4,"Divided, No Median Barrier",2,2945943.69507137,1902482.24321449,41.86536098,-87.78268229,,Urban,1,N,(N/A),Y,(N/A)
2024,2024-05-25,Saturday,12,12:30 PM,Property Damage,No Injuries,0,0,0,0,0,2,Front to Rear,11,N,N,Following Too Closely,Driving Skills/Knowledge/Experience,Daylight,Clear,Dry,Y,,,,,Traffic Signal,Functioning Properly,N,2,41.8813878,-87.8047858,ok,(UNK),1,24-01672,2024,,3,15,50000 and OVER,9,4295,Oak Park,C,Urban Other Principal Arte,,16,25,12645261,5,Cook,0,24,,,6,N,No,Free Flow,202401162736,City,1,19.55999947,Y,,,,(UNK),173307,(N/A),(UNK),No Defects,1,1,Other Principal Arterial,3,348,X003427313,Not Toll,73,3,4,"Divided, No Median Barrier",2,2939763.52364909,1908153.38389951,41.88138,-87.80478,,Urban,1,N,(N/A),Y,(N/A)
2024,2024-05-25,Saturday,12,12:24 PM,Property Damage,No Injuries,0,0,0,0,0,2,Turning,10,N,N,Improper Lane Usage,Unable to Determine,Daylight,Clear,Dry,N,,,,,No Controls,No Controls,N,2,41.9092068,-87.7795453,ok,(UNK),1,2402892,2024,,20,18,50000 and OVER,9,4295,Oak Park,C,Urban Other Principal Arte,,16,25,12645551,5,Cook,0,24,,,6,N,No,Free Flow,202401163017,City,1,7.28000021,Y,,,,(UNK),173523,(N/A),(UNK),No Defects,1,1,Other Principal Arterial,3,307,X003427590,Not Toll,73,1,1,Divided With Median Barrier,3,2946355.15967231,1918481.43823953,41.90919894,-87.77953945,,Urban,1,N,(N/A),Y,(N/A)
2024,2024-05-25,Saturday,23,11:45 PM,Property Damage,No Injuries,0,0,0,0,0,2,Front to Rear,11,N,N,Following Too Closely,Failing to Reduce Speed to Avoid Crash,Darkness / Lighted Road,Clear,Dry,N,,,,,Other Regualtory Sig,Functioning Properly,Y,2,41.8713445,-87.776187,ok,Partial Access Control,3,03-24-09423,2024,,3,28,50000 and OVER,9,4295,Oak Park,C,Urban InterState,,16,25,12645909,5,Cook,0,24,,,6,N,No,(UNK),202401163361,ISP,5,9.10999966,Y,,,,(UNK),173779,(N/A),(UNK),No Defects,1,1,InterState,1,290,X003427928,Not Toll,73,10,4,Divided With Median Barrier,3,2947653.92901319,1904709.1586797,41.87133665,-87.7761812,,Urban,1,N,(N/A),Y,(N/A)
2024,2024-05-26,Sunday,14,02:33 PM,Property Damage,No Injuries,0,0,0,0,0,1,Parked Motor Vehicle,9,N,N,Operating Vehicle In Reckless Manner,Failing to Reduce Speed to Avoid Crash,Daylight,Rain,Wet,N,,,,,No Controls,No Controls,Y,2,41.9004098,-87.7838212,ok,(UNK),1,2402916,2024,,50,28,50000 and OVER,9,4295,Oak Park,C,Urban Local Road or Street,,16,26,12646486,5,Cook,0,24,,,7,N,No,Free Flow,202401163926,City,1,0,N,,,,(UNK),174197,(N/A),(UNK),No Defects,1,2,Local Road or Street,7,,X003428493,Not Toll,73,1,1,"Divided, No Median Barrier",2,2945280.27304429,1915243.24562805,41.90040192,-87.78381543,,Urban,2,N,(N/A),Y,(N/A)
2024,2024-05-27,Monday,8,08:23 AM,Property Damage,No Injuries,0,0,0,0,0,2,Front to Rear,11,N,N,Distraction - From Inside Vehicle,Following Too Closely,Daylight,Cloudy/Overcast,Dry,Y,,,,,Traffic Signal,Functioning Properly,N,2,41.8832478,-87.8048557,ok,(UNK),1,24-01694,2024,,41,3,50000 and OVER,9,4295,Oak Park,C,Urban Other Principal Arte,,16,27,12646806,5,Cook,0,24,,,1,N,No,Free Flow,202401164225,City,1,19.43000031,Y,,,,(UNK),174408,(N/A),(UNK),No Defects,1,1,Other Principal Arterial,3,348,X003428793,Not Toll,73,3,4,"Divided, No Median Barrier",2,2939725.82055169,1908830.67771267,41.88324,-87.80484991,,Urban,8,N,(N/A),Y,(N/A)
2024,2024-05-25,Saturday,15,03:27 PM,Injury,B Injury Crash,3,0,0,2,1,1,Angle,15,N,N,Failing to Yield Right of Way,Failing to Reduce Speed to Avoid Crash,Daylight,Clear,Dry,N,,,,,No Controls,No Controls,N,3,41.8652431,-87.7891493,ok,(UNK),1,24-04857,2024,,2,28,50000 and OVER,9,4295,Oak Park,C,Urban Other Principal Arte,,16,25,12646893,5,Cook,2,24,,,6,N,Yes,Free Flow,202401164309,City,1,6.76999998,Y,,,,(UNK),174478,(N/A),(UNK),No Defects,1,1,Other Principal Arterial,3,347,X003428876,Not Toll,52,1,1,"Divided, No Median Barrier",2,2944184.91516057,1902387.59516087,41.86523527,-87.78914351,,Urban,1,N,(N/A),Y,(N/A)
2024,2024-05-20,Monday,11,11:20 AM,Property Damage,No Injuries,0,0,0,0,0,2,Front to Rear,11,N,N,Failing to Reduce Speed to Avoid Crash,Following Too Closely,Daylight,Clear,Dry,N,,,,,Other Regualtory Sig,Functioning Properly,Y,2,41.8737065,-87.8037869,ok,Partial Access Control,3,03-24-09009,2024,,28,3,50000 and OVER,9,4295,Oak Park,C,Urban InterState,,16,20,12647014,5,Cook,0,24,,,1,N,No,(UNK),202401164421,ISP,1,7.73000002,Y,,,,(UNK),174563,(N/A),(UNK),No Defects,1,1,InterState,1,290,X003428988,Not Toll,73,10,4,Divided With Median Barrier,3,2940112.67086085,1905361.64873173,41.87369863,-87.80378107,,Urban,1,N,(N/A),Y,(N/A)
2024,2024-04-17,Wednesday,7,07:53 AM,Injury,B Injury Crash,1,0,0,1,0,0,Parked Motor Vehicle,9,N,N,Under Influence of Alcohol/Drugs,Physical Condition of Driver,Daylight,Clear,Dry,N,,,,,No Controls,No Controls,Y,2,41.8798217,-87.7880274,ok,(UNK),1,2402082,2024,,8,17,50000 and OVER,9,4295,Oak Park,C,Urban Minor Arterial,,16,17,12647679,4,Cook,2,24,,,3,N,No,Free Flow,202401165074,City,1,3.92000008,N,,,,(UNK),175036,(N/A),(UNK),No Defects,1,1,Minor Arterial,4,1419,X003429631,Not Toll,73,1,1,Two-way Continuous Left-Tur,4,2944343.23496225,1907708.78388234,41.8798139,-87.78802156,,Urban,1,N,(N/A),Y,(N/A)
2024,2024-05-23,Thursday,17,05:47 PM,Property Damage,No Injuries,0,0,0,0,0,2,Angle,15,N,N,Failing to Reduce Speed to Avoid Crash,(N/A),Daylight,Clear,Dry,N,,,,,Traffic Signal,Functioning Properly,Y,2,41.8814331,-87.7943308,ok,(UNK),1,2402853,2024,,28,99,50000 and OVER,9,4295,Oak Park,C,Urban Major Collector,,16,23,12649415,5,Cook,0,24,,,4,N,No,Free Flow,202401166694,City,1,6.03000021,N,,,,(UNK),176189,(N/A),(UNK),No Defects,1,1,Major Collector,5,2775,X003431228,Not Toll,73,3,4,Not Divided,1,2942610.31102051,1908248.44040181,41.88142523,-87.79432501,,Urban,1,N,(N/A),Y,(N/A)
2024,2024-05-25,Saturday,9,09:35 AM,Property Damage,No Injuries,0,0,0,0,0,2,Angle,15,N,N,Failing to Yield Right of Way,(N/A),Daylight,Clear,Dry,Y,,,,,Stop Sign,Functioning Properly,N,2,41.8762534,-87.7855516,ok,(UNK),1,2402887,2024,,2,99,50000 and OVER,9,4295,Oak Park,C,Urban Local Road or Street,,16,25,12649416,5,Cook,0,24,,,6,N,No,Free Flow,202401166695,City,1,0,N,,,,(UNK),176190,(N/A),(UNK),No Defects,1,1,Local Road or Street,7,,X003431229,Not Toll,73,2,4,Other,8,2945053.57005469,1906427.10493439,41.87624552,-87.78554584,,Urban,1,N,(N/A),Y,(N/A)
2024,2024-05-25,Saturday,14,02:35 PM,Property Damage,No Injuries,0,0,0,0,0,1,Parked Motor Vehicle,9,N,N,Unable to Determine,Unable to Determine,Unknown,Cloudy/Overcast,Dry,N,,,,,No Controls,No Controls,Y,2,41.8878712,-87.8044438,ok,(UNK),1,2402897,2024,,18,18,50000 and OVER,9,4295,Oak Park,C,Urban Local Road or Street,,16,25,12649417,5,Cook,0,24,,,6,N,No,Free Flow,202401166696,City,9,0,N,,,,(UNK),176191,(N/A),(UNK),No Defects,1,1,Local Road or Street,7,,X003431230,Not Toll,73,1,1,Parking Lot,7,2939791.5867512,1910518.61443366,41.88786339,-87.80443802,,Urban,8,N,(N/A),Y,(N/A)
2024,2024-05-26,Sunday,0,00:07 AM,Property Damage,No Injuries,0,0,0,0,0,3,Front to Rear,11,N,N,Unable to Determine,Failing to Reduce Speed to Avoid Crash,Darkness / Lighted Road,Clear,Dry,N,,,,,Stop Sign,Functioning Properly,Y,2,41.8654772,-87.7839789,ok,(UNK),1,2402911,2024,,18,28,50000 and OVER,9,4295,Oak Park,C,Urban Major Collector,,16,26,12649424,5,Cook,0,24,,,7,N,No,Stopped,202401166704,City,5,2.52999997,N,,,,(UNK),176193,(N/A),(UNK),No Defects,1,1,Major Collector,5,2783,X003431237,Not Toll,73,2,4,"Divided, No Median Barrier",2,2945590.97839683,1902511.98316728,41.86546939,-87.7839731,,Urban,1,N,(N/A),Y,(N/A)
2024,2024-05-28,Tuesday,9,09:01 AM,Property Damage,No Injuries,0,0,0,0,0,1,Parked Motor Vehicle,9,N,N,Failing to Reduce Speed to Avoid Crash,(N/A),Daylight,Clear,Dry,N,,,,,No Controls,No Controls,N,2,41.873781,-87.7960405,ok,(UNK),1,2402938,2024,,28,99,50000 and OVER,9,4295,Oak Park,C,Urban Local Road or Street,,16,28,12649427,5,Cook,0,24,,,2,N,No,Free Flow,202401166707,City,1,0,N,,,,(UNK),176195,(N/A),(UNK),No Defects,1,1,Local Road or Street,7,,X003431240,Not Toll,73,1,1,Not Divided,1,2942221.76661465,1905447.02457265,41.87377319,-87.79603471,,Urban,1,N,(N/A),Y,(N/A)
2024,2024-05-28,Tuesday,15,03:12 PM,Property Damage,No Injuries,0,0,0,0,0,2,Angle,15,N,N,Improper Lane Usage,Improper Backing,Daylight,Clear,Dry,N,,,,,No Controls,No Controls,N,2,41.8882542,-87.782288,ok,(UNK),1,2402952,2024,,20,30,50000 and OVER,9,4295,Oak Park,C,Urban Major Collector,,16,28,12649428,5,Cook,0,24,,,2,N,No,Slow,202401166708,City,1,0.97000003,N,,,,(UNK),176196,(N/A),(UNK),No Defects,1,1,Major Collector,5,1405,X003431241,Not Toll,73,1,1,One-Way,10,2945820.87651956,1910825.10776598,41.8882463,-87.78228217,,Urban,1,N,(N/A),Y,(N/A)
2024,2024-05-29,Wednesday,8,08:16 AM,Property Damage,No Injuries,0,0,0,0,0,1,Parked Motor Vehicle,9,N,N,Improper Overtaking/Passing,Failing to Reduce Speed to Avoid Crash,Daylight,Clear,Dry,N,,,,,No Controls,No Controls,Y,2,41.8935624,-87.7799712,ok,(UNK),1,2402970,2024,,4,28,50000 and OVER,9,4295,Oak Park,C,Urban Local Road or Street,,16,29,12650436,5,Cook,0,24,,,3,N,No,Free Flow,202401167676,City,1,1.07000005,N,,,,(UNK),176857,(N/A),(UNK),No Defects,1,1,Local Road or Street,7,3559,X003432198,Not Toll,73,1,1,Not Divided,1,2946397.90502115,1912777.09572463,41.89355459,-87.77996541,,Urban,1,N,(N/A),Y,(N/A)
2024,2024-05-24,Friday,21,09:10 PM,Property Damage,No Injuries,0,0,0,0,0,2,Front to Rear,11,N,N,Failing to Reduce Speed to Avoid Crash,Following Too Closely,Darkness / Lighted Road,Rain,Wet,N,,,,,No Controls,Functioning Properly,N,2,41.8728336,-87.7977329,ok,Partial Access Control,3,03-24-09338,2024,,28,3,50000 and OVER,9,4295,Oak Park,C,Urban InterState,,16,24,12650887,5,Cook,0,24,,,5,N,No,(UNK),202401167820,ISP,5,8.01000023,Y,,,,(UNK),177133,(N/A),(UNK),No Defects,1,2,InterState,1,290,X003432336,Not Toll,,1,4,Divided With Median Barrier,3,2941770.33947198,1905089.03034937,41.8728336,-87.79773294,,Urban,2,N,(N/A),Y,(N/A)
2024,2024-05-29,Wednesday,16,04:03 PM,Property Damage,No Injuries,0,0,0,0,0,2,Front to Rear,11,N,N,Failing to Reduce Speed to Avoid Crash,Following Too Closely,Daylight,Clear,Dry,N,,,,,Traffic Signal,Functioning Properly,N,2,41.8800672,-87.7799133,ok,(UNK),1,2402981,2024,,28,3,50000 and OVER,9,4295,Oak Park,C,Urban Minor Arterial,,16,29,12652058,5,Cook,0,24,,,3,N,No,Free Flow,202401168946,City,1,4.3499999,N,,,,(UNK),177875,(N/A),(UNK),No Defects,1,1,Minor Arterial,4,1419,X003433447,Not Toll,73,3,4,Four Way,14,2946550.54334336,1907859.60396078,41.88005932,-87.77990746,,Urban,1,N,(N/A),Y,(N/A)
2024,2024-05-29,Wednesday,16,04:28 PM,Property Damage,No Injuries,0,0,0,0,0,2,Sideswipe Same Direction,12,N,N,Unable to Determine,Unable to Determine,Daylight,Clear,Dry,N,,,,,No Controls,No Controls,N,2,41.8944493,-87.7925881,ok,(UNK),1,2402983,2024,,18,18,50000 and OVER,9,4295,Oak Park,C,Urban Minor Arterial,,16,29,12652089,5,Cook,0,24,,,3,N,No,Free Flow,202401168973,City,1,3.21000004,N,,,,(UNK),177896,(N/A),(UNK),No Defects,1,1,Minor Arterial,4,1398,X003433474,Not Toll,73,1,1,Not Divided,1,2942953.6102834,1913004.92469031,41.89444144,-87.79258228,,Urban,1,N,(N/A),Y,(N/A)
2024,2024-05-29,Wednesday,17,05:59 PM,Property Damage,No Injuries,0,0,0,0,0,4,Sideswipe Same Direction,12,N,N,Improper Lane Usage,(N/A),Daylight,Clear,Dry,N,,,,,Traffic Signal,Functioning Properly,N,2,41.872283,-87.8044649,ok,(UNK),1,2402984,2024,,20,99,50000 and OVER,9,4295,Oak Park,C,Urban Other Principal Arte,,16,29,12652093,5,Cook,0,24,,,3,N,No,Stopped,202401168976,City,1,20.18000031,Y,,,,(UNK),177899,(N/A),(UNK),No Defects,1,1,Other Principal Arterial,3,348,X003433478,Not Toll,73,3,4,Not Divided,1,2939942.29231923,1904837.81558014,41.87227514,-87.80445906,,Urban,1,N,(N/A),Y,(N/A)
2024,2024-05-30,Thursday,11,11:29 AM,Property Damage,No Injuries,0,0,0,0,0,2,Sideswipe Same Direction,12,N,N,Improper Lane Usage,Failing to Reduce Speed to Avoid Crash,Daylight,Clear,Dry,N,,,,,Traffic Signal,Functioning Properly,N,2,41.8817179,-87.7845153,ok,(UNK),1,2402995,2024,,20,28,50000 and OVER,9,4295,Oak Park,C,Urban Major Collector,,16,30,12652118,5,Cook,0,24,,,4,N,No,Free Flow,202401169001,City,1,1.02999997,N,,,,(UNK),177915,(N/A),(UNK),No Defects,1,1,Major Collector,5,5,X003433502,Not Toll,73,3,4,Other,8,2945280.51880004,1908426.30519235,41.88171001,-87.78450951,,Urban,1,N,(N/A),Y,(N/A)
2024,2024-05-28,Tuesday,7,07:10 AM,Property Damage,No Injuries,0,0,0,0,0,2,Front to Rear,11,N,N,Failing to Reduce Speed to Avoid Crash,(N/A),Daylight,Clear,Dry,Y,,,,,Traffic Signal,Functioning Properly,N,2,41.8854023,-87.8049127,ok,(UNK),1,2403003,2024,,28,99,50000 and OVER,9,4295,Oak Park,C,Urban Other Principal Arte,,16,28,12652127,5,Cook,0,24,,,2,N,No,Stopped,202401169009,City,1,19.28000069,Y,,,,(UNK),177923,(N/A),(UNK),No Defects,1,1,Other Principal Arterial,3,348,X003433511,Not Toll,73,3,4,Other,8,2939688.6740139,1909615.3906193,41.8853945,-87.80490693,,Urban,1,N,(N/A),Y,(N/A)
2024,2024-05-30,Thursday,16,04:00 PM,Property Damage,No Injuries,0,0,0,0,0,1,Parked Motor Vehicle,9,N,N,Failing to Reduce Speed to Avoid Crash,(N/A),Daylight,Clear,Dry,N,,,,,No Controls,No Controls,N,2,41.8727243,-87.7794371,ok,(UNK),1,2403006,2024,,28,99,50000 and OVER,9,4295,Oak Park,C,Urban Local Road or Street,,16,30,12652151,5,Cook,0,24,,,4,N,No,Free Flow,202401169036,City,1,0,N,,,,(UNK),177937,(N/A),(UNK),No Defects,1,1,Local Road or Street,7,,X003433534,Not Toll,73,1,1,Not Divided,1,2946754.69255295,1905187.33485791,41.87271645,-87.77943128,,Urban,1,N,(N/A),Y,(N/A)
2024,2024-05-30,Thursday,17,05:30 PM,Property Damage,No Injuries,0,0,0,0,0,2,Sideswipe Same Direction,12,N,N,Failing to Reduce Speed to Avoid Crash,(N/A),Daylight,Clear,Dry,N,,,,,No Controls,No Controls,Y,2,41.8941798,-87.8052247,ok,(UNK),1,2403010,2024,,28,99,50000 and OVER,9,4295,Oak Park,C,Urban Other Principal Arte,,16,30,12652153,5,Cook,0,24,,,4,N,No,Free Flow,202401169038,City,1,18.67000008,Y,,,,(UNK),177939,(N/A),(UNK),No Defects,1,1,Other Principal Arterial,3,348,X003433536,Not Toll,73,1,1,"Divided, No Median Barrier",2,2939515.64131559,1912811.72911198,41.89417199,-87.80521891,,Urban,1,N,(N/A),Y,(N/A)
2024,2024-05-31,Friday,15,03:15 PM,Property Damage,No Injuries,0,0,0,0,0,2,Turning,10,N,N,Unable to Determine,Unable to Determine,Daylight,Clear,Dry,Y,,,,,Traffic Signal,Functioning Properly,Y,2,41.8654741,-87.774126,ok,(UNK),1,JH286815,2024,,18,18,50000 and OVER,9,4295,Oak Park,C,Urban Other Principal Arte,,16,31,12652847,5,Cook,0,24,,,5,N,No,(UNK),202401169654,City,1,7.55000019,Y,,,,(UNK),178401,(N/A),(UNK),No Defects,1,1,Other Principal Arterial,3,347,X003434143,Not Toll,56,3,4,Not Divided,1,2948274.95301758,1902585.52381232,41.86546624,-87.77412021,,Urban,1,N,(N/A),Y,(N/A)
2024,2024-05-31,Friday,8,08:56 AM,Property Damage,No Injuries,0,0,0,0,0,3,Front to Rear,11,N,N,Following Too Closely,Failing to Reduce Speed to Avoid Crash,Darkness / Lighted Road,Clear,Dry,N,,,,,Other Warning Sign,Functioning Improperly,N,2,41.8712415,-87.7745209,ok,Partial Access Control,3,03-24-09817,2024,,3,28,50000 and OVER,9,4295,Oak Park,C,Urban InterState,,16,31,12654721,5,Cook,0,24,,,5,N,No,(UNK),202401171546,ISP,5,9.19999981,Y,,,,(UNK),179720,(N/A),(UNK),No Defects,1,1,InterState,1,290,X003435942,Not Toll,73,11,3,Divided With Median Barrier,3,2948108.77687779,1904684.26879963,41.87123364,-87.77451512,,Urban,1,N,(N/A),Y,(N/A)
2024,2024-06-02,Sunday,21,09:55 PM,Property Damage,No Injuries,0,0,0,0,0,2,Turning,10,N,N,Improper Lane Usage,Improper Turning/No Signal,Darkness / Lighted Road,Clear,Dry,N,,,,,Other,Functioning Properly,Y,2,41.8710841,-87.7747196,ok,Partial Access Control,3,03-24-09993,2024,,20,6,50000 and OVER,9,4295,Oak Park,C,Urban InterState,,16,2,12655167,6,Cook,0,24,,,7,N,No,(UNK),202401171963,ISP,5,0,Y,,,,(UNK),180034,(N/A),(UNK),No Defects,1,1,InterState,1,,X003436364,Not Toll,73,13,4,Ramp,11,2948056.27162295,1904625.3907827,41.87107621,-87.77471376,,Urban,1,N,(N/A),Y,(N/A)
2024,2024-05-27,Monday,20,08:16 PM,Property Damage,No Injuries,0,0,0,0,0,0,Parked Motor Vehicle,9,N,N,Failing to Reduce Speed to Avoid Crash,Unable to Determine,Daylight,Clear,Dry,N,,,,,No Controls,No Controls,Y,2,41.870607,-87.7769293,ok,(UNK),1,2402931,2024,,28,18,50000 and OVER,9,4295,Oak Park,C,Urban Local Road or Street,,16,27,12655906,5,Cook,0,24,,,1,N,No,Free Flow,202401172493,City,1,0.12,N,,,,(UNK),180531,(N/A),(UNK),No Defects,1,1,Local Road or Street,7,290,X003436891,Not Toll,73,1,1,Not Divided,1,2947459.22959059,1904434.75481479,41.87059912,-87.77692351,,Urban,1,N,(N/A),Y,(N/A)