crash_year,crash_date,day_of_week,crash_hour,time_of_crash,crash_severity,crash_injury_severity,total_injured,total_fatals,a_injuries,b_injuries,c_injuries,no_injuries,type_of_first_crash,collision_type_code,pedestrian_involved,pedalcyclist_involved,cause1,cause2,lighting_cond,weather_cond,road_surface_cond,intersection_related,is_intersection,highway_or_street_name,at_intersection_with,address_no,traffic_control_device,traffic_control_device_cond,hit_and_run,number_of_vehicles,latitude,longitude,location_status,access_control,agency_code,agency_report_number,agency_report_year,alignment_code,cause1_code,cause2_code,city_class,city_class_code,city_code,city_name,city_township_flag,class_of_trafficway,class_of_trafficway_code,county_code,crash_day,crash_id,crash_month,crash_report_county,crash_severity_cd,crash_yr_source,damaged_property1,damaged_property2,day_of_week_code,did_crash_occur_in_work_zone,did_involve_secondary_crash,flow_condition,icn,investigating_agency_descrip,light_condition_code,mile_station,nhs,non_intersection_direction,non_intersection_distance,non_intersection_units,number_of_lanes,objectid,railroad_crossing_number,road_alignment,road_defects,road_defects_code,road_surface_condition_code,roadway_functional_class,roadway_functional_class_code,route_number,sfe,toll,township,traffic_control_device_code,traffic_control_device_cond_code,trafficway_descrip,trafficway_description_code,ts_crash_coordinate_x,ts_crash_coordinate_y,ts_crash_latitude,ts_crash_longitude,type_report,urban_rural,weather_code,were_workers_present,work_zone,work_zone_related,work_zone_type
2024,2024-05-31,Friday,12,12:34 PM,Property Damage,No Injuries,0,0,0,0,0,5,Angle,15,N,N,Failing to Reduce Speed to Avoid Crash,Unable to Determine,Daylight,Clear,Dry,Y,,,,,Traffic Signal,Functioning Properly,N,2,41.8761173,-87.7941066,ok,(UNK),1,2403021,2024,,28,18,50000 and OVER,9,4295,Oak Park,C,Urban Major Collector,,16,31,12656062,5,Cook,0,24,,,5,N,No,Free Flow,202401172566,City,1,6.40999985,N,,,,(UNK),180581,(N/A),(UNK),No Defects,1,1,Major Collector,5,2775,X003436964,Not Toll,73,3,4,Four Way,14,2942724.96033253,1906312.97097942,41.87610947,-87.79410076,,Urban,1,N,(N/A),Y,(N/A)
2024,2024-05-31,Friday,15,03:56 PM,Injury,C Injury Crash,1,0,0,0,1,1,Pedestrian,1,Y,N,Failing to Yield Right of Way,(N/A),Daylight,Clear,Dry,N,,,,,No Controls,No Controls,N,1,41.8747095,-87.7996906,ok,(UNK),1,2403027,2024,,2,99,50000 and OVER,9,4295,Oak Park,C,Urban Local Road or Street,,16,31,12656158,5,Cook,1,24,,,5,N,No,(UNK),202401172617,City,1,0,N,,,,(UNK),180611,(N/A),(UNK),No Defects,1,1,Local Road or Street,7,,X003437015,Not Toll,73,1,1,Not Divided,1,2941218.26856897,1905757.94192847,41.8747017,-87.79968481,,Urban,1,N,(N/A),Y,(N/A)
2024,2024-06-02,Sunday,8,08:45 AM,Injury,C Injury Crash,1,0,0,0,1,0,Parked Motor Vehicle,9,N,N,Failing to Reduce Speed to Avoid Crash,Distraction - From Inside Vehicle,Daylight,Clear,Dry,N,,,,,No Controls,No Controls,N,2,41.88986,-87.7831139,ok,(UNK),1,2403060,2024,,28,41,50000 and OVER,9,4295,Oak Park,C,Urban Local Road or Street,,16,2,12656168,6,Cook,1,24,,,7,N,No,Free Flow,202401172619,City,1,0,N,,,,(UNK),180612,(N/A),(UNK),No Defects,1,1,Local Road or Street,7,,X003437017,Not Toll,73,1,1,Not Divided,1,2945579.69553386,1911404.05812307,41.88985215,-87.78310814,,Urban,1,N,(N/A),Y,(N/A)
2024,2024-06-02,Sunday,22,10:09 PM,Property Damage,No Injuries,0,0,0,0,0,3,Sideswipe Same Direction,12,N,N,Improper Overtaking/Passing,Vision Obscured,Darkness / Lighted Road,Clear,Dry,N,,,,,No Controls,No Controls,N,2,41.8812518,-87.8047795,ok,(UNK),1,2403077,2024,,4,14,50000 and OVER,9,4295,Oak Park,C,Urban Other Principal Arte,,16,2,12656170,6,Cook,0,24,,,7,N,No,Free Flow,202401172621,City,5,19.56999969,Y,,,,(UNK),180613,(N/A),(UNK),No Defects,1,1,Other Principal Arterial,3,348,X003437019,Not Toll,73,1,1,"Divided, No Median Barrier",2,2939766.59715022,1908103.86096171,41.88124397,-87.80477373,,Urban,1,N,(N/A),Y,(N/A)
2024,2024-06-01,Saturday,11,11:16 AM,Property Damage,No Injuries,0,0,0,0,0,3,Turning,10,N,N,Failing to Yield Right of Way,Failing to Reduce Speed to Avoid Crash,Daylight,Rain,Wet,Y,,,,,No Controls,No Controls,N,2,41.8946179,-87.7816317,ok,(UNK),1,2403043,2024,,2,28,50000 and OVER,9,4295,Oak Park,C,Urban Minor Arterial,,16,1,12656171,6,Cook,0,24,,,6,N,No,Free Flow,202401172622,City,1,3.78999996,N,,,,(UNK),180614,(N/A),(UNK),No Defects,1,2,Minor Arterial,4,1398,X003437020,Not Toll,73,1,1,"Divided, No Median Barrier",2,2945935.07596235,1913149.16105458,41.89461008,-87.78162593,,Urban,2,N,(N/A),Y,(N/A)
2024,2024-06-01,Saturday,12,12:38 PM,Property Damage,No Injuries,0,0,0,0,0,4,Front to Rear,11,N,N,Failing to Reduce Speed to Avoid Crash,Following Too Closely,Daylight,Other,Wet,N,,,,,Traffic Signal,Functioning Properly,Y,2,41.8798115,-87.7940925,ok,(UNK),1,2403045,2024,,28,3,50000 and OVER,9,4295,Oak Park,C,Urban Minor Arterial,,16,1,12656173,6,Cook,0,24,,,6,N,No,Slow,202401172623,City,1,3.6099999,N,,,,(UNK),180615,(N/A),(UNK),Unknown,99,2,Minor Arterial,4,1419,X003437021,Not Toll,73,3,4,"Divided, No Median Barrier",2,2942691.54417548,1907659.28847566,41.87980361,-87.79408675,,Urban,7,N,(N/A),N,(N/A)
2024,2024-06-01,Saturday,19,07:16 PM,Property Damage,No Injuries,0,0,0,0,0,1,Parked Motor Vehicle,9,N,N,Failing to Reduce Speed to Avoid Crash,Unable to Determine,Daylight,Rain,Wet,N,,,,,No Controls,No Controls,Y,2,41.894577,-87.784128,ok,(UNK),1,2403054,2024,,28,18,50000 and OVER,9,4295,Oak Park,C,Urban Minor Arterial,,16,1,12656174,6,Cook,0,24,,,6,N,No,Free Flow,202401172624,City,1,3.67000008,N,,,,(UNK),180616,(N/A),(UNK),No Defects,1,2,Minor Arterial,4,1398,X003437022,Not Toll,73,1,1,Not Divided,1,2945255.81488143,1913115.3356282,41.89456911,-87.78412219,,Urban,2,N,(N/A),Y,(N/A)
2024,2024-06-01,Saturday,15,03:04 PM,Injury,B Injury Crash,1,0,0,1,0,1,Pedestrian,1,Y,N,Failing to Yield Right of Way,Failing to Reduce Speed to Avoid Crash,Daylight,Rain,Wet,Y,,,,,Stop Sign,Functioning Properly,N,1,41.8901779,-87.7975444,ok,(UNK),1,2403047,2024,,2,28,50000 and OVER,9,4295,Oak Park,C,Urban Local Road or Street,,16,1,12656178,6,Cook,2,24,,,6,N,No,Free Flow,202401172626,City,1,0,N,,,,(UNK),180618,(N/A),(UNK),No Defects,1,2,Local Road or Street,7,,X003437024,Not Toll,73,2,4,Not Divided,1,2941647.12950581,1911411.02763708,41.89017005,-87.79753855,,Urban,2,N,(N/A),Y,(N/A)
2024,2024-06-02,Sunday,12,12:21 PM,Property Damage,No Injuries,0,0,0,0,0,2,Front to Rear,11,N,N,Following Too Closely,Failing to Reduce Speed to Avoid Crash,Daylight,Clear,Dry,N,,,,,No Controls,No Controls,N,2,41.8686509,-87.8043333,ok,(UNK),1,2403065,2024,,3,28,50000 and OVER,9,4295,Oak Park,C,Urban Other Principal Arte,,16,2,12656179,6,Cook,0,24,,,7,N,No,Slow,202401172627,City,1,20.44000053,Y,,,,(UNK),180619,(N/A),(UNK),No Defects,1,1,Other Principal Arterial,3,348,X003437025,Not Toll,73,1,1,"Divided, No Median Barrier",2,2940014.57377508,1903515.21552772,41.86864307,-87.80432749,,Urban,1,N,(N/A),Y,(N/A)
2024,2024-06-02,Sunday,16,04:25 PM,Property Damage,No Injuries,0,0,0,0,0,4,Angle,15,N,N,Failing to Yield Right of Way,Failing to Reduce Speed to Avoid Crash,Daylight,Clear,Dry,Y,,,,,Stop Sign,Functioning Properly,N,3,41.901938,-87.7802266,ok,(UNK),1,2403069,2024,,2,28,50000 and OVER,9,4295,Oak Park,C,Urban Major Collector,,16,2,12656184,6,Cook,0,24,FENCE,,7,N,Yes,Free Flow,202401172630,City,1,0.5,N,,,,(UNK),180621,(N/A),(UNK),No Defects,1,1,Major Collector,5,3559,X003437028,Not Toll,73,2,4,Not Divided,1,2946243.42210707,1915827.37550224,41.90193013,-87.78022079,,Urban,1,N,(N/A),Y,(N/A)
2024,2024-05-19,Sunday,9,09:25 AM,Property Damage,No Injuries,0,0,0,0,0,2,Sideswipe Opposite Direction,13,N,N,Physical Condition of Driver,Driving On Wrong Side/Wrong Way,Darkness,Clear,Dry,N,,,,,Traffic Signal,Functioning Properly,Y,2,41.8978908,-87.805385,ok,(UNK),1,2400587,2024,,17,5,50000 and OVER,9,4295,Oak Park,C,Urban Other Principal Arte,,16,19,12656191,5,Cook,0,24,,,7,N,No,Slow,202401172637,City,4,18.40999985,Y,,,,(UNK),180626,(N/A),(UNK),No Defects,1,1,Other Principal Arterial,3,348,X003437035,Not Toll,73,3,4,Not Divided,1,2939434.76007519,1914162.85987492,41.89788292,-87.8053792,,Urban,1,N,(N/A),Y,(N/A)
2024,2024-05-21,Tuesday,12,12:29 PM,Property Damage,No Injuries,0,0,0,0,0,2,Turning,10,N,N,Improper Turning/No Signal,Driving Skills/Knowledge/Experience,Daylight,Clear,Dry,Y,,,,,No Controls,No Controls,N,2,41.8922093,-87.8051633,ok,(UNK),1,2400595,2024,,6,15,50000 and OVER,9,4295,Oak Park,C,Urban Other Principal Arte,,16,21,12656192,5,Cook,0,24,,,2,N,No,Free Flow,202401172638,City,1,18.80999947,Y,,,,(UNK),180627,(N/A),(UNK),No Defects,1,1,Other Principal Arterial,3,348,X003437036,Not Toll,73,1,1,Not Divided,1,2939552.14939992,1912094.08500759,41.89220144,-87.80515745,,Urban,1,N,(N/A),Y,(N/A)
2024,2024-06-03,Monday,15,03:52 PM,Property Damage,No Injuries,0,0,0,0,0,2,Sideswipe Same Direction,12,N,N,Improper Lane Usage,Improper Turning/No Signal,Daylight,Clear,Dry,N,,,,,No Controls,No Controls,N,2,41.8866591,-87.8049512,ok,(UNK),1,24-01774,2024,,20,6,50000 and OVER,9,4295,Oak Park,C,Urban Other Principal Arte,,16,3,12656733,6,Cook,0,24,,,1,N,No,Free Flow,202401173116,City,1,19.19000053,Y,,,,(UNK),180938,(N/A),(UNK),No Defects,1,1,Other Principal Arterial,3,348,X003437516,Not Toll,73,1,1,"Divided, No Median Barrier",2,2939665.59740592,1910073.10166056,41.8866513,-87.80494536,,Urban,1,N,(N/A),Y,(N/A)
2024,2024-06-03,Monday,12,12:05 PM,Property Damage,No Injuries,0,0,0,0,0,1,Parked Motor Vehicle,9,N,N,Unable to Determine,Unable to Determine,Daylight,Clear,Dry,N,,,,,No Controls,No Controls,N,2,41.8886493,-87.802533,ok,(UNK),1,2403084,2024,,18,18,50000 and OVER,9,4295,Oak Park,C,Urban Major Collector,,16,3,12657468,6,Cook,0,24,,,1,N,No,Free Flow,202401173759,City,1,0,N,,,,(UNK),181394,(N/A),(UNK),No Defects,1,1,Major Collector,5,,X003438156,Not Toll,73,1,1,Parking Lot,7,2940304.08545797,1910816.48239482,41.88864143,-87.80252724,,Urban,1,N,(N/A),Y,(N/A)
2024,2024-06-03,Monday,13,01:58 PM,Injury,C Injury Crash,1,0,0,0,1,1,Sideswipe Same Direction,12,N,N,Failing to Reduce Speed to Avoid Crash,Driving Skills/Knowledge/Experience,Daylight,Clear,Dry,N,,,,,Traffic Signal,Functioning Properly,N,2,41.9017143,-87.7946981,ok,(UNK),1,2403087,2024,,28,15,50000 and OVER,9,4295,Oak Park,C,Urban Major Collector,,16,3,12657471,6,Cook,1,24,,,1,N,No,Stopped,202401173762,City,1,1.54999995,N,,,,(UNK),181395,(N/A),(UNK),No Defects,1,1,Major Collector,5,1394,X003438159,Not Toll,73,3,4,Not Divided,1,2942305.86927559,1915636.54032191,41.90170646,-87.79469228,,Urban,1,N,(N/A),Y,(N/A)
2024,2024-06-03,Monday,14,02:20 PM,Property Damage,No Injuries,0,0,0,0,0,1,Parked Motor Vehicle,9,N,N,Improper Lane Usage,Unable to Determine,Daylight,Clear,Dry,N,,,,,Stop Sign,Functioning Properly,Y,2,41.8743288,-87.7940572,ok,(UNK),1,2403092,2024,,20,18,50000 and OVER,9,4295,Oak Park,C,Urban Major Collector,,16,3,12657481,6,Cook,0,24,,,1,N,No,Free Flow,202401173773,City,1,6.53000021,N,,,,(UNK),181402,(N/A),(UNK),No Defects,1,1,Major Collector,5,2775,X003438168,Not Toll,73,2,4,Not Divided,1,2942756.42892286,1905661.57149179,41.87432095,-87.79405141,,Urban,1,N,(N/A),Y,(N/A)
2024,2024-06-04,Tuesday,17,05:05 PM,Property Damage,No Injuries,0,0,0,0,0,1,Parked Motor Vehicle,9,N,N,Following Too Closely,Driving Skills/Knowledge/Experience,Daylight,Clear,Dry,N,,,,,No Controls,No Controls,Y,2,41.8661632,-87.7741487,ok,(UNK),1,JH292319,2024,,3,15,50000 and OVER,9,4295,Oak Park,C,Urban Minor Arterial,,16,4,12658152,6,Cook,0,24,,,2,N,No,(UNK),202401174421,City,1,8.67000008,N,,,,(UNK),181816,(N/A),(UNK),No Defects,1,1,Minor Arterial,4,2790,X003438794,Not Toll,,1,1,Not Divided,1,2948261.76279784,1902836.46124987,41.86615532,-87.77414292,,Urban,1,N,(N/A),Y,(N/A)
2024,2024-05-26,Sunday,11,11:20 AM,Property Damage,No Injuries,0,0,0,0,0,2,Front to Rear,11,N,N,Following Too Closely,Distraction â€“ Other Electronic Device (Navigation Device / DVD Player / etc.),Daylight,Rain,Wet,Y,,,,,Traffic Signal,Functioning Properly,Y,2,41.8736411,-87.8045213,ok,Partial Access Control,1,24-01687,2024,,3,43,50000 and OVER,9,4295,Oak Park,C,Urban InterState,,16,26,12658227,5,Cook,0,24,,,7,N,No,Stopped,202401174485,City,1,0.23999999,Y,,,,(UNK),181863,(N/A),(UNK),No Defects,1,2,InterState,1,290,X003438862,Not Toll,73,3,4,"Divided, No Median Barrier",2,2939913.29657747,1905332.30427374,41.87363323,-87.80451549,,Urban,2,N,(N/A),Y,(N/A)
2024,2024-05-25,Saturday,17,05:06 PM,Injury,B Injury Crash,1,0,0,1,0,2,Front to Rear,11,N,N,Following Too Closely,Failing to Reduce Speed to Avoid Crash,Daylight,Clear,Dry,N,,,,,Other Warning Sign,Functioning Properly,N,3,41.8715431,-87.7793879,ok,Partial Access Control,3,03-24-09396,2024,,3,28,50000 and OVER,9,4295,Oak Park,C,Urban InterState,,16,25,12658330,5,Cook,2,24,,,6,N,No,(UNK),202401174575,ISP,1,8.94999981,Y,,,,(UNK),181929,(N/A),(UNK),No Defects,1,1,InterState,1,290,X003438956,Not Toll,73,11,4,Divided With Median Barrier,3,2946780.07067371,1904757.25693527,41.87153526,-87.77938208,,Urban,1,N,(N/A),Y,(N/A)
2024,2024-06-03,Monday,5,05:48 AM,Property Damage,No Injuries,0,0,0,0,0,1,Parked Motor Vehicle,9,N,N,Failing to Reduce Speed to Avoid Crash,Improper Lane Usage,Daylight,Clear,Dry,N,,,,,No Controls,No Controls,N,2,41.8940854,-87.7946647,ok,(UNK),1,2403078,2024,,28,20,50000 and OVER,9,4295,Oak Park,C,Urban Major Collector,,16,3,12658522,6,Cook,0,24,,,1,N,No,Free Flow,202401174741,City,1,5.13999987,N,,,,(UNK),182052,(N/A),(UNK),No Defects,1,1,Major Collector,5,2775,X003439120,Not Toll,73,1,1,Not Divided,1,2942391.8569612,1912856.66138831,41.89407753,-87.79465892,,Urban,1,N,(N/A),Y,(N/A)
2024,2024-06-04,Tuesday,10,10:17 AM,Property Damage,No Injuries,0,0,0,0,0,2,Turning,10,N,N,Disregarding Other Traffic Signs,Improper Turning/No Signal,Daylight,Clear,Dry,N,,,,,Other Regualtory Sig,Functioning Properly,N,2,41.8798499,-87.7865016,ok,(UNK),1,2403104,2024,,24,6,50000 and OVER,9,4295,Oak Park,C,Urban Minor Arterial,,16,4,12658523,6,Cook,0,24,,,2,N,No,Free Flow,202401174742,City,1,4.01000023,N,,,,(UNK),182053,(N/A),(UNK),No Defects,1,1,Minor Arterial,4,1419,X003439121,Not Toll,73,10,4,Two-way Continuous Left-Tur,4,2944758.48549454,1907730.55978412,41.87984203,-87.78649577,,Urban,1,N,(N/A),Y,(N/A)
2024,2024-06-04,Tuesday,11,11:54 AM,Property Damage,No Injuries,0,0,0,0,0,1,Parked Motor Vehicle,9,N,N,Driving Skills/Knowledge/Experience,(N/A),Daylight,Clear,Dry,N,,,,,No Controls,No Controls,N,2,41.8937172,-87.8003439,ok,(UNK),1,2403110,2024,,15,99,50000 and OVER,9,4295,Oak Park,C,Urban Local Road or Street,,16,4,12659177,6,Cook,0,24,,,2,N,No,Slow,202401175394,City,1,0,N,,,,(UNK),182486,(N/A),(UNK),No Defects,1,1,Local Road or Street,7,,X003439724,Not Toll,73,1,1,Not Divided,1,2940849.22488767,1912679.76696999,41.89370935,-87.80033814,,Urban,1,N,(N/A),Y,(N/A)
2024,2024-05-29,Wednesday,17,05:30 PM,Property Damage,No Injuries,0,0,0,0,0,2,Front to Rear,11,N,N,Following Too Closely,Failing to Reduce Speed to Avoid Crash,Daylight,Clear,Dry,N,,,,,Other Regualtory Sig,Functioning Properly,N,2,41.8713077,-87.7757037,ok,Partial Access Control,3,03-24-09660,2024,,3,28,50000 and OVER,9,4295,Oak Park,C,Urban InterState,,16,29,12659630,5,Cook,0,24,,,3,N,No,(UNK),202401175843,ISP,1,9.14000034,Y,,,,(UNK),182783,(N/A),(UNK),No Defects,1,1,InterState,1,290,X003440149,Not Toll,73,10,4,Divided With Median Barrier,3,2947785.94919786,1904699.41684492,41.87129985,-87.77569788,,Urban,1,N,(N/A),Y,(N/A)
2024,2024-06-05,Wednesday,17,05:02 PM,Property Damage,No Injuries,0,0,0,0,0,2,Front to Rear,11,N,N,Following Too Closely,Failing to Reduce Speed to Avoid Crash,Daylight,Clear,Unknown,N,,,,,No Controls,No Controls,N,2,41.8947167,-87.7752462,ok,(UNK),1,2403141,2024,,3,28,50000 and OVER,9,4295,Oak Park,C,Urban Minor Arterial,,16,5,12659881,6,Cook,0,24,,,3,N,No,Slow,202401176089,City,1,4.11999989,N,,,,(UNK),182950,(N/A),(UNK),Other,10,9,Minor Arterial,4,1398,X003440377,Not Toll,73,1,1,"Divided, No Median Barrier",2,2947672.70420083,1913233.57639333,41.89470886,-87.77524042,,Urban,1,N,(N/A),N,(N/A)
2024,2024-06-05,Wednesday,12,12:10 PM,Property Damage,No Injuries,0,0,0,0,0,2,Turning,10,N,N,Operating Vehicle In Reckless Manner,Improper Overtaking/Passing,Daylight,Clear,Dry,Y,,,,,No Controls,No Controls,Y,2,41.8797213,-87.7942756,ok,(UNK),1,2403130,2024,,50,4,50000 and OVER,9,4295,Oak Park,C,Urban Minor Arterial,,16,5,12660734,6,Cook,0,24,,,3,N,No,Free Flow,202401176791,City,1,3.5999999,N,,,,(UNK),183522,(N/A),(UNK),No Defects,1,1,Minor Arterial,4,1419,X003440961,Not Toll,73,1,1,"Divided, No Median Barrier",2,2942642.59588747,1907625.05151352,41.87971345,-87.79426981,,Urban,1,N,(N/A),Y,(N/A)
2024,2024-06-06,Thursday,15,03:16 PM,Property Damage,No Injuries,0,0,0,0,0,2,Front to Rear,11,N,N,Following Too Closely,Distraction - From Inside Vehicle,Daylight,Clear,Dry,Y,,,,,Traffic Signal,Functioning Properly,N,2,41.8813878,-87.8047858,ok,(UNK),1,24-01818,2024,,3,41,50000 and OVER,9,4295,Oak Park,C,Urban Other Principal Arte,,16,6,12661044,6,Cook,0,24,,,4,N,No,Free Flow,202401177125,City,1,19.55999947,Y,,,,(UNK),183713,(N/A),(UNK),No Defects,1,1,Other Principal Arterial,3,348,X003441260,Not Toll,73,3,4,"Divided, No Median Barrier",2,2939763.52364909,1908153.38389951,41.88138,-87.80478,,Urban,1,N,(N/A),Y,(N/A)
2024,2024-06-06,Thursday,10,10:18 AM,Property Damage,No Injuries,0,0,0,0,0,1,Fixed Object,6,N,N,(N/A),(N/A),Daylight,Clear,Dry,Y,,,,,Traffic Signal,Functioning Properly,N,1,41.8867111,-87.8049543,ok,(UNK),1,2403154,2024,,99,99,50000 and OVER,9,4295,Oak Park,C,Urban Other Principal Arte,,16,6,12661530,6,Cook,0,24,,,4,N,No,Free Flow,202401177593,City,1,19.19000053,Y,,,,(UNK),184024,(N/A),(UNK),No Defects,1,1,Other Principal Arterial,3,348,X003441708,Not Toll,73,3,4,Divided With Median Barrier,3,2939664.23488019,1910092.00161439,41.88670323,-87.80494845,,Urban,1,N,(N/A),Y,(N/A)
2024,2024-06-06,Thursday,16,04:29 PM,Property Damage,No Injuries,0,0,0,0,0,1,Parked Motor Vehicle,9,N,N,Failing to Reduce Speed to Avoid Crash,Unable to Determine,Daylight,Clear,Dry,N,,,,,No Controls,No Controls,N,2,41.9091907,-87.780606,ok,(UNK),1,2403166,2024,,28,18,50000 and OVER,9,4295,Oak Park,C,Urban Other Principal Arte,,16,6,12661740,6,Cook,0,24,,,4,N,No,Free Flow,202401177807,City,1,7.21999979,Y,,,,(UNK),184179,(N/A),(UNK),No Defects,1,1,Other Principal Arterial,3,307,X003441893,Not Toll,73,1,1,Four Way,14,2946066.55910383,1918467.53047162,41.90918284,-87.78060025,,Urban,1,N,(N/A),Y,(N/A)
2024,2024-06-06,Thursday,17,05:31 PM,Property Damage,No Injuries,0,0,0,0,0,2,Front to Front,14,N,N,Failing to Reduce Speed to Avoid Crash,Failing to Yield Right of Way,Daylight,Clear,Dry,N,,,,,Traffic Signal,Functioning Properly,N,2,41.8818638,-87.7943358,ok,(UNK),1,2403167,2024,,28,2,50000 and OVER,9,4295,Oak Park,C,Urban Major Collector,,16,6,12661773,6,Cook,0,24,,,4,N,No,Slow,202401177848,City,1,6,N,,,,(UNK),184202,(N/A),(UNK),No Defects,1,1,Major Collector,5,2775,X003441926,Not Toll,73,3,4,"Divided, No Median Barrier",2,2942604.6108736,1908405.35690155,41.88185593,-87.79433,,Urban,1,N,(N/A),Y,(N/A)
2024,2024-06-05,Wednesday,5,05:11 AM,Property Damage,No Injuries,0,0,0,0,0,4,Front to Rear,11,N,N,Failing to Yield Right of Way,(N/A),Daylight,Clear,Dry,N,,,,,No Controls,No Controls,N,2,41.8701793,-87.8043898,ok,(UNK),1,2401215,2022,,2,99,50000 and OVER,9,4295,Oak Park,C,Urban Other Principal Arte,,16,5,12662491,6,Cook,0,24,,,3,N,No,Slow,202401178675,City,1,20.32999992,Y,,,,(UNK),184653,(N/A),(UNK),No Defects,1,1,Other Principal Arterial,3,348,X003442576,Not Toll,73,1,1,"Divided, No Median Barrier",2,2939983.85443839,1904071.76217957,41.87017146,-87.80438397,,Urban,1,N,(N/A),Y,(N/A)
2024,2024-06-07,Friday,15,03:10 PM,Property Damage,No Injuries,0,0,0,0,0,2,Front to Rear,11,N,N,Failing to Reduce Speed to Avoid Crash,Following Too Closely,Daylight,Clear,Dry,N,,,,,No Controls,Functioning Properly,N,2,41.8716425,-87.7838607,ok,Partial Access Control,3,03-24-10383,2024,,28,3,50000 and OVER,9,4295,Oak Park,C,Urban InterState,,16,7,12662565,6,Cook,0,24,,,5,N,No,(UNK),202401178747,ISP,1,8.72999954,Y,,,,(UNK),184713,(N/A),(UNK),No Defects,1,1,InterState,1,290,X003442648,Not Toll,73,1,4,Divided With Median Barrier,3,2945560.76261575,1904759.61359096,41.87163466,-87.78385495,,Urban,1,N,(N/A),Y,(N/A)
2024,2024-06-04,Tuesday,23,11:28 PM,Property Damage,No Injuries,0,0,0,0,0,2,Sideswipe Same Direction,12,N,N,Improper Lane Usage,Driving Skills/Knowledge/Experience,Darkness,Clear,Dry,N,,,,,Traffic Signal,Functioning Properly,N,2,41.8736412,-87.8045225,ok,Partial Access Control,1,24-01791,2024,,20,15,50000 and OVER,9,4295,Oak Park,C,Urban InterState,,16,4,12662610,6,Cook,0,24,,,2,N,No,Free Flow,202401178791,City,4,0.23999999,Y,,,,(UNK),184745,(N/A),(UNK),No Defects,1,1,InterState,1,290,X003442692,Not Toll,73,3,4,"Divided, No Median Barrier",2,2939912.96291142,1905332.34905734,41.87363337,-87.80451671,,Urban,1,N,(N/A),Y,(N/A)
2024,2024-06-07,Friday,7,07:21 AM,Injury,A Injury Crash,1,0,1,0,0,2,Turning,10,N,N,Failing to Yield Right of Way,Failing to Reduce Speed to Avoid Crash,Daylight,Clear,Dry,Y,,,,,Stop Sign,Functioning Properly,N,3,41.8704892,-87.8043962,ok,(UNK),1,2403171,2024,,2,28,50000 and OVER,9,4295,Oak Park,C,Urban Other Principal Arte,,16,7,12662795,6,Cook,3,24,,,5,N,Yes,Free Flow,202401178958,City,1,20.30999947,Y,,,,(UNK),184874,(N/A),(UNK),No Defects,1,1,Other Principal Arterial,3,348,X003442867,Not Toll,73,2,4,"Divided, No Median Barrier",2,2939978.98876934,1904184.64675826,41.87048136,-87.80439042,,Urban,1,N,(N/A),Y,(N/A)
2024,2024-06-07,Friday,1,01:10 AM,Property Damage,No Injuries,0,0,0,0,0,2,Sideswipe Same Direction,12,N,N,Improper Lane Usage,(N/A),Daylight,Clear,Dry,N,,,,,No Controls,No Controls,Y,2,41.8852012,-87.8049074,ok,(UNK),1,2403185,2024,,20,99,50000 and OVER,9,4295,Oak Park,C,Urban Other Principal Arte,,16,7,12662797,6,Cook,0,24,,,5,N,No,Free Flow,202401178960,City,1,19.29000092,Y,,,,(UNK),184875,(N/A),(UNK),No Defects,1,1,Other Principal Arterial,3,348,X003442869,Not Toll,73,1,1,Not Divided,1,2939692.13650129,1909542.14035727,41.88519339,-87.80490163,,Urban,1,N,(N/A),Y,(N/A)
2024,2024-06-07,Friday,9,09:13 AM,Property Damage,No Injuries,0,0,0,0,0,2,Turning,10,N,N,Failing to Yield Right of Way,Driving Skills/Knowledge/Experience,Daylight,Clear,Dry,Y,,,,,No Controls,No Controls,N,2,41.8884276,-87.7879615,ok,(UNK),1,2403173,2024,,2,15,50000 and OVER,9,4295,Oak Park,C,Urban Major Collector,,16,7,12662798,6,Cook,0,24,,,5,N,No,Free Flow,202401178961,City,1,0.69999999,N,,,,(UNK),184876,(N/A),(UNK),No Defects,1,1,Major Collector,5,1405,X003442870,Not Toll,73,1,1,Not Divided,1,2944274.19364507,1910845.39756316,41.8884197,-87.78795571,,Urban,1,N,(N/A),Y,(N/A)
2024,2024-06-09,Sunday,18,06:59 PM,Property Damage,No Injuries,0,0,0,0,0,3,Front to Rear,11,N,N,Following Too Closely,Failing to Reduce Speed to Avoid Crash,Daylight,Clear,Dry,N,,,,,No Controls,No Controls,Y,2,41.8735915,-87.8045235,ok,Partial Access Control,1,24-01854,2024,,3,28,50000 and OVER,9,4295,Oak Park,C,Urban InterState,,16,9,12664472,6,Cook,0,24,,,7,N,No,Free Flow,202401180672,City,1,20.09000015,Y,,,,(UNK),186017,(N/A),(UNK),No Defects,1,1,InterState,1,348,X003444492,Not Toll,73,1,1,"Divided, No Median Barrier",2,2939913.17989962,1905314.21408932,41.87358363,-87.80451775,,Urban,1,N,(N/A),Y,(N/A)
2024,2024-06-08,Saturday,10,10:09 AM,Property Damage,No Injuries,0,0,0,0,0,2,Front to Front,14,N,N,Failing to Yield Right of Way,(N/A),Daylight,Clear,Dry,N,,,,,Traffic Signal,Functioning Properly,N,2,41.8799434,-87.7942828,ok,(UNK),1,2403197,2024,,2,99,50000 and OVER,9,4295,Oak Park,C,Urban Major Collector,,16,8,12665622,6,Cook,0,24,,,6,N,No,Slow,202401181630,City,1,6.1500001,N,,,,(UNK),186844,(N/A),(UNK),No Defects,1,1,Major Collector,5,2775,X003445340,Not Toll,73,3,4,"Divided, No Median Barrier",2,2942638.4063208,1907705.94835459,41.87993558,-87.79427698,,Urban,1,N,(N/A),Y,(N/A)