crash_year,crash_date,day_of_week,crash_hour,time_of_crash,crash_severity,crash_injury_severity,total_injured,total_fatals,a_injuries,b_injuries,c_injuries,no_injuries,type_of_first_crash,collision_type_code,pedestrian_involved,pedalcyclist_involved,cause1,cause2,lighting_cond,weather_cond,road_surface_cond,intersection_related,is_intersection,highway_or_street_name,at_intersection_with,address_no,traffic_control_device,traffic_control_device_cond,hit_and_run,number_of_vehicles,latitude,longitude,location_status,access_control,agency_code,agency_report_number,agency_report_year,alignment_code,cause1_code,cause2_code,city_class,city_class_code,city_code,city_name,city_township_flag,class_of_trafficway,class_of_trafficway_code,county_code,crash_day,crash_id,crash_month,crash_report_county,crash_severity_cd,crash_yr_source,damaged_property1,damaged_property2,day_of_week_code,did_crash_occur_in_work_zone,did_involve_secondary_crash,flow_condition,icn,investigating_agency_descrip,light_condition_code,mile_station,nhs,non_intersection_direction,non_intersection_distance,non_intersection_units,number_of_lanes,objectid,railroad_crossing_number,road_alignment,road_defects,road_defects_code,road_surface_condition_code,roadway_functional_class,roadway_functional_class_code,route_number,sfe,toll,township,traffic_control_device_code,traffic_control_device_cond_code,trafficway_descrip,trafficway_description_code,ts_crash_coordinate_x,ts_crash_coordinate_y,ts_crash_latitude,ts_crash_longitude,type_report,urban_rural,weather_code,were_workers_present,work_zone,work_zone_related,work_zone_type
2024,2024-06-04,Tuesday,5,05:30 AM,Property Damage,No Injuries,0,0,0,0,0,3,Front to Rear,11,N,N,Failing to Reduce Speed to Avoid Crash,Following Too Closely,Daylight,Clear,Dry,N,,,,,Other Regualtory Sig,Functioning Properly,Y,3,41.8734173,-87.8024406,ok,Partial Access Control,3,03-24-01016,2024,,28,3,50000 and OVER,9,4295,Oak Park,C,Urban InterState,,16,4,12665977,6,Cook,0,24,,,2,N,No,(UNK),202401182018,ISP,1,0.07,Y,,,,(UNK),187082,(N/A),(UNK),No Defects,1,1,InterState,1,290,X003445676,Not Toll,73,10,4,Ramp,11,2940482.25867979,1905266.37158893,41.87340946,-87.80243478,,Urban,1,N,(N/A),Y,(N/A)
2024,2024-06-10,Monday,15,03:00 PM,Property Damage,No Injuries,0,0,0,0,0,2,Front to Rear,11,N,N,Failing to Reduce Speed to Avoid Crash,Following Too Closely,Daylight,Clear,Dry,N,,,,,Other Regualtory Sig,Functioning Properly,N,2,41.8732542,-87.7993639,ok,Partial Access Control,3,03-24-10593,2024,,28,3,50000 and OVER,9,4295,Oak Park,C,Urban InterState,,16,10,12666055,6,Cook,0,24,,,1,N,No,(UNK),202401182094,ISP,1,21.81999969,Y,,,,(UNK),187140,(N/A),(UNK),No Defects,1,1,InterState,1,9290,X003445752,Not Toll,73,10,4,Divided With Median Barrier,3,2941321.88177015,1905230.05085865,41.87324638,-87.79935812,,Urban,1,N,(N/A),Y,(N/A)
2024,2024-06-08,Saturday,18,06:16 PM,Property Damage,No Injuries,0,0,0,0,0,3,Front to Rear,11,N,N,Following Too Closely,Failing to Reduce Speed to Avoid Crash,Daylight,Rain,Wet,N,,,,,No Controls,Functioning Properly,N,2,41.8719487,-87.7842285,ok,Partial Access Control,3,03-24-10466,2024,,3,28,50000 and OVER,9,4295,Oak Park,C,Urban Major Collector,,16,8,12666162,6,Cook,0,24,,,6,N,No,(UNK),202401182198,ISP,1,22.59000015,N,,,,(UNK),187213,(N/A),(UNK),No Defects,1,2,Major Collector,5,9290,X003445856,Not Toll,73,1,4,Divided With Median Barrier,3,2945457.4899413,1904868.39981452,41.87194082,-87.78422274,,Urban,2,N,(N/A),Y,(N/A)
2024,2024-06-11,Tuesday,0,00:57 AM,Property Damage,No Injuries,0,0,0,0,0,1,Fixed Object,6,N,N,Failing to Reduce Speed to Avoid Crash,Unable to Determine,Darkness / Lighted Road,Clear,Dry,N,,,,,No Controls,No Controls,Y,1,41.8726271,-87.7843195,ok,(UNK),1,2403253,2024,,28,18,50000 and OVER,9,4295,Oak Park,C,Urban Local Road or Street,,16,11,12666477,6,Cook,0,24,VILLAGE SIGNAGE,,2,N,No,Free Flow,202401182511,City,5,0.2,N,,,,(UNK),187422,(N/A),(UNK),No Defects,1,1,Local Road or Street,7,290,X003446150,Not Toll,73,1,1,"Divided, No Median Barrier",2,2945425.83498088,1905114.93775507,41.87261923,-87.78431375,,Urban,1,N,(N/A),Y,(N/A)
2024,2024-06-06,Thursday,14,02:43 PM,Property Damage,No Injuries,0,0,0,0,0,4,Front to Rear,11,N,N,Failing to Reduce Speed to Avoid Crash,Driving Skills/Knowledge/Experience,Daylight,Clear,Dry,Y,,,,,Traffic Signal,Functioning Properly,N,2,41.8978913,-87.805385,ok,(UNK),1,2400678,2024,,28,15,50000 and OVER,9,4295,Oak Park,C,Urban Other Principal Arte,,16,6,12666486,6,Cook,0,24,,,4,N,No,Stopped,202401182513,City,1,18.40999985,Y,,,,(UNK),187424,(N/A),(UNK),No Defects,1,1,Other Principal Arterial,3,348,X003446152,Not Toll,73,3,4,Four Way,14,2939434.74894805,1914163.0371767,41.8978834,-87.80537922,,Urban,1,N,(N/A),Y,(N/A)
2024,2024-06-13,Thursday,0,00:00 AM,Property Damage,No Injuries,0,0,0,0,0,4,Turning,10,N,N,Improper Turning/No Signal,(N/A),Darkness,Clear,Dry,Y,,,,,Traffic Signal,Functioning Properly,Y,2,41.8736416,-87.8045254,ok,Partial Access Control,1,24-01889,2024,,6,99,50000 and OVER,9,4295,Oak Park,C,Urban InterState,,16,13,12669275,6,Cook,0,24,,,4,N,No,Free Flow,202401185539,City,4,0.23999999,Y,,,,(UNK),189203,(N/A),(UNK),No Defects,1,1,InterState,1,290,X003448733,Not Toll,73,3,4,Four Way,14,2939912.16426573,1905332.45624902,41.87363373,-87.80451963,,Urban,1,N,(N/A),Y,(N/A)
2024,2024-06-11,Tuesday,9,09:39 AM,Injury,B Injury Crash,2,0,0,2,0,0,Front to Rear,11,N,N,Failing to Reduce Speed to Avoid Crash,Following Too Closely,Daylight,Clear,Dry,Y,,,,,Traffic Signal,Functioning Properly,N,2,41.908783,-87.8057828,ok,(UNK),1,2400697,2024,,28,3,50000 and OVER,9,4295,Oak Park,C,Urban Other Principal Arte,,16,11,12669332,6,Cook,2,24,,,2,N,No,Free Flow,202401185590,City,1,5.92000008,Y,,,,(UNK),189235,(N/A),(UNK),No Defects,1,1,Other Principal Arterial,3,307,X003448781,Not Toll,73,3,4,Four Way,14,2939217.16765702,1918129.22568978,41.90877517,-87.80577695,,Urban,1,N,(N/A),Y,(N/A)
2024,2024-06-10,Monday,0,00:42 AM,Property Damage,No Injuries,0,0,0,0,0,2,Turning,10,N,N,Improper Turning/No Signal,(N/A),Darkness / Lighted Road,Clear,Dry,N,,,,,Traffic Signal,Functioning Properly,N,2,41.865169,-87.8042201,ok,(UNK),1,2403225,2024,,6,99,50000 and OVER,9,4295,Oak Park,C,Urban Other Principal Arte,,16,10,12669618,6,Cook,0,24,,,1,N,No,Slow,202401185921,City,5,20.68000031,Y,,,,(UNK),189416,(N/A),(UNK),No Defects,1,1,Other Principal Arterial,3,348,X003449038,Not Toll,73,3,4,"Divided, No Median Barrier",2,2940080.34873435,1902247.20510787,41.86516119,-87.80421428,,Urban,1,N,(N/A),Y,(N/A)
2024,2024-06-12,Wednesday,8,08:26 AM,Property Damage,No Injuries,0,0,0,0,0,2,Rear to Front,18,N,N,Improper Backing,Driving Skills/Knowledge/Experience,Daylight,Clear,Dry,N,,,,,No Controls,No Controls,N,2,41.8930862,-87.8027058,ok,(UNK),1,2403277,2024,,30,15,50000 and OVER,9,4295,Oak Park,C,Urban Local Road or Street,,16,12,12669659,6,Cook,0,24,,,3,N,No,Free Flow,202401185965,City,1,0,N,,,,(UNK),189445,(N/A),(UNK),No Defects,1,1,Local Road or Street,7,,X003449079,Not Toll,73,1,1,Not Divided,1,2940212.4831493,1912432.09804237,41.89307839,-87.80269996,,Urban,1,N,(N/A),Y,(N/A)
2024,2024-06-12,Wednesday,15,03:06 PM,Injury,B Injury Crash,1,0,0,1,0,0,Parked Motor Vehicle,9,N,N,Failing to Reduce Speed to Avoid Crash,Equipment-Vehicle Condition,Daylight,Clear,Dry,N,,,,,No Controls,No Controls,N,3,41.8716802,-87.7902028,ok,(UNK),1,2403286,2024,,28,10,50000 and OVER,9,4295,Oak Park,C,Urban Local Road or Street,,16,12,12669662,6,Cook,2,24,,,3,N,Yes,Free Flow,202401185969,City,1,0.19,N,,,,(UNK),189446,(N/A),(UNK),Unknown,99,1,Local Road or Street,7,290,X003449082,Not Toll,73,1,1,Not Divided,1,2943832.97718127,1904725.42115618,41.87167232,-87.79019696,,Urban,1,N,(N/A),N,(N/A)
2024,2024-06-12,Wednesday,17,05:00 PM,Injury,C Injury Crash,1,0,0,0,1,3,Front to Rear,11,N,N,Following Too Closely,Failing to Reduce Speed to Avoid Crash,Daylight,Clear,Dry,N,,,,,No Controls,No Controls,N,2,41.9091879,-87.7808057,ok,(UNK),1,2403290,2024,,3,28,50000 and OVER,9,4295,Oak Park,C,Urban Other Principal Arte,,16,12,12670125,6,Cook,1,24,,,3,N,No,Slow,202401186526,City,1,7.21000004,Y,,,,(UNK),189736,(N/A),(UNK),No Defects,1,1,Other Principal Arterial,3,307,X003449479,Not Toll,73,1,1,"Divided, No Median Barrier",2,2946012.24835634,1918464.99811876,41.90918004,-87.78079986,,Urban,1,N,(N/A),Y,(N/A)
2024,2024-06-13,Thursday,18,06:10 PM,Property Damage,No Injuries,0,0,0,0,0,1,Parked Motor Vehicle,9,N,N,Unable to Determine,(N/A),Daylight,Clear,Dry,N,,,,,No Controls,No Controls,Y,2,41.8882677,-87.7971468,ok,(UNK),1,2403308,2024,,18,99,50000 and OVER,9,4295,Oak Park,C,Urban Local Road or Street,,16,13,12670633,6,Cook,0,24,,,4,N,No,Slow,202401186999,City,1,0,N,,,,(UNK),190085,(N/A),(UNK),No Defects,1,1,Local Road or Street,7,,X003449950,Not Toll,73,1,1,Not Divided,1,2941774.60625725,1910717.90138288,41.88825984,-87.79714103,,Urban,1,N,(N/A),Y,(N/A)
2024,2024-06-10,Monday,18,06:01 PM,Property Damage,No Injuries,0,0,0,0,0,2,Front to Rear,11,N,N,Following Too Closely,Failing to Reduce Speed to Avoid Crash,Daylight,Clear,Dry,N,,,,,Other Regualtory Sig,Functioning Properly,N,2,41.8736167,-87.802745,ok,Partial Access Control,3,03-24-10609,2024,,3,28,50000 and OVER,9,4295,Oak Park,C,Urban InterState,,16,10,12671247,6,Cook,0,24,,,1,N,No,(UNK),202401187684,ISP,1,7.78000021,Y,,,,(UNK),190491,(N/A),(UNK),No Defects,1,1,InterState,1,290,X003450521,Not Toll,73,10,4,Divided With Median Barrier,3,2940397.33244715,1905336.7607813,41.87360889,-87.80273924,,Urban,1,N,(N/A),Y,(N/A)
2024,2024-06-06,Thursday,16,04:35 PM,Property Damage,No Injuries,0,0,0,0,0,2,Front to Rear,11,N,N,Failing to Reduce Speed to Avoid Crash,Following Too Closely,Daylight,Clear,Dry,N,,,,,No Controls,Functioning Properly,N,2,41.8737787,-87.8045294,ok,Partial Access Control,3,03-24-10305,2024,,28,3,50000 and OVER,9,4295,Oak Park,C,Urban InterState,,16,6,12671746,6,Cook,0,24,,,4,N,No,(UNK),202401188151,ISP,1,7.71000004,Y,,,,(UNK),190817,(N/A),(UNK),No Defects,1,1,InterState,1,290,X003450991,Not Toll,73,1,4,Divided With Median Barrier,3,2939909.70662566,1905382.41540366,41.8737709,-87.8045236,,Urban,1,N,(N/A),Y,(N/A)
2024,2024-06-13,Thursday,17,05:13 PM,Property Damage,No Injuries,0,0,0,0,0,2,Front to Rear,11,N,N,Failing to Reduce Speed to Avoid Crash,Following Too Closely,Daylight,Clear,Dry,N,,,,,No Controls,No Controls,N,2,41.894282,-87.8017407,ok,(UNK),1,2403307,2024,,28,3,50000 and OVER,9,4295,Oak Park,C,Urban Minor Arterial,,16,13,12671844,6,Cook,0,24,,,4,N,No,Free Flow,202401188245,City,1,2.73000002,N,,,,(UNK),190893,(N/A),(UNK),No Defects,1,1,Minor Arterial,4,1398,X003451086,Not Toll,73,1,1,Not Divided,1,2940463.23255225,1912875.09838782,41.89427414,-87.80173492,,Urban,1,N,(N/A),Y,(N/A)
2024,2024-06-10,Monday,8,08:15 AM,Property Damage,No Injuries,0,0,0,0,0,6,Front to Rear,11,N,N,Following Too Closely,Distraction - From Inside Vehicle,Daylight,Clear,Dry,N,,,,,Other,Functioning Properly,N,2,41.8735347,-87.8019373,ok,Partial Access Control,3,03-24-10561,2024,,3,41,50000 and OVER,9,4295,Oak Park,C,Urban InterState,,16,10,12673017,6,Cook,0,24,,,1,N,No,(UNK),202401189380,ISP,1,7.82000017,Y,,,,(UNK),191739,(N/A),(UNK),No Defects,1,1,InterState,1,290,X003452227,Not Toll,73,13,4,Divided With Median Barrier,3,2940618.1587185,1905312.94623293,41.8735269,-87.80193149,,Urban,1,N,(N/A),Y,(N/A)
2024,2024-06-16,Sunday,3,03:44 AM,Property Damage,No Injuries,0,0,0,0,0,1,Other Object,7,N,N,Physical Condition of Driver,(N/A),Darkness / Lighted Road,Clear,Dry,N,,,,,Traffic Signal,Functioning Properly,N,1,41.8727878,-87.7940058,ok,(UNK),1,2403348,2024,,17,99,50000 and OVER,9,4295,Oak Park,C,Urban Major Collector,,16,16,12673645,6,Cook,0,24,VILLAGE FIRE HYDRANT,VILLAGE PLANTER,7,N,No,Free Flow,202401189974,City,5,0,N,,,,(UNK),192172,(N/A),(UNK),No Defects,1,1,Major Collector,5,290,X003452825,Not Toll,73,3,4,"Divided, No Median Barrier",2,2942785.96150184,1905100.41001859,41.87278,-87.794,,Urban,1,N,(N/A),Y,(N/A)
2024,2024-06-14,Friday,19,07:46 PM,Injury,B Injury Crash,1,0,0,1,0,1,Pedalcyclist,2,N,Y,Failing to Yield Right of Way,Improper Lane Usage,Dusk,Clear,Dry,Y,,,,,Traffic Signal,Functioning Properly,N,1,41.8650283,-87.8042158,ok,(UNK),1,2403329,2024,,2,20,50000 and OVER,9,4295,Oak Park,C,Urban Other Principal Arte,,16,14,12675170,6,Cook,2,24,,,5,N,Yes,Free Flow,202401191512,City,3,5.98999977,Y,,,,(UNK),193138,(N/A),(UNK),No Defects,1,1,Other Principal Arterial,3,347,X003454255,Not Toll,52,3,4,Not Divided,1,2940082.92224721,1902195.95627026,41.86502047,-87.80421002,,Urban,1,N,(N/A),Y,(N/A)
2024,2024-06-15,Saturday,21,09:00 PM,Property Damage,No Injuries,0,0,0,0,0,3,Turning,10,N,N,Failing to Yield Right of Way,Disregarding Traffic Signals,Daylight,Clear,Dry,Y,,,,,Traffic Signal,Functioning Properly,Y,2,41.8736413,-87.8045236,ok,Partial Access Control,1,2403358,2024,,2,25,50000 and OVER,9,4295,Oak Park,C,Urban InterState,,16,15,12675172,6,Cook,0,24,,,6,N,No,Free Flow,202401191514,City,1,20.10000038,Y,,,,(UNK),193139,(N/A),(UNK),No Defects,1,1,InterState,1,348,X003454257,Not Toll,73,3,4,Divided With Median Barrier,3,2939912.67378495,1905332.38786297,41.8736335,-87.80451777,,Urban,1,N,(N/A),Y,(N/A)
2024,2024-06-15,Saturday,0,00:14 AM,Property Damage,No Injuries,0,0,0,0,0,3,Angle,15,N,N,Disregarding Traffic Signals,(N/A),Darkness / Lighted Road,Clear,Dry,Y,,,,,Traffic Signal,Functioning Properly,N,2,41.879667,-87.804733,ok,(UNK),1,2403331,2024,,25,99,50000 and OVER,9,4295,Oak Park,C,Urban Other Principal Arte,,16,15,12675175,6,Cook,0,24,,,6,N,No,Free Flow,202401191517,City,5,0,Y,,,,(UNK),193141,(N/A),(UNK),No Defects,1,1,Other Principal Arterial,3,,X003454260,Not Toll,73,3,4,Not Divided,1,2939795.18194906,1907526.67534826,41.87965916,-87.80472716,,Urban,1,N,(N/A),Y,(N/A)
2024,2024-06-15,Saturday,18,06:31 PM,Property Damage,No Injuries,0,0,0,0,0,2,Angle,15,N,N,Failing to Yield Right of Way,(N/A),Daylight,Clear,Dry,N,,,,,No Controls,No Controls,N,2,41.8805992,-87.7795638,ok,(UNK),1,2403345,2024,,2,99,50000 and OVER,9,4295,Oak Park,C,Urban Local Road or Street,,16,15,12675176,6,Cook,0,24,,,6,N,No,Slow,202401191518,City,1,0.50999999,N,,,,(UNK),193142,(N/A),(UNK),No Defects,1,1,Local Road or Street,7,3794,X003454261,Not Toll,73,1,1,Alley,12,2946640.31336398,1908056.15177124,41.8805914,-87.77955802,,Urban,1,N,(N/A),Y,(N/A)
2024,2024-06-16,Sunday,12,12:16 PM,Property Damage,No Injuries,0,0,0,0,0,3,Front to Rear,11,N,N,Improper Backing,(N/A),Daylight,Clear,Dry,N,,,,,No Controls,No Controls,N,2,41.8905717,-87.8040251,ok,(UNK),1,2403353,2024,,30,99,50000 and OVER,9,4295,Oak Park,C,Urban Local Road or Street,,16,16,12675177,6,Cook,0,24,,,7,N,No,Free Flow,202401191519,City,1,0.64999998,N,,,,(UNK),193143,(N/A),(UNK),No Defects,1,1,Local Road or Street,7,1405,X003454262,Not Toll,73,1,1,Parking Lot,7,2939878.49987794,1911505.86611711,41.89056389,-87.80401928,,Urban,1,N,(N/A),Y,(N/A)
2024,2024-06-17,Monday,13,01:53 PM,Property Damage,No Injuries,0,0,0,0,0,1,Parked Motor Vehicle,9,N,N,Improper Turning/No Signal,(N/A),Daylight,Clear,Dry,N,,,,,No Controls,No Controls,N,2,41.8884036,-87.7971498,ok,(UNK),1,2403373,2024,,6,99,50000 and OVER,9,4295,Oak Park,C,Urban Local Road or Street,,16,17,12676612,6,Cook,0,24,,,1,N,No,Slow,202401192868,City,1,0,N,,,,(UNK),194073,(N/A),(UNK),No Defects,1,1,Local Road or Street,7,,X003455568,Not Toll,73,1,1,Not Divided,1,2941772.43371004,1910767.39745928,41.88839572,-87.79714399,,Urban,1,N,(N/A),Y,(N/A)
2024,2024-06-18,Tuesday,15,03:00 PM,Property Damage,No Injuries,0,0,0,0,0,2,Front to Rear,11,N,N,Following Too Closely,Failing to Reduce Speed to Avoid Crash,Daylight,Clear,Dry,N,,,,,Other Regualtory Sig,Functioning Properly,N,2,41.8737566,-87.8043202,ok,Partial Access Control,3,03-24-11163,2024,,3,28,50000 and OVER,9,4295,Oak Park,C,Urban InterState,,16,18,12676670,6,Cook,0,24,,,2,N,No,(UNK),202401192918,ISP,1,7.71000004,Y,,,,(UNK),194100,(N/A),(UNK),No Defects,1,1,InterState,1,290,X003455618,Not Toll,73,10,4,Divided With Median Barrier,3,2939966.8993895,1905375.92284845,41.87374878,-87.80431443,,Urban,1,N,(N/A),Y,(N/A)
2024,2024-06-16,Sunday,5,05:22 AM,Property Damage,No Injuries,0,0,0,0,0,4,Front to Rear,11,N,N,Failing to Reduce Speed to Avoid Crash,Improper Lane Usage,Dawn,Clear,Dry,N,,,,,Other,Functioning Properly,N,2,41.8712855,-87.775285,ok,Partial Access Control,3,03-24-10985,2024,,28,20,50000 and OVER,9,4295,Oak Park,C,Urban InterState,,16,16,12676743,6,Cook,0,24,,,7,N,No,(UNK),202401192990,ISP,2,9.15999985,Y,,,,(UNK),194149,(N/A),(UNK),No Defects,1,1,InterState,1,290,X003455690,Not Toll,73,13,4,Divided With Median Barrier,3,2947900.20593146,1904694.50956303,41.87127766,-87.77527922,,Urban,1,N,(N/A),Y,(N/A)
2024,2024-06-16,Sunday,16,04:09 PM,Injury,B Injury Crash,1,0,0,1,0,2,Turning,10,N,N,Failing to Yield Right of Way,(N/A),Daylight,Clear,Dry,Y,,,,,Traffic Signal,Functioning Properly,N,2,41.8905579,-87.8051153,ok,(UNK),1,2403359,2024,,2,99,50000 and OVER,9,4295,Oak Park,C,Urban Other Principal Arte,,16,16,12678137,6,Cook,2,24,,,7,N,No,Free Flow,202401194305,City,1,18.92000008,Y,,,,(UNK),195073,(N/A),(UNK),No Defects,1,1,Other Principal Arterial,3,348,X003457015,Not Toll,73,3,4,"Divided, No Median Barrier",2,2939581.78003662,1911492.6317172,41.89055001,-87.8051095,,Urban,1,N,(N/A),Y,(N/A)
2024,2024-06-18,Tuesday,9,09:37 AM,Property Damage,No Injuries,0,0,0,0,0,3,Turning,10,N,N,Failing to Yield Right of Way,Failing to Reduce Speed to Avoid Crash,Daylight,Clear,Unknown,Y,,,,,Traffic Signal,Functioning Properly,N,2,41.8832478,-87.8048554,ok,(UNK),1,2403392,2024,,2,28,50000 and OVER,9,4295,Oak Park,C,Urban Other Principal Arte,,16,18,12678265,6,Cook,0,24,,,2,N,No,Slow,202401194431,City,1,19.43000031,Y,,,,(UNK),195146,(N/A),(UNK),Unknown,99,9,Other Principal Arterial,3,348,X003457132,Not Toll,73,3,4,Two-way Continuous Left-Tur,4,2939725.89619223,1908830.6804909,41.88324,-87.80484964,,Urban,1,N,(N/A),N,(N/A)
2024,2024-06-18,Tuesday,11,11:38 AM,Injury,C Injury Crash,1,0,0,0,1,1,Angle,15,N,N,Disregarding Stop Sign,Failing to Reduce Speed to Avoid Crash,Daylight,Clear,Dry,Y,,,,,Stop Sign,Functioning Properly,N,2,41.8705924,-87.7964996,ok,(UNK),1,2403396,2024,,23,28,50000 and OVER,9,4295,Oak Park,C,Urban Local Road or Street,,16,18,12678269,6,Cook,1,24,,,2,N,No,Free Flow,202401194435,City,1,0,N,,,,(UNK),195149,(N/A),(UNK),No Defects,1,1,Local Road or Street,7,,X003457136,Not Toll,73,2,4,Not Divided,1,2942128.83015044,1904281.57668172,41.87058456,-87.79649379,,Urban,1,N,(N/A),Y,(N/A)
2024,2024-06-18,Tuesday,13,01:48 PM,Property Damage,No Injuries,0,0,0,0,0,2,Front to Rear,11,N,N,Distraction - From Inside Vehicle,Unable to Determine,Daylight,Clear,Dry,N,,,,,No Controls,No Controls,N,2,41.8907237,-87.8051166,ok,(UNK),1,2403401,2024,,41,18,50000 and OVER,9,4295,Oak Park,C,Urban Other Principal Arte,,16,18,12678277,6,Cook,0,24,,,2,N,No,Stopped,202401194443,City,1,18.90999985,Y,,,,(UNK),195152,(N/A),(UNK),No Defects,1,1,Other Principal Arterial,3,348,X003457144,Not Toll,73,1,1,Not Divided,1,2939579.75202073,1911553.06085896,41.89071586,-87.80511083,,Urban,1,N,(N/A),Y,(N/A)
2024,2024-06-19,Wednesday,2,02:15 AM,Property Damage,No Injuries,0,0,0,0,0,4,Turning,10,N,N,Improper Turning/No Signal,(N/A),Darkness,Clear,Dry,Y,,,,,Traffic Signal,Functioning Properly,N,2,41.8736416,-87.8045258,ok,Partial Access Control,1,2403415,2024,,6,99,50000 and OVER,9,4295,Oak Park,C,Urban InterState,,16,19,12678279,6,Cook,0,24,,,3,N,No,Slow,202401194445,City,4,0.23999999,Y,,,,(UNK),195154,(N/A),(UNK),No Defects,1,1,InterState,1,290,X003457146,Not Toll,73,3,4,Four Way,14,2939912.06784438,1905332.46919039,41.87363377,-87.80451998,,Urban,1,N,(N/A),Y,(N/A)
2024,2024-06-19,Wednesday,12,12:30 PM,Property Damage,No Injuries,0,0,0,0,0,2,Front to Rear,11,N,N,Failing to Reduce Speed to Avoid Crash,Unable to Determine,Daylight,Clear,Dry,N,,,,,No Controls,No Controls,N,2,41.8943909,-87.796001,ok,(UNK),1,2403425,2024,,28,18,50000 and OVER,9,4295,Oak Park,C,Urban Minor Arterial,,16,19,12678281,6,Cook,0,24,,,3,N,No,Slow,202401194447,City,1,3.02999997,N,,,,(UNK),195156,(N/A),(UNK),No Defects,1,1,Minor Arterial,4,1398,X003457148,Not Toll,73,1,1,Not Divided,1,2942024.93917183,1912957.94446271,41.89438307,-87.79599519,,Urban,1,N,(N/A),Y,(N/A)
2024,2024-06-19,Wednesday,16,04:15 PM,Property Damage,No Injuries,0,0,0,0,0,3,Turning,10,N,N,Failing to Reduce Speed to Avoid Crash,Failing to Yield Right of Way,Daylight,Clear,Dry,N,,,,,No Controls,No Controls,N,2,41.8798833,-87.7795365,ok,(UNK),1,2403430,2024,,28,2,50000 and OVER,9,4295,Oak Park,C,Urban Minor Collector,,16,19,12678283,6,Cook,0,24,,,3,N,No,Free Flow,202401194451,City,1,0.55000001,N,,,,(UNK),195157,(N/A),(UNK),No Defects,1,1,Minor Collector,6,3794,X003457150,Not Toll,73,1,1,Not Divided,1,2946655.01850532,1907795.43878447,41.87987541,-87.77953069,,Urban,1,N,(N/A),Y,(N/A)
2024,2024-06-18,Tuesday,21,09:04 PM,Injury,C Injury Crash,1,0,0,0,1,1,Front to Rear,11,N,N,Following Too Closely,Driving Skills/Knowledge/Experience,Darkness / Lighted Road,Clear,Dry,N,,,,,Traffic Signal,Functioning Properly,Y,2,41.8755771,-87.8045839,ok,(UNK),1,24-01967,2024,,3,15,50000 and OVER,9,4295,Oak Park,C,Urban Other Principal Arte,,16,18,12678907,6,Cook,1,24,,,2,N,No,Stopped,202401195056,City,5,19.95999908,Y,,,,(UNK),195552,(N/A),(UNK),No Defects,1,1,Other Principal Arterial,3,348,X003457738,Not Toll,73,3,4,Divided With Median Barrier,3,2939876.8125361,1906037.37235844,41.87556929,-87.80457812,,Urban,1,N,(N/A),Y,(N/A)
2024,2024-06-15,Saturday,12,12:45 PM,Property Damage,No Injuries,0,0,0,0,0,3,Front to Rear,11,N,N,Failing to Reduce Speed to Avoid Crash,Following Too Closely,Daylight,Clear,Dry,N,,,,,Other,Functioning Properly,N,2,41.8713784,-87.7767466,ok,Partial Access Control,3,03-24-10929,2024,,28,3,50000 and OVER,9,4295,Oak Park,C,Urban InterState,,16,15,12679386,6,Cook,0,24,,,6,N,No,(UNK),202401195444,ISP,1,9.07999992,Y,,,,(UNK),195844,(N/A),(UNK),No Defects,1,1,InterState,1,290,X003458130,Not Toll,73,13,4,Divided With Median Barrier,3,2947501.17259435,1904717.27063486,41.87137056,-87.77674077,,Urban,1,N,(N/A),Y,(N/A)
2024,2024-06-17,Monday,21,09:37 PM,Injury,B Injury Crash,1,0,0,1,0,1,Turning,10,N,N,Failing to Yield Right of Way,(N/A),Darkness / Lighted Road,Clear,Dry,Y,,,,,Traffic Signal,Functioning Properly,N,2,41.87231,-87.8044659,ok,(UNK),1,2403384,2024,,2,99,50000 and OVER,9,4295,Oak Park,C,Urban Other Principal Arte,,16,17,12679399,6,Cook,2,24,,,1,N,No,Slow,202401195458,City,5,20.18000031,Y,,,,(UNK),195855,(N/A),(UNK),No Defects,1,1,Other Principal Arterial,3,348,X003457128,Not Toll,73,3,4,Four Way,14,2939941.73917192,1904847.66118026,41.87230217,-87.8044601,,Urban,1,N,(N/A),Y,(N/A)
2024,2024-06-17,Monday,16,04:20 PM,Property Damage,No Injuries,0,0,0,0,0,3,Front to Rear,11,N,N,Failing to Reduce Speed to Avoid Crash,Unable to Determine,Daylight,Clear,Dry,N,,,,,Traffic Signal,Functioning Properly,Y,3,41.8653026,-87.7937327,ok,(UNK),1,2403431,2024,,28,18,50000 and OVER,9,4295,Oak Park,C,Urban Major Collector,,16,17,12680313,6,Cook,0,24,,,1,N,Yes,Stopped,202401196342,City,1,7.15999985,N,,,,(UNK),196494,(N/A),(UNK),No Defects,1,1,Major Collector,5,2775,X003458997,Not Toll,73,3,4,Four Way,14,2942935.78196746,1902374.70358748,41.86529473,-87.79372693,,Urban,1,N,(N/A),Y,(N/A)