crash_year,crash_date,day_of_week,crash_hour,time_of_crash,crash_severity,crash_injury_severity,total_injured,total_fatals,a_injuries,b_injuries,c_injuries,no_injuries,type_of_first_crash,collision_type_code,pedestrian_involved,pedalcyclist_involved,cause1,cause2,lighting_cond,weather_cond,road_surface_cond,intersection_related,is_intersection,highway_or_street_name,at_intersection_with,address_no,traffic_control_device,traffic_control_device_cond,hit_and_run,number_of_vehicles,latitude,longitude,location_status,access_control,agency_code,agency_report_number,agency_report_year,alignment_code,cause1_code,cause2_code,city_class,city_class_code,city_code,city_name,city_township_flag,class_of_trafficway,class_of_trafficway_code,county_code,crash_day,crash_id,crash_month,crash_report_county,crash_severity_cd,crash_yr_source,damaged_property1,damaged_property2,day_of_week_code,did_crash_occur_in_work_zone,did_involve_secondary_crash,flow_condition,icn,investigating_agency_descrip,light_condition_code,mile_station,nhs,non_intersection_direction,non_intersection_distance,non_intersection_units,number_of_lanes,objectid,railroad_crossing_number,road_alignment,road_defects,road_defects_code,road_surface_condition_code,roadway_functional_class,roadway_functional_class_code,route_number,sfe,toll,township,traffic_control_device_code,traffic_control_device_cond_code,trafficway_descrip,trafficway_description_code,ts_crash_coordinate_x,ts_crash_coordinate_y,ts_crash_latitude,ts_crash_longitude,type_report,urban_rural,weather_code,were_workers_present,work_zone,work_zone_related,work_zone_type
2024,2024-06-21,Friday,13,01:04 PM,Property Damage,No Injuries,0,0,0,0,0,1,Parked Motor Vehicle,9,N,N,Improper Turning/No Signal,(N/A),Daylight,Clear,Dry,N,,,,,No Controls,No Controls,N,2,41.8878978,-87.8033504,ok,(UNK),1,2403466,2024,,6,99,50000 and OVER,9,4295,Oak Park,C,Urban Local Road or Street,,16,21,12680318,6,Cook,0,24,,,5,N,No,Free Flow,202401196347,City,1,0,N,,,,(UNK),196496,(N/A),(UNK),No Defects,1,1,Local Road or Street,7,,X003459002,Not Toll,73,1,1,Not Divided,1,2940089.07606066,1910536.48077866,41.88788991,-87.80334456,,Urban,1,N,(N/A),Y,(N/A)
2024,2024-06-18,Tuesday,20,08:37 PM,Property Damage,No Injuries,0,0,0,0,0,1,Sideswipe Same Direction,12,N,N,Unable to Determine,Unable to Determine,Dusk,Clear,Dry,N,,,,,No Controls,No Controls,Y,2,41.8942361,-87.8033629,ok,(UNK),1,2403413,2024,,18,18,50000 and OVER,9,4295,Oak Park,C,Urban Minor Arterial,,16,18,12682304,6,Cook,0,24,,,2,N,No,Free Flow,202401198248,City,3,2.6400001,N,,,,(UNK),197889,(N/A),(UNK),No Defects,1,1,Minor Arterial,4,1398,X003460908,Not Toll,73,1,1,Not Divided,1,2940022.02046268,1912846.18314716,41.89422821,-87.80335706,,Urban,1,N,(N/A),Y,(N/A)
2024,2024-06-16,Sunday,2,02:51 AM,Property Damage,No Injuries,0,0,0,0,0,2,Front to Rear,11,N,N,Following Too Closely,Failing to Reduce Speed to Avoid Crash,Darkness / Lighted Road,Clear,Dry,Y,,,,,Traffic Signal,Functioning Properly,N,2,41.8736283,-87.8044161,ok,Partial Access Control,3,03-24-10976,2024,,3,28,50000 and OVER,9,4295,Oak Park,C,Urban InterState,,16,16,12683127,6,Cook,0,24,,,7,N,No,(UNK),202401199056,ISP,5,0.23999999,Y,,,,(UNK),198450,(N/A),(UNK),No Defects,1,1,InterState,1,290,X003461678,Not Toll,73,3,4,Ramp,11,2939942.06988066,1905328.44241232,41.87362046,-87.80441032,,Urban,1,N,(N/A),Y,(N/A)
2024,2024-06-21,Friday,15,03:34 PM,Property Damage,No Injuries,0,0,0,0,0,2,Angle,15,N,N,Unable to Determine,Unable to Determine,Daylight,Clear,Dry,N,,,,,No Controls,No Controls,N,2,41.8883778,-87.7860706,ok,(UNK),1,2403470,2024,,18,18,50000 and OVER,9,4295,Oak Park,C,Urban Major Collector,,16,21,12683465,6,Cook,0,24,,,5,N,No,Free Flow,202401199368,City,1,0.77999997,N,,,,(UNK),198689,(N/A),(UNK),No Defects,1,1,Major Collector,5,1405,X003461990,Not Toll,73,1,1,Not Divided,1,2944789.59344091,1910841.56074017,41.88836997,-87.78606482,,Urban,1,N,(N/A),Y,(N/A)
2024,2024-06-23,Sunday,9,09:56 AM,Property Damage,No Injuries,0,0,0,0,0,2,Sideswipe Same Direction,12,N,N,Unable to Determine,Unable to Determine,Daylight,Clear,Dry,Y,,,,,Traffic Signal,Functioning Properly,Y,2,41.8947169,-87.7752317,ok,(UNK),1,2403504,2024,,18,18,50000 and OVER,9,4295,Oak Park,C,Urban Minor Arterial,,16,23,12683468,6,Cook,0,24,,,7,N,No,Stopped,202401199371,City,1,4.13000011,N,,,,(UNK),198690,(N/A),(UNK),No Defects,1,1,Minor Arterial,4,1398,X003461993,Not Toll,73,3,4,Not Divided,1,2947676.64284521,1913233.75301262,41.89470904,-87.77522595,,Urban,1,N,(N/A),Y,(N/A)
2024,2024-06-23,Sunday,1,01:25 AM,Property Damage,No Injuries,0,0,0,0,0,3,Front to Rear,11,N,N,Failing to Reduce Speed to Avoid Crash,(N/A),Darkness / Lighted Road,Rain,Wet,Y,,,,,Traffic Signal,Functioning Properly,Y,2,41.87231,-87.8044674,ok,(UNK),1,2403501,2024,,28,99,50000 and OVER,9,4295,Oak Park,C,Urban Other Principal Arte,,16,23,12683469,6,Cook,0,24,,,7,N,No,Free Flow,202401199372,City,5,20.18000031,Y,,,,(UNK),198691,(N/A),(UNK),No Defects,1,2,Other Principal Arterial,3,348,X003461994,Not Toll,73,3,4,Four Way,14,2939941.33362912,1904847.65065676,41.87230218,-87.80446159,,Urban,2,N,(N/A),Y,(N/A)
2024,2024-06-24,Monday,12,12:07 PM,Property Damage,No Injuries,0,0,0,0,0,1,Parked Motor Vehicle,9,N,N,Failing to Reduce Speed to Avoid Crash,Driving Skills/Knowledge/Experience,Daylight,Clear,Dry,N,,,,,No Controls,No Controls,N,2,41.882401,-87.7969996,ok,(UNK),1,2403529,2024,,28,15,50000 and OVER,9,4295,Oak Park,C,Urban Local Road or Street,,16,24,12683472,6,Cook,0,24,,,1,N,No,Free Flow,202401199375,City,1,0,N,,,,(UNK),198692,(N/A),(UNK),No Defects,1,1,Local Road or Street,7,,X003461997,Not Toll,73,1,1,Not Divided,1,2941873.76388198,1908581.06912849,41.88239312,-87.79699381,,Urban,1,N,(N/A),Y,(N/A)
2024,2024-06-24,Monday,15,03:28 PM,Property Damage,No Injuries,0,0,0,0,0,3,Front to Rear,11,N,N,Following Too Closely,Failing to Reduce Speed to Avoid Crash,Daylight,Clear,Dry,N,,,,,Traffic Signal,Functioning Properly,N,3,41.886713,-87.8049544,ok,(UNK),1,2403532,2024,,3,28,50000 and OVER,9,4295,Oak Park,C,Urban Other Principal Arte,,16,24,12684002,6,Cook,0,24,,,1,N,No,Stopped,202401199803,City,1,19.19000053,Y,,,,(UNK),199029,(N/A),(UNK),No Defects,1,1,Other Principal Arterial,3,348,X003462416,Not Toll,73,3,4,Four Way,14,2939664.18557824,1910092.68556122,41.88670511,-87.80494856,,Urban,1,N,(N/A),Y,(N/A)
2024,2024-06-25,Tuesday,8,08:11 AM,Property Damage,No Injuries,0,0,0,0,0,2,Sideswipe Same Direction,12,N,N,Driving Skills/Knowledge/Experience,(N/A),Daylight,Rain,Wet,N,,,,,Traffic Signal,Functioning Properly,N,2,41.9018959,-87.7838796,ok,(UNK),1,2403550,2024,,15,99,50000 and OVER,9,4295,Oak Park,C,Urban Major Collector,,16,25,12684006,6,Cook,0,24,,,2,N,No,Free Flow,202401199807,City,1,2.0999999,N,,,,(UNK),199033,(N/A),(UNK),No Defects,1,2,Major Collector,5,1394,X003462420,Not Toll,73,3,4,Not Divided,1,2945249.32592085,1915784.37851061,41.90188805,-87.78387381,,Urban,2,N,(N/A),Y,(N/A)
2024,2024-06-24,Monday,18,06:45 PM,Injury,A Injury Crash,1,0,1,0,0,1,Pedestrian,1,Y,N,Failing to Yield Right of Way,(N/A),Daylight,Clear,Dry,Y,,,,,Flashing Control Sig,Functioning Properly,N,1,41.8885678,-87.8050258,ok,(UNK),1,2400747,2024,,2,99,50000 and OVER,9,4295,Oak Park,C,Urban Other Principal Arte,,16,24,12684994,6,Cook,3,24,,,1,N,No,Slow,202401200812,City,1,19.05999947,Y,,,,(UNK),199660,(N/A),(UNK),No Defects,1,1,Other Principal Arterial,3,348,X003463322,Not Toll,73,15,4,Unknown,9,2939626.11874017,1910768.10734459,41.88856,-87.80502,,Urban,1,N,(N/A),Y,(N/A)
2024,2024-06-25,Tuesday,19,07:22 PM,Property Damage,No Injuries,0,0,0,0,0,1,Parked Motor Vehicle,9,N,N,(N/A),(N/A),Daylight,Clear,Dry,N,,,,,No Controls,No Controls,Y,2,41.89013,-87.79755,ok,(UNK),1,2403573,2024,,99,99,50000 and OVER,9,4295,Oak Park,C,Urban Local Road or Street,,16,25,12685437,6,Cook,0,24,,,2,N,No,Stopped,202401201248,City,1,0,N,,,,(UNK),199947,(N/A),(UNK),No Defects,1,1,Local Road or Street,7,,X003463745,Not Toll,,1,1,"Divided, No Median Barrier",2,2941646.07448113,1911393.53035978,41.89013,-87.79755,,Urban,1,N,(N/A),Y,(N/A)
2024,2024-06-26,Wednesday,15,03:53 PM,Injury,C Injury Crash,1,0,0,0,1,1,Sideswipe Same Direction,12,N,N,Improper Turning/No Signal,(N/A),Daylight,Clear,Dry,N,,,,,No Controls,No Controls,N,2,41.8754658,-87.8045807,ok,(UNK),1,24-02064,2024,,6,99,50000 and OVER,9,4295,Oak Park,C,Urban Other Principal Arte,,16,26,12685969,6,Cook,1,24,,,3,N,No,Slow,202401201746,City,1,19.96999931,Y,,,,(UNK),200271,(N/A),(UNK),No Defects,1,1,Other Principal Arterial,3,348,X003464240,Not Toll,73,1,1,"Divided, No Median Barrier",2,2939878.81172533,1905996.80708838,41.87545791,-87.80457488,,Urban,1,N,(N/A),Y,(N/A)
2024,2024-06-25,Tuesday,8,08:15 AM,Property Damage,No Injuries,0,0,0,0,0,3,Sideswipe Same Direction,12,N,N,Improper Lane Usage,Improper Overtaking/Passing,Daylight,Rain,Wet,Y,,,,,No Controls,No Controls,N,2,41.8704892,-87.8043962,ok,(UNK),1,24-02046,2024,,20,4,50000 and OVER,9,4295,Oak Park,C,Urban Other Principal Arte,,16,25,12686002,6,Cook,0,24,,,2,N,No,Slow,202401201777,City,1,20.30999947,Y,,,,(UNK),200299,(N/A),(UNK),No Defects,1,2,Other Principal Arterial,3,348,X003464272,Not Toll,73,1,1,"Divided, No Median Barrier",2,2939978.98876934,1904184.64675826,41.87048136,-87.80439042,,Urban,2,N,(N/A),Y,(N/A)
2024,2024-06-26,Wednesday,8,08:33 AM,Property Damage,No Injuries,0,0,0,0,0,3,Front to Rear,11,N,N,Failing to Reduce Speed to Avoid Crash,Following Too Closely,Daylight,Clear,Dry,N,,,,,Other,Functioning Properly,N,3,41.8712324,-87.774452,ok,Partial Access Control,3,03-24-11754,2024,,28,3,50000 and OVER,9,4295,Oak Park,C,Urban InterState,,16,26,12686438,6,Cook,0,24,,,3,N,No,(UNK),202401202175,ISP,1,9.19999981,Y,,,,(UNK),200591,(N/A),(UNK),No Defects,1,1,InterState,1,290,X003464672,Not Toll,73,13,4,Divided With Median Barrier,3,2948127.64884135,1904681.48930481,41.87122458,-87.77444617,,Urban,1,N,(N/A),Y,(N/A)
2024,2024-06-26,Wednesday,14,02:19 PM,Property Damage,No Injuries,0,0,0,0,0,2,Turning,10,N,N,Failing to Yield Right of Way,Driving Skills/Knowledge/Experience,Daylight,Clear,Dry,N,,,,,No Controls,No Controls,N,2,41.89422,-87.80283,ok,(UNK),1,2403592,2024,,2,15,50000 and OVER,9,4295,Oak Park,C,Urban Minor Arterial,,16,26,12686871,6,Cook,0,24,,,3,N,No,Free Flow,202401202587,City,1,0,N,,,,(UNK),200878,(N/A),(UNK),No Defects,1,1,Minor Arterial,4,,X003465068,Not Toll,,1,1,Not Divided,1,2940167.26745322,1912844.33037411,41.89422,-87.80283,,Urban,1,N,(N/A),Y,(N/A)
2024,2024-06-26,Wednesday,15,03:23 PM,Injury,C Injury Crash,1,0,0,0,1,3,Turning,10,N,N,Failing to Yield Right of Way,(N/A),Daylight,Clear,Dry,N,,,,,No Controls,No Controls,Y,2,41.8835243,-87.804861,ok,(UNK),1,2403596,2024,,2,99,50000 and OVER,9,4295,Oak Park,C,Urban Other Principal Arte,,16,26,12688853,6,Cook,1,24,,,3,N,No,Free Flow,202401203395,City,1,19.40999985,Y,,,,(UNK),202241,(N/A),(UNK),No Defects,1,1,Other Principal Arterial,3,348,X003465879,Not Toll,73,1,1,Other,8,2939721.60181674,1908931.38904549,41.88351647,-87.80485522,,Urban,1,N,(N/A),Y,(N/A)
2024,2024-06-27,Thursday,0,00:23 AM,Property Damage,No Injuries,0,0,0,0,0,2,Front to Rear,11,N,N,Failing to Reduce Speed to Avoid Crash,Driving Skills/Knowledge/Experience,Daylight,Clear,Dry,Y,,,,,Traffic Signal,Functioning Properly,Y,2,41.8944179,-87.794674,ok,(UNK),1,2403606,2024,,28,15,50000 and OVER,9,4295,Oak Park,C,Urban Minor Arterial,,16,27,12688859,6,Cook,0,24,,,4,N,No,Stopped,202401203398,City,1,5.11999989,N,,,,(UNK),202242,(N/A),(UNK),No Defects,1,1,Minor Arterial,4,2775,X003465882,Not Toll,73,3,4,Two-way Continuous Left-Tur,4,2942385.96651852,1912977.75931849,41.89441003,-87.79466824,,Urban,1,N,(N/A),Y,(N/A)
2024,2024-06-26,Wednesday,14,02:16 PM,Property Damage,No Injuries,0,0,0,0,0,3,Angle,15,N,N,Failing to Yield Right of Way,Failing to Reduce Speed to Avoid Crash,Daylight,Clear,Dry,Y,,,,,Stop Sign,Functioning Properly,N,2,41.883254,-87.8039586,ok,(UNK),1,2403594,2024,,2,28,50000 and OVER,9,4295,Oak Park,C,Urban Local Road or Street,,16,26,12688862,6,Cook,0,24,,,3,N,No,Free Flow,202401203401,City,1,0,N,,,,(UNK),202243,(N/A),(UNK),No Defects,1,1,Local Road or Street,7,,X003465884,Not Toll,73,2,4,Not Divided,1,2939970.0790065,1908839.64917358,41.88324615,-87.80395275,,Urban,1,N,(N/A),Y,(N/A)
2024,2024-06-27,Thursday,13,01:07 PM,Property Damage,No Injuries,0,0,0,0,0,1,Parked Motor Vehicle,9,N,N,Improper Lane Usage,Failing to Reduce Speed to Avoid Crash,Daylight,Clear,Dry,N,,,,,Other,Functioning Properly,N,2,41.88672,-87.8025,ok,(UNK),1,2403616,2024,,20,28,50000 and OVER,9,4295,Oak Park,C,Urban Local Road or Street,,16,27,12689227,6,Cook,0,24,,,4,N,No,Slow,202401203731,City,1,0,N,,,,(UNK),202479,(N/A),(UNK),No Defects,1,1,Local Road or Street,7,,X003466208,Not Toll,,13,4,Parking Lot,7,2940332.46402622,1910113.66796957,41.88672,-87.8025,,Urban,1,N,(N/A),Y,(N/A)
2024,2024-06-27,Thursday,16,04:00 PM,Property Damage,No Injuries,0,0,0,0,0,2,Turning,10,N,N,Improper Turning/No Signal,Failing to Yield Right of Way,Daylight,Clear,Dry,N,,,,,Other,Functioning Properly,N,2,41.8797,-87.79883,ok,(UNK),1,2403623,2024,,6,2,50000 and OVER,9,4295,Oak Park,C,Urban Minor Arterial,,16,27,12689237,6,Cook,0,24,,,4,N,No,Free Flow,202401203741,City,1,3.36999989,N,,,,(UNK),202486,(N/A),(UNK),No Defects,1,1,Minor Arterial,4,1419,X003466217,Not Toll,,13,4,"Divided, No Median Barrier",2,2941402.46609305,1907583.0208367,41.8797,-87.79883,,Urban,1,N,(N/A),Y,(N/A)
2024,2024-06-27,Thursday,12,12:30 PM,Property Damage,No Injuries,0,0,0,0,0,1,Parked Motor Vehicle,9,N,N,Improper Backing,(N/A),Daylight,Clear,Dry,N,,,,,No Controls,No Controls,N,2,41.8873192,-87.7941009,ok,(UNK),1,2403624,2024,,30,99,50000 and OVER,9,4295,Oak Park,C,Urban Local Road or Street,,16,27,12689247,6,Cook,0,24,,,4,N,No,Free Flow,202401203750,City,1,0,N,,,,(UNK),202491,(N/A),(UNK),No Defects,1,1,Local Road or Street,7,,X003466226,Not Toll,73,1,1,One-Way,10,2942613.58330098,1910395.17611531,41.88731133,-87.79409512,,Urban,1,N,(N/A),Y,(N/A)
2024,2024-06-28,Friday,18,06:15 PM,Property Damage,No Injuries,0,0,0,0,0,4,Sideswipe Same Direction,12,N,N,Improper Lane Usage,Failing to Reduce Speed to Avoid Crash,Daylight,Rain,Wet,N,,,,,Other Regualtory Sig,Functioning Properly,N,2,41.8726699,-87.7943587,ok,Partial Access Control,3,03-24-11951,2024,,20,28,50000 and OVER,9,4295,Oak Park,C,Urban InterState,,16,28,12690349,6,Cook,0,24,,,5,N,No,(UNK),202401204752,ISP,1,8.17000008,Y,,,,(UNK),203238,(N/A),(UNK),No Defects,1,2,InterState,1,290,X003467239,Not Toll,73,10,4,Divided With Median Barrier,3,2942691.01915456,1905054.76948481,41.87266205,-87.79435294,,Urban,2,N,(N/A),Y,(N/A)
2024,2024-06-28,Friday,19,07:40 PM,Property Damage,No Injuries,0,0,0,0,0,3,Front to Rear,11,N,N,Weather,Failing to Reduce Speed to Avoid Crash,Daylight,Rain,Wet,N,,,,,Other Regualtory Sig,Functioning Properly,N,2,41.8712733,-87.7750026,ok,Partial Access Control,3,03-24-11969,2024,,11,28,50000 and OVER,9,4295,Oak Park,C,Urban InterState,,16,28,12690350,6,Cook,0,24,,,5,N,No,(UNK),202401204753,ISP,1,9.18000031,Y,,,,(UNK),203239,(N/A),(UNK),No Defects,1,2,InterState,1,290,X003467240,Not Toll,73,10,4,Divided With Median Barrier,3,2947977.24066793,1904692.2177257,41.87126549,-87.77499685,,Urban,2,N,(N/A),Y,(N/A)
2024,2024-06-29,Saturday,11,11:49 AM,Property Damage,No Injuries,0,0,0,0,0,2,Angle,15,N,N,Disregarding Stop Sign,(N/A),Daylight,Clear,Dry,Y,,,,,Stop Sign,Functioning Properly,N,2,41.8833268,-87.7999854,ok,(UNK),1,2403660,2024,,23,99,50000 and OVER,9,4295,Oak Park,C,Urban Local Road or Street,,16,29,12691005,6,Cook,0,24,,,6,N,No,Free Flow,202401205366,City,1,0,N,,,,(UNK),203693,(N/A),(UNK),No Defects,1,1,Local Road or Street,7,,X003467860,Not Toll,73,2,4,Not Divided,1,2941051.33121166,1908896.01824874,41.88331898,-87.79997962,,Urban,1,N,(N/A),Y,(N/A)
2024,2024-06-29,Saturday,22,10:01 PM,Property Damage,No Injuries,0,0,0,0,0,2,Turning,10,N,N,Improper Lane Usage,Unable to Determine,Darkness / Lighted Road,Clear,Dry,Y,,,,,Traffic Signal,Functioning Properly,N,2,41.8736416,-87.8045258,ok,Partial Access Control,1,24-02113,2024,,20,18,50000 and OVER,9,4295,Oak Park,C,Urban InterState,,16,29,12691644,6,Cook,0,24,,,6,N,No,Slow,202401205985,City,5,0.23999999,Y,,,,(UNK),204124,(N/A),(UNK),No Defects,1,1,InterState,1,290,X003468481,Not Toll,73,3,4,Divided With Median Barrier,3,2939912.062394,1905332.46992192,41.87363377,-87.80452,,Urban,1,N,(N/A),Y,(N/A)
2024,2024-06-28,Friday,12,12:36 PM,Property Damage,No Injuries,0,0,0,0,0,1,Fixed Object,6,N,N,Failing to Reduce Speed to Avoid Crash,Disregarding Other Traffic Signs,Daylight,Rain,Wet,N,,,,,Other Warning Sign,Functioning Properly,N,1,41.8871137,-87.7846539,ok,(UNK),1,2403643,2024,,28,24,50000 and OVER,9,4295,Oak Park,C,Urban Major Collector,,16,28,12692331,6,Cook,0,24,,,5,N,No,Free Flow,202401206625,City,1,1.01999998,N,,,,(UNK),204604,(N/A),(UNK),No Defects,1,2,Major Collector,5,2783,X003469115,Not Toll,73,11,4,Divided With Median Barrier,3,2945188.1647527,1910391.60136359,41.88710585,-87.7846481,,Urban,2,N,(N/A),Y,(N/A)
2024,2024-06-28,Friday,18,06:46 PM,Injury,B Injury Crash,1,0,0,1,0,1,Angle,15,N,N,Failing to Reduce Speed to Avoid Crash,Failing to Yield Right of Way,Daylight,Rain,Wet,Y,,,,,No Controls,No Controls,N,2,41.87958,-87.80386,ok,(UNK),1,2403648,2024,,28,2,50000 and OVER,9,4295,Oak Park,C,Urban Minor Arterial,,16,28,12692366,6,Cook,2,24,,,5,N,No,Free Flow,202401206654,City,1,0,N,,,,(UNK),204629,(N/A),(UNK),No Defects,1,2,Minor Arterial,4,,X003469144,Not Toll,,1,1,Not Divided,1,2940033.79814201,1907501.51677064,41.87958,-87.80386,,Urban,2,N,(N/A),Y,(N/A)
2024,2024-06-29,Saturday,13,01:22 PM,Property Damage,No Injuries,0,0,0,0,0,3,Angle,15,N,N,Failing to Yield Right of Way,Failing to Reduce Speed to Avoid Crash,Daylight,Clear,Dry,N,,,,,No Controls,No Controls,N,2,41.88806,-87.7766,ok,(UNK),1,2403661,2024,,2,28,50000 and OVER,9,4295,Oak Park,C,Urban Major Collector,,16,29,12692378,6,Cook,0,24,,,6,N,No,Free Flow,202401206664,City,1,0,N,,,,(UNK),204636,(N/A),(UNK),No Defects,1,1,Major Collector,5,,X003469154,Not Toll,,1,1,Not Divided,1,2947371.70661059,1910797.46798258,41.88806,-87.7766,,Urban,1,N,(N/A),Y,(N/A)
2024,2024-06-29,Saturday,18,06:05 PM,Property Damage,No Injuries,0,0,0,0,0,9,Turning,10,N,N,Improper Lane Usage,Unable to Determine,Daylight,Clear,Dry,Y,,,,,Traffic Signal,Functioning Properly,N,3,41.8873094,-87.7944723,ok,(UNK),1,2403667,2024,,20,18,50000 and OVER,9,4295,Oak Park,C,Urban Major Collector,,16,29,12692386,6,Cook,0,24,,,6,N,No,Free Flow,202401206671,City,1,5.61999989,N,,,,(UNK),204640,(N/A),(UNK),No Defects,1,1,Major Collector,5,2775,X003469161,Not Toll,73,3,4,Four Way,14,2942512.54288187,1910388.81848758,41.88730156,-87.79446653,,Urban,1,N,(N/A),Y,(N/A)
2024,2024-06-25,Tuesday,4,04:00 AM,Property Damage,No Injuries,0,0,0,0,0,2,Front to Rear,11,N,N,Failing to Reduce Speed to Avoid Crash,Improper Lane Usage,Darkness / Lighted Road,Clear,Dry,N,,,,,Other Regualtory Sig,Functioning Properly,Y,2,41.873744,-87.8041577,ok,Partial Access Control,3,03-24-11729,2024,,28,20,50000 and OVER,9,4295,Oak Park,C,Urban InterState,,16,25,12693173,6,Cook,0,24,,,2,N,No,(UNK),202401207254,ISP,5,7.71999979,Y,,,,(UNK),205120,(N/A),(UNK),No Defects,1,1,InterState,1,290,X003469709,Not Toll,73,10,4,Divided With Median Barrier,3,2940011.29392338,1905372.55746367,41.8737362,-87.8041519,,Urban,1,N,(N/A),Y,(N/A)
2024,2024-06-21,Friday,12,12:00 PM,Property Damage,No Injuries,0,0,0,0,0,2,Front to Rear,11,N,N,Following Too Closely,(N/A),Daylight,Clear,Dry,N,,,,,No Controls,No Controls,N,2,41.9089434,-87.8048719,ok,(UNK),1,JH326455,2024,,3,99,50000 and OVER,9,4295,Oak Park,C,Urban Other Principal Arte,,16,21,12693239,6,Cook,0,24,,,5,N,No,(UNK),202401207321,City,1,5.96999979,Y,,,,(UNK),205164,(N/A),(UNK),Unknown,99,1,Other Principal Arterial,3,307,X003469773,Not Toll,,1,1,"Divided, No Median Barrier",2,2939463.5,1918194.5,41.90893555,-87.80486612,,Urban,1,N,(N/A),N,(N/A)
2024,2024-06-30,Sunday,2,02:04 AM,Property Damage,No Injuries,0,0,0,0,0,1,Parked Motor Vehicle,9,N,N,(N/A),(N/A),Darkness / Lighted Road,Clear,Dry,N,,,,,No Controls,No Controls,Y,2,41.8916195,-87.7945974,ok,(UNK),1,2403681,2024,,99,99,50000 and OVER,9,4295,Oak Park,C,Urban Major Collector,,16,30,12693475,6,Cook,0,24,,,7,N,No,Free Flow,202401207548,City,5,5.32000017,N,,,,(UNK),205310,(N/A),(UNK),No Defects,1,1,Major Collector,5,2775,X003469988,Not Toll,73,1,1,Not Divided,1,2942435.05140442,1911958.54424703,41.89161162,-87.79459157,,Urban,1,N,(N/A),Y,(N/A)
2024,2024-07-01,Monday,4,04:54 AM,Property Damage,No Injuries,0,0,0,0,0,2,Turning,10,N,N,Failing to Reduce Speed to Avoid Crash,Improper Turning/No Signal,Dawn,Clear,Dry,N,,,,,No Controls,No Controls,N,2,41.8699308,-87.8043846,ok,(UNK),1,2403686,2024,,28,6,50000 and OVER,9,4295,Oak Park,C,Urban Other Principal Arte,,16,1,12693483,7,Cook,0,24,,,1,N,No,Free Flow,202401207552,City,2,20.35000038,Y,,,,(UNK),205314,(N/A),(UNK),No Defects,1,1,Other Principal Arterial,3,348,X003469992,Not Toll,73,1,1,"Divided, No Median Barrier",2,2939987.75684143,1903981.22558134,41.86992291,-87.8043788,,Urban,1,N,(N/A),Y,(N/A)
2024,2024-07-01,Monday,7,07:47 AM,Property Damage,No Injuries,0,0,0,0,0,1,Parked Motor Vehicle,9,N,N,Unable to Determine,Unable to Determine,Daylight,Clear,Dry,N,,,,,No Controls,No Controls,Y,2,41.9014871,-87.785019,ok,(UNK),1,2403690,2024,,18,18,50000 and OVER,9,4295,Oak Park,C,Urban Major Collector,,16,1,12693492,7,Cook,0,24,,,1,N,No,Free Flow,202401207560,City,1,0.03,N,,,,(UNK),205315,(N/A),(UNK),No Defects,1,1,Major Collector,5,2783,X003469999,Not Toll,73,1,1,Not Divided,1,2944943.26316849,1915626.78423385,41.90147925,-87.78501323,,Urban,1,N,(N/A),Y,(N/A)
2024,2024-06-22,Saturday,3,03:56 AM,Property Damage,No Injuries,0,0,0,0,0,4,Sideswipe Same Direction,12,N,N,Operating Vehicle In Reckless Manner,Failing to Reduce Speed to Avoid Crash,Darkness / Lighted Road,Clear,Dry,Y,,,,,Traffic Signal,Functioning Properly,N,2,41.9087836,-87.8057828,ok,(UNK),1,2403481,2024,,50,28,50000 and OVER,9,4295,Oak Park,C,Urban Other Principal Arte,,16,22,12693759,6,Cook,0,24,,,6,N,No,Stopped,202401207797,City,5,5.92000008,Y,,,,(UNK),205469,(N/A),(UNK),No Defects,1,1,Other Principal Arterial,3,307,X003470201,Not Toll,73,3,4,Four Way,14,2939217.1535146,1918129.43322818,41.90877574,-87.80577698,,Urban,1,N,(N/A),Y,(N/A)
2024,2024-07-02,Tuesday,18,06:37 PM,Property Damage,No Injuries,0,0,0,0,0,2,Front to Rear,11,N,N,Following Too Closely,Failing to Reduce Speed to Avoid Crash,Daylight,Clear,Dry,N,,,,,Stop Sign,Functioning Properly,N,2,41.8754165,-87.7998104,ok,(UNK),1,2403730,2024,,3,28,50000 and OVER,9,4295,Oak Park,C,Urban Local Road or Street,,16,2,12694920,7,Cook,0,24,,,2,N,No,Stopped,202401209044,City,1,0,N,,,,(UNK),206267,(N/A),(UNK),No Defects,1,1,Local Road or Street,7,,X003471260,Not Toll,73,2,4,"Divided, No Median Barrier",2,2941178.5270397,1906014.68296498,41.8754087,-87.79980462,,Urban,1,N,(N/A),Y,(N/A)
2024,2024-06-27,Thursday,15,03:40 PM,Property Damage,No Injuries,0,0,0,0,0,2,Front to Rear,11,N,N,Following Too Closely,Driving Skills/Knowledge/Experience,Darkness,Clear,Dry,N,,,,,Other Regualtory Sig,Functioning Properly,Y,2,41.8719132,-87.7838329,ok,Partial Access Control,3,03-24-11856,2024,,3,15,50000 and OVER,9,4295,Oak Park,C,Urban InterState,,16,27,12696005,6,Cook,0,24,,,4,N,No,(UNK),202401210364,ISP,4,8.72999954,Y,,,,(UNK),206957,(N/A),(UNK),No Defects,1,1,InterState,1,290,X003472294,Not Toll,73,10,4,Divided With Median Barrier,3,2945565.60138352,1904858.45432364,41.87190531,-87.78382713,,Urban,1,N,(N/A),Y,(N/A)