crash_year,crash_date,day_of_week,crash_hour,time_of_crash,crash_severity,crash_injury_severity,total_injured,total_fatals,a_injuries,b_injuries,c_injuries,no_injuries,type_of_first_crash,collision_type_code,pedestrian_involved,pedalcyclist_involved,cause1,cause2,lighting_cond,weather_cond,road_surface_cond,intersection_related,is_intersection,highway_or_street_name,at_intersection_with,address_no,traffic_control_device,traffic_control_device_cond,hit_and_run,number_of_vehicles,latitude,longitude,location_status,access_control,agency_code,agency_report_number,agency_report_year,alignment_code,cause1_code,cause2_code,city_class,city_class_code,city_code,city_name,city_township_flag,class_of_trafficway,class_of_trafficway_code,county_code,crash_day,crash_id,crash_month,crash_report_county,crash_severity_cd,crash_yr_source,damaged_property1,damaged_property2,day_of_week_code,did_crash_occur_in_work_zone,did_involve_secondary_crash,flow_condition,icn,investigating_agency_descrip,light_condition_code,mile_station,nhs,non_intersection_direction,non_intersection_distance,non_intersection_units,number_of_lanes,objectid,railroad_crossing_number,road_alignment,road_defects,road_defects_code,road_surface_condition_code,roadway_functional_class,roadway_functional_class_code,route_number,sfe,toll,township,traffic_control_device_code,traffic_control_device_cond_code,trafficway_descrip,trafficway_description_code,ts_crash_coordinate_x,ts_crash_coordinate_y,ts_crash_latitude,ts_crash_longitude,type_report,urban_rural,weather_code,were_workers_present,work_zone,work_zone_related,work_zone_type
2024,2024-07-03,Wednesday,15,03:32 PM,Property Damage,No Injuries,0,0,0,0,0,3,Front to Rear,11,N,N,Following Too Closely,Failing to Reduce Speed to Avoid Crash,Daylight,Clear,Dry,N,,,,,No Controls,No Controls,N,2,41.9069237,-87.8057214,ok,(UNK),1,2403749,2024,,3,28,50000 and OVER,9,4295,Oak Park,C,Urban Other Principal Arte,,16,3,12696181,7,Cook,0,24,,,3,N,No,Stopped,202401210529,City,1,17.79000092,Y,,,,(UNK),207088,(N/A),(UNK),No Defects,1,1,Other Principal Arterial,3,348,X003472459,Not Toll,73,1,1,"Divided, No Median Barrier",2,2939252.53332102,1917452.12033604,41.90691587,-87.80571558,,Urban,1,N,(N/A),Y,(N/A)
2024,2024-07-03,Wednesday,14,02:10 PM,Property Damage,No Injuries,0,0,0,0,0,2,Turning,10,N,N,Failing to Yield Right of Way,Failing to Reduce Speed to Avoid Crash,Daylight,Clear,Dry,Y,,,,,No Controls,No Controls,N,2,41.8946977,-87.7767446,ok,(UNK),1,2403747,2024,,2,28,50000 and OVER,9,4295,Oak Park,C,Urban Minor Arterial,,16,3,12696182,7,Cook,0,24,,,3,N,No,(UNK),202401210530,City,1,4.03999996,N,,,,(UNK),207089,(N/A),(UNK),No Defects,1,1,Minor Arterial,4,1398,X003472460,Not Toll,73,1,1,"Divided, No Median Barrier",2,2947264.92854169,1913215.27190316,41.89468984,-87.77673878,,Urban,1,N,(N/A),Y,(N/A)
2024,2024-07-03,Wednesday,13,01:09 PM,Property Damage,No Injuries,0,0,0,0,0,2,Front to Rear,11,N,N,Following Too Closely,Failing to Reduce Speed to Avoid Crash,Daylight,Clear,Dry,N,,,,,No Controls,No Controls,N,2,41.880041,-87.7820272,ok,(UNK),1,2403744,2024,,3,28,50000 and OVER,9,4295,Oak Park,C,Urban Local Road or Street,,16,3,12696184,7,Cook,0,24,,,3,N,No,Free Flow,202401210532,City,1,0,N,,,,(UNK),207091,(N/A),(UNK),No Defects,1,1,Local Road or Street,7,,X003472462,Not Toll,73,1,1,Not Divided,1,2945975.08738769,1907834.0642572,41.88003318,-87.78202144,,Urban,1,N,(N/A),Y,(N/A)
2024,2024-06-30,Sunday,22,10:00 PM,Property Damage,No Injuries,0,0,0,0,0,4,Angle,15,N,N,Disregarding Traffic Signals,Driving Skills/Knowledge/Experience,Dusk,Clear,Dry,Y,,,,,No Controls,No Controls,N,2,41.9020076,-87.7753711,ok,(UNK),1,JH328123,2024,,25,15,50000 and OVER,9,4295,Oak Park,C,Urban Minor Arterial,,16,30,12697043,6,Cook,0,24,,,7,N,No,Slow,202401211329,City,3,6.05999994,N,,,,(UNK),207672,(N/A),(UNK),No Defects,1,1,Minor Arterial,4,2790,X003473257,Not Toll,,1,1,Four Way,14,2947564.5972143,1915889.57159492,41.90199974,-87.77536533,,Urban,1,N,(N/A),Y,(N/A)
2024,2024-07-03,Wednesday,8,08:25 AM,Property Damage,No Injuries,0,0,0,0,0,2,Rear to Front,18,N,N,Improper Backing,(N/A),Daylight,Cloudy/Overcast,Dry,N,,,,,No Controls,No Controls,N,2,41.87959,-87.80231,ok,(UNK),1,2403739,2024,,30,99,50000 and OVER,9,4295,Oak Park,C,Urban Minor Arterial,,16,3,12697162,7,Cook,0,24,,,3,N,No,Free Flow,202401211466,City,1,0,N,,,,(UNK),207758,(N/A),(UNK),No Defects,1,1,Minor Arterial,4,,X003473367,Not Toll,,1,1,Not Divided,1,2940455.8261422,1907516.79244278,41.87959,-87.80231,,Urban,8,N,(N/A),Y,(N/A)
2024,2024-07-05,Friday,19,07:24 PM,Property Damage,No Injuries,0,0,0,0,0,1,Parked Motor Vehicle,9,N,N,Driving Skills/Knowledge/Experience,Equipment-Vehicle Condition,Daylight,Clear,Dry,N,,,,,No Controls,No Controls,N,2,41.8756234,-87.8045853,ok,(UNK),1,24-02191,2024,,15,10,50000 and OVER,9,4295,Oak Park,C,Urban Other Principal Arte,,16,5,12698618,7,Cook,0,24,,,5,N,No,Free Flow,202401212965,City,1,19.95000076,Y,,,,(UNK),208746,(N/A),(UNK),No Defects,1,1,Other Principal Arterial,3,348,X003474739,Not Toll,73,1,1,Parking Lot,7,2939875.98181096,1906054.22848656,41.87561558,-87.80457946,,Urban,1,N,(N/A),Y,(N/A)
2024,2024-07-01,Monday,17,05:58 PM,Property Damage,No Injuries,0,0,0,0,0,2,Sideswipe Same Direction,12,N,N,Improper Overtaking/Passing,Improper Lane Usage,Daylight,Clear,Dry,N,,,,,Other Regualtory Sig,Functioning Properly,Y,2,41.8727626,-87.7952361,ok,Partial Access Control,3,03-24-12166,2024,,4,20,50000 and OVER,9,4295,Oak Park,C,Urban InterState,,16,1,12699469,7,Cook,0,24,,,1,N,No,(UNK),202401213796,ISP,1,8.13000011,Y,,,,(UNK),209352,(N/A),(UNK),No Defects,1,1,InterState,1,290,X003475561,Not Toll,73,10,4,Divided With Median Barrier,3,2942451.12217249,1905081.95877525,41.87275479,-87.79523029,,Urban,1,N,(N/A),Y,(N/A)
2024,2024-07-07,Sunday,17,05:36 PM,Injury,B Injury Crash,1,0,0,1,0,3,Turning,10,N,N,Improper Lane Usage,Failing to Reduce Speed to Avoid Crash,Daylight,Rain,Wet,Y,,,,,Traffic Signal,Functioning Properly,N,2,41.8736414,-87.8045238,ok,Partial Access Control,1,2403829,2024,,20,28,50000 and OVER,9,4295,Oak Park,C,Urban InterState,,16,7,12700492,7,Cook,2,24,,,7,N,No,Free Flow,202401214968,City,1,20.10000038,Y,,,,(UNK),210084,(N/A),(UNK),No Defects,1,2,InterState,1,348,X003476548,Not Toll,73,3,4,"Divided, No Median Barrier",2,2939912.59843058,1905332.3979768,41.87363353,-87.80451804,,Urban,2,N,(N/A),Y,(N/A)
2024,2024-07-01,Monday,18,06:03 PM,Property Damage,No Injuries,0,0,0,0,0,1,Parked Motor Vehicle,9,N,N,Failing to Yield Right of Way,(N/A),Daylight,Clear,Dry,N,,,,,No Controls,No Controls,N,2,41.8943694,-87.7946742,ok,(UNK),1,2403704,2024,,2,99,50000 and OVER,9,4295,Oak Park,C,Urban Major Collector,,16,1,12701338,7,Cook,0,24,,,1,N,No,Slow,202401215441,City,1,5.11999989,N,,,,(UNK),210632,(N/A),(UNK),No Defects,1,1,Major Collector,5,2775,X003477009,Not Toll,73,1,1,Not Divided,1,2942386.41609598,1912960.0962239,41.89436156,-87.79466839,,Urban,1,N,(N/A),Y,(N/A)
2024,2024-07-06,Saturday,18,06:52 PM,Property Damage,No Injuries,0,0,0,0,0,2,Front to Rear,11,N,N,Failing to Reduce Speed to Avoid Crash,Driving Skills/Knowledge/Experience,Daylight,Clear,Dry,Y,,,,,Traffic Signal,Functioning Properly,Y,2,41.8800061,-87.7844421,ok,(UNK),1,2403815,2024,,28,15,50000 and OVER,9,4295,Oak Park,C,Urban Major Collector,,16,6,12701340,7,Cook,0,24,,,6,N,No,Stopped,202401215443,City,1,1.50999999,N,,,,(UNK),210633,(N/A),(UNK),No Defects,1,1,Major Collector,5,2783,X003477010,Not Toll,73,3,4,Two-way Continuous Left-Tur,4,2945317.77372983,1907803.08012781,41.8799983,-87.78443632,,Urban,1,N,(N/A),Y,(N/A)
2024,2024-07-02,Tuesday,13,01:07 PM,Property Damage,No Injuries,0,0,0,0,0,1,Parked Motor Vehicle,9,N,N,Driving Skills/Knowledge/Experience,Improper Lane Usage,Daylight,Clear,Dry,N,,,,,Other,Functioning Properly,N,2,41.8682035,-87.786488,ok,(UNK),1,2403779,2024,,15,20,50000 and OVER,9,4295,Oak Park,C,Urban Local Road or Street,,16,2,12701346,7,Cook,0,24,,,2,N,No,Free Flow,202401215447,City,1,0,N,,,,(UNK),210635,(N/A),(UNK),No Defects,1,1,Local Road or Street,7,,X003477014,Not Toll,73,13,4,Not Divided,1,2944879.94239075,1903486.49756569,41.86819561,-87.78648217,,Urban,1,N,(N/A),Y,(N/A)
2024,2024-07-02,Tuesday,13,01:30 PM,Injury,B Injury Crash,1,0,0,1,0,3,Front to Rear,11,N,N,Failing to Reduce Speed to Avoid Crash,Following Too Closely,Daylight,Unknown,Unknown,N,,,,,No Controls,No Controls,Y,4,41.8947155,-87.7753418,ok,(UNK),1,2403809,2024,,28,3,50000 and OVER,9,4295,Oak Park,C,Urban Minor Arterial,,16,2,12701351,7,Cook,2,24,,,2,N,Yes,Slow,202401215451,City,1,4.11999989,N,,,,(UNK),210636,(N/A),(UNK),Unknown,99,9,Minor Arterial,4,1398,X003477017,Not Toll,73,1,1,"Divided, No Median Barrier",2,2947646.68024419,1913232.40940991,41.89470765,-87.77533604,,Urban,9,N,(N/A),N,(N/A)
2024,2024-07-08,Monday,15,03:00 PM,Property Damage,No Injuries,0,0,0,0,0,1,Parked Motor Vehicle,9,N,N,Improper Turning/No Signal,Failing to Yield Right of Way,Daylight,Clear,Dry,Y,,,,,Stop Sign,Functioning Properly,N,2,41.9089397,-87.8038912,ok,(UNK),1,JH338580,2024,,6,2,50000 and OVER,9,4295,Oak Park,C,Urban Other Principal Arte,,16,8,12702277,7,Cook,0,24,,,1,N,No,Free Flow,202401216459,City,1,6.01999998,Y,,,,(UNK),211185,(N/A),(UNK),Unknown,99,1,Other Principal Arterial,3,307,X003477848,Not Toll,,2,4,T-Intersection,15,2939730.5,1918200.5,41.90893183,-87.80388542,,Urban,1,N,(N/A),N,(N/A)
2024,2024-07-08,Monday,12,12:51 PM,Property Damage,No Injuries,0,0,0,0,0,1,Parked Motor Vehicle,9,N,N,Failing to Reduce Speed to Avoid Crash,Improper Lane Usage,Unknown,Unknown,Unknown,N,,,,,No Controls,No Controls,Y,2,41.8816144,-87.7906863,ok,(UNK),1,2403848,2024,,28,20,50000 and OVER,9,4295,Oak Park,C,Urban Major Collector,,16,8,12702657,7,Cook,0,24,,,1,N,No,Free Flow,202401216829,City,9,0.73000002,N,,,,(UNK),211441,(N/A),(UNK),No Defects,1,9,Major Collector,5,5,X003478186,Not Toll,73,1,1,"Divided, No Median Barrier",2,2943601.00433523,1908341.99582651,41.88160657,-87.79068049,,Urban,9,N,(N/A),Y,(N/A)
2024,2024-07-09,Tuesday,7,07:40 AM,Injury,B Injury Crash,1,0,0,1,0,0,Parked Motor Vehicle,9,N,N,Failing to Reduce Speed to Avoid Crash,Improper Lane Usage,Daylight,Cloudy/Overcast,Dry,N,,,,,No Controls,No Controls,N,2,41.8796802,-87.8038483,ok,(UNK),1,2403859,2024,,28,20,50000 and OVER,9,4295,Oak Park,C,Urban Local Road or Street,,16,9,12702658,7,Cook,2,24,,,2,N,No,Free Flow,202401216830,City,1,0,N,,,,(UNK),211442,(N/A),(UNK),No Defects,1,1,Local Road or Street,7,,X003478187,Not Toll,73,1,1,Not Divided,1,2940035.99133948,1907538.10189144,41.87967231,-87.80384245,,Urban,8,N,(N/A),Y,(N/A)
2024,2024-07-06,Saturday,2,02:59 AM,Property Damage,No Injuries,0,0,0,0,0,1,Fixed Object,6,N,N,Failing to Reduce Speed to Avoid Crash,Under Influence of Alcohol/Drugs,Darkness / Lighted Road,Clear,Dry,N,,,,,No Controls,No Controls,N,1,41.8799425,-87.7807977,ok,(UNK),1,2403801,2024,,28,8,50000 and OVER,9,4295,Oak Park,C,Urban Minor Arterial,,16,6,12702930,7,Cook,0,24,TREE,,6,N,No,Free Flow,202401217208,City,5,4.30999994,N,,,,(UNK),211607,(N/A),(UNK),No Defects,1,1,Minor Arterial,4,1419,X003474793,Not Toll,73,1,1,Divided With Median Barrier,3,2946310.92509315,1907807.47285196,41.87993466,-87.78079195,,Urban,1,N,(N/A),Y,(N/A)
2024,2024-07-10,Wednesday,14,02:35 PM,Property Damage,No Injuries,0,0,0,0,0,2,Front to Rear,11,N,N,Following Too Closely,Failing to Reduce Speed to Avoid Crash,Daylight,Clear,Dry,N,,,,,Other Regualtory Sig,Functioning Properly,N,2,41.8714509,-87.7779209,ok,Partial Access Control,3,03-24-12754,2024,,3,28,50000 and OVER,9,4295,Oak Park,C,Urban InterState,,16,10,12703621,7,Cook,0,24,,,3,N,No,(UNK),202401217984,ISP,1,9.02000046,Y,,,,(UNK),212057,(N/A),(UNK),No Defects,1,1,InterState,1,290,X003479083,Not Toll,73,10,4,Divided With Median Barrier,3,2947180.57529723,1904734.77278732,41.87144304,-87.7779151,,Urban,1,N,(N/A),Y,(N/A)
2024,2024-07-09,Tuesday,15,03:55 PM,Property Damage,No Injuries,0,0,0,0,0,2,Sideswipe Same Direction,12,N,N,Improper Lane Usage,Driving Skills/Knowledge/Experience,Daylight,Clear,Dry,Y,,,,,No Controls,No Controls,N,2,41.909244,-87.7757317,ok,(UNK),1,2403881,2024,,20,15,50000 and OVER,9,4295,Oak Park,C,Urban Other Principal Arte,,16,9,12703886,7,Cook,0,24,,,2,N,No,Free Flow,202401218242,City,1,7.46999979,Y,,,,(UNK),212244,(N/A),(UNK),No Defects,1,1,Other Principal Arterial,3,307,X003479334,Not Toll,73,1,1,Divided With Median Barrier,3,2947392.89030797,1918523.91907223,41.90923613,-87.7757259,,Urban,1,N,(N/A),Y,(N/A)
2024,2024-07-02,Tuesday,21,09:40 PM,Property Damage,No Injuries,0,0,0,0,0,3,Sideswipe Same Direction,12,N,N,Failing to Reduce Speed to Avoid Crash,Driving Skills/Knowledge/Experience,Darkness / Lighted Road,Clear,Dry,N,,,,,Other,Functioning Properly,N,3,41.8730429,-87.7997481,ok,Partial Access Control,3,03-24-12240,2024,,28,15,50000 and OVER,9,4295,Oak Park,C,Urban InterState,,16,2,12704963,7,Cook,0,24,,,2,N,No,(UNK),202401218824,ISP,5,7.92000008,Y,,,,(UNK),212916,(N/A),(UNK),No Defects,1,1,InterState,1,290,X003479803,Not Toll,73,13,4,Divided With Median Barrier,3,2941219.3700051,1905150.13560094,41.87303501,-87.79974229,,Urban,1,N,(N/A),Y,(N/A)
2024,2024-07-07,Sunday,4,04:20 AM,Property Damage,No Injuries,0,0,0,0,0,1,Fixed Object,6,N,N,Equipment-Vehicle Condition,Equipment-Vehicle Condition,Darkness / Lighted Road,Clear,Dry,Y,,,,,Traffic Signal,Functioning Properly,N,1,41.8710572,-87.7742864,ok,Partial Access Control,1,JH336660,2024,,10,10,50000 and OVER,9,4295,Oak Park,C,Urban InterState,,16,7,12705627,7,Cook,0,24,,,7,N,No,Slow,202401219501,City,5,0.20999999,Y,,,,(UNK),213333,(N/A),(UNK),No Defects,1,1,InterState,1,290,X003480431,Not Toll,,3,4,Ramp,11,2948174.52366442,1904618.90804196,41.8710494,-87.77428062,,Urban,1,N,(N/A),Y,(N/A)
2024,2024-07-06,Saturday,13,01:30 PM,Property Damage,No Injuries,0,0,0,0,0,2,Turning,10,N,N,Disregarding Traffic Signals,Failing to Reduce Speed to Avoid Crash,Daylight,Clear,Dry,Y,,,,,Traffic Signal,Functioning Properly,N,2,41.8814976,-87.7999233,ok,(UNK),1,2403905,2024,,25,28,50000 and OVER,9,4295,Oak Park,C,Urban Major Collector,,16,6,12705763,7,Cook,0,24,,,6,N,No,Slow,202401219601,City,1,0.25,N,,,,(UNK),213400,(N/A),(UNK),No Defects,1,1,Major Collector,5,5,X003480527,Not Toll,73,3,4,"Divided, No Median Barrier",2,2941086.63906243,1908229.89684798,41.8814898,-87.79991751,,Urban,1,N,(N/A),Y,(N/A)
2024,2024-07-09,Tuesday,20,08:58 PM,Injury,B Injury Crash,1,0,0,1,0,1,Parked Motor Vehicle,9,N,N,Improper Lane Usage,Failing to Reduce Speed to Avoid Crash,Darkness / Lighted Road,Rain,Wet,N,,,,,No Controls,No Controls,Y,2,41.89034,-87.7848,ok,(UNK),1,2403886,2024,,20,28,50000 and OVER,9,4295,Oak Park,C,Urban Major Collector,,16,9,12705917,7,Cook,2,24,,,2,N,No,Free Flow,202401220226,City,5,0,N,,,,(UNK),213500,(N/A),(UNK),No Defects,1,2,Major Collector,5,,X003480669,Not Toll,,1,1,Not Divided,1,2945115.72692072,1911566.22342962,41.89034,-87.7848,,Urban,2,N,(N/A),Y,(N/A)
2024,2024-07-11,Thursday,17,05:02 PM,Property Damage,No Injuries,0,0,0,0,0,3,Parked Motor Vehicle,9,N,N,Improper Turning/No Signal,(N/A),Daylight,Clear,Dry,N,,,,,No Controls,No Controls,N,2,41.888212,-87.7808819,ok,(UNK),1,2403926,2024,,6,99,50000 and OVER,9,4295,Oak Park,C,Urban Major Collector,,16,11,12706915,7,Cook,0,24,,,4,N,No,Free Flow,202401220852,City,1,1.03999996,N,,,,(UNK),214194,(N/A),(UNK),No Defects,1,1,Major Collector,5,1405,X003481601,Not Toll,73,1,1,Not Divided,1,2946204.1911999,1910820.39820528,41.88820416,-87.78087607,,Urban,1,N,(N/A),Y,(N/A)
2024,2024-07-12,Friday,2,02:45 AM,Property Damage,No Injuries,0,0,0,0,0,1,Fixed Object,6,N,N,Under Influence of Alcohol/Drugs,Failing to Reduce Speed to Avoid Crash,Darkness / Lighted Road,Clear,Dry,N,,,,,Stop Sign,Functioning Properly,N,1,41.8891292,-87.7847275,ok,(UNK),1,2403931,2024,,8,28,50000 and OVER,9,4295,Oak Park,C,Urban Major Collector,,16,12,12706916,7,Cook,0,24,STOP SIGN,,5,N,No,Free Flow,202401220853,City,5,0.87,N,,,,(UNK),214195,(N/A),(UNK),No Defects,1,1,Major Collector,5,2783,X003481602,Not Toll,73,2,4,Not Divided,1,2945147.73382623,1911125.53954305,41.88912137,-87.78472166,,Urban,1,N,(N/A),Y,(N/A)
2024,2024-07-11,Thursday,18,06:15 PM,Property Damage,No Injuries,0,0,0,0,0,2,Sideswipe Same Direction,12,N,N,Failing to Yield Right of Way,Failing to Reduce Speed to Avoid Crash,Daylight,Clear,Dry,Y,,,,,Traffic Signal,Functioning Properly,Y,2,41.8796647,-87.8047357,ok,(UNK),1,24-02261,2024,,2,28,50000 and OVER,9,4295,Oak Park,C,Urban Other Principal Arte,,16,11,12707198,7,Cook,0,24,,,4,N,No,Free Flow,202401221108,City,1,19.68000031,Y,,,,(UNK),214386,(N/A),(UNK),No Defects,1,1,Other Principal Arterial,3,348,X003481859,Not Toll,73,3,4,"Divided, No Median Barrier",2,2939794.47127867,1907525.82561525,41.87965688,-87.80472985,,Urban,1,N,(N/A),Y,(N/A)
2024,2024-07-11,Thursday,23,11:45 PM,Property Damage,No Injuries,0,0,0,0,0,1,Parked Motor Vehicle,9,N,N,Failing to Reduce Speed to Avoid Crash,Driving Skills/Knowledge/Experience,Darkness / Lighted Road,Clear,Dry,N,,,,,No Controls,No Controls,Y,2,41.8755504,-87.8045831,ok,(UNK),1,24-02263,2024,,28,15,50000 and OVER,9,4295,Oak Park,C,Urban Other Principal Arte,,16,11,12707200,7,Cook,0,24,,,4,N,No,Free Flow,202401221110,City,5,19.95999908,Y,,,,(UNK),214388,(N/A),(UNK),No Defects,1,1,Other Principal Arterial,3,348,X003481861,Not Toll,73,1,1,Parking Lot,7,2939877.29241351,1906027.6352329,41.87554256,-87.80457734,,Urban,1,N,(N/A),Y,(N/A)
2024,2024-07-12,Friday,16,04:39 PM,Property Damage,No Injuries,0,0,0,0,0,3,Sideswipe Same Direction,12,N,N,Improper Lane Usage,Improper Overtaking/Passing,Daylight,Clear,Dry,Y,,,,,No Controls,No Controls,N,3,41.881388,-87.8047783,ok,(UNK),1,24-02273,2024,,20,4,50000 and OVER,9,4295,Oak Park,C,Urban Other Principal Arte,,16,12,12707201,7,Cook,0,24,,,5,N,Yes,Slow,202401221111,City,1,19.55999947,Y,,,,(UNK),214389,(N/A),(UNK),No Defects,1,1,Other Principal Arterial,3,348,X003481862,Not Toll,73,1,1,"Divided, No Median Barrier",2,2939765.56474461,1908153.50228568,41.88138017,-87.8047725,,Urban,1,N,(N/A),Y,(N/A)
2024,2024-07-13,Saturday,14,02:20 PM,Property Damage,No Injuries,0,0,0,0,0,2,Turning,10,N,N,Improper Turning/No Signal,Improper Lane Usage,Daylight,Clear,Dry,N,,,,,No Controls,No Controls,N,2,41.875502,-87.8045817,ok,(UNK),1,24-02284,2024,,6,20,50000 and OVER,9,4295,Oak Park,C,Urban Other Principal Arte,,16,13,12707526,7,Cook,0,24,,,6,N,No,Slow,202401221416,City,1,19.95999908,Y,,,,(UNK),214610,(N/A),(UNK),No Defects,1,1,Other Principal Arterial,3,348,X003482168,Not Toll,73,1,1,"Divided, No Median Barrier",2,2939878.16052587,1906010.02048574,41.87549419,-87.80457593,,Urban,1,N,(N/A),Y,(N/A)
2024,2024-07-13,Saturday,22,10:53 PM,Property Damage,No Injuries,0,0,0,0,0,2,Sideswipe Same Direction,12,N,N,Improper Lane Usage,Driving Skills/Knowledge/Experience,Darkness / Lighted Road,Clear,Dry,N,,,,,Traffic Signal,Functioning Properly,Y,2,41.8796775,-87.8047359,ok,(UNK),1,24-02287,2024,,20,15,50000 and OVER,9,4295,Oak Park,C,Urban Other Principal Arte,,16,13,12707628,7,Cook,0,24,,,6,N,No,Free Flow,202401221515,City,5,19.68000031,Y,,,,(UNK),214682,(N/A),(UNK),No Defects,1,1,Other Principal Arterial,3,348,X003482266,Not Toll,73,3,4,"Divided, No Median Barrier",2,2939794.26784824,1907530.49131975,41.87966969,-87.80473013,,Urban,1,N,(N/A),Y,(N/A)
2024,2024-07-14,Sunday,14,02:10 PM,Property Damage,No Injuries,0,0,0,0,0,2,Front to Rear,11,N,N,Following Too Closely,Failing to Reduce Speed to Avoid Crash,Daylight,Clear,Dry,N,,,,,Other Regualtory Sig,Functioning Properly,N,2,41.8715421,-87.7793807,ok,Partial Access Control,3,03-24-13071,2024,,3,28,50000 and OVER,9,4295,Oak Park,C,Urban InterState,,16,14,12708323,7,Cook,0,24,,,7,N,No,(UNK),202401222187,ISP,1,8.94999981,Y,,,,(UNK),215191,(N/A),(UNK),No Defects,1,1,InterState,1,290,X003482943,Not Toll,73,10,4,Divided With Median Barrier,3,2946782.02624701,1904756.94896474,41.87153426,-87.77937494,,Urban,1,N,(N/A),Y,(N/A)
2024,2024-07-10,Wednesday,17,05:11 PM,Injury,B Injury Crash,1,0,0,1,0,3,Sideswipe Same Direction,12,N,N,Failing to Reduce Speed to Avoid Crash,(N/A),Daylight,Clear,Dry,N,,,,,No Controls,No Controls,N,2,41.8798694,-87.7843958,ok,(UNK),1,2403906,2024,,28,99,50000 and OVER,9,4295,Oak Park,C,Urban Minor Arterial,,16,10,12708695,7,Cook,2,24,,,3,N,No,Free Flow,202401222559,City,1,4.11999989,N,,,,(UNK),215462,(N/A),(UNK),No Defects,1,1,Minor Arterial,4,1419,X003481606,Not Toll,73,1,1,Divided With Median Barrier,3,2945331.76374524,1907753.58093823,41.87986151,-87.78439003,,Urban,1,N,(N/A),Y,(N/A)
2024,2024-07-09,Tuesday,17,05:08 PM,Property Damage,No Injuries,0,0,0,0,0,4,Front to Rear,11,N,N,Failing to Reduce Speed to Avoid Crash,Following Too Closely,Daylight,Rain,Wet,N,,,,,Other,Functioning Properly,N,3,41.8719888,-87.7846933,ok,Partial Access Control,3,03-24-12675,2024,,28,3,50000 and OVER,9,4295,Oak Park,C,Urban InterState,,16,9,12709018,7,Cook,0,24,,,2,N,No,(UNK),202401222924,ISP,1,8.68000031,Y,,,,(UNK),215703,(N/A),(UNK),No Defects,1,2,InterState,1,290,X003483604,Not Toll,73,13,4,Divided With Median Barrier,3,2945330.5,1904879.5,41.87198092,-87.78468748,,Urban,2,N,(N/A),Y,(N/A)
2024,2024-07-15,Monday,9,09:10 AM,Property Damage,No Injuries,0,0,0,0,0,2,Turning,10,N,N,Failing to Yield Right of Way,Improper Turning/No Signal,Daylight,Clear,Dry,N,,,,,Traffic Signal,Functioning Properly,N,2,41.8651116,-87.8042183,ok,(UNK),1,24-02300,2024,,2,6,50000 and OVER,9,4295,Oak Park,C,Urban Other Principal Arte,,16,15,12710120,7,Cook,0,24,,,1,N,No,Slow,202401223776,City,1,20.68000031,Y,,,,(UNK),216466,(N/A),(UNK),No Defects,1,1,Other Principal Arterial,3,348,X003484345,Not Toll,73,3,4,"Divided, No Median Barrier",2,2940081.3996084,1902226.27804188,41.86510373,-87.80421254,,Urban,1,N,(N/A),Y,(N/A)
2024,2024-07-08,Monday,2,02:30 AM,Property Damage,No Injuries,0,0,0,0,0,3,Front to Rear,11,N,N,Failing to Reduce Speed to Avoid Crash,Improper Overtaking/Passing,Darkness / Lighted Road,Clear,Dry,Y,,,,,Traffic Signal,Functioning Properly,N,3,41.8736422,-87.8041548,ok,Partial Access Control,3,03-24-12557,2024,,28,4,50000 and OVER,9,4295,Oak Park,C,Urban InterState,,16,8,12710369,7,Cook,0,24,,,1,N,No,(UNK),202401224031,ISP,5,0,Y,,,,(UNK),216660,(N/A),(UNK),No Defects,1,1,InterState,1,,X003484591,Not Toll,,3,4,Ramp,11,2940013.10995205,1905335.48319271,41.87364225,-87.80415478,,Urban,1,N,(N/A),Y,(N/A)
2024,2024-07-12,Friday,11,11:48 AM,Injury,B Injury Crash,1,0,0,1,0,1,Angle,15,N,N,Failing to Yield Right of Way,Driving Skills/Knowledge/Experience,Daylight,Clear,Dry,N,,,,,No Controls,No Controls,N,2,41.8774962,-87.8046453,ok,(UNK),1,24-02268,2024,,2,15,50000 and OVER,9,4295,Oak Park,C,Urban Other Principal Arte,,16,12,12710742,7,Cook,2,24,,,5,N,No,Slow,202401224444,City,1,19.81999969,Y,,,,(UNK),216901,(N/A),(UNK),No Defects,1,1,Other Principal Arterial,3,348,X003484929,Not Toll,73,1,1,"Divided, No Median Barrier",2,2939840.84325285,1906736.26840779,41.8774884,-87.80463948,,Urban,1,N,(N/A),Y,(N/A)
2024,2024-07-16,Tuesday,6,06:20 AM,Property Damage,No Injuries,0,0,0,0,0,2,Front to Rear,11,N,N,Following Too Closely,Following Too Closely,Daylight,Clear,Dry,Y,,,,,Traffic Signal,Functioning Properly,N,2,41.8759848,-87.8045958,ok,(UNK),1,24-02314,2024,,3,3,50000 and OVER,9,4295,Oak Park,C,Urban Other Principal Arte,,16,16,12710882,7,Cook,0,24,,,2,N,No,Free Flow,202401224599,City,1,19.93000031,Y,,,,(UNK),217000,(N/A),(UNK),No Defects,1,1,Other Principal Arterial,3,348,X003485053,Not Toll,73,3,4,"Divided, No Median Barrier",2,2939869.49456576,1906185.86027551,41.875977,-87.80458997,,Urban,1,N,(N/A),Y,(N/A)