crash_year,crash_date,day_of_week,crash_hour,time_of_crash,crash_severity,crash_injury_severity,total_injured,total_fatals,a_injuries,b_injuries,c_injuries,no_injuries,type_of_first_crash,collision_type_code,pedestrian_involved,pedalcyclist_involved,cause1,cause2,lighting_cond,weather_cond,road_surface_cond,intersection_related,is_intersection,highway_or_street_name,at_intersection_with,address_no,traffic_control_device,traffic_control_device_cond,hit_and_run,number_of_vehicles,latitude,longitude,location_status,access_control,agency_code,agency_report_number,agency_report_year,alignment_code,cause1_code,cause2_code,city_class,city_class_code,city_code,city_name,city_township_flag,class_of_trafficway,class_of_trafficway_code,county_code,crash_day,crash_id,crash_month,crash_report_county,crash_severity_cd,crash_yr_source,damaged_property1,damaged_property2,day_of_week_code,did_crash_occur_in_work_zone,did_involve_secondary_crash,flow_condition,icn,investigating_agency_descrip,light_condition_code,mile_station,nhs,non_intersection_direction,non_intersection_distance,non_intersection_units,number_of_lanes,objectid,railroad_crossing_number,road_alignment,road_defects,road_defects_code,road_surface_condition_code,roadway_functional_class,roadway_functional_class_code,route_number,sfe,toll,township,traffic_control_device_code,traffic_control_device_cond_code,trafficway_descrip,trafficway_description_code,ts_crash_coordinate_x,ts_crash_coordinate_y,ts_crash_latitude,ts_crash_longitude,type_report,urban_rural,weather_code,were_workers_present,work_zone,work_zone_related,work_zone_type
2024,2024-07-13,Saturday,20,08:18 PM,Injury,C Injury Crash,1,0,0,0,1,4,Angle,15,N,N,Failing to Reduce Speed to Avoid Crash,Disregarding Traffic Signals,Dusk,Clear,Dry,N,,,,,Traffic Signal,Functioning Properly,N,2,41.88168,-87.78452,ok,(UNK),1,2403978,2024,,28,25,50000 and OVER,9,4295,Oak Park,C,Urban Major Collector,,16,13,12710922,7,Cook,1,24,,,6,N,No,Free Flow,202401224636,City,3,1.39999998,N,,,,(UNK),217028,(N/A),(UNK),No Defects,1,1,Major Collector,5,2783,X003485090,Not Toll,,3,4,Not Divided,1,2945279.62245676,1908412.47370952,41.88168,-87.78452,,Urban,1,N,(N/A),Y,(N/A)
2024,2024-07-04,Thursday,23,11:25 PM,Property Damage,No Injuries,0,0,0,0,0,2,Sideswipe Same Direction,12,N,N,Failing to Reduce Speed to Avoid Crash,Driving Skills/Knowledge/Experience,Darkness / Lighted Road,Clear,Dry,N,,,,,Other,Functioning Properly,Y,2,41.8715262,-87.7791415,ok,Partial Access Control,3,03-24-12366,2024,,28,15,50000 and OVER,9,4295,Oak Park,C,Urban InterState,,16,4,12711501,7,Cook,0,24,,,4,N,No,(UNK),202401225192,ISP,5,8.96000004,Y,,,,(UNK),217415,(N/A),(UNK),No Defects,1,1,InterState,1,290,X003485640,Not Toll,73,13,4,Divided With Median Barrier,3,2946847.35041731,1904752.96009246,41.87151834,-87.7791357,,Urban,1,N,(N/A),Y,(N/A)
2024,2024-07-13,Saturday,7,07:40 AM,Property Damage,No Injuries,0,0,0,0,0,2,Sideswipe Same Direction,12,N,N,Failing to Yield Right of Way,Improper Overtaking/Passing,Daylight,Clear,Dry,N,,,,,Other,Functioning Properly,N,2,41.873473,-87.8041612,ok,Partial Access Control,3,03-24-12945,2024,,2,4,50000 and OVER,9,4295,Oak Park,C,Urban InterState,,16,13,12711589,7,Cook,0,24,,,6,N,No,(UNK),202401225270,ISP,1,7.71999979,Y,,,,(UNK),217478,(N/A),(UNK),No Defects,1,1,InterState,1,290,X003485720,Not Toll,73,13,4,Divided With Median Barrier,3,2940013.06869218,1905273.76279688,41.87346517,-87.80415537,,Urban,1,N,(N/A),Y,(N/A)
2024,2024-07-13,Saturday,16,04:22 PM,Property Damage,No Injuries,0,0,0,0,0,2,Front to Rear,11,N,N,Following Too Closely,(N/A),Daylight,Clear,Dry,Y,,,,,Traffic Signal,Functioning Properly,N,2,41.8884676,-87.7847012,ok,(UNK),1,2403976,2024,,3,99,50000 and OVER,9,4295,Oak Park,C,Urban Major Collector,,16,13,12711751,7,Cook,0,24,,,6,N,No,Stopped,202401225423,City,1,0.92000002,N,,,,(UNK),217592,(N/A),(UNK),No Defects,1,1,Major Collector,5,2783,X003485875,Not Toll,73,3,4,"Divided, No Median Barrier",2,2945161.57631232,1910884.63098195,41.88845975,-87.78469542,,Urban,1,N,(N/A),Y,(N/A)
2024,2024-07-13,Saturday,17,05:23 PM,Injury,B Injury Crash,1,0,0,1,0,3,Turning,10,N,N,Failing to Reduce Speed to Avoid Crash,(N/A),Daylight,Clear,Dry,N,,,,,No Controls,No Controls,N,2,41.8799764,-87.7779227,ok,(UNK),1,2403973,2024,,28,99,50000 and OVER,9,4295,Oak Park,C,Urban Minor Arterial,,16,13,12711752,7,Cook,2,24,,,6,N,No,Free Flow,202401225424,City,1,4.46000004,N,,,,(UNK),217593,(N/A),(UNK),No Defects,1,1,Minor Arterial,4,1419,X003485876,Not Toll,73,1,1,"Divided, No Median Barrier",2,2947093.56097929,1907841.62278391,41.87996857,-87.77791694,,Urban,1,N,(N/A),Y,(N/A)
2024,2024-07-13,Saturday,8,08:25 AM,Property Damage,No Injuries,0,0,0,0,0,2,Sideswipe Same Direction,12,N,N,Failing to Reduce Speed to Avoid Crash,(N/A),Daylight,Clear,Dry,N,,,,,No Controls,No Controls,Y,2,41.8980346,-87.80539,ok,(UNK),1,2403959,2024,,28,99,50000 and OVER,9,4295,Oak Park,C,Urban Other Principal Arte,,16,13,12711755,7,Cook,0,24,DECORATIVE BRICK WALL,,6,N,No,Free Flow,202401225427,City,1,18.39999962,Y,,,,(UNK),217596,(N/A),(UNK),No Defects,1,1,Other Principal Arterial,3,348,X003485879,Not Toll,73,1,1,"Divided, No Median Barrier",2,2939431.95934056,1914215.24411588,41.89802677,-87.80538418,,Urban,1,N,(N/A),Y,(N/A)
2024,2024-07-13,Saturday,12,12:09 PM,Property Damage,No Injuries,0,0,0,0,0,4,Angle,15,N,N,Disregarding Stop Sign,(N/A),Daylight,Clear,Dry,Y,,,,,Stop Sign,No Controls,N,2,41.8707778,-87.7792158,ok,(UNK),1,2403962,2024,,23,99,50000 and OVER,9,4295,Oak Park,C,Urban Minor Collector,,16,13,12711757,7,Cook,0,24,,,6,N,No,Slow,202401225429,City,1,0,N,,,,(UNK),217598,(N/A),(UNK),No Defects,1,1,Minor Collector,6,290,X003485881,Not Toll,73,2,1,Not Divided,1,2946834.70176392,1904479.68816293,41.87077,-87.77921,,Urban,1,N,(N/A),Y,(N/A)
2024,2024-07-12,Friday,20,08:55 PM,Property Damage,No Injuries,0,0,0,0,0,2,Angle,15,N,N,Failing to Reduce Speed to Avoid Crash,Disregarding Stop Sign,Darkness / Lighted Road,Clear,Dry,Y,,,,,No Controls,No Controls,N,2,41.905615,-87.7913202,ok,(UNK),1,2403953,2024,,28,23,50000 and OVER,9,4295,Oak Park,C,Urban Local Road or Street,,16,12,12711762,7,Cook,0,24,,,5,N,No,Free Flow,202401225433,City,5,0,N,,,,(UNK),217601,(N/A),(UNK),No Defects,1,1,Local Road or Street,7,,X003485885,Not Toll,73,1,1,Not Divided,1,2943186.11265117,1917083.48718991,41.90560715,-87.79131437,,Urban,1,N,(N/A),Y,(N/A)
2024,2024-07-12,Friday,22,10:02 PM,Property Damage,No Injuries,0,0,0,0,0,1,Parked Motor Vehicle,9,N,N,(N/A),(N/A),Darkness / Lighted Road,Clear,Dry,N,,,,,No Controls,No Controls,Y,2,41.8868569,-87.796159,ok,(UNK),1,2403954,2024,,99,99,50000 and OVER,9,4295,Oak Park,C,Urban Local Road or Street,,16,12,12711769,7,Cook,0,24,,,5,N,No,Stopped,202401225439,City,5,0,N,,,,(UNK),217606,(N/A),(UNK),No Defects,1,1,Local Road or Street,7,,X003485891,Not Toll,73,1,1,One-Way,10,2942057.81509193,1910211.21341876,41.88684904,-87.79615317,,Urban,1,N,(N/A),Y,(N/A)
2024,2024-07-15,Monday,14,02:42 PM,Injury,B Injury Crash,1,0,0,1,0,1,Pedalcyclist,2,N,Y,Improper Lane Usage,Driving Skills/Knowledge/Experience,Daylight,Clear,Dry,Y,,,,,No Controls,No Controls,N,1,41.8979245,-87.8020209,ok,(UNK),1,2404014,2024,,20,15,50000 and OVER,9,4295,Oak Park,C,Urban Local Road or Street,,16,15,12711771,7,Cook,2,24,,,1,N,No,Free Flow,202401225441,City,1,0,N,,,,(UNK),217608,(N/A),(UNK),No Defects,1,1,Local Road or Street,7,,X003485893,Not Toll,73,1,1,Not Divided,1,2940350.34815209,1914200.3982417,41.89791666,-87.80201507,,Urban,1,N,(N/A),Y,(N/A)
2024,2024-07-15,Monday,8,08:25 AM,Property Damage,No Injuries,0,0,0,0,0,3,Front to Rear,11,N,N,Distraction - From Inside Vehicle,Failing to Reduce Speed to Avoid Crash,Daylight,Clear,Dry,N,,,,,Stop Sign,Functioning Properly,N,2,41.8760427,-87.7855447,ok,(UNK),1,2404003,2024,,41,28,50000 and OVER,9,4295,Oak Park,C,Urban Local Road or Street,,16,15,12711772,7,Cook,0,24,,,1,N,No,Free Flow,202401225442,City,1,0,N,,,,(UNK),217609,(N/A),(UNK),No Defects,1,1,Local Road or Street,7,,X003485894,Not Toll,73,2,4,Not Divided,1,2945057.58062856,1906350.37332756,41.87603481,-87.78553894,,Urban,1,N,(N/A),Y,(N/A)
2024,2024-07-15,Monday,15,03:20 PM,Property Damage,No Injuries,0,0,0,0,0,2,Turning,10,N,N,Disregarding Traffic Signals,Failing to Reduce Speed to Avoid Crash,Daylight,Clear,Dry,Y,,,,,Traffic Signal,Functioning Properly,N,2,41.8796683,-87.8047358,ok,(UNK),1,2404017,2024,,25,28,50000 and OVER,9,4295,Oak Park,C,Urban Other Principal Arte,,16,15,12711776,7,Cook,0,24,,,1,N,No,Free Flow,202401225446,City,1,19.68000031,Y,,,,(UNK),217611,(N/A),(UNK),No Defects,1,1,Other Principal Arterial,3,348,X003485898,Not Toll,73,3,4,Two-way Continuous Left-Tur,4,2939794.39406697,1907527.115622,41.87966043,-87.80473001,,Urban,1,N,(N/A),Y,(N/A)
2024,2024-07-16,Tuesday,9,09:30 AM,Property Damage,No Injuries,0,0,0,0,0,2,Sideswipe Same Direction,12,N,N,Failing to Reduce Speed to Avoid Crash,Driving Skills/Knowledge/Experience,Daylight,Clear,Dry,N,,,,,No Controls,No Controls,N,2,41.8791206,-87.8047099,ok,(UNK),1,2404044,2024,,28,15,50000 and OVER,9,4295,Oak Park,C,Urban Other Principal Arte,,16,16,12711778,7,Cook,0,24,,,2,N,No,Stopped,202401225448,City,1,19.71999931,Y,,,,(UNK),217612,(N/A),(UNK),No Defects,1,1,Other Principal Arterial,3,348,X003485900,Not Toll,73,1,1,Not Divided,1,2939806.9399978,1907327.73264411,41.87911277,-87.80470412,,Urban,1,N,(N/A),Y,(N/A)
2024,2024-07-16,Tuesday,9,09:15 AM,Property Damage,No Injuries,0,0,0,0,0,2,Rear to Front,18,N,N,Improper Backing,(N/A),Daylight,Clear,Dry,Y,,,,,Stop Sign,Functioning Properly,N,2,41.89635,-87.78494,ok,(UNK),1,2404046,2024,,30,99,50000 and OVER,9,4295,Oak Park,C,Urban Major Collector,,16,16,12712902,7,Cook,0,24,,,2,N,No,Stopped,202401225918,City,1,0.38,N,,,,(UNK),217919,(N/A),(UNK),No Defects,1,1,Major Collector,5,2783,X003486357,Not Toll,,2,4,Not Divided,1,2945016.77691221,1913755.32432896,41.89635,-87.78494,,Urban,1,N,(N/A),Y,(N/A)
2024,2024-07-15,Monday,22,10:30 PM,Property Damage,No Injuries,0,0,0,0,0,5,Front to Rear,11,N,N,Following Too Closely,Failing to Reduce Speed to Avoid Crash,Unknown,Unknown,Unknown,N,,,,,No Controls,No Controls,Y,2,41.8763355,-87.7798202,ok,(UNK),1,2404072,2024,,3,28,50000 and OVER,9,4295,Oak Park,C,Urban Local Road or Street,,16,15,12713933,7,Cook,0,24,,,1,N,No,Free Flow,202401226694,City,9,0,N,,,,(UNK),218567,(N/A),(UNK),Debris On Roadway,9,9,Local Road or Street,7,,X003487134,Not Toll,73,1,1,"Divided, No Median Barrier",2,2946613.72628693,1906500.43370299,41.87632769,-87.7798144,,Urban,9,N,(N/A),N,(N/A)
2024,2024-07-17,Wednesday,12,12:14 PM,Injury,B Injury Crash,2,0,0,2,0,0,Angle,15,N,N,Failing to Yield Right of Way,Unable to Determine,Daylight,Clear,Dry,Y,,,,,Stop Sign,Functioning Properly,N,2,41.8881778,-87.7798048,ok,(UNK),1,2404077,2024,,2,18,50000 and OVER,9,4295,Oak Park,C,Urban Major Collector,,16,17,12713934,7,Cook,2,24,,,3,N,No,Free Flow,202401226695,City,1,1.45000005,N,,,,(UNK),218568,(N/A),(UNK),No Defects,1,1,Major Collector,5,3559,X003487135,Not Toll,73,2,4,Four Way,14,2946497.82029172,1910816.10121378,41.88816998,-87.77979903,,Urban,1,N,(N/A),Y,(N/A)
2024,2024-07-03,Wednesday,9,09:00 AM,Property Damage,No Injuries,0,0,0,0,0,2,Other Object,7,N,N,Equipment-Vehicle Condition,Unable to Determine,Daylight,Clear,Dry,N,,,,,Other Regualtory Sig,Functioning Properly,Y,2,41.8709631,-87.7746138,ok,Partial Access Control,3,03-24-12735,2024,,10,18,50000 and OVER,9,4295,Oak Park,C,Urban InterState,,16,3,12714706,7,Cook,0,24,,,3,N,No,(UNK),202401227398,ISP,1,9.18999958,Y,,,,(UNK),219081,(N/A),(UNK),No Defects,1,1,InterState,1,290,X003487818,Not Toll,73,10,4,Divided With Median Barrier,3,2948086.29247597,1904582.12457003,41.87095528,-87.77460806,,Urban,1,N,(N/A),Y,(N/A)
2024,2024-07-16,Tuesday,21,09:38 PM,Property Damage,No Injuries,0,0,0,0,0,4,Sideswipe Same Direction,12,N,N,Unable to Determine,Unable to Determine,Darkness / Lighted Road,Clear,Dry,N,,,,,No Controls,No Controls,N,2,41.873561,-87.8045222,ok,(UNK),1,24-02321,2024,,18,18,50000 and OVER,9,4295,Oak Park,C,Urban Other Principal Arte,,16,16,12715098,7,Cook,0,24,,,2,N,No,Free Flow,202401227774,City,5,20.10000038,Y,,,,(UNK),219348,(N/A),(UNK),No Defects,1,1,Other Principal Arterial,3,348,X003488195,Not Toll,73,1,1,Divided With Median Barrier,3,2939913.85860937,1905303.12652833,41.87355318,-87.80451638,,Urban,1,N,(N/A),Y,(N/A)
2024,2024-07-21,Sunday,15,03:17 PM,Injury,C Injury Crash,1,0,0,0,1,3,Angle,15,N,N,Failing to Yield Right of Way,Driving Skills/Knowledge/Experience,Daylight,Clear,Dry,N,,,,,No Controls,No Controls,N,2,41.8664178,-87.8042596,ok,(UNK),1,24-02377,2024,,2,15,50000 and OVER,9,4295,Oak Park,C,Urban Other Principal Arte,,16,21,12717855,7,Cook,1,24,,,7,N,No,Free Flow,202401230307,City,1,20.59000015,Y,,,,(UNK),221228,(N/A),(UNK),No Defects,1,1,Other Principal Arterial,3,348,X003490616,Not Toll,73,1,1,"Divided, No Median Barrier",2,2940057.05539911,1902701.98805179,41.86640997,-87.80425379,,Urban,1,N,(N/A),Y,(N/A)
2024,2024-07-18,Thursday,5,05:42 AM,Injury,B Injury Crash,1,0,0,1,0,1,Turning,10,N,N,Unable to Determine,(N/A),Daylight,Clear,Dry,Y,,,,,Traffic Signal,Functioning Properly,N,2,41.8654678,-87.7741258,ok,(UNK),1,2404092,2024,,18,99,50000 and OVER,9,4295,Oak Park,C,Urban Other Principal Arte,,16,18,12718901,7,Cook,2,24,,,4,N,No,Slow,202401231269,City,1,7.55000019,Y,,,,(UNK),221873,(N/A),(UNK),No Defects,1,1,Other Principal Arterial,3,347,X003491578,Not Toll,56,3,4,"Divided, No Median Barrier",2,2948275.07257084,1902583.24937051,41.86546,-87.77412,,Urban,1,N,(N/A),Y,(N/A)
2024,2024-07-18,Thursday,10,10:10 AM,Property Damage,No Injuries,0,0,0,0,0,2,Parked Motor Vehicle,9,N,N,Failing to Reduce Speed to Avoid Crash,(N/A),Daylight,Clear,Unknown,N,,,,,No Controls,No Controls,N,2,41.88176,-87.78121,ok,(UNK),1,2404105,2024,,28,99,50000 and OVER,9,4295,Oak Park,C,Urban Major Collector,,16,18,12718916,7,Cook,0,24,,,4,N,No,Free Flow,202401231286,City,1,0,N,,,,(UNK),221883,(N/A),(UNK),No Defects,1,9,Major Collector,5,,X003491592,Not Toll,,1,1,Not Divided,1,2946180.23203983,1908466.67905227,41.88176,-87.78121,,Urban,1,N,(N/A),Y,(N/A)
2024,2024-07-18,Thursday,8,08:45 AM,Property Damage,No Injuries,0,0,0,0,0,1,Parked Motor Vehicle,9,N,N,Improper Overtaking/Passing,Unable to Determine,Unknown,Unknown,Unknown,N,,,,,No Controls,No Controls,Y,2,41.88191,-87.77959,ok,(UNK),1,2404111,2024,,4,18,50000 and OVER,9,4295,Oak Park,C,Urban Major Collector,,16,18,12718920,7,Cook,0,24,,,4,N,No,Free Flow,202401231290,City,9,1.29999995,N,,,,(UNK),221886,(N/A),(UNK),No Defects,1,9,Major Collector,5,5,X003491596,Not Toll,,1,1,Not Divided,1,2946619.88886642,1908533.61559359,41.88191,-87.77959,,Urban,9,N,(N/A),Y,(N/A)
2024,2024-07-18,Thursday,14,02:09 PM,Property Damage,No Injuries,0,0,0,0,0,2,Pedalcyclist,2,N,Y,Failing to Reduce Speed to Avoid Crash,Unable to Determine,Daylight,Clear,Dry,N,,,,,No Controls,No Controls,N,1,41.88,-87.80173,ok,(UNK),1,2404112,2024,,28,18,50000 and OVER,9,4295,Oak Park,C,Rural (UNK),,16,18,12718923,7,Cook,0,24,,,4,N,No,Slow,202401231293,City,1,0,N,,,,(UNK),221889,(N/A),(UNK),No Defects,1,1,(UNK),0,,X003491599,No Toll,,1,1,Not Divided,1,2940609.664552,1907670.55823237,41.88,-87.80173,,Urban,1,N,(N/A),Y,(N/A)
2024,2024-07-18,Thursday,17,05:37 PM,Property Damage,No Injuries,0,0,0,0,0,5,Angle,15,N,N,Failing to Yield Right of Way,Vision Obscured,Daylight,Clear,Dry,Y,,,,,Stop Sign,Functioning Properly,N,3,41.87063,-87.79391,ok,(UNK),1,2404119,2024,,2,14,50000 and OVER,9,4295,Oak Park,C,Urban Major Collector,,16,18,12719912,7,Cook,0,24,,,4,N,Yes,Stopped,202401231993,City,1,0,N,,,,(UNK),222410,(N/A),(UNK),No Defects,1,1,Major Collector,5,,X003492542,Not Toll,,2,4,Four Way,14,2942833.80251029,1904314.77503617,41.87063,-87.79391,,Urban,1,N,(N/A),Y,(N/A)
2024,2024-07-18,Thursday,17,05:54 PM,Injury,B Injury Crash,1,0,0,1,0,1,Pedestrian,1,Y,N,Failing to Yield Right of Way,(N/A),Daylight,Clear,Dry,Y,,,,,Traffic Signal,Functioning Properly,N,1,41.89424,-87.80286,ok,(UNK),1,2404120,2024,,2,99,50000 and OVER,9,4295,Oak Park,C,Urban Minor Arterial,,16,18,12719932,7,Cook,2,24,,,4,N,No,Free Flow,202401232011,City,1,2.67000008,N,,,,(UNK),222421,(N/A),(UNK),No Defects,1,1,Minor Arterial,4,1398,X003492559,Not Toll,,3,4,"Divided, No Median Barrier",2,2940158.89819055,1912851.39358834,41.89424,-87.80286,,Urban,1,N,(N/A),Y,(N/A)
2024,2024-07-19,Friday,13,01:38 PM,Property Damage,No Injuries,0,0,0,0,0,2,Front to Rear,11,N,N,Failing to Reduce Speed to Avoid Crash,Unable to Determine,Daylight,Clear,Dry,Y,,,,,Traffic Signal,Functioning Properly,Y,2,41.9090347,-87.7950291,ok,(UNK),1,2404133,2024,,28,18,50000 and OVER,9,4295,Oak Park,C,Urban Other Principal Arte,,16,19,12719938,7,Cook,0,24,,,5,N,No,Stopped,202401232017,City,1,6.48999977,Y,,,,(UNK),222424,(N/A),(UNK),No Defects,1,1,Other Principal Arterial,3,307,X003492565,Not Toll,73,3,4,Not Divided,1,2942141.96433041,1918301.73273282,41.90902683,-87.79502327,,Urban,1,N,(N/A),Y,(N/A)
2024,2024-07-19,Friday,14,02:31 PM,Injury,B Injury Crash,1,0,0,1,0,1,Front to Rear,11,N,N,Failing to Reduce Speed to Avoid Crash,(N/A),Daylight,Clear,Dry,N,,,,,Traffic Signal,Functioning Properly,N,2,41.87983,-87.78773,ok,(UNK),1,2404135,2024,,28,99,50000 and OVER,9,4295,Oak Park,C,Urban Minor Arterial,,16,19,12719949,7,Cook,2,24,,,5,N,No,Slow,202401232028,City,1,3.94000006,N,,,,(UNK),222431,(N/A),(UNK),No Defects,1,1,Minor Arterial,4,1419,X003492576,Not Toll,,3,4,Not Divided,1,2944424.13326917,1907714.03777109,41.87983,-87.78773,,Urban,1,N,(N/A),Y,(N/A)
2024,2024-07-19,Friday,14,02:25 PM,Property Damage,No Injuries,0,0,0,0,0,2,Turning,10,N,N,Failing to Yield Right of Way,Failing to Reduce Speed to Avoid Crash,Daylight,Clear,Dry,Y,,,,,Stop Sign,Functioning Properly,N,2,41.87173,-87.79031,ok,(UNK),1,2404136,2024,,2,28,50000 and OVER,9,4295,Oak Park,C,Urban Local Road or Street,,16,19,12719958,7,Cook,0,24,,,5,N,No,Free Flow,202401232038,City,1,0,N,,,,(UNK),222439,(N/A),(UNK),No Defects,1,1,Local Road or Street,7,,X003492585,Not Toll,,2,4,"Divided, No Median Barrier",2,2943803.26438029,1904742.77449575,41.87173,-87.79031,,Urban,1,N,(N/A),Y,(N/A)
2024,2024-07-19,Friday,15,03:10 PM,Property Damage,No Injuries,0,0,0,0,0,3,Turning,10,N,N,Following Too Closely,Failing to Reduce Speed to Avoid Crash,Daylight,Clear,Dry,Y,,,,,Traffic Signal,Functioning Properly,N,2,41.88503,-87.79438,ok,(UNK),1,2404137,2024,,3,28,50000 and OVER,9,4295,Oak Park,C,Urban Major Collector,,16,19,12719960,7,Cook,0,24,,,5,N,No,Free Flow,202401232040,City,1,0,N,,,,(UNK),222440,(N/A),(UNK),No Defects,1,1,Major Collector,5,,X003492587,Not Toll,,3,4,Not Divided,1,2942560.66107399,1909558.85617412,41.88503,-87.79438,,Urban,1,N,(N/A),Y,(N/A)
2024,2024-07-19,Friday,17,05:30 PM,Property Damage,No Injuries,0,0,0,0,0,2,Front to Rear,11,N,N,Following Too Closely,Failing to Reduce Speed to Avoid Crash,Daylight,Clear,Dry,Y,,,,,No Controls,No Controls,N,2,41.8797,-87.79883,ok,(UNK),1,2404145,2024,,3,28,50000 and OVER,9,4295,Oak Park,C,Urban Minor Arterial,,16,19,12719976,7,Cook,0,24,,,5,N,No,Free Flow,202401232056,City,1,3.36999989,N,,,,(UNK),222451,(N/A),(UNK),No Defects,1,1,Minor Arterial,4,1419,X003492600,Not Toll,,1,1,Not Divided,1,2941402.46609305,1907583.0208367,41.8797,-87.79883,,Urban,1,N,(N/A),Y,(N/A)
2024,2024-07-12,Friday,10,10:30 AM,Property Damage,No Injuries,0,0,0,0,0,2,Sideswipe Same Direction,12,N,N,Failing to Yield Right of Way,Improper Overtaking/Passing,Darkness / Lighted Road,Clear,Dry,N,,,,,Other,Functioning Properly,Y,2,41.8733984,-87.8033953,ok,Partial Access Control,3,03-24-12934,2024,,2,4,50000 and OVER,9,4295,Oak Park,C,Urban InterState,,16,12,12720981,7,Cook,0,24,,,5,N,No,(UNK),202401233028,ISP,5,7.75,Y,,,,(UNK),223117,(N/A),(UNK),No Defects,1,1,InterState,1,290,X003493549,Not Toll,73,13,4,Divided With Median Barrier,3,2940222.42225084,1905252.31742305,41.87339055,-87.80338947,,Urban,1,N,(N/A),Y,(N/A)
2024,2024-07-13,Saturday,13,01:30 PM,Property Damage,No Injuries,0,0,0,0,0,2,Front to Rear,11,N,N,Following Too Closely,Failing to Reduce Speed to Avoid Crash,Daylight,Clear,Dry,N,,,,,Other,Functioning Properly,N,2,41.8737779,-87.8045294,ok,Partial Access Control,3,03-24-13061,2024,,3,28,50000 and OVER,9,4295,Oak Park,C,Urban InterState,,16,13,12721238,7,Cook,0,24,,,6,N,No,(UNK),202401233227,ISP,1,7.69999981,Y,,,,(UNK),223251,(N/A),(UNK),No Defects,1,1,InterState,1,290,X003493748,Not Toll,73,13,4,Divided With Median Barrier,3,2939909.72123283,1905382.10574335,41.87377005,-87.80452358,,Urban,1,N,(N/A),Y,(N/A)
2024,2024-07-22,Monday,9,09:23 AM,Property Damage,No Injuries,0,0,0,0,0,4,Angle,15,N,N,Failing to Yield Right of Way,(N/A),Daylight,Clear,Dry,Y,,,,,Stop Sign,Functioning Properly,N,2,41.8725479,-87.7890958,ok,(UNK),1,2404194,2024,,2,99,50000 and OVER,9,4295,Oak Park,C,Urban Minor Collector,,16,22,12721684,7,Cook,0,24,,,1,N,No,Free Flow,202401233642,City,1,0.25999999,N,,,,(UNK),223528,(N/A),(UNK),No Defects,1,1,Minor Collector,6,290,X003494140,Not Toll,73,2,4,Four Way,14,2944125.72145015,1905049.99176021,41.87254005,-87.78909,,Urban,1,N,(N/A),Y,(N/A)
2024,2024-07-23,Tuesday,8,08:45 AM,Injury,B Injury Crash,1,0,0,1,0,1,Turning,10,N,N,Improper Lane Usage,Failing to Yield Right of Way,Daylight,Clear,Dry,Y,,,,,Stop Sign,Functioning Properly,N,2,41.8796694,-87.8047358,ok,(UNK),1,2404211,2024,,20,2,50000 and OVER,9,4295,Oak Park,C,Urban Other Principal Arte,,16,23,12721799,7,Cook,2,24,,,2,N,No,Stopped,202401233759,City,1,19.68000031,Y,,,,(UNK),223606,(N/A),(UNK),No Defects,1,1,Other Principal Arterial,3,348,X003494251,Not Toll,73,2,4,Divided With Median Barrier,3,2939794.37846678,1907527.53284623,41.87966157,-87.80473002,,Urban,1,N,(N/A),Y,(N/A)
2024,2024-07-23,Tuesday,17,05:41 PM,Property Damage,No Injuries,0,0,0,0,0,2,Sideswipe Opposite Direction,13,N,N,Failing to Reduce Speed to Avoid Crash,Improper Turning/No Signal,Daylight,Clear,Dry,N,,,,,No Controls,No Controls,N,2,41.8814,-87.80389,ok,(UNK),1,2404226,2024,,28,6,50000 and OVER,9,4295,Oak Park,C,Urban Major Collector,,16,23,12721811,7,Cook,0,24,,,2,N,No,Free Flow,202401233771,City,1,0.05,N,,,,(UNK),223615,(N/A),(UNK),No Defects,1,1,Major Collector,5,5,X003494263,Not Toll,,1,1,"Divided, No Median Barrier",2,2940007.35862673,1908164.53250659,41.8814,-87.80389,,Urban,1,N,(N/A),Y,(N/A)
2024,2024-07-23,Tuesday,17,05:35 PM,Property Damage,No Injuries,0,0,0,0,0,2,Front to Rear,11,N,N,Following Too Closely,Failing to Reduce Speed to Avoid Crash,Daylight,Clear,Dry,Y,,,,,No Controls,No Controls,N,2,41.87793,-87.79416,ok,(UNK),1,2404227,2024,,3,28,50000 and OVER,9,4295,Oak Park,C,Urban Major Collector,,16,23,12721816,7,Cook,0,24,,,2,N,No,Free Flow,202401233776,City,1,6.28999996,N,,,,(UNK),223619,(N/A),(UNK),No Defects,1,1,Major Collector,5,2775,X003494268,Not Toll,,1,1,Not Divided,1,2942692.13659421,1906973.1430257,41.87793,-87.79416,,Urban,1,N,(N/A),Y,(N/A)
2024,2024-07-18,Thursday,23,11:45 PM,Property Damage,No Injuries,0,0,0,0,0,3,Front to Rear,11,N,N,Failing to Reduce Speed to Avoid Crash,Following Too Closely,Darkness / Lighted Road,Clear,Dry,N,,,,,Other,Functioning Properly,N,3,41.8732013,-87.7989083,ok,Partial Access Control,3,03-24-13411,2024,,28,3,50000 and OVER,9,4295,Oak Park,C,Urban InterState,,16,18,12723690,7,Cook,0,24,,,4,N,No,(UNK),202401235385,ISP,5,0.02,Y,,,,(UNK),224887,(N/A),(UNK),No Defects,1,1,InterState,1,290,X003495860,Not Toll,,13,4,Divided With Median Barrier,3,2941446.5018416,1905214.1851469,41.87320129,-87.79890833,,Urban,1,N,(N/A),Y,(N/A)