crash_year,crash_date,day_of_week,crash_hour,time_of_crash,crash_severity,crash_injury_severity,total_injured,total_fatals,a_injuries,b_injuries,c_injuries,no_injuries,type_of_first_crash,collision_type_code,pedestrian_involved,pedalcyclist_involved,cause1,cause2,lighting_cond,weather_cond,road_surface_cond,intersection_related,is_intersection,highway_or_street_name,at_intersection_with,address_no,traffic_control_device,traffic_control_device_cond,hit_and_run,number_of_vehicles,latitude,longitude,location_status,access_control,agency_code,agency_report_number,agency_report_year,alignment_code,cause1_code,cause2_code,city_class,city_class_code,city_code,city_name,city_township_flag,class_of_trafficway,class_of_trafficway_code,county_code,crash_day,crash_id,crash_month,crash_report_county,crash_severity_cd,crash_yr_source,damaged_property1,damaged_property2,day_of_week_code,did_crash_occur_in_work_zone,did_involve_secondary_crash,flow_condition,icn,investigating_agency_descrip,light_condition_code,mile_station,nhs,non_intersection_direction,non_intersection_distance,non_intersection_units,number_of_lanes,objectid,railroad_crossing_number,road_alignment,road_defects,road_defects_code,road_surface_condition_code,roadway_functional_class,roadway_functional_class_code,route_number,sfe,toll,township,traffic_control_device_code,traffic_control_device_cond_code,trafficway_descrip,trafficway_description_code,ts_crash_coordinate_x,ts_crash_coordinate_y,ts_crash_latitude,ts_crash_longitude,type_report,urban_rural,weather_code,were_workers_present,work_zone,work_zone_related,work_zone_type
2024,2024-07-21,Sunday,21,09:23 PM,Injury,B Injury Crash,1,0,0,1,0,1,Parked Motor Vehicle,9,N,N,Failing to Reduce Speed to Avoid Crash,Improper Lane Usage,Darkness / Lighted Road,Clear,Dry,N,,,,,No Controls,No Controls,N,2,41.881443,-87.774708,ok,(UNK),1,2404186,2024,,28,20,50000 and OVER,9,4295,Oak Park,C,Urban Minor Arterial,,16,21,12724214,7,Cook,2,24,,,7,N,No,Free Flow,202401235873,City,5,7.57999992,N,,,,(UNK),225222,(N/A),(UNK),No Defects,1,1,Minor Arterial,4,2790,X003496344,Not Toll,,1,1,Not Divided,1,2947954.14421377,1908400.48317928,41.88143519,-87.77470225,,Urban,1,N,(N/A),Y,(N/A)
2024,2024-07-25,Thursday,8,08:03 AM,Property Damage,No Injuries,0,0,0,0,0,2,Pedalcyclist,2,N,Y,Failing to Yield Right of Way,Failing to Reduce Speed to Avoid Crash,Daylight,Clear,Dry,Y,,,,,Stop Sign,Functioning Properly,N,1,41.87637,-87.77573,ok,(UNK),1,2404265,2024,,2,28,50000 and OVER,9,4295,Oak Park,C,Urban Local Road or Street,,16,25,12724231,7,Cook,0,24,,,4,N,No,Free Flow,202401235890,City,1,0,N,,,,(UNK),225234,(N/A),(UNK),No Defects,1,1,Local Road or Street,7,,X003496361,Not Toll,,2,4,"Divided, No Median Barrier",2,2947727.36183055,1906544.01410054,41.87637,-87.77573,,Urban,1,N,(N/A),Y,(N/A)
2024,2024-07-25,Thursday,12,12:45 PM,Injury,B Injury Crash,6,0,0,3,3,0,Angle,15,N,N,Failing to Yield Right of Way,(N/A),Daylight,Clear,Dry,N,,,,,No Controls,No Controls,N,2,41.8797,-87.79883,ok,(UNK),1,2404273,2024,,2,99,50000 and OVER,9,4295,Oak Park,C,Urban Minor Arterial,,16,25,12724270,7,Cook,2,24,,,4,N,No,Free Flow,202401235928,City,1,3.36999989,N,,,,(UNK),225256,(N/A),(UNK),No Defects,1,1,Minor Arterial,4,1419,X003496398,Not Toll,,1,1,Not Divided,1,2941402.46609305,1907583.0208367,41.8797,-87.79883,,Urban,1,N,(N/A),Y,(N/A)
2024,2024-07-25,Thursday,17,05:00 PM,Property Damage,No Injuries,0,0,0,0,0,1,Parked Motor Vehicle,9,N,N,Improper Backing,Driving Skills/Knowledge/Experience,Daylight,Clear,Dry,N,,,,,No Controls,No Controls,N,2,41.89978,-87.79936,ok,(UNK),1,2404280,2024,,30,15,50000 and OVER,9,4295,Oak Park,C,Urban Local Road or Street,,16,25,12724279,7,Cook,0,24,,,4,N,No,Free Flow,202401235937,City,1,0,N,,,,(UNK),225264,(N/A),(UNK),No Defects,1,1,Local Road or Street,7,,X003496407,Not Toll,,1,1,Not Divided,1,2941056.13758276,1914896.56306284,41.89978,-87.79936,,Urban,1,N,(N/A),Y,(N/A)
2024,2024-07-25,Thursday,19,07:29 PM,Property Damage,No Injuries,0,0,0,0,0,3,Angle,15,N,N,Failing to Reduce Speed to Avoid Crash,(N/A),Daylight,Clear,Dry,N,,,,,No Controls,No Controls,N,2,41.88003,-87.77789,ok,(UNK),1,2404283,2024,,28,99,50000 and OVER,9,4295,Oak Park,C,Urban Minor Arterial,,16,25,12724289,7,Cook,0,24,,,4,N,No,Free Flow,202401235946,City,1,0,N,,,,(UNK),225273,(N/A),(UNK),No Defects,1,1,Minor Arterial,4,,X003496416,Not Toll,,1,1,"Divided, No Median Barrier",2,2947101.93219359,1907861.39707369,41.88003,-87.77789,,Urban,1,N,(N/A),Y,(N/A)
2024,2024-07-26,Friday,0,00:19 AM,Property Damage,No Injuries,0,0,0,0,0,1,Other Object,7,N,N,Under Influence of Alcohol/Drugs,Improper Lane Usage,Darkness / Lighted Road,Clear,Dry,N,,,,,No Controls,No Controls,Y,1,41.88401,-87.77638,ok,(UNK),1,2404289,2024,,8,20,50000 and OVER,9,4295,Oak Park,C,Urban Local Road or Street,,16,26,12724347,7,Cook,0,24,TREE,,5,N,No,Free Flow,202401236005,City,5,0,N,,,,(UNK),225311,(N/A),(UNK),No Defects,1,1,Local Road or Street,7,,X003496470,Not Toll,,1,1,Other,8,2947472.7464417,1909323.2401876,41.88401,-87.77638,,Urban,1,N,(N/A),Y,(N/A)
2024,2024-07-25,Thursday,17,05:55 PM,Property Damage,No Injuries,0,0,0,0,0,3,Front to Rear,11,N,N,Failing to Reduce Speed to Avoid Crash,Following Too Closely,Daylight,Clear,Dry,N,,,,,Other,Functioning Properly,Y,2,41.8712357,-87.7744677,ok,Partial Access Control,3,03-24-13862,2024,,28,3,50000 and OVER,9,4295,Oak Park,C,Urban InterState,,16,25,12724452,7,Cook,0,24,,,4,N,No,(UNK),202401236120,ISP,1,9.19999981,Y,,,,(UNK),225383,(N/A),(UNK),No Defects,1,1,InterState,1,290,X003496570,Not Toll,73,13,4,Divided With Median Barrier,3,2948123.33065151,1904682.55963409,41.87122784,-87.77446191,,Urban,1,N,(N/A),Y,(N/A)
2024,2024-07-24,Wednesday,22,10:30 PM,Property Damage,No Injuries,0,0,0,0,0,3,Front to Rear,11,N,N,Failing to Reduce Speed to Avoid Crash,Following Too Closely,Darkness / Lighted Road,Clear,Dry,N,,,,,Other,Functioning Properly,N,2,41.8724857,-87.7939164,ok,Partial Access Control,3,03-24-13804,2024,,28,3,50000 and OVER,9,4295,Oak Park,C,Urban InterState,,16,24,12724761,7,Cook,0,24,,,3,N,No,(UNK),202401236407,ISP,5,8.18999958,Y,,,,(UNK),225600,(N/A),(UNK),No Defects,1,1,InterState,1,290,X003496863,Not Toll,73,13,4,Divided With Median Barrier,3,2942813.35898627,1904990.98305849,41.87247787,-87.79391059,,Urban,1,N,(N/A),Y,(N/A)
2024,2024-07-04,Thursday,23,11:00 PM,Property Damage,No Injuries,0,0,0,0,0,7,Front to Rear,11,N,N,Failing to Reduce Speed to Avoid Crash,Following Too Closely,Darkness / Lighted Road,Clear,Dry,N,,,,,Other,Functioning Properly,N,3,41.8723589,-87.7889781,ok,Partial Access Control,3,03-24-12367,2024,,28,3,50000 and OVER,9,4295,Oak Park,C,Urban InterState,,16,4,12725606,7,Cook,0,24,,,4,N,No,(UNK),202401237203,ISP,5,8.46000004,Y,,,,(UNK),226171,(N/A),(UNK),No Defects,1,1,InterState,1,290,X003497671,Not Toll,73,13,4,Divided With Median Barrier,3,2944159.69052827,1904982.00800089,41.87235105,-87.7889723,,Urban,1,N,(N/A),Y,(N/A)
2024,2024-07-28,Sunday,0,00:01 AM,Injury,B Injury Crash,2,0,0,2,0,0,Front to Front,14,N,N,Driving On Wrong Side/Wrong Way,Under Influence of Alcohol/Drugs,Darkness / Lighted Road,Clear,Dry,N,,,,,No Controls,No Controls,N,2,41.8679612,-87.8043108,ok,(UNK),1,24-02458,2024,,5,8,50000 and OVER,9,4295,Oak Park,C,Urban Other Principal Arte,,16,28,12725745,7,Cook,2,24,,,7,N,No,Free Flow,202401237337,City,5,20.48999977,Y,,,,(UNK),226280,(N/A),(UNK),No Defects,1,1,Other Principal Arterial,3,348,X003497805,Not Toll,73,1,1,"Divided, No Median Barrier",2,2940027.62088561,1903264.03293746,41.86795334,-87.804305,,Urban,1,N,(N/A),Y,(N/A)
2024,2024-07-26,Friday,15,03:30 PM,Property Damage,No Injuries,0,0,0,0,0,2,Front to Rear,11,N,N,Following Too Closely,Failing to Reduce Speed to Avoid Crash,Daylight,Clear,Dry,N,,,,,Other Regualtory Sig,Functioning Properly,N,2,41.8737146,-87.8038019,ok,Partial Access Control,3,03-24-14036,2024,,3,28,50000 and OVER,9,4295,Oak Park,C,Urban InterState,,16,26,12726336,7,Cook,0,24,,,5,N,No,(UNK),202401237912,ISP,1,7.73000002,Y,,,,(UNK),226719,(N/A),(UNK),No Defects,1,1,InterState,1,290,X003498377,Not Toll,73,10,4,Divided With Median Barrier,3,2940108.5,1905364.5,41.87370677,-87.80379609,,Urban,1,N,(N/A),Y,(N/A)
2024,2024-07-25,Thursday,11,11:40 AM,Property Damage,No Injuries,0,0,0,0,0,2,Front to Rear,11,N,N,Following Too Closely,Failing to Reduce Speed to Avoid Crash,Daylight,Clear,Dry,Y,,,,,Traffic Signal,Functioning Properly,N,2,41.89453,-87.78488,ok,(UNK),1,2404292,2024,,3,28,50000 and OVER,9,4295,Oak Park,C,Urban Minor Arterial,,16,25,12728480,7,Cook,0,24,,,4,N,No,Free Flow,202401239880,City,1,0.5,N,,,,(UNK),228125,(N/A),(UNK),No Defects,1,1,Minor Arterial,4,2783,X003500338,Not Toll,,3,4,Not Divided,1,2945051.53498226,1913092.5348541,41.89453,-87.78488,,Urban,1,N,(N/A),Y,(N/A)
2024,2024-07-26,Friday,14,02:12 PM,Property Damage,No Injuries,0,0,0,0,0,2,Pedalcyclist,2,N,Y,Improper Lane Usage,Failing to Reduce Speed to Avoid Crash,Daylight,Clear,Dry,Y,,,,,No Controls,No Controls,N,1,41.88718,-87.80244,ok,(UNK),1,2404301,2024,,20,28,50000 and OVER,9,4295,Oak Park,C,Urban Major Collector,,16,26,12728483,7,Cook,0,24,,,5,N,No,Free Flow,202401239883,City,1,0.12,N,,,,(UNK),228127,(N/A),(UNK),No Defects,1,1,Major Collector,5,1405,X003500341,Not Toll,,1,1,Not Divided,1,2940344.18172541,1910281.75081354,41.88718,-87.80244,,Urban,1,N,(N/A),Y,(N/A)
2024,2024-07-27,Saturday,7,07:50 AM,Property Damage,No Injuries,0,0,0,0,0,2,Front to Rear,11,N,N,Failing to Reduce Speed to Avoid Crash,Unable to Determine,Daylight,Clear,Dry,N,,,,,No Controls,No Controls,N,2,41.8796643,-87.8047356,ok,(UNK),1,2404312,2024,,28,18,50000 and OVER,9,4295,Oak Park,C,Urban Other Principal Arte,,16,27,12728488,7,Cook,0,24,,,6,N,No,Slow,202401239888,City,1,19.68000031,Y,,,,(UNK),228129,(N/A),(UNK),No Defects,1,1,Other Principal Arterial,3,348,X003500346,Not Toll,73,1,1,Not Divided,1,2939794.47996774,1907525.68757041,41.87965651,-87.80472984,,Urban,1,N,(N/A),Y,(N/A)
2024,2024-07-27,Saturday,10,10:15 AM,Property Damage,No Injuries,0,0,0,0,0,4,Turning,10,N,N,Improper Turning/No Signal,Failing to Reduce Speed to Avoid Crash,Daylight,Clear,Dry,N,,,,,No Controls,No Controls,N,2,41.87992,-87.78443,ok,(UNK),1,2404314,2024,,6,28,50000 and OVER,9,4295,Oak Park,C,Urban Minor Arterial,,16,27,12728491,7,Cook,0,24,,,6,N,No,Slow,202401239891,City,1,1.51999998,N,,,,(UNK),228131,(N/A),(UNK),No Defects,1,1,Minor Arterial,4,2783,X003500349,Not Toll,,1,1,Not Divided,1,2945321.9451873,1907771.77769087,41.87992,-87.78443,,Urban,1,N,(N/A),Y,(N/A)
2024,2024-07-27,Saturday,15,03:59 PM,Property Damage,No Injuries,0,0,0,0,0,2,Front to Rear,11,N,N,Failing to Reduce Speed to Avoid Crash,Unable to Determine,Daylight,Clear,Dry,N,,,,,No Controls,No Controls,N,2,41.8813878,-87.8047858,ok,(UNK),1,2404320,2024,,28,18,50000 and OVER,9,4295,Oak Park,C,Urban Other Principal Arte,,16,27,12728494,7,Cook,0,24,,,6,N,No,Slow,202401239894,City,1,19.55999947,Y,,,,(UNK),228133,(N/A),(UNK),No Defects,1,1,Other Principal Arterial,3,348,X003500352,Not Toll,73,1,1,Not Divided,1,2939763.52364909,1908153.38389951,41.88138,-87.80478,,Urban,1,N,(N/A),Y,(N/A)
2024,2024-07-27,Saturday,21,09:48 PM,Injury,A Injury Crash,1,0,1,0,0,2,Pedalcyclist,2,N,Y,Improper Lane Usage,Failing to Reduce Speed to Avoid Crash,Darkness / Lighted Road,Clear,Dry,N,,,,,No Controls,No Controls,N,1,41.8781752,-87.8046655,ok,(UNK),1,2404325,2024,,20,28,50000 and OVER,9,4295,Oak Park,C,Urban Other Principal Arte,,16,27,12728530,7,Cook,3,24,,,6,N,No,Free Flow,202401239927,City,5,19.78000069,Y,,,,(UNK),228156,(N/A),(UNK),No Defects,1,1,Other Principal Arterial,3,348,X003500384,Not Toll,73,1,1,Not Divided,1,2939828.53433033,1906983.54936541,41.87816738,-87.80465966,,Urban,1,N,(N/A),Y,(N/A)
2024,2024-07-28,Sunday,17,05:42 PM,Property Damage,No Injuries,0,0,0,0,0,2,Sideswipe Same Direction,12,N,N,Unable to Determine,Failing to Reduce Speed to Avoid Crash,Daylight,Clear,Dry,N,,,,,No Controls,No Controls,Y,2,41.8833,-87.80162,ok,(UNK),1,2404341,2024,,18,28,50000 and OVER,9,4295,Oak Park,C,Urban Local Road or Street,,16,28,12728560,7,Cook,0,24,,,7,N,No,Free Flow,202401239948,City,1,0,N,,,,(UNK),228173,(N/A),(UNK),No Defects,1,1,Local Road or Street,7,,X003500402,Not Toll,,1,1,"Divided, No Median Barrier",2,2940606.4636082,1908873.96405362,41.8833,-87.80162,,Urban,1,N,(N/A),Y,(N/A)
2024,2024-07-28,Sunday,18,06:17 PM,Property Damage,No Injuries,0,0,0,0,0,3,Front to Rear,11,N,N,Failing to Reduce Speed to Avoid Crash,Following Too Closely,Daylight,Clear,Dry,N,,,,,No Controls,No Controls,N,2,41.8832479,-87.8048497,ok,(UNK),1,2404343,2024,,28,3,50000 and OVER,9,4295,Oak Park,C,Urban Other Principal Arte,,16,28,12728565,7,Cook,0,24,,,7,N,No,Free Flow,202401239954,City,1,19.43000031,Y,,,,(UNK),228178,(N/A),(UNK),No Defects,1,1,Other Principal Arterial,3,348,X003500407,Not Toll,73,1,1,Not Divided,1,2939727.45453902,1908830.73772801,41.88324004,-87.80484391,,Urban,1,N,(N/A),Y,(N/A)
2024,2024-07-29,Monday,17,05:57 PM,Property Damage,No Injuries,0,0,0,0,0,4,Sideswipe Same Direction,12,N,N,Improper Lane Usage,(N/A),Daylight,Clear,Dry,Y,,,,,No Controls,No Controls,N,2,41.8704892,-87.8043962,ok,(UNK),1,2404367,2024,,20,99,50000 and OVER,9,4295,Oak Park,C,Urban Other Principal Arte,,16,29,12728575,7,Cook,0,24,,,1,N,No,Slow,202401239965,City,1,20.30999947,Y,,,,(UNK),228185,(N/A),(UNK),No Defects,1,1,Other Principal Arterial,3,348,X003500417,Not Toll,73,1,1,Four Way,14,2939978.98876934,1904184.64675826,41.87048136,-87.80439042,,Urban,1,N,(N/A),Y,(N/A)
2024,2024-07-30,Tuesday,22,10:10 PM,Injury,B Injury Crash,1,0,0,1,0,1,Sideswipe Same Direction,12,N,N,Failing to Reduce Speed to Avoid Crash,Improper Lane Usage,Darkness / Lighted Road,Clear,Dry,N,,,,,Other,Functioning Properly,N,2,41.8726702,-87.79436,ok,Partial Access Control,3,03-24-14223,2024,,28,20,50000 and OVER,9,4295,Oak Park,C,Urban InterState,,16,30,12729237,7,Cook,2,24,,,2,N,No,(UNK),202401240692,ISP,5,8.17000008,Y,,,,(UNK),228631,(N/A),(UNK),No Defects,1,1,InterState,1,290,X003501048,Not Toll,73,13,4,Divided With Median Barrier,3,2942690.6664465,1905054.87978864,41.87266238,-87.79435423,,Urban,1,N,(N/A),Y,(N/A)
2024,2024-07-16,Tuesday,11,11:13 AM,Property Damage,No Injuries,0,0,0,0,0,9,Front to Rear,11,N,N,Failing to Reduce Speed to Avoid Crash,Following Too Closely,Daylight,Clear,Dry,N,,,,,No Controls,No Controls,N,4,41.902829,-87.8055752,ok,(UNK),1,2400841,2024,,28,3,50000 and OVER,9,4295,Oak Park,C,Urban Other Principal Arte,,16,16,12730065,7,Cook,0,24,,,2,N,No,Free Flow,202401241498,City,1,18.06999969,Y,,,,(UNK),229098,(N/A),(UNK),No Defects,1,1,Other Principal Arterial,3,348,X003501729,Not Toll,73,1,1,"Divided, No Median Barrier",2,2939333.41151233,1915961.01348812,41.90282113,-87.80556943,,Urban,1,N,(N/A),Y,(N/A)
2024,2024-07-24,Wednesday,9,09:49 AM,Property Damage,No Injuries,0,0,0,0,0,2,Sideswipe Same Direction,12,N,N,Failing to Yield Right of Way,Improper Lane Usage,Daylight,Clear,Dry,N,,,,,No Controls,No Controls,N,2,41.8873806,-87.8049866,ok,(UNK),1,2400882,2024,,2,20,50000 and OVER,9,4295,Oak Park,C,Urban Other Principal Arte,,16,24,12730071,7,Cook,0,24,,,3,N,No,Free Flow,202401241506,City,1,19.13999939,Y,,,,(UNK),229102,(N/A),(UNK),No Defects,1,1,Other Principal Arterial,3,348,X003501735,Not Toll,73,1,1,"Divided, No Median Barrier",2,2939648.71295591,1910335.73894441,41.88737273,-87.80498078,,Urban,1,N,(N/A),Y,(N/A)
2024,2024-08-01,Thursday,16,04:01 PM,Property Damage,No Injuries,0,0,0,0,0,2,Sideswipe Same Direction,12,N,N,Following Too Closely,Driving Skills/Knowledge/Experience,Daylight,Clear,Dry,N,,,,,No Controls,No Controls,N,2,41.8754448,-87.8045801,ok,(UNK),1,24-02507,2024,,3,15,50000 and OVER,9,4295,Oak Park,C,Urban Other Principal Arte,,16,1,12731709,8,Cook,0,24,,,4,N,No,Free Flow,202401242958,City,1,19.96999931,Y,,,,(UNK),230142,(N/A),(UNK),No Defects,1,1,Other Principal Arterial,3,348,X003502974,Not Toll,73,1,1,Not Divided,1,2939879.18733508,1905989.18564323,41.87543699,-87.80457427,,Urban,1,N,(N/A),Y,(N/A)
2024,2024-07-31,Wednesday,17,05:20 PM,Property Damage,No Injuries,0,0,0,0,0,3,Front to Rear,11,N,N,Following Too Closely,Failing to Reduce Speed to Avoid Crash,Daylight,Clear,Dry,N,,,,,Traffic Signal,Functioning Properly,N,2,41.8867163,-87.8047694,ok,(UNK),1,2404414,2024,,3,28,50000 and OVER,9,4295,Oak Park,C,Urban Local Road or Street,,16,31,12732119,7,Cook,0,24,,,3,N,No,Stopped,202401243360,City,1,0,N,,,,(UNK),230429,(N/A),(UNK),No Defects,1,1,Local Road or Street,7,,X003503364,Not Toll,73,3,4,"Divided, No Median Barrier",2,2939714.51281891,1910095.29755959,41.88670847,-87.80476362,,Urban,1,N,(N/A),Y,(N/A)
2024,2024-08-01,Thursday,6,06:58 AM,Property Damage,No Injuries,0,0,0,0,0,3,Sideswipe Same Direction,12,N,N,Failing to Yield Right of Way,Failing to Reduce Speed to Avoid Crash,Daylight,Cloudy/Overcast,Dry,N,,,,,Traffic Signal,Functioning Properly,N,2,41.9087837,-87.8057828,ok,(UNK),1,2404418,2024,,2,28,50000 and OVER,9,4295,Oak Park,C,Urban Other Principal Arte,,16,1,12732122,8,Cook,0,24,,,4,N,No,Slow,202401243363,City,1,5.92000008,Y,,,,(UNK),230431,(N/A),(UNK),No Defects,1,1,Other Principal Arterial,3,307,X003503367,Not Toll,73,3,4,Other,8,2939217.15110854,1918129.48320227,41.90877588,-87.80577699,,Urban,8,N,(N/A),Y,(N/A)
2024,2024-07-31,Wednesday,16,04:11 PM,Property Damage,No Injuries,0,0,0,0,0,2,Angle,15,N,N,Failing to Yield Right of Way,Failing to Reduce Speed to Avoid Crash,Daylight,Clear,Dry,Y,,,,,No Controls,No Controls,N,2,41.89447,-87.78982,ok,(UNK),1,2404413,2024,,2,28,50000 and OVER,9,4295,Oak Park,C,Urban Minor Arterial,,16,31,12732123,7,Cook,0,24,,,3,N,No,Free Flow,202401243364,City,1,0,N,,,,(UNK),230432,(N/A),(UNK),No Defects,1,1,Minor Arterial,4,,X003503368,Not Toll,,1,1,Not Divided,1,2943707.08935741,1913033.34975259,41.89447,-87.78982,,Urban,1,N,(N/A),Y,(N/A)
2024,2024-08-02,Friday,17,05:03 PM,Property Damage,No Injuries,0,0,0,0,0,2,Front to Rear,11,N,N,Improper Lane Usage,Failing to Reduce Speed to Avoid Crash,Daylight,Clear,Dry,N,,,,,Other,Functioning Properly,N,2,41.871338,-87.7761246,ok,Partial Access Control,3,03-24-14418,2024,,20,28,50000 and OVER,9,4295,Oak Park,C,Urban InterState,,16,2,12733000,8,Cook,0,24,,,5,N,No,(UNK),202401244342,ISP,1,9.11999989,Y,,,,(UNK),231012,(N/A),(UNK),No Defects,1,1,InterState,1,290,X003504161,Not Toll,73,13,4,Divided With Median Barrier,3,2947670.97706477,1904707.28103278,41.8713302,-87.77611885,,Urban,1,N,(N/A),Y,(N/A)
2024,2024-08-02,Friday,4,04:30 AM,Property Damage,No Injuries,0,0,0,0,0,0,Parked Motor Vehicle,9,N,N,Failing to Reduce Speed to Avoid Crash,Unable to Determine,Darkness / Lighted Road,Clear,Dry,N,,,,,No Controls,No Controls,N,2,41.8886778,-87.7974322,ok,(UNK),1,2404442,2024,,28,18,50000 and OVER,9,4295,Oak Park,C,Urban Major Collector,,16,2,12733333,8,Cook,0,24,,,5,N,No,Free Flow,202401244656,City,5,0.17,N,,,,(UNK),231256,(N/A),(UNK),No Defects,1,1,Major Collector,5,1405,X003504478,Not Toll,73,1,1,"Divided, No Median Barrier",2,2941692.77252483,1910865.22440463,41.88867,-87.79742639,,Urban,1,N,(N/A),Y,(N/A)
2024,2024-08-02,Friday,8,08:50 AM,Injury,B Injury Crash,1,0,0,1,0,1,Turning,10,N,N,Failing to Yield Right of Way,Improper Turning/No Signal,Daylight,Clear,Dry,Y,,,,,Traffic Signal,Functioning Properly,N,2,41.8736415,-87.8045252,ok,Partial Access Control,1,2404444,2024,,2,6,50000 and OVER,9,4295,Oak Park,C,Urban InterState,,16,2,12733334,8,Cook,2,24,,,5,N,No,Slow,202401244657,City,1,20.11000061,Y,,,,(UNK),231257,(N/A),(UNK),No Defects,1,1,InterState,1,348,X003504479,Not Toll,73,3,4,Divided With Median Barrier,3,2939912.22538101,1905332.44804633,41.8736337,-87.80451941,,Urban,1,N,(N/A),Y,(N/A)
2024,2024-08-02,Friday,17,05:49 PM,Property Damage,No Injuries,0,0,0,0,0,3,Sideswipe Same Direction,12,N,N,Unable to Determine,(N/A),Daylight,Clear,Unknown,Y,,,,,Traffic Signal,Functioning Properly,N,2,41.8654474,-87.7741252,ok,(UNK),1,JH373166,2024,,18,99,50000 and OVER,9,4295,Oak Park,C,Urban Other Principal Arte,,16,2,12733531,8,Cook,0,24,,,5,N,No,(UNK),202401244850,City,1,8.72000027,Y,,,,(UNK),231401,(N/A),(UNK),Unknown,99,9,Other Principal Arterial,3,2790,X003504671,Not Toll,56,3,4,Four Way,14,2948275.45256294,1902575.80379476,41.86543955,-87.77411937,,Urban,1,N,(N/A),N,(N/A)
2024,2024-08-01,Thursday,16,04:20 PM,Property Damage,No Injuries,0,0,0,0,0,2,Sideswipe Same Direction,12,N,N,Failing to Yield Right of Way,Failing to Reduce Speed to Avoid Crash,Daylight,Clear,Dry,N,,,,,Other,Functioning Properly,N,2,41.8735241,-87.8045205,ok,Partial Access Control,3,03-24-14538,2024,,2,28,50000 and OVER,9,4295,Oak Park,C,Urban InterState,,16,1,12734604,8,Cook,0,24,,,4,N,No,(UNK),202401245843,ISP,1,7.69999981,Y,,,,(UNK),232147,(N/A),(UNK),No Defects,1,1,InterState,1,290,X003505677,Not Toll,73,13,4,Divided With Median Barrier,3,2939914.68081964,1905289.69470949,41.87351628,-87.80451472,,Urban,1,N,(N/A),Y,(N/A)
2024,2024-08-03,Saturday,19,07:00 PM,Property Damage,No Injuries,0,0,0,0,0,1,Parked Motor Vehicle,9,N,N,Unable to Determine,Unable to Determine,Daylight,Clear,Dry,N,,,,,No Controls,No Controls,Y,2,41.8895679,-87.7831042,ok,(UNK),1,2404470,2024,,18,18,50000 and OVER,9,4295,Oak Park,C,Urban Local Road or Street,,16,3,12735020,8,Cook,0,24,,,6,N,No,Free Flow,202401246235,City,1,0,N,,,,(UNK),232436,(N/A),(UNK),No Defects,1,1,Local Road or Street,7,,X003506073,Not Toll,73,1,1,Not Divided,1,2945585.3087967,1911297.68745101,41.88956006,-87.78309839,,Urban,1,N,(N/A),Y,(N/A)
2024,2024-07-15,Monday,5,05:45 AM,Property Damage,No Injuries,0,0,0,0,0,2,Front to Rear,11,N,N,Following Too Closely,Failing to Reduce Speed to Avoid Crash,Daylight,Clear,Dry,N,,,,,Other,Other,N,2,41.8734967,-87.8044038,ok,Partial Access Control,3,03-24-13117,2024,,3,28,50000 and OVER,9,4295,Oak Park,C,Urban InterState,,16,15,12735095,7,Cook,0,24,,,1,N,No,(UNK),202401246307,ISP,1,7.71000004,Y,,,,(UNK),232476,(N/A),(UNK),No Defects,1,1,InterState,1,290,X003506144,Not Toll,73,13,7,Divided With Median Barrier,3,2939946.73526665,1905280.55773802,41.87348881,-87.80439804,,Urban,1,N,(N/A),Y,(N/A)
2024,2024-08-01,Thursday,14,02:07 PM,Property Damage,No Injuries,0,0,0,0,0,2,Turning,10,N,N,Failing to Yield Right of Way,Failing to Reduce Speed to Avoid Crash,Daylight,Clear,Dry,N,,,,,No Controls,No Controls,N,2,41.88887,-87.78306,ok,(UNK),1,2404428,2024,,2,28,50000 and OVER,9,4295,Oak Park,C,Urban Local Road or Street,,16,1,12735381,8,Cook,0,24,,,4,N,No,Free Flow,202401246592,City,1,0,N,,,,(UNK),232672,(N/A),(UNK),No Defects,1,1,Local Road or Street,7,,X003506400,Not Toll,,1,1,Not Divided,1,2945604.41009609,1911043.69114858,41.88887,-87.78306,,Urban,1,N,(N/A),Y,(N/A)
2024,2024-08-02,Friday,12,12:23 PM,Injury,B Injury Crash,1,0,0,1,0,1,Angle,15,N,N,Failing to Reduce Speed to Avoid Crash,(N/A),Daylight,Clear,Dry,Y,,,,,Stop Sign,Functioning Properly,N,2,41.87801,-87.78927,ok,(UNK),1,2404450,2024,,28,99,50000 and OVER,9,4295,Oak Park,C,Urban Minor Collector,,16,2,12735522,8,Cook,2,24,TREE,FENCE,5,N,No,Slow,202401246632,City,1,0,N,,,,(UNK),232759,(N/A),(UNK),No Defects,1,1,Minor Collector,6,,X003506434,Not Toll,,2,4,Four Way,14,2944023.11130128,1907039.16849721,41.87801,-87.78927,,Urban,1,N,(N/A),Y,(N/A)
2024,2024-08-03,Saturday,15,03:10 PM,Property Damage,No Injuries,0,0,0,0,0,1,Parked Motor Vehicle,9,N,N,Unable to Determine,(N/A),Daylight,Clear,Dry,N,,,,,Stop Sign,Functioning Properly,Y,2,41.8704903,-87.7744765,ok,(UNK),1,2404465,2024,,18,99,50000 and OVER,9,4295,Oak Park,C,Urban Local Road or Street,,16,3,12735523,8,Cook,0,24,,,6,N,No,Slow,202401246633,City,1,0.25,N,,,,(UNK),232760,(N/A),(UNK),No Defects,1,1,Local Road or Street,7,290,X003506435,Not Toll,73,2,4,Not Divided,1,2948128.50869183,1904410.85668887,41.87048245,-87.7744707,,Urban,1,N,(N/A),Y,(N/A)