crash_year,crash_date,day_of_week,crash_hour,time_of_crash,crash_severity,crash_injury_severity,total_injured,total_fatals,a_injuries,b_injuries,c_injuries,no_injuries,type_of_first_crash,collision_type_code,pedestrian_involved,pedalcyclist_involved,cause1,cause2,lighting_cond,weather_cond,road_surface_cond,intersection_related,is_intersection,highway_or_street_name,at_intersection_with,address_no,traffic_control_device,traffic_control_device_cond,hit_and_run,number_of_vehicles,latitude,longitude,location_status,access_control,agency_code,agency_report_number,agency_report_year,alignment_code,cause1_code,cause2_code,city_class,city_class_code,city_code,city_name,city_township_flag,class_of_trafficway,class_of_trafficway_code,county_code,crash_day,crash_id,crash_month,crash_report_county,crash_severity_cd,crash_yr_source,damaged_property1,damaged_property2,day_of_week_code,did_crash_occur_in_work_zone,did_involve_secondary_crash,flow_condition,icn,investigating_agency_descrip,light_condition_code,mile_station,nhs,non_intersection_direction,non_intersection_distance,non_intersection_units,number_of_lanes,objectid,railroad_crossing_number,road_alignment,road_defects,road_defects_code,road_surface_condition_code,roadway_functional_class,roadway_functional_class_code,route_number,sfe,toll,township,traffic_control_device_code,traffic_control_device_cond_code,trafficway_descrip,trafficway_description_code,ts_crash_coordinate_x,ts_crash_coordinate_y,ts_crash_latitude,ts_crash_longitude,type_report,urban_rural,weather_code,were_workers_present,work_zone,work_zone_related,work_zone_type
2024,2024-08-04,Sunday,1,01:05 AM,Property Damage,No Injuries,0,0,0,0,0,2,Sideswipe Same Direction,12,N,N,Failing to Yield Right of Way,(N/A),Darkness / Lighted Road,Clear,Dry,N,,,,,No Controls,No Controls,N,2,41.8801556,-87.774731,ok,(UNK),1,2404472,2024,,2,99,50000 and OVER,9,4295,Oak Park,C,Urban Minor Arterial,,16,4,12735642,8,Cook,0,24,,,7,N,No,Free Flow,202401246744,City,5,4.61999989,N,,,,(UNK),232834,(N/A),(UNK),No Defects,1,1,Minor Arterial,4,1419,X003506524,Not Toll,73,1,1,Not Divided,1,2947960.98084544,1907931.13077939,41.88014772,-87.77472519,,Urban,1,N,(N/A),Y,(N/A)
2024,2024-08-04,Sunday,5,05:34 AM,Property Damage,No Injuries,0,0,0,0,0,1,Fixed Object,6,N,N,Disregarding Other Traffic Signs,Failing to Reduce Speed to Avoid Crash,Daylight,Clear,Dry,N,,,,,Other Regualtory Sig,Functioning Properly,Y,1,41.89039,-87.78155,ok,(UNK),1,2404474,2024,,24,28,50000 and OVER,9,4295,Oak Park,C,Urban Local Road or Street,,16,4,12735658,8,Cook,0,24,UTILITY POLE,,7,N,No,Free Flow,202401246759,City,1,0,N,,,,(UNK),232845,(N/A),(UNK),No Defects,1,1,Local Road or Street,7,,X003506538,Not Toll,,10,4,Other,8,2946000.18081824,1911609.03973476,41.89039,-87.78155,,Urban,1,N,(N/A),Y,(N/A)
2024,2024-08-04,Sunday,12,12:24 PM,Property Damage,No Injuries,0,0,0,0,0,3,Angle,15,N,N,Failing to Reduce Speed to Avoid Crash,Failing to Yield Right of Way,Daylight,Clear,Dry,N,,,,,No Controls,No Controls,N,2,41.88682,-87.7986,ok,(UNK),1,2404480,2024,,28,2,50000 and OVER,9,4295,Oak Park,C,Urban Local Road or Street,,16,4,12735664,8,Cook,0,24,,,7,N,No,Free Flow,202401246765,City,1,0,N,,,,(UNK),232848,(N/A),(UNK),No Defects,1,1,Local Road or Street,7,,X003506544,Not Toll,,1,1,Not Divided,1,2941393.46923183,1910179.40838842,41.88682,-87.7986,,Urban,1,N,(N/A),Y,(N/A)
2024,2024-08-05,Monday,18,06:15 PM,Property Damage,No Injuries,0,0,0,0,0,3,Front to Rear,11,N,N,Failing to Reduce Speed to Avoid Crash,Following Too Closely,Daylight,Clear,Dry,N,,,,,Other Regualtory Sig,Functioning Properly,N,2,41.8718855,-87.7835516,ok,Partial Access Control,3,03-24-14628,2024,,28,3,50000 and OVER,9,4295,Oak Park,C,Urban InterState,,16,5,12736222,8,Cook,0,24,,,1,N,No,(UNK),202401247353,ISP,1,8.73999977,Y,,,,(UNK),233222,(N/A),(UNK),No Defects,1,1,InterState,1,290,X003507071,Not Toll,73,10,4,Divided With Median Barrier,3,2945642.5,1904850.5,41.87187765,-87.78354583,,Urban,1,N,(N/A),Y,(N/A)
2024,2024-07-31,Wednesday,11,11:45 AM,Property Damage,No Injuries,0,0,0,0,0,4,Sideswipe Same Direction,12,N,N,Improper Lane Usage,Improper Turning/No Signal,Daylight,Clear,Dry,N,,,,,No Controls,No Controls,N,2,41.9082353,-87.8057536,ok,(UNK),1,2400910,2024,,20,6,50000 and OVER,9,4295,Oak Park,C,Urban Other Principal Arte,,16,31,12736508,7,Cook,0,24,,,3,N,No,Free Flow,202401247618,City,1,17.70000076,Y,,,,(UNK),233413,(N/A),(UNK),No Defects,1,1,Other Principal Arterial,3,348,X003507324,Not Toll,73,1,1,Not Divided,1,2939230.58746907,1917929.85506731,41.90822748,-87.80574784,,Urban,1,N,(N/A),Y,(N/A)
2024,2024-08-02,Friday,1,01:44 AM,Property Damage,No Injuries,0,0,0,0,0,1,Fixed Object,6,N,N,Failing to Reduce Speed to Avoid Crash,Operating Vehicle In Reckless Manner,Darkness,Clear,Wet,N,,,,,No Controls,No Controls,N,1,41.90383,-87.78035,ok,(UNK),1,2404440,2024,,28,50,50000 and OVER,9,4295,Oak Park,C,Urban Local Road or Street,,16,2,12736856,8,Cook,0,24,TREE,TREE,5,N,No,Free Flow,202401248028,City,4,0,N,,,,(UNK),233621,(N/A),(UNK),No Defects,1,2,Local Road or Street,7,,X003507656,Not Toll,,1,1,Not Divided,1,2946190.63333884,1916515.92863206,41.90383,-87.78035,,Urban,1,N,(N/A),Y,(N/A)
2024,2024-08-05,Monday,14,02:54 PM,Property Damage,No Injuries,0,0,0,0,0,2,Angle,15,N,N,Disregarding Stop Sign,Failing to Yield Right of Way,Daylight,Clear,Dry,Y,,,,,Stop Sign,Functioning Properly,Y,2,41.89818,-87.78667,ok,(UNK),1,2404501,2024,,23,2,50000 and OVER,9,4295,Oak Park,C,Urban Local Road or Street,,16,5,12736870,8,Cook,0,24,,,1,N,No,Slow,202401248042,City,1,0,N,,,,(UNK),233629,(N/A),(UNK),No Defects,1,1,Local Road or Street,7,,X003507669,Not Toll,,2,4,Four Way,14,2944527.24007885,1914409.13369916,41.89818,-87.78667,,Urban,1,N,(N/A),Y,(N/A)
2024,2024-08-05,Monday,15,03:49 PM,Property Damage,No Injuries,0,0,0,0,0,5,Front to Rear,11,N,N,Failing to Reduce Speed to Avoid Crash,Improper Backing,Daylight,Clear,Dry,N,,,,,Traffic Signal,Functioning Properly,N,4,41.88862,-87.80251,ok,(UNK),1,2404505,2024,,28,30,50000 and OVER,9,4295,Oak Park,C,Urban Major Collector,,16,5,12736880,8,Cook,0,24,,,1,N,Yes,(UNK),202401254845,City,1,0,N,,,,(UNK),233635,(N/A),(UNK),No Defects,1,1,Major Collector,5,,X003507678,Not Toll,,3,4,Not Divided,1,2940310.6547461,1910805.98793154,41.88862,-87.80251,,Urban,1,N,(N/A),Y,(N/A)
2024,2024-08-05,Monday,2,02:05 AM,Property Damage,No Injuries,0,0,0,0,0,2,Sideswipe Same Direction,12,N,N,Failing to Reduce Speed to Avoid Crash,Unable to Determine,Darkness / Lighted Road,Clear,Dry,N,,,,,Police/Flagman,Functioning Properly,Y,2,41.8882948,-87.8050143,ok,(UNK),1,2400939,2024,,28,18,50000 and OVER,9,4295,Oak Park,C,Urban Other Principal Arte,,16,5,12737748,8,Cook,0,24,,,1,N,No,Stopped,202401248905,City,5,19.07999992,Y,,,,(UNK),234191,(N/A),(UNK),No Defects,1,1,Other Principal Arterial,3,348,X003508452,Not Toll,73,5,4,"Divided, No Median Barrier",2,2939632.0002191,1910668.69110953,41.88828695,-87.80500846,,Urban,1,N,(N/A),Y,(N/A)
2024,2024-08-07,Wednesday,1,01:00 AM,Property Damage,No Injuries,0,0,0,0,0,2,Front to Rear,11,N,N,Following Too Closely,Failing to Reduce Speed to Avoid Crash,Darkness / Lighted Road,Clear,Dry,N,,,,,No Controls,Functioning Properly,Y,2,41.8734211,-87.8036286,ok,Partial Access Control,3,03-24-14710,2024,,3,28,50000 and OVER,9,4295,Oak Park,C,Urban InterState,,16,7,12737785,8,Cook,0,24,,,3,N,No,(UNK),202401248936,ISP,5,7.73999977,Y,,,,(UNK),234217,(N/A),(UNK),No Defects,1,1,InterState,1,290,X003508481,Not Toll,73,1,4,Divided With Median Barrier,3,2940158.63841116,1905258.85119442,41.87341329,-87.80362282,,Urban,1,N,(N/A),Y,(N/A)
2024,2024-07-30,Tuesday,7,07:40 AM,Property Damage,No Injuries,0,0,0,0,0,6,Sideswipe Same Direction,12,N,N,Failing to Reduce Speed to Avoid Crash,Improper Lane Usage,Daylight,Clear,Dry,N,,,,,Other,Functioning Properly,N,5,41.8712319,-87.7744268,ok,Partial Access Control,3,03-24-14175,2024,,28,20,50000 and OVER,9,4295,Oak Park,C,Urban InterState,,16,30,12738047,7,Cook,0,24,,,2,N,No,(UNK),202401249225,ISP,1,9.18999958,Y,,,,(UNK),234384,(N/A),(UNK),No Defects,1,1,InterState,1,290,X003508713,Not Toll,73,13,4,Divided With Median Barrier,3,2948134.5,1904681.5,41.87122408,-87.77442104,,Urban,1,N,(N/A),Y,(N/A)
2024,2024-08-05,Monday,5,05:25 AM,Property Damage,No Injuries,0,0,0,0,0,3,Front to Rear,11,N,N,Following Too Closely,Failing to Reduce Speed to Avoid Crash,Darkness / Lighted Road,Clear,Dry,N,,,,,Other,Other,N,3,41.8730021,-87.7993305,ok,Partial Access Control,3,03-24-14581,2024,,3,28,50000 and OVER,9,4295,Oak Park,C,Urban InterState,,16,5,12738061,8,Cook,0,24,,,1,N,No,(UNK),202401249238,ISP,5,7.94000006,Y,,,,(UNK),234394,(N/A),(UNK),No Defects,1,1,InterState,1,290,X003508727,Not Toll,73,13,7,Divided With Median Barrier,3,2941333.52569831,1905138.43191472,41.87299428,-87.79932467,,Urban,1,N,(N/A),Y,(N/A)
2024,2024-08-04,Sunday,10,10:58 AM,Property Damage,No Injuries,0,0,0,0,0,2,Front to Rear,11,N,N,Following Too Closely,Failing to Reduce Speed to Avoid Crash,Daylight,Clear,Dry,N,,,,,Other,Functioning Properly,N,2,41.8734511,-87.8039362,ok,Partial Access Control,3,03-24-14560,2024,,3,28,50000 and OVER,9,4295,Oak Park,C,Urban InterState,,16,4,12738269,8,Cook,0,24,,,7,N,No,(UNK),202401249490,ISP,1,7.73000002,Y,,,,(UNK),234527,(N/A),(UNK),No Defects,1,1,InterState,1,290,X003508921,Not Toll,73,13,4,Divided With Median Barrier,3,2940074.55934902,1905267.46393035,41.87344325,-87.80393041,,Urban,1,N,(N/A),Y,(N/A)
2024,2024-07-13,Saturday,12,12:35 PM,Property Damage,No Injuries,0,0,0,0,0,3,Front to Rear,11,N,N,Following Too Closely,Failing to Reduce Speed to Avoid Crash,Daylight,Unknown,Dry,N,,,,,No Controls,No Controls,N,2,41.89016,-87.79456,ok,(UNK),1,2404498,2024,,3,28,50000 and OVER,9,4295,Oak Park,C,Urban Major Collector,,16,13,12738279,7,Cook,0,24,,,6,N,No,Slow,202401249503,City,1,5.42000008,N,,,,(UNK),234533,(N/A),(UNK),No Defects,1,1,Major Collector,5,2775,X003508931,Not Toll,,1,1,Not Divided,1,2942459.93772944,1911426.96818341,41.89016,-87.79456,,Urban,9,N,(N/A),Y,(N/A)
2024,2024-08-06,Tuesday,15,03:12 PM,Property Damage,No Injuries,0,0,0,0,0,3,Angle,15,N,N,Failing to Yield Right of Way,Failing to Reduce Speed to Avoid Crash,Daylight,Clear,Dry,N,,,,,Traffic Signal,Functioning Properly,N,2,41.88001,-87.77953,ok,(UNK),1,2404527,2024,,2,28,50000 and OVER,9,4295,Oak Park,C,Urban Local Road or Street,,16,6,12738314,8,Cook,0,24,,,2,N,No,Free Flow,202401249540,City,1,0.54000002,N,,,,(UNK),234558,(N/A),(UNK),No Defects,1,1,Local Road or Street,7,3794,X003508963,Not Toll,,3,4,Not Divided,1,2946655.49816853,1907841.67472037,41.88001,-87.77953,,Urban,1,N,(N/A),Y,(N/A)
2024,2024-08-04,Sunday,16,04:06 PM,Property Damage,No Injuries,0,0,0,0,0,3,Front to Rear,11,N,N,Failing to Reduce Speed to Avoid Crash,(N/A),Daylight,Clear,Dry,N,,,,,Traffic Signal,Functioning Properly,N,2,41.8808981,-87.7844805,ok,(UNK),1,2404482,2024,,28,99,50000 and OVER,9,4295,Oak Park,C,Urban Major Collector,,16,4,12739153,8,Cook,0,24,,,7,N,No,Slow,202401250450,City,1,1.45000005,N,,,,(UNK),235133,(N/A),(UNK),No Defects,1,1,Major Collector,5,2783,X003509724,Not Toll,73,3,4,Not Divided,1,2945298.29051893,1908127.82890811,41.88089024,-87.78447471,,Urban,1,N,(N/A),Y,(N/A)
2024,2024-08-07,Wednesday,10,10:37 AM,Property Damage,No Injuries,0,0,0,0,0,1,Fixed Object,6,N,N,Driving Skills/Knowledge/Experience,Failing to Reduce Speed to Avoid Crash,Daylight,Clear,Dry,N,,,,,Other Warning Sign,No Controls,N,1,41.8873504,-87.7846619,ok,(UNK),1,2404539,2024,,15,28,50000 and OVER,9,4295,Oak Park,C,Urban Major Collector,,16,7,12739812,8,Cook,0,24,VICADUCT,,3,N,No,Slow,202401250984,City,1,1,N,,,,(UNK),235534,(N/A),(UNK),No Defects,1,1,Major Collector,5,2783,X003510113,Not Toll,73,11,1,Not Divided,1,2945183.59166125,1910477.80024206,41.88734255,-87.7846561,,Urban,1,N,(N/A),Y,(N/A)
2024,2024-08-07,Wednesday,17,05:42 PM,Property Damage,No Injuries,0,0,0,0,0,1,Parked Motor Vehicle,9,N,N,Improper Overtaking/Passing,Driving Skills/Knowledge/Experience,Daylight,Clear,Dry,N,,,,,No Controls,No Controls,N,2,41.87999,-87.77793,ok,(UNK),1,2404550,2024,,4,15,50000 and OVER,9,4295,Oak Park,C,Urban Minor Arterial,,16,7,12739815,8,Cook,0,24,,,3,N,No,Free Flow,202401250987,City,1,4.46000004,N,,,,(UNK),235536,(N/A),(UNK),No Defects,1,1,Minor Arterial,4,1419,X003510116,Not Toll,,1,1,Divided With Median Barrier,3,2947091.44454752,1907846.51695448,41.87999,-87.77793,,Urban,1,N,(N/A),Y,(N/A)
2024,2024-08-08,Thursday,17,05:36 PM,Property Damage,No Injuries,0,0,0,0,0,2,Front to Rear,11,N,N,Failing to Reduce Speed to Avoid Crash,Driving Skills/Knowledge/Experience,Daylight,Clear,Dry,N,,,,,Traffic Signal,Functioning Properly,N,2,41.88168,-87.78452,ok,(UNK),1,2404574,2024,,28,15,50000 and OVER,9,4295,Oak Park,C,Urban Major Collector,,16,8,12740814,8,Cook,0,24,,,4,N,No,Free Flow,202401252022,City,1,1.39999998,N,,,,(UNK),236204,(N/A),(UNK),No Defects,1,1,Major Collector,5,2783,X003511047,Not Toll,,3,4,"Divided, No Median Barrier",2,2945279.62245676,1908412.47370952,41.88168,-87.78452,,Urban,1,N,(N/A),Y,(N/A)
2024,2024-08-09,Friday,8,08:35 AM,Property Damage,No Injuries,0,0,0,0,0,5,Front to Rear,11,N,N,Following Too Closely,Driving Skills/Knowledge/Experience,Daylight,Clear,Dry,N,,,,,Other Regualtory Sig,Functioning Properly,N,4,41.8715824,-87.7799583,ok,Partial Access Control,3,03-24-14891,2024,,3,15,50000 and OVER,9,4295,Oak Park,C,Urban InterState,,16,9,12741647,8,Cook,0,24,,,5,N,No,(UNK),202401252869,ISP,1,8.92000008,Y,,,,(UNK),236777,(N/A),(UNK),No Defects,1,1,InterState,1,290,X003511844,Not Toll,73,10,4,Divided With Median Barrier,3,2946624.31105169,1904767.25757576,41.87157456,-87.77995247,,Urban,1,N,(N/A),Y,(N/A)
2024,2024-08-10,Saturday,13,01:08 PM,Property Damage,No Injuries,0,0,0,0,0,5,Angle,15,N,N,Improper Lane Usage,Failing to Yield Right of Way,Daylight,Clear,Dry,N,,,,,Traffic Signal,Functioning Properly,N,2,41.8766084,-87.8046162,ok,(UNK),1,24-02612,2024,,20,2,50000 and OVER,9,4295,Oak Park,C,Urban Other Principal Arte,,16,10,12742218,8,Cook,0,24,,,6,N,No,Free Flow,202401253401,City,1,19.88999939,Y,,,,(UNK),237158,(N/A),(UNK),No Defects,1,1,Other Principal Arterial,3,348,X003512381,Not Toll,73,3,4,"Divided, No Median Barrier",2,2939857.67446532,1906412.93117533,41.87660053,-87.80461039,,Urban,1,N,(N/A),Y,(N/A)
2024,2024-08-09,Friday,6,06:58 AM,Property Damage,No Injuries,0,0,0,0,0,2,Front to Rear,11,N,N,Improper Lane Usage,Driving Skills/Knowledge/Experience,Daylight,Clear,Dry,N,,,,,Other Warning Sign,Functioning Properly,N,2,41.8730348,-87.7996655,ok,Partial Access Control,3,03-24-14884,2024,,20,15,50000 and OVER,9,4295,Oak Park,C,Urban InterState,,16,9,12742533,8,Cook,0,24,,,5,N,No,(UNK),202401253702,ISP,1,7.92000008,Y,,,,(UNK),237389,(N/A),(UNK),No Defects,1,1,InterState,1,290,X003512684,Not Toll,73,11,4,Divided With Median Barrier,3,2941241.9345347,1905147.8221975,41.87302696,-87.79965974,,Urban,1,N,(N/A),Y,(N/A)
2024,2024-08-10,Saturday,0,00:58 AM,Property Damage,No Injuries,0,0,0,0,0,2,Parked Motor Vehicle,9,N,N,Failing to Reduce Speed to Avoid Crash,(N/A),Darkness / Lighted Road,Clear,Dry,N,,,,,No Controls,No Controls,N,2,41.9052135,-87.805664,ok,(UNK),1,2404605,2024,,28,99,50000 and OVER,9,4295,Oak Park,C,Urban Other Principal Arte,,16,10,12743807,8,Cook,0,24,,,6,N,No,Free Flow,202401254954,City,5,17.89999962,Y,,,,(UNK),238253,(N/A),(UNK),No Defects,1,1,Other Principal Arterial,3,348,X003513829,Not Toll,73,1,1,"Divided, No Median Barrier",2,2939285.31770919,1916829.30525865,41.90520563,-87.8056582,,Urban,1,N,(N/A),Y,(N/A)
2024,2024-08-10,Saturday,10,10:15 AM,Injury,B Injury Crash,1,0,0,1,0,3,Angle,15,N,N,Failing to Yield Right of Way,Failing to Reduce Speed to Avoid Crash,Daylight,Clear,Dry,N,,,,,Stop Sign,Functioning Properly,Y,2,41.87444,-87.78424,ok,(UNK),1,2404609,2024,,2,28,50000 and OVER,9,4295,Oak Park,C,Urban Major Collector,,16,10,12743812,8,Cook,2,24,,,6,N,No,Free Flow,202401254959,City,1,0,N,,,,(UNK),238257,(N/A),(UNK),No Defects,1,1,Major Collector,5,,X003513834,Not Toll,,2,4,"Divided, No Median Barrier",2,2945429.15288535,1905776.20193309,41.87444,-87.78424,,Urban,1,N,(N/A),Y,(N/A)
2024,2024-08-10,Saturday,19,07:01 PM,Injury,B Injury Crash,5,0,0,4,1,2,Turning,10,N,N,Failing to Yield Right of Way,Failing to Reduce Speed to Avoid Crash,Dawn,Clear,Dry,Y,,,,,No Controls,No Controls,N,2,41.8945,-87.78651,ok,(UNK),1,2404624,2024,,2,28,50000 and OVER,9,4295,Oak Park,C,Urban Minor Arterial,,16,10,12743818,8,Cook,2,24,,,6,N,Yes,Free Flow,202401254965,City,2,0,N,,,,(UNK),238261,(N/A),(UNK),No Defects,1,1,Minor Arterial,4,,X003513840,Not Toll,,1,1,Not Divided,1,2944608.0257731,1913069.27962626,41.8945,-87.78651,,Urban,1,N,(N/A),Y,(N/A)
2024,2024-08-10,Saturday,23,11:22 PM,Injury,B Injury Crash,1,0,0,1,0,0,Parked Motor Vehicle,9,N,N,Improper Lane Usage,Failing to Reduce Speed to Avoid Crash,Darkness,Clear,Dry,N,,,,,No Controls,No Controls,N,2,41.90356,-87.79495,ok,(UNK),1,2404628,2024,,20,28,50000 and OVER,9,4295,Oak Park,C,Urban Major Collector,,16,10,12743845,8,Cook,2,24,,,6,N,No,Free Flow,202401254991,City,4,0,N,,,,(UNK),238273,(N/A),(UNK),No Defects,1,1,Major Collector,5,,X003513866,Not Toll,,1,1,Not Divided,1,2942218.67914759,1916307.2475402,41.90356,-87.79495,,Urban,1,N,(N/A),Y,(N/A)
2024,2024-08-07,Wednesday,11,11:31 AM,Property Damage,No Injuries,0,0,0,0,0,1,Parked Motor Vehicle,9,N,N,Equipment-Vehicle Condition,Failing to Reduce Speed to Avoid Crash,Daylight,Clear,Dry,Y,,,,,No Controls,No Controls,N,2,41.8884678,-87.7895949,ok,(UNK),1,2404541,2024,,10,28,50000 and OVER,9,4295,Oak Park,C,Urban Major Collector,,16,7,12744651,8,Cook,0,24,,,3,N,No,Free Flow,202401255859,City,1,0,N,,,,(UNK),238785,(N/A),(UNK),No Defects,1,1,Major Collector,5,2779,X003514607,Not Toll,73,1,1,Two-way Continuous Left-Tur,4,2943829.01129222,1910847.74146277,41.88845998,-87.78958909,,Urban,1,N,(N/A),Y,(N/A)
2024,2024-08-09,Friday,14,02:10 PM,Property Damage,No Injuries,0,0,0,0,0,2,Sideswipe Same Direction,12,N,N,Failing to Yield Right of Way,Failing to Reduce Speed to Avoid Crash,Daylight,Cloudy/Overcast,Dry,N,,,,,Other Regualtory Sig,Functioning Properly,N,2,41.8713283,-87.7759831,ok,Partial Access Control,3,03-24-14918,2024,,2,28,50000 and OVER,9,4295,Oak Park,C,Urban InterState,,16,9,12745142,8,Cook,0,24,,,5,N,No,(UNK),202401256431,ISP,1,9.13000011,Y,,,,(UNK),239054,(N/A),(UNK),No Defects,1,1,InterState,1,290,X003515025,Not Toll,73,10,4,Divided With Median Barrier,3,2947709.63435472,1904704.78634458,41.87132041,-87.77597729,,Urban,8,N,(N/A),Y,(N/A)
2024,2024-08-04,Sunday,20,08:30 PM,Property Damage,No Injuries,0,0,0,0,0,3,Fixed Object,6,N,N,Unable to Determine,Unable to Determine,Darkness / Lighted Road,Clear,Dry,N,,,,,No Controls,No Controls,Y,1,41.88862,-87.8008,ok,(UNK),1,2404488,2024,,18,18,50000 and OVER,9,4295,Oak Park,C,Urban Major Collector,,16,4,12745475,8,Cook,0,24,PORCH AREA,BIKE RACK,7,N,Yes,Free Flow,202401256745,City,5,0,N,,,,(UNK),239286,(N/A),(UNK),No Defects,1,1,Major Collector,5,,X003515340,Not Toll,,1,1,"Divided, No Median Barrier",2,2940776.29202853,1910818.82831338,41.88862,-87.8008,,Urban,1,N,(N/A),Y,(N/A)
2024,2024-08-07,Wednesday,17,05:05 PM,Property Damage,No Injuries,0,0,0,0,0,5,Front to Rear,11,N,N,Failing to Reduce Speed to Avoid Crash,Following Too Closely,Daylight,Clear,Dry,Y,,,,,Traffic Signal,Functioning Properly,N,3,41.87231,-87.8044685,ok,(UNK),1,2404562,2024,,28,3,50000 and OVER,9,4295,Oak Park,C,Urban Other Principal Arte,,16,7,12745488,8,Cook,0,24,,,3,N,Yes,Slow,202401256757,City,1,20.18000031,Y,,,,(UNK),239293,(N/A),(UNK),No Defects,1,1,Other Principal Arterial,3,348,X003515352,Not Toll,73,3,4,"Divided, No Median Barrier",2,2939941.0263324,1904847.64268267,41.87230218,-87.80446272,,Urban,1,N,(N/A),Y,(N/A)
2024,2024-07-28,Sunday,21,09:14 PM,Injury,B Injury Crash,1,0,0,1,0,0,Fixed Object,6,N,N,Under Influence of Alcohol/Drugs,Improper Lane Usage,Darkness / Lighted Road,Clear,Dry,N,,,,,No Controls,No Controls,N,1,41.8726514,-87.7941567,ok,Partial Access Control,3,03-24-14109,2024,,8,20,50000 and OVER,9,4295,Oak Park,C,Urban InterState,,16,28,12746234,7,Cook,2,24,,,7,N,No,(UNK),202401257404,ISP,5,8.18000031,Y,,,,(UNK),239753,(N/A),(UNK),No Defects,1,1,InterState,1,290,X003516003,Not Toll,73,1,1,Divided With Median Barrier,3,2942746.22994652,1905049.54812834,41.87264355,-87.79415092,,Urban,1,N,(N/A),Y,(N/A)
2024,2024-08-13,Tuesday,8,08:48 AM,Injury,B Injury Crash,1,0,0,1,0,1,Pedalcyclist,2,N,Y,Failing to Yield Right of Way,Failing to Reduce Speed to Avoid Crash,Daylight,Clear,Dry,Y,,,,,No Controls,Functioning Properly,N,1,41.90722,-87.78871,ok,(UNK),1,2404670,2024,,2,28,50000 and OVER,9,4295,Oak Park,C,Urban Local Road or Street,,16,13,12746501,8,Cook,2,24,,,2,N,No,Free Flow,202401257650,City,1,0,N,,,,(UNK),239933,(N/A),(UNK),No Defects,1,1,Local Road or Street,7,,X003516242,Not Toll,,1,4,Not Divided,1,2943880.45763749,1917688.07762235,41.90722,-87.78871,,Urban,1,N,(N/A),Y,(N/A)
2024,2024-08-11,Sunday,17,05:05 PM,Property Damage,No Injuries,0,0,0,0,0,1,Parked Motor Vehicle,9,N,N,Failing to Reduce Speed to Avoid Crash,Unable to Determine,Daylight,Clear,Dry,N,,,,,No Controls,No Controls,Y,2,41.87803,-87.78804,ok,(UNK),1,2404671,2024,,28,18,50000 and OVER,9,4295,Oak Park,C,Urban Local Road or Street,,16,11,12746506,8,Cook,0,24,,,7,N,No,Free Flow,202401257654,City,1,0,N,,,,(UNK),239936,(N/A),(UNK),No Defects,1,1,Local Road or Street,7,,X003516245,Not Toll,,1,1,"Divided, No Median Barrier",2,2944357.89714773,1907055.74338672,41.87803,-87.78804,,Urban,1,N,(N/A),Y,(N/A)
2024,2024-08-13,Tuesday,11,11:50 AM,Property Damage,No Injuries,0,0,0,0,0,2,Turning,10,N,N,Improper Turning/No Signal,Unable to Determine,Daylight,Clear,Dry,N,,,,,Traffic Signal,Functioning Properly,N,2,41.8737332,-87.8039917,ok,Partial Access Control,3,03-24-15255,2024,,6,18,50000 and OVER,9,4295,Oak Park,C,Urban InterState,,16,13,12746717,8,Cook,0,24,,,2,N,No,(UNK),202401257852,ISP,1,7.71999979,Y,,,,(UNK),240076,(N/A),(UNK),No Defects,1,1,InterState,1,290,X003516437,Not Toll,73,3,4,Four Way,14,2940056.61853832,1905369.8368984,41.87372532,-87.80398589,,Urban,1,N,(N/A),Y,(N/A)
2024,2024-08-14,Wednesday,13,01:43 PM,Property Damage,No Injuries,0,0,0,0,0,2,Turning,10,N,N,Failing to Yield Right of Way,Failing to Reduce Speed to Avoid Crash,Daylight,Clear,Dry,N,,,,,No Controls,No Controls,N,2,41.8940903,-87.8052227,ok,(UNK),1,2404705,2024,,2,28,50000 and OVER,9,4295,Oak Park,C,Urban Other Principal Arte,,16,14,12747397,8,Cook,0,24,,,3,N,No,Slow,202401258497,City,1,18.68000031,Y,,,,(UNK),240535,(N/A),(UNK),No Defects,1,1,Other Principal Arterial,3,348,X003517079,Not Toll,73,1,1,"Divided, No Median Barrier",2,2939517.09340828,1912779.12655262,41.89408248,-87.80521688,,Urban,1,N,(N/A),Y,(N/A)
2024,2024-08-14,Wednesday,13,01:11 PM,Property Damage,No Injuries,0,0,0,0,0,2,Front to Rear,11,N,N,Failing to Reduce Speed to Avoid Crash,Physical Condition of Driver,Daylight,Clear,Dry,Y,,,,,Traffic Signal,Functioning Properly,N,2,41.8883279,-87.7846957,ok,(UNK),1,2404703,2024,,28,17,50000 and OVER,9,4295,Oak Park,C,Urban Major Collector,,16,14,12747400,8,Cook,0,24,,,3,N,No,Stopped,202401258501,City,1,0.93000001,N,,,,(UNK),240537,(N/A),(UNK),No Defects,1,1,Major Collector,5,2783,X003517082,Not Toll,73,3,4,Four Way,14,2945164.49021039,1910833.7534088,41.88832002,-87.78468991,,Urban,1,N,(N/A),Y,(N/A)