crash_year,crash_date,day_of_week,crash_hour,time_of_crash,crash_severity,crash_injury_severity,total_injured,total_fatals,a_injuries,b_injuries,c_injuries,no_injuries,type_of_first_crash,collision_type_code,pedestrian_involved,pedalcyclist_involved,cause1,cause2,lighting_cond,weather_cond,road_surface_cond,intersection_related,is_intersection,highway_or_street_name,at_intersection_with,address_no,traffic_control_device,traffic_control_device_cond,hit_and_run,number_of_vehicles,latitude,longitude,location_status,access_control,agency_code,agency_report_number,agency_report_year,alignment_code,cause1_code,cause2_code,city_class,city_class_code,city_code,city_name,city_township_flag,class_of_trafficway,class_of_trafficway_code,county_code,crash_day,crash_id,crash_month,crash_report_county,crash_severity_cd,crash_yr_source,damaged_property1,damaged_property2,day_of_week_code,did_crash_occur_in_work_zone,did_involve_secondary_crash,flow_condition,icn,investigating_agency_descrip,light_condition_code,mile_station,nhs,non_intersection_direction,non_intersection_distance,non_intersection_units,number_of_lanes,objectid,railroad_crossing_number,road_alignment,road_defects,road_defects_code,road_surface_condition_code,roadway_functional_class,roadway_functional_class_code,route_number,sfe,toll,township,traffic_control_device_code,traffic_control_device_cond_code,trafficway_descrip,trafficway_description_code,ts_crash_coordinate_x,ts_crash_coordinate_y,ts_crash_latitude,ts_crash_longitude,type_report,urban_rural,weather_code,were_workers_present,work_zone,work_zone_related,work_zone_type
2024,2024-08-09,Friday,5,05:30 AM,Property Damage,No Injuries,0,0,0,0,0,2,Front to Rear,11,N,N,Failing to Reduce Speed to Avoid Crash,Following Too Closely,Daylight,Clear,Dry,N,,,,,Other,Functioning Properly,Y,2,41.8733001,-87.7997745,ok,Partial Access Control,3,03-24-14875,2024,,28,3,50000 and OVER,9,4295,Oak Park,C,Urban InterState,,16,9,12748972,8,Cook,0,24,,,5,N,No,(UNK),202401259597,ISP,1,7.92000008,Y,,,,(UNK),241605,(N/A),(UNK),No Defects,1,1,InterState,1,290,X003518155,Not Toll,73,13,4,Divided With Median Barrier,3,2941209.57892304,1905243.67223302,41.87329223,-87.79976874,,Urban,1,N,(N/A),Y,(N/A)
2024,2024-08-14,Wednesday,18,06:52 PM,Property Damage,No Injuries,0,0,0,0,0,2,Front to Rear,11,N,N,Improper Lane Usage,(N/A),Daylight,Clear,Dry,N,,,,,No Controls,No Controls,N,2,41.9088961,-87.8024109,ok,(UNK),1,2404712,2024,,20,99,50000 and OVER,9,4295,Oak Park,C,Urban Other Principal Arte,,16,14,12749072,8,Cook,0,24,,,3,N,No,Free Flow,202401259680,City,1,6.09000015,Y,,,,(UNK),241661,(N/A),(UNK),No Defects,1,1,Other Principal Arterial,3,307,X003518241,Not Toll,73,1,1,Divided With Median Barrier,3,2940133.90822901,1918195.74537707,41.9088883,-87.80240509,,Urban,1,N,(N/A),Y,(N/A)
2024,2024-08-15,Thursday,14,02:24 PM,Property Damage,No Injuries,0,0,0,0,0,1,Parked Motor Vehicle,9,N,N,Unable to Determine,(N/A),Unknown,Unknown,Unknown,N,,,,,No Controls,No Controls,Y,2,41.8814874,-87.8005381,ok,(UNK),1,2404728,2024,,18,99,50000 and OVER,9,4295,Oak Park,C,Urban Major Collector,,16,15,12749076,8,Cook,0,24,,,4,N,No,Free Flow,202401259683,City,9,0.22,N,,,,(UNK),241663,(N/A),(UNK),No Defects,1,9,Major Collector,5,5,X003518244,Not Toll,73,1,1,Not Divided,1,2940919.31449088,1908221.52892732,41.88147951,-87.8005323,,Urban,9,N,(N/A),Y,(N/A)
2024,2024-08-15,Thursday,10,10:29 AM,Property Damage,No Injuries,0,0,0,0,0,1,Parked Motor Vehicle,9,N,N,Failing to Reduce Speed to Avoid Crash,Driving Skills/Knowledge/Experience,Daylight,Rain,Wet,N,,,,,No Controls,No Controls,N,2,41.8878939,-87.8035109,ok,(UNK),1,2404722,2024,,28,15,50000 and OVER,9,4295,Oak Park,C,Urban Local Road or Street,,16,15,12749077,8,Cook,0,24,,,4,N,No,Slow,202401259684,City,1,0,N,,,,(UNK),241664,(N/A),(UNK),No Defects,1,2,Local Road or Street,7,,X003518245,Not Toll,73,1,1,Parking Lot,7,2940045.40167595,1910533.8578218,41.88788601,-87.80350509,,Urban,2,N,(N/A),Y,(N/A)
2024,2024-05-26,Sunday,12,12:25 PM,Injury,B Injury Crash,1,0,0,1,0,1,Turning,10,N,N,Improper Turning/No Signal,Failing to Reduce Speed to Avoid Crash,Daylight,Rain,Wet,Y,,,,,Stop Sign,Functioning Properly,N,2,41.86698,-87.79378,ok,(UNK),1,2402914,2024,,6,28,50000 and OVER,9,4295,Oak Park,C,Urban Major Collector,,16,26,12749497,5,Cook,2,24,,,7,N,No,Free Flow,202401259952,City,1,0,N,,,,(UNK),241947,(N/A),(UNK),No Defects,1,2,Major Collector,5,,X003518503,Not Toll,,2,4,Not Divided,1,2942905.99931354,1902985.62979811,41.86698,-87.79378,,Urban,2,N,(N/A),Y,(N/A)
2024,2024-08-14,Wednesday,14,02:10 PM,Property Damage,No Injuries,0,0,0,0,0,2,Turning,10,N,N,(N/A),Failing to Reduce Speed to Avoid Crash,Daylight,Clear,Dry,Y,,,,,Traffic Signal,Functioning Properly,N,2,41.8711278,-87.7742958,ok,Partial Access Control,1,JH390490,2024,,99,28,50000 and OVER,9,4295,Oak Park,C,Urban InterState,,16,14,12749739,8,Cook,0,24,,,3,N,No,Slow,202401260297,City,1,0,Y,,,,(UNK),242102,(N/A),(UNK),Unknown,99,1,InterState,1,290,X003518726,Not Toll,,3,4,Divided With Median Barrier,3,2948171.24961575,1904644.56578593,41.87112,-87.77429,,Urban,1,N,(N/A),N,(N/A)
2024,2024-08-15,Thursday,14,02:50 PM,Property Damage,No Injuries,0,0,0,0,0,2,Sideswipe Same Direction,12,N,N,Failing to Reduce Speed to Avoid Crash,Improper Lane Usage,Daylight,Rain,Wet,Y,,,,,No Controls,No Controls,Y,2,41.8759848,-87.8045995,ok,(UNK),1,24-02670,2024,,28,20,50000 and OVER,9,4295,Oak Park,C,Urban Other Principal Arte,,16,15,12749904,8,Cook,0,24,,,4,N,No,Free Flow,202401260451,City,1,19.93000031,Y,,,,(UNK),242224,(N/A),(UNK),No Defects,1,2,Other Principal Arterial,3,348,X003518880,Not Toll,73,1,1,"Divided, No Median Barrier",2,2939868.4830065,1906185.80366781,41.87597692,-87.80459368,,Urban,2,N,(N/A),Y,(N/A)
2024,2024-08-15,Thursday,13,01:48 PM,Property Damage,No Injuries,0,0,0,0,0,2,Front to Rear,11,N,N,Following Too Closely,Failing to Reduce Speed to Avoid Crash,Daylight,Rain,Wet,N,,,,,Other,Functioning Properly,N,2,41.8712474,-87.7746596,ok,Partial Access Control,3,03-24-15345,2024,,3,28,50000 and OVER,9,4295,Oak Park,C,Urban InterState,,16,15,12750004,8,Cook,0,24,,,4,N,No,(UNK),202401260546,ISP,1,9.18999958,Y,,,,(UNK),242306,(N/A),(UNK),No Defects,1,2,InterState,1,290,X003518976,Not Toll,73,13,4,Divided With Median Barrier,3,2948070.95036002,1904685.36886004,41.87123955,-87.77465378,,Urban,2,N,(N/A),Y,(N/A)
2024,2024-08-15,Thursday,17,05:30 PM,Injury,B Injury Crash,1,0,0,1,0,1,Pedalcyclist,2,N,Y,Failing to Yield Right of Way,Unable to Determine,Unknown,Unknown,Unknown,N,,,,,No Controls,No Controls,Y,1,41.8946656,-87.7784477,ok,(UNK),1,2404736,2024,,2,18,50000 and OVER,9,4295,Oak Park,C,Urban Minor Arterial,,16,15,12750268,8,Cook,2,24,,,4,N,No,Free Flow,202401260791,City,9,3.96000004,N,,,,(UNK),242490,(N/A),(UNK),No Defects,1,9,Minor Arterial,4,1398,X003519224,Not Toll,73,1,1,Other,8,2946801.54110123,1913190.65847276,41.89465775,-87.77844187,,Urban,9,N,(N/A),Y,(N/A)
2024,2024-07-18,Thursday,17,05:07 PM,Property Damage,No Injuries,0,0,0,0,0,2,Front to Rear,11,N,N,Following Too Closely,(N/A),Daylight,Clear,Dry,Y,,,,,Traffic Signal,Functioning Properly,N,2,41.8729287,-87.7940105,ok,(UNK),1,2404738,2024,,3,99,50000 and OVER,9,4295,Oak Park,C,Urban Major Collector,,16,18,12750269,7,Cook,0,24,,,4,N,No,Stopped,202401260792,City,1,6.61999989,N,,,,(UNK),242491,(N/A),(UNK),No Defects,1,1,Major Collector,5,2775,X003519225,Not Toll,73,3,4,"Divided, No Median Barrier",2,2942783.25371525,1905151.71887264,41.87292089,-87.79400473,,Urban,1,N,(N/A),Y,(N/A)
2024,2024-08-17,Saturday,0,00:30 AM,Property Damage,No Injuries,0,0,0,0,0,2,Front to Rear,11,N,N,Failing to Reduce Speed to Avoid Crash,Following Too Closely,Darkness / Lighted Road,Clear,Wet,N,,,,,Other,Functioning Properly,Y,2,41.8714563,-87.7780026,ok,Partial Access Control,3,03-24-15468,2024,,28,3,50000 and OVER,9,4295,Oak Park,C,Urban InterState,,16,17,12750402,8,Cook,0,24,,,6,N,No,(UNK),202401260918,ISP,5,9.02000046,Y,,,,(UNK),242582,(N/A),(UNK),No Defects,1,2,InterState,1,290,X003519352,Not Toll,73,13,4,Divided With Median Barrier,3,2947158.27796493,1904736.13684874,41.87144848,-87.77799676,,Urban,1,N,(N/A),Y,(N/A)
2024,2024-08-16,Friday,17,05:17 PM,Property Damage,No Injuries,0,0,0,0,0,2,Rear to Front,18,N,N,Improper Backing,Following Too Closely,Daylight,Clear,Wet,Y,,,,,Other,Functioning Properly,N,2,41.8736415,-87.8045253,ok,Partial Access Control,3,03-24-15451,2024,,30,3,50000 and OVER,9,4295,Oak Park,C,Urban InterState,,16,16,12751225,8,Cook,0,24,,,5,N,No,(UNK),202401261710,ISP,1,0.23999999,Y,,,,(UNK),243176,(N/A),(UNK),No Defects,1,2,InterState,1,290,X003520146,Not Toll,73,13,4,Divided With Median Barrier,3,2939912.21169623,1905332.44988305,41.87363371,-87.80451946,,Urban,1,N,(N/A),Y,(N/A)
2024,2024-08-18,Sunday,17,05:50 PM,Property Damage,No Injuries,0,0,0,0,0,4,Front to Rear,11,N,N,Improper Lane Usage,Failing to Reduce Speed to Avoid Crash,Daylight,Clear,Dry,N,,,,,Other Regualtory Sig,Functioning Properly,N,3,41.8729413,-87.7987052,ok,Partial Access Control,3,03-24-15595,2024,,20,28,50000 and OVER,9,4295,Oak Park,C,Urban InterState,,16,18,12751758,8,Cook,0,24,,,7,N,No,(UNK),202401262226,ISP,1,7.96999979,Y,,,,(UNK),243541,(N/A),(UNK),No Defects,1,1,InterState,1,290,X003520666,Not Toll,73,10,4,Divided With Median Barrier,3,2941504.44784464,1905120.98589816,41.87293351,-87.79869938,,Urban,1,N,(N/A),Y,(N/A)
2024,2024-08-19,Monday,0,00:50 AM,Injury,C Injury Crash,1,0,0,0,1,0,Parked Motor Vehicle,9,N,N,Failing to Reduce Speed to Avoid Crash,(N/A),Darkness / Lighted Road,Clear,Dry,N,,,,,No Controls,No Controls,N,2,41.89462,-87.77838,ok,(UNK),1,2404802,2024,,28,99,50000 and OVER,9,4295,Oak Park,C,Urban Minor Arterial,,16,19,12752890,8,Cook,1,24,,,1,N,No,Free Flow,202401263087,City,5,0,N,,,,(UNK),244237,(N/A),(UNK),No Defects,1,1,Minor Arterial,4,,X003521525,Not Toll,,1,1,"Divided, No Median Barrier",2,2946820.42716549,1913174.55601955,41.89462,-87.77838,,Urban,1,N,(N/A),Y,(N/A)
2024,2024-08-16,Friday,15,03:45 PM,Property Damage,No Injuries,0,0,0,0,0,3,Front to Rear,11,N,N,Following Too Closely,Failing to Reduce Speed to Avoid Crash,Daylight,Clear,Dry,N,,,,,Traffic Signal,Functioning Properly,Y,2,41.87261,-87.78299,ok,(UNK),1,2404751,2024,,3,28,50000 and OVER,9,4295,Oak Park,C,Urban Local Road or Street,,16,16,12753102,8,Cook,0,24,,,5,N,No,Free Flow,202401263274,City,1,0,N,,,,(UNK),244370,(N/A),(UNK),No Defects,1,1,Local Road or Street,7,,X003521707,Not Toll,,3,4,Not Divided,1,2945788.13675554,1905118.77395257,41.87261,-87.78299,,Urban,1,N,(N/A),Y,(N/A)
2024,2024-08-17,Saturday,19,07:26 PM,Injury,B Injury Crash,2,0,0,2,0,2,Angle,15,N,N,Failing to Yield Right of Way,(N/A),Dusk,Clear,Dry,Y,,,,,Stop Sign,Functioning Properly,N,2,41.90172,-87.79121,ok,(UNK),1,2404774,2024,,2,99,50000 and OVER,9,4295,Oak Park,C,Urban Major Collector,,16,17,12753163,8,Cook,2,24,"STOP SIGN, PARKWAY, TREE",,6,N,No,Free Flow,202401263338,City,3,0,N,,,,(UNK),244406,(N/A),(UNK),No Defects,1,1,Major Collector,5,,X003521762,Not Toll,,2,4,Other,8,2943255.43079685,1915664.90278241,41.90172,-87.79121,,Urban,1,N,(N/A),Y,(N/A)
2024,2024-08-18,Sunday,13,01:44 PM,Property Damage,No Injuries,0,0,0,0,0,3,Sideswipe Same Direction,12,N,N,Failing to Yield Right of Way,Driving Skills/Knowledge/Experience,Daylight,Cloudy/Overcast,Dry,Y,,,,,Traffic Signal,Functioning Properly,N,2,41.8867128,-87.8049544,ok,(UNK),1,2404790,2024,,2,15,50000 and OVER,9,4295,Oak Park,C,Urban Other Principal Arte,,16,18,12753204,8,Cook,0,24,,,7,N,No,Free Flow,202401263377,City,1,19.19000053,Y,,,,(UNK),244431,(N/A),(UNK),No Defects,1,1,Other Principal Arterial,3,348,X003521799,Not Toll,73,3,4,Divided With Median Barrier,3,2939664.19017204,1910092.62183124,41.88670493,-87.80494855,,Urban,8,N,(N/A),Y,(N/A)
2024,2024-08-19,Monday,0,00:32 AM,Property Damage,No Injuries,0,0,0,0,0,1,Parked Motor Vehicle,9,N,N,Cell Phone Use Other Than Texting,Failing to Reduce Speed to Avoid Crash,Darkness / Lighted Road,Clear,Dry,N,,,,,No Controls,No Controls,Y,3,41.8815783,-87.7926119,ok,(UNK),1,2404803,2024,,45,28,50000 and OVER,9,4295,Oak Park,C,Urban Major Collector,,16,19,12753688,8,Cook,0,24,,,1,N,No,(UNK),202401263803,City,5,0.63,N,,,,(UNK),244739,(N/A),(UNK),No Defects,1,1,Major Collector,5,5,X003522232,Not Toll,73,1,1,"Divided, No Median Barrier",2,2943076.95048159,1908314.31282086,41.88157045,-87.79260615,,Urban,1,N,(N/A),Y,(N/A)
2024,2024-08-07,Wednesday,17,05:25 PM,Property Damage,No Injuries,0,0,0,0,0,2,Front to Rear,11,N,N,Following Too Closely,Failing to Reduce Speed to Avoid Crash,Daylight,Clear,Dry,N,,,,,Other Regualtory Sig,Functioning Properly,N,2,41.8724041,-87.7909526,ok,Partial Access Control,3,03-24-14769,2024,,3,28,50000 and OVER,9,4295,Oak Park,C,Urban InterState,,16,7,12753739,8,Cook,0,24,,,3,N,No,(UNK),202401263853,ISP,1,8.35000038,Y,,,,(UNK),244780,(N/A),(UNK),No Defects,1,1,InterState,1,290,X003522282,Not Toll,73,10,4,Divided With Median Barrier,3,2943621.44035231,1904983.59553427,41.8723963,-87.79094678,,Urban,1,N,(N/A),Y,(N/A)
2024,2024-08-19,Monday,18,06:16 PM,Injury,B Injury Crash,1,0,0,1,0,1,Turning,10,N,N,Failing to Yield Right of Way,Failing to Reduce Speed to Avoid Crash,Daylight,Clear,Dry,Y,,,,,No Controls,No Controls,N,2,41.8723415,-87.8036083,ok,(UNK),1,2404828,2024,,2,28,50000 and OVER,9,4295,Oak Park,C,Urban Local Road or Street,,16,19,12755095,8,Cook,2,24,,,1,N,Yes,Free Flow,202401265133,City,1,0,N,,,,(UNK),245653,(N/A),(UNK),No Defects,1,1,Local Road or Street,7,,X003523547,Not Toll,73,1,1,"Divided, No Median Barrier",2,2940175.00314109,1904865.55254868,41.87233362,-87.80360252,,Urban,1,N,(N/A),Y,(N/A)
2024,2024-08-15,Thursday,14,02:56 PM,Injury,B Injury Crash,1,0,0,1,0,2,Angle,15,N,N,Failing to Yield Right of Way,(N/A),Daylight,Rain,Wet,Y,,,,,Stop Sign,Functioning Properly,N,2,41.8944578,-87.7912962,ok,(UNK),1,2404729,2024,,2,99,50000 and OVER,9,4295,Oak Park,C,Urban Minor Arterial,,16,15,12755097,8,Cook,2,24,,,4,N,No,Free Flow,202401265135,City,1,3.27999997,N,,,,(UNK),245655,(N/A),(UNK),No Defects,1,2,Minor Arterial,4,1398,X003523549,Not Toll,73,2,4,"Divided, No Median Barrier",2,2943305.27805869,1913017.7830141,41.89445,-87.79129039,,Urban,2,N,(N/A),Y,(N/A)
2024,2024-08-19,Monday,8,08:44 AM,Property Damage,No Injuries,0,0,0,0,0,2,Turning,10,N,N,Improper Lane Usage,Unable to Determine,Daylight,Clear,Dry,Y,,,,,Stop Sign,Functioning Properly,N,2,41.8781723,-87.8046654,ok,(UNK),1,2404804,2024,,20,18,50000 and OVER,9,4295,Oak Park,C,Urban Other Principal Arte,,16,19,12755098,8,Cook,0,24,,,1,N,No,Stopped,202401265136,City,1,19.78000069,Y,,,,(UNK),245656,(N/A),(UNK),No Defects,1,1,Other Principal Arterial,3,348,X003523550,Not Toll,73,2,4,Divided With Median Barrier,3,2939828.58533897,1906982.48060519,41.87816444,-87.80465958,,Urban,1,N,(N/A),Y,(N/A)
2024,2024-08-15,Thursday,8,08:40 AM,Injury,B Injury Crash,1,0,0,1,0,1,Front to Rear,11,N,N,Failing to Reduce Speed to Avoid Crash,(N/A),Daylight,Rain,Wet,N,,,,,No Controls,No Controls,N,2,41.9001965,-87.7838128,ok,(UNK),1,2404720,2024,,28,99,50000 and OVER,9,4295,Oak Park,C,Urban Local Road or Street,,16,15,12755099,8,Cook,2,24,,,4,N,No,Slow,202401265137,City,1,0,N,,,,(UNK),245657,(N/A),(UNK),No Defects,1,2,Local Road or Street,7,,X003523551,Not Toll,73,1,1,"Divided, No Median Barrier",2,2945284.7133804,1915165.60313297,41.90018869,-87.78380705,,Urban,2,N,(N/A),Y,(N/A)
2024,2024-08-17,Saturday,6,06:25 AM,Property Damage,No Injuries,0,0,0,0,0,4,Front to Rear,11,N,N,Following Too Closely,Failing to Reduce Speed to Avoid Crash,Daylight,Clear,Dry,N,,,,,Other,Other,N,4,41.8737712,-87.8044587,ok,Partial Access Control,3,03-24-15482,2024,,3,28,50000 and OVER,9,4295,Oak Park,C,Urban Other Principal Arte,,16,17,12755450,8,Cook,0,24,,,6,N,No,(UNK),202401265454,ISP,1,319.91000366,Y,,,,(UNK),245848,(N/A),(UNK),No Defects,1,1,Other Principal Arterial,3,5110,X003523857,Not Toll,73,13,7,Divided With Median Barrier,3,2939929.05172977,1905380.19045357,41.87376334,-87.80445285,,Urban,1,N,(N/A),Y,(N/A)
2024,2024-08-20,Tuesday,12,12:29 PM,Property Damage,No Injuries,0,0,0,0,0,2,Angle,15,N,N,Improper Lane Usage,Failing to Yield Right of Way,Daylight,Clear,Dry,N,,,,,No Controls,No Controls,N,2,41.88715,-87.80238,ok,(UNK),1,2404849,2024,,20,2,50000 and OVER,9,4295,Oak Park,C,Urban Major Collector,,16,20,12755639,8,Cook,0,24,BIKE RACK,,2,N,No,Free Flow,202401265641,City,1,0,N,,,,(UNK),245962,(N/A),(UNK),No Defects,1,1,Major Collector,5,,X003524027,Not Toll,,1,1,One-Way,10,2940360.82161656,1910271.26865441,41.88715,-87.80238,,Urban,1,N,(N/A),Y,(N/A)
2024,2024-08-20,Tuesday,19,07:07 PM,Property Damage,No Injuries,0,0,0,0,0,2,Front to Rear,11,N,N,Following Too Closely,(N/A),Daylight,Clear,Dry,N,,,,,No Controls,No Controls,N,2,41.9089084,-87.8011746,ok,(UNK),1,2404867,2024,,3,99,50000 and OVER,9,4295,Oak Park,C,Urban Other Principal Arte,,16,20,12755641,8,Cook,0,24,,,2,N,No,Slow,202401265643,City,1,6.15999985,Y,,,,(UNK),245963,(N/A),(UNK),No Defects,1,1,Other Principal Arterial,3,307,X003524029,Not Toll,73,1,1,Not Divided,1,2940470.31125762,1918209.48968792,41.90890054,-87.80116884,,Urban,1,N,(N/A),Y,(N/A)
2024,2024-08-18,Sunday,11,11:21 AM,Injury,C Injury Crash,1,0,0,0,1,1,Angle,15,N,N,Disregarding Traffic Signals,(N/A),Daylight,Cloudy/Overcast,Unknown,Y,,,,,Traffic Signal,Functioning Properly,N,2,41.8813878,-87.8047858,ok,(UNK),1,2404788,2024,,25,99,50000 and OVER,9,4295,Oak Park,C,Urban Other Principal Arte,,16,18,12756521,8,Cook,1,24,,,7,N,No,Free Flow,202401266460,City,1,19.55999947,Y,,,,(UNK),246527,(N/A),(UNK),No Defects,1,9,Other Principal Arterial,3,348,X003524831,Not Toll,73,3,4,"Divided, No Median Barrier",2,2939763.52364909,1908153.38389951,41.88138,-87.80478,,Urban,8,N,(N/A),Y,(N/A)
2024,2024-08-21,Wednesday,13,01:49 PM,Property Damage,No Injuries,0,0,0,0,0,2,Angle,15,N,N,Operating Vehicle In Reckless Manner,Driving Skills/Knowledge/Experience,Daylight,Clear,Dry,N,,,,,No Controls,No Controls,N,2,41.8945679,-87.784864,ok,(UNK),1,2404889,2024,,50,15,50000 and OVER,9,4295,Oak Park,C,Urban Minor Arterial,,16,21,12756522,8,Cook,0,24,,,3,N,No,Free Flow,202401266461,City,1,0.5,N,,,,(UNK),246528,(N/A),(UNK),No Defects,1,1,Minor Arterial,4,2783,X003524832,Not Toll,73,1,1,Other,8,2945055.50166678,1913106.45610049,41.89456002,-87.78485823,,Urban,1,N,(N/A),Y,(N/A)
2024,2024-08-22,Thursday,9,09:44 AM,Property Damage,No Injuries,0,0,0,0,0,2,Front to Rear,11,N,N,Failing to Reduce Speed to Avoid Crash,Distraction - From Inside Vehicle,Daylight,Clear,Dry,N,,,,,Other,Functioning Properly,N,2,41.8726923,-87.7946092,ok,Partial Access Control,3,03-24-15841,2024,,28,41,50000 and OVER,9,4295,Oak Park,C,Urban InterState,,16,22,12757442,8,Cook,0,24,,,4,N,No,(UNK),202401267090,ISP,1,8.15999985,Y,,,,(UNK),247123,(N/A),(UNK),No Defects,1,1,InterState,1,290,X003525450,Not Toll,73,13,4,Divided With Median Barrier,3,2942622.56387054,1905061.02912814,41.87268441,-87.79460345,,Urban,1,N,(N/A),Y,(N/A)
2024,2024-08-21,Wednesday,12,12:04 PM,Property Damage,No Injuries,0,0,0,0,0,4,Sideswipe Same Direction,12,N,N,Failing to Yield Right of Way,(N/A),Daylight,Clear,Dry,N,,,,,No Controls,No Controls,N,2,41.8854023,-87.8049145,ok,(UNK),1,2404886,2024,,2,99,50000 and OVER,9,4295,Oak Park,C,Urban Other Principal Arte,,16,21,12757515,8,Cook,0,24,,,3,N,No,Stopped,202401267158,City,1,19.28000069,Y,,,,(UNK),247164,(N/A),(UNK),No Defects,1,1,Other Principal Arterial,3,348,X003525518,Not Toll,73,1,1,Not Divided,1,2939688.18062392,1909615.35965009,41.88539446,-87.80490874,,Urban,1,N,(N/A),Y,(N/A)
2024,2024-08-22,Thursday,7,07:30 AM,Property Damage,No Injuries,0,0,0,0,0,5,Front to Rear,11,N,N,Failing to Reduce Speed to Avoid Crash,(N/A),Daylight,Clear,Dry,Y,,,,,No Controls,No Controls,N,2,41.88002,-87.77589,ok,(UNK),1,2404905,2024,,28,99,50000 and OVER,9,4295,Oak Park,C,Urban Minor Arterial,,16,22,12757522,8,Cook,0,24,,,4,N,No,Free Flow,202401267164,City,1,4.55999994,N,,,,(UNK),247168,(N/A),(UNK),No Defects,1,1,Minor Arterial,4,1419,X003525524,Not Toll,,1,1,Divided With Median Barrier,3,2947646.71293802,1907872.92784776,41.88002,-87.77589,,Urban,1,N,(N/A),Y,(N/A)
2024,2024-08-21,Wednesday,16,04:26 PM,Property Damage,No Injuries,0,0,0,0,0,3,Sideswipe Same Direction,12,N,N,Failing to Yield Right of Way,Failing to Reduce Speed to Avoid Crash,Daylight,Clear,Dry,N,,,,,No Controls,No Controls,N,2,41.8719648,-87.7939846,ok,(UNK),1,2404894,2024,,2,28,50000 and OVER,9,4295,Oak Park,C,Urban Major Collector,,16,21,12757528,8,Cook,0,24,,,3,N,No,Free Flow,202401267170,City,1,6.69000006,N,,,,(UNK),247174,(N/A),(UNK),No Defects,1,1,Major Collector,5,2775,X003525530,Not Toll,73,1,1,Not Divided,1,2942800.02769339,1904800.63796938,41.87195696,-87.79397881,,Urban,1,N,(N/A),Y,(N/A)
2024,2024-08-21,Wednesday,19,07:40 PM,Injury,A Injury Crash,1,0,1,0,0,1,Angle,15,N,N,Driving Skills/Knowledge/Experience,Failing to Yield Right of Way,Daylight,Clear,Dry,Y,,,,,Stop Sign,Functioning Properly,N,2,41.9019871,-87.7765892,ok,(UNK),1,2404897,2024,,15,2,50000 and OVER,9,4295,Oak Park,C,Urban Major Collector,,16,21,12757987,8,Cook,3,24,,,3,N,No,Free Flow,202401267579,City,1,2.5,N,,,,(UNK),247483,(N/A),(UNK),No Defects,1,1,Major Collector,5,1394,X003525942,Not Toll,73,2,4,"Divided, No Median Barrier",2,2947233.19761829,1915872.87594421,41.9019793,-87.77658337,,Urban,1,N,(N/A),Y,(N/A)
2024,2024-08-22,Thursday,10,10:56 AM,Property Damage,No Injuries,0,0,0,0,0,3,Angle,15,N,N,Failing to Yield Right of Way,Driving Skills/Knowledge/Experience,Daylight,Clear,Dry,Y,,,,,Stop Sign,Functioning Properly,N,2,41.8946179,-87.7816319,ok,(UNK),1,2404913,2024,,2,15,50000 and OVER,9,4295,Oak Park,C,Urban Minor Arterial,,16,22,12757991,8,Cook,0,24,,,4,N,No,Free Flow,202401267581,City,1,3.78999996,N,,,,(UNK),247484,(N/A),(UNK),No Defects,1,1,Minor Arterial,4,1398,X003525944,Not Toll,73,2,4,"Divided, No Median Barrier",2,2945935.03719762,1913149.15966263,41.89461008,-87.78162607,,Urban,1,N,(N/A),Y,(N/A)
2024,2024-08-22,Thursday,14,02:30 PM,Property Damage,No Injuries,0,0,0,0,0,2,Sideswipe Same Direction,12,N,N,Failing to Yield Right of Way,Failing to Reduce Speed to Avoid Crash,Daylight,Clear,Dry,N,,,,,No Controls,No Controls,N,3,41.8886608,-87.7956332,ok,(UNK),1,2404918,2024,,2,28,50000 and OVER,9,4295,Oak Park,C,Urban Major Collector,,16,22,12757992,8,Cook,0,24,FENCE,,4,N,Yes,Free Flow,202401267582,City,1,0.28,N,,,,(UNK),247485,(N/A),(UNK),No Defects,1,1,Major Collector,5,1405,X003525945,Not Toll,73,1,1,"Divided, No Median Barrier",2,2942182.81197777,1910872.5489949,41.88865295,-87.79562741,,Urban,1,N,(N/A),Y,(N/A)
2024,2024-08-22,Thursday,9,09:56 AM,Injury,C Injury Crash,1,0,0,0,1,1,Front to Rear,11,N,N,Following Too Closely,Failing to Reduce Speed to Avoid Crash,Daylight,Clear,Dry,N,,,,,Stop Sign,Functioning Properly,N,2,41.8781996,-87.8046664,ok,(UNK),1,2404911,2024,,3,28,50000 and OVER,9,4295,Oak Park,C,Urban Other Principal Arte,,16,22,12757993,8,Cook,1,24,,,4,N,No,Slow,202401267583,City,1,19.78000069,Y,,,,(UNK),247486,(N/A),(UNK),No Defects,1,1,Other Principal Arterial,3,348,X003525946,Not Toll,73,2,4,"Divided, No Median Barrier",2,2939828.0457182,1906992.42195033,41.87819174,-87.80466056,,Urban,1,N,(N/A),Y,(N/A)
2024,2024-08-22,Thursday,15,03:55 PM,Property Damage,No Injuries,0,0,0,0,0,2,Front to Rear,11,N,N,Failing to Reduce Speed to Avoid Crash,Driving Skills/Knowledge/Experience,Daylight,Clear,Dry,N,,,,,Traffic Signal,Functioning Properly,Y,2,41.8815872,-87.7943804,ok,(UNK),1,2404923,2024,,28,15,50000 and OVER,9,4295,Oak Park,C,Urban Major Collector,,16,22,12757994,8,Cook,0,24,,,4,N,No,Stopped,202401267584,City,1,0.54000002,N,,,,(UNK),247487,(N/A),(UNK),No Defects,1,1,Major Collector,5,5,X003525947,Not Toll,73,3,4,Not Divided,1,2942595.26397867,1908304.22076742,41.88157932,-87.79437456,,Urban,1,N,(N/A),Y,(N/A)