crash_year,crash_date,day_of_week,crash_hour,time_of_crash,crash_severity,crash_injury_severity,total_injured,total_fatals,a_injuries,b_injuries,c_injuries,no_injuries,type_of_first_crash,collision_type_code,pedestrian_involved,pedalcyclist_involved,cause1,cause2,lighting_cond,weather_cond,road_surface_cond,intersection_related,is_intersection,highway_or_street_name,at_intersection_with,address_no,traffic_control_device,traffic_control_device_cond,hit_and_run,number_of_vehicles,latitude,longitude,location_status,access_control,agency_code,agency_report_number,agency_report_year,alignment_code,cause1_code,cause2_code,city_class,city_class_code,city_code,city_name,city_township_flag,class_of_trafficway,class_of_trafficway_code,county_code,crash_day,crash_id,crash_month,crash_report_county,crash_severity_cd,crash_yr_source,damaged_property1,damaged_property2,day_of_week_code,did_crash_occur_in_work_zone,did_involve_secondary_crash,flow_condition,icn,investigating_agency_descrip,light_condition_code,mile_station,nhs,non_intersection_direction,non_intersection_distance,non_intersection_units,number_of_lanes,objectid,railroad_crossing_number,road_alignment,road_defects,road_defects_code,road_surface_condition_code,roadway_functional_class,roadway_functional_class_code,route_number,sfe,toll,township,traffic_control_device_code,traffic_control_device_cond_code,trafficway_descrip,trafficway_description_code,ts_crash_coordinate_x,ts_crash_coordinate_y,ts_crash_latitude,ts_crash_longitude,type_report,urban_rural,weather_code,were_workers_present,work_zone,work_zone_related,work_zone_type
2024,2024-08-22,Thursday,15,03:40 PM,Property Damage,No Injuries,0,0,0,0,0,4,Parked Motor Vehicle,9,N,N,Failing to Reduce Speed to Avoid Crash,(N/A),Daylight,Clear,Dry,N,,,,,No Controls,No Controls,N,2,41.88338,-87.7957,ok,(UNK),1,2404922,2024,,28,99,50000 and OVER,9,4295,Oak Park,C,Urban Local Road or Street,,16,22,12758244,8,Cook,0,24,,,4,N,No,Free Flow,202401267810,City,1,0,N,,,,(UNK),247641,(N/A),(UNK),No Defects,1,1,Local Road or Street,7,,X003526170,Not Toll,,1,1,Not Divided,1,2942217.82293253,1908947.62623857,41.88338,-87.7957,,Urban,1,N,(N/A),Y,(N/A)
2024,2024-08-22,Thursday,20,08:37 PM,Injury,B Injury Crash,1,0,0,1,0,1,Pedestrian,1,Y,N,Unable to Determine,Unable to Determine,Darkness / Lighted Road,Clear,Dry,N,,,,,No Controls,No Controls,N,1,41.88715,-87.80238,ok,(UNK),1,2404927,2024,,18,18,50000 and OVER,9,4295,Oak Park,C,Urban Major Collector,,16,22,12758249,8,Cook,2,24,,,4,N,No,Slow,202401267814,City,5,0,N,,,,(UNK),247643,(N/A),(UNK),No Defects,1,1,Major Collector,5,,X003526174,Not Toll,,1,1,Parking Lot,7,2940360.82161656,1910271.26865441,41.88715,-87.80238,,Urban,1,N,(N/A),Y,(N/A)
2024,2024-08-21,Wednesday,14,02:41 PM,Property Damage,No Injuries,0,0,0,0,0,2,Turning,10,N,N,Improper Turning/No Signal,Following Too Closely,Daylight,Clear,Dry,Y,,,,,Traffic Signal,Functioning Properly,N,2,41.8796678,-87.8047358,ok,(UNK),1,2404944,2024,,6,3,50000 and OVER,9,4295,Oak Park,C,Urban Other Principal Arte,,16,21,12759113,8,Cook,0,24,,,3,N,No,Slow,202401268628,City,1,19.68000031,Y,,,,(UNK),248220,(N/A),(UNK),No Defects,1,1,Other Principal Arterial,3,348,X003526977,Not Toll,73,3,4,Not Divided,1,2939794.40035762,1907526.95235192,41.87965998,-87.80473,,Urban,1,N,(N/A),Y,(N/A)
2024,2024-08-23,Friday,18,06:29 PM,Property Damage,No Injuries,0,0,0,0,0,3,Sideswipe Opposite Direction,13,N,N,Failing to Yield Right of Way,Failing to Reduce Speed to Avoid Crash,Daylight,Clear,Dry,N,,,,,No Controls,No Controls,Y,2,41.8884674,-87.7895771,ok,(UNK),1,2404948,2024,,2,28,50000 and OVER,9,4295,Oak Park,C,Urban Major Collector,,16,23,12759114,8,Cook,0,24,,,5,N,No,Slow,202401268629,City,1,0,N,,,,(UNK),248221,(N/A),(UNK),No Defects,1,1,Major Collector,5,2779,X003526978,Not Toll,73,1,1,"Divided, No Median Barrier",2,2943833.87199054,1910847.71759702,41.88845954,-87.78957125,,Urban,1,N,(N/A),Y,(N/A)
2024,2024-08-22,Thursday,13,01:37 PM,Property Damage,No Injuries,0,0,0,0,0,4,Turning,10,N,N,Failing to Yield Right of Way,Driving On Wrong Side/Wrong Way,Daylight,Clear,Dry,N,,,,,No Controls,No Controls,N,2,41.9085785,-87.8057714,ok,(UNK),1,2401029,2024,,2,5,50000 and OVER,9,4295,Oak Park,C,Urban Other Principal Arte,,16,22,12759115,8,Cook,0,24,,,4,N,No,Free Flow,202401268630,City,1,17.67000008,Y,,,,(UNK),248222,(N/A),(UNK),No Defects,1,1,Other Principal Arterial,3,348,X003526979,Not Toll,73,1,1,"Divided, No Median Barrier",2,2939222.31684174,1918054.79401965,41.90857069,-87.80576557,,Urban,1,N,(N/A),Y,(N/A)
2024,2024-08-22,Thursday,13,01:03 PM,Property Damage,No Injuries,0,0,0,0,0,2,Front to Rear,11,N,N,Following Too Closely,Driving Skills/Knowledge/Experience,Daylight,Clear,Dry,N,,,,,Other Warning Sign,Functioning Properly,N,2,41.8712423,-87.7790553,ok,Partial Access Control,3,03-24-15851,2024,,3,15,50000 and OVER,9,4295,Oak Park,C,Urban InterState,,16,22,12759227,8,Cook,0,24,,,4,N,No,(UNK),202401268737,ISP,1,8.97000027,Y,,,,(UNK),248290,(N/A),(UNK),No Defects,1,1,InterState,1,290,X003527086,Not Toll,73,11,4,Divided With Median Barrier,3,2946873.70971469,1904650.15827772,41.87123445,-87.7790495,,Urban,1,N,(N/A),Y,(N/A)
2024,2024-08-24,Saturday,5,05:38 AM,Injury,B Injury Crash,6,0,0,4,2,0,Turning,10,N,N,Failing to Yield Right of Way,Driving Skills/Knowledge/Experience,Dawn,Clear,Dry,Y,,,,,Traffic Signal,Functioning Properly,N,2,41.8796699,-87.8047358,ok,(UNK),1,24-02778,2024,,2,15,50000 and OVER,9,4295,Oak Park,C,Urban Other Principal Arte,,16,24,12760310,8,Cook,2,24,,,6,N,No,Free Flow,202401269744,City,2,19.68000031,Y,,,,(UNK),249035,(N/A),(UNK),No Defects,1,1,Other Principal Arterial,3,348,X003528093,Not Toll,73,3,4,Four Way,14,2939794.37193052,1907527.70765749,41.87966205,-87.80473003,,Urban,1,N,(N/A),Y,(N/A)
2024,2024-08-19,Monday,8,08:15 AM,Property Damage,No Injuries,0,0,0,0,0,1,Parked Motor Vehicle,9,N,N,Failing to Reduce Speed to Avoid Crash,(N/A),Daylight,Clear,Unknown,N,,,,,No Controls,No Controls,Y,2,41.88003,-87.77789,ok,(UNK),1,2404939,2024,,28,99,50000 and OVER,9,4295,Oak Park,C,Urban Minor Arterial,,16,19,12761310,8,Cook,0,24,,,1,N,No,Free Flow,202401270691,City,1,0,N,,,,(UNK),249710,(N/A),(UNK),No Defects,1,9,Minor Arterial,4,,X003528926,Not Toll,,1,1,"Divided, No Median Barrier",2,2947101.93219359,1907861.39707369,41.88003,-87.77789,,Urban,1,N,(N/A),Y,(N/A)
2024,2024-08-23,Friday,15,03:27 PM,Property Damage,No Injuries,0,0,0,0,0,3,Front to Rear,11,N,N,Failing to Reduce Speed to Avoid Crash,Unable to Determine,Daylight,Clear,Dry,N,,,,,No Controls,No Controls,N,2,41.88328,-87.79433,ok,(UNK),1,2404945,2024,,28,18,50000 and OVER,9,4295,Oak Park,C,Urban Major Collector,,16,23,12761552,8,Cook,0,24,,,5,N,No,Slow,202401270910,City,1,5.9000001,N,,,,(UNK),249876,(N/A),(UNK),No Defects,1,1,Major Collector,5,2775,X003529146,Not Toll,,1,1,Not Divided,1,2942591.91603238,1908921.5004318,41.88328,-87.79433,,Urban,1,N,(N/A),Y,(N/A)
2024,2024-08-23,Friday,15,03:45 PM,Injury,B Injury Crash,2,0,0,2,0,0,Angle,15,N,N,Failing to Yield Right of Way,(N/A),Daylight,Clear,Dry,Y,,,,,Stop Sign,Functioning Properly,N,2,41.8981,-87.78989,ok,(UNK),1,2404946,2024,,2,99,50000 and OVER,9,4295,Oak Park,C,Urban Local Road or Street,,16,23,12761561,8,Cook,2,24,,,5,N,No,Slow,202401270918,City,1,0,N,,,,(UNK),249882,(N/A),(UNK),No Defects,1,1,Local Road or Street,7,,X003529154,Not Toll,,2,4,Four Way,14,2943651.36416576,1914355.6633722,41.8981,-87.78989,,Urban,1,N,(N/A),Y,(N/A)
2024,2024-08-23,Friday,17,05:44 PM,Property Damage,No Injuries,0,0,0,0,0,4,Sideswipe Same Direction,12,N,N,Disregarding Other Traffic Signs,Failing to Reduce Speed to Avoid Crash,Daylight,Clear,Dry,N,,,,,Traffic Signal,Functioning Properly,N,2,41.8885677,-87.8050317,ok,(UNK),1,2404947,2024,,24,28,50000 and OVER,9,4295,Oak Park,C,Urban Other Principal Arte,,16,23,12761564,8,Cook,0,24,,,5,N,No,Slow,202401270921,City,1,19.05999947,Y,,,,(UNK),249883,(N/A),(UNK),No Defects,1,1,Other Principal Arterial,3,348,X003529157,Not Toll,73,3,4,Not Divided,1,2939624.52511455,1910768.02337289,41.88855989,-87.80502586,,Urban,1,N,(N/A),Y,(N/A)
2024,2024-08-23,Friday,17,05:48 PM,Property Damage,No Injuries,0,0,0,0,0,2,Angle,15,N,N,Failing to Reduce Speed to Avoid Crash,Improper Overtaking/Passing,Daylight,Clear,Dry,N,,,,,Traffic Signal,Functioning Properly,Y,2,41.88862,-87.79456,ok,(UNK),1,2404951,2024,,28,4,50000 and OVER,9,4295,Oak Park,C,Urban Major Collector,,16,23,12761565,8,Cook,0,24,,,5,N,No,Stopped,202401270922,City,1,0,N,,,,(UNK),249884,(N/A),(UNK),No Defects,1,1,Major Collector,5,,X003529158,Not Toll,,3,4,Not Divided,1,2942475.4601898,1910865.76330234,41.88862,-87.79456,,Urban,1,N,(N/A),Y,(N/A)
2024,2024-08-23,Friday,21,09:40 PM,Property Damage,No Injuries,0,0,0,0,0,3,Sideswipe Same Direction,12,N,N,Failing to Yield Right of Way,(N/A),Darkness / Lighted Road,Clear,Dry,Y,,,,,Traffic Signal,Functioning Properly,N,2,41.8736416,-87.8045257,ok,Partial Access Control,1,2404953,2024,,2,99,50000 and OVER,9,4295,Oak Park,C,Urban InterState,,16,23,12761570,8,Cook,0,24,,,5,N,No,Slow,202401270927,City,5,0.23999999,Y,,,,(UNK),249887,(N/A),(UNK),No Defects,1,1,InterState,1,290,X003529163,Not Toll,73,3,4,"Divided, No Median Barrier",2,2939912.09276542,1905332.46584557,41.87363376,-87.80451989,,Urban,1,N,(N/A),Y,(N/A)
2024,2024-08-24,Saturday,10,10:47 AM,Injury,B Injury Crash,1,0,0,1,0,2,Parked Motor Vehicle,9,N,N,Unable to Determine,Improper Lane Usage,Daylight,Clear,Dry,N,,,,,No Controls,No Controls,N,3,41.89439,-87.79472,ok,(UNK),1,2404958,2024,,18,20,50000 and OVER,9,4295,Oak Park,C,Urban Minor Arterial,,16,24,12761574,8,Cook,2,24,,,6,N,Yes,Free Flow,202401270931,City,1,0,N,,,,(UNK),249888,(N/A),(UNK),No Defects,1,1,Minor Arterial,4,,X003529167,Not Toll,,1,1,"Divided, No Median Barrier",2,2942373.73445311,1912967.25512267,41.89439,-87.79472,,Urban,1,N,(N/A),Y,(N/A)
2024,2024-08-24,Saturday,14,02:16 PM,Property Damage,No Injuries,0,0,0,0,0,4,Turning,10,N,N,Failing to Yield Right of Way,(N/A),Daylight,Clear,Dry,Y,,,,,Stop Sign,Functioning Properly,N,2,41.88813,-87.77981,ok,(UNK),1,2404962,2024,,2,99,50000 and OVER,9,4295,Oak Park,C,Urban Major Collector,,16,24,12761587,8,Cook,0,24,,,6,N,No,Free Flow,202401270943,City,1,0,N,,,,(UNK),249896,(N/A),(UNK),No Defects,1,1,Major Collector,5,3794,X003529179,Not Toll,,2,4,Four Way,14,2946496.89635405,1910798.63417603,41.88813,-87.77981,,Urban,1,N,(N/A),Y,(N/A)
2024,2024-08-24,Saturday,16,04:44 PM,Property Damage,No Injuries,0,0,0,0,0,2,Sideswipe Same Direction,12,N,N,Improper Lane Usage,(N/A),Daylight,Clear,Dry,N,,,,,No Controls,No Controls,Y,2,41.86694,-87.79381,ok,(UNK),1,2404972,2024,,20,99,50000 and OVER,9,4295,Oak Park,C,Urban Major Collector,,16,24,12761610,8,Cook,0,24,,,6,N,No,Free Flow,202401270963,City,1,7.03999996,N,,,,(UNK),249909,(N/A),(UNK),No Defects,1,1,Major Collector,5,2775,X003529200,Not Toll,,1,1,Not Divided,1,2942898.23060275,1902970.82709374,41.86694,-87.79381,,Urban,1,N,(N/A),Y,(N/A)
2024,2024-08-20,Tuesday,8,08:23 AM,Property Damage,No Injuries,0,0,0,0,0,2,Front to Rear,11,N,N,Driving Skills/Knowledge/Experience,Improper Overtaking/Passing,Daylight,Clear,Dry,N,,,,,Other,Other,N,2,41.8737712,-87.8044203,ok,Partial Access Control,3,03-24-15687,2024,,15,4,50000 and OVER,9,4295,Oak Park,C,Urban InterState,,16,20,12761707,8,Cook,0,24,,,2,N,No,(UNK),202401271057,ISP,1,7.71000004,Y,,,,(UNK),249979,(N/A),(UNK),No Defects,1,1,InterState,1,290,X003529293,Not Toll,73,13,7,Divided With Median Barrier,3,2939939.5,1905380.5,41.8737634,-87.80441449,,Urban,1,N,(N/A),Y,(N/A)
2024,2024-08-26,Monday,7,07:19 AM,Injury,B Injury Crash,2,0,0,2,0,0,Turning,10,N,N,Failing to Yield Right of Way,Improper Lane Usage,Daylight,Clear,Dry,Y,,,,,No Controls,No Controls,N,2,41.88001,-87.7758823,ok,(UNK),1,2404996,2024,,2,20,50000 and OVER,9,4295,Oak Park,C,Urban Minor Arterial,,16,26,12762449,8,Cook,2,24,,,1,N,No,Free Flow,202401271758,City,1,4.55999994,N,,,,(UNK),250482,(N/A),(UNK),No Defects,1,1,Minor Arterial,4,1419,X003529991,Not Toll,73,1,1,Divided With Median Barrier,3,2947648.90181181,1907869.34492525,41.88000216,-87.77587654,,Urban,1,N,(N/A),Y,(N/A)
2024,2024-05-17,Friday,18,06:20 PM,Property Damage,No Injuries,0,0,0,0,0,2,Sideswipe Same Direction,12,N,N,Improper Lane Usage,Failing to Reduce Speed to Avoid Crash,Daylight,Clear,Dry,N,,,,,No Controls,No Controls,Y,2,41.9092379,-87.7769822,ok,(UNK),1,2402740,2024,,20,28,50000 and OVER,9,4295,Oak Park,C,Urban Other Principal Arte,,16,17,12762451,5,Cook,0,24,,,5,N,No,Free Flow,202401271760,City,1,7.40999985,Y,,,,(UNK),250483,(N/A),(UNK),No Defects,1,1,Other Principal Arterial,3,307,X003529993,Not Toll,73,1,1,"Divided, No Median Barrier",2,2947052.55816785,1918512.19531955,41.90923,-87.77697636,,Urban,1,N,(N/A),Y,(N/A)
2024,2024-08-24,Saturday,15,03:14 PM,Property Damage,No Injuries,0,0,0,0,0,2,Front to Rear,11,N,N,Failing to Reduce Speed to Avoid Crash,Driving Skills/Knowledge/Experience,Daylight,Clear,Dry,Y,,,,,Traffic Signal,Functioning Properly,N,2,41.8942278,-87.8052254,ok,(UNK),1,2401046,2024,,28,15,50000 and OVER,9,4295,Oak Park,C,Urban Other Principal Arte,,16,24,12762458,8,Cook,0,24,,,6,N,No,Stopped,202401271763,City,1,18.67000008,Y,,,,(UNK),250485,(N/A),(UNK),No Defects,1,1,Other Principal Arterial,3,348,X003529996,Not Toll,73,3,4,"Divided, No Median Barrier",2,2939514.97022463,1912829.22036554,41.89422,-87.80521961,,Urban,1,N,(N/A),Y,(N/A)
2024,2024-08-23,Friday,15,03:00 PM,Property Damage,No Injuries,0,0,0,0,0,2,Sideswipe Same Direction,12,N,N,Improper Lane Usage,Driving Skills/Knowledge/Experience,Daylight,Clear,Dry,N,,,,,No Controls,No Controls,N,2,41.8727007,-87.796198,ok,Partial Access Control,3,03-24-16109,2024,,20,15,50000 and OVER,9,4295,Oak Park,C,Urban InterState,,16,23,12762729,8,Cook,0,24,,,5,N,No,(UNK),202401272076,ISP,1,8.07999992,Y,,,,(UNK),250627,(N/A),(UNK),No Defects,1,1,InterState,1,290,X003530230,Not Toll,73,1,1,Divided With Median Barrier,3,2942189.73742264,1905052.14985191,41.87269286,-87.79619224,,Urban,1,N,(N/A),Y,(N/A)
2024,2024-08-25,Sunday,17,05:10 PM,Property Damage,No Injuries,0,0,0,0,0,2,Front to Rear,11,N,N,Following Too Closely,Failing to Reduce Speed to Avoid Crash,Daylight,Clear,Dry,N,,,,,Other,Functioning Properly,N,2,41.8731286,-87.7982491,ok,Partial Access Control,3,03-24-16066,2024,,3,28,50000 and OVER,9,4295,Oak Park,C,Urban InterState,,16,25,12763603,8,Cook,0,24,,,7,N,No,(UNK),202401273099,ISP,1,7.98999977,Y,,,,(UNK),251215,(N/A),(UNK),No Defects,1,1,InterState,1,290,X003531054,Not Toll,73,13,4,Divided With Median Barrier,3,2941626.78197607,1905192.65736654,41.87312077,-87.79824331,,Urban,1,N,(N/A),Y,(N/A)
2024,2024-08-27,Tuesday,15,03:29 PM,Property Damage,No Injuries,0,0,0,0,0,1,Parked Motor Vehicle,9,N,N,Failing to Reduce Speed to Avoid Crash,(N/A),Daylight,Clear,Dry,N,,,,,No Controls,No Controls,Y,2,41.898246,-87.7831942,ok,(UNK),1,2405031,2024,,28,99,50000 and OVER,9,4295,Oak Park,C,Urban Local Road or Street,,16,27,12763954,8,Cook,0,24,,,2,N,No,Free Flow,202401273436,City,1,0,N,,,,(UNK),251441,(N/A),(UNK),No Defects,1,1,Local Road or Street,7,,X003531369,Not Toll,73,1,1,"Divided, No Median Barrier",2,2945472.89424295,1914459.46344146,41.89823813,-87.78318843,,Urban,1,N,(N/A),Y,(N/A)
2024,2024-08-18,Sunday,15,03:43 PM,Property Damage,No Injuries,0,0,0,0,0,2,Front to Rear,11,N,N,Improper Backing,Improper Lane Usage,Daylight,Clear,Dry,N,,,,,Other,Functioning Properly,Y,2,41.8736111,-87.8026475,ok,Partial Access Control,3,03-24-15592,2024,,30,20,50000 and OVER,9,4295,Oak Park,C,Urban InterState,,16,18,12764409,8,Cook,0,24,,,7,N,No,(UNK),202401274008,ISP,1,7.78000021,Y,,,,(UNK),251742,(N/A),(UNK),Shoulders,6,1,InterState,1,290,X003531793,Not Toll,73,13,4,Divided With Median Barrier,3,2940423.94385733,1905335.44385733,41.87360326,-87.80264174,,Urban,1,N,(N/A),N,(N/A)
2024,2024-08-23,Friday,18,06:10 PM,Property Damage,No Injuries,0,0,0,0,0,1,Fixed Object,6,N,N,Driving Skills/Knowledge/Experience,Failing to Reduce Speed to Avoid Crash,Daylight,Clear,Dry,N,,,,,Traffic Signal,Functioning Properly,N,1,41.8716568,-87.780928,ok,Partial Access Control,3,03-24-15943,2024,,15,28,50000 and OVER,9,4295,Oak Park,C,Urban InterState,,16,23,12764726,8,Cook,0,24,,,5,N,No,(UNK),202401274407,ISP,1,0.16,Y,,,,(UNK),251936,(N/A),(UNK),No Defects,1,1,InterState,1,290,X003532081,Not Toll,73,3,4,Ramp,11,2946359.43729451,1904787.03859809,41.871649,-87.78092216,,Urban,1,N,(N/A),Y,(N/A)
2024,2024-08-18,Sunday,17,05:22 PM,Injury,C Injury Crash,1,0,0,0,1,0,Fixed Object,6,N,N,Under Influence of Alcohol/Drugs,Physical Condition of Driver,Daylight,Clear,Dry,N,,,,,No Controls,No Controls,N,1,41.87609,-87.79291,ok,(UNK),1,2404797,2024,,8,17,50000 and OVER,9,4295,Oak Park,C,Urban Local Road or Street,,16,18,12765287,8,Cook,1,24,TREE,,7,N,No,Free Flow,202401274943,City,1,0,N,,,,(UNK),252310,(N/A),(UNK),No Defects,1,1,Local Road or Street,7,,X003532607,Not Toll,,1,1,"Divided, No Median Barrier",2,2943051.12652185,1906312.03176021,41.87609,-87.79291,,Urban,1,N,(N/A),Y,(N/A)
2024,2024-08-27,Tuesday,12,12:59 PM,Property Damage,No Injuries,0,0,0,0,0,2,Sideswipe Same Direction,12,N,N,Failing to Reduce Speed to Avoid Crash,(N/A),Daylight,Clear,Dry,N,,,,,No Controls,No Controls,N,2,41.89987,-87.7851,ok,(UNK),1,2405027,2024,,28,99,50000 and OVER,9,4295,Oak Park,C,Urban Major Collector,,16,27,12765288,8,Cook,0,24,,,2,N,No,Free Flow,202401274944,City,1,0,N,,,,(UNK),252311,(N/A),(UNK),No Defects,1,1,Major Collector,5,,X003532608,Not Toll,,1,1,"Divided, No Median Barrier",2,2944937.5860336,1915036.87098706,41.89987,-87.7851,,Urban,1,N,(N/A),Y,(N/A)
2024,2024-08-27,Tuesday,15,03:16 PM,Injury,B Injury Crash,1,0,0,1,0,3,Front to Rear,11,N,N,Equipment-Vehicle Condition,Failing to Reduce Speed to Avoid Crash,Daylight,Clear,Dry,Y,,,,,Traffic Signal,Functioning Properly,N,2,41.87631,-87.78184,ok,(UNK),1,2405030,2024,,10,28,50000 and OVER,9,4295,Oak Park,C,Urban Local Road or Street,,16,27,12765290,8,Cook,2,24,,,2,N,No,Stopped,202401274946,City,1,0,N,,,,(UNK),252312,(N/A),(UNK),No Defects,1,1,Local Road or Street,7,,X003532610,Not Toll,,3,4,"Divided, No Median Barrier",2,2946063.87993897,1906475.82694855,41.87631,-87.78184,,Urban,1,N,(N/A),Y,(N/A)
2024,2024-08-28,Wednesday,16,04:06 PM,Property Damage,No Injuries,0,0,0,0,0,1,Parked Motor Vehicle,9,N,N,Failing to Reduce Speed to Avoid Crash,(N/A),Daylight,Clear,Dry,N,,,,,No Controls,No Controls,N,2,41.8832654,-87.8023905,ok,(UNK),1,2405059,2024,,28,99,50000 and OVER,9,4295,Oak Park,C,Urban Local Road or Street,,16,28,12765291,8,Cook,0,24,,,3,N,No,Slow,202401274948,City,1,0,N,,,,(UNK),252313,(N/A),(UNK),No Defects,1,1,Local Road or Street,7,,X003532611,Not Toll,73,1,1,Not Divided,1,2940396.98498518,1908855.5805469,41.88325758,-87.8023847,,Urban,1,N,(N/A),Y,(N/A)
2024,2024-08-24,Saturday,10,10:22 AM,Injury,B Injury Crash,1,0,0,1,0,1,Turning,10,N,N,Failing to Yield Right of Way,(N/A),Daylight,Clear,Dry,Y,,,,,Traffic Signal,Functioning Properly,N,2,41.8869847,-87.7846457,ok,(UNK),1,2404957,2024,,2,99,50000 and OVER,9,4295,Oak Park,C,Urban Major Collector,,16,24,12766782,8,Cook,2,24,,,6,N,No,Free Flow,202401276428,City,1,1.02999997,N,,,,(UNK),253330,(N/A),(UNK),No Defects,1,1,Major Collector,5,2783,X003533854,Not Toll,73,3,4,Not Divided,1,2945191.69236675,1910344.66812682,41.88697689,-87.78463994,,Urban,1,N,(N/A),Y,(N/A)
2024,2024-08-23,Friday,9,09:57 AM,Property Damage,No Injuries,0,0,0,0,0,2,Sideswipe Same Direction,12,N,N,Failing to Reduce Speed to Avoid Crash,Unable to Determine,Daylight,Clear,Dry,N,,,,,Traffic Signal,Functioning Properly,N,2,41.8816579,-87.7943358,ok,(UNK),1,2404937,2024,,28,18,50000 and OVER,9,4295,Oak Park,C,Urban Major Collector,,16,23,12766785,8,Cook,0,24,,,5,N,No,Slow,202401276431,City,1,6.01999998,N,,,,(UNK),253331,(N/A),(UNK),No Defects,1,1,Major Collector,5,2775,X003533857,Not Toll,73,3,4,Not Divided,1,2942606.68635575,1908330.31642306,41.88165001,-87.79433,,Urban,1,N,(N/A),Y,(N/A)
2024,2024-08-04,Sunday,15,03:28 PM,Property Damage,No Injuries,0,0,0,0,0,2,Angle,15,N,N,Improper Turning/No Signal,Failing to Reduce Speed to Avoid Crash,Daylight,Clear,Dry,Y,,,,,No Controls,No Controls,N,2,41.8922093,-87.8051633,ok,(UNK),1,2400935,2024,,6,28,50000 and OVER,9,4295,Oak Park,C,Urban Other Principal Arte,,16,4,12766787,8,Cook,0,24,,,7,N,No,Free Flow,202401276434,City,1,18.80999947,Y,,,,(UNK),253332,(N/A),(UNK),Unknown,99,1,Other Principal Arterial,3,348,X003533859,Not Toll,73,1,1,"Divided, No Median Barrier",2,2939552.14475444,1912094.08467389,41.89220144,-87.80515747,,Urban,1,N,(N/A),N,(N/A)
2024,2024-08-30,Friday,4,04:05 AM,Injury,B Injury Crash,1,0,0,1,0,1,Angle,15,N,N,Disregarding Traffic Signals,Failing to Reduce Speed to Avoid Crash,Darkness,Clear,Dry,N,,,,,Traffic Signal,Functioning Properly,N,2,41.9087946,-87.8057831,ok,(UNK),1,JH407819,2024,,25,28,50000 and OVER,9,4295,Oak Park,C,Urban Other Principal Arte,,16,30,12766824,8,Cook,2,24,,,5,N,No,Free Flow,202401276477,City,4,5.92000008,Y,,,,(UNK),253359,(N/A),(UNK),Unknown,99,1,Other Principal Arterial,3,307,X003533896,Not Toll,73,3,4,Four Way,14,2939216.96128257,1918133.4259169,41.90878671,-87.80577728,,Urban,1,N,(N/A),N,(N/A)
2024,2024-08-28,Wednesday,12,12:25 PM,Property Damage,No Injuries,0,0,0,0,0,2,Front to Rear,11,N,N,Following Too Closely,Driving Skills/Knowledge/Experience,Daylight,Clear,Dry,N,,,,,Other Regualtory Sig,Functioning Properly,N,2,41.8737097,-87.8037989,ok,Partial Access Control,3,03-24-16820,2024,,3,15,50000 and OVER,9,4295,Oak Park,C,Urban InterState,,16,28,12766856,8,Cook,0,24,,,3,N,No,(UNK),202401276510,ISP,1,7.73000002,Y,,,,(UNK),253386,(N/A),(UNK),No Defects,1,1,InterState,1,290,X003533926,Not Toll,73,10,4,Divided With Median Barrier,3,2940109.34929898,1905362.73752127,41.87370187,-87.80379315,,Urban,1,N,(N/A),Y,(N/A)
2024,2024-08-28,Wednesday,9,09:40 AM,Property Damage,No Injuries,0,0,0,0,0,2,Front to Rear,11,N,N,Following Too Closely,Driving Skills/Knowledge/Experience,Daylight,Clear,Dry,N,,,,,Other Regualtory Sig,Functioning Properly,N,2,41.8723384,-87.7887189,ok,Partial Access Control,3,03-24-16266,2024,,3,15,50000 and OVER,9,4295,Oak Park,C,Urban InterState,,16,28,12766913,8,Cook,0,24,,,3,N,No,(UNK),202401276599,ISP,1,8.47000027,Y,,,,(UNK),253426,(N/A),(UNK),No Defects,1,1,InterState,1,290,X003533981,Not Toll,73,10,4,Divided With Median Barrier,3,2944230.5,1904976.5,41.87233057,-87.78871308,,Urban,1,N,(N/A),Y,(N/A)
2024,2024-08-29,Thursday,17,05:02 PM,Property Damage,No Injuries,0,0,0,0,0,2,Front to Rear,11,N,N,Following Too Closely,Unable to Determine,Daylight,Clear,Dry,N,,,,,Stop Sign,Functioning Properly,N,2,41.8871865,-87.8024512,ok,(UNK),1,2405083,2024,,3,18,50000 and OVER,9,4295,Oak Park,C,Urban Major Collector,,16,29,12767966,8,Cook,0,24,,,4,N,No,Slow,202401277792,City,1,0.12,N,,,,(UNK),254118,(N/A),(UNK),No Defects,1,1,Major Collector,5,1405,X003534969,Not Toll,73,2,4,Not Divided,1,2940341.07445772,1910284.03652702,41.88717866,-87.80244537,,Urban,1,N,(N/A),Y,(N/A)
2024,2024-08-29,Thursday,21,09:43 PM,Injury,B Injury Crash,1,0,0,1,0,1,Pedalcyclist,2,N,Y,(N/A),(N/A),Daylight,Clear,Dry,N,,,,,Traffic Signal,Functioning Properly,Y,1,41.9091779,-87.781909,ok,(UNK),1,2405087,2024,,99,99,50000 and OVER,9,4295,Oak Park,C,Urban Other Principal Arte,,16,29,12767967,8,Cook,2,24,,,4,N,No,Free Flow,202401277793,City,1,7.1500001,Y,,,,(UNK),254119,(N/A),(UNK),No Defects,1,1,Other Principal Arterial,3,307,X003534970,Not Toll,73,3,4,"Divided, No Median Barrier",2,2945711.99720649,1918452.98631722,41.90917001,-87.78190323,,Urban,1,N,(N/A),Y,(N/A)