crash_year,crash_date,day_of_week,crash_hour,time_of_crash,crash_severity,crash_injury_severity,total_injured,total_fatals,a_injuries,b_injuries,c_injuries,no_injuries,type_of_first_crash,collision_type_code,pedestrian_involved,pedalcyclist_involved,cause1,cause2,lighting_cond,weather_cond,road_surface_cond,intersection_related,is_intersection,highway_or_street_name,at_intersection_with,address_no,traffic_control_device,traffic_control_device_cond,hit_and_run,number_of_vehicles,latitude,longitude,location_status,access_control,agency_code,agency_report_number,agency_report_year,alignment_code,cause1_code,cause2_code,city_class,city_class_code,city_code,city_name,city_township_flag,class_of_trafficway,class_of_trafficway_code,county_code,crash_day,crash_id,crash_month,crash_report_county,crash_severity_cd,crash_yr_source,damaged_property1,damaged_property2,day_of_week_code,did_crash_occur_in_work_zone,did_involve_secondary_crash,flow_condition,icn,investigating_agency_descrip,light_condition_code,mile_station,nhs,non_intersection_direction,non_intersection_distance,non_intersection_units,number_of_lanes,objectid,railroad_crossing_number,road_alignment,road_defects,road_defects_code,road_surface_condition_code,roadway_functional_class,roadway_functional_class_code,route_number,sfe,toll,township,traffic_control_device_code,traffic_control_device_cond_code,trafficway_descrip,trafficway_description_code,ts_crash_coordinate_x,ts_crash_coordinate_y,ts_crash_latitude,ts_crash_longitude,type_report,urban_rural,weather_code,were_workers_present,work_zone,work_zone_related,work_zone_type
2024,2024-08-29,Thursday,16,04:12 PM,Property Damage,No Injuries,0,0,0,0,0,2,Turning,10,N,N,Improper Lane Usage,Failing to Reduce Speed to Avoid Crash,Daylight,Clear,Dry,Y,,,,,No Controls,No Controls,Y,2,41.8815779,-87.792647,ok,(UNK),1,2405082,2024,,20,28,50000 and OVER,9,4295,Oak Park,C,Urban Major Collector,,16,29,12767969,8,Cook,0,24,,,4,N,No,Free Flow,202401277795,City,1,0.63,N,,,,(UNK),254120,(N/A),(UNK),No Defects,1,1,Major Collector,5,5,X003534972,Not Toll,73,1,1,Not Divided,1,2943067.41308811,1908313.90892409,41.88157007,-87.79264118,,Urban,1,N,(N/A),Y,(N/A)
2024,2024-08-31,Saturday,7,07:40 AM,Property Damage,No Injuries,0,0,0,0,0,2,Parked Motor Vehicle,9,N,N,Unable to Determine,Unable to Determine,Daylight,Clear,Dry,N,,,,,No Controls,No Controls,Y,2,41.9089258,-87.800012,ok,(UNK),1,JH409369,2024,,18,18,50000 and OVER,9,4295,Oak Park,C,Urban Other Principal Arte,,16,31,12768100,8,Cook,0,24,,,6,N,No,Free Flow,202401277920,City,1,6.21999979,Y,,,,(UNK),254216,(N/A),(UNK),No Defects,1,1,Other Principal Arterial,3,307,X003535096,Not Toll,73,1,1,Not Divided,1,2940786.62879584,1918224.5849643,41.90891799,-87.80000619,,Urban,1,N,(N/A),Y,(N/A)
2024,2024-08-28,Wednesday,8,08:00 AM,Property Damage,No Injuries,0,0,0,0,0,2,Front to Rear,11,N,N,Unable to Determine,Unable to Determine,Daylight,Unknown,Unknown,Y,,,,,Stop Sign,Functioning Properly,N,2,41.9090435,-87.7971929,ok,(UNK),1,JH410199,2024,,18,18,50000 and OVER,9,4295,Oak Park,C,Urban Other Principal Arte,,16,28,12768692,8,Cook,0,24,,,3,N,No,Slow,202401278492,City,1,6.36999989,Y,,,,(UNK),254651,(N/A),(UNK),Unknown,99,9,Other Principal Arterial,3,307,X003535672,Not Toll,73,2,4,One-Way,10,2941552.84791232,1918288.66136378,41.90903566,-87.79718709,,Urban,9,N,(N/A),N,(N/A)
2024,2024-08-20,Tuesday,14,02:59 PM,Property Damage,No Injuries,0,0,0,0,0,3,Front to Rear,11,N,N,Following Too Closely,Failing to Reduce Speed to Avoid Crash,Daylight,Clear,Dry,N,,,,,Other Regualtory Sig,Functioning Properly,Y,3,41.8736119,-87.8026477,ok,Partial Access Control,3,03-24-15723,2024,,3,28,50000 and OVER,9,4295,Oak Park,C,Urban InterState,,16,20,12770433,8,Cook,0,24,,,2,N,No,(UNK),202401280260,ISP,1,7.78999996,Y,,,,(UNK),255877,(N/A),(UNK),No Defects,1,1,InterState,1,290,X003537348,Not Toll,73,10,4,Divided With Median Barrier,3,2940423.90573683,1905335.72968963,41.87360405,-87.80264185,,Urban,1,N,(N/A),Y,(N/A)
2024,2024-08-21,Wednesday,13,01:20 PM,Property Damage,No Injuries,0,0,0,0,0,2,Front to Rear,11,N,N,Failing to Reduce Speed to Avoid Crash,Following Too Closely,Daylight,Clear,Dry,N,,,,,Other Regualtory Sig,Functioning Properly,N,2,41.8736578,-87.8031794,ok,Partial Access Control,3,03-24-15779,2024,,28,3,50000 and OVER,9,4295,Oak Park,C,Urban InterState,,16,21,12770474,8,Cook,0,24,,,3,N,No,(UNK),202401280305,ISP,1,7.76000023,Y,,,,(UNK),255912,(N/A),(UNK),No Defects,1,1,InterState,1,290,X003537389,Not Toll,73,10,4,Divided With Median Barrier,3,2940278.60059445,1905348.46545575,41.87364995,-87.80317365,,Urban,1,N,(N/A),Y,(N/A)
2024,2024-08-31,Saturday,11,11:13 AM,Property Damage,No Injuries,0,0,0,0,0,2,Sideswipe Same Direction,12,N,N,Improper Turning/No Signal,Failing to Reduce Speed to Avoid Crash,Daylight,Clear,Dry,N,,,,,No Controls,No Controls,N,2,41.8911573,-87.8051289,ok,(UNK),1,24-02863,2024,,6,28,50000 and OVER,9,4295,Oak Park,C,Urban Other Principal Arte,,16,31,12771032,8,Cook,0,24,,,6,N,No,Free Flow,202401280943,City,1,18.87999916,Y,,,,(UNK),256262,(N/A),(UNK),No Defects,1,1,Other Principal Arterial,3,348,X003537906,Not Toll,73,1,1,"Divided, No Median Barrier",2,2939572.06194902,1911710.96559761,41.89114942,-87.80512309,,Urban,1,N,(N/A),Y,(N/A)
2024,2024-08-31,Saturday,19,07:47 PM,Property Damage,No Injuries,0,0,0,0,0,2,Front to Front,14,N,N,Failing to Yield Right of Way,Driving Skills/Knowledge/Experience,Daylight,Clear,Dry,N,,,,,Traffic Signal,Functioning Properly,N,2,41.8797217,-87.7942756,ok,(UNK),1,2405130,2024,,2,15,50000 and OVER,9,4295,Oak Park,C,Urban Minor Arterial,,16,31,12772160,8,Cook,0,24,,,6,N,No,Free Flow,202401282129,City,1,3.5999999,N,,,,(UNK),257018,(N/A),(UNK),No Defects,1,1,Minor Arterial,4,1419,X003538926,Not Toll,73,3,4,Two-way Continuous Left-Tur,4,2942642.58907926,1907625.18297539,41.87971381,-87.79426983,,Urban,1,N,(N/A),Y,(N/A)
2024,2024-09-01,Sunday,20,08:56 PM,Property Damage,No Injuries,0,0,0,0,0,2,Sideswipe Opposite Direction,13,N,N,Unable to Determine,Driving Skills/Knowledge/Experience,Darkness / Lighted Road,Clear,Dry,Y,,,,,Traffic Signal,Functioning Properly,Y,2,41.8759848,-87.8045968,ok,(UNK),1,2405151,2024,,18,15,50000 and OVER,9,4295,Oak Park,C,Urban Other Principal Arte,,16,1,12772163,9,Cook,0,24,,,7,N,No,Free Flow,202401282133,City,5,19.93000031,Y,,,,(UNK),257020,(N/A),(UNK),No Defects,1,1,Other Principal Arterial,3,348,X003538929,Not Toll,73,3,4,Two-way Continuous Left-Tur,4,2939869.20145667,1906185.84387288,41.87597698,-87.80459104,,Urban,1,N,(N/A),Y,(N/A)
2024,2024-09-01,Sunday,20,08:14 PM,Injury,B Injury Crash,1,0,0,1,0,3,Turning,10,N,N,Failing to Reduce Speed to Avoid Crash,(N/A),Darkness / Lighted Road,Clear,Dry,N,,,,,No Controls,No Controls,N,2,41.879723,-87.8047365,ok,(UNK),1,2405149,2024,,28,99,50000 and OVER,9,4295,Oak Park,C,Urban Other Principal Arte,,16,1,12772165,9,Cook,2,24,,,7,N,No,Slow,202401282136,City,5,19.68000031,Y,,,,(UNK),257022,(N/A),(UNK),No Defects,1,1,Other Principal Arterial,3,348,X003538931,Not Toll,73,1,1,Not Divided,1,2939793.64844455,1907547.05716336,41.87971516,-87.80473073,,Urban,1,N,(N/A),Y,(N/A)
2024,2024-09-01,Sunday,1,01:43 AM,Property Damage,No Injuries,0,0,0,0,0,1,Fixed Object,6,N,N,Passing Stopped School Bus,Under Influence of Alcohol/Drugs,Darkness / Lighted Road,Clear,Dry,N,,,,,No Controls,No Controls,N,1,41.8780261,-87.7892968,ok,(UNK),1,2405135,2024,,29,8,50000 and OVER,9,4295,Oak Park,C,Urban Minor Collector,,16,1,12772169,9,Cook,0,24,STREET SIGN,,7,N,Yes,Slow,202401282140,City,5,0.74000001,N,,,,(UNK),257024,(N/A),(UNK),No Defects,1,1,Minor Collector,6,2779,X003538935,Not Toll,73,1,1,Not Divided,1,2944015.6598364,1907044.85033196,41.8780183,-87.78929096,,Urban,1,N,(N/A),Y,(N/A)
2024,2024-08-30,Friday,23,11:59 PM,Property Damage,No Injuries,0,0,0,0,0,2,Sideswipe Opposite Direction,13,N,N,Unable to Determine,(N/A),Darkness / Lighted Road,Clear,Dry,N,,,,,No Controls,No Controls,Y,2,41.870596,-87.7767822,ok,(UNK),1,2405111,2024,,18,99,50000 and OVER,9,4295,Oak Park,C,Urban Local Road or Street,,16,30,12772173,8,Cook,0,24,,,5,N,No,Slow,202401282144,City,5,0.13,N,,,,(UNK),257027,(N/A),(UNK),No Defects,1,1,Local Road or Street,7,290,X003538939,Not Toll,73,1,1,Not Divided,1,2947499.40990904,1904431.86393865,41.87058812,-87.7767764,,Urban,1,N,(N/A),Y,(N/A)
2024,2024-09-02,Monday,8,08:15 AM,Property Damage,No Injuries,0,0,0,0,0,2,Front to Rear,11,N,N,Improper Overtaking/Passing,Improper Overtaking/Passing,Daylight,Clear,Dry,Y,,,,,Stop Sign,Functioning Properly,N,2,41.8707778,-87.7792158,ok,(UNK),1,2405156,2024,,4,4,50000 and OVER,9,4295,Oak Park,C,Urban Minor Collector,,16,2,12772178,9,Cook,0,24,,,1,N,No,Free Flow,202401282149,City,1,0,N,,,,(UNK),257032,(N/A),(UNK),No Defects,1,1,Minor Collector,6,290,X003538944,Not Toll,73,2,4,Not Divided,1,2946834.70176392,1904479.68816293,41.87077,-87.77921,,Urban,1,N,(N/A),Y,(N/A)
2024,2024-09-01,Sunday,16,04:58 PM,Property Damage,No Injuries,0,0,0,0,0,2,Front to Rear,11,N,N,Distraction - From Inside Vehicle,Failing to Reduce Speed to Avoid Crash,Daylight,Clear,Dry,Y,,,,,Traffic Signal,Functioning Properly,N,2,41.8798691,-87.7844362,ok,(UNK),1,2405146,2024,,41,28,50000 and OVER,9,4295,Oak Park,C,Urban Minor Arterial,,16,1,12772184,9,Cook,0,24,,,7,N,No,Stopped,202401282154,City,1,4.11000013,N,,,,(UNK),257036,(N/A),(UNK),No Defects,1,1,Minor Arterial,4,1419,X003538950,Not Toll,73,3,4,Two-way Continuous Left-Tur,4,2945320.76684516,1907753.19093365,41.87986128,-87.78443042,,Urban,1,N,(N/A),Y,(N/A)
2024,2024-08-29,Thursday,7,07:45 AM,Property Damage,No Injuries,0,0,0,0,0,5,Angle,15,N,N,Failing to Yield Right of Way,Failing to Reduce Speed to Avoid Crash,Daylight,Clear,Dry,Y,,,,,Stop Sign,Functioning Properly,N,2,41.8869282,-87.7895462,ok,(UNK),1,2405093,2024,,2,28,50000 and OVER,9,4295,Oak Park,C,Urban Minor Collector,,16,29,12772187,8,Cook,0,24,,,4,N,No,Slow,202401282158,City,1,0.11,N,,,,(UNK),257038,(N/A),(UNK),No Defects,1,1,Minor Collector,6,2779,X003538953,Not Toll,73,2,4,Not Divided,1,2943857.81884051,1910287.02710354,41.88692032,-87.78954041,,Urban,1,N,(N/A),Y,(N/A)
2024,2024-09-01,Sunday,2,02:10 AM,Property Damage,No Injuries,0,0,0,0,0,1,Fixed Object,6,N,N,Improper Lane Usage,Failing to Reduce Speed to Avoid Crash,Darkness / Lighted Road,Clear,Dry,Y,,,,,Traffic Signal,Functioning Properly,Y,1,41.8978911,-87.805385,ok,(UNK),1,2401082,2024,,20,28,50000 and OVER,9,4295,Oak Park,C,Urban Other Principal Arte,,16,1,12772191,9,Cook,0,24,PARKWAY TREE/GRASS,,7,N,Yes,Free Flow,202401282160,City,5,18.40999985,Y,,,,(UNK),257039,(N/A),(UNK),No Defects,1,1,Other Principal Arterial,3,348,X003538954,Not Toll,73,3,4,Four Way,14,2939434.75298701,1914162.97281945,41.89788323,-87.80537921,,Urban,1,N,(N/A),Y,(N/A)
2024,2024-08-16,Friday,9,09:28 AM,Property Damage,No Injuries,0,0,0,0,0,2,Angle,15,N,N,Disregarding Stop Sign,Failing to Reduce Speed to Avoid Crash,Daylight,Clear,Dry,N,,,,,Stop Sign,Functioning Properly,Y,2,41.8814,-87.80389,ok,(UNK),1,2404745,2024,,23,28,50000 and OVER,9,4295,Oak Park,C,Urban Major Collector,,16,16,12772829,8,Cook,0,24,,,5,N,No,Free Flow,202401282898,City,1,0.05,N,,,,(UNK),257414,(N/A),(UNK),No Defects,1,1,Major Collector,5,5,X003539528,Not Toll,,2,4,"Divided, No Median Barrier",2,2940007.35862673,1908164.53250659,41.8814,-87.80389,,Urban,1,N,(N/A),Y,(N/A)
2024,2024-08-26,Monday,16,04:36 PM,Property Damage,No Injuries,0,0,0,0,0,2,Rear to Front,18,N,N,Improper Backing,Driving Skills/Knowledge/Experience,Daylight,Clear,Dry,N,,,,,No Controls,No Controls,Y,2,41.87808,-87.87329,outside_oak_park,(UNK),1,2405011,2024,,30,15,50000 and OVER,9,4295,Oak Park,C,Urban Major Collector,,16,26,12772853,8,Cook,0,24,,,1,N,No,Slow,202401282919,City,1,0.47,N,,,,(UNK),257421,(N/A),(UNK),No Defects,1,1,Major Collector,5,1690,X003539547,Not Toll,,1,1,Parking Lot,7,2921139.83358544,1906441.71037042,41.87808,-87.87329,,Urban,1,N,(N/A),Y,(N/A)
2024,2024-08-28,Wednesday,16,04:03 PM,Property Damage,No Injuries,0,0,0,0,0,2,Rear to Front,18,N,N,Failing to Reduce Speed to Avoid Crash,Unable to Determine,Daylight,Clear,Dry,Y,,,,,Traffic Signal,Functioning Properly,N,2,41.88864,-87.79991,ok,(UNK),1,2405058,2024,,28,18,50000 and OVER,9,4295,Oak Park,C,Urban Major Collector,,16,28,12772969,8,Cook,0,24,,,3,N,No,Slow,202401283040,City,1,0,N,,,,(UNK),257494,(N/A),(UNK),No Defects,1,1,Major Collector,5,,X003539647,Not Toll,,3,4,Not Divided,1,2941018.44015016,1910832.80336873,41.88864,-87.79991,,Urban,1,N,(N/A),Y,(N/A)
2024,2024-08-31,Saturday,18,06:00 PM,Property Damage,No Injuries,0,0,0,0,0,3,Front to Rear,11,N,N,Failing to Reduce Speed to Avoid Crash,Following Too Closely,Daylight,Clear,Dry,N,,,,,Other Regualtory Sig,Functioning Properly,N,3,41.8712389,-87.7745295,ok,Partial Access Control,3,03-24-16507,2024,,28,3,50000 and OVER,9,4295,Oak Park,C,Urban InterState,,16,31,12773820,8,Cook,0,24,,,6,N,No,(UNK),202401283886,ISP,1,9.19999981,Y,,,,(UNK),258090,(N/A),(UNK),No Defects,1,1,InterState,1,290,X003540452,Not Toll,73,10,4,Divided With Median Barrier,3,2948106.47093775,1904683.27631299,41.8712311,-87.77452368,,Urban,1,N,(N/A),Y,(N/A)
2024,2024-09-03,Tuesday,9,09:55 AM,Property Damage,No Injuries,0,0,0,0,0,2,Angle,15,N,N,Failing to Reduce Speed to Avoid Crash,Unable to Determine,Daylight,Clear,Dry,Y,,,,,No Controls,No Controls,N,2,41.8706378,-87.7939354,ok,(UNK),1,2405169,2024,,28,18,50000 and OVER,9,4295,Oak Park,C,Urban Major Collector,,16,3,12773997,9,Cook,0,24,,,2,N,No,Free Flow,202401283994,City,1,6.78999996,N,,,,(UNK),258157,(N/A),(UNK),No Defects,1,1,Major Collector,5,2775,X003540548,Not Toll,73,1,1,T-Intersection,15,2942826.79270425,1904317.41379225,41.87062992,-87.79392965,,Urban,1,N,(N/A),Y,(N/A)
2024,2024-09-03,Tuesday,7,07:53 AM,Injury,A Injury Crash,2,0,1,1,0,3,Front to Rear,11,N,N,Failing to Reduce Speed to Avoid Crash,Following Too Closely,Daylight,Clear,Dry,N,,,,,No Controls,No Controls,N,2,41.8907774,-87.7945712,ok,(UNK),1,2405165,2024,,28,3,50000 and OVER,9,4295,Oak Park,C,Urban Major Collector,,16,3,12774001,9,Cook,3,24,,,2,N,No,Stopped,202401284001,City,1,5.38000011,N,,,,(UNK),258159,(N/A),(UNK),No Defects,1,1,Major Collector,5,2775,X003540552,Not Toll,73,1,1,Not Divided,1,2942450.66866507,1911651.86851843,41.89076953,-87.79456539,,Urban,1,N,(N/A),Y,(N/A)
2024,2024-09-05,Thursday,5,05:45 AM,Property Damage,No Injuries,0,0,0,0,0,3,Turning,10,N,N,Unable to Determine,(N/A),Darkness / Lighted Road,Clear,Dry,Y,,,,,Traffic Signal,Functioning Properly,N,2,41.8711278,-87.7742954,ok,Partial Access Control,1,JH415985,2024,,18,99,50000 and OVER,9,4295,Oak Park,C,Urban InterState,,16,5,12774284,9,Cook,0,24,,,4,N,No,Slow,202401284297,City,5,0,Y,,,,(UNK),258337,(N/A),(UNK),No Defects,1,1,InterState,1,290,X003540808,Not Toll,,3,4,Not Divided,1,2948171.35516565,1904644.5604143,41.87111998,-87.77428961,,Urban,1,N,(N/A),Y,(N/A)
2024,2024-09-03,Tuesday,19,07:20 PM,Property Damage,No Injuries,0,0,0,0,0,2,Front to Rear,11,N,N,Failing to Reduce Speed to Avoid Crash,Following Too Closely,Dusk,Clear,Dry,N,,,,,Other,Functioning Properly,N,2,41.8720758,-87.7890742,ok,Partial Access Control,3,03-24-16772,2024,,28,3,50000 and OVER,9,4295,Oak Park,C,Urban InterState,,16,3,12774692,9,Cook,0,24,,,2,N,No,(UNK),202401284514,ISP,3,8.44999981,Y,,,,(UNK),258566,(N/A),(UNK),No Defects,1,1,InterState,1,290,X003540942,Not Toll,73,13,4,Divided With Median Barrier,3,2944136.38319312,1904878.10931077,41.87206794,-87.78906837,,Urban,1,N,(N/A),Y,(N/A)
2024,2024-08-30,Friday,20,08:44 PM,Property Damage,No Injuries,0,0,0,0,0,1,Parked Motor Vehicle,9,N,N,Unable to Determine,Unable to Determine,Darkness / Lighted Road,Clear,Dry,N,,,,,Traffic Signal,Functioning Properly,Y,2,41.89431,-87.79767,ok,(UNK),1,2405108,2024,,18,18,50000 and OVER,9,4295,Oak Park,C,Urban Minor Arterial,,16,30,12774732,8,Cook,0,24,,,5,N,No,Free Flow,202401284551,City,5,0,N,,,,(UNK),258594,(N/A),(UNK),No Defects,1,1,Minor Arterial,4,,X003540976,Not Toll,,3,4,Not Divided,1,2941571.31952676,1912915.89837327,41.89431,-87.79767,,Urban,1,N,(N/A),Y,(N/A)
2024,2024-08-22,Thursday,5,05:45 AM,Property Damage,No Injuries,0,0,0,0,0,2,Sideswipe Same Direction,12,N,N,Improper Lane Usage,Failing to Reduce Speed to Avoid Crash,Daylight,Clear,Dry,N,,,,,Other,Functioning Properly,N,2,41.8735071,-87.8045197,ok,Partial Access Control,3,03-24-15878,2024,,20,28,50000 and OVER,9,4295,Oak Park,C,Urban InterState,,16,22,12774872,8,Cook,0,24,,,4,N,No,(UNK),202401284719,ISP,1,7.69999981,Y,,,,(UNK),258678,(N/A),(UNK),No Defects,1,1,InterState,1,290,X003541095,Not Toll,73,13,4,Divided With Median Barrier,3,2939915.06141414,1905283.4772318,41.87349921,-87.80451395,,Urban,1,N,(N/A),Y,(N/A)
2024,2024-09-04,Wednesday,17,05:45 PM,Property Damage,No Injuries,0,0,0,0,0,1,Parked Motor Vehicle,9,N,N,Improper Lane Usage,Failing to Reduce Speed to Avoid Crash,Daylight,Clear,Dry,N,,,,,Stop Sign,Functioning Properly,Y,2,41.8744712,-87.7842765,ok,(UNK),1,2405201,2024,,20,28,50000 and OVER,9,4295,Oak Park,C,Urban Major Collector,,16,4,12775746,9,Cook,0,24,,,3,N,No,Free Flow,202401285544,City,1,1.89999998,N,,,,(UNK),259231,(N/A),(UNK),No Defects,1,1,Major Collector,5,2783,X003541831,Not Toll,73,2,4,Not Divided,1,2945418.89835829,1905787.31053982,41.8744634,-87.78427069,,Urban,1,N,(N/A),Y,(N/A)
2024,2024-09-04,Wednesday,12,12:15 PM,Injury,B Injury Crash,1,0,0,1,0,1,Angle,15,N,N,Failing to Yield Right of Way,(N/A),Daylight,Clear,Dry,Y,,,,,Stop Sign,Functioning Properly,N,2,41.8902195,-87.7945553,ok,(UNK),1,2405194,2024,,2,99,50000 and OVER,9,4295,Oak Park,C,Urban Major Collector,,16,4,12775748,9,Cook,2,24,,,3,N,No,Free Flow,202401285546,City,1,5.42000008,N,,,,(UNK),259233,(N/A),(UNK),No Defects,1,1,Major Collector,5,2775,X003541833,Not Toll,73,2,4,"Divided, No Median Barrier",2,2942460.61397135,1911448.70309064,41.8902117,-87.79454951,,Urban,1,N,(N/A),Y,(N/A)
2024,2024-09-03,Tuesday,19,07:00 PM,Property Damage,No Injuries,0,0,0,0,0,1,Parked Motor Vehicle,9,N,N,Failing to Reduce Speed to Avoid Crash,Unable to Determine,Unknown,Clear,Dry,N,,,,,Stop Sign,Functioning Properly,Y,2,41.8753652,-87.7960871,ok,(UNK),1,2405199,2024,,28,18,50000 and OVER,9,4295,Oak Park,C,Urban Local Road or Street,,16,3,12775750,9,Cook,0,24,,,2,N,No,Slow,202401285547,City,9,0,N,,,,(UNK),259234,(N/A),(UNK),No Defects,1,1,Local Road or Street,7,,X003541834,Not Toll,73,2,4,Not Divided,1,2942193.12609344,1906023.97757711,41.87535737,-87.79608129,,Urban,1,N,(N/A),Y,(N/A)
2024,2024-09-04,Wednesday,17,05:23 PM,Property Damage,No Injuries,0,0,0,0,0,2,Angle,15,N,N,Failing to Yield Right of Way,Disregarding Other Traffic Signs,Daylight,Clear,Dry,Y,,,,,Stop Sign,Functioning Properly,N,2,41.9052129,-87.805664,ok,(UNK),1,2401106,2024,,2,24,50000 and OVER,9,4295,Oak Park,C,Urban Other Principal Arte,,16,4,12775755,9,Cook,0,24,,,3,N,No,Free Flow,202401285551,City,1,17.89999962,Y,,,,(UNK),259236,(N/A),(UNK),No Defects,1,1,Other Principal Arterial,3,348,X003541838,Not Toll,73,2,4,Four Way,14,2939285.33699432,1916829.08048993,41.90520501,-87.80565815,,Urban,1,N,(N/A),Y,(N/A)
2024,2024-09-05,Thursday,14,02:50 PM,Property Damage,No Injuries,0,0,0,0,0,4,Front to Rear,11,N,N,Failing to Reduce Speed to Avoid Crash,Following Too Closely,Daylight,Clear,Dry,N,,,,,Other,Functioning Properly,N,2,41.8732855,-87.7996248,ok,Partial Access Control,3,03-24-16820,2024,,28,3,50000 and OVER,9,4295,Oak Park,C,Urban InterState,,16,5,12776658,9,Cook,0,24,,,4,N,No,(UNK),202401286462,ISP,1,7.92999983,Y,,,,(UNK),259768,(N/A),(UNK),No Defects,1,1,InterState,1,290,X003542660,Not Toll,73,13,4,Divided With Median Barrier,3,2941250.5,1905239.5,41.87327769,-87.79961904,,Urban,1,N,(N/A),Y,(N/A)
2024,2024-09-09,Monday,7,07:12 AM,Property Damage,No Injuries,0,0,0,0,0,1,Other Object,7,N,N,Unable to Determine,Unable to Determine,Daylight,Clear,Dry,N,,,,,No Controls,No Controls,N,1,41.8809132,-87.8047639,ok,(UNK),1,24-02958,2024,,18,18,50000 and OVER,9,4295,Oak Park,C,Urban Other Principal Arte,,16,9,12779934,9,Cook,0,24,LIGHT POLE,,1,N,No,Free Flow,202401289327,City,1,19.59000015,Y,,,,(UNK),261965,(N/A),(UNK),No Defects,1,1,Other Principal Arterial,3,348,X003545470,Not Toll,73,1,1,"Divided, No Median Barrier",2,2939774.24889626,1907980.56933847,41.88090533,-87.80475811,,Urban,1,N,(N/A),Y,(N/A)
2024,2024-08-23,Friday,11,11:30 AM,Property Damage,No Injuries,0,0,0,0,0,2,Turning,10,N,N,Driving Skills/Knowledge/Experience,Improper Turning/No Signal,Daylight,Clear,Dry,N,,,,,No Controls,No Controls,Y,2,41.8924383,-87.8051694,ok,(UNK),1,24-02756,2024,,15,6,50000 and OVER,9,4295,Oak Park,C,Urban Other Principal Arte,,16,23,12779950,8,Cook,0,24,,,5,N,No,Free Flow,202401289343,City,1,18.79000092,Y,,,,(UNK),261974,(N/A),(UNK),No Defects,1,1,Other Principal Arterial,3,348,X003545486,Not Toll,73,1,1,"Divided, No Median Barrier",2,2939548.17421721,1912177.50237348,41.89243047,-87.80516361,,Urban,1,N,(N/A),Y,(N/A)
2024,2024-09-06,Friday,7,07:06 AM,Property Damage,No Injuries,0,0,0,0,0,2,Sideswipe Opposite Direction,13,N,N,Failing to Reduce Speed to Avoid Crash,Unable to Determine,Daylight,Clear,Dry,N,,,,,No Controls,No Controls,Y,2,41.8761173,-87.7941069,ok,(UNK),1,2404954,2024,,28,18,50000 and OVER,9,4295,Oak Park,C,Urban Major Collector,,16,6,12780387,9,Cook,0,24,,,5,N,No,Free Flow,202401289761,City,1,6.40999985,N,,,,(UNK),262277,(N/A),(UNK),No Defects,1,1,Major Collector,5,2775,X003545905,Not Toll,73,1,1,Not Divided,1,2942724.86287075,1906312.96632051,41.87610947,-87.79410112,,Urban,1,N,(N/A),Y,(N/A)
2024,2024-09-08,Sunday,16,04:03 PM,Property Damage,No Injuries,0,0,0,0,0,4,Front to Rear,11,N,N,Following Too Closely,Failing to Reduce Speed to Avoid Crash,Daylight,Clear,Dry,N,,,,,No Controls,No Controls,N,2,41.8818005,-87.7845172,ok,(UNK),1,2405297,2024,,3,28,50000 and OVER,9,4295,Oak Park,C,Urban Major Collector,,16,8,12780393,9,Cook,0,24,,,7,N,No,Slow,202401289767,City,1,1.38999999,N,,,,(UNK),262280,(N/A),(UNK),No Defects,1,1,Major Collector,5,2783,X003545911,Not Toll,73,1,1,"Divided, No Median Barrier",2,2945279.16338288,1908456.41741163,41.88179268,-87.78451141,,Urban,1,N,(N/A),Y,(N/A)
2024,2024-09-07,Saturday,8,08:36 AM,Property Damage,No Injuries,0,0,0,0,0,2,Angle,15,N,N,Failing to Yield Right of Way,Failing to Reduce Speed to Avoid Crash,Daylight,Clear,Dry,Y,,,,,Stop Sign,Functioning Properly,N,2,41.9055978,-87.7925286,ok,(UNK),1,2405270,2024,,2,28,50000 and OVER,9,4295,Oak Park,C,Urban Local Road or Street,,16,7,12780401,9,Cook,0,24,,,6,N,No,Free Flow,202401289775,City,1,0,N,,,,(UNK),262283,(N/A),(UNK),No Defects,1,1,Local Road or Street,7,,X003545919,Not Toll,73,2,4,Not Divided,1,2942857.31064234,1917068.09300788,41.90558992,-87.79252282,,Urban,1,N,(N/A),Y,(N/A)
2024,2024-09-08,Sunday,18,06:53 PM,Property Damage,No Injuries,0,0,0,0,0,3,Front to Rear,11,N,N,Failing to Reduce Speed to Avoid Crash,Unable to Determine,Dusk,Clear,Dry,N,,,,,No Controls,No Controls,N,2,41.8760128,-87.8045967,ok,(UNK),1,2405299,2024,,28,18,50000 and OVER,9,4295,Oak Park,C,Urban Other Principal Arte,,16,8,12780403,9,Cook,0,24,,,7,N,No,Free Flow,202401289776,City,3,19.93000031,Y,,,,(UNK),262284,(N/A),(UNK),No Defects,1,1,Other Principal Arterial,3,348,X003545921,Not Toll,73,1,1,Not Divided,1,2939868.96379115,1906196.05675964,41.876005,-87.80459088,,Urban,1,N,(N/A),Y,(N/A)