crash_year,crash_date,day_of_week,crash_hour,time_of_crash,crash_severity,crash_injury_severity,total_injured,total_fatals,a_injuries,b_injuries,c_injuries,no_injuries,type_of_first_crash,collision_type_code,pedestrian_involved,pedalcyclist_involved,cause1,cause2,lighting_cond,weather_cond,road_surface_cond,intersection_related,is_intersection,highway_or_street_name,at_intersection_with,address_no,traffic_control_device,traffic_control_device_cond,hit_and_run,number_of_vehicles,latitude,longitude,location_status,access_control,agency_code,agency_report_number,agency_report_year,alignment_code,cause1_code,cause2_code,city_class,city_class_code,city_code,city_name,city_township_flag,class_of_trafficway,class_of_trafficway_code,county_code,crash_day,crash_id,crash_month,crash_report_county,crash_severity_cd,crash_yr_source,damaged_property1,damaged_property2,day_of_week_code,did_crash_occur_in_work_zone,did_involve_secondary_crash,flow_condition,icn,investigating_agency_descrip,light_condition_code,mile_station,nhs,non_intersection_direction,non_intersection_distance,non_intersection_units,number_of_lanes,objectid,railroad_crossing_number,road_alignment,road_defects,road_defects_code,road_surface_condition_code,roadway_functional_class,roadway_functional_class_code,route_number,sfe,toll,township,traffic_control_device_code,traffic_control_device_cond_code,trafficway_descrip,trafficway_description_code,ts_crash_coordinate_x,ts_crash_coordinate_y,ts_crash_latitude,ts_crash_longitude,type_report,urban_rural,weather_code,were_workers_present,work_zone,work_zone_related,work_zone_type
2024,2024-09-06,Friday,17,05:24 PM,Injury,B Injury Crash,2,0,0,2,0,1,Turning,10,N,N,Failing to Yield Right of Way,Failing to Reduce Speed to Avoid Crash,Daylight,Clear,Dry,Y,,,,,Stop Sign,Functioning Properly,N,2,41.8779416,-87.7941767,ok,(UNK),1,2405257,2024,,2,28,50000 and OVER,9,4295,Oak Park,C,Urban Major Collector,,16,6,12780408,9,Cook,2,24,SIGN AND TREE,BUILDING,5,N,Yes,Free Flow,202401289781,City,1,6.28999996,N,,,,(UNK),262287,(N/A),(UNK),No Defects,1,1,Major Collector,5,2775,X003545926,Not Toll,73,2,4,"Divided, No Median Barrier",2,2942687.46004539,1906977.23582415,41.87793373,-87.79417094,,Urban,1,N,(N/A),Y,(N/A)
2024,2024-09-06,Friday,20,08:06 PM,Property Damage,No Injuries,0,0,0,0,0,3,Front to Rear,11,N,N,Improper Lane Usage,(N/A),Darkness / Lighted Road,Clear,Dry,N,,,,,Traffic Signal,Functioning Properly,N,2,41.8876876,-87.8049958,ok,(UNK),1,2405260,2024,,20,99,50000 and OVER,9,4295,Oak Park,C,Urban Other Principal Arte,,16,6,12780409,9,Cook,0,24,,,5,N,No,Free Flow,202401289782,City,5,19.12000084,Y,,,,(UNK),262288,(N/A),(UNK),No Defects,1,1,Other Principal Arterial,3,348,X003545927,Not Toll,73,3,4,Not Divided,1,2939643.12061826,1910447.56493879,41.88767978,-87.80499,,Urban,1,N,(N/A),Y,(N/A)
2024,2024-09-06,Friday,11,11:49 AM,Property Damage,No Injuries,0,0,0,0,0,2,Sideswipe Same Direction,12,N,N,Failing to Reduce Speed to Avoid Crash,(N/A),Daylight,Clear,Unknown,N,,,,,No Controls,No Controls,N,2,41.8883725,-87.7846974,ok,(UNK),1,2405253,2024,,28,99,50000 and OVER,9,4295,Oak Park,C,Urban Major Collector,,16,6,12780410,9,Cook,0,24,,,5,N,No,Slow,202401289783,City,1,0.93000001,N,,,,(UNK),262289,(N/A),(UNK),No Defects,1,9,Major Collector,5,2783,X003545928,Not Toll,73,1,1,"Divided, No Median Barrier",2,2945163.5667908,1910849.98956691,41.88836461,-87.78469165,,Urban,1,N,(N/A),Y,(N/A)
2024,2024-09-06,Friday,9,09:20 AM,Property Damage,No Injuries,0,0,0,0,0,1,Parked Motor Vehicle,9,N,N,Failing to Reduce Speed to Avoid Crash,Unable to Determine,Daylight,Clear,Dry,N,,,,,No Controls,No Controls,N,2,41.8885987,-87.792698,ok,(UNK),1,2405241,2024,,28,18,50000 and OVER,9,4295,Oak Park,C,Urban Major Collector,,16,6,12780411,9,Cook,0,24,,,5,N,No,Slow,202401289784,City,1,0.44999999,N,,,,(UNK),262290,(N/A),(UNK),No Defects,1,1,Major Collector,5,1405,X003545929,Not Toll,73,1,1,Parking Lot,7,2942982.70774869,1910872.03629039,41.88859087,-87.79269218,,Urban,1,N,(N/A),Y,(N/A)
2024,2024-09-09,Monday,9,09:38 AM,Property Damage,No Injuries,0,0,0,0,0,3,Front to Rear,11,N,N,Following Too Closely,(N/A),Daylight,Clear,Dry,Y,,,,,Traffic Signal,Functioning Properly,N,2,41.8796085,-87.804733,ok,(UNK),1,2405312,2024,,3,99,50000 and OVER,9,4295,Oak Park,C,Urban Other Principal Arte,,16,9,12780412,9,Cook,0,24,,,1,N,No,Stopped,202401289785,City,1,19.68000031,Y,,,,(UNK),262291,(N/A),(UNK),No Defects,1,1,Other Principal Arterial,3,348,X003545930,Not Toll,73,3,4,"Divided, No Median Barrier",2,2939795.75863238,1907505.37317603,41.87960071,-87.8047272,,Urban,1,N,(N/A),Y,(N/A)
2024,2024-09-09,Monday,7,07:30 AM,Injury,C Injury Crash,6,0,0,0,6,7,Front to Rear,11,N,N,Following Too Closely,Failing to Reduce Speed to Avoid Crash,Daylight,Clear,Dry,Y,,,,,Pedestrian Crossing,Functioning Properly,N,2,41.8797284,-87.7969158,ok,(UNK),1,2405307,2024,,3,28,50000 and OVER,9,4295,Oak Park,C,Urban Minor Arterial,,16,9,12780413,9,Cook,1,24,,,1,N,No,Stopped,202401289786,City,1,3.46000004,N,,,,(UNK),262292,(N/A),(UNK),No Defects,1,1,Minor Arterial,4,1419,X003545931,Not Toll,73,17,4,"Divided, No Median Barrier",2,2941923.49049947,1907607.77498052,41.87972058,-87.79691001,,Urban,1,N,(N/A),Y,(N/A)
2024,2024-09-05,Thursday,7,07:35 AM,Property Damage,No Injuries,0,0,0,0,0,3,Front to Rear,11,N,N,Following Too Closely,Distraction - From Inside Vehicle,Daylight,Clear,Dry,N,,,,,Traffic Signal,Functioning Properly,N,2,41.8906986,-87.8051165,ok,(UNK),1,2401108,2024,,3,41,50000 and OVER,9,4295,Oak Park,C,Urban Other Principal Arte,,16,5,12780425,9,Cook,0,24,,,4,N,No,Stopped,202401289791,City,1,18.90999985,Y,,,,(UNK),262294,(N/A),(UNK),No Defects,1,1,Other Principal Arterial,3,348,X003545936,Not Toll,73,3,4,Not Divided,1,2939580.03831789,1911543.90820887,41.89069074,-87.80511071,,Urban,1,N,(N/A),Y,(N/A)
2024,2024-09-04,Wednesday,15,03:52 PM,Property Damage,No Injuries,0,0,0,0,0,2,Sideswipe Same Direction,12,N,N,Improper Overtaking/Passing,Improper Lane Usage,Daylight,Clear,Dry,N,,,,,Other Regualtory Sig,Functioning Properly,N,2,41.8733333,-87.8027276,ok,Partial Access Control,3,03-24-16752,2024,,4,20,50000 and OVER,9,4295,Oak Park,C,Urban InterState,,16,4,12781555,9,Cook,0,24,,,3,N,No,(UNK),202401290927,ISP,1,7.78000021,Y,,,,(UNK),263031,(N/A),(UNK),No Defects,1,1,InterState,1,290,X003546972,Not Toll,73,10,4,Divided With Median Barrier,3,2940404.94059328,1905233.62094563,41.8733255,-87.80272175,,Urban,1,N,(N/A),Y,(N/A)
2024,2024-09-09,Monday,16,04:18 PM,Property Damage,No Injuries,0,0,0,0,0,2,Front to Rear,11,N,N,Failing to Reduce Speed to Avoid Crash,Driving Skills/Knowledge/Experience,Daylight,Clear,Dry,N,,,,,Traffic Signal,Functioning Properly,N,2,41.9090114,-87.794955,ok,(UNK),1,2405320,2024,,28,15,50000 and OVER,9,4295,Oak Park,C,Urban Other Principal Arte,,16,9,12781764,9,Cook,0,24,,,1,N,No,Stopped,202401291110,City,1,4.11000013,Y,,,,(UNK),263159,(N/A),(UNK),No Defects,1,1,Other Principal Arterial,3,2775,X003547152,Not Toll,73,3,4,Not Divided,1,2942162.36658028,1918293.80232637,41.90900354,-87.79494918,,Urban,1,N,(N/A),Y,(N/A)
2024,2024-09-09,Monday,17,05:55 PM,Property Damage,No Injuries,0,0,0,0,0,2,Rear to Side,16,N,N,Improper Backing,Driving Skills/Knowledge/Experience,Daylight,Clear,Dry,N,,,,,No Controls,No Controls,N,2,41.8798533,-87.7862501,ok,(UNK),1,2405326,2024,,30,15,50000 and OVER,9,4295,Oak Park,C,Urban Minor Arterial,,16,9,12781765,9,Cook,0,24,,,1,N,No,Free Flow,202401291111,City,1,4.01999998,N,,,,(UNK),263160,(N/A),(UNK),No Defects,1,1,Minor Arterial,4,1419,X003547153,Not Toll,73,1,1,Parking Lot,7,2944826.9326046,1907733.70583785,41.87984544,-87.78624431,,Urban,1,N,(N/A),Y,(N/A)
2024,2024-09-08,Sunday,9,09:03 AM,Property Damage,No Injuries,0,0,0,0,0,1,Fixed Object,6,N,N,Unable to Determine,Failing to Reduce Speed to Avoid Crash,Darkness,Clear,Dry,N,,,,,No Controls,No Controls,Y,1,41.8707311,-87.7816926,ok,(UNK),1,2405290,2024,,18,28,50000 and OVER,9,4295,Oak Park,C,Urban Local Road or Street,,16,8,12781766,9,Cook,0,24,HOUSE,,7,N,No,Free Flow,202401291112,City,4,0,N,,,,(UNK),263161,(N/A),(UNK),No Defects,1,1,Local Road or Street,7,,X003547154,Not Toll,73,1,1,Not Divided,1,2946160.54040159,1904443.9001928,41.87072328,-87.78168682,,Urban,1,N,(N/A),Y,(N/A)
2024,2024-08-27,Tuesday,14,02:10 PM,Property Damage,No Injuries,0,0,0,0,0,2,Parked Motor Vehicle,9,N,N,Improper Lane Usage,Failing to Reduce Speed to Avoid Crash,Daylight,Clear,Dry,N,,,,,Stop Sign,Functioning Properly,Y,2,41.8869292,-87.7895462,ok,(UNK),1,2405029,2024,,20,28,50000 and OVER,9,4295,Oak Park,C,Urban Minor Collector,,16,27,12781767,8,Cook,0,24,,,2,N,No,Free Flow,202401291113,City,1,0.11,N,,,,(UNK),263162,(N/A),(UNK),No Defects,1,1,Minor Collector,6,2779,X003547155,Not Toll,73,2,4,Not Divided,1,2943857.80993605,1910287.39543531,41.88692133,-87.7895404,,Urban,1,N,(N/A),Y,(N/A)
2024,2024-09-09,Monday,16,04:49 PM,Property Damage,No Injuries,0,0,0,0,0,2,Sideswipe Same Direction,12,N,N,Failing to Reduce Speed to Avoid Crash,Improper Lane Usage,Daylight,Clear,Dry,N,,,,,No Controls,No Controls,N,2,41.8886489,-87.7946096,ok,(UNK),1,2405321,2024,,28,20,50000 and OVER,9,4295,Oak Park,C,Urban Major Collector,,16,9,12781768,9,Cook,0,24,,,1,N,No,Slow,202401291114,City,1,0.34,N,,,,(UNK),263163,(N/A),(UNK),No Defects,1,1,Major Collector,5,1405,X003547156,Not Toll,73,1,1,"Divided, No Median Barrier",2,2942461.67113162,1910875.9335783,41.88864109,-87.79460377,,Urban,1,N,(N/A),Y,(N/A)
2024,2024-09-01,Sunday,20,08:30 PM,Property Damage,No Injuries,0,0,0,0,0,6,Angle,15,N,N,Failing to Yield Right of Way,Failing to Reduce Speed to Avoid Crash,Darkness / Lighted Road,Clear,Dry,Y,,,,,No Controls,No Controls,N,3,41.88191,-87.77959,ok,(UNK),1,2405153,2024,,2,28,50000 and OVER,9,4295,Oak Park,C,Urban Major Collector,,16,1,12782031,9,Cook,0,24,,,7,N,No,Free Flow,202401291354,City,5,1.29999995,N,,,,(UNK),263326,(N/A),(UNK),No Defects,1,1,Major Collector,5,5,X003547381,Not Toll,,1,1,Not Divided,1,2946619.88886642,1908533.61559359,41.88191,-87.77959,,Urban,1,N,(N/A),Y,(N/A)
2024,2024-09-11,Wednesday,1,01:31 AM,Property Damage,No Injuries,0,0,0,0,0,2,Angle,15,N,N,Failing to Yield Right of Way,Driving Skills/Knowledge/Experience,Darkness / Lighted Road,Clear,Dry,N,,,,,Traffic Signal,Functioning Properly,N,2,41.8800067,-87.7844421,ok,(UNK),1,2405351,2024,,2,15,50000 and OVER,9,4295,Oak Park,C,Urban Major Collector,,16,11,12782251,9,Cook,0,24,,,3,N,No,Free Flow,202401291546,City,5,1.50999999,N,,,,(UNK),263448,(N/A),(UNK),No Defects,1,1,Major Collector,5,2783,X003547555,Not Toll,73,3,4,Two-way Continuous Left-Tur,4,2945317.76125882,1907803.28799632,41.87999887,-87.78443634,,Urban,1,N,(N/A),Y,(N/A)
2024,2024-09-06,Friday,15,03:37 PM,Property Damage,No Injuries,0,0,0,0,0,3,Front to Rear,11,N,N,Failing to Reduce Speed to Avoid Crash,Following Too Closely,Daylight,Clear,Dry,N,,,,,Other,Functioning Properly,Y,3,41.8715978,-87.7801885,ok,Partial Access Control,3,03-24-16897,2024,,28,3,50000 and OVER,9,4295,Oak Park,C,Urban InterState,,16,6,12782296,9,Cook,0,24,,,5,N,No,(UNK),202401291589,ISP,1,8.90999985,Y,,,,(UNK),263480,(N/A),(UNK),No Defects,1,1,InterState,1,290,X003547599,Not Toll,73,13,4,Divided With Median Barrier,3,2946561.45568032,1904771.11651255,41.87158994,-87.78018267,,Urban,1,N,(N/A),Y,(N/A)
2024,2024-09-09,Monday,15,03:30 PM,Property Damage,No Injuries,0,0,0,0,0,2,Front to Rear,11,N,N,Failing to Reduce Speed to Avoid Crash,Following Too Closely,Daylight,Clear,Dry,N,,,,,Other,Functioning Properly,N,2,41.8737215,-87.8038985,ok,Partial Access Control,3,03-24-17106,2024,,28,3,50000 and OVER,9,4295,Oak Park,C,Urban InterState,,16,9,12782471,9,Cook,0,24,,,1,N,No,(UNK),202401291764,ISP,1,7.73000002,Y,,,,(UNK),263595,(N/A),(UNK),No Defects,1,1,InterState,1,290,X003547765,Not Toll,73,13,4,"Divided, No Median Barrier",2,2940082.12224931,1905366.29883504,41.87371369,-87.80389268,,Urban,1,N,(N/A),Y,(N/A)
2024,2024-09-10,Tuesday,8,08:22 AM,Property Damage,No Injuries,0,0,0,0,0,2,Sideswipe Same Direction,12,N,N,Improper Lane Usage,Failing to Yield Right of Way,Daylight,Clear,Dry,N,,,,,Traffic Signal,Functioning Properly,N,2,41.8871642,-87.8049796,ok,(UNK),1,2401130,2024,,20,2,50000 and OVER,9,4295,Oak Park,C,Urban Other Principal Arte,,16,10,12783172,9,Cook,0,24,,,2,N,No,Slow,202401292360,City,1,19.15999985,Y,,,,(UNK),264033,(N/A),(UNK),No Defects,1,1,Other Principal Arterial,3,348,X003548377,Not Toll,73,3,4,"Divided, No Median Barrier",2,2939652.77250221,1910256.94019099,41.88715636,-87.80497384,,Urban,1,N,(N/A),Y,(N/A)
2024,2024-09-05,Thursday,14,02:56 PM,Property Damage,No Injuries,0,0,0,0,0,2,Front to Rear,11,N,N,Following Too Closely,Failing to Reduce Speed to Avoid Crash,Daylight,Clear,Dry,N,,,,,Other,Functioning Properly,Y,2,41.8719916,-87.7847432,ok,Partial Access Control,3,03-24-16827,2024,,3,28,50000 and OVER,9,4295,Oak Park,C,Urban InterState,,16,5,12783463,9,Cook,0,24,,,4,N,No,(UNK),202401292640,ISP,1,8.68000031,Y,,,,(UNK),264211,(N/A),(UNK),No Defects,1,1,InterState,1,290,X003548638,Not Toll,73,13,4,Divided With Median Barrier,3,2945316.8672391,1904880.167107,41.87198379,-87.78473742,,Urban,1,N,(N/A),Y,(N/A)
2024,2024-09-06,Friday,14,02:35 PM,Property Damage,No Injuries,0,0,0,0,0,4,Front to Rear,11,N,N,Following Too Closely,Failing to Reduce Speed to Avoid Crash,Daylight,Clear,Dry,N,,,,,Other,Functioning Properly,N,4,41.8729547,-87.7988428,ok,Partial Access Control,3,03-24-16889,2024,,3,28,50000 and OVER,9,4295,Oak Park,C,Urban InterState,,16,6,12783465,9,Cook,0,24,,,5,N,No,(UNK),202401292642,ISP,1,7.96000004,Y,,,,(UNK),264213,(N/A),(UNK),No Defects,1,1,InterState,1,290,X003548640,Not Toll,73,13,4,Divided With Median Barrier,3,2941466.83162235,1905124.80204372,41.87294682,-87.79883699,,Urban,1,N,(N/A),Y,(N/A)
2024,2024-09-11,Wednesday,14,02:59 PM,Property Damage,No Injuries,0,0,0,0,0,4,Turning,10,N,N,Failing to Yield Right of Way,Improper Lane Usage,Daylight,Clear,Dry,Y,,,,,Traffic Signal,Functioning Properly,N,2,41.87231,-87.8044665,ok,(UNK),1,24-02987,2024,,2,20,50000 and OVER,9,4295,Oak Park,C,Urban Other Principal Arte,,16,11,12784267,9,Cook,0,24,,,3,N,No,Free Flow,202401293255,City,1,20.18000031,Y,,,,(UNK),264759,(N/A),(UNK),No Defects,1,1,Other Principal Arterial,3,348,X003549233,Not Toll,73,3,4,"Divided, No Median Barrier",2,2939941.58807819,1904847.6572595,41.87230217,-87.80446065,,Urban,1,N,(N/A),Y,(N/A)
2024,2024-09-11,Wednesday,8,08:17 AM,Property Damage,No Injuries,0,0,0,0,0,1,Parked Motor Vehicle,9,N,N,Driving Skills/Knowledge/Experience,Unable to Determine,Daylight,Clear,Dry,N,,,,,No Controls,No Controls,N,2,41.8727541,-87.7756142,ok,(UNK),1,2405355,2024,,15,18,50000 and OVER,9,4295,Oak Park,C,Urban Local Road or Street,,16,11,12784530,9,Cook,0,24,,,3,N,No,Free Flow,202401293507,City,1,0,N,,,,(UNK),264933,(N/A),(UNK),No Defects,1,1,Local Road or Street,7,,X003549486,Not Toll,73,1,1,Not Divided,1,2947795.62342852,1905227.18937182,41.87274625,-87.77560842,,Urban,1,N,(N/A),Y,(N/A)
2024,2024-09-11,Wednesday,13,01:24 PM,Property Damage,No Injuries,0,0,0,0,0,1,Parked Motor Vehicle,9,N,N,Driving Skills/Knowledge/Experience,Unable to Determine,Darkness,Clear,Dry,N,,,,,No Controls,No Controls,Y,2,41.8870715,-87.7797721,ok,(UNK),1,2405371,2024,,15,18,50000 and OVER,9,4295,Oak Park,C,Urban Local Road or Street,,16,11,12784532,9,Cook,0,24,,,3,N,No,Stopped,202401293509,City,4,0.08,N,,,,(UNK),264934,(N/A),(UNK),No Defects,1,1,Local Road or Street,7,3794,X003549488,Not Toll,73,1,1,Parking Lot,7,2946517.95122644,1910413.17281312,41.88706362,-87.77976631,,Urban,1,N,(N/A),Y,(N/A)
2024,2024-09-12,Thursday,7,07:14 AM,Property Damage,No Injuries,0,0,0,0,0,2,Front to Rear,11,N,N,Following Too Closely,Failing to Reduce Speed to Avoid Crash,Daylight,Clear,Dry,Y,,,,,Stop Sign,Functioning Properly,N,2,41.8946278,-87.7799867,ok,(UNK),1,2405381,2024,,3,28,50000 and OVER,9,4295,Oak Park,C,Urban Minor Arterial,,16,12,12784533,9,Cook,0,24,,,4,N,No,Free Flow,202401293510,City,1,1,N,,,,(UNK),264935,(N/A),(UNK),No Defects,1,1,Minor Arterial,4,3559,X003549489,Not Toll,73,2,4,Not Divided,1,2946382.86807082,1913165.23373963,41.89461999,-87.77998095,,Urban,1,N,(N/A),Y,(N/A)
2024,2024-09-06,Friday,12,12:19 PM,Property Damage,No Injuries,0,0,0,0,0,1,Parked Motor Vehicle,9,N,N,Driving Skills/Knowledge/Experience,(N/A),Daylight,Clear,Dry,N,,,,,No Controls,No Controls,N,2,41.8722978,-87.7992531,ok,(UNK),1,2405245,2024,,15,99,50000 and OVER,9,4295,Oak Park,C,Urban Local Road or Street,,16,6,12784534,9,Cook,0,24,,,5,N,No,Free Flow,202401293511,City,1,0,N,,,,(UNK),264936,(N/A),(UNK),No Defects,1,1,Local Road or Street,7,,X003549490,Not Toll,73,1,1,Not Divided,1,2941361.68641234,1904882.33723229,41.87228993,-87.79924729,,Urban,1,N,(N/A),Y,(N/A)
2024,2024-09-06,Friday,8,08:40 AM,Property Damage,No Injuries,0,0,0,0,0,1,Parked Motor Vehicle,9,N,N,Driving Skills/Knowledge/Experience,(N/A),Daylight,Clear,Dry,N,,,,,No Controls,No Controls,N,2,41.8816408,-87.7812399,ok,(UNK),1,2405238,2024,,15,99,50000 and OVER,9,4295,Oak Park,C,Urban Local Road or Street,,16,6,12784535,9,Cook,0,24,,,5,N,No,Free Flow,202401293512,City,1,0,N,,,,(UNK),264937,(N/A),(UNK),No Defects,1,1,Local Road or Street,7,,X003549491,Not Toll,73,1,1,Not Divided,1,2946173.30341356,1908423.02364946,41.88163298,-87.78123408,,Urban,1,N,(N/A),Y,(N/A)
2024,2024-09-11,Wednesday,14,02:38 PM,Injury,B Injury Crash,2,0,0,2,0,0,Front to Rear,11,N,N,Failing to Reduce Speed to Avoid Crash,Following Too Closely,Daylight,Clear,Dry,N,,,,,No Controls,No Controls,N,2,41.9012829,-87.8055136,ok,(UNK),1,2401138,2024,,28,3,50000 and OVER,9,4295,Oak Park,C,Urban Other Principal Arte,,16,11,12784540,9,Cook,2,24,,,3,N,No,Slow,202401293517,City,1,18.18000031,Y,,,,(UNK),264939,(N/A),(UNK),No Defects,1,1,Other Principal Arterial,3,348,X003549496,Not Toll,73,1,1,"Divided, No Median Barrier",2,2939365.71216146,1915398.04474571,41.90127503,-87.80550778,,Urban,1,N,(N/A),Y,(N/A)
2024,2024-09-12,Thursday,0,00:35 AM,Property Damage,No Injuries,0,0,0,0,0,1,Fixed Object,6,N,N,Under Influence of Alcohol/Drugs,(N/A),Daylight,Clear,Dry,Y,,,,,Traffic Signal,Functioning Properly,N,1,41.8942279,-87.8052324,ok,(UNK),1,2401143,2024,,8,99,50000 and OVER,9,4295,Oak Park,C,Urban Other Principal Arte,,16,12,12784541,9,Cook,0,24,TREE AND PARKING SIGN,,4,N,Yes,Free Flow,202401293518,City,1,18.67000008,Y,,,,(UNK),264940,(N/A),(UNK),No Defects,1,1,Other Principal Arterial,3,348,X003549497,Not Toll,73,3,4,"Divided, No Median Barrier",2,2939513.06766471,1912829.18266492,41.89422004,-87.80522659,,Urban,1,N,(N/A),Y,(N/A)
2024,2024-09-09,Monday,9,09:24 AM,Property Damage,No Injuries,0,0,0,0,0,3,Front to Rear,11,N,N,Failing to Reduce Speed to Avoid Crash,Driving Skills/Knowledge/Experience,Daylight,Clear,Dry,N,,,,,Traffic Signal,Functioning Properly,N,2,41.87972,-87.79426,ok,(UNK),1,2405313,2024,,28,15,50000 and OVER,9,4295,Oak Park,C,Urban Minor Arterial,,16,9,12785118,9,Cook,0,24,,,1,N,No,Slow,202401294050,City,1,3.5999999,N,,,,(UNK),265304,(N/A),(UNK),No Defects,1,1,Minor Arterial,4,1419,X003550020,Not Toll,,3,4,Not Divided,1,2942646.86089228,1907624.69837674,41.87972,-87.79426,,Urban,1,N,(N/A),Y,(N/A)
2024,2024-09-13,Friday,13,01:21 PM,Property Damage,No Injuries,0,0,0,0,0,2,Front to Rear,11,N,N,Unable to Determine,Failing to Reduce Speed to Avoid Crash,Daylight,Clear,Dry,Y,,,,,Traffic Signal,Functioning Properly,N,2,41.8814449,-87.8047879,ok,(UNK),1,24-03007,2024,,18,28,50000 and OVER,9,4295,Oak Park,C,Urban Other Principal Arte,,16,13,12785121,9,Cook,0,24,,,5,N,No,Free Flow,202401294053,City,1,19.55999947,Y,,,,(UNK),265306,(N/A),(UNK),No Defects,1,1,Other Principal Arterial,3,348,X003550023,Not Toll,73,3,4,"Divided, No Median Barrier",2,2939762.36703038,1908174.14808795,41.88143702,-87.80478215,,Urban,1,N,(N/A),Y,(N/A)
2024,2024-09-12,Thursday,15,03:30 PM,Property Damage,No Injuries,0,0,0,0,0,2,Front to Rear,11,N,N,Failing to Reduce Speed to Avoid Crash,Following Too Closely,Daylight,Clear,Dry,N,,,,,Other,Functioning Properly,N,2,41.8737348,-87.8040524,ok,Partial Access Control,3,03-24-17330,2024,,28,3,50000 and OVER,9,4295,Oak Park,C,Urban InterState,,16,12,12785386,9,Cook,0,24,,,4,N,No,(UNK),202401294307,ISP,1,7.71999979,Y,,,,(UNK),265485,(N/A),(UNK),No Defects,1,1,InterState,1,290,X003550277,Not Toll,73,13,4,Divided With Median Barrier,3,2940040.05482166,1905369.99207398,41.87372699,-87.80404664,,Urban,1,N,(N/A),Y,(N/A)
2024,2024-09-13,Friday,1,01:48 AM,Property Damage,No Injuries,0,0,0,0,0,3,Turning,10,N,N,Improper Lane Usage,Failing to Reduce Speed to Avoid Crash,Daylight,Clear,Dry,Y,,,,,Traffic Signal,Functioning Properly,N,2,41.8737771,-87.8045294,ok,Partial Access Control,1,2405414,2024,,20,28,50000 and OVER,9,4295,Oak Park,C,Urban Other Principal Arte,,16,13,12785857,9,Cook,0,24,,,5,N,No,Free Flow,202401294759,City,1,20.07999992,Y,,,,(UNK),265832,(N/A),(UNK),No Defects,1,1,Other Principal Arterial,3,348,X003550730,Not Toll,73,3,4,Divided With Median Barrier,3,2939909.73457202,1905381.82296273,41.87376928,-87.80452356,,Urban,1,N,(N/A),Y,(N/A)
2024,2024-09-12,Thursday,15,03:39 PM,Property Damage,No Injuries,0,0,0,0,0,5,Turning,10,N,N,Failing to Yield Right of Way,Failing to Reduce Speed to Avoid Crash,Daylight,Clear,Dry,Y,,,,,No Controls,No Controls,N,2,41.9091371,-87.7860147,ok,(UNK),1,2405402,2024,,2,28,50000 and OVER,9,4295,Oak Park,C,Urban Other Principal Arte,,16,12,12785858,9,Cook,0,24,,,4,N,No,Slow,202401294760,City,1,6.94000006,Y,,,,(UNK),265833,(N/A),(UNK),No Defects,1,1,Other Principal Arterial,3,307,X003550731,Not Toll,73,1,1,T-Intersection,15,2944594.77579759,1918407.08123984,41.90912928,-87.78600892,,Urban,1,N,(N/A),Y,(N/A)
2024,2024-09-12,Thursday,8,08:17 AM,Property Damage,No Injuries,0,0,0,0,0,2,Front to Rear,11,N,N,Failing to Reduce Speed to Avoid Crash,(N/A),Daylight,Clear,Dry,Y,,,,,Traffic Signal,Functioning Properly,Y,2,41.8797479,-87.7957736,ok,(UNK),1,2405382,2024,,28,99,50000 and OVER,9,4295,Oak Park,C,Urban Minor Arterial,,16,12,12785860,9,Cook,0,24,,,4,N,No,Free Flow,202401294761,City,1,3.51999998,N,,,,(UNK),265834,(N/A),(UNK),No Defects,1,1,Minor Arterial,4,1419,X003550732,Not Toll,73,3,4,Not Divided,1,2942234.36337029,1907623.46041866,41.87974003,-87.79576781,,Urban,1,N,(N/A),Y,(N/A)
2024,2024-09-10,Tuesday,17,05:33 PM,Property Damage,No Injuries,0,0,0,0,0,2,Angle,15,N,N,Failing to Yield Right of Way,Failing to Reduce Speed to Avoid Crash,Daylight,Clear,Dry,Y,,,,,Stop Sign,Functioning Properly,N,2,41.8917914,-87.7799071,ok,(UNK),1,2405346,2024,,2,28,50000 and OVER,9,4295,Oak Park,C,Urban Local Road or Street,,16,10,12785861,9,Cook,0,24,,,2,N,No,Free Flow,202401294762,City,1,1.20000005,N,,,,(UNK),265835,(N/A),(UNK),No Defects,1,1,Local Road or Street,7,3559,X003550733,Not Toll,73,2,4,Not Divided,1,2946433.33325277,1912132.17766051,41.89178354,-87.77990126,,Urban,1,N,(N/A),Y,(N/A)
2024,2024-09-12,Thursday,20,08:05 PM,Property Damage,No Injuries,0,0,0,0,0,2,Turning,10,N,N,Failing to Yield Right of Way,Unable to Determine,Darkness / Lighted Road,Clear,Dry,Y,,,,,Traffic Signal,Functioning Properly,N,2,41.8650331,-87.804216,ok,(UNK),1,24-03001,2024,,2,18,50000 and OVER,9,4295,Oak Park,C,Urban Other Principal Arte,,16,12,12786067,9,Cook,0,24,,,4,N,No,Slow,202401294955,City,5,5.98999977,Y,,,,(UNK),265983,(N/A),(UNK),No Defects,1,1,Other Principal Arterial,3,347,X003550927,Not Toll,52,3,4,"Divided, No Median Barrier",2,2940082.83447165,1902197.70422944,41.86502527,-87.80421016,,Urban,1,N,(N/A),Y,(N/A)