crash_year,crash_date,day_of_week,crash_hour,time_of_crash,crash_severity,crash_injury_severity,total_injured,total_fatals,a_injuries,b_injuries,c_injuries,no_injuries,type_of_first_crash,collision_type_code,pedestrian_involved,pedalcyclist_involved,cause1,cause2,lighting_cond,weather_cond,road_surface_cond,intersection_related,is_intersection,highway_or_street_name,at_intersection_with,address_no,traffic_control_device,traffic_control_device_cond,hit_and_run,number_of_vehicles,latitude,longitude,location_status,access_control,agency_code,agency_report_number,agency_report_year,alignment_code,cause1_code,cause2_code,city_class,city_class_code,city_code,city_name,city_township_flag,class_of_trafficway,class_of_trafficway_code,county_code,crash_day,crash_id,crash_month,crash_report_county,crash_severity_cd,crash_yr_source,damaged_property1,damaged_property2,day_of_week_code,did_crash_occur_in_work_zone,did_involve_secondary_crash,flow_condition,icn,investigating_agency_descrip,light_condition_code,mile_station,nhs,non_intersection_direction,non_intersection_distance,non_intersection_units,number_of_lanes,objectid,railroad_crossing_number,road_alignment,road_defects,road_defects_code,road_surface_condition_code,roadway_functional_class,roadway_functional_class_code,route_number,sfe,toll,township,traffic_control_device_code,traffic_control_device_cond_code,trafficway_descrip,trafficway_description_code,ts_crash_coordinate_x,ts_crash_coordinate_y,ts_crash_latitude,ts_crash_longitude,type_report,urban_rural,weather_code,were_workers_present,work_zone,work_zone_related,work_zone_type
2024,2024-09-10,Tuesday,19,07:30 PM,Property Damage,No Injuries,0,0,0,0,0,3,Front to Rear,11,N,N,Failing to Reduce Speed to Avoid Crash,Following Too Closely,Darkness / Lighted Road,Clear,Dry,N,,,,,Other,Functioning Properly,Y,2,41.8736189,-87.8027376,ok,Partial Access Control,3,03-24-17214,2024,,28,3,50000 and OVER,9,4295,Oak Park,C,Urban InterState,,16,10,12786661,9,Cook,0,24,,,2,N,No,(UNK),202401295535,ISP,5,7.78000021,Y,,,,(UNK),266408,(N/A),(UNK),No Defects,1,1,InterState,1,290,X003551510,Not Toll,73,13,4,Divided With Median Barrier,3,2940399.33222277,1905337.60536042,41.87361105,-87.80273181,,Urban,1,N,(N/A),Y,(N/A)
2024,2024-09-12,Thursday,18,06:00 PM,Property Damage,No Injuries,0,0,0,0,0,3,Front to Rear,11,N,N,Unable to Determine,Unable to Determine,Dusk,Clear,Dry,Y,,,,,No Controls,No Controls,N,2,41.9089992,-87.8002659,ok,(UNK),1,JH428749,2024,,18,18,50000 and OVER,9,4295,Oak Park,C,Urban Other Principal Arte,,16,12,12786759,9,Cook,0,24,,,4,N,No,Free Flow,202401295633,City,3,6.21000004,Y,,,,(UNK),266489,(N/A),(UNK),No Defects,1,1,Other Principal Arterial,3,307,X003551608,Not Toll,73,1,1,Not Divided,1,2940716.76524845,1918249.40265759,41.90899133,-87.80026013,,Urban,1,N,(N/A),Y,(N/A)
2024,2024-09-09,Monday,20,08:47 PM,Property Damage,No Injuries,0,0,0,0,0,2,Angle,15,N,N,Disregarding Traffic Signals,(N/A),Darkness / Lighted Road,Clear,Dry,Y,,,,,Traffic Signal,Functioning Properly,N,2,41.8719982,-87.7939893,ok,(UNK),1,2405327,2024,,25,99,50000 and OVER,9,4295,Oak Park,C,Urban Major Collector,,16,9,12788122,9,Cook,0,24,,,1,N,No,Free Flow,202401296842,City,5,0,N,,,,(UNK),267431,(N/A),(UNK),No Defects,1,1,Major Collector,5,290,X003552811,Not Toll,73,3,4,Four Way,14,2942798.41529153,1904812.78340095,41.87199038,-87.7939835,,Urban,1,N,(N/A),Y,(N/A)
2024,2024-08-25,Sunday,4,04:26 AM,Property Damage,No Injuries,0,0,0,0,0,6,Fixed Object,6,N,N,Failing to Reduce Speed to Avoid Crash,Improper Lane Usage,Darkness / Lighted Road,Clear,Dry,N,,,,,Other Regualtory Sig,Functioning Properly,Y,2,41.8737301,-87.8040216,ok,Partial Access Control,3,03-24-16035,2024,,28,20,50000 and OVER,9,4295,Oak Park,C,Urban InterState,,16,25,12789061,8,Cook,0,24,,,7,N,No,(UNK),202401297425,ISP,5,7.71999979,Y,,,,(UNK),268018,(N/A),(UNK),No Defects,1,1,InterState,1,290,X003553386,Not Toll,73,10,4,Divided With Median Barrier,3,2940048.5,1905368.5,41.87372227,-87.80401581,,Urban,1,N,(N/A),Y,(N/A)
2024,2024-09-10,Tuesday,16,04:54 PM,Injury,B Injury Crash,2,0,0,2,0,0,Angle,15,N,N,Disregarding Stop Sign,Driving Skills/Knowledge/Experience,Daylight,Clear,Dry,N,,,,,Stop Sign,No Controls,N,2,41.87807,-87.78437,ok,(UNK),1,2405345,2024,,23,15,50000 and OVER,9,4295,Oak Park,C,Urban Major Collector,,16,10,12789600,9,Cook,2,24,,,2,N,No,Free Flow,202401297919,City,1,1.64999998,N,,,,(UNK),268360,(N/A),(UNK),No Defects,1,1,Major Collector,5,2783,X003553882,Not Toll,,2,1,Not Divided,1,2945357.00908713,1907098.05728034,41.87807,-87.78437,,Urban,1,N,(N/A),Y,(N/A)
2024,2024-09-16,Monday,11,11:29 AM,Injury,B Injury Crash,1,0,0,1,0,1,Angle,15,N,N,Failing to Yield Right of Way,(N/A),Daylight,Clear,Dry,Y,,,,,Stop Sign,Functioning Properly,N,2,41.89308,-87.78321,ok,(UNK),1,2405491,2024,,2,99,50000 and OVER,9,4295,Oak Park,C,Urban Local Road or Street,,16,16,12789605,9,Cook,2,24,,,1,N,No,Free Flow,202401297923,City,1,0,N,,,,(UNK),268362,(N/A),(UNK),No Defects,1,1,Local Road or Street,7,,X003553886,Not Toll,,2,4,Not Divided,1,2945520.9254025,1912576.76065462,41.89308,-87.78321,,Urban,1,N,(N/A),Y,(N/A)
2024,2024-09-16,Monday,15,03:29 PM,Injury,C Injury Crash,1,0,0,0,1,1,Pedalcyclist,2,N,Y,Failing to Yield Right of Way,Failing to Reduce Speed to Avoid Crash,Daylight,Clear,Unknown,N,,,,,Pedestrian Crossing,Functioning Properly,Y,1,41.8945279,-87.7881269,ok,(UNK),1,2405502,2024,,2,28,50000 and OVER,9,4295,Oak Park,C,Urban Minor Arterial,,16,16,12789606,9,Cook,1,24,,,1,N,No,Slow,202401304084,City,1,3.45000005,N,,,,(UNK),268363,(N/A),(UNK),Unknown,99,9,Minor Arterial,4,1398,X003553887,Not Toll,73,17,4,"Divided, No Median Barrier",2,2944167.49792375,1913067.2352961,41.89452006,-87.7881211,,Urban,1,N,(N/A),N,(N/A)
2024,2024-05-16,Thursday,8,08:30 AM,Property Damage,No Injuries,0,0,0,0,0,1,Fixed Object,6,N,N,Improper Backing,Failing to Reduce Speed to Avoid Crash,Daylight,Cloudy/Overcast,Dry,N,,,,,Stop Sign,Functioning Properly,N,1,41.8873349,-87.7925798,ok,(UNK),1,2402712,2024,,30,28,50000 and OVER,9,4295,Oak Park,C,Urban Local Road or Street,,16,16,12790117,5,Cook,0,24,SIGNAL BOX,,4,N,No,Slow,202401298399,City,1,0,N,,,,(UNK),268702,(N/A),(UNK),No Defects,1,1,Local Road or Street,7,,X003554353,Not Toll,73,2,4,Not Divided,1,2943027.64170865,1910412.35991156,41.88732703,-87.79257399,,Urban,8,N,(N/A),Y,(N/A)
2024,2024-09-16,Monday,7,07:54 AM,Property Damage,No Injuries,0,0,0,0,0,2,Front to Rear,11,N,N,Following Too Closely,Failing to Reduce Speed to Avoid Crash,Daylight,Clear,Dry,N,,,,,Traffic Signal,Functioning Properly,N,2,41.8943597,-87.7975727,ok,(UNK),1,2405484,2024,,3,28,50000 and OVER,9,4295,Oak Park,C,Urban Minor Arterial,,16,16,12791135,9,Cook,0,24,,,1,N,No,Slow,202401299321,City,1,2.94000006,N,,,,(UNK),269380,(N/A),(UNK),No Defects,1,1,Minor Arterial,4,1398,X003555283,Not Toll,73,3,4,"Divided, No Median Barrier",2,2941597.31845144,1912934.74667045,41.89435187,-87.79756687,,Urban,1,N,(N/A),Y,(N/A)
2024,2024-09-16,Monday,10,10:22 AM,Property Damage,No Injuries,0,0,0,0,0,3,Angle,15,N,N,Failing to Yield Right of Way,Failing to Reduce Speed to Avoid Crash,Daylight,Clear,Dry,N,,,,,No Controls,No Controls,N,3,41.8799999,-87.7847218,ok,(UNK),1,2405489,2024,,2,28,50000 and OVER,9,4295,Oak Park,C,Urban Minor Arterial,,16,16,12791138,9,Cook,0,24,,,1,N,Yes,Free Flow,202401299322,City,1,0,N,,,,(UNK),269381,(N/A),(UNK),No Defects,1,1,Minor Arterial,4,,X003555284,Not Toll,73,1,1,"Divided, No Median Barrier",2,2945241.65937715,1907798.69930519,41.87999209,-87.78471603,,Urban,1,N,(N/A),Y,(N/A)
2024,2024-09-17,Tuesday,21,09:17 PM,Injury,B Injury Crash,1,0,0,1,0,1,Front to Rear,11,N,N,(N/A),(N/A),Darkness / Lighted Road,Clear,Dry,N,,,,,Traffic Signal,Functioning Properly,N,2,41.8735111,-87.7940301,ok,(UNK),1,2405542,2024,,99,99,50000 and OVER,9,4295,Oak Park,C,Urban Major Collector,,16,17,12792432,9,Cook,2,24,,,2,N,No,Stopped,202401300671,City,5,6.57999992,N,,,,(UNK),270244,(N/A),(UNK),No Defects,1,1,Major Collector,5,2775,X003556500,Not Toll,73,3,4,Not Divided,1,2942772.06175065,1905363.79130114,41.87350325,-87.79402427,,Urban,1,N,(N/A),Y,(N/A)
2024,2024-09-17,Tuesday,14,02:50 PM,Property Damage,No Injuries,0,0,0,0,0,2,Sideswipe Same Direction,12,N,N,Failing to Yield Right of Way,Improper Lane Usage,Daylight,Clear,Dry,N,,,,,No Controls,No Controls,N,2,41.8791925,-87.7746389,ok,(UNK),1,2405528,2024,,2,20,50000 and OVER,9,4295,Oak Park,C,Urban Minor Arterial,,16,17,12792435,9,Cook,0,24,,,2,N,No,Free Flow,202401300673,City,1,7.73000002,N,,,,(UNK),270245,(N/A),(UNK),No Defects,1,1,Minor Arterial,4,2790,X003556503,Not Toll,,1,1,Not Divided,1,2947995.85652798,1907580.88573499,41.8791847,-87.77463307,,Urban,1,N,(N/A),Y,(N/A)
2024,2024-09-14,Saturday,17,05:42 PM,Property Damage,No Injuries,0,0,0,0,0,3,Turning,10,N,N,Failing to Yield Right of Way,Driving Skills/Knowledge/Experience,Daylight,Clear,Dry,Y,,,,,Stop Sign,Functioning Properly,N,2,41.8817578,-87.782866,ok,(UNK),1,2405459,2024,,2,15,50000 and OVER,9,4295,Oak Park,C,Urban Major Collector,,16,14,12792436,9,Cook,0,24,,,6,N,No,Free Flow,202401300674,City,1,1.12,N,,,,(UNK),270246,(N/A),(UNK),No Defects,1,1,Major Collector,5,5,X003556504,Not Toll,73,2,4,"Divided, No Median Barrier",2,2945729.27363424,1908453.35414413,41.88174999,-87.7828602,,Urban,1,N,(N/A),Y,(N/A)
2024,2024-09-15,Sunday,7,07:00 AM,Injury,B Injury Crash,1,0,0,1,0,0,Fixed Object,6,N,N,Improper Lane Usage,Failing to Reduce Speed to Avoid Crash,Daylight,Clear,Dry,N,,,,,Traffic Signal,Functioning Properly,N,5,41.88191,-87.77959,ok,(UNK),1,2405465,2024,,20,28,50000 and OVER,9,4295,Oak Park,C,Urban Major Collector,,16,15,12793304,9,Cook,2,24,TREE AND PARKWAY GRASS,,7,N,No,Free Flow,202401301283,City,1,1.29999995,N,,,,(UNK),270834,(N/A),(UNK),No Defects,1,1,Major Collector,5,5,X003557075,Not Toll,,3,4,Not Divided,1,2946619.88886642,1908533.61559359,41.88191,-87.77959,,Urban,1,N,(N/A),Y,(N/A)
2024,2024-09-14,Saturday,19,07:30 PM,Property Damage,No Injuries,0,0,0,0,0,2,Front to Rear,11,N,N,Following Too Closely,Failing to Reduce Speed to Avoid Crash,Darkness / Lighted Road,Clear,Dry,N,,,,,Other,Functioning Properly,N,2,41.8719872,-87.7846663,ok,Partial Access Control,3,03-24-17507,2024,,3,28,50000 and OVER,9,4295,Oak Park,C,Urban InterState,,16,14,12793408,9,Cook,0,24,,,6,N,No,(UNK),202401301381,ISP,5,8.68000031,Y,,,,(UNK),270916,(N/A),(UNK),No Defects,1,1,InterState,1,290,X003557175,Not Toll,73,13,4,Divided With Median Barrier,3,2945337.85294118,1904879.14527629,41.87197939,-87.78466054,,Urban,1,N,(N/A),Y,(N/A)
2024,2024-09-19,Thursday,12,12:50 PM,Property Damage,No Injuries,0,0,0,0,0,2,Sideswipe Same Direction,12,N,N,Improper Lane Usage,Improper Overtaking/Passing,Daylight,Clear,Dry,Y,,,,,Traffic Signal,Functioning Properly,Y,2,41.8942279,-87.8052308,ok,(UNK),1,2405587,2024,,20,4,50000 and OVER,9,4295,Oak Park,C,Urban Other Principal Arte,,16,19,12794177,9,Cook,0,24,,,4,N,No,Free Flow,202401302086,City,1,18.67000008,Y,,,,(UNK),271405,(N/A),(UNK),No Defects,1,1,Other Principal Arterial,3,348,X003557878,Not Toll,73,3,4,"Divided, No Median Barrier",2,2939513.50597674,1912829.19114688,41.89422003,-87.80522498,,Urban,1,N,(N/A),Y,(N/A)
2024,2024-09-20,Friday,10,10:10 AM,Property Damage,No Injuries,0,0,0,0,0,1,Fixed Object,6,N,N,Failing to Reduce Speed to Avoid Crash,Driving Skills/Knowledge/Experience,Daylight,Clear,Dry,N,,,,,Traffic Signal,Functioning Properly,N,1,41.8871204,-87.7846543,ok,(UNK),1,2405601,2024,,28,15,50000 and OVER,9,4295,Oak Park,C,Urban Major Collector,,16,20,12795249,9,Cook,0,24,BRIDGE UNDERSIDE,,5,N,No,Slow,202401303145,City,1,1.01999998,N,,,,(UNK),272130,(N/A),(UNK),No Defects,1,1,Major Collector,5,2783,X003558895,Not Toll,73,3,4,Divided With Median Barrier,3,2945187.98015932,1910394.03084499,41.88711252,-87.78464853,,Urban,1,N,(N/A),Y,(N/A)
2024,2024-09-20,Friday,21,09:13 PM,Injury,A Injury Crash,3,0,1,2,0,0,Pedalcyclist,2,N,Y,Failing to Yield Right of Way,Disregarding Stop Sign,Darkness / Lighted Road,Clear,Dry,Y,,,,,Stop Sign,Functioning Properly,N,1,41.8997577,-87.7923767,ok,(UNK),1,2405623,2024,,2,23,50000 and OVER,9,4295,Oak Park,C,Urban Local Road or Street,,16,20,12795250,9,Cook,3,24,,,5,N,No,Free Flow,202401303146,City,5,0,N,,,,(UNK),272131,(N/A),(UNK),No Defects,1,1,Local Road or Street,7,,X003558896,Not Toll,73,2,4,Four Way,14,2942957.6035133,1914940.99989323,41.89974984,-87.79237089,,Urban,1,N,(N/A),Y,(N/A)
2024,2024-09-19,Thursday,12,12:30 PM,Property Damage,No Injuries,0,0,0,0,0,2,Front to Rear,11,N,N,Following Too Closely,(N/A),Daylight,Clear,Dry,N,,,,,No Controls,No Controls,Y,2,41.9087162,-87.805779,ok,(UNK),1,2401181,2024,,3,99,50000 and OVER,9,4295,Oak Park,C,Urban Other Principal Arte,,16,19,12795251,9,Cook,0,24,,,4,N,No,Free Flow,202401303147,City,1,17.65999985,Y,,,,(UNK),272132,(N/A),(UNK),No Defects,1,1,Other Principal Arterial,3,348,X003558897,Not Toll,73,1,1,Not Divided,1,2939218.85092679,1918104.89395828,41.90870833,-87.80577323,,Urban,1,N,(N/A),Y,(N/A)
2024,2024-09-01,Sunday,12,12:50 PM,Property Damage,No Injuries,0,0,0,0,0,2,Front to Rear,11,N,N,Failing to Reduce Speed to Avoid Crash,Following Too Closely,Daylight,Unknown,Unknown,N,,,,,No Controls,No Controls,N,2,41.8795973,-87.8047325,ok,(UNK),1,24-02914,2024,,28,3,50000 and OVER,9,4295,Oak Park,C,Urban Other Principal Arte,,16,1,12796409,9,Cook,0,24,,,7,N,No,Stopped,202401304265,City,1,19.68000031,Y,,,,(UNK),272949,(N/A),(UNK),No Defects,1,9,Other Principal Arterial,3,348,X003560009,Not Toll,73,1,1,"Divided, No Median Barrier",2,2939796.01606087,1907501.28335946,41.87958947,-87.80472667,,Urban,9,N,(N/A),Y,(N/A)
2024,2024-09-22,Sunday,23,11:32 PM,Property Damage,No Injuries,0,0,0,0,0,2,Fixed Object,6,N,N,Improper Lane Usage,Driving Skills/Knowledge/Experience,Darkness / Lighted Road,Clear,Wet,Y,,,,,No Controls,No Controls,N,1,41.8854023,-87.8049139,ok,(UNK),1,24-03131,2024,,20,15,50000 and OVER,9,4295,Oak Park,C,Urban Other Principal Arte,,16,22,12797256,9,Cook,0,24,LIGHT POLE,,7,N,No,Free Flow,202401304841,City,5,19.28000069,Y,,,,(UNK),273535,(N/A),(UNK),No Defects,1,2,Other Principal Arterial,3,348,X003560576,Not Toll,73,1,1,"Divided, No Median Barrier",2,2939688.35976913,1909615.37089472,41.88539447,-87.80490809,,Urban,1,N,(N/A),Y,(N/A)
2024,2024-09-09,Monday,5,05:59 AM,Property Damage,No Injuries,0,0,0,0,0,3,Front to Rear,11,N,N,Following Too Closely,Failing to Reduce Speed to Avoid Crash,Daylight,Clear,Dry,N,,,,,Other,Other,N,2,41.8730082,-87.7993928,ok,Partial Access Control,3,03-24-17053,2024,,3,28,50000 and OVER,9,4295,Oak Park,C,Urban InterState,,16,9,12797624,9,Cook,0,24,,,1,N,No,(UNK),202401305195,ISP,1,7.94000006,Y,,,,(UNK),273786,(N/A),(UNK),No Defects,1,1,InterState,1,290,X003560923,Not Toll,73,13,7,Divided With Median Barrier,3,2941316.49086706,1905140.17839196,41.87300036,-87.79938699,,Urban,1,N,(N/A),Y,(N/A)
2024,2024-09-08,Sunday,12,12:00 PM,Property Damage,No Injuries,0,0,0,0,0,2,Sideswipe Same Direction,12,N,N,Improper Lane Usage,Failing to Reduce Speed to Avoid Crash,Daylight,Clear,Dry,N,,,,,Other,Functioning Properly,Y,2,41.873331,-87.8027032,ok,Partial Access Control,3,03-24-17224,2024,,20,28,50000 and OVER,9,4295,Oak Park,C,Urban InterState,,16,8,12797767,9,Cook,0,24,,,7,N,No,(UNK),202401305319,ISP,1,7.78000021,Y,,,,(UNK),273874,(N/A),(UNK),No Defects,1,1,InterState,1,290,X003561047,Not Toll,73,13,4,Divided With Median Barrier,3,2940411.60637922,1905232.93812814,41.87332312,-87.80269737,,Urban,1,N,(N/A),Y,(N/A)
2024,2024-09-20,Friday,12,12:33 PM,Property Damage,No Injuries,0,0,0,0,0,2,Front to Rear,11,N,N,Failing to Reduce Speed to Avoid Crash,Unable to Determine,Daylight,Clear,Dry,Y,,,,,Traffic Signal,Functioning Properly,Y,2,41.9015576,-87.8055225,ok,(UNK),1,2405620,2024,,28,18,50000 and OVER,9,4295,Oak Park,C,Urban Other Principal Arte,,16,20,12798254,9,Cook,0,24,,,5,N,No,Stopped,202401305786,City,1,18.15999985,Y,,,,(UNK),274192,(N/A),(UNK),No Defects,1,1,Other Principal Arterial,3,348,X003561493,Not Toll,73,3,4,Four Way,14,2939360.53876058,1915498.0999013,41.90154977,-87.80551666,,Urban,1,N,(N/A),Y,(N/A)
2024,2024-09-20,Friday,14,02:15 PM,Injury,B Injury Crash,1,0,0,1,0,3,Angle,15,N,N,Failing to Yield Right of Way,Failing to Reduce Speed to Avoid Crash,Daylight,Clear,Dry,Y,,,,,Stop Sign,Functioning Properly,N,2,41.87984,-87.78693,ok,(UNK),1,2405610,2024,,2,28,50000 and OVER,9,4295,Oak Park,C,Urban Minor Arterial,,16,20,12798265,9,Cook,2,24,,,5,N,No,Free Flow,202401305803,City,1,3.99000001,N,,,,(UNK),274198,(N/A),(UNK),No Defects,1,1,Minor Arterial,4,1419,X003561504,Not Toll,,2,4,Not Divided,1,2944641.90433665,1907723.72538279,41.87984,-87.78693,,Urban,1,N,(N/A),Y,(N/A)
2024,2024-09-21,Saturday,17,05:25 PM,Property Damage,No Injuries,0,0,0,0,0,2,Sideswipe Same Direction,12,N,N,Failing to Reduce Speed to Avoid Crash,Unable to Determine,Daylight,Clear,Dry,Y,,,,,Traffic Signal,Functioning Properly,N,2,41.8759848,-87.8045958,ok,(UNK),1,2405639,2024,,28,18,50000 and OVER,9,4295,Oak Park,C,Urban Other Principal Arte,,16,21,12798296,9,Cook,0,24,,,6,N,No,Stopped,202401305833,City,1,19.93000031,Y,,,,(UNK),274213,(N/A),(UNK),No Defects,1,1,Other Principal Arterial,3,348,X003561530,Not Toll,73,3,4,Not Divided,1,2939869.49456576,1906185.86027551,41.875977,-87.80458997,,Urban,1,N,(N/A),Y,(N/A)
2024,2024-09-23,Monday,13,01:09 PM,Property Damage,No Injuries,0,0,0,0,0,2,Turning,10,N,N,Failing to Yield Right of Way,Driving Skills/Knowledge/Experience,Daylight,Clear,Dry,Y,,,,,No Controls,No Controls,N,2,41.88319,-87.80399,ok,(UNK),1,2405676,2024,,2,15,50000 and OVER,9,4295,Oak Park,C,Urban Local Road or Street,,16,23,12799785,9,Cook,0,24,,,1,N,No,Free Flow,202401307184,City,1,0,N,,,,(UNK),275165,(N/A),(UNK),No Defects,1,1,Local Road or Street,7,,X003562856,Not Toll,,1,1,"Divided, No Median Barrier",2,2939962.15728931,1908816.09076585,41.88319,-87.80399,,Urban,1,N,(N/A),Y,(N/A)
2024,2024-09-16,Monday,16,04:52 PM,Property Damage,No Injuries,0,0,0,0,0,2,Sideswipe Same Direction,12,N,N,Failing to Reduce Speed to Avoid Crash,Improper Lane Usage,Daylight,Clear,Dry,N,,,,,Other Regualtory Sig,Functioning Properly,N,2,41.8736448,-87.8030097,ok,Partial Access Control,3,03-24-17656,2024,,28,20,50000 and OVER,9,4295,Oak Park,C,Urban InterState,,16,16,12799926,9,Cook,0,24,,,1,N,No,(UNK),202401308491,ISP,1,7.76999998,Y,,,,(UNK),275254,(N/A),(UNK),No Defects,1,1,InterState,1,290,X003562984,Not Toll,73,10,4,Divided With Median Barrier,3,2940324.96506239,1905344.98636364,41.87363691,-87.8030039,,Urban,1,N,(N/A),Y,(N/A)
2024,2024-09-16,Monday,16,04:00 PM,Property Damage,No Injuries,0,0,0,0,0,2,Front to Rear,11,N,N,Failing to Reduce Speed to Avoid Crash,Following Too Closely,Daylight,Clear,Dry,N,,,,,Other Regualtory Sig,Functioning Properly,N,2,41.8726071,-87.7937462,ok,Partial Access Control,3,03-24-17649,2024,,28,3,50000 and OVER,9,4295,Oak Park,C,Urban InterState,,16,16,12800161,9,Cook,0,24,,,1,N,No,(UNK),202401307533,ISP,1,22.07999992,Y,,,,(UNK),275419,(N/A),(UNK),No Defects,1,1,InterState,1,9290,X003563211,Not Toll,73,10,4,Divided With Median Barrier,3,2942858.5,1905036.5,41.87259926,-87.79374037,,Urban,1,N,(N/A),Y,(N/A)
2024,2024-09-23,Monday,17,05:13 PM,Property Damage,No Injuries,0,0,0,0,0,2,Angle,15,N,N,Disregarding Traffic Signals,Failing to Yield Right of Way,Daylight,Clear,Dry,Y,,,,,Traffic Signal,Functioning Properly,N,2,41.9091643,-87.7833533,ok,(UNK),1,2405688,2024,,25,2,50000 and OVER,9,4295,Oak Park,C,Urban Other Principal Arte,,16,23,12800559,9,Cook,0,24,,,1,N,No,Slow,202401307872,City,1,7.07000017,Y,,,,(UNK),275654,(N/A),(UNK),No Defects,1,1,Other Principal Arterial,3,307,X003563553,Not Toll,73,3,4,Not Divided,1,2945318.98129063,1918437.12647258,41.90915649,-87.7833475,,Urban,1,N,(N/A),Y,(N/A)
2024,2024-09-20,Friday,20,08:15 PM,Property Damage,No Injuries,0,0,0,0,0,3,Sideswipe Same Direction,12,N,N,Improper Lane Usage,(N/A),Darkness / Lighted Road,Clear,Dry,N,,,,,Other,Functioning Properly,N,2,41.8712629,-87.7795183,ok,Partial Access Control,3,03-24-17989,2024,,20,99,50000 and OVER,9,4295,Oak Park,C,Urban InterState,,16,20,12800705,9,Cook,0,24,,,5,N,No,(UNK),202401308004,ISP,5,8.94999981,Y,,,,(UNK),275743,(N/A),(UNK),No Defects,1,1,InterState,1,290,X003563681,Not Toll,,13,4,Divided With Median Barrier,3,2946747.38252942,1904654.16383144,41.87126291,-87.77951832,,Urban,1,N,(N/A),Y,(N/A)
2024,2024-09-24,Tuesday,19,07:31 PM,Injury,A Injury Crash,1,0,1,0,0,1,Pedestrian,1,Y,N,Failing to Reduce Speed to Avoid Crash,Failing to Yield Right of Way,Darkness / Lighted Road,Cloudy/Overcast,Wet,Y,,,,,Stop Sign,Functioning Properly,N,1,41.87056,-87.79784,ok,(UNK),1,2405721,2024,,28,2,50000 and OVER,9,4295,Oak Park,C,Urban Local Road or Street,,16,24,12800791,9,Cook,3,24,,,2,N,No,Free Flow,202401308089,City,5,0,N,,,,(UNK),275813,(N/A),(UNK),No Defects,1,2,Local Road or Street,7,,X003563766,Not Toll,,2,4,Not Divided,1,2941764.05674427,1904259.6852761,41.87056,-87.79784,,Urban,8,N,(N/A),Y,(N/A)
2024,2024-09-24,Tuesday,17,05:16 PM,Property Damage,No Injuries,0,0,0,0,0,2,Sideswipe Same Direction,12,N,N,Failing to Yield Right of Way,Driving Skills/Knowledge/Experience,Daylight,Rain,Wet,N,,,,,No Controls,No Controls,N,2,41.87059,-87.78411,ok,(UNK),1,2405719,2024,,2,15,50000 and OVER,9,4295,Oak Park,C,Urban Major Collector,,16,24,12800811,9,Cook,0,24,,,2,N,No,Free Flow,202401308109,City,1,0,N,,,,(UNK),275825,(N/A),(UNK),No Defects,1,2,Major Collector,5,,X003563786,Not Toll,,1,1,"Divided, No Median Barrier",2,2945503.52454315,1904374.17533085,41.87059,-87.78411,,Urban,2,N,(N/A),Y,(N/A)
2024,2024-09-24,Tuesday,6,06:39 AM,Injury,C Injury Crash,1,0,0,0,1,1,Pedestrian,1,Y,N,Unable to Determine,Unable to Determine,Dawn,Rain,Wet,Y,,,,,Traffic Signal,Functioning Properly,N,1,41.88155,-87.79427,ok,(UNK),1,2405696,2024,,18,18,50000 and OVER,9,4295,Oak Park,C,Urban Major Collector,,16,24,12800866,9,Cook,1,24,,,2,N,No,Free Flow,202401308158,City,2,0,N,,,,(UNK),275861,(N/A),(UNK),No Defects,1,2,Major Collector,5,,X003563835,Not Toll,,3,4,Four Way,14,2942625.69287431,1908291.50854355,41.88155,-87.79427,,Urban,2,N,(N/A),Y,(N/A)
2024,2024-09-25,Wednesday,7,07:00 AM,Property Damage,No Injuries,0,0,0,0,0,2,Front to Rear,11,N,N,Failing to Reduce Speed to Avoid Crash,Following Too Closely,Daylight,Clear,Dry,N,,,,,Other Regualtory Sig,Functioning Properly,N,2,41.8732887,-87.8022694,ok,Partial Access Control,3,03-24-18391,2024,,28,3,50000 and OVER,9,4295,Oak Park,C,Urban InterState,,16,25,12801194,9,Cook,0,24,,,3,N,No,(UNK),202401308458,ISP,1,7.80000019,Y,,,,(UNK),276073,(N/A),(UNK),No Defects,1,1,InterState,1,290,X003564133,Not Toll,73,10,4,Divided With Median Barrier,3,2940530.17579191,1905220.79233326,41.87328086,-87.80226359,,Urban,1,N,(N/A),Y,(N/A)
2024,2024-09-24,Tuesday,8,08:08 AM,Injury,B Injury Crash,1,0,0,1,0,2,Angle,15,N,N,Failing to Yield Right of Way,(N/A),Daylight,Clear,Dry,Y,,,,,Stop Sign,No Controls,N,2,41.8946278,-87.7799859,ok,(UNK),1,2405699,2024,,2,99,50000 and OVER,9,4295,Oak Park,C,Urban Minor Arterial,,16,24,12802159,9,Cook,2,24,FENCE,,2,N,Yes,Free Flow,202401309406,City,1,1,N,,,,(UNK),276742,(N/A),(UNK),No Defects,1,1,Minor Arterial,4,3559,X003565035,Not Toll,73,2,1,"Divided, No Median Barrier",2,2946383.09451335,1913165.2418674,41.89462,-87.77998011,,Urban,1,N,(N/A),Y,(N/A)
2024,2024-09-15,Sunday,18,06:19 PM,Property Damage,No Injuries,0,0,0,0,0,1,Parked Motor Vehicle,9,N,N,Driving Skills/Knowledge/Experience,Distraction - From Inside Vehicle,Daylight,Clear,Dry,N,,,,,No Controls,No Controls,N,3,41.89041,-87.77991,ok,(UNK),1,2405475,2024,,15,41,50000 and OVER,9,4295,Oak Park,C,Urban Local Road or Street,,16,15,12802715,9,Cook,0,24,,,7,N,No,Free Flow,202401309731,City,1,0,N,,,,(UNK),277053,(N/A),(UNK),No Defects,1,1,Local Road or Street,7,,X003565288,Not Toll,,1,1,"Divided, No Median Barrier",2,2946446.54247443,1911628.75206047,41.89041,-87.77991,,Urban,1,N,(N/A),Y,(N/A)