crash_year,crash_date,day_of_week,crash_hour,time_of_crash,crash_severity,crash_injury_severity,total_injured,total_fatals,a_injuries,b_injuries,c_injuries,no_injuries,type_of_first_crash,collision_type_code,pedestrian_involved,pedalcyclist_involved,cause1,cause2,lighting_cond,weather_cond,road_surface_cond,intersection_related,is_intersection,highway_or_street_name,at_intersection_with,address_no,traffic_control_device,traffic_control_device_cond,hit_and_run,number_of_vehicles,latitude,longitude,location_status,access_control,agency_code,agency_report_number,agency_report_year,alignment_code,cause1_code,cause2_code,city_class,city_class_code,city_code,city_name,city_township_flag,class_of_trafficway,class_of_trafficway_code,county_code,crash_day,crash_id,crash_month,crash_report_county,crash_severity_cd,crash_yr_source,damaged_property1,damaged_property2,day_of_week_code,did_crash_occur_in_work_zone,did_involve_secondary_crash,flow_condition,icn,investigating_agency_descrip,light_condition_code,mile_station,nhs,non_intersection_direction,non_intersection_distance,non_intersection_units,number_of_lanes,objectid,railroad_crossing_number,road_alignment,road_defects,road_defects_code,road_surface_condition_code,roadway_functional_class,roadway_functional_class_code,route_number,sfe,toll,township,traffic_control_device_code,traffic_control_device_cond_code,trafficway_descrip,trafficway_description_code,ts_crash_coordinate_x,ts_crash_coordinate_y,ts_crash_latitude,ts_crash_longitude,type_report,urban_rural,weather_code,were_workers_present,work_zone,work_zone_related,work_zone_type
2024,2024-09-21,Saturday,8,08:50 AM,Property Damage,No Injuries,0,0,0,0,0,2,Turning,10,N,N,Failing to Yield Right of Way,Unable to Determine,Daylight,Clear,Dry,Y,,,,,Stop Sign,Functioning Properly,N,2,41.8651031,-87.7989623,ok,(UNK),1,2405730,2024,,2,18,50000 and OVER,9,4295,Oak Park,C,Urban Other Principal Arte,,16,21,12802943,9,Cook,0,24,,,6,N,No,Free Flow,202401309969,City,1,6.26000023,Y,,,,(UNK),277199,(N/A),(UNK),No Defects,1,1,Other Principal Arterial,3,347,X003565489,Not Toll,52,2,4,Four Way,14,2941513.25472967,1902262.65158651,41.86509524,-87.79895646,,Urban,1,N,(N/A),Y,(N/A)
2024,2024-09-25,Wednesday,12,12:17 PM,Property Damage,No Injuries,0,0,0,0,0,2,Turning,10,N,N,Failing to Yield Right of Way,Failing to Reduce Speed to Avoid Crash,Daylight,Clear,Dry,Y,,,,,Stop Sign,Functioning Properly,N,2,41.8997144,-87.8054454,ok,(UNK),1,2405734,2024,,2,28,50000 and OVER,9,4295,Oak Park,C,Urban Other Principal Arte,,16,25,12803181,9,Cook,0,24,,,3,N,No,Free Flow,202401310331,City,1,18.28000069,Y,,,,(UNK),277356,(N/A),(UNK),No Defects,1,1,Other Principal Arterial,3,348,X003565718,Not Toll,73,2,4,Four Way,14,2939400.01152298,1914826.9694652,41.89970654,-87.80543961,,Urban,1,N,(N/A),Y,(N/A)
2024,2024-09-17,Tuesday,16,04:20 PM,Property Damage,No Injuries,0,0,0,0,0,4,Front to Rear,11,N,N,Failing to Reduce Speed to Avoid Crash,Following Too Closely,Daylight,Clear,Dry,N,,,,,Other Regualtory Sig,Functioning Properly,N,4,41.8718937,-87.7836011,ok,Partial Access Control,3,03-24-17744,2024,,28,3,50000 and OVER,9,4295,Oak Park,C,Urban InterState,,16,17,12803360,9,Cook,0,24,,,2,N,No,(UNK),202401310508,ISP,1,8.73999977,Y,,,,(UNK),277478,(N/A),(UNK),No Defects,1,1,InterState,1,290,X003565890,Not Toll,73,10,4,Divided With Median Barrier,3,2945628.94385027,1904853.12923351,41.87188589,-87.7835953,,Urban,1,N,(N/A),Y,(N/A)
2024,2024-09-23,Monday,19,07:20 PM,Property Damage,No Injuries,0,0,0,0,0,2,Front to Rear,11,N,N,Failing to Reduce Speed to Avoid Crash,Following Too Closely,Dusk,Clear,Dry,N,,,,,Other,Functioning Properly,Y,2,41.8719599,-87.7843602,ok,Partial Access Control,3,03-24-18260,2024,,28,3,50000 and OVER,9,4295,Oak Park,C,Urban InterState,,16,23,12803411,9,Cook,0,24,,,1,N,No,(UNK),202401310558,ISP,3,22.57999992,Y,,,,(UNK),277515,(N/A),(UNK),No Defects,1,1,InterState,1,9290,X003565941,Not Toll,73,13,4,Divided With Median Barrier,3,2945421.5,1904871.5,41.87195206,-87.78435445,,Urban,1,N,(N/A),Y,(N/A)
2024,2024-09-16,Monday,0,00:30 AM,Property Damage,No Injuries,0,0,0,0,0,2,Front to Rear,11,N,N,Failing to Reduce Speed to Avoid Crash,Driving Skills/Knowledge/Experience,Darkness / Lighted Road,Clear,Dry,Y,,,,,Other,Functioning Properly,N,2,41.8736414,-87.8045238,ok,Partial Access Control,3,03-24-17589,2024,,28,15,50000 and OVER,9,4295,Oak Park,C,Urban InterState,,16,16,12803611,9,Cook,0,24,,,1,N,No,(UNK),202401310763,ISP,5,0.23999999,Y,,,,(UNK),277665,(N/A),(UNK),No Defects,1,1,InterState,1,290,X003566137,Not Toll,73,13,4,Divided With Median Barrier,3,2939912.62013265,1905332.39506401,41.87363353,-87.80451796,,Urban,1,N,(N/A),Y,(N/A)
2024,2024-09-25,Wednesday,14,02:34 PM,Property Damage,No Injuries,0,0,0,0,0,3,Rear to Front,18,N,N,Following Too Closely,(N/A),Daylight,Clear,Dry,N,,,,,No Controls,No Controls,N,2,41.8804339,-87.7746819,ok,(UNK),1,2405739,2024,,3,99,50000 and OVER,9,4295,Oak Park,C,Urban Minor Arterial,,16,25,12804287,9,Cook,0,24,,,3,N,No,Free Flow,202401311543,City,1,7.63999987,N,,,,(UNK),278093,(N/A),(UNK),No Defects,1,1,Minor Arterial,4,2790,X003566738,Not Toll,,1,1,Not Divided,1,2947971.52087048,1908032.93793551,41.88042607,-87.7746761,,Urban,1,N,(N/A),Y,(N/A)
2024,2024-09-27,Friday,6,06:22 AM,Property Damage,No Injuries,0,0,0,0,0,2,Front to Rear,11,N,N,Failing to Reduce Speed to Avoid Crash,Following Too Closely,Daylight,Clear,Dry,N,,,,,No Controls,No Controls,N,2,41.8715485,-87.7794105,ok,Partial Access Control,3,03-24-18524,2024,,28,3,50000 and OVER,9,4295,Oak Park,C,Urban InterState,,16,27,12804330,9,Cook,0,24,,,5,N,No,(UNK),202401311604,ISP,1,8.94999981,Y,,,,(UNK),278121,(N/A),(UNK),No Defects,1,1,InterState,1,290,X003566777,Not Toll,73,1,1,Divided With Median Barrier,3,2946773.85356671,1904759.07146631,41.87154071,-87.7794047,,Urban,1,N,(N/A),Y,(N/A)
2024,2024-09-22,Sunday,16,04:34 PM,Property Damage,No Injuries,0,0,0,0,0,1,Parked Motor Vehicle,9,N,N,Failing to Reduce Speed to Avoid Crash,Unable to Determine,Unknown,Unknown,Unknown,N,,,,,No Controls,No Controls,Y,2,41.89649,-87.77686,ok,(UNK),1,2405663,2024,,28,18,50000 and OVER,9,4295,Oak Park,C,Urban Local Road or Street,,16,22,12804337,9,Cook,0,24,,,7,N,No,Slow,202401311614,City,9,0,N,,,,(UNK),278127,(N/A),(UNK),Unknown,99,9,Local Road or Street,7,,X003566784,Not Toll,,1,1,Not Divided,1,2947215.29712386,1913867.55074402,41.89649,-87.77686,,Urban,9,N,(N/A),N,(N/A)
2024,2024-09-12,Thursday,15,03:37 PM,Property Damage,No Injuries,0,0,0,0,0,1,Parked Motor Vehicle,9,N,N,Improper Backing,Driving Skills/Knowledge/Experience,Daylight,Clear,Dry,N,,,,,No Controls,No Controls,N,2,41.8833602,-87.7985218,ok,(UNK),1,2405401,2024,,30,15,50000 and OVER,9,4295,Oak Park,C,Urban Local Road or Street,,16,12,12804401,9,Cook,0,24,,,4,N,No,Slow,202401311696,City,1,0,N,,,,(UNK),278170,(N/A),(UNK),No Defects,1,1,Local Road or Street,7,,X003566840,Not Toll,73,1,1,Not Divided,1,2941449.57612056,1908919.19184627,41.88335238,-87.798516,,Urban,1,N,(N/A),Y,(N/A)
2024,2024-09-26,Thursday,8,08:04 AM,Injury,C Injury Crash,1,0,0,0,1,1,Pedalcyclist,2,N,Y,Failing to Yield Right of Way,(N/A),Daylight,Clear,Dry,Y,,,,,Traffic Signal,Functioning Properly,N,1,41.8905579,-87.8051146,ok,(UNK),1,2401224,2024,,2,99,50000 and OVER,9,4295,Oak Park,C,Urban Other Principal Arte,,16,26,12804993,9,Cook,1,24,,,4,N,No,Free Flow,202401312250,City,1,18.92000008,Y,,,,(UNK),278548,(N/A),(UNK),No Defects,1,1,Other Principal Arterial,3,348,X003567379,Not Toll,73,3,4,Not Divided,1,2939581.95701973,1911492.63961102,41.89055001,-87.80510885,,Urban,1,N,(N/A),Y,(N/A)
2024,2024-09-17,Tuesday,8,08:50 AM,Property Damage,No Injuries,0,0,0,0,0,2,Front to Rear,11,N,N,Failing to Reduce Speed to Avoid Crash,Following Too Closely,Daylight,Clear,Dry,N,,,,,Other,Functioning Properly,N,2,41.87355,-87.8020697,ok,Partial Access Control,3,03-24-17695,2024,,28,3,50000 and OVER,9,4295,Oak Park,C,Urban InterState,,16,17,12805113,9,Cook,0,24,,,2,N,No,(UNK),202401312367,ISP,1,7.80999994,Y,,,,(UNK),278637,(N/A),(UNK),No Defects,1,1,InterState,1,290,X003567497,Not Toll,73,13,4,Divided With Median Barrier,3,2940581.92860005,1905317.51155123,41.87354216,-87.80206395,,Urban,1,N,(N/A),Y,(N/A)
2024,2024-09-29,Sunday,20,08:00 PM,Property Damage,No Injuries,0,0,0,0,0,2,Front to Rear,11,N,N,Failing to Reduce Speed to Avoid Crash,Following Too Closely,Darkness / Lighted Road,Clear,Dry,N,,,,,Other Regualtory Sig,Functioning Properly,Y,2,41.8709714,-87.7747474,ok,Partial Access Control,3,03-24-18711,2024,,28,3,50000 and OVER,9,4295,Oak Park,C,Urban InterState,,16,29,12806390,9,Cook,0,24,,,7,N,No,(UNK),202401313589,ISP,5,9.18999958,Y,,,,(UNK),279532,(N/A),(UNK),No Defects,1,1,InterState,1,290,X003568727,Not Toll,73,10,4,Divided With Median Barrier,3,2948049.84343091,1904584.13828773,41.87096359,-87.77474156,,Urban,1,N,(N/A),Y,(N/A)
2024,2024-09-28,Saturday,11,11:13 AM,Injury,C Injury Crash,1,0,0,0,1,1,Angle,15,N,N,Unable to Determine,Unable to Determine,Daylight,Rain,Wet,Y,,,,,Stop Sign,Functioning Properly,N,2,41.8903612,-87.784776,ok,(UNK),1,2405798,2024,,18,18,50000 and OVER,9,4295,Oak Park,C,Urban Major Collector,,16,28,12808151,9,Cook,1,24,PARKING SIGN,,6,N,No,Free Flow,202401315310,City,1,0.79000002,N,,,,(UNK),280700,(N/A),(UNK),No Defects,1,2,Major Collector,5,2783,X003570199,Not Toll,73,2,4,Four Way,14,2945122.05129298,1911574.13072749,41.89035335,-87.78477019,,Urban,2,N,(N/A),Y,(N/A)
2024,2024-09-27,Friday,16,04:35 PM,Injury,C Injury Crash,1,0,0,0,1,1,Pedalcyclist,2,N,Y,Unable to Determine,Unable to Determine,Daylight,Cloudy/Overcast,Dry,Y,,,,,No Controls,No Controls,N,1,41.8797578,-87.7954054,ok,(UNK),1,2405779,2024,,18,18,50000 and OVER,9,4295,Oak Park,C,Urban Minor Arterial,,16,27,12808154,9,Cook,1,24,,,5,N,No,Free Flow,202401315313,City,1,3.53999996,N,,,,(UNK),280701,(N/A),(UNK),No Defects,1,1,Minor Arterial,4,1419,X003570202,Not Toll,73,1,1,Four Way,14,2942334.54477983,1907629.85893028,41.87974998,-87.79539959,,Urban,8,N,(N/A),Y,(N/A)
2024,2024-09-28,Saturday,10,10:50 AM,Property Damage,No Injuries,0,0,0,0,0,2,Angle,15,N,N,Failing to Yield Right of Way,(N/A),Daylight,Clear,Wet,N,,,,,No Controls,No Controls,N,2,41.8940376,-87.8052215,ok,(UNK),1,2405797,2024,,2,99,50000 and OVER,9,4295,Oak Park,C,Urban Other Principal Arte,,16,28,12808155,9,Cook,0,24,,,6,N,No,Slow,202401315314,City,1,18.68000031,Y,,,,(UNK),280702,(N/A),(UNK),No Defects,1,2,Other Principal Arterial,3,348,X003570203,Not Toll,73,1,1,"Divided, No Median Barrier",2,2939517.94910192,1912759.91441633,41.89402974,-87.80521568,,Urban,1,N,(N/A),Y,(N/A)
2024,2024-09-22,Sunday,8,08:50 AM,Property Damage,No Injuries,0,0,0,0,0,2,Sideswipe Same Direction,12,N,N,Failing to Yield Right of Way,Unable to Determine,Daylight,Rain,Wet,N,,,,,Traffic Signal,Functioning Properly,N,2,41.8717228,-87.7939759,ok,(UNK),1,2405833,2024,,2,18,50000 and OVER,9,4295,Oak Park,C,Urban Major Collector,,16,22,12808157,9,Cook,0,24,,,7,N,No,Free Flow,202401315316,City,1,6.71000004,N,,,,(UNK),280704,(N/A),(UNK),No Defects,1,2,Major Collector,5,2775,X003570205,Not Toll,73,3,4,Not Divided,1,2942804.83707522,1904712.52680714,41.87171499,-87.79397011,,Urban,2,N,(N/A),Y,(N/A)
2024,2024-09-26,Thursday,18,06:01 PM,Property Damage,No Injuries,0,0,0,0,0,2,Sideswipe Same Direction,12,N,N,Improper Turning/No Signal,(N/A),Daylight,Clear,Dry,Y,,,,,Traffic Signal,Functioning Properly,Y,2,41.88868,-87.79713,ok,(UNK),1,2405758,2024,,6,99,50000 and OVER,9,4295,Oak Park,C,Urban Major Collector,,16,26,12808482,9,Cook,0,24,,,4,N,No,Stopped,202401315671,City,1,0.19,N,,,,(UNK),280920,(N/A),(UNK),No Defects,1,1,Major Collector,5,1405,X003570490,Not Toll,,3,4,"Divided, No Median Barrier",2,2941775.03832568,1910868.28283102,41.88868,-87.79713,,Urban,1,N,(N/A),Y,(N/A)
2024,2024-09-30,Monday,15,03:17 PM,Injury,C Injury Crash,3,0,0,0,3,4,Parked Motor Vehicle,9,N,N,Improper Turning/No Signal,Driving Skills/Knowledge/Experience,Daylight,Clear,Dry,N,,,,,No Controls,No Controls,Y,2,41.8866355,-87.8049498,ok,(UNK),1,24-03080,2024,,6,15,50000 and OVER,9,4295,Oak Park,C,Urban Other Principal Arte,,16,30,12809503,9,Cook,1,24,,,1,N,No,Free Flow,202401316777,City,1,19.20000076,Y,,,,(UNK),281584,(N/A),(UNK),Other,10,1,Other Principal Arterial,3,348,X003571400,Not Toll,73,1,1,Divided With Median Barrier,3,2939666.21670499,1910064.51119993,41.8866277,-87.80494396,,Urban,1,N,(N/A),N,(N/A)
2024,2024-09-07,Saturday,20,08:18 PM,Property Damage,No Injuries,0,0,0,0,0,1,Parked Motor Vehicle,9,N,N,Failing to Reduce Speed to Avoid Crash,Unable to Determine,Darkness / Lighted Road,Clear,Dry,N,,,,,No Controls,No Controls,Y,2,41.89462,-87.77838,ok,(UNK),1,2405286,2024,,28,18,50000 and OVER,9,4295,Oak Park,C,Urban Minor Arterial,,16,7,12809807,9,Cook,0,24,,,6,N,No,Free Flow,202401317088,City,5,0,N,,,,(UNK),281788,(N/A),(UNK),No Defects,1,1,Minor Arterial,4,,X003571684,Not Toll,,1,1,Not Divided,1,2946820.42716549,1913174.55601955,41.89462,-87.77838,,Urban,1,N,(N/A),Y,(N/A)
2024,2024-09-30,Monday,17,05:38 PM,Injury,C Injury Crash,1,0,0,0,1,1,Angle,15,N,N,Disregarding Traffic Signals,Failing to Reduce Speed to Avoid Crash,Daylight,Clear,Dry,Y,,,,,Traffic Signal,Functioning Properly,N,2,41.87198,-87.79399,ok,(UNK),1,2405841,2024,,25,28,50000 and OVER,9,4295,Oak Park,C,Urban Major Collector,,16,30,12809808,9,Cook,1,24,,,1,N,No,Slow,202401317089,City,1,6.69000006,N,,,,(UNK),281789,(N/A),(UNK),No Defects,1,1,Major Collector,5,2775,X003571685,Not Toll,,3,4,"Divided, No Median Barrier",2,2942798.40637459,1904806.13644963,41.87198,-87.79399,,Urban,1,N,(N/A),Y,(N/A)
2024,2024-10-02,Wednesday,5,05:30 AM,Property Damage,No Injuries,0,0,0,0,0,4,Front to Rear,11,N,N,Failing to Reduce Speed to Avoid Crash,Following Too Closely,Darkness / Lighted Road,Clear,Dry,N,,,,,Other,Functioning Properly,N,4,41.873172,-87.8010721,ok,Partial Access Control,3,03-24-18860,2024,,28,3,50000 and OVER,9,4295,Oak Park,C,Urban InterState,,16,2,12809946,10,Cook,0,24,,,3,N,No,(UNK),202401317250,ISP,5,7.86000013,Y,,,,(UNK),281886,(N/A),(UNK),No Defects,1,1,InterState,1,290,X003571820,Not Toll,73,13,4,Divided With Median Barrier,3,2940857.45109262,1905187.24086792,41.87316412,-87.80106631,,Urban,1,N,(N/A),Y,(N/A)
2024,2024-09-30,Monday,19,07:57 PM,Property Damage,No Injuries,0,0,0,0,0,2,Sideswipe Same Direction,12,N,N,Failing to Reduce Speed to Avoid Crash,Unable to Determine,Darkness / Lighted Road,Clear,Dry,N,,,,,Traffic Signal,Functioning Properly,N,2,41.8832479,-87.8048459,ok,(UNK),1,2405845,2024,,28,18,50000 and OVER,9,4295,Oak Park,C,Urban Other Principal Arte,,16,30,12810361,9,Cook,0,24,,,1,N,No,Free Flow,202401317776,City,5,19.43000031,Y,,,,(UNK),282172,(N/A),(UNK),No Defects,1,1,Other Principal Arterial,3,348,X003572212,Not Toll,73,3,4,"Divided, No Median Barrier",2,2939728.48987169,1908830.77575513,41.88324007,-87.80484011,,Urban,1,N,(N/A),Y,(N/A)
2024,2024-10-01,Tuesday,16,04:00 PM,Property Damage,No Injuries,0,0,0,0,0,2,Angle,15,N,N,Failing to Yield Right of Way,Failing to Reduce Speed to Avoid Crash,Daylight,Clear,Dry,Y,,,,,Stop Sign,Functioning Properly,Y,2,41.9091371,-87.7860147,ok,(UNK),1,2405863,2024,,2,28,50000 and OVER,9,4295,Oak Park,C,Urban Other Principal Arte,,16,1,12810363,10,Cook,0,24,,,2,N,No,Free Flow,202401317778,City,1,6.94000006,Y,,,,(UNK),282174,(N/A),(UNK),No Defects,1,1,Other Principal Arterial,3,307,X003572214,Not Toll,73,2,4,Not Divided,1,2944594.77579759,1918407.08123984,41.90912928,-87.78600892,,Urban,1,N,(N/A),Y,(N/A)
2024,2024-10-03,Thursday,5,05:27 AM,Property Damage,No Injuries,0,0,0,0,0,3,Angle,15,N,N,Following Too Closely,Failing to Reduce Speed to Avoid Crash,Darkness / Lighted Road,Clear,Dry,N,,,,,No Controls,No Controls,N,2,41.9073447,-87.8057326,ok,(UNK),1,24-03276,2024,,3,28,50000 and OVER,9,4295,Oak Park,C,Urban Other Principal Arte,,16,3,12811139,10,Cook,0,24,,,4,N,No,Free Flow,202401318571,City,5,17.76000023,Y,,,,(UNK),282714,(N/A),(UNK),No Defects,1,1,Other Principal Arterial,3,348,X003572920,Not Toll,73,1,1,Divided With Median Barrier,3,2939245.2587164,1917605.4438639,41.90733684,-87.80572678,,Urban,1,N,(N/A),Y,(N/A)
2024,2024-10-03,Thursday,7,07:50 AM,Property Damage,No Injuries,0,0,0,0,0,2,Front to Rear,11,N,N,Following Too Closely,Driving Skills/Knowledge/Experience,Daylight,Clear,Dry,N,,,,,No Controls,Functioning Properly,N,2,41.8734369,-87.8037909,ok,Partial Access Control,3,03-24-18954,2024,,3,15,50000 and OVER,9,4295,Oak Park,C,Urban InterState,,16,3,12811368,10,Cook,0,24,,,4,N,No,(UNK),202401318826,ISP,1,7.73000002,Y,,,,(UNK),282848,(N/A),(UNK),No Defects,1,1,InterState,1,290,X003573110,Not Toll,73,1,4,Divided With Median Barrier,3,2940114.28504703,1905263.39458255,41.8734291,-87.80378508,,Urban,1,N,(N/A),Y,(N/A)
2024,2024-10-03,Thursday,8,08:10 AM,Property Damage,No Injuries,0,0,0,0,0,2,Angle,15,N,N,Disregarding Traffic Signals,Driving Skills/Knowledge/Experience,Daylight,Clear,Dry,Y,,,,,Traffic Signal,Functioning Properly,N,2,41.881638,-87.7894023,ok,(UNK),1,2405901,2024,,25,15,50000 and OVER,9,4295,Oak Park,C,Urban Major Collector,,16,3,12812683,10,Cook,0,24,,,4,N,No,Free Flow,202401320172,City,1,0.79000002,N,,,,(UNK),283706,(N/A),(UNK),No Defects,1,1,Major Collector,5,5,X003574171,Not Toll,73,3,4,"Divided, No Median Barrier",2,2943950.44699735,1908360.29740089,41.8816302,-87.78939647,,Urban,1,N,(N/A),Y,(N/A)
2024,2024-10-03,Thursday,20,08:54 PM,Property Damage,No Injuries,0,0,0,0,0,1,Overturned,5,N,N,Improper Lane Usage,Failing to Reduce Speed to Avoid Crash,Darkness / Lighted Road,Clear,Dry,N,,,,,No Controls,No Controls,Y,1,41.8753578,-87.7818296,ok,(UNK),1,2405925,2024,,20,28,50000 and OVER,9,4295,Oak Park,C,Urban Local Road or Street,,16,3,12812687,10,Cook,0,24,TREE,,4,N,Yes,Free Flow,202401320176,City,5,0,N,,,,(UNK),283709,(N/A),(UNK),No Defects,1,1,Local Road or Street,7,,X003574175,Not Toll,73,1,1,"Divided, No Median Barrier",2,2946076.35842205,1906128.91091261,41.87534997,-87.78182381,,Urban,1,N,(N/A),Y,(N/A)
2024,2024-10-02,Wednesday,23,11:08 PM,Injury,B Injury Crash,1,0,0,1,0,1,Fixed Object,6,N,N,Improper Lane Usage,Driving Skills/Knowledge/Experience,Darkness / Lighted Road,Clear,Dry,N,,,,,Traffic Signal,Functioning Properly,N,1,41.887107,-87.8049778,ok,(UNK),1,2401259,2024,,20,15,50000 and OVER,9,4295,Oak Park,C,Urban Other Principal Arte,,16,2,12812689,10,Cook,2,24,BRIDGE SUPPORT,,3,N,No,Free Flow,202401320178,City,5,19.15999985,Y,,,,(UNK),283710,(N/A),(UNK),No Defects,1,1,Other Principal Arterial,3,348,X003574177,Not Toll,73,3,4,Divided With Median Barrier,3,2939653.84539076,1910236.11464217,41.88709917,-87.80497201,,Urban,1,N,(N/A),Y,(N/A)
2024,2024-10-04,Friday,5,05:56 AM,Property Damage,No Injuries,0,0,0,0,0,2,Turning,10,N,N,(N/A),(N/A),Darkness / Lighted Road,Rain,Wet,Y,,,,,Traffic Signal,Functioning Properly,Y,2,41.8711278,-87.7742951,ok,Partial Access Control,1,JH454971,2024,,99,99,50000 and OVER,9,4295,Oak Park,C,Urban InterState,,16,4,12813052,10,Cook,0,24,,,5,N,No,Slow,202401320582,City,5,0,Y,,,,(UNK),283932,(N/A),(UNK),No Defects,1,2,InterState,1,290,X003574521,Not Toll,,3,4,"Divided, No Median Barrier",2,2948171.44233349,1904644.55597816,41.87111996,-87.7742893,,Urban,2,N,(N/A),Y,(N/A)
2024,2024-10-05,Saturday,1,01:52 AM,Property Damage,No Injuries,0,0,0,0,0,2,Turning,10,N,N,Improper Turning/No Signal,Improper Lane Usage,Darkness / Lighted Road,Clear,Dry,Y,,,,,Traffic Signal,Functioning Properly,Y,2,41.8736416,-87.8045257,ok,Partial Access Control,1,24-03296,2024,,6,20,50000 and OVER,9,4295,Oak Park,C,Urban InterState,,16,5,12813823,10,Cook,0,24,,,6,N,No,Free Flow,202401321378,City,5,0.23999999,Y,,,,(UNK),284443,(N/A),(UNK),No Defects,1,1,InterState,1,290,X003575254,Not Toll,73,3,4,Divided With Median Barrier,3,2939912.09296328,1905332.46581901,41.87363376,-87.80451989,,Urban,1,N,(N/A),Y,(N/A)
2024,2024-10-03,Thursday,19,07:10 PM,Property Damage,No Injuries,0,0,0,0,0,2,Angle,15,N,N,Disregarding Stop Sign,Failing to Reduce Speed to Avoid Crash,Darkness / Lighted Road,Clear,Dry,Y,,,,,Stop Sign,Functioning Improperly,N,2,41.8851335,-87.7895065,ok,(UNK),1,2405918,2024,,23,28,50000 and OVER,9,4295,Oak Park,C,Urban Minor Collector,,16,3,12813892,10,Cook,0,24,,,4,N,No,Free Flow,202401321439,City,5,0.23999999,N,,,,(UNK),284483,(N/A),(UNK),No Defects,1,1,Minor Collector,6,2779,X003575317,Not Toll,73,2,3,Not Divided,1,2943886.74402807,1909633.32045968,41.88512566,-87.78950075,,Urban,1,N,(N/A),Y,(N/A)
2024,2024-10-04,Friday,20,08:20 PM,Property Damage,No Injuries,0,0,0,0,0,2,Front to Rear,11,N,N,Failing to Reduce Speed to Avoid Crash,Improper Lane Usage,Darkness / Lighted Road,Clear,Dry,N,,,,,Other,Functioning Properly,N,2,41.8726368,-87.7939989,ok,Partial Access Control,3,03-24-19074,2024,,28,20,50000 and OVER,9,4295,Oak Park,C,Urban InterState,,16,4,12814381,10,Cook,0,24,,,5,N,No,(UNK),202401321901,ISP,5,8.18999958,Y,,,,(UNK),284819,(N/A),(UNK),No Defects,1,1,InterState,1,290,X003575788,Not Toll,73,13,4,Divided With Median Barrier,3,2942789.35258424,1905045.42923016,41.87262899,-87.79399314,,Urban,1,N,(N/A),Y,(N/A)
2024,2024-09-27,Friday,22,10:30 PM,Property Damage,No Injuries,0,0,0,0,0,2,Sideswipe Same Direction,12,N,N,Improper Overtaking/Passing,Failing to Reduce Speed to Avoid Crash,Darkness / Lighted Road,Clear,Dry,N,,,,,No Controls,Functioning Properly,N,2,41.8710578,-87.7742958,ok,Partial Access Control,3,03-24-18745,2024,,4,28,50000 and OVER,9,4295,Oak Park,C,Urban InterState,,16,27,12814837,9,Cook,0,24,,,5,N,No,(UNK),202401322343,ISP,5,0.20999999,Y,,,,(UNK),285131,(N/A),(UNK),No Defects,1,1,InterState,1,290,X003576231,Not Toll,,1,4,Divided With Median Barrier,3,2948171.9612285,1904619.05665059,41.87105,-87.77429,,Urban,1,N,(N/A),Y,(N/A)
2024,2024-10-01,Tuesday,19,07:40 PM,Property Damage,No Injuries,0,0,0,0,0,2,Front to Rear,11,N,N,Failing to Reduce Speed to Avoid Crash,Following Too Closely,Darkness / Lighted Road,Clear,Dry,N,,,,,Other Regualtory Sig,Functioning Properly,N,2,41.8719804,-87.7845567,ok,Partial Access Control,3,03-24-18843,2024,,28,3,50000 and OVER,9,4295,Oak Park,C,Urban InterState,,16,1,12815359,10,Cook,0,24,,,2,N,No,(UNK),202401322848,ISP,5,8.68999958,Y,,,,(UNK),285501,(N/A),(UNK),No Defects,1,1,InterState,1,290,X003576741,Not Toll,73,10,4,Divided With Median Barrier,3,2945367.77183601,1904877.49108734,41.87197258,-87.78455095,,Urban,1,N,(N/A),Y,(N/A)
2024,2024-10-02,Wednesday,23,11:30 PM,Injury,B Injury Crash,1,0,0,1,0,1,Pedestrian,1,Y,N,Unable to Determine,(N/A),Darkness / Lighted Road,Clear,Dry,Y,,,,,Traffic Signal,Functioning Properly,N,1,41.8710578,-87.7742954,ok,Partial Access Control,1,JH453535,2024,,18,99,50000 and OVER,9,4295,Oak Park,C,Urban InterState,,16,2,12815474,10,Cook,2,24,,,3,N,No,Free Flow,202401322956,City,5,0.20999999,Y,,,,(UNK),285588,(N/A),(UNK),No Defects,1,1,InterState,1,290,X003576847,Not Toll,,3,4,Four Way,14,2948172.0707278,1904619.05030018,41.87104997,-87.7742896,,Urban,1,N,(N/A),Y,(N/A)
2024,2024-10-04,Friday,10,10:09 AM,Property Damage,No Injuries,0,0,0,0,0,1,Parked Motor Vehicle,9,N,N,Distraction - From Inside Vehicle,Improper Overtaking/Passing,Daylight,Clear,Dry,N,,,,,No Controls,No Controls,N,2,41.8655905,-87.7937487,ok,(UNK),1,2405930,2024,,41,4,50000 and OVER,9,4295,Oak Park,C,Urban Major Collector,,16,4,12816742,10,Cook,0,24,,,5,N,No,Free Flow,202401323948,City,1,7.13999987,N,,,,(UNK),286450,(N/A),(UNK),No Defects,1,1,Major Collector,5,2775,X003577705,Not Toll,73,1,1,"Divided, No Median Barrier",2,2942928.52335039,1902479.50161732,41.86558264,-87.79374293,,Urban,1,N,(N/A),Y,(N/A)