crash_year,crash_date,day_of_week,crash_hour,time_of_crash,crash_severity,crash_injury_severity,total_injured,total_fatals,a_injuries,b_injuries,c_injuries,no_injuries,type_of_first_crash,collision_type_code,pedestrian_involved,pedalcyclist_involved,cause1,cause2,lighting_cond,weather_cond,road_surface_cond,intersection_related,is_intersection,highway_or_street_name,at_intersection_with,address_no,traffic_control_device,traffic_control_device_cond,hit_and_run,number_of_vehicles,latitude,longitude,location_status,access_control,agency_code,agency_report_number,agency_report_year,alignment_code,cause1_code,cause2_code,city_class,city_class_code,city_code,city_name,city_township_flag,class_of_trafficway,class_of_trafficway_code,county_code,crash_day,crash_id,crash_month,crash_report_county,crash_severity_cd,crash_yr_source,damaged_property1,damaged_property2,day_of_week_code,did_crash_occur_in_work_zone,did_involve_secondary_crash,flow_condition,icn,investigating_agency_descrip,light_condition_code,mile_station,nhs,non_intersection_direction,non_intersection_distance,non_intersection_units,number_of_lanes,objectid,railroad_crossing_number,road_alignment,road_defects,road_defects_code,road_surface_condition_code,roadway_functional_class,roadway_functional_class_code,route_number,sfe,toll,township,traffic_control_device_code,traffic_control_device_cond_code,trafficway_descrip,trafficway_description_code,ts_crash_coordinate_x,ts_crash_coordinate_y,ts_crash_latitude,ts_crash_longitude,type_report,urban_rural,weather_code,were_workers_present,work_zone,work_zone_related,work_zone_type
2024,2024-10-04,Friday,21,09:24 PM,Property Damage,No Injuries,0,0,0,0,0,4,Angle,15,N,N,Failing to Reduce Speed to Avoid Crash,Disregarding Stop Sign,Darkness / Lighted Road,Clear,Dry,Y,,,,,Stop Sign,Functioning Properly,N,2,41.8715882,-87.7890805,ok,(UNK),1,2405956,2024,,28,23,50000 and OVER,9,4295,Oak Park,C,Urban Minor Collector,,16,4,12816762,10,Cook,0,24,,,5,N,No,Slow,202401323970,City,5,0,N,,,,(UNK),286465,(N/A),(UNK),No Defects,1,1,Minor Collector,6,290,X003577725,Not Toll,73,2,4,T-Intersection,15,2944139.57264124,1904700.38974096,41.87158039,-87.78907473,,Urban,1,N,(N/A),Y,(N/A)
2024,2024-10-05,Saturday,15,03:56 PM,Property Damage,No Injuries,0,0,0,0,0,2,Turning,10,N,N,Improper Lane Usage,Failing to Yield Right of Way,Daylight,Clear,Dry,N,,,,,Traffic Signal,Functioning Properly,N,2,41.87989,-87.78446,ok,(UNK),1,2405967,2024,,20,2,50000 and OVER,9,4295,Oak Park,C,Urban Minor Arterial,,16,5,12816763,10,Cook,0,24,,,6,N,No,Free Flow,202401323971,City,1,0,N,,,,(UNK),286466,(N/A),(UNK),No Defects,1,1,Minor Arterial,4,,X003577726,Not Toll,,3,4,"Divided, No Median Barrier",2,2945314.07860895,1907760.61823074,41.87989,-87.78446,,Urban,1,N,(N/A),Y,(N/A)
2024,2024-10-04,Friday,19,07:48 PM,Property Damage,No Injuries,0,0,0,0,0,1,Parked Motor Vehicle,9,N,N,Failing to Reduce Speed to Avoid Crash,Under Influence of Alcohol/Drugs,Darkness / Lighted Road,Clear,Dry,N,,,,,No Controls,No Controls,N,3,41.8821,-87.77583,ok,(UNK),1,2405951,2024,,28,8,50000 and OVER,9,4295,Oak Park,C,Urban Major Collector,,16,4,12816764,10,Cook,0,24,,,5,N,No,Free Flow,202401323972,City,5,1.49000001,N,,,,(UNK),286467,(N/A),(UNK),No Defects,1,1,Major Collector,5,5,X003577727,Not Toll,,1,1,Not Divided,1,2947641.92560129,1908631.37451857,41.8821,-87.77583,,Urban,1,N,(N/A),Y,(N/A)
2024,2024-10-04,Friday,15,03:35 PM,Injury,B Injury Crash,1,0,0,1,0,1,Pedalcyclist,2,N,Y,Failing to Yield Right of Way,Failing to Yield Right of Way,Daylight,Clear,Dry,N,,,,,No Controls,No Controls,N,1,41.89453,-87.78488,ok,(UNK),1,2405940,2024,,2,2,50000 and OVER,9,4295,Oak Park,C,Urban Minor Arterial,,16,4,12816769,10,Cook,2,24,,,5,N,No,Free Flow,202401323977,City,1,0.5,N,,,,(UNK),286469,(N/A),(UNK),No Defects,1,1,Minor Arterial,4,2783,X003577732,Not Toll,,1,1,"Divided, No Median Barrier",2,2945051.53498226,1913092.5348541,41.89453,-87.78488,,Urban,1,N,(N/A),Y,(N/A)
2024,2024-10-04,Friday,15,03:40 PM,Property Damage,No Injuries,0,0,0,0,0,5,Angle,15,N,N,Failing to Yield Right of Way,Failing to Reduce Speed to Avoid Crash,Daylight,Clear,Dry,Y,,,,,Stop Sign,Functioning Properly,N,2,41.8945,-87.78651,ok,(UNK),1,2405941,2024,,2,28,50000 and OVER,9,4295,Oak Park,C,Urban Minor Arterial,,16,4,12816770,10,Cook,0,24,,,5,N,No,Slow,202401323978,City,1,0,N,,,,(UNK),286470,(N/A),(UNK),No Defects,1,1,Minor Arterial,4,,X003577733,Not Toll,,2,4,"Divided, No Median Barrier",2,2944608.0257731,1913069.27962626,41.8945,-87.78651,,Urban,1,N,(N/A),Y,(N/A)
2024,2024-09-28,Saturday,21,09:21 PM,Property Damage,No Injuries,0,0,0,0,0,6,Front to Rear,11,N,N,Failing to Reduce Speed to Avoid Crash,Driving Skills/Knowledge/Experience,Daylight,Clear,Dry,N,,,,,No Controls,No Controls,Y,3,41.8756446,-87.8045859,ok,(UNK),1,24-03226,2024,,28,15,50000 and OVER,9,4295,Oak Park,C,Urban Other Principal Arte,,16,28,12816783,9,Cook,0,24,,,6,N,No,Free Flow,202401323994,City,1,19.95000076,Y,,,,(UNK),286478,(N/A),(UNK),No Defects,1,1,Other Principal Arterial,3,348,X003577744,Not Toll,73,1,1,"Divided, No Median Barrier",2,2939875.60182178,1906061.93879409,41.87563675,-87.80458008,,Urban,1,N,(N/A),Y,(N/A)
2024,2024-10-03,Thursday,21,09:00 PM,Property Damage,No Injuries,0,0,0,0,0,2,Front to Rear,11,N,N,Following Too Closely,Driving Skills/Knowledge/Experience,Darkness / Lighted Road,Clear,Dry,N,,,,,No Controls,No Controls,Y,2,41.8719063,-87.8044504,ok,(UNK),1,24-03285,2024,,3,15,50000 and OVER,9,4295,Oak Park,C,Urban Other Principal Arte,,16,3,12816800,10,Cook,0,24,,,4,N,No,Stopped,202401324013,City,5,20.20999908,Y,,,,(UNK),286489,(N/A),(UNK),No Defects,1,1,Other Principal Arterial,3,348,X003577757,Not Toll,73,1,1,"Divided, No Median Barrier",2,2939949.99923171,1904700.63841642,41.87189841,-87.80444465,,Urban,1,N,(N/A),Y,(N/A)
2024,2024-10-02,Wednesday,8,08:15 AM,Property Damage,No Injuries,0,0,0,0,0,2,Front to Rear,11,N,N,Following Too Closely,(N/A),Daylight,Clear,Dry,N,,,,,Traffic Signal,Functioning Properly,N,2,41.88819,-87.78108,ok,(UNK),1,2405911,2024,,3,99,50000 and OVER,9,4295,Oak Park,C,Urban Major Collector,,16,2,12816850,10,Cook,0,24,,,3,N,No,Stopped,202401324073,City,1,0,N,,,,(UNK),286527,(N/A),(UNK),No Defects,1,1,Major Collector,5,,X003577701,Not Toll,,3,4,T-Intersection,15,2946150.46074572,1910810.87727461,41.88819,-87.78108,,Urban,1,N,(N/A),Y,(N/A)
2024,2024-09-19,Thursday,13,01:57 PM,Property Damage,No Injuries,0,0,0,0,0,1,Parked Motor Vehicle,9,N,N,Failing to Reduce Speed to Avoid Crash,Failing to Reduce Speed to Avoid Crash,Daylight,Clear,Dry,N,,,,,No Controls,No Controls,Y,3,41.8886,-87.80263,ok,(UNK),1,2405581,2024,,28,28,50000 and OVER,9,4295,Oak Park,C,Urban Major Collector,,16,19,12817936,9,Cook,0,24,,,4,N,Yes,Slow,202401325214,City,1,0,N,,,,(UNK),287251,(N/A),(UNK),No Defects,1,1,Major Collector,5,,X003578802,Not Toll,,1,1,"Divided, No Median Barrier",2,2940278.17934853,1910797.79883157,41.8886,-87.80263,,Urban,1,N,(N/A),Y,(N/A)
2024,2024-10-06,Sunday,11,11:06 AM,Injury,B Injury Crash,1,0,0,1,0,1,Pedestrian,1,Y,N,Vision Obscured,(N/A),Daylight,Clear,Dry,N,,,,,No Controls,No Controls,N,1,41.86891,-87.78899,ok,(UNK),1,2405981,2024,,14,99,50000 and OVER,9,4295,Oak Park,C,Urban Minor Collector,,16,6,12817943,10,Cook,2,24,,,7,N,No,Slow,202401325222,City,1,1.37,N,,,,(UNK),287256,(N/A),(UNK),No Defects,1,1,Minor Collector,6,2779,X003578808,Not Toll,,1,1,Not Divided,1,2944191.27929922,1903725.07760007,41.86891,-87.78899,,Urban,1,N,(N/A),Y,(N/A)
2024,2024-10-06,Sunday,11,11:48 AM,Property Damage,No Injuries,0,0,0,0,0,2,Front to Rear,11,N,N,Following Too Closely,Failing to Reduce Speed to Avoid Crash,Daylight,Clear,Dry,Y,,,,,No Controls,No Controls,N,2,41.90578,-87.78347,ok,(UNK),1,2405982,2024,,3,28,50000 and OVER,9,4295,Oak Park,C,Urban Major Collector,,16,6,12817950,10,Cook,0,24,,,7,N,No,Stopped,202401325231,City,1,0,N,,,,(UNK),287261,(N/A),(UNK),No Defects,1,1,Major Collector,5,,X003578814,Not Toll,,1,1,Four Way,14,2945321.49709689,1917202.92211306,41.90578,-87.78347,,Urban,1,N,(N/A),Y,(N/A)
2024,2024-10-05,Saturday,11,11:30 AM,Property Damage,No Injuries,0,0,0,0,0,2,Turning,10,N,N,Failing to Yield Right of Way,Failing to Reduce Speed to Avoid Crash,Daylight,Clear,Dry,Y,,,,,Pedestrian Crossing,Functioning Properly,N,2,41.88839,-87.78796,ok,(UNK),1,2405987,2024,,2,28,50000 and OVER,9,4295,Oak Park,C,Urban Major Collector,,16,5,12817955,10,Cook,0,24,,,6,N,No,Free Flow,202401325236,City,1,0,N,,,,(UNK),287266,(N/A),(UNK),No Defects,1,1,Major Collector,5,,X003578819,Not Toll,,17,4,Not Divided,1,2944274.98290595,1910831.72444583,41.88839,-87.78796,,Urban,1,N,(N/A),Y,(N/A)
2024,2024-10-06,Sunday,14,02:04 PM,Property Damage,No Injuries,0,0,0,0,0,3,Front to Rear,11,N,N,Failing to Reduce Speed to Avoid Crash,Unable to Determine,Daylight,Clear,Dry,Y,,,,,Traffic Signal,Functioning Properly,N,2,41.87972,-87.79426,ok,(UNK),1,2405988,2024,,28,18,50000 and OVER,9,4295,Oak Park,C,Urban Minor Arterial,,16,6,12817956,10,Cook,0,24,,,7,N,No,Stopped,202401325237,City,1,3.5999999,N,,,,(UNK),287267,(N/A),(UNK),No Defects,1,1,Minor Arterial,4,1419,X003578820,Not Toll,,3,4,"Divided, No Median Barrier",2,2942646.86089228,1907624.69837674,41.87972,-87.79426,,Urban,1,N,(N/A),Y,(N/A)
2024,2024-10-07,Monday,1,01:55 AM,Injury,C Injury Crash,1,0,0,0,1,1,Pedestrian,1,Y,N,Failing to Reduce Speed to Avoid Crash,Distraction - From Inside Vehicle,Darkness,Clear,Dry,N,,,,,No Controls,No Controls,N,1,41.88078,-87.79262,ok,(UNK),1,2405997,2024,,28,41,50000 and OVER,9,4295,Oak Park,C,Urban Local Road or Street,,16,7,12817957,10,Cook,1,24,,,1,N,No,Free Flow,202401325238,City,4,0,N,,,,(UNK),287268,(N/A),(UNK),No Defects,1,1,Local Road or Street,7,,X003578821,Not Toll,,1,1,Not Divided,1,2943082.80826315,1908023.33896703,41.88078,-87.79262,,Urban,1,N,(N/A),Y,(N/A)
2024,2024-10-07,Monday,12,12:32 PM,Property Damage,No Injuries,0,0,0,0,0,2,Angle,15,N,N,Failing to Yield Right of Way,Driving Skills/Knowledge/Experience,Daylight,Clear,Dry,Y,,,,,Stop Sign,Functioning Properly,N,2,41.87542,-87.79864,ok,(UNK),1,2406010,2024,,2,15,50000 and OVER,9,4295,Oak Park,C,Urban Local Road or Street,,16,7,12817960,10,Cook,0,24,,,1,N,No,Free Flow,202401325241,City,1,0,N,,,,(UNK),287270,(N/A),(UNK),No Defects,1,1,Local Road or Street,7,,X003578824,Not Toll,,2,4,"Divided, No Median Barrier",2,2941497.26684693,1906024.74017284,41.87542,-87.79864,,Urban,1,N,(N/A),Y,(N/A)
2024,2024-10-08,Tuesday,8,08:03 AM,Property Damage,No Injuries,0,0,0,0,0,3,Front to Rear,11,N,N,Following Too Closely,Failing to Reduce Speed to Avoid Crash,Daylight,Clear,Dry,N,,,,,Other,Functioning Properly,N,3,41.8729873,-87.7991788,ok,Partial Access Control,3,03-24-19346,2024,,3,28,50000 and OVER,9,4295,Oak Park,C,Urban InterState,,16,8,12817984,10,Cook,0,24,,,2,N,No,(UNK),202401325267,ISP,1,7.94999981,Y,,,,(UNK),287290,(N/A),(UNK),No Defects,1,1,InterState,1,290,X003578848,Not Toll,73,13,4,Divided With Median Barrier,3,2941374.98018489,1905134.18183932,41.87297949,-87.79917302,,Urban,1,N,(N/A),Y,(N/A)
2024,2024-10-08,Tuesday,8,08:00 AM,Property Damage,No Injuries,0,0,0,0,0,2,Turning,10,N,N,Unable to Determine,Unable to Determine,Daylight,Clear,Unknown,N,,,,,Unknown,Unknown,N,2,41.8701501,-87.7742771,ok,(UNK),1,JH460834,2024,,18,18,50000 and OVER,9,4295,Oak Park,C,Urban Minor Arterial,,16,8,12818662,10,Cook,0,24,,,2,N,No,Free Flow,202401326060,City,1,8.42000008,N,,,,(UNK),287714,(N/A),(UNK),Unknown,99,9,Minor Arterial,4,2790,X003579463,Not Toll,,99,9,Unknown,9,2948186.28343648,1904288.40398839,41.87014227,-87.77427128,,Urban,1,N,(N/A),N,(N/A)
2024,2024-10-07,Monday,19,07:39 PM,Property Damage,No Injuries,0,0,0,0,0,1,Parked Motor Vehicle,9,N,N,Failing to Reduce Speed to Avoid Crash,(N/A),Darkness,Clear,Dry,N,,,,,No Controls,No Controls,N,3,41.88176,-87.78235,ok,(UNK),1,2406022,2024,,28,99,50000 and OVER,9,4295,Oak Park,C,Urban Major Collector,,16,7,12819444,10,Cook,0,24,,,1,N,No,Free Flow,202401326797,City,4,1.14999998,N,,,,(UNK),288206,(N/A),(UNK),No Defects,1,1,Major Collector,5,5,X003580155,Not Toll,,1,1,Not Divided,1,2945869.77342259,1908458.04698968,41.88176,-87.78235,,Urban,1,N,(N/A),Y,(N/A)
2024,2024-10-08,Tuesday,8,08:49 AM,Property Damage,No Injuries,0,0,0,0,0,3,Sideswipe Same Direction,12,N,N,Failing to Yield Right of Way,Improper Lane Usage,Daylight,Clear,Dry,N,,,,,No Controls,No Controls,N,2,41.87972,-87.79426,ok,(UNK),1,2406040,2024,,2,20,50000 and OVER,9,4295,Oak Park,C,Urban Minor Arterial,,16,8,12819499,10,Cook,0,24,,,2,N,No,Free Flow,202401326848,City,1,3.5999999,N,,,,(UNK),288241,(N/A),(UNK),No Defects,1,1,Minor Arterial,4,1419,X003580207,Not Toll,,1,1,"Divided, No Median Barrier",2,2942646.86089228,1907624.69837674,41.87972,-87.79426,,Urban,1,N,(N/A),Y,(N/A)
2024,2024-10-08,Tuesday,9,09:08 AM,Property Damage,No Injuries,0,0,0,0,0,3,Angle,15,N,N,Failing to Yield Right of Way,Failing to Reduce Speed to Avoid Crash,Daylight,Clear,Dry,Y,,,,,Stop Sign,Functioning Properly,N,2,41.87804,-87.7844,ok,(UNK),1,2406042,2024,,2,28,50000 and OVER,9,4295,Oak Park,C,Urban Major Collector,,16,8,12819583,10,Cook,0,24,,,2,N,No,Free Flow,202401326928,City,1,1.64999998,N,,,,(UNK),288304,(N/A),(UNK),No Defects,1,1,Major Collector,5,2783,X003580284,Not Toll,,2,4,Not Divided,1,2945349.14226928,1907086.89781897,41.87804,-87.7844,,Urban,1,N,(N/A),Y,(N/A)
2024,2024-10-08,Tuesday,18,06:23 PM,Property Damage,No Injuries,0,0,0,0,0,2,Turning,10,N,N,Failing to Reduce Speed to Avoid Crash,(N/A),Daylight,Clear,Dry,N,,,,,No Controls,No Controls,N,2,41.8653106,-87.7851944,ok,(UNK),1,2406065,2024,,28,99,50000 and OVER,9,4295,Oak Park,C,Urban Other Principal Arte,,16,8,12819660,10,Cook,0,24,,,2,N,No,Slow,202401327002,City,1,6.98000002,Y,,,,(UNK),288350,(N/A),(UNK),No Defects,1,1,Other Principal Arterial,3,347,X003580354,Not Toll,52,1,1,Not Divided,1,2945261.56252176,1902442.06198885,41.86530274,-87.78518859,,Urban,1,N,(N/A),Y,(N/A)
2024,2024-10-09,Wednesday,6,06:05 AM,Property Damage,No Injuries,0,0,0,0,0,2,Turning,10,N,N,Improper Turning/No Signal,Improper Lane Usage,Darkness / Lighted Road,Clear,Dry,Y,,,,,Traffic Signal,Functioning Properly,Y,2,41.873641,-87.8045207,ok,Partial Access Control,1,24-03367,2024,,6,20,50000 and OVER,9,4295,Oak Park,C,Urban InterState,,16,9,12821053,10,Cook,0,24,,,3,N,No,Free Flow,202401328192,City,5,0.23999999,Y,,,,(UNK),289295,(N/A),(UNK),No Defects,1,1,InterState,1,290,X003581539,Not Toll,73,3,4,Divided With Median Barrier,3,2939913.47059546,1905332.2809176,41.87363315,-87.80451485,,Urban,1,N,(N/A),Y,(N/A)
2024,2024-10-11,Friday,7,07:29 AM,Property Damage,No Injuries,0,0,0,0,0,2,Turning,10,N,N,Failing to Yield Right of Way,Improper Turning/No Signal,Daylight,Clear,Dry,N,,,,,No Controls,No Controls,N,2,41.8658263,-87.80424,ok,(UNK),1,24-03376,2024,,2,6,50000 and OVER,9,4295,Oak Park,C,Urban Other Principal Arte,,16,11,12822518,10,Cook,0,24,,,5,N,No,Free Flow,202401329579,City,1,20.62999916,Y,,,,(UNK),290296,(N/A),(UNK),No Defects,1,1,Other Principal Arterial,3,348,X003582918,Not Toll,73,1,1,"Divided, No Median Barrier",2,2940068.32803912,1902486.58477749,41.86581848,-87.8042342,,Urban,1,N,(N/A),Y,(N/A)
2024,2024-10-11,Friday,22,10:13 PM,Property Damage,No Injuries,0,0,0,0,0,1,Overturned,5,N,N,Improper Overtaking/Passing,Driving Skills/Knowledge/Experience,Darkness / Lighted Road,Clear,Dry,N,,,,,No Controls,Functioning Properly,N,1,41.8723658,-87.7890474,ok,Partial Access Control,3,03-24-19669,2024,,4,15,50000 and OVER,9,4295,Oak Park,C,Urban InterState,,16,11,12823065,10,Cook,0,24,,,5,N,No,(UNK),202401330180,ISP,5,8.44999981,Y,,,,(UNK),290657,(N/A),(UNK),No Defects,1,1,InterState,1,290,X003583417,Not Toll,73,1,4,Divided With Median Barrier,3,2944140.7406532,1904983.98708719,41.87235792,-87.78904161,,Urban,1,N,(N/A),Y,(N/A)
2024,2024-10-10,Thursday,23,11:55 PM,Property Damage,No Injuries,0,0,0,0,0,5,Front to Rear,11,N,N,Equipment-Vehicle Condition,(N/A),Darkness / Lighted Road,Clear,Dry,N,,,,,Traffic Signal,Functioning Properly,N,2,41.8735974,-87.8045238,ok,Partial Access Control,1,24-03373,2024,,10,99,50000 and OVER,9,4295,Oak Park,C,Urban InterState,,16,10,12823392,10,Cook,0,24,,,4,N,No,Slow,202401330494,City,5,20.09000015,Y,,,,(UNK),290883,(N/A),(UNK),No Defects,1,1,InterState,1,348,X003583732,Not Toll,73,3,4,"Divided, No Median Barrier",2,2939913.04748026,1905316.37732279,41.87358957,-87.80451801,,Urban,1,N,(N/A),Y,(N/A)
2024,2024-10-11,Friday,23,11:06 PM,Injury,C Injury Crash,3,0,0,0,3,0,Turning,10,N,N,Failing to Yield Right of Way,Unable to Determine,Darkness / Lighted Road,Clear,Dry,N,,,,,Traffic Signal,Functioning Properly,N,2,41.8756105,-87.8045849,ok,(UNK),1,24-03386,2024,,2,18,50000 and OVER,9,4295,Oak Park,C,Urban Other Principal Arte,,16,11,12824115,10,Cook,1,24,,,5,N,No,Slow,202401331179,City,5,19.95999908,Y,,,,(UNK),291391,(N/A),(UNK),No Defects,1,1,Other Principal Arterial,3,348,X003584425,Not Toll,73,3,4,"Divided, No Median Barrier",2,2939876.21397491,1906049.51768015,41.87560264,-87.80457909,,Urban,1,N,(N/A),Y,(N/A)
2024,2024-10-09,Wednesday,15,03:47 PM,Property Damage,No Injuries,0,0,0,0,0,2,Angle,15,N,N,Failing to Yield Right of Way,Failing to Reduce Speed to Avoid Crash,Daylight,Clear,Dry,N,,,,,No Controls,No Controls,N,2,41.88573,-87.80006,ok,(UNK),1,2406090,2024,,2,28,50000 and OVER,9,4295,Oak Park,C,Urban Local Road or Street,,16,9,12825423,10,Cook,0,24,,,3,N,No,Slow,202401332439,City,1,0,N,,,,(UNK),292298,(N/A),(UNK),No Defects,1,1,Local Road or Street,7,,X003585687,Not Toll,,1,1,Not Divided,1,2941006.85682033,1909771.21844964,41.88573,-87.80006,,Urban,1,N,(N/A),Y,(N/A)
2024,2024-10-09,Wednesday,21,09:14 PM,Property Damage,No Injuries,0,0,0,0,0,3,Turning,10,N,N,Improper Turning/No Signal,Failing to Yield Right of Way,Darkness,Clear,Dry,Y,,,,,Stop Sign,Functioning Properly,N,2,41.89054,-87.8027,ok,(UNK),1,2406093,2024,,6,2,50000 and OVER,9,4295,Oak Park,C,Urban Local Road or Street,,16,9,12825424,10,Cook,0,24,,,3,N,No,Free Flow,202401332440,City,4,0,N,,,,(UNK),292299,(N/A),(UNK),No Defects,1,1,Local Road or Street,7,,X003585688,Not Toll,,2,4,Not Divided,1,2940239.63102258,1911504.24537271,41.89054,-87.8027,,Urban,1,N,(N/A),Y,(N/A)
2024,2024-10-12,Saturday,12,12:00 PM,Property Damage,No Injuries,0,0,0,0,0,2,Front to Rear,11,N,N,Failing to Reduce Speed to Avoid Crash,Following Too Closely,Darkness / Lighted Road,Clear,Dry,N,,,,,Other,Functioning Properly,N,2,41.8715433,-87.7793373,ok,Partial Access Control,3,03-24-19698,2024,,28,3,50000 and OVER,9,4295,Oak Park,C,Urban InterState,,16,12,12827131,10,Cook,0,24,,,6,N,No,(UNK),202401334031,ISP,5,8.94999981,Y,,,,(UNK),293465,(N/A),(UNK),No Defects,1,1,InterState,1,290,X003587263,Not Toll,73,13,4,Divided With Median Barrier,3,2946793.85511136,1904757.70883183,41.87153544,-87.77933147,,Urban,1,N,(N/A),Y,(N/A)
2024,2024-10-14,Monday,16,04:50 PM,Injury,B Injury Crash,1,0,0,1,0,1,Front to Rear,11,N,N,Failing to Reduce Speed to Avoid Crash,Physical Condition of Driver,Daylight,Clear,Dry,N,,,,,Other Regualtory Sig,Functioning Properly,N,2,41.8726512,-87.794199,ok,Partial Access Control,3,03-24-19860,2024,,28,17,50000 and OVER,9,4295,Oak Park,C,Urban InterState,,16,14,12827649,10,Cook,2,24,,,1,N,No,(UNK),202401334525,ISP,1,8.18000031,Y,,,,(UNK),293815,(N/A),(UNK),No Defects,1,1,InterState,1,290,X003587753,Not Toll,73,10,4,Divided With Median Barrier,3,2942734.72060766,1905049.15125495,41.87264333,-87.79419319,,Urban,1,N,(N/A),Y,(N/A)
2024,2024-10-15,Tuesday,8,08:19 AM,Property Damage,No Injuries,0,0,0,0,0,2,Front to Rear,11,N,N,Failing to Reduce Speed to Avoid Crash,Following Too Closely,Daylight,Rain,Wet,N,,,,,No Controls,No Controls,N,2,41.8734717,-87.8041476,ok,Partial Access Control,3,03-24-19897,2024,,28,3,50000 and OVER,9,4295,Oak Park,C,Urban InterState,,16,15,12828133,10,Cook,0,24,,,2,N,No,(UNK),202401334949,ISP,1,7.71999979,Y,,,,(UNK),294125,(N/A),(UNK),No Defects,1,2,InterState,1,290,X003588175,Not Toll,73,1,1,Divided With Median Barrier,3,2940016.77435141,1905273.38320339,41.87346385,-87.80414181,,Urban,2,N,(N/A),Y,(N/A)
2024,2024-10-11,Friday,8,08:33 AM,Property Damage,No Injuries,0,0,0,0,0,3,Front to Rear,11,N,N,Failing to Reduce Speed to Avoid Crash,(N/A),Daylight,Clear,Dry,Y,,,,,Traffic Signal,Functioning Properly,N,2,41.8761,-87.7941,ok,(UNK),1,2406121,2024,,28,99,50000 and OVER,9,4295,Oak Park,C,Urban Major Collector,,16,11,12828737,10,Cook,0,24,,,5,N,No,Free Flow,202401335524,City,1,6.40999985,N,,,,(UNK),294526,(N/A),(UNK),No Defects,1,1,Major Collector,5,2775,X003588744,Not Toll,,3,4,Not Divided,1,2942726.92210965,1906306.70983389,41.8761,-87.7941,,Urban,1,N,(N/A),Y,(N/A)
2024,2024-10-11,Friday,12,12:52 PM,Property Damage,No Injuries,0,0,0,0,0,1,Fixed Object,6,N,N,Failing to Reduce Speed to Avoid Crash,(N/A),Daylight,Clear,Dry,N,,,,,No Controls,No Controls,N,1,41.87046,-87.80351,ok,(UNK),1,2406126,2024,,28,99,50000 and OVER,9,4295,Oak Park,C,Urban Local Road or Street,,16,11,12828738,10,Cook,0,24,TREE,,5,N,No,Free Flow,202401335525,City,1,0,N,,,,(UNK),294527,(N/A),(UNK),No Defects,1,1,Local Road or Street,7,,X003588745,Not Toll,,1,1,Not Divided,1,2940220.66958523,1904180.65281546,41.87046,-87.80351,,Urban,1,N,(N/A),Y,(N/A)
2024,2024-10-11,Friday,19,07:45 PM,Property Damage,No Injuries,0,0,0,0,0,1,Parked Motor Vehicle,9,N,N,Failing to Reduce Speed to Avoid Crash,Driving Skills/Knowledge/Experience,Darkness / Lighted Road,Clear,Dry,N,,,,,Traffic Signal,Functioning Properly,N,2,41.88844,-87.78959,ok,(UNK),1,2406142,2024,,28,15,50000 and OVER,9,4295,Oak Park,C,Urban Major Collector,,16,11,12828746,10,Cook,0,24,,,5,N,No,Slow,202401335533,City,5,0,N,,,,(UNK),294531,(N/A),(UNK),No Defects,1,1,Major Collector,5,2779,X003588753,Not Toll,,3,4,Not Divided,1,2943830.62275216,1910837.63898936,41.88844,-87.78959,,Urban,1,N,(N/A),Y,(N/A)
2024,2024-10-16,Wednesday,9,09:30 AM,Property Damage,No Injuries,0,0,0,0,0,3,Front to Rear,11,N,N,Failing to Reduce Speed to Avoid Crash,Following Too Closely,Daylight,Clear,Dry,N,,,,,Other,Functioning Properly,N,3,41.8711751,-87.7752606,ok,Partial Access Control,3,03-24-20004,2024,,28,3,50000 and OVER,9,4295,Oak Park,C,Urban InterState,,16,16,12829039,10,Cook,0,24,,,3,N,No,(UNK),202401335814,ISP,1,0.03,Y,,,,(UNK),294733,(N/A),(UNK),No Defects,1,1,InterState,1,290,X003589037,Not Toll,73,13,4,Divided With Median Barrier,3,2947907.98212651,1904654.47275192,41.87116729,-87.77525479,,Urban,1,N,(N/A),Y,(N/A)
2024,2024-10-15,Tuesday,15,03:35 PM,Injury,B Injury Crash,1,0,0,1,0,3,Front to Rear,11,N,N,Following Too Closely,Driving Skills/Knowledge/Experience,Daylight,Clear,Dry,N,,,,,No Controls,No Controls,N,4,41.8757002,-87.8045875,ok,(UNK),1,24-03425,2024,,3,15,50000 and OVER,9,4295,Oak Park,C,Urban Other Principal Arte,,16,15,12829617,10,Cook,2,24,,,2,N,Yes,Free Flow,202401336345,City,1,19.95000076,Y,,,,(UNK),295104,(N/A),(UNK),No Defects,1,1,Other Principal Arterial,3,348,X003589564,Not Toll,73,1,1,Divided With Median Barrier,3,2939874.60359035,1906082.19376901,41.87569236,-87.80458169,,Urban,1,N,(N/A),Y,(N/A)
2024,2024-10-04,Friday,11,11:40 AM,Property Damage,No Injuries,0,0,0,0,0,2,Front to Rear,11,N,N,Failing to Reduce Speed to Avoid Crash,Driving Skills/Knowledge/Experience,Daylight,Clear,Unknown,N,,,,,Other,Functioning Properly,Y,2,41.8737694,-87.8044644,ok,Partial Access Control,3,03-24-19382,2024,,28,15,50000 and OVER,9,4295,Oak Park,C,Urban InterState,,16,4,12830380,10,Cook,0,24,,,5,N,No,(UNK),202401336688,ISP,1,21.57999992,Y,,,,(UNK),295593,(N/A),(UNK),Unknown,99,9,InterState,1,9290,X003589885,Not Toll,73,13,4,Divided With Median Barrier,3,2939927.5,1905379.5,41.87376156,-87.80445861,,Urban,1,N,(N/A),N,(N/A)