crash_year,crash_date,day_of_week,crash_hour,time_of_crash,crash_severity,crash_injury_severity,total_injured,total_fatals,a_injuries,b_injuries,c_injuries,no_injuries,type_of_first_crash,collision_type_code,pedestrian_involved,pedalcyclist_involved,cause1,cause2,lighting_cond,weather_cond,road_surface_cond,intersection_related,is_intersection,highway_or_street_name,at_intersection_with,address_no,traffic_control_device,traffic_control_device_cond,hit_and_run,number_of_vehicles,latitude,longitude,location_status,access_control,agency_code,agency_report_number,agency_report_year,alignment_code,cause1_code,cause2_code,city_class,city_class_code,city_code,city_name,city_township_flag,class_of_trafficway,class_of_trafficway_code,county_code,crash_day,crash_id,crash_month,crash_report_county,crash_severity_cd,crash_yr_source,damaged_property1,damaged_property2,day_of_week_code,did_crash_occur_in_work_zone,did_involve_secondary_crash,flow_condition,icn,investigating_agency_descrip,light_condition_code,mile_station,nhs,non_intersection_direction,non_intersection_distance,non_intersection_units,number_of_lanes,objectid,railroad_crossing_number,road_alignment,road_defects,road_defects_code,road_surface_condition_code,roadway_functional_class,roadway_functional_class_code,route_number,sfe,toll,township,traffic_control_device_code,traffic_control_device_cond_code,trafficway_descrip,trafficway_description_code,ts_crash_coordinate_x,ts_crash_coordinate_y,ts_crash_latitude,ts_crash_longitude,type_report,urban_rural,weather_code,were_workers_present,work_zone,work_zone_related,work_zone_type
2024,2024-10-17,Thursday,9,09:15 AM,Property Damage,No Injuries,0,0,0,0,0,3,Front to Rear,11,N,N,Following Too Closely,Driving Skills/Knowledge/Experience,Daylight,Clear,Dry,N,,,,,Other Regualtory Sig,Functioning Properly,N,3,41.8719755,-87.784553,ok,Partial Access Control,3,03-24-20093,2024,,3,15,50000 and OVER,9,4295,Oak Park,C,Urban InterState,,16,17,12831183,10,Cook,0,24,,,4,N,No,(UNK),202401337450,ISP,1,8.68999958,Y,,,,(UNK),296160,(N/A),(UNK),No Defects,1,1,InterState,1,290,X003590650,Not Toll,73,10,4,Divided With Median Barrier,3,2945368.84169534,1904875.72991085,41.87196767,-87.7845472,,Urban,1,N,(N/A),Y,(N/A)
2024,2024-10-04,Friday,13,01:35 PM,Property Damage,No Injuries,0,0,0,0,0,3,Front to Rear,11,N,N,Distraction - From Inside Vehicle,Following Too Closely,Daylight,Clear,Dry,N,,,,,Other Regualtory Sig,Functioning Properly,N,3,41.872541,-87.7928989,ok,Partial Access Control,3,03-24-19042,2024,,41,3,50000 and OVER,9,4295,Oak Park,C,Urban InterState,,16,4,12831258,10,Cook,0,24,,,5,N,No,(UNK),202401337527,ISP,1,8.25,Y,,,,(UNK),296203,(N/A),(UNK),No Defects,1,1,InterState,1,290,X003590721,Not Toll,73,10,4,Divided With Median Barrier,3,2943089.94652406,1905018.79411765,41.87253315,-87.79289307,,Urban,1,N,(N/A),Y,(N/A)
2024,2024-10-05,Saturday,12,12:20 PM,Property Damage,No Injuries,0,0,0,0,0,4,Front to Rear,11,N,N,Following Too Closely,Driving Skills/Knowledge/Experience,Daylight,Clear,Dry,N,,,,,Other Regualtory Sig,Functioning Properly,Y,3,41.8725728,-87.7932658,ok,Partial Access Control,3,03-24-19124,2024,,3,15,50000 and OVER,9,4295,Oak Park,C,Urban InterState,,16,5,12831425,10,Cook,0,24,,,6,N,No,(UNK),202401337683,ISP,1,8.22999954,Y,,,,(UNK),296304,(N/A),(UNK),No Defects,1,1,InterState,1,290,X003590874,Not Toll,73,10,4,Divided With Median Barrier,3,2942989.67647059,1905027.60695187,41.87256492,-87.79326003,,Urban,1,N,(N/A),Y,(N/A)
2024,2024-10-18,Friday,8,08:10 AM,Property Damage,No Injuries,0,0,0,0,0,2,Front to Rear,11,N,N,Following Too Closely,Driving Skills/Knowledge/Experience,Daylight,Clear,Dry,N,,,,,Other Regualtory Sig,Functioning Properly,N,2,41.8719122,-87.7838235,ok,Partial Access Control,3,03-24-20165,2024,,3,15,50000 and OVER,9,4295,Oak Park,C,Urban InterState,,16,18,12831732,10,Cook,0,24,,,5,N,No,(UNK),202401337964,ISP,1,8.72999954,Y,,,,(UNK),296512,(N/A),(UNK),No Defects,1,1,InterState,1,290,X003591154,Not Toll,73,10,4,Divided With Median Barrier,3,2945568.16666667,1904858.16666667,41.87190433,-87.78381775,,Urban,1,N,(N/A),Y,(N/A)
2024,2024-10-17,Thursday,21,09:11 PM,Injury,B Injury Crash,2,0,0,1,1,1,Pedestrian,1,Y,N,(N/A),Unable to Determine,Darkness / Lighted Road,Clear,Dry,N,,,,,No Controls,No Controls,N,1,41.89089,-87.79455,ok,(UNK),1,2406304,2024,,99,18,50000 and OVER,9,4295,Oak Park,C,Urban Major Collector,,16,17,12831836,10,Cook,2,24,,,4,N,No,Slow,202401338065,City,5,0,N,,,,(UNK),296586,(N/A),(UNK),No Defects,1,1,Major Collector,5,,X003591255,Not Toll,,1,1,"Divided, No Median Barrier",2,2942455.30244632,1911693.06923387,41.89089,-87.79455,,Urban,1,N,(N/A),Y,(N/A)
2024,2024-09-27,Friday,8,08:05 AM,Property Damage,No Injuries,0,0,0,0,0,3,Angle,15,N,N,Failing to Yield Right of Way,Failing to Reduce Speed to Avoid Crash,Daylight,Clear,Dry,Y,,,,,Traffic Signal,Functioning Properly,N,2,41.887107,-87.8049778,ok,(UNK),1,2405762,2024,,2,28,50000 and OVER,9,4295,Oak Park,C,Urban Other Principal Arte,,16,27,12831854,9,Cook,0,24,,,5,N,No,Free Flow,202401338081,City,1,19.15999985,Y,,,,(UNK),296593,(N/A),(UNK),No Defects,1,1,Other Principal Arterial,3,348,X003591271,Not Toll,73,3,4,"Divided, No Median Barrier",2,2939653.84539076,1910236.11464217,41.88709917,-87.80497201,,Urban,1,N,(N/A),Y,(N/A)
2024,2024-10-11,Friday,20,08:30 PM,Injury,B Injury Crash,2,0,0,2,0,1,Front to Rear,11,N,N,Following Too Closely,Failing to Reduce Speed to Avoid Crash,Darkness / Lighted Road,Clear,Dry,N,,,,,Other,Functioning Properly,N,3,41.8723892,-87.7895279,ok,Partial Access Control,3,03-24-19674,2024,,3,28,50000 and OVER,9,4295,Oak Park,C,Urban InterState,,16,11,12833603,10,Cook,2,24,,,5,N,No,(UNK),202401339740,ISP,5,8.42000008,Y,,,,(UNK),297841,(N/A),(UNK),No Defects,1,1,InterState,1,290,X003592937,Not Toll,73,13,4,Divided With Median Barrier,3,2944009.62299465,1904988.90285205,41.87238136,-87.78952214,,Urban,1,N,(N/A),Y,(N/A)
2024,2024-10-20,Sunday,4,04:40 AM,Property Damage,No Injuries,0,0,0,0,0,2,Sideswipe Same Direction,12,N,N,Improper Lane Usage,Driving Skills/Knowledge/Experience,Darkness / Lighted Road,Clear,Dry,N,,,,,Other,Functioning Properly,Y,2,41.8712269,-87.77437,ok,Partial Access Control,3,03-24-20354,2024,,20,15,50000 and OVER,9,4295,Oak Park,C,Urban InterState,,16,20,12834780,10,Cook,0,24,,,7,N,No,(UNK),202401340856,ISP,5,9.19999981,Y,,,,(UNK),298574,(N/A),(UNK),No Defects,1,1,InterState,1,290,X003593963,Not Toll,73,13,4,Divided With Median Barrier,3,2948150.02578569,1904680.09425396,41.87121904,-87.77436423,,Urban,1,N,(N/A),Y,(N/A)
2024,2024-10-17,Thursday,10,10:27 AM,Property Damage,No Injuries,0,0,0,0,0,2,Turning,10,N,N,Improper Turning/No Signal,Disregarding Road Markings,Darkness / Lighted Road,Clear,Dry,Y,,,,,Traffic Signal,Functioning Properly,Y,2,41.8736415,-87.8045246,ok,Partial Access Control,1,24-03451,2024,,6,26,50000 and OVER,9,4295,Oak Park,C,Urban InterState,,16,17,12834900,10,Cook,0,24,,,4,N,No,Free Flow,202401340964,City,5,0.23999999,Y,,,,(UNK),298654,(N/A),(UNK),No Defects,1,1,InterState,1,290,X003594076,Not Toll,73,3,4,"Divided, No Median Barrier",2,2939912.38515977,1905332.42660133,41.87363363,-87.80451882,,Urban,1,N,(N/A),Y,(N/A)
2024,2024-10-19,Saturday,8,08:44 AM,Property Damage,No Injuries,0,0,0,0,0,1,Parked Motor Vehicle,9,N,N,Failing to Reduce Speed to Avoid Crash,Unable to Determine,Daylight,Clear,Dry,N,,,,,No Controls,No Controls,Y,2,41.89464,-87.77727,ok,(UNK),1,2406337,2024,,28,18,50000 and OVER,9,4295,Oak Park,C,Urban Minor Arterial,,16,19,12836149,10,Cook,0,24,,,6,N,No,Stopped,202401342108,City,1,0,N,,,,(UNK),299487,(N/A),(UNK),No Defects,1,1,Minor Arterial,4,,X003595218,Not Toll,,1,1,Not Divided,1,2947122.45209512,1913190.26368563,41.89464,-87.77727,,Urban,1,N,(N/A),Y,(N/A)
2024,2024-10-19,Saturday,11,11:12 AM,Property Damage,No Injuries,0,0,0,0,0,4,Angle,15,N,N,Failing to Yield Right of Way,Unable to Determine,Daylight,Clear,Dry,Y,,,,,Stop Sign,Functioning Properly,N,2,41.87633,-87.78064,ok,(UNK),1,2406341,2024,,2,18,50000 and OVER,9,4295,Oak Park,C,Urban Local Road or Street,,16,19,12836151,10,Cook,0,24,,,6,N,No,Free Flow,202401342110,City,1,0,N,,,,(UNK),299489,(N/A),(UNK),No Defects,1,1,Local Road or Street,7,,X003595220,Not Toll,,2,4,"Divided, No Median Barrier",2,2946390.50359639,1906492.2035693,41.87633,-87.78064,,Urban,1,N,(N/A),Y,(N/A)
2024,2024-10-19,Saturday,13,01:55 PM,Property Damage,No Injuries,0,0,0,0,0,4,Front to Rear,11,N,N,Failing to Reduce Speed to Avoid Crash,Unable to Determine,Daylight,Clear,Dry,N,,,,,No Controls,No Controls,Y,2,41.87046,-87.77555,ok,(UNK),1,2406345,2024,,28,18,50000 and OVER,9,4295,Oak Park,C,Urban Local Road or Street,,16,19,12836182,10,Cook,0,24,,,6,N,No,Free Flow,202401342141,City,1,0,N,,,,(UNK),299510,(N/A),(UNK),No Defects,1,1,Local Road or Street,7,,X003595250,Not Toll,,1,1,Not Divided,1,2947836.41495687,1904391.66741937,41.87046,-87.77555,,Urban,1,N,(N/A),Y,(N/A)
2024,2024-10-20,Sunday,4,04:01 AM,Property Damage,No Injuries,0,0,0,0,0,1,Parked Motor Vehicle,9,N,N,Failing to Reduce Speed to Avoid Crash,Physical Condition of Driver,Darkness / Lighted Road,Clear,Dry,N,,,,,No Controls,No Controls,N,3,41.88143,-87.80074,ok,(UNK),1,2406353,2024,,28,17,50000 and OVER,9,4295,Oak Park,C,Urban Major Collector,,16,20,12836190,10,Cook,0,24,,,7,N,Yes,Free Flow,202401342150,City,5,0,N,,,,(UNK),299518,(N/A),(UNK),No Defects,1,1,Major Collector,5,,X003595258,Not Toll,,1,1,"Divided, No Median Barrier",2,2940864.90668014,1908199.11112113,41.88143,-87.80074,,Urban,1,N,(N/A),Y,(N/A)
2024,2024-10-20,Sunday,12,12:45 PM,Property Damage,No Injuries,0,0,0,0,0,2,Turning,10,N,N,Failing to Reduce Speed to Avoid Crash,Unable to Determine,Unknown,Clear,Dry,Y,,,,,Traffic Signal,Functioning Properly,N,2,41.8821278,-87.774729,ok,(UNK),1,2406362,2024,,28,18,50000 and OVER,9,4295,Oak Park,C,Urban Minor Arterial,,16,20,12836193,10,Cook,0,24,,,7,N,No,Slow,202401342152,City,9,1.53999996,N,,,,(UNK),299519,(N/A),(UNK),No Defects,1,1,Minor Arterial,4,5,X003595260,Not Toll,,3,4,T-Intersection,15,2947941.47849865,1908649.85260019,41.88211992,-87.77472321,,Urban,1,N,(N/A),Y,(N/A)
2024,2024-10-23,Wednesday,8,08:05 AM,Property Damage,No Injuries,0,0,0,0,0,2,Sideswipe Same Direction,12,N,N,Improper Overtaking/Passing,Failing to Yield Right of Way,Daylight,Cloudy/Overcast,Dry,N,,,,,Traffic Signal,Functioning Properly,N,2,41.9088332,-87.7755858,ok,(UNK),1,JH479243,2024,,4,2,50000 and OVER,9,4295,Oak Park,C,Urban Minor Arterial,,16,23,12837601,10,Cook,0,24,,,3,N,No,Slow,202401343432,City,1,5.59000015,N,,,,(UNK),300448,(N/A),(UNK),No Defects,1,1,Minor Arterial,4,2790,X003596523,Not Toll,,3,4,"Divided, No Median Barrier",2,2947436.78108921,1918375.34048478,41.90882538,-87.77558,,Urban,8,N,(N/A),Y,(N/A)
2024,2024-10-17,Thursday,6,06:25 AM,Property Damage,No Injuries,0,0,0,0,0,3,Front to Rear,11,N,N,Following Too Closely,Driving Skills/Knowledge/Experience,Darkness,Clear,Dry,N,,,,,Other Regualtory Sig,Functioning Properly,N,3,41.8732748,-87.7995761,ok,Partial Access Control,3,03-24-20076,2024,,3,15,50000 and OVER,9,4295,Oak Park,C,Urban InterState,,16,17,12837836,10,Cook,0,24,,,4,N,No,(UNK),202401343654,ISP,4,7.94000006,Y,,,,(UNK),300616,(N/A),(UNK),No Defects,1,1,InterState,1,290,X003596745,Not Toll,73,10,4,Divided With Median Barrier,3,2941263.89264484,1905235.93933042,41.87326691,-87.79957026,,Urban,1,N,(N/A),Y,(N/A)
2024,2024-10-19,Saturday,11,11:55 AM,Property Damage,No Injuries,0,0,0,0,0,2,Sideswipe Same Direction,12,N,N,Failing to Yield Right of Way,Improper Lane Usage,Daylight,Clear,Dry,N,,,,,Other,Functioning Properly,N,2,41.8710513,-87.7760302,ok,Partial Access Control,3,03-24-20284,2024,,2,20,50000 and OVER,9,4295,Oak Park,C,Urban InterState,,16,19,12837931,10,Cook,0,24,,,6,N,No,(UNK),202401343746,ISP,1,9.11999989,Y,,,,(UNK),300679,(N/A),(UNK),No Defects,1,1,InterState,1,290,X003596838,Not Toll,73,13,4,Divided With Median Barrier,3,2947699.62155018,1904603.48716224,41.87104341,-87.77602438,,Urban,1,N,(N/A),Y,(N/A)
2024,2024-10-19,Saturday,17,05:07 PM,Injury,C Injury Crash,1,0,0,0,1,1,Front to Front,14,N,N,Improper Lane Usage,Failing to Reduce Speed to Avoid Crash,Daylight,Clear,Dry,N,,,,,No Controls,No Controls,N,3,41.88328,-87.79433,ok,(UNK),1,2406349,2024,,20,28,50000 and OVER,9,4295,Oak Park,C,Urban Major Collector,,16,19,12838120,10,Cook,1,24,,,6,N,No,Free Flow,202401343931,City,1,5.9000001,N,,,,(UNK),300802,(N/A),(UNK),No Defects,1,1,Major Collector,5,2775,X003597015,Not Toll,,1,1,Not Divided,1,2942591.91603238,1908921.5004318,41.88328,-87.79433,,Urban,1,N,(N/A),Y,(N/A)
2024,2024-10-16,Wednesday,16,04:01 PM,Property Damage,No Injuries,0,0,0,0,0,4,Front to Rear,11,N,N,Following Too Closely,Failing to Reduce Speed to Avoid Crash,Daylight,Clear,Dry,N,,,,,Pedestrian Crossing,Functioning Properly,N,2,41.87063,-87.79391,ok,(UNK),1,2406264,2024,,3,28,50000 and OVER,9,4295,Oak Park,C,Urban Major Collector,,16,16,12838175,10,Cook,0,24,,,3,N,No,Free Flow,202401343989,City,1,0,N,,,,(UNK),300841,(N/A),(UNK),No Defects,1,1,Major Collector,5,,X003597070,Not Toll,,17,4,Not Divided,1,2942833.80251029,1904314.77503617,41.87063,-87.79391,,Urban,1,N,(N/A),Y,(N/A)
2024,2024-10-20,Sunday,2,02:45 AM,Injury,B Injury Crash,1,0,0,1,0,0,Front to Front,14,N,N,Improper Lane Usage,Unable to Determine,Darkness / Lighted Road,Clear,Dry,N,,,,,No Controls,No Controls,Y,2,41.885374,-87.7748077,ok,(UNK),1,2406352,2024,,20,18,50000 and OVER,9,4295,Oak Park,C,Urban Minor Arterial,,16,20,12839288,10,Cook,2,24,,,7,N,No,Free Flow,202401344821,City,5,7.30999994,N,,,,(UNK),301609,(N/A),(UNK),No Defects,1,1,Minor Arterial,4,2790,X003597896,Not Toll,,1,1,"Divided, No Median Barrier",2,2947887.05010778,1909832.23186076,41.88536612,-87.77480194,,Urban,1,N,(N/A),Y,(N/A)
2024,2024-10-23,Wednesday,12,12:30 PM,Property Damage,No Injuries,0,0,0,0,0,3,Front to Rear,11,N,N,Following Too Closely,Driving Skills/Knowledge/Experience,Daylight,Clear,Dry,N,,,,,Other Regualtory Sig,Functioning Properly,N,2,41.8709601,-87.7745653,ok,Partial Access Control,3,03-24-20625,2024,,3,15,50000 and OVER,9,4295,Oak Park,C,Urban InterState,,16,23,12839295,10,Cook,0,24,,,3,N,No,(UNK),202401344828,ISP,1,9.19999981,Y,,,,(UNK),301616,(N/A),(UNK),No Defects,1,1,InterState,1,290,X003597903,Not Toll,73,10,4,Divided With Median Barrier,3,2948099.53354595,1904581.39303435,41.87095227,-87.77455956,,Urban,1,N,(N/A),Y,(N/A)
2024,2024-10-21,Monday,13,01:30 PM,Property Damage,No Injuries,0,0,0,0,0,3,Turning,10,N,N,Failing to Yield Right of Way,Failing to Reduce Speed to Avoid Crash,Daylight,Clear,Dry,Y,,,,,Stop Sign,Functioning Properly,N,2,41.87273,-87.77682,ok,(UNK),1,2406390,2024,,2,28,50000 and OVER,9,4295,Oak Park,C,Urban Local Road or Street,,16,21,12839418,10,Cook,0,24,,,1,N,No,Free Flow,202401344940,City,1,0,N,,,,(UNK),301687,(N/A),(UNK),No Defects,1,1,Local Road or Street,7,,X003598010,Not Toll,,2,4,"Divided, No Median Barrier",2,2947467.44814891,1905209.25843916,41.87273,-87.77682,,Urban,1,N,(N/A),Y,(N/A)
2024,2024-10-21,Monday,13,01:36 PM,Injury,C Injury Crash,1,0,0,0,1,1,Pedestrian,1,Y,N,Failing to Yield Right of Way,Unable to Determine,Daylight,Clear,Dry,N,,,,,Pedestrian Crossing,Functioning Properly,N,1,41.88792,-87.79446,ok,(UNK),1,2406392,2024,,2,18,50000 and OVER,9,4295,Oak Park,C,Urban Major Collector,,16,21,12839420,10,Cook,1,24,,,1,N,No,Slow,202401344942,City,1,0,N,,,,(UNK),301688,(N/A),(UNK),No Defects,1,1,Major Collector,5,,X003598012,Not Toll,,17,4,"Divided, No Median Barrier",2,2942509.74626235,1910611.42338506,41.88792,-87.79446,,Urban,1,N,(N/A),Y,(N/A)
2024,2024-10-21,Monday,14,02:24 PM,Property Damage,No Injuries,0,0,0,0,0,1,Parked Motor Vehicle,9,N,N,Failing to Reduce Speed to Avoid Crash,Driving Skills/Knowledge/Experience,Daylight,Clear,Dry,N,,,,,No Controls,No Controls,Y,2,41.88048,-87.79098,ok,(UNK),1,2406393,2024,,28,15,50000 and OVER,9,4295,Oak Park,C,Urban Local Road or Street,,16,21,12839421,10,Cook,0,24,,,1,N,No,Free Flow,202401344943,City,1,0,N,,,,(UNK),301689,(N/A),(UNK),No Defects,1,1,Local Road or Street,7,,X003598013,Not Toll,,1,1,Not Divided,1,2943532.46732696,1907926.37921276,41.88048,-87.79098,,Urban,1,N,(N/A),Y,(N/A)
2024,2024-10-21,Monday,15,03:50 PM,Injury,C Injury Crash,1,0,0,0,1,1,Angle,15,N,N,Failing to Yield Right of Way,Driving Skills/Knowledge/Experience,Daylight,Clear,Dry,Y,,,,,Traffic Signal,Functioning Properly,N,2,41.9091646,-87.7833533,ok,(UNK),1,2406401,2024,,2,15,50000 and OVER,9,4295,Oak Park,C,Urban Other Principal Arte,,16,21,12839423,10,Cook,1,24,,,1,N,No,Free Flow,202401344945,City,1,7.07000017,Y,,,,(UNK),301690,(N/A),(UNK),No Defects,1,1,Other Principal Arterial,3,307,X003598015,Not Toll,73,3,4,Not Divided,1,2945318.98038592,1918437.21963101,41.90915674,-87.78334749,,Urban,1,N,(N/A),Y,(N/A)
2024,2024-10-22,Tuesday,6,06:57 AM,Property Damage,No Injuries,0,0,0,0,0,2,Front to Rear,11,N,N,Following Too Closely,Failing to Reduce Speed to Avoid Crash,Dawn,Clear,Dry,Y,,,,,No Controls,No Controls,N,2,41.8652083,-87.7912582,ok,(UNK),1,2406411,2024,,3,28,50000 and OVER,9,4295,Oak Park,C,Urban Other Principal Arte,,16,22,12839441,10,Cook,0,24,,,2,N,No,Stopped,202401344956,City,2,6.65999985,Y,,,,(UNK),301696,(N/A),(UNK),No Defects,1,1,Other Principal Arterial,3,347,X003598026,Not Toll,52,1,1,Two-way Continuous Left-Tur,4,2943610.80484189,1902359.0013337,41.86520046,-87.79125238,,Urban,1,N,(N/A),Y,(N/A)
2024,2024-10-22,Tuesday,9,09:29 AM,Property Damage,No Injuries,0,0,0,0,0,1,Parked Motor Vehicle,9,N,N,Improper Lane Usage,(N/A),Daylight,Clear,Dry,N,,,,,No Controls,No Controls,N,3,41.89154,-87.79456,ok,(UNK),1,2406414,2024,,20,99,50000 and OVER,9,4295,Oak Park,C,Urban Major Collector,,16,22,12839442,10,Cook,0,24,,,2,N,Yes,Free Flow,202401344957,City,1,0,N,,,,(UNK),301697,(N/A),(UNK),No Defects,1,1,Major Collector,5,,X003598027,Not Toll,,1,1,"Divided, No Median Barrier",2,2942446.02759413,1911929.86617024,41.89154,-87.79456,,Urban,1,N,(N/A),Y,(N/A)
2024,2024-10-22,Tuesday,11,11:04 AM,Property Damage,No Injuries,0,0,0,0,0,1,Other Non-Collision,8,N,N,Unable to Determine,(N/A),Daylight,Clear,Dry,N,,,,,Traffic Signal,Functioning Properly,N,1,41.88168,-87.78452,ok,(UNK),1,2406416,2024,,18,99,50000 and OVER,9,4295,Oak Park,C,Urban Major Collector,,16,22,12839444,10,Cook,0,24,1988 CADILLAC BROUGHAM,,2,N,No,Free Flow,202401344959,City,1,1.39999998,N,,,,(UNK),301698,(N/A),(UNK),No Defects,1,1,Major Collector,5,2783,X003598029,Not Toll,,3,4,Two-way Continuous Left-Tur,4,2945279.62245676,1908412.47370952,41.88168,-87.78452,,Urban,1,N,(N/A),Y,(N/A)
2024,2024-10-22,Tuesday,13,01:41 PM,Property Damage,No Injuries,0,0,0,0,0,1,Parked Motor Vehicle,9,N,N,Failing to Reduce Speed to Avoid Crash,Driving Skills/Knowledge/Experience,Unknown,Clear,Dry,N,,,,,No Controls,No Controls,Y,2,41.88503,-87.79277,ok,(UNK),1,2406423,2024,,28,15,50000 and OVER,9,4295,Oak Park,C,Urban Local Road or Street,,16,22,12839446,10,Cook,0,24,,,2,N,No,Free Flow,202401344961,City,9,0,N,,,,(UNK),301700,(N/A),(UNK),No Defects,1,1,Local Road or Street,7,,X003598031,Not Toll,,1,1,Not Divided,1,2942999.09297788,1909570.98684802,41.88503,-87.79277,,Urban,1,N,(N/A),Y,(N/A)
2024,2024-10-21,Monday,17,05:29 PM,Property Damage,No Injuries,0,0,0,0,0,4,Sideswipe Same Direction,12,N,N,Improper Overtaking/Passing,Failing to Reduce Speed to Avoid Crash,Daylight,Clear,Dry,N,,,,,Traffic Signal,Functioning Properly,Y,2,41.88831,-87.78474,ok,(UNK),1,2406425,2024,,4,28,50000 and OVER,9,4295,Oak Park,C,Urban Major Collector,,16,21,12839447,10,Cook,0,24,,,1,N,No,Stopped,202401344962,City,1,0,N,,,,(UNK),301701,(N/A),(UNK),No Defects,1,1,Major Collector,5,,X003598032,Not Toll,,3,4,Not Divided,1,2945152.61087248,1910826.90655304,41.88831,-87.78474,,Urban,1,N,(N/A),Y,(N/A)
2024,2024-10-22,Tuesday,13,01:57 PM,Injury,B Injury Crash,1,0,0,1,0,1,Turning,10,N,N,Following Too Closely,Failing to Reduce Speed to Avoid Crash,Daylight,Clear,Dry,Y,,,,,No Controls,No Controls,N,2,41.86714,-87.784,ok,(UNK),1,2406424,2024,,3,28,50000 and OVER,9,4295,Oak Park,C,Urban Major Collector,,16,22,12839450,10,Cook,2,24,,,2,N,No,Free Flow,202401344965,City,1,2.41000009,N,,,,(UNK),301703,(N/A),(UNK),No Defects,1,1,Major Collector,5,2783,X003598035,Not Toll,,1,1,Not Divided,1,2945568.40159908,1903117.7653944,41.86714,-87.784,,Urban,1,N,(N/A),Y,(N/A)
2024,2024-10-22,Tuesday,18,06:33 PM,Property Damage,No Injuries,0,0,0,0,0,2,Front to Rear,11,N,N,Following Too Closely,Driving Skills/Knowledge/Experience,Daylight,Clear,Dry,N,,,,,No Controls,No Controls,Y,2,41.87609,-87.79291,ok,(UNK),1,2406436,2024,,3,15,50000 and OVER,9,4295,Oak Park,C,Urban Local Road or Street,,16,22,12839687,10,Cook,0,24,,,2,N,No,Slow,202401345187,City,1,0,N,,,,(UNK),301864,(N/A),(UNK),No Defects,1,1,Local Road or Street,7,,X003598254,Not Toll,,1,1,Two-way Continuous Left-Tur,4,2943051.12652185,1906312.03176021,41.87609,-87.79291,,Urban,1,N,(N/A),Y,(N/A)
2024,2024-10-23,Wednesday,15,03:17 PM,Property Damage,No Injuries,0,0,0,0,0,2,Front to Rear,11,N,N,Following Too Closely,Failing to Reduce Speed to Avoid Crash,Daylight,Clear,Dry,N,,,,,No Controls,No Controls,N,2,41.88322,-87.80244,ok,(UNK),1,2406454,2024,,3,28,50000 and OVER,9,4295,Oak Park,C,Urban Local Road or Street,,16,23,12839689,10,Cook,0,24,,,3,N,No,Slow,202401345189,City,1,0,N,,,,(UNK),301865,(N/A),(UNK),No Defects,1,1,Local Road or Street,7,,X003598256,Not Toll,,1,1,Not Divided,1,2940383.96058402,1908838.65432463,41.88322,-87.80244,,Urban,1,N,(N/A),Y,(N/A)
2024,2024-10-23,Wednesday,16,04:47 PM,Property Damage,No Injuries,0,0,0,0,0,3,Front to Rear,11,N,N,Following Too Closely,Failing to Reduce Speed to Avoid Crash,Daylight,Clear,Dry,Y,,,,,Traffic Signal,Functioning Properly,N,2,41.8867151,-87.8049545,ok,(UNK),1,2406459,2024,,3,28,50000 and OVER,9,4295,Oak Park,C,Urban Other Principal Arte,,16,23,12839693,10,Cook,0,24,,,3,N,No,Slow,202401345193,City,1,19.19000053,Y,,,,(UNK),301867,(N/A),(UNK),No Defects,1,1,Other Principal Arterial,3,348,X003598260,Not Toll,73,3,4,"Divided, No Median Barrier",2,2939664.12880043,1910093.47324314,41.88670727,-87.80494869,,Urban,1,N,(N/A),Y,(N/A)
2024,2024-10-23,Wednesday,23,11:50 PM,Property Damage,No Injuries,0,0,0,0,0,1,Parked Motor Vehicle,9,N,N,Unable to Determine,Failing to Reduce Speed to Avoid Crash,Dusk,Clear,Dry,N,,,,,No Controls,No Controls,Y,2,41.87806,-87.77587,ok,(UNK),1,2406466,2024,,18,28,50000 and OVER,9,4295,Oak Park,C,Urban Local Road or Street,,16,23,12839694,10,Cook,0,24,,,3,N,No,Free Flow,202401345194,City,3,0,N,,,,(UNK),301868,(N/A),(UNK),No Defects,1,1,Local Road or Street,7,,X003598261,Not Toll,,1,1,"Divided, No Median Barrier",2,2947672.06741806,1907158.81890976,41.87806,-87.77587,,Urban,1,N,(N/A),Y,(N/A)
2024,2024-10-01,Tuesday,19,07:30 PM,Property Damage,No Injuries,0,0,0,0,0,2,Sideswipe Same Direction,12,N,N,Improper Turning/No Signal,Failing to Reduce Speed to Avoid Crash,Darkness / Lighted Road,Clear,Dry,N,,,,,No Controls,No Controls,Y,2,41.8687182,-87.8043458,ok,(UNK),1,24-03261,2024,,6,28,50000 and OVER,9,4295,Oak Park,C,Urban Other Principal Arte,,16,1,12840105,10,Cook,0,24,,,2,N,No,Free Flow,202401345581,City,5,20.44000053,Y,,,,(UNK),302148,(N/A),(UNK),No Defects,1,1,Other Principal Arterial,3,348,X003598645,Not Toll,73,1,1,Not Divided,1,2940010.49233367,1903539.63637318,41.86871034,-87.80434,,Urban,1,N,(N/A),Y,(N/A)