crash_year,crash_date,day_of_week,crash_hour,time_of_crash,crash_severity,crash_injury_severity,total_injured,total_fatals,a_injuries,b_injuries,c_injuries,no_injuries,type_of_first_crash,collision_type_code,pedestrian_involved,pedalcyclist_involved,cause1,cause2,lighting_cond,weather_cond,road_surface_cond,intersection_related,is_intersection,highway_or_street_name,at_intersection_with,address_no,traffic_control_device,traffic_control_device_cond,hit_and_run,number_of_vehicles,latitude,longitude,location_status,access_control,agency_code,agency_report_number,agency_report_year,alignment_code,cause1_code,cause2_code,city_class,city_class_code,city_code,city_name,city_township_flag,class_of_trafficway,class_of_trafficway_code,county_code,crash_day,crash_id,crash_month,crash_report_county,crash_severity_cd,crash_yr_source,damaged_property1,damaged_property2,day_of_week_code,did_crash_occur_in_work_zone,did_involve_secondary_crash,flow_condition,icn,investigating_agency_descrip,light_condition_code,mile_station,nhs,non_intersection_direction,non_intersection_distance,non_intersection_units,number_of_lanes,objectid,railroad_crossing_number,road_alignment,road_defects,road_defects_code,road_surface_condition_code,roadway_functional_class,roadway_functional_class_code,route_number,sfe,toll,township,traffic_control_device_code,traffic_control_device_cond_code,trafficway_descrip,trafficway_description_code,ts_crash_coordinate_x,ts_crash_coordinate_y,ts_crash_latitude,ts_crash_longitude,type_report,urban_rural,weather_code,were_workers_present,work_zone,work_zone_related,work_zone_type
2024,2024-10-16,Wednesday,7,07:33 AM,Injury,C Injury Crash,1,0,0,0,1,1,Turning,10,N,N,Failing to Yield Right of Way,Driving Skills/Knowledge/Experience,Daylight,Clear,Dry,Y,,,,,Stop Sign,Functioning Properly,N,2,41.88156,-87.79264,ok,(UNK),1,2406245,2024,,2,15,50000 and OVER,9,4295,Oak Park,C,Urban Major Collector,,16,16,12841090,10,Cook,1,24,,,3,N,No,Free Flow,202401346461,City,1,0,N,,,,(UNK),302815,(N/A),(UNK),No Defects,1,1,Major Collector,5,,X003599516,Not Toll,,2,4,"Divided, No Median Barrier",2,2943069.4944126,1908307.43455072,41.88156,-87.79264,,Urban,1,N,(N/A),Y,(N/A)
2024,2024-10-22,Tuesday,7,07:30 AM,Property Damage,No Injuries,0,0,0,0,0,2,Sideswipe Same Direction,12,N,N,Improper Lane Usage,Driving Skills/Knowledge/Experience,Daylight,Clear,Dry,N,,,,,Other,Functioning Properly,N,2,41.8715079,-87.7788516,ok,Partial Access Control,3,03-24-20530,2024,,20,15,50000 and OVER,9,4295,Oak Park,C,Urban InterState,,16,22,12842050,10,Cook,0,24,,,2,N,No,(UNK),202401347363,ISP,1,8.97999954,Y,,,,(UNK),303503,(N/A),(UNK),No Defects,1,1,InterState,1,290,X003600441,Not Toll,73,13,4,Divided With Median Barrier,3,2946926.5,1904748.5,41.87150007,-87.77884579,,Urban,1,N,(N/A),Y,(N/A)
2024,2024-10-21,Monday,15,03:20 PM,Property Damage,No Injuries,0,0,0,0,0,2,Front to Rear,11,N,N,Failing to Reduce Speed to Avoid Crash,Following Too Closely,Daylight,Clear,Dry,N,,,,,Other Regualtory Sig,Functioning Properly,N,2,41.8709864,-87.7749879,ok,Partial Access Control,3,03-24-20465,2024,,28,3,50000 and OVER,9,4295,Oak Park,C,Urban InterState,,16,21,12842298,10,Cook,0,24,,,1,N,No,(UNK),202401347603,ISP,1,9.17000008,Y,,,,(UNK),303668,(N/A),(UNK),No Defects,1,1,InterState,1,290,X003600681,Not Toll,73,10,4,Divided With Median Barrier,3,2947984.18320267,1904587.76584953,41.87097856,-87.77498207,,Urban,1,N,(N/A),Y,(N/A)
2025,2025-01-01,Wednesday,14,02:49 PM,Property Damage,No Injuries,0,0,0,0,0,2,Turning,10,N,N,Failing to Yield Right of Way,Failing to Reduce Speed to Avoid Crash,Daylight,Cloudy/Overcast,Dry,N,(N/A),N Harlem Ave,(N/A),,No Controls,No Controls,N,2,41.8933256,-87.8052043,ok,(UNK),None,2500010,2025,0,2,28,50000andOVER,9,4295,Oak Park,C,(UNK),None,16,1,12929945,1,Cook,0,25,None,None,3,N,No,Slow,202501010367,None,1,18.72999954,Y,N,100,F,(UNK),214,(N/A),(UNK),No Defects,1,1,Other Principal Arterial,3,348,X003678326,Not Toll,73,1,1,Divided - w/median (not raised),2,2939529.76549701,1912500.58928542,41.89331777,-87.80519852,On Scene,Urban,8,N,(N/A),Y,(N/A)
2025,2025-01-01,Wednesday,18,06:15 PM,Injury,B Injury Crash,2,0,0,2,0,2,Front to Rear,11,N,N,Failing to Reduce Speed to Avoid Crash,Unable to Determine,Darkness / Lighted Road,Clear,Dry,N,(N/A),Home Ave,(N/A),1187,No Controls,No Controls,Y,2,41.86555,-87.79897,ok,(UNK),None,2500012,2025,0,28,18,50000andOVER,9,4295,Oak Park,C,(UNK),None,16,1,12929950,1,Cook,2,25,None,None,3,N,No,Free Flow,202501010368,None,5,0,N,,,,(UNK),215,(N/A),(UNK),No Defects,1,1,Local Road or Street,7,0,X003678330,Not Toll,,1,1,Not Divided,1,2941506.65132124,1902425.45735358,41.86555,-87.79897,On Scene,Urban,1,N,(N/A),Y,(N/A)
2025,2025-01-02,Thursday,23,11:38 PM,Injury,A Injury Crash,1,0,1,0,0,0,Fixed Object,6,N,N,Failing to Reduce Speed to Avoid Crash,Unable to Determine,Darkness / Lighted Road,Clear,Dry,N,(N/A),S Marion St,(N/A),212,No Controls,Unknown,N,1,41.88499,-87.80253,ok,(UNK),None,2500025,2025,0,28,18,50000andOVER,9,4295,Oak Park,C,(UNK),None,16,2,12931096,1,Cook,3,25,BUILDING,BUILDING,4,N,No,Free Flow,202501010875,None,5,0,N,,,,(UNK),602,(N/A),(UNK),No Defects,1,1,Local Road or Street,7,0,X003679376,Not Toll,,1,9,Divided - w/median (not raised),2,2940341.67240761,1909482.99905983,41.88499,-87.80253,On Scene,Urban,1,N,(N/A),Y,(N/A)
2025,2025-01-04,Saturday,11,11:20 AM,Property Damage,No Injuries,0,0,0,0,0,5,Sideswipe Same Direction,12,N,N,Improper Lane Usage,Driving Skills/Knowledge/Experience,Daylight,Clear,Dry,N,(N/A),Eisenhower Expy Eb,(N/A),,Other,Other,N,2,41.870955,-87.7744837,ok,Partial Access Control,None,03-25-00198,2025,0,20,15,50000andOVER,9,4295,Oak Park,C,(UNK),None,16,4,12933250,1,Cook,0,25,None,None,6,N,No,(UNK),202501012265,None,1,9.19999981,Y,W,55,F,(UNK),1619,(N/A),(UNK),No Defects,1,1,InterState,1,290,X003681385,Not Toll,73,13,7,Divided With Median Barrier,3,2948121.83083675,1904580.16116534,41.87094718,-87.77447788,Not on Scene (Desk R,Urban,1,N,(N/A),Y,(N/A)
2025,2025-01-03,Friday,19,07:55 PM,Property Damage,No Injuries,0,0,0,0,0,2,Sideswipe Same Direction,12,N,N,Failing to Yield Right of Way,(N/A),Darkness / Lighted Road,Clear,Dry,N,(N/A),N Harlem Ave,(N/A),,Traffic Signal,Functioning Properly,N,2,41.9012852,-87.8055137,ok,(UNK),None,2500037,2025,0,2,99,50000andOVER,9,4295,Oak Park,C,(UNK),None,16,3,12933666,1,Cook,0,25,None,None,5,N,No,Free Flow,202501012478,None,5,18.18000031,Y,S,100,F,(UNK),1760,(N/A),(UNK),No Defects,1,1,Other Principal Arterial,3,348,X003681676,Not Toll,73,3,4,Not Divided,1,2939365.66009763,1915398.90109897,41.90127738,-87.80550788,On Scene,Urban,1,N,(N/A),Y,(N/A)
2025,2025-01-04,Saturday,7,07:50 AM,Property Damage,No Injuries,0,0,0,0,0,2,Turning,10,N,N,Failing to Yield Right of Way,Disregarding Stop Sign,Daylight,Clear,Dry,Y,Gunde,Jackson Blvd,Gunderson Ave/Jackson Blvd,,Stop Sign,Functioning Properly,N,2,41.87619,-87.78681,ok,(UNK),None,2500044,2025,0,2,23,50000andOVER,9,4295,Oak Park,C,(UNK),None,16,4,12933669,1,Cook,0,25,None,None,6,N,No,Slow,202501012480,None,1,0,N,,,,(UNK),1762,(N/A),(UNK),No Defects,1,1,Local Road or Street,7,0,X003681678,Not Toll,,2,4,Divided - w/median (not raised),2,2944711.48753399,1906394.50499169,41.87619,-87.78681,On Scene,Urban,1,N,(N/A),Y,(N/A)
2025,2025-01-04,Saturday,14,02:26 PM,Property Damage,No Injuries,0,0,0,0,0,2,Sideswipe Same Direction,12,N,N,Failing to Yield Right of Way,Driving Skills/Knowledge/Experience,Daylight,Clear,Dry,N,(N/A),Madison St,(N/A),12,No Controls,No Controls,N,2,41.88009,-87.77522,ok,(UNK),None,2500049,2025,0,2,15,50000andOVER,9,4295,Oak Park,C,(UNK),None,16,4,12933675,1,Cook,0,25,None,None,6,N,No,Free Flow,202501012483,None,1,0,N,,,,(UNK),1764,(N/A),(UNK),No Defects,1,1,(UNK),0,0,X003681682,No Toll,,1,1,Divided With Median Barrier,3,2947828.4693126,1907903.52362122,41.88009,-87.77522,On Scene,Rural,1,N,(N/A),Y,(N/A)
2025,2025-01-03,Friday,18,06:41 PM,Property Damage,No Injuries,0,0,0,0,0,1,Parked Motor Vehicle,9,N,N,Unable to Determine,(N/A),Darkness / Lighted Road,Clear,Dry,N,(N/A),S Ridgeland Ave,(N/A),710,Traffic Signal,Functioning Properly,Y,2,41.87608,-87.78438,ok,(UNK),None,2500038,2025,0,18,99,50000andOVER,9,4295,Oak Park,C,(UNK),None,16,3,12933717,1,Cook,0,25,None,None,5,N,No,Slow,202501012505,None,5,0,N,,,,(UNK),1780,(N/A),(UNK),No Defects,1,1,Major Collector,5,0,X003681712,Not Toll,,3,4,Four Way,14,2945374.42518686,1906372.78902928,41.87608,-87.78438,On Scene,Urban,1,N,(N/A),Y,(N/A)
2025,2025-01-06,Monday,11,11:28 AM,Property Damage,No Injuries,0,0,0,0,0,2,Front to Rear,11,N,N,Failing to Reduce Speed to Avoid Crash,Unable to Determine,Daylight,Snow,Snow or Slush,Y,Oak P,Augusta,Augusta/Oak Park,,Traffic Signal,Functioning Properly,N,2,41.89803,-87.79477,ok,(UNK),None,2500076,2025,0,28,18,50000andOVER,9,4295,Oak Park,C,(UNK),None,16,6,12934959,1,Cook,0,25,None,None,1,N,No,Slow,202501013379,None,1,0,N,,,,(UNK),2407,(N/A),(UNK),No Defects,1,3,Major Collector,5,0,X003682861,Not Toll,,3,4,T-Intersection,15,2942323.42944407,1914293.36411926,41.89803,-87.79477,On Scene,Urban,3,N,(N/A),Y,(N/A)
2025,2025-01-06,Monday,13,01:18 PM,Property Damage,No Injuries,0,0,0,0,0,2,Turning,10,N,N,Failing to Reduce Speed to Avoid Crash,Unable to Determine,Daylight,Clear,Snow or Slush,Y,Fores,North Ave,Forest Ave/North Ave,,No Controls,No Controls,N,2,41.9089115,-87.8011748,ok,(UNK),None,2500077,2025,0,28,18,50000andOVER,9,4295,Oak Park,C,(UNK),None,16,6,12934960,1,Cook,0,25,None,None,1,N,No,Slow,202501013380,None,1,6.15999985,Y,,,,(UNK),2408,(N/A),(UNK),No Defects,1,3,Other Principal Arterial,3,307,X003682862,Not Toll,73,1,1,Alley,12,2940470.24929407,1918210.62380713,41.90890365,-87.80116896,Not on Scene (Desk R,Urban,1,N,(N/A),Y,(N/A)
2025,2025-01-08,Wednesday,15,03:09 PM,Property Damage,No Injuries,0,0,0,0,0,2,Front to Rear,11,N,N,Following Too Closely,Driving Skills/Knowledge/Experience,Daylight,Cloudy/Overcast,Dry,N,(N/A),Harlem Ave,(N/A),35,No Controls,No Controls,N,2,41.8863005,-87.8049385,ok,(UNK),None,25-00064,2025,0,3,15,50000andOVER,9,4295,Oak Park,C,(UNK),None,16,8,12936911,1,Cook,0,25,None,None,3,N,No,Free Flow,202501014839,None,1,19.21999931,Y,,,,(UNK),3461,(N/A),(UNK),No Defects,1,1,Other Principal Arterial,3,348,X003684664,Not Toll,73,1,1,Divided - w/median (not raised),2,2939672.64339679,1909942.49671875,41.88629265,-87.8049327,On Scene,Urban,8,N,(N/A),Y,(N/A)
2025,2025-01-04,Saturday,12,12:50 PM,Property Damage,No Injuries,0,0,0,0,0,2,Front to Rear,11,N,N,Following Too Closely,Failing to Reduce Speed to Avoid Crash,Daylight,Clear,Dry,N,(N/A),I-290,(N/A),,Other,Functioning Properly,N,2,41.8735115,-87.8045564,ok,Partial Access Control,None,03-25-00381,2025,0,3,28,50000andOVER,9,4295,Oak Park,C,(UNK),None,16,4,12936966,1,Cook,0,25,None,None,6,N,No,(UNK),202501014886,None,1,7.69999981,Y,W,10,F,(UNK),3502,(N/A),(UNK),No Defects,1,1,InterState,1,290,X003684718,Not Toll,73,13,4,Divided With Median Barrier,3,2939905.02257521,1905284.81179592,41.87350362,-87.80455064,Not on Scene (Desk R,Urban,1,N,(N/A),Y,(N/A)
2025,2025-01-08,Wednesday,13,01:49 PM,Property Damage,No Injuries,0,0,0,0,0,2,Turning,10,N,N,Failing to Yield Right of Way,Failing to Reduce Speed to Avoid Crash,Daylight,Cloudy/Overcast,Dry,N,(N/A),Randolph St,(N/A),,Stop Sign,Functioning Properly,N,2,41.88325,-87.79436,ok,(UNK),None,2500105,2025,0,2,28,50000andOVER,9,4295,Oak Park,C,(UNK),None,16,8,12937963,1,Cook,0,25,None,None,3,N,No,Slow,202501015316,None,1,0,N,W,200,F,(UNK),3854,(N/A),(UNK),No Defects,1,1,Major Collector,5,0,X003685261,Not Toll,,2,4,Not Divided,1,2942584.04864574,1908910.34191627,41.88325,-87.79436,On Scene,Urban,8,N,(N/A),Y,(N/A)
2025,2025-01-08,Wednesday,16,04:43 PM,Property Damage,No Injuries,0,0,0,0,0,2,Front to Rear,11,N,N,Unable to Determine,Unable to Determine,Dusk,Clear,Dry,N,(N/A),N Oak Park Ave,(N/A),,Traffic Signal,Functioning Properly,N,2,41.8959461,-87.7946927,ok,(UNK),None,2500109,2025,0,18,18,50000andOVER,9,4295,Oak Park,C,(UNK),None,16,8,12939926,1,Cook,0,25,None,None,3,N,No,Stopped,202501016592,None,3,5.01000023,N,S,100,F,(UNK),4794,(N/A),(UNK),No Defects,1,1,Major Collector,5,2775,X003686690,Not Toll,73,3,4,Not Divided,1,2942365.48505987,1913534.5449427,41.89593828,-87.79468689,On Scene,Urban,1,N,(N/A),Y,(N/A)
2025,2025-01-08,Wednesday,18,06:39 PM,Property Damage,No Injuries,0,0,0,0,0,4,Parked Motor Vehicle,9,N,N,Failing to Reduce Speed to Avoid Crash,(N/A),Darkness,Clear,Unknown,N,(N/A),North Ave,(N/A),6147,No Controls,No Controls,N,2,41.9092096,-87.7793686,ok,(UNK),None,2500111,2025,0,28,99,50000andOVER,9,4295,Oak Park,C,(UNK),None,16,8,12939930,1,Cook,0,25,PARKING METER/PARKING SIGN,None,3,N,No,Free Flow,202501016595,None,4,7.28999996,Y,,,,(UNK),4796,(N/A),(UNK),No Defects,1,9,Other Principal Arterial,3,307,X003686693,Not Toll,73,1,1,Divided - w/median (not raised),2,2946403.2049752,1918483.80034957,41.90920175,-87.77936285,On Scene,Urban,1,N,(N/A),Y,(N/A)
2025,2025-01-09,Thursday,14,02:35 PM,Property Damage,No Injuries,0,0,0,0,0,2,Front to Rear,11,N,N,Failing to Reduce Speed to Avoid Crash,(N/A),Daylight,Clear,Dry,Y,Wisco,Randolph St,Randolph St/Wisconsin Ave,,Stop Sign,Functioning Properly,N,2,41.8832645,-87.8024259,ok,(UNK),None,2500125,2025,0,28,99,50000andOVER,9,4295,Oak Park,C,(UNK),None,16,9,12939931,1,Cook,0,25,None,None,4,N,No,Slow,202501016596,None,1,0,N,,,,(UNK),4797,(N/A),(UNK),No Defects,1,1,Local Road or Street,7,0,X003686694,Not Toll,73,2,4,Four Way,14,2940387.34836502,1908854.98271928,41.88325667,-87.80242012,On Scene,Urban,1,N,(N/A),Y,(N/A)
2025,2025-01-09,Thursday,9,09:42 AM,Property Damage,No Injuries,0,0,0,0,0,2,Sideswipe Same Direction,12,N,N,Unable to Determine,(N/A),Daylight,Clear,Dry,N,(N/A),Harlem,(N/A),,No Controls,No Controls,N,2,41.8889847,-87.8050447,ok,(UNK),None,2500117,2025,0,18,99,50000andOVER,9,4295,Oak Park,C,(UNK),None,16,9,12939935,1,Cook,0,25,None,None,4,N,No,Slow,202501016601,None,1,19.03000069,Y,N,150,F,(UNK),4799,(N/A),(UNK),No Defects,1,1,Other Principal Arterial,3,348,X003686698,Not Toll,73,1,1,Not Divided,1,2939616.80231212,1910919.87185031,41.88897684,-87.80503885,On Scene,Urban,1,N,(N/A),Y,(N/A)
2025,2025-01-09,Thursday,9,09:50 AM,Property Damage,No Injuries,0,0,0,0,0,2,Turning,10,N,N,Improper Turning/No Signal,Failing to Reduce Speed to Avoid Crash,Daylight,Clear,Dry,Y,N Rid,North Ave,N Ridgeland Ave/North Ave,,Traffic Signal,Functioning Properly,N,2,41.9091646,-87.7833533,ok,(UNK),None,2500118,2025,0,6,28,50000andOVER,9,4295,Oak Park,C,(UNK),None,16,9,12939936,1,Cook,0,25,None,None,4,N,No,Slow,202501016602,None,1,7.07000017,Y,,,,(UNK),4800,(N/A),(UNK),No Defects,1,1,Other Principal Arterial,3,307,X003686699,Not Toll,73,3,4,Divided - w/median (not raised),2,2945318.98038592,1918437.21963101,41.90915674,-87.78334749,On Scene,Urban,1,N,(N/A),Y,(N/A)
2025,2025-01-10,Friday,10,10:31 AM,Property Damage,No Injuries,0,0,0,0,0,2,Angle,15,N,N,Failing to Reduce Speed to Avoid Crash,Disregarding Stop Sign,Daylight,Snow,Snow or Slush,Y,Lexin,Oak Park Ave,Lexington St/Oak Park Ave,,Stop Sign,Functioning Properly,N,2,41.8706377,-87.7939373,ok,(UNK),None,2500140,2025,0,28,23,50000andOVER,9,4295,Oak Park,C,(UNK),None,16,10,12939939,1,Cook,0,25,None,None,5,N,No,Free Flow,202501016605,None,1,6.78999996,N,,,,(UNK),4802,(N/A),(UNK),No Defects,1,3,Major Collector,5,2775,X003686702,Not Toll,73,2,4,Four Way,14,2942826.2984054,1904317.38841233,41.87062989,-87.79393147,On Scene,Urban,3,N,(N/A),Y,(N/A)
2025,2025-01-04,Saturday,20,08:24 PM,Injury,C Injury Crash,1,0,0,0,1,1,Front to Rear,11,N,N,Under Influence of Alcohol/Drugs,Failing to Reduce Speed to Avoid Crash,Darkness / Lighted Road,Clear,Dry,N,(N/A),N Harlem Ave,(N/A),,Traffic Signal,Functioning Properly,Y,2,41.8945018,-87.8052403,ok,(UNK),None,2500016,2025,0,8,28,50000andOVER,9,4295,Oak Park,C,(UNK),None,16,4,12939956,1,Cook,1,25,None,None,6,N,No,Stopped,202501016611,None,5,18.64999962,Y,N,100,F,(UNK),4806,(N/A),(UNK),No Defects,1,1,Other Principal Arterial,3,348,X003686714,Not Toll,73,3,4,Divided - w/median (not raised),2,2939508.15881805,1912928.94659899,41.89449397,-87.80523452,On Scene,Urban,1,N,(N/A),Y,(N/A)
2025,2025-01-07,Tuesday,16,04:44 PM,Property Damage,No Injuries,0,0,0,0,0,2,Sideswipe Same Direction,12,N,N,Improper Overtaking/Passing,(N/A),Darkness / Lighted Road,Clear,Dry,N,(N/A),Oak St,(N/A),,No Controls,Functioning Properly,N,2,41.8920018,-87.8051565,ok,(UNK),None,2500021,2025,0,4,99,50000andOVER,9,4295,Oak Park,C,(UNK),None,16,7,12939960,1,Cook,0,25,None,None,2,N,No,Slow,202501016614,None,5,18.81999969,Y,S,75,F,(UNK),4809,(N/A),(UNK),No Defects,1,1,Other Principal Arterial,3,348,X003686718,Not Toll,73,1,4,Divided - w/median (not raised),2,2939556.07701512,1912018.51792464,41.89199394,-87.80515068,On Scene,Urban,1,N,(N/A),Y,(N/A)
2025,2025-01-10,Friday,15,03:21 PM,Property Damage,No Injuries,0,0,0,0,0,6,Front to Rear,11,N,N,Failing to Reduce Speed to Avoid Crash,Weather,Daylight,Snow,Snow or Slush,N,(N/A),Randolph St,(N/A),,Stop Sign,Functioning Properly,N,2,41.883307,-87.7926154,ok,(UNK),None,2500147,2025,0,28,11,50000andOVER,9,4295,Oak Park,C,(UNK),None,16,10,12944297,1,Cook,0,25,None,None,5,N,No,Slow,202501020329,None,1,0,N,E,25,F,(UNK),7411,(N/A),(UNK),Unknown,99,3,Local Road or Street,7,0,X003690582,Not Toll,73,2,4,Not Divided,1,2943058.58165125,1908944.24611555,41.88329912,-87.79260957,On Scene,Urban,3,N,(N/A),N,(N/A)
2025,2025-01-11,Saturday,18,06:59 PM,Property Damage,No Injuries,0,0,0,0,0,4,Angle,15,N,N,Failing to Yield Right of Way,(N/A),Darkness,Clear,Dry,Y,Lexin,Oak Park Ave,Lexington/Oak Park Ave,,No Controls,No Controls,N,2,41.8706377,-87.7939369,ok,(UNK),None,2500169,2025,0,2,99,50000andOVER,9,4295,Oak Park,C,(UNK),None,16,11,12944304,1,Cook,0,25,None,None,6,N,No,Free Flow,202501020336,None,4,6.78999996,N,,,,(UNK),7416,(N/A),(UNK),No Defects,1,1,Major Collector,5,2775,X003690589,Not Toll,73,1,1,Divided - w/median (not raised),2,2942826.40466242,1904317.3938681,41.8706299,-87.79393108,On Scene,Urban,1,N,(N/A),Y,(N/A)
2025,2025-01-11,Saturday,18,06:19 PM,Property Damage,No Injuries,0,0,0,0,0,2,Front to Rear,11,N,N,Failing to Reduce Speed to Avoid Crash,Unable to Determine,Darkness,Clear,Dry,N,(N/A),S Harlem Ave,(N/A),,No Controls,No Controls,Y,2,41.8651648,-87.80422,ok,(UNK),None,2500168,2025,0,28,18,50000andOVER,9,4295,Oak Park,C,(UNK),None,16,11,12944305,1,Cook,0,25,None,None,6,N,No,Slow,202501020337,None,4,20.68000031,Y,N,50,F,(UNK),7417,(N/A),(UNK),No Defects,1,1,Other Principal Arterial,3,348,X003690590,Not Toll,73,1,1,Not Divided,1,2940080.42528346,1902245.68071171,41.865157,-87.80421415,On Scene,Urban,1,N,(N/A),Y,(N/A)
2025,2025-01-11,Saturday,1,01:08 AM,Property Damage,No Injuries,0,0,0,0,0,2,Turning,10,N,N,Improper Turning/No Signal,Failing to Reduce Speed to Avoid Crash,Darkness / Lighted Road,Clear,Snow or Slush,Y,S Har,I290,I290/S Harlem Ave,,No Controls,No Controls,N,2,41.8736416,-87.8045258,ok,Partial Access Control,None,2500156,2025,0,6,28,50000andOVER,9,4295,Oak Park,C,(UNK),None,16,11,12944307,1,Cook,0,25,None,None,6,N,No,Free Flow,202501020339,None,5,20.07999992,Y,S,15,F,(UNK),7419,(N/A),(UNK),No Defects,1,3,InterState,1,348,X003690592,Not Toll,73,1,1,Divided With Median Barrier,3,2939912.062394,1905332.46992192,41.87363377,-87.80452,On Scene,Urban,1,N,(N/A),Y,(N/A)
2025,2025-01-07,Tuesday,6,06:50 AM,Property Damage,No Injuries,0,0,0,0,0,3,Front to Rear,11,N,N,Failing to Reduce Speed to Avoid Crash,Unable to Determine,Daylight,Clear,Snow or Slush,N,(N/A),North Ave,(N/A),,No Controls,No Controls,N,3,41.9089774,-87.7964364,ok,(UNK),None,2500086,2025,0,28,18,50000andOVER,9,4295,Oak Park,C,(UNK),None,16,7,12944309,1,Cook,0,25,None,None,2,N,No,Free Flow,202501020340,None,1,6.40999985,Y,E,25,F,(UNK),7420,(N/A),(UNK),No Defects,1,3,Other Principal Arterial,3,307,X003690593,Not Toll,73,1,1,Not Divided,1,2941759.44549324,1918270.27715755,41.90896959,-87.79643059,Not on Scene (Desk R,Urban,1,N,(N/A),Y,(N/A)
2025,2025-01-04,Saturday,10,10:07 AM,Property Damage,No Injuries,0,0,0,0,0,1,Parked Motor Vehicle,9,N,N,Driving Skills/Knowledge/Experience,Unable to Determine,Daylight,Clear,Dry,N,(N/A),N Marion St,(N/A),309,No Controls,No Controls,Y,2,41.89221,-87.8028,ok,(UNK),None,2407601,2025,0,15,18,50000andOVER,9,4295,Oak Park,C,(UNK),None,16,4,12944669,1,Cook,0,25,None,None,6,N,No,Free Flow,202501020590,None,1,0,N,,,,(UNK),7597,(N/A),(UNK),No Defects,1,1,Local Road or Street,7,0,X003690860,Not Toll,,1,1,Divided - w/median (not raised),2,2940195.62669082,1912112.07391355,41.89221,-87.8028,Not on Scene (Desk R,Urban,1,N,(N/A),Y,(N/A)
2025,2025-01-10,Friday,21,09:10 PM,Property Damage,No Injuries,0,0,0,0,0,4,Rear to Front,18,N,N,Improper Backing,(N/A),Darkness / Lighted Road,Snow,Snow or Slush,Y,N Rid,North Ave,N Ridgeland Ave/North Ave,,No Controls,No Controls,N,2,41.9091646,-87.7833533,ok,(UNK),None,2500154,2025,0,30,99,50000andOVER,9,4295,Oak Park,C,(UNK),None,16,10,12945028,1,Cook,0,25,None,None,5,N,No,Free Flow,202501020863,None,5,7.07000017,Y,,,,(UNK),7792,(N/A),(UNK),No Defects,1,3,Other Principal Arterial,3,307,X003691162,Not Toll,73,1,1,Not Divided,1,2945318.98038592,1918437.21963101,41.90915674,-87.78334749,On Scene,Urban,3,N,(N/A),Y,(N/A)
2025,2025-01-12,Sunday,1,01:38 AM,Property Damage,No Injuries,0,0,0,0,0,2,Rear to Front,18,N,N,Failing to Reduce Speed to Avoid Crash,Improper Backing,Darkness / Lighted Road,Clear,Dry,N,(N/A),S Cuyler Ave,(N/A),1176,No Controls,No Controls,N,2,41.86619,-87.78281,ok,(UNK),None,2500174,2025,0,28,30,50000andOVER,9,4295,Oak Park,C,(UNK),None,16,12,12945196,1,Cook,0,25,None,None,7,N,No,Stopped,202501020967,None,5,0,N,,,,(UNK),7871,(N/A),(UNK),No Defects,1,1,(UNK),0,0,X003691273,No Toll,,1,1,Not Divided,1,2945902.16953703,1902780.5723995,41.86619,-87.78281,On Scene,Rural,1,N,(N/A),Y,(N/A)
2025,2025-01-14,Tuesday,17,05:30 PM,Property Damage,No Injuries,0,0,0,0,0,2,Front to Rear,11,N,N,Unable to Determine,Unable to Determine,Dusk,Unknown,Unknown,Y,(UNK),W Madison St,(UNK)/W Madison St,5968,Traffic Signal,Functioning Properly,N,2,41.8801584,-87.7746748,ok,(UNK),None,JJ115162,2025,0,18,18,50000andOVER,9,4295,Oak Park,C,(UNK),None,16,14,12945563,1,Cook,0,25,None,None,2,N,No,Stopped,202501021261,None,3,7.6500001,N,,,,(UNK),8093,(N/A),(UNK),Unknown,99,9,Minor Arterial,4,2790,X003691576,Not Toll,,3,4,Divided With Median Barrier,3,2947976.26538899,1907932.58346335,41.88015054,-87.77466896,Not on Scene (Desk R,Urban,9,N,(N/A),N,(N/A)
2025,2025-01-05,Sunday,16,04:00 PM,Property Damage,No Injuries,0,0,0,0,0,2,Sideswipe Same Direction,12,N,N,Improper Overtaking/Passing,Failing to Reduce Speed to Avoid Crash,Daylight,Cloudy/Overcast,Dry,N,(N/A),N Maple Ave,(N/A),,Stop Sign,Functioning Properly,Y,2,41.88858,-87.80409,ok,(UNK),None,2500065,2025,0,4,28,50000andOVER,9,4295,Oak Park,C,(UNK),None,16,5,12946094,1,Cook,0,25,None,None,7,N,No,Stopped,202501021625,None,1,0,N,S,75,F,(UNK),8373,(N/A),(UNK),No Defects,1,1,Major Collector,5,0,X003691973,Not Toll,,2,4,Not Divided,1,2939880.81839776,1910779.55524476,41.88858,-87.80409,Not on Scene (Desk R,Urban,8,N,(N/A),Y,(N/A)
2025,2025-01-15,Wednesday,8,08:53 AM,Property Damage,No Injuries,0,0,0,0,0,2,Turning,10,N,N,Vision Obscured,Failing to Yield Right of Way,Daylight,Clear,Dry,Y,Lexin,Harlem Ave,Harlem Ave/Lexington St,,Stop Sign,Functioning Properly,N,2,41.8704892,-87.8043962,ok,(UNK),None,25-00136,2025,0,14,2,50000andOVER,9,4295,Oak Park,C,(UNK),None,16,15,12946859,1,Cook,0,25,None,None,3,N,No,Free Flow,202501022263,None,1,20.30999947,Y,,,,(UNK),8848,(N/A),(UNK),No Defects,1,1,Other Principal Arterial,3,348,X003692648,Not Toll,73,2,4,Divided - w/median (not raised),2,2939978.98876934,1904184.64675826,41.87048136,-87.80439042,On Scene,Urban,1,N,(N/A),Y,(N/A)