crash_year,crash_date,day_of_week,crash_hour,time_of_crash,crash_severity,crash_injury_severity,total_injured,total_fatals,a_injuries,b_injuries,c_injuries,no_injuries,type_of_first_crash,collision_type_code,pedestrian_involved,pedalcyclist_involved,cause1,cause2,lighting_cond,weather_cond,road_surface_cond,intersection_related,is_intersection,highway_or_street_name,at_intersection_with,address_no,traffic_control_device,traffic_control_device_cond,hit_and_run,number_of_vehicles,latitude,longitude,location_status,access_control,agency_code,agency_report_number,agency_report_year,alignment_code,cause1_code,cause2_code,city_class,city_class_code,city_code,city_name,city_township_flag,class_of_trafficway,class_of_trafficway_code,county_code,crash_day,crash_id,crash_month,crash_report_county,crash_severity_cd,crash_yr_source,damaged_property1,damaged_property2,day_of_week_code,did_crash_occur_in_work_zone,did_involve_secondary_crash,flow_condition,icn,investigating_agency_descrip,light_condition_code,mile_station,nhs,non_intersection_direction,non_intersection_distance,non_intersection_units,number_of_lanes,objectid,railroad_crossing_number,road_alignment,road_defects,road_defects_code,road_surface_condition_code,roadway_functional_class,roadway_functional_class_code,route_number,sfe,toll,township,traffic_control_device_code,traffic_control_device_cond_code,trafficway_descrip,trafficway_description_code,ts_crash_coordinate_x,ts_crash_coordinate_y,ts_crash_latitude,ts_crash_longitude,type_report,urban_rural,weather_code,were_workers_present,work_zone,work_zone_related,work_zone_type
2025,2025-01-15,Wednesday,14,02:15 PM,Property Damage,No Injuries,0,0,0,0,0,2,Front to Rear,11,N,N,Unable to Determine,(N/A),Daylight,Clear,Unknown,N,(N/A),W North Ave,(N/A),7150,Traffic Signal,Unknown,N,2,41.9089216,-87.8046119,ok,(UNK),None,JJ116270,2025,0,18,99,50000andOVER,9,4295,Oak Park,C,(UNK),None,16,15,12947093,1,Cook,0,25,None,None,3,N,No,(UNK),202501022478,None,1,5.94999981,Y,,,,(UNK),9009,(N/A),(UNK),Unknown,99,9,Other Principal Arterial,3,307,X003692869,Not Toll,,3,9,Divided - w/median (not raised),2,2939534.5,1918188.5,41.90891374,-87.80460611,Not on Scene (Desk R,Urban,1,N,(N/A),N,(N/A)
2025,2025-01-06,Monday,6,06:26 AM,Property Damage,No Injuries,0,0,0,0,0,2,Front to Rear,11,N,N,Failing to Reduce Speed to Avoid Crash,Unable to Determine,Darkness / Lighted Road,Rain,Wet,N,(N/A),S Ridgeland Ave,(N/A),1000,Traffic Signal,Functioning Properly,N,2,41.8709098,-87.7841647,ok,(UNK),None,2500072,2025,0,28,18,50000andOVER,9,4295,Oak Park,C,(UNK),None,16,6,12947506,1,Cook,0,25,None,None,1,N,No,Free Flow,202501022833,None,5,2.1400001,N,,,,(UNK),9309,(N/A),(UNK),No Defects,1,2,Major Collector,5,2783,X003693238,Not Toll,73,3,4,Divided - w/median (not raised),2,2945485.37602035,1904490.28778619,41.87090192,-87.78415895,On Scene,Urban,2,N,(N/A),Y,(N/A)
2025,2025-01-14,Tuesday,17,05:01 PM,Property Damage,No Injuries,0,0,0,0,0,4,Turning,10,N,N,Unable to Determine,Unable to Determine,Darkness / Lighted Road,Clear,Dry,N,(N/A),S Ridgeland,(N/A),417,No Controls,No Controls,N,2,41.8808981,-87.7844805,ok,(UNK),None,2500227,2025,0,18,18,50000andOVER,9,4295,Oak Park,C,(UNK),None,16,14,12947510,1,Cook,0,25,None,None,2,N,No,Slow,202501022836,None,5,1.45000005,N,,,,(UNK),9310,(N/A),(UNK),No Defects,1,1,Major Collector,5,2783,X003693241,Not Toll,73,1,1,Divided - w/median (not raised),2,2945298.28989796,1908127.83925863,41.88089027,-87.78447472,On Scene,Urban,1,N,(N/A),Y,(N/A)
2025,2025-01-14,Tuesday,16,04:19 PM,Injury,C Injury Crash,1,0,0,0,1,4,Front to Rear,11,N,N,Unable to Determine,Unable to Determine,Daylight,Clear,Dry,N,(N/A),S Oak Park Ave,(N/A),,No Controls,No Controls,N,4,41.88214,-87.7943358,ok,(UNK),None,2500226,2025,0,18,18,50000andOVER,9,4295,Oak Park,C,(UNK),None,16,14,12947513,1,Cook,1,25,None,None,2,N,Yes,Stopped,202501022839,None,1,5.98000002,N,N,200,F,(UNK),9312,(N/A),(UNK),No Defects,1,1,Major Collector,5,2775,X003693244,Not Toll,73,1,1,Not Divided,1,2942601.82627679,1908506.03590613,41.8821322,-87.79433,On Scene,Urban,1,N,(N/A),Y,(N/A)
2025,2025-01-13,Monday,16,04:37 PM,Property Damage,No Injuries,0,0,0,0,0,2,Turning,10,N,N,Failing to Yield Right of Way,Disregarding Stop Sign,Daylight,Clear,Dry,Y,Le Mo,N Oak Park Ave,Le Moyne Pkwy/N Oak Park Ave,,Stop Sign,Functioning Properly,Y,2,41.9071933,-87.7949964,ok,(UNK),None,2500208,2025,0,2,23,50000andOVER,9,4295,Oak Park,C,(UNK),None,16,13,12947514,1,Cook,0,25,None,None,1,N,No,Free Flow,202501022840,None,1,4.23000002,N,,,,(UNK),9313,(N/A),(UNK),No Defects,1,1,Major Collector,5,2775,X003693245,Not Toll,73,2,4,Divided - w/median (not raised),2,2942169.42171672,1917630.96164411,41.9071855,-87.79499059,On Scene,Urban,1,N,(N/A),Y,(N/A)
2025,2025-01-11,Saturday,16,04:00 PM,Property Damage,No Injuries,0,0,0,0,0,2,Front to Rear,11,N,N,Failing to Reduce Speed to Avoid Crash,Unable to Determine,Daylight,Cloudy/Overcast,Unknown,Y,Divis,N Harlem Ave,Division St/N Harlem Ave,,Traffic Signal,Unknown,N,2,41.9015574,-87.8055195,ok,(UNK),None,2500234,2025,0,28,18,50000andOVER,9,4295,Oak Park,C,(UNK),None,16,11,12947518,1,Cook,0,25,None,None,6,N,No,Free Flow,202501022844,None,1,18.15999985,Y,,,,(UNK),9315,(N/A),(UNK),Unknown,99,9,Other Principal Arterial,3,348,X003693249,Not Toll,73,3,9,Divided - w/median (not raised),2,2939361.33609759,1915498.04838409,41.90154957,-87.80551373,Not on Scene (Desk R,Urban,8,N,(N/A),N,(N/A)
2025,2025-01-10,Friday,14,02:00 PM,Property Damage,No Injuries,0,0,0,0,0,2,Angle,15,N,N,Failing to Yield Right of Way,Unable to Determine,Daylight,Unknown,Unknown,Y,N Gro,Augusta St,Augusta St/N Grove Ave,,Stop Sign,Unknown,N,2,41.89799,-87.79626,ok,(UNK),None,2500241,2025,0,2,18,50000andOVER,9,4295,Oak Park,C,(UNK),None,16,10,12947951,1,Cook,0,25,None,None,5,N,No,Free Flow,202501023124,None,1,0,N,,,,(UNK),9530,(N/A),(UNK),Unknown,99,9,Local Road or Street,7,0,X003693544,Not Toll,,2,9,Divided - w/median (not raised),2,2941918.1611367,1914267.5694599,41.89799,-87.79626,Not on Scene (Desk R,Urban,9,N,(N/A),N,(N/A)
2025,2025-01-15,Wednesday,16,04:35 PM,Property Damage,No Injuries,0,0,0,0,0,2,Angle,15,N,N,Improper Lane Usage,Failing to Reduce Speed to Avoid Crash,Darkness / Lighted Road,Clear,Dry,N,(N/A),N Oak Park Ave,(N/A),130,Traffic Signal,Functioning Properly,N,2,41.88818,-87.79448,ok,(UNK),None,2500244,2025,0,20,28,50000andOVER,9,4295,Oak Park,C,(UNK),None,16,15,12947955,1,Cook,0,25,None,None,3,N,No,Free Flow,202501023127,None,5,5.55999994,N,,,,(UNK),9532,(N/A),(UNK),No Defects,1,1,Major Collector,5,2775,X003693547,Not Toll,,3,4,Divided - w/median (not raised),2,2942501.67945481,1910706.02160693,41.88818,-87.79448,On Scene,Urban,1,N,(N/A),Y,(N/A)
2025,2025-01-16,Thursday,7,07:05 AM,Injury,B Injury Crash,1,0,0,1,0,1,Pedestrian,1,Y,N,Unable to Determine,Unable to Determine,Dawn,Clear,Wet,Y,(UNK),N Harlem Ave,(UNK)/N Harlem Ave,1601,Traffic Signal,Functioning Properly,Y,1,41.9088996,-87.8058103,ok,(UNK),None,JJ116712,2025,0,18,18,50000andOVER,9,4295,Oak Park,C,(UNK),None,16,16,12948434,1,Cook,2,25,None,None,4,N,No,(UNK),202501023265,None,2,5.92000008,Y,,,,(UNK),9638,(N/A),(UNK),No Defects,1,2,Other Principal Arterial,3,307,X003693695,Not Toll,15,3,4,Four Way,14,2939208.5,1918171.5,41.90889174,-87.80580449,On Scene,Urban,1,N,(N/A),Y,(N/A)
2025,2025-01-12,Sunday,15,03:56 PM,Property Damage,No Injuries,0,0,0,0,0,2,Front to Rear,11,N,N,Following Too Closely,Failing to Reduce Speed to Avoid Crash,Daylight,Cloudy/Overcast,Wet,N,(N/A),I-290 Eb Ramp,(N/A),,Other,Functioning Properly,Y,2,41.8734018,-87.8034299,ok,Partial Access Control,None,03-25-00887,2025,0,3,28,50000andOVER,9,4295,Oak Park,C,(UNK),None,16,12,12949187,1,Cook,0,25,None,None,7,N,No,(UNK),202501023690,None,1,7.75,Y,E,300,F,(UNK),9998,(N/A),(UNK),No Defects,1,2,InterState,1,290,X003694142,Not Toll,73,13,4,Divided With Median Barrier,3,2940212.95514049,1905253.28719745,41.87339393,-87.80342411,On Scene,Urban,8,N,(N/A),Y,(N/A)
2025,2025-01-16,Thursday,20,08:17 PM,Property Damage,No Injuries,0,0,0,0,0,6,Sideswipe Same Direction,12,N,N,Improper Overtaking/Passing,(N/A),Darkness,Clear,Wet,N,(N/A),N Harlem Ave,(N/A),467,No Controls,No Controls,N,2,41.8894562,-87.805066,ok,(UNK),None,2500271,2025,0,4,99,50000andOVER,9,4295,Oak Park,C,(UNK),None,16,16,12949848,1,Cook,0,25,None,None,4,N,No,Free Flow,202501024239,None,4,19,Y,,,,(UNK),10392,(N/A),(UNK),No Defects,1,2,Other Principal Arterial,3,348,X003694716,Not Toll,73,1,1,Divided - w/median (not raised),2,2939606.26362899,1911091.5468772,41.88944838,-87.80506018,On Scene,Urban,1,N,(N/A),Y,(N/A)
2025,2025-01-16,Thursday,2,02:55 AM,Property Damage,No Injuries,0,0,0,0,0,2,Sideswipe Same Direction,12,N,N,Failing to Reduce Speed to Avoid Crash,Weather,Darkness / Lighted Road,Clear,Wet,N,(N/A),I-290 Wb,(N/A),,Other,Functioning Properly,Y,2,41.8737654,-87.8044074,ok,Partial Access Control,None,03-25-01238,2025,0,28,11,50000andOVER,9,4295,Oak Park,C,(UNK),None,16,16,12950276,1,Cook,0,25,None,None,4,N,No,(UNK),202501024590,None,5,7.71000004,Y,E,32,F,(UNK),10651,(N/A),(UNK),No Defects,1,2,InterState,1,290,X003695105,Not Toll,73,13,4,Divided With Median Barrier,3,2939943.08055707,1905378.47915296,41.87375759,-87.80440156,On Scene,Urban,1,N,(N/A),Y,(N/A)
2025,2025-01-17,Friday,16,04:00 PM,Property Damage,No Injuries,0,0,0,0,0,2,Sideswipe Same Direction,12,N,N,Improper Lane Usage,Failing to Reduce Speed to Avoid Crash,Unknown,Clear,Wet,N,(N/A),Chicago Ave,(N/A),,No Controls,No Controls,Y,2,41.8946742,-87.7780131,ok,(UNK),None,2500287,2025,0,20,28,50000andOVER,9,4295,Oak Park,C,(UNK),None,16,17,12950882,1,Cook,0,25,None,None,5,N,No,Free Flow,202501025112,None,9,3.98000002,N,E,100,F,(UNK),11034,(N/A),(UNK),No Defects,1,2,Minor Arterial,4,1398,X003695657,Not Toll,73,1,1,Not Divided,1,2946919.76493614,1913197.08802479,41.89466635,-87.77800734,On Scene,Urban,1,N,(N/A),Y,(N/A)
2025,2025-01-15,Wednesday,16,04:59 PM,Property Damage,No Injuries,0,0,0,0,0,2,Angle,15,N,N,Disregarding Traffic Signals,Failing to Yield Right of Way,Darkness / Lighted Road,Clear,Dry,Y,N Har,Division St,Division St/N Harlem Ave,,Traffic Signal,Functioning Properly,Y,2,41.9015578,-87.8055247,ok,(UNK),None,2500059,2025,0,25,2,50000andOVER,9,4295,Oak Park,C,(UNK),None,16,15,12950885,1,Cook,0,25,None,None,3,N,No,Slow,202501025115,None,5,18.15999985,Y,,,,(UNK),11036,(N/A),(UNK),No Defects,1,1,Other Principal Arterial,3,348,X003695660,Not Toll,73,3,4,Not Divided,1,2939359.93653859,1915498.13881183,41.90154992,-87.80551886,On Scene,Urban,1,N,(N/A),Y,(N/A)
2025,2025-01-18,Saturday,19,07:28 PM,Property Damage,No Injuries,0,0,0,0,0,3,Front to Rear,11,N,N,Failing to Reduce Speed to Avoid Crash,Following Too Closely,Darkness / Lighted Road,Clear,Dry,N,(N/A),Ontario St,(N/A),1125,No Controls,No Controls,N,2,41.8905787,-87.8034746,ok,(UNK),None,2500303,2025,0,28,3,50000andOVER,9,4295,Oak Park,C,(UNK),None,16,18,12954637,1,Cook,0,25,None,None,6,N,No,Slow,202501028496,None,5,0.62,N,,,,(UNK),13450,(N/A),(UNK),No Defects,1,1,Local Road or Street,7,1405,X003699168,Not Toll,73,1,1,Parking Lot,7,2940028.31687744,1911512.54841942,41.89057089,-87.80346882,On Scene,Urban,1,N,(N/A),Y,(N/A)
2025,2025-01-18,Saturday,14,02:46 PM,Property Damage,No Injuries,0,0,0,0,0,3,Sideswipe Same Direction,12,N,N,Unable to Determine,Unable to Determine,Daylight,Clear,Dry,N,(N/A),North Ave,(N/A),6941,No Controls,No Controls,N,2,41.9089329,-87.7994403,ok,(UNK),None,2500297,2025,0,18,18,50000andOVER,9,4295,Oak Park,C,(UNK),None,16,18,12954638,1,Cook,0,25,None,None,6,N,No,Free Flow,202501028497,None,1,6.25,Y,,,,(UNK),13451,(N/A),(UNK),No Defects,1,1,Other Principal Arterial,3,307,X003699169,Not Toll,73,1,1,Divided With Median Barrier,3,2940942.19072425,1918231.45824486,41.90892506,-87.79943446,On Scene,Urban,1,N,(N/A),Y,(N/A)
2025,2025-01-19,Sunday,18,06:02 PM,Property Damage,No Injuries,0,0,0,0,0,3,Angle,15,N,N,Disregarding Stop Sign,(N/A),Darkness / Lighted Road,Clear,Dry,Y,S Har,Harvard St,Harvard St/S Harvey Ave,,Stop Sign,Functioning Properly,N,2,41.8690238,-87.7804041,ok,(UNK),None,2500311,2025,0,23,99,50000andOVER,9,4295,Oak Park,C,(UNK),None,16,19,12954640,1,Cook,0,25,None,None,7,N,No,Slow,202501028499,None,5,0,N,,,,(UNK),13452,(N/A),(UNK),No Defects,1,1,Local Road or Street,7,0,X003699171,Not Toll,73,2,4,Four Way,14,2946528.8033031,1903831.49304171,41.869016,-87.78039833,Not on Scene (Desk R,Urban,1,N,(N/A),Y,(N/A)
2025,2025-01-19,Sunday,11,11:23 AM,Property Damage,No Injuries,0,0,0,0,0,3,Turning,10,N,N,Disregarding Traffic Signals,Failing to Reduce Speed to Avoid Crash,Daylight,Clear,Dry,Y,Washi,S Lombard Ave,S Lombard Ave/Washington Blvd,,Traffic Signal,Functioning Properly,N,2,41.8819177,-87.7796161,ok,(UNK),None,2500308,2025,0,25,28,50000andOVER,9,4295,Oak Park,C,(UNK),None,16,19,12954646,1,Cook,0,25,None,None,7,N,No,Free Flow,202501028506,None,1,1.29999995,N,,,,(UNK),13453,(N/A),(UNK),No Defects,1,1,Major Collector,5,5,X003699177,Not Toll,73,3,4,Divided - w/median (not raised),2,2946612.698473,1908536.22852707,41.88190987,-87.77961032,On Scene,Urban,1,N,(N/A),Y,(N/A)
2025,2025-01-20,Monday,23,11:40 PM,Injury,B Injury Crash,1,0,0,1,0,3,Front to Front,14,N,N,Failing to Reduce Speed to Avoid Crash,Driving On Wrong Side/Wrong Way,Darkness / Lighted Road,Clear,Dry,N,(N/A),S Harlem Ave,(N/A),,No Controls,No Controls,N,4,41.8684516,-87.8043268,ok,(UNK),None,2500332,2025,0,28,5,50000andOVER,9,4295,Oak Park,C,(UNK),None,16,20,12954653,1,Cook,2,25,None,None,1,N,No,Free Flow,202501028513,None,5,20.45999908,Y,S,100,F,(UNK),13456,(N/A),(UNK),No Defects,1,1,Other Principal Arterial,3,348,X003699184,Not Toll,73,1,1,Divided - w/median (not raised),2,2940018.34370306,1903442.6369845,41.86844378,-87.80432099,On Scene,Urban,1,N,(N/A),Y,(N/A)
2025,2025-01-19,Sunday,10,10:38 AM,Property Damage,No Injuries,0,0,0,0,0,2,Sideswipe Same Direction,12,N,N,Improper Lane Usage,Unable to Determine,Daylight,Clear,Dry,N,(N/A),N Harlem Ave,(N/A),,No Controls,No Controls,N,2,41.887107,-87.8049778,ok,(UNK),None,2500077,2025,0,20,18,50000andOVER,9,4295,Oak Park,C,(UNK),None,16,19,12954665,1,Cook,0,25,None,None,7,N,No,Slow,202501028518,None,1,19.15999985,Y,,,,(UNK),13458,(N/A),(UNK),No Defects,1,1,Other Principal Arterial,3,348,X003699190,Not Toll,73,1,1,Divided - w/median (not raised),2,2939653.84539076,1910236.11464217,41.88709917,-87.80497201,On Scene,Urban,1,N,(N/A),Y,(N/A)
2025,2025-01-17,Friday,1,01:15 AM,Property Damage,No Injuries,0,0,0,0,0,2,Turning,10,N,N,Improper Turning/No Signal,(N/A),Darkness / Lighted Road,Clear,Dry,Y,Austi,I-290 W/B Ramp,Austin/I-290 W/B Ramp,,Traffic Signal,Functioning Properly,Y,2,41.8711361,-87.7744735,ok,Partial Access Control,None,03-25-01414,2025,0,6,99,50000andOVER,9,4295,Oak Park,C,(UNK),None,16,17,12955534,1,Cook,0,25,None,None,5,N,No,(UNK),202501029340,None,5,8.35000038,Y,W,50,F,(UNK),13999,(N/A),(UNK),No Defects,1,1,InterState,1,2790,X003699993,Not Toll,73,3,4,Ramp,11,2948122.75982084,1904646.22844505,41.87112827,-87.77446772,Not on Scene (Desk R,Urban,1,N,(N/A),Y,(N/A)
2025,2025-01-21,Tuesday,14,02:40 PM,Property Damage,No Injuries,0,0,0,0,0,2,Turning,10,N,N,Improper Lane Usage,Unable to Determine,Daylight,Clear,Dry,Y,Clint,Jackson Blvd,Clinton Ave/Jackson Blvd,,Stop Sign,Functioning Properly,N,2,41.8754341,-87.7986724,ok,(UNK),None,2500338,2025,0,20,18,50000andOVER,9,4295,Oak Park,C,(UNK),None,16,21,12955999,1,Cook,0,25,None,None,2,N,No,Free Flow,202501029746,None,1,0,N,,,,(UNK),14312,(N/A),(UNK),No Defects,1,1,Local Road or Street,7,0,X003700421,Not Toll,73,2,4,Four Way,14,2941488.30198803,1906029.64104762,41.87542627,-87.79866659,On Scene,Urban,1,N,(N/A),Y,(N/A)
2025,2025-01-21,Tuesday,16,04:08 PM,Property Damage,No Injuries,0,0,0,0,0,1,Parked Motor Vehicle,9,N,N,Physical Condition of Driver,Failing to Reduce Speed to Avoid Crash,Dusk,Clear,Dry,N,(N/A),Randolph St,(N/A),1124,No Controls,No Controls,Y,3,41.8832586,-87.803292,ok,(UNK),None,2500340,2025,0,17,28,50000andOVER,9,4295,Oak Park,C,(UNK),None,16,21,12956000,1,Cook,0,25,None,None,2,N,Yes,Free Flow,202501029747,None,3,0,N,,,,(UNK),14313,(N/A),(UNK),No Defects,1,1,Local Road or Street,7,0,X003700422,Not Toll,73,1,1,Not Divided,1,2940151.5467366,1908846.31428715,41.88325072,-87.80328622,On Scene,Urban,1,N,(N/A),Y,(N/A)
2025,2025-01-17,Friday,14,02:30 PM,Property Damage,No Injuries,0,0,0,0,0,2,Front to Rear,11,N,N,Failing to Reduce Speed to Avoid Crash,Following Too Closely,Daylight,Clear,Dry,N,(N/A),I-290,(N/A),,Traffic Signal,Functioning Properly,N,2,41.8711364,-87.7744792,ok,Partial Access Control,None,03-25-01421,2025,0,28,3,50000andOVER,9,4295,Oak Park,C,(UNK),None,16,17,12957354,1,Cook,0,25,RAMP TRAFFIC METER LIGHT (RIGHT),None,5,N,No,(UNK),202501030781,None,1,0,Y,W,50,F,(UNK),14980,(N/A),(UNK),No Defects,1,1,InterState,1,0,X003701385,Not Toll,73,3,4,Ramp,11,2948121.21509683,1904646.28141185,41.87112853,-87.77447338,On Scene,Urban,1,N,(N/A),Y,(N/A)
2025,2025-01-22,Wednesday,19,07:08 PM,Injury,B Injury Crash,1,0,0,1,0,1,Angle,15,N,N,Failing to Yield Right of Way,(N/A),Darkness / Lighted Road,Snow,Snow or Slush,N,(N/A),North Ave,(N/A),6909,No Controls,No Controls,N,2,41.9089534,-87.7977814,ok,(UNK),None,2500359,2025,0,2,99,50000andOVER,9,4295,Oak Park,C,(UNK),None,16,22,12957670,1,Cook,2,25,None,None,3,N,No,Slow,202501031074,None,5,6.34000015,Y,,,,(UNK),15195,(N/A),(UNK),No Defects,1,3,Other Principal Arterial,3,307,X003701690,Not Toll,73,1,1,Not Divided,1,2941393.54816612,1918251.40074875,41.90894556,-87.79777562,On Scene,Urban,3,N,(N/A),Y,(N/A)
2025,2025-01-22,Wednesday,10,10:44 AM,Property Damage,No Injuries,0,0,0,0,0,3,Fixed Object,6,N,N,Unable to Determine,Unable to Determine,Daylight,Snow,Wet,N,(N/A),S Ridgeland Ave,(N/A),,No Controls,No Controls,N,1,41.887119,-87.7846542,ok,(UNK),None,2500347,2025,0,18,18,50000andOVER,9,4295,Oak Park,C,(UNK),None,16,22,12957673,1,Cook,0,25,BRIDGE UNDERSIDE,None,3,N,No,Free Flow,202501031077,None,1,1.01999998,N,N,10,F,(UNK),15197,(N/A),(UNK),No Defects,1,2,Major Collector,5,2783,X003701693,Not Toll,73,1,1,Not Divided,1,2945188.01899908,1910393.51966479,41.88711112,-87.78464844,On Scene,Urban,3,N,(N/A),Y,(N/A)
2025,2025-01-21,Tuesday,18,06:00 PM,Property Damage,No Injuries,0,0,0,0,0,2,Front to Rear,11,N,N,Distraction - From Inside Vehicle,Failing to Reduce Speed to Avoid Crash,Darkness / Lighted Road,Clear,Dry,Y,Chica,N Harlem Ave,Chicago Ave/N Harlem Ave,,Traffic Signal,Functioning Properly,N,2,41.8942278,-87.8052251,ok,(UNK),None,2500346,2025,0,41,28,50000andOVER,9,4295,Oak Park,C,(UNK),None,16,21,12957674,1,Cook,0,25,None,None,2,N,No,Slow,202501031078,None,5,18.67000008,Y,,,,(UNK),15198,(N/A),(UNK),No Defects,1,1,Other Principal Arterial,3,348,X003701694,Not Toll,73,3,4,Divided - w/median (not raised),2,2939515.0452769,1912829.22243282,41.89422,-87.80521933,Not on Scene (Desk R,Urban,1,N,(N/A),Y,(N/A)
2025,2025-01-22,Wednesday,15,03:48 PM,Property Damage,No Injuries,0,0,0,0,0,2,Sideswipe Same Direction,12,N,N,Improper Lane Usage,Driving Skills/Knowledge/Experience,Daylight,Cloudy/Overcast,Dry,N,(N/A),N Harlem Ave,(N/A),,No Controls,No Controls,N,2,41.898165,-87.8053943,ok,(UNK),None,2500353,2025,0,20,15,50000andOVER,9,4295,Oak Park,C,(UNK),None,16,22,12957675,1,Cook,0,25,None,None,3,N,No,Free Flow,202501031079,None,1,18.38999939,Y,N,100,F,(UNK),15199,(N/A),(UNK),No Defects,1,1,Other Principal Arterial,3,348,X003701695,Not Toll,73,1,1,Not Divided,1,2939429.47932544,1914262.74187356,41.89815719,-87.80538848,On Scene,Urban,8,N,(N/A),Y,(N/A)
2025,2025-01-23,Thursday,17,05:34 PM,Property Damage,No Injuries,0,0,0,0,0,2,Angle,15,N,N,Disregarding Stop Sign,Driving Skills/Knowledge/Experience,Darkness / Lighted Road,Clear,Dry,Y,N Eas,Iowa St,Iowa St/N East Ave,,Stop Sign,Functioning Properly,N,2,41.8963187,-87.789825,ok,(UNK),None,2500375,2025,0,23,15,50000andOVER,9,4295,Oak Park,C,(UNK),None,16,23,12957677,1,Cook,0,25,None,None,4,N,No,Free Flow,202501031081,None,5,0,N,,,,(UNK),15200,(N/A),(UNK),No Defects,1,1,Local Road or Street,7,0,X003701697,Not Toll,73,2,4,Four Way,14,2943687.05846829,1913707.0134827,41.89631085,-87.78981919,On Scene,Urban,1,N,(N/A),Y,(N/A)
2025,2025-01-23,Thursday,15,03:31 PM,Property Damage,No Injuries,0,0,0,0,0,2,Front to Rear,11,N,N,Following Too Closely,Failing to Reduce Speed to Avoid Crash,Daylight,Clear,Dry,N,(N/A),I-290 W/B,(N/A),,Other,Functioning Properly,N,2,41.8728319,-87.7958161,ok,Partial Access Control,None,03-25-01914,2025,0,3,28,50000andOVER,9,4295,Oak Park,C,(UNK),None,16,23,12958640,1,Cook,0,25,None,None,4,N,No,(UNK),202501031944,None,1,8.10000038,Y,W,500,F,(UNK),15825,(N/A),(UNK),No Defects,1,1,InterState,1,290,X003702553,Not Toll,73,13,4,Divided With Median Barrier,3,2942292.43496241,1905102.81794364,41.87282401,-87.79581034,On Scene,Urban,1,N,(N/A),Y,(N/A)
2025,2025-01-23,Thursday,13,01:16 PM,Property Damage,No Injuries,0,0,0,0,0,2,Sideswipe Same Direction,12,N,N,Driving Skills/Knowledge/Experience,Unable to Determine,Daylight,Clear,Dry,N,(N/A),North Ave,(N/A),7055,No Controls,No Controls,N,2,41.9089044,-87.8017427,ok,(UNK),None,2500370,2025,0,15,18,50000andOVER,9,4295,Oak Park,C,(UNK),None,16,23,12958866,1,Cook,0,25,None,None,4,N,No,Free Flow,202501032140,None,1,6.13000011,Y,,,,(UNK),15976,(N/A),(UNK),No Defects,1,1,Other Principal Arterial,3,307,X003702765,Not Toll,73,1,1,Divided - w/median (not raised),2,2940315.71380885,1918203.77831216,41.90889657,-87.80173691,On Scene,Urban,1,N,(N/A),Y,(N/A)
2025,2025-01-23,Thursday,11,11:07 AM,Property Damage,No Injuries,0,0,0,0,0,1,Parked Motor Vehicle,9,N,N,Failing to Reduce Speed to Avoid Crash,(N/A),Daylight,Clear,Snow or Slush,N,(N/A),Cedar Ct,(N/A),,No Controls,No Controls,N,2,41.8802482,-87.8014393,ok,(UNK),None,2500367,2025,0,28,99,50000andOVER,9,4295,Oak Park,C,(UNK),None,16,23,12958870,1,Cook,0,25,None,None,4,N,No,Free Flow,202501032144,None,1,0,N,E,20,F,(UNK),15978,(N/A),(UNK),No Defects,1,3,(UNK),0,0,X003702769,No Toll,73,1,1,Not Divided,1,2940686.34811777,1907763.19985354,41.88024038,-87.80143347,On Scene,Rural,1,N,(N/A),Y,(N/A)
2025,2025-01-24,Friday,14,02:09 PM,Property Damage,No Injuries,0,0,0,0,0,2,Turning,10,N,N,Improper Turning/No Signal,Unable to Determine,Daylight,Clear,Dry,N,(N/A),North Ave,(N/A),,Other Warning Sign,Functioning Properly,N,2,41.9090259,-87.7833566,ok,(UNK),None,2500390,2025,0,6,18,50000andOVER,9,4295,Oak Park,C,(UNK),None,16,24,12958873,1,Cook,0,25,None,None,5,N,No,Free Flow,202501032147,None,1,0.01,N,S,50,F,(UNK),15980,(N/A),(UNK),No Defects,1,1,Major Collector,5,2783,X003702772,Not Toll,73,11,4,Divided - w/median (not raised),2,2945319.47166081,1918386.63285199,41.909018,-87.78335085,On Scene,Urban,1,N,(N/A),Y,(N/A)
2025,2025-01-17,Friday,7,07:45 AM,Property Damage,No Injuries,0,0,0,0,0,2,Front to Rear,11,N,N,Following Too Closely,Driving Skills/Knowledge/Experience,Daylight,Clear,Dry,N,(N/A),I-290,(N/A),,Other Regualtory Sig,Functioning Properly,N,2,41.8712705,-87.7750257,ok,Partial Access Control,None,03-25-01378,2025,0,3,15,50000andOVER,9,4295,Oak Park,C,(UNK),None,16,17,12959062,1,Cook,0,25,None,None,5,N,No,(UNK),202501032313,None,1,9.17000008,Y,W,200,F,(UNK),16112,(N/A),(UNK),No Defects,1,1,InterState,1,290,X003702953,Not Toll,73,10,4,Divided With Median Barrier,3,2947970.99376114,1904691.0026738,41.87126264,-87.7750199,On Scene,Urban,1,N,(N/A),Y,(N/A)