crash_year,crash_date,day_of_week,crash_hour,time_of_crash,crash_severity,crash_injury_severity,total_injured,total_fatals,a_injuries,b_injuries,c_injuries,no_injuries,type_of_first_crash,collision_type_code,pedestrian_involved,pedalcyclist_involved,cause1,cause2,lighting_cond,weather_cond,road_surface_cond,intersection_related,is_intersection,highway_or_street_name,at_intersection_with,address_no,traffic_control_device,traffic_control_device_cond,hit_and_run,number_of_vehicles,latitude,longitude,location_status,access_control,agency_code,agency_report_number,agency_report_year,alignment_code,cause1_code,cause2_code,city_class,city_class_code,city_code,city_name,city_township_flag,class_of_trafficway,class_of_trafficway_code,county_code,crash_day,crash_id,crash_month,crash_report_county,crash_severity_cd,crash_yr_source,damaged_property1,damaged_property2,day_of_week_code,did_crash_occur_in_work_zone,did_involve_secondary_crash,flow_condition,icn,investigating_agency_descrip,light_condition_code,mile_station,nhs,non_intersection_direction,non_intersection_distance,non_intersection_units,number_of_lanes,objectid,railroad_crossing_number,road_alignment,road_defects,road_defects_code,road_surface_condition_code,roadway_functional_class,roadway_functional_class_code,route_number,sfe,toll,township,traffic_control_device_code,traffic_control_device_cond_code,trafficway_descrip,trafficway_description_code,ts_crash_coordinate_x,ts_crash_coordinate_y,ts_crash_latitude,ts_crash_longitude,type_report,urban_rural,weather_code,were_workers_present,work_zone,work_zone_related,work_zone_type
2025,2025-01-25,Saturday,7,07:36 AM,Property Damage,No Injuries,0,0,0,0,0,2,Angle,15,N,N,Failing to Yield Right of Way,Failing to Reduce Speed to Avoid Crash,Daylight,Clear,Dry,Y,S Rid,Adams St,Adams St/S Ridgeland Ave,,Stop Sign,Functioning Properly,N,2,41.8780754,-87.7843848,ok,(UNK),None,2500400,2025,0,2,28,50000andOVER,9,4295,Oak Park,C,(UNK),None,16,25,12959711,1,Cook,0,25,STOP SIGN,None,6,N,No,Slow,202501032909,None,1,1.64999998,N,,,,(UNK),16584,(N/A),(UNK),No Defects,1,1,Major Collector,5,2783,X003703562,Not Toll,73,2,4,Divided - w/median (not raised),2,2945352.93655866,1907099.90906752,41.87806754,-87.78437896,On Scene,Urban,1,N,(N/A),Y,(N/A)
2025,2025-01-24,Friday,9,09:20 AM,Property Damage,No Injuries,0,0,0,0,0,2,Front to Rear,11,N,N,Failing to Reduce Speed to Avoid Crash,Vision Obscured,Daylight,Clear,Dry,Y,Harle,I-290,Harlem/I-290,,Other Regualtory Sig,Functioning Properly,N,2,41.8736431,-87.8045353,ok,Partial Access Control,None,03-25-01980,2025,0,28,14,50000andOVER,9,4295,Oak Park,C,(UNK),None,16,24,12959861,1,Cook,0,25,None,None,5,N,No,(UNK),202501033049,None,1,0.20999999,Y,E,20,F,(UNK),16688,(N/A),(UNK),No Defects,1,1,InterState,1,290,X003703704,Not Toll,73,10,4,Divided With Median Barrier,3,2939909.45405647,1905332.92834885,41.87363523,-87.80452952,On Scene,Urban,1,N,(N/A),Y,(N/A)
2025,2025-01-17,Friday,22,10:00 PM,Property Damage,No Injuries,0,0,0,0,0,5,Front to Rear,11,N,N,Failing to Reduce Speed to Avoid Crash,Following Too Closely,Darkness / Lighted Road,Clear,Dry,N,(N/A),I-290 W/B,(N/A),,Other,Functioning Properly,N,3,41.8726629,-87.7942903,ok,Partial Access Control,None,03-25-01458,2025,0,28,3,50000andOVER,9,4295,Oak Park,C,(UNK),None,16,17,12959867,1,Cook,0,25,None,None,5,N,No,(UNK),202501033055,None,5,8.18000031,Y,W,80,F,(UNK),16694,(N/A),(UNK),No Defects,1,1,InterState,1,290,X003703710,Not Toll,73,13,4,Divided - w/median (not raised),2,2942709.73885918,1905052.72994652,41.87265504,-87.79428447,On Scene,Urban,1,N,(N/A),Y,(N/A)
2025,2025-01-24,Friday,14,02:53 PM,Property Damage,No Injuries,0,0,0,0,0,2,Turning,10,N,N,Improper Lane Usage,Failing to Reduce Speed to Avoid Crash,Daylight,Cloudy/Overcast,Dry,Y,S Eas,South Blvd,S East Ave/South Blvd,,Stop Sign,Functioning Properly,N,2,41.8869291,-87.7895462,ok,(UNK),None,2500391,2025,0,20,28,50000andOVER,9,4295,Oak Park,C,(UNK),None,16,24,12961721,1,Cook,0,25,None,None,5,N,No,Slow,202501034681,None,1,0.11,N,,,,(UNK),17866,(N/A),(UNK),No Defects,1,1,Minor Collector,6,2779,X003705343,Not Toll,73,2,4,Four Way,14,2943857.81085128,1910287.35758207,41.88692122,-87.7895404,On Scene,Urban,8,N,(N/A),Y,(N/A)
2025,2025-01-22,Wednesday,15,03:00 PM,Injury,B Injury Crash,1,0,0,1,0,2,Pedestrian,1,Y,N,Failing to Yield Right of Way,Failing to Reduce Speed to Avoid Crash,Daylight,Unknown,Unknown,N,(N/A),Washington Blvd,(N/A),,No Controls,No Controls,N,1,41.8814192,-87.803544,ok,(UNK),None,2500393,2025,0,2,28,50000andOVER,9,4295,Oak Park,C,(UNK),None,16,22,12961723,1,Cook,2,25,None,None,3,N,No,Slow,202501059590,None,1,0.07,N,E,100,F,(UNK),17868,(N/A),(UNK),Unknown,99,9,Major Collector,5,5,X003705345,Not Toll,73,1,1,Divided - w/median (not raised),2,2940101.40354326,1908174.13429461,41.88141138,-87.80353816,Not on Scene (Desk R,Urban,9,N,(N/A),N,(N/A)
2025,2025-01-25,Saturday,16,04:41 PM,Property Damage,No Injuries,0,0,0,0,0,2,Front to Rear,11,N,N,Failing to Reduce Speed to Avoid Crash,Unable to Determine,Dusk,Clear,Dry,Y,North,N Harlem Ave,N Harlem Ave/North Blvd,,Traffic Signal,Functioning Properly,N,2,41.887107,-87.8049778,ok,(UNK),None,2500410,2025,0,28,18,50000andOVER,9,4295,Oak Park,C,(UNK),None,16,25,12961729,1,Cook,0,25,None,None,6,N,No,Slow,202501034686,None,3,19.15999985,Y,,,,(UNK),17869,(N/A),(UNK),No Defects,1,1,Other Principal Arterial,3,348,X003705349,Not Toll,73,3,4,Not Divided,1,2939653.84539076,1910236.11464217,41.88709917,-87.80497201,On Scene,Urban,1,N,(N/A),Y,(N/A)
2025,2025-01-25,Saturday,19,07:13 PM,Injury,B Injury Crash,2,0,0,2,0,1,Pedestrian,1,Y,N,Failing to Yield Right of Way,Failing to Reduce Speed to Avoid Crash,Darkness,Clear,Dry,Y,Wisco,Washington Blvd,Washington Blvd/Wisconsin Ave,,Traffic Signal,Functioning Properly,Y,1,41.881456,-87.8023752,ok,(UNK),None,2500412,2025,0,2,28,50000andOVER,9,4295,Oak Park,C,(UNK),None,16,25,12961732,1,Cook,2,25,None,None,6,N,No,Free Flow,202501034687,None,4,0.12,N,,,,(UNK),17870,(N/A),(UNK),No Defects,1,1,Major Collector,5,5,X003705350,Not Toll,73,3,4,Divided - w/median (not raised),2,2940419.32203013,1908196.29834943,41.88144813,-87.80236942,On Scene,Urban,1,N,(N/A),Y,(N/A)
2025,2025-01-24,Friday,15,03:57 PM,Property Damage,No Injuries,0,0,0,0,0,3,Front to Rear,11,N,N,Following Too Closely,Driving Skills/Knowledge/Experience,Dusk,Clear,Dry,N,(N/A),Harlem Ave,(N/A),804,No Controls,No Controls,N,2,41.8947207,-87.8052519,ok,(UNK),None,2500102,2025,0,3,15,50000andOVER,9,4295,Oak Park,C,(UNK),None,16,24,12961751,1,Cook,0,25,None,None,5,N,No,Slow,202501034691,None,3,18.62999916,Y,,,,(UNK),17873,(N/A),(UNK),No Defects,1,1,Other Principal Arterial,3,348,X003705354,Not Toll,73,1,1,Not Divided,1,2939502.80233295,1913008.63502777,41.89471288,-87.80524613,On Scene,Urban,1,N,(N/A),Y,(N/A)
2025,2025-01-23,Thursday,17,05:35 PM,Injury,A Injury Crash,1,0,1,0,0,1,Pedestrian,1,Y,N,Failing to Yield Right of Way,Disregarding Traffic Signals,Darkness / Lighted Road,Clear,Dry,Y,N Har,Division St,Division St/N Harlem Ave,,Traffic Signal,Functioning Properly,N,1,41.9015578,-87.8055263,ok,(UNK),None,2500096,2025,0,2,25,50000andOVER,9,4295,Oak Park,C,(UNK),None,16,23,12961758,1,Cook,3,25,None,None,4,N,No,Free Flow,202501034694,None,5,18.15999985,Y,,,,(UNK),17875,(N/A),(UNK),No Defects,1,1,Other Principal Arterial,3,348,X003705357,Not Toll,73,3,4,Not Divided,1,2939359.48403986,1915498.15033702,41.90154999,-87.80552052,On Scene,Urban,1,N,(N/A),Y,(N/A)
2025,2025-01-25,Saturday,10,10:46 AM,Property Damage,No Injuries,0,0,0,0,0,6,Angle,15,N,N,Failing to Yield Right of Way,Unable to Determine,Daylight,Clear,Dry,N,(N/A),Madison St,(N/A),,No Controls,No Controls,N,4,41.87972,-87.79426,ok,(UNK),None,2500402,2025,0,2,18,50000andOVER,9,4295,Oak Park,C,(UNK),None,16,25,12962451,1,Cook,0,25,None,None,6,N,Yes,Stopped,202501035346,None,1,3.5999999,N,N,30,F,(UNK),18325,(N/A),(UNK),No Defects,1,1,Minor Arterial,4,1419,X003706012,Not Toll,,1,1,Divided - w/median (not raised),2,2942646.86089228,1907624.69837674,41.87972,-87.79426,On Scene,Urban,1,N,(N/A),Y,(N/A)
2025,2025-01-27,Monday,21,09:58 PM,Property Damage,No Injuries,0,0,0,0,0,3,Front to Rear,11,N,N,Following Too Closely,Driving Skills/Knowledge/Experience,Darkness / Lighted Road,Clear,Dry,Y,Washi,S Ridgeland Ave,S Ridgeland Ave/Washington Blvd,,Traffic Signal,Functioning Properly,Y,2,41.8817179,-87.7845143,ok,(UNK),None,2500452,2025,0,3,15,50000andOVER,9,4295,Oak Park,C,(UNK),None,16,27,12963068,1,Cook,0,25,None,None,1,N,No,Stopped,202501035907,None,5,1.02999997,N,,,,(UNK),18720,(N/A),(UNK),No Defects,1,1,Major Collector,5,5,X003706582,Not Toll,73,3,4,Two-way Continuous Left-Turn Lane,4,2945280.79584016,1908426.3218911,41.88171004,-87.78450849,On Scene,Urban,1,N,(N/A),Y,(N/A)
2025,2025-01-27,Monday,19,07:01 PM,Injury,B Injury Crash,1,0,0,1,0,1,Pedestrian,1,Y,N,Failing to Yield Right of Way,Unable to Determine,Darkness / Lighted Road,Clear,Dry,Y,N Elm,Lake St,Lake St/N Elmwood Ave,,Stop Sign,Functioning Properly,Y,1,41.8883878,-87.786346,ok,(UNK),None,2500448,2025,0,2,18,50000andOVER,9,4295,Oak Park,C,(UNK),None,16,27,12963069,1,Cook,2,25,None,None,1,N,No,Free Flow,202501035908,None,5,0.76999998,N,,,,(UNK),18721,(N/A),(UNK),No Defects,1,1,Major Collector,5,1405,X003706583,Not Toll,73,2,4,T-Intersection,15,2944714.49996759,1910843.12458301,41.88837998,-87.78634022,On Scene,Urban,1,N,(N/A),Y,(N/A)
2025,2025-01-28,Tuesday,10,10:24 AM,Property Damage,No Injuries,0,0,0,0,0,4,Front to Rear,11,N,N,Unable to Determine,Unable to Determine,Daylight,Clear,Dry,N,(N/A),Oak Park Ave,(N/A),,No Controls,No Controls,N,2,41.8881005,-87.7944995,ok,(UNK),None,2500458,2025,0,18,18,50000andOVER,9,4295,Oak Park,C,(UNK),None,16,28,12964586,1,Cook,0,25,None,None,2,N,No,Stopped,202501036887,None,1,5.57000017,N,S,150,F,(UNK),19370,(N/A),(UNK),No Defects,1,1,Major Collector,5,2775,X003708022,Not Toll,73,1,1,Not Divided,1,2942497.18046681,1910676.92094401,41.8880927,-87.79449366,On Scene,Urban,1,N,(N/A),Y,(N/A)
2025,2025-01-28,Tuesday,10,10:36 AM,Property Damage,No Injuries,0,0,0,0,0,2,Angle,15,N,N,Disregarding Other Traffic Signs,Failing to Yield Right of Way,Daylight,Clear,Dry,Y,Green,N Harlem Ave,Greenfield St/N Harlem Ave,,Other Regualtory Sig,Functioning Properly,N,2,41.9052126,-87.8056639,ok,(UNK),None,2500114,2025,0,24,2,50000andOVER,9,4295,Oak Park,C,(UNK),None,16,28,12964590,1,Cook,0,25,None,None,2,N,No,Free Flow,202501036891,None,1,17.89999962,Y,,,,(UNK),19372,(N/A),(UNK),No Defects,1,1,Other Principal Arterial,3,348,X003708026,Not Toll,73,10,4,Four Way,14,2939285.34490055,1916828.98040394,41.90520474,-87.80565813,On Scene,Urban,1,N,(N/A),Y,(N/A)
2025,2025-01-29,Wednesday,20,08:54 PM,Property Damage,No Injuries,0,0,0,0,0,1,Parked Motor Vehicle,9,N,N,Failing to Reduce Speed to Avoid Crash,Improper Lane Usage,Darkness / Lighted Road,Clear,Dry,N,(N/A),N Harlem Ave,(N/A),1339,Unknown,Unknown,N,2,41.9049441,-87.8056455,ok,(UNK),None,2500489,2025,0,28,20,50000andOVER,9,4295,Oak Park,C,(UNK),None,16,29,12965167,1,Cook,0,25,None,None,3,N,No,Free Flow,202501037320,None,5,17.92000008,Y,,,,(UNK),19723,(N/A),(UNK),No Defects,1,1,Other Principal Arterial,3,348,X003708446,Not Toll,73,99,9,Not Divided,1,2939293.06378318,1916731.26612177,41.90493622,-87.80563967,Not on Scene (Desk R,Urban,1,N,(N/A),Y,(N/A)
2025,2025-01-28,Tuesday,17,05:59 PM,Property Damage,No Injuries,0,0,0,0,0,2,Sideswipe Same Direction,12,N,N,Improper Lane Usage,Driving Skills/Knowledge/Experience,Darkness / Lighted Road,Clear,Dry,N,(N/A),Harlem Ave,(N/A),900,No Controls,No Controls,N,2,41.8701975,-87.8043901,ok,(UNK),None,25-00294,2025,0,20,15,50000andOVER,9,4295,Oak Park,C,(UNK),None,16,28,12965310,1,Cook,0,25,None,None,2,N,No,Free Flow,202501037427,None,5,20.32999992,Y,,,,(UNK),19793,(N/A),(UNK),No Defects,1,1,Other Principal Arterial,3,348,X003708555,Not Toll,73,1,1,Divided - w/median (not raised),2,2939983.56805049,1904078.40644102,41.8701897,-87.80438435,On Scene,Urban,1,N,(N/A),Y,(N/A)
2025,2025-01-30,Thursday,5,05:45 AM,Property Damage,No Injuries,0,0,0,0,0,2,Turning,10,N,N,Failing to Yield Right of Way,Driving Skills/Knowledge/Experience,Daylight,Clear,Dry,N,(N/A),Harlem,(N/A),600,No Controls,No Controls,N,2,41.8758231,-87.8045911,ok,(UNK),None,25-00313,2025,0,2,15,50000andOVER,9,4295,Oak Park,C,(UNK),None,16,30,12965312,1,Cook,0,25,None,None,4,N,No,Free Flow,202501037428,None,1,19.94000053,Y,,,,(UNK),19794,(N/A),(UNK),No Defects,1,1,Other Principal Arterial,3,348,X003708556,Not Toll,73,1,1,Not Divided,1,2939872.39783349,1906126.9504743,41.87581525,-87.80458526,On Scene,Urban,1,N,(N/A),Y,(N/A)
2025,2025-01-29,Wednesday,12,12:10 PM,Property Damage,No Injuries,0,0,0,0,0,2,Front to Rear,11,N,N,Following Too Closely,Failing to Reduce Speed to Avoid Crash,Daylight,Clear,Dry,N,(N/A),Lake St,(N/A),709,No Controls,No Controls,N,2,41.88855,-87.79313,ok,(UNK),None,2500477,2025,0,3,28,50000andOVER,9,4295,Oak Park,C,(UNK),None,16,29,12965989,1,Cook,0,25,None,None,3,N,No,Free Flow,202501038048,None,1,0,N,,,,(UNK),20225,(N/A),(UNK),No Defects,1,1,(UNK),0,0,X003709182,No Toll,,1,1,Not Divided,1,2942865.55899284,1910851.02735999,41.88855,-87.79313,On Scene,Rural,1,N,(N/A),Y,(N/A)
2025,2025-01-30,Thursday,6,06:27 AM,Property Damage,No Injuries,0,0,0,0,0,2,Turning,10,N,N,Improper Turning/No Signal,Failing to Yield Right of Way,Dawn,Clear,Dry,Y,N Rid,Chicago Ave,Chicago Ave/N Ridgeland Ave,,Traffic Signal,Functioning Properly,N,2,41.89453,-87.78488,ok,(UNK),None,2500494,2025,0,6,2,50000andOVER,9,4295,Oak Park,C,(UNK),None,16,30,12966433,1,Cook,0,25,None,None,4,N,No,Free Flow,202501038431,None,2,0.5,N,,,,(UNK),20475,(N/A),(UNK),No Defects,1,1,Minor Arterial,4,2783,X003709565,Not Toll,,3,4,Divided - w/median (not raised),2,2945051.53498226,1913092.5348541,41.89453,-87.78488,On Scene,Urban,1,N,(N/A),Y,(N/A)
2025,2025-01-30,Thursday,9,09:12 AM,Property Damage,No Injuries,0,0,0,0,0,2,Angle,15,N,N,Failing to Yield Right of Way,Failing to Reduce Speed to Avoid Crash,Daylight,Clear,Dry,N,(N/A),Roosevelt Rd,(N/A),,No Controls,No Controls,N,2,41.8650486,-87.8011329,ok,(UNK),None,2500499,2025,0,2,28,50000andOVER,9,4295,Oak Park,C,(UNK),None,16,30,12966437,1,Cook,0,25,None,None,4,N,No,Slow,202501038435,None,1,0,Y,E,100,F,(UNK),20477,(N/A),(UNK),Unknown,99,1,Other Principal Arterial,3,0,X003709568,Not Toll,73,1,1,Divided - w/median (not raised),2,2940922.5,1902226.5,41.86504079,-87.80112715,On Scene,Urban,1,N,(N/A),N,(N/A)
2025,2025-01-30,Thursday,16,04:31 PM,Property Damage,No Injuries,0,0,0,0,0,2,Turning,10,N,N,Failing to Yield Right of Way,Failing to Reduce Speed to Avoid Crash,Darkness / Lighted Road,Rain,Wet,Y,Garfi,S Austin Blvd,Garfield St/S Austin Blvd,,Stop Sign,Functioning Properly,N,2,41.8704097,-87.7742824,ok,(UNK),None,2500509,2025,0,2,28,50000andOVER,9,4295,Oak Park,C,(UNK),None,16,30,12966439,1,Cook,0,25,None,None,4,N,No,Slow,202501038437,None,5,8.40999985,N,,,,(UNK),20478,(N/A),(UNK),Unknown,99,2,Minor Arterial,4,2790,X003709570,Not Toll,,2,4,Divided - w/median (not raised),2,2948182.18729967,1904382.96955101,41.87040188,-87.77427664,On Scene,Urban,2,N,(N/A),N,(N/A)
2025,2025-01-30,Thursday,16,04:20 PM,Property Damage,No Injuries,0,0,0,0,0,3,Turning,10,N,N,Improper Turning/No Signal,Failing to Reduce Speed to Avoid Crash,Daylight,Clear,Dry,N,(N/A),Lake,(N/A),,No Controls,No Controls,N,2,41.88865,-87.79716,ok,(UNK),None,2500510,2025,0,6,28,50000andOVER,9,4295,Oak Park,C,(UNK),None,16,30,12966444,1,Cook,0,25,None,None,4,N,No,Free Flow,202501038442,None,1,0,N,E,50,F,(UNK),20483,(N/A),(UNK),No Defects,1,1,Major Collector,5,0,X003709575,Not Toll,,1,1,Not Divided,1,2941767.17130471,1910857.12457174,41.88865,-87.79716,On Scene,Urban,1,N,(N/A),Y,(N/A)
2025,2025-01-31,Friday,15,03:52 PM,Injury,B Injury Crash,1,0,0,1,0,1,Turning,10,N,N,Failing to Yield Right of Way,Unable to Determine,Daylight,Clear,Wet,N,(N/A),Chicago Ave,(N/A),214,No Controls,No Controls,N,2,41.8946253,-87.7804072,ok,(UNK),None,2500527,2025,0,2,18,50000andOVER,9,4295,Oak Park,C,(UNK),None,16,31,12967953,1,Cook,2,25,STREETLAMP POST,None,5,N,Yes,Free Flow,202501039789,None,1,3.8499999,N,,,,(UNK),21480,(N/A),(UNK),No Defects,1,2,Minor Arterial,4,1398,X003710953,Not Toll,73,1,1,Not Divided,1,2946268.40035913,1913161.12511269,41.89461746,-87.78040145,On Scene,Urban,1,N,(N/A),Y,(N/A)
2025,2025-02-02,Sunday,0,00:00 AM,Property Damage,No Injuries,0,0,0,0,0,2,Sideswipe Same Direction,12,N,N,Improper Overtaking/Passing,Failing to Reduce Speed to Avoid Crash,Darkness / Lighted Road,Clear,Dry,N,(N/A),Harlem Ave,(N/A),700,No Controls,No Controls,Y,2,41.8728586,-87.8044906,ok,(UNK),None,25-00363,2025,0,4,28,50000andOVER,9,4295,Oak Park,C,(UNK),None,16,2,12969890,2,Cook,0,25,None,None,7,N,No,Free Flow,202501041555,None,5,20.13999939,Y,,,,(UNK),22686,(N/A),(UNK),No Defects,1,1,Other Principal Arterial,3,348,X003712645,Not Toll,73,1,1,Divided With Median Barrier,3,2939929.51375853,1905047.37841498,41.87285073,-87.80448478,Not on Scene (Desk R,Urban,1,N,(N/A),Y,(N/A)
2025,2025-01-28,Tuesday,17,05:34 PM,Property Damage,No Injuries,0,0,0,0,0,2,Angle,15,N,N,Failing to Yield Right of Way,Failing to Reduce Speed to Avoid Crash,Darkness,Clear,Dry,Y,S Ken,Randolph St,Randolph St/S Kenilworth Ave,,Stop Sign,Functioning Properly,N,2,41.88335,-87.79704,ok,(UNK),None,2500469,2025,0,2,28,50000andOVER,9,4295,Oak Park,C,(UNK),None,16,28,12970034,1,Cook,0,25,None,None,2,N,No,Free Flow,202501041664,None,4,0,N,,,,(UNK),22759,(N/A),(UNK),No Defects,1,1,Local Road or Street,7,0,X003712766,Not Toll,,2,4,Four Way,14,2941853.20958358,1908926.60932151,41.88335,-87.79704,On Scene,Urban,1,N,(N/A),Y,(N/A)
2025,2025-01-31,Friday,21,09:02 PM,Property Damage,No Injuries,0,0,0,0,0,2,Front to Rear,11,N,N,Failing to Reduce Speed to Avoid Crash,Following Too Closely,Darkness / Lighted Road,Clear,Wet,Y,I-290,S Harlem Av,I-290/S Harlem Av,,No Controls,No Controls,N,2,41.8736416,-87.8045256,ok,Partial Access Control,None,2500535,2025,0,28,3,50000andOVER,9,4295,Oak Park,C,(UNK),None,16,31,12970038,1,Cook,0,25,None,None,5,N,No,Stopped,202501041667,None,5,20.09000015,Y,S,15,F,(UNK),22760,(N/A),(UNK),No Defects,1,2,InterState,1,348,X003712769,Not Toll,73,1,1,Divided - w/median (not raised),2,2939912.11212917,1905332.46324663,41.87363375,-87.80451982,On Scene,Urban,1,N,(N/A),Y,(N/A)
2025,2025-01-31,Friday,15,03:46 PM,Property Damage,No Injuries,0,0,0,0,0,2,Angle,15,N,N,Failing to Yield Right of Way,Failing to Reduce Speed to Avoid Crash,Daylight,Cloudy/Overcast,Wet,Y,S Eas,Jackson Blvd,Jackson Blvd/S East Ave,,Stop Sign,Functioning Properly,N,2,41.87616,-87.78924,ok,(UNK),None,2500526,2025,0,2,28,50000andOVER,9,4295,Oak Park,C,(UNK),None,16,31,12970041,1,Cook,0,25,None,None,5,N,No,Free Flow,202501041670,None,1,0,N,,,,(UNK),22762,(N/A),(UNK),No Defects,1,2,Minor Collector,6,0,X003712772,Not Toll,,2,4,Two-way Continuous Left-Turn Lane,4,2944049.96621807,1906365.22116211,41.87616,-87.78924,On Scene,Urban,8,N,(N/A),Y,(N/A)
2025,2025-01-31,Friday,19,07:56 PM,Property Damage,No Injuries,0,0,0,0,0,1,Parked Motor Vehicle,9,N,N,Driving Skills/Knowledge/Experience,Unable to Determine,Daylight,Clear,Dry,N,(N/A),S Maple Ave,(N/A),,Stop Sign,Functioning Properly,N,2,41.87817,-87.80378,ok,(UNK),None,2500533,2025,0,15,18,50000andOVER,9,4295,Oak Park,C,(UNK),None,16,31,12970042,1,Cook,0,25,None,None,5,N,No,Free Flow,202501041671,None,1,0,N,S,15,F,(UNK),22763,(N/A),(UNK),No Defects,1,1,Local Road or Street,7,0,X003712773,Not Toll,,2,4,Divided - w/median (not raised),2,2940069.73930592,1906988.28763439,41.87817,-87.80378,Not on Scene (Desk R,Urban,1,N,(N/A),Y,(N/A)
2025,2025-01-31,Friday,16,04:15 PM,Property Damage,No Injuries,0,0,0,0,0,2,Angle,15,N,N,Failing to Yield Right of Way,(N/A),Daylight,Unknown,Wet,N,(N/A),1200 Linden Ave,(N/A),,No Controls,No Controls,Y,2,41.9087732,-87.7926346,ok,(UNK),None,2500529,2025,0,2,99,50000andOVER,9,4295,Oak Park,C,(UNK),None,16,31,12970044,1,Cook,0,25,None,None,5,N,No,Free Flow,202501041673,None,1,0,N,S,100,F,(UNK),22764,(N/A),(UNK),No Defects,1,2,Local Road or Street,7,0,X003712775,Not Toll,73,1,1,Not Divided,1,2942796.42183356,1918224.4958913,41.90876538,-87.79262877,Not on Scene (Desk R,Urban,9,N,(N/A),Y,(N/A)
2025,2025-02-01,Saturday,20,08:20 PM,Property Damage,No Injuries,0,0,0,0,0,2,Front to Rear,11,N,N,Following Too Closely,Driving Skills/Knowledge/Experience,Darkness / Lighted Road,Clear,Dry,N,(N/A),S Ridgeland Ave,(N/A),,Traffic Signal,Functioning Properly,N,2,41.87627,-87.78431,ok,(UNK),None,2500551,2025,0,3,15,50000andOVER,9,4295,Oak Park,C,(UNK),None,16,1,12970046,2,Cook,0,25,None,None,6,N,No,Free Flow,202501041675,None,5,0,N,N,15,F,(UNK),22765,(N/A),(UNK),No Defects,1,1,Major Collector,5,0,X003712777,Not Toll,,3,4,Two-way Continuous Left-Turn Lane,4,2945391.56722595,1906442.55797305,41.87627,-87.78431,On Scene,Urban,1,N,(N/A),Y,(N/A)
2025,2025-02-02,Sunday,6,06:55 AM,Property Damage,No Injuries,0,0,0,0,0,2,Angle,15,N,N,Disregarding Traffic Signals,Failing to Yield Right of Way,Darkness / Lighted Road,Clear,Dry,Y,S Aus,Madison St,Madison St/S Austin Blvd,,Traffic Signal,Functioning Properly,Y,2,41.8800149,-87.774671,ok,(UNK),None,2500555,2025,0,25,2,50000andOVER,9,4295,Oak Park,C,(UNK),None,16,2,12970048,2,Cook,0,25,None,None,7,N,No,Free Flow,202501041677,None,5,4.61999989,N,,,,(UNK),22766,(N/A),(UNK),No Defects,1,1,Minor Arterial,4,1419,X003712779,Not Toll,,3,4,Two-way Continuous Left-Turn Lane,4,2947978.73593068,1907880.33108105,41.88000707,-87.77466525,On Scene,Urban,1,N,(N/A),Y,(N/A)
2025,2025-02-03,Monday,13,01:15 PM,Property Damage,No Injuries,0,0,0,0,0,5,Front to Rear,11,N,N,Following Too Closely,Failing to Reduce Speed to Avoid Crash,Daylight,Rain,Wet,N,(N/A),S Austin Blvd,(N/A),1104,Traffic Signal,Functioning Properly,N,3,41.867189,-87.7741825,ok,(UNK),None,2500574,2025,0,3,28,50000andOVER,9,4295,Oak Park,C,(UNK),None,16,3,12971239,2,Cook,0,25,None,None,1,N,Yes,Stopped,202501042677,None,1,8.60000038,N,,,,(UNK),23487,(N/A),(UNK),No Defects,1,2,Minor Arterial,4,2790,X003713804,Not Toll,,3,4,Divided - w/median (not raised),2,2948242.12616789,1903210.0384682,41.86718115,-87.77417674,On Scene,Urban,2,N,(N/A),Y,(N/A)
2025,2025-02-03,Monday,16,04:34 PM,Injury,C Injury Crash,1,0,0,0,1,1,Angle,15,N,N,Failing to Yield Right of Way,Failing to Reduce Speed to Avoid Crash,Darkness / Lighted Road,Cloudy/Overcast,Wet,N,(N/A),N Austin Blvd,(N/A),,Traffic Signal,Functioning Properly,N,2,41.8798596,-87.774665,ok,(UNK),None,2500576,2025,0,2,28,50000andOVER,9,4295,Oak Park,C,(UNK),None,16,3,12971241,2,Cook,1,25,None,None,1,N,No,Slow,202501042678,None,5,7.67000008,N,S,50,F,(UNK),23488,(N/A),(UNK),Unknown,99,2,Minor Arterial,4,2790,X003713805,Not Toll,,3,4,Divided - w/median (not raised),2,2947981.96413789,1907823.78574692,41.87985178,-87.77465919,On Scene,Urban,8,N,(N/A),N,(N/A)
2025,2025-02-04,Tuesday,8,08:21 AM,Property Damage,No Injuries,0,0,0,0,0,2,Front to Rear,11,N,N,Following Too Closely,Failing to Reduce Speed to Avoid Crash,Daylight,Clear,Dry,Y,S Oak,Harvard St,Harvard St/S Oak Park Ave,,Traffic Signal,Functioning Properly,N,2,41.86877,-87.79388,ok,(UNK),None,2500582,2025,0,3,28,50000andOVER,9,4295,Oak Park,C,(UNK),None,16,4,12972352,2,Cook,0,25,None,None,2,N,No,Slow,202501043632,None,1,6.90999985,N,,,,(UNK),24150,(N/A),(UNK),No Defects,1,1,Major Collector,5,2775,X003714789,Not Toll,,3,4,Divided - w/median (not raised),2,2942860.71993473,1903637.1840451,41.86877,-87.79388,On Scene,Urban,1,N,(N/A),Y,(N/A)