crash_year,crash_date,day_of_week,crash_hour,time_of_crash,crash_severity,crash_injury_severity,total_injured,total_fatals,a_injuries,b_injuries,c_injuries,no_injuries,type_of_first_crash,collision_type_code,pedestrian_involved,pedalcyclist_involved,cause1,cause2,lighting_cond,weather_cond,road_surface_cond,intersection_related,is_intersection,highway_or_street_name,at_intersection_with,address_no,traffic_control_device,traffic_control_device_cond,hit_and_run,number_of_vehicles,latitude,longitude,location_status,access_control,agency_code,agency_report_number,agency_report_year,alignment_code,cause1_code,cause2_code,city_class,city_class_code,city_code,city_name,city_township_flag,class_of_trafficway,class_of_trafficway_code,county_code,crash_day,crash_id,crash_month,crash_report_county,crash_severity_cd,crash_yr_source,damaged_property1,damaged_property2,day_of_week_code,did_crash_occur_in_work_zone,did_involve_secondary_crash,flow_condition,icn,investigating_agency_descrip,light_condition_code,mile_station,nhs,non_intersection_direction,non_intersection_distance,non_intersection_units,number_of_lanes,objectid,railroad_crossing_number,road_alignment,road_defects,road_defects_code,road_surface_condition_code,roadway_functional_class,roadway_functional_class_code,route_number,sfe,toll,township,traffic_control_device_code,traffic_control_device_cond_code,trafficway_descrip,trafficway_description_code,ts_crash_coordinate_x,ts_crash_coordinate_y,ts_crash_latitude,ts_crash_longitude,type_report,urban_rural,weather_code,were_workers_present,work_zone,work_zone_related,work_zone_type
2025,2025-02-04,Tuesday,10,10:00 AM,Property Damage,No Injuries,0,0,0,0,0,1,Parked Motor Vehicle,9,N,N,Failing to Yield Right of Way,Failing to Reduce Speed to Avoid Crash,Daylight,Cloudy/Overcast,Unknown,N,(N/A),Lombard Ave,(N/A),,No Controls,No Controls,N,2,41.88191,-87.77959,ok,(UNK),None,2500591,2025,0,2,28,50000andOVER,9,4295,Oak Park,C,(UNK),None,16,4,12972353,2,Cook,0,25,None,None,2,N,No,Slow,202501043633,None,1,1.29999995,N,N,50,F,(UNK),24151,(N/A),(UNK),Unknown,99,9,Major Collector,5,5,X003714790,Not Toll,,1,1,Not Divided,1,2946619.88886642,1908533.61559359,41.88191,-87.77959,Not on Scene (Desk R,Urban,8,N,(N/A),N,(N/A)
2025,2025-02-04,Tuesday,15,03:08 PM,Property Damage,No Injuries,0,0,0,0,0,1,Parked Motor Vehicle,9,N,N,Failing to Reduce Speed to Avoid Crash,Unable to Determine,Daylight,Cloudy/Overcast,Dry,N,(N/A),S Maple Ave,(N/A),520,No Controls,No Controls,N,2,41.8789564,-87.8038189,ok,(UNK),None,2500589,2025,0,28,18,50000andOVER,9,4295,Oak Park,C,(UNK),None,16,4,12972354,2,Cook,0,25,None,None,2,N,No,Free Flow,202501043634,None,1,0,N,,,,(UNK),24152,(N/A),(UNK),No Defects,1,1,Local Road or Street,7,0,X003714791,Not Toll,73,1,1,Parking Lot,7,2940051.25146042,1907274.58589745,41.87894859,-87.8038131,On Scene,Urban,8,N,(N/A),Y,(N/A)
2025,2025-02-05,Wednesday,21,09:17 PM,Property Damage,No Injuries,0,0,0,0,0,1,Other Object,7,N,N,(N/A),Driving Skills/Knowledge/Experience,Darkness / Lighted Road,Clear,Dry,N,(N/A),S Ridgeland Ave,(N/A),,No Controls,No Controls,N,1,41.8761499,-87.7843605,ok,(UNK),None,2500618,2025,0,99,15,50000andOVER,9,4295,Oak Park,C,(UNK),None,16,5,12972355,2,Cook,0,25,TREE,None,3,N,No,Free Flow,202501043635,None,5,1.78999996,N,S,45,F,(UNK),24153,(N/A),(UNK),No Defects,1,1,Major Collector,5,2783,X003714792,Not Toll,73,1,1,Divided - w/median (not raised),2,2945379.03314934,1906398.39215688,41.87614201,-87.78435469,On Scene,Urban,1,N,(N/A),Y,(N/A)
2025,2025-01-31,Friday,20,08:20 PM,Property Damage,No Injuries,0,0,0,0,0,2,Front to Rear,11,N,N,Failing to Reduce Speed to Avoid Crash,Following Too Closely,Darkness,Clear,Dry,Y,I-290,Harlem Ramp,Harlem Ramp/I-290 E/B,,Other,Functioning Properly,Y,2,41.8736416,-87.8045258,ok,Partial Access Control,None,03-25-02550,2025,0,28,3,50000andOVER,9,4295,Oak Park,C,(UNK),None,16,31,12972454,1,Cook,0,25,None,None,5,N,No,(UNK),202501043706,None,4,0.23999999,Y,E,100,F,(UNK),24235,(N/A),(UNK),No Defects,1,1,InterState,1,290,X003714862,Not Toll,73,13,4,Divided With Median Barrier,3,2939912.062394,1905332.46992192,41.87363377,-87.80452,On Scene,Urban,1,N,(N/A),Y,(N/A)
2025,2025-02-04,Tuesday,20,08:20 PM,Property Damage,No Injuries,0,0,0,0,0,2,Front to Rear,11,N,N,Following Too Closely,Failing to Reduce Speed to Avoid Crash,Darkness / Lighted Road,Clear,Dry,N,(N/A),I-290 W/B,(N/A),,Other Regualtory Sig,Functioning Properly,Y,2,41.8712407,-87.7745611,ok,Partial Access Control,None,03-25-02814,2025,0,3,28,50000andOVER,9,4295,Oak Park,C,(UNK),None,16,4,12972483,2,Cook,0,25,None,None,2,N,No,(UNK),202501043729,None,5,9.18999958,Y,W,85,F,(UNK),24260,(N/A),(UNK),No Defects,1,1,InterState,1,290,X003714886,Not Toll,73,10,4,Divided With Median Barrier,3,2948097.84313725,1904683.68003565,41.87123286,-87.77455529,On Scene,Urban,1,N,(N/A),Y,(N/A)
2025,2025-01-22,Wednesday,16,04:50 PM,Property Damage,No Injuries,0,0,0,0,0,2,Front to Rear,11,N,N,Failing to Reduce Speed to Avoid Crash,Following Too Closely,Daylight,Clear,Dry,N,(N/A),Eisenhower Expy,(N/A),,Other,Functioning Properly,N,2,41.8711749,-87.7779891,ok,Partial Access Control,None,03-25-02150,2025,0,28,3,50000andOVER,9,4295,Oak Park,C,(UNK),None,16,22,12972498,1,Cook,0,25,None,None,3,N,No,(UNK),202501043744,None,1,9.02000046,Y,E,335,F,(UNK),24270,(N/A),(UNK),No Defects,1,1,InterState,1,290,X003714901,Not Toll,73,13,4,Ramp,11,2947164.78705974,1904633.68837131,41.87116707,-87.77798335,Not on Scene (Desk R,Urban,1,N,(N/A),Y,(N/A)
2025,2025-01-30,Thursday,7,07:20 AM,Property Damage,No Injuries,0,0,0,0,0,2,Front to Rear,11,N,N,Failing to Reduce Speed to Avoid Crash,Following Too Closely,Daylight,Clear,Dry,N,(N/A),Eisenhower Expy,(N/A),,Other,Functioning Properly,N,2,41.8720607,-87.7888921,ok,Partial Access Control,None,03-25-02406,2025,0,28,3,50000andOVER,9,4295,Oak Park,C,(UNK),None,16,30,12972825,1,Cook,0,25,None,None,4,N,No,(UNK),202501044050,None,1,8.46000004,Y,E,38,F,(UNK),24499,(N/A),(UNK),No Defects,1,1,InterState,1,290,X003715215,Not Toll,73,13,4,Divided With Median Barrier,3,2944186.12387801,1904873.97478136,41.87205282,-87.78888631,On Scene,Urban,1,N,(N/A),Y,(N/A)
2025,2025-02-02,Sunday,22,10:50 PM,Property Damage,No Injuries,0,0,0,0,0,2,Sideswipe Same Direction,12,N,N,Improper Overtaking/Passing,Improper Lane Usage,Darkness,Clear,Dry,N,(N/A),I 290,(N/A),,No Controls,No Controls,N,2,41.8709438,-87.7743028,ok,Partial Access Control,None,03-25-02719,2025,0,4,20,50000andOVER,9,4295,Oak Park,C,(UNK),None,16,2,12973145,2,Cook,0,25,None,None,7,N,No,(UNK),202501044183,None,4,9.21000004,Y,E,10,F,(UNK),24685,(N/A),(UNK),No Defects,1,1,InterState,1,290,X003715350,Not Toll,,1,1,Divided With Median Barrier,3,2948171.22003546,1904577.43253683,41.87093592,-87.77429698,Not on Scene (Desk R,Urban,1,N,(N/A),Y,(N/A)
2025,2025-02-06,Thursday,0,00:30 AM,Property Damage,No Injuries,0,0,0,0,0,1,Parked Motor Vehicle,9,N,N,Failing to Reduce Speed to Avoid Crash,Weather,Darkness,Clear,Ice,N,(N/A),Belleforte Ave,(N/A),,No Controls,No Controls,N,2,41.89791,-87.80209,ok,(UNK),None,2500627,2025,0,28,11,50000andOVER,9,4295,Oak Park,C,(UNK),None,16,6,12973423,2,Cook,0,25,None,None,4,N,No,Free Flow,202501044430,None,4,0,N,N,10,F,(UNK),24869,(N/A),(UNK),No Defects,1,4,Local Road or Street,7,0,X003715609,Not Toll,,1,1,Not Divided,1,2940331.6736058,1914194.59095923,41.89791,-87.80209,On Scene,Urban,1,N,(N/A),Y,(N/A)
2025,2025-02-01,Saturday,19,07:30 PM,Property Damage,No Injuries,0,0,0,0,0,2,Turning,10,N,N,Failing to Reduce Speed to Avoid Crash,Failing to Yield Right of Way,Darkness / Lighted Road,Clear,Dry,Y,S Rid,Garfield St,Garfield St/S Ridgeland Ave,,Traffic Signal,Functioning Properly,N,2,41.87098,-87.78418,ok,(UNK),None,2500548,2025,0,28,2,50000andOVER,9,4295,Oak Park,C,(UNK),None,16,1,12973596,2,Cook,0,25,None,None,6,N,No,Free Flow,202501066478,None,5,2.13000011,N,,,,(UNK),24982,(N/A),(UNK),No Defects,1,1,Major Collector,5,2783,X003715719,Not Toll,,3,4,Four Way,14,2945480.51117504,1904515.76888975,41.87098,-87.78418,On Scene,Urban,1,N,(N/A),Y,(N/A)
2025,2025-02-06,Thursday,17,05:28 PM,Property Damage,No Injuries,0,0,0,0,0,3,Front to Rear,11,N,N,(N/A),(N/A),Darkness / Lighted Road,Clear,Dry,Y,(UNK),W Roosevelt Rd,(UNK)/W Roosevelt Rd,5958,Traffic Signal,Functioning Properly,N,2,41.8654545,-87.7741254,ok,(UNK),None,JJ141051,2025,0,99,99,50000andOVER,9,4295,Oak Park,C,(UNK),None,16,6,12974122,2,Cook,0,25,None,None,4,N,No,(UNK),202501045068,None,5,7.55000019,Y,,,,(UNK),25312,(N/A),(UNK),No Defects,1,1,Other Principal Arterial,3,347,X003716265,Not Toll,56,3,4,Not Divided,1,2948275.32063604,1902578.38877407,41.86544665,-87.77411959,On Scene,Urban,1,N,(N/A),Y,(N/A)
2025,2025-02-05,Wednesday,6,06:25 AM,Property Damage,No Injuries,0,0,0,0,0,2,Front to Rear,11,N,N,Following Too Closely,Failing to Reduce Speed to Avoid Crash,Daylight,Clear,Dry,N,(N/A),I-290 W/B,(N/A),,Other Regualtory Sig,Functioning Properly,N,2,41.8712418,-87.7745891,ok,Partial Access Control,None,03-25-02829,2025,0,3,28,50000andOVER,9,4295,Oak Park,C,(UNK),None,16,5,12974936,2,Cook,0,25,None,None,3,N,No,(UNK),202501045623,None,1,9.19999981,Y,W,13,F,(UNK),25708,(N/A),(UNK),No Defects,1,1,InterState,1,290,X003716926,Not Toll,73,10,4,Divided With Median Barrier,3,2948090.19268125,1904683.85949574,41.87123394,-87.77458334,On Scene,Urban,1,N,(N/A),Y,(N/A)
2025,2025-02-05,Wednesday,13,01:29 PM,Property Damage,No Injuries,0,0,0,0,0,1,Parked Motor Vehicle,9,N,N,Improper Backing,(N/A),Daylight,Clear,Dry,Y,(UNK),Edmer Ave,(UNK)/Edmer Ave,1211,No Controls,No Controls,N,2,41.90771,-87.78474,ok,(UNK),None,2500605,2025,0,30,99,50000andOVER,9,4295,Oak Park,C,(UNK),None,16,5,12975227,2,Cook,0,25,None,None,3,N,No,Slow,202501045889,None,1,0,N,,,,(UNK),25896,(N/A),(UNK),No Defects,1,1,Local Road or Street,7,0,X003717203,Not Toll,,1,1,Not Divided,1,2944956.22441852,1917896.64470577,41.90771,-87.78474,On Scene,Urban,1,N,(N/A),Y,(N/A)
2025,2025-02-06,Thursday,13,01:30 PM,Property Damage,No Injuries,0,0,0,0,0,2,Front to Rear,11,N,N,Following Too Closely,Failing to Reduce Speed to Avoid Crash,Daylight,Clear,Dry,N,(N/A),N Ridgeland Ave,(N/A),,Traffic Signal,Functioning Properly,Y,2,41.8982,-87.78504,ok,(UNK),None,2500632,2025,0,3,28,50000andOVER,9,4295,Oak Park,C,(UNK),None,16,6,12975241,2,Cook,0,25,None,None,4,N,No,Free Flow,202501045903,None,1,0,N,E,3,F,(UNK),25902,(N/A),(UNK),No Defects,1,1,Major Collector,5,0,X003717216,Not Toll,,3,4,Four Way,14,2944970.82497238,1914428.74408197,41.8982,-87.78504,On Scene,Urban,1,N,(N/A),Y,(N/A)
2025,2025-02-06,Thursday,14,02:51 PM,Property Damage,No Injuries,0,0,0,0,0,1,Parked Motor Vehicle,9,N,N,Distraction - From Inside Vehicle,Failing to Reduce Speed to Avoid Crash,Daylight,Clear,Dry,N,(N/A),S Oak Park Ave,(N/A),229,No Controls,No Controls,N,2,41.88404,-87.79435,ok,(UNK),None,2500634,2025,0,41,28,50000andOVER,9,4295,Oak Park,C,(UNK),None,16,6,12975242,2,Cook,0,25,None,None,4,N,No,Free Flow,202501045904,None,1,5.8499999,N,,,,(UNK),25903,(N/A),(UNK),No Defects,1,1,Major Collector,5,2775,X003717217,Not Toll,,1,1,Divided - w/median (not raised),2,2942578.8092713,1909198.30781753,41.88404,-87.79435,On Scene,Urban,1,N,(N/A),Y,(N/A)
2025,2025-02-08,Saturday,22,10:37 PM,Property Damage,No Injuries,0,0,0,0,0,1,Fixed Object,6,N,N,Unable to Determine,(N/A),Unknown,Clear,Dry,N,(N/A),Westgate St,(N/A),1135,No Controls,No Controls,Y,2,41.8878736,-87.8043471,ok,(UNK),None,2500671,2025,0,18,99,50000andOVER,9,4295,Oak Park,C,(UNK),None,16,8,12976622,2,Cook,0,25,None,None,6,N,No,Slow,202501047093,None,9,0,N,,,,(UNK),26769,(N/A),(UNK),No Defects,1,1,Local Road or Street,7,0,X003718429,Not Toll,73,1,1,Parking Lot,7,2939817.90805749,1910520.19521497,41.88786574,-87.80434127,On Scene,Urban,1,N,(N/A),Y,(N/A)
2025,2025-02-10,Monday,1,01:04 AM,Property Damage,No Injuries,0,0,0,0,0,2,Parked Motor Vehicle,9,N,N,Following Too Closely,Failing to Reduce Speed to Avoid Crash,Darkness / Lighted Road,Clear,Dry,N,(N/A),I-290 W/B,(N/A),,No Controls,Functioning Properly,N,2,41.8737555,-87.8042854,ok,Partial Access Control,None,03-25-03196,2025,0,3,28,50000andOVER,9,4295,Oak Park,C,(UNK),None,16,10,12977433,2,Cook,0,25,None,None,1,N,No,(UNK),202501047804,None,5,7.71000004,Y,E,75,F,(UNK),27301,(N/A),(UNK),No Defects,1,1,InterState,1,290,X003719203,Not Toll,73,1,4,Divided With Median Barrier,3,2939976.38654783,1905375.78939532,41.8737477,-87.80427964,On Scene,Urban,1,N,(N/A),Y,(N/A)
2025,2025-02-10,Monday,0,00:35 AM,Property Damage,No Injuries,0,0,0,0,0,1,Fixed Object,6,N,N,Following Too Closely,Failing to Reduce Speed to Avoid Crash,Darkness / Lighted Road,Clear,Dry,N,(N/A),I-290 W/B,(N/A),,Other,Functioning Properly,N,1,41.8736773,-87.8033973,ok,Partial Access Control,None,03-25-03195,2025,0,3,28,50000andOVER,9,4295,Oak Park,C,(UNK),None,16,10,12977600,2,Cook,0,25,None,None,1,N,No,(UNK),202501047884,None,5,7.75,Y,E,313,F,(UNK),27356,(N/A),(UNK),No Defects,1,1,InterState,1,290,X003719284,Not Toll,73,13,4,Divided With Median Barrier,3,2940219.0689126,1905353.9231541,41.87366941,-87.8033915,On Scene,Urban,1,N,(N/A),Y,(N/A)
2025,2025-02-07,Friday,15,03:33 PM,Property Damage,No Injuries,0,0,0,0,0,1,Parked Motor Vehicle,9,N,N,Failing to Reduce Speed to Avoid Crash,Unable to Determine,Daylight,Clear,Dry,N,(N/A),Washington Blvd,(N/A),605,No Controls,No Controls,N,2,41.88158,-87.78973,ok,(UNK),None,2500651,2025,0,28,18,50000andOVER,9,4295,Oak Park,C,(UNK),None,16,7,12978328,2,Cook,0,25,None,None,5,N,No,Free Flow,202501048333,None,1,0,N,,,,(UNK),27834,(N/A),(UNK),No Defects,1,1,Major Collector,5,0,X003719735,Not Toll,,1,1,Not Divided,1,2943861.78079455,1908336.67036731,41.88158,-87.78973,On Scene,Urban,1,N,(N/A),Y,(N/A)
2025,2025-02-07,Friday,18,06:44 PM,Property Damage,No Injuries,0,0,0,0,0,1,Fixed Object,6,N,N,Unable to Determine,(N/A),Unknown,Clear,Dry,N,(N/A),Forest Pl,(N/A),100,No Controls,No Controls,Y,2,41.88839,-87.79987,ok,(UNK),None,2500652,2025,0,18,99,50000andOVER,9,4295,Oak Park,C,(UNK),None,16,7,12978329,2,Cook,0,25,None,None,5,N,No,Slow,202501048334,None,9,0,N,,,,(UNK),27835,(N/A),(UNK),No Defects,1,1,(UNK),0,0,X003719736,No Toll,,1,1,Not Divided,1,2941031.84643693,1910741.99931439,41.88839,-87.79987,Not on Scene (Desk R,Rural,1,N,(N/A),Y,(N/A)
2025,2025-02-08,Saturday,11,11:20 AM,Injury,B Injury Crash,1,0,0,1,0,1,Angle,15,N,N,Disregarding Traffic Signals,Failing to Reduce Speed to Avoid Crash,Daylight,Cloudy/Overcast,Dry,Y,Roose,S Harlem Ave,Roosevelt Rd/S Harlem Ave,,Traffic Signal,Functioning Properly,N,2,41.8650325,-87.8042159,ok,(UNK),None,2500663,2025,0,25,28,50000andOVER,9,4295,Oak Park,C,(UNK),None,16,8,12978332,2,Cook,2,25,None,None,6,N,No,Free Flow,202501048338,None,1,5.98999977,Y,,,,(UNK),27837,(N/A),(UNK),No Defects,1,1,Other Principal Arterial,3,347,X003719739,Not Toll,52,3,4,Four Way,14,2940082.84637545,1902197.46717757,41.86502462,-87.80421014,On Scene,Urban,8,N,(N/A),Y,(N/A)
2025,2025-02-08,Saturday,16,04:56 PM,Property Damage,No Injuries,0,0,0,0,0,2,Turning,10,N,N,Failing to Yield Right of Way,Unable to Determine,Darkness / Lighted Road,Snow,Wet,Y,S Aus,Jackson Blvd,Jackson Blvd/S Austin Blvd,,Traffic Signal,Functioning Properly,N,2,41.8763978,-87.7745099,ok,(UNK),None,2500667,2025,0,2,18,50000andOVER,9,4295,Oak Park,C,(UNK),None,16,8,12978333,2,Cook,0,25,None,None,6,N,No,Free Flow,202501048339,None,5,7.94000006,N,,,,(UNK),27838,(N/A),(UNK),No Defects,1,2,Minor Arterial,4,2790,X003719740,Not Toll,,3,4,Four Way,14,2948059.37334104,1906563.40764805,41.87638995,-87.77450413,On Scene,Urban,3,N,(N/A),Y,(N/A)
2025,2025-02-08,Saturday,23,11:15 PM,Property Damage,No Injuries,0,0,0,0,0,2,Front to Rear,11,N,N,Failing to Reduce Speed to Avoid Crash,Following Too Closely,Darkness / Lighted Road,Snow,Wet,Y,Austi,1 Harrison St,1 Harrison St/Austin/Harrison,,No Controls,No Controls,N,2,41.8727918,-87.7744058,ok,(UNK),None,2500672,2025,0,28,3,50000andOVER,9,4295,Oak Park,C,(UNK),None,16,8,12978337,2,Cook,0,25,None,None,6,N,No,Stopped,202501048341,None,5,8.23999977,N,,,,(UNK),27840,(N/A),(UNK),No Defects,1,2,Minor Arterial,4,2790,X003719742,Not Toll,,1,1,Divided - w/median (not raised),2,2948124.37995884,1905250.10886618,41.87278396,-87.7744,On Scene,Urban,3,N,(N/A),Y,(N/A)
2025,2025-02-07,Friday,22,10:32 PM,Injury,B Injury Crash,2,0,0,1,1,1,Sideswipe Same Direction,12,N,N,Improper Turning/No Signal,Driving Skills/Knowledge/Experience,Darkness / Lighted Road,Clear,Dry,N,(N/A),Harlem,(N/A),700,No Controls,No Controls,N,2,41.8735881,-87.8045234,ok,Partial Access Control,None,25-00411,2025,0,6,15,50000andOVER,9,4295,Oak Park,C,(UNK),None,16,7,12978524,2,Cook,2,25,None,None,5,N,No,Free Flow,202501048520,None,5,20.09000015,Y,,,,(UNK),27944,(N/A),(UNK),No Defects,1,1,InterState,1,348,X003719917,Not Toll,73,1,1,Divided With Median Barrier,3,2939913.25572469,1905312.97539327,41.87358023,-87.80451759,On Scene,Urban,1,N,(N/A),Y,(N/A)
2025,2025-01-30,Thursday,20,08:52 PM,Property Damage,No Injuries,0,0,0,0,0,2,Front to Rear,11,N,N,Failing to Reduce Speed to Avoid Crash,Following Too Closely,Darkness,Rain,Wet,N,(N/A),Lake St,(N/A),,No Controls,No Controls,Y,2,41.8886781,-87.8050308,ok,(UNK),None,2500514,2025,0,28,3,50000andOVER,9,4295,Oak Park,C,(UNK),None,16,30,12979039,1,Cook,0,25,None,None,4,N,No,Slow,202501048958,None,4,19.04999924,Y,N,40,F,(UNK),28258,(N/A),(UNK),No Defects,1,2,Other Principal Arterial,3,348,X003720368,Not Toll,73,1,1,Divided - w/median (not raised),2,2939623.65467778,1910808.24689265,41.88867025,-87.80502499,On Scene,Urban,2,N,(N/A),Y,(N/A)
2025,2025-02-08,Saturday,13,01:59 PM,Property Damage,No Injuries,0,0,0,0,0,2,Sideswipe Same Direction,12,N,N,Failing to Reduce Speed to Avoid Crash,(N/A),Daylight,Clear,Dry,N,(N/A),N Harlem Ave,(N/A),,No Controls,No Controls,N,2,41.8997144,-87.8054455,ok,(UNK),None,2500163,2025,0,28,99,50000andOVER,9,4295,Oak Park,C,(UNK),None,16,8,12979047,2,Cook,0,25,SQUAD #2,None,6,N,No,Free Flow,202501048961,None,1,18.28000069,Y,,,,(UNK),28261,(N/A),(UNK),No Defects,1,1,Other Principal Arterial,3,348,X003720371,Not Toll,73,1,1,Divided - w/median (not raised),2,2939399.98710193,1914826.96892413,41.89970654,-87.8054397,On Scene,Urban,1,N,(N/A),Y,(N/A)
2025,2025-02-05,Wednesday,13,01:05 PM,Property Damage,No Injuries,0,0,0,0,0,3,Front to Rear,11,N,N,Following Too Closely,Failing to Reduce Speed to Avoid Crash,Daylight,Clear,Dry,N,(N/A),I-290 Westbound,(N/A),,Other,Functioning Properly,Y,3,41.8737623,-87.8043914,ok,Partial Access Control,None,03-25-02858,2025,0,3,28,50000andOVER,9,4295,Oak Park,C,(UNK),None,16,5,12979111,2,Cook,0,25,None,None,3,N,No,(UNK),202501049019,None,1,7.71000004,Y,E,25,F,(UNK),28299,(N/A),(UNK),No Defects,1,1,InterState,1,290,X003720430,Not Toll,73,13,4,Divided With Median Barrier,3,2939947.47058824,1905377.47326203,41.8737545,-87.80438555,On Scene,Urban,1,N,(N/A),Y,(N/A)
2025,2025-02-10,Monday,0,00:35 AM,Property Damage,No Injuries,0,0,0,0,0,3,Front to Rear,11,N,N,Improper Lane Usage,Failing to Reduce Speed to Avoid Crash,Darkness / Lighted Road,Clear,Dry,N,(N/A),I-290 W/B,(N/A),,Other,Functioning Properly,N,2,41.8736863,-87.8034982,ok,Partial Access Control,None,03-25-03194,2025,0,20,28,50000andOVER,9,4295,Oak Park,C,(UNK),None,16,10,12979298,2,Cook,0,25,None,None,1,N,No,(UNK),202501049195,None,5,7.75,Y,E,313,F,(UNK),28428,(N/A),(UNK),No Defects,1,1,InterState,1,290,X003720605,Not Toll,73,13,4,Divided With Median Barrier,3,2940191.4984108,1905356.46796666,41.87367847,-87.8034924,On Scene,Urban,1,N,(N/A),Y,(N/A)
2025,2025-02-06,Thursday,13,01:51 PM,Property Damage,No Injuries,0,0,0,0,0,2,Sideswipe Same Direction,12,N,N,Improper Overtaking/Passing,Driving Skills/Knowledge/Experience,Daylight,Clear,Dry,N,(N/A),I-290 E/B,(N/A),,Other,Functioning Properly,Y,2,41.8726595,-87.7957623,ok,Partial Access Control,None,03-25-03079,2025,0,4,15,50000andOVER,9,4295,Oak Park,C,(UNK),None,16,6,12979306,2,Cook,0,25,None,None,4,N,No,(UNK),202501049204,None,1,8.10999966,Y,W,500,F,(UNK),28435,(N/A),(UNK),No Defects,1,1,InterState,1,290,X003720613,Not Toll,73,13,4,Divided With Median Barrier,3,2942308.83058441,1905040.42259453,41.87265168,-87.79575652,Not on Scene (Desk R,Urban,1,N,(N/A),Y,(N/A)
2025,2025-02-10,Monday,15,03:30 PM,Property Damage,No Injuries,0,0,0,0,0,3,Front to Rear,11,N,N,Following Too Closely,Failing to Reduce Speed to Avoid Crash,Daylight,Clear,Dry,N,(N/A),N Ridgeland Ave,(N/A),204,No Controls,No Controls,N,3,41.8906973,-87.7847807,ok,(UNK),None,2500691,2025,0,3,28,50000andOVER,9,4295,Oak Park,C,(UNK),None,16,10,12980197,2,Cook,0,25,None,None,1,N,Yes,Slow,202501050109,None,1,0.76999998,N,,,,(UNK),29014,(N/A),(UNK),No Defects,1,1,Major Collector,5,2783,X003721413,Not Toll,73,1,1,Not Divided,1,2945117.36121843,1911696.55817878,41.8906894,-87.78477492,On Scene,Urban,1,N,(N/A),Y,(N/A)
2025,2025-02-06,Thursday,16,04:15 PM,Property Damage,No Injuries,0,0,0,0,0,2,Angle,15,N,N,Disregarding Stop Sign,Failing to Reduce Speed to Avoid Crash,Dusk,Cloudy/Overcast,Dry,Y,Woodb,Greenfield Ave,Greenfield Ave/Woodbine Av,,Stop Sign,Functioning Properly,N,2,41.9052956,-87.7994859,ok,(UNK),None,2500615,2025,0,23,28,50000andOVER,9,4295,Oak Park,C,(UNK),None,16,6,12980198,2,Cook,0,25,None,None,4,N,No,Stopped,202501050110,None,3,0,N,,,,(UNK),29015,(N/A),(UNK),No Defects,1,1,Local Road or Street,7,0,X003721414,Not Toll,73,2,4,Not Divided,1,2940966.37740839,1916905.62545147,41.9052878,-87.79948006,On Scene,Urban,8,N,(N/A),Y,(N/A)
2025,2025-02-10,Monday,21,09:23 PM,Injury,C Injury Crash,1,0,0,0,1,4,Front to Rear,11,N,N,Following Too Closely,Distraction - From Inside Vehicle,Darkness / Lighted Road,Clear,Dry,Y,Fillm,S Harlem Ave,Fillmore St/S Harlem Ave,,No Controls,No Controls,N,4,41.866876,-87.8042754,ok,(UNK),None,2500697,2025,0,3,41,50000andOVER,9,4295,Oak Park,C,(UNK),None,16,10,12980201,2,Cook,1,25,None,None,1,N,Yes,Slow,202501050113,None,5,20.55999947,Y,,,,(UNK),29016,(N/A),(UNK),No Defects,1,1,Other Principal Arterial,3,348,X003721417,Not Toll,73,1,1,T-Intersection,15,2940048.1540931,1902868.84686895,41.86686818,-87.80426959,On Scene,Urban,1,N,(N/A),Y,(N/A)
2025,2025-02-10,Monday,17,05:00 PM,Property Damage,No Injuries,0,0,0,0,0,1,Front to Rear,11,N,N,Distraction - From Inside Vehicle,Unable to Determine,Dusk,Clear,Dry,N,(N/A),S Taylor Ave,(N/A),1146,No Controls,No Controls,N,2,41.867592,-87.7778683,ok,(UNK),None,2500694,2025,0,41,18,50000andOVER,9,4295,Oak Park,C,(UNK),None,16,10,12980202,2,Cook,0,25,None,None,1,N,No,Free Flow,202501050114,None,3,0,N,,,,(UNK),29017,(N/A),(UNK),No Defects,1,1,Local Road or Street,7,0,X003721418,Not Toll,73,1,1,Not Divided,1,2947234.06156023,1903328.9328312,41.86758418,-87.77786249,On Scene,Urban,1,N,(N/A),Y,(N/A)
2025,2025-02-11,Tuesday,9,09:33 AM,Property Damage,No Injuries,0,0,0,0,0,1,Fixed Object,6,N,N,Failing to Reduce Speed to Avoid Crash,(N/A),Daylight,Clear,Other,N,(N/A),Alley,(N/A),,No Controls,No Controls,N,1,,,missing,(UNK),None,2500700,2025,0,28,99,50000andOVER,9,4295,Oak Park,C,City Streets Urban,8,16,11,12980203,2,Cook,0,25,CEMENT POST,None,2,N,No,Free Flow,202501050115,None,1,0,N,,,,(UNK),29018,(N/A),(UNK),No Defects,1,6,(UNK),0,0,X003721419,No Toll,,1,1,Alley,12,0,0,0,0,On Scene,(UNK),1,N,(N/A),Y,(N/A)
2025,2025-02-11,Tuesday,15,03:01 PM,Property Damage,No Injuries,0,0,0,0,0,3,Sideswipe Same Direction,12,N,N,Improper Lane Usage,(N/A),Daylight,Clear,Dry,N,(N/A),Austin Blvd,(N/A),,No Controls,No Controls,N,3,41.8799087,-87.7746669,ok,(UNK),None,2500708,2025,0,20,99,50000andOVER,9,4295,Oak Park,C,(UNK),None,16,11,12980380,2,Cook,0,25,None,None,2,N,Yes,Free Flow,202501050260,None,1,7.67000008,N,S,75,F,(UNK),29111,(N/A),(UNK),No Defects,1,1,Minor Arterial,4,2790,X003721570,Not Toll,,1,1,Not Divided,1,2947980.94299993,1907841.6397246,41.87990081,-87.77466111,On Scene,Urban,1,N,(N/A),Y,(N/A)