crash_year,crash_date,day_of_week,crash_hour,time_of_crash,crash_severity,crash_injury_severity,total_injured,total_fatals,a_injuries,b_injuries,c_injuries,no_injuries,type_of_first_crash,collision_type_code,pedestrian_involved,pedalcyclist_involved,cause1,cause2,lighting_cond,weather_cond,road_surface_cond,intersection_related,is_intersection,highway_or_street_name,at_intersection_with,address_no,traffic_control_device,traffic_control_device_cond,hit_and_run,number_of_vehicles,latitude,longitude,location_status,access_control,agency_code,agency_report_number,agency_report_year,alignment_code,cause1_code,cause2_code,city_class,city_class_code,city_code,city_name,city_township_flag,class_of_trafficway,class_of_trafficway_code,county_code,crash_day,crash_id,crash_month,crash_report_county,crash_severity_cd,crash_yr_source,damaged_property1,damaged_property2,day_of_week_code,did_crash_occur_in_work_zone,did_involve_secondary_crash,flow_condition,icn,investigating_agency_descrip,light_condition_code,mile_station,nhs,non_intersection_direction,non_intersection_distance,non_intersection_units,number_of_lanes,objectid,railroad_crossing_number,road_alignment,road_defects,road_defects_code,road_surface_condition_code,roadway_functional_class,roadway_functional_class_code,route_number,sfe,toll,township,traffic_control_device_code,traffic_control_device_cond_code,trafficway_descrip,trafficway_description_code,ts_crash_coordinate_x,ts_crash_coordinate_y,ts_crash_latitude,ts_crash_longitude,type_report,urban_rural,weather_code,were_workers_present,work_zone,work_zone_related,work_zone_type
2025,2025-02-12,Wednesday,8,08:20 AM,Injury,B Injury Crash,1,0,0,1,0,2,Front to Rear,11,N,N,Following Too Closely,Unable to Determine,Daylight,Cloudy/Overcast,Unknown,N,(N/A),W North Ave,(N/A),7126,No Controls,No Controls,N,3,41.9089661,-87.8031739,ok,(UNK),None,JJ147029,2025,0,3,18,50000andOVER,9,4295,Oak Park,C,(UNK),None,16,12,12980573,2,Cook,2,25,None,None,3,N,No,Slow,202501050437,None,1,6.05999994,Y,,,,(UNK),29229,(N/A),(UNK),Unknown,99,9,Other Principal Arterial,3,307,X003721751,Not Toll,,1,1,Divided With Median Barrier,3,2939925.5,1918215.5,41.90895822,-87.80316811,On Scene,Urban,8,N,(N/A),N,(N/A)
2025,2025-02-11,Tuesday,20,08:18 PM,Injury,B Injury Crash,1,0,0,1,0,1,Front to Rear,11,N,N,Failing to Reduce Speed to Avoid Crash,Following Too Closely,Darkness / Lighted Road,Clear,Dry,N,(N/A),I-290 Wb,(N/A),,Other,Functioning Properly,N,2,41.8710735,-87.7745493,ok,Partial Access Control,None,03-25-03318,2025,0,28,3,50000andOVER,9,4295,Oak Park,C,(UNK),None,16,11,12981404,2,Cook,2,25,None,None,2,N,No,(UNK),202501051197,None,5,0.2,Y,,,,(UNK),29803,(N/A),(UNK),No Defects,1,1,InterState,1,290,X003722530,Not Toll,73,13,4,Divided With Median Barrier,3,2948102.74649896,1904622.84623254,41.87106568,-87.77454353,On Scene,Urban,1,N,(N/A),Y,(N/A)
2025,2025-02-11,Tuesday,17,05:01 PM,Property Damage,No Injuries,0,0,0,0,0,1,Parked Motor Vehicle,9,N,N,Unable to Determine,(N/A),Daylight,Clear,Dry,N,(N/A),Grove,(N/A),,No Controls,No Controls,Y,2,41.87974,-87.79555,ok,(UNK),None,2500711,2025,0,18,99,50000andOVER,9,4295,Oak Park,C,(UNK),None,16,11,12982891,2,Cook,0,25,None,None,2,N,No,Free Flow,202501052598,None,1,3.52999997,N,N,150,F,(UNK),30840,(N/A),(UNK),No Defects,1,1,Minor Arterial,4,1419,X003723952,Not Toll,,1,1,Not Divided,1,2942295.3401609,1907622.27278559,41.87974,-87.79555,On Scene,Urban,1,N,(N/A),Y,(N/A)
2025,2025-02-12,Wednesday,21,09:53 PM,Property Damage,No Injuries,0,0,0,0,0,2,Front to Rear,11,N,N,Failing to Reduce Speed to Avoid Crash,Following Too Closely,Darkness,Snow,Wet,N,(N/A),Harlem Ct,(N/A),,No Controls,No Controls,N,2,41.89054,-87.80424,ok,(UNK),None,2500736,2025,0,28,3,50000andOVER,9,4295,Oak Park,C,(UNK),None,16,12,12982895,2,Cook,0,25,None,None,3,N,No,Slow,202501052603,None,4,0,N,N,40,F,(UNK),30843,(N/A),(UNK),No Defects,1,2,Local Road or Street,7,0,X003723956,Not Toll,,1,1,Divided - w/median (not raised),2,2939820.29780668,1911492.69032134,41.89054,-87.80424,Not on Scene (Desk R,Urban,3,N,(N/A),Y,(N/A)
2025,2025-02-12,Wednesday,18,06:35 PM,Property Damage,No Injuries,0,0,0,0,0,3,Turning,10,N,N,Failing to Yield Right of Way,Weather,Darkness / Lighted Road,Snow,Snow or Slush,N,(N/A),Lake St,(N/A),,Traffic Signal,Functioning Properly,N,2,41.88865,-87.79716,ok,(UNK),None,2500729,2025,0,2,11,50000andOVER,9,4295,Oak Park,C,(UNK),None,16,12,12982897,2,Cook,0,25,None,None,3,N,No,Free Flow,202501052605,None,5,0,N,,,,(UNK),30844,(N/A),(UNK),No Defects,1,3,Major Collector,5,0,X003723958,Not Toll,,3,4,Not Divided,1,2941767.17130471,1910857.12457174,41.88865,-87.79716,On Scene,Urban,3,N,(N/A),Y,(N/A)
2025,2025-02-12,Wednesday,9,09:31 AM,Property Damage,No Injuries,0,0,0,0,0,1,Parked Motor Vehicle,9,N,N,Failing to Reduce Speed to Avoid Crash,Unable to Determine,Daylight,Cloudy/Overcast,Dry,N,(N/A),N Harlem,(N/A),483,No Controls,No Controls,Y,2,41.89028,-87.8051032,ok,(UNK),None,2500722,2025,0,28,18,50000andOVER,9,4295,Oak Park,C,(UNK),None,16,12,12982898,2,Cook,0,25,None,None,3,N,No,Stopped,202501052606,None,1,18.94000053,Y,,,,(UNK),30845,(N/A),(UNK),No Defects,1,1,Other Principal Arterial,3,348,X003723959,Not Toll,73,1,1,Parking Lot,7,2939587.85272658,1911391.46026557,41.89027213,-87.80509743,Not on Scene (Desk R,Urban,8,N,(N/A),Y,(N/A)
2025,2025-02-13,Thursday,8,08:01 AM,Property Damage,No Injuries,0,0,0,0,0,2,Rear to Side,16,N,N,Improper Backing,Failing to Reduce Speed to Avoid Crash,Daylight,Blowing Snow,Snow or Slush,N,(N/A),Forest,(N/A),167,No Controls,No Controls,N,2,41.88926,-87.80023,ok,(UNK),None,2500739,2025,0,30,28,50000andOVER,9,4295,Oak Park,C,(UNK),None,16,13,12982899,2,Cook,0,25,None,None,4,N,No,Free Flow,202501052607,None,1,0,N,,,,(UNK),30846,(N/A),(UNK),No Defects,1,3,Local Road or Street,7,0,X003723960,Not Toll,,1,1,Not Divided,1,2940925.06907415,1911056.33838921,41.88926,-87.80023,On Scene,Urban,11,N,(N/A),Y,(N/A)
2025,2025-02-13,Thursday,8,08:34 AM,Property Damage,No Injuries,0,0,0,0,0,2,Front to Rear,11,N,N,Failing to Reduce Speed to Avoid Crash,(N/A),Daylight,Clear,Wet,N,(N/A),Madison St,(N/A),308,Traffic Signal,Functioning Properly,Y,2,41.8800337,-87.7829556,ok,(UNK),None,2500740,2025,0,28,99,50000andOVER,9,4295,Oak Park,C,(UNK),None,16,13,12982901,2,Cook,0,25,None,None,4,N,No,Stopped,202501052608,None,1,0,N,,,,(UNK),30847,(N/A),(UNK),No Defects,1,2,Minor Arterial,4,0,X003723961,Not Toll,73,3,4,Not Divided,1,2945722.33977773,1907824.36599559,41.88002585,-87.78294978,On Scene,Urban,1,N,(N/A),Y,(N/A)
2025,2025-02-13,Thursday,11,11:08 AM,Property Damage,No Injuries,0,0,0,0,0,1,Parked Motor Vehicle,9,N,N,Failing to Yield Right of Way,Failing to Reduce Speed to Avoid Crash,Unknown,Other,Snow or Slush,Y,Washi,N Austin Blvd,N Austin Blvd/Washington Blvd,,No Controls,No Controls,N,2,41.8821278,-87.7747258,ok,(UNK),None,2500745,2025,0,2,28,50000andOVER,9,4295,Oak Park,C,(UNK),None,16,13,12982903,2,Cook,0,25,None,None,4,N,No,Slow,202501052609,None,9,1.53999996,N,,,,(UNK),30848,(N/A),(UNK),Unknown,99,3,Minor Arterial,4,5,X003723962,Not Toll,,1,1,Parking Lot,7,2947942.35210767,1908649.90587234,41.88212,-87.77472,Not on Scene (Desk R,Urban,7,N,(N/A),N,(N/A)
2025,2025-02-08,Saturday,1,01:10 AM,Property Damage,No Injuries,0,0,0,0,0,2,Front to Rear,11,N,N,Failing to Reduce Speed to Avoid Crash,Following Too Closely,Daylight,Clear,Dry,N,(N/A),I-290,(N/A),,Other,Functioning Properly,Y,2,41.8734119,-87.8035337,ok,Partial Access Control,None,03-25-03081,2025,0,28,3,50000andOVER,9,4295,Oak Park,C,(UNK),None,16,8,12983209,2,Cook,0,25,None,None,6,N,No,(UNK),202501052878,None,1,7.75,Y,W,270,F,(UNK),31041,(N/A),(UNK),No Defects,1,1,InterState,1,290,X003724235,Not Toll,73,13,4,Divided With Median Barrier,3,2940184.57116676,1905256.19474261,41.87340405,-87.80352794,On Scene,Urban,1,N,(N/A),Y,(N/A)
2025,2025-02-13,Thursday,11,11:35 AM,Property Damage,No Injuries,0,0,0,0,0,2,Front to Rear,11,N,N,Failing to Reduce Speed to Avoid Crash,Following Too Closely,Daylight,Clear,Dry,N,(N/A),I-290,(N/A),,Other,Functioning Properly,N,2,41.870954,-87.7744665,ok,Partial Access Control,None,03-25-03509,2025,0,28,3,50000andOVER,9,4295,Oak Park,C,(UNK),None,16,13,12983214,2,Cook,0,25,None,None,4,N,No,(UNK),202501052883,None,1,9.19999981,Y,W,50,F,(UNK),31046,(N/A),(UNK),No Defects,1,1,InterState,1,290,X003724240,Not Toll,73,13,4,Divided With Median Barrier,3,2948126.52220832,1904579.90197891,41.87094611,-87.7744607,On Scene,Urban,1,N,(N/A),Y,(N/A)
2025,2025-02-13,Thursday,11,11:00 AM,Property Damage,No Injuries,0,0,0,0,0,2,Front to Rear,11,N,N,Failing to Reduce Speed to Avoid Crash,Following Too Closely,Daylight,Clear,Dry,N,(N/A),Eisenhower Expy,(N/A),,Other,Functioning Properly,N,2,41.8709599,-87.7745616,ok,Partial Access Control,None,03-25-03514,2025,0,28,3,50000andOVER,9,4295,Oak Park,C,(UNK),None,16,13,12983215,2,Cook,0,25,None,None,4,N,No,(UNK),202501052884,None,1,9.19999981,Y,W,72,F,(UNK),31047,(N/A),(UNK),No Defects,1,1,InterState,1,290,X003724241,Not Toll,73,13,4,Divided With Median Barrier,3,2948100.54624684,1904581.33708519,41.87095203,-87.77455585,On Scene,Urban,1,N,(N/A),Y,(N/A)
2025,2025-02-13,Thursday,20,08:25 PM,Property Damage,No Injuries,0,0,0,0,0,2,Front to Rear,11,N,N,Failing to Reduce Speed to Avoid Crash,(N/A),Darkness / Lighted Road,Clear,Dry,N,(N/A),S Harlem Ave,(N/A),,No Controls,No Controls,N,2,41.87231,-87.8044667,ok,(UNK),None,2500757,2025,0,28,99,50000andOVER,9,4295,Oak Park,C,(UNK),None,16,13,12983338,2,Cook,0,25,None,None,4,N,No,Free Flow,202501052993,None,5,20.18000031,Y,,,,(UNK),31125,(N/A),(UNK),No Defects,1,1,Other Principal Arterial,3,348,X003724350,Not Toll,73,1,1,Not Divided,1,2939941.52191296,1904847.65554257,41.87230218,-87.8044609,On Scene,Urban,1,N,(N/A),Y,(N/A)
2025,2025-02-04,Tuesday,18,06:10 PM,Property Damage,No Injuries,0,0,0,0,0,3,Front to Rear,11,N,N,Failing to Reduce Speed to Avoid Crash,Driving Skills/Knowledge/Experience,Darkness / Lighted Road,Clear,Dry,N,(N/A),Eisenhower Expy,(N/A),,Other,Functioning Properly,N,3,41.8737638,-87.8043811,ok,Partial Access Control,None,03-25-02808,2025,0,28,15,50000andOVER,9,4295,Oak Park,C,(UNK),None,16,4,12983867,2,Cook,0,25,None,None,2,N,No,(UNK),202501053491,None,5,7.71000004,Y,E,25,F,(UNK),31480,(N/A),(UNK),No Defects,1,1,InterState,1,290,X003724852,Not Toll,73,13,4,Divided With Median Barrier,3,2939950.25058809,1905378.07270114,41.87375593,-87.80437529,On Scene,Urban,1,N,(N/A),Y,(N/A)
2025,2025-02-13,Thursday,7,07:20 AM,Property Damage,No Injuries,0,0,0,0,0,3,Sideswipe Same Direction,12,N,N,Improper Lane Usage,Failing to Yield Right of Way,Daylight,Clear,Wet,N,(N/A),I-290 Eastbound,(N/A),,No Controls,No Controls,Y,2,41.8734162,-87.8035777,ok,Partial Access Control,None,03-25-03501,2025,0,20,2,50000andOVER,9,4295,Oak Park,C,(UNK),None,16,13,12985637,2,Cook,0,25,None,None,4,N,No,(UNK),202501055159,None,1,7.73999977,Y,E,300,F,(UNK),32724,(N/A),(UNK),No Defects,1,2,InterState,1,290,X003726538,Not Toll,73,1,1,Divided With Median Barrier,3,2940172.56959625,1905257.42413736,41.87340832,-87.80357185,Not on Scene (Desk R,Urban,1,N,(N/A),Y,(N/A)
2025,2025-02-11,Tuesday,13,01:26 PM,Property Damage,No Injuries,0,0,0,0,0,2,Front to Rear,11,N,N,Following Too Closely,Failing to Reduce Speed to Avoid Crash,Daylight,Clear,Dry,N,(N/A),I-290 Westbound,(N/A),,Other,Functioning Properly,N,2,41.8712421,-87.7745219,ok,Partial Access Control,None,03-25-03295,2025,0,3,28,50000andOVER,9,4295,Oak Park,C,(UNK),None,16,11,12985801,2,Cook,0,25,None,None,2,N,No,(UNK),202501055319,None,1,9.19999981,Y,W,25,F,(UNK),32852,(N/A),(UNK),No Defects,1,1,InterState,1,290,X003726701,Not Toll,73,13,4,Divided With Median Barrier,3,2948108.5,1904684.5,41.8712343,-87.77451611,On Scene,Urban,1,N,(N/A),Y,(N/A)
2025,2025-02-17,Monday,0,00:10 AM,Injury,C Injury Crash,1,0,0,0,1,1,Pedalcyclist,2,N,Y,Unable to Determine,Unable to Determine,Unknown,Unknown,Unknown,Y,(UNK),W North Ave,(UNK)/W North Ave,7000,No Controls,No Controls,N,1,41.9089995,-87.8002659,ok,(UNK),None,JJ152441,2025,0,18,18,50000andOVER,9,4295,Oak Park,C,(UNK),None,16,17,12986847,2,Cook,1,25,None,None,1,N,No,Free Flow,202501056165,None,9,6.21000004,Y,,,,(UNK),33526,(N/A),(UNK),Unknown,99,9,Other Principal Arterial,3,307,X003727562,Not Toll,73,1,1,Divided With Median Barrier,3,2940716.75897084,1918249.51453168,41.90899164,-87.80026014,Not on Scene (Desk R,Urban,9,N,(N/A),N,(N/A)
2025,2025-02-14,Friday,11,11:40 AM,Property Damage,No Injuries,0,0,0,0,0,2,Turning,10,N,N,Improper Overtaking/Passing,Unable to Determine,Daylight,Cloudy/Overcast,Dry,Y,Monro,S Harlem Ave,Monroe St/S Harlem Ave,,Stop Sign,Functioning Properly,Y,2,41.8781722,-87.8046654,ok,(UNK),None,2500769,2025,0,4,18,50000andOVER,9,4295,Oak Park,C,(UNK),None,16,14,12987618,2,Cook,0,25,None,None,5,N,No,Slow,202501056867,None,1,19.78000069,Y,,,,(UNK),34033,(N/A),(UNK),No Defects,1,1,Other Principal Arterial,3,348,X003728258,Not Toll,73,2,4,Not Divided,1,2939828.58649416,1906982.45640117,41.87816438,-87.80465958,Not on Scene (Desk R,Urban,8,N,(N/A),Y,(N/A)
2025,2025-02-14,Friday,12,12:46 PM,Property Damage,No Injuries,0,0,0,0,0,2,Front to Rear,11,N,N,Following Too Closely,Failing to Reduce Speed to Avoid Crash,Daylight,Clear,Dry,N,(N/A),Harlem Ave,(N/A),,No Controls,No Controls,N,2,41.8837912,-87.8048661,ok,(UNK),None,2500770,2025,0,3,28,50000andOVER,9,4295,Oak Park,C,(UNK),None,16,14,12987630,2,Cook,0,25,None,None,5,N,No,Slow,202501056878,None,1,19.38999939,Y,N,200,F,(UNK),34044,(N/A),(UNK),No Defects,1,1,Other Principal Arterial,3,348,X003728269,Not Toll,73,1,1,Divided - w/median (not raised),2,2939717.55290307,1909028.59698822,41.88378332,-87.80486025,On Scene,Urban,1,N,(N/A),Y,(N/A)
2025,2025-02-14,Friday,15,03:10 PM,Property Damage,No Injuries,0,0,0,0,0,2,Turning,10,N,N,Failing to Yield Right of Way,Failing to Reduce Speed to Avoid Crash,Daylight,Cloudy/Overcast,Dry,Y,S Har,Garfield St,Garfield St/S Harvey Ave,,Stop Sign,Functioning Properly,N,2,41.87078,-87.78046,ok,(UNK),None,2500774,2025,0,2,28,50000andOVER,9,4295,Oak Park,C,(UNK),None,16,14,12987631,2,Cook,0,25,None,None,5,N,No,Free Flow,202501056879,None,1,0,N,,,,(UNK),34045,(N/A),(UNK),No Defects,1,1,Local Road or Street,7,0,X003728270,Not Toll,,2,4,Not Divided,1,2946495.78437345,1904471.04548049,41.87078,-87.78046,On Scene,Urban,8,N,(N/A),Y,(N/A)
2025,2025-02-14,Friday,16,04:51 PM,Property Damage,No Injuries,0,0,0,0,0,3,Front to Rear,11,N,N,Failing to Reduce Speed to Avoid Crash,Unable to Determine,Dawn,Clear,Dry,N,(N/A),N Ridgeland Ave,(N/A),,No Controls,No Controls,N,3,41.909138,-87.7833539,ok,(UNK),None,2500776,2025,0,28,18,50000andOVER,9,4295,Oak Park,C,(UNK),None,16,14,12987632,2,Cook,0,25,None,None,5,N,Yes,Slow,202501056880,None,2,0,Y,S,10,F,(UNK),34046,(N/A),(UNK),No Defects,1,1,Other Principal Arterial,3,2783,X003728271,Not Toll,73,1,1,Not Divided,1,2945319.07472418,1918427.50558145,41.9091301,-87.78334814,On Scene,Urban,1,N,(N/A),Y,(N/A)
2025,2025-02-14,Friday,16,04:56 PM,Property Damage,No Injuries,0,0,0,0,0,2,Front to Front,14,N,N,Failing to Reduce Speed to Avoid Crash,Failing to Yield Right of Way,Daylight,Clear,Dry,N,(N/A),Harrison St,(N/A),,No Controls,No Controls,N,2,41.8729,-87.79523,ok,(UNK),None,2500777,2025,0,28,2,50000andOVER,9,4295,Oak Park,C,(UNK),None,16,14,12987635,2,Cook,0,25,None,None,5,N,No,Free Flow,202501056882,None,1,0,N,E,100,F,(UNK),34047,(N/A),(UNK),No Defects,1,1,Local Road or Street,7,0,X003728273,Not Toll,,1,1,Not Divided,1,2942451.39584867,1905132.06253179,41.8729,-87.79523,On Scene,Urban,1,N,(N/A),Y,(N/A)
2025,2025-02-14,Friday,19,07:46 PM,Injury,C Injury Crash,1,0,0,0,1,1,Front to Rear,11,N,N,Failing to Reduce Speed to Avoid Crash,(N/A),Darkness / Lighted Road,Snow,Snow or Slush,Y,Erie,N Ridgeland Ave,Erie St/N Ridgeland Ave,,No Controls,No Controls,N,2,41.8917,-87.78484,ok,(UNK),None,2500781,2025,0,28,99,50000andOVER,9,4295,Oak Park,C,(UNK),None,16,14,12987636,2,Cook,1,25,None,None,5,N,No,(UNK),202501056883,None,5,0,N,S,10,F,(UNK),34048,(N/A),(UNK),No Defects,1,3,Major Collector,5,0,X003728274,Not Toll,,1,1,Not Divided,1,2945091.07026562,1912061.53093151,41.8917,-87.78484,On Scene,Urban,3,N,(N/A),Y,(N/A)
2025,2025-02-15,Saturday,11,11:48 AM,Property Damage,No Injuries,0,0,0,0,0,2,Angle,15,N,N,Failing to Yield Right of Way,Failing to Reduce Speed to Avoid Crash,Daylight,Clear,Dry,Y,Washi,S Maple Ave,S Maple Ave/Washington Blvd,,Stop Sign,Functioning Properly,N,2,41.8814,-87.80389,ok,(UNK),None,2500793,2025,0,2,28,50000andOVER,9,4295,Oak Park,C,(UNK),None,16,15,12987638,2,Cook,0,25,None,None,6,N,No,Free Flow,202501056885,None,1,0.05,N,,,,(UNK),34049,(N/A),(UNK),No Defects,1,1,Major Collector,5,5,X003728276,Not Toll,,2,4,Divided - w/median (not raised),2,2940007.35862673,1908164.53250659,41.8814,-87.80389,On Scene,Urban,1,N,(N/A),Y,(N/A)
2025,2025-02-17,Monday,4,04:43 AM,Property Damage,No Injuries,0,0,0,0,0,1,Parked Motor Vehicle,9,N,N,Distraction   Other Electronic Device (Navigation Device / DVD Player / etc.),Driving Skills/Knowledge/Experience,Darkness / Lighted Road,Clear,Dry,N,(N/A),S Ridgeland Ave,(N/A),,No Controls,No Controls,N,3,41.87807,-87.78437,ok,(UNK),None,2500810,2025,0,43,15,50000andOVER,9,4295,Oak Park,C,(UNK),None,16,17,12987648,2,Cook,0,25,None,None,1,N,Yes,Free Flow,202501056893,None,5,1.64999998,N,N,15,F,(UNK),34054,(N/A),(UNK),No Defects,1,1,Major Collector,5,2783,X003728284,Not Toll,,1,1,Divided - w/median (not raised),2,2945357.00908713,1907098.05728034,41.87807,-87.78437,On Scene,Urban,1,N,(N/A),Y,(N/A)
2025,2025-02-17,Monday,9,09:42 AM,Injury,C Injury Crash,1,0,0,0,1,1,Pedestrian,1,Y,N,Failing to Yield Right of Way,Failing to Reduce Speed to Avoid Crash,Daylight,Clear,Dry,Y,Wisco,Madison St,Madison St/Wisconsin Ave,,Traffic Signal,Functioning Properly,N,1,41.87959,-87.80231,ok,(UNK),None,2500816,2025,0,2,28,50000andOVER,9,4295,Oak Park,C,(UNK),None,16,17,12987650,2,Cook,1,25,None,None,1,N,No,Free Flow,202501056895,None,1,0,N,,,,(UNK),34055,(N/A),(UNK),No Defects,1,1,Minor Arterial,4,0,X003728285,Not Toll,,3,4,Divided - w/median (not raised),2,2940455.8261422,1907516.79244278,41.87959,-87.80231,On Scene,Urban,1,N,(N/A),Y,(N/A)
2025,2025-02-17,Monday,13,01:19 PM,Property Damage,No Injuries,0,0,0,0,0,2,Angle,15,N,N,Failing to Reduce Speed to Avoid Crash,Unable to Determine,Daylight,Clear,Dry,Y,Lomba,Lake,Lake/Lombard,,Stop Sign,Functioning Properly,N,2,41.88813,-87.77981,ok,(UNK),None,2500820,2025,0,28,18,50000andOVER,9,4295,Oak Park,C,(UNK),None,16,17,12987653,2,Cook,0,25,None,None,1,N,No,Free Flow,202501056898,None,1,0,N,,,,(UNK),34057,(N/A),(UNK),No Defects,1,1,Major Collector,5,3794,X003728288,Not Toll,,2,4,T-Intersection,15,2946496.89635405,1910798.63417603,41.88813,-87.77981,On Scene,Urban,1,N,(N/A),Y,(N/A)
2025,2025-02-13,Thursday,15,03:00 PM,Property Damage,No Injuries,0,0,0,0,0,2,Turning,10,N,N,Failing to Yield Right of Way,Driving Skills/Knowledge/Experience,Daylight,Clear,Snow or Slush,Y,Harri,Harlem Ave,Harlem Ave/Harrison St,,Traffic Signal,Functioning Properly,N,2,41.87231,-87.8044659,ok,(UNK),None,25-00480,2025,0,2,15,50000andOVER,9,4295,Oak Park,C,(UNK),None,16,13,12987706,2,Cook,0,25,None,None,4,N,No,Free Flow,202501056946,None,1,20.18000031,Y,,,,(UNK),34089,(N/A),(UNK),No Defects,1,3,Other Principal Arterial,3,348,X003728338,Not Toll,73,3,4,Not Divided,1,2939941.73917192,1904847.66118026,41.87230217,-87.8044601,On Scene,Urban,1,N,(N/A),Y,(N/A)
2025,2025-02-12,Wednesday,5,05:41 AM,Property Damage,No Injuries,0,0,0,0,0,2,Front to Rear,11,N,N,Failing to Reduce Speed to Avoid Crash,Following Too Closely,Darkness / Lighted Road,Clear,Dry,Y,Garfi,S Harlem Ave,Garfield St/S Harlem Ave,,Traffic Signal,Functioning Properly,N,2,41.87231,-87.8044659,ok,(UNK),None,2500719,2025,0,28,3,50000andOVER,9,4295,Oak Park,C,(UNK),None,16,12,12988518,2,Cook,0,25,None,None,3,N,No,Free Flow,202501057724,None,5,20.18000031,Y,,,,(UNK),34644,(N/A),(UNK),No Defects,1,1,Other Principal Arterial,3,348,X003729113,Not Toll,73,3,4,Two-way Continuous Left-Turn Lane,4,2939941.73917192,1904847.66118026,41.87230217,-87.8044601,On Scene,Urban,1,N,(N/A),Y,(N/A)
2025,2025-02-10,Monday,15,03:30 PM,Property Damage,No Injuries,0,0,0,0,0,4,Front to Rear,11,N,N,Failing to Reduce Speed to Avoid Crash,Unable to Determine,Daylight,Clear,Dry,N,(N/A),Linden Ave,(N/A),401,No Controls,No Controls,N,2,41.893,-87.79132,ok,(UNK),None,2500692,2025,0,28,18,50000andOVER,9,4295,Oak Park,C,(UNK),None,16,10,12988537,2,Cook,0,25,None,None,1,N,No,Free Flow,202501057729,None,1,0,N,,,,(UNK),34646,(N/A),(UNK),No Defects,1,1,Local Road or Street,7,0,X003729118,Not Toll,,1,1,Not Divided,1,2943313.51100358,1912486.33709955,41.893,-87.79132,On Scene,Urban,1,N,(N/A),Y,(N/A)
2025,2025-02-18,Tuesday,11,11:36 AM,Injury,B Injury Crash,1,0,0,1,0,1,Pedestrian,1,Y,N,Failing to Yield Right of Way,Failing to Reduce Speed to Avoid Crash,Daylight,Clear,Dry,Y,Lake,Forest Pl,Forest Pl/Lake St,,Traffic Signal,Functioning Properly,N,1,41.888658,-87.8007554,ok,(UNK),None,2500832,2025,0,2,28,50000andOVER,9,4295,Oak Park,C,(UNK),None,16,18,12988540,2,Cook,2,25,None,None,2,N,No,Free Flow,202501057730,None,1,0.28,N,,,,(UNK),34647,(N/A),(UNK),No Defects,1,1,Major Collector,5,1405,X003729119,Not Toll,73,3,4,Not Divided,1,2940788.04629107,1910833.00263584,41.88865013,-87.80074963,On Scene,Urban,1,N,(N/A),Y,(N/A)
2025,2025-02-18,Tuesday,16,04:52 PM,Property Damage,No Injuries,0,0,0,0,0,2,Front to Rear,11,N,N,Unable to Determine,Unable to Determine,Daylight,Cloudy/Overcast,Dry,N,(N/A),S Harlem Ave,(N/A),,Traffic Signal,Functioning Properly,N,2,41.8722819,-87.8044648,ok,(UNK),None,2500838,2025,0,18,18,50000andOVER,9,4295,Oak Park,C,(UNK),None,16,18,12989585,2,Cook,0,25,None,None,2,N,Yes,Stopped,202501058684,None,1,20.18000031,Y,S,100,F,(UNK),35261,(N/A),(UNK),No Defects,1,1,Other Principal Arterial,3,348,X003730013,Not Toll,73,3,4,Divided - w/median (not raised),2,2939942.31372769,1904837.43452578,41.87227409,-87.80445902,On Scene,Urban,8,N,(N/A),Y,(N/A)
2025,2025-02-12,Wednesday,20,08:50 PM,Injury,B Injury Crash,2,0,0,2,0,1,Front to Rear,11,N,N,(N/A),(N/A),Darkness / Lighted Road,Snow,Snow or Slush,Y,(UNK),Lexington Street,(UNK)/Lexington Street,807,Stop Sign,Functioning Properly,Y,2,41.8706378,-87.7939317,ok,(UNK),None,2500735,2025,0,99,99,50000andOVER,9,4295,Oak Park,C,(UNK),None,16,12,12989587,2,Cook,2,25,None,None,3,N,No,Slow,202501058685,None,5,6.78999996,N,,,,(UNK),35262,(N/A),(UNK),No Defects,1,3,Major Collector,5,2775,X003730014,Not Toll,73,2,4,Not Divided,1,2942827.81419373,1904317.466241,41.87062999,-87.7939259,On Scene,Urban,3,N,(N/A),Y,(N/A)
2025,2025-02-18,Tuesday,4,04:37 AM,Property Damage,No Injuries,0,0,0,0,0,1,Parked Motor Vehicle,9,N,N,(N/A),(N/A),Darkness / Lighted Road,Clear,Ice,N,(N/A),Lyman Ave,(N/A),734,No Controls,No Controls,N,2,41.8755198,-87.7769435,ok,(UNK),None,2500828,2025,0,99,99,50000andOVER,9,4295,Oak Park,C,(UNK),None,16,18,12989590,2,Cook,0,25,None,None,2,N,No,Free Flow,202501058688,None,5,0,N,,,,(UNK),35263,(N/A),(UNK),No Defects,1,4,Local Road or Street,7,0,X003730017,Not Toll,73,1,1,Alley,12,2947405.50238912,1906224.96784078,41.87551193,-87.77693766,On Scene,Urban,1,N,(N/A),Y,(N/A)