crash_year,crash_date,day_of_week,crash_hour,time_of_crash,crash_severity,crash_injury_severity,total_injured,total_fatals,a_injuries,b_injuries,c_injuries,no_injuries,type_of_first_crash,collision_type_code,pedestrian_involved,pedalcyclist_involved,cause1,cause2,lighting_cond,weather_cond,road_surface_cond,intersection_related,is_intersection,highway_or_street_name,at_intersection_with,address_no,traffic_control_device,traffic_control_device_cond,hit_and_run,number_of_vehicles,latitude,longitude,location_status,access_control,agency_code,agency_report_number,agency_report_year,alignment_code,cause1_code,cause2_code,city_class,city_class_code,city_code,city_name,city_township_flag,class_of_trafficway,class_of_trafficway_code,county_code,crash_day,crash_id,crash_month,crash_report_county,crash_severity_cd,crash_yr_source,damaged_property1,damaged_property2,day_of_week_code,did_crash_occur_in_work_zone,did_involve_secondary_crash,flow_condition,icn,investigating_agency_descrip,light_condition_code,mile_station,nhs,non_intersection_direction,non_intersection_distance,non_intersection_units,number_of_lanes,objectid,railroad_crossing_number,road_alignment,road_defects,road_defects_code,road_surface_condition_code,roadway_functional_class,roadway_functional_class_code,route_number,sfe,toll,township,traffic_control_device_code,traffic_control_device_cond_code,trafficway_descrip,trafficway_description_code,ts_crash_coordinate_x,ts_crash_coordinate_y,ts_crash_latitude,ts_crash_longitude,type_report,urban_rural,weather_code,were_workers_present,work_zone,work_zone_related,work_zone_type
2025,2025-02-18,Tuesday,7,07:26 AM,Property Damage,No Injuries,0,0,0,0,0,3,Front to Rear,11,N,N,Following Too Closely,Unable to Determine,Daylight,Clear,Dry,N,(N/A),S Harlem Ave,(N/A),,Traffic Signal,Functioning Properly,N,2,41.872284,-87.8044649,ok,(UNK),None,2500829,2025,0,3,18,50000andOVER,9,4295,Oak Park,C,(UNK),None,16,18,12989592,2,Cook,0,25,None,None,2,N,No,Stopped,202501058690,None,1,20.18000031,Y,S,100,F,(UNK),35264,(N/A),(UNK),No Defects,1,1,Other Principal Arterial,3,348,X003730019,Not Toll,73,3,4,Divided - w/median (not raised),2,2939942.27228906,1904838.17210182,41.87227611,-87.8044591,On Scene,Urban,1,N,(N/A),Y,(N/A)
2025,2025-02-19,Wednesday,7,07:19 AM,Property Damage,No Injuries,0,0,0,0,0,2,Turning,10,N,N,Failing to Reduce Speed to Avoid Crash,Unable to Determine,Daylight,Clear,Dry,Y,Divis,N Harlem Ave,Division St/N Harlem Ave,,Traffic Signal,Functioning Properly,N,2,41.9015578,-87.8055265,ok,(UNK),None,2500843,2025,0,28,18,50000andOVER,9,4295,Oak Park,C,(UNK),None,16,19,12991160,2,Cook,0,25,None,None,3,N,No,Slow,202501060124,None,1,18.15999985,Y,,,,(UNK),36296,(N/A),(UNK),No Defects,1,1,Other Principal Arterial,3,348,X003731184,Not Toll,73,3,4,Not Divided,1,2939359.44324151,1915498.14786516,41.90154998,-87.80552067,On Scene,Urban,1,N,(N/A),Y,(N/A)
2025,2025-02-19,Wednesday,11,11:30 AM,Property Damage,No Injuries,0,0,0,0,0,3,Angle,15,N,N,Failing to Yield Right of Way,(N/A),Daylight,Clear,Dry,Y,N Elm,Division St,Division St/N Elmwood Ave,,Stop Sign,Functioning Properly,N,2,41.9018581,-87.7867445,ok,(UNK),None,2500846,2025,0,2,99,50000andOVER,9,4295,Oak Park,C,(UNK),None,16,19,12991162,2,Cook,0,25,STOP SIGN,None,3,N,No,Free Flow,202501060125,None,1,1.95000005,N,,,,(UNK),36297,(N/A),(UNK),No Defects,1,1,Major Collector,5,1394,X003731185,Not Toll,73,2,4,Not Divided,1,2944469.74977195,1915748.92853357,41.90185021,-87.78673871,On Scene,Urban,1,N,(N/A),Y,(N/A)
2025,2025-02-20,Thursday,13,01:13 PM,Property Damage,No Injuries,0,0,0,0,0,2,Sideswipe Same Direction,12,N,N,Improper Turning/No Signal,Unable to Determine,Daylight,Clear,Dry,N,(N/A),Ontario St,(N/A),924,No Controls,No Controls,N,2,41.8901482,-87.7996443,ok,(UNK),None,2500864,2025,0,6,18,50000andOVER,9,4295,Oak Park,C,(UNK),None,16,20,12991171,2,Cook,0,25,None,None,4,N,No,Free Flow,202501060130,None,1,0,N,,,,(UNK),36299,(N/A),(UNK),No Defects,1,1,Local Road or Street,7,0,X003731190,Not Toll,73,1,1,Not Divided,1,2941075.62175867,1911384.40184187,41.89014031,-87.7996385,On Scene,Urban,1,N,(N/A),Y,(N/A)
2025,2025-02-19,Wednesday,8,08:25 AM,Property Damage,No Injuries,0,0,0,0,0,2,Front to Rear,11,N,N,Failing to Reduce Speed to Avoid Crash,Following Too Closely,Daylight,Clear,Dry,N,(N/A),I-290 E/B,(N/A),,Other,Functioning Properly,N,2,41.8734536,-87.8039622,ok,Partial Access Control,None,03-25-04007,2025,0,28,3,50000andOVER,9,4295,Oak Park,C,(UNK),None,16,19,12991214,2,Cook,0,25,None,None,3,N,No,(UNK),202501060166,None,1,7.73000002,Y,E,150,F,(UNK),36322,(N/A),(UNK),No Defects,1,1,InterState,1,290,X003731226,Not Toll,73,13,4,Divided - w/median (not raised),2,2940067.45476306,1905268.19169683,41.87344579,-87.8039564,On Scene,Urban,1,N,(N/A),Y,(N/A)
2025,2025-02-21,Friday,10,10:25 AM,Property Damage,No Injuries,0,0,0,0,0,2,Front to Rear,11,N,N,Failing to Reduce Speed to Avoid Crash,Following Too Closely,Daylight,Clear,Dry,N,(N/A),Eisenhower Expy,(N/A),,Other,Functioning Properly,Y,2,41.8720636,-87.7889278,ok,Partial Access Control,None,03-25-04192,2025,0,28,3,50000andOVER,9,4295,Oak Park,C,(UNK),None,16,21,12992383,2,Cook,0,25,None,None,5,N,No,(UNK),202501061302,None,1,8.46000004,Y,E,41,F,(UNK),37090,(N/A),(UNK),No Defects,1,1,InterState,1,290,X003732302,Not Toll,73,13,4,Divided With Median Barrier,3,2944176.35758136,1904874.78652532,41.87205579,-87.78892205,On Scene,Urban,1,N,(N/A),Y,(N/A)
2025,2025-02-23,Sunday,2,02:47 AM,Property Damage,No Injuries,0,0,0,0,0,2,Front to Rear,11,N,N,Following Too Closely,Failing to Reduce Speed to Avoid Crash,Darkness / Lighted Road,Clear,Dry,N,(N/A),I-290 W/B,(N/A),,No Controls,Functioning Properly,N,2,41.8717123,-87.7846979,ok,Partial Access Control,None,03-25-04337,2025,0,3,28,50000andOVER,9,4295,Oak Park,C,(UNK),None,16,23,12993084,2,Cook,0,25,None,None,7,N,No,(UNK),202501061979,None,5,8.68000031,Y,E,153,F,(UNK),37582,(N/A),(UNK),No Defects,1,1,InterState,1,290,X003732976,Not Toll,73,1,4,Divided With Median Barrier,3,2945332.02779041,1904778.73084026,41.8717045,-87.78469214,On Scene,Urban,1,N,(N/A),Y,(N/A)
2025,2025-02-20,Thursday,14,02:26 PM,Property Damage,No Injuries,0,0,0,0,0,2,Turning,10,N,N,Failing to Yield Right of Way,Failing to Reduce Speed to Avoid Crash,Daylight,Clear,Dry,Y,Harri,S Ridgeland Ave,Harrison St/S Ridgeland Ave,,Traffic Signal,Functioning Properly,N,2,41.8726275,-87.7842258,ok,(UNK),None,2500867,2025,0,2,28,50000andOVER,9,4295,Oak Park,C,(UNK),None,16,20,12995598,2,Cook,0,25,None,None,4,N,No,Free Flow,202501063971,None,1,0.2,N,,,,(UNK),39052,(N/A),(UNK),No Defects,1,1,Major Collector,5,290,X003735279,Not Toll,73,3,4,Divided - w/median (not raised),2,2945451.36938236,1905115.80052883,41.87261965,-87.78421998,On Scene,Urban,1,N,(N/A),Y,(N/A)
2025,2025-02-21,Friday,22,10:17 PM,Property Damage,No Injuries,0,0,0,0,0,2,Turning,10,N,N,Failing to Yield Right of Way,(N/A),Darkness / Lighted Road,Clear,Dry,Y,Garfi,S Austin Blvd,Garfield St/S Austin Blvd,,Stop Sign,Functioning Properly,N,2,41.8704096,-87.7742824,ok,(UNK),None,2500891,2025,0,2,99,50000andOVER,9,4295,Oak Park,C,(UNK),None,16,21,12995599,2,Cook,0,25,None,None,5,N,No,Free Flow,202501063972,None,5,8.40999985,N,,,,(UNK),39053,(N/A),(UNK),No Defects,1,1,Minor Arterial,4,2790,X003735280,Not Toll,,2,4,Four Way,14,2948182.18887094,1904382.93327528,41.87040178,-87.77427664,On Scene,Urban,1,N,(N/A),Y,(N/A)
2025,2025-02-21,Friday,15,03:20 PM,Property Damage,No Injuries,0,0,0,0,0,2,Front to Rear,11,N,N,Following Too Closely,Failing to Reduce Speed to Avoid Crash,Daylight,Clear,Dry,N,(N/A),North Ave,(N/A),,No Controls,No Controls,Y,2,41.9092441,-87.775728,ok,(UNK),None,2500901,2025,0,3,28,50000andOVER,9,4295,Oak Park,C,(UNK),None,16,21,12995600,2,Cook,0,25,None,None,5,N,No,Free Flow,202501063973,None,1,7.46999979,Y,W,50,F,(UNK),39054,(N/A),(UNK),No Defects,1,1,Other Principal Arterial,3,307,X003735281,Not Toll,73,1,1,Not Divided,1,2947393.90659462,1918523.97580458,41.9092362,-87.77572216,Not on Scene (Desk R,Urban,1,N,(N/A),Y,(N/A)
2025,2025-02-22,Saturday,13,01:15 PM,Property Damage,No Injuries,0,0,0,0,0,2,Angle,15,N,N,Failing to Yield Right of Way,Failing to Reduce Speed to Avoid Crash,Daylight,Clear,Dry,N,(N/A),Madison St,(N/A),,No Controls,No Controls,N,2,41.8799303,-87.7882512,ok,(UNK),None,2500899,2025,0,2,28,50000andOVER,9,4295,Oak Park,C,(UNK),None,16,22,12995603,2,Cook,0,25,None,None,6,N,No,Free Flow,202501063976,None,1,3.91000009,N,W,30,F,(UNK),39055,(N/A),(UNK),No Defects,1,1,Minor Arterial,4,1419,X003735284,Not Toll,73,1,1,Divided With Median Barrier,3,2944281.16377945,1907746.6364287,41.87992241,-87.78824545,On Scene,Urban,1,N,(N/A),Y,(N/A)
2025,2025-02-22,Saturday,15,03:45 PM,Property Damage,No Injuries,0,0,0,0,0,3,Sideswipe Same Direction,12,N,N,Improper Overtaking/Passing,Failing to Reduce Speed to Avoid Crash,Daylight,Clear,Dry,N,(N/A),S Austin Blvd,(N/A),,No Controls,No Controls,Y,2,41.8727918,-87.7744061,ok,(UNK),None,2500906,2025,0,4,28,50000andOVER,9,4295,Oak Park,C,(UNK),None,16,22,12995606,2,Cook,0,25,None,None,6,N,No,Free Flow,202501063979,None,1,8.23999977,N,,,,(UNK),39056,(N/A),(UNK),No Defects,1,1,Minor Arterial,4,2790,X003735287,Not Toll,,1,1,Divided - w/median (not raised),2,2948124.29891629,1905250.1066204,41.87278396,-87.7744003,Not on Scene (Desk R,Urban,1,N,(N/A),Y,(N/A)
2025,2025-02-22,Saturday,14,02:26 PM,Property Damage,No Injuries,0,0,0,0,0,2,Fixed Object,6,N,N,Under Influence of Alcohol/Drugs,Failing to Reduce Speed to Avoid Crash,Daylight,Clear,Dry,N,(N/A),S Harvey Ave,(N/A),,No Controls,No Controls,N,1,41.8837163,-87.7812934,ok,(UNK),None,2500904,2025,0,8,28,50000andOVER,9,4295,Oak Park,C,(UNK),None,16,22,12995608,2,Cook,0,25,None,None,6,N,No,Free Flow,202501063981,None,1,0,N,S,75,F,(UNK),39057,(N/A),(UNK),No Defects,1,1,Local Road or Street,7,0,X003735289,Not Toll,73,1,1,Not Divided,1,2946137.68723792,1909178.97202725,41.88370849,-87.78128763,On Scene,Urban,1,N,(N/A),Y,(N/A)
2025,2025-02-21,Friday,6,06:38 AM,Property Damage,No Injuries,0,0,0,0,0,2,Turning,10,N,N,Failing to Yield Right of Way,Failing to Reduce Speed to Avoid Crash,Daylight,Clear,Dry,Y,Garfi,S Austin Blvd,Garfield St/S Austin Blvd,,Stop Sign,Functioning Properly,N,2,41.8704105,-87.7742824,ok,(UNK),None,2500871,2025,0,2,28,50000andOVER,9,4295,Oak Park,C,(UNK),None,16,21,12995610,2,Cook,0,25,None,None,5,N,No,Slow,202501063983,None,1,8.40999985,N,,,,(UNK),39058,(N/A),(UNK),No Defects,1,1,Minor Arterial,4,2790,X003735291,Not Toll,,2,4,Divided - w/median (not raised),2,2948182.17523962,1904383.24797891,41.87040264,-87.77427665,On Scene,Urban,1,N,(N/A),Y,(N/A)
2025,2025-02-20,Thursday,17,05:01 PM,Injury,B Injury Crash,1,0,0,1,0,1,Pedestrian,1,Y,N,Failing to Yield Right of Way,Failing to Reduce Speed to Avoid Crash,Daylight,Clear,Dry,Y,Maple,Lake St,Lake St/Maple Ave,,Pedestrian Crossing Sign,Functioning Properly,Y,1,41.8886122,-87.8037203,ok,(UNK),None,2500869,2025,0,2,28,50000andOVER,9,4295,Oak Park,C,(UNK),None,16,20,12995611,2,Cook,2,25,None,None,4,N,No,Free Flow,202501063984,None,1,0,N,W,5,F,(UNK),39059,(N/A),(UNK),No Defects,1,1,Major Collector,5,0,X003735292,Not Toll,73,17,4,Divided - w/median (not raised),2,2939981.17736936,1910794.07962512,41.8886044,-87.80371445,Not on Scene (Desk R,Urban,1,N,(N/A),Y,(N/A)
2025,2025-02-15,Saturday,9,09:49 AM,Property Damage,No Injuries,0,0,0,0,0,2,Front to Rear,11,N,N,Following Too Closely,Failing to Reduce Speed to Avoid Crash,Daylight,Snow,Wet,Y,(UNK),North Ave,(UNK)/North Ave,7200,Traffic Signal,Functioning Properly,N,2,41.908783,-87.8057828,ok,(UNK),None,2500197,2025,0,3,28,50000andOVER,9,4295,Oak Park,C,(UNK),None,16,15,12995619,2,Cook,0,25,None,None,6,N,No,Slow,202501063991,None,1,5.92000008,Y,,,,(UNK),39065,(N/A),(UNK),No Defects,1,2,Other Principal Arterial,3,307,X003735299,Not Toll,73,3,4,Divided - w/median (not raised),2,2939217.16918278,1918129.2036349,41.90877511,-87.80577695,Not on Scene (Desk R,Urban,3,N,(N/A),Y,(N/A)
2025,2025-02-20,Thursday,11,11:35 AM,Property Damage,No Injuries,0,0,0,0,0,1,Parked Motor Vehicle,9,N,N,Failing to Reduce Speed to Avoid Crash,Unable to Determine,Daylight,Clear,Dry,N,(N/A),N Ridgeland Ave,(N/A),,Traffic Signal,Functioning Properly,Y,2,41.8939152,-87.7848524,ok,(UNK),None,2500862,2025,0,28,18,50000andOVER,9,4295,Oak Park,C,(UNK),None,16,20,12996873,2,Cook,0,25,None,None,4,N,No,Free Flow,202501065143,None,1,0.54000002,N,S,200,F,(UNK),39854,(N/A),(UNK),No Defects,1,1,Major Collector,5,2783,X003736425,Not Toll,73,3,4,Not Divided,1,2945065.27612604,1912868.69575202,41.89390734,-87.78484659,On Scene,Urban,1,N,(N/A),Y,(N/A)
2025,2025-02-25,Tuesday,21,09:37 PM,Property Damage,No Injuries,0,0,0,0,0,2,Angle,15,N,N,Failing to Yield Right of Way,Disregarding Stop Sign,Darkness / Lighted Road,Clear,Dry,Y,Lyman,Harvard St,Harvard St/Lyman Ave,,Stop Sign,Functioning Properly,Y,2,41.8690818,-87.7767193,ok,(UNK),None,2500965,2025,0,2,23,50000andOVER,9,4295,Oak Park,C,(UNK),None,16,25,12996874,2,Cook,0,25,None,None,2,N,No,Free Flow,202501065144,None,5,0,N,,,,(UNK),39855,(N/A),(UNK),No Defects,1,1,Local Road or Street,7,0,X003736426,Not Toll,73,2,4,Not Divided,1,2947531.92167146,1903880.53703565,41.86907392,-87.77671347,On Scene,Urban,1,N,(N/A),Y,(N/A)
2025,2025-02-19,Wednesday,20,08:40 PM,Property Damage,No Injuries,0,0,0,0,0,1,Fixed Object,6,N,N,Failing to Reduce Speed to Avoid Crash,Improper Lane Usage,Darkness / Lighted Road,Clear,Dry,N,(N/A),I-290,(N/A),,Other,Functioning Properly,N,1,41.8737466,-87.8041568,ok,Partial Access Control,None,03-25-04059,2025,0,28,20,50000andOVER,9,4295,Oak Park,C,(UNK),None,16,19,12997371,2,Cook,0,25,None,None,3,N,No,(UNK),202501065369,None,5,7.71999979,Y,E,100,F,(UNK),40142,(N/A),(UNK),No Defects,1,1,InterState,1,290,X003736658,Not Toll,73,13,4,Divided With Median Barrier,3,2940011.5,1905373.5,41.87373877,-87.80415104,On Scene,Urban,1,N,(N/A),Y,(N/A)
2025,2025-01-07,Tuesday,2,02:00 AM,Property Damage,No Injuries,0,0,0,0,0,2,Turning,10,N,N,Improper Overtaking/Passing,Failing to Reduce Speed to Avoid Crash,Darkness / Lighted Road,Unknown,Unknown,Y,(UNK),Harlem Ave,(UNK)/Harlem Ave,700,Traffic Signal,Unknown,N,2,41.8736416,-87.8045258,ok,Partial Access Control,None,25-00574,2025,0,4,28,50000andOVER,9,4295,Oak Park,C,(UNK),None,16,7,12997436,1,Cook,0,25,None,None,2,N,No,Free Flow,202501065420,None,5,0.23999999,Y,,,,(UNK),40172,(N/A),(UNK),No Defects,1,9,InterState,1,290,X003736711,Not Toll,73,3,9,Divided - w/median (not raised),2,2939912.062394,1905332.46992192,41.87363377,-87.80452,Not on Scene (Desk R,Urban,9,N,(N/A),Y,(N/A)
2025,2025-02-25,Tuesday,7,07:15 AM,Property Damage,No Injuries,0,0,0,0,0,1,Front to Rear,11,N,N,Unable to Determine,Unable to Determine,Unknown,Cloudy/Overcast,Unknown,N,(N/A),Lake St,(N/A),56,No Controls,No Controls,Y,2,41.8881082,-87.7773402,ok,(UNK),None,2500951,2025,0,18,18,50000andOVER,9,4295,Oak Park,C,(UNK),None,16,25,12998281,2,Cook,0,25,None,None,2,N,No,Free Flow,202501066180,None,9,1.22000003,N,,,,(UNK),40696,(N/A),(UNK),No Defects,1,9,Major Collector,5,1405,X003737465,Not Toll,73,1,1,Divided With Median Barrier,3,2947169.65967503,1910809.41664678,41.88810035,-87.7773344,On Scene,Urban,8,N,(N/A),Y,(N/A)
2025,2025-02-26,Wednesday,2,02:28 AM,Property Damage,No Injuries,0,0,0,0,0,2,Turning,10,N,N,Failing to Yield Right of Way,Improper Overtaking/Passing,Darkness / Lighted Road,Clear,Dry,N,(N/A),Madison St,(N/A),,No Controls,No Controls,N,2,41.8798907,-87.7902692,ok,(UNK),None,2500966,2025,0,2,4,50000andOVER,9,4295,Oak Park,C,(UNK),None,16,26,12998282,2,Cook,0,25,None,None,3,N,No,Free Flow,202501066181,None,5,3.80999994,N,E,200,F,(UNK),40697,(N/A),(UNK),No Defects,1,1,Minor Arterial,4,1419,X003737466,Not Toll,73,1,1,Not Divided,1,2943731.9864813,1907716.98530421,41.87988284,-87.79026343,On Scene,Urban,1,N,(N/A),Y,(N/A)
2025,2025-02-25,Tuesday,17,05:16 PM,Injury,B Injury Crash,1,0,0,1,0,1,Pedalcyclist,2,N,Y,Failing to Yield Right of Way,Turning Right On Red,Daylight,Clear,Dry,Y,S Rid,Madison St,Madison St/S Ridgeland Av,,Traffic Signal,Functioning Properly,N,1,41.8800062,-87.7844421,ok,(UNK),None,2500962,2025,0,2,7,50000andOVER,9,4295,Oak Park,C,(UNK),None,16,25,12998283,2,Cook,2,25,None,None,2,N,No,Free Flow,202501066182,None,1,4.11000013,N,,,,(UNK),40698,(N/A),(UNK),No Defects,1,1,Minor Arterial,4,1419,X003737467,Not Toll,73,3,4,Four Way,14,2945317.77306519,1907803.09120607,41.87999833,-87.78443632,Not on Scene (Desk R,Urban,1,N,(N/A),Y,(N/A)
2025,2025-02-27,Thursday,16,04:40 PM,Property Damage,No Injuries,0,0,0,0,0,2,Turning,10,N,N,Failing to Yield Right of Way,(N/A),Daylight,Clear,Dry,Y,(UNK),N Sayre Ave,(UNK)/N Sayre Ave,1600,Stop Sign,Functioning Properly,N,2,41.9090022,-87.800266,ok,(UNK),None,JJ164052,2025,0,2,99,50000andOVER,9,4295,Oak Park,C,(UNK),None,16,27,12999332,2,Cook,0,25,None,None,4,N,No,Free Flow,202501067039,None,1,6.21000004,Y,,,,(UNK),41348,(N/A),(UNK),Unknown,99,1,Other Principal Arterial,3,307,X003738257,Not Toll,73,2,4,Not Divided,1,2940716.7030338,1918250.51139287,41.90899438,-87.80026024,On Scene,Urban,1,N,(N/A),N,(N/A)
2025,2025-02-28,Friday,14,02:54 PM,Property Damage,No Injuries,0,0,0,0,0,2,Angle,15,N,N,Failing to Yield Right of Way,Failing to Reduce Speed to Avoid Crash,Daylight,Clear,Dry,Y,Frank,Harlem Ave,Franklin St/Harlem Ave,,Stop Sign,Functioning Properly,N,2,41.8854023,-87.804914,ok,(UNK),None,25-00635,2025,0,2,28,50000andOVER,9,4295,Oak Park,C,(UNK),None,16,28,13000117,2,Cook,0,25,None,None,5,N,No,Free Flow,202501067798,None,1,19.28000069,Y,,,,(UNK),41821,(N/A),(UNK),No Defects,1,1,Other Principal Arterial,3,348,X003738966,Not Toll,73,2,4,Four Way,14,2939688.32269631,1909615.36856772,41.88539447,-87.80490822,On Scene,Urban,1,N,(N/A),Y,(N/A)
2025,2025-02-26,Wednesday,14,02:31 PM,Property Damage,No Injuries,0,0,0,0,0,2,Front to Rear,11,N,N,Following Too Closely,Failing to Reduce Speed to Avoid Crash,Daylight,Clear,Dry,N,(N/A),N Austin Blvd,(N/A),1108,Traffic Signal,Functioning Properly,N,2,41.9003159,-87.7753003,ok,(UNK),None,2500976,2025,0,3,28,50000andOVER,9,4295,Oak Park,C,(UNK),None,16,26,13000591,2,Cook,0,25,None,None,3,N,No,Free Flow,202501068248,None,1,6.19999981,N,,,,(UNK),42137,(N/A),(UNK),No Defects,1,1,Minor Arterial,4,2790,X003739412,Not Toll,,3,4,Not Divided,1,2947601.06666713,1915273.61383481,41.90030802,-87.77529453,On Scene,Urban,1,N,(N/A),Y,(N/A)
2025,2025-02-26,Wednesday,17,05:12 PM,Injury,B Injury Crash,1,0,0,1,0,3,Front to Rear,11,N,N,Failing to Reduce Speed to Avoid Crash,Unable to Determine,Dusk,Clear,Dry,Y,Madis,S Grove Ave,Madison St/S Grove Ave,,No Controls,No Controls,N,2,41.8797479,-87.7955858,ok,(UNK),None,2500979,2025,0,28,18,50000andOVER,9,4295,Oak Park,C,(UNK),None,16,26,13000592,2,Cook,2,25,None,None,3,N,No,Stopped,202501068249,None,3,3.52999997,N,,,,(UNK),42138,(N/A),(UNK),No Defects,1,1,Minor Arterial,4,1419,X003739413,Not Toll,73,1,1,Not Divided,1,2942285.49826392,1907624.87708251,41.87974004,-87.79558005,On Scene,Urban,1,N,(N/A),Y,(N/A)
2025,2025-02-26,Wednesday,21,09:11 PM,Property Damage,No Injuries,0,0,0,0,0,2,Turning,10,N,N,Failing to Yield Right of Way,Driving Skills/Knowledge/Experience,Darkness / Lighted Road,Clear,Dry,Y,S Map,Washington Blvd,S Maple Ave/Washington Blvd,,Stop Sign,Functioning Properly,N,2,41.8814079,-87.8039055,ok,(UNK),None,2500981,2025,0,2,15,50000andOVER,9,4295,Oak Park,C,(UNK),None,16,26,13000593,2,Cook,0,25,None,None,3,N,No,Free Flow,202501068250,None,5,0.05,N,,,,(UNK),42139,(N/A),(UNK),No Defects,1,1,Major Collector,5,5,X003739414,Not Toll,73,2,4,Divided - w/median (not raised),2,2940003.06584162,1908167.27856887,41.88140001,-87.80389967,Not on Scene (Desk R,Urban,1,N,(N/A),Y,(N/A)
2025,2025-03-02,Sunday,2,02:45 AM,Property Damage,No Injuries,0,0,0,0,0,2,Front to Rear,11,N,N,Failing to Reduce Speed to Avoid Crash,Following Too Closely,Darkness / Lighted Road,Clear,Dry,Y,Ramp,I-290 E/B,I-290 E/B/Ramp To Harlem Avenue,,Traffic Signal,Functioning Properly,N,2,41.873641,-87.8045207,ok,Partial Access Control,None,03-25-04886,2025,0,28,3,50000andOVER,9,4295,Oak Park,C,(UNK),None,16,2,13001811,3,Cook,0,25,None,None,7,N,No,(UNK),202501069318,None,5,0.23999999,Y,E,1,F,(UNK),42975,(N/A),(UNK),No Defects,1,1,InterState,1,290,X003740492,Not Toll,73,3,4,Divided With Median Barrier,3,2939913.47059546,1905332.2809176,41.87363315,-87.80451485,On Scene,Urban,1,N,(N/A),Y,(N/A)
2025,2025-03-01,Saturday,19,07:41 PM,Property Damage,No Injuries,0,0,0,0,0,2,Front to Rear,11,N,N,Following Too Closely,Failing to Reduce Speed to Avoid Crash,Darkness / Lighted Road,Clear,Dry,N,(N/A),I290,(N/A),,Other,Functioning Properly,N,2,41.8723758,-87.7892811,ok,Partial Access Control,None,03-25-04860,2025,0,3,28,50000andOVER,9,4295,Oak Park,C,(UNK),None,16,1,13001821,3,Cook,0,25,None,None,6,N,No,(UNK),202501069328,None,5,8.43999958,Y,W,53,F,(UNK),42984,(N/A),(UNK),No Defects,1,1,InterState,1,290,X003740502,Not Toll,73,13,4,Divided With Median Barrier,3,2944076.98484848,1904985.89393939,41.87236799,-87.78927532,On Scene,Urban,1,N,(N/A),Y,(N/A)
2025,2025-03-02,Sunday,17,05:24 PM,Property Damage,No Injuries,0,0,0,0,0,5,Front to Rear,11,N,N,Distraction - From Inside Vehicle,(N/A),Daylight,Clear,Dry,N,(N/A),W North Ave,(N/A),6600,No Controls,No Controls,N,2,41.9090857,-87.790409,ok,(UNK),None,JJ167173,2025,0,41,99,50000andOVER,9,4295,Oak Park,C,(UNK),None,16,2,13002148,3,Cook,0,25,None,None,7,N,No,(UNK),202501069663,None,1,6.71000004,Y,,,,(UNK),43248,(N/A),(UNK),No Defects,1,1,Other Principal Arterial,3,307,X003740817,Not Toll,73,1,1,Not Divided,1,2943399.1141666,1918355.15202869,41.90907785,-87.79040316,On Scene,Urban,1,N,(N/A),Y,(N/A)
2025,2025-02-27,Thursday,18,06:38 PM,Injury,B Injury Crash,1,0,0,1,0,1,Sideswipe Same Direction,12,N,N,Failing to Reduce Speed to Avoid Crash,Driving Skills/Knowledge/Experience,Darkness / Lighted Road,Clear,Dry,Y,Berks,N Harlem Ave,Berkshire St/N Harlem Ave,,No Controls,No Controls,N,2,41.9033566,-87.8055958,ok,(UNK),None,2500241,2025,0,28,15,50000andOVER,9,4295,Oak Park,C,(UNK),None,16,27,13003176,2,Cook,2,25,None,None,4,N,No,Free Flow,202501070723,None,5,18.03000069,Y,,,,(UNK),43896,(N/A),(UNK),No Defects,1,1,Other Principal Arterial,3,348,X003741756,Not Toll,73,1,1,Divided - w/median (not raised),2,2939322.52993366,1916153.14617662,41.90334878,-87.80558995,On Scene,Urban,1,N,(N/A),Y,(N/A)
2025,2025-03-01,Saturday,1,01:48 AM,Property Damage,No Injuries,0,0,0,0,0,3,Front to Rear,11,N,N,Failing to Reduce Speed to Avoid Crash,Distraction - From Inside Vehicle,Darkness / Lighted Road,Clear,Dry,Y,Chica,N Harlem Ave,Chicago Ave/N Harlem Ave,,Traffic Signal,Functioning Properly,N,2,41.8942976,-87.8052295,ok,(UNK),None,2500247,2025,0,28,41,50000andOVER,9,4295,Oak Park,C,(UNK),None,16,1,13003177,3,Cook,0,25,None,None,6,N,No,Slow,202501070725,None,5,18.65999985,Y,N,25,F,(UNK),43897,(N/A),(UNK),No Defects,1,1,Other Principal Arterial,3,348,X003741757,Not Toll,73,3,4,Divided - w/median (not raised),2,2939513.1545934,1912854.62444923,41.8942898,-87.8052237,On Scene,Urban,1,N,(N/A),Y,(N/A)
2025,2025-02-27,Thursday,10,10:41 AM,Property Damage,No Injuries,0,0,0,0,0,2,Angle,15,N,N,Improper Lane Usage,(N/A),Daylight,Clear,Dry,N,(N/A),N Harlem Ave,(N/A),,Traffic Signal,Functioning Properly,N,2,41.8942954,-87.8052294,ok,(UNK),None,2500238,2025,0,20,99,50000andOVER,9,4295,Oak Park,C,(UNK),None,16,27,13003179,2,Cook,0,25,None,None,4,N,No,Free Flow,202501070727,None,1,18.67000008,Y,N,15,F,(UNK),43898,(N/A),(UNK),No Defects,1,1,Other Principal Arterial,3,348,X003741759,Not Toll,73,3,4,Not Divided,1,2939513.20949271,1912853.80771231,41.89428755,-87.80522358,On Scene,Urban,1,N,(N/A),Y,(N/A)