crash_year,crash_date,day_of_week,crash_hour,time_of_crash,crash_severity,crash_injury_severity,total_injured,total_fatals,a_injuries,b_injuries,c_injuries,no_injuries,type_of_first_crash,collision_type_code,pedestrian_involved,pedalcyclist_involved,cause1,cause2,lighting_cond,weather_cond,road_surface_cond,intersection_related,is_intersection,highway_or_street_name,at_intersection_with,address_no,traffic_control_device,traffic_control_device_cond,hit_and_run,number_of_vehicles,latitude,longitude,location_status,access_control,agency_code,agency_report_number,agency_report_year,alignment_code,cause1_code,cause2_code,city_class,city_class_code,city_code,city_name,city_township_flag,class_of_trafficway,class_of_trafficway_code,county_code,crash_day,crash_id,crash_month,crash_report_county,crash_severity_cd,crash_yr_source,damaged_property1,damaged_property2,day_of_week_code,did_crash_occur_in_work_zone,did_involve_secondary_crash,flow_condition,icn,investigating_agency_descrip,light_condition_code,mile_station,nhs,non_intersection_direction,non_intersection_distance,non_intersection_units,number_of_lanes,objectid,railroad_crossing_number,road_alignment,road_defects,road_defects_code,road_surface_condition_code,roadway_functional_class,roadway_functional_class_code,route_number,sfe,toll,township,traffic_control_device_code,traffic_control_device_cond_code,trafficway_descrip,trafficway_description_code,ts_crash_coordinate_x,ts_crash_coordinate_y,ts_crash_latitude,ts_crash_longitude,type_report,urban_rural,weather_code,were_workers_present,work_zone,work_zone_related,work_zone_type
2025,2025-02-28,Friday,1,01:26 AM,Property Damage,No Injuries,0,0,0,0,0,1,Fixed Object,6,N,N,Unable to Determine,Unable to Determine,Darkness / Lighted Road,Clear,Dry,N,(N/A),S Oak Park Ave,(N/A),1040,No Controls,No Controls,Y,2,41.86917,-87.79393,ok,(UNK),None,2501001,2025,0,18,18,50000andOVER,9,4295,Oak Park,C,(UNK),None,16,28,13003625,2,Cook,0,25,None,None,5,N,No,Slow,202501071150,None,5,0,N,,,,(UNK),44183,(N/A),(UNK),No Defects,1,1,Major Collector,5,0,X003742170,Not Toll,,1,1,Not Divided,1,2942843.06931362,1903782.57446977,41.86917,-87.79393,On Scene,Urban,1,N,(N/A),Y,(N/A)
2025,2025-03-01,Saturday,13,01:57 PM,Injury,C Injury Crash,1,0,0,0,1,2,Angle,15,N,N,Failing to Reduce Speed to Avoid Crash,Vision Obscured,Daylight,Clear,Dry,Y,North,N Marion St,N Marion St/North Blvd,,Stop Sign,Functioning Properly,N,2,41.88718,-87.80244,ok,(UNK),None,2501023,2025,0,28,14,50000andOVER,9,4295,Oak Park,C,(UNK),None,16,1,13003648,3,Cook,1,25,None,None,6,N,No,Slow,202501071166,None,1,0.12,N,,,,(UNK),44200,(N/A),(UNK),No Defects,1,1,Major Collector,5,1405,X003742187,Not Toll,,2,4,Not Divided,1,2940344.18172541,1910281.75081354,41.88718,-87.80244,On Scene,Urban,1,N,(N/A),Y,(N/A)
2025,2025-03-04,Tuesday,6,06:37 AM,Property Damage,No Injuries,0,0,0,0,0,1,Parked Motor Vehicle,9,N,N,Failing to Reduce Speed to Avoid Crash,Unable to Determine,Unknown,Unknown,Unknown,N,(N/A),Washington Blvd,(N/A),,No Controls,No Controls,Y,2,41.8815851,-87.7945133,ok,(UNK),None,2501062,2025,0,28,18,50000andOVER,9,4295,Oak Park,C,(UNK),None,16,4,13003672,3,Cook,0,25,None,None,2,N,No,Slow,202501071187,None,9,0.52999997,N,W,50,F,(UNK),44217,(N/A),(UNK),Unknown,99,9,Major Collector,5,5,X003742209,Not Toll,73,1,1,Divided - w/median (not raised),2,2942559.07039778,1908302.47962876,41.88157729,-87.79450754,On Scene,Urban,9,N,(N/A),N,(N/A)
2025,2025-02-28,Friday,12,12:40 PM,Property Damage,No Injuries,0,0,0,0,0,2,Angle,15,N,N,Failing to Yield Right of Way,Vision Obscured,Daylight,Cloudy/Overcast,Dry,Y,Washi,S Maple Ave,S Maple Ave/Washington Blvd,,Stop Sign,Functioning Properly,N,2,41.8814,-87.80389,ok,(UNK),None,2501005,2025,0,2,14,50000andOVER,9,4295,Oak Park,C,(UNK),None,16,28,13004017,2,Cook,0,25,None,None,5,N,No,Free Flow,202501071481,None,1,0.05,N,,,,(UNK),44423,(N/A),(UNK),No Defects,1,1,Major Collector,5,5,X003742493,Not Toll,,2,4,Four Way,14,2940007.35862673,1908164.53250659,41.8814,-87.80389,On Scene,Urban,8,N,(N/A),Y,(N/A)
2025,2025-02-28,Friday,18,06:00 PM,Property Damage,No Injuries,0,0,0,0,0,1,Parked Motor Vehicle,9,N,N,Improper Backing,Unable to Determine,Unknown,Unknown,Unknown,N,(N/A),N Euclid Ave,(N/A),147,No Controls,No Controls,N,2,41.88884,-87.79274,ok,(UNK),None,2501014,2025,0,30,18,50000andOVER,9,4295,Oak Park,C,(UNK),None,16,28,13004019,2,Cook,0,25,None,None,5,N,No,(UNK),202501071482,None,9,0,N,,,,(UNK),44424,(N/A),(UNK),Unknown,99,9,Local Road or Street,7,0,X003742494,Not Toll,,1,1,Not Divided,1,2942968.8318924,1910959.64812271,41.88884,-87.79274,Not on Scene (Desk R,Urban,9,N,(N/A),N,(N/A)
2025,2025-03-01,Saturday,11,11:03 AM,Injury,B Injury Crash,1,0,0,1,0,2,Angle,15,N,N,Failing to Yield Right of Way,Unable to Determine,Daylight,Clear,Dry,Y,Erie,N Harlem Ave,Erie St/N Harlem Ave,,No Controls,No Controls,N,2,41.8918356,-87.8051511,ok,(UNK),None,2501020,2025,0,2,18,50000andOVER,9,4295,Oak Park,C,(UNK),None,16,1,13004021,3,Cook,2,25,STREET LIGHT POLE,None,6,N,No,Slow,202501071484,None,1,18.82999992,Y,,,,(UNK),44425,(N/A),(UNK),No Defects,1,1,Other Principal Arterial,3,348,X003742496,Not Toll,73,1,1,Divided - w/median (not raised),2,2939559.22156426,1911958.01506976,41.8918278,-87.80514525,On Scene,Urban,1,N,(N/A),Y,(N/A)
2025,2025-02-28,Friday,14,02:30 PM,Property Damage,No Injuries,0,0,0,0,0,3,Front to Rear,11,N,N,Failing to Reduce Speed to Avoid Crash,Following Too Closely,Daylight,Clear,Dry,Y,Washi,S Ridgeland Ave,S Ridgeland Ave/Washington Blvd,,Traffic Signal,Functioning Properly,N,2,41.88171,-87.78448,ok,(UNK),None,2501021,2025,0,28,3,50000andOVER,9,4295,Oak Park,C,(UNK),None,16,28,13004022,2,Cook,0,25,None,None,5,N,No,Free Flow,202501071485,None,1,1.02999997,N,,,,(UNK),44426,(N/A),(UNK),No Defects,1,1,Major Collector,5,5,X003742497,Not Toll,,3,4,Divided - w/median (not raised),2,2945290.21212636,1908423.7088021,41.88171,-87.78448,Not on Scene (Desk R,Urban,1,N,(N/A),Y,(N/A)
2025,2025-03-02,Sunday,2,02:21 AM,Property Damage,No Injuries,0,0,0,0,0,2,Turning,10,N,N,Physical Condition of Driver,Failing to Reduce Speed to Avoid Crash,Darkness / Lighted Road,Clear,Dry,N,(N/A),Harlem Ave,(N/A),205,No Controls,No Controls,Y,2,41.8828134,-87.8048395,ok,(UNK),None,25-00647,2025,0,17,28,50000andOVER,9,4295,Oak Park,C,(UNK),None,16,2,13004875,3,Cook,0,25,None,None,7,N,No,Free Flow,202501072224,None,5,19.45999908,Y,,,,(UNK),44939,(N/A),(UNK),No Defects,1,1,Other Principal Arterial,3,348,X003743235,Not Toll,73,1,1,Divided - w/median (not raised),2,2939734.60769578,1908672.49732992,41.8828056,-87.80483365,On Scene,Urban,1,N,(N/A),Y,(N/A)
2025,2025-03-03,Monday,17,05:00 PM,Property Damage,No Injuries,0,0,0,0,0,2,Turning,10,N,N,Improper Lane Usage,Failing to Yield Right of Way,Daylight,Clear,Dry,Y,Dixon,Harlem Ave,Dixon/Harlem Ave,,Stop Sign,Functioning Properly,N,2,41.8842946,-87.8048756,ok,(UNK),None,25-00667,2025,0,20,2,50000andOVER,9,4295,Oak Park,C,(UNK),None,16,3,13004879,3,Cook,0,25,None,None,1,N,No,Slow,202501072226,None,1,19.36000061,Y,,,,(UNK),44940,(N/A),(UNK),No Defects,1,1,Other Principal Arterial,3,348,X003743237,Not Toll,73,2,4,Divided - w/median (not raised),2,2939709.91420016,1909211.99003028,41.88428677,-87.80486975,On Scene,Urban,1,N,(N/A),Y,(N/A)
2025,2025-02-23,Sunday,12,12:00 PM,Injury,B Injury Crash,1,0,0,1,0,6,Sideswipe Same Direction,12,N,N,Improper Lane Usage,Failing to Reduce Speed to Avoid Crash,Daylight,Clear,Dry,N,(N/A),I-290,(N/A),,Other,Functioning Properly,N,2,41.8734586,-87.8040132,ok,Partial Access Control,None,03-25-04359,2025,0,20,28,50000andOVER,9,4295,Oak Park,C,(UNK),None,16,23,13004923,2,Cook,2,25,None,None,7,N,No,(UNK),202501072266,None,1,7.71999979,Y,E,144,F,(UNK),44961,(N/A),(UNK),No Defects,1,1,InterState,1,290,X003743276,Not Toll,73,13,4,Divided With Median Barrier,3,2940053.51228321,1905269.61991087,41.87345076,-87.80400741,On Scene,Urban,1,N,(N/A),Y,(N/A)
2025,2025-02-23,Sunday,16,04:00 PM,Property Damage,No Injuries,0,0,0,0,0,2,Sideswipe Same Direction,12,N,N,Failing to Reduce Speed to Avoid Crash,Improper Overtaking/Passing,Daylight,Clear,Dry,N,(N/A),I-290,(N/A),,Other,Functioning Properly,Y,2,41.8716543,-87.7840007,ok,Partial Access Control,None,03-25-04370,2025,0,28,4,50000andOVER,9,4295,Oak Park,C,(UNK),None,16,23,13005328,2,Cook,0,25,None,None,7,N,No,(UNK),202501072672,None,1,8.72000027,Y,E,0,F,(UNK),45229,(N/A),(UNK),No Defects,1,1,InterState,1,290,X003743655,Not Toll,73,13,4,Divided With Median Barrier,3,2945522.51851553,1904762.83860159,41.87164642,-87.78399493,Not on Scene (Desk R,Urban,1,N,(N/A),Y,(N/A)
2025,2025-02-27,Thursday,15,03:27 PM,Property Damage,No Injuries,0,0,0,0,0,2,Front to Rear,11,N,N,Following Too Closely,Failing to Reduce Speed to Avoid Crash,Daylight,Clear,Dry,N,(N/A),I-290 Wb,(N/A),,Other,Functioning Properly,N,2,41.8737345,-87.8041022,ok,Partial Access Control,None,03-25-04697,2025,0,3,28,50000andOVER,9,4295,Oak Park,C,(UNK),None,16,27,13005338,2,Cook,0,25,None,None,4,N,No,(UNK),202501072682,None,1,7.71999979,Y,E,100,F,(UNK),45238,(N/A),(UNK),No Defects,1,1,InterState,1,290,X003743665,Not Toll,73,13,4,Divided With Median Barrier,3,2940026.5,1905369.5,41.87372667,-87.80409642,Not on Scene (Desk R,Urban,1,N,(N/A),Y,(N/A)
2025,2025-02-11,Tuesday,20,08:01 PM,Property Damage,No Injuries,0,0,0,0,0,1,Fixed Object,6,N,N,Unable to Determine,Failing to Reduce Speed to Avoid Crash,Unknown,Clear,Dry,N,(N/A),Madison St,(N/A),,Pedestrian Crossing Sign,Functioning Properly,Y,1,41.8800445,-87.7812405,ok,(UNK),None,2500715,2025,0,18,28,50000andOVER,9,4295,Oak Park,C,(UNK),None,16,11,13005393,2,Cook,0,25,PEDESTRIAN STOP SIGN,None,2,N,No,Free Flow,202501072729,None,9,0,N,W,10,F,(UNK),45270,(N/A),(UNK),No Defects,1,1,Local Road or Street,7,0,X003743715,Not Toll,73,17,4,Divided With Median Barrier,3,2946189.30548473,1907841.27782457,41.88003663,-87.78123473,On Scene,Urban,1,N,(N/A),Y,(N/A)
2025,2025-02-28,Friday,16,04:10 PM,Property Damage,No Injuries,0,0,0,0,0,2,Front to Rear,11,N,N,Following Too Closely,Failing to Reduce Speed to Avoid Crash,Daylight,Clear,Dry,N,(N/A),I-290 Wb,(N/A),,Other,Functioning Properly,Y,2,41.8734386,-87.8010503,ok,Partial Access Control,None,03-25-04755,2025,0,3,28,50000andOVER,9,4295,Oak Park,C,(UNK),None,16,28,13005524,2,Cook,0,25,None,None,5,N,No,(UNK),202501072851,None,1,7.86000013,Y,E,1000,F,(UNK),45359,(N/A),(UNK),No Defects,1,1,InterState,1,290,X003743840,Not Toll,73,13,4,Divided With Median Barrier,3,2940860.7176354,1905284.55594452,41.87343072,-87.80104448,On Scene,Urban,1,N,(N/A),Y,(N/A)
2025,2025-03-02,Sunday,13,01:00 PM,Property Damage,No Injuries,0,0,0,0,0,2,Front to Rear,11,N,N,Following Too Closely,Failing to Reduce Speed to Avoid Crash,Daylight,Clear,Dry,N,(N/A),North Ave,(N/A),,Traffic Signal,Functioning Properly,Y,2,41.9092401,-87.7759165,ok,(UNK),None,2501039,2025,0,3,28,50000andOVER,9,4295,Oak Park,C,(UNK),None,16,2,13006041,3,Cook,0,25,None,None,7,N,No,Slow,202501073320,None,1,7.46000004,Y,W,100,F,(UNK),45702,(N/A),(UNK),No Defects,1,1,Other Principal Arterial,3,307,X003744317,Not Toll,73,3,4,Divided With Median Barrier,3,2947342.611227,1918521.11233429,41.90923228,-87.77591075,On Scene,Urban,1,N,(N/A),Y,(N/A)
2025,2025-03-02,Sunday,18,06:20 PM,Property Damage,No Injuries,0,0,0,0,0,2,Angle,15,N,N,Disregarding Stop Sign,Unable to Determine,Darkness / Lighted Road,Clear,Dry,Y,Jacks,S Lombard Ave,Jackson Blvd/S Lombard Ave,,Stop Sign,Functioning Properly,Y,2,41.87638,-87.7794,ok,(UNK),None,2501046,2025,0,23,18,50000andOVER,9,4295,Oak Park,C,(UNK),None,16,2,13006669,3,Cook,0,25,None,None,7,N,No,Slow,202501073741,None,5,0,N,,,,(UNK),46102,(N/A),(UNK),No Defects,1,1,Minor Collector,6,0,X003744711,Not Toll,,2,4,Divided - w/median (not raised),2,2946727.71704537,1906519.82049796,41.87638,-87.7794,On Scene,Urban,1,N,(N/A),Y,(N/A)
2025,2025-03-04,Tuesday,7,07:42 AM,Property Damage,No Injuries,0,0,0,0,0,3,Angle,15,N,N,Failing to Yield Right of Way,Failing to Reduce Speed to Avoid Crash,Daylight,Rain,Wet,N,(N/A),Scoville Ave,(N/A),,No Controls,No Controls,N,2,41.87256,-87.78786,ok,(UNK),None,2501063,2025,0,2,28,50000andOVER,9,4295,Oak Park,C,(UNK),None,16,4,13006715,3,Cook,0,25,None,None,2,N,No,Slow,202501073794,None,1,0.05,N,N,25,F,(UNK),46131,(N/A),(UNK),No Defects,1,2,Local Road or Street,7,290,X003744756,Not Toll,,1,1,Alley,12,2944462.19539275,1905063.735216,41.87256,-87.78786,On Scene,Urban,2,N,(N/A),Y,(N/A)
2025,2025-03-02,Sunday,15,03:46 PM,Property Damage,No Injuries,0,0,0,0,0,2,Front to Rear,11,N,N,Failing to Reduce Speed to Avoid Crash,Unable to Determine,Daylight,Clear,Dry,Y,Lexin,S Harlem Ave,Lexington St/S Harlem Ave,,No Controls,No Controls,N,2,41.8704874,-87.804389,ok,(UNK),None,2501043,2025,0,28,18,50000andOVER,9,4295,Oak Park,C,(UNK),None,16,2,13006717,3,Cook,0,25,None,None,7,N,No,Stopped,202501073796,None,1,20.30999947,Y,S,10,F,(UNK),46132,(N/A),(UNK),No Defects,1,1,Other Principal Arterial,3,348,X003744758,Not Toll,73,1,1,Not Divided,1,2939980.96421685,1904184.05825719,41.8704796,-87.80438323,On Scene,Urban,1,N,(N/A),Y,(N/A)
2025,2025-03-04,Tuesday,13,01:17 PM,Property Damage,No Injuries,0,0,0,0,0,2,Turning,10,N,N,Failing to Yield Right of Way,Failing to Reduce Speed to Avoid Crash,Daylight,Rain,Wet,Y,Garfi,S Grove Ave,Garfield St/S Grove Ave,,No Controls,No Controls,N,2,41.87212,-87.79534,ok,(UNK),None,2501077,2025,0,2,28,50000andOVER,9,4295,Oak Park,C,(UNK),None,16,4,13006728,3,Cook,0,25,None,None,2,N,No,Free Flow,202501073807,None,1,0,N,,,,(UNK),46137,(N/A),(UNK),No Defects,1,2,Local Road or Street,7,0,X003744768,Not Toll,,1,1,Not Divided,1,2942429.2920374,1904846.9884494,41.87212,-87.79534,On Scene,Urban,2,N,(N/A),Y,(N/A)
2025,2025-03-04,Tuesday,14,02:44 PM,Property Damage,No Injuries,0,0,0,0,0,2,Sideswipe Same Direction,12,N,N,Improper Overtaking/Passing,Failing to Reduce Speed to Avoid Crash,Daylight,Rain,Wet,Y,N Lom,Lake St,Lake St/N Lombard Ave,,No Controls,No Controls,N,2,41.88813,-87.77981,ok,(UNK),None,2501080,2025,0,4,28,50000andOVER,9,4295,Oak Park,C,(UNK),None,16,4,13006732,3,Cook,0,25,None,None,2,N,No,Free Flow,202501073809,None,1,0,N,,,,(UNK),46139,(N/A),(UNK),No Defects,1,2,Major Collector,5,3794,X003744770,Not Toll,,1,1,Divided - w/median (not raised),2,2946496.89635405,1910798.63417603,41.88813,-87.77981,On Scene,Urban,2,N,(N/A),Y,(N/A)
2025,2025-03-04,Tuesday,18,06:30 PM,Property Damage,No Injuries,0,0,0,0,0,2,Front to Rear,11,N,N,(N/A),(N/A),Darkness / Lighted Road,Rain,Wet,N,(N/A),Lake St,(N/A),1129,No Controls,No Controls,N,2,41.88856,-87.80396,ok,(UNK),None,2501087,2025,0,99,99,50000andOVER,9,4295,Oak Park,C,(UNK),None,16,4,13006734,3,Cook,0,25,None,None,2,N,No,Stopped,202501073811,None,5,0,N,,,,(UNK),46141,(N/A),(UNK),Debris On Roadway,9,2,Major Collector,5,0,X003744772,Not Toll,,1,1,Not Divided,1,2939916.41852608,1910773.24206567,41.88856,-87.80396,Not on Scene (Desk R,Urban,2,N,(N/A),N,(N/A)
2025,2025-03-06,Thursday,17,05:23 PM,Property Damage,No Injuries,0,0,0,0,0,4,Turning,10,N,N,Improper Turning/No Signal,Improper Overtaking/Passing,Dusk,Clear,Dry,Y,Madis,Harlem Ave,Harlem Ave/Madison St,,Traffic Signal,Functioning Properly,N,2,41.8796712,-87.8047358,ok,(UNK),None,25-00691,2025,0,6,4,50000andOVER,9,4295,Oak Park,C,(UNK),None,16,6,13006884,3,Cook,0,25,None,None,4,N,No,Free Flow,202501073951,None,3,19.68000031,Y,,,,(UNK),46236,(N/A),(UNK),No Defects,1,1,Other Principal Arterial,3,348,X003744915,Not Toll,73,3,4,Divided - w/median (not raised),2,2939794.35367355,1907528.19593686,41.87966339,-87.80473005,On Scene,Urban,1,N,(N/A),Y,(N/A)
2025,2025-03-06,Thursday,12,12:25 PM,Property Damage,No Injuries,0,0,0,0,0,1,Fixed Object,6,N,N,Failing to Reduce Speed to Avoid Crash,Driving Skills/Knowledge/Experience,Daylight,Clear,Dry,N,(N/A),South Blvd,(N/A),,Traffic Signal,Functioning Properly,N,1,41.8869919,-87.7842787,ok,(UNK),None,2501115,2025,0,28,15,50000andOVER,9,4295,Oak Park,C,(UNK),None,16,6,13007703,3,Cook,0,25,VIADUCT,None,4,N,No,Free Flow,202501074706,None,1,0,N,N,100,F,(UNK),46772,(N/A),(UNK),No Defects,1,1,Local Road or Street,7,0,X003745657,Not Toll,73,3,4,Not Divided,1,2945291.55669415,1910350.05073129,41.88698404,-87.78427295,On Scene,Urban,1,N,(N/A),Y,(N/A)
2025,2025-02-27,Thursday,8,08:42 AM,Property Damage,No Injuries,0,0,0,0,0,2,Turning,10,N,N,Failing to Reduce Speed to Avoid Crash,Unable to Determine,Daylight,Clear,Dry,Y,S Gro,Madison St,Madison St/S Grove Ave,,Stop Sign,Functioning Properly,Y,2,41.87971,-87.79559,ok,(UNK),None,2500986,2025,0,28,18,50000andOVER,9,4295,Oak Park,C,(UNK),None,16,27,13008283,2,Cook,0,25,None,None,4,N,No,Free Flow,202501075222,None,1,0,N,,,,(UNK),47154,(N/A),(UNK),No Defects,1,1,Minor Arterial,4,0,X003746174,Not Toll,,2,4,Four Way,14,2942284.74874115,1907611.03911579,41.87971,-87.79559,Not on Scene (Desk R,Urban,1,N,(N/A),Y,(N/A)
2025,2025-03-04,Tuesday,20,08:06 PM,Injury,B Injury Crash,1,0,0,1,0,2,Turning,10,N,N,Improper Turning/No Signal,Failing to Reduce Speed to Avoid Crash,Darkness / Lighted Road,Rain,Wet,Y,N Har,Lake St,Lake St/N Harlem Ave,,Traffic Signal,Functioning Properly,N,2,41.8885678,-87.8050272,ok,(UNK),None,2501089,2025,0,6,28,50000andOVER,9,4295,Oak Park,C,(UNK),None,16,4,13008297,3,Cook,2,25,None,None,2,N,No,Slow,202501075225,None,5,19.05999947,Y,,,,(UNK),47155,(N/A),(UNK),No Defects,1,2,Other Principal Arterial,3,348,X003746177,Not Toll,73,3,4,Not Divided,1,2939625.74668998,1910768.08774043,41.88855997,-87.80502137,On Scene,Urban,2,N,(N/A),Y,(N/A)
2025,2025-03-05,Wednesday,13,01:34 PM,Property Damage,No Injuries,0,0,0,0,0,3,Angle,15,N,N,Failing to Yield Right of Way,Vision Obscured,Daylight,Clear,Wet,Y,N Rid,Lake St,Lake St/N Ridgeland Ave,,Traffic Signal,Functioning Properly,N,2,41.88828,-87.7847,ok,(UNK),None,2501099,2025,0,2,14,50000andOVER,9,4295,Oak Park,C,(UNK),None,16,5,13008301,3,Cook,0,25,POLICE SQUAD 583,None,3,N,No,Stopped,202501075227,None,1,0.93000001,N,,,,(UNK),47156,(N/A),(UNK),No Defects,1,2,Major Collector,5,2783,X003746179,Not Toll,,3,4,Two-way Continuous Left-Turn Lane,4,2945163.80667771,1910816.2764967,41.88828,-87.7847,On Scene,Urban,1,N,(N/A),Y,(N/A)
2025,2025-03-06,Thursday,8,08:33 AM,Injury,C Injury Crash,1,0,0,0,1,1,Turning,10,N,N,Failing to Yield Right of Way,Failing to Reduce Speed to Avoid Crash,Daylight,Clear,Dry,Y,S Oak,Garfield St,Garfield St/S Oak Park Ave,,Traffic Signal,Functioning Properly,N,2,41.87198,-87.79399,ok,(UNK),None,2501108,2025,0,2,28,50000andOVER,9,4295,Oak Park,C,(UNK),None,16,6,13008311,3,Cook,1,25,None,None,4,N,No,Free Flow,202501081730,None,1,6.69000006,N,,,,(UNK),47157,(N/A),(UNK),No Defects,1,1,Major Collector,5,2775,X003746184,Not Toll,,3,4,Not Divided,1,2942798.40637459,1904806.13644963,41.87198,-87.79399,On Scene,Urban,1,N,(N/A),Y,(N/A)
2025,2025-03-07,Friday,0,00:02 AM,Property Damage,No Injuries,0,0,0,0,0,1,Sideswipe Same Direction,12,N,N,Failing to Reduce Speed to Avoid Crash,Driving Skills/Knowledge/Experience,Darkness / Lighted Road,Clear,Dry,N,(N/A),N Marion,(N/A),827,No Controls,No Controls,Y,2,41.9006013,-87.8039535,ok,(UNK),None,2501131,2025,0,28,15,50000andOVER,9,4295,Oak Park,C,(UNK),None,16,7,13008312,3,Cook,0,25,None,None,5,N,No,Slow,202501075232,None,5,0,N,,,,(UNK),47158,(N/A),(UNK),No Defects,1,1,Local Road or Street,7,0,X003746185,Not Toll,73,1,1,Not Divided,1,2939797.27349776,1915161.36407377,41.90059345,-87.80394775,Not on Scene (Desk R,Urban,1,N,(N/A),Y,(N/A)
2025,2025-03-05,Wednesday,12,12:59 PM,Property Damage,No Injuries,0,0,0,0,0,2,Front to Rear,11,N,N,Failing to Reduce Speed to Avoid Crash,Following Too Closely,Daylight,Rain,Wet,N,(N/A),N Harlem Ave,(N/A),600,No Controls,No Controls,Y,2,41.8909324,-87.8051216,ok,(UNK),None,2500256,2025,0,28,3,50000andOVER,9,4295,Oak Park,C,(UNK),None,16,5,13008316,3,Cook,0,25,None,None,3,N,No,Slow,202501075234,None,1,18.88999939,Y,,,,(UNK),47160,(N/A),(UNK),No Defects,1,2,Other Principal Arterial,3,348,X003746187,Not Toll,73,1,1,Not Divided,1,2939576.31733514,1911629.0918131,41.89092459,-87.80511575,On Scene,Urban,2,N,(N/A),Y,(N/A)
2025,2025-03-06,Thursday,15,03:09 PM,Property Damage,No Injuries,0,0,0,0,0,2,Front to Rear,11,N,N,Failing to Reduce Speed to Avoid Crash,(N/A),Daylight,Clear,Dry,N,(N/A),North Ave,(N/A),,No Controls,No Controls,N,2,41.8872531,-87.7970346,ok,(UNK),None,2501118,2025,0,28,99,50000andOVER,9,4295,Oak Park,C,(UNK),None,16,6,13010796,3,Cook,0,25,None,None,4,N,No,Free Flow,202501077394,None,1,0,N,E,25,F,(UNK),48831,(N/A),(UNK),No Defects,1,1,Local Road or Street,7,0,X003748338,Not Toll,73,1,1,Not Divided,1,2941815.39104035,1910348.99458105,41.88724521,-87.79702877,On Scene,Urban,1,N,(N/A),Y,(N/A)
2025,2025-03-06,Thursday,16,04:04 PM,Injury,B Injury Crash,1,0,0,1,0,1,Front to Rear,11,N,N,Failing to Reduce Speed to Avoid Crash,(N/A),Dawn,Clear,Dry,N,(N/A),South Blvd,(N/A),,Traffic Signal,Functioning Properly,N,2,41.8869828,-87.7846813,ok,(UNK),None,2501120,2025,0,28,99,50000andOVER,9,4295,Oak Park,C,(UNK),None,16,6,13010799,3,Cook,2,25,None,None,4,N,No,Stopped,202501077397,None,2,0,N,W,10,F,(UNK),48832,(N/A),(UNK),No Defects,1,1,Local Road or Street,7,0,X003748341,Not Toll,73,3,4,Divided - w/median (not raised),2,2945182.02178119,1910343.67732588,41.88697491,-87.78467553,On Scene,Urban,1,N,(N/A),Y,(N/A)
2025,2025-03-09,Sunday,9,09:55 AM,Property Damage,No Injuries,0,0,0,0,0,2,Turning,10,N,N,Failing to Yield Right of Way,Failing to Reduce Speed to Avoid Crash,Daylight,Clear,Dry,Y,Lomba,Chicago Ave,Chicago Ave/Lombard Ave,,Stop Sign,Functioning Properly,N,2,41.8946279,-87.7799841,ok,(UNK),None,2501163,2025,0,2,28,50000andOVER,9,4295,Oak Park,C,(UNK),None,16,9,13010813,3,Cook,0,25,None,None,7,N,No,Slow,202501077410,None,1,1,N,,,,(UNK),48841,(N/A),(UNK),No Defects,1,1,Minor Arterial,4,3559,X003748353,Not Toll,73,2,4,Divided - w/median (not raised),2,2946383.5867146,1913165.27100112,41.89462004,-87.7799783,On Scene,Urban,1,N,(N/A),Y,(N/A)
2025,2025-03-09,Sunday,13,01:55 PM,Property Damage,No Injuries,0,0,0,0,0,5,Front to Rear,11,N,N,Following Too Closely,Failing to Reduce Speed to Avoid Crash,Daylight,Clear,Dry,N,(N/A),N Harlem Ave,(N/A),,Traffic Signal,Functioning Properly,N,3,41.8795838,-87.8047318,ok,(UNK),None,2501169,2025,0,3,28,50000andOVER,9,4295,Oak Park,C,(UNK),None,16,9,13010818,3,Cook,0,25,None,None,7,N,Yes,Slow,202501077414,None,1,19.69000053,Y,S,30,F,(UNK),48843,(N/A),(UNK),No Defects,1,1,Other Principal Arterial,3,348,X003748358,Not Toll,73,3,4,Divided - w/median (not raised),2,2939796.32615437,1907496.35684347,41.87957594,-87.80472603,On Scene,Urban,1,N,(N/A),Y,(N/A)
2025,2025-03-09,Sunday,14,02:35 PM,Injury,C Injury Crash,1,0,0,0,1,3,Turning,10,N,N,Failing to Yield Right of Way,Vision Obscured,Daylight,Clear,Dry,Y,S. Ke,Randolph St,Randolph St/S. Kenilworth Ave / Clint,,No Controls,No Controls,N,2,41.8833942,-87.7970305,ok,(UNK),None,2501170,2025,0,2,14,50000andOVER,9,4295,Oak Park,C,(UNK),None,16,9,13010821,3,Cook,1,25,None,None,7,N,No,Slow,202501077417,None,1,0,N,,,,(UNK),48845,(N/A),(UNK),No Defects,1,1,Local Road or Street,7,0,X003748361,Not Toll,73,1,1,T-Intersection,15,2941855.35786911,1908942.804024,41.8833864,-87.79702468,On Scene,Urban,1,N,(N/A),Y,(N/A)
2025,2025-03-09,Sunday,19,07:24 PM,Property Damage,No Injuries,0,0,0,0,0,4,Front to Rear,11,N,N,Following Too Closely,(N/A),Dusk,Clear,Dry,Y,Divis,Hayes Ave,Division St/Hayes Ave,,Stop Sign,Functioning Properly,N,2,41.9019578,-87.7790209,ok,(UNK),None,2501173,2025,0,3,99,50000andOVER,9,4295,Oak Park,C,(UNK),None,16,9,13010825,3,Cook,0,25,None,None,7,N,No,Slow,202501077420,None,3,2.3499999,N,,,,(UNK),48848,(N/A),(UNK),No Defects,1,1,Major Collector,5,1394,X003748364,Not Toll,73,2,4,Divided - w/median (not raised),2,2946571.47288247,1915843.72304971,41.90194992,-87.77901508,On Scene,Urban,1,N,(N/A),Y,(N/A)