crash_year,crash_date,day_of_week,crash_hour,time_of_crash,crash_severity,crash_injury_severity,total_injured,total_fatals,a_injuries,b_injuries,c_injuries,no_injuries,type_of_first_crash,collision_type_code,pedestrian_involved,pedalcyclist_involved,cause1,cause2,lighting_cond,weather_cond,road_surface_cond,intersection_related,is_intersection,highway_or_street_name,at_intersection_with,address_no,traffic_control_device,traffic_control_device_cond,hit_and_run,number_of_vehicles,latitude,longitude,location_status,access_control,agency_code,agency_report_number,agency_report_year,alignment_code,cause1_code,cause2_code,city_class,city_class_code,city_code,city_name,city_township_flag,class_of_trafficway,class_of_trafficway_code,county_code,crash_day,crash_id,crash_month,crash_report_county,crash_severity_cd,crash_yr_source,damaged_property1,damaged_property2,day_of_week_code,did_crash_occur_in_work_zone,did_involve_secondary_crash,flow_condition,icn,investigating_agency_descrip,light_condition_code,mile_station,nhs,non_intersection_direction,non_intersection_distance,non_intersection_units,number_of_lanes,objectid,railroad_crossing_number,road_alignment,road_defects,road_defects_code,road_surface_condition_code,roadway_functional_class,roadway_functional_class_code,route_number,sfe,toll,township,traffic_control_device_code,traffic_control_device_cond_code,trafficway_descrip,trafficway_description_code,ts_crash_coordinate_x,ts_crash_coordinate_y,ts_crash_latitude,ts_crash_longitude,type_report,urban_rural,weather_code,were_workers_present,work_zone,work_zone_related,work_zone_type
2025,2025-03-10,Monday,6,06:37 AM,Injury,C Injury Crash,1,0,0,0,1,1,Angle,15,N,N,Failing to Yield Right of Way,(N/A),Daylight,Clear,Dry,Y,Lomba,Augusta,Augusta/Lombard,,Stop Sign,Functioning Properly,Y,2,41.8982836,-87.7801151,ok,(UNK),None,2501177,2025,0,2,99,50000andOVER,9,4295,Oak Park,C,(UNK),None,16,10,13010826,3,Cook,1,25,None,None,1,N,No,Slow,202501077421,None,1,0.75,N,,,,(UNK),48849,(N/A),(UNK),No Defects,1,1,Local Road or Street,7,3559,X003748365,Not Toll,73,2,4,Four Way,14,2946310.83835853,1914496.49974985,41.89827578,-87.78010931,On Scene,Urban,1,N,(N/A),Y,(N/A)
2025,2025-03-06,Thursday,17,05:33 PM,Property Damage,No Injuries,0,0,0,0,0,2,Front to Rear,11,N,N,Following Too Closely,Failing to Reduce Speed to Avoid Crash,Daylight,Clear,Dry,N,(N/A),I-290,(N/A),,Other,Functioning Properly,N,2,41.8712378,-87.7745299,ok,Partial Access Control,None,03-25-05234,2025,0,3,28,50000andOVER,9,4295,Oak Park,C,(UNK),None,16,6,13010874,3,Cook,0,25,None,None,4,N,No,(UNK),202501077467,None,1,9.18999958,Y,W,20,F,(UNK),48893,(N/A),(UNK),No Defects,1,1,InterState,1,290,X003748411,Not Toll,73,13,4,Not Divided,1,2948106.35687995,1904682.872882,41.87123,-87.77452414,On Scene,Urban,1,N,(N/A),Y,(N/A)
2025,2025-03-06,Thursday,17,05:50 PM,Property Damage,No Injuries,0,0,0,0,0,2,Front to Rear,11,N,N,Following Too Closely,Failing to Reduce Speed to Avoid Crash,Daylight,Clear,Dry,N,(N/A),I-290,(N/A),,Other,Functioning Properly,N,2,41.8723771,-87.7892568,ok,Partial Access Control,None,03-25-05237,2025,0,3,28,50000andOVER,9,4295,Oak Park,C,(UNK),None,16,6,13010875,3,Cook,0,25,None,None,4,N,No,(UNK),202501077468,None,1,8.43999958,Y,W,45,F,(UNK),48894,(N/A),(UNK),No Defects,1,1,InterState,1,290,X003748412,Not Toll,73,13,4,Divided With Median Barrier,3,2944083.59055259,1904986.54500891,41.87236928,-87.78925102,On Scene,Urban,1,N,(N/A),Y,(N/A)
2025,2025-03-10,Monday,17,05:06 PM,Property Damage,No Injuries,0,0,0,0,0,1,Fixed Object,6,N,N,Physical Condition of Driver,Failing to Reduce Speed to Avoid Crash,Daylight,Clear,Dry,N,(N/A),N Harlem Ave,(N/A),,No Controls,No Controls,N,1,41.8970631,-87.8053461,ok,(UNK),None,2501190,2025,0,17,28,50000andOVER,9,4295,Oak Park,C,(UNK),None,16,10,13011365,3,Cook,0,25,LIGHT POLE,None,1,N,No,Free Flow,202501077906,None,1,18.46999931,Y,,,,(UNK),49226,(N/A),(UNK),No Defects,1,1,Other Principal Arterial,3,348,X003748858,Not Toll,73,1,1,Divided - w/median (not raised),2,2939453.67008125,1913861.53954171,41.89705526,-87.80534025,On Scene,Urban,1,N,(N/A),Y,(N/A)
2025,2025-03-11,Tuesday,6,06:20 AM,Property Damage,No Injuries,0,0,0,0,0,3,Front to Rear,11,N,N,Failing to Reduce Speed to Avoid Crash,Following Too Closely,Daylight,Clear,Dry,N,(N/A),I-290 Eb,(N/A),,Other,Functioning Properly,N,3,41.8733956,-87.8033664,ok,Partial Access Control,None,03-25-05562,2025,0,28,3,50000andOVER,9,4295,Oak Park,C,(UNK),None,16,11,13011579,3,Cook,0,25,None,None,2,N,No,(UNK),202501078103,None,1,7.75,Y,S,318,F,(UNK),49367,(N/A),(UNK),No Defects,1,1,InterState,1,290,X003749055,Not Toll,73,13,4,Divided With Median Barrier,3,2940230.3053651,1905251.50990713,41.87338775,-87.80336063,On Scene,Urban,1,N,(N/A),Y,(N/A)
2025,2025-03-10,Monday,17,05:16 PM,Property Damage,No Injuries,0,0,0,0,0,3,Angle,15,N,N,Failing to Reduce Speed to Avoid Crash,Driving Skills/Knowledge/Experience,Daylight,Clear,Dry,Y,Taylo,Madison St,Madison St/Taylor,,No Controls,No Controls,N,2,41.87999,-87.77793,ok,(UNK),None,2501191,2025,0,28,15,50000andOVER,9,4295,Oak Park,C,(UNK),None,16,10,13011991,3,Cook,0,25,None,None,1,N,No,Free Flow,202501078480,None,1,4.46000004,N,,,,(UNK),49627,(N/A),(UNK),No Defects,1,1,Minor Arterial,4,1419,X003749418,Not Toll,,1,1,Not Divided,1,2947091.44454752,1907846.51695448,41.87999,-87.77793,Not on Scene (Desk R,Urban,1,N,(N/A),Y,(N/A)
2025,2025-03-12,Wednesday,0,00:50 AM,Injury,B Injury Crash,1,0,0,1,0,1,Front to Rear,11,N,N,Improper Lane Usage,Failing to Reduce Speed to Avoid Crash,Darkness / Lighted Road,Clear,Dry,N,(N/A),Eisenhower Expy,(N/A),,Other,Functioning Properly,Y,2,41.8737027,-87.8036807,ok,Partial Access Control,None,03-25-05637,2025,0,20,28,50000andOVER,9,4295,Oak Park,C,(UNK),None,16,12,13012639,3,Cook,2,25,None,None,3,N,No,(UNK),202501079092,None,5,7.73999977,Y,E,230,F,(UNK),50059,(N/A),(UNK),No Defects,1,1,InterState,1,290,X003750030,Not Toll,73,13,4,Divided With Median Barrier,3,2940141.63148703,1905361.08490051,41.8736949,-87.80367488,Not on Scene (Desk R,Urban,1,N,(N/A),Y,(N/A)
2025,2025-03-05,Wednesday,21,09:50 PM,Property Damage,No Injuries,0,0,0,0,0,2,Front to Rear,11,N,N,Following Too Closely,Failing to Reduce Speed to Avoid Crash,Darkness / Lighted Road,Clear,Dry,N,(N/A),I290 W/B,(N/A),,Delineators,Functioning Properly,N,2,41.871861,-87.783285,ok,Partial Access Control,None,03-25-05172,2025,0,3,28,50000andOVER,9,4295,Oak Park,C,(UNK),None,16,5,13014084,3,Cook,0,25,None,None,3,N,No,(UNK),202501079998,None,5,8.75,Y,E,250,F,(UNK),50695,(N/A),(UNK),No Defects,1,1,InterState,1,290,X003750928,Not Toll,73,14,4,Divided With Median Barrier,3,2945715.37582563,1904843.59775429,41.87185317,-87.78327918,On Scene,Urban,1,N,(N/A),Y,(N/A)
2025,2025-03-11,Tuesday,14,02:09 PM,Property Damage,No Injuries,0,0,0,0,0,3,Turning,10,N,N,Improper Turning/No Signal,Unable to Determine,Daylight,Clear,Dry,N,(N/A),Harlem Ave,(N/A),,Traffic Signal,Functioning Properly,N,2,41.8722565,-87.8044639,ok,(UNK),None,2501206,2025,0,6,18,50000andOVER,9,4295,Oak Park,C,(UNK),None,16,11,13014212,3,Cook,0,25,None,None,2,N,No,Free Flow,202501080214,None,1,20.18000031,Y,S,20,F,(UNK),50782,(N/A),(UNK),No Defects,1,1,Other Principal Arterial,3,348,X003751046,Not Toll,73,3,4,Divided - w/median (not raised),2,2939942.83459791,1904828.16343322,41.87224863,-87.80445805,On Scene,Urban,1,N,(N/A),Y,(N/A)
2025,2025-03-11,Tuesday,16,04:15 PM,Property Damage,No Injuries,0,0,0,0,0,2,Sideswipe Same Direction,12,N,N,Improper Overtaking/Passing,Failing to Reduce Speed to Avoid Crash,Daylight,Clear,Dry,N,(N/A),North Ave,(N/A),,Traffic Signal,Functioning Properly,Y,2,41.9091626,-87.7835388,ok,(UNK),None,2501212,2025,0,4,28,50000andOVER,9,4295,Oak Park,C,(UNK),None,16,11,13014219,3,Cook,0,25,None,None,2,N,No,Free Flow,202501080218,None,1,7.05999994,Y,W,50,F,(UNK),50785,(N/A),(UNK),No Defects,1,1,Other Principal Arterial,3,307,X003751050,Not Toll,73,3,4,Two-way Continuous Left-Turn Lane,4,2945268.50869101,1918435.07170272,41.9091547,-87.78353298,On Scene,Urban,1,N,(N/A),Y,(N/A)
2025,2025-03-12,Wednesday,13,01:43 PM,Injury,C Injury Crash,1,0,0,0,1,2,Angle,15,N,N,Failing to Reduce Speed to Avoid Crash,Disregarding Traffic Signals,Daylight,Clear,Dry,Y,Garfi,S Ridgeland Ave,Garfield St/S Ridgeland Ave,,Traffic Signal,Functioning Properly,N,2,41.8710478,-87.7841758,ok,(UNK),None,2501237,2025,0,28,25,50000andOVER,9,4295,Oak Park,C,(UNK),None,16,12,13015653,3,Cook,1,25,None,None,3,N,No,Free Flow,202501081250,None,1,0.23999999,N,,,,(UNK),51711,(N/A),(UNK),No Defects,1,1,Major Collector,5,290,X003752082,Not Toll,73,3,4,Four Way,14,2945480.96989134,1904540.52399926,41.87104,-87.78417,On Scene,Urban,1,N,(N/A),Y,(N/A)
2025,2025-03-12,Wednesday,12,12:07 PM,Property Damage,No Injuries,0,0,0,0,0,2,Angle,15,N,N,Failing to Yield Right of Way,Failing to Reduce Speed to Avoid Crash,Daylight,Clear,Dry,N,(N/A),Alley,(N/A),,No Controls,No Controls,N,2,,,missing,(UNK),None,2501235,2025,0,2,28,50000andOVER,9,4295,Oak Park,C,City Streets Urban,8,16,12,13015655,3,Cook,0,25,None,None,3,N,No,Slow,202501081252,None,1,0,N,,,,(UNK),51712,(N/A),(UNK),No Defects,1,1,(UNK),0,0,X003752084,No Toll,,1,1,Alley,12,0,0,0,0,On Scene,(UNK),1,N,(N/A),Y,(N/A)
2025,2025-03-12,Wednesday,11,11:29 AM,Property Damage,No Injuries,0,0,0,0,0,2,Angle,15,N,N,Failing to Yield Right of Way,Unable to Determine,Daylight,Clear,Dry,Y,S Gro,Washington Blvd,S Grove Ave/Washington Blvd,,Stop Sign,Functioning Properly,Y,2,41.881568,-87.7956378,ok,(UNK),None,2501233,2025,0,2,18,50000andOVER,9,4295,Oak Park,C,(UNK),None,16,12,13015656,3,Cook,0,25,None,None,3,N,No,Free Flow,202501081253,None,1,0.47,N,,,,(UNK),51713,(N/A),(UNK),No Defects,1,1,Major Collector,5,5,X003752085,Not Toll,73,2,4,Four Way,14,2942253.01828296,1908287.75659607,41.88156012,-87.79563199,On Scene,Urban,1,N,(N/A),Y,(N/A)
2025,2025-03-14,Friday,1,01:28 AM,Property Damage,No Injuries,0,0,0,0,0,7,Front to Rear,11,N,N,Unable to Determine,Driving Skills/Knowledge/Experience,Darkness / Lighted Road,Clear,Dry,N,(N/A),Roosevelt Rd,(N/A),6900,No Controls,No Controls,Y,2,41.865138,-87.7965158,ok,(UNK),None,2501266,2025,0,18,15,50000andOVER,9,4295,Oak Park,C,(UNK),None,16,14,13015822,3,Cook,0,25,None,None,5,N,No,Free Flow,202501081403,None,5,6.38999987,Y,,,,(UNK),51822,(N/A),(UNK),No Defects,1,1,Other Principal Arterial,3,347,X003752233,Not Toll,52,1,1,Divided - w/median (not raised),2,2942179.32683332,1902293.78955378,41.8651302,-87.79650999,On Scene,Urban,1,N,(N/A),Y,(N/A)
2025,2025-02-20,Thursday,8,08:19 AM,Property Damage,No Injuries,0,0,0,0,0,1,Parked Motor Vehicle,9,N,N,Improper Backing,Failing to Reduce Speed to Avoid Crash,Daylight,Clear,Dry,N,(N/A),Chicago Ave,(N/A),1137,No Controls,No Controls,N,2,41.89418,-87.80467,ok,(UNK),None,2500857,2025,0,30,28,50000andOVER,9,4295,Oak Park,C,(UNK),None,16,20,13016199,2,Cook,0,25,None,None,4,N,No,Slow,202501081738,None,1,0,N,,,,(UNK),52063,(N/A),(UNK),No Defects,1,1,Minor Arterial,4,0,X003752561,Not Toll,,1,1,Divided - w/median (not raised),2,2939666.67626939,1912815.94903343,41.89418,-87.80467,On Scene,Urban,1,N,(N/A),Y,(N/A)
2025,2025-03-15,Saturday,11,11:56 AM,Property Damage,No Injuries,0,0,0,0,0,3,Angle,15,N,N,Failing to Yield Right of Way,Improper Lane Usage,Daylight,Severe Cross Wind,Dry,N,(N/A),S Harlem Ave,(N/A),601,No Controls,No Controls,N,3,41.875726,-87.8045882,ok,(UNK),None,25-00793,2025,0,2,20,50000andOVER,9,4295,Oak Park,C,(UNK),None,16,15,13018816,3,Cook,0,25,None,None,6,N,Yes,Free Flow,202501084224,None,1,19.95000076,Y,,,,(UNK),53899,(N/A),(UNK),No Defects,1,1,Other Principal Arterial,3,348,X003755059,Not Toll,73,1,1,Divided With Median Barrier,3,2939874.1409632,1906091.58087204,41.87571814,-87.80458244,On Scene,Urban,6,N,(N/A),Y,(N/A)
2025,2025-03-14,Friday,20,08:21 PM,Injury,C Injury Crash,3,0,0,0,3,2,Front to Rear,11,N,N,Following Too Closely,Failing to Reduce Speed to Avoid Crash,Darkness / Lighted Road,Clear,Dry,N,(N/A),Madison,(N/A),,Traffic Signal,Functioning Properly,N,3,41.87972,-87.79426,ok,(UNK),None,2501286,2025,0,3,28,50000andOVER,9,4295,Oak Park,C,(UNK),None,16,14,13019110,3,Cook,1,25,None,None,5,N,No,Stopped,202501084360,None,5,3.5999999,N,E,100,F,(UNK),54078,(N/A),(UNK),No Defects,1,1,Minor Arterial,4,1419,X003755196,Not Toll,,3,4,Divided - w/median (not raised),2,2942646.86089228,1907624.69837674,41.87972,-87.79426,On Scene,Urban,1,N,(N/A),Y,(N/A)
2025,2025-03-14,Friday,21,09:20 PM,Property Damage,No Injuries,0,0,0,0,0,3,Angle,15,N,N,Failing to Yield Right of Way,Disregarding Traffic Signals,Darkness / Lighted Road,Clear,Dry,Y,S Rid,Madison St,Madison St/S Ridgeland Av,,Traffic Signal,Functioning Properly,Y,2,41.87989,-87.78446,ok,(UNK),None,2501287,2025,0,2,25,50000andOVER,9,4295,Oak Park,C,(UNK),None,16,14,13019112,3,Cook,0,25,None,None,5,N,No,Free Flow,202501084362,None,5,0,N,,,,(UNK),54080,(N/A),(UNK),No Defects,1,1,Minor Arterial,4,0,X003755198,Not Toll,,3,4,Four Way,14,2945314.07860895,1907760.61823074,41.87989,-87.78446,Not on Scene (Desk R,Urban,1,N,(N/A),Y,(N/A)
2025,2025-03-16,Sunday,2,02:19 AM,Injury,B Injury Crash,2,0,0,2,0,0,Fixed Object,6,N,N,Failing to Reduce Speed to Avoid Crash,Improper Overtaking/Passing,Darkness / Lighted Road,Rain,Wet,N,(N/A),I-290 E/B,(N/A),,Other,Functioning Properly,N,1,41.8723387,-87.7922025,ok,Partial Access Control,None,03-25-06041,2025,0,28,4,50000andOVER,9,4295,Oak Park,C,(UNK),None,16,16,13020040,3,Cook,2,25,None,None,7,N,No,(UNK),202501085240,None,5,8.27999973,Y,E,463,F,(UNK),54654,(N/A),(UNK),No Defects,1,2,InterState,1,290,X003756060,Not Toll,73,13,4,Divided With Median Barrier,3,2943281.64854623,1904950.32962219,41.87233087,-87.79219673,On Scene,Urban,2,N,(N/A),Y,(N/A)
2025,2025-03-07,Friday,15,03:50 PM,Property Damage,No Injuries,0,0,0,0,0,8,Front to Rear,11,N,N,Failing to Reduce Speed to Avoid Crash,Following Too Closely,Daylight,Rain,Wet,N,(N/A),I-290,(N/A),,Other,Functioning Properly,N,4,41.8715429,-87.7794131,ok,Partial Access Control,None,03-25-05320,2025,0,28,3,50000andOVER,9,4295,Oak Park,C,(UNK),None,16,7,13020200,3,Cook,0,25,None,None,5,N,Yes,(UNK),202501085376,None,1,8.94999981,Y,W,0,F,(UNK),54755,(N/A),(UNK),No Defects,1,2,InterState,1,290,X003756197,Not Toll,73,13,4,Divided With Median Barrier,3,2946773.18894831,1904757.00623886,41.87153509,-87.77940735,On Scene,Urban,2,N,(N/A),Y,(N/A)
2025,2025-03-17,Monday,8,08:03 AM,Property Damage,No Injuries,0,0,0,0,0,1,Parked Motor Vehicle,9,N,N,Improper Overtaking/Passing,Unable to Determine,Daylight,Clear,Dry,Y,N Aus,South Blvd,N Austin Blvd/South Blvd,,Traffic Signal,Functioning Properly,Y,2,41.8870978,-87.7748558,ok,(UNK),None,2501323,2025,0,4,18,50000andOVER,9,4295,Oak Park,C,(UNK),None,16,17,13020301,3,Cook,0,25,None,None,1,N,No,Free Flow,202501085464,None,1,7.19999981,N,,,,(UNK),54819,(N/A),(UNK),No Defects,1,1,Minor Arterial,4,2790,X003756285,Not Toll,,3,4,Four Way,14,2947856.44151834,1910460.08171393,41.88709,-87.77485,On Scene,Urban,1,N,(N/A),Y,(N/A)
2025,2025-03-17,Monday,17,05:54 PM,Property Damage,No Injuries,0,0,0,0,0,2,Turning,10,N,N,Improper Lane Usage,Failing to Reduce Speed to Avoid Crash,Daylight,Clear,Dry,Y,I290,S Harlem Ave,I290/S Harlem Ave,,Traffic Signal,Functioning Properly,N,2,41.8736396,-87.8045089,ok,Partial Access Control,None,2501329,2025,0,20,28,50000andOVER,9,4295,Oak Park,C,(UNK),None,16,17,13020311,3,Cook,0,25,None,None,1,N,No,Free Flow,202501085471,None,1,20.06999969,Y,,,,(UNK),54821,(N/A),(UNK),No Defects,1,1,InterState,1,348,X003756292,Not Toll,73,3,4,Ramp,11,2939916.6811929,1905331.8500014,41.87363172,-87.80450312,On Scene,Urban,1,N,(N/A),Y,(N/A)
2025,2025-03-17,Monday,8,08:50 AM,Property Damage,No Injuries,0,0,0,0,0,2,Turning,10,N,N,Improper Lane Usage,Driving Skills/Knowledge/Experience,Daylight,Clear,Dry,Y,I290,Harlem,Harlem/I290,,Traffic Signal,Functioning Properly,Y,2,41.8736416,-87.8045258,ok,Partial Access Control,None,25-00812,2025,0,20,15,50000andOVER,9,4295,Oak Park,C,(UNK),None,16,17,13020398,3,Cook,0,25,None,None,1,N,No,Slow,202501085538,None,1,0.23999999,Y,,,,(UNK),54883,(N/A),(UNK),No Defects,1,1,InterState,1,290,X003756357,Not Toll,73,3,4,Four Way,14,2939912.062394,1905332.46992192,41.87363377,-87.80452,Not on Scene (Desk R,Urban,1,N,(N/A),Y,(N/A)
2025,2025-03-09,Sunday,9,09:30 AM,Property Damage,No Injuries,0,0,0,0,0,2,Turning,10,N,N,Failing to Reduce Speed to Avoid Crash,Unable to Determine,Daylight,Clear,Dry,Y,S Gro,Madison St,Madison St/S Grove Ave,,No Controls,No Controls,N,2,41.87971,-87.79559,ok,(UNK),None,2501325,2025,0,28,18,50000andOVER,9,4295,Oak Park,C,(UNK),None,16,9,13021317,3,Cook,0,25,None,None,7,N,No,Free Flow,202501086387,None,1,0,N,,,,(UNK),55497,(N/A),(UNK),No Defects,1,1,Minor Arterial,4,0,X003757211,Not Toll,,1,1,Four Way,14,2942284.74874115,1907611.03911579,41.87971,-87.79559,Not on Scene (Desk R,Urban,1,N,(N/A),Y,(N/A)
2025,2025-03-18,Tuesday,10,10:35 AM,Property Damage,No Injuries,0,0,0,0,0,2,Rear to Side,16,N,N,Failing to Yield Right of Way,Unable to Determine,Daylight,Clear,Dry,N,(N/A),S Humphrey Ave,(N/A),303,No Controls,No Controls,N,2,41.8835998,-87.7764021,ok,(UNK),None,2501336,2025,0,2,18,50000andOVER,9,4295,Oak Park,C,(UNK),None,16,18,13021321,3,Cook,0,25,None,None,2,N,No,Free Flow,202501086388,None,1,0,N,,,,(UNK),55498,(N/A),(UNK),No Defects,1,1,Local Road or Street,7,0,X003757212,Not Toll,73,1,1,Alley,12,2947470.88618279,1909173.58543178,41.88359195,-87.77639634,On Scene,Urban,1,N,(N/A),Y,(N/A)
2025,2025-03-18,Tuesday,9,09:25 AM,Property Damage,No Injuries,0,0,0,0,0,2,Sideswipe Same Direction,12,N,N,Failing to Yield Right of Way,Failing to Reduce Speed to Avoid Crash,Daylight,Cloudy/Overcast,Dry,Y,Washi,N Harlem Ave,N Harlem Ave/Washington Blvd,,Traffic Signal,Functioning Properly,Y,2,41.8813878,-87.8047858,ok,(UNK),None,2501335,2025,0,2,28,50000andOVER,9,4295,Oak Park,C,(UNK),None,16,18,13021322,3,Cook,0,25,None,None,2,N,No,Free Flow,202501086389,None,1,19.55999947,Y,,,,(UNK),55499,(N/A),(UNK),No Defects,1,1,Other Principal Arterial,3,348,X003757213,Not Toll,73,3,4,Not Divided,1,2939763.52364909,1908153.38389951,41.88138,-87.80478,On Scene,Urban,8,N,(N/A),Y,(N/A)
2025,2025-03-18,Tuesday,12,12:52 PM,Property Damage,No Injuries,0,0,0,0,0,2,Turning,10,N,N,Failing to Yield Right of Way,Unable to Determine,Daylight,Clear,Dry,Y,Madis,S Maple Ave,Madison St/S Maple Ave,,Stop Sign,Functioning Properly,N,2,41.8796079,-87.8038458,ok,(UNK),None,2501339,2025,0,2,18,50000andOVER,9,4295,Oak Park,C,(UNK),None,16,18,13021324,3,Cook,0,25,None,None,2,N,No,Slow,202501086391,None,1,3.1099999,N,,,,(UNK),55500,(N/A),(UNK),No Defects,1,1,Minor Arterial,4,1419,X003757215,Not Toll,73,2,4,Four Way,14,2940037.38447176,1907511.78578564,41.87960004,-87.80384,On Scene,Urban,1,N,(N/A),Y,(N/A)
2025,2025-03-19,Wednesday,2,02:50 AM,Property Damage,No Injuries,0,0,0,0,0,2,Front to Rear,11,N,N,Failing to Reduce Speed to Avoid Crash,(N/A),Darkness,Clear,Dry,Y,I290,S Harlem Ave,I290 E/S Harlem Ave,,Traffic Signal,Functioning Properly,N,2,41.8736416,-87.8045258,ok,Partial Access Control,None,2501348,2025,0,28,99,50000andOVER,9,4295,Oak Park,C,(UNK),None,16,19,13021781,3,Cook,0,25,None,None,3,N,No,Free Flow,202501086817,None,4,20.12000084,Y,,,,(UNK),55755,(N/A),(UNK),No Defects,1,1,InterState,1,348,X003757611,Not Toll,73,3,4,Divided With Median Barrier,3,2939912.062394,1905332.46992192,41.87363377,-87.80452,On Scene,Urban,1,N,(N/A),Y,(N/A)
2025,2025-03-16,Sunday,10,10:05 AM,Injury,A Injury Crash,1,0,1,0,0,1,Angle,15,N,N,Failing to Yield Right of Way,Vision Obscured,Daylight,Snow,Wet,N,(N/A),South Blvd,(N/A),1029,No Controls,No Controls,N,4,41.8867997,-87.8014116,ok,(UNK),None,2501312,2025,0,2,14,50000andOVER,9,4295,Oak Park,C,(UNK),None,16,16,13022836,3,Cook,3,25,LIGHT POLE,None,7,N,No,Free Flow,202501087676,None,1,0,N,,,,(UNK),56398,(N/A),(UNK),No Defects,1,2,Local Road or Street,7,0,X003758456,Not Toll,73,1,1,Divided - w/median (not raised),2,2940628.03331295,1910150.86709046,41.88679181,-87.80140585,On Scene,Urban,3,N,(N/A),Y,(N/A)
2025,2025-02-22,Saturday,20,08:30 PM,Property Damage,No Injuries,0,0,0,0,0,1,Parked Motor Vehicle,9,N,N,Improper Turning/No Signal,Unable to Determine,Darkness / Lighted Road,Clear,Unknown,Y,S Hum,Garfield St,Garfield St/S Humphrey Ave,,Stop Sign,Functioning Properly,N,2,41.87046,-87.77555,ok,(UNK),None,2500921,2025,0,6,18,50000andOVER,9,4295,Oak Park,C,(UNK),None,16,22,13023281,2,Cook,0,25,None,None,6,N,No,Free Flow,202501088081,None,5,0,N,,,,(UNK),56688,(N/A),(UNK),No Defects,1,9,Local Road or Street,7,0,X003758855,Not Toll,,2,4,T-Intersection,15,2947836.41495687,1904391.66741937,41.87046,-87.77555,On Scene,Urban,1,N,(N/A),Y,(N/A)
2025,2025-03-20,Thursday,5,05:57 AM,Injury,B Injury Crash,1,0,0,1,0,0,Other Object,7,N,N,Unable to Determine,Unable to Determine,Darkness / Lighted Road,Snow,Snow or Slush,N,(N/A),Division St,(N/A),450,No Controls,No Controls,N,1,41.9018476,-87.7870769,ok,(UNK),None,2501361,2025,0,18,18,50000andOVER,9,4295,Oak Park,C,(UNK),None,16,20,13023287,3,Cook,2,25,FENCE,None,4,N,No,Free Flow,202501088083,None,5,1.92999995,N,,,,(UNK),56689,(N/A),(UNK),No Defects,1,3,Major Collector,5,1394,X003758857,Not Toll,73,1,1,Not Divided,1,2944379.37623587,1915742.61862188,41.90183979,-87.78707106,On Scene,Urban,3,N,(N/A),Y,(N/A)
2025,2025-03-13,Thursday,16,04:00 PM,Property Damage,No Injuries,0,0,0,0,0,1,Parked Motor Vehicle,9,N,N,Failing to Reduce Speed to Avoid Crash,(N/A),Daylight,Unknown,Dry,N,(N/A),Clinton Ave,(N/A),,No Controls,No Controls,Y,2,41.8830878,-87.7985059,ok,(UNK),None,2501375,2025,0,28,99,50000andOVER,9,4295,Oak Park,C,(UNK),None,16,13,13023288,3,Cook,0,25,None,None,4,N,No,Free Flow,202501088084,None,1,0,N,S,100,F,(UNK),56690,(N/A),(UNK),No Defects,1,1,Local Road or Street,7,0,X003758858,Not Toll,73,1,1,Not Divided,1,2941456.63605643,1908820.01643381,41.88307991,-87.79850014,Not on Scene (Desk R,Urban,9,N,(N/A),Y,(N/A)
2025,2025-03-09,Sunday,6,06:50 AM,Property Damage,No Injuries,0,0,0,0,0,2,Front to Rear,11,N,N,Failing to Reduce Speed to Avoid Crash,Improper Lane Usage,Darkness / Lighted Road,Clear,Dry,N,(N/A),I-290,(N/A),,Other,Functioning Properly,Y,2,41.8712365,-87.7745473,ok,Partial Access Control,None,03-25-05433,2025,0,28,20,50000andOVER,9,4295,Oak Park,C,(UNK),None,16,9,13023457,3,Cook,0,25,None,None,7,N,No,(UNK),202501088229,None,5,9.19999981,Y,W,70,F,(UNK),56792,(N/A),(UNK),No Defects,1,1,InterState,1,290,X003759003,Not Toll,73,13,4,Divided With Median Barrier,3,2948101.64705882,1904682.26470588,41.87122869,-87.77454148,On Scene,Urban,1,N,(N/A),Y,(N/A)
2025,2025-03-13,Thursday,8,08:00 AM,Property Damage,No Injuries,0,0,0,0,0,3,Front to Rear,11,N,N,Failing to Reduce Speed to Avoid Crash,Following Too Closely,Daylight,Clear,Dry,N,(N/A),Eisenhower Expy,(N/A),,Other,Functioning Properly,N,3,41.8734985,-87.8044231,ok,Partial Access Control,None,03-25-05859,2025,0,28,3,50000andOVER,9,4295,Oak Park,C,(UNK),None,16,13,13023464,3,Cook,0,25,None,None,4,N,No,(UNK),202501088236,None,1,7.69999981,Y,E,25,F,(UNK),56799,(N/A),(UNK),No Defects,1,1,InterState,1,290,X003759010,Not Toll,73,13,4,Divided With Median Barrier,3,2939941.4762172,1905281.09645483,41.87349068,-87.80441728,Not on Scene (Desk R,Urban,1,N,(N/A),Y,(N/A)