crash_year,crash_date,day_of_week,crash_hour,time_of_crash,crash_severity,crash_injury_severity,total_injured,total_fatals,a_injuries,b_injuries,c_injuries,no_injuries,type_of_first_crash,collision_type_code,pedestrian_involved,pedalcyclist_involved,cause1,cause2,lighting_cond,weather_cond,road_surface_cond,intersection_related,is_intersection,highway_or_street_name,at_intersection_with,address_no,traffic_control_device,traffic_control_device_cond,hit_and_run,number_of_vehicles,latitude,longitude,location_status,access_control,agency_code,agency_report_number,agency_report_year,alignment_code,cause1_code,cause2_code,city_class,city_class_code,city_code,city_name,city_township_flag,class_of_trafficway,class_of_trafficway_code,county_code,crash_day,crash_id,crash_month,crash_report_county,crash_severity_cd,crash_yr_source,damaged_property1,damaged_property2,day_of_week_code,did_crash_occur_in_work_zone,did_involve_secondary_crash,flow_condition,icn,investigating_agency_descrip,light_condition_code,mile_station,nhs,non_intersection_direction,non_intersection_distance,non_intersection_units,number_of_lanes,objectid,railroad_crossing_number,road_alignment,road_defects,road_defects_code,road_surface_condition_code,roadway_functional_class,roadway_functional_class_code,route_number,sfe,toll,township,traffic_control_device_code,traffic_control_device_cond_code,trafficway_descrip,trafficway_description_code,ts_crash_coordinate_x,ts_crash_coordinate_y,ts_crash_latitude,ts_crash_longitude,type_report,urban_rural,weather_code,were_workers_present,work_zone,work_zone_related,work_zone_type
2025,2025-03-18,Tuesday,11,11:10 AM,Property Damage,No Injuries,0,0,0,0,0,2,Front to Rear,11,N,N,Failing to Reduce Speed to Avoid Crash,Following Too Closely,Daylight,Clear,Dry,N,(N/A),Eisenhower Expy,(N/A),,Other,Functioning Properly,N,2,41.8729792,-87.7990957,ok,Partial Access Control,None,03-25-06230,2025,0,28,3,50000andOVER,9,4295,Oak Park,C,(UNK),None,16,18,13023532,3,Cook,0,25,None,None,2,N,No,(UNK),202501088296,None,1,7.94999981,Y,E,43,F,(UNK),56846,(N/A),(UNK),No Defects,1,1,InterState,1,290,X003759070,Not Toll,73,13,4,Divided With Median Barrier,3,2941397.69834068,1905131.85268552,41.87297138,-87.79908991,On Scene,Urban,1,N,(N/A),Y,(N/A)
2025,2025-03-21,Friday,16,04:44 PM,Injury,C Injury Crash,1,0,0,0,1,4,Front to Rear,11,N,N,Following Too Closely,Following Too Closely,Daylight,Clear,Dry,N,(N/A),W North Ave,(N/A),7012,No Controls,No Controls,Y,3,41.9089193,-87.800542,ok,(UNK),None,JJ190186,2025,0,3,3,50000andOVER,9,4295,Oak Park,C,(UNK),None,16,21,13024775,3,Cook,1,25,None,None,5,N,No,Free Flow,202501089295,None,1,6.19000006,Y,,,,(UNK),57615,(N/A),(UNK),No Defects,1,1,Other Principal Arterial,3,307,X003760088,Not Toll,73,1,1,Divided With Median Barrier,3,2940642.4242909,1918218.21351076,41.90891144,-87.80053617,On Scene,Urban,1,N,(N/A),Y,(N/A)
2025,2025-03-16,Sunday,22,10:10 PM,Property Damage,No Injuries,0,0,0,0,0,2,Front to Rear,11,N,N,Failing to Reduce Speed to Avoid Crash,Improper Lane Usage,Darkness / Lighted Road,Clear,Dry,N,(N/A),I-290 Westbound,(N/A),,Other,Functioning Properly,N,2,41.8732975,-87.7997432,ok,Partial Access Control,None,03-25-06115,2025,0,28,20,50000andOVER,9,4295,Oak Park,C,(UNK),None,16,16,13024931,3,Cook,0,25,None,None,7,N,No,(UNK),202501089441,None,5,7.92000008,Y,E,.25,M,(UNK),57716,(N/A),(UNK),No Defects,1,1,InterState,1,290,X003760234,Not Toll,73,13,4,Divided With Median Barrier,3,2941218.13969617,1905242.96948481,41.87328965,-87.79973741,On Scene,Urban,1,N,(N/A),Y,(N/A)
2025,2025-03-20,Thursday,19,07:20 PM,Property Damage,No Injuries,0,0,0,0,0,2,Front to Rear,11,N,N,Failing to Reduce Speed to Avoid Crash,Following Too Closely,Darkness / Lighted Road,Clear,Dry,N,(N/A),Austin Blvd,(N/A),,No Controls,No Controls,N,2,41.8904633,-87.7749947,ok,(UNK),None,2501376,2025,0,28,3,50000andOVER,9,4295,Oak Park,C,(UNK),None,16,20,13025100,3,Cook,0,25,None,None,4,N,No,Stopped,202501089604,None,5,6.94999981,N,S,20,F,(UNK),57835,(N/A),(UNK),No Defects,1,1,Minor Arterial,4,2790,X003760397,Not Toll,,1,1,Not Divided,1,2947784.41403263,1911685.45100559,41.89045542,-87.77498891,On Scene,Urban,1,N,(N/A),Y,(N/A)
2025,2025-03-20,Thursday,14,02:24 PM,Property Damage,No Injuries,0,0,0,0,0,2,Front to Rear,11,N,N,Following Too Closely,Failing to Reduce Speed to Avoid Crash,Daylight,Clear,Dry,N,(N/A),Madison St,(N/A),,Traffic Signal,Functioning Properly,N,2,41.8802182,-87.8047431,ok,(UNK),None,2501372,2025,0,3,28,50000andOVER,9,4295,Oak Park,C,(UNK),None,16,20,13025102,3,Cook,0,25,None,None,4,N,No,Free Flow,202501089606,None,1,19.63999939,Y,N,200,F,(UNK),57836,(N/A),(UNK),No Defects,1,1,Other Principal Arterial,3,348,X003760399,Not Toll,73,3,4,Not Divided,1,2939786.90282439,1907727.46759651,41.88021036,-87.80473725,On Scene,Urban,1,N,(N/A),Y,(N/A)
2025,2025-03-23,Sunday,16,04:51 PM,Property Damage,No Injuries,0,0,0,0,0,3,Front to Rear,11,N,N,Following Too Closely,Driving Skills/Knowledge/Experience,Daylight,Rain,Wet,N,(N/A),Harlem,(N/A),600,No Controls,No Controls,N,2,41.8755115,-87.804582,ok,(UNK),None,25-00880,2025,0,3,15,50000andOVER,9,4295,Oak Park,C,(UNK),None,16,23,13026382,3,Cook,0,25,None,None,7,N,No,Stopped,202501090929,None,1,19.95999908,Y,,,,(UNK),58707,(N/A),(UNK),No Defects,1,2,Other Principal Arterial,3,348,X003761631,Not Toll,73,1,1,Divided With Median Barrier,3,2939877.99091199,1906013.46209749,41.87550364,-87.80457621,On Scene,Urban,2,N,(N/A),Y,(N/A)
2025,2025-03-22,Saturday,11,11:18 AM,Property Damage,No Injuries,0,0,0,0,0,2,Sideswipe Same Direction,12,N,N,Failing to Yield Right of Way,Unable to Determine,Daylight,Clear,Dry,N,(N/A),1163 S Elmwood Ave,(N/A),,No Controls,No Controls,N,2,41.8665759,-87.7852286,ok,(UNK),None,2501407,2025,0,2,18,50000andOVER,9,4295,Oak Park,C,(UNK),None,16,22,13026707,3,Cook,0,25,None,None,6,N,No,Free Flow,202501091207,None,1,0,N,S,200,F,(UNK),58917,(N/A),(UNK),No Defects,1,1,Local Road or Street,7,0,X003761908,Not Toll,73,1,1,Not Divided,1,2945239.45610113,1902902.91843891,41.86656809,-87.78522276,On Scene,Urban,1,N,(N/A),Y,(N/A)
2025,2025-02-23,Sunday,11,11:17 AM,Property Damage,No Injuries,0,0,0,0,0,3,Angle,15,N,N,Disregarding Stop Sign,Failing to Yield Right of Way,Daylight,Clear,Dry,Y,Washi,S Grove Ave,S Grove Ave/Washington Blvd,,Stop Sign,Functioning Properly,N,2,41.881568,-87.7956357,ok,(UNK),None,2500897,2025,0,23,2,50000andOVER,9,4295,Oak Park,C,(UNK),None,16,23,13027339,2,Cook,0,25,None,None,7,N,No,Free Flow,202501091772,None,1,0.47,N,,,,(UNK),59341,(N/A),(UNK),No Defects,1,1,Major Collector,5,5,X003762478,Not Toll,73,2,4,Divided - w/median (not raised),2,2942253.58710144,1908287.78396279,41.88156015,-87.7956299,On Scene,Urban,1,N,(N/A),Y,(N/A)
2025,2025-03-25,Tuesday,6,06:30 AM,Property Damage,No Injuries,0,0,0,0,0,2,Sideswipe Same Direction,12,N,N,Failing to Reduce Speed to Avoid Crash,Improper Lane Usage,Dawn,Clear,Dry,N,(N/A),I-290 Eb,(N/A),,Other,Functioning Properly,Y,2,41.8709656,-87.774654,ok,Partial Access Control,None,03-25-06862,2025,0,28,20,50000andOVER,9,4295,Oak Park,C,(UNK),None,16,25,13028403,3,Cook,0,25,None,None,2,N,No,(UNK),202501092727,None,2,9.18999958,Y,S,100,F,(UNK),60003,(N/A),(UNK),No Defects,1,1,InterState,1,290,X003763443,Not Toll,73,13,4,Divided With Median Barrier,3,2948075.33777552,1904582.72978957,41.87095778,-87.77464818,On Scene,Urban,1,N,(N/A),Y,(N/A)
2025,2025-03-21,Friday,8,08:13 AM,Property Damage,No Injuries,0,0,0,0,0,2,Angle,15,N,N,Failing to Yield Right of Way,Failing to Reduce Speed to Avoid Crash,Daylight,Clear,Dry,Y,N Hum,Lake St,Lake St/N Humphrey Ave,,Stop Sign,Functioning Properly,Y,2,41.8880782,-87.7765355,ok,(UNK),None,2501385,2025,0,2,28,50000andOVER,9,4295,Oak Park,C,(UNK),None,16,21,13029284,3,Cook,0,25,None,None,5,N,No,Slow,202501093742,None,1,1.25999999,N,,,,(UNK),60565,(N/A),(UNK),No Defects,1,1,Major Collector,5,1405,X003764238,Not Toll,73,2,4,Divided - w/median (not raised),2,2947389.07228329,1910804.59311401,41.88807036,-87.77652975,On Scene,Urban,1,N,(N/A),Y,(N/A)
2025,2025-03-21,Friday,7,07:26 AM,Property Damage,No Injuries,0,0,0,0,0,3,Turning,10,N,N,Failing to Yield Right of Way,Failing to Reduce Speed to Avoid Crash,Daylight,Clear,Dry,Y,N Hum,Chicago Ave,Chicago Ave/N Humphrey Ave,,Stop Sign,Functioning Properly,N,2,41.8946977,-87.776745,ok,(UNK),None,2501384,2025,0,2,28,50000andOVER,9,4295,Oak Park,C,(UNK),None,16,21,13029285,3,Cook,0,25,None,None,5,N,No,Slow,202501093743,None,1,4.03999996,N,,,,(UNK),60566,(N/A),(UNK),No Defects,1,1,Minor Arterial,4,1398,X003764239,Not Toll,73,2,4,Divided - w/median (not raised),2,2947264.81803606,1913215.26608029,41.89468983,-87.77673918,On Scene,Urban,1,N,(N/A),Y,(N/A)
2025,2025-03-21,Friday,13,01:31 PM,Property Damage,No Injuries,0,0,0,0,0,2,Angle,15,N,N,Disregarding Traffic Signals,Failing to Reduce Speed to Avoid Crash,Daylight,Clear,Dry,Y,Jacks,S Ridgeland Ave,Jackson Blvd/S Ridgeland Ave,,Traffic Signal,Functioning Properly,N,2,41.8762745,-87.7843632,ok,(UNK),None,2501390,2025,0,25,28,50000andOVER,9,4295,Oak Park,C,(UNK),None,16,21,13029287,3,Cook,0,25,None,None,5,N,No,Free Flow,202501093745,None,1,1.77999997,N,,,,(UNK),60568,(N/A),(UNK),No Defects,1,1,Major Collector,5,2783,X003764241,Not Toll,73,3,4,Four Way,14,2945377.04071089,1906443.80309599,41.87626668,-87.78435737,On Scene,Urban,1,N,(N/A),Y,(N/A)
2025,2025-03-21,Friday,16,04:08 PM,Property Damage,No Injuries,0,0,0,0,0,1,Parked Motor Vehicle,9,N,N,Failing to Reduce Speed to Avoid Crash,Failing to Yield Right of Way,Daylight,Clear,Dry,N,(N/A),Oak Park Ave,(N/A),,No Controls,No Controls,N,3,41.8918276,-87.7946019,ok,(UNK),None,2501394,2025,0,28,2,50000andOVER,9,4295,Oak Park,C,(UNK),None,16,21,13029289,3,Cook,0,25,None,None,5,N,No,Slow,202501093747,None,1,5.30000019,N,N,100,F,(UNK),60569,(N/A),(UNK),No Defects,1,1,Major Collector,5,2775,X003764243,Not Toll,73,1,1,Divided - w/median (not raised),2,2942431.71218655,1912034.36346727,41.89181977,-87.79459613,On Scene,Urban,1,N,(N/A),Y,(N/A)
2025,2025-03-18,Tuesday,15,03:30 PM,Property Damage,No Injuries,0,0,0,0,0,2,Front to Rear,11,N,N,Failing to Reduce Speed to Avoid Crash,Following Too Closely,Daylight,Clear,Dry,N,(N/A),S Ridgeland Ave,(N/A),,Traffic Signal,Functioning Properly,Y,2,41.8868318,-87.7846428,ok,(UNK),None,2501398,2025,0,28,3,50000andOVER,9,4295,Oak Park,C,(UNK),None,16,18,13029291,3,Cook,0,25,None,None,2,N,No,Stopped,202501093749,None,1,1.03999996,N,S,55,F,(UNK),60570,(N/A),(UNK),No Defects,1,1,Major Collector,5,2783,X003764245,Not Toll,73,3,4,Not Divided,1,2945194.0341743,1910288.94129641,41.88682391,-87.78463703,Not on Scene (Desk R,Urban,1,N,(N/A),Y,(N/A)
2025,2025-03-22,Saturday,2,02:13 AM,Property Damage,No Injuries,0,0,0,0,0,1,Parked Motor Vehicle,9,N,N,Failing to Reduce Speed to Avoid Crash,Driving Skills/Knowledge/Experience,Darkness / Lighted Road,Clear,Dry,N,(N/A),S Oak Park Ave,(N/A),1131,No Controls,No Controls,N,3,41.8677085,-87.7938464,ok,(UNK),None,2501405,2025,0,28,15,50000andOVER,9,4295,Oak Park,C,(UNK),None,16,22,13029294,3,Cook,0,25,None,None,6,N,Yes,Free Flow,202501093752,None,5,6.98999977,N,,,,(UNK),60573,(N/A),(UNK),No Defects,1,1,Major Collector,5,2775,X003764248,Not Toll,73,1,1,Divided - w/median (not raised),2,2942880.58235447,1903250.59724402,41.86770063,-87.79384056,On Scene,Urban,1,N,(N/A),Y,(N/A)
2025,2025-03-25,Tuesday,9,09:38 AM,Property Damage,No Injuries,0,0,0,0,0,2,Front to Rear,11,N,N,Physical Condition of Driver,(N/A),Daylight,Clear,Dry,N,(N/A),Harlem Ave,(N/A),615,No Controls,No Controls,N,2,41.875601,-87.8045846,ok,(UNK),None,25-00895,2025,0,17,99,50000andOVER,9,4295,Oak Park,C,(UNK),None,16,25,13029503,3,Cook,0,25,None,None,2,N,No,Free Flow,202501093945,None,1,19.95999908,Y,,,,(UNK),60700,(N/A),(UNK),No Defects,1,1,Other Principal Arterial,3,348,X003764440,Not Toll,73,1,1,Divided - w/median (not raised),2,2939876.3834233,1906046.07942664,41.8755932,-87.80457881,On Scene,Urban,1,N,(N/A),Y,(N/A)
2025,2025-03-23,Sunday,15,03:45 PM,Injury,B Injury Crash,2,0,0,2,0,2,Sideswipe Same Direction,12,N,N,Improper Lane Usage,Improper Overtaking/Passing,Daylight,Rain,Wet,N,(N/A),I-290 Eb,(N/A),,Other,Functioning Properly,Y,2,41.8709546,-87.774477,ok,Partial Access Control,None,03-25-06755,2025,0,20,4,50000andOVER,9,4295,Oak Park,C,(UNK),None,16,23,13029681,3,Cook,2,25,None,None,7,N,No,(UNK),202501094111,None,1,9.19999981,Y,W,50,F,(UNK),60818,(N/A),(UNK),No Defects,1,2,InterState,1,290,X003764607,Not Toll,73,13,4,Divided With Median Barrier,3,2948123.64780791,1904580.06078227,41.87094677,-87.77447123,On Scene,Urban,2,N,(N/A),Y,(N/A)
2025,2025-03-24,Monday,1,01:20 AM,Property Damage,No Injuries,0,0,0,0,0,4,Sideswipe Same Direction,12,N,N,Improper Lane Usage,Failing to Reduce Speed to Avoid Crash,Darkness / Lighted Road,Clear,Dry,N,(N/A),Eisenhower Expy,(N/A),,Other,Functioning Properly,Y,2,41.8723986,-87.7907967,ok,Partial Access Control,None,03-25-06784,2025,0,20,28,50000andOVER,9,4295,Oak Park,C,(UNK),None,16,24,13029686,3,Cook,0,25,None,None,1,N,No,(UNK),202501094116,None,5,8.35999966,Y,W,466,F,(UNK),60821,(N/A),(UNK),No Defects,1,1,InterState,1,290,X003764612,Not Toll,73,13,4,Divided With Median Barrier,3,2943663.95515192,1904982.75541612,41.87239076,-87.79079089,On Scene,Urban,1,N,(N/A),Y,(N/A)
2025,2025-03-14,Friday,14,02:30 PM,Property Damage,No Injuries,0,0,0,0,0,4,Front to Rear,11,N,N,Following Too Closely,Failing to Reduce Speed to Avoid Crash,Daylight,Clear,Dry,N,(N/A),I-290 W/B,(N/A),,Other,Functioning Properly,N,2,41.8713345,-87.7761283,ok,Partial Access Control,None,03-25-05872,2025,0,3,28,50000andOVER,9,4295,Oak Park,C,(UNK),None,16,14,13029744,3,Cook,0,25,None,None,5,N,No,(UNK),202501094165,None,1,9.11999989,Y,W,500,F,(UNK),60858,(N/A),(UNK),No Defects,1,1,InterState,1,290,X003764662,Not Toll,73,13,4,Divided With Median Barrier,3,2947670.01340819,1904705.95990753,41.87132665,-87.77612252,On Scene,Urban,1,N,(N/A),Y,(N/A)
2025,2025-02-21,Friday,9,09:40 AM,Property Damage,No Injuries,0,0,0,0,0,3,Fixed Object,6,N,N,(N/A),(N/A),Daylight,Clear,Dry,N,(N/A),South Blvd,(N/A),201,No Controls,No Controls,N,1,41.88703,-87.77982,ok,(UNK),None,2500878,2025,0,99,99,50000andOVER,9,4295,Oak Park,C,(UNK),None,16,21,13029805,2,Cook,0,25,GARAGE OVERHEAD,None,5,N,No,Slow,202501094225,None,1,0,N,,,,(UNK),60897,(N/A),(UNK),No Defects,1,1,Local Road or Street,7,0,X003764722,Not Toll,,1,1,Driveway,13,2946505.32936864,1910397.69739784,41.88703,-87.77982,On Scene,Urban,1,N,(N/A),Y,(N/A)
2025,2025-03-21,Friday,21,09:12 PM,Property Damage,No Injuries,0,0,0,0,0,1,Parked Motor Vehicle,9,N,N,Failing to Reduce Speed to Avoid Crash,Unable to Determine,Daylight,Clear,Dry,N,(N/A),Garfield St,(N/A),,No Controls,No Controls,Y,2,41.87046,-87.77555,ok,(UNK),None,2501400,2025,0,28,18,50000andOVER,9,4295,Oak Park,C,(UNK),None,16,21,13029861,3,Cook,0,25,None,None,5,N,No,Free Flow,202501094789,None,1,0,N,W,50,F,(UNK),60919,(N/A),(UNK),No Defects,1,1,Local Road or Street,7,0,X003764245,Not Toll,,1,1,Not Divided,1,2947836.41495687,1904391.66741937,41.87046,-87.77555,On Scene,Urban,1,N,(N/A),Y,(N/A)
2025,2025-03-22,Saturday,19,07:54 PM,Property Damage,No Injuries,0,0,0,0,0,2,Rear to Front,18,N,N,Improper Backing,(N/A),Darkness / Lighted Road,Clear,Dry,Y,Penns,Madison St,Madison St/Pennsylvania Way,,No Controls,No Controls,N,2,41.87961,-87.80151,ok,(UNK),None,2501417,2025,0,30,99,50000andOVER,9,4295,Oak Park,C,(UNK),None,16,22,13029864,3,Cook,0,25,None,None,6,N,No,Free Flow,202501094269,None,5,0,N,,,,(UNK),60920,(N/A),(UNK),No Defects,1,1,Minor Arterial,4,0,X003764766,Not Toll,,1,1,Not Divided,1,2940673.49791454,1907530.08714284,41.87961,-87.80151,On Scene,Urban,1,N,(N/A),Y,(N/A)
2025,2025-03-21,Friday,21,09:12 PM,Property Damage,No Injuries,0,0,0,0,0,1,Parked Motor Vehicle,9,N,N,Failing to Reduce Speed to Avoid Crash,Unable to Determine,Daylight,Clear,Dry,N,(N/A),Garfield St,(N/A),,No Controls,No Controls,Y,2,41.87046,-87.77555,ok,(UNK),None,2501400,2025,0,28,18,50000andOVER,9,4295,Oak Park,C,(UNK),None,16,21,13029867,3,Cook,0,25,None,None,5,N,No,Free Flow,202501094790,None,1,0,N,W,50,F,(UNK),60923,(N/A),(UNK),No Defects,1,1,Local Road or Street,7,0,X003764245,Not Toll,,1,1,Not Divided,1,2947836.41495687,1904391.66741937,41.87046,-87.77555,On Scene,Urban,1,N,(N/A),Y,(N/A)
2025,2025-03-21,Friday,19,07:45 PM,Injury,B Injury Crash,1,0,0,1,0,3,Front to Rear,11,N,N,Failing to Reduce Speed to Avoid Crash,Equipment-Vehicle Condition,Darkness / Lighted Road,Clear,Dry,N,(N/A),I-290,(N/A),,Other,Functioning Properly,N,2,41.8712704,-87.775023,ok,Partial Access Control,None,03-25-06613,2025,0,28,10,50000andOVER,9,4295,Oak Park,C,(UNK),None,16,21,13030048,3,Cook,2,25,None,None,5,N,No,(UNK),202501094435,None,5,9.17000008,Y,W,200,F,(UNK),61043,(N/A),(UNK),No Defects,1,1,InterState,1,290,X003764932,Not Toll,73,13,4,Divided With Median Barrier,3,2947971.71836007,1904690.99554367,41.87126256,-87.77501724,On Scene,Urban,1,N,(N/A),Y,(N/A)
2025,2025-03-25,Tuesday,12,12:11 PM,Property Damage,No Injuries,0,0,0,0,0,2,Angle,15,N,N,Disregarding Stop Sign,Driving Skills/Knowledge/Experience,Daylight,Clear,Dry,Y,Erie,N Ridgeland Ave,Erie St/N Ridgeland Ave,,Stop Sign,Functioning Properly,N,2,41.8917,-87.78484,ok,(UNK),None,2501451,2025,0,23,15,50000andOVER,9,4295,Oak Park,C,(UNK),None,16,25,13030601,3,Cook,0,25,None,None,2,N,No,Free Flow,202501094922,None,1,0,N,,,,(UNK),61384,(N/A),(UNK),No Defects,1,1,Major Collector,5,0,X003765418,Not Toll,,2,4,Not Divided,1,2945091.07026562,1912061.53093151,41.8917,-87.78484,On Scene,Urban,1,N,(N/A),Y,(N/A)
2025,2025-03-25,Tuesday,14,02:21 PM,Property Damage,No Injuries,0,0,0,0,0,4,Angle,15,N,N,Failing to Reduce Speed to Avoid Crash,Improper Lane Usage,Daylight,Clear,Dry,N,(N/A),S Harlem Ave,(N/A),,Traffic Signal,Functioning Properly,N,2,41.8655846,-87.8042327,ok,(UNK),None,2501457,2025,0,28,20,50000andOVER,9,4295,Oak Park,C,(UNK),None,16,25,13030620,3,Cook,0,25,None,None,2,N,No,Free Flow,202501094941,None,1,20.64999962,Y,N,200,F,(UNK),61393,(N/A),(UNK),No Defects,1,1,Other Principal Arterial,3,348,X003765436,Not Toll,73,3,4,Not Divided,1,2940072.74853536,1902398.55518269,41.86557677,-87.80422687,On Scene,Urban,1,N,(N/A),Y,(N/A)
2025,2025-03-26,Wednesday,9,09:45 AM,Property Damage,No Injuries,0,0,0,0,0,2,Angle,15,N,N,Failing to Yield Right of Way,Unable to Determine,Daylight,Clear,Dry,Y,S Hum,South Blvd,S Humphrey Ave/South Blvd,,Stop Sign,Functioning Properly,N,2,41.88702,-87.77652,ok,(UNK),None,2501468,2025,0,2,18,50000andOVER,9,4295,Oak Park,C,(UNK),None,16,26,13030625,3,Cook,0,25,None,None,3,N,No,Free Flow,202501094946,None,1,0,N,,,,(UNK),61394,(N/A),(UNK),No Defects,1,1,Local Road or Street,7,0,X003765441,Not Toll,,2,4,Four Way,14,2947404.05319187,1910419.07913718,41.88702,-87.77652,On Scene,Urban,1,N,(N/A),Y,(N/A)
2025,2025-03-21,Friday,21,09:12 PM,Property Damage,No Injuries,0,0,0,0,0,1,Parked Motor Vehicle,9,N,N,Failing to Reduce Speed to Avoid Crash,Unable to Determine,Daylight,Clear,Dry,N,(N/A),Garfield St,(N/A),,No Controls,No Controls,Y,2,41.87046,-87.77555,ok,(UNK),None,2501400,2025,0,28,18,50000andOVER,9,4295,Oak Park,C,(UNK),None,16,21,13031124,3,Cook,0,25,None,None,5,N,No,Free Flow,202501098946,None,1,0,N,W,50,F,(UNK),61722,(N/A),(UNK),No Defects,1,1,Local Road or Street,7,0,X003764245,Not Toll,,1,1,Not Divided,1,2947836.41495687,1904391.66741937,41.87046,-87.77555,On Scene,Urban,1,N,(N/A),Y,(N/A)
2025,2025-03-13,Thursday,14,02:30 PM,Property Damage,No Injuries,0,0,0,0,0,3,Front to Rear,11,N,N,Failing to Reduce Speed to Avoid Crash,Following Too Closely,Daylight,Clear,Dry,Y,To 29,Austin,Austin/To 290Wb,,Other,Functioning Properly,N,3,41.8711278,-87.7742958,ok,Partial Access Control,None,03-25-05773,2025,0,28,3,50000andOVER,9,4295,Oak Park,C,(UNK),None,16,13,13031790,3,Cook,0,25,None,None,4,N,No,(UNK),202501095884,None,1,0,Y,E,75,F,(UNK),62150,(N/A),(UNK),No Defects,1,1,InterState,1,290,X003766347,Not Toll,,13,4,Divided With Median Barrier,3,2948171.24961575,1904644.56578593,41.87112,-87.77429,On Scene,Urban,1,N,(N/A),Y,(N/A)
2025,2025-03-15,Saturday,18,06:40 PM,Property Damage,No Injuries,0,0,0,0,0,2,Front to Rear,11,N,N,Failing to Reduce Speed to Avoid Crash,Improper Lane Usage,Daylight,Clear,Dry,N,(N/A),I-290 Wb,(N/A),,Other,Functioning Properly,Y,2,41.8712407,-87.7745602,ok,Partial Access Control,None,03-25-06618,2025,0,28,20,50000andOVER,9,4295,Oak Park,C,(UNK),None,16,15,13032929,3,Cook,0,25,None,None,6,N,No,(UNK),202501096952,None,1,9.19999981,Y,W,73,F,(UNK),62910,(N/A),(UNK),No Defects,1,1,InterState,1,290,X003767415,Not Toll,73,13,4,Divided With Median Barrier,3,2948098.09709379,1904683.67503302,41.87123283,-87.77455436,Not on Scene (Desk R,Urban,1,N,(N/A),Y,(N/A)
2025,2025-03-29,Saturday,14,02:18 PM,Property Damage,No Injuries,0,0,0,0,0,2,Front to Rear,11,N,N,Following Too Closely,Failing to Reduce Speed to Avoid Crash,Daylight,Clear,Dry,N,(N/A),I-290,(N/A),,Other,Functioning Properly,N,2,41.8734215,-87.8008827,ok,Partial Access Control,None,03-25-07191,2025,0,3,28,50000andOVER,9,4295,Oak Park,C,(UNK),None,16,29,13033166,3,Cook,0,25,None,None,6,N,No,(UNK),202501097179,None,1,7.86999989,Y,E,1000,F,(UNK),63069,(N/A),(UNK),No Defects,1,1,InterState,1,290,X003767642,Not Toll,73,13,4,Divided With Median Barrier,3,2940906.53763178,1905279.5813324,41.87341361,-87.80087688,On Scene,Urban,1,N,(N/A),Y,(N/A)
2025,2025-03-29,Saturday,12,12:35 PM,Property Damage,No Injuries,0,0,0,0,0,4,Front to Rear,11,N,N,Failing to Reduce Speed to Avoid Crash,Following Too Closely,Daylight,Clear,Dry,N,(N/A),I-290 Wb,(N/A),,Other,Functioning Properly,N,2,41.8712353,-87.7744757,ok,Partial Access Control,None,03-25-07181,2025,0,28,3,50000andOVER,9,4295,Oak Park,C,(UNK),None,16,29,13034269,3,Cook,0,25,None,None,6,N,No,(UNK),202501098223,None,1,9.19999981,Y,W,0,F,(UNK),63821,(N/A),(UNK),No Defects,1,1,InterState,1,290,X003768693,Not Toll,73,13,4,Divided With Median Barrier,3,2948121.14884136,1904682.34670232,41.87122742,-87.77446993,On Scene,Urban,1,N,(N/A),Y,(N/A)
2025,2025-03-31,Monday,16,04:58 PM,Property Damage,No Injuries,0,0,0,0,0,2,Front to Rear,11,N,N,Following Too Closely,Failing to Reduce Speed to Avoid Crash,Daylight,Clear,Dry,N,(N/A),I-290 Wb,(N/A),,Other,Functioning Properly,N,2,41.8736905,-87.8034319,ok,Partial Access Control,None,03-25-07355,2025,0,3,28,50000andOVER,9,4295,Oak Park,C,(UNK),None,16,31,13035334,3,Cook,0,25,None,None,1,N,No,(UNK),202501099205,None,1,7.75,Y,E,300,F,(UNK),64520,(N/A),(UNK),No Defects,1,1,InterState,1,290,X003769633,Not Toll,73,13,4,Divided With Median Barrier,3,2940209.5,1905358.5,41.87368269,-87.80342615,On Scene,Urban,1,N,(N/A),Y,(N/A)
2025,2025-03-28,Friday,17,05:30 PM,Property Damage,No Injuries,0,0,0,0,0,3,Front to Rear,11,N,N,Following Too Closely,Failing to Reduce Speed to Avoid Crash,Daylight,Clear,Dry,N,(N/A),Roosevelt Rd,(N/A),,Traffic Signal,Functioning Properly,N,2,41.8651938,-87.7921467,ok,(UNK),None,2501500,2025,0,3,28,50000andOVER,9,4295,Oak Park,C,(UNK),None,16,28,13035568,3,Cook,0,25,None,None,5,N,No,Stopped,202501099418,None,1,6.61999989,Y,E,100,F,(UNK),64685,(N/A),(UNK),No Defects,1,1,Other Principal Arterial,3,347,X003769852,Not Toll,52,3,4,Two-way Continuous Left-Turn Lane,4,2943368.92638764,1902347.03259152,41.865186,-87.79214086,On Scene,Urban,1,N,(N/A),Y,(N/A)