crash_year,crash_date,day_of_week,crash_hour,time_of_crash,crash_severity,crash_injury_severity,total_injured,total_fatals,a_injuries,b_injuries,c_injuries,no_injuries,type_of_first_crash,collision_type_code,pedestrian_involved,pedalcyclist_involved,cause1,cause2,lighting_cond,weather_cond,road_surface_cond,intersection_related,is_intersection,highway_or_street_name,at_intersection_with,address_no,traffic_control_device,traffic_control_device_cond,hit_and_run,number_of_vehicles,latitude,longitude,location_status,access_control,agency_code,agency_report_number,agency_report_year,alignment_code,cause1_code,cause2_code,city_class,city_class_code,city_code,city_name,city_township_flag,class_of_trafficway,class_of_trafficway_code,county_code,crash_day,crash_id,crash_month,crash_report_county,crash_severity_cd,crash_yr_source,damaged_property1,damaged_property2,day_of_week_code,did_crash_occur_in_work_zone,did_involve_secondary_crash,flow_condition,icn,investigating_agency_descrip,light_condition_code,mile_station,nhs,non_intersection_direction,non_intersection_distance,non_intersection_units,number_of_lanes,objectid,railroad_crossing_number,road_alignment,road_defects,road_defects_code,road_surface_condition_code,roadway_functional_class,roadway_functional_class_code,route_number,sfe,toll,township,traffic_control_device_code,traffic_control_device_cond_code,trafficway_descrip,trafficway_description_code,ts_crash_coordinate_x,ts_crash_coordinate_y,ts_crash_latitude,ts_crash_longitude,type_report,urban_rural,weather_code,were_workers_present,work_zone,work_zone_related,work_zone_type
2025,2025-03-28,Friday,22,10:21 PM,Injury,B Injury Crash,2,0,0,1,1,2,Angle,15,N,N,Disregarding Traffic Signals,(N/A),Darkness,Clear,Dry,Y,S Rid,Madison St,Madison St/S Ridgeland Ave,,Traffic Signal,Functioning Properly,N,2,41.8800073,-87.7844422,ok,(UNK),None,2501507,2025,0,25,99,50000andOVER,9,4295,Oak Park,C,(UNK),None,16,28,13035569,3,Cook,2,25,None,None,5,N,No,Free Flow,202501099420,None,4,4.11000013,N,,,,(UNK),64686,(N/A),(UNK),No Defects,1,1,Minor Arterial,4,1419,X003769853,Not Toll,73,3,4,Four Way,14,2945317.74765959,1907803.51467017,41.8799995,-87.78443637,On Scene,Urban,1,N,(N/A),Y,(N/A)
2025,2025-03-15,Saturday,1,01:19 AM,Property Damage,No Injuries,0,0,0,0,0,1,Sideswipe Opposite Direction,13,N,N,Driving Skills/Knowledge/Experience,(N/A),Darkness,Rain,Wet,N,(N/A),S Grove Ave,(N/A),1176,No Controls,No Controls,N,2,41.8661709,-87.7950904,ok,(UNK),None,2501292,2025,0,15,99,50000andOVER,9,4295,Oak Park,C,(UNK),None,16,15,13035571,3,Cook,0,25,None,None,6,N,No,Free Flow,202501099422,None,4,0,N,,,,(UNK),64687,(N/A),(UNK),No Defects,1,2,Local Road or Street,7,0,X003769855,Not Toll,73,1,1,Not Divided,1,2942557.19485973,1902680.898112,41.86616302,-87.79508463,On Scene,Urban,2,N,(N/A),Y,(N/A)
2025,2025-03-30,Sunday,2,02:45 AM,Injury,B Injury Crash,1,0,0,1,0,0,Parked Motor Vehicle,9,N,N,Failing to Reduce Speed to Avoid Crash,Failing to Reduce Speed to Avoid Crash,Darkness / Lighted Road,Clear,Wet,N,(N/A),N Austin Blvd,(N/A),,No Controls,No Controls,N,3,41.9020078,-87.7753567,ok,(UNK),None,2501527,2025,0,28,28,50000andOVER,9,4295,Oak Park,C,(UNK),None,16,30,13035572,3,Cook,2,25,None,None,7,N,Yes,Free Flow,202501099423,None,5,6.05999994,N,,,,(UNK),64688,(N/A),(UNK),No Defects,1,2,Minor Arterial,4,2790,X003769856,Not Toll,,1,1,Not Divided,1,2947568.52610275,1915889.76965712,41.90199998,-87.77535089,On Scene,Urban,1,N,(N/A),Y,(N/A)
2025,2025-03-30,Sunday,16,04:05 PM,Property Damage,No Injuries,0,0,0,0,0,3,Front to Rear,11,N,N,Following Too Closely,Failing to Reduce Speed to Avoid Crash,Daylight,Cloudy/Overcast,Wet,N,(N/A),Forest Ave,(N/A),,Traffic Signal,Functioning Properly,N,2,41.8886778,-87.800081,ok,(UNK),None,2501535,2025,0,3,28,50000andOVER,9,4295,Oak Park,C,(UNK),None,16,30,13035573,3,Cook,0,25,None,None,7,N,No,Stopped,202501099424,None,1,0.01,N,E,25,F,(UNK),64689,(N/A),(UNK),No Defects,1,2,Major Collector,5,1405,X003769857,Not Toll,73,3,4,Two-way Continuous Left-Turn Lane,4,2940971.48734444,1910845.31003162,41.88867,-87.80007523,On Scene,Urban,8,N,(N/A),Y,(N/A)
2025,2025-03-29,Saturday,15,03:33 PM,Property Damage,No Injuries,0,0,0,0,0,2,Front to Rear,11,N,N,Following Too Closely,Driving Skills/Knowledge/Experience,Daylight,Clear,Dry,Y,Washi,N Harlem Ave,N Harlem Ave/Washington St,,Traffic Signal,Functioning Properly,N,2,41.8813878,-87.8047858,ok,(UNK),None,2501522,2025,0,3,15,50000andOVER,9,4295,Oak Park,C,(UNK),None,16,29,13035576,3,Cook,0,25,None,None,6,N,No,Stopped,202501099427,None,1,19.55999947,Y,,,,(UNK),64690,(N/A),(UNK),No Defects,1,1,Other Principal Arterial,3,348,X003769860,Not Toll,73,3,4,Not Divided,1,2939763.52364909,1908153.38389951,41.88138,-87.80478,On Scene,Urban,1,N,(N/A),Y,(N/A)
2025,2025-03-29,Saturday,17,05:33 PM,Property Damage,No Injuries,0,0,0,0,0,1,Parked Motor Vehicle,9,N,N,Failing to Reduce Speed to Avoid Crash,Driving Skills/Knowledge/Experience,Daylight,Clear,Dry,N,(N/A),N Maple Ave,(N/A),,No Controls,No Controls,N,2,41.888612,-87.8037264,ok,(UNK),None,2501525,2025,0,28,15,50000andOVER,9,4295,Oak Park,C,(UNK),None,16,29,13035577,3,Cook,0,25,None,None,6,N,No,Free Flow,202501099428,None,1,0,N,S,15,F,(UNK),64691,(N/A),(UNK),No Defects,1,1,Major Collector,5,0,X003769861,Not Toll,73,1,1,Divided - w/median (not raised),2,2939979.51257169,1910793.95784639,41.88860419,-87.80372057,On Scene,Urban,1,N,(N/A),Y,(N/A)
2025,2025-03-31,Monday,14,02:26 PM,Property Damage,No Injuries,0,0,0,0,0,4,Turning,10,N,N,Failing to Yield Right of Way,Unable to Determine,Daylight,Clear,Dry,Y,Monro,S Harlem Ave,Monroe St/S Harlem Ave,,Stop Sign,Functioning Properly,N,2,41.8781752,-87.8046655,ok,(UNK),None,2501546,2025,0,2,18,50000andOVER,9,4295,Oak Park,C,(UNK),None,16,31,13035914,3,Cook,0,25,None,None,1,N,No,Slow,202501099717,None,1,19.78000069,Y,,,,(UNK),64882,(N/A),(UNK),No Defects,1,1,Other Principal Arterial,3,348,X003770127,Not Toll,73,2,4,T-Intersection,15,2939828.53433033,1906983.54936541,41.87816738,-87.80465966,On Scene,Urban,1,N,(N/A),Y,(N/A)
2025,2025-03-04,Tuesday,10,10:05 AM,Property Damage,No Injuries,0,0,0,0,0,5,Front to Rear,11,N,N,Failing to Reduce Speed to Avoid Crash,Unable to Determine,Daylight,Cloudy/Overcast,Wet,N,(N/A),900 S Oak Park Ave,(N/A),,No Controls,No Controls,N,3,41.8717947,-87.7939785,ok,(UNK),None,2501068,2025,0,28,18,50000andOVER,9,4295,Oak Park,C,(UNK),None,16,4,13035990,3,Cook,0,25,None,None,2,N,Yes,Stopped,202501099787,None,1,6.69999981,N,S,75,F,(UNK),64926,(N/A),(UNK),No Defects,1,2,Major Collector,5,2775,X003770194,Not Toll,73,1,1,Divided - w/median (not raised),2,2942803.40897783,1904738.69052739,41.87178684,-87.79397269,On Scene,Urban,8,N,(N/A),Y,(N/A)
2025,2025-03-31,Monday,19,07:24 PM,Property Damage,No Injuries,0,0,0,0,0,2,Turning,10,N,N,Improper Turning/No Signal,(N/A),Darkness / Lighted Road,Clear,Dry,Y,I290,S Harlem Ave,I290 Ramp W/S Harlem Ave,,No Controls,No Controls,N,2,41.873641,-87.8045207,ok,Partial Access Control,None,2501557,2025,0,6,99,50000andOVER,9,4295,Oak Park,C,(UNK),None,16,31,13037296,3,Cook,0,25,None,None,1,N,No,Free Flow,202501101081,None,5,20.11000061,Y,,,,(UNK),65797,(N/A),(UNK),No Defects,1,1,InterState,1,348,X003771364,Not Toll,73,1,1,Not Divided,1,2939913.47059546,1905332.2809176,41.87363315,-87.80451485,On Scene,Urban,1,N,(N/A),Y,(N/A)
2025,2025-04-01,Tuesday,8,08:02 AM,Property Damage,No Injuries,0,0,0,0,0,2,Angle,15,N,N,Failing to Yield Right of Way,Failing to Reduce Speed to Avoid Crash,Daylight,Clear,Dry,Y,Ontar,N Ridgeland Ave,N Ridgeland Ave/Ontario St,,Stop Sign,Functioning Properly,N,2,41.89034,-87.7848,ok,(UNK),None,2501563,2025,0,2,28,50000andOVER,9,4295,Oak Park,C,(UNK),None,16,1,13037300,4,Cook,0,25,None,None,2,N,No,Slow,202501101085,None,1,0,N,,,,(UNK),65798,(N/A),(UNK),No Defects,1,1,Major Collector,5,0,X003771368,Not Toll,,2,4,Not Divided,1,2945115.72692072,1911566.22342962,41.89034,-87.7848,On Scene,Urban,1,N,(N/A),Y,(N/A)
2025,2025-04-01,Tuesday,8,08:01 AM,Property Damage,No Injuries,0,0,0,0,0,3,Turning,10,N,N,Improper Overtaking/Passing,Failing to Reduce Speed to Avoid Crash,Daylight,Clear,Dry,Y,Madis,S Grove Ave,Madison St/S Grove Ave,,No Controls,No Controls,N,3,41.87974,-87.79555,ok,(UNK),None,2501564,2025,0,4,28,50000andOVER,9,4295,Oak Park,C,(UNK),None,16,1,13037307,4,Cook,0,25,None,None,2,N,Yes,Free Flow,202501101092,None,1,3.52999997,N,,,,(UNK),65804,(N/A),(UNK),No Defects,1,1,Minor Arterial,4,1419,X003771375,Not Toll,,1,1,Divided - w/median (not raised),2,2942295.3401609,1907622.27278559,41.87974,-87.79555,Not on Scene (Desk R,Urban,1,N,(N/A),Y,(N/A)
2025,2025-04-01,Tuesday,11,11:15 AM,Property Damage,No Injuries,0,0,0,0,0,4,Turning,10,N,N,Failing to Reduce Speed to Avoid Crash,Failing to Yield Right of Way,Daylight,Clear,Dry,N,(N/A),Madison St,(N/A),,No Controls,No Controls,N,2,41.87989,-87.78446,ok,(UNK),None,2501565,2025,0,28,2,50000andOVER,9,4295,Oak Park,C,(UNK),None,16,1,13037308,4,Cook,0,25,None,None,2,N,No,Slow,202501101093,None,1,0,N,S,100,F,(UNK),65805,(N/A),(UNK),No Defects,1,1,Minor Arterial,4,0,X003771376,Not Toll,,1,1,Divided - w/median (not raised),2,2945314.07860895,1907760.61823074,41.87989,-87.78446,On Scene,Urban,1,N,(N/A),Y,(N/A)
2025,2025-04-01,Tuesday,19,07:03 PM,Property Damage,No Injuries,0,0,0,0,0,2,Sideswipe Same Direction,12,N,N,Failing to Reduce Speed to Avoid Crash,Following Too Closely,Daylight,Clear,Dry,Y,Washi,S Oak Park Ave,S Oak Park Ave/Washington Blvd,,Traffic Signal,Functioning Properly,N,2,41.88155,-87.79427,ok,(UNK),None,2501574,2025,0,28,3,50000andOVER,9,4295,Oak Park,C,(UNK),None,16,1,13037312,4,Cook,0,25,None,None,2,N,No,Free Flow,202501101096,None,1,0,N,,,,(UNK),65806,(N/A),(UNK),No Defects,1,1,Major Collector,5,0,X003771380,Not Toll,,3,4,Not Divided,1,2942625.69287431,1908291.50854355,41.88155,-87.79427,Not on Scene (Desk R,Urban,1,N,(N/A),Y,(N/A)
2025,2025-04-02,Wednesday,9,09:13 AM,Property Damage,No Injuries,0,0,0,0,0,2,Angle,15,N,N,Unable to Determine,Unable to Determine,Daylight,Rain,Wet,Y,Augus,N Grove Ave,Augusta St/N Grove Ave,,Stop Sign,Functioning Properly,N,2,41.8980366,-87.7962465,ok,(UNK),None,2501581,2025,0,18,18,50000andOVER,9,4295,Oak Park,C,(UNK),None,16,2,13037854,4,Cook,0,25,None,None,3,N,No,Free Flow,202501101592,None,1,0,N,,,,(UNK),66182,(N/A),(UNK),No Defects,1,2,Local Road or Street,7,0,X003771883,Not Toll,73,2,4,Four Way,14,2941921.3544774,1914284.64037235,41.89802872,-87.79624075,On Scene,Urban,2,N,(N/A),Y,(N/A)
2025,2025-03-28,Friday,18,06:15 PM,Property Damage,No Injuries,0,0,0,0,0,2,Turning,10,N,N,Driving Skills/Knowledge/Experience,(N/A),Daylight,Clear,Dry,Y,Jacks,Harlem Ave,Harlem Ave/Jackson Blvd,,Traffic Signal,Functioning Properly,N,2,41.8759848,-87.8045978,ok,(UNK),None,25-00942,2025,0,15,99,50000andOVER,9,4295,Oak Park,C,(UNK),None,16,28,13038864,3,Cook,0,25,None,None,5,N,No,Free Flow,202501102192,None,1,19.93000031,Y,,,,(UNK),66658,(N/A),(UNK),No Defects,1,1,Other Principal Arterial,3,348,X003772476,Not Toll,73,3,4,Divided - w/median (not raised),2,2939868.95208013,1906185.82991756,41.87597696,-87.80459196,On Scene,Urban,1,N,(N/A),Y,(N/A)
2025,2025-04-01,Tuesday,19,07:01 PM,Property Damage,No Injuries,0,0,0,0,0,2,Front to Rear,11,N,N,Following Too Closely,Failing to Reduce Speed to Avoid Crash,Darkness / Lighted Road,Clear,Dry,N,(N/A),Harlem,(N/A),315,No Controls,No Controls,N,2,41.8810424,-87.8047699,ok,(UNK),None,25-00992,2025,0,3,28,50000andOVER,9,4295,Oak Park,C,(UNK),None,16,1,13039159,4,Cook,0,25,None,None,2,N,No,Free Flow,202501102463,None,5,19.57999992,Y,,,,(UNK),66866,(N/A),(UNK),No Defects,1,1,Other Principal Arterial,3,348,X003772749,Not Toll,73,1,1,Divided - w/median (not raised),2,2939771.32930112,1908027.61240848,41.88103454,-87.80476407,On Scene,Urban,1,N,(N/A),Y,(N/A)
2025,2025-04-03,Thursday,11,11:44 AM,Property Damage,No Injuries,0,0,0,0,0,3,Front to Rear,11,N,N,Following Too Closely,Distraction - From Inside Vehicle,Daylight,Clear,Dry,N,(N/A),Harlem Ave,(N/A),161,Traffic Signal,Functioning Properly,N,2,41.8836604,-87.8048636,ok,(UNK),None,25-01012,2025,0,3,41,50000andOVER,9,4295,Oak Park,C,(UNK),None,16,3,13039162,4,Cook,0,25,None,None,4,N,No,Free Flow,202501102466,None,1,19.39999962,Y,,,,(UNK),66867,(N/A),(UNK),No Defects,1,1,Other Principal Arterial,3,348,X003772752,Not Toll,73,3,4,Divided - w/median (not raised),2,2939719.53761716,1908980.9471765,41.88365252,-87.80485778,Not on Scene (Desk R,Urban,1,N,(N/A),Y,(N/A)
2025,2025-04-03,Thursday,15,03:28 PM,Property Damage,No Injuries,0,0,0,0,0,2,Angle,15,N,N,Improper Overtaking/Passing,Failing to Reduce Speed to Avoid Crash,Daylight,Cloudy/Overcast,Dry,N,(N/A),S Euclid Ave,(N/A),,No Controls,No Controls,Y,2,41.865189,-87.792514,ok,(UNK),None,2501603,2025,0,4,28,50000andOVER,9,4295,Oak Park,C,(UNK),None,16,3,13039395,4,Cook,0,25,None,None,4,N,No,Stopped,202501102684,None,1,6.5999999,Y,E,80,F,(UNK),67029,(N/A),(UNK),No Defects,1,1,Other Principal Arterial,3,347,X003772974,Not Toll,52,1,1,Two-way Continuous Left-Turn Lane,4,2943268.9047407,1902342.49431821,41.86518115,-87.79250823,On Scene,Urban,8,N,(N/A),Y,(N/A)
2025,2025-04-03,Thursday,17,05:06 PM,Property Damage,No Injuries,0,0,0,0,0,2,Front to Rear,11,N,N,Failing to Reduce Speed to Avoid Crash,(N/A),Daylight,Clear,Dry,N,(N/A),N Kenilworth Ave,(N/A),,Stop Sign,Functioning Properly,N,2,41.90163,-87.79794,ok,(UNK),None,2501607,2025,0,28,99,50000andOVER,9,4295,Oak Park,C,(UNK),None,16,3,13039683,4,Cook,0,25,None,None,4,N,No,Stopped,202501102953,None,1,0,N,E,15,F,(UNK),67205,(N/A),(UNK),No Defects,1,1,Major Collector,5,0,X003773234,Not Toll,,2,4,Not Divided,1,2941424.11516124,1915581.41547871,41.90163,-87.79794,Not on Scene (Desk R,Urban,1,N,(N/A),Y,(N/A)
2025,2025-03-26,Wednesday,15,03:38 PM,Property Damage,No Injuries,0,0,0,0,0,2,Front to Rear,11,N,N,Following Too Closely,Failing to Reduce Speed to Avoid Crash,Daylight,Clear,Dry,N,(N/A),I-290,(N/A),,Other,Functioning Properly,N,2,41.8712621,-87.7749096,ok,Partial Access Control,None,03-25-06966,2025,0,3,28,50000andOVER,9,4295,Oak Park,C,(UNK),None,16,26,13039781,3,Cook,0,25,None,None,3,N,No,(UNK),202501103044,None,1,9.18000031,Y,W,169,F,(UNK),67281,(N/A),(UNK),No Defects,1,1,InterState,1,290,X003773325,Not Toll,73,13,4,Divided With Median Barrier,3,2948002.70677362,1904688.81907308,41.87125423,-87.77490378,On Scene,Urban,1,N,(N/A),Y,(N/A)
2025,2025-04-01,Tuesday,12,12:00 PM,Property Damage,No Injuries,0,0,0,0,0,2,Turning,10,N,N,Failing to Yield Right of Way,Failing to Reduce Speed to Avoid Crash,Daylight,Clear,Dry,N,(N/A),N Harlem Ave,(N/A),21,No Controls,No Controls,Y,2,41.8803864,-87.8047453,ok,(UNK),None,2501570,2025,0,2,28,50000andOVER,9,4295,Oak Park,C,(UNK),None,16,1,13040037,4,Cook,0,25,None,None,2,N,No,Free Flow,202501103277,None,1,19.62999916,Y,,,,(UNK),67436,(N/A),(UNK),No Defects,1,1,Other Principal Arterial,3,348,X003773559,Not Toll,73,1,1,Not Divided,1,2939784.61184275,1907788.73950033,41.88037854,-87.80473947,Not on Scene (Desk R,Urban,1,N,(N/A),Y,(N/A)
2025,2025-04-03,Thursday,4,04:55 AM,Property Damage,No Injuries,0,0,0,0,0,3,Sideswipe Same Direction,12,N,N,Failing to Reduce Speed to Avoid Crash,Improper Lane Usage,Darkness / Lighted Road,Clear,Dry,N,(N/A),I-290,(N/A),,Other,Functioning Properly,N,3,41.8718885,-87.7835235,ok,Partial Access Control,None,03-25-07568,2025,0,28,20,50000andOVER,9,4295,Oak Park,C,(UNK),None,16,3,13041151,4,Cook,0,25,None,None,4,N,No,(UNK),202501104314,None,5,8.73999977,Y,E,184,F,(UNK),68208,(N/A),(UNK),No Defects,1,1,InterState,1,290,X003774607,Not Toll,73,13,4,Divided With Median Barrier,3,2945650.13101604,1904851.8083779,41.87188065,-87.7835177,On Scene,Urban,1,N,(N/A),Y,(N/A)
2025,2025-04-05,Saturday,18,06:19 PM,Property Damage,No Injuries,0,0,0,0,0,3,Turning,10,N,N,Improper Turning/No Signal,Driving Skills/Knowledge/Experience,Daylight,Clear,Dry,Y,Fillm,Harlem Ave,Fillmore/Harlem Ave,,Stop Sign,Functioning Properly,Y,2,41.8668772,-87.8042754,ok,(UNK),None,25-01038,2025,0,6,15,50000andOVER,9,4295,Oak Park,C,(UNK),None,16,5,13041157,4,Cook,0,25,None,None,6,N,No,Stopped,202501104320,None,1,20.55999947,Y,,,,(UNK),68212,(N/A),(UNK),No Defects,1,1,Other Principal Arterial,3,348,X003774613,Not Toll,73,2,4,Divided - w/median (not raised),2,2940048.13043231,1902869.29021652,41.8668694,-87.80426963,Not on Scene (Desk R,Urban,1,N,(N/A),Y,(N/A)
2025,2025-04-04,Friday,16,04:37 PM,Property Damage,No Injuries,0,0,0,0,0,1,Parked Motor Vehicle,9,N,N,Failing to Reduce Speed to Avoid Crash,Unable to Determine,Daylight,Rain,Wet,N,(N/A),Harrison St,(N/A),512,No Controls,No Controls,Y,2,41.8725811,-87.7873348,ok,(UNK),None,2501621,2025,0,28,18,50000andOVER,9,4295,Oak Park,C,(UNK),None,16,4,13041233,4,Cook,0,25,None,None,5,N,No,Free Flow,202501104388,None,1,0.07,N,,,,(UNK),68271,(N/A),(UNK),No Defects,1,2,Local Road or Street,7,290,X003774682,Not Toll,73,1,1,Not Divided,1,2944605.04178281,1905075.40496434,41.87257329,-87.78732897,On Scene,Urban,2,N,(N/A),Y,(N/A)
2025,2025-04-02,Wednesday,15,03:20 PM,Property Damage,No Injuries,0,0,0,0,0,2,Front to Rear,11,N,N,Failing to Reduce Speed to Avoid Crash,Following Too Closely,Daylight,Clear,Dry,N,(N/A),Austin,(N/A),,Other,Functioning Properly,N,2,41.871145,-87.7746641,ok,Partial Access Control,None,03-25-07525,2025,0,28,3,50000andOVER,9,4295,Oak Park,C,(UNK),None,16,2,13041554,4,Cook,0,25,None,None,3,N,No,(UNK),202501104693,None,1,0,Y,E,100,F,(UNK),68511,(N/A),(UNK),No Defects,1,1,InterState,1,0,X003774988,Not Toll,73,13,4,Divided With Median Barrier,3,2948070.75898784,1904648.01149361,41.87113713,-87.7746583,On Scene,Urban,1,N,(N/A),Y,(N/A)
2025,2025-04-05,Saturday,13,01:48 PM,Property Damage,No Injuries,0,0,0,0,0,3,Angle,15,N,N,Failing to Yield Right of Way,Failing to Reduce Speed to Avoid Crash,Daylight,Cloudy/Overcast,Dry,Y,Washi,S Grove Ave,S Grove Ave/Washington Blvd,,Stop Sign,Functioning Properly,N,2,41.88158,-87.79562,ok,(UNK),None,2501631,2025,0,2,28,50000andOVER,9,4295,Oak Park,C,(UNK),None,16,5,13043147,4,Cook,0,25,None,None,6,N,No,Free Flow,202501105916,None,1,0.47,N,,,,(UNK),69563,(N/A),(UNK),No Defects,1,1,Major Collector,5,5,X003776209,Not Toll,,2,4,Four Way,14,2942257.74148716,1908292.27542568,41.88158,-87.79562,On Scene,Urban,8,N,(N/A),Y,(N/A)
2025,2025-04-05,Saturday,14,02:48 PM,Property Damage,No Injuries,0,0,0,0,0,1,Parked Motor Vehicle,9,N,N,Failing to Yield Right of Way,Failing to Reduce Speed to Avoid Crash,Daylight,Cloudy/Overcast,Unknown,N,(N/A),Chicago Ave,(N/A),,No Controls,No Controls,N,2,41.8942278,-87.8051311,ok,(UNK),None,2501634,2025,0,2,28,50000andOVER,9,4295,Oak Park,C,(UNK),None,16,5,13043149,4,Cook,0,25,None,None,6,N,No,Slow,202501105918,None,1,2.55999994,N,S,25,F,(UNK),69564,(N/A),(UNK),Unknown,99,9,Minor Arterial,4,1398,X003776211,Not Toll,73,1,1,Parking Lot,7,2939540.64528598,1912829.9275723,41.89422,-87.80512531,Not on Scene (Desk R,Urban,8,N,(N/A),N,(N/A)
2025,2025-04-07,Monday,8,08:34 AM,Property Damage,No Injuries,0,0,0,0,0,1,Parked Motor Vehicle,9,N,N,Improper Backing,Unable to Determine,Daylight,Clear,Dry,N,(N/A),Lombard Ave,(N/A),,No Controls,No Controls,Y,2,41.89827,-87.78016,ok,(UNK),None,2501662,2025,0,30,18,50000andOVER,9,4295,Oak Park,C,(UNK),None,16,7,13043188,4,Cook,0,25,None,None,1,N,No,Slow,202501105950,None,1,0,N,N,200,F,(UNK),69584,(N/A),(UNK),No Defects,1,1,Local Road or Street,7,0,X003776239,Not Toll,,1,1,Not Divided,1,2946298.75428704,1914491.19434712,41.89827,-87.78016,On Scene,Urban,1,N,(N/A),Y,(N/A)
2025,2025-04-07,Monday,11,11:13 AM,Property Damage,No Injuries,0,0,0,0,0,2,Front to Rear,11,N,N,Failing to Reduce Speed to Avoid Crash,Following Too Closely,Daylight,Clear,Dry,N,(N/A),N Harlem Ave,(N/A),,Traffic Signal,Functioning Properly,N,2,41.8885144,-87.8050235,ok,(UNK),None,2501665,2025,0,28,3,50000andOVER,9,4295,Oak Park,C,(UNK),None,16,7,13043189,4,Cook,0,25,None,None,1,N,No,Free Flow,202501105951,None,1,19.05999947,Y,S,20,F,(UNK),69585,(N/A),(UNK),No Defects,1,1,Other Principal Arterial,3,348,X003776240,Not Toll,73,3,4,Divided - w/median (not raised),2,2939627.26902217,1910748.66381575,41.8885066,-87.80501774,On Scene,Urban,1,N,(N/A),Y,(N/A)
2025,2025-04-07,Monday,8,08:00 AM,Injury,B Injury Crash,1,0,0,1,0,4,Front to Rear,11,N,N,Failing to Reduce Speed to Avoid Crash,Following Too Closely,Daylight,Clear,Dry,N,(N/A),I-290 Eisenhower W/B,(N/A),,Other Regualtory Sig,Functioning Properly,N,5,41.8712477,-87.7746576,ok,Partial Access Control,None,03-25-07896,2025,0,28,3,50000andOVER,9,4295,Oak Park,C,(UNK),None,16,7,13043889,4,Cook,2,25,None,None,1,N,No,(UNK),202501106568,None,1,9.18999958,Y,W,100,F,(UNK),70029,(N/A),(UNK),No Defects,1,1,InterState,1,290,X003776872,Not Toll,73,10,4,Divided With Median Barrier,3,2948071.48588807,1904685.51283723,41.8712399,-87.7746518,On Scene,Urban,1,N,(N/A),Y,(N/A)
2025,2025-04-01,Tuesday,8,08:20 AM,Property Damage,No Injuries,0,0,0,0,0,2,Front to Rear,11,N,N,Failing to Reduce Speed to Avoid Crash,Improper Overtaking/Passing,Daylight,Clear,Dry,N,(N/A),I-290 Eb,(N/A),,Other,Functioning Properly,N,2,41.8734129,-87.8035437,ok,Partial Access Control,None,03-25-07385,2025,0,28,4,50000andOVER,9,4295,Oak Park,C,(UNK),None,16,1,13043942,4,Cook,0,25,None,None,2,N,No,(UNK),202501106620,None,1,7.75,Y,E,270,F,(UNK),70068,(N/A),(UNK),No Defects,1,1,InterState,1,290,X003776923,Not Toll,73,13,4,Divided With Median Barrier,3,2940181.85599719,1905256.47287415,41.87340501,-87.80353788,On Scene,Urban,1,N,(N/A),Y,(N/A)
2025,2025-04-07,Monday,11,11:05 AM,Property Damage,No Injuries,0,0,0,0,0,1,Parked Motor Vehicle,9,N,N,Improper Backing,Unable to Determine,Daylight,Cloudy/Overcast,Other,N,(N/A),Washington Blvd,(N/A),,No Controls,No Controls,N,2,41.88204,-87.77636,ok,(UNK),None,2501666,2025,0,30,18,50000andOVER,9,4295,Oak Park,C,(UNK),None,16,7,13044055,4,Cook,0,25,None,None,1,N,No,Free Flow,202501106726,None,1,0,N,S,125,F,(UNK),70139,(N/A),(UNK),No Defects,1,6,Major Collector,5,0,X003777024,Not Toll,,1,1,Not Divided,1,2947498.19960866,1908605.48664826,41.88204,-87.77636,On Scene,Urban,8,N,(N/A),Y,(N/A)
2025,2025-04-07,Monday,15,03:40 PM,Property Damage,No Injuries,0,0,0,0,0,2,Turning,10,N,N,Failing to Yield Right of Way,Unable to Determine,Daylight,Cloudy/Overcast,Dry,N,(N/A),N Euclid Ave,(N/A),521,No Controls,No Controls,N,2,41.89517,-87.79292,ok,(UNK),None,2501674,2025,0,2,18,50000andOVER,9,4295,Oak Park,C,(UNK),None,16,7,13044061,4,Cook,0,25,None,None,1,N,No,Free Flow,202501106732,None,1,0,N,,,,(UNK),70142,(N/A),(UNK),No Defects,1,1,(UNK),0,0,X003777030,No Toll,,1,1,Not Divided,1,2942855.96677235,1913265.06333818,41.89517,-87.79292,On Scene,Rural,8,N,(N/A),Y,(N/A)
2025,2025-04-07,Monday,16,04:54 PM,Property Damage,No Injuries,0,0,0,0,0,2,Turning,10,N,N,Failing to Reduce Speed to Avoid Crash,Following Too Closely,Daylight,Clear,Dry,Y,Divis,N Ridgeland Ave,Division St/N Ridgeland Ave,,Traffic Signal,Functioning Properly,N,2,41.90187,-87.78491,ok,(UNK),None,2501676,2025,0,28,3,50000andOVER,9,4295,Oak Park,C,(UNK),None,16,7,13044063,4,Cook,0,25,None,None,1,N,No,Slow,202501106734,None,1,2.04999995,N,,,,(UNK),70144,(N/A),(UNK),No Defects,1,1,Major Collector,5,1394,X003777032,Not Toll,,3,4,T-Intersection,15,2944969.06876789,1915767.14709226,41.90187,-87.78491,Not on Scene (Desk R,Urban,1,N,(N/A),Y,(N/A)
2025,2025-03-30,Sunday,12,12:30 PM,Property Damage,No Injuries,0,0,0,0,0,2,Front to Rear,11,N,N,Following Too Closely,Failing to Reduce Speed to Avoid Crash,Daylight,Clear,Dry,N,(N/A),I-290 W/B,(N/A),,Other Regualtory Sig,Functioning Properly,N,2,41.8712662,-87.7750166,ok,Partial Access Control,None,03-25-07285,2025,0,3,28,50000andOVER,9,4295,Oak Park,C,(UNK),None,16,30,13044173,3,Cook,0,25,None,None,7,N,No,(UNK),202501106830,None,1,9.17000008,Y,N,200,M,(UNK),70219,(N/A),(UNK),No Defects,1,1,InterState,1,290,X003777131,Not Toll,73,10,4,Divided With Median Barrier,3,2947973.5,1904689.5,41.87125833,-87.77501085,Not on Scene (Desk R,Urban,1,N,(N/A),Y,(N/A)