crash_year,crash_date,day_of_week,crash_hour,time_of_crash,crash_severity,crash_injury_severity,total_injured,total_fatals,a_injuries,b_injuries,c_injuries,no_injuries,type_of_first_crash,collision_type_code,pedestrian_involved,pedalcyclist_involved,cause1,cause2,lighting_cond,weather_cond,road_surface_cond,intersection_related,is_intersection,highway_or_street_name,at_intersection_with,address_no,traffic_control_device,traffic_control_device_cond,hit_and_run,number_of_vehicles,latitude,longitude,location_status,access_control,agency_code,agency_report_number,agency_report_year,alignment_code,cause1_code,cause2_code,city_class,city_class_code,city_code,city_name,city_township_flag,class_of_trafficway,class_of_trafficway_code,county_code,crash_day,crash_id,crash_month,crash_report_county,crash_severity_cd,crash_yr_source,damaged_property1,damaged_property2,day_of_week_code,did_crash_occur_in_work_zone,did_involve_secondary_crash,flow_condition,icn,investigating_agency_descrip,light_condition_code,mile_station,nhs,non_intersection_direction,non_intersection_distance,non_intersection_units,number_of_lanes,objectid,railroad_crossing_number,road_alignment,road_defects,road_defects_code,road_surface_condition_code,roadway_functional_class,roadway_functional_class_code,route_number,sfe,toll,township,traffic_control_device_code,traffic_control_device_cond_code,trafficway_descrip,trafficway_description_code,ts_crash_coordinate_x,ts_crash_coordinate_y,ts_crash_latitude,ts_crash_longitude,type_report,urban_rural,weather_code,were_workers_present,work_zone,work_zone_related,work_zone_type
2025,2025-04-08,Tuesday,6,06:40 AM,Property Damage,No Injuries,0,0,0,0,0,2,Angle,15,N,N,Disregarding Traffic Signals,Vision Obscured,Daylight,Clear,Dry,Y,Madis,S East Ave,Madison St/S East Ave,,Traffic Signal,Functioning Properly,N,2,41.87983,-87.78933,ok,(UNK),None,2501679,2025,0,25,14,50000andOVER,9,4295,Oak Park,C,(UNK),None,16,8,13045366,4,Cook,0,25,None,None,2,N,No,Free Flow,202501107972,None,1,0.61000001,N,,,,(UNK),70988,(N/A),(UNK),No Defects,1,1,Minor Arterial,4,2779,X003778258,Not Toll,,3,4,Four Way,14,2943988.38897407,1907701.95702122,41.87983,-87.78933,On Scene,Urban,1,N,(N/A),Y,(N/A)
2025,2025-04-08,Tuesday,20,08:51 PM,Property Damage,No Injuries,0,0,0,0,0,2,Sideswipe Same Direction,12,N,N,Failing to Reduce Speed to Avoid Crash,Driving Skills/Knowledge/Experience,Darkness / Lighted Road,Clear,Dry,N,(N/A),Lake St,(N/A),1142,No Controls,No Controls,N,2,41.8886,-87.80468,ok,(UNK),None,2501693,2025,0,28,15,50000andOVER,9,4295,Oak Park,C,(UNK),None,16,8,13045392,4,Cook,0,25,None,None,2,N,No,Free Flow,202501107994,None,5,0,N,,,,(UNK),71001,(N/A),(UNK),No Defects,1,1,Major Collector,5,0,X003778279,Not Toll,,1,1,Not Divided,1,2939719.95912835,1910782.41842747,41.8886,-87.80468,Not on Scene (Desk R,Urban,1,N,(N/A),Y,(N/A)
2025,2025-04-08,Tuesday,13,01:00 PM,Property Damage,No Injuries,0,0,0,0,0,1,Parked Motor Vehicle,9,N,N,Improper Lane Usage,Failing to Reduce Speed to Avoid Crash,Daylight,Clear,Dry,N,(N/A),Washington Blvd,(N/A),,No Controls,No Controls,N,2,41.88168,-87.78452,ok,(UNK),None,2501687,2025,0,20,28,50000andOVER,9,4295,Oak Park,C,(UNK),None,16,8,13045404,4,Cook,0,25,None,None,2,N,No,Free Flow,202501108007,None,1,1.39999998,N,,,,(UNK),71009,(N/A),(UNK),No Defects,1,1,Major Collector,5,2783,X003778291,Not Toll,,1,1,Divided - w/median (not raised),2,2945279.62245676,1908412.47370952,41.88168,-87.78452,On Scene,Urban,1,N,(N/A),Y,(N/A)
2025,2025-04-08,Tuesday,18,06:54 PM,Property Damage,No Injuries,0,0,0,0,0,3,Angle,15,N,N,Disregarding Stop Sign,(N/A),Daylight,Clear,Dry,Y,S Euc,Lexington St,Lexington St/S Euclid Ave,,Stop Sign,Functioning Properly,Y,2,41.87062,-87.79273,ok,(UNK),None,2501692,2025,0,23,99,50000andOVER,9,4295,Oak Park,C,(UNK),None,16,8,13045417,4,Cook,0,25,None,None,2,N,No,Free Flow,202501108020,None,1,0,N,,,,(UNK),71020,(N/A),(UNK),No Defects,1,1,Local Road or Street,7,0,X003778302,Not Toll,,2,4,Four Way,14,2943155.31081959,1904320.02212649,41.87062,-87.79273,Not on Scene (Desk R,Urban,1,N,(N/A),Y,(N/A)
2025,2025-04-03,Thursday,15,03:30 PM,Property Damage,No Injuries,0,0,0,0,0,2,Front to Rear,11,N,N,Failing to Reduce Speed to Avoid Crash,Following Too Closely,Daylight,Clear,Dry,N,(N/A),I-290,(N/A),,Other,Functioning Properly,N,2,41.8734196,-87.8036128,ok,Partial Access Control,None,03-25-07644,2025,0,28,3,50000andOVER,9,4295,Oak Park,C,(UNK),None,16,3,13045968,4,Cook,0,25,None,None,4,N,No,(UNK),202501108544,None,1,7.73999977,Y,E,246,F,(UNK),71413,(N/A),(UNK),No Defects,1,1,InterState,1,290,X003778827,Not Toll,73,13,4,Divided With Median Barrier,3,2940162.96307454,1905258.40819252,41.87341175,-87.803607,Not on Scene (Desk R,Urban,1,N,(N/A),Y,(N/A)
2025,2025-04-09,Wednesday,16,04:50 PM,Property Damage,No Injuries,0,0,0,0,0,3,Turning,10,N,N,Failing to Yield Right of Way,Failing to Reduce Speed to Avoid Crash,Daylight,Rain,Wet,Y,Madis,Wesley Ave,Madison St/Wesley Ave,,Stop Sign,Functioning Properly,N,2,41.87981,-87.79096,ok,(UNK),None,2501700,2025,0,2,28,50000andOVER,9,4295,Oak Park,C,(UNK),None,16,9,13046738,4,Cook,0,25,None,None,3,N,No,Free Flow,202501109089,None,1,0,N,,,,(UNK),71891,(N/A),(UNK),No Defects,1,2,Local Road or Street,7,0,X003779366,Not Toll,,2,4,Four Way,14,2943544.67638939,1907682.36975938,41.87981,-87.79096,On Scene,Urban,2,N,(N/A),Y,(N/A)
2025,2025-04-03,Thursday,22,10:17 PM,Injury,A Injury Crash,1,0,1,0,0,1,Pedestrian,1,Y,N,Failing to Yield Right of Way,(N/A),Darkness / Lighted Road,Clear,Dry,Y,N Har,Pleasant St,N Harlem Ave/Pleasant St,,Traffic Signal,Functioning Properly,N,1,41.8854023,-87.8049145,ok,(UNK),None,2501613,2025,0,2,99,50000andOVER,9,4295,Oak Park,C,(UNK),None,16,3,13046879,4,Cook,3,25,None,None,4,N,No,Free Flow,202501109226,None,5,19.28000069,Y,,,,(UNK),71994,(N/A),(UNK),No Defects,1,1,Other Principal Arterial,3,348,X003779491,Not Toll,73,3,4,Not Divided,1,2939688.18062392,1909615.35965009,41.88539446,-87.80490874,On Scene,Urban,1,N,(N/A),Y,(N/A)
2025,2025-04-09,Wednesday,13,01:19 PM,Property Damage,No Injuries,0,0,0,0,0,2,Front to Rear,11,N,N,Following Too Closely,Unable to Determine,Daylight,Clear,Dry,N,(N/A),N Marion St,(N/A),,No Controls,No Controls,N,2,41.9088492,-87.8042682,ok,(UNK),None,2501697,2025,0,3,18,50000andOVER,9,4295,Oak Park,C,(UNK),None,16,9,13046882,4,Cook,0,25,None,None,3,N,No,Stopped,202501109229,None,1,6,Y,W,15,F,(UNK),71996,(N/A),(UNK),No Defects,1,1,Other Principal Arterial,3,307,X003779494,Not Toll,73,1,1,Divided With Median Barrier,3,2939628.78027528,1918164.69406143,41.90884134,-87.80426243,On Scene,Urban,1,N,(N/A),Y,(N/A)
2025,2025-04-09,Wednesday,17,05:04 PM,Property Damage,No Injuries,0,0,0,0,0,2,Front to Rear,11,N,N,Failing to Reduce Speed to Avoid Crash,Following Too Closely,Daylight,Rain,Wet,N,(N/A),S Harlem Ave,(N/A),,Traffic Signal,Functioning Properly,N,2,41.8722574,-87.8044639,ok,(UNK),None,2501701,2025,0,28,3,50000andOVER,9,4295,Oak Park,C,(UNK),None,16,9,13046883,4,Cook,0,25,None,None,3,N,No,Slow,202501109230,None,1,20.18000031,Y,S,200,F,(UNK),71997,(N/A),(UNK),No Defects,1,2,Other Principal Arterial,3,348,X003779495,Not Toll,73,3,4,Divided - w/median (not raised),2,2939942.81469554,1904828.51768028,41.8722496,-87.80445809,On Scene,Urban,2,N,(N/A),Y,(N/A)
2025,2025-04-09,Wednesday,18,06:08 PM,Property Damage,No Injuries,0,0,0,0,0,3,Turning,10,N,N,Failing to Yield Right of Way,(N/A),Darkness / Lighted Road,Rain,Wet,N,(N/A),S East Ave,(N/A),1184,No Controls,No Controls,N,2,41.86579,-87.78893,ok,(UNK),None,2501703,2025,0,2,99,50000andOVER,9,4295,Oak Park,C,(UNK),None,16,9,13046884,4,Cook,0,25,None,None,3,N,No,Free Flow,202501109231,None,5,0,N,,,,(UNK),71998,(N/A),(UNK),No Defects,1,2,Minor Collector,6,0,X003779496,Not Toll,,1,1,Not Divided,1,2944239.13171574,1902588.54713421,41.86579,-87.78893,On Scene,Urban,2,N,(N/A),Y,(N/A)
2025,2025-04-11,Friday,1,01:18 AM,Injury,B Injury Crash,1,0,0,1,0,1,Turning,10,N,N,Under Influence of Alcohol/Drugs,(N/A),Darkness / Lighted Road,Clear,Dry,Y,Roose,Harlem Ave,Harlem Ave/Roosevelt Rd,,Traffic Signal,Functioning Properly,Y,2,41.8650279,-87.8042158,ok,(UNK),None,25-01093,2025,0,8,99,50000andOVER,9,4295,Oak Park,C,(UNK),None,16,11,13047491,4,Cook,2,25,None,None,5,N,No,Free Flow,202501109724,None,5,5.98999977,Y,,,,(UNK),72398,(N/A),(UNK),No Defects,1,1,Other Principal Arterial,3,347,X003779988,Not Toll,52,3,4,Four Way,14,2940082.93025662,1902195.79677119,41.86502003,-87.80421,On Scene,Urban,1,N,(N/A),Y,(N/A)
2025,2025-04-09,Wednesday,20,08:50 PM,Property Damage,No Injuries,0,0,0,0,0,2,Turning,10,N,N,Improper Turning/No Signal,Failing to Reduce Speed to Avoid Crash,Darkness / Lighted Road,Rain,Wet,Y,S Har,Washington Blvd,S Harvey Ave/Washington Blvd,,Stop Sign,No Controls,N,2,41.88178,-87.78125,ok,(UNK),None,2501706,2025,0,6,28,50000andOVER,9,4295,Oak Park,C,(UNK),None,16,9,13048011,4,Cook,0,25,None,None,3,N,No,Free Flow,202501110295,None,5,1.21000004,N,,,,(UNK),72723,(N/A),(UNK),No Defects,1,2,Major Collector,5,5,X003780451,Not Toll,,2,1,Ramp,11,2946169.13606176,1908473.66447769,41.88178,-87.78125,On Scene,Urban,2,N,(N/A),Y,(N/A)
2025,2025-04-10,Thursday,15,03:23 PM,Property Damage,No Injuries,0,0,0,0,0,2,Front to Rear,11,N,N,Following Too Closely,Failing to Reduce Speed to Avoid Crash,Daylight,Clear,Dry,N,(N/A),Lake St,(N/A),,No Controls,No Controls,N,2,41.8884322,-87.8050201,ok,(UNK),None,2501723,2025,0,3,28,50000andOVER,9,4295,Oak Park,C,(UNK),None,16,10,13048017,4,Cook,0,25,None,None,4,N,No,Stopped,202501110302,None,1,19.06999969,Y,S,50,F,(UNK),72728,(N/A),(UNK),No Defects,1,1,Other Principal Arterial,3,348,X003780457,Not Toll,73,1,1,Two-way Continuous Left-Turn Lane,4,2939629.04112423,1910718.70949342,41.88842433,-87.80501427,On Scene,Urban,1,N,(N/A),Y,(N/A)
2025,2025-04-08,Tuesday,17,05:25 PM,Property Damage,No Injuries,0,0,0,0,0,2,Front to Rear,11,N,N,Failing to Reduce Speed to Avoid Crash,Following Too Closely,Daylight,Clear,Dry,N,(N/A),I290 Wb,(N/A),,Other,Functioning Properly,N,2,41.8712813,-87.7750858,ok,Partial Access Control,None,03-25-08054,2025,0,28,3,50000andOVER,9,4295,Oak Park,C,(UNK),None,16,8,13049384,4,Cook,0,25,None,None,2,N,No,(UNK),202501111606,None,1,9.17000008,Y,W,214,F,(UNK),73716,(N/A),(UNK),No Defects,1,1,InterState,1,290,X003781772,Not Toll,73,13,4,Divided With Median Barrier,3,2947954.5,1904694.5,41.87127349,-87.77508005,On Scene,Urban,1,N,(N/A),Y,(N/A)
2025,2025-04-11,Friday,13,01:28 PM,Injury,B Injury Crash,1,0,0,1,0,1,Angle,15,N,N,Failing to Reduce Speed to Avoid Crash,Driving Skills/Knowledge/Experience,Daylight,Clear,Dry,N,(N/A),N Oak Park Ave,(N/A),,No Controls,No Controls,N,2,41.9089952,-87.7949553,ok,(UNK),None,2501739,2025,0,28,15,50000andOVER,9,4295,Oak Park,C,(UNK),None,16,11,13050239,4,Cook,2,25,None,None,5,N,No,Free Flow,202501112438,None,1,4.11000013,Y,S,150,F,(UNK),74310,(N/A),(UNK),No Defects,1,1,Other Principal Arterial,3,2775,X003782607,Not Toll,73,1,1,Divided - w/median (not raised),2,2942162.43045014,1918287.90240256,41.90898735,-87.79494954,On Scene,Urban,1,N,(N/A),Y,(N/A)
2025,2025-04-11,Friday,15,03:44 PM,Property Damage,No Injuries,0,0,0,0,0,1,Parked Motor Vehicle,9,N,N,Failing to Reduce Speed to Avoid Crash,Following Too Closely,Daylight,Clear,Dry,N,(N/A),Madison St,(N/A),,Traffic Signal,Functioning Properly,N,2,41.8798471,-87.7867047,ok,(UNK),None,2501745,2025,0,28,3,50000andOVER,9,4295,Oak Park,C,(UNK),None,16,11,13050259,4,Cook,0,25,None,None,5,N,No,Free Flow,202501112458,None,1,4,N,E,50,F,(UNK),74319,(N/A),(UNK),No Defects,1,1,Minor Arterial,4,1419,X003782626,Not Toll,73,3,4,Divided - w/median (not raised),2,2944703.19793709,1907728.01858661,41.87983926,-87.78669888,On Scene,Urban,1,N,(N/A),Y,(N/A)
2025,2025-04-12,Saturday,16,04:02 PM,Property Damage,No Injuries,0,0,0,0,0,3,Turning,10,N,N,Unable to Determine,Unable to Determine,Daylight,Clear,Dry,Y,N Har,Le Moyne Pkwy,Le Moyne Pkwy/N Harlem Ave,,No Controls,No Controls,N,2,41.9070579,-87.8057202,ok,(UNK),None,2501765,2025,0,18,18,50000andOVER,9,4295,Oak Park,C,(UNK),None,16,12,13050282,4,Cook,0,25,LAMP POST,None,6,N,Yes,Free Flow,202501112482,None,1,17.78000069,Y,,,,(UNK),74333,(N/A),(UNK),No Defects,1,1,Other Principal Arterial,3,348,X003782649,Not Toll,73,1,1,T-Intersection,15,2939251.51932945,1917501.02856182,41.90705006,-87.80571436,On Scene,Urban,1,N,(N/A),Y,(N/A)
2025,2025-04-13,Sunday,17,05:41 PM,Property Damage,No Injuries,0,0,0,0,0,3,Angle,15,N,N,Disregarding Stop Sign,(N/A),Daylight,Clear,Dry,Y,S Lom,Garfield St,Garfield St/S Lombard Ave,,Stop Sign,Functioning Properly,N,2,41.87074,-87.77924,ok,(UNK),None,2501789,2025,0,23,99,50000andOVER,9,4295,Oak Park,C,(UNK),None,16,13,13050294,4,Cook,0,25,None,None,7,N,No,Slow,202501112493,None,1,0,N,,,,(UNK),74339,(N/A),(UNK),No Defects,1,1,Minor Collector,6,0,X003782661,Not Toll,,2,4,Four Way,14,2946828.49223492,1904465.71366843,41.87074,-87.77924,On Scene,Urban,1,N,(N/A),Y,(N/A)
2025,2025-04-12,Saturday,12,12:20 PM,Property Damage,No Injuries,0,0,0,0,0,3,Turning,10,N,N,Failing to Yield Right of Way,Failing to Reduce Speed to Avoid Crash,Daylight,Clear,Dry,Y,Lake,N Humphrey Ave,Lake St/N Humphrey Ave,,Stop Sign,Functioning Properly,N,2,41.88806,-87.7766,ok,(UNK),None,2501759,2025,0,2,28,50000andOVER,9,4295,Oak Park,C,(UNK),None,16,12,13050330,4,Cook,0,25,None,None,6,N,No,Free Flow,202501112527,None,1,0,N,,,,(UNK),74366,(N/A),(UNK),No Defects,1,1,Major Collector,5,0,X003782696,Not Toll,,2,4,Divided - w/median (not raised),2,2947371.70661059,1910797.46798258,41.88806,-87.7766,On Scene,Urban,1,N,(N/A),Y,(N/A)
2025,2025-04-12,Saturday,15,03:34 PM,Property Damage,No Injuries,0,0,0,0,0,2,Turning,10,N,N,Failing to Yield Right of Way,Failing to Reduce Speed to Avoid Crash,Daylight,Clear,Dry,Y,Erie,Linden Ave,Erie St/Linden Ave,,Stop Sign,Functioning Properly,N,2,41.8916259,-87.7912241,ok,(UNK),None,2501763,2025,0,2,28,50000andOVER,9,4295,Oak Park,C,(UNK),None,16,12,13050539,4,Cook,0,25,None,None,6,N,No,Free Flow,202501112612,None,1,0,N,,,,(UNK),74494,(N/A),(UNK),No Defects,1,1,Local Road or Street,7,0,X003782782,Not Toll,73,2,4,Divided - w/median (not raised),2,2943353.49580324,1911986.31006036,41.89161805,-87.79121829,On Scene,Urban,1,N,(N/A),Y,(N/A)
2025,2025-04-14,Monday,8,08:30 AM,Property Damage,No Injuries,0,0,0,0,0,4,Front to Rear,11,N,N,Failing to Reduce Speed to Avoid Crash,Following Too Closely,Daylight,Clear,Dry,N,(N/A),I-290 E/B,(N/A),,Other,Functioning Properly,Y,4,41.8735074,-87.8045198,ok,Partial Access Control,None,03-25-08519,2025,0,28,3,50000andOVER,9,4295,Oak Park,C,(UNK),None,16,14,13051537,4,Cook,0,25,None,None,1,N,No,(UNK),202501113540,None,1,7.69999981,Y,,,,(UNK),75154,(N/A),(UNK),No Defects,1,1,InterState,1,290,X003783692,Not Toll,73,13,4,Divided With Median Barrier,3,2939915.05419655,1905283.59513886,41.87349953,-87.80451396,On Scene,Urban,1,N,(N/A),Y,(N/A)
2025,2025-01-20,Monday,16,04:33 PM,Property Damage,No Injuries,0,0,0,0,0,3,Front to Rear,11,N,N,Failing to Reduce Speed to Avoid Crash,(N/A),Darkness / Lighted Road,Clear,Dry,Y,Ridge,North Ave,North Ave/Ridgeland,,Traffic Signal,Functioning Properly,N,2,41.9091599,-87.7833534,ok,(UNK),None,2500328,2025,0,28,99,50000andOVER,9,4295,Oak Park,C,(UNK),None,16,20,13051611,1,Cook,0,25,None,None,1,N,No,Stopped,202501113612,None,5,7.07000017,Y,,,,(UNK),75200,(N/A),(UNK),No Defects,1,1,Other Principal Arterial,3,307,X003783760,Not Toll,73,3,4,Divided - w/median (not raised),2,2945318.99713359,1918435.4951164,41.90915202,-87.78334761,Not on Scene (Desk R,Urban,1,N,(N/A),Y,(N/A)
2025,2025-04-12,Saturday,18,06:21 PM,Property Damage,No Injuries,0,0,0,0,0,5,Front to Rear,11,N,N,Failing to Reduce Speed to Avoid Crash,Distraction - From Inside Vehicle,Daylight,Clear,Dry,N,(N/A),Madison St,(N/A),700,No Controls,No Controls,N,3,41.8798,-87.79263,ok,(UNK),None,2501767,2025,0,28,41,50000andOVER,9,4295,Oak Park,C,(UNK),None,16,12,13051627,4,Cook,0,25,None,None,6,N,Yes,Stopped,202501113627,None,1,0,N,,,,(UNK),75210,(N/A),(UNK),No Defects,1,1,Local Road or Street,7,0,X003783775,Not Toll,,1,1,Two-way Continuous Left-Turn Lane,4,2943089.96911587,1907666.13362948,41.8798,-87.79263,On Scene,Urban,1,N,(N/A),Y,(N/A)
2025,2025-04-12,Saturday,4,04:49 AM,Property Damage,No Injuries,0,0,0,0,0,2,Angle,15,N,N,Disregarding Stop Sign,Failing to Reduce Speed to Avoid Crash,Darkness / Lighted Road,Clear,Dry,Y,Adams,S Ridgeland Ave,Adams St/S Ridgeland Ave,,Stop Sign,Functioning Properly,N,2,41.87807,-87.78437,ok,(UNK),None,2501756,2025,0,23,28,50000andOVER,9,4295,Oak Park,C,(UNK),None,16,12,13051657,4,Cook,0,25,None,None,6,N,No,Free Flow,202501113652,None,5,1.64999998,N,,,,(UNK),75231,(N/A),(UNK),No Defects,1,1,Major Collector,5,2783,X003783801,Not Toll,,2,4,Divided - w/median (not raised),2,2945357.00908713,1907098.05728034,41.87807,-87.78437,On Scene,Urban,1,N,(N/A),Y,(N/A)
2025,2025-04-13,Sunday,12,12:15 PM,Property Damage,No Injuries,0,0,0,0,0,2,Angle,15,N,N,Unable to Determine,Unable to Determine,Daylight,Cloudy/Overcast,Dry,Y,Fores,Thomas St,Forest Ave/Thomas St,,Stop Sign,Functioning Properly,N,3,41.89973,-87.80089,ok,(UNK),None,2501780,2025,0,18,18,50000andOVER,9,4295,Oak Park,C,(UNK),None,16,13,13051659,4,Cook,0,25,None,None,7,N,Yes,Free Flow,202501113653,None,1,0,N,,,,(UNK),75232,(N/A),(UNK),No Defects,1,1,Local Road or Street,7,0,X003783802,Not Toll,,2,4,Four Way,14,2940640.09008945,1914866.84541076,41.89973,-87.80089,On Scene,Urban,8,N,(N/A),Y,(N/A)
2025,2025-04-06,Sunday,10,10:30 AM,Property Damage,No Injuries,0,0,0,0,0,2,Front to Rear,11,N,N,Failing to Reduce Speed to Avoid Crash,Following Too Closely,Daylight,Clear,Dry,N,(N/A),I-290,(N/A),,Other,Functioning Properly,Y,2,41.8715587,-87.779638,ok,Partial Access Control,None,03-25-07843,2025,0,28,3,50000andOVER,9,4295,Oak Park,C,(UNK),None,16,6,13051729,4,Cook,0,25,None,None,7,N,No,(UNK),202501113717,None,1,8.93999958,Y,W,114,F,(UNK),75278,(N/A),(UNK),No Defects,1,1,InterState,1,290,X003783865,Not Toll,73,13,4,Divided With Median Barrier,3,2946711.78342246,1904761.0543672,41.87155088,-87.77963221,On Scene,Urban,1,N,(N/A),Y,(N/A)
2025,2025-04-04,Friday,23,11:00 PM,Property Damage,No Injuries,0,0,0,0,0,3,Sideswipe Same Direction,12,N,N,Improper Lane Usage,Failing to Reduce Speed to Avoid Crash,Darkness / Lighted Road,Clear,Wet,N,(N/A),Eisenhower Expy,(N/A),,Other,Functioning Properly,N,2,41.8734915,-87.8043512,ok,Partial Access Control,None,03-25-07764,2025,0,20,28,50000andOVER,9,4295,Oak Park,C,(UNK),None,16,4,13051730,4,Cook,0,25,None,None,5,N,No,(UNK),202501113718,None,5,7.71000004,Y,E,47,F,(UNK),75279,(N/A),(UNK),No Defects,1,2,InterState,1,290,X003783866,Not Toll,73,13,4,Divided With Median Barrier,3,2939961.1169912,1905279.08452943,41.87348368,-87.80434543,Not on Scene (Desk R,Urban,1,N,(N/A),Y,(N/A)
2025,2025-04-14,Monday,13,01:20 PM,Property Damage,No Injuries,0,0,0,0,0,3,Sideswipe Same Direction,12,N,N,Improper Lane Usage,Failing to Reduce Speed to Avoid Crash,Daylight,Clear,Dry,N,(N/A),I-290,(N/A),,Other,Functioning Properly,N,2,41.8712434,-87.7746081,ok,Partial Access Control,None,03-25-08553,2025,0,20,28,50000andOVER,9,4295,Oak Park,C,(UNK),None,16,14,13051861,4,Cook,0,25,None,None,1,N,No,(UNK),202501113849,None,1,9.18999958,Y,W,100,F,(UNK),75361,(N/A),(UNK),No Defects,1,1,InterState,1,290,X003783990,Not Toll,73,13,4,Divided With Median Barrier,3,2948085.00802139,1904684.30213904,41.87123555,-87.77460232,Not on Scene (Desk R,Urban,1,N,(N/A),Y,(N/A)
2025,2025-04-13,Sunday,20,08:22 PM,Property Damage,No Injuries,0,0,0,0,0,2,Turning,10,N,N,Failing to Yield Right of Way,(N/A),Darkness / Lighted Road,Clear,Dry,Y,S Har,I290 Expy W,I290 Expy W/S Harlem Ave,,Traffic Signal,Functioning Properly,Y,2,41.8736416,-87.8045258,ok,Partial Access Control,None,2501799,2025,0,2,99,50000andOVER,9,4295,Oak Park,C,(UNK),None,16,13,13051990,4,Cook,0,25,None,None,7,N,No,Slow,202501113970,None,5,0.23999999,Y,,,,(UNK),75446,(N/A),(UNK),No Defects,1,1,InterState,1,290,X003784108,Not Toll,73,3,4,Four Way,14,2939912.062394,1905332.46992192,41.87363377,-87.80452,Not on Scene (Desk R,Urban,1,N,(N/A),Y,(N/A)
2025,2025-04-08,Tuesday,12,12:48 PM,Property Damage,No Injuries,0,0,0,0,0,3,Turning,10,N,N,Failing to Yield Right of Way,Failing to Reduce Speed to Avoid Crash,Daylight,Clear,Dry,N,(N/A),S Harlem Ave,(N/A),,Stop Sign,Functioning Properly,N,2,41.8777878,-87.8046548,ok,(UNK),None,2501686,2025,0,2,28,50000andOVER,9,4295,Oak Park,C,(UNK),None,16,8,13052042,4,Cook,0,25,None,None,2,N,Yes,Free Flow,202501114016,None,1,19.79999924,Y,,,,(UNK),75477,(N/A),(UNK),No Defects,1,1,Other Principal Arterial,3,348,X003784152,Not Toll,73,2,4,Divided - w/median (not raised),2,2939835.31714067,1906842.42818809,41.87777991,-87.80464903,On Scene,Urban,1,N,(N/A),Y,(N/A)
2025,2025-04-15,Tuesday,7,07:34 AM,Property Damage,No Injuries,0,0,0,0,0,5,Turning,10,N,N,Failing to Yield Right of Way,(N/A),Daylight,Rain,Wet,N,(N/A),Home Ave,(N/A),425,No Controls,No Controls,N,2,41.8812013,-87.7999134,ok,(UNK),None,2501807,2025,0,2,99,50000andOVER,9,4295,Oak Park,C,(UNK),None,16,15,13052745,4,Cook,0,25,None,None,2,N,No,Free Flow,202501114671,None,1,0,N,,,,(UNK),75922,(N/A),(UNK),No Defects,1,2,Local Road or Street,7,0,X003784809,Not Toll,73,1,1,Not Divided,1,2941092.31953941,1908121.96818249,41.88119343,-87.79990759,On Scene,Urban,2,N,(N/A),Y,(N/A)
2025,2025-04-15,Tuesday,8,08:34 AM,Property Damage,No Injuries,0,0,0,0,0,2,Angle,15,N,N,Failing to Yield Right of Way,Unable to Determine,Daylight,Rain,Wet,Y,Fillm,S Oak Park Ave,Fillmore St/S Oak Park Ave,,Stop Sign,Functioning Properly,N,2,41.8669858,-87.7938255,ok,(UNK),None,2501809,2025,0,2,18,50000andOVER,9,4295,Oak Park,C,(UNK),None,16,15,13052764,4,Cook,0,25,None,None,2,N,No,Free Flow,202501114688,None,1,7.03999996,N,,,,(UNK),75930,(N/A),(UNK),No Defects,1,2,Major Collector,5,2775,X003784826,Not Toll,73,2,4,Four Way,14,2942893.5438158,1902987.38867798,41.86697792,-87.79381972,On Scene,Urban,2,N,(N/A),Y,(N/A)
2025,2025-04-15,Tuesday,8,08:58 AM,Property Damage,No Injuries,0,0,0,0,0,3,Front to Rear,11,N,N,(N/A),(N/A),Daylight,Clear,Dry,Y,Ontar,N Ridgeland Ave,N Ridgeland Ave/Ontario St,,No Controls,No Controls,N,3,41.89034,-87.7848,ok,(UNK),None,2501811,2025,0,99,99,50000andOVER,9,4295,Oak Park,C,(UNK),None,16,15,13052780,4,Cook,0,25,None,None,2,N,Yes,Free Flow,202501114705,None,1,0,N,,,,(UNK),75939,(N/A),(UNK),Unknown,99,1,Major Collector,5,0,X003784842,Not Toll,,1,1,Not Divided,1,2945115.72692072,1911566.22342962,41.89034,-87.7848,On Scene,Urban,1,N,(N/A),N,(N/A)
2025,2025-04-15,Tuesday,11,11:26 AM,Property Damage,No Injuries,0,0,0,0,0,2,Sideswipe Same Direction,12,N,N,Failing to Reduce Speed to Avoid Crash,Failing to Yield Right of Way,Daylight,Clear,Dry,N,(N/A),S Taylor Ave,(N/A),1191,No Controls,No Controls,N,2,41.86573,-87.7778,ok,(UNK),None,2501816,2025,0,28,2,50000andOVER,9,4295,Oak Park,C,(UNK),None,16,15,13052789,4,Cook,0,25,None,None,2,N,No,Free Flow,202501114713,None,1,0,N,,,,(UNK),75943,(N/A),(UNK),No Defects,1,1,Local Road or Street,7,0,X003784850,Not Toll,,1,1,Not Divided,1,2947271.55267116,1902650.89697788,41.86573,-87.7778,On Scene,Urban,1,N,(N/A),Y,(N/A)