crash_year,crash_date,day_of_week,crash_hour,time_of_crash,crash_severity,crash_injury_severity,total_injured,total_fatals,a_injuries,b_injuries,c_injuries,no_injuries,type_of_first_crash,collision_type_code,pedestrian_involved,pedalcyclist_involved,cause1,cause2,lighting_cond,weather_cond,road_surface_cond,intersection_related,is_intersection,highway_or_street_name,at_intersection_with,address_no,traffic_control_device,traffic_control_device_cond,hit_and_run,number_of_vehicles,latitude,longitude,location_status,access_control,agency_code,agency_report_number,agency_report_year,alignment_code,cause1_code,cause2_code,city_class,city_class_code,city_code,city_name,city_township_flag,class_of_trafficway,class_of_trafficway_code,county_code,crash_day,crash_id,crash_month,crash_report_county,crash_severity_cd,crash_yr_source,damaged_property1,damaged_property2,day_of_week_code,did_crash_occur_in_work_zone,did_involve_secondary_crash,flow_condition,icn,investigating_agency_descrip,light_condition_code,mile_station,nhs,non_intersection_direction,non_intersection_distance,non_intersection_units,number_of_lanes,objectid,railroad_crossing_number,road_alignment,road_defects,road_defects_code,road_surface_condition_code,roadway_functional_class,roadway_functional_class_code,route_number,sfe,toll,township,traffic_control_device_code,traffic_control_device_cond_code,trafficway_descrip,trafficway_description_code,ts_crash_coordinate_x,ts_crash_coordinate_y,ts_crash_latitude,ts_crash_longitude,type_report,urban_rural,weather_code,were_workers_present,work_zone,work_zone_related,work_zone_type
2025,2025-04-06,Sunday,14,02:20 PM,Property Damage,No Injuries,0,0,0,0,0,2,Sideswipe Same Direction,12,N,N,Failing to Reduce Speed to Avoid Crash,Failing to Yield Right of Way,Daylight,Clear,Dry,N,(N/A),Eisenhower Expy,(N/A),,Other,Functioning Properly,Y,2,41.8719456,-87.7841931,ok,Partial Access Control,None,03-25-07856,2025,0,28,2,50000andOVER,9,4295,Oak Park,C,(UNK),None,16,6,13053223,4,Cook,0,25,None,None,7,N,No,(UNK),202501115130,None,1,8.69999981,Y,W,0,M,(UNK),76257,(N/A),(UNK),No Defects,1,1,InterState,1,290,X003785261,Not Toll,73,13,4,Divided With Median Barrier,3,2945467.16250426,1904867.53843709,41.87193772,-87.78418734,On Scene,Urban,1,N,(N/A),Y,(N/A)
2025,2025-04-16,Wednesday,8,08:24 AM,Injury,B Injury Crash,1,0,0,1,0,1,Pedalcyclist,2,N,Y,Failing to Yield Right of Way,Failing to Reduce Speed to Avoid Crash,Daylight,Clear,Dry,Y,S Cuy,Madison St,Madison St/S Cuyler Ave,,Delineators,Functioning Properly,N,1,41.87991,-87.78323,ok,(UNK),None,2501833,2025,0,2,28,50000andOVER,9,4295,Oak Park,C,(UNK),None,16,16,13054060,4,Cook,2,25,None,None,3,N,No,Slow,202501115917,None,1,0,N,,,,(UNK),76825,(N/A),(UNK),No Defects,1,1,Minor Arterial,4,0,X003786049,Not Toll,,14,4,Divided - w/median (not raised),2,2945648.85433013,1907777.2120015,41.87991,-87.78323,On Scene,Urban,1,N,(N/A),Y,(N/A)
2025,2025-04-16,Wednesday,8,08:46 AM,Injury,C Injury Crash,2,0,0,0,2,1,Front to Rear,11,N,N,Failing to Reduce Speed to Avoid Crash,(N/A),Daylight,Clear,Dry,N,(N/A),Augusta St,(N/A),,Stop Sign,Functioning Properly,N,2,41.8979833,-87.799061,ok,(UNK),None,2501834,2025,0,28,99,50000andOVER,9,4295,Oak Park,C,(UNK),None,16,16,13055240,4,Cook,1,25,None,None,3,N,No,Slow,202501116865,None,1,0,N,E,50,F,(UNK),77592,(N/A),(UNK),No Defects,1,1,Local Road or Street,7,0,X003786987,Not Toll,73,2,4,Divided - w/median (not raised),2,2941155.62746858,1914244.06982443,41.89797548,-87.79905517,On Scene,Urban,1,N,(N/A),Y,(N/A)
2025,2025-04-07,Monday,19,07:00 PM,Property Damage,No Injuries,0,0,0,0,0,1,Fixed Object,6,N,N,Improper Turning/No Signal,(N/A),Daylight,Clear,Dry,N,(N/A),Harlem Ave,(N/A),,No Controls,No Controls,Y,1,41.8871572,-87.8049794,ok,(UNK),None,2500401,2025,0,6,99,50000andOVER,9,4295,Oak Park,C,(UNK),None,16,7,13055248,4,Cook,0,25,None,None,1,N,No,Free Flow,202501116869,None,1,19.15999985,Y,N,15,F,(UNK),77594,(N/A),(UNK),No Defects,1,1,Other Principal Arterial,3,348,X003786991,Not Toll,73,1,1,Four Way,14,2939652.90322065,1910254.40285076,41.88714939,-87.80497362,On Scene,Urban,1,N,(N/A),Y,(N/A)
2025,2025-04-17,Thursday,12,12:57 PM,Injury,B Injury Crash,1,0,0,1,0,1,Angle,15,N,N,Failing to Yield Right of Way,Disregarding Stop Sign,Daylight,Clear,Dry,Y,S Tay,Jackson Blvd,Jackson Blvd/S Taylor Ave,,No Controls,No Controls,N,2,41.87642,-87.77819,ok,(UNK),None,2501857,2025,0,2,23,50000andOVER,9,4295,Oak Park,C,(UNK),None,16,17,13055724,4,Cook,2,25,None,None,4,N,Yes,Free Flow,202501117311,None,1,0,N,,,,(UNK),77884,(N/A),(UNK),No Defects,1,1,Local Road or Street,7,0,X003787423,Not Toll,,1,1,Divided With Median Barrier,3,2947056.86081961,1906543.5706346,41.87642,-87.77819,On Scene,Urban,1,N,(N/A),Y,(N/A)
2025,2025-04-17,Thursday,14,02:58 PM,Property Damage,No Injuries,0,0,0,0,0,2,Front to Rear,11,N,N,Failing to Reduce Speed to Avoid Crash,Failing to Yield Right of Way,Daylight,Clear,Dry,Y,N Har,North Ave,N Harlem Ave/North Ave,,Traffic Signal,Functioning Properly,Y,2,41.887107,-87.8049778,ok,(UNK),None,2501861,2025,0,28,2,50000andOVER,9,4295,Oak Park,C,(UNK),None,16,17,13055739,4,Cook,0,25,None,None,4,N,No,Stopped,202501117326,None,1,19.15999985,Y,,,,(UNK),77892,(N/A),(UNK),No Defects,1,1,Other Principal Arterial,3,348,X003787438,Not Toll,73,3,4,Divided - w/median (not raised),2,2939653.84539076,1910236.11464217,41.88709917,-87.80497201,On Scene,Urban,1,N,(N/A),Y,(N/A)
2025,2025-04-15,Tuesday,12,12:50 PM,Property Damage,No Injuries,0,0,0,0,0,3,Front to Rear,11,N,N,Failing to Reduce Speed to Avoid Crash,(N/A),Daylight,Clear,Dry,N,(N/A),N Harlem Ave,(N/A),,No Controls,No Controls,N,2,41.8872485,-87.8049823,ok,(UNK),None,2500444,2025,0,28,99,50000andOVER,9,4295,Oak Park,C,(UNK),None,16,15,13056289,4,Cook,0,25,None,None,2,N,No,Free Flow,202501117843,None,1,19.14999962,Y,N,50,F,(UNK),78258,(N/A),(UNK),No Defects,1,1,Other Principal Arterial,3,348,X003787952,Not Toll,73,1,1,Not Divided,1,2939651.19044244,1910287.64912459,41.88724068,-87.80497655,On Scene,Urban,1,N,(N/A),Y,(N/A)
2025,2025-04-17,Thursday,7,07:29 AM,Property Damage,No Injuries,0,0,0,0,0,2,Front to Rear,11,N,N,Failing to Reduce Speed to Avoid Crash,Following Too Closely,Daylight,Clear,Dry,N,(N/A),I-290 E/B,(N/A),,Other,Functioning Properly,Y,2,41.8711871,-87.7781815,ok,Partial Access Control,None,03-25-08767,2025,0,28,3,50000andOVER,9,4295,Oak Park,C,(UNK),None,16,17,13057664,4,Cook,0,25,None,None,4,N,No,(UNK),202501119136,None,1,9.01000023,Y,W,.2,M,(UNK),79215,(N/A),(UNK),No Defects,1,1,InterState,1,290,X003789252,Not Toll,73,13,4,Divided With Median Barrier,3,2947112.28237971,1904636.65922143,41.87117923,-87.77817566,Not on Scene (Desk R,Urban,1,N,(N/A),Y,(N/A)
2025,2025-04-17,Thursday,17,05:25 PM,Property Damage,No Injuries,0,0,0,0,0,2,Front to Rear,11,N,N,Failing to Reduce Speed to Avoid Crash,Following Too Closely,Daylight,Rain,Wet,N,(N/A),Harlem,(N/A),,Other,Functioning Properly,Y,2,41.872703,-87.7962224,ok,Partial Access Control,None,03-25-08814,2025,0,28,3,50000andOVER,9,4295,Oak Park,C,(UNK),None,16,17,13058022,4,Cook,0,25,None,None,4,N,No,(UNK),202501119442,None,1,8.07999992,Y,E,201,F,(UNK),79479,(N/A),(UNK),No Defects,1,2,InterState,1,290,X003789559,Not Toll,73,13,4,Divided With Median Barrier,3,2942183.06873471,1905052.80652622,41.87269517,-87.79621664,On Scene,Urban,2,N,(N/A),Y,(N/A)
2025,2025-04-19,Saturday,3,03:05 AM,Property Damage,No Injuries,0,0,0,0,0,2,Front to Rear,11,N,N,Improper Lane Usage,Failing to Reduce Speed to Avoid Crash,Darkness / Lighted Road,Other,Wet,Y,Harle,I-290 Wb Ramp,Harlem Ave./I-290 Wb Ramp,,Other,Functioning Properly,N,2,41.873641,-87.8045207,ok,Partial Access Control,None,03-25-08998,2025,0,20,28,50000andOVER,9,4295,Oak Park,C,(UNK),None,16,19,13058132,4,Cook,0,25,None,None,6,N,No,(UNK),202501119548,None,5,0.23999999,Y,E,10,F,(UNK),79552,(N/A),(UNK),No Defects,1,2,InterState,1,290,X003789665,Not Toll,73,13,4,Divided With Median Barrier,3,2939913.47059546,1905332.2809176,41.87363315,-87.80451485,Not on Scene (Desk R,Urban,7,N,(N/A),Y,(N/A)
2025,2025-04-18,Friday,9,09:47 AM,Property Damage,No Injuries,0,0,0,0,0,1,Parked Motor Vehicle,9,N,N,Failing to Reduce Speed to Avoid Crash,(N/A),Daylight,Clear,Dry,N,(N/A),Ontario/Oak Park,(N/A),300,No Controls,No Controls,N,2,41.89016,-87.79456,ok,(UNK),None,2501887,2025,0,28,99,50000andOVER,9,4295,Oak Park,C,(UNK),None,16,18,13058208,4,Cook,0,25,None,None,5,N,No,Free Flow,202501119622,None,1,5.42000008,N,,,,(UNK),79598,(N/A),(UNK),No Defects,1,1,Major Collector,5,2775,X003789739,Not Toll,,1,1,Not Divided,1,2942459.93772944,1911426.96818341,41.89016,-87.79456,Not on Scene (Desk R,Urban,1,N,(N/A),Y,(N/A)
2025,2025-04-19,Saturday,3,03:11 AM,Property Damage,No Injuries,0,0,0,0,0,3,Turning,10,N,N,Failing to Reduce Speed to Avoid Crash,Driving Skills/Knowledge/Experience,Darkness / Lighted Road,Clear,Dry,N,(N/A),I-290 Eb,(N/A),,Traffic Signal,Functioning Properly,Y,3,41.8734852,-87.8042859,ok,Partial Access Control,None,03-25-08950,2025,0,28,15,50000andOVER,9,4295,Oak Park,C,(UNK),None,16,19,13058249,4,Cook,0,25,None,None,6,N,No,(UNK),202501119661,None,5,7.71000004,Y,,,,(UNK),79625,(N/A),(UNK),No Defects,1,1,InterState,1,290,X003789778,Not Toll,73,3,4,Not Divided,1,2939978.98698111,1905277.25399636,41.87347732,-87.80428005,On Scene,Urban,1,N,(N/A),Y,(N/A)
2025,2025-04-18,Friday,16,04:10 PM,Injury,B Injury Crash,1,0,0,1,0,1,Pedalcyclist,2,N,Y,Failing to Reduce Speed to Avoid Crash,Unable to Determine,Daylight,Cloudy/Overcast,Dry,Y,Fores,Lake St,Forest Ave/Lake St,,Traffic Signal,Functioning Properly,Y,1,41.88862,-87.8008,ok,(UNK),None,2501889,2025,0,28,18,50000andOVER,9,4295,Oak Park,C,(UNK),None,16,18,13058265,4,Cook,2,25,None,None,5,N,No,Free Flow,202501119675,None,1,0,N,,,,(UNK),79635,(N/A),(UNK),No Defects,1,1,Major Collector,5,0,X003789792,Not Toll,,3,4,Four Way,14,2940776.29202853,1910818.82831338,41.88862,-87.8008,On Scene,Urban,8,N,(N/A),Y,(N/A)
2025,2025-04-19,Saturday,11,11:50 AM,Property Damage,No Injuries,0,0,0,0,0,4,Sideswipe Same Direction,12,N,N,Failing to Reduce Speed to Avoid Crash,Unable to Determine,Daylight,Clear,Dry,N,(N/A),Lake,(N/A),1038,No Controls,No Controls,N,2,41.8886,-87.80267,ok,(UNK),None,2501901,2025,0,28,18,50000andOVER,9,4295,Oak Park,C,(UNK),None,16,19,13058269,4,Cook,0,25,None,None,6,N,No,Slow,202501119679,None,1,0,N,,,,(UNK),79637,(N/A),(UNK),No Defects,1,1,Major Collector,5,0,X003789796,Not Toll,,1,1,Not Divided,1,2940267.28724581,1910797.49859833,41.8886,-87.80267,On Scene,Urban,1,N,(N/A),Y,(N/A)
2025,2025-04-19,Saturday,14,02:06 PM,Property Damage,No Injuries,0,0,0,0,0,4,Sideswipe Same Direction,12,N,N,Failing to Reduce Speed to Avoid Crash,Improper Lane Usage,Daylight,Clear,Dry,N,(N/A),Washington Blvd,(N/A),,Traffic Signal,Functioning Properly,N,2,41.8821819,-87.7747269,ok,(UNK),None,2501903,2025,0,28,20,50000andOVER,9,4295,Oak Park,C,(UNK),None,16,19,13058270,4,Cook,0,25,None,None,6,N,No,Free Flow,202501119680,None,1,7.55000019,N,N,200,F,(UNK),79638,(N/A),(UNK),No Defects,1,1,Minor Arterial,4,2790,X003789797,Not Toll,,3,4,Divided - w/median (not raised),2,2947941.48825993,1908669.58726789,41.88217403,-87.77472116,Not on Scene (Desk R,Urban,1,N,(N/A),Y,(N/A)
2025,2025-04-19,Saturday,13,01:15 PM,Injury,C Injury Crash,3,0,0,0,3,1,Angle,15,N,N,Failing to Yield Right of Way,Failing to Reduce Speed to Avoid Crash,Daylight,Cloudy/Overcast,Dry,Y,Van B,S Ridgeland Ave,S Ridgeland Ave/Van Buren St,,Stop Sign,Functioning Properly,N,2,41.87444,-87.78424,ok,(UNK),None,2501902,2025,0,2,28,50000andOVER,9,4295,Oak Park,C,(UNK),None,16,19,13058292,4,Cook,1,25,None,None,6,N,No,Slow,202501119703,None,1,0,N,,,,(UNK),79654,(N/A),(UNK),No Defects,1,1,Major Collector,5,0,X003789819,Not Toll,,2,4,Divided - w/median (not raised),2,2945429.15288535,1905776.20193309,41.87444,-87.78424,On Scene,Urban,8,N,(N/A),Y,(N/A)
2025,2025-04-19,Saturday,19,07:02 PM,Property Damage,No Injuries,0,0,0,0,0,3,Front to Rear,11,N,N,Failing to Reduce Speed to Avoid Crash,(N/A),Daylight,Clear,Dry,N,(N/A),S Oak Park Ave,(N/A),,Traffic Signal,No Controls,Y,2,41.8688,-87.79385,ok,(UNK),None,2501908,2025,0,28,99,50000andOVER,9,4295,Oak Park,C,(UNK),None,16,19,13058300,4,Cook,0,25,None,None,6,N,No,Stopped,202501119710,None,1,0,N,,,,(UNK),79659,(N/A),(UNK),No Defects,1,1,Major Collector,5,0,X003789826,Not Toll,,3,1,Not Divided,1,2942868.58919412,1903648.3425713,41.8688,-87.79385,On Scene,Urban,1,N,(N/A),Y,(N/A)
2025,2025-04-20,Sunday,15,03:05 PM,Injury,B Injury Crash,1,0,0,1,0,3,Front to Rear,11,N,N,Failing to Reduce Speed to Avoid Crash,Following Too Closely,Daylight,Cloudy/Overcast,Wet,N,(N/A),Madison St,(N/A),,No Controls,No Controls,N,3,41.87998,-87.77956,ok,(UNK),None,2501916,2025,0,28,3,50000andOVER,9,4295,Oak Park,C,(UNK),None,16,20,13058312,4,Cook,2,25,None,None,7,N,No,Stopped,202501119722,None,1,0.55000001,N,W,150,F,(UNK),79669,(N/A),(UNK),No Defects,1,2,Minor Arterial,4,3794,X003789838,Not Toll,,1,1,Divided - w/median (not raised),2,2946647.63222437,1907830.51478839,41.87998,-87.77956,On Scene,Urban,8,N,(N/A),Y,(N/A)
2025,2025-04-20,Sunday,23,11:37 PM,Property Damage,No Injuries,0,0,0,0,0,5,Turning,10,N,N,Failing to Reduce Speed to Avoid Crash,Improper Lane Usage,Darkness / Lighted Road,Rain,Wet,Y,I290,S Harlem Ave,I290/S Harlem Ave,,Traffic Signal,Functioning Properly,N,2,41.8735101,-87.8045199,ok,Partial Access Control,None,2501922,2025,0,28,20,50000andOVER,9,4295,Oak Park,C,(UNK),None,16,20,13058313,4,Cook,0,25,None,None,7,N,Yes,Slow,202501119723,None,5,7.69999981,Y,,,,(UNK),79670,163535Y,(UNK),No Defects,1,2,InterState,1,290,X003789839,Not Toll,73,3,4,Divided With Median Barrier,3,2939914.99321139,1905284.59140488,41.87350227,-87.80451409,On Scene,Urban,2,N,(N/A),Y,(N/A)
2025,2025-04-16,Wednesday,12,12:31 PM,Property Damage,No Injuries,0,0,0,0,0,2,Turning,10,N,N,Failing to Yield Right of Way,Driving Skills/Knowledge/Experience,Daylight,Clear,Dry,Y,Le Mo,N Harlem Ave,Le Moyne St/N Harlem Ave,,No Controls,No Controls,N,2,41.9070578,-87.8057258,ok,(UNK),None,2500453,2025,0,2,15,50000andOVER,9,4295,Oak Park,C,(UNK),None,16,16,13059259,4,Cook,0,25,None,None,3,N,No,Free Flow,202501120643,None,1,17.78000069,Y,,,,(UNK),80244,(N/A),(UNK),No Defects,1,1,Other Principal Arterial,3,348,X003790708,Not Toll,73,1,1,Divided - w/median (not raised),2,2939249.98366567,1917500.96559801,41.90705,-87.80572,On Scene,Urban,1,N,(N/A),Y,(N/A)
2025,2025-04-13,Sunday,15,03:10 PM,Injury,C Injury Crash,1,0,0,0,1,2,Turning,10,N,N,Failing to Yield Right of Way,Improper Turning/No Signal,Daylight,Clear,Dry,Y,Madis,S Ridgeland Ave,Madison St/S Ridgeland Ave,,Stop Sign,Functioning Properly,N,2,41.8797931,-87.784434,ok,(UNK),None,2501786,2025,0,2,6,50000andOVER,9,4295,Oak Park,C,(UNK),None,16,13,13059400,4,Cook,1,25,None,None,7,N,No,Free Flow,202501120765,None,1,1.52999997,N,S,50,F,(UNK),80325,(N/A),(UNK),No Defects,1,1,Major Collector,5,2783,X003790830,Not Toll,73,2,4,Not Divided,1,2945322.12759412,1907725.50223721,41.87978525,-87.78442825,On Scene,Urban,1,N,(N/A),Y,(N/A)
2025,2025-04-17,Thursday,18,06:11 PM,Property Damage,No Injuries,0,0,0,0,0,2,Front to Rear,11,N,N,Following Too Closely,Failing to Reduce Speed to Avoid Crash,Daylight,Clear,Dry,Y,Washi,Cuyler,Cuyler/Washington Blvd,,No Controls,No Controls,N,2,41.88173,-87.78284,ok,(UNK),None,2501867,2025,0,3,28,50000andOVER,9,4295,Oak Park,C,(UNK),None,16,17,13059852,4,Cook,0,25,None,None,4,N,No,Slow,202501121169,None,1,0,N,,,,(UNK),80590,(N/A),(UNK),No Defects,1,1,Major Collector,5,0,X003791246,Not Toll,,1,1,Divided - w/median (not raised),2,2945736.63452836,1908443.4054261,41.88173,-87.78284,On Scene,Urban,1,N,(N/A),Y,(N/A)
2025,2025-04-16,Wednesday,15,03:58 PM,Property Damage,No Injuries,0,0,0,0,0,1,Parked Motor Vehicle,9,N,N,Failing to Reduce Speed to Avoid Crash,(N/A),Daylight,Unknown,Dry,N,(N/A),S Oak Park Ave,(N/A),,No Controls,No Controls,Y,2,41.8727596,-87.7938647,ok,(UNK),None,2501929,2025,0,28,99,50000andOVER,9,4295,Oak Park,C,(UNK),None,16,16,13059856,4,Cook,0,25,None,None,3,N,No,Free Flow,202501121176,None,1,0.01,N,W,40,F,(UNK),80593,(N/A),(UNK),No Defects,1,1,Local Road or Street,7,290,X003791250,Not Toll,73,1,1,Not Divided,1,2942824.66481271,1905091.19199163,41.87275179,-87.79385895,Not on Scene (Desk R,Urban,9,N,(N/A),Y,(N/A)
2025,2025-04-21,Monday,15,03:38 PM,Property Damage,No Injuries,0,0,0,0,0,4,Angle,15,N,N,Failing to Reduce Speed to Avoid Crash,(N/A),Daylight,Clear,Dry,N,(N/A),North Blvd,(N/A),,Traffic Signal,Functioning Properly,N,2,41.8870806,-87.8049762,ok,(UNK),None,2501930,2025,0,28,99,50000andOVER,9,4295,Oak Park,C,(UNK),None,16,21,13059861,4,Cook,0,25,None,None,1,N,No,Slow,202501121182,None,1,19.15999985,Y,S,100,F,(UNK),80595,(N/A),(UNK),No Defects,1,1,Other Principal Arterial,3,348,X003791255,Not Toll,73,3,4,Divided - w/median (not raised),2,2939654.5383454,1910226.50276446,41.88707276,-87.80497044,On Scene,Urban,1,N,(N/A),Y,(N/A)
2025,2025-04-08,Tuesday,10,10:30 AM,Property Damage,No Injuries,0,0,0,0,0,2,Front to Rear,11,N,N,Failing to Reduce Speed to Avoid Crash,Following Too Closely,Unknown,Unknown,Dry,N,(N/A),I-290 Wb,(N/A),,No Controls,Functioning Properly,N,2,41.873783,-87.8045697,ok,Partial Access Control,None,03-25-08392,2025,0,28,3,50000andOVER,9,4295,Oak Park,C,(UNK),None,16,8,13061093,4,Cook,0,25,None,None,2,N,No,(UNK),202501122471,None,9,21.57999992,Y,W,10,F,(UNK),81378,(N/A),(UNK),No Defects,1,1,Other Principal Arterial,3,9290,X003792359,Not Toll,27,1,4,Divided With Median Barrier,3,2939898.68923382,1905383.6682959,41.87377517,-87.80456389,Not on Scene (Desk R,Urban,9,N,(N/A),Y,(N/A)
2025,2025-04-22,Tuesday,20,08:16 PM,Property Damage,No Injuries,0,0,0,0,0,3,Turning,10,N,N,Failing to Reduce Speed to Avoid Crash,Driving Skills/Knowledge/Experience,Darkness / Lighted Road,Clear,Dry,N,(N/A),Madison St,(N/A),401,Traffic Signal,Functioning Properly,N,2,41.87989,-87.78453,ok,(UNK),None,2501965,2025,0,28,15,50000andOVER,9,4295,Oak Park,C,(UNK),None,16,22,13061290,4,Cook,0,25,None,None,2,N,No,Free Flow,202501122688,None,5,0,N,,,,(UNK),81463,(N/A),(UNK),No Defects,1,1,Minor Arterial,4,0,X003792541,Not Toll,,3,4,Divided - w/median (not raised),2,2945295.01480777,1907760.08879984,41.87989,-87.78453,On Scene,Urban,1,N,(N/A),Y,(N/A)
2025,2025-04-22,Tuesday,5,05:10 AM,Property Damage,No Injuries,0,0,0,0,0,1,Sideswipe Same Direction,12,N,N,Failing to Reduce Speed to Avoid Crash,Unable to Determine,Darkness / Lighted Road,Clear,Dry,N,(N/A),S Oak Park Ave,(N/A),,No Controls,No Controls,Y,2,41.88328,-87.79433,ok,(UNK),None,2501941,2025,0,28,18,50000andOVER,9,4295,Oak Park,C,(UNK),None,16,22,13061295,4,Cook,0,25,None,None,2,N,No,Free Flow,202501122692,None,5,5.9000001,N,S,15,F,(UNK),81465,(N/A),(UNK),No Defects,1,1,Major Collector,5,2775,X003792546,Not Toll,,1,1,Not Divided,1,2942591.91603238,1908921.5004318,41.88328,-87.79433,On Scene,Urban,1,N,(N/A),Y,(N/A)
2025,2025-04-22,Tuesday,6,06:38 AM,Injury,B Injury Crash,3,0,0,3,0,0,Angle,15,N,N,Failing to Yield Right of Way,Failing to Reduce Speed to Avoid Crash,Daylight,Clear,Dry,Y,Super,N Taylor Ave,N Taylor Ave/Superior St,,Stop Sign,Functioning Properly,N,2,41.89317,-87.77838,ok,(UNK),None,2501942,2025,0,2,28,50000andOVER,9,4295,Oak Park,C,(UNK),None,16,22,13061306,4,Cook,2,25,None,None,2,N,Yes,Free Flow,202501122702,None,1,0,N,,,,(UNK),81468,(N/A),(UNK),No Defects,1,1,Local Road or Street,7,0,X003792555,Not Toll,,2,4,Not Divided,1,2946835.14359353,1912646.14780279,41.89317,-87.77838,On Scene,Urban,1,N,(N/A),Y,(N/A)
2025,2025-04-22,Tuesday,8,08:28 AM,Property Damage,No Injuries,0,0,0,0,0,4,Front to Rear,11,N,N,Unable to Determine,Unable to Determine,Daylight,Clear,Dry,N,(N/A),Jackson Blvd,(N/A),,No Controls,No Controls,Y,3,41.87539,-87.79868,ok,(UNK),None,2501943,2025,0,18,18,50000andOVER,9,4295,Oak Park,C,(UNK),None,16,22,13061313,4,Cook,0,25,None,None,2,N,Yes,Slow,202501122709,None,1,0,N,E,5,F,(UNK),81471,(N/A),(UNK),No Defects,1,1,Local Road or Street,7,0,X003792562,Not Toll,,1,1,Divided - w/median (not raised),2,2941486.67427486,1906013.50691052,41.87539,-87.79868,On Scene,Urban,1,N,(N/A),Y,(N/A)
2025,2025-04-17,Thursday,20,08:48 PM,Property Damage,No Injuries,0,0,0,0,0,2,Front to Rear,11,N,N,Following Too Closely,Failing to Reduce Speed to Avoid Crash,Darkness / Lighted Road,Clear,Dry,N,(N/A),I-290,(N/A),,Other,Functioning Properly,N,2,41.8713628,-87.7804321,ok,Partial Access Control,None,03-25-08838,2025,0,3,28,50000andOVER,9,4295,Oak Park,C,(UNK),None,16,17,13061731,4,Cook,0,25,None,None,4,N,No,(UNK),202501123110,None,5,8.89999962,Y,E,329,F,(UNK),81750,(N/A),(UNK),No Defects,1,1,InterState,1,290,X003792965,Not Toll,73,13,4,Divided With Median Barrier,3,2946497.48648945,1904683.64378033,41.87135497,-87.78042627,On Scene,Urban,1,N,(N/A),Y,(N/A)
2025,2025-04-23,Wednesday,17,05:45 PM,Property Damage,No Injuries,0,0,0,0,0,1,Parked Motor Vehicle,9,N,N,Failing to Reduce Speed to Avoid Crash,Unable to Determine,Daylight,Unknown,Dry,N,(N/A),Lake St,(N/A),259,No Controls,No Controls,Y,2,41.888253,-87.7822503,ok,(UNK),None,2501981,2025,0,28,18,50000andOVER,9,4295,Oak Park,C,(UNK),None,16,23,13061918,4,Cook,0,25,None,None,3,N,No,(UNK),202501123257,None,1,0.97000003,N,,,,(UNK),81862,(N/A),(UNK),No Defects,1,1,Major Collector,5,1405,X003793117,Not Toll,73,1,1,Parking Lot,7,2945831.14263951,1910824.96930105,41.88824514,-87.78224451,Not on Scene (Desk R,Urban,9,N,(N/A),Y,(N/A)
2025,2025-04-23,Wednesday,8,08:53 AM,Property Damage,No Injuries,0,0,0,0,0,2,Sideswipe Same Direction,12,N,N,Failing to Reduce Speed to Avoid Crash,Unable to Determine,Daylight,Rain,Wet,N,(N/A),North Ave,(N/A),,No Controls,No Controls,Y,2,41.9090534,-87.7926439,ok,(UNK),None,2501971,2025,0,28,18,50000andOVER,9,4295,Oak Park,C,(UNK),None,16,23,13062364,4,Cook,0,25,None,None,3,N,No,Slow,202501123635,None,1,6.5999999,Y,,,,(UNK),82035,(N/A),(UNK),No Defects,1,2,Other Principal Arterial,3,307,X003793497,Not Toll,73,1,1,Not Divided,1,2942791.0585982,1918326.52936187,41.90904556,-87.79263809,On Scene,Urban,2,N,(N/A),Y,(N/A)
2025,2025-04-23,Wednesday,16,04:18 PM,Property Damage,No Injuries,0,0,0,0,0,3,Sideswipe Same Direction,12,N,N,Improper Overtaking/Passing,Unable to Determine,Daylight,Clear,Dry,Y,S Har,Roosevelt Rd,Roosevelt Rd/S Harlem Ave,,Traffic Signal,Functioning Properly,Y,2,41.8650299,-87.8042159,ok,(UNK),None,2501979,2025,0,4,18,50000andOVER,9,4295,Oak Park,C,(UNK),None,16,23,13062391,4,Cook,0,25,None,None,3,N,No,Stopped,202501123660,None,1,5.98999977,Y,,,,(UNK),82054,(N/A),(UNK),No Defects,1,1,Other Principal Arterial,3,347,X003793523,Not Toll,52,3,4,Four Way,14,2940082.89394986,1902196.5197826,41.86502202,-87.80421006,Not on Scene (Desk R,Urban,1,N,(N/A),Y,(N/A)
2025,2025-04-23,Wednesday,8,08:18 AM,Property Damage,No Injuries,0,0,0,0,0,2,Sideswipe Same Direction,12,N,N,Failing to Reduce Speed to Avoid Crash,(N/A),Daylight,Clear,Wet,N,(N/A),South Blvd,(N/A),,No Controls,No Controls,N,2,41.8866428,-87.8049502,ok,(UNK),None,2501969,2025,0,28,99,50000andOVER,9,4295,Oak Park,C,(UNK),None,16,23,13063556,4,Cook,0,25,None,None,3,N,No,Slow,202501124641,None,1,19.19000053,Y,S,25,F,(UNK),82742,(N/A),(UNK),No Defects,1,2,Other Principal Arterial,3,348,X003794501,Not Toll,73,1,1,Divided - w/median (not raised),2,2939666.02745056,1910067.13639798,41.88663491,-87.80494438,On Scene,Urban,1,N,(N/A),Y,(N/A)
2025,2025-04-10,Thursday,19,07:18 PM,Property Damage,No Injuries,0,0,0,0,0,2,Sideswipe Same Direction,12,N,N,Failing to Reduce Speed to Avoid Crash,Unable to Determine,Daylight,Clear,Dry,N,(N/A),Ridgeland,(N/A),,Traffic Signal,Functioning Properly,N,2,41.88694,-87.78463,ok,(UNK),None,2501731,2025,0,28,18,50000andOVER,9,4295,Oak Park,C,(UNK),None,16,10,13063558,4,Cook,0,25,None,None,4,N,No,Free Flow,202501124642,None,1,1.02999997,N,S,10,F,(UNK),82743,(N/A),(UNK),No Defects,1,1,Major Collector,5,2783,X003794502,Not Toll,,3,4,Not Divided,1,2945196.43067976,1910328.48451731,41.88694,-87.78463,On Scene,Urban,1,N,(N/A),Y,(N/A)