crash_year,crash_date,day_of_week,crash_hour,time_of_crash,crash_severity,crash_injury_severity,total_injured,total_fatals,a_injuries,b_injuries,c_injuries,no_injuries,type_of_first_crash,collision_type_code,pedestrian_involved,pedalcyclist_involved,cause1,cause2,lighting_cond,weather_cond,road_surface_cond,intersection_related,is_intersection,highway_or_street_name,at_intersection_with,address_no,traffic_control_device,traffic_control_device_cond,hit_and_run,number_of_vehicles,latitude,longitude,location_status,access_control,agency_code,agency_report_number,agency_report_year,alignment_code,cause1_code,cause2_code,city_class,city_class_code,city_code,city_name,city_township_flag,class_of_trafficway,class_of_trafficway_code,county_code,crash_day,crash_id,crash_month,crash_report_county,crash_severity_cd,crash_yr_source,damaged_property1,damaged_property2,day_of_week_code,did_crash_occur_in_work_zone,did_involve_secondary_crash,flow_condition,icn,investigating_agency_descrip,light_condition_code,mile_station,nhs,non_intersection_direction,non_intersection_distance,non_intersection_units,number_of_lanes,objectid,railroad_crossing_number,road_alignment,road_defects,road_defects_code,road_surface_condition_code,roadway_functional_class,roadway_functional_class_code,route_number,sfe,toll,township,traffic_control_device_code,traffic_control_device_cond_code,trafficway_descrip,trafficway_description_code,ts_crash_coordinate_x,ts_crash_coordinate_y,ts_crash_latitude,ts_crash_longitude,type_report,urban_rural,weather_code,were_workers_present,work_zone,work_zone_related,work_zone_type
2025,2025-04-25,Friday,15,03:12 PM,Property Damage,No Injuries,0,0,0,0,0,3,Turning,10,N,N,Improper Lane Usage,Failing to Reduce Speed to Avoid Crash,Daylight,Clear,Dry,Y,Harle,Jackson Blvd,Harlem Ave/Jackson Blvd,,Traffic Signal,Functioning Properly,N,2,41.8759848,-87.8045958,ok,(UNK),None,25-1257,2025,0,20,28,50000andOVER,9,4295,Oak Park,C,(UNK),None,16,25,13064664,4,Cook,0,25,None,None,5,N,No,Free Flow,202501125644,None,1,19.93000031,Y,,,,(UNK),83367,(N/A),(UNK),No Defects,1,1,Other Principal Arterial,3,348,X003795480,Not Toll,73,3,4,Two-way Continuous Left-Turn Lane,4,2939869.49456576,1906185.86027551,41.875977,-87.80458997,Not on Scene (Desk R,Urban,1,N,(N/A),Y,(N/A)
2025,2025-04-26,Saturday,21,09:35 PM,Property Damage,No Injuries,0,0,0,0,0,5,Front to Rear,11,N,N,Following Too Closely,Failing to Reduce Speed to Avoid Crash,Darkness / Lighted Road,Clear,Dry,N,(N/A),I-290 W/B,(N/A),,Other,Functioning Properly,N,2,41.8712486,-87.7746115,ok,Partial Access Control,None,03-25-09689,2025,0,3,28,50000andOVER,9,4295,Oak Park,C,(UNK),None,16,26,13065580,4,Cook,0,25,None,None,6,N,No,(UNK),202501126516,None,5,9.18999958,Y,W,100,F,(UNK),84014,(N/A),(UNK),No Defects,1,1,InterState,1,290,X003796357,Not Toll,73,13,4,Divided With Median Barrier,3,2948084.01871658,1904686.18449198,41.87124079,-87.77460575,On Scene,Urban,1,N,(N/A),Y,(N/A)
2025,2025-04-24,Thursday,14,02:59 PM,Injury,C Injury Crash,3,0,0,0,3,0,Front to Rear,11,N,N,Equipment-Vehicle Condition,Failing to Reduce Speed to Avoid Crash,Daylight,Clear,Dry,N,(N/A),S Ridgeland Ave,(N/A),,Traffic Signal,Functioning Properly,N,3,41.8871061,-87.7846534,ok,(UNK),None,2501998,2025,0,10,28,50000andOVER,9,4295,Oak Park,C,(UNK),None,16,24,13065753,4,Cook,1,25,None,None,4,N,No,Stopped,202501126687,None,1,1.01999998,N,N,45,F,(UNK),84134,(N/A),(UNK),No Defects,1,1,Major Collector,5,2783,X003796528,Not Toll,73,3,4,Divided - w/median (not raised),2,2945188.37408792,1910388.84624839,41.88709828,-87.78464762,On Scene,Urban,1,N,(N/A),Y,(N/A)
2025,2025-04-27,Sunday,16,04:30 PM,Property Damage,No Injuries,0,0,0,0,0,2,Front to Rear,11,N,N,Failing to Reduce Speed to Avoid Crash,Unable to Determine,Daylight,Unknown,Unknown,N,(N/A),S Austin Blvd,(N/A),,Traffic Signal,Unknown,Y,2,41.8709559,-87.7744971,ok,Partial Access Control,None,2502062,2025,0,28,18,50000andOVER,9,4295,Oak Park,C,(UNK),None,16,27,13067407,4,Cook,0,25,None,None,7,N,No,Stopped,202501128218,None,1,9.19999981,Y,N,20,F,(UNK),85241,(N/A),(UNK),Unknown,99,9,InterState,1,290,X003798076,Not Toll,73,3,9,Not Divided,1,2948118.15953334,1904580.36399559,41.87094802,-87.77449133,Not on Scene (Desk R,Urban,9,N,(N/A),N,(N/A)
2025,2025-04-27,Sunday,17,05:09 PM,Injury,B Injury Crash,1,0,0,1,0,1,Front to Rear,11,N,N,Failing to Reduce Speed to Avoid Crash,Unable to Determine,Daylight,Clear,Dry,N,(N/A),Madison St,(N/A),101,No Controls,No Controls,N,2,41.87999,-87.77764,ok,(UNK),None,2502059,2025,0,28,18,50000andOVER,9,4295,Oak Park,C,(UNK),None,16,27,13067417,4,Cook,2,25,None,None,7,N,No,Slow,202501128228,None,1,4.46999979,N,,,,(UNK),85249,(N/A),(UNK),No Defects,1,1,Minor Arterial,4,1419,X003798086,Not Toll,,1,1,Not Divided,1,2947170.42307136,1907848.71649846,41.87999,-87.77764,On Scene,Urban,1,N,(N/A),Y,(N/A)
2025,2025-04-26,Saturday,18,06:53 PM,Property Damage,No Injuries,0,0,0,0,0,3,Turning,10,N,N,Failing to Yield Right of Way,(N/A),Daylight,Clear,Dry,Y,Fillm,S Oak Park Ave,Fillmore St/S Oak Park Ave,,Stop Sign,Functioning Properly,N,2,41.86698,-87.79378,ok,(UNK),None,2502044,2025,0,2,99,50000andOVER,9,4295,Oak Park,C,(UNK),None,16,26,13067428,4,Cook,0,25,None,None,6,N,No,Slow,202501128239,None,1,0,N,,,,(UNK),85257,(N/A),(UNK),No Defects,1,1,Major Collector,5,0,X003798097,Not Toll,,2,4,Four Way,14,2942905.99931354,1902985.62979811,41.86698,-87.79378,On Scene,Urban,1,N,(N/A),Y,(N/A)
2025,2025-04-25,Friday,23,11:44 PM,Injury,B Injury Crash,2,0,0,2,0,2,Sideswipe Same Direction,12,N,N,Improper Overtaking/Passing,Failing to Reduce Speed to Avoid Crash,Darkness / Lighted Road,Clear,Dry,N,(N/A),S Harlem Ave,(N/A),,No Controls,No Controls,Y,2,41.873737,-87.8045283,ok,Partial Access Control,None,2502029,2025,0,4,28,50000andOVER,9,4295,Oak Park,C,(UNK),None,16,25,13067464,4,Cook,2,25,None,None,5,N,No,Free Flow,202501128272,None,5,20.07999992,Y,S,15,F,(UNK),85283,(N/A),(UNK),No Defects,1,1,Other Principal Arterial,3,348,X003798130,Not Toll,73,1,1,Divided - w/median (not raised),2,2939910.42391008,1905367.2080439,41.87372915,-87.8045225,On Scene,Urban,1,N,(N/A),Y,(N/A)
2025,2025-04-25,Friday,15,03:31 PM,Property Damage,No Injuries,0,0,0,0,0,5,Turning,10,N,N,Failing to Yield Right of Way,Failing to Reduce Speed to Avoid Crash,Daylight,Cloudy/Overcast,Wet,N,(N/A),Roosevelt Rd,(N/A),,Traffic Signal,Functioning Properly,Y,3,41.8650271,-87.8042158,ok,(UNK),None,2502017,2025,0,2,28,50000andOVER,9,4295,Oak Park,C,(UNK),None,16,25,13067481,4,Cook,0,25,None,None,5,N,No,Stopped,202501128287,None,1,5.98999977,Y,E,100,F,(UNK),85292,(N/A),(UNK),No Defects,1,2,Other Principal Arterial,3,347,X003798145,Not Toll,52,3,4,Not Divided,1,2940082.9452405,1902195.5246047,41.86501928,-87.80420998,On Scene,Urban,8,N,(N/A),Y,(N/A)
2025,2025-04-28,Monday,16,04:25 PM,Injury,B Injury Crash,1,0,0,1,0,1,Pedestrian,1,Y,N,Failing to Yield Right of Way,Failing to Reduce Speed to Avoid Crash,Daylight,Clear,Dry,N,(N/A),S Maple Ave,(N/A),,Stop Sign,Functioning Properly,N,1,41.87961,-87.80383,ok,(UNK),None,2502082,2025,0,2,28,50000andOVER,9,4295,Oak Park,C,(UNK),None,16,28,13068235,4,Cook,2,25,None,None,1,N,No,Slow,202501128945,None,1,3.1099999,N,,,,(UNK),85754,(N/A),(UNK),No Defects,1,1,Minor Arterial,4,1419,X003798816,Not Toll,,2,4,Four Way,14,2940041.66722503,1907512.67436288,41.87961,-87.80383,On Scene,Urban,1,N,(N/A),Y,(N/A)
2025,2025-04-28,Monday,12,12:36 PM,Property Damage,No Injuries,0,0,0,0,0,1,Parked Motor Vehicle,9,N,N,Failing to Reduce Speed to Avoid Crash,Unable to Determine,Daylight,Clear,Dry,N,(N/A),Washington Blvd,(N/A),1008,No Controls,No Controls,N,2,41.88149,-87.80037,ok,(UNK),None,2502077,2025,0,28,18,50000andOVER,9,4295,Oak Park,C,(UNK),None,16,28,13068240,4,Cook,0,25,None,None,1,N,No,Free Flow,202501128949,None,1,0.23,N,,,,(UNK),85757,(N/A),(UNK),No Defects,1,1,Major Collector,5,5,X003798820,Not Toll,,1,1,Not Divided,1,2940965.06673952,1908223.75575664,41.88149,-87.80037,On Scene,Urban,1,N,(N/A),Y,(N/A)
2025,2025-04-25,Friday,16,04:30 PM,Property Damage,No Injuries,0,0,0,0,0,2,Turning,10,N,N,Failing to Reduce Speed to Avoid Crash,Unable to Determine,Daylight,Unknown,Unknown,N,(N/A),North Ave,(N/A),6431,No Controls,No Controls,N,2,41.9091322,-87.786471,ok,(UNK),None,2502076,2025,0,28,18,50000andOVER,9,4295,Oak Park,C,(UNK),None,16,25,13068250,4,Cook,0,25,None,None,5,N,No,Free Flow,202501128959,None,1,6.92000008,Y,,,,(UNK),85764,(N/A),(UNK),Unknown,99,9,Other Principal Arterial,3,307,X003798830,Not Toll,73,1,1,Not Divided,1,2944470.61184685,1918401.84679506,41.90912438,-87.78646523,Not on Scene (Desk R,Urban,9,N,(N/A),N,(N/A)
2025,2025-04-29,Tuesday,15,03:09 PM,Property Damage,No Injuries,0,0,0,0,0,3,Angle,15,N,N,Disregarding Stop Sign,(N/A),Daylight,Clear,Dry,Y,Jacks,S East Ave,Jackson Blvd/S East Ave,,Stop Sign,Functioning Properly,N,2,41.87619,-87.78921,ok,(UNK),None,2502105,2025,0,23,99,50000andOVER,9,4295,Oak Park,C,(UNK),None,16,29,13069562,4,Cook,0,25,None,None,2,N,Yes,Free Flow,202501130287,None,1,0.87,N,,,,(UNK),86574,(N/A),(UNK),No Defects,1,1,Minor Collector,6,2779,X003800031,Not Toll,,2,4,Not Divided,1,2944057.83390153,1906376.38015303,41.87619,-87.78921,On Scene,Urban,1,N,(N/A),Y,(N/A)
2025,2025-04-29,Tuesday,11,11:57 AM,Property Damage,No Injuries,0,0,0,0,0,3,Front to Rear,11,N,N,Following Too Closely,Failing to Reduce Speed to Avoid Crash,Daylight,Clear,Dry,N,(N/A),Lake St,(N/A),,Traffic Signal,Functioning Properly,N,2,41.88828,-87.7847,ok,(UNK),None,2502099,2025,0,3,28,50000andOVER,9,4295,Oak Park,C,(UNK),None,16,29,13069564,4,Cook,0,25,None,None,2,N,No,Stopped,202501130289,None,1,0.93000001,N,S,200,F,(UNK),86575,(N/A),(UNK),No Defects,1,1,Major Collector,5,2783,X003800033,Not Toll,,3,4,Divided - w/median (not raised),2,2945163.80667771,1910816.2764967,41.88828,-87.7847,Not on Scene (Desk R,Urban,1,N,(N/A),Y,(N/A)
2025,2025-04-29,Tuesday,4,04:03 AM,Property Damage,No Injuries,0,0,0,0,0,1,Fixed Object,6,N,N,Under Influence of Alcohol/Drugs,Failing to Reduce Speed to Avoid Crash,Darkness,Clear,Dry,Y,Chica,N Austin Blvd,Chicago Ave/N Austin Blvd,,Traffic Signal,Functioning Properly,N,1,41.8947177,-87.7751666,ok,(UNK),None,2502094,2025,0,8,28,50000andOVER,9,4295,Oak Park,C,(UNK),None,16,29,13069575,4,Cook,0,25,None,None,2,N,No,Free Flow,202501130301,None,4,6.65999985,N,,,,(UNK),86581,(N/A),(UNK),No Defects,1,1,Minor Arterial,4,2790,X003800044,Not Toll,,3,4,Divided - w/median (not raised),2,2947694.36333543,1913234.54764652,41.89470986,-87.77516083,On Scene,Urban,1,N,(N/A),Y,(N/A)
2025,2025-04-07,Monday,8,08:03 AM,Property Damage,No Injuries,0,0,0,0,0,2,Front to Rear,11,N,N,Failing to Reduce Speed to Avoid Crash,Driving Skills/Knowledge/Experience,Daylight,Clear,Dry,N,(N/A),Eisenhower Expy,(N/A),,No Controls,No Controls,N,2,41.8717565,-87.7820702,ok,Partial Access Control,None,03-25-00789,2025,0,28,15,50000andOVER,9,4295,Oak Park,C,(UNK),None,16,7,13069665,4,Cook,0,25,None,None,1,N,No,(UNK),202501130393,None,1,8.81000042,Y,E,584,F,(UNK),86649,(N/A),(UNK),No Defects,1,1,InterState,1,290,X003800131,Not Toll,73,1,1,Divided With Median Barrier,3,2946047.2958346,1904814.71822739,41.87174869,-87.78206445,On Scene,Urban,1,N,(N/A),Y,(N/A)
2025,2025-04-24,Thursday,0,00:45 AM,Property Damage,No Injuries,0,0,0,0,0,4,Front to Rear,11,N,N,Following Too Closely,Failing to Reduce Speed to Avoid Crash,Darkness / Lighted Road,Clear,Dry,N,(N/A),I-290,(N/A),,Other,Functioning Properly,Y,3,41.8712261,-87.7787994,ok,Partial Access Control,None,03-25-09393,2025,0,3,28,50000andOVER,9,4295,Oak Park,C,(UNK),None,16,24,13070675,4,Cook,0,25,None,None,4,Y,No,(UNK),202501131356,None,5,8.97999954,Y,W,.25,M,(UNK),87329,(N/A),(UNK),No Defects,1,1,InterState,1,290,X003801070,Not Toll,73,13,4,Divided With Median Barrier,3,2946943.56520083,1904646.20567427,41.87121828,-87.77879363,On Scene,Urban,1,Y,Maintenance,Y,Maintenance Work Zone
2025,2025-04-30,Wednesday,18,06:30 PM,Property Damage,No Injuries,0,0,0,0,0,4,Rear to Front,18,N,N,Failing to Reduce Speed to Avoid Crash,(N/A),Daylight,Unknown,Unknown,Y,N Hum,North Ave,N Humphrey Ave/North Ave,,Stop Sign,Functioning Properly,Y,2,41.9092379,-87.7769054,ok,(UNK),None,2502131,2025,0,28,99,50000andOVER,9,4295,Oak Park,C,(UNK),None,16,30,13071103,4,Cook,0,25,None,None,3,N,No,Free Flow,202501131736,None,1,7.40999985,Y,,,,(UNK),87599,(N/A),(UNK),Unknown,99,9,Other Principal Arterial,3,307,X003801451,Not Toll,73,2,4,Not Divided,1,2947073.46437981,1918512.77803963,41.90923,-87.77689956,On Scene,Urban,9,N,(N/A),N,(N/A)
2025,2025-04-30,Wednesday,10,10:30 AM,Property Damage,No Injuries,0,0,0,0,0,2,Front to Rear,11,N,N,Following Too Closely,Failing to Reduce Speed to Avoid Crash,Daylight,Cloudy/Overcast,Dry,N,(N/A),N Marion St,(N/A),,Traffic Signal,Functioning Properly,N,2,41.88862,-87.80251,ok,(UNK),None,2502120,2025,0,3,28,50000andOVER,9,4295,Oak Park,C,(UNK),None,16,30,13071110,4,Cook,0,25,None,None,3,N,No,Stopped,202501131742,None,1,0,N,W,150,F,(UNK),87602,(N/A),(UNK),No Defects,1,1,Major Collector,5,0,X003801457,Not Toll,,3,4,Not Divided,1,2940310.6547461,1910805.98793154,41.88862,-87.80251,On Scene,Urban,8,N,(N/A),Y,(N/A)
2025,2025-04-30,Wednesday,12,12:40 PM,Property Damage,No Injuries,0,0,0,0,0,2,Sideswipe Same Direction,12,N,N,Improper Lane Usage,Following Too Closely,Daylight,Rain,Wet,N,(N/A),I-290 E/B,(N/A),,Other,Functioning Properly,N,2,41.8739543,-87.8092003,ok,Partial Access Control,None,03-25-10047,2025,0,20,3,50000andOVER,9,4295,Oak Park,C,(UNK),None,16,30,13071223,4,Cook,0,25,None,None,3,N,No,(UNK),202501131816,None,1,7.55999994,Y,E,100,F,(UNK),87677,(N/A),(UNK),No Defects,1,2,InterState,1,290,X003801526,Not Toll,,13,4,Divided With Median Barrier,3,2938635.74535397,1905411.4128113,41.87395435,-87.80920034,Not on Scene (Desk R,Urban,2,N,(N/A),Y,(N/A)
2025,2025-04-30,Wednesday,10,10:38 AM,Property Damage,No Injuries,0,0,0,0,0,3,Sideswipe Same Direction,12,N,N,Failing to Yield Right of Way,Driving Skills/Knowledge/Experience,Daylight,Clear,Dry,N,(N/A),North Ave,(N/A),7005,No Controls,No Controls,N,2,41.9089209,-87.8004137,ok,(UNK),None,2502119,2025,0,2,15,50000andOVER,9,4295,Oak Park,C,(UNK),None,16,30,13071238,4,Cook,0,25,None,None,3,N,No,Free Flow,202501131831,None,1,6.19999981,Y,,,,(UNK),87685,(N/A),(UNK),No Defects,1,1,Other Principal Arterial,3,307,X003801541,Not Toll,73,1,1,Divided With Median Barrier,3,2940677.33766153,1918219.75610975,41.90891302,-87.80040786,On Scene,Urban,1,N,(N/A),Y,(N/A)
2025,2025-04-28,Monday,18,06:21 PM,Property Damage,No Injuries,0,0,0,0,0,3,Turning,10,N,N,Unable to Determine,(N/A),Daylight,Clear,Dry,N,(N/A),S Harvey Ave,(N/A),411,No Controls,No Controls,N,2,41.88727,-87.78137,ok,(UNK),None,2502084,2025,0,18,99,50000andOVER,9,4295,Oak Park,C,(UNK),None,16,28,13071244,4,Cook,0,25,None,None,1,N,No,Free Flow,202501131835,None,1,0,N,,,,(UNK),87687,(N/A),(UNK),No Defects,1,1,Local Road or Street,7,0,X003801545,Not Toll,,1,1,Not Divided,1,2946080.81684817,1910473.41530865,41.88727,-87.78137,On Scene,Urban,1,N,(N/A),Y,(N/A)
2025,2025-04-28,Monday,23,11:16 PM,Property Damage,No Injuries,0,0,0,0,0,2,Fixed Object,6,N,N,Failing to Reduce Speed to Avoid Crash,Improper Lane Usage,Darkness,Clear,Dry,Y,Austi,Augusta St,Augusta St/Austin,,Traffic Signal,Functioning Properly,N,3,41.8983679,-87.7752663,ok,(UNK),None,2502092,2025,0,28,20,50000andOVER,9,4295,Oak Park,C,(UNK),None,16,28,13071246,4,Cook,0,25,FIRE HYDRANT,None,1,N,No,Free Flow,202501131837,None,4,6.36000013,N,,,,(UNK),87689,(N/A),(UNK),No Defects,1,1,Minor Arterial,4,2790,X003801547,Not Toll,,3,4,Divided - w/median (not raised),2,2947630.13094734,1914564.00198376,41.89836008,-87.77526049,On Scene,Urban,1,N,(N/A),Y,(N/A)
2025,2025-04-25,Friday,5,05:00 AM,Injury,B Injury Crash,1,0,0,1,0,1,Sideswipe Same Direction,12,N,N,Failing to Reduce Speed to Avoid Crash,Improper Lane Usage,Darkness / Lighted Road,Clear,Dry,N,(N/A),I-290,(N/A),,Other,Functioning Properly,Y,2,41.8720677,-87.788977,ok,Partial Access Control,None,03-25-09499,2025,0,28,20,50000andOVER,9,4295,Oak Park,C,(UNK),None,16,25,13072191,4,Cook,2,25,None,None,5,N,No,(UNK),202501132672,None,5,8.46000004,Y,W,.25,M,(UNK),88284,(N/A),(UNK),No Defects,1,1,InterState,1,290,X003802387,Not Toll,73,13,4,Divided With Median Barrier,3,2944162.93403018,1904875.90224882,41.87205987,-87.78897119,On Scene,Urban,1,N,(N/A),Y,(N/A)
2025,2025-04-13,Sunday,22,10:09 PM,Property Damage,No Injuries,0,0,0,0,0,5,Front to Rear,11,N,N,Following Too Closely,Driving Skills/Knowledge/Experience,Darkness / Lighted Road,Clear,Dry,N,(N/A),Harlem,(N/A),600,No Controls,No Controls,Y,3,41.8756432,-87.8045858,ok,(UNK),None,25-01123,2025,0,3,15,50000andOVER,9,4295,Oak Park,C,(UNK),None,16,13,13073444,4,Cook,0,25,None,None,7,N,Yes,Stopped,202501133819,None,5,19.95000076,Y,,,,(UNK),89063,(N/A),(UNK),No Defects,1,1,Other Principal Arterial,3,348,X003803537,Not Toll,73,1,1,Divided - w/median (not raised),2,2939875.62685963,1906061.43075469,41.87563535,-87.80458004,On Scene,Urban,1,N,(N/A),Y,(N/A)
2025,2025-04-30,Wednesday,22,10:05 PM,Injury,B Injury Crash,4,0,0,4,0,1,Front to Rear,11,N,N,Following Too Closely,Failing to Reduce Speed to Avoid Crash,Darkness / Lighted Road,Clear,Dry,N,(N/A),I290 E/B,(N/A),,Delineators,Functioning Properly,N,3,41.8725103,-87.7941835,ok,Partial Access Control,None,03-25-10064,2025,0,3,28,50000andOVER,9,4295,Oak Park,C,(UNK),None,16,30,13074230,4,Cook,2,25,None,None,3,N,Yes,(UNK),202501134541,None,5,8.18000031,Y,W,71,F,(UNK),89609,(N/A),(UNK),No Defects,1,1,InterState,1,290,X003804270,Not Toll,73,14,4,Divided With Median Barrier,3,2942740.34547551,1904997.93076611,41.87250246,-87.79417775,On Scene,Urban,1,N,(N/A),Y,(N/A)
2025,2025-05-03,Saturday,18,06:00 PM,Property Damage,No Injuries,0,0,0,0,0,2,Front to Rear,11,N,N,Failing to Reduce Speed to Avoid Crash,Driving Skills/Knowledge/Experience,Daylight,Clear,Dry,N,(N/A),Eisenhower Expy,(N/A),,Other,Functioning Properly,N,2,41.873286,-87.7996452,ok,Partial Access Control,None,03-25-10363,2025,0,28,15,50000andOVER,9,4295,Oak Park,C,(UNK),None,16,3,13074264,5,Cook,0,25,None,None,6,N,No,(UNK),202501134572,None,1,7.92999983,Y,E,5,F,(UNK),89633,(N/A),(UNK),No Defects,1,1,InterState,1,290,X003804301,Not Toll,73,13,4,Divided With Median Barrier,3,2941244.94568681,1905239.49858208,41.87327811,-87.79963941,On Scene,Urban,1,N,(N/A),Y,(N/A)
2025,2025-05-03,Saturday,22,10:05 PM,Property Damage,No Injuries,0,0,0,0,0,2,Front to Rear,11,N,N,Following Too Closely,Failing to Reduce Speed to Avoid Crash,Darkness / Lighted Road,Clear,Dry,N,(N/A),Harlem,(N/A),400,No Controls,No Controls,N,2,41.8780018,-87.8046608,ok,(UNK),None,25-01361,2025,0,3,28,50000andOVER,9,4295,Oak Park,C,(UNK),None,16,3,13074289,5,Cook,0,25,None,None,6,N,No,Stopped,202501134595,None,5,19.79000092,Y,,,,(UNK),89651,(N/A),(UNK),No Defects,1,1,Other Principal Arterial,3,348,X003804324,Not Toll,73,1,1,Divided - w/median (not raised),2,2939831.55058184,1906920.39416089,41.87799398,-87.80465497,On Scene,Urban,1,N,(N/A),Y,(N/A)
2025,2025-05-02,Friday,20,08:25 PM,Property Damage,No Injuries,0,0,0,0,0,2,Turning,10,N,N,Failing to Reduce Speed to Avoid Crash,Unable to Determine,Darkness / Lighted Road,Clear,Dry,Y,Madis,Harlem Ave,Harlem Ave/Madison,,No Controls,No Controls,Y,2,41.87972,-87.8047365,ok,(UNK),None,25-01354,2025,0,28,18,50000andOVER,9,4295,Oak Park,C,(UNK),None,16,2,13074645,5,Cook,0,25,None,None,5,N,No,Free Flow,202501134944,None,5,19.68000031,Y,N,20.00,F,(UNK),89899,(N/A),(UNK),No Defects,1,1,Other Principal Arterial,3,348,X003804674,Not Toll,73,1,1,Divided - w/median (not raised),2,2939793.69001948,1907545.94524922,41.87971211,-87.80473069,Not on Scene (Desk R,Urban,1,N,(N/A),Y,(N/A)
2025,2025-05-02,Friday,11,11:33 AM,Property Damage,No Injuries,0,0,0,0,0,3,Front to Rear,11,N,N,Failing to Reduce Speed to Avoid Crash,(N/A),Daylight,Clear,Dry,N,(N/A),Roosevelt Rd,(N/A),,No Controls,No Controls,N,2,41.865244,-87.7890957,ok,(UNK),None,2502159,2025,0,28,99,50000andOVER,9,4295,Oak Park,C,(UNK),None,16,2,13075837,5,Cook,0,25,None,None,5,N,No,Free Flow,202501135989,None,1,6.76999998,Y,W,75,F,(UNK),90697,(N/A),(UNK),No Defects,1,1,Other Principal Arterial,3,347,X003805732,Not Toll,52,1,1,Divided - w/median (not raised),2,2944199.50913111,1902388.31483376,41.86523613,-87.7890899,On Scene,Urban,1,N,(N/A),Y,(N/A)
2025,2025-04-20,Sunday,12,12:00 PM,Property Damage,No Injuries,0,0,0,0,0,2,Parked Motor Vehicle,9,N,N,Improper Lane Usage,Failing to Reduce Speed to Avoid Crash,Daylight,Rain,Wet,N,(N/A),S East Ave,(N/A),801,Stop Sign,Functioning Properly,N,2,41.87432,-87.78914,ok,(UNK),None,2502168,2025,0,20,28,50000andOVER,9,4295,Oak Park,C,(UNK),None,16,20,13075842,4,Cook,0,25,None,None,7,N,No,Free Flow,202501135993,None,1,0,N,,,,(UNK),90700,(N/A),(UNK),No Defects,1,2,Minor Collector,6,0,X003805736,Not Toll,,2,4,Not Divided,1,2944095.78538881,1905695.44656638,41.87432,-87.78914,Not on Scene (Desk R,Urban,2,N,(N/A),Y,(N/A)
2025,2025-05-02,Friday,19,07:43 PM,Property Damage,No Injuries,0,0,0,0,0,2,Front to Rear,11,N,N,Failing to Reduce Speed to Avoid Crash,Driving Skills/Knowledge/Experience,Daylight,Clear,Dry,Y,Washi,S Oak Park Ave,S Oak Park Ave/Washington Blvd,,Traffic Signal,Functioning Properly,N,2,41.88155,-87.79427,ok,(UNK),None,2502173,2025,0,28,15,50000andOVER,9,4295,Oak Park,C,(UNK),None,16,2,13075843,5,Cook,0,25,None,None,5,N,No,Free Flow,202501135994,None,1,0,N,,,,(UNK),90701,(N/A),(UNK),No Defects,1,1,Major Collector,5,0,X003805737,Not Toll,,3,4,Not Divided,1,2942625.69287431,1908291.50854355,41.88155,-87.79427,Not on Scene (Desk R,Urban,1,N,(N/A),Y,(N/A)
2025,2025-05-04,Sunday,4,04:37 AM,Property Damage,No Injuries,0,0,0,0,0,2,Front to Rear,11,N,N,Improper Lane Usage,(N/A),Darkness / Lighted Road,Clear,Dry,N,(N/A),Thomas St,(N/A),699,No Controls,No Controls,N,2,41.89973,-87.79238,ok,(UNK),None,2502192,2025,0,20,99,50000andOVER,9,4295,Oak Park,C,(UNK),None,16,4,13075844,5,Cook,0,25,None,None,7,N,No,Free Flow,202501135995,None,5,0,N,,,,(UNK),90702,(N/A),(UNK),No Defects,1,1,Local Road or Street,7,0,X003805738,Not Toll,,1,1,Not Divided,1,2942956.98300379,1914930.88550266,41.89973,-87.79238,On Scene,Urban,1,N,(N/A),Y,(N/A)
2025,2025-04-10,Thursday,15,03:15 PM,Property Damage,No Injuries,0,0,0,0,0,3,Front to Rear,11,N,N,Failing to Reduce Speed to Avoid Crash,Driving Skills/Knowledge/Experience,Daylight,Unknown,Unknown,N,(N/A),Eisenhower Expy,(N/A),,No Controls,No Controls,N,3,41.8721233,-87.7896424,ok,Partial Access Control,None,03-25-08464,2025,0,28,15,50000andOVER,9,4295,Oak Park,C,(UNK),None,16,10,13075866,4,Cook,0,25,None,None,4,N,No,(UNK),202501136015,None,1,8.42000008,Y,E,168,F,(UNK),90716,(N/A),(UNK),No Defects,1,9,InterState,1,290,X003805760,Not Toll,73,1,1,Divided With Median Barrier,3,2943981.1345347,1904891.1489686,41.87211549,-87.78963659,Not on Scene (Desk R,Urban,9,N,(N/A),Y,(N/A)
2025,2025-05-03,Saturday,11,11:44 AM,Property Damage,No Injuries,0,0,0,0,0,4,Turning,10,N,N,Failing to Yield Right of Way,Failing to Reduce Speed to Avoid Crash,Daylight,Clear,Dry,Y,Garfi,S Harlem Ave,Garfield St/S Harlem Ave,,Traffic Signal,Functioning Properly,N,2,41.87231,-87.8044659,ok,(UNK),None,2502183,2025,0,2,28,50000andOVER,9,4295,Oak Park,C,(UNK),None,16,3,13075880,5,Cook,0,25,None,None,6,N,No,Free Flow,202501136028,None,1,20.18000031,Y,,,,(UNK),90728,(N/A),(UNK),No Defects,1,1,Other Principal Arterial,3,348,X003805774,Not Toll,73,3,4,Four Way,14,2939941.73917192,1904847.66118026,41.87230217,-87.8044601,On Scene,Urban,1,N,(N/A),Y,(N/A)