crash_year,crash_date,day_of_week,crash_hour,time_of_crash,crash_severity,crash_injury_severity,total_injured,total_fatals,a_injuries,b_injuries,c_injuries,no_injuries,type_of_first_crash,collision_type_code,pedestrian_involved,pedalcyclist_involved,cause1,cause2,lighting_cond,weather_cond,road_surface_cond,intersection_related,is_intersection,highway_or_street_name,at_intersection_with,address_no,traffic_control_device,traffic_control_device_cond,hit_and_run,number_of_vehicles,latitude,longitude,location_status,access_control,agency_code,agency_report_number,agency_report_year,alignment_code,cause1_code,cause2_code,city_class,city_class_code,city_code,city_name,city_township_flag,class_of_trafficway,class_of_trafficway_code,county_code,crash_day,crash_id,crash_month,crash_report_county,crash_severity_cd,crash_yr_source,damaged_property1,damaged_property2,day_of_week_code,did_crash_occur_in_work_zone,did_involve_secondary_crash,flow_condition,icn,investigating_agency_descrip,light_condition_code,mile_station,nhs,non_intersection_direction,non_intersection_distance,non_intersection_units,number_of_lanes,objectid,railroad_crossing_number,road_alignment,road_defects,road_defects_code,road_surface_condition_code,roadway_functional_class,roadway_functional_class_code,route_number,sfe,toll,township,traffic_control_device_code,traffic_control_device_cond_code,trafficway_descrip,trafficway_description_code,ts_crash_coordinate_x,ts_crash_coordinate_y,ts_crash_latitude,ts_crash_longitude,type_report,urban_rural,weather_code,were_workers_present,work_zone,work_zone_related,work_zone_type
2025,2025-05-03,Saturday,22,10:47 PM,Property Damage,No Injuries,0,0,0,0,0,8,Angle,15,N,N,Failing to Yield Right of Way,Failing to Reduce Speed to Avoid Crash,Darkness / Lighted Road,Clear,Dry,Y,Le Mo,N Ridgeland Ave,Le Moyne Pkwy/N Ridgeland Ave,,Stop Sign,Functioning Properly,N,3,41.90732,-87.78335,ok,(UNK),None,2502191,2025,0,2,28,50000andOVER,9,4295,Oak Park,C,(UNK),None,16,3,13076843,5,Cook,0,25,None,None,6,N,Yes,Free Flow,202501136937,None,5,0,N,,,,(UNK),91350,(N/A),(UNK),No Defects,1,1,Major Collector,5,0,X003806659,Not Toll,,2,4,Not Divided,1,2945338.56352116,1917765.03698614,41.90732,-87.78335,On Scene,Urban,1,N,(N/A),Y,(N/A)
2025,2025-04-05,Saturday,9,09:48 AM,Property Damage,No Injuries,0,0,0,0,0,2,Front to Rear,11,N,N,Failing to Reduce Speed to Avoid Crash,Unable to Determine,Daylight,Cloudy/Overcast,Dry,Y,Madis,Austin Blvd,Austin Blvd/Madison St,,Traffic Signal,Functioning Properly,N,2,41.88007,-87.77463,ok,(UNK),None,2501627,2025,0,28,18,50000andOVER,9,4295,Oak Park,C,(UNK),None,16,5,13076858,4,Cook,0,25,None,None,6,N,No,Free Flow,202501136942,None,1,0,N,,,,(UNK),91353,(N/A),(UNK),No Defects,1,1,Minor Arterial,4,0,X003806664,Not Toll,,3,4,Four Way,14,2947989.35279277,1907900.71554516,41.88007,-87.77463,On Scene,Urban,8,N,(N/A),Y,(N/A)
2025,2025-05-05,Monday,8,08:00 AM,Property Damage,No Injuries,0,0,0,0,0,3,Angle,15,N,N,Improper Lane Usage,Failing to Reduce Speed to Avoid Crash,Daylight,Cloudy/Overcast,Dry,N,(N/A),N Oak Park Ave,(N/A),,Traffic Signal,Functioning Properly,N,2,41.89439,-87.79472,ok,(UNK),None,2502213,2025,0,20,28,50000andOVER,9,4295,Oak Park,C,(UNK),None,16,5,13078156,5,Cook,0,25,None,None,1,N,No,Slow,202501138123,None,1,0,N,S,100,F,(UNK),92146,(N/A),(UNK),No Defects,1,1,Minor Arterial,4,0,X003807855,Not Toll,,3,4,Two-way Continuous Left-Turn Lane,4,2942373.73445311,1912967.25512267,41.89439,-87.79472,On Scene,Urban,8,N,(N/A),Y,(N/A)
2025,2025-05-06,Tuesday,7,07:00 AM,Injury,B Injury Crash,1,0,0,1,0,3,Angle,15,N,N,Failing to Yield Right of Way,Unable to Determine,Daylight,Clear,Dry,Y,N Elm,Division St,Division St/N Elmwood Ave,,Stop Sign,Functioning Properly,N,2,41.9018583,-87.7867445,ok,(UNK),None,2502237,2025,0,2,18,50000andOVER,9,4295,Oak Park,C,(UNK),None,16,6,13078163,5,Cook,2,25,None,None,2,N,No,Free Flow,202501138130,None,1,1.95000005,N,,,,(UNK),92150,(N/A),(UNK),No Defects,1,1,Major Collector,5,1394,X003807862,Not Toll,73,2,4,Four Way,14,2944469.74555668,1915749.01374075,41.90185045,-87.78673872,On Scene,Urban,1,N,(N/A),Y,(N/A)
2025,2025-05-06,Tuesday,14,02:28 PM,Property Damage,No Injuries,0,0,0,0,0,3,Front to Rear,11,N,N,Failing to Reduce Speed to Avoid Crash,(N/A),Daylight,Clear,Dry,N,(N/A),N Kenilworth Ave,(N/A),,Traffic Signal,Functioning Properly,N,2,41.89434,-87.79771,ok,(UNK),None,2502246,2025,0,28,99,50000andOVER,9,4295,Oak Park,C,(UNK),None,16,6,13078543,5,Cook,0,25,None,None,2,N,No,Slow,202501138482,None,1,0,N,W,5FT,F,(UNK),92422,(N/A),(UNK),No Defects,1,1,Minor Arterial,4,0,X003808218,Not Toll,,3,4,Divided - w/median (not raised),2,2941560.12637889,1912926.53007039,41.89434,-87.79771,On Scene,Urban,1,N,(N/A),Y,(N/A)
2025,2025-05-06,Tuesday,16,04:26 PM,Injury,C Injury Crash,1,0,0,0,1,1,Front to Rear,11,N,N,Failing to Reduce Speed to Avoid Crash,Following Too Closely,Daylight,Clear,Dry,Y,Chica,Belleforte Ave,Belleforte Ave/Chicago Ave,,Stop Sign,Functioning Properly,N,2,41.89426,-87.80189,ok,(UNK),None,2502250,2025,0,28,3,50000andOVER,9,4295,Oak Park,C,(UNK),None,16,6,13078565,5,Cook,1,25,None,None,2,N,No,Free Flow,202501138504,None,1,0,N,,,,(UNK),92438,(N/A),(UNK),No Defects,1,1,Minor Arterial,4,0,X003808239,Not Toll,,2,4,Not Divided,1,2940422.80742331,1912865.96362608,41.89426,-87.80189,On Scene,Urban,1,N,(N/A),Y,(N/A)
2025,2025-05-06,Tuesday,23,11:55 PM,Injury,B Injury Crash,1,0,0,1,0,2,Front to Rear,11,N,N,Following Too Closely,(N/A),Darkness / Lighted Road,Clear,Dry,Y,Fillm,S Harlem Ave,Fillmore St/S Harlem Ave,,No Controls,No Controls,N,3,41.8668723,-87.8042753,ok,(UNK),None,2502254,2025,0,3,99,50000andOVER,9,4295,Oak Park,C,(UNK),None,16,6,13078576,5,Cook,2,25,None,None,2,N,Yes,Slow,202501138515,None,5,20.55999947,Y,,,,(UNK),92448,(N/A),(UNK),No Defects,1,1,Other Principal Arterial,3,348,X003808250,Not Toll,73,1,1,T-Intersection,15,2940048.22672132,1902867.48542158,41.86686444,-87.80426946,On Scene,Urban,1,N,(N/A),Y,(N/A)
2025,2025-05-02,Friday,21,09:00 PM,Property Damage,No Injuries,0,0,0,0,0,2,Angle,15,N,N,Failing to Yield Right of Way,Failing to Reduce Speed to Avoid Crash,Darkness / Lighted Road,Clear,Dry,N,(N/A),Harlem,(N/A),315,No Controls,No Controls,Y,2,41.8810371,-87.8047696,ok,(UNK),None,25-01344,2025,0,2,28,50000andOVER,9,4295,Oak Park,C,(UNK),None,16,2,13079267,5,Cook,0,25,None,None,5,N,No,Free Flow,202501139185,None,5,19.57999992,Y,,,,(UNK),92914,(N/A),(UNK),No Defects,1,1,Other Principal Arterial,3,348,X003808909,Not Toll,73,1,1,Divided - w/median (not raised),2,2939771.44979102,1908025.67096978,41.88102921,-87.80476382,On Scene,Urban,1,N,(N/A),Y,(N/A)
2025,2025-05-03,Saturday,8,08:35 AM,Property Damage,No Injuries,0,0,0,0,0,2,Angle,15,N,N,Failing to Yield Right of Way,Driving Skills/Knowledge/Experience,Daylight,Clear,Dry,Y,S Oak,Randolph St,Randolph St/S Oak Park Ave,,Stop Sign,Functioning Properly,N,3,41.8833441,-87.7943376,ok,(UNK),None,2502179,2025,0,2,15,50000andOVER,9,4295,Oak Park,C,(UNK),None,16,3,13079606,5,Cook,0,25,None,None,6,N,Yes,Free Flow,202501139488,None,1,5.9000001,N,,,,(UNK),93148,(N/A),(UNK),No Defects,1,1,Major Collector,5,2775,X003809220,Not Toll,73,2,4,Four Way,14,2942589.19350292,1908944.78518823,41.88333621,-87.79433183,On Scene,Urban,1,N,(N/A),Y,(N/A)
2025,2025-05-07,Wednesday,7,07:30 AM,Property Damage,No Injuries,0,0,0,0,0,2,Angle,15,N,N,Failing to Yield Right of Way,Failing to Reduce Speed to Avoid Crash,Dawn,Clear,Dry,Y,Roose,S Harlem Ave,Roosevelt Rd/S Harlem Ave,,Traffic Signal,Functioning Properly,Y,2,41.8650285,-87.8042158,ok,(UNK),None,2502259,2025,0,2,28,50000andOVER,9,4295,Oak Park,C,(UNK),None,16,7,13079607,5,Cook,0,25,None,None,3,N,No,Slow,202501139489,None,2,5.98999977,Y,,,,(UNK),93149,(N/A),(UNK),No Defects,1,1,Other Principal Arterial,3,347,X003809221,Not Toll,52,3,4,Four Way,14,2940082.91825551,1902196.03576074,41.86502069,-87.80421002,Not on Scene (Desk R,Urban,1,N,(N/A),Y,(N/A)
2025,2025-05-07,Wednesday,15,03:15 PM,Property Damage,No Injuries,0,0,0,0,0,2,Angle,15,N,N,Failing to Yield Right of Way,Failing to Reduce Speed to Avoid Crash,Daylight,Clear,Dry,Y,N Rid,Ontario St,N Ridgeland Ave/Ontario St,,Stop Sign,Functioning Properly,N,2,41.8903621,-87.784776,ok,(UNK),None,2502266,2025,0,2,28,50000andOVER,9,4295,Oak Park,C,(UNK),None,16,7,13079836,5,Cook,0,25,None,None,3,N,No,Free Flow,202501139704,None,1,0.79000002,N,,,,(UNK),93299,(N/A),(UNK),No Defects,1,1,Major Collector,5,2783,X003809440,Not Toll,73,2,4,Not Divided,1,2945122.03911255,1911574.44867963,41.89035423,-87.7847702,On Scene,Urban,1,N,(N/A),Y,(N/A)
2025,2025-05-06,Tuesday,19,07:23 PM,Property Damage,No Injuries,0,0,0,0,0,2,Turning,10,N,N,Unable to Determine,Unable to Determine,Daylight,Clear,Unknown,Y,(UNK),S Austin Blvd,(UNK)/S Austin Blvd,649,Traffic Signal,Unknown,N,2,41.8710578,-87.7742952,ok,Partial Access Control,None,JJ245133,2025,0,18,18,50000andOVER,9,4295,Oak Park,C,(UNK),None,16,6,13082015,5,Cook,0,25,None,None,2,N,No,Free Flow,202501141678,None,1,0.20999999,Y,,,,(UNK),94660,(N/A),(UNK),Unknown,99,9,InterState,1,290,X003811297,Not Toll,,3,9,Not Divided,1,2948172.11890835,1904619.04750594,41.87104996,-87.77428942,Not on Scene (Desk R,Urban,1,N,(N/A),N,(N/A)
2025,2025-05-07,Wednesday,17,05:27 PM,Property Damage,No Injuries,0,0,0,0,0,3,Turning,10,N,N,Improper Turning/No Signal,(N/A),Daylight,Clear,Dry,Y,S Oak,Madison St,Madison St/S Oak Park Ave,,Traffic Signal,Functioning Properly,N,2,41.87972,-87.79426,ok,(UNK),None,2502270,2025,0,6,99,50000andOVER,9,4295,Oak Park,C,(UNK),None,16,7,13082256,5,Cook,0,25,None,None,3,N,No,Free Flow,202501141906,None,1,3.5999999,N,,,,(UNK),94833,(N/A),(UNK),No Defects,1,1,Minor Arterial,4,1419,X003811527,Not Toll,,3,4,Not Divided,1,2942646.86089228,1907624.69837674,41.87972,-87.79426,Not on Scene (Desk R,Urban,1,N,(N/A),Y,(N/A)
2025,2025-05-08,Thursday,16,04:27 PM,Property Damage,No Injuries,0,0,0,0,0,3,Sideswipe Same Direction,12,N,N,Failing to Reduce Speed to Avoid Crash,Following Too Closely,Daylight,Clear,Dry,Y,(UNK),S Harlem Ave,(UNK)/S Harlem Ave,600,Traffic Signal,Functioning Properly,Y,3,41.8759848,-87.8045993,ok,(UNK),None,2502281,2025,0,28,3,50000andOVER,9,4295,Oak Park,C,(UNK),None,16,8,13082257,5,Cook,0,25,None,None,4,N,No,Slow,202501141907,None,1,19.93000031,Y,,,,(UNK),94834,(N/A),(UNK),No Defects,1,1,Other Principal Arterial,3,348,X003811528,Not Toll,73,3,4,Not Divided,1,2939868.52724994,1906185.80614371,41.87597693,-87.80459352,Not on Scene (Desk R,Urban,1,N,(N/A),Y,(N/A)
2025,2025-05-10,Saturday,15,03:33 PM,Property Damage,No Injuries,0,0,0,0,0,2,Sideswipe Same Direction,12,N,N,Improper Lane Usage,Failing to Reduce Speed to Avoid Crash,Daylight,Clear,Dry,N,(N/A),I-290,(N/A),,Other,Functioning Properly,N,2,41.8736589,-87.8049937,ok,Partial Access Control,None,03-25-11054,2025,0,20,28,50000andOVER,9,4295,Oak Park,C,(UNK),None,16,10,13083522,5,Cook,0,25,None,None,6,N,No,(UNK),202501143127,None,1,0.2,Y,W,12,F,(UNK),95690,(N/A),(UNK),No Defects,1,1,InterState,1,290,X003812761,Not Toll,,13,4,Divided With Median Barrier,3,2939784.44983167,1905335.24355404,41.87365885,-87.8049937,On Scene,Urban,1,N,(N/A),Y,(N/A)
2025,2025-05-10,Saturday,19,07:41 PM,Property Damage,No Injuries,0,0,0,0,0,2,Sideswipe Same Direction,12,N,N,Improper Lane Usage,Disregarding Road Markings,Daylight,Clear,Dry,N,(N/A),I-290,(N/A),,Other,Functioning Properly,N,2,41.8733504,-87.8029023,ok,Partial Access Control,None,03-25-11081,2025,0,20,26,50000andOVER,9,4295,Oak Park,C,(UNK),None,16,10,13083525,5,Cook,0,25,None,None,6,N,No,(UNK),202501143130,None,1,7.78000021,Y,E,427,F,(UNK),95693,(N/A),(UNK),No Defects,1,1,InterState,1,290,X003812764,Not Toll,73,13,4,Divided With Median Barrier,3,2940357.16435754,1905238.51495957,41.87334253,-87.80289653,On Scene,Urban,1,N,(N/A),Y,(N/A)
2025,2025-05-11,Sunday,15,03:30 PM,Property Damage,No Injuries,0,0,0,0,0,3,Front to Rear,11,N,N,Failing to Reduce Speed to Avoid Crash,Following Too Closely,Daylight,Clear,Dry,N,(N/A),I-290 W/B,(N/A),,Other,Functioning Properly,N,2,41.8713364,-87.7761184,ok,Partial Access Control,None,03-25-11151,2025,0,28,3,50000andOVER,9,4295,Oak Park,C,(UNK),None,16,11,13083630,5,Cook,0,25,None,None,7,N,No,(UNK),202501143231,None,1,9.11999989,Y,W,504,F,(UNK),95766,(N/A),(UNK),No Defects,1,1,InterState,1,290,X003812865,Not Toll,73,13,4,Divided With Median Barrier,3,2947672.68850079,1904706.72455125,41.87132854,-87.77611263,Not on Scene (Desk R,Urban,1,N,(N/A),Y,(N/A)
2025,2025-05-09,Friday,7,07:20 AM,Property Damage,No Injuries,0,0,0,0,0,2,Front to Rear,11,N,N,Improper Backing,Unable to Determine,Daylight,Clear,Dry,N,(N/A),I-290 E/B,(N/A),,Other,Functioning Properly,Y,2,41.8725082,-87.7941616,ok,Partial Access Control,None,03-25-10903,2025,0,30,18,50000andOVER,9,4295,Oak Park,C,(UNK),None,16,9,13084486,5,Cook,0,25,None,None,5,N,No,(UNK),202501143969,None,1,8.18000031,Y,W,48,F,(UNK),96343,(N/A),(UNK),No Defects,1,1,InterState,1,290,X003813593,Not Toll,73,13,4,Divided With Median Barrier,3,2942746.35094211,1904997.33940006,41.87250038,-87.79415578,On Scene,Urban,1,N,(N/A),Y,(N/A)
2025,2025-05-09,Friday,11,11:08 AM,Property Damage,No Injuries,0,0,0,0,0,2,Angle,15,N,N,Failing to Yield Right of Way,Improper Turning/No Signal,Daylight,Clear,Dry,N,(N/A),Washington Blvd,(N/A),,No Controls,No Controls,N,2,41.88204,-87.77636,ok,(UNK),None,2502295,2025,0,2,6,50000andOVER,9,4295,Oak Park,C,(UNK),None,16,9,13084761,5,Cook,0,25,None,None,5,N,No,Free Flow,202501144064,None,1,0,N,E,20,F,(UNK),96513,(N/A),(UNK),No Defects,1,1,Major Collector,5,0,X003813682,Not Toll,,1,1,Not Divided,1,2947498.19960866,1908605.48664826,41.88204,-87.77636,On Scene,Urban,1,N,(N/A),Y,(N/A)
2025,2025-05-09,Friday,14,02:57 PM,Property Damage,No Injuries,0,0,0,0,0,2,Turning,10,N,N,Failing to Yield Right of Way,Driving Skills/Knowledge/Experience,Daylight,Clear,Dry,N,(N/A),S Harlem Ave,(N/A),,Traffic Signal,Functioning Properly,N,2,41.8651654,-87.80422,ok,(UNK),None,2502299,2025,0,2,15,50000andOVER,9,4295,Oak Park,C,(UNK),None,16,9,13084771,5,Cook,0,25,None,None,5,N,No,Slow,202501144074,None,1,20.68000031,Y,N,50,F,(UNK),96522,(N/A),(UNK),No Defects,1,1,Other Principal Arterial,3,348,X003813692,Not Toll,73,3,4,Two-way Continuous Left-Turn Lane,4,2940080.41498081,1902245.88587833,41.86515757,-87.80421417,On Scene,Urban,1,N,(N/A),Y,(N/A)
2025,2025-05-09,Friday,15,03:51 PM,Property Damage,No Injuries,0,0,0,0,0,4,Angle,15,N,N,Unable to Determine,Unable to Determine,Daylight,Clear,Dry,Y,N Elm,Chicago Ave,Chicago Ave/N Elmwood Ave,,Stop Sign,Functioning Properly,N,2,41.8945,-87.78651,ok,(UNK),None,2502301,2025,0,18,18,50000andOVER,9,4295,Oak Park,C,(UNK),None,16,9,13084792,5,Cook,0,25,None,None,5,N,No,Free Flow,202501144094,None,1,0,N,,,,(UNK),96540,(N/A),(UNK),No Defects,1,1,Minor Arterial,4,0,X003813712,Not Toll,,2,4,Four Way,14,2944608.0257731,1913069.27962626,41.8945,-87.78651,On Scene,Urban,1,N,(N/A),Y,(N/A)
2025,2025-05-09,Friday,15,03:49 PM,Property Damage,No Injuries,0,0,0,0,0,3,Angle,15,N,N,Failing to Reduce Speed to Avoid Crash,(N/A),Daylight,Clear,Dry,Y,N Lom,Lake St,Lake St/N Lombard Ave,,Stop Sign,Functioning Properly,N,3,41.88813,-87.77981,ok,(UNK),None,2502302,2025,0,28,99,50000andOVER,9,4295,Oak Park,C,(UNK),None,16,9,13084794,5,Cook,0,25,None,None,5,N,No,Free Flow,202501144096,None,1,0,N,,,,(UNK),96541,(N/A),(UNK),No Defects,1,1,Major Collector,5,3794,X003813714,Not Toll,,2,4,Four Way,14,2946496.89635405,1910798.63417603,41.88813,-87.77981,On Scene,Urban,1,N,(N/A),Y,(N/A)
2025,2025-05-09,Friday,23,11:46 PM,Property Damage,No Injuries,0,0,0,0,0,2,Angle,15,N,N,Unable to Determine,(N/A),Daylight,Clear,Dry,Y,Lexin,S Oak Park Ave,Lexington St/S Oak Park Ave,,Stop Sign,Functioning Properly,Y,2,41.87063,-87.79391,ok,(UNK),None,2502309,2025,0,18,99,50000andOVER,9,4295,Oak Park,C,(UNK),None,16,9,13084800,5,Cook,0,25,None,None,5,N,No,Free Flow,202501144103,None,1,0,N,,,,(UNK),96545,(N/A),(UNK),No Defects,1,1,Major Collector,5,0,X003813720,Not Toll,,2,4,Four Way,14,2942833.80251029,1904314.77503617,41.87063,-87.79391,On Scene,Urban,1,N,(N/A),Y,(N/A)
2025,2025-05-10,Saturday,12,12:28 PM,Injury,C Injury Crash,1,0,0,0,1,3,Angle,15,N,N,Failing to Yield Right of Way,Unable to Determine,Daylight,Clear,Dry,Y,Pleas,N Harlem Ave,N Harlem Ave/Pleasant St,,Stop Sign,Functioning Properly,N,2,41.8854023,-87.8049133,ok,(UNK),None,2502319,2025,0,2,18,50000andOVER,9,4295,Oak Park,C,(UNK),None,16,10,13084803,5,Cook,1,25,LANDSCAPE RETAINING WALL,None,6,N,No,Free Flow,202501144106,None,1,19.28000069,Y,,,,(UNK),96547,(N/A),(UNK),No Defects,1,1,Other Principal Arterial,3,348,X003813723,Not Toll,73,2,4,Four Way,14,2939688.50752159,1909615.38016888,41.88539449,-87.80490754,On Scene,Urban,1,N,(N/A),Y,(N/A)
2025,2025-05-10,Saturday,12,12:44 PM,Property Damage,No Injuries,0,0,0,0,0,1,Fixed Object,6,N,N,Failing to Reduce Speed to Avoid Crash,(N/A),Daylight,Clear,Dry,Y,South,S Ridgeland Ave,S Ridgeland Ave/South Blvd,,Traffic Signal,Functioning Properly,N,1,41.88694,-87.78463,ok,(UNK),None,2502320,2025,0,28,99,50000andOVER,9,4295,Oak Park,C,(UNK),None,16,10,13084805,5,Cook,0,25,VIADUCT,None,6,N,No,Free Flow,202501144108,None,1,1.02999997,N,,,,(UNK),96549,(N/A),(UNK),No Defects,1,1,Major Collector,5,2783,X003813725,Not Toll,,3,4,Four Way,14,2945196.43067976,1910328.48451731,41.88694,-87.78463,On Scene,Urban,1,N,(N/A),Y,(N/A)
2025,2025-05-10,Saturday,18,06:33 PM,Property Damage,No Injuries,0,0,0,0,0,4,Turning,10,N,N,Failing to Yield Right of Way,Failing to Reduce Speed to Avoid Crash,Daylight,Clear,Dry,Y,S Rid,Madison St,Madison St/S Ridgeland Ave,,Traffic Signal,Functioning Properly,N,3,41.87989,-87.78446,ok,(UNK),None,2502327,2025,0,2,28,50000andOVER,9,4295,Oak Park,C,(UNK),None,16,10,13084812,5,Cook,0,25,None,None,6,N,Yes,Free Flow,202501144115,None,1,0,N,,,,(UNK),96555,(N/A),(UNK),No Defects,1,1,Minor Arterial,4,0,X003813732,Not Toll,,3,4,Not Divided,1,2945314.07860895,1907760.61823074,41.87989,-87.78446,On Scene,Urban,1,N,(N/A),Y,(N/A)
2025,2025-05-11,Sunday,2,02:33 AM,Property Damage,No Injuries,0,0,0,0,0,2,Sideswipe Opposite Direction,13,N,N,Distraction - From Inside Vehicle,(N/A),Darkness,Clear,Dry,Y,Wisco,Madison,Madison/Wisconsin,,Traffic Signal,Functioning Properly,N,2,41.8796273,-87.8023286,ok,(UNK),None,2502335,2025,0,41,99,50000andOVER,9,4295,Oak Park,C,(UNK),None,16,11,13084817,5,Cook,0,25,None,None,7,N,No,Free Flow,202501144120,None,4,3.19000006,N,,,,(UNK),96558,(N/A),(UNK),No Defects,1,1,Minor Arterial,4,1419,X003813737,Not Toll,73,3,4,Not Divided,1,2940450.39065261,1907530.2279671,41.87961941,-87.80232278,On Scene,Urban,1,N,(N/A),Y,(N/A)
2025,2025-05-09,Friday,20,08:23 PM,Property Damage,No Injuries,0,0,0,0,0,2,Front to Rear,11,N,N,Failing to Reduce Speed to Avoid Crash,Unable to Determine,Darkness / Lighted Road,Clear,Dry,N,(N/A),N Harlem Ave,(N/A),,No Controls,No Controls,Y,2,41.8854856,-87.8049171,ok,(UNK),None,2502307,2025,0,28,18,50000andOVER,9,4295,Oak Park,C,(UNK),None,16,9,13085928,5,Cook,0,25,None,None,5,N,No,Stopped,202501145191,None,5,19.27000046,Y,N,30,F,(UNK),97313,(N/A),(UNK),No Defects,1,1,Other Principal Arterial,3,348,X003814768,Not Toll,73,1,1,Divided - w/median (not raised),2,2939686.6595387,1909645.70729765,41.88547779,-87.80491126,On Scene,Urban,1,N,(N/A),Y,(N/A)
2025,2025-05-08,Thursday,17,05:34 PM,Property Damage,No Injuries,0,0,0,0,0,5,Turning,10,N,N,Disregarding Stop Sign,(N/A),Daylight,Clear,Dry,Y,Lemoy,Harlem Ave,Harlem Ave/Lemoyne Pkwy,,Stop Sign,Functioning Properly,N,2,41.9070579,-87.8057253,ok,(UNK),None,2500535,2025,0,23,99,50000andOVER,9,4295,Oak Park,C,(UNK),None,16,8,13085938,5,Cook,0,25,CEMENT POLE,None,4,N,Yes,Free Flow,202501145197,None,1,17.78000069,Y,,,,(UNK),97315,(N/A),(UNK),No Defects,1,1,Other Principal Arterial,3,348,X003814774,Not Toll,73,2,4,Unknown,9,2939250.12515142,1917500.97139907,41.90705,-87.80571948,On Scene,Urban,1,N,(N/A),Y,(N/A)
2025,2025-05-12,Monday,14,02:28 PM,Property Damage,No Injuries,0,0,0,0,0,2,Sideswipe Same Direction,12,N,N,Improper Overtaking/Passing,Failing to Reduce Speed to Avoid Crash,Daylight,Clear,Dry,N,(N/A),N Harlem Ave,(N/A),,Traffic Signal,Functioning Properly,N,2,41.9010064,-87.8055013,ok,(UNK),None,2502361,2025,0,4,28,50000andOVER,9,4295,Oak Park,C,(UNK),None,16,12,13086284,5,Cook,0,25,None,None,1,N,No,Free Flow,202501145520,None,1,18.20000076,Y,S,200,F,(UNK),97535,(N/A),(UNK),No Defects,1,1,Other Principal Arterial,3,348,X003815085,Not Toll,73,3,4,Not Divided,1,2939371.8311629,1915297.39853948,41.90099859,-87.80549549,On Scene,Urban,1,N,(N/A),Y,(N/A)
2025,2025-05-11,Sunday,9,09:43 AM,Injury,B Injury Crash,1,0,0,1,0,1,Other Object,7,N,N,Improper Lane Usage,Improper Turning/No Signal,Daylight,Clear,Dry,N,(N/A),S Oak Park Ave,(N/A),333,Traffic Signal,Functioning Properly,N,1,41.88204,-87.79429,ok,(UNK),None,2502337,2025,0,20,6,50000andOVER,9,4295,Oak Park,C,(UNK),None,16,11,13086296,5,Cook,2,25,None,None,7,N,No,Free Flow,202501145532,None,1,0,N,,,,(UNK),97542,(N/A),(UNK),No Defects,1,1,Major Collector,5,0,X003815096,Not Toll,,3,4,Not Divided,1,2942615.30742737,1908469.92289555,41.88204,-87.79429,On Scene,Urban,1,N,(N/A),Y,(N/A)
2025,2025-05-07,Wednesday,20,08:45 PM,Property Damage,No Injuries,0,0,0,0,0,2,Sideswipe Same Direction,12,N,N,Improper Lane Usage,Failing to Reduce Speed to Avoid Crash,Darkness / Lighted Road,Clear,Dry,N,(N/A),I-290,(N/A),,Other,Functioning Properly,Y,2,41.871527,-87.7791277,ok,Partial Access Control,None,03-25-10773,2025,0,20,28,50000andOVER,9,4295,Oak Park,C,(UNK),None,16,7,13086341,5,Cook,0,25,None,None,3,N,No,(UNK),202501145582,None,5,8.96000004,Y,W,.25,M,(UNK),97571,(N/A),(UNK),No Defects,1,1,InterState,1,290,X003815140,Not Toll,73,13,4,Divided With Median Barrier,3,2946851.09975781,1904753.3547336,41.87151914,-87.7791219,Not on Scene (Desk R,Urban,1,N,(N/A),Y,(N/A)
2025,2025-05-12,Monday,8,08:55 AM,Property Damage,No Injuries,0,0,0,0,0,4,Sideswipe Same Direction,12,N,N,Improper Lane Usage,Failing to Reduce Speed to Avoid Crash,Daylight,Clear,Dry,N,(N/A),I290 Eb,(N/A),,No Controls,No Controls,N,3,41.8734992,-87.8044297,ok,Partial Access Control,None,03-25-11209,2025,0,20,28,50000andOVER,9,4295,Oak Park,C,(UNK),None,16,12,13087200,5,Cook,0,25,None,None,1,N,No,(UNK),202501146396,None,1,7.69999981,Y,E,25,F,(UNK),98152,(N/A),(UNK),No Defects,1,1,InterState,1,290,X003815947,Not Toll,73,1,1,Divided With Median Barrier,3,2939939.6789894,1905281.28055594,41.87349132,-87.80442385,On Scene,Urban,1,N,(N/A),Y,(N/A)
2025,2025-04-27,Sunday,14,02:27 PM,Injury,B Injury Crash,1,0,0,1,0,1,Angle,15,N,N,Failing to Yield Right of Way,Driving Skills/Knowledge/Experience,Daylight,Clear,Dry,Y,Pleas,N Harlem Ave,N Harlem Ave/Pleasant St,,No Controls,No Controls,N,2,41.8854023,-87.8049142,ok,(UNK),None,2502055,2025,0,2,15,50000andOVER,9,4295,Oak Park,C,(UNK),None,16,27,13087434,4,Cook,2,25,None,None,7,N,No,Free Flow,202501146598,None,1,19.28000069,Y,,,,(UNK),98300,(N/A),(UNK),No Defects,1,1,Other Principal Arterial,3,348,X003816147,Not Toll,73,1,1,Not Divided,1,2939688.27467958,1909615.3655538,41.88539447,-87.8049084,On Scene,Urban,1,N,(N/A),Y,(N/A)