crash_year,crash_date,day_of_week,crash_hour,time_of_crash,crash_severity,crash_injury_severity,total_injured,total_fatals,a_injuries,b_injuries,c_injuries,no_injuries,type_of_first_crash,collision_type_code,pedestrian_involved,pedalcyclist_involved,cause1,cause2,lighting_cond,weather_cond,road_surface_cond,intersection_related,is_intersection,highway_or_street_name,at_intersection_with,address_no,traffic_control_device,traffic_control_device_cond,hit_and_run,number_of_vehicles,latitude,longitude,location_status,access_control,agency_code,agency_report_number,agency_report_year,alignment_code,cause1_code,cause2_code,city_class,city_class_code,city_code,city_name,city_township_flag,class_of_trafficway,class_of_trafficway_code,county_code,crash_day,crash_id,crash_month,crash_report_county,crash_severity_cd,crash_yr_source,damaged_property1,damaged_property2,day_of_week_code,did_crash_occur_in_work_zone,did_involve_secondary_crash,flow_condition,icn,investigating_agency_descrip,light_condition_code,mile_station,nhs,non_intersection_direction,non_intersection_distance,non_intersection_units,number_of_lanes,objectid,railroad_crossing_number,road_alignment,road_defects,road_defects_code,road_surface_condition_code,roadway_functional_class,roadway_functional_class_code,route_number,sfe,toll,township,traffic_control_device_code,traffic_control_device_cond_code,trafficway_descrip,trafficway_description_code,ts_crash_coordinate_x,ts_crash_coordinate_y,ts_crash_latitude,ts_crash_longitude,type_report,urban_rural,weather_code,were_workers_present,work_zone,work_zone_related,work_zone_type
2025,2025-05-12,Monday,13,01:24 PM,Property Damage,No Injuries,0,0,0,0,0,2,Turning,10,N,N,Driving Skills/Knowledge/Experience,Failing to Reduce Speed to Avoid Crash,Daylight,Clear,Dry,Y,Roose,S Harlem Ave,Roosevelt Rd/S Harlem Ave,,Traffic Signal,Functioning Properly,N,2,41.8650281,-87.8042158,ok,(UNK),None,2502359,2025,0,15,28,50000andOVER,9,4295,Oak Park,C,(UNK),None,16,12,13087435,5,Cook,0,25,None,None,1,N,No,Free Flow,202501146599,None,1,5.98999977,Y,,,,(UNK),98301,(N/A),(UNK),No Defects,1,1,Other Principal Arterial,3,347,X003816148,Not Toll,52,3,4,Not Divided,1,2940082.92548205,1902195.89185167,41.86502029,-87.80421001,On Scene,Urban,1,N,(N/A),Y,(N/A)
2025,2025-05-10,Saturday,7,07:14 AM,Injury,C Injury Crash,1,0,0,0,1,1,Other Object,7,N,N,Disregarding Other Traffic Signs,Unable to Determine,Daylight,Clear,Dry,Y,Garfi,S Oak Park Ave,Garfield St/S Oak Park Ave,,Traffic Signal,Functioning Properly,Y,1,41.8719978,-87.7939858,ok,(UNK),None,2502313,2025,0,24,18,50000andOVER,9,4295,Oak Park,C,(UNK),None,16,10,13087526,5,Cook,1,25,None,None,6,N,No,Free Flow,202501146684,None,1,0,N,,,,(UNK),98360,(N/A),(UNK),No Defects,1,1,Major Collector,5,290,X003816232,Not Toll,73,3,4,Not Divided,1,2942799.37092384,1904812.67043659,41.87199,-87.79398,On Scene,Urban,1,N,(N/A),Y,(N/A)
2025,2025-05-08,Thursday,8,08:30 AM,Property Damage,No Injuries,0,0,0,0,0,4,Turning,10,N,N,Failing to Yield Right of Way,Unable to Determine,Daylight,Cloudy/Overcast,Dry,Y,Harle,Randolph St,Harlem Ave/Randolph St,,Traffic Signal,Functioning Properly,N,3,41.8832479,-87.8048498,ok,(UNK),None,25-01402,2025,0,2,18,50000andOVER,9,4295,Oak Park,C,(UNK),None,16,8,13088619,5,Cook,0,25,None,None,4,N,Yes,Slow,202501147670,None,1,19.43000031,Y,,,,(UNK),99079,(N/A),(UNK),No Defects,1,1,Other Principal Arterial,3,348,X003817188,Not Toll,73,3,4,Divided - w/median (not raised),2,2939727.41785913,1908830.73638078,41.88324004,-87.80484405,On Scene,Urban,8,N,(N/A),Y,(N/A)
2025,2025-05-05,Monday,14,02:36 PM,Property Damage,No Injuries,0,0,0,0,0,2,Turning,10,N,N,Failing to Yield Right of Way,Improper Turning/No Signal,Daylight,Clear,Dry,N,(N/A),Harlem Ave,(N/A),329,Traffic Signal,Functioning Properly,N,2,41.8809383,-87.8047651,ok,(UNK),None,25-01374,2025,0,2,6,50000andOVER,9,4295,Oak Park,C,(UNK),None,16,5,13088622,5,Cook,0,25,None,None,1,N,No,Stopped,202501147672,None,1,19.59000015,Y,,,,(UNK),99080,(N/A),(UNK),No Defects,1,1,Other Principal Arterial,3,348,X003817191,Not Toll,73,3,4,Divided - w/median (not raised),2,2939773.68033892,1907989.73043156,41.88093049,-87.80475927,On Scene,Urban,1,N,(N/A),Y,(N/A)
2025,2025-05-13,Tuesday,5,05:07 AM,Injury,C Injury Crash,1,0,0,0,1,1,Pedestrian,1,Y,N,(N/A),Unable to Determine,Daylight,Clear,Dry,Y,Roose,S Harlem Ave,Roosevelt Rd/S Harlem Ave,,No Controls,No Controls,N,1,41.8650278,-87.8042158,ok,(UNK),None,2502376,2025,0,99,18,50000andOVER,9,4295,Oak Park,C,(UNK),None,16,13,13088853,5,Cook,1,25,None,None,2,N,No,Free Flow,202501147886,None,1,5.98999977,Y,N,35,F,(UNK),99234,(N/A),(UNK),No Defects,1,1,Other Principal Arterial,3,347,X003817408,Not Toll,52,1,1,Divided - w/median (not raised),2,2940082.93081867,1902195.78557851,41.86502,-87.80421,On Scene,Urban,1,N,(N/A),Y,(N/A)
2025,2025-05-12,Monday,9,09:00 AM,Property Damage,No Injuries,0,0,0,0,0,2,Turning,10,N,N,Failing to Yield Right of Way,Failing to Reduce Speed to Avoid Crash,Daylight,Clear,Unknown,Y,Madis,S Lombard Ave,Madison St/S Lombard Ave,,Traffic Signal,Functioning Properly,N,2,41.8800744,-87.7795431,ok,(UNK),None,2502377,2025,0,2,28,50000andOVER,9,4295,Oak Park,C,(UNK),None,16,12,13088854,5,Cook,0,25,None,None,1,N,No,Slow,202501147887,None,1,0.54000002,N,,,,(UNK),99235,(N/A),(UNK),Unknown,99,9,Local Road or Street,7,3794,X003817409,Not Toll,73,3,4,Divided - w/median (not raised),2,2946651.27053233,1907865.04883111,41.88006657,-87.77953733,Not on Scene (Desk R,Urban,1,N,(N/A),N,(N/A)
2025,2025-05-13,Tuesday,18,06:07 PM,Property Damage,No Injuries,0,0,0,0,0,5,Turning,10,N,N,Improper Turning/No Signal,(N/A),Daylight,Clear,Dry,Y,S Map,Madison St,Madison St/S Maple Ave,,No Controls,No Controls,N,2,41.8796087,-87.8038458,ok,(UNK),None,2502390,2025,0,6,99,50000andOVER,9,4295,Oak Park,C,(UNK),None,16,13,13088856,5,Cook,0,25,None,None,2,N,No,Free Flow,202501147889,None,1,3.1099999,N,,,,(UNK),99236,(N/A),(UNK),No Defects,1,1,Minor Arterial,4,1419,X003817411,Not Toll,73,1,1,Not Divided,1,2940037.36885909,1907512.08070704,41.87960085,-87.80384003,On Scene,Urban,1,N,(N/A),Y,(N/A)
2025,2025-05-13,Tuesday,14,02:52 PM,Property Damage,No Injuries,0,0,0,0,0,2,Front to Rear,11,N,N,Failing to Reduce Speed to Avoid Crash,Following Too Closely,Daylight,Clear,Dry,N,(N/A),Harlem Ave,(N/A),,Flashing Control Signal,Functioning Properly,N,2,41.8981668,-87.8053943,ok,(UNK),None,2500555,2025,0,28,3,50000andOVER,9,4295,Oak Park,C,(UNK),None,16,13,13088859,5,Cook,0,25,None,None,2,N,No,Slow,202501147891,None,1,18.38999939,Y,N,100,F,(UNK),99237,(N/A),(UNK),No Defects,1,1,Other Principal Arterial,3,348,X003817413,Not Toll,73,15,4,Not Divided,1,2939429.446179,1914263.37670097,41.89815894,-87.80538854,On Scene,Urban,1,N,(N/A),Y,(N/A)
2025,2025-05-11,Sunday,15,03:29 PM,Property Damage,No Injuries,0,0,0,0,0,2,Angle,15,N,N,Failing to Yield Right of Way,Failing to Reduce Speed to Avoid Crash,Daylight,Clear,Dry,Y,Adams,S Cuyler Ave,Adams St/S Cuyler Ave,,Stop Sign,Functioning Properly,N,2,41.87808,-87.78313,ok,(UNK),None,2502345,2025,0,2,28,50000andOVER,9,4295,Oak Park,C,(UNK),None,16,11,13089116,5,Cook,0,25,None,None,7,N,No,Free Flow,202501148149,None,1,0,N,,,,(UNK),99396,(N/A),(UNK),No Defects,1,1,Local Road or Street,7,0,X003817651,Not Toll,,2,4,Not Divided,1,2945694.6190696,1907111.08282686,41.87808,-87.78313,On Scene,Urban,1,N,(N/A),Y,(N/A)
2025,2025-05-11,Sunday,17,05:26 PM,Property Damage,No Injuries,0,0,0,0,0,2,Front to Rear,11,N,N,Following Too Closely,Failing to Reduce Speed to Avoid Crash,Daylight,Clear,Dry,N,(N/A),Madison St,(N/A),,No Controls,No Controls,Y,2,41.87971,-87.79559,ok,(UNK),None,2502348,2025,0,3,28,50000andOVER,9,4295,Oak Park,C,(UNK),None,16,11,13089117,5,Cook,0,25,None,None,7,N,No,Slow,202501148150,None,1,0,N,W,30,F,(UNK),99397,(N/A),(UNK),No Defects,1,1,Minor Arterial,4,0,X003817652,Not Toll,,1,1,Two-way Continuous Left-Turn Lane,4,2942284.74874115,1907611.03911579,41.87971,-87.79559,On Scene,Urban,1,N,(N/A),Y,(N/A)
2025,2025-05-13,Tuesday,23,11:32 PM,Property Damage,No Injuries,0,0,0,0,0,1,Fixed Object,6,N,N,Improper Backing,Driving Skills/Knowledge/Experience,Darkness / Lighted Road,Clear,Dry,N,(N/A),South Blvd,(N/A),661,No Controls,No Controls,N,1,41.88686,-87.79255,ok,(UNK),None,2502397,2025,0,30,15,50000andOVER,9,4295,Oak Park,C,(UNK),None,16,13,13089137,5,Cook,0,25,LIGHT POLE,None,2,N,No,Free Flow,202501148164,None,5,0,N,,,,(UNK),99405,(N/A),(UNK),No Defects,1,1,Local Road or Street,7,0,X003817664,Not Toll,,1,1,Parking Lot,7,2943040.54300684,1910239.53118881,41.88686,-87.79255,On Scene,Urban,1,N,(N/A),Y,(N/A)
2025,2025-05-14,Wednesday,8,08:48 AM,Property Damage,No Injuries,0,0,0,0,0,2,Front to Rear,11,N,N,Following Too Closely,Failing to Reduce Speed to Avoid Crash,Daylight,Clear,Dry,N,(N/A),S Ridgeland Ave,(N/A),,No Controls,No Controls,N,2,41.8852,-87.78458,ok,(UNK),None,2502400,2025,0,3,28,50000andOVER,9,4295,Oak Park,C,(UNK),None,16,14,13089147,5,Cook,0,25,None,None,3,N,No,Free Flow,202501148174,None,1,0,N,N,10,F,(UNK),99413,(N/A),(UNK),No Defects,1,1,Major Collector,5,0,X003817674,Not Toll,,1,1,Divided - w/median (not raised),2,2945227.65728614,1909694.77384524,41.8852,-87.78458,On Scene,Urban,1,N,(N/A),Y,(N/A)
2025,2025-05-14,Wednesday,18,06:48 PM,Property Damage,No Injuries,0,0,0,0,0,1,Parked Motor Vehicle,9,N,N,Unable to Determine,Driving Skills/Knowledge/Experience,Daylight,Clear,Dry,N,(N/A),Washington Blvd,(N/A),618,No Controls,No Controls,Y,2,41.88163,-87.79045,ok,(UNK),None,2502425,2025,0,18,15,50000andOVER,9,4295,Oak Park,C,(UNK),None,16,14,13089476,5,Cook,0,25,None,None,3,N,No,Free Flow,202501148226,None,1,0.74000001,N,,,,(UNK),99615,(N/A),(UNK),No Defects,1,1,Major Collector,5,5,X003817723,Not Toll,,1,1,Alley,12,2943665.19647308,1908349.45848732,41.88163,-87.79045,Not on Scene (Desk R,Urban,1,N,(N/A),Y,(N/A)
2025,2025-05-15,Thursday,4,04:30 AM,Property Damage,No Injuries,0,0,0,0,0,2,Turning,10,N,N,Unable to Determine,Unable to Determine,Dusk,Clear,Dry,Y,(UNK),S Austin Blvd,(UNK)/S Austin Blvd,645,No Controls,No Controls,N,2,41.8710578,-87.7742958,ok,Partial Access Control,None,JJ256049,2025,0,18,18,50000andOVER,9,4295,Oak Park,C,(UNK),None,16,15,13090005,5,Cook,0,25,None,None,4,N,No,Free Flow,202501148714,None,3,0.20999999,Y,,,,(UNK),99949,(N/A),(UNK),Unknown,99,1,InterState,1,290,X003818211,Not Toll,,1,1,Divided - w/median (not raised),2,2948171.9612285,1904619.05665059,41.87105,-87.77429,Not on Scene (Desk R,Urban,1,N,(N/A),N,(N/A)
2025,2025-05-15,Thursday,17,05:23 PM,Property Damage,No Injuries,0,0,0,0,0,5,Angle,15,N,N,Failing to Yield Right of Way,Failing to Reduce Speed to Avoid Crash,Daylight,Clear,Dry,Y,N Lom,Chicago Ave,Chicago Ave/N Lombard Ave,,Stop Sign,Functioning Properly,N,2,41.8946,-87.78,ok,(UNK),None,2502439,2025,0,2,28,50000andOVER,9,4295,Oak Park,C,(UNK),None,16,15,13090762,5,Cook,0,25,None,None,4,N,No,Free Flow,202501149391,None,1,1,N,,,,(UNK),100436,(N/A),(UNK),No Defects,1,1,Minor Arterial,4,3559,X003818889,Not Toll,,2,4,Divided - w/median (not raised),2,2946379.54053224,1913154.98707006,41.8946,-87.78,On Scene,Urban,1,N,(N/A),Y,(N/A)
2025,2025-05-15,Thursday,19,07:28 PM,Property Damage,No Injuries,0,0,0,0,0,5,Front to Rear,11,N,N,Distraction - From Inside Vehicle,(N/A),Dusk,Rain,Wet,Y,S Har,Garfield,Garfield/S Harlem Ave,,Traffic Signal,Functioning Properly,N,2,41.87231,-87.8044659,ok,(UNK),None,2502445,2025,0,41,99,50000andOVER,9,4295,Oak Park,C,(UNK),None,16,15,13090773,5,Cook,0,25,None,None,4,N,No,Stopped,202501149404,None,3,20.18000031,Y,,,,(UNK),100443,(N/A),(UNK),No Defects,1,2,Other Principal Arterial,3,348,X003818900,Not Toll,73,3,4,Four Way,14,2939941.73917192,1904847.66118026,41.87230217,-87.8044601,On Scene,Urban,2,N,(N/A),Y,(N/A)
2025,2025-05-08,Thursday,19,07:42 PM,Property Damage,No Injuries,0,0,0,0,0,2,Sideswipe Same Direction,12,N,N,Failing to Yield Right of Way,Failing to Reduce Speed to Avoid Crash,Daylight,Clear,Dry,N,(N/A),Madison St,(N/A),300,No Controls,No Controls,N,2,41.87997,-87.78311,ok,(UNK),None,2502284,2025,0,2,28,50000andOVER,9,4295,Oak Park,C,(UNK),None,16,8,13090791,5,Cook,0,25,None,None,4,N,No,(UNK),202501149422,None,1,0,N,,,,(UNK),100454,(N/A),(UNK),No Defects,1,1,(UNK),0,0,X003818918,No Toll,,1,1,Not Divided,1,2945680.92754367,1907799.98521814,41.87997,-87.78311,On Scene,Rural,1,N,(N/A),Y,(N/A)
2025,2025-05-09,Friday,13,01:04 PM,Property Damage,No Injuries,0,0,0,0,0,2,Front to Rear,11,N,N,Following Too Closely,Failing to Reduce Speed to Avoid Crash,Daylight,Clear,Dry,N,(N/A),I-290 Wb,(N/A),,Other,Functioning Properly,N,2,41.8732424,-87.7992629,ok,Partial Access Control,None,03-25-10954,2025,0,3,28,50000andOVER,9,4295,Oak Park,C,(UNK),None,16,9,13091456,5,Cook,0,25,None,None,5,N,No,(UNK),202501149992,None,1,7.94000006,Y,E,100,F,(UNK),100823,(N/A),(UNK),No Defects,1,1,InterState,1,290,X003819487,Not Toll,73,13,4,Divided With Median Barrier,3,2941349.5,1905226.5,41.87323455,-87.79925715,On Scene,Urban,1,N,(N/A),Y,(N/A)
2025,2025-05-09,Friday,14,02:08 PM,Injury,B Injury Crash,2,0,0,2,0,0,Sideswipe Same Direction,12,N,N,Failing to Reduce Speed to Avoid Crash,Improper Lane Usage,Daylight,Clear,Dry,N,(N/A),I-290,(N/A),,Other,Functioning Properly,Y,2,41.8712373,-87.774488,ok,Partial Access Control,None,03-25-10949,2025,0,28,20,50000andOVER,9,4295,Oak Park,C,(UNK),None,16,9,13093544,5,Cook,2,25,None,None,5,N,No,(UNK),202501152051,None,1,9.19999981,Y,W,0,M,(UNK),102277,(N/A),(UNK),No Defects,1,1,InterState,1,290,X003821459,Not Toll,73,13,4,Divided With Median Barrier,3,2948117.77676105,1904682.97707381,41.87122941,-87.77448224,On Scene,Urban,1,N,(N/A),Y,(N/A)
2025,2025-05-17,Saturday,15,03:15 PM,Property Damage,No Injuries,0,0,0,0,0,1,Sideswipe Same Direction,12,N,N,Failing to Reduce Speed to Avoid Crash,Unable to Determine,Daylight,Clear,Dry,N,(N/A),Erie,(N/A),652,No Controls,No Controls,Y,2,41.8916123,-87.7918138,ok,(UNK),None,2502463,2025,0,28,18,50000andOVER,9,4295,Oak Park,C,(UNK),None,16,17,13093813,5,Cook,0,25,None,None,6,N,No,Stopped,202501152315,None,1,0,N,,,,(UNK),102486,(N/A),(UNK),No Defects,1,1,Local Road or Street,7,0,X003821722,Not Toll,73,1,1,Not Divided,1,2943193.05389893,1911976.89052924,41.8916044,-87.79180803,Not on Scene (Desk R,Urban,1,N,(N/A),Y,(N/A)
2025,2025-05-18,Sunday,18,06:57 PM,Property Damage,No Injuries,0,0,0,0,0,2,Angle,15,N,N,Failing to Yield Right of Way,Failing to Reduce Speed to Avoid Crash,Daylight,Clear,Dry,Y,Iowa,N Ridgeland Ave,Iowa St/N Ridgeland Ave,,Stop Sign,Functioning Properly,N,2,41.8963965,-87.7849534,ok,(UNK),None,2502506,2025,0,2,28,50000andOVER,9,4295,Oak Park,C,(UNK),None,16,18,13093815,5,Cook,0,25,None,None,7,N,No,Free Flow,202501152317,None,1,0.38,N,,,,(UNK),102488,(N/A),(UNK),No Defects,1,1,Major Collector,5,2783,X003821724,Not Toll,73,2,4,Not Divided,1,2945012.64403623,1913772.18159211,41.89638869,-87.78494765,On Scene,Urban,1,N,(N/A),Y,(N/A)
2025,2025-05-18,Sunday,13,01:15 PM,Property Damage,No Injuries,0,0,0,0,0,2,Turning,10,N,N,Improper Turning/No Signal,Improper Lane Usage,Daylight,Clear,Dry,Y,Frank,Harlem Ave,Franklin St/Harlem Ave,,Stop Sign,Functioning Properly,Y,2,41.8854023,-87.8049145,ok,(UNK),None,25-01512,2025,0,6,20,50000andOVER,9,4295,Oak Park,C,(UNK),None,16,18,13093965,5,Cook,0,25,None,None,7,N,No,Free Flow,202501152461,None,1,19.28000069,Y,,,,(UNK),102574,(N/A),(UNK),No Defects,1,1,Other Principal Arterial,3,348,X003821867,Not Toll,73,2,4,Divided - w/median (not raised),2,2939688.18062392,1909615.35965009,41.88539446,-87.80490874,On Scene,Urban,1,N,(N/A),Y,(N/A)
2025,2025-05-16,Friday,18,06:02 PM,Property Damage,No Injuries,0,0,0,0,0,2,Front to Rear,11,N,N,Driving Skills/Knowledge/Experience,(N/A),Daylight,Clear,Dry,N,(N/A),Harlem,(N/A),901,No Controls,No Controls,Y,2,41.8702757,-87.8043918,ok,(UNK),None,25-01493,2025,0,15,99,50000andOVER,9,4295,Oak Park,C,(UNK),None,16,16,13093972,5,Cook,0,25,None,None,5,N,No,Free Flow,202501152469,None,1,20.32999992,Y,,,,(UNK),102580,(N/A),(UNK),No Defects,1,1,Other Principal Arterial,3,348,X003821874,Not Toll,73,1,1,Other,8,2939982.34139006,1904106.86522937,41.87026783,-87.80438598,On Scene,Urban,1,N,(N/A),Y,(N/A)
2025,2025-05-16,Friday,12,12:09 PM,Property Damage,No Injuries,0,0,0,0,0,3,Turning,10,N,N,Failing to Yield Right of Way,Improper Turning/No Signal,Daylight,Clear,Dry,Y,Rando,Harlem Ave,Harlem Ave/Randolph St,,Stop Sign,Functioning Properly,N,2,41.8833534,-87.8048578,ok,(UNK),None,25-01487,2025,0,2,6,50000andOVER,9,4295,Oak Park,C,(UNK),None,16,16,13093975,5,Cook,0,25,None,None,5,N,No,Free Flow,202501152472,None,1,19.42000008,Y,N,40.00,F,(UNK),102582,(N/A),(UNK),No Defects,1,1,Other Principal Arterial,3,348,X003821877,Not Toll,73,2,4,Divided - w/median (not raised),2,2939724.19552007,1908869.11837605,41.88334553,-87.80485199,On Scene,Urban,1,N,(N/A),Y,(N/A)
2025,2025-05-16,Friday,12,12:04 PM,Property Damage,No Injuries,0,0,0,0,0,2,Front to Rear,11,N,N,Following Too Closely,Failing to Reduce Speed to Avoid Crash,Daylight,Clear,Unknown,N,(N/A),S Harvey Ave,(N/A),,No Controls,No Controls,N,2,41.87997,-87.78116,ok,(UNK),None,2502460,2025,0,3,28,50000andOVER,9,4295,Oak Park,C,(UNK),None,16,16,13094341,5,Cook,0,25,None,None,5,N,No,Slow,202501152752,None,1,0,N,W,25,F,(UNK),102812,(N/A),(UNK),Unknown,99,9,Minor Arterial,4,0,X003822141,Not Toll,,1,1,Divided - w/median (not raised),2,2946211.99001284,1907814.74828594,41.87997,-87.78116,Not on Scene (Desk R,Urban,1,N,(N/A),N,(N/A)
2025,2025-05-16,Friday,20,08:08 PM,Property Damage,No Injuries,0,0,0,0,0,1,Parked Motor Vehicle,9,N,N,Failing to Reduce Speed to Avoid Crash,Equipment-Vehicle Condition,Dusk,Clear,Dry,N,(N/A),N Lombard Ave,(N/A),501,No Controls,No Controls,Y,2,41.89468,-87.78004,ok,(UNK),None,2502472,2025,0,28,10,50000andOVER,9,4295,Oak Park,C,(UNK),None,16,16,13094354,5,Cook,0,25,FENCE,FENCE,5,N,No,Free Flow,202501152765,None,3,0,N,,,,(UNK),102820,(N/A),(UNK),No Defects,1,1,Minor Arterial,4,0,X003822152,Not Toll,,1,1,Alley,12,2946367.83804361,1913183.837508,41.89468,-87.78004,On Scene,Urban,1,N,(N/A),Y,(N/A)
2025,2025-05-17,Saturday,14,02:52 PM,Property Damage,No Injuries,0,0,0,0,0,3,Sideswipe Same Direction,12,N,N,Improper Lane Usage,Failing to Yield Right of Way,Daylight,Clear,Dry,N,(N/A),Washington Blvd,(N/A),,No Controls,No Controls,N,3,41.88151,-87.79698,ok,(UNK),None,2502482,2025,0,20,2,50000andOVER,9,4295,Oak Park,C,(UNK),None,16,17,13094423,5,Cook,0,25,None,None,6,N,No,Slow,202501152835,None,1,0,N,N,100,F,(UNK),102861,(N/A),(UNK),No Defects,1,1,Major Collector,5,0,X003822217,Not Toll,,1,1,Not Divided,1,2941888.07392727,1908256.53103586,41.88151,-87.79698,On Scene,Urban,1,N,(N/A),Y,(N/A)
2025,2025-05-17,Saturday,15,03:11 PM,Property Damage,No Injuries,0,0,0,0,0,6,Turning,10,N,N,Improper Turning/No Signal,Driving On Wrong Side/Wrong Way,Daylight,Clear,Dry,N,(N/A),S Euclid Ave,(N/A),,No Controls,No Controls,N,2,41.8850754,-87.7926448,ok,(UNK),None,2502485,2025,0,6,5,50000andOVER,9,4295,Oak Park,C,(UNK),None,16,17,13094424,5,Cook,0,25,None,None,6,N,No,Slow,202501152836,None,1,0,N,E,30,F,(UNK),102862,(N/A),(UNK),No Defects,1,1,Local Road or Street,7,0,X003822218,Not Toll,73,1,1,Not Divided,1,2943032.72405581,1909588.47045159,41.88506754,-87.79263902,On Scene,Urban,1,N,(N/A),Y,(N/A)
2025,2025-05-18,Sunday,16,04:01 PM,Property Damage,No Injuries,0,0,0,0,0,2,Front to Rear,11,N,N,Failing to Reduce Speed to Avoid Crash,(N/A),Daylight,Clear,Dry,Y,Divis,Hayes Ave,Division St/Hayes Ave,,Stop Sign,Functioning Properly,N,2,41.90194,-87.77907,ok,(UNK),None,2502505,2025,0,28,99,50000andOVER,9,4295,Oak Park,C,(UNK),None,16,18,13094440,5,Cook,0,25,None,None,7,N,No,Stopped,202501152851,None,1,0,N,E,10,F,(UNK),102874,(N/A),(UNK),No Defects,1,1,Major Collector,5,0,X003822232,Not Toll,,2,4,Not Divided,1,2946558.27823323,1915836.87638008,41.90194,-87.77907,Not on Scene (Desk R,Urban,1,N,(N/A),Y,(N/A)
2025,2025-05-11,Sunday,17,05:06 PM,Property Damage,No Injuries,0,0,0,0,0,3,Front to Rear,11,N,N,Improper Lane Usage,Driving Skills/Knowledge/Experience,Daylight,Clear,Dry,N,(N/A),N Harlem Ave,(N/A),,No Controls,No Controls,N,2,41.9018913,-87.8055388,ok,(UNK),None,2500548,2025,0,20,15,50000andOVER,9,4295,Oak Park,C,(UNK),None,16,11,13095491,5,Cook,0,25,None,None,7,N,No,Free Flow,202501153785,None,1,18.13999939,Y,N,120,F,(UNK),103530,(N/A),(UNK),No Defects,1,1,Other Principal Arterial,3,348,X003823195,Not Toll,73,1,1,Divided - w/median (not raised),2,2939352.74817267,1915619.59044306,41.90188349,-87.80553297,On Scene,Urban,1,N,(N/A),Y,(N/A)
2025,2025-05-18,Sunday,18,06:05 PM,Property Damage,No Injuries,0,0,0,0,0,3,Turning,10,N,N,Improper Lane Usage,Driving Skills/Knowledge/Experience,Daylight,Clear,Dry,Y,Chica,Harlem Ave,Chicago Ave/Harlem Ave,,Traffic Signal,Functioning Properly,N,2,41.8942278,-87.8052243,ok,(UNK),None,2500578,2025,0,20,15,50000andOVER,9,4295,Oak Park,C,(UNK),None,16,18,13095493,5,Cook,0,25,None,None,7,N,No,Free Flow,202501153787,None,1,18.67000008,Y,,,,(UNK),103531,(N/A),(UNK),No Defects,1,1,Other Principal Arterial,3,348,X003823197,Not Toll,73,3,4,Not Divided,1,2939515.26776341,1912829.2285611,41.89422,-87.80521851,On Scene,Urban,1,N,(N/A),Y,(N/A)
2025,2025-05-19,Monday,7,07:25 AM,Property Damage,No Injuries,0,0,0,0,0,3,Turning,10,N,N,Failing to Yield Right of Way,Failing to Reduce Speed to Avoid Crash,Daylight,Clear,Dry,Y,Chica,N Ridgeland Ave,Chicago Ave/N Ridgeland Ave,,Traffic Signal,Functioning Properly,N,2,41.89455,-87.78491,ok,(UNK),None,2502514,2025,0,2,28,50000andOVER,9,4295,Oak Park,C,(UNK),None,16,19,13095782,5,Cook,0,25,None,None,1,N,No,Free Flow,202501154064,None,1,0,N,,,,(UNK),103704,(N/A),(UNK),No Defects,1,1,Minor Arterial,4,0,X003823471,Not Toll,,3,4,Divided - w/median (not raised),2,2945043.16421869,1913099.59636665,41.89455,-87.78491,On Scene,Urban,1,N,(N/A),Y,(N/A)
2025,2025-04-20,Sunday,11,11:09 AM,Property Damage,No Injuries,0,0,0,0,0,1,Parked Motor Vehicle,9,N,N,Failing to Reduce Speed to Avoid Crash,(N/A),Darkness / Lighted Road,Unknown,Unknown,N,(N/A),N Harlem Ave,(N/A),,No Controls,No Controls,Y,2,41.9053513,-87.8056695,ok,(UNK),None,2502521,2025,0,28,99,50000andOVER,9,4295,Oak Park,C,(UNK),None,16,20,13095787,4,Cook,0,25,None,None,7,N,No,Free Flow,202501154069,None,5,17.88999939,Y,N,50,F,(UNK),103708,(N/A),(UNK),Debris On Roadway,9,9,Other Principal Arterial,3,348,X003823476,Not Toll,73,1,1,Divided - w/median (not raised),2,2939282.42487936,1916879.49607863,41.90534347,-87.80566374,Not on Scene (Desk R,Urban,9,N,(N/A),N,(N/A)
2025,2025-05-20,Tuesday,8,08:40 AM,Property Damage,No Injuries,0,0,0,0,0,2,Front to Rear,11,N,N,Failing to Reduce Speed to Avoid Crash,Following Too Closely,Daylight,Rain,Wet,N,(N/A),I-290,(N/A),,Other,Functioning Properly,N,2,41.8722067,-87.7872683,ok,Partial Access Control,None,03-25-12079,2025,0,28,3,50000andOVER,9,4295,Oak Park,C,(UNK),None,16,20,13096254,5,Cook,0,25,None,None,2,N,No,(UNK),202501154539,None,1,8.55000019,Y,E,500,F,(UNK),104003,(N/A),(UNK),No Defects,1,2,InterState,1,290,X003823904,Not Toll,73,13,4,Divided With Median Barrier,3,2944626.93796791,1904939.45552585,41.87219886,-87.78726247,On Scene,Urban,2,N,(N/A),Y,(N/A)
2025,2025-05-20,Tuesday,8,08:55 AM,Property Damage,No Injuries,0,0,0,0,0,2,Front to Rear,11,N,N,Failing to Reduce Speed to Avoid Crash,Following Too Closely,Daylight,Rain,Wet,N,(N/A),I-290,(N/A),,Other,Functioning Properly,Y,2,41.8737526,-87.8042389,ok,Partial Access Control,None,03-25-12084,2025,0,28,3,50000andOVER,9,4295,Oak Park,C,(UNK),None,16,20,13096255,5,Cook,0,25,None,None,2,N,No,(UNK),202501154541,None,1,7.71000004,Y,E,78,F,(UNK),104004,(N/A),(UNK),No Defects,1,2,InterState,1,290,X003823905,Not Toll,73,13,4,Divided With Median Barrier,3,2939989.09171265,1905375.08029542,41.8737448,-87.8042331,On Scene,Urban,2,N,(N/A),Y,(N/A)