crash_year,crash_date,day_of_week,crash_hour,time_of_crash,crash_severity,crash_injury_severity,total_injured,total_fatals,a_injuries,b_injuries,c_injuries,no_injuries,type_of_first_crash,collision_type_code,pedestrian_involved,pedalcyclist_involved,cause1,cause2,lighting_cond,weather_cond,road_surface_cond,intersection_related,is_intersection,highway_or_street_name,at_intersection_with,address_no,traffic_control_device,traffic_control_device_cond,hit_and_run,number_of_vehicles,latitude,longitude,location_status,access_control,agency_code,agency_report_number,agency_report_year,alignment_code,cause1_code,cause2_code,city_class,city_class_code,city_code,city_name,city_township_flag,class_of_trafficway,class_of_trafficway_code,county_code,crash_day,crash_id,crash_month,crash_report_county,crash_severity_cd,crash_yr_source,damaged_property1,damaged_property2,day_of_week_code,did_crash_occur_in_work_zone,did_involve_secondary_crash,flow_condition,icn,investigating_agency_descrip,light_condition_code,mile_station,nhs,non_intersection_direction,non_intersection_distance,non_intersection_units,number_of_lanes,objectid,railroad_crossing_number,road_alignment,road_defects,road_defects_code,road_surface_condition_code,roadway_functional_class,roadway_functional_class_code,route_number,sfe,toll,township,traffic_control_device_code,traffic_control_device_cond_code,trafficway_descrip,trafficway_description_code,ts_crash_coordinate_x,ts_crash_coordinate_y,ts_crash_latitude,ts_crash_longitude,type_report,urban_rural,weather_code,were_workers_present,work_zone,work_zone_related,work_zone_type
2025,2025-05-16,Friday,20,08:10 PM,Injury,B Injury Crash,1,0,0,1,0,2,Front to Rear,11,N,N,Improper Lane Usage,Failing to Reduce Speed to Avoid Crash,Darkness / Lighted Road,Clear,Dry,N,(N/A),I-290 W/B,(N/A),,Other,Functioning Properly,N,2,41.8722629,-87.7879874,ok,Partial Access Control,None,03-25-11715,2025,0,20,28,50000andOVER,9,4295,Oak Park,C,(UNK),None,16,16,13096379,5,Cook,2,25,None,None,5,N,No,(UNK),202501154678,None,5,8.51000023,Y,E,300,F,(UNK),104080,(N/A),(UNK),No Defects,1,1,InterState,1,290,X003824022,Not Toll,73,13,4,Divided With Median Barrier,3,2944430.5,1904954.5,41.87225504,-87.78798159,On Scene,Urban,1,N,(N/A),Y,(N/A)
2025,2025-05-16,Friday,18,06:07 PM,Property Damage,No Injuries,0,0,0,0,0,3,Front to Rear,11,N,N,Following Too Closely,Failing to Reduce Speed to Avoid Crash,Daylight,Clear,Dry,N,(N/A),I-290 Wb,(N/A),,Other,Functioning Properly,N,3,41.873306,-87.7998285,ok,Partial Access Control,None,03-25-11704,2025,0,3,28,50000andOVER,9,4295,Oak Park,C,(UNK),None,16,16,13096392,5,Cook,0,25,None,None,5,N,No,(UNK),202501154691,None,1,7.90999985,Y,W,50,F,(UNK),104091,(N/A),(UNK),No Defects,1,1,InterState,1,290,X003824035,Not Toll,73,13,4,Divided With Median Barrier,3,2941194.82352941,1905245.44117647,41.87329819,-87.7998227,On Scene,Urban,1,N,(N/A),Y,(N/A)
2025,2025-05-19,Monday,11,11:10 AM,Property Damage,No Injuries,0,0,0,0,0,2,Sideswipe Same Direction,12,N,N,Unable to Determine,Unable to Determine,Daylight,Cloudy/Overcast,Dry,N,(N/A),Chicago Ave,(N/A),1135,No Controls,No Controls,Y,2,41.8942278,-87.8049607,ok,(UNK),None,2502517,2025,0,18,18,50000andOVER,9,4295,Oak Park,C,(UNK),None,16,19,13097185,5,Cook,0,25,None,None,1,N,No,Free Flow,202501155467,None,1,2.55999994,N,,,,(UNK),104616,(N/A),(UNK),No Defects,1,1,Minor Arterial,4,1398,X003824747,Not Toll,73,1,1,Not Divided,1,2939587.03875956,1912831.20545737,41.89422,-87.80495492,On Scene,Urban,8,N,(N/A),Y,(N/A)
2025,2025-05-17,Saturday,21,09:20 PM,Property Damage,No Injuries,0,0,0,0,0,5,Front to Rear,11,N,N,Failing to Reduce Speed to Avoid Crash,Following Too Closely,Darkness / Lighted Road,Clear,Dry,N,(N/A),I-290,(N/A),,Other,Functioning Properly,N,2,41.8737119,-87.8037914,ok,Partial Access Control,None,03-25-11837,2025,0,28,3,50000andOVER,9,4295,Oak Park,C,(UNK),None,16,17,13097394,5,Cook,0,25,None,None,6,N,No,(UNK),202501155684,None,5,7.73000002,Y,E,201,F,(UNK),104735,(N/A),(UNK),No Defects,1,1,InterState,1,290,X003824942,Not Toll,73,13,4,Divided With Median Barrier,3,2940111.38413547,1905363.58199643,41.87370403,-87.8037856,On Scene,Urban,1,N,(N/A),Y,(N/A)
2025,2025-05-18,Sunday,19,07:03 PM,Property Damage,No Injuries,0,0,0,0,0,2,Angle,15,N,N,Failing to Reduce Speed to Avoid Crash,Failing to Yield Right of Way,Daylight,Clear,Dry,Y,Maple,Washington Dr,Maple Ln/Washington Dr,,No Controls,No Controls,N,2,42.04687,-87.85319,outside_oak_park,(UNK),None,2502507,2025,0,28,2,50000andOVER,9,4295,Oak Park,C,(UNK),None,16,18,13099403,5,Cook,0,25,None,None,7,N,No,Free Flow,202501157784,None,1,0,N,,,,(UNK),106045,(N/A),(UNK),No Defects,1,1,Local Road or Street,7,0,X003826697,Not Toll,,1,1,Not Divided,1,2924952.39602416,1968099.31724927,42.04687,-87.85319,On Scene,Urban,1,N,(N/A),Y,(N/A)
2025,2025-05-20,Tuesday,16,04:55 PM,Property Damage,No Injuries,0,0,0,0,0,3,Rear to Front,18,N,N,Failing to Yield Right of Way,Failing to Reduce Speed to Avoid Crash,Daylight,Rain,Wet,N,(N/A),Madison St,(N/A),922,No Controls,No Controls,N,2,41.87972,-87.79815,ok,(UNK),None,2502557,2025,0,2,28,50000andOVER,9,4295,Oak Park,C,(UNK),None,16,20,13099412,5,Cook,0,25,None,None,2,N,No,Free Flow,202501157788,None,1,3.4000001,N,,,,(UNK),106047,(N/A),(UNK),No Defects,1,2,Minor Arterial,4,1419,X003826699,Not Toll,,1,1,Two-way Continuous Left-Turn Lane,4,2941587.45640119,1907595.42198355,41.87972,-87.79815,Not on Scene (Desk R,Urban,2,N,(N/A),Y,(N/A)
2025,2025-05-20,Tuesday,17,05:22 PM,Property Damage,No Injuries,0,0,0,0,0,2,Sideswipe Same Direction,12,N,N,Failing to Yield Right of Way,Driving Skills/Knowledge/Experience,Daylight,Rain,Wet,N,(N/A),Harlem Ave,(N/A),,No Controls,No Controls,N,2,41.88714,-87.8049789,ok,(UNK),None,2500588,2025,0,2,15,50000andOVER,9,4295,Oak Park,C,(UNK),None,16,20,13100083,5,Cook,0,25,None,None,2,N,No,Slow,202501158423,None,1,19.15999985,Y,N,10,F,(UNK),106489,(N/A),(UNK),No Defects,1,2,Other Principal Arterial,3,348,X003827311,Not Toll,73,1,1,Not Divided,1,2939653.22566389,1910248.14399239,41.8871322,-87.80497307,On Scene,Urban,2,N,(N/A),Y,(N/A)
2025,2025-05-21,Wednesday,13,01:00 PM,Injury,B Injury Crash,1,0,0,1,0,1,Pedestrian,1,Y,N,Weather,Failing to Yield Right of Way,Daylight,Rain,Wet,N,(N/A),Harlem Ave,(N/A),,No Controls,No Controls,N,1,41.8852639,-87.8049096,ok,(UNK),None,25-01536,2025,0,11,2,50000andOVER,9,4295,Oak Park,C,(UNK),None,16,21,13100240,5,Cook,2,25,None,None,3,N,No,Slow,202501158590,None,1,19.29000092,Y,S,50.00,F,(UNK),106586,(N/A),(UNK),No Defects,1,2,Other Principal Arterial,3,348,X003827451,Not Toll,73,1,1,Divided - w/median (not raised),2,2939690.90289182,1909564.97322205,41.88525609,-87.80490385,On Scene,Urban,2,N,(N/A),Y,(N/A)
2025,2025-05-17,Saturday,14,02:51 PM,Injury,C Injury Crash,1,0,0,0,1,7,Front to Rear,11,N,N,Following Too Closely,Failing to Reduce Speed to Avoid Crash,Daylight,Clear,Dry,N,(N/A),Washington Blvd,(N/A),,No Controls,No Controls,N,2,41.88152,-87.79431,ok,(UNK),None,2502486,2025,0,3,28,50000andOVER,9,4295,Oak Park,C,(UNK),None,16,17,13100639,5,Cook,1,25,None,None,6,N,No,Free Flow,202501159075,None,1,0,N,N,250,F,(UNK),106823,(N/A),(UNK),No Defects,1,1,Major Collector,5,0,X003827811,Not Toll,,1,1,Not Divided,1,2942615.10193554,1908280.2747049,41.88152,-87.79431,On Scene,Urban,1,N,(N/A),Y,(N/A)
2025,2025-05-24,Saturday,2,02:25 AM,Property Damage,No Injuries,0,0,0,0,0,2,Sideswipe Same Direction,12,N,N,Improper Overtaking/Passing,Improper Lane Usage,Darkness / Lighted Road,Clear,Dry,N,(N/A),I-290 W/B,(N/A),,No Controls,Functioning Properly,Y,2,41.8720579,-87.7855219,ok,Partial Access Control,None,03-25-12485,2025,0,4,20,50000andOVER,9,4295,Oak Park,C,(UNK),None,16,24,13101257,5,Cook,0,25,None,None,6,N,No,(UNK),202501159681,None,5,8.64000034,Y,W,365,F,(UNK),107257,(N/A),(UNK),No Defects,1,1,InterState,1,290,X003828413,Not Toll,73,1,4,Divided With Median Barrier,3,2945104.11260852,1904898.44091439,41.87205009,-87.78551608,On Scene,Urban,1,N,(N/A),Y,(N/A)
2025,2025-05-22,Thursday,17,05:04 PM,Property Damage,No Injuries,0,0,0,0,0,2,Angle,15,N,N,Failing to Yield Right of Way,Failing to Reduce Speed to Avoid Crash,Daylight,Clear,Dry,N,(N/A),S. East Ave,(N/A),1151,No Controls,No Controls,N,2,41.8667244,-87.7888882,ok,(UNK),None,2502607,2025,0,2,28,50000andOVER,9,4295,Oak Park,C,(UNK),None,16,22,13101259,5,Cook,0,25,FENCE,None,4,N,No,Free Flow,202501159682,None,1,1.51999998,N,,,,(UNK),107258,(N/A),(UNK),No Defects,1,1,Minor Collector,6,2779,X003828414,Not Toll,73,1,1,Not Divided,1,2944241.06784837,1902929.38204302,41.86671658,-87.78888245,On Scene,Urban,1,N,(N/A),Y,(N/A)
2025,2025-05-22,Thursday,14,02:57 PM,Property Damage,No Injuries,0,0,0,0,0,2,Angle,15,N,N,Failing to Yield Right of Way,Failing to Reduce Speed to Avoid Crash,Daylight,Clear,Dry,Y,N Elm,Chicago Ave,Chicago Ave/N Elmwood Ave,,Stop Sign,Functioning Properly,N,2,41.8945,-87.78651,ok,(UNK),None,2502602,2025,0,2,28,50000andOVER,9,4295,Oak Park,C,(UNK),None,16,22,13101260,5,Cook,0,25,None,None,4,N,No,Free Flow,202501159683,None,1,0,N,,,,(UNK),107259,(N/A),(UNK),No Defects,1,1,Minor Arterial,4,0,X003828415,Not Toll,,2,4,Four Way,14,2944608.0257731,1913069.27962626,41.8945,-87.78651,On Scene,Urban,1,N,(N/A),Y,(N/A)
2025,2025-05-21,Wednesday,12,12:01 PM,Injury,B Injury Crash,2,0,0,2,0,2,Front to Rear,11,N,N,Following Too Closely,Failing to Reduce Speed to Avoid Crash,Daylight,Rain,Wet,N,(N/A),N Oak Park Ave,(N/A),113,Traffic Signal,Functioning Properly,N,2,41.88784,-87.79454,ok,(UNK),None,2502571,2025,0,3,28,50000andOVER,9,4295,Oak Park,C,(UNK),None,16,21,13101264,5,Cook,2,25,None,None,3,N,No,Stopped,202501159687,None,1,0,N,,,,(UNK),107262,(N/A),(UNK),No Defects,1,2,Major Collector,5,0,X003828419,Not Toll,,3,4,Not Divided,1,2942488.76815591,1910581.66735326,41.88784,-87.79454,On Scene,Urban,2,N,(N/A),Y,(N/A)
2025,2025-05-22,Thursday,9,09:18 AM,Property Damage,No Injuries,0,0,0,0,0,2,Angle,15,N,N,Failing to Yield Right of Way,Failing to Reduce Speed to Avoid Crash,Daylight,Cloudy/Overcast,Dry,N,(N/A),Madison St,(N/A),,Traffic Signal,Functioning Properly,N,2,41.87989,-87.78446,ok,(UNK),None,2502594,2025,0,2,28,50000andOVER,9,4295,Oak Park,C,(UNK),None,16,22,13101270,5,Cook,0,25,None,None,4,N,No,Stopped,202501159693,None,1,0,N,W,20,F,(UNK),107266,(N/A),(UNK),No Defects,1,1,Minor Arterial,4,0,X003828425,Not Toll,,3,4,Not Divided,1,2945314.07860895,1907760.61823074,41.87989,-87.78446,On Scene,Urban,8,N,(N/A),Y,(N/A)
2025,2025-05-23,Friday,12,12:00 PM,Property Damage,No Injuries,0,0,0,0,0,2,Sideswipe Same Direction,12,N,N,Unable to Determine,Unable to Determine,Daylight,Clear,Dry,N,(N/A),N Harlem Ave,(N/A),,Traffic Signal,Functioning Properly,Y,2,41.8964081,-87.8053376,ok,(UNK),None,2502619,2025,0,18,18,50000andOVER,9,4295,Oak Park,C,(UNK),None,16,23,13101273,5,Cook,0,25,None,None,5,N,No,Stopped,202501159696,None,1,18.51000023,Y,N,50,F,(UNK),107269,(N/A),(UNK),No Defects,1,1,Other Principal Arterial,3,348,X003828428,Not Toll,73,3,4,Not Divided,1,2939462.54996823,1913622.9003508,41.89640024,-87.80533178,Not on Scene (Desk R,Urban,1,N,(N/A),Y,(N/A)
2025,2025-05-08,Thursday,17,05:06 PM,Property Damage,No Injuries,0,0,0,0,0,3,Sideswipe Same Direction,12,N,N,Improper Lane Usage,Failing to Reduce Speed to Avoid Crash,Daylight,Clear,Dry,N,(N/A),I-55 Westbound,(N/A),,Other,Functioning Properly,N,2,41.8737774,-87.8045294,ok,Partial Access Control,None,03-25-10859,2025,0,20,28,50000andOVER,9,4295,Oak Park,C,(UNK),None,16,8,13102911,5,Cook,0,25,None,None,4,N,No,(UNK),202501161457,None,1,7.69999981,Y,W,0,F,(UNK),108419,(N/A),(UNK),No Defects,1,1,InterState,1,290,X003829998,Not Toll,73,13,4,Divided With Median Barrier,3,2939909.73031847,1905381.91313522,41.87376952,-87.80452356,On Scene,Urban,1,N,(N/A),Y,(N/A)
2025,2025-05-08,Thursday,18,06:28 PM,Property Damage,No Injuries,0,0,0,0,0,1,Parked Motor Vehicle,9,N,N,Improper Lane Usage,Failing to Reduce Speed to Avoid Crash,Daylight,Clear,Dry,N,(N/A),I-55 Westbound,(N/A),,Other,Functioning Properly,N,2,41.8720909,-87.7859093,ok,Partial Access Control,None,03-25-10870,2025,0,20,28,50000andOVER,9,4295,Oak Park,C,(UNK),None,16,8,13102912,5,Cook,0,25,None,None,4,N,No,(UNK),202501161458,None,1,8.61999989,Y,W,473,F,(UNK),108420,(N/A),(UNK),No Defects,1,1,InterState,1,290,X003829999,Not Toll,73,13,4,Divided With Median Barrier,3,2944998.25546792,1904907.52592664,41.87208306,-87.7859035,On Scene,Urban,1,N,(N/A),Y,(N/A)
2025,2025-05-24,Saturday,14,02:53 PM,Property Damage,No Injuries,0,0,0,0,0,5,Angle,15,N,N,Failing to Yield Right of Way,Vision Obscured,Daylight,Clear,Dry,N,(N/A),Harlem Ave,(N/A),123,No Controls,No Controls,N,2,41.8848429,-87.8048947,ok,(UNK),None,25-01572,2025,0,2,14,50000andOVER,9,4295,Oak Park,C,(UNK),None,16,24,13104205,5,Cook,0,25,None,None,6,N,No,Free Flow,202501162776,None,1,19.31999969,Y,,,,(UNK),109297,(N/A),(UNK),No Defects,1,1,Other Principal Arterial,3,348,X003831240,Not Toll,73,1,1,Divided - w/median (not raised),2,2939699.1856524,1909411.66769332,41.8848351,-87.80488894,On Scene,Urban,1,N,(N/A),Y,(N/A)
2025,2025-05-25,Sunday,3,03:49 AM,Injury,B Injury Crash,1,0,0,1,0,1,Turning,10,N,N,Failing to Yield Right of Way,Driving Skills/Knowledge/Experience,Darkness / Lighted Road,Clear,Dry,Y,(UNK),Harlem,(UNK)/Harlem,701,Traffic Signal,Functioning Properly,N,2,41.8736416,-87.8045258,ok,Partial Access Control,None,25-01580,2025,0,2,15,50000andOVER,9,4295,Oak Park,C,(UNK),None,16,25,13104209,5,Cook,2,25,None,None,7,N,No,Free Flow,202501162780,None,5,20.07999992,Y,,,,(UNK),109300,(N/A),(UNK),No Defects,1,1,InterState,1,348,X003831244,Not Toll,73,3,4,Divided With Median Barrier,3,2939912.062394,1905332.46992192,41.87363377,-87.80452,On Scene,Urban,1,N,(N/A),Y,(N/A)
2025,2025-05-23,Friday,18,06:18 PM,Property Damage,No Injuries,0,0,0,0,0,2,Sideswipe Same Direction,12,N,N,Unable to Determine,(N/A),Daylight,Clear,Dry,Y,S Ken,Washington Blvd,S Kenilworth Ave/Washington Blvd,,No Controls,No Controls,N,2,41.88151,-87.79698,ok,(UNK),None,2502629,2025,0,18,99,50000andOVER,9,4295,Oak Park,C,(UNK),None,16,23,13104287,5,Cook,0,25,None,None,5,N,No,Slow,202501162831,None,1,0,N,,,,(UNK),109338,(N/A),(UNK),No Defects,1,1,Major Collector,5,0,X003831291,Not Toll,,1,1,Not Divided,1,2941888.07392727,1908256.53103586,41.88151,-87.79698,On Scene,Urban,1,N,(N/A),Y,(N/A)
2025,2025-05-26,Monday,19,07:21 PM,Property Damage,No Injuries,0,0,0,0,0,2,Turning,10,N,N,Failing to Yield Right of Way,Failing to Reduce Speed to Avoid Crash,Daylight,Clear,Dry,N,(N/A),Ridgeland,(N/A),,No Controls,No Controls,N,2,41.87992,-87.78443,ok,(UNK),None,2502701,2025,0,2,28,50000andOVER,9,4295,Oak Park,C,(UNK),None,16,26,13104367,5,Cook,0,25,None,None,1,N,No,Free Flow,202501162911,None,1,1.51999998,N,N,100,F,(UNK),109385,(N/A),(UNK),No Defects,1,1,Minor Arterial,4,2783,X003831369,Not Toll,,1,1,Not Divided,1,2945321.9451873,1907771.77769087,41.87992,-87.78443,On Scene,Urban,1,N,(N/A),Y,(N/A)
2025,2025-05-24,Saturday,11,11:09 AM,Property Damage,No Injuries,0,0,0,0,0,2,Sideswipe Same Direction,12,N,N,Improper Lane Usage,Failing to Reduce Speed to Avoid Crash,Daylight,Clear,Dry,N,(N/A),I290 Eb,(N/A),,No Controls,No Controls,Y,2,41.8710107,-87.7753782,ok,Partial Access Control,None,03-25-12518,2025,0,20,28,50000andOVER,9,4295,Oak Park,C,(UNK),None,16,24,13104680,5,Cook,0,25,None,None,6,N,No,(UNK),202501163220,None,1,9.14999962,Y,W,300,F,(UNK),109596,(N/A),(UNK),No Defects,1,1,InterState,1,290,X003831668,Not Toll,73,1,1,Divided With Median Barrier,3,2947877.62591021,1904593.65287085,41.87100284,-87.77537237,On Scene,Urban,1,N,(N/A),Y,(N/A)
2025,2025-05-23,Friday,15,03:39 PM,Property Damage,No Injuries,0,0,0,0,0,3,Front to Rear,11,N,N,Unable to Determine,Unable to Determine,Daylight,Unknown,Unknown,Y,(UNK),W North Ave,(UNK)/W North Ave,7198,Traffic Signal,Unknown,N,2,41.9087841,-87.8057828,ok,(UNK),None,JJ270938,2025,0,18,18,50000andOVER,9,4295,Oak Park,C,(UNK),None,16,23,13104737,5,Cook,0,25,None,None,5,N,No,Free Flow,202501163274,None,1,5.92000008,Y,,,,(UNK),109639,(N/A),(UNK),Unknown,99,9,Other Principal Arterial,3,307,X003831721,Not Toll,73,3,9,Not Divided,1,2939217.14417051,1918129.62730626,41.90877628,-87.805777,Not on Scene (Desk R,Urban,9,N,(N/A),N,(N/A)
2025,2025-05-25,Sunday,0,00:20 AM,Property Damage,No Injuries,0,0,0,0,0,2,Front to Rear,11,N,N,Failing to Reduce Speed to Avoid Crash,Following Too Closely,Darkness / Lighted Road,Rain,Wet,N,(N/A),I-290 W/B,(N/A),,Traffic Signal,Functioning Properly,N,2,41.8736531,-87.8042626,ok,Partial Access Control,None,03-25-12580,2025,0,28,3,50000andOVER,9,4295,Oak Park,C,(UNK),None,16,25,13105727,5,Cook,0,25,None,None,7,N,No,(UNK),202501164245,None,5,0,Y,W,100,F,(UNK),110260,(N/A),(UNK),No Defects,1,2,InterState,1,0,X003832604,Not Toll,,3,4,Divided With Median Barrier,3,2939983.638377,1905338.61273286,41.87365306,-87.80426259,On Scene,Urban,2,N,(N/A),Y,(N/A)
2025,2025-05-26,Monday,10,10:55 AM,Property Damage,No Injuries,0,0,0,0,0,4,Sideswipe Same Direction,12,N,N,Failing to Yield Right of Way,Improper Lane Usage,Daylight,Clear,Dry,Y,Ridge,Madison St,Madison St/Ridgeland,,Traffic Signal,Functioning Properly,N,2,41.87989,-87.78446,ok,(UNK),None,2502688,2025,0,2,20,50000andOVER,9,4295,Oak Park,C,(UNK),None,16,26,13106028,5,Cook,0,25,None,None,1,N,No,Free Flow,202501164623,None,1,0,N,,,,(UNK),110452,(N/A),(UNK),No Defects,1,1,Minor Arterial,4,0,X003832883,Not Toll,,3,4,Divided - w/median (not raised),2,2945314.07860895,1907760.61823074,41.87989,-87.78446,On Scene,Urban,1,N,(N/A),Y,(N/A)
2025,2025-05-21,Wednesday,15,03:41 PM,Property Damage,No Injuries,0,0,0,0,0,5,Front to Rear,11,N,N,Failing to Reduce Speed to Avoid Crash,(N/A),Daylight,Cloudy/Overcast,Wet,N,(N/A),Washington Blvd,(N/A),,Traffic Signal,Functioning Properly,N,2,41.88168,-87.78452,ok,(UNK),None,2502578,2025,0,28,99,50000andOVER,9,4295,Oak Park,C,(UNK),None,16,21,13106030,5,Cook,0,25,None,None,3,N,No,Stopped,202501164626,None,1,1.39999998,N,W,10,F,(UNK),110453,(N/A),(UNK),No Defects,1,2,Major Collector,5,2783,X003832885,Not Toll,,3,4,Not Divided,1,2945279.62245676,1908412.47370952,41.88168,-87.78452,On Scene,Urban,8,N,(N/A),Y,(N/A)
2025,2025-05-18,Sunday,2,02:40 AM,Property Damage,No Injuries,0,0,0,0,0,2,Sideswipe Same Direction,12,N,N,Improper Overtaking/Passing,Improper Lane Usage,Darkness / Lighted Road,Clear,Dry,N,(N/A),I-290Wb,(N/A),,Other,Functioning Properly,Y,2,41.8717855,-87.782366,ok,Partial Access Control,None,03-25-11854,2025,0,4,20,50000andOVER,9,4295,Oak Park,C,(UNK),None,16,18,13106618,5,Cook,0,25,None,None,7,N,No,(UNK),202501165265,None,5,8.80000019,Y,E,500,F,(UNK),110856,(N/A),(UNK),No Defects,1,1,InterState,1,290,X003833431,Not Toll,73,13,4,Divided With Median Barrier,3,2945966.45909609,1904823.04574194,41.87177769,-87.78236016,On Scene,Urban,1,N,(N/A),Y,(N/A)
2025,2025-05-12,Monday,6,06:20 AM,Property Damage,No Injuries,0,0,0,0,0,2,Front to Rear,11,N,N,Failing to Reduce Speed to Avoid Crash,Following Too Closely,Darkness / Lighted Road,Clear,Dry,N,(N/A),I-290Wb,(N/A),,Other,Functioning Properly,Y,2,41.8716692,-87.7810631,ok,Partial Access Control,None,03-25-11914,2025,0,28,3,50000andOVER,9,4295,Oak Park,C,(UNK),None,16,12,13106619,5,Cook,0,25,None,None,1,N,No,(UNK),202501165266,None,5,8.86999989,Y,W,500,F,(UNK),110857,(N/A),(UNK),No Defects,1,1,InterState,1,290,X003833432,Not Toll,73,13,4,Divided With Median Barrier,3,2946322.5,1904790.5,41.87166131,-87.78105732,On Scene,Urban,1,N,(N/A),Y,(N/A)
2025,2025-05-17,Saturday,23,11:25 PM,Property Damage,No Injuries,0,0,0,0,0,1,Fixed Object,6,N,N,Improper Lane Usage,Following Too Closely,Darkness / Lighted Road,Clear,Dry,N,(N/A),I-290Wb,(N/A),,Other,Functioning Properly,N,1,41.8728336,-87.7958122,ok,Partial Access Control,None,03-25-11845,2025,0,20,3,50000andOVER,9,4295,Oak Park,C,(UNK),None,16,17,13106620,5,Cook,0,25,None,None,6,N,No,(UNK),202501165267,None,5,8.10000038,Y,W,500,F,(UNK),110858,(N/A),(UNK),No Defects,1,1,InterState,1,290,X003833433,Not Toll,73,13,4,Divided With Median Barrier,3,2942293.5,1905103.5,41.8728258,-87.79580637,On Scene,Urban,1,N,(N/A),Y,(N/A)
2025,2025-05-27,Tuesday,13,01:11 PM,Injury,C Injury Crash,2,0,0,0,2,2,Front to Rear,11,N,N,Following Too Closely,Failing to Reduce Speed to Avoid Crash,Daylight,Clear,Dry,Y,Washi,N Harlem Ave,N Harlem Ave/Washington Blvd,,Traffic Signal,Functioning Properly,N,4,41.8813878,-87.8047858,ok,(UNK),None,2502723,2025,0,3,28,50000andOVER,9,4295,Oak Park,C,(UNK),None,16,27,13106788,5,Cook,1,25,None,None,2,N,Yes,Free Flow,202501165440,None,1,19.55999947,Y,,,,(UNK),110972,(N/A),(UNK),No Defects,1,1,Other Principal Arterial,3,348,X003833591,Not Toll,73,3,4,Not Divided,1,2939763.52364909,1908153.38389951,41.88138,-87.80478,On Scene,Urban,1,N,(N/A),Y,(N/A)
2025,2025-05-27,Tuesday,11,11:50 AM,Property Damage,No Injuries,0,0,0,0,0,2,Front to Rear,11,N,N,Failing to Reduce Speed to Avoid Crash,(N/A),Daylight,Clear,Dry,Y,Harve,Madison,Harvey/Madison,,Pedestrian Crossing Sign,Functioning Properly,N,2,41.87994,-87.78119,ok,(UNK),None,2502721,2025,0,28,99,50000andOVER,9,4295,Oak Park,C,(UNK),None,16,27,13106789,5,Cook,0,25,None,None,2,N,No,Stopped,202501165441,None,1,4.28999996,N,,,,(UNK),110973,(N/A),(UNK),No Defects,1,1,Minor Arterial,4,1419,X003833592,Not Toll,,17,4,Divided - w/median (not raised),2,2946204.12385637,1907803.58851093,41.87994,-87.78119,On Scene,Urban,1,N,(N/A),Y,(N/A)
2025,2025-03-07,Friday,8,08:13 AM,Property Damage,No Injuries,0,0,0,0,0,2,Angle,15,N,N,Failing to Yield Right of Way,Failing to Reduce Speed to Avoid Crash,Daylight,Clear,Dry,Y,Grove,Chicago,Chicago/Grove,,Stop Sign,Functioning Properly,N,2,41.89439,-87.79617,ok,(UNK),None,2501134,2025,0,2,28,50000andOVER,9,4295,Oak Park,C,(UNK),None,16,7,13106791,3,Cook,0,25,None,None,5,N,No,Free Flow,202501165442,None,1,3.01999998,N,,,,(UNK),110974,(N/A),(UNK),No Defects,1,1,Minor Arterial,4,1398,X003833593,Not Toll,,2,4,T-Intersection,15,2941978.93122766,1912956.33821048,41.89439,-87.79617,On Scene,Urban,1,N,(N/A),Y,(N/A)
2025,2025-05-28,Wednesday,22,10:43 PM,Property Damage,No Injuries,0,0,0,0,0,5,Front to Rear,11,N,N,Failing to Reduce Speed to Avoid Crash,(N/A),Darkness / Lighted Road,Clear,Dry,N,(N/A),North Ave,(N/A),,Traffic Signal,Functioning Properly,Y,3,41.9090191,-87.7958685,ok,(UNK),None,2502752,2025,0,28,99,50000andOVER,9,4295,Oak Park,C,(UNK),None,16,28,13107160,5,Cook,0,25,None,None,3,N,No,Stopped,202501165747,None,5,6.44000006,Y,W,250,F,(UNK),111222,(N/A),(UNK),No Defects,1,1,Other Principal Arterial,3,307,X003833848,Not Toll,73,3,4,Not Divided,1,2941913.62642719,1918289.73501983,41.90901125,-87.79586265,On Scene,Urban,1,N,(N/A),Y,(N/A)
2025,2025-05-28,Wednesday,14,02:48 PM,Property Damage,No Injuries,0,0,0,0,0,1,Parked Motor Vehicle,9,N,N,Failing to Reduce Speed to Avoid Crash,(N/A),Darkness / Lighted Road,Cloudy/Overcast,Dry,N,(N/A),Ridgeland Ave,(N/A),,No Controls,No Controls,Y,2,41.8686701,-87.7840828,ok,(UNK),None,2502746,2025,0,28,99,50000andOVER,9,4295,Oak Park,C,(UNK),None,16,28,13107162,5,Cook,0,25,None,None,3,N,No,Free Flow,202501165749,None,5,2.29999995,N,S,110,F,(UNK),111224,(N/A),(UNK),No Defects,1,1,Major Collector,5,2783,X003833850,Not Toll,73,1,1,Not Divided,1,2945530.36952807,1903674.72093552,41.86866222,-87.78407698,On Scene,Urban,8,N,(N/A),Y,(N/A)