crash_year,crash_date,day_of_week,crash_hour,time_of_crash,crash_severity,crash_injury_severity,total_injured,total_fatals,a_injuries,b_injuries,c_injuries,no_injuries,type_of_first_crash,collision_type_code,pedestrian_involved,pedalcyclist_involved,cause1,cause2,lighting_cond,weather_cond,road_surface_cond,intersection_related,is_intersection,highway_or_street_name,at_intersection_with,address_no,traffic_control_device,traffic_control_device_cond,hit_and_run,number_of_vehicles,latitude,longitude,location_status,access_control,agency_code,agency_report_number,agency_report_year,alignment_code,cause1_code,cause2_code,city_class,city_class_code,city_code,city_name,city_township_flag,class_of_trafficway,class_of_trafficway_code,county_code,crash_day,crash_id,crash_month,crash_report_county,crash_severity_cd,crash_yr_source,damaged_property1,damaged_property2,day_of_week_code,did_crash_occur_in_work_zone,did_involve_secondary_crash,flow_condition,icn,investigating_agency_descrip,light_condition_code,mile_station,nhs,non_intersection_direction,non_intersection_distance,non_intersection_units,number_of_lanes,objectid,railroad_crossing_number,road_alignment,road_defects,road_defects_code,road_surface_condition_code,roadway_functional_class,roadway_functional_class_code,route_number,sfe,toll,township,traffic_control_device_code,traffic_control_device_cond_code,trafficway_descrip,trafficway_description_code,ts_crash_coordinate_x,ts_crash_coordinate_y,ts_crash_latitude,ts_crash_longitude,type_report,urban_rural,weather_code,were_workers_present,work_zone,work_zone_related,work_zone_type
2025,2025-05-29,Thursday,8,08:54 AM,Property Damage,No Injuries,0,0,0,0,0,3,Turning,10,N,N,Failing to Yield Right of Way,Failing to Reduce Speed to Avoid Crash,Daylight,Cloudy/Overcast,Dry,Y,Maple,Madison St,Madison St/Maple,,No Controls,No Controls,N,2,41.8796073,-87.8038458,ok,(UNK),None,2502754,2025,0,2,28,50000andOVER,9,4295,Oak Park,C,(UNK),None,16,29,13108088,5,Cook,0,25,None,None,4,N,No,Free Flow,202501166625,None,1,3.1099999,N,,,,(UNK),111858,(N/A),(UNK),No Defects,1,1,Minor Arterial,4,1419,X003834726,Not Toll,73,1,1,Divided - w/median (not raised),2,2940037.39886171,1907511.55735048,41.87959942,-87.80383997,On Scene,Urban,8,N,(N/A),Y,(N/A)
2025,2025-05-29,Thursday,15,03:15 PM,Injury,B Injury Crash,1,0,0,1,0,4,Front to Rear,11,N,N,Failing to Reduce Speed to Avoid Crash,Following Too Closely,Daylight,Cloudy/Overcast,Dry,N,(N/A),Madison St,(N/A),,Traffic Signal,Functioning Properly,N,2,41.8800123,-87.7750423,ok,(UNK),None,2502763,2025,0,28,3,50000andOVER,9,4295,Oak Park,C,(UNK),None,16,29,13108180,5,Cook,2,25,None,None,4,N,No,Stopped,202501166702,None,1,4.5999999,N,W,100,F,(UNK),111903,(N/A),(UNK),No Defects,1,1,Minor Arterial,4,1419,X003834802,Not Toll,73,3,4,Divided With Median Barrier,3,2947877.6589458,1907876.54927833,41.88000443,-87.77503649,On Scene,Urban,8,N,(N/A),Y,(N/A)
2025,2025-05-16,Friday,19,07:01 PM,Property Damage,No Injuries,0,0,0,0,0,3,Rear to Front,18,N,N,Improper Backing,Failing to Reduce Speed to Avoid Crash,Daylight,Clear,Dry,N,(N/A),Pleasant St,(N/A),,No Controls,No Controls,N,2,41.88519,-87.78298,ok,(UNK),None,2502469,2025,0,30,28,50000andOVER,9,4295,Oak Park,C,(UNK),None,16,16,13108204,5,Cook,0,25,None,None,5,N,No,Slow,202501166724,None,1,0,N,W,200,F,(UNK),111917,(N/A),(UNK),No Defects,1,1,Local Road or Street,7,0,X003834823,Not Toll,,1,1,Not Divided,1,2945663.46647225,1909703.23481835,41.88519,-87.78298,On Scene,Urban,1,N,(N/A),Y,(N/A)
2025,2025-05-22,Thursday,23,11:07 PM,Property Damage,No Injuries,0,0,0,0,0,2,Turning,10,N,N,Improper Lane Usage,(N/A),Darkness / Lighted Road,Clear,Dry,N,(N/A),I290,(N/A),,Traffic Signal,Functioning Properly,Y,2,41.8737782,-87.8045294,ok,Partial Access Control,None,03-25-12363,2025,0,20,99,50000andOVER,9,4295,Oak Park,C,(UNK),None,16,22,13110862,5,Cook,0,25,None,None,4,N,No,(UNK),202501169297,None,5,7.69999981,Y,,,,(UNK),113757,(N/A),(UNK),No Defects,1,1,InterState,1,290,X003837350,Not Toll,73,3,4,Ramp,11,2939909.71658092,1905382.2043601,41.87377032,-87.80452358,On Scene,Urban,1,N,(N/A),Y,(N/A)
2025,2025-05-30,Friday,7,07:50 AM,Property Damage,No Injuries,0,0,0,0,0,2,Front to Rear,11,N,N,Following Too Closely,Failing to Reduce Speed to Avoid Crash,Daylight,Clear,Unknown,N,(N/A),Madison St,(N/A),,Traffic Signal,Functioning Properly,N,2,41.87972,-87.79426,ok,(UNK),None,2502778,2025,0,3,28,50000andOVER,9,4295,Oak Park,C,(UNK),None,16,30,13111264,5,Cook,0,25,None,None,5,N,No,Slow,202501169674,None,1,3.5999999,N,W,25,F,(UNK),114026,(N/A),(UNK),Unknown,99,9,Minor Arterial,4,1419,X003837720,Not Toll,,3,4,Divided - w/median (not raised),2,2942646.86089228,1907624.69837674,41.87972,-87.79426,On Scene,Urban,1,N,(N/A),N,(N/A)
2025,2025-05-30,Friday,9,09:11 AM,Property Damage,No Injuries,0,0,0,0,0,2,Front to Rear,11,N,N,Following Too Closely,Failing to Reduce Speed to Avoid Crash,Daylight,Clear,Dry,N,(N/A),S Oak Park Ave,(N/A),,Traffic Signal,Functioning Properly,N,2,41.88155,-87.79427,ok,(UNK),None,2502779,2025,0,3,28,50000andOVER,9,4295,Oak Park,C,(UNK),None,16,30,13111269,5,Cook,0,25,None,None,5,N,No,Slow,202501169679,None,1,0,N,S,25,F,(UNK),114031,(N/A),(UNK),No Defects,1,1,Major Collector,5,0,X003837725,Not Toll,,3,4,Divided - w/median (not raised),2,2942625.69287431,1908291.50854355,41.88155,-87.79427,On Scene,Urban,1,N,(N/A),Y,(N/A)
2025,2025-05-30,Friday,23,11:11 PM,Injury,A Injury Crash,1,0,1,0,0,6,Angle,15,N,N,Disregarding Traffic Signals,Driving Skills/Knowledge/Experience,Darkness / Lighted Road,Clear,Dry,Y,(UNK),S Harlem Ave,(UNK)/S Harlem Ave,641,Traffic Signal,Functioning Properly,N,3,41.8736412,-87.8045223,ok,Partial Access Control,None,2502798,2025,0,25,15,50000andOVER,9,4295,Oak Park,C,(UNK),None,16,30,13111332,5,Cook,3,25,None,None,5,N,Yes,Free Flow,202501169743,None,5,20.10000038,Y,,,,(UNK),114067,(N/A),(UNK),No Defects,1,1,InterState,1,348,X003837785,Not Toll,73,3,4,Divided With Median Barrier,3,2939913.02353787,1905332.34092025,41.87363335,-87.80451649,On Scene,Urban,1,N,(N/A),Y,(N/A)
2025,2025-05-31,Saturday,10,10:11 AM,Property Damage,No Injuries,0,0,0,0,0,3,Parked Motor Vehicle,9,N,N,Failing to Reduce Speed to Avoid Crash,Driving Skills/Knowledge/Experience,Daylight,Clear,Dry,N,(N/A),N Euclid Ave,(N/A),,Stop Sign,Functioning Properly,N,2,41.89021,-87.79278,ok,(UNK),None,2502801,2025,0,28,15,50000andOVER,9,4295,Oak Park,C,(UNK),None,16,31,13111334,5,Cook,0,25,None,None,6,N,No,Free Flow,202501169745,None,1,0,N,N,15,F,(UNK),114068,(N/A),(UNK),No Defects,1,1,Local Road or Street,7,0,X003837787,Not Toll,,2,4,Not Divided,1,2942944.12046747,1911458.60040456,41.89021,-87.79278,On Scene,Urban,1,N,(N/A),Y,(N/A)
2025,2025-05-31,Saturday,10,10:26 AM,Property Damage,No Injuries,0,0,0,0,0,2,Turning,10,N,N,Failing to Yield Right of Way,Failing to Reduce Speed to Avoid Crash,Daylight,Clear,Dry,N,(N/A),Randolph St,(N/A),,No Controls,No Controls,N,2,41.88322,-87.80244,ok,(UNK),None,2502802,2025,0,2,28,50000andOVER,9,4295,Oak Park,C,(UNK),None,16,31,13111336,5,Cook,0,25,None,None,6,N,No,Slow,202501169748,None,1,0,N,W,25,F,(UNK),114070,(N/A),(UNK),No Defects,1,1,Local Road or Street,7,0,X003837789,Not Toll,,1,1,Divided - w/median (not raised),2,2940383.96058402,1908838.65432463,41.88322,-87.80244,Not on Scene (Desk R,Urban,1,N,(N/A),Y,(N/A)
2025,2025-05-31,Saturday,16,04:09 PM,Injury,B Injury Crash,1,0,0,1,0,1,Pedestrian,1,Y,N,Failing to Yield Right of Way,Vision Obscured,Daylight,Clear,Dry,N,(N/A),S Elmwood,(N/A),828,No Controls,No Controls,N,1,41.87337,-87.78544,ok,(UNK),None,2502810,2025,0,2,14,50000andOVER,9,4295,Oak Park,C,(UNK),None,16,31,13111382,5,Cook,2,25,None,None,6,N,No,Free Flow,202501169794,None,1,0,N,,,,(UNK),114100,(N/A),(UNK),No Defects,1,1,Local Road or Street,7,0,X003837832,Not Toll,,1,1,Not Divided,1,2945113.14037373,1905377.20000571,41.87337,-87.78544,On Scene,Urban,1,N,(N/A),Y,(N/A)
2025,2025-05-31,Saturday,23,11:20 PM,Property Damage,No Injuries,0,0,0,0,0,2,Front to Front,14,N,N,Failing to Reduce Speed to Avoid Crash,(N/A),Darkness / Lighted Road,Clear,Dry,N,(N/A),N Taylor Ave,(N/A),516,No Controls,No Controls,N,2,41.89519,-87.77844,ok,(UNK),None,2502815,2025,0,28,99,50000andOVER,9,4295,Oak Park,C,(UNK),None,16,31,13111390,5,Cook,0,25,None,None,6,N,No,Free Flow,202501169802,None,5,0,N,,,,(UNK),114106,(N/A),(UNK),No Defects,1,1,Local Road or Street,7,0,X003837839,Not Toll,,1,1,Not Divided,1,2946798.30546935,1913381.82015661,41.89519,-87.77844,On Scene,Urban,1,N,(N/A),Y,(N/A)
2025,2025-06-01,Sunday,20,08:37 PM,Property Damage,No Injuries,0,0,0,0,0,2,Front to Rear,11,N,N,Improper Lane Usage,Failing to Reduce Speed to Avoid Crash,Daylight,Clear,Dry,Y,N Rid,Division St,Division St/N Ridgeland Ave,,Traffic Signal,No Controls,N,2,41.90184,-87.78419,ok,(UNK),None,2502840,2025,0,20,28,50000andOVER,9,4295,Oak Park,C,(UNK),None,16,1,13111593,6,Cook,0,25,None,None,7,N,No,Free Flow,202501169936,None,1,0,N,,,,(UNK),114243,(N/A),(UNK),No Defects,1,1,Major Collector,5,0,X003837963,Not Toll,,3,1,Not Divided,1,2945165.3900236,1915761.66040862,41.90184,-87.78419,Not on Scene (Desk R,Urban,1,N,(N/A),Y,(N/A)
2025,2025-05-26,Monday,15,03:20 PM,Property Damage,No Injuries,0,0,0,0,0,3,Front to Rear,11,N,N,Following Too Closely,Failing to Reduce Speed to Avoid Crash,Daylight,Clear,Dry,N,(N/A),I-290,(N/A),,Other Regualtory Sig,Functioning Properly,N,3,41.8735898,-87.8024137,ok,Partial Access Control,None,03-25-12697,2025,0,3,28,50000andOVER,9,4295,Oak Park,C,(UNK),None,16,26,13112158,5,Cook,0,25,None,None,1,N,No,(UNK),202501170614,None,1,7.80000019,Y,E,541,F,(UNK),114616,(N/A),(UNK),No Defects,1,1,InterState,1,290,X003838488,Not Toll,73,10,4,Divided With Median Barrier,3,2940487.84554744,1905329.43200927,41.87358195,-87.80240791,On Scene,Urban,1,N,(N/A),Y,(N/A)
2025,2025-06-02,Monday,15,03:22 PM,Property Damage,No Injuries,0,0,0,0,0,1,Parked Motor Vehicle,9,N,N,Driving Skills/Knowledge/Experience,Failing to Reduce Speed to Avoid Crash,Daylight,Clear,Dry,N,(N/A),Ridgeland Ave,(N/A),,No Controls,No Controls,Y,2,41.87992,-87.78443,ok,(UNK),None,2502861,2025,0,15,28,50000andOVER,9,4295,Oak Park,C,(UNK),None,16,2,13112735,6,Cook,0,25,None,None,1,N,No,Free Flow,202501171111,None,1,1.51999998,N,N,200,F,(UNK),114984,(N/A),(UNK),No Defects,1,1,Minor Arterial,4,2783,X003838987,Not Toll,,1,1,Divided - w/median (not raised),2,2945321.9451873,1907771.77769087,41.87992,-87.78443,Not on Scene (Desk R,Urban,1,N,(N/A),Y,(N/A)
2025,2025-06-03,Tuesday,9,09:59 AM,Property Damage,No Injuries,0,0,0,0,0,2,Turning,10,N,N,Improper Overtaking/Passing,Failing to Reduce Speed to Avoid Crash,Daylight,Cloudy/Overcast,Dry,N,(N/A),Augusta St,(N/A),,Stop Sign,Functioning Properly,N,2,41.89832,-87.77892,ok,(UNK),None,2502877,2025,0,4,28,50000andOVER,9,4295,Oak Park,C,(UNK),None,16,3,13114172,6,Cook,0,25,None,None,2,N,No,Free Flow,202501172503,None,1,0,N,W,100,F,(UNK),115957,(N/A),(UNK),No Defects,1,1,Local Road or Street,7,0,X003840319,Not Toll,,2,4,Not Divided,1,2946635.85167408,1914518.81401739,41.89832,-87.77892,On Scene,Urban,8,N,(N/A),Y,(N/A)
2025,2025-05-23,Friday,16,04:57 PM,Property Damage,No Injuries,0,0,0,0,0,2,Sideswipe Same Direction,12,N,N,Failing to Yield Right of Way,Improper Turning/No Signal,Daylight,Clear,Dry,Y,S Rid,Washington Blvd,S Ridgeland Ave/Washington Blvd,,Traffic Signal,Functioning Properly,Y,2,41.88168,-87.78452,ok,(UNK),None,2502627,2025,0,2,6,50000andOVER,9,4295,Oak Park,C,(UNK),None,16,23,13114186,5,Cook,0,25,None,None,5,N,No,Free Flow,202501172516,None,1,1.39999998,N,,,,(UNK),115966,(N/A),(UNK),No Defects,1,1,Major Collector,5,2783,X003840333,Not Toll,,3,4,Two-way Continuous Left-Turn Lane,4,2945279.62245676,1908412.47370952,41.88168,-87.78452,Not on Scene (Desk R,Urban,1,N,(N/A),Y,(N/A)
2025,2025-06-03,Tuesday,15,03:40 PM,Property Damage,No Injuries,0,0,0,0,0,3,Angle,15,N,N,Failing to Yield Right of Way,Unable to Determine,Daylight,Clear,Dry,Y,Iowa,N East Ave,Iowa St/N East Ave,,Stop Sign,Functioning Properly,N,2,41.8963,-87.78987,ok,(UNK),None,2502883,2025,0,2,18,50000andOVER,9,4295,Oak Park,C,(UNK),None,16,3,13114190,6,Cook,0,25,None,None,2,N,No,Free Flow,202501172520,None,1,0,N,,,,(UNK),115968,(N/A),(UNK),No Defects,1,1,Local Road or Street,7,0,X003840337,Not Toll,,2,4,Four Way,14,2943674.99125256,1913699.85956355,41.8963,-87.78987,On Scene,Urban,1,N,(N/A),Y,(N/A)
2025,2025-06-04,Wednesday,13,01:15 PM,Property Damage,No Injuries,0,0,0,0,0,2,Front to Rear,11,N,N,Following Too Closely,Failing to Reduce Speed to Avoid Crash,Daylight,Rain,Wet,N,(N/A),I-290 W/B,(N/A),,Other Regualtory Sig,Functioning Properly,N,2,41.8725652,-87.7931854,ok,Partial Access Control,None,03-25-13577,2025,0,3,28,50000andOVER,9,4295,Oak Park,C,(UNK),None,16,4,13114918,6,Cook,0,25,None,None,3,N,No,(UNK),202501173235,None,1,8.22999954,Y,E,223,F,(UNK),116420,(N/A),(UNK),No Defects,1,2,InterState,1,290,X003840974,Not Toll,73,10,4,Divided With Median Barrier,3,2943011.66908851,1905025.47357992,41.8725574,-87.79317956,On Scene,Urban,2,N,(N/A),Y,(N/A)
2025,2025-06-01,Sunday,3,03:10 AM,Injury,B Injury Crash,2,0,0,2,0,2,Front to Rear,11,N,N,Failing to Reduce Speed to Avoid Crash,(N/A),Darkness / Lighted Road,Clear,Dry,N,(N/A),I-290Wb,(N/A),,Other,Functioning Properly,N,3,41.8726198,-87.7938127,ok,Partial Access Control,None,03-25-13205,2025,0,28,99,50000andOVER,9,4295,Oak Park,C,(UNK),None,16,1,13115278,6,Cook,2,25,None,None,7,N,Yes,(UNK),202501173581,None,5,8.19999981,Y,E,50,F,(UNK),116687,(N/A),(UNK),No Defects,1,1,InterState,1,290,X003841324,Not Toll,73,13,4,Divided With Median Barrier,3,2942840.24242424,1905040.61764706,41.87261193,-87.79380693,On Scene,Urban,1,N,(N/A),Y,(N/A)
2025,2025-04-27,Sunday,17,05:43 PM,Property Damage,No Injuries,0,0,0,0,0,1,Sideswipe Same Direction,12,N,N,Unable to Determine,Failing to Reduce Speed to Avoid Crash,Daylight,Clear,Dry,N,(N/A),Garfield St,(N/A),1009,No Controls,No Controls,Y,2,41.87232,-87.79987,ok,(UNK),None,2502060,2025,0,18,28,50000andOVER,9,4295,Oak Park,C,(UNK),None,16,27,13115473,4,Cook,0,25,None,None,7,N,No,Free Flow,202501173724,None,1,0,N,,,,(UNK),116804,(N/A),(UNK),No Defects,1,1,Local Road or Street,7,0,X003841467,Not Toll,,1,1,Divided - w/median (not raised),2,2941193.43261666,1904885.80007253,41.87232,-87.79987,On Scene,Urban,1,N,(N/A),Y,(N/A)
2025,2025-04-11,Friday,14,02:37 PM,Property Damage,No Injuries,0,0,0,0,0,3,Front to Rear,11,N,N,Following Too Closely,Failing to Reduce Speed to Avoid Crash,Daylight,Clear,Dry,N,(N/A),S Oak Park Ave,(N/A),,Traffic Signal,Functioning Properly,N,2,41.87975,-87.79422,ok,(UNK),None,2501742,2025,0,3,28,50000andOVER,9,4295,Oak Park,C,(UNK),None,16,11,13115474,4,Cook,0,25,None,None,5,N,No,Stopped,202501173725,None,1,0,N,E,100,F,(UNK),116805,(N/A),(UNK),No Defects,1,1,Minor Arterial,4,0,X003841468,Not Toll,,3,4,Divided - w/median (not raised),2,2942657.45214168,1907635.93221684,41.87975,-87.79422,On Scene,Urban,1,N,(N/A),Y,(N/A)
2025,2025-06-01,Sunday,3,03:32 AM,Property Damage,No Injuries,0,0,0,0,0,7,Sideswipe Same Direction,12,N,N,Improper Lane Usage,Failing to Reduce Speed to Avoid Crash,Darkness / Lighted Road,Clear,Dry,N,(N/A),I-290 W/B,(N/A),,Other,Functioning Properly,Y,3,41.872635,-87.7939989,ok,Partial Access Control,None,03-25-13206,2025,0,20,28,50000andOVER,9,4295,Oak Park,C,(UNK),None,16,1,13115649,6,Cook,0,25,None,None,7,N,No,(UNK),202501173884,None,5,8.18999958,Y,W,0,M,(UNK),116897,(N/A),(UNK),No Defects,1,1,InterState,1,290,X003841624,Not Toll,73,13,4,Divided With Median Barrier,3,2942789.39362287,1905044.76386386,41.87262716,-87.79399306,On Scene,Urban,1,N,(N/A),Y,(N/A)
2025,2025-06-04,Wednesday,12,12:55 PM,Injury,B Injury Crash,1,0,0,1,0,1,Pedalcyclist,2,N,Y,Failing to Reduce Speed to Avoid Crash,Failing to Yield Right of Way,Daylight,Rain,Wet,N,(N/A),S Ridgeland Ave,(N/A),,Stop Sign,Functioning Properly,N,1,41.87444,-87.78424,ok,(UNK),None,2502901,2025,0,28,2,50000andOVER,9,4295,Oak Park,C,(UNK),None,16,4,13115691,6,Cook,2,25,None,None,3,N,No,Slow,202501173928,None,1,0,N,,,,(UNK),116923,(N/A),(UNK),No Defects,1,2,Major Collector,5,0,X003841663,Not Toll,,2,4,Divided - w/median (not raised),2,2945429.15288535,1905776.20193309,41.87444,-87.78424,On Scene,Urban,2,N,(N/A),Y,(N/A)
2025,2025-06-04,Wednesday,14,02:26 PM,Injury,B Injury Crash,1,0,0,1,0,2,Front to Rear,11,N,N,Following Too Closely,Failing to Reduce Speed to Avoid Crash,Daylight,Rain,Wet,Y,Jacks,Ridgeland,Jackson/Ridgeland,,Traffic Signal,Functioning Properly,N,3,41.87627,-87.78431,ok,(UNK),None,2502905,2025,0,3,28,50000andOVER,9,4295,Oak Park,C,(UNK),None,16,4,13115696,6,Cook,2,25,None,None,3,N,Yes,Free Flow,202501173936,None,1,0,N,,,,(UNK),116927,(N/A),(UNK),No Defects,1,2,Major Collector,5,0,X003841668,Not Toll,,3,4,T-Intersection,15,2945391.56722595,1906442.55797305,41.87627,-87.78431,On Scene,Urban,2,N,(N/A),Y,(N/A)
2025,2025-06-04,Wednesday,15,03:13 PM,Property Damage,No Injuries,0,0,0,0,0,2,Front to Rear,11,N,N,Failing to Reduce Speed to Avoid Crash,Weather,Daylight,Snow,Wet,N,(N/A),South Blvd,(N/A),,Stop Sign,Functioning Properly,N,2,41.88689,-87.78956,ok,(UNK),None,2502907,2025,0,28,11,50000andOVER,9,4295,Oak Park,C,(UNK),None,16,4,13115708,6,Cook,0,25,None,None,3,N,No,Stopped,202501173948,None,1,0.11,N,E,10,F,(UNK),116932,(N/A),(UNK),No Defects,1,2,Minor Collector,6,2779,X003841678,Not Toll,,2,4,Not Divided,1,2943854.44755959,1910273.0162597,41.88689,-87.78956,On Scene,Urban,3,N,(N/A),Y,(N/A)
2025,2025-06-04,Wednesday,23,11:47 PM,Property Damage,No Injuries,0,0,0,0,0,3,Turning,10,N,N,Improper Turning/No Signal,Driving Skills/Knowledge/Experience,Darkness / Lighted Road,Clear,Dry,Y,(UNK),S Harlem Ave,(UNK)/S Harlem Ave,669,Traffic Signal,Functioning Properly,Y,2,41.8736415,-87.8045248,ok,Partial Access Control,None,2502915,2025,0,6,15,50000andOVER,9,4295,Oak Park,C,(UNK),None,16,4,13115715,6,Cook,0,25,None,None,3,N,No,Free Flow,202501173956,None,5,0.23999999,Y,,,,(UNK),116934,(N/A),(UNK),No Defects,1,1,InterState,1,290,X003841685,Not Toll,73,3,4,Not Divided,1,2939912.34610973,1905332.4318425,41.87363365,-87.80451896,On Scene,Urban,1,N,(N/A),Y,(N/A)
2025,2025-06-04,Wednesday,14,02:59 PM,Injury,C Injury Crash,1,0,0,0,1,3,Angle,15,N,N,Failing to Yield Right of Way,Failing to Reduce Speed to Avoid Crash,Daylight,Rain,Wet,Y,Le Mo,N Harvey Ave,Le Moyne Pkwy/N Harvey Ave,,Stop Sign,Functioning Properly,N,2,41.90744,-87.78211,ok,(UNK),None,2502906,2025,0,2,28,50000andOVER,9,4295,Oak Park,C,(UNK),None,16,4,13115716,6,Cook,1,25,None,None,3,N,No,Slow,202501173957,None,1,0,N,,,,(UNK),116935,(N/A),(UNK),No Defects,1,2,Local Road or Street,7,0,X003841686,Not Toll,,2,4,Four Way,14,2945674.90412493,1917818.1538275,41.90744,-87.78211,On Scene,Urban,2,N,(N/A),Y,(N/A)
2025,2025-06-04,Wednesday,8,08:31 AM,Property Damage,No Injuries,0,0,0,0,0,2,Turning,10,N,N,Failing to Yield Right of Way,Failing to Reduce Speed to Avoid Crash,Daylight,Rain,Wet,N,(N/A),Oak Park Ave,(N/A),,Traffic Signal,Functioning Properly,Y,2,41.88688,-87.79443,ok,(UNK),None,2502897,2025,0,2,28,50000andOVER,9,4295,Oak Park,C,(UNK),None,16,4,13115718,6,Cook,0,25,None,None,3,N,No,Slow,202501231828,None,1,0,N,S,5,F,(UNK),116937,(N/A),(UNK),No Defects,1,2,Major Collector,5,0,X003841688,Not Toll,,3,4,Divided - w/median (not raised),2,2942528.39829827,1910232.65394326,41.88688,-87.79443,On Scene,Urban,2,N,(N/A),Y,(N/A)
2025,2025-06-04,Wednesday,6,06:40 AM,Property Damage,No Injuries,0,0,0,0,0,2,Front to Rear,11,N,N,Failing to Reduce Speed to Avoid Crash,Following Too Closely,Daylight,Rain,Wet,N,(N/A),Eisenhower Expy,(N/A),,Other,Functioning Properly,N,2,41.8712404,-87.7745428,ok,Partial Access Control,None,03-25-13534,2025,0,28,3,50000andOVER,9,4295,Oak Park,C,(UNK),None,16,4,13115980,6,Cook,0,25,None,None,3,N,No,(UNK),202501174085,None,1,9.19999981,Y,W,68,F,(UNK),117136,(N/A),(UNK),No Defects,1,2,InterState,1,290,X003841795,Not Toll,73,13,4,Divided With Median Barrier,3,2948102.81836196,1904683.72391017,41.8712326,-87.77453704,On Scene,Urban,2,N,(N/A),Y,(N/A)
2025,2025-06-04,Wednesday,11,11:21 AM,Injury,C Injury Crash,3,0,0,0,3,2,Angle,15,N,N,Failing to Reduce Speed to Avoid Crash,Unable to Determine,Daylight,Rain,Wet,N,(N/A),S Austin Blvd,(N/A),426,No Controls,No Controls,N,3,41.8737944,-87.7744539,ok,(UNK),None,2502900,2025,0,28,18,50000andOVER,9,4295,Oak Park,C,(UNK),None,16,4,13116347,6,Cook,1,25,None,None,3,N,No,Free Flow,202501174459,None,1,8.15999985,N,,,,(UNK),117382,(N/A),(UNK),No Defects,1,2,Minor Arterial,4,2790,X003842138,Not Toll,,1,1,Not Divided,1,2948101.08959514,1905615.08978125,41.87378651,-87.7744481,On Scene,Urban,2,N,(N/A),Y,(N/A)
2025,2025-06-05,Thursday,8,08:57 AM,Property Damage,No Injuries,0,0,0,0,0,2,Angle,15,N,N,Failing to Reduce Speed to Avoid Crash,Unable to Determine,Daylight,Clear,Dry,Y,N Cuy,Lake St,Lake St/N Cuyler Ave,,No Controls,No Controls,N,2,41.8882777,-87.7830603,ok,(UNK),None,2502918,2025,0,28,18,50000andOVER,9,4295,Oak Park,C,(UNK),None,16,5,13117020,6,Cook,0,25,None,None,4,N,No,Slow,202501175023,None,1,0.93000001,N,,,,(UNK),117796,(N/A),(UNK),No Defects,1,1,Major Collector,5,1405,X003842708,Not Toll,73,1,1,L-Intersection,20,2945610.31485731,1910827.84603373,41.88826986,-87.78305455,On Scene,Urban,1,N,(N/A),Y,(N/A)
2025,2025-06-05,Thursday,18,06:01 PM,Property Damage,No Injuries,0,0,0,0,0,2,Turning,10,N,N,Failing to Yield Right of Way,(N/A),Daylight,Clear,Dry,N,(N/A),N Harlem Ave,(N/A),483,No Controls,No Controls,N,2,41.8901614,-87.8050979,ok,(UNK),None,2502928,2025,0,2,99,50000andOVER,9,4295,Oak Park,C,(UNK),None,16,5,13117022,6,Cook,0,25,None,None,4,N,No,Free Flow,202501175025,None,1,18.95000076,Y,,,,(UNK),117797,(N/A),(UNK),No Defects,1,1,Other Principal Arterial,3,348,X003842710,Not Toll,73,1,1,Not Divided,1,2939590.50304764,1911348.286566,41.89015355,-87.80509207,On Scene,Urban,1,N,(N/A),Y,(N/A)
2025,2025-06-05,Thursday,18,06:12 PM,Property Damage,No Injuries,0,0,0,0,0,4,Front to Rear,11,N,N,Equipment-Vehicle Condition,Failing to Reduce Speed to Avoid Crash,Daylight,Clear,Dry,N,(N/A),S Austin Blvd,(N/A),,No Controls,No Controls,N,3,41.877767,-87.774583,ok,(UNK),None,2502929,2025,0,10,28,50000andOVER,9,4295,Oak Park,C,(UNK),None,16,5,13117087,6,Cook,0,25,None,None,4,N,No,Slow,202501175079,None,1,7.84000015,N,N,50,F,(UNK),117829,(N/A),(UNK),No Defects,1,1,Minor Arterial,4,2790,X003842765,Not Toll,,1,1,Not Divided,1,2948025.5450409,1907061.80009948,41.87775911,-87.77457725,On Scene,Urban,1,N,(N/A),Y,(N/A)
2025,2025-06-03,Tuesday,16,04:43 PM,Injury,B Injury Crash,1,0,0,1,0,3,Front to Rear,11,N,N,Failing to Reduce Speed to Avoid Crash,Failing to Yield Right of Way,Daylight,Clear,Dry,Y,Harle,Augusta St,Augusta St/Harlem Ave,,Traffic Signal,Functioning Properly,N,3,41.8978909,-87.805385,ok,(UNK),None,2502886,2025,0,28,2,50000andOVER,9,4295,Oak Park,C,(UNK),None,16,3,13117090,6,Cook,2,25,None,None,2,N,No,Free Flow,202501175082,None,1,18.40999985,Y,E,300,F,(UNK),117831,(N/A),(UNK),No Defects,1,1,Other Principal Arterial,3,348,X003842768,Not Toll,73,3,4,Divided - w/median (not raised),2,2939434.75628458,1914162.92027546,41.89788308,-87.80537921,On Scene,Urban,1,N,(N/A),Y,(N/A)
2025,2025-06-04,Wednesday,16,04:21 PM,Injury,C Injury Crash,1,0,0,0,1,1,Angle,15,N,N,Failing to Yield Right of Way,Failing to Reduce Speed to Avoid Crash,Daylight,Cloudy/Overcast,Wet,Y,(UNK),S Ridgeland,(UNK)/S Ridgeland,601,Stop Sign,Functioning Properly,N,2,41.87772,-87.78443,ok,(UNK),None,2502910,2025,0,2,28,50000andOVER,9,4295,Oak Park,C,(UNK),None,16,4,13117092,6,Cook,1,25,HOUSE,None,3,N,No,Free Flow,202501175084,None,1,0,N,,,,(UNK),117833,(N/A),(UNK),No Defects,1,2,Major Collector,5,0,X003842770,Not Toll,,2,4,Not Divided,1,2945344.21034069,1906970.05701307,41.87772,-87.78443,On Scene,Urban,8,N,(N/A),Y,(N/A)