crash_year,crash_date,day_of_week,crash_hour,time_of_crash,crash_severity,crash_injury_severity,total_injured,total_fatals,a_injuries,b_injuries,c_injuries,no_injuries,type_of_first_crash,collision_type_code,pedestrian_involved,pedalcyclist_involved,cause1,cause2,lighting_cond,weather_cond,road_surface_cond,intersection_related,is_intersection,highway_or_street_name,at_intersection_with,address_no,traffic_control_device,traffic_control_device_cond,hit_and_run,number_of_vehicles,latitude,longitude,location_status,access_control,agency_code,agency_report_number,agency_report_year,alignment_code,cause1_code,cause2_code,city_class,city_class_code,city_code,city_name,city_township_flag,class_of_trafficway,class_of_trafficway_code,county_code,crash_day,crash_id,crash_month,crash_report_county,crash_severity_cd,crash_yr_source,damaged_property1,damaged_property2,day_of_week_code,did_crash_occur_in_work_zone,did_involve_secondary_crash,flow_condition,icn,investigating_agency_descrip,light_condition_code,mile_station,nhs,non_intersection_direction,non_intersection_distance,non_intersection_units,number_of_lanes,objectid,railroad_crossing_number,road_alignment,road_defects,road_defects_code,road_surface_condition_code,roadway_functional_class,roadway_functional_class_code,route_number,sfe,toll,township,traffic_control_device_code,traffic_control_device_cond_code,trafficway_descrip,trafficway_description_code,ts_crash_coordinate_x,ts_crash_coordinate_y,ts_crash_latitude,ts_crash_longitude,type_report,urban_rural,weather_code,were_workers_present,work_zone,work_zone_related,work_zone_type
2025,2025-06-05,Thursday,10,10:13 AM,Injury,C Injury Crash,1,0,0,0,1,1,Angle,15,N,N,Failing to Yield Right of Way,Failing to Reduce Speed to Avoid Crash,Daylight,Clear,Dry,N,(N/A),Oak Park Ave,(N/A),508,No Controls,No Controls,N,2,41.89468,-87.79465,ok,(UNK),None,2502921,2025,0,2,28,50000andOVER,9,4295,Oak Park,C,(UNK),None,16,5,13117095,6,Cook,1,25,None,None,4,N,No,Free Flow,202501175087,None,1,0,N,,,,(UNK),117835,(N/A),(UNK),No Defects,1,1,Major Collector,5,0,X003842773,Not Toll,,1,1,Not Divided,1,2942389.87067585,1913073.46383183,41.89468,-87.79465,On Scene,Urban,1,N,(N/A),Y,(N/A)
2025,2025-06-05,Thursday,11,11:22 AM,Property Damage,No Injuries,0,0,0,0,0,4,Angle,15,N,N,Failing to Reduce Speed to Avoid Crash,Failing to Yield Right of Way,Daylight,Clear,Dry,Y,N Elm,Le Moyne Pkwy,Le Moyne Pkwy/N Elmwood Ave,,Stop Sign,Functioning Properly,N,2,41.90724,-87.78729,ok,(UNK),None,2502923,2025,0,28,2,50000andOVER,9,4295,Oak Park,C,(UNK),None,16,5,13117098,6,Cook,0,25,None,None,4,N,No,Free Flow,202501175090,None,1,0,N,,,,(UNK),117837,(N/A),(UNK),No Defects,1,1,Local Road or Street,7,0,X003842776,Not Toll,,2,4,Not Divided,1,2944266.81293254,1917706.09120311,41.90724,-87.78729,On Scene,Urban,1,N,(N/A),Y,(N/A)
2025,2025-06-05,Thursday,8,08:50 AM,Property Damage,No Injuries,0,0,0,0,0,2,Front to Rear,11,N,N,Failing to Reduce Speed to Avoid Crash,Following Too Closely,Daylight,Clear,Dry,N,(N/A),I-290 Eb,(N/A),,Other,Functioning Properly,Y,2,41.8709649,-87.7746426,ok,Partial Access Control,None,03-25-13652,2025,0,28,3,50000andOVER,9,4295,Oak Park,C,(UNK),None,16,5,13117248,6,Cook,0,25,None,None,4,N,No,(UNK),202501175230,None,1,9.18999958,Y,W,100,F,(UNK),117933,(N/A),(UNK),No Defects,1,1,InterState,1,290,X003842911,Not Toll,73,13,4,Divided With Median Barrier,3,2948078.44795467,1904582.55796002,41.87095707,-87.77463679,On Scene,Urban,1,N,(N/A),Y,(N/A)
2025,2025-06-06,Friday,22,10:30 PM,Property Damage,No Injuries,0,0,0,0,0,2,Turning,10,N,N,Improper Turning/No Signal,Driving Skills/Knowledge/Experience,Darkness / Lighted Road,Clear,Dry,Y,I-290,Harlem,Harlem/I-290,,Traffic Signal,Functioning Properly,N,2,41.8736411,-87.8045217,ok,Partial Access Control,None,25-01723,2025,0,6,15,50000andOVER,9,4295,Oak Park,C,(UNK),None,16,6,13118108,6,Cook,0,25,None,None,5,N,No,Free Flow,202501176037,None,5,0.23999999,Y,,,,(UNK),118492,(N/A),(UNK),No Defects,1,1,InterState,1,290,X003843701,Not Toll,73,3,4,Divided With Median Barrier,3,2939913.19043138,1905332.31852033,41.87363327,-87.80451588,On Scene,Urban,1,N,(N/A),Y,(N/A)
2025,2025-06-02,Monday,1,01:30 AM,Injury,B Injury Crash,1,0,0,1,0,1,Sideswipe Same Direction,12,N,N,Improper Lane Usage,Failing to Reduce Speed to Avoid Crash,Darkness / Lighted Road,Clear,Dry,N,(N/A),I-290,(N/A),,Other,Functioning Properly,N,2,41.8716119,-87.7834962,ok,Partial Access Control,None,03-25-13294,2025,0,20,28,50000andOVER,9,4295,Oak Park,C,(UNK),None,16,2,13119805,6,Cook,2,25,None,None,1,N,No,(UNK),202501177631,None,5,8.73999977,Y,E,188,F,(UNK),119734,(N/A),(UNK),No Defects,1,1,InterState,1,290,X003845317,Not Toll,73,13,4,Divided With Median Barrier,3,2945660.37890149,1904751.21324742,41.87160404,-87.78349036,On Scene,Urban,1,N,(N/A),Y,(N/A)
2025,2025-05-30,Friday,18,06:08 PM,Injury,C Injury Crash,1,0,0,0,1,6,Turning,10,N,N,Failing to Yield Right of Way,Driving Skills/Knowledge/Experience,Daylight,Clear,Dry,Y,(UNK),Harlem Ave,(UNK)/Harlem Ave,900,No Controls,No Controls,N,3,41.8704892,-87.8043962,ok,(UNK),None,25-01645,2025,0,2,15,50000andOVER,9,4295,Oak Park,C,(UNK),None,16,30,13120493,5,Cook,1,25,None,None,5,N,Yes,Free Flow,202501178281,None,1,20.30999947,Y,,,,(UNK),120201,(N/A),(UNK),No Defects,1,1,Other Principal Arterial,3,348,X003845971,Not Toll,73,1,1,Divided - w/median (not raised),2,2939978.98876934,1904184.64675826,41.87048136,-87.80439042,On Scene,Urban,1,N,(N/A),Y,(N/A)
2025,2025-06-01,Sunday,21,09:40 PM,Property Damage,No Injuries,0,0,0,0,0,4,Turning,10,N,N,Disregarding Traffic Signals,Driving Skills/Knowledge/Experience,Darkness,Clear,Dry,Y,(UNK),Harlem,(UNK)/Harlem,300,Traffic Signal,Functioning Properly,N,2,41.8796676,-87.8047358,ok,(UNK),None,25-01662,2025,0,25,15,50000andOVER,9,4295,Oak Park,C,(UNK),None,16,1,13120504,6,Cook,0,25,None,None,7,N,No,Free Flow,202501178293,None,4,19.68000031,Y,,,,(UNK),120207,(N/A),(UNK),No Defects,1,1,Other Principal Arterial,3,348,X003845982,Not Toll,73,3,4,Divided - w/median (not raised),2,2939794.40478811,1907526.88196383,41.87965979,-87.80472999,On Scene,Urban,1,N,(N/A),Y,(N/A)
2025,2025-06-06,Friday,0,00:40 AM,Property Damage,No Injuries,0,0,0,0,0,2,Turning,10,N,N,Improper Turning/No Signal,Improper Lane Usage,Darkness / Lighted Road,Clear,Dry,Y,I290,Harelm,Harelm/I290,,Traffic Signal,Functioning Properly,N,2,41.8736416,-87.8045258,ok,Partial Access Control,None,25-01712,2025,0,6,20,50000andOVER,9,4295,Oak Park,C,(UNK),None,16,6,13120510,6,Cook,0,25,None,None,5,N,No,Slow,202501178299,None,5,0.23999999,Y,,,,(UNK),120211,(N/A),(UNK),No Defects,1,1,InterState,1,290,X003845988,Not Toll,73,3,4,Four Way,14,2939912.062394,1905332.46992192,41.87363377,-87.80452,On Scene,Urban,1,N,(N/A),Y,(N/A)
2025,2025-05-15,Thursday,18,06:07 PM,Injury,B Injury Crash,1,0,0,1,0,1,Rear to Side,16,N,N,Failing to Yield Right of Way,Vision Obscured,Daylight,Cloudy/Overcast,Dry,N,(N/A),Ridgeland,(N/A),,No Controls,No Controls,N,2,41.89455,-87.78491,ok,(UNK),None,2502440,2025,0,2,14,50000andOVER,9,4295,Oak Park,C,(UNK),None,16,15,13120580,5,Cook,2,25,None,None,4,N,No,Slow,202501178380,None,1,0,N,S,70,F,(UNK),120260,(N/A),(UNK),No Defects,1,1,Minor Arterial,4,0,X003846055,Not Toll,,1,1,Alley,12,2945043.16421869,1913099.59636665,41.89455,-87.78491,On Scene,Urban,8,N,(N/A),Y,(N/A)
2025,2025-06-06,Friday,14,02:07 PM,Property Damage,No Injuries,0,0,0,0,0,2,Turning,10,N,N,Failing to Yield Right of Way,(N/A),Daylight,Clear,Dry,N,(N/A),North Ave,(N/A),,No Controls,No Controls,N,2,41.9089069,-87.8015392,ok,(UNK),None,2502943,2025,0,2,99,50000andOVER,9,4295,Oak Park,C,(UNK),None,16,6,13120605,6,Cook,0,25,None,None,5,N,No,Free Flow,202501178409,None,1,6.13999987,Y,W,100,F,(UNK),120276,(N/A),(UNK),No Defects,1,1,Other Principal Arterial,3,307,X003846079,Not Toll,73,1,1,Divided With Median Barrier,3,2940371.10069317,1918206.22548635,41.90889909,-87.80153335,On Scene,Urban,1,N,(N/A),Y,(N/A)
2025,2025-06-06,Friday,16,04:30 PM,Property Damage,No Injuries,0,0,0,0,0,2,Turning,10,N,N,Failing to Yield Right of Way,Vision Obscured,Daylight,Clear,Dry,Y,S Har,Washington Blvd,S Harvey Ave/Washington Blvd,,Stop Sign,Functioning Properly,N,2,41.88178,-87.78125,ok,(UNK),None,2502945,2025,0,2,14,50000andOVER,9,4295,Oak Park,C,(UNK),None,16,6,13120611,6,Cook,0,25,None,None,5,N,No,Stopped,202501178416,None,1,1.21000004,N,,,,(UNK),120280,(N/A),(UNK),No Defects,1,1,Major Collector,5,5,X003846084,Not Toll,,2,4,Not Divided,1,2946169.13606176,1908473.66447769,41.88178,-87.78125,On Scene,Urban,1,N,(N/A),Y,(N/A)
2025,2025-06-07,Saturday,10,10:26 AM,Property Damage,No Injuries,0,0,0,0,0,1,Sideswipe Opposite Direction,13,N,N,Unable to Determine,Unable to Determine,Unknown,Cloudy/Overcast,Dry,N,(N/A),N Harvey Ave,(N/A),528,No Controls,No Controls,Y,2,41.89566,-87.78171,ok,(UNK),None,2502955,2025,0,18,18,50000andOVER,9,4295,Oak Park,C,(UNK),None,16,7,13120629,6,Cook,0,25,None,None,6,N,No,Free Flow,202501178436,None,9,0,N,,,,(UNK),120287,(N/A),(UNK),No Defects,1,1,Local Road or Street,7,0,X003846100,Not Toll,,1,1,Not Divided,1,2945903.20253778,1913528.31790361,41.89566,-87.78171,On Scene,Urban,8,N,(N/A),Y,(N/A)
2025,2025-06-08,Sunday,18,06:25 PM,Property Damage,No Injuries,0,0,0,0,0,3,Sideswipe Same Direction,12,N,N,Failing to Yield Right of Way,Improper Lane Usage,Daylight,Clear,Wet,N,(N/A),Madison St,(N/A),,No Controls,No Controls,N,2,41.87989,-87.78446,ok,(UNK),None,2502980,2025,0,2,20,50000andOVER,9,4295,Oak Park,C,(UNK),None,16,8,13120707,6,Cook,0,25,None,None,7,N,No,Free Flow,202501178515,None,1,0,N,W,10,F,(UNK),120339,(N/A),(UNK),No Defects,1,2,Minor Arterial,4,0,X003846171,Not Toll,,1,1,Not Divided,1,2945314.07860895,1907760.61823074,41.87989,-87.78446,Not on Scene (Desk R,Urban,1,N,(N/A),Y,(N/A)
2025,2025-06-10,Tuesday,15,03:57 PM,Injury,C Injury Crash,4,0,0,0,4,0,Turning,10,N,N,Failing to Yield Right of Way,Driving Skills/Knowledge/Experience,Daylight,Clear,Dry,Y,Frank,Harlem Ave,Franklin St/Harlem Ave,,Stop Sign,No Controls,N,2,41.8854024,-87.8049101,ok,(UNK),None,25-01763,2025,0,2,15,50000andOVER,9,4295,Oak Park,C,(UNK),None,16,10,13122914,6,Cook,1,25,None,None,2,N,No,Free Flow,202501180498,None,1,19.28000069,Y,,,,(UNK),121752,(N/A),(UNK),No Defects,1,1,Other Principal Arterial,3,348,X003847953,Not Toll,73,2,1,Divided - w/median (not raised),2,2939689.3785534,1909615.434842,41.88539457,-87.80490434,On Scene,Urban,1,N,(N/A),Y,(N/A)
2025,2025-06-10,Tuesday,21,09:35 PM,Property Damage,No Injuries,0,0,0,0,0,2,Sideswipe Same Direction,12,N,N,Improper Lane Usage,Driving Skills/Knowledge/Experience,Darkness / Lighted Road,Clear,Dry,N,(N/A),Madison St,(N/A),345,No Controls,No Controls,Y,2,41.8798802,-87.7838054,ok,(UNK),None,2503023,2025,0,20,15,50000andOVER,9,4295,Oak Park,C,(UNK),None,16,10,13123258,6,Cook,0,25,None,None,2,N,No,Free Flow,202501180812,None,5,4.1500001,N,,,,(UNK),121982,(N/A),(UNK),No Defects,1,1,Minor Arterial,4,1419,X003848266,Not Toll,73,1,1,Divided - w/median (not raised),2,2945492.44169737,1907761.99343557,41.87987234,-87.78379964,Not on Scene (Desk R,Urban,1,N,(N/A),Y,(N/A)
2025,2025-06-10,Tuesday,12,12:50 PM,Property Damage,No Injuries,0,0,0,0,0,2,Front to Rear,11,N,N,Failing to Reduce Speed to Avoid Crash,Following Too Closely,Daylight,Clear,Dry,N,(N/A),I-290 W/B,(N/A),,Other,Functioning Properly,N,2,41.8726521,-87.7941738,ok,Partial Access Control,None,03-25-14194,2025,0,28,3,50000andOVER,9,4295,Oak Park,C,(UNK),None,16,10,13123467,6,Cook,0,25,None,None,2,N,No,(UNK),202501181006,None,1,8.18000031,Y,W,48,F,(UNK),122127,(N/A),(UNK),No Defects,1,1,InterState,1,290,X003848454,Not Toll,73,13,4,Divided With Median Barrier,3,2942741.5802139,1905049.67112299,41.87264424,-87.79416797,On Scene,Urban,1,N,(N/A),Y,(N/A)
2025,2025-06-06,Friday,18,06:00 PM,Property Damage,No Injuries,0,0,0,0,0,2,Front to Rear,11,N,N,Following Too Closely,Failing to Reduce Speed to Avoid Crash,Daylight,Clear,Dry,N,(N/A),I-290Eb,(N/A),,Unknown,Functioning Properly,Y,2,41.8734728,-87.8041588,ok,Partial Access Control,None,03-25-13813,2025,0,3,28,50000andOVER,9,4295,Oak Park,C,(UNK),None,16,6,13124550,6,Cook,0,25,None,None,5,N,No,(UNK),202501182086,None,1,7.71999979,Y,E,100,F,(UNK),122890,(N/A),(UNK),No Defects,1,1,InterState,1,290,X003849475,Not Toll,73,99,4,Divided With Median Barrier,3,2940013.72126955,1905273.69594936,41.87346494,-87.80415298,On Scene,Urban,1,N,(N/A),Y,(N/A)
2025,2025-06-09,Monday,16,04:27 PM,Property Damage,No Injuries,0,0,0,0,0,4,Rear to Side,16,N,N,Improper Backing,Failing to Reduce Speed to Avoid Crash,Daylight,Clear,Dry,N,(N/A),South Blvd,(N/A),,No Controls,No Controls,N,2,41.88686,-87.79279,ok,(UNK),None,2502995,2025,0,30,28,50000andOVER,9,4295,Oak Park,C,(UNK),None,16,9,13125014,6,Cook,0,25,None,None,1,N,No,Free Flow,202501182544,None,1,0,N,E,15,F,(UNK),123165,(N/A),(UNK),No Defects,1,1,Local Road or Street,7,0,X003849866,Not Toll,,1,1,Not Divided,1,2942975.18856212,1910237.72218636,41.88686,-87.79279,On Scene,Urban,1,N,(N/A),Y,(N/A)
2025,2025-06-11,Wednesday,7,07:38 AM,Property Damage,No Injuries,0,0,0,0,0,4,Turning,10,N,N,Failing to Reduce Speed to Avoid Crash,Failing to Yield Right of Way,Daylight,Clear,Dry,Y,Roose,S Grove Ave,Roosevelt Rd/S Grove Ave,,No Controls,No Controls,N,2,41.8651577,-87.7950727,ok,(UNK),None,2503029,2025,0,28,2,50000andOVER,9,4295,Oak Park,C,(UNK),None,16,11,13125023,6,Cook,0,25,None,None,3,N,Yes,Free Flow,202501182553,None,1,6.44999981,Y,,,,(UNK),123168,(N/A),(UNK),No Defects,1,1,Other Principal Arterial,3,347,X003849872,Not Toll,52,1,1,Two-way Continuous Left-Turn Lane,4,2942572.21853741,1902311.80197349,41.86514982,-87.79506695,On Scene,Urban,1,N,(N/A),Y,(N/A)
2025,2025-06-11,Wednesday,12,12:50 PM,Property Damage,No Injuries,0,0,0,0,0,3,Angle,15,N,N,Failing to Yield Right of Way,Disregarding Stop Sign,Daylight,Clear,Dry,Y,S Gro,Washington Blvd,S Grove Ave/Washington Blvd,,Stop Sign,Functioning Properly,N,2,41.88155,-87.79565,ok,(UNK),None,2503035,2025,0,2,23,50000andOVER,9,4295,Oak Park,C,(UNK),None,16,11,13125030,6,Cook,0,25,None,None,3,N,No,Free Flow,202501182566,None,1,0,N,,,,(UNK),123174,(N/A),(UNK),No Defects,1,1,Major Collector,5,0,X003849878,Not Toll,,2,4,Not Divided,1,2942249.87370968,1908281.11703847,41.88155,-87.79565,On Scene,Urban,1,N,(N/A),Y,(N/A)
2025,2025-06-11,Wednesday,15,03:05 PM,Property Damage,No Injuries,0,0,0,0,0,3,Turning,10,N,N,Failing to Yield Right of Way,Failing to Reduce Speed to Avoid Crash,Daylight,Clear,Dry,Y,S Oak,Washington Blvd,S Oak Park Ave/Washington Blvd,,Traffic Signal,Functioning Properly,N,2,41.88152,-87.79431,ok,(UNK),None,2503040,2025,0,2,28,50000andOVER,9,4295,Oak Park,C,(UNK),None,16,11,13125044,6,Cook,0,25,None,None,3,N,No,Slow,202501182571,None,1,0,N,,,,(UNK),123183,(N/A),(UNK),No Defects,1,1,Major Collector,5,0,X003849881,Not Toll,,3,4,Two-way Continuous Left-Turn Lane,4,2942615.10193554,1908280.2747049,41.88152,-87.79431,On Scene,Urban,1,N,(N/A),Y,(N/A)
2025,2025-06-09,Monday,18,06:39 PM,Property Damage,No Injuries,0,0,0,0,0,5,Rear to Front,18,N,N,Failing to Reduce Speed to Avoid Crash,(N/A),Daylight,Clear,Dry,N,(N/A),Washington Blvd,(N/A),807,No Controls,Functioning Properly,N,2,41.88163,-87.79432,ok,(UNK),None,2502997,2025,0,28,99,50000andOVER,9,4295,Oak Park,C,(UNK),None,16,9,13125560,6,Cook,0,25,None,None,1,N,No,Free Flow,202501183099,None,1,6.01999998,N,,,,(UNK),123510,(N/A),(UNK),No Defects,1,1,Major Collector,5,2775,X003850244,Not Toll,,1,4,Not Divided,1,2942611.26991724,1908320.28540196,41.88163,-87.79432,On Scene,Urban,1,N,(N/A),Y,(N/A)
2025,2025-06-12,Thursday,4,04:52 AM,Property Damage,No Injuries,0,0,0,0,0,2,Turning,10,N,N,Failing to Yield Right of Way,(N/A),Dawn,Clear,Dry,Y,Chica,N Ridgeland Ave,Chicago Ave/N Ridgeland Ave,,Traffic Signal,Functioning Properly,N,2,41.89455,-87.78491,ok,(UNK),None,2503047,2025,0,2,99,50000andOVER,9,4295,Oak Park,C,(UNK),None,16,12,13125563,6,Cook,0,25,None,None,4,N,No,Free Flow,202501183103,None,2,0,N,,,,(UNK),123511,(N/A),(UNK),No Defects,1,1,Minor Arterial,4,0,X003850247,Not Toll,,3,4,Four Way,14,2945043.16421869,1913099.59636665,41.89455,-87.78491,On Scene,Urban,1,N,(N/A),Y,(N/A)
2025,2025-06-12,Thursday,8,08:43 AM,Property Damage,No Injuries,0,0,0,0,0,1,Parked Motor Vehicle,9,N,N,Failing to Reduce Speed to Avoid Crash,(N/A),Unknown,Unknown,Dry,N,(N/A),S Oak Park Ave,(N/A),,No Controls,No Controls,Y,2,41.8688,-87.79385,ok,(UNK),None,2503052,2025,0,28,99,50000andOVER,9,4295,Oak Park,C,(UNK),None,16,12,13126194,6,Cook,0,25,None,None,4,N,No,Free Flow,202501183682,None,9,0,N,S,60,F,(UNK),123901,(N/A),(UNK),No Defects,1,1,Major Collector,5,0,X003850821,Not Toll,,1,1,Not Divided,1,2942868.58919412,1903648.3425713,41.8688,-87.79385,Not on Scene (Desk R,Urban,9,N,(N/A),Y,(N/A)
2025,2025-06-13,Friday,9,09:00 AM,Property Damage,No Injuries,0,0,0,0,0,3,Front to Rear,11,N,N,Following Too Closely,Failing to Reduce Speed to Avoid Crash,Daylight,Clear,Wet,N,(N/A),I-290 Westbound,(N/A),,Other,Functioning Properly,N,3,41.8715454,-87.7793363,ok,Partial Access Control,None,03-25-14463,2025,0,3,28,50000andOVER,9,4295,Oak Park,C,(UNK),None,16,13,13127117,6,Cook,0,25,None,None,5,N,No,(UNK),202501184580,None,1,8.94999981,Y,,,,(UNK),124477,(N/A),(UNK),No Defects,1,2,InterState,1,290,X003851548,Not Toll,73,13,4,Divided With Median Barrier,3,2946794.08823529,1904758.48573975,41.87153756,-87.77933053,On Scene,Urban,1,N,(N/A),Y,(N/A)
2025,2025-06-11,Wednesday,15,03:50 PM,Property Damage,No Injuries,0,0,0,0,0,2,Front to Rear,11,N,N,Failing to Reduce Speed to Avoid Crash,Following Too Closely,Daylight,Clear,Dry,N,(N/A),I290,(N/A),,Other,Functioning Properly,N,2,41.8733074,-87.7998302,ok,Partial Access Control,None,03-25-14290,2025,0,28,3,50000andOVER,9,4295,Oak Park,C,(UNK),None,16,11,13127963,6,Cook,0,25,None,None,3,N,No,(UNK),202501185373,None,1,7.92000008,Y,W,52,F,(UNK),125068,(N/A),(UNK),No Defects,1,1,InterState,1,290,X003852345,Not Toll,73,13,4,Divided With Median Barrier,3,2941194.35166104,1905245.92603689,41.87329956,-87.79982438,On Scene,Urban,1,N,(N/A),Y,(N/A)
2025,2025-06-06,Friday,7,07:50 AM,Property Damage,No Injuries,0,0,0,0,0,2,Sideswipe Same Direction,12,N,N,Improper Lane Usage,Failing to Reduce Speed to Avoid Crash,Daylight,Clear,Dry,N,(N/A),I-290,(N/A),,Other Regualtory Sig,Functioning Properly,Y,2,41.8733252,-87.8026441,ok,Partial Access Control,None,03-25-13801,2025,0,20,28,50000andOVER,9,4295,Oak Park,C,(UNK),None,16,6,13130385,6,Cook,0,25,None,None,5,N,No,(UNK),202501187675,None,1,7.78999996,Y,E,500,F,(UNK),126722,(N/A),(UNK),No Defects,1,1,InterState,1,290,X003854391,Not Toll,73,10,4,Divided With Median Barrier,3,2940427.73973845,1905231.28548883,41.87331737,-87.80263834,Not on Scene (Desk R,Urban,1,N,(N/A),Y,(N/A)
2025,2025-06-13,Friday,16,04:46 PM,Property Damage,No Injuries,0,0,0,0,0,2,Angle,15,N,N,Failing to Yield Right of Way,Failing to Reduce Speed to Avoid Crash,Daylight,Cloudy/Overcast,Dry,Y,Divis,Lombard Ave,Division St/Lombard Ave,,Stop Sign,Functioning Properly,N,2,41.901938,-87.7802247,ok,(UNK),None,2503080,2025,0,2,28,50000andOVER,9,4295,Oak Park,C,(UNK),None,16,13,13130797,6,Cook,0,25,None,None,5,N,No,Slow,202501188068,None,1,0.5,N,,,,(UNK),127022,(N/A),(UNK),No Defects,1,1,Major Collector,5,3559,X003854784,Not Toll,73,2,4,Four Way,14,2946243.92253766,1915827.40040851,41.90193016,-87.78021895,On Scene,Urban,8,N,(N/A),Y,(N/A)
2025,2025-06-14,Saturday,12,12:20 PM,Property Damage,No Injuries,0,0,0,0,0,2,Front to Rear,11,N,N,Following Too Closely,Failing to Reduce Speed to Avoid Crash,Daylight,Clear,Dry,N,(N/A),Chicago Ave,(N/A),1133,No Controls,No Controls,N,2,41.8942278,-87.8049438,ok,(UNK),None,2503091,2025,0,3,28,50000andOVER,9,4295,Oak Park,C,(UNK),None,16,14,13130798,6,Cook,0,25,None,None,6,N,No,Free Flow,202501188069,None,1,2.56999993,N,,,,(UNK),127023,(N/A),(UNK),No Defects,1,1,Minor Arterial,4,1398,X003854785,Not Toll,73,1,1,Not Divided,1,2939591.63623718,1912831.3320926,41.89422,-87.80493803,On Scene,Urban,1,N,(N/A),Y,(N/A)
2025,2025-06-13,Friday,15,03:35 PM,Property Damage,No Injuries,0,0,0,0,0,3,Turning,10,N,N,Improper Overtaking/Passing,Failing to Reduce Speed to Avoid Crash,Daylight,Cloudy/Overcast,Wet,Y,Lexin,S Harlem Ave,Lexington St/S Harlem Ave,,Stop Sign,Functioning Properly,N,2,41.8704892,-87.8043962,ok,(UNK),None,2503078,2025,0,4,28,50000andOVER,9,4295,Oak Park,C,(UNK),None,16,13,13131305,6,Cook,0,25,None,None,5,N,No,Free Flow,202501188571,None,1,20.30999947,Y,,,,(UNK),127326,(N/A),(UNK),No Defects,1,2,Other Principal Arterial,3,348,X003855229,Not Toll,73,2,4,Not Divided,1,2939978.98876934,1904184.64675826,41.87048136,-87.80439042,On Scene,Urban,8,N,(N/A),Y,(N/A)
2025,2025-06-16,Monday,15,03:52 PM,Property Damage,No Injuries,0,0,0,0,0,2,Front to Rear,11,N,N,Following Too Closely,Failing to Reduce Speed to Avoid Crash,Daylight,Clear,Dry,N,(N/A),S Oak Park Ave,(N/A),904,Traffic Signal,Functioning Properly,N,2,41.87186,-87.79402,ok,(UNK),None,2503129,2025,0,3,28,50000andOVER,9,4295,Oak Park,C,(UNK),None,16,16,13131331,6,Cook,0,25,None,None,1,N,No,Stopped,202501188587,None,1,0,N,,,,(UNK),127336,(N/A),(UNK),No Defects,1,1,Major Collector,5,0,X003855245,Not Toll,,3,4,Divided - w/median (not raised),2,2942791.44457455,1904762.18032292,41.87186,-87.79402,On Scene,Urban,1,N,(N/A),Y,(N/A)
2025,2025-06-09,Monday,9,09:08 AM,Property Damage,No Injuries,0,0,0,0,0,2,Rear to Side,16,N,N,Improper Backing,(N/A),Daylight,Clear,Dry,Y,Harle,Harlm Ave Sb,Harlem/Harlm Ave Sb,,Traffic Signal,Functioning Properly,N,2,41.8736416,-87.8045258,ok,Partial Access Control,None,03-25-14059,2025,0,30,99,50000andOVER,9,4295,Oak Park,C,(UNK),None,16,9,13131594,6,Cook,0,25,None,None,1,N,No,(UNK),202501188821,None,1,0.23999999,Y,N,0,F,(UNK),127490,(N/A),(UNK),No Defects,1,1,InterState,1,290,X003855478,Not Toll,73,3,4,Divided With Median Barrier,3,2939912.062394,1905332.46992192,41.87363377,-87.80452,On Scene,Urban,1,N,(N/A),Y,(N/A)
2025,2025-06-01,Sunday,3,03:10 AM,Injury,B Injury Crash,2,0,0,2,0,1,Sideswipe Same Direction,12,N,N,Improper Overtaking/Passing,Driving Skills/Knowledge/Experience,Darkness / Lighted Road,Clear,Dry,N,(N/A),Eisenhower Expy,(N/A),,No Controls,No Controls,Y,2,41.8723873,-87.7894909,ok,Partial Access Control,None,03-25-13204,2025,0,4,15,50000andOVER,9,4295,Oak Park,C,(UNK),None,16,1,13131607,6,Cook,2,25,None,None,7,N,No,(UNK),202501188834,None,5,8.43000031,Y,W,110,F,(UNK),127502,(N/A),(UNK),No Defects,1,1,InterState,1,290,X003855491,Not Toll,73,1,1,Divided With Median Barrier,3,2944019.73172906,1904988.49286988,41.87237947,-87.78948509,On Scene,Urban,1,N,(N/A),Y,(N/A)
2025,2025-06-12,Thursday,15,03:46 PM,Property Damage,No Injuries,0,0,0,0,0,4,Front to Rear,11,N,N,Following Too Closely,Failing to Reduce Speed to Avoid Crash,Daylight,Clear,Dry,N,(N/A),I-290 E/B,(N/A),,Other Warning Sign,Functioning Properly,Y,3,41.8734423,-87.8038463,ok,Partial Access Control,None,03-25-14402,2025,0,3,28,50000andOVER,9,4295,Oak Park,C,(UNK),None,16,12,13131650,6,Cook,0,25,None,None,4,N,No,(UNK),202501188876,None,1,7.73000002,Y,E,186,F,(UNK),127539,(N/A),(UNK),No Defects,1,1,InterState,1,290,X003855533,Not Toll,73,11,4,Divided With Median Barrier,3,2940099.12302334,1905264.94772198,41.8734345,-87.80384055,On Scene,Urban,1,N,(N/A),Y,(N/A)
2025,2025-06-06,Friday,18,06:00 PM,Property Damage,No Injuries,0,0,0,0,0,2,Front to Rear,11,N,N,Following Too Closely,Failing to Reduce Speed to Avoid Crash,Daylight,Clear,Dry,N,(N/A),I-290Eb,(N/A),,Other,Functioning Properly,N,2,41.8734726,-87.8041567,ok,Partial Access Control,None,03-25-13814,2025,0,3,28,50000andOVER,9,4295,Oak Park,C,(UNK),None,16,6,13132053,6,Cook,0,25,None,None,5,N,No,(UNK),202501189257,None,1,7.71999979,Y,E,100,F,(UNK),127842,(N/A),(UNK),No Defects,1,1,InterState,1,290,X003855918,Not Toll,73,13,4,Divided With Median Barrier,3,2940014.27964677,1905273.63875135,41.87346474,-87.80415094,On Scene,Urban,1,N,(N/A),Y,(N/A)