crash_year,crash_date,day_of_week,crash_hour,time_of_crash,crash_severity,crash_injury_severity,total_injured,total_fatals,a_injuries,b_injuries,c_injuries,no_injuries,type_of_first_crash,collision_type_code,pedestrian_involved,pedalcyclist_involved,cause1,cause2,lighting_cond,weather_cond,road_surface_cond,intersection_related,is_intersection,highway_or_street_name,at_intersection_with,address_no,traffic_control_device,traffic_control_device_cond,hit_and_run,number_of_vehicles,latitude,longitude,location_status,access_control,agency_code,agency_report_number,agency_report_year,alignment_code,cause1_code,cause2_code,city_class,city_class_code,city_code,city_name,city_township_flag,class_of_trafficway,class_of_trafficway_code,county_code,crash_day,crash_id,crash_month,crash_report_county,crash_severity_cd,crash_yr_source,damaged_property1,damaged_property2,day_of_week_code,did_crash_occur_in_work_zone,did_involve_secondary_crash,flow_condition,icn,investigating_agency_descrip,light_condition_code,mile_station,nhs,non_intersection_direction,non_intersection_distance,non_intersection_units,number_of_lanes,objectid,railroad_crossing_number,road_alignment,road_defects,road_defects_code,road_surface_condition_code,roadway_functional_class,roadway_functional_class_code,route_number,sfe,toll,township,traffic_control_device_code,traffic_control_device_cond_code,trafficway_descrip,trafficway_description_code,ts_crash_coordinate_x,ts_crash_coordinate_y,ts_crash_latitude,ts_crash_longitude,type_report,urban_rural,weather_code,were_workers_present,work_zone,work_zone_related,work_zone_type
2025,2025-06-17,Tuesday,10,10:55 AM,Property Damage,No Injuries,0,0,0,0,0,3,Sideswipe Same Direction,12,N,N,Failing to Yield Right of Way,Failing to Reduce Speed to Avoid Crash,Daylight,Clear,Dry,Y,Garfi,S Harlem Ave,Garfield St/S Harlem Ave,,Traffic Signal,Functioning Properly,N,2,41.87231,-87.8044675,ok,(UNK),None,2503141,2025,0,2,28,50000andOVER,9,4295,Oak Park,C,(UNK),None,16,17,13132275,6,Cook,0,25,None,None,2,N,No,Free Flow,202501189430,None,1,20.18000031,Y,,,,(UNK),127966,(N/A),(UNK),No Defects,1,1,Other Principal Arterial,3,348,X003856091,Not Toll,73,3,4,Not Divided,1,2939941.30582846,1904847.64993536,41.87230218,-87.80446169,On Scene,Urban,1,N,(N/A),Y,(N/A)
2025,2025-06-17,Tuesday,18,06:00 PM,Injury,C Injury Crash,2,0,0,0,2,0,Pedestrian,1,Y,N,Failing to Yield Right of Way,(N/A),Daylight,Clear,Unknown,Y,N Aus,Greenfield St,Greenfield St/N Austin Blvd,,No Controls,No Controls,Y,1,41.9059078,-87.7754767,ok,(UNK),None,2503153,2025,0,2,99,50000andOVER,9,4295,Oak Park,C,(UNK),None,16,17,13132703,6,Cook,1,25,None,None,2,N,No,Free Flow,202501189788,None,1,5.78999996,N,,,,(UNK),128217,(N/A),(UNK),Unknown,99,9,Minor Arterial,4,2790,X003856447,Not Toll,,1,1,Not Divided,1,2947496.22341132,1917310.09590297,41.90589998,-87.77547087,On Scene,Urban,1,N,(N/A),N,(N/A)
2025,2025-06-17,Tuesday,23,11:39 PM,Property Damage,No Injuries,0,0,0,0,0,1,Parked Motor Vehicle,9,N,N,Failing to Reduce Speed to Avoid Crash,Unable to Determine,Darkness / Lighted Road,Rain,Wet,N,(N/A),S Austin Blvd,(N/A),,No Controls,No Controls,Y,2,41.875578,-87.7744895,ok,(UNK),None,2503161,2025,0,28,18,50000andOVER,9,4295,Oak Park,C,(UNK),None,16,17,13132705,6,Cook,0,25,None,None,2,N,No,Free Flow,202501189789,None,5,8.01000023,N,S,300,F,(UNK),128218,(N/A),(UNK),No Defects,1,2,Minor Arterial,4,2790,X003856449,Not Toll,,1,1,Not Divided,1,2948073.27972513,1906264.82708542,41.87557019,-87.77448366,On Scene,Urban,2,N,(N/A),Y,(N/A)
2025,2025-06-18,Wednesday,8,08:30 AM,Property Damage,No Injuries,0,0,0,0,0,2,Front to Rear,11,N,N,Following Too Closely,Failing to Reduce Speed to Avoid Crash,Daylight,Clear,Dry,N,(N/A),I-290 W/B,(N/A),,No Controls,Functioning Properly,N,2,41.8719023,-87.7836693,ok,Partial Access Control,None,03-25-14977,2025,0,3,28,50000andOVER,9,4295,Oak Park,C,(UNK),None,16,18,13132797,6,Cook,0,25,None,None,3,N,No,(UNK),202501189885,None,1,8.73999977,Y,E,143,F,(UNK),128270,(N/A),(UNK),No Defects,1,1,InterState,1,290,X003856535,Not Toll,73,1,4,Divided With Median Barrier,3,2945610.28071334,1904855.75165125,41.8718945,-87.7836635,Not on Scene (Desk R,Urban,1,N,(N/A),Y,(N/A)
2025,2025-06-16,Monday,0,00:03 AM,Property Damage,No Injuries,0,0,0,0,0,1,Parked Motor Vehicle,9,N,N,Improper Backing,Failing to Reduce Speed to Avoid Crash,Darkness / Lighted Road,Clear,Dry,N,(N/A),Harlem Ave,(N/A),205,No Controls,No Controls,Y,2,41.8829122,-87.8048432,ok,(UNK),None,25-01822,2025,0,30,28,50000andOVER,9,4295,Oak Park,C,(UNK),None,16,16,13132835,6,Cook,0,25,None,None,1,N,No,Stopped,202501189925,None,5,19.45000076,Y,,,,(UNK),128290,(N/A),(UNK),No Defects,1,1,Other Principal Arterial,3,348,X003856568,Not Toll,73,1,1,Parking Lot,7,2939732.60381316,1908708.47201731,41.8829044,-87.80483737,On Scene,Urban,1,N,(N/A),Y,(N/A)
2025,2025-06-17,Tuesday,16,04:00 PM,Property Damage,No Injuries,0,0,0,0,0,3,Front to Rear,11,N,N,Following Too Closely,Failing to Reduce Speed to Avoid Crash,Daylight,Clear,Dry,N,(N/A),I-290,(N/A),,Other,Functioning Properly,N,3,41.8722948,-87.7883098,ok,Partial Access Control,None,03-25-14892,2025,0,3,28,50000andOVER,9,4295,Oak Park,C,(UNK),None,16,17,13133173,6,Cook,0,25,None,None,2,N,No,(UNK),202501190337,None,1,8.48999977,Y,E,215,F,(UNK),128522,(N/A),(UNK),No Defects,1,1,InterState,1,290,X003856879,Not Toll,73,13,4,Divided With Median Barrier,3,2944342.35072655,1904963.68428005,41.87228693,-87.78830405,On Scene,Urban,1,N,(N/A),Y,(N/A)
2025,2025-06-18,Wednesday,12,12:25 PM,Property Damage,No Injuries,0,0,0,0,0,1,Parked Motor Vehicle,9,N,N,Failing to Reduce Speed to Avoid Crash,Unable to Determine,Daylight,Cloudy/Overcast,Dry,N,(N/A),Chicago Ave,(N/A),28,No Controls,No Controls,Y,2,41.8947087,-87.7758805,ok,(UNK),None,2503172,2025,0,28,18,50000andOVER,9,4295,Oak Park,C,(UNK),None,16,18,13133744,6,Cook,0,25,None,None,3,N,No,Free Flow,202501190849,None,1,4.09000015,N,,,,(UNK),128908,(N/A),(UNK),No Defects,1,1,Minor Arterial,4,1398,X003857404,Not Toll,73,1,1,Not Divided,1,2947500.09611784,1913225.83618787,41.89470083,-87.77587466,On Scene,Urban,8,N,(N/A),Y,(N/A)
2025,2025-06-18,Wednesday,22,10:28 PM,Property Damage,No Injuries,0,0,0,0,0,2,Front to Rear,11,N,N,Unable to Determine,Unable to Determine,Darkness / Lighted Road,Rain,Wet,N,(N/A),S Harlem Ave,(N/A),759,No Controls,No Controls,Y,2,41.8727452,-87.8044855,ok,(UNK),None,2503187,2025,0,18,18,50000andOVER,9,4295,Oak Park,C,(UNK),None,16,18,13133745,6,Cook,0,25,None,None,3,N,No,Free Flow,202501190850,None,5,20.14999962,Y,,,,(UNK),128909,(N/A),(UNK),No Defects,1,2,Other Principal Arterial,3,348,X003857405,Not Toll,73,1,1,Not Divided,1,2939932.0402291,1905006.10539627,41.87273736,-87.80447968,On Scene,Urban,2,N,(N/A),Y,(N/A)
2025,2025-06-12,Thursday,10,10:45 AM,Property Damage,No Injuries,0,0,0,0,0,4,Sideswipe Same Direction,12,N,N,Improper Overtaking/Passing,Failing to Reduce Speed to Avoid Crash,Daylight,Clear,Dry,N,(N/A),Harlem Ave,(N/A),,Traffic Signal,Functioning Properly,Y,2,41.8736416,-87.8045258,ok,Partial Access Control,None,25-01785,2025,0,4,28,50000andOVER,9,4295,Oak Park,C,(UNK),None,16,12,13134109,6,Cook,0,25,None,None,4,N,No,Slow,202501237322,None,1,0.23999999,Y,,,,(UNK),129130,(N/A),(UNK),No Defects,1,1,InterState,1,290,X003857732,Not Toll,73,3,4,Divided - w/median (not raised),2,2939912.062394,1905332.46992192,41.87363377,-87.80452,On Scene,Urban,1,N,(N/A),Y,(N/A)
2025,2025-05-22,Thursday,19,07:00 PM,Property Damage,No Injuries,0,0,0,0,0,2,Sideswipe Same Direction,12,N,N,Failing to Reduce Speed to Avoid Crash,Failing to Yield Right of Way,Daylight,Clear,Dry,N,(N/A),I-290,(N/A),,Other,Functioning Properly,Y,2,41.8712271,-87.7743634,ok,Partial Access Control,None,03-25-13276,2025,0,28,2,50000andOVER,9,4295,Oak Park,C,(UNK),None,16,22,13134796,5,Cook,0,25,None,None,4,N,No,(UNK),202501191823,None,1,23.09000015,Y,W,0,M,(UNK),129594,(N/A),(UNK),No Defects,1,1,InterState,1,9290,X003858385,Not Toll,73,13,4,Divided With Median Barrier,3,2948151.81447218,1904680.21582767,41.87121924,-87.77435765,Not on Scene (Desk R,Urban,1,N,(N/A),Y,(N/A)
2025,2025-06-18,Wednesday,20,08:18 PM,Property Damage,No Injuries,0,0,0,0,0,2,Turning,10,N,N,Unable to Determine,Unable to Determine,Dusk,Rain,Wet,N,(N/A),S Oak Park Ave,(N/A),911,No Controls,No Controls,N,2,41.8716,-87.79394,ok,(UNK),None,2503185,2025,0,18,18,50000andOVER,9,4295,Oak Park,C,(UNK),None,16,18,13135108,6,Cook,0,25,None,None,3,N,No,Free Flow,202501192119,None,3,0,N,,,,(UNK),129808,(N/A),(UNK),No Defects,1,2,Major Collector,5,0,X003858681,Not Toll,,1,1,Not Divided,1,2942815.85494541,1904668.03431751,41.8716,-87.79394,On Scene,Urban,2,N,(N/A),Y,(N/A)
2025,2025-06-19,Thursday,14,02:43 PM,Injury,C Injury Crash,1,0,0,0,1,1,Front to Rear,11,N,N,Failing to Reduce Speed to Avoid Crash,Physical Condition of Driver,Daylight,Clear,Dry,N,(N/A),Madison St,(N/A),543,Traffic Signal,Functioning Properly,N,2,41.87981,-87.78901,ok,(UNK),None,2503191,2025,0,28,17,50000andOVER,9,4295,Oak Park,C,(UNK),None,16,19,13135118,6,Cook,1,25,None,None,4,N,No,Stopped,202501192128,None,1,0,N,,,,(UNK),129814,(N/A),(UNK),No Defects,1,1,Minor Arterial,4,0,X003858690,Not Toll,,3,4,Not Divided,1,2944075.73985342,1907697.0841519,41.87981,-87.78901,On Scene,Urban,1,N,(N/A),Y,(N/A)
2025,2025-06-19,Thursday,21,09:46 PM,Property Damage,No Injuries,0,0,0,0,0,4,Sideswipe Same Direction,12,N,N,Improper Lane Usage,(N/A),Darkness / Lighted Road,Clear,Dry,N,(N/A),S Ridgeland Ave,(N/A),,Traffic Signal,Functioning Properly,Y,2,41.88171,-87.78448,ok,(UNK),None,2503203,2025,0,20,99,50000andOVER,9,4295,Oak Park,C,(UNK),None,16,19,13135156,6,Cook,0,25,None,None,4,N,No,Slow,202501192154,None,5,1.02999997,N,W,10,F,(UNK),129833,(N/A),(UNK),No Defects,1,1,Major Collector,5,5,X003858716,Not Toll,,3,4,Not Divided,1,2945290.21212636,1908423.7088021,41.88171,-87.78448,On Scene,Urban,1,N,(N/A),Y,(N/A)
2025,2025-06-19,Thursday,18,06:25 PM,Injury,A Injury Crash,1,0,1,0,0,1,Turning,10,N,N,Disregarding Traffic Signals,Failing to Yield Right of Way,Daylight,Clear,Dry,Y,Harve,Lake St,Harvey/Lake St,,Traffic Signal,Functioning Properly,N,3,41.8882278,-87.7814358,ok,(UNK),None,2503196,2025,0,25,2,50000andOVER,9,4295,Oak Park,C,(UNK),None,16,19,13136326,6,Cook,3,25,None,None,4,N,No,Free Flow,202501193271,None,1,1.00999999,N,,,,(UNK),130583,(N/A),(UNK),No Defects,1,1,Major Collector,5,1405,X003859805,Not Toll,73,3,4,Not Divided,1,2946053.19217209,1910821.97436284,41.88822,-87.78143,On Scene,Urban,1,N,(N/A),Y,(N/A)
2025,2025-06-16,Monday,0,00:45 AM,Property Damage,No Injuries,0,0,0,0,0,2,Front to Rear,11,N,N,Following Too Closely,Failing to Reduce Speed to Avoid Crash,Darkness,Clear,Dry,N,(N/A),I-290 W/B,(N/A),,Other Regualtory Sig,Functioning Properly,Y,2,41.8737595,-87.8043511,ok,Partial Access Control,None,03-25-14889,2025,0,3,28,50000andOVER,9,4295,Oak Park,C,(UNK),None,16,16,13136784,6,Cook,0,25,None,None,1,N,No,(UNK),202501193716,None,4,7.71000004,Y,E,48,F,(UNK),130905,(N/A),(UNK),No Defects,1,1,InterState,1,290,X003860248,Not Toll,73,10,4,Divided With Median Barrier,3,2939958.4732369,1905376.7445009,41.87375167,-87.80434526,Not on Scene (Desk R,Urban,1,N,(N/A),Y,(N/A)
2025,2025-06-22,Sunday,14,02:10 PM,Property Damage,No Injuries,0,0,0,0,0,3,Front to Rear,11,N,N,Following Too Closely,Failing to Reduce Speed to Avoid Crash,Daylight,Clear,Dry,N,(N/A),Harlem Ave,(N/A),,Other,Functioning Properly,Y,2,41.8735135,-87.80452,ok,Partial Access Control,None,03-25-15429,2025,0,3,28,50000andOVER,9,4295,Oak Park,C,(UNK),None,16,22,13138275,6,Cook,0,25,None,None,7,N,No,(UNK),202501194980,None,1,7.69999981,Y,E,10,F,(UNK),131949,(N/A),(UNK),No Defects,1,1,InterState,1,290,X003861522,Not Toll,73,13,4,Divided With Median Barrier,3,2939914.91729381,1905285.83161217,41.87350567,-87.80451424,On Scene,Urban,1,N,(N/A),Y,(N/A)
2025,2025-06-20,Friday,17,05:10 PM,Property Damage,No Injuries,0,0,0,0,0,2,Sideswipe Same Direction,12,N,N,Improper Overtaking/Passing,Failing to Reduce Speed to Avoid Crash,Daylight,Clear,Dry,N,(N/A),Madison St,(N/A),,No Controls,No Controls,Y,2,41.87974,-87.79692,ok,(UNK),None,2503221,2025,0,4,28,50000andOVER,9,4295,Oak Park,C,(UNK),None,16,20,13138895,6,Cook,0,25,None,None,5,N,No,Slow,202501195563,None,1,3.46000004,N,W,50,F,(UNK),132355,(N/A),(UNK),No Defects,1,1,Minor Arterial,4,1419,X003862111,Not Toll,,1,1,Divided - w/median (not raised),2,2941922.23381234,1907611.96220629,41.87974,-87.79692,On Scene,Urban,1,N,(N/A),Y,(N/A)
2025,2025-06-20,Friday,18,06:19 PM,Property Damage,No Injuries,0,0,0,0,0,4,Turning,10,N,N,Driving On Wrong Side/Wrong Way,Failing to Reduce Speed to Avoid Crash,Daylight,Clear,Dry,N,(N/A),Randolph St,(N/A),,No Controls,No Controls,N,2,41.88393,-87.77968,ok,(UNK),None,2503222,2025,0,5,28,50000andOVER,9,4295,Oak Park,C,(UNK),None,16,20,13138897,6,Cook,0,25,None,None,5,N,No,Free Flow,202501195565,None,1,0.28999999,N,E,200,F,(UNK),132357,(N/A),(UNK),No Defects,1,1,Local Road or Street,7,3794,X003862113,Not Toll,,1,1,Not Divided,1,2946574.89310489,1909269.05956597,41.88393,-87.77968,On Scene,Urban,1,N,(N/A),Y,(N/A)
2025,2025-06-21,Saturday,12,12:41 PM,Injury,B Injury Crash,1,0,0,1,0,4,Angle,15,N,N,Failing to Yield Right of Way,Failing to Reduce Speed to Avoid Crash,Daylight,Clear,Dry,Y,East,Roosevelt Rd,East Ave/Roosevelt Rd,,Traffic Signal,Functioning Properly,N,2,41.8652476,-87.7888558,ok,(UNK),None,2503241,2025,0,2,28,50000andOVER,9,4295,Oak Park,C,(UNK),None,16,21,13138933,6,Cook,2,25,None,None,6,N,No,Free Flow,202501195601,None,1,6.78000021,Y,,,,(UNK),132381,(N/A),(UNK),No Defects,1,1,Other Principal Arterial,3,347,X003862149,Not Toll,52,3,4,Not Divided,1,2944264.82453419,1902391.45096011,41.86523977,-87.78884999,On Scene,Urban,1,N,(N/A),Y,(N/A)
2025,2025-06-21,Saturday,15,03:21 PM,Injury,B Injury Crash,1,0,0,1,0,3,Turning,10,N,N,Failing to Yield Right of Way,Failing to Reduce Speed to Avoid Crash,Daylight,Clear,Dry,Y,Garfi,S Austin Blvd,Garfield St/S Austin Blvd,,No Controls,No Controls,N,2,41.8704083,-87.7742824,ok,(UNK),None,2503242,2025,0,2,28,50000andOVER,9,4295,Oak Park,C,(UNK),None,16,21,13138934,6,Cook,2,25,None,None,6,N,No,Free Flow,202501195602,None,1,8.40999985,N,,,,(UNK),132382,(N/A),(UNK),No Defects,1,1,Minor Arterial,4,2790,X003862150,Not Toll,,1,1,Divided - w/median (not raised),2,2948182.21005023,1904382.44431326,41.87040043,-87.77427661,On Scene,Urban,1,N,(N/A),Y,(N/A)
2025,2025-06-21,Saturday,16,04:59 PM,Property Damage,No Injuries,0,0,0,0,0,2,Angle,15,N,N,Failing to Yield Right of Way,Failing to Reduce Speed to Avoid Crash,Daylight,Clear,Dry,N,(N/A),S Harlem Ave,(N/A),,Stop Sign,Functioning Properly,N,2,41.878116,-87.8046639,ok,(UNK),None,2503243,2025,0,2,28,50000andOVER,9,4295,Oak Park,C,(UNK),None,16,21,13138942,6,Cook,0,25,None,None,6,N,No,Free Flow,202501195609,None,1,19.78000069,Y,S,20,F,(UNK),132388,(N/A),(UNK),No Defects,1,1,Other Principal Arterial,3,348,X003862157,Not Toll,73,2,4,Divided - w/median (not raised),2,2939829.56395376,1906961.99021208,41.87810819,-87.80465806,On Scene,Urban,1,N,(N/A),Y,(N/A)
2025,2025-06-22,Sunday,1,01:15 AM,Injury,B Injury Crash,2,0,0,1,1,1,Angle,15,N,N,Disregarding Stop Sign,(N/A),Darkness,Clear,Unknown,Y,N Lom,Division St,Division St/N Lombard Ave,,No Controls,No Controls,N,2,41.90189,-87.78024,ok,(UNK),None,2503248,2025,0,23,99,50000andOVER,9,4295,Oak Park,C,(UNK),None,16,22,13138959,6,Cook,2,25,None,None,7,N,No,Free Flow,202501195625,None,4,0.5,N,,,,(UNK),132401,(N/A),(UNK),Unknown,99,9,Major Collector,5,3559,X003862173,Not Toll,,1,1,Not Divided,1,2946240.25721278,1915809.78757668,41.90189,-87.78024,On Scene,Urban,1,N,(N/A),N,(N/A)
2025,2025-06-22,Sunday,4,04:51 AM,Injury,C Injury Crash,1,0,0,0,1,1,Front to Rear,11,N,N,Failing to Reduce Speed to Avoid Crash,Equipment-Vehicle Condition,Darkness / Lighted Road,Clear,Dry,Y,Augus,N Austin Blvd,Augusta St/N Austin Blvd,,Traffic Signal,Functioning Properly,N,2,41.8984096,-87.775267,ok,(UNK),None,2503249,2025,0,28,10,50000andOVER,9,4295,Oak Park,C,(UNK),None,16,22,13138961,6,Cook,1,25,None,None,7,N,No,(UNK),202501195626,None,5,6.36000013,N,N,15,F,(UNK),132402,(N/A),(UNK),No Defects,1,1,Minor Arterial,4,2790,X003862174,Not Toll,,3,4,Not Divided,1,2947629.52212911,1914579.19030544,41.89840177,-87.77526117,On Scene,Urban,1,N,(N/A),Y,(N/A)
2025,2025-06-23,Monday,8,08:05 AM,Injury,B Injury Crash,1,0,0,1,0,1,Pedestrian,1,Y,N,Failing to Yield Right of Way,(N/A),Daylight,Clear,Dry,Y,Lake,Ridgeland Ave,Lake St/Ridgeland Ave,,Traffic Signal,Functioning Properly,N,1,41.8883279,-87.7846976,ok,(UNK),None,2503260,2025,0,2,99,50000andOVER,9,4295,Oak Park,C,(UNK),None,16,23,13139908,6,Cook,2,25,None,None,1,N,No,Slow,202501196452,None,1,0.93000001,N,,,,(UNK),132980,(N/A),(UNK),No Defects,1,1,Major Collector,5,2783,X003863009,Not Toll,73,3,4,Four Way,14,2945163.98029344,1910833.76402796,41.88832009,-87.78469178,On Scene,Urban,1,N,(N/A),Y,(N/A)
2025,2025-06-18,Wednesday,13,01:55 PM,Property Damage,No Injuries,0,0,0,0,0,2,Front to Rear,11,N,N,Following Too Closely,(N/A),Daylight,Rain,Wet,N,(N/A),Harlem Ave,(N/A),,Traffic Signal,Functioning Properly,N,2,41.9016938,-87.8055311,ok,(UNK),None,2500723,2025,0,3,99,50000andOVER,9,4295,Oak Park,C,(UNK),None,16,18,13139915,6,Cook,0,25,None,None,3,N,No,Free Flow,202501196458,None,1,18.14999962,Y,N,50,F,(UNK),132983,(N/A),(UNK),No Defects,1,2,Other Principal Arterial,3,348,X003863015,Not Toll,73,3,4,Not Divided,1,2939356.82221742,1915547.65595483,41.90168593,-87.80552529,On Scene,Urban,2,N,(N/A),Y,(N/A)
2025,2025-06-17,Tuesday,17,05:36 PM,Injury,C Injury Crash,1,0,0,0,1,3,Pedalcyclist,2,N,Y,(N/A),(N/A),Daylight,Clear,Dry,Y,N Har,Ontario,N Harlem Ave/Ontario,,Traffic Signal,Functioning Properly,N,1,41.8905579,-87.8051152,ok,(UNK),None,2500719,2025,0,99,99,50000andOVER,9,4295,Oak Park,C,(UNK),None,16,17,13139916,6,Cook,1,25,BICYCLE,None,2,N,No,Free Flow,202501196459,None,1,18.92000008,Y,,,,(UNK),132984,(N/A),(UNK),No Defects,1,1,Other Principal Arterial,3,348,X003863016,Not Toll,73,3,4,Divided - w/median (not raised),2,2939581.80662837,1911492.63290325,41.89055001,-87.8051094,On Scene,Urban,1,N,(N/A),Y,(N/A)
2025,2025-06-23,Monday,11,11:15 AM,Property Damage,No Injuries,0,0,0,0,0,2,Angle,15,N,N,Failing to Yield Right of Way,Failing to Reduce Speed to Avoid Crash,Daylight,Clear,Dry,Y,Harri,Harlem Ave,Harlem Ave/Harrison St,,Traffic Signal,Functioning Properly,N,2,41.87231,-87.8044741,ok,(UNK),None,25-01898,2025,0,2,28,50000andOVER,9,4295,Oak Park,C,(UNK),None,16,23,13140370,6,Cook,0,25,None,None,1,N,No,Free Flow,202501196881,None,1,20.18000031,Y,,,,(UNK),133294,(N/A),(UNK),No Defects,1,1,Other Principal Arterial,3,348,X003863430,Not Toll,73,3,4,Divided - w/median (not raised),2,2939939.49732707,1904847.60300627,41.87230218,-87.80446833,On Scene,Urban,1,N,(N/A),Y,(N/A)
2025,2025-06-23,Monday,7,07:45 AM,Property Damage,No Injuries,0,0,0,0,0,2,Front to Rear,11,N,N,Failing to Reduce Speed to Avoid Crash,Unable to Determine,Daylight,Clear,Dry,Y,Madis,Wesley Ave,Madison St/Wesley Ave,,No Controls,No Controls,N,2,41.87981,-87.79096,ok,(UNK),None,2503259,2025,0,28,18,50000andOVER,9,4295,Oak Park,C,(UNK),None,16,23,13140617,6,Cook,0,25,None,None,1,N,No,Free Flow,202501197120,None,1,0,N,,,,(UNK),133440,(N/A),(UNK),No Defects,1,1,Local Road or Street,7,0,X003863659,Not Toll,,1,1,Not Divided,1,2943544.67638939,1907682.36975938,41.87981,-87.79096,On Scene,Urban,1,N,(N/A),Y,(N/A)
2025,2025-06-23,Monday,19,07:14 PM,Property Damage,No Injuries,0,0,0,0,0,2,Turning,10,N,N,Failing to Reduce Speed to Avoid Crash,(N/A),Daylight,Clear,Dry,Y,Pleas,S Ridgeland Ave,Pleasant St/S Ridgeland Ave,,No Controls,No Controls,N,2,41.8852,-87.78458,ok,(UNK),None,2503273,2025,0,28,99,50000andOVER,9,4295,Oak Park,C,(UNK),None,16,23,13140618,6,Cook,0,25,None,None,1,N,No,Free Flow,202501197121,None,1,0,N,,,,(UNK),133441,(N/A),(UNK),No Defects,1,1,Major Collector,5,0,X003863660,Not Toll,,1,1,Not Divided,1,2945227.65728614,1909694.77384524,41.8852,-87.78458,On Scene,Urban,1,N,(N/A),Y,(N/A)
2025,2025-06-24,Tuesday,9,09:44 AM,Injury,C Injury Crash,1,0,0,0,1,2,Front to Rear,11,N,N,Distraction - From Inside Vehicle,Unable to Determine,Daylight,Cloudy/Overcast,Dry,Y,North,Harlem Ave,Harlem Ave/North Ave,,Traffic Signal,Functioning Properly,N,2,41.887107,-87.8049778,ok,(UNK),None,2503288,2025,0,41,18,50000andOVER,9,4295,Oak Park,C,(UNK),None,16,24,13141453,6,Cook,1,25,None,None,2,N,No,Stopped,202501197885,None,1,19.15999985,Y,S,15,F,(UNK),134003,(N/A),(UNK),No Defects,1,1,Other Principal Arterial,3,348,X003864429,Not Toll,73,3,4,Not Divided,1,2939653.84539076,1910236.11464217,41.88709917,-87.80497201,On Scene,Urban,8,N,(N/A),Y,(N/A)
2025,2025-06-24,Tuesday,16,04:03 PM,Property Damage,No Injuries,0,0,0,0,0,1,Parked Motor Vehicle,9,N,N,Improper Lane Usage,Unable to Determine,Daylight,Cloudy/Overcast,Dry,N,(N/A),Lemoyne,(N/A),,Stop Sign,Functioning Improperly,N,2,41.9072624,-87.7894148,ok,(UNK),None,2503299,2025,0,20,18,50000andOVER,9,4295,Oak Park,C,(UNK),None,16,24,13141805,6,Cook,0,25,None,None,2,N,No,Free Flow,202501198226,None,1,0,N,E,25,F,(UNK),134219,(N/A),(UNK),No Defects,1,1,Local Road or Street,7,0,X003864763,Not Toll,73,2,3,Not Divided,1,2943688.16818416,1917698.20172025,41.90725453,-87.78940899,On Scene,Urban,8,N,(N/A),Y,(N/A)
2025,2025-06-17,Tuesday,17,05:00 PM,Property Damage,No Injuries,0,0,0,0,0,4,Angle,15,N,N,Failing to Reduce Speed to Avoid Crash,Unable to Determine,Daylight,Clear,Dry,Y,Ridge,Washington Blvd,Ridgeland Ave/Washington Blvd,,Traffic Signal,Functioning Properly,N,2,41.88168,-87.78452,ok,(UNK),None,2503150,2025,0,28,18,50000andOVER,9,4295,Oak Park,C,(UNK),None,16,17,13141900,6,Cook,0,25,None,None,2,N,No,Free Flow,202501198310,None,1,1.39999998,N,E,5,F,(UNK),134271,(N/A),(UNK),No Defects,1,1,Major Collector,5,2783,X003864843,Not Toll,,3,4,Not Divided,1,2945279.62245676,1908412.47370952,41.88168,-87.78452,On Scene,Urban,1,N,(N/A),Y,(N/A)
2025,2025-06-11,Wednesday,22,10:20 PM,Injury,C Injury Crash,1,0,0,0,1,2,Sideswipe Same Direction,12,N,N,Failing to Reduce Speed to Avoid Crash,Improper Lane Usage,Darkness / Lighted Road,Clear,Dry,N,(N/A),I-290,(N/A),,Other,Functioning Properly,N,2,41.8722305,-87.7875642,ok,Partial Access Control,None,03-25-14321,2025,0,28,20,50000andOVER,9,4295,Oak Park,C,(UNK),None,16,11,13142186,6,Cook,1,25,None,None,3,N,No,(UNK),202501198589,None,5,8.52999973,Y,E,371,F,(UNK),134467,(N/A),(UNK),No Defects,1,1,InterState,1,290,X003865107,Not Toll,73,13,4,Divided With Median Barrier,3,2944546.07940049,1904945.90625586,41.87222269,-87.78755845,On Scene,Urban,1,N,(N/A),Y,(N/A)
2025,2025-06-25,Wednesday,11,11:02 AM,Property Damage,No Injuries,0,0,0,0,0,1,Parked Motor Vehicle,9,N,N,Failing to Reduce Speed to Avoid Crash,Driving Skills/Knowledge/Experience,Daylight,Clear,Dry,N,(N/A),S Maple Ave,(N/A),520,No Controls,No Controls,N,2,41.8789904,-87.8038199,ok,(UNK),None,2503310,2025,0,28,15,50000andOVER,9,4295,Oak Park,C,(UNK),None,16,25,13142639,6,Cook,0,25,None,None,3,N,No,Slow,202501199001,None,1,0,N,,,,(UNK),134781,(N/A),(UNK),No Defects,1,1,Local Road or Street,7,0,X003865521,Not Toll,73,1,1,Not Divided,1,2940050.64496158,1907286.95248887,41.87898254,-87.80381407,Not on Scene (Desk R,Urban,1,N,(N/A),Y,(N/A)