crash_year,crash_date,day_of_week,crash_hour,time_of_crash,crash_severity,crash_injury_severity,total_injured,total_fatals,a_injuries,b_injuries,c_injuries,no_injuries,type_of_first_crash,collision_type_code,pedestrian_involved,pedalcyclist_involved,cause1,cause2,lighting_cond,weather_cond,road_surface_cond,intersection_related,is_intersection,highway_or_street_name,at_intersection_with,address_no,traffic_control_device,traffic_control_device_cond,hit_and_run,number_of_vehicles,latitude,longitude,location_status,access_control,agency_code,agency_report_number,agency_report_year,alignment_code,cause1_code,cause2_code,city_class,city_class_code,city_code,city_name,city_township_flag,class_of_trafficway,class_of_trafficway_code,county_code,crash_day,crash_id,crash_month,crash_report_county,crash_severity_cd,crash_yr_source,damaged_property1,damaged_property2,day_of_week_code,did_crash_occur_in_work_zone,did_involve_secondary_crash,flow_condition,icn,investigating_agency_descrip,light_condition_code,mile_station,nhs,non_intersection_direction,non_intersection_distance,non_intersection_units,number_of_lanes,objectid,railroad_crossing_number,road_alignment,road_defects,road_defects_code,road_surface_condition_code,roadway_functional_class,roadway_functional_class_code,route_number,sfe,toll,township,traffic_control_device_code,traffic_control_device_cond_code,trafficway_descrip,trafficway_description_code,ts_crash_coordinate_x,ts_crash_coordinate_y,ts_crash_latitude,ts_crash_longitude,type_report,urban_rural,weather_code,were_workers_present,work_zone,work_zone_related,work_zone_type
2025,2025-06-22,Sunday,17,05:21 PM,Property Damage,No Injuries,0,0,0,0,0,2,Sideswipe Same Direction,12,N,N,Failing to Yield Right of Way,Failing to Reduce Speed to Avoid Crash,Daylight,Clear,Dry,Y,Augus,N Austin Blvd,Augusta Blvd/N Austin Blvd,,Traffic Signal,Functioning Properly,N,2,41.8983679,-87.7752663,ok,(UNK),None,2503254,2025,0,2,28,50000andOVER,9,4295,Oak Park,C,(UNK),None,16,22,13142640,6,Cook,0,25,None,None,7,N,No,Free Flow,202501199002,None,1,6.36000013,N,,,,(UNK),134782,(N/A),(UNK),No Defects,1,1,Minor Arterial,4,2790,X003865522,Not Toll,,3,4,Divided - w/median (not raised),2,2947630.13094734,1914564.00198376,41.89836008,-87.77526049,On Scene,Urban,1,N,(N/A),Y,(N/A)
2025,2025-06-25,Wednesday,13,01:25 PM,Property Damage,No Injuries,0,0,0,0,0,3,Front to Rear,11,N,N,Following Too Closely,Failing to Reduce Speed to Avoid Crash,Daylight,Clear,Dry,N,(N/A),N Ridgeland Ave,(N/A),,Traffic Signal,Functioning Properly,N,2,41.8976862,-87.7849912,ok,(UNK),None,2503312,2025,0,3,28,50000andOVER,9,4295,Oak Park,C,(UNK),None,16,25,13142641,6,Cook,0,25,None,None,3,N,No,Slow,202501199003,None,1,0.28999999,N,S,200,F,(UNK),134783,(N/A),(UNK),No Defects,1,1,Major Collector,5,2783,X003865523,Not Toll,73,3,4,Not Divided,1,2944989.31642545,1914241.8822803,41.89767837,-87.78498539,On Scene,Urban,1,N,(N/A),Y,(N/A)
2025,2025-06-26,Thursday,13,01:49 PM,Property Damage,No Injuries,0,0,0,0,0,2,Sideswipe Same Direction,12,N,N,Failing to Reduce Speed to Avoid Crash,Failing to Yield Right of Way,Daylight,Clear,Dry,N,(N/A),Harlem Ave,(N/A),,No Controls,No Controls,Y,2,41.8736415,-87.8045252,ok,Partial Access Control,None,25-01931,2025,0,28,2,50000andOVER,9,4295,Oak Park,C,(UNK),None,16,26,13143463,6,Cook,0,25,None,None,4,N,No,Free Flow,202501199776,None,1,0.23999999,Y,,,,(UNK),135316,(N/A),(UNK),No Defects,1,1,InterState,1,290,X003866257,Not Toll,73,1,1,Not Divided,1,2939912.22460723,1905332.44815018,41.8736337,-87.80451941,On Scene,Urban,1,N,(N/A),Y,(N/A)
2025,2025-06-26,Thursday,9,09:27 AM,Property Damage,No Injuries,0,0,0,0,0,3,Angle,15,N,N,Failing to Yield Right of Way,Failing to Reduce Speed to Avoid Crash,Daylight,Clear,Dry,N,(N/A),North Ave Alley,(N/A),,No Controls,No Controls,N,2,41.9090316,-87.7821017,ok,(UNK),None,2503331,2025,0,2,28,50000andOVER,9,4295,Oak Park,C,(UNK),None,16,26,13143967,6,Cook,0,25,None,None,4,N,No,Free Flow,202501200352,None,1,0,N,,,,(UNK),135678,(N/A),(UNK),No Defects,1,1,Local Road or Street,7,0,X003866738,Not Toll,73,1,1,Not Divided,1,2945661.04042512,1918398.22568052,41.90902374,-87.78209587,On Scene,Urban,1,N,(N/A),Y,(N/A)
2025,2025-06-26,Thursday,11,11:00 AM,Property Damage,No Injuries,0,0,0,0,0,1,Parked Motor Vehicle,9,N,N,Failing to Reduce Speed to Avoid Crash,Unable to Determine,Daylight,Clear,Dry,N,(N/A),S Oak Park,(N/A),824,No Controls,No Controls,Y,2,41.8739757,-87.7940457,ok,(UNK),None,2502453,2025,0,28,18,50000andOVER,9,4295,Oak Park,C,(UNK),None,16,26,13143970,6,Cook,0,25,None,None,4,N,No,Free Flow,202501200355,None,1,6.55000019,N,,,,(UNK),135679,(N/A),(UNK),No Defects,1,1,Major Collector,5,2775,X003866741,Not Toll,73,1,1,Not Divided,1,2942763.13276318,1905532.9834067,41.87396785,-87.79403986,Not on Scene (Desk R,Urban,1,N,(N/A),Y,(N/A)
2025,2025-06-26,Thursday,17,05:38 PM,Property Damage,No Injuries,0,0,0,0,0,2,Front to Rear,11,N,N,Failing to Reduce Speed to Avoid Crash,Following Too Closely,Daylight,Clear,Dry,N,(N/A),Harrison St,(N/A),,Stop Sign,Functioning Properly,N,2,41.87267,-87.77931,ok,(UNK),None,2503346,2025,0,28,3,50000andOVER,9,4295,Oak Park,C,(UNK),None,16,26,13144169,6,Cook,0,25,None,None,4,N,No,Free Flow,202501200506,None,1,0,N,,,,(UNK),135773,(N/A),(UNK),No Defects,1,1,Minor Collector,6,0,X003866897,Not Toll,,2,4,Divided - w/median (not raised),2,2946789.85378362,1905168.51034471,41.87267,-87.77931,On Scene,Urban,1,N,(N/A),Y,(N/A)
2025,2025-06-25,Wednesday,7,07:37 AM,Property Damage,No Injuries,0,0,0,0,0,2,Turning,10,N,N,Improper Turning/No Signal,Failing to Yield Right of Way,Daylight,Cloudy/Overcast,Dry,N,(N/A),Harlem Ave,(N/A),205,Traffic Signal,Functioning Properly,N,2,41.883054,-87.8048485,ok,(UNK),None,25-01919,2025,0,6,2,50000andOVER,9,4295,Oak Park,C,(UNK),None,16,25,13144306,6,Cook,0,25,None,None,3,N,No,Free Flow,202501200638,None,1,19.44000053,Y,,,,(UNK),135869,(N/A),(UNK),No Defects,1,1,Other Principal Arterial,3,348,X003867024,Not Toll,73,3,4,Not Divided,1,2939729.72773135,1908760.10485399,41.88304619,-87.80484271,On Scene,Urban,8,N,(N/A),Y,(N/A)
2025,2025-06-24,Tuesday,12,12:05 PM,Property Damage,No Injuries,0,0,0,0,0,2,Front to Rear,11,N,N,Following Too Closely,Failing to Yield Right of Way,Daylight,Clear,Dry,N,(N/A),Harlem Ave,(N/A),601,No Controls,No Controls,N,2,41.875663,-87.8045864,ok,(UNK),None,25-01909,2025,0,3,2,50000andOVER,9,4295,Oak Park,C,(UNK),None,16,24,13144308,6,Cook,0,25,None,None,2,N,No,Free Flow,202501200640,None,1,19.95000076,Y,,,,(UNK),135870,(N/A),(UNK),No Defects,1,1,Other Principal Arterial,3,348,X003867026,Not Toll,73,1,1,Divided - w/median (not raised),2,2939875.27088602,1906068.65376547,41.87565518,-87.80458061,On Scene,Urban,1,N,(N/A),Y,(N/A)
2025,2025-06-26,Thursday,19,07:14 PM,Injury,C Injury Crash,1,0,0,0,1,2,Other Object,7,N,N,Equipment-Vehicle Condition,Unable to Determine,Daylight,Clear,Dry,Y,Rando,N Harlem Ave,N Harlem Ave/Randolph St,,Traffic Signal,Functioning Properly,N,1,41.8832479,-87.8048524,ok,(UNK),None,2503350,2025,0,10,18,50000andOVER,9,4295,Oak Park,C,(UNK),None,16,26,13144510,6,Cook,1,25,LIGHT POLE/POWERLINE,None,4,N,No,Slow,202501200851,None,1,19.43000031,Y,,,,(UNK),135989,(N/A),(UNK),No Defects,1,1,Other Principal Arterial,3,348,X003867204,Not Toll,73,3,4,Four Way,14,2939726.73562974,1908830.71132292,41.88324002,-87.80484655,On Scene,Urban,1,N,(N/A),Y,(N/A)
2025,2025-06-23,Monday,15,03:09 PM,Property Damage,No Injuries,0,0,0,0,0,2,Front to Rear,11,N,N,Following Too Closely,Failing to Reduce Speed to Avoid Crash,Daylight,Clear,Dry,N,(N/A),Eisenhower Expy,(N/A),,Other,Functioning Properly,N,2,41.8734413,-87.8038358,ok,Partial Access Control,None,03-25-15854,2025,0,3,28,50000andOVER,9,4295,Oak Park,C,(UNK),None,16,23,13144837,6,Cook,0,25,None,None,1,N,No,(UNK),202501201172,None,1,7.73000002,Y,E,173,F,(UNK),136200,(N/A),(UNK),No Defects,1,1,InterState,1,290,X003867510,Not Toll,73,13,4,Not Divided,1,2940101.99280788,1905264.65375228,41.87343348,-87.80383005,Not on Scene (Desk R,Urban,1,N,(N/A),Y,(N/A)
2025,2025-06-18,Wednesday,23,11:00 PM,Property Damage,No Injuries,0,0,0,0,0,1,Fixed Object,6,N,N,Improper Overtaking/Passing,Failing to Reduce Speed to Avoid Crash,Darkness / Lighted Road,Rain,Wet,N,(N/A),I290 E/B,(N/A),,Delineators,Functioning Properly,N,1,41.8713066,-87.775592,ok,Partial Access Control,None,03-25-15067,2025,0,4,28,50000andOVER,9,4295,Oak Park,C,(UNK),None,16,18,13145227,6,Cook,0,25,None,None,3,N,No,(UNK),202501201539,None,5,9.14000034,Y,W,351,F,(UNK),136481,(N/A),(UNK),No Defects,1,2,InterState,1,290,X003867884,Not Toll,73,14,4,Divided With Median Barrier,3,2947816.38235294,1904699.85294118,41.87129872,-87.77558619,On Scene,Urban,2,N,(N/A),Y,(N/A)
2025,2025-06-27,Friday,13,01:50 PM,Injury,A Injury Crash,1,0,1,0,0,1,Pedestrian,1,Y,N,Failing to Yield Right of Way,Unable to Determine,Daylight,Clear,Dry,Y,N Aus,South,N Austin Blvd/South,,Traffic Signal,Functioning Properly,N,1,41.8870978,-87.7748558,ok,(UNK),None,2503364,2025,0,2,18,50000andOVER,9,4295,Oak Park,C,(UNK),None,16,27,13147662,6,Cook,3,25,None,None,5,N,No,Free Flow,202501203690,None,1,7.19999981,N,,,,(UNK),138108,(N/A),(UNK),No Defects,1,1,Minor Arterial,4,2790,X003870036,Not Toll,,3,4,Four Way,14,2947856.44151834,1910460.08171393,41.88709,-87.77485,On Scene,Urban,1,N,(N/A),Y,(N/A)
2025,2025-06-29,Sunday,8,08:07 AM,Property Damage,No Injuries,0,0,0,0,0,2,Turning,10,N,N,Failing to Reduce Speed to Avoid Crash,Unable to Determine,Daylight,Clear,Dry,Y,Garfi,S Austin Blvd,Garfield St/S Austin Blvd,,Stop Sign,Functioning Properly,N,2,41.8704119,-87.7742825,ok,(UNK),None,2503386,2025,0,28,18,50000andOVER,9,4295,Oak Park,C,(UNK),None,16,29,13147832,6,Cook,0,25,None,None,7,N,No,Free Flow,202501203856,None,1,8.40999985,N,,,,(UNK),138234,(N/A),(UNK),No Defects,1,1,Minor Arterial,4,2790,X003870197,Not Toll,,2,4,Divided - w/median (not raised),2,2948182.15308544,1904383.7594482,41.87040404,-87.77427668,On Scene,Urban,1,N,(N/A),Y,(N/A)
2025,2025-06-28,Saturday,11,11:15 AM,Property Damage,No Injuries,0,0,0,0,0,2,Front to Rear,11,N,N,Failing to Reduce Speed to Avoid Crash,Unable to Determine,Unknown,Unknown,Unknown,N,(N/A),Madison St,(N/A),922,No Controls,No Controls,N,2,41.8797167,-87.7977307,ok,(UNK),None,2503392,2025,0,28,18,50000andOVER,9,4295,Oak Park,C,(UNK),None,16,28,13147837,6,Cook,0,25,None,None,6,N,No,Stopped,202501203860,None,9,3.42000008,N,,,,(UNK),138237,(N/A),(UNK),No Defects,1,9,Minor Arterial,4,1419,X003870201,Not Toll,73,1,1,Divided - w/median (not raised),2,2941701.68828373,1907597.37043961,41.87970885,-87.79772488,Not on Scene (Desk R,Urban,9,N,(N/A),Y,(N/A)
2025,2025-06-28,Saturday,8,08:49 AM,Property Damage,No Injuries,0,0,0,0,0,2,Angle,15,N,N,Disregarding Stop Sign,Failing to Yield Right of Way,Daylight,Clear,Dry,Y,Washi,S Grove Ave,S Grove Ave/Washington Blvd,,Stop Sign,Functioning Properly,N,3,41.881568,-87.7956363,ok,(UNK),None,2503374,2025,0,23,2,50000andOVER,9,4295,Oak Park,C,(UNK),None,16,28,13148007,6,Cook,0,25,LIGHT SUPPORT,None,6,N,Yes,Free Flow,202501204047,None,1,0.47,N,,,,(UNK),138336,(N/A),(UNK),No Defects,1,1,Major Collector,5,5,X003870361,Not Toll,73,2,4,Four Way,14,2942253.41829919,1908287.77584204,41.88156014,-87.79563052,On Scene,Urban,1,N,(N/A),Y,(N/A)
2025,2025-07-01,Tuesday,0,00:31 AM,Injury,B Injury Crash,1,0,0,1,0,0,Fixed Object,6,N,N,Improper Lane Usage,Failing to Reduce Speed to Avoid Crash,Darkness / Lighted Road,Clear,Dry,N,(N/A),S Harlem Ave,(N/A),,No Controls,No Controls,N,1,41.8687184,-87.8043371,ok,(UNK),None,2503426,2025,0,20,28,50000andOVER,9,4295,Oak Park,C,(UNK),None,16,1,13149295,7,Cook,2,25,OAK PARK PARK DISTRICT,None,2,N,Yes,Free Flow,202501205266,None,5,20.44000053,Y,,,,(UNK),139219,(N/A),(UNK),No Defects,1,1,Other Principal Arterial,3,348,X003871548,Not Toll,73,1,1,Not Divided,1,2940012.8723191,1903539.77016596,41.86871053,-87.80433125,On Scene,Urban,1,N,(N/A),Y,(N/A)
2025,2025-07-01,Tuesday,9,09:50 AM,Property Damage,No Injuries,0,0,0,0,0,2,Sideswipe Same Direction,12,N,N,Improper Lane Usage,Failing to Reduce Speed to Avoid Crash,Daylight,Clear,Dry,N,(N/A),I-290 Wb,(N/A),,Other,Functioning Properly,N,2,41.8712349,-87.7744786,ok,Partial Access Control,None,03-25-16382,2025,0,20,28,50000andOVER,9,4295,Oak Park,C,(UNK),None,16,1,13150087,7,Cook,0,25,None,None,2,N,No,(UNK),202501206033,None,1,9.19999981,Y,S,0,F,(UNK),139755,(N/A),(UNK),No Defects,1,1,InterState,1,290,X003872295,Not Toll,73,13,4,Divided With Median Barrier,3,2948120.36625554,1904682.19087511,41.87122706,-87.77447282,On Scene,Urban,1,N,(N/A),Y,(N/A)
2025,2025-06-29,Sunday,2,02:30 AM,Property Damage,No Injuries,0,0,0,0,0,1,Fixed Object,6,N,N,Driving Skills/Knowledge/Experience,Improper Lane Usage,Darkness / Lighted Road,Clear,Dry,N,(N/A),I-290,(N/A),,Other,Functioning Properly,N,1,41.8724914,-87.793983,ok,Partial Access Control,None,03-25-16148,2025,0,15,20,50000andOVER,9,4295,Oak Park,C,(UNK),None,16,29,13150184,6,Cook,0,25,None,None,7,N,No,(UNK),202501206126,None,5,8.18999958,Y,,,,(UNK),139822,163533K,(UNK),No Defects,1,1,InterState,1,290,X003872389,Not Toll,73,13,4,Divided With Median Barrier,3,2942795.15822864,1904992.56311366,41.87248359,-87.7939772,On Scene,Urban,1,N,(N/A),Y,(N/A)
2025,2025-07-01,Tuesday,16,04:43 PM,Property Damage,No Injuries,0,0,0,0,0,1,Fixed Object,6,N,N,Improper Turning/No Signal,Driving Skills/Knowledge/Experience,Daylight,Clear,Dry,N,(N/A),Lincoln Trl,(N/A),1033,No Controls,No Controls,N,1,41.8808638,-87.8011719,ok,(UNK),None,2503446,2025,0,6,15,50000andOVER,9,4295,Oak Park,C,(UNK),None,16,1,13150374,7,Cook,0,25,FIRE HYDRANT,None,2,N,No,Free Flow,202501206305,None,1,0,N,,,,(UNK),139937,(N/A),(UNK),No Defects,1,1,(UNK),0,0,X003872568,No Toll,73,1,1,Not Divided,1,2940752.97711332,1907989.54660828,41.88085599,-87.80116609,On Scene,Rural,1,N,(N/A),Y,(N/A)
2025,2025-07-01,Tuesday,17,05:33 PM,Property Damage,No Injuries,0,0,0,0,0,2,Front to Rear,11,N,N,Failing to Reduce Speed to Avoid Crash,(N/A),Daylight,Clear,Dry,N,(N/A),Chicago Ave,(N/A),,No Controls,No Controls,N,2,41.89431,-87.79767,ok,(UNK),None,2503448,2025,0,28,99,50000andOVER,9,4295,Oak Park,C,(UNK),None,16,1,13150968,7,Cook,0,25,None,None,2,N,No,Slow,202501206886,None,1,0,N,W,75,F,(UNK),140295,(N/A),(UNK),No Defects,1,1,Minor Arterial,4,0,X003873107,Not Toll,,1,1,Not Divided,1,2941571.31952676,1912915.89837327,41.89431,-87.79767,On Scene,Urban,1,N,(N/A),Y,(N/A)
2025,2025-06-28,Saturday,19,07:29 PM,Property Damage,No Injuries,0,0,0,0,0,2,Front to Front,14,N,N,Driving On Wrong Side/Wrong Way,Failing to Reduce Speed to Avoid Crash,Daylight,Clear,Dry,N,(N/A),Harlem,(N/A),400,No Controls,No Controls,Y,2,41.8791073,-87.8047093,ok,(UNK),None,25-01961,2025,0,5,28,50000andOVER,9,4295,Oak Park,C,(UNK),None,16,28,13151288,6,Cook,0,25,None,None,6,N,No,Free Flow,202501207207,None,1,19.71999931,Y,,,,(UNK),140495,(N/A),(UNK),No Defects,1,1,Other Principal Arterial,3,348,X003873397,Not Toll,73,1,1,Divided - w/median (not raised),2,2939807.24406372,1907322.90188963,41.8790995,-87.80470349,On Scene,Urban,1,N,(N/A),Y,(N/A)
2025,2025-07-02,Wednesday,9,09:41 AM,Property Damage,No Injuries,0,0,0,0,0,1,Parked Motor Vehicle,9,N,N,Equipment-Vehicle Condition,Unable to Determine,Daylight,Clear,Dry,N,(N/A),Washington Blvd,(N/A),,No Controls,No Controls,N,2,41.8815391,-87.7973471,ok,(UNK),None,2503456,2025,0,10,18,50000andOVER,9,4295,Oak Park,C,(UNK),None,16,2,13151658,7,Cook,0,25,None,None,3,N,No,Free Flow,202501207556,None,1,0.38,N,W,100,F,(UNK),140742,(N/A),(UNK),No Defects,1,1,Major Collector,5,5,X003873737,Not Toll,73,1,1,Not Divided,1,2941787.81700892,1908264.35699898,41.88153121,-87.79734127,On Scene,Urban,1,N,(N/A),Y,(N/A)
2025,2025-07-03,Thursday,8,08:58 AM,Property Damage,No Injuries,0,0,0,0,0,1,Fixed Object,6,N,N,Improper Lane Usage,(N/A),Daylight,Clear,Dry,N,(N/A),Roosevelt Rd,(N/A),,No Controls,No Controls,Y,1,41.8650404,-87.8033631,ok,(UNK),None,25-05328,2025,0,20,99,50000andOVER,9,4295,Oak Park,C,(UNK),None,16,3,13152012,7,Cook,0,25,LIGHT POLE,None,4,N,No,Free Flow,202501207980,None,1,6.03000021,Y,,,,(UNK),140949,(N/A),(UNK),No Defects,1,1,Other Principal Arterial,3,347,X003874062,Not Toll,52,1,1,Not Divided,1,2940315.07793943,1902206.77035086,41.86503259,-87.80335732,On Scene,Urban,1,N,(N/A),Y,(N/A)
2025,2025-07-03,Thursday,9,09:50 AM,Property Damage,No Injuries,0,0,0,0,0,2,Sideswipe Same Direction,12,N,N,Improper Lane Usage,Improper Overtaking/Passing,Daylight,Clear,Dry,N,(N/A),Harlem Ave,(N/A),520,No Controls,No Controls,N,2,41.8774997,-87.8046454,ok,(UNK),None,25-02005,2025,0,20,4,50000andOVER,9,4295,Oak Park,C,(UNK),None,16,3,13152413,7,Cook,0,25,None,None,4,N,No,Slow,202501208297,None,1,19.81999969,Y,,,,(UNK),141206,(N/A),(UNK),No Defects,1,1,Other Principal Arterial,3,348,X003874358,Not Toll,73,1,1,Not Divided,1,2939840.77838838,1906737.51449141,41.87749182,-87.80463959,On Scene,Urban,1,N,(N/A),Y,(N/A)
2025,2025-06-30,Monday,0,00:45 AM,Property Damage,No Injuries,0,0,0,0,0,2,Overturned,5,N,N,Improper Lane Usage,Failing to Reduce Speed to Avoid Crash,Darkness / Lighted Road,Clear,Dry,N,(N/A),I-290 Eb,(N/A),,Other,Functioning Properly,N,1,41.87106,-87.7761702,ok,Partial Access Control,None,03-25-16235,2025,0,20,28,50000andOVER,9,4295,Oak Park,C,(UNK),None,16,30,13152513,6,Cook,0,25,None,None,1,N,No,(UNK),202501208389,None,5,9.10999966,Y,W,500,F,(UNK),141267,(N/A),(UNK),No Defects,1,1,InterState,1,290,X003874453,Not Toll,73,13,4,Divided With Median Barrier,3,2947661.39155392,1904605.59927299,41.87105212,-87.77616441,On Scene,Urban,1,N,(N/A),Y,(N/A)
2025,2025-07-02,Wednesday,5,05:55 AM,Property Damage,No Injuries,0,0,0,0,0,2,Front to Rear,11,N,N,Improper Lane Usage,Failing to Reduce Speed to Avoid Crash,Dawn,Clear,Dry,N,(N/A),I-290 Eb,(N/A),,Other,Functioning Properly,Y,2,41.8725202,-87.7942886,ok,Partial Access Control,None,03-25-16526,2025,0,20,28,50000andOVER,9,4295,Oak Park,C,(UNK),None,16,2,13152514,7,Cook,0,25,None,None,3,N,No,(UNK),202501208390,None,2,8.18000031,Y,W,100,F,(UNK),141268,(N/A),(UNK),No Defects,1,1,InterState,1,290,X003874454,Not Toll,73,13,4,Divided With Median Barrier,3,2942711.62397626,1905000.75900922,41.87251239,-87.79428283,Not on Scene (Desk R,Urban,1,N,(N/A),Y,(N/A)
2025,2025-07-01,Tuesday,16,04:13 PM,Property Damage,No Injuries,0,0,0,0,0,2,Turning,10,N,N,Failing to Yield Right of Way,Driving Skills/Knowledge/Experience,Daylight,Clear,Dry,Y,(UNK),Roosevelt Rd,(UNK)/Roosevelt Rd,7150,No Controls,No Controls,N,2,41.8650438,-87.8033632,ok,(UNK),None,25-05280,2025,0,2,15,50000andOVER,9,4295,Oak Park,C,(UNK),None,16,1,13152520,7,Cook,0,25,None,None,2,N,No,Free Flow,202501208396,None,1,6.03000021,Y,,,,(UNK),141273,(N/A),(UNK),No Defects,1,1,Other Principal Arterial,3,347,X003874460,Not Toll,52,1,1,Divided - w/median (not raised),2,2940315.01418138,1902207.98054524,41.86503591,-87.80335743,On Scene,Urban,1,N,(N/A),Y,(N/A)
2025,2025-07-03,Thursday,9,09:33 AM,Property Damage,No Injuries,0,0,0,0,0,2,Sideswipe Same Direction,12,N,N,Improper Overtaking/Passing,Failing to Reduce Speed to Avoid Crash,Daylight,Clear,Dry,Y,Lake,N Oak Park Ave,Lake St/N Oak Park Ave,,Traffic Signal,Functioning Properly,N,2,41.8886478,-87.7945162,ok,(UNK),None,2503478,2025,0,4,28,50000andOVER,9,4295,Oak Park,C,(UNK),None,16,3,13152933,7,Cook,0,25,None,None,4,N,No,Free Flow,202501208789,None,1,5.53000021,N,,,,(UNK),141569,(N/A),(UNK),No Defects,1,1,Major Collector,5,2775,X003874858,Not Toll,73,3,4,Not Divided,1,2942487.1165525,1910876.24241575,41.88864,-87.79451036,On Scene,Urban,1,N,(N/A),Y,(N/A)
2025,2025-06-19,Thursday,17,05:45 PM,Injury,B Injury Crash,1,0,0,1,0,1,Sideswipe Same Direction,12,N,N,Improper Lane Usage,Improper Overtaking/Passing,Daylight,Clear,Dry,N,(N/A),I-290 E/B,(N/A),,No Controls,No Controls,N,2,41.8728207,-87.7973628,ok,Partial Access Control,None,03-25-15159,2025,0,20,4,50000andOVER,9,4295,Oak Park,C,(UNK),None,16,19,13154154,6,Cook,2,25,None,None,4,N,No,(UNK),202501209898,None,1,8.02999973,Y,E,.1,M,(UNK),142404,(N/A),(UNK),No Defects,1,1,InterState,1,290,X003875986,Not Toll,73,1,1,Divided With Median Barrier,3,2941871.28672257,1905087.11694512,41.87281287,-87.79735699,On Scene,Urban,1,N,(N/A),Y,(N/A)
2025,2025-06-30,Monday,16,04:42 PM,Property Damage,No Injuries,0,0,0,0,0,2,Front to Rear,11,N,N,Failing to Reduce Speed to Avoid Crash,Following Too Closely,Daylight,Clear,Dry,N,(N/A),I-290 W/B,(N/A),,No Controls,No Controls,N,2,41.872101,-87.7860441,ok,Partial Access Control,None,03-25-16317,2025,0,28,3,50000andOVER,9,4295,Oak Park,C,(UNK),None,16,30,13154160,6,Cook,0,25,None,None,1,N,No,(UNK),202501209905,None,1,8.60999966,Y,W,.1,M,(UNK),142410,(N/A),(UNK),No Defects,1,1,InterState,1,290,X003875992,Not Toll,73,1,1,Not Divided,1,2944961.43459748,1904910.1740718,41.87209312,-87.78603831,On Scene,Urban,1,N,(N/A),Y,(N/A)
2025,2025-07-05,Saturday,4,04:00 AM,Injury,B Injury Crash,1,0,0,1,0,1,Sideswipe Same Direction,12,N,N,Improper Overtaking/Passing,Improper Lane Usage,Darkness / Lighted Road,Clear,Dry,N,(N/A),I290,(N/A),,No Controls,Functioning Properly,Y,2,41.8723576,-87.7924227,ok,Partial Access Control,None,03-25-16781,2025,0,4,20,50000andOVER,9,4295,Oak Park,C,(UNK),None,16,5,13154495,7,Cook,2,25,None,None,6,N,No,(UNK),202501210327,None,5,8.27000046,Y,E,428,F,(UNK),142659,(N/A),(UNK),No Defects,1,1,InterState,1,290,X003876317,Not Toll,73,1,4,Divided With Median Barrier,3,2943221.48801625,1904955.55231448,41.87234976,-87.79241691,On Scene,Urban,1,N,(N/A),Y,(N/A)
2025,2025-07-06,Sunday,0,00:36 AM,Property Damage,No Injuries,0,0,0,0,0,1,Other Object,7,N,N,Driving Skills/Knowledge/Experience,(N/A),Darkness / Lighted Road,Clear,Dry,N,(N/A),I-290 E/B,(N/A),,No Controls,Functioning Properly,N,1,41.8717564,-87.785228,ok,Partial Access Control,None,03-25-16877,2025,0,15,99,50000andOVER,9,4295,Oak Park,C,(UNK),None,16,6,13154721,7,Cook,0,25,None,None,7,N,No,(UNK),202501210549,None,5,8.64999962,Y,W,288,F,(UNK),142829,(N/A),(UNK),No Defects,1,1,InterState,1,290,X003876539,Not Toll,73,1,4,Divided With Median Barrier,3,2945187.20674022,1904790.76791198,41.87174853,-87.7852222,On Scene,Urban,1,N,(N/A),Y,(N/A)
2025,2025-07-07,Monday,12,12:26 PM,Property Damage,No Injuries,0,0,0,0,0,2,Sideswipe Same Direction,12,N,N,Improper Overtaking/Passing,Driving Skills/Knowledge/Experience,Daylight,Clear,Dry,N,(N/A),Eisenhower Expy,(N/A),,No Controls,No Controls,N,2,41.8715868,-87.779873,ok,Partial Access Control,None,03-25-17005,2025,0,4,15,50000andOVER,9,4295,Oak Park,C,(UNK),None,16,7,13157347,7,Cook,0,25,None,None,1,N,No,(UNK),202501213023,None,1,8.89000034,Y,W,189,F,(UNK),144586,(N/A),(UNK),No Defects,1,1,InterState,1,290,X003878770,Not Toll,73,1,1,Divided With Median Barrier,3,2946647.5,1904769.5,41.87157894,-87.77986717,On Scene,Urban,1,N,(N/A),Y,(N/A)
2025,2025-07-02,Wednesday,10,10:39 AM,Property Damage,No Injuries,0,0,0,0,0,2,Sideswipe Same Direction,12,N,N,Improper Overtaking/Passing,Improper Turning/No Signal,Daylight,Clear,Dry,Y,N Rid,Chicago Ave,Chicago Ave/N Ridgeland Ave,,Traffic Signal,Functioning Properly,N,2,41.89453,-87.78488,ok,(UNK),None,2503458,2025,0,4,6,50000andOVER,9,4295,Oak Park,C,(UNK),None,16,2,13158186,7,Cook,0,25,None,None,3,N,No,Free Flow,202501213833,None,1,0.5,N,,,,(UNK),145062,(N/A),(UNK),No Defects,1,1,Minor Arterial,4,2783,X003879428,Not Toll,,3,4,Four Way,14,2945051.53498226,1913092.5348541,41.89453,-87.78488,On Scene,Urban,1,N,(N/A),Y,(N/A)