crash_year,crash_date,day_of_week,crash_hour,time_of_crash,crash_severity,crash_injury_severity,total_injured,total_fatals,a_injuries,b_injuries,c_injuries,no_injuries,type_of_first_crash,collision_type_code,pedestrian_involved,pedalcyclist_involved,cause1,cause2,lighting_cond,weather_cond,road_surface_cond,intersection_related,is_intersection,highway_or_street_name,at_intersection_with,address_no,traffic_control_device,traffic_control_device_cond,hit_and_run,number_of_vehicles,latitude,longitude,location_status,access_control,agency_code,agency_report_number,agency_report_year,alignment_code,cause1_code,cause2_code,city_class,city_class_code,city_code,city_name,city_township_flag,class_of_trafficway,class_of_trafficway_code,county_code,crash_day,crash_id,crash_month,crash_report_county,crash_severity_cd,crash_yr_source,damaged_property1,damaged_property2,day_of_week_code,did_crash_occur_in_work_zone,did_involve_secondary_crash,flow_condition,icn,investigating_agency_descrip,light_condition_code,mile_station,nhs,non_intersection_direction,non_intersection_distance,non_intersection_units,number_of_lanes,objectid,railroad_crossing_number,road_alignment,road_defects,road_defects_code,road_surface_condition_code,roadway_functional_class,roadway_functional_class_code,route_number,sfe,toll,township,traffic_control_device_code,traffic_control_device_cond_code,trafficway_descrip,trafficway_description_code,ts_crash_coordinate_x,ts_crash_coordinate_y,ts_crash_latitude,ts_crash_longitude,type_report,urban_rural,weather_code,were_workers_present,work_zone,work_zone_related,work_zone_type
2025,2025-07-02,Wednesday,17,05:26 PM,Property Damage,No Injuries,0,0,0,0,0,2,Turning,10,N,N,Failing to Reduce Speed to Avoid Crash,(N/A),Daylight,Clear,Dry,Y,Madis,S Maple Ave,Madison St/S Maple Ave,,No Controls,No Controls,Y,2,41.87961,-87.80383,ok,(UNK),None,2503476,2025,0,28,99,50000andOVER,9,4295,Oak Park,C,(UNK),None,16,2,13158191,7,Cook,0,25,None,None,3,N,No,Free Flow,202501213844,None,1,3.1099999,N,,,,(UNK),145065,(N/A),(UNK),No Defects,1,1,Minor Arterial,4,1419,X003879433,Not Toll,,1,1,Not Divided,1,2940041.66722503,1907512.67436288,41.87961,-87.80383,Not on Scene (Desk R,Urban,1,N,(N/A),Y,(N/A)
2025,2025-07-04,Friday,9,09:10 AM,Property Damage,No Injuries,0,0,0,0,0,2,Sideswipe Same Direction,12,N,N,Failing to Yield Right of Way,Improper Lane Usage,Daylight,Clear,Dry,N,(N/A),I-290 E/B,(N/A),,Other,Other,Y,2,41.8734654,-87.8040833,ok,Partial Access Control,None,03-25-16707,2025,0,2,20,50000andOVER,9,4295,Oak Park,C,(UNK),None,16,4,13158275,7,Cook,0,25,None,None,5,N,No,(UNK),202501213936,None,1,7.71999979,Y,E,100,F,(UNK),145116,(N/A),(UNK),No Defects,1,1,InterState,1,290,X003879506,Not Toll,73,13,7,Divided - w/median (not raised),2,2940034.34476467,1905271.5833578,41.87345759,-87.80407753,Not on Scene (Desk R,Urban,1,N,(N/A),Y,(N/A)
2025,2025-07-08,Tuesday,16,04:00 PM,Property Damage,No Injuries,0,0,0,0,0,2,Sideswipe Same Direction,12,N,N,Improper Lane Usage,Failing to Reduce Speed to Avoid Crash,Daylight,Rain,Wet,N,(N/A),I-290,(N/A),,Other,Functioning Properly,Y,2,41.87194,-87.7840895,ok,Partial Access Control,None,03-25-17115,2025,0,20,28,50000andOVER,9,4295,Oak Park,C,(UNK),None,16,8,13158758,7,Cook,0,25,None,None,2,N,No,(UNK),202501214423,None,1,8.72000027,Y,E,68,F,(UNK),145429,(N/A),(UNK),No Defects,1,2,InterState,1,290,X003879962,Not Toll,73,13,4,Divided With Median Barrier,3,2945495.45388839,1904866.28160914,41.87193212,-87.78408368,On Scene,Urban,2,N,(N/A),Y,(N/A)
2025,2025-07-05,Saturday,14,02:10 PM,Property Damage,No Injuries,0,0,0,0,0,2,Sideswipe Same Direction,12,N,N,Failing to Yield Right of Way,Improper Lane Usage,Daylight,Clear,Dry,N,(N/A),S Harlem Ave,(N/A),,Traffic Signal,Functioning Properly,N,2,41.8755115,-87.804582,ok,(UNK),None,2503512,2025,0,2,20,50000andOVER,9,4295,Oak Park,C,(UNK),None,16,5,13159040,7,Cook,0,25,None,None,6,N,No,Free Flow,202501214699,None,1,19.95999908,Y,S,150,F,(UNK),145636,(N/A),(UNK),No Defects,1,1,Other Principal Arterial,3,348,X003880217,Not Toll,73,3,4,Divided - w/median (not raised),2,2939877.99028205,1906013.47487943,41.87550368,-87.80457621,On Scene,Urban,1,N,(N/A),Y,(N/A)
2025,2025-07-07,Monday,12,12:26 PM,Property Damage,No Injuries,0,0,0,0,0,2,Angle,15,N,N,Failing to Yield Right of Way,Failing to Reduce Speed to Avoid Crash,Daylight,Clear,Dry,Y,S Map,Madison St,Madison St/S Maple Ave,,Stop Sign,Functioning Properly,N,2,41.87958,-87.80386,ok,(UNK),None,2503555,2025,0,2,28,50000andOVER,9,4295,Oak Park,C,(UNK),None,16,7,13159043,7,Cook,0,25,None,None,1,N,No,Free Flow,202501214703,None,1,0,N,,,,(UNK),145638,(N/A),(UNK),No Defects,1,1,Minor Arterial,4,0,X003880220,Not Toll,,2,4,Not Divided,1,2940033.79814201,1907501.51677064,41.87958,-87.80386,On Scene,Urban,1,N,(N/A),Y,(N/A)
2025,2025-07-04,Friday,15,03:33 PM,Property Damage,No Injuries,0,0,0,0,0,1,Parked Motor Vehicle,9,N,N,Unable to Determine,Unable to Determine,Daylight,Clear,Dry,N,(N/A),Highland Ave,(N/A),,Stop Sign,Functioning Properly,Y,2,41.87811,-87.78191,ok,(UNK),None,2503501,2025,0,18,18,50000andOVER,9,4295,Oak Park,C,(UNK),None,16,4,13159049,7,Cook,0,25,None,None,5,N,No,Free Flow,202501214708,None,1,0,N,S,250,F,(UNK),145643,(N/A),(UNK),No Defects,1,1,Local Road or Street,7,0,X003880224,Not Toll,,2,4,Not Divided,1,2946026.57940337,1907131.25020307,41.87811,-87.78191,On Scene,Urban,1,N,(N/A),Y,(N/A)
2025,2025-07-05,Saturday,10,10:49 AM,Property Damage,No Injuries,0,0,0,0,0,4,Sideswipe Opposite Direction,13,N,N,Unable to Determine,Unable to Determine,Daylight,Cloudy/Overcast,Dry,N,(N/A),Augusta St,(N/A),,No Controls,No Controls,Y,2,41.8981,-87.78989,ok,(UNK),None,2503509,2025,0,18,18,50000andOVER,9,4295,Oak Park,C,(UNK),None,16,5,13159051,7,Cook,0,25,None,None,6,N,No,Free Flow,202501214710,None,1,0,N,E,50,F,(UNK),145644,(N/A),(UNK),No Defects,1,1,Local Road or Street,7,0,X003880226,Not Toll,,1,1,Not Divided,1,2943651.36416576,1914355.6633722,41.8981,-87.78989,On Scene,Urban,8,N,(N/A),Y,(N/A)
2025,2025-07-06,Sunday,14,02:49 PM,Injury,B Injury Crash,1,0,0,1,0,1,Angle,15,N,N,Failing to Yield Right of Way,(N/A),Daylight,Clear,Dry,N,(N/A),Madison,(N/A),,No Controls,No Controls,N,2,41.87959,-87.80231,ok,(UNK),None,2503527,2025,0,2,99,50000andOVER,9,4295,Oak Park,C,(UNK),None,16,6,13159052,7,Cook,2,25,None,None,7,N,No,Free Flow,202501214711,None,1,0,N,E,75,F,(UNK),145645,(N/A),(UNK),No Defects,1,1,Minor Arterial,4,0,X003880227,Not Toll,,1,1,Not Divided,1,2940455.8261422,1907516.79244278,41.87959,-87.80231,On Scene,Urban,1,N,(N/A),Y,(N/A)
2025,2025-07-05,Saturday,10,10:45 AM,Property Damage,No Injuries,0,0,0,0,0,2,Sideswipe Same Direction,12,N,N,Improper Overtaking/Passing,Failing to Reduce Speed to Avoid Crash,Daylight,Clear,Dry,N,(N/A),N Austin Blvd,(N/A),,No Controls,No Controls,Y,2,41.8949109,-87.7751579,ok,(UNK),None,2503511,2025,0,4,28,50000andOVER,9,4295,Oak Park,C,(UNK),None,16,5,13159058,7,Cook,0,25,None,None,6,N,No,Free Flow,202501214714,None,1,6.63999987,N,N,70,F,(UNK),145646,(N/A),(UNK),No Defects,1,1,Minor Arterial,4,2790,X003880229,Not Toll,,1,1,Divided - w/median (not raised),2,2947694.76484872,1913305.02457745,41.89490308,-87.77515215,On Scene,Urban,1,N,(N/A),Y,(N/A)
2025,2025-07-06,Sunday,13,01:40 PM,Property Damage,No Injuries,0,0,0,0,0,2,Front to Rear,11,N,N,Failing to Reduce Speed to Avoid Crash,Unable to Determine,Daylight,Clear,Dry,N,(N/A),Garfield St,(N/A),,No Controls,No Controls,N,2,41.8720076,-87.7940751,ok,(UNK),None,2503562,2025,0,28,18,50000andOVER,9,4295,Oak Park,C,(UNK),None,16,6,13159060,7,Cook,0,25,None,None,7,N,No,Stopped,202501214716,None,1,0.31,N,W,25,F,(UNK),145647,(N/A),(UNK),No Defects,1,1,Local Road or Street,7,290,X003880231,Not Toll,73,1,1,Divided - w/median (not raised),2,2942774.95609256,1904815.55648997,41.87199976,-87.79406928,Not on Scene (Desk R,Urban,1,N,(N/A),Y,(N/A)
2025,2025-07-08,Tuesday,13,01:49 PM,Property Damage,No Injuries,0,0,0,0,0,3,Front to Rear,11,N,N,Failing to Reduce Speed to Avoid Crash,Following Too Closely,Daylight,Clear,Dry,Y,Oak P,Lake St,Lake St/Oak Park,,Traffic Signal,Functioning Properly,N,3,41.8886478,-87.7945144,ok,(UNK),None,2503574,2025,0,28,3,50000andOVER,9,4295,Oak Park,C,(UNK),None,16,8,13159061,7,Cook,0,25,None,None,2,N,No,Free Flow,202501214718,None,1,5.53000021,N,W,150,F,(UNK),145648,(N/A),(UNK),No Defects,1,1,Major Collector,5,2775,X003880232,Not Toll,73,3,4,Divided - w/median (not raised),2,2942487.58988781,1910876.24042837,41.88863996,-87.79450863,On Scene,Urban,1,N,(N/A),Y,(N/A)
2025,2025-07-08,Tuesday,7,07:28 AM,Property Damage,No Injuries,0,0,0,0,0,1,Fixed Object,6,N,N,Unable to Determine,Failing to Reduce Speed to Avoid Crash,Unknown,Unknown,Dry,Y,Lomba,Chicago Ave,Chicago Ave/Lombard,,Stop Sign,Functioning Properly,Y,1,41.8946278,-87.7799876,ok,(UNK),None,2503568,2025,0,18,28,50000andOVER,9,4295,Oak Park,C,(UNK),None,16,8,13159062,7,Cook,0,25,THREE BIKE RACK POLE,None,2,N,No,Free Flow,202501214719,None,9,1,N,,,,(UNK),145649,(N/A),(UNK),No Defects,1,1,Minor Arterial,4,3559,X003880233,Not Toll,73,2,4,Four Way,14,2946382.6318827,1913165.22526205,41.89461999,-87.77998181,Not on Scene (Desk R,Urban,9,N,(N/A),Y,(N/A)
2025,2025-07-08,Tuesday,15,03:28 PM,Property Damage,No Injuries,0,0,0,0,0,2,Angle,15,N,N,Disregarding Stop Sign,Failing to Yield Right of Way,Daylight,Rain,Wet,Y,N Lom,Augusta St,Augusta St/N Lombard Ave,,Stop Sign,Functioning Properly,Y,2,41.89824,-87.78012,ok,(UNK),None,2503577,2025,0,23,2,50000andOVER,9,4295,Oak Park,C,(UNK),None,16,8,13159637,7,Cook,0,25,None,None,2,N,No,(UNK),202501215352,None,1,0.75,N,,,,(UNK),146012,(N/A),(UNK),No Defects,1,2,Local Road or Street,7,3559,X003880760,Not Toll,,2,4,Four Way,14,2946309.94904495,1914480.56486507,41.89824,-87.78012,Not on Scene (Desk R,Urban,2,N,(N/A),Y,(N/A)
2025,2025-07-08,Tuesday,22,10:23 PM,Property Damage,No Injuries,0,0,0,0,0,2,Turning,10,N,N,Improper Lane Usage,(N/A),Darkness / Lighted Road,Rain,Wet,N,(N/A),Chicago Ave,(N/A),18,No Controls,No Controls,Y,2,41.89465,-87.77632,ok,(UNK),None,2503586,2025,0,20,99,50000andOVER,9,4295,Oak Park,C,(UNK),None,16,8,13159639,7,Cook,0,25,None,None,2,N,No,Free Flow,202501215354,None,5,0,N,,,,(UNK),146013,(N/A),(UNK),No Defects,1,2,Minor Arterial,4,0,X003880761,Not Toll,,1,1,Not Divided,1,2947381.0140678,1913201.11667907,41.89465,-87.77632,On Scene,Urban,2,N,(N/A),Y,(N/A)
2025,2025-07-09,Wednesday,12,12:50 PM,Property Damage,No Injuries,0,0,0,0,0,2,Angle,15,N,N,Failing to Yield Right of Way,Failing to Reduce Speed to Avoid Crash,Daylight,Clear,Dry,Y,Maple,Washington Blvd,Maple Ave/Washington Blvd,,Stop Sign,Functioning Properly,N,2,41.8814078,-87.8039062,ok,(UNK),None,2503592,2025,0,2,28,50000andOVER,9,4295,Oak Park,C,(UNK),None,16,9,13159840,7,Cook,0,25,None,None,3,N,No,Free Flow,202501215586,None,1,0.05,N,,,,(UNK),146144,(N/A),(UNK),No Defects,1,1,Major Collector,5,5,X003880949,Not Toll,73,2,4,Divided - w/median (not raised),2,2940002.87604041,1908167.26646161,41.88139999,-87.80390037,On Scene,Urban,1,N,(N/A),Y,(N/A)
2025,2025-07-09,Wednesday,7,07:37 AM,Injury,B Injury Crash,1,0,0,1,0,2,Turning,10,N,N,Failing to Reduce Speed to Avoid Crash,Failing to Yield Right of Way,Daylight,Clear,Dry,N,(N/A),Ridgeland Ave,(N/A),,Traffic Signal,Functioning Properly,N,3,41.8808162,-87.784477,ok,(UNK),None,2503588,2025,0,28,2,50000andOVER,9,4295,Oak Park,C,(UNK),None,16,9,13159842,7,Cook,2,25,None,None,3,N,No,Free Flow,202501215588,None,1,1.46000004,N,N,300,F,(UNK),146146,(N/A),(UNK),No Defects,1,1,Major Collector,5,2783,X003880951,Not Toll,73,3,4,Divided - w/median (not raised),2,2945300.07815266,1908098.03238858,41.8808084,-87.78447119,On Scene,Urban,1,N,(N/A),Y,(N/A)
2025,2025-06-30,Monday,1,01:57 AM,Injury,A Injury Crash,1,0,1,0,0,3,Front to Rear,11,N,N,Following Too Closely,Unable to Determine,Darkness / Lighted Road,Clear,Dry,N,(N/A),S Ridgeland Ave,(N/A),,No Controls,No Controls,Y,2,41.87262,-87.78418,ok,(UNK),None,2503401,2025,0,3,18,50000andOVER,9,4295,Oak Park,C,(UNK),None,16,30,13160476,6,Cook,3,25,None,None,1,N,No,Free Flow,202501216223,None,5,0,N,S,20,F,(UNK),146565,(N/A),(UNK),No Defects,1,1,Major Collector,5,0,X003881516,Not Toll,,1,1,Not Divided,1,2945463.9140564,1905113.41461838,41.87262,-87.78418,On Scene,Urban,1,N,(N/A),Y,(N/A)
2025,2025-07-08,Tuesday,14,02:13 PM,Property Damage,No Injuries,0,0,0,0,0,3,Front to Rear,11,N,N,Following Too Closely,(N/A),Daylight,Rain,Wet,N,(N/A),N Harlem Ave,(N/A),,Traffic Signal,Functioning Properly,N,2,41.9018323,-87.8055365,ok,(UNK),None,2500799,2025,0,3,99,50000andOVER,9,4295,Oak Park,C,(UNK),None,16,8,13160484,7,Cook,0,25,None,None,2,N,No,Free Flow,202501216226,None,1,18.13999939,Y,N,100,F,(UNK),146567,(N/A),(UNK),No Defects,1,2,Other Principal Arterial,3,348,X003881519,Not Toll,73,3,4,Not Divided,1,2939353.96505707,1915598.10418995,41.90182448,-87.80553068,On Scene,Urban,2,N,(N/A),Y,(N/A)
2025,2025-07-08,Tuesday,12,12:44 PM,Property Damage,No Injuries,0,0,0,0,0,2,Sideswipe Same Direction,12,N,N,Improper Lane Usage,Related to Bus Stop,Daylight,Cloudy/Overcast,Dry,N,(N/A),N Harlem Ave,(N/A),,No Controls,No Controls,N,2,41.8885135,-87.8050235,ok,(UNK),None,2500803,2025,0,20,63,50000andOVER,9,4295,Oak Park,C,(UNK),None,16,8,13160485,7,Cook,0,25,None,None,2,N,No,Slow,202501216227,None,1,19.05999947,Y,S,20,F,(UNK),146568,(N/A),(UNK),No Defects,1,1,Other Principal Arterial,3,348,X003881520,Not Toll,73,1,1,Divided - w/median (not raised),2,2939627.28938654,1910748.31959125,41.88850565,-87.8050177,Not on Scene (Desk R,Urban,8,N,(N/A),Y,(N/A)
2025,2025-07-05,Saturday,19,07:52 PM,Property Damage,No Injuries,0,0,0,0,0,1,Parked Motor Vehicle,9,N,N,Improper Lane Usage,Driving Skills/Knowledge/Experience,Dusk,Clear,Dry,N,(N/A),S Marion St,(N/A),235,No Controls,No Controls,N,2,41.88427,-87.80244,ok,(UNK),None,2503516,2025,0,20,15,50000andOVER,9,4295,Oak Park,C,(UNK),None,16,5,13160849,7,Cook,0,25,None,None,6,N,No,Free Flow,202501216482,None,3,0,N,,,,(UNK),146782,(N/A),(UNK),No Defects,1,1,Local Road or Street,7,0,X003881736,Not Toll,,1,1,Not Divided,1,2940373.41346028,1909221.2934644,41.88427,-87.80244,Not on Scene (Desk R,Urban,1,N,(N/A),Y,(N/A)
2025,2025-07-09,Wednesday,15,03:23 PM,Injury,B Injury Crash,2,0,0,2,0,1,Angle,15,N,N,Failing to Reduce Speed to Avoid Crash,(N/A),Daylight,Clear,Dry,Y,Lake,N Harvey Ave,Lake St/N Harvey Ave,,Traffic Signal,Functioning Properly,N,2,41.888228,-87.7814358,ok,(UNK),None,2503596,2025,0,28,99,50000andOVER,9,4295,Oak Park,C,(UNK),None,16,9,13161190,7,Cook,2,25,None,None,3,N,No,Free Flow,202501216935,None,1,1.00999999,N,,,,(UNK),146973,(N/A),(UNK),No Defects,1,1,Major Collector,5,1405,X003882049,Not Toll,73,3,4,Four Way,14,2946053.18875668,1910822.04243896,41.88822019,-87.78143001,On Scene,Urban,1,N,(N/A),Y,(N/A)
2025,2025-07-02,Wednesday,22,10:54 PM,Property Damage,No Injuries,0,0,0,0,0,2,Sideswipe Same Direction,12,N,N,Improper Lane Usage,Driving Skills/Knowledge/Experience,Darkness / Lighted Road,Clear,Dry,N,(N/A),Harlem,(N/A),600,No Controls,No Controls,Y,2,41.8756221,-87.8045852,ok,(UNK),None,25-01999,2025,0,20,15,50000andOVER,9,4295,Oak Park,C,(UNK),None,16,2,13161419,7,Cook,0,25,None,None,3,N,No,Free Flow,202501217173,None,5,19.95000076,Y,,,,(UNK),147105,(N/A),(UNK),No Defects,1,1,Other Principal Arterial,3,348,X003882261,Not Toll,73,1,1,Divided - w/median (not raised),2,2939876.00500929,1906053.75777243,41.87561428,-87.80457942,On Scene,Urban,1,N,(N/A),Y,(N/A)
2025,2025-06-21,Saturday,1,01:41 AM,Property Damage,No Injuries,0,0,0,0,0,2,Angle,15,N,N,Disregarding Traffic Signals,Failing to Reduce Speed to Avoid Crash,Darkness / Lighted Road,Clear,Dry,Y,North,N Harlem Ave,N Harlem Ave/North Ave,,Traffic Signal,Unknown,N,2,41.9089184,-87.8057865,ok,(UNK),None,202500009396,2025,0,25,28,50000andOVER,9,4295,Oak Park,C,(UNK),None,16,21,13161650,6,Cook,0,25,None,None,6,N,No,Free Flow,202501217398,None,5,17.64999962,Y,W,0.00,M,(UNK),147281,(N/A),(UNK),No Defects,1,1,Other Principal Arterial,3,348,X003882480,Not Toll,73,3,9,Four Way,14,2939214.79047154,1918178.51398561,41.9089105,-87.80578069,On Scene,Urban,1,N,(N/A),Y,(N/A)
2025,2025-07-10,Thursday,7,07:33 AM,Injury,B Injury Crash,1,0,0,1,0,1,Turning,10,N,N,Failing to Yield Right of Way,Failing to Reduce Speed to Avoid Crash,Daylight,Clear,Dry,Y,Roose,S Harlem Ave,Roosevelt Rd/S Harlem Ave,,Traffic Signal,Functioning Properly,N,2,41.8650283,-87.8042158,ok,(UNK),None,2503613,2025,0,2,28,50000andOVER,9,4295,Oak Park,C,(UNK),None,16,10,13161832,7,Cook,2,25,None,None,4,N,No,Free Flow,202501217573,None,1,5.98999977,Y,,,,(UNK),147413,(N/A),(UNK),No Defects,1,1,Other Principal Arterial,3,347,X003882646,Not Toll,52,3,4,Not Divided,1,2940082.92250811,1902195.95107467,41.86502045,-87.80421002,On Scene,Urban,1,N,(N/A),Y,(N/A)
2025,2025-07-10,Thursday,12,12:59 PM,Property Damage,No Injuries,0,0,0,0,0,4,Sideswipe Same Direction,12,N,N,Failing to Yield Right of Way,Failing to Reduce Speed to Avoid Crash,Daylight,Clear,Dry,N,(N/A),Chicago Ave,(N/A),1133,Traffic Signal,Functioning Properly,N,2,41.8942278,-87.8047337,ok,(UNK),None,2503622,2025,0,2,28,50000andOVER,9,4295,Oak Park,C,(UNK),None,16,10,13161833,7,Cook,0,25,None,None,4,N,No,Free Flow,202501217574,None,1,2.57999992,N,,,,(UNK),147414,(N/A),(UNK),No Defects,1,1,Minor Arterial,4,1398,X003882647,Not Toll,73,3,4,Divided - w/median (not raised),2,2939648.84269457,1912832.90781592,41.89422,-87.80472793,On Scene,Urban,1,N,(N/A),Y,(N/A)
2025,2025-07-10,Thursday,12,12:15 PM,Property Damage,No Injuries,0,0,0,0,0,2,Turning,10,N,N,Unable to Determine,Unable to Determine,Daylight,Clear,Dry,Y,N Rid,North Ave,N Ridgeland Ave/North Ave,,Traffic Signal,Functioning Properly,N,2,41.9091645,-87.7833533,ok,(UNK),None,2503620,2025,0,18,18,50000andOVER,9,4295,Oak Park,C,(UNK),None,16,10,13161838,7,Cook,0,25,None,None,4,N,No,Free Flow,202501217577,None,1,7.07000017,Y,,,,(UNK),147417,(N/A),(UNK),No Defects,1,1,Other Principal Arterial,3,307,X003882650,Not Toll,73,3,4,Four Way,14,2945318.98081781,1918437.17515896,41.90915662,-87.78334749,On Scene,Urban,1,N,(N/A),Y,(N/A)
2025,2025-07-05,Saturday,1,01:10 AM,Property Damage,No Injuries,0,0,0,0,0,2,Parked Motor Vehicle,9,N,N,Failing to Reduce Speed to Avoid Crash,Improper Backing,Darkness / Lighted Road,Clear,Dry,N,(N/A),Cuyler Ave,(N/A),,No Controls,No Controls,Y,2,41.8752933,-87.7830744,ok,(UNK),None,2503507,2025,0,28,30,50000andOVER,9,4295,Oak Park,C,(UNK),None,16,5,13161839,7,Cook,0,25,None,None,6,N,No,Free Flow,202501217578,None,5,0,N,N,300,F,(UNK),147418,(N/A),(UNK),No Defects,1,1,Local Road or Street,7,0,X003882651,Not Toll,73,1,1,Not Divided,1,2945737.97857062,1906095.99705998,41.87528551,-87.78306861,On Scene,Urban,1,N,(N/A),Y,(N/A)
2025,2025-07-09,Wednesday,0,00:40 AM,Injury,C Injury Crash,2,0,0,0,2,1,Angle,15,N,N,Under Influence of Alcohol/Drugs,Disregarding Traffic Signals,Darkness / Lighted Road,Rain,Wet,Y,Chica,Harlem Ave,Chicago Ave/Harlem Ave,,Traffic Signal,Functioning Properly,N,2,41.8942279,-87.8052271,ok,(UNK),None,2500804,2025,0,8,25,50000andOVER,9,4295,Oak Park,C,(UNK),None,16,9,13161852,7,Cook,1,25,None,None,3,N,No,Free Flow,202501217581,None,5,18.67000008,Y,,,,(UNK),147419,(N/A),(UNK),No Defects,1,2,Other Principal Arterial,3,348,X003882652,Not Toll,73,3,4,Four Way,14,2939514.50193057,1912829.21041999,41.89422001,-87.80522132,On Scene,Urban,2,N,(N/A),Y,(N/A)
2025,2025-07-10,Thursday,9,09:11 AM,Property Damage,No Injuries,0,0,0,0,0,2,Sideswipe Same Direction,12,N,N,Failing to Reduce Speed to Avoid Crash,Driving Skills/Knowledge/Experience,Daylight,Clear,Dry,N,(N/A),Harlem Ave,(N/A),1 S,Traffic Signal,Functioning Properly,N,2,41.8866442,-87.8049503,ok,(UNK),None,25-02080,2025,0,28,15,50000andOVER,9,4295,Oak Park,C,(UNK),None,16,10,13161878,7,Cook,0,25,None,None,4,N,No,Free Flow,202501217603,None,1,19.19000053,Y,,,,(UNK),147430,(N/A),(UNK),No Defects,1,1,Other Principal Arterial,3,348,X003882672,Not Toll,73,3,4,Divided With Median Barrier,3,2939665.98830577,1910067.67938566,41.8866364,-87.80494447,On Scene,Urban,1,N,(N/A),Y,(N/A)
2025,2025-07-10,Thursday,17,05:06 PM,Property Damage,No Injuries,0,0,0,0,0,2,Front to Rear,11,N,N,Following Too Closely,Driving Skills/Knowledge/Experience,Daylight,Clear,Dry,N,(N/A),Harlem,(N/A),600,No Controls,No Controls,N,2,41.8756658,-87.8045865,ok,(UNK),None,25-02089,2025,0,3,15,50000andOVER,9,4295,Oak Park,C,(UNK),None,16,10,13164588,7,Cook,0,25,None,None,4,N,No,Free Flow,202501220403,None,1,19.95000076,Y,,,,(UNK),149199,(N/A),(UNK),No Defects,1,1,Other Principal Arterial,3,348,X003885195,Not Toll,73,1,1,Divided - w/median (not raised),2,2939875.22045442,1906069.67706603,41.87565799,-87.80458069,On Scene,Urban,1,N,(N/A),Y,(N/A)
2025,2025-07-11,Friday,18,06:27 PM,Property Damage,No Injuries,0,0,0,0,0,2,Turning,10,N,N,Failing to Reduce Speed to Avoid Crash,Driving Skills/Knowledge/Experience,Daylight,Clear,Dry,Y,Madis,N Austin Blvd,Madison St/N Austin Blvd,,No Controls,No Controls,N,2,41.8800133,-87.774671,ok,(UNK),None,2503651,2025,0,28,15,50000andOVER,9,4295,Oak Park,C,(UNK),None,16,11,13166466,7,Cook,0,25,None,None,5,N,No,Free Flow,202501221961,None,1,4.61999989,N,,,,(UNK),150380,(N/A),(UNK),No Defects,1,1,Minor Arterial,4,1419,X003886633,Not Toll,,1,1,Divided - w/median (not raised),2,2947978.76378025,1907879.74205834,41.88000546,-87.7746652,Not on Scene (Desk R,Urban,1,N,(N/A),Y,(N/A)
2025,2025-07-12,Saturday,11,11:45 AM,Property Damage,No Injuries,0,0,0,0,0,1,Parked Motor Vehicle,9,N,N,Failing to Reduce Speed to Avoid Crash,Failing to Yield Right of Way,Daylight,Cloudy/Overcast,Dry,Y,Wisco,Randolph St,Randolph St/Wisconsin Ave,,Stop Sign,Functioning Properly,N,3,41.8832645,-87.8024281,ok,(UNK),None,2503666,2025,0,28,2,50000andOVER,9,4295,Oak Park,C,(UNK),None,16,12,13166469,7,Cook,0,25,None,None,6,N,No,Slow,202501221964,None,1,0,N,E,25,F,(UNK),150381,(N/A),(UNK),No Defects,1,1,Local Road or Street,7,0,X003886636,Not Toll,73,2,4,Not Divided,1,2940386.75251298,1908854.95314108,41.88325664,-87.80242231,On Scene,Urban,8,N,(N/A),Y,(N/A)
2025,2025-07-13,Sunday,15,03:05 PM,Property Damage,No Injuries,0,0,0,0,0,2,Angle,15,N,N,Failing to Reduce Speed to Avoid Crash,Disregarding Yield Sign,Daylight,Clear,Dry,Y,Lexin,S Harlem Ave,Lexington St/S Harlem Ave,,Stop Sign,Functioning Properly,N,2,41.8704892,-87.8043962,ok,(UNK),None,2503689,2025,0,28,22,50000andOVER,9,4295,Oak Park,C,(UNK),None,16,13,13166473,7,Cook,0,25,None,None,7,N,No,Free Flow,202501221968,None,1,20.30999947,Y,,,,(UNK),150383,(N/A),(UNK),No Defects,1,1,Other Principal Arterial,3,348,X003886640,Not Toll,73,2,4,Divided - w/median (not raised),2,2939978.98876934,1904184.64675826,41.87048136,-87.80439042,On Scene,Urban,1,N,(N/A),Y,(N/A)
2025,2025-07-12,Saturday,20,08:06 PM,Property Damage,No Injuries,0,0,0,0,0,2,Sideswipe Same Direction,12,N,N,Improper Turning/No Signal,Unable to Determine,Dusk,Clear,Dry,Y,Madis,S Oak Park Ave,Madison St/S Oak Park Ave,,Traffic Signal,Functioning Properly,Y,2,41.879717,-87.7942754,ok,(UNK),None,2503676,2025,0,6,18,50000andOVER,9,4295,Oak Park,C,(UNK),None,16,12,13166474,7,Cook,0,25,None,None,6,N,No,Slow,202501221969,None,3,3.5999999,N,N,15,F,(UNK),150384,(N/A),(UNK),No Defects,1,1,Minor Arterial,4,1419,X003886641,Not Toll,73,3,4,Not Divided,1,2942642.68863918,1907623.50361183,41.8797092,-87.79426963,On Scene,Urban,1,N,(N/A),Y,(N/A)
2025,2025-07-11,Friday,6,06:27 AM,Property Damage,No Injuries,0,0,0,0,0,2,Front to Rear,11,N,N,Failing to Reduce Speed to Avoid Crash,(N/A),Daylight,Rain,Wet,N,(N/A),Harlem Ave,(N/A),,No Controls,No Controls,N,2,41.8885672,-87.8050614,ok,(UNK),None,2500812,2025,0,28,99,50000andOVER,9,4295,Oak Park,C,(UNK),None,16,11,13166485,7,Cook,0,25,None,None,5,N,No,Slow,202501221971,None,1,6.19000006,N,W,100,F,(UNK),150386,(N/A),(UNK),No Defects,1,2,Major Collector,5,3537,X003886643,Not Toll,73,1,1,Divided - w/median (not raised),2,2939616.44502837,1910767.59761509,41.88855933,-87.80505555,On Scene,Urban,2,N,(N/A),Y,(N/A)