crash_year,crash_date,day_of_week,crash_hour,time_of_crash,crash_severity,crash_injury_severity,total_injured,total_fatals,a_injuries,b_injuries,c_injuries,no_injuries,type_of_first_crash,collision_type_code,pedestrian_involved,pedalcyclist_involved,cause1,cause2,lighting_cond,weather_cond,road_surface_cond,intersection_related,is_intersection,highway_or_street_name,at_intersection_with,address_no,traffic_control_device,traffic_control_device_cond,hit_and_run,number_of_vehicles,latitude,longitude,location_status,access_control,agency_code,agency_report_number,agency_report_year,alignment_code,cause1_code,cause2_code,city_class,city_class_code,city_code,city_name,city_township_flag,class_of_trafficway,class_of_trafficway_code,county_code,crash_day,crash_id,crash_month,crash_report_county,crash_severity_cd,crash_yr_source,damaged_property1,damaged_property2,day_of_week_code,did_crash_occur_in_work_zone,did_involve_secondary_crash,flow_condition,icn,investigating_agency_descrip,light_condition_code,mile_station,nhs,non_intersection_direction,non_intersection_distance,non_intersection_units,number_of_lanes,objectid,railroad_crossing_number,road_alignment,road_defects,road_defects_code,road_surface_condition_code,roadway_functional_class,roadway_functional_class_code,route_number,sfe,toll,township,traffic_control_device_code,traffic_control_device_cond_code,trafficway_descrip,trafficway_description_code,ts_crash_coordinate_x,ts_crash_coordinate_y,ts_crash_latitude,ts_crash_longitude,type_report,urban_rural,weather_code,were_workers_present,work_zone,work_zone_related,work_zone_type
2025,2025-07-11,Friday,8,08:24 AM,Property Damage,No Injuries,0,0,0,0,0,3,Front to Rear,11,N,N,Following Too Closely,Distraction - From Inside Vehicle,Daylight,Clear,Wet,Y,Harle,North Ave,Harlem Ave/North Ave,,Traffic Signal,Functioning Properly,N,2,41.9087863,-87.8057829,ok,(UNK),None,2500813,2025,0,3,41,50000andOVER,9,4295,Oak Park,C,(UNK),None,16,11,13166490,7,Cook,0,25,None,None,5,N,No,Free Flow,202501221976,None,1,5.92000008,Y,W,60,F,(UNK),150390,(N/A),(UNK),No Defects,1,2,Other Principal Arterial,3,307,X003886648,Not Toll,73,3,4,Not Divided,1,2939217.10595357,1918130.42107797,41.90877846,-87.80577706,On Scene,Urban,1,N,(N/A),Y,(N/A)
2025,2025-07-15,Tuesday,14,02:13 PM,Property Damage,No Injuries,0,0,0,0,0,4,Sideswipe Same Direction,12,N,N,Failing to Reduce Speed to Avoid Crash,Following Too Closely,Daylight,Clear,Dry,Y,Super,N Harlem Ave,N Harlem Ave/Superior St,,Stop Sign,Functioning Properly,N,2,41.8930479,-87.8051838,ok,(UNK),None,2503731,2025,0,28,3,50000andOVER,9,4295,Oak Park,C,(UNK),None,16,15,13167250,7,Cook,0,25,None,None,2,N,No,Free Flow,202501222723,None,1,18.75,Y,S,20,F,(UNK),150825,(N/A),(UNK),No Defects,1,1,Other Principal Arterial,3,348,X003887333,Not Toll,73,2,4,Divided - w/median (not raised),2,2939538.13448604,1912399.5290891,41.89304003,-87.80517802,On Scene,Urban,1,N,(N/A),Y,(N/A)
2025,2025-07-15,Tuesday,21,09:50 PM,Property Damage,No Injuries,0,0,0,0,0,1,Parked Motor Vehicle,9,N,N,Improper Backing,Failing to Reduce Speed to Avoid Crash,Darkness / Lighted Road,Clear,Dry,N,(N/A),S Harvey Ave,(N/A),,No Controls,No Controls,Y,2,41.8821785,-87.7812534,ok,(UNK),None,2503741,2025,0,30,28,50000andOVER,9,4295,Oak Park,C,(UNK),None,16,15,13167738,7,Cook,0,25,None,None,2,N,No,Free Flow,202501223158,None,5,0,N,N,150,F,(UNK),151135,(N/A),(UNK),No Defects,1,1,Local Road or Street,7,0,X003887769,Not Toll,73,1,1,Not Divided,1,2946164.17534601,1908618.85968136,41.88217065,-87.78124759,On Scene,Urban,1,N,(N/A),Y,(N/A)
2025,2025-07-14,Monday,10,10:24 AM,Property Damage,No Injuries,0,0,0,0,0,2,Sideswipe Same Direction,12,N,N,Improper Lane Usage,(N/A),Daylight,Clear,Dry,N,(N/A),N Harlem Ave,(N/A),,No Controls,No Controls,N,2,41.8910675,-87.805126,ok,(UNK),None,2500827,2025,0,20,99,50000andOVER,9,4295,Oak Park,C,(UNK),None,16,14,13167747,7,Cook,0,25,None,None,1,N,No,Free Flow,202501223159,None,1,18.87999916,Y,N,100,F,(UNK),151136,(N/A),(UNK),No Defects,1,1,Other Principal Arterial,3,348,X003887770,Not Toll,73,1,1,Divided - w/median (not raised),2,2939573.76156398,1911678.26494362,41.89105962,-87.80512016,On Scene,Urban,1,N,(N/A),Y,(N/A)
2025,2025-07-09,Wednesday,7,07:10 AM,Property Damage,No Injuries,0,0,0,0,0,2,Front to Rear,11,N,N,Following Too Closely,Failing to Reduce Speed to Avoid Crash,Daylight,Clear,Dry,N,(N/A),Eisenhower Expy,(N/A),,No Controls,Functioning Properly,Y,2,41.873481,-87.8042429,ok,Partial Access Control,None,03-25-17178,2025,0,3,28,50000andOVER,9,4295,Oak Park,C,(UNK),None,16,9,13168074,7,Cook,0,25,None,None,3,N,No,(UNK),202501223474,None,1,7.71000004,Y,E,72,F,(UNK),151340,(N/A),(UNK),No Defects,1,1,InterState,1,290,X003888066,Not Toll,73,1,4,Divided With Median Barrier,3,2939990.71475212,1905276.05264858,41.87347314,-87.80423715,Not on Scene (Desk R,Urban,1,N,(N/A),Y,(N/A)
2025,2025-07-09,Wednesday,13,01:30 PM,Property Damage,No Injuries,0,0,0,0,0,3,Front to Rear,11,N,N,Failing to Reduce Speed to Avoid Crash,Following Too Closely,Daylight,Rain,Wet,N,(N/A),I-290 E/B,(N/A),,Other,Functioning Properly,N,2,41.8734918,-87.8043543,ok,Partial Access Control,None,03-25-17194,2025,0,28,3,50000andOVER,9,4295,Oak Park,C,(UNK),None,16,9,13168140,7,Cook,0,25,None,None,3,N,No,(UNK),202501223540,None,1,7.71000004,Y,E,52,F,(UNK),151389,(N/A),(UNK),No Defects,1,2,InterState,1,290,X003888128,Not Toll,73,13,4,Divided With Median Barrier,3,2939960.27436221,1905279.17084511,41.87348399,-87.80434851,On Scene,Urban,2,N,(N/A),Y,(N/A)
2025,2025-07-12,Saturday,17,05:44 PM,Property Damage,No Injuries,0,0,0,0,0,3,Front to Rear,11,N,N,Following Too Closely,Failing to Reduce Speed to Avoid Crash,Daylight,Clear,Dry,N,(N/A),I-290,(N/A),,Other,Functioning Properly,N,3,41.8723799,-87.7892281,ok,Partial Access Control,None,03-25-17571,2025,0,3,28,50000andOVER,9,4295,Oak Park,C,(UNK),None,16,12,13168342,7,Cook,0,25,None,None,6,N,No,(UNK),202501223622,None,1,8.43000031,Y,,,,(UNK),151445,(N/A),(UNK),No Defects,1,1,InterState,1,290,X003888197,Not Toll,73,13,4,Divided With Median Barrier,3,2944091.38206983,1904987.78720247,41.87237209,-87.78922231,On Scene,Urban,1,N,(N/A),Y,(N/A)
2025,2025-07-15,Tuesday,8,08:10 AM,Property Damage,No Injuries,0,0,0,0,0,3,Front to Rear,11,N,N,Following Too Closely,Failing to Reduce Speed to Avoid Crash,Daylight,Clear,Dry,N,(N/A),I-290 E/B,(N/A),,Other,Functioning Properly,N,2,41.8712409,-87.7790336,ok,Partial Access Control,None,03-25-17800,2025,0,3,28,50000andOVER,9,4295,Oak Park,C,(UNK),None,16,15,13168932,7,Cook,0,25,None,None,2,N,No,(UNK),202501224095,None,1,8.97000027,Y,E,50,F,(UNK),151801,(N/A),(UNK),No Defects,1,1,InterState,1,290,X003888636,Not Toll,73,13,4,Divided With Median Barrier,3,2946879.63145324,1904649.82321049,41.87123308,-87.77902781,On Scene,Urban,1,N,(N/A),Y,(N/A)
2025,2025-07-15,Tuesday,18,06:01 PM,Injury,C Injury Crash,1,0,0,0,1,2,Pedalcyclist,2,N,Y,Disregarding Stop Sign,(N/A),Daylight,Clear,Dry,Y,Gunde,Fillmore St,Fillmore St/Gunderson Ave,,Stop Sign,Functioning Properly,N,1,41.8671027,-87.7864695,ok,(UNK),None,2503737,2025,0,23,99,50000andOVER,9,4295,Oak Park,C,(UNK),None,16,15,13169075,7,Cook,1,25,None,None,2,N,No,Slow,202501224221,None,1,0,N,,,,(UNK),151894,(N/A),(UNK),No Defects,1,1,Local Road or Street,7,0,X003888762,Not Toll,73,2,4,Four Way,14,2944896.11017873,1903085.49190473,41.86709483,-87.78646367,On Scene,Urban,1,N,(N/A),Y,(N/A)
2025,2025-07-11,Friday,20,08:25 PM,Property Damage,No Injuries,0,0,0,0,0,2,Front to Rear,11,N,N,Failing to Reduce Speed to Avoid Crash,Following Too Closely,Darkness / Lighted Road,Clear,Dry,N,(N/A),I-290 W/B,(N/A),,No Controls,No Controls,N,2,41.8728303,-87.7958452,ok,Partial Access Control,None,03-25-17485,2025,0,28,3,50000andOVER,9,4295,Oak Park,C,(UNK),None,16,11,13169096,7,Cook,0,25,None,None,5,N,No,(UNK),202501224238,None,5,8.10000038,Y,W,.1,M,(UNK),151909,(N/A),(UNK),No Defects,1,1,InterState,1,290,X003888780,Not Toll,73,1,1,Divided With Median Barrier,3,2942284.53030303,1905102.03297683,41.87282246,-87.79583942,On Scene,Urban,1,N,(N/A),Y,(N/A)
2025,2025-07-16,Wednesday,11,11:48 AM,Property Damage,No Injuries,0,0,0,0,0,2,Front to Rear,11,N,N,Following Too Closely,Failing to Reduce Speed to Avoid Crash,Daylight,Clear,Dry,N,(N/A),Oak Park Ave,(N/A),,Traffic Signal,Functioning Properly,N,2,41.8799302,-87.7942823,ok,(UNK),None,2503752,2025,0,3,28,50000andOVER,9,4295,Oak Park,C,(UNK),None,16,16,13169551,7,Cook,0,25,None,None,3,N,No,Slow,202501224656,None,1,6.1500001,N,N,50,F,(UNK),152214,(N/A),(UNK),No Defects,1,1,Major Collector,5,2775,X003889198,Not Toll,73,3,4,Divided - w/median (not raised),2,2942638.65642126,1907701.11916568,41.87992232,-87.79427655,On Scene,Urban,1,N,(N/A),Y,(N/A)
2025,2025-07-12,Saturday,13,01:45 PM,Property Damage,No Injuries,0,0,0,0,0,2,Turning,10,N,N,Improper Turning/No Signal,Unable to Determine,Daylight,Clear,Dry,Y,(UNK),Harlem Ave,(UNK)/Harlem Ave,700,Traffic Signal,Functioning Properly,Y,2,41.8736416,-87.8045258,ok,Partial Access Control,None,25-02113,2025,0,6,18,50000andOVER,9,4295,Oak Park,C,(UNK),None,16,12,13170193,7,Cook,0,25,None,None,6,N,No,Stopped,202501225146,None,1,0.23999999,Y,,,,(UNK),152609,(N/A),(UNK),No Defects,1,1,InterState,1,290,X003889676,Not Toll,73,3,4,Divided - w/median (not raised),2,2939912.062394,1905332.46992192,41.87363377,-87.80452,Not on Scene (Desk R,Urban,1,N,(N/A),Y,(N/A)
2025,2025-07-17,Thursday,9,09:32 AM,Property Damage,No Injuries,0,0,0,0,0,1,Parked Motor Vehicle,9,N,N,Failing to Yield Right of Way,Failing to Reduce Speed to Avoid Crash,Daylight,Cloudy/Overcast,Dry,N,(N/A),Carpenter Ave,(N/A),,No Controls,No Controls,N,2,41.8741315,-87.7960509,ok,(UNK),None,2503773,2025,0,2,28,50000andOVER,9,4295,Oak Park,C,(UNK),None,16,17,13171019,7,Cook,0,25,None,None,4,N,No,Slow,202501225887,None,1,0,N,N,25,F,(UNK),153132,(N/A),(UNK),No Defects,1,1,Local Road or Street,7,0,X003890422,Not Toll,73,1,1,Not Divided,1,2942215.40071464,1905574.65403906,41.87412363,-87.79604512,On Scene,Urban,8,N,(N/A),Y,(N/A)
2025,2025-07-17,Thursday,0,00:24 AM,Property Damage,No Injuries,0,0,0,0,0,1,Parked Motor Vehicle,9,N,N,Failing to Reduce Speed to Avoid Crash,Cell Phone Use Other Than Texting,Darkness / Lighted Road,Clear,Dry,N,(N/A),Washington Blvd,(N/A),119,No Controls,No Controls,N,2,41.8820492,-87.7787099,ok,(UNK),None,2503769,2025,0,28,45,50000andOVER,9,4295,Oak Park,C,(UNK),None,16,17,13171020,7,Cook,0,25,None,None,4,N,No,Free Flow,202501225888,None,5,1.34000003,N,,,,(UNK),153133,(N/A),(UNK),No Defects,1,1,Major Collector,5,5,X003890423,Not Toll,73,1,1,Not Divided,1,2946858.16105262,1908590.99625846,41.8820413,-87.77870409,On Scene,Urban,1,N,(N/A),Y,(N/A)
2025,2025-07-16,Wednesday,19,07:15 PM,Injury,B Injury Crash,1,0,0,1,0,1,Pedalcyclist,2,N,Y,Failing to Yield Right of Way,(N/A),Daylight,Clear,Dry,N,(N/A),Forest Ave,(N/A),178,No Controls,No Controls,Y,1,41.8903862,-87.8002225,ok,(UNK),None,2503765,2025,0,2,99,50000andOVER,9,4295,Oak Park,C,(UNK),None,16,16,13172308,7,Cook,2,25,None,None,3,N,Yes,Free Flow,202501227070,None,1,0.44,N,,,,(UNK),153988,(N/A),(UNK),No Defects,1,1,Local Road or Street,7,1405,X003891603,Not Toll,73,1,1,Divided - w/median (not raised),2,2940915.79922685,1911466.80315355,41.89037835,-87.80021665,On Scene,Urban,1,N,(N/A),Y,(N/A)
2025,2025-07-17,Thursday,13,01:39 PM,Property Damage,No Injuries,0,0,0,0,0,2,Turning,10,N,N,Following Too Closely,Improper Lane Usage,Daylight,Clear,Dry,Y,Ontar,N Harlem Ave,N Harlem Ave/Ontario St,,Traffic Signal,No Controls,N,2,41.8905579,-87.8051151,ok,(UNK),None,2500839,2025,0,3,20,50000andOVER,9,4295,Oak Park,C,(UNK),None,16,17,13172316,7,Cook,0,25,None,None,4,N,No,Slow,202501227071,None,1,18.92000008,Y,,,,(UNK),153989,(N/A),(UNK),No Defects,1,1,Other Principal Arterial,3,348,X003891604,Not Toll,73,3,1,T-Intersection,15,2939581.84383676,1911492.63456282,41.89055001,-87.80510926,On Scene,Urban,1,N,(N/A),Y,(N/A)
2025,2025-07-11,Friday,22,10:50 PM,Property Damage,No Injuries,0,0,0,0,0,2,Sideswipe Same Direction,12,N,N,Failing to Reduce Speed to Avoid Crash,Improper Lane Usage,Darkness / Lighted Road,Rain,Dry,N,(N/A),I-290,(N/A),,Other,Functioning Properly,N,2,41.8718722,-87.7834132,ok,Partial Access Control,None,03-25-17497,2025,0,28,20,50000andOVER,9,4295,Oak Park,C,(UNK),None,16,11,13174760,7,Cook,0,25,None,None,5,N,No,(UNK),202501229317,None,5,8.75,Y,E,199,F,(UNK),155694,(N/A),(UNK),No Defects,1,1,InterState,1,290,X003893827,Not Toll,73,13,4,Divided With Median Barrier,3,2945680.3342246,1904846.68538324,41.87186431,-87.78340742,On Scene,Urban,2,N,(N/A),Y,(N/A)
2025,2025-07-15,Tuesday,15,03:52 PM,Property Damage,No Injuries,0,0,0,0,0,2,Front to Rear,11,N,N,Following Too Closely,Failing to Reduce Speed to Avoid Crash,Daylight,Clear,Dry,N,(N/A),I-290 W/B,(N/A),,Other Regualtory Sig,Functioning Properly,N,2,41.8731837,-87.7987629,ok,Partial Access Control,None,03-25-17841,2025,0,3,28,50000andOVER,9,4295,Oak Park,C,(UNK),None,16,15,13174786,7,Cook,0,25,None,None,2,N,No,(UNK),202501229338,None,1,0.01,Y,E,131,F,(UNK),155718,(N/A),(UNK),No Defects,1,1,InterState,1,290,X003893846,Not Toll,,10,4,Divided With Median Barrier,3,2941486.30163011,1905208.86580918,41.87318369,-87.79876285,On Scene,Urban,1,N,(N/A),Y,(N/A)
2025,2025-07-18,Friday,7,07:05 AM,Injury,B Injury Crash,1,0,0,1,0,1,Turning,10,N,N,Failing to Yield Right of Way,(N/A),Daylight,Clear,Dry,N,(N/A),Roosevelt Rd,(N/A),,No Controls,No Controls,Y,2,41.8651678,-87.7944307,ok,(UNK),None,2503795,2025,0,2,99,50000andOVER,9,4295,Oak Park,C,(UNK),None,16,18,13175582,7,Cook,2,25,None,None,5,N,No,Free Flow,202501230196,None,1,6.48999977,Y,W,200,F,(UNK),156241,(N/A),(UNK),No Defects,1,1,Other Principal Arterial,3,347,X003894590,Not Toll,52,1,1,Not Divided,1,2942747.01163613,1902320.3282896,41.86515995,-87.7944249,On Scene,Urban,1,N,(N/A),Y,(N/A)
2025,2025-07-19,Saturday,13,01:14 PM,Injury,B Injury Crash,2,0,0,2,0,3,Front to Rear,11,N,N,Failing to Reduce Speed to Avoid Crash,Failing to Yield Right of Way,Daylight,Clear,Wet,Y,East,Washington Blvd,East Ave/Washington Blvd,,Traffic Signal,Functioning Properly,Y,2,41.8816381,-87.7894012,ok,(UNK),None,2503829,2025,0,28,2,50000andOVER,9,4295,Oak Park,C,(UNK),None,16,19,13175585,7,Cook,2,25,None,None,6,N,No,Free Flow,202501230199,None,1,0.79000002,N,,,,(UNK),156242,(N/A),(UNK),No Defects,1,2,Major Collector,5,5,X003894593,Not Toll,73,3,4,Divided - w/median (not raised),2,2943950.72868679,1908360.31207674,41.88163022,-87.78939543,On Scene,Urban,1,N,(N/A),Y,(N/A)
2025,2025-07-19,Saturday,10,10:49 AM,Property Damage,No Injuries,0,0,0,0,0,2,Sideswipe Same Direction,12,N,N,Failing to Reduce Speed to Avoid Crash,Unable to Determine,Daylight,Clear,Dry,N,(N/A),N Harlem Ave,(N/A),,No Controls,No Controls,N,2,41.9086434,-87.805775,ok,(UNK),None,2503827,2025,0,28,18,50000andOVER,9,4295,Oak Park,C,(UNK),None,16,19,13175586,7,Cook,0,25,None,None,6,N,No,Free Flow,202501230201,None,1,17.67000008,Y,S,40,F,(UNK),156243,(N/A),(UNK),No Defects,1,1,Other Principal Arterial,3,348,X003894594,Not Toll,73,1,1,Not Divided,1,2939220.68440783,1918078.39091682,41.90863552,-87.80576918,On Scene,Urban,1,N,(N/A),Y,(N/A)
2025,2025-07-20,Sunday,1,01:03 AM,Property Damage,No Injuries,0,0,0,0,0,2,Parked Motor Vehicle,9,N,N,Failing to Reduce Speed to Avoid Crash,(N/A),Darkness / Lighted Road,Clear,Dry,N,(N/A),S Harvey Ave,(N/A),,No Controls,No Controls,Y,2,41.8867798,-87.7813884,ok,(UNK),None,2503844,2025,0,28,99,50000andOVER,9,4295,Oak Park,C,(UNK),None,16,20,13175587,7,Cook,0,25,None,None,7,N,No,Free Flow,202501230202,None,5,0,N,S,100,F,(UNK),156244,(N/A),(UNK),No Defects,1,1,Local Road or Street,7,0,X003894595,Not Toll,73,1,1,Not Divided,1,2946080.76306244,1910294.63030935,41.88677193,-87.78138265,On Scene,Urban,1,N,(N/A),Y,(N/A)
2025,2025-07-20,Sunday,15,03:01 PM,Property Damage,No Injuries,0,0,0,0,0,1,Parked Motor Vehicle,9,N,N,Failing to Reduce Speed to Avoid Crash,Unable to Determine,Daylight,Clear,Dry,N,(N/A),North Ave,(N/A),,No Controls,No Controls,Y,2,41.9089089,-87.8013827,ok,(UNK),None,2503857,2025,0,28,18,50000andOVER,9,4295,Oak Park,C,(UNK),None,16,20,13175592,7,Cook,0,25,None,None,7,N,No,Free Flow,202501230207,None,1,6.1500001,Y,W,70,F,(UNK),156248,(N/A),(UNK),No Defects,1,1,Other Principal Arterial,3,307,X003894600,Not Toll,73,1,1,Divided With Median Barrier,3,2940413.68352919,1918208.10693569,41.90890103,-87.80137685,Not on Scene (Desk R,Urban,1,N,(N/A),Y,(N/A)
2025,2025-07-18,Friday,14,02:35 PM,Injury,B Injury Crash,1,0,0,1,0,2,Pedestrian,1,Y,N,Failing to Yield Right of Way,Vision Obscured,Daylight,Clear,Dry,Y,N Rid,Lake St,Lake St/N Ridgeland Ave,,Traffic Signal,Functioning Properly,N,1,41.8883279,-87.7846969,ok,(UNK),None,2503813,2025,0,2,14,50000andOVER,9,4295,Oak Park,C,(UNK),None,16,18,13175594,7,Cook,2,25,None,None,5,N,No,Slow,202501230209,None,1,0.93000001,N,,,,(UNK),156249,(N/A),(UNK),No Defects,1,1,Major Collector,5,2783,X003894602,Not Toll,73,3,4,Four Way,14,2945164.16947643,1910833.76008817,41.88832007,-87.78469109,On Scene,Urban,1,N,(N/A),Y,(N/A)
2025,2025-07-21,Monday,8,08:44 AM,Property Damage,No Injuries,0,0,0,0,0,3,Front to Rear,11,N,N,Following Too Closely,Failing to Reduce Speed to Avoid Crash,Daylight,Clear,Dry,N,(N/A),S Ridgeland Ave,(N/A),839,Traffic Signal,Functioning Properly,N,2,41.8734742,-87.7842489,ok,(UNK),None,2503871,2025,0,3,28,50000andOVER,9,4295,Oak Park,C,(UNK),None,16,21,13175597,7,Cook,0,25,None,None,1,N,No,Free Flow,202501230212,None,1,1.97000003,N,,,,(UNK),156250,(N/A),(UNK),No Defects,1,1,Major Collector,5,2783,X003894605,Not Toll,73,3,4,Divided - w/median (not raised),2,2945436.49805672,1905424.16928793,41.87346633,-87.78424312,On Scene,Urban,1,N,(N/A),Y,(N/A)
2025,2025-07-21,Monday,9,09:50 AM,Property Damage,No Injuries,0,0,0,0,0,2,Sideswipe Same Direction,12,N,N,Improper Lane Usage,Failing to Reduce Speed to Avoid Crash,Daylight,Clear,Dry,N,(N/A),Madison,(N/A),,No Controls,No Controls,N,2,41.8799023,-87.789622,ok,(UNK),None,2503874,2025,0,20,28,50000andOVER,9,4295,Oak Park,C,(UNK),None,16,21,13175598,7,Cook,0,25,None,None,1,N,No,Slow,202501250614,None,1,3.83999991,N,W,75,F,(UNK),156251,(N/A),(UNK),No Defects,1,1,Minor Arterial,4,1419,X003894606,Not Toll,73,1,1,Not Divided,1,2943908.14612624,1907726.11576135,41.8798945,-87.78961616,Not on Scene (Desk R,Urban,1,N,(N/A),Y,(N/A)
2025,2025-07-19,Saturday,13,01:30 PM,Property Damage,No Injuries,0,0,0,0,0,2,Front to Rear,11,N,N,Failing to Reduce Speed to Avoid Crash,Following Too Closely,Daylight,Rain,Wet,N,(N/A),I-290 E/B,(N/A),,Other,Functioning Properly,Y,2,41.8734709,-87.80414,ok,Partial Access Control,None,03-25-18390,2025,0,28,3,50000andOVER,9,4295,Oak Park,C,(UNK),None,16,19,13175640,7,Cook,0,25,None,None,6,N,No,(UNK),202501230246,None,1,7.71999979,Y,E,89,F,(UNK),156273,(N/A),(UNK),No Defects,1,2,InterState,1,290,X003894641,Not Toll,73,13,4,Divided With Median Barrier,3,2940018.85711983,1905273.1698526,41.87346311,-87.80413419,Not on Scene (Desk R,Urban,2,N,(N/A),Y,(N/A)
2025,2025-07-22,Tuesday,14,02:28 PM,Property Damage,No Injuries,0,0,0,0,0,2,Front to Rear,11,N,N,Following Too Closely,Distraction - From Inside Vehicle,Daylight,Clear,Dry,Y,Harle,Garfield St,Garfield St/Harlem Ave,,Traffic Signal,Functioning Properly,N,2,41.87231,-87.8044659,ok,(UNK),None,2503908,2025,0,3,41,50000andOVER,9,4295,Oak Park,C,(UNK),None,16,22,13177244,7,Cook,0,25,None,None,2,N,No,Slow,202501231778,None,1,20.18000031,Y,E,25,F,(UNK),157266,(N/A),(UNK),No Defects,1,1,Other Principal Arterial,3,348,X003896041,Not Toll,73,3,4,Divided - w/median (not raised),2,2939941.73917192,1904847.66118026,41.87230217,-87.8044601,On Scene,Urban,1,N,(N/A),Y,(N/A)
2025,2025-07-23,Wednesday,13,01:55 PM,Property Damage,No Injuries,0,0,0,0,0,2,Front to Rear,11,N,N,Following Too Closely,Failing to Reduce Speed to Avoid Crash,Daylight,Clear,Dry,N,(N/A),I-290 W/B,(N/A),,Other Regualtory Sig,Functioning Properly,Y,2,41.8737541,-87.8042708,ok,Partial Access Control,None,03-25-18613,2025,0,3,28,50000andOVER,9,4295,Oak Park,C,(UNK),None,16,23,13177972,7,Cook,0,25,None,None,3,N,No,(UNK),202501232503,None,1,7.71999979,Y,E,72,F,(UNK),157752,(N/A),(UNK),No Defects,1,1,InterState,1,290,X003896724,Not Toll,73,10,4,Divided With Median Barrier,3,2939980.3917894,1905375.35890657,41.87374622,-87.80426498,On Scene,Urban,1,N,(N/A),Y,(N/A)
2025,2025-06-26,Thursday,15,03:59 PM,Property Damage,No Injuries,0,0,0,0,0,2,Angle,15,N,N,Failing to Yield Right of Way,Failing to Reduce Speed to Avoid Crash,Daylight,Clear,Dry,Y,Berks,Mapleton Ave,Berkshire St/Mapleton Ave,,Stop Sign,Functioning Properly,N,2,41.903829,-87.7815152,ok,(UNK),None,2503345,2025,0,2,28,50000andOVER,9,4295,Oak Park,C,(UNK),None,16,26,13178256,6,Cook,0,25,None,None,4,N,No,Free Flow,202501232768,None,1,0,N,,,,(UNK),157947,(N/A),(UNK),No Defects,1,1,Local Road or Street,7,0,X003896993,Not Toll,73,2,4,Not Divided,1,2945873.43053288,1916506.73699666,41.90382115,-87.78150941,On Scene,Urban,1,N,(N/A),Y,(N/A)
2025,2025-07-24,Thursday,5,05:44 AM,Injury,C Injury Crash,1,0,0,0,1,1,Angle,15,N,N,Failing to Yield Right of Way,(N/A),Daylight,Clear,Dry,N,(N/A),Washington Blvd,(N/A),1032,No Controls,No Controls,N,2,41.881477,-87.8011636,ok,(UNK),None,2503943,2025,0,2,99,50000andOVER,9,4295,Oak Park,C,(UNK),None,16,24,13178625,7,Cook,1,25,None,None,4,N,No,Free Flow,202501233056,None,1,0.18000001,N,,,,(UNK),158165,(N/A),(UNK),No Defects,1,1,Major Collector,5,5,X003897260,Not Toll,73,1,1,Not Divided,1,2940749.06315901,1908213.04731489,41.88146913,-87.80115784,On Scene,Urban,1,N,(N/A),Y,(N/A)
2025,2025-07-23,Wednesday,10,10:39 AM,Property Damage,No Injuries,0,0,0,0,0,2,Turning,10,N,N,Failing to Yield Right of Way,Unable to Determine,Daylight,Clear,Dry,N,(N/A),Harlem Ave,(N/A),161,Stop Sign,Functioning Properly,N,2,41.8835298,-87.8048611,ok,(UNK),None,25-02225,2025,0,2,18,50000andOVER,9,4295,Oak Park,C,(UNK),None,16,23,13178699,7,Cook,0,25,None,None,3,N,No,Free Flow,202501233130,None,1,19.40999985,Y,,,,(UNK),158205,(N/A),(UNK),No Defects,1,1,Other Principal Arterial,3,348,X003897326,Not Toll,73,2,4,Not Divided,1,2939721.51899684,1908933.37741891,41.88352193,-87.80485532,On Scene,Urban,1,N,(N/A),Y,(N/A)
2025,2025-07-22,Tuesday,9,09:56 AM,Injury,C Injury Crash,2,0,0,0,2,2,Turning,10,N,N,Improper Turning/No Signal,Improper Overtaking/Passing,Daylight,Clear,Dry,Y,Circl,Harlem Ave,Circle Ave/Harlem Ave,,Traffic Signal,Functioning Properly,N,2,41.8865703,-87.8049459,ok,(UNK),None,25-02209,2025,0,6,4,50000andOVER,9,4295,Oak Park,C,(UNK),None,16,22,13178701,7,Cook,1,25,None,None,2,N,No,Slow,202501233132,None,1,19.20000076,Y,,,,(UNK),158206,(N/A),(UNK),No Defects,1,1,Other Principal Arterial,3,348,X003897328,Not Toll,73,3,4,Divided With Median Barrier,3,2939667.9298142,1910040.74724766,41.88656241,-87.80494007,On Scene,Urban,1,N,(N/A),Y,(N/A)
2025,2025-07-23,Wednesday,17,05:41 PM,Injury,B Injury Crash,1,0,0,1,0,1,Pedalcyclist,2,N,Y,Failing to Reduce Speed to Avoid Crash,Following Too Closely,Daylight,Clear,Dry,N,(N/A),Chicago Ave,(N/A),,No Controls,No Controls,Y,1,41.8944557,-87.7916136,ok,(UNK),None,2503931,2025,0,28,3,50000andOVER,9,4295,Oak Park,C,(UNK),None,16,23,13178791,7,Cook,2,25,None,None,3,N,No,Free Flow,202501233224,None,1,3.25999999,N,W,100,F,(UNK),158258,(N/A),(UNK),No Defects,1,1,Minor Arterial,4,1398,X003897413,Not Toll,73,1,1,Divided - w/median (not raised),2,2943218.88180024,1913014.62408162,41.8944479,-87.79160778,On Scene,Urban,1,N,(N/A),Y,(N/A)