crash_year,crash_date,day_of_week,crash_hour,time_of_crash,crash_severity,crash_injury_severity,total_injured,total_fatals,a_injuries,b_injuries,c_injuries,no_injuries,type_of_first_crash,collision_type_code,pedestrian_involved,pedalcyclist_involved,cause1,cause2,lighting_cond,weather_cond,road_surface_cond,intersection_related,is_intersection,highway_or_street_name,at_intersection_with,address_no,traffic_control_device,traffic_control_device_cond,hit_and_run,number_of_vehicles,latitude,longitude,location_status,access_control,agency_code,agency_report_number,agency_report_year,alignment_code,cause1_code,cause2_code,city_class,city_class_code,city_code,city_name,city_township_flag,class_of_trafficway,class_of_trafficway_code,county_code,crash_day,crash_id,crash_month,crash_report_county,crash_severity_cd,crash_yr_source,damaged_property1,damaged_property2,day_of_week_code,did_crash_occur_in_work_zone,did_involve_secondary_crash,flow_condition,icn,investigating_agency_descrip,light_condition_code,mile_station,nhs,non_intersection_direction,non_intersection_distance,non_intersection_units,number_of_lanes,objectid,railroad_crossing_number,road_alignment,road_defects,road_defects_code,road_surface_condition_code,roadway_functional_class,roadway_functional_class_code,route_number,sfe,toll,township,traffic_control_device_code,traffic_control_device_cond_code,trafficway_descrip,trafficway_description_code,ts_crash_coordinate_x,ts_crash_coordinate_y,ts_crash_latitude,ts_crash_longitude,type_report,urban_rural,weather_code,were_workers_present,work_zone,work_zone_related,work_zone_type
2025,2025-07-23,Wednesday,8,08:00 AM,Property Damage,No Injuries,0,0,0,0,0,1,Parked Motor Vehicle,9,N,N,Failing to Reduce Speed to Avoid Crash,(N/A),Daylight,Clear,Dry,N,(N/A),Wisconsin Ave,(N/A),,No Controls,No Controls,Y,2,41.8827633,-87.8024134,ok,(UNK),None,2503935,2025,0,28,99,50000andOVER,9,4295,Oak Park,C,(UNK),None,16,23,13178792,7,Cook,0,25,None,None,3,N,No,Free Flow,202501233225,None,1,0,N,S,150,F,(UNK),158259,(N/A),(UNK),No Defects,1,1,Local Road or Street,7,0,X003897414,Not Toll,73,1,1,Not Divided,1,2940395.78231831,1908672.42313431,41.88275545,-87.80240763,Not on Scene (Desk R,Urban,1,N,(N/A),Y,(N/A)
2025,2025-07-10,Thursday,17,05:57 PM,Injury,B Injury Crash,1,0,0,1,0,2,Front to Rear,11,N,N,Failing to Reduce Speed to Avoid Crash,(N/A),Daylight,Clear,Unknown,N,(N/A),Division St,(N/A),750,Traffic Signal,Functioning Properly,N,2,41.9017246,-87.7944459,ok,(UNK),None,2503629,2025,0,28,99,50000andOVER,9,4295,Oak Park,C,(UNK),None,16,10,13179601,7,Cook,2,25,None,None,4,N,No,Free Flow,202501233964,None,1,1.55999994,N,,,,(UNK),158756,(N/A),(UNK),Unknown,99,9,Major Collector,5,1394,X003898144,Not Toll,73,3,4,Not Divided,1,2942374.41171284,1915642.20567476,41.9017168,-87.79444013,On Scene,Urban,1,N,(N/A),N,(N/A)
2025,2025-07-18,Friday,8,08:00 AM,Property Damage,No Injuries,0,0,0,0,0,2,Front to Rear,11,N,N,Failing to Reduce Speed to Avoid Crash,Following Too Closely,Daylight,Clear,Dry,N,(N/A),Eisenhower Expy,(N/A),,Other,Functioning Properly,N,2,41.8726019,-87.7936252,ok,Partial Access Control,None,03-25-18088,2025,0,28,3,50000andOVER,9,4295,Oak Park,C,(UNK),None,16,18,13179703,7,Cook,0,25,None,None,5,N,No,(UNK),202501234045,None,1,8.21000004,Y,E,88,F,(UNK),158805,(N/A),(UNK),No Defects,1,1,InterState,1,290,X003898221,Not Toll,73,13,4,Divided With Median Barrier,3,2942891.5,1905035.5,41.87259401,-87.7936194,On Scene,Urban,1,N,(N/A),Y,(N/A)
2025,2025-07-24,Thursday,15,03:22 PM,Property Damage,No Injuries,0,0,0,0,0,2,Front to Rear,11,N,N,Failing to Yield Right of Way,Driving Skills/Knowledge/Experience,Daylight,Clear,Dry,N,(N/A),S Ridgeland Ave,(N/A),,Traffic Signal,Functioning Properly,N,2,41.87262,-87.78418,ok,(UNK),None,2503958,2025,0,2,15,50000andOVER,9,4295,Oak Park,C,(UNK),None,16,24,13179868,7,Cook,0,25,None,None,4,N,No,Free Flow,202501234205,None,1,0,N,,,,(UNK),158897,(N/A),(UNK),No Defects,1,1,Major Collector,5,0,X003898354,Not Toll,,3,4,Divided - w/median (not raised),2,2945463.9140564,1905113.41461838,41.87262,-87.78418,Not on Scene (Desk R,Urban,1,N,(N/A),Y,(N/A)
2025,2025-07-09,Wednesday,8,08:54 AM,Property Damage,No Injuries,0,0,0,0,0,1,Fixed Object,6,N,N,Disregarding Stop Sign,Driving Skills/Knowledge/Experience,Daylight,Clear,Dry,Y,Adams,Cuyler Ave,Adams/Cuyler Ave,,Stop Sign,Functioning Properly,N,1,41.8781265,-87.7831703,ok,(UNK),None,2503589,2025,0,23,15,50000andOVER,9,4295,Oak Park,C,(UNK),None,16,9,13179896,7,Cook,0,25,543 S CUYLER,None,3,N,Yes,Free Flow,202501234230,None,1,0,N,N,200,F,(UNK),158911,(N/A),(UNK),No Defects,1,1,Local Road or Street,7,0,X003898377,Not Toll,73,2,4,Not Divided,1,2945683.17973725,1907127.72432031,41.87811866,-87.78316448,On Scene,Urban,1,N,(N/A),Y,(N/A)
2025,2025-07-26,Saturday,16,04:02 PM,Property Damage,No Injuries,0,0,0,0,0,1,Parked Motor Vehicle,9,N,N,Failing to Reduce Speed to Avoid Crash,Unable to Determine,Daylight,Clear,Dry,N,(N/A),Madison St,(N/A),,No Controls,No Controls,Y,2,41.8797023,-87.7985884,ok,(UNK),None,2503991,2025,0,28,18,50000andOVER,9,4295,Oak Park,C,(UNK),None,16,26,13181572,7,Cook,0,25,None,None,6,N,No,Slow,202501235842,None,1,3.38000011,N,E,25,F,(UNK),160108,(N/A),(UNK),No Defects,1,1,Minor Arterial,4,1419,X003899978,Not Toll,73,1,1,Divided - w/median (not raised),2,2941468.24611056,1907585.66236895,41.87969442,-87.79858258,On Scene,Urban,1,N,(N/A),Y,(N/A)
2025,2025-07-27,Sunday,15,03:01 PM,Property Damage,No Injuries,0,0,0,0,0,2,Sideswipe Same Direction,12,N,N,Failing to Yield Right of Way,Unable to Determine,Daylight,Clear,Dry,N,(N/A),Harlem Ave,(N/A),,Traffic Signal,Functioning Properly,N,2,41.8813879,-87.8047835,ok,(UNK),None,25-02286,2025,0,2,18,50000andOVER,9,4295,Oak Park,C,(UNK),None,16,27,13183710,7,Cook,0,25,None,None,7,N,No,Slow,202501237649,None,1,19.55999947,Y,,,,(UNK),161513,(N/A),(UNK),No Defects,1,1,Other Principal Arterial,3,348,X003901729,Not Toll,73,3,4,Divided - w/median (not raised),2,2939764.14322556,1908153.41983574,41.88138005,-87.80477772,On Scene,Urban,1,N,(N/A),Y,(N/A)
2025,2025-07-23,Wednesday,15,03:00 PM,Property Damage,No Injuries,0,0,0,0,0,3,Front to Rear,11,N,N,Following Too Closely,Failing to Reduce Speed to Avoid Crash,Daylight,Clear,Dry,N,(N/A),I-290,(N/A),,Other Regualtory Sig,Functioning Properly,N,2,41.8715235,-87.7789428,ok,Partial Access Control,None,03-25-18618,2025,0,3,28,50000andOVER,9,4295,Oak Park,C,(UNK),None,16,23,13183805,7,Cook,0,25,None,None,3,N,No,(UNK),202501237741,None,1,8.97000027,Y,E,80,F,(UNK),161582,(N/A),(UNK),No Defects,1,1,InterState,1,290,X003901820,Not Toll,73,10,4,Divided With Median Barrier,3,2946901.5,1904753.5,41.87151569,-87.77893699,On Scene,Urban,1,N,(N/A),Y,(N/A)
2025,2025-07-14,Monday,16,04:45 PM,Property Damage,No Injuries,0,0,0,0,0,5,Sideswipe Same Direction,12,N,N,Improper Overtaking/Passing,Failing to Reduce Speed to Avoid Crash,Daylight,Clear,Dry,N,(N/A),Eisenhower Expy,(N/A),,Other,Functioning Properly,N,5,41.8723567,-87.7889385,ok,Partial Access Control,None,03-25-17736,2025,0,4,28,50000andOVER,9,4295,Oak Park,C,(UNK),None,16,14,13184043,7,Cook,0,25,None,None,1,N,No,(UNK),202501237976,None,1,8.46000004,Y,E,75,F,(UNK),161753,(N/A),(UNK),No Defects,1,1,InterState,1,290,X003902048,Not Toll,73,13,4,Divided With Median Barrier,3,2944170.5,1904981.5,41.87234884,-87.78893269,On Scene,Urban,1,N,(N/A),Y,(N/A)
2025,2025-07-25,Friday,12,12:06 PM,Injury,B Injury Crash,3,0,0,3,0,1,Front to Rear,11,N,N,Failing to Reduce Speed to Avoid Crash,Following Too Closely,Daylight,Cloudy/Overcast,Unknown,N,(N/A),N Harlem Ave,(N/A),,Traffic Signal,Unknown,N,2,41.8866419,-87.8049501,ok,(UNK),None,2503972,2025,0,28,3,50000andOVER,9,4295,Oak Park,C,(UNK),None,16,25,13184113,7,Cook,2,25,None,None,5,N,No,Slow,202501238044,None,1,19.19000053,Y,S,50,F,(UNK),161794,(N/A),(UNK),Unknown,99,9,Other Principal Arterial,3,348,X003902109,Not Toll,73,3,9,Divided - w/median (not raised),2,2939666.0506986,1910066.81391825,41.88663402,-87.80494433,Not on Scene (Desk R,Urban,8,N,(N/A),N,(N/A)
2025,2025-07-26,Saturday,8,08:45 AM,Property Damage,No Injuries,0,0,0,0,0,1,Parked Motor Vehicle,9,N,N,Failing to Reduce Speed to Avoid Crash,Unable to Determine,Daylight,Cloudy/Overcast,Unknown,N,(N/A),S Maple Ave,(N/A),,No Controls,No Controls,Y,2,41.885287,-87.8040402,ok,(UNK),None,2503983,2025,0,28,18,50000andOVER,9,4295,Oak Park,C,(UNK),None,16,26,13184115,7,Cook,0,25,None,None,6,N,No,Slow,202501238046,None,1,0,N,S,50,F,(UNK),161796,(N/A),(UNK),Unknown,99,9,Local Road or Street,7,0,X003902111,Not Toll,73,1,1,Not Divided,1,2939927.43463758,1909579.88464502,41.88527912,-87.80403441,On Scene,Urban,8,N,(N/A),N,(N/A)
2025,2025-07-26,Saturday,16,04:46 PM,Property Damage,No Injuries,0,0,0,0,0,5,Turning,10,N,N,Failing to Yield Right of Way,Failing to Reduce Speed to Avoid Crash,Daylight,Clear,Dry,N,(N/A),N Harlem Ave,(N/A),727,Traffic Signal,Functioning Properly,N,2,41.8928072,-87.8051793,ok,(UNK),None,2503992,2025,0,2,28,50000andOVER,9,4295,Oak Park,C,(UNK),None,16,26,13184116,7,Cook,0,25,None,None,6,N,No,Free Flow,202501238048,None,1,18.77000046,Y,,,,(UNK),161797,(N/A),(UNK),No Defects,1,1,Other Principal Arterial,3,348,X003902112,Not Toll,73,3,4,Divided - w/median (not raised),2,2939541.77244722,1912311.84054826,41.89279931,-87.80517353,On Scene,Urban,1,N,(N/A),Y,(N/A)
2025,2025-07-27,Sunday,16,04:08 PM,Property Damage,No Injuries,0,0,0,0,0,3,Angle,15,N,N,Failing to Yield Right of Way,Failing to Reduce Speed to Avoid Crash,Daylight,Clear,Dry,Y,Erie,Linden Ave,Erie St/Linden Ave,,Stop Sign,Functioning Properly,N,2,41.8916259,-87.7912243,ok,(UNK),None,2504004,2025,0,2,28,50000andOVER,9,4295,Oak Park,C,(UNK),None,16,27,13184118,7,Cook,0,25,None,None,7,N,No,Free Flow,202501238050,None,1,0,N,,,,(UNK),161799,(N/A),(UNK),No Defects,1,1,Local Road or Street,7,0,X003902114,Not Toll,73,2,4,Divided - w/median (not raised),2,2943353.4499684,1911986.3073694,41.89161804,-87.79121846,On Scene,Urban,1,N,(N/A),Y,(N/A)
2025,2025-07-22,Tuesday,21,09:19 PM,Property Damage,No Injuries,0,0,0,0,0,1,Parked Motor Vehicle,9,N,N,(N/A),(N/A),Darkness / Lighted Road,Clear,Dry,N,(N/A),S Ridgeland Ave,(N/A),1021,No Controls,No Controls,Y,2,41.8697845,-87.7841226,ok,(UNK),None,2503913,2025,0,99,99,50000andOVER,9,4295,Oak Park,C,(UNK),None,16,22,13184119,7,Cook,0,25,VILLAGE OF OP TREE,None,2,N,No,Free Flow,202501238051,None,5,2.22000003,N,,,,(UNK),161800,(N/A),(UNK),No Defects,1,1,Major Collector,5,2783,X003902115,Not Toll,73,1,1,Not Divided,1,2945508.25258108,1904080.53316427,41.86977663,-87.78411678,On Scene,Urban,1,N,(N/A),Y,(N/A)
2025,2025-07-26,Saturday,11,11:32 AM,Property Damage,No Injuries,0,0,0,0,0,1,Fixed Object,6,N,N,Failing to Reduce Speed to Avoid Crash,Driving Skills/Knowledge/Experience,Daylight,Cloudy/Overcast,Dry,Y,N Har,South Blvd,N Harlem Ave/South Blvd,,Traffic Signal,Functioning Properly,N,1,41.8867116,-87.8049543,ok,(UNK),None,2503984,2025,0,28,15,50000andOVER,9,4295,Oak Park,C,(UNK),None,16,26,13184122,7,Cook,0,25,BRIDGE I-BEAM,None,6,N,No,Slow,202501238055,None,1,19.19000053,Y,,,,(UNK),161801,(N/A),(UNK),No Defects,1,1,Other Principal Arterial,3,348,X003902118,Not Toll,73,3,4,Divided With Median Barrier,3,2939664.22163503,1910092.18534328,41.88670373,-87.80494848,On Scene,Urban,8,N,(N/A),Y,(N/A)
2025,2025-07-26,Saturday,15,03:39 PM,Property Damage,No Injuries,0,0,0,0,0,3,Front to Rear,11,N,N,Following Too Closely,Failing to Reduce Speed to Avoid Crash,Daylight,Clear,Dry,Y,N Ken,Chicago Ave,Chicago Ave/N Kenilworth Ave,,Traffic Signal,Functioning Properly,N,2,41.8943579,-87.7976646,ok,(UNK),None,2503990,2025,0,3,28,50000andOVER,9,4295,Oak Park,C,(UNK),None,16,26,13184123,7,Cook,0,25,None,None,6,N,No,Stopped,202501238056,None,1,2.94000006,N,,,,(UNK),161802,(N/A),(UNK),No Defects,1,1,Minor Arterial,4,1398,X003902119,Not Toll,73,3,4,Divided - w/median (not raised),2,2941572.30387507,1912933.3914401,41.89435004,-87.79765881,On Scene,Urban,1,N,(N/A),Y,(N/A)
2025,2025-07-26,Saturday,22,10:22 PM,Property Damage,No Injuries,0,0,0,0,0,4,Angle,15,N,N,Failing to Yield Right of Way,Failing to Reduce Speed to Avoid Crash,Darkness / Lighted Road,Clear,Dry,Y,S Rid,Fillmore St,Fillmore St/S Ridgeland Ave,,Stop Sign,Functioning Properly,N,2,41.8671378,-87.7840163,ok,(UNK),None,2503995,2025,0,2,28,50000andOVER,9,4295,Oak Park,C,(UNK),None,16,26,13184124,7,Cook,0,25,LIGHT POLE,None,6,N,Yes,Free Flow,202501238057,None,5,2.41000009,N,,,,(UNK),161803,(N/A),(UNK),No Defects,1,1,Major Collector,5,2783,X003902120,Not Toll,73,2,4,Divided - w/median (not raised),2,2945563.98230669,1903116.85334052,41.86712999,-87.78401051,On Scene,Urban,1,N,(N/A),Y,(N/A)
2025,2025-07-27,Sunday,0,00:04 AM,Property Damage,No Injuries,0,0,0,0,0,2,Front to Rear,11,N,N,Following Too Closely,Failing to Reduce Speed to Avoid Crash,Darkness / Lighted Road,Clear,Dry,N,(N/A),I-290 W/B,(N/A),,Other Regualtory Sig,Functioning Properly,Y,2,41.8713275,-87.775871,ok,Partial Access Control,None,03-25-19002,2025,0,3,28,50000andOVER,9,4295,Oak Park,C,(UNK),None,16,27,13184481,7,Cook,0,25,None,None,7,N,No,(UNK),202501238522,None,5,9.13000011,Y,N,457,F,(UNK),162043,(N/A),(UNK),No Defects,1,1,InterState,1,290,X003902442,Not Toll,73,10,4,Divided With Median Barrier,3,2947740.17716837,1904705.37027966,41.87131967,-87.77586518,Not on Scene (Desk R,Urban,1,N,(N/A),Y,(N/A)
2025,2025-07-29,Tuesday,13,01:39 PM,Property Damage,No Injuries,0,0,0,0,0,1,Parked Motor Vehicle,9,N,N,Improper Overtaking/Passing,Failing to Reduce Speed to Avoid Crash,Daylight,Clear,Dry,N,(N/A),Home Ave,(N/A),,Traffic Signal,Functioning Properly,N,2,41.8807862,-87.7998995,ok,(UNK),None,2504044,2025,0,4,28,50000andOVER,9,4295,Oak Park,C,(UNK),None,16,29,13185486,7,Cook,0,25,None,None,2,N,No,Free Flow,202501239545,None,1,0,N,S,250,F,(UNK),162663,(N/A),(UNK),No Defects,1,1,Local Road or Street,7,0,X003903319,Not Toll,73,3,4,Not Divided,1,2941100.27488482,1907970.81717576,41.88077837,-87.7998937,On Scene,Urban,1,N,(N/A),Y,(N/A)
2025,2025-07-26,Saturday,22,10:15 PM,Property Damage,No Injuries,0,0,0,0,0,6,Front to Rear,11,N,N,Failing to Reduce Speed to Avoid Crash,Following Too Closely,Darkness / Lighted Road,Clear,Dry,N,(N/A),I-290,(N/A),,Other,Functioning Properly,N,3,41.8712418,-87.7745072,ok,Partial Access Control,None,03-25-18943,2025,0,28,3,50000andOVER,9,4295,Oak Park,C,(UNK),None,16,26,13186847,7,Cook,0,25,None,None,6,N,No,(UNK),202501240950,None,5,9.19999981,Y,,,,(UNK),163536,(N/A),(UNK),No Defects,1,1,InterState,1,290,X003904575,Not Toll,73,13,4,Divided With Median Barrier,3,2948112.5,1904684.5,41.87123399,-87.77450144,On Scene,Urban,1,N,(N/A),Y,(N/A)
2025,2025-07-27,Sunday,16,04:13 PM,Property Damage,No Injuries,0,0,0,0,0,1,Parked Motor Vehicle,9,N,N,Following Too Closely,Driving Skills/Knowledge/Experience,Daylight,Clear,Dry,N,(N/A),Maple,(N/A),,No Controls,No Controls,Y,2,41.8650688,-87.8033641,ok,(UNK),None,2504051,2025,0,3,15,50000andOVER,9,4295,Oak Park,C,(UNK),None,16,27,13187018,7,Cook,0,25,None,None,7,N,No,Free Flow,202501241101,None,1,0,Y,N,120,F,(UNK),163654,(N/A),(UNK),No Defects,1,1,Other Principal Arterial,3,0,X003904725,Not Toll,73,1,1,Not Divided,1,2940314.53363042,1902217.10190426,41.86506096,-87.80335827,On Scene,Urban,1,N,(N/A),Y,(N/A)
2025,2025-07-30,Wednesday,18,06:29 PM,Property Damage,No Injuries,0,0,0,0,0,2,Angle,15,N,N,Improper Lane Usage,(N/A),Daylight,Clear,Dry,Y,Cuyle,Washington Blvd,Cuyler/Washington Blvd,,No Controls,No Controls,N,2,41.8817578,-87.7828656,ok,(UNK),None,2504072,2025,0,20,99,50000andOVER,9,4295,Oak Park,C,(UNK),None,16,30,13187021,7,Cook,0,25,None,None,3,N,No,Stopped,202501241103,None,1,1.12,N,,,,(UNK),163655,(N/A),(UNK),No Defects,1,1,Major Collector,5,5,X003904727,Not Toll,73,1,1,Divided - w/median (not raised),2,2945729.39203764,1908453.36024985,41.88175,-87.78285976,Not on Scene (Desk R,Urban,1,N,(N/A),Y,(N/A)
2025,2025-07-27,Sunday,20,08:23 PM,Injury,B Injury Crash,2,0,0,2,0,2,Parked Motor Vehicle,9,N,N,Failing to Reduce Speed to Avoid Crash,Unable to Determine,Daylight,Clear,Dry,N,(N/A),S Oak Park Ave,(N/A),,No Controls,No Controls,N,4,41.8718877,-87.7939818,ok,(UNK),None,2504007,2025,0,28,18,50000andOVER,9,4295,Oak Park,C,(UNK),None,16,27,13187791,7,Cook,2,25,None,None,7,N,Yes,Free Flow,202501241965,None,1,6.69999981,N,S,40,F,(UNK),164104,(N/A),(UNK),No Defects,1,1,Major Collector,5,2775,X003905368,Not Toll,73,1,1,Divided - w/median (not raised),2,2942801.56039221,1904772.55787951,41.87187984,-87.79397604,On Scene,Urban,1,N,(N/A),Y,(N/A)
2025,2025-07-31,Thursday,8,08:10 AM,Property Damage,No Injuries,0,0,0,0,0,2,Turning,10,N,N,Improper Lane Usage,Failing to Reduce Speed to Avoid Crash,Daylight,Clear,Dry,N,(N/A),North Ave,(N/A),6445,No Controls,No Controls,N,2,41.9091255,-87.7870951,ok,(UNK),None,2504081,2025,0,20,28,50000andOVER,9,4295,Oak Park,C,(UNK),None,16,31,13188366,7,Cook,0,25,None,None,4,N,No,Free Flow,202501242304,None,1,6.88000011,Y,,,,(UNK),164478,(N/A),(UNK),No Defects,1,1,Other Principal Arterial,3,307,X003905900,Not Toll,73,1,1,Divided - w/median (not raised),2,2944300.80018702,1918394.68802492,41.90911768,-87.78708929,On Scene,Urban,1,N,(N/A),Y,(N/A)
2025,2025-07-31,Thursday,19,07:14 PM,Property Damage,No Injuries,0,0,0,0,0,1,Parked Motor Vehicle,9,N,N,(N/A),(N/A),Daylight,Clear,Dry,N,(N/A),Washington Blvd,(N/A),266,No Controls,No Controls,Y,2,41.8817677,-87.7820693,ok,(UNK),None,2504104,2025,0,99,99,50000andOVER,9,4295,Oak Park,C,(UNK),None,16,31,13188369,7,Cook,0,25,None,None,4,N,No,Free Flow,202501242307,None,1,1.15999997,N,,,,(UNK),164479,(N/A),(UNK),No Defects,1,1,Major Collector,5,5,X003905903,Not Toll,73,1,1,Not Divided,1,2945946.13771552,1908462.97113577,41.88175984,-87.78206351,On Scene,Urban,1,N,(N/A),Y,(N/A)
2025,2025-07-18,Friday,11,11:40 AM,Property Damage,No Injuries,0,0,0,0,0,2,Front to Rear,11,N,N,Failing to Reduce Speed to Avoid Crash,Following Too Closely,Daylight,Clear,Dry,N,(N/A),Eisenhower Expy,(N/A),,Other,Functioning Properly,N,2,41.8713143,-87.7757659,ok,Partial Access Control,None,03-25-18104,2025,0,28,3,50000andOVER,9,4295,Oak Park,C,(UNK),None,16,18,13188398,7,Cook,0,25,None,None,5,N,No,(UNK),202501242329,None,1,9.13000011,Y,W,406,F,(UNK),164491,(N/A),(UNK),No Defects,1,1,InterState,1,290,X003905925,Not Toll,73,13,4,Divided With Median Barrier,3,2947768.93035056,1904701.3684997,41.8713065,-87.77576011,On Scene,Urban,1,N,(N/A),Y,(N/A)
2025,2025-07-31,Thursday,13,01:19 PM,Property Damage,No Injuries,0,0,0,0,0,1,Parked Motor Vehicle,9,N,N,Failing to Reduce Speed to Avoid Crash,(N/A),Daylight,Clear,Dry,N,(N/A),Washington Blvd,(N/A),48,No Controls,No Controls,Y,2,41.88209,-87.77667,ok,(UNK),None,2504092,2025,0,28,99,50000andOVER,9,4295,Oak Park,C,(UNK),None,16,31,13188437,7,Cook,0,25,None,None,4,N,No,Free Flow,202501242363,None,1,1.44000006,N,,,,(UNK),164514,(N/A),(UNK),No Defects,1,1,Major Collector,5,5,X003905961,Not Toll,,1,1,Not Divided,1,2947413.26927599,1908621.35508571,41.88209,-87.77667,Not on Scene (Desk R,Urban,1,N,(N/A),Y,(N/A)
2025,2025-07-31,Thursday,19,07:00 PM,Property Damage,No Injuries,0,0,0,0,0,2,Sideswipe Same Direction,12,N,N,Improper Overtaking/Passing,(N/A),Daylight,Clear,Dry,N,(N/A),N Harlem Ave,(N/A),417,Traffic Signal,Functioning Properly,N,2,41.8877314,-87.8049958,ok,(UNK),None,2504103,2025,0,4,99,50000andOVER,9,4295,Oak Park,C,(UNK),None,16,31,13188457,7,Cook,0,25,None,None,4,N,No,Free Flow,202501242380,None,1,19.12000084,Y,,,,(UNK),164522,(N/A),(UNK),No Defects,1,1,Other Principal Arterial,3,348,X003905978,Not Toll,73,3,4,Not Divided,1,2939642.68086109,1910463.53252165,41.8877236,-87.80499,On Scene,Urban,1,N,(N/A),Y,(N/A)
2025,2025-07-31,Thursday,17,05:35 PM,Property Damage,No Injuries,0,0,0,0,0,4,Turning,10,N,N,Failing to Yield Right of Way,Failing to Reduce Speed to Avoid Crash,Daylight,Clear,Dry,Y,N Elm,Lake St,Lake St/N Elmwood Ave,,Stop Sign,Functioning Properly,Y,2,41.88833,-87.78633,ok,(UNK),None,2504100,2025,0,2,28,50000andOVER,9,4295,Oak Park,C,(UNK),None,16,31,13188490,7,Cook,0,25,None,None,4,N,No,Free Flow,202501242413,None,1,0,N,,,,(UNK),164540,(N/A),(UNK),No Defects,1,1,(UNK),0,0,X003906010,No Toll,,2,4,Four Way,14,2944719.44495356,1910822.17415551,41.88833,-87.78633,On Scene,Rural,1,N,(N/A),Y,(N/A)
2025,2025-07-20,Sunday,0,00:20 AM,Property Damage,No Injuries,0,0,0,0,0,2,Front to Rear,11,N,N,Following Too Closely,(N/A),Darkness / Lighted Road,Clear,Dry,N,(N/A),Eisenhower Expy,(N/A),,Other,Functioning Properly,N,2,41.8731375,-87.7983223,ok,Partial Access Control,None,03-25-18499,2025,0,3,99,50000andOVER,9,4295,Oak Park,C,(UNK),None,16,20,13188612,7,Cook,0,25,None,None,7,N,No,(UNK),202501242529,None,5,7.98000002,Y,E,50,F,(UNK),164610,(N/A),(UNK),No Defects,1,1,InterState,1,290,X003906121,Not Toll,73,13,4,Divided With Median Barrier,3,2941606.7697596,1905195.33917095,41.87312964,-87.79831646,Not on Scene (Desk R,Urban,1,N,(N/A),Y,(N/A)
2025,2025-07-29,Tuesday,19,07:24 PM,Property Damage,No Injuries,0,0,0,0,0,1,Parked Motor Vehicle,9,N,N,Failing to Reduce Speed to Avoid Crash,Unable to Determine,Daylight,Clear,Dry,N,(N/A),Ontario St,(N/A),1125,No Controls,No Controls,Y,2,41.89052,-87.80393,ok,(UNK),None,2504053,2025,0,28,18,50000andOVER,9,4295,Oak Park,C,(UNK),None,16,29,13188663,7,Cook,0,25,None,None,2,N,No,Stopped,202501242571,None,1,0,N,,,,(UNK),164640,(N/A),(UNK),No Defects,1,1,Local Road or Street,7,0,X003906159,Not Toll,,1,1,Parking Lot,7,2939904.90983188,1911487.72736116,41.89052,-87.80393,On Scene,Urban,1,N,(N/A),Y,(N/A)
2025,2025-08-01,Friday,9,09:22 AM,Property Damage,No Injuries,0,0,0,0,0,2,Front to Rear,11,N,N,Failing to Reduce Speed to Avoid Crash,Driving Skills/Knowledge/Experience,Daylight,Clear,Dry,N,(N/A),S Harlem Ave,(N/A),215,Traffic Signal,Functioning Properly,N,2,41.8829244,-87.8048436,ok,(UNK),None,2504111,2025,0,28,15,50000andOVER,9,4295,Oak Park,C,(UNK),None,16,1,13189619,8,Cook,0,25,None,None,5,N,No,Free Flow,202501243507,None,1,19.45000076,Y,,,,(UNK),165268,(N/A),(UNK),No Defects,1,1,Other Principal Arterial,3,348,X003907048,Not Toll,73,3,4,Divided - w/median (not raised),2,2939732.35747711,1908712.89436344,41.88291654,-87.80483783,On Scene,Urban,1,N,(N/A),Y,(N/A)
2025,2025-07-26,Saturday,2,02:57 AM,Injury,B Injury Crash,2,0,0,2,0,4,Front to Rear,11,N,N,Evasive Action Due to Animal / Object / Non-Motorist,Failing to Reduce Speed to Avoid Crash,Darkness / Lighted Road,Clear,Wet,N,(N/A),Eisenhower Expy,(N/A),,Other,Functioning Properly,N,4,41.8723945,-87.7928531,ok,Partial Access Control,None,03-25-18865,2025,0,32,28,50000andOVER,9,4295,Oak Park,C,(UNK),None,16,26,13189892,7,Cook,2,25,None,None,6,N,No,(UNK),202501243762,None,5,8.25,Y,E,100,F,(UNK),165464,(N/A),(UNK),No Defects,1,2,InterState,1,290,X003907305,Not Toll,73,13,4,Divided With Median Barrier,3,2943103.88388108,1904965.76183574,41.87238668,-87.79284732,On Scene,Urban,1,N,(N/A),Y,(N/A)
2025,2025-08-02,Saturday,18,06:57 PM,Property Damage,No Injuries,0,0,0,0,0,2,Front to Rear,11,N,N,Following Too Closely,Vision Obscured,Daylight,Clear,Dry,N,(N/A),Harlem,(N/A),500,No Controls,No Controls,N,2,41.8776774,-87.8046512,ok,(UNK),None,25-02368,2025,0,3,14,50000andOVER,9,4295,Oak Park,C,(UNK),None,16,2,13190774,8,Cook,0,25,None,None,6,N,No,Slow,202501244597,None,1,19.80999947,Y,,,,(UNK),166088,(N/A),(UNK),No Defects,1,1,Other Principal Arterial,3,348,X003908149,Not Toll,73,1,1,Not Divided,1,2939837.40835323,1906802.25479702,41.87766959,-87.80464542,On Scene,Urban,1,N,(N/A),Y,(N/A)