crash_year,crash_date,day_of_week,crash_hour,time_of_crash,crash_severity,crash_injury_severity,total_injured,total_fatals,a_injuries,b_injuries,c_injuries,no_injuries,type_of_first_crash,collision_type_code,pedestrian_involved,pedalcyclist_involved,cause1,cause2,lighting_cond,weather_cond,road_surface_cond,intersection_related,is_intersection,highway_or_street_name,at_intersection_with,address_no,traffic_control_device,traffic_control_device_cond,hit_and_run,number_of_vehicles,latitude,longitude,location_status,access_control,agency_code,agency_report_number,agency_report_year,alignment_code,cause1_code,cause2_code,city_class,city_class_code,city_code,city_name,city_township_flag,class_of_trafficway,class_of_trafficway_code,county_code,crash_day,crash_id,crash_month,crash_report_county,crash_severity_cd,crash_yr_source,damaged_property1,damaged_property2,day_of_week_code,did_crash_occur_in_work_zone,did_involve_secondary_crash,flow_condition,icn,investigating_agency_descrip,light_condition_code,mile_station,nhs,non_intersection_direction,non_intersection_distance,non_intersection_units,number_of_lanes,objectid,railroad_crossing_number,road_alignment,road_defects,road_defects_code,road_surface_condition_code,roadway_functional_class,roadway_functional_class_code,route_number,sfe,toll,township,traffic_control_device_code,traffic_control_device_cond_code,trafficway_descrip,trafficway_description_code,ts_crash_coordinate_x,ts_crash_coordinate_y,ts_crash_latitude,ts_crash_longitude,type_report,urban_rural,weather_code,were_workers_present,work_zone,work_zone_related,work_zone_type
2025,2025-08-03,Sunday,14,02:25 PM,Injury,C Injury Crash,2,0,0,0,2,2,Front to Rear,11,N,N,Failing to Reduce Speed to Avoid Crash,Equipment-Vehicle Condition,Daylight,Clear,Dry,N,(N/A),I-290,(N/A),,Other,Functioning Properly,Y,3,41.8732407,-87.7992454,ok,Partial Access Control,None,03-25-19805,2025,0,28,10,50000andOVER,9,4295,Oak Park,C,(UNK),None,16,3,13191177,8,Cook,1,25,None,None,7,N,No,(UNK),202501244989,None,1,7.94000006,Y,W,0,M,(UNK),166360,(N/A),(UNK),No Defects,1,1,InterState,1,290,X003908541,Not Toll,73,13,4,Divided With Median Barrier,3,2941354.30865258,1905226.02595773,41.87323289,-87.79923956,On Scene,Urban,1,N,(N/A),Y,(N/A)
2025,2025-08-04,Monday,7,07:49 AM,Property Damage,No Injuries,0,0,0,0,0,3,Rear to Front,18,N,N,Improper Backing,Failing to Reduce Speed to Avoid Crash,Daylight,Clear,Dry,Y,Madis,Harlem Ave,Harlem Ave/Madison St,,Traffic Signal,Functioning Properly,N,2,41.8796692,-87.8047358,ok,(UNK),None,25-02390,2025,0,30,28,50000andOVER,9,4295,Oak Park,C,(UNK),None,16,4,13191753,8,Cook,0,25,None,None,1,N,No,Free Flow,202501245532,None,1,19.68000031,Y,,,,(UNK),166759,(N/A),(UNK),No Defects,1,1,Other Principal Arterial,3,348,X003909093,Not Toll,73,3,4,Divided - w/median (not raised),2,2939794.38125896,1907527.45816981,41.87966137,-87.80473002,On Scene,Urban,1,N,(N/A),Y,(N/A)
2025,2025-08-01,Friday,13,01:24 PM,Property Damage,No Injuries,0,0,0,0,0,3,Turning,10,N,N,Failing to Yield Right of Way,Failing to Reduce Speed to Avoid Crash,Daylight,Clear,Dry,Y,Ontar,N Oak Park Ave,N Oak Park Ave/Ontario St,,Stop Sign,Functioning Properly,N,2,41.89018,-87.7946,ok,(UNK),None,2504117,2025,0,2,28,50000andOVER,9,4295,Oak Park,C,(UNK),None,16,1,13191976,8,Cook,0,25,None,None,5,N,No,Free Flow,202501245647,None,1,0,N,,,,(UNK),166905,(N/A),(UNK),No Defects,1,1,Major Collector,5,0,X003909209,Not Toll,,2,4,Divided - w/median (not raised),2,2942448.8442952,1911433.95529796,41.89018,-87.7946,On Scene,Urban,1,N,(N/A),Y,(N/A)
2025,2025-08-01,Friday,18,06:44 PM,Property Damage,No Injuries,0,0,0,0,0,5,Pedestrian,1,Y,N,Failing to Reduce Speed to Avoid Crash,(N/A),Dusk,Clear,Dry,N,(N/A),Washington Bl,(N/A),,No Controls,No Controls,N,2,41.88151,-87.79698,ok,(UNK),None,2504124,2025,0,28,99,50000andOVER,9,4295,Oak Park,C,(UNK),None,16,1,13191979,8,Cook,0,25,None,None,5,N,No,Free Flow,202501245649,None,3,0,N,E,120,F,(UNK),166906,(N/A),(UNK),No Defects,1,1,Major Collector,5,0,X003909211,Not Toll,,1,1,Not Divided,1,2941888.07392727,1908256.53103586,41.88151,-87.79698,On Scene,Urban,1,N,(N/A),Y,(N/A)
2025,2025-08-04,Monday,9,09:50 AM,Property Damage,No Injuries,0,0,0,0,0,5,Front to Rear,11,N,N,Failing to Reduce Speed to Avoid Crash,Following Too Closely,Daylight,Clear,Dry,N,(N/A),I-290 Eb,(N/A),,Other,Functioning Properly,N,2,41.8733901,-87.8033103,ok,Partial Access Control,None,03-25-19869,2025,0,28,3,50000andOVER,9,4295,Oak Park,C,(UNK),None,16,4,13192069,8,Cook,0,25,None,None,1,N,No,(UNK),202501245735,None,1,7.76000023,Y,S,333,F,(UNK),166959,(N/A),(UNK),No Defects,1,1,InterState,1,290,X003909297,Not Toll,73,13,4,Divided With Median Barrier,3,2940245.65223919,1905249.93783234,41.87338228,-87.80330449,On Scene,Urban,1,N,(N/A),Y,(N/A)
2025,2025-08-02,Saturday,21,09:44 PM,Property Damage,No Injuries,0,0,0,0,0,2,Front to Rear,11,N,N,Following Too Closely,Failing to Reduce Speed to Avoid Crash,Darkness / Lighted Road,Clear,Dry,N,(N/A),I 290,(N/A),,No Controls,No Controls,N,2,41.8712388,-87.7744927,ok,Partial Access Control,None,03-25-19752,2025,0,3,28,50000andOVER,9,4295,Oak Park,C,(UNK),None,16,2,13192231,8,Cook,0,25,None,None,6,N,No,(UNK),202501245883,None,5,9.18999958,Y,W,75,F,(UNK),167059,(N/A),(UNK),No Defects,1,1,InterState,1,290,X003909437,Not Toll,73,1,1,Divided With Median Barrier,3,2948116.5,1904683.5,41.87123094,-87.77448687,On Scene,Urban,1,N,(N/A),Y,(N/A)
2025,2025-07-28,Monday,13,01:42 PM,Property Damage,No Injuries,0,0,0,0,0,3,Front to Rear,11,N,N,Failing to Reduce Speed to Avoid Crash,Following Too Closely,Daylight,Clear,Dry,Y,Jacks,Harlem,Harlem/Jackson,,Traffic Signal,Functioning Properly,Y,3,41.8759848,-87.804596,ok,(UNK),None,25-02301,2025,0,28,3,50000andOVER,9,4295,Oak Park,C,(UNK),None,16,28,13192789,7,Cook,0,25,None,None,1,N,Yes,Slow,202501246414,None,1,19.93000031,Y,,,,(UNK),167464,(N/A),(UNK),No Defects,1,1,Other Principal Arterial,3,348,X003909963,Not Toll,73,3,4,Divided - w/median (not raised),2,2939869.430301,1906185.8566792,41.875977,-87.8045902,Not on Scene (Desk R,Urban,1,N,(N/A),Y,(N/A)
2025,2025-08-04,Monday,11,11:45 AM,Injury,C Injury Crash,2,0,0,0,2,0,Angle,15,N,N,Failing to Yield Right of Way,Failing to Reduce Speed to Avoid Crash,Daylight,Clear,Dry,Y,Fillm,S Ridgeland Ave,Fillmore St/S Ridgeland Ave,,Stop Sign,Functioning Properly,N,2,41.8671378,-87.7840158,ok,(UNK),None,2504174,2025,0,2,28,50000andOVER,9,4295,Oak Park,C,(UNK),None,16,4,13193057,8,Cook,1,25,None,None,1,N,No,Free Flow,202501246620,None,1,2.41000009,N,,,,(UNK),167609,(N/A),(UNK),No Defects,1,1,Major Collector,5,2783,X003910172,Not Toll,73,2,4,Divided - w/median (not raised),2,2945564.13200867,1903116.86041489,41.86713,-87.78400996,On Scene,Urban,1,N,(N/A),Y,(N/A)
2025,2025-08-03,Sunday,14,02:56 PM,Injury,B Injury Crash,1,0,0,1,0,1,Parked Motor Vehicle,9,N,N,Equipment-Vehicle Condition,Driving Skills/Knowledge/Experience,Daylight,Clear,Dry,N,(N/A),Rooselvelt Rd,(N/A),,No Controls,No Controls,N,3,41.8653754,-87.780547,ok,(UNK),None,25-06267,2025,0,10,15,50000andOVER,9,4295,Oak Park,C,(UNK),None,16,3,13193307,8,Cook,2,25,None,None,7,N,Yes,Free Flow,202501246853,None,1,7.21999979,Y,W,80,F,(UNK),167748,(N/A),(UNK),No Defects,1,1,Other Principal Arterial,3,347,X003910403,Not Toll,52,1,1,Divided - w/median (not raised),2,2946526.85248615,1902500.83567518,41.86536751,-87.78054125,On Scene,Urban,1,N,(N/A),Y,(N/A)
2025,2025-08-04,Monday,8,08:54 AM,Injury,B Injury Crash,1,0,0,1,0,1,Pedestrian,1,Y,N,Failing to Yield Right of Way,Driving Skills/Knowledge/Experience,Daylight,Clear,Dry,Y,South,S Ridgeland Ave,S Ridgeland Ave/South Blvd,,Traffic Signal,Functioning Properly,N,1,41.88694,-87.78463,ok,(UNK),None,2504167,2025,0,2,15,50000andOVER,9,4295,Oak Park,C,(UNK),None,16,4,13193808,8,Cook,2,25,None,None,1,N,No,Free Flow,202501247355,None,1,1.02999997,N,,,,(UNK),168066,(N/A),(UNK),No Defects,1,1,Major Collector,5,2783,X003910859,Not Toll,,3,4,Two-way Continuous Left-Turn Lane,4,2945196.43067976,1910328.48451731,41.88694,-87.78463,On Scene,Urban,1,N,(N/A),Y,(N/A)
2025,2025-08-04,Monday,9,09:50 AM,Property Damage,No Injuries,0,0,0,0,0,1,Fixed Object,6,N,N,Failing to Reduce Speed to Avoid Crash,Driving Skills/Knowledge/Experience,Daylight,Clear,Dry,N,(N/A),S Ridgeland Ave,(N/A),,No Controls,No Controls,N,1,41.8871194,-87.7846543,ok,(UNK),None,2504172,2025,0,28,15,50000andOVER,9,4295,Oak Park,C,(UNK),None,16,4,13193810,8,Cook,0,25,BRIDGE/VIADUCT,None,1,N,No,(UNK),202501247357,None,1,1.01999998,N,N,50,F,(UNK),168067,(N/A),(UNK),No Defects,1,1,Major Collector,5,2783,X003910861,Not Toll,73,1,1,Not Divided,1,2945188.00602582,1910393.69040927,41.88711159,-87.78464847,On Scene,Urban,1,N,(N/A),Y,(N/A)
2025,2025-08-05,Tuesday,2,02:18 AM,Property Damage,No Injuries,0,0,0,0,0,2,Turning,10,N,N,Improper Turning/No Signal,Improper Lane Usage,Darkness / Lighted Road,Clear,Dry,N,(N/A),Harlem Ave,(N/A),,No Controls,No Controls,N,2,41.8940936,-87.8052228,ok,(UNK),None,2500917,2025,0,6,20,50000andOVER,9,4295,Oak Park,C,(UNK),None,16,5,13194403,8,Cook,0,25,None,None,2,N,No,Free Flow,202501247835,None,5,18.68000031,Y,S,50,F,(UNK),168446,(N/A),(UNK),No Defects,1,1,Other Principal Arterial,3,348,X003911342,Not Toll,73,1,1,Two-way Continuous Left-Turn Lane,4,2939517.04080123,1912780.30769235,41.89408572,-87.80521695,On Scene,Urban,1,N,(N/A),Y,(N/A)
2025,2025-07-22,Tuesday,7,07:22 AM,Property Damage,No Injuries,0,0,0,0,0,2,Sideswipe Same Direction,12,N,N,Improper Lane Usage,Failing to Reduce Speed to Avoid Crash,Daylight,Clear,Dry,N,(N/A),I-290 W/B,(N/A),,Other,Functioning Properly,N,2,41.8715214,-87.7790815,ok,Partial Access Control,None,03-25-18471,2025,0,20,28,50000andOVER,9,4295,Oak Park,C,(UNK),None,16,22,13194597,7,Cook,0,25,None,None,2,N,No,(UNK),202501248014,None,1,8.97000027,Y,E,50,F,(UNK),168577,(N/A),(UNK),No Defects,1,1,InterState,1,290,X003911509,Not Toll,73,13,4,Divided - w/median (not raised),2,2946863.73796791,1904751.65508021,41.87151351,-87.77907571,On Scene,Urban,1,N,(N/A),Y,(N/A)
2025,2025-08-01,Friday,12,12:45 PM,Property Damage,No Injuries,0,0,0,0,0,2,Front to Rear,11,N,N,Failing to Yield Right of Way,Following Too Closely,Daylight,Clear,Dry,N,(N/A),I290,(N/A),,No Controls,No Controls,N,2,41.8715478,-87.7794469,ok,Partial Access Control,None,03-25-19587,2025,0,2,3,50000andOVER,9,4295,Oak Park,C,(UNK),None,16,1,13194818,8,Cook,0,25,None,None,5,N,No,(UNK),202501248246,None,1,8.94999981,Y,W,50,F,(UNK),168736,(N/A),(UNK),No Defects,1,1,InterState,1,290,X003911718,Not Toll,73,1,1,Divided With Median Barrier,3,2946763.95320856,1904758.5328877,41.87153998,-87.77944108,On Scene,Urban,1,N,(N/A),Y,(N/A)
2025,2025-08-06,Wednesday,18,06:35 PM,Property Damage,No Injuries,0,0,0,0,0,2,Front to Rear,11,N,N,Following Too Closely,Driving Skills/Knowledge/Experience,Daylight,Clear,Dry,N,(N/A),Harlem,(N/A),500,No Controls,No Controls,N,2,41.8789988,-87.8047042,ok,(UNK),None,25-02427,2025,0,3,15,50000andOVER,9,4295,Oak Park,C,(UNK),None,16,6,13195446,8,Cook,0,25,None,None,3,N,No,Stopped,202501248840,None,1,19.71999931,Y,,,,(UNK),169163,(N/A),(UNK),No Defects,1,1,Other Principal Arterial,3,348,X003912301,Not Toll,73,1,1,Divided - w/median (not raised),2,2939809.73150165,1907283.3834784,41.87899095,-87.80469836,On Scene,Urban,1,N,(N/A),Y,(N/A)
2025,2025-08-06,Wednesday,20,08:45 PM,Property Damage,No Injuries,0,0,0,0,0,2,Front to Rear,11,N,N,Following Too Closely,Driving Skills/Knowledge/Experience,Daylight,Clear,Dry,N,(N/A),Harlem,(N/A),700,No Controls,No Controls,N,2,41.873599,-87.8045239,ok,Partial Access Control,None,25-02428,2025,0,3,15,50000andOVER,9,4295,Oak Park,C,(UNK),None,16,6,13195483,8,Cook,0,25,None,None,3,N,No,Free Flow,202501248876,None,1,20.09000015,Y,,,,(UNK),169190,(N/A),(UNK),No Defects,1,1,InterState,1,348,X003912337,Not Toll,73,1,1,Divided With Median Barrier,3,2939913.01109597,1905316.97170512,41.8735912,-87.80451809,On Scene,Urban,1,N,(N/A),Y,(N/A)
2025,2025-08-05,Tuesday,14,02:48 PM,Property Damage,No Injuries,0,0,0,0,0,4,Angle,15,N,N,Failing to Yield Right of Way,Failing to Reduce Speed to Avoid Crash,Daylight,Clear,Dry,N,(N/A),Oak Park Ave,(N/A),,No Controls,No Controls,N,2,41.8867414,-87.7944528,ok,(UNK),None,2504196,2025,0,2,28,50000andOVER,9,4295,Oak Park,C,(UNK),None,16,5,13195704,8,Cook,0,25,None,None,2,N,No,Slow,202501249083,None,1,5.65999985,N,S,50,F,(UNK),169344,(N/A),(UNK),No Defects,1,1,Major Collector,5,2775,X003912543,Not Toll,73,1,1,Divided - w/median (not raised),2,2942523.59024056,1910181.95786169,41.88673351,-87.79444699,On Scene,Urban,1,N,(N/A),Y,(N/A)
2025,2025-08-03,Sunday,13,01:50 PM,Injury,A Injury Crash,2,0,1,1,0,0,Turning,10,N,N,Improper Lane Usage,Failing to Yield Right of Way,Daylight,Clear,Dry,N,(N/A),Oak Park Ave,(N/A),,Traffic Signal,Functioning Properly,N,2,41.8759118,-87.7941009,ok,(UNK),None,2504157,2025,0,20,2,50000andOVER,9,4295,Oak Park,C,(UNK),None,16,3,13196136,8,Cook,3,25,None,None,7,N,No,Free Flow,202501249375,None,1,6.42000008,N,S,75,F,(UNK),169642,(N/A),(UNK),No Defects,1,1,Major Collector,5,2775,X003912835,Not Toll,73,3,4,Divided - w/median (not raised),2,2942728.56342758,1906238.1318878,41.87590399,-87.79409514,On Scene,Urban,1,N,(N/A),Y,(N/A)
2025,2025-07-31,Thursday,16,04:34 PM,Property Damage,No Injuries,0,0,0,0,0,2,Front to Rear,11,N,N,Failing to Reduce Speed to Avoid Crash,Following Too Closely,Daylight,Clear,Dry,N,(N/A),I-290 W/B,(N/A),,No Controls,No Controls,N,2,41.873241,-87.799246,ok,Partial Access Control,None,03-25-19493,2025,0,28,3,50000andOVER,9,4295,Oak Park,C,(UNK),None,16,31,13196715,7,Cook,0,25,None,None,4,N,No,(UNK),202501249896,None,1,7.94000006,Y,,,,(UNK),170000,(N/A),(UNK),No Defects,1,1,InterState,1,290,X003913349,Not Toll,73,1,1,Divided With Median Barrier,3,2941354.1173042,1905226.1196198,41.87323316,-87.79924025,On Scene,Urban,1,N,(N/A),Y,(N/A)
2025,2025-07-31,Thursday,20,08:43 PM,Property Damage,No Injuries,0,0,0,0,0,2,Front to Rear,11,N,N,Failing to Reduce Speed to Avoid Crash,Following Too Closely,Darkness / Lighted Road,Clear,Dry,N,(N/A),I-290 W/B,(N/A),,No Controls,No Controls,N,2,41.872273,-87.7914752,ok,Partial Access Control,None,03-25-19525,2025,0,28,3,50000andOVER,9,4295,Oak Park,C,(UNK),None,16,31,13196877,7,Cook,0,25,None,None,4,N,No,(UNK),202501250147,None,5,8.31999969,Y,W,.1,M,(UNK),170110,(N/A),(UNK),No Defects,1,1,InterState,1,290,X003913503,Not Toll,,1,1,Divided With Median Barrier,3,2943480.4167834,1904931.85793832,41.87227298,-87.79147519,On Scene,Urban,1,N,(N/A),Y,(N/A)
2025,2025-08-08,Friday,17,05:10 PM,Injury,B Injury Crash,2,0,0,1,1,2,Angle,15,N,N,Failing to Yield Right of Way,Failing to Reduce Speed to Avoid Crash,Daylight,Clear,Dry,Y,Frank,Harlem Ave,Franklin/Harlem Ave,,Stop Sign,Functioning Properly,N,3,41.8854024,-87.8049121,ok,(UNK),None,25-2453,2025,0,2,28,50000andOVER,9,4295,Oak Park,C,(UNK),None,16,8,13198078,8,Cook,2,25,None,None,5,N,Yes,Free Flow,202501251288,None,1,19.28000069,Y,,,,(UNK),170871,(N/A),(UNK),No Defects,1,1,Other Principal Arterial,3,348,X003914599,Not Toll,73,2,4,Divided - w/median (not raised),2,2939688.84694218,1909615.4014737,41.88539452,-87.80490629,On Scene,Urban,1,N,(N/A),Y,(N/A)
2025,2025-08-07,Thursday,12,12:26 PM,Property Damage,No Injuries,0,0,0,0,0,2,Parked Motor Vehicle,9,N,N,Improper Lane Usage,(N/A),Daylight,Clear,Dry,N,(N/A),Humphrey,(N/A),,No Controls,No Controls,N,2,41.90584,-87.77679,ok,(UNK),None,2504226,2025,0,20,99,50000andOVER,9,4295,Oak Park,C,(UNK),None,16,7,13198266,8,Cook,0,25,None,None,4,N,No,Free Flow,202501251458,None,1,0,N,S,10,F,(UNK),171002,(N/A),(UNK),No Defects,1,1,Local Road or Street,7,0,X003914769,Not Toll,,1,1,Not Divided,1,2947139.38361206,1917275.40787492,41.90584,-87.77679,On Scene,Urban,1,N,(N/A),Y,(N/A)
2025,2025-07-16,Wednesday,20,08:30 PM,Property Damage,No Injuries,0,0,0,0,0,1,Parked Motor Vehicle,9,N,N,Unable to Determine,Unable to Determine,Darkness / Lighted Road,Clear,Dry,N,(N/A),S Euclid Ave,(N/A),,No Controls,No Controls,Y,2,41.8685434,-87.792647,ok,(UNK),None,2503767,2025,0,18,18,50000andOVER,9,4295,Oak Park,C,(UNK),None,16,16,13198267,7,Cook,0,25,None,None,3,N,No,Free Flow,202501251459,None,5,0,N,S,100,F,(UNK),171003,(N/A),(UNK),No Defects,1,1,Local Road or Street,7,0,X003914770,Not Toll,73,1,1,Not Divided,1,2943198.85970291,1903563.91134862,41.86853559,-87.7926412,On Scene,Urban,1,N,(N/A),Y,(N/A)
2025,2025-08-07,Thursday,18,06:24 PM,Injury,B Injury Crash,2,0,0,2,0,2,Front to Rear,11,N,N,Disregarding Other Traffic Signs,Failing to Yield Right of Way,Daylight,Clear,Dry,Y,N Har,Le Moyne St,Le Moyne St/N Harlem Ave,,Traffic Signal,Functioning Properly,N,2,41.9070578,-87.8057258,ok,(UNK),None,2500935,2025,0,24,2,50000andOVER,9,4295,Oak Park,C,(UNK),None,16,7,13198275,8,Cook,2,25,None,None,4,N,No,Free Flow,202501251461,None,1,17.78000069,Y,,,,(UNK),171004,(N/A),(UNK),No Defects,1,1,Other Principal Arterial,3,348,X003914772,Not Toll,73,3,4,Not Divided,1,2939249.98366567,1917500.96559801,41.90705,-87.80572,On Scene,Urban,1,N,(N/A),Y,(N/A)
2025,2025-08-08,Friday,17,05:50 PM,Property Damage,No Injuries,0,0,0,0,0,2,Front to Rear,11,N,N,Following Too Closely,Driving Skills/Knowledge/Experience,Daylight,Clear,Dry,N,(N/A),Harlem,(N/A),600,Traffic Signal,Functioning Properly,Y,2,41.8755998,-87.8045846,ok,(UNK),None,25-02467,2025,0,3,15,50000andOVER,9,4295,Oak Park,C,(UNK),None,16,8,13198959,8,Cook,0,25,None,None,5,N,No,Free Flow,202501252106,None,1,19.95999908,Y,,,,(UNK),171492,(N/A),(UNK),No Defects,1,1,Other Principal Arterial,3,348,X003915425,Not Toll,73,3,4,Divided With Median Barrier,3,2939876.40504733,1906045.64065645,41.875592,-87.80457878,Not on Scene (Desk R,Urban,1,N,(N/A),Y,(N/A)
2025,2025-08-09,Saturday,3,03:20 AM,Property Damage,No Injuries,0,0,0,0,0,2,Sideswipe Same Direction,12,N,N,Failing to Reduce Speed to Avoid Crash,Improper Lane Usage,Darkness / Lighted Road,Clear,Dry,N,(N/A),I-290 Wb,(N/A),,Other,Functioning Properly,Y,2,41.8719921,-87.7848066,ok,Partial Access Control,None,03-25-20391,2025,0,28,20,50000andOVER,9,4295,Oak Park,C,(UNK),None,16,9,13199159,8,Cook,0,25,None,None,6,N,No,(UNK),202501252297,None,5,8.67000008,Y,W,200,F,(UNK),171659,(N/A),(UNK),No Defects,1,1,InterState,1,290,X003915619,Not Toll,73,13,4,Divided With Median Barrier,3,2945299.61264358,1904879.85353654,41.87198424,-87.78480076,On Scene,Urban,1,N,(N/A),Y,(N/A)
2025,2025-07-28,Monday,14,02:30 PM,Property Damage,No Injuries,0,0,0,0,0,4,Front to Rear,11,N,N,Following Too Closely,Failing to Reduce Speed to Avoid Crash,Daylight,Clear,Dry,N,(N/A),I-290,(N/A),,Other,Functioning Properly,N,2,41.8713328,-87.776092,ok,Partial Access Control,None,03-25-19123,2025,0,3,28,50000andOVER,9,4295,Oak Park,C,(UNK),None,16,28,13199331,7,Cook,0,25,None,None,1,N,No,(UNK),202501252465,None,1,9.11999989,Y,W,500,F,(UNK),171811,(N/A),(UNK),No Defects,1,1,InterState,1,290,X003915786,Not Toll,73,13,4,Divided With Median Barrier,3,2947679.91104184,1904705.61829208,41.87132496,-87.77608625,On Scene,Urban,1,N,(N/A),Y,(N/A)
2025,2025-08-09,Saturday,15,03:48 PM,Property Damage,No Injuries,0,0,0,0,0,1,Parked Motor Vehicle,9,N,N,Unable to Determine,Driving Skills/Knowledge/Experience,Daylight,Clear,Dry,N,(N/A),W Roosevelt Rd,(N/A),7119,No Controls,No Controls,Y,2,41.865047,-87.8028738,ok,(UNK),None,25-06478,2025,0,18,15,50000andOVER,9,4295,Oak Park,C,(UNK),None,16,9,13199819,8,Cook,0,25,None,None,6,N,No,Free Flow,202501252933,None,1,6.05000019,Y,,,,(UNK),172166,(N/A),(UNK),No Defects,1,1,Other Principal Arterial,3,347,X003916256,Not Toll,52,1,1,Not Divided,1,2940448.29427017,1902212.83172114,41.86503915,-87.80286803,On Scene,Urban,1,N,(N/A),Y,(N/A)
2025,2025-08-09,Saturday,21,09:20 PM,Property Damage,No Injuries,0,0,0,0,0,2,Turning,10,N,N,Improper Turning/No Signal,Failing to Reduce Speed to Avoid Crash,Darkness / Lighted Road,Clear,Dry,Y,(UNK),Harlem,(UNK)/Harlem,600,No Controls,No Controls,N,2,41.8759848,-87.8045976,ok,(UNK),None,25-02472,2025,0,6,28,50000andOVER,9,4295,Oak Park,C,(UNK),None,16,9,13199923,8,Cook,0,25,None,None,6,N,No,Free Flow,202501253035,None,5,19.93000031,Y,,,,(UNK),172247,(N/A),(UNK),No Defects,1,1,Other Principal Arterial,3,348,X003916357,Not Toll,73,1,1,Divided - w/median (not raised),2,2939868.99302506,1906185.83220887,41.87597696,-87.80459181,On Scene,Urban,1,N,(N/A),Y,(N/A)
2025,2025-07-30,Wednesday,17,05:40 PM,Property Damage,No Injuries,0,0,0,0,0,2,Front to Rear,11,N,N,Following Too Closely,Failing to Reduce Speed to Avoid Crash,Daylight,Clear,Dry,N,(N/A),I-290,(N/A),,Other,Functioning Properly,N,2,41.8737571,-87.804326,ok,Partial Access Control,None,03-25-19382,2025,0,3,28,50000andOVER,9,4295,Oak Park,C,(UNK),None,16,30,13199970,7,Cook,0,25,None,None,3,N,No,(UNK),202501253081,None,1,7.71000004,Y,E,47,F,(UNK),172283,(N/A),(UNK),No Defects,1,1,InterState,1,290,X003916403,Not Toll,73,13,4,Divided With Median Barrier,3,2939965.32913495,1905376.06535164,41.87374929,-87.80432017,On Scene,Urban,1,N,(N/A),Y,(N/A)
2025,2025-08-09,Saturday,20,08:44 PM,Property Damage,No Injuries,0,0,0,0,0,2,Turning,10,N,N,Failing to Yield Right of Way,Driving Skills/Knowledge/Experience,Darkness / Lighted Road,Clear,Dry,Y,(UNK),W Roosevelt Rd,(UNK)/W Roosevelt Rd,7143,Traffic Signal,Functioning Properly,N,2,41.8650293,-87.8042158,ok,(UNK),None,25-06483,2025,0,2,15,50000andOVER,9,4295,Oak Park,C,(UNK),None,16,9,13200067,8,Cook,0,25,None,None,6,N,No,Free Flow,202501253172,None,5,5.98999977,Y,,,,(UNK),172354,(N/A),(UNK),No Defects,1,1,Other Principal Arterial,3,347,X003916495,Not Toll,52,3,4,Divided - w/median (not raised),2,2940082.90416431,1902196.31637249,41.86502146,-87.80421005,On Scene,Urban,1,N,(N/A),Y,(N/A)
2025,2025-08-08,Friday,7,07:48 AM,Property Damage,No Injuries,0,0,0,0,0,2,Angle,15,N,N,Following Too Closely,Improper Overtaking/Passing,Daylight,Clear,Unknown,N,(N/A),Pleasant St,(N/A),,No Controls,No Controls,Y,2,41.88538,-87.80008,ok,(UNK),None,2504246,2025,0,3,4,50000andOVER,9,4295,Oak Park,C,(UNK),None,16,8,13200842,8,Cook,0,25,None,None,5,N,No,Slow,202501253763,None,1,0,N,E,50,F,(UNK),172872,(N/A),(UNK),Unknown,99,9,Local Road or Street,7,0,X003917067,Not Toll,,1,1,Not Divided,1,2941004.92987054,1909643.5217334,41.88538,-87.80008,Not on Scene (Desk R,Urban,1,N,(N/A),N,(N/A)
2025,2025-08-08,Friday,22,10:25 PM,Property Damage,No Injuries,0,0,0,0,0,2,Front to Rear,11,N,N,Failing to Reduce Speed to Avoid Crash,Following Too Closely,Darkness,Clear,Dry,Y,Lake,N East Ave,Lake St/N East Ave,,Traffic Signal,Functioning Properly,N,2,41.88847,-87.78963,ok,(UNK),None,2504251,2025,0,28,3,50000andOVER,9,4295,Oak Park,C,(UNK),None,16,8,13200846,8,Cook,0,25,None,None,5,N,No,Stopped,202501253766,None,4,0.62,N,,,,(UNK),172874,(N/A),(UNK),No Defects,1,1,Major Collector,5,1405,X003917070,Not Toll,,3,4,T-Intersection,15,2943819.42760162,1910848.26966339,41.88847,-87.78963,On Scene,Urban,1,N,(N/A),Y,(N/A)
2025,2025-08-08,Friday,23,11:41 PM,Property Damage,No Injuries,0,0,0,0,0,2,Front to Rear,11,N,N,Failing to Reduce Speed to Avoid Crash,Following Too Closely,Darkness,Clear,Dry,N,(N/A),Lake St,(N/A),,No Controls,No Controls,N,2,41.88854,-87.79269,ok,(UNK),None,2504252,2025,0,28,3,50000andOVER,9,4295,Oak Park,C,(UNK),None,16,8,13200847,8,Cook,0,25,None,None,5,N,No,Free Flow,202501253767,None,4,0,N,E,25,F,(UNK),172875,(N/A),(UNK),No Defects,1,1,Local Road or Street,7,0,X003917071,Not Toll,,1,1,Divided - w/median (not raised),2,2942985.47318182,1910850.69936263,41.88854,-87.79269,On Scene,Urban,1,N,(N/A),Y,(N/A)