crash_year,crash_date,day_of_week,crash_hour,time_of_crash,crash_severity,crash_injury_severity,total_injured,total_fatals,a_injuries,b_injuries,c_injuries,no_injuries,type_of_first_crash,collision_type_code,pedestrian_involved,pedalcyclist_involved,cause1,cause2,lighting_cond,weather_cond,road_surface_cond,intersection_related,is_intersection,highway_or_street_name,at_intersection_with,address_no,traffic_control_device,traffic_control_device_cond,hit_and_run,number_of_vehicles,latitude,longitude,location_status,access_control,agency_code,agency_report_number,agency_report_year,alignment_code,cause1_code,cause2_code,city_class,city_class_code,city_code,city_name,city_township_flag,class_of_trafficway,class_of_trafficway_code,county_code,crash_day,crash_id,crash_month,crash_report_county,crash_severity_cd,crash_yr_source,damaged_property1,damaged_property2,day_of_week_code,did_crash_occur_in_work_zone,did_involve_secondary_crash,flow_condition,icn,investigating_agency_descrip,light_condition_code,mile_station,nhs,non_intersection_direction,non_intersection_distance,non_intersection_units,number_of_lanes,objectid,railroad_crossing_number,road_alignment,road_defects,road_defects_code,road_surface_condition_code,roadway_functional_class,roadway_functional_class_code,route_number,sfe,toll,township,traffic_control_device_code,traffic_control_device_cond_code,trafficway_descrip,trafficway_description_code,ts_crash_coordinate_x,ts_crash_coordinate_y,ts_crash_latitude,ts_crash_longitude,type_report,urban_rural,weather_code,were_workers_present,work_zone,work_zone_related,work_zone_type
2025,2025-08-09,Saturday,11,11:20 AM,Property Damage,No Injuries,0,0,0,0,0,2,Turning,10,N,N,Failing to Yield Right of Way,Failing to Reduce Speed to Avoid Crash,Daylight,Clear,Dry,Y,Washi,N Harlem Ave,N Harlem Ave/Washington Blvd,,Traffic Signal,Functioning Properly,N,2,41.8813878,-87.8047857,ok,(UNK),None,2504261,2025,0,2,28,50000andOVER,9,4295,Oak Park,C,(UNK),None,16,9,13200849,8,Cook,0,25,None,None,6,N,No,Slow,202501253769,None,1,19.55999947,Y,,,,(UNK),172876,(N/A),(UNK),No Defects,1,1,Other Principal Arterial,3,348,X003917073,Not Toll,73,3,4,Divided - w/median (not raised),2,2939763.56459751,1908153.38627457,41.88138,-87.80477985,On Scene,Urban,1,N,(N/A),Y,(N/A)
2025,2025-08-09,Saturday,18,06:12 PM,Property Damage,No Injuries,0,0,0,0,0,4,Front to Rear,11,N,N,Failing to Reduce Speed to Avoid Crash,(N/A),Daylight,Clear,Dry,Y,S Gro,Madison St,Madison St/S Grove Ave,,No Controls,No Controls,Y,3,41.87971,-87.79559,ok,(UNK),None,2504269,2025,0,28,99,50000andOVER,9,4295,Oak Park,C,(UNK),None,16,9,13200850,8,Cook,0,25,None,None,6,N,No,Free Flow,202501253770,None,1,0,N,,,,(UNK),172877,(N/A),(UNK),No Defects,1,1,Minor Arterial,4,0,X003917074,Not Toll,,1,1,Not Divided,1,2942284.74874115,1907611.03911579,41.87971,-87.79559,On Scene,Urban,1,N,(N/A),Y,(N/A)
2025,2025-08-11,Monday,5,05:36 AM,Property Damage,No Injuries,0,0,0,0,0,2,Sideswipe Same Direction,12,N,N,Improper Lane Usage,Unable to Determine,Dawn,Clear,Dry,N,(N/A),S Harlem Ave,(N/A),,No Controls,No Controls,N,2,41.8686354,-87.8043328,ok,(UNK),None,2504288,2025,0,20,18,50000andOVER,9,4295,Oak Park,C,(UNK),None,16,11,13201242,8,Cook,0,25,PARK FENCE,None,1,N,No,Free Flow,202501254157,None,2,20.45000076,Y,S,30,F,(UNK),173137,(N/A),(UNK),No Defects,1,1,Other Principal Arterial,3,348,X003917450,Not Toll,73,1,1,Not Divided,1,2940014.86744435,1903509.5618156,41.86862755,-87.80432699,On Scene,Urban,1,N,(N/A),Y,(N/A)
2025,2025-08-11,Monday,15,03:14 PM,Injury,C Injury Crash,1,0,0,0,1,1,Turning,10,N,N,Unable to Determine,Unable to Determine,Daylight,Clear,Dry,N,(N/A),South Blvd,(N/A),,No Controls,No Controls,N,2,41.8870821,-87.7767087,ok,(UNK),None,2504305,2025,0,18,18,50000andOVER,9,4295,Oak Park,C,(UNK),None,16,11,13202310,8,Cook,1,25,None,None,1,N,No,Free Flow,202501255144,None,1,0,N,W,100,F,(UNK),173815,(N/A),(UNK),No Defects,1,1,Local Road or Street,7,0,X003918416,Not Toll,73,1,1,Not Divided,1,2947352.04869447,1910440.29211584,41.88707429,-87.77670286,On Scene,Urban,1,N,(N/A),Y,(N/A)
2025,2025-08-12,Tuesday,8,08:45 AM,Injury,B Injury Crash,2,0,0,2,0,1,Angle,15,N,N,Failing to Yield Right of Way,Failing to Reduce Speed to Avoid Crash,Daylight,Clear,Dry,Y,Lexin,S Oak Park Ave,Lexington St/S Oak Park Ave,,Stop Sign,No Controls,N,2,41.8706377,-87.7939367,ok,(UNK),None,2504328,2025,0,2,28,50000andOVER,9,4295,Oak Park,C,(UNK),None,16,12,13202552,8,Cook,2,25,None,None,2,N,No,Free Flow,202501255389,None,1,6.78999996,N,,,,(UNK),173953,(N/A),(UNK),No Defects,1,1,Major Collector,5,2775,X003918636,Not Toll,73,2,1,Four Way,14,2942826.45466477,1904317.39643549,41.8706299,-87.79393089,On Scene,Urban,1,N,(N/A),Y,(N/A)
2025,2025-08-04,Monday,21,09:41 PM,Property Damage,No Injuries,0,0,0,0,0,4,Turning,10,N,N,Failing to Yield Right of Way,(N/A),Darkness / Lighted Road,Clear,Dry,Y,S Rid,Madison St,Madison St/S Ridgeland Ave,,Traffic Signal,Functioning Properly,N,2,41.8800056,-87.7844421,ok,(UNK),None,2504182,2025,0,2,99,50000andOVER,9,4295,Oak Park,C,(UNK),None,16,4,13202603,8,Cook,0,25,None,None,1,N,No,Free Flow,202501255444,None,5,1.50999999,N,,,,(UNK),173980,(N/A),(UNK),No Defects,1,1,Major Collector,5,2783,X003918679,Not Toll,73,3,4,Not Divided,1,2945317.78464144,1907802.89825157,41.8799978,-87.7844363,On Scene,Urban,1,N,(N/A),Y,(N/A)
2025,2025-08-05,Tuesday,14,02:33 PM,Injury,C Injury Crash,1,0,0,0,1,1,Pedestrian,1,Y,N,Failing to Yield Right of Way,(N/A),Daylight,Clear,Dry,Y,Lake,N Harlem Ave,Lake St/N Harlem Ave,,Traffic Signal,Functioning Properly,N,1,41.8885678,-87.805028,ok,(UNK),None,2504195,2025,0,2,99,50000andOVER,9,4295,Oak Park,C,(UNK),None,16,5,13202751,8,Cook,1,25,None,None,2,N,No,Slow,202501255589,None,1,19.05999947,Y,,,,(UNK),174072,(N/A),(UNK),No Defects,1,1,Other Principal Arterial,3,348,X003918816,Not Toll,73,3,4,Four Way,14,2939625.52234576,1910768.07591924,41.88855996,-87.80502219,On Scene,Urban,1,N,(N/A),Y,(N/A)
2025,2025-06-26,Thursday,18,06:28 PM,Property Damage,No Injuries,0,0,0,0,0,2,Angle,15,N,N,Failing to Yield Right of Way,(N/A),Daylight,Clear,Dry,N,(N/A),S Ridgeland Ave,(N/A),,No Controls,No Controls,N,2,41.8798738,-87.7844364,ok,(UNK),None,2503349,2025,0,2,99,50000andOVER,9,4295,Oak Park,C,(UNK),None,16,26,13203312,6,Cook,0,25,None,None,4,N,No,Stopped,202501256104,None,1,4.11000013,N,S,100,F,(UNK),174434,(N/A),(UNK),No Defects,1,1,Minor Arterial,4,1419,X003919334,Not Toll,73,1,1,Not Divided,1,2945320.66563027,1907754.87798155,41.87986591,-87.78443062,On Scene,Urban,1,N,(N/A),Y,(N/A)
2025,2025-08-12,Tuesday,11,11:15 AM,Property Damage,No Injuries,0,0,0,0,0,2,Sideswipe Opposite Direction,13,N,N,Unable to Determine,Unable to Determine,Daylight,Cloudy/Overcast,Dry,Y,S Oak,Harrison St,Harrison St/S Oak Park Ave,,Traffic Signal,Functioning Properly,Y,2,41.8727901,-87.7940247,ok,(UNK),None,2504330,2025,0,18,18,50000andOVER,9,4295,Oak Park,C,(UNK),None,16,12,13203313,8,Cook,0,25,None,None,2,N,No,Free Flow,202501256105,None,1,0,N,W,5,F,(UNK),174435,(N/A),(UNK),No Defects,1,1,Major Collector,5,290,X003919335,Not Toll,73,3,4,Four Way,14,2942780.79658816,1905101.0841275,41.87278224,-87.79401888,On Scene,Urban,8,N,(N/A),Y,(N/A)
2025,2025-08-12,Tuesday,19,07:19 PM,Property Damage,No Injuries,0,0,0,0,0,1,Parked Motor Vehicle,9,N,N,Failing to Reduce Speed to Avoid Crash,Driving Skills/Knowledge/Experience,Daylight,Clear,Dry,N,(N/A),Madison St,(N/A),201,No Controls,No Controls,N,2,41.8799415,-87.7804791,ok,(UNK),None,2504336,2025,0,28,15,50000andOVER,9,4295,Oak Park,C,(UNK),None,16,12,13203833,8,Cook,0,25,None,None,2,N,No,Free Flow,202501256630,None,1,4.32999992,N,,,,(UNK),174777,(N/A),(UNK),No Defects,1,1,Minor Arterial,4,1419,X003919809,Not Toll,73,1,1,Parking Lot,7,2946397.72712088,1907809.53632295,41.8799337,-87.78047326,On Scene,Urban,1,N,(N/A),Y,(N/A)
2025,2025-08-13,Wednesday,13,01:20 PM,Property Damage,No Injuries,0,0,0,0,0,2,Sideswipe Same Direction,12,N,N,Improper Lane Usage,Improper Overtaking/Passing,Daylight,Clear,Dry,N,(N/A),Harlem,(N/A),600,No Controls,Functioning Properly,Y,2,41.8756547,-87.8045862,ok,(UNK),None,25-02519,2025,0,20,4,50000andOVER,9,4295,Oak Park,C,(UNK),None,16,13,13204143,8,Cook,0,25,None,None,3,N,No,Free Flow,202501256755,None,1,19.95000076,Y,,,,(UNK),174977,(N/A),(UNK),No Defects,1,1,Other Principal Arterial,3,348,X003919921,Not Toll,73,1,4,Divided - w/median (not raised),2,2939875.42113158,1906065.60515385,41.87564681,-87.80458037,On Scene,Urban,1,N,(N/A),Y,(N/A)
2025,2025-08-13,Wednesday,18,06:08 PM,Property Damage,No Injuries,0,0,0,0,0,2,Sideswipe Same Direction,12,N,N,Improper Overtaking/Passing,Failing to Reduce Speed to Avoid Crash,Daylight,Clear,Dry,Y,S Euc,Washington Blvd,S Euclid Ave/Washington Blvd,,Traffic Signal,Functioning Properly,N,2,41.8815779,-87.7926493,ok,(UNK),None,2504349,2025,0,4,28,50000andOVER,9,4295,Oak Park,C,(UNK),None,16,13,13205062,8,Cook,0,25,None,None,3,N,No,Slow,202501257422,None,1,0.63,N,,,,(UNK),175563,(N/A),(UNK),No Defects,1,1,Major Collector,5,5,X003920592,Not Toll,73,3,4,Not Divided,1,2943066.78031502,1908313.89639851,41.88157008,-87.7926435,On Scene,Urban,1,N,(N/A),Y,(N/A)
2025,2025-08-08,Friday,9,09:30 AM,Property Damage,No Injuries,0,0,0,0,0,2,Front to Rear,11,N,N,Failing to Reduce Speed to Avoid Crash,Following Too Closely,Daylight,Clear,Dry,N,(N/A),I-290,(N/A),,Other,Functioning Properly,N,2,41.8736835,-87.803491,ok,Partial Access Control,None,03-25-20283,2025,0,28,3,50000andOVER,9,4295,Oak Park,C,(UNK),None,16,8,13205649,8,Cook,0,25,None,None,5,N,No,(UNK),202501257663,None,1,7.75,Y,E,286,F,(UNK),175848,(N/A),(UNK),No Defects,1,1,InterState,1,290,X003920831,Not Toll,73,13,4,Divided With Median Barrier,3,2940193.5,1905355.5,41.87367567,-87.80348515,On Scene,Urban,1,N,(N/A),Y,(N/A)
2025,2025-08-14,Thursday,16,04:45 PM,Property Damage,No Injuries,0,0,0,0,0,2,Rear to Front,18,N,N,Improper Backing,Driving Skills/Knowledge/Experience,Daylight,Clear,Dry,N,(N/A),Harlem,(N/A),600,Traffic Signal,Functioning Properly,Y,2,41.8756508,-87.8045861,ok,(UNK),None,25-02539,2025,0,30,15,50000andOVER,9,4295,Oak Park,C,(UNK),None,16,14,13206434,8,Cook,0,25,None,None,4,N,No,Slow,202501258177,None,1,19.95000076,Y,,,,(UNK),176313,(N/A),(UNK),No Defects,1,1,Other Principal Arterial,3,348,X003921334,Not Toll,73,3,4,Divided With Median Barrier,3,2939875.48968349,1906064.21417652,41.87564299,-87.80458026,On Scene,Urban,1,N,(N/A),Y,(N/A)
2025,2025-08-13,Wednesday,18,06:15 PM,Injury,B Injury Crash,3,0,0,1,2,1,Parked Motor Vehicle,9,N,N,Vision Obscured,(N/A),Daylight,Clear,Dry,N,(N/A),Maple Ave,(N/A),,No Controls,No Controls,N,2,41.8795459,-87.8038428,ok,(UNK),None,2504350,2025,0,14,99,50000andOVER,9,4295,Oak Park,C,(UNK),None,16,13,13206959,8,Cook,2,25,None,None,3,N,No,Free Flow,202501258658,None,1,0,N,S,25,F,(UNK),176676,(N/A),(UNK),No Defects,1,1,Local Road or Street,7,0,X003921758,Not Toll,73,1,1,Not Divided,1,2940038.82286442,1907489.21610197,41.87953805,-87.80383701,On Scene,Urban,1,N,(N/A),Y,(N/A)
2025,2025-08-13,Wednesday,19,07:34 PM,Property Damage,No Injuries,0,0,0,0,0,6,Front to Rear,11,N,N,Failing to Reduce Speed to Avoid Crash,(N/A),Darkness / Lighted Road,Clear,Dry,Y,S Rid,Washington Blvd,S Ridgeland/Washington Blvd,,Traffic Signal,Functioning Properly,N,3,41.8817178,-87.7845166,ok,(UNK),None,2504353,2025,0,28,99,50000andOVER,9,4295,Oak Park,C,(UNK),None,16,13,13206962,8,Cook,0,25,None,None,3,N,No,Slow,202501258594,None,5,1.02999997,N,,,,(UNK),176678,(N/A),(UNK),No Defects,1,1,Major Collector,5,5,X003921761,Not Toll,73,3,4,Not Divided,1,2945280.16136435,1908426.28724874,41.88170999,-87.78451082,On Scene,Urban,1,N,(N/A),Y,(N/A)
2025,2025-08-15,Friday,8,08:26 AM,Injury,B Injury Crash,1,0,0,1,0,1,Pedalcyclist,2,N,Y,Disregarding Stop Sign,Driving Skills/Knowledge/Experience,Daylight,Clear,Dry,Y,Lexin,Clinton Ave,Clinton Ave/Lexington St,,Stop Sign,Functioning Properly,N,1,41.8705684,-87.797855,ok,(UNK),None,2504385,2025,0,23,15,50000andOVER,9,4295,Oak Park,C,(UNK),None,16,15,13207243,8,Cook,2,25,None,None,5,N,No,Free Flow,202501258881,None,1,0,N,,,,(UNK),176833,(N/A),(UNK),No Defects,1,1,Local Road or Street,7,0,X003922015,Not Toll,73,2,4,Four Way,14,2941759.87976747,1904262.6326928,41.87056056,-87.79784923,On Scene,Urban,1,N,(N/A),Y,(N/A)
2025,2025-08-14,Thursday,18,06:50 PM,Property Damage,No Injuries,0,0,0,0,0,3,Front to Rear,11,N,N,Equipment-Vehicle Condition,Improper Lane Usage,Daylight,Clear,Dry,N,(N/A),I290,(N/A),,Other,Functioning Properly,N,2,41.8716527,-87.7839816,ok,Partial Access Control,None,03-25-20991,2025,0,10,20,50000andOVER,9,4295,Oak Park,C,(UNK),None,16,14,13210761,8,Cook,0,25,None,None,4,N,No,(UNK),202501262126,None,1,8.72000027,Y,E,0,M,(UNK),179226,(N/A),(UNK),No Defects,1,1,InterState,1,290,X003925040,Not Toll,73,13,4,Divided With Median Barrier,3,2945527.74437298,1904762.39792065,41.87164481,-87.7839758,On Scene,Urban,1,N,(N/A),Y,(N/A)
2025,2025-08-17,Sunday,12,12:27 PM,Property Damage,No Injuries,0,0,0,0,0,3,Front to Rear,11,N,N,Failing to Reduce Speed to Avoid Crash,Following Too Closely,Daylight,Clear,Dry,N,(N/A),I-290 W/B,(N/A),,Other,Functioning Properly,N,2,41.8718732,-87.7834247,ok,Partial Access Control,None,03-25-21297,2025,0,28,3,50000andOVER,9,4295,Oak Park,C,(UNK),None,16,17,13211235,8,Cook,0,25,None,None,7,N,No,(UNK),202501262663,None,1,8.75,Y,E,200,F,(UNK),179552,(N/A),(UNK),No Defects,1,1,InterState,1,290,X003925493,Not Toll,73,13,4,Divided With Median Barrier,3,2945677.19158265,1904846.97149855,41.87186533,-87.78341892,On Scene,Urban,1,N,(N/A),Y,(N/A)
2025,2025-08-12,Tuesday,16,04:28 PM,Property Damage,No Injuries,0,0,0,0,0,1,Parked Motor Vehicle,9,N,N,Failing to Reduce Speed to Avoid Crash,Unable to Determine,Unknown,Unknown,Dry,N,(N/A),S Maple Ave,(N/A),,No Controls,No Controls,Y,2,41.8794716,-87.8038392,ok,(UNK),None,2504332,2025,0,28,18,50000andOVER,9,4295,Oak Park,C,(UNK),None,16,12,13212275,8,Cook,0,25,None,None,2,N,No,(UNK),202501263688,None,9,0,N,S,50,F,(UNK),180308,(N/A),(UNK),No Defects,1,1,Local Road or Street,7,0,X003926477,Not Toll,73,1,1,Not Divided,1,2940040.54712906,1907462.16402919,41.87946374,-87.80383341,Not on Scene (Desk R,Urban,9,N,(N/A),Y,(N/A)
2025,2025-08-14,Thursday,15,03:50 PM,Property Damage,No Injuries,0,0,0,0,0,1,Parked Motor Vehicle,9,N,N,Improper Overtaking/Passing,Unable to Determine,Daylight,Clear,Dry,N,(N/A),Madison St,(N/A),,No Controls,No Controls,N,2,41.8800794,-87.7792842,ok,(UNK),None,2504373,2025,0,4,18,50000andOVER,9,4295,Oak Park,C,(UNK),None,16,14,13212276,8,Cook,0,25,None,None,4,N,No,Free Flow,202501263689,None,1,4.38000011,N,E,70,F,(UNK),180309,(N/A),(UNK),No Defects,1,1,Minor Arterial,4,1419,X003926478,Not Toll,73,1,1,Other,8,2946721.7291801,1907868.83034753,41.88007156,-87.77927843,On Scene,Urban,1,N,(N/A),Y,(N/A)
2025,2025-08-11,Monday,18,06:40 PM,Property Damage,No Injuries,0,0,0,0,0,1,Parked Motor Vehicle,9,N,N,Improper Overtaking/Passing,(N/A),Daylight,Clear,Dry,N,(N/A),S Oak Park Ave,(N/A),1003,No Controls,No Controls,N,2,41.8703906,-87.793926,ok,(UNK),None,2504313,2025,0,4,99,50000andOVER,9,4295,Oak Park,C,(UNK),None,16,11,13212279,8,Cook,0,25,None,None,1,N,No,Slow,202501263692,None,1,6.80999994,N,,,,(UNK),180311,(N/A),(UNK),No Defects,1,1,Major Collector,5,2775,X003926481,Not Toll,73,1,1,Four Way,14,2942831.85388319,1904227.41109462,41.87038275,-87.79392022,On Scene,Urban,1,N,(N/A),Y,(N/A)
2025,2025-08-14,Thursday,23,11:26 PM,Property Damage,No Injuries,0,0,0,0,0,4,Turning,10,N,N,Improper Turning/No Signal,Driving Skills/Knowledge/Experience,Darkness / Lighted Road,Clear,Dry,Y,I290,S Harlem Ave,I290 W/S Harlem Ave,,Traffic Signal,Functioning Properly,N,2,41.8737771,-87.8045294,ok,Partial Access Control,None,2504380,2025,0,6,15,50000andOVER,9,4295,Oak Park,C,(UNK),None,16,14,13212281,8,Cook,0,25,None,None,4,N,No,Free Flow,202501263694,None,5,20.07999992,Y,,,,(UNK),180312,(N/A),(UNK),No Defects,1,1,Other Principal Arterial,3,348,X003926483,Not Toll,73,3,4,Not Divided,1,2939909.73499943,1905381.81390115,41.87376925,-87.80452356,On Scene,Urban,1,N,(N/A),Y,(N/A)
2025,2025-08-16,Saturday,17,05:19 PM,Property Damage,No Injuries,0,0,0,0,0,3,Front to Rear,11,N,N,Failing to Yield Right of Way,Failing to Reduce Speed to Avoid Crash,Daylight,Clear,Dry,Y,N Oak,Augusta St,Augusta St/N Oak Park Ave,,Traffic Signal,Functioning Properly,Y,2,41.8980584,-87.7947958,ok,(UNK),None,2504420,2025,0,2,28,50000andOVER,9,4295,Oak Park,C,(UNK),None,16,16,13212286,8,Cook,0,25,None,None,6,N,No,Free Flow,202501263699,None,1,4.86000013,N,,,,(UNK),180316,(N/A),(UNK),No Defects,1,1,Major Collector,5,2775,X003926488,Not Toll,73,3,4,Divided - w/median (not raised),2,2942316.13121715,1914303.52840178,41.89805058,-87.79478995,On Scene,Urban,1,N,(N/A),Y,(N/A)
2025,2025-08-16,Saturday,15,03:58 PM,Property Damage,No Injuries,0,0,0,0,0,3,Rear to Side,16,N,N,Failing to Yield Right of Way,Failing to Reduce Speed to Avoid Crash,Daylight,Clear,Dry,Y,Fillm,Clarence Ave,Clarence Ave/Fillmore St,,Stop Sign,Functioning Properly,N,2,41.8670469,-87.7901526,ok,(UNK),None,2504417,2025,0,2,28,50000andOVER,9,4295,Oak Park,C,(UNK),None,16,16,13212287,8,Cook,0,25,None,None,6,N,No,Free Flow,202501263701,None,1,0,N,,,,(UNK),180317,(N/A),(UNK),No Defects,1,1,Local Road or Street,7,0,X003926489,Not Toll,73,2,4,Four Way,14,2943893.39823622,1903037.37024665,41.86703909,-87.79014684,On Scene,Urban,1,N,(N/A),Y,(N/A)
2025,2025-08-16,Saturday,20,08:04 PM,Property Damage,No Injuries,0,0,0,0,0,4,Angle,15,N,N,Unable to Determine,(N/A),Darkness / Lighted Road,Rain,Wet,Y,S Eas,Harvard St,Harvard St/S East Ave,,Stop Sign,Functioning Properly,N,2,41.8689107,-87.7889868,ok,(UNK),None,2504424,2025,0,18,99,50000andOVER,9,4295,Oak Park,C,(UNK),None,16,16,13212300,8,Cook,0,25,None,None,6,N,No,Free Flow,202501263714,None,5,1.37,N,,,,(UNK),180321,(N/A),(UNK),No Defects,1,2,Minor Collector,6,2779,X003926502,Not Toll,73,2,4,Four Way,14,2944192.13049673,1903725.36503381,41.86890288,-87.78898105,On Scene,Urban,2,N,(N/A),Y,(N/A)
2025,2025-08-13,Wednesday,13,01:26 PM,Property Damage,No Injuries,0,0,0,0,0,2,Turning,10,N,N,Disregarding Other Traffic Signs,Failing to Reduce Speed to Avoid Crash,Daylight,Clear,Dry,Y,Chica,Harlem Ave,Chicago Ave/Harlem Ave,,Traffic Signal,Functioning Properly,N,2,41.8942278,-87.8052253,ok,(UNK),None,2500963,2025,0,24,28,50000andOVER,9,4295,Oak Park,C,(UNK),None,16,13,13212307,8,Cook,0,25,None,None,3,N,No,Slow,202501263717,None,1,18.67000008,Y,,,,(UNK),180323,(N/A),(UNK),No Defects,1,1,Other Principal Arterial,3,348,X003926505,Not Toll,73,3,4,Four Way,14,2939514.99309552,1912829.22099551,41.89422,-87.80521952,On Scene,Urban,1,N,(N/A),Y,(N/A)
2025,2025-08-11,Monday,20,08:37 PM,Injury,B Injury Crash,6,0,0,6,0,3,Front to Rear,11,N,N,Following Too Closely,Driving Skills/Knowledge/Experience,Darkness / Lighted Road,Clear,Dry,Y,Thoma,Harlem Ave,Harlem Ave/Thomas,,No Controls,No Controls,N,3,41.8997144,-87.8054468,ok,(UNK),None,2500954,2025,0,3,15,50000andOVER,9,4295,Oak Park,C,(UNK),None,16,11,13212311,8,Cook,2,25,None,None,1,N,No,Free Flow,202501263721,None,5,18.28000069,Y,,,,(UNK),180326,(N/A),(UNK),No Defects,1,1,Other Principal Arterial,3,348,X003926509,Not Toll,73,1,1,Not Divided,1,2939399.64713651,1914826.96139177,41.89970654,-87.80544095,On Scene,Urban,1,N,(N/A),Y,(N/A)
2025,2025-08-14,Thursday,19,07:00 PM,Property Damage,No Injuries,0,0,0,0,0,3,Front to Rear,11,N,N,Failing to Reduce Speed to Avoid Crash,Improper Lane Usage,Darkness,Clear,Dry,N,(N/A),I290,(N/A),,Other,Functioning Properly,N,3,41.8712357,-87.7744386,ok,Partial Access Control,None,03-25-20995,2025,0,28,20,50000andOVER,9,4295,Oak Park,C,(UNK),None,16,14,13212575,8,Cook,0,25,None,None,4,N,No,(UNK),202501263995,None,4,9.19999981,Y,W,0,M,(UNK),180468,(N/A),(UNK),No Defects,1,1,InterState,1,290,X003926711,Not Toll,73,13,4,Divided With Median Barrier,3,2948131.24864674,1904682.76916476,41.87122781,-87.77443284,On Scene,Urban,1,N,(N/A),Y,(N/A)
2025,2025-08-08,Friday,17,05:02 PM,Property Damage,No Injuries,0,0,0,0,0,2,Front to Rear,11,N,N,Following Too Closely,Failing to Reduce Speed to Avoid Crash,Daylight,Clear,Dry,N,(N/A),I-290 Eb,(N/A),,Other,Functioning Properly,Y,2,41.8724923,-87.7939926,ok,Partial Access Control,None,03-25-20339,2025,0,3,28,50000andOVER,9,4295,Oak Park,C,(UNK),None,16,8,13212582,8,Cook,0,25,None,None,5,N,No,(UNK),202501264003,None,1,8.18999958,Y,E,0,F,(UNK),180474,163533K,(UNK),No Defects,1,1,InterState,1,290,X003926718,Not Toll,73,13,4,Divided With Median Barrier,3,2942792.52877423,1904992.79220932,41.87248441,-87.79398683,Not on Scene (Desk R,Urban,1,N,(N/A),Y,(N/A)
2025,2025-08-18,Monday,11,11:51 AM,Injury,A Injury Crash,1,0,1,0,0,2,Front to Front,14,N,N,Improper Lane Usage,Distraction - From Inside Vehicle,Daylight,Clear,Dry,N,(N/A),N Austin Blvd,(N/A),,No Controls,No Controls,N,2,41.8914792,-87.775027,ok,(UNK),None,2504443,2025,0,20,41,50000andOVER,9,4295,Oak Park,C,(UNK),None,16,18,13212919,8,Cook,3,25,None,None,1,N,No,Free Flow,202501264411,None,1,6.88999987,N,S,150,F,(UNK),180684,(N/A),(UNK),No Defects,1,1,Minor Arterial,4,2790,X003927003,Not Toll,,1,1,Divided - w/median (not raised),2,2947765.30070511,1912055.42621043,41.89147134,-87.77502118,On Scene,Urban,1,N,(N/A),Y,(N/A)
2025,2025-08-18,Monday,14,02:48 PM,Property Damage,No Injuries,0,0,0,0,0,1,Parked Motor Vehicle,9,N,N,Improper Backing,Unable to Determine,Daylight,Cloudy/Overcast,Dry,N,(N/A),S Taylor Ave,(N/A),,No Controls,No Controls,N,2,41.87816,-87.77822,ok,(UNK),None,2504450,2025,0,30,18,50000andOVER,9,4295,Oak Park,C,(UNK),None,16,18,13212920,8,Cook,0,25,None,None,1,N,No,Free Flow,202501264412,None,1,0,N,N,80,F,(UNK),180685,(N/A),(UNK),No Defects,1,1,Local Road or Street,7,0,X003927004,Not Toll,,1,1,Not Divided,1,2947031.03502253,1907177.43148576,41.87816,-87.77822,On Scene,Urban,8,N,(N/A),Y,(N/A)
2025,2025-08-19,Tuesday,14,02:32 PM,Property Damage,No Injuries,0,0,0,0,0,2,Turning,10,N,N,Improper Lane Usage,Failing to Reduce Speed to Avoid Crash,Daylight,Clear,Dry,Y,I-290,Harlem Ave,Harlem Ave/I-290 E,,Traffic Signal,Functioning Properly,N,2,41.8736407,-87.804518,ok,Partial Access Control,None,25-02591,2025,0,20,28,50000andOVER,9,4295,Oak Park,C,(UNK),None,16,19,13213118,8,Cook,0,25,None,None,2,N,No,Free Flow,202501264613,None,1,0.23999999,Y,,,,(UNK),180814,(N/A),(UNK),No Defects,1,1,InterState,1,290,X003927192,Not Toll,73,3,4,Divided With Median Barrier,3,2939914.18921645,1905332.18446657,41.87363283,-87.80451223,On Scene,Urban,1,N,(N/A),Y,(N/A)
2025,2025-08-19,Tuesday,8,08:04 AM,Property Damage,No Injuries,0,0,0,0,0,2,Front to Rear,11,N,N,Failing to Reduce Speed to Avoid Crash,Following Too Closely,Daylight,Clear,Dry,Y,N Oak,Division St,Division St/N Oak Park Ave,,Traffic Signal,Functioning Properly,N,2,41.9017079,-87.7948553,ok,(UNK),None,2504458,2025,0,28,3,50000andOVER,9,4295,Oak Park,C,(UNK),None,16,19,13213601,8,Cook,0,25,None,None,2,N,No,Free Flow,202501265035,None,1,4.5999999,N,,,,(UNK),181112,(N/A),(UNK),No Defects,1,1,Major Collector,5,2775,X003927594,Not Toll,73,3,4,Divided - w/median (not raised),2,2942263.13791717,1915633.00837538,41.90170002,-87.79484947,On Scene,Urban,1,N,(N/A),Y,(N/A)