crash_year,crash_date,day_of_week,crash_hour,time_of_crash,crash_severity,crash_injury_severity,total_injured,total_fatals,a_injuries,b_injuries,c_injuries,no_injuries,type_of_first_crash,collision_type_code,pedestrian_involved,pedalcyclist_involved,cause1,cause2,lighting_cond,weather_cond,road_surface_cond,intersection_related,is_intersection,highway_or_street_name,at_intersection_with,address_no,traffic_control_device,traffic_control_device_cond,hit_and_run,number_of_vehicles,latitude,longitude,location_status,access_control,agency_code,agency_report_number,agency_report_year,alignment_code,cause1_code,cause2_code,city_class,city_class_code,city_code,city_name,city_township_flag,class_of_trafficway,class_of_trafficway_code,county_code,crash_day,crash_id,crash_month,crash_report_county,crash_severity_cd,crash_yr_source,damaged_property1,damaged_property2,day_of_week_code,did_crash_occur_in_work_zone,did_involve_secondary_crash,flow_condition,icn,investigating_agency_descrip,light_condition_code,mile_station,nhs,non_intersection_direction,non_intersection_distance,non_intersection_units,number_of_lanes,objectid,railroad_crossing_number,road_alignment,road_defects,road_defects_code,road_surface_condition_code,roadway_functional_class,roadway_functional_class_code,route_number,sfe,toll,township,traffic_control_device_code,traffic_control_device_cond_code,trafficway_descrip,trafficway_description_code,ts_crash_coordinate_x,ts_crash_coordinate_y,ts_crash_latitude,ts_crash_longitude,type_report,urban_rural,weather_code,were_workers_present,work_zone,work_zone_related,work_zone_type
2025,2025-08-19,Tuesday,11,11:03 AM,Property Damage,No Injuries,0,0,0,0,0,1,Parked Motor Vehicle,9,N,N,Failing to Reduce Speed to Avoid Crash,Driving Skills/Knowledge/Experience,Daylight,Clear,Dry,N,(N/A),848 Madison St,(N/A),,No Controls,No Controls,Y,2,41.87973,-87.7968456,ok,(UNK),None,2504463,2025,0,28,15,50000andOVER,9,4295,Oak Park,C,(UNK),None,16,19,13213602,8,Cook,0,25,None,None,2,N,No,Free Flow,202501265036,None,1,3.46000004,N,E,200,F,(UNK),181113,(N/A),(UNK),No Defects,1,1,Minor Arterial,4,1419,X003927595,Not Toll,73,1,1,Divided - w/median (not raised),2,2941942.60473799,1907608.88168433,41.87972217,-87.79683977,Not on Scene (Desk R,Urban,1,N,(N/A),Y,(N/A)
2025,2025-08-19,Tuesday,7,07:50 AM,Property Damage,No Injuries,0,0,0,0,0,2,Front to Rear,11,N,N,Following Too Closely,Driving Skills/Knowledge/Experience,Daylight,Clear,Dry,N,(N/A),I290,(N/A),,Other Warning Sign,Functioning Properly,N,2,41.8723681,-87.7890872,ok,Partial Access Control,None,03-25-21482,2025,0,3,15,50000andOVER,9,4295,Oak Park,C,(UNK),None,16,19,13213642,8,Cook,0,25,None,None,2,N,No,(UNK),202501265068,None,1,1.13999999,N,W,261,F,(UNK),181134,(N/A),(UNK),No Defects,1,1,Minor Collector,6,2779,X003927624,Not Toll,73,11,4,Divided With Median Barrier,3,2944129.88601703,1904984.52455603,41.87236022,-87.78908138,On Scene,Urban,1,N,(N/A),Y,(N/A)
2025,2025-08-16,Saturday,11,11:20 AM,Injury,B Injury Crash,1,0,0,1,0,2,Turning,10,N,N,Failing to Yield Right of Way,Failing to Reduce Speed to Avoid Crash,Daylight,Clear,Dry,Y,Washi,S Lombard Ave,S Lombard Ave/Washington Blvd,,Traffic Signal,Functioning Properly,N,2,41.881918,-87.7796155,ok,(UNK),None,2504413,2025,0,2,28,50000andOVER,9,4295,Oak Park,C,(UNK),None,16,16,13214676,8,Cook,2,25,None,None,6,N,Yes,Free Flow,202501265750,None,1,1.29999995,N,,,,(UNK),181548,(N/A),(UNK),No Defects,1,1,Major Collector,5,5,X003928588,Not Toll,73,3,4,Divided - w/median (not raised),2,2946612.86389082,1908536.32447866,41.88191012,-87.7796097,On Scene,Urban,1,N,(N/A),Y,(N/A)
2025,2025-08-17,Sunday,11,11:28 AM,Property Damage,No Injuries,0,0,0,0,0,2,Front to Rear,11,N,N,Following Too Closely,Failing to Reduce Speed to Avoid Crash,Daylight,Rain,Wet,Y,Garfi,S Harlem Ave,Garfield St/S Harlem Ave,,Traffic Signal,Functioning Properly,Y,2,41.87231,-87.8044659,ok,(UNK),None,2504432,2025,0,3,28,50000andOVER,9,4295,Oak Park,C,(UNK),None,16,17,13214752,8,Cook,0,25,None,None,7,N,No,Slow,202501265851,None,1,20.18000031,Y,,,,(UNK),181603,(N/A),(UNK),No Defects,1,2,Other Principal Arterial,3,348,X003928660,Not Toll,73,3,4,Divided - w/median (not raised),2,2939941.73917192,1904847.66118026,41.87230217,-87.8044601,Not on Scene (Desk R,Urban,2,N,(N/A),Y,(N/A)
2025,2025-08-18,Monday,18,06:05 PM,Property Damage,No Injuries,0,0,0,0,0,2,Front to Rear,11,N,N,Unable to Determine,Unable to Determine,Dusk,Rain,Wet,N,(N/A),Lake St,(N/A),1022,No Controls,No Controls,Y,2,41.8886517,-87.8019349,ok,(UNK),None,2504454,2025,0,18,18,50000andOVER,9,4295,Oak Park,C,(UNK),None,16,18,13214820,8,Cook,0,25,None,None,1,N,No,Stopped,202501265929,None,3,0,N,,,,(UNK),181646,(N/A),(UNK),No Defects,1,2,Major Collector,5,0,X003928724,Not Toll,73,1,1,Not Divided,1,2940466.9348758,1910821.8741518,41.8886439,-87.80192911,Not on Scene (Desk R,Urban,2,N,(N/A),Y,(N/A)
2025,2025-08-19,Tuesday,15,03:42 PM,Injury,C Injury Crash,1,0,0,0,1,3,Pedalcyclist,2,N,Y,Failing to Yield Right of Way,Failing to Reduce Speed to Avoid Crash,Daylight,Clear,Dry,Y,North,N Humphrey Ave,N Humphrey Ave/North Lake St Alley,,No Controls,No Controls,N,1,41.8880783,-87.7765377,ok,(UNK),None,2504476,2025,0,2,28,50000andOVER,9,4295,Oak Park,C,(UNK),None,16,19,13214837,8,Cook,1,25,None,None,2,N,No,Free Flow,202501265953,None,1,1.25999999,N,,,,(UNK),181656,(N/A),(UNK),No Defects,1,1,Major Collector,5,1405,X003928738,Not Toll,73,1,1,Alley,12,2947388.4765276,1910804.60618459,41.88807044,-87.77653194,On Scene,Urban,1,N,(N/A),Y,(N/A)
2025,2025-08-17,Sunday,15,03:09 PM,Injury,C Injury Crash,1,0,0,0,1,1,Pedalcyclist,2,N,Y,Failing to Yield Right of Way,Failing to Reduce Speed to Avoid Crash,Daylight,Clear,Dry,Y,S Eas,Fillmore St,Fillmore St/S East Ave,,Stop Sign,Functioning Properly,N,1,41.8670679,-87.7888953,ok,(UNK),None,2504436,2025,0,2,28,50000andOVER,9,4295,Oak Park,C,(UNK),None,16,17,13215523,8,Cook,1,25,None,None,7,N,No,Slow,202501266616,None,1,1.5,N,,,,(UNK),182114,(N/A),(UNK),No Defects,1,1,Minor Collector,6,2779,X003929365,Not Toll,73,2,4,Four Way,14,2944235.680298,1903054.48024181,41.86706001,-87.7888895,On Scene,Urban,1,N,(N/A),Y,(N/A)
2025,2025-08-20,Wednesday,7,07:31 AM,Property Damage,No Injuries,0,0,0,0,0,1,Parked Motor Vehicle,9,N,N,Failing to Reduce Speed to Avoid Crash,Driving Skills/Knowledge/Experience,Daylight,Clear,Dry,N,(N/A),S Humphrey Ave,(N/A),103,Other Regualtory Sig,Functioning Properly,N,2,41.886846,-87.7765001,ok,(UNK),None,2504489,2025,0,28,15,50000andOVER,9,4295,Oak Park,C,(UNK),None,16,20,13215524,8,Cook,0,25,None,None,3,N,No,Free Flow,202501266617,None,1,0,N,,,,(UNK),182115,(N/A),(UNK),No Defects,1,1,Local Road or Street,7,0,X003929366,Not Toll,73,10,4,Not Divided,1,2947411.23467859,1910355.83317406,41.88683819,-87.77649432,On Scene,Urban,1,N,(N/A),Y,(N/A)
2025,2025-08-20,Wednesday,22,10:00 PM,Property Damage,No Injuries,0,0,0,0,0,4,Front to Rear,11,N,N,Following Too Closely,Failing to Reduce Speed to Avoid Crash,Darkness / Lighted Road,Clear,Dry,N,(N/A),I-290 W/B,(N/A),,No Controls,No Controls,N,3,41.8724042,-87.7909104,ok,Partial Access Control,None,03-25-21670,2025,0,3,28,50000andOVER,9,4295,Oak Park,C,(UNK),None,16,20,13215779,8,Cook,0,25,None,None,3,N,No,(UNK),202501266899,None,5,8.35000038,Y,W,.1,M,(UNK),182255,(N/A),(UNK),No Defects,1,1,InterState,1,290,X003929582,Not Toll,73,1,1,Divided With Median Barrier,3,2943632.9346103,1904983.91809775,41.87239631,-87.79090458,On Scene,Urban,1,N,(N/A),Y,(N/A)
2025,2025-08-21,Thursday,8,08:12 AM,Property Damage,No Injuries,0,0,0,0,0,2,Angle,15,N,N,Failing to Yield Right of Way,Failing to Reduce Speed to Avoid Crash,Daylight,Clear,Dry,Y,N Lom,Erie St,Erie St/N Lombard Ave,,Stop Sign,Functioning Properly,N,2,41.8917914,-87.779906,ok,(UNK),None,2504511,2025,0,2,28,50000andOVER,9,4295,Oak Park,C,(UNK),None,16,21,13217065,8,Cook,0,25,None,None,4,N,No,Free Flow,202501268163,None,1,1.20000005,N,,,,(UNK),183137,(N/A),(UNK),No Defects,1,1,Local Road or Street,7,3559,X003930687,Not Toll,73,2,4,T-Intersection,15,2946433.61963113,1912132.19103804,41.89178355,-87.77990021,On Scene,Urban,1,N,(N/A),Y,(N/A)
2025,2025-08-21,Thursday,8,08:05 AM,Property Damage,No Injuries,0,0,0,0,0,4,Rear to Side,16,N,N,Failing to Yield Right of Way,Failing to Reduce Speed to Avoid Crash,Daylight,Clear,Dry,Y,N Oak,Iowa St,Iowa St/N Oak Park Ave,,Stop Sign,Functioning Properly,N,3,41.8962218,-87.7946947,ok,(UNK),None,2504510,2025,0,2,28,50000andOVER,9,4295,Oak Park,C,(UNK),None,16,21,13217066,8,Cook,0,25,None,None,4,N,Yes,Free Flow,202501268164,None,1,4.98999977,N,,,,(UNK),183138,(N/A),(UNK),No Defects,1,1,Major Collector,5,2775,X003930688,Not Toll,73,2,4,Four Way,14,2942362.14665212,1913634.97684794,41.89621392,-87.79468894,On Scene,Urban,1,N,(N/A),Y,(N/A)
2025,2025-08-19,Tuesday,11,11:43 AM,Property Damage,No Injuries,0,0,0,0,0,2,Fixed Object,6,N,N,Disregarding Other Traffic Signs,(N/A),Daylight,Clear,Dry,N,(N/A),Chicago,(N/A),,Other Regualtory Sig,Functioning Properly,N,1,41.8943257,-87.7996384,ok,(UNK),None,2500986,2025,0,24,99,50000andOVER,9,4295,Oak Park,C,(UNK),None,16,19,13217070,8,Cook,0,25,RAILROAD VIADUCT,None,2,N,No,Free Flow,202501268166,None,1,2.83999991,N,E,200,F,(UNK),183139,(N/A),(UNK),No Defects,1,1,Minor Arterial,4,1398,X003930689,Not Toll,73,10,4,Divided - w/median (not raised),2,2941035.21159821,1912906.83278857,41.89431789,-87.79963259,On Scene,Urban,1,N,(N/A),Y,(N/A)
2025,2025-08-15,Friday,10,10:20 AM,Property Damage,No Injuries,0,0,0,0,0,3,Front to Rear,11,N,N,Failing to Reduce Speed to Avoid Crash,Following Too Closely,Daylight,Clear,Dry,N,(N/A),I-290,(N/A),,Other,Functioning Properly,N,2,41.871261,-87.7748807,ok,Partial Access Control,None,03-25-21045,2025,0,28,3,50000andOVER,9,4295,Oak Park,C,(UNK),None,16,15,13217682,8,Cook,0,25,None,None,5,N,No,(UNK),202501268874,None,1,9.18000031,Y,W,175,F,(UNK),183505,(N/A),(UNK),No Defects,1,1,InterState,1,290,X003931237,Not Toll,73,13,4,Divided With Median Barrier,3,2948010.5802139,1904688.64438503,41.87125315,-87.77487491,On Scene,Urban,1,N,(N/A),Y,(N/A)
2025,2025-08-23,Saturday,19,07:04 PM,Property Damage,No Injuries,0,0,0,0,0,3,Turning,10,N,N,Failing to Yield Right of Way,Driving Skills/Knowledge/Experience,Daylight,Clear,Dry,N,(N/A),Harlem,(N/A),600,Traffic Signal,Functioning Properly,N,2,41.8754845,-87.8045812,ok,(UNK),None,25-02654,2025,0,2,15,50000andOVER,9,4295,Oak Park,C,(UNK),None,16,23,13219009,8,Cook,0,25,None,None,6,N,No,Free Flow,202501270325,None,1,19.95999908,Y,,,,(UNK),184406,(N/A),(UNK),No Defects,1,1,Other Principal Arterial,3,348,X003932476,Not Toll,73,3,4,Divided - w/median (not raised),2,2939878.47455245,1906003.64861617,41.8754767,-87.80457543,On Scene,Urban,1,N,(N/A),Y,(N/A)
2025,2025-08-24,Sunday,18,06:22 PM,Injury,C Injury Crash,1,0,0,0,1,2,Front to Rear,11,N,N,Following Too Closely,Failing to Reduce Speed to Avoid Crash,Daylight,Clear,Dry,N,(N/A),Harlem,(N/A),,No Controls,No Controls,N,2,41.8661929,-87.8042518,ok,(UNK),None,25-02665,2025,0,3,28,50000andOVER,9,4295,Oak Park,C,(UNK),None,16,24,13220086,8,Cook,1,25,None,None,7,N,No,Free Flow,202501271375,None,1,20.61000061,Y,,,,(UNK),185202,(N/A),(UNK),No Defects,1,1,Other Principal Arterial,3,348,X003933465,Not Toll,73,1,1,Divided - w/median (not raised),2,2940061.42545558,1902620.06946004,41.86618502,-87.80424604,On Scene,Urban,1,N,(N/A),Y,(N/A)
2025,2025-08-22,Friday,11,11:27 AM,Property Damage,No Injuries,0,0,0,0,0,2,Sideswipe Same Direction,12,N,N,Improper Lane Usage,(N/A),Daylight,Clear,Dry,N,(N/A),Harlem Ave,(N/A),,No Controls,No Controls,N,2,41.8884867,-87.8050224,ok,(UNK),None,2501006,2025,0,20,99,50000andOVER,9,4295,Oak Park,C,(UNK),None,16,22,13220175,8,Cook,0,25,None,None,5,N,No,Free Flow,202501271441,None,1,19.06999969,Y,S,30,F,(UNK),185251,(N/A),(UNK),No Defects,1,1,Other Principal Arterial,3,348,X003933531,Not Toll,73,1,1,Not Divided,1,2939627.86685149,1910738.55854435,41.88847884,-87.80501657,On Scene,Urban,1,N,(N/A),Y,(N/A)
2025,2025-08-23,Saturday,13,01:03 PM,Property Damage,No Injuries,0,0,0,0,0,1,Parked Motor Vehicle,9,N,N,Improper Lane Usage,Unable to Determine,Daylight,Clear,Dry,N,(N/A),S Ridgeland Ave,(N/A),,No Controls,No Controls,Y,2,41.8817463,-87.7845163,ok,(UNK),None,2504559,2025,0,20,18,50000andOVER,9,4295,Oak Park,C,(UNK),None,16,23,13220403,8,Cook,0,25,None,None,6,N,No,Free Flow,202501271672,None,1,1.39999998,N,N,100,F,(UNK),185421,(N/A),(UNK),No Defects,1,1,Major Collector,5,2783,X003933752,Not Toll,73,1,1,Not Divided,1,2945279.96442204,1908436.65081344,41.88173842,-87.78451049,On Scene,Urban,1,N,(N/A),Y,(N/A)
2025,2025-08-16,Saturday,12,12:44 PM,Property Damage,No Injuries,0,0,0,0,0,3,Turning,10,N,N,Improper Turning/No Signal,Failing to Yield Right of Way,Daylight,Clear,Dry,Y,(UNK),Harlem,(UNK)/Harlem,700,Traffic Signal,Functioning Properly,Y,2,41.8736416,-87.8045258,ok,Partial Access Control,None,25-02567,2025,0,6,2,50000andOVER,9,4295,Oak Park,C,(UNK),None,16,16,13221546,8,Cook,0,25,None,None,6,N,No,Slow,202501272810,None,1,0.23999999,Y,,,,(UNK),186136,(N/A),(UNK),No Defects,1,1,InterState,1,290,X003934810,Not Toll,73,3,4,Divided - w/median (not raised),2,2939912.062394,1905332.46992192,41.87363377,-87.80452,On Scene,Urban,1,N,(N/A),Y,(N/A)
2025,2025-08-15,Friday,21,09:25 PM,Injury,A Injury Crash,1,0,1,0,0,1,Pedestrian,1,Y,N,Unable to Determine,Under Influence of Alcohol/Drugs,Darkness / Lighted Road,Clear,Dry,N,(N/A),Harlem Ave.,(N/A),600,No Controls,No Controls,Y,1,41.8754653,-87.8045807,ok,(UNK),None,25-02559,2025,0,18,8,50000andOVER,9,4295,Oak Park,C,(UNK),None,16,15,13221548,8,Cook,3,25,None,None,5,N,No,Free Flow,202501272811,None,5,19.96999931,Y,,,,(UNK),186137,(N/A),(UNK),No Defects,1,1,Other Principal Arterial,3,348,X003934811,Not Toll,73,1,1,Divided With Median Barrier,3,2939878.82010564,1905996.63704453,41.87545744,-87.80457487,On Scene,Urban,1,N,(N/A),Y,(N/A)
2025,2025-08-22,Friday,21,09:36 PM,Property Damage,No Injuries,0,0,0,0,0,3,Turning,10,N,N,Failing to Yield Right of Way,Driving Skills/Knowledge/Experience,Darkness / Lighted Road,Clear,Dry,Y,Jacks,Harlem,Harlem/Jackson,,No Controls,No Controls,N,3,41.8759848,-87.8045958,ok,(UNK),None,25-02649,2025,0,2,15,50000andOVER,9,4295,Oak Park,C,(UNK),None,16,22,13221745,8,Cook,0,25,None,None,5,N,Yes,Free Flow,202501273001,None,5,19.93000031,Y,,,,(UNK),186270,(N/A),(UNK),No Defects,1,1,Other Principal Arterial,3,348,X003935001,Not Toll,73,1,1,Divided - w/median (not raised),2,2939869.49456576,1906185.86027551,41.875977,-87.80458997,On Scene,Urban,1,N,(N/A),Y,(N/A)
2025,2025-08-24,Sunday,19,07:30 PM,Property Damage,No Injuries,0,0,0,0,0,2,Front to Rear,11,N,N,Following Too Closely,Failing to Reduce Speed to Avoid Crash,Darkness / Lighted Road,Clear,Dry,N,(N/A),I-290 E/B,(N/A),,No Controls,Functioning Properly,Y,2,41.873424,-87.8036582,ok,Partial Access Control,None,03-25-22046,2025,0,3,28,50000andOVER,9,4295,Oak Park,C,(UNK),None,16,24,13221827,8,Cook,0,25,None,None,7,N,No,(UNK),202501273084,None,5,7.73999977,Y,E,282,F,(UNK),186327,(N/A),(UNK),No Defects,1,1,InterState,1,290,X003935079,Not Toll,73,1,4,Divided With Median Barrier,3,2940150.55183467,1905259.67955223,41.87341617,-87.8036524,Not on Scene (Desk R,Urban,1,N,(N/A),Y,(N/A)
2025,2025-08-21,Thursday,16,04:16 PM,Injury,C Injury Crash,1,0,0,0,1,3,Turning,10,N,N,Failing to Yield Right of Way,Unable to Determine,Daylight,Clear,Dry,Y,Jacks,S Lombard Ave,Jackson Blvd/S Lombard Ave,,Stop Sign,Functioning Properly,N,2,41.8763398,-87.7794542,ok,(UNK),None,2504522,2025,0,2,18,50000andOVER,9,4295,Oak Park,C,(UNK),None,16,21,13222018,8,Cook,1,25,PARKWAY TREE ON S/E CORNER,None,4,N,No,Free Flow,202501273261,None,1,0.81,N,,,,(UNK),186435,(N/A),(UNK),No Defects,1,1,Minor Collector,6,3794,X003935246,Not Toll,73,2,4,Four Way,14,2946713.36107858,1906504.77384543,41.87633199,-87.77944841,On Scene,Urban,1,N,(N/A),Y,(N/A)
2025,2025-08-22,Friday,17,05:15 PM,Property Damage,No Injuries,0,0,0,0,0,2,Front to Rear,11,N,N,Failing to Reduce Speed to Avoid Crash,Following Too Closely,Daylight,Clear,Dry,Y,Garfi,S Harlem Ave,Garfield St/S Harlem Ave,,Traffic Signal,Functioning Properly,N,2,41.87231,-87.8044668,ok,(UNK),None,2504544,2025,0,28,3,50000andOVER,9,4295,Oak Park,C,(UNK),None,16,22,13222020,8,Cook,0,25,None,None,5,N,No,Slow,202501273263,None,1,20.18000031,Y,N,5,F,(UNK),186436,(N/A),(UNK),No Defects,1,1,Other Principal Arterial,3,348,X003935248,Not Toll,73,3,4,Not Divided,1,2939941.49191655,1904847.65476419,41.87230218,-87.80446101,On Scene,Urban,1,N,(N/A),Y,(N/A)
2025,2025-08-23,Saturday,4,04:35 AM,Property Damage,No Injuries,0,0,0,0,0,3,Turning,10,N,N,Improper Turning/No Signal,Failing to Reduce Speed to Avoid Crash,Darkness / Lighted Road,Clear,Dry,Y,I290,S Harlem Ave,I290 W/S Harlem Ave,,Traffic Signal,Functioning Properly,N,2,41.8737774,-87.8045294,ok,Partial Access Control,None,2504551,2025,0,6,28,50000andOVER,9,4295,Oak Park,C,(UNK),None,16,23,13222028,8,Cook,0,25,None,None,6,N,No,Slow,202501273272,None,5,20.07999992,Y,,,,(UNK),186438,(N/A),(UNK),No Defects,1,1,Other Principal Arterial,3,348,X003935256,Not Toll,73,3,4,Divided With Median Barrier,3,2939909.72974235,1905381.92534855,41.87376956,-87.80452356,On Scene,Urban,1,N,(N/A),Y,(N/A)
2025,2025-08-22,Friday,9,09:22 AM,Injury,B Injury Crash,1,0,0,1,0,1,Pedestrian,1,Y,N,Operating Vehicle In Reckless Manner,Failing to Reduce Speed to Avoid Crash,Daylight,Clear,Dry,Y,S Har,S Harlem Ave,S Harlem Ave/S Harlem/Garfield St,,Traffic Signal,Functioning Properly,Y,1,41.87231,-87.8044659,ok,(UNK),None,2504532,2025,0,50,28,50000andOVER,9,4295,Oak Park,C,(UNK),None,16,22,13222031,8,Cook,2,25,None,None,5,N,No,Free Flow,202501273275,None,1,20.18000031,Y,,,,(UNK),186439,(N/A),(UNK),No Defects,1,1,Other Principal Arterial,3,348,X003935259,Not Toll,73,3,4,Not Divided,1,2939941.73917192,1904847.66118026,41.87230217,-87.8044601,Not on Scene (Desk R,Urban,1,N,(N/A),Y,(N/A)
2025,2025-08-22,Friday,18,06:03 PM,Property Damage,No Injuries,0,0,0,0,0,3,Front to Rear,11,N,N,Following Too Closely,(N/A),Daylight,Clear,Dry,Y,Washi,S Ridgeland Ave,S Ridgeland Ave/Washington Blvd,,Traffic Signal,Functioning Properly,N,3,41.8817179,-87.7845154,ok,(UNK),None,2504545,2025,0,3,99,50000andOVER,9,4295,Oak Park,C,(UNK),None,16,22,13222032,8,Cook,0,25,None,None,5,N,No,Free Flow,202501273276,None,1,1.02999997,N,,,,(UNK),186440,(N/A),(UNK),No Defects,1,1,Major Collector,5,5,X003935260,Not Toll,73,3,4,Not Divided,1,2945280.50018425,1908426.30407027,41.88171001,-87.78450957,Not on Scene (Desk R,Urban,1,N,(N/A),Y,(N/A)
2025,2025-08-25,Monday,7,07:50 AM,Injury,C Injury Crash,3,0,0,0,3,1,Pedestrian,1,Y,N,Disregarding Stop Sign,Failing to Yield Right of Way,Daylight,Clear,Dry,Y,S Lom,South Blvd,S Lombard Ave/South Blvd,,Stop Sign,Functioning Properly,N,1,41.8870715,-87.7797585,ok,(UNK),None,2504592,2025,0,23,2,50000andOVER,9,4295,Oak Park,C,(UNK),None,16,25,13222036,8,Cook,1,25,None,None,1,N,No,Free Flow,202501276517,None,1,0.08,N,E,10,F,(UNK),186441,(N/A),(UNK),No Defects,1,1,Local Road or Street,7,3794,X003934680,Not Toll,73,2,4,T-Intersection,15,2946521.66781293,1910413.28997128,41.88706366,-87.77975266,On Scene,Urban,1,N,(N/A),Y,(N/A)
2025,2025-08-25,Monday,7,07:12 AM,Property Damage,No Injuries,0,0,0,0,0,2,Turning,10,N,N,Failing to Yield Right of Way,Failing to Yield Right of Way,Daylight,Clear,Dry,Y,Fores,North Ave,Forest Ave/North Ave,,Stop Sign,Functioning Properly,N,2,41.8943078,-87.8005863,ok,(UNK),None,2504591,2025,0,2,2,50000andOVER,9,4295,Oak Park,C,(UNK),None,16,25,13222037,8,Cook,0,25,STOP SIGN,None,1,N,No,Free Flow,202501273281,None,1,2.78999996,N,,,,(UNK),186442,(N/A),(UNK),No Defects,1,1,Minor Arterial,4,1398,X003935264,Not Toll,73,2,4,Two-way Continuous Left-Turn Lane,4,2940777.28946987,1912893.1868035,41.89429999,-87.80058052,On Scene,Urban,1,N,(N/A),Y,(N/A)
2025,2025-08-22,Friday,13,01:39 PM,Injury,B Injury Crash,2,0,0,1,1,1,Front to Front,14,N,N,Failing to Reduce Speed to Avoid Crash,Unable to Determine,Daylight,Clear,Dry,N,(N/A),Jackson Blvd,(N/A),,No Controls,No Controls,N,2,41.87536,-87.80093,ok,(UNK),None,2504540,2025,0,28,18,50000andOVER,9,4295,Oak Park,C,(UNK),None,16,22,13222327,8,Cook,2,25,None,None,5,N,No,Free Flow,202501273597,None,1,0,N,W,20,F,(UNK),186602,(N/A),(UNK),No Defects,1,1,Local Road or Street,7,0,X003935510,Not Toll,,1,1,Divided - w/median (not raised),2,2940874.16840258,1905985.66676221,41.87536,-87.80093,Not on Scene (Desk R,Urban,1,N,(N/A),Y,(N/A)
2025,2025-08-25,Monday,14,02:37 PM,Property Damage,No Injuries,0,0,0,0,0,2,Front to Rear,11,N,N,Following Too Closely,Failing to Reduce Speed to Avoid Crash,Daylight,Clear,Dry,N,(N/A),I-290 W/B,(N/A),,Other,Functioning Properly,N,2,41.8737432,-87.8041239,ok,Partial Access Control,None,03-25-22101,2025,0,3,28,50000andOVER,9,4295,Oak Park,C,(UNK),None,16,25,13222571,8,Cook,0,25,None,None,1,N,No,(UNK),202501273916,None,1,7.71999979,Y,E,95,F,(UNK),186755,(N/A),(UNK),No Defects,1,1,InterState,1,290,X003935737,Not Toll,73,13,4,Divided With Median Barrier,3,2940020.5,1905372.5,41.87373535,-87.80411813,On Scene,Urban,1,N,(N/A),Y,(N/A)
2025,2025-08-12,Tuesday,16,04:30 PM,Property Damage,No Injuries,0,0,0,0,0,2,Rear to Front,18,N,N,Following Too Closely,Failing to Reduce Speed to Avoid Crash,Daylight,Clear,Dry,N,(N/A),S Harlem Ave,(N/A),,No Controls,No Controls,N,2,41.8721725,-87.8044606,ok,(UNK),None,2504630,2025,0,3,28,50000andOVER,9,4295,Oak Park,C,(UNK),None,16,12,13224241,8,Cook,0,25,None,None,2,N,No,Slow,202501275746,None,1,20.19000053,Y,S,50,F,(UNK),187790,(N/A),(UNK),No Defects,1,1,Other Principal Arterial,3,348,X003937214,Not Toll,73,1,1,Divided - w/median (not raised),2,2939944.55179364,1904797.59865894,41.87216469,-87.80445484,Not on Scene (Desk R,Urban,1,N,(N/A),Y,(N/A)
2025,2025-08-27,Wednesday,8,08:30 AM,Property Damage,No Injuries,0,0,0,0,0,2,Angle,15,N,N,Unable to Determine,(N/A),Daylight,Clear,Dry,N,(N/A),Alley,(N/A),,No Controls,No Controls,N,2,41.9019789,-87.7802276,ok,(UNK),None,2504649,2025,0,18,99,50000andOVER,9,4295,Oak Park,C,(UNK),None,16,27,13224246,8,Cook,0,25,None,None,3,N,No,Free Flow,202501275752,None,1,0.5,N,,,,(UNK),187791,(N/A),(UNK),No Defects,1,1,Major Collector,5,3559,X003937219,Not Toll,73,1,1,Alley,12,2946242.74082693,1915842.26540197,41.90197101,-87.78022177,On Scene,Urban,1,N,(N/A),Y,(N/A)
2025,2025-08-26,Tuesday,14,02:00 PM,Property Damage,No Injuries,0,0,0,0,0,3,Front to Rear,11,N,N,Operating Vehicle In Reckless Manner,Improper Lane Usage,Daylight,Clear,Dry,N,(N/A),I-290 W/B,(N/A),,Other,Functioning Properly,N,2,41.8735804,-87.8023157,ok,Partial Access Control,None,03-25-22226,2025,0,50,20,50000andOVER,9,4295,Oak Park,C,(UNK),None,16,26,13225249,8,Cook,0,25,None,None,2,N,No,(UNK),202501276710,None,1,7.80000019,Y,E,602,F,(UNK),188449,(N/A),(UNK),No Defects,1,1,InterState,1,290,X003938143,Not Toll,73,13,4,Divided With Median Barrier,3,2940514.64326876,1905326.72821924,41.87357251,-87.80230987,On Scene,Urban,1,N,(N/A),Y,(N/A)
2025,2025-08-26,Tuesday,19,07:00 PM,Property Damage,No Injuries,0,0,0,0,0,3,Front to Rear,11,N,N,Failing to Reduce Speed to Avoid Crash,Equipment-Vehicle Condition,Dusk,Clear,Dry,N,(N/A),I-290 W/B,(N/A),,Other,Functioning Properly,N,2,41.8732469,-87.7993472,ok,Partial Access Control,None,03-25-22248,2025,0,28,10,50000andOVER,9,4295,Oak Park,C,(UNK),None,16,26,13225250,8,Cook,0,25,None,None,2,N,No,(UNK),202501276711,None,3,320.1499939,Y,E,81,F,(UNK),188450,(N/A),(UNK),No Defects,1,1,InterState,1,5110,X003938144,Not Toll,73,13,4,Divided With Median Barrier,3,2941326.5,1905227.5,41.87323904,-87.79934143,On Scene,Urban,1,N,(N/A),Y,(N/A)