crash_year,crash_date,day_of_week,crash_hour,time_of_crash,crash_severity,crash_injury_severity,total_injured,total_fatals,a_injuries,b_injuries,c_injuries,no_injuries,type_of_first_crash,collision_type_code,pedestrian_involved,pedalcyclist_involved,cause1,cause2,lighting_cond,weather_cond,road_surface_cond,intersection_related,is_intersection,highway_or_street_name,at_intersection_with,address_no,traffic_control_device,traffic_control_device_cond,hit_and_run,number_of_vehicles,latitude,longitude,location_status,access_control,agency_code,agency_report_number,agency_report_year,alignment_code,cause1_code,cause2_code,city_class,city_class_code,city_code,city_name,city_township_flag,class_of_trafficway,class_of_trafficway_code,county_code,crash_day,crash_id,crash_month,crash_report_county,crash_severity_cd,crash_yr_source,damaged_property1,damaged_property2,day_of_week_code,did_crash_occur_in_work_zone,did_involve_secondary_crash,flow_condition,icn,investigating_agency_descrip,light_condition_code,mile_station,nhs,non_intersection_direction,non_intersection_distance,non_intersection_units,number_of_lanes,objectid,railroad_crossing_number,road_alignment,road_defects,road_defects_code,road_surface_condition_code,roadway_functional_class,roadway_functional_class_code,route_number,sfe,toll,township,traffic_control_device_code,traffic_control_device_cond_code,trafficway_descrip,trafficway_description_code,ts_crash_coordinate_x,ts_crash_coordinate_y,ts_crash_latitude,ts_crash_longitude,type_report,urban_rural,weather_code,were_workers_present,work_zone,work_zone_related,work_zone_type
2025,2025-08-26,Tuesday,16,04:22 PM,Property Damage,No Injuries,0,0,0,0,0,4,Front to Rear,11,N,N,Physical Condition of Driver,Failing to Reduce Speed to Avoid Crash,Daylight,Clear,Dry,N,(N/A),Jackson Blvd,(N/A),,Traffic Signal,Functioning Properly,N,2,41.8763141,-87.78164,ok,(UNK),None,2504636,2025,0,17,28,50000andOVER,9,4295,Oak Park,C,(UNK),None,16,26,13225770,8,Cook,0,25,None,None,2,N,No,Stopped,202501277092,None,1,0,N,E,60,F,(UNK),188745,(N/A),(UNK),No Defects,1,1,Local Road or Street,7,0,X003938512,Not Toll,73,3,4,Divided - w/median (not raised),2,2946118.3036298,1906478.85272273,41.8763063,-87.78163423,On Scene,Urban,1,N,(N/A),Y,(N/A)
2025,2025-08-28,Thursday,2,02:48 AM,Property Damage,No Injuries,0,0,0,0,0,2,Front to Rear,11,N,N,Failing to Reduce Speed to Avoid Crash,Distraction - From Inside Vehicle,Darkness / Lighted Road,Rain,Wet,N,(N/A),Madison,(N/A),703,No Controls,No Controls,N,2,41.8797133,-87.792779,ok,(UNK),None,2504673,2025,0,28,41,50000andOVER,9,4295,Oak Park,C,(UNK),None,16,28,13225781,8,Cook,0,25,BENCH,None,4,N,No,Free Flow,202501277103,None,5,3.67000008,N,,,,(UNK),188754,(N/A),(UNK),No Defects,1,2,Minor Arterial,4,1419,X003938522,Not Toll,73,1,1,Divided - w/median (not raised),2,2943050.277837,1907633.42802826,41.87970549,-87.79277315,On Scene,Urban,2,N,(N/A),Y,(N/A)
2025,2025-06-09,Monday,20,08:30 PM,Injury,B Injury Crash,1,0,0,1,0,2,Turning,10,N,N,Failing to Yield Right of Way,Failing to Reduce Speed to Avoid Crash,Darkness,Clear,Dry,Y,Madis,N Harlem Ave,Madison St/N Harlem Ave,,Traffic Signal,Functioning Properly,N,2,41.879668,-87.8047358,ok,(UNK),None,2502999,2025,0,2,28,50000andOVER,9,4295,Oak Park,C,(UNK),None,16,9,13227683,6,Cook,2,25,None,None,1,N,Yes,Free Flow,202501278880,None,4,19.68000031,Y,,,,(UNK),190047,(N/A),(UNK),No Defects,1,1,Other Principal Arterial,3,348,X003940293,Not Toll,73,3,4,T-Intersection,15,2939794.39804229,1907527.0093028,41.87966014,-87.80473,On Scene,Urban,1,N,(N/A),Y,(N/A)
2025,2025-08-23,Saturday,17,05:40 PM,Property Damage,No Injuries,0,0,0,0,0,3,Front to Rear,11,N,N,Following Too Closely,Failing to Reduce Speed to Avoid Crash,Daylight,Clear,Dry,N,(N/A),I 290 W/B,(N/A),,Other Regualtory Sig,Functioning Properly,N,2,41.8737369,-87.8040838,ok,Partial Access Control,None,03-25-22197,2025,0,3,28,50000andOVER,9,4295,Oak Park,C,(UNK),None,16,23,13228236,8,Cook,0,25,None,None,6,N,No,(UNK),202501279403,None,1,7.71999979,Y,E,123,F,(UNK),190433,(N/A),(UNK),No Defects,1,1,InterState,1,290,X003940819,Not Toll,73,10,4,Divided With Median Barrier,3,2940031.5,1905370.5,41.87372903,-87.80407797,Not on Scene (Desk R,Urban,1,N,(N/A),Y,(N/A)
2025,2025-08-30,Saturday,19,07:16 PM,Property Damage,No Injuries,0,0,0,0,0,3,Angle,15,N,N,Disregarding Traffic Signals,Failing to Reduce Speed to Avoid Crash,Dusk,Clear,Dry,Y,Washi,S Lombard Ave,S Lombard Ave/Washington Blvd,,Traffic Signal,Functioning Properly,Y,2,41.8819178,-87.7796158,ok,(UNK),None,2504726,2025,0,25,28,50000andOVER,9,4295,Oak Park,C,(UNK),None,16,30,13228550,8,Cook,0,25,None,None,6,N,No,Free Flow,202501279705,None,3,1.29999995,N,,,,(UNK),190673,(N/A),(UNK),No Defects,1,1,Major Collector,5,5,X003941123,Not Toll,73,3,4,Four Way,14,2946612.78455684,1908536.27913109,41.88191,-87.77961,On Scene,Urban,1,N,(N/A),Y,(N/A)
2025,2025-08-29,Friday,13,01:31 PM,Property Damage,No Injuries,0,0,0,0,0,2,Turning,10,N,N,Failing to Reduce Speed to Avoid Crash,Failing to Yield Right of Way,Daylight,Clear,Dry,Y,N Rid,Augusta St,Augusta St/N Ridgeland Ave,,Traffic Signal,Functioning Properly,N,2,41.8982368,-87.785006,ok,(UNK),None,2504698,2025,0,28,2,50000andOVER,9,4295,Oak Park,C,(UNK),None,16,29,13230860,8,Cook,0,25,None,None,5,N,No,Free Flow,202501281988,None,1,0.25,N,,,,(UNK),192277,(N/A),(UNK),No Defects,1,1,Major Collector,5,2783,X003943320,Not Toll,73,3,4,Divided - w/median (not raised),2,2944979.70238908,1914442.42084915,41.89822898,-87.78500023,On Scene,Urban,1,N,(N/A),Y,(N/A)
2025,2025-08-29,Friday,16,04:57 PM,Property Damage,No Injuries,0,0,0,0,0,3,Front to Rear,11,N,N,Failing to Reduce Speed to Avoid Crash,Following Too Closely,Daylight,Clear,Dry,Y,Mario,North Ave,Marion St/North Ave,,No Controls,No Controls,N,2,41.9088543,-87.8042145,ok,(UNK),None,2504701,2025,0,28,3,50000andOVER,9,4295,Oak Park,C,(UNK),None,16,29,13230864,8,Cook,0,25,None,None,5,N,No,Free Flow,202501281992,None,1,6,Y,,,,(UNK),192279,(N/A),(UNK),No Defects,1,1,Other Principal Arterial,3,307,X003943324,Not Toll,73,1,1,Divided With Median Barrier,3,2939643.3680495,1918166.95803243,41.90884644,-87.80420866,On Scene,Urban,1,N,(N/A),Y,(N/A)
2025,2025-08-30,Saturday,10,10:45 AM,Property Damage,No Injuries,0,0,0,0,0,2,Rear to Side,16,N,N,Improper Backing,Driving Skills/Knowledge/Experience,Daylight,Clear,Dry,N,(N/A),Berkshire St,(N/A),,No Controls,No Controls,N,2,41.9038914,-87.7766918,ok,(UNK),None,2504714,2025,0,30,15,50000andOVER,9,4295,Oak Park,C,(UNK),None,16,30,13230877,8,Cook,0,25,None,None,6,N,No,Free Flow,202501282004,None,1,0,N,W,100,F,(UNK),192290,(N/A),(UNK),No Defects,1,1,Local Road or Street,7,0,X003943336,Not Toll,73,1,1,Not Divided,1,2947185.89891074,1916566.03320145,41.90388352,-87.77668605,On Scene,Urban,1,N,(N/A),Y,(N/A)
2025,2025-08-30,Saturday,18,06:11 PM,Property Damage,No Injuries,0,0,0,0,0,1,Parked Motor Vehicle,9,N,N,Equipment-Vehicle Condition,Unable to Determine,Daylight,Clear,Dry,N,(N/A),Augusta St,(N/A),,No Controls,No Controls,N,2,41.8982447,-87.7833048,ok,(UNK),None,2504725,2025,0,10,18,50000andOVER,9,4295,Oak Park,C,(UNK),None,16,30,13230879,8,Cook,0,25,None,None,6,N,No,Slow,202501282006,None,1,0,N,E,20,F,(UNK),192292,(N/A),(UNK),No Defects,1,1,Local Road or Street,7,0,X003943338,Not Toll,73,1,1,Divided - w/median (not raised),2,2945442.81191746,1914458.14586814,41.89823681,-87.78329897,On Scene,Urban,1,N,(N/A),Y,(N/A)
2025,2025-08-31,Sunday,19,07:31 PM,Property Damage,No Injuries,0,0,0,0,0,2,Front to Rear,11,N,N,Failing to Reduce Speed to Avoid Crash,(N/A),Daylight,Clear,Unknown,Y,North,Harlem Ave,Harlem Ave/North Ave,,Traffic Signal,Functioning Properly,N,2,41.9087836,-87.8057828,ok,(UNK),None,2504740,2025,0,28,99,50000andOVER,9,4295,Oak Park,C,(UNK),None,16,31,13230884,8,Cook,0,25,None,None,7,N,No,Stopped,202501282010,None,1,5.92000008,Y,,,,(UNK),192295,(N/A),(UNK),No Defects,1,9,Other Principal Arterial,3,307,X003943342,Not Toll,73,3,4,Not Divided,1,2939217.15254131,1918129.45344353,41.9087758,-87.80577698,On Scene,Urban,1,N,(N/A),Y,(N/A)
2025,2025-08-25,Monday,13,01:59 PM,Property Damage,No Injuries,0,0,0,0,0,1,Parked Motor Vehicle,9,N,N,Driving Skills/Knowledge/Experience,Unable to Determine,Daylight,Clear,Dry,N,(N/A),S Maple Ave,(N/A),520,No Controls,No Controls,Y,2,41.8791236,-87.8038237,ok,(UNK),None,2504600,2025,0,15,18,50000andOVER,9,4295,Oak Park,C,(UNK),None,16,25,13232059,8,Cook,0,25,None,None,1,N,No,Free Flow,202501283106,None,1,0,N,,,,(UNK),193056,(N/A),(UNK),No Defects,1,1,Local Road or Street,7,0,X003944404,Not Toll,73,1,1,Parking Lot,7,2940048.26623558,1907335.45502614,41.87911572,-87.8038179,On Scene,Urban,1,N,(N/A),Y,(N/A)
2025,2025-08-20,Wednesday,7,07:48 AM,Property Damage,No Injuries,0,0,0,0,0,4,Front to Rear,11,N,N,Failing to Reduce Speed to Avoid Crash,(N/A),Daylight,Clear,Dry,Y,Garfi,S Harlem Ave,Garfield St/S Harlem Ave,,Traffic Signal,Functioning Properly,Y,3,41.87231,-87.8044659,ok,(UNK),None,2504490,2025,0,28,99,50000andOVER,9,4295,Oak Park,C,(UNK),None,16,20,13232062,8,Cook,0,25,None,None,3,N,No,Stopped,202501289334,None,1,20.18000031,Y,,,,(UNK),193057,(N/A),(UNK),No Defects,1,1,Other Principal Arterial,3,348,X003944406,Not Toll,73,3,4,Not Divided,1,2939941.73917192,1904847.66118026,41.87230217,-87.8044601,On Scene,Urban,1,N,(N/A),Y,(N/A)
2025,2025-09-02,Tuesday,10,10:30 AM,Property Damage,No Injuries,0,0,0,0,0,2,Front to Rear,11,N,N,Improper Lane Usage,Improper Lane Usage,Daylight,Clear,Dry,N,(N/A),I-290 W/B,(N/A),,Other,Functioning Properly,Y,2,41.8724812,-87.7921684,ok,Partial Access Control,None,03-25-22905,2025,0,20,20,50000andOVER,9,4295,Oak Park,C,(UNK),None,16,2,13232210,9,Cook,0,25,None,None,2,N,No,(UNK),202501283230,None,1,8.28999996,Y,E,500,F,(UNK),193141,(N/A),(UNK),No Defects,1,1,InterState,1,290,X003944529,Not Toll,73,13,4,Divided With Median Barrier,3,2943289.5,1905002.5,41.87247333,-87.79216263,Not on Scene (Desk R,Urban,1,N,(N/A),Y,(N/A)
2025,2025-09-03,Wednesday,7,07:38 AM,Property Damage,No Injuries,0,0,0,0,0,2,Front to Rear,11,N,N,Following Too Closely,(N/A),Daylight,Cloudy/Overcast,Dry,Y,(UNK),Madison St,(UNK)/Madison St,7204,Traffic Signal,Functioning Improperly,N,2,41.8796672,-87.8047358,ok,(UNK),None,25-02791,2025,0,3,99,50000andOVER,9,4295,Oak Park,C,(UNK),None,16,3,13232342,9,Cook,0,25,None,None,3,N,No,Free Flow,202501283352,None,1,19.68000031,Y,,,,(UNK),193218,(N/A),(UNK),No Defects,1,1,Other Principal Arterial,3,348,X003944649,Not Toll,73,3,3,Divided - w/median (not raised),2,2939794.41398976,1907526.7357754,41.87965938,-87.80472997,On Scene,Urban,8,N,(N/A),Y,(N/A)
2025,2025-09-02,Tuesday,6,06:18 AM,Property Damage,No Injuries,0,0,0,0,0,2,Front to Rear,11,N,N,Failing to Reduce Speed to Avoid Crash,Following Too Closely,Daylight,Clear,Dry,N,(N/A),I290,(N/A),,Other,Functioning Properly,N,2,41.8735083,-87.8045198,ok,Partial Access Control,None,03-25-22976,2025,0,28,3,50000andOVER,9,4295,Oak Park,C,(UNK),None,16,2,13232884,9,Cook,0,25,None,None,2,N,No,(UNK),202501283810,None,1,7.69999981,Y,E,0,F,(UNK),193558,(N/A),(UNK),No Defects,1,1,InterState,1,290,X003945111,Not Toll,73,13,4,Divided With Median Barrier,3,2939915.03330888,1905283.93636296,41.87350047,-87.804514,Not on Scene (Desk R,Urban,1,N,(N/A),Y,(N/A)
2025,2025-08-31,Sunday,15,03:03 PM,Property Damage,No Injuries,0,0,0,0,0,2,Turning,10,N,N,Failing to Reduce Speed to Avoid Crash,Improper Lane Usage,Daylight,Clear,Dry,N,(N/A),S Harlem Ave,(N/A),,Traffic Signal,Functioning Properly,N,2,41.8650289,-87.8041433,ok,(UNK),None,2504738,2025,0,28,20,50000andOVER,9,4295,Oak Park,C,(UNK),None,16,31,13233456,8,Cook,0,25,None,None,7,N,No,Free Flow,202501284296,None,1,5.98999977,Y,E,20,F,(UNK),193916,(N/A),(UNK),No Defects,1,1,Other Principal Arterial,3,347,X003945602,Not Toll,52,3,4,Divided With Median Barrier,3,2940102.67629257,1902196.70866191,41.86502104,-87.80413748,On Scene,Urban,1,N,(N/A),Y,(N/A)
2025,2025-08-31,Sunday,2,02:23 AM,Injury,B Injury Crash,1,0,0,1,0,5,Turning,10,N,N,Improper Lane Usage,(N/A),Darkness,Clear,Dry,Y,I290,S Harlem Ave,I290/S Harlem Ave,,Traffic Signal,Functioning Properly,N,2,41.8736416,-87.8045258,ok,Partial Access Control,None,2504731,2025,0,20,99,50000andOVER,9,4295,Oak Park,C,(UNK),None,16,31,13234961,8,Cook,2,25,None,None,7,N,No,Free Flow,202501285552,None,4,0.23999999,Y,,,,(UNK),194884,(N/A),(UNK),No Defects,1,1,InterState,1,290,X003946848,Not Toll,73,3,4,Four Way,14,2939912.062394,1905332.46992192,41.87363377,-87.80452,On Scene,Urban,1,N,(N/A),Y,(N/A)
2025,2025-09-03,Wednesday,17,05:42 PM,Property Damage,No Injuries,0,0,0,0,0,3,Front to Front,14,N,N,Improper Lane Usage,Failing to Reduce Speed to Avoid Crash,Dawn,Rain,Wet,N,(N/A),N Lombard Ave,(N/A),,Traffic Signal,Functioning Properly,N,3,41.8881765,-87.7797496,ok,(UNK),None,2504810,2025,0,20,28,50000andOVER,9,4295,Oak Park,C,(UNK),None,16,3,13234965,9,Cook,0,25,None,None,3,N,Yes,Free Flow,202501285556,None,2,1.09000003,N,E,15,F,(UNK),194887,(N/A),(UNK),No Defects,1,2,Major Collector,5,1405,X003946852,Not Toll,73,3,4,Divided - w/median (not raised),2,2946512.86279299,1910816.03788551,41.88816866,-87.77974384,On Scene,Urban,2,N,(N/A),Y,(N/A)
2025,2025-09-04,Thursday,13,01:22 PM,Property Damage,No Injuries,0,0,0,0,0,1,Parked Motor Vehicle,9,N,N,Improper Overtaking/Passing,Driving Skills/Knowledge/Experience,Daylight,Clear,Dry,N,(N/A),North Ave,(N/A),7005,No Controls,No Controls,Y,2,41.9089215,-87.8003654,ok,(UNK),None,2504825,2025,0,4,15,50000andOVER,9,4295,Oak Park,C,(UNK),None,16,4,13235184,9,Cook,0,25,None,None,4,N,No,Free Flow,202501285751,None,1,6.19999981,Y,,,,(UNK),195009,(N/A),(UNK),No Defects,1,1,Other Principal Arterial,3,307,X003947048,Not Toll,73,1,1,Divided - w/median (not raised),2,2940690.47007972,1918220.33634749,41.90891362,-87.8003596,Not on Scene (Desk R,Urban,1,N,(N/A),Y,(N/A)
2025,2025-09-04,Thursday,6,06:48 AM,Property Damage,No Injuries,0,0,0,0,0,2,Turning,10,N,N,Disregarding Other Traffic Signs,(N/A),Daylight,Clear,Dry,N,(N/A),N Harlem Ave,(N/A),,Other Regualtory Sig,Functioning Properly,N,2,41.8917948,-87.8051497,ok,(UNK),None,2501073,2025,0,24,99,50000andOVER,9,4295,Oak Park,C,(UNK),None,16,4,13236217,9,Cook,0,25,None,None,4,N,No,Free Flow,202501286708,None,1,18.82999992,Y,S,150,F,(UNK),195691,(N/A),(UNK),No Defects,1,1,Other Principal Arterial,3,348,X003948003,Not Toll,73,10,4,Divided - w/median (not raised),2,2939559.99557271,1911943.12311891,41.89178691,-87.80514392,On Scene,Urban,1,N,(N/A),Y,(N/A)
2025,2025-08-31,Sunday,2,02:10 AM,Property Damage,No Injuries,0,0,0,0,0,2,Front to Rear,11,N,N,Failing to Reduce Speed to Avoid Crash,Following Too Closely,Darkness / Lighted Road,Clear,Dry,N,(N/A),I-290 W/B,(N/A),,No Controls,No Controls,Y,2,41.8713449,-87.7762411,ok,Partial Access Control,None,03-25-23187,2025,0,28,3,50000andOVER,9,4295,Oak Park,C,(UNK),None,16,31,13237173,8,Cook,0,25,None,None,7,N,No,(UNK),202501287619,None,5,9.10999966,Y,W,.1,M,(UNK),196323,(N/A),(UNK),No Defects,1,1,InterState,1,290,X003948927,Not Toll,73,1,1,Divided With Median Barrier,3,2947639.19431921,1904708.8837185,41.87133702,-87.77623529,Not on Scene (Desk R,Urban,1,N,(N/A),Y,(N/A)
2025,2025-09-06,Saturday,15,03:19 PM,Property Damage,No Injuries,0,0,0,0,0,2,Sideswipe Same Direction,12,N,N,Driving Skills/Knowledge/Experience,(N/A),Daylight,Clear,Dry,N,(N/A),Harlem,(N/A),600,No Controls,No Controls,N,2,41.8756745,-87.8045867,ok,(UNK),None,25-02827,2025,0,15,99,50000andOVER,9,4295,Oak Park,C,(UNK),None,16,6,13238709,9,Cook,0,25,None,None,6,N,No,Free Flow,202501288948,None,1,19.95000076,Y,,,,(UNK),197332,(N/A),(UNK),No Defects,1,1,Other Principal Arterial,3,348,X003950255,Not Toll,73,1,1,Divided - w/median (not raised),2,2939875.06510845,1906072.82916948,41.87566665,-87.80458095,On Scene,Urban,1,N,(N/A),Y,(N/A)
2025,2025-08-29,Friday,11,11:33 AM,Property Damage,No Injuries,0,0,0,0,0,2,Front to Rear,11,N,N,Driving Skills/Knowledge/Experience,(N/A),Daylight,Clear,Dry,N,(N/A),Harlem,(N/A),900,No Controls,No Controls,Y,2,41.87231,-87.8044659,ok,(UNK),None,25-02728,2025,0,15,99,50000andOVER,9,4295,Oak Park,C,(UNK),None,16,29,13238711,8,Cook,0,25,None,None,5,N,No,Free Flow,202501288950,None,1,20.18000031,Y,,,,(UNK),197334,(N/A),(UNK),No Defects,1,1,Other Principal Arterial,3,348,X003950257,Not Toll,73,1,1,Divided - w/median (not raised),2,2939941.73917192,1904847.66118026,41.87230217,-87.8044601,On Scene,Urban,1,N,(N/A),Y,(N/A)
2025,2025-09-06,Saturday,15,03:29 PM,Property Damage,No Injuries,0,0,0,0,0,4,Angle,15,N,N,Failing to Yield Right of Way,Unable to Determine,Daylight,Clear,Dry,Y,S Map,Washington Blvd,S Maple Ave/Washington Blvd,,Stop Sign,No Controls,N,2,41.8814079,-87.8039052,ok,(UNK),None,2504865,2025,0,2,18,50000andOVER,9,4295,Oak Park,C,(UNK),None,16,6,13238819,9,Cook,0,25,STOP SIGN,None,6,N,Yes,Free Flow,202501289048,None,1,0.05,N,,,,(UNK),197394,(N/A),(UNK),No Defects,1,1,Major Collector,5,5,X003950356,Not Toll,73,2,1,Not Divided,1,2940003.13712764,1908167.28353865,41.88140002,-87.80389941,Not on Scene (Desk R,Urban,1,N,(N/A),Y,(N/A)
2025,2025-09-06,Saturday,1,01:11 AM,Property Damage,No Injuries,0,0,0,0,0,2,Turning,10,N,N,Failing to Yield Right of Way,Driving Skills/Knowledge/Experience,Darkness / Lighted Road,Clear,Dry,N,(N/A),S Harlem Ave,(N/A),,Traffic Signal,Functioning Properly,N,2,41.8736416,-87.8045258,ok,Partial Access Control,None,2504853,2025,0,2,15,50000andOVER,9,4295,Oak Park,C,(UNK),None,16,6,13238834,9,Cook,0,25,None,None,6,N,No,Free Flow,202501289061,None,5,0.23999999,Y,,,,(UNK),197399,(N/A),(UNK),No Defects,1,1,InterState,1,290,X003950369,Not Toll,73,3,4,Two-way Continuous Left-Turn Lane,4,2939912.062394,1905332.46992192,41.87363377,-87.80452,On Scene,Urban,1,N,(N/A),Y,(N/A)
2025,2025-09-05,Friday,19,07:26 PM,Property Damage,No Injuries,0,0,0,0,0,1,Parked Motor Vehicle,9,N,N,Improper Backing,(N/A),Darkness / Lighted Road,Clear,Dry,N,(N/A),Home Ave,(N/A),405,No Controls,No Controls,N,2,41.8799448,-87.7998736,ok,(UNK),None,2504850,2025,0,30,99,50000andOVER,9,4295,Oak Park,C,(UNK),None,16,5,13238852,9,Cook,0,25,None,None,5,N,No,Free Flow,202501289074,None,5,0,N,,,,(UNK),197407,(N/A),(UNK),No Defects,1,1,Local Road or Street,7,0,X003950383,Not Toll,73,1,1,Not Divided,1,2941115.79293041,1907664.3685878,41.87993691,-87.79986779,On Scene,Urban,1,N,(N/A),Y,(N/A)
2025,2025-09-05,Friday,16,04:20 PM,Property Damage,No Injuries,0,0,0,0,0,1,Parked Motor Vehicle,9,N,N,Unable to Determine,(N/A),Daylight,Clear,Dry,N,(N/A),Pleasant St,(N/A),950,No Controls,No Controls,Y,2,41.8854349,-87.7992288,ok,(UNK),None,2504849,2025,0,18,99,50000andOVER,9,4295,Oak Park,C,(UNK),None,16,5,13238867,9,Cook,0,25,None,None,5,N,No,Free Flow,202501289085,None,1,0,N,,,,(UNK),197413,(N/A),(UNK),No Defects,1,1,Local Road or Street,7,0,X003950394,Not Toll,73,1,1,Not Divided,1,2941236.17847352,1909669.91372524,41.88542702,-87.79922298,Not on Scene (Desk R,Urban,1,N,(N/A),Y,(N/A)
2025,2025-08-26,Tuesday,6,06:55 AM,Property Damage,No Injuries,0,0,0,0,0,2,Front to Rear,11,N,N,Following Too Closely,Failing to Reduce Speed to Avoid Crash,Daylight,Clear,Dry,N,(N/A),I-290,(N/A),,Other Regualtory Sig,Functioning Properly,Y,2,41.8734095,-87.8035095,ok,Partial Access Control,None,03-25-23218,2025,0,3,28,50000andOVER,9,4295,Oak Park,C,(UNK),None,16,26,13239485,8,Cook,0,25,None,None,2,N,No,(UNK),202501289368,None,1,7.75,Y,E,276,F,(UNK),197842,(N/A),(UNK),No Defects,1,1,InterState,1,290,X003950671,Not Toll,73,10,4,Divided With Median Barrier,3,2940191.20563924,1905255.51513275,41.87340168,-87.80350367,Not on Scene (Desk R,Urban,1,N,(N/A),Y,(N/A)
2025,2025-09-08,Monday,9,09:18 AM,Property Damage,No Injuries,0,0,0,0,0,3,Sideswipe Same Direction,12,N,N,Failing to Yield Right of Way,Failing to Reduce Speed to Avoid Crash,Daylight,Clear,Dry,N,(N/A),North Ave,(N/A),,Traffic Signal,Functioning Properly,N,2,41.9090344,-87.7950462,ok,(UNK),None,2504887,2025,0,2,28,50000andOVER,9,4295,Oak Park,C,(UNK),None,16,8,13239908,9,Cook,0,25,None,None,1,N,No,Free Flow,202501289730,None,1,6.48000002,Y,W,250,F,(UNK),198123,(N/A),(UNK),No Defects,1,1,Other Principal Arterial,3,307,X003951038,Not Toll,73,3,4,Divided - w/median (not raised),2,2942137.29668833,1918301.48747774,41.90902651,-87.79504042,On Scene,Urban,1,N,(N/A),Y,(N/A)
2025,2025-09-08,Monday,14,02:48 PM,Property Damage,No Injuries,0,0,0,0,0,1,Parked Motor Vehicle,9,N,N,Improper Lane Usage,(N/A),Daylight,Clear,Dry,N,(N/A),Randolph St,(N/A),,No Controls,No Controls,N,2,41.88331,-87.79852,ok,(UNK),None,2504895,2025,0,20,99,50000andOVER,9,4295,Oak Park,C,(UNK),None,16,8,13240631,9,Cook,0,25,None,None,1,N,No,Free Flow,202501290496,None,1,0,N,E,5,F,(UNK),198555,(N/A),(UNK),No Defects,1,1,Local Road or Street,7,0,X003951633,Not Toll,,1,1,Not Divided,1,2941450.57102874,1908900.90126778,41.88331,-87.79852,On Scene,Urban,1,N,(N/A),Y,(N/A)
2025,2025-09-08,Monday,20,08:06 PM,Property Damage,No Injuries,0,0,0,0,0,2,Front to Rear,11,N,N,Failing to Reduce Speed to Avoid Crash,Driving Skills/Knowledge/Experience,Darkness / Lighted Road,Clear,Dry,N,(N/A),N Harlem Ave,(N/A),525,No Controls,No Controls,N,2,41.8905989,-87.805116,ok,(UNK),None,2504898,2025,0,28,15,50000andOVER,9,4295,Oak Park,C,(UNK),None,16,8,13240632,9,Cook,0,25,None,None,1,N,No,Free Flow,202501290497,None,5,18.92000008,Y,,,,(UNK),198556,(N/A),(UNK),No Defects,1,1,Other Principal Arterial,3,348,X003951634,Not Toll,73,1,1,Not Divided,1,2939581.17496578,1911507.57064774,41.89059101,-87.80511021,On Scene,Urban,1,N,(N/A),Y,(N/A)
2025,2025-09-10,Wednesday,19,07:01 PM,Property Damage,No Injuries,0,0,0,0,0,2,Sideswipe Same Direction,12,N,N,Improper Lane Usage,Failing to Reduce Speed to Avoid Crash,Dusk,Clear,Dry,N,(N/A),Harlem,(N/A),,No Controls,No Controls,N,2,41.8777877,-87.8046565,ok,(UNK),None,25-02861,2025,0,20,28,50000andOVER,9,4295,Oak Park,C,(UNK),None,16,10,13242328,9,Cook,0,25,None,None,3,N,No,Free Flow,202501292082,None,3,19.79999924,Y,,,,(UNK),199684,(N/A),(UNK),No Defects,1,1,Other Principal Arterial,3,348,X003953209,Not Toll,73,1,1,Divided - w/median (not raised),2,2939834.86220479,1906842.40780994,41.87777989,-87.8046507,On Scene,Urban,1,N,(N/A),Y,(N/A)
2025,2025-09-10,Wednesday,17,05:48 PM,Property Damage,No Injuries,0,0,0,0,0,2,Front to Rear,11,N,N,Failing to Reduce Speed to Avoid Crash,Following Too Closely,Daylight,Clear,Dry,Y,I-290,Harlem,Harlem/I-290,,Traffic Signal,Functioning Properly,N,2,41.8736416,-87.8045258,ok,Partial Access Control,None,25-02860,2025,0,28,3,50000andOVER,9,4295,Oak Park,C,(UNK),None,16,10,13242361,9,Cook,0,25,None,None,3,N,No,Slow,202501292116,None,1,0.23999999,Y,,,,(UNK),199707,(N/A),(UNK),No Defects,1,1,InterState,1,290,X003953242,Not Toll,73,3,4,Divided - w/median (not raised),2,2939912.062394,1905332.46992192,41.87363377,-87.80452,On Scene,Urban,1,N,(N/A),Y,(N/A)
2025,2025-09-09,Tuesday,7,07:17 AM,Property Damage,No Injuries,0,0,0,0,0,2,Sideswipe Same Direction,12,N,N,Improper Overtaking/Passing,Improper Lane Usage,Daylight,Clear,Dry,N,(N/A),I-290,(N/A),,Other Regualtory Sig,Functioning Properly,N,2,41.8715139,-87.7823293,ok,Partial Access Control,None,03-25-23517,2025,0,4,20,50000andOVER,9,4295,Oak Park,C,(UNK),None,16,9,13242454,9,Cook,0,25,None,None,2,N,No,(UNK),202501292208,None,1,8.80000019,Y,W,548,F,(UNK),199789,(N/A),(UNK),No Defects,1,1,InterState,1,290,X003953334,Not Toll,73,10,4,Divided With Median Barrier,3,2945979.18926432,1904724.32892272,41.87150604,-87.78232352,On Scene,Urban,1,N,(N/A),Y,(N/A)
2025,2025-09-10,Wednesday,20,08:04 PM,Property Damage,No Injuries,0,0,0,0,0,2,Front to Rear,11,N,N,Failing to Reduce Speed to Avoid Crash,(N/A),Dusk,Clear,Dry,Y,N Rid,Division St,Division St/N Ridgeland Ave,,Traffic Signal,Functioning Properly,N,2,41.901897,-87.7838797,ok,(UNK),None,2504931,2025,0,28,99,50000andOVER,9,4295,Oak Park,C,(UNK),None,16,10,13243976,9,Cook,0,25,None,None,3,N,No,Stopped,202501293587,None,3,2.0999999,N,,,,(UNK),200813,(N/A),(UNK),No Defects,1,1,Major Collector,5,1394,X003954701,Not Toll,73,3,4,Divided - w/median (not raised),2,2945249.30303184,1915784.77874168,41.90188915,-87.78387386,Not on Scene (Desk R,Urban,1,N,(N/A),Y,(N/A)