crash_year,crash_date,day_of_week,crash_hour,time_of_crash,crash_severity,crash_injury_severity,total_injured,total_fatals,a_injuries,b_injuries,c_injuries,no_injuries,type_of_first_crash,collision_type_code,pedestrian_involved,pedalcyclist_involved,cause1,cause2,lighting_cond,weather_cond,road_surface_cond,intersection_related,is_intersection,highway_or_street_name,at_intersection_with,address_no,traffic_control_device,traffic_control_device_cond,hit_and_run,number_of_vehicles,latitude,longitude,location_status,access_control,agency_code,agency_report_number,agency_report_year,alignment_code,cause1_code,cause2_code,city_class,city_class_code,city_code,city_name,city_township_flag,class_of_trafficway,class_of_trafficway_code,county_code,crash_day,crash_id,crash_month,crash_report_county,crash_severity_cd,crash_yr_source,damaged_property1,damaged_property2,day_of_week_code,did_crash_occur_in_work_zone,did_involve_secondary_crash,flow_condition,icn,investigating_agency_descrip,light_condition_code,mile_station,nhs,non_intersection_direction,non_intersection_distance,non_intersection_units,number_of_lanes,objectid,railroad_crossing_number,road_alignment,road_defects,road_defects_code,road_surface_condition_code,roadway_functional_class,roadway_functional_class_code,route_number,sfe,toll,township,traffic_control_device_code,traffic_control_device_cond_code,trafficway_descrip,trafficway_description_code,ts_crash_coordinate_x,ts_crash_coordinate_y,ts_crash_latitude,ts_crash_longitude,type_report,urban_rural,weather_code,were_workers_present,work_zone,work_zone_related,work_zone_type
2025,2025-09-11,Thursday,10,10:14 AM,Property Damage,No Injuries,0,0,0,0,0,1,Fixed Object,6,N,N,Driving Skills/Knowledge/Experience,Failing to Reduce Speed to Avoid Crash,Daylight,Clear,Dry,N,(N/A),Euclid Ave,(N/A),,Stop Sign,Functioning Properly,Y,1,41.887342,-87.7926889,ok,(UNK),None,2504935,2025,0,15,28,50000andOVER,9,4295,Oak Park,C,(UNK),None,16,11,13243980,9,Cook,0,25,BRIDGE UNDERSIDE,None,4,N,No,Free Flow,202501293590,None,1,0,N,,,,(UNK),200815,(N/A),(UNK),No Defects,1,1,Local Road or Street,7,0,X003954704,Not Toll,73,2,4,Divided With Median Barrier,3,2942997.85412267,1910414.15004726,41.8873342,-87.79268311,On Scene,Urban,1,N,(N/A),Y,(N/A)
2025,2025-09-02,Tuesday,17,05:52 PM,Property Damage,No Injuries,0,0,0,0,0,2,Sideswipe Same Direction,12,N,N,Improper Lane Usage,Failing to Reduce Speed to Avoid Crash,Daylight,Clear,Dry,N,(N/A),N Harlem Ave,(N/A),,No Controls,No Controls,N,2,41.8886325,-87.8050287,ok,(UNK),None,2504784,2025,0,20,28,50000andOVER,9,4295,Oak Park,C,(UNK),None,16,2,13244796,9,Cook,0,25,None,None,2,N,No,Free Flow,202501294277,None,1,19.05999947,Y,N,25,F,(UNK),201339,(N/A),(UNK),No Defects,1,1,Other Principal Arterial,3,348,X003955380,Not Toll,73,1,1,Divided - w/median (not raised),2,2939624.6745314,1910791.63348882,41.88862462,-87.80502292,Not on Scene (Desk R,Urban,1,N,(N/A),Y,(N/A)
2025,2025-09-04,Thursday,7,07:13 AM,Injury,C Injury Crash,1,0,0,0,1,2,Front to Rear,11,N,N,Following Too Closely,Failing to Reduce Speed to Avoid Crash,Daylight,Clear,Dry,N,(N/A),Eisenhower Expy,(N/A),,Other,Functioning Properly,N,2,41.8734778,-87.8042102,ok,Partial Access Control,None,03-25-23049,2025,0,3,28,50000andOVER,9,4295,Oak Park,C,(UNK),None,16,4,13244820,9,Cook,1,25,None,None,4,N,No,(UNK),202501294302,None,1,7.71000004,Y,E,84,F,(UNK),201360,(N/A),(UNK),No Defects,1,1,InterState,1,290,X003955404,Not Toll,73,13,4,Divided With Median Barrier,3,2939999.66101616,1905275.13622768,41.87346995,-87.80420442,On Scene,Urban,1,N,(N/A),Y,(N/A)
2025,2025-09-13,Saturday,19,07:10 PM,Property Damage,No Injuries,0,0,0,0,0,2,Turning,10,N,N,Improper Overtaking/Passing,Failing to Reduce Speed to Avoid Crash,Darkness / Lighted Road,Clear,Dry,Y,I-290,Harlem,Harlem/I-290,,Traffic Signal,Functioning Properly,N,2,41.8736416,-87.8045258,ok,Partial Access Control,None,25-02903,2025,0,4,28,50000andOVER,9,4295,Oak Park,C,(UNK),None,16,13,13245874,9,Cook,0,25,None,None,6,N,No,Free Flow,202501295289,None,5,0.23999999,Y,,,,(UNK),202113,(N/A),(UNK),No Defects,1,1,InterState,1,290,X003956411,Not Toll,73,3,4,Divided - w/median (not raised),2,2939912.062394,1905332.46992192,41.87363377,-87.80452,Not on Scene (Desk R,Urban,1,N,(N/A),Y,(N/A)
2025,2025-09-09,Tuesday,8,08:15 AM,Property Damage,No Injuries,0,0,0,0,0,2,Front to Rear,11,N,N,Failing to Reduce Speed to Avoid Crash,Driving Skills/Knowledge/Experience,Daylight,Clear,Dry,N,(N/A),Eisenhower Expy,(N/A),,No Controls,No Controls,N,2,41.8730682,-87.8000078,ok,Partial Access Control,None,03-25-23629,2025,0,28,15,50000andOVER,9,4295,Oak Park,C,(UNK),None,16,9,13247148,9,Cook,0,25,None,None,2,N,No,(UNK),202501296516,None,1,7.90999985,Y,W,205,F,(UNK),202988,(N/A),(UNK),No Defects,1,1,InterState,1,290,X003957644,Not Toll,73,1,1,Divided With Median Barrier,3,2941148.38854592,1905157.41289656,41.87306033,-87.80000196,Not on Scene (Desk R,Urban,1,N,(N/A),Y,(N/A)
2025,2025-09-12,Friday,8,08:04 AM,Property Damage,No Injuries,0,0,0,0,0,2,Front to Rear,11,N,N,Failing to Reduce Speed to Avoid Crash,Following Too Closely,Daylight,Clear,Unknown,N,(N/A),North Ave,(N/A),,Traffic Signal,Functioning Properly,N,2,41.9090769,-87.7915163,ok,(UNK),None,2504961,2025,0,28,3,50000andOVER,9,4295,Oak Park,C,(UNK),None,16,12,13247777,9,Cook,0,25,None,None,5,N,No,Free Flow,202501297050,None,1,6.65999985,Y,W,25,F,(UNK),203408,(N/A),(UNK),Unknown,99,9,Other Principal Arterial,3,307,X003958160,Not Toll,73,3,4,Divided - w/median (not raised),2,2943097.7787259,1918343.58140545,41.90906902,-87.79151046,Not on Scene (Desk R,Urban,1,N,(N/A),N,(N/A)
2025,2025-09-12,Friday,10,10:02 AM,Property Damage,No Injuries,0,0,0,0,0,1,Parked Motor Vehicle,9,N,N,Failing to Reduce Speed to Avoid Crash,Driving Skills/Knowledge/Experience,Unknown,Clear,Dry,N,(N/A),Harrison St,(N/A),,No Controls,No Controls,Y,2,41.8727428,-87.7781581,ok,(UNK),None,2504964,2025,0,28,15,50000andOVER,9,4295,Oak Park,C,(UNK),None,16,12,13247782,9,Cook,0,25,None,None,5,N,No,Free Flow,202501297055,None,9,0,N,W,250,F,(UNK),203411,(N/A),(UNK),No Defects,1,1,Local Road or Street,7,0,X003958165,Not Toll,73,1,1,Divided - w/median (not raised),2,2947102.86834114,1905203.76737461,41.87273494,-87.77815227,On Scene,Urban,1,N,(N/A),Y,(N/A)
2025,2025-09-14,Sunday,1,01:00 AM,Property Damage,No Injuries,0,0,0,0,0,2,Sideswipe Same Direction,12,N,N,Improper Lane Usage,Failing to Reduce Speed to Avoid Crash,Darkness / Lighted Road,Clear,Dry,N,(N/A),I-290,(N/A),,Other Regualtory Sig,Functioning Properly,Y,2,41.8734508,-87.8039336,ok,Partial Access Control,None,03-25-24062,2025,0,20,28,50000andOVER,9,4295,Oak Park,C,(UNK),None,16,14,13248215,9,Cook,0,25,None,None,7,N,No,(UNK),202501297478,None,5,7.73000002,Y,E,161,F,(UNK),203682,(N/A),(UNK),No Defects,1,1,InterState,1,290,X003958568,Not Toll,73,10,4,Divided With Median Barrier,3,2940075.28628365,1905267.38946597,41.873443,-87.80392775,Not on Scene (Desk R,Urban,1,N,(N/A),Y,(N/A)
2025,2025-09-14,Sunday,2,02:58 AM,Property Damage,No Injuries,0,0,0,0,0,2,Sideswipe Same Direction,12,N,N,Improper Lane Usage,Failing to Reduce Speed to Avoid Crash,Darkness / Lighted Road,Clear,Dry,N,(N/A),I290,(N/A),,Other,Functioning Properly,N,2,41.8714651,-87.7781955,ok,Partial Access Control,None,03-25-24015,2025,0,20,28,50000andOVER,9,4295,Oak Park,C,(UNK),None,16,14,13248347,9,Cook,0,25,None,None,7,N,No,(UNK),202501297599,None,5,9.01000023,Y,W,.2,M,(UNK),203781,(N/A),(UNK),No Defects,1,1,InterState,1,290,X003958690,Not Toll,73,13,4,Divided With Median Barrier,3,2947105.64468028,1904737.85760586,41.87145722,-87.77818968,On Scene,Urban,1,N,(N/A),Y,(N/A)
2025,2025-09-15,Monday,9,09:59 AM,Injury,B Injury Crash,1,0,0,1,0,1,Angle,15,N,N,Failing to Yield Right of Way,Failing to Reduce Speed to Avoid Crash,Daylight,Clear,Dry,Y,N Tay,Ontario St,N Taylor Ave/Ontario St,,Stop Sign,Functioning Properly,N,2,41.8904655,-87.7782546,ok,(UNK),None,2505027,2025,0,2,28,50000andOVER,9,4295,Oak Park,C,(UNK),None,16,15,13248726,9,Cook,2,25,None,None,1,N,No,Slow,202501297896,None,1,0,N,,,,(UNK),203983,(N/A),(UNK),No Defects,1,1,Local Road or Street,7,0,X003958984,Not Toll,73,2,4,Four Way,14,2946896.73062559,1911661.53627144,41.89045768,-87.77824883,On Scene,Urban,1,N,(N/A),Y,(N/A)
2025,2025-09-15,Monday,9,09:05 AM,Property Damage,No Injuries,0,0,0,0,0,2,Sideswipe Same Direction,12,N,N,Failing to Reduce Speed to Avoid Crash,(N/A),Daylight,Clear,Dry,Y,(UNK),North Ave,(UNK)/North Ave,6407,Traffic Signal,Functioning Properly,N,2,41.9091421,-87.7855478,ok,(UNK),None,2505025,2025,0,28,99,50000andOVER,9,4295,Oak Park,C,(UNK),None,16,15,13248728,9,Cook,0,25,None,None,1,N,No,Slow,202501297898,None,1,6.96000004,Y,,,,(UNK),203985,(N/A),(UNK),No Defects,1,1,Other Principal Arterial,3,307,X003958986,Not Toll,73,3,4,T-Intersection,15,2944721.83705654,1918412.43783635,41.90913429,-87.78554197,On Scene,Urban,1,N,(N/A),Y,(N/A)
2025,2025-09-11,Thursday,18,06:34 PM,Injury,C Injury Crash,1,0,0,0,1,2,Front to Rear,11,N,N,Distraction   Other Electronic Device (Navigation Device / DVD Player / etc.),Failing to Reduce Speed to Avoid Crash,Daylight,Clear,Dry,Y,Harle,North Ave,Harlem Ave/North Ave,,Traffic Signal,Functioning Properly,N,2,41.9087844,-87.8057828,ok,(UNK),None,2501111,2025,0,43,28,50000andOVER,9,4295,Oak Park,C,(UNK),None,16,11,13248735,9,Cook,1,25,None,None,4,N,No,Stopped,202501297906,None,1,5.92000008,Y,,,,(UNK),203990,(N/A),(UNK),No Defects,1,1,Other Principal Arterial,3,307,X003958993,Not Toll,73,3,4,Not Divided,1,2939217.14003453,1918129.71321114,41.90877651,-87.805777,On Scene,Urban,1,N,(N/A),Y,(N/A)
2025,2025-09-15,Monday,12,12:39 PM,Property Damage,No Injuries,0,0,0,0,0,2,Turning,10,N,N,Improper Lane Usage,Unable to Determine,Daylight,Clear,Dry,Y,I-290,Harlem Ave,Harlem Ave/I-290 E,,Traffic Signal,Functioning Properly,N,2,41.8736416,-87.8045258,ok,Partial Access Control,None,25-02922,2025,0,20,18,50000andOVER,9,4295,Oak Park,C,(UNK),None,16,15,13248862,9,Cook,0,25,None,None,1,N,No,Free Flow,202501298028,None,1,0.23999999,Y,,,,(UNK),204057,(N/A),(UNK),No Defects,1,1,InterState,1,290,X003959101,Not Toll,73,3,4,Divided With Median Barrier,3,2939912.062394,1905332.46992192,41.87363377,-87.80452,On Scene,Urban,1,N,(N/A),Y,(N/A)
2025,2025-09-08,Monday,17,05:00 PM,Property Damage,No Injuries,0,0,0,0,0,3,Front to Rear,11,N,N,Failing to Reduce Speed to Avoid Crash,Following Too Closely,Daylight,Clear,Dry,Y,I-290,Harlem,Harlem/I-290,,Traffic Signal,Functioning Properly,Y,3,41.8736411,-87.804522,ok,Partial Access Control,None,25-02844,2025,0,28,3,50000andOVER,9,4295,Oak Park,C,(UNK),None,16,8,13249867,9,Cook,0,25,None,None,1,N,Yes,Slow,202501299179,None,1,0.23999999,Y,,,,(UNK),204707,(N/A),(UNK),No Defects,1,1,InterState,1,290,X003960047,Not Toll,73,3,4,Divided - w/median (not raised),2,2939913.112948,1905332.3289199,41.87363331,-87.80451616,On Scene,Urban,1,N,(N/A),Y,(N/A)
2025,2025-09-16,Tuesday,8,08:00 AM,Property Damage,No Injuries,0,0,0,0,0,3,Front to Rear,11,N,N,Following Too Closely,Failing to Reduce Speed to Avoid Crash,Daylight,Clear,Dry,N,(N/A),I-290,(N/A),,Other Regualtory Sig,Functioning Properly,N,2,41.8725172,-87.794256,ok,Partial Access Control,None,03-25-24281,2025,0,3,28,50000andOVER,9,4295,Oak Park,C,(UNK),None,16,16,13249916,9,Cook,0,25,None,None,2,N,No,(UNK),202501299221,None,1,8.18000031,Y,W,66,F,(UNK),204733,(N/A),(UNK),No Defects,1,1,InterState,1,290,X003960090,Not Toll,73,10,4,Divided With Median Barrier,3,2942720.537545,1904999.8812786,41.87250931,-87.79425022,Not on Scene (Desk R,Urban,1,N,(N/A),Y,(N/A)
2025,2025-09-15,Monday,16,04:38 PM,Property Damage,No Injuries,0,0,0,0,0,2,Angle,15,N,N,Disregarding Stop Sign,Failing to Yield Right of Way,Daylight,Clear,Dry,Y,Rando,S Marion St,Randolph St/S Marion St,,Stop Sign,Functioning Properly,N,2,41.8832651,-87.8024271,ok,(UNK),None,2505036,2025,0,23,2,50000andOVER,9,4295,Oak Park,C,(UNK),None,16,15,13250169,9,Cook,0,25,None,None,1,N,No,Free Flow,202501299440,None,1,0,N,,,,(UNK),204879,(N/A),(UNK),No Defects,1,1,Local Road or Street,7,0,X003960301,Not Toll,73,2,4,Not Divided,1,2940387.03322516,1908855.18159563,41.88325724,-87.80242125,On Scene,Urban,1,N,(N/A),Y,(N/A)
2025,2025-09-15,Monday,20,08:07 PM,Property Damage,No Injuries,0,0,0,0,0,1,Parked Motor Vehicle,9,N,N,Driving Skills/Knowledge/Experience,(N/A),Darkness / Lighted Road,Clear,Dry,N,(N/A),Harlem Ave,(N/A),624,No Controls,No Controls,N,2,41.8915598,-87.805142,ok,(UNK),None,2501131,2025,0,15,99,50000andOVER,9,4295,Oak Park,C,(UNK),None,16,15,13250172,9,Cook,0,25,None,None,1,N,No,Free Flow,202501299444,None,5,18.85000038,Y,,,,(UNK),204881,(N/A),(UNK),No Defects,1,1,Other Principal Arterial,3,348,X003960304,Not Toll,73,1,1,Parking Lot,7,2939564.44312873,1911857.55197835,41.89155193,-87.80513624,On Scene,Urban,1,N,(N/A),Y,(N/A)
2025,2025-09-16,Tuesday,1,01:11 AM,Injury,A Injury Crash,2,0,1,1,0,0,Front to Rear,11,N,N,Cell Phone Use Other Than Texting,Failing to Reduce Speed to Avoid Crash,Darkness / Lighted Road,Clear,Dry,Y,Lake,Harlem Ave,Harlem Ave/Lake St,,Traffic Signal,Functioning Properly,N,2,41.8885678,-87.8050258,ok,(UNK),None,2501132,2025,0,45,28,50000andOVER,9,4295,Oak Park,C,(UNK),None,16,16,13250173,9,Cook,3,25,None,None,2,N,No,Stopped,202501299445,None,5,19.05999947,Y,,,,(UNK),204882,(N/A),(UNK),No Defects,1,1,Other Principal Arterial,3,348,X003960305,Not Toll,73,3,4,Four Way,14,2939626.11874017,1910768.10734459,41.88856,-87.80502,On Scene,Urban,1,N,(N/A),Y,(N/A)
2025,2025-09-16,Tuesday,14,02:35 PM,Injury,A Injury Crash,1,0,1,0,0,0,Parked Motor Vehicle,9,N,N,Improper Lane Usage,Failing to Reduce Speed to Avoid Crash,Daylight,Clear,Dry,N,(N/A),S Ridgeland Ave,(N/A),1127,No Controls,No Controls,N,2,41.86803,-87.78403,ok,(UNK),None,2505055,2025,0,20,28,50000andOVER,9,4295,Oak Park,C,(UNK),None,16,16,13251625,9,Cook,3,25,None,None,2,N,No,Free Flow,202501300988,None,1,0,N,,,,(UNK),205786,(N/A),(UNK),No Defects,1,1,Major Collector,5,0,X003961575,Not Toll,,1,1,Divided - w/median (not raised),2,2945551.22297525,1903441.87040022,41.86803,-87.78403,On Scene,Urban,1,N,(N/A),Y,(N/A)
2025,2025-09-16,Tuesday,15,03:24 PM,Property Damage,No Injuries,0,0,0,0,0,1,Parked Motor Vehicle,9,N,N,Failing to Reduce Speed to Avoid Crash,Failing to Yield Right of Way,Daylight,Clear,Dry,N,(N/A),Washington Blvd,(N/A),,No Controls,No Controls,N,2,41.8814,-87.80237,ok,(UNK),None,2505059,2025,0,28,2,50000andOVER,9,4295,Oak Park,C,(UNK),None,16,16,13251627,9,Cook,0,25,None,None,2,N,No,Slow,202501300990,None,1,0,N,E,100,F,(UNK),205787,(N/A),(UNK),No Defects,1,1,Major Collector,5,0,X003961577,Not Toll,,1,1,Divided - w/median (not raised),2,2940421.30507512,1908175.9387353,41.8814,-87.80237,On Scene,Urban,1,N,(N/A),Y,(N/A)
2025,2025-09-16,Tuesday,15,03:27 PM,Property Damage,No Injuries,0,0,0,0,0,2,Angle,15,N,N,Failing to Yield Right of Way,Failing to Reduce Speed to Avoid Crash,Daylight,Clear,Dry,N,(N/A),S Cuyler,(N/A),1182,No Controls,No Controls,N,2,41.86597,-87.7828,ok,(UNK),None,2505057,2025,0,2,28,50000andOVER,9,4295,Oak Park,C,(UNK),None,16,16,13251628,9,Cook,0,25,None,None,2,N,No,Free Flow,202501300991,None,1,0,N,,,,(UNK),205788,(N/A),(UNK),No Defects,1,1,(UNK),0,0,X003961578,No Toll,,1,1,Alley,12,2945907.12100445,1902700.47615167,41.86597,-87.7828,On Scene,Rural,1,N,(N/A),Y,(N/A)
2025,2025-09-15,Monday,20,08:28 PM,Property Damage,No Injuries,0,0,0,0,0,1,Fixed Object,6,N,N,Failing to Reduce Speed to Avoid Crash,(N/A),Darkness,Clear,Dry,N,(N/A),S East Ave,(N/A),1140,No Controls,No Controls,Y,1,41.86733,-87.78898,ok,(UNK),None,2505040,2025,0,28,99,50000andOVER,9,4295,Oak Park,C,(UNK),None,16,15,13251630,9,Cook,0,25,VILLAGE PROPERTY,None,1,N,Yes,Free Flow,202501306049,None,4,0,N,,,,(UNK),205789,(N/A),(UNK),No Defects,1,1,Minor Collector,6,0,X003961580,Not Toll,,1,1,Divided - w/median (not raised),2,2944209.9596622,1903149.37297372,41.86733,-87.78898,Not on Scene (Desk R,Urban,1,N,(N/A),Y,(N/A)
2025,2025-09-16,Tuesday,17,05:05 PM,Property Damage,No Injuries,0,0,0,0,0,2,Front to Rear,11,N,N,Failing to Reduce Speed to Avoid Crash,(N/A),Daylight,Clear,Dry,N,(N/A),Chicago Ave,(N/A),1012,No Controls,No Controls,N,2,41.894295,-87.8011599,ok,(UNK),None,2505060,2025,0,28,99,50000andOVER,9,4295,Oak Park,C,(UNK),None,16,16,13253094,9,Cook,0,25,None,None,2,N,No,Stopped,202501302216,None,1,2.75999999,N,,,,(UNK),206766,(N/A),(UNK),No Defects,1,1,Minor Arterial,4,1398,X003962721,Not Toll,73,1,1,Not Divided,1,2940621.24143263,1912884.19900572,41.89428715,-87.80115412,On Scene,Urban,1,N,(N/A),Y,(N/A)
2025,2025-09-17,Wednesday,15,03:29 PM,Property Damage,No Injuries,0,0,0,0,0,2,Angle,15,N,N,Failing to Reduce Speed to Avoid Crash,(N/A),Daylight,Clear,Dry,Y,Fillm,S Humphrey Ave,Fillmore St/S Humphrey Ave,,Stop Sign,Functioning Properly,N,2,41.8672878,-87.7753899,ok,(UNK),None,2505083,2025,0,28,99,50000andOVER,9,4295,Oak Park,C,(UNK),None,16,17,13253095,9,Cook,0,25,None,None,3,N,No,Free Flow,202501302217,None,1,0,N,,,,(UNK),206767,(N/A),(UNK),No Defects,1,1,Local Road or Street,7,0,X003962722,Not Toll,73,2,4,Not Divided,1,2947912.25196953,1903236.88686999,41.86727999,-87.77538407,On Scene,Urban,1,N,(N/A),Y,(N/A)
2025,2025-09-18,Thursday,8,08:50 AM,Property Damage,No Injuries,0,0,0,0,0,1,Other Object,7,N,N,Driving Skills/Knowledge/Experience,Failing to Reduce Speed to Avoid Crash,Daylight,Clear,Dry,Y,Madis,S Oak Park Ave,Madison St/S Oak Park Ave,,Traffic Signal,Functioning Properly,Y,1,41.8798078,-87.7942784,ok,(UNK),None,2505098,2025,0,15,28,50000andOVER,9,4295,Oak Park,C,(UNK),None,16,18,13253096,9,Cook,0,25,CROSSWALK FIXTURES,None,4,N,No,Free Flow,202501302218,None,1,3.5999999,N,,,,(UNK),206768,(N/A),(UNK),No Defects,1,1,Minor Arterial,4,1419,X003962723,Not Toll,73,3,4,Four Way,14,2942640.96449963,1907656.5524891,41.87979995,-87.7942726,On Scene,Urban,1,N,(N/A),Y,(N/A)
2025,2025-08-03,Sunday,4,04:53 AM,Injury,A Injury Crash,1,0,1,0,0,0,Fixed Object,6,N,N,Improper Lane Usage,(N/A),Darkness,Clear,Dry,N,(N/A),N Harlem Ave,(N/A),207,No Controls,No Controls,N,1,41.8830637,-87.8048489,ok,(UNK),None,2504149,2025,0,20,99,50000andOVER,9,4295,Oak Park,C,(UNK),None,16,3,13253256,8,Cook,3,25,UTILITY POLE,None,7,N,No,Free Flow,202501302389,None,4,19.44000053,Y,,,,(UNK),206860,(N/A),(UNK),No Defects,1,1,Other Principal Arterial,3,348,X003962874,Not Toll,73,1,1,Not Divided,1,2939729.53230719,1908763.61320474,41.88305583,-87.80484307,On Scene,Urban,1,N,(N/A),Y,(N/A)
2025,2025-09-18,Thursday,14,02:00 PM,Property Damage,No Injuries,0,0,0,0,0,2,Turning,10,N,N,Failing to Yield Right of Way,(N/A),Daylight,Unknown,Unknown,N,(N/A),Roosevelt Rd,(N/A),6412,No Controls,No Controls,N,2,41.8653249,-87.7845565,ok,(UNK),None,2505108,2025,0,2,99,50000andOVER,9,4295,Oak Park,C,(UNK),None,16,18,13253257,9,Cook,0,25,None,None,4,N,No,Slow,202501302390,None,1,7.01000023,Y,,,,(UNK),206861,(N/A),(UNK),Unknown,99,9,Other Principal Arterial,3,347,X003962875,Not Toll,52,1,1,Not Divided,1,2945435.19215881,1902452.08611521,41.86531701,-87.78455066,Not on Scene (Desk R,Urban,9,N,(N/A),N,(N/A)
2025,2025-07-19,Saturday,14,02:54 PM,Injury,C Injury Crash,1,0,0,0,1,4,Turning,10,N,N,Failing to Yield Right of Way,Failing to Reduce Speed to Avoid Crash,Daylight,Clear,Dry,N,(N/A),Madison St,(N/A),,Traffic Signal,Functioning Properly,N,2,41.87989,-87.78446,ok,(UNK),None,2503830,2025,0,2,28,50000andOVER,9,4295,Oak Park,C,(UNK),None,16,19,13253331,7,Cook,1,25,None,None,6,N,No,Free Flow,202501302477,None,1,0,N,S,50,F,(UNK),206910,(N/A),(UNK),No Defects,1,1,Minor Arterial,4,0,X003962940,Not Toll,,3,4,Divided - w/median (not raised),2,2945314.07860895,1907760.61823074,41.87989,-87.78446,On Scene,Urban,1,N,(N/A),Y,(N/A)
2025,2025-09-17,Wednesday,6,06:00 AM,Property Damage,No Injuries,0,0,0,0,0,2,Front to Rear,11,N,N,Following Too Closely,Failing to Reduce Speed to Avoid Crash,Daylight,Clear,Dry,N,(N/A),I-290 Wb,(N/A),,Other Regualtory Sig,Functioning Properly,N,2,41.8715082,-87.77882,ok,Partial Access Control,None,03-25-24305,2025,0,3,28,50000andOVER,9,4295,Oak Park,C,(UNK),None,16,17,13254671,9,Cook,0,25,None,None,3,N,No,(UNK),202501303857,None,1,8.97999954,Y,E,112,F,(UNK),207828,(N/A),(UNK),No Defects,1,1,InterState,1,290,X003964201,Not Toll,73,10,4,Divided With Median Barrier,3,2946935.08652576,1904748.84478204,41.87150036,-87.77881426,On Scene,Urban,1,N,(N/A),Y,(N/A)
2025,2025-09-20,Saturday,10,10:58 AM,Injury,B Injury Crash,1,0,0,1,0,2,Front to Rear,11,N,N,Failing to Reduce Speed to Avoid Crash,Following Too Closely,Daylight,Clear,Dry,N,(N/A),I-290 W/B,(N/A),,No Controls,No Controls,N,3,41.8719592,-87.7843747,ok,Partial Access Control,None,03-25-24649,2025,0,28,3,50000andOVER,9,4295,Oak Park,C,(UNK),None,16,20,13255216,9,Cook,2,25,None,None,6,N,No,(UNK),202501304414,None,1,8.69999981,Y,W,49,F,(UNK),208235,(N/A),(UNK),No Defects,1,1,InterState,1,290,X003964727,Not Toll,73,1,1,Divided With Median Barrier,3,2945417.56417112,1904871.14349376,41.87195138,-87.78436893,On Scene,Urban,1,N,(N/A),Y,(N/A)
2025,2025-09-18,Thursday,9,09:02 AM,Property Damage,No Injuries,0,0,0,0,0,3,Sideswipe Same Direction,12,N,N,Improper Lane Usage,Failing to Yield Right of Way,Daylight,Clear,Dry,Y,Harle,Randolph St,Harlem Ave/Randolph St,,Traffic Signal,Functioning Properly,N,2,41.8832479,-87.8048534,ok,(UNK),None,25-02962,2025,0,20,2,50000andOVER,9,4295,Oak Park,C,(UNK),None,16,18,13255341,9,Cook,0,25,None,None,4,N,No,Slow,202501304537,None,1,19.43000031,Y,W,0.00,M,(UNK),208315,(N/A),(UNK),No Defects,1,1,Other Principal Arterial,3,348,X003964844,Not Toll,73,3,4,Divided - w/median (not raised),2,2939726.45588625,1908830.70104811,41.88324002,-87.80484758,On Scene,Urban,1,N,(N/A),Y,(N/A)
2025,2025-09-19,Friday,8,08:33 AM,Property Damage,No Injuries,0,0,0,0,0,2,Front to Rear,11,N,N,Failing to Reduce Speed to Avoid Crash,(N/A),Daylight,Clear,Dry,Y,Elmwo,Madison St,Elmwood/Madison St,,Traffic Signal,Functioning Properly,N,2,41.879861,-87.7856856,ok,(UNK),None,2505125,2025,0,28,99,50000andOVER,9,4295,Oak Park,C,(UNK),None,16,19,13257724,9,Cook,0,25,None,None,5,N,No,Stopped,202501306877,None,1,4.05000019,N,W,5,F,(UNK),209910,(N/A),(UNK),No Defects,1,1,Minor Arterial,4,1419,X003967038,Not Toll,73,3,4,Not Divided,1,2944980.59567375,1907740.76869661,41.87985312,-87.78567979,On Scene,Urban,1,N,(N/A),Y,(N/A)
2025,2025-09-20,Saturday,1,01:02 AM,Injury,B Injury Crash,1,0,0,1,0,1,Pedestrian,1,Y,N,Failing to Yield Right of Way,(N/A),Darkness / Lighted Road,Clear,Dry,Y,N Nar,North Ave,N Narragansett Ave/North Ave,,Traffic Signal,Functioning Properly,N,1,41.9091478,-87.7850194,ok,(UNK),None,2505151,2025,0,2,99,50000andOVER,9,4295,Oak Park,C,(UNK),None,16,20,13257726,9,Cook,2,25,None,None,6,N,No,Free Flow,202501306879,None,5,6.98999977,Y,,,,(UNK),209911,(N/A),(UNK),No Defects,1,1,Other Principal Arterial,3,307,X003967040,Not Toll,73,3,4,Not Divided,1,2944865.61859024,1918418.4992868,41.90913996,-87.78501357,On Scene,Urban,1,N,(N/A),Y,(N/A)