crash_year,crash_date,day_of_week,crash_hour,time_of_crash,crash_severity,crash_injury_severity,total_injured,total_fatals,a_injuries,b_injuries,c_injuries,no_injuries,type_of_first_crash,collision_type_code,pedestrian_involved,pedalcyclist_involved,cause1,cause2,lighting_cond,weather_cond,road_surface_cond,intersection_related,is_intersection,highway_or_street_name,at_intersection_with,address_no,traffic_control_device,traffic_control_device_cond,hit_and_run,number_of_vehicles,latitude,longitude,location_status,access_control,agency_code,agency_report_number,agency_report_year,alignment_code,cause1_code,cause2_code,city_class,city_class_code,city_code,city_name,city_township_flag,class_of_trafficway,class_of_trafficway_code,county_code,crash_day,crash_id,crash_month,crash_report_county,crash_severity_cd,crash_yr_source,damaged_property1,damaged_property2,day_of_week_code,did_crash_occur_in_work_zone,did_involve_secondary_crash,flow_condition,icn,investigating_agency_descrip,light_condition_code,mile_station,nhs,non_intersection_direction,non_intersection_distance,non_intersection_units,number_of_lanes,objectid,railroad_crossing_number,road_alignment,road_defects,road_defects_code,road_surface_condition_code,roadway_functional_class,roadway_functional_class_code,route_number,sfe,toll,township,traffic_control_device_code,traffic_control_device_cond_code,trafficway_descrip,trafficway_description_code,ts_crash_coordinate_x,ts_crash_coordinate_y,ts_crash_latitude,ts_crash_longitude,type_report,urban_rural,weather_code,were_workers_present,work_zone,work_zone_related,work_zone_type
2025,2025-09-20,Saturday,13,01:44 PM,Property Damage,No Injuries,0,0,0,0,0,2,Front to Rear,11,N,N,Following Too Closely,Failing to Reduce Speed to Avoid Crash,Darkness / Lighted Road,Clear,Dry,N,(N/A),S Austin Blvd,(N/A),,Traffic Signal,Functioning Properly,Y,2,41.8655201,-87.7741275,ok,(UNK),None,2505157,2025,0,3,28,50000andOVER,9,4295,Oak Park,C,(UNK),None,16,20,13257727,9,Cook,0,25,None,None,6,N,No,Stopped,202501306880,None,5,8.72000027,Y,N,20,F,(UNK),209912,(N/A),(UNK),No Defects,1,1,Other Principal Arterial,3,2790,X003967041,Not Toll,56,3,4,Divided - w/median (not raised),2,2948274.07185433,1902602.28750953,41.86551228,-87.77412172,Not on Scene (Desk R,Urban,1,N,(N/A),Y,(N/A)
2025,2025-09-21,Sunday,13,01:55 PM,Property Damage,No Injuries,0,0,0,0,0,2,Sideswipe Same Direction,12,N,N,Failing to Reduce Speed to Avoid Crash,Unable to Determine,Daylight,Clear,Dry,N,(N/A),S Harlem Ave,(N/A),,Traffic Signal,Functioning Properly,N,2,41.8734375,-87.8045166,ok,(UNK),None,2505175,2025,0,28,18,50000andOVER,9,4295,Oak Park,C,(UNK),None,16,21,13257728,9,Cook,0,25,None,None,7,N,No,Free Flow,202501306881,None,1,20.10000038,Y,S,25,F,(UNK),209913,(N/A),(UNK),No Defects,1,1,Other Principal Arterial,3,348,X003967042,Not Toll,73,3,4,Divided - w/median (not raised),2,2939916.61082185,1905258.16597446,41.87342969,-87.80451082,On Scene,Urban,1,N,(N/A),Y,(N/A)
2025,2025-09-21,Sunday,23,11:07 PM,Property Damage,No Injuries,0,0,0,0,0,1,Parked Motor Vehicle,9,N,N,Texting,Unable to Determine,Darkness / Lighted Road,Clear,Dry,N,(N/A),S Oak Park,(N/A),321,No Controls,No Controls,N,2,41.8825198,-87.7943358,ok,(UNK),None,2505185,2025,0,44,18,50000andOVER,9,4295,Oak Park,C,(UNK),None,16,21,13257730,9,Cook,0,25,None,None,7,N,No,Free Flow,202501306883,None,5,5.96000004,N,,,,(UNK),209914,(N/A),(UNK),No Defects,1,1,Major Collector,5,2775,X003967044,Not Toll,73,1,1,Not Divided,1,2942597.99886039,1908644.41876699,41.88251194,-87.79433,On Scene,Urban,1,N,(N/A),Y,(N/A)
2025,2025-09-10,Wednesday,12,12:00 PM,Property Damage,No Injuries,0,0,0,0,0,1,Parked Motor Vehicle,9,N,N,Failing to Reduce Speed to Avoid Crash,(N/A),Daylight,Clear,Dry,N,(N/A),S Maple Ave,(N/A),,Stop Sign,No Controls,N,2,41.883254,-87.8039594,ok,(UNK),None,2505127,2025,0,28,99,50000andOVER,9,4295,Oak Park,C,(UNK),None,16,10,13257731,9,Cook,0,25,None,None,3,N,No,Free Flow,202501306884,None,1,0,N,,,,(UNK),209915,(N/A),(UNK),No Defects,1,1,Local Road or Street,7,0,X003967045,Not Toll,73,2,1,Not Divided,1,2939969.84648693,1908839.64063339,41.88324615,-87.8039536,Not on Scene (Desk R,Urban,1,N,(N/A),Y,(N/A)
2025,2025-09-22,Monday,12,12:29 PM,Property Damage,No Injuries,0,0,0,0,0,3,Angle,15,N,N,Failing to Yield Right of Way,Failing to Reduce Speed to Avoid Crash,Daylight,Clear,Dry,N,(N/A),Harrison St,(N/A),,Other,Functioning Properly,N,2,41.8727186,-87.7798331,ok,(UNK),None,2505191,2025,0,2,28,50000andOVER,9,4295,Oak Park,C,(UNK),None,16,22,13257732,9,Cook,0,25,None,None,1,N,No,Free Flow,202501306886,None,1,0,N,W,150,F,(UNK),209916,(N/A),(UNK),No Defects,1,1,Local Road or Street,7,0,X003967046,Not Toll,73,13,4,Not Divided,1,2946646.89198659,1905182.24701249,41.87271073,-87.77982728,On Scene,Urban,1,N,(N/A),Y,(N/A)
2025,2025-09-19,Friday,17,05:57 PM,Property Damage,No Injuries,0,0,0,0,0,2,Turning,10,N,N,Improper Turning/No Signal,(N/A),Daylight,Clear,Dry,N,(N/A),S Oak Park,(N/A),433,No Controls,No Controls,N,2,41.8807694,-87.7943094,ok,(UNK),None,2505141,2025,0,6,99,50000andOVER,9,4295,Oak Park,C,(UNK),None,16,19,13257733,9,Cook,0,25,None,None,5,N,No,Free Flow,202501306887,None,1,6.07999992,N,,,,(UNK),209917,(N/A),(UNK),No Defects,1,1,Major Collector,5,2775,X003967047,Not Toll,73,1,1,Not Divided,1,2942622.82828478,1908006.74459338,41.88076155,-87.79430361,On Scene,Urban,1,N,(N/A),Y,(N/A)
2025,2025-09-21,Sunday,12,12:30 PM,Property Damage,No Injuries,0,0,0,0,0,2,Front to Rear,11,N,N,Failing to Reduce Speed to Avoid Crash,(N/A),Daylight,Clear,Dry,N,(N/A),N Austin Blvd,(N/A),,Traffic Signal,Functioning Properly,N,2,41.8803704,-87.7746803,ok,(UNK),None,2505172,2025,0,28,99,50000andOVER,9,4295,Oak Park,C,(UNK),None,16,21,13257734,9,Cook,0,25,None,None,7,N,No,Slow,202501306888,None,1,7.63999987,N,N,75,F,(UNK),209918,(N/A),(UNK),No Defects,1,1,Minor Arterial,4,2790,X003967048,Not Toll,,3,4,Not Divided,1,2947972.61459434,1908009.80385344,41.88036255,-87.77467446,On Scene,Urban,1,N,(N/A),Y,(N/A)
2025,2025-09-24,Wednesday,12,12:21 PM,Property Damage,No Injuries,0,0,0,0,0,1,Parked Motor Vehicle,9,N,N,Failing to Reduce Speed to Avoid Crash,Driving Skills/Knowledge/Experience,Daylight,Clear,Dry,N,(N/A),Lake St,(N/A),,Traffic Signal,Functioning Properly,N,2,41.888651,-87.8020787,ok,(UNK),None,2505233,2025,0,28,15,50000andOVER,9,4295,Oak Park,C,(UNK),None,16,24,13260017,9,Cook,0,25,None,None,3,N,No,Slow,202501309309,None,1,0,N,E,150,F,(UNK),211382,(N/A),(UNK),No Defects,1,1,Major Collector,5,0,X003969017,Not Toll,73,3,4,Divided - w/median (not raised),2,2940427.78164002,1910820.51746828,41.88864314,-87.80207292,On Scene,Urban,1,N,(N/A),Y,(N/A)
2025,2025-09-23,Tuesday,15,03:18 PM,Property Damage,No Injuries,0,0,0,0,0,2,Sideswipe Opposite Direction,13,N,N,Failing to Reduce Speed to Avoid Crash,Improper Backing,Daylight,Clear,Sand / Mud / Dirt,N,(N/A),Linden Ave,(N/A),,Stop Sign,Functioning Properly,N,2,41.89149,-87.7912206,ok,(UNK),None,2505218,2025,0,28,30,50000andOVER,9,4295,Oak Park,C,(UNK),None,16,23,13260025,9,Cook,0,25,None,None,2,N,No,Stopped,202501309318,None,1,0,N,S,50,F,(UNK),211386,(N/A),(UNK),No Defects,1,5,Local Road or Street,7,0,X003969025,Not Toll,73,2,4,Divided - w/median (not raised),2,2943355.83044636,1911936.80753549,41.89148213,-87.79121476,On Scene,Urban,1,N,(N/A),Y,(N/A)
2025,2025-09-23,Tuesday,11,11:36 AM,Property Damage,No Injuries,0,0,0,0,0,2,Front to Rear,11,N,N,Following Too Closely,Driving Skills/Knowledge/Experience,Daylight,Clear,Dry,N,(N/A),Madison St,(N/A),,Traffic Signal,Functioning Properly,N,2,41.8797797,-87.7893429,ok,(UNK),None,2505208,2025,0,3,15,50000andOVER,9,4295,Oak Park,C,(UNK),None,16,23,13260027,9,Cook,0,25,None,None,2,N,No,Slow,202501309320,None,1,0.61000001,N,,,,(UNK),211388,(N/A),(UNK),No Defects,1,1,Minor Arterial,4,2779,X003969027,Not Toll,73,3,4,Not Divided,1,2943985.38045906,1907683.54235977,41.87977189,-87.78933711,On Scene,Urban,1,N,(N/A),Y,(N/A)
2025,2025-09-23,Tuesday,11,11:22 AM,Property Damage,No Injuries,0,0,0,0,0,1,Parked Motor Vehicle,9,N,N,Improper Lane Usage,(N/A),Daylight,Clear,Dry,N,(N/A),North Ave,(N/A),,Traffic Signal,Functioning Properly,Y,2,41.9091642,-87.7833906,ok,(UNK),None,2505207,2025,0,20,99,50000andOVER,9,4295,Oak Park,C,(UNK),None,16,23,13260029,9,Cook,0,25,None,None,2,N,No,Free Flow,202501309322,None,1,7.07000017,Y,W,10,F,(UNK),211390,(N/A),(UNK),No Defects,1,1,Other Principal Arterial,3,307,X003969029,Not Toll,73,3,4,Not Divided,1,2945308.81942021,1918436.78720991,41.90915633,-87.78338483,On Scene,Urban,1,N,(N/A),Y,(N/A)
2025,2025-09-24,Wednesday,17,05:45 PM,Property Damage,No Injuries,0,0,0,0,0,1,Sideswipe Same Direction,12,N,N,Failing to Reduce Speed to Avoid Crash,Unable to Determine,Daylight,Clear,Dry,N,(N/A),Lake St,(N/A),,Traffic Signal,Functioning Properly,Y,2,41.8886759,-87.7971556,ok,(UNK),None,2505244,2025,0,28,18,50000andOVER,9,4295,Oak Park,C,(UNK),None,16,24,13260503,9,Cook,0,25,None,None,3,N,No,Slow,202501309766,None,1,0.19,N,S,5,F,(UNK),211697,(N/A),(UNK),No Defects,1,1,Major Collector,5,1405,X003969463,Not Toll,73,3,4,Not Divided,1,2941768.09664868,1910866.60131851,41.88866807,-87.79714984,Not on Scene (Desk R,Urban,1,N,(N/A),Y,(N/A)
2025,2025-09-24,Wednesday,16,04:10 PM,Property Damage,No Injuries,0,0,0,0,0,2,Sideswipe Same Direction,12,N,N,Improper Lane Usage,Failing to Reduce Speed to Avoid Crash,Daylight,Clear,Dry,N,(N/A),I-290 Wb,(N/A),,Other,Functioning Properly,N,2,41.8717884,-87.7824418,ok,Partial Access Control,None,03-25-25088,2025,0,20,28,50000andOVER,9,4295,Oak Park,C,(UNK),None,16,24,13260579,9,Cook,0,25,None,None,3,N,No,(UNK),202501309829,None,1,8.80000019,Y,E,480,F,(UNK),211737,(N/A),(UNK),No Defects,1,1,InterState,1,290,X003969520,Not Toll,73,13,4,Divided - w/median (not raised),2,2945945.77192514,1904823.52682709,41.87178058,-87.782436,On Scene,Urban,1,N,(N/A),Y,(N/A)
2025,2025-09-23,Tuesday,17,05:14 PM,Property Damage,No Injuries,0,0,0,0,0,2,Parked Motor Vehicle,9,N,N,Disregarding Road Markings,Driving Skills/Knowledge/Experience,Daylight,Clear,Dry,N,(N/A),Home Ave,(N/A),,Stop Sign,Functioning Properly,Y,2,41.875285,-87.7997137,ok,(UNK),None,2505220,2025,0,26,15,50000andOVER,9,4295,Oak Park,C,(UNK),None,16,23,13260973,9,Cook,0,25,None,None,2,N,No,Free Flow,202501310358,None,1,0,N,S,50,F,(UNK),211986,(N/A),(UNK),No Defects,1,1,Local Road or Street,7,0,X003969837,Not Toll,73,2,4,Not Divided,1,2941206.19816862,1905967.47199838,41.87527715,-87.79970788,On Scene,Urban,1,N,(N/A),Y,(N/A)
2025,2025-09-19,Friday,18,06:46 PM,Property Damage,No Injuries,0,0,0,0,0,3,Front to Rear,11,N,N,Failing to Reduce Speed to Avoid Crash,(N/A),Daylight,Clear,Dry,Y,N Har,South Blvd,N Harlem Ave/South Blvd,,Traffic Signal,Functioning Properly,N,2,41.8867114,-87.8049543,ok,(UNK),None,2505143,2025,0,28,99,50000andOVER,9,4295,Oak Park,C,(UNK),None,16,19,13261002,9,Cook,0,25,None,None,5,N,No,Slow,202501310389,None,1,19.19000053,Y,,,,(UNK),212004,(N/A),(UNK),No Defects,1,1,Other Principal Arterial,3,348,X003969864,Not Toll,73,3,4,T-Intersection,15,2939664.22573964,1910092.12840535,41.88670357,-87.80494847,On Scene,Urban,1,N,(N/A),Y,(N/A)
2025,2025-09-26,Friday,5,05:40 AM,Injury,B Injury Crash,1,0,0,1,0,1,Pedestrian,1,Y,N,Evasive Action Due to Animal / Object / Non-Motorist,(N/A),Darkness / Lighted Road,Clear,Dry,N,(N/A),Harlem,(N/A),100,No Controls,No Controls,N,1,41.8848193,-87.8048939,ok,(UNK),None,25-03052,2025,0,32,99,50000andOVER,9,4295,Oak Park,C,(UNK),None,16,26,13262192,9,Cook,2,25,None,None,5,N,No,Free Flow,202501311498,None,5,19.31999969,Y,,,,(UNK),212770,(N/A),(UNK),No Defects,1,1,Other Principal Arterial,3,348,X003970887,Not Toll,73,1,1,Divided - w/median (not raised),2,2939699.65059098,1909403.06215005,41.88481147,-87.80488811,On Scene,Urban,1,N,(N/A),Y,(N/A)
2025,2025-09-25,Thursday,14,02:57 PM,Property Damage,No Injuries,0,0,0,0,0,2,Front to Rear,11,N,N,Following Too Closely,Failing to Reduce Speed to Avoid Crash,Daylight,Clear,Dry,N,(N/A),S Ridgeland Ave,(N/A),,Traffic Signal,Functioning Properly,N,2,41.8817897,-87.784517,ok,(UNK),None,2505270,2025,0,3,28,50000andOVER,9,4295,Oak Park,C,(UNK),None,16,25,13263016,9,Cook,0,25,None,None,4,N,No,Free Flow,202501312269,None,1,1.39999998,N,N,25,F,(UNK),213351,(N/A),(UNK),No Defects,1,1,Major Collector,5,2783,X003971655,Not Toll,73,3,4,Divided - w/median (not raised),2,2945279.3225753,1908452.48914828,41.8817819,-87.78451123,On Scene,Urban,1,N,(N/A),Y,(N/A)
2025,2025-09-19,Friday,15,03:31 PM,Property Damage,No Injuries,0,0,0,0,0,2,Pedalcyclist,2,N,Y,Failing to Yield Right of Way,(N/A),Daylight,Clear,Dry,N,(N/A),S Euclid Ave,(N/A),646,No Controls,No Controls,N,1,41.8765737,-87.7929144,ok,(UNK),None,2505146,2025,0,2,99,50000andOVER,9,4295,Oak Park,C,(UNK),None,16,19,13263017,9,Cook,0,25,None,None,5,N,No,Slow,202501312270,None,1,0,N,,,,(UNK),213352,(N/A),(UNK),No Defects,1,1,Local Road or Street,7,0,X003971656,Not Toll,73,1,1,Alley,12,2943045.04162744,1906488.25834645,41.87656583,-87.79290864,Not on Scene (Desk R,Urban,1,N,(N/A),Y,(N/A)
2025,2025-09-25,Thursday,15,03:51 PM,Property Damage,No Injuries,0,0,0,0,0,2,Sideswipe Same Direction,12,N,N,Improper Lane Usage,Failing to Reduce Speed to Avoid Crash,Daylight,Clear,Dry,N,(N/A),N Austin Blvd,(N/A),,No Controls,No Controls,N,2,41.8917482,-87.7750391,ok,(UNK),None,2505278,2025,0,20,28,50000andOVER,9,4295,Oak Park,C,(UNK),None,16,25,13263020,9,Cook,0,25,None,None,4,N,No,Free Flow,202501312272,None,1,6.86999989,N,S,50,F,(UNK),213353,(N/A),(UNK),No Defects,1,1,Minor Arterial,4,2790,X003971658,Not Toll,,1,1,Divided - w/median (not raised),2,2947759.27466221,1912153.36691006,41.89174035,-87.77503328,Not on Scene (Desk R,Urban,1,N,(N/A),Y,(N/A)
2025,2025-09-25,Thursday,17,05:13 PM,Property Damage,No Injuries,0,0,0,0,0,1,Parked Motor Vehicle,9,N,N,(N/A),(N/A),Daylight,Clear,Dry,N,(N/A),Gunderson Ave,(N/A),510,No Controls,No Controls,Y,2,41.878951,-87.7868726,ok,(UNK),None,2505279,2025,0,99,99,50000andOVER,9,4295,Oak Park,C,(UNK),None,16,25,13263021,9,Cook,0,25,None,None,4,N,No,Slow,202501312273,None,1,0,N,,,,(UNK),213354,(N/A),(UNK),No Defects,1,1,Local Road or Street,7,0,X003971659,Not Toll,73,1,1,Not Divided,1,2944666.52129139,1907400.18929584,41.87894315,-87.78686682,On Scene,Urban,1,N,(N/A),Y,(N/A)
2025,2025-09-19,Friday,8,08:46 AM,Property Damage,No Injuries,0,0,0,0,0,2,Sideswipe Same Direction,12,N,N,Failing to Yield Right of Way,Improper Lane Usage,Daylight,Clear,Dry,N,(N/A),S  Harlem Ave,(N/A),1,Traffic Signal,Functioning Properly,Y,2,41.8866411,-87.8049501,ok,(UNK),None,25-02977,2025,0,2,20,50000andOVER,9,4295,Oak Park,C,(UNK),None,16,19,13263308,9,Cook,0,25,None,None,5,N,No,Slow,202501312534,None,1,19.19000053,Y,,,,(UNK),213534,(N/A),(UNK),No Defects,1,1,Other Principal Arterial,3,348,X003971922,Not Toll,73,3,4,Divided With Median Barrier,3,2939666.07188313,1910066.52006207,41.88663322,-87.80494428,On Scene,Urban,1,N,(N/A),Y,(N/A)
2025,2025-09-27,Saturday,9,09:56 AM,Property Damage,No Injuries,0,0,0,0,0,2,Turning,10,N,N,Failing to Yield Right of Way,Improper Turning/No Signal,Daylight,Clear,Dry,Y,Harle,Harrison St,Harlem Ave/Harrison St,,No Controls,No Controls,N,2,41.8723122,-87.804466,ok,(UNK),None,25-03060,2025,0,2,6,50000andOVER,9,4295,Oak Park,C,(UNK),None,16,27,13263319,9,Cook,0,25,None,None,6,N,No,Free Flow,202501312544,None,1,20.18000031,Y,W,5.00,F,(UNK),213543,(N/A),(UNK),No Defects,1,1,Other Principal Arterial,3,348,X003971932,Not Toll,73,1,1,Not Divided,1,2939941.69085668,1904848.45046941,41.87230434,-87.8044602,On Scene,Urban,1,N,(N/A),Y,(N/A)
2025,2025-09-28,Sunday,5,05:45 AM,Property Damage,No Injuries,0,0,0,0,0,2,Turning,10,N,N,Improper Turning/No Signal,Failing to Yield Right of Way,Darkness / Lighted Road,Clear,Dry,N,(N/A),Harlem,(N/A),601,No Controls,No Controls,Y,2,41.8756024,-87.8045847,ok,(UNK),None,25-03068,2025,0,6,2,50000andOVER,9,4295,Oak Park,C,(UNK),None,16,28,13264222,9,Cook,0,25,None,None,7,N,No,Free Flow,202501313407,None,5,19.95999908,Y,,,,(UNK),214168,(N/A),(UNK),No Defects,1,1,Other Principal Arterial,3,348,X003972803,Not Toll,73,1,1,Divided - w/median (not raised),2,2939876.35832202,1906046.58875303,41.8755946,-87.80457885,On Scene,Urban,1,N,(N/A),Y,(N/A)
2025,2025-09-28,Sunday,10,10:12 AM,Property Damage,No Injuries,0,0,0,0,0,1,Overturned,5,N,N,Failing to Reduce Speed to Avoid Crash,Distraction - From Outside Vehicle,Daylight,Clear,Dry,N,(N/A),N Oak Park Ave,(N/A),505,Traffic Signal,Functioning Properly,N,1,41.8947891,-87.7946799,ok,(UNK),None,2505337,2025,0,28,40,50000andOVER,9,4295,Oak Park,C,(UNK),None,16,28,13264864,9,Cook,0,25,LIGHT POLL,None,7,N,No,Free Flow,202501314013,None,1,5.09000015,N,,,,(UNK),214621,(N/A),(UNK),No Defects,1,1,Major Collector,5,2775,X003973414,Not Toll,73,3,4,Divided - w/median (not raised),2,2942380.62844571,1913113.01279252,41.8947813,-87.7946741,On Scene,Urban,1,N,(N/A),Y,(N/A)
2025,2025-09-16,Tuesday,13,01:30 PM,Property Damage,No Injuries,0,0,0,0,0,2,Rear to Side,16,N,N,Following Too Closely,Improper Overtaking/Passing,Daylight,Clear,Dry,Y,Harle,I-290 E/B,Harlem Ave/I-290 E/B,,Other,Functioning Properly,Y,2,41.8727765,-87.7969835,ok,Partial Access Control,None,03-25-24443,2025,0,3,4,50000andOVER,9,4295,Oak Park,C,(UNK),None,16,16,13265358,9,Cook,0,25,None,None,2,N,No,(UNK),202501314431,None,1,8.05000019,Y,E,1,F,(UNK),214919,(N/A),(UNK),No Defects,1,1,InterState,1,290,X003973863,Not Toll,73,13,4,Divided With Median Barrier,3,2941975.05148648,1905073.8479657,41.87276862,-87.79697766,Not on Scene (Desk R,Urban,1,N,(N/A),Y,(N/A)
2025,2025-09-27,Saturday,9,09:30 AM,Property Damage,No Injuries,0,0,0,0,0,3,Front to Rear,11,N,N,Following Too Closely,Failing to Reduce Speed to Avoid Crash,Daylight,Clear,Dry,N,(N/A),I-290 W/B \,(N/A),,Other,Functioning Properly,N,2,41.8724055,-87.7909318,ok,Partial Access Control,None,03-25-25352,2025,0,3,28,50000andOVER,9,4295,Oak Park,C,(UNK),None,16,27,13265361,9,Cook,0,25,None,None,6,N,No,(UNK),202501314434,None,1,8.35000038,Y,W,.1,M,(UNK),214922,(N/A),(UNK),No Defects,1,1,InterState,1,290,X003973866,Not Toll,73,13,4,Divided With Median Barrier,3,2943627.09112222,1904984.24417808,41.87239764,-87.79092598,On Scene,Urban,1,N,(N/A),Y,(N/A)
2025,2025-09-29,Monday,7,07:54 AM,Property Damage,No Injuries,0,0,0,0,0,2,Angle,15,N,N,Failing to Yield Right of Way,Failing to Reduce Speed to Avoid Crash,Daylight,Clear,Dry,Y,S Aus,Harvard St,Harvard St/S Austin Blvd,,Stop Sign,Functioning Properly,N,2,41.8691188,-87.7742558,ok,(UNK),None,2505351,2025,0,2,28,50000andOVER,9,4295,Oak Park,C,(UNK),None,16,29,13265731,9,Cook,0,25,None,None,1,N,No,Free Flow,202501314792,None,1,8.47000027,N,,,,(UNK),215171,(N/A),(UNK),No Defects,1,1,Minor Arterial,4,2790,X003974218,Not Toll,,2,4,Divided - w/median (not raised),2,2948202.55629946,1903912.7219941,41.86911091,-87.77425002,On Scene,Urban,1,N,(N/A),Y,(N/A)
2025,2025-09-26,Friday,2,02:30 AM,Property Damage,No Injuries,0,0,0,0,0,1,Parked Motor Vehicle,9,N,N,Failing to Reduce Speed to Avoid Crash,Driving Skills/Knowledge/Experience,Daylight,Clear,Dry,N,(N/A),Washington Blvd,(N/A),,No Controls,No Controls,N,2,41.8817624,-87.7824989,ok,(UNK),None,2505342,2025,0,28,15,50000andOVER,9,4295,Oak Park,C,(UNK),None,16,26,13265734,9,Cook,0,25,None,None,5,N,No,Free Flow,202501314795,None,1,1.13999999,N,N,100,F,(UNK),215173,(N/A),(UNK),No Defects,1,1,Major Collector,5,5,X003974221,Not Toll,73,1,1,Not Divided,1,2945829.20487113,1908457.78605664,41.88175453,-87.78249308,Not on Scene (Desk R,Urban,1,N,(N/A),Y,(N/A)
2025,2025-09-26,Friday,18,06:33 PM,Injury,B Injury Crash,1,0,0,1,0,2,Angle,15,N,N,Disregarding Stop Sign,Failing to Reduce Speed to Avoid Crash,Daylight,Clear,Unknown,Y,N Hum,Division St,Division St/N Humphrey Ave,,Stop Sign,Functioning Properly,N,3,41.9019871,-87.7765905,ok,(UNK),None,2505306,2025,0,23,28,50000andOVER,9,4295,Oak Park,C,(UNK),None,16,26,13265798,9,Cook,2,25,SIGN,None,5,N,Yes,Free Flow,202501314853,None,1,2.5,N,,,,(UNK),215216,(N/A),(UNK),Unknown,99,9,Major Collector,5,1394,X003974280,Not Toll,73,2,4,Not Divided,1,2947232.82079072,1915872.85729527,41.90197928,-87.77658475,On Scene,Urban,1,N,(N/A),N,(N/A)
2025,2025-09-28,Sunday,8,08:15 AM,Property Damage,No Injuries,0,0,0,0,0,3,Angle,15,N,N,Disregarding Traffic Signals,Unable to Determine,Daylight,Clear,Dry,Y,S Rid,Madison St,Madison St/S Ridgeland Ave,,No Controls,No Controls,N,2,41.87989,-87.78446,ok,(UNK),None,2505334,2025,0,25,18,50000andOVER,9,4295,Oak Park,C,(UNK),None,16,28,13265851,9,Cook,0,25,None,None,7,N,No,Slow,202501314899,None,1,0,N,,,,(UNK),215249,(N/A),(UNK),No Defects,1,1,Minor Arterial,4,0,X003974324,Not Toll,,1,1,Divided - w/median (not raised),2,2945314.07860895,1907760.61823074,41.87989,-87.78446,On Scene,Urban,1,N,(N/A),Y,(N/A)
2025,2025-09-27,Saturday,22,10:24 PM,Property Damage,No Injuries,0,0,0,0,0,1,Parked Motor Vehicle,9,N,N,(N/A),(N/A),Darkness,Clear,Dry,N,(N/A),Iowa St,(N/A),45,No Controls,No Controls,Y,2,41.89629,-87.78889,ok,(UNK),None,2505326,2025,0,99,99,50000andOVER,9,4295,Oak Park,C,(UNK),None,16,27,13265853,9,Cook,0,25,None,None,6,N,No,Free Flow,202501314902,None,4,0,N,,,,(UNK),215251,(N/A),(UNK),No Defects,1,1,Local Road or Street,7,0,X003974326,Not Toll,,1,1,Not Divided,1,2943941.91699032,1913703.61264892,41.89629,-87.78889,On Scene,Urban,1,N,(N/A),Y,(N/A)
2025,2025-09-20,Saturday,13,01:00 PM,Property Damage,No Injuries,0,0,0,0,0,1,Parked Motor Vehicle,9,N,N,Driving Skills/Knowledge/Experience,Improper Backing,Daylight,Clear,Dry,N,(N/A),Marion,(N/A),,Traffic Signal,Functioning Properly,Y,2,41.89424,-87.80286,ok,(UNK),None,2505303,2025,0,15,30,50000andOVER,9,4295,Oak Park,C,(UNK),None,16,20,13266366,9,Cook,0,25,None,None,6,N,No,Free Flow,202501315386,None,1,2.67000008,N,S,10,F,(UNK),215589,(N/A),(UNK),No Defects,1,1,Minor Arterial,4,1398,X003974804,Not Toll,,3,4,T-Intersection,15,2940158.89819055,1912851.39358834,41.89424,-87.80286,Not on Scene (Desk R,Urban,1,N,(N/A),Y,(N/A)
2025,2025-09-27,Saturday,14,02:00 PM,Property Damage,No Injuries,0,0,0,0,0,2,Turning,10,N,N,Improper Overtaking/Passing,Failing to Reduce Speed to Avoid Crash,Daylight,Clear,Dry,Y,Grove,Chicago,Chicago/Grove,,Stop Sign,Functioning Properly,N,2,41.89439,-87.79617,ok,(UNK),None,2505315,2025,0,4,28,50000andOVER,9,4295,Oak Park,C,(UNK),None,16,27,13266370,9,Cook,0,25,TREE,None,6,N,No,Slow,202501315389,None,1,3.01999998,N,,,,(UNK),215591,(N/A),(UNK),No Defects,1,1,Minor Arterial,4,1398,X003974807,Not Toll,,2,4,Divided - w/median (not raised),2,2941978.93122766,1912956.33821048,41.89439,-87.79617,On Scene,Urban,1,N,(N/A),Y,(N/A)
2025,2025-09-27,Saturday,18,06:37 PM,Injury,C Injury Crash,1,0,0,0,1,1,Turning,10,N,N,Failing to Yield Right of Way,(N/A),Daylight,Clear,Unknown,Y,Divis,N Austin Blvd,Division St/N Austin Blvd,,Traffic Signal,Functioning Properly,N,2,41.9020079,-87.7753556,ok,(UNK),None,2505324,2025,0,2,99,50000andOVER,9,4295,Oak Park,C,(UNK),None,16,27,13266376,9,Cook,1,25,None,None,6,N,No,Free Flow,202501315393,None,1,6.05999994,N,,,,(UNK),215594,(N/A),(UNK),Unknown,99,9,Minor Arterial,4,2790,X003974811,Not Toll,,3,4,Not Divided,1,2947568.82359357,1915889.78521366,41.902,-87.77534979,On Scene,Urban,1,N,(N/A),N,(N/A)
2025,2025-09-29,Monday,13,01:14 PM,Injury,B Injury Crash,1,0,0,1,0,2,Turning,10,N,N,Failing to Yield Right of Way,Failing to Reduce Speed to Avoid Crash,Daylight,Clear,Dry,Y,Pleas,N Harlem Ave,N Harlem Ave/Pleasant St,,No Controls,No Controls,N,2,41.8854041,-87.8049146,ok,(UNK),None,2505362,2025,0,2,28,50000andOVER,9,4295,Oak Park,C,(UNK),None,16,29,13266925,9,Cook,2,25,None,None,1,N,No,Slow,202501315869,None,1,19.28000069,Y,,,,(UNK),215923,(N/A),(UNK),No Defects,1,1,Other Principal Arterial,3,348,X003975243,Not Toll,73,1,1,Not Divided,1,2939688.14567184,1909616.00671464,41.88539623,-87.80490881,On Scene,Urban,1,N,(N/A),Y,(N/A)