crash_year,crash_date,day_of_week,crash_hour,time_of_crash,crash_severity,crash_injury_severity,total_injured,total_fatals,a_injuries,b_injuries,c_injuries,no_injuries,type_of_first_crash,collision_type_code,pedestrian_involved,pedalcyclist_involved,cause1,cause2,lighting_cond,weather_cond,road_surface_cond,intersection_related,is_intersection,highway_or_street_name,at_intersection_with,address_no,traffic_control_device,traffic_control_device_cond,hit_and_run,number_of_vehicles,latitude,longitude,location_status,access_control,agency_code,agency_report_number,agency_report_year,alignment_code,cause1_code,cause2_code,city_class,city_class_code,city_code,city_name,city_township_flag,class_of_trafficway,class_of_trafficway_code,county_code,crash_day,crash_id,crash_month,crash_report_county,crash_severity_cd,crash_yr_source,damaged_property1,damaged_property2,day_of_week_code,did_crash_occur_in_work_zone,did_involve_secondary_crash,flow_condition,icn,investigating_agency_descrip,light_condition_code,mile_station,nhs,non_intersection_direction,non_intersection_distance,non_intersection_units,number_of_lanes,objectid,railroad_crossing_number,road_alignment,road_defects,road_defects_code,road_surface_condition_code,roadway_functional_class,roadway_functional_class_code,route_number,sfe,toll,township,traffic_control_device_code,traffic_control_device_cond_code,trafficway_descrip,trafficway_description_code,ts_crash_coordinate_x,ts_crash_coordinate_y,ts_crash_latitude,ts_crash_longitude,type_report,urban_rural,weather_code,were_workers_present,work_zone,work_zone_related,work_zone_type
2025,2025-09-30,Tuesday,12,12:49 PM,Property Damage,No Injuries,0,0,0,0,0,2,Turning,10,N,N,Failing to Yield Right of Way,Failing to Reduce Speed to Avoid Crash,Daylight,Clear,Dry,Y,S Map,Roosevelt Rd,Roosevelt Rd/S Maple Ave,,Stop Sign,Functioning Properly,N,2,41.8650471,-87.8028754,ok,(UNK),None,2505380,2025,0,2,28,50000andOVER,9,4295,Oak Park,C,(UNK),None,16,30,13267930,9,Cook,0,25,None,None,2,N,No,Slow,202501316767,None,1,6.05000019,Y,,,,(UNK),216553,(N/A),(UNK),No Defects,1,1,Other Principal Arterial,3,347,X003976144,Not Toll,52,2,4,Not Divided,1,2940447.88032272,1902212.84660794,41.86503922,-87.80286955,On Scene,Urban,1,N,(N/A),Y,(N/A)
2025,2025-09-30,Tuesday,14,02:20 PM,Property Damage,No Injuries,0,0,0,0,0,2,Front to Rear,11,N,N,Failing to Reduce Speed to Avoid Crash,(N/A),Daylight,Clear,Dry,N,(N/A),N Ridgeland Ave,(N/A),,Traffic Signal,Functioning Properly,N,2,41.8870123,-87.7846474,ok,(UNK),None,2505384,2025,0,28,99,50000andOVER,9,4295,Oak Park,C,(UNK),None,16,30,13268449,9,Cook,0,25,None,None,2,N,No,Stopped,202501317269,None,1,1.02999997,N,N,10,F,(UNK),216938,(N/A),(UNK),No Defects,1,1,Major Collector,5,2783,X003976633,Not Toll,73,3,4,Other,8,2945190.96954003,1910354.6868291,41.88700442,-87.78464157,On Scene,Urban,1,N,(N/A),Y,(N/A)
2025,2025-10-01,Wednesday,10,10:11 AM,Injury,C Injury Crash,1,0,0,0,1,3,Angle,15,N,N,Disregarding Traffic Signals,(N/A),Daylight,Clear,Dry,Y,Garfi,S Oak Park Ave,Garfield St/S Oak Park Ave,,Traffic Signal,Functioning Properly,N,3,41.8719983,-87.7939858,ok,(UNK),None,2505400,2025,0,25,99,50000andOVER,9,4295,Oak Park,C,(UNK),None,16,1,13268993,10,Cook,1,25,None,None,3,N,No,Free Flow,202501318195,None,1,0,N,,,,(UNK),217328,(N/A),(UNK),No Defects,1,1,Major Collector,5,290,X003977124,Not Toll,73,3,4,Divided With Median Barrier,3,2942799.36484113,1904812.83223461,41.87199044,-87.79398001,On Scene,Urban,1,N,(N/A),Y,(N/A)
2025,2025-09-25,Thursday,8,08:58 AM,Property Damage,No Injuries,0,0,0,0,0,2,Front to Rear,11,N,N,Failing to Reduce Speed to Avoid Crash,Following Too Closely,Daylight,Clear,Dry,N,(N/A),I-290 E/B,(N/A),,Other,Functioning Properly,Y,2,41.8723322,-87.792127,ok,Partial Access Control,None,03-25-25140,2025,0,28,3,50000andOVER,9,4295,Oak Park,C,(UNK),None,16,25,13269257,9,Cook,0,25,None,None,4,N,No,(UNK),202501318022,None,1,8.28999996,Y,E,.1,M,(UNK),217501,(N/A),(UNK),No Defects,1,1,InterState,1,290,X003977372,Not Toll,73,13,4,Divided With Median Barrier,3,2943302.29494751,1904948.53725433,41.87232439,-87.79212117,On Scene,Urban,1,N,(N/A),Y,(N/A)
2025,2025-09-30,Tuesday,13,01:00 PM,Property Damage,No Injuries,0,0,0,0,0,3,Front to Rear,11,N,N,Following Too Closely,(N/A),Daylight,Clear,Dry,N,(N/A),W North Ave,(N/A),6962,No Controls,No Controls,Y,2,41.9084405,-87.7977785,ok,(UNK),None,JJ436199,2025,0,3,99,50000andOVER,9,4295,Oak Park,C,(UNK),None,16,30,13269416,9,Cook,0,25,None,None,2,N,No,(UNK),202501318170,None,1,0,N,,,,(UNK),217625,(N/A),(UNK),No Defects,1,1,(UNK),0,0,X003977525,No Toll,73,1,1,Not Divided,1,2941399.5,1918064.5,41.90843263,-87.79777273,Not on Scene (Desk R,Rural,1,N,(N/A),Y,(N/A)
2025,2025-09-30,Tuesday,12,12:35 PM,Injury,A Injury Crash,2,0,1,1,0,3,Angle,15,N,N,Disregarding Traffic Signals,(N/A),Daylight,Clear,Dry,Y,S Rid,South Blvd,S Ridgeland Ave/South Blvd,,Traffic Signal,Functioning Properly,N,3,41.8869821,-87.7846457,ok,(UNK),None,2505379,2025,0,25,99,50000andOVER,9,4295,Oak Park,C,(UNK),None,16,30,13269557,9,Cook,3,25,None,None,2,N,Yes,Free Flow,202501318310,None,1,1.02999997,N,,,,(UNK),217724,(N/A),(UNK),No Defects,1,1,Major Collector,5,2783,X003977654,Not Toll,73,3,4,Divided - w/median (not raised),2,2945191.73311029,1910343.69920796,41.88697423,-87.78463989,On Scene,Urban,1,N,(N/A),Y,(N/A)
2025,2025-09-11,Thursday,17,05:29 PM,Property Damage,No Injuries,0,0,0,0,0,3,Front to Rear,11,N,N,Failing to Reduce Speed to Avoid Crash,Following Too Closely,Daylight,Clear,Dry,Y,Washi,Oak Park,Oak Park/Washington,,Traffic Signal,Functioning Properly,N,2,41.8816261,-87.7943358,ok,(UNK),None,2504951,2025,0,28,3,50000andOVER,9,4295,Oak Park,C,(UNK),None,16,11,13269562,9,Cook,0,25,None,None,4,N,No,Slow,202501318311,None,1,6.01999998,N,N,150,F,(UNK),217725,(N/A),(UNK),No Defects,1,1,Major Collector,5,2775,X003977655,Not Toll,73,3,4,Divided - w/median (not raised),2,2942607.00670763,1908318.73388123,41.88161822,-87.79433,On Scene,Urban,1,N,(N/A),Y,(N/A)
2025,2025-10-01,Wednesday,15,03:27 PM,Injury,C Injury Crash,1,0,0,0,1,1,Pedalcyclist,2,N,Y,Failing to Reduce Speed to Avoid Crash,Failing to Yield Right of Way,Daylight,Clear,Dry,Y,North,Euclid,Euclid/North Blvd,,Stop Sign,Functioning Properly,N,1,41.8873403,-87.7926893,ok,(UNK),None,2505409,2025,0,28,2,50000andOVER,9,4295,Oak Park,C,(UNK),None,16,1,13270151,10,Cook,1,25,None,None,3,N,No,Slow,202501318797,None,1,0,N,S,1,F,(UNK),218050,(N/A),(UNK),No Defects,1,1,Local Road or Street,7,0,X003978135,Not Toll,73,2,4,Not Divided,1,2942997.76419257,1910413.4980555,41.88733242,-87.79268351,On Scene,Urban,1,N,(N/A),Y,(N/A)
2025,2025-10-02,Thursday,8,08:41 AM,Property Damage,No Injuries,0,0,0,0,0,2,Angle,15,N,N,Failing to Yield Right of Way,Failing to Reduce Speed to Avoid Crash,Daylight,Clear,Dry,Y,S Oak,Lexington St,Lexington St/S Oak Park Ave,,Traffic Signal,Functioning Properly,N,2,41.87059,-87.79394,ok,(UNK),None,2505426,2025,0,2,28,50000andOVER,9,4295,Oak Park,C,(UNK),None,16,2,13270999,10,Cook,0,25,None,None,4,N,No,Free Flow,202501319588,None,1,6.78999996,N,,,,(UNK),218610,(N/A),(UNK),No Defects,1,1,Major Collector,5,2775,X003978929,Not Toll,,3,4,Divided - w/median (not raised),2,2942826.03427205,1904299.97233345,41.87059,-87.79394,On Scene,Urban,1,N,(N/A),Y,(N/A)
2025,2025-10-02,Thursday,9,09:46 AM,Property Damage,No Injuries,0,0,0,0,0,2,Sideswipe Same Direction,12,N,N,Improper Turning/No Signal,(N/A),Daylight,Clear,Dry,N,(N/A),Washington St,(N/A),,No Controls,No Controls,N,2,41.88151,-87.79698,ok,(UNK),None,2505429,2025,0,6,99,50000andOVER,9,4295,Oak Park,C,(UNK),None,16,2,13271001,10,Cook,0,25,None,None,4,N,No,Free Flow,202501319590,None,1,0,N,E,300,F,(UNK),218611,(N/A),(UNK),No Defects,1,1,Major Collector,5,0,X003978931,Not Toll,,1,1,Not Divided,1,2941888.07392727,1908256.53103586,41.88151,-87.79698,On Scene,Urban,1,N,(N/A),Y,(N/A)
2025,2025-10-02,Thursday,8,08:30 AM,Injury,C Injury Crash,2,0,0,0,2,0,Turning,10,N,N,Failing to Yield Right of Way,Failing to Reduce Speed to Avoid Crash,Daylight,Clear,Dry,Y,Lake,Ridgeland,Lake/Ridgeland,,Traffic Signal,Functioning Properly,N,2,41.8883275,-87.7846957,ok,(UNK),None,2505425,2025,0,2,28,50000andOVER,9,4295,Oak Park,C,(UNK),None,16,2,13272046,10,Cook,1,25,None,None,4,N,No,Free Flow,202501320661,None,1,0.85000002,N,,,,(UNK),219291,(N/A),(UNK),No Defects,1,1,Major Collector,5,1405,X003979909,Not Toll,73,3,4,Divided - w/median (not raised),2,2945164.50616201,1910833.63423283,41.88831969,-87.78468987,On Scene,Urban,1,N,(N/A),Y,(N/A)
2025,2025-10-02,Thursday,15,03:31 PM,Injury,B Injury Crash,2,0,0,2,0,2,Angle,15,N,N,Failing to Yield Right of Way,(N/A),Daylight,Clear,Dry,Y,N Lom,Erie St,Erie St/N Lombard Ave,,Stop Sign,Functioning Properly,N,2,41.8917919,-87.7799066,ok,(UNK),None,2505433,2025,0,2,99,50000andOVER,9,4295,Oak Park,C,(UNK),None,16,2,13272047,10,Cook,2,25,None,None,4,N,No,Free Flow,202501320662,None,1,1.20000005,N,,,,(UNK),219292,(N/A),(UNK),No Defects,1,1,Local Road or Street,7,3559,X003979910,Not Toll,73,2,4,Four Way,14,2946433.44303331,1912132.38593995,41.8917841,-87.77990084,On Scene,Urban,1,N,(N/A),Y,(N/A)
2025,2025-10-04,Saturday,4,04:30 AM,Property Damage,No Injuries,0,0,0,0,0,2,Sideswipe Same Direction,12,N,N,Improper Turning/No Signal,Improper Overtaking/Passing,Darkness / Lighted Road,Clear,Dry,N,(N/A),Harlem,(N/A),600,No Controls,No Controls,Y,2,41.875474,-87.8045809,ok,(UNK),None,25-03143,2025,0,6,4,50000andOVER,9,4295,Oak Park,C,(UNK),None,16,4,13273883,10,Cook,0,25,None,None,6,N,No,Free Flow,202501322381,None,5,19.95999908,Y,,,,(UNK),220561,(N/A),(UNK),No Defects,1,1,Other Principal Arterial,3,348,X003981636,Not Toll,73,1,1,Divided - w/median (not raised),2,2939878.66300663,1905999.82471871,41.8754662,-87.80457512,On Scene,Urban,1,N,(N/A),Y,(N/A)
2025,2025-10-03,Friday,23,11:57 PM,Property Damage,No Injuries,0,0,0,0,0,2,Front to Rear,11,N,N,Following Too Closely,Driving Skills/Knowledge/Experience,Darkness / Lighted Road,Clear,Dry,Y,Harle,Madison,Harlem/Madison,,Traffic Signal,Functioning Properly,Y,2,41.8796681,-87.8047358,ok,(UNK),None,25-03139,2025,0,3,15,50000andOVER,9,4295,Oak Park,C,(UNK),None,16,3,13275036,10,Cook,0,25,None,None,5,N,No,Stopped,202501323165,None,5,19.68000031,Y,,,,(UNK),221316,(N/A),(UNK),No Defects,1,1,Other Principal Arterial,3,348,X003982388,Not Toll,73,3,4,Four Way,14,2939794.39680831,1907527.0423052,41.87966023,-87.80473,On Scene,Urban,1,N,(N/A),Y,(N/A)
2025,2025-10-04,Saturday,13,01:07 PM,Property Damage,No Injuries,0,0,0,0,0,3,Angle,15,N,N,Failing to Yield Right of Way,Failing to Reduce Speed to Avoid Crash,Daylight,Clear,Dry,Y,Woodb,Augusta St,Augusta St/Woodbine Ave,,Stop Sign,Functioning Properly,N,2,41.89794,-87.79926,ok,(UNK),None,2505472,2025,0,2,28,50000andOVER,9,4295,Oak Park,C,(UNK),None,16,4,13275745,10,Cook,0,25,None,None,6,N,No,Slow,202501323814,None,1,0,N,,,,(UNK),221799,(N/A),(UNK),No Defects,1,1,Local Road or Street,7,0,X003983038,Not Toll,,2,4,Four Way,14,2941101.87604571,1914226.78356137,41.89794,-87.79926,On Scene,Urban,1,N,(N/A),Y,(N/A)
2025,2025-10-05,Sunday,19,07:44 PM,Injury,B Injury Crash,1,0,0,1,0,2,Front to Rear,11,N,N,Failing to Reduce Speed to Avoid Crash,Following Too Closely,Darkness,Clear,Dry,Y,Lomba,Madison St,Lombard Ave/Madison St,,Traffic Signal,Functioning Properly,N,2,41.87998,-87.77956,ok,(UNK),None,2505492,2025,0,28,3,50000andOVER,9,4295,Oak Park,C,(UNK),None,16,5,13275750,10,Cook,2,25,None,None,7,N,No,Free Flow,202501323819,None,4,0.55000001,N,,,,(UNK),221801,(N/A),(UNK),No Defects,1,1,Minor Arterial,4,3794,X003983043,Not Toll,,3,4,Divided - w/median (not raised),2,2946647.63222437,1907830.51478839,41.87998,-87.77956,On Scene,Urban,1,N,(N/A),Y,(N/A)
2025,2025-10-05,Sunday,3,03:04 AM,Injury,B Injury Crash,1,0,0,1,0,3,Sideswipe Same Direction,12,N,N,Improper Lane Usage,Failing to Reduce Speed to Avoid Crash,Darkness / Lighted Road,Clear,Dry,N,(N/A),S Oak Park Ave,(N/A),306,No Controls,No Controls,N,3,41.88305,-87.79439,ok,(UNK),None,2505479,2025,0,20,28,50000andOVER,9,4295,Oak Park,C,(UNK),None,16,5,13275751,10,Cook,2,25,VILLAGE TREE,None,7,N,No,Free Flow,202501323820,None,5,0,N,,,,(UNK),221802,(N/A),(UNK),No Defects,1,1,Major Collector,5,0,X003983044,Not Toll,,1,1,Divided - w/median (not raised),2,2942577.89468246,1908837.23227083,41.88305,-87.79439,On Scene,Urban,1,N,(N/A),Y,(N/A)
2025,2025-10-03,Friday,22,10:20 PM,Injury,B Injury Crash,2,0,0,2,0,0,Other Object,7,N,N,Unable to Determine,Unable to Determine,Darkness / Lighted Road,Clear,Dry,Y,S Cuy,Madison St,Madison St/S Cuyler Ave,,No Controls,No Controls,N,1,41.87991,-87.78323,ok,(UNK),None,2505461,2025,0,18,18,50000andOVER,9,4295,Oak Park,C,(UNK),None,16,3,13275755,10,Cook,2,25,None,None,5,N,No,Free Flow,202501323823,None,5,0,N,,,,(UNK),221804,(N/A),(UNK),No Defects,1,1,Minor Arterial,4,0,X003983047,Not Toll,,1,1,Divided - w/median (not raised),2,2945648.85433013,1907777.2120015,41.87991,-87.78323,On Scene,Urban,1,N,(N/A),Y,(N/A)
2025,2025-10-06,Monday,7,07:13 AM,Property Damage,No Injuries,0,0,0,0,0,2,Turning,10,N,N,Failing to Yield Right of Way,Failing to Reduce Speed to Avoid Crash,Daylight,Clear,Dry,Y,S Oak,Harvard St,Harvard St/S Oak Park Ave,,Traffic Signal,Functioning Properly,N,2,41.86877,-87.79388,ok,(UNK),None,2505495,2025,0,2,28,50000andOVER,9,4295,Oak Park,C,(UNK),None,16,6,13275757,10,Cook,0,25,None,None,1,N,No,Free Flow,202501323825,None,1,6.90999985,N,,,,(UNK),221806,(N/A),(UNK),No Defects,1,1,Major Collector,5,2775,X003983049,Not Toll,,3,4,Not Divided,1,2942860.71993473,1903637.1840451,41.86877,-87.79388,On Scene,Urban,1,N,(N/A),Y,(N/A)
2025,2025-10-03,Friday,8,08:00 AM,Property Damage,No Injuries,0,0,0,0,0,1,Parked Motor Vehicle,9,N,N,Unable to Determine,(N/A),Unknown,Unknown,Unknown,N,(N/A),S Lombard Ave,(N/A),337,No Controls,No Controls,Y,2,41.88239,-87.7796,ok,(UNK),None,2505446,2025,0,18,99,50000andOVER,9,4295,Oak Park,C,(UNK),None,16,3,13276535,10,Cook,0,25,None,None,5,N,No,(UNK),202501324561,None,9,0,N,,,,(UNK),222281,(N/A),(UNK),No Defects,1,9,Local Road or Street,7,0,X003983771,Not Toll,,1,1,Not Divided,1,2946612.29751893,1908708.46083107,41.88239,-87.7796,Not on Scene (Desk R,Urban,9,N,(N/A),Y,(N/A)
2025,2025-10-06,Monday,7,07:52 AM,Property Damage,No Injuries,0,0,0,0,0,2,Front to Rear,11,N,N,Failing to Reduce Speed to Avoid Crash,Following Too Closely,Daylight,Clear,Dry,N,(N/A),N Harlem Ave,(N/A),,No Controls,No Controls,N,2,41.8934598,-87.8052083,ok,(UNK),None,2505496,2025,0,28,3,50000andOVER,9,4295,Oak Park,C,(UNK),None,16,6,13276552,10,Cook,0,25,None,None,1,N,No,Free Flow,202501324564,None,1,18.71999931,Y,N,150,F,(UNK),222283,(N/A),(UNK),No Defects,1,1,Other Principal Arterial,3,348,X003983774,Not Toll,73,1,1,Divided - w/median (not raised),2,2939527.32313134,1912549.44758318,41.89345193,-87.80520254,On Scene,Urban,1,N,(N/A),Y,(N/A)
2025,2025-10-03,Friday,13,01:00 PM,Property Damage,No Injuries,0,0,0,0,0,5,Front to Rear,11,N,N,Failing to Reduce Speed to Avoid Crash,Following Too Closely,Daylight,Clear,Dry,N,(N/A),I-290,(N/A),,Other,Functioning Properly,N,2,41.8720761,-87.7890781,ok,Partial Access Control,None,03-25-25938,2025,0,28,3,50000andOVER,9,4295,Oak Park,C,(UNK),None,16,3,13276577,10,Cook,0,25,None,None,5,N,No,(UNK),202501324588,None,1,8.44999981,Y,W,0,F,(UNK),222303,163532D,(UNK),No Defects,1,1,InterState,1,290,X003983798,Not Toll,73,13,4,Divided With Median Barrier,3,2944135.30679467,1904878.19971972,41.87206827,-87.78907231,On Scene,Urban,1,N,(N/A),Y,(N/A)
2025,2025-10-01,Wednesday,23,11:30 PM,Property Damage,No Injuries,0,0,0,0,0,2,Sideswipe Same Direction,12,N,N,Improper Overtaking/Passing,Failing to Reduce Speed to Avoid Crash,Darkness / Lighted Road,Clear,Dry,N,(N/A),I290 E/B,(N/A),,Other,Functioning Properly,Y,2,41.8729894,-87.7991997,ok,Partial Access Control,None,03-25-25900,2025,0,4,28,50000andOVER,9,4295,Oak Park,C,(UNK),None,16,1,13276579,10,Cook,0,25,None,None,3,N,No,(UNK),202501324590,None,5,7.94999981,Y,N,1500,F,(UNK),222305,(N/A),(UNK),No Defects,1,1,InterState,1,290,X003983800,Not Toll,73,13,4,Divided With Median Barrier,3,2941369.27548015,1905134.76670787,41.87298152,-87.79919389,Not on Scene (Desk R,Urban,1,N,(N/A),Y,(N/A)
2025,2025-10-05,Sunday,22,10:45 PM,Injury,B Injury Crash,1,0,0,1,0,0,Fixed Object,6,N,N,Equipment-Vehicle Condition,Failing to Reduce Speed to Avoid Crash,Darkness / Lighted Road,Clear,Dry,N,(N/A),I-290 W/B,(N/A),,Other,Functioning Properly,N,1,41.8726153,-87.7937459,ok,Partial Access Control,None,03-25-26148,2025,0,10,28,50000andOVER,9,4295,Oak Park,C,(UNK),None,16,5,13276635,10,Cook,2,25,None,None,7,N,No,(UNK),202501324644,None,5,22.07999992,Y,E,70,F,(UNK),222351,(N/A),(UNK),No Defects,1,1,InterState,1,9290,X003983854,Not Toll,73,13,4,Divided With Median Barrier,3,2942858.5,1905039.5,41.87260748,-87.79374006,On Scene,Urban,1,N,(N/A),Y,(N/A)
2025,2025-10-04,Saturday,2,02:05 AM,Property Damage,No Injuries,0,0,0,0,0,2,Front to Rear,11,N,N,Failing to Reduce Speed to Avoid Crash,Unable to Determine,Darkness / Lighted Road,Clear,Dry,N,(N/A),I-290,(N/A),,Traffic Signal,Functioning Properly,Y,2,41.8735725,-87.8039563,ok,Partial Access Control,None,03-25-25992,2025,0,28,18,50000andOVER,9,4295,Oak Park,C,(UNK),None,16,4,13276677,10,Cook,0,25,None,None,6,N,No,(UNK),202501324686,None,5,0,Y,W,143,F,(UNK),222388,(N/A),(UNK),No Defects,1,1,InterState,1,0,X003983896,Not Toll,73,3,4,Divided With Median Barrier,3,2940067.87461675,1905311.55730001,41.87356466,-87.80395048,On Scene,Urban,1,N,(N/A),Y,(N/A)
2025,2025-10-07,Tuesday,14,02:45 PM,Property Damage,No Injuries,0,0,0,0,0,2,Sideswipe Same Direction,12,N,N,Failing to Yield Right of Way,Failing to Reduce Speed to Avoid Crash,Daylight,Clear,Dry,N,(N/A),I-290 Wb,(N/A),,Other,Functioning Properly,N,2,41.8719157,-87.7838148,ok,Partial Access Control,None,03-25-26352,2025,0,2,28,50000andOVER,9,4295,Oak Park,C,(UNK),None,16,7,13276737,10,Cook,0,25,None,None,2,N,No,(UNK),202501324746,None,1,8.72999954,Y,E,100,F,(UNK),222440,(N/A),(UNK),No Defects,1,1,InterState,1,290,X003983955,Not Toll,73,13,4,Divided With Median Barrier,3,2945570.5,1904859.5,41.87190781,-87.78380905,On Scene,Urban,1,N,(N/A),Y,(N/A)
2025,2025-10-06,Monday,19,07:17 PM,Property Damage,No Injuries,0,0,0,0,0,1,Other Object,7,N,N,Unable to Determine,Driving Skills/Knowledge/Experience,Darkness / Lighted Road,Clear,Dry,N,(N/A),N Oak Park Ave,(N/A),129,Pedestrian Crossing Sign,Functioning Properly,Y,1,41.8883,-87.79456,ok,(UNK),None,2505525,2025,0,18,15,50000andOVER,9,4295,Oak Park,C,(UNK),None,16,6,13277200,10,Cook,0,25,PEDESTRIAN CROSS WALK SIGN,None,1,N,No,Free Flow,202501325141,None,5,0,N,,,,(UNK),222743,(N/A),(UNK),No Defects,1,1,Major Collector,5,0,X003984355,Not Toll,,17,4,Not Divided,1,2942478.6855773,1910749.14931679,41.8883,-87.79456,Not on Scene (Desk R,Urban,1,N,(N/A),Y,(N/A)
2025,2025-10-06,Monday,15,03:24 PM,Property Damage,No Injuries,0,0,0,0,0,2,Angle,15,N,N,Disregarding Stop Sign,Driving Skills/Knowledge/Experience,Daylight,Clear,Dry,Y,Super,N Taylor Ave,N Taylor Ave/Superior St,,Stop Sign,Functioning Properly,N,2,41.89317,-87.77838,ok,(UNK),None,2505516,2025,0,23,15,50000andOVER,9,4295,Oak Park,C,(UNK),None,16,6,13277203,10,Cook,0,25,None,None,1,N,No,Free Flow,202501325143,None,1,0,N,,,,(UNK),222745,(N/A),(UNK),No Defects,1,1,Local Road or Street,7,0,X003984357,Not Toll,,2,4,Not Divided,1,2946835.14359353,1912646.14780279,41.89317,-87.77838,On Scene,Urban,1,N,(N/A),Y,(N/A)
2025,2025-10-06,Monday,14,02:48 PM,Property Damage,No Injuries,0,0,0,0,0,2,Angle,15,N,N,Unable to Determine,(N/A),Daylight,Clear,Dry,Y,S Eas,Fillmore St,Fillmore St/S East Ave,,Stop Sign,Functioning Properly,N,2,41.86702,-87.78893,ok,(UNK),None,2505518,2025,0,18,99,50000andOVER,9,4295,Oak Park,C,(UNK),None,16,6,13277204,10,Cook,0,25,None,None,1,N,No,Free Flow,202501325144,None,1,0,N,,,,(UNK),222746,(N/A),(UNK),No Defects,1,1,Minor Collector,6,0,X003984358,Not Toll,,2,4,Four Way,14,2944226.71004239,1903036.78091049,41.86702,-87.78893,On Scene,Urban,1,N,(N/A),Y,(N/A)
2025,2025-10-06,Monday,19,07:30 PM,Property Damage,No Injuries,0,0,0,0,0,1,Fixed Object,6,N,N,Driving Skills/Knowledge/Experience,(N/A),Darkness,Clear,Dry,Y,S Rid,South Blvd,S Ridgeland Ave/South Blvd,,No Controls,No Controls,N,1,41.886987,-87.7846458,ok,(UNK),None,2505526,2025,0,15,99,50000andOVER,9,4295,Oak Park,C,(UNK),None,16,6,13277205,10,Cook,0,25,CTA VIADUCT,None,1,N,No,Free Flow,202501325145,None,4,1.02999997,N,,,,(UNK),222747,(N/A),(UNK),No Defects,1,1,Major Collector,5,2783,X003984359,Not Toll,73,1,1,Not Divided,1,2945191.65707701,1910345.50661099,41.88697919,-87.78463999,On Scene,Urban,1,N,(N/A),Y,(N/A)
2025,2025-10-07,Tuesday,21,09:29 PM,Property Damage,No Injuries,0,0,0,0,0,1,Parked Motor Vehicle,9,N,N,Failing to Reduce Speed to Avoid Crash,(N/A),Darkness / Lighted Road,Clear,Dry,N,(N/A),Kenilworth Ave,(N/A),,No Controls,No Controls,N,2,41.8943044,-87.7976642,ok,(UNK),None,2505564,2025,0,28,99,50000andOVER,9,4295,Oak Park,C,(UNK),None,16,7,13277733,10,Cook,0,25,None,None,2,N,No,(UNK),202501325633,None,5,0,N,S,200,F,(UNK),223083,(N/A),(UNK),No Defects,1,1,Minor Arterial,4,0,X003984819,Not Toll,73,1,1,Not Divided,1,2941572.96154474,1912913.89814759,41.89429654,-87.79765838,On Scene,Urban,1,N,(N/A),Y,(N/A)
2025,2025-10-07,Tuesday,16,04:56 PM,Property Damage,No Injuries,0,0,0,0,0,4,Turning,10,N,N,Failing to Reduce Speed to Avoid Crash,Driving Skills/Knowledge/Experience,Daylight,Clear,Dry,Y,Harri,Lombard Ave,Harrison St/Lombard Ave,,Stop Sign,Functioning Properly,N,2,41.8727266,-87.7792774,ok,(UNK),None,2505558,2025,0,28,15,50000andOVER,9,4295,Oak Park,C,(UNK),None,16,7,13277746,10,Cook,0,25,None,None,2,N,No,Slow,202501325646,None,1,1.05999994,N,,,,(UNK),223094,(N/A),(UNK),No Defects,1,1,Minor Collector,6,3794,X003984832,Not Toll,73,2,4,Four Way,14,2946798.16424023,1905189.37258359,41.87271873,-87.77927159,On Scene,Urban,1,N,(N/A),Y,(N/A)
2025,2025-10-09,Thursday,8,08:13 AM,Injury,B Injury Crash,1,0,0,1,0,1,Turning,10,N,N,Improper Overtaking/Passing,Driving Skills/Knowledge/Experience,Daylight,Clear,Dry,Y,Augus,N Grove Ave,Augusta St/N Grove Ave,,No Controls,No Controls,N,2,41.89802,-87.79631,ok,(UNK),None,2505596,2025,0,4,15,50000andOVER,9,4295,Oak Park,C,(UNK),None,16,9,13279250,10,Cook,2,25,None,None,4,N,No,Free Flow,202501327062,None,1,0,N,,,,(UNK),224077,(N/A),(UNK),No Defects,1,1,Local Road or Street,7,0,X003986174,Not Toll,,1,1,Divided - w/median (not raised),2,2941904.24578602,1914278.12571776,41.89802,-87.79631,On Scene,Urban,1,N,(N/A),Y,(N/A)
2025,2025-10-09,Thursday,8,08:30 AM,Property Damage,No Injuries,0,0,0,0,0,2,Sideswipe Same Direction,12,N,N,Improper Lane Usage,Failing to Reduce Speed to Avoid Crash,Daylight,Clear,Dry,N,(N/A),I-290 W/B,(N/A),,No Controls,No Controls,Y,2,41.8712453,-87.7746723,ok,Partial Access Control,None,03-25-26528,2025,0,20,28,50000andOVER,9,4295,Oak Park,C,(UNK),None,16,9,13279389,10,Cook,0,25,None,None,4,N,No,(UNK),202501327192,None,1,9.18999958,Y,W,100,F,(UNK),224168,(N/A),(UNK),No Defects,1,1,InterState,1,290,X003986300,Not Toll,73,1,1,Divided With Median Barrier,3,2948067.5,1904684.5,41.87123743,-87.77466652,On Scene,Urban,1,N,(N/A),Y,(N/A)
2025,2025-10-09,Thursday,18,06:48 PM,Injury,C Injury Crash,1,0,0,0,1,3,Sideswipe Same Direction,12,N,N,Improper Lane Usage,Driving Skills/Knowledge/Experience,Darkness / Lighted Road,Clear,Dry,N,(N/A),Harlem,(N/A),800,No Controls,No Controls,N,3,41.8715029,-87.804435,ok,(UNK),None,25-03206,2025,0,20,15,50000andOVER,9,4295,Oak Park,C,(UNK),None,16,9,13279719,10,Cook,1,25,None,None,4,N,Yes,Free Flow,202501327499,None,5,20.23999977,Y,,,,(UNK),224398,(N/A),(UNK),No Defects,1,1,Other Principal Arterial,3,348,X003986610,Not Toll,73,1,1,Divided - w/median (not raised),2,2939958.25147627,1904553.75475758,41.87149503,-87.80442921,On Scene,Urban,1,N,(N/A),Y,(N/A)