crash_year,crash_date,day_of_week,crash_hour,time_of_crash,crash_severity,crash_injury_severity,total_injured,total_fatals,a_injuries,b_injuries,c_injuries,no_injuries,type_of_first_crash,collision_type_code,pedestrian_involved,pedalcyclist_involved,cause1,cause2,lighting_cond,weather_cond,road_surface_cond,intersection_related,is_intersection,highway_or_street_name,at_intersection_with,address_no,traffic_control_device,traffic_control_device_cond,hit_and_run,number_of_vehicles,latitude,longitude,location_status,access_control,agency_code,agency_report_number,agency_report_year,alignment_code,cause1_code,cause2_code,city_class,city_class_code,city_code,city_name,city_township_flag,class_of_trafficway,class_of_trafficway_code,county_code,crash_day,crash_id,crash_month,crash_report_county,crash_severity_cd,crash_yr_source,damaged_property1,damaged_property2,day_of_week_code,did_crash_occur_in_work_zone,did_involve_secondary_crash,flow_condition,icn,investigating_agency_descrip,light_condition_code,mile_station,nhs,non_intersection_direction,non_intersection_distance,non_intersection_units,number_of_lanes,objectid,railroad_crossing_number,road_alignment,road_defects,road_defects_code,road_surface_condition_code,roadway_functional_class,roadway_functional_class_code,route_number,sfe,toll,township,traffic_control_device_code,traffic_control_device_cond_code,trafficway_descrip,trafficway_description_code,ts_crash_coordinate_x,ts_crash_coordinate_y,ts_crash_latitude,ts_crash_longitude,type_report,urban_rural,weather_code,were_workers_present,work_zone,work_zone_related,work_zone_type
2025,2025-10-09,Thursday,22,10:50 PM,Property Damage,No Injuries,0,0,0,0,0,1,Fixed Object,6,N,N,Failing to Reduce Speed to Avoid Crash,Driving Skills/Knowledge/Experience,Darkness / Lighted Road,Clear,Dry,N,(N/A),I-290,(N/A),,Other Warning Sign,Functioning Properly,N,1,41.872495,-87.7923699,ok,Partial Access Control,None,03-25-26620,2025,0,28,15,50000andOVER,9,4295,Oak Park,C,(UNK),None,16,9,13279995,10,Cook,0,25,None,None,4,N,No,(UNK),202501327670,None,5,8.27999973,Y,E,483,F,(UNK),224588,(N/A),(UNK),No Defects,1,1,InterState,1,290,X003986784,Not Toll,73,11,4,Divided With Median Barrier,3,2943234.47642008,1905006.0017173,41.87248711,-87.79236413,On Scene,Urban,1,N,(N/A),Y,(N/A)
2025,2025-10-08,Wednesday,8,08:32 AM,Property Damage,No Injuries,0,0,0,0,0,2,Front to Rear,11,N,N,Following Too Closely,Failing to Reduce Speed to Avoid Crash,Daylight,Clear,Dry,Y,Harle,North Ave,Harlem/North Ave,,Traffic Signal,Functioning Properly,N,2,41.9087836,-87.8057852,ok,(UNK),None,2501230,2025,0,3,28,50000andOVER,9,4295,Oak Park,C,(UNK),None,16,8,13280039,10,Cook,0,25,None,None,3,N,No,Stopped,202501327707,None,1,17.65999985,Y,,,,(UNK),224614,(N/A),(UNK),No Defects,1,1,Other Principal Arterial,3,348,X003986822,Not Toll,73,3,4,Not Divided,1,2939216.48802478,1918129.40125981,41.90877571,-87.80577943,On Scene,Urban,1,N,(N/A),Y,(N/A)
2025,2025-10-09,Thursday,6,06:22 AM,Property Damage,No Injuries,0,0,0,0,0,2,Front to Rear,11,N,N,Following Too Closely,Failing to Reduce Speed to Avoid Crash,Dawn,Clear,Dry,N,(N/A),Harlem Ave,(N/A),,No Controls,No Controls,Y,2,41.908717,-87.8057791,ok,(UNK),None,2501234,2025,0,3,28,50000andOVER,9,4295,Oak Park,C,(UNK),None,16,9,13280046,10,Cook,0,25,None,None,4,N,No,Free Flow,202501327710,None,2,17.65999985,Y,S,25,F,(UNK),224618,(N/A),(UNK),No Defects,1,1,Other Principal Arterial,3,348,X003986825,Not Toll,73,1,1,Divided - w/median (not raised),2,2939218.83102099,1918105.1816973,41.90870912,-87.80577328,On Scene,Urban,1,N,(N/A),Y,(N/A)
2025,2025-10-09,Thursday,22,10:50 PM,Injury,B Injury Crash,1,0,0,1,0,1,Front to Rear,11,N,N,Failing to Reduce Speed to Avoid Crash,Following Too Closely,Darkness / Lighted Road,Clear,Dry,N,(N/A),I-290,(N/A),,Other,Functioning Properly,N,2,41.8723719,-87.7891426,ok,Partial Access Control,None,03-25-26621,2025,0,28,3,50000andOVER,9,4295,Oak Park,C,(UNK),None,16,9,13281045,10,Cook,2,25,None,None,4,N,Yes,(UNK),202501328648,None,5,22.32999992,N,W,13,F,(UNK),225279,(N/A),(UNK),No Defects,1,1,Minor Collector,6,9290,X003987692,Not Toll,73,13,4,Divided With Median Barrier,3,2944114.75891678,1904985.49141347,41.87236402,-87.78913678,On Scene,Urban,1,N,(N/A),Y,(N/A)
2025,2025-10-10,Friday,20,08:18 PM,Property Damage,No Injuries,0,0,0,0,0,4,Front to Rear,11,N,N,Following Too Closely,Driving Skills/Knowledge/Experience,Darkness / Lighted Road,Clear,Dry,N,(N/A),Harlem,(N/A),1,No Controls,No Controls,N,2,41.8866385,-87.8049499,ok,(UNK),None,25-03220,2025,0,3,15,50000andOVER,9,4295,Oak Park,C,(UNK),None,16,10,13281077,10,Cook,0,25,None,None,5,N,No,Free Flow,202501328678,None,5,19.19000053,Y,,,,(UNK),225301,(N/A),(UNK),No Defects,1,1,Other Principal Arterial,3,348,X003987724,Not Toll,73,1,1,Divided - w/median (not raised),2,2939666.13997669,1910065.57551833,41.88663062,-87.80494413,On Scene,Urban,1,N,(N/A),Y,(N/A)
2025,2025-10-08,Wednesday,13,01:10 PM,Injury,C Injury Crash,1,0,0,0,1,1,Pedestrian,1,Y,N,Disregarding Yield Sign,Failing to Reduce Speed to Avoid Crash,Daylight,Clear,Dry,N,(N/A),Madison St,(N/A),,Pedestrian Crossing Sign,Functioning Properly,N,1,41.8798921,-87.783182,ok,(UNK),None,2505581,2025,0,22,28,50000andOVER,9,4295,Oak Park,C,(UNK),None,16,8,13281321,10,Cook,1,25,None,None,3,N,No,Free Flow,202501328910,None,1,4.17999983,N,E,10,F,(UNK),225470,(N/A),(UNK),No Defects,1,1,Minor Arterial,4,1419,X003987955,Not Toll,73,17,4,Divided - w/median (not raised),2,2945662.11354405,1907771.05693592,41.87988427,-87.78317618,On Scene,Urban,1,N,(N/A),Y,(N/A)
2025,2025-10-11,Saturday,6,06:07 AM,Property Damage,No Injuries,0,0,0,0,0,1,Parked Motor Vehicle,9,N,N,Unable to Determine,(N/A),Darkness / Lighted Road,Clear,Dry,N,(N/A),Ridgeland Ave,(N/A),1221,No Controls,No Controls,Y,2,41.8658108,-87.7839863,ok,(UNK),None,25-08495,2025,0,18,99,50000andOVER,9,4295,Oak Park,C,(UNK),None,16,11,13282337,10,Cook,0,25,None,None,6,N,No,Free Flow,202501329869,None,5,2.50999999,N,,,,(UNK),226184,(N/A),(UNK),No Defects,1,1,Major Collector,5,2783,X003988935,Not Toll,73,1,1,Divided - w/median (not raised),2,2945585.58345804,1902633.4867246,41.86580296,-87.78398051,On Scene,Urban,1,N,(N/A),Y,(N/A)
2025,2025-10-10,Friday,23,11:28 PM,Injury,B Injury Crash,2,0,0,2,0,8,Sideswipe Same Direction,12,N,N,Improper Lane Usage,Failing to Yield Right of Way,Darkness / Lighted Road,Clear,Dry,N,(N/A),I-290 W/B,(N/A),,Other,Functioning Properly,N,7,41.8737724,-87.8044751,ok,Partial Access Control,None,03-25-26741,2025,0,20,2,50000andOVER,9,4295,Oak Park,C,(UNK),None,16,10,13283743,10,Cook,2,25,None,None,5,N,No,(UNK),202501331317,None,5,21.57999992,Y,E,15,F,(UNK),227128,(N/A),(UNK),No Defects,1,1,Other Principal Arterial,3,9290,X003990289,Not Toll,73,13,4,Divided With Median Barrier,3,2939924.55275288,1905380.49968597,41.87376453,-87.80446933,Not on Scene (Desk R,Urban,1,N,(N/A),Y,(N/A)
2025,2025-10-10,Friday,12,12:24 PM,Property Damage,No Injuries,0,0,0,0,0,3,Angle,15,N,N,Failing to Yield Right of Way,Failing to Reduce Speed to Avoid Crash,Daylight,Clear,Dry,Y,Clare,Jackson Blvd,Clarence Ave/Jackson Blvd,,Stop Sign,Functioning Properly,N,2,41.8761726,-87.7904458,ok,(UNK),None,2505623,2025,0,2,28,50000andOVER,9,4295,Oak Park,C,(UNK),None,16,10,13283977,10,Cook,0,25,None,None,5,N,No,Free Flow,202501331528,None,1,0,N,,,,(UNK),227260,(N/A),(UNK),No Defects,1,1,Local Road or Street,7,0,X003990503,Not Toll,73,2,4,Divided - w/median (not raised),2,2943721.44164824,1906360.70838072,41.87616474,-87.79043997,On Scene,Urban,1,N,(N/A),Y,(N/A)
2025,2025-10-10,Friday,16,04:33 PM,Property Damage,No Injuries,0,0,0,0,0,6,Angle,15,N,N,Failing to Yield Right of Way,Failing to Reduce Speed to Avoid Crash,Daylight,Clear,Dry,Y,Rando,S Ridgeland Ave,Randolph St/S Ridgeland Ave,,Stop Sign,Functioning Properly,N,2,41.8834464,-87.7845453,ok,(UNK),None,2505630,2025,0,2,28,50000andOVER,9,4295,Oak Park,C,(UNK),None,16,10,13283987,10,Cook,0,25,None,None,5,N,No,Free Flow,202501331538,None,1,1.27999997,N,,,,(UNK),227268,(N/A),(UNK),No Defects,1,1,Major Collector,5,2783,X003990513,Not Toll,73,2,4,Four Way,14,2945254.86521375,1909056.00402997,41.88343859,-87.78453947,On Scene,Urban,1,N,(N/A),Y,(N/A)
2025,2025-10-11,Saturday,9,09:22 AM,Injury,B Injury Crash,1,0,0,1,0,1,Pedestrian,1,Y,N,Failing to Reduce Speed to Avoid Crash,Failing to Yield Right of Way,Daylight,Clear,Dry,Y,Washi,Home Ave,Home Ave/Washington Blvd,,Traffic Signal,Functioning Properly,N,1,41.8814975,-87.7999247,ok,(UNK),None,2505641,2025,0,28,2,50000andOVER,9,4295,Oak Park,C,(UNK),None,16,11,13283994,10,Cook,2,25,None,None,6,N,No,Free Flow,202501331544,None,1,0.25,N,,,,(UNK),227271,(N/A),(UNK),No Defects,1,1,Major Collector,5,5,X003990519,Not Toll,73,3,4,Four Way,14,2941086.26839893,1908229.84617121,41.88148969,-87.79991887,On Scene,Urban,1,N,(N/A),Y,(N/A)
2025,2025-10-12,Sunday,9,09:41 AM,Property Damage,No Injuries,0,0,0,0,0,3,Angle,15,N,N,Disregarding Traffic Signals,Driving Skills/Knowledge/Experience,Daylight,Clear,Dry,Y,Garfi,S Oak Park Ave,Garfield St/S Oak Park Ave,,Traffic Signal,Functioning Properly,N,2,41.8719983,-87.7939858,ok,(UNK),None,2505655,2025,0,25,15,50000andOVER,9,4295,Oak Park,C,(UNK),None,16,12,13284038,10,Cook,0,25,None,None,7,N,No,Free Flow,202501331584,None,1,0,N,,,,(UNK),227291,(N/A),(UNK),No Defects,1,1,Major Collector,5,290,X003990559,Not Toll,73,3,4,Four Way,14,2942799.36509987,1904812.82535216,41.87199042,-87.79398001,On Scene,Urban,1,N,(N/A),Y,(N/A)
2025,2025-10-11,Saturday,21,09:42 PM,Injury,C Injury Crash,1,0,0,0,1,2,Sideswipe Opposite Direction,13,N,N,Driving On Wrong Side/Wrong Way,Unable to Determine,Darkness / Lighted Road,Cloudy/Overcast,Dry,N,(N/A),N Austin Blvd,(N/A),626,No Controls,No Controls,Y,2,41.8913427,-87.7750208,ok,(UNK),None,2505652,2025,0,5,18,50000andOVER,9,4295,Oak Park,C,(UNK),None,16,11,13284039,10,Cook,1,25,None,None,6,N,No,Free Flow,202501331585,None,5,6.9000001,N,,,,(UNK),227292,(N/A),(UNK),No Defects,1,1,Minor Arterial,4,2790,X003990560,Not Toll,,1,1,Not Divided,1,2947768.3578528,1912005.73868109,41.89133486,-87.77501505,On Scene,Urban,8,N,(N/A),Y,(N/A)
2025,2025-10-13,Monday,15,03:14 PM,Property Damage,No Injuries,0,0,0,0,0,2,Front to Rear,11,N,N,Physical Condition of Driver,Failing to Reduce Speed to Avoid Crash,Daylight,Clear,Dry,N,(N/A),North Ave,(N/A),,Traffic Signal,Functioning Properly,N,2,41.9091646,-87.7833531,ok,(UNK),None,2505674,2025,0,17,28,50000andOVER,9,4295,Oak Park,C,(UNK),None,16,13,13284991,10,Cook,0,25,None,None,1,N,No,Stopped,202501332359,None,1,7.07000017,Y,,,,(UNK),227884,(N/A),(UNK),No Defects,1,1,Other Principal Arterial,3,307,X003991333,Not Toll,73,3,4,Not Divided,1,2945319.02073769,1918437.22102472,41.90915675,-87.78334734,Not on Scene (Desk R,Urban,1,N,(N/A),Y,(N/A)
2025,2025-10-13,Monday,18,06:19 PM,Property Damage,No Injuries,0,0,0,0,0,3,Front to Rear,11,N,N,Failing to Reduce Speed to Avoid Crash,(N/A),Darkness / Lighted Road,Clear,Dry,N,(N/A),S Ridgeland Ave,(N/A),130,No Controls,No Controls,N,2,41.8863145,-87.784633,ok,(UNK),None,2505678,2025,0,28,99,50000andOVER,9,4295,Oak Park,C,(UNK),None,16,13,13284993,10,Cook,0,25,None,None,1,N,No,Free Flow,202501332361,None,5,1.08000004,N,,,,(UNK),227886,(N/A),(UNK),No Defects,1,1,Major Collector,5,2783,X003991335,Not Toll,73,1,1,Not Divided,1,2945201.95235929,1910100.5171269,41.88630665,-87.78462718,On Scene,Urban,1,N,(N/A),Y,(N/A)
2025,2025-10-14,Tuesday,18,06:36 PM,Property Damage,No Injuries,0,0,0,0,0,2,Front to Rear,11,N,N,Failing to Reduce Speed to Avoid Crash,(N/A),Darkness / Lighted Road,Clear,Dry,N,(N/A),S Harlem Ave,(N/A),,Traffic Signal,Functioning Properly,Y,2,41.8737787,-87.8045294,ok,Partial Access Control,None,2505701,2025,0,28,99,50000andOVER,9,4295,Oak Park,C,(UNK),None,16,14,13286551,10,Cook,0,25,None,None,2,N,No,Free Flow,202501333625,None,5,7.69999981,Y,,,,(UNK),228790,(N/A),(UNK),No Defects,1,1,Other Principal Arterial,3,290,X003992571,Not Toll,73,3,4,Not Divided,1,2939909.70662566,1905382.41540366,41.8737709,-87.8045236,On Scene,Urban,1,N,(N/A),Y,(N/A)
2025,2025-10-14,Tuesday,16,04:22 PM,Property Damage,No Injuries,0,0,0,0,0,2,Turning,10,N,N,Improper Turning/No Signal,Failing to Yield Right of Way,Daylight,Clear,Dry,Y,N Oak,Iowa St,Iowa St/N Oak Park Ave,,No Controls,No Controls,N,2,41.8962217,-87.7946957,ok,(UNK),None,2505696,2025,0,6,2,50000andOVER,9,4295,Oak Park,C,(UNK),None,16,14,13286572,10,Cook,0,25,None,None,2,N,No,Free Flow,202501333642,None,1,4.98999977,N,,,,(UNK),228806,(N/A),(UNK),No Defects,1,1,Major Collector,5,2775,X003992589,Not Toll,73,1,1,Divided - w/median (not raised),2,2942361.87878866,1913634.92931339,41.89621381,-87.79468993,On Scene,Urban,1,N,(N/A),Y,(N/A)
2025,2025-10-12,Sunday,14,02:38 PM,Injury,B Injury Crash,1,0,0,1,0,1,Front to Rear,11,N,N,Following Too Closely,Failing to Reduce Speed to Avoid Crash,Daylight,Clear,Dry,Y,N Ken,Chicago Ave,Chicago Ave/N Kenilworth Ave,,Traffic Signal,Functioning Properly,N,2,41.89431,-87.79767,ok,(UNK),None,2505690,2025,0,3,28,50000andOVER,9,4295,Oak Park,C,(UNK),None,16,12,13286584,10,Cook,2,25,None,None,7,N,No,Stopped,202501333652,None,1,0,N,,,,(UNK),228814,(N/A),(UNK),No Defects,1,1,Minor Arterial,4,0,X003992599,Not Toll,,3,4,T-Intersection,15,2941571.31952676,1912915.89837327,41.89431,-87.79767,Not on Scene (Desk R,Urban,1,N,(N/A),Y,(N/A)
2025,2025-10-10,Friday,16,04:15 PM,Injury,C Injury Crash,1,0,0,0,1,1,Front to Rear,11,N,N,Failing to Reduce Speed to Avoid Crash,(N/A),Daylight,Clear,Dry,N,(N/A),Madison St,(N/A),12,No Controls,No Controls,Y,2,41.88009,-87.77522,ok,(UNK),None,2505631,2025,0,28,99,50000andOVER,9,4295,Oak Park,C,(UNK),None,16,10,13286626,10,Cook,1,25,None,None,5,N,No,Stopped,202501333689,None,1,0,N,,,,(UNK),228842,(N/A),(UNK),No Defects,1,1,(UNK),0,0,X003992636,No Toll,,1,1,Divided With Median Barrier,3,2947828.4693126,1907903.52362122,41.88009,-87.77522,Not on Scene (Desk R,Rural,1,N,(N/A),Y,(N/A)
2025,2025-10-14,Tuesday,5,05:38 AM,Injury,C Injury Crash,3,0,0,0,3,0,Front to Rear,11,N,N,Following Too Closely,(N/A),Darkness / Lighted Road,Clear,Dry,Y,I-290,Harlem Ave,Harlem Ave/I-290 W,,Traffic Signal,Functioning Properly,N,3,41.8736362,-87.8045256,ok,Partial Access Control,None,25-03254,2025,0,3,99,50000andOVER,9,4295,Oak Park,C,(UNK),None,16,14,13287443,10,Cook,1,25,None,None,2,N,Yes,Slow,202501334367,None,5,0.20999999,Y,,,,(UNK),229338,(N/A),(UNK),No Defects,1,1,InterState,1,290,X003993322,Not Toll,73,3,4,Divided With Median Barrier,3,2939912.18416353,1905330.48066651,41.87362831,-87.80451976,On Scene,Urban,1,N,(N/A),Y,(N/A)
2025,2025-10-15,Wednesday,8,08:59 AM,Property Damage,No Injuries,0,0,0,0,0,4,Turning,10,N,N,Improper Turning/No Signal,(N/A),Daylight,Rain,Wet,Y,Madis,S Ridgeland Ave,Madison St/S Ridgeland Ave,,Traffic Signal,Functioning Properly,Y,3,41.8800062,-87.7844421,ok,(UNK),None,2505711,2025,0,6,99,50000andOVER,9,4295,Oak Park,C,(UNK),None,16,15,13287625,10,Cook,0,25,None,None,3,N,No,Free Flow,202501334615,None,1,1.50999999,N,,,,(UNK),229457,(N/A),(UNK),No Defects,1,2,Major Collector,5,2783,X003993474,Not Toll,73,3,4,Four Way,14,2945317.77369605,1907803.08069093,41.8799983,-87.78443632,On Scene,Urban,2,N,(N/A),Y,(N/A)
2025,2025-10-12,Sunday,19,07:19 PM,Property Damage,No Injuries,0,0,0,0,0,2,Front to Rear,11,N,N,Failing to Reduce Speed to Avoid Crash,(N/A),Darkness / Lighted Road,Clear,Dry,N,(N/A),N Harlem Ave,(N/A),,Traffic Signal,Functioning Properly,N,2,41.8921222,-87.8051604,ok,(UNK),None,2501251,2025,0,28,99,50000andOVER,9,4295,Oak Park,C,(UNK),None,16,12,13287628,10,Cook,0,25,None,None,7,N,No,Stopped,202501334520,None,5,18.80999947,Y,N,100,F,(UNK),229459,(N/A),(UNK),No Defects,1,1,Other Principal Arterial,3,348,X003993477,Not Toll,73,3,4,Not Divided,1,2939553.79814837,1912062.36318538,41.89211433,-87.80515461,On Scene,Urban,1,N,(N/A),Y,(N/A)
2025,2025-10-12,Sunday,18,06:34 PM,Injury,C Injury Crash,1,0,0,0,1,1,Pedestrian,1,Y,N,Failing to Yield Right of Way,Driving Skills/Knowledge/Experience,Darkness / Lighted Road,Clear,Dry,Y,Frank,Harlem Ave,Franklin/Harlem Ave,,Stop Sign,No Controls,N,1,41.8854032,-87.8049146,ok,(UNK),None,25-03244,2025,0,2,15,50000andOVER,9,4295,Oak Park,C,(UNK),None,16,12,13288341,10,Cook,1,25,None,None,7,N,No,Free Flow,202501335044,None,5,19.28000069,Y,,,,(UNK),229913,(N/A),(UNK),No Defects,1,1,Other Principal Arterial,3,348,X003993968,Not Toll,73,2,1,Divided - w/median (not raised),2,2939688.16313968,1909615.68333409,41.88539535,-87.80490878,On Scene,Urban,1,N,(N/A),Y,(N/A)
2025,2025-10-05,Sunday,12,12:05 PM,Property Damage,No Injuries,0,0,0,0,0,2,Front to Rear,11,N,N,Following Too Closely,Failing to Reduce Speed to Avoid Crash,Darkness / Lighted Road,Clear,Dry,N,(N/A),I 290 E/B,(N/A),,Other Regualtory Sig,Functioning Properly,Y,2,41.8734479,-87.8039031,ok,Partial Access Control,None,03-25-26328,2025,0,3,28,50000andOVER,9,4295,Oak Park,C,(UNK),None,16,5,13288688,10,Cook,0,25,None,None,7,N,No,(UNK),202501335435,None,5,7.73000002,Y,E,169,F,(UNK),230145,(N/A),(UNK),No Defects,1,1,InterState,1,290,X003994287,Not Toll,73,10,4,Divided With Median Barrier,3,2940083.60624688,1905266.53720091,41.87344003,-87.80389731,Not on Scene (Desk R,Urban,1,N,(N/A),Y,(N/A)
2025,2025-10-08,Wednesday,16,04:38 PM,Injury,B Injury Crash,2,0,0,2,0,3,Front to Rear,11,N,N,Failing to Reduce Speed to Avoid Crash,Driving Skills/Knowledge/Experience,Daylight,Clear,Dry,N,(N/A),Eisenhower Expy,(N/A),,Other,Functioning Properly,N,3,41.8723447,-87.7888302,ok,Partial Access Control,None,03-25-26474,2025,0,28,15,50000andOVER,9,4295,Oak Park,C,(UNK),None,16,8,13288701,10,Cook,2,25,None,None,3,N,No,(UNK),202501335447,None,1,8.46000004,Y,W,.25,M,(UNK),230157,(N/A),(UNK),No Defects,1,1,InterState,1,290,X003994299,Not Toll,73,13,4,Divided With Median Barrier,3,2944200.11142668,1904977.95369881,41.87233687,-87.78882442,On Scene,Urban,1,N,(N/A),Y,(N/A)
2025,2025-10-13,Monday,12,12:50 PM,Property Damage,No Injuries,0,0,0,0,0,2,Front to Rear,11,N,N,Following Too Closely,Failing to Reduce Speed to Avoid Crash,Daylight,Clear,Dry,N,(N/A),I-290 Wb,(N/A),,Other Regualtory Sig,Functioning Properly,N,2,41.8712447,-87.7746192,ok,Partial Access Control,None,03-25-26924,2025,0,3,28,50000andOVER,9,4295,Oak Park,C,(UNK),None,16,13,13289008,10,Cook,0,25,None,None,1,N,No,(UNK),202501335734,None,1,9.18999958,Y,W,100,F,(UNK),230387,(N/A),(UNK),No Defects,1,1,InterState,1,290,X003994588,Not Toll,73,10,4,Divided With Median Barrier,3,2948081.98612946,1904684.70805812,41.87123689,-87.77461336,On Scene,Urban,1,N,(N/A),Y,(N/A)
2025,2025-10-15,Wednesday,18,06:43 PM,Property Damage,No Injuries,0,0,0,0,0,2,Sideswipe Same Direction,12,N,N,Improper Lane Usage,Failing to Yield Right of Way,Daylight,Clear,Dry,Y,Augus,N Ridgeland Ave,Augusta St/N Ridgeland Ave,,Traffic Signal,Functioning Properly,N,2,41.8982368,-87.7850064,ok,(UNK),None,2505725,2025,0,20,2,50000andOVER,9,4295,Oak Park,C,(UNK),None,16,15,13289180,10,Cook,0,25,None,None,3,N,No,Free Flow,202501335901,None,1,0.25,N,,,,(UNK),230504,(N/A),(UNK),No Defects,1,1,Major Collector,5,2783,X003994749,Not Toll,73,3,4,Unknown,9,2944979.6093455,1914442.41790935,41.89822898,-87.78500057,On Scene,Urban,1,N,(N/A),Y,(N/A)
2025,2025-10-16,Thursday,12,12:46 PM,Injury,B Injury Crash,1,0,0,1,0,2,Turning,10,N,N,Failing to Yield Right of Way,Vision Obscured,Daylight,Clear,Dry,N,(N/A),Washington Blvd,(N/A),,No Controls,No Controls,N,2,41.88159,-87.78941,ok,(UNK),None,2505739,2025,0,2,14,50000andOVER,9,4295,Oak Park,C,(UNK),None,16,16,13289265,10,Cook,2,25,None,None,4,N,No,Free Flow,202501335984,None,1,0.5,N,W,175,F,(UNK),230561,(N/A),(UNK),No Defects,1,1,Major Collector,5,2779,X003994829,Not Toll,,1,1,Other,8,2943948.82626514,1908342.72966039,41.88159,-87.78941,On Scene,Urban,1,N,(N/A),Y,(N/A)
2025,2025-10-16,Thursday,17,05:06 PM,Property Damage,No Injuries,0,0,0,0,0,3,Turning,10,N,N,Failing to Yield Right of Way,Equipment-Vehicle Condition,Daylight,Clear,Dry,Y,(UNK),Harlem Ave,(UNK)/Harlem Ave,1100,No Controls,No Controls,N,3,41.8650279,-87.8042146,ok,(UNK),None,25-03280,2025,0,2,10,50000andOVER,9,4295,Oak Park,C,(UNK),None,16,16,13289395,10,Cook,0,25,None,None,4,N,Yes,Free Flow,202501336117,None,1,20.69000053,Y,,,,(UNK),230642,(N/A),(UNK),No Defects,1,1,Other Principal Arterial,3,348,X003994952,Not Toll,52,1,1,Divided - w/median (not raised),2,2940083.24670827,1902195.80034607,41.86502002,-87.80420884,On Scene,Urban,1,N,(N/A),Y,(N/A)
2025,2025-10-13,Monday,18,06:25 PM,Injury,B Injury Crash,1,0,0,1,0,1,Front to Rear,11,N,N,Failing to Reduce Speed to Avoid Crash,Following Too Closely,Daylight,Clear,Dry,N,(N/A),I-290,(N/A),,Other Warning Sign,Functioning Properly,N,2,41.8712355,-87.7744884,ok,Partial Access Control,None,03-25-26945,2025,0,28,3,50000andOVER,9,4295,Oak Park,C,(UNK),None,16,13,13289804,10,Cook,2,25,None,None,1,N,No,(UNK),202501336583,None,1,9.19999981,Y,W,10,F,(UNK),230913,(N/A),(UNK),No Defects,1,1,InterState,1,290,X003995324,Not Toll,73,11,4,Divided With Median Barrier,3,2948117.68771044,1904682.3281021,41.87122764,-87.77448263,On Scene,Urban,1,N,(N/A),Y,(N/A)
2025,2025-10-16,Thursday,14,02:28 PM,Property Damage,No Injuries,0,0,0,0,0,2,Pedalcyclist,2,N,Y,Failing to Reduce Speed to Avoid Crash,Unable to Determine,Daylight,Clear,Dry,Y,N Ken,Lake St,Lake St/N Kenilworth Ave,,Traffic Signal,Functioning Properly,N,1,41.88865,-87.79716,ok,(UNK),None,2505743,2025,0,28,18,50000andOVER,9,4295,Oak Park,C,(UNK),None,16,16,13290314,10,Cook,0,25,None,None,4,N,No,Free Flow,202501337052,None,1,0,N,,,,(UNK),231256,(N/A),(UNK),No Defects,1,1,Major Collector,5,0,X003995789,Not Toll,,3,4,Y-Intersection,16,2941767.17130471,1910857.12457174,41.88865,-87.79716,On Scene,Urban,1,N,(N/A),Y,(N/A)
2025,2025-10-17,Friday,7,07:45 AM,Property Damage,No Injuries,0,0,0,0,0,3,Sideswipe Same Direction,12,N,N,Improper Lane Usage,Unable to Determine,Daylight,Clear,Dry,N,(N/A),Madison St,(N/A),,No Controls,No Controls,N,2,41.87998,-87.77956,ok,(UNK),None,2505749,2025,0,20,18,50000andOVER,9,4295,Oak Park,C,(UNK),None,16,17,13290317,10,Cook,0,25,None,None,5,N,No,Free Flow,202501337053,None,1,0.55000001,N,E,50,F,(UNK),231257,(N/A),(UNK),No Defects,1,1,Minor Arterial,4,3794,X003995790,Not Toll,,1,1,Not Divided,1,2946647.63222437,1907830.51478839,41.87998,-87.77956,On Scene,Urban,1,N,(N/A),Y,(N/A)
2025,2025-10-08,Wednesday,19,07:14 PM,Property Damage,No Injuries,0,0,0,0,0,2,Front to Rear,11,N,N,Following Too Closely,Failing to Reduce Speed to Avoid Crash,Darkness,Clear,Dry,N,(N/A),I-290,(N/A),,Other,Functioning Properly,N,2,41.8720612,-87.7888985,ok,Partial Access Control,None,03-25-26932,2025,0,3,28,50000andOVER,9,4295,Oak Park,C,(UNK),None,16,8,13290680,10,Cook,0,25,None,None,3,N,No,(UNK),202501337393,None,4,8.46000004,Y,E,0,M,(UNK),231517,(N/A),(UNK),No Defects,1,1,InterState,1,290,X003996133,Not Toll,73,13,4,Divided With Median Barrier,3,2944184.38523984,1904874.11929152,41.87205335,-87.78889267,Not on Scene (Desk R,Urban,1,N,(N/A),Y,(N/A)