crash_year,crash_date,day_of_week,crash_hour,time_of_crash,crash_severity,crash_injury_severity,total_injured,total_fatals,a_injuries,b_injuries,c_injuries,no_injuries,type_of_first_crash,collision_type_code,pedestrian_involved,pedalcyclist_involved,cause1,cause2,lighting_cond,weather_cond,road_surface_cond,intersection_related,is_intersection,highway_or_street_name,at_intersection_with,address_no,traffic_control_device,traffic_control_device_cond,hit_and_run,number_of_vehicles,latitude,longitude,location_status,access_control,agency_code,agency_report_number,agency_report_year,alignment_code,cause1_code,cause2_code,city_class,city_class_code,city_code,city_name,city_township_flag,class_of_trafficway,class_of_trafficway_code,county_code,crash_day,crash_id,crash_month,crash_report_county,crash_severity_cd,crash_yr_source,damaged_property1,damaged_property2,day_of_week_code,did_crash_occur_in_work_zone,did_involve_secondary_crash,flow_condition,icn,investigating_agency_descrip,light_condition_code,mile_station,nhs,non_intersection_direction,non_intersection_distance,non_intersection_units,number_of_lanes,objectid,railroad_crossing_number,road_alignment,road_defects,road_defects_code,road_surface_condition_code,roadway_functional_class,roadway_functional_class_code,route_number,sfe,toll,township,traffic_control_device_code,traffic_control_device_cond_code,trafficway_descrip,trafficway_description_code,ts_crash_coordinate_x,ts_crash_coordinate_y,ts_crash_latitude,ts_crash_longitude,type_report,urban_rural,weather_code,were_workers_present,work_zone,work_zone_related,work_zone_type
2025,2025-10-03,Friday,7,07:15 AM,Property Damage,No Injuries,0,0,0,0,0,2,Front to Rear,11,N,N,Following Too Closely,Failing to Reduce Speed to Avoid Crash,Daylight,Clear,Dry,N,(N/A),I-290 Westbound,(N/A),,No Controls,No Controls,N,2,41.8713377,-87.7761087,ok,Partial Access Control,None,03-25-25925,2025,0,3,28,50000andOVER,9,4295,Oak Park,C,(UNK),None,16,3,13291258,10,Cook,0,25,None,None,5,N,No,(UNK),202501337957,None,1,9.11999989,Y,E,500,F,(UNK),231966,(N/A),(UNK),No Defects,1,1,InterState,1,290,X003996698,Not Toll,73,1,1,Divided With Median Barrier,3,2947675.31596095,1904707.29120795,41.8713299,-87.77610293,On Scene,Urban,1,N,(N/A),Y,(N/A)
2025,2025-10-12,Sunday,14,02:17 PM,Property Damage,No Injuries,0,0,0,0,0,3,Front to Rear,11,N,N,Failing to Reduce Speed to Avoid Crash,Driving Skills/Knowledge/Experience,Daylight,Clear,Dry,N,(N/A),Eisenhower Expy,(N/A),,Traffic Signal,Functioning Properly,N,3,41.8715238,-87.7790843,ok,Partial Access Control,None,03-25-26868,2025,0,28,15,50000andOVER,9,4295,Oak Park,C,(UNK),None,16,12,13292218,10,Cook,0,25,None,None,7,N,No,(UNK),202501338894,None,1,8.97000027,Y,W,.25,M,(UNK),232649,(N/A),(UNK),No Defects,1,1,InterState,1,290,X003997615,Not Toll,73,3,4,Ramp,11,2946862.94577279,1904752.52741083,41.87151596,-87.77907853,On Scene,Urban,1,N,(N/A),Y,(N/A)
2025,2025-10-12,Sunday,16,04:30 PM,Property Damage,No Injuries,0,0,0,0,0,4,Front to Rear,11,N,N,Failing to Reduce Speed to Avoid Crash,Driving Skills/Knowledge/Experience,Daylight,Clear,Dry,N,(N/A),290,(N/A),,Other,Functioning Properly,N,3,41.8723458,-87.7888392,ok,Partial Access Control,None,03-25-26880,2025,0,28,15,50000andOVER,9,4295,Oak Park,C,(UNK),None,16,12,13292303,10,Cook,0,25,None,None,7,N,No,(UNK),202501338980,None,1,8.46000004,Y,W,.25,M,(UNK),232701,(N/A),(UNK),No Defects,1,1,InterState,1,290,X003997689,Not Toll,73,13,4,Divided With Median Barrier,3,2944197.66172198,1904978.28561044,41.87233796,-87.78883337,On Scene,Urban,1,N,(N/A),Y,(N/A)
2025,2025-09-24,Wednesday,9,09:00 AM,Property Damage,No Injuries,0,0,0,0,0,2,Front to Rear,11,N,N,Failing to Reduce Speed to Avoid Crash,(N/A),Daylight,Clear,Dry,Y,Harva,Ridgeland,Harvard/Ridgeland,,Traffic Signal,Functioning Properly,N,2,41.8688995,-87.7840928,ok,(UNK),None,2505731,2025,0,28,99,50000andOVER,9,4295,Oak Park,C,(UNK),None,16,24,13292739,9,Cook,0,25,None,None,3,N,No,Slow,202501339417,None,1,2.27999997,N,S,25,F,(UNK),232962,(N/A),(UNK),No Defects,1,1,Major Collector,5,2783,X003998051,Not Toll,73,3,4,Not Divided,1,2945525.31463137,1903758.27084746,41.8688917,-87.78408702,On Scene,Urban,1,N,(N/A),Y,(N/A)
2025,2025-10-16,Thursday,17,05:13 PM,Property Damage,No Injuries,0,0,0,0,0,2,Front to Rear,11,N,N,(N/A),(N/A),Daylight,Clear,Dry,Y,N Gro,Chicago Ave,Chicago Ave/N Grove Ave,,No Controls,No Controls,N,2,41.89439,-87.79617,ok,(UNK),None,2505746,2025,0,99,99,50000andOVER,9,4295,Oak Park,C,(UNK),None,16,16,13292774,10,Cook,0,25,None,None,4,N,No,Free Flow,202501339452,None,1,3.01999998,N,,,,(UNK),232982,(N/A),(UNK),No Defects,1,1,Minor Arterial,4,1398,X003998084,Not Toll,,1,1,Not Divided,1,2941978.93122766,1912956.33821048,41.89439,-87.79617,Not on Scene (Desk R,Urban,1,N,(N/A),Y,(N/A)
2025,2025-10-18,Saturday,14,02:32 PM,Property Damage,No Injuries,0,0,0,0,0,1,Parked Motor Vehicle,9,N,N,Physical Condition of Driver,Failing to Reduce Speed to Avoid Crash,Daylight,Clear,Dry,N,(N/A),Maple Ave,(N/A),,No Controls,No Controls,N,3,41.8814,-87.80389,ok,(UNK),None,2505778,2025,0,17,28,50000andOVER,9,4295,Oak Park,C,(UNK),None,16,18,13292786,10,Cook,0,25,None,None,6,N,No,Free Flow,202501339463,None,1,0.05,N,N,50,F,(UNK),232988,(N/A),(UNK),No Defects,1,1,Major Collector,5,5,X003998094,Not Toll,,1,1,Not Divided,1,2940007.35862673,1908164.53250659,41.8814,-87.80389,On Scene,Urban,1,N,(N/A),Y,(N/A)
2025,2025-10-19,Sunday,21,09:32 PM,Property Damage,No Injuries,0,0,0,0,0,5,Front to Rear,11,N,N,Improper Turning/No Signal,Unable to Determine,Darkness / Lighted Road,Clear,Dry,Y,Madis,S. Ridgeland Ave,Madison St/S. Ridgeland Ave,,Traffic Signal,Functioning Properly,N,2,41.87992,-87.78443,ok,(UNK),None,2505797,2025,0,6,18,50000andOVER,9,4295,Oak Park,C,(UNK),None,16,19,13293717,10,Cook,0,25,None,None,7,N,No,Free Flow,202501340471,None,5,1.51999998,N,,,,(UNK),233579,(N/A),(UNK),No Defects,1,1,Minor Arterial,4,2783,X003998907,Not Toll,,3,4,Not Divided,1,2945321.9451873,1907771.77769087,41.87992,-87.78443,On Scene,Urban,1,N,(N/A),Y,(N/A)
2025,2025-10-19,Sunday,16,04:52 PM,Injury,B Injury Crash,1,0,0,1,0,1,Front to Rear,11,N,N,Following Too Closely,Driving Skills/Knowledge/Experience,Daylight,Clear,Dry,N,(N/A),Madison St,(N/A),600,No Controls,No Controls,N,2,41.87979,-87.78989,ok,(UNK),None,2505792,2025,0,3,15,50000andOVER,9,4295,Oak Park,C,(UNK),None,16,19,13293718,10,Cook,2,25,None,None,7,N,No,Slow,202501340472,None,1,0,N,,,,(UNK),233580,(N/A),(UNK),No Defects,1,1,Minor Arterial,4,0,X003998908,Not Toll,,1,1,Divided - w/median (not raised),2,2943836.28238363,1907683.15394622,41.87979,-87.78989,On Scene,Urban,1,N,(N/A),Y,(N/A)
2025,2025-10-18,Saturday,20,08:32 PM,Property Damage,No Injuries,0,0,0,0,0,4,Front to Rear,11,N,N,Failing to Reduce Speed to Avoid Crash,Unable to Determine,Darkness / Lighted Road,Rain,Wet,Y,N Rid,Division St,Division St/N Ridgeland Ave,,No Controls,No Controls,Y,2,41.90184,-87.78419,ok,(UNK),None,2505781,2025,0,28,18,50000andOVER,9,4295,Oak Park,C,(UNK),None,16,18,13293725,10,Cook,0,25,None,None,6,N,No,Free Flow,202501340476,None,5,0,N,,,,(UNK),233581,(N/A),(UNK),No Defects,1,2,Major Collector,5,0,X003998912,Not Toll,,1,1,Not Divided,1,2945165.3900236,1915761.66040862,41.90184,-87.78419,On Scene,Urban,2,N,(N/A),Y,(N/A)
2025,2025-10-18,Saturday,18,06:18 PM,Property Damage,No Injuries,0,0,0,0,0,11,Turning,10,N,N,Failing to Yield Right of Way,(N/A),Darkness / Lighted Road,Cloudy/Overcast,Dry,Y,S Har,Garfield St,Garfield St/S Harlem Ave,,Traffic Signal,Functioning Properly,N,2,41.8723122,-87.804466,ok,(UNK),None,2505780,2025,0,2,99,50000andOVER,9,4295,Oak Park,C,(UNK),None,16,18,13293728,10,Cook,0,25,None,None,6,N,No,Free Flow,202501340477,None,5,20.18000031,Y,,,,(UNK),233582,(N/A),(UNK),No Defects,1,1,Other Principal Arterial,3,348,X003998913,Not Toll,73,3,4,Not Divided,1,2939941.69085668,1904848.45046941,41.87230434,-87.8044602,On Scene,Urban,8,N,(N/A),Y,(N/A)
2025,2025-10-20,Monday,15,03:38 PM,Property Damage,No Injuries,0,0,0,0,0,4,Parked Motor Vehicle,9,N,N,Improper Lane Usage,(N/A),Daylight,Clear,Dry,N,(N/A),Grove Ave,(N/A),,Stop Sign,Functioning Properly,N,2,41.8768427,-87.7953505,ok,(UNK),None,2505813,2025,0,20,99,50000andOVER,9,4295,Oak Park,C,(UNK),None,16,20,13294563,10,Cook,0,25,None,None,1,N,No,Free Flow,202501341440,None,1,0,N,S,25,F,(UNK),234124,(N/A),(UNK),No Defects,1,1,Local Road or Street,7,0,X003999672,Not Toll,73,2,4,Not Divided,1,2942378.87096632,1906567.94785474,41.87683486,-87.79534466,On Scene,Urban,1,N,(N/A),Y,(N/A)
2025,2025-10-18,Saturday,2,02:25 AM,Injury,C Injury Crash,1,0,0,0,1,3,Front to Rear,11,N,N,Failing to Reduce Speed to Avoid Crash,Following Too Closely,Darkness / Lighted Road,Clear,Dry,Y,Centr,I-290,Central/I-290,,Other,Functioning Properly,N,2,41.8709953,-87.7751313,ok,Partial Access Control,None,03-25-27391,2025,0,28,3,50000andOVER,9,4295,Oak Park,C,(UNK),None,16,18,13295032,10,Cook,1,25,None,None,6,N,No,(UNK),202501341899,None,5,9.17000008,Y,W,244,F,(UNK),234461,(N/A),(UNK),No Defects,1,1,InterState,1,290,X004000121,Not Toll,73,13,4,Divided With Median Barrier,3,2947945.02025783,1904589.92950333,41.87098748,-87.77512552,On Scene,Urban,1,N,(N/A),Y,(N/A)
2025,2025-10-21,Tuesday,18,06:32 PM,Property Damage,No Injuries,0,0,0,0,0,1,Parked Motor Vehicle,9,N,N,Failing to Reduce Speed to Avoid Crash,Unable to Determine,Darkness / Lighted Road,Rain,Wet,N,(N/A),Madison St,(N/A),622,No Controls,No Controls,Y,2,41.8798802,-87.7908023,ok,(UNK),None,2505839,2025,0,28,18,50000andOVER,9,4295,Oak Park,C,(UNK),None,16,21,13295265,10,Cook,0,25,None,None,2,N,No,Free Flow,202501342117,None,5,3.77999997,N,,,,(UNK),234610,(N/A),(UNK),No Defects,1,2,Minor Arterial,4,1419,X004000329,Not Toll,73,1,1,Parking Lot,7,2943586.9217443,1907709.14909158,41.87987238,-87.79079648,On Scene,Urban,2,N,(N/A),Y,(N/A)
2025,2025-10-22,Wednesday,7,07:04 AM,Property Damage,No Injuries,0,0,0,0,0,3,Turning,10,N,N,Improper Turning/No Signal,Failing to Reduce Speed to Avoid Crash,Daylight,Cloudy/Overcast,Dry,Y,Madis,N Harlem Ave,Madison St/N Harlem Ave,,Traffic Signal,Functioning Properly,N,2,41.8796638,-87.8047356,ok,(UNK),None,2505844,2025,0,6,28,50000andOVER,9,4295,Oak Park,C,(UNK),None,16,22,13296590,10,Cook,0,25,None,None,3,N,No,Free Flow,202501343563,None,1,19.68000031,Y,,,,(UNK),235499,(N/A),(UNK),No Defects,1,1,Other Principal Arterial,3,348,X004001533,Not Toll,73,3,4,Divided - w/median (not raised),2,2939794.49180659,1907525.49948428,41.87965599,-87.80472981,On Scene,Urban,8,N,(N/A),Y,(N/A)
2025,2025-10-21,Tuesday,10,10:00 AM,Injury,C Injury Crash,1,0,0,0,1,2,Turning,10,N,N,Improper Overtaking/Passing,Failing to Reduce Speed to Avoid Crash,Daylight,Clear,Dry,Y,Fores,Division St,Division St/Forest Ave,,Stop Sign,Functioning Properly,N,2,41.90156,-87.80095,ok,(UNK),None,2505825,2025,0,4,28,50000andOVER,9,4295,Oak Park,C,(UNK),None,16,21,13296596,10,Cook,1,25,None,None,2,N,No,Free Flow,202501343569,None,1,0,N,,,,(UNK),235501,(N/A),(UNK),No Defects,1,1,Major Collector,5,0,X004001539,Not Toll,,2,4,Not Divided,1,2940605.35495008,1915533.28178299,41.90156,-87.80095,On Scene,Urban,1,N,(N/A),Y,(N/A)
2025,2025-10-21,Tuesday,15,03:33 PM,Property Damage,No Injuries,0,0,0,0,0,1,Fixed Object,6,N,N,Physical Condition of Driver,Failing to Reduce Speed to Avoid Crash,Dusk,Rain,Dry,N,(N/A),Forest Ave,(N/A),,Other,Functioning Properly,N,2,41.88864,-87.80083,ok,(UNK),None,2505833,2025,0,17,28,50000andOVER,9,4295,Oak Park,C,(UNK),None,16,21,13296598,10,Cook,0,25,CONCRETE POLE,None,2,N,No,Slow,202501343570,None,3,0,N,N,300,F,(UNK),235502,(N/A),(UNK),No Defects,1,1,Major Collector,5,0,X004001540,Not Toll,,13,4,Parking Lot,7,2940767.92189901,1910825.89133406,41.88864,-87.80083,On Scene,Urban,2,N,(N/A),Y,(N/A)
2025,2025-10-21,Tuesday,19,07:17 PM,Property Damage,No Injuries,0,0,0,0,0,2,Front to Rear,11,N,N,Failing to Reduce Speed to Avoid Crash,Weather,Darkness / Lighted Road,Rain,Wet,N,(N/A),Madison St,(N/A),811,No Controls,No Controls,N,2,41.87971,-87.79495,ok,(UNK),None,2505838,2025,0,28,11,50000andOVER,9,4295,Oak Park,C,(UNK),None,16,21,13296600,10,Cook,0,25,None,None,2,N,No,Slow,202501343572,None,5,0,N,,,,(UNK),235503,(N/A),(UNK),No Defects,1,2,Minor Arterial,4,0,X004001542,Not Toll,,1,1,Not Divided,1,2942459.04669245,1907615.85769968,41.87971,-87.79495,On Scene,Urban,2,N,(N/A),Y,(N/A)
2025,2025-10-22,Wednesday,18,06:07 PM,Property Damage,No Injuries,0,0,0,0,0,1,Other Object,7,N,N,Failing to Yield Right of Way,Unable to Determine,Daylight,Clear,Dry,Y,Madis,Highland Ave,Highland Ave/Madison St,,No Controls,No Controls,N,1,41.8800419,-87.7820273,ok,(UNK),None,2505863,2025,0,2,18,50000andOVER,9,4295,Oak Park,C,(UNK),None,16,22,13297236,10,Cook,0,25,CRC PARKING LOT FENCE,None,3,N,No,Free Flow,202501344164,None,1,0,N,,,,(UNK),235911,(N/A),(UNK),No Defects,1,1,Minor Arterial,4,0,X004002049,Not Toll,73,1,1,Not Divided,1,2945975.05059609,1907834.37305459,41.88003403,-87.78202155,On Scene,Urban,1,N,(N/A),Y,(N/A)
2025,2025-10-18,Saturday,14,02:00 PM,Property Damage,No Injuries,0,0,0,0,0,1,Fixed Object,6,N,N,Improper Lane Usage,(N/A),Daylight,Clear,Dry,N,(N/A),I-290 W/B,(N/A),,Other Regualtory Sig,Functioning Properly,N,1,41.873614,-87.8026536,ok,Partial Access Control,None,03-25-27592,2025,0,20,99,50000andOVER,9,4295,Oak Park,C,(UNK),None,16,18,13298867,10,Cook,0,25,None,None,6,N,No,(UNK),202501345683,None,1,7.78000021,Y,E,500,F,(UNK),237004,(N/A),(UNK),No Defects,1,1,InterState,1,290,X004003502,Not Toll,73,10,4,Divided With Median Barrier,3,2940422.26586453,1905336.44515476,41.87360614,-87.80264779,Not on Scene (Desk R,Urban,1,N,(N/A),Y,(N/A)
2025,2025-10-25,Saturday,12,12:50 PM,Property Damage,No Injuries,0,0,0,0,0,3,Front to Rear,11,N,N,Failing to Reduce Speed to Avoid Crash,Following Too Closely,Daylight,Clear,Dry,N,(N/A),I-290 E/B,(N/A),,Other,Functioning Properly,N,3,41.8725367,-87.7944631,ok,Partial Access Control,None,03-25-28191,2025,0,28,3,50000andOVER,9,4295,Oak Park,C,(UNK),None,16,25,13299854,10,Cook,0,25,None,None,6,N,No,(UNK),202501346583,None,1,8.17000008,Y,W,163,F,(UNK),237702,(N/A),(UNK),No Defects,1,1,InterState,1,290,X004004451,Not Toll,73,13,4,Divided With Median Barrier,3,2942663.93639063,1905005.45486734,41.87252889,-87.7944573,On Scene,Urban,1,N,(N/A),Y,(N/A)
2025,2025-10-19,Sunday,20,08:00 PM,Property Damage,No Injuries,0,0,0,0,0,4,Front to Rear,11,N,N,Following Too Closely,Failing to Reduce Speed to Avoid Crash,Darkness / Lighted Road,Clear,Dry,N,(N/A),I-290 E/B,(N/A),,Other,Functioning Properly,N,2,41.8709652,-87.7746475,ok,Partial Access Control,None,03-25-27888,2025,0,3,28,50000andOVER,9,4295,Oak Park,C,(UNK),None,16,19,13300443,10,Cook,0,25,None,None,7,N,No,(UNK),202501347138,None,5,9.18999958,Y,W,100,F,(UNK),238125,(N/A),(UNK),No Defects,1,1,InterState,1,290,X004005010,Not Toll,73,13,4,Divided With Median Barrier,3,2948077.09248796,1904582.63284614,41.87095738,-87.77464175,Not on Scene (Desk R,Urban,1,N,(N/A),Y,(N/A)
2025,2025-10-17,Friday,23,11:41 PM,Property Damage,No Injuries,0,0,0,0,0,2,Front to Rear,11,N,N,Following Too Closely,Failing to Reduce Speed to Avoid Crash,Darkness / Lighted Road,Clear,Dry,Y,I-290,Harlem Ave,Harlem Ave/I-290 W,,Traffic Signal,Functioning Properly,N,2,41.8736443,-87.8045259,ok,Partial Access Control,None,25-03297,2025,0,3,28,50000andOVER,9,4295,Oak Park,C,(UNK),None,16,17,13300469,10,Cook,0,25,None,None,5,N,No,Free Flow,202501347164,None,5,0.20999999,Y,,,,(UNK),238143,(N/A),(UNK),No Defects,1,1,InterState,1,290,X004005036,Not Toll,73,3,4,Divided - w/median (not raised),2,2939912.01710757,1905333.4300568,41.87363641,-87.80452007,On Scene,Urban,1,N,(N/A),Y,(N/A)
2025,2025-10-23,Thursday,7,07:29 AM,Injury,A Injury Crash,1,0,1,0,0,1,Pedestrian,1,Y,N,Failing to Yield Right of Way,Disregarding Traffic Signals,Daylight,Clear,Dry,Y,Harle,Harrison St,Harlem Ave/Harrison St,,Traffic Signal,Functioning Properly,N,1,41.8723098,-87.8044659,ok,(UNK),None,25-03360,2025,0,2,25,50000andOVER,9,4295,Oak Park,C,(UNK),None,16,23,13300475,10,Cook,3,25,None,None,4,N,No,Free Flow,202501347170,None,1,20.18000031,Y,W,0.00,M,(UNK),238146,(N/A),(UNK),No Defects,1,1,Other Principal Arterial,3,348,X004005042,Not Toll,73,3,4,Divided - w/median (not raised),2,2939941.74429983,1904847.56990748,41.87230192,-87.80446009,On Scene,Urban,1,N,(N/A),Y,(N/A)
2025,2025-10-24,Friday,15,03:13 PM,Property Damage,No Injuries,0,0,0,0,0,2,Turning,10,N,N,Improper Lane Usage,Driving Skills/Knowledge/Experience,Daylight,Clear,Dry,N,(N/A),Harlem,(N/A),400,Traffic Signal,Functioning Properly,N,2,41.8792119,-87.8047142,ok,(UNK),None,25-03373,2025,0,20,15,50000andOVER,9,4295,Oak Park,C,(UNK),None,16,24,13300478,10,Cook,0,25,None,None,5,N,No,Free Flow,202501347173,None,1,19.70999908,Y,,,,(UNK),238148,(N/A),(UNK),No Defects,1,1,Other Principal Arterial,3,348,X004005045,Not Toll,73,3,4,Divided - w/median (not raised),2,2939804.849031,1907360.95224128,41.87920401,-87.80470843,On Scene,Urban,1,N,(N/A),Y,(N/A)
2025,2025-10-24,Friday,15,03:04 PM,Property Damage,No Injuries,0,0,0,0,0,2,Angle,15,N,N,Disregarding Traffic Signals,Failing to Yield Right of Way,Daylight,Clear,Dry,Y,Wisco,Washington Blvd,Washington Blvd/Wisconsin Ave,,Traffic Signal,Functioning Properly,N,2,41.8814,-87.80237,ok,(UNK),None,2505899,2025,0,25,2,50000andOVER,9,4295,Oak Park,C,(UNK),None,16,24,13302353,10,Cook,0,25,None,None,5,N,No,Slow,202501348822,None,1,0,N,,,,(UNK),239361,(N/A),(UNK),No Defects,1,1,Major Collector,5,0,X004006655,Not Toll,,3,4,Divided - w/median (not raised),2,2940421.30507512,1908175.9387353,41.8814,-87.80237,On Scene,Urban,1,N,(N/A),Y,(N/A)
2025,2025-10-24,Friday,15,03:23 PM,Injury,C Injury Crash,1,0,0,0,1,2,Angle,15,N,N,Failing to Reduce Speed to Avoid Crash,Failing to Yield Right of Way,Daylight,Clear,Dry,Y,N Rid,Erie St,Erie St/N Ridgeland Ave,,Stop Sign,Functioning Properly,N,2,41.89168,-87.78479,ok,(UNK),None,2505900,2025,0,28,2,50000andOVER,9,4295,Oak Park,C,(UNK),None,16,24,13302354,10,Cook,1,25,None,None,5,N,No,Free Flow,202501348823,None,1,0.69999999,N,,,,(UNK),239362,(N/A),(UNK),No Defects,1,1,Major Collector,5,2783,X004006656,Not Toll,,2,4,Divided - w/median (not raised),2,2945104.88718468,1912054.62067955,41.89168,-87.78479,On Scene,Urban,1,N,(N/A),Y,(N/A)
2025,2025-10-24,Friday,0,00:05 AM,Property Damage,No Injuries,0,0,0,0,0,3,Parked Motor Vehicle,9,N,N,Failing to Reduce Speed to Avoid Crash,Unable to Determine,Darkness / Lighted Road,Clear,Dry,N,(N/A),Home Ave,(N/A),,No Controls,No Controls,N,2,41.87053,-87.79914,ok,(UNK),None,2505884,2025,0,28,18,50000andOVER,9,4295,Oak Park,C,(UNK),None,16,24,13302360,10,Cook,0,25,None,None,5,N,No,Free Flow,202501348829,None,5,0,N,S,200,F,(UNK),239367,(N/A),(UNK),No Defects,1,1,Local Road or Street,7,0,X004006662,Not Toll,,1,1,Divided - w/median (not raised),2,2941410.26521338,1904238.97865123,41.87053,-87.79914,On Scene,Urban,1,N,(N/A),Y,(N/A)
2025,2025-10-26,Sunday,10,10:33 AM,Property Damage,No Injuries,0,0,0,0,0,2,Front to Rear,11,N,N,Following Too Closely,Driving Skills/Knowledge/Experience,Daylight,Clear,Dry,N,(N/A),Harlem,(N/A),,Traffic Signal,Functioning Properly,N,2,41.8978912,-87.805317,ok,(UNK),None,2505921,2025,0,3,15,50000andOVER,9,4295,Oak Park,C,(UNK),None,16,26,13302912,10,Cook,0,25,None,None,7,N,No,Free Flow,202501349307,None,1,18.40999985,Y,E,15,F,(UNK),239714,(N/A),(UNK),No Defects,1,1,Other Principal Arterial,3,348,X004007165,Not Toll,73,3,4,Divided - w/median (not raised),2,2939453.26750391,1914163.51346311,41.89788331,-87.80531121,On Scene,Urban,1,N,(N/A),Y,(N/A)
2025,2025-10-24,Friday,20,08:11 PM,Property Damage,No Injuries,0,0,0,0,0,3,Fixed Object,6,N,N,Distraction - From Inside Vehicle,Driving Skills/Knowledge/Experience,Dawn,Clear,Dry,N,(N/A),Harlem Ave,(N/A),,No Controls,No Controls,N,1,41.8919389,-87.8051544,ok,(UNK),None,2501301,2025,0,41,15,50000andOVER,9,4295,Oak Park,C,(UNK),None,16,24,13302923,10,Cook,0,25,LIGHT POLE,None,5,N,No,Slow,202501349314,None,2,18.81999969,Y,S,100,F,(UNK),239717,(N/A),(UNK),No Defects,1,1,Other Principal Arterial,3,348,X004007173,Not Toll,73,1,1,Not Divided,1,2939557.26717812,1911995.6192592,41.89193106,-87.80514862,On Scene,Urban,1,N,(N/A),Y,(N/A)
2025,2025-10-23,Thursday,16,04:40 PM,Property Damage,No Injuries,0,0,0,0,0,2,Angle,15,N,N,Failing to Yield Right of Way,Unable to Determine,Daylight,Clear,Dry,Y,S Elm,Randolph St,Randolph St/S Elmwood Ave,,Stop Sign,Functioning Properly,N,2,41.8834148,-87.7861946,ok,(UNK),None,2505877,2025,0,2,18,50000andOVER,9,4295,Oak Park,C,(UNK),None,16,23,13303531,10,Cook,0,25,None,None,4,N,No,Free Flow,202501349928,None,1,0,N,,,,(UNK),240111,(N/A),(UNK),No Defects,1,1,Local Road or Street,7,0,X004007739,Not Toll,73,2,4,Four Way,14,2944806.02429916,1909031.99317516,41.88340692,-87.78618882,Not on Scene (Desk R,Urban,1,N,(N/A),Y,(N/A)
2025,2025-10-27,Monday,16,04:20 PM,Property Damage,No Injuries,0,0,0,0,0,4,Front to Rear,11,N,N,Failing to Reduce Speed to Avoid Crash,Following Too Closely,Daylight,Clear,Dry,N,(N/A),I-290,(N/A),,Other,Functioning Properly,Y,3,41.872759,-87.7952176,ok,Partial Access Control,None,03-25-28401,2025,0,28,3,50000andOVER,9,4295,Oak Park,C,(UNK),None,16,27,13304094,10,Cook,0,25,None,None,1,N,No,(UNK),202501350560,None,1,8.13000011,Y,W,.5,M,(UNK),240496,(N/A),(UNK),No Defects,1,1,InterState,1,290,X004008274,Not Toll,73,13,4,Divided With Median Barrier,3,2942456.19842111,1905080.75670159,41.87275111,-87.79521179,On Scene,Urban,1,N,(N/A),Y,(N/A)
2025,2025-10-23,Thursday,12,12:10 PM,Injury,B Injury Crash,1,0,0,1,0,2,Front to Rear,11,N,N,Failing to Reduce Speed to Avoid Crash,Following Too Closely,Daylight,Clear,Dry,N,(N/A),I-290 E/B,(N/A),,No Controls,No Controls,N,3,41.8733865,-87.8032734,ok,Partial Access Control,None,03-25-27985,2025,0,28,3,50000andOVER,9,4295,Oak Park,C,(UNK),None,16,23,13304544,10,Cook,2,25,None,None,4,N,No,(UNK),202501350972,None,1,7.76000023,Y,E,342,F,(UNK),240791,(N/A),(UNK),No Defects,1,1,InterState,1,290,X004008673,Not Toll,73,1,1,Divided With Median Barrier,3,2940255.7462403,1905248.90384167,41.87337868,-87.80326756,On Scene,Urban,1,N,(N/A),Y,(N/A)
2025,2025-10-26,Sunday,9,09:25 AM,Injury,B Injury Crash,1,0,0,1,0,1,Angle,15,N,N,Failing to Yield Right of Way,(N/A),Daylight,Clear,Dry,Y,Van B,S Ridgeland Ave,S Ridgeland Ave/Van Buren St,,Stop Sign,Functioning Properly,N,2,41.87444,-87.78424,ok,(UNK),None,2505920,2025,0,2,99,50000andOVER,9,4295,Oak Park,C,(UNK),None,16,26,13304623,10,Cook,2,25,None,None,7,N,No,Free Flow,202501351055,None,1,0,N,,,,(UNK),240829,(N/A),(UNK),No Defects,1,1,Major Collector,5,0,X004008749,Not Toll,,2,4,Four Way,14,2945429.15288535,1905776.20193309,41.87444,-87.78424,On Scene,Urban,1,N,(N/A),Y,(N/A)
2025,2025-10-27,Monday,13,01:57 PM,Property Damage,No Injuries,0,0,0,0,0,2,Angle,15,N,N,Unable to Determine,Unable to Determine,Daylight,Clear,Dry,Y,Pleas,S East Ave,Pleasant St/S East Ave,,Stop Sign,Functioning Properly,N,2,41.88511,-87.78948,ok,(UNK),None,2505946,2025,0,18,18,50000andOVER,9,4295,Oak Park,C,(UNK),None,16,27,13304843,10,Cook,0,25,None,None,1,N,No,Free Flow,202501351285,None,1,0,N,,,,(UNK),240977,(N/A),(UNK),No Defects,1,1,Minor Collector,6,0,X004008959,Not Toll,,2,4,Not Divided,1,2943894.21119434,1909624.95473674,41.88511,-87.78948,Not on Scene (Desk R,Urban,1,N,(N/A),Y,(N/A)
2025,2025-10-27,Monday,17,05:51 PM,Injury,B Injury Crash,1,0,0,1,0,2,Angle,15,N,N,Failing to Yield Right of Way,Failing to Reduce Speed to Avoid Crash,Dusk,Clear,Dry,Y,N Euc,Chicago Ave,Chicago Ave/N Euclid Ave,,Stop Sign,Functioning Properly,N,2,41.89439,-87.79286,ok,(UNK),None,2505953,2025,0,2,28,50000andOVER,9,4295,Oak Park,C,(UNK),None,16,27,13304849,10,Cook,2,25,None,None,1,N,No,Free Flow,202501351291,None,3,0,N,,,,(UNK),240982,(N/A),(UNK),No Defects,1,1,Minor Arterial,4,0,X004008964,Not Toll,,2,4,Not Divided,1,2942880.17176034,1912981.26867293,41.89439,-87.79286,On Scene,Urban,1,N,(N/A),Y,(N/A)