crash_year,crash_date,day_of_week,crash_hour,time_of_crash,crash_severity,crash_injury_severity,total_injured,total_fatals,a_injuries,b_injuries,c_injuries,no_injuries,type_of_first_crash,collision_type_code,pedestrian_involved,pedalcyclist_involved,cause1,cause2,lighting_cond,weather_cond,road_surface_cond,intersection_related,is_intersection,highway_or_street_name,at_intersection_with,address_no,traffic_control_device,traffic_control_device_cond,hit_and_run,number_of_vehicles,latitude,longitude,location_status,access_control,agency_code,agency_report_number,agency_report_year,alignment_code,cause1_code,cause2_code,city_class,city_class_code,city_code,city_name,city_township_flag,class_of_trafficway,class_of_trafficway_code,county_code,crash_day,crash_id,crash_month,crash_report_county,crash_severity_cd,crash_yr_source,damaged_property1,damaged_property2,day_of_week_code,did_crash_occur_in_work_zone,did_involve_secondary_crash,flow_condition,icn,investigating_agency_descrip,light_condition_code,mile_station,nhs,non_intersection_direction,non_intersection_distance,non_intersection_units,number_of_lanes,objectid,railroad_crossing_number,road_alignment,road_defects,road_defects_code,road_surface_condition_code,roadway_functional_class,roadway_functional_class_code,route_number,sfe,toll,township,traffic_control_device_code,traffic_control_device_cond_code,trafficway_descrip,trafficway_description_code,ts_crash_coordinate_x,ts_crash_coordinate_y,ts_crash_latitude,ts_crash_longitude,type_report,urban_rural,weather_code,were_workers_present,work_zone,work_zone_related,work_zone_type
2025,2025-10-28,Tuesday,10,10:14 AM,Property Damage,No Injuries,0,0,0,0,0,2,Front to Rear,11,N,N,Following Too Closely,Failing to Reduce Speed to Avoid Crash,Daylight,Clear,Dry,N,(N/A),Washington Blvd,(N/A),,Traffic Signal,Functioning Properly,N,2,41.88168,-87.78452,ok,(UNK),None,2505962,2025,0,3,28,50000andOVER,9,4295,Oak Park,C,(UNK),None,16,28,13304851,10,Cook,0,25,None,None,2,N,No,Free Flow,202501351295,None,1,1.39999998,N,W,25,F,(UNK),240983,(N/A),(UNK),No Defects,1,1,Major Collector,5,2783,X004008966,Not Toll,,3,4,Divided - w/median (not raised),2,2945279.62245676,1908412.47370952,41.88168,-87.78452,On Scene,Urban,1,N,(N/A),Y,(N/A)
2025,2025-10-28,Tuesday,10,10:49 AM,Property Damage,No Injuries,0,0,0,0,0,2,Pedalcyclist,2,N,Y,Failing to Yield Right of Way,(N/A),Daylight,Clear,Dry,N,(N/A),N Taylor Ave,(N/A),1001,No Controls,No Controls,N,1,41.9039,-87.77792,ok,(UNK),None,2505965,2025,0,2,99,50000andOVER,9,4295,Oak Park,C,(UNK),None,16,28,13304856,10,Cook,0,25,None,None,2,N,No,Free Flow,202501351301,None,1,0,N,,,,(UNK),240986,(N/A),(UNK),No Defects,1,1,Local Road or Street,7,0,X004008971,Not Toll,,1,1,Not Divided,1,2946851.46159663,1916559.85994582,41.9039,-87.77792,On Scene,Urban,1,N,(N/A),Y,(N/A)
2025,2025-10-28,Tuesday,16,04:02 PM,Injury,C Injury Crash,1,0,0,0,1,2,Front to Rear,11,N,N,Failing to Reduce Speed to Avoid Crash,Unable to Determine,Daylight,Clear,Dry,Y,Erie,N Ridgeland Ave,Erie St/N Ridgeland Ave,,Pedestrian Crossing Sign,Functioning Properly,N,2,41.8917,-87.78484,ok,(UNK),None,2505977,2025,0,28,18,50000andOVER,9,4295,Oak Park,C,(UNK),None,16,28,13304857,10,Cook,1,25,None,None,2,N,No,Free Flow,202501351303,None,1,0,N,,,,(UNK),240987,(N/A),(UNK),No Defects,1,1,Major Collector,5,0,X004008972,Not Toll,,17,4,Not Divided,1,2945091.07026562,1912061.53093151,41.8917,-87.78484,On Scene,Urban,1,N,(N/A),Y,(N/A)
2025,2025-10-28,Tuesday,19,07:25 PM,Property Damage,No Injuries,0,0,0,0,0,3,Front to Rear,11,N,N,Failing to Reduce Speed to Avoid Crash,(N/A),Darkness / Lighted Road,Clear,Dry,Y,Madis,N Harlem Ave,Madison St/N Harlem Ave,,Traffic Signal,Functioning Properly,N,2,41.8796638,-87.8047356,ok,(UNK),None,2505981,2025,0,28,99,50000andOVER,9,4295,Oak Park,C,(UNK),None,16,28,13304862,10,Cook,0,25,None,None,2,N,No,Free Flow,202501351308,None,5,19.68000031,Y,,,,(UNK),240989,(N/A),(UNK),No Defects,1,1,Other Principal Arterial,3,348,X004008976,Not Toll,73,3,4,Not Divided,1,2939794.49180659,1907525.49948428,41.87965599,-87.80472981,On Scene,Urban,1,N,(N/A),Y,(N/A)
2025,2025-10-29,Wednesday,9,09:30 AM,Property Damage,No Injuries,0,0,0,0,0,1,Fixed Object,6,N,N,Failing to Reduce Speed to Avoid Crash,Improper Lane Usage,Daylight,Clear,Dry,N,(N/A),I-290,(N/A),,Traffic Signal,Functioning Properly,N,1,41.8712384,-87.7744743,ok,Partial Access Control,None,03-25-28547,2025,0,28,20,50000andOVER,9,4295,Oak Park,C,(UNK),None,16,29,13304903,10,Cook,0,25,METERING LIGHT AUSTIN BLVD TO I-290 WB,None,3,N,No,(UNK),202501351353,None,1,9.19999981,Y,W,50,F,(UNK),241019,(N/A),(UNK),No Defects,1,1,InterState,1,290,X004009014,Not Toll,73,3,4,Divided With Median Barrier,3,2948121.5,1904683.5,41.87123056,-87.77446853,On Scene,Urban,1,N,(N/A),Y,(N/A)
2025,2025-10-29,Wednesday,12,12:00 PM,Property Damage,No Injuries,0,0,0,0,0,2,Turning,10,N,N,Failing to Reduce Speed to Avoid Crash,Failing to Yield Right of Way,Daylight,Clear,Dry,N,(N/A),W Lake St,(N/A),875,Traffic Signal,Functioning Properly,N,2,41.8886714,-87.79655,ok,(UNK),None,2505994,2025,0,28,2,50000andOVER,9,4295,Oak Park,C,(UNK),None,16,29,13306255,10,Cook,0,25,None,None,3,N,No,Free Flow,202501352645,None,1,0.23,N,,,,(UNK),241892,(N/A),(UNK),No Defects,1,1,Major Collector,5,1405,X004010141,Not Toll,73,3,4,Divided - w/median (not raised),2,2941933.062455,1910869.5177485,41.88866357,-87.79654419,On Scene,Urban,1,N,(N/A),Y,(N/A)
2025,2025-10-28,Tuesday,16,04:50 PM,Property Damage,No Injuries,0,0,0,0,0,2,Turning,10,N,N,Improper Turning/No Signal,(N/A),Daylight,Clear,Dry,Y,Washi,S Oak Park Ave,S Oak Park Ave/Washiington Blvd,,No Controls,Functioning Properly,N,2,41.8815799,-87.7943355,ok,(UNK),None,2505978,2025,0,6,99,50000andOVER,9,4295,Oak Park,C,(UNK),None,16,28,13306277,10,Cook,0,25,None,None,2,N,No,Free Flow,202501352661,None,1,0.54000002,N,,,,(UNK),241912,(N/A),(UNK),No Defects,1,1,Major Collector,5,5,X004010154,Not Toll,73,1,4,Not Divided,1,2942607.54100066,1908301.92670478,41.8815721,-87.79432975,On Scene,Urban,1,N,(N/A),Y,(N/A)
2025,2025-10-29,Wednesday,10,10:00 AM,Property Damage,No Injuries,0,0,0,0,0,2,Sideswipe Same Direction,12,N,N,Improper Lane Usage,Failing to Reduce Speed to Avoid Crash,Daylight,Clear,Dry,N,(N/A),Eisenhower Expy,(N/A),,Other,Functioning Properly,Y,2,41.8734631,-87.8040599,ok,Partial Access Control,None,03-25-28553,2025,0,20,28,50000andOVER,9,4295,Oak Park,C,(UNK),None,16,29,13306718,10,Cook,0,25,None,None,3,N,No,(UNK),202501353104,None,1,7.71999979,Y,E,124,F,(UNK),242210,(N/A),(UNK),No Defects,1,1,InterState,1,290,X004010576,Not Toll,73,13,4,Divided With Median Barrier,3,2940040.74865029,1905270.92736837,41.8734553,-87.8040541,On Scene,Urban,1,N,(N/A),Y,(N/A)
2025,2025-10-30,Thursday,21,09:28 PM,Property Damage,No Injuries,0,0,0,0,0,2,Sideswipe Same Direction,12,N,N,Unable to Determine,Unable to Determine,Darkness / Lighted Road,Clear,Dry,N,(N/A),Harlem Ave,(N/A),,Traffic Signal,Functioning Properly,N,2,41.873641,-87.8045258,ok,Partial Access Control,None,25-03445,2025,0,18,18,50000andOVER,9,4295,Oak Park,C,(UNK),None,16,30,13307132,10,Cook,0,25,None,None,4,N,No,Free Flow,202501353503,None,5,0.20999999,Y,,,,(UNK),242541,(N/A),(UNK),No Defects,1,1,InterState,1,290,X004010971,Not Toll,73,3,4,Divided - w/median (not raised),2,2939912.07649731,1905332.23952699,41.87363314,-87.80451997,On Scene,Urban,1,N,(N/A),Y,(N/A)
2025,2025-10-30,Thursday,15,03:36 PM,Property Damage,No Injuries,0,0,0,0,0,5,Sideswipe Same Direction,12,N,N,Failing to Yield Right of Way,Improper Lane Usage,Daylight,Clear,Dry,N,(N/A),Circle Ave,(N/A),,No Controls,No Controls,N,2,41.886561,-87.8049827,ok,(UNK),None,25-03441,2025,0,2,20,50000andOVER,9,4295,Oak Park,C,(UNK),None,16,30,13307133,10,Cook,0,25,None,None,4,N,No,Free Flow,202501353504,None,1,0,N,W,10.00,F,(UNK),242542,(N/A),(UNK),No Defects,1,1,Major Collector,5,0,X004010972,Not Toll,73,1,1,Divided - w/median (not raised),2,2939657.98043104,1910037.10592085,41.88655317,-87.80497695,On Scene,Urban,1,N,(N/A),Y,(N/A)
2025,2025-10-30,Thursday,8,08:06 AM,Property Damage,No Injuries,0,0,0,0,0,1,Parked Motor Vehicle,9,N,N,Failing to Reduce Speed to Avoid Crash,Driving Skills/Knowledge/Experience,Daylight,Clear,Dry,N,(N/A),Van Buren St,(N/A),,No Controls,No Controls,N,2,41.8743287,-87.7915284,ok,(UNK),None,2506010,2025,0,28,15,50000andOVER,9,4295,Oak Park,C,(UNK),None,16,30,13307249,10,Cook,0,25,None,None,4,N,No,Free Flow,202501353613,None,1,0,N,E,150,F,(UNK),242614,(N/A),(UNK),No Defects,1,1,Local Road or Street,7,0,X004011075,Not Toll,73,1,1,Not Divided,1,2943445.18701928,1905680.59806419,41.87432086,-87.79152259,On Scene,Urban,1,N,(N/A),Y,(N/A)
2025,2025-10-24,Friday,8,08:40 AM,Property Damage,No Injuries,0,0,0,0,0,2,Front to Rear,11,N,N,Following Too Closely,Failing to Reduce Speed to Avoid Crash,Daylight,Clear,Dry,N,(N/A),I-290,(N/A),,Other,Functioning Properly,N,2,41.8718428,-87.7830833,ok,Partial Access Control,None,03-25-28289,2025,0,3,28,50000andOVER,9,4295,Oak Park,C,(UNK),None,16,24,13307577,10,Cook,0,25,None,None,5,N,No,(UNK),202501353929,None,1,8.76000023,Y,E,290,F,(UNK),242814,(N/A),(UNK),No Defects,1,1,InterState,1,290,X004011379,Not Toll,73,13,4,Divided With Median Barrier,3,2945770.5,1904838.5,41.87183499,-87.78307748,Not on Scene (Desk R,Urban,1,N,(N/A),Y,(N/A)
2025,2025-10-31,Friday,5,05:10 AM,Property Damage,No Injuries,0,0,0,0,0,3,Front to Rear,11,N,N,Following Too Closely,Failing to Reduce Speed to Avoid Crash,Darkness / Lighted Road,Clear,Dry,N,(N/A),I-290 E/B,(N/A),,Other,Functioning Properly,N,2,41.8724922,-87.7939921,ok,Partial Access Control,None,03-25-28728,2025,0,3,28,50000andOVER,9,4295,Oak Park,C,(UNK),None,16,31,13309398,10,Cook,0,25,None,None,5,N,No,(UNK),202501355685,None,5,8.18999958,Y,E,5,F,(UNK),244096,163533K,(UNK),No Defects,1,1,InterState,1,290,X004013110,Not Toll,73,13,4,Divided With Median Barrier,3,2942792.67246472,1904992.7789093,41.87248437,-87.7939863,On Scene,Urban,1,N,(N/A),Y,(N/A)
2025,2025-10-30,Thursday,21,09:31 PM,Property Damage,No Injuries,0,0,0,0,0,2,Sideswipe Same Direction,12,N,N,Improper Lane Usage,(N/A),Darkness / Lighted Road,Clear,Dry,N,(N/A),N Harlem Ave,(N/A),,No Controls,No Controls,Y,2,41.9070193,-87.8057245,ok,(UNK),None,2506037,2025,0,20,99,50000andOVER,9,4295,Oak Park,C,(UNK),None,16,30,13310863,10,Cook,0,25,None,None,4,N,No,(UNK),202501357040,None,5,17.78000069,Y,S,200,F,(UNK),245112,(N/A),(UNK),No Defects,1,1,Other Principal Arterial,3,348,X004014448,Not Toll,73,1,1,Not Divided,1,2939250.71681703,1917486.91859702,41.90701143,-87.80571873,Not on Scene (Desk R,Urban,1,N,(N/A),Y,(N/A)
2025,2025-10-30,Thursday,14,02:49 PM,Property Damage,No Injuries,0,0,0,0,0,2,Angle,15,N,N,Failing to Yield Right of Way,Failing to Reduce Speed to Avoid Crash,Daylight,Clear,Dry,N,(N/A),N Harvey,(N/A),1230,Other,Functioning Properly,N,2,41.9081843,-87.7820777,ok,(UNK),None,2506026,2025,0,2,28,50000andOVER,9,4295,Oak Park,C,(UNK),None,16,30,13310864,10,Cook,0,25,None,None,4,N,No,Free Flow,202501357041,None,1,0,N,,,,(UNK),245113,(N/A),(UNK),No Defects,1,1,Local Road or Street,7,0,X004014449,Not Toll,73,13,4,Not Divided,1,2945676.14861039,1918089.6414829,41.90817646,-87.78207192,On Scene,Urban,1,N,(N/A),Y,(N/A)
2025,2025-10-30,Thursday,16,04:07 PM,Property Damage,No Injuries,0,0,0,0,0,2,Turning,10,N,N,Unable to Determine,(N/A),Daylight,Clear,Dry,Y,S Map,Madison St,Madison St/S Maple Ave,,No Controls,No Controls,N,2,41.8796079,-87.8038467,ok,(UNK),None,2506028,2025,0,18,99,50000andOVER,9,4295,Oak Park,C,(UNK),None,16,30,13310867,10,Cook,0,25,None,None,4,N,No,Free Flow,202501357044,None,1,3.1099999,N,,,,(UNK),245114,(N/A),(UNK),No Defects,1,1,Minor Arterial,4,1419,X004014452,Not Toll,73,1,1,Four Way,14,2940037.13903454,1907511.78056576,41.87960005,-87.8038409,On Scene,Urban,1,N,(N/A),Y,(N/A)
2025,2025-10-29,Wednesday,20,08:30 PM,Property Damage,No Injuries,0,0,0,0,0,2,Turning,10,N,N,Failing to Yield Right of Way,Failing to Reduce Speed to Avoid Crash,Darkness,Clear,Unknown,N,(N/A),North Ave,(N/A),6043,No Controls,No Controls,Y,2,41.9092379,-87.7772896,ok,(UNK),None,2506005,2025,0,2,28,50000andOVER,9,4295,Oak Park,C,(UNK),None,16,29,13310870,10,Cook,0,25,None,None,3,N,No,Free Flow,202501357046,None,4,7.38999987,Y,,,,(UNK),245116,(N/A),(UNK),Unknown,99,9,Other Principal Arterial,3,307,X004014455,Not Toll,73,1,1,Not Divided,1,2946968.85807245,1918509.86233167,41.90923,-87.77728384,Not on Scene (Desk R,Urban,1,N,(N/A),N,(N/A)
2025,2025-10-31,Friday,13,01:39 PM,Property Damage,No Injuries,0,0,0,0,0,2,Sideswipe Same Direction,12,N,N,Failing to Yield Right of Way,Unable to Determine,Daylight,Clear,Dry,N,(N/A),S Ridgeland Ave,(N/A),,No Controls,No Controls,N,2,41.8654749,-87.7839788,ok,(UNK),None,2506052,2025,0,2,18,50000andOVER,9,4295,Oak Park,C,(UNK),None,16,31,13310871,10,Cook,0,25,None,None,5,N,No,Free Flow,202501357047,None,1,2.52999997,N,N,50,F,(UNK),245117,(N/A),(UNK),No Defects,1,1,Major Collector,5,2783,X004014456,Not Toll,73,1,1,Not Divided,1,2945591.01677648,1902511.11878968,41.86546702,-87.78397305,On Scene,Urban,1,N,(N/A),Y,(N/A)
2025,2025-10-31,Friday,14,02:11 PM,Property Damage,No Injuries,0,0,0,0,0,2,Sideswipe Same Direction,12,N,N,Improper Lane Usage,Failing to Reduce Speed to Avoid Crash,Daylight,Clear,Dry,Y,Washi,S East Ave,S East Ave/Washington Blvd,,Traffic Signal,Functioning Properly,Y,2,41.881638,-87.7894039,ok,(UNK),None,2506053,2025,0,20,28,50000andOVER,9,4295,Oak Park,C,(UNK),None,16,31,13310872,10,Cook,0,25,None,None,5,N,No,Free Flow,202501357048,None,1,0.79000002,N,,,,(UNK),245118,(N/A),(UNK),No Defects,1,1,Major Collector,5,5,X004014457,Not Toll,73,3,4,Not Divided,1,2943950.00909808,1908360.2745866,41.88163017,-87.78939808,On Scene,Urban,1,N,(N/A),Y,(N/A)
2025,2025-11-01,Saturday,1,01:04 AM,Property Damage,No Injuries,0,0,0,0,0,1,Fixed Object,6,N,N,Unable to Determine,(N/A),Darkness / Lighted Road,Clear,Dry,N,(N/A),Chicago Ave,(N/A),1045,Traffic Signal,Functioning Properly,Y,1,41.8942423,-87.8030056,ok,(UNK),None,2506065,2025,0,18,99,50000andOVER,9,4295,Oak Park,C,(UNK),None,16,1,13310875,11,Cook,0,25,SIGN,None,6,N,No,Free Flow,202501357052,None,5,2.66000009,N,,,,(UNK),245119,(N/A),(UNK),No Defects,1,1,Minor Arterial,4,1398,X004014460,Not Toll,73,3,4,Not Divided,1,2940119.23596787,1912851.12968166,41.89423443,-87.80299978,On Scene,Urban,1,N,(N/A),Y,(N/A)
2025,2025-11-01,Saturday,1,01:14 AM,Property Damage,No Injuries,0,0,0,0,0,2,Turning,10,N,N,Disregarding Traffic Signals,Failing to Reduce Speed to Avoid Crash,Darkness / Lighted Road,Clear,Dry,Y,Jacks,S Harlem Ave,Jackson Blvd/S Harlem Ave,,Traffic Signal,Functioning Properly,N,2,41.8753597,-87.8035825,ok,(UNK),None,2506066,2025,0,25,28,50000andOVER,9,4295,Oak Park,C,(UNK),None,16,1,13310876,11,Cook,0,25,None,None,6,N,No,Free Flow,202501357147,None,5,0,N,,,,(UNK),245120,(N/A),(UNK),No Defects,1,1,Local Road or Street,7,0,X004014461,Not Toll,73,3,4,Divided - w/median (not raised),2,2940151.74083184,1905965.65679639,41.87535189,-87.80357669,On Scene,Urban,1,N,(N/A),Y,(N/A)
2025,2025-11-01,Saturday,12,12:37 PM,Injury,C Injury Crash,1,0,0,0,1,2,Angle,15,N,N,Failing to Yield Right of Way,Failing to Reduce Speed to Avoid Crash,Daylight,Clear,Dry,Y,Humph,North Ave,Humphrey Ave/North Ave,,Stop Sign,Functioning Properly,N,2,41.9092379,-87.7769097,ok,(UNK),None,2506075,2025,0,2,28,50000andOVER,9,4295,Oak Park,C,(UNK),None,16,1,13310877,11,Cook,1,25,None,None,6,N,No,Free Flow,202501357053,None,1,7.40999985,Y,,,,(UNK),245121,(N/A),(UNK),No Defects,1,1,Other Principal Arterial,3,307,X004014462,Not Toll,73,2,4,Divided - w/median (not raised),2,2947072.28444541,1918512.74515365,41.90923,-87.77690389,On Scene,Urban,1,N,(N/A),Y,(N/A)
2025,2025-11-02,Sunday,0,00:28 AM,Property Damage,No Injuries,0,0,0,0,0,1,Parked Motor Vehicle,9,N,N,Distraction - From Inside Vehicle,(N/A),Darkness,Clear,Dry,N,(N/A),Hayes Ave,(N/A),920,No Controls,No Controls,N,2,41.9027027,-87.7790423,ok,(UNK),None,2506087,2025,0,41,99,50000andOVER,9,4295,Oak Park,C,(UNK),None,16,2,13310880,11,Cook,0,25,None,None,7,N,No,Free Flow,202501357056,None,4,0,N,,,,(UNK),245122,(N/A),(UNK),No Defects,1,1,Local Road or Street,7,0,X004014465,Not Toll,73,1,1,Not Divided,1,2946558.0754914,1916115.02380343,41.90269484,-87.77903652,On Scene,Urban,1,N,(N/A),Y,(N/A)
2025,2025-11-01,Saturday,21,09:49 PM,Property Damage,No Injuries,0,0,0,0,0,2,Fixed Object,6,N,N,Failing to Reduce Speed to Avoid Crash,Unable to Determine,Darkness / Lighted Road,Clear,Dry,N,(N/A),Maple Ave,(N/A),836,Other,Functioning Properly,N,1,41.8744765,-87.8036687,ok,(UNK),None,2506084,2025,0,28,18,50000andOVER,9,4295,Oak Park,C,(UNK),None,16,1,13310884,11,Cook,0,25,TURN ARROW SIGN,None,6,N,No,Free Flow,202501357060,None,5,0,N,,,,(UNK),245125,(N/A),(UNK),No Defects,1,1,Local Road or Street,7,0,X004014469,Not Toll,73,13,4,Not Divided,1,2940137.11960731,1905643.1367494,41.87446863,-87.80366293,On Scene,Urban,1,N,(N/A),Y,(N/A)
2025,2025-11-02,Sunday,15,03:05 PM,Injury,B Injury Crash,1,0,0,1,0,2,Turning,10,N,N,Failing to Yield Right of Way,Improper Overtaking/Passing,Daylight,Clear,Dry,Y,Harve,Washington Blvd,Harvey/Washington Blvd,,No Controls,No Controls,N,4,41.8817778,-87.7812422,ok,(UNK),None,2506097,2025,0,2,4,50000andOVER,9,4295,Oak Park,C,(UNK),None,16,2,13310885,11,Cook,2,25,None,None,7,N,No,Free Flow,202501357061,None,1,1.21000004,N,,,,(UNK),245126,(N/A),(UNK),No Defects,1,1,Major Collector,5,5,X004014470,Not Toll,73,1,1,Four Way,14,2946171.29597261,1908472.91790807,41.88176994,-87.78123636,On Scene,Urban,1,N,(N/A),Y,(N/A)
2025,2025-11-02,Sunday,19,07:10 PM,Property Damage,No Injuries,0,0,0,0,0,2,Sideswipe Same Direction,12,N,N,Improper Overtaking/Passing,(N/A),Darkness / Lighted Road,Clear,Dry,N,(N/A),S Harlem Ave,(N/A),,No Controls,No Controls,Y,2,41.8687184,-87.8043355,ok,(UNK),None,2506099,2025,0,4,99,50000andOVER,9,4295,Oak Park,C,(UNK),None,16,2,13310886,11,Cook,0,25,None,None,7,N,No,Free Flow,202501357062,None,5,20.44000053,Y,,,,(UNK),245127,(N/A),(UNK),No Defects,1,1,Other Principal Arterial,3,348,X004014471,Not Toll,73,1,1,Not Divided,1,2940013.29659848,1903539.80369331,41.86871059,-87.80432969,On Scene,Urban,1,N,(N/A),Y,(N/A)
2025,2025-11-02,Sunday,14,02:11 PM,Injury,C Injury Crash,2,0,0,0,2,0,Turning,10,N,N,Failing to Yield Right of Way,Failing to Reduce Speed to Avoid Crash,Daylight,Clear,Dry,N,(N/A),Harlem Ave,(N/A),624,No Controls,No Controls,N,2,41.8915021,-87.8051402,ok,(UNK),None,2501345,2025,0,2,28,50000andOVER,9,4295,Oak Park,C,(UNK),None,16,2,13310891,11,Cook,1,25,None,None,7,N,No,Free Flow,202501357067,None,1,18.85000038,Y,,,,(UNK),245132,(N/A),(UNK),No Defects,1,1,Other Principal Arterial,3,348,X004014476,Not Toll,73,1,1,Not Divided,1,2939565.53430048,1911836.55779415,41.89149428,-87.80513436,On Scene,Urban,1,N,(N/A),Y,(N/A)
2025,2025-10-30,Thursday,21,09:27 PM,Property Damage,No Injuries,0,0,0,0,0,2,Sideswipe Same Direction,12,N,N,Improper Lane Usage,Operating Vehicle In Reckless Manner,Darkness / Lighted Road,Clear,Dry,N,(N/A),Harlem,(N/A),,Traffic Signal,Functioning Properly,Y,2,41.8736425,-87.8045258,ok,Partial Access Control,None,25-03444,2025,0,20,50,50000andOVER,9,4295,Oak Park,C,(UNK),None,16,30,13311006,10,Cook,0,25,None,None,4,N,No,Stopped,202501357164,None,5,0.20999999,Y,,,,(UNK),245200,(N/A),(UNK),No Defects,1,1,InterState,1,290,X004014571,Not Toll,73,3,4,Divided With Median Barrier,3,2939912.04692284,1905332.797932,41.87363467,-87.80452002,On Scene,Urban,1,N,(N/A),Y,(N/A)
2025,2025-11-01,Saturday,13,01:06 PM,Property Damage,No Injuries,0,0,0,0,0,2,Front to Rear,11,N,N,Following Too Closely,(N/A),Daylight,Cloudy/Overcast,Dry,N,(N/A),Harlem Ave,(N/A),625,Traffic Signal,Functioning Properly,N,2,41.8755041,-87.8045818,ok,(UNK),None,25-03461,2025,0,3,99,50000andOVER,9,4295,Oak Park,C,(UNK),None,16,1,13311007,11,Cook,0,25,None,None,6,N,No,Free Flow,202501357165,None,1,19.95999908,Y,,,,(UNK),245201,(N/A),(UNK),No Defects,1,1,Other Principal Arterial,3,348,X004014572,Not Toll,73,3,4,Divided - w/median (not raised),2,2939878.12320184,1906010.77782248,41.87549627,-87.804576,On Scene,Urban,8,N,(N/A),Y,(N/A)
2025,2025-11-02,Sunday,10,10:52 AM,Property Damage,No Injuries,0,0,0,0,0,2,Angle,15,N,N,Disregarding Traffic Signals,Failing to Reduce Speed to Avoid Crash,Daylight,Clear,Dry,Y,Divis,N Oak Park Ave,Division St/N Oak Park Ave,,Traffic Signal,Functioning Properly,N,2,41.9017081,-87.7948558,ok,(UNK),None,2506092,2025,0,25,28,50000andOVER,9,4295,Oak Park,C,(UNK),None,16,2,13311805,11,Cook,0,25,None,None,7,N,No,Free Flow,202501357897,None,1,1.53999996,N,,,,(UNK),245772,(N/A),(UNK),No Defects,1,1,Major Collector,5,1394,X004015307,Not Toll,73,3,4,Not Divided,1,2942262.9905654,1915633.09733777,41.90170028,-87.79485001,On Scene,Urban,1,N,(N/A),Y,(N/A)
2025,2025-11-03,Monday,9,09:03 AM,Property Damage,No Injuries,0,0,0,0,0,4,Front to Rear,11,N,N,Failing to Reduce Speed to Avoid Crash,Following Too Closely,Daylight,Clear,Dry,N,(N/A),I-290 W/B,(N/A),,Other,Functioning Properly,N,2,41.8736284,-87.8028591,ok,Partial Access Control,None,03-25-29036,2025,0,28,3,50000andOVER,9,4295,Oak Park,C,(UNK),None,16,3,13311900,11,Cook,0,25,None,None,1,N,No,(UNK),202501357981,None,1,7.76999998,Y,E,500,F,(UNK),245837,(N/A),(UNK),No Defects,1,1,InterState,1,290,X004015390,Not Toll,73,13,4,Divided With Median Barrier,3,2940366.15779392,1905340.1676354,41.87362058,-87.80285326,On Scene,Urban,1,N,(N/A),Y,(N/A)
2025,2025-10-14,Tuesday,10,10:10 AM,Property Damage,No Injuries,0,0,0,0,0,2,Front to Rear,11,N,N,Failing to Reduce Speed to Avoid Crash,Following Too Closely,Daylight,Clear,Dry,N,(N/A),I-290 East Bound,(N/A),,Other,Functioning Properly,N,2,41.8716534,-87.7839907,ok,Partial Access Control,None,03-25-27120,2025,0,28,3,50000andOVER,9,4295,Oak Park,C,(UNK),None,16,14,13312392,10,Cook,0,25,None,None,2,N,No,(UNK),202501358486,None,1,8.72000027,Y,E,50,F,(UNK),246153,(N/A),(UNK),No Defects,1,1,InterState,1,290,X004015863,Not Toll,73,13,4,Divided With Median Barrier,3,2945525.25610511,1904762.60774884,41.87164558,-87.78398491,On Scene,Urban,1,N,(N/A),Y,(N/A)
2025,2025-11-03,Monday,8,08:35 AM,Property Damage,No Injuries,0,0,0,0,0,2,Angle,15,N,N,Failing to Yield Right of Way,Failing to Reduce Speed to Avoid Crash,Daylight,Clear,Dry,Y,N Eas,Le Moyne Pkwy,Le Moyne Pkwy/N East Ave,,Stop Sign,Functioning Properly,N,2,41.907254,-87.7901542,ok,(UNK),None,2506106,2025,0,2,28,50000andOVER,9,4295,Oak Park,C,(UNK),None,16,3,13312499,11,Cook,0,25,None,None,1,N,No,Free Flow,202501358588,None,1,0,N,,,,(UNK),246218,(N/A),(UNK),No Defects,1,1,Local Road or Street,7,0,X004015952,Not Toll,73,2,4,Not Divided,1,2943486.97762156,1917689.56501435,41.90724615,-87.79014837,On Scene,Urban,1,N,(N/A),Y,(N/A)
2025,2025-11-04,Tuesday,10,10:34 AM,Property Damage,No Injuries,0,0,0,0,0,2,Rear to Side,16,N,N,Improper Backing,Failing to Reduce Speed to Avoid Crash,Daylight,Clear,Dry,N,(N/A),Madison St,(N/A),123,No Controls,No Controls,N,2,41.8799565,-87.7788233,ok,(UNK),None,2506128,2025,0,30,28,50000andOVER,9,4295,Oak Park,C,(UNK),None,16,4,13312648,11,Cook,0,25,None,None,2,N,No,Free Flow,202501358730,None,1,4.40999985,N,,,,(UNK),246304,(N/A),(UNK),No Defects,1,1,Minor Arterial,4,1419,X004016084,Not Toll,73,1,1,Parking Lot,7,2946848.4993157,1907827.52995114,41.87994864,-87.77881752,On Scene,Urban,1,N,(N/A),Y,(N/A)