crash_year,crash_date,day_of_week,crash_hour,time_of_crash,crash_severity,crash_injury_severity,total_injured,total_fatals,a_injuries,b_injuries,c_injuries,no_injuries,type_of_first_crash,collision_type_code,pedestrian_involved,pedalcyclist_involved,cause1,cause2,lighting_cond,weather_cond,road_surface_cond,intersection_related,is_intersection,highway_or_street_name,at_intersection_with,address_no,traffic_control_device,traffic_control_device_cond,hit_and_run,number_of_vehicles,latitude,longitude,location_status,access_control,agency_code,agency_report_number,agency_report_year,alignment_code,cause1_code,cause2_code,city_class,city_class_code,city_code,city_name,city_township_flag,class_of_trafficway,class_of_trafficway_code,county_code,crash_day,crash_id,crash_month,crash_report_county,crash_severity_cd,crash_yr_source,damaged_property1,damaged_property2,day_of_week_code,did_crash_occur_in_work_zone,did_involve_secondary_crash,flow_condition,icn,investigating_agency_descrip,light_condition_code,mile_station,nhs,non_intersection_direction,non_intersection_distance,non_intersection_units,number_of_lanes,objectid,railroad_crossing_number,road_alignment,road_defects,road_defects_code,road_surface_condition_code,roadway_functional_class,roadway_functional_class_code,route_number,sfe,toll,township,traffic_control_device_code,traffic_control_device_cond_code,trafficway_descrip,trafficway_description_code,ts_crash_coordinate_x,ts_crash_coordinate_y,ts_crash_latitude,ts_crash_longitude,type_report,urban_rural,weather_code,were_workers_present,work_zone,work_zone_related,work_zone_type
2025,2025-11-04,Tuesday,13,01:30 PM,Property Damage,No Injuries,0,0,0,0,0,2,Front to Rear,11,N,N,Failing to Yield Right of Way,Following Too Closely,Daylight,Clear,Dry,Y,Austi,I290,Austin Ave/I290,,Traffic Signal,Functioning Properly,N,2,41.8712767,-87.7768825,ok,Partial Access Control,None,03-25-29168,2025,0,2,3,50000andOVER,9,4295,Oak Park,C,(UNK),None,16,4,13312681,11,Cook,0,25,None,None,2,N,No,(UNK),202501358761,None,1,0.08,Y,,,,(UNK),246327,(N/A),(UNK),No Defects,1,1,InterState,1,290,X004016116,Not Toll,,3,4,Ramp,11,2947465.1713199,1904679.17547303,41.8712767,-87.77688252,On Scene,Urban,1,N,(N/A),Y,(N/A)
2025,2025-10-28,Tuesday,5,05:50 AM,Property Damage,No Injuries,0,0,0,0,0,2,Sideswipe Same Direction,12,N,N,Improper Overtaking/Passing,Improper Lane Usage,Dawn,Clear,Dry,N,(N/A),Eisenhower Expy,(N/A),,Other,Functioning Properly,Y,2,41.8736335,-87.8029044,ok,Partial Access Control,None,03-25-28452,2025,0,4,20,50000andOVER,9,4295,Oak Park,C,(UNK),None,16,28,13312925,10,Cook,0,25,None,None,2,N,No,(UNK),202501358982,None,2,7.76999998,Y,E,476,F,(UNK),246501,(N/A),(UNK),No Defects,1,1,InterState,1,290,X004016342,Not Toll,73,13,4,Divided With Median Barrier,3,2940353.76792667,1905341.689137,41.87362569,-87.80289857,Not on Scene (Desk R,Urban,1,N,(N/A),Y,(N/A)
2025,2025-11-03,Monday,1,01:50 AM,Injury,C Injury Crash,1,0,0,0,1,1,Sideswipe Same Direction,12,N,N,Improper Backing,(N/A),Daylight,Clear,Dry,N,(N/A),Harlem,(N/A),901,No Controls,No Controls,N,2,41.8701322,-87.8043888,ok,(UNK),None,25-03483,2025,0,30,99,50000andOVER,9,4295,Oak Park,C,(UNK),None,16,3,13313014,11,Cook,1,25,None,None,1,N,No,Stopped,202501359064,None,1,20.34000015,Y,,,,(UNK),246575,(N/A),(UNK),No Defects,1,1,Other Principal Arterial,3,348,X004016427,Not Toll,73,1,1,Not Divided,1,2939984.59412663,1904054.6012516,41.87012435,-87.80438299,On Scene,Urban,1,N,(N/A),Y,(N/A)
2025,2025-11-04,Tuesday,11,11:33 AM,Property Damage,No Injuries,0,0,0,0,0,2,Sideswipe Same Direction,12,N,N,Failing to Yield Right of Way,Improper Lane Usage,Daylight,Clear,Dry,N,(N/A),North Ave,(N/A),,Delineators,Functioning Properly,N,2,41.8873053,-87.7946266,ok,(UNK),None,2506130,2025,0,2,20,50000andOVER,9,4295,Oak Park,C,(UNK),None,16,4,13313345,11,Cook,0,25,None,None,2,N,No,Slow,202501359338,None,1,0,N,W,40,F,(UNK),246788,(N/A),(UNK),No Defects,1,1,Local Road or Street,7,0,X004016698,Not Toll,73,14,4,Divided - w/median (not raised),2,2942470.5791822,1910386.17805171,41.8872975,-87.79462079,On Scene,Urban,1,N,(N/A),Y,(N/A)
2025,2025-11-04,Tuesday,9,09:29 AM,Property Damage,No Injuries,0,0,0,0,0,2,Sideswipe Same Direction,12,N,N,Improper Overtaking/Passing,Failing to Yield Right of Way,Daylight,Clear,Dry,N,(N/A),Madison St,(N/A),,No Controls,No Controls,Y,2,41.8801417,-87.7757069,ok,(UNK),None,2506133,2025,0,4,2,50000andOVER,9,4295,Oak Park,C,(UNK),None,16,4,13313346,11,Cook,0,25,None,None,2,N,No,Free Flow,202501359339,None,1,0,N,E,100,F,(UNK),246789,(N/A),(UNK),No Defects,1,1,Minor Arterial,4,0,X004016699,Not Toll,73,1,1,Divided - w/median (not raised),2,2947695.32999258,1907918.67118545,41.88013387,-87.77570115,Not on Scene (Desk R,Urban,1,N,(N/A),Y,(N/A)
2025,2025-10-23,Thursday,6,06:20 AM,Property Damage,No Injuries,0,0,0,0,0,2,Front to Rear,11,N,N,Failing to Reduce Speed to Avoid Crash,Following Too Closely,Darkness / Lighted Road,Clear,Dry,N,(N/A),I-290,(N/A),,Other,Functioning Properly,N,2,41.8713321,-87.7760226,ok,Partial Access Control,None,03-25-27948,2025,0,28,3,50000andOVER,9,4295,Oak Park,C,(UNK),None,16,23,13313504,10,Cook,0,25,None,None,4,N,No,(UNK),202501359462,None,5,9.11999989,Y,W,484,F,(UNK),246878,(N/A),(UNK),No Defects,1,1,InterState,1,290,X004016816,Not Toll,73,13,4,Divided With Median Barrier,3,2947698.82496698,1904705.88177015,41.87132424,-87.77601683,On Scene,Urban,1,N,(N/A),Y,(N/A)
2025,2025-10-23,Thursday,8,08:17 AM,Property Damage,No Injuries,0,0,0,0,0,2,Front to Rear,11,N,N,Failing to Reduce Speed to Avoid Crash,Following Too Closely,Daylight,Clear,Dry,N,(N/A),I-290,(N/A),,Other,Functioning Properly,N,2,41.873472,-87.8041512,ok,Partial Access Control,None,03-25-27966,2025,0,28,3,50000andOVER,9,4295,Oak Park,C,(UNK),None,16,23,13313505,10,Cook,0,25,None,None,4,N,No,(UNK),202501359463,None,1,7.71999979,Y,E,105,F,(UNK),246879,(N/A),(UNK),No Defects,1,1,InterState,1,290,X004016817,Not Toll,73,13,4,Divided With Median Barrier,3,2940015.80551048,1905273.48244773,41.87346419,-87.80414535,On Scene,Urban,1,N,(N/A),Y,(N/A)
2025,2025-10-27,Monday,5,05:36 AM,Property Damage,No Injuries,0,0,0,0,0,2,Front to Rear,11,N,N,Failing to Reduce Speed to Avoid Crash,Driving Skills/Knowledge/Experience,Daylight,Clear,Unknown,N,(N/A),I-290 Westbound,(N/A),,Other,Functioning Properly,Y,2,41.8737793,-87.8044126,ok,Partial Access Control,None,03-25-29176,2025,0,28,15,50000andOVER,9,4295,Oak Park,C,(UNK),None,16,27,13313615,10,Cook,0,25,None,None,1,N,No,(UNK),202501359566,None,1,7.71000004,Y,E,21,F,(UNK),246949,(N/A),(UNK),Unknown,99,9,InterState,1,290,X004016917,Not Toll,73,13,4,Divided With Median Barrier,3,2939941.5,1905383.5,41.87377148,-87.80440685,Not on Scene (Desk R,Urban,1,N,(N/A),N,(N/A)
2025,2025-11-04,Tuesday,20,08:15 PM,Property Damage,No Injuries,0,0,0,0,0,2,Sideswipe Same Direction,12,N,N,Improper Overtaking/Passing,Improper Lane Usage,Darkness / Lighted Road,Clear,Dry,Y,Madis,S East Ave,Madison St/S East Ave,,Traffic Signal,Functioning Properly,N,2,41.8799079,-87.7893461,ok,(UNK),None,2506138,2025,0,4,20,50000andOVER,9,4295,Oak Park,C,(UNK),None,16,4,13313783,11,Cook,0,25,None,None,2,N,No,Stopped,202501359689,None,5,0.60000002,N,,,,(UNK),247035,(N/A),(UNK),Other,10,1,Minor Collector,6,2779,X004017072,Not Toll,73,3,4,Four Way,14,2943983.21132197,1907730.22818637,41.87990007,-87.78934033,On Scene,Urban,1,N,(N/A),N,(N/A)
2025,2025-10-30,Thursday,19,07:30 PM,Property Damage,No Injuries,0,0,0,0,0,3,Sideswipe Same Direction,12,N,N,Improper Overtaking/Passing,Improper Lane Usage,Darkness / Lighted Road,Clear,Dry,N,(N/A),I-290 Eb,(N/A),,Other Regualtory Sig,Functioning Properly,N,2,41.8731535,-87.8008822,ok,Partial Access Control,None,03-25-28757,2025,0,4,20,50000andOVER,9,4295,Oak Park,C,(UNK),None,16,30,13315635,10,Cook,0,25,None,None,4,N,No,(UNK),202501361483,None,5,7.86999989,Y,E,.2,M,(UNK),248249,(N/A),(UNK),No Defects,1,1,InterState,1,290,X004018741,Not Toll,73,10,4,Divided With Median Barrier,3,2940909.34890841,1905181.92013317,41.87314561,-87.80087645,Not on Scene (Desk R,Urban,1,N,(N/A),Y,(N/A)
2025,2025-11-05,Wednesday,10,10:47 AM,Property Damage,No Injuries,0,0,0,0,0,2,Turning,10,N,N,Failing to Reduce Speed to Avoid Crash,Unable to Determine,Daylight,Clear,Dry,N,(N/A),Marion St,(N/A),,Stop Sign,Functioning Properly,N,2,41.8867499,-87.8024986,ok,(UNK),None,2506150,2025,0,28,18,50000andOVER,9,4295,Oak Park,C,(UNK),None,16,5,13315750,11,Cook,0,25,None,None,3,N,No,Free Flow,202501361592,None,1,0,N,S,10,F,(UNK),248329,(N/A),(UNK),No Defects,1,1,Local Road or Street,7,0,X004018852,Not Toll,73,2,4,Divided - w/median (not raised),2,2940332.54007933,1910124.58696958,41.88674209,-87.80249281,On Scene,Urban,1,N,(N/A),Y,(N/A)
2025,2025-11-06,Thursday,9,09:01 AM,Property Damage,No Injuries,0,0,0,0,0,2,Angle,15,N,N,Failing to Yield Right of Way,Failing to Reduce Speed to Avoid Crash,Daylight,Clear,Dry,N,(N/A),Madison St,(N/A),,No Controls,No Controls,N,2,41.87958,-87.80386,ok,(UNK),None,2506175,2025,0,2,28,50000andOVER,9,4295,Oak Park,C,(UNK),None,16,6,13316541,11,Cook,0,25,None,None,4,N,No,Free Flow,202501362291,None,1,0,N,W,25,F,(UNK),248877,(N/A),(UNK),No Defects,1,1,Minor Arterial,4,0,X004019555,Not Toll,,1,1,Divided With Median Barrier,3,2940033.79814201,1907501.51677064,41.87958,-87.80386,On Scene,Urban,1,N,(N/A),Y,(N/A)
2025,2025-11-06,Thursday,11,11:49 AM,Injury,C Injury Crash,1,0,0,0,1,2,Angle,15,N,N,Failing to Yield Right of Way,Failing to Reduce Speed to Avoid Crash,Daylight,Clear,Dry,N,(N/A),Chicago Ave,(N/A),,No Controls,No Controls,N,2,41.89453,-87.78488,ok,(UNK),None,2506178,2025,0,2,28,50000andOVER,9,4295,Oak Park,C,(UNK),None,16,6,13316544,11,Cook,1,25,None,None,4,N,No,Free Flow,202501362293,None,1,0.5,N,E,150,F,(UNK),248878,(N/A),(UNK),No Defects,1,1,Minor Arterial,4,2783,X004019557,Not Toll,,1,1,Divided - w/median (not raised),2,2945051.53498226,1913092.5348541,41.89453,-87.78488,On Scene,Urban,1,N,(N/A),Y,(N/A)
2025,2025-11-06,Thursday,15,03:48 PM,Property Damage,No Injuries,0,0,0,0,0,1,Parked Motor Vehicle,9,N,N,Failing to Reduce Speed to Avoid Crash,Driving Skills/Knowledge/Experience,Daylight,Cloudy/Overcast,Dry,N,(N/A),S Lombard Ave,(N/A),840,No Controls,No Controls,N,2,41.87301,-87.77936,ok,(UNK),None,2506189,2025,0,28,15,50000andOVER,9,4295,Oak Park,C,(UNK),None,16,6,13316548,11,Cook,0,25,None,None,4,N,No,Free Flow,202501362298,None,1,0,N,,,,(UNK),248881,(N/A),(UNK),No Defects,1,1,Minor Collector,6,0,X004019561,Not Toll,,1,1,Not Divided,1,2946772.78733447,1905292.03359977,41.87301,-87.77936,On Scene,Urban,8,N,(N/A),Y,(N/A)
2025,2025-11-07,Friday,21,09:29 PM,Property Damage,No Injuries,0,0,0,0,0,2,Other Object,7,N,N,Equipment-Vehicle Condition,(N/A),Darkness / Lighted Road,Clear,Dry,N,(N/A),Harlem Ave,(N/A),700,No Controls,No Controls,N,2,41.873593,-87.8045236,ok,Partial Access Control,None,25-03543,2025,0,10,99,50000andOVER,9,4295,Oak Park,C,(UNK),None,16,7,13317705,11,Cook,0,25,None,None,5,N,No,Free Flow,202501363402,None,5,20.09000015,Y,,,,(UNK),249697,(N/A),(UNK),No Defects,1,1,InterState,1,348,X004020647,Not Toll,73,1,1,Not Divided,1,2939913.1464197,1905314.761025,41.87358513,-87.80451781,On Scene,Urban,1,N,(N/A),Y,(N/A)
2025,2025-11-07,Friday,17,05:50 PM,Property Damage,No Injuries,0,0,0,0,0,2,Sideswipe Same Direction,12,N,N,Failing to Reduce Speed to Avoid Crash,Improper Lane Usage,Dawn,Clear,Dry,N,(N/A),1St Ave,(N/A),,Traffic Signal,Functioning Properly,N,2,41.8650848,-87.8042175,ok,(UNK),None,SH-25-00436390,2025,0,28,20,50000andOVER,9,4295,Oak Park,C,(UNK),None,16,7,13317825,11,Cook,0,25,None,None,5,N,No,Slow,202501363516,None,2,20.69000053,Y,N,10.00,F,(UNK),249770,(N/A),(UNK),No Defects,1,1,Other Principal Arterial,3,348,X004020761,Not Toll,73,3,4,Divided - w/median (not raised),2,2940081.88962491,1902216.51987154,41.86507693,-87.80421173,Not on Scene (Desk R,Urban,1,N,(N/A),Y,(N/A)
2025,2025-11-03,Monday,5,05:25 AM,Property Damage,No Injuries,0,0,0,0,0,2,Front to Rear,11,N,N,Following Too Closely,Failing to Reduce Speed to Avoid Crash,Dawn,Clear,Dry,N,(N/A),L290,(N/A),,Other,Functioning Properly,N,2,41.8712347,-87.7744725,ok,Partial Access Control,None,03-25-29015,2025,0,3,28,50000andOVER,9,4295,Oak Park,C,(UNK),None,16,3,13320090,11,Cook,0,25,None,None,1,N,No,(UNK),202501365686,None,2,9.19999981,Y,W,50,F,(UNK),251432,(N/A),(UNK),No Defects,1,1,InterState,1,290,X004022935,Not Toll,73,13,4,Divided With Median Barrier,3,2948122.03361391,1904682.16511831,41.87122686,-87.77446671,On Scene,Urban,1,N,(N/A),Y,(N/A)
2025,2025-11-06,Thursday,20,08:40 PM,Injury,B Injury Crash,2,0,0,2,0,0,Turning,10,N,N,Failing to Reduce Speed to Avoid Crash,Improper Turning/No Signal,Darkness / Lighted Road,Clear,Dry,Y,I290,S Harlem Ave,I290 W/S Harlem Ave,,Traffic Signal,Functioning Properly,N,2,41.8737783,-87.8045294,ok,Partial Access Control,None,2506196,2025,0,28,6,50000andOVER,9,4295,Oak Park,C,(UNK),None,16,6,13321206,11,Cook,2,25,None,None,4,N,No,Free Flow,202501366484,None,5,20.07999992,Y,,,,(UNK),252202,(N/A),(UNK),No Defects,1,1,Other Principal Arterial,3,348,X004023717,Not Toll,73,3,4,Four Way,14,2939909.71434697,1905382.25171806,41.87377045,-87.80452359,On Scene,Urban,1,N,(N/A),Y,(N/A)
2025,2025-11-07,Friday,8,08:38 AM,Property Damage,No Injuries,0,0,0,0,0,3,Angle,15,N,N,Failing to Yield Right of Way,Disregarding Stop Sign,Daylight,Clear,Dry,Y,Fillm,S Oak Park Ave,Fillmore St/S Oak Park Ave,,Stop Sign,Functioning Properly,N,2,41.8669861,-87.793826,ok,(UNK),None,2506202,2025,0,2,23,50000andOVER,9,4295,Oak Park,C,(UNK),None,16,7,13321208,11,Cook,0,25,None,None,5,N,No,Free Flow,202501366486,None,1,7.03999996,N,,,,(UNK),252203,(N/A),(UNK),No Defects,1,1,Major Collector,5,2775,X004023719,Not Toll,73,2,4,Not Divided,1,2942893.39991933,1902987.49657656,41.86697823,-87.79382023,On Scene,Urban,1,N,(N/A),Y,(N/A)
2025,2025-11-07,Friday,16,04:19 PM,Property Damage,No Injuries,0,0,0,0,0,3,Angle,15,N,N,Driving Skills/Knowledge/Experience,Failing to Reduce Speed to Avoid Crash,Daylight,Clear,Dry,Y,Divis,Fair Oaks Ave,Division St/Fair Oaks Ave,,Stop Sign,Functioning Properly,N,2,41.9018089,-87.7883723,ok,(UNK),None,2506214,2025,0,15,28,50000andOVER,9,4295,Oak Park,C,(UNK),None,16,7,13321222,11,Cook,0,25,HOUSE,None,5,N,Yes,Free Flow,202501366501,None,1,1.87,N,,,,(UNK),252214,(N/A),(UNK),No Defects,1,1,Major Collector,5,1394,X004023733,Not Toll,73,2,4,Four Way,14,2944027.09543838,1915718.69893617,41.901801,-87.78836647,On Scene,Urban,1,N,(N/A),Y,(N/A)
2025,2025-11-07,Friday,19,07:49 PM,Property Damage,No Injuries,0,0,0,0,0,2,Fixed Object,6,N,N,Improper Lane Usage,(N/A),Darkness / Lighted Road,Clear,Dry,Y,S Oak,Garfield St,Garfield St/S Oak Park Ave,,Traffic Signal,Functioning Properly,N,2,41.8719988,-87.7939858,ok,(UNK),None,2506218,2025,0,20,99,50000andOVER,9,4295,Oak Park,C,(UNK),None,16,7,13321227,11,Cook,0,25,FIRE HYDRANT,None,5,N,No,Slow,202501366506,None,5,0,N,,,,(UNK),252219,(N/A),(UNK),No Defects,1,1,Major Collector,5,290,X004023738,Not Toll,73,3,4,Four Way,14,2942799.35721972,1904813.03496188,41.871991,-87.79398001,On Scene,Urban,1,N,(N/A),Y,(N/A)
2025,2025-11-08,Saturday,0,00:27 AM,Property Damage,No Injuries,0,0,0,0,0,2,Turning,10,N,N,Improper Lane Usage,(N/A),Darkness / Lighted Road,Clear,Dry,Y,Garfi,S Austin Blvd,Garfield St/S Austin Blvd,,Traffic Signal,Functioning Properly,N,2,41.87041,-87.7742824,ok,(UNK),None,2506220,2025,0,20,99,50000andOVER,9,4295,Oak Park,C,(UNK),None,16,8,13321355,11,Cook,0,25,None,None,6,N,No,Slow,202501366631,None,5,8.40999985,N,,,,(UNK),252299,(N/A),(UNK),No Defects,1,1,Minor Arterial,4,2790,X004023863,Not Toll,,3,4,Four Way,14,2948182.1823273,1904383.08434694,41.87040219,-87.77427664,Not on Scene (Desk R,Urban,1,N,(N/A),Y,(N/A)
2025,2025-11-08,Saturday,16,04:58 PM,Injury,C Injury Crash,1,0,0,0,1,5,Pedestrian,1,Y,N,Failing to Reduce Speed to Avoid Crash,(N/A),Darkness / Lighted Road,Rain,Wet,N,(N/A),S Harlem Ave,(N/A),,Traffic Signal,Functioning Properly,N,1,41.8736345,-87.8045255,ok,Partial Access Control,None,2506240,2025,0,28,99,50000andOVER,9,4295,Oak Park,C,(UNK),None,16,8,13321358,11,Cook,1,25,None,None,6,N,No,Free Flow,202501366633,None,5,0.20999999,Y,S,15,F,(UNK),252300,(N/A),(UNK),No Defects,1,2,InterState,1,290,X004023865,Not Toll,73,3,4,Divided With Median Barrier,3,2939912.22048765,1905329.88726719,41.87362668,-87.80451968,On Scene,Urban,2,N,(N/A),Y,(N/A)
2025,2025-11-08,Saturday,18,06:40 PM,Injury,A Injury Crash,1,0,1,0,0,1,Pedestrian,1,Y,N,Failing to Yield Right of Way,Vision Obscured,Darkness / Lighted Road,Rain,Wet,Y,S Oak,Pleasant St,Pleasant St/S Oak Park Ave,,Traffic Signal,Functioning Properly,N,1,41.8850378,-87.7944158,ok,(UNK),None,2506242,2025,0,2,14,50000andOVER,9,4295,Oak Park,C,(UNK),None,16,8,13321359,11,Cook,3,25,None,None,6,N,No,Slow,202501366634,None,5,5.78000021,N,,,,(UNK),252301,(N/A),(UNK),No Defects,1,2,Major Collector,5,2775,X004023866,Not Toll,73,3,4,Not Divided,1,2942550.83303509,1909561.44538784,41.88503,-87.79441,On Scene,Urban,2,N,(N/A),Y,(N/A)
2025,2025-11-08,Saturday,22,10:50 PM,Property Damage,No Injuries,0,0,0,0,0,4,Turning,10,N,N,Driving Skills/Knowledge/Experience,Failing to Reduce Speed to Avoid Crash,Darkness,Rain,Wet,Y,I290,S Harlem Ave,I290 W/S Harlem Ave,,Traffic Signal,Functioning Properly,N,3,41.8737778,-87.8045294,ok,Partial Access Control,None,2506245,2025,0,15,28,50000andOVER,9,4295,Oak Park,C,(UNK),None,16,8,13321369,11,Cook,0,25,None,None,6,N,Yes,Free Flow,202501366643,None,4,20.07999992,Y,,,,(UNK),252307,(N/A),(UNK),No Defects,1,2,Other Principal Arterial,3,348,X004023876,Not Toll,73,3,4,Divided With Median Barrier,3,2939909.72233582,1905382.08236106,41.87376999,-87.80452357,On Scene,Urban,2,N,(N/A),Y,(N/A)
2025,2025-11-09,Sunday,11,11:35 AM,Property Damage,No Injuries,0,0,0,0,0,2,Angle,15,N,N,Failing to Yield Right of Way,Failing to Reduce Speed to Avoid Crash,Daylight,Snow,Wet,Y,Erie,N Oak Park Ave,Erie St/N Oak Park Ave,,Stop Sign,Functioning Properly,N,2,41.8915479,-87.7945958,ok,(UNK),None,2506252,2025,0,2,28,50000andOVER,9,4295,Oak Park,C,(UNK),None,16,9,13321408,11,Cook,0,25,None,None,7,N,No,Free Flow,202501366675,None,1,5.32000017,N,,,,(UNK),252331,(N/A),(UNK),No Defects,1,2,Major Collector,5,2775,X004023908,Not Toll,73,2,4,Not Divided,1,2942436.19979075,1911932.46935168,41.89154004,-87.79459,On Scene,Urban,3,N,(N/A),Y,(N/A)
2025,2025-11-10,Monday,9,09:56 AM,Property Damage,No Injuries,0,0,0,0,0,1,Parked Motor Vehicle,9,N,N,Failing to Reduce Speed to Avoid Crash,Unable to Determine,Unknown,Unknown,Unknown,N,(N/A),Wisconsin Ave,(N/A),,No Controls,No Controls,Y,2,41.8814559,-87.8023775,ok,(UNK),None,2506266,2025,0,28,18,50000andOVER,9,4295,Oak Park,C,(UNK),None,16,10,13321414,11,Cook,0,25,None,None,1,N,No,Free Flow,202501366681,None,9,0.12,N,N,100,F,(UNK),252336,(N/A),(UNK),Unknown,99,9,Major Collector,5,5,X004023914,Not Toll,73,1,1,Not Divided,1,2940418.69616477,1908196.25471434,41.88144806,-87.80237172,Not on Scene (Desk R,Urban,9,N,(N/A),N,(N/A)
2025,2025-11-09,Sunday,18,06:05 PM,Property Damage,No Injuries,0,0,0,0,0,3,Front to Rear,11,N,N,Following Too Closely,Failing to Reduce Speed to Avoid Crash,Darkness / Lighted Road,Clear,Dry,N,(N/A),I-290,(N/A),,Other Regualtory Sig,Functioning Properly,Y,3,41.872883,-87.7981016,ok,Partial Access Control,None,03-25-29719,2025,0,3,28,50000andOVER,9,4295,Oak Park,C,(UNK),None,16,9,13321489,11,Cook,0,25,None,None,7,N,No,(UNK),202501366748,None,5,8,Y,E,300,F,(UNK),252385,(N/A),(UNK),No Defects,1,1,InterState,1,290,X004023983,Not Toll,73,10,4,Divided With Median Barrier,3,2941669.42228217,1905104.24933005,41.87287513,-87.79809583,On Scene,Urban,1,N,(N/A),Y,(N/A)
2025,2025-10-27,Monday,11,11:13 AM,Injury,C Injury Crash,1,0,0,0,1,3,Pedestrian,1,Y,N,Failing to Yield Right of Way,Disregarding Other Traffic Signs,Daylight,Clear,Dry,Y,N Har,Lake St,Lake St/N Harlem Ave,,Traffic Signal,Functioning Properly,N,1,41.8885696,-87.8050259,ok,(UNK),None,2501309,2025,0,2,24,50000andOVER,9,4295,Oak Park,C,(UNK),None,16,27,13322001,10,Cook,1,25,None,None,1,N,No,Free Flow,202501367190,None,1,19.05999947,Y,,,,(UNK),252722,(N/A),(UNK),No Defects,1,1,Other Principal Arterial,3,348,X004024430,Not Toll,73,3,4,Not Divided,1,2939626.07864314,1910768.76052476,41.88856179,-87.80502008,On Scene,Urban,1,N,(N/A),Y,(N/A)
2025,2025-10-28,Tuesday,13,01:19 PM,Injury,A Injury Crash,1,0,1,0,0,1,Pedestrian,1,Y,N,Failing to Yield Right of Way,(N/A),Daylight,Clear,Dry,Y,Ontar,N Harlem Ave,N Harlem Ave/Ontario St,,Traffic Signal,Functioning Properly,N,1,41.8905582,-87.8051158,ok,(UNK),None,2501319,2025,0,2,99,50000andOVER,9,4295,Oak Park,C,(UNK),None,16,28,13322010,10,Cook,3,25,None,None,2,N,No,Stopped,202501367194,None,1,18.92000008,Y,,,,(UNK),252723,(N/A),(UNK),No Defects,1,1,Other Principal Arterial,3,348,X004024434,Not Toll,73,3,4,Not Divided,1,2939581.63887149,1911492.74001961,41.89055031,-87.80511,On Scene,Urban,1,N,(N/A),Y,(N/A)
2025,2025-11-11,Tuesday,6,06:02 AM,Property Damage,No Injuries,0,0,0,0,0,2,Front to Rear,11,N,N,Failing to Reduce Speed to Avoid Crash,Driving Skills/Knowledge/Experience,Darkness / Lighted Road,Clear,Dry,N,(N/A),Eisenhower Expy,(N/A),,No Controls,No Controls,N,2,41.8734834,-87.8042675,ok,Partial Access Control,None,03-25-29935,2025,0,28,15,50000andOVER,9,4295,Oak Park,C,(UNK),None,16,11,13322214,11,Cook,0,25,None,None,2,N,No,(UNK),202501367392,None,5,7.71000004,Y,E,70,F,(UNK),252869,(N/A),(UNK),No Defects,1,1,InterState,1,290,X004024632,Not Toll,73,1,1,Divided With Median Barrier,3,2939984.01430308,1905276.73901682,41.87347552,-87.80426166,On Scene,Urban,1,N,(N/A),Y,(N/A)
2025,2025-11-10,Monday,19,07:10 PM,Property Damage,No Injuries,0,0,0,0,0,3,Sideswipe Same Direction,12,N,N,Improper Lane Usage,Failing to Reduce Speed to Avoid Crash,Darkness / Lighted Road,Clear,Dry,N,(N/A),I-290,(N/A),,Other Regualtory Sig,Functioning Properly,N,2,41.8724365,-87.7933426,ok,Partial Access Control,None,03-25-29911,2025,0,20,28,50000andOVER,9,4295,Oak Park,C,(UNK),None,16,10,13322718,11,Cook,0,25,None,None,1,N,No,(UNK),202501367875,None,5,8.22000027,Y,E,178,F,(UNK),253219,(N/A),(UNK),No Defects,1,1,InterState,1,290,X004025116,Not Toll,73,10,4,Divided With Median Barrier,3,2942970.14315294,1904977.37221666,41.87242866,-87.79333679,On Scene,Urban,1,N,(N/A),Y,(N/A)
2025,2025-11-10,Monday,6,06:50 AM,Injury,C Injury Crash,1,0,0,0,1,2,Turning,10,N,N,Disregarding Traffic Signals,Failing to Reduce Speed to Avoid Crash,Daylight,Cloudy/Overcast,Snow or Slush,Y,S Oak,Garfield St,Garfield St/S Oak Park Ave,,Traffic Signal,Functioning Properly,N,3,41.8719985,-87.7939858,ok,(UNK),None,2506263,2025,0,25,28,50000andOVER,9,4295,Oak Park,C,(UNK),None,16,10,13323405,11,Cook,1,25,None,None,1,N,No,Free Flow,202501368452,None,1,0,N,,,,(UNK),253703,(N/A),(UNK),No Defects,1,3,Major Collector,5,290,X004025695,Not Toll,73,3,4,Divided - w/median (not raised),2,2942799.36191603,1904812.91004141,41.87199066,-87.79398001,On Scene,Urban,8,N,(N/A),Y,(N/A)
2025,2025-11-06,Thursday,15,03:30 PM,Property Damage,No Injuries,0,0,0,0,0,2,Turning,10,N,N,Failing to Yield Right of Way,Driving Skills/Knowledge/Experience,Daylight,Clear,Dry,Y,N Elm,Lake St,Lake St/N Elmwood Ave,,Stop Sign,Functioning Properly,N,2,41.8883878,-87.7863457,ok,(UNK),None,2506192,2025,0,2,15,50000andOVER,9,4295,Oak Park,C,(UNK),None,16,6,13323406,11,Cook,0,25,None,None,4,N,No,Free Flow,202501368453,None,1,0.76999998,N,,,,(UNK),253704,(N/A),(UNK),No Defects,1,1,Major Collector,5,1405,X004025696,Not Toll,73,2,4,T-Intersection,15,2944714.58673437,1910843.12277607,41.88837996,-87.7863399,Not on Scene (Desk R,Urban,1,N,(N/A),Y,(N/A)