crash_year,crash_date,day_of_week,crash_hour,time_of_crash,crash_severity,crash_injury_severity,total_injured,total_fatals,a_injuries,b_injuries,c_injuries,no_injuries,type_of_first_crash,collision_type_code,pedestrian_involved,pedalcyclist_involved,cause1,cause2,lighting_cond,weather_cond,road_surface_cond,intersection_related,is_intersection,highway_or_street_name,at_intersection_with,address_no,traffic_control_device,traffic_control_device_cond,hit_and_run,number_of_vehicles,latitude,longitude,location_status,access_control,agency_code,agency_report_number,agency_report_year,alignment_code,cause1_code,cause2_code,city_class,city_class_code,city_code,city_name,city_township_flag,class_of_trafficway,class_of_trafficway_code,county_code,crash_day,crash_id,crash_month,crash_report_county,crash_severity_cd,crash_yr_source,damaged_property1,damaged_property2,day_of_week_code,did_crash_occur_in_work_zone,did_involve_secondary_crash,flow_condition,icn,investigating_agency_descrip,light_condition_code,mile_station,nhs,non_intersection_direction,non_intersection_distance,non_intersection_units,number_of_lanes,objectid,railroad_crossing_number,road_alignment,road_defects,road_defects_code,road_surface_condition_code,roadway_functional_class,roadway_functional_class_code,route_number,sfe,toll,township,traffic_control_device_code,traffic_control_device_cond_code,trafficway_descrip,trafficway_description_code,ts_crash_coordinate_x,ts_crash_coordinate_y,ts_crash_latitude,ts_crash_longitude,type_report,urban_rural,weather_code,were_workers_present,work_zone,work_zone_related,work_zone_type
2025,2025-11-10,Monday,15,03:23 PM,Property Damage,No Injuries,0,0,0,0,0,2,Front to Rear,11,N,N,Following Too Closely,Failing to Reduce Speed to Avoid Crash,Daylight,Clear,Unknown,N,(N/A),Washington Blvd,(N/A),,No Controls,No Controls,N,2,41.8815437,-87.7971418,ok,(UNK),None,2506270,2025,0,3,28,50000andOVER,9,4295,Oak Park,C,(UNK),None,16,10,13323410,11,Cook,0,25,None,None,1,N,No,Free Flow,202501368456,None,1,0.38999999,N,W,50,F,(UNK),253706,(N/A),(UNK),Unknown,99,9,Major Collector,5,5,X004025699,Not Toll,73,1,1,Divided - w/median (not raised),2,2941843.66389847,1908267.58160935,41.88153582,-87.79713603,Not on Scene (Desk R,Urban,1,N,(N/A),N,(N/A)
2025,2025-11-10,Monday,15,03:27 PM,Property Damage,No Injuries,0,0,0,0,0,3,Front to Rear,11,N,N,Failing to Reduce Speed to Avoid Crash,(N/A),Daylight,Clear,Dry,N,(N/A),N Oak Park Ave,(N/A),156,No Controls,No Controls,N,2,41.8892849,-87.7945322,ok,(UNK),None,2506271,2025,0,28,99,50000andOVER,9,4295,Oak Park,C,(UNK),None,16,10,13323411,11,Cook,0,25,None,None,1,N,No,Free Flow,202501368457,None,1,5.48999977,N,,,,(UNK),253707,(N/A),(UNK),No Defects,1,1,Major Collector,5,2775,X004025700,Not Toll,73,1,1,Divided - w/median (not raised),2,2942476.31722964,1911108.27301497,41.88927705,-87.79452644,Not on Scene (Desk R,Urban,1,N,(N/A),Y,(N/A)
2025,2025-11-10,Monday,18,06:21 PM,Property Damage,No Injuries,0,0,0,0,0,1,Parked Motor Vehicle,9,N,N,Failing to Reduce Speed to Avoid Crash,(N/A),Darkness,Clear,Wet,N,(N/A),Augusta St,(N/A),255,No Controls,No Controls,N,2,41.8982615,-87.781891,ok,(UNK),None,2506276,2025,0,28,99,50000andOVER,9,4295,Oak Park,C,(UNK),None,16,10,13323412,11,Cook,0,25,None,None,1,N,No,Free Flow,202501368458,None,4,0,N,,,,(UNK),253708,(N/A),(UNK),No Defects,1,2,Local Road or Street,7,0,X004025701,Not Toll,73,1,1,Divided - w/median (not raised),2,2945827.54964715,1914474.99696462,41.89825369,-87.78188522,On Scene,Urban,1,N,(N/A),Y,(N/A)
2025,2025-11-10,Monday,17,05:45 PM,Property Damage,No Injuries,0,0,0,0,0,2,Angle,15,N,N,Failing to Yield Right of Way,Failing to Reduce Speed to Avoid Crash,Darkness,Clear,Dry,Y,Garfi,S East Ave,Garfield St/S East Ave,,Stop Sign,Functioning Properly,N,2,41.8715859,-87.7890757,ok,(UNK),None,2506278,2025,0,2,28,50000andOVER,9,4295,Oak Park,C,(UNK),None,16,10,13323414,11,Cook,0,25,None,None,1,N,No,Slow,202501368460,None,4,0,N,,,,(UNK),253709,(N/A),(UNK),No Defects,1,1,Minor Collector,6,290,X004025703,Not Toll,73,2,4,T-Intersection,15,2944140.90249775,1904699.58674924,41.87157809,-87.78906994,On Scene,Urban,1,N,(N/A),Y,(N/A)
2025,2025-11-11,Tuesday,7,07:47 AM,Injury,B Injury Crash,1,0,0,1,0,1,Angle,15,N,N,Failing to Yield Right of Way,(N/A),Daylight,Cloudy/Overcast,Dry,Y,Iowa,N. Oak Park Ave,Iowa St/N. Oak Park Ave,,No Controls,No Controls,N,2,41.8962197,-87.7946957,ok,(UNK),None,2506283,2025,0,2,99,50000andOVER,9,4295,Oak Park,C,(UNK),None,16,11,13323416,11,Cook,2,25,None,None,2,N,No,Free Flow,202501368462,None,1,4.98999977,N,,,,(UNK),253711,(N/A),(UNK),No Defects,1,1,Major Collector,5,2775,X004025705,Not Toll,73,1,1,Divided - w/median (not raised),2,2942361.90424051,1913634.22083438,41.89621187,-87.79468991,Not on Scene (Desk R,Urban,8,N,(N/A),Y,(N/A)
2025,2025-11-11,Tuesday,8,08:45 AM,Property Damage,No Injuries,0,0,0,0,0,2,Front to Rear,11,N,N,Failing to Reduce Speed to Avoid Crash,Unable to Determine,Daylight,Clear,Dry,N,(N/A),S Ridgeland Ave,(N/A),,No Controls,No Controls,N,2,41.881815,-87.7845175,ok,(UNK),None,2506300,2025,0,28,18,50000andOVER,9,4295,Oak Park,C,(UNK),None,16,11,13323419,11,Cook,0,25,None,None,2,N,No,Stopped,202501368465,None,1,1.38999999,N,N,40,F,(UNK),253713,(N/A),(UNK),No Defects,1,1,Major Collector,5,2783,X004025708,Not Toll,73,1,1,Not Divided,1,2945278.95006926,1908461.68117989,41.88180713,-87.78451166,Not on Scene (Desk R,Urban,1,N,(N/A),Y,(N/A)
2025,2025-11-11,Tuesday,14,02:24 PM,Property Damage,No Injuries,0,0,0,0,0,1,Parked Motor Vehicle,9,N,N,Improper Lane Usage,Failing to Reduce Speed to Avoid Crash,Unknown,Clear,Dry,N,(N/A),S Oak Park Ave,(N/A),1032,No Controls,No Controls,Y,2,41.8693697,-87.793884,ok,(UNK),None,2506296,2025,0,20,28,50000andOVER,9,4295,Oak Park,C,(UNK),None,16,11,13324492,11,Cook,0,25,None,None,2,N,No,Free Flow,202501369471,None,9,6.86999989,N,,,,(UNK),254428,(N/A),(UNK),No Defects,1,1,Major Collector,5,2775,X004026677,Not Toll,73,1,1,Not Divided,1,2942853.58122497,1903855.70073629,41.86936187,-87.79387822,Not on Scene (Desk R,Urban,1,N,(N/A),Y,(N/A)
2025,2025-11-09,Sunday,1,01:20 AM,Property Damage,No Injuries,0,0,0,0,0,2,Front to Rear,11,N,N,Weather,Failing to Reduce Speed to Avoid Crash,Darkness / Lighted Road,Rain,Wet,N,(N/A),I-290 W/B,(N/A),,Other,Functioning Properly,N,2,41.8712476,-87.7746502,ok,Partial Access Control,None,03-25-29638,2025,0,11,28,50000andOVER,9,4295,Oak Park,C,(UNK),None,16,9,13324509,11,Cook,0,25,None,None,7,N,No,(UNK),202501369484,None,5,9.18999958,Y,W,100,F,(UNK),254438,(N/A),(UNK),No Defects,1,2,InterState,1,290,X004026691,Not Toll,73,13,4,Ramp,11,2948073.5,1904685.5,41.87123971,-87.77464441,On Scene,Urban,2,N,(N/A),Y,(N/A)
2025,2025-10-31,Friday,21,09:20 PM,Property Damage,No Injuries,0,0,0,0,0,3,Front to Rear,11,N,N,Failing to Reduce Speed to Avoid Crash,Following Too Closely,Darkness / Lighted Road,Clear,Dry,Y,Ramp,I-290 W/B,I-290 W/B/Ramp To Harlem,,Traffic Signal,Functioning Properly,Y,2,41.8736443,-87.8045259,ok,Partial Access Control,None,03-25-28812,2025,0,28,3,50000andOVER,9,4295,Oak Park,C,(UNK),None,16,31,13324773,10,Cook,0,25,None,None,5,N,No,(UNK),202501369729,None,5,0.20999999,Y,W,0,F,(UNK),254626,(N/A),(UNK),No Defects,1,1,InterState,1,290,X004026938,Not Toll,73,3,4,Ramp,11,2939912.01710757,1905333.4300568,41.87363641,-87.80452007,Not on Scene (Desk R,Urban,1,N,(N/A),Y,(N/A)
2025,2025-11-13,Thursday,2,02:40 AM,Property Damage,No Injuries,0,0,0,0,0,2,Sideswipe Same Direction,12,N,N,Failing to Reduce Speed to Avoid Crash,Improper Lane Usage,Darkness / Lighted Road,Clear,Dry,N,(N/A),I-290,(N/A),,Other,Functioning Properly,Y,2,41.8715183,-87.778954,ok,Partial Access Control,None,03-25-30173,2025,0,28,20,50000andOVER,9,4295,Oak Park,C,(UNK),None,16,13,13325550,11,Cook,0,25,None,None,4,N,No,(UNK),202501370427,None,5,8.97000027,Y,E,75,F,(UNK),255159,(N/A),(UNK),No Defects,1,1,InterState,1,290,X004027534,Not Toll,73,13,4,Divided With Median Barrier,3,2946898.5,1904751.5,41.87151043,-87.7789482,On Scene,Urban,1,N,(N/A),Y,(N/A)
2025,2025-11-11,Tuesday,17,05:03 PM,Property Damage,No Injuries,0,0,0,0,0,2,Front to Rear,11,N,N,Following Too Closely,Failing to Reduce Speed to Avoid Crash,Darkness / Lighted Road,Clear,Dry,N,(N/A),I-290,(N/A),,Other,Functioning Properly,N,2,41.8712405,-87.7744914,ok,Partial Access Control,None,03-25-30024,2025,0,3,28,50000andOVER,9,4295,Oak Park,C,(UNK),None,16,11,13326417,11,Cook,0,25,None,None,2,N,No,(UNK),202501371222,None,5,9.19999981,Y,W,0,M,(UNK),255760,(N/A),(UNK),No Defects,1,1,InterState,1,290,X004028290,Not Toll,73,13,4,Divided With Median Barrier,3,2948116.82552698,1904684.15000987,41.8712327,-87.77448561,On Scene,Urban,1,N,(N/A),Y,(N/A)
2025,2025-11-12,Wednesday,17,05:52 PM,Injury,C Injury Crash,3,0,0,0,3,1,Front to Rear,11,N,N,Failing to Reduce Speed to Avoid Crash,Driving Skills/Knowledge/Experience,Darkness / Lighted Road,Clear,Dry,N,(N/A),Madison St,(N/A),111,No Controls,No Controls,N,2,41.8799936,-87.7766291,ok,(UNK),None,2506323,2025,0,28,15,50000andOVER,9,4295,Oak Park,C,(UNK),None,16,12,13326723,11,Cook,1,25,None,None,3,N,No,Slow,202501371505,None,5,4.51999998,N,,,,(UNK),255992,(N/A),(UNK),No Defects,1,1,Minor Arterial,4,1419,X004028574,Not Toll,73,1,1,Not Divided,1,2947445.68864528,1907857.6827356,41.87998571,-87.77662333,On Scene,Urban,1,N,(N/A),Y,(N/A)
2025,2025-11-13,Thursday,7,07:59 AM,Property Damage,No Injuries,0,0,0,0,0,2,Turning,10,N,N,Failing to Yield Right of Way,Failing to Reduce Speed to Avoid Crash,Daylight,Clear,Dry,Y,Lexin,S Oak Park Ave,Lexington St/S Oak Park Ave,,Stop Sign,Functioning Properly,N,2,41.8706148,-87.7952338,ok,(UNK),None,2506331,2025,0,2,28,50000andOVER,9,4295,Oak Park,C,(UNK),None,16,13,13326724,11,Cook,0,25,None,None,4,N,No,Free Flow,202501371506,None,1,0,N,,,,(UNK),255993,(N/A),(UNK),No Defects,1,1,Local Road or Street,7,0,X004028575,Not Toll,73,2,4,Not Divided,1,2942473.37560559,1904299.26758414,41.87060696,-87.79522802,On Scene,Urban,1,N,(N/A),Y,(N/A)
2025,2025-11-13,Thursday,9,09:16 AM,Property Damage,No Injuries,0,0,0,0,0,1,Sideswipe Same Direction,12,N,N,Improper Lane Usage,Failing to Reduce Speed to Avoid Crash,Daylight,Clear,Dry,N,(N/A),Harvard St,(N/A),6,No Controls,No Controls,Y,2,41.8691141,-87.774503,ok,(UNK),None,2506335,2025,0,20,28,50000andOVER,9,4295,Oak Park,C,(UNK),None,16,13,13326725,11,Cook,0,25,None,None,4,N,No,Free Flow,202501371507,None,1,0,N,,,,(UNK),255994,(N/A),(UNK),No Defects,1,1,Local Road or Street,7,0,X004028576,Not Toll,73,1,1,Divided - w/median (not raised),2,2948135.26635985,1903909.14105293,41.86910624,-87.77449723,On Scene,Urban,1,N,(N/A),Y,(N/A)
2025,2025-11-12,Wednesday,17,05:15 PM,Property Damage,No Injuries,0,0,0,0,0,1,Parked Motor Vehicle,9,N,N,Failing to Reduce Speed to Avoid Crash,Unable to Determine,Daylight,Clear,Dry,N,(N/A),S Humphrey Ave,(N/A),,No Controls,No Controls,Y,2,41.887075,-87.7765111,ok,(UNK),None,2506322,2025,0,28,18,50000andOVER,9,4295,Oak Park,C,(UNK),None,16,12,13326726,11,Cook,0,25,None,None,3,N,No,Free Flow,202501371508,None,1,0,N,S,250,F,(UNK),255995,(N/A),(UNK),No Defects,1,1,Local Road or Street,7,0,X004028577,Not Toll,73,1,1,Not Divided,1,2947405.91706513,1910439.20775836,41.8870672,-87.77650531,On Scene,Urban,1,N,(N/A),Y,(N/A)
2025,2025-11-09,Sunday,20,08:44 PM,Property Damage,No Injuries,0,0,0,0,0,5,Front to Rear,11,N,N,Failing to Yield Right of Way,Following Too Closely,Darkness / Lighted Road,Blowing Snow,Wet,Y,I290,S Harlem Ave,I290 Expy W/S Harlem Ave,,Traffic Signal,Functioning Properly,N,2,41.8737779,-87.8045294,ok,Partial Access Control,None,2506255,2025,0,2,3,50000andOVER,9,4295,Oak Park,C,(UNK),None,16,9,13326727,11,Cook,0,25,None,None,7,N,No,Free Flow,202501371509,None,5,20.07999992,Y,,,,(UNK),255996,(N/A),(UNK),No Defects,1,2,Other Principal Arterial,3,348,X004028578,Not Toll,73,3,4,Divided - w/median (not raised),2,2939909.72084388,1905382.1139888,41.87377007,-87.80452358,On Scene,Urban,11,N,(N/A),Y,(N/A)
2025,2025-11-13,Thursday,7,07:34 AM,Injury,B Injury Crash,1,0,0,1,0,2,Pedestrian,1,Y,N,Failing to Yield Right of Way,(N/A),Daylight,Clear,Dry,Y,Home,Madison St,Home Ave/Madison St,,Traffic Signal,Functioning Properly,N,1,41.8796779,-87.7998593,ok,(UNK),None,2506330,2025,0,2,99,50000andOVER,9,4295,Oak Park,C,(UNK),None,16,13,13326732,11,Cook,2,25,None,None,4,N,No,Free Flow,202501371514,None,1,3.31999993,N,,,,(UNK),255998,(N/A),(UNK),No Defects,1,1,Minor Arterial,4,1419,X004028583,Not Toll,73,3,4,Four Way,14,2941122.36594585,1907567.22059282,41.87967003,-87.79985351,On Scene,Urban,1,N,(N/A),Y,(N/A)
2025,2025-11-10,Monday,20,08:33 PM,Injury,C Injury Crash,1,0,0,0,1,1,Turning,10,N,N,Failing to Yield Right of Way,Failing to Reduce Speed to Avoid Crash,Darkness / Lighted Road,Clear,Dry,N,(N/A),N Harlem Ave,(N/A),,No Controls,No Controls,N,2,41.891799,-87.8051499,ok,(UNK),None,2501389,2025,0,2,28,50000andOVER,9,4295,Oak Park,C,(UNK),None,16,10,13326733,11,Cook,1,25,None,None,1,N,No,Free Flow,202501371515,None,5,18.82999992,Y,S,150,F,(UNK),255999,(N/A),(UNK),No Defects,1,1,Other Principal Arterial,3,348,X004028584,Not Toll,73,1,1,Not Divided,1,2939559.91539964,1911944.66565154,41.89179114,-87.80514405,On Scene,Urban,1,N,(N/A),Y,(N/A)
2025,2025-11-13,Thursday,5,05:00 AM,Property Damage,No Injuries,0,0,0,0,0,2,Turning,10,N,N,Disregarding Traffic Signals,(N/A),Darkness / Lighted Road,Clear,Dry,Y,S Har,Roosevelt Rd,Roosevelt Rd/S Harlem Ave,,Traffic Signal,Functioning Properly,N,2,41.8650277,-87.8042209,ok,(UNK),None,2506328,2025,0,25,99,50000andOVER,9,4295,Oak Park,C,(UNK),None,16,13,13326850,11,Cook,0,25,None,None,4,N,No,Slow,202501371618,None,5,20.69000053,Y,,,,(UNK),256072,(N/A),(UNK),No Defects,1,1,Other Principal Arterial,3,348,X004028683,Not Toll,52,3,4,Four Way,14,2940081.54188858,1902195.71176742,41.8650199,-87.8042151,On Scene,Urban,1,N,(N/A),Y,(N/A)
2025,2025-11-13,Thursday,15,03:05 PM,Property Damage,No Injuries,0,0,0,0,0,1,Parked Motor Vehicle,9,N,N,Failing to Reduce Speed to Avoid Crash,Driving Skills/Knowledge/Experience,Unknown,Clear,Unknown,N,(N/A),Clinton Ave,(N/A),,No Controls,No Controls,Y,2,41.88682,-87.7986,ok,(UNK),None,2506342,2025,0,28,15,50000andOVER,9,4295,Oak Park,C,(UNK),None,16,13,13326852,11,Cook,0,25,None,None,4,N,No,Free Flow,202501371620,None,9,0,N,S,150,F,(UNK),256074,(N/A),(UNK),No Defects,1,9,Local Road or Street,7,0,X004028685,Not Toll,,1,1,Not Divided,1,2941393.46923183,1910179.40838842,41.88682,-87.7986,Not on Scene (Desk R,Urban,1,N,(N/A),Y,(N/A)
2025,2025-11-13,Thursday,8,08:13 AM,Property Damage,No Injuries,0,0,0,0,0,4,Sideswipe Same Direction,12,N,N,Failing to Yield Right of Way,Failing to Reduce Speed to Avoid Crash,Daylight,Clear,Dry,N,(N/A),S East Ave,(N/A),1034,No Controls,No Controls,N,2,41.86948,-87.78906,ok,(UNK),None,2506332,2025,0,2,28,50000andOVER,9,4295,Oak Park,C,(UNK),None,16,13,13327153,11,Cook,0,25,None,None,4,N,No,Free Flow,202501371925,None,1,0,N,,,,(UNK),256270,(N/A),(UNK),No Defects,1,1,Minor Collector,6,0,X004028972,Not Toll,,1,1,Not Divided,1,2944166.45585043,1903932.26737282,41.86948,-87.78906,On Scene,Urban,1,N,(N/A),Y,(N/A)
2025,2025-11-13,Thursday,19,07:47 PM,Injury,B Injury Crash,2,0,0,2,0,2,Front to Rear,11,N,N,Following Too Closely,(N/A),Darkness / Lighted Road,Clear,Dry,N,(N/A),South Blvd,(N/A),,Stop Sign,Functioning Properly,Y,2,41.88703,-87.77977,ok,(UNK),None,2506351,2025,0,3,99,50000andOVER,9,4295,Oak Park,C,(UNK),None,16,13,13327192,11,Cook,2,25,None,None,4,N,No,Free Flow,202501371959,None,5,0.08,N,,,,(UNK),256299,(N/A),(UNK),No Defects,1,1,Local Road or Street,7,3794,X004029007,Not Toll,,2,4,Not Divided,1,2946518.94485574,1910398.07632029,41.88703,-87.77977,Not on Scene (Desk R,Urban,1,N,(N/A),Y,(N/A)
2025,2025-11-14,Friday,14,02:35 PM,Property Damage,No Injuries,0,0,0,0,0,5,Front to Rear,11,N,N,Improper Lane Usage,Following Too Closely,Daylight,Clear,Dry,Y,Adams,Harlem Ave,Adams St/Harlem Ave,,Traffic Signal,Functioning Properly,N,2,41.8777942,-87.804655,ok,(UNK),None,25-03641,2025,0,20,3,50000andOVER,9,4295,Oak Park,C,(UNK),None,16,14,13327495,11,Cook,0,25,None,None,5,N,No,Slow,202501372261,None,1,19.79999924,Y,,,,(UNK),256481,(N/A),(UNK),No Defects,1,1,Other Principal Arterial,3,348,X004029294,Not Toll,73,3,4,Divided - w/median (not raised),2,2939835.19487248,1906844.7942831,41.87778641,-87.80464924,Not on Scene (Desk R,Urban,1,N,(N/A),Y,(N/A)
2025,2025-11-13,Thursday,18,06:00 PM,Property Damage,No Injuries,0,0,0,0,0,3,Sideswipe Same Direction,12,N,N,Improper Lane Usage,Physical Condition of Driver,Darkness / Lighted Road,Clear,Dry,N,(N/A),I290,(N/A),,Other Regualtory Sig,Functioning Properly,N,3,41.8730063,-87.7993735,ok,Partial Access Control,None,03-25-30240,2025,0,20,17,50000andOVER,9,4295,Oak Park,C,(UNK),None,16,13,13328100,11,Cook,0,25,None,None,4,N,No,(UNK),202501372818,None,5,7.94000006,Y,E,68,F,(UNK),256911,(N/A),(UNK),No Defects,1,1,InterState,1,290,X004029853,Not Toll,73,10,4,Divided With Median Barrier,3,2941321.76864363,1905139.63729375,41.87299847,-87.79936768,On Scene,Urban,1,N,(N/A),Y,(N/A)
2025,2025-11-16,Sunday,19,07:11 PM,Property Damage,No Injuries,0,0,0,0,0,4,Turning,10,N,N,Improper Lane Usage,Driving Skills/Knowledge/Experience,Darkness / Lighted Road,Clear,Dry,Y,I-290,Harlem,Harlem/I-290,,Traffic Signal,Functioning Properly,N,2,41.8736414,-87.8045258,ok,Partial Access Control,None,25-03667,2025,0,20,15,50000andOVER,9,4295,Oak Park,C,(UNK),None,16,16,13330015,11,Cook,0,25,None,None,7,N,No,Slow,202501374638,None,5,0.20999999,Y,,,,(UNK),258311,(N/A),(UNK),No Defects,1,1,InterState,1,290,X004031688,Not Toll,73,3,4,Divided With Median Barrier,3,2939912.06743491,1905332.38757255,41.87363355,-87.80451999,On Scene,Urban,1,N,(N/A),Y,(N/A)
2025,2025-11-14,Friday,7,07:45 AM,Property Damage,No Injuries,0,0,0,0,0,1,Parked Motor Vehicle,9,N,N,Unable to Determine,Unable to Determine,Daylight,Clear,Dry,N,(N/A),N Kenilworth Ave,(N/A),,No Controls,No Controls,Y,2,41.9086448,-87.7981031,ok,(UNK),None,2506367,2025,0,18,18,50000andOVER,9,4295,Oak Park,C,(UNK),None,16,14,13330602,11,Cook,0,25,None,None,5,N,No,Slow,202501375155,None,1,0,N,S,100,F,(UNK),258712,(N/A),(UNK),No Defects,1,1,Local Road or Street,7,0,X004032178,Not Toll,73,1,1,Divided With Median Barrier,3,2941309.08435214,1918136.52969955,41.90863698,-87.79809732,On Scene,Urban,1,N,(N/A),Y,(N/A)
2025,2025-11-14,Friday,16,04:21 PM,Injury,B Injury Crash,1,0,0,1,0,1,Turning,10,N,N,Failing to Yield Right of Way,Failing to Reduce Speed to Avoid Crash,Dusk,Clear,Dry,Y,Le Mo,N Oak Park Ave,Le Moyne Pkwy/N Oak Park Ave,,Stop Sign,Functioning Properly,N,2,41.90717,-87.79504,ok,(UNK),None,2506368,2025,0,2,28,50000andOVER,9,4295,Oak Park,C,(UNK),None,16,14,13330603,11,Cook,2,25,None,None,5,N,No,Slow,202501375156,None,3,0,N,,,,(UNK),258713,(N/A),(UNK),No Defects,1,1,Major Collector,5,0,X004032179,Not Toll,,2,4,Four Way,14,2942157.78654609,1917622.12448333,41.90717,-87.79504,On Scene,Urban,1,N,(N/A),Y,(N/A)
2025,2025-11-14,Friday,17,05:20 PM,Property Damage,No Injuries,0,0,0,0,0,2,Angle,15,N,N,Failing to Yield Right of Way,(N/A),Darkness / Lighted Road,Clear,Dry,Y,S Lom,Garfield St,Garfield St/S Lombard Ave,,Stop Sign,Functioning Properly,N,2,41.87074,-87.77924,ok,(UNK),None,2506371,2025,0,2,99,50000andOVER,9,4295,Oak Park,C,(UNK),None,16,14,13330608,11,Cook,0,25,None,None,5,N,No,Free Flow,202501375161,None,5,0,N,,,,(UNK),258717,(N/A),(UNK),No Defects,1,1,Minor Collector,6,0,X004032184,Not Toll,,2,4,Not Divided,1,2946828.49223492,1904465.71366843,41.87074,-87.77924,On Scene,Urban,1,N,(N/A),Y,(N/A)
2025,2025-11-16,Sunday,3,03:38 AM,Property Damage,No Injuries,0,0,0,0,0,2,Front to Rear,11,N,N,Improper Lane Usage,Failing to Reduce Speed to Avoid Crash,Darkness / Lighted Road,Clear,Dry,N,(N/A),N Oak Park Ave,(N/A),623,No Controls,No Controls,N,2,41.89703,-87.79478,ok,(UNK),None,2506399,2025,0,20,28,50000andOVER,9,4295,Oak Park,C,(UNK),None,16,16,13330788,11,Cook,0,25,None,None,7,N,No,Free Flow,202501375240,None,5,0,N,,,,(UNK),258861,(N/A),(UNK),No Defects,1,1,Major Collector,5,0,X004032261,Not Toll,,1,1,Not Divided,1,2942330.78700979,1913928.86963045,41.89703,-87.79478,On Scene,Urban,1,N,(N/A),Y,(N/A)
2025,2025-11-15,Saturday,16,04:23 PM,Property Damage,No Injuries,0,0,0,0,0,1,Parked Motor Vehicle,9,N,N,Unable to Determine,Unable to Determine,Daylight,Clear,Dry,N,(N/A),Lake St,(N/A),1129,No Controls,No Controls,Y,2,41.88856,-87.80396,ok,(UNK),None,2506405,2025,0,18,18,50000andOVER,9,4295,Oak Park,C,(UNK),None,16,15,13330861,11,Cook,0,25,None,None,6,N,Yes,Free Flow,202501375312,None,1,0,N,,,,(UNK),258909,(N/A),(UNK),No Defects,1,1,Major Collector,5,0,X004032328,Not Toll,,1,1,Divided - w/median (not raised),2,2939916.41852608,1910773.24206567,41.88856,-87.80396,Not on Scene (Desk R,Urban,1,N,(N/A),Y,(N/A)
2025,2025-11-16,Sunday,18,06:00 PM,Property Damage,No Injuries,0,0,0,0,0,2,Sideswipe Opposite Direction,13,N,N,Equipment-Vehicle Condition,(N/A),Darkness / Lighted Road,Clear,Dry,Y,Jacks,S Lombard Ave,Jackson Blvd/S Lombard Ave,,No Controls,No Controls,Y,2,41.87638,-87.7794,ok,(UNK),None,2506408,2025,0,10,99,50000andOVER,9,4295,Oak Park,C,(UNK),None,16,16,13330865,11,Cook,0,25,None,None,7,N,No,Free Flow,202501375316,None,5,0,N,,,,(UNK),258912,(N/A),(UNK),No Defects,1,1,Minor Collector,6,0,X004032332,Not Toll,,1,1,Not Divided,1,2946727.71704537,1906519.82049796,41.87638,-87.7794,On Scene,Urban,1,N,(N/A),Y,(N/A)
2025,2025-11-10,Monday,19,07:21 PM,Property Damage,No Injuries,0,0,0,0,0,1,Other Object,7,N,N,Road Engineering/Surface/Marking Defects,Unable to Determine,Darkness / Lighted Road,Clear,Wet,N,(N/A),Garfield St,(N/A),,No Controls,No Controls,N,1,41.8722,-87.79662,ok,(UNK),None,2506279,2025,0,12,18,50000andOVER,9,4295,Oak Park,C,(UNK),None,16,10,13331993,11,Cook,0,25,ROAD WAY DEFECT,None,1,N,No,Free Flow,202501376388,None,5,0,N,E,20,F,(UNK),259675,(N/A),(UNK),"Rut, Holes",7,2,Local Road or Street,7,0,X004033363,Not Toll,,1,1,Divided - w/median (not raised),2,2942079.84944029,1904866.50787513,41.8722,-87.79662,Not on Scene (Desk R,Urban,1,N,(N/A),N,(N/A)
2025,2025-11-14,Friday,20,08:36 PM,Property Damage,No Injuries,0,0,0,0,0,2,Angle,15,N,N,Failing to Yield Right of Way,Unable to Determine,Darkness / Lighted Road,Clear,Dry,N,(N/A),Harlem Ave,(N/A),,No Controls,No Controls,N,2,41.8916622,-87.8051454,ok,(UNK),None,2501398,2025,0,2,18,50000andOVER,9,4295,Oak Park,C,(UNK),None,16,14,13332007,11,Cook,0,25,None,None,5,N,No,Free Flow,202501376392,None,5,18.84000015,Y,S,200,F,(UNK),259678,(N/A),(UNK),No Defects,1,1,Other Principal Arterial,3,348,X004033366,Not Toll,73,1,1,Divided - w/median (not raised),2,2939562.50450494,1911894.85117109,41.89165435,-87.80513959,On Scene,Urban,1,N,(N/A),Y,(N/A)
2025,2025-11-17,Monday,11,11:00 AM,Property Damage,No Injuries,0,0,0,0,0,1,Parked Motor Vehicle,9,N,N,Unable to Determine,(N/A),Unknown,Unknown,Unknown,N,(N/A),S Harvey Ave,(N/A),,No Controls,No Controls,Y,2,41.8806338,-87.7812173,ok,(UNK),None,2506431,2025,0,18,99,50000andOVER,9,4295,Oak Park,C,(UNK),None,16,17,13332501,11,Cook,0,25,None,None,1,N,No,Free Flow,202501376954,None,9,0,N,N,300,F,(UNK),260008,(N/A),(UNK),No Defects,1,9,Local Road or Street,7,0,X004033813,Not Toll,73,1,1,Not Divided,1,2946189.67066047,1908056.22470882,41.88062598,-87.78121146,Not on Scene (Desk R,Urban,9,N,(N/A),Y,(N/A)