crash_year,crash_date,day_of_week,crash_hour,time_of_crash,crash_severity,crash_injury_severity,total_injured,total_fatals,a_injuries,b_injuries,c_injuries,no_injuries,type_of_first_crash,collision_type_code,pedestrian_involved,pedalcyclist_involved,cause1,cause2,lighting_cond,weather_cond,road_surface_cond,intersection_related,is_intersection,highway_or_street_name,at_intersection_with,address_no,traffic_control_device,traffic_control_device_cond,hit_and_run,number_of_vehicles,latitude,longitude,location_status,access_control,agency_code,agency_report_number,agency_report_year,alignment_code,cause1_code,cause2_code,city_class,city_class_code,city_code,city_name,city_township_flag,class_of_trafficway,class_of_trafficway_code,county_code,crash_day,crash_id,crash_month,crash_report_county,crash_severity_cd,crash_yr_source,damaged_property1,damaged_property2,day_of_week_code,did_crash_occur_in_work_zone,did_involve_secondary_crash,flow_condition,icn,investigating_agency_descrip,light_condition_code,mile_station,nhs,non_intersection_direction,non_intersection_distance,non_intersection_units,number_of_lanes,objectid,railroad_crossing_number,road_alignment,road_defects,road_defects_code,road_surface_condition_code,roadway_functional_class,roadway_functional_class_code,route_number,sfe,toll,township,traffic_control_device_code,traffic_control_device_cond_code,trafficway_descrip,trafficway_description_code,ts_crash_coordinate_x,ts_crash_coordinate_y,ts_crash_latitude,ts_crash_longitude,type_report,urban_rural,weather_code,were_workers_present,work_zone,work_zone_related,work_zone_type
2025,2025-11-18,Tuesday,7,07:15 AM,Property Damage,No Injuries,0,0,0,0,0,6,Front to Rear,11,N,N,Following Too Closely,Weather,Daylight,Rain,Wet,N,(N/A),I-290 E/B,(N/A),,Other,Functioning Properly,Y,3,41.8709625,-87.7746045,ok,Partial Access Control,None,03-25-30664,2025,0,3,11,50000andOVER,9,4295,Oak Park,C,(UNK),None,16,18,13333008,11,Cook,0,25,None,None,2,N,No,(UNK),202501377486,None,1,9.18999958,Y,W,.02,M,(UNK),260344,(N/A),(UNK),No Defects,1,2,InterState,1,290,X004034262,Not Toll,73,13,4,Divided With Median Barrier,3,2948088.84345439,1904581.98363492,41.8709547,-87.77459871,On Scene,Urban,2,N,(N/A),Y,(N/A)
2025,2025-11-09,Sunday,21,09:37 PM,Property Damage,No Injuries,0,0,0,0,0,4,Front to Rear,11,N,N,Failing to Reduce Speed to Avoid Crash,Following Too Closely,Darkness / Lighted Road,Blowing Snow,Wet,Y,Jacks,S Harlem Ave,Jackson Blvd/S Harlem Ave,,Traffic Signal,Functioning Properly,N,2,41.8759839,-87.8045957,ok,(UNK),None,2506257,2025,0,28,3,50000andOVER,9,4295,Oak Park,C,(UNK),None,16,9,13333709,11,Cook,0,25,None,None,7,N,No,Free Flow,202501378172,None,5,19.93000031,Y,,,,(UNK),260835,(N/A),(UNK),No Defects,1,2,Other Principal Arterial,3,348,X004034904,Not Toll,73,3,4,Divided - w/median (not raised),2,2939869.51229146,1906185.50060576,41.87597602,-87.80458994,On Scene,Urban,11,N,(N/A),Y,(N/A)
2025,2025-11-18,Tuesday,9,09:00 AM,Property Damage,No Injuries,0,0,0,0,0,1,Parked Motor Vehicle,9,N,N,Driving Skills/Knowledge/Experience,Failing to Reduce Speed to Avoid Crash,Daylight,Clear,Dry,N,(N/A),Access Road,(N/A),,No Controls,No Controls,Y,2,,,missing,(UNK),None,2506435,2025,0,15,28,50000andOVER,9,4295,Oak Park,C,City Streets Urban,8,16,18,13333735,11,Cook,0,25,None,None,2,N,No,Free Flow,202501378204,None,1,0,N,,,,(UNK),260855,(N/A),(UNK),No Defects,1,1,(UNK),0,0,X004034929,No Toll,,1,1,Parking Lot,7,0,0,0,0,Not on Scene (Desk R,(UNK),1,N,(N/A),Y,(N/A)
2025,2025-11-18,Tuesday,16,04:42 PM,Property Damage,No Injuries,0,0,0,0,0,4,Front to Rear,11,N,N,Failing to Reduce Speed to Avoid Crash,Weather,Darkness / Lighted Road,Rain,Wet,N,(N/A),North Ave,(N/A),6909,No Controls,No Controls,N,2,41.9089507,-87.7980028,ok,(UNK),None,2506443,2025,0,28,11,50000andOVER,9,4295,Oak Park,C,(UNK),None,16,18,13333748,11,Cook,0,25,None,None,2,N,No,Slow,202501378222,None,5,6.32999992,Y,,,,(UNK),260863,(N/A),(UNK),No Defects,1,2,Other Principal Arterial,3,307,X004034942,Not Toll,73,1,1,Divided With Median Barrier,3,2941333.3249892,1918248.73987028,41.90894282,-87.79799696,On Scene,Urban,2,N,(N/A),Y,(N/A)
2025,2025-11-18,Tuesday,16,04:45 PM,Property Damage,No Injuries,0,0,0,0,0,1,Parked Motor Vehicle,9,N,N,Failing to Reduce Speed to Avoid Crash,Improper Overtaking/Passing,Daylight,Clear,Dry,N,(N/A),S East Ave,(N/A),,No Controls,No Controls,Y,2,41.8732016,-87.7891285,ok,(UNK),None,2506444,2025,0,28,4,50000andOVER,9,4295,Oak Park,C,(UNK),None,16,18,13333756,11,Cook,0,25,None,None,2,N,No,Free Flow,202501378232,None,1,1.08000004,N,N,250,F,(UNK),260867,(N/A),(UNK),No Defects,1,1,Minor Collector,6,2779,X004034950,Not Toll,73,1,1,Not Divided,1,2944110.2057765,1905287.96873675,41.87319376,-87.78912273,Not on Scene (Desk R,Urban,1,N,(N/A),Y,(N/A)
2025,2025-11-18,Tuesday,17,05:00 PM,Property Damage,No Injuries,0,0,0,0,0,1,Parked Motor Vehicle,9,N,N,Unable to Determine,(N/A),Unknown,Unknown,Unknown,N,(N/A),Lake St,(N/A),,No Controls,No Controls,Y,2,41.8886778,-87.7975725,ok,(UNK),None,2506452,2025,0,18,99,50000andOVER,9,4295,Oak Park,C,(UNK),None,16,18,13333761,11,Cook,0,25,None,None,2,N,No,(UNK),202501378237,None,9,0.17,N,W,30,F,(UNK),260872,(N/A),(UNK),No Defects,1,9,Major Collector,5,1405,X004034955,Not Toll,73,1,1,Not Divided,1,2941654.56987414,1910864.16937315,41.88867,-87.79756669,Not on Scene (Desk R,Urban,9,N,(N/A),Y,(N/A)
2025,2025-11-19,Wednesday,21,09:46 PM,Property Damage,No Injuries,0,0,0,0,0,4,Sideswipe Same Direction,12,N,N,Unable to Determine,Unable to Determine,Darkness / Lighted Road,Clear,Dry,N,(N/A),Lake St,(N/A),803,No Controls,No Controls,N,2,41.8886,-87.79461,ok,(UNK),None,2506468,2025,0,18,18,50000andOVER,9,4295,Oak Park,C,(UNK),None,16,19,13334975,11,Cook,0,25,None,None,3,N,No,Free Flow,202501379470,None,5,0,N,,,,(UNK),261678,(N/A),(UNK),No Defects,1,1,Major Collector,5,0,X004036050,Not Toll,,1,1,Not Divided,1,2942462.04664002,1910858.09835447,41.8886,-87.79461,On Scene,Urban,1,N,(N/A),Y,(N/A)
2025,2025-11-16,Sunday,18,06:15 PM,Property Damage,No Injuries,0,0,0,0,0,2,Sideswipe Same Direction,12,N,N,Improper Lane Usage,Improper Overtaking/Passing,Darkness / Lighted Road,Clear,Dry,N,(N/A),I-290 Wb,(N/A),,Other,Functioning Properly,Y,2,41.8737171,-87.8038131,ok,Partial Access Control,None,03-25-30548,2025,0,20,4,50000andOVER,9,4295,Oak Park,C,(UNK),None,16,16,13335533,11,Cook,0,25,None,None,7,N,No,(UNK),202501379961,None,5,7.73000002,Y,E,200,F,(UNK),262038,(N/A),(UNK),No Defects,1,1,InterState,1,290,X004036456,Not Toll,73,13,4,Divided With Median Barrier,3,2940105.42142653,1905365.32568461,41.87370926,-87.8038073,On Scene,Urban,1,N,(N/A),Y,(N/A)
2025,2025-11-13,Thursday,11,11:40 AM,Property Damage,No Injuries,0,0,0,0,0,4,Front to Rear,11,N,N,Following Too Closely,Failing to Reduce Speed to Avoid Crash,Daylight,Clear,Dry,N,(N/A),I290,(N/A),,Other,Functioning Properly,N,3,41.8721461,-87.7899141,ok,Partial Access Control,None,03-25-30212,2025,0,3,28,50000andOVER,9,4295,Oak Park,C,(UNK),None,16,13,13335856,11,Cook,0,25,None,None,4,N,No,(UNK),202501380369,None,1,8.40999985,Y,W,253,F,(UNK),262280,(N/A),(UNK),No Defects,1,1,InterState,1,290,X004036761,Not Toll,73,13,4,Divided With Median Barrier,3,2943906.91021903,1904897.3832233,41.87213822,-87.78990826,On Scene,Urban,1,N,(N/A),Y,(N/A)
2025,2025-11-20,Thursday,15,03:23 PM,Property Damage,No Injuries,0,0,0,0,0,2,Angle,15,N,N,Failing to Yield Right of Way,Failing to Reduce Speed to Avoid Crash,Dusk,Clear,Dry,Y,(UNK),N Oak Park Ave,(UNK)/N Oak Park Ave,600,Stop Sign,Functioning Properly,Y,2,41.8962233,-87.7946958,ok,(UNK),None,2506482,2025,0,2,28,50000andOVER,9,4295,Oak Park,C,(UNK),None,16,20,13336382,11,Cook,0,25,FENCE & OUTDOOR CHAIR,None,4,N,Yes,Slow,202501380820,None,3,4.98999977,N,,,,(UNK),262648,(N/A),(UNK),No Defects,1,1,Major Collector,5,2775,X004037176,Not Toll,73,2,4,Four Way,14,2942361.85778927,1913635.51287579,41.89621541,-87.79468995,On Scene,Urban,1,N,(N/A),Y,(N/A)
2025,2025-11-20,Thursday,16,04:09 PM,Property Damage,No Injuries,0,0,0,0,0,2,Angle,15,N,N,Failing to Yield Right of Way,Driving Skills/Knowledge/Experience,Darkness / Lighted Road,Cloudy/Overcast,Dry,N,(N/A),Madison St,(N/A),,No Controls,No Controls,N,2,41.87972,-87.79426,ok,(UNK),None,2506483,2025,0,2,15,50000andOVER,9,4295,Oak Park,C,(UNK),None,16,20,13336387,11,Cook,0,25,None,None,4,N,No,Slow,202501380826,None,5,3.5999999,N,W,15,F,(UNK),262652,(N/A),(UNK),No Defects,1,1,Minor Arterial,4,1419,X004037181,Not Toll,,1,1,Not Divided,1,2942646.86089228,1907624.69837674,41.87972,-87.79426,On Scene,Urban,8,N,(N/A),Y,(N/A)
2025,2025-11-20,Thursday,8,08:15 AM,Injury,B Injury Crash,1,0,0,1,0,1,Front to Rear,11,N,N,Failing to Reduce Speed to Avoid Crash,Following Too Closely,Daylight,Clear,Dry,N,(N/A),S Ridgeland Ave,(N/A),,Traffic Signal,Functioning Improperly,N,2,41.8766705,-87.7843703,ok,(UNK),None,2506498,2025,0,28,3,50000andOVER,9,4295,Oak Park,C,(UNK),None,16,20,13336861,11,Cook,2,25,None,None,4,N,No,Free Flow,202501381373,None,1,1.75,N,N,150,F,(UNK),262963,(N/A),(UNK),No Defects,1,1,Major Collector,5,2783,X004037596,Not Toll,73,3,3,Divided - w/median (not raised),2,2945371.09580394,1906588.0536057,41.87666266,-87.78436449,Not on Scene (Desk R,Urban,1,N,(N/A),Y,(N/A)
2025,2025-11-20,Thursday,12,12:32 PM,Property Damage,No Injuries,0,0,0,0,0,3,Turning,10,N,N,Improper Turning/No Signal,Failing to Reduce Speed to Avoid Crash,Daylight,Clear,Dry,Y,S Lom,Madison St,Madison St/S Lombard Ave,,Traffic Signal,Functioning Properly,N,2,41.8799384,-87.7795357,ok,(UNK),None,2506497,2025,0,6,28,50000andOVER,9,4295,Oak Park,C,(UNK),None,16,20,13336866,11,Cook,0,25,None,None,4,N,No,Free Flow,202501381379,None,1,0.55000001,N,,,,(UNK),262968,(N/A),(UNK),No Defects,1,1,Minor Arterial,4,3794,X004037601,Not Toll,73,3,4,Divided - w/median (not raised),2,2946654.67209772,1907815.54065816,41.87993056,-87.77952991,Not on Scene (Desk R,Urban,1,N,(N/A),Y,(N/A)
2025,2025-11-23,Sunday,17,05:15 PM,Property Damage,No Injuries,0,0,0,0,0,2,Front to Rear,11,N,N,Following Too Closely,Failing to Reduce Speed to Avoid Crash,Darkness / Lighted Road,Clear,Dry,N,(N/A),I-290,(N/A),,Other,Functioning Properly,N,2,41.8712417,-87.7745295,ok,Partial Access Control,None,03-25-31246,2025,0,3,28,50000andOVER,9,4295,Oak Park,C,(UNK),None,16,23,13339328,11,Cook,0,25,None,None,7,N,No,(UNK),202501383689,None,5,9.19999981,Y,W,0,M,(UNK),264689,(N/A),(UNK),No Defects,1,1,InterState,1,290,X004039770,Not Toll,73,13,4,Divided With Median Barrier,3,2948106.44036814,1904684.29034018,41.87123388,-87.77452369,On Scene,Urban,1,N,(N/A),Y,(N/A)
2025,2025-11-16,Sunday,21,09:00 PM,Injury,B Injury Crash,1,0,0,1,0,1,Sideswipe Same Direction,12,N,N,Failing to Reduce Speed to Avoid Crash,Improper Lane Usage,Darkness / Lighted Road,Clear,Dry,N,(N/A),I-290 E/B,(N/A),,Other Regualtory Sig,Functioning Properly,N,2,41.8729946,-87.7992534,ok,Partial Access Control,None,03-25-30559,2025,0,28,20,50000andOVER,9,4295,Oak Park,C,(UNK),None,16,16,13339405,11,Cook,2,25,None,None,7,N,No,(UNK),202501383768,None,5,7.94000006,Y,E,1,F,(UNK),264762,(N/A),(UNK),No Defects,1,1,InterState,1,290,X004039845,Not Toll,73,10,4,Divided With Median Barrier,3,2941354.60663555,1905136.27061494,41.87298676,-87.79924755,On Scene,Urban,1,N,(N/A),Y,(N/A)
2025,2025-11-17,Monday,18,06:15 PM,Property Damage,No Injuries,0,0,0,0,0,2,Sideswipe Same Direction,12,N,N,Failing to Yield Right of Way,Failing to Reduce Speed to Avoid Crash,Darkness / Lighted Road,Clear,Dry,N,(N/A),I290,(N/A),,Other,Functioning Properly,N,2,41.8712455,-87.7745889,ok,Partial Access Control,None,03-25-30642,2025,0,2,28,50000andOVER,9,4295,Oak Park,C,(UNK),None,16,17,13339527,11,Cook,0,25,None,None,1,N,No,(UNK),202501383893,None,5,9.18999958,Y,W,100,F,(UNK),264872,(N/A),(UNK),No Defects,1,1,InterState,1,290,X004039963,Not Toll,73,13,4,Divided With Median Barrier,3,2948090.21751342,1904685.2286525,41.87123769,-87.77458311,On Scene,Urban,1,N,(N/A),Y,(N/A)
2025,2025-11-22,Saturday,12,12:20 PM,Property Damage,No Injuries,0,0,0,0,0,2,Front to Rear,11,N,N,Following Too Closely,Unable to Determine,Daylight,Cloudy/Overcast,Dry,Y,Harle,Roosevelt Rd,Harlem Ave/Roosevelt Rd,,Traffic Signal,Functioning Properly,Y,2,41.8650278,-87.804216,ok,(UNK),None,25-03724,2025,0,3,18,50000andOVER,9,4295,Oak Park,C,(UNK),None,16,22,13339614,11,Cook,0,25,None,None,6,N,No,Free Flow,202501383984,None,1,20.69000053,Y,,,,(UNK),264941,(N/A),(UNK),No Defects,1,1,Other Principal Arterial,3,348,X004040046,Not Toll,52,3,4,Divided - w/median (not raised),2,2940082.86941072,1902195.78231515,41.86502,-87.80421023,On Scene,Urban,8,N,(N/A),Y,(N/A)
2025,2025-11-20,Thursday,7,07:21 AM,Injury,B Injury Crash,1,0,0,1,0,1,Front to Rear,11,N,N,Cell Phone Use Other Than Texting,Failing to Reduce Speed to Avoid Crash,Daylight,Cloudy/Overcast,Dry,N,(N/A),Madison St,(N/A),,Traffic Signal,Functioning Properly,N,2,41.87989,-87.78446,ok,(UNK),None,2506472,2025,0,45,28,50000andOVER,9,4295,Oak Park,C,(UNK),None,16,20,13339637,11,Cook,2,25,None,None,4,N,No,Slow,202501384007,None,1,0,N,E,25,F,(UNK),264956,(N/A),(UNK),No Defects,1,1,Minor Arterial,4,0,X004040066,Not Toll,,3,4,Four Way,14,2945314.07860895,1907760.61823074,41.87989,-87.78446,Not on Scene (Desk R,Urban,8,N,(N/A),Y,(N/A)
2025,2025-11-21,Friday,16,04:47 PM,Property Damage,No Injuries,0,0,0,0,0,2,Sideswipe Same Direction,12,N,N,Improper Lane Usage,(N/A),Darkness / Lighted Road,Clear,Dry,N,(N/A),N Ridgeland Ave,(N/A),,Traffic Signal,Functioning Properly,N,2,41.90187,-87.78491,ok,(UNK),None,2506501,2025,0,20,99,50000andOVER,9,4295,Oak Park,C,(UNK),None,16,21,13339638,11,Cook,0,25,None,None,5,N,No,Stopped,202501384008,None,5,2.04999995,N,S,75,F,(UNK),264957,(N/A),(UNK),No Defects,1,1,Major Collector,5,1394,X004040067,Not Toll,,3,4,Not Divided,1,2944969.06876789,1915767.14709226,41.90187,-87.78491,On Scene,Urban,1,N,(N/A),Y,(N/A)
2025,2025-11-22,Saturday,10,10:26 AM,Property Damage,No Injuries,0,0,0,0,0,5,Angle,15,N,N,Failing to Yield Right of Way,Failing to Reduce Speed to Avoid Crash,Daylight,Clear,Dry,N,(N/A),Washington Blvd,(N/A),,Traffic Signal,Functioning Properly,N,2,41.88159,-87.78941,ok,(UNK),None,2506512,2025,0,2,28,50000andOVER,9,4295,Oak Park,C,(UNK),None,16,22,13339645,11,Cook,0,25,None,None,6,N,No,Free Flow,202501384015,None,1,0.5,N,W,100,F,(UNK),264963,(N/A),(UNK),No Defects,1,1,Major Collector,5,2779,X004040074,Not Toll,,3,4,Not Divided,1,2943948.82626514,1908342.72966039,41.88159,-87.78941,On Scene,Urban,1,N,(N/A),Y,(N/A)
2025,2025-11-25,Tuesday,4,04:26 AM,Property Damage,No Injuries,0,0,0,0,0,1,Parked Motor Vehicle,9,N,N,Unable to Determine,(N/A),Darkness / Lighted Road,Clear,Wet,N,(N/A),S Maple Ave,(N/A),434,No Controls,No Controls,Y,2,41.88013,-87.80392,ok,(UNK),None,2506561,2025,0,18,99,50000andOVER,9,4295,Oak Park,C,(UNK),None,16,25,13341099,11,Cook,0,25,None,None,2,N,No,Free Flow,202501385436,None,5,0,N,,,,(UNK),265927,(N/A),(UNK),No Defects,1,2,Local Road or Street,7,0,X004041433,Not Toll,,1,1,Not Divided,1,2940011.93688738,1907701.49656188,41.88013,-87.80392,On Scene,Urban,1,N,(N/A),Y,(N/A)
2025,2025-11-25,Tuesday,14,02:35 PM,Property Damage,No Injuries,0,0,0,0,0,2,Front to Rear,11,N,N,Failing to Reduce Speed to Avoid Crash,Distraction - From Inside Vehicle,Daylight,Cloudy/Overcast,Dry,N,(N/A),I-290,(N/A),,Other,Functioning Properly,N,2,41.8713398,-87.7761469,ok,Partial Access Control,None,03-25-31410,2025,0,28,41,50000andOVER,9,4295,Oak Park,C,(UNK),None,16,25,13342049,11,Cook,0,25,None,None,2,N,No,(UNK),202501386355,None,1,9.11999989,Y,W,517,F,(UNK),266559,(N/A),(UNK),No Defects,1,1,InterState,1,290,X004042313,Not Toll,73,13,4,Divided With Median Barrier,3,2947664.90422721,1904707.76287979,41.87133199,-87.77614108,On Scene,Urban,8,N,(N/A),Y,(N/A)
2025,2025-11-25,Tuesday,12,12:06 PM,Property Damage,No Injuries,0,0,0,0,0,2,Turning,10,N,N,Disregarding Stop Sign,Failing to Yield Right of Way,Daylight,Cloudy/Overcast,Dry,Y,Fores,Ontario St,Forest Ave/Ontario St,,Stop Sign,Functioning Properly,N,2,41.8901417,-87.8002158,ok,(UNK),None,2506566,2025,0,23,2,50000andOVER,9,4295,Oak Park,C,(UNK),None,16,25,13342302,11,Cook,0,25,None,None,2,N,No,Free Flow,202501386574,None,1,0.41999999,N,,,,(UNK),266711,(N/A),(UNK),No Defects,1,1,Local Road or Street,7,1405,X004042528,Not Toll,73,2,4,Other,8,2940920.07653743,1911377.74002724,41.89013382,-87.80020998,On Scene,Urban,8,N,(N/A),Y,(N/A)
2025,2025-11-25,Tuesday,8,08:00 AM,Property Damage,No Injuries,0,0,0,0,0,3,Angle,15,N,N,Failing to Yield Right of Way,(N/A),Daylight,Rain,Wet,N,(N/A),Chicago Ave,(N/A),,No Controls,No Controls,N,2,41.8945055,-87.7893557,ok,(UNK),None,2506562,2025,0,2,99,50000andOVER,9,4295,Oak Park,C,(UNK),None,16,25,13342304,11,Cook,0,25,None,None,2,N,No,Slow,202501386576,None,1,3.3900001,N,E,100,F,(UNK),266712,(N/A),(UNK),No Defects,1,2,Minor Arterial,4,1398,X004042530,Not Toll,73,1,1,Not Divided,1,2943833.153823,1913049.79447239,41.89449766,-87.78934988,On Scene,Urban,2,N,(N/A),Y,(N/A)
2025,2025-11-25,Tuesday,18,06:06 PM,Property Damage,No Injuries,0,0,0,0,0,2,Rear to Front,18,N,N,Improper Backing,Failing to Reduce Speed to Avoid Crash,Darkness,Clear,Dry,N,(N/A),Superior,(N/A),,Stop Sign,Functioning Properly,N,2,41.89305,-87.78483,ok,(UNK),None,2506575,2025,0,30,28,50000andOVER,9,4295,Oak Park,C,(UNK),None,16,25,13342703,11,Cook,0,25,None,None,2,N,No,Slow,202501386985,None,4,0.60000002,N,E,30,F,(UNK),266966,(N/A),(UNK),No Defects,1,1,Major Collector,5,2783,X004042897,Not Toll,,2,4,Not Divided,1,2945080.12912177,1912553.57246735,41.89305,-87.78483,On Scene,Urban,1,N,(N/A),Y,(N/A)
2025,2025-10-25,Saturday,12,12:18 PM,Property Damage,No Injuries,0,0,0,0,0,2,Parked Motor Vehicle,9,N,N,Failing to Reduce Speed to Avoid Crash,Driving Skills/Knowledge/Experience,Daylight,Clear,Dry,N,(N/A),Lake St,(N/A),,No Controls,No Controls,Y,2,41.88844,-87.78959,ok,(UNK),None,2505908,2025,0,28,15,50000andOVER,9,4295,Oak Park,C,(UNK),None,16,25,13342731,10,Cook,0,25,None,None,6,N,No,Free Flow,202501387027,None,1,0,N,E,300,F,(UNK),266990,(N/A),(UNK),No Defects,1,1,Major Collector,5,2779,X004042924,Not Toll,,1,1,Divided - w/median (not raised),2,2943830.62275216,1910837.63898936,41.88844,-87.78959,On Scene,Urban,1,N,(N/A),Y,(N/A)
2025,2025-11-26,Wednesday,15,03:21 PM,Property Damage,No Injuries,0,0,0,0,0,1,Parked Motor Vehicle,9,N,N,Failing to Reduce Speed to Avoid Crash,(N/A),Dusk,Clear,Dry,N,(N/A),S Euclid Ave,(N/A),,Stop Sign,Functioning Properly,N,2,41.8727081,-87.7927682,ok,(UNK),None,2506585,2025,0,28,99,50000andOVER,9,4295,Oak Park,C,(UNK),None,16,26,13343462,11,Cook,0,25,None,None,3,N,No,Free Flow,202501387742,None,3,0,N,E,30,F,(UNK),267484,(N/A),(UNK),No Defects,1,1,Local Road or Street,7,0,X004043611,Not Toll,73,2,4,Not Divided,1,2943123.84218997,1905080.67592698,41.87270026,-87.79276243,On Scene,Urban,1,N,(N/A),Y,(N/A)
2025,2025-11-21,Friday,19,07:15 PM,Property Damage,No Injuries,0,0,0,0,0,2,Sideswipe Same Direction,12,N,N,Physical Condition of Driver,Failing to Reduce Speed to Avoid Crash,Darkness / Lighted Road,Clear,Dry,N,(N/A),I-290 Eb,(N/A),,Other,Functioning Properly,N,2,41.8709663,-87.7746641,ok,Partial Access Control,None,03-25-31026,2025,0,17,28,50000andOVER,9,4295,Oak Park,C,(UNK),None,16,21,13344425,11,Cook,0,25,None,None,5,N,No,(UNK),202501388652,None,5,9.18999958,Y,W,100,F,(UNK),268196,(N/A),(UNK),No Defects,1,1,InterState,1,290,X004044526,Not Toll,73,13,4,Divided With Median Barrier,3,2948072.57637136,1904582.88235017,41.87095841,-87.7746583,On Scene,Urban,1,N,(N/A),Y,(N/A)
2025,2025-11-29,Saturday,0,00:07 AM,Property Damage,No Injuries,0,0,0,0,0,3,Angle,15,N,N,Disregarding Traffic Signals,Unable to Determine,Darkness / Lighted Road,Clear,Dry,Y,S Lom,Madison St,Madison St/S Lombard Ave,,Traffic Signal,Functioning Properly,N,2,41.8799384,-87.7795358,ok,(UNK),None,2506607,2025,0,25,18,50000andOVER,9,4295,Oak Park,C,(UNK),None,16,29,13344893,11,Cook,0,25,None,None,6,N,No,Free Flow,202501389099,None,5,0.55000001,N,,,,(UNK),268528,(N/A),(UNK),No Defects,1,1,Minor Arterial,4,3794,X004044979,Not Toll,73,3,4,Four Way,14,2946654.63453425,1907815.53833465,41.87993056,-87.77953004,On Scene,Urban,1,N,(N/A),Y,(N/A)
2025,2025-11-20,Thursday,12,12:55 PM,Property Damage,No Injuries,0,0,0,0,0,2,Sideswipe Same Direction,12,N,N,Road Construction/Maintenance,Failing to Reduce Speed to Avoid Crash,Daylight,Clear,Dry,N,(N/A),I-290,(N/A),,Other,Functioning Properly,N,2,41.8712979,-87.7797581,ok,Partial Access Control,None,03-25-30880,2025,0,13,28,50000andOVER,9,4295,Oak Park,C,(UNK),None,16,20,13345301,11,Cook,0,25,None,None,4,Y,No,(UNK),202501389494,None,1,8.93000031,Y,W,169,F,(UNK),268824,(N/A),(UNK),No Defects,1,1,InterState,1,290,X004045378,Not Toll,73,13,4,Divided With Median Barrier,3,2946681.71812834,1904665.08668562,41.87129003,-87.7797523,On Scene,Urban,1,Y,Maintenance,Y,Maintenance Work Zone
2025,2025-11-29,Saturday,5,05:46 AM,Property Damage,No Injuries,0,0,0,0,0,3,Turning,10,N,N,Improper Turning/No Signal,(N/A),Darkness / Lighted Road,Clear,Dry,Y,Roose,Harlem Ave,Harlem Ave/Roosevelt Rd,,Traffic Signal,Functioning Properly,N,3,41.8650279,-87.8042149,ok,(UNK),None,25-10086,2025,0,6,99,50000andOVER,9,4295,Oak Park,C,(UNK),None,16,29,13345985,11,Cook,0,25,None,None,6,N,No,Free Flow,202501390267,None,5,20.69000053,Y,,,,(UNK),269326,(N/A),(UNK),No Defects,1,1,Other Principal Arterial,3,348,X004046056,Not Toll,52,3,4,Divided - w/median (not raised),2,2940083.17275374,1902195.79688876,41.86502001,-87.80420911,On Scene,Urban,1,N,(N/A),Y,(N/A)
2025,2025-11-29,Saturday,15,03:58 PM,Property Damage,No Injuries,0,0,0,0,0,1,Parked Motor Vehicle,9,N,N,Weather,(N/A),Darkness,Blowing Snow,Snow or Slush,N,(N/A),Mapleton Ave,(N/A),1028,No Controls,No Controls,N,2,41.9053896,-87.7815686,ok,(UNK),None,2506616,2025,0,11,99,50000andOVER,9,4295,Oak Park,C,(UNK),None,16,29,13349790,11,Cook,0,25,None,None,6,N,No,Free Flow,202501393788,None,4,0,N,,,,(UNK),271912,(N/A),(UNK),No Defects,1,3,Local Road or Street,7,0,X004049447,Not Toll,73,1,1,Not Divided,1,2945843.07877298,1917075.06405111,41.9053818,-87.78156278,On Scene,Urban,11,N,(N/A),Y,(N/A)
2025,2025-11-30,Sunday,15,03:28 PM,Property Damage,No Injuries,0,0,0,0,0,2,Angle,15,N,N,Failing to Yield Right of Way,(N/A),Daylight,Clear,Wet,Y,Rosse,Le Moyne Pkwy,Le Moyne Pkwy/Rossell Ave,,Stop Sign,Functioning Properly,N,2,41.9073041,-87.7859766,ok,(UNK),None,2506629,2025,0,2,99,50000andOVER,9,4295,Oak Park,C,(UNK),None,16,30,13349792,11,Cook,0,25,None,None,7,N,No,Free Flow,202501393790,None,1,0,N,,,,(UNK),271914,(N/A),(UNK),No Defects,1,2,Local Road or Street,7,0,X004049449,Not Toll,73,2,4,Four Way,14,2944623.69176102,1917739.38452267,41.90729627,-87.78597084,On Scene,Urban,1,N,(N/A),Y,(N/A)
2025,2025-12-01,Monday,12,12:00 PM,Property Damage,No Injuries,0,0,0,0,0,2,Front to Rear,11,N,N,Following Too Closely,Failing to Reduce Speed to Avoid Crash,Daylight,Clear,Dry,N,(N/A),I-290,(N/A),,Other Regualtory Sig,Functioning Properly,Y,2,41.8712439,-87.7744741,ok,Partial Access Control,None,03-25-32140,2025,0,3,28,50000andOVER,9,4295,Oak Park,C,(UNK),None,16,1,13350478,12,Cook,0,25,None,None,1,N,No,(UNK),202501394475,None,1,9.19999981,Y,W,48,F,(UNK),272344,(N/A),(UNK),No Defects,1,1,InterState,1,290,X004050087,Not Toll,73,10,4,Divided With Median Barrier,3,2948121.5,1904685.5,41.87123604,-87.77446832,Not on Scene (Desk R,Urban,1,N,(N/A),Y,(N/A)
2025,2025-11-30,Sunday,14,02:45 PM,Property Damage,No Injuries,0,0,0,0,0,1,Parked Motor Vehicle,9,N,N,Unable to Determine,Unable to Determine,Unknown,Snow,Snow or Slush,N,(N/A),Harrison St,(N/A),430,No Controls,No Controls,Y,2,41.8726102,-87.7859096,ok,(UNK),None,2506628,2025,0,18,18,50000andOVER,9,4295,Oak Park,C,(UNK),None,16,30,13351368,11,Cook,0,25,None,None,7,N,No,Free Flow,202501395310,None,9,0.13,N,,,,(UNK),272971,(N/A),(UNK),No Defects,1,3,Local Road or Street,7,290,X004050915,Not Toll,73,1,1,Not Divided,1,2944992.9336071,1905096.75918527,41.87260234,-87.78590376,Not on Scene (Desk R,Urban,3,N,(N/A),Y,(N/A)