crash_year,crash_date,day_of_week,crash_hour,time_of_crash,crash_severity,crash_injury_severity,total_injured,total_fatals,a_injuries,b_injuries,c_injuries,no_injuries,type_of_first_crash,collision_type_code,pedestrian_involved,pedalcyclist_involved,cause1,cause2,lighting_cond,weather_cond,road_surface_cond,intersection_related,is_intersection,highway_or_street_name,at_intersection_with,address_no,traffic_control_device,traffic_control_device_cond,hit_and_run,number_of_vehicles,latitude,longitude,location_status,access_control,agency_code,agency_report_number,agency_report_year,alignment_code,cause1_code,cause2_code,city_class,city_class_code,city_code,city_name,city_township_flag,class_of_trafficway,class_of_trafficway_code,county_code,crash_day,crash_id,crash_month,crash_report_county,crash_severity_cd,crash_yr_source,damaged_property1,damaged_property2,day_of_week_code,did_crash_occur_in_work_zone,did_involve_secondary_crash,flow_condition,icn,investigating_agency_descrip,light_condition_code,mile_station,nhs,non_intersection_direction,non_intersection_distance,non_intersection_units,number_of_lanes,objectid,railroad_crossing_number,road_alignment,road_defects,road_defects_code,road_surface_condition_code,roadway_functional_class,roadway_functional_class_code,route_number,sfe,toll,township,traffic_control_device_code,traffic_control_device_cond_code,trafficway_descrip,trafficway_description_code,ts_crash_coordinate_x,ts_crash_coordinate_y,ts_crash_latitude,ts_crash_longitude,type_report,urban_rural,weather_code,were_workers_present,work_zone,work_zone_related,work_zone_type
2025,2025-11-30,Sunday,19,07:29 PM,Property Damage,No Injuries,0,0,0,0,0,1,Parked Motor Vehicle,9,N,N,Improper Lane Usage,Failing to Reduce Speed to Avoid Crash,Daylight,Clear,Snow or Slush,N,(N/A),Elmwood,(N/A),,No Controls,No Controls,Y,2,41.8885249,-87.7863499,ok,(UNK),None,2506632,2025,0,20,28,50000andOVER,9,4295,Oak Park,C,(UNK),None,16,30,13351369,11,Cook,0,25,None,None,7,N,No,Free Flow,202501395311,None,1,0,N,N,50,F,(UNK),272972,(N/A),(UNK),No Defects,1,3,Local Road or Street,7,0,X004050916,Not Toll,73,1,1,Not Divided,1,2944712.0435978,1910893.03254136,41.88851701,-87.78634415,Not on Scene (Desk R,Urban,1,N,(N/A),Y,(N/A)
2025,2025-12-01,Monday,10,10:22 AM,Property Damage,No Injuries,0,0,0,0,0,2,Sideswipe Same Direction,12,N,N,Failing to Reduce Speed to Avoid Crash,Improper Overtaking/Passing,Daylight,Blowing Snow,Snow or Slush,N,(N/A),N Harlem Ave,(N/A),,Traffic Signal,Functioning Properly,N,2,41.8905089,-87.8051136,ok,(UNK),None,2506641,2025,0,28,4,50000andOVER,9,4295,Oak Park,C,(UNK),None,16,1,13351370,12,Cook,0,25,None,None,1,N,No,Free Flow,202501395312,None,1,18.92000008,Y,S,25,F,(UNK),272973,(N/A),(UNK),No Defects,1,3,Other Principal Arterial,3,348,X004050917,Not Toll,73,3,4,Divided - w/median (not raised),2,2939582.73529208,1911474.82321469,41.8905011,-87.80510779,On Scene,Urban,11,N,(N/A),Y,(N/A)
2025,2025-12-01,Monday,12,12:04 PM,Property Damage,No Injuries,0,0,0,0,0,4,Turning,10,N,N,Disregarding Stop Sign,Failing to Reduce Speed to Avoid Crash,Daylight,Cloudy/Overcast,Snow or Slush,Y,Ontar,N Cuyler Ave,N Cuyler Ave/Ontario St,,Stop Sign,Functioning Properly,N,2,41.8903868,-87.7831315,ok,(UNK),None,2506643,2025,0,23,28,50000andOVER,9,4295,Oak Park,C,(UNK),None,16,1,13351375,12,Cook,0,25,None,None,1,N,No,Free Flow,202501395317,None,1,0,N,,,,(UNK),272975,(N/A),(UNK),No Defects,1,3,Local Road or Street,7,0,X004050922,Not Toll,73,2,4,Not Divided,1,2945569.57219438,1911595.89421835,41.89037893,-87.78312573,On Scene,Urban,8,N,(N/A),Y,(N/A)
2025,2025-11-28,Friday,18,06:43 PM,Property Damage,No Injuries,0,0,0,0,0,1,Fixed Object,6,N,N,Failing to Reduce Speed to Avoid Crash,Improper Lane Usage,Darkness / Lighted Road,Clear,Dry,N,(N/A),Washington Blvd,(N/A),123,No Controls,No Controls,N,4,41.8820709,-87.7777485,ok,(UNK),None,2506604,2025,0,28,20,50000andOVER,9,4295,Oak Park,C,(UNK),None,16,28,13351377,11,Cook,0,25,None,None,5,N,No,Slow,202501395319,None,5,1.38999999,N,,,,(UNK),272976,(N/A),(UNK),No Defects,1,1,Major Collector,5,5,X004050924,Not Toll,73,1,1,Not Divided,1,2947119.76261392,1908606.22759914,41.88206309,-87.77774267,On Scene,Urban,1,N,(N/A),Y,(N/A)
2025,2025-12-01,Monday,14,02:59 PM,Property Damage,No Injuries,0,0,0,0,0,1,Parked Motor Vehicle,9,N,N,Failing to Reduce Speed to Avoid Crash,Unable to Determine,Unknown,Unknown,Unknown,N,(N/A),Home Ave,(N/A),,Traffic Signal,Functioning Properly,Y,2,41.8815183,-87.799924,ok,(UNK),None,2506646,2025,0,28,18,50000andOVER,9,4295,Oak Park,C,(UNK),None,16,1,13351378,12,Cook,0,25,None,None,1,N,No,Free Flow,202501395320,None,9,0,N,W,15,F,(UNK),272977,(N/A),(UNK),No Defects,1,9,Major Collector,5,0,X004050925,Not Toll,73,3,4,Divided - w/median (not raised),2,2941086.24311602,1908237.41980001,41.88151046,-87.7999182,On Scene,Urban,9,N,(N/A),Y,(N/A)
2025,2025-11-27,Thursday,12,12:30 PM,Injury,B Injury Crash,2,0,0,2,0,2,Angle,15,N,N,Disregarding Traffic Signals,(N/A),Daylight,Clear,Dry,Y,Chica,N Ridgeland Ave,Chicago Ave/N Ridgeland Ave,,Traffic Signal,Functioning Properly,Y,2,41.8945679,-87.7848615,ok,(UNK),None,2506594,2025,0,25,99,50000andOVER,9,4295,Oak Park,C,(UNK),None,16,27,13351380,11,Cook,2,25,None,None,4,N,No,Free Flow,202501395323,None,1,0.5,N,,,,(UNK),272978,(N/A),(UNK),No Defects,1,1,Minor Arterial,4,2783,X004050927,Not Toll,73,3,4,Four Way,14,2945056.18053505,1913106.48619351,41.89456005,-87.78485573,On Scene,Urban,1,N,(N/A),Y,(N/A)
2025,2025-11-26,Wednesday,16,04:29 PM,Property Damage,No Injuries,0,0,0,0,0,3,Sideswipe Same Direction,12,N,N,Failing to Reduce Speed to Avoid Crash,Following Too Closely,Dusk,Clear,Dry,Y,Roose,S Harlem Ave,Roosevelt Rd/S Harlem Ave,,Traffic Signal,Functioning Properly,N,2,41.8650279,-87.8042141,ok,(UNK),None,2506588,2025,0,28,3,50000andOVER,9,4295,Oak Park,C,(UNK),None,16,26,13351383,11,Cook,0,25,None,None,3,N,No,Free Flow,202501395326,None,3,20.69000053,Y,,,,(UNK),272979,(N/A),(UNK),No Defects,1,1,Other Principal Arterial,3,348,X004050930,Not Toll,52,3,4,Divided - w/median (not raised),2,2940083.39054016,1902195.80707008,41.86502002,-87.80420831,On Scene,Urban,1,N,(N/A),Y,(N/A)
2025,2025-11-29,Saturday,8,08:55 AM,Property Damage,No Injuries,0,0,0,0,0,1,Parked Motor Vehicle,9,N,N,Weather,(N/A),Daylight,Snow,Snow or Slush,N,(N/A),S Grove Ave,(N/A),401,No Controls,No Controls,N,2,41.8791734,-87.7953947,ok,(UNK),None,2506611,2025,0,11,99,50000andOVER,9,4295,Oak Park,C,(UNK),None,16,29,13351384,11,Cook,0,25,None,None,6,N,No,Free Flow,202501395327,None,1,0,N,,,,(UNK),272980,(N/A),(UNK),No Defects,1,3,Local Road or Street,7,0,X004050931,Not Toll,73,1,1,Not Divided,1,2942343.3417062,1907416.95336165,41.87916553,-87.79538891,Not on Scene (Desk R,Urban,3,N,(N/A),Y,(N/A)
2025,2025-11-29,Saturday,7,07:45 AM,Property Damage,No Injuries,0,0,0,0,0,5,Front to Rear,11,N,N,Failing to Reduce Speed to Avoid Crash,Weather,Daylight,Snow,Snow or Slush,Y,North,N Harlem Ave,N Harlem Ave/North Ave,,Traffic Signal,Functioning Properly,N,3,41.9087836,-87.805784,ok,(UNK),None,2506609,2025,0,28,11,50000andOVER,9,4295,Oak Park,C,(UNK),None,16,29,13351386,11,Cook,0,25,None,None,6,N,No,Slow,202501395328,None,1,17.65999985,Y,,,,(UNK),272981,(N/A),(UNK),No Defects,1,3,Other Principal Arterial,3,348,X004050932,Not Toll,73,3,4,Not Divided,1,2939216.81069102,1918129.41179408,41.90877571,-87.80577824,On Scene,Urban,3,N,(N/A),Y,(N/A)
2025,2025-11-29,Saturday,15,03:42 PM,Property Damage,No Injuries,0,0,0,0,0,2,Angle,15,N,N,Failing to Yield Right of Way,Weather,Daylight,Snow,Snow or Slush,N,(N/A),Diviston St,(N/A),,Stop Sign,Functioning Properly,Y,2,41.9018579,-87.7867343,ok,(UNK),None,2506614,2025,0,2,11,50000andOVER,9,4295,Oak Park,C,(UNK),None,16,29,13351387,11,Cook,0,25,None,None,6,N,No,Slow,202501395329,None,1,1.95000005,N,,,,(UNK),272982,(N/A),(UNK),No Defects,1,3,Major Collector,5,1394,X004050933,Not Toll,73,2,4,Not Divided,1,2944472.52534878,1915748.93308124,41.90185001,-87.78672853,On Scene,Urban,3,N,(N/A),Y,(N/A)
2025,2025-11-30,Sunday,18,06:51 PM,Property Damage,No Injuries,0,0,0,0,0,2,Turning,10,N,N,Failing to Yield Right of Way,(N/A),Darkness / Lighted Road,Clear,Wet,Y,Madis,Harlem Ave,Harlem Ave/Madison St,,Traffic Signal,Functioning Properly,N,2,41.8796676,-87.8047358,ok,(UNK),None,2506631,2025,0,2,99,50000andOVER,9,4295,Oak Park,C,(UNK),None,16,30,13351389,11,Cook,0,25,None,None,7,N,No,Free Flow,202501395331,None,5,19.68000031,Y,,,,(UNK),272983,(N/A),(UNK),No Defects,1,2,Other Principal Arterial,3,348,X004050935,Not Toll,73,3,4,Not Divided,1,2939794.40532523,1907526.87343055,41.87965976,-87.80472999,On Scene,Urban,1,N,(N/A),Y,(N/A)
2025,2025-12-01,Monday,7,07:09 AM,Property Damage,No Injuries,0,0,0,0,0,3,Front to Rear,11,N,N,Failing to Reduce Speed to Avoid Crash,Following Too Closely,Daylight,Clear,Dry,Y,Divis,N Ridgeland Ave,Division St/N Ridgeland Ave,,Traffic Signal,Functioning Properly,N,3,41.9018878,-87.7841371,ok,(UNK),None,2506635,2025,0,28,3,50000andOVER,9,4295,Oak Park,C,(UNK),None,16,1,13351390,12,Cook,0,25,None,None,1,N,No,Stopped,202501395332,None,1,0.50999999,N,,,,(UNK),272984,(N/A),(UNK),No Defects,1,1,Major Collector,5,2783,X004050936,Not Toll,73,3,4,Divided - w/median (not raised),2,2945179.31922822,1915779.49135118,41.90187998,-87.78413126,On Scene,Urban,1,N,(N/A),Y,(N/A)
2025,2025-11-28,Friday,17,05:20 PM,Property Damage,No Injuries,0,0,0,0,0,2,Front to Rear,11,N,N,Following Too Closely,Failing to Reduce Speed to Avoid Crash,Daylight,Clear,Dry,N,(N/A),I-290,(N/A),,Other,Functioning Properly,N,2,41.8734727,-87.8041584,ok,Partial Access Control,None,03-25-31991,2025,0,3,28,50000andOVER,9,4295,Oak Park,C,(UNK),None,16,28,13351896,11,Cook,0,25,None,None,5,N,No,(UNK),202501395812,None,1,7.71999979,Y,E,0,M,(UNK),273315,(N/A),(UNK),No Defects,1,1,InterState,1,290,X004051406,Not Toll,73,13,4,Divided With Median Barrier,3,2940013.82627889,1905273.68519261,41.8734649,-87.80415259,Not on Scene (Desk R,Urban,1,N,(N/A),Y,(N/A)
2025,2025-12-02,Tuesday,7,07:56 AM,Property Damage,No Injuries,0,0,0,0,0,1,Parked Motor Vehicle,9,N,N,Improper Lane Usage,Failing to Reduce Speed to Avoid Crash,Daylight,Cloudy/Overcast,Snow or Slush,N,(N/A),Lombard Ave,(N/A),,Stop Sign,Functioning Properly,Y,2,41.8880232,-87.7798011,ok,(UNK),None,2506656,2025,0,20,28,50000andOVER,9,4295,Oak Park,C,(UNK),None,16,2,13352219,12,Cook,0,25,None,None,2,N,No,Slow,202501396096,None,1,0.01,N,S,50,F,(UNK),273496,(N/A),(UNK),No Defects,1,3,Local Road or Street,7,3794,X004051665,Not Toll,73,2,4,Not Divided,1,2946500.4010348,1910759.76711396,41.88801531,-87.77979531,On Scene,Urban,8,N,(N/A),Y,(N/A)
2025,2025-12-02,Tuesday,9,09:18 AM,Property Damage,No Injuries,0,0,0,0,0,1,Parked Motor Vehicle,9,N,N,Failing to Reduce Speed to Avoid Crash,Driving Skills/Knowledge/Experience,Darkness,Clear,Dry,N,(N/A),Madison St,(N/A),,No Controls,No Controls,Y,2,41.8800115,-87.775331,ok,(UNK),None,2506657,2025,0,28,15,50000andOVER,9,4295,Oak Park,C,(UNK),None,16,2,13352222,12,Cook,0,25,None,None,2,N,No,Slow,202501396099,None,4,4.59000015,N,W,200,F,(UNK),273498,(N/A),(UNK),No Defects,1,1,Minor Arterial,4,1419,X004051667,Not Toll,73,1,1,Divided - w/median (not raised),2,2947799.02783338,1907874.06619387,41.88000363,-87.77532524,Not on Scene (Desk R,Urban,1,N,(N/A),Y,(N/A)
2025,2025-12-02,Tuesday,21,09:39 PM,Property Damage,No Injuries,0,0,0,0,0,2,Angle,15,N,N,Disregarding Traffic Signals,Failing to Reduce Speed to Avoid Crash,Darkness / Lighted Road,Clear,Dry,Y,Lake,N Ridgeland Ave,Lake St/N Ridgeland Ave,,Traffic Signal,Functioning Properly,N,2,41.8883291,-87.7846957,ok,(UNK),None,2506667,2025,0,25,28,50000andOVER,9,4295,Oak Park,C,(UNK),None,16,2,13352254,12,Cook,0,25,None,None,2,N,No,Stopped,202501396132,None,5,0.85000002,N,,,,(UNK),273521,(N/A),(UNK),No Defects,1,1,Major Collector,5,1405,X004051695,Not Toll,73,3,4,Not Divided,1,2945164.4735452,1910834.20881085,41.88832127,-87.78468993,On Scene,Urban,1,N,(N/A),Y,(N/A)
2025,2025-12-03,Wednesday,9,09:04 AM,Property Damage,No Injuries,0,0,0,0,0,2,Angle,15,N,N,Failing to Yield Right of Way,Vision Obscured,Daylight,Cloudy/Overcast,Dry,Y,Adams,Wesley Ave,Adams/Wesley Ave,,Stop Sign,Functioning Properly,N,2,41.8779858,-87.7917411,ok,(UNK),None,2506675,2025,0,2,14,50000andOVER,9,4295,Oak Park,C,(UNK),None,16,3,13353050,12,Cook,0,25,None,None,3,N,No,Free Flow,202501396833,None,1,0,N,,,,(UNK),274030,(N/A),(UNK),No Defects,1,1,Local Road or Street,7,0,X004052388,Not Toll,73,2,4,Four Way,14,2943350.35322683,1907011.71817753,41.87797799,-87.79173531,Not on Scene (Desk R,Urban,8,N,(N/A),Y,(N/A)
2025,2025-12-03,Wednesday,7,07:43 AM,Property Damage,No Injuries,0,0,0,0,0,1,Fixed Object,6,N,N,Driving Skills/Knowledge/Experience,Failing to Reduce Speed to Avoid Crash,Daylight,Cloudy/Overcast,Wet,N,(N/A),Oak Park Ave,(N/A),,Traffic Signal,Functioning Properly,N,1,41.8868837,-87.7944558,ok,(UNK),None,2506670,2025,0,15,28,50000andOVER,9,4295,Oak Park,C,(UNK),None,16,3,13353053,12,Cook,0,25,ELECTRICAL SIGNAGE,None,3,N,No,Free Flow,202501396836,None,1,5.6500001,N,N,10,F,(UNK),274031,(N/A),(UNK),No Defects,1,2,Major Collector,5,2775,X004052391,Not Toll,73,3,4,Divided With Median Barrier,3,2942521.33560358,1910233.80091743,41.88687583,-87.79445,On Scene,Urban,8,N,(N/A),Y,(N/A)
2025,2025-12-03,Wednesday,15,03:12 PM,Property Damage,No Injuries,0,0,0,0,0,1,Parked Motor Vehicle,9,N,N,Improper Lane Usage,Unable to Determine,Daylight,Snow,Wet,N,(N/A),N Taylor Ave,(N/A),530,No Controls,No Controls,N,2,41.8957506,-87.7784228,ok,(UNK),None,2506682,2025,0,20,18,50000andOVER,9,4295,Oak Park,C,(UNK),None,16,3,13353054,12,Cook,0,25,None,None,3,N,No,Free Flow,202501396837,None,1,0,N,,,,(UNK),274032,(N/A),(UNK),No Defects,1,2,Local Road or Street,7,0,X004052392,Not Toll,73,1,1,Not Divided,1,2946797.301416,1913586.25551908,41.89574278,-87.77841699,On Scene,Urban,3,N,(N/A),Y,(N/A)
2025,2025-12-04,Thursday,7,07:42 AM,Property Damage,No Injuries,0,0,0,0,0,2,Angle,15,N,N,Following Too Closely,Improper Lane Usage,Daylight,Clear,Dry,N,(N/A),Harlem Ave,(N/A),329,No Controls,No Controls,N,2,41.880352,-87.8047448,ok,(UNK),None,25-03900,2025,0,3,20,50000andOVER,9,4295,Oak Park,C,(UNK),None,16,4,13353811,12,Cook,0,25,None,None,4,N,No,Free Flow,202501397538,None,1,19.62999916,Y,,,,(UNK),274547,(N/A),(UNK),No Defects,1,1,Other Principal Arterial,3,348,X004053064,Not Toll,73,1,1,Divided - w/median (not raised),2,2939785.07967619,1907776.22737672,41.8803442,-87.80473901,On Scene,Urban,1,N,(N/A),Y,(N/A)
2025,2025-10-31,Friday,10,10:21 AM,Property Damage,No Injuries,0,0,0,0,0,1,Fixed Object,6,N,N,Disregarding Other Traffic Signs,Failing to Reduce Speed to Avoid Crash,Daylight,Clear,Dry,N,(N/A),South Blvd,(N/A),401,Traffic Signal,Functioning Properly,N,1,41.8869804,-87.7847854,ok,(UNK),None,2506109,2025,0,24,28,50000andOVER,9,4295,Oak Park,C,(UNK),None,16,31,13353980,10,Cook,0,25,VIADUCT,None,5,N,No,Free Flow,202501397712,None,1,0,N,,,,(UNK),274655,(N/A),(UNK),No Defects,1,1,Local Road or Street,7,0,X004053214,Not Toll,73,3,4,Divided - w/median (not raised),2,2945153.70245488,1910342.02664788,41.88697254,-87.78477961,Not on Scene (Desk R,Urban,1,N,(N/A),Y,(N/A)
2025,2025-12-04,Thursday,15,03:20 PM,Property Damage,No Injuries,0,0,0,0,0,4,Sideswipe Same Direction,12,N,N,Failing to Reduce Speed to Avoid Crash,(N/A),Daylight,Cloudy/Overcast,Snow or Slush,N,(N/A),N Euclid Ave,(N/A),,No Controls,No Controls,N,2,41.89157,-87.79282,ok,(UNK),None,2506698,2025,0,28,99,50000andOVER,9,4295,Oak Park,C,(UNK),None,16,4,13354808,12,Cook,0,25,None,None,4,N,No,Stopped,202501398456,None,1,0,N,S,200,F,(UNK),275210,(N/A),(UNK),No Defects,1,3,Local Road or Street,7,0,X004053953,Not Toll,,1,1,Not Divided,1,2942919.51001132,1911953.90859819,41.89157,-87.79282,On Scene,Urban,8,N,(N/A),Y,(N/A)
2025,2025-12-04,Thursday,0,00:32 AM,Property Damage,No Injuries,0,0,0,0,0,4,Front to Rear,11,N,N,Failing to Reduce Speed to Avoid Crash,Following Too Closely,Darkness / Lighted Road,Clear,Dry,N,(N/A),I-290 W/B,(N/A),,Other,Functioning Properly,Y,2,41.8718307,-87.783025,ok,Partial Access Control,None,03-25-32482,2025,0,28,3,50000andOVER,9,4295,Oak Park,C,(UNK),None,16,4,13358665,12,Cook,0,25,None,None,4,N,No,(UNK),202501402228,None,5,8.76000023,Y,E,305,F,(UNK),277815,(N/A),(UNK),No Defects,1,1,InterState,1,290,X004057602,Not Toll,73,13,4,Divided With Median Barrier,3,2945786.5,1904834.5,41.87182281,-87.78301919,On Scene,Urban,1,N,(N/A),Y,(N/A)
2025,2025-12-03,Wednesday,22,10:03 PM,Property Damage,No Injuries,0,0,0,0,0,2,Front to Rear,11,N,N,Following Too Closely,Weather,Darkness / Lighted Road,Clear,Ice,N,(N/A),I-290,(N/A),,Other,Functioning Properly,N,2,41.8716708,-87.7841976,ok,Partial Access Control,None,03-25-32477,2025,0,3,11,50000andOVER,9,4295,Oak Park,C,(UNK),None,16,3,13358815,12,Cook,0,25,None,None,3,N,Yes,(UNK),202501402376,None,5,8.71000004,Y,W,25,F,(UNK),277909,163531W,(UNK),No Defects,1,4,InterState,1,290,X004057741,Not Toll,73,13,4,Divided With Median Barrier,3,2945468.73836965,1904767.36788547,41.87166293,-87.78419176,On Scene,Urban,1,N,(N/A),Y,(N/A)
2025,2025-12-03,Wednesday,22,10:03 PM,Property Damage,No Injuries,0,0,0,0,0,2,Front to Rear,11,N,N,Failing to Reduce Speed to Avoid Crash,Following Too Closely,Darkness / Lighted Road,Clear,Ice,N,(N/A),I-290,(N/A),,Other,Functioning Properly,N,2,41.8716152,-87.7835353,ok,Partial Access Control,None,03-25-32476,2025,0,28,3,50000andOVER,9,4295,Oak Park,C,(UNK),None,16,3,13358823,12,Cook,0,25,None,None,3,N,No,(UNK),202501402386,None,5,8.73999977,Y,E,170,F,(UNK),277917,(N/A),(UNK),No Defects,1,4,InterState,1,290,X004057749,Not Toll,73,13,4,Divided With Median Barrier,3,2945649.67823351,1904752.11560276,41.87160733,-87.78352952,On Scene,Urban,1,N,(N/A),Y,(N/A)
2025,2025-11-24,Monday,4,04:40 AM,Property Damage,No Injuries,0,0,0,0,0,2,Sideswipe Same Direction,12,N,N,Improper Overtaking/Passing,Failing to Reduce Speed to Avoid Crash,Darkness / Lighted Road,Clear,Dry,N,(N/A),Harlem,(N/A),900,No Controls,No Controls,N,2,41.8967976,-87.8053425,ok,(UNK),None,25-03744,2025,0,4,28,50000andOVER,9,4295,Oak Park,C,(UNK),None,16,24,13358921,11,Cook,0,25,None,None,1,N,No,Free Flow,202501402481,None,5,18.48999977,Y,,,,(UNK),277986,(N/A),(UNK),No Defects,1,1,Other Principal Arterial,3,348,X004057834,Not Toll,73,1,1,Divided - w/median (not raised),2,2939457.29893178,1913764.80579682,41.89678974,-87.80533671,On Scene,Urban,1,N,(N/A),Y,(N/A)
2025,2025-11-30,Sunday,8,08:45 AM,Property Damage,No Injuries,0,0,0,0,0,2,Other Object,7,N,N,Weather,Driving Skills/Knowledge/Experience,Daylight,Freezing Rain or Freezing Drizzle,Ice,N,(N/A),I-290 Eastbound,(N/A),,Other,Functioning Properly,N,1,41.8709535,-87.7744593,ok,Partial Access Control,None,03-25-32328,2025,0,11,15,50000andOVER,9,4295,Oak Park,C,(UNK),None,16,30,13359832,11,Cook,0,25,None,None,7,N,No,(UNK),202501403116,None,1,9.19999981,Y,W,54,F,(UNK),278609,(N/A),(UNK),No Defects,1,4,InterState,1,290,X004058448,Not Toll,73,13,4,Not Divided,1,2948128.47759719,1904579.79394861,41.87094567,-87.77445354,Not on Scene (Desk R,Urban,10,N,(N/A),Y,(N/A)
2025,2025-11-25,Tuesday,22,10:54 PM,Property Damage,No Injuries,0,0,0,0,0,2,Front to Rear,11,N,N,Following Too Closely,Driving Skills/Knowledge/Experience,Darkness / Lighted Road,Rain,Wet,N,(N/A),Harlem,(N/A),1200,Traffic Signal,Functioning Properly,N,2,41.8650278,-87.8042165,ok,(UNK),None,25-03763,2025,0,3,15,50000andOVER,9,4295,Oak Park,C,(UNK),None,16,25,13359929,11,Cook,0,25,None,None,2,N,No,Free Flow,202501403205,None,5,20.69000053,Y,,,,(UNK),278684,(N/A),(UNK),No Defects,1,2,Other Principal Arterial,3,348,X004058538,Not Toll,52,3,4,Divided - w/median (not raised),2,2940082.74739134,1902195.77583074,41.86501999,-87.80421068,On Scene,Urban,2,N,(N/A),Y,(N/A)
2025,2025-12-08,Monday,12,12:58 PM,Injury,B Injury Crash,2,0,0,2,0,0,Angle,15,N,N,Failing to Reduce Speed to Avoid Crash,(N/A),Daylight,Clear,Dry,Y,Erie,N Harlem Ave,Erie/N Harlem Ave,,Stop Sign,Functioning Properly,N,2,41.8918284,-87.8051508,ok,(UNK),None,2506765,2025,0,28,99,50000andOVER,9,4295,Oak Park,C,(UNK),None,16,8,13361079,12,Cook,2,25,BUILDING,None,1,N,Yes,Free Flow,202501404260,None,1,18.82999992,Y,,,,(UNK),279433,(N/A),(UNK),No Defects,1,1,Other Principal Arterial,3,348,X004059583,Not Toll,73,2,4,Four Way,14,2939559.35807109,1911955.38867334,41.89182059,-87.80514502,On Scene,Urban,1,N,(N/A),Y,(N/A)
2025,2025-12-06,Saturday,17,05:23 PM,Property Damage,No Injuries,0,0,0,0,0,2,Front to Rear,11,N,N,Following Too Closely,Failing to Reduce Speed to Avoid Crash,Darkness / Lighted Road,Clear,Dry,Y,Harle,Garfield St,Garfield St/Harlem,,Traffic Signal,Functioning Properly,Y,2,41.8723066,-87.8044658,ok,(UNK),None,2506727,2025,0,3,28,50000andOVER,9,4295,Oak Park,C,(UNK),None,16,6,13362057,12,Cook,0,25,None,None,6,N,No,Stopped,202501405131,None,5,20.18000031,Y,E,5,F,(UNK),280067,(N/A),(UNK),No Defects,1,1,Other Principal Arterial,3,348,X004060445,Not Toll,73,3,4,Four Way,14,2939941.80974475,1904846.40503777,41.87229872,-87.80445997,Not on Scene (Desk R,Urban,1,N,(N/A),Y,(N/A)
2025,2025-12-07,Sunday,0,00:14 AM,Property Damage,No Injuries,0,0,0,0,0,6,Front to Rear,11,N,N,Failing to Reduce Speed to Avoid Crash,Driving Skills/Knowledge/Experience,Darkness / Lighted Road,Snow,Snow or Slush,Y,Roose,S Austin Blvd,Roosevelt Rd/S Austin Blvd,,Traffic Signal,Functioning Properly,N,6,41.8654676,-87.7741343,ok,(UNK),None,2506730,2025,0,28,15,50000andOVER,9,4295,Oak Park,C,(UNK),None,16,7,13362058,12,Cook,0,25,None,None,7,N,Yes,Free Flow,202501405132,None,5,7.55000019,Y,N,30,F,(UNK),280068,(N/A),(UNK),No Defects,1,3,Other Principal Arterial,3,347,X004060446,Not Toll,56,3,4,Divided - w/median (not raised),2,2948272.76957909,1902583.10801342,41.86545979,-87.77412846,On Scene,Urban,3,N,(N/A),Y,(N/A)
2025,2025-12-07,Sunday,11,11:12 AM,Property Damage,No Injuries,0,0,0,0,0,4,Turning,10,N,N,Failing to Yield Right of Way,(N/A),Daylight,Snow,Snow or Slush,Y,290,Harlem,290/Harlem,,Traffic Signal,Functioning Properly,N,2,41.8736473,-87.8045259,ok,Partial Access Control,None,2506735,2025,0,2,99,50000andOVER,9,4295,Oak Park,C,(UNK),None,16,7,13362059,12,Cook,0,25,None,None,7,N,No,Free Flow,202501405133,None,1,0.20999999,Y,,,,(UNK),280069,(N/A),(UNK),No Defects,1,3,InterState,1,290,X004060447,Not Toll,73,3,4,Other,8,2939911.96560601,1905334.52196112,41.87363941,-87.80452015,On Scene,Urban,3,N,(N/A),Y,(N/A)
2025,2025-12-07,Sunday,16,04:13 PM,Property Damage,No Injuries,0,0,0,0,0,1,Parked Motor Vehicle,9,N,N,Failing to Reduce Speed to Avoid Crash,Unable to Determine,Daylight,Clear,Snow or Slush,N,(N/A),Madison St,(N/A),108,No Controls,Functioning Properly,Y,2,41.88004,-87.77832,ok,(UNK),None,2506741,2025,0,28,18,50000andOVER,9,4295,Oak Park,C,(UNK),None,16,7,13362061,12,Cook,0,25,None,None,7,N,No,Free Flow,202501405135,None,1,0,N,,,,(UNK),280071,(N/A),(UNK),No Defects,1,3,Local Road or Street,7,0,X004060449,Not Toll,,1,4,One-Way,10,2946984.7247151,1907861.78030516,41.88004,-87.77832,On Scene,Urban,1,N,(N/A),Y,(N/A)
2025,2025-12-08,Monday,12,12:42 PM,Property Damage,No Injuries,0,0,0,0,0,2,Front to Rear,11,N,N,Following Too Closely,(N/A),Daylight,Clear,Dry,N,(N/A),Washington Blvd,(N/A),,No Controls,No Controls,N,2,41.8814,-87.80237,ok,(UNK),None,2506764,2025,0,3,99,50000andOVER,9,4295,Oak Park,C,(UNK),None,16,8,13362065,12,Cook,0,25,None,None,1,N,No,Slow,202501405139,None,1,0,N,W,50,F,(UNK),280073,(N/A),(UNK),No Defects,1,1,Major Collector,5,0,X004060453,Not Toll,,1,1,Not Divided,1,2940421.30507512,1908175.9387353,41.8814,-87.80237,On Scene,Urban,1,N,(N/A),Y,(N/A)