crash_year,crash_date,day_of_week,crash_hour,time_of_crash,crash_severity,crash_injury_severity,total_injured,total_fatals,a_injuries,b_injuries,c_injuries,no_injuries,type_of_first_crash,collision_type_code,pedestrian_involved,pedalcyclist_involved,cause1,cause2,lighting_cond,weather_cond,road_surface_cond,intersection_related,is_intersection,highway_or_street_name,at_intersection_with,address_no,traffic_control_device,traffic_control_device_cond,hit_and_run,number_of_vehicles,latitude,longitude,location_status,access_control,agency_code,agency_report_number,agency_report_year,alignment_code,cause1_code,cause2_code,city_class,city_class_code,city_code,city_name,city_township_flag,class_of_trafficway,class_of_trafficway_code,county_code,crash_day,crash_id,crash_month,crash_report_county,crash_severity_cd,crash_yr_source,damaged_property1,damaged_property2,day_of_week_code,did_crash_occur_in_work_zone,did_involve_secondary_crash,flow_condition,icn,investigating_agency_descrip,light_condition_code,mile_station,nhs,non_intersection_direction,non_intersection_distance,non_intersection_units,number_of_lanes,objectid,railroad_crossing_number,road_alignment,road_defects,road_defects_code,road_surface_condition_code,roadway_functional_class,roadway_functional_class_code,route_number,sfe,toll,township,traffic_control_device_code,traffic_control_device_cond_code,trafficway_descrip,trafficway_description_code,ts_crash_coordinate_x,ts_crash_coordinate_y,ts_crash_latitude,ts_crash_longitude,type_report,urban_rural,weather_code,were_workers_present,work_zone,work_zone_related,work_zone_type
2025,2025-12-05,Friday,16,04:52 PM,Property Damage,No Injuries,0,0,0,0,0,2,Parked Motor Vehicle,9,N,N,Improper Lane Usage,Improper Lane Usage,Darkness,Clear,Dry,Y,Lake,N Harvey Ave,Lake St/N Harvey Ave,,Traffic Signal,Functioning Properly,N,2,41.88819,-87.78108,ok,(UNK),None,2506715,2025,0,20,20,50000andOVER,9,4295,Oak Park,C,(UNK),None,16,5,13362066,12,Cook,0,25,None,None,5,N,No,Free Flow,202501405140,None,4,0,N,,,,(UNK),280074,(N/A),(UNK),No Defects,1,1,Major Collector,5,0,X004060454,Not Toll,,3,4,Not Divided,1,2946150.46074572,1910810.87727461,41.88819,-87.78108,On Scene,Urban,1,N,(N/A),Y,(N/A)
2025,2025-12-04,Thursday,11,11:33 AM,Property Damage,No Injuries,0,0,0,0,0,2,Front to Rear,11,N,N,Following Too Closely,(N/A),Daylight,Clear,Dry,N,(N/A),N Harlem Ave,(N/A),,No Controls,No Controls,Y,2,41.9016962,-87.8055312,ok,(UNK),None,2501469,2025,0,3,99,50000andOVER,9,4295,Oak Park,C,(UNK),None,16,4,13362076,12,Cook,0,25,None,None,4,N,No,Free Flow,202501405145,None,1,18.14999962,Y,N,50,F,(UNK),280076,(N/A),(UNK),No Defects,1,1,Other Principal Arterial,3,348,X004060459,Not Toll,73,1,1,Not Divided,1,2939356.77215571,1915548.53988323,41.90168836,-87.80552538,On Scene,Urban,1,N,(N/A),Y,(N/A)
2025,2025-12-08,Monday,7,07:09 AM,Property Damage,No Injuries,0,0,0,0,0,2,Turning,10,N,N,Failing to Yield Right of Way,(N/A),Daylight,Clear,Snow or Slush,Y,N Har,Chicago Ave,Chicago Ave/N Harlem Ave,,Traffic Signal,Functioning Properly,N,2,41.8942275,-87.8052258,ok,(UNK),None,2501486,2025,0,2,99,50000andOVER,9,4295,Oak Park,C,(UNK),None,16,8,13362084,12,Cook,0,25,None,None,1,N,No,Free Flow,202501405153,None,1,18.67000008,Y,,,,(UNK),280079,(N/A),(UNK),No Defects,1,3,Other Principal Arterial,3,348,X004060467,Not Toll,73,3,4,Not Divided,1,2939514.86741098,1912829.10491102,41.89421969,-87.80521999,On Scene,Urban,1,N,(N/A),Y,(N/A)
2025,2025-12-10,Wednesday,4,04:35 AM,Injury,A Injury Crash,1,0,1,0,0,1,Pedestrian,1,Y,N,Disregarding Road Markings,(N/A),Darkness / Lighted Road,Rain,Wet,N,(N/A),Harlem Ave,(N/A),1000,No Controls,No Controls,N,1,41.8981835,-87.8053949,ok,(UNK),None,25-04012,2025,0,26,99,50000andOVER,9,4295,Oak Park,C,(UNK),None,16,10,13362092,12,Cook,3,25,None,None,3,N,No,Free Flow,202501405161,None,5,18.38999939,Y,,,,(UNK),280085,(N/A),(UNK),No Defects,1,2,Other Principal Arterial,3,348,X004060475,Not Toll,73,1,1,Divided - w/median (not raised),2,2939429.1289941,1914269.45149115,41.89817562,-87.80538909,On Scene,Urban,2,N,(N/A),Y,(N/A)
2025,2025-12-10,Wednesday,10,10:06 AM,Injury,C Injury Crash,1,0,0,0,1,2,Angle,15,N,N,Failing to Yield Right of Way,Failing to Reduce Speed to Avoid Crash,Daylight,Clear,Wet,Y,(UNK),Franklin St,(UNK)/Franklin St,7200,No Controls,No Controls,N,2,41.8854023,-87.8049145,ok,(UNK),None,25-04015,2025,0,2,28,50000andOVER,9,4295,Oak Park,C,(UNK),None,16,10,13362805,12,Cook,1,25,None,None,3,N,No,Slow,202501405874,None,1,19.28000069,Y,,,,(UNK),280530,(N/A),(UNK),No Defects,1,2,Other Principal Arterial,3,348,X004061144,Not Toll,73,1,1,Divided - w/median (not raised),2,2939688.18150822,1909615.34328259,41.88539441,-87.80490874,On Scene,Urban,1,N,(N/A),Y,(N/A)
2025,2025-12-05,Friday,15,03:05 PM,Property Damage,No Injuries,0,0,0,0,0,2,Parked Motor Vehicle,9,N,N,Improper Lane Usage,Failing to Reduce Speed to Avoid Crash,Daylight,Cloudy/Overcast,Snow or Slush,N,(N/A),N Scoville Ave,(N/A),,Stop Sign,Functioning Properly,N,2,41.89164,-87.78809,ok,(UNK),None,2506714,2025,0,20,28,50000andOVER,9,4295,Oak Park,C,(UNK),None,16,5,13362899,12,Cook,0,25,None,None,5,N,No,Slow,202501405971,None,1,0,N,N,75,F,(UNK),280603,(N/A),(UNK),No Defects,1,3,Local Road or Street,7,0,X004061235,Not Toll,,2,4,Not Divided,1,2944206.73510357,1912015.10430926,41.89164,-87.78809,On Scene,Urban,8,N,(N/A),Y,(N/A)
2025,2025-12-08,Monday,21,09:18 PM,Injury,C Injury Crash,1,0,0,0,1,3,Front to Rear,11,N,N,Failing to Reduce Speed to Avoid Crash,(N/A),Darkness / Lighted Road,Clear,Dry,Y,Madis,S Oak Park Ave,Madison St/S Oak Park Ave,,Traffic Signal,Unknown,N,2,41.87975,-87.79422,ok,(UNK),None,2506777,2025,0,28,99,50000andOVER,9,4295,Oak Park,C,(UNK),None,16,8,13363090,12,Cook,1,25,None,None,1,N,No,Free Flow,202501406149,None,5,0,N,,,,(UNK),280717,(N/A),(UNK),No Defects,1,1,Minor Arterial,4,0,X004061404,Not Toll,,3,9,Not Divided,1,2942657.45214168,1907635.93221684,41.87975,-87.79422,Not on Scene (Desk R,Urban,1,N,(N/A),Y,(N/A)
2025,2025-12-09,Tuesday,9,09:04 AM,Property Damage,No Injuries,0,0,0,0,0,4,Fixed Object,6,N,N,Failing to Reduce Speed to Avoid Crash,Unable to Determine,Daylight,Clear,Snow or Slush,N,(N/A),Lake St,(N/A),,No Controls,No Controls,Y,1,41.88804,-87.77655,ok,(UNK),None,2506781,2025,0,28,18,50000andOVER,9,4295,Oak Park,C,(UNK),None,16,9,13363098,12,Cook,0,25,STOP SIGN,None,2,N,No,Free Flow,202501406155,None,1,0,N,,,,(UNK),280722,(N/A),(UNK),No Defects,1,3,Major Collector,5,0,X004061411,Not Toll,,1,1,Not Divided,1,2947385.52499975,1910790.5590343,41.88804,-87.77655,On Scene,Urban,1,N,(N/A),Y,(N/A)
2025,2025-12-09,Tuesday,15,03:28 PM,Property Damage,No Injuries,0,0,0,0,0,2,Angle,15,N,N,Unable to Determine,Unable to Determine,Daylight,Cloudy/Overcast,Dry,Y,N Euc,Chicago Ave,Chicago Ave/N Euclid Ave,,Stop Sign,Functioning Properly,N,2,41.89439,-87.79286,ok,(UNK),None,2506789,2025,0,18,18,50000andOVER,9,4295,Oak Park,C,(UNK),None,16,9,13363106,12,Cook,0,25,None,None,2,N,No,Free Flow,202501406162,None,1,0,N,,,,(UNK),280726,(N/A),(UNK),No Defects,1,1,Minor Arterial,4,0,X004061418,Not Toll,,2,4,Four Way,14,2942880.17176034,1912981.26867293,41.89439,-87.79286,On Scene,Urban,8,N,(N/A),Y,(N/A)
2025,2025-12-09,Tuesday,16,04:31 PM,Property Damage,No Injuries,0,0,0,0,0,3,Front to Rear,11,N,N,Failing to Reduce Speed to Avoid Crash,(N/A),Darkness / Lighted Road,Clear,Wet,N,(N/A),Madison St,(N/A),811,No Controls,No Controls,N,2,41.87971,-87.79495,ok,(UNK),None,2506793,2025,0,28,99,50000andOVER,9,4295,Oak Park,C,(UNK),None,16,9,13363110,12,Cook,0,25,None,None,2,N,No,Stopped,202501406166,None,5,0,N,,,,(UNK),280729,(N/A),(UNK),No Defects,1,2,Minor Arterial,4,0,X004061422,Not Toll,,1,1,Two-way Continuous Left-Turn Lane,4,2942459.04669245,1907615.85769968,41.87971,-87.79495,On Scene,Urban,1,N,(N/A),Y,(N/A)
2025,2025-12-09,Tuesday,18,06:53 PM,Injury,B Injury Crash,2,0,0,2,0,2,Sideswipe Same Direction,12,N,N,Failing to Yield Right of Way,Weather,Darkness / Lighted Road,Rain,Dry,N,(N/A),S Oak Park Ave,(N/A),315,No Controls,No Controls,N,3,41.88271,-87.79431,ok,(UNK),None,2506794,2025,0,2,11,50000andOVER,9,4295,Oak Park,C,(UNK),None,16,9,13363113,12,Cook,2,25,None,None,2,N,Yes,Free Flow,202501406169,None,5,0,N,,,,(UNK),280731,(N/A),(UNK),No Defects,1,1,Major Collector,5,0,X004061425,Not Toll,,1,1,Not Divided,1,2942603.10775218,1908713.93257361,41.88271,-87.79431,On Scene,Urban,2,N,(N/A),Y,(N/A)
2025,2025-12-09,Tuesday,19,07:05 PM,Property Damage,No Injuries,0,0,0,0,0,2,Angle,15,N,N,Disregarding Stop Sign,Failing to Reduce Speed to Avoid Crash,Darkness / Lighted Road,Rain,Wet,Y,Ontar,N Marion St,N Marion St/Ontario St,,Stop Sign,Functioning Properly,N,2,41.89056,-87.80275,ok,(UNK),None,2506796,2025,0,23,28,50000andOVER,9,4295,Oak Park,C,(UNK),None,16,9,13363116,12,Cook,0,25,None,None,2,N,No,Slow,202501406172,None,5,0,N,,,,(UNK),280734,(N/A),(UNK),No Defects,1,2,Local Road or Street,7,0,X004061428,Not Toll,,2,4,Not Divided,1,2940225.81540896,1911511.15846185,41.89056,-87.80275,On Scene,Urban,2,N,(N/A),Y,(N/A)
2025,2025-12-10,Wednesday,6,06:20 AM,Property Damage,No Injuries,0,0,0,0,0,2,Turning,10,N,N,Improper Turning/No Signal,Improper Lane Usage,Dawn,Rain,Wet,Y,Circl,Harlem,Circle/Harlem,,Traffic Signal,Functioning Properly,N,2,41.8865618,-87.8049454,ok,(UNK),None,25-04013,2025,0,6,20,50000andOVER,9,4295,Oak Park,C,(UNK),None,16,10,13363519,12,Cook,0,25,None,None,3,N,No,Slow,202501406549,None,2,19.20000076,Y,,,,(UNK),280999,(N/A),(UNK),No Defects,1,2,Other Principal Arterial,3,348,X004061807,Not Toll,73,3,4,Not Divided,1,2939668.14789215,1910037.68826487,41.886554,-87.80493958,On Scene,Urban,2,N,(N/A),Y,(N/A)
2025,2025-11-29,Saturday,20,08:20 PM,Property Damage,No Injuries,0,0,0,0,0,2,Front to Rear,11,N,N,Failing to Reduce Speed to Avoid Crash,Following Too Closely,Darkness / Lighted Road,Snow,Snow or Slush,N,(N/A),S Harlem Ave,(N/A),,No Controls,No Controls,N,2,41.8722994,-87.8044655,ok,(UNK),None,2506618,2025,0,28,3,50000andOVER,9,4295,Oak Park,C,(UNK),None,16,29,13363555,11,Cook,0,25,None,None,6,N,No,Free Flow,202501406566,None,5,20.18000031,Y,S,55,F,(UNK),281010,(N/A),(UNK),No Defects,1,3,Other Principal Arterial,3,348,X004061824,Not Toll,73,1,1,Divided - w/median (not raised),2,2939941.95573542,1904843.80651512,41.87229159,-87.80445969,On Scene,Urban,3,N,(N/A),Y,(N/A)
2025,2025-12-10,Wednesday,17,05:18 PM,Property Damage,No Injuries,0,0,0,0,0,3,Front to Rear,11,N,N,Failing to Reduce Speed to Avoid Crash,Driving Skills/Knowledge/Experience,Darkness / Lighted Road,Clear,Dry,N,(N/A),S Oak Park Ave,(N/A),329,No Controls,No Controls,N,2,41.8822829,-87.7943358,ok,(UNK),None,2506814,2025,0,28,15,50000andOVER,9,4295,Oak Park,C,(UNK),None,16,10,13364297,12,Cook,0,25,None,None,3,N,No,Stopped,202501407276,None,5,5.96999979,N,,,,(UNK),281535,(N/A),(UNK),No Defects,1,1,Major Collector,5,2775,X004062515,Not Toll,73,1,1,Not Divided,1,2942600.38688749,1908558.07801206,41.88227501,-87.79433,On Scene,Urban,1,N,(N/A),Y,(N/A)
2025,2025-12-09,Tuesday,7,07:00 AM,Property Damage,No Injuries,0,0,0,0,0,3,Front to Rear,11,N,N,Following Too Closely,Failing to Reduce Speed to Avoid Crash,Daylight,Clear,Dry,N,(N/A),I-290Wb,(N/A),,Other,Functioning Properly,N,3,41.8721947,-87.7872152,ok,Partial Access Control,None,03-25-33036,2025,0,3,28,50000andOVER,9,4295,Oak Park,C,(UNK),None,16,9,13365172,12,Cook,0,25,None,None,2,N,No,(UNK),202501408119,None,1,8.52999973,Y,E,500,F,(UNK),282159,(N/A),(UNK),No Defects,1,1,InterState,1,290,X004063341,Not Toll,73,13,4,Divided With Median Barrier,3,2944641.5,1904935.5,41.8721869,-87.78720945,On Scene,Urban,1,N,(N/A),Y,(N/A)
2025,2025-12-10,Wednesday,15,03:58 PM,Property Damage,No Injuries,0,0,0,0,0,2,Front to Rear,11,N,N,Failing to Reduce Speed to Avoid Crash,Following Too Closely,Daylight,Clear,Snow or Slush,Y,Lake,N Oak Park Ave,Lake St/N Oak Park Ave,,Traffic Signal,Functioning Properly,N,2,41.8886494,-87.7945158,ok,(UNK),None,2506810,2025,0,28,3,50000andOVER,9,4295,Oak Park,C,(UNK),None,16,10,13365386,12,Cook,0,25,None,None,3,N,No,Free Flow,202501408309,None,1,0.34999999,N,,,,(UNK),282303,(N/A),(UNK),No Defects,1,3,Major Collector,5,1405,X004063530,Not Toll,73,3,4,Divided - w/median (not raised),2,2942487.18782917,1910876.82322414,41.88864159,-87.79451004,On Scene,Urban,1,N,(N/A),Y,(N/A)
2025,2025-12-07,Sunday,9,09:53 AM,Property Damage,No Injuries,0,0,0,0,0,2,Turning,10,N,N,Failing to Reduce Speed to Avoid Crash,Following Too Closely,Daylight,Snow,Snow or Slush,N,(N/A),N Harlem Ave,(N/A),727,No Controls,No Controls,N,2,41.8927407,-87.8051775,ok,(UNK),None,2506733,2025,0,28,3,50000andOVER,9,4295,Oak Park,C,(UNK),None,16,7,13365387,12,Cook,0,25,None,None,7,N,No,Free Flow,202501408310,None,1,18.77000046,Y,,,,(UNK),282304,(N/A),(UNK),No Defects,1,3,Other Principal Arterial,3,348,X004063531,Not Toll,73,1,1,Parking Lot,7,2939542.92665216,1912287.62009293,41.89273281,-87.80517174,On Scene,Urban,3,N,(N/A),Y,(N/A)
2025,2025-12-11,Thursday,12,12:35 PM,Property Damage,No Injuries,0,0,0,0,0,2,Parked Motor Vehicle,9,N,N,Failing to Reduce Speed to Avoid Crash,Improper Turning/No Signal,Daylight,Clear,Dry,N,(N/A),Lake St,(N/A),246,No Controls,No Controls,N,2,41.88821,-87.78229,ok,(UNK),None,2506826,2025,0,28,6,50000andOVER,9,4295,Oak Park,C,(UNK),None,16,11,13365570,12,Cook,0,25,None,None,4,N,No,Free Flow,202501408463,None,1,0,N,,,,(UNK),282414,(N/A),(UNK),No Defects,1,1,Major Collector,5,0,X004063685,Not Toll,,1,1,Not Divided,1,2945820.7693498,1910809.00296241,41.88821,-87.78229,On Scene,Urban,1,N,(N/A),Y,(N/A)
2025,2025-12-13,Saturday,22,10:12 PM,Property Damage,No Injuries,0,0,0,0,0,1,Other Object,7,N,N,Improper Backing,Failing to Reduce Speed to Avoid Crash,Darkness / Lighted Road,Clear,Dry,N,(N/A),N Humphrey Ave,(N/A),915,No Controls,No Controls,Y,2,41.9022513,-87.7765986,ok,(UNK),None,2506875,2025,0,30,28,50000andOVER,9,4295,Oak Park,C,(UNK),None,16,13,13367721,12,Cook,0,25,None,None,6,N,No,Slow,202501410468,None,5,0,N,,,,(UNK),283906,(N/A),(UNK),No Defects,1,1,Local Road or Street,7,0,X004065590,Not Toll,73,1,1,Not Divided,1,2947227.94449348,1915969.04901943,41.9022434,-87.77659281,On Scene,Urban,1,N,(N/A),Y,(N/A)
2025,2025-12-14,Sunday,11,11:30 AM,Injury,B Injury Crash,1,0,0,1,0,3,Angle,15,N,N,Disregarding Traffic Signals,Failing to Reduce Speed to Avoid Crash,Daylight,Clear,Dry,Y,Madis,Home Ave,Home Ave/Madison St,,Traffic Signal,Functioning Properly,N,3,41.87966,-87.79984,ok,(UNK),None,2506879,2025,0,25,28,50000andOVER,9,4295,Oak Park,C,(UNK),None,16,14,13369179,12,Cook,2,25,None,None,7,N,Yes,Free Flow,202501411859,None,1,0,N,,,,(UNK),284903,(N/A),(UNK),No Defects,1,1,Minor Arterial,4,0,X004066957,Not Toll,,3,4,Four Way,14,2941127.80439003,1907560.85283834,41.87966,-87.79984,On Scene,Urban,1,N,(N/A),Y,(N/A)
2025,2025-12-12,Friday,8,08:03 AM,Injury,A Injury Crash,1,0,1,0,0,1,Pedestrian,1,Y,N,Failing to Yield Right of Way,Failing to Reduce Speed to Avoid Crash,Daylight,Clear,Dry,Y,Van B,S Ridgeland Ave,S Ridgeland Ave/Van Buren St,,Pedestrian Crossing Sign,Functioning Properly,N,1,41.87444,-87.78424,ok,(UNK),None,2506838,2025,0,2,28,50000andOVER,9,4295,Oak Park,C,(UNK),None,16,12,13369261,12,Cook,3,25,None,None,5,N,No,Free Flow,202501411933,None,1,0,N,,,,(UNK),284952,(N/A),(UNK),No Defects,1,1,Major Collector,5,0,X004067032,Not Toll,,17,4,Divided - w/median (not raised),2,2945429.15288535,1905776.20193309,41.87444,-87.78424,On Scene,Urban,1,N,(N/A),Y,(N/A)
2025,2025-12-12,Friday,8,08:59 AM,Property Damage,No Injuries,0,0,0,0,0,3,Angle,15,N,N,Failing to Reduce Speed to Avoid Crash,Failing to Reduce Speed to Avoid Crash,Daylight,Clear,Dry,N,(N/A),S Austin Blvd,(N/A),,No Controls,No Controls,N,2,41.8689096,-87.7742478,ok,(UNK),None,2506839,2025,0,28,28,50000andOVER,9,4295,Oak Park,C,(UNK),None,16,12,13369262,12,Cook,0,25,None,None,5,N,No,Free Flow,202501411934,None,1,8.47999954,N,S,15,F,(UNK),284953,(N/A),(UNK),No Defects,1,1,Minor Arterial,4,2790,X004067033,Not Toll,,1,1,Not Divided,1,2948206.85587082,1903836.57663557,41.8689018,-87.77424204,On Scene,Urban,1,N,(N/A),Y,(N/A)
2025,2025-12-12,Friday,9,09:53 AM,Property Damage,No Injuries,0,0,0,0,0,1,Parked Motor Vehicle,9,N,N,Improper Lane Usage,Failing to Reduce Speed to Avoid Crash,Daylight,Clear,Dry,N,(N/A),S East Ave,(N/A),1161,No Controls,No Controls,N,2,41.86663,-87.78896,ok,(UNK),None,2506840,2025,0,20,28,50000andOVER,9,4295,Oak Park,C,(UNK),None,16,12,13369280,12,Cook,0,25,None,None,5,N,No,Free Flow,202501411949,None,1,0,N,,,,(UNK),284968,(N/A),(UNK),No Defects,1,1,Minor Collector,6,0,X004067049,Not Toll,,1,1,Divided - w/median (not raised),2,2944222.47676452,1902894.43153422,41.86663,-87.78896,On Scene,Urban,1,N,(N/A),Y,(N/A)
2025,2025-12-12,Friday,19,07:53 PM,Property Damage,No Injuries,0,0,0,0,0,3,Sideswipe Same Direction,12,N,N,Driving Skills/Knowledge/Experience,(N/A),Darkness / Lighted Road,Clear,Dry,N,(N/A),S Kenilworth,(N/A),420,No Controls,No Controls,Y,2,41.89362,-87.79761,ok,(UNK),None,2506854,2025,0,15,99,50000andOVER,9,4295,Oak Park,C,(UNK),None,16,12,13369288,12,Cook,0,25,None,None,5,N,No,Free Flow,202501411956,None,5,0,N,,,,(UNK),284972,(N/A),(UNK),No Defects,1,1,Local Road or Street,7,0,X004067056,Not Toll,,1,1,Not Divided,1,2941594.60276673,1912664.90064244,41.89362,-87.79761,On Scene,Urban,1,N,(N/A),Y,(N/A)
2025,2025-12-13,Saturday,9,09:47 AM,Property Damage,No Injuries,0,0,0,0,0,2,Front to Rear,11,N,N,Following Too Closely,Failing to Reduce Speed to Avoid Crash,Daylight,Cloudy/Overcast,Dry,N,(N/A),Harlem Ave,(N/A),,Traffic Signal,Functioning Properly,N,2,41.8790754,-87.8047078,ok,(UNK),None,2506860,2025,0,3,28,50000andOVER,9,4295,Oak Park,C,(UNK),None,16,13,13369298,12,Cook,0,25,None,None,6,N,No,Stopped,202501411964,None,1,19.71999931,Y,S,200,F,(UNK),284978,(N/A),(UNK),No Defects,1,1,Other Principal Arterial,3,348,X004067064,Not Toll,73,3,4,Divided - w/median (not raised),2,2939807.97570465,1907311.27816755,41.87906757,-87.80470198,On Scene,Urban,8,N,(N/A),Y,(N/A)
2025,2025-12-09,Tuesday,17,05:10 PM,Property Damage,No Injuries,0,0,0,0,0,2,Sideswipe Same Direction,12,N,N,Failing to Reduce Speed to Avoid Crash,(N/A),Daylight,Clear,Dry,N,(N/A),N Harlem Ave,(N/A),,Traffic Signal,Functioning Properly,Y,2,41.8884317,-87.8050201,ok,(UNK),None,2506867,2025,0,28,99,50000andOVER,9,4295,Oak Park,C,(UNK),None,16,9,13369310,12,Cook,0,25,None,None,2,N,No,Free Flow,202501411974,None,1,19.06999969,Y,S,50,F,(UNK),284985,(N/A),(UNK),No Defects,1,1,Other Principal Arterial,3,348,X004067074,Not Toll,73,3,4,Not Divided,1,2939629.05158738,1910718.53263199,41.88842384,-87.80501425,Not on Scene (Desk R,Urban,1,N,(N/A),Y,(N/A)
2025,2025-12-13,Saturday,18,06:27 PM,Property Damage,No Injuries,0,0,0,0,0,2,Front to Rear,11,N,N,Following Too Closely,Failing to Reduce Speed to Avoid Crash,Darkness,Clear,Dry,N,(N/A),Chicago Ave,(N/A),,Traffic Signal,Functioning Properly,N,2,41.89469,-87.77676,ok,(UNK),None,2506871,2025,0,3,28,50000andOVER,9,4295,Oak Park,C,(UNK),None,16,13,13369353,12,Cook,0,25,None,None,6,N,No,Slow,202501412017,None,4,4.03999996,N,E,30,F,(UNK),285005,(N/A),(UNK),No Defects,1,1,Minor Arterial,4,1398,X004067116,Not Toll,,3,4,Divided - w/median (not raised),2,2947260.80576442,1913212.35429248,41.89469,-87.77676,On Scene,Urban,1,N,(N/A),Y,(N/A)
2025,2025-12-13,Saturday,17,05:50 PM,Property Damage,No Injuries,0,0,0,0,0,2,Pedalcyclist,2,N,Y,Failing to Yield Right of Way,(N/A),Darkness / Lighted Road,Clear,Dry,Y,Rando,Home Ave,Home Ave/Randolph St,,No Controls,No Controls,Y,1,41.88331,-87.79996,ok,(UNK),None,2506873,2025,0,2,99,50000andOVER,9,4295,Oak Park,C,(UNK),None,16,13,13369355,12,Cook,0,25,None,None,6,N,No,Free Flow,202501412019,None,5,0,N,,,,(UNK),285006,(N/A),(UNK),No Defects,1,1,Local Road or Street,7,0,X004067118,Not Toll,,1,1,Not Divided,1,2941058.4228156,1908890.077479,41.88331,-87.79996,Not on Scene (Desk R,Urban,1,N,(N/A),Y,(N/A)
2025,2025-12-14,Sunday,14,02:52 PM,Injury,C Injury Crash,1,0,0,0,1,1,Sideswipe Same Direction,12,N,N,Failing to Yield Right of Way,Improper Lane Usage,Daylight,Clear,Dry,N,(N/A),S East Ave,(N/A),,No Controls,No Controls,N,2,41.87983,-87.78933,ok,(UNK),None,2506881,2025,0,2,20,50000andOVER,9,4295,Oak Park,C,(UNK),None,16,14,13369408,12,Cook,1,25,None,None,7,N,No,Free Flow,202501412070,None,1,0.61000001,N,N,100,F,(UNK),285033,(N/A),(UNK),No Defects,1,1,Minor Arterial,4,2779,X004067166,Not Toll,,1,1,Not Divided,1,2943988.38897407,1907701.95702122,41.87983,-87.78933,On Scene,Urban,1,N,(N/A),Y,(N/A)
2025,2025-12-14,Sunday,19,07:27 PM,Property Damage,No Injuries,0,0,0,0,0,2,Parked Motor Vehicle,9,N,N,Improper Lane Usage,Failing to Reduce Speed to Avoid Crash,Darkness / Lighted Road,Clear,Dry,N,(N/A),N Lombard Ave,(N/A),728,No Controls,No Controls,Y,2,41.89951,-87.78012,ok,(UNK),None,2506886,2025,0,20,28,50000andOVER,9,4295,Oak Park,C,(UNK),None,16,14,13369428,12,Cook,0,25,None,None,7,N,No,Free Flow,202501412091,None,5,0,N,,,,(UNK),285044,(N/A),(UNK),No Defects,1,1,Local Road or Street,7,0,X004067186,Not Toll,,1,1,Not Divided,1,2946297.06763014,1914943.37784807,41.89951,-87.78012,On Scene,Urban,1,N,(N/A),Y,(N/A)
2025,2025-12-12,Friday,19,07:29 PM,Property Damage,No Injuries,0,0,0,0,0,3,Rear to Front,18,N,N,Improper Backing,Failing to Reduce Speed to Avoid Crash,Darkness / Lighted Road,Clear,Dry,Y,N Oak,Augusta St,Augusta St/N Oak Park Ave,,Traffic Signal,Functioning Properly,N,2,41.89803,-87.79477,ok,(UNK),None,2506853,2025,0,30,28,50000andOVER,9,4295,Oak Park,C,(UNK),None,16,12,13369448,12,Cook,0,25,None,None,5,N,No,Slow,202501412111,None,5,0,N,,,,(UNK),285061,(N/A),(UNK),No Defects,1,1,Major Collector,5,0,X004067205,Not Toll,,3,4,Not Divided,1,2942323.42944407,1914293.36411926,41.89803,-87.79477,On Scene,Urban,1,N,(N/A),Y,(N/A)
2025,2025-12-15,Monday,6,06:33 AM,Property Damage,No Injuries,0,0,0,0,0,2,Front to Rear,11,N,N,Failing to Reduce Speed to Avoid Crash,Following Too Closely,Daylight,Clear,Dry,Y,N Har,North Ave,N Harlem Ave/North Ave,,Traffic Signal,Functioning Properly,N,2,41.8871082,-87.8049779,ok,(UNK),None,2506891,2025,0,28,3,50000andOVER,9,4295,Oak Park,C,(UNK),None,16,15,13370193,12,Cook,0,25,None,None,1,N,No,Free Flow,202501412783,None,1,19.15999985,Y,,,,(UNK),285558,(N/A),(UNK),No Defects,1,1,Other Principal Arterial,3,348,X004067891,Not Toll,73,3,4,Divided - w/median (not raised),2,2939653.82335231,1910236.54242448,41.88710035,-87.80497205,On Scene,Urban,1,N,(N/A),Y,(N/A)
2025,2025-12-12,Friday,8,08:00 AM,Property Damage,No Injuries,0,0,0,0,0,2,Front to Rear,11,N,N,Failing to Reduce Speed to Avoid Crash,Following Too Closely,Daylight,Clear,Dry,N,(N/A),I290,(N/A),,Other,Functioning Properly,N,2,41.8730445,-87.799765,ok,Partial Access Control,None,03-25-33331,2025,0,28,3,50000andOVER,9,4295,Oak Park,C,(UNK),None,16,12,13370785,12,Cook,0,25,None,None,5,N,No,(UNK),202501413188,None,1,7.92000008,Y,W,164,F,(UNK),285941,(N/A),(UNK),No Defects,1,1,InterState,1,290,X004068287,Not Toll,73,13,4,Two-way Continuous Left-Turn Lane,4,2941214.74514286,1905150.60975983,41.87303666,-87.79975921,On Scene,Urban,1,N,(N/A),Y,(N/A)