crash_year,crash_date,day_of_week,crash_hour,time_of_crash,crash_severity,crash_injury_severity,total_injured,total_fatals,a_injuries,b_injuries,c_injuries,no_injuries,type_of_first_crash,collision_type_code,pedestrian_involved,pedalcyclist_involved,cause1,cause2,lighting_cond,weather_cond,road_surface_cond,intersection_related,is_intersection,highway_or_street_name,at_intersection_with,address_no,traffic_control_device,traffic_control_device_cond,hit_and_run,number_of_vehicles,latitude,longitude,location_status,access_control,agency_code,agency_report_number,agency_report_year,alignment_code,cause1_code,cause2_code,city_class,city_class_code,city_code,city_name,city_township_flag,class_of_trafficway,class_of_trafficway_code,county_code,crash_day,crash_id,crash_month,crash_report_county,crash_severity_cd,crash_yr_source,damaged_property1,damaged_property2,day_of_week_code,did_crash_occur_in_work_zone,did_involve_secondary_crash,flow_condition,icn,investigating_agency_descrip,light_condition_code,mile_station,nhs,non_intersection_direction,non_intersection_distance,non_intersection_units,number_of_lanes,objectid,railroad_crossing_number,road_alignment,road_defects,road_defects_code,road_surface_condition_code,roadway_functional_class,roadway_functional_class_code,route_number,sfe,toll,township,traffic_control_device_code,traffic_control_device_cond_code,trafficway_descrip,trafficway_description_code,ts_crash_coordinate_x,ts_crash_coordinate_y,ts_crash_latitude,ts_crash_longitude,type_report,urban_rural,weather_code,were_workers_present,work_zone,work_zone_related,work_zone_type
2025,2025-12-15,Monday,15,03:30 PM,Injury,B Injury Crash,1,0,0,1,0,1,Angle,15,N,N,Failing to Reduce Speed to Avoid Crash,Failing to Yield Right of Way,Daylight,Clear,Dry,Y,N Lom,Chicago Ave,Chicago Ave/N Lombard Ave,,Stop Sign,Functioning Properly,N,2,41.8946278,-87.779986,ok,(UNK),None,2506909,2025,0,28,2,50000andOVER,9,4295,Oak Park,C,(UNK),None,16,15,13372075,12,Cook,2,25,None,None,1,N,No,Free Flow,202501414396,None,1,1,N,,,,(UNK),286791,(N/A),(UNK),No Defects,1,1,Minor Arterial,4,3559,X004069495,Not Toll,73,2,4,Divided - w/median (not raised),2,2946383.0641032,1913165.24077588,41.89462,-87.77998023,On Scene,Urban,1,N,(N/A),Y,(N/A)
2025,2025-12-15,Monday,15,03:59 PM,Property Damage,No Injuries,0,0,0,0,0,2,Front to Rear,11,N,N,Distraction   Other Electronic Device (Navigation Device / DVD Player / etc.),Failing to Reduce Speed to Avoid Crash,Daylight,Clear,Dry,Y,S Rid,Madison St,Madison St/S Ridgeland Ave,,No Controls,No Controls,N,2,41.8798686,-87.7844347,ok,(UNK),None,2506910,2025,0,43,28,50000andOVER,9,4295,Oak Park,C,(UNK),None,16,15,13372080,12,Cook,0,25,None,None,1,N,No,Stopped,202501414401,None,1,1.51999998,N,W,30,F,(UNK),286793,(N/A),(UNK),No Defects,1,1,Minor Arterial,4,2783,X004069499,Not Toll,73,1,1,Divided - w/median (not raised),2,2945321.17634846,1907753.02662168,41.8798608,-87.78442894,On Scene,Urban,1,N,(N/A),Y,(N/A)
2025,2025-12-15,Monday,12,12:30 PM,Property Damage,No Injuries,0,0,0,0,0,1,Parked Motor Vehicle,9,N,N,Failing to Reduce Speed to Avoid Crash,(N/A),Daylight,Cloudy/Overcast,Dry,N,(N/A),S Oak Park Ave,(N/A),,No Controls,No Controls,Y,2,41.8663354,-87.7937901,ok,(UNK),None,2506904,2025,0,28,99,50000andOVER,9,4295,Oak Park,C,(UNK),None,16,15,13372082,12,Cook,0,25,None,None,1,N,No,Free Flow,202501414402,None,1,7.09000015,N,S,200,F,(UNK),286794,(N/A),(UNK),No Defects,1,1,Major Collector,5,2775,X004069500,Not Toll,73,1,1,Not Divided,1,2942909.74213558,1902750.65992332,41.86632758,-87.79378431,On Scene,Urban,8,N,(N/A),Y,(N/A)
2025,2025-12-16,Tuesday,7,07:55 AM,Injury,B Injury Crash,3,0,0,2,1,2,Angle,15,N,N,Disregarding Traffic Signals,Failing to Reduce Speed to Avoid Crash,Daylight,Clear,Dry,Y,Jacks,S Austin Blvd,Jackson Blvd/S Austin Blvd,,Traffic Signal,Functioning Properly,N,2,41.8763978,-87.7745058,ok,(UNK),None,2506923,2025,0,25,28,50000andOVER,9,4295,Oak Park,C,(UNK),None,16,16,13372710,12,Cook,2,25,None,None,2,N,No,Stopped,202501414951,None,1,7.94000006,N,,,,(UNK),287188,(N/A),(UNK),No Defects,1,1,Minor Arterial,4,2790,X004070038,Not Toll,,3,4,Two-way Continuous Left-Turn Lane,4,2948060.49786875,1906563.45663317,41.87639,-87.7745,On Scene,Urban,1,N,(N/A),Y,(N/A)
2025,2025-12-16,Tuesday,8,08:30 AM,Property Damage,No Injuries,0,0,0,0,0,2,Angle,15,N,N,Failing to Yield Right of Way,Failing to Reduce Speed to Avoid Crash,Daylight,Clear,Dry,Y,S Hum,Jackson Blvd,Jackson Blvd/S Humphrey Ave,,Stop Sign,Functioning Properly,N,2,41.8763822,-87.7757514,ok,(UNK),None,2506925,2025,0,2,28,50000andOVER,9,4295,Oak Park,C,(UNK),None,16,16,13372716,12,Cook,0,25,None,None,2,N,No,Free Flow,202501414956,None,1,0,N,,,,(UNK),287192,(N/A),(UNK),No Defects,1,1,Local Road or Street,7,0,X004070042,Not Toll,73,2,4,Divided With Median Barrier,3,2947721.40700874,1906548.29961095,41.87637436,-87.77574562,On Scene,Urban,1,N,(N/A),Y,(N/A)
2025,2025-12-16,Tuesday,12,12:41 PM,Property Damage,No Injuries,0,0,0,0,0,2,Front to Rear,11,N,N,Following Too Closely,Failing to Reduce Speed to Avoid Crash,Daylight,Clear,Dry,N,(N/A),S Harlem Ave,(N/A),,Traffic Signal,Functioning Properly,N,2,41.8791023,-87.8047091,ok,(UNK),None,2506930,2025,0,3,28,50000andOVER,9,4295,Oak Park,C,(UNK),None,16,16,13372724,12,Cook,0,25,None,None,2,N,No,Stopped,202501414960,None,1,19.71999931,Y,S,150,F,(UNK),287198,(N/A),(UNK),No Defects,1,1,Other Principal Arterial,3,348,X004070046,Not Toll,73,3,4,Two-way Continuous Left-Turn Lane,4,2939807.35882668,1907321.0786281,41.87909449,-87.80470325,On Scene,Urban,1,N,(N/A),Y,(N/A)
2025,2025-12-16,Tuesday,19,07:32 PM,Property Damage,No Injuries,0,0,0,0,0,2,Angle,15,N,N,Failing to Reduce Speed to Avoid Crash,Failing to Yield Right of Way,Darkness / Lighted Road,Clear,Dry,Y,Humph,Harrison,Harrison/Humphrey,,Stop Sign,Functioning Properly,Y,2,41.8727785,-87.7756151,ok,(UNK),None,2506939,2025,0,28,2,50000andOVER,9,4295,Oak Park,C,(UNK),None,16,16,13372734,12,Cook,0,25,None,None,2,N,No,Free Flow,202501414970,None,5,0,N,,,,(UNK),287204,(N/A),(UNK),No Defects,1,1,Local Road or Street,7,0,X004070055,Not Toll,73,2,4,Divided - w/median (not raised),2,2947795.12860184,1905236.06292303,41.87277062,-87.77560933,On Scene,Urban,1,N,(N/A),Y,(N/A)
2025,2025-12-16,Tuesday,19,07:11 PM,Property Damage,No Injuries,0,0,0,0,0,2,Front to Rear,11,N,N,Following Too Closely,Driving Skills/Knowledge/Experience,Darkness / Lighted Road,Clear,Dry,Y,S Rid,Harrison St,Harrison St/S Ridgeland Ave,,Traffic Signal,Functioning Properly,N,2,41.8726273,-87.7842258,ok,(UNK),None,2506940,2025,0,3,15,50000andOVER,9,4295,Oak Park,C,(UNK),None,16,16,13372737,12,Cook,0,25,None,None,2,N,No,Free Flow,202501414973,None,5,0.2,N,N,30,F,(UNK),287207,(N/A),(UNK),No Defects,1,1,Major Collector,5,290,X004070058,Not Toll,73,3,4,Divided - w/median (not raised),2,2945451.37469613,1905115.71699837,41.87261942,-87.78421997,On Scene,Urban,1,N,(N/A),Y,(N/A)
2025,2025-12-16,Tuesday,18,06:56 PM,Property Damage,No Injuries,0,0,0,0,0,2,Front to Rear,11,N,N,Following Too Closely,Driving Skills/Knowledge/Experience,Darkness / Lighted Road,Clear,Dry,Y,N Euc,Chicago Ave,Chicago Ave/N Euclid Ave,,Traffic Signal,Functioning Properly,N,2,41.8944478,-87.7928058,ok,(UNK),None,2506945,2025,0,3,15,50000andOVER,9,4295,Oak Park,C,(UNK),None,16,16,13372756,12,Cook,0,25,None,None,2,N,No,Free Flow,202501414991,None,5,3.20000005,N,,,,(UNK),287222,(N/A),(UNK),No Defects,1,1,Minor Arterial,4,1398,X004070075,Not Toll,73,3,4,Divided - w/median (not raised),2,2942894.35184474,1913002.75796396,41.89444,-87.79279998,Not on Scene (Desk R,Urban,1,N,(N/A),Y,(N/A)
2025,2025-12-17,Wednesday,8,08:42 AM,Property Damage,No Injuries,0,0,0,0,0,2,Angle,15,N,N,Disregarding Stop Sign,Failing to Reduce Speed to Avoid Crash,Daylight,Clear,Snow or Slush,Y,Jacks,S Lombard Ave,Jackson Blvd/S Lombard Ave,,Stop Sign,Functioning Properly,Y,2,41.8763331,-87.7794543,ok,(UNK),None,2506948,2025,0,23,28,50000andOVER,9,4295,Oak Park,C,(UNK),None,16,17,13372768,12,Cook,0,25,None,None,3,N,No,Free Flow,202501414997,None,1,0.81,N,,,,(UNK),287231,(N/A),(UNK),No Defects,1,3,Minor Collector,6,3794,X004070081,Not Toll,73,2,4,Four Way,14,2946713.40710178,1906502.3112889,41.87632524,-87.77944849,On Scene,Urban,1,N,(N/A),Y,(N/A)
2025,2025-12-16,Tuesday,19,07:16 PM,Property Damage,No Injuries,0,0,0,0,0,1,Parked Motor Vehicle,9,N,N,Improper Overtaking/Passing,Unable to Determine,Darkness / Lighted Road,Clear,Dry,N,(N/A),N Scoville Ave,(N/A),201,No Controls,No Controls,N,2,41.8908874,-87.7880316,ok,(UNK),None,2506943,2025,0,4,18,50000andOVER,9,4295,Oak Park,C,(UNK),None,16,16,13373757,12,Cook,0,25,None,None,2,N,No,Free Flow,202501415931,None,5,0,N,,,,(UNK),287876,(N/A),(UNK),No Defects,1,1,Local Road or Street,7,0,X004071005,Not Toll,73,1,1,One-Way,10,2944230.23884023,1911741.29778298,41.89087959,-87.78802582,On Scene,Urban,1,N,(N/A),Y,(N/A)
2025,2025-12-18,Thursday,14,02:48 PM,Property Damage,No Injuries,0,0,0,0,0,2,Angle,15,N,N,Failing to Yield Right of Way,Failing to Reduce Speed to Avoid Crash,Daylight,Cloudy/Overcast,Wet,Y,S Tay,Adams St,Adams St/S Taylor Ave,,Stop Sign,Functioning Properly,N,2,41.8781851,-87.77824,ok,(UNK),None,2506986,2025,0,2,28,50000andOVER,9,4295,Oak Park,C,(UNK),None,16,18,13375280,12,Cook,0,25,None,None,4,N,No,Free Flow,202501417354,None,1,0,N,,,,(UNK),288853,(N/A),(UNK),No Defects,1,2,Local Road or Street,7,0,X004072425,Not Toll,73,2,4,T-Intersection,15,2947025.33663337,1907186.42613135,41.87817725,-87.77823419,On Scene,Urban,8,N,(N/A),Y,(N/A)
2025,2025-12-18,Thursday,8,08:15 AM,Injury,C Injury Crash,1,0,0,0,1,3,Angle,15,N,N,Failing to Yield Right of Way,Unable to Determine,Daylight,Rain,Wet,Y,Washi,S Humphrey Ave,S Humphrey Ave/Washington Blvd,,Stop Sign,Functioning Properly,N,3,41.88207,-87.77632,ok,(UNK),None,2506974,2025,0,2,18,50000andOVER,9,4295,Oak Park,C,(UNK),None,16,18,13375412,12,Cook,1,25,None,None,4,N,No,Free Flow,202501417485,None,1,0,N,,,,(UNK),288927,(N/A),(UNK),No Defects,1,2,Major Collector,5,0,X004072547,Not Toll,,2,4,Four Way,14,2947508.78818049,1908616.72278668,41.88207,-87.77632,On Scene,Urban,2,N,(N/A),Y,(N/A)
2025,2025-12-18,Thursday,16,04:58 PM,Property Damage,No Injuries,0,0,0,0,0,1,Parked Motor Vehicle,9,N,N,Improper Backing,Unable to Determine,Daylight,Clear,Dry,N,(N/A),Washington Blvd,(N/A),27,No Controls,No Controls,Y,2,41.8821033,-87.7759015,ok,(UNK),None,2506992,2025,0,30,18,50000andOVER,9,4295,Oak Park,C,(UNK),None,16,18,13375465,12,Cook,0,25,None,None,4,N,No,Free Flow,202501417497,None,1,1.48000002,N,,,,(UNK),288934,(N/A),(UNK),No Defects,1,1,Major Collector,5,5,X004072559,Not Toll,73,1,1,Parking Lot,7,2947622.43132407,1908632.04633476,41.88209549,-87.77589567,Not on Scene (Desk R,Urban,1,N,(N/A),Y,(N/A)
2025,2025-12-18,Thursday,19,07:37 PM,Property Damage,No Injuries,0,0,0,0,0,1,Fixed Object,6,N,N,Failing to Reduce Speed to Avoid Crash,(N/A),Darkness / Lighted Road,Clear,Dry,N,(N/A),North Blvd,(N/A),720,No Controls,No Controls,N,1,41.88734,-87.79377,ok,(UNK),None,2506998,2025,0,28,99,50000andOVER,9,4295,Oak Park,C,(UNK),None,16,18,13375483,12,Cook,0,25,None,None,4,N,No,Slow,202501417503,None,5,0,N,,,,(UNK),288937,(N/A),(UNK),No Defects,1,1,Local Road or Street,7,0,X004072564,Not Toll,,1,1,Not Divided,1,2942703.48502675,1910405.25828173,41.88734,-87.79377,On Scene,Urban,1,N,(N/A),Y,(N/A)
2025,2025-12-18,Thursday,7,07:38 AM,Injury,C Injury Crash,1,0,0,0,1,3,Front to Rear,11,N,N,Failing to Reduce Speed to Avoid Crash,(N/A),Daylight,Freezing Rain or Freezing Drizzle,Wet,N,(N/A),Roosevelt Rd,(N/A),,No Controls,No Controls,N,2,41.8650699,-87.8012826,ok,(UNK),None,2506973,2025,0,28,99,50000andOVER,9,4295,Oak Park,C,(UNK),None,16,18,13375629,12,Cook,1,25,None,None,4,N,No,Stopped,202501417634,None,1,6.13999987,Y,E,50,F,(UNK),289024,(N/A),(UNK),No Defects,1,2,Other Principal Arterial,3,347,X004072698,Not Toll,52,1,1,Divided - w/median (not raised),2,2940881.51782487,1902233.11871298,41.86506204,-87.80127681,On Scene,Urban,10,N,(N/A),Y,(N/A)
2025,2025-12-18,Thursday,13,01:43 PM,Property Damage,No Injuries,0,0,0,0,0,1,Parked Motor Vehicle,9,N,N,Unable to Determine,Unable to Determine,Daylight,Cloudy/Overcast,Wet,N,(N/A),N Elmwood Ave,(N/A),435,No Controls,No Controls,N,2,41.89431,-87.78654,ok,(UNK),None,2506989,2025,0,18,18,50000andOVER,9,4295,Oak Park,C,(UNK),None,16,18,13375633,12,Cook,0,25,None,None,4,N,No,Free Flow,202501417638,None,1,0,N,,,,(UNK),289026,(N/A),(UNK),No Defects,1,2,Local Road or Street,7,0,X004072702,Not Toll,,1,1,Divided - w/median (not raised),2,2944601.77922005,1912999.81325066,41.89431,-87.78654,On Scene,Urban,8,N,(N/A),Y,(N/A)
2025,2025-12-18,Thursday,17,05:47 PM,Property Damage,No Injuries,0,0,0,0,0,2,Pedestrian,1,Y,N,Unable to Determine,Failing to Reduce Speed to Avoid Crash,Darkness / Lighted Road,Rain,Wet,Y,S Har,Pleasant St,Pleasant St/S Harvey Ave,,Stop Sign,Functioning Properly,N,1,41.88522,-87.78133,ok,(UNK),None,2506994,2025,0,18,28,50000andOVER,9,4295,Oak Park,C,(UNK),None,16,18,13375642,12,Cook,0,25,None,None,4,N,No,Slow,202501417646,None,5,0,N,,,,(UNK),289032,(N/A),(UNK),No Defects,1,2,Local Road or Street,7,0,X004072710,Not Toll,,2,4,Not Divided,1,2946112.48632983,1909726.65935801,41.88522,-87.78133,Not on Scene (Desk R,Urban,2,N,(N/A),Y,(N/A)
2025,2025-12-18,Thursday,21,09:26 PM,Property Damage,No Injuries,0,0,0,0,0,1,Parked Motor Vehicle,9,N,N,Unable to Determine,(N/A),Daylight,Clear,Dry,N,(N/A),Pleasant Pl,(N/A),1025,No Controls,No Controls,Y,2,41.88423,-87.80171,ok,(UNK),None,2507001,2025,0,18,99,50000andOVER,9,4295,Oak Park,C,(UNK),None,16,18,13375643,12,Cook,0,25,None,None,4,N,No,Free Flow,202501417647,None,1,0,N,,,,(UNK),289033,(N/A),(UNK),No Defects,1,1,(UNK),0,0,X004072711,No Toll,,1,1,Not Divided,1,2940572.60971565,1909212.19723364,41.88423,-87.80171,Not on Scene (Desk R,Rural,1,N,(N/A),Y,(N/A)
2025,2025-12-20,Saturday,12,12:49 PM,Injury,B Injury Crash,2,0,0,2,0,5,Angle,15,N,N,Failing to Yield Right of Way,(N/A),Daylight,Clear,Dry,Y,Harle,Jackson Blvd,Harlem Ave/Jackson Blvd,,Traffic Signal,Functioning Properly,N,2,41.8759853,-87.8045958,ok,(UNK),None,25-04122,2025,0,2,99,50000andOVER,9,4295,Oak Park,C,(UNK),None,16,20,13377065,12,Cook,2,25,None,None,6,N,No,Free Flow,202501418975,None,1,19.93000031,Y,,,,(UNK),289939,(N/A),(UNK),No Defects,1,1,Other Principal Arterial,3,348,X004074045,Not Toll,73,3,4,Divided - w/median (not raised),2,2939869.48621587,1906186.02068167,41.87597744,-87.80458998,On Scene,Urban,1,N,(N/A),Y,(N/A)
2025,2025-12-21,Sunday,15,03:40 PM,Property Damage,No Injuries,0,0,0,0,0,2,Sideswipe Same Direction,12,N,N,Improper Overtaking/Passing,Improper Lane Usage,Daylight,Clear,Dry,N,(N/A),I-290,(N/A),,Other Regualtory Sig,Functioning Properly,N,2,41.8732593,-87.7994009,ok,Partial Access Control,None,03-25-34249,2025,0,4,20,50000andOVER,9,4295,Oak Park,C,(UNK),None,16,21,13378777,12,Cook,0,25,None,None,7,N,No,(UNK),202501420455,None,1,320.1499939,Y,W,51,F,(UNK),291159,(N/A),(UNK),No Defects,1,1,InterState,1,5110,X004075426,Not Toll,73,10,4,Divided With Median Barrier,3,2941311.76309044,1905231.63847061,41.8732515,-87.79939508,On Scene,Urban,1,N,(N/A),Y,(N/A)
2025,2025-12-20,Saturday,17,05:10 PM,Property Damage,No Injuries,0,0,0,0,0,6,Front to Rear,11,N,N,Following Too Closely,Failing to Reduce Speed to Avoid Crash,Darkness / Lighted Road,Clear,Dry,N,(N/A),I290,(N/A),,Other Regualtory Sig,Functioning Properly,N,2,41.8719755,-87.7845034,ok,Partial Access Control,None,03-25-34166,2025,0,3,28,50000andOVER,9,4295,Oak Park,C,(UNK),None,16,20,13378852,12,Cook,0,25,None,None,6,N,No,(UNK),202501420529,None,5,8.68999958,Y,W,100,F,(UNK),291227,(N/A),(UNK),No Defects,1,1,InterState,1,290,X004075498,Not Toll,73,10,4,Divided With Median Barrier,3,2945382.35204991,1904876.0828877,41.87196761,-87.7844976,On Scene,Urban,1,N,(N/A),Y,(N/A)
2025,2025-12-19,Friday,7,07:34 AM,Property Damage,No Injuries,0,0,0,0,0,3,Front to Rear,11,N,N,Failing to Reduce Speed to Avoid Crash,(N/A),Dawn,Clear,Dry,N,(N/A),S Harlem Ave,(N/A),,No Controls,No Controls,N,4,41.8671032,-87.8042828,ok,(UNK),None,2507005,2025,0,28,99,50000andOVER,9,4295,Oak Park,C,(UNK),None,16,19,13379449,12,Cook,0,25,None,None,5,N,No,Stopped,202501421121,None,2,20.54999924,Y,N,60,F,(UNK),291663,(N/A),(UNK),No Defects,1,1,Other Principal Arterial,3,348,X004076075,Not Toll,73,1,1,Not Divided,1,2940043.85105572,1902951.57017753,41.86709533,-87.80427702,On Scene,Urban,1,N,(N/A),Y,(N/A)
2025,2025-12-19,Friday,8,08:54 AM,Property Damage,No Injuries,0,0,0,0,0,3,Front to Rear,11,N,N,Following Too Closely,Failing to Reduce Speed to Avoid Crash,Daylight,Clear,Dry,N,(N/A),S Oak Park Ave,(N/A),616,No Controls,No Controls,N,2,41.87728,-87.79421,ok,(UNK),None,2507006,2025,0,3,28,50000andOVER,9,4295,Oak Park,C,(UNK),None,16,19,13379450,12,Cook,0,25,None,None,5,N,No,Stopped,202501421122,None,1,0,N,,,,(UNK),291664,(N/A),(UNK),No Defects,1,1,Major Collector,5,0,X004076076,Not Toll,,1,1,Divided - w/median (not raised),2,2942685.07032878,1906735.89461175,41.87728,-87.79421,On Scene,Urban,1,N,(N/A),Y,(N/A)
2025,2025-12-19,Friday,16,04:12 PM,Property Damage,No Injuries,0,0,0,0,0,2,Angle,15,N,N,Failing to Yield Right of Way,Failing to Reduce Speed to Avoid Crash,Daylight,Clear,Dry,N,(N/A),Lombard Ave,(N/A),,No Controls,No Controls,Y,2,41.88191,-87.77959,ok,(UNK),None,2507019,2025,0,2,28,50000andOVER,9,4295,Oak Park,C,(UNK),None,16,19,13379455,12,Cook,0,25,None,None,5,N,No,Free Flow,202501421127,None,1,1.29999995,N,S,150,F,(UNK),291666,(N/A),(UNK),No Defects,1,1,Major Collector,5,5,X004076081,Not Toll,,1,1,Not Divided,1,2946619.88886642,1908533.61559359,41.88191,-87.77959,On Scene,Urban,1,N,(N/A),Y,(N/A)
2025,2025-12-19,Friday,16,04:48 PM,Property Damage,No Injuries,0,0,0,0,0,3,Turning,10,N,N,Failing to Reduce Speed to Avoid Crash,Following Too Closely,Darkness,Clear,Dry,Y,Pleas,Home Ave,Home Ave/Pleasant St,,Other Regualtory Sig,Functioning Properly,N,2,41.88573,-87.80006,ok,(UNK),None,2507020,2025,0,28,3,50000andOVER,9,4295,Oak Park,C,(UNK),None,16,19,13379457,12,Cook,0,25,None,None,5,N,No,Free Flow,202501421129,None,4,0,N,,,,(UNK),291667,(N/A),(UNK),No Defects,1,1,Local Road or Street,7,0,X004076083,Not Toll,,10,4,T-Intersection,15,2941006.85682033,1909771.21844964,41.88573,-87.80006,On Scene,Urban,1,N,(N/A),Y,(N/A)
2025,2025-12-20,Saturday,0,00:34 AM,Property Damage,No Injuries,0,0,0,0,0,2,Front to Rear,11,N,N,Failing to Reduce Speed to Avoid Crash,Driving Skills/Knowledge/Experience,Darkness / Lighted Road,Clear,Dry,Y,Rando,N Harlem Ave,N Harlem Ave/Randolph St,,Traffic Signal,Functioning Properly,Y,2,41.8832444,-87.8048557,ok,(UNK),None,2507029,2025,0,28,15,50000andOVER,9,4295,Oak Park,C,(UNK),None,16,20,13379468,12,Cook,0,25,None,None,6,N,No,Stopped,202501421142,None,5,19.43000031,Y,,,,(UNK),291676,(N/A),(UNK),No Defects,1,1,Other Principal Arterial,3,348,X004076094,Not Toll,73,3,4,Not Divided,1,2939725.8673091,1908829.40905492,41.88323652,-87.80484987,Not on Scene (Desk R,Urban,1,N,(N/A),Y,(N/A)
2025,2025-12-21,Sunday,13,01:33 PM,Property Damage,No Injuries,0,0,0,0,0,4,Sideswipe Same Direction,12,N,N,Failing to Yield Right of Way,Failing to Reduce Speed to Avoid Crash,Daylight,Clear,Dry,Y,Madis,N Austin Blvd,Madison St/N Austin Blvd,,Traffic Signal,Functioning Properly,N,2,41.8800136,-87.7746572,ok,(UNK),None,2507058,2025,0,2,28,50000andOVER,9,4295,Oak Park,C,(UNK),None,16,21,13379500,12,Cook,0,25,None,None,7,N,No,Free Flow,202501421175,None,1,7.65999985,N,,,,(UNK),291701,(N/A),(UNK),No Defects,1,1,Minor Arterial,4,2790,X004076125,Not Toll,,3,4,Divided - w/median (not raised),2,2947982.52974756,1907879.94329185,41.88000572,-87.77465137,Not on Scene (Desk R,Urban,1,N,(N/A),Y,(N/A)
2025,2025-12-20,Saturday,14,02:48 PM,Injury,C Injury Crash,2,0,0,0,2,1,Turning,10,N,N,Failing to Reduce Speed to Avoid Crash,Failing to Yield Right of Way,Daylight,Clear,Dry,N,(N/A),N Austin Blvd,(N/A),,No Controls,No Controls,N,2,41.8946421,-87.7751516,ok,(UNK),None,2507044,2025,0,28,2,50000andOVER,9,4295,Oak Park,C,(UNK),None,16,20,13380624,12,Cook,1,25,None,None,6,N,No,Free Flow,202501422135,None,1,6.67000008,N,S,40,F,(UNK),292372,(N/A),(UNK),No Defects,1,1,Minor Arterial,4,2790,X004077075,Not Toll,,1,1,Divided - w/median (not raised),2,2947699.22773941,1913207.09578371,41.89463422,-87.77514579,On Scene,Urban,1,N,(N/A),Y,(N/A)
2025,2025-12-22,Monday,17,05:45 PM,Property Damage,No Injuries,0,0,0,0,0,3,Turning,10,N,N,Failing to Yield Right of Way,Failing to Reduce Speed to Avoid Crash,Darkness / Lighted Road,Clear,Dry,Y,Rando,N Harlem Ave,N Harlem Ave/Randolph St,,Traffic Signal,Functioning Properly,N,2,41.8832467,-87.8048558,ok,(UNK),None,2507085,2025,0,2,28,50000andOVER,9,4295,Oak Park,C,(UNK),None,16,22,13380625,12,Cook,0,25,None,None,1,N,No,Free Flow,202501422136,None,5,19.43000031,Y,,,,(UNK),292373,(N/A),(UNK),No Defects,1,1,Other Principal Arterial,3,348,X004077076,Not Toll,73,3,4,Four Way,14,2939725.81969301,1908830.26388244,41.88323887,-87.80484996,On Scene,Urban,1,N,(N/A),Y,(N/A)
2025,2025-12-22,Monday,17,05:40 PM,Property Damage,No Injuries,0,0,0,0,0,2,Front to Front,14,N,N,Failing to Yield Right of Way,Improper Lane Usage,Daylight,Clear,Dry,Y,N Har,Randolph St,N Harlem Ave/Randolph St,,Traffic Signal,Functioning Properly,N,2,41.8832481,-87.8048558,ok,(UNK),None,2507086,2025,0,2,20,50000andOVER,9,4295,Oak Park,C,(UNK),None,16,22,13380628,12,Cook,0,25,None,None,1,N,No,Free Flow,202501422139,None,1,19.43000031,Y,,,,(UNK),292376,(N/A),(UNK),No Defects,1,1,Other Principal Arterial,3,348,X004077079,Not Toll,73,3,4,Not Divided,1,2939725.79343236,1908830.75505711,41.88324021,-87.80485,On Scene,Urban,1,N,(N/A),Y,(N/A)
2025,2025-12-22,Monday,17,05:22 PM,Property Damage,No Injuries,0,0,0,0,0,1,Parked Motor Vehicle,9,N,N,Failing to Reduce Speed to Avoid Crash,(N/A),Darkness / Lighted Road,Clear,Dry,N,(N/A),S Oak Park Ave,(N/A),1040,No Controls,No Controls,N,2,41.8688485,-87.7938768,ok,(UNK),None,2507087,2025,0,28,99,50000andOVER,9,4295,Oak Park,C,(UNK),None,16,22,13380630,12,Cook,0,25,None,None,1,N,No,Slow,202501422141,None,5,6.90999985,N,,,,(UNK),292378,(N/A),(UNK),No Defects,1,1,Major Collector,5,2775,X004077081,Not Toll,73,1,1,Not Divided,1,2942860.80649815,1903665.80158778,41.86884062,-87.79387098,Not on Scene (Desk R,Urban,1,N,(N/A),Y,(N/A)
2025,2025-12-22,Monday,15,03:27 PM,Property Damage,No Injuries,0,0,0,0,0,2,Front to Rear,11,N,N,Following Too Closely,Failing to Reduce Speed to Avoid Crash,Daylight,Clear,Dry,N,(N/A),I-290,(N/A),,Other Regualtory Sig,Functioning Properly,N,2,41.8712684,-87.7749856,ok,Partial Access Control,None,03-25-34317,2025,0,3,28,50000andOVER,9,4295,Oak Park,C,(UNK),None,16,22,13381339,12,Cook,0,25,None,None,1,N,No,(UNK),202501422806,None,1,9.17000008,Y,W,200,F,(UNK),292832,(N/A),(UNK),No Defects,1,1,InterState,1,290,X004077745,Not Toll,73,10,4,Divided With Median Barrier,3,2947981.92575805,1904690.56100594,41.87126059,-87.77497984,On Scene,Urban,1,N,(N/A),Y,(N/A)
2025,2025-12-22,Monday,4,04:53 AM,Injury,B Injury Crash,1,0,0,1,0,2,Front to Rear,11,N,N,Distraction - From Inside Vehicle,(N/A),Darkness / Lighted Road,Clear,Dry,Y,East,Roosevelt Rd,East Ave/Roosevelt Rd,,Traffic Signal,Functioning Properly,N,2,41.8652479,-87.7888537,ok,(UNK),None,2507065,2025,0,41,99,50000andOVER,9,4295,Oak Park,C,(UNK),None,16,22,13381821,12,Cook,2,25,None,None,1,N,No,Free Flow,202501423265,None,5,6.78000021,Y,E,10,F,(UNK),293167,(N/A),(UNK),No Defects,1,1,Other Principal Arterial,3,347,X004078202,Not Toll,52,3,4,Not Divided,1,2944265.38696174,1902391.56652269,41.86524004,-87.78884792,On Scene,Urban,1,N,(N/A),Y,(N/A)