crash_year,crash_date,day_of_week,crash_hour,time_of_crash,crash_severity,crash_injury_severity,total_injured,total_fatals,a_injuries,b_injuries,c_injuries,no_injuries,type_of_first_crash,collision_type_code,pedestrian_involved,pedalcyclist_involved,cause1,cause2,lighting_cond,weather_cond,road_surface_cond,intersection_related,is_intersection,highway_or_street_name,at_intersection_with,address_no,traffic_control_device,traffic_control_device_cond,hit_and_run,number_of_vehicles,latitude,longitude,location_status,access_control,agency_code,agency_report_number,agency_report_year,alignment_code,cause1_code,cause2_code,city_class,city_class_code,city_code,city_name,city_township_flag,class_of_trafficway,class_of_trafficway_code,county_code,crash_day,crash_id,crash_month,crash_report_county,crash_severity_cd,crash_yr_source,damaged_property1,damaged_property2,day_of_week_code,did_crash_occur_in_work_zone,did_involve_secondary_crash,flow_condition,icn,investigating_agency_descrip,light_condition_code,mile_station,nhs,non_intersection_direction,non_intersection_distance,non_intersection_units,number_of_lanes,objectid,railroad_crossing_number,road_alignment,road_defects,road_defects_code,road_surface_condition_code,roadway_functional_class,roadway_functional_class_code,route_number,sfe,toll,township,traffic_control_device_code,traffic_control_device_cond_code,trafficway_descrip,trafficway_description_code,ts_crash_coordinate_x,ts_crash_coordinate_y,ts_crash_latitude,ts_crash_longitude,type_report,urban_rural,weather_code,were_workers_present,work_zone,work_zone_related,work_zone_type
2025,2025-12-23,Tuesday,16,04:46 PM,Property Damage,No Injuries,0,0,0,0,0,6,Front to Rear,11,N,N,Failing to Reduce Speed to Avoid Crash,Unable to Determine,Darkness / Lighted Road,Clear,Dry,Y,Cuyle,Madison St,Cuyler Ave/Madison St,,No Controls,No Controls,N,5,41.8800276,-87.7832361,ok,(UNK),None,2507101,2025,0,28,18,50000andOVER,9,4295,Oak Park,C,(UNK),None,16,23,13381949,12,Cook,0,25,None,None,2,N,Yes,Slow,202501423362,None,5,4.17999983,N,,,,(UNK),293231,(N/A),(UNK),No Defects,1,1,Minor Arterial,4,1419,X004078299,Not Toll,73,1,1,Not Divided,1,2945645.99395609,1907820.00493563,41.88001971,-87.78323034,On Scene,Urban,1,N,(N/A),Y,(N/A)
2025,2025-12-23,Tuesday,16,04:19 PM,Injury,C Injury Crash,1,0,0,0,1,3,Front to Rear,11,N,N,Failing to Reduce Speed to Avoid Crash,(N/A),Darkness / Lighted Road,Clear,Dry,Y,N Rid,Chicago Ave,Chicago Ave/N Ridgeland Ave,,Traffic Signal,Functioning Properly,N,3,41.8945678,-87.7848659,ok,(UNK),None,2507104,2025,0,28,99,50000andOVER,9,4295,Oak Park,C,(UNK),None,16,23,13381950,12,Cook,1,25,None,None,2,N,No,Free Flow,202501423363,None,5,0.5,N,,,,(UNK),293232,(N/A),(UNK),No Defects,1,1,Minor Arterial,4,2783,X004078300,Not Toll,73,3,4,Not Divided,1,2945054.98354308,1913106.43286795,41.89456,-87.78486013,Not on Scene (Desk R,Urban,1,N,(N/A),Y,(N/A)
2025,2025-12-24,Wednesday,1,01:11 AM,Property Damage,No Injuries,0,0,0,0,0,3,Front to Rear,11,N,N,Following Too Closely,Failing to Reduce Speed to Avoid Crash,Darkness / Lighted Road,Clear,Dry,N,(N/A),S Harlem Ave,(N/A),,Traffic Signal,Functioning Properly,N,2,41.8733533,-87.8045128,ok,(UNK),None,2507108,2025,0,3,28,50000andOVER,9,4295,Oak Park,C,(UNK),None,16,24,13381952,12,Cook,0,25,None,None,3,N,No,Slow,202501423364,None,5,20.11000061,Y,,,,(UNK),293233,(N/A),(UNK),No Defects,1,1,Other Principal Arterial,3,348,X004078301,Not Toll,73,3,4,Two-way Continuous Left-Turn Lane,4,2939918.48772267,1905227.50476168,41.87334547,-87.80450703,On Scene,Urban,1,N,(N/A),Y,(N/A)
2025,2025-12-24,Wednesday,8,08:58 AM,Injury,B Injury Crash,1,0,0,1,0,1,Turning,10,N,N,Failing to Yield Right of Way,Failing to Reduce Speed to Avoid Crash,Daylight,Cloudy/Overcast,Dry,Y,Grove,Roosevelt Rd,Grove Ave/Roosevelt Rd,,No Controls,No Controls,N,2,41.8651585,-87.7950833,ok,(UNK),None,2507113,2025,0,2,28,50000andOVER,9,4295,Oak Park,C,(UNK),None,16,24,13383378,12,Cook,2,25,None,None,3,N,No,Free Flow,202501424743,None,1,6.44999981,Y,,,,(UNK),294199,(N/A),(UNK),No Defects,1,1,Other Principal Arterial,3,347,X004079663,Not Toll,52,1,1,Not Divided,1,2942569.33533987,1902312.02218808,41.86515064,-87.7950775,On Scene,Urban,8,N,(N/A),Y,(N/A)
2025,2025-12-24,Wednesday,18,06:16 PM,Injury,B Injury Crash,1,0,0,1,0,3,Parked Motor Vehicle,9,N,N,Failing to Reduce Speed to Avoid Crash,Had Been Drinking,Daylight,Clear,Dry,N,(N/A),N Oak Park Ave,(N/A),,No Controls,No Controls,N,3,41.89154,-87.79464,ok,(UNK),None,2507122,2025,0,28,19,50000andOVER,9,4295,Oak Park,C,(UNK),None,16,24,13383382,12,Cook,2,25,None,None,3,N,Yes,Free Flow,202501424747,None,1,0,N,N,100,F,(UNK),294203,(N/A),(UNK),No Defects,1,1,Major Collector,5,0,X004079667,Not Toll,,1,1,Divided - w/median (not raised),2,2942424.24437557,1911929.26364949,41.89154,-87.79464,On Scene,Urban,1,N,(N/A),Y,(N/A)
2025,2025-12-25,Thursday,14,02:00 PM,Property Damage,No Injuries,0,0,0,0,0,3,Front to Rear,11,N,N,Failing to Reduce Speed to Avoid Crash,Distraction - From Outside Vehicle,Daylight,Clear,Dry,Y,Jacks,S Harlem Ave,Jackson Blvd/S Harlem Ave,,Traffic Signal,Functioning Properly,N,3,41.8759835,-87.8045957,ok,(UNK),None,2507131,2025,0,28,40,50000andOVER,9,4295,Oak Park,C,(UNK),None,16,25,13383385,12,Cook,0,25,None,None,4,N,Yes,Free Flow,202501424749,None,1,19.93000031,Y,,,,(UNK),294205,(N/A),(UNK),No Defects,1,1,Other Principal Arterial,3,348,X004079670,Not Toll,73,3,4,Divided - w/median (not raised),2,2939869.51956033,1906185.35311418,41.87597561,-87.80458992,On Scene,Urban,1,N,(N/A),Y,(N/A)
2025,2025-12-23,Tuesday,8,08:47 AM,Property Damage,No Injuries,0,0,0,0,0,2,Front to Rear,11,N,N,Following Too Closely,Failing to Reduce Speed to Avoid Crash,Daylight,Clear,Dry,Y,(UNK),Harlem Ave,(UNK)/Harlem Ave,1200,Traffic Signal,Functioning Properly,Y,2,41.9015717,-87.8055263,ok,(UNK),None,25-04152,2025,0,3,28,50000andOVER,9,4295,Oak Park,C,(UNK),None,16,23,13383954,12,Cook,0,25,None,None,2,N,No,Slow,202501425280,None,1,18.15999985,Y,,,,(UNK),294583,(N/A),(UNK),No Defects,1,1,Other Principal Arterial,3,348,X004080201,Not Toll,73,3,4,Divided - w/median (not raised),2,2939359.33956392,1915503.20773619,41.90156386,-87.80552054,On Scene,Urban,1,N,(N/A),Y,(N/A)
2025,2025-12-16,Tuesday,16,04:55 PM,Injury,B Injury Crash,1,0,0,1,0,1,Pedestrian,1,Y,N,Failing to Yield Right of Way,Failing to Reduce Speed to Avoid Crash,Darkness,Clear,Dry,Y,N Oak,North Blvd,N Oak Park Ave/North Blvd,,Traffic Signal,Functioning Properly,N,1,41.8873109,-87.7944759,ok,(UNK),None,2506934,2025,0,2,28,50000andOVER,9,4295,Oak Park,C,(UNK),None,16,16,13384162,12,Cook,2,25,None,None,2,N,No,Slow,202501425481,None,4,5.61999989,N,,,,(UNK),294733,(N/A),(UNK),No Defects,1,1,Major Collector,5,2775,X004080402,Not Toll,73,3,4,Two-way Continuous Left-Turn Lane,4,2942511.55765471,1910389.35289516,41.8873031,-87.79447009,On Scene,Urban,1,N,(N/A),Y,(N/A)
2025,2025-12-24,Wednesday,17,05:22 PM,Property Damage,No Injuries,0,0,0,0,0,2,Front to Rear,11,N,N,Following Too Closely,Failing to Reduce Speed to Avoid Crash,Darkness / Lighted Road,Clear,Dry,N,(N/A),I-290,(N/A),,Other Regualtory Sig,Functioning Properly,Y,2,41.8737586,-87.80434,ok,Partial Access Control,None,03-25-34516,2025,0,3,28,50000andOVER,9,4295,Oak Park,C,(UNK),None,16,24,13385003,12,Cook,0,25,None,None,3,N,No,(UNK),202501426291,None,5,7.71000004,Y,E,55,F,(UNK),295334,(N/A),(UNK),No Defects,1,1,InterState,1,290,X004081214,Not Toll,73,10,4,Divided With Median Barrier,3,2939961.5,1905376.5,41.87375077,-87.80433418,On Scene,Urban,1,N,(N/A),Y,(N/A)
2025,2025-12-20,Saturday,14,02:50 PM,Property Damage,No Injuries,0,0,0,0,0,2,Sideswipe Same Direction,12,N,N,Improper Overtaking/Passing,Failing to Reduce Speed to Avoid Crash,Daylight,Clear,Dry,N,(N/A),I-290 W/B,(N/A),,Other,Functioning Properly,N,2,41.8737354,-87.804079,ok,Partial Access Control,None,03-25-34159,2025,0,4,28,50000andOVER,9,4295,Oak Park,C,(UNK),None,16,20,13385645,12,Cook,0,25,None,None,6,N,No,(UNK),202501426889,None,1,7.71999979,Y,W,122,F,(UNK),295772,(N/A),(UNK),No Defects,1,1,InterState,1,290,X004081814,Not Toll,73,13,4,Divided With Median Barrier,3,2940032.82352941,1905370.0026738,41.87372757,-87.80407317,On Scene,Urban,1,N,(N/A),Y,(N/A)
2025,2025-12-27,Saturday,11,11:17 AM,Property Damage,No Injuries,0,0,0,0,0,2,Angle,15,N,N,Failing to Yield Right of Way,Failing to Reduce Speed to Avoid Crash,Daylight,Clear,Dry,N,(N/A),Harlem Ave,(N/A),,Traffic Signal,Functioning Properly,Y,2,41.9085824,-87.8057716,ok,(UNK),None,2507177,2025,0,2,28,50000andOVER,9,4295,Oak Park,C,(UNK),None,16,27,13385888,12,Cook,0,25,None,None,6,N,No,Slow,202501427104,None,1,17.67000008,Y,S,20,F,(UNK),295903,(N/A),(UNK),No Defects,1,1,Other Principal Arterial,3,348,X004082022,Not Toll,73,3,4,Not Divided,1,2939222.21930883,1918056.20386168,41.90857457,-87.80576579,Not on Scene (Desk R,Urban,1,N,(N/A),Y,(N/A)
2025,2025-12-27,Saturday,18,06:16 PM,Injury,C Injury Crash,1,0,0,0,1,3,Front to Rear,11,N,N,Failing to Reduce Speed to Avoid Crash,(N/A),Darkness / Lighted Road,Clear,Dry,N,(N/A),N Ridgeland Ave,(N/A),,No Controls,No Controls,N,3,41.89308,-87.78488,ok,(UNK),None,2507161,2025,0,28,99,50000andOVER,9,4295,Oak Park,C,(UNK),None,16,27,13386030,12,Cook,1,25,None,None,6,N,No,Stopped,202501427246,None,5,0,N,S,20,F,(UNK),296009,(N/A),(UNK),No Defects,1,1,Major Collector,5,0,X004082159,Not Toll,,1,1,Not Divided,1,2945066.21127782,1912564.12691739,41.89308,-87.78488,On Scene,Urban,1,N,(N/A),Y,(N/A)
2025,2025-12-27,Saturday,17,05:11 PM,Property Damage,No Injuries,0,0,0,0,0,4,Angle,15,N,N,Failing to Yield Right of Way,Unable to Determine,Darkness / Lighted Road,Clear,Dry,Y,Lake,N Lombard Ave,Lake St/N Lombard Ave,,Stop Sign,Functioning Properly,N,2,41.88816,-87.77985,ok,(UNK),None,2507158,2025,0,2,18,50000andOVER,9,4295,Oak Park,C,(UNK),None,16,27,13386033,12,Cook,0,25,None,None,6,N,No,Free Flow,202501427249,None,5,0,N,,,,(UNK),296011,(N/A),(UNK),No Defects,1,1,Major Collector,5,0,X004082162,Not Toll,,2,4,Four Way,14,2946485.69989575,1910809.26361468,41.88816,-87.77985,On Scene,Urban,1,N,(N/A),Y,(N/A)
2025,2025-12-29,Monday,7,07:39 AM,Property Damage,No Injuries,0,0,0,0,0,1,Overturned,5,N,N,Failing to Reduce Speed to Avoid Crash,Failing to Reduce Speed to Avoid Crash,Daylight,Blowing Snow,Snow or Slush,N,(N/A),North Blvd,(N/A),,No Controls,No Controls,N,1,41.8872272,-87.80076,ok,(UNK),None,2507186,2025,0,28,28,50000andOVER,9,4295,Oak Park,C,(UNK),None,16,29,13386056,12,Cook,0,25,None,None,1,N,No,Free Flow,202501427279,None,1,0.2,N,W,10,F,(UNK),296028,(N/A),(UNK),No Defects,1,3,Major Collector,5,1405,X004082185,Not Toll,73,1,1,Parking Lot,7,2940801.17606455,1910311.56873798,41.88721936,-87.80075423,On Scene,Urban,11,N,(N/A),Y,(N/A)
2025,2025-12-28,Sunday,5,05:12 AM,Property Damage,No Injuries,0,0,0,0,0,2,Fixed Object,6,N,N,Failing to Reduce Speed to Avoid Crash,Driving Skills/Knowledge/Experience,Darkness / Lighted Road,Rain,Wet,Y,S Oak,Garfield St,Garfield St/S Oak Park Ave,,Traffic Signal,Functioning Improperly,N,1,41.8719972,-87.7939858,ok,(UNK),None,2507175,2025,0,28,15,50000andOVER,9,4295,Oak Park,C,(UNK),None,16,28,13386104,12,Cook,0,25,None,None,7,N,No,Free Flow,202501427329,None,5,0,N,,,,(UNK),296065,(N/A),(UNK),No Defects,1,2,Major Collector,5,290,X004082232,Not Toll,73,3,3,Not Divided,1,2942799.38408883,1904812.42924489,41.87198934,-87.79397998,On Scene,Urban,2,N,(N/A),Y,(N/A)
2025,2025-12-28,Sunday,17,05:10 PM,Property Damage,No Injuries,0,0,0,0,0,2,Fixed Object,6,N,N,Failing to Reduce Speed to Avoid Crash,Unable to Determine,Darkness / Lighted Road,Clear,Wet,Y,Ontar,N Austin Blvd,N Austin Blvd/Ontario St,,No Controls,No Controls,N,1,41.8905102,-87.7749956,ok,(UNK),None,2507182,2025,0,28,18,50000andOVER,9,4295,Oak Park,C,(UNK),None,16,28,13387085,12,Cook,0,25,VILLAGE TREE,None,7,N,No,Free Flow,202501428166,None,5,6.94999981,N,,,,(UNK),296686,(N/A),(UNK),No Defects,1,2,Minor Arterial,4,2790,X004083069,Not Toll,,1,1,Not Divided,1,2947783.68129228,1911702.55061989,41.89050236,-87.77498985,On Scene,Urban,1,N,(N/A),Y,(N/A)
2025,2025-12-29,Monday,18,06:53 PM,Property Damage,No Injuries,0,0,0,0,0,3,Angle,15,N,N,Failing to Yield Right of Way,(N/A),Darkness / Lighted Road,Other,Dry,Y,Rando,Home Ave,Home Ave/Randolph St,,Stop Sign,Functioning Properly,N,2,41.8833239,-87.7999844,ok,(UNK),None,2507198,2025,0,2,99,50000andOVER,9,4295,Oak Park,C,(UNK),None,16,29,13387092,12,Cook,0,25,None,None,1,N,No,Free Flow,202501428167,None,5,0,N,,,,(UNK),296687,(N/A),(UNK),No Defects,1,1,Local Road or Street,7,0,X004083070,Not Toll,73,2,4,Not Divided,1,2941051.63533715,1908894.9650079,41.88331607,-87.79997861,On Scene,Urban,7,N,(N/A),Y,(N/A)
2025,2025-12-28,Sunday,17,05:00 PM,Property Damage,No Injuries,0,0,0,0,0,1,Parked Motor Vehicle,9,N,N,Improper Lane Usage,Failing to Reduce Speed to Avoid Crash,Daylight,Cloudy/Overcast,Unknown,N,(N/A),Washington Blvd,(N/A),,Traffic Signal,Functioning Properly,Y,2,41.8820451,-87.7788738,ok,(UNK),None,2507187,2025,0,20,28,50000andOVER,9,4295,Oak Park,C,(UNK),None,16,28,13387639,12,Cook,0,25,None,None,7,N,No,Free Flow,202501428673,None,1,1.34000003,N,E,200,F,(UNK),297014,(N/A),(UNK),No Defects,1,9,Major Collector,5,5,X004083563,Not Toll,73,3,4,Not Divided,1,2946813.55147358,1908588.27168727,41.88203724,-87.77886805,On Scene,Urban,8,N,(N/A),Y,(N/A)
2025,2025-12-24,Wednesday,2,02:44 AM,Property Damage,No Injuries,0,0,0,0,0,2,Sideswipe Same Direction,12,N,N,Improper Overtaking/Passing,Failing to Reduce Speed to Avoid Crash,Darkness / Lighted Road,Clear,Dry,N,(N/A),I290Wb,(N/A),,Other,Functioning Properly,Y,2,41.8737468,-87.8041673,ok,Partial Access Control,None,03-25-34462,2025,0,4,28,50000andOVER,9,4295,Oak Park,C,(UNK),None,16,24,13387725,12,Cook,0,25,None,None,3,N,No,(UNK),202501428755,None,5,7.71999979,Y,E,100,F,(UNK),297067,(N/A),(UNK),No Defects,1,1,InterState,1,290,X004083644,Not Toll,73,13,4,Divided With Median Barrier,3,2940008.65559151,1905373.49869833,41.87373898,-87.80416148,Not on Scene (Desk R,Urban,1,N,(N/A),Y,(N/A)
2025,2025-12-25,Thursday,11,11:38 AM,Property Damage,No Injuries,0,0,0,0,0,2,Sideswipe Same Direction,12,N,N,Improper Overtaking/Passing,Failing to Reduce Speed to Avoid Crash,Darkness / Lighted Road,Clear,Dry,N,(N/A),N Ridgeland Ave,(N/A),,No Controls,No Controls,Y,2,41.9091651,-87.7832511,ok,(UNK),None,2507128,2025,0,4,28,50000andOVER,9,4295,Oak Park,C,(UNK),None,16,25,13388301,12,Cook,0,25,None,None,4,N,No,Slow,202501429285,None,5,7.07999992,Y,E,50,F,(UNK),297445,(N/A),(UNK),No Defects,1,1,Other Principal Arterial,3,307,X004084173,Not Toll,73,1,1,Not Divided,1,2945346.80311457,1918438.18060012,41.90915726,-87.78324526,Not on Scene (Desk R,Urban,1,N,(N/A),Y,(N/A)
2025,2025-12-30,Tuesday,10,10:10 AM,Injury,B Injury Crash,1,0,0,1,0,1,Turning,10,N,N,Failing to Reduce Speed to Avoid Crash,(N/A),Daylight,Clear,Dry,Y,Oak P,Madison St,Madison St/Oak Park,,Traffic Signal,Functioning Properly,N,2,41.8798221,-87.7937302,ok,(UNK),None,2507206,2025,0,28,99,50000andOVER,9,4295,Oak Park,C,(UNK),None,16,30,13388302,12,Cook,2,25,None,None,2,N,No,Slow,202501429286,None,1,6.15999985,N,E,150,F,(UNK),297446,(N/A),(UNK),No Defects,1,1,Minor Arterial,4,2775,X004084174,Not Toll,73,3,4,Not Divided,1,2942790.10925744,1907665.8831477,41.87981422,-87.79372443,On Scene,Urban,1,N,(N/A),Y,(N/A)
2025,2025-12-05,Friday,5,05:43 AM,Property Damage,No Injuries,0,0,0,0,0,2,Front to Rear,11,N,N,Following Too Closely,Unable to Determine,Darkness / Lighted Road,Clear,Dry,N,(N/A),Harlem,(N/A),500,No Controls,No Controls,Y,2,41.8774273,-87.804643,ok,(UNK),None,25-03913,2025,0,3,18,50000andOVER,9,4295,Oak Park,C,(UNK),None,16,5,13388714,12,Cook,0,25,None,None,5,N,No,Free Flow,202501429694,None,5,19.82999992,Y,,,,(UNK),297700,(N/A),(UNK),No Defects,1,1,Other Principal Arterial,3,348,X004084557,Not Toll,73,1,1,Divided - w/median (not raised),2,2939842.15075507,1906711.15054117,41.87741943,-87.80463722,Not on Scene (Desk R,Urban,1,N,(N/A),Y,(N/A)
2025,2025-11-30,Sunday,5,05:12 AM,Property Damage,No Injuries,0,0,0,0,0,2,Other Object,7,N,N,Failing to Reduce Speed to Avoid Crash,Unable to Determine,Darkness / Lighted Road,Snow,Snow or Slush,N,(N/A),S Harlem Ave,(N/A),,No Controls,No Controls,N,1,41.8666032,-87.804266,ok,(UNK),None,2506622,2025,0,28,18,50000andOVER,9,4295,Oak Park,C,(UNK),None,16,30,13388844,11,Cook,0,25,CHAIN LINK FENCE,None,7,N,No,Free Flow,202501429853,None,5,20.57999992,Y,S,100,F,(UNK),297799,(N/A),(UNK),No Defects,1,3,Other Principal Arterial,3,348,X004084681,Not Toll,73,1,1,Divided - w/median (not raised),2,2940053.45401511,1902769.49754687,41.86659536,-87.80426019,On Scene,Urban,3,N,(N/A),Y,(N/A)
2025,2025-12-26,Friday,6,06:30 AM,Property Damage,No Injuries,0,0,0,0,0,2,Turning,10,N,N,Improper Lane Usage,Failing to Reduce Speed to Avoid Crash,Daylight,Rain,Wet,N,(N/A),I-290 W/B,(N/A),,Other,No Controls,N,2,41.8713379,-87.7761096,ok,Partial Access Control,None,03-25-34586,2025,0,20,28,50000andOVER,9,4295,Oak Park,C,(UNK),None,16,26,13389252,12,Cook,0,25,None,None,5,N,No,(UNK),202501430344,None,1,9.11999989,Y,W,.1,M,(UNK),298109,(N/A),(UNK),No Defects,1,2,InterState,1,290,X004085078,Not Toll,73,13,1,Divided - w/median (not raised),2,2947675.07940621,1904707.34644193,41.87133007,-87.7761038,On Scene,Urban,2,N,(N/A),Y,(N/A)
2025,2025-12-30,Tuesday,17,05:54 PM,Injury,B Injury Crash,1,0,0,1,0,2,Angle,15,N,N,Failing to Yield Right of Way,Failing to Reduce Speed to Avoid Crash,Darkness,Clear,Dry,Y,N Rid,Thomas St,N Ridgeland Ave/Thomas St,,Stop Sign,Functioning Properly,N,2,41.89985,-87.78506,ok,(UNK),None,2507217,2025,0,2,28,50000andOVER,9,4295,Oak Park,C,(UNK),None,16,30,13389443,12,Cook,2,25,None,None,2,N,No,Free Flow,202501430487,None,4,0.14,N,,,,(UNK),298207,(N/A),(UNK),No Defects,1,1,Major Collector,5,2783,X004085262,Not Toll,,2,4,Divided - w/median (not raised),2,2944948.67867354,1915029.88507616,41.89985,-87.78506,On Scene,Urban,1,N,(N/A),Y,(N/A)
2025,2025-12-19,Friday,14,02:25 PM,Property Damage,No Injuries,0,0,0,0,0,2,Front to Rear,11,N,N,Following Too Closely,Failing to Reduce Speed to Avoid Crash,Daylight,Clear,Dry,N,(N/A),I-290 W/B,(N/A),,No Controls,No Controls,N,2,41.8735969,-87.8025299,ok,Partial Access Control,None,03-25-34048,2025,0,3,28,50000andOVER,9,4295,Oak Park,C,(UNK),None,16,19,13390227,12,Cook,0,25,None,None,5,N,No,(UNK),202501431012,None,1,7.78999996,Y,E,.1,M,(UNK),298569,(N/A),(UNK),No Defects,1,1,InterState,1,290,X004085993,Not Toll,73,1,1,Divided With Median Barrier,3,2940456.13366033,1905331.16423032,41.8735891,-87.80252408,On Scene,Urban,1,N,(N/A),Y,(N/A)
2025,2025-12-28,Sunday,3,03:00 AM,Property Damage,No Injuries,0,0,0,0,0,2,Front to Rear,11,N,N,Failing to Reduce Speed to Avoid Crash,Following Too Closely,Darkness / Lighted Road,Rain,Wet,Y,Harle,Ramp From I-290 E/B,Harlem Avenue/Ramp From I-290 E/B,,Traffic Signal,Functioning Properly,Y,2,41.8736441,-87.8045259,ok,Partial Access Control,None,03-25-34717,2025,0,28,3,50000andOVER,9,4295,Oak Park,C,(UNK),None,16,28,13390357,12,Cook,0,25,None,None,7,N,No,(UNK),202501431097,None,5,0.20999999,Y,W,10,F,(UNK),298638,(N/A),(UNK),No Defects,1,2,InterState,1,290,X004086117,Not Toll,73,3,4,T-Intersection,15,2939912.01932734,1905333.38299476,41.87363628,-87.80452007,On Scene,Urban,2,N,(N/A),Y,(N/A)
2025,2025-12-31,Wednesday,23,11:05 PM,Property Damage,No Injuries,0,0,0,0,0,3,Sideswipe Same Direction,12,N,N,Failing to Reduce Speed to Avoid Crash,Improper Lane Usage,Darkness / Lighted Road,Clear,Dry,N,(N/A),I-290,(N/A),,Other,Functioning Properly,Y,3,41.8733637,-87.8030396,ok,Partial Access Control,None,03-25-35196,2025,0,28,20,50000andOVER,9,4295,Oak Park,C,(UNK),None,16,31,13390396,12,Cook,0,25,None,None,3,N,No,(UNK),202501431119,None,5,7.76999998,Y,E,416,F,(UNK),298658,(N/A),(UNK),No Defects,1,1,InterState,1,290,X004086155,Not Toll,73,13,4,Divided With Median Barrier,3,2940319.65531694,1905242.35724151,41.8733559,-87.80303376,On Scene,Urban,1,N,(N/A),Y,(N/A)
2025,2025-12-29,Monday,18,06:00 PM,Property Damage,No Injuries,0,0,0,0,0,1,Parked Motor Vehicle,9,N,N,Driving Skills/Knowledge/Experience,(N/A),Unknown,Unknown,Unknown,N,(N/A),N Marion St,(N/A),411,Stop Sign,Functioning Properly,N,2,41.89306,-87.80276,ok,(UNK),None,2507225,2025,0,15,99,50000andOVER,9,4295,Oak Park,C,(UNK),None,16,29,13391038,12,Cook,0,25,None,None,1,N,No,Free Flow,202501431499,None,9,0,N,,,,(UNK),298922,(N/A),(UNK),No Defects,1,9,Local Road or Street,7,0,X004086742,Not Toll,,2,4,Not Divided,1,2940197.9797004,1912422.13002023,41.89306,-87.80276,Not on Scene (Desk R,Urban,9,N,(N/A),Y,(N/A)
2025,2025-12-31,Wednesday,12,12:21 PM,Property Damage,No Injuries,0,0,0,0,0,1,Parked Motor Vehicle,9,N,N,Failing to Reduce Speed to Avoid Crash,Unable to Determine,Daylight,Snow,Wet,N,(N/A),Washington Blvd,(N/A),950,Traffic Signal,Functioning Properly,Y,2,41.8815,-87.79936,ok,(UNK),None,2507228,2025,0,28,18,50000andOVER,9,4295,Oak Park,C,(UNK),None,16,31,13391039,12,Cook,0,25,None,None,3,N,No,Free Flow,202501431501,None,1,0.28,N,,,,(UNK),298923,(N/A),(UNK),No Defects,1,2,Major Collector,5,5,X004086743,Not Toll,,3,4,Not Divided,1,2941240.02237017,1908234.98956388,41.8815,-87.79936,On Scene,Urban,3,N,(N/A),Y,(N/A)
2025,2025-12-02,Tuesday,15,03:00 PM,Property Damage,No Injuries,0,0,0,0,0,2,Front to Rear,11,N,N,Failing to Reduce Speed to Avoid Crash,(N/A),Daylight,Snow,Snow or Slush,N,(N/A),N Harlem Ave,(N/A),1515,Traffic Signal,Functioning Properly,N,2,41.9077972,-87.8057433,ok,(UNK),None,2600231,2026,0,28,99,50000andOVER,9,4295,Oak Park,C,(UNK),None,16,2,13404315,12,Cook,0,25,None,None,2,N,No,Stopped,202501435317,None,1,17.72999954,Y,,,,(UNK),301545,(N/A),(UNK),No Defects,1,3,Other Principal Arterial,3,348,X004098056,Not Toll,73,3,4,Divided - w/median (not raised),2,2939237.80534338,1917770.25314398,41.90778931,-87.80573748,Not on Scene (Desk R,Urban,3,N,(N/A),Y,(N/A)
2025,2025-09-03,Wednesday,14,02:27 PM,Property Damage,No Injuries,0,0,0,0,0,2,Angle,15,N,N,Unable to Determine,Unable to Determine,Daylight,Clear,Dry,Y,Oak P,Chicago Ave,Chicago Ave/Oak Park Ave,,Unknown,Unknown,N,2,41.8944187,-87.7946758,ok,(UNK),None,2504805,2025,0,18,18,50000andOVER,9,4295,Oak Park,C,(UNK),None,16,3,13423272,9,Cook,0,25,None,None,3,N,No,Free Flow,202501436608,None,1,3.0999999,N,,,,(UNK),302275,(N/A),(UNK),No Defects,1,1,Minor Arterial,4,1398,X004115033,Not Toll,73,99,9,Not Divided,1,2942385.47733928,1912978.03871538,41.89441083,-87.79467001,On Scene,Urban,1,N,(N/A),Y,(N/A)
2025,2025-11-24,Monday,23,11:57 PM,Property Damage,No Injuries,0,0,0,0,0,1,Parked Motor Vehicle,9,N,N,Unable to Determine,(N/A),Darkness / Lighted Road,Clear,Dry,N,(N/A),S Oak Park Ave,(N/A),421,No Controls,No Controls,Y,2,41.88086,-87.79426,ok,(UNK),None,2506560,2026,0,18,99,50000andOVER,9,4295,Oak Park,C,(UNK),None,16,24,13432369,11,Cook,0,25,None,None,1,N,No,Free Flow,202501436765,None,5,0,N,,,,(UNK),302352,(N/A),(UNK),No Defects,1,1,Major Collector,5,0,X004123472,Not Toll,,1,1,Not Divided,1,2942635.37083492,1908040.13521839,41.88086,-87.79426,On Scene,Urban,1,N,(N/A),Y,(N/A)
2025,2025-11-30,Sunday,18,06:30 PM,Fatal,Fatal Crash,0,1,0,0,0,1,Pedestrian,1,Y,N,Failing to Yield Right of Way,(N/A),Darkness / Lighted Road,Clear,Dry,Y,South,Harlem Ave,Harlem Ave/South Blvd,,Traffic Signal,Functioning Properly,N,1,41.886712,-87.8049543,ok,(UNK),None,2506633,25,0,2,99,50000andOVER,9,4295,Oak Park,C,(UNK),None,16,30,13442726,11,Cook,4,25,None,None,7,N,No,Free Flow,202501437671,None,5,19.19000053,Y,,,,(UNK),302652,(N/A),(UNK),No Defects,1,1,Other Principal Arterial,3,348,X004119612,Not Toll,73,3,4,Not Divided,1,2939664.21016811,1910092.34442457,41.88670417,-87.80494851,On Scene,Urban,1,N,(N/A),Y,(N/A)